"board","experiment_id","game_index","turn_number","progress","mover","allocation_pattern","regions_used","supply_placements","objective_placements","mixed_layers"
"4x4","uct-0500-self-play","1","1","0.041667","1","2+1","2","3","0","false"
"4x4","uct-0500-self-play","1","2","0.083333","2","1+1+1","3","3","0","false"
"4x4","uct-0500-self-play","1","3","0.125000","1","1+1+1","3","3","0","false"
"4x4","uct-0500-self-play","1","4","0.166667","2","1+1+1","3","3","0","false"
"4x4","uct-0500-self-play","1","5","0.208333","1","1+1+1","3","1","2","true"
"4x4","uct-0500-self-play","1","6","0.250000","2","1+1+1","3","3","0","false"
"4x4","uct-0500-self-play","1","7","0.291667","1","1+1+1","3","1","2","true"
"4x4","uct-0500-self-play","1","8","0.333333","2","1+1+1","3","2","1","true"
"4x4","uct-0500-self-play","1","9","0.375000","1","1+1+1","3","1","2","true"
"4x4","uct-0500-self-play","1","10","0.416667","2","1+1+1","3","2","1","true"
"4x4","uct-0500-self-play","1","11","0.458333","1","1+1+1","3","3","0","false"
"4x4","uct-0500-self-play","1","12","0.500000","2","2+1","2","2","1","true"
"4x4","uct-0500-self-play","1","13","0.541667","1","3","1","1","2","true"
"4x4","uct-0500-self-play","1","14","0.583333","2","1+1+1","3","1","2","true"
"4x4","uct-0500-self-play","1","15","0.625000","1","2+1","2","2","1","true"
"4x4","uct-0500-self-play","1","16","0.666667","2","1+1+1","3","2","1","true"
"4x4","uct-0500-self-play","1","17","0.708333","1","1+1+1","3","2","1","true"
"4x4","uct-0500-self-play","1","18","0.750000","2","3","1","0","3","false"
"4x4","uct-0500-self-play","1","19","0.791667","1","2+1","2","1","2","true"
"4x4","uct-0500-self-play","1","20","0.833333","2","2+1","2","0","3","false"
"4x4","uct-0500-self-play","1","21","0.875000","1","2+1","2","0","3","false"
"4x4","uct-0500-self-play","1","22","0.916667","2","2+1","2","1","2","true"
"4x4","uct-0500-self-play","1","23","0.958333","1","2+1","2","1","2","true"
"4x4","uct-0500-self-play","1","24","1.000000","2","2+1","2","0","3","false"
"4x4","uct-0500-self-play","2","1","0.041667","1","2+1","2","3","0","false"
"4x4","uct-0500-self-play","2","2","0.083333","2","1+1+1","3","3","0","false"
"4x4","uct-0500-self-play","2","3","0.125000","1","1+1+1","3","2","1","true"
"4x4","uct-0500-self-play","2","4","0.166667","2","1+1+1","3","2","1","true"
"4x4","uct-0500-self-play","2","5","0.208333","1","2+1","2","2","1","true"
"4x4","uct-0500-self-play","2","6","0.250000","2","1+1+1","3","2","1","true"
"4x4","uct-0500-self-play","2","7","0.291667","1","1+1+1","3","2","1","true"
"4x4","uct-0500-self-play","2","8","0.333333","2","1+1+1","3","1","2","true"
"4x4","uct-0500-self-play","2","9","0.375000","1","2+1","2","0","3","false"
"4x4","uct-0500-self-play","2","10","0.416667","2","2+1","2","1","2","true"
"4x4","uct-0500-self-play","2","11","0.458333","1","1+1+1","3","1","2","true"
"4x4","uct-0500-self-play","2","12","0.500000","2","1+1+1","3","1","2","true"
"4x4","uct-0500-self-play","2","13","0.541667","1","1+1+1","3","2","1","true"
"4x4","uct-0500-self-play","2","14","0.583333","2","1+1+1","3","1","2","true"
"4x4","uct-0500-self-play","2","15","0.625000","1","1+1+1","3","2","1","true"
"4x4","uct-0500-self-play","2","16","0.666667","2","1+1+1","3","0","3","false"
"4x4","uct-0500-self-play","2","17","0.708333","1","2+1","2","0","3","false"
"4x4","uct-0500-self-play","2","18","0.750000","2","2+1","2","1","2","true"
"4x4","uct-0500-self-play","2","19","0.791667","1","1+1+1","3","0","3","false"
"4x4","uct-0500-self-play","2","20","0.833333","2","1+1+1","3","1","2","true"
"4x4","uct-0500-self-play","2","21","0.875000","1","1+1+1","3","1","2","true"
"4x4","uct-0500-self-play","2","22","0.916667","2","2+1","2","0","3","false"
"4x4","uct-0500-self-play","2","23","0.958333","1","1+1+1","3","0","3","false"
"4x4","uct-0500-self-play","2","24","1.000000","2","1+1+1","3","2","1","true"
"4x4","uct-0500-self-play","3","1","0.041667","1","1+1+1","3","3","0","false"
"4x4","uct-0500-self-play","3","2","0.083333","2","2+1","2","3","0","false"
"4x4","uct-0500-self-play","3","3","0.125000","1","1+1+1","3","1","2","true"
"4x4","uct-0500-self-play","3","4","0.166667","2","2+1","2","2","1","true"
"4x4","uct-0500-self-play","3","5","0.208333","1","2+1","2","2","1","true"
"4x4","uct-0500-self-play","3","6","0.250000","2","1+1+1","3","1","2","true"
"4x4","uct-0500-self-play","3","7","0.291667","1","1+1+1","3","0","3","false"
"4x4","uct-0500-self-play","3","8","0.333333","2","1+1+1","3","1","2","true"
"4x4","uct-0500-self-play","3","9","0.375000","1","1+1+1","3","1","2","true"
"4x4","uct-0500-self-play","3","10","0.416667","2","1+1+1","3","2","1","true"
"4x4","uct-0500-self-play","3","11","0.458333","1","1+1+1","3","2","1","true"
"4x4","uct-0500-self-play","3","12","0.500000","2","2+1","2","1","2","true"
"4x4","uct-0500-self-play","3","13","0.541667","1","2+1","2","0","3","false"
"4x4","uct-0500-self-play","3","14","0.583333","2","1+1+1","3","0","3","false"
"4x4","uct-0500-self-play","3","15","0.625000","1","1+1+1","3","1","2","true"
"4x4","uct-0500-self-play","3","16","0.666667","2","1+1+1","3","0","3","false"
"4x4","uct-0500-self-play","3","17","0.708333","1","2+1","2","1","2","true"
"4x4","uct-0500-self-play","3","18","0.750000","2","2+1","2","0","3","false"
"4x4","uct-0500-self-play","3","19","0.791667","1","1+1+1","3","1","2","true"
"4x4","uct-0500-self-play","3","20","0.833333","2","1+1+1","3","0","3","false"
"4x4","uct-0500-self-play","3","21","0.875000","1","1+1+1","3","0","3","false"
"4x4","uct-0500-self-play","3","22","0.916667","2","1+1+1","3","1","2","true"
"4x4","uct-0500-self-play","3","23","0.958333","1","1+1+1","3","1","2","true"
"4x4","uct-0500-self-play","3","24","1.000000","2","2+1","2","2","1","true"
"4x4","uct-0500-self-play","4","1","0.041667","1","1+1+1","3","3","0","false"
"4x4","uct-0500-self-play","4","2","0.083333","2","1+1+1","3","3","0","false"
"4x4","uct-0500-self-play","4","3","0.125000","1","1+1+1","3","1","2","true"
"4x4","uct-0500-self-play","4","4","0.166667","2","2+1","2","2","1","true"
"4x4","uct-0500-self-play","4","5","0.208333","1","1+1+1","3","2","1","true"
"4x4","uct-0500-self-play","4","6","0.250000","2","2+1","2","0","3","false"
"4x4","uct-0500-self-play","4","7","0.291667","1","2+1","2","0","3","false"
"4x4","uct-0500-self-play","4","8","0.333333","2","1+1+1","3","2","1","true"
"4x4","uct-0500-self-play","4","9","0.375000","1","1+1+1","3","1","2","true"
"4x4","uct-0500-self-play","4","10","0.416667","2","2+1","2","1","2","true"
"4x4","uct-0500-self-play","4","11","0.458333","1","2+1","2","0","3","false"
"4x4","uct-0500-self-play","4","12","0.500000","2","1+1+1","3","1","2","true"
"4x4","uct-0500-self-play","4","13","0.541667","1","1+1+1","3","1","2","true"
"4x4","uct-0500-self-play","4","14","0.583333","2","1+1+1","3","0","3","false"
"4x4","uct-0500-self-play","4","15","0.625000","1","1+1+1","3","2","1","true"
"4x4","uct-0500-self-play","4","16","0.666667","2","1+1+1","3","2","1","true"
"4x4","uct-0500-self-play","4","17","0.708333","1","1+1+1","3","1","2","true"
"4x4","uct-0500-self-play","4","18","0.750000","2","1+1+1","3","1","2","true"
"4x4","uct-0500-self-play","4","19","0.791667","1","2+1","2","1","2","true"
"4x4","uct-0500-self-play","4","20","0.833333","2","1+1+1","3","2","1","true"
"4x4","uct-0500-self-play","4","21","0.875000","1","1+1+1","3","3","0","false"
"4x4","uct-0500-self-play","4","22","0.916667","2","1+1+1","3","0","3","false"
"4x4","uct-0500-self-play","4","23","0.958333","1","1+1+1","3","0","3","false"
"4x4","uct-0500-self-play","4","24","1.000000","2","2+1","2","1","2","true"
"4x4","uct-0500-self-play","5","1","0.041667","1","1+1+1","3","3","0","false"
"4x4","uct-0500-self-play","5","2","0.083333","2","1+1+1","3","3","0","false"
"4x4","uct-0500-self-play","5","3","0.125000","1","1+1+1","3","1","2","true"
"4x4","uct-0500-self-play","5","4","0.166667","2","1+1+1","3","3","0","false"
"4x4","uct-0500-self-play","5","5","0.208333","1","2+1","2","0","3","false"
"4x4","uct-0500-self-play","5","6","0.250000","2","1+1+1","3","1","2","true"
"4x4","uct-0500-self-play","5","7","0.291667","1","1+1+1","3","1","2","true"
"4x4","uct-0500-self-play","5","8","0.333333","2","1+1+1","3","0","3","false"
"4x4","uct-0500-self-play","5","9","0.375000","1","1+1+1","3","2","1","true"
"4x4","uct-0500-self-play","5","10","0.416667","2","1+1+1","3","1","2","true"
"4x4","uct-0500-self-play","5","11","0.458333","1","1+1+1","3","3","0","false"
"4x4","uct-0500-self-play","5","12","0.500000","2","1+1+1","3","2","1","true"
"4x4","uct-0500-self-play","5","13","0.541667","1","1+1+1","3","2","1","true"
"4x4","uct-0500-self-play","5","14","0.583333","2","2+1","2","1","2","true"
"4x4","uct-0500-self-play","5","15","0.625000","1","1+1+1","3","1","2","true"
"4x4","uct-0500-self-play","5","16","0.666667","2","1+1+1","3","1","2","true"
"4x4","uct-0500-self-play","5","17","0.708333","1","2+1","2","2","1","true"
"4x4","uct-0500-self-play","5","18","0.750000","2","1+1+1","3","0","3","false"
"4x4","uct-0500-self-play","5","19","0.791667","1","1+1+1","3","0","3","false"
"4x4","uct-0500-self-play","5","20","0.833333","2","2+1","2","0","3","false"
"4x4","uct-0500-self-play","5","21","0.875000","1","3","1","0","3","false"
"4x4","uct-0500-self-play","5","22","0.916667","2","2+1","2","2","1","true"
"4x4","uct-0500-self-play","5","23","0.958333","1","2+1","2","1","2","true"
"4x4","uct-0500-self-play","5","24","1.000000","2","2+1","2","1","2","true"
"4x4","uct-0500-self-play","6","1","0.041667","1","1+1+1","3","3","0","false"
"4x4","uct-0500-self-play","6","2","0.083333","2","1+1+1","3","3","0","false"
"4x4","uct-0500-self-play","6","3","0.125000","1","1+1+1","3","1","2","true"
"4x4","uct-0500-self-play","6","4","0.166667","2","1+1+1","3","1","2","true"
"4x4","uct-0500-self-play","6","5","0.208333","1","1+1+1","3","2","1","true"
"4x4","uct-0500-self-play","6","6","0.250000","2","1+1+1","3","2","1","true"
"4x4","uct-0500-self-play","6","7","0.291667","1","1+1+1","3","1","2","true"
"4x4","uct-0500-self-play","6","8","0.333333","2","2+1","2","0","3","false"
"4x4","uct-0500-self-play","6","9","0.375000","1","1+1+1","3","1","2","true"
"4x4","uct-0500-self-play","6","10","0.416667","2","1+1+1","3","1","2","true"
"4x4","uct-0500-self-play","6","11","0.458333","1","1+1+1","3","0","3","false"
"4x4","uct-0500-self-play","6","12","0.500000","2","1+1+1","3","1","2","true"
"4x4","uct-0500-self-play","6","13","0.541667","1","1+1+1","3","3","0","false"
"4x4","uct-0500-self-play","6","14","0.583333","2","1+1+1","3","2","1","true"
"4x4","uct-0500-self-play","6","15","0.625000","1","1+1+1","3","1","2","true"
"4x4","uct-0500-self-play","6","16","0.666667","2","1+1+1","3","2","1","true"
"4x4","uct-0500-self-play","6","17","0.708333","1","2+1","2","1","2","true"
"4x4","uct-0500-self-play","6","18","0.750000","2","2+1","2","1","2","true"
"4x4","uct-0500-self-play","6","19","0.791667","1","2+1","2","1","2","true"
"4x4","uct-0500-self-play","6","20","0.833333","2","1+1+1","3","2","1","true"
"4x4","uct-0500-self-play","6","21","0.875000","1","1+1+1","3","2","1","true"
"4x4","uct-0500-self-play","6","22","0.916667","2","1+1+1","3","2","1","true"
"4x4","uct-0500-self-play","6","23","0.958333","1","2+1","2","1","2","true"
"4x4","uct-0500-self-play","6","24","1.000000","2","1+1+1","3","0","3","false"
"4x4","uct-0500-self-play","7","1","0.041667","1","2+1","2","3","0","false"
"4x4","uct-0500-self-play","7","2","0.083333","2","3","1","3","0","false"
"4x4","uct-0500-self-play","7","3","0.125000","1","1+1+1","3","2","1","true"
"4x4","uct-0500-self-play","7","4","0.166667","2","1+1+1","3","2","1","true"
"4x4","uct-0500-self-play","7","5","0.208333","1","1+1+1","3","1","2","true"
"4x4","uct-0500-self-play","7","6","0.250000","2","2+1","2","1","2","true"
"4x4","uct-0500-self-play","7","7","0.291667","1","1+1+1","3","2","1","true"
"4x4","uct-0500-self-play","7","8","0.333333","2","1+1+1","3","0","3","false"
"4x4","uct-0500-self-play","7","9","0.375000","1","1+1+1","3","2","1","true"
"4x4","uct-0500-self-play","7","10","0.416667","2","2+1","2","1","2","true"
"4x4","uct-0500-self-play","7","11","0.458333","1","2+1","2","1","2","true"
"4x4","uct-0500-self-play","7","12","0.500000","2","1+1+1","3","2","1","true"
"4x4","uct-0500-self-play","7","13","0.541667","1","2+1","2","0","3","false"
"4x4","uct-0500-self-play","7","14","0.583333","2","1+1+1","3","3","0","false"
"4x4","uct-0500-self-play","7","15","0.625000","1","1+1+1","3","1","2","true"
"4x4","uct-0500-self-play","7","16","0.666667","2","1+1+1","3","2","1","true"
"4x4","uct-0500-self-play","7","17","0.708333","1","2+1","2","1","2","true"
"4x4","uct-0500-self-play","7","18","0.750000","2","3","1","0","3","false"
"4x4","uct-0500-self-play","7","19","0.791667","1","2+1","2","0","3","false"
"4x4","uct-0500-self-play","7","20","0.833333","2","2+1","2","0","3","false"
"4x4","uct-0500-self-play","7","21","0.875000","1","2+1","2","1","2","true"
"4x4","uct-0500-self-play","7","22","0.916667","2","1+1+1","3","1","2","true"
"4x4","uct-0500-self-play","7","23","0.958333","1","1+1+1","3","1","2","true"
"4x4","uct-0500-self-play","7","24","1.000000","2","2+1","2","0","3","false"
"4x4","uct-0500-self-play","8","1","0.041667","1","1+1+1","3","3","0","false"
"4x4","uct-0500-self-play","8","2","0.083333","2","1+1+1","3","3","0","false"
"4x4","uct-0500-self-play","8","3","0.125000","1","2+1","2","2","1","true"
"4x4","uct-0500-self-play","8","4","0.166667","2","1+1+1","3","1","2","true"
"4x4","uct-0500-self-play","8","5","0.208333","1","1+1+1","3","2","1","true"
"4x4","uct-0500-self-play","8","6","0.250000","2","1+1+1","3","1","2","true"
"4x4","uct-0500-self-play","8","7","0.291667","1","2+1","2","0","3","false"
"4x4","uct-0500-self-play","8","8","0.333333","2","1+1+1","3","2","1","true"
"4x4","uct-0500-self-play","8","9","0.375000","1","1+1+1","3","1","2","true"
"4x4","uct-0500-self-play","8","10","0.416667","2","1+1+1","3","1","2","true"
"4x4","uct-0500-self-play","8","11","0.458333","1","2+1","2","1","2","true"
"4x4","uct-0500-self-play","8","12","0.500000","2","1+1+1","3","1","2","true"
"4x4","uct-0500-self-play","8","13","0.541667","1","1+1+1","3","0","3","false"
"4x4","uct-0500-self-play","8","14","0.583333","2","1+1+1","3","0","3","false"
"4x4","uct-0500-self-play","8","15","0.625000","1","2+1","2","0","3","false"
"4x4","uct-0500-self-play","8","16","0.666667","2","1+1+1","3","0","3","false"
"4x4","uct-0500-self-play","8","17","0.708333","1","2+1","2","1","2","true"
"4x4","uct-0500-self-play","8","18","0.750000","2","2+1","2","2","1","true"
"4x4","uct-0500-self-play","8","19","0.791667","1","1+1+1","3","3","0","false"
"4x4","uct-0500-self-play","8","20","0.833333","2","1+1+1","3","0","3","false"
"4x4","uct-0500-self-play","8","21","0.875000","1","1+1+1","3","1","2","true"
"4x4","uct-0500-self-play","8","22","0.916667","2","2+1","2","0","3","false"
"4x4","uct-0500-self-play","8","23","0.958333","1","2+1","2","0","3","false"
"4x4","uct-0500-self-play","8","24","1.000000","2","1+1+1","3","3","0","false"
"4x4","uct-0500-self-play","9","1","0.041667","1","1+1+1","3","3","0","false"
"4x4","uct-0500-self-play","9","2","0.083333","2","1+1+1","3","3","0","false"
"4x4","uct-0500-self-play","9","3","0.125000","1","1+1+1","3","2","1","true"
"4x4","uct-0500-self-play","9","4","0.166667","2","2+1","2","3","0","false"
"4x4","uct-0500-self-play","9","5","0.208333","1","1+1+1","3","2","1","true"
"4x4","uct-0500-self-play","9","6","0.250000","2","2+1","2","3","0","false"
"4x4","uct-0500-self-play","9","7","0.291667","1","1+1+1","3","2","1","true"
"4x4","uct-0500-self-play","9","8","0.333333","2","2+1","2","1","2","true"
"4x4","uct-0500-self-play","9","9","0.375000","1","1+1+1","3","1","2","true"
"4x4","uct-0500-self-play","9","10","0.416667","2","2+1","2","0","3","false"
"4x4","uct-0500-self-play","9","11","0.458333","1","2+1","2","0","3","false"
"4x4","uct-0500-self-play","9","12","0.500000","2","1+1+1","3","1","2","true"
"4x4","uct-0500-self-play","9","13","0.541667","1","1+1+1","3","1","2","true"
"4x4","uct-0500-self-play","9","14","0.583333","2","2+1","2","1","2","true"
"4x4","uct-0500-self-play","9","15","0.625000","1","2+1","2","2","1","true"
"4x4","uct-0500-self-play","9","16","0.666667","2","2+1","2","1","2","true"
"4x4","uct-0500-self-play","9","17","0.708333","1","2+1","2","0","3","false"
"4x4","uct-0500-self-play","9","18","0.750000","2","1+1+1","3","2","1","true"
"4x4","uct-0500-self-play","9","19","0.791667","1","1+1+1","3","2","1","true"
"4x4","uct-0500-self-play","9","20","0.833333","2","1+1+1","3","2","1","true"
"4x4","uct-0500-self-play","9","21","0.875000","1","1+1+1","3","1","2","true"
"4x4","uct-0500-self-play","9","22","0.916667","2","1+1+1","3","3","0","false"
"4x4","uct-0500-self-play","9","23","0.958333","1","2+1","2","2","1","true"
"4x4","uct-0500-self-play","9","24","1.000000","2","2+1","2","1","2","true"
"4x4","uct-0500-self-play","10","1","0.041667","1","1+1+1","3","3","0","false"
"4x4","uct-0500-self-play","10","2","0.083333","2","2+1","2","3","0","false"
"4x4","uct-0500-self-play","10","3","0.125000","1","2+1","2","2","1","true"
"4x4","uct-0500-self-play","10","4","0.166667","2","1+1+1","3","2","1","true"
"4x4","uct-0500-self-play","10","5","0.208333","1","2+1","2","0","3","false"
"4x4","uct-0500-self-play","10","6","0.250000","2","1+1+1","3","1","2","true"
"4x4","uct-0500-self-play","10","7","0.291667","1","1+1+1","3","1","2","true"
"4x4","uct-0500-self-play","10","8","0.333333","2","1+1+1","3","1","2","true"
"4x4","uct-0500-self-play","10","9","0.375000","1","2+1","2","2","1","true"
"4x4","uct-0500-self-play","10","10","0.416667","2","1+1+1","3","1","2","true"
"4x4","uct-0500-self-play","10","11","0.458333","1","1+1+1","3","0","3","false"
"4x4","uct-0500-self-play","10","12","0.500000","2","1+1+1","3","1","2","true"
"4x4","uct-0500-self-play","10","13","0.541667","1","1+1+1","3","0","3","false"
"4x4","uct-0500-self-play","10","14","0.583333","2","2+1","2","0","3","false"
"4x4","uct-0500-self-play","10","15","0.625000","1","1+1+1","3","2","1","true"
"4x4","uct-0500-self-play","10","16","0.666667","2","2+1","2","0","3","false"
"4x4","uct-0500-self-play","10","17","0.708333","1","1+1+1","3","1","2","true"
"4x4","uct-0500-self-play","10","18","0.750000","2","2+1","2","0","3","false"
"4x4","uct-0500-self-play","10","19","0.791667","1","2+1","2","0","3","false"
"4x4","uct-0500-self-play","10","20","0.833333","2","2+1","2","1","2","true"
"4x4","uct-0500-self-play","10","21","0.875000","1","2+1","2","0","3","false"
"4x4","uct-0500-self-play","10","22","0.916667","2","1+1+1","3","1","2","true"
"4x4","uct-0500-self-play","10","23","0.958333","1","2+1","2","2","1","true"
"4x4","uct-0500-self-play","10","24","1.000000","2","1+1+1","3","3","0","false"
"4x4","uct-0500-self-play","11","1","0.041667","1","2+1","2","3","0","false"
"4x4","uct-0500-self-play","11","2","0.083333","2","2+1","2","3","0","false"
"4x4","uct-0500-self-play","11","3","0.125000","1","1+1+1","3","1","2","true"
"4x4","uct-0500-self-play","11","4","0.166667","2","1+1+1","3","1","2","true"
"4x4","uct-0500-self-play","11","5","0.208333","1","1+1+1","3","1","2","true"
"4x4","uct-0500-self-play","11","6","0.250000","2","1+1+1","3","3","0","false"
"4x4","uct-0500-self-play","11","7","0.291667","1","2+1","2","2","1","true"
"4x4","uct-0500-self-play","11","8","0.333333","2","1+1+1","3","0","3","false"
"4x4","uct-0500-self-play","11","9","0.375000","1","1+1+1","3","1","2","true"
"4x4","uct-0500-self-play","11","10","0.416667","2","2+1","2","0","3","false"
"4x4","uct-0500-self-play","11","11","0.458333","1","2+1","2","1","2","true"
"4x4","uct-0500-self-play","11","12","0.500000","2","2+1","2","0","3","false"
"4x4","uct-0500-self-play","11","13","0.541667","1","1+1+1","3","0","3","false"
"4x4","uct-0500-self-play","11","14","0.583333","2","2+1","2","0","3","false"
"4x4","uct-0500-self-play","11","15","0.625000","1","1+1+1","3","1","2","true"
"4x4","uct-0500-self-play","11","16","0.666667","2","1+1+1","3","1","2","true"
"4x4","uct-0500-self-play","11","17","0.708333","1","2+1","2","0","3","false"
"4x4","uct-0500-self-play","11","18","0.750000","2","1+1+1","3","1","2","true"
"4x4","uct-0500-self-play","11","19","0.791667","1","3","1","0","3","false"
"4x4","uct-0500-self-play","11","20","0.833333","2","2+1","2","3","0","false"
"4x4","uct-0500-self-play","11","21","0.875000","1","1+1+1","3","3","0","false"
"4x4","uct-0500-self-play","11","22","0.916667","2","1+1+1","3","1","2","true"
"4x4","uct-0500-self-play","11","23","0.958333","1","2+1","2","3","0","false"
"4x4","uct-0500-self-play","11","24","1.000000","2","2+1","2","3","0","false"
"4x4","uct-0500-self-play","12","1","0.041667","1","1+1+1","3","3","0","false"
"4x4","uct-0500-self-play","12","2","0.083333","2","1+1+1","3","3","0","false"
"4x4","uct-0500-self-play","12","3","0.125000","1","1+1+1","3","2","1","true"
"4x4","uct-0500-self-play","12","4","0.166667","2","1+1+1","3","3","0","false"
"4x4","uct-0500-self-play","12","5","0.208333","1","1+1+1","3","1","2","true"
"4x4","uct-0500-self-play","12","6","0.250000","2","1+1+1","3","1","2","true"
"4x4","uct-0500-self-play","12","7","0.291667","1","2+1","2","1","2","true"
"4x4","uct-0500-self-play","12","8","0.333333","2","1+1+1","3","2","1","true"
"4x4","uct-0500-self-play","12","9","0.375000","1","2+1","2","0","3","false"
"4x4","uct-0500-self-play","12","10","0.416667","2","1+1+1","3","2","1","true"
"4x4","uct-0500-self-play","12","11","0.458333","1","2+1","2","3","0","false"
"4x4","uct-0500-self-play","12","12","0.500000","2","1+1+1","3","0","3","false"
"4x4","uct-0500-self-play","12","13","0.541667","1","2+1","2","1","2","true"
"4x4","uct-0500-self-play","12","14","0.583333","2","2+1","2","0","3","false"
"4x4","uct-0500-self-play","12","15","0.625000","1","1+1+1","3","0","3","false"
"4x4","uct-0500-self-play","12","16","0.666667","2","2+1","2","0","3","false"
"4x4","uct-0500-self-play","12","17","0.708333","1","1+1+1","3","1","2","true"
"4x4","uct-0500-self-play","12","18","0.750000","2","1+1+1","3","2","1","true"
"4x4","uct-0500-self-play","12","19","0.791667","1","2+1","2","1","2","true"
"4x4","uct-0500-self-play","12","20","0.833333","2","1+1+1","3","1","2","true"
"4x4","uct-0500-self-play","12","21","0.875000","1","1+1+1","3","2","1","true"
"4x4","uct-0500-self-play","12","22","0.916667","2","2+1","2","0","3","false"
"4x4","uct-0500-self-play","12","23","0.958333","1","1+1+1","3","3","0","false"
"4x4","uct-0500-self-play","12","24","1.000000","2","1+1+1","3","2","1","true"
"4x4","uct-0500-self-play","13","1","0.041667","1","2+1","2","3","0","false"
"4x4","uct-0500-self-play","13","2","0.083333","2","1+1+1","3","3","0","false"
"4x4","uct-0500-self-play","13","3","0.125000","1","2+1","2","2","1","true"
"4x4","uct-0500-self-play","13","4","0.166667","2","1+1+1","3","2","1","true"
"4x4","uct-0500-self-play","13","5","0.208333","1","1+1+1","3","2","1","true"
"4x4","uct-0500-self-play","13","6","0.250000","2","2+1","2","2","1","true"
"4x4","uct-0500-self-play","13","7","0.291667","1","1+1+1","3","2","1","true"
"4x4","uct-0500-self-play","13","8","0.333333","2","2+1","2","1","2","true"
"4x4","uct-0500-self-play","13","9","0.375000","1","1+1+1","3","1","2","true"
"4x4","uct-0500-self-play","13","10","0.416667","2","1+1+1","3","1","2","true"
"4x4","uct-0500-self-play","13","11","0.458333","1","2+1","2","2","1","true"
"4x4","uct-0500-self-play","13","12","0.500000","2","2+1","2","2","1","true"
"4x4","uct-0500-self-play","13","13","0.541667","1","1+1+1","3","3","0","false"
"4x4","uct-0500-self-play","13","14","0.583333","2","1+1+1","3","1","2","true"
"4x4","uct-0500-self-play","13","15","0.625000","1","1+1+1","3","2","1","true"
"4x4","uct-0500-self-play","13","16","0.666667","2","1+1+1","3","2","1","true"
"4x4","uct-0500-self-play","13","17","0.708333","1","2+1","2","0","3","false"
"4x4","uct-0500-self-play","13","18","0.750000","2","2+1","2","1","2","true"
"4x4","uct-0500-self-play","13","19","0.791667","1","1+1+1","3","0","3","false"
"4x4","uct-0500-self-play","13","20","0.833333","2","1+1+1","3","0","3","false"
"4x4","uct-0500-self-play","13","21","0.875000","1","2+1","2","0","3","false"
"4x4","uct-0500-self-play","13","22","0.916667","2","2+1","2","1","2","true"
"4x4","uct-0500-self-play","13","23","0.958333","1","1+1+1","3","2","1","true"
"4x4","uct-0500-self-play","13","24","1.000000","2","1+1+1","3","1","2","true"
"4x4","uct-0500-self-play","14","1","0.041667","1","1+1+1","3","3","0","false"
"4x4","uct-0500-self-play","14","2","0.083333","2","1+1+1","3","3","0","false"
"4x4","uct-0500-self-play","14","3","0.125000","1","1+1+1","3","2","1","true"
"4x4","uct-0500-self-play","14","4","0.166667","2","1+1+1","3","1","2","true"
"4x4","uct-0500-self-play","14","5","0.208333","1","1+1+1","3","1","2","true"
"4x4","uct-0500-self-play","14","6","0.250000","2","2+1","2","2","1","true"
"4x4","uct-0500-self-play","14","7","0.291667","1","1+1+1","3","1","2","true"
"4x4","uct-0500-self-play","14","8","0.333333","2","2+1","2","1","2","true"
"4x4","uct-0500-self-play","14","9","0.375000","1","1+1+1","3","1","2","true"
"4x4","uct-0500-self-play","14","10","0.416667","2","1+1+1","3","2","1","true"
"4x4","uct-0500-self-play","14","11","0.458333","1","1+1+1","3","2","1","true"
"4x4","uct-0500-self-play","14","12","0.500000","2","1+1+1","3","3","0","false"
"4x4","uct-0500-self-play","14","13","0.541667","1","1+1+1","3","1","2","true"
"4x4","uct-0500-self-play","14","14","0.583333","2","1+1+1","3","1","2","true"
"4x4","uct-0500-self-play","14","15","0.625000","1","1+1+1","3","1","2","true"
"4x4","uct-0500-self-play","14","16","0.666667","2","1+1+1","3","0","3","false"
"4x4","uct-0500-self-play","14","17","0.708333","1","2+1","2","1","2","true"
"4x4","uct-0500-self-play","14","18","0.750000","2","2+1","2","0","3","false"
"4x4","uct-0500-self-play","14","19","0.791667","1","1+1+1","3","0","3","false"
"4x4","uct-0500-self-play","14","20","0.833333","2","1+1+1","3","1","2","true"
"4x4","uct-0500-self-play","14","21","0.875000","1","2+1","2","2","1","true"
"4x4","uct-0500-self-play","14","22","0.916667","2","2+1","2","0","3","false"
"4x4","uct-0500-self-play","14","23","0.958333","1","1+1+1","3","0","3","false"
"4x4","uct-0500-self-play","14","24","1.000000","2","2+1","2","2","1","true"
"4x4","uct-0500-self-play","15","1","0.041667","1","2+1","2","3","0","false"
"4x4","uct-0500-self-play","15","2","0.083333","2","1+1+1","3","3","0","false"
"4x4","uct-0500-self-play","15","3","0.125000","1","1+1+1","3","1","2","true"
"4x4","uct-0500-self-play","15","4","0.166667","2","1+1+1","3","2","1","true"
"4x4","uct-0500-self-play","15","5","0.208333","1","1+1+1","3","2","1","true"
"4x4","uct-0500-self-play","15","6","0.250000","2","1+1+1","3","1","2","true"
"4x4","uct-0500-self-play","15","7","0.291667","1","1+1+1","3","2","1","true"
"4x4","uct-0500-self-play","15","8","0.333333","2","1+1+1","3","2","1","true"
"4x4","uct-0500-self-play","15","9","0.375000","1","2+1","2","0","3","false"
"4x4","uct-0500-self-play","15","10","0.416667","2","1+1+1","3","2","1","true"
"4x4","uct-0500-self-play","15","11","0.458333","1","2+1","2","1","2","true"
"4x4","uct-0500-self-play","15","12","0.500000","2","2+1","2","0","3","false"
"4x4","uct-0500-self-play","15","13","0.541667","1","1+1+1","3","2","1","true"
"4x4","uct-0500-self-play","15","14","0.583333","2","1+1+1","3","0","3","false"
"4x4","uct-0500-self-play","15","15","0.625000","1","3","1","0","3","false"
"4x4","uct-0500-self-play","15","16","0.666667","2","2+1","2","1","2","true"
"4x4","uct-0500-self-play","15","17","0.708333","1","1+1+1","3","1","2","true"
"4x4","uct-0500-self-play","15","18","0.750000","2","2+1","2","0","3","false"
"4x4","uct-0500-self-play","15","19","0.791667","1","2+1","2","1","2","true"
"4x4","uct-0500-self-play","15","20","0.833333","2","1+1+1","3","2","1","true"
"4x4","uct-0500-self-play","15","21","0.875000","1","1+1+1","3","1","2","true"
"4x4","uct-0500-self-play","15","22","0.916667","2","2+1","2","1","2","true"
"4x4","uct-0500-self-play","15","23","0.958333","1","1+1+1","3","2","1","true"
"4x4","uct-0500-self-play","15","24","1.000000","2","1+1+1","3","2","1","true"
"4x4","uct-0500-self-play","16","1","0.041667","1","1+1+1","3","3","0","false"
"4x4","uct-0500-self-play","16","2","0.083333","2","2+1","2","3","0","false"
"4x4","uct-0500-self-play","16","3","0.125000","1","1+1+1","3","2","1","true"
"4x4","uct-0500-self-play","16","4","0.166667","2","2+1","2","0","3","false"
"4x4","uct-0500-self-play","16","5","0.208333","1","1+1+1","3","0","3","false"
"4x4","uct-0500-self-play","16","6","0.250000","2","1+1+1","3","2","1","true"
"4x4","uct-0500-self-play","16","7","0.291667","1","2+1","2","0","3","false"
"4x4","uct-0500-self-play","16","8","0.333333","2","2+1","2","1","2","true"
"4x4","uct-0500-self-play","16","9","0.375000","1","2+1","2","0","3","false"
"4x4","uct-0500-self-play","16","10","0.416667","2","2+1","2","0","3","false"
"4x4","uct-0500-self-play","16","11","0.458333","1","1+1+1","3","1","2","true"
"4x4","uct-0500-self-play","16","12","0.500000","2","1+1+1","3","1","2","true"
"4x4","uct-0500-self-play","16","13","0.541667","1","1+1+1","3","0","3","false"
"4x4","uct-0500-self-play","16","14","0.583333","2","2+1","2","2","1","true"
"4x4","uct-0500-self-play","16","15","0.625000","1","1+1+1","3","3","0","false"
"4x4","uct-0500-self-play","16","16","0.666667","2","1+1+1","3","1","2","true"
"4x4","uct-0500-self-play","16","17","0.708333","1","1+1+1","3","2","1","true"
"4x4","uct-0500-self-play","16","18","0.750000","2","1+1+1","3","1","2","true"
"4x4","uct-0500-self-play","16","19","0.791667","1","1+1+1","3","1","2","true"
"4x4","uct-0500-self-play","16","20","0.833333","2","2+1","2","1","2","true"
"4x4","uct-0500-self-play","16","21","0.875000","1","1+1+1","3","1","2","true"
"4x4","uct-0500-self-play","16","22","0.916667","2","1+1+1","3","1","2","true"
"4x4","uct-0500-self-play","16","23","0.958333","1","2+1","2","1","2","true"
"4x4","uct-0500-self-play","16","24","1.000000","2","1+1+1","3","1","2","true"
"4x4","uct-0500-self-play","17","1","0.041667","1","1+1+1","3","3","0","false"
"4x4","uct-0500-self-play","17","2","0.083333","2","1+1+1","3","3","0","false"
"4x4","uct-0500-self-play","17","3","0.125000","1","2+1","2","1","2","true"
"4x4","uct-0500-self-play","17","4","0.166667","2","1+1+1","3","2","1","true"
"4x4","uct-0500-self-play","17","5","0.208333","1","1+1+1","3","2","1","true"
"4x4","uct-0500-self-play","17","6","0.250000","2","1+1+1","3","1","2","true"
"4x4","uct-0500-self-play","17","7","0.291667","1","1+1+1","3","2","1","true"
"4x4","uct-0500-self-play","17","8","0.333333","2","1+1+1","3","1","2","true"
"4x4","uct-0500-self-play","17","9","0.375000","1","1+1+1","3","3","0","false"
"4x4","uct-0500-self-play","17","10","0.416667","2","1+1+1","3","0","3","false"
"4x4","uct-0500-self-play","17","11","0.458333","1","1+1+1","3","0","3","false"
"4x4","uct-0500-self-play","17","12","0.500000","2","2+1","2","2","1","true"
"4x4","uct-0500-self-play","17","13","0.541667","1","1+1+1","3","0","3","false"
"4x4","uct-0500-self-play","17","14","0.583333","2","1+1+1","3","2","1","true"
"4x4","uct-0500-self-play","17","15","0.625000","1","1+1+1","3","0","3","false"
"4x4","uct-0500-self-play","17","16","0.666667","2","2+1","2","2","1","true"
"4x4","uct-0500-self-play","17","17","0.708333","1","1+1+1","3","2","1","true"
"4x4","uct-0500-self-play","17","18","0.750000","2","1+1+1","3","0","3","false"
"4x4","uct-0500-self-play","17","19","0.791667","1","1+1+1","3","1","2","true"
"4x4","uct-0500-self-play","17","20","0.833333","2","1+1+1","3","1","2","true"
"4x4","uct-0500-self-play","17","21","0.875000","1","1+1+1","3","2","1","true"
"4x4","uct-0500-self-play","17","22","0.916667","2","1+1+1","3","2","1","true"
"4x4","uct-0500-self-play","17","23","0.958333","1","2+1","2","1","2","true"
"4x4","uct-0500-self-play","17","24","1.000000","2","1+1+1","3","1","2","true"
"4x4","uct-0500-self-play","18","1","0.041667","1","1+1+1","3","3","0","false"
"4x4","uct-0500-self-play","18","2","0.083333","2","1+1+1","3","3","0","false"
"4x4","uct-0500-self-play","18","3","0.125000","1","1+1+1","3","2","1","true"
"4x4","uct-0500-self-play","18","4","0.166667","2","2+1","2","1","2","true"
"4x4","uct-0500-self-play","18","5","0.208333","1","2+1","2","1","2","true"
"4x4","uct-0500-self-play","18","6","0.250000","2","1+1+1","3","2","1","true"
"4x4","uct-0500-self-play","18","7","0.291667","1","2+1","2","1","2","true"
"4x4","uct-0500-self-play","18","8","0.333333","2","1+1+1","3","1","2","true"
"4x4","uct-0500-self-play","18","9","0.375000","1","1+1+1","3","0","3","false"
"4x4","uct-0500-self-play","18","10","0.416667","2","1+1+1","3","1","2","true"
"4x4","uct-0500-self-play","18","11","0.458333","1","2+1","2","2","1","true"
"4x4","uct-0500-self-play","18","12","0.500000","2","1+1+1","3","1","2","true"
"4x4","uct-0500-self-play","18","13","0.541667","1","1+1+1","3","0","3","false"
"4x4","uct-0500-self-play","18","14","0.583333","2","1+1+1","3","1","2","true"
"4x4","uct-0500-self-play","18","15","0.625000","1","2+1","2","2","1","true"
"4x4","uct-0500-self-play","18","16","0.666667","2","1+1+1","3","1","2","true"
"4x4","uct-0500-self-play","18","17","0.708333","1","1+1+1","3","1","2","true"
"4x4","uct-0500-self-play","18","18","0.750000","2","2+1","2","0","3","false"
"4x4","uct-0500-self-play","18","19","0.791667","1","2+1","2","0","3","false"
"4x4","uct-0500-self-play","18","20","0.833333","2","2+1","2","0","3","false"
"4x4","uct-0500-self-play","18","21","0.875000","1","2+1","2","0","3","false"
"4x4","uct-0500-self-play","18","22","0.916667","2","1+1+1","3","2","1","true"
"4x4","uct-0500-self-play","18","23","0.958333","1","2+1","2","3","0","false"
"4x4","uct-0500-self-play","18","24","1.000000","2","1+1+1","3","2","1","true"
"4x4","uct-0500-self-play","19","1","0.041667","1","1+1+1","3","3","0","false"
"4x4","uct-0500-self-play","19","2","0.083333","2","2+1","2","3","0","false"
"4x4","uct-0500-self-play","19","3","0.125000","1","1+1+1","3","2","1","true"
"4x4","uct-0500-self-play","19","4","0.166667","2","1+1+1","3","2","1","true"
"4x4","uct-0500-self-play","19","5","0.208333","1","1+1+1","3","0","3","false"
"4x4","uct-0500-self-play","19","6","0.250000","2","2+1","2","1","2","true"
"4x4","uct-0500-self-play","19","7","0.291667","1","1+1+1","3","1","2","true"
"4x4","uct-0500-self-play","19","8","0.333333","2","1+1+1","3","1","2","true"
"4x4","uct-0500-self-play","19","9","0.375000","1","1+1+1","3","1","2","true"
"4x4","uct-0500-self-play","19","10","0.416667","2","2+1","2","1","2","true"
"4x4","uct-0500-self-play","19","11","0.458333","1","1+1+1","3","2","1","true"
"4x4","uct-0500-self-play","19","12","0.500000","2","1+1+1","3","1","2","true"
"4x4","uct-0500-self-play","19","13","0.541667","1","2+1","2","0","3","false"
"4x4","uct-0500-self-play","19","14","0.583333","2","2+1","2","0","3","false"
"4x4","uct-0500-self-play","19","15","0.625000","1","1+1+1","3","0","3","false"
"4x4","uct-0500-self-play","19","16","0.666667","2","1+1+1","3","1","2","true"
"4x4","uct-0500-self-play","19","17","0.708333","1","1+1+1","3","0","3","false"
"4x4","uct-0500-self-play","19","18","0.750000","2","3","1","0","3","false"
"4x4","uct-0500-self-play","19","19","0.791667","1","1+1+1","3","3","0","false"
"4x4","uct-0500-self-play","19","20","0.833333","2","1+1+1","3","2","1","true"
"4x4","uct-0500-self-play","19","21","0.875000","1","1+1+1","3","0","3","false"
"4x4","uct-0500-self-play","19","22","0.916667","2","2+1","2","1","2","true"
"4x4","uct-0500-self-play","19","23","0.958333","1","1+1+1","3","3","0","false"
"4x4","uct-0500-self-play","19","24","1.000000","2","1+1+1","3","3","0","false"
"4x4","uct-0500-self-play","20","1","0.041667","1","2+1","2","3","0","false"
"4x4","uct-0500-self-play","20","2","0.083333","2","1+1+1","3","3","0","false"
"4x4","uct-0500-self-play","20","3","0.125000","1","2+1","2","1","2","true"
"4x4","uct-0500-self-play","20","4","0.166667","2","1+1+1","3","1","2","true"
"4x4","uct-0500-self-play","20","5","0.208333","1","2+1","2","0","3","false"
"4x4","uct-0500-self-play","20","6","0.250000","2","2+1","2","2","1","true"
"4x4","uct-0500-self-play","20","7","0.291667","1","1+1+1","3","0","3","false"
"4x4","uct-0500-self-play","20","8","0.333333","2","1+1+1","3","0","3","false"
"4x4","uct-0500-self-play","20","9","0.375000","1","1+1+1","3","2","1","true"
"4x4","uct-0500-self-play","20","10","0.416667","2","1+1+1","3","1","2","true"
"4x4","uct-0500-self-play","20","11","0.458333","1","1+1+1","3","2","1","true"
"4x4","uct-0500-self-play","20","12","0.500000","2","1+1+1","3","0","3","false"
"4x4","uct-0500-self-play","20","13","0.541667","1","2+1","2","2","1","true"
"4x4","uct-0500-self-play","20","14","0.583333","2","1+1+1","3","2","1","true"
"4x4","uct-0500-self-play","20","15","0.625000","1","1+1+1","3","2","1","true"
"4x4","uct-0500-self-play","20","16","0.666667","2","2+1","2","0","3","false"
"4x4","uct-0500-self-play","20","17","0.708333","1","3","1","1","2","true"
"4x4","uct-0500-self-play","20","18","0.750000","2","1+1+1","3","2","1","true"
"4x4","uct-0500-self-play","20","19","0.791667","1","1+1+1","3","2","1","true"
"4x4","uct-0500-self-play","20","20","0.833333","2","1+1+1","3","2","1","true"
"4x4","uct-0500-self-play","20","21","0.875000","1","1+1+1","3","3","0","false"
"4x4","uct-0500-self-play","20","22","0.916667","2","1+1+1","3","3","0","false"
"4x4","uct-0500-self-play","20","23","0.958333","1","2+1","2","3","0","false"
"4x4","uct-0500-self-play","20","24","1.000000","2","1+1+1","3","2","1","true"
"4x4","uct-0500-self-play","21","1","0.041667","1","1+1+1","3","3","0","false"
"4x4","uct-0500-self-play","21","2","0.083333","2","1+1+1","3","3","0","false"
"4x4","uct-0500-self-play","21","3","0.125000","1","1+1+1","3","3","0","false"
"4x4","uct-0500-self-play","21","4","0.166667","2","1+1+1","3","2","1","true"
"4x4","uct-0500-self-play","21","5","0.208333","1","1+1+1","3","2","1","true"
"4x4","uct-0500-self-play","21","6","0.250000","2","1+1+1","3","2","1","true"
"4x4","uct-0500-self-play","21","7","0.291667","1","1+1+1","3","2","1","true"
"4x4","uct-0500-self-play","21","8","0.333333","2","2+1","2","0","3","false"
"4x4","uct-0500-self-play","21","9","0.375000","1","2+1","2","1","2","true"
"4x4","uct-0500-self-play","21","10","0.416667","2","1+1+1","3","0","3","false"
"4x4","uct-0500-self-play","21","11","0.458333","1","1+1+1","3","0","3","false"
"4x4","uct-0500-self-play","21","12","0.500000","2","1+1+1","3","1","2","true"
"4x4","uct-0500-self-play","21","13","0.541667","1","2+1","2","0","3","false"
"4x4","uct-0500-self-play","21","14","0.583333","2","2+1","2","1","2","true"
"4x4","uct-0500-self-play","21","15","0.625000","1","1+1+1","3","1","2","true"
"4x4","uct-0500-self-play","21","16","0.666667","2","1+1+1","3","1","2","true"
"4x4","uct-0500-self-play","21","17","0.708333","1","2+1","2","0","3","false"
"4x4","uct-0500-self-play","21","18","0.750000","2","1+1+1","3","1","2","true"
"4x4","uct-0500-self-play","21","19","0.791667","1","1+1+1","3","0","3","false"
"4x4","uct-0500-self-play","21","20","0.833333","2","2+1","2","0","3","false"
"4x4","uct-0500-self-play","21","21","0.875000","1","1+1+1","3","1","2","true"
"4x4","uct-0500-self-play","21","22","0.916667","2","1+1+1","3","1","2","true"
"4x4","uct-0500-self-play","21","23","0.958333","1","1+1+1","3","1","2","true"
"4x4","uct-0500-self-play","21","24","1.000000","2","1+1+1","3","2","1","true"
"4x4","uct-0500-self-play","22","1","0.041667","1","2+1","2","3","0","false"
"4x4","uct-0500-self-play","22","2","0.083333","2","2+1","2","3","0","false"
"4x4","uct-0500-self-play","22","3","0.125000","1","1+1+1","3","3","0","false"
"4x4","uct-0500-self-play","22","4","0.166667","2","1+1+1","3","3","0","false"
"4x4","uct-0500-self-play","22","5","0.208333","1","2+1","2","1","2","true"
"4x4","uct-0500-self-play","22","6","0.250000","2","2+1","2","1","2","true"
"4x4","uct-0500-self-play","22","7","0.291667","1","2+1","2","0","3","false"
"4x4","uct-0500-self-play","22","8","0.333333","2","1+1+1","3","1","2","true"
"4x4","uct-0500-self-play","22","9","0.375000","1","1+1+1","3","1","2","true"
"4x4","uct-0500-self-play","22","10","0.416667","2","1+1+1","3","2","1","true"
"4x4","uct-0500-self-play","22","11","0.458333","1","1+1+1","3","1","2","true"
"4x4","uct-0500-self-play","22","12","0.500000","2","1+1+1","3","1","2","true"
"4x4","uct-0500-self-play","22","13","0.541667","1","2+1","2","1","2","true"
"4x4","uct-0500-self-play","22","14","0.583333","2","1+1+1","3","0","3","false"
"4x4","uct-0500-self-play","22","15","0.625000","1","1+1+1","3","0","3","false"
"4x4","uct-0500-self-play","22","16","0.666667","2","1+1+1","3","0","3","false"
"4x4","uct-0500-self-play","22","17","0.708333","1","2+1","2","1","2","true"
"4x4","uct-0500-self-play","22","18","0.750000","2","1+1+1","3","1","2","true"
"4x4","uct-0500-self-play","22","19","0.791667","1","2+1","2","1","2","true"
"4x4","uct-0500-self-play","22","20","0.833333","2","1+1+1","3","0","3","false"
"4x4","uct-0500-self-play","22","21","0.875000","1","3","1","1","2","true"
"4x4","uct-0500-self-play","22","22","0.916667","2","1+1+1","3","0","3","false"
"4x4","uct-0500-self-play","22","23","0.958333","1","1+1+1","3","2","1","true"
"4x4","uct-0500-self-play","22","24","1.000000","2","1+1+1","3","0","3","false"
"4x4","uct-0500-self-play","23","1","0.041667","1","1+1+1","3","3","0","false"
"4x4","uct-0500-self-play","23","2","0.083333","2","1+1+1","3","3","0","false"
"4x4","uct-0500-self-play","23","3","0.125000","1","2+1","2","1","2","true"
"4x4","uct-0500-self-play","23","4","0.166667","2","2+1","2","3","0","false"
"4x4","uct-0500-self-play","23","5","0.208333","1","2+1","2","2","1","true"
"4x4","uct-0500-self-play","23","6","0.250000","2","1+1+1","3","2","1","true"
"4x4","uct-0500-self-play","23","7","0.291667","1","1+1+1","3","1","2","true"
"4x4","uct-0500-self-play","23","8","0.333333","2","1+1+1","3","1","2","true"
"4x4","uct-0500-self-play","23","9","0.375000","1","2+1","2","1","2","true"
"4x4","uct-0500-self-play","23","10","0.416667","2","2+1","2","0","3","false"
"4x4","uct-0500-self-play","23","11","0.458333","1","1+1+1","3","1","2","true"
"4x4","uct-0500-self-play","23","12","0.500000","2","1+1+1","3","1","2","true"
"4x4","uct-0500-self-play","23","13","0.541667","1","1+1+1","3","0","3","false"
"4x4","uct-0500-self-play","23","14","0.583333","2","1+1+1","3","0","3","false"
"4x4","uct-0500-self-play","23","15","0.625000","1","1+1+1","3","2","1","true"
"4x4","uct-0500-self-play","23","16","0.666667","2","2+1","2","0","3","false"
"4x4","uct-0500-self-play","23","17","0.708333","1","1+1+1","3","1","2","true"
"4x4","uct-0500-self-play","23","18","0.750000","2","1+1+1","3","1","2","true"
"4x4","uct-0500-self-play","23","19","0.791667","1","2+1","2","2","1","true"
"4x4","uct-0500-self-play","23","20","0.833333","2","1+1+1","3","1","2","true"
"4x4","uct-0500-self-play","23","21","0.875000","1","1+1+1","3","3","0","false"
"4x4","uct-0500-self-play","23","22","0.916667","2","2+1","2","1","2","true"
"4x4","uct-0500-self-play","23","23","0.958333","1","3","1","1","2","true"
"4x4","uct-0500-self-play","23","24","1.000000","2","1+1+1","3","3","0","false"
"4x4","uct-0500-self-play","24","1","0.041667","1","1+1+1","3","3","0","false"
"4x4","uct-0500-self-play","24","2","0.083333","2","2+1","2","3","0","false"
"4x4","uct-0500-self-play","24","3","0.125000","1","1+1+1","3","2","1","true"
"4x4","uct-0500-self-play","24","4","0.166667","2","1+1+1","3","2","1","true"
"4x4","uct-0500-self-play","24","5","0.208333","1","1+1+1","3","1","2","true"
"4x4","uct-0500-self-play","24","6","0.250000","2","1+1+1","3","1","2","true"
"4x4","uct-0500-self-play","24","7","0.291667","1","1+1+1","3","1","2","true"
"4x4","uct-0500-self-play","24","8","0.333333","2","1+1+1","3","2","1","true"
"4x4","uct-0500-self-play","24","9","0.375000","1","1+1+1","3","1","2","true"
"4x4","uct-0500-self-play","24","10","0.416667","2","2+1","2","1","2","true"
"4x4","uct-0500-self-play","24","11","0.458333","1","1+1+1","3","1","2","true"
"4x4","uct-0500-self-play","24","12","0.500000","2","2+1","2","1","2","true"
"4x4","uct-0500-self-play","24","13","0.541667","1","1+1+1","3","0","3","false"
"4x4","uct-0500-self-play","24","14","0.583333","2","2+1","2","1","2","true"
"4x4","uct-0500-self-play","24","15","0.625000","1","1+1+1","3","0","3","false"
"4x4","uct-0500-self-play","24","16","0.666667","2","1+1+1","3","0","3","false"
"4x4","uct-0500-self-play","24","17","0.708333","1","2+1","2","1","2","true"
"4x4","uct-0500-self-play","24","18","0.750000","2","2+1","2","0","3","false"
"4x4","uct-0500-self-play","24","19","0.791667","1","1+1+1","3","2","1","true"
"4x4","uct-0500-self-play","24","20","0.833333","2","3","1","0","3","false"
"4x4","uct-0500-self-play","24","21","0.875000","1","1+1+1","3","2","1","true"
"4x4","uct-0500-self-play","24","22","0.916667","2","3","1","1","2","true"
"4x4","uct-0500-self-play","24","23","0.958333","1","2+1","2","1","2","true"
"4x4","uct-0500-self-play","24","24","1.000000","2","1+1+1","3","2","1","true"
"4x4","uct-0500-self-play","25","1","0.041667","1","2+1","2","3","0","false"
"4x4","uct-0500-self-play","25","2","0.083333","2","1+1+1","3","3","0","false"
"4x4","uct-0500-self-play","25","3","0.125000","1","1+1+1","3","3","0","false"
"4x4","uct-0500-self-play","25","4","0.166667","2","2+1","2","3","0","false"
"4x4","uct-0500-self-play","25","5","0.208333","1","2+1","2","2","1","true"
"4x4","uct-0500-self-play","25","6","0.250000","2","1+1+1","3","2","1","true"
"4x4","uct-0500-self-play","25","7","0.291667","1","2+1","2","2","1","true"
"4x4","uct-0500-self-play","25","8","0.333333","2","1+1+1","3","2","1","true"
"4x4","uct-0500-self-play","25","9","0.375000","1","1+1+1","3","1","2","true"
"4x4","uct-0500-self-play","25","10","0.416667","2","1+1+1","3","1","2","true"
"4x4","uct-0500-self-play","25","11","0.458333","1","2+1","2","1","2","true"
"4x4","uct-0500-self-play","25","12","0.500000","2","1+1+1","3","2","1","true"
"4x4","uct-0500-self-play","25","13","0.541667","1","1+1+1","3","1","2","true"
"4x4","uct-0500-self-play","25","14","0.583333","2","1+1+1","3","0","3","false"
"4x4","uct-0500-self-play","25","15","0.625000","1","1+1+1","3","2","1","true"
"4x4","uct-0500-self-play","25","16","0.666667","2","1+1+1","3","1","2","true"
"4x4","uct-0500-self-play","25","17","0.708333","1","1+1+1","3","1","2","true"
"4x4","uct-0500-self-play","25","18","0.750000","2","1+1+1","3","0","3","false"
"4x4","uct-0500-self-play","25","19","0.791667","1","2+1","2","0","3","false"
"4x4","uct-0500-self-play","25","20","0.833333","2","2+1","2","2","1","true"
"4x4","uct-0500-self-play","25","21","0.875000","1","1+1+1","3","2","1","true"
"4x4","uct-0500-self-play","25","22","0.916667","2","1+1+1","3","1","2","true"
"4x4","uct-0500-self-play","25","23","0.958333","1","1+1+1","3","3","0","false"
"4x4","uct-0500-self-play","25","24","1.000000","2","1+1+1","3","2","1","true"
"4x4","uct-0500-self-play","26","1","0.041667","1","1+1+1","3","3","0","false"
"4x4","uct-0500-self-play","26","2","0.083333","2","1+1+1","3","3","0","false"
"4x4","uct-0500-self-play","26","3","0.125000","1","1+1+1","3","3","0","false"
"4x4","uct-0500-self-play","26","4","0.166667","2","1+1+1","3","2","1","true"
"4x4","uct-0500-self-play","26","5","0.208333","1","2+1","2","1","2","true"
"4x4","uct-0500-self-play","26","6","0.250000","2","1+1+1","3","2","1","true"
"4x4","uct-0500-self-play","26","7","0.291667","1","1+1+1","3","2","1","true"
"4x4","uct-0500-self-play","26","8","0.333333","2","1+1+1","3","2","1","true"
"4x4","uct-0500-self-play","26","9","0.375000","1","1+1+1","3","2","1","true"
"4x4","uct-0500-self-play","26","10","0.416667","2","1+1+1","3","1","2","true"
"4x4","uct-0500-self-play","26","11","0.458333","1","2+1","2","2","1","true"
"4x4","uct-0500-self-play","26","12","0.500000","2","2+1","2","2","1","true"
"4x4","uct-0500-self-play","26","13","0.541667","1","1+1+1","3","1","2","true"
"4x4","uct-0500-self-play","26","14","0.583333","2","2+1","2","0","3","false"
"4x4","uct-0500-self-play","26","15","0.625000","1","2+1","2","1","2","true"
"4x4","uct-0500-self-play","26","16","0.666667","2","2+1","2","1","2","true"
"4x4","uct-0500-self-play","26","17","0.708333","1","2+1","2","2","1","true"
"4x4","uct-0500-self-play","26","18","0.750000","2","2+1","2","1","2","true"
"4x4","uct-0500-self-play","26","19","0.791667","1","1+1+1","3","3","0","false"
"4x4","uct-0500-self-play","26","20","0.833333","2","2+1","2","3","0","false"
"4x4","uct-0500-self-play","26","21","0.875000","1","1+1+1","3","2","1","true"
"4x4","uct-0500-self-play","26","22","0.916667","2","1+1+1","3","2","1","true"
"4x4","uct-0500-self-play","26","23","0.958333","1","2+1","2","0","3","false"
"4x4","uct-0500-self-play","26","24","1.000000","2","1+1+1","3","2","1","true"
"4x4","uct-0500-self-play","27","1","0.041667","1","1+1+1","3","3","0","false"
"4x4","uct-0500-self-play","27","2","0.083333","2","1+1+1","3","3","0","false"
"4x4","uct-0500-self-play","27","3","0.125000","1","1+1+1","3","1","2","true"
"4x4","uct-0500-self-play","27","4","0.166667","2","1+1+1","3","2","1","true"
"4x4","uct-0500-self-play","27","5","0.208333","1","1+1+1","3","1","2","true"
"4x4","uct-0500-self-play","27","6","0.250000","2","2+1","2","0","3","false"
"4x4","uct-0500-self-play","27","7","0.291667","1","1+1+1","3","2","1","true"
"4x4","uct-0500-self-play","27","8","0.333333","2","1+1+1","3","2","1","true"
"4x4","uct-0500-self-play","27","9","0.375000","1","1+1+1","3","1","2","true"
"4x4","uct-0500-self-play","27","10","0.416667","2","1+1+1","3","0","3","false"
"4x4","uct-0500-self-play","27","11","0.458333","1","1+1+1","3","1","2","true"
"4x4","uct-0500-self-play","27","12","0.500000","2","2+1","2","1","2","true"
"4x4","uct-0500-self-play","27","13","0.541667","1","1+1+1","3","0","3","false"
"4x4","uct-0500-self-play","27","14","0.583333","2","2+1","2","0","3","false"
"4x4","uct-0500-self-play","27","15","0.625000","1","1+1+1","3","0","3","false"
"4x4","uct-0500-self-play","27","16","0.666667","2","1+1+1","3","0","3","false"
"4x4","uct-0500-self-play","27","17","0.708333","1","2+1","2","0","3","false"
"4x4","uct-0500-self-play","27","18","0.750000","2","2+1","2","0","3","false"
"4x4","uct-0500-self-play","27","19","0.791667","1","1+1+1","3","1","2","true"
"4x4","uct-0500-self-play","27","20","0.833333","2","2+1","2","1","2","true"
"4x4","uct-0500-self-play","27","21","0.875000","1","1+1+1","3","2","1","true"
"4x4","uct-0500-self-play","27","22","0.916667","2","1+1+1","3","2","1","true"
"4x4","uct-0500-self-play","27","23","0.958333","1","3","1","1","2","true"
"4x4","uct-0500-self-play","27","24","1.000000","2","1+1+1","3","3","0","false"
"4x4","uct-0500-self-play","28","1","0.041667","1","1+1+1","3","3","0","false"
"4x4","uct-0500-self-play","28","2","0.083333","2","1+1+1","3","3","0","false"
"4x4","uct-0500-self-play","28","3","0.125000","1","1+1+1","3","1","2","true"
"4x4","uct-0500-self-play","28","4","0.166667","2","1+1+1","3","2","1","true"
"4x4","uct-0500-self-play","28","5","0.208333","1","1+1+1","3","3","0","false"
"4x4","uct-0500-self-play","28","6","0.250000","2","2+1","2","1","2","true"
"4x4","uct-0500-self-play","28","7","0.291667","1","1+1+1","3","2","1","true"
"4x4","uct-0500-self-play","28","8","0.333333","2","1+1+1","3","1","2","true"
"4x4","uct-0500-self-play","28","9","0.375000","1","1+1+1","3","1","2","true"
"4x4","uct-0500-self-play","28","10","0.416667","2","1+1+1","3","2","1","true"
"4x4","uct-0500-self-play","28","11","0.458333","1","2+1","2","0","3","false"
"4x4","uct-0500-self-play","28","12","0.500000","2","2+1","2","1","2","true"
"4x4","uct-0500-self-play","28","13","0.541667","1","2+1","2","1","2","true"
"4x4","uct-0500-self-play","28","14","0.583333","2","1+1+1","3","0","3","false"
"4x4","uct-0500-self-play","28","15","0.625000","1","1+1+1","3","2","1","true"
"4x4","uct-0500-self-play","28","16","0.666667","2","1+1+1","3","1","2","true"
"4x4","uct-0500-self-play","28","17","0.708333","1","1+1+1","3","0","3","false"
"4x4","uct-0500-self-play","28","18","0.750000","2","1+1+1","3","0","3","false"
"4x4","uct-0500-self-play","28","19","0.791667","1","1+1+1","3","1","2","true"
"4x4","uct-0500-self-play","28","20","0.833333","2","2+1","2","2","1","true"
"4x4","uct-0500-self-play","28","21","0.875000","1","2+1","2","1","2","true"
"4x4","uct-0500-self-play","28","22","0.916667","2","2+1","2","1","2","true"
"4x4","uct-0500-self-play","28","23","0.958333","1","2+1","2","1","2","true"
"4x4","uct-0500-self-play","28","24","1.000000","2","1+1+1","3","2","1","true"
"4x4","uct-0500-self-play","29","1","0.041667","1","2+1","2","3","0","false"
"4x4","uct-0500-self-play","29","2","0.083333","2","2+1","2","3","0","false"
"4x4","uct-0500-self-play","29","3","0.125000","1","1+1+1","3","1","2","true"
"4x4","uct-0500-self-play","29","4","0.166667","2","2+1","2","1","2","true"
"4x4","uct-0500-self-play","29","5","0.208333","1","2+1","2","2","1","true"
"4x4","uct-0500-self-play","29","6","0.250000","2","1+1+1","3","1","2","true"
"4x4","uct-0500-self-play","29","7","0.291667","1","1+1+1","3","1","2","true"
"4x4","uct-0500-self-play","29","8","0.333333","2","2+1","2","3","0","false"
"4x4","uct-0500-self-play","29","9","0.375000","1","1+1+1","3","1","2","true"
"4x4","uct-0500-self-play","29","10","0.416667","2","2+1","2","0","3","false"
"4x4","uct-0500-self-play","29","11","0.458333","1","2+1","2","1","2","true"
"4x4","uct-0500-self-play","29","12","0.500000","2","1+1+1","3","2","1","true"
"4x4","uct-0500-self-play","29","13","0.541667","1","2+1","2","2","1","true"
"4x4","uct-0500-self-play","29","14","0.583333","2","1+1+1","3","2","1","true"
"4x4","uct-0500-self-play","29","15","0.625000","1","1+1+1","3","2","1","true"
"4x4","uct-0500-self-play","29","16","0.666667","2","2+1","2","1","2","true"
"4x4","uct-0500-self-play","29","17","0.708333","1","2+1","2","0","3","false"
"4x4","uct-0500-self-play","29","18","0.750000","2","2+1","2","1","2","true"
"4x4","uct-0500-self-play","29","19","0.791667","1","1+1+1","3","2","1","true"
"4x4","uct-0500-self-play","29","20","0.833333","2","2+1","2","1","2","true"
"4x4","uct-0500-self-play","29","21","0.875000","1","1+1+1","3","2","1","true"
"4x4","uct-0500-self-play","29","22","0.916667","2","1+1+1","3","3","0","false"
"4x4","uct-0500-self-play","29","23","0.958333","1","1+1+1","3","3","0","false"
"4x4","uct-0500-self-play","29","24","1.000000","2","1+1+1","3","2","1","true"
"4x4","uct-0500-self-play","30","1","0.041667","1","1+1+1","3","3","0","false"
"4x4","uct-0500-self-play","30","2","0.083333","2","1+1+1","3","3","0","false"
"4x4","uct-0500-self-play","30","3","0.125000","1","1+1+1","3","2","1","true"
"4x4","uct-0500-self-play","30","4","0.166667","2","1+1+1","3","2","1","true"
"4x4","uct-0500-self-play","30","5","0.208333","1","1+1+1","3","1","2","true"
"4x4","uct-0500-self-play","30","6","0.250000","2","2+1","2","2","1","true"
"4x4","uct-0500-self-play","30","7","0.291667","1","1+1+1","3","1","2","true"
"4x4","uct-0500-self-play","30","8","0.333333","2","2+1","2","0","3","false"
"4x4","uct-0500-self-play","30","9","0.375000","1","2+1","2","0","3","false"
"4x4","uct-0500-self-play","30","10","0.416667","2","2+1","2","1","2","true"
"4x4","uct-0500-self-play","30","11","0.458333","1","1+1+1","3","1","2","true"
"4x4","uct-0500-self-play","30","12","0.500000","2","1+1+1","3","2","1","true"
"4x4","uct-0500-self-play","30","13","0.541667","1","2+1","2","2","1","true"
"4x4","uct-0500-self-play","30","14","0.583333","2","1+1+1","3","2","1","true"
"4x4","uct-0500-self-play","30","15","0.625000","1","1+1+1","3","2","1","true"
"4x4","uct-0500-self-play","30","16","0.666667","2","2+1","2","0","3","false"
"4x4","uct-0500-self-play","30","17","0.708333","1","2+1","2","0","3","false"
"4x4","uct-0500-self-play","30","18","0.750000","2","1+1+1","3","1","2","true"
"4x4","uct-0500-self-play","30","19","0.791667","1","1+1+1","3","2","1","true"
"4x4","uct-0500-self-play","30","20","0.833333","2","1+1+1","3","0","3","false"
"4x4","uct-0500-self-play","30","21","0.875000","1","1+1+1","3","1","2","true"
"4x4","uct-0500-self-play","30","22","0.916667","2","2+1","2","0","3","false"
"4x4","uct-0500-self-play","30","23","0.958333","1","2+1","2","1","2","true"
"4x4","uct-0500-self-play","30","24","1.000000","2","1+1+1","3","2","1","true"
"4x4","uct-0500-self-play","31","1","0.041667","1","1+1+1","3","3","0","false"
"4x4","uct-0500-self-play","31","2","0.083333","2","1+1+1","3","3","0","false"
"4x4","uct-0500-self-play","31","3","0.125000","1","1+1+1","3","2","1","true"
"4x4","uct-0500-self-play","31","4","0.166667","2","1+1+1","3","1","2","true"
"4x4","uct-0500-self-play","31","5","0.208333","1","2+1","2","1","2","true"
"4x4","uct-0500-self-play","31","6","0.250000","2","1+1+1","3","2","1","true"
"4x4","uct-0500-self-play","31","7","0.291667","1","2+1","2","2","1","true"
"4x4","uct-0500-self-play","31","8","0.333333","2","1+1+1","3","1","2","true"
"4x4","uct-0500-self-play","31","9","0.375000","1","2+1","2","0","3","false"
"4x4","uct-0500-self-play","31","10","0.416667","2","1+1+1","3","0","3","false"
"4x4","uct-0500-self-play","31","11","0.458333","1","1+1+1","3","1","2","true"
"4x4","uct-0500-self-play","31","12","0.500000","2","2+1","2","1","2","true"
"4x4","uct-0500-self-play","31","13","0.541667","1","1+1+1","3","1","2","true"
"4x4","uct-0500-self-play","31","14","0.583333","2","1+1+1","3","1","2","true"
"4x4","uct-0500-self-play","31","15","0.625000","1","1+1+1","3","0","3","false"
"4x4","uct-0500-self-play","31","16","0.666667","2","3","1","1","2","true"
"4x4","uct-0500-self-play","31","17","0.708333","1","1+1+1","3","0","3","false"
"4x4","uct-0500-self-play","31","18","0.750000","2","2+1","2","3","0","false"
"4x4","uct-0500-self-play","31","19","0.791667","1","1+1+1","3","3","0","false"
"4x4","uct-0500-self-play","31","20","0.833333","2","2+1","2","0","3","false"
"4x4","uct-0500-self-play","31","21","0.875000","1","2+1","2","2","1","true"
"4x4","uct-0500-self-play","31","22","0.916667","2","1+1+1","3","1","2","true"
"4x4","uct-0500-self-play","31","23","0.958333","1","1+1+1","3","1","2","true"
"4x4","uct-0500-self-play","31","24","1.000000","2","1+1+1","3","2","1","true"
"4x4","uct-0500-self-play","32","1","0.041667","1","1+1+1","3","3","0","false"
"4x4","uct-0500-self-play","32","2","0.083333","2","2+1","2","3","0","false"
"4x4","uct-0500-self-play","32","3","0.125000","1","1+1+1","3","2","1","true"
"4x4","uct-0500-self-play","32","4","0.166667","2","1+1+1","3","2","1","true"
"4x4","uct-0500-self-play","32","5","0.208333","1","1+1+1","3","2","1","true"
"4x4","uct-0500-self-play","32","6","0.250000","2","1+1+1","3","1","2","true"
"4x4","uct-0500-self-play","32","7","0.291667","1","1+1+1","3","0","3","false"
"4x4","uct-0500-self-play","32","8","0.333333","2","2+1","2","3","0","false"
"4x4","uct-0500-self-play","32","9","0.375000","1","1+1+1","3","2","1","true"
"4x4","uct-0500-self-play","32","10","0.416667","2","2+1","2","2","1","true"
"4x4","uct-0500-self-play","32","11","0.458333","1","1+1+1","3","0","3","false"
"4x4","uct-0500-self-play","32","12","0.500000","2","2+1","2","1","2","true"
"4x4","uct-0500-self-play","32","13","0.541667","1","1+1+1","3","0","3","false"
"4x4","uct-0500-self-play","32","14","0.583333","2","2+1","2","1","2","true"
"4x4","uct-0500-self-play","32","15","0.625000","1","1+1+1","3","1","2","true"
"4x4","uct-0500-self-play","32","16","0.666667","2","1+1+1","3","2","1","true"
"4x4","uct-0500-self-play","32","17","0.708333","1","1+1+1","3","2","1","true"
"4x4","uct-0500-self-play","32","18","0.750000","2","2+1","2","0","3","false"
"4x4","uct-0500-self-play","32","19","0.791667","1","3","1","2","1","true"
"4x4","uct-0500-self-play","32","20","0.833333","2","1+1+1","3","3","0","false"
"4x4","uct-0500-self-play","32","21","0.875000","1","1+1+1","3","2","1","true"
"4x4","uct-0500-self-play","32","22","0.916667","2","1+1+1","3","3","0","false"
"4x4","uct-0500-self-play","32","23","0.958333","1","1+1+1","3","2","1","true"
"4x4","uct-0500-self-play","32","24","1.000000","2","2+1","2","1","2","true"
"4x4","uct-0500-self-play","33","1","0.041667","1","1+1+1","3","3","0","false"
"4x4","uct-0500-self-play","33","2","0.083333","2","2+1","2","3","0","false"
"4x4","uct-0500-self-play","33","3","0.125000","1","1+1+1","3","2","1","true"
"4x4","uct-0500-self-play","33","4","0.166667","2","1+1+1","3","3","0","false"
"4x4","uct-0500-self-play","33","5","0.208333","1","2+1","2","2","1","true"
"4x4","uct-0500-self-play","33","6","0.250000","2","2+1","2","2","1","true"
"4x4","uct-0500-self-play","33","7","0.291667","1","1+1+1","3","0","3","false"
"4x4","uct-0500-self-play","33","8","0.333333","2","1+1+1","3","0","3","false"
"4x4","uct-0500-self-play","33","9","0.375000","1","1+1+1","3","2","1","true"
"4x4","uct-0500-self-play","33","10","0.416667","2","1+1+1","3","0","3","false"
"4x4","uct-0500-self-play","33","11","0.458333","1","1+1+1","3","1","2","true"
"4x4","uct-0500-self-play","33","12","0.500000","2","1+1+1","3","0","3","false"
"4x4","uct-0500-self-play","33","13","0.541667","1","2+1","2","0","3","false"
"4x4","uct-0500-self-play","33","14","0.583333","2","1+1+1","3","1","2","true"
"4x4","uct-0500-self-play","33","15","0.625000","1","2+1","2","0","3","false"
"4x4","uct-0500-self-play","33","16","0.666667","2","2+1","2","1","2","true"
"4x4","uct-0500-self-play","33","17","0.708333","1","2+1","2","0","3","false"
"4x4","uct-0500-self-play","33","18","0.750000","2","2+1","2","0","3","false"
"4x4","uct-0500-self-play","33","19","0.791667","1","1+1+1","3","0","3","false"
"4x4","uct-0500-self-play","33","20","0.833333","2","2+1","2","2","1","true"
"4x4","uct-0500-self-play","33","21","0.875000","1","1+1+1","3","3","0","false"
"4x4","uct-0500-self-play","33","22","0.916667","2","1+1+1","3","2","1","true"
"4x4","uct-0500-self-play","33","23","0.958333","1","1+1+1","3","3","0","false"
"4x4","uct-0500-self-play","33","24","1.000000","2","2+1","2","1","2","true"
"4x4","uct-0500-self-play","34","1","0.041667","1","2+1","2","3","0","false"
"4x4","uct-0500-self-play","34","2","0.083333","2","2+1","2","3","0","false"
"4x4","uct-0500-self-play","34","3","0.125000","1","1+1+1","3","1","2","true"
"4x4","uct-0500-self-play","34","4","0.166667","2","1+1+1","3","3","0","false"
"4x4","uct-0500-self-play","34","5","0.208333","1","1+1+1","3","1","2","true"
"4x4","uct-0500-self-play","34","6","0.250000","2","2+1","2","1","2","true"
"4x4","uct-0500-self-play","34","7","0.291667","1","1+1+1","3","2","1","true"
"4x4","uct-0500-self-play","34","8","0.333333","2","1+1+1","3","2","1","true"
"4x4","uct-0500-self-play","34","9","0.375000","1","2+1","2","3","0","false"
"4x4","uct-0500-self-play","34","10","0.416667","2","1+1+1","3","2","1","true"
"4x4","uct-0500-self-play","34","11","0.458333","1","1+1+1","3","1","2","true"
"4x4","uct-0500-self-play","34","12","0.500000","2","1+1+1","3","1","2","true"
"4x4","uct-0500-self-play","34","13","0.541667","1","1+1+1","3","0","3","false"
"4x4","uct-0500-self-play","34","14","0.583333","2","1+1+1","3","1","2","true"
"4x4","uct-0500-self-play","34","15","0.625000","1","2+1","2","1","2","true"
"4x4","uct-0500-self-play","34","16","0.666667","2","1+1+1","3","0","3","false"
"4x4","uct-0500-self-play","34","17","0.708333","1","2+1","2","1","2","true"
"4x4","uct-0500-self-play","34","18","0.750000","2","1+1+1","3","1","2","true"
"4x4","uct-0500-self-play","34","19","0.791667","1","1+1+1","3","1","2","true"
"4x4","uct-0500-self-play","34","20","0.833333","2","1+1+1","3","1","2","true"
"4x4","uct-0500-self-play","34","21","0.875000","1","2+1","2","1","2","true"
"4x4","uct-0500-self-play","34","22","0.916667","2","1+1+1","3","0","3","false"
"4x4","uct-0500-self-play","34","23","0.958333","1","2+1","2","1","2","true"
"4x4","uct-0500-self-play","34","24","1.000000","2","1+1+1","3","1","2","true"
"4x4","uct-0500-self-play","35","1","0.041667","1","1+1+1","3","3","0","false"
"4x4","uct-0500-self-play","35","2","0.083333","2","1+1+1","3","3","0","false"
"4x4","uct-0500-self-play","35","3","0.125000","1","1+1+1","3","2","1","true"
"4x4","uct-0500-self-play","35","4","0.166667","2","3","1","1","2","true"
"4x4","uct-0500-self-play","35","5","0.208333","1","1+1+1","3","1","2","true"
"4x4","uct-0500-self-play","35","6","0.250000","2","1+1+1","3","2","1","true"
"4x4","uct-0500-self-play","35","7","0.291667","1","1+1+1","3","0","3","false"
"4x4","uct-0500-self-play","35","8","0.333333","2","1+1+1","3","2","1","true"
"4x4","uct-0500-self-play","35","9","0.375000","1","2+1","2","2","1","true"
"4x4","uct-0500-self-play","35","10","0.416667","2","1+1+1","3","1","2","true"
"4x4","uct-0500-self-play","35","11","0.458333","1","1+1+1","3","0","3","false"
"4x4","uct-0500-self-play","35","12","0.500000","2","2+1","2","1","2","true"
"4x4","uct-0500-self-play","35","13","0.541667","1","1+1+1","3","1","2","true"
"4x4","uct-0500-self-play","35","14","0.583333","2","2+1","2","0","3","false"
"4x4","uct-0500-self-play","35","15","0.625000","1","2+1","2","0","3","false"
"4x4","uct-0500-self-play","35","16","0.666667","2","2+1","2","0","3","false"
"4x4","uct-0500-self-play","35","17","0.708333","1","2+1","2","2","1","true"
"4x4","uct-0500-self-play","35","18","0.750000","2","2+1","2","1","2","true"
"4x4","uct-0500-self-play","35","19","0.791667","1","1+1+1","3","1","2","true"
"4x4","uct-0500-self-play","35","20","0.833333","2","1+1+1","3","2","1","true"
"4x4","uct-0500-self-play","35","21","0.875000","1","1+1+1","3","0","3","false"
"4x4","uct-0500-self-play","35","22","0.916667","2","1+1+1","3","1","2","true"
"4x4","uct-0500-self-play","35","23","0.958333","1","1+1+1","3","3","0","false"
"4x4","uct-0500-self-play","35","24","1.000000","2","1+1+1","3","3","0","false"
"4x4","uct-0500-self-play","36","1","0.041667","1","1+1+1","3","3","0","false"
"4x4","uct-0500-self-play","36","2","0.083333","2","1+1+1","3","3","0","false"
"4x4","uct-0500-self-play","36","3","0.125000","1","1+1+1","3","1","2","true"
"4x4","uct-0500-self-play","36","4","0.166667","2","1+1+1","3","2","1","true"
"4x4","uct-0500-self-play","36","5","0.208333","1","1+1+1","3","2","1","true"
"4x4","uct-0500-self-play","36","6","0.250000","2","1+1+1","3","2","1","true"
"4x4","uct-0500-self-play","36","7","0.291667","1","1+1+1","3","2","1","true"
"4x4","uct-0500-self-play","36","8","0.333333","2","2+1","2","1","2","true"
"4x4","uct-0500-self-play","36","9","0.375000","1","2+1","2","2","1","true"
"4x4","uct-0500-self-play","36","10","0.416667","2","2+1","2","1","2","true"
"4x4","uct-0500-self-play","36","11","0.458333","1","2+1","2","0","3","false"
"4x4","uct-0500-self-play","36","12","0.500000","2","1+1+1","3","0","3","false"
"4x4","uct-0500-self-play","36","13","0.541667","1","1+1+1","3","1","2","true"
"4x4","uct-0500-self-play","36","14","0.583333","2","1+1+1","3","1","2","true"
"4x4","uct-0500-self-play","36","15","0.625000","1","1+1+1","3","1","2","true"
"4x4","uct-0500-self-play","36","16","0.666667","2","2+1","2","0","3","false"
"4x4","uct-0500-self-play","36","17","0.708333","1","1+1+1","3","0","3","false"
"4x4","uct-0500-self-play","36","18","0.750000","2","1+1+1","3","1","2","true"
"4x4","uct-0500-self-play","36","19","0.791667","1","1+1+1","3","0","3","false"
"4x4","uct-0500-self-play","36","20","0.833333","2","2+1","2","0","3","false"
"4x4","uct-0500-self-play","36","21","0.875000","1","1+1+1","3","0","3","false"
"4x4","uct-0500-self-play","36","22","0.916667","2","1+1+1","3","2","1","true"
"4x4","uct-0500-self-play","36","23","0.958333","1","2+1","2","1","2","true"
"4x4","uct-0500-self-play","36","24","1.000000","2","1+1+1","3","2","1","true"
"4x4","uct-0500-self-play","37","1","0.041667","1","2+1","2","3","0","false"
"4x4","uct-0500-self-play","37","2","0.083333","2","1+1+1","3","3","0","false"
"4x4","uct-0500-self-play","37","3","0.125000","1","1+1+1","3","2","1","true"
"4x4","uct-0500-self-play","37","4","0.166667","2","1+1+1","3","2","1","true"
"4x4","uct-0500-self-play","37","5","0.208333","1","1+1+1","3","2","1","true"
"4x4","uct-0500-self-play","37","6","0.250000","2","1+1+1","3","1","2","true"
"4x4","uct-0500-self-play","37","7","0.291667","1","3","1","0","3","false"
"4x4","uct-0500-self-play","37","8","0.333333","2","1+1+1","3","1","2","true"
"4x4","uct-0500-self-play","37","9","0.375000","1","2+1","2","1","2","true"
"4x4","uct-0500-self-play","37","10","0.416667","2","1+1+1","3","2","1","true"
"4x4","uct-0500-self-play","37","11","0.458333","1","2+1","2","1","2","true"
"4x4","uct-0500-self-play","37","12","0.500000","2","2+1","2","0","3","false"
"4x4","uct-0500-self-play","37","13","0.541667","1","1+1+1","3","1","2","true"
"4x4","uct-0500-self-play","37","14","0.583333","2","1+1+1","3","1","2","true"
"4x4","uct-0500-self-play","37","15","0.625000","1","1+1+1","3","1","2","true"
"4x4","uct-0500-self-play","37","16","0.666667","2","1+1+1","3","0","3","false"
"4x4","uct-0500-self-play","37","17","0.708333","1","3","1","1","2","true"
"4x4","uct-0500-self-play","37","18","0.750000","2","1+1+1","3","0","3","false"
"4x4","uct-0500-self-play","37","19","0.791667","1","1+1+1","3","0","3","false"
"4x4","uct-0500-self-play","37","20","0.833333","2","2+1","2","1","2","true"
"4x4","uct-0500-self-play","37","21","0.875000","1","2+1","2","1","2","true"
"4x4","uct-0500-self-play","37","22","0.916667","2","2+1","2","0","3","false"
"4x4","uct-0500-self-play","37","23","0.958333","1","1+1+1","3","1","2","true"
"4x4","uct-0500-self-play","37","24","1.000000","2","1+1+1","3","1","2","true"
"4x4","uct-0500-self-play","38","1","0.041667","1","1+1+1","3","3","0","false"
"4x4","uct-0500-self-play","38","2","0.083333","2","1+1+1","3","3","0","false"
"4x4","uct-0500-self-play","38","3","0.125000","1","2+1","2","3","0","false"
"4x4","uct-0500-self-play","38","4","0.166667","2","1+1+1","3","2","1","true"
"4x4","uct-0500-self-play","38","5","0.208333","1","3","1","2","1","true"
"4x4","uct-0500-self-play","38","6","0.250000","2","2+1","2","3","0","false"
"4x4","uct-0500-self-play","38","7","0.291667","1","2+1","2","2","1","true"
"4x4","uct-0500-self-play","38","8","0.333333","2","3","1","1","2","true"
"4x4","uct-0500-self-play","38","9","0.375000","1","1+1+1","3","0","3","false"
"4x4","uct-0500-self-play","38","10","0.416667","2","1+1+1","3","1","2","true"
"4x4","uct-0500-self-play","38","11","0.458333","1","1+1+1","3","0","3","false"
"4x4","uct-0500-self-play","38","12","0.500000","2","2+1","2","0","3","false"
"4x4","uct-0500-self-play","38","13","0.541667","1","1+1+1","3","2","1","true"
"4x4","uct-0500-self-play","38","14","0.583333","2","2+1","2","1","2","true"
"4x4","uct-0500-self-play","38","15","0.625000","1","2+1","2","0","3","false"
"4x4","uct-0500-self-play","38","16","0.666667","2","2+1","2","1","2","true"
"4x4","uct-0500-self-play","38","17","0.708333","1","2+1","2","0","3","false"
"4x4","uct-0500-self-play","38","18","0.750000","2","1+1+1","3","0","3","false"
"4x4","uct-0500-self-play","38","19","0.791667","1","1+1+1","3","1","2","true"
"4x4","uct-0500-self-play","38","20","0.833333","2","2+1","2","0","3","false"
"4x4","uct-0500-self-play","38","21","0.875000","1","2+1","2","0","3","false"
"4x4","uct-0500-self-play","38","22","0.916667","2","2+1","2","2","1","true"
"4x4","uct-0500-self-play","38","23","0.958333","1","2+1","2","1","2","true"
"4x4","uct-0500-self-play","38","24","1.000000","2","2+1","2","1","2","true"
"4x4","uct-0500-self-play","39","1","0.041667","1","2+1","2","3","0","false"
"4x4","uct-0500-self-play","39","2","0.083333","2","1+1+1","3","3","0","false"
"4x4","uct-0500-self-play","39","3","0.125000","1","1+1+1","3","2","1","true"
"4x4","uct-0500-self-play","39","4","0.166667","2","1+1+1","3","3","0","false"
"4x4","uct-0500-self-play","39","5","0.208333","1","1+1+1","3","1","2","true"
"4x4","uct-0500-self-play","39","6","0.250000","2","2+1","2","0","3","false"
"4x4","uct-0500-self-play","39","7","0.291667","1","1+1+1","3","1","2","true"
"4x4","uct-0500-self-play","39","8","0.333333","2","1+1+1","3","3","0","false"
"4x4","uct-0500-self-play","39","9","0.375000","1","1+1+1","3","2","1","true"
"4x4","uct-0500-self-play","39","10","0.416667","2","1+1+1","3","1","2","true"
"4x4","uct-0500-self-play","39","11","0.458333","1","1+1+1","3","3","0","false"
"4x4","uct-0500-self-play","39","12","0.500000","2","1+1+1","3","2","1","true"
"4x4","uct-0500-self-play","39","13","0.541667","1","1+1+1","3","0","3","false"
"4x4","uct-0500-self-play","39","14","0.583333","2","1+1+1","3","1","2","true"
"4x4","uct-0500-self-play","39","15","0.625000","1","1+1+1","3","1","2","true"
"4x4","uct-0500-self-play","39","16","0.666667","2","2+1","2","1","2","true"
"4x4","uct-0500-self-play","39","17","0.708333","1","1+1+1","3","0","3","false"
"4x4","uct-0500-self-play","39","18","0.750000","2","3","1","0","3","false"
"4x4","uct-0500-self-play","39","19","0.791667","1","1+1+1","3","1","2","true"
"4x4","uct-0500-self-play","39","20","0.833333","2","2+1","2","1","2","true"
"4x4","uct-0500-self-play","39","21","0.875000","1","1+1+1","3","1","2","true"
"4x4","uct-0500-self-play","39","22","0.916667","2","1+1+1","3","2","1","true"
"4x4","uct-0500-self-play","39","23","0.958333","1","1+1+1","3","0","3","false"
"4x4","uct-0500-self-play","39","24","1.000000","2","2+1","2","0","3","false"
"4x4","uct-0500-self-play","40","1","0.041667","1","1+1+1","3","3","0","false"
"4x4","uct-0500-self-play","40","2","0.083333","2","1+1+1","3","3","0","false"
"4x4","uct-0500-self-play","40","3","0.125000","1","1+1+1","3","1","2","true"
"4x4","uct-0500-self-play","40","4","0.166667","2","1+1+1","3","1","2","true"
"4x4","uct-0500-self-play","40","5","0.208333","1","1+1+1","3","2","1","true"
"4x4","uct-0500-self-play","40","6","0.250000","2","1+1+1","3","0","3","false"
"4x4","uct-0500-self-play","40","7","0.291667","1","1+1+1","3","2","1","true"
"4x4","uct-0500-self-play","40","8","0.333333","2","1+1+1","3","3","0","false"
"4x4","uct-0500-self-play","40","9","0.375000","1","2+1","2","0","3","false"
"4x4","uct-0500-self-play","40","10","0.416667","2","2+1","2","2","1","true"
"4x4","uct-0500-self-play","40","11","0.458333","1","1+1+1","3","1","2","true"
"4x4","uct-0500-self-play","40","12","0.500000","2","1+1+1","3","1","2","true"
"4x4","uct-0500-self-play","40","13","0.541667","1","1+1+1","3","1","2","true"
"4x4","uct-0500-self-play","40","14","0.583333","2","1+1+1","3","0","3","false"
"4x4","uct-0500-self-play","40","15","0.625000","1","1+1+1","3","1","2","true"
"4x4","uct-0500-self-play","40","16","0.666667","2","2+1","2","0","3","false"
"4x4","uct-0500-self-play","40","17","0.708333","1","1+1+1","3","2","1","true"
"4x4","uct-0500-self-play","40","18","0.750000","2","1+1+1","3","0","3","false"
"4x4","uct-0500-self-play","40","19","0.791667","1","2+1","2","0","3","false"
"4x4","uct-0500-self-play","40","20","0.833333","2","2+1","2","1","2","true"
"4x4","uct-0500-self-play","40","21","0.875000","1","2+1","2","0","3","false"
"4x4","uct-0500-self-play","40","22","0.916667","2","1+1+1","3","1","2","true"
"4x4","uct-0500-self-play","40","23","0.958333","1","3","1","0","3","false"
"4x4","uct-0500-self-play","40","24","1.000000","2","1+1+1","3","1","2","true"
"4x4","uct-0500-self-play","41","1","0.041667","1","1+1+1","3","3","0","false"
"4x4","uct-0500-self-play","41","2","0.083333","2","1+1+1","3","3","0","false"
"4x4","uct-0500-self-play","41","3","0.125000","1","1+1+1","3","1","2","true"
"4x4","uct-0500-self-play","41","4","0.166667","2","1+1+1","3","2","1","true"
"4x4","uct-0500-self-play","41","5","0.208333","1","1+1+1","3","1","2","true"
"4x4","uct-0500-self-play","41","6","0.250000","2","1+1+1","3","2","1","true"
"4x4","uct-0500-self-play","41","7","0.291667","1","1+1+1","3","1","2","true"
"4x4","uct-0500-self-play","41","8","0.333333","2","2+1","2","1","2","true"
"4x4","uct-0500-self-play","41","9","0.375000","1","2+1","2","1","2","true"
"4x4","uct-0500-self-play","41","10","0.416667","2","1+1+1","3","1","2","true"
"4x4","uct-0500-self-play","41","11","0.458333","1","1+1+1","3","1","2","true"
"4x4","uct-0500-self-play","41","12","0.500000","2","1+1+1","3","2","1","true"
"4x4","uct-0500-self-play","41","13","0.541667","1","1+1+1","3","2","1","true"
"4x4","uct-0500-self-play","41","14","0.583333","2","1+1+1","3","0","3","false"
"4x4","uct-0500-self-play","41","15","0.625000","1","1+1+1","3","2","1","true"
"4x4","uct-0500-self-play","41","16","0.666667","2","1+1+1","3","1","2","true"
"4x4","uct-0500-self-play","41","17","0.708333","1","1+1+1","3","1","2","true"
"4x4","uct-0500-self-play","41","18","0.750000","2","1+1+1","3","0","3","false"
"4x4","uct-0500-self-play","41","19","0.791667","1","2+1","2","0","3","false"
"4x4","uct-0500-self-play","41","20","0.833333","2","2+1","2","1","2","true"
"4x4","uct-0500-self-play","41","21","0.875000","1","2+1","2","1","2","true"
"4x4","uct-0500-self-play","41","22","0.916667","2","1+1+1","3","2","1","true"
"4x4","uct-0500-self-play","41","23","0.958333","1","2+1","2","2","1","true"
"4x4","uct-0500-self-play","41","24","1.000000","2","1+1+1","3","1","2","true"
"4x4","uct-0500-self-play","42","1","0.041667","1","1+1+1","3","3","0","false"
"4x4","uct-0500-self-play","42","2","0.083333","2","2+1","2","3","0","false"
"4x4","uct-0500-self-play","42","3","0.125000","1","1+1+1","3","2","1","true"
"4x4","uct-0500-self-play","42","4","0.166667","2","2+1","2","2","1","true"
"4x4","uct-0500-self-play","42","5","0.208333","1","2+1","2","1","2","true"
"4x4","uct-0500-self-play","42","6","0.250000","2","1+1+1","3","1","2","true"
"4x4","uct-0500-self-play","42","7","0.291667","1","2+1","2","1","2","true"
"4x4","uct-0500-self-play","42","8","0.333333","2","3","1","2","1","true"
"4x4","uct-0500-self-play","42","9","0.375000","1","2+1","2","2","1","true"
"4x4","uct-0500-self-play","42","10","0.416667","2","1+1+1","3","1","2","true"
"4x4","uct-0500-self-play","42","11","0.458333","1","2+1","2","1","2","true"
"4x4","uct-0500-self-play","42","12","0.500000","2","1+1+1","3","2","1","true"
"4x4","uct-0500-self-play","42","13","0.541667","1","1+1+1","3","2","1","true"
"4x4","uct-0500-self-play","42","14","0.583333","2","2+1","2","1","2","true"
"4x4","uct-0500-self-play","42","15","0.625000","1","1+1+1","3","2","1","true"
"4x4","uct-0500-self-play","42","16","0.666667","2","1+1+1","3","2","1","true"
"4x4","uct-0500-self-play","42","17","0.708333","1","1+1+1","3","3","0","false"
"4x4","uct-0500-self-play","42","18","0.750000","2","1+1+1","3","3","0","false"
"4x4","uct-0500-self-play","42","19","0.791667","1","3","1","1","2","true"
"4x4","uct-0500-self-play","42","20","0.833333","2","1+1+1","3","3","0","false"
"4x4","uct-0500-self-play","42","21","0.875000","1","1+1+1","3","1","2","true"
"4x4","uct-0500-self-play","42","22","0.916667","2","1+1+1","3","1","2","true"
"4x4","uct-0500-self-play","42","23","0.958333","1","2+1","2","2","1","true"
"4x4","uct-0500-self-play","42","24","1.000000","2","2+1","2","0","3","false"
"4x4","uct-0500-self-play","43","1","0.041667","1","1+1+1","3","3","0","false"
"4x4","uct-0500-self-play","43","2","0.083333","2","2+1","2","3","0","false"
"4x4","uct-0500-self-play","43","3","0.125000","1","1+1+1","3","2","1","true"
"4x4","uct-0500-self-play","43","4","0.166667","2","1+1+1","3","2","1","true"
"4x4","uct-0500-self-play","43","5","0.208333","1","1+1+1","3","1","2","true"
"4x4","uct-0500-self-play","43","6","0.250000","2","2+1","2","2","1","true"
"4x4","uct-0500-self-play","43","7","0.291667","1","2+1","2","0","3","false"
"4x4","uct-0500-self-play","43","8","0.333333","2","2+1","2","2","1","true"
"4x4","uct-0500-self-play","43","9","0.375000","1","1+1+1","3","2","1","true"
"4x4","uct-0500-self-play","43","10","0.416667","2","1+1+1","3","2","1","true"
"4x4","uct-0500-self-play","43","11","0.458333","1","1+1+1","3","1","2","true"
"4x4","uct-0500-self-play","43","12","0.500000","2","2+1","2","1","2","true"
"4x4","uct-0500-self-play","43","13","0.541667","1","2+1","2","0","3","false"
"4x4","uct-0500-self-play","43","14","0.583333","2","2+1","2","0","3","false"
"4x4","uct-0500-self-play","43","15","0.625000","1","1+1+1","3","1","2","true"
"4x4","uct-0500-self-play","43","16","0.666667","2","2+1","2","1","2","true"
"4x4","uct-0500-self-play","43","17","0.708333","1","1+1+1","3","2","1","true"
"4x4","uct-0500-self-play","43","18","0.750000","2","2+1","2","1","2","true"
"4x4","uct-0500-self-play","43","19","0.791667","1","1+1+1","3","0","3","false"
"4x4","uct-0500-self-play","43","20","0.833333","2","1+1+1","3","1","2","true"
"4x4","uct-0500-self-play","43","21","0.875000","1","2+1","2","0","3","false"
"4x4","uct-0500-self-play","43","22","0.916667","2","1+1+1","3","1","2","true"
"4x4","uct-0500-self-play","43","23","0.958333","1","2+1","2","1","2","true"
"4x4","uct-0500-self-play","43","24","1.000000","2","2+1","2","2","1","true"
"4x4","uct-0500-self-play","44","1","0.041667","1","1+1+1","3","3","0","false"
"4x4","uct-0500-self-play","44","2","0.083333","2","1+1+1","3","3","0","false"
"4x4","uct-0500-self-play","44","3","0.125000","1","1+1+1","3","2","1","true"
"4x4","uct-0500-self-play","44","4","0.166667","2","1+1+1","3","3","0","false"
"4x4","uct-0500-self-play","44","5","0.208333","1","1+1+1","3","2","1","true"
"4x4","uct-0500-self-play","44","6","0.250000","2","1+1+1","3","1","2","true"
"4x4","uct-0500-self-play","44","7","0.291667","1","1+1+1","3","1","2","true"
"4x4","uct-0500-self-play","44","8","0.333333","2","1+1+1","3","2","1","true"
"4x4","uct-0500-self-play","44","9","0.375000","1","1+1+1","3","2","1","true"
"4x4","uct-0500-self-play","44","10","0.416667","2","1+1+1","3","1","2","true"
"4x4","uct-0500-self-play","44","11","0.458333","1","1+1+1","3","2","1","true"
"4x4","uct-0500-self-play","44","12","0.500000","2","1+1+1","3","1","2","true"
"4x4","uct-0500-self-play","44","13","0.541667","1","1+1+1","3","2","1","true"
"4x4","uct-0500-self-play","44","14","0.583333","2","1+1+1","3","1","2","true"
"4x4","uct-0500-self-play","44","15","0.625000","1","2+1","2","0","3","false"
"4x4","uct-0500-self-play","44","16","0.666667","2","1+1+1","3","2","1","true"
"4x4","uct-0500-self-play","44","17","0.708333","1","2+1","2","0","3","false"
"4x4","uct-0500-self-play","44","18","0.750000","2","1+1+1","3","0","3","false"
"4x4","uct-0500-self-play","44","19","0.791667","1","2+1","2","0","3","false"
"4x4","uct-0500-self-play","44","20","0.833333","2","2+1","2","0","3","false"
"4x4","uct-0500-self-play","44","21","0.875000","1","1+1+1","3","1","2","true"
"4x4","uct-0500-self-play","44","22","0.916667","2","2+1","2","0","3","false"
"4x4","uct-0500-self-play","44","23","0.958333","1","1+1+1","3","2","1","true"
"4x4","uct-0500-self-play","44","24","1.000000","2","1+1+1","3","1","2","true"
"4x4","uct-0500-self-play","45","1","0.041667","1","1+1+1","3","3","0","false"
"4x4","uct-0500-self-play","45","2","0.083333","2","1+1+1","3","3","0","false"
"4x4","uct-0500-self-play","45","3","0.125000","1","1+1+1","3","3","0","false"
"4x4","uct-0500-self-play","45","4","0.166667","2","1+1+1","3","2","1","true"
"4x4","uct-0500-self-play","45","5","0.208333","1","1+1+1","3","2","1","true"
"4x4","uct-0500-self-play","45","6","0.250000","2","1+1+1","3","2","1","true"
"4x4","uct-0500-self-play","45","7","0.291667","1","2+1","2","3","0","false"
"4x4","uct-0500-self-play","45","8","0.333333","2","1+1+1","3","2","1","true"
"4x4","uct-0500-self-play","45","9","0.375000","1","2+1","2","1","2","true"
"4x4","uct-0500-self-play","45","10","0.416667","2","1+1+1","3","2","1","true"
"4x4","uct-0500-self-play","45","11","0.458333","1","1+1+1","3","1","2","true"
"4x4","uct-0500-self-play","45","12","0.500000","2","2+1","2","0","3","false"
"4x4","uct-0500-self-play","45","13","0.541667","1","1+1+1","3","1","2","true"
"4x4","uct-0500-self-play","45","14","0.583333","2","1+1+1","3","1","2","true"
"4x4","uct-0500-self-play","45","15","0.625000","1","1+1+1","3","2","1","true"
"4x4","uct-0500-self-play","45","16","0.666667","2","3","1","1","2","true"
"4x4","uct-0500-self-play","45","17","0.708333","1","2+1","2","0","3","false"
"4x4","uct-0500-self-play","45","18","0.750000","2","2+1","2","1","2","true"
"4x4","uct-0500-self-play","45","19","0.791667","1","3","1","2","1","true"
"4x4","uct-0500-self-play","45","20","0.833333","2","2+1","2","2","1","true"
"4x4","uct-0500-self-play","45","21","0.875000","1","1+1+1","3","0","3","false"
"4x4","uct-0500-self-play","45","22","0.916667","2","1+1+1","3","1","2","true"
"4x4","uct-0500-self-play","45","23","0.958333","1","1+1+1","3","0","3","false"
"4x4","uct-0500-self-play","45","24","1.000000","2","1+1+1","3","1","2","true"
"4x4","uct-0500-self-play","46","1","0.041667","1","1+1+1","3","3","0","false"
"4x4","uct-0500-self-play","46","2","0.083333","2","1+1+1","3","3","0","false"
"4x4","uct-0500-self-play","46","3","0.125000","1","1+1+1","3","2","1","true"
"4x4","uct-0500-self-play","46","4","0.166667","2","1+1+1","3","2","1","true"
"4x4","uct-0500-self-play","46","5","0.208333","1","2+1","2","2","1","true"
"4x4","uct-0500-self-play","46","6","0.250000","2","1+1+1","3","1","2","true"
"4x4","uct-0500-self-play","46","7","0.291667","1","2+1","2","1","2","true"
"4x4","uct-0500-self-play","46","8","0.333333","2","1+1+1","3","1","2","true"
"4x4","uct-0500-self-play","46","9","0.375000","1","2+1","2","0","3","false"
"4x4","uct-0500-self-play","46","10","0.416667","2","2+1","2","0","3","false"
"4x4","uct-0500-self-play","46","11","0.458333","1","1+1+1","3","2","1","true"
"4x4","uct-0500-self-play","46","12","0.500000","2","2+1","2","1","2","true"
"4x4","uct-0500-self-play","46","13","0.541667","1","1+1+1","3","1","2","true"
"4x4","uct-0500-self-play","46","14","0.583333","2","1+1+1","3","2","1","true"
"4x4","uct-0500-self-play","46","15","0.625000","1","2+1","2","1","2","true"
"4x4","uct-0500-self-play","46","16","0.666667","2","1+1+1","3","1","2","true"
"4x4","uct-0500-self-play","46","17","0.708333","1","2+1","2","3","0","false"
"4x4","uct-0500-self-play","46","18","0.750000","2","1+1+1","3","1","2","true"
"4x4","uct-0500-self-play","46","19","0.791667","1","2+1","2","0","3","false"
"4x4","uct-0500-self-play","46","20","0.833333","2","2+1","2","2","1","true"
"4x4","uct-0500-self-play","46","21","0.875000","1","1+1+1","3","1","2","true"
"4x4","uct-0500-self-play","46","22","0.916667","2","1+1+1","3","1","2","true"
"4x4","uct-0500-self-play","46","23","0.958333","1","2+1","2","1","2","true"
"4x4","uct-0500-self-play","46","24","1.000000","2","1+1+1","3","2","1","true"
"4x4","uct-0500-self-play","47","1","0.041667","1","1+1+1","3","3","0","false"
"4x4","uct-0500-self-play","47","2","0.083333","2","1+1+1","3","3","0","false"
"4x4","uct-0500-self-play","47","3","0.125000","1","1+1+1","3","3","0","false"
"4x4","uct-0500-self-play","47","4","0.166667","2","1+1+1","3","3","0","false"
"4x4","uct-0500-self-play","47","5","0.208333","1","1+1+1","3","2","1","true"
"4x4","uct-0500-self-play","47","6","0.250000","2","1+1+1","3","1","2","true"
"4x4","uct-0500-self-play","47","7","0.291667","1","1+1+1","3","1","2","true"
"4x4","uct-0500-self-play","47","8","0.333333","2","1+1+1","3","2","1","true"
"4x4","uct-0500-self-play","47","9","0.375000","1","2+1","2","2","1","true"
"4x4","uct-0500-self-play","47","10","0.416667","2","1+1+1","3","2","1","true"
"4x4","uct-0500-self-play","47","11","0.458333","1","1+1+1","3","1","2","true"
"4x4","uct-0500-self-play","47","12","0.500000","2","1+1+1","3","1","2","true"
"4x4","uct-0500-self-play","47","13","0.541667","1","2+1","2","1","2","true"
"4x4","uct-0500-self-play","47","14","0.583333","2","2+1","2","0","3","false"
"4x4","uct-0500-self-play","47","15","0.625000","1","1+1+1","3","0","3","false"
"4x4","uct-0500-self-play","47","16","0.666667","2","1+1+1","3","0","3","false"
"4x4","uct-0500-self-play","47","17","0.708333","1","1+1+1","3","1","2","true"
"4x4","uct-0500-self-play","47","18","0.750000","2","1+1+1","3","2","1","true"
"4x4","uct-0500-self-play","47","19","0.791667","1","1+1+1","3","0","3","false"
"4x4","uct-0500-self-play","47","20","0.833333","2","3","1","1","2","true"
"4x4","uct-0500-self-play","47","21","0.875000","1","2+1","2","1","2","true"
"4x4","uct-0500-self-play","47","22","0.916667","2","2+1","2","3","0","false"
"4x4","uct-0500-self-play","47","23","0.958333","1","2+1","2","1","2","true"
"4x4","uct-0500-self-play","47","24","1.000000","2","1+1+1","3","3","0","false"
"4x4","uct-0500-self-play","48","1","0.041667","1","2+1","2","3","0","false"
"4x4","uct-0500-self-play","48","2","0.083333","2","2+1","2","3","0","false"
"4x4","uct-0500-self-play","48","3","0.125000","1","1+1+1","3","2","1","true"
"4x4","uct-0500-self-play","48","4","0.166667","2","1+1+1","3","0","3","false"
"4x4","uct-0500-self-play","48","5","0.208333","1","2+1","2","1","2","true"
"4x4","uct-0500-self-play","48","6","0.250000","2","2+1","2","2","1","true"
"4x4","uct-0500-self-play","48","7","0.291667","1","2+1","2","1","2","true"
"4x4","uct-0500-self-play","48","8","0.333333","2","2+1","2","0","3","false"
"4x4","uct-0500-self-play","48","9","0.375000","1","2+1","2","0","3","false"
"4x4","uct-0500-self-play","48","10","0.416667","2","1+1+1","3","1","2","true"
"4x4","uct-0500-self-play","48","11","0.458333","1","1+1+1","3","2","1","true"
"4x4","uct-0500-self-play","48","12","0.500000","2","2+1","2","2","1","true"
"4x4","uct-0500-self-play","48","13","0.541667","1","2+1","2","1","2","true"
"4x4","uct-0500-self-play","48","14","0.583333","2","1+1+1","3","2","1","true"
"4x4","uct-0500-self-play","48","15","0.625000","1","1+1+1","3","1","2","true"
"4x4","uct-0500-self-play","48","16","0.666667","2","1+1+1","3","1","2","true"
"4x4","uct-0500-self-play","48","17","0.708333","1","1+1+1","3","3","0","false"
"4x4","uct-0500-self-play","48","18","0.750000","2","1+1+1","3","1","2","true"
"4x4","uct-0500-self-play","48","19","0.791667","1","1+1+1","3","3","0","false"
"4x4","uct-0500-self-play","48","20","0.833333","2","1+1+1","3","2","1","true"
"4x4","uct-0500-self-play","48","21","0.875000","1","2+1","2","3","0","false"
"4x4","uct-0500-self-play","48","22","0.916667","2","2+1","2","2","1","true"
"4x4","uct-0500-self-play","48","23","0.958333","1","2+1","2","1","2","true"
"4x4","uct-0500-self-play","48","24","1.000000","2","1+1+1","3","1","2","true"
"4x4","uct-0500-self-play","49","1","0.041667","1","1+1+1","3","3","0","false"
"4x4","uct-0500-self-play","49","2","0.083333","2","1+1+1","3","3","0","false"
"4x4","uct-0500-self-play","49","3","0.125000","1","1+1+1","3","2","1","true"
"4x4","uct-0500-self-play","49","4","0.166667","2","1+1+1","3","3","0","false"
"4x4","uct-0500-self-play","49","5","0.208333","1","1+1+1","3","1","2","true"
"4x4","uct-0500-self-play","49","6","0.250000","2","1+1+1","3","1","2","true"
"4x4","uct-0500-self-play","49","7","0.291667","1","1+1+1","3","2","1","true"
"4x4","uct-0500-self-play","49","8","0.333333","2","1+1+1","3","1","2","true"
"4x4","uct-0500-self-play","49","9","0.375000","1","1+1+1","3","0","3","false"
"4x4","uct-0500-self-play","49","10","0.416667","2","1+1+1","3","0","3","false"
"4x4","uct-0500-self-play","49","11","0.458333","1","1+1+1","3","2","1","true"
"4x4","uct-0500-self-play","49","12","0.500000","2","1+1+1","3","2","1","true"
"4x4","uct-0500-self-play","49","13","0.541667","1","3","1","0","3","false"
"4x4","uct-0500-self-play","49","14","0.583333","2","1+1+1","3","0","3","false"
"4x4","uct-0500-self-play","49","15","0.625000","1","2+1","2","0","3","false"
"4x4","uct-0500-self-play","49","16","0.666667","2","1+1+1","3","0","3","false"
"4x4","uct-0500-self-play","49","17","0.708333","1","2+1","2","2","1","true"
"4x4","uct-0500-self-play","49","18","0.750000","2","2+1","2","2","1","true"
"4x4","uct-0500-self-play","49","19","0.791667","1","1+1+1","3","1","2","true"
"4x4","uct-0500-self-play","49","20","0.833333","2","2+1","2","0","3","false"
"4x4","uct-0500-self-play","49","21","0.875000","1","1+1+1","3","2","1","true"
"4x4","uct-0500-self-play","49","22","0.916667","2","1+1+1","3","2","1","true"
"4x4","uct-0500-self-play","49","23","0.958333","1","2+1","2","2","1","true"
"4x4","uct-0500-self-play","49","24","1.000000","2","1+1+1","3","2","1","true"
"4x4","uct-0500-self-play","50","1","0.041667","1","1+1+1","3","3","0","false"
"4x4","uct-0500-self-play","50","2","0.083333","2","1+1+1","3","3","0","false"
"4x4","uct-0500-self-play","50","3","0.125000","1","1+1+1","3","1","2","true"
"4x4","uct-0500-self-play","50","4","0.166667","2","1+1+1","3","2","1","true"
"4x4","uct-0500-self-play","50","5","0.208333","1","2+1","2","1","2","true"
"4x4","uct-0500-self-play","50","6","0.250000","2","1+1+1","3","0","3","false"
"4x4","uct-0500-self-play","50","7","0.291667","1","1+1+1","3","1","2","true"
"4x4","uct-0500-self-play","50","8","0.333333","2","2+1","2","1","2","true"
"4x4","uct-0500-self-play","50","9","0.375000","1","1+1+1","3","0","3","false"
"4x4","uct-0500-self-play","50","10","0.416667","2","1+1+1","3","0","3","false"
"4x4","uct-0500-self-play","50","11","0.458333","1","1+1+1","3","1","2","true"
"4x4","uct-0500-self-play","50","12","0.500000","2","1+1+1","3","1","2","true"
"4x4","uct-0500-self-play","50","13","0.541667","1","2+1","2","2","1","true"
"4x4","uct-0500-self-play","50","14","0.583333","2","1+1+1","3","2","1","true"
"4x4","uct-0500-self-play","50","15","0.625000","1","1+1+1","3","2","1","true"
"4x4","uct-0500-self-play","50","16","0.666667","2","2+1","2","1","2","true"
"4x4","uct-0500-self-play","50","17","0.708333","1","1+1+1","3","0","3","false"
"4x4","uct-0500-self-play","50","18","0.750000","2","2+1","2","1","2","true"
"4x4","uct-0500-self-play","50","19","0.791667","1","1+1+1","3","1","2","true"
"4x4","uct-0500-self-play","50","20","0.833333","2","1+1+1","3","0","3","false"
"4x4","uct-0500-self-play","50","21","0.875000","1","1+1+1","3","0","3","false"
"4x4","uct-0500-self-play","50","22","0.916667","2","2+1","2","1","2","true"
"4x4","uct-0500-self-play","50","23","0.958333","1","2+1","2","2","1","true"
"4x4","uct-0500-self-play","50","24","1.000000","2","1+1+1","3","1","2","true"
"4x4","uct-0500-self-play","51","1","0.041667","1","1+1+1","3","3","0","false"
"4x4","uct-0500-self-play","51","2","0.083333","2","1+1+1","3","3","0","false"
"4x4","uct-0500-self-play","51","3","0.125000","1","2+1","2","2","1","true"
"4x4","uct-0500-self-play","51","4","0.166667","2","1+1+1","3","0","3","false"
"4x4","uct-0500-self-play","51","5","0.208333","1","1+1+1","3","1","2","true"
"4x4","uct-0500-self-play","51","6","0.250000","2","1+1+1","3","1","2","true"
"4x4","uct-0500-self-play","51","7","0.291667","1","1+1+1","3","1","2","true"
"4x4","uct-0500-self-play","51","8","0.333333","2","2+1","2","0","3","false"
"4x4","uct-0500-self-play","51","9","0.375000","1","1+1+1","3","2","1","true"
"4x4","uct-0500-self-play","51","10","0.416667","2","2+1","2","2","1","true"
"4x4","uct-0500-self-play","51","11","0.458333","1","1+1+1","3","0","3","false"
"4x4","uct-0500-self-play","51","12","0.500000","2","1+1+1","3","2","1","true"
"4x4","uct-0500-self-play","51","13","0.541667","1","1+1+1","3","0","3","false"
"4x4","uct-0500-self-play","51","14","0.583333","2","1+1+1","3","1","2","true"
"4x4","uct-0500-self-play","51","15","0.625000","1","1+1+1","3","0","3","false"
"4x4","uct-0500-self-play","51","16","0.666667","2","1+1+1","3","0","3","false"
"4x4","uct-0500-self-play","51","17","0.708333","1","2+1","2","1","2","true"
"4x4","uct-0500-self-play","51","18","0.750000","2","2+1","2","2","1","true"
"4x4","uct-0500-self-play","51","19","0.791667","1","1+1+1","3","1","2","true"
"4x4","uct-0500-self-play","51","20","0.833333","2","1+1+1","3","0","3","false"
"4x4","uct-0500-self-play","51","21","0.875000","1","2+1","2","0","3","false"
"4x4","uct-0500-self-play","51","22","0.916667","2","1+1+1","3","2","1","true"
"4x4","uct-0500-self-play","51","23","0.958333","1","1+1+1","3","3","0","false"
"4x4","uct-0500-self-play","51","24","1.000000","2","1+1+1","3","1","2","true"
"4x4","uct-0500-self-play","52","1","0.041667","1","2+1","2","3","0","false"
"4x4","uct-0500-self-play","52","2","0.083333","2","1+1+1","3","3","0","false"
"4x4","uct-0500-self-play","52","3","0.125000","1","1+1+1","3","2","1","true"
"4x4","uct-0500-self-play","52","4","0.166667","2","1+1+1","3","2","1","true"
"4x4","uct-0500-self-play","52","5","0.208333","1","1+1+1","3","1","2","true"
"4x4","uct-0500-self-play","52","6","0.250000","2","1+1+1","3","2","1","true"
"4x4","uct-0500-self-play","52","7","0.291667","1","1+1+1","3","1","2","true"
"4x4","uct-0500-self-play","52","8","0.333333","2","1+1+1","3","1","2","true"
"4x4","uct-0500-self-play","52","9","0.375000","1","1+1+1","3","1","2","true"
"4x4","uct-0500-self-play","52","10","0.416667","2","3","1","0","3","false"
"4x4","uct-0500-self-play","52","11","0.458333","1","1+1+1","3","0","3","false"
"4x4","uct-0500-self-play","52","12","0.500000","2","1+1+1","3","2","1","true"
"4x4","uct-0500-self-play","52","13","0.541667","1","1+1+1","3","0","3","false"
"4x4","uct-0500-self-play","52","14","0.583333","2","2+1","2","1","2","true"
"4x4","uct-0500-self-play","52","15","0.625000","1","1+1+1","3","2","1","true"
"4x4","uct-0500-self-play","52","16","0.666667","2","1+1+1","3","0","3","false"
"4x4","uct-0500-self-play","52","17","0.708333","1","1+1+1","3","1","2","true"
"4x4","uct-0500-self-play","52","18","0.750000","2","1+1+1","3","0","3","false"
"4x4","uct-0500-self-play","52","19","0.791667","1","2+1","2","1","2","true"
"4x4","uct-0500-self-play","52","20","0.833333","2","1+1+1","3","3","0","false"
"4x4","uct-0500-self-play","52","21","0.875000","1","2+1","2","2","1","true"
"4x4","uct-0500-self-play","52","22","0.916667","2","2+1","2","0","3","false"
"4x4","uct-0500-self-play","52","23","0.958333","1","2+1","2","1","2","true"
"4x4","uct-0500-self-play","52","24","1.000000","2","1+1+1","3","1","2","true"
"4x4","uct-0500-self-play","53","1","0.041667","1","1+1+1","3","3","0","false"
"4x4","uct-0500-self-play","53","2","0.083333","2","1+1+1","3","3","0","false"
"4x4","uct-0500-self-play","53","3","0.125000","1","2+1","2","2","1","true"
"4x4","uct-0500-self-play","53","4","0.166667","2","2+1","2","2","1","true"
"4x4","uct-0500-self-play","53","5","0.208333","1","2+1","2","1","2","true"
"4x4","uct-0500-self-play","53","6","0.250000","2","1+1+1","3","2","1","true"
"4x4","uct-0500-self-play","53","7","0.291667","1","1+1+1","3","2","1","true"
"4x4","uct-0500-self-play","53","8","0.333333","2","2+1","2","1","2","true"
"4x4","uct-0500-self-play","53","9","0.375000","1","2+1","2","1","2","true"
"4x4","uct-0500-self-play","53","10","0.416667","2","1+1+1","3","2","1","true"
"4x4","uct-0500-self-play","53","11","0.458333","1","2+1","2","2","1","true"
"4x4","uct-0500-self-play","53","12","0.500000","2","2+1","2","1","2","true"
"4x4","uct-0500-self-play","53","13","0.541667","1","2+1","2","1","2","true"
"4x4","uct-0500-self-play","53","14","0.583333","2","1+1+1","3","1","2","true"
"4x4","uct-0500-self-play","53","15","0.625000","1","1+1+1","3","1","2","true"
"4x4","uct-0500-self-play","53","16","0.666667","2","1+1+1","3","1","2","true"
"4x4","uct-0500-self-play","53","17","0.708333","1","2+1","2","2","1","true"
"4x4","uct-0500-self-play","53","18","0.750000","2","1+1+1","3","0","3","false"
"4x4","uct-0500-self-play","53","19","0.791667","1","2+1","2","2","1","true"
"4x4","uct-0500-self-play","53","20","0.833333","2","2+1","2","1","2","true"
"4x4","uct-0500-self-play","53","21","0.875000","1","2+1","2","0","3","false"
"4x4","uct-0500-self-play","53","22","0.916667","2","1+1+1","3","1","2","true"
"4x4","uct-0500-self-play","53","23","0.958333","1","1+1+1","3","3","0","false"
"4x4","uct-0500-self-play","53","24","1.000000","2","1+1+1","3","3","0","false"
"4x4","uct-0500-self-play","54","1","0.041667","1","1+1+1","3","3","0","false"
"4x4","uct-0500-self-play","54","2","0.083333","2","1+1+1","3","3","0","false"
"4x4","uct-0500-self-play","54","3","0.125000","1","1+1+1","3","2","1","true"
"4x4","uct-0500-self-play","54","4","0.166667","2","1+1+1","3","1","2","true"
"4x4","uct-0500-self-play","54","5","0.208333","1","2+1","2","2","1","true"
"4x4","uct-0500-self-play","54","6","0.250000","2","1+1+1","3","3","0","false"
"4x4","uct-0500-self-play","54","7","0.291667","1","3","1","3","0","false"
"4x4","uct-0500-self-play","54","8","0.333333","2","2+1","2","1","2","true"
"4x4","uct-0500-self-play","54","9","0.375000","1","1+1+1","3","0","3","false"
"4x4","uct-0500-self-play","54","10","0.416667","2","1+1+1","3","2","1","true"
"4x4","uct-0500-self-play","54","11","0.458333","1","1+1+1","3","3","0","false"
"4x4","uct-0500-self-play","54","12","0.500000","2","1+1+1","3","2","1","true"
"4x4","uct-0500-self-play","54","13","0.541667","1","2+1","2","1","2","true"
"4x4","uct-0500-self-play","54","14","0.583333","2","1+1+1","3","1","2","true"
"4x4","uct-0500-self-play","54","15","0.625000","1","2+1","2","1","2","true"
"4x4","uct-0500-self-play","54","16","0.666667","2","2+1","2","0","3","false"
"4x4","uct-0500-self-play","54","17","0.708333","1","1+1+1","3","0","3","false"
"4x4","uct-0500-self-play","54","18","0.750000","2","2+1","2","2","1","true"
"4x4","uct-0500-self-play","54","19","0.791667","1","2+1","2","2","1","true"
"4x4","uct-0500-self-play","54","20","0.833333","2","2+1","2","0","3","false"
"4x4","uct-0500-self-play","54","21","0.875000","1","2+1","2","2","1","true"
"4x4","uct-0500-self-play","54","22","0.916667","2","2+1","2","1","2","true"
"4x4","uct-0500-self-play","54","23","0.958333","1","2+1","2","0","3","false"
"4x4","uct-0500-self-play","54","24","1.000000","2","1+1+1","3","1","2","true"
"4x4","uct-0500-self-play","55","1","0.041667","1","1+1+1","3","3","0","false"
"4x4","uct-0500-self-play","55","2","0.083333","2","1+1+1","3","3","0","false"
"4x4","uct-0500-self-play","55","3","0.125000","1","1+1+1","3","3","0","false"
"4x4","uct-0500-self-play","55","4","0.166667","2","1+1+1","3","3","0","false"
"4x4","uct-0500-self-play","55","5","0.208333","1","1+1+1","3","1","2","true"
"4x4","uct-0500-self-play","55","6","0.250000","2","1+1+1","3","2","1","true"
"4x4","uct-0500-self-play","55","7","0.291667","1","1+1+1","3","1","2","true"
"4x4","uct-0500-self-play","55","8","0.333333","2","1+1+1","3","2","1","true"
"4x4","uct-0500-self-play","55","9","0.375000","1","1+1+1","3","1","2","true"
"4x4","uct-0500-self-play","55","10","0.416667","2","2+1","2","1","2","true"
"4x4","uct-0500-self-play","55","11","0.458333","1","1+1+1","3","1","2","true"
"4x4","uct-0500-self-play","55","12","0.500000","2","1+1+1","3","0","3","false"
"4x4","uct-0500-self-play","55","13","0.541667","1","2+1","2","0","3","false"
"4x4","uct-0500-self-play","55","14","0.583333","2","1+1+1","3","1","2","true"
"4x4","uct-0500-self-play","55","15","0.625000","1","2+1","2","1","2","true"
"4x4","uct-0500-self-play","55","16","0.666667","2","1+1+1","3","2","1","true"
"4x4","uct-0500-self-play","55","17","0.708333","1","2+1","2","1","2","true"
"4x4","uct-0500-self-play","55","18","0.750000","2","2+1","2","1","2","true"
"4x4","uct-0500-self-play","55","19","0.791667","1","2+1","2","2","1","true"
"4x4","uct-0500-self-play","55","20","0.833333","2","2+1","2","1","2","true"
"4x4","uct-0500-self-play","55","21","0.875000","1","1+1+1","3","1","2","true"
"4x4","uct-0500-self-play","55","22","0.916667","2","2+1","2","0","3","false"
"4x4","uct-0500-self-play","55","23","0.958333","1","2+1","2","2","1","true"
"4x4","uct-0500-self-play","55","24","1.000000","2","3","1","0","3","false"
"4x4","uct-0500-self-play","56","1","0.041667","1","1+1+1","3","3","0","false"
"4x4","uct-0500-self-play","56","2","0.083333","2","2+1","2","3","0","false"
"4x4","uct-0500-self-play","56","3","0.125000","1","2+1","2","2","1","true"
"4x4","uct-0500-self-play","56","4","0.166667","2","1+1+1","3","3","0","false"
"4x4","uct-0500-self-play","56","5","0.208333","1","1+1+1","3","2","1","true"
"4x4","uct-0500-self-play","56","6","0.250000","2","1+1+1","3","2","1","true"
"4x4","uct-0500-self-play","56","7","0.291667","1","2+1","2","2","1","true"
"4x4","uct-0500-self-play","56","8","0.333333","2","2+1","2","0","3","false"
"4x4","uct-0500-self-play","56","9","0.375000","1","1+1+1","3","2","1","true"
"4x4","uct-0500-self-play","56","10","0.416667","2","1+1+1","3","2","1","true"
"4x4","uct-0500-self-play","56","11","0.458333","1","1+1+1","3","0","3","false"
"4x4","uct-0500-self-play","56","12","0.500000","2","2+1","2","1","2","true"
"4x4","uct-0500-self-play","56","13","0.541667","1","1+1+1","3","0","3","false"
"4x4","uct-0500-self-play","56","14","0.583333","2","1+1+1","3","3","0","false"
"4x4","uct-0500-self-play","56","15","0.625000","1","2+1","2","0","3","false"
"4x4","uct-0500-self-play","56","16","0.666667","2","2+1","2","0","3","false"
"4x4","uct-0500-self-play","56","17","0.708333","1","1+1+1","3","1","2","true"
"4x4","uct-0500-self-play","56","18","0.750000","2","1+1+1","3","1","2","true"
"4x4","uct-0500-self-play","56","19","0.791667","1","1+1+1","3","2","1","true"
"4x4","uct-0500-self-play","56","20","0.833333","2","1+1+1","3","2","1","true"
"4x4","uct-0500-self-play","56","21","0.875000","1","2+1","2","2","1","true"
"4x4","uct-0500-self-play","56","22","0.916667","2","1+1+1","3","0","3","false"
"4x4","uct-0500-self-play","56","23","0.958333","1","2+1","2","1","2","true"
"4x4","uct-0500-self-play","56","24","1.000000","2","2+1","2","1","2","true"
"4x4","uct-0500-self-play","57","1","0.041667","1","1+1+1","3","3","0","false"
"4x4","uct-0500-self-play","57","2","0.083333","2","1+1+1","3","3","0","false"
"4x4","uct-0500-self-play","57","3","0.125000","1","2+1","2","2","1","true"
"4x4","uct-0500-self-play","57","4","0.166667","2","1+1+1","3","2","1","true"
"4x4","uct-0500-self-play","57","5","0.208333","1","2+1","2","0","3","false"
"4x4","uct-0500-self-play","57","6","0.250000","2","1+1+1","3","1","2","true"
"4x4","uct-0500-self-play","57","7","0.291667","1","1+1+1","3","2","1","true"
"4x4","uct-0500-self-play","57","8","0.333333","2","2+1","2","2","1","true"
"4x4","uct-0500-self-play","57","9","0.375000","1","1+1+1","3","2","1","true"
"4x4","uct-0500-self-play","57","10","0.416667","2","1+1+1","3","2","1","true"
"4x4","uct-0500-self-play","57","11","0.458333","1","1+1+1","3","2","1","true"
"4x4","uct-0500-self-play","57","12","0.500000","2","2+1","2","0","3","false"
"4x4","uct-0500-self-play","57","13","0.541667","1","1+1+1","3","1","2","true"
"4x4","uct-0500-self-play","57","14","0.583333","2","2+1","2","1","2","true"
"4x4","uct-0500-self-play","57","15","0.625000","1","2+1","2","1","2","true"
"4x4","uct-0500-self-play","57","16","0.666667","2","2+1","2","1","2","true"
"4x4","uct-0500-self-play","57","17","0.708333","1","2+1","2","1","2","true"
"4x4","uct-0500-self-play","57","18","0.750000","2","1+1+1","3","2","1","true"
"4x4","uct-0500-self-play","57","19","0.791667","1","1+1+1","3","2","1","true"
"4x4","uct-0500-self-play","57","20","0.833333","2","2+1","2","0","3","false"
"4x4","uct-0500-self-play","57","21","0.875000","1","1+1+1","3","0","3","false"
"4x4","uct-0500-self-play","57","22","0.916667","2","1+1+1","3","1","2","true"
"4x4","uct-0500-self-play","57","23","0.958333","1","1+1+1","3","1","2","true"
"4x4","uct-0500-self-play","57","24","1.000000","2","2+1","2","1","2","true"
"4x4","uct-0500-self-play","58","1","0.041667","1","2+1","2","3","0","false"
"4x4","uct-0500-self-play","58","2","0.083333","2","1+1+1","3","3","0","false"
"4x4","uct-0500-self-play","58","3","0.125000","1","1+1+1","3","2","1","true"
"4x4","uct-0500-self-play","58","4","0.166667","2","1+1+1","3","3","0","false"
"4x4","uct-0500-self-play","58","5","0.208333","1","1+1+1","3","3","0","false"
"4x4","uct-0500-self-play","58","6","0.250000","2","2+1","2","2","1","true"
"4x4","uct-0500-self-play","58","7","0.291667","1","2+1","2","0","3","false"
"4x4","uct-0500-self-play","58","8","0.333333","2","1+1+1","3","2","1","true"
"4x4","uct-0500-self-play","58","9","0.375000","1","2+1","2","0","3","false"
"4x4","uct-0500-self-play","58","10","0.416667","2","1+1+1","3","3","0","false"
"4x4","uct-0500-self-play","58","11","0.458333","1","2+1","2","2","1","true"
"4x4","uct-0500-self-play","58","12","0.500000","2","1+1+1","3","0","3","false"
"4x4","uct-0500-self-play","58","13","0.541667","1","1+1+1","3","1","2","true"
"4x4","uct-0500-self-play","58","14","0.583333","2","1+1+1","3","1","2","true"
"4x4","uct-0500-self-play","58","15","0.625000","1","1+1+1","3","1","2","true"
"4x4","uct-0500-self-play","58","16","0.666667","2","2+1","2","0","3","false"
"4x4","uct-0500-self-play","58","17","0.708333","1","2+1","2","1","2","true"
"4x4","uct-0500-self-play","58","18","0.750000","2","2+1","2","0","3","false"
"4x4","uct-0500-self-play","58","19","0.791667","1","1+1+1","3","1","2","true"
"4x4","uct-0500-self-play","58","20","0.833333","2","2+1","2","0","3","false"
"4x4","uct-0500-self-play","58","21","0.875000","1","1+1+1","3","0","3","false"
"4x4","uct-0500-self-play","58","22","0.916667","2","1+1+1","3","1","2","true"
"4x4","uct-0500-self-play","58","23","0.958333","1","1+1+1","3","1","2","true"
"4x4","uct-0500-self-play","58","24","1.000000","2","2+1","2","3","0","false"
"4x4","uct-0500-self-play","59","1","0.041667","1","1+1+1","3","3","0","false"
"4x4","uct-0500-self-play","59","2","0.083333","2","1+1+1","3","3","0","false"
"4x4","uct-0500-self-play","59","3","0.125000","1","1+1+1","3","2","1","true"
"4x4","uct-0500-self-play","59","4","0.166667","2","1+1+1","3","2","1","true"
"4x4","uct-0500-self-play","59","5","0.208333","1","1+1+1","3","0","3","false"
"4x4","uct-0500-self-play","59","6","0.250000","2","1+1+1","3","2","1","true"
"4x4","uct-0500-self-play","59","7","0.291667","1","1+1+1","3","2","1","true"
"4x4","uct-0500-self-play","59","8","0.333333","2","1+1+1","3","2","1","true"
"4x4","uct-0500-self-play","59","9","0.375000","1","1+1+1","3","1","2","true"
"4x4","uct-0500-self-play","59","10","0.416667","2","1+1+1","3","2","1","true"
"4x4","uct-0500-self-play","59","11","0.458333","1","2+1","2","2","1","true"
"4x4","uct-0500-self-play","59","12","0.500000","2","1+1+1","3","0","3","false"
"4x4","uct-0500-self-play","59","13","0.541667","1","2+1","2","0","3","false"
"4x4","uct-0500-self-play","59","14","0.583333","2","2+1","2","0","3","false"
"4x4","uct-0500-self-play","59","15","0.625000","1","1+1+1","3","1","2","true"
"4x4","uct-0500-self-play","59","16","0.666667","2","2+1","2","1","2","true"
"4x4","uct-0500-self-play","59","17","0.708333","1","2+1","2","0","3","false"
"4x4","uct-0500-self-play","59","18","0.750000","2","2+1","2","1","2","true"
"4x4","uct-0500-self-play","59","19","0.791667","1","1+1+1","3","1","2","true"
"4x4","uct-0500-self-play","59","20","0.833333","2","2+1","2","1","2","true"
"4x4","uct-0500-self-play","59","21","0.875000","1","1+1+1","3","0","3","false"
"4x4","uct-0500-self-play","59","22","0.916667","2","1+1+1","3","2","1","true"
"4x4","uct-0500-self-play","59","23","0.958333","1","1+1+1","3","3","0","false"
"4x4","uct-0500-self-play","59","24","1.000000","2","1+1+1","3","0","3","false"
"4x4","uct-0500-self-play","60","1","0.041667","1","1+1+1","3","3","0","false"
"4x4","uct-0500-self-play","60","2","0.083333","2","1+1+1","3","3","0","false"
"4x4","uct-0500-self-play","60","3","0.125000","1","2+1","2","0","3","false"
"4x4","uct-0500-self-play","60","4","0.166667","2","1+1+1","3","3","0","false"
"4x4","uct-0500-self-play","60","5","0.208333","1","1+1+1","3","1","2","true"
"4x4","uct-0500-self-play","60","6","0.250000","2","2+1","2","1","2","true"
"4x4","uct-0500-self-play","60","7","0.291667","1","1+1+1","3","1","2","true"
"4x4","uct-0500-self-play","60","8","0.333333","2","1+1+1","3","2","1","true"
"4x4","uct-0500-self-play","60","9","0.375000","1","1+1+1","3","1","2","true"
"4x4","uct-0500-self-play","60","10","0.416667","2","1+1+1","3","1","2","true"
"4x4","uct-0500-self-play","60","11","0.458333","1","1+1+1","3","2","1","true"
"4x4","uct-0500-self-play","60","12","0.500000","2","2+1","2","0","3","false"
"4x4","uct-0500-self-play","60","13","0.541667","1","1+1+1","3","2","1","true"
"4x4","uct-0500-self-play","60","14","0.583333","2","1+1+1","3","2","1","true"
"4x4","uct-0500-self-play","60","15","0.625000","1","1+1+1","3","2","1","true"
"4x4","uct-0500-self-play","60","16","0.666667","2","2+1","2","1","2","true"
"4x4","uct-0500-self-play","60","17","0.708333","1","1+1+1","3","2","1","true"
"4x4","uct-0500-self-play","60","18","0.750000","2","2+1","2","2","1","true"
"4x4","uct-0500-self-play","60","19","0.791667","1","1+1+1","3","1","2","true"
"4x4","uct-0500-self-play","60","20","0.833333","2","2+1","2","1","2","true"
"4x4","uct-0500-self-play","60","21","0.875000","1","1+1+1","3","2","1","true"
"4x4","uct-0500-self-play","60","22","0.916667","2","2+1","2","0","3","false"
"4x4","uct-0500-self-play","60","23","0.958333","1","2+1","2","0","3","false"
"4x4","uct-0500-self-play","60","24","1.000000","2","1+1+1","3","0","3","false"
"4x4","uct-0500-self-play","61","1","0.041667","1","2+1","2","3","0","false"
"4x4","uct-0500-self-play","61","2","0.083333","2","1+1+1","3","3","0","false"
"4x4","uct-0500-self-play","61","3","0.125000","1","1+1+1","3","3","0","false"
"4x4","uct-0500-self-play","61","4","0.166667","2","1+1+1","3","2","1","true"
"4x4","uct-0500-self-play","61","5","0.208333","1","1+1+1","3","1","2","true"
"4x4","uct-0500-self-play","61","6","0.250000","2","1+1+1","3","2","1","true"
"4x4","uct-0500-self-play","61","7","0.291667","1","1+1+1","3","2","1","true"
"4x4","uct-0500-self-play","61","8","0.333333","2","2+1","2","1","2","true"
"4x4","uct-0500-self-play","61","9","0.375000","1","1+1+1","3","2","1","true"
"4x4","uct-0500-self-play","61","10","0.416667","2","1+1+1","3","2","1","true"
"4x4","uct-0500-self-play","61","11","0.458333","1","2+1","2","2","1","true"
"4x4","uct-0500-self-play","61","12","0.500000","2","1+1+1","3","0","3","false"
"4x4","uct-0500-self-play","61","13","0.541667","1","2+1","2","0","3","false"
"4x4","uct-0500-self-play","61","14","0.583333","2","2+1","2","1","2","true"
"4x4","uct-0500-self-play","61","15","0.625000","1","2+1","2","1","2","true"
"4x4","uct-0500-self-play","61","16","0.666667","2","2+1","2","0","3","false"
"4x4","uct-0500-self-play","61","17","0.708333","1","1+1+1","3","2","1","true"
"4x4","uct-0500-self-play","61","18","0.750000","2","2+1","2","2","1","true"
"4x4","uct-0500-self-play","61","19","0.791667","1","1+1+1","3","2","1","true"
"4x4","uct-0500-self-play","61","20","0.833333","2","2+1","2","3","0","false"
"4x4","uct-0500-self-play","61","21","0.875000","1","2+1","2","0","3","false"
"4x4","uct-0500-self-play","61","22","0.916667","2","2+1","2","0","3","false"
"4x4","uct-0500-self-play","61","23","0.958333","1","3","1","3","0","false"
"4x4","uct-0500-self-play","61","24","1.000000","2","1+1+1","3","1","2","true"
"4x4","uct-0500-self-play","62","1","0.041667","1","1+1+1","3","3","0","false"
"4x4","uct-0500-self-play","62","2","0.083333","2","1+1+1","3","3","0","false"
"4x4","uct-0500-self-play","62","3","0.125000","1","2+1","2","2","1","true"
"4x4","uct-0500-self-play","62","4","0.166667","2","1+1+1","3","2","1","true"
"4x4","uct-0500-self-play","62","5","0.208333","1","1+1+1","3","2","1","true"
"4x4","uct-0500-self-play","62","6","0.250000","2","1+1+1","3","3","0","false"
"4x4","uct-0500-self-play","62","7","0.291667","1","1+1+1","3","1","2","true"
"4x4","uct-0500-self-play","62","8","0.333333","2","1+1+1","3","0","3","false"
"4x4","uct-0500-self-play","62","9","0.375000","1","1+1+1","3","2","1","true"
"4x4","uct-0500-self-play","62","10","0.416667","2","2+1","2","1","2","true"
"4x4","uct-0500-self-play","62","11","0.458333","1","1+1+1","3","1","2","true"
"4x4","uct-0500-self-play","62","12","0.500000","2","1+1+1","3","0","3","false"
"4x4","uct-0500-self-play","62","13","0.541667","1","1+1+1","3","1","2","true"
"4x4","uct-0500-self-play","62","14","0.583333","2","1+1+1","3","2","1","true"
"4x4","uct-0500-self-play","62","15","0.625000","1","1+1+1","3","1","2","true"
"4x4","uct-0500-self-play","62","16","0.666667","2","1+1+1","3","0","3","false"
"4x4","uct-0500-self-play","62","17","0.708333","1","1+1+1","3","3","0","false"
"4x4","uct-0500-self-play","62","18","0.750000","2","1+1+1","3","2","1","true"
"4x4","uct-0500-self-play","62","19","0.791667","1","1+1+1","3","3","0","false"
"4x4","uct-0500-self-play","62","20","0.833333","2","2+1","2","2","1","true"
"4x4","uct-0500-self-play","62","21","0.875000","1","1+1+1","3","3","0","false"
"4x4","uct-0500-self-play","62","22","0.916667","2","1+1+1","3","2","1","true"
"4x4","uct-0500-self-play","62","23","0.958333","1","2+1","2","2","1","true"
"4x4","uct-0500-self-play","62","24","1.000000","2","1+1+1","3","2","1","true"
"4x4","uct-0500-self-play","63","1","0.041667","1","2+1","2","3","0","false"
"4x4","uct-0500-self-play","63","2","0.083333","2","2+1","2","3","0","false"
"4x4","uct-0500-self-play","63","3","0.125000","1","1+1+1","3","1","2","true"
"4x4","uct-0500-self-play","63","4","0.166667","2","2+1","2","1","2","true"
"4x4","uct-0500-self-play","63","5","0.208333","1","1+1+1","3","2","1","true"
"4x4","uct-0500-self-play","63","6","0.250000","2","1+1+1","3","2","1","true"
"4x4","uct-0500-self-play","63","7","0.291667","1","1+1+1","3","1","2","true"
"4x4","uct-0500-self-play","63","8","0.333333","2","2+1","2","0","3","false"
"4x4","uct-0500-self-play","63","9","0.375000","1","1+1+1","3","0","3","false"
"4x4","uct-0500-self-play","63","10","0.416667","2","1+1+1","3","1","2","true"
"4x4","uct-0500-self-play","63","11","0.458333","1","1+1+1","3","1","2","true"
"4x4","uct-0500-self-play","63","12","0.500000","2","2+1","2","1","2","true"
"4x4","uct-0500-self-play","63","13","0.541667","1","1+1+1","3","0","3","false"
"4x4","uct-0500-self-play","63","14","0.583333","2","3","1","2","1","true"
"4x4","uct-0500-self-play","63","15","0.625000","1","2+1","2","2","1","true"
"4x4","uct-0500-self-play","63","16","0.666667","2","2+1","2","2","1","true"
"4x4","uct-0500-self-play","63","17","0.708333","1","1+1+1","3","1","2","true"
"4x4","uct-0500-self-play","63","18","0.750000","2","2+1","2","3","0","false"
"4x4","uct-0500-self-play","63","19","0.791667","1","1+1+1","3","1","2","true"
"4x4","uct-0500-self-play","63","20","0.833333","2","1+1+1","3","3","0","false"
"4x4","uct-0500-self-play","63","21","0.875000","1","1+1+1","3","1","2","true"
"4x4","uct-0500-self-play","63","22","0.916667","2","2+1","2","2","1","true"
"4x4","uct-0500-self-play","63","23","0.958333","1","2+1","2","2","1","true"
"4x4","uct-0500-self-play","63","24","1.000000","2","2+1","2","3","0","false"
"4x4","uct-0500-self-play","64","1","0.041667","1","1+1+1","3","3","0","false"
"4x4","uct-0500-self-play","64","2","0.083333","2","2+1","2","3","0","false"
"4x4","uct-0500-self-play","64","3","0.125000","1","3","1","3","0","false"
"4x4","uct-0500-self-play","64","4","0.166667","2","1+1+1","3","2","1","true"
"4x4","uct-0500-self-play","64","5","0.208333","1","2+1","2","1","2","true"
"4x4","uct-0500-self-play","64","6","0.250000","2","1+1+1","3","2","1","true"
"4x4","uct-0500-self-play","64","7","0.291667","1","1+1+1","3","2","1","true"
"4x4","uct-0500-self-play","64","8","0.333333","2","2+1","2","1","2","true"
"4x4","uct-0500-self-play","64","9","0.375000","1","3","1","1","2","true"
"4x4","uct-0500-self-play","64","10","0.416667","2","3","1","0","3","false"
"4x4","uct-0500-self-play","64","11","0.458333","1","1+1+1","3","1","2","true"
"4x4","uct-0500-self-play","64","12","0.500000","2","1+1+1","3","1","2","true"
"4x4","uct-0500-self-play","64","13","0.541667","1","1+1+1","3","1","2","true"
"4x4","uct-0500-self-play","64","14","0.583333","2","1+1+1","3","3","0","false"
"4x4","uct-0500-self-play","64","15","0.625000","1","2+1","2","0","3","false"
"4x4","uct-0500-self-play","64","16","0.666667","2","2+1","2","0","3","false"
"4x4","uct-0500-self-play","64","17","0.708333","1","2+1","2","2","1","true"
"4x4","uct-0500-self-play","64","18","0.750000","2","2+1","2","0","3","false"
"4x4","uct-0500-self-play","64","19","0.791667","1","2+1","2","0","3","false"
"4x4","uct-0500-self-play","64","20","0.833333","2","1+1+1","3","1","2","true"
"4x4","uct-0500-self-play","64","21","0.875000","1","3","1","2","1","true"
"4x4","uct-0500-self-play","64","22","0.916667","2","3","1","1","2","true"
"4x4","uct-0500-self-play","64","23","0.958333","1","2+1","2","1","2","true"
"4x4","uct-0500-self-play","64","24","1.000000","2","2+1","2","2","1","true"
"4x4","uct-0500-self-play","65","1","0.041667","1","1+1+1","3","3","0","false"
"4x4","uct-0500-self-play","65","2","0.083333","2","1+1+1","3","3","0","false"
"4x4","uct-0500-self-play","65","3","0.125000","1","2+1","2","2","1","true"
"4x4","uct-0500-self-play","65","4","0.166667","2","1+1+1","3","1","2","true"
"4x4","uct-0500-self-play","65","5","0.208333","1","1+1+1","3","1","2","true"
"4x4","uct-0500-self-play","65","6","0.250000","2","1+1+1","3","2","1","true"
"4x4","uct-0500-self-play","65","7","0.291667","1","2+1","2","1","2","true"
"4x4","uct-0500-self-play","65","8","0.333333","2","2+1","2","1","2","true"
"4x4","uct-0500-self-play","65","9","0.375000","1","2+1","2","2","1","true"
"4x4","uct-0500-self-play","65","10","0.416667","2","2+1","2","1","2","true"
"4x4","uct-0500-self-play","65","11","0.458333","1","1+1+1","3","2","1","true"
"4x4","uct-0500-self-play","65","12","0.500000","2","1+1+1","3","1","2","true"
"4x4","uct-0500-self-play","65","13","0.541667","1","2+1","2","2","1","true"
"4x4","uct-0500-self-play","65","14","0.583333","2","1+1+1","3","2","1","true"
"4x4","uct-0500-self-play","65","15","0.625000","1","1+1+1","3","1","2","true"
"4x4","uct-0500-self-play","65","16","0.666667","2","1+1+1","3","1","2","true"
"4x4","uct-0500-self-play","65","17","0.708333","1","2+1","2","1","2","true"
"4x4","uct-0500-self-play","65","18","0.750000","2","1+1+1","3","2","1","true"
"4x4","uct-0500-self-play","65","19","0.791667","1","1+1+1","3","0","3","false"
"4x4","uct-0500-self-play","65","20","0.833333","2","2+1","2","0","3","false"
"4x4","uct-0500-self-play","65","21","0.875000","1","1+1+1","3","1","2","true"
"4x4","uct-0500-self-play","65","22","0.916667","2","1+1+1","3","0","3","false"
"4x4","uct-0500-self-play","65","23","0.958333","1","1+1+1","3","0","3","false"
"4x4","uct-0500-self-play","65","24","1.000000","2","2+1","2","0","3","false"
"4x4","uct-0500-self-play","66","1","0.041667","1","1+1+1","3","3","0","false"
"4x4","uct-0500-self-play","66","2","0.083333","2","1+1+1","3","3","0","false"
"4x4","uct-0500-self-play","66","3","0.125000","1","1+1+1","3","3","0","false"
"4x4","uct-0500-self-play","66","4","0.166667","2","2+1","2","2","1","true"
"4x4","uct-0500-self-play","66","5","0.208333","1","1+1+1","3","1","2","true"
"4x4","uct-0500-self-play","66","6","0.250000","2","3","1","1","2","true"
"4x4","uct-0500-self-play","66","7","0.291667","1","1+1+1","3","2","1","true"
"4x4","uct-0500-self-play","66","8","0.333333","2","2+1","2","3","0","false"
"4x4","uct-0500-self-play","66","9","0.375000","1","1+1+1","3","1","2","true"
"4x4","uct-0500-self-play","66","10","0.416667","2","1+1+1","3","2","1","true"
"4x4","uct-0500-self-play","66","11","0.458333","1","2+1","2","1","2","true"
"4x4","uct-0500-self-play","66","12","0.500000","2","2+1","2","1","2","true"
"4x4","uct-0500-self-play","66","13","0.541667","1","1+1+1","3","1","2","true"
"4x4","uct-0500-self-play","66","14","0.583333","2","1+1+1","3","2","1","true"
"4x4","uct-0500-self-play","66","15","0.625000","1","2+1","2","2","1","true"
"4x4","uct-0500-self-play","66","16","0.666667","2","3","1","0","3","false"
"4x4","uct-0500-self-play","66","17","0.708333","1","2+1","2","0","3","false"
"4x4","uct-0500-self-play","66","18","0.750000","2","2+1","2","2","1","true"
"4x4","uct-0500-self-play","66","19","0.791667","1","2+1","2","1","2","true"
"4x4","uct-0500-self-play","66","20","0.833333","2","2+1","2","0","3","false"
"4x4","uct-0500-self-play","66","21","0.875000","1","1+1+1","3","2","1","true"
"4x4","uct-0500-self-play","66","22","0.916667","2","1+1+1","3","2","1","true"
"4x4","uct-0500-self-play","66","23","0.958333","1","2+1","2","1","2","true"
"4x4","uct-0500-self-play","66","24","1.000000","2","1+1+1","3","0","3","false"
"4x4","uct-0500-self-play","67","1","0.041667","1","1+1+1","3","3","0","false"
"4x4","uct-0500-self-play","67","2","0.083333","2","1+1+1","3","3","0","false"
"4x4","uct-0500-self-play","67","3","0.125000","1","1+1+1","3","1","2","true"
"4x4","uct-0500-self-play","67","4","0.166667","2","3","1","3","0","false"
"4x4","uct-0500-self-play","67","5","0.208333","1","1+1+1","3","1","2","true"
"4x4","uct-0500-self-play","67","6","0.250000","2","1+1+1","3","0","3","false"
"4x4","uct-0500-self-play","67","7","0.291667","1","1+1+1","3","2","1","true"
"4x4","uct-0500-self-play","67","8","0.333333","2","1+1+1","3","2","1","true"
"4x4","uct-0500-self-play","67","9","0.375000","1","1+1+1","3","1","2","true"
"4x4","uct-0500-self-play","67","10","0.416667","2","1+1+1","3","2","1","true"
"4x4","uct-0500-self-play","67","11","0.458333","1","2+1","2","1","2","true"
"4x4","uct-0500-self-play","67","12","0.500000","2","1+1+1","3","1","2","true"
"4x4","uct-0500-self-play","67","13","0.541667","1","1+1+1","3","0","3","false"
"4x4","uct-0500-self-play","67","14","0.583333","2","2+1","2","0","3","false"
"4x4","uct-0500-self-play","67","15","0.625000","1","2+1","2","0","3","false"
"4x4","uct-0500-self-play","67","16","0.666667","2","1+1+1","3","1","2","true"
"4x4","uct-0500-self-play","67","17","0.708333","1","1+1+1","3","1","2","true"
"4x4","uct-0500-self-play","67","18","0.750000","2","1+1+1","3","0","3","false"
"4x4","uct-0500-self-play","67","19","0.791667","1","1+1+1","3","1","2","true"
"4x4","uct-0500-self-play","67","20","0.833333","2","1+1+1","3","2","1","true"
"4x4","uct-0500-self-play","67","21","0.875000","1","1+1+1","3","2","1","true"
"4x4","uct-0500-self-play","67","22","0.916667","2","1+1+1","3","3","0","false"
"4x4","uct-0500-self-play","67","23","0.958333","1","1+1+1","3","3","0","false"
"4x4","uct-0500-self-play","67","24","1.000000","2","1+1+1","3","3","0","false"
"4x4","uct-0500-self-play","68","1","0.041667","1","1+1+1","3","3","0","false"
"4x4","uct-0500-self-play","68","2","0.083333","2","2+1","2","3","0","false"
"4x4","uct-0500-self-play","68","3","0.125000","1","1+1+1","3","1","2","true"
"4x4","uct-0500-self-play","68","4","0.166667","2","1+1+1","3","2","1","true"
"4x4","uct-0500-self-play","68","5","0.208333","1","1+1+1","3","0","3","false"
"4x4","uct-0500-self-play","68","6","0.250000","2","1+1+1","3","2","1","true"
"4x4","uct-0500-self-play","68","7","0.291667","1","1+1+1","3","1","2","true"
"4x4","uct-0500-self-play","68","8","0.333333","2","1+1+1","3","0","3","false"
"4x4","uct-0500-self-play","68","9","0.375000","1","1+1+1","3","1","2","true"
"4x4","uct-0500-self-play","68","10","0.416667","2","1+1+1","3","1","2","true"
"4x4","uct-0500-self-play","68","11","0.458333","1","2+1","2","1","2","true"
"4x4","uct-0500-self-play","68","12","0.500000","2","1+1+1","3","1","2","true"
"4x4","uct-0500-self-play","68","13","0.541667","1","1+1+1","3","1","2","true"
"4x4","uct-0500-self-play","68","14","0.583333","2","3","1","1","2","true"
"4x4","uct-0500-self-play","68","15","0.625000","1","1+1+1","3","2","1","true"
"4x4","uct-0500-self-play","68","16","0.666667","2","1+1+1","3","0","3","false"
"4x4","uct-0500-self-play","68","17","0.708333","1","2+1","2","0","3","false"
"4x4","uct-0500-self-play","68","18","0.750000","2","2+1","2","1","2","true"
"4x4","uct-0500-self-play","68","19","0.791667","1","1+1+1","3","2","1","true"
"4x4","uct-0500-self-play","68","20","0.833333","2","2+1","2","0","3","false"
"4x4","uct-0500-self-play","68","21","0.875000","1","1+1+1","3","1","2","true"
"4x4","uct-0500-self-play","68","22","0.916667","2","2+1","2","2","1","true"
"4x4","uct-0500-self-play","68","23","0.958333","1","2+1","2","2","1","true"
"4x4","uct-0500-self-play","68","24","1.000000","2","1+1+1","3","2","1","true"
"4x4","uct-0500-self-play","69","1","0.041667","1","1+1+1","3","3","0","false"
"4x4","uct-0500-self-play","69","2","0.083333","2","1+1+1","3","3","0","false"
"4x4","uct-0500-self-play","69","3","0.125000","1","2+1","2","2","1","true"
"4x4","uct-0500-self-play","69","4","0.166667","2","2+1","2","2","1","true"
"4x4","uct-0500-self-play","69","5","0.208333","1","1+1+1","3","2","1","true"
"4x4","uct-0500-self-play","69","6","0.250000","2","2+1","2","3","0","false"
"4x4","uct-0500-self-play","69","7","0.291667","1","2+1","2","1","2","true"
"4x4","uct-0500-self-play","69","8","0.333333","2","1+1+1","3","2","1","true"
"4x4","uct-0500-self-play","69","9","0.375000","1","2+1","2","1","2","true"
"4x4","uct-0500-self-play","69","10","0.416667","2","1+1+1","3","1","2","true"
"4x4","uct-0500-self-play","69","11","0.458333","1","1+1+1","3","0","3","false"
"4x4","uct-0500-self-play","69","12","0.500000","2","1+1+1","3","0","3","false"
"4x4","uct-0500-self-play","69","13","0.541667","1","2+1","2","1","2","true"
"4x4","uct-0500-self-play","69","14","0.583333","2","2+1","2","2","1","true"
"4x4","uct-0500-self-play","69","15","0.625000","1","1+1+1","3","2","1","true"
"4x4","uct-0500-self-play","69","16","0.666667","2","1+1+1","3","0","3","false"
"4x4","uct-0500-self-play","69","17","0.708333","1","2+1","2","0","3","false"
"4x4","uct-0500-self-play","69","18","0.750000","2","1+1+1","3","1","2","true"
"4x4","uct-0500-self-play","69","19","0.791667","1","2+1","2","2","1","true"
"4x4","uct-0500-self-play","69","20","0.833333","2","1+1+1","3","3","0","false"
"4x4","uct-0500-self-play","69","21","0.875000","1","1+1+1","3","3","0","false"
"4x4","uct-0500-self-play","69","22","0.916667","2","1+1+1","3","1","2","true"
"4x4","uct-0500-self-play","69","23","0.958333","1","2+1","2","0","3","false"
"4x4","uct-0500-self-play","69","24","1.000000","2","1+1+1","3","2","1","true"
"4x4","uct-0500-self-play","70","1","0.041667","1","1+1+1","3","3","0","false"
"4x4","uct-0500-self-play","70","2","0.083333","2","3","1","3","0","false"
"4x4","uct-0500-self-play","70","3","0.125000","1","1+1+1","3","1","2","true"
"4x4","uct-0500-self-play","70","4","0.166667","2","2+1","2","1","2","true"
"4x4","uct-0500-self-play","70","5","0.208333","1","1+1+1","3","1","2","true"
"4x4","uct-0500-self-play","70","6","0.250000","2","1+1+1","3","1","2","true"
"4x4","uct-0500-self-play","70","7","0.291667","1","1+1+1","3","1","2","true"
"4x4","uct-0500-self-play","70","8","0.333333","2","1+1+1","3","1","2","true"
"4x4","uct-0500-self-play","70","9","0.375000","1","1+1+1","3","0","3","false"
"4x4","uct-0500-self-play","70","10","0.416667","2","1+1+1","3","2","1","true"
"4x4","uct-0500-self-play","70","11","0.458333","1","1+1+1","3","2","1","true"
"4x4","uct-0500-self-play","70","12","0.500000","2","1+1+1","3","1","2","true"
"4x4","uct-0500-self-play","70","13","0.541667","1","2+1","2","0","3","false"
"4x4","uct-0500-self-play","70","14","0.583333","2","2+1","2","0","3","false"
"4x4","uct-0500-self-play","70","15","0.625000","1","1+1+1","3","0","3","false"
"4x4","uct-0500-self-play","70","16","0.666667","2","2+1","2","1","2","true"
"4x4","uct-0500-self-play","70","17","0.708333","1","1+1+1","3","2","1","true"
"4x4","uct-0500-self-play","70","18","0.750000","2","2+1","2","0","3","false"
"4x4","uct-0500-self-play","70","19","0.791667","1","1+1+1","3","2","1","true"
"4x4","uct-0500-self-play","70","20","0.833333","2","2+1","2","2","1","true"
"4x4","uct-0500-self-play","70","21","0.875000","1","1+1+1","3","2","1","true"
"4x4","uct-0500-self-play","70","22","0.916667","2","2+1","2","1","2","true"
"4x4","uct-0500-self-play","70","23","0.958333","1","2+1","2","1","2","true"
"4x4","uct-0500-self-play","70","24","1.000000","2","1+1+1","3","3","0","false"
"4x4","uct-0500-self-play","71","1","0.041667","1","1+1+1","3","3","0","false"
"4x4","uct-0500-self-play","71","2","0.083333","2","2+1","2","3","0","false"
"4x4","uct-0500-self-play","71","3","0.125000","1","2+1","2","2","1","true"
"4x4","uct-0500-self-play","71","4","0.166667","2","2+1","2","3","0","false"
"4x4","uct-0500-self-play","71","5","0.208333","1","2+1","2","1","2","true"
"4x4","uct-0500-self-play","71","6","0.250000","2","1+1+1","3","2","1","true"
"4x4","uct-0500-self-play","71","7","0.291667","1","1+1+1","3","2","1","true"
"4x4","uct-0500-self-play","71","8","0.333333","2","1+1+1","3","1","2","true"
"4x4","uct-0500-self-play","71","9","0.375000","1","2+1","2","1","2","true"
"4x4","uct-0500-self-play","71","10","0.416667","2","2+1","2","0","3","false"
"4x4","uct-0500-self-play","71","11","0.458333","1","2+1","2","1","2","true"
"4x4","uct-0500-self-play","71","12","0.500000","2","2+1","2","2","1","true"
"4x4","uct-0500-self-play","71","13","0.541667","1","1+1+1","3","0","3","false"
"4x4","uct-0500-self-play","71","14","0.583333","2","1+1+1","3","0","3","false"
"4x4","uct-0500-self-play","71","15","0.625000","1","1+1+1","3","1","2","true"
"4x4","uct-0500-self-play","71","16","0.666667","2","2+1","2","0","3","false"
"4x4","uct-0500-self-play","71","17","0.708333","1","2+1","2","0","3","false"
"4x4","uct-0500-self-play","71","18","0.750000","2","2+1","2","2","1","true"
"4x4","uct-0500-self-play","71","19","0.791667","1","1+1+1","3","1","2","true"
"4x4","uct-0500-self-play","71","20","0.833333","2","2+1","2","0","3","false"
"4x4","uct-0500-self-play","71","21","0.875000","1","1+1+1","3","2","1","true"
"4x4","uct-0500-self-play","71","22","0.916667","2","1+1+1","3","1","2","true"
"4x4","uct-0500-self-play","71","23","0.958333","1","1+1+1","3","0","3","false"
"4x4","uct-0500-self-play","71","24","1.000000","2","1+1+1","3","1","2","true"
"4x4","uct-0500-self-play","72","1","0.041667","1","1+1+1","3","3","0","false"
"4x4","uct-0500-self-play","72","2","0.083333","2","2+1","2","3","0","false"
"4x4","uct-0500-self-play","72","3","0.125000","1","2+1","2","1","2","true"
"4x4","uct-0500-self-play","72","4","0.166667","2","1+1+1","3","3","0","false"
"4x4","uct-0500-self-play","72","5","0.208333","1","2+1","2","2","1","true"
"4x4","uct-0500-self-play","72","6","0.250000","2","1+1+1","3","2","1","true"
"4x4","uct-0500-self-play","72","7","0.291667","1","1+1+1","3","2","1","true"
"4x4","uct-0500-self-play","72","8","0.333333","2","2+1","2","3","0","false"
"4x4","uct-0500-self-play","72","9","0.375000","1","1+1+1","3","1","2","true"
"4x4","uct-0500-self-play","72","10","0.416667","2","2+1","2","3","0","false"
"4x4","uct-0500-self-play","72","11","0.458333","1","1+1+1","3","1","2","true"
"4x4","uct-0500-self-play","72","12","0.500000","2","1+1+1","3","2","1","true"
"4x4","uct-0500-self-play","72","13","0.541667","1","1+1+1","3","3","0","false"
"4x4","uct-0500-self-play","72","14","0.583333","2","1+1+1","3","0","3","false"
"4x4","uct-0500-self-play","72","15","0.625000","1","1+1+1","3","1","2","true"
"4x4","uct-0500-self-play","72","16","0.666667","2","1+1+1","3","1","2","true"
"4x4","uct-0500-self-play","72","17","0.708333","1","1+1+1","3","2","1","true"
"4x4","uct-0500-self-play","72","18","0.750000","2","2+1","2","0","3","false"
"4x4","uct-0500-self-play","72","19","0.791667","1","2+1","2","0","3","false"
"4x4","uct-0500-self-play","72","20","0.833333","2","1+1+1","3","0","3","false"
"4x4","uct-0500-self-play","72","21","0.875000","1","2+1","2","1","2","true"
"4x4","uct-0500-self-play","72","22","0.916667","2","1+1+1","3","1","2","true"
"4x4","uct-0500-self-play","72","23","0.958333","1","2+1","2","3","0","false"
"4x4","uct-0500-self-play","72","24","1.000000","2","2+1","2","1","2","true"
"4x4","uct-0500-self-play","73","1","0.041667","1","1+1+1","3","3","0","false"
"4x4","uct-0500-self-play","73","2","0.083333","2","2+1","2","3","0","false"
"4x4","uct-0500-self-play","73","3","0.125000","1","1+1+1","3","1","2","true"
"4x4","uct-0500-self-play","73","4","0.166667","2","1+1+1","3","2","1","true"
"4x4","uct-0500-self-play","73","5","0.208333","1","2+1","2","2","1","true"
"4x4","uct-0500-self-play","73","6","0.250000","2","1+1+1","3","2","1","true"
"4x4","uct-0500-self-play","73","7","0.291667","1","1+1+1","3","1","2","true"
"4x4","uct-0500-self-play","73","8","0.333333","2","2+1","2","2","1","true"
"4x4","uct-0500-self-play","73","9","0.375000","1","1+1+1","3","1","2","true"
"4x4","uct-0500-self-play","73","10","0.416667","2","1+1+1","3","2","1","true"
"4x4","uct-0500-self-play","73","11","0.458333","1","1+1+1","3","2","1","true"
"4x4","uct-0500-self-play","73","12","0.500000","2","1+1+1","3","1","2","true"
"4x4","uct-0500-self-play","73","13","0.541667","1","1+1+1","3","1","2","true"
"4x4","uct-0500-self-play","73","14","0.583333","2","2+1","2","0","3","false"
"4x4","uct-0500-self-play","73","15","0.625000","1","2+1","2","0","3","false"
"4x4","uct-0500-self-play","73","16","0.666667","2","2+1","2","3","0","false"
"4x4","uct-0500-self-play","73","17","0.708333","1","1+1+1","3","3","0","false"
"4x4","uct-0500-self-play","73","18","0.750000","2","1+1+1","3","0","3","false"
"4x4","uct-0500-self-play","73","19","0.791667","1","1+1+1","3","1","2","true"
"4x4","uct-0500-self-play","73","20","0.833333","2","1+1+1","3","0","3","false"
"4x4","uct-0500-self-play","73","21","0.875000","1","1+1+1","3","2","1","true"
"4x4","uct-0500-self-play","73","22","0.916667","2","1+1+1","3","1","2","true"
"4x4","uct-0500-self-play","73","23","0.958333","1","1+1+1","3","2","1","true"
"4x4","uct-0500-self-play","73","24","1.000000","2","1+1+1","3","2","1","true"
"4x4","uct-0500-self-play","74","1","0.041667","1","1+1+1","3","3","0","false"
"4x4","uct-0500-self-play","74","2","0.083333","2","1+1+1","3","3","0","false"
"4x4","uct-0500-self-play","74","3","0.125000","1","1+1+1","3","1","2","true"
"4x4","uct-0500-self-play","74","4","0.166667","2","1+1+1","3","2","1","true"
"4x4","uct-0500-self-play","74","5","0.208333","1","2+1","2","0","3","false"
"4x4","uct-0500-self-play","74","6","0.250000","2","1+1+1","3","1","2","true"
"4x4","uct-0500-self-play","74","7","0.291667","1","2+1","2","2","1","true"
"4x4","uct-0500-self-play","74","8","0.333333","2","1+1+1","3","2","1","true"
"4x4","uct-0500-self-play","74","9","0.375000","1","2+1","2","2","1","true"
"4x4","uct-0500-self-play","74","10","0.416667","2","1+1+1","3","0","3","false"
"4x4","uct-0500-self-play","74","11","0.458333","1","1+1+1","3","2","1","true"
"4x4","uct-0500-self-play","74","12","0.500000","2","1+1+1","3","1","2","true"
"4x4","uct-0500-self-play","74","13","0.541667","1","1+1+1","3","1","2","true"
"4x4","uct-0500-self-play","74","14","0.583333","2","2+1","2","2","1","true"
"4x4","uct-0500-self-play","74","15","0.625000","1","1+1+1","3","1","2","true"
"4x4","uct-0500-self-play","74","16","0.666667","2","1+1+1","3","1","2","true"
"4x4","uct-0500-self-play","74","17","0.708333","1","1+1+1","3","1","2","true"
"4x4","uct-0500-self-play","74","18","0.750000","2","2+1","2","1","2","true"
"4x4","uct-0500-self-play","74","19","0.791667","1","1+1+1","3","1","2","true"
"4x4","uct-0500-self-play","74","20","0.833333","2","2+1","2","0","3","false"
"4x4","uct-0500-self-play","74","21","0.875000","1","1+1+1","3","2","1","true"
"4x4","uct-0500-self-play","74","22","0.916667","2","1+1+1","3","2","1","true"
"4x4","uct-0500-self-play","74","23","0.958333","1","2+1","2","2","1","true"
"4x4","uct-0500-self-play","74","24","1.000000","2","2+1","2","1","2","true"
"4x4","uct-0500-self-play","75","1","0.041667","1","1+1+1","3","3","0","false"
"4x4","uct-0500-self-play","75","2","0.083333","2","1+1+1","3","3","0","false"
"4x4","uct-0500-self-play","75","3","0.125000","1","1+1+1","3","1","2","true"
"4x4","uct-0500-self-play","75","4","0.166667","2","2+1","2","1","2","true"
"4x4","uct-0500-self-play","75","5","0.208333","1","1+1+1","3","2","1","true"
"4x4","uct-0500-self-play","75","6","0.250000","2","2+1","2","1","2","true"
"4x4","uct-0500-self-play","75","7","0.291667","1","1+1+1","3","1","2","true"
"4x4","uct-0500-self-play","75","8","0.333333","2","1+1+1","3","2","1","true"
"4x4","uct-0500-self-play","75","9","0.375000","1","2+1","2","1","2","true"
"4x4","uct-0500-self-play","75","10","0.416667","2","1+1+1","3","1","2","true"
"4x4","uct-0500-self-play","75","11","0.458333","1","1+1+1","3","1","2","true"
"4x4","uct-0500-self-play","75","12","0.500000","2","1+1+1","3","1","2","true"
"4x4","uct-0500-self-play","75","13","0.541667","1","2+1","2","1","2","true"
"4x4","uct-0500-self-play","75","14","0.583333","2","2+1","2","0","3","false"
"4x4","uct-0500-self-play","75","15","0.625000","1","1+1+1","3","1","2","true"
"4x4","uct-0500-self-play","75","16","0.666667","2","1+1+1","3","2","1","true"
"4x4","uct-0500-self-play","75","17","0.708333","1","2+1","2","0","3","false"
"4x4","uct-0500-self-play","75","18","0.750000","2","1+1+1","3","0","3","false"
"4x4","uct-0500-self-play","75","19","0.791667","1","1+1+1","3","2","1","true"
"4x4","uct-0500-self-play","75","20","0.833333","2","2+1","2","0","3","false"
"4x4","uct-0500-self-play","75","21","0.875000","1","1+1+1","3","1","2","true"
"4x4","uct-0500-self-play","75","22","0.916667","2","2+1","2","2","1","true"
"4x4","uct-0500-self-play","75","23","0.958333","1","1+1+1","3","3","0","false"
"4x4","uct-0500-self-play","75","24","1.000000","2","1+1+1","3","2","1","true"
"4x4","uct-0500-self-play","76","1","0.041667","1","1+1+1","3","3","0","false"
"4x4","uct-0500-self-play","76","2","0.083333","2","1+1+1","3","3","0","false"
"4x4","uct-0500-self-play","76","3","0.125000","1","2+1","2","2","1","true"
"4x4","uct-0500-self-play","76","4","0.166667","2","1+1+1","3","2","1","true"
"4x4","uct-0500-self-play","76","5","0.208333","1","1+1+1","3","2","1","true"
"4x4","uct-0500-self-play","76","6","0.250000","2","2+1","2","2","1","true"
"4x4","uct-0500-self-play","76","7","0.291667","1","1+1+1","3","1","2","true"
"4x4","uct-0500-self-play","76","8","0.333333","2","1+1+1","3","2","1","true"
"4x4","uct-0500-self-play","76","9","0.375000","1","2+1","2","3","0","false"
"4x4","uct-0500-self-play","76","10","0.416667","2","1+1+1","3","2","1","true"
"4x4","uct-0500-self-play","76","11","0.458333","1","1+1+1","3","2","1","true"
"4x4","uct-0500-self-play","76","12","0.500000","2","2+1","2","3","0","false"
"4x4","uct-0500-self-play","76","13","0.541667","1","2+1","2","1","2","true"
"4x4","uct-0500-self-play","76","14","0.583333","2","2+1","2","0","3","false"
"4x4","uct-0500-self-play","76","15","0.625000","1","1+1+1","3","2","1","true"
"4x4","uct-0500-self-play","76","16","0.666667","2","1+1+1","3","2","1","true"
"4x4","uct-0500-self-play","76","17","0.708333","1","1+1+1","3","2","1","true"
"4x4","uct-0500-self-play","76","18","0.750000","2","1+1+1","3","2","1","true"
"4x4","uct-0500-self-play","76","19","0.791667","1","2+1","2","0","3","false"
"4x4","uct-0500-self-play","76","20","0.833333","2","1+1+1","3","0","3","false"
"4x4","uct-0500-self-play","76","21","0.875000","1","2+1","2","0","3","false"
"4x4","uct-0500-self-play","76","22","0.916667","2","2+1","2","0","3","false"
"4x4","uct-0500-self-play","76","23","0.958333","1","1+1+1","3","1","2","true"
"4x4","uct-0500-self-play","76","24","1.000000","2","1+1+1","3","1","2","true"
"4x4","uct-0500-self-play","77","1","0.041667","1","1+1+1","3","3","0","false"
"4x4","uct-0500-self-play","77","2","0.083333","2","1+1+1","3","3","0","false"
"4x4","uct-0500-self-play","77","3","0.125000","1","2+1","2","2","1","true"
"4x4","uct-0500-self-play","77","4","0.166667","2","1+1+1","3","1","2","true"
"4x4","uct-0500-self-play","77","5","0.208333","1","2+1","2","1","2","true"
"4x4","uct-0500-self-play","77","6","0.250000","2","2+1","2","3","0","false"
"4x4","uct-0500-self-play","77","7","0.291667","1","2+1","2","1","2","true"
"4x4","uct-0500-self-play","77","8","0.333333","2","1+1+1","3","1","2","true"
"4x4","uct-0500-self-play","77","9","0.375000","1","1+1+1","3","2","1","true"
"4x4","uct-0500-self-play","77","10","0.416667","2","1+1+1","3","2","1","true"
"4x4","uct-0500-self-play","77","11","0.458333","1","1+1+1","3","1","2","true"
"4x4","uct-0500-self-play","77","12","0.500000","2","2+1","2","0","3","false"
"4x4","uct-0500-self-play","77","13","0.541667","1","1+1+1","3","0","3","false"
"4x4","uct-0500-self-play","77","14","0.583333","2","2+1","2","0","3","false"
"4x4","uct-0500-self-play","77","15","0.625000","1","2+1","2","1","2","true"
"4x4","uct-0500-self-play","77","16","0.666667","2","1+1+1","3","1","2","true"
"4x4","uct-0500-self-play","77","17","0.708333","1","1+1+1","3","2","1","true"
"4x4","uct-0500-self-play","77","18","0.750000","2","2+1","2","0","3","false"
"4x4","uct-0500-self-play","77","19","0.791667","1","2+1","2","0","3","false"
"4x4","uct-0500-self-play","77","20","0.833333","2","1+1+1","3","2","1","true"
"4x4","uct-0500-self-play","77","21","0.875000","1","2+1","2","1","2","true"
"4x4","uct-0500-self-play","77","22","0.916667","2","1+1+1","3","3","0","false"
"4x4","uct-0500-self-play","77","23","0.958333","1","1+1+1","3","2","1","true"
"4x4","uct-0500-self-play","77","24","1.000000","2","1+1+1","3","2","1","true"
"4x4","uct-0500-self-play","78","1","0.041667","1","1+1+1","3","3","0","false"
"4x4","uct-0500-self-play","78","2","0.083333","2","1+1+1","3","3","0","false"
"4x4","uct-0500-self-play","78","3","0.125000","1","1+1+1","3","1","2","true"
"4x4","uct-0500-self-play","78","4","0.166667","2","2+1","2","3","0","false"
"4x4","uct-0500-self-play","78","5","0.208333","1","1+1+1","3","3","0","false"
"4x4","uct-0500-self-play","78","6","0.250000","2","2+1","2","3","0","false"
"4x4","uct-0500-self-play","78","7","0.291667","1","1+1+1","3","2","1","true"
"4x4","uct-0500-self-play","78","8","0.333333","2","2+1","2","1","2","true"
"4x4","uct-0500-self-play","78","9","0.375000","1","2+1","2","1","2","true"
"4x4","uct-0500-self-play","78","10","0.416667","2","1+1+1","3","0","3","false"
"4x4","uct-0500-self-play","78","11","0.458333","1","1+1+1","3","1","2","true"
"4x4","uct-0500-self-play","78","12","0.500000","2","2+1","2","0","3","false"
"4x4","uct-0500-self-play","78","13","0.541667","1","2+1","2","0","3","false"
"4x4","uct-0500-self-play","78","14","0.583333","2","1+1+1","3","2","1","true"
"4x4","uct-0500-self-play","78","15","0.625000","1","1+1+1","3","2","1","true"
"4x4","uct-0500-self-play","78","16","0.666667","2","1+1+1","3","0","3","false"
"4x4","uct-0500-self-play","78","17","0.708333","1","1+1+1","3","0","3","false"
"4x4","uct-0500-self-play","78","18","0.750000","2","1+1+1","3","0","3","false"
"4x4","uct-0500-self-play","78","19","0.791667","1","2+1","2","0","3","false"
"4x4","uct-0500-self-play","78","20","0.833333","2","1+1+1","3","1","2","true"
"4x4","uct-0500-self-play","78","21","0.875000","1","1+1+1","3","2","1","true"
"4x4","uct-0500-self-play","78","22","0.916667","2","1+1+1","3","2","1","true"
"4x4","uct-0500-self-play","78","23","0.958333","1","2+1","2","1","2","true"
"4x4","uct-0500-self-play","78","24","1.000000","2","1+1+1","3","1","2","true"
"4x4","uct-0500-self-play","79","1","0.041667","1","2+1","2","3","0","false"
"4x4","uct-0500-self-play","79","2","0.083333","2","1+1+1","3","3","0","false"
"4x4","uct-0500-self-play","79","3","0.125000","1","1+1+1","3","2","1","true"
"4x4","uct-0500-self-play","79","4","0.166667","2","1+1+1","3","1","2","true"
"4x4","uct-0500-self-play","79","5","0.208333","1","1+1+1","3","1","2","true"
"4x4","uct-0500-self-play","79","6","0.250000","2","1+1+1","3","2","1","true"
"4x4","uct-0500-self-play","79","7","0.291667","1","2+1","2","2","1","true"
"4x4","uct-0500-self-play","79","8","0.333333","2","1+1+1","3","2","1","true"
"4x4","uct-0500-self-play","79","9","0.375000","1","2+1","2","2","1","true"
"4x4","uct-0500-self-play","79","10","0.416667","2","2+1","2","1","2","true"
"4x4","uct-0500-self-play","79","11","0.458333","1","2+1","2","1","2","true"
"4x4","uct-0500-self-play","79","12","0.500000","2","1+1+1","3","0","3","false"
"4x4","uct-0500-self-play","79","13","0.541667","1","1+1+1","3","1","2","true"
"4x4","uct-0500-self-play","79","14","0.583333","2","1+1+1","3","2","1","true"
"4x4","uct-0500-self-play","79","15","0.625000","1","3","1","0","3","false"
"4x4","uct-0500-self-play","79","16","0.666667","2","1+1+1","3","0","3","false"
"4x4","uct-0500-self-play","79","17","0.708333","1","1+1+1","3","2","1","true"
"4x4","uct-0500-self-play","79","18","0.750000","2","1+1+1","3","1","2","true"
"4x4","uct-0500-self-play","79","19","0.791667","1","1+1+1","3","1","2","true"
"4x4","uct-0500-self-play","79","20","0.833333","2","2+1","2","0","3","false"
"4x4","uct-0500-self-play","79","21","0.875000","1","1+1+1","3","0","3","false"
"4x4","uct-0500-self-play","79","22","0.916667","2","1+1+1","3","0","3","false"
"4x4","uct-0500-self-play","79","23","0.958333","1","2+1","2","1","2","true"
"4x4","uct-0500-self-play","79","24","1.000000","2","1+1+1","3","2","1","true"
"4x4","uct-0500-self-play","80","1","0.041667","1","1+1+1","3","3","0","false"
"4x4","uct-0500-self-play","80","2","0.083333","2","1+1+1","3","3","0","false"
"4x4","uct-0500-self-play","80","3","0.125000","1","1+1+1","3","3","0","false"
"4x4","uct-0500-self-play","80","4","0.166667","2","1+1+1","3","3","0","false"
"4x4","uct-0500-self-play","80","5","0.208333","1","2+1","2","2","1","true"
"4x4","uct-0500-self-play","80","6","0.250000","2","1+1+1","3","2","1","true"
"4x4","uct-0500-self-play","80","7","0.291667","1","1+1+1","3","2","1","true"
"4x4","uct-0500-self-play","80","8","0.333333","2","2+1","2","3","0","false"
"4x4","uct-0500-self-play","80","9","0.375000","1","1+1+1","3","2","1","true"
"4x4","uct-0500-self-play","80","10","0.416667","2","2+1","2","0","3","false"
"4x4","uct-0500-self-play","80","11","0.458333","1","2+1","2","1","2","true"
"4x4","uct-0500-self-play","80","12","0.500000","2","2+1","2","0","3","false"
"4x4","uct-0500-self-play","80","13","0.541667","1","1+1+1","3","1","2","true"
"4x4","uct-0500-self-play","80","14","0.583333","2","2+1","2","3","0","false"
"4x4","uct-0500-self-play","80","15","0.625000","1","1+1+1","3","1","2","true"
"4x4","uct-0500-self-play","80","16","0.666667","2","2+1","2","1","2","true"
"4x4","uct-0500-self-play","80","17","0.708333","1","1+1+1","3","0","3","false"
"4x4","uct-0500-self-play","80","18","0.750000","2","3","1","0","3","false"
"4x4","uct-0500-self-play","80","19","0.791667","1","2+1","2","0","3","false"
"4x4","uct-0500-self-play","80","20","0.833333","2","2+1","2","0","3","false"
"4x4","uct-0500-self-play","80","21","0.875000","1","2+1","2","1","2","true"
"4x4","uct-0500-self-play","80","22","0.916667","2","1+1+1","3","2","1","true"
"4x4","uct-0500-self-play","80","23","0.958333","1","1+1+1","3","2","1","true"
"4x4","uct-0500-self-play","80","24","1.000000","2","1+1+1","3","3","0","false"
"4x4","uct-0500-self-play","81","1","0.041667","1","3","1","3","0","false"
"4x4","uct-0500-self-play","81","2","0.083333","2","2+1","2","3","0","false"
"4x4","uct-0500-self-play","81","3","0.125000","1","1+1+1","3","2","1","true"
"4x4","uct-0500-self-play","81","4","0.166667","2","1+1+1","3","1","2","true"
"4x4","uct-0500-self-play","81","5","0.208333","1","1+1+1","3","2","1","true"
"4x4","uct-0500-self-play","81","6","0.250000","2","1+1+1","3","2","1","true"
"4x4","uct-0500-self-play","81","7","0.291667","1","2+1","2","1","2","true"
"4x4","uct-0500-self-play","81","8","0.333333","2","1+1+1","3","1","2","true"
"4x4","uct-0500-self-play","81","9","0.375000","1","1+1+1","3","1","2","true"
"4x4","uct-0500-self-play","81","10","0.416667","2","2+1","2","2","1","true"
"4x4","uct-0500-self-play","81","11","0.458333","1","1+1+1","3","1","2","true"
"4x4","uct-0500-self-play","81","12","0.500000","2","1+1+1","3","1","2","true"
"4x4","uct-0500-self-play","81","13","0.541667","1","1+1+1","3","1","2","true"
"4x4","uct-0500-self-play","81","14","0.583333","2","2+1","2","3","0","false"
"4x4","uct-0500-self-play","81","15","0.625000","1","1+1+1","3","0","3","false"
"4x4","uct-0500-self-play","81","16","0.666667","2","1+1+1","3","0","3","false"
"4x4","uct-0500-self-play","81","17","0.708333","1","1+1+1","3","2","1","true"
"4x4","uct-0500-self-play","81","18","0.750000","2","1+1+1","3","2","1","true"
"4x4","uct-0500-self-play","81","19","0.791667","1","1+1+1","3","3","0","false"
"4x4","uct-0500-self-play","81","20","0.833333","2","1+1+1","3","0","3","false"
"4x4","uct-0500-self-play","81","21","0.875000","1","1+1+1","3","2","1","true"
"4x4","uct-0500-self-play","81","22","0.916667","2","1+1+1","3","0","3","false"
"4x4","uct-0500-self-play","81","23","0.958333","1","1+1+1","3","0","3","false"
"4x4","uct-0500-self-play","81","24","1.000000","2","1+1+1","3","2","1","true"
"4x4","uct-0500-self-play","82","1","0.041667","1","2+1","2","3","0","false"
"4x4","uct-0500-self-play","82","2","0.083333","2","1+1+1","3","3","0","false"
"4x4","uct-0500-self-play","82","3","0.125000","1","1+1+1","3","3","0","false"
"4x4","uct-0500-self-play","82","4","0.166667","2","1+1+1","3","2","1","true"
"4x4","uct-0500-self-play","82","5","0.208333","1","1+1+1","3","2","1","true"
"4x4","uct-0500-self-play","82","6","0.250000","2","1+1+1","3","3","0","false"
"4x4","uct-0500-self-play","82","7","0.291667","1","1+1+1","3","2","1","true"
"4x4","uct-0500-self-play","82","8","0.333333","2","1+1+1","3","2","1","true"
"4x4","uct-0500-self-play","82","9","0.375000","1","1+1+1","3","1","2","true"
"4x4","uct-0500-self-play","82","10","0.416667","2","1+1+1","3","2","1","true"
"4x4","uct-0500-self-play","82","11","0.458333","1","1+1+1","3","3","0","false"
"4x4","uct-0500-self-play","82","12","0.500000","2","1+1+1","3","1","2","true"
"4x4","uct-0500-self-play","82","13","0.541667","1","1+1+1","3","1","2","true"
"4x4","uct-0500-self-play","82","14","0.583333","2","1+1+1","3","2","1","true"
"4x4","uct-0500-self-play","82","15","0.625000","1","1+1+1","3","1","2","true"
"4x4","uct-0500-self-play","82","16","0.666667","2","2+1","2","2","1","true"
"4x4","uct-0500-self-play","82","17","0.708333","1","1+1+1","3","2","1","true"
"4x4","uct-0500-self-play","82","18","0.750000","2","1+1+1","3","1","2","true"
"4x4","uct-0500-self-play","82","19","0.791667","1","1+1+1","3","2","1","true"
"4x4","uct-0500-self-play","82","20","0.833333","2","1+1+1","3","2","1","true"
"4x4","uct-0500-self-play","82","21","0.875000","1","1+1+1","3","3","0","false"
"4x4","uct-0500-self-play","82","22","0.916667","2","1+1+1","3","2","1","true"
"4x4","uct-0500-self-play","82","23","0.958333","1","1+1+1","3","2","1","true"
"4x4","uct-0500-self-play","82","24","1.000000","2","2+1","2","2","1","true"
"4x4","uct-0500-self-play","83","1","0.041667","1","1+1+1","3","3","0","false"
"4x4","uct-0500-self-play","83","2","0.083333","2","2+1","2","3","0","false"
"4x4","uct-0500-self-play","83","3","0.125000","1","1+1+1","3","2","1","true"
"4x4","uct-0500-self-play","83","4","0.166667","2","2+1","2","2","1","true"
"4x4","uct-0500-self-play","83","5","0.208333","1","1+1+1","3","1","2","true"
"4x4","uct-0500-self-play","83","6","0.250000","2","1+1+1","3","1","2","true"
"4x4","uct-0500-self-play","83","7","0.291667","1","1+1+1","3","0","3","false"
"4x4","uct-0500-self-play","83","8","0.333333","2","1+1+1","3","3","0","false"
"4x4","uct-0500-self-play","83","9","0.375000","1","1+1+1","3","1","2","true"
"4x4","uct-0500-self-play","83","10","0.416667","2","1+1+1","3","1","2","true"
"4x4","uct-0500-self-play","83","11","0.458333","1","2+1","2","2","1","true"
"4x4","uct-0500-self-play","83","12","0.500000","2","1+1+1","3","2","1","true"
"4x4","uct-0500-self-play","83","13","0.541667","1","2+1","2","0","3","false"
"4x4","uct-0500-self-play","83","14","0.583333","2","1+1+1","3","0","3","false"
"4x4","uct-0500-self-play","83","15","0.625000","1","2+1","2","1","2","true"
"4x4","uct-0500-self-play","83","16","0.666667","2","1+1+1","3","2","1","true"
"4x4","uct-0500-self-play","83","17","0.708333","1","1+1+1","3","2","1","true"
"4x4","uct-0500-self-play","83","18","0.750000","2","1+1+1","3","1","2","true"
"4x4","uct-0500-self-play","83","19","0.791667","1","1+1+1","3","3","0","false"
"4x4","uct-0500-self-play","83","20","0.833333","2","1+1+1","3","1","2","true"
"4x4","uct-0500-self-play","83","21","0.875000","1","2+1","2","1","2","true"
"4x4","uct-0500-self-play","83","22","0.916667","2","2+1","2","2","1","true"
"4x4","uct-0500-self-play","83","23","0.958333","1","1+1+1","3","2","1","true"
"4x4","uct-0500-self-play","83","24","1.000000","2","1+1+1","3","3","0","false"
"4x4","uct-0500-self-play","84","1","0.041667","1","1+1+1","3","3","0","false"
"4x4","uct-0500-self-play","84","2","0.083333","2","1+1+1","3","3","0","false"
"4x4","uct-0500-self-play","84","3","0.125000","1","2+1","2","1","2","true"
"4x4","uct-0500-self-play","84","4","0.166667","2","2+1","2","2","1","true"
"4x4","uct-0500-self-play","84","5","0.208333","1","1+1+1","3","1","2","true"
"4x4","uct-0500-self-play","84","6","0.250000","2","2+1","2","0","3","false"
"4x4","uct-0500-self-play","84","7","0.291667","1","2+1","2","1","2","true"
"4x4","uct-0500-self-play","84","8","0.333333","2","1+1+1","3","1","2","true"
"4x4","uct-0500-self-play","84","9","0.375000","1","1+1+1","3","0","3","false"
"4x4","uct-0500-self-play","84","10","0.416667","2","2+1","2","0","3","false"
"4x4","uct-0500-self-play","84","11","0.458333","1","1+1+1","3","1","2","true"
"4x4","uct-0500-self-play","84","12","0.500000","2","2+1","2","2","1","true"
"4x4","uct-0500-self-play","84","13","0.541667","1","2+1","2","2","1","true"
"4x4","uct-0500-self-play","84","14","0.583333","2","2+1","2","3","0","false"
"4x4","uct-0500-self-play","84","15","0.625000","1","2+1","2","3","0","false"
"4x4","uct-0500-self-play","84","16","0.666667","2","2+1","2","2","1","true"
"4x4","uct-0500-self-play","84","17","0.708333","1","2+1","2","0","3","false"
"4x4","uct-0500-self-play","84","18","0.750000","2","2+1","2","1","2","true"
"4x4","uct-0500-self-play","84","19","0.791667","1","2+1","2","1","2","true"
"4x4","uct-0500-self-play","84","20","0.833333","2","2+1","2","0","3","false"
"4x4","uct-0500-self-play","84","21","0.875000","1","1+1+1","3","2","1","true"
"4x4","uct-0500-self-play","84","22","0.916667","2","2+1","2","1","2","true"
"4x4","uct-0500-self-play","84","23","0.958333","1","2+1","2","1","2","true"
"4x4","uct-0500-self-play","84","24","1.000000","2","1+1+1","3","2","1","true"
"4x4","uct-0500-self-play","85","1","0.041667","1","1+1+1","3","3","0","false"
"4x4","uct-0500-self-play","85","2","0.083333","2","2+1","2","3","0","false"
"4x4","uct-0500-self-play","85","3","0.125000","1","2+1","2","1","2","true"
"4x4","uct-0500-self-play","85","4","0.166667","2","1+1+1","3","1","2","true"
"4x4","uct-0500-self-play","85","5","0.208333","1","1+1+1","3","2","1","true"
"4x4","uct-0500-self-play","85","6","0.250000","2","1+1+1","3","1","2","true"
"4x4","uct-0500-self-play","85","7","0.291667","1","1+1+1","3","0","3","false"
"4x4","uct-0500-self-play","85","8","0.333333","2","1+1+1","3","2","1","true"
"4x4","uct-0500-self-play","85","9","0.375000","1","1+1+1","3","0","3","false"
"4x4","uct-0500-self-play","85","10","0.416667","2","2+1","2","1","2","true"
"4x4","uct-0500-self-play","85","11","0.458333","1","1+1+1","3","1","2","true"
"4x4","uct-0500-self-play","85","12","0.500000","2","1+1+1","3","1","2","true"
"4x4","uct-0500-self-play","85","13","0.541667","1","2+1","2","2","1","true"
"4x4","uct-0500-self-play","85","14","0.583333","2","2+1","2","1","2","true"
"4x4","uct-0500-self-play","85","15","0.625000","1","1+1+1","3","1","2","true"
"4x4","uct-0500-self-play","85","16","0.666667","2","1+1+1","3","1","2","true"
"4x4","uct-0500-self-play","85","17","0.708333","1","2+1","2","2","1","true"
"4x4","uct-0500-self-play","85","18","0.750000","2","1+1+1","3","1","2","true"
"4x4","uct-0500-self-play","85","19","0.791667","1","1+1+1","3","0","3","false"
"4x4","uct-0500-self-play","85","20","0.833333","2","1+1+1","3","0","3","false"
"4x4","uct-0500-self-play","85","21","0.875000","1","1+1+1","3","1","2","true"
"4x4","uct-0500-self-play","85","22","0.916667","2","2+1","2","1","2","true"
"4x4","uct-0500-self-play","85","23","0.958333","1","1+1+1","3","3","0","false"
"4x4","uct-0500-self-play","85","24","1.000000","2","2+1","2","2","1","true"
"4x4","uct-0500-self-play","86","1","0.041667","1","1+1+1","3","3","0","false"
"4x4","uct-0500-self-play","86","2","0.083333","2","2+1","2","3","0","false"
"4x4","uct-0500-self-play","86","3","0.125000","1","1+1+1","3","2","1","true"
"4x4","uct-0500-self-play","86","4","0.166667","2","2+1","2","1","2","true"
"4x4","uct-0500-self-play","86","5","0.208333","1","1+1+1","3","1","2","true"
"4x4","uct-0500-self-play","86","6","0.250000","2","2+1","2","1","2","true"
"4x4","uct-0500-self-play","86","7","0.291667","1","2+1","2","2","1","true"
"4x4","uct-0500-self-play","86","8","0.333333","2","2+1","2","1","2","true"
"4x4","uct-0500-self-play","86","9","0.375000","1","2+1","2","0","3","false"
"4x4","uct-0500-self-play","86","10","0.416667","2","1+1+1","3","3","0","false"
"4x4","uct-0500-self-play","86","11","0.458333","1","2+1","2","0","3","false"
"4x4","uct-0500-self-play","86","12","0.500000","2","1+1+1","3","2","1","true"
"4x4","uct-0500-self-play","86","13","0.541667","1","1+1+1","3","1","2","true"
"4x4","uct-0500-self-play","86","14","0.583333","2","1+1+1","3","2","1","true"
"4x4","uct-0500-self-play","86","15","0.625000","1","1+1+1","3","2","1","true"
"4x4","uct-0500-self-play","86","16","0.666667","2","1+1+1","3","1","2","true"
"4x4","uct-0500-self-play","86","17","0.708333","1","1+1+1","3","2","1","true"
"4x4","uct-0500-self-play","86","18","0.750000","2","2+1","2","0","3","false"
"4x4","uct-0500-self-play","86","19","0.791667","1","2+1","2","2","1","true"
"4x4","uct-0500-self-play","86","20","0.833333","2","1+1+1","3","1","2","true"
"4x4","uct-0500-self-play","86","21","0.875000","1","1+1+1","3","3","0","false"
"4x4","uct-0500-self-play","86","22","0.916667","2","2+1","2","1","2","true"
"4x4","uct-0500-self-play","86","23","0.958333","1","1+1+1","3","3","0","false"
"4x4","uct-0500-self-play","86","24","1.000000","2","1+1+1","3","2","1","true"
"4x4","uct-0500-self-play","87","1","0.041667","1","1+1+1","3","3","0","false"
"4x4","uct-0500-self-play","87","2","0.083333","2","1+1+1","3","3","0","false"
"4x4","uct-0500-self-play","87","3","0.125000","1","1+1+1","3","2","1","true"
"4x4","uct-0500-self-play","87","4","0.166667","2","2+1","2","2","1","true"
"4x4","uct-0500-self-play","87","5","0.208333","1","1+1+1","3","2","1","true"
"4x4","uct-0500-self-play","87","6","0.250000","2","1+1+1","3","2","1","true"
"4x4","uct-0500-self-play","87","7","0.291667","1","1+1+1","3","1","2","true"
"4x4","uct-0500-self-play","87","8","0.333333","2","2+1","2","0","3","false"
"4x4","uct-0500-self-play","87","9","0.375000","1","1+1+1","3","1","2","true"
"4x4","uct-0500-self-play","87","10","0.416667","2","1+1+1","3","2","1","true"
"4x4","uct-0500-self-play","87","11","0.458333","1","1+1+1","3","2","1","true"
"4x4","uct-0500-self-play","87","12","0.500000","2","1+1+1","3","1","2","true"
"4x4","uct-0500-self-play","87","13","0.541667","1","3","1","1","2","true"
"4x4","uct-0500-self-play","87","14","0.583333","2","1+1+1","3","0","3","false"
"4x4","uct-0500-self-play","87","15","0.625000","1","1+1+1","3","1","2","true"
"4x4","uct-0500-self-play","87","16","0.666667","2","1+1+1","3","1","2","true"
"4x4","uct-0500-self-play","87","17","0.708333","1","2+1","2","0","3","false"
"4x4","uct-0500-self-play","87","18","0.750000","2","1+1+1","3","1","2","true"
"4x4","uct-0500-self-play","87","19","0.791667","1","3","1","0","3","false"
"4x4","uct-0500-self-play","87","20","0.833333","2","2+1","2","0","3","false"
"4x4","uct-0500-self-play","87","21","0.875000","1","1+1+1","3","1","2","true"
"4x4","uct-0500-self-play","87","22","0.916667","2","1+1+1","3","2","1","true"
"4x4","uct-0500-self-play","87","23","0.958333","1","1+1+1","3","3","0","false"
"4x4","uct-0500-self-play","87","24","1.000000","2","1+1+1","3","3","0","false"
"4x4","uct-0500-self-play","88","1","0.041667","1","1+1+1","3","3","0","false"
"4x4","uct-0500-self-play","88","2","0.083333","2","1+1+1","3","3","0","false"
"4x4","uct-0500-self-play","88","3","0.125000","1","1+1+1","3","2","1","true"
"4x4","uct-0500-self-play","88","4","0.166667","2","1+1+1","3","2","1","true"
"4x4","uct-0500-self-play","88","5","0.208333","1","1+1+1","3","1","2","true"
"4x4","uct-0500-self-play","88","6","0.250000","2","2+1","2","3","0","false"
"4x4","uct-0500-self-play","88","7","0.291667","1","1+1+1","3","1","2","true"
"4x4","uct-0500-self-play","88","8","0.333333","2","2+1","2","2","1","true"
"4x4","uct-0500-self-play","88","9","0.375000","1","1+1+1","3","2","1","true"
"4x4","uct-0500-self-play","88","10","0.416667","2","1+1+1","3","1","2","true"
"4x4","uct-0500-self-play","88","11","0.458333","1","2+1","2","1","2","true"
"4x4","uct-0500-self-play","88","12","0.500000","2","2+1","2","2","1","true"
"4x4","uct-0500-self-play","88","13","0.541667","1","2+1","2","2","1","true"
"4x4","uct-0500-self-play","88","14","0.583333","2","2+1","2","0","3","false"
"4x4","uct-0500-self-play","88","15","0.625000","1","2+1","2","1","2","true"
"4x4","uct-0500-self-play","88","16","0.666667","2","1+1+1","3","1","2","true"
"4x4","uct-0500-self-play","88","17","0.708333","1","2+1","2","2","1","true"
"4x4","uct-0500-self-play","88","18","0.750000","2","2+1","2","2","1","true"
"4x4","uct-0500-self-play","88","19","0.791667","1","1+1+1","3","2","1","true"
"4x4","uct-0500-self-play","88","20","0.833333","2","2+1","2","0","3","false"
"4x4","uct-0500-self-play","88","21","0.875000","1","1+1+1","3","0","3","false"
"4x4","uct-0500-self-play","88","22","0.916667","2","1+1+1","3","0","3","false"
"4x4","uct-0500-self-play","88","23","0.958333","1","1+1+1","3","2","1","true"
"4x4","uct-0500-self-play","88","24","1.000000","2","1+1+1","3","3","0","false"
"4x4","uct-0500-self-play","89","1","0.041667","1","1+1+1","3","3","0","false"
"4x4","uct-0500-self-play","89","2","0.083333","2","1+1+1","3","3","0","false"
"4x4","uct-0500-self-play","89","3","0.125000","1","1+1+1","3","2","1","true"
"4x4","uct-0500-self-play","89","4","0.166667","2","1+1+1","3","2","1","true"
"4x4","uct-0500-self-play","89","5","0.208333","1","1+1+1","3","2","1","true"
"4x4","uct-0500-self-play","89","6","0.250000","2","1+1+1","3","1","2","true"
"4x4","uct-0500-self-play","89","7","0.291667","1","1+1+1","3","3","0","false"
"4x4","uct-0500-self-play","89","8","0.333333","2","1+1+1","3","2","1","true"
"4x4","uct-0500-self-play","89","9","0.375000","1","1+1+1","3","0","3","false"
"4x4","uct-0500-self-play","89","10","0.416667","2","2+1","2","0","3","false"
"4x4","uct-0500-self-play","89","11","0.458333","1","1+1+1","3","0","3","false"
"4x4","uct-0500-self-play","89","12","0.500000","2","1+1+1","3","1","2","true"
"4x4","uct-0500-self-play","89","13","0.541667","1","2+1","2","1","2","true"
"4x4","uct-0500-self-play","89","14","0.583333","2","2+1","2","1","2","true"
"4x4","uct-0500-self-play","89","15","0.625000","1","2+1","2","0","3","false"
"4x4","uct-0500-self-play","89","16","0.666667","2","1+1+1","3","2","1","true"
"4x4","uct-0500-self-play","89","17","0.708333","1","1+1+1","3","2","1","true"
"4x4","uct-0500-self-play","89","18","0.750000","2","1+1+1","3","1","2","true"
"4x4","uct-0500-self-play","89","19","0.791667","1","2+1","2","1","2","true"
"4x4","uct-0500-self-play","89","20","0.833333","2","2+1","2","0","3","false"
"4x4","uct-0500-self-play","89","21","0.875000","1","1+1+1","3","0","3","false"
"4x4","uct-0500-self-play","89","22","0.916667","2","2+1","2","1","2","true"
"4x4","uct-0500-self-play","89","23","0.958333","1","1+1+1","3","2","1","true"
"4x4","uct-0500-self-play","89","24","1.000000","2","2+1","2","3","0","false"
"4x4","uct-0500-self-play","90","1","0.041667","1","1+1+1","3","3","0","false"
"4x4","uct-0500-self-play","90","2","0.083333","2","1+1+1","3","3","0","false"
"4x4","uct-0500-self-play","90","3","0.125000","1","1+1+1","3","1","2","true"
"4x4","uct-0500-self-play","90","4","0.166667","2","2+1","2","3","0","false"
"4x4","uct-0500-self-play","90","5","0.208333","1","1+1+1","3","1","2","true"
"4x4","uct-0500-self-play","90","6","0.250000","2","1+1+1","3","1","2","true"
"4x4","uct-0500-self-play","90","7","0.291667","1","1+1+1","3","2","1","true"
"4x4","uct-0500-self-play","90","8","0.333333","2","1+1+1","3","0","3","false"
"4x4","uct-0500-self-play","90","9","0.375000","1","1+1+1","3","2","1","true"
"4x4","uct-0500-self-play","90","10","0.416667","2","1+1+1","3","1","2","true"
"4x4","uct-0500-self-play","90","11","0.458333","1","2+1","2","2","1","true"
"4x4","uct-0500-self-play","90","12","0.500000","2","2+1","2","1","2","true"
"4x4","uct-0500-self-play","90","13","0.541667","1","1+1+1","3","0","3","false"
"4x4","uct-0500-self-play","90","14","0.583333","2","1+1+1","3","1","2","true"
"4x4","uct-0500-self-play","90","15","0.625000","1","2+1","2","0","3","false"
"4x4","uct-0500-self-play","90","16","0.666667","2","1+1+1","3","0","3","false"
"4x4","uct-0500-self-play","90","17","0.708333","1","2+1","2","1","2","true"
"4x4","uct-0500-self-play","90","18","0.750000","2","1+1+1","3","2","1","true"
"4x4","uct-0500-self-play","90","19","0.791667","1","1+1+1","3","2","1","true"
"4x4","uct-0500-self-play","90","20","0.833333","2","1+1+1","3","0","3","false"
"4x4","uct-0500-self-play","90","21","0.875000","1","2+1","2","1","2","true"
"4x4","uct-0500-self-play","90","22","0.916667","2","2+1","2","1","2","true"
"4x4","uct-0500-self-play","90","23","0.958333","1","1+1+1","3","0","3","false"
"4x4","uct-0500-self-play","90","24","1.000000","2","1+1+1","3","1","2","true"
"4x4","uct-0500-self-play","91","1","0.041667","1","1+1+1","3","3","0","false"
"4x4","uct-0500-self-play","91","2","0.083333","2","1+1+1","3","3","0","false"
"4x4","uct-0500-self-play","91","3","0.125000","1","1+1+1","3","2","1","true"
"4x4","uct-0500-self-play","91","4","0.166667","2","1+1+1","3","3","0","false"
"4x4","uct-0500-self-play","91","5","0.208333","1","1+1+1","3","2","1","true"
"4x4","uct-0500-self-play","91","6","0.250000","2","1+1+1","3","2","1","true"
"4x4","uct-0500-self-play","91","7","0.291667","1","1+1+1","3","1","2","true"
"4x4","uct-0500-self-play","91","8","0.333333","2","1+1+1","3","2","1","true"
"4x4","uct-0500-self-play","91","9","0.375000","1","1+1+1","3","2","1","true"
"4x4","uct-0500-self-play","91","10","0.416667","2","2+1","2","3","0","false"
"4x4","uct-0500-self-play","91","11","0.458333","1","2+1","2","1","2","true"
"4x4","uct-0500-self-play","91","12","0.500000","2","2+1","2","2","1","true"
"4x4","uct-0500-self-play","91","13","0.541667","1","1+1+1","3","3","0","false"
"4x4","uct-0500-self-play","91","14","0.583333","2","2+1","2","0","3","false"
"4x4","uct-0500-self-play","91","15","0.625000","1","1+1+1","3","0","3","false"
"4x4","uct-0500-self-play","91","16","0.666667","2","2+1","2","1","2","true"
"4x4","uct-0500-self-play","91","17","0.708333","1","2+1","2","0","3","false"
"4x4","uct-0500-self-play","91","18","0.750000","2","2+1","2","1","2","true"
"4x4","uct-0500-self-play","91","19","0.791667","1","2+1","2","1","2","true"
"4x4","uct-0500-self-play","91","20","0.833333","2","1+1+1","3","1","2","true"
"4x4","uct-0500-self-play","91","21","0.875000","1","1+1+1","3","2","1","true"
"4x4","uct-0500-self-play","91","22","0.916667","2","2+1","2","0","3","false"
"4x4","uct-0500-self-play","91","23","0.958333","1","1+1+1","3","1","2","true"
"4x4","uct-0500-self-play","91","24","1.000000","2","1+1+1","3","2","1","true"
"4x4","uct-0500-self-play","92","1","0.041667","1","2+1","2","3","0","false"
"4x4","uct-0500-self-play","92","2","0.083333","2","2+1","2","3","0","false"
"4x4","uct-0500-self-play","92","3","0.125000","1","2+1","2","2","1","true"
"4x4","uct-0500-self-play","92","4","0.166667","2","2+1","2","2","1","true"
"4x4","uct-0500-self-play","92","5","0.208333","1","2+1","2","0","3","false"
"4x4","uct-0500-self-play","92","6","0.250000","2","1+1+1","3","2","1","true"
"4x4","uct-0500-self-play","92","7","0.291667","1","2+1","2","0","3","false"
"4x4","uct-0500-self-play","92","8","0.333333","2","1+1+1","3","0","3","false"
"4x4","uct-0500-self-play","92","9","0.375000","1","1+1+1","3","1","2","true"
"4x4","uct-0500-self-play","92","10","0.416667","2","1+1+1","3","2","1","true"
"4x4","uct-0500-self-play","92","11","0.458333","1","1+1+1","3","1","2","true"
"4x4","uct-0500-self-play","92","12","0.500000","2","2+1","2","2","1","true"
"4x4","uct-0500-self-play","92","13","0.541667","1","2+1","2","1","2","true"
"4x4","uct-0500-self-play","92","14","0.583333","2","1+1+1","3","2","1","true"
"4x4","uct-0500-self-play","92","15","0.625000","1","2+1","2","2","1","true"
"4x4","uct-0500-self-play","92","16","0.666667","2","2+1","2","1","2","true"
"4x4","uct-0500-self-play","92","17","0.708333","1","2+1","2","2","1","true"
"4x4","uct-0500-self-play","92","18","0.750000","2","1+1+1","3","1","2","true"
"4x4","uct-0500-self-play","92","19","0.791667","1","1+1+1","3","3","0","false"
"4x4","uct-0500-self-play","92","20","0.833333","2","1+1+1","3","0","3","false"
"4x4","uct-0500-self-play","92","21","0.875000","1","1+1+1","3","3","0","false"
"4x4","uct-0500-self-play","92","22","0.916667","2","2+1","2","0","3","false"
"4x4","uct-0500-self-play","92","23","0.958333","1","1+1+1","3","0","3","false"
"4x4","uct-0500-self-play","92","24","1.000000","2","2+1","2","2","1","true"
"4x4","uct-0500-self-play","93","1","0.041667","1","1+1+1","3","3","0","false"
"4x4","uct-0500-self-play","93","2","0.083333","2","1+1+1","3","3","0","false"
"4x4","uct-0500-self-play","93","3","0.125000","1","2+1","2","2","1","true"
"4x4","uct-0500-self-play","93","4","0.166667","2","1+1+1","3","1","2","true"
"4x4","uct-0500-self-play","93","5","0.208333","1","1+1+1","3","3","0","false"
"4x4","uct-0500-self-play","93","6","0.250000","2","1+1+1","3","2","1","true"
"4x4","uct-0500-self-play","93","7","0.291667","1","1+1+1","3","2","1","true"
"4x4","uct-0500-self-play","93","8","0.333333","2","1+1+1","3","1","2","true"
"4x4","uct-0500-self-play","93","9","0.375000","1","1+1+1","3","0","3","false"
"4x4","uct-0500-self-play","93","10","0.416667","2","2+1","2","0","3","false"
"4x4","uct-0500-self-play","93","11","0.458333","1","1+1+1","3","1","2","true"
"4x4","uct-0500-self-play","93","12","0.500000","2","1+1+1","3","0","3","false"
"4x4","uct-0500-self-play","93","13","0.541667","1","2+1","2","1","2","true"
"4x4","uct-0500-self-play","93","14","0.583333","2","2+1","2","0","3","false"
"4x4","uct-0500-self-play","93","15","0.625000","1","1+1+1","3","1","2","true"
"4x4","uct-0500-self-play","93","16","0.666667","2","1+1+1","3","2","1","true"
"4x4","uct-0500-self-play","93","17","0.708333","1","3","1","0","3","false"
"4x4","uct-0500-self-play","93","18","0.750000","2","1+1+1","3","1","2","true"
"4x4","uct-0500-self-play","93","19","0.791667","1","2+1","2","1","2","true"
"4x4","uct-0500-self-play","93","20","0.833333","2","1+1+1","3","2","1","true"
"4x4","uct-0500-self-play","93","21","0.875000","1","1+1+1","3","2","1","true"
"4x4","uct-0500-self-play","93","22","0.916667","2","2+1","2","3","0","false"
"4x4","uct-0500-self-play","93","23","0.958333","1","1+1+1","3","1","2","true"
"4x4","uct-0500-self-play","93","24","1.000000","2","1+1+1","3","3","0","false"
"4x4","uct-0500-self-play","94","1","0.041667","1","1+1+1","3","3","0","false"
"4x4","uct-0500-self-play","94","2","0.083333","2","1+1+1","3","3","0","false"
"4x4","uct-0500-self-play","94","3","0.125000","1","1+1+1","3","2","1","true"
"4x4","uct-0500-self-play","94","4","0.166667","2","1+1+1","3","2","1","true"
"4x4","uct-0500-self-play","94","5","0.208333","1","2+1","2","2","1","true"
"4x4","uct-0500-self-play","94","6","0.250000","2","1+1+1","3","2","1","true"
"4x4","uct-0500-self-play","94","7","0.291667","1","2+1","2","2","1","true"
"4x4","uct-0500-self-play","94","8","0.333333","2","1+1+1","3","2","1","true"
"4x4","uct-0500-self-play","94","9","0.375000","1","1+1+1","3","2","1","true"
"4x4","uct-0500-self-play","94","10","0.416667","2","2+1","2","1","2","true"
"4x4","uct-0500-self-play","94","11","0.458333","1","1+1+1","3","2","1","true"
"4x4","uct-0500-self-play","94","12","0.500000","2","1+1+1","3","1","2","true"
"4x4","uct-0500-self-play","94","13","0.541667","1","1+1+1","3","2","1","true"
"4x4","uct-0500-self-play","94","14","0.583333","2","1+1+1","3","2","1","true"
"4x4","uct-0500-self-play","94","15","0.625000","1","1+1+1","3","2","1","true"
"4x4","uct-0500-self-play","94","16","0.666667","2","1+1+1","3","2","1","true"
"4x4","uct-0500-self-play","94","17","0.708333","1","1+1+1","3","2","1","true"
"4x4","uct-0500-self-play","94","18","0.750000","2","2+1","2","0","3","false"
"4x4","uct-0500-self-play","94","19","0.791667","1","1+1+1","3","2","1","true"
"4x4","uct-0500-self-play","94","20","0.833333","2","2+1","2","2","1","true"
"4x4","uct-0500-self-play","94","21","0.875000","1","1+1+1","3","1","2","true"
"4x4","uct-0500-self-play","94","22","0.916667","2","1+1+1","3","3","0","false"
"4x4","uct-0500-self-play","94","23","0.958333","1","2+1","2","1","2","true"
"4x4","uct-0500-self-play","94","24","1.000000","2","1+1+1","3","2","1","true"
"4x4","uct-0500-self-play","95","1","0.041667","1","1+1+1","3","3","0","false"
"4x4","uct-0500-self-play","95","2","0.083333","2","1+1+1","3","3","0","false"
"4x4","uct-0500-self-play","95","3","0.125000","1","2+1","2","1","2","true"
"4x4","uct-0500-self-play","95","4","0.166667","2","1+1+1","3","2","1","true"
"4x4","uct-0500-self-play","95","5","0.208333","1","2+1","2","1","2","true"
"4x4","uct-0500-self-play","95","6","0.250000","2","2+1","2","2","1","true"
"4x4","uct-0500-self-play","95","7","0.291667","1","2+1","2","2","1","true"
"4x4","uct-0500-self-play","95","8","0.333333","2","1+1+1","3","2","1","true"
"4x4","uct-0500-self-play","95","9","0.375000","1","2+1","2","1","2","true"
"4x4","uct-0500-self-play","95","10","0.416667","2","1+1+1","3","2","1","true"
"4x4","uct-0500-self-play","95","11","0.458333","1","1+1+1","3","1","2","true"
"4x4","uct-0500-self-play","95","12","0.500000","2","1+1+1","3","0","3","false"
"4x4","uct-0500-self-play","95","13","0.541667","1","1+1+1","3","1","2","true"
"4x4","uct-0500-self-play","95","14","0.583333","2","1+1+1","3","1","2","true"
"4x4","uct-0500-self-play","95","15","0.625000","1","1+1+1","3","1","2","true"
"4x4","uct-0500-self-play","95","16","0.666667","2","2+1","2","1","2","true"
"4x4","uct-0500-self-play","95","17","0.708333","1","1+1+1","3","2","1","true"
"4x4","uct-0500-self-play","95","18","0.750000","2","1+1+1","3","0","3","false"
"4x4","uct-0500-self-play","95","19","0.791667","1","1+1+1","3","1","2","true"
"4x4","uct-0500-self-play","95","20","0.833333","2","2+1","2","0","3","false"
"4x4","uct-0500-self-play","95","21","0.875000","1","2+1","2","0","3","false"
"4x4","uct-0500-self-play","95","22","0.916667","2","2+1","2","1","2","true"
"4x4","uct-0500-self-play","95","23","0.958333","1","1+1+1","3","2","1","true"
"4x4","uct-0500-self-play","95","24","1.000000","2","1+1+1","3","1","2","true"
"4x4","uct-0500-self-play","96","1","0.041667","1","1+1+1","3","3","0","false"
"4x4","uct-0500-self-play","96","2","0.083333","2","1+1+1","3","3","0","false"
"4x4","uct-0500-self-play","96","3","0.125000","1","1+1+1","3","3","0","false"
"4x4","uct-0500-self-play","96","4","0.166667","2","1+1+1","3","2","1","true"
"4x4","uct-0500-self-play","96","5","0.208333","1","1+1+1","3","2","1","true"
"4x4","uct-0500-self-play","96","6","0.250000","2","1+1+1","3","2","1","true"
"4x4","uct-0500-self-play","96","7","0.291667","1","1+1+1","3","1","2","true"
"4x4","uct-0500-self-play","96","8","0.333333","2","1+1+1","3","0","3","false"
"4x4","uct-0500-self-play","96","9","0.375000","1","1+1+1","3","1","2","true"
"4x4","uct-0500-self-play","96","10","0.416667","2","1+1+1","3","1","2","true"
"4x4","uct-0500-self-play","96","11","0.458333","1","1+1+1","3","1","2","true"
"4x4","uct-0500-self-play","96","12","0.500000","2","1+1+1","3","1","2","true"
"4x4","uct-0500-self-play","96","13","0.541667","1","2+1","2","0","3","false"
"4x4","uct-0500-self-play","96","14","0.583333","2","2+1","2","0","3","false"
"4x4","uct-0500-self-play","96","15","0.625000","1","1+1+1","3","2","1","true"
"4x4","uct-0500-self-play","96","16","0.666667","2","1+1+1","3","0","3","false"
"4x4","uct-0500-self-play","96","17","0.708333","1","1+1+1","3","2","1","true"
"4x4","uct-0500-self-play","96","18","0.750000","2","2+1","2","1","2","true"
"4x4","uct-0500-self-play","96","19","0.791667","1","2+1","2","1","2","true"
"4x4","uct-0500-self-play","96","20","0.833333","2","1+1+1","3","2","1","true"
"4x4","uct-0500-self-play","96","21","0.875000","1","1+1+1","3","2","1","true"
"4x4","uct-0500-self-play","96","22","0.916667","2","1+1+1","3","3","0","false"
"4x4","uct-0500-self-play","96","23","0.958333","1","1+1+1","3","1","2","true"
"4x4","uct-0500-self-play","96","24","1.000000","2","1+1+1","3","2","1","true"
"4x4","uct-0500-self-play","97","1","0.041667","1","1+1+1","3","3","0","false"
"4x4","uct-0500-self-play","97","2","0.083333","2","2+1","2","3","0","false"
"4x4","uct-0500-self-play","97","3","0.125000","1","2+1","2","2","1","true"
"4x4","uct-0500-self-play","97","4","0.166667","2","2+1","2","2","1","true"
"4x4","uct-0500-self-play","97","5","0.208333","1","2+1","2","0","3","false"
"4x4","uct-0500-self-play","97","6","0.250000","2","2+1","2","2","1","true"
"4x4","uct-0500-self-play","97","7","0.291667","1","1+1+1","3","1","2","true"
"4x4","uct-0500-self-play","97","8","0.333333","2","2+1","2","0","3","false"
"4x4","uct-0500-self-play","97","9","0.375000","1","1+1+1","3","0","3","false"
"4x4","uct-0500-self-play","97","10","0.416667","2","1+1+1","3","1","2","true"
"4x4","uct-0500-self-play","97","11","0.458333","1","2+1","2","2","1","true"
"4x4","uct-0500-self-play","97","12","0.500000","2","1+1+1","3","2","1","true"
"4x4","uct-0500-self-play","97","13","0.541667","1","2+1","2","2","1","true"
"4x4","uct-0500-self-play","97","14","0.583333","2","2+1","2","0","3","false"
"4x4","uct-0500-self-play","97","15","0.625000","1","1+1+1","3","1","2","true"
"4x4","uct-0500-self-play","97","16","0.666667","2","1+1+1","3","1","2","true"
"4x4","uct-0500-self-play","97","17","0.708333","1","1+1+1","3","0","3","false"
"4x4","uct-0500-self-play","97","18","0.750000","2","1+1+1","3","1","2","true"
"4x4","uct-0500-self-play","97","19","0.791667","1","2+1","2","1","2","true"
"4x4","uct-0500-self-play","97","20","0.833333","2","2+1","2","1","2","true"
"4x4","uct-0500-self-play","97","21","0.875000","1","1+1+1","3","1","2","true"
"4x4","uct-0500-self-play","97","22","0.916667","2","2+1","2","1","2","true"
"4x4","uct-0500-self-play","97","23","0.958333","1","1+1+1","3","2","1","true"
"4x4","uct-0500-self-play","97","24","1.000000","2","2+1","2","0","3","false"
"4x4","uct-0500-self-play","98","1","0.041667","1","2+1","2","3","0","false"
"4x4","uct-0500-self-play","98","2","0.083333","2","1+1+1","3","3","0","false"
"4x4","uct-0500-self-play","98","3","0.125000","1","1+1+1","3","2","1","true"
"4x4","uct-0500-self-play","98","4","0.166667","2","1+1+1","3","2","1","true"
"4x4","uct-0500-self-play","98","5","0.208333","1","1+1+1","3","1","2","true"
"4x4","uct-0500-self-play","98","6","0.250000","2","1+1+1","3","3","0","false"
"4x4","uct-0500-self-play","98","7","0.291667","1","1+1+1","3","2","1","true"
"4x4","uct-0500-self-play","98","8","0.333333","2","2+1","2","1","2","true"
"4x4","uct-0500-self-play","98","9","0.375000","1","2+1","2","2","1","true"
"4x4","uct-0500-self-play","98","10","0.416667","2","1+1+1","3","2","1","true"
"4x4","uct-0500-self-play","98","11","0.458333","1","2+1","2","1","2","true"
"4x4","uct-0500-self-play","98","12","0.500000","2","2+1","2","0","3","false"
"4x4","uct-0500-self-play","98","13","0.541667","1","2+1","2","1","2","true"
"4x4","uct-0500-self-play","98","14","0.583333","2","1+1+1","3","1","2","true"
"4x4","uct-0500-self-play","98","15","0.625000","1","1+1+1","3","1","2","true"
"4x4","uct-0500-self-play","98","16","0.666667","2","1+1+1","3","2","1","true"
"4x4","uct-0500-self-play","98","17","0.708333","1","2+1","2","2","1","true"
"4x4","uct-0500-self-play","98","18","0.750000","2","2+1","2","1","2","true"
"4x4","uct-0500-self-play","98","19","0.791667","1","2+1","2","1","2","true"
"4x4","uct-0500-self-play","98","20","0.833333","2","2+1","2","0","3","false"
"4x4","uct-0500-self-play","98","21","0.875000","1","1+1+1","3","2","1","true"
"4x4","uct-0500-self-play","98","22","0.916667","2","1+1+1","3","2","1","true"
"4x4","uct-0500-self-play","98","23","0.958333","1","3","1","1","2","true"
"4x4","uct-0500-self-play","98","24","1.000000","2","1+1+1","3","1","2","true"
"4x4","uct-0500-self-play","99","1","0.041667","1","2+1","2","3","0","false"
"4x4","uct-0500-self-play","99","2","0.083333","2","1+1+1","3","3","0","false"
"4x4","uct-0500-self-play","99","3","0.125000","1","2+1","2","2","1","true"
"4x4","uct-0500-self-play","99","4","0.166667","2","2+1","2","2","1","true"
"4x4","uct-0500-self-play","99","5","0.208333","1","2+1","2","1","2","true"
"4x4","uct-0500-self-play","99","6","0.250000","2","1+1+1","3","0","3","false"
"4x4","uct-0500-self-play","99","7","0.291667","1","1+1+1","3","1","2","true"
"4x4","uct-0500-self-play","99","8","0.333333","2","2+1","2","1","2","true"
"4x4","uct-0500-self-play","99","9","0.375000","1","2+1","2","0","3","false"
"4x4","uct-0500-self-play","99","10","0.416667","2","1+1+1","3","1","2","true"
"4x4","uct-0500-self-play","99","11","0.458333","1","2+1","2","1","2","true"
"4x4","uct-0500-self-play","99","12","0.500000","2","1+1+1","3","1","2","true"
"4x4","uct-0500-self-play","99","13","0.541667","1","2+1","2","1","2","true"
"4x4","uct-0500-self-play","99","14","0.583333","2","2+1","2","1","2","true"
"4x4","uct-0500-self-play","99","15","0.625000","1","1+1+1","3","2","1","true"
"4x4","uct-0500-self-play","99","16","0.666667","2","2+1","2","0","3","false"
"4x4","uct-0500-self-play","99","17","0.708333","1","2+1","2","2","1","true"
"4x4","uct-0500-self-play","99","18","0.750000","2","2+1","2","2","1","true"
"4x4","uct-0500-self-play","99","19","0.791667","1","1+1+1","3","1","2","true"
"4x4","uct-0500-self-play","99","20","0.833333","2","1+1+1","3","1","2","true"
"4x4","uct-0500-self-play","99","21","0.875000","1","1+1+1","3","0","3","false"
"4x4","uct-0500-self-play","99","22","0.916667","2","1+1+1","3","1","2","true"
"4x4","uct-0500-self-play","99","23","0.958333","1","1+1+1","3","2","1","true"
"4x4","uct-0500-self-play","99","24","1.000000","2","1+1+1","3","1","2","true"
"4x4","uct-0500-self-play","100","1","0.041667","1","1+1+1","3","3","0","false"
"4x4","uct-0500-self-play","100","2","0.083333","2","2+1","2","3","0","false"
"4x4","uct-0500-self-play","100","3","0.125000","1","1+1+1","3","1","2","true"
"4x4","uct-0500-self-play","100","4","0.166667","2","1+1+1","3","3","0","false"
"4x4","uct-0500-self-play","100","5","0.208333","1","2+1","2","3","0","false"
"4x4","uct-0500-self-play","100","6","0.250000","2","2+1","2","1","2","true"
"4x4","uct-0500-self-play","100","7","0.291667","1","1+1+1","3","2","1","true"
"4x4","uct-0500-self-play","100","8","0.333333","2","1+1+1","3","2","1","true"
"4x4","uct-0500-self-play","100","9","0.375000","1","1+1+1","3","0","3","false"
"4x4","uct-0500-self-play","100","10","0.416667","2","2+1","2","1","2","true"
"4x4","uct-0500-self-play","100","11","0.458333","1","2+1","2","1","2","true"
"4x4","uct-0500-self-play","100","12","0.500000","2","1+1+1","3","2","1","true"
"4x4","uct-0500-self-play","100","13","0.541667","1","1+1+1","3","1","2","true"
"4x4","uct-0500-self-play","100","14","0.583333","2","2+1","2","0","3","false"
"4x4","uct-0500-self-play","100","15","0.625000","1","2+1","2","3","0","false"
"4x4","uct-0500-self-play","100","16","0.666667","2","2+1","2","2","1","true"
"4x4","uct-0500-self-play","100","17","0.708333","1","1+1+1","3","0","3","false"
"4x4","uct-0500-self-play","100","18","0.750000","2","1+1+1","3","0","3","false"
"4x4","uct-0500-self-play","100","19","0.791667","1","2+1","2","0","3","false"
"4x4","uct-0500-self-play","100","20","0.833333","2","1+1+1","3","1","2","true"
"4x4","uct-0500-self-play","100","21","0.875000","1","1+1+1","3","1","2","true"
"4x4","uct-0500-self-play","100","22","0.916667","2","1+1+1","3","0","3","false"
"4x4","uct-0500-self-play","100","23","0.958333","1","1+1+1","3","3","0","false"
"4x4","uct-0500-self-play","100","24","1.000000","2","2+1","2","3","0","false"
"4x4","uct-1000-self-play","1","1","0.041667","1","2+1","2","3","0","false"
"4x4","uct-1000-self-play","1","2","0.083333","2","1+1+1","3","3","0","false"
"4x4","uct-1000-self-play","1","3","0.125000","1","1+1+1","3","2","1","true"
"4x4","uct-1000-self-play","1","4","0.166667","2","2+1","2","2","1","true"
"4x4","uct-1000-self-play","1","5","0.208333","1","2+1","2","1","2","true"
"4x4","uct-1000-self-play","1","6","0.250000","2","2+1","2","1","2","true"
"4x4","uct-1000-self-play","1","7","0.291667","1","1+1+1","3","2","1","true"
"4x4","uct-1000-self-play","1","8","0.333333","2","2+1","2","1","2","true"
"4x4","uct-1000-self-play","1","9","0.375000","1","1+1+1","3","1","2","true"
"4x4","uct-1000-self-play","1","10","0.416667","2","2+1","2","0","3","false"
"4x4","uct-1000-self-play","1","11","0.458333","1","1+1+1","3","2","1","true"
"4x4","uct-1000-self-play","1","12","0.500000","2","1+1+1","3","2","1","true"
"4x4","uct-1000-self-play","1","13","0.541667","1","2+1","2","0","3","false"
"4x4","uct-1000-self-play","1","14","0.583333","2","2+1","2","1","2","true"
"4x4","uct-1000-self-play","1","15","0.625000","1","1+1+1","3","1","2","true"
"4x4","uct-1000-self-play","1","16","0.666667","2","1+1+1","3","2","1","true"
"4x4","uct-1000-self-play","1","17","0.708333","1","1+1+1","3","2","1","true"
"4x4","uct-1000-self-play","1","18","0.750000","2","2+1","2","1","2","true"
"4x4","uct-1000-self-play","1","19","0.791667","1","1+1+1","3","0","3","false"
"4x4","uct-1000-self-play","1","20","0.833333","2","2+1","2","1","2","true"
"4x4","uct-1000-self-play","1","21","0.875000","1","1+1+1","3","0","3","false"
"4x4","uct-1000-self-play","1","22","0.916667","2","2+1","2","0","3","false"
"4x4","uct-1000-self-play","1","23","0.958333","1","1+1+1","3","1","2","true"
"4x4","uct-1000-self-play","1","24","1.000000","2","1+1+1","3","3","0","false"
"4x4","uct-1000-self-play","2","1","0.041667","1","1+1+1","3","3","0","false"
"4x4","uct-1000-self-play","2","2","0.083333","2","1+1+1","3","3","0","false"
"4x4","uct-1000-self-play","2","3","0.125000","1","1+1+1","3","2","1","true"
"4x4","uct-1000-self-play","2","4","0.166667","2","1+1+1","3","2","1","true"
"4x4","uct-1000-self-play","2","5","0.208333","1","1+1+1","3","2","1","true"
"4x4","uct-1000-self-play","2","6","0.250000","2","1+1+1","3","2","1","true"
"4x4","uct-1000-self-play","2","7","0.291667","1","2+1","2","2","1","true"
"4x4","uct-1000-self-play","2","8","0.333333","2","1+1+1","3","1","2","true"
"4x4","uct-1000-self-play","2","9","0.375000","1","2+1","2","0","3","false"
"4x4","uct-1000-self-play","2","10","0.416667","2","2+1","2","0","3","false"
"4x4","uct-1000-self-play","2","11","0.458333","1","1+1+1","3","0","3","false"
"4x4","uct-1000-self-play","2","12","0.500000","2","2+1","2","1","2","true"
"4x4","uct-1000-self-play","2","13","0.541667","1","2+1","2","1","2","true"
"4x4","uct-1000-self-play","2","14","0.583333","2","1+1+1","3","1","2","true"
"4x4","uct-1000-self-play","2","15","0.625000","1","2+1","2","1","2","true"
"4x4","uct-1000-self-play","2","16","0.666667","2","2+1","2","0","3","false"
"4x4","uct-1000-self-play","2","17","0.708333","1","1+1+1","3","2","1","true"
"4x4","uct-1000-self-play","2","18","0.750000","2","1+1+1","3","1","2","true"
"4x4","uct-1000-self-play","2","19","0.791667","1","1+1+1","3","1","2","true"
"4x4","uct-1000-self-play","2","20","0.833333","2","1+1+1","3","0","3","false"
"4x4","uct-1000-self-play","2","21","0.875000","1","1+1+1","3","1","2","true"
"4x4","uct-1000-self-play","2","22","0.916667","2","1+1+1","3","3","0","false"
"4x4","uct-1000-self-play","2","23","0.958333","1","1+1+1","3","1","2","true"
"4x4","uct-1000-self-play","2","24","1.000000","2","1+1+1","3","3","0","false"
"4x4","uct-1000-self-play","3","1","0.041667","1","1+1+1","3","3","0","false"
"4x4","uct-1000-self-play","3","2","0.083333","2","2+1","2","3","0","false"
"4x4","uct-1000-self-play","3","3","0.125000","1","1+1+1","3","1","2","true"
"4x4","uct-1000-self-play","3","4","0.166667","2","2+1","2","2","1","true"
"4x4","uct-1000-self-play","3","5","0.208333","1","1+1+1","3","2","1","true"
"4x4","uct-1000-self-play","3","6","0.250000","2","1+1+1","3","3","0","false"
"4x4","uct-1000-self-play","3","7","0.291667","1","2+1","2","3","0","false"
"4x4","uct-1000-self-play","3","8","0.333333","2","1+1+1","3","2","1","true"
"4x4","uct-1000-self-play","3","9","0.375000","1","1+1+1","3","3","0","false"
"4x4","uct-1000-self-play","3","10","0.416667","2","1+1+1","3","2","1","true"
"4x4","uct-1000-self-play","3","11","0.458333","1","1+1+1","3","2","1","true"
"4x4","uct-1000-self-play","3","12","0.500000","2","1+1+1","3","0","3","false"
"4x4","uct-1000-self-play","3","13","0.541667","1","2+1","2","0","3","false"
"4x4","uct-1000-self-play","3","14","0.583333","2","2+1","2","1","2","true"
"4x4","uct-1000-self-play","3","15","0.625000","1","2+1","2","0","3","false"
"4x4","uct-1000-self-play","3","16","0.666667","2","2+1","2","0","3","false"
"4x4","uct-1000-self-play","3","17","0.708333","1","2+1","2","0","3","false"
"4x4","uct-1000-self-play","3","18","0.750000","2","3","1","0","3","false"
"4x4","uct-1000-self-play","3","19","0.791667","1","2+1","2","0","3","false"
"4x4","uct-1000-self-play","3","20","0.833333","2","2+1","2","1","2","true"
"4x4","uct-1000-self-play","3","21","0.875000","1","1+1+1","3","2","1","true"
"4x4","uct-1000-self-play","3","22","0.916667","2","2+1","2","1","2","true"
"4x4","uct-1000-self-play","3","23","0.958333","1","1+1+1","3","1","2","true"
"4x4","uct-1000-self-play","3","24","1.000000","2","2+1","2","1","2","true"
"4x4","uct-1000-self-play","4","1","0.041667","1","1+1+1","3","3","0","false"
"4x4","uct-1000-self-play","4","2","0.083333","2","1+1+1","3","3","0","false"
"4x4","uct-1000-self-play","4","3","0.125000","1","1+1+1","3","1","2","true"
"4x4","uct-1000-self-play","4","4","0.166667","2","1+1+1","3","1","2","true"
"4x4","uct-1000-self-play","4","5","0.208333","1","2+1","2","2","1","true"
"4x4","uct-1000-self-play","4","6","0.250000","2","2+1","2","1","2","true"
"4x4","uct-1000-self-play","4","7","0.291667","1","1+1+1","3","1","2","true"
"4x4","uct-1000-self-play","4","8","0.333333","2","1+1+1","3","1","2","true"
"4x4","uct-1000-self-play","4","9","0.375000","1","1+1+1","3","1","2","true"
"4x4","uct-1000-self-play","4","10","0.416667","2","1+1+1","3","2","1","true"
"4x4","uct-1000-self-play","4","11","0.458333","1","1+1+1","3","1","2","true"
"4x4","uct-1000-self-play","4","12","0.500000","2","1+1+1","3","1","2","true"
"4x4","uct-1000-self-play","4","13","0.541667","1","1+1+1","3","2","1","true"
"4x4","uct-1000-self-play","4","14","0.583333","2","1+1+1","3","2","1","true"
"4x4","uct-1000-self-play","4","15","0.625000","1","1+1+1","3","2","1","true"
"4x4","uct-1000-self-play","4","16","0.666667","2","2+1","2","1","2","true"
"4x4","uct-1000-self-play","4","17","0.708333","1","2+1","2","1","2","true"
"4x4","uct-1000-self-play","4","18","0.750000","2","2+1","2","0","3","false"
"4x4","uct-1000-self-play","4","19","0.791667","1","1+1+1","3","1","2","true"
"4x4","uct-1000-self-play","4","20","0.833333","2","1+1+1","3","0","3","false"
"4x4","uct-1000-self-play","4","21","0.875000","1","1+1+1","3","0","3","false"
"4x4","uct-1000-self-play","4","22","0.916667","2","2+1","2","1","2","true"
"4x4","uct-1000-self-play","4","23","0.958333","1","2+1","2","0","3","false"
"4x4","uct-1000-self-play","4","24","1.000000","2","1+1+1","3","1","2","true"
"4x4","uct-1000-self-play","5","1","0.041667","1","1+1+1","3","3","0","false"
"4x4","uct-1000-self-play","5","2","0.083333","2","1+1+1","3","3","0","false"
"4x4","uct-1000-self-play","5","3","0.125000","1","1+1+1","3","1","2","true"
"4x4","uct-1000-self-play","5","4","0.166667","2","1+1+1","3","3","0","false"
"4x4","uct-1000-self-play","5","5","0.208333","1","1+1+1","3","0","3","false"
"4x4","uct-1000-self-play","5","6","0.250000","2","1+1+1","3","0","3","false"
"4x4","uct-1000-self-play","5","7","0.291667","1","1+1+1","3","1","2","true"
"4x4","uct-1000-self-play","5","8","0.333333","2","1+1+1","3","0","3","false"
"4x4","uct-1000-self-play","5","9","0.375000","1","2+1","2","2","1","true"
"4x4","uct-1000-self-play","5","10","0.416667","2","1+1+1","3","1","2","true"
"4x4","uct-1000-self-play","5","11","0.458333","1","3","1","2","1","true"
"4x4","uct-1000-self-play","5","12","0.500000","2","2+1","2","1","2","true"
"4x4","uct-1000-self-play","5","13","0.541667","1","1+1+1","3","1","2","true"
"4x4","uct-1000-self-play","5","14","0.583333","2","1+1+1","3","1","2","true"
"4x4","uct-1000-self-play","5","15","0.625000","1","2+1","2","0","3","false"
"4x4","uct-1000-self-play","5","16","0.666667","2","2+1","2","0","3","false"
"4x4","uct-1000-self-play","5","17","0.708333","1","2+1","2","0","3","false"
"4x4","uct-1000-self-play","5","18","0.750000","2","2+1","2","1","2","true"
"4x4","uct-1000-self-play","5","19","0.791667","1","1+1+1","3","0","3","false"
"4x4","uct-1000-self-play","5","20","0.833333","2","1+1+1","3","1","2","true"
"4x4","uct-1000-self-play","5","21","0.875000","1","1+1+1","3","1","2","true"
"4x4","uct-1000-self-play","5","22","0.916667","2","1+1+1","3","2","1","true"
"4x4","uct-1000-self-play","5","23","0.958333","1","1+1+1","3","2","1","true"
"4x4","uct-1000-self-play","5","24","1.000000","2","1+1+1","3","3","0","false"
"4x4","uct-1000-self-play","6","1","0.041667","1","1+1+1","3","3","0","false"
"4x4","uct-1000-self-play","6","2","0.083333","2","2+1","2","3","0","false"
"4x4","uct-1000-self-play","6","3","0.125000","1","2+1","2","3","0","false"
"4x4","uct-1000-self-play","6","4","0.166667","2","1+1+1","3","3","0","false"
"4x4","uct-1000-self-play","6","5","0.208333","1","2+1","2","1","2","true"
"4x4","uct-1000-self-play","6","6","0.250000","2","2+1","2","0","3","false"
"4x4","uct-1000-self-play","6","7","0.291667","1","2+1","2","0","3","false"
"4x4","uct-1000-self-play","6","8","0.333333","2","1+1+1","3","2","1","true"
"4x4","uct-1000-self-play","6","9","0.375000","1","2+1","2","1","2","true"
"4x4","uct-1000-self-play","6","10","0.416667","2","1+1+1","3","2","1","true"
"4x4","uct-1000-self-play","6","11","0.458333","1","2+1","2","0","3","false"
"4x4","uct-1000-self-play","6","12","0.500000","2","2+1","2","0","3","false"
"4x4","uct-1000-self-play","6","13","0.541667","1","1+1+1","3","1","2","true"
"4x4","uct-1000-self-play","6","14","0.583333","2","2+1","2","0","3","false"
"4x4","uct-1000-self-play","6","15","0.625000","1","2+1","2","0","3","false"
"4x4","uct-1000-self-play","6","16","0.666667","2","2+1","2","0","3","false"
"4x4","uct-1000-self-play","6","17","0.708333","1","2+1","2","1","2","true"
"4x4","uct-1000-self-play","6","18","0.750000","2","2+1","2","0","3","false"
"4x4","uct-1000-self-play","6","19","0.791667","1","2+1","2","0","3","false"
"4x4","uct-1000-self-play","6","20","0.833333","2","2+1","2","0","3","false"
"4x4","uct-1000-self-play","6","21","0.875000","1","1+1+1","3","1","2","true"
"4x4","uct-1000-self-play","6","22","0.916667","2","2+1","2","1","2","true"
"4x4","uct-1000-self-play","6","23","0.958333","1","1+1+1","3","2","1","true"
"4x4","uct-1000-self-play","6","24","1.000000","2","1+1+1","3","3","0","false"
"4x4","uct-1000-self-play","7","1","0.041667","1","2+1","2","3","0","false"
"4x4","uct-1000-self-play","7","2","0.083333","2","1+1+1","3","3","0","false"
"4x4","uct-1000-self-play","7","3","0.125000","1","1+1+1","3","3","0","false"
"4x4","uct-1000-self-play","7","4","0.166667","2","1+1+1","3","3","0","false"
"4x4","uct-1000-self-play","7","5","0.208333","1","1+1+1","3","1","2","true"
"4x4","uct-1000-self-play","7","6","0.250000","2","1+1+1","3","2","1","true"
"4x4","uct-1000-self-play","7","7","0.291667","1","1+1+1","3","2","1","true"
"4x4","uct-1000-self-play","7","8","0.333333","2","2+1","2","0","3","false"
"4x4","uct-1000-self-play","7","9","0.375000","1","2+1","2","1","2","true"
"4x4","uct-1000-self-play","7","10","0.416667","2","3","1","0","3","false"
"4x4","uct-1000-self-play","7","11","0.458333","1","2+1","2","0","3","false"
"4x4","uct-1000-self-play","7","12","0.500000","2","2+1","2","0","3","false"
"4x4","uct-1000-self-play","7","13","0.541667","1","2+1","2","0","3","false"
"4x4","uct-1000-self-play","7","14","0.583333","2","2+1","2","0","3","false"
"4x4","uct-1000-self-play","7","15","0.625000","1","2+1","2","0","3","false"
"4x4","uct-1000-self-play","7","16","0.666667","2","3","1","1","2","true"
"4x4","uct-1000-self-play","7","17","0.708333","1","1+1+1","3","0","3","false"
"4x4","uct-1000-self-play","7","18","0.750000","2","1+1+1","3","1","2","true"
"4x4","uct-1000-self-play","7","19","0.791667","1","2+1","2","0","3","false"
"4x4","uct-1000-self-play","7","20","0.833333","2","2+1","2","0","3","false"
"4x4","uct-1000-self-play","7","21","0.875000","1","1+1+1","3","2","1","true"
"4x4","uct-1000-self-play","7","22","0.916667","2","2+1","2","2","1","true"
"4x4","uct-1000-self-play","7","23","0.958333","1","1+1+1","3","3","0","false"
"4x4","uct-1000-self-play","7","24","1.000000","2","1+1+1","3","2","1","true"
"4x4","uct-1000-self-play","8","1","0.041667","1","1+1+1","3","3","0","false"
"4x4","uct-1000-self-play","8","2","0.083333","2","1+1+1","3","3","0","false"
"4x4","uct-1000-self-play","8","3","0.125000","1","1+1+1","3","2","1","true"
"4x4","uct-1000-self-play","8","4","0.166667","2","2+1","2","2","1","true"
"4x4","uct-1000-self-play","8","5","0.208333","1","1+1+1","3","2","1","true"
"4x4","uct-1000-self-play","8","6","0.250000","2","1+1+1","3","2","1","true"
"4x4","uct-1000-self-play","8","7","0.291667","1","1+1+1","3","2","1","true"
"4x4","uct-1000-self-play","8","8","0.333333","2","2+1","2","0","3","false"
"4x4","uct-1000-self-play","8","9","0.375000","1","1+1+1","3","1","2","true"
"4x4","uct-1000-self-play","8","10","0.416667","2","1+1+1","3","1","2","true"
"4x4","uct-1000-self-play","8","11","0.458333","1","2+1","2","0","3","false"
"4x4","uct-1000-self-play","8","12","0.500000","2","2+1","2","3","0","false"
"4x4","uct-1000-self-play","8","13","0.541667","1","2+1","2","2","1","true"
"4x4","uct-1000-self-play","8","14","0.583333","2","2+1","2","1","2","true"
"4x4","uct-1000-self-play","8","15","0.625000","1","1+1+1","3","1","2","true"
"4x4","uct-1000-self-play","8","16","0.666667","2","1+1+1","3","2","1","true"
"4x4","uct-1000-self-play","8","17","0.708333","1","2+1","2","1","2","true"
"4x4","uct-1000-self-play","8","18","0.750000","2","2+1","2","1","2","true"
"4x4","uct-1000-self-play","8","19","0.791667","1","1+1+1","3","2","1","true"
"4x4","uct-1000-self-play","8","20","0.833333","2","2+1","2","2","1","true"
"4x4","uct-1000-self-play","8","21","0.875000","1","2+1","2","2","1","true"
"4x4","uct-1000-self-play","8","22","0.916667","2","2+1","2","2","1","true"
"4x4","uct-1000-self-play","8","23","0.958333","1","1+1+1","3","1","2","true"
"4x4","uct-1000-self-play","8","24","1.000000","2","3","1","0","3","false"
"4x4","uct-1000-self-play","9","1","0.041667","1","1+1+1","3","3","0","false"
"4x4","uct-1000-self-play","9","2","0.083333","2","1+1+1","3","3","0","false"
"4x4","uct-1000-self-play","9","3","0.125000","1","1+1+1","3","3","0","false"
"4x4","uct-1000-self-play","9","4","0.166667","2","2+1","2","3","0","false"
"4x4","uct-1000-self-play","9","5","0.208333","1","2+1","2","1","2","true"
"4x4","uct-1000-self-play","9","6","0.250000","2","2+1","2","1","2","true"
"4x4","uct-1000-self-play","9","7","0.291667","1","1+1+1","3","2","1","true"
"4x4","uct-1000-self-play","9","8","0.333333","2","2+1","2","1","2","true"
"4x4","uct-1000-self-play","9","9","0.375000","1","2+1","2","0","3","false"
"4x4","uct-1000-self-play","9","10","0.416667","2","2+1","2","0","3","false"
"4x4","uct-1000-self-play","9","11","0.458333","1","1+1+1","3","0","3","false"
"4x4","uct-1000-self-play","9","12","0.500000","2","2+1","2","0","3","false"
"4x4","uct-1000-self-play","9","13","0.541667","1","3","1","0","3","false"
"4x4","uct-1000-self-play","9","14","0.583333","2","3","1","0","3","false"
"4x4","uct-1000-self-play","9","15","0.625000","1","2+1","2","1","2","true"
"4x4","uct-1000-self-play","9","16","0.666667","2","2+1","2","3","0","false"
"4x4","uct-1000-self-play","9","17","0.708333","1","2+1","2","1","2","true"
"4x4","uct-1000-self-play","9","18","0.750000","2","1+1+1","3","0","3","false"
"4x4","uct-1000-self-play","9","19","0.791667","1","1+1+1","3","1","2","true"
"4x4","uct-1000-self-play","9","20","0.833333","2","1+1+1","3","0","3","false"
"4x4","uct-1000-self-play","9","21","0.875000","1","1+1+1","3","2","1","true"
"4x4","uct-1000-self-play","9","22","0.916667","2","2+1","2","2","1","true"
"4x4","uct-1000-self-play","9","23","0.958333","1","2+1","2","3","0","false"
"4x4","uct-1000-self-play","9","24","1.000000","2","1+1+1","3","2","1","true"
"4x4","uct-1000-self-play","10","1","0.041667","1","2+1","2","3","0","false"
"4x4","uct-1000-self-play","10","2","0.083333","2","1+1+1","3","3","0","false"
"4x4","uct-1000-self-play","10","3","0.125000","1","1+1+1","3","1","2","true"
"4x4","uct-1000-self-play","10","4","0.166667","2","1+1+1","3","1","2","true"
"4x4","uct-1000-self-play","10","5","0.208333","1","2+1","2","1","2","true"
"4x4","uct-1000-self-play","10","6","0.250000","2","2+1","2","1","2","true"
"4x4","uct-1000-self-play","10","7","0.291667","1","1+1+1","3","1","2","true"
"4x4","uct-1000-self-play","10","8","0.333333","2","1+1+1","3","1","2","true"
"4x4","uct-1000-self-play","10","9","0.375000","1","1+1+1","3","0","3","false"
"4x4","uct-1000-self-play","10","10","0.416667","2","2+1","2","0","3","false"
"4x4","uct-1000-self-play","10","11","0.458333","1","3","1","0","3","false"
"4x4","uct-1000-self-play","10","12","0.500000","2","2+1","2","0","3","false"
"4x4","uct-1000-self-play","10","13","0.541667","1","2+1","2","3","0","false"
"4x4","uct-1000-self-play","10","14","0.583333","2","1+1+1","3","2","1","true"
"4x4","uct-1000-self-play","10","15","0.625000","1","1+1+1","3","2","1","true"
"4x4","uct-1000-self-play","10","16","0.666667","2","1+1+1","3","2","1","true"
"4x4","uct-1000-self-play","10","17","0.708333","1","1+1+1","3","2","1","true"
"4x4","uct-1000-self-play","10","18","0.750000","2","2+1","2","0","3","false"
"4x4","uct-1000-self-play","10","19","0.791667","1","1+1+1","3","0","3","false"
"4x4","uct-1000-self-play","10","20","0.833333","2","1+1+1","3","1","2","true"
"4x4","uct-1000-self-play","10","21","0.875000","1","1+1+1","3","2","1","true"
"4x4","uct-1000-self-play","10","22","0.916667","2","1+1+1","3","2","1","true"
"4x4","uct-1000-self-play","10","23","0.958333","1","2+1","2","1","2","true"
"4x4","uct-1000-self-play","10","24","1.000000","2","2+1","2","2","1","true"
"4x4","uct-1000-self-play","11","1","0.041667","1","2+1","2","3","0","false"
"4x4","uct-1000-self-play","11","2","0.083333","2","1+1+1","3","3","0","false"
"4x4","uct-1000-self-play","11","3","0.125000","1","1+1+1","3","2","1","true"
"4x4","uct-1000-self-play","11","4","0.166667","2","1+1+1","3","2","1","true"
"4x4","uct-1000-self-play","11","5","0.208333","1","1+1+1","3","1","2","true"
"4x4","uct-1000-self-play","11","6","0.250000","2","2+1","2","1","2","true"
"4x4","uct-1000-self-play","11","7","0.291667","1","1+1+1","3","1","2","true"
"4x4","uct-1000-self-play","11","8","0.333333","2","1+1+1","3","2","1","true"
"4x4","uct-1000-self-play","11","9","0.375000","1","1+1+1","3","1","2","true"
"4x4","uct-1000-self-play","11","10","0.416667","2","1+1+1","3","1","2","true"
"4x4","uct-1000-self-play","11","11","0.458333","1","1+1+1","3","1","2","true"
"4x4","uct-1000-self-play","11","12","0.500000","2","1+1+1","3","1","2","true"
"4x4","uct-1000-self-play","11","13","0.541667","1","1+1+1","3","2","1","true"
"4x4","uct-1000-self-play","11","14","0.583333","2","1+1+1","3","1","2","true"
"4x4","uct-1000-self-play","11","15","0.625000","1","1+1+1","3","2","1","true"
"4x4","uct-1000-self-play","11","16","0.666667","2","1+1+1","3","1","2","true"
"4x4","uct-1000-self-play","11","17","0.708333","1","1+1+1","3","1","2","true"
"4x4","uct-1000-self-play","11","18","0.750000","2","2+1","2","0","3","false"
"4x4","uct-1000-self-play","11","19","0.791667","1","1+1+1","3","0","3","false"
"4x4","uct-1000-self-play","11","20","0.833333","2","1+1+1","3","1","2","true"
"4x4","uct-1000-self-play","11","21","0.875000","1","2+1","2","0","3","false"
"4x4","uct-1000-self-play","11","22","0.916667","2","2+1","2","1","2","true"
"4x4","uct-1000-self-play","11","23","0.958333","1","1+1+1","3","1","2","true"
"4x4","uct-1000-self-play","11","24","1.000000","2","2+1","2","1","2","true"
"4x4","uct-1000-self-play","12","1","0.041667","1","1+1+1","3","3","0","false"
"4x4","uct-1000-self-play","12","2","0.083333","2","1+1+1","3","3","0","false"
"4x4","uct-1000-self-play","12","3","0.125000","1","2+1","2","1","2","true"
"4x4","uct-1000-self-play","12","4","0.166667","2","2+1","2","2","1","true"
"4x4","uct-1000-self-play","12","5","0.208333","1","2+1","2","1","2","true"
"4x4","uct-1000-self-play","12","6","0.250000","2","1+1+1","3","1","2","true"
"4x4","uct-1000-self-play","12","7","0.291667","1","2+1","2","1","2","true"
"4x4","uct-1000-self-play","12","8","0.333333","2","1+1+1","3","3","0","false"
"4x4","uct-1000-self-play","12","9","0.375000","1","2+1","2","2","1","true"
"4x4","uct-1000-self-play","12","10","0.416667","2","2+1","2","2","1","true"
"4x4","uct-1000-self-play","12","11","0.458333","1","1+1+1","3","3","0","false"
"4x4","uct-1000-self-play","12","12","0.500000","2","1+1+1","3","1","2","true"
"4x4","uct-1000-self-play","12","13","0.541667","1","2+1","2","3","0","false"
"4x4","uct-1000-self-play","12","14","0.583333","2","1+1+1","3","2","1","true"
"4x4","uct-1000-self-play","12","15","0.625000","1","1+1+1","3","3","0","false"
"4x4","uct-1000-self-play","12","16","0.666667","2","1+1+1","3","3","0","false"
"4x4","uct-1000-self-play","12","17","0.708333","1","1+1+1","3","1","2","true"
"4x4","uct-1000-self-play","12","18","0.750000","2","1+1+1","3","2","1","true"
"4x4","uct-1000-self-play","12","19","0.791667","1","1+1+1","3","2","1","true"
"4x4","uct-1000-self-play","12","20","0.833333","2","2+1","2","1","2","true"
"4x4","uct-1000-self-play","12","21","0.875000","1","1+1+1","3","1","2","true"
"4x4","uct-1000-self-play","12","22","0.916667","2","1+1+1","3","2","1","true"
"4x4","uct-1000-self-play","12","23","0.958333","1","2+1","2","1","2","true"
"4x4","uct-1000-self-play","12","24","1.000000","2","1+1+1","3","0","3","false"
"4x4","uct-1000-self-play","13","1","0.041667","1","1+1+1","3","3","0","false"
"4x4","uct-1000-self-play","13","2","0.083333","2","2+1","2","3","0","false"
"4x4","uct-1000-self-play","13","3","0.125000","1","2+1","2","2","1","true"
"4x4","uct-1000-self-play","13","4","0.166667","2","1+1+1","3","1","2","true"
"4x4","uct-1000-self-play","13","5","0.208333","1","1+1+1","3","1","2","true"
"4x4","uct-1000-self-play","13","6","0.250000","2","2+1","2","3","0","false"
"4x4","uct-1000-self-play","13","7","0.291667","1","2+1","2","0","3","false"
"4x4","uct-1000-self-play","13","8","0.333333","2","1+1+1","3","1","2","true"
"4x4","uct-1000-self-play","13","9","0.375000","1","1+1+1","3","1","2","true"
"4x4","uct-1000-self-play","13","10","0.416667","2","2+1","2","1","2","true"
"4x4","uct-1000-self-play","13","11","0.458333","1","1+1+1","3","1","2","true"
"4x4","uct-1000-self-play","13","12","0.500000","2","2+1","2","0","3","false"
"4x4","uct-1000-self-play","13","13","0.541667","1","2+1","2","0","3","false"
"4x4","uct-1000-self-play","13","14","0.583333","2","1+1+1","3","1","2","true"
"4x4","uct-1000-self-play","13","15","0.625000","1","3","1","0","3","false"
"4x4","uct-1000-self-play","13","16","0.666667","2","2+1","2","0","3","false"
"4x4","uct-1000-self-play","13","17","0.708333","1","2+1","2","0","3","false"
"4x4","uct-1000-self-play","13","18","0.750000","2","1+1+1","3","2","1","true"
"4x4","uct-1000-self-play","13","19","0.791667","1","2+1","2","1","2","true"
"4x4","uct-1000-self-play","13","20","0.833333","2","2+1","2","3","0","false"
"4x4","uct-1000-self-play","13","21","0.875000","1","2+1","2","3","0","false"
"4x4","uct-1000-self-play","13","22","0.916667","2","2+1","2","3","0","false"
"4x4","uct-1000-self-play","13","23","0.958333","1","2+1","2","3","0","false"
"4x4","uct-1000-self-play","13","24","1.000000","2","2+1","2","2","1","true"
"4x4","uct-1000-self-play","14","1","0.041667","1","2+1","2","3","0","false"
"4x4","uct-1000-self-play","14","2","0.083333","2","1+1+1","3","3","0","false"
"4x4","uct-1000-self-play","14","3","0.125000","1","2+1","2","3","0","false"
"4x4","uct-1000-self-play","14","4","0.166667","2","1+1+1","3","3","0","false"
"4x4","uct-1000-self-play","14","5","0.208333","1","1+1+1","3","1","2","true"
"4x4","uct-1000-self-play","14","6","0.250000","2","2+1","2","2","1","true"
"4x4","uct-1000-self-play","14","7","0.291667","1","2+1","2","1","2","true"
"4x4","uct-1000-self-play","14","8","0.333333","2","3","1","0","3","false"
"4x4","uct-1000-self-play","14","9","0.375000","1","2+1","2","1","2","true"
"4x4","uct-1000-self-play","14","10","0.416667","2","1+1+1","3","1","2","true"
"4x4","uct-1000-self-play","14","11","0.458333","1","1+1+1","3","1","2","true"
"4x4","uct-1000-self-play","14","12","0.500000","2","1+1+1","3","1","2","true"
"4x4","uct-1000-self-play","14","13","0.541667","1","1+1+1","3","1","2","true"
"4x4","uct-1000-self-play","14","14","0.583333","2","2+1","2","0","3","false"
"4x4","uct-1000-self-play","14","15","0.625000","1","2+1","2","1","2","true"
"4x4","uct-1000-self-play","14","16","0.666667","2","1+1+1","3","2","1","true"
"4x4","uct-1000-self-play","14","17","0.708333","1","1+1+1","3","1","2","true"
"4x4","uct-1000-self-play","14","18","0.750000","2","1+1+1","3","3","0","false"
"4x4","uct-1000-self-play","14","19","0.791667","1","2+1","2","3","0","false"
"4x4","uct-1000-self-play","14","20","0.833333","2","1+1+1","3","2","1","true"
"4x4","uct-1000-self-play","14","21","0.875000","1","2+1","2","0","3","false"
"4x4","uct-1000-self-play","14","22","0.916667","2","1+1+1","3","2","1","true"
"4x4","uct-1000-self-play","14","23","0.958333","1","1+1+1","3","3","0","false"
"4x4","uct-1000-self-play","14","24","1.000000","2","2+1","2","2","1","true"
"4x4","uct-1000-self-play","15","1","0.041667","1","1+1+1","3","3","0","false"
"4x4","uct-1000-self-play","15","2","0.083333","2","1+1+1","3","3","0","false"
"4x4","uct-1000-self-play","15","3","0.125000","1","1+1+1","3","2","1","true"
"4x4","uct-1000-self-play","15","4","0.166667","2","2+1","2","3","0","false"
"4x4","uct-1000-self-play","15","5","0.208333","1","1+1+1","3","1","2","true"
"4x4","uct-1000-self-play","15","6","0.250000","2","2+1","2","1","2","true"
"4x4","uct-1000-self-play","15","7","0.291667","1","1+1+1","3","0","3","false"
"4x4","uct-1000-self-play","15","8","0.333333","2","2+1","2","0","3","false"
"4x4","uct-1000-self-play","15","9","0.375000","1","1+1+1","3","2","1","true"
"4x4","uct-1000-self-play","15","10","0.416667","2","1+1+1","3","0","3","false"
"4x4","uct-1000-self-play","15","11","0.458333","1","2+1","2","1","2","true"
"4x4","uct-1000-self-play","15","12","0.500000","2","1+1+1","3","0","3","false"
"4x4","uct-1000-self-play","15","13","0.541667","1","2+1","2","0","3","false"
"4x4","uct-1000-self-play","15","14","0.583333","2","2+1","2","0","3","false"
"4x4","uct-1000-self-play","15","15","0.625000","1","2+1","2","0","3","false"
"4x4","uct-1000-self-play","15","16","0.666667","2","2+1","2","0","3","false"
"4x4","uct-1000-self-play","15","17","0.708333","1","1+1+1","3","0","3","false"
"4x4","uct-1000-self-play","15","18","0.750000","2","2+1","2","1","2","true"
"4x4","uct-1000-self-play","15","19","0.791667","1","1+1+1","3","2","1","true"
"4x4","uct-1000-self-play","15","20","0.833333","2","1+1+1","3","1","2","true"
"4x4","uct-1000-self-play","15","21","0.875000","1","1+1+1","3","2","1","true"
"4x4","uct-1000-self-play","15","22","0.916667","2","2+1","2","2","1","true"
"4x4","uct-1000-self-play","15","23","0.958333","1","2+1","2","0","3","false"
"4x4","uct-1000-self-play","15","24","1.000000","2","2+1","2","1","2","true"
"4x4","uct-1000-self-play","16","1","0.041667","1","1+1+1","3","3","0","false"
"4x4","uct-1000-self-play","16","2","0.083333","2","1+1+1","3","3","0","false"
"4x4","uct-1000-self-play","16","3","0.125000","1","1+1+1","3","1","2","true"
"4x4","uct-1000-self-play","16","4","0.166667","2","1+1+1","3","2","1","true"
"4x4","uct-1000-self-play","16","5","0.208333","1","1+1+1","3","1","2","true"
"4x4","uct-1000-self-play","16","6","0.250000","2","1+1+1","3","1","2","true"
"4x4","uct-1000-self-play","16","7","0.291667","1","1+1+1","3","1","2","true"
"4x4","uct-1000-self-play","16","8","0.333333","2","1+1+1","3","1","2","true"
"4x4","uct-1000-self-play","16","9","0.375000","1","1+1+1","3","1","2","true"
"4x4","uct-1000-self-play","16","10","0.416667","2","1+1+1","3","2","1","true"
"4x4","uct-1000-self-play","16","11","0.458333","1","1+1+1","3","1","2","true"
"4x4","uct-1000-self-play","16","12","0.500000","2","1+1+1","3","3","0","false"
"4x4","uct-1000-self-play","16","13","0.541667","1","1+1+1","3","2","1","true"
"4x4","uct-1000-self-play","16","14","0.583333","2","1+1+1","3","1","2","true"
"4x4","uct-1000-self-play","16","15","0.625000","1","2+1","2","2","1","true"
"4x4","uct-1000-self-play","16","16","0.666667","2","2+1","2","0","3","false"
"4x4","uct-1000-self-play","16","17","0.708333","1","1+1+1","3","1","2","true"
"4x4","uct-1000-self-play","16","18","0.750000","2","2+1","2","1","2","true"
"4x4","uct-1000-self-play","16","19","0.791667","1","3","1","1","2","true"
"4x4","uct-1000-self-play","16","20","0.833333","2","1+1+1","3","0","3","false"
"4x4","uct-1000-self-play","16","21","0.875000","1","1+1+1","3","2","1","true"
"4x4","uct-1000-self-play","16","22","0.916667","2","2+1","2","0","3","false"
"4x4","uct-1000-self-play","16","23","0.958333","1","2+1","2","1","2","true"
"4x4","uct-1000-self-play","16","24","1.000000","2","2+1","2","3","0","false"
"4x4","uct-1000-self-play","17","1","0.041667","1","1+1+1","3","3","0","false"
"4x4","uct-1000-self-play","17","2","0.083333","2","2+1","2","3","0","false"
"4x4","uct-1000-self-play","17","3","0.125000","1","1+1+1","3","2","1","true"
"4x4","uct-1000-self-play","17","4","0.166667","2","2+1","2","2","1","true"
"4x4","uct-1000-self-play","17","5","0.208333","1","1+1+1","3","1","2","true"
"4x4","uct-1000-self-play","17","6","0.250000","2","1+1+1","3","2","1","true"
"4x4","uct-1000-self-play","17","7","0.291667","1","2+1","2","3","0","false"
"4x4","uct-1000-self-play","17","8","0.333333","2","1+1+1","3","1","2","true"
"4x4","uct-1000-self-play","17","9","0.375000","1","1+1+1","3","2","1","true"
"4x4","uct-1000-self-play","17","10","0.416667","2","2+1","2","1","2","true"
"4x4","uct-1000-self-play","17","11","0.458333","1","2+1","2","0","3","false"
"4x4","uct-1000-self-play","17","12","0.500000","2","2+1","2","3","0","false"
"4x4","uct-1000-self-play","17","13","0.541667","1","2+1","2","1","2","true"
"4x4","uct-1000-self-play","17","14","0.583333","2","2+1","2","0","3","false"
"4x4","uct-1000-self-play","17","15","0.625000","1","3","1","0","3","false"
"4x4","uct-1000-self-play","17","16","0.666667","2","2+1","2","0","3","false"
"4x4","uct-1000-self-play","17","17","0.708333","1","3","1","0","3","false"
"4x4","uct-1000-self-play","17","18","0.750000","2","1+1+1","3","1","2","true"
"4x4","uct-1000-self-play","17","19","0.791667","1","1+1+1","3","1","2","true"
"4x4","uct-1000-self-play","17","20","0.833333","2","1+1+1","3","1","2","true"
"4x4","uct-1000-self-play","17","21","0.875000","1","3","1","2","1","true"
"4x4","uct-1000-self-play","17","22","0.916667","2","1+1+1","3","1","2","true"
"4x4","uct-1000-self-play","17","23","0.958333","1","1+1+1","3","3","0","false"
"4x4","uct-1000-self-play","17","24","1.000000","2","1+1+1","3","3","0","false"
"4x4","uct-1000-self-play","18","1","0.041667","1","1+1+1","3","3","0","false"
"4x4","uct-1000-self-play","18","2","0.083333","2","1+1+1","3","3","0","false"
"4x4","uct-1000-self-play","18","3","0.125000","1","1+1+1","3","3","0","false"
"4x4","uct-1000-self-play","18","4","0.166667","2","2+1","2","3","0","false"
"4x4","uct-1000-self-play","18","5","0.208333","1","2+1","2","0","3","false"
"4x4","uct-1000-self-play","18","6","0.250000","2","1+1+1","3","1","2","true"
"4x4","uct-1000-self-play","18","7","0.291667","1","1+1+1","3","1","2","true"
"4x4","uct-1000-self-play","18","8","0.333333","2","2+1","2","1","2","true"
"4x4","uct-1000-self-play","18","9","0.375000","1","1+1+1","3","1","2","true"
"4x4","uct-1000-self-play","18","10","0.416667","2","3","1","1","2","true"
"4x4","uct-1000-self-play","18","11","0.458333","1","1+1+1","3","2","1","true"
"4x4","uct-1000-self-play","18","12","0.500000","2","2+1","2","1","2","true"
"4x4","uct-1000-self-play","18","13","0.541667","1","2+1","2","2","1","true"
"4x4","uct-1000-self-play","18","14","0.583333","2","2+1","2","2","1","true"
"4x4","uct-1000-self-play","18","15","0.625000","1","1+1+1","3","2","1","true"
"4x4","uct-1000-self-play","18","16","0.666667","2","1+1+1","3","2","1","true"
"4x4","uct-1000-self-play","18","17","0.708333","1","2+1","2","2","1","true"
"4x4","uct-1000-self-play","18","18","0.750000","2","1+1+1","3","1","2","true"
"4x4","uct-1000-self-play","18","19","0.791667","1","1+1+1","3","0","3","false"
"4x4","uct-1000-self-play","18","20","0.833333","2","1+1+1","3","2","1","true"
"4x4","uct-1000-self-play","18","21","0.875000","1","1+1+1","3","2","1","true"
"4x4","uct-1000-self-play","18","22","0.916667","2","1+1+1","3","2","1","true"
"4x4","uct-1000-self-play","18","23","0.958333","1","1+1+1","3","1","2","true"
"4x4","uct-1000-self-play","18","24","1.000000","2","1+1+1","3","2","1","true"
"4x4","uct-1000-self-play","19","1","0.041667","1","1+1+1","3","3","0","false"
"4x4","uct-1000-self-play","19","2","0.083333","2","1+1+1","3","3","0","false"
"4x4","uct-1000-self-play","19","3","0.125000","1","2+1","2","1","2","true"
"4x4","uct-1000-self-play","19","4","0.166667","2","1+1+1","3","1","2","true"
"4x4","uct-1000-self-play","19","5","0.208333","1","2+1","2","3","0","false"
"4x4","uct-1000-self-play","19","6","0.250000","2","1+1+1","3","2","1","true"
"4x4","uct-1000-self-play","19","7","0.291667","1","2+1","2","1","2","true"
"4x4","uct-1000-self-play","19","8","0.333333","2","2+1","2","0","3","false"
"4x4","uct-1000-self-play","19","9","0.375000","1","1+1+1","3","2","1","true"
"4x4","uct-1000-self-play","19","10","0.416667","2","1+1+1","3","2","1","true"
"4x4","uct-1000-self-play","19","11","0.458333","1","2+1","2","0","3","false"
"4x4","uct-1000-self-play","19","12","0.500000","2","1+1+1","3","0","3","false"
"4x4","uct-1000-self-play","19","13","0.541667","1","2+1","2","0","3","false"
"4x4","uct-1000-self-play","19","14","0.583333","2","2+1","2","0","3","false"
"4x4","uct-1000-self-play","19","15","0.625000","1","1+1+1","3","1","2","true"
"4x4","uct-1000-self-play","19","16","0.666667","2","2+1","2","1","2","true"
"4x4","uct-1000-self-play","19","17","0.708333","1","1+1+1","3","1","2","true"
"4x4","uct-1000-self-play","19","18","0.750000","2","2+1","2","0","3","false"
"4x4","uct-1000-self-play","19","19","0.791667","1","2+1","2","0","3","false"
"4x4","uct-1000-self-play","19","20","0.833333","2","2+1","2","1","2","true"
"4x4","uct-1000-self-play","19","21","0.875000","1","2+1","2","2","1","true"
"4x4","uct-1000-self-play","19","22","0.916667","2","3","1","1","2","true"
"4x4","uct-1000-self-play","19","23","0.958333","1","1+1+1","3","1","2","true"
"4x4","uct-1000-self-play","19","24","1.000000","2","1+1+1","3","2","1","true"
"4x4","uct-1000-self-play","20","1","0.041667","1","1+1+1","3","3","0","false"
"4x4","uct-1000-self-play","20","2","0.083333","2","1+1+1","3","3","0","false"
"4x4","uct-1000-self-play","20","3","0.125000","1","1+1+1","3","1","2","true"
"4x4","uct-1000-self-play","20","4","0.166667","2","1+1+1","3","2","1","true"
"4x4","uct-1000-self-play","20","5","0.208333","1","1+1+1","3","2","1","true"
"4x4","uct-1000-self-play","20","6","0.250000","2","2+1","2","2","1","true"
"4x4","uct-1000-self-play","20","7","0.291667","1","1+1+1","3","2","1","true"
"4x4","uct-1000-self-play","20","8","0.333333","2","2+1","2","1","2","true"
"4x4","uct-1000-self-play","20","9","0.375000","1","1+1+1","3","2","1","true"
"4x4","uct-1000-self-play","20","10","0.416667","2","2+1","2","2","1","true"
"4x4","uct-1000-self-play","20","11","0.458333","1","1+1+1","3","2","1","true"
"4x4","uct-1000-self-play","20","12","0.500000","2","1+1+1","3","2","1","true"
"4x4","uct-1000-self-play","20","13","0.541667","1","1+1+1","3","1","2","true"
"4x4","uct-1000-self-play","20","14","0.583333","2","1+1+1","3","1","2","true"
"4x4","uct-1000-self-play","20","15","0.625000","1","2+1","2","1","2","true"
"4x4","uct-1000-self-play","20","16","0.666667","2","2+1","2","2","1","true"
"4x4","uct-1000-self-play","20","17","0.708333","1","2+1","2","1","2","true"
"4x4","uct-1000-self-play","20","18","0.750000","2","1+1+1","3","1","2","true"
"4x4","uct-1000-self-play","20","19","0.791667","1","1+1+1","3","1","2","true"
"4x4","uct-1000-self-play","20","20","0.833333","2","2+1","2","1","2","true"
"4x4","uct-1000-self-play","20","21","0.875000","1","1+1+1","3","0","3","false"
"4x4","uct-1000-self-play","20","22","0.916667","2","2+1","2","0","3","false"
"4x4","uct-1000-self-play","20","23","0.958333","1","2+1","2","0","3","false"
"4x4","uct-1000-self-play","20","24","1.000000","2","1+1+1","3","2","1","true"
"4x4","uct-1000-self-play","21","1","0.041667","1","1+1+1","3","3","0","false"
"4x4","uct-1000-self-play","21","2","0.083333","2","2+1","2","3","0","false"
"4x4","uct-1000-self-play","21","3","0.125000","1","1+1+1","3","2","1","true"
"4x4","uct-1000-self-play","21","4","0.166667","2","1+1+1","3","3","0","false"
"4x4","uct-1000-self-play","21","5","0.208333","1","1+1+1","3","1","2","true"
"4x4","uct-1000-self-play","21","6","0.250000","2","1+1+1","3","3","0","false"
"4x4","uct-1000-self-play","21","7","0.291667","1","1+1+1","3","1","2","true"
"4x4","uct-1000-self-play","21","8","0.333333","2","1+1+1","3","2","1","true"
"4x4","uct-1000-self-play","21","9","0.375000","1","1+1+1","3","1","2","true"
"4x4","uct-1000-self-play","21","10","0.416667","2","2+1","2","1","2","true"
"4x4","uct-1000-self-play","21","11","0.458333","1","1+1+1","3","2","1","true"
"4x4","uct-1000-self-play","21","12","0.500000","2","2+1","2","0","3","false"
"4x4","uct-1000-self-play","21","13","0.541667","1","3","1","0","3","false"
"4x4","uct-1000-self-play","21","14","0.583333","2","2+1","2","0","3","false"
"4x4","uct-1000-self-play","21","15","0.625000","1","1+1+1","3","1","2","true"
"4x4","uct-1000-self-play","21","16","0.666667","2","2+1","2","0","3","false"
"4x4","uct-1000-self-play","21","17","0.708333","1","2+1","2","3","0","false"
"4x4","uct-1000-self-play","21","18","0.750000","2","2+1","2","0","3","false"
"4x4","uct-1000-self-play","21","19","0.791667","1","1+1+1","3","3","0","false"
"4x4","uct-1000-self-play","21","20","0.833333","2","1+1+1","3","3","0","false"
"4x4","uct-1000-self-play","21","21","0.875000","1","1+1+1","3","0","3","false"
"4x4","uct-1000-self-play","21","22","0.916667","2","2+1","2","1","2","true"
"4x4","uct-1000-self-play","21","23","0.958333","1","2+1","2","0","3","false"
"4x4","uct-1000-self-play","21","24","1.000000","2","2+1","2","1","2","true"
"4x4","uct-1000-self-play","22","1","0.041667","1","2+1","2","3","0","false"
"4x4","uct-1000-self-play","22","2","0.083333","2","1+1+1","3","3","0","false"
"4x4","uct-1000-self-play","22","3","0.125000","1","1+1+1","3","1","2","true"
"4x4","uct-1000-self-play","22","4","0.166667","2","1+1+1","3","1","2","true"
"4x4","uct-1000-self-play","22","5","0.208333","1","1+1+1","3","2","1","true"
"4x4","uct-1000-self-play","22","6","0.250000","2","1+1+1","3","2","1","true"
"4x4","uct-1000-self-play","22","7","0.291667","1","1+1+1","3","1","2","true"
"4x4","uct-1000-self-play","22","8","0.333333","2","1+1+1","3","2","1","true"
"4x4","uct-1000-self-play","22","9","0.375000","1","1+1+1","3","1","2","true"
"4x4","uct-1000-self-play","22","10","0.416667","2","2+1","2","1","2","true"
"4x4","uct-1000-self-play","22","11","0.458333","1","2+1","2","1","2","true"
"4x4","uct-1000-self-play","22","12","0.500000","2","2+1","2","1","2","true"
"4x4","uct-1000-self-play","22","13","0.541667","1","2+1","2","0","3","false"
"4x4","uct-1000-self-play","22","14","0.583333","2","2+1","2","1","2","true"
"4x4","uct-1000-self-play","22","15","0.625000","1","2+1","2","1","2","true"
"4x4","uct-1000-self-play","22","16","0.666667","2","2+1","2","1","2","true"
"4x4","uct-1000-self-play","22","17","0.708333","1","2+1","2","2","1","true"
"4x4","uct-1000-self-play","22","18","0.750000","2","1+1+1","3","0","3","false"
"4x4","uct-1000-self-play","22","19","0.791667","1","1+1+1","3","3","0","false"
"4x4","uct-1000-self-play","22","20","0.833333","2","1+1+1","3","1","2","true"
"4x4","uct-1000-self-play","22","21","0.875000","1","1+1+1","3","2","1","true"
"4x4","uct-1000-self-play","22","22","0.916667","2","2+1","2","1","2","true"
"4x4","uct-1000-self-play","22","23","0.958333","1","1+1+1","3","1","2","true"
"4x4","uct-1000-self-play","22","24","1.000000","2","2+1","2","3","0","false"
"4x4","uct-1000-self-play","23","1","0.041667","1","1+1+1","3","3","0","false"
"4x4","uct-1000-self-play","23","2","0.083333","2","1+1+1","3","3","0","false"
"4x4","uct-1000-self-play","23","3","0.125000","1","2+1","2","2","1","true"
"4x4","uct-1000-self-play","23","4","0.166667","2","1+1+1","3","2","1","true"
"4x4","uct-1000-self-play","23","5","0.208333","1","1+1+1","3","1","2","true"
"4x4","uct-1000-self-play","23","6","0.250000","2","2+1","2","3","0","false"
"4x4","uct-1000-self-play","23","7","0.291667","1","2+1","2","1","2","true"
"4x4","uct-1000-self-play","23","8","0.333333","2","1+1+1","3","1","2","true"
"4x4","uct-1000-self-play","23","9","0.375000","1","1+1+1","3","2","1","true"
"4x4","uct-1000-self-play","23","10","0.416667","2","2+1","2","0","3","false"
"4x4","uct-1000-self-play","23","11","0.458333","1","2+1","2","3","0","false"
"4x4","uct-1000-self-play","23","12","0.500000","2","2+1","2","1","2","true"
"4x4","uct-1000-self-play","23","13","0.541667","1","1+1+1","3","2","1","true"
"4x4","uct-1000-self-play","23","14","0.583333","2","1+1+1","3","2","1","true"
"4x4","uct-1000-self-play","23","15","0.625000","1","1+1+1","3","1","2","true"
"4x4","uct-1000-self-play","23","16","0.666667","2","1+1+1","3","0","3","false"
"4x4","uct-1000-self-play","23","17","0.708333","1","1+1+1","3","3","0","false"
"4x4","uct-1000-self-play","23","18","0.750000","2","2+1","2","3","0","false"
"4x4","uct-1000-self-play","23","19","0.791667","1","3","1","0","3","false"
"4x4","uct-1000-self-play","23","20","0.833333","2","1+1+1","3","1","2","true"
"4x4","uct-1000-self-play","23","21","0.875000","1","1+1+1","3","0","3","false"
"4x4","uct-1000-self-play","23","22","0.916667","2","2+1","2","1","2","true"
"4x4","uct-1000-self-play","23","23","0.958333","1","1+1+1","3","3","0","false"
"4x4","uct-1000-self-play","23","24","1.000000","2","2+1","2","3","0","false"
"4x4","uct-1000-self-play","24","1","0.041667","1","1+1+1","3","3","0","false"
"4x4","uct-1000-self-play","24","2","0.083333","2","1+1+1","3","3","0","false"
"4x4","uct-1000-self-play","24","3","0.125000","1","1+1+1","3","0","3","false"
"4x4","uct-1000-self-play","24","4","0.166667","2","1+1+1","3","2","1","true"
"4x4","uct-1000-self-play","24","5","0.208333","1","1+1+1","3","1","2","true"
"4x4","uct-1000-self-play","24","6","0.250000","2","1+1+1","3","1","2","true"
"4x4","uct-1000-self-play","24","7","0.291667","1","1+1+1","3","1","2","true"
"4x4","uct-1000-self-play","24","8","0.333333","2","1+1+1","3","2","1","true"
"4x4","uct-1000-self-play","24","9","0.375000","1","2+1","2","2","1","true"
"4x4","uct-1000-self-play","24","10","0.416667","2","1+1+1","3","2","1","true"
"4x4","uct-1000-self-play","24","11","0.458333","1","1+1+1","3","2","1","true"
"4x4","uct-1000-self-play","24","12","0.500000","2","1+1+1","3","1","2","true"
"4x4","uct-1000-self-play","24","13","0.541667","1","1+1+1","3","0","3","false"
"4x4","uct-1000-self-play","24","14","0.583333","2","2+1","2","0","3","false"
"4x4","uct-1000-self-play","24","15","0.625000","1","2+1","2","0","3","false"
"4x4","uct-1000-self-play","24","16","0.666667","2","2+1","2","0","3","false"
"4x4","uct-1000-self-play","24","17","0.708333","1","2+1","2","2","1","true"
"4x4","uct-1000-self-play","24","18","0.750000","2","2+1","2","1","2","true"
"4x4","uct-1000-self-play","24","19","0.791667","1","2+1","2","0","3","false"
"4x4","uct-1000-self-play","24","20","0.833333","2","1+1+1","3","0","3","false"
"4x4","uct-1000-self-play","24","21","0.875000","1","1+1+1","3","2","1","true"
"4x4","uct-1000-self-play","24","22","0.916667","2","3","1","3","0","false"
"4x4","uct-1000-self-play","24","23","0.958333","1","2+1","2","2","1","true"
"4x4","uct-1000-self-play","24","24","1.000000","2","1+1+1","3","2","1","true"
"4x4","uct-1000-self-play","25","1","0.041667","1","1+1+1","3","3","0","false"
"4x4","uct-1000-self-play","25","2","0.083333","2","1+1+1","3","3","0","false"
"4x4","uct-1000-self-play","25","3","0.125000","1","2+1","2","2","1","true"
"4x4","uct-1000-self-play","25","4","0.166667","2","1+1+1","3","2","1","true"
"4x4","uct-1000-self-play","25","5","0.208333","1","1+1+1","3","2","1","true"
"4x4","uct-1000-self-play","25","6","0.250000","2","2+1","2","2","1","true"
"4x4","uct-1000-self-play","25","7","0.291667","1","1+1+1","3","2","1","true"
"4x4","uct-1000-self-play","25","8","0.333333","2","1+1+1","3","1","2","true"
"4x4","uct-1000-self-play","25","9","0.375000","1","1+1+1","3","2","1","true"
"4x4","uct-1000-self-play","25","10","0.416667","2","1+1+1","3","2","1","true"
"4x4","uct-1000-self-play","25","11","0.458333","1","1+1+1","3","1","2","true"
"4x4","uct-1000-self-play","25","12","0.500000","2","1+1+1","3","0","3","false"
"4x4","uct-1000-self-play","25","13","0.541667","1","1+1+1","3","0","3","false"
"4x4","uct-1000-self-play","25","14","0.583333","2","2+1","2","1","2","true"
"4x4","uct-1000-self-play","25","15","0.625000","1","1+1+1","3","0","3","false"
"4x4","uct-1000-self-play","25","16","0.666667","2","1+1+1","3","1","2","true"
"4x4","uct-1000-self-play","25","17","0.708333","1","1+1+1","3","2","1","true"
"4x4","uct-1000-self-play","25","18","0.750000","2","2+1","2","0","3","false"
"4x4","uct-1000-self-play","25","19","0.791667","1","1+1+1","3","0","3","false"
"4x4","uct-1000-self-play","25","20","0.833333","2","1+1+1","3","1","2","true"
"4x4","uct-1000-self-play","25","21","0.875000","1","1+1+1","3","1","2","true"
"4x4","uct-1000-self-play","25","22","0.916667","2","2+1","2","0","3","false"
"4x4","uct-1000-self-play","25","23","0.958333","1","2+1","2","1","2","true"
"4x4","uct-1000-self-play","25","24","1.000000","2","2+1","2","3","0","false"
"4x4","uct-1000-self-play","26","1","0.041667","1","1+1+1","3","3","0","false"
"4x4","uct-1000-self-play","26","2","0.083333","2","1+1+1","3","3","0","false"
"4x4","uct-1000-self-play","26","3","0.125000","1","1+1+1","3","2","1","true"
"4x4","uct-1000-self-play","26","4","0.166667","2","2+1","2","1","2","true"
"4x4","uct-1000-self-play","26","5","0.208333","1","2+1","2","1","2","true"
"4x4","uct-1000-self-play","26","6","0.250000","2","1+1+1","3","2","1","true"
"4x4","uct-1000-self-play","26","7","0.291667","1","1+1+1","3","2","1","true"
"4x4","uct-1000-self-play","26","8","0.333333","2","1+1+1","3","3","0","false"
"4x4","uct-1000-self-play","26","9","0.375000","1","2+1","2","1","2","true"
"4x4","uct-1000-self-play","26","10","0.416667","2","1+1+1","3","0","3","false"
"4x4","uct-1000-self-play","26","11","0.458333","1","1+1+1","3","1","2","true"
"4x4","uct-1000-self-play","26","12","0.500000","2","2+1","2","1","2","true"
"4x4","uct-1000-self-play","26","13","0.541667","1","1+1+1","3","1","2","true"
"4x4","uct-1000-self-play","26","14","0.583333","2","3","1","0","3","false"
"4x4","uct-1000-self-play","26","15","0.625000","1","1+1+1","3","1","2","true"
"4x4","uct-1000-self-play","26","16","0.666667","2","1+1+1","3","2","1","true"
"4x4","uct-1000-self-play","26","17","0.708333","1","1+1+1","3","1","2","true"
"4x4","uct-1000-self-play","26","18","0.750000","2","1+1+1","3","1","2","true"
"4x4","uct-1000-self-play","26","19","0.791667","1","2+1","2","2","1","true"
"4x4","uct-1000-self-play","26","20","0.833333","2","3","1","3","0","false"
"4x4","uct-1000-self-play","26","21","0.875000","1","1+1+1","3","2","1","true"
"4x4","uct-1000-self-play","26","22","0.916667","2","1+1+1","3","1","2","true"
"4x4","uct-1000-self-play","26","23","0.958333","1","2+1","2","3","0","false"
"4x4","uct-1000-self-play","26","24","1.000000","2","1+1+1","3","0","3","false"
"4x4","uct-1000-self-play","27","1","0.041667","1","2+1","2","3","0","false"
"4x4","uct-1000-self-play","27","2","0.083333","2","1+1+1","3","3","0","false"
"4x4","uct-1000-self-play","27","3","0.125000","1","1+1+1","3","2","1","true"
"4x4","uct-1000-self-play","27","4","0.166667","2","2+1","2","2","1","true"
"4x4","uct-1000-self-play","27","5","0.208333","1","2+1","2","1","2","true"
"4x4","uct-1000-self-play","27","6","0.250000","2","1+1+1","3","1","2","true"
"4x4","uct-1000-self-play","27","7","0.291667","1","2+1","2","0","3","false"
"4x4","uct-1000-self-play","27","8","0.333333","2","1+1+1","3","1","2","true"
"4x4","uct-1000-self-play","27","9","0.375000","1","1+1+1","3","2","1","true"
"4x4","uct-1000-self-play","27","10","0.416667","2","1+1+1","3","1","2","true"
"4x4","uct-1000-self-play","27","11","0.458333","1","3","1","0","3","false"
"4x4","uct-1000-self-play","27","12","0.500000","2","1+1+1","3","0","3","false"
"4x4","uct-1000-self-play","27","13","0.541667","1","2+1","2","0","3","false"
"4x4","uct-1000-self-play","27","14","0.583333","2","2+1","2","1","2","true"
"4x4","uct-1000-self-play","27","15","0.625000","1","2+1","2","0","3","false"
"4x4","uct-1000-self-play","27","16","0.666667","2","2+1","2","1","2","true"
"4x4","uct-1000-self-play","27","17","0.708333","1","1+1+1","3","2","1","true"
"4x4","uct-1000-self-play","27","18","0.750000","2","1+1+1","3","0","3","false"
"4x4","uct-1000-self-play","27","19","0.791667","1","2+1","2","1","2","true"
"4x4","uct-1000-self-play","27","20","0.833333","2","1+1+1","3","0","3","false"
"4x4","uct-1000-self-play","27","21","0.875000","1","1+1+1","3","2","1","true"
"4x4","uct-1000-self-play","27","22","0.916667","2","2+1","2","2","1","true"
"4x4","uct-1000-self-play","27","23","0.958333","1","1+1+1","3","2","1","true"
"4x4","uct-1000-self-play","27","24","1.000000","2","1+1+1","3","2","1","true"
"4x4","uct-1000-self-play","28","1","0.041667","1","1+1+1","3","3","0","false"
"4x4","uct-1000-self-play","28","2","0.083333","2","2+1","2","3","0","false"
"4x4","uct-1000-self-play","28","3","0.125000","1","1+1+1","3","1","2","true"
"4x4","uct-1000-self-play","28","4","0.166667","2","2+1","2","3","0","false"
"4x4","uct-1000-self-play","28","5","0.208333","1","1+1+1","3","1","2","true"
"4x4","uct-1000-self-play","28","6","0.250000","2","1+1+1","3","1","2","true"
"4x4","uct-1000-self-play","28","7","0.291667","1","2+1","2","0","3","false"
"4x4","uct-1000-self-play","28","8","0.333333","2","1+1+1","3","0","3","false"
"4x4","uct-1000-self-play","28","9","0.375000","1","1+1+1","3","0","3","false"
"4x4","uct-1000-self-play","28","10","0.416667","2","1+1+1","3","1","2","true"
"4x4","uct-1000-self-play","28","11","0.458333","1","1+1+1","3","1","2","true"
"4x4","uct-1000-self-play","28","12","0.500000","2","2+1","2","1","2","true"
"4x4","uct-1000-self-play","28","13","0.541667","1","1+1+1","3","3","0","false"
"4x4","uct-1000-self-play","28","14","0.583333","2","2+1","2","1","2","true"
"4x4","uct-1000-self-play","28","15","0.625000","1","1+1+1","3","1","2","true"
"4x4","uct-1000-self-play","28","16","0.666667","2","1+1+1","3","0","3","false"
"4x4","uct-1000-self-play","28","17","0.708333","1","1+1+1","3","0","3","false"
"4x4","uct-1000-self-play","28","18","0.750000","2","1+1+1","3","1","2","true"
"4x4","uct-1000-self-play","28","19","0.791667","1","1+1+1","3","1","2","true"
"4x4","uct-1000-self-play","28","20","0.833333","2","1+1+1","3","0","3","false"
"4x4","uct-1000-self-play","28","21","0.875000","1","1+1+1","3","2","1","true"
"4x4","uct-1000-self-play","28","22","0.916667","2","2+1","2","1","2","true"
"4x4","uct-1000-self-play","28","23","0.958333","1","2+1","2","3","0","false"
"4x4","uct-1000-self-play","28","24","1.000000","2","2+1","2","1","2","true"
"4x4","uct-1000-self-play","29","1","0.041667","1","1+1+1","3","3","0","false"
"4x4","uct-1000-self-play","29","2","0.083333","2","1+1+1","3","3","0","false"
"4x4","uct-1000-self-play","29","3","0.125000","1","1+1+1","3","2","1","true"
"4x4","uct-1000-self-play","29","4","0.166667","2","1+1+1","3","1","2","true"
"4x4","uct-1000-self-play","29","5","0.208333","1","1+1+1","3","3","0","false"
"4x4","uct-1000-self-play","29","6","0.250000","2","2+1","2","1","2","true"
"4x4","uct-1000-self-play","29","7","0.291667","1","1+1+1","3","1","2","true"
"4x4","uct-1000-self-play","29","8","0.333333","2","1+1+1","3","2","1","true"
"4x4","uct-1000-self-play","29","9","0.375000","1","1+1+1","3","2","1","true"
"4x4","uct-1000-self-play","29","10","0.416667","2","1+1+1","3","1","2","true"
"4x4","uct-1000-self-play","29","11","0.458333","1","1+1+1","3","0","3","false"
"4x4","uct-1000-self-play","29","12","0.500000","2","1+1+1","3","1","2","true"
"4x4","uct-1000-self-play","29","13","0.541667","1","2+1","2","1","2","true"
"4x4","uct-1000-self-play","29","14","0.583333","2","1+1+1","3","1","2","true"
"4x4","uct-1000-self-play","29","15","0.625000","1","2+1","2","0","3","false"
"4x4","uct-1000-self-play","29","16","0.666667","2","1+1+1","3","0","3","false"
"4x4","uct-1000-self-play","29","17","0.708333","1","1+1+1","3","0","3","false"
"4x4","uct-1000-self-play","29","18","0.750000","2","2+1","2","1","2","true"
"4x4","uct-1000-self-play","29","19","0.791667","1","2+1","2","1","2","true"
"4x4","uct-1000-self-play","29","20","0.833333","2","2+1","2","2","1","true"
"4x4","uct-1000-self-play","29","21","0.875000","1","1+1+1","3","1","2","true"
"4x4","uct-1000-self-play","29","22","0.916667","2","1+1+1","3","1","2","true"
"4x4","uct-1000-self-play","29","23","0.958333","1","2+1","2","2","1","true"
"4x4","uct-1000-self-play","29","24","1.000000","2","2+1","2","1","2","true"
"4x4","uct-1000-self-play","30","1","0.041667","1","1+1+1","3","3","0","false"
"4x4","uct-1000-self-play","30","2","0.083333","2","2+1","2","3","0","false"
"4x4","uct-1000-self-play","30","3","0.125000","1","1+1+1","3","2","1","true"
"4x4","uct-1000-self-play","30","4","0.166667","2","1+1+1","3","1","2","true"
"4x4","uct-1000-self-play","30","5","0.208333","1","1+1+1","3","2","1","true"
"4x4","uct-1000-self-play","30","6","0.250000","2","1+1+1","3","2","1","true"
"4x4","uct-1000-self-play","30","7","0.291667","1","1+1+1","3","1","2","true"
"4x4","uct-1000-self-play","30","8","0.333333","2","2+1","2","0","3","false"
"4x4","uct-1000-self-play","30","9","0.375000","1","1+1+1","3","0","3","false"
"4x4","uct-1000-self-play","30","10","0.416667","2","1+1+1","3","2","1","true"
"4x4","uct-1000-self-play","30","11","0.458333","1","1+1+1","3","0","3","false"
"4x4","uct-1000-self-play","30","12","0.500000","2","1+1+1","3","1","2","true"
"4x4","uct-1000-self-play","30","13","0.541667","1","1+1+1","3","2","1","true"
"4x4","uct-1000-self-play","30","14","0.583333","2","2+1","2","0","3","false"
"4x4","uct-1000-self-play","30","15","0.625000","1","1+1+1","3","1","2","true"
"4x4","uct-1000-self-play","30","16","0.666667","2","2+1","2","0","3","false"
"4x4","uct-1000-self-play","30","17","0.708333","1","1+1+1","3","0","3","false"
"4x4","uct-1000-self-play","30","18","0.750000","2","1+1+1","3","1","2","true"
"4x4","uct-1000-self-play","30","19","0.791667","1","2+1","2","1","2","true"
"4x4","uct-1000-self-play","30","20","0.833333","2","1+1+1","3","2","1","true"
"4x4","uct-1000-self-play","30","21","0.875000","1","1+1+1","3","2","1","true"
"4x4","uct-1000-self-play","30","22","0.916667","2","1+1+1","3","2","1","true"
"4x4","uct-1000-self-play","30","23","0.958333","1","1+1+1","3","3","0","false"
"4x4","uct-1000-self-play","30","24","1.000000","2","1+1+1","3","2","1","true"
"4x4","uct-1000-self-play","31","1","0.041667","1","1+1+1","3","3","0","false"
"4x4","uct-1000-self-play","31","2","0.083333","2","2+1","2","3","0","false"
"4x4","uct-1000-self-play","31","3","0.125000","1","2+1","2","2","1","true"
"4x4","uct-1000-self-play","31","4","0.166667","2","2+1","2","1","2","true"
"4x4","uct-1000-self-play","31","5","0.208333","1","2+1","2","2","1","true"
"4x4","uct-1000-self-play","31","6","0.250000","2","1+1+1","3","3","0","false"
"4x4","uct-1000-self-play","31","7","0.291667","1","1+1+1","3","2","1","true"
"4x4","uct-1000-self-play","31","8","0.333333","2","1+1+1","3","1","2","true"
"4x4","uct-1000-self-play","31","9","0.375000","1","1+1+1","3","1","2","true"
"4x4","uct-1000-self-play","31","10","0.416667","2","1+1+1","3","1","2","true"
"4x4","uct-1000-self-play","31","11","0.458333","1","1+1+1","3","2","1","true"
"4x4","uct-1000-self-play","31","12","0.500000","2","2+1","2","1","2","true"
"4x4","uct-1000-self-play","31","13","0.541667","1","2+1","2","0","3","false"
"4x4","uct-1000-self-play","31","14","0.583333","2","2+1","2","1","2","true"
"4x4","uct-1000-self-play","31","15","0.625000","1","2+1","2","2","1","true"
"4x4","uct-1000-self-play","31","16","0.666667","2","2+1","2","1","2","true"
"4x4","uct-1000-self-play","31","17","0.708333","1","2+1","2","0","3","false"
"4x4","uct-1000-self-play","31","18","0.750000","2","3","1","1","2","true"
"4x4","uct-1000-self-play","31","19","0.791667","1","3","1","0","3","false"
"4x4","uct-1000-self-play","31","20","0.833333","2","2+1","2","2","1","true"
"4x4","uct-1000-self-play","31","21","0.875000","1","1+1+1","3","1","2","true"
"4x4","uct-1000-self-play","31","22","0.916667","2","2+1","2","1","2","true"
"4x4","uct-1000-self-play","31","23","0.958333","1","1+1+1","3","1","2","true"
"4x4","uct-1000-self-play","31","24","1.000000","2","1+1+1","3","3","0","false"
"4x4","uct-1000-self-play","32","1","0.041667","1","1+1+1","3","3","0","false"
"4x4","uct-1000-self-play","32","2","0.083333","2","1+1+1","3","3","0","false"
"4x4","uct-1000-self-play","32","3","0.125000","1","1+1+1","3","2","1","true"
"4x4","uct-1000-self-play","32","4","0.166667","2","2+1","2","3","0","false"
"4x4","uct-1000-self-play","32","5","0.208333","1","2+1","2","1","2","true"
"4x4","uct-1000-self-play","32","6","0.250000","2","2+1","2","2","1","true"
"4x4","uct-1000-self-play","32","7","0.291667","1","1+1+1","3","2","1","true"
"4x4","uct-1000-self-play","32","8","0.333333","2","1+1+1","3","2","1","true"
"4x4","uct-1000-self-play","32","9","0.375000","1","2+1","2","1","2","true"
"4x4","uct-1000-self-play","32","10","0.416667","2","2+1","2","0","3","false"
"4x4","uct-1000-self-play","32","11","0.458333","1","1+1+1","3","1","2","true"
"4x4","uct-1000-self-play","32","12","0.500000","2","2+1","2","1","2","true"
"4x4","uct-1000-self-play","32","13","0.541667","1","2+1","2","1","2","true"
"4x4","uct-1000-self-play","32","14","0.583333","2","1+1+1","3","2","1","true"
"4x4","uct-1000-self-play","32","15","0.625000","1","1+1+1","3","2","1","true"
"4x4","uct-1000-self-play","32","16","0.666667","2","1+1+1","3","2","1","true"
"4x4","uct-1000-self-play","32","17","0.708333","1","1+1+1","3","1","2","true"
"4x4","uct-1000-self-play","32","18","0.750000","2","2+1","2","0","3","false"
"4x4","uct-1000-self-play","32","19","0.791667","1","1+1+1","3","1","2","true"
"4x4","uct-1000-self-play","32","20","0.833333","2","1+1+1","3","2","1","true"
"4x4","uct-1000-self-play","32","21","0.875000","1","1+1+1","3","2","1","true"
"4x4","uct-1000-self-play","32","22","0.916667","2","1+1+1","3","0","3","false"
"4x4","uct-1000-self-play","32","23","0.958333","1","1+1+1","3","1","2","true"
"4x4","uct-1000-self-play","32","24","1.000000","2","2+1","2","1","2","true"
"4x4","uct-1000-self-play","33","1","0.041667","1","1+1+1","3","3","0","false"
"4x4","uct-1000-self-play","33","2","0.083333","2","1+1+1","3","3","0","false"
"4x4","uct-1000-self-play","33","3","0.125000","1","1+1+1","3","1","2","true"
"4x4","uct-1000-self-play","33","4","0.166667","2","1+1+1","3","2","1","true"
"4x4","uct-1000-self-play","33","5","0.208333","1","1+1+1","3","2","1","true"
"4x4","uct-1000-self-play","33","6","0.250000","2","1+1+1","3","1","2","true"
"4x4","uct-1000-self-play","33","7","0.291667","1","2+1","2","0","3","false"
"4x4","uct-1000-self-play","33","8","0.333333","2","1+1+1","3","1","2","true"
"4x4","uct-1000-self-play","33","9","0.375000","1","1+1+1","3","0","3","false"
"4x4","uct-1000-self-play","33","10","0.416667","2","1+1+1","3","1","2","true"
"4x4","uct-1000-self-play","33","11","0.458333","1","1+1+1","3","1","2","true"
"4x4","uct-1000-self-play","33","12","0.500000","2","1+1+1","3","2","1","true"
"4x4","uct-1000-self-play","33","13","0.541667","1","1+1+1","3","3","0","false"
"4x4","uct-1000-self-play","33","14","0.583333","2","1+1+1","3","2","1","true"
"4x4","uct-1000-self-play","33","15","0.625000","1","2+1","2","1","2","true"
"4x4","uct-1000-self-play","33","16","0.666667","2","1+1+1","3","1","2","true"
"4x4","uct-1000-self-play","33","17","0.708333","1","2+1","2","3","0","false"
"4x4","uct-1000-self-play","33","18","0.750000","2","2+1","2","1","2","true"
"4x4","uct-1000-self-play","33","19","0.791667","1","2+1","2","2","1","true"
"4x4","uct-1000-self-play","33","20","0.833333","2","2+1","2","2","1","true"
"4x4","uct-1000-self-play","33","21","0.875000","1","1+1+1","3","2","1","true"
"4x4","uct-1000-self-play","33","22","0.916667","2","1+1+1","3","0","3","false"
"4x4","uct-1000-self-play","33","23","0.958333","1","2+1","2","1","2","true"
"4x4","uct-1000-self-play","33","24","1.000000","2","2+1","2","3","0","false"
"4x4","uct-1000-self-play","34","1","0.041667","1","1+1+1","3","3","0","false"
"4x4","uct-1000-self-play","34","2","0.083333","2","3","1","3","0","false"
"4x4","uct-1000-self-play","34","3","0.125000","1","2+1","2","1","2","true"
"4x4","uct-1000-self-play","34","4","0.166667","2","1+1+1","3","2","1","true"
"4x4","uct-1000-self-play","34","5","0.208333","1","2+1","2","1","2","true"
"4x4","uct-1000-self-play","34","6","0.250000","2","1+1+1","3","2","1","true"
"4x4","uct-1000-self-play","34","7","0.291667","1","1+1+1","3","1","2","true"
"4x4","uct-1000-self-play","34","8","0.333333","2","2+1","2","0","3","false"
"4x4","uct-1000-self-play","34","9","0.375000","1","2+1","2","1","2","true"
"4x4","uct-1000-self-play","34","10","0.416667","2","2+1","2","2","1","true"
"4x4","uct-1000-self-play","34","11","0.458333","1","1+1+1","3","2","1","true"
"4x4","uct-1000-self-play","34","12","0.500000","2","2+1","2","1","2","true"
"4x4","uct-1000-self-play","34","13","0.541667","1","2+1","2","1","2","true"
"4x4","uct-1000-self-play","34","14","0.583333","2","2+1","2","1","2","true"
"4x4","uct-1000-self-play","34","15","0.625000","1","2+1","2","1","2","true"
"4x4","uct-1000-self-play","34","16","0.666667","2","2+1","2","2","1","true"
"4x4","uct-1000-self-play","34","17","0.708333","1","1+1+1","3","2","1","true"
"4x4","uct-1000-self-play","34","18","0.750000","2","1+1+1","3","3","0","false"
"4x4","uct-1000-self-play","34","19","0.791667","1","2+1","2","1","2","true"
"4x4","uct-1000-self-play","34","20","0.833333","2","1+1+1","3","0","3","false"
"4x4","uct-1000-self-play","34","21","0.875000","1","1+1+1","3","1","2","true"
"4x4","uct-1000-self-play","34","22","0.916667","2","3","1","0","3","false"
"4x4","uct-1000-self-play","34","23","0.958333","1","2+1","2","2","1","true"
"4x4","uct-1000-self-play","34","24","1.000000","2","2+1","2","3","0","false"
"4x4","uct-1000-self-play","35","1","0.041667","1","2+1","2","3","0","false"
"4x4","uct-1000-self-play","35","2","0.083333","2","1+1+1","3","3","0","false"
"4x4","uct-1000-self-play","35","3","0.125000","1","1+1+1","3","2","1","true"
"4x4","uct-1000-self-play","35","4","0.166667","2","1+1+1","3","2","1","true"
"4x4","uct-1000-self-play","35","5","0.208333","1","2+1","2","0","3","false"
"4x4","uct-1000-self-play","35","6","0.250000","2","1+1+1","3","2","1","true"
"4x4","uct-1000-self-play","35","7","0.291667","1","1+1+1","3","1","2","true"
"4x4","uct-1000-self-play","35","8","0.333333","2","2+1","2","0","3","false"
"4x4","uct-1000-self-play","35","9","0.375000","1","1+1+1","3","1","2","true"
"4x4","uct-1000-self-play","35","10","0.416667","2","1+1+1","3","0","3","false"
"4x4","uct-1000-self-play","35","11","0.458333","1","1+1+1","3","0","3","false"
"4x4","uct-1000-self-play","35","12","0.500000","2","1+1+1","3","0","3","false"
"4x4","uct-1000-self-play","35","13","0.541667","1","1+1+1","3","1","2","true"
"4x4","uct-1000-self-play","35","14","0.583333","2","1+1+1","3","2","1","true"
"4x4","uct-1000-self-play","35","15","0.625000","1","1+1+1","3","1","2","true"
"4x4","uct-1000-self-play","35","16","0.666667","2","1+1+1","3","0","3","false"
"4x4","uct-1000-self-play","35","17","0.708333","1","2+1","2","1","2","true"
"4x4","uct-1000-self-play","35","18","0.750000","2","1+1+1","3","0","3","false"
"4x4","uct-1000-self-play","35","19","0.791667","1","2+1","2","0","3","false"
"4x4","uct-1000-self-play","35","20","0.833333","2","2+1","2","1","2","true"
"4x4","uct-1000-self-play","35","21","0.875000","1","2+1","2","2","1","true"
"4x4","uct-1000-self-play","35","22","0.916667","2","1+1+1","3","2","1","true"
"4x4","uct-1000-self-play","35","23","0.958333","1","1+1+1","3","0","3","false"
"4x4","uct-1000-self-play","35","24","1.000000","2","1+1+1","3","3","0","false"
"4x4","uct-1000-self-play","36","1","0.041667","1","1+1+1","3","3","0","false"
"4x4","uct-1000-self-play","36","2","0.083333","2","2+1","2","3","0","false"
"4x4","uct-1000-self-play","36","3","0.125000","1","1+1+1","3","2","1","true"
"4x4","uct-1000-self-play","36","4","0.166667","2","1+1+1","3","2","1","true"
"4x4","uct-1000-self-play","36","5","0.208333","1","1+1+1","3","1","2","true"
"4x4","uct-1000-self-play","36","6","0.250000","2","2+1","2","2","1","true"
"4x4","uct-1000-self-play","36","7","0.291667","1","2+1","2","0","3","false"
"4x4","uct-1000-self-play","36","8","0.333333","2","1+1+1","3","1","2","true"
"4x4","uct-1000-self-play","36","9","0.375000","1","1+1+1","3","2","1","true"
"4x4","uct-1000-self-play","36","10","0.416667","2","1+1+1","3","1","2","true"
"4x4","uct-1000-self-play","36","11","0.458333","1","2+1","2","1","2","true"
"4x4","uct-1000-self-play","36","12","0.500000","2","1+1+1","3","0","3","false"
"4x4","uct-1000-self-play","36","13","0.541667","1","1+1+1","3","0","3","false"
"4x4","uct-1000-self-play","36","14","0.583333","2","2+1","2","2","1","true"
"4x4","uct-1000-self-play","36","15","0.625000","1","1+1+1","3","0","3","false"
"4x4","uct-1000-self-play","36","16","0.666667","2","1+1+1","3","1","2","true"
"4x4","uct-1000-self-play","36","17","0.708333","1","2+1","2","1","2","true"
"4x4","uct-1000-self-play","36","18","0.750000","2","1+1+1","3","1","2","true"
"4x4","uct-1000-self-play","36","19","0.791667","1","1+1+1","3","2","1","true"
"4x4","uct-1000-self-play","36","20","0.833333","2","1+1+1","3","0","3","false"
"4x4","uct-1000-self-play","36","21","0.875000","1","1+1+1","3","3","0","false"
"4x4","uct-1000-self-play","36","22","0.916667","2","2+1","2","0","3","false"
"4x4","uct-1000-self-play","36","23","0.958333","1","2+1","2","1","2","true"
"4x4","uct-1000-self-play","36","24","1.000000","2","2+1","2","1","2","true"
"4x4","uct-1000-self-play","37","1","0.041667","1","2+1","2","3","0","false"
"4x4","uct-1000-self-play","37","2","0.083333","2","2+1","2","3","0","false"
"4x4","uct-1000-self-play","37","3","0.125000","1","2+1","2","2","1","true"
"4x4","uct-1000-self-play","37","4","0.166667","2","1+1+1","3","2","1","true"
"4x4","uct-1000-self-play","37","5","0.208333","1","2+1","2","1","2","true"
"4x4","uct-1000-self-play","37","6","0.250000","2","2+1","2","0","3","false"
"4x4","uct-1000-self-play","37","7","0.291667","1","2+1","2","0","3","false"
"4x4","uct-1000-self-play","37","8","0.333333","2","2+1","2","1","2","true"
"4x4","uct-1000-self-play","37","9","0.375000","1","2+1","2","0","3","false"
"4x4","uct-1000-self-play","37","10","0.416667","2","1+1+1","3","1","2","true"
"4x4","uct-1000-self-play","37","11","0.458333","1","1+1+1","3","1","2","true"
"4x4","uct-1000-self-play","37","12","0.500000","2","2+1","2","0","3","false"
"4x4","uct-1000-self-play","37","13","0.541667","1","1+1+1","3","2","1","true"
"4x4","uct-1000-self-play","37","14","0.583333","2","2+1","2","0","3","false"
"4x4","uct-1000-self-play","37","15","0.625000","1","2+1","2","1","2","true"
"4x4","uct-1000-self-play","37","16","0.666667","2","1+1+1","3","1","2","true"
"4x4","uct-1000-self-play","37","17","0.708333","1","2+1","2","0","3","false"
"4x4","uct-1000-self-play","37","18","0.750000","2","1+1+1","3","1","2","true"
"4x4","uct-1000-self-play","37","19","0.791667","1","1+1+1","3","1","2","true"
"4x4","uct-1000-self-play","37","20","0.833333","2","1+1+1","3","0","3","false"
"4x4","uct-1000-self-play","37","21","0.875000","1","2+1","2","0","3","false"
"4x4","uct-1000-self-play","37","22","0.916667","2","2+1","2","2","1","true"
"4x4","uct-1000-self-play","37","23","0.958333","1","1+1+1","3","3","0","false"
"4x4","uct-1000-self-play","37","24","1.000000","2","1+1+1","3","3","0","false"
"4x4","uct-1000-self-play","38","1","0.041667","1","2+1","2","3","0","false"
"4x4","uct-1000-self-play","38","2","0.083333","2","1+1+1","3","3","0","false"
"4x4","uct-1000-self-play","38","3","0.125000","1","2+1","2","2","1","true"
"4x4","uct-1000-self-play","38","4","0.166667","2","1+1+1","3","2","1","true"
"4x4","uct-1000-self-play","38","5","0.208333","1","1+1+1","3","1","2","true"
"4x4","uct-1000-self-play","38","6","0.250000","2","2+1","2","1","2","true"
"4x4","uct-1000-self-play","38","7","0.291667","1","1+1+1","3","2","1","true"
"4x4","uct-1000-self-play","38","8","0.333333","2","1+1+1","3","1","2","true"
"4x4","uct-1000-self-play","38","9","0.375000","1","2+1","2","1","2","true"
"4x4","uct-1000-self-play","38","10","0.416667","2","2+1","2","1","2","true"
"4x4","uct-1000-self-play","38","11","0.458333","1","1+1+1","3","1","2","true"
"4x4","uct-1000-self-play","38","12","0.500000","2","1+1+1","3","1","2","true"
"4x4","uct-1000-self-play","38","13","0.541667","1","2+1","2","0","3","false"
"4x4","uct-1000-self-play","38","14","0.583333","2","2+1","2","0","3","false"
"4x4","uct-1000-self-play","38","15","0.625000","1","2+1","2","0","3","false"
"4x4","uct-1000-self-play","38","16","0.666667","2","1+1+1","3","0","3","false"
"4x4","uct-1000-self-play","38","17","0.708333","1","2+1","2","0","3","false"
"4x4","uct-1000-self-play","38","18","0.750000","2","2+1","2","0","3","false"
"4x4","uct-1000-self-play","38","19","0.791667","1","2+1","2","0","3","false"
"4x4","uct-1000-self-play","38","20","0.833333","2","1+1+1","3","0","3","false"
"4x4","uct-1000-self-play","38","21","0.875000","1","1+1+1","3","2","1","true"
"4x4","uct-1000-self-play","38","22","0.916667","2","2+1","2","1","2","true"
"4x4","uct-1000-self-play","38","23","0.958333","1","1+1+1","3","3","0","false"
"4x4","uct-1000-self-play","38","24","1.000000","2","1+1+1","3","3","0","false"
"4x4","uct-1000-self-play","39","1","0.041667","1","1+1+1","3","3","0","false"
"4x4","uct-1000-self-play","39","2","0.083333","2","2+1","2","3","0","false"
"4x4","uct-1000-self-play","39","3","0.125000","1","2+1","2","2","1","true"
"4x4","uct-1000-self-play","39","4","0.166667","2","1+1+1","3","1","2","true"
"4x4","uct-1000-self-play","39","5","0.208333","1","1+1+1","3","2","1","true"
"4x4","uct-1000-self-play","39","6","0.250000","2","1+1+1","3","1","2","true"
"4x4","uct-1000-self-play","39","7","0.291667","1","1+1+1","3","1","2","true"
"4x4","uct-1000-self-play","39","8","0.333333","2","2+1","2","2","1","true"
"4x4","uct-1000-self-play","39","9","0.375000","1","2+1","2","1","2","true"
"4x4","uct-1000-self-play","39","10","0.416667","2","1+1+1","3","2","1","true"
"4x4","uct-1000-self-play","39","11","0.458333","1","1+1+1","3","1","2","true"
"4x4","uct-1000-self-play","39","12","0.500000","2","1+1+1","3","1","2","true"
"4x4","uct-1000-self-play","39","13","0.541667","1","2+1","2","1","2","true"
"4x4","uct-1000-self-play","39","14","0.583333","2","2+1","2","0","3","false"
"4x4","uct-1000-self-play","39","15","0.625000","1","2+1","2","1","2","true"
"4x4","uct-1000-self-play","39","16","0.666667","2","1+1+1","3","1","2","true"
"4x4","uct-1000-self-play","39","17","0.708333","1","1+1+1","3","0","3","false"
"4x4","uct-1000-self-play","39","18","0.750000","2","1+1+1","3","1","2","true"
"4x4","uct-1000-self-play","39","19","0.791667","1","2+1","2","1","2","true"
"4x4","uct-1000-self-play","39","20","0.833333","2","2+1","2","3","0","false"
"4x4","uct-1000-self-play","39","21","0.875000","1","1+1+1","3","3","0","false"
"4x4","uct-1000-self-play","39","22","0.916667","2","1+1+1","3","3","0","false"
"4x4","uct-1000-self-play","39","23","0.958333","1","1+1+1","3","3","0","false"
"4x4","uct-1000-self-play","39","24","1.000000","2","1+1+1","3","2","1","true"
"4x4","uct-1000-self-play","40","1","0.041667","1","1+1+1","3","3","0","false"
"4x4","uct-1000-self-play","40","2","0.083333","2","1+1+1","3","3","0","false"
"4x4","uct-1000-self-play","40","3","0.125000","1","2+1","2","2","1","true"
"4x4","uct-1000-self-play","40","4","0.166667","2","1+1+1","3","2","1","true"
"4x4","uct-1000-self-play","40","5","0.208333","1","2+1","2","1","2","true"
"4x4","uct-1000-self-play","40","6","0.250000","2","1+1+1","3","2","1","true"
"4x4","uct-1000-self-play","40","7","0.291667","1","1+1+1","3","2","1","true"
"4x4","uct-1000-self-play","40","8","0.333333","2","1+1+1","3","2","1","true"
"4x4","uct-1000-self-play","40","9","0.375000","1","1+1+1","3","1","2","true"
"4x4","uct-1000-self-play","40","10","0.416667","2","1+1+1","3","0","3","false"
"4x4","uct-1000-self-play","40","11","0.458333","1","1+1+1","3","1","2","true"
"4x4","uct-1000-self-play","40","12","0.500000","2","2+1","2","0","3","false"
"4x4","uct-1000-self-play","40","13","0.541667","1","1+1+1","3","1","2","true"
"4x4","uct-1000-self-play","40","14","0.583333","2","2+1","2","1","2","true"
"4x4","uct-1000-self-play","40","15","0.625000","1","2+1","2","2","1","true"
"4x4","uct-1000-self-play","40","16","0.666667","2","2+1","2","1","2","true"
"4x4","uct-1000-self-play","40","17","0.708333","1","1+1+1","3","1","2","true"
"4x4","uct-1000-self-play","40","18","0.750000","2","2+1","2","1","2","true"
"4x4","uct-1000-self-play","40","19","0.791667","1","2+1","2","1","2","true"
"4x4","uct-1000-self-play","40","20","0.833333","2","1+1+1","3","1","2","true"
"4x4","uct-1000-self-play","40","21","0.875000","1","1+1+1","3","0","3","false"
"4x4","uct-1000-self-play","40","22","0.916667","2","1+1+1","3","0","3","false"
"4x4","uct-1000-self-play","40","23","0.958333","1","1+1+1","3","0","3","false"
"4x4","uct-1000-self-play","40","24","1.000000","2","1+1+1","3","2","1","true"
"4x4","uct-1000-self-play","41","1","0.041667","1","1+1+1","3","3","0","false"
"4x4","uct-1000-self-play","41","2","0.083333","2","2+1","2","3","0","false"
"4x4","uct-1000-self-play","41","3","0.125000","1","2+1","2","2","1","true"
"4x4","uct-1000-self-play","41","4","0.166667","2","1+1+1","3","2","1","true"
"4x4","uct-1000-self-play","41","5","0.208333","1","1+1+1","3","2","1","true"
"4x4","uct-1000-self-play","41","6","0.250000","2","1+1+1","3","1","2","true"
"4x4","uct-1000-self-play","41","7","0.291667","1","1+1+1","3","2","1","true"
"4x4","uct-1000-self-play","41","8","0.333333","2","1+1+1","3","1","2","true"
"4x4","uct-1000-self-play","41","9","0.375000","1","3","1","1","2","true"
"4x4","uct-1000-self-play","41","10","0.416667","2","1+1+1","3","1","2","true"
"4x4","uct-1000-self-play","41","11","0.458333","1","1+1+1","3","1","2","true"
"4x4","uct-1000-self-play","41","12","0.500000","2","1+1+1","3","1","2","true"
"4x4","uct-1000-self-play","41","13","0.541667","1","2+1","2","0","3","false"
"4x4","uct-1000-self-play","41","14","0.583333","2","1+1+1","3","0","3","false"
"4x4","uct-1000-self-play","41","15","0.625000","1","2+1","2","0","3","false"
"4x4","uct-1000-self-play","41","16","0.666667","2","2+1","2","0","3","false"
"4x4","uct-1000-self-play","41","17","0.708333","1","1+1+1","3","0","3","false"
"4x4","uct-1000-self-play","41","18","0.750000","2","2+1","2","0","3","false"
"4x4","uct-1000-self-play","41","19","0.791667","1","2+1","2","0","3","false"
"4x4","uct-1000-self-play","41","20","0.833333","2","2+1","2","1","2","true"
"4x4","uct-1000-self-play","41","21","0.875000","1","1+1+1","3","1","2","true"
"4x4","uct-1000-self-play","41","22","0.916667","2","2+1","2","2","1","true"
"4x4","uct-1000-self-play","41","23","0.958333","1","1+1+1","3","3","0","false"
"4x4","uct-1000-self-play","41","24","1.000000","2","1+1+1","3","3","0","false"
"4x4","uct-1000-self-play","42","1","0.041667","1","1+1+1","3","3","0","false"
"4x4","uct-1000-self-play","42","2","0.083333","2","2+1","2","3","0","false"
"4x4","uct-1000-self-play","42","3","0.125000","1","1+1+1","3","2","1","true"
"4x4","uct-1000-self-play","42","4","0.166667","2","1+1+1","3","3","0","false"
"4x4","uct-1000-self-play","42","5","0.208333","1","2+1","2","1","2","true"
"4x4","uct-1000-self-play","42","6","0.250000","2","1+1+1","3","1","2","true"
"4x4","uct-1000-self-play","42","7","0.291667","1","2+1","2","0","3","false"
"4x4","uct-1000-self-play","42","8","0.333333","2","2+1","2","1","2","true"
"4x4","uct-1000-self-play","42","9","0.375000","1","1+1+1","3","1","2","true"
"4x4","uct-1000-self-play","42","10","0.416667","2","1+1+1","3","2","1","true"
"4x4","uct-1000-self-play","42","11","0.458333","1","1+1+1","3","2","1","true"
"4x4","uct-1000-self-play","42","12","0.500000","2","2+1","2","0","3","false"
"4x4","uct-1000-self-play","42","13","0.541667","1","1+1+1","3","1","2","true"
"4x4","uct-1000-self-play","42","14","0.583333","2","1+1+1","3","0","3","false"
"4x4","uct-1000-self-play","42","15","0.625000","1","1+1+1","3","1","2","true"
"4x4","uct-1000-self-play","42","16","0.666667","2","1+1+1","3","0","3","false"
"4x4","uct-1000-self-play","42","17","0.708333","1","1+1+1","3","1","2","true"
"4x4","uct-1000-self-play","42","18","0.750000","2","2+1","2","0","3","false"
"4x4","uct-1000-self-play","42","19","0.791667","1","1+1+1","3","1","2","true"
"4x4","uct-1000-self-play","42","20","0.833333","2","2+1","2","1","2","true"
"4x4","uct-1000-self-play","42","21","0.875000","1","2+1","2","1","2","true"
"4x4","uct-1000-self-play","42","22","0.916667","2","1+1+1","3","2","1","true"
"4x4","uct-1000-self-play","42","23","0.958333","1","1+1+1","3","3","0","false"
"4x4","uct-1000-self-play","42","24","1.000000","2","1+1+1","3","2","1","true"
"4x4","uct-1000-self-play","43","1","0.041667","1","1+1+1","3","3","0","false"
"4x4","uct-1000-self-play","43","2","0.083333","2","1+1+1","3","3","0","false"
"4x4","uct-1000-self-play","43","3","0.125000","1","2+1","2","2","1","true"
"4x4","uct-1000-self-play","43","4","0.166667","2","1+1+1","3","3","0","false"
"4x4","uct-1000-self-play","43","5","0.208333","1","1+1+1","3","1","2","true"
"4x4","uct-1000-self-play","43","6","0.250000","2","1+1+1","3","2","1","true"
"4x4","uct-1000-self-play","43","7","0.291667","1","1+1+1","3","3","0","false"
"4x4","uct-1000-self-play","43","8","0.333333","2","1+1+1","3","2","1","true"
"4x4","uct-1000-self-play","43","9","0.375000","1","1+1+1","3","1","2","true"
"4x4","uct-1000-self-play","43","10","0.416667","2","1+1+1","3","2","1","true"
"4x4","uct-1000-self-play","43","11","0.458333","1","1+1+1","3","1","2","true"
"4x4","uct-1000-self-play","43","12","0.500000","2","2+1","2","0","3","false"
"4x4","uct-1000-self-play","43","13","0.541667","1","1+1+1","3","0","3","false"
"4x4","uct-1000-self-play","43","14","0.583333","2","2+1","2","0","3","false"
"4x4","uct-1000-self-play","43","15","0.625000","1","2+1","2","1","2","true"
"4x4","uct-1000-self-play","43","16","0.666667","2","1+1+1","3","1","2","true"
"4x4","uct-1000-self-play","43","17","0.708333","1","1+1+1","3","0","3","false"
"4x4","uct-1000-self-play","43","18","0.750000","2","1+1+1","3","0","3","false"
"4x4","uct-1000-self-play","43","19","0.791667","1","2+1","2","0","3","false"
"4x4","uct-1000-self-play","43","20","0.833333","2","1+1+1","3","0","3","false"
"4x4","uct-1000-self-play","43","21","0.875000","1","2+1","2","2","1","true"
"4x4","uct-1000-self-play","43","22","0.916667","2","2+1","2","1","2","true"
"4x4","uct-1000-self-play","43","23","0.958333","1","2+1","2","1","2","true"
"4x4","uct-1000-self-play","43","24","1.000000","2","2+1","2","1","2","true"
"4x4","uct-1000-self-play","44","1","0.041667","1","1+1+1","3","3","0","false"
"4x4","uct-1000-self-play","44","2","0.083333","2","1+1+1","3","3","0","false"
"4x4","uct-1000-self-play","44","3","0.125000","1","1+1+1","3","2","1","true"
"4x4","uct-1000-self-play","44","4","0.166667","2","2+1","2","1","2","true"
"4x4","uct-1000-self-play","44","5","0.208333","1","2+1","2","1","2","true"
"4x4","uct-1000-self-play","44","6","0.250000","2","2+1","2","1","2","true"
"4x4","uct-1000-self-play","44","7","0.291667","1","2+1","2","0","3","false"
"4x4","uct-1000-self-play","44","8","0.333333","2","1+1+1","3","0","3","false"
"4x4","uct-1000-self-play","44","9","0.375000","1","2+1","2","1","2","true"
"4x4","uct-1000-self-play","44","10","0.416667","2","2+1","2","1","2","true"
"4x4","uct-1000-self-play","44","11","0.458333","1","1+1+1","3","0","3","false"
"4x4","uct-1000-self-play","44","12","0.500000","2","1+1+1","3","1","2","true"
"4x4","uct-1000-self-play","44","13","0.541667","1","1+1+1","3","2","1","true"
"4x4","uct-1000-self-play","44","14","0.583333","2","1+1+1","3","0","3","false"
"4x4","uct-1000-self-play","44","15","0.625000","1","2+1","2","0","3","false"
"4x4","uct-1000-self-play","44","16","0.666667","2","2+1","2","1","2","true"
"4x4","uct-1000-self-play","44","17","0.708333","1","2+1","2","2","1","true"
"4x4","uct-1000-self-play","44","18","0.750000","2","2+1","2","2","1","true"
"4x4","uct-1000-self-play","44","19","0.791667","1","1+1+1","3","1","2","true"
"4x4","uct-1000-self-play","44","20","0.833333","2","1+1+1","3","2","1","true"
"4x4","uct-1000-self-play","44","21","0.875000","1","3","1","2","1","true"
"4x4","uct-1000-self-play","44","22","0.916667","2","1+1+1","3","2","1","true"
"4x4","uct-1000-self-play","44","23","0.958333","1","2+1","2","1","2","true"
"4x4","uct-1000-self-play","44","24","1.000000","2","2+1","2","3","0","false"
"4x4","uct-1000-self-play","45","1","0.041667","1","1+1+1","3","3","0","false"
"4x4","uct-1000-self-play","45","2","0.083333","2","1+1+1","3","3","0","false"
"4x4","uct-1000-self-play","45","3","0.125000","1","1+1+1","3","1","2","true"
"4x4","uct-1000-self-play","45","4","0.166667","2","1+1+1","3","3","0","false"
"4x4","uct-1000-self-play","45","5","0.208333","1","2+1","2","2","1","true"
"4x4","uct-1000-self-play","45","6","0.250000","2","1+1+1","3","2","1","true"
"4x4","uct-1000-self-play","45","7","0.291667","1","1+1+1","3","1","2","true"
"4x4","uct-1000-self-play","45","8","0.333333","2","2+1","2","0","3","false"
"4x4","uct-1000-self-play","45","9","0.375000","1","1+1+1","3","2","1","true"
"4x4","uct-1000-self-play","45","10","0.416667","2","1+1+1","3","0","3","false"
"4x4","uct-1000-self-play","45","11","0.458333","1","2+1","2","1","2","true"
"4x4","uct-1000-self-play","45","12","0.500000","2","1+1+1","3","0","3","false"
"4x4","uct-1000-self-play","45","13","0.541667","1","1+1+1","3","0","3","false"
"4x4","uct-1000-self-play","45","14","0.583333","2","1+1+1","3","1","2","true"
"4x4","uct-1000-self-play","45","15","0.625000","1","1+1+1","3","0","3","false"
"4x4","uct-1000-self-play","45","16","0.666667","2","1+1+1","3","2","1","true"
"4x4","uct-1000-self-play","45","17","0.708333","1","1+1+1","3","2","1","true"
"4x4","uct-1000-self-play","45","18","0.750000","2","1+1+1","3","1","2","true"
"4x4","uct-1000-self-play","45","19","0.791667","1","1+1+1","3","3","0","false"
"4x4","uct-1000-self-play","45","20","0.833333","2","2+1","2","2","1","true"
"4x4","uct-1000-self-play","45","21","0.875000","1","2+1","2","3","0","false"
"4x4","uct-1000-self-play","45","22","0.916667","2","1+1+1","3","3","0","false"
"4x4","uct-1000-self-play","45","23","0.958333","1","1+1+1","3","3","0","false"
"4x4","uct-1000-self-play","45","24","1.000000","2","2+1","2","2","1","true"
"4x4","uct-1000-self-play","46","1","0.041667","1","1+1+1","3","3","0","false"
"4x4","uct-1000-self-play","46","2","0.083333","2","2+1","2","3","0","false"
"4x4","uct-1000-self-play","46","3","0.125000","1","1+1+1","3","3","0","false"
"4x4","uct-1000-self-play","46","4","0.166667","2","1+1+1","3","3","0","false"
"4x4","uct-1000-self-play","46","5","0.208333","1","1+1+1","3","3","0","false"
"4x4","uct-1000-self-play","46","6","0.250000","2","1+1+1","3","3","0","false"
"4x4","uct-1000-self-play","46","7","0.291667","1","2+1","2","0","3","false"
"4x4","uct-1000-self-play","46","8","0.333333","2","1+1+1","3","1","2","true"
"4x4","uct-1000-self-play","46","9","0.375000","1","2+1","2","0","3","false"
"4x4","uct-1000-self-play","46","10","0.416667","2","2+1","2","1","2","true"
"4x4","uct-1000-self-play","46","11","0.458333","1","1+1+1","3","2","1","true"
"4x4","uct-1000-self-play","46","12","0.500000","2","2+1","2","0","3","false"
"4x4","uct-1000-self-play","46","13","0.541667","1","2+1","2","1","2","true"
"4x4","uct-1000-self-play","46","14","0.583333","2","2+1","2","3","0","false"
"4x4","uct-1000-self-play","46","15","0.625000","1","1+1+1","3","2","1","true"
"4x4","uct-1000-self-play","46","16","0.666667","2","1+1+1","3","1","2","true"
"4x4","uct-1000-self-play","46","17","0.708333","1","1+1+1","3","3","0","false"
"4x4","uct-1000-self-play","46","18","0.750000","2","2+1","2","0","3","false"
"4x4","uct-1000-self-play","46","19","0.791667","1","2+1","2","0","3","false"
"4x4","uct-1000-self-play","46","20","0.833333","2","1+1+1","3","0","3","false"
"4x4","uct-1000-self-play","46","21","0.875000","1","2+1","2","1","2","true"
"4x4","uct-1000-self-play","46","22","0.916667","2","2+1","2","1","2","true"
"4x4","uct-1000-self-play","46","23","0.958333","1","1+1+1","3","3","0","false"
"4x4","uct-1000-self-play","46","24","1.000000","2","1+1+1","3","3","0","false"
"4x4","uct-1000-self-play","47","1","0.041667","1","1+1+1","3","3","0","false"
"4x4","uct-1000-self-play","47","2","0.083333","2","2+1","2","3","0","false"
"4x4","uct-1000-self-play","47","3","0.125000","1","1+1+1","3","2","1","true"
"4x4","uct-1000-self-play","47","4","0.166667","2","2+1","2","2","1","true"
"4x4","uct-1000-self-play","47","5","0.208333","1","2+1","2","2","1","true"
"4x4","uct-1000-self-play","47","6","0.250000","2","2+1","2","1","2","true"
"4x4","uct-1000-self-play","47","7","0.291667","1","2+1","2","0","3","false"
"4x4","uct-1000-self-play","47","8","0.333333","2","1+1+1","3","0","3","false"
"4x4","uct-1000-self-play","47","9","0.375000","1","1+1+1","3","1","2","true"
"4x4","uct-1000-self-play","47","10","0.416667","2","2+1","2","2","1","true"
"4x4","uct-1000-self-play","47","11","0.458333","1","1+1+1","3","1","2","true"
"4x4","uct-1000-self-play","47","12","0.500000","2","2+1","2","0","3","false"
"4x4","uct-1000-self-play","47","13","0.541667","1","1+1+1","3","1","2","true"
"4x4","uct-1000-self-play","47","14","0.583333","2","2+1","2","2","1","true"
"4x4","uct-1000-self-play","47","15","0.625000","1","2+1","2","1","2","true"
"4x4","uct-1000-self-play","47","16","0.666667","2","2+1","2","0","3","false"
"4x4","uct-1000-self-play","47","17","0.708333","1","2+1","2","1","2","true"
"4x4","uct-1000-self-play","47","18","0.750000","2","2+1","2","0","3","false"
"4x4","uct-1000-self-play","47","19","0.791667","1","2+1","2","0","3","false"
"4x4","uct-1000-self-play","47","20","0.833333","2","1+1+1","3","1","2","true"
"4x4","uct-1000-self-play","47","21","0.875000","1","1+1+1","3","1","2","true"
"4x4","uct-1000-self-play","47","22","0.916667","2","2+1","2","1","2","true"
"4x4","uct-1000-self-play","47","23","0.958333","1","2+1","2","1","2","true"
"4x4","uct-1000-self-play","47","24","1.000000","2","1+1+1","3","2","1","true"
"4x4","uct-1000-self-play","48","1","0.041667","1","1+1+1","3","3","0","false"
"4x4","uct-1000-self-play","48","2","0.083333","2","1+1+1","3","3","0","false"
"4x4","uct-1000-self-play","48","3","0.125000","1","1+1+1","3","2","1","true"
"4x4","uct-1000-self-play","48","4","0.166667","2","2+1","2","1","2","true"
"4x4","uct-1000-self-play","48","5","0.208333","1","2+1","2","1","2","true"
"4x4","uct-1000-self-play","48","6","0.250000","2","2+1","2","2","1","true"
"4x4","uct-1000-self-play","48","7","0.291667","1","2+1","2","0","3","false"
"4x4","uct-1000-self-play","48","8","0.333333","2","2+1","2","1","2","true"
"4x4","uct-1000-self-play","48","9","0.375000","1","1+1+1","3","2","1","true"
"4x4","uct-1000-self-play","48","10","0.416667","2","2+1","2","1","2","true"
"4x4","uct-1000-self-play","48","11","0.458333","1","2+1","2","0","3","false"
"4x4","uct-1000-self-play","48","12","0.500000","2","2+1","2","0","3","false"
"4x4","uct-1000-self-play","48","13","0.541667","1","1+1+1","3","1","2","true"
"4x4","uct-1000-self-play","48","14","0.583333","2","1+1+1","3","0","3","false"
"4x4","uct-1000-self-play","48","15","0.625000","1","1+1+1","3","1","2","true"
"4x4","uct-1000-self-play","48","16","0.666667","2","1+1+1","3","0","3","false"
"4x4","uct-1000-self-play","48","17","0.708333","1","2+1","2","0","3","false"
"4x4","uct-1000-self-play","48","18","0.750000","2","1+1+1","3","1","2","true"
"4x4","uct-1000-self-play","48","19","0.791667","1","1+1+1","3","1","2","true"
"4x4","uct-1000-self-play","48","20","0.833333","2","2+1","2","1","2","true"
"4x4","uct-1000-self-play","48","21","0.875000","1","2+1","2","1","2","true"
"4x4","uct-1000-self-play","48","22","0.916667","2","1+1+1","3","1","2","true"
"4x4","uct-1000-self-play","48","23","0.958333","1","1+1+1","3","2","1","true"
"4x4","uct-1000-self-play","48","24","1.000000","2","2+1","2","3","0","false"
"4x4","uct-1000-self-play","49","1","0.041667","1","1+1+1","3","3","0","false"
"4x4","uct-1000-self-play","49","2","0.083333","2","1+1+1","3","3","0","false"
"4x4","uct-1000-self-play","49","3","0.125000","1","2+1","2","1","2","true"
"4x4","uct-1000-self-play","49","4","0.166667","2","1+1+1","3","2","1","true"
"4x4","uct-1000-self-play","49","5","0.208333","1","2+1","2","1","2","true"
"4x4","uct-1000-self-play","49","6","0.250000","2","2+1","2","1","2","true"
"4x4","uct-1000-self-play","49","7","0.291667","1","2+1","2","1","2","true"
"4x4","uct-1000-self-play","49","8","0.333333","2","2+1","2","1","2","true"
"4x4","uct-1000-self-play","49","9","0.375000","1","1+1+1","3","1","2","true"
"4x4","uct-1000-self-play","49","10","0.416667","2","1+1+1","3","1","2","true"
"4x4","uct-1000-self-play","49","11","0.458333","1","2+1","2","0","3","false"
"4x4","uct-1000-self-play","49","12","0.500000","2","2+1","2","0","3","false"
"4x4","uct-1000-self-play","49","13","0.541667","1","2+1","2","0","3","false"
"4x4","uct-1000-self-play","49","14","0.583333","2","1+1+1","3","0","3","false"
"4x4","uct-1000-self-play","49","15","0.625000","1","1+1+1","3","2","1","true"
"4x4","uct-1000-self-play","49","16","0.666667","2","2+1","2","1","2","true"
"4x4","uct-1000-self-play","49","17","0.708333","1","2+1","2","1","2","true"
"4x4","uct-1000-self-play","49","18","0.750000","2","1+1+1","3","0","3","false"
"4x4","uct-1000-self-play","49","19","0.791667","1","1+1+1","3","1","2","true"
"4x4","uct-1000-self-play","49","20","0.833333","2","1+1+1","3","0","3","false"
"4x4","uct-1000-self-play","49","21","0.875000","1","2+1","2","1","2","true"
"4x4","uct-1000-self-play","49","22","0.916667","2","1+1+1","3","3","0","false"
"4x4","uct-1000-self-play","49","23","0.958333","1","1+1+1","3","3","0","false"
"4x4","uct-1000-self-play","49","24","1.000000","2","1+1+1","3","0","3","false"
"4x4","uct-1000-self-play","50","1","0.041667","1","1+1+1","3","3","0","false"
"4x4","uct-1000-self-play","50","2","0.083333","2","1+1+1","3","3","0","false"
"4x4","uct-1000-self-play","50","3","0.125000","1","1+1+1","3","2","1","true"
"4x4","uct-1000-self-play","50","4","0.166667","2","1+1+1","3","1","2","true"
"4x4","uct-1000-self-play","50","5","0.208333","1","1+1+1","3","1","2","true"
"4x4","uct-1000-self-play","50","6","0.250000","2","1+1+1","3","0","3","false"
"4x4","uct-1000-self-play","50","7","0.291667","1","2+1","2","1","2","true"
"4x4","uct-1000-self-play","50","8","0.333333","2","2+1","2","2","1","true"
"4x4","uct-1000-self-play","50","9","0.375000","1","1+1+1","3","1","2","true"
"4x4","uct-1000-self-play","50","10","0.416667","2","1+1+1","3","1","2","true"
"4x4","uct-1000-self-play","50","11","0.458333","1","2+1","2","0","3","false"
"4x4","uct-1000-self-play","50","12","0.500000","2","2+1","2","1","2","true"
"4x4","uct-1000-self-play","50","13","0.541667","1","1+1+1","3","1","2","true"
"4x4","uct-1000-self-play","50","14","0.583333","2","2+1","2","1","2","true"
"4x4","uct-1000-self-play","50","15","0.625000","1","2+1","2","1","2","true"
"4x4","uct-1000-self-play","50","16","0.666667","2","1+1+1","3","1","2","true"
"4x4","uct-1000-self-play","50","17","0.708333","1","1+1+1","3","1","2","true"
"4x4","uct-1000-self-play","50","18","0.750000","2","1+1+1","3","0","3","false"
"4x4","uct-1000-self-play","50","19","0.791667","1","1+1+1","3","0","3","false"
"4x4","uct-1000-self-play","50","20","0.833333","2","1+1+1","3","1","2","true"
"4x4","uct-1000-self-play","50","21","0.875000","1","2+1","2","3","0","false"
"4x4","uct-1000-self-play","50","22","0.916667","2","2+1","2","1","2","true"
"4x4","uct-1000-self-play","50","23","0.958333","1","1+1+1","3","0","3","false"
"4x4","uct-1000-self-play","50","24","1.000000","2","2+1","2","1","2","true"
"4x4","uct-1000-self-play","51","1","0.041667","1","1+1+1","3","3","0","false"
"4x4","uct-1000-self-play","51","2","0.083333","2","1+1+1","3","3","0","false"
"4x4","uct-1000-self-play","51","3","0.125000","1","1+1+1","3","2","1","true"
"4x4","uct-1000-self-play","51","4","0.166667","2","2+1","2","2","1","true"
"4x4","uct-1000-self-play","51","5","0.208333","1","1+1+1","3","2","1","true"
"4x4","uct-1000-self-play","51","6","0.250000","2","2+1","2","1","2","true"
"4x4","uct-1000-self-play","51","7","0.291667","1","1+1+1","3","2","1","true"
"4x4","uct-1000-self-play","51","8","0.333333","2","2+1","2","3","0","false"
"4x4","uct-1000-self-play","51","9","0.375000","1","2+1","2","0","3","false"
"4x4","uct-1000-self-play","51","10","0.416667","2","1+1+1","3","1","2","true"
"4x4","uct-1000-self-play","51","11","0.458333","1","2+1","2","0","3","false"
"4x4","uct-1000-self-play","51","12","0.500000","2","1+1+1","3","1","2","true"
"4x4","uct-1000-self-play","51","13","0.541667","1","1+1+1","3","1","2","true"
"4x4","uct-1000-self-play","51","14","0.583333","2","1+1+1","3","1","2","true"
"4x4","uct-1000-self-play","51","15","0.625000","1","2+1","2","1","2","true"
"4x4","uct-1000-self-play","51","16","0.666667","2","1+1+1","3","1","2","true"
"4x4","uct-1000-self-play","51","17","0.708333","1","2+1","2","2","1","true"
"4x4","uct-1000-self-play","51","18","0.750000","2","1+1+1","3","1","2","true"
"4x4","uct-1000-self-play","51","19","0.791667","1","2+1","2","0","3","false"
"4x4","uct-1000-self-play","51","20","0.833333","2","2+1","2","1","2","true"
"4x4","uct-1000-self-play","51","21","0.875000","1","1+1+1","3","2","1","true"
"4x4","uct-1000-self-play","51","22","0.916667","2","1+1+1","3","1","2","true"
"4x4","uct-1000-self-play","51","23","0.958333","1","1+1+1","3","2","1","true"
"4x4","uct-1000-self-play","51","24","1.000000","2","1+1+1","3","1","2","true"
"4x4","uct-1000-self-play","52","1","0.041667","1","1+1+1","3","3","0","false"
"4x4","uct-1000-self-play","52","2","0.083333","2","2+1","2","3","0","false"
"4x4","uct-1000-self-play","52","3","0.125000","1","1+1+1","3","1","2","true"
"4x4","uct-1000-self-play","52","4","0.166667","2","2+1","2","1","2","true"
"4x4","uct-1000-self-play","52","5","0.208333","1","1+1+1","3","1","2","true"
"4x4","uct-1000-self-play","52","6","0.250000","2","2+1","2","1","2","true"
"4x4","uct-1000-self-play","52","7","0.291667","1","2+1","2","0","3","false"
"4x4","uct-1000-self-play","52","8","0.333333","2","1+1+1","3","0","3","false"
"4x4","uct-1000-self-play","52","9","0.375000","1","1+1+1","3","1","2","true"
"4x4","uct-1000-self-play","52","10","0.416667","2","1+1+1","3","1","2","true"
"4x4","uct-1000-self-play","52","11","0.458333","1","1+1+1","3","1","2","true"
"4x4","uct-1000-self-play","52","12","0.500000","2","1+1+1","3","2","1","true"
"4x4","uct-1000-self-play","52","13","0.541667","1","1+1+1","3","1","2","true"
"4x4","uct-1000-self-play","52","14","0.583333","2","2+1","2","1","2","true"
"4x4","uct-1000-self-play","52","15","0.625000","1","1+1+1","3","2","1","true"
"4x4","uct-1000-self-play","52","16","0.666667","2","1+1+1","3","0","3","false"
"4x4","uct-1000-self-play","52","17","0.708333","1","2+1","2","0","3","false"
"4x4","uct-1000-self-play","52","18","0.750000","2","1+1+1","3","1","2","true"
"4x4","uct-1000-self-play","52","19","0.791667","1","2+1","2","0","3","false"
"4x4","uct-1000-self-play","52","20","0.833333","2","2+1","2","1","2","true"
"4x4","uct-1000-self-play","52","21","0.875000","1","1+1+1","3","1","2","true"
"4x4","uct-1000-self-play","52","22","0.916667","2","2+1","2","0","3","false"
"4x4","uct-1000-self-play","52","23","0.958333","1","2+1","2","2","1","true"
"4x4","uct-1000-self-play","52","24","1.000000","2","1+1+1","3","3","0","false"
"4x4","uct-1000-self-play","53","1","0.041667","1","1+1+1","3","3","0","false"
"4x4","uct-1000-self-play","53","2","0.083333","2","1+1+1","3","3","0","false"
"4x4","uct-1000-self-play","53","3","0.125000","1","1+1+1","3","2","1","true"
"4x4","uct-1000-self-play","53","4","0.166667","2","1+1+1","3","2","1","true"
"4x4","uct-1000-self-play","53","5","0.208333","1","2+1","2","1","2","true"
"4x4","uct-1000-self-play","53","6","0.250000","2","1+1+1","3","2","1","true"
"4x4","uct-1000-self-play","53","7","0.291667","1","1+1+1","3","2","1","true"
"4x4","uct-1000-self-play","53","8","0.333333","2","1+1+1","3","2","1","true"
"4x4","uct-1000-self-play","53","9","0.375000","1","1+1+1","3","2","1","true"
"4x4","uct-1000-self-play","53","10","0.416667","2","2+1","2","2","1","true"
"4x4","uct-1000-self-play","53","11","0.458333","1","1+1+1","3","2","1","true"
"4x4","uct-1000-self-play","53","12","0.500000","2","2+1","2","2","1","true"
"4x4","uct-1000-self-play","53","13","0.541667","1","2+1","2","2","1","true"
"4x4","uct-1000-self-play","53","14","0.583333","2","1+1+1","3","1","2","true"
"4x4","uct-1000-self-play","53","15","0.625000","1","1+1+1","3","1","2","true"
"4x4","uct-1000-self-play","53","16","0.666667","2","2+1","2","0","3","false"
"4x4","uct-1000-self-play","53","17","0.708333","1","1+1+1","3","1","2","true"
"4x4","uct-1000-self-play","53","18","0.750000","2","2+1","2","1","2","true"
"4x4","uct-1000-self-play","53","19","0.791667","1","2+1","2","0","3","false"
"4x4","uct-1000-self-play","53","20","0.833333","2","1+1+1","3","0","3","false"
"4x4","uct-1000-self-play","53","21","0.875000","1","1+1+1","3","1","2","true"
"4x4","uct-1000-self-play","53","22","0.916667","2","1+1+1","3","0","3","false"
"4x4","uct-1000-self-play","53","23","0.958333","1","2+1","2","1","2","true"
"4x4","uct-1000-self-play","53","24","1.000000","2","1+1+1","3","3","0","false"
"4x4","uct-1000-self-play","54","1","0.041667","1","2+1","2","3","0","false"
"4x4","uct-1000-self-play","54","2","0.083333","2","1+1+1","3","3","0","false"
"4x4","uct-1000-self-play","54","3","0.125000","1","1+1+1","3","2","1","true"
"4x4","uct-1000-self-play","54","4","0.166667","2","1+1+1","3","2","1","true"
"4x4","uct-1000-self-play","54","5","0.208333","1","1+1+1","3","2","1","true"
"4x4","uct-1000-self-play","54","6","0.250000","2","2+1","2","2","1","true"
"4x4","uct-1000-self-play","54","7","0.291667","1","1+1+1","3","1","2","true"
"4x4","uct-1000-self-play","54","8","0.333333","2","1+1+1","3","1","2","true"
"4x4","uct-1000-self-play","54","9","0.375000","1","1+1+1","3","1","2","true"
"4x4","uct-1000-self-play","54","10","0.416667","2","1+1+1","3","1","2","true"
"4x4","uct-1000-self-play","54","11","0.458333","1","1+1+1","3","0","3","false"
"4x4","uct-1000-self-play","54","12","0.500000","2","1+1+1","3","1","2","true"
"4x4","uct-1000-self-play","54","13","0.541667","1","2+1","2","0","3","false"
"4x4","uct-1000-self-play","54","14","0.583333","2","1+1+1","3","0","3","false"
"4x4","uct-1000-self-play","54","15","0.625000","1","1+1+1","3","2","1","true"
"4x4","uct-1000-self-play","54","16","0.666667","2","1+1+1","3","2","1","true"
"4x4","uct-1000-self-play","54","17","0.708333","1","1+1+1","3","2","1","true"
"4x4","uct-1000-self-play","54","18","0.750000","2","2+1","2","1","2","true"
"4x4","uct-1000-self-play","54","19","0.791667","1","1+1+1","3","2","1","true"
"4x4","uct-1000-self-play","54","20","0.833333","2","2+1","2","2","1","true"
"4x4","uct-1000-self-play","54","21","0.875000","1","2+1","2","0","3","false"
"4x4","uct-1000-self-play","54","22","0.916667","2","1+1+1","3","0","3","false"
"4x4","uct-1000-self-play","54","23","0.958333","1","2+1","2","1","2","true"
"4x4","uct-1000-self-play","54","24","1.000000","2","1+1+1","3","3","0","false"
"4x4","uct-1000-self-play","55","1","0.041667","1","1+1+1","3","3","0","false"
"4x4","uct-1000-self-play","55","2","0.083333","2","2+1","2","3","0","false"
"4x4","uct-1000-self-play","55","3","0.125000","1","2+1","2","2","1","true"
"4x4","uct-1000-self-play","55","4","0.166667","2","1+1+1","3","2","1","true"
"4x4","uct-1000-self-play","55","5","0.208333","1","2+1","2","2","1","true"
"4x4","uct-1000-self-play","55","6","0.250000","2","1+1+1","3","2","1","true"
"4x4","uct-1000-self-play","55","7","0.291667","1","2+1","2","1","2","true"
"4x4","uct-1000-self-play","55","8","0.333333","2","2+1","2","0","3","false"
"4x4","uct-1000-self-play","55","9","0.375000","1","2+1","2","0","3","false"
"4x4","uct-1000-self-play","55","10","0.416667","2","1+1+1","3","2","1","true"
"4x4","uct-1000-self-play","55","11","0.458333","1","1+1+1","3","1","2","true"
"4x4","uct-1000-self-play","55","12","0.500000","2","1+1+1","3","1","2","true"
"4x4","uct-1000-self-play","55","13","0.541667","1","1+1+1","3","2","1","true"
"4x4","uct-1000-self-play","55","14","0.583333","2","2+1","2","0","3","false"
"4x4","uct-1000-self-play","55","15","0.625000","1","2+1","2","0","3","false"
"4x4","uct-1000-self-play","55","16","0.666667","2","2+1","2","1","2","true"
"4x4","uct-1000-self-play","55","17","0.708333","1","1+1+1","3","1","2","true"
"4x4","uct-1000-self-play","55","18","0.750000","2","1+1+1","3","0","3","false"
"4x4","uct-1000-self-play","55","19","0.791667","1","2+1","2","0","3","false"
"4x4","uct-1000-self-play","55","20","0.833333","2","2+1","2","1","2","true"
"4x4","uct-1000-self-play","55","21","0.875000","1","1+1+1","3","2","1","true"
"4x4","uct-1000-self-play","55","22","0.916667","2","1+1+1","3","3","0","false"
"4x4","uct-1000-self-play","55","23","0.958333","1","1+1+1","3","3","0","false"
"4x4","uct-1000-self-play","55","24","1.000000","2","1+1+1","3","3","0","false"
"4x4","uct-1000-self-play","56","1","0.041667","1","2+1","2","3","0","false"
"4x4","uct-1000-self-play","56","2","0.083333","2","1+1+1","3","3","0","false"
"4x4","uct-1000-self-play","56","3","0.125000","1","1+1+1","3","1","2","true"
"4x4","uct-1000-self-play","56","4","0.166667","2","1+1+1","3","3","0","false"
"4x4","uct-1000-self-play","56","5","0.208333","1","1+1+1","3","1","2","true"
"4x4","uct-1000-self-play","56","6","0.250000","2","1+1+1","3","1","2","true"
"4x4","uct-1000-self-play","56","7","0.291667","1","1+1+1","3","1","2","true"
"4x4","uct-1000-self-play","56","8","0.333333","2","2+1","2","1","2","true"
"4x4","uct-1000-self-play","56","9","0.375000","1","1+1+1","3","2","1","true"
"4x4","uct-1000-self-play","56","10","0.416667","2","2+1","2","1","2","true"
"4x4","uct-1000-self-play","56","11","0.458333","1","3","1","2","1","true"
"4x4","uct-1000-self-play","56","12","0.500000","2","1+1+1","3","2","1","true"
"4x4","uct-1000-self-play","56","13","0.541667","1","1+1+1","3","2","1","true"
"4x4","uct-1000-self-play","56","14","0.583333","2","2+1","2","2","1","true"
"4x4","uct-1000-self-play","56","15","0.625000","1","1+1+1","3","3","0","false"
"4x4","uct-1000-self-play","56","16","0.666667","2","1+1+1","3","0","3","false"
"4x4","uct-1000-self-play","56","17","0.708333","1","1+1+1","3","3","0","false"
"4x4","uct-1000-self-play","56","18","0.750000","2","1+1+1","3","2","1","true"
"4x4","uct-1000-self-play","56","19","0.791667","1","1+1+1","3","2","1","true"
"4x4","uct-1000-self-play","56","20","0.833333","2","2+1","2","1","2","true"
"4x4","uct-1000-self-play","56","21","0.875000","1","2+1","2","0","3","false"
"4x4","uct-1000-self-play","56","22","0.916667","2","2+1","2","0","3","false"
"4x4","uct-1000-self-play","56","23","0.958333","1","1+1+1","3","0","3","false"
"4x4","uct-1000-self-play","56","24","1.000000","2","1+1+1","3","1","2","true"
"4x4","uct-1000-self-play","57","1","0.041667","1","1+1+1","3","3","0","false"
"4x4","uct-1000-self-play","57","2","0.083333","2","1+1+1","3","3","0","false"
"4x4","uct-1000-self-play","57","3","0.125000","1","2+1","2","1","2","true"
"4x4","uct-1000-self-play","57","4","0.166667","2","1+1+1","3","1","2","true"
"4x4","uct-1000-self-play","57","5","0.208333","1","1+1+1","3","1","2","true"
"4x4","uct-1000-self-play","57","6","0.250000","2","1+1+1","3","2","1","true"
"4x4","uct-1000-self-play","57","7","0.291667","1","1+1+1","3","2","1","true"
"4x4","uct-1000-self-play","57","8","0.333333","2","1+1+1","3","1","2","true"
"4x4","uct-1000-self-play","57","9","0.375000","1","1+1+1","3","1","2","true"
"4x4","uct-1000-self-play","57","10","0.416667","2","2+1","2","1","2","true"
"4x4","uct-1000-self-play","57","11","0.458333","1","1+1+1","3","0","3","false"
"4x4","uct-1000-self-play","57","12","0.500000","2","2+1","2","1","2","true"
"4x4","uct-1000-self-play","57","13","0.541667","1","1+1+1","3","1","2","true"
"4x4","uct-1000-self-play","57","14","0.583333","2","1+1+1","3","0","3","false"
"4x4","uct-1000-self-play","57","15","0.625000","1","2+1","2","2","1","true"
"4x4","uct-1000-self-play","57","16","0.666667","2","2+1","2","0","3","false"
"4x4","uct-1000-self-play","57","17","0.708333","1","2+1","2","1","2","true"
"4x4","uct-1000-self-play","57","18","0.750000","2","2+1","2","2","1","true"
"4x4","uct-1000-self-play","57","19","0.791667","1","2+1","2","2","1","true"
"4x4","uct-1000-self-play","57","20","0.833333","2","2+1","2","2","1","true"
"4x4","uct-1000-self-play","57","21","0.875000","1","2+1","2","3","0","false"
"4x4","uct-1000-self-play","57","22","0.916667","2","1+1+1","3","2","1","true"
"4x4","uct-1000-self-play","57","23","0.958333","1","1+1+1","3","0","3","false"
"4x4","uct-1000-self-play","57","24","1.000000","2","2+1","2","1","2","true"
"4x4","uct-1000-self-play","58","1","0.041667","1","1+1+1","3","3","0","false"
"4x4","uct-1000-self-play","58","2","0.083333","2","1+1+1","3","3","0","false"
"4x4","uct-1000-self-play","58","3","0.125000","1","1+1+1","3","1","2","true"
"4x4","uct-1000-self-play","58","4","0.166667","2","1+1+1","3","3","0","false"
"4x4","uct-1000-self-play","58","5","0.208333","1","1+1+1","3","2","1","true"
"4x4","uct-1000-self-play","58","6","0.250000","2","1+1+1","3","1","2","true"
"4x4","uct-1000-self-play","58","7","0.291667","1","3","1","2","1","true"
"4x4","uct-1000-self-play","58","8","0.333333","2","1+1+1","3","2","1","true"
"4x4","uct-1000-self-play","58","9","0.375000","1","1+1+1","3","1","2","true"
"4x4","uct-1000-self-play","58","10","0.416667","2","1+1+1","3","1","2","true"
"4x4","uct-1000-self-play","58","11","0.458333","1","1+1+1","3","1","2","true"
"4x4","uct-1000-self-play","58","12","0.500000","2","1+1+1","3","2","1","true"
"4x4","uct-1000-self-play","58","13","0.541667","1","2+1","2","2","1","true"
"4x4","uct-1000-self-play","58","14","0.583333","2","2+1","2","0","3","false"
"4x4","uct-1000-self-play","58","15","0.625000","1","2+1","2","0","3","false"
"4x4","uct-1000-self-play","58","16","0.666667","2","2+1","2","0","3","false"
"4x4","uct-1000-self-play","58","17","0.708333","1","2+1","2","0","3","false"
"4x4","uct-1000-self-play","58","18","0.750000","2","1+1+1","3","1","2","true"
"4x4","uct-1000-self-play","58","19","0.791667","1","1+1+1","3","2","1","true"
"4x4","uct-1000-self-play","58","20","0.833333","2","2+1","2","0","3","false"
"4x4","uct-1000-self-play","58","21","0.875000","1","2+1","2","1","2","true"
"4x4","uct-1000-self-play","58","22","0.916667","2","1+1+1","3","2","1","true"
"4x4","uct-1000-self-play","58","23","0.958333","1","1+1+1","3","2","1","true"
"4x4","uct-1000-self-play","58","24","1.000000","2","1+1+1","3","3","0","false"
"4x4","uct-1000-self-play","59","1","0.041667","1","1+1+1","3","3","0","false"
"4x4","uct-1000-self-play","59","2","0.083333","2","2+1","2","3","0","false"
"4x4","uct-1000-self-play","59","3","0.125000","1","1+1+1","3","3","0","false"
"4x4","uct-1000-self-play","59","4","0.166667","2","1+1+1","3","2","1","true"
"4x4","uct-1000-self-play","59","5","0.208333","1","2+1","2","2","1","true"
"4x4","uct-1000-self-play","59","6","0.250000","2","1+1+1","3","3","0","false"
"4x4","uct-1000-self-play","59","7","0.291667","1","1+1+1","3","1","2","true"
"4x4","uct-1000-self-play","59","8","0.333333","2","1+1+1","3","2","1","true"
"4x4","uct-1000-self-play","59","9","0.375000","1","1+1+1","3","2","1","true"
"4x4","uct-1000-self-play","59","10","0.416667","2","2+1","2","1","2","true"
"4x4","uct-1000-self-play","59","11","0.458333","1","1+1+1","3","2","1","true"
"4x4","uct-1000-self-play","59","12","0.500000","2","2+1","2","2","1","true"
"4x4","uct-1000-self-play","59","13","0.541667","1","1+1+1","3","1","2","true"
"4x4","uct-1000-self-play","59","14","0.583333","2","2+1","2","1","2","true"
"4x4","uct-1000-self-play","59","15","0.625000","1","2+1","2","1","2","true"
"4x4","uct-1000-self-play","59","16","0.666667","2","2+1","2","1","2","true"
"4x4","uct-1000-self-play","59","17","0.708333","1","1+1+1","3","1","2","true"
"4x4","uct-1000-self-play","59","18","0.750000","2","1+1+1","3","0","3","false"
"4x4","uct-1000-self-play","59","19","0.791667","1","1+1+1","3","2","1","true"
"4x4","uct-1000-self-play","59","20","0.833333","2","2+1","2","3","0","false"
"4x4","uct-1000-self-play","59","21","0.875000","1","2+1","2","1","2","true"
"4x4","uct-1000-self-play","59","22","0.916667","2","2+1","2","3","0","false"
"4x4","uct-1000-self-play","59","23","0.958333","1","2+1","2","3","0","false"
"4x4","uct-1000-self-play","59","24","1.000000","2","1+1+1","3","1","2","true"
"4x4","uct-1000-self-play","60","1","0.041667","1","1+1+1","3","3","0","false"
"4x4","uct-1000-self-play","60","2","0.083333","2","2+1","2","3","0","false"
"4x4","uct-1000-self-play","60","3","0.125000","1","2+1","2","2","1","true"
"4x4","uct-1000-self-play","60","4","0.166667","2","2+1","2","1","2","true"
"4x4","uct-1000-self-play","60","5","0.208333","1","2+1","2","2","1","true"
"4x4","uct-1000-self-play","60","6","0.250000","2","2+1","2","1","2","true"
"4x4","uct-1000-self-play","60","7","0.291667","1","1+1+1","3","1","2","true"
"4x4","uct-1000-self-play","60","8","0.333333","2","1+1+1","3","1","2","true"
"4x4","uct-1000-self-play","60","9","0.375000","1","2+1","2","1","2","true"
"4x4","uct-1000-self-play","60","10","0.416667","2","1+1+1","3","2","1","true"
"4x4","uct-1000-self-play","60","11","0.458333","1","1+1+1","3","1","2","true"
"4x4","uct-1000-self-play","60","12","0.500000","2","1+1+1","3","2","1","true"
"4x4","uct-1000-self-play","60","13","0.541667","1","2+1","2","0","3","false"
"4x4","uct-1000-self-play","60","14","0.583333","2","1+1+1","3","1","2","true"
"4x4","uct-1000-self-play","60","15","0.625000","1","1+1+1","3","2","1","true"
"4x4","uct-1000-self-play","60","16","0.666667","2","1+1+1","3","2","1","true"
"4x4","uct-1000-self-play","60","17","0.708333","1","1+1+1","3","1","2","true"
"4x4","uct-1000-self-play","60","18","0.750000","2","2+1","2","1","2","true"
"4x4","uct-1000-self-play","60","19","0.791667","1","1+1+1","3","1","2","true"
"4x4","uct-1000-self-play","60","20","0.833333","2","2+1","2","0","3","false"
"4x4","uct-1000-self-play","60","21","0.875000","1","2+1","2","0","3","false"
"4x4","uct-1000-self-play","60","22","0.916667","2","2+1","2","0","3","false"
"4x4","uct-1000-self-play","60","23","0.958333","1","1+1+1","3","1","2","true"
"4x4","uct-1000-self-play","60","24","1.000000","2","2+1","2","2","1","true"
"4x4","uct-1000-self-play","61","1","0.041667","1","1+1+1","3","3","0","false"
"4x4","uct-1000-self-play","61","2","0.083333","2","1+1+1","3","3","0","false"
"4x4","uct-1000-self-play","61","3","0.125000","1","1+1+1","3","3","0","false"
"4x4","uct-1000-self-play","61","4","0.166667","2","3","1","3","0","false"
"4x4","uct-1000-self-play","61","5","0.208333","1","1+1+1","3","2","1","true"
"4x4","uct-1000-self-play","61","6","0.250000","2","2+1","2","1","2","true"
"4x4","uct-1000-self-play","61","7","0.291667","1","2+1","2","0","3","false"
"4x4","uct-1000-self-play","61","8","0.333333","2","1+1+1","3","3","0","false"
"4x4","uct-1000-self-play","61","9","0.375000","1","1+1+1","3","2","1","true"
"4x4","uct-1000-self-play","61","10","0.416667","2","2+1","2","1","2","true"
"4x4","uct-1000-self-play","61","11","0.458333","1","1+1+1","3","1","2","true"
"4x4","uct-1000-self-play","61","12","0.500000","2","1+1+1","3","2","1","true"
"4x4","uct-1000-self-play","61","13","0.541667","1","1+1+1","3","1","2","true"
"4x4","uct-1000-self-play","61","14","0.583333","2","3","1","0","3","false"
"4x4","uct-1000-self-play","61","15","0.625000","1","2+1","2","1","2","true"
"4x4","uct-1000-self-play","61","16","0.666667","2","2+1","2","1","2","true"
"4x4","uct-1000-self-play","61","17","0.708333","1","1+1+1","3","1","2","true"
"4x4","uct-1000-self-play","61","18","0.750000","2","1+1+1","3","0","3","false"
"4x4","uct-1000-self-play","61","19","0.791667","1","2+1","2","0","3","false"
"4x4","uct-1000-self-play","61","20","0.833333","2","1+1+1","3","0","3","false"
"4x4","uct-1000-self-play","61","21","0.875000","1","1+1+1","3","1","2","true"
"4x4","uct-1000-self-play","61","22","0.916667","2","2+1","2","1","2","true"
"4x4","uct-1000-self-play","61","23","0.958333","1","1+1+1","3","2","1","true"
"4x4","uct-1000-self-play","61","24","1.000000","2","1+1+1","3","1","2","true"
"4x4","uct-1000-self-play","62","1","0.041667","1","1+1+1","3","3","0","false"
"4x4","uct-1000-self-play","62","2","0.083333","2","2+1","2","3","0","false"
"4x4","uct-1000-self-play","62","3","0.125000","1","2+1","2","2","1","true"
"4x4","uct-1000-self-play","62","4","0.166667","2","1+1+1","3","2","1","true"
"4x4","uct-1000-self-play","62","5","0.208333","1","1+1+1","3","2","1","true"
"4x4","uct-1000-self-play","62","6","0.250000","2","1+1+1","3","1","2","true"
"4x4","uct-1000-self-play","62","7","0.291667","1","2+1","2","0","3","false"
"4x4","uct-1000-self-play","62","8","0.333333","2","1+1+1","3","2","1","true"
"4x4","uct-1000-self-play","62","9","0.375000","1","2+1","2","1","2","true"
"4x4","uct-1000-self-play","62","10","0.416667","2","1+1+1","3","1","2","true"
"4x4","uct-1000-self-play","62","11","0.458333","1","1+1+1","3","2","1","true"
"4x4","uct-1000-self-play","62","12","0.500000","2","3","1","1","2","true"
"4x4","uct-1000-self-play","62","13","0.541667","1","2+1","2","0","3","false"
"4x4","uct-1000-self-play","62","14","0.583333","2","2+1","2","2","1","true"
"4x4","uct-1000-self-play","62","15","0.625000","1","2+1","2","1","2","true"
"4x4","uct-1000-self-play","62","16","0.666667","2","2+1","2","0","3","false"
"4x4","uct-1000-self-play","62","17","0.708333","1","1+1+1","3","1","2","true"
"4x4","uct-1000-self-play","62","18","0.750000","2","2+1","2","0","3","false"
"4x4","uct-1000-self-play","62","19","0.791667","1","1+1+1","3","0","3","false"
"4x4","uct-1000-self-play","62","20","0.833333","2","2+1","2","0","3","false"
"4x4","uct-1000-self-play","62","21","0.875000","1","2+1","2","1","2","true"
"4x4","uct-1000-self-play","62","22","0.916667","2","2+1","2","1","2","true"
"4x4","uct-1000-self-play","62","23","0.958333","1","1+1+1","3","3","0","false"
"4x4","uct-1000-self-play","62","24","1.000000","2","2+1","2","2","1","true"
"4x4","uct-1000-self-play","63","1","0.041667","1","1+1+1","3","3","0","false"
"4x4","uct-1000-self-play","63","2","0.083333","2","2+1","2","3","0","false"
"4x4","uct-1000-self-play","63","3","0.125000","1","1+1+1","3","1","2","true"
"4x4","uct-1000-self-play","63","4","0.166667","2","1+1+1","3","2","1","true"
"4x4","uct-1000-self-play","63","5","0.208333","1","1+1+1","3","2","1","true"
"4x4","uct-1000-self-play","63","6","0.250000","2","2+1","2","1","2","true"
"4x4","uct-1000-self-play","63","7","0.291667","1","2+1","2","0","3","false"
"4x4","uct-1000-self-play","63","8","0.333333","2","1+1+1","3","1","2","true"
"4x4","uct-1000-self-play","63","9","0.375000","1","1+1+1","3","1","2","true"
"4x4","uct-1000-self-play","63","10","0.416667","2","1+1+1","3","1","2","true"
"4x4","uct-1000-self-play","63","11","0.458333","1","2+1","2","1","2","true"
"4x4","uct-1000-self-play","63","12","0.500000","2","1+1+1","3","2","1","true"
"4x4","uct-1000-self-play","63","13","0.541667","1","1+1+1","3","1","2","true"
"4x4","uct-1000-self-play","63","14","0.583333","2","2+1","2","1","2","true"
"4x4","uct-1000-self-play","63","15","0.625000","1","1+1+1","3","1","2","true"
"4x4","uct-1000-self-play","63","16","0.666667","2","1+1+1","3","1","2","true"
"4x4","uct-1000-self-play","63","17","0.708333","1","1+1+1","3","1","2","true"
"4x4","uct-1000-self-play","63","18","0.750000","2","1+1+1","3","1","2","true"
"4x4","uct-1000-self-play","63","19","0.791667","1","1+1+1","3","2","1","true"
"4x4","uct-1000-self-play","63","20","0.833333","2","1+1+1","3","1","2","true"
"4x4","uct-1000-self-play","63","21","0.875000","1","2+1","2","1","2","true"
"4x4","uct-1000-self-play","63","22","0.916667","2","2+1","2","1","2","true"
"4x4","uct-1000-self-play","63","23","0.958333","1","1+1+1","3","1","2","true"
"4x4","uct-1000-self-play","63","24","1.000000","2","1+1+1","3","2","1","true"
"4x4","uct-1000-self-play","64","1","0.041667","1","1+1+1","3","3","0","false"
"4x4","uct-1000-self-play","64","2","0.083333","2","1+1+1","3","3","0","false"
"4x4","uct-1000-self-play","64","3","0.125000","1","1+1+1","3","2","1","true"
"4x4","uct-1000-self-play","64","4","0.166667","2","1+1+1","3","3","0","false"
"4x4","uct-1000-self-play","64","5","0.208333","1","2+1","2","2","1","true"
"4x4","uct-1000-self-play","64","6","0.250000","2","1+1+1","3","1","2","true"
"4x4","uct-1000-self-play","64","7","0.291667","1","1+1+1","3","2","1","true"
"4x4","uct-1000-self-play","64","8","0.333333","2","2+1","2","2","1","true"
"4x4","uct-1000-self-play","64","9","0.375000","1","2+1","2","2","1","true"
"4x4","uct-1000-self-play","64","10","0.416667","2","2+1","2","2","1","true"
"4x4","uct-1000-self-play","64","11","0.458333","1","2+1","2","1","2","true"
"4x4","uct-1000-self-play","64","12","0.500000","2","2+1","2","0","3","false"
"4x4","uct-1000-self-play","64","13","0.541667","1","2+1","2","1","2","true"
"4x4","uct-1000-self-play","64","14","0.583333","2","1+1+1","3","1","2","true"
"4x4","uct-1000-self-play","64","15","0.625000","1","2+1","2","0","3","false"
"4x4","uct-1000-self-play","64","16","0.666667","2","1+1+1","3","1","2","true"
"4x4","uct-1000-self-play","64","17","0.708333","1","1+1+1","3","0","3","false"
"4x4","uct-1000-self-play","64","18","0.750000","2","1+1+1","3","0","3","false"
"4x4","uct-1000-self-play","64","19","0.791667","1","2+1","2","1","2","true"
"4x4","uct-1000-self-play","64","20","0.833333","2","2+1","2","1","2","true"
"4x4","uct-1000-self-play","64","21","0.875000","1","2+1","2","0","3","false"
"4x4","uct-1000-self-play","64","22","0.916667","2","2+1","2","2","1","true"
"4x4","uct-1000-self-play","64","23","0.958333","1","1+1+1","3","2","1","true"
"4x4","uct-1000-self-play","64","24","1.000000","2","1+1+1","3","0","3","false"
"4x4","uct-1000-self-play","65","1","0.041667","1","1+1+1","3","3","0","false"
"4x4","uct-1000-self-play","65","2","0.083333","2","2+1","2","3","0","false"
"4x4","uct-1000-self-play","65","3","0.125000","1","2+1","2","0","3","false"
"4x4","uct-1000-self-play","65","4","0.166667","2","1+1+1","3","2","1","true"
"4x4","uct-1000-self-play","65","5","0.208333","1","1+1+1","3","2","1","true"
"4x4","uct-1000-self-play","65","6","0.250000","2","1+1+1","3","3","0","false"
"4x4","uct-1000-self-play","65","7","0.291667","1","2+1","2","1","2","true"
"4x4","uct-1000-self-play","65","8","0.333333","2","1+1+1","3","0","3","false"
"4x4","uct-1000-self-play","65","9","0.375000","1","1+1+1","3","1","2","true"
"4x4","uct-1000-self-play","65","10","0.416667","2","1+1+1","3","0","3","false"
"4x4","uct-1000-self-play","65","11","0.458333","1","2+1","2","1","2","true"
"4x4","uct-1000-self-play","65","12","0.500000","2","2+1","2","1","2","true"
"4x4","uct-1000-self-play","65","13","0.541667","1","1+1+1","3","1","2","true"
"4x4","uct-1000-self-play","65","14","0.583333","2","1+1+1","3","2","1","true"
"4x4","uct-1000-self-play","65","15","0.625000","1","1+1+1","3","2","1","true"
"4x4","uct-1000-self-play","65","16","0.666667","2","1+1+1","3","0","3","false"
"4x4","uct-1000-self-play","65","17","0.708333","1","1+1+1","3","1","2","true"
"4x4","uct-1000-self-play","65","18","0.750000","2","2+1","2","1","2","true"
"4x4","uct-1000-self-play","65","19","0.791667","1","2+1","2","0","3","false"
"4x4","uct-1000-self-play","65","20","0.833333","2","2+1","2","2","1","true"
"4x4","uct-1000-self-play","65","21","0.875000","1","2+1","2","2","1","true"
"4x4","uct-1000-self-play","65","22","0.916667","2","1+1+1","3","2","1","true"
"4x4","uct-1000-self-play","65","23","0.958333","1","1+1+1","3","2","1","true"
"4x4","uct-1000-self-play","65","24","1.000000","2","1+1+1","3","0","3","false"
"4x4","uct-1000-self-play","66","1","0.041667","1","1+1+1","3","3","0","false"
"4x4","uct-1000-self-play","66","2","0.083333","2","1+1+1","3","3","0","false"
"4x4","uct-1000-self-play","66","3","0.125000","1","1+1+1","3","2","1","true"
"4x4","uct-1000-self-play","66","4","0.166667","2","2+1","2","1","2","true"
"4x4","uct-1000-self-play","66","5","0.208333","1","2+1","2","1","2","true"
"4x4","uct-1000-self-play","66","6","0.250000","2","2+1","2","2","1","true"
"4x4","uct-1000-self-play","66","7","0.291667","1","1+1+1","3","1","2","true"
"4x4","uct-1000-self-play","66","8","0.333333","2","3","1","0","3","false"
"4x4","uct-1000-self-play","66","9","0.375000","1","1+1+1","3","0","3","false"
"4x4","uct-1000-self-play","66","10","0.416667","2","1+1+1","3","2","1","true"
"4x4","uct-1000-self-play","66","11","0.458333","1","2+1","2","1","2","true"
"4x4","uct-1000-self-play","66","12","0.500000","2","2+1","2","0","3","false"
"4x4","uct-1000-self-play","66","13","0.541667","1","2+1","2","0","3","false"
"4x4","uct-1000-self-play","66","14","0.583333","2","2+1","2","0","3","false"
"4x4","uct-1000-self-play","66","15","0.625000","1","1+1+1","3","1","2","true"
"4x4","uct-1000-self-play","66","16","0.666667","2","1+1+1","3","1","2","true"
"4x4","uct-1000-self-play","66","17","0.708333","1","1+1+1","3","1","2","true"
"4x4","uct-1000-self-play","66","18","0.750000","2","1+1+1","3","1","2","true"
"4x4","uct-1000-self-play","66","19","0.791667","1","1+1+1","3","1","2","true"
"4x4","uct-1000-self-play","66","20","0.833333","2","1+1+1","3","1","2","true"
"4x4","uct-1000-self-play","66","21","0.875000","1","1+1+1","3","1","2","true"
"4x4","uct-1000-self-play","66","22","0.916667","2","2+1","2","1","2","true"
"4x4","uct-1000-self-play","66","23","0.958333","1","2+1","2","3","0","false"
"4x4","uct-1000-self-play","66","24","1.000000","2","1+1+1","3","2","1","true"
"4x4","uct-1000-self-play","67","1","0.041667","1","2+1","2","3","0","false"
"4x4","uct-1000-self-play","67","2","0.083333","2","2+1","2","3","0","false"
"4x4","uct-1000-self-play","67","3","0.125000","1","1+1+1","3","1","2","true"
"4x4","uct-1000-self-play","67","4","0.166667","2","1+1+1","3","2","1","true"
"4x4","uct-1000-self-play","67","5","0.208333","1","1+1+1","3","1","2","true"
"4x4","uct-1000-self-play","67","6","0.250000","2","1+1+1","3","3","0","false"
"4x4","uct-1000-self-play","67","7","0.291667","1","1+1+1","3","2","1","true"
"4x4","uct-1000-self-play","67","8","0.333333","2","2+1","2","2","1","true"
"4x4","uct-1000-self-play","67","9","0.375000","1","2+1","2","3","0","false"
"4x4","uct-1000-self-play","67","10","0.416667","2","1+1+1","3","1","2","true"
"4x4","uct-1000-self-play","67","11","0.458333","1","1+1+1","3","2","1","true"
"4x4","uct-1000-self-play","67","12","0.500000","2","1+1+1","3","2","1","true"
"4x4","uct-1000-self-play","67","13","0.541667","1","2+1","2","0","3","false"
"4x4","uct-1000-self-play","67","14","0.583333","2","1+1+1","3","0","3","false"
"4x4","uct-1000-self-play","67","15","0.625000","1","3","1","1","2","true"
"4x4","uct-1000-self-play","67","16","0.666667","2","2+1","2","1","2","true"
"4x4","uct-1000-self-play","67","17","0.708333","1","2+1","2","1","2","true"
"4x4","uct-1000-self-play","67","18","0.750000","2","1+1+1","3","0","3","false"
"4x4","uct-1000-self-play","67","19","0.791667","1","1+1+1","3","2","1","true"
"4x4","uct-1000-self-play","67","20","0.833333","2","1+1+1","3","1","2","true"
"4x4","uct-1000-self-play","67","21","0.875000","1","2+1","2","1","2","true"
"4x4","uct-1000-self-play","67","22","0.916667","2","1+1+1","3","1","2","true"
"4x4","uct-1000-self-play","67","23","0.958333","1","1+1+1","3","2","1","true"
"4x4","uct-1000-self-play","67","24","1.000000","2","2+1","2","2","1","true"
"4x4","uct-1000-self-play","68","1","0.041667","1","1+1+1","3","3","0","false"
"4x4","uct-1000-self-play","68","2","0.083333","2","1+1+1","3","3","0","false"
"4x4","uct-1000-self-play","68","3","0.125000","1","1+1+1","3","2","1","true"
"4x4","uct-1000-self-play","68","4","0.166667","2","1+1+1","3","3","0","false"
"4x4","uct-1000-self-play","68","5","0.208333","1","1+1+1","3","1","2","true"
"4x4","uct-1000-self-play","68","6","0.250000","2","3","1","0","3","false"
"4x4","uct-1000-self-play","68","7","0.291667","1","1+1+1","3","0","3","false"
"4x4","uct-1000-self-play","68","8","0.333333","2","2+1","2","0","3","false"
"4x4","uct-1000-self-play","68","9","0.375000","1","1+1+1","3","0","3","false"
"4x4","uct-1000-self-play","68","10","0.416667","2","3","1","0","3","false"
"4x4","uct-1000-self-play","68","11","0.458333","1","1+1+1","3","0","3","false"
"4x4","uct-1000-self-play","68","12","0.500000","2","1+1+1","3","0","3","false"
"4x4","uct-1000-self-play","68","13","0.541667","1","1+1+1","3","2","1","true"
"4x4","uct-1000-self-play","68","14","0.583333","2","1+1+1","3","1","2","true"
"4x4","uct-1000-self-play","68","15","0.625000","1","1+1+1","3","2","1","true"
"4x4","uct-1000-self-play","68","16","0.666667","2","1+1+1","3","2","1","true"
"4x4","uct-1000-self-play","68","17","0.708333","1","2+1","2","2","1","true"
"4x4","uct-1000-self-play","68","18","0.750000","2","1+1+1","3","1","2","true"
"4x4","uct-1000-self-play","68","19","0.791667","1","2+1","2","3","0","false"
"4x4","uct-1000-self-play","68","20","0.833333","2","2+1","2","1","2","true"
"4x4","uct-1000-self-play","68","21","0.875000","1","1+1+1","3","1","2","true"
"4x4","uct-1000-self-play","68","22","0.916667","2","1+1+1","3","3","0","false"
"4x4","uct-1000-self-play","68","23","0.958333","1","1+1+1","3","0","3","false"
"4x4","uct-1000-self-play","68","24","1.000000","2","1+1+1","3","2","1","true"
"4x4","uct-1000-self-play","69","1","0.041667","1","1+1+1","3","3","0","false"
"4x4","uct-1000-self-play","69","2","0.083333","2","1+1+1","3","3","0","false"
"4x4","uct-1000-self-play","69","3","0.125000","1","1+1+1","3","2","1","true"
"4x4","uct-1000-self-play","69","4","0.166667","2","2+1","2","2","1","true"
"4x4","uct-1000-self-play","69","5","0.208333","1","1+1+1","3","1","2","true"
"4x4","uct-1000-self-play","69","6","0.250000","2","2+1","2","1","2","true"
"4x4","uct-1000-self-play","69","7","0.291667","1","2+1","2","2","1","true"
"4x4","uct-1000-self-play","69","8","0.333333","2","1+1+1","3","1","2","true"
"4x4","uct-1000-self-play","69","9","0.375000","1","3","1","0","3","false"
"4x4","uct-1000-self-play","69","10","0.416667","2","1+1+1","3","2","1","true"
"4x4","uct-1000-self-play","69","11","0.458333","1","3","1","0","3","false"
"4x4","uct-1000-self-play","69","12","0.500000","2","2+1","2","0","3","false"
"4x4","uct-1000-self-play","69","13","0.541667","1","2+1","2","0","3","false"
"4x4","uct-1000-self-play","69","14","0.583333","2","1+1+1","3","0","3","false"
"4x4","uct-1000-self-play","69","15","0.625000","1","1+1+1","3","2","1","true"
"4x4","uct-1000-self-play","69","16","0.666667","2","2+1","2","1","2","true"
"4x4","uct-1000-self-play","69","17","0.708333","1","1+1+1","3","1","2","true"
"4x4","uct-1000-self-play","69","18","0.750000","2","2+1","2","1","2","true"
"4x4","uct-1000-self-play","69","19","0.791667","1","2+1","2","0","3","false"
"4x4","uct-1000-self-play","69","20","0.833333","2","2+1","2","1","2","true"
"4x4","uct-1000-self-play","69","21","0.875000","1","2+1","2","1","2","true"
"4x4","uct-1000-self-play","69","22","0.916667","2","1+1+1","3","2","1","true"
"4x4","uct-1000-self-play","69","23","0.958333","1","1+1+1","3","3","0","false"
"4x4","uct-1000-self-play","69","24","1.000000","2","1+1+1","3","3","0","false"
"4x4","uct-1000-self-play","70","1","0.041667","1","2+1","2","3","0","false"
"4x4","uct-1000-self-play","70","2","0.083333","2","1+1+1","3","3","0","false"
"4x4","uct-1000-self-play","70","3","0.125000","1","2+1","2","3","0","false"
"4x4","uct-1000-self-play","70","4","0.166667","2","1+1+1","3","1","2","true"
"4x4","uct-1000-self-play","70","5","0.208333","1","2+1","2","3","0","false"
"4x4","uct-1000-self-play","70","6","0.250000","2","1+1+1","3","1","2","true"
"4x4","uct-1000-self-play","70","7","0.291667","1","1+1+1","3","1","2","true"
"4x4","uct-1000-self-play","70","8","0.333333","2","2+1","2","1","2","true"
"4x4","uct-1000-self-play","70","9","0.375000","1","2+1","2","1","2","true"
"4x4","uct-1000-self-play","70","10","0.416667","2","2+1","2","0","3","false"
"4x4","uct-1000-self-play","70","11","0.458333","1","2+1","2","0","3","false"
"4x4","uct-1000-self-play","70","12","0.500000","2","1+1+1","3","1","2","true"
"4x4","uct-1000-self-play","70","13","0.541667","1","2+1","2","0","3","false"
"4x4","uct-1000-self-play","70","14","0.583333","2","2+1","2","1","2","true"
"4x4","uct-1000-self-play","70","15","0.625000","1","3","1","0","3","false"
"4x4","uct-1000-self-play","70","16","0.666667","2","2+1","2","1","2","true"
"4x4","uct-1000-self-play","70","17","0.708333","1","1+1+1","3","0","3","false"
"4x4","uct-1000-self-play","70","18","0.750000","2","2+1","2","1","2","true"
"4x4","uct-1000-self-play","70","19","0.791667","1","2+1","2","0","3","false"
"4x4","uct-1000-self-play","70","20","0.833333","2","2+1","2","0","3","false"
"4x4","uct-1000-self-play","70","21","0.875000","1","1+1+1","3","2","1","true"
"4x4","uct-1000-self-play","70","22","0.916667","2","2+1","2","2","1","true"
"4x4","uct-1000-self-play","70","23","0.958333","1","2+1","2","3","0","false"
"4x4","uct-1000-self-play","70","24","1.000000","2","1+1+1","3","2","1","true"
"4x4","uct-1000-self-play","71","1","0.041667","1","1+1+1","3","3","0","false"
"4x4","uct-1000-self-play","71","2","0.083333","2","2+1","2","3","0","false"
"4x4","uct-1000-self-play","71","3","0.125000","1","2+1","2","1","2","true"
"4x4","uct-1000-self-play","71","4","0.166667","2","1+1+1","3","2","1","true"
"4x4","uct-1000-self-play","71","5","0.208333","1","1+1+1","3","2","1","true"
"4x4","uct-1000-self-play","71","6","0.250000","2","2+1","2","1","2","true"
"4x4","uct-1000-self-play","71","7","0.291667","1","1+1+1","3","1","2","true"
"4x4","uct-1000-self-play","71","8","0.333333","2","2+1","2","2","1","true"
"4x4","uct-1000-self-play","71","9","0.375000","1","1+1+1","3","2","1","true"
"4x4","uct-1000-self-play","71","10","0.416667","2","3","1","1","2","true"
"4x4","uct-1000-self-play","71","11","0.458333","1","1+1+1","3","1","2","true"
"4x4","uct-1000-self-play","71","12","0.500000","2","2+1","2","1","2","true"
"4x4","uct-1000-self-play","71","13","0.541667","1","1+1+1","3","1","2","true"
"4x4","uct-1000-self-play","71","14","0.583333","2","2+1","2","1","2","true"
"4x4","uct-1000-self-play","71","15","0.625000","1","1+1+1","3","1","2","true"
"4x4","uct-1000-self-play","71","16","0.666667","2","2+1","2","0","3","false"
"4x4","uct-1000-self-play","71","17","0.708333","1","2+1","2","1","2","true"
"4x4","uct-1000-self-play","71","18","0.750000","2","2+1","2","0","3","false"
"4x4","uct-1000-self-play","71","19","0.791667","1","1+1+1","3","1","2","true"
"4x4","uct-1000-self-play","71","20","0.833333","2","2+1","2","2","1","true"
"4x4","uct-1000-self-play","71","21","0.875000","1","2+1","2","3","0","false"
"4x4","uct-1000-self-play","71","22","0.916667","2","2+1","2","3","0","false"
"4x4","uct-1000-self-play","71","23","0.958333","1","2+1","2","2","1","true"
"4x4","uct-1000-self-play","71","24","1.000000","2","1+1+1","3","3","0","false"
"4x4","uct-1000-self-play","72","1","0.041667","1","2+1","2","3","0","false"
"4x4","uct-1000-self-play","72","2","0.083333","2","1+1+1","3","3","0","false"
"4x4","uct-1000-self-play","72","3","0.125000","1","1+1+1","3","2","1","true"
"4x4","uct-1000-self-play","72","4","0.166667","2","1+1+1","3","2","1","true"
"4x4","uct-1000-self-play","72","5","0.208333","1","2+1","2","1","2","true"
"4x4","uct-1000-self-play","72","6","0.250000","2","1+1+1","3","1","2","true"
"4x4","uct-1000-self-play","72","7","0.291667","1","1+1+1","3","1","2","true"
"4x4","uct-1000-self-play","72","8","0.333333","2","2+1","2","0","3","false"
"4x4","uct-1000-self-play","72","9","0.375000","1","2+1","2","1","2","true"
"4x4","uct-1000-self-play","72","10","0.416667","2","1+1+1","3","1","2","true"
"4x4","uct-1000-self-play","72","11","0.458333","1","2+1","2","2","1","true"
"4x4","uct-1000-self-play","72","12","0.500000","2","2+1","2","2","1","true"
"4x4","uct-1000-self-play","72","13","0.541667","1","2+1","2","1","2","true"
"4x4","uct-1000-self-play","72","14","0.583333","2","2+1","2","0","3","false"
"4x4","uct-1000-self-play","72","15","0.625000","1","2+1","2","0","3","false"
"4x4","uct-1000-self-play","72","16","0.666667","2","1+1+1","3","2","1","true"
"4x4","uct-1000-self-play","72","17","0.708333","1","1+1+1","3","1","2","true"
"4x4","uct-1000-self-play","72","18","0.750000","2","1+1+1","3","0","3","false"
"4x4","uct-1000-self-play","72","19","0.791667","1","2+1","2","0","3","false"
"4x4","uct-1000-self-play","72","20","0.833333","2","1+1+1","3","1","2","true"
"4x4","uct-1000-self-play","72","21","0.875000","1","1+1+1","3","2","1","true"
"4x4","uct-1000-self-play","72","22","0.916667","2","1+1+1","3","0","3","false"
"4x4","uct-1000-self-play","72","23","0.958333","1","2+1","2","1","2","true"
"4x4","uct-1000-self-play","72","24","1.000000","2","2+1","2","0","3","false"
"4x4","uct-1000-self-play","73","1","0.041667","1","1+1+1","3","3","0","false"
"4x4","uct-1000-self-play","73","2","0.083333","2","2+1","2","3","0","false"
"4x4","uct-1000-self-play","73","3","0.125000","1","1+1+1","3","2","1","true"
"4x4","uct-1000-self-play","73","4","0.166667","2","1+1+1","3","2","1","true"
"4x4","uct-1000-self-play","73","5","0.208333","1","1+1+1","3","2","1","true"
"4x4","uct-1000-self-play","73","6","0.250000","2","1+1+1","3","3","0","false"
"4x4","uct-1000-self-play","73","7","0.291667","1","2+1","2","2","1","true"
"4x4","uct-1000-self-play","73","8","0.333333","2","1+1+1","3","1","2","true"
"4x4","uct-1000-self-play","73","9","0.375000","1","1+1+1","3","1","2","true"
"4x4","uct-1000-self-play","73","10","0.416667","2","2+1","2","2","1","true"
"4x4","uct-1000-self-play","73","11","0.458333","1","3","1","0","3","false"
"4x4","uct-1000-self-play","73","12","0.500000","2","2+1","2","0","3","false"
"4x4","uct-1000-self-play","73","13","0.541667","1","1+1+1","3","1","2","true"
"4x4","uct-1000-self-play","73","14","0.583333","2","2+1","2","0","3","false"
"4x4","uct-1000-self-play","73","15","0.625000","1","2+1","2","1","2","true"
"4x4","uct-1000-self-play","73","16","0.666667","2","2+1","2","1","2","true"
"4x4","uct-1000-self-play","73","17","0.708333","1","1+1+1","3","1","2","true"
"4x4","uct-1000-self-play","73","18","0.750000","2","1+1+1","3","1","2","true"
"4x4","uct-1000-self-play","73","19","0.791667","1","2+1","2","0","3","false"
"4x4","uct-1000-self-play","73","20","0.833333","2","2+1","2","1","2","true"
"4x4","uct-1000-self-play","73","21","0.875000","1","2+1","2","3","0","false"
"4x4","uct-1000-self-play","73","22","0.916667","2","2+1","2","3","0","false"
"4x4","uct-1000-self-play","73","23","0.958333","1","1+1+1","3","3","0","false"
"4x4","uct-1000-self-play","73","24","1.000000","2","1+1+1","3","2","1","true"
"4x4","uct-1000-self-play","74","1","0.041667","1","2+1","2","3","0","false"
"4x4","uct-1000-self-play","74","2","0.083333","2","2+1","2","3","0","false"
"4x4","uct-1000-self-play","74","3","0.125000","1","1+1+1","3","2","1","true"
"4x4","uct-1000-self-play","74","4","0.166667","2","1+1+1","3","1","2","true"
"4x4","uct-1000-self-play","74","5","0.208333","1","1+1+1","3","1","2","true"
"4x4","uct-1000-self-play","74","6","0.250000","2","2+1","2","2","1","true"
"4x4","uct-1000-self-play","74","7","0.291667","1","1+1+1","3","2","1","true"
"4x4","uct-1000-self-play","74","8","0.333333","2","2+1","2","3","0","false"
"4x4","uct-1000-self-play","74","9","0.375000","1","2+1","2","0","3","false"
"4x4","uct-1000-self-play","74","10","0.416667","2","1+1+1","3","1","2","true"
"4x4","uct-1000-self-play","74","11","0.458333","1","1+1+1","3","1","2","true"
"4x4","uct-1000-self-play","74","12","0.500000","2","1+1+1","3","2","1","true"
"4x4","uct-1000-self-play","74","13","0.541667","1","2+1","2","0","3","false"
"4x4","uct-1000-self-play","74","14","0.583333","2","2+1","2","1","2","true"
"4x4","uct-1000-self-play","74","15","0.625000","1","2+1","2","2","1","true"
"4x4","uct-1000-self-play","74","16","0.666667","2","1+1+1","3","0","3","false"
"4x4","uct-1000-self-play","74","17","0.708333","1","2+1","2","1","2","true"
"4x4","uct-1000-self-play","74","18","0.750000","2","2+1","2","2","1","true"
"4x4","uct-1000-self-play","74","19","0.791667","1","1+1+1","3","2","1","true"
"4x4","uct-1000-self-play","74","20","0.833333","2","2+1","2","0","3","false"
"4x4","uct-1000-self-play","74","21","0.875000","1","2+1","2","1","2","true"
"4x4","uct-1000-self-play","74","22","0.916667","2","1+1+1","3","0","3","false"
"4x4","uct-1000-self-play","74","23","0.958333","1","2+1","2","1","2","true"
"4x4","uct-1000-self-play","74","24","1.000000","2","1+1+1","3","3","0","false"
"4x4","uct-1000-self-play","75","1","0.041667","1","1+1+1","3","3","0","false"
"4x4","uct-1000-self-play","75","2","0.083333","2","2+1","2","3","0","false"
"4x4","uct-1000-self-play","75","3","0.125000","1","2+1","2","1","2","true"
"4x4","uct-1000-self-play","75","4","0.166667","2","2+1","2","2","1","true"
"4x4","uct-1000-self-play","75","5","0.208333","1","1+1+1","3","3","0","false"
"4x4","uct-1000-self-play","75","6","0.250000","2","2+1","2","1","2","true"
"4x4","uct-1000-self-play","75","7","0.291667","1","2+1","2","1","2","true"
"4x4","uct-1000-self-play","75","8","0.333333","2","1+1+1","3","1","2","true"
"4x4","uct-1000-self-play","75","9","0.375000","1","2+1","2","0","3","false"
"4x4","uct-1000-self-play","75","10","0.416667","2","2+1","2","0","3","false"
"4x4","uct-1000-self-play","75","11","0.458333","1","2+1","2","1","2","true"
"4x4","uct-1000-self-play","75","12","0.500000","2","1+1+1","3","1","2","true"
"4x4","uct-1000-self-play","75","13","0.541667","1","1+1+1","3","2","1","true"
"4x4","uct-1000-self-play","75","14","0.583333","2","2+1","2","1","2","true"
"4x4","uct-1000-self-play","75","15","0.625000","1","1+1+1","3","2","1","true"
"4x4","uct-1000-self-play","75","16","0.666667","2","1+1+1","3","1","2","true"
"4x4","uct-1000-self-play","75","17","0.708333","1","2+1","2","0","3","false"
"4x4","uct-1000-self-play","75","18","0.750000","2","1+1+1","3","1","2","true"
"4x4","uct-1000-self-play","75","19","0.791667","1","1+1+1","3","0","3","false"
"4x4","uct-1000-self-play","75","20","0.833333","2","1+1+1","3","0","3","false"
"4x4","uct-1000-self-play","75","21","0.875000","1","2+1","2","2","1","true"
"4x4","uct-1000-self-play","75","22","0.916667","2","2+1","2","1","2","true"
"4x4","uct-1000-self-play","75","23","0.958333","1","2+1","2","1","2","true"
"4x4","uct-1000-self-play","75","24","1.000000","2","1+1+1","3","3","0","false"
"4x4","uct-1000-self-play","76","1","0.041667","1","1+1+1","3","3","0","false"
"4x4","uct-1000-self-play","76","2","0.083333","2","1+1+1","3","3","0","false"
"4x4","uct-1000-self-play","76","3","0.125000","1","1+1+1","3","3","0","false"
"4x4","uct-1000-self-play","76","4","0.166667","2","1+1+1","3","2","1","true"
"4x4","uct-1000-self-play","76","5","0.208333","1","1+1+1","3","2","1","true"
"4x4","uct-1000-self-play","76","6","0.250000","2","1+1+1","3","2","1","true"
"4x4","uct-1000-self-play","76","7","0.291667","1","2+1","2","1","2","true"
"4x4","uct-1000-self-play","76","8","0.333333","2","2+1","2","1","2","true"
"4x4","uct-1000-self-play","76","9","0.375000","1","1+1+1","3","1","2","true"
"4x4","uct-1000-self-play","76","10","0.416667","2","1+1+1","3","1","2","true"
"4x4","uct-1000-self-play","76","11","0.458333","1","1+1+1","3","1","2","true"
"4x4","uct-1000-self-play","76","12","0.500000","2","1+1+1","3","1","2","true"
"4x4","uct-1000-self-play","76","13","0.541667","1","2+1","2","1","2","true"
"4x4","uct-1000-self-play","76","14","0.583333","2","2+1","2","1","2","true"
"4x4","uct-1000-self-play","76","15","0.625000","1","2+1","2","1","2","true"
"4x4","uct-1000-self-play","76","16","0.666667","2","2+1","2","3","0","false"
"4x4","uct-1000-self-play","76","17","0.708333","1","2+1","2","1","2","true"
"4x4","uct-1000-self-play","76","18","0.750000","2","2+1","2","0","3","false"
"4x4","uct-1000-self-play","76","19","0.791667","1","1+1+1","3","1","2","true"
"4x4","uct-1000-self-play","76","20","0.833333","2","2+1","2","1","2","true"
"4x4","uct-1000-self-play","76","21","0.875000","1","1+1+1","3","2","1","true"
"4x4","uct-1000-self-play","76","22","0.916667","2","2+1","2","3","0","false"
"4x4","uct-1000-self-play","76","23","0.958333","1","1+1+1","3","0","3","false"
"4x4","uct-1000-self-play","76","24","1.000000","2","1+1+1","3","2","1","true"
"4x4","uct-1000-self-play","77","1","0.041667","1","1+1+1","3","3","0","false"
"4x4","uct-1000-self-play","77","2","0.083333","2","1+1+1","3","3","0","false"
"4x4","uct-1000-self-play","77","3","0.125000","1","2+1","2","2","1","true"
"4x4","uct-1000-self-play","77","4","0.166667","2","2+1","2","2","1","true"
"4x4","uct-1000-self-play","77","5","0.208333","1","2+1","2","1","2","true"
"4x4","uct-1000-self-play","77","6","0.250000","2","1+1+1","3","1","2","true"
"4x4","uct-1000-self-play","77","7","0.291667","1","2+1","2","0","3","false"
"4x4","uct-1000-self-play","77","8","0.333333","2","2+1","2","0","3","false"
"4x4","uct-1000-self-play","77","9","0.375000","1","2+1","2","1","2","true"
"4x4","uct-1000-self-play","77","10","0.416667","2","2+1","2","1","2","true"
"4x4","uct-1000-self-play","77","11","0.458333","1","1+1+1","3","1","2","true"
"4x4","uct-1000-self-play","77","12","0.500000","2","1+1+1","3","0","3","false"
"4x4","uct-1000-self-play","77","13","0.541667","1","1+1+1","3","1","2","true"
"4x4","uct-1000-self-play","77","14","0.583333","2","1+1+1","3","0","3","false"
"4x4","uct-1000-self-play","77","15","0.625000","1","2+1","2","1","2","true"
"4x4","uct-1000-self-play","77","16","0.666667","2","1+1+1","3","2","1","true"
"4x4","uct-1000-self-play","77","17","0.708333","1","1+1+1","3","1","2","true"
"4x4","uct-1000-self-play","77","18","0.750000","2","1+1+1","3","2","1","true"
"4x4","uct-1000-self-play","77","19","0.791667","1","1+1+1","3","1","2","true"
"4x4","uct-1000-self-play","77","20","0.833333","2","2+1","2","1","2","true"
"4x4","uct-1000-self-play","77","21","0.875000","1","2+1","2","2","1","true"
"4x4","uct-1000-self-play","77","22","0.916667","2","1+1+1","3","1","2","true"
"4x4","uct-1000-self-play","77","23","0.958333","1","1+1+1","3","2","1","true"
"4x4","uct-1000-self-play","77","24","1.000000","2","1+1+1","3","2","1","true"
"4x4","uct-1000-self-play","78","1","0.041667","1","1+1+1","3","3","0","false"
"4x4","uct-1000-self-play","78","2","0.083333","2","1+1+1","3","3","0","false"
"4x4","uct-1000-self-play","78","3","0.125000","1","2+1","2","1","2","true"
"4x4","uct-1000-self-play","78","4","0.166667","2","2+1","2","2","1","true"
"4x4","uct-1000-self-play","78","5","0.208333","1","1+1+1","3","2","1","true"
"4x4","uct-1000-self-play","78","6","0.250000","2","2+1","2","2","1","true"
"4x4","uct-1000-self-play","78","7","0.291667","1","2+1","2","3","0","false"
"4x4","uct-1000-self-play","78","8","0.333333","2","2+1","2","2","1","true"
"4x4","uct-1000-self-play","78","9","0.375000","1","3","1","0","3","false"
"4x4","uct-1000-self-play","78","10","0.416667","2","1+1+1","3","1","2","true"
"4x4","uct-1000-self-play","78","11","0.458333","1","3","1","1","2","true"
"4x4","uct-1000-self-play","78","12","0.500000","2","2+1","2","1","2","true"
"4x4","uct-1000-self-play","78","13","0.541667","1","1+1+1","3","1","2","true"
"4x4","uct-1000-self-play","78","14","0.583333","2","2+1","2","0","3","false"
"4x4","uct-1000-self-play","78","15","0.625000","1","1+1+1","3","1","2","true"
"4x4","uct-1000-self-play","78","16","0.666667","2","2+1","2","1","2","true"
"4x4","uct-1000-self-play","78","17","0.708333","1","2+1","2","0","3","false"
"4x4","uct-1000-self-play","78","18","0.750000","2","2+1","2","1","2","true"
"4x4","uct-1000-self-play","78","19","0.791667","1","1+1+1","3","1","2","true"
"4x4","uct-1000-self-play","78","20","0.833333","2","1+1+1","3","1","2","true"
"4x4","uct-1000-self-play","78","21","0.875000","1","1+1+1","3","2","1","true"
"4x4","uct-1000-self-play","78","22","0.916667","2","2+1","2","1","2","true"
"4x4","uct-1000-self-play","78","23","0.958333","1","1+1+1","3","3","0","false"
"4x4","uct-1000-self-play","78","24","1.000000","2","1+1+1","3","3","0","false"
"4x4","uct-1000-self-play","79","1","0.041667","1","2+1","2","3","0","false"
"4x4","uct-1000-self-play","79","2","0.083333","2","1+1+1","3","3","0","false"
"4x4","uct-1000-self-play","79","3","0.125000","1","1+1+1","3","2","1","true"
"4x4","uct-1000-self-play","79","4","0.166667","2","2+1","2","1","2","true"
"4x4","uct-1000-self-play","79","5","0.208333","1","1+1+1","3","2","1","true"
"4x4","uct-1000-self-play","79","6","0.250000","2","2+1","2","3","0","false"
"4x4","uct-1000-self-play","79","7","0.291667","1","1+1+1","3","2","1","true"
"4x4","uct-1000-self-play","79","8","0.333333","2","2+1","2","2","1","true"
"4x4","uct-1000-self-play","79","9","0.375000","1","1+1+1","3","0","3","false"
"4x4","uct-1000-self-play","79","10","0.416667","2","1+1+1","3","1","2","true"
"4x4","uct-1000-self-play","79","11","0.458333","1","1+1+1","3","3","0","false"
"4x4","uct-1000-self-play","79","12","0.500000","2","1+1+1","3","0","3","false"
"4x4","uct-1000-self-play","79","13","0.541667","1","2+1","2","0","3","false"
"4x4","uct-1000-self-play","79","14","0.583333","2","1+1+1","3","2","1","true"
"4x4","uct-1000-self-play","79","15","0.625000","1","1+1+1","3","1","2","true"
"4x4","uct-1000-self-play","79","16","0.666667","2","2+1","2","0","3","false"
"4x4","uct-1000-self-play","79","17","0.708333","1","2+1","2","0","3","false"
"4x4","uct-1000-self-play","79","18","0.750000","2","1+1+1","3","0","3","false"
"4x4","uct-1000-self-play","79","19","0.791667","1","1+1+1","3","0","3","false"
"4x4","uct-1000-self-play","79","20","0.833333","2","2+1","2","0","3","false"
"4x4","uct-1000-self-play","79","21","0.875000","1","2+1","2","1","2","true"
"4x4","uct-1000-self-play","79","22","0.916667","2","1+1+1","3","1","2","true"
"4x4","uct-1000-self-play","79","23","0.958333","1","2+1","2","0","3","false"
"4x4","uct-1000-self-play","79","24","1.000000","2","1+1+1","3","3","0","false"
"4x4","uct-1000-self-play","80","1","0.041667","1","2+1","2","3","0","false"
"4x4","uct-1000-self-play","80","2","0.083333","2","1+1+1","3","3","0","false"
"4x4","uct-1000-self-play","80","3","0.125000","1","3","1","1","2","true"
"4x4","uct-1000-self-play","80","4","0.166667","2","2+1","2","1","2","true"
"4x4","uct-1000-self-play","80","5","0.208333","1","1+1+1","3","2","1","true"
"4x4","uct-1000-self-play","80","6","0.250000","2","1+1+1","3","2","1","true"
"4x4","uct-1000-self-play","80","7","0.291667","1","2+1","2","1","2","true"
"4x4","uct-1000-self-play","80","8","0.333333","2","2+1","2","1","2","true"
"4x4","uct-1000-self-play","80","9","0.375000","1","1+1+1","3","1","2","true"
"4x4","uct-1000-self-play","80","10","0.416667","2","2+1","2","0","3","false"
"4x4","uct-1000-self-play","80","11","0.458333","1","2+1","2","0","3","false"
"4x4","uct-1000-self-play","80","12","0.500000","2","1+1+1","3","1","2","true"
"4x4","uct-1000-self-play","80","13","0.541667","1","1+1+1","3","2","1","true"
"4x4","uct-1000-self-play","80","14","0.583333","2","2+1","2","0","3","false"
"4x4","uct-1000-self-play","80","15","0.625000","1","1+1+1","3","0","3","false"
"4x4","uct-1000-self-play","80","16","0.666667","2","1+1+1","3","0","3","false"
"4x4","uct-1000-self-play","80","17","0.708333","1","2+1","2","1","2","true"
"4x4","uct-1000-self-play","80","18","0.750000","2","2+1","2","1","2","true"
"4x4","uct-1000-self-play","80","19","0.791667","1","3","1","3","0","false"
"4x4","uct-1000-self-play","80","20","0.833333","2","2+1","2","0","3","false"
"4x4","uct-1000-self-play","80","21","0.875000","1","2+1","2","0","3","false"
"4x4","uct-1000-self-play","80","22","0.916667","2","1+1+1","3","1","2","true"
"4x4","uct-1000-self-play","80","23","0.958333","1","1+1+1","3","2","1","true"
"4x4","uct-1000-self-play","80","24","1.000000","2","1+1+1","3","2","1","true"
"4x4","uct-1000-self-play","81","1","0.041667","1","1+1+1","3","3","0","false"
"4x4","uct-1000-self-play","81","2","0.083333","2","1+1+1","3","3","0","false"
"4x4","uct-1000-self-play","81","3","0.125000","1","1+1+1","3","2","1","true"
"4x4","uct-1000-self-play","81","4","0.166667","2","2+1","2","3","0","false"
"4x4","uct-1000-self-play","81","5","0.208333","1","1+1+1","3","1","2","true"
"4x4","uct-1000-self-play","81","6","0.250000","2","1+1+1","3","1","2","true"
"4x4","uct-1000-self-play","81","7","0.291667","1","2+1","2","1","2","true"
"4x4","uct-1000-self-play","81","8","0.333333","2","2+1","2","1","2","true"
"4x4","uct-1000-self-play","81","9","0.375000","1","1+1+1","3","2","1","true"
"4x4","uct-1000-self-play","81","10","0.416667","2","1+1+1","3","1","2","true"
"4x4","uct-1000-self-play","81","11","0.458333","1","1+1+1","3","1","2","true"
"4x4","uct-1000-self-play","81","12","0.500000","2","1+1+1","3","2","1","true"
"4x4","uct-1000-self-play","81","13","0.541667","1","1+1+1","3","2","1","true"
"4x4","uct-1000-self-play","81","14","0.583333","2","2+1","2","1","2","true"
"4x4","uct-1000-self-play","81","15","0.625000","1","1+1+1","3","2","1","true"
"4x4","uct-1000-self-play","81","16","0.666667","2","2+1","2","0","3","false"
"4x4","uct-1000-self-play","81","17","0.708333","1","2+1","2","1","2","true"
"4x4","uct-1000-self-play","81","18","0.750000","2","1+1+1","3","1","2","true"
"4x4","uct-1000-self-play","81","19","0.791667","1","1+1+1","3","1","2","true"
"4x4","uct-1000-self-play","81","20","0.833333","2","1+1+1","3","1","2","true"
"4x4","uct-1000-self-play","81","21","0.875000","1","1+1+1","3","2","1","true"
"4x4","uct-1000-self-play","81","22","0.916667","2","2+1","2","2","1","true"
"4x4","uct-1000-self-play","81","23","0.958333","1","1+1+1","3","0","3","false"
"4x4","uct-1000-self-play","81","24","1.000000","2","1+1+1","3","2","1","true"
"4x4","uct-1000-self-play","82","1","0.041667","1","1+1+1","3","3","0","false"
"4x4","uct-1000-self-play","82","2","0.083333","2","1+1+1","3","3","0","false"
"4x4","uct-1000-self-play","82","3","0.125000","1","1+1+1","3","2","1","true"
"4x4","uct-1000-self-play","82","4","0.166667","2","1+1+1","3","2","1","true"
"4x4","uct-1000-self-play","82","5","0.208333","1","2+1","2","1","2","true"
"4x4","uct-1000-self-play","82","6","0.250000","2","2+1","2","0","3","false"
"4x4","uct-1000-self-play","82","7","0.291667","1","1+1+1","3","1","2","true"
"4x4","uct-1000-self-play","82","8","0.333333","2","1+1+1","3","2","1","true"
"4x4","uct-1000-self-play","82","9","0.375000","1","1+1+1","3","1","2","true"
"4x4","uct-1000-self-play","82","10","0.416667","2","1+1+1","3","1","2","true"
"4x4","uct-1000-self-play","82","11","0.458333","1","1+1+1","3","3","0","false"
"4x4","uct-1000-self-play","82","12","0.500000","2","2+1","2","2","1","true"
"4x4","uct-1000-self-play","82","13","0.541667","1","2+1","2","2","1","true"
"4x4","uct-1000-self-play","82","14","0.583333","2","2+1","2","1","2","true"
"4x4","uct-1000-self-play","82","15","0.625000","1","2+1","2","1","2","true"
"4x4","uct-1000-self-play","82","16","0.666667","2","1+1+1","3","2","1","true"
"4x4","uct-1000-self-play","82","17","0.708333","1","1+1+1","3","2","1","true"
"4x4","uct-1000-self-play","82","18","0.750000","2","1+1+1","3","1","2","true"
"4x4","uct-1000-self-play","82","19","0.791667","1","3","1","1","2","true"
"4x4","uct-1000-self-play","82","20","0.833333","2","1+1+1","3","2","1","true"
"4x4","uct-1000-self-play","82","21","0.875000","1","1+1+1","3","2","1","true"
"4x4","uct-1000-self-play","82","22","0.916667","2","2+1","2","1","2","true"
"4x4","uct-1000-self-play","82","23","0.958333","1","2+1","2","1","2","true"
"4x4","uct-1000-self-play","82","24","1.000000","2","1+1+1","3","2","1","true"
"4x4","uct-1000-self-play","83","1","0.041667","1","2+1","2","3","0","false"
"4x4","uct-1000-self-play","83","2","0.083333","2","2+1","2","3","0","false"
"4x4","uct-1000-self-play","83","3","0.125000","1","2+1","2","1","2","true"
"4x4","uct-1000-self-play","83","4","0.166667","2","2+1","2","2","1","true"
"4x4","uct-1000-self-play","83","5","0.208333","1","2+1","2","1","2","true"
"4x4","uct-1000-self-play","83","6","0.250000","2","2+1","2","2","1","true"
"4x4","uct-1000-self-play","83","7","0.291667","1","1+1+1","3","2","1","true"
"4x4","uct-1000-self-play","83","8","0.333333","2","1+1+1","3","1","2","true"
"4x4","uct-1000-self-play","83","9","0.375000","1","1+1+1","3","2","1","true"
"4x4","uct-1000-self-play","83","10","0.416667","2","1+1+1","3","1","2","true"
"4x4","uct-1000-self-play","83","11","0.458333","1","1+1+1","3","2","1","true"
"4x4","uct-1000-self-play","83","12","0.500000","2","2+1","2","0","3","false"
"4x4","uct-1000-self-play","83","13","0.541667","1","2+1","2","1","2","true"
"4x4","uct-1000-self-play","83","14","0.583333","2","1+1+1","3","0","3","false"
"4x4","uct-1000-self-play","83","15","0.625000","1","1+1+1","3","1","2","true"
"4x4","uct-1000-self-play","83","16","0.666667","2","1+1+1","3","3","0","false"
"4x4","uct-1000-self-play","83","17","0.708333","1","2+1","2","0","3","false"
"4x4","uct-1000-self-play","83","18","0.750000","2","2+1","2","3","0","false"
"4x4","uct-1000-self-play","83","19","0.791667","1","1+1+1","3","1","2","true"
"4x4","uct-1000-self-play","83","20","0.833333","2","2+1","2","0","3","false"
"4x4","uct-1000-self-play","83","21","0.875000","1","1+1+1","3","2","1","true"
"4x4","uct-1000-self-play","83","22","0.916667","2","2+1","2","1","2","true"
"4x4","uct-1000-self-play","83","23","0.958333","1","1+1+1","3","2","1","true"
"4x4","uct-1000-self-play","83","24","1.000000","2","1+1+1","3","1","2","true"
"4x4","uct-1000-self-play","84","1","0.041667","1","1+1+1","3","3","0","false"
"4x4","uct-1000-self-play","84","2","0.083333","2","1+1+1","3","3","0","false"
"4x4","uct-1000-self-play","84","3","0.125000","1","2+1","2","2","1","true"
"4x4","uct-1000-self-play","84","4","0.166667","2","2+1","2","3","0","false"
"4x4","uct-1000-self-play","84","5","0.208333","1","2+1","2","1","2","true"
"4x4","uct-1000-self-play","84","6","0.250000","2","2+1","2","2","1","true"
"4x4","uct-1000-self-play","84","7","0.291667","1","1+1+1","3","2","1","true"
"4x4","uct-1000-self-play","84","8","0.333333","2","3","1","0","3","false"
"4x4","uct-1000-self-play","84","9","0.375000","1","2+1","2","1","2","true"
"4x4","uct-1000-self-play","84","10","0.416667","2","2+1","2","0","3","false"
"4x4","uct-1000-self-play","84","11","0.458333","1","1+1+1","3","0","3","false"
"4x4","uct-1000-self-play","84","12","0.500000","2","2+1","2","0","3","false"
"4x4","uct-1000-self-play","84","13","0.541667","1","1+1+1","3","0","3","false"
"4x4","uct-1000-self-play","84","14","0.583333","2","1+1+1","3","1","2","true"
"4x4","uct-1000-self-play","84","15","0.625000","1","1+1+1","3","0","3","false"
"4x4","uct-1000-self-play","84","16","0.666667","2","3","1","0","3","false"
"4x4","uct-1000-self-play","84","17","0.708333","1","2+1","2","1","2","true"
"4x4","uct-1000-self-play","84","18","0.750000","2","2+1","2","0","3","false"
"4x4","uct-1000-self-play","84","19","0.791667","1","2+1","2","1","2","true"
"4x4","uct-1000-self-play","84","20","0.833333","2","1+1+1","3","1","2","true"
"4x4","uct-1000-self-play","84","21","0.875000","1","2+1","2","1","2","true"
"4x4","uct-1000-self-play","84","22","0.916667","2","2+1","2","2","1","true"
"4x4","uct-1000-self-play","84","23","0.958333","1","1+1+1","3","2","1","true"
"4x4","uct-1000-self-play","84","24","1.000000","2","2+1","2","2","1","true"
"4x4","uct-1000-self-play","85","1","0.041667","1","1+1+1","3","3","0","false"
"4x4","uct-1000-self-play","85","2","0.083333","2","2+1","2","3","0","false"
"4x4","uct-1000-self-play","85","3","0.125000","1","1+1+1","3","1","2","true"
"4x4","uct-1000-self-play","85","4","0.166667","2","2+1","2","2","1","true"
"4x4","uct-1000-self-play","85","5","0.208333","1","2+1","2","3","0","false"
"4x4","uct-1000-self-play","85","6","0.250000","2","1+1+1","3","0","3","false"
"4x4","uct-1000-self-play","85","7","0.291667","1","2+1","2","1","2","true"
"4x4","uct-1000-self-play","85","8","0.333333","2","1+1+1","3","2","1","true"
"4x4","uct-1000-self-play","85","9","0.375000","1","2+1","2","1","2","true"
"4x4","uct-1000-self-play","85","10","0.416667","2","2+1","2","1","2","true"
"4x4","uct-1000-self-play","85","11","0.458333","1","2+1","2","1","2","true"
"4x4","uct-1000-self-play","85","12","0.500000","2","1+1+1","3","1","2","true"
"4x4","uct-1000-self-play","85","13","0.541667","1","2+1","2","1","2","true"
"4x4","uct-1000-self-play","85","14","0.583333","2","1+1+1","3","1","2","true"
"4x4","uct-1000-self-play","85","15","0.625000","1","2+1","2","0","3","false"
"4x4","uct-1000-self-play","85","16","0.666667","2","1+1+1","3","1","2","true"
"4x4","uct-1000-self-play","85","17","0.708333","1","2+1","2","0","3","false"
"4x4","uct-1000-self-play","85","18","0.750000","2","1+1+1","3","0","3","false"
"4x4","uct-1000-self-play","85","19","0.791667","1","1+1+1","3","2","1","true"
"4x4","uct-1000-self-play","85","20","0.833333","2","1+1+1","3","1","2","true"
"4x4","uct-1000-self-play","85","21","0.875000","1","1+1+1","3","1","2","true"
"4x4","uct-1000-self-play","85","22","0.916667","2","1+1+1","3","1","2","true"
"4x4","uct-1000-self-play","85","23","0.958333","1","2+1","2","1","2","true"
"4x4","uct-1000-self-play","85","24","1.000000","2","1+1+1","3","3","0","false"
"4x4","uct-1000-self-play","86","1","0.041667","1","2+1","2","3","0","false"
"4x4","uct-1000-self-play","86","2","0.083333","2","1+1+1","3","3","0","false"
"4x4","uct-1000-self-play","86","3","0.125000","1","2+1","2","0","3","false"
"4x4","uct-1000-self-play","86","4","0.166667","2","1+1+1","3","2","1","true"
"4x4","uct-1000-self-play","86","5","0.208333","1","2+1","2","2","1","true"
"4x4","uct-1000-self-play","86","6","0.250000","2","1+1+1","3","2","1","true"
"4x4","uct-1000-self-play","86","7","0.291667","1","1+1+1","3","3","0","false"
"4x4","uct-1000-self-play","86","8","0.333333","2","1+1+1","3","0","3","false"
"4x4","uct-1000-self-play","86","9","0.375000","1","3","1","0","3","false"
"4x4","uct-1000-self-play","86","10","0.416667","2","2+1","2","0","3","false"
"4x4","uct-1000-self-play","86","11","0.458333","1","2+1","2","1","2","true"
"4x4","uct-1000-self-play","86","12","0.500000","2","2+1","2","0","3","false"
"4x4","uct-1000-self-play","86","13","0.541667","1","2+1","2","0","3","false"
"4x4","uct-1000-self-play","86","14","0.583333","2","1+1+1","3","3","0","false"
"4x4","uct-1000-self-play","86","15","0.625000","1","2+1","2","0","3","false"
"4x4","uct-1000-self-play","86","16","0.666667","2","1+1+1","3","1","2","true"
"4x4","uct-1000-self-play","86","17","0.708333","1","3","1","1","2","true"
"4x4","uct-1000-self-play","86","18","0.750000","2","2+1","2","0","3","false"
"4x4","uct-1000-self-play","86","19","0.791667","1","1+1+1","3","2","1","true"
"4x4","uct-1000-self-play","86","20","0.833333","2","1+1+1","3","2","1","true"
"4x4","uct-1000-self-play","86","21","0.875000","1","1+1+1","3","3","0","false"
"4x4","uct-1000-self-play","86","22","0.916667","2","2+1","2","2","1","true"
"4x4","uct-1000-self-play","86","23","0.958333","1","1+1+1","3","1","2","true"
"4x4","uct-1000-self-play","86","24","1.000000","2","1+1+1","3","1","2","true"
"4x4","uct-1000-self-play","87","1","0.041667","1","1+1+1","3","3","0","false"
"4x4","uct-1000-self-play","87","2","0.083333","2","1+1+1","3","3","0","false"
"4x4","uct-1000-self-play","87","3","0.125000","1","2+1","2","2","1","true"
"4x4","uct-1000-self-play","87","4","0.166667","2","1+1+1","3","1","2","true"
"4x4","uct-1000-self-play","87","5","0.208333","1","1+1+1","3","0","3","false"
"4x4","uct-1000-self-play","87","6","0.250000","2","1+1+1","3","1","2","true"
"4x4","uct-1000-self-play","87","7","0.291667","1","2+1","2","1","2","true"
"4x4","uct-1000-self-play","87","8","0.333333","2","1+1+1","3","1","2","true"
"4x4","uct-1000-self-play","87","9","0.375000","1","1+1+1","3","1","2","true"
"4x4","uct-1000-self-play","87","10","0.416667","2","1+1+1","3","1","2","true"
"4x4","uct-1000-self-play","87","11","0.458333","1","1+1+1","3","1","2","true"
"4x4","uct-1000-self-play","87","12","0.500000","2","2+1","2","0","3","false"
"4x4","uct-1000-self-play","87","13","0.541667","1","1+1+1","3","2","1","true"
"4x4","uct-1000-self-play","87","14","0.583333","2","1+1+1","3","1","2","true"
"4x4","uct-1000-self-play","87","15","0.625000","1","2+1","2","0","3","false"
"4x4","uct-1000-self-play","87","16","0.666667","2","2+1","2","1","2","true"
"4x4","uct-1000-self-play","87","17","0.708333","1","1+1+1","3","0","3","false"
"4x4","uct-1000-self-play","87","18","0.750000","2","1+1+1","3","3","0","false"
"4x4","uct-1000-self-play","87","19","0.791667","1","2+1","2","3","0","false"
"4x4","uct-1000-self-play","87","20","0.833333","2","1+1+1","3","3","0","false"
"4x4","uct-1000-self-play","87","21","0.875000","1","1+1+1","3","1","2","true"
"4x4","uct-1000-self-play","87","22","0.916667","2","2+1","2","1","2","true"
"4x4","uct-1000-self-play","87","23","0.958333","1","1+1+1","3","3","0","false"
"4x4","uct-1000-self-play","87","24","1.000000","2","1+1+1","3","2","1","true"
"4x4","uct-1000-self-play","88","1","0.041667","1","1+1+1","3","3","0","false"
"4x4","uct-1000-self-play","88","2","0.083333","2","1+1+1","3","3","0","false"
"4x4","uct-1000-self-play","88","3","0.125000","1","2+1","2","1","2","true"
"4x4","uct-1000-self-play","88","4","0.166667","2","1+1+1","3","2","1","true"
"4x4","uct-1000-self-play","88","5","0.208333","1","1+1+1","3","1","2","true"
"4x4","uct-1000-self-play","88","6","0.250000","2","2+1","2","1","2","true"
"4x4","uct-1000-self-play","88","7","0.291667","1","1+1+1","3","2","1","true"
"4x4","uct-1000-self-play","88","8","0.333333","2","2+1","2","0","3","false"
"4x4","uct-1000-self-play","88","9","0.375000","1","2+1","2","2","1","true"
"4x4","uct-1000-self-play","88","10","0.416667","2","1+1+1","3","1","2","true"
"4x4","uct-1000-self-play","88","11","0.458333","1","3","1","0","3","false"
"4x4","uct-1000-self-play","88","12","0.500000","2","2+1","2","1","2","true"
"4x4","uct-1000-self-play","88","13","0.541667","1","3","1","0","3","false"
"4x4","uct-1000-self-play","88","14","0.583333","2","1+1+1","3","0","3","false"
"4x4","uct-1000-self-play","88","15","0.625000","1","1+1+1","3","0","3","false"
"4x4","uct-1000-self-play","88","16","0.666667","2","2+1","2","2","1","true"
"4x4","uct-1000-self-play","88","17","0.708333","1","2+1","2","1","2","true"
"4x4","uct-1000-self-play","88","18","0.750000","2","2+1","2","2","1","true"
"4x4","uct-1000-self-play","88","19","0.791667","1","1+1+1","3","1","2","true"
"4x4","uct-1000-self-play","88","20","0.833333","2","2+1","2","0","3","false"
"4x4","uct-1000-self-play","88","21","0.875000","1","2+1","2","0","3","false"
"4x4","uct-1000-self-play","88","22","0.916667","2","1+1+1","3","0","3","false"
"4x4","uct-1000-self-play","88","23","0.958333","1","1+1+1","3","2","1","true"
"4x4","uct-1000-self-play","88","24","1.000000","2","1+1+1","3","3","0","false"
"4x4","uct-1000-self-play","89","1","0.041667","1","1+1+1","3","3","0","false"
"4x4","uct-1000-self-play","89","2","0.083333","2","1+1+1","3","3","0","false"
"4x4","uct-1000-self-play","89","3","0.125000","1","1+1+1","3","2","1","true"
"4x4","uct-1000-self-play","89","4","0.166667","2","2+1","2","2","1","true"
"4x4","uct-1000-self-play","89","5","0.208333","1","1+1+1","3","0","3","false"
"4x4","uct-1000-self-play","89","6","0.250000","2","2+1","2","0","3","false"
"4x4","uct-1000-self-play","89","7","0.291667","1","1+1+1","3","0","3","false"
"4x4","uct-1000-self-play","89","8","0.333333","2","1+1+1","3","0","3","false"
"4x4","uct-1000-self-play","89","9","0.375000","1","1+1+1","3","0","3","false"
"4x4","uct-1000-self-play","89","10","0.416667","2","2+1","2","0","3","false"
"4x4","uct-1000-self-play","89","11","0.458333","1","1+1+1","3","1","2","true"
"4x4","uct-1000-self-play","89","12","0.500000","2","1+1+1","3","2","1","true"
"4x4","uct-1000-self-play","89","13","0.541667","1","1+1+1","3","2","1","true"
"4x4","uct-1000-self-play","89","14","0.583333","2","2+1","2","2","1","true"
"4x4","uct-1000-self-play","89","15","0.625000","1","2+1","2","1","2","true"
"4x4","uct-1000-self-play","89","16","0.666667","2","1+1+1","3","2","1","true"
"4x4","uct-1000-self-play","89","17","0.708333","1","1+1+1","3","2","1","true"
"4x4","uct-1000-self-play","89","18","0.750000","2","1+1+1","3","3","0","false"
"4x4","uct-1000-self-play","89","19","0.791667","1","1+1+1","3","3","0","false"
"4x4","uct-1000-self-play","89","20","0.833333","2","1+1+1","3","2","1","true"
"4x4","uct-1000-self-play","89","21","0.875000","1","1+1+1","3","1","2","true"
"4x4","uct-1000-self-play","89","22","0.916667","2","2+1","2","3","0","false"
"4x4","uct-1000-self-play","89","23","0.958333","1","1+1+1","3","1","2","true"
"4x4","uct-1000-self-play","89","24","1.000000","2","1+1+1","3","3","0","false"
"4x4","uct-1000-self-play","90","1","0.041667","1","2+1","2","3","0","false"
"4x4","uct-1000-self-play","90","2","0.083333","2","1+1+1","3","3","0","false"
"4x4","uct-1000-self-play","90","3","0.125000","1","1+1+1","3","1","2","true"
"4x4","uct-1000-self-play","90","4","0.166667","2","2+1","2","1","2","true"
"4x4","uct-1000-self-play","90","5","0.208333","1","2+1","2","0","3","false"
"4x4","uct-1000-self-play","90","6","0.250000","2","2+1","2","0","3","false"
"4x4","uct-1000-self-play","90","7","0.291667","1","2+1","2","1","2","true"
"4x4","uct-1000-self-play","90","8","0.333333","2","2+1","2","1","2","true"
"4x4","uct-1000-self-play","90","9","0.375000","1","1+1+1","3","1","2","true"
"4x4","uct-1000-self-play","90","10","0.416667","2","2+1","2","1","2","true"
"4x4","uct-1000-self-play","90","11","0.458333","1","2+1","2","0","3","false"
"4x4","uct-1000-self-play","90","12","0.500000","2","1+1+1","3","1","2","true"
"4x4","uct-1000-self-play","90","13","0.541667","1","2+1","2","0","3","false"
"4x4","uct-1000-self-play","90","14","0.583333","2","1+1+1","3","1","2","true"
"4x4","uct-1000-self-play","90","15","0.625000","1","2+1","2","2","1","true"
"4x4","uct-1000-self-play","90","16","0.666667","2","2+1","2","1","2","true"
"4x4","uct-1000-self-play","90","17","0.708333","1","1+1+1","3","2","1","true"
"4x4","uct-1000-self-play","90","18","0.750000","2","2+1","2","0","3","false"
"4x4","uct-1000-self-play","90","19","0.791667","1","2+1","2","0","3","false"
"4x4","uct-1000-self-play","90","20","0.833333","2","2+1","2","2","1","true"
"4x4","uct-1000-self-play","90","21","0.875000","1","1+1+1","3","2","1","true"
"4x4","uct-1000-self-play","90","22","0.916667","2","1+1+1","3","1","2","true"
"4x4","uct-1000-self-play","90","23","0.958333","1","1+1+1","3","3","0","false"
"4x4","uct-1000-self-play","90","24","1.000000","2","1+1+1","3","3","0","false"
"4x4","uct-1000-self-play","91","1","0.041667","1","2+1","2","3","0","false"
"4x4","uct-1000-self-play","91","2","0.083333","2","1+1+1","3","3","0","false"
"4x4","uct-1000-self-play","91","3","0.125000","1","3","1","3","0","false"
"4x4","uct-1000-self-play","91","4","0.166667","2","1+1+1","3","3","0","false"
"4x4","uct-1000-self-play","91","5","0.208333","1","2+1","2","0","3","false"
"4x4","uct-1000-self-play","91","6","0.250000","2","1+1+1","3","1","2","true"
"4x4","uct-1000-self-play","91","7","0.291667","1","2+1","2","0","3","false"
"4x4","uct-1000-self-play","91","8","0.333333","2","1+1+1","3","1","2","true"
"4x4","uct-1000-self-play","91","9","0.375000","1","1+1+1","3","2","1","true"
"4x4","uct-1000-self-play","91","10","0.416667","2","2+1","2","1","2","true"
"4x4","uct-1000-self-play","91","11","0.458333","1","3","1","1","2","true"
"4x4","uct-1000-self-play","91","12","0.500000","2","1+1+1","3","0","3","false"
"4x4","uct-1000-self-play","91","13","0.541667","1","1+1+1","3","0","3","false"
"4x4","uct-1000-self-play","91","14","0.583333","2","1+1+1","3","1","2","true"
"4x4","uct-1000-self-play","91","15","0.625000","1","1+1+1","3","0","3","false"
"4x4","uct-1000-self-play","91","16","0.666667","2","1+1+1","3","0","3","false"
"4x4","uct-1000-self-play","91","17","0.708333","1","1+1+1","3","2","1","true"
"4x4","uct-1000-self-play","91","18","0.750000","2","1+1+1","3","0","3","false"
"4x4","uct-1000-self-play","91","19","0.791667","1","2+1","2","1","2","true"
"4x4","uct-1000-self-play","91","20","0.833333","2","2+1","2","2","1","true"
"4x4","uct-1000-self-play","91","21","0.875000","1","1+1+1","3","2","1","true"
"4x4","uct-1000-self-play","91","22","0.916667","2","1+1+1","3","2","1","true"
"4x4","uct-1000-self-play","91","23","0.958333","1","1+1+1","3","1","2","true"
"4x4","uct-1000-self-play","91","24","1.000000","2","1+1+1","3","1","2","true"
"4x4","uct-1000-self-play","92","1","0.041667","1","1+1+1","3","3","0","false"
"4x4","uct-1000-self-play","92","2","0.083333","2","1+1+1","3","3","0","false"
"4x4","uct-1000-self-play","92","3","0.125000","1","2+1","2","2","1","true"
"4x4","uct-1000-self-play","92","4","0.166667","2","1+1+1","3","3","0","false"
"4x4","uct-1000-self-play","92","5","0.208333","1","1+1+1","3","2","1","true"
"4x4","uct-1000-self-play","92","6","0.250000","2","1+1+1","3","1","2","true"
"4x4","uct-1000-self-play","92","7","0.291667","1","1+1+1","3","2","1","true"
"4x4","uct-1000-self-play","92","8","0.333333","2","1+1+1","3","2","1","true"
"4x4","uct-1000-self-play","92","9","0.375000","1","3","1","0","3","false"
"4x4","uct-1000-self-play","92","10","0.416667","2","1+1+1","3","1","2","true"
"4x4","uct-1000-self-play","92","11","0.458333","1","2+1","2","1","2","true"
"4x4","uct-1000-self-play","92","12","0.500000","2","2+1","2","0","3","false"
"4x4","uct-1000-self-play","92","13","0.541667","1","2+1","2","0","3","false"
"4x4","uct-1000-self-play","92","14","0.583333","2","2+1","2","2","1","true"
"4x4","uct-1000-self-play","92","15","0.625000","1","1+1+1","3","3","0","false"
"4x4","uct-1000-self-play","92","16","0.666667","2","2+1","2","0","3","false"
"4x4","uct-1000-self-play","92","17","0.708333","1","1+1+1","3","1","2","true"
"4x4","uct-1000-self-play","92","18","0.750000","2","1+1+1","3","1","2","true"
"4x4","uct-1000-self-play","92","19","0.791667","1","2+1","2","1","2","true"
"4x4","uct-1000-self-play","92","20","0.833333","2","1+1+1","3","0","3","false"
"4x4","uct-1000-self-play","92","21","0.875000","1","1+1+1","3","1","2","true"
"4x4","uct-1000-self-play","92","22","0.916667","2","2+1","2","0","3","false"
"4x4","uct-1000-self-play","92","23","0.958333","1","1+1+1","3","1","2","true"
"4x4","uct-1000-self-play","92","24","1.000000","2","2+1","2","1","2","true"
"4x4","uct-1000-self-play","93","1","0.041667","1","1+1+1","3","3","0","false"
"4x4","uct-1000-self-play","93","2","0.083333","2","1+1+1","3","3","0","false"
"4x4","uct-1000-self-play","93","3","0.125000","1","1+1+1","3","1","2","true"
"4x4","uct-1000-self-play","93","4","0.166667","2","1+1+1","3","2","1","true"
"4x4","uct-1000-self-play","93","5","0.208333","1","1+1+1","3","2","1","true"
"4x4","uct-1000-self-play","93","6","0.250000","2","1+1+1","3","2","1","true"
"4x4","uct-1000-self-play","93","7","0.291667","1","1+1+1","3","1","2","true"
"4x4","uct-1000-self-play","93","8","0.333333","2","1+1+1","3","1","2","true"
"4x4","uct-1000-self-play","93","9","0.375000","1","2+1","2","2","1","true"
"4x4","uct-1000-self-play","93","10","0.416667","2","1+1+1","3","1","2","true"
"4x4","uct-1000-self-play","93","11","0.458333","1","1+1+1","3","1","2","true"
"4x4","uct-1000-self-play","93","12","0.500000","2","2+1","2","0","3","false"
"4x4","uct-1000-self-play","93","13","0.541667","1","2+1","2","1","2","true"
"4x4","uct-1000-self-play","93","14","0.583333","2","1+1+1","3","0","3","false"
"4x4","uct-1000-self-play","93","15","0.625000","1","1+1+1","3","1","2","true"
"4x4","uct-1000-self-play","93","16","0.666667","2","2+1","2","1","2","true"
"4x4","uct-1000-self-play","93","17","0.708333","1","2+1","2","0","3","false"
"4x4","uct-1000-self-play","93","18","0.750000","2","1+1+1","3","1","2","true"
"4x4","uct-1000-self-play","93","19","0.791667","1","2+1","2","0","3","false"
"4x4","uct-1000-self-play","93","20","0.833333","2","2+1","2","1","2","true"
"4x4","uct-1000-self-play","93","21","0.875000","1","1+1+1","3","1","2","true"
"4x4","uct-1000-self-play","93","22","0.916667","2","1+1+1","3","0","3","false"
"4x4","uct-1000-self-play","93","23","0.958333","1","2+1","2","0","3","false"
"4x4","uct-1000-self-play","93","24","1.000000","2","1+1+1","3","3","0","false"
"4x4","uct-1000-self-play","94","1","0.041667","1","2+1","2","3","0","false"
"4x4","uct-1000-self-play","94","2","0.083333","2","2+1","2","3","0","false"
"4x4","uct-1000-self-play","94","3","0.125000","1","1+1+1","3","2","1","true"
"4x4","uct-1000-self-play","94","4","0.166667","2","1+1+1","3","2","1","true"
"4x4","uct-1000-self-play","94","5","0.208333","1","1+1+1","3","1","2","true"
"4x4","uct-1000-self-play","94","6","0.250000","2","2+1","2","1","2","true"
"4x4","uct-1000-self-play","94","7","0.291667","1","2+1","2","0","3","false"
"4x4","uct-1000-self-play","94","8","0.333333","2","1+1+1","3","1","2","true"
"4x4","uct-1000-self-play","94","9","0.375000","1","2+1","2","1","2","true"
"4x4","uct-1000-self-play","94","10","0.416667","2","2+1","2","0","3","false"
"4x4","uct-1000-self-play","94","11","0.458333","1","3","1","0","3","false"
"4x4","uct-1000-self-play","94","12","0.500000","2","1+1+1","3","0","3","false"
"4x4","uct-1000-self-play","94","13","0.541667","1","1+1+1","3","2","1","true"
"4x4","uct-1000-self-play","94","14","0.583333","2","2+1","2","2","1","true"
"4x4","uct-1000-self-play","94","15","0.625000","1","1+1+1","3","2","1","true"
"4x4","uct-1000-self-play","94","16","0.666667","2","1+1+1","3","0","3","false"
"4x4","uct-1000-self-play","94","17","0.708333","1","2+1","2","1","2","true"
"4x4","uct-1000-self-play","94","18","0.750000","2","1+1+1","3","1","2","true"
"4x4","uct-1000-self-play","94","19","0.791667","1","2+1","2","2","1","true"
"4x4","uct-1000-self-play","94","20","0.833333","2","1+1+1","3","1","2","true"
"4x4","uct-1000-self-play","94","21","0.875000","1","2+1","2","1","2","true"
"4x4","uct-1000-self-play","94","22","0.916667","2","2+1","2","1","2","true"
"4x4","uct-1000-self-play","94","23","0.958333","1","1+1+1","3","3","0","false"
"4x4","uct-1000-self-play","94","24","1.000000","2","1+1+1","3","2","1","true"
"4x4","uct-1000-self-play","95","1","0.041667","1","2+1","2","3","0","false"
"4x4","uct-1000-self-play","95","2","0.083333","2","2+1","2","3","0","false"
"4x4","uct-1000-self-play","95","3","0.125000","1","1+1+1","3","2","1","true"
"4x4","uct-1000-self-play","95","4","0.166667","2","2+1","2","1","2","true"
"4x4","uct-1000-self-play","95","5","0.208333","1","3","1","2","1","true"
"4x4","uct-1000-self-play","95","6","0.250000","2","1+1+1","3","2","1","true"
"4x4","uct-1000-self-play","95","7","0.291667","1","1+1+1","3","2","1","true"
"4x4","uct-1000-self-play","95","8","0.333333","2","2+1","2","2","1","true"
"4x4","uct-1000-self-play","95","9","0.375000","1","1+1+1","3","1","2","true"
"4x4","uct-1000-self-play","95","10","0.416667","2","1+1+1","3","3","0","false"
"4x4","uct-1000-self-play","95","11","0.458333","1","1+1+1","3","1","2","true"
"4x4","uct-1000-self-play","95","12","0.500000","2","1+1+1","3","1","2","true"
"4x4","uct-1000-self-play","95","13","0.541667","1","1+1+1","3","1","2","true"
"4x4","uct-1000-self-play","95","14","0.583333","2","1+1+1","3","2","1","true"
"4x4","uct-1000-self-play","95","15","0.625000","1","1+1+1","3","2","1","true"
"4x4","uct-1000-self-play","95","16","0.666667","2","1+1+1","3","0","3","false"
"4x4","uct-1000-self-play","95","17","0.708333","1","1+1+1","3","2","1","true"
"4x4","uct-1000-self-play","95","18","0.750000","2","2+1","2","3","0","false"
"4x4","uct-1000-self-play","95","19","0.791667","1","1+1+1","3","2","1","true"
"4x4","uct-1000-self-play","95","20","0.833333","2","1+1+1","3","1","2","true"
"4x4","uct-1000-self-play","95","21","0.875000","1","1+1+1","3","2","1","true"
"4x4","uct-1000-self-play","95","22","0.916667","2","2+1","2","0","3","false"
"4x4","uct-1000-self-play","95","23","0.958333","1","2+1","2","0","3","false"
"4x4","uct-1000-self-play","95","24","1.000000","2","1+1+1","3","1","2","true"
"4x4","uct-1000-self-play","96","1","0.041667","1","1+1+1","3","3","0","false"
"4x4","uct-1000-self-play","96","2","0.083333","2","1+1+1","3","3","0","false"
"4x4","uct-1000-self-play","96","3","0.125000","1","1+1+1","3","3","0","false"
"4x4","uct-1000-self-play","96","4","0.166667","2","2+1","2","2","1","true"
"4x4","uct-1000-self-play","96","5","0.208333","1","1+1+1","3","2","1","true"
"4x4","uct-1000-self-play","96","6","0.250000","2","2+1","2","1","2","true"
"4x4","uct-1000-self-play","96","7","0.291667","1","2+1","2","0","3","false"
"4x4","uct-1000-self-play","96","8","0.333333","2","3","1","1","2","true"
"4x4","uct-1000-self-play","96","9","0.375000","1","1+1+1","3","1","2","true"
"4x4","uct-1000-self-play","96","10","0.416667","2","2+1","2","1","2","true"
"4x4","uct-1000-self-play","96","11","0.458333","1","1+1+1","3","0","3","false"
"4x4","uct-1000-self-play","96","12","0.500000","2","1+1+1","3","1","2","true"
"4x4","uct-1000-self-play","96","13","0.541667","1","2+1","2","0","3","false"
"4x4","uct-1000-self-play","96","14","0.583333","2","2+1","2","0","3","false"
"4x4","uct-1000-self-play","96","15","0.625000","1","1+1+1","3","0","3","false"
"4x4","uct-1000-self-play","96","16","0.666667","2","2+1","2","0","3","false"
"4x4","uct-1000-self-play","96","17","0.708333","1","1+1+1","3","0","3","false"
"4x4","uct-1000-self-play","96","18","0.750000","2","1+1+1","3","0","3","false"
"4x4","uct-1000-self-play","96","19","0.791667","1","1+1+1","3","2","1","true"
"4x4","uct-1000-self-play","96","20","0.833333","2","2+1","2","1","2","true"
"4x4","uct-1000-self-play","96","21","0.875000","1","3","1","1","2","true"
"4x4","uct-1000-self-play","96","22","0.916667","2","2+1","2","1","2","true"
"4x4","uct-1000-self-play","96","23","0.958333","1","1+1+1","3","2","1","true"
"4x4","uct-1000-self-play","96","24","1.000000","2","1+1+1","3","1","2","true"
"4x4","uct-1000-self-play","97","1","0.041667","1","1+1+1","3","3","0","false"
"4x4","uct-1000-self-play","97","2","0.083333","2","2+1","2","3","0","false"
"4x4","uct-1000-self-play","97","3","0.125000","1","1+1+1","3","0","3","false"
"4x4","uct-1000-self-play","97","4","0.166667","2","1+1+1","3","2","1","true"
"4x4","uct-1000-self-play","97","5","0.208333","1","1+1+1","3","2","1","true"
"4x4","uct-1000-self-play","97","6","0.250000","2","1+1+1","3","2","1","true"
"4x4","uct-1000-self-play","97","7","0.291667","1","1+1+1","3","1","2","true"
"4x4","uct-1000-self-play","97","8","0.333333","2","1+1+1","3","1","2","true"
"4x4","uct-1000-self-play","97","9","0.375000","1","2+1","2","2","1","true"
"4x4","uct-1000-self-play","97","10","0.416667","2","2+1","2","2","1","true"
"4x4","uct-1000-self-play","97","11","0.458333","1","1+1+1","3","1","2","true"
"4x4","uct-1000-self-play","97","12","0.500000","2","1+1+1","3","1","2","true"
"4x4","uct-1000-self-play","97","13","0.541667","1","1+1+1","3","3","0","false"
"4x4","uct-1000-self-play","97","14","0.583333","2","1+1+1","3","0","3","false"
"4x4","uct-1000-self-play","97","15","0.625000","1","1+1+1","3","2","1","true"
"4x4","uct-1000-self-play","97","16","0.666667","2","2+1","2","1","2","true"
"4x4","uct-1000-self-play","97","17","0.708333","1","2+1","2","0","3","false"
"4x4","uct-1000-self-play","97","18","0.750000","2","2+1","2","0","3","false"
"4x4","uct-1000-self-play","97","19","0.791667","1","1+1+1","3","1","2","true"
"4x4","uct-1000-self-play","97","20","0.833333","2","3","1","1","2","true"
"4x4","uct-1000-self-play","97","21","0.875000","1","2+1","2","1","2","true"
"4x4","uct-1000-self-play","97","22","0.916667","2","2+1","2","1","2","true"
"4x4","uct-1000-self-play","97","23","0.958333","1","2+1","2","0","3","false"
"4x4","uct-1000-self-play","97","24","1.000000","2","1+1+1","3","3","0","false"
"4x4","uct-1000-self-play","98","1","0.041667","1","1+1+1","3","3","0","false"
"4x4","uct-1000-self-play","98","2","0.083333","2","2+1","2","3","0","false"
"4x4","uct-1000-self-play","98","3","0.125000","1","1+1+1","3","2","1","true"
"4x4","uct-1000-self-play","98","4","0.166667","2","2+1","2","0","3","false"
"4x4","uct-1000-self-play","98","5","0.208333","1","1+1+1","3","2","1","true"
"4x4","uct-1000-self-play","98","6","0.250000","2","2+1","2","0","3","false"
"4x4","uct-1000-self-play","98","7","0.291667","1","2+1","2","0","3","false"
"4x4","uct-1000-self-play","98","8","0.333333","2","2+1","2","1","2","true"
"4x4","uct-1000-self-play","98","9","0.375000","1","1+1+1","3","2","1","true"
"4x4","uct-1000-self-play","98","10","0.416667","2","1+1+1","3","2","1","true"
"4x4","uct-1000-self-play","98","11","0.458333","1","2+1","2","1","2","true"
"4x4","uct-1000-self-play","98","12","0.500000","2","2+1","2","1","2","true"
"4x4","uct-1000-self-play","98","13","0.541667","1","1+1+1","3","0","3","false"
"4x4","uct-1000-self-play","98","14","0.583333","2","1+1+1","3","2","1","true"
"4x4","uct-1000-self-play","98","15","0.625000","1","3","1","1","2","true"
"4x4","uct-1000-self-play","98","16","0.666667","2","2+1","2","2","1","true"
"4x4","uct-1000-self-play","98","17","0.708333","1","2+1","2","2","1","true"
"4x4","uct-1000-self-play","98","18","0.750000","2","1+1+1","3","3","0","false"
"4x4","uct-1000-self-play","98","19","0.791667","1","1+1+1","3","1","2","true"
"4x4","uct-1000-self-play","98","20","0.833333","2","1+1+1","3","0","3","false"
"4x4","uct-1000-self-play","98","21","0.875000","1","1+1+1","3","1","2","true"
"4x4","uct-1000-self-play","98","22","0.916667","2","3","1","1","2","true"
"4x4","uct-1000-self-play","98","23","0.958333","1","1+1+1","3","1","2","true"
"4x4","uct-1000-self-play","98","24","1.000000","2","1+1+1","3","0","3","false"
"4x4","uct-1000-self-play","99","1","0.041667","1","1+1+1","3","3","0","false"
"4x4","uct-1000-self-play","99","2","0.083333","2","1+1+1","3","3","0","false"
"4x4","uct-1000-self-play","99","3","0.125000","1","1+1+1","3","2","1","true"
"4x4","uct-1000-self-play","99","4","0.166667","2","1+1+1","3","3","0","false"
"4x4","uct-1000-self-play","99","5","0.208333","1","1+1+1","3","3","0","false"
"4x4","uct-1000-self-play","99","6","0.250000","2","1+1+1","3","3","0","false"
"4x4","uct-1000-self-play","99","7","0.291667","1","1+1+1","3","2","1","true"
"4x4","uct-1000-self-play","99","8","0.333333","2","2+1","2","0","3","false"
"4x4","uct-1000-self-play","99","9","0.375000","1","1+1+1","3","2","1","true"
"4x4","uct-1000-self-play","99","10","0.416667","2","2+1","2","1","2","true"
"4x4","uct-1000-self-play","99","11","0.458333","1","2+1","2","0","3","false"
"4x4","uct-1000-self-play","99","12","0.500000","2","2+1","2","2","1","true"
"4x4","uct-1000-self-play","99","13","0.541667","1","2+1","2","1","2","true"
"4x4","uct-1000-self-play","99","14","0.583333","2","1+1+1","3","0","3","false"
"4x4","uct-1000-self-play","99","15","0.625000","1","2+1","2","0","3","false"
"4x4","uct-1000-self-play","99","16","0.666667","2","2+1","2","0","3","false"
"4x4","uct-1000-self-play","99","17","0.708333","1","2+1","2","1","2","true"
"4x4","uct-1000-self-play","99","18","0.750000","2","2+1","2","2","1","true"
"4x4","uct-1000-self-play","99","19","0.791667","1","2+1","2","1","2","true"
"4x4","uct-1000-self-play","99","20","0.833333","2","1+1+1","3","2","1","true"
"4x4","uct-1000-self-play","99","21","0.875000","1","1+1+1","3","2","1","true"
"4x4","uct-1000-self-play","99","22","0.916667","2","3","1","3","0","false"
"4x4","uct-1000-self-play","99","23","0.958333","1","1+1+1","3","2","1","true"
"4x4","uct-1000-self-play","99","24","1.000000","2","1+1+1","3","0","3","false"
"4x4","uct-1000-self-play","100","1","0.041667","1","1+1+1","3","3","0","false"
"4x4","uct-1000-self-play","100","2","0.083333","2","3","1","3","0","false"
"4x4","uct-1000-self-play","100","3","0.125000","1","1+1+1","3","2","1","true"
"4x4","uct-1000-self-play","100","4","0.166667","2","2+1","2","1","2","true"
"4x4","uct-1000-self-play","100","5","0.208333","1","1+1+1","3","1","2","true"
"4x4","uct-1000-self-play","100","6","0.250000","2","1+1+1","3","2","1","true"
"4x4","uct-1000-self-play","100","7","0.291667","1","1+1+1","3","0","3","false"
"4x4","uct-1000-self-play","100","8","0.333333","2","2+1","2","1","2","true"
"4x4","uct-1000-self-play","100","9","0.375000","1","2+1","2","1","2","true"
"4x4","uct-1000-self-play","100","10","0.416667","2","3","1","1","2","true"
"4x4","uct-1000-self-play","100","11","0.458333","1","1+1+1","3","1","2","true"
"4x4","uct-1000-self-play","100","12","0.500000","2","2+1","2","1","2","true"
"4x4","uct-1000-self-play","100","13","0.541667","1","1+1+1","3","2","1","true"
"4x4","uct-1000-self-play","100","14","0.583333","2","2+1","2","1","2","true"
"4x4","uct-1000-self-play","100","15","0.625000","1","1+1+1","3","1","2","true"
"4x4","uct-1000-self-play","100","16","0.666667","2","2+1","2","1","2","true"
"4x4","uct-1000-self-play","100","17","0.708333","1","1+1+1","3","1","2","true"
"4x4","uct-1000-self-play","100","18","0.750000","2","1+1+1","3","2","1","true"
"4x4","uct-1000-self-play","100","19","0.791667","1","1+1+1","3","2","1","true"
"4x4","uct-1000-self-play","100","20","0.833333","2","2+1","2","2","1","true"
"4x4","uct-1000-self-play","100","21","0.875000","1","2+1","2","2","1","true"
"4x4","uct-1000-self-play","100","22","0.916667","2","2+1","2","0","3","false"
"4x4","uct-1000-self-play","100","23","0.958333","1","2+1","2","0","3","false"
"4x4","uct-1000-self-play","100","24","1.000000","2","1+1+1","3","2","1","true"
"6x6","6x6-uct-0500","1","1","0.020833","1","1+1+1","3","3","0","false"
"6x6","6x6-uct-0500","1","2","0.041667","2","1+1+1","3","3","0","false"
"6x6","6x6-uct-0500","1","3","0.062500","1","1+1+1","3","2","1","true"
"6x6","6x6-uct-0500","1","4","0.083333","2","1+1+1","3","2","1","true"
"6x6","6x6-uct-0500","1","5","0.104167","1","2+1","2","3","0","false"
"6x6","6x6-uct-0500","1","6","0.125000","2","1+1+1","3","2","1","true"
"6x6","6x6-uct-0500","1","7","0.145833","1","1+1+1","3","2","1","true"
"6x6","6x6-uct-0500","1","8","0.166667","2","1+1+1","3","2","1","true"
"6x6","6x6-uct-0500","1","9","0.187500","1","1+1+1","3","2","1","true"
"6x6","6x6-uct-0500","1","10","0.208333","2","1+1+1","3","2","1","true"
"6x6","6x6-uct-0500","1","11","0.229167","1","1+1+1","3","2","1","true"
"6x6","6x6-uct-0500","1","12","0.250000","2","1+1+1","3","3","0","false"
"6x6","6x6-uct-0500","1","13","0.270833","1","2+1","2","2","1","true"
"6x6","6x6-uct-0500","1","14","0.291667","2","1+1+1","3","2","1","true"
"6x6","6x6-uct-0500","1","15","0.312500","1","1+1+1","3","1","2","true"
"6x6","6x6-uct-0500","1","16","0.333333","2","1+1+1","3","1","2","true"
"6x6","6x6-uct-0500","1","17","0.354167","1","2+1","2","1","2","true"
"6x6","6x6-uct-0500","1","18","0.375000","2","1+1+1","3","2","1","true"
"6x6","6x6-uct-0500","1","19","0.395833","1","1+1+1","3","1","2","true"
"6x6","6x6-uct-0500","1","20","0.416667","2","2+1","2","2","1","true"
"6x6","6x6-uct-0500","1","21","0.437500","1","2+1","2","1","2","true"
"6x6","6x6-uct-0500","1","22","0.458333","2","1+1+1","3","3","0","false"
"6x6","6x6-uct-0500","1","23","0.479167","1","1+1+1","3","2","1","true"
"6x6","6x6-uct-0500","1","24","0.500000","2","1+1+1","3","1","2","true"
"6x6","6x6-uct-0500","1","25","0.520833","1","2+1","2","1","2","true"
"6x6","6x6-uct-0500","1","26","0.541667","2","1+1+1","3","1","2","true"
"6x6","6x6-uct-0500","1","27","0.562500","1","1+1+1","3","1","2","true"
"6x6","6x6-uct-0500","1","28","0.583333","2","1+1+1","3","2","1","true"
"6x6","6x6-uct-0500","1","29","0.604167","1","2+1","2","2","1","true"
"6x6","6x6-uct-0500","1","30","0.625000","2","2+1","2","0","3","false"
"6x6","6x6-uct-0500","1","31","0.645833","1","1+1+1","3","1","2","true"
"6x6","6x6-uct-0500","1","32","0.666667","2","1+1+1","3","0","3","false"
"6x6","6x6-uct-0500","1","33","0.687500","1","2+1","2","1","2","true"
"6x6","6x6-uct-0500","1","34","0.708333","2","1+1+1","3","0","3","false"
"6x6","6x6-uct-0500","1","35","0.729167","1","1+1+1","3","1","2","true"
"6x6","6x6-uct-0500","1","36","0.750000","2","1+1+1","3","0","3","false"
"6x6","6x6-uct-0500","1","37","0.770833","1","2+1","2","1","2","true"
"6x6","6x6-uct-0500","1","38","0.791667","2","1+1+1","3","1","2","true"
"6x6","6x6-uct-0500","1","39","0.812500","1","1+1+1","3","1","2","true"
"6x6","6x6-uct-0500","1","40","0.833333","2","1+1+1","3","1","2","true"
"6x6","6x6-uct-0500","1","41","0.854167","1","2+1","2","1","2","true"
"6x6","6x6-uct-0500","1","42","0.875000","2","2+1","2","0","3","false"
"6x6","6x6-uct-0500","1","43","0.895833","1","3","1","1","2","true"
"6x6","6x6-uct-0500","1","44","0.916667","2","1+1+1","3","1","2","true"
"6x6","6x6-uct-0500","1","45","0.937500","1","1+1+1","3","2","1","true"
"6x6","6x6-uct-0500","1","46","0.958333","2","1+1+1","3","2","1","true"
"6x6","6x6-uct-0500","1","47","0.979167","1","2+1","2","1","2","true"
"6x6","6x6-uct-0500","1","48","1.000000","2","1+1+1","3","2","1","true"
"6x6","6x6-uct-0500","2","1","0.020833","1","1+1+1","3","3","0","false"
"6x6","6x6-uct-0500","2","2","0.041667","2","1+1+1","3","3","0","false"
"6x6","6x6-uct-0500","2","3","0.062500","1","1+1+1","3","2","1","true"
"6x6","6x6-uct-0500","2","4","0.083333","2","2+1","2","3","0","false"
"6x6","6x6-uct-0500","2","5","0.104167","1","2+1","2","2","1","true"
"6x6","6x6-uct-0500","2","6","0.125000","2","1+1+1","3","1","2","true"
"6x6","6x6-uct-0500","2","7","0.145833","1","2+1","2","3","0","false"
"6x6","6x6-uct-0500","2","8","0.166667","2","1+1+1","3","2","1","true"
"6x6","6x6-uct-0500","2","9","0.187500","1","2+1","2","0","3","false"
"6x6","6x6-uct-0500","2","10","0.208333","2","1+1+1","3","1","2","true"
"6x6","6x6-uct-0500","2","11","0.229167","1","1+1+1","3","1","2","true"
"6x6","6x6-uct-0500","2","12","0.250000","2","1+1+1","3","1","2","true"
"6x6","6x6-uct-0500","2","13","0.270833","1","2+1","2","1","2","true"
"6x6","6x6-uct-0500","2","14","0.291667","2","2+1","2","0","3","false"
"6x6","6x6-uct-0500","2","15","0.312500","1","1+1+1","3","1","2","true"
"6x6","6x6-uct-0500","2","16","0.333333","2","1+1+1","3","2","1","true"
"6x6","6x6-uct-0500","2","17","0.354167","1","2+1","2","2","1","true"
"6x6","6x6-uct-0500","2","18","0.375000","2","2+1","2","1","2","true"
"6x6","6x6-uct-0500","2","19","0.395833","1","1+1+1","3","1","2","true"
"6x6","6x6-uct-0500","2","20","0.416667","2","1+1+1","3","3","0","false"
"6x6","6x6-uct-0500","2","21","0.437500","1","2+1","2","3","0","false"
"6x6","6x6-uct-0500","2","22","0.458333","2","1+1+1","3","0","3","false"
"6x6","6x6-uct-0500","2","23","0.479167","1","2+1","2","0","3","false"
"6x6","6x6-uct-0500","2","24","0.500000","2","1+1+1","3","1","2","true"
"6x6","6x6-uct-0500","2","25","0.520833","1","2+1","2","1","2","true"
"6x6","6x6-uct-0500","2","26","0.541667","2","1+1+1","3","2","1","true"
"6x6","6x6-uct-0500","2","27","0.562500","1","1+1+1","3","2","1","true"
"6x6","6x6-uct-0500","2","28","0.583333","2","2+1","2","0","3","false"
"6x6","6x6-uct-0500","2","29","0.604167","1","2+1","2","1","2","true"
"6x6","6x6-uct-0500","2","30","0.625000","2","1+1+1","3","1","2","true"
"6x6","6x6-uct-0500","2","31","0.645833","1","1+1+1","3","1","2","true"
"6x6","6x6-uct-0500","2","32","0.666667","2","2+1","2","0","3","false"
"6x6","6x6-uct-0500","2","33","0.687500","1","2+1","2","1","2","true"
"6x6","6x6-uct-0500","2","34","0.708333","2","1+1+1","3","1","2","true"
"6x6","6x6-uct-0500","2","35","0.729167","1","2+1","2","0","3","false"
"6x6","6x6-uct-0500","2","36","0.750000","2","1+1+1","3","2","1","true"
"6x6","6x6-uct-0500","2","37","0.770833","1","1+1+1","3","2","1","true"
"6x6","6x6-uct-0500","2","38","0.791667","2","2+1","2","1","2","true"
"6x6","6x6-uct-0500","2","39","0.812500","1","1+1+1","3","1","2","true"
"6x6","6x6-uct-0500","2","40","0.833333","2","1+1+1","3","2","1","true"
"6x6","6x6-uct-0500","2","41","0.854167","1","1+1+1","3","3","0","false"
"6x6","6x6-uct-0500","2","42","0.875000","2","1+1+1","3","0","3","false"
"6x6","6x6-uct-0500","2","43","0.895833","1","1+1+1","3","1","2","true"
"6x6","6x6-uct-0500","2","44","0.916667","2","1+1+1","3","1","2","true"
"6x6","6x6-uct-0500","2","45","0.937500","1","1+1+1","3","1","2","true"
"6x6","6x6-uct-0500","2","46","0.958333","2","1+1+1","3","2","1","true"
"6x6","6x6-uct-0500","2","47","0.979167","1","1+1+1","3","2","1","true"
"6x6","6x6-uct-0500","2","48","1.000000","2","1+1+1","3","1","2","true"
"6x6","6x6-uct-0500","3","1","0.020833","1","1+1+1","3","3","0","false"
"6x6","6x6-uct-0500","3","2","0.041667","2","2+1","2","3","0","false"
"6x6","6x6-uct-0500","3","3","0.062500","1","1+1+1","3","3","0","false"
"6x6","6x6-uct-0500","3","4","0.083333","2","2+1","2","3","0","false"
"6x6","6x6-uct-0500","3","5","0.104167","1","2+1","2","2","1","true"
"6x6","6x6-uct-0500","3","6","0.125000","2","1+1+1","3","3","0","false"
"6x6","6x6-uct-0500","3","7","0.145833","1","2+1","2","2","1","true"
"6x6","6x6-uct-0500","3","8","0.166667","2","2+1","2","3","0","false"
"6x6","6x6-uct-0500","3","9","0.187500","1","1+1+1","3","2","1","true"
"6x6","6x6-uct-0500","3","10","0.208333","2","2+1","2","1","2","true"
"6x6","6x6-uct-0500","3","11","0.229167","1","1+1+1","3","2","1","true"
"6x6","6x6-uct-0500","3","12","0.250000","2","1+1+1","3","3","0","false"
"6x6","6x6-uct-0500","3","13","0.270833","1","1+1+1","3","1","2","true"
"6x6","6x6-uct-0500","3","14","0.291667","2","2+1","2","2","1","true"
"6x6","6x6-uct-0500","3","15","0.312500","1","1+1+1","3","1","2","true"
"6x6","6x6-uct-0500","3","16","0.333333","2","1+1+1","3","1","2","true"
"6x6","6x6-uct-0500","3","17","0.354167","1","1+1+1","3","1","2","true"
"6x6","6x6-uct-0500","3","18","0.375000","2","2+1","2","3","0","false"
"6x6","6x6-uct-0500","3","19","0.395833","1","1+1+1","3","1","2","true"
"6x6","6x6-uct-0500","3","20","0.416667","2","1+1+1","3","1","2","true"
"6x6","6x6-uct-0500","3","21","0.437500","1","1+1+1","3","1","2","true"
"6x6","6x6-uct-0500","3","22","0.458333","2","1+1+1","3","1","2","true"
"6x6","6x6-uct-0500","3","23","0.479167","1","2+1","2","3","0","false"
"6x6","6x6-uct-0500","3","24","0.500000","2","2+1","2","1","2","true"
"6x6","6x6-uct-0500","3","25","0.520833","1","2+1","2","2","1","true"
"6x6","6x6-uct-0500","3","26","0.541667","2","2+1","2","0","3","false"
"6x6","6x6-uct-0500","3","27","0.562500","1","1+1+1","3","3","0","false"
"6x6","6x6-uct-0500","3","28","0.583333","2","2+1","2","1","2","true"
"6x6","6x6-uct-0500","3","29","0.604167","1","3","1","1","2","true"
"6x6","6x6-uct-0500","3","30","0.625000","2","1+1+1","3","1","2","true"
"6x6","6x6-uct-0500","3","31","0.645833","1","1+1+1","3","1","2","true"
"6x6","6x6-uct-0500","3","32","0.666667","2","1+1+1","3","3","0","false"
"6x6","6x6-uct-0500","3","33","0.687500","1","1+1+1","3","0","3","false"
"6x6","6x6-uct-0500","3","34","0.708333","2","2+1","2","0","3","false"
"6x6","6x6-uct-0500","3","35","0.729167","1","2+1","2","1","2","true"
"6x6","6x6-uct-0500","3","36","0.750000","2","1+1+1","3","1","2","true"
"6x6","6x6-uct-0500","3","37","0.770833","1","1+1+1","3","1","2","true"
"6x6","6x6-uct-0500","3","38","0.791667","2","1+1+1","3","0","3","false"
"6x6","6x6-uct-0500","3","39","0.812500","1","2+1","2","0","3","false"
"6x6","6x6-uct-0500","3","40","0.833333","2","2+1","2","1","2","true"
"6x6","6x6-uct-0500","3","41","0.854167","1","2+1","2","0","3","false"
"6x6","6x6-uct-0500","3","42","0.875000","2","2+1","2","1","2","true"
"6x6","6x6-uct-0500","3","43","0.895833","1","2+1","2","0","3","false"
"6x6","6x6-uct-0500","3","44","0.916667","2","2+1","2","0","3","false"
"6x6","6x6-uct-0500","3","45","0.937500","1","2+1","2","1","2","true"
"6x6","6x6-uct-0500","3","46","0.958333","2","1+1+1","3","1","2","true"
"6x6","6x6-uct-0500","3","47","0.979167","1","2+1","2","1","2","true"
"6x6","6x6-uct-0500","3","48","1.000000","2","2+1","2","3","0","false"
"6x6","6x6-uct-0500","4","1","0.020833","1","1+1+1","3","3","0","false"
"6x6","6x6-uct-0500","4","2","0.041667","2","1+1+1","3","3","0","false"
"6x6","6x6-uct-0500","4","3","0.062500","1","1+1+1","3","2","1","true"
"6x6","6x6-uct-0500","4","4","0.083333","2","2+1","2","3","0","false"
"6x6","6x6-uct-0500","4","5","0.104167","1","1+1+1","3","3","0","false"
"6x6","6x6-uct-0500","4","6","0.125000","2","2+1","2","3","0","false"
"6x6","6x6-uct-0500","4","7","0.145833","1","2+1","2","3","0","false"
"6x6","6x6-uct-0500","4","8","0.166667","2","1+1+1","3","1","2","true"
"6x6","6x6-uct-0500","4","9","0.187500","1","2+1","2","2","1","true"
"6x6","6x6-uct-0500","4","10","0.208333","2","1+1+1","3","2","1","true"
"6x6","6x6-uct-0500","4","11","0.229167","1","1+1+1","3","1","2","true"
"6x6","6x6-uct-0500","4","12","0.250000","2","1+1+1","3","1","2","true"
"6x6","6x6-uct-0500","4","13","0.270833","1","1+1+1","3","2","1","true"
"6x6","6x6-uct-0500","4","14","0.291667","2","2+1","2","1","2","true"
"6x6","6x6-uct-0500","4","15","0.312500","1","1+1+1","3","1","2","true"
"6x6","6x6-uct-0500","4","16","0.333333","2","1+1+1","3","2","1","true"
"6x6","6x6-uct-0500","4","17","0.354167","1","1+1+1","3","2","1","true"
"6x6","6x6-uct-0500","4","18","0.375000","2","2+1","2","1","2","true"
"6x6","6x6-uct-0500","4","19","0.395833","1","2+1","2","2","1","true"
"6x6","6x6-uct-0500","4","20","0.416667","2","1+1+1","3","1","2","true"
"6x6","6x6-uct-0500","4","21","0.437500","1","1+1+1","3","2","1","true"
"6x6","6x6-uct-0500","4","22","0.458333","2","1+1+1","3","2","1","true"
"6x6","6x6-uct-0500","4","23","0.479167","1","2+1","2","0","3","false"
"6x6","6x6-uct-0500","4","24","0.500000","2","1+1+1","3","3","0","false"
"6x6","6x6-uct-0500","4","25","0.520833","1","2+1","2","2","1","true"
"6x6","6x6-uct-0500","4","26","0.541667","2","1+1+1","3","2","1","true"
"6x6","6x6-uct-0500","4","27","0.562500","1","1+1+1","3","2","1","true"
"6x6","6x6-uct-0500","4","28","0.583333","2","2+1","2","2","1","true"
"6x6","6x6-uct-0500","4","29","0.604167","1","1+1+1","3","0","3","false"
"6x6","6x6-uct-0500","4","30","0.625000","2","1+1+1","3","0","3","false"
"6x6","6x6-uct-0500","4","31","0.645833","1","2+1","2","1","2","true"
"6x6","6x6-uct-0500","4","32","0.666667","2","2+1","2","0","3","false"
"6x6","6x6-uct-0500","4","33","0.687500","1","2+1","2","0","3","false"
"6x6","6x6-uct-0500","4","34","0.708333","2","1+1+1","3","0","3","false"
"6x6","6x6-uct-0500","4","35","0.729167","1","2+1","2","0","3","false"
"6x6","6x6-uct-0500","4","36","0.750000","2","1+1+1","3","1","2","true"
"6x6","6x6-uct-0500","4","37","0.770833","1","1+1+1","3","0","3","false"
"6x6","6x6-uct-0500","4","38","0.791667","2","2+1","2","0","3","false"
"6x6","6x6-uct-0500","4","39","0.812500","1","1+1+1","3","0","3","false"
"6x6","6x6-uct-0500","4","40","0.833333","2","2+1","2","0","3","false"
"6x6","6x6-uct-0500","4","41","0.854167","1","1+1+1","3","0","3","false"
"6x6","6x6-uct-0500","4","42","0.875000","2","1+1+1","3","0","3","false"
"6x6","6x6-uct-0500","4","43","0.895833","1","2+1","2","1","2","true"
"6x6","6x6-uct-0500","4","44","0.916667","2","2+1","2","0","3","false"
"6x6","6x6-uct-0500","4","45","0.937500","1","1+1+1","3","0","3","false"
"6x6","6x6-uct-0500","4","46","0.958333","2","2+1","2","1","2","true"
"6x6","6x6-uct-0500","4","47","0.979167","1","1+1+1","3","0","3","false"
"6x6","6x6-uct-0500","4","48","1.000000","2","1+1+1","3","1","2","true"
"6x6","6x6-uct-0500","5","1","0.020833","1","1+1+1","3","3","0","false"
"6x6","6x6-uct-0500","5","2","0.041667","2","1+1+1","3","3","0","false"
"6x6","6x6-uct-0500","5","3","0.062500","1","2+1","2","1","2","true"
"6x6","6x6-uct-0500","5","4","0.083333","2","1+1+1","3","3","0","false"
"6x6","6x6-uct-0500","5","5","0.104167","1","2+1","2","3","0","false"
"6x6","6x6-uct-0500","5","6","0.125000","2","2+1","2","2","1","true"
"6x6","6x6-uct-0500","5","7","0.145833","1","2+1","2","3","0","false"
"6x6","6x6-uct-0500","5","8","0.166667","2","1+1+1","3","1","2","true"
"6x6","6x6-uct-0500","5","9","0.187500","1","1+1+1","3","2","1","true"
"6x6","6x6-uct-0500","5","10","0.208333","2","1+1+1","3","1","2","true"
"6x6","6x6-uct-0500","5","11","0.229167","1","1+1+1","3","1","2","true"
"6x6","6x6-uct-0500","5","12","0.250000","2","1+1+1","3","1","2","true"
"6x6","6x6-uct-0500","5","13","0.270833","1","2+1","2","2","1","true"
"6x6","6x6-uct-0500","5","14","0.291667","2","1+1+1","3","3","0","false"
"6x6","6x6-uct-0500","5","15","0.312500","1","2+1","2","1","2","true"
"6x6","6x6-uct-0500","5","16","0.333333","2","2+1","2","1","2","true"
"6x6","6x6-uct-0500","5","17","0.354167","1","2+1","2","2","1","true"
"6x6","6x6-uct-0500","5","18","0.375000","2","2+1","2","2","1","true"
"6x6","6x6-uct-0500","5","19","0.395833","1","2+1","2","0","3","false"
"6x6","6x6-uct-0500","5","20","0.416667","2","1+1+1","3","1","2","true"
"6x6","6x6-uct-0500","5","21","0.437500","1","2+1","2","0","3","false"
"6x6","6x6-uct-0500","5","22","0.458333","2","2+1","2","1","2","true"
"6x6","6x6-uct-0500","5","23","0.479167","1","1+1+1","3","3","0","false"
"6x6","6x6-uct-0500","5","24","0.500000","2","1+1+1","3","1","2","true"
"6x6","6x6-uct-0500","5","25","0.520833","1","2+1","2","0","3","false"
"6x6","6x6-uct-0500","5","26","0.541667","2","1+1+1","3","1","2","true"
"6x6","6x6-uct-0500","5","27","0.562500","1","1+1+1","3","2","1","true"
"6x6","6x6-uct-0500","5","28","0.583333","2","2+1","2","0","3","false"
"6x6","6x6-uct-0500","5","29","0.604167","1","1+1+1","3","1","2","true"
"6x6","6x6-uct-0500","5","30","0.625000","2","2+1","2","0","3","false"
"6x6","6x6-uct-0500","5","31","0.645833","1","2+1","2","0","3","false"
"6x6","6x6-uct-0500","5","32","0.666667","2","1+1+1","3","2","1","true"
"6x6","6x6-uct-0500","5","33","0.687500","1","1+1+1","3","0","3","false"
"6x6","6x6-uct-0500","5","34","0.708333","2","1+1+1","3","0","3","false"
"6x6","6x6-uct-0500","5","35","0.729167","1","1+1+1","3","1","2","true"
"6x6","6x6-uct-0500","5","36","0.750000","2","1+1+1","3","0","3","false"
"6x6","6x6-uct-0500","5","37","0.770833","1","1+1+1","3","1","2","true"
"6x6","6x6-uct-0500","5","38","0.791667","2","2+1","2","0","3","false"
"6x6","6x6-uct-0500","5","39","0.812500","1","1+1+1","3","0","3","false"
"6x6","6x6-uct-0500","5","40","0.833333","2","2+1","2","0","3","false"
"6x6","6x6-uct-0500","5","41","0.854167","1","1+1+1","3","1","2","true"
"6x6","6x6-uct-0500","5","42","0.875000","2","2+1","2","0","3","false"
"6x6","6x6-uct-0500","5","43","0.895833","1","1+1+1","3","2","1","true"
"6x6","6x6-uct-0500","5","44","0.916667","2","2+1","2","2","1","true"
"6x6","6x6-uct-0500","5","45","0.937500","1","1+1+1","3","2","1","true"
"6x6","6x6-uct-0500","5","46","0.958333","2","1+1+1","3","1","2","true"
"6x6","6x6-uct-0500","5","47","0.979167","1","2+1","2","2","1","true"
"6x6","6x6-uct-0500","5","48","1.000000","2","2+1","2","2","1","true"
"6x6","6x6-uct-0500","6","1","0.020833","1","1+1+1","3","3","0","false"
"6x6","6x6-uct-0500","6","2","0.041667","2","1+1+1","3","3","0","false"
"6x6","6x6-uct-0500","6","3","0.062500","1","1+1+1","3","3","0","false"
"6x6","6x6-uct-0500","6","4","0.083333","2","2+1","2","3","0","false"
"6x6","6x6-uct-0500","6","5","0.104167","1","1+1+1","3","2","1","true"
"6x6","6x6-uct-0500","6","6","0.125000","2","1+1+1","3","3","0","false"
"6x6","6x6-uct-0500","6","7","0.145833","1","1+1+1","3","2","1","true"
"6x6","6x6-uct-0500","6","8","0.166667","2","1+1+1","3","1","2","true"
"6x6","6x6-uct-0500","6","9","0.187500","1","1+1+1","3","2","1","true"
"6x6","6x6-uct-0500","6","10","0.208333","2","2+1","2","0","3","false"
"6x6","6x6-uct-0500","6","11","0.229167","1","2+1","2","2","1","true"
"6x6","6x6-uct-0500","6","12","0.250000","2","1+1+1","3","2","1","true"
"6x6","6x6-uct-0500","6","13","0.270833","1","1+1+1","3","1","2","true"
"6x6","6x6-uct-0500","6","14","0.291667","2","1+1+1","3","1","2","true"
"6x6","6x6-uct-0500","6","15","0.312500","1","1+1+1","3","2","1","true"
"6x6","6x6-uct-0500","6","16","0.333333","2","3","1","2","1","true"
"6x6","6x6-uct-0500","6","17","0.354167","1","1+1+1","3","0","3","false"
"6x6","6x6-uct-0500","6","18","0.375000","2","2+1","2","1","2","true"
"6x6","6x6-uct-0500","6","19","0.395833","1","1+1+1","3","3","0","false"
"6x6","6x6-uct-0500","6","20","0.416667","2","1+1+1","3","1","2","true"
"6x6","6x6-uct-0500","6","21","0.437500","1","2+1","2","0","3","false"
"6x6","6x6-uct-0500","6","22","0.458333","2","1+1+1","3","2","1","true"
"6x6","6x6-uct-0500","6","23","0.479167","1","1+1+1","3","2","1","true"
"6x6","6x6-uct-0500","6","24","0.500000","2","2+1","2","2","1","true"
"6x6","6x6-uct-0500","6","25","0.520833","1","1+1+1","3","0","3","false"
"6x6","6x6-uct-0500","6","26","0.541667","2","1+1+1","3","1","2","true"
"6x6","6x6-uct-0500","6","27","0.562500","1","2+1","2","0","3","false"
"6x6","6x6-uct-0500","6","28","0.583333","2","2+1","2","1","2","true"
"6x6","6x6-uct-0500","6","29","0.604167","1","2+1","2","2","1","true"
"6x6","6x6-uct-0500","6","30","0.625000","2","2+1","2","1","2","true"
"6x6","6x6-uct-0500","6","31","0.645833","1","1+1+1","3","1","2","true"
"6x6","6x6-uct-0500","6","32","0.666667","2","1+1+1","3","1","2","true"
"6x6","6x6-uct-0500","6","33","0.687500","1","2+1","2","0","3","false"
"6x6","6x6-uct-0500","6","34","0.708333","2","1+1+1","3","1","2","true"
"6x6","6x6-uct-0500","6","35","0.729167","1","1+1+1","3","2","1","true"
"6x6","6x6-uct-0500","6","36","0.750000","2","1+1+1","3","2","1","true"
"6x6","6x6-uct-0500","6","37","0.770833","1","1+1+1","3","0","3","false"
"6x6","6x6-uct-0500","6","38","0.791667","2","1+1+1","3","2","1","true"
"6x6","6x6-uct-0500","6","39","0.812500","1","2+1","2","0","3","false"
"6x6","6x6-uct-0500","6","40","0.833333","2","2+1","2","0","3","false"
"6x6","6x6-uct-0500","6","41","0.854167","1","1+1+1","3","1","2","true"
"6x6","6x6-uct-0500","6","42","0.875000","2","1+1+1","3","0","3","false"
"6x6","6x6-uct-0500","6","43","0.895833","1","2+1","2","0","3","false"
"6x6","6x6-uct-0500","6","44","0.916667","2","1+1+1","3","1","2","true"
"6x6","6x6-uct-0500","6","45","0.937500","1","1+1+1","3","3","0","false"
"6x6","6x6-uct-0500","6","46","0.958333","2","1+1+1","3","1","2","true"
"6x6","6x6-uct-0500","6","47","0.979167","1","2+1","2","0","3","false"
"6x6","6x6-uct-0500","6","48","1.000000","2","1+1+1","3","1","2","true"
"6x6","6x6-uct-0500","7","1","0.020833","1","1+1+1","3","3","0","false"
"6x6","6x6-uct-0500","7","2","0.041667","2","1+1+1","3","3","0","false"
"6x6","6x6-uct-0500","7","3","0.062500","1","2+1","2","2","1","true"
"6x6","6x6-uct-0500","7","4","0.083333","2","2+1","2","2","1","true"
"6x6","6x6-uct-0500","7","5","0.104167","1","3","1","2","1","true"
"6x6","6x6-uct-0500","7","6","0.125000","2","1+1+1","3","3","0","false"
"6x6","6x6-uct-0500","7","7","0.145833","1","2+1","2","2","1","true"
"6x6","6x6-uct-0500","7","8","0.166667","2","2+1","2","2","1","true"
"6x6","6x6-uct-0500","7","9","0.187500","1","1+1+1","3","2","1","true"
"6x6","6x6-uct-0500","7","10","0.208333","2","1+1+1","3","0","3","false"
"6x6","6x6-uct-0500","7","11","0.229167","1","1+1+1","3","1","2","true"
"6x6","6x6-uct-0500","7","12","0.250000","2","1+1+1","3","1","2","true"
"6x6","6x6-uct-0500","7","13","0.270833","1","2+1","2","2","1","true"
"6x6","6x6-uct-0500","7","14","0.291667","2","1+1+1","3","0","3","false"
"6x6","6x6-uct-0500","7","15","0.312500","1","2+1","2","1","2","true"
"6x6","6x6-uct-0500","7","16","0.333333","2","1+1+1","3","2","1","true"
"6x6","6x6-uct-0500","7","17","0.354167","1","2+1","2","3","0","false"
"6x6","6x6-uct-0500","7","18","0.375000","2","2+1","2","1","2","true"
"6x6","6x6-uct-0500","7","19","0.395833","1","1+1+1","3","1","2","true"
"6x6","6x6-uct-0500","7","20","0.416667","2","1+1+1","3","3","0","false"
"6x6","6x6-uct-0500","7","21","0.437500","1","2+1","2","0","3","false"
"6x6","6x6-uct-0500","7","22","0.458333","2","1+1+1","3","0","3","false"
"6x6","6x6-uct-0500","7","23","0.479167","1","2+1","2","0","3","false"
"6x6","6x6-uct-0500","7","24","0.500000","2","2+1","2","2","1","true"
"6x6","6x6-uct-0500","7","25","0.520833","1","1+1+1","3","1","2","true"
"6x6","6x6-uct-0500","7","26","0.541667","2","1+1+1","3","3","0","false"
"6x6","6x6-uct-0500","7","27","0.562500","1","2+1","2","2","1","true"
"6x6","6x6-uct-0500","7","28","0.583333","2","2+1","2","0","3","false"
"6x6","6x6-uct-0500","7","29","0.604167","1","1+1+1","3","1","2","true"
"6x6","6x6-uct-0500","7","30","0.625000","2","1+1+1","3","2","1","true"
"6x6","6x6-uct-0500","7","31","0.645833","1","1+1+1","3","2","1","true"
"6x6","6x6-uct-0500","7","32","0.666667","2","2+1","2","1","2","true"
"6x6","6x6-uct-0500","7","33","0.687500","1","1+1+1","3","1","2","true"
"6x6","6x6-uct-0500","7","34","0.708333","2","1+1+1","3","1","2","true"
"6x6","6x6-uct-0500","7","35","0.729167","1","1+1+1","3","2","1","true"
"6x6","6x6-uct-0500","7","36","0.750000","2","1+1+1","3","0","3","false"
"6x6","6x6-uct-0500","7","37","0.770833","1","1+1+1","3","1","2","true"
"6x6","6x6-uct-0500","7","38","0.791667","2","1+1+1","3","0","3","false"
"6x6","6x6-uct-0500","7","39","0.812500","1","2+1","2","0","3","false"
"6x6","6x6-uct-0500","7","40","0.833333","2","2+1","2","0","3","false"
"6x6","6x6-uct-0500","7","41","0.854167","1","3","1","1","2","true"
"6x6","6x6-uct-0500","7","42","0.875000","2","1+1+1","3","1","2","true"
"6x6","6x6-uct-0500","7","43","0.895833","1","1+1+1","3","2","1","true"
"6x6","6x6-uct-0500","7","44","0.916667","2","1+1+1","3","2","1","true"
"6x6","6x6-uct-0500","7","45","0.937500","1","2+1","2","0","3","false"
"6x6","6x6-uct-0500","7","46","0.958333","2","2+1","2","1","2","true"
"6x6","6x6-uct-0500","7","47","0.979167","1","1+1+1","3","0","3","false"
"6x6","6x6-uct-0500","7","48","1.000000","2","1+1+1","3","1","2","true"
"6x6","6x6-uct-0500","8","1","0.020833","1","1+1+1","3","3","0","false"
"6x6","6x6-uct-0500","8","2","0.041667","2","1+1+1","3","3","0","false"
"6x6","6x6-uct-0500","8","3","0.062500","1","1+1+1","3","3","0","false"
"6x6","6x6-uct-0500","8","4","0.083333","2","2+1","2","2","1","true"
"6x6","6x6-uct-0500","8","5","0.104167","1","1+1+1","3","2","1","true"
"6x6","6x6-uct-0500","8","6","0.125000","2","1+1+1","3","3","0","false"
"6x6","6x6-uct-0500","8","7","0.145833","1","3","1","3","0","false"
"6x6","6x6-uct-0500","8","8","0.166667","2","1+1+1","3","2","1","true"
"6x6","6x6-uct-0500","8","9","0.187500","1","1+1+1","3","1","2","true"
"6x6","6x6-uct-0500","8","10","0.208333","2","1+1+1","3","2","1","true"
"6x6","6x6-uct-0500","8","11","0.229167","1","2+1","2","2","1","true"
"6x6","6x6-uct-0500","8","12","0.250000","2","3","1","1","2","true"
"6x6","6x6-uct-0500","8","13","0.270833","1","2+1","2","1","2","true"
"6x6","6x6-uct-0500","8","14","0.291667","2","2+1","2","0","3","false"
"6x6","6x6-uct-0500","8","15","0.312500","1","2+1","2","2","1","true"
"6x6","6x6-uct-0500","8","16","0.333333","2","1+1+1","3","3","0","false"
"6x6","6x6-uct-0500","8","17","0.354167","1","1+1+1","3","1","2","true"
"6x6","6x6-uct-0500","8","18","0.375000","2","1+1+1","3","1","2","true"
"6x6","6x6-uct-0500","8","19","0.395833","1","2+1","2","1","2","true"
"6x6","6x6-uct-0500","8","20","0.416667","2","1+1+1","3","2","1","true"
"6x6","6x6-uct-0500","8","21","0.437500","1","1+1+1","3","1","2","true"
"6x6","6x6-uct-0500","8","22","0.458333","2","1+1+1","3","1","2","true"
"6x6","6x6-uct-0500","8","23","0.479167","1","1+1+1","3","1","2","true"
"6x6","6x6-uct-0500","8","24","0.500000","2","2+1","2","1","2","true"
"6x6","6x6-uct-0500","8","25","0.520833","1","2+1","2","1","2","true"
"6x6","6x6-uct-0500","8","26","0.541667","2","1+1+1","3","2","1","true"
"6x6","6x6-uct-0500","8","27","0.562500","1","1+1+1","3","2","1","true"
"6x6","6x6-uct-0500","8","28","0.583333","2","2+1","2","0","3","false"
"6x6","6x6-uct-0500","8","29","0.604167","1","2+1","2","1","2","true"
"6x6","6x6-uct-0500","8","30","0.625000","2","1+1+1","3","2","1","true"
"6x6","6x6-uct-0500","8","31","0.645833","1","1+1+1","3","1","2","true"
"6x6","6x6-uct-0500","8","32","0.666667","2","2+1","2","0","3","false"
"6x6","6x6-uct-0500","8","33","0.687500","1","2+1","2","0","3","false"
"6x6","6x6-uct-0500","8","34","0.708333","2","1+1+1","3","1","2","true"
"6x6","6x6-uct-0500","8","35","0.729167","1","1+1+1","3","1","2","true"
"6x6","6x6-uct-0500","8","36","0.750000","2","2+1","2","1","2","true"
"6x6","6x6-uct-0500","8","37","0.770833","1","3","1","0","3","false"
"6x6","6x6-uct-0500","8","38","0.791667","2","2+1","2","0","3","false"
"6x6","6x6-uct-0500","8","39","0.812500","1","2+1","2","1","2","true"
"6x6","6x6-uct-0500","8","40","0.833333","2","3","1","0","3","false"
"6x6","6x6-uct-0500","8","41","0.854167","1","2+1","2","0","3","false"
"6x6","6x6-uct-0500","8","42","0.875000","2","1+1+1","3","0","3","false"
"6x6","6x6-uct-0500","8","43","0.895833","1","2+1","2","0","3","false"
"6x6","6x6-uct-0500","8","44","0.916667","2","2+1","2","0","3","false"
"6x6","6x6-uct-0500","8","45","0.937500","1","1+1+1","3","0","3","false"
"6x6","6x6-uct-0500","8","46","0.958333","2","1+1+1","3","0","3","false"
"6x6","6x6-uct-0500","8","47","0.979167","1","1+1+1","3","0","3","false"
"6x6","6x6-uct-0500","8","48","1.000000","2","1+1+1","3","2","1","true"
"6x6","6x6-uct-0500","9","1","0.020833","1","2+1","2","3","0","false"
"6x6","6x6-uct-0500","9","2","0.041667","2","1+1+1","3","3","0","false"
"6x6","6x6-uct-0500","9","3","0.062500","1","1+1+1","3","2","1","true"
"6x6","6x6-uct-0500","9","4","0.083333","2","1+1+1","3","1","2","true"
"6x6","6x6-uct-0500","9","5","0.104167","1","2+1","2","3","0","false"
"6x6","6x6-uct-0500","9","6","0.125000","2","1+1+1","3","2","1","true"
"6x6","6x6-uct-0500","9","7","0.145833","1","2+1","2","2","1","true"
"6x6","6x6-uct-0500","9","8","0.166667","2","1+1+1","3","2","1","true"
"6x6","6x6-uct-0500","9","9","0.187500","1","1+1+1","3","2","1","true"
"6x6","6x6-uct-0500","9","10","0.208333","2","1+1+1","3","2","1","true"
"6x6","6x6-uct-0500","9","11","0.229167","1","2+1","2","1","2","true"
"6x6","6x6-uct-0500","9","12","0.250000","2","2+1","2","1","2","true"
"6x6","6x6-uct-0500","9","13","0.270833","1","2+1","2","1","2","true"
"6x6","6x6-uct-0500","9","14","0.291667","2","1+1+1","3","1","2","true"
"6x6","6x6-uct-0500","9","15","0.312500","1","2+1","2","1","2","true"
"6x6","6x6-uct-0500","9","16","0.333333","2","1+1+1","3","1","2","true"
"6x6","6x6-uct-0500","9","17","0.354167","1","2+1","2","2","1","true"
"6x6","6x6-uct-0500","9","18","0.375000","2","1+1+1","3","2","1","true"
"6x6","6x6-uct-0500","9","19","0.395833","1","1+1+1","3","1","2","true"
"6x6","6x6-uct-0500","9","20","0.416667","2","1+1+1","3","2","1","true"
"6x6","6x6-uct-0500","9","21","0.437500","1","1+1+1","3","1","2","true"
"6x6","6x6-uct-0500","9","22","0.458333","2","1+1+1","3","0","3","false"
"6x6","6x6-uct-0500","9","23","0.479167","1","1+1+1","3","1","2","true"
"6x6","6x6-uct-0500","9","24","0.500000","2","1+1+1","3","2","1","true"
"6x6","6x6-uct-0500","9","25","0.520833","1","1+1+1","3","1","2","true"
"6x6","6x6-uct-0500","9","26","0.541667","2","1+1+1","3","0","3","false"
"6x6","6x6-uct-0500","9","27","0.562500","1","1+1+1","3","2","1","true"
"6x6","6x6-uct-0500","9","28","0.583333","2","1+1+1","3","2","1","true"
"6x6","6x6-uct-0500","9","29","0.604167","1","1+1+1","3","1","2","true"
"6x6","6x6-uct-0500","9","30","0.625000","2","1+1+1","3","0","3","false"
"6x6","6x6-uct-0500","9","31","0.645833","1","1+1+1","3","0","3","false"
"6x6","6x6-uct-0500","9","32","0.666667","2","1+1+1","3","1","2","true"
"6x6","6x6-uct-0500","9","33","0.687500","1","2+1","2","1","2","true"
"6x6","6x6-uct-0500","9","34","0.708333","2","1+1+1","3","2","1","true"
"6x6","6x6-uct-0500","9","35","0.729167","1","2+1","2","2","1","true"
"6x6","6x6-uct-0500","9","36","0.750000","2","2+1","2","1","2","true"
"6x6","6x6-uct-0500","9","37","0.770833","1","2+1","2","1","2","true"
"6x6","6x6-uct-0500","9","38","0.791667","2","1+1+1","3","2","1","true"
"6x6","6x6-uct-0500","9","39","0.812500","1","2+1","2","2","1","true"
"6x6","6x6-uct-0500","9","40","0.833333","2","2+1","2","3","0","false"
"6x6","6x6-uct-0500","9","41","0.854167","1","2+1","2","0","3","false"
"6x6","6x6-uct-0500","9","42","0.875000","2","1+1+1","3","2","1","true"
"6x6","6x6-uct-0500","9","43","0.895833","1","1+1+1","3","3","0","false"
"6x6","6x6-uct-0500","9","44","0.916667","2","1+1+1","3","1","2","true"
"6x6","6x6-uct-0500","9","45","0.937500","1","1+1+1","3","1","2","true"
"6x6","6x6-uct-0500","9","46","0.958333","2","2+1","2","1","2","true"
"6x6","6x6-uct-0500","9","47","0.979167","1","2+1","2","3","0","false"
"6x6","6x6-uct-0500","9","48","1.000000","2","1+1+1","3","3","0","false"
"6x6","6x6-uct-0500","10","1","0.020833","1","1+1+1","3","3","0","false"
"6x6","6x6-uct-0500","10","2","0.041667","2","2+1","2","3","0","false"
"6x6","6x6-uct-0500","10","3","0.062500","1","1+1+1","3","3","0","false"
"6x6","6x6-uct-0500","10","4","0.083333","2","2+1","2","2","1","true"
"6x6","6x6-uct-0500","10","5","0.104167","1","1+1+1","3","2","1","true"
"6x6","6x6-uct-0500","10","6","0.125000","2","2+1","2","3","0","false"
"6x6","6x6-uct-0500","10","7","0.145833","1","1+1+1","3","3","0","false"
"6x6","6x6-uct-0500","10","8","0.166667","2","1+1+1","3","2","1","true"
"6x6","6x6-uct-0500","10","9","0.187500","1","1+1+1","3","2","1","true"
"6x6","6x6-uct-0500","10","10","0.208333","2","1+1+1","3","2","1","true"
"6x6","6x6-uct-0500","10","11","0.229167","1","2+1","2","0","3","false"
"6x6","6x6-uct-0500","10","12","0.250000","2","1+1+1","3","2","1","true"
"6x6","6x6-uct-0500","10","13","0.270833","1","2+1","2","1","2","true"
"6x6","6x6-uct-0500","10","14","0.291667","2","1+1+1","3","1","2","true"
"6x6","6x6-uct-0500","10","15","0.312500","1","1+1+1","3","0","3","false"
"6x6","6x6-uct-0500","10","16","0.333333","2","1+1+1","3","3","0","false"
"6x6","6x6-uct-0500","10","17","0.354167","1","1+1+1","3","2","1","true"
"6x6","6x6-uct-0500","10","18","0.375000","2","1+1+1","3","2","1","true"
"6x6","6x6-uct-0500","10","19","0.395833","1","1+1+1","3","1","2","true"
"6x6","6x6-uct-0500","10","20","0.416667","2","1+1+1","3","2","1","true"
"6x6","6x6-uct-0500","10","21","0.437500","1","2+1","2","2","1","true"
"6x6","6x6-uct-0500","10","22","0.458333","2","1+1+1","3","1","2","true"
"6x6","6x6-uct-0500","10","23","0.479167","1","2+1","2","1","2","true"
"6x6","6x6-uct-0500","10","24","0.500000","2","1+1+1","3","2","1","true"
"6x6","6x6-uct-0500","10","25","0.520833","1","1+1+1","3","2","1","true"
"6x6","6x6-uct-0500","10","26","0.541667","2","1+1+1","3","1","2","true"
"6x6","6x6-uct-0500","10","27","0.562500","1","2+1","2","1","2","true"
"6x6","6x6-uct-0500","10","28","0.583333","2","1+1+1","3","1","2","true"
"6x6","6x6-uct-0500","10","29","0.604167","1","2+1","2","0","3","false"
"6x6","6x6-uct-0500","10","30","0.625000","2","2+1","2","1","2","true"
"6x6","6x6-uct-0500","10","31","0.645833","1","1+1+1","3","1","2","true"
"6x6","6x6-uct-0500","10","32","0.666667","2","1+1+1","3","2","1","true"
"6x6","6x6-uct-0500","10","33","0.687500","1","1+1+1","3","0","3","false"
"6x6","6x6-uct-0500","10","34","0.708333","2","2+1","2","3","0","false"
"6x6","6x6-uct-0500","10","35","0.729167","1","1+1+1","3","2","1","true"
"6x6","6x6-uct-0500","10","36","0.750000","2","1+1+1","3","1","2","true"
"6x6","6x6-uct-0500","10","37","0.770833","1","1+1+1","3","1","2","true"
"6x6","6x6-uct-0500","10","38","0.791667","2","1+1+1","3","0","3","false"
"6x6","6x6-uct-0500","10","39","0.812500","1","2+1","2","1","2","true"
"6x6","6x6-uct-0500","10","40","0.833333","2","2+1","2","1","2","true"
"6x6","6x6-uct-0500","10","41","0.854167","1","1+1+1","3","3","0","false"
"6x6","6x6-uct-0500","10","42","0.875000","2","1+1+1","3","1","2","true"
"6x6","6x6-uct-0500","10","43","0.895833","1","1+1+1","3","1","2","true"
"6x6","6x6-uct-0500","10","44","0.916667","2","1+1+1","3","1","2","true"
"6x6","6x6-uct-0500","10","45","0.937500","1","2+1","2","1","2","true"
"6x6","6x6-uct-0500","10","46","0.958333","2","2+1","2","2","1","true"
"6x6","6x6-uct-0500","10","47","0.979167","1","1+1+1","3","3","0","false"
"6x6","6x6-uct-0500","10","48","1.000000","2","1+1+1","3","1","2","true"
"6x6","6x6-uct-0500","11","1","0.020833","1","2+1","2","3","0","false"
"6x6","6x6-uct-0500","11","2","0.041667","2","1+1+1","3","3","0","false"
"6x6","6x6-uct-0500","11","3","0.062500","1","2+1","2","3","0","false"
"6x6","6x6-uct-0500","11","4","0.083333","2","1+1+1","3","2","1","true"
"6x6","6x6-uct-0500","11","5","0.104167","1","2+1","2","2","1","true"
"6x6","6x6-uct-0500","11","6","0.125000","2","2+1","2","2","1","true"
"6x6","6x6-uct-0500","11","7","0.145833","1","1+1+1","3","2","1","true"
"6x6","6x6-uct-0500","11","8","0.166667","2","2+1","2","2","1","true"
"6x6","6x6-uct-0500","11","9","0.187500","1","2+1","2","1","2","true"
"6x6","6x6-uct-0500","11","10","0.208333","2","1+1+1","3","2","1","true"
"6x6","6x6-uct-0500","11","11","0.229167","1","1+1+1","3","1","2","true"
"6x6","6x6-uct-0500","11","12","0.250000","2","1+1+1","3","2","1","true"
"6x6","6x6-uct-0500","11","13","0.270833","1","1+1+1","3","3","0","false"
"6x6","6x6-uct-0500","11","14","0.291667","2","1+1+1","3","2","1","true"
"6x6","6x6-uct-0500","11","15","0.312500","1","1+1+1","3","1","2","true"
"6x6","6x6-uct-0500","11","16","0.333333","2","2+1","2","1","2","true"
"6x6","6x6-uct-0500","11","17","0.354167","1","2+1","2","1","2","true"
"6x6","6x6-uct-0500","11","18","0.375000","2","1+1+1","3","1","2","true"
"6x6","6x6-uct-0500","11","19","0.395833","1","1+1+1","3","0","3","false"
"6x6","6x6-uct-0500","11","20","0.416667","2","1+1+1","3","2","1","true"
"6x6","6x6-uct-0500","11","21","0.437500","1","1+1+1","3","1","2","true"
"6x6","6x6-uct-0500","11","22","0.458333","2","1+1+1","3","2","1","true"
"6x6","6x6-uct-0500","11","23","0.479167","1","1+1+1","3","2","1","true"
"6x6","6x6-uct-0500","11","24","0.500000","2","2+1","2","0","3","false"
"6x6","6x6-uct-0500","11","25","0.520833","1","1+1+1","3","3","0","false"
"6x6","6x6-uct-0500","11","26","0.541667","2","1+1+1","3","1","2","true"
"6x6","6x6-uct-0500","11","27","0.562500","1","1+1+1","3","1","2","true"
"6x6","6x6-uct-0500","11","28","0.583333","2","2+1","2","1","2","true"
"6x6","6x6-uct-0500","11","29","0.604167","1","2+1","2","0","3","false"
"6x6","6x6-uct-0500","11","30","0.625000","2","1+1+1","3","0","3","false"
"6x6","6x6-uct-0500","11","31","0.645833","1","1+1+1","3","1","2","true"
"6x6","6x6-uct-0500","11","32","0.666667","2","1+1+1","3","2","1","true"
"6x6","6x6-uct-0500","11","33","0.687500","1","1+1+1","3","0","3","false"
"6x6","6x6-uct-0500","11","34","0.708333","2","1+1+1","3","2","1","true"
"6x6","6x6-uct-0500","11","35","0.729167","1","1+1+1","3","2","1","true"
"6x6","6x6-uct-0500","11","36","0.750000","2","1+1+1","3","0","3","false"
"6x6","6x6-uct-0500","11","37","0.770833","1","2+1","2","0","3","false"
"6x6","6x6-uct-0500","11","38","0.791667","2","2+1","2","0","3","false"
"6x6","6x6-uct-0500","11","39","0.812500","1","1+1+1","3","1","2","true"
"6x6","6x6-uct-0500","11","40","0.833333","2","1+1+1","3","0","3","false"
"6x6","6x6-uct-0500","11","41","0.854167","1","2+1","2","0","3","false"
"6x6","6x6-uct-0500","11","42","0.875000","2","1+1+1","3","1","2","true"
"6x6","6x6-uct-0500","11","43","0.895833","1","1+1+1","3","0","3","false"
"6x6","6x6-uct-0500","11","44","0.916667","2","2+1","2","1","2","true"
"6x6","6x6-uct-0500","11","45","0.937500","1","2+1","2","0","3","false"
"6x6","6x6-uct-0500","11","46","0.958333","2","2+1","2","0","3","false"
"6x6","6x6-uct-0500","11","47","0.979167","1","1+1+1","3","1","2","true"
"6x6","6x6-uct-0500","11","48","1.000000","2","1+1+1","3","1","2","true"
"6x6","6x6-uct-0500","12","1","0.020833","1","2+1","2","3","0","false"
"6x6","6x6-uct-0500","12","2","0.041667","2","1+1+1","3","3","0","false"
"6x6","6x6-uct-0500","12","3","0.062500","1","2+1","2","3","0","false"
"6x6","6x6-uct-0500","12","4","0.083333","2","2+1","2","1","2","true"
"6x6","6x6-uct-0500","12","5","0.104167","1","1+1+1","3","2","1","true"
"6x6","6x6-uct-0500","12","6","0.125000","2","1+1+1","3","3","0","false"
"6x6","6x6-uct-0500","12","7","0.145833","1","2+1","2","2","1","true"
"6x6","6x6-uct-0500","12","8","0.166667","2","1+1+1","3","3","0","false"
"6x6","6x6-uct-0500","12","9","0.187500","1","1+1+1","3","1","2","true"
"6x6","6x6-uct-0500","12","10","0.208333","2","1+1+1","3","1","2","true"
"6x6","6x6-uct-0500","12","11","0.229167","1","1+1+1","3","1","2","true"
"6x6","6x6-uct-0500","12","12","0.250000","2","2+1","2","1","2","true"
"6x6","6x6-uct-0500","12","13","0.270833","1","1+1+1","3","2","1","true"
"6x6","6x6-uct-0500","12","14","0.291667","2","1+1+1","3","2","1","true"
"6x6","6x6-uct-0500","12","15","0.312500","1","1+1+1","3","0","3","false"
"6x6","6x6-uct-0500","12","16","0.333333","2","2+1","2","1","2","true"
"6x6","6x6-uct-0500","12","17","0.354167","1","1+1+1","3","3","0","false"
"6x6","6x6-uct-0500","12","18","0.375000","2","1+1+1","3","1","2","true"
"6x6","6x6-uct-0500","12","19","0.395833","1","2+1","2","2","1","true"
"6x6","6x6-uct-0500","12","20","0.416667","2","1+1+1","3","1","2","true"
"6x6","6x6-uct-0500","12","21","0.437500","1","3","1","1","2","true"
"6x6","6x6-uct-0500","12","22","0.458333","2","2+1","2","0","3","false"
"6x6","6x6-uct-0500","12","23","0.479167","1","2+1","2","2","1","true"
"6x6","6x6-uct-0500","12","24","0.500000","2","1+1+1","3","1","2","true"
"6x6","6x6-uct-0500","12","25","0.520833","1","1+1+1","3","0","3","false"
"6x6","6x6-uct-0500","12","26","0.541667","2","1+1+1","3","0","3","false"
"6x6","6x6-uct-0500","12","27","0.562500","1","2+1","2","1","2","true"
"6x6","6x6-uct-0500","12","28","0.583333","2","2+1","2","3","0","false"
"6x6","6x6-uct-0500","12","29","0.604167","1","1+1+1","3","0","3","false"
"6x6","6x6-uct-0500","12","30","0.625000","2","1+1+1","3","2","1","true"
"6x6","6x6-uct-0500","12","31","0.645833","1","1+1+1","3","1","2","true"
"6x6","6x6-uct-0500","12","32","0.666667","2","1+1+1","3","2","1","true"
"6x6","6x6-uct-0500","12","33","0.687500","1","1+1+1","3","2","1","true"
"6x6","6x6-uct-0500","12","34","0.708333","2","2+1","2","0","3","false"
"6x6","6x6-uct-0500","12","35","0.729167","1","2+1","2","1","2","true"
"6x6","6x6-uct-0500","12","36","0.750000","2","2+1","2","1","2","true"
"6x6","6x6-uct-0500","12","37","0.770833","1","1+1+1","3","2","1","true"
"6x6","6x6-uct-0500","12","38","0.791667","2","1+1+1","3","1","2","true"
"6x6","6x6-uct-0500","12","39","0.812500","1","3","1","0","3","false"
"6x6","6x6-uct-0500","12","40","0.833333","2","1+1+1","3","1","2","true"
"6x6","6x6-uct-0500","12","41","0.854167","1","2+1","2","0","3","false"
"6x6","6x6-uct-0500","12","42","0.875000","2","1+1+1","3","1","2","true"
"6x6","6x6-uct-0500","12","43","0.895833","1","1+1+1","3","2","1","true"
"6x6","6x6-uct-0500","12","44","0.916667","2","2+1","2","1","2","true"
"6x6","6x6-uct-0500","12","45","0.937500","1","1+1+1","3","2","1","true"
"6x6","6x6-uct-0500","12","46","0.958333","2","1+1+1","3","1","2","true"
"6x6","6x6-uct-0500","12","47","0.979167","1","1+1+1","3","3","0","false"
"6x6","6x6-uct-0500","12","48","1.000000","2","2+1","2","2","1","true"
"6x6","6x6-uct-0500","13","1","0.020833","1","2+1","2","3","0","false"
"6x6","6x6-uct-0500","13","2","0.041667","2","2+1","2","3","0","false"
"6x6","6x6-uct-0500","13","3","0.062500","1","1+1+1","3","2","1","true"
"6x6","6x6-uct-0500","13","4","0.083333","2","2+1","2","3","0","false"
"6x6","6x6-uct-0500","13","5","0.104167","1","1+1+1","3","3","0","false"
"6x6","6x6-uct-0500","13","6","0.125000","2","1+1+1","3","2","1","true"
"6x6","6x6-uct-0500","13","7","0.145833","1","1+1+1","3","2","1","true"
"6x6","6x6-uct-0500","13","8","0.166667","2","1+1+1","3","1","2","true"
"6x6","6x6-uct-0500","13","9","0.187500","1","2+1","2","1","2","true"
"6x6","6x6-uct-0500","13","10","0.208333","2","1+1+1","3","2","1","true"
"6x6","6x6-uct-0500","13","11","0.229167","1","1+1+1","3","2","1","true"
"6x6","6x6-uct-0500","13","12","0.250000","2","2+1","2","3","0","false"
"6x6","6x6-uct-0500","13","13","0.270833","1","1+1+1","3","3","0","false"
"6x6","6x6-uct-0500","13","14","0.291667","2","1+1+1","3","2","1","true"
"6x6","6x6-uct-0500","13","15","0.312500","1","1+1+1","3","1","2","true"
"6x6","6x6-uct-0500","13","16","0.333333","2","1+1+1","3","1","2","true"
"6x6","6x6-uct-0500","13","17","0.354167","1","2+1","2","0","3","false"
"6x6","6x6-uct-0500","13","18","0.375000","2","1+1+1","3","0","3","false"
"6x6","6x6-uct-0500","13","19","0.395833","1","1+1+1","3","1","2","true"
"6x6","6x6-uct-0500","13","20","0.416667","2","1+1+1","3","2","1","true"
"6x6","6x6-uct-0500","13","21","0.437500","1","1+1+1","3","2","1","true"
"6x6","6x6-uct-0500","13","22","0.458333","2","2+1","2","2","1","true"
"6x6","6x6-uct-0500","13","23","0.479167","1","2+1","2","1","2","true"
"6x6","6x6-uct-0500","13","24","0.500000","2","1+1+1","3","2","1","true"
"6x6","6x6-uct-0500","13","25","0.520833","1","1+1+1","3","1","2","true"
"6x6","6x6-uct-0500","13","26","0.541667","2","1+1+1","3","2","1","true"
"6x6","6x6-uct-0500","13","27","0.562500","1","1+1+1","3","1","2","true"
"6x6","6x6-uct-0500","13","28","0.583333","2","1+1+1","3","3","0","false"
"6x6","6x6-uct-0500","13","29","0.604167","1","1+1+1","3","2","1","true"
"6x6","6x6-uct-0500","13","30","0.625000","2","1+1+1","3","0","3","false"
"6x6","6x6-uct-0500","13","31","0.645833","1","1+1+1","3","2","1","true"
"6x6","6x6-uct-0500","13","32","0.666667","2","2+1","2","0","3","false"
"6x6","6x6-uct-0500","13","33","0.687500","1","2+1","2","1","2","true"
"6x6","6x6-uct-0500","13","34","0.708333","2","1+1+1","3","0","3","false"
"6x6","6x6-uct-0500","13","35","0.729167","1","2+1","2","1","2","true"
"6x6","6x6-uct-0500","13","36","0.750000","2","2+1","2","0","3","false"
"6x6","6x6-uct-0500","13","37","0.770833","1","1+1+1","3","0","3","false"
"6x6","6x6-uct-0500","13","38","0.791667","2","1+1+1","3","1","2","true"
"6x6","6x6-uct-0500","13","39","0.812500","1","2+1","2","1","2","true"
"6x6","6x6-uct-0500","13","40","0.833333","2","2+1","2","2","1","true"
"6x6","6x6-uct-0500","13","41","0.854167","1","1+1+1","3","2","1","true"
"6x6","6x6-uct-0500","13","42","0.875000","2","2+1","2","1","2","true"
"6x6","6x6-uct-0500","13","43","0.895833","1","2+1","2","1","2","true"
"6x6","6x6-uct-0500","13","44","0.916667","2","2+1","2","1","2","true"
"6x6","6x6-uct-0500","13","45","0.937500","1","2+1","2","1","2","true"
"6x6","6x6-uct-0500","13","46","0.958333","2","3","1","0","3","false"
"6x6","6x6-uct-0500","13","47","0.979167","1","2+1","2","0","3","false"
"6x6","6x6-uct-0500","13","48","1.000000","2","2+1","2","3","0","false"
"6x6","6x6-uct-0500","14","1","0.020833","1","2+1","2","3","0","false"
"6x6","6x6-uct-0500","14","2","0.041667","2","2+1","2","3","0","false"
"6x6","6x6-uct-0500","14","3","0.062500","1","2+1","2","3","0","false"
"6x6","6x6-uct-0500","14","4","0.083333","2","1+1+1","3","3","0","false"
"6x6","6x6-uct-0500","14","5","0.104167","1","1+1+1","3","3","0","false"
"6x6","6x6-uct-0500","14","6","0.125000","2","1+1+1","3","3","0","false"
"6x6","6x6-uct-0500","14","7","0.145833","1","2+1","2","2","1","true"
"6x6","6x6-uct-0500","14","8","0.166667","2","2+1","2","1","2","true"
"6x6","6x6-uct-0500","14","9","0.187500","1","1+1+1","3","3","0","false"
"6x6","6x6-uct-0500","14","10","0.208333","2","2+1","2","1","2","true"
"6x6","6x6-uct-0500","14","11","0.229167","1","2+1","2","1","2","true"
"6x6","6x6-uct-0500","14","12","0.250000","2","2+1","2","1","2","true"
"6x6","6x6-uct-0500","14","13","0.270833","1","1+1+1","3","1","2","true"
"6x6","6x6-uct-0500","14","14","0.291667","2","1+1+1","3","2","1","true"
"6x6","6x6-uct-0500","14","15","0.312500","1","2+1","2","2","1","true"
"6x6","6x6-uct-0500","14","16","0.333333","2","1+1+1","3","0","3","false"
"6x6","6x6-uct-0500","14","17","0.354167","1","1+1+1","3","2","1","true"
"6x6","6x6-uct-0500","14","18","0.375000","2","1+1+1","3","2","1","true"
"6x6","6x6-uct-0500","14","19","0.395833","1","2+1","2","3","0","false"
"6x6","6x6-uct-0500","14","20","0.416667","2","1+1+1","3","2","1","true"
"6x6","6x6-uct-0500","14","21","0.437500","1","1+1+1","3","3","0","false"
"6x6","6x6-uct-0500","14","22","0.458333","2","1+1+1","3","3","0","false"
"6x6","6x6-uct-0500","14","23","0.479167","1","1+1+1","3","1","2","true"
"6x6","6x6-uct-0500","14","24","0.500000","2","1+1+1","3","2","1","true"
"6x6","6x6-uct-0500","14","25","0.520833","1","2+1","2","2","1","true"
"6x6","6x6-uct-0500","14","26","0.541667","2","2+1","2","1","2","true"
"6x6","6x6-uct-0500","14","27","0.562500","1","2+1","2","1","2","true"
"6x6","6x6-uct-0500","14","28","0.583333","2","1+1+1","3","3","0","false"
"6x6","6x6-uct-0500","14","29","0.604167","1","1+1+1","3","2","1","true"
"6x6","6x6-uct-0500","14","30","0.625000","2","1+1+1","3","0","3","false"
"6x6","6x6-uct-0500","14","31","0.645833","1","1+1+1","3","1","2","true"
"6x6","6x6-uct-0500","14","32","0.666667","2","1+1+1","3","1","2","true"
"6x6","6x6-uct-0500","14","33","0.687500","1","2+1","2","0","3","false"
"6x6","6x6-uct-0500","14","34","0.708333","2","1+1+1","3","1","2","true"
"6x6","6x6-uct-0500","14","35","0.729167","1","1+1+1","3","1","2","true"
"6x6","6x6-uct-0500","14","36","0.750000","2","1+1+1","3","1","2","true"
"6x6","6x6-uct-0500","14","37","0.770833","1","1+1+1","3","0","3","false"
"6x6","6x6-uct-0500","14","38","0.791667","2","1+1+1","3","1","2","true"
"6x6","6x6-uct-0500","14","39","0.812500","1","1+1+1","3","0","3","false"
"6x6","6x6-uct-0500","14","40","0.833333","2","2+1","2","1","2","true"
"6x6","6x6-uct-0500","14","41","0.854167","1","1+1+1","3","0","3","false"
"6x6","6x6-uct-0500","14","42","0.875000","2","2+1","2","0","3","false"
"6x6","6x6-uct-0500","14","43","0.895833","1","1+1+1","3","2","1","true"
"6x6","6x6-uct-0500","14","44","0.916667","2","2+1","2","2","1","true"
"6x6","6x6-uct-0500","14","45","0.937500","1","1+1+1","3","0","3","false"
"6x6","6x6-uct-0500","14","46","0.958333","2","1+1+1","3","0","3","false"
"6x6","6x6-uct-0500","14","47","0.979167","1","2+1","2","1","2","true"
"6x6","6x6-uct-0500","14","48","1.000000","2","2+1","2","2","1","true"
"6x6","6x6-uct-0500","15","1","0.020833","1","2+1","2","3","0","false"
"6x6","6x6-uct-0500","15","2","0.041667","2","1+1+1","3","3","0","false"
"6x6","6x6-uct-0500","15","3","0.062500","1","2+1","2","3","0","false"
"6x6","6x6-uct-0500","15","4","0.083333","2","1+1+1","3","3","0","false"
"6x6","6x6-uct-0500","15","5","0.104167","1","1+1+1","3","2","1","true"
"6x6","6x6-uct-0500","15","6","0.125000","2","1+1+1","3","1","2","true"
"6x6","6x6-uct-0500","15","7","0.145833","1","2+1","2","1","2","true"
"6x6","6x6-uct-0500","15","8","0.166667","2","2+1","2","1","2","true"
"6x6","6x6-uct-0500","15","9","0.187500","1","1+1+1","3","3","0","false"
"6x6","6x6-uct-0500","15","10","0.208333","2","1+1+1","3","3","0","false"
"6x6","6x6-uct-0500","15","11","0.229167","1","1+1+1","3","2","1","true"
"6x6","6x6-uct-0500","15","12","0.250000","2","2+1","2","1","2","true"
"6x6","6x6-uct-0500","15","13","0.270833","1","1+1+1","3","1","2","true"
"6x6","6x6-uct-0500","15","14","0.291667","2","1+1+1","3","1","2","true"
"6x6","6x6-uct-0500","15","15","0.312500","1","1+1+1","3","1","2","true"
"6x6","6x6-uct-0500","15","16","0.333333","2","1+1+1","3","0","3","false"
"6x6","6x6-uct-0500","15","17","0.354167","1","1+1+1","3","1","2","true"
"6x6","6x6-uct-0500","15","18","0.375000","2","1+1+1","3","2","1","true"
"6x6","6x6-uct-0500","15","19","0.395833","1","2+1","2","1","2","true"
"6x6","6x6-uct-0500","15","20","0.416667","2","1+1+1","3","2","1","true"
"6x6","6x6-uct-0500","15","21","0.437500","1","1+1+1","3","3","0","false"
"6x6","6x6-uct-0500","15","22","0.458333","2","1+1+1","3","3","0","false"
"6x6","6x6-uct-0500","15","23","0.479167","1","2+1","2","1","2","true"
"6x6","6x6-uct-0500","15","24","0.500000","2","2+1","2","1","2","true"
"6x6","6x6-uct-0500","15","25","0.520833","1","1+1+1","3","3","0","false"
"6x6","6x6-uct-0500","15","26","0.541667","2","2+1","2","2","1","true"
"6x6","6x6-uct-0500","15","27","0.562500","1","1+1+1","3","1","2","true"
"6x6","6x6-uct-0500","15","28","0.583333","2","2+1","2","0","3","false"
"6x6","6x6-uct-0500","15","29","0.604167","1","1+1+1","3","1","2","true"
"6x6","6x6-uct-0500","15","30","0.625000","2","1+1+1","3","2","1","true"
"6x6","6x6-uct-0500","15","31","0.645833","1","2+1","2","0","3","false"
"6x6","6x6-uct-0500","15","32","0.666667","2","1+1+1","3","3","0","false"
"6x6","6x6-uct-0500","15","33","0.687500","1","2+1","2","2","1","true"
"6x6","6x6-uct-0500","15","34","0.708333","2","1+1+1","3","1","2","true"
"6x6","6x6-uct-0500","15","35","0.729167","1","1+1+1","3","0","3","false"
"6x6","6x6-uct-0500","15","36","0.750000","2","1+1+1","3","0","3","false"
"6x6","6x6-uct-0500","15","37","0.770833","1","2+1","2","1","2","true"
"6x6","6x6-uct-0500","15","38","0.791667","2","2+1","2","2","1","true"
"6x6","6x6-uct-0500","15","39","0.812500","1","2+1","2","0","3","false"
"6x6","6x6-uct-0500","15","40","0.833333","2","1+1+1","3","1","2","true"
"6x6","6x6-uct-0500","15","41","0.854167","1","2+1","2","1","2","true"
"6x6","6x6-uct-0500","15","42","0.875000","2","1+1+1","3","0","3","false"
"6x6","6x6-uct-0500","15","43","0.895833","1","1+1+1","3","0","3","false"
"6x6","6x6-uct-0500","15","44","0.916667","2","1+1+1","3","1","2","true"
"6x6","6x6-uct-0500","15","45","0.937500","1","1+1+1","3","1","2","true"
"6x6","6x6-uct-0500","15","46","0.958333","2","1+1+1","3","0","3","false"
"6x6","6x6-uct-0500","15","47","0.979167","1","1+1+1","3","0","3","false"
"6x6","6x6-uct-0500","15","48","1.000000","2","2+1","2","0","3","false"
"6x6","6x6-uct-0500","16","1","0.020833","1","1+1+1","3","3","0","false"
"6x6","6x6-uct-0500","16","2","0.041667","2","2+1","2","3","0","false"
"6x6","6x6-uct-0500","16","3","0.062500","1","1+1+1","3","2","1","true"
"6x6","6x6-uct-0500","16","4","0.083333","2","1+1+1","3","3","0","false"
"6x6","6x6-uct-0500","16","5","0.104167","1","3","1","2","1","true"
"6x6","6x6-uct-0500","16","6","0.125000","2","1+1+1","3","2","1","true"
"6x6","6x6-uct-0500","16","7","0.145833","1","2+1","2","2","1","true"
"6x6","6x6-uct-0500","16","8","0.166667","2","2+1","2","3","0","false"
"6x6","6x6-uct-0500","16","9","0.187500","1","1+1+1","3","2","1","true"
"6x6","6x6-uct-0500","16","10","0.208333","2","2+1","2","2","1","true"
"6x6","6x6-uct-0500","16","11","0.229167","1","2+1","2","0","3","false"
"6x6","6x6-uct-0500","16","12","0.250000","2","1+1+1","3","2","1","true"
"6x6","6x6-uct-0500","16","13","0.270833","1","1+1+1","3","2","1","true"
"6x6","6x6-uct-0500","16","14","0.291667","2","2+1","2","1","2","true"
"6x6","6x6-uct-0500","16","15","0.312500","1","1+1+1","3","2","1","true"
"6x6","6x6-uct-0500","16","16","0.333333","2","1+1+1","3","0","3","false"
"6x6","6x6-uct-0500","16","17","0.354167","1","2+1","2","1","2","true"
"6x6","6x6-uct-0500","16","18","0.375000","2","1+1+1","3","2","1","true"
"6x6","6x6-uct-0500","16","19","0.395833","1","2+1","2","0","3","false"
"6x6","6x6-uct-0500","16","20","0.416667","2","1+1+1","3","1","2","true"
"6x6","6x6-uct-0500","16","21","0.437500","1","2+1","2","1","2","true"
"6x6","6x6-uct-0500","16","22","0.458333","2","1+1+1","3","1","2","true"
"6x6","6x6-uct-0500","16","23","0.479167","1","1+1+1","3","2","1","true"
"6x6","6x6-uct-0500","16","24","0.500000","2","1+1+1","3","0","3","false"
"6x6","6x6-uct-0500","16","25","0.520833","1","1+1+1","3","1","2","true"
"6x6","6x6-uct-0500","16","26","0.541667","2","1+1+1","3","0","3","false"
"6x6","6x6-uct-0500","16","27","0.562500","1","1+1+1","3","1","2","true"
"6x6","6x6-uct-0500","16","28","0.583333","2","1+1+1","3","0","3","false"
"6x6","6x6-uct-0500","16","29","0.604167","1","1+1+1","3","1","2","true"
"6x6","6x6-uct-0500","16","30","0.625000","2","2+1","2","1","2","true"
"6x6","6x6-uct-0500","16","31","0.645833","1","1+1+1","3","0","3","false"
"6x6","6x6-uct-0500","16","32","0.666667","2","1+1+1","3","0","3","false"
"6x6","6x6-uct-0500","16","33","0.687500","1","1+1+1","3","2","1","true"
"6x6","6x6-uct-0500","16","34","0.708333","2","1+1+1","3","1","2","true"
"6x6","6x6-uct-0500","16","35","0.729167","1","1+1+1","3","3","0","false"
"6x6","6x6-uct-0500","16","36","0.750000","2","1+1+1","3","3","0","false"
"6x6","6x6-uct-0500","16","37","0.770833","1","2+1","2","0","3","false"
"6x6","6x6-uct-0500","16","38","0.791667","2","1+1+1","3","1","2","true"
"6x6","6x6-uct-0500","16","39","0.812500","1","2+1","2","1","2","true"
"6x6","6x6-uct-0500","16","40","0.833333","2","1+1+1","3","1","2","true"
"6x6","6x6-uct-0500","16","41","0.854167","1","2+1","2","0","3","false"
"6x6","6x6-uct-0500","16","42","0.875000","2","1+1+1","3","1","2","true"
"6x6","6x6-uct-0500","16","43","0.895833","1","2+1","2","0","3","false"
"6x6","6x6-uct-0500","16","44","0.916667","2","2+1","2","0","3","false"
"6x6","6x6-uct-0500","16","45","0.937500","1","2+1","2","1","2","true"
"6x6","6x6-uct-0500","16","46","0.958333","2","2+1","2","1","2","true"
"6x6","6x6-uct-0500","16","47","0.979167","1","2+1","2","3","0","false"
"6x6","6x6-uct-0500","16","48","1.000000","2","2+1","2","3","0","false"
"6x6","6x6-uct-0500","17","1","0.020833","1","2+1","2","3","0","false"
"6x6","6x6-uct-0500","17","2","0.041667","2","1+1+1","3","3","0","false"
"6x6","6x6-uct-0500","17","3","0.062500","1","1+1+1","3","2","1","true"
"6x6","6x6-uct-0500","17","4","0.083333","2","1+1+1","3","3","0","false"
"6x6","6x6-uct-0500","17","5","0.104167","1","1+1+1","3","2","1","true"
"6x6","6x6-uct-0500","17","6","0.125000","2","1+1+1","3","2","1","true"
"6x6","6x6-uct-0500","17","7","0.145833","1","1+1+1","3","3","0","false"
"6x6","6x6-uct-0500","17","8","0.166667","2","2+1","2","1","2","true"
"6x6","6x6-uct-0500","17","9","0.187500","1","1+1+1","3","3","0","false"
"6x6","6x6-uct-0500","17","10","0.208333","2","1+1+1","3","2","1","true"
"6x6","6x6-uct-0500","17","11","0.229167","1","1+1+1","3","2","1","true"
"6x6","6x6-uct-0500","17","12","0.250000","2","1+1+1","3","1","2","true"
"6x6","6x6-uct-0500","17","13","0.270833","1","1+1+1","3","2","1","true"
"6x6","6x6-uct-0500","17","14","0.291667","2","1+1+1","3","0","3","false"
"6x6","6x6-uct-0500","17","15","0.312500","1","2+1","2","1","2","true"
"6x6","6x6-uct-0500","17","16","0.333333","2","1+1+1","3","1","2","true"
"6x6","6x6-uct-0500","17","17","0.354167","1","1+1+1","3","0","3","false"
"6x6","6x6-uct-0500","17","18","0.375000","2","2+1","2","1","2","true"
"6x6","6x6-uct-0500","17","19","0.395833","1","1+1+1","3","1","2","true"
"6x6","6x6-uct-0500","17","20","0.416667","2","1+1+1","3","1","2","true"
"6x6","6x6-uct-0500","17","21","0.437500","1","1+1+1","3","0","3","false"
"6x6","6x6-uct-0500","17","22","0.458333","2","2+1","2","2","1","true"
"6x6","6x6-uct-0500","17","23","0.479167","1","2+1","2","2","1","true"
"6x6","6x6-uct-0500","17","24","0.500000","2","1+1+1","3","2","1","true"
"6x6","6x6-uct-0500","17","25","0.520833","1","1+1+1","3","2","1","true"
"6x6","6x6-uct-0500","17","26","0.541667","2","1+1+1","3","2","1","true"
"6x6","6x6-uct-0500","17","27","0.562500","1","1+1+1","3","1","2","true"
"6x6","6x6-uct-0500","17","28","0.583333","2","1+1+1","3","0","3","false"
"6x6","6x6-uct-0500","17","29","0.604167","1","2+1","2","2","1","true"
"6x6","6x6-uct-0500","17","30","0.625000","2","1+1+1","3","2","1","true"
"6x6","6x6-uct-0500","17","31","0.645833","1","1+1+1","3","1","2","true"
"6x6","6x6-uct-0500","17","32","0.666667","2","1+1+1","3","3","0","false"
"6x6","6x6-uct-0500","17","33","0.687500","1","1+1+1","3","2","1","true"
"6x6","6x6-uct-0500","17","34","0.708333","2","1+1+1","3","3","0","false"
"6x6","6x6-uct-0500","17","35","0.729167","1","1+1+1","3","1","2","true"
"6x6","6x6-uct-0500","17","36","0.750000","2","1+1+1","3","0","3","false"
"6x6","6x6-uct-0500","17","37","0.770833","1","1+1+1","3","0","3","false"
"6x6","6x6-uct-0500","17","38","0.791667","2","1+1+1","3","0","3","false"
"6x6","6x6-uct-0500","17","39","0.812500","1","2+1","2","1","2","true"
"6x6","6x6-uct-0500","17","40","0.833333","2","3","1","1","2","true"
"6x6","6x6-uct-0500","17","41","0.854167","1","2+1","2","0","3","false"
"6x6","6x6-uct-0500","17","42","0.875000","2","2+1","2","1","2","true"
"6x6","6x6-uct-0500","17","43","0.895833","1","1+1+1","3","1","2","true"
"6x6","6x6-uct-0500","17","44","0.916667","2","1+1+1","3","3","0","false"
"6x6","6x6-uct-0500","17","45","0.937500","1","1+1+1","3","0","3","false"
"6x6","6x6-uct-0500","17","46","0.958333","2","1+1+1","3","2","1","true"
"6x6","6x6-uct-0500","17","47","0.979167","1","1+1+1","3","2","1","true"
"6x6","6x6-uct-0500","17","48","1.000000","2","1+1+1","3","0","3","false"
"6x6","6x6-uct-0500","18","1","0.020833","1","2+1","2","3","0","false"
"6x6","6x6-uct-0500","18","2","0.041667","2","2+1","2","3","0","false"
"6x6","6x6-uct-0500","18","3","0.062500","1","1+1+1","3","2","1","true"
"6x6","6x6-uct-0500","18","4","0.083333","2","1+1+1","3","3","0","false"
"6x6","6x6-uct-0500","18","5","0.104167","1","2+1","2","3","0","false"
"6x6","6x6-uct-0500","18","6","0.125000","2","2+1","2","2","1","true"
"6x6","6x6-uct-0500","18","7","0.145833","1","2+1","2","0","3","false"
"6x6","6x6-uct-0500","18","8","0.166667","2","1+1+1","3","2","1","true"
"6x6","6x6-uct-0500","18","9","0.187500","1","1+1+1","3","3","0","false"
"6x6","6x6-uct-0500","18","10","0.208333","2","1+1+1","3","1","2","true"
"6x6","6x6-uct-0500","18","11","0.229167","1","1+1+1","3","2","1","true"
"6x6","6x6-uct-0500","18","12","0.250000","2","2+1","2","1","2","true"
"6x6","6x6-uct-0500","18","13","0.270833","1","1+1+1","3","0","3","false"
"6x6","6x6-uct-0500","18","14","0.291667","2","1+1+1","3","3","0","false"
"6x6","6x6-uct-0500","18","15","0.312500","1","1+1+1","3","0","3","false"
"6x6","6x6-uct-0500","18","16","0.333333","2","1+1+1","3","2","1","true"
"6x6","6x6-uct-0500","18","17","0.354167","1","1+1+1","3","3","0","false"
"6x6","6x6-uct-0500","18","18","0.375000","2","1+1+1","3","2","1","true"
"6x6","6x6-uct-0500","18","19","0.395833","1","1+1+1","3","2","1","true"
"6x6","6x6-uct-0500","18","20","0.416667","2","2+1","2","1","2","true"
"6x6","6x6-uct-0500","18","21","0.437500","1","1+1+1","3","2","1","true"
"6x6","6x6-uct-0500","18","22","0.458333","2","1+1+1","3","1","2","true"
"6x6","6x6-uct-0500","18","23","0.479167","1","1+1+1","3","1","2","true"
"6x6","6x6-uct-0500","18","24","0.500000","2","2+1","2","1","2","true"
"6x6","6x6-uct-0500","18","25","0.520833","1","1+1+1","3","0","3","false"
"6x6","6x6-uct-0500","18","26","0.541667","2","2+1","2","1","2","true"
"6x6","6x6-uct-0500","18","27","0.562500","1","1+1+1","3","2","1","true"
"6x6","6x6-uct-0500","18","28","0.583333","2","2+1","2","1","2","true"
"6x6","6x6-uct-0500","18","29","0.604167","1","1+1+1","3","1","2","true"
"6x6","6x6-uct-0500","18","30","0.625000","2","1+1+1","3","2","1","true"
"6x6","6x6-uct-0500","18","31","0.645833","1","2+1","2","3","0","false"
"6x6","6x6-uct-0500","18","32","0.666667","2","2+1","2","0","3","false"
"6x6","6x6-uct-0500","18","33","0.687500","1","2+1","2","2","1","true"
"6x6","6x6-uct-0500","18","34","0.708333","2","1+1+1","3","1","2","true"
"6x6","6x6-uct-0500","18","35","0.729167","1","1+1+1","3","1","2","true"
"6x6","6x6-uct-0500","18","36","0.750000","2","1+1+1","3","3","0","false"
"6x6","6x6-uct-0500","18","37","0.770833","1","1+1+1","3","0","3","false"
"6x6","6x6-uct-0500","18","38","0.791667","2","1+1+1","3","1","2","true"
"6x6","6x6-uct-0500","18","39","0.812500","1","1+1+1","3","1","2","true"
"6x6","6x6-uct-0500","18","40","0.833333","2","2+1","2","0","3","false"
"6x6","6x6-uct-0500","18","41","0.854167","1","1+1+1","3","1","2","true"
"6x6","6x6-uct-0500","18","42","0.875000","2","1+1+1","3","2","1","true"
"6x6","6x6-uct-0500","18","43","0.895833","1","2+1","2","0","3","false"
"6x6","6x6-uct-0500","18","44","0.916667","2","1+1+1","3","1","2","true"
"6x6","6x6-uct-0500","18","45","0.937500","1","2+1","2","1","2","true"
"6x6","6x6-uct-0500","18","46","0.958333","2","2+1","2","2","1","true"
"6x6","6x6-uct-0500","18","47","0.979167","1","1+1+1","3","2","1","true"
"6x6","6x6-uct-0500","18","48","1.000000","2","1+1+1","3","3","0","false"
"6x6","6x6-uct-0500","19","1","0.020833","1","1+1+1","3","3","0","false"
"6x6","6x6-uct-0500","19","2","0.041667","2","1+1+1","3","3","0","false"
"6x6","6x6-uct-0500","19","3","0.062500","1","1+1+1","3","1","2","true"
"6x6","6x6-uct-0500","19","4","0.083333","2","2+1","2","3","0","false"
"6x6","6x6-uct-0500","19","5","0.104167","1","1+1+1","3","1","2","true"
"6x6","6x6-uct-0500","19","6","0.125000","2","2+1","2","3","0","false"
"6x6","6x6-uct-0500","19","7","0.145833","1","1+1+1","3","1","2","true"
"6x6","6x6-uct-0500","19","8","0.166667","2","1+1+1","3","2","1","true"
"6x6","6x6-uct-0500","19","9","0.187500","1","1+1+1","3","1","2","true"
"6x6","6x6-uct-0500","19","10","0.208333","2","2+1","2","1","2","true"
"6x6","6x6-uct-0500","19","11","0.229167","1","2+1","2","2","1","true"
"6x6","6x6-uct-0500","19","12","0.250000","2","1+1+1","3","2","1","true"
"6x6","6x6-uct-0500","19","13","0.270833","1","1+1+1","3","1","2","true"
"6x6","6x6-uct-0500","19","14","0.291667","2","1+1+1","3","0","3","false"
"6x6","6x6-uct-0500","19","15","0.312500","1","1+1+1","3","1","2","true"
"6x6","6x6-uct-0500","19","16","0.333333","2","1+1+1","3","1","2","true"
"6x6","6x6-uct-0500","19","17","0.354167","1","1+1+1","3","1","2","true"
"6x6","6x6-uct-0500","19","18","0.375000","2","1+1+1","3","1","2","true"
"6x6","6x6-uct-0500","19","19","0.395833","1","2+1","2","1","2","true"
"6x6","6x6-uct-0500","19","20","0.416667","2","1+1+1","3","1","2","true"
"6x6","6x6-uct-0500","19","21","0.437500","1","1+1+1","3","3","0","false"
"6x6","6x6-uct-0500","19","22","0.458333","2","1+1+1","3","1","2","true"
"6x6","6x6-uct-0500","19","23","0.479167","1","1+1+1","3","1","2","true"
"6x6","6x6-uct-0500","19","24","0.500000","2","1+1+1","3","0","3","false"
"6x6","6x6-uct-0500","19","25","0.520833","1","1+1+1","3","1","2","true"
"6x6","6x6-uct-0500","19","26","0.541667","2","2+1","2","1","2","true"
"6x6","6x6-uct-0500","19","27","0.562500","1","2+1","2","3","0","false"
"6x6","6x6-uct-0500","19","28","0.583333","2","1+1+1","3","1","2","true"
"6x6","6x6-uct-0500","19","29","0.604167","1","2+1","2","2","1","true"
"6x6","6x6-uct-0500","19","30","0.625000","2","1+1+1","3","0","3","false"
"6x6","6x6-uct-0500","19","31","0.645833","1","1+1+1","3","2","1","true"
"6x6","6x6-uct-0500","19","32","0.666667","2","1+1+1","3","2","1","true"
"6x6","6x6-uct-0500","19","33","0.687500","1","3","1","1","2","true"
"6x6","6x6-uct-0500","19","34","0.708333","2","1+1+1","3","2","1","true"
"6x6","6x6-uct-0500","19","35","0.729167","1","1+1+1","3","1","2","true"
"6x6","6x6-uct-0500","19","36","0.750000","2","1+1+1","3","2","1","true"
"6x6","6x6-uct-0500","19","37","0.770833","1","1+1+1","3","1","2","true"
"6x6","6x6-uct-0500","19","38","0.791667","2","1+1+1","3","1","2","true"
"6x6","6x6-uct-0500","19","39","0.812500","1","1+1+1","3","0","3","false"
"6x6","6x6-uct-0500","19","40","0.833333","2","2+1","2","1","2","true"
"6x6","6x6-uct-0500","19","41","0.854167","1","1+1+1","3","1","2","true"
"6x6","6x6-uct-0500","19","42","0.875000","2","1+1+1","3","1","2","true"
"6x6","6x6-uct-0500","19","43","0.895833","1","1+1+1","3","0","3","false"
"6x6","6x6-uct-0500","19","44","0.916667","2","1+1+1","3","1","2","true"
"6x6","6x6-uct-0500","19","45","0.937500","1","1+1+1","3","0","3","false"
"6x6","6x6-uct-0500","19","46","0.958333","2","1+1+1","3","0","3","false"
"6x6","6x6-uct-0500","19","47","0.979167","1","2+1","2","1","2","true"
"6x6","6x6-uct-0500","19","48","1.000000","2","1+1+1","3","1","2","true"
"6x6","6x6-uct-0500","20","1","0.020833","1","2+1","2","3","0","false"
"6x6","6x6-uct-0500","20","2","0.041667","2","1+1+1","3","3","0","false"
"6x6","6x6-uct-0500","20","3","0.062500","1","2+1","2","2","1","true"
"6x6","6x6-uct-0500","20","4","0.083333","2","1+1+1","3","3","0","false"
"6x6","6x6-uct-0500","20","5","0.104167","1","2+1","2","3","0","false"
"6x6","6x6-uct-0500","20","6","0.125000","2","2+1","2","2","1","true"
"6x6","6x6-uct-0500","20","7","0.145833","1","1+1+1","3","2","1","true"
"6x6","6x6-uct-0500","20","8","0.166667","2","2+1","2","2","1","true"
"6x6","6x6-uct-0500","20","9","0.187500","1","1+1+1","3","1","2","true"
"6x6","6x6-uct-0500","20","10","0.208333","2","1+1+1","3","2","1","true"
"6x6","6x6-uct-0500","20","11","0.229167","1","1+1+1","3","1","2","true"
"6x6","6x6-uct-0500","20","12","0.250000","2","2+1","2","2","1","true"
"6x6","6x6-uct-0500","20","13","0.270833","1","2+1","2","2","1","true"
"6x6","6x6-uct-0500","20","14","0.291667","2","1+1+1","3","3","0","false"
"6x6","6x6-uct-0500","20","15","0.312500","1","1+1+1","3","3","0","false"
"6x6","6x6-uct-0500","20","16","0.333333","2","1+1+1","3","1","2","true"
"6x6","6x6-uct-0500","20","17","0.354167","1","2+1","2","2","1","true"
"6x6","6x6-uct-0500","20","18","0.375000","2","2+1","2","0","3","false"
"6x6","6x6-uct-0500","20","19","0.395833","1","2+1","2","2","1","true"
"6x6","6x6-uct-0500","20","20","0.416667","2","1+1+1","3","2","1","true"
"6x6","6x6-uct-0500","20","21","0.437500","1","1+1+1","3","0","3","false"
"6x6","6x6-uct-0500","20","22","0.458333","2","2+1","2","0","3","false"
"6x6","6x6-uct-0500","20","23","0.479167","1","1+1+1","3","1","2","true"
"6x6","6x6-uct-0500","20","24","0.500000","2","2+1","2","1","2","true"
"6x6","6x6-uct-0500","20","25","0.520833","1","2+1","2","0","3","false"
"6x6","6x6-uct-0500","20","26","0.541667","2","2+1","2","0","3","false"
"6x6","6x6-uct-0500","20","27","0.562500","1","1+1+1","3","0","3","false"
"6x6","6x6-uct-0500","20","28","0.583333","2","1+1+1","3","0","3","false"
"6x6","6x6-uct-0500","20","29","0.604167","1","1+1+1","3","2","1","true"
"6x6","6x6-uct-0500","20","30","0.625000","2","1+1+1","3","1","2","true"
"6x6","6x6-uct-0500","20","31","0.645833","1","2+1","2","0","3","false"
"6x6","6x6-uct-0500","20","32","0.666667","2","1+1+1","3","2","1","true"
"6x6","6x6-uct-0500","20","33","0.687500","1","1+1+1","3","1","2","true"
"6x6","6x6-uct-0500","20","34","0.708333","2","1+1+1","3","1","2","true"
"6x6","6x6-uct-0500","20","35","0.729167","1","2+1","2","1","2","true"
"6x6","6x6-uct-0500","20","36","0.750000","2","1+1+1","3","1","2","true"
"6x6","6x6-uct-0500","20","37","0.770833","1","1+1+1","3","1","2","true"
"6x6","6x6-uct-0500","20","38","0.791667","2","1+1+1","3","1","2","true"
"6x6","6x6-uct-0500","20","39","0.812500","1","1+1+1","3","2","1","true"
"6x6","6x6-uct-0500","20","40","0.833333","2","1+1+1","3","0","3","false"
"6x6","6x6-uct-0500","20","41","0.854167","1","2+1","2","0","3","false"
"6x6","6x6-uct-0500","20","42","0.875000","2","2+1","2","0","3","false"
"6x6","6x6-uct-0500","20","43","0.895833","1","2+1","2","1","2","true"
"6x6","6x6-uct-0500","20","44","0.916667","2","2+1","2","0","3","false"
"6x6","6x6-uct-0500","20","45","0.937500","1","1+1+1","3","0","3","false"
"6x6","6x6-uct-0500","20","46","0.958333","2","1+1+1","3","0","3","false"
"6x6","6x6-uct-0500","20","47","0.979167","1","1+1+1","3","0","3","false"
"6x6","6x6-uct-0500","20","48","1.000000","2","2+1","2","2","1","true"
"6x6","6x6-uct-0500","21","1","0.020833","1","1+1+1","3","3","0","false"
"6x6","6x6-uct-0500","21","2","0.041667","2","1+1+1","3","3","0","false"
"6x6","6x6-uct-0500","21","3","0.062500","1","2+1","2","3","0","false"
"6x6","6x6-uct-0500","21","4","0.083333","2","2+1","2","3","0","false"
"6x6","6x6-uct-0500","21","5","0.104167","1","1+1+1","3","2","1","true"
"6x6","6x6-uct-0500","21","6","0.125000","2","1+1+1","3","3","0","false"
"6x6","6x6-uct-0500","21","7","0.145833","1","2+1","2","3","0","false"
"6x6","6x6-uct-0500","21","8","0.166667","2","2+1","2","3","0","false"
"6x6","6x6-uct-0500","21","9","0.187500","1","1+1+1","3","1","2","true"
"6x6","6x6-uct-0500","21","10","0.208333","2","1+1+1","3","0","3","false"
"6x6","6x6-uct-0500","21","11","0.229167","1","1+1+1","3","2","1","true"
"6x6","6x6-uct-0500","21","12","0.250000","2","1+1+1","3","1","2","true"
"6x6","6x6-uct-0500","21","13","0.270833","1","2+1","2","0","3","false"
"6x6","6x6-uct-0500","21","14","0.291667","2","1+1+1","3","0","3","false"
"6x6","6x6-uct-0500","21","15","0.312500","1","1+1+1","3","1","2","true"
"6x6","6x6-uct-0500","21","16","0.333333","2","2+1","2","2","1","true"
"6x6","6x6-uct-0500","21","17","0.354167","1","1+1+1","3","1","2","true"
"6x6","6x6-uct-0500","21","18","0.375000","2","1+1+1","3","1","2","true"
"6x6","6x6-uct-0500","21","19","0.395833","1","1+1+1","3","3","0","false"
"6x6","6x6-uct-0500","21","20","0.416667","2","1+1+1","3","1","2","true"
"6x6","6x6-uct-0500","21","21","0.437500","1","1+1+1","3","2","1","true"
"6x6","6x6-uct-0500","21","22","0.458333","2","1+1+1","3","2","1","true"
"6x6","6x6-uct-0500","21","23","0.479167","1","1+1+1","3","0","3","false"
"6x6","6x6-uct-0500","21","24","0.500000","2","1+1+1","3","1","2","true"
"6x6","6x6-uct-0500","21","25","0.520833","1","1+1+1","3","0","3","false"
"6x6","6x6-uct-0500","21","26","0.541667","2","1+1+1","3","2","1","true"
"6x6","6x6-uct-0500","21","27","0.562500","1","1+1+1","3","0","3","false"
"6x6","6x6-uct-0500","21","28","0.583333","2","1+1+1","3","2","1","true"
"6x6","6x6-uct-0500","21","29","0.604167","1","1+1+1","3","1","2","true"
"6x6","6x6-uct-0500","21","30","0.625000","2","1+1+1","3","0","3","false"
"6x6","6x6-uct-0500","21","31","0.645833","1","2+1","2","1","2","true"
"6x6","6x6-uct-0500","21","32","0.666667","2","1+1+1","3","2","1","true"
"6x6","6x6-uct-0500","21","33","0.687500","1","1+1+1","3","1","2","true"
"6x6","6x6-uct-0500","21","34","0.708333","2","3","1","0","3","false"
"6x6","6x6-uct-0500","21","35","0.729167","1","1+1+1","3","0","3","false"
"6x6","6x6-uct-0500","21","36","0.750000","2","1+1+1","3","0","3","false"
"6x6","6x6-uct-0500","21","37","0.770833","1","1+1+1","3","0","3","false"
"6x6","6x6-uct-0500","21","38","0.791667","2","1+1+1","3","1","2","true"
"6x6","6x6-uct-0500","21","39","0.812500","1","2+1","2","2","1","true"
"6x6","6x6-uct-0500","21","40","0.833333","2","1+1+1","3","3","0","false"
"6x6","6x6-uct-0500","21","41","0.854167","1","2+1","2","0","3","false"
"6x6","6x6-uct-0500","21","42","0.875000","2","3","1","0","3","false"
"6x6","6x6-uct-0500","21","43","0.895833","1","2+1","2","1","2","true"
"6x6","6x6-uct-0500","21","44","0.916667","2","2+1","2","1","2","true"
"6x6","6x6-uct-0500","21","45","0.937500","1","2+1","2","0","3","false"
"6x6","6x6-uct-0500","21","46","0.958333","2","2+1","2","0","3","false"
"6x6","6x6-uct-0500","21","47","0.979167","1","2+1","2","0","3","false"
"6x6","6x6-uct-0500","21","48","1.000000","2","2+1","2","0","3","false"
"6x6","6x6-uct-0500","22","1","0.020833","1","2+1","2","3","0","false"
"6x6","6x6-uct-0500","22","2","0.041667","2","1+1+1","3","3","0","false"
"6x6","6x6-uct-0500","22","3","0.062500","1","2+1","2","3","0","false"
"6x6","6x6-uct-0500","22","4","0.083333","2","1+1+1","3","1","2","true"
"6x6","6x6-uct-0500","22","5","0.104167","1","2+1","2","2","1","true"
"6x6","6x6-uct-0500","22","6","0.125000","2","1+1+1","3","3","0","false"
"6x6","6x6-uct-0500","22","7","0.145833","1","2+1","2","2","1","true"
"6x6","6x6-uct-0500","22","8","0.166667","2","1+1+1","3","3","0","false"
"6x6","6x6-uct-0500","22","9","0.187500","1","1+1+1","3","2","1","true"
"6x6","6x6-uct-0500","22","10","0.208333","2","2+1","2","1","2","true"
"6x6","6x6-uct-0500","22","11","0.229167","1","1+1+1","3","1","2","true"
"6x6","6x6-uct-0500","22","12","0.250000","2","1+1+1","3","2","1","true"
"6x6","6x6-uct-0500","22","13","0.270833","1","1+1+1","3","2","1","true"
"6x6","6x6-uct-0500","22","14","0.291667","2","1+1+1","3","1","2","true"
"6x6","6x6-uct-0500","22","15","0.312500","1","1+1+1","3","1","2","true"
"6x6","6x6-uct-0500","22","16","0.333333","2","1+1+1","3","1","2","true"
"6x6","6x6-uct-0500","22","17","0.354167","1","1+1+1","3","0","3","false"
"6x6","6x6-uct-0500","22","18","0.375000","2","2+1","2","1","2","true"
"6x6","6x6-uct-0500","22","19","0.395833","1","2+1","2","2","1","true"
"6x6","6x6-uct-0500","22","20","0.416667","2","2+1","2","1","2","true"
"6x6","6x6-uct-0500","22","21","0.437500","1","1+1+1","3","1","2","true"
"6x6","6x6-uct-0500","22","22","0.458333","2","1+1+1","3","1","2","true"
"6x6","6x6-uct-0500","22","23","0.479167","1","1+1+1","3","0","3","false"
"6x6","6x6-uct-0500","22","24","0.500000","2","2+1","2","2","1","true"
"6x6","6x6-uct-0500","22","25","0.520833","1","1+1+1","3","2","1","true"
"6x6","6x6-uct-0500","22","26","0.541667","2","1+1+1","3","2","1","true"
"6x6","6x6-uct-0500","22","27","0.562500","1","1+1+1","3","2","1","true"
"6x6","6x6-uct-0500","22","28","0.583333","2","2+1","2","2","1","true"
"6x6","6x6-uct-0500","22","29","0.604167","1","1+1+1","3","2","1","true"
"6x6","6x6-uct-0500","22","30","0.625000","2","1+1+1","3","1","2","true"
"6x6","6x6-uct-0500","22","31","0.645833","1","1+1+1","3","1","2","true"
"6x6","6x6-uct-0500","22","32","0.666667","2","1+1+1","3","1","2","true"
"6x6","6x6-uct-0500","22","33","0.687500","1","1+1+1","3","1","2","true"
"6x6","6x6-uct-0500","22","34","0.708333","2","1+1+1","3","2","1","true"
"6x6","6x6-uct-0500","22","35","0.729167","1","1+1+1","3","1","2","true"
"6x6","6x6-uct-0500","22","36","0.750000","2","1+1+1","3","0","3","false"
"6x6","6x6-uct-0500","22","37","0.770833","1","1+1+1","3","1","2","true"
"6x6","6x6-uct-0500","22","38","0.791667","2","1+1+1","3","1","2","true"
"6x6","6x6-uct-0500","22","39","0.812500","1","2+1","2","0","3","false"
"6x6","6x6-uct-0500","22","40","0.833333","2","2+1","2","1","2","true"
"6x6","6x6-uct-0500","22","41","0.854167","1","2+1","2","0","3","false"
"6x6","6x6-uct-0500","22","42","0.875000","2","2+1","2","2","1","true"
"6x6","6x6-uct-0500","22","43","0.895833","1","1+1+1","3","3","0","false"
"6x6","6x6-uct-0500","22","44","0.916667","2","2+1","2","0","3","false"
"6x6","6x6-uct-0500","22","45","0.937500","1","1+1+1","3","0","3","false"
"6x6","6x6-uct-0500","22","46","0.958333","2","1+1+1","3","0","3","false"
"6x6","6x6-uct-0500","22","47","0.979167","1","1+1+1","3","0","3","false"
"6x6","6x6-uct-0500","22","48","1.000000","2","1+1+1","3","2","1","true"
"6x6","6x6-uct-0500","23","1","0.020833","1","1+1+1","3","3","0","false"
"6x6","6x6-uct-0500","23","2","0.041667","2","1+1+1","3","3","0","false"
"6x6","6x6-uct-0500","23","3","0.062500","1","2+1","2","3","0","false"
"6x6","6x6-uct-0500","23","4","0.083333","2","2+1","2","3","0","false"
"6x6","6x6-uct-0500","23","5","0.104167","1","1+1+1","3","3","0","false"
"6x6","6x6-uct-0500","23","6","0.125000","2","1+1+1","3","2","1","true"
"6x6","6x6-uct-0500","23","7","0.145833","1","1+1+1","3","2","1","true"
"6x6","6x6-uct-0500","23","8","0.166667","2","1+1+1","3","1","2","true"
"6x6","6x6-uct-0500","23","9","0.187500","1","1+1+1","3","1","2","true"
"6x6","6x6-uct-0500","23","10","0.208333","2","1+1+1","3","2","1","true"
"6x6","6x6-uct-0500","23","11","0.229167","1","2+1","2","2","1","true"
"6x6","6x6-uct-0500","23","12","0.250000","2","2+1","2","2","1","true"
"6x6","6x6-uct-0500","23","13","0.270833","1","1+1+1","3","2","1","true"
"6x6","6x6-uct-0500","23","14","0.291667","2","1+1+1","3","2","1","true"
"6x6","6x6-uct-0500","23","15","0.312500","1","1+1+1","3","2","1","true"
"6x6","6x6-uct-0500","23","16","0.333333","2","1+1+1","3","1","2","true"
"6x6","6x6-uct-0500","23","17","0.354167","1","1+1+1","3","1","2","true"
"6x6","6x6-uct-0500","23","18","0.375000","2","2+1","2","1","2","true"
"6x6","6x6-uct-0500","23","19","0.395833","1","2+1","2","1","2","true"
"6x6","6x6-uct-0500","23","20","0.416667","2","1+1+1","3","1","2","true"
"6x6","6x6-uct-0500","23","21","0.437500","1","1+1+1","3","1","2","true"
"6x6","6x6-uct-0500","23","22","0.458333","2","1+1+1","3","0","3","false"
"6x6","6x6-uct-0500","23","23","0.479167","1","1+1+1","3","2","1","true"
"6x6","6x6-uct-0500","23","24","0.500000","2","1+1+1","3","2","1","true"
"6x6","6x6-uct-0500","23","25","0.520833","1","1+1+1","3","1","2","true"
"6x6","6x6-uct-0500","23","26","0.541667","2","2+1","2","2","1","true"
"6x6","6x6-uct-0500","23","27","0.562500","1","2+1","2","2","1","true"
"6x6","6x6-uct-0500","23","28","0.583333","2","2+1","2","1","2","true"
"6x6","6x6-uct-0500","23","29","0.604167","1","2+1","2","0","3","false"
"6x6","6x6-uct-0500","23","30","0.625000","2","2+1","2","0","3","false"
"6x6","6x6-uct-0500","23","31","0.645833","1","1+1+1","3","1","2","true"
"6x6","6x6-uct-0500","23","32","0.666667","2","1+1+1","3","2","1","true"
"6x6","6x6-uct-0500","23","33","0.687500","1","1+1+1","3","0","3","false"
"6x6","6x6-uct-0500","23","34","0.708333","2","2+1","2","1","2","true"
"6x6","6x6-uct-0500","23","35","0.729167","1","1+1+1","3","1","2","true"
"6x6","6x6-uct-0500","23","36","0.750000","2","1+1+1","3","1","2","true"
"6x6","6x6-uct-0500","23","37","0.770833","1","1+1+1","3","1","2","true"
"6x6","6x6-uct-0500","23","38","0.791667","2","1+1+1","3","1","2","true"
"6x6","6x6-uct-0500","23","39","0.812500","1","2+1","2","0","3","false"
"6x6","6x6-uct-0500","23","40","0.833333","2","1+1+1","3","1","2","true"
"6x6","6x6-uct-0500","23","41","0.854167","1","2+1","2","2","1","true"
"6x6","6x6-uct-0500","23","42","0.875000","2","1+1+1","3","1","2","true"
"6x6","6x6-uct-0500","23","43","0.895833","1","1+1+1","3","2","1","true"
"6x6","6x6-uct-0500","23","44","0.916667","2","1+1+1","3","0","3","false"
"6x6","6x6-uct-0500","23","45","0.937500","1","2+1","2","1","2","true"
"6x6","6x6-uct-0500","23","46","0.958333","2","1+1+1","3","0","3","false"
"6x6","6x6-uct-0500","23","47","0.979167","1","1+1+1","3","0","3","false"
"6x6","6x6-uct-0500","23","48","1.000000","2","2+1","2","1","2","true"
"6x6","6x6-uct-0500","24","1","0.020833","1","1+1+1","3","3","0","false"
"6x6","6x6-uct-0500","24","2","0.041667","2","1+1+1","3","3","0","false"
"6x6","6x6-uct-0500","24","3","0.062500","1","1+1+1","3","3","0","false"
"6x6","6x6-uct-0500","24","4","0.083333","2","2+1","2","1","2","true"
"6x6","6x6-uct-0500","24","5","0.104167","1","2+1","2","2","1","true"
"6x6","6x6-uct-0500","24","6","0.125000","2","2+1","2","3","0","false"
"6x6","6x6-uct-0500","24","7","0.145833","1","2+1","2","3","0","false"
"6x6","6x6-uct-0500","24","8","0.166667","2","1+1+1","3","2","1","true"
"6x6","6x6-uct-0500","24","9","0.187500","1","2+1","2","2","1","true"
"6x6","6x6-uct-0500","24","10","0.208333","2","1+1+1","3","1","2","true"
"6x6","6x6-uct-0500","24","11","0.229167","1","1+1+1","3","0","3","false"
"6x6","6x6-uct-0500","24","12","0.250000","2","2+1","2","1","2","true"
"6x6","6x6-uct-0500","24","13","0.270833","1","2+1","2","2","1","true"
"6x6","6x6-uct-0500","24","14","0.291667","2","1+1+1","3","2","1","true"
"6x6","6x6-uct-0500","24","15","0.312500","1","1+1+1","3","2","1","true"
"6x6","6x6-uct-0500","24","16","0.333333","2","2+1","2","1","2","true"
"6x6","6x6-uct-0500","24","17","0.354167","1","1+1+1","3","1","2","true"
"6x6","6x6-uct-0500","24","18","0.375000","2","1+1+1","3","1","2","true"
"6x6","6x6-uct-0500","24","19","0.395833","1","1+1+1","3","0","3","false"
"6x6","6x6-uct-0500","24","20","0.416667","2","1+1+1","3","2","1","true"
"6x6","6x6-uct-0500","24","21","0.437500","1","2+1","2","1","2","true"
"6x6","6x6-uct-0500","24","22","0.458333","2","2+1","2","1","2","true"
"6x6","6x6-uct-0500","24","23","0.479167","1","2+1","2","0","3","false"
"6x6","6x6-uct-0500","24","24","0.500000","2","2+1","2","1","2","true"
"6x6","6x6-uct-0500","24","25","0.520833","1","1+1+1","3","2","1","true"
"6x6","6x6-uct-0500","24","26","0.541667","2","2+1","2","1","2","true"
"6x6","6x6-uct-0500","24","27","0.562500","1","1+1+1","3","0","3","false"
"6x6","6x6-uct-0500","24","28","0.583333","2","1+1+1","3","1","2","true"
"6x6","6x6-uct-0500","24","29","0.604167","1","1+1+1","3","1","2","true"
"6x6","6x6-uct-0500","24","30","0.625000","2","1+1+1","3","1","2","true"
"6x6","6x6-uct-0500","24","31","0.645833","1","1+1+1","3","0","3","false"
"6x6","6x6-uct-0500","24","32","0.666667","2","2+1","2","1","2","true"
"6x6","6x6-uct-0500","24","33","0.687500","1","1+1+1","3","2","1","true"
"6x6","6x6-uct-0500","24","34","0.708333","2","1+1+1","3","2","1","true"
"6x6","6x6-uct-0500","24","35","0.729167","1","2+1","2","1","2","true"
"6x6","6x6-uct-0500","24","36","0.750000","2","3","1","2","1","true"
"6x6","6x6-uct-0500","24","37","0.770833","1","1+1+1","3","1","2","true"
"6x6","6x6-uct-0500","24","38","0.791667","2","3","1","2","1","true"
"6x6","6x6-uct-0500","24","39","0.812500","1","1+1+1","3","2","1","true"
"6x6","6x6-uct-0500","24","40","0.833333","2","2+1","2","0","3","false"
"6x6","6x6-uct-0500","24","41","0.854167","1","2+1","2","0","3","false"
"6x6","6x6-uct-0500","24","42","0.875000","2","2+1","2","0","3","false"
"6x6","6x6-uct-0500","24","43","0.895833","1","1+1+1","3","0","3","false"
"6x6","6x6-uct-0500","24","44","0.916667","2","2+1","2","1","2","true"
"6x6","6x6-uct-0500","24","45","0.937500","1","3","1","3","0","false"
"6x6","6x6-uct-0500","24","46","0.958333","2","1+1+1","3","1","2","true"
"6x6","6x6-uct-0500","24","47","0.979167","1","1+1+1","3","0","3","false"
"6x6","6x6-uct-0500","24","48","1.000000","2","2+1","2","1","2","true"
"6x6","6x6-uct-0500","25","1","0.020833","1","2+1","2","3","0","false"
"6x6","6x6-uct-0500","25","2","0.041667","2","2+1","2","3","0","false"
"6x6","6x6-uct-0500","25","3","0.062500","1","2+1","2","2","1","true"
"6x6","6x6-uct-0500","25","4","0.083333","2","1+1+1","3","2","1","true"
"6x6","6x6-uct-0500","25","5","0.104167","1","1+1+1","3","2","1","true"
"6x6","6x6-uct-0500","25","6","0.125000","2","1+1+1","3","1","2","true"
"6x6","6x6-uct-0500","25","7","0.145833","1","1+1+1","3","1","2","true"
"6x6","6x6-uct-0500","25","8","0.166667","2","2+1","2","3","0","false"
"6x6","6x6-uct-0500","25","9","0.187500","1","1+1+1","3","2","1","true"
"6x6","6x6-uct-0500","25","10","0.208333","2","1+1+1","3","1","2","true"
"6x6","6x6-uct-0500","25","11","0.229167","1","1+1+1","3","3","0","false"
"6x6","6x6-uct-0500","25","12","0.250000","2","1+1+1","3","1","2","true"
"6x6","6x6-uct-0500","25","13","0.270833","1","1+1+1","3","1","2","true"
"6x6","6x6-uct-0500","25","14","0.291667","2","1+1+1","3","1","2","true"
"6x6","6x6-uct-0500","25","15","0.312500","1","1+1+1","3","1","2","true"
"6x6","6x6-uct-0500","25","16","0.333333","2","2+1","2","1","2","true"
"6x6","6x6-uct-0500","25","17","0.354167","1","1+1+1","3","0","3","false"
"6x6","6x6-uct-0500","25","18","0.375000","2","1+1+1","3","0","3","false"
"6x6","6x6-uct-0500","25","19","0.395833","1","2+1","2","3","0","false"
"6x6","6x6-uct-0500","25","20","0.416667","2","1+1+1","3","2","1","true"
"6x6","6x6-uct-0500","25","21","0.437500","1","2+1","2","1","2","true"
"6x6","6x6-uct-0500","25","22","0.458333","2","1+1+1","3","1","2","true"
"6x6","6x6-uct-0500","25","23","0.479167","1","1+1+1","3","1","2","true"
"6x6","6x6-uct-0500","25","24","0.500000","2","1+1+1","3","0","3","false"
"6x6","6x6-uct-0500","25","25","0.520833","1","1+1+1","3","1","2","true"
"6x6","6x6-uct-0500","25","26","0.541667","2","2+1","2","2","1","true"
"6x6","6x6-uct-0500","25","27","0.562500","1","1+1+1","3","2","1","true"
"6x6","6x6-uct-0500","25","28","0.583333","2","1+1+1","3","1","2","true"
"6x6","6x6-uct-0500","25","29","0.604167","1","1+1+1","3","0","3","false"
"6x6","6x6-uct-0500","25","30","0.625000","2","1+1+1","3","1","2","true"
"6x6","6x6-uct-0500","25","31","0.645833","1","2+1","2","0","3","false"
"6x6","6x6-uct-0500","25","32","0.666667","2","2+1","2","1","2","true"
"6x6","6x6-uct-0500","25","33","0.687500","1","1+1+1","3","0","3","false"
"6x6","6x6-uct-0500","25","34","0.708333","2","1+1+1","3","0","3","false"
"6x6","6x6-uct-0500","25","35","0.729167","1","2+1","2","0","3","false"
"6x6","6x6-uct-0500","25","36","0.750000","2","1+1+1","3","2","1","true"
"6x6","6x6-uct-0500","25","37","0.770833","1","2+1","2","3","0","false"
"6x6","6x6-uct-0500","25","38","0.791667","2","1+1+1","3","1","2","true"
"6x6","6x6-uct-0500","25","39","0.812500","1","1+1+1","3","3","0","false"
"6x6","6x6-uct-0500","25","40","0.833333","2","1+1+1","3","0","3","false"
"6x6","6x6-uct-0500","25","41","0.854167","1","2+1","2","0","3","false"
"6x6","6x6-uct-0500","25","42","0.875000","2","1+1+1","3","1","2","true"
"6x6","6x6-uct-0500","25","43","0.895833","1","2+1","2","0","3","false"
"6x6","6x6-uct-0500","25","44","0.916667","2","2+1","2","0","3","false"
"6x6","6x6-uct-0500","25","45","0.937500","1","1+1+1","3","0","3","false"
"6x6","6x6-uct-0500","25","46","0.958333","2","1+1+1","3","0","3","false"
"6x6","6x6-uct-0500","25","47","0.979167","1","1+1+1","3","0","3","false"
"6x6","6x6-uct-0500","25","48","1.000000","2","2+1","2","1","2","true"
"6x6","6x6-uct-0500","26","1","0.020833","1","2+1","2","3","0","false"
"6x6","6x6-uct-0500","26","2","0.041667","2","1+1+1","3","3","0","false"
"6x6","6x6-uct-0500","26","3","0.062500","1","1+1+1","3","2","1","true"
"6x6","6x6-uct-0500","26","4","0.083333","2","2+1","2","2","1","true"
"6x6","6x6-uct-0500","26","5","0.104167","1","1+1+1","3","1","2","true"
"6x6","6x6-uct-0500","26","6","0.125000","2","1+1+1","3","1","2","true"
"6x6","6x6-uct-0500","26","7","0.145833","1","2+1","2","2","1","true"
"6x6","6x6-uct-0500","26","8","0.166667","2","2+1","2","1","2","true"
"6x6","6x6-uct-0500","26","9","0.187500","1","3","1","2","1","true"
"6x6","6x6-uct-0500","26","10","0.208333","2","1+1+1","3","2","1","true"
"6x6","6x6-uct-0500","26","11","0.229167","1","1+1+1","3","1","2","true"
"6x6","6x6-uct-0500","26","12","0.250000","2","2+1","2","1","2","true"
"6x6","6x6-uct-0500","26","13","0.270833","1","1+1+1","3","2","1","true"
"6x6","6x6-uct-0500","26","14","0.291667","2","2+1","2","3","0","false"
"6x6","6x6-uct-0500","26","15","0.312500","1","1+1+1","3","1","2","true"
"6x6","6x6-uct-0500","26","16","0.333333","2","2+1","2","2","1","true"
"6x6","6x6-uct-0500","26","17","0.354167","1","1+1+1","3","1","2","true"
"6x6","6x6-uct-0500","26","18","0.375000","2","2+1","2","1","2","true"
"6x6","6x6-uct-0500","26","19","0.395833","1","2+1","2","1","2","true"
"6x6","6x6-uct-0500","26","20","0.416667","2","1+1+1","3","3","0","false"
"6x6","6x6-uct-0500","26","21","0.437500","1","2+1","2","1","2","true"
"6x6","6x6-uct-0500","26","22","0.458333","2","2+1","2","2","1","true"
"6x6","6x6-uct-0500","26","23","0.479167","1","1+1+1","3","2","1","true"
"6x6","6x6-uct-0500","26","24","0.500000","2","1+1+1","3","2","1","true"
"6x6","6x6-uct-0500","26","25","0.520833","1","2+1","2","1","2","true"
"6x6","6x6-uct-0500","26","26","0.541667","2","1+1+1","3","2","1","true"
"6x6","6x6-uct-0500","26","27","0.562500","1","1+1+1","3","2","1","true"
"6x6","6x6-uct-0500","26","28","0.583333","2","1+1+1","3","0","3","false"
"6x6","6x6-uct-0500","26","29","0.604167","1","1+1+1","3","0","3","false"
"6x6","6x6-uct-0500","26","30","0.625000","2","1+1+1","3","0","3","false"
"6x6","6x6-uct-0500","26","31","0.645833","1","1+1+1","3","1","2","true"
"6x6","6x6-uct-0500","26","32","0.666667","2","1+1+1","3","3","0","false"
"6x6","6x6-uct-0500","26","33","0.687500","1","3","1","1","2","true"
"6x6","6x6-uct-0500","26","34","0.708333","2","2+1","2","0","3","false"
"6x6","6x6-uct-0500","26","35","0.729167","1","2+1","2","0","3","false"
"6x6","6x6-uct-0500","26","36","0.750000","2","1+1+1","3","2","1","true"
"6x6","6x6-uct-0500","26","37","0.770833","1","1+1+1","3","2","1","true"
"6x6","6x6-uct-0500","26","38","0.791667","2","1+1+1","3","1","2","true"
"6x6","6x6-uct-0500","26","39","0.812500","1","2+1","2","1","2","true"
"6x6","6x6-uct-0500","26","40","0.833333","2","3","1","0","3","false"
"6x6","6x6-uct-0500","26","41","0.854167","1","1+1+1","3","2","1","true"
"6x6","6x6-uct-0500","26","42","0.875000","2","2+1","2","1","2","true"
"6x6","6x6-uct-0500","26","43","0.895833","1","2+1","2","1","2","true"
"6x6","6x6-uct-0500","26","44","0.916667","2","2+1","2","0","3","false"
"6x6","6x6-uct-0500","26","45","0.937500","1","1+1+1","3","2","1","true"
"6x6","6x6-uct-0500","26","46","0.958333","2","1+1+1","3","1","2","true"
"6x6","6x6-uct-0500","26","47","0.979167","1","2+1","2","1","2","true"
"6x6","6x6-uct-0500","26","48","1.000000","2","2+1","2","1","2","true"
"6x6","6x6-uct-0500","27","1","0.020833","1","2+1","2","3","0","false"
"6x6","6x6-uct-0500","27","2","0.041667","2","1+1+1","3","3","0","false"
"6x6","6x6-uct-0500","27","3","0.062500","1","2+1","2","2","1","true"
"6x6","6x6-uct-0500","27","4","0.083333","2","1+1+1","3","3","0","false"
"6x6","6x6-uct-0500","27","5","0.104167","1","2+1","2","1","2","true"
"6x6","6x6-uct-0500","27","6","0.125000","2","1+1+1","3","1","2","true"
"6x6","6x6-uct-0500","27","7","0.145833","1","2+1","2","3","0","false"
"6x6","6x6-uct-0500","27","8","0.166667","2","1+1+1","3","1","2","true"
"6x6","6x6-uct-0500","27","9","0.187500","1","1+1+1","3","3","0","false"
"6x6","6x6-uct-0500","27","10","0.208333","2","1+1+1","3","2","1","true"
"6x6","6x6-uct-0500","27","11","0.229167","1","1+1+1","3","1","2","true"
"6x6","6x6-uct-0500","27","12","0.250000","2","1+1+1","3","3","0","false"
"6x6","6x6-uct-0500","27","13","0.270833","1","2+1","2","1","2","true"
"6x6","6x6-uct-0500","27","14","0.291667","2","1+1+1","3","2","1","true"
"6x6","6x6-uct-0500","27","15","0.312500","1","2+1","2","3","0","false"
"6x6","6x6-uct-0500","27","16","0.333333","2","1+1+1","3","1","2","true"
"6x6","6x6-uct-0500","27","17","0.354167","1","1+1+1","3","2","1","true"
"6x6","6x6-uct-0500","27","18","0.375000","2","2+1","2","2","1","true"
"6x6","6x6-uct-0500","27","19","0.395833","1","1+1+1","3","2","1","true"
"6x6","6x6-uct-0500","27","20","0.416667","2","1+1+1","3","1","2","true"
"6x6","6x6-uct-0500","27","21","0.437500","1","1+1+1","3","2","1","true"
"6x6","6x6-uct-0500","27","22","0.458333","2","2+1","2","2","1","true"
"6x6","6x6-uct-0500","27","23","0.479167","1","2+1","2","2","1","true"
"6x6","6x6-uct-0500","27","24","0.500000","2","1+1+1","3","1","2","true"
"6x6","6x6-uct-0500","27","25","0.520833","1","2+1","2","0","3","false"
"6x6","6x6-uct-0500","27","26","0.541667","2","1+1+1","3","1","2","true"
"6x6","6x6-uct-0500","27","27","0.562500","1","2+1","2","1","2","true"
"6x6","6x6-uct-0500","27","28","0.583333","2","2+1","2","3","0","false"
"6x6","6x6-uct-0500","27","29","0.604167","1","2+1","2","2","1","true"
"6x6","6x6-uct-0500","27","30","0.625000","2","1+1+1","3","3","0","false"
"6x6","6x6-uct-0500","27","31","0.645833","1","1+1+1","3","0","3","false"
"6x6","6x6-uct-0500","27","32","0.666667","2","1+1+1","3","0","3","false"
"6x6","6x6-uct-0500","27","33","0.687500","1","1+1+1","3","2","1","true"
"6x6","6x6-uct-0500","27","34","0.708333","2","2+1","2","2","1","true"
"6x6","6x6-uct-0500","27","35","0.729167","1","2+1","2","1","2","true"
"6x6","6x6-uct-0500","27","36","0.750000","2","1+1+1","3","1","2","true"
"6x6","6x6-uct-0500","27","37","0.770833","1","1+1+1","3","1","2","true"
"6x6","6x6-uct-0500","27","38","0.791667","2","1+1+1","3","0","3","false"
"6x6","6x6-uct-0500","27","39","0.812500","1","1+1+1","3","1","2","true"
"6x6","6x6-uct-0500","27","40","0.833333","2","1+1+1","3","0","3","false"
"6x6","6x6-uct-0500","27","41","0.854167","1","2+1","2","1","2","true"
"6x6","6x6-uct-0500","27","42","0.875000","2","1+1+1","3","1","2","true"
"6x6","6x6-uct-0500","27","43","0.895833","1","1+1+1","3","0","3","false"
"6x6","6x6-uct-0500","27","44","0.916667","2","1+1+1","3","0","3","false"
"6x6","6x6-uct-0500","27","45","0.937500","1","1+1+1","3","0","3","false"
"6x6","6x6-uct-0500","27","46","0.958333","2","2+1","2","0","3","false"
"6x6","6x6-uct-0500","27","47","0.979167","1","1+1+1","3","0","3","false"
"6x6","6x6-uct-0500","27","48","1.000000","2","1+1+1","3","0","3","false"
"6x6","6x6-uct-0500","28","1","0.020833","1","1+1+1","3","3","0","false"
"6x6","6x6-uct-0500","28","2","0.041667","2","2+1","2","3","0","false"
"6x6","6x6-uct-0500","28","3","0.062500","1","1+1+1","3","3","0","false"
"6x6","6x6-uct-0500","28","4","0.083333","2","1+1+1","3","3","0","false"
"6x6","6x6-uct-0500","28","5","0.104167","1","1+1+1","3","1","2","true"
"6x6","6x6-uct-0500","28","6","0.125000","2","2+1","2","1","2","true"
"6x6","6x6-uct-0500","28","7","0.145833","1","2+1","2","2","1","true"
"6x6","6x6-uct-0500","28","8","0.166667","2","2+1","2","2","1","true"
"6x6","6x6-uct-0500","28","9","0.187500","1","1+1+1","3","2","1","true"
"6x6","6x6-uct-0500","28","10","0.208333","2","2+1","2","2","1","true"
"6x6","6x6-uct-0500","28","11","0.229167","1","2+1","2","2","1","true"
"6x6","6x6-uct-0500","28","12","0.250000","2","2+1","2","2","1","true"
"6x6","6x6-uct-0500","28","13","0.270833","1","2+1","2","2","1","true"
"6x6","6x6-uct-0500","28","14","0.291667","2","1+1+1","3","3","0","false"
"6x6","6x6-uct-0500","28","15","0.312500","1","1+1+1","3","2","1","true"
"6x6","6x6-uct-0500","28","16","0.333333","2","1+1+1","3","2","1","true"
"6x6","6x6-uct-0500","28","17","0.354167","1","1+1+1","3","2","1","true"
"6x6","6x6-uct-0500","28","18","0.375000","2","1+1+1","3","0","3","false"
"6x6","6x6-uct-0500","28","19","0.395833","1","1+1+1","3","0","3","false"
"6x6","6x6-uct-0500","28","20","0.416667","2","2+1","2","1","2","true"
"6x6","6x6-uct-0500","28","21","0.437500","1","1+1+1","3","1","2","true"
"6x6","6x6-uct-0500","28","22","0.458333","2","1+1+1","3","1","2","true"
"6x6","6x6-uct-0500","28","23","0.479167","1","1+1+1","3","1","2","true"
"6x6","6x6-uct-0500","28","24","0.500000","2","1+1+1","3","0","3","false"
"6x6","6x6-uct-0500","28","25","0.520833","1","1+1+1","3","2","1","true"
"6x6","6x6-uct-0500","28","26","0.541667","2","2+1","2","0","3","false"
"6x6","6x6-uct-0500","28","27","0.562500","1","1+1+1","3","1","2","true"
"6x6","6x6-uct-0500","28","28","0.583333","2","1+1+1","3","1","2","true"
"6x6","6x6-uct-0500","28","29","0.604167","1","2+1","2","0","3","false"
"6x6","6x6-uct-0500","28","30","0.625000","2","1+1+1","3","2","1","true"
"6x6","6x6-uct-0500","28","31","0.645833","1","1+1+1","3","0","3","false"
"6x6","6x6-uct-0500","28","32","0.666667","2","1+1+1","3","1","2","true"
"6x6","6x6-uct-0500","28","33","0.687500","1","2+1","2","2","1","true"
"6x6","6x6-uct-0500","28","34","0.708333","2","1+1+1","3","0","3","false"
"6x6","6x6-uct-0500","28","35","0.729167","1","2+1","2","1","2","true"
"6x6","6x6-uct-0500","28","36","0.750000","2","2+1","2","0","3","false"
"6x6","6x6-uct-0500","28","37","0.770833","1","1+1+1","3","1","2","true"
"6x6","6x6-uct-0500","28","38","0.791667","2","2+1","2","1","2","true"
"6x6","6x6-uct-0500","28","39","0.812500","1","1+1+1","3","1","2","true"
"6x6","6x6-uct-0500","28","40","0.833333","2","2+1","2","1","2","true"
"6x6","6x6-uct-0500","28","41","0.854167","1","3","1","0","3","false"
"6x6","6x6-uct-0500","28","42","0.875000","2","2+1","2","1","2","true"
"6x6","6x6-uct-0500","28","43","0.895833","1","2+1","2","1","2","true"
"6x6","6x6-uct-0500","28","44","0.916667","2","1+1+1","3","1","2","true"
"6x6","6x6-uct-0500","28","45","0.937500","1","1+1+1","3","0","3","false"
"6x6","6x6-uct-0500","28","46","0.958333","2","2+1","2","1","2","true"
"6x6","6x6-uct-0500","28","47","0.979167","1","1+1+1","3","1","2","true"
"6x6","6x6-uct-0500","28","48","1.000000","2","3","1","1","2","true"
"6x6","6x6-uct-0500","29","1","0.020833","1","1+1+1","3","3","0","false"
"6x6","6x6-uct-0500","29","2","0.041667","2","1+1+1","3","3","0","false"
"6x6","6x6-uct-0500","29","3","0.062500","1","1+1+1","3","3","0","false"
"6x6","6x6-uct-0500","29","4","0.083333","2","2+1","2","3","0","false"
"6x6","6x6-uct-0500","29","5","0.104167","1","1+1+1","3","2","1","true"
"6x6","6x6-uct-0500","29","6","0.125000","2","1+1+1","3","3","0","false"
"6x6","6x6-uct-0500","29","7","0.145833","1","1+1+1","3","1","2","true"
"6x6","6x6-uct-0500","29","8","0.166667","2","1+1+1","3","3","0","false"
"6x6","6x6-uct-0500","29","9","0.187500","1","1+1+1","3","1","2","true"
"6x6","6x6-uct-0500","29","10","0.208333","2","2+1","2","2","1","true"
"6x6","6x6-uct-0500","29","11","0.229167","1","2+1","2","2","1","true"
"6x6","6x6-uct-0500","29","12","0.250000","2","1+1+1","3","2","1","true"
"6x6","6x6-uct-0500","29","13","0.270833","1","1+1+1","3","2","1","true"
"6x6","6x6-uct-0500","29","14","0.291667","2","1+1+1","3","2","1","true"
"6x6","6x6-uct-0500","29","15","0.312500","1","2+1","2","1","2","true"
"6x6","6x6-uct-0500","29","16","0.333333","2","1+1+1","3","0","3","false"
"6x6","6x6-uct-0500","29","17","0.354167","1","1+1+1","3","1","2","true"
"6x6","6x6-uct-0500","29","18","0.375000","2","1+1+1","3","1","2","true"
"6x6","6x6-uct-0500","29","19","0.395833","1","1+1+1","3","1","2","true"
"6x6","6x6-uct-0500","29","20","0.416667","2","2+1","2","1","2","true"
"6x6","6x6-uct-0500","29","21","0.437500","1","2+1","2","0","3","false"
"6x6","6x6-uct-0500","29","22","0.458333","2","1+1+1","3","1","2","true"
"6x6","6x6-uct-0500","29","23","0.479167","1","2+1","2","0","3","false"
"6x6","6x6-uct-0500","29","24","0.500000","2","1+1+1","3","0","3","false"
"6x6","6x6-uct-0500","29","25","0.520833","1","1+1+1","3","1","2","true"
"6x6","6x6-uct-0500","29","26","0.541667","2","2+1","2","0","3","false"
"6x6","6x6-uct-0500","29","27","0.562500","1","1+1+1","3","1","2","true"
"6x6","6x6-uct-0500","29","28","0.583333","2","1+1+1","3","1","2","true"
"6x6","6x6-uct-0500","29","29","0.604167","1","1+1+1","3","2","1","true"
"6x6","6x6-uct-0500","29","30","0.625000","2","1+1+1","3","1","2","true"
"6x6","6x6-uct-0500","29","31","0.645833","1","1+1+1","3","1","2","true"
"6x6","6x6-uct-0500","29","32","0.666667","2","1+1+1","3","2","1","true"
"6x6","6x6-uct-0500","29","33","0.687500","1","2+1","2","3","0","false"
"6x6","6x6-uct-0500","29","34","0.708333","2","1+1+1","3","1","2","true"
"6x6","6x6-uct-0500","29","35","0.729167","1","1+1+1","3","1","2","true"
"6x6","6x6-uct-0500","29","36","0.750000","2","1+1+1","3","0","3","false"
"6x6","6x6-uct-0500","29","37","0.770833","1","2+1","2","1","2","true"
"6x6","6x6-uct-0500","29","38","0.791667","2","1+1+1","3","0","3","false"
"6x6","6x6-uct-0500","29","39","0.812500","1","2+1","2","2","1","true"
"6x6","6x6-uct-0500","29","40","0.833333","2","2+1","2","0","3","false"
"6x6","6x6-uct-0500","29","41","0.854167","1","1+1+1","3","1","2","true"
"6x6","6x6-uct-0500","29","42","0.875000","2","1+1+1","3","2","1","true"
"6x6","6x6-uct-0500","29","43","0.895833","1","2+1","2","0","3","false"
"6x6","6x6-uct-0500","29","44","0.916667","2","1+1+1","3","0","3","false"
"6x6","6x6-uct-0500","29","45","0.937500","1","1+1+1","3","2","1","true"
"6x6","6x6-uct-0500","29","46","0.958333","2","1+1+1","3","1","2","true"
"6x6","6x6-uct-0500","29","47","0.979167","1","2+1","2","0","3","false"
"6x6","6x6-uct-0500","29","48","1.000000","2","2+1","2","1","2","true"
"6x6","6x6-uct-0500","30","1","0.020833","1","1+1+1","3","3","0","false"
"6x6","6x6-uct-0500","30","2","0.041667","2","1+1+1","3","3","0","false"
"6x6","6x6-uct-0500","30","3","0.062500","1","1+1+1","3","3","0","false"
"6x6","6x6-uct-0500","30","4","0.083333","2","1+1+1","3","3","0","false"
"6x6","6x6-uct-0500","30","5","0.104167","1","1+1+1","3","2","1","true"
"6x6","6x6-uct-0500","30","6","0.125000","2","2+1","2","1","2","true"
"6x6","6x6-uct-0500","30","7","0.145833","1","1+1+1","3","2","1","true"
"6x6","6x6-uct-0500","30","8","0.166667","2","1+1+1","3","2","1","true"
"6x6","6x6-uct-0500","30","9","0.187500","1","1+1+1","3","3","0","false"
"6x6","6x6-uct-0500","30","10","0.208333","2","1+1+1","3","1","2","true"
"6x6","6x6-uct-0500","30","11","0.229167","1","2+1","2","1","2","true"
"6x6","6x6-uct-0500","30","12","0.250000","2","2+1","2","2","1","true"
"6x6","6x6-uct-0500","30","13","0.270833","1","2+1","2","1","2","true"
"6x6","6x6-uct-0500","30","14","0.291667","2","1+1+1","3","2","1","true"
"6x6","6x6-uct-0500","30","15","0.312500","1","1+1+1","3","0","3","false"
"6x6","6x6-uct-0500","30","16","0.333333","2","1+1+1","3","0","3","false"
"6x6","6x6-uct-0500","30","17","0.354167","1","1+1+1","3","0","3","false"
"6x6","6x6-uct-0500","30","18","0.375000","2","1+1+1","3","2","1","true"
"6x6","6x6-uct-0500","30","19","0.395833","1","2+1","2","1","2","true"
"6x6","6x6-uct-0500","30","20","0.416667","2","2+1","2","3","0","false"
"6x6","6x6-uct-0500","30","21","0.437500","1","1+1+1","3","2","1","true"
"6x6","6x6-uct-0500","30","22","0.458333","2","1+1+1","3","1","2","true"
"6x6","6x6-uct-0500","30","23","0.479167","1","1+1+1","3","1","2","true"
"6x6","6x6-uct-0500","30","24","0.500000","2","1+1+1","3","2","1","true"
"6x6","6x6-uct-0500","30","25","0.520833","1","1+1+1","3","0","3","false"
"6x6","6x6-uct-0500","30","26","0.541667","2","2+1","2","2","1","true"
"6x6","6x6-uct-0500","30","27","0.562500","1","1+1+1","3","1","2","true"
"6x6","6x6-uct-0500","30","28","0.583333","2","1+1+1","3","1","2","true"
"6x6","6x6-uct-0500","30","29","0.604167","1","2+1","2","1","2","true"
"6x6","6x6-uct-0500","30","30","0.625000","2","1+1+1","3","2","1","true"
"6x6","6x6-uct-0500","30","31","0.645833","1","1+1+1","3","3","0","false"
"6x6","6x6-uct-0500","30","32","0.666667","2","2+1","2","2","1","true"
"6x6","6x6-uct-0500","30","33","0.687500","1","1+1+1","3","2","1","true"
"6x6","6x6-uct-0500","30","34","0.708333","2","1+1+1","3","1","2","true"
"6x6","6x6-uct-0500","30","35","0.729167","1","1+1+1","3","1","2","true"
"6x6","6x6-uct-0500","30","36","0.750000","2","1+1+1","3","1","2","true"
"6x6","6x6-uct-0500","30","37","0.770833","1","1+1+1","3","1","2","true"
"6x6","6x6-uct-0500","30","38","0.791667","2","2+1","2","1","2","true"
"6x6","6x6-uct-0500","30","39","0.812500","1","1+1+1","3","2","1","true"
"6x6","6x6-uct-0500","30","40","0.833333","2","2+1","2","1","2","true"
"6x6","6x6-uct-0500","30","41","0.854167","1","2+1","2","2","1","true"
"6x6","6x6-uct-0500","30","42","0.875000","2","1+1+1","3","0","3","false"
"6x6","6x6-uct-0500","30","43","0.895833","1","2+1","2","0","3","false"
"6x6","6x6-uct-0500","30","44","0.916667","2","2+1","2","1","2","true"
"6x6","6x6-uct-0500","30","45","0.937500","1","2+1","2","1","2","true"
"6x6","6x6-uct-0500","30","46","0.958333","2","2+1","2","0","3","false"
"6x6","6x6-uct-0500","30","47","0.979167","1","1+1+1","3","1","2","true"
"6x6","6x6-uct-0500","30","48","1.000000","2","3","1","0","3","false"
"6x6","6x6-uct-0500","31","1","0.020833","1","1+1+1","3","3","0","false"
"6x6","6x6-uct-0500","31","2","0.041667","2","1+1+1","3","3","0","false"
"6x6","6x6-uct-0500","31","3","0.062500","1","1+1+1","3","2","1","true"
"6x6","6x6-uct-0500","31","4","0.083333","2","1+1+1","3","1","2","true"
"6x6","6x6-uct-0500","31","5","0.104167","1","2+1","2","2","1","true"
"6x6","6x6-uct-0500","31","6","0.125000","2","1+1+1","3","2","1","true"
"6x6","6x6-uct-0500","31","7","0.145833","1","2+1","2","3","0","false"
"6x6","6x6-uct-0500","31","8","0.166667","2","1+1+1","3","2","1","true"
"6x6","6x6-uct-0500","31","9","0.187500","1","1+1+1","3","2","1","true"
"6x6","6x6-uct-0500","31","10","0.208333","2","2+1","2","2","1","true"
"6x6","6x6-uct-0500","31","11","0.229167","1","1+1+1","3","3","0","false"
"6x6","6x6-uct-0500","31","12","0.250000","2","1+1+1","3","2","1","true"
"6x6","6x6-uct-0500","31","13","0.270833","1","1+1+1","3","2","1","true"
"6x6","6x6-uct-0500","31","14","0.291667","2","1+1+1","3","3","0","false"
"6x6","6x6-uct-0500","31","15","0.312500","1","1+1+1","3","1","2","true"
"6x6","6x6-uct-0500","31","16","0.333333","2","1+1+1","3","1","2","true"
"6x6","6x6-uct-0500","31","17","0.354167","1","1+1+1","3","1","2","true"
"6x6","6x6-uct-0500","31","18","0.375000","2","2+1","2","2","1","true"
"6x6","6x6-uct-0500","31","19","0.395833","1","1+1+1","3","3","0","false"
"6x6","6x6-uct-0500","31","20","0.416667","2","1+1+1","3","2","1","true"
"6x6","6x6-uct-0500","31","21","0.437500","1","1+1+1","3","2","1","true"
"6x6","6x6-uct-0500","31","22","0.458333","2","2+1","2","2","1","true"
"6x6","6x6-uct-0500","31","23","0.479167","1","1+1+1","3","0","3","false"
"6x6","6x6-uct-0500","31","24","0.500000","2","2+1","2","3","0","false"
"6x6","6x6-uct-0500","31","25","0.520833","1","1+1+1","3","2","1","true"
"6x6","6x6-uct-0500","31","26","0.541667","2","1+1+1","3","1","2","true"
"6x6","6x6-uct-0500","31","27","0.562500","1","1+1+1","3","2","1","true"
"6x6","6x6-uct-0500","31","28","0.583333","2","2+1","2","1","2","true"
"6x6","6x6-uct-0500","31","29","0.604167","1","1+1+1","3","0","3","false"
"6x6","6x6-uct-0500","31","30","0.625000","2","1+1+1","3","0","3","false"
"6x6","6x6-uct-0500","31","31","0.645833","1","1+1+1","3","1","2","true"
"6x6","6x6-uct-0500","31","32","0.666667","2","1+1+1","3","2","1","true"
"6x6","6x6-uct-0500","31","33","0.687500","1","1+1+1","3","1","2","true"
"6x6","6x6-uct-0500","31","34","0.708333","2","2+1","2","3","0","false"
"6x6","6x6-uct-0500","31","35","0.729167","1","1+1+1","3","1","2","true"
"6x6","6x6-uct-0500","31","36","0.750000","2","2+1","2","0","3","false"
"6x6","6x6-uct-0500","31","37","0.770833","1","1+1+1","3","1","2","true"
"6x6","6x6-uct-0500","31","38","0.791667","2","1+1+1","3","3","0","false"
"6x6","6x6-uct-0500","31","39","0.812500","1","2+1","2","2","1","true"
"6x6","6x6-uct-0500","31","40","0.833333","2","1+1+1","3","2","1","true"
"6x6","6x6-uct-0500","31","41","0.854167","1","1+1+1","3","0","3","false"
"6x6","6x6-uct-0500","31","42","0.875000","2","2+1","2","1","2","true"
"6x6","6x6-uct-0500","31","43","0.895833","1","2+1","2","1","2","true"
"6x6","6x6-uct-0500","31","44","0.916667","2","2+1","2","1","2","true"
"6x6","6x6-uct-0500","31","45","0.937500","1","1+1+1","3","2","1","true"
"6x6","6x6-uct-0500","31","46","0.958333","2","2+1","2","3","0","false"
"6x6","6x6-uct-0500","31","47","0.979167","1","2+1","2","2","1","true"
"6x6","6x6-uct-0500","31","48","1.000000","2","1+1+1","3","2","1","true"
"6x6","6x6-uct-0500","32","1","0.020833","1","1+1+1","3","3","0","false"
"6x6","6x6-uct-0500","32","2","0.041667","2","1+1+1","3","3","0","false"
"6x6","6x6-uct-0500","32","3","0.062500","1","2+1","2","2","1","true"
"6x6","6x6-uct-0500","32","4","0.083333","2","1+1+1","3","3","0","false"
"6x6","6x6-uct-0500","32","5","0.104167","1","2+1","2","1","2","true"
"6x6","6x6-uct-0500","32","6","0.125000","2","2+1","2","3","0","false"
"6x6","6x6-uct-0500","32","7","0.145833","1","2+1","2","3","0","false"
"6x6","6x6-uct-0500","32","8","0.166667","2","2+1","2","2","1","true"
"6x6","6x6-uct-0500","32","9","0.187500","1","1+1+1","3","1","2","true"
"6x6","6x6-uct-0500","32","10","0.208333","2","2+1","2","1","2","true"
"6x6","6x6-uct-0500","32","11","0.229167","1","1+1+1","3","2","1","true"
"6x6","6x6-uct-0500","32","12","0.250000","2","2+1","2","3","0","false"
"6x6","6x6-uct-0500","32","13","0.270833","1","1+1+1","3","2","1","true"
"6x6","6x6-uct-0500","32","14","0.291667","2","1+1+1","3","1","2","true"
"6x6","6x6-uct-0500","32","15","0.312500","1","1+1+1","3","2","1","true"
"6x6","6x6-uct-0500","32","16","0.333333","2","1+1+1","3","0","3","false"
"6x6","6x6-uct-0500","32","17","0.354167","1","2+1","2","0","3","false"
"6x6","6x6-uct-0500","32","18","0.375000","2","1+1+1","3","2","1","true"
"6x6","6x6-uct-0500","32","19","0.395833","1","1+1+1","3","3","0","false"
"6x6","6x6-uct-0500","32","20","0.416667","2","2+1","2","1","2","true"
"6x6","6x6-uct-0500","32","21","0.437500","1","2+1","2","0","3","false"
"6x6","6x6-uct-0500","32","22","0.458333","2","1+1+1","3","2","1","true"
"6x6","6x6-uct-0500","32","23","0.479167","1","1+1+1","3","2","1","true"
"6x6","6x6-uct-0500","32","24","0.500000","2","1+1+1","3","1","2","true"
"6x6","6x6-uct-0500","32","25","0.520833","1","1+1+1","3","1","2","true"
"6x6","6x6-uct-0500","32","26","0.541667","2","2+1","2","0","3","false"
"6x6","6x6-uct-0500","32","27","0.562500","1","1+1+1","3","1","2","true"
"6x6","6x6-uct-0500","32","28","0.583333","2","2+1","2","0","3","false"
"6x6","6x6-uct-0500","32","29","0.604167","1","1+1+1","3","0","3","false"
"6x6","6x6-uct-0500","32","30","0.625000","2","2+1","2","1","2","true"
"6x6","6x6-uct-0500","32","31","0.645833","1","1+1+1","3","1","2","true"
"6x6","6x6-uct-0500","32","32","0.666667","2","1+1+1","3","1","2","true"
"6x6","6x6-uct-0500","32","33","0.687500","1","2+1","2","1","2","true"
"6x6","6x6-uct-0500","32","34","0.708333","2","1+1+1","3","1","2","true"
"6x6","6x6-uct-0500","32","35","0.729167","1","1+1+1","3","1","2","true"
"6x6","6x6-uct-0500","32","36","0.750000","2","1+1+1","3","1","2","true"
"6x6","6x6-uct-0500","32","37","0.770833","1","1+1+1","3","1","2","true"
"6x6","6x6-uct-0500","32","38","0.791667","2","2+1","2","1","2","true"
"6x6","6x6-uct-0500","32","39","0.812500","1","1+1+1","3","0","3","false"
"6x6","6x6-uct-0500","32","40","0.833333","2","2+1","2","0","3","false"
"6x6","6x6-uct-0500","32","41","0.854167","1","2+1","2","2","1","true"
"6x6","6x6-uct-0500","32","42","0.875000","2","1+1+1","3","2","1","true"
"6x6","6x6-uct-0500","32","43","0.895833","1","1+1+1","3","3","0","false"
"6x6","6x6-uct-0500","32","44","0.916667","2","1+1+1","3","0","3","false"
"6x6","6x6-uct-0500","32","45","0.937500","1","1+1+1","3","0","3","false"
"6x6","6x6-uct-0500","32","46","0.958333","2","1+1+1","3","1","2","true"
"6x6","6x6-uct-0500","32","47","0.979167","1","3","1","0","3","false"
"6x6","6x6-uct-0500","32","48","1.000000","2","1+1+1","3","1","2","true"
"6x6","6x6-uct-0500","33","1","0.020833","1","1+1+1","3","3","0","false"
"6x6","6x6-uct-0500","33","2","0.041667","2","1+1+1","3","3","0","false"
"6x6","6x6-uct-0500","33","3","0.062500","1","1+1+1","3","3","0","false"
"6x6","6x6-uct-0500","33","4","0.083333","2","1+1+1","3","2","1","true"
"6x6","6x6-uct-0500","33","5","0.104167","1","1+1+1","3","1","2","true"
"6x6","6x6-uct-0500","33","6","0.125000","2","2+1","2","3","0","false"
"6x6","6x6-uct-0500","33","7","0.145833","1","1+1+1","3","2","1","true"
"6x6","6x6-uct-0500","33","8","0.166667","2","1+1+1","3","3","0","false"
"6x6","6x6-uct-0500","33","9","0.187500","1","1+1+1","3","3","0","false"
"6x6","6x6-uct-0500","33","10","0.208333","2","2+1","2","1","2","true"
"6x6","6x6-uct-0500","33","11","0.229167","1","1+1+1","3","2","1","true"
"6x6","6x6-uct-0500","33","12","0.250000","2","1+1+1","3","1","2","true"
"6x6","6x6-uct-0500","33","13","0.270833","1","1+1+1","3","0","3","false"
"6x6","6x6-uct-0500","33","14","0.291667","2","1+1+1","3","1","2","true"
"6x6","6x6-uct-0500","33","15","0.312500","1","1+1+1","3","1","2","true"
"6x6","6x6-uct-0500","33","16","0.333333","2","2+1","2","0","3","false"
"6x6","6x6-uct-0500","33","17","0.354167","1","1+1+1","3","2","1","true"
"6x6","6x6-uct-0500","33","18","0.375000","2","3","1","2","1","true"
"6x6","6x6-uct-0500","33","19","0.395833","1","1+1+1","3","2","1","true"
"6x6","6x6-uct-0500","33","20","0.416667","2","1+1+1","3","2","1","true"
"6x6","6x6-uct-0500","33","21","0.437500","1","1+1+1","3","1","2","true"
"6x6","6x6-uct-0500","33","22","0.458333","2","2+1","2","2","1","true"
"6x6","6x6-uct-0500","33","23","0.479167","1","1+1+1","3","1","2","true"
"6x6","6x6-uct-0500","33","24","0.500000","2","1+1+1","3","0","3","false"
"6x6","6x6-uct-0500","33","25","0.520833","1","1+1+1","3","0","3","false"
"6x6","6x6-uct-0500","33","26","0.541667","2","1+1+1","3","0","3","false"
"6x6","6x6-uct-0500","33","27","0.562500","1","1+1+1","3","1","2","true"
"6x6","6x6-uct-0500","33","28","0.583333","2","1+1+1","3","1","2","true"
"6x6","6x6-uct-0500","33","29","0.604167","1","2+1","2","2","1","true"
"6x6","6x6-uct-0500","33","30","0.625000","2","1+1+1","3","1","2","true"
"6x6","6x6-uct-0500","33","31","0.645833","1","1+1+1","3","0","3","false"
"6x6","6x6-uct-0500","33","32","0.666667","2","2+1","2","1","2","true"
"6x6","6x6-uct-0500","33","33","0.687500","1","1+1+1","3","1","2","true"
"6x6","6x6-uct-0500","33","34","0.708333","2","2+1","2","0","3","false"
"6x6","6x6-uct-0500","33","35","0.729167","1","1+1+1","3","1","2","true"
"6x6","6x6-uct-0500","33","36","0.750000","2","1+1+1","3","0","3","false"
"6x6","6x6-uct-0500","33","37","0.770833","1","1+1+1","3","1","2","true"
"6x6","6x6-uct-0500","33","38","0.791667","2","1+1+1","3","0","3","false"
"6x6","6x6-uct-0500","33","39","0.812500","1","3","1","1","2","true"
"6x6","6x6-uct-0500","33","40","0.833333","2","1+1+1","3","1","2","true"
"6x6","6x6-uct-0500","33","41","0.854167","1","2+1","2","0","3","false"
"6x6","6x6-uct-0500","33","42","0.875000","2","2+1","2","1","2","true"
"6x6","6x6-uct-0500","33","43","0.895833","1","3","1","1","2","true"
"6x6","6x6-uct-0500","33","44","0.916667","2","1+1+1","3","1","2","true"
"6x6","6x6-uct-0500","33","45","0.937500","1","1+1+1","3","2","1","true"
"6x6","6x6-uct-0500","33","46","0.958333","2","2+1","2","2","1","true"
"6x6","6x6-uct-0500","33","47","0.979167","1","1+1+1","3","1","2","true"
"6x6","6x6-uct-0500","33","48","1.000000","2","1+1+1","3","3","0","false"
"6x6","6x6-uct-0500","34","1","0.020833","1","2+1","2","3","0","false"
"6x6","6x6-uct-0500","34","2","0.041667","2","1+1+1","3","3","0","false"
"6x6","6x6-uct-0500","34","3","0.062500","1","2+1","2","3","0","false"
"6x6","6x6-uct-0500","34","4","0.083333","2","2+1","2","3","0","false"
"6x6","6x6-uct-0500","34","5","0.104167","1","3","1","3","0","false"
"6x6","6x6-uct-0500","34","6","0.125000","2","1+1+1","3","0","3","false"
"6x6","6x6-uct-0500","34","7","0.145833","1","1+1+1","3","0","3","false"
"6x6","6x6-uct-0500","34","8","0.166667","2","1+1+1","3","2","1","true"
"6x6","6x6-uct-0500","34","9","0.187500","1","1+1+1","3","1","2","true"
"6x6","6x6-uct-0500","34","10","0.208333","2","1+1+1","3","1","2","true"
"6x6","6x6-uct-0500","34","11","0.229167","1","1+1+1","3","1","2","true"
"6x6","6x6-uct-0500","34","12","0.250000","2","2+1","2","1","2","true"
"6x6","6x6-uct-0500","34","13","0.270833","1","1+1+1","3","0","3","false"
"6x6","6x6-uct-0500","34","14","0.291667","2","1+1+1","3","1","2","true"
"6x6","6x6-uct-0500","34","15","0.312500","1","1+1+1","3","1","2","true"
"6x6","6x6-uct-0500","34","16","0.333333","2","1+1+1","3","3","0","false"
"6x6","6x6-uct-0500","34","17","0.354167","1","2+1","2","3","0","false"
"6x6","6x6-uct-0500","34","18","0.375000","2","2+1","2","3","0","false"
"6x6","6x6-uct-0500","34","19","0.395833","1","2+1","2","1","2","true"
"6x6","6x6-uct-0500","34","20","0.416667","2","2+1","2","2","1","true"
"6x6","6x6-uct-0500","34","21","0.437500","1","1+1+1","3","2","1","true"
"6x6","6x6-uct-0500","34","22","0.458333","2","1+1+1","3","1","2","true"
"6x6","6x6-uct-0500","34","23","0.479167","1","1+1+1","3","2","1","true"
"6x6","6x6-uct-0500","34","24","0.500000","2","1+1+1","3","0","3","false"
"6x6","6x6-uct-0500","34","25","0.520833","1","1+1+1","3","0","3","false"
"6x6","6x6-uct-0500","34","26","0.541667","2","1+1+1","3","1","2","true"
"6x6","6x6-uct-0500","34","27","0.562500","1","1+1+1","3","0","3","false"
"6x6","6x6-uct-0500","34","28","0.583333","2","2+1","2","0","3","false"
"6x6","6x6-uct-0500","34","29","0.604167","1","2+1","2","2","1","true"
"6x6","6x6-uct-0500","34","30","0.625000","2","1+1+1","3","1","2","true"
"6x6","6x6-uct-0500","34","31","0.645833","1","2+1","2","3","0","false"
"6x6","6x6-uct-0500","34","32","0.666667","2","1+1+1","3","2","1","true"
"6x6","6x6-uct-0500","34","33","0.687500","1","1+1+1","3","1","2","true"
"6x6","6x6-uct-0500","34","34","0.708333","2","1+1+1","3","0","3","false"
"6x6","6x6-uct-0500","34","35","0.729167","1","1+1+1","3","0","3","false"
"6x6","6x6-uct-0500","34","36","0.750000","2","3","1","1","2","true"
"6x6","6x6-uct-0500","34","37","0.770833","1","1+1+1","3","0","3","false"
"6x6","6x6-uct-0500","34","38","0.791667","2","1+1+1","3","0","3","false"
"6x6","6x6-uct-0500","34","39","0.812500","1","1+1+1","3","0","3","false"
"6x6","6x6-uct-0500","34","40","0.833333","2","2+1","2","1","2","true"
"6x6","6x6-uct-0500","34","41","0.854167","1","1+1+1","3","1","2","true"
"6x6","6x6-uct-0500","34","42","0.875000","2","2+1","2","0","3","false"
"6x6","6x6-uct-0500","34","43","0.895833","1","2+1","2","0","3","false"
"6x6","6x6-uct-0500","34","44","0.916667","2","1+1+1","3","1","2","true"
"6x6","6x6-uct-0500","34","45","0.937500","1","1+1+1","3","0","3","false"
"6x6","6x6-uct-0500","34","46","0.958333","2","3","1","1","2","true"
"6x6","6x6-uct-0500","34","47","0.979167","1","2+1","2","1","2","true"
"6x6","6x6-uct-0500","34","48","1.000000","2","1+1+1","3","1","2","true"
"6x6","6x6-uct-0500","35","1","0.020833","1","1+1+1","3","3","0","false"
"6x6","6x6-uct-0500","35","2","0.041667","2","1+1+1","3","3","0","false"
"6x6","6x6-uct-0500","35","3","0.062500","1","1+1+1","3","2","1","true"
"6x6","6x6-uct-0500","35","4","0.083333","2","1+1+1","3","2","1","true"
"6x6","6x6-uct-0500","35","5","0.104167","1","2+1","2","2","1","true"
"6x6","6x6-uct-0500","35","6","0.125000","2","2+1","2","3","0","false"
"6x6","6x6-uct-0500","35","7","0.145833","1","1+1+1","3","3","0","false"
"6x6","6x6-uct-0500","35","8","0.166667","2","1+1+1","3","2","1","true"
"6x6","6x6-uct-0500","35","9","0.187500","1","1+1+1","3","2","1","true"
"6x6","6x6-uct-0500","35","10","0.208333","2","2+1","2","2","1","true"
"6x6","6x6-uct-0500","35","11","0.229167","1","1+1+1","3","3","0","false"
"6x6","6x6-uct-0500","35","12","0.250000","2","1+1+1","3","1","2","true"
"6x6","6x6-uct-0500","35","13","0.270833","1","1+1+1","3","1","2","true"
"6x6","6x6-uct-0500","35","14","0.291667","2","1+1+1","3","1","2","true"
"6x6","6x6-uct-0500","35","15","0.312500","1","1+1+1","3","2","1","true"
"6x6","6x6-uct-0500","35","16","0.333333","2","2+1","2","1","2","true"
"6x6","6x6-uct-0500","35","17","0.354167","1","1+1+1","3","1","2","true"
"6x6","6x6-uct-0500","35","18","0.375000","2","1+1+1","3","1","2","true"
"6x6","6x6-uct-0500","35","19","0.395833","1","2+1","2","2","1","true"
"6x6","6x6-uct-0500","35","20","0.416667","2","1+1+1","3","2","1","true"
"6x6","6x6-uct-0500","35","21","0.437500","1","1+1+1","3","2","1","true"
"6x6","6x6-uct-0500","35","22","0.458333","2","1+1+1","3","1","2","true"
"6x6","6x6-uct-0500","35","23","0.479167","1","1+1+1","3","1","2","true"
"6x6","6x6-uct-0500","35","24","0.500000","2","1+1+1","3","3","0","false"
"6x6","6x6-uct-0500","35","25","0.520833","1","1+1+1","3","0","3","false"
"6x6","6x6-uct-0500","35","26","0.541667","2","1+1+1","3","1","2","true"
"6x6","6x6-uct-0500","35","27","0.562500","1","1+1+1","3","1","2","true"
"6x6","6x6-uct-0500","35","28","0.583333","2","2+1","2","3","0","false"
"6x6","6x6-uct-0500","35","29","0.604167","1","1+1+1","3","1","2","true"
"6x6","6x6-uct-0500","35","30","0.625000","2","2+1","2","2","1","true"
"6x6","6x6-uct-0500","35","31","0.645833","1","2+1","2","0","3","false"
"6x6","6x6-uct-0500","35","32","0.666667","2","1+1+1","3","0","3","false"
"6x6","6x6-uct-0500","35","33","0.687500","1","2+1","2","1","2","true"
"6x6","6x6-uct-0500","35","34","0.708333","2","1+1+1","3","0","3","false"
"6x6","6x6-uct-0500","35","35","0.729167","1","2+1","2","1","2","true"
"6x6","6x6-uct-0500","35","36","0.750000","2","1+1+1","3","1","2","true"
"6x6","6x6-uct-0500","35","37","0.770833","1","2+1","2","1","2","true"
"6x6","6x6-uct-0500","35","38","0.791667","2","2+1","2","1","2","true"
"6x6","6x6-uct-0500","35","39","0.812500","1","1+1+1","3","0","3","false"
"6x6","6x6-uct-0500","35","40","0.833333","2","2+1","2","2","1","true"
"6x6","6x6-uct-0500","35","41","0.854167","1","2+1","2","0","3","false"
"6x6","6x6-uct-0500","35","42","0.875000","2","2+1","2","1","2","true"
"6x6","6x6-uct-0500","35","43","0.895833","1","2+1","2","1","2","true"
"6x6","6x6-uct-0500","35","44","0.916667","2","2+1","2","1","2","true"
"6x6","6x6-uct-0500","35","45","0.937500","1","2+1","2","1","2","true"
"6x6","6x6-uct-0500","35","46","0.958333","2","1+1+1","3","3","0","false"
"6x6","6x6-uct-0500","35","47","0.979167","1","1+1+1","3","1","2","true"
"6x6","6x6-uct-0500","35","48","1.000000","2","2+1","2","1","2","true"
"6x6","6x6-uct-0500","36","1","0.020833","1","2+1","2","3","0","false"
"6x6","6x6-uct-0500","36","2","0.041667","2","2+1","2","3","0","false"
"6x6","6x6-uct-0500","36","3","0.062500","1","1+1+1","3","3","0","false"
"6x6","6x6-uct-0500","36","4","0.083333","2","2+1","2","2","1","true"
"6x6","6x6-uct-0500","36","5","0.104167","1","1+1+1","3","3","0","false"
"6x6","6x6-uct-0500","36","6","0.125000","2","2+1","2","3","0","false"
"6x6","6x6-uct-0500","36","7","0.145833","1","1+1+1","3","2","1","true"
"6x6","6x6-uct-0500","36","8","0.166667","2","1+1+1","3","3","0","false"
"6x6","6x6-uct-0500","36","9","0.187500","1","1+1+1","3","2","1","true"
"6x6","6x6-uct-0500","36","10","0.208333","2","1+1+1","3","1","2","true"
"6x6","6x6-uct-0500","36","11","0.229167","1","1+1+1","3","2","1","true"
"6x6","6x6-uct-0500","36","12","0.250000","2","1+1+1","3","1","2","true"
"6x6","6x6-uct-0500","36","13","0.270833","1","2+1","2","2","1","true"
"6x6","6x6-uct-0500","36","14","0.291667","2","1+1+1","3","2","1","true"
"6x6","6x6-uct-0500","36","15","0.312500","1","3","1","1","2","true"
"6x6","6x6-uct-0500","36","16","0.333333","2","2+1","2","2","1","true"
"6x6","6x6-uct-0500","36","17","0.354167","1","1+1+1","3","0","3","false"
"6x6","6x6-uct-0500","36","18","0.375000","2","1+1+1","3","1","2","true"
"6x6","6x6-uct-0500","36","19","0.395833","1","1+1+1","3","1","2","true"
"6x6","6x6-uct-0500","36","20","0.416667","2","1+1+1","3","1","2","true"
"6x6","6x6-uct-0500","36","21","0.437500","1","1+1+1","3","1","2","true"
"6x6","6x6-uct-0500","36","22","0.458333","2","2+1","2","1","2","true"
"6x6","6x6-uct-0500","36","23","0.479167","1","1+1+1","3","1","2","true"
"6x6","6x6-uct-0500","36","24","0.500000","2","1+1+1","3","2","1","true"
"6x6","6x6-uct-0500","36","25","0.520833","1","1+1+1","3","1","2","true"
"6x6","6x6-uct-0500","36","26","0.541667","2","1+1+1","3","0","3","false"
"6x6","6x6-uct-0500","36","27","0.562500","1","2+1","2","0","3","false"
"6x6","6x6-uct-0500","36","28","0.583333","2","2+1","2","2","1","true"
"6x6","6x6-uct-0500","36","29","0.604167","1","1+1+1","3","0","3","false"
"6x6","6x6-uct-0500","36","30","0.625000","2","2+1","2","3","0","false"
"6x6","6x6-uct-0500","36","31","0.645833","1","2+1","2","0","3","false"
"6x6","6x6-uct-0500","36","32","0.666667","2","2+1","2","2","1","true"
"6x6","6x6-uct-0500","36","33","0.687500","1","1+1+1","3","2","1","true"
"6x6","6x6-uct-0500","36","34","0.708333","2","2+1","2","2","1","true"
"6x6","6x6-uct-0500","36","35","0.729167","1","1+1+1","3","1","2","true"
"6x6","6x6-uct-0500","36","36","0.750000","2","2+1","2","0","3","false"
"6x6","6x6-uct-0500","36","37","0.770833","1","2+1","2","1","2","true"
"6x6","6x6-uct-0500","36","38","0.791667","2","2+1","2","1","2","true"
"6x6","6x6-uct-0500","36","39","0.812500","1","2+1","2","1","2","true"
"6x6","6x6-uct-0500","36","40","0.833333","2","2+1","2","0","3","false"
"6x6","6x6-uct-0500","36","41","0.854167","1","2+1","2","1","2","true"
"6x6","6x6-uct-0500","36","42","0.875000","2","2+1","2","0","3","false"
"6x6","6x6-uct-0500","36","43","0.895833","1","2+1","2","1","2","true"
"6x6","6x6-uct-0500","36","44","0.916667","2","1+1+1","3","2","1","true"
"6x6","6x6-uct-0500","36","45","0.937500","1","3","1","1","2","true"
"6x6","6x6-uct-0500","36","46","0.958333","2","1+1+1","3","1","2","true"
"6x6","6x6-uct-0500","36","47","0.979167","1","1+1+1","3","2","1","true"
"6x6","6x6-uct-0500","36","48","1.000000","2","1+1+1","3","2","1","true"
"6x6","6x6-uct-0500","37","1","0.020833","1","1+1+1","3","3","0","false"
"6x6","6x6-uct-0500","37","2","0.041667","2","1+1+1","3","3","0","false"
"6x6","6x6-uct-0500","37","3","0.062500","1","2+1","2","2","1","true"
"6x6","6x6-uct-0500","37","4","0.083333","2","1+1+1","3","2","1","true"
"6x6","6x6-uct-0500","37","5","0.104167","1","1+1+1","3","2","1","true"
"6x6","6x6-uct-0500","37","6","0.125000","2","1+1+1","3","3","0","false"
"6x6","6x6-uct-0500","37","7","0.145833","1","1+1+1","3","2","1","true"
"6x6","6x6-uct-0500","37","8","0.166667","2","3","1","3","0","false"
"6x6","6x6-uct-0500","37","9","0.187500","1","1+1+1","3","1","2","true"
"6x6","6x6-uct-0500","37","10","0.208333","2","1+1+1","3","1","2","true"
"6x6","6x6-uct-0500","37","11","0.229167","1","1+1+1","3","2","1","true"
"6x6","6x6-uct-0500","37","12","0.250000","2","1+1+1","3","3","0","false"
"6x6","6x6-uct-0500","37","13","0.270833","1","2+1","2","2","1","true"
"6x6","6x6-uct-0500","37","14","0.291667","2","2+1","2","2","1","true"
"6x6","6x6-uct-0500","37","15","0.312500","1","1+1+1","3","0","3","false"
"6x6","6x6-uct-0500","37","16","0.333333","2","1+1+1","3","2","1","true"
"6x6","6x6-uct-0500","37","17","0.354167","1","2+1","2","1","2","true"
"6x6","6x6-uct-0500","37","18","0.375000","2","1+1+1","3","2","1","true"
"6x6","6x6-uct-0500","37","19","0.395833","1","2+1","2","1","2","true"
"6x6","6x6-uct-0500","37","20","0.416667","2","1+1+1","3","0","3","false"
"6x6","6x6-uct-0500","37","21","0.437500","1","1+1+1","3","3","0","false"
"6x6","6x6-uct-0500","37","22","0.458333","2","1+1+1","3","2","1","true"
"6x6","6x6-uct-0500","37","23","0.479167","1","2+1","2","2","1","true"
"6x6","6x6-uct-0500","37","24","0.500000","2","1+1+1","3","2","1","true"
"6x6","6x6-uct-0500","37","25","0.520833","1","1+1+1","3","2","1","true"
"6x6","6x6-uct-0500","37","26","0.541667","2","2+1","2","2","1","true"
"6x6","6x6-uct-0500","37","27","0.562500","1","2+1","2","2","1","true"
"6x6","6x6-uct-0500","37","28","0.583333","2","2+1","2","0","3","false"
"6x6","6x6-uct-0500","37","29","0.604167","1","1+1+1","3","1","2","true"
"6x6","6x6-uct-0500","37","30","0.625000","2","1+1+1","3","2","1","true"
"6x6","6x6-uct-0500","37","31","0.645833","1","1+1+1","3","1","2","true"
"6x6","6x6-uct-0500","37","32","0.666667","2","1+1+1","3","1","2","true"
"6x6","6x6-uct-0500","37","33","0.687500","1","2+1","2","1","2","true"
"6x6","6x6-uct-0500","37","34","0.708333","2","1+1+1","3","1","2","true"
"6x6","6x6-uct-0500","37","35","0.729167","1","1+1+1","3","1","2","true"
"6x6","6x6-uct-0500","37","36","0.750000","2","1+1+1","3","1","2","true"
"6x6","6x6-uct-0500","37","37","0.770833","1","2+1","2","2","1","true"
"6x6","6x6-uct-0500","37","38","0.791667","2","1+1+1","3","1","2","true"
"6x6","6x6-uct-0500","37","39","0.812500","1","2+1","2","2","1","true"
"6x6","6x6-uct-0500","37","40","0.833333","2","1+1+1","3","0","3","false"
"6x6","6x6-uct-0500","37","41","0.854167","1","2+1","2","0","3","false"
"6x6","6x6-uct-0500","37","42","0.875000","2","1+1+1","3","0","3","false"
"6x6","6x6-uct-0500","37","43","0.895833","1","1+1+1","3","2","1","true"
"6x6","6x6-uct-0500","37","44","0.916667","2","1+1+1","3","0","3","false"
"6x6","6x6-uct-0500","37","45","0.937500","1","1+1+1","3","1","2","true"
"6x6","6x6-uct-0500","37","46","0.958333","2","1+1+1","3","2","1","true"
"6x6","6x6-uct-0500","37","47","0.979167","1","2+1","2","1","2","true"
"6x6","6x6-uct-0500","37","48","1.000000","2","1+1+1","3","1","2","true"
"6x6","6x6-uct-0500","38","1","0.020833","1","2+1","2","3","0","false"
"6x6","6x6-uct-0500","38","2","0.041667","2","1+1+1","3","3","0","false"
"6x6","6x6-uct-0500","38","3","0.062500","1","2+1","2","3","0","false"
"6x6","6x6-uct-0500","38","4","0.083333","2","1+1+1","3","3","0","false"
"6x6","6x6-uct-0500","38","5","0.104167","1","3","1","3","0","false"
"6x6","6x6-uct-0500","38","6","0.125000","2","1+1+1","3","3","0","false"
"6x6","6x6-uct-0500","38","7","0.145833","1","2+1","2","3","0","false"
"6x6","6x6-uct-0500","38","8","0.166667","2","1+1+1","3","1","2","true"
"6x6","6x6-uct-0500","38","9","0.187500","1","1+1+1","3","2","1","true"
"6x6","6x6-uct-0500","38","10","0.208333","2","2+1","2","2","1","true"
"6x6","6x6-uct-0500","38","11","0.229167","1","1+1+1","3","1","2","true"
"6x6","6x6-uct-0500","38","12","0.250000","2","1+1+1","3","1","2","true"
"6x6","6x6-uct-0500","38","13","0.270833","1","2+1","2","1","2","true"
"6x6","6x6-uct-0500","38","14","0.291667","2","1+1+1","3","1","2","true"
"6x6","6x6-uct-0500","38","15","0.312500","1","2+1","2","2","1","true"
"6x6","6x6-uct-0500","38","16","0.333333","2","1+1+1","3","2","1","true"
"6x6","6x6-uct-0500","38","17","0.354167","1","2+1","2","2","1","true"
"6x6","6x6-uct-0500","38","18","0.375000","2","2+1","2","1","2","true"
"6x6","6x6-uct-0500","38","19","0.395833","1","2+1","2","0","3","false"
"6x6","6x6-uct-0500","38","20","0.416667","2","1+1+1","3","1","2","true"
"6x6","6x6-uct-0500","38","21","0.437500","1","2+1","2","2","1","true"
"6x6","6x6-uct-0500","38","22","0.458333","2","2+1","2","2","1","true"
"6x6","6x6-uct-0500","38","23","0.479167","1","2+1","2","1","2","true"
"6x6","6x6-uct-0500","38","24","0.500000","2","1+1+1","3","1","2","true"
"6x6","6x6-uct-0500","38","25","0.520833","1","2+1","2","2","1","true"
"6x6","6x6-uct-0500","38","26","0.541667","2","2+1","2","1","2","true"
"6x6","6x6-uct-0500","38","27","0.562500","1","1+1+1","3","1","2","true"
"6x6","6x6-uct-0500","38","28","0.583333","2","1+1+1","3","1","2","true"
"6x6","6x6-uct-0500","38","29","0.604167","1","2+1","2","1","2","true"
"6x6","6x6-uct-0500","38","30","0.625000","2","1+1+1","3","2","1","true"
"6x6","6x6-uct-0500","38","31","0.645833","1","2+1","2","1","2","true"
"6x6","6x6-uct-0500","38","32","0.666667","2","1+1+1","3","2","1","true"
"6x6","6x6-uct-0500","38","33","0.687500","1","2+1","2","1","2","true"
"6x6","6x6-uct-0500","38","34","0.708333","2","1+1+1","3","1","2","true"
"6x6","6x6-uct-0500","38","35","0.729167","1","1+1+1","3","1","2","true"
"6x6","6x6-uct-0500","38","36","0.750000","2","1+1+1","3","2","1","true"
"6x6","6x6-uct-0500","38","37","0.770833","1","1+1+1","3","1","2","true"
"6x6","6x6-uct-0500","38","38","0.791667","2","1+1+1","3","1","2","true"
"6x6","6x6-uct-0500","38","39","0.812500","1","1+1+1","3","0","3","false"
"6x6","6x6-uct-0500","38","40","0.833333","2","1+1+1","3","2","1","true"
"6x6","6x6-uct-0500","38","41","0.854167","1","2+1","2","2","1","true"
"6x6","6x6-uct-0500","38","42","0.875000","2","3","1","0","3","false"
"6x6","6x6-uct-0500","38","43","0.895833","1","2+1","2","0","3","false"
"6x6","6x6-uct-0500","38","44","0.916667","2","2+1","2","1","2","true"
"6x6","6x6-uct-0500","38","45","0.937500","1","2+1","2","1","2","true"
"6x6","6x6-uct-0500","38","46","0.958333","2","2+1","2","0","3","false"
"6x6","6x6-uct-0500","38","47","0.979167","1","2+1","2","1","2","true"
"6x6","6x6-uct-0500","38","48","1.000000","2","2+1","2","2","1","true"
"6x6","6x6-uct-0500","39","1","0.020833","1","2+1","2","3","0","false"
"6x6","6x6-uct-0500","39","2","0.041667","2","1+1+1","3","3","0","false"
"6x6","6x6-uct-0500","39","3","0.062500","1","1+1+1","3","2","1","true"
"6x6","6x6-uct-0500","39","4","0.083333","2","1+1+1","3","3","0","false"
"6x6","6x6-uct-0500","39","5","0.104167","1","1+1+1","3","1","2","true"
"6x6","6x6-uct-0500","39","6","0.125000","2","1+1+1","3","1","2","true"
"6x6","6x6-uct-0500","39","7","0.145833","1","2+1","2","0","3","false"
"6x6","6x6-uct-0500","39","8","0.166667","2","1+1+1","3","3","0","false"
"6x6","6x6-uct-0500","39","9","0.187500","1","2+1","2","3","0","false"
"6x6","6x6-uct-0500","39","10","0.208333","2","1+1+1","3","0","3","false"
"6x6","6x6-uct-0500","39","11","0.229167","1","1+1+1","3","2","1","true"
"6x6","6x6-uct-0500","39","12","0.250000","2","2+1","2","3","0","false"
"6x6","6x6-uct-0500","39","13","0.270833","1","1+1+1","3","1","2","true"
"6x6","6x6-uct-0500","39","14","0.291667","2","1+1+1","3","3","0","false"
"6x6","6x6-uct-0500","39","15","0.312500","1","2+1","2","1","2","true"
"6x6","6x6-uct-0500","39","16","0.333333","2","2+1","2","1","2","true"
"6x6","6x6-uct-0500","39","17","0.354167","1","2+1","2","0","3","false"
"6x6","6x6-uct-0500","39","18","0.375000","2","1+1+1","3","0","3","false"
"6x6","6x6-uct-0500","39","19","0.395833","1","2+1","2","0","3","false"
"6x6","6x6-uct-0500","39","20","0.416667","2","2+1","2","2","1","true"
"6x6","6x6-uct-0500","39","21","0.437500","1","1+1+1","3","2","1","true"
"6x6","6x6-uct-0500","39","22","0.458333","2","1+1+1","3","1","2","true"
"6x6","6x6-uct-0500","39","23","0.479167","1","1+1+1","3","2","1","true"
"6x6","6x6-uct-0500","39","24","0.500000","2","1+1+1","3","1","2","true"
"6x6","6x6-uct-0500","39","25","0.520833","1","2+1","2","2","1","true"
"6x6","6x6-uct-0500","39","26","0.541667","2","2+1","2","1","2","true"
"6x6","6x6-uct-0500","39","27","0.562500","1","2+1","2","1","2","true"
"6x6","6x6-uct-0500","39","28","0.583333","2","2+1","2","0","3","false"
"6x6","6x6-uct-0500","39","29","0.604167","1","1+1+1","3","2","1","true"
"6x6","6x6-uct-0500","39","30","0.625000","2","1+1+1","3","0","3","false"
"6x6","6x6-uct-0500","39","31","0.645833","1","2+1","2","1","2","true"
"6x6","6x6-uct-0500","39","32","0.666667","2","1+1+1","3","2","1","true"
"6x6","6x6-uct-0500","39","33","0.687500","1","2+1","2","1","2","true"
"6x6","6x6-uct-0500","39","34","0.708333","2","1+1+1","3","1","2","true"
"6x6","6x6-uct-0500","39","35","0.729167","1","2+1","2","2","1","true"
"6x6","6x6-uct-0500","39","36","0.750000","2","1+1+1","3","0","3","false"
"6x6","6x6-uct-0500","39","37","0.770833","1","1+1+1","3","1","2","true"
"6x6","6x6-uct-0500","39","38","0.791667","2","1+1+1","3","1","2","true"
"6x6","6x6-uct-0500","39","39","0.812500","1","2+1","2","1","2","true"
"6x6","6x6-uct-0500","39","40","0.833333","2","1+1+1","3","1","2","true"
"6x6","6x6-uct-0500","39","41","0.854167","1","3","1","0","3","false"
"6x6","6x6-uct-0500","39","42","0.875000","2","2+1","2","0","3","false"
"6x6","6x6-uct-0500","39","43","0.895833","1","1+1+1","3","0","3","false"
"6x6","6x6-uct-0500","39","44","0.916667","2","1+1+1","3","1","2","true"
"6x6","6x6-uct-0500","39","45","0.937500","1","1+1+1","3","2","1","true"
"6x6","6x6-uct-0500","39","46","0.958333","2","2+1","2","0","3","false"
"6x6","6x6-uct-0500","39","47","0.979167","1","3","1","1","2","true"
"6x6","6x6-uct-0500","39","48","1.000000","2","2+1","2","1","2","true"
"6x6","6x6-uct-0500","40","1","0.020833","1","1+1+1","3","3","0","false"
"6x6","6x6-uct-0500","40","2","0.041667","2","1+1+1","3","3","0","false"
"6x6","6x6-uct-0500","40","3","0.062500","1","1+1+1","3","2","1","true"
"6x6","6x6-uct-0500","40","4","0.083333","2","1+1+1","3","2","1","true"
"6x6","6x6-uct-0500","40","5","0.104167","1","2+1","2","2","1","true"
"6x6","6x6-uct-0500","40","6","0.125000","2","1+1+1","3","1","2","true"
"6x6","6x6-uct-0500","40","7","0.145833","1","1+1+1","3","2","1","true"
"6x6","6x6-uct-0500","40","8","0.166667","2","1+1+1","3","1","2","true"
"6x6","6x6-uct-0500","40","9","0.187500","1","1+1+1","3","1","2","true"
"6x6","6x6-uct-0500","40","10","0.208333","2","2+1","2","2","1","true"
"6x6","6x6-uct-0500","40","11","0.229167","1","1+1+1","3","2","1","true"
"6x6","6x6-uct-0500","40","12","0.250000","2","3","1","3","0","false"
"6x6","6x6-uct-0500","40","13","0.270833","1","1+1+1","3","3","0","false"
"6x6","6x6-uct-0500","40","14","0.291667","2","2+1","2","1","2","true"
"6x6","6x6-uct-0500","40","15","0.312500","1","1+1+1","3","2","1","true"
"6x6","6x6-uct-0500","40","16","0.333333","2","1+1+1","3","2","1","true"
"6x6","6x6-uct-0500","40","17","0.354167","1","1+1+1","3","2","1","true"
"6x6","6x6-uct-0500","40","18","0.375000","2","2+1","2","1","2","true"
"6x6","6x6-uct-0500","40","19","0.395833","1","2+1","2","2","1","true"
"6x6","6x6-uct-0500","40","20","0.416667","2","1+1+1","3","2","1","true"
"6x6","6x6-uct-0500","40","21","0.437500","1","1+1+1","3","0","3","false"
"6x6","6x6-uct-0500","40","22","0.458333","2","1+1+1","3","1","2","true"
"6x6","6x6-uct-0500","40","23","0.479167","1","1+1+1","3","0","3","false"
"6x6","6x6-uct-0500","40","24","0.500000","2","1+1+1","3","2","1","true"
"6x6","6x6-uct-0500","40","25","0.520833","1","1+1+1","3","1","2","true"
"6x6","6x6-uct-0500","40","26","0.541667","2","1+1+1","3","1","2","true"
"6x6","6x6-uct-0500","40","27","0.562500","1","1+1+1","3","0","3","false"
"6x6","6x6-uct-0500","40","28","0.583333","2","1+1+1","3","1","2","true"
"6x6","6x6-uct-0500","40","29","0.604167","1","1+1+1","3","0","3","false"
"6x6","6x6-uct-0500","40","30","0.625000","2","2+1","2","0","3","false"
"6x6","6x6-uct-0500","40","31","0.645833","1","1+1+1","3","0","3","false"
"6x6","6x6-uct-0500","40","32","0.666667","2","2+1","2","2","1","true"
"6x6","6x6-uct-0500","40","33","0.687500","1","2+1","2","1","2","true"
"6x6","6x6-uct-0500","40","34","0.708333","2","1+1+1","3","2","1","true"
"6x6","6x6-uct-0500","40","35","0.729167","1","2+1","2","1","2","true"
"6x6","6x6-uct-0500","40","36","0.750000","2","1+1+1","3","0","3","false"
"6x6","6x6-uct-0500","40","37","0.770833","1","1+1+1","3","0","3","false"
"6x6","6x6-uct-0500","40","38","0.791667","2","1+1+1","3","2","1","true"
"6x6","6x6-uct-0500","40","39","0.812500","1","1+1+1","3","0","3","false"
"6x6","6x6-uct-0500","40","40","0.833333","2","2+1","2","1","2","true"
"6x6","6x6-uct-0500","40","41","0.854167","1","2+1","2","1","2","true"
"6x6","6x6-uct-0500","40","42","0.875000","2","1+1+1","3","1","2","true"
"6x6","6x6-uct-0500","40","43","0.895833","1","1+1+1","3","2","1","true"
"6x6","6x6-uct-0500","40","44","0.916667","2","1+1+1","3","3","0","false"
"6x6","6x6-uct-0500","40","45","0.937500","1","1+1+1","3","2","1","true"
"6x6","6x6-uct-0500","40","46","0.958333","2","1+1+1","3","1","2","true"
"6x6","6x6-uct-0500","40","47","0.979167","1","1+1+1","3","2","1","true"
"6x6","6x6-uct-0500","40","48","1.000000","2","1+1+1","3","1","2","true"
"6x6","6x6-uct-0500","41","1","0.020833","1","1+1+1","3","3","0","false"
"6x6","6x6-uct-0500","41","2","0.041667","2","2+1","2","3","0","false"
"6x6","6x6-uct-0500","41","3","0.062500","1","1+1+1","3","1","2","true"
"6x6","6x6-uct-0500","41","4","0.083333","2","2+1","2","3","0","false"
"6x6","6x6-uct-0500","41","5","0.104167","1","2+1","2","1","2","true"
"6x6","6x6-uct-0500","41","6","0.125000","2","1+1+1","3","2","1","true"
"6x6","6x6-uct-0500","41","7","0.145833","1","1+1+1","3","2","1","true"
"6x6","6x6-uct-0500","41","8","0.166667","2","2+1","2","2","1","true"
"6x6","6x6-uct-0500","41","9","0.187500","1","1+1+1","3","3","0","false"
"6x6","6x6-uct-0500","41","10","0.208333","2","2+1","2","3","0","false"
"6x6","6x6-uct-0500","41","11","0.229167","1","1+1+1","3","1","2","true"
"6x6","6x6-uct-0500","41","12","0.250000","2","1+1+1","3","2","1","true"
"6x6","6x6-uct-0500","41","13","0.270833","1","2+1","2","2","1","true"
"6x6","6x6-uct-0500","41","14","0.291667","2","1+1+1","3","2","1","true"
"6x6","6x6-uct-0500","41","15","0.312500","1","1+1+1","3","1","2","true"
"6x6","6x6-uct-0500","41","16","0.333333","2","1+1+1","3","2","1","true"
"6x6","6x6-uct-0500","41","17","0.354167","1","2+1","2","2","1","true"
"6x6","6x6-uct-0500","41","18","0.375000","2","1+1+1","3","1","2","true"
"6x6","6x6-uct-0500","41","19","0.395833","1","2+1","2","1","2","true"
"6x6","6x6-uct-0500","41","20","0.416667","2","1+1+1","3","0","3","false"
"6x6","6x6-uct-0500","41","21","0.437500","1","1+1+1","3","1","2","true"
"6x6","6x6-uct-0500","41","22","0.458333","2","2+1","2","1","2","true"
"6x6","6x6-uct-0500","41","23","0.479167","1","1+1+1","3","1","2","true"
"6x6","6x6-uct-0500","41","24","0.500000","2","1+1+1","3","1","2","true"
"6x6","6x6-uct-0500","41","25","0.520833","1","1+1+1","3","1","2","true"
"6x6","6x6-uct-0500","41","26","0.541667","2","1+1+1","3","2","1","true"
"6x6","6x6-uct-0500","41","27","0.562500","1","2+1","2","2","1","true"
"6x6","6x6-uct-0500","41","28","0.583333","2","1+1+1","3","0","3","false"
"6x6","6x6-uct-0500","41","29","0.604167","1","1+1+1","3","2","1","true"
"6x6","6x6-uct-0500","41","30","0.625000","2","1+1+1","3","0","3","false"
"6x6","6x6-uct-0500","41","31","0.645833","1","1+1+1","3","0","3","false"
"6x6","6x6-uct-0500","41","32","0.666667","2","1+1+1","3","1","2","true"
"6x6","6x6-uct-0500","41","33","0.687500","1","1+1+1","3","0","3","false"
"6x6","6x6-uct-0500","41","34","0.708333","2","1+1+1","3","0","3","false"
"6x6","6x6-uct-0500","41","35","0.729167","1","1+1+1","3","1","2","true"
"6x6","6x6-uct-0500","41","36","0.750000","2","2+1","2","2","1","true"
"6x6","6x6-uct-0500","41","37","0.770833","1","1+1+1","3","1","2","true"
"6x6","6x6-uct-0500","41","38","0.791667","2","1+1+1","3","2","1","true"
"6x6","6x6-uct-0500","41","39","0.812500","1","1+1+1","3","2","1","true"
"6x6","6x6-uct-0500","41","40","0.833333","2","2+1","2","0","3","false"
"6x6","6x6-uct-0500","41","41","0.854167","1","1+1+1","3","1","2","true"
"6x6","6x6-uct-0500","41","42","0.875000","2","2+1","2","1","2","true"
"6x6","6x6-uct-0500","41","43","0.895833","1","2+1","2","0","3","false"
"6x6","6x6-uct-0500","41","44","0.916667","2","2+1","2","1","2","true"
"6x6","6x6-uct-0500","41","45","0.937500","1","2+1","2","1","2","true"
"6x6","6x6-uct-0500","41","46","0.958333","2","2+1","2","1","2","true"
"6x6","6x6-uct-0500","41","47","0.979167","1","2+1","2","3","0","false"
"6x6","6x6-uct-0500","41","48","1.000000","2","1+1+1","3","2","1","true"
"6x6","6x6-uct-0500","42","1","0.020833","1","1+1+1","3","3","0","false"
"6x6","6x6-uct-0500","42","2","0.041667","2","2+1","2","3","0","false"
"6x6","6x6-uct-0500","42","3","0.062500","1","1+1+1","3","3","0","false"
"6x6","6x6-uct-0500","42","4","0.083333","2","1+1+1","3","2","1","true"
"6x6","6x6-uct-0500","42","5","0.104167","1","2+1","2","3","0","false"
"6x6","6x6-uct-0500","42","6","0.125000","2","1+1+1","3","2","1","true"
"6x6","6x6-uct-0500","42","7","0.145833","1","1+1+1","3","1","2","true"
"6x6","6x6-uct-0500","42","8","0.166667","2","2+1","2","3","0","false"
"6x6","6x6-uct-0500","42","9","0.187500","1","1+1+1","3","2","1","true"
"6x6","6x6-uct-0500","42","10","0.208333","2","2+1","2","2","1","true"
"6x6","6x6-uct-0500","42","11","0.229167","1","2+1","2","0","3","false"
"6x6","6x6-uct-0500","42","12","0.250000","2","1+1+1","3","2","1","true"
"6x6","6x6-uct-0500","42","13","0.270833","1","2+1","2","1","2","true"
"6x6","6x6-uct-0500","42","14","0.291667","2","1+1+1","3","1","2","true"
"6x6","6x6-uct-0500","42","15","0.312500","1","1+1+1","3","2","1","true"
"6x6","6x6-uct-0500","42","16","0.333333","2","1+1+1","3","1","2","true"
"6x6","6x6-uct-0500","42","17","0.354167","1","2+1","2","1","2","true"
"6x6","6x6-uct-0500","42","18","0.375000","2","2+1","2","3","0","false"
"6x6","6x6-uct-0500","42","19","0.395833","1","1+1+1","3","0","3","false"
"6x6","6x6-uct-0500","42","20","0.416667","2","1+1+1","3","2","1","true"
"6x6","6x6-uct-0500","42","21","0.437500","1","1+1+1","3","3","0","false"
"6x6","6x6-uct-0500","42","22","0.458333","2","1+1+1","3","1","2","true"
"6x6","6x6-uct-0500","42","23","0.479167","1","2+1","2","2","1","true"
"6x6","6x6-uct-0500","42","24","0.500000","2","1+1+1","3","1","2","true"
"6x6","6x6-uct-0500","42","25","0.520833","1","1+1+1","3","1","2","true"
"6x6","6x6-uct-0500","42","26","0.541667","2","1+1+1","3","1","2","true"
"6x6","6x6-uct-0500","42","27","0.562500","1","2+1","2","2","1","true"
"6x6","6x6-uct-0500","42","28","0.583333","2","3","1","1","2","true"
"6x6","6x6-uct-0500","42","29","0.604167","1","2+1","2","1","2","true"
"6x6","6x6-uct-0500","42","30","0.625000","2","3","1","1","2","true"
"6x6","6x6-uct-0500","42","31","0.645833","1","1+1+1","3","1","2","true"
"6x6","6x6-uct-0500","42","32","0.666667","2","1+1+1","3","1","2","true"
"6x6","6x6-uct-0500","42","33","0.687500","1","1+1+1","3","1","2","true"
"6x6","6x6-uct-0500","42","34","0.708333","2","2+1","2","0","3","false"
"6x6","6x6-uct-0500","42","35","0.729167","1","1+1+1","3","1","2","true"
"6x6","6x6-uct-0500","42","36","0.750000","2","2+1","2","0","3","false"
"6x6","6x6-uct-0500","42","37","0.770833","1","2+1","2","0","3","false"
"6x6","6x6-uct-0500","42","38","0.791667","2","2+1","2","1","2","true"
"6x6","6x6-uct-0500","42","39","0.812500","1","1+1+1","3","1","2","true"
"6x6","6x6-uct-0500","42","40","0.833333","2","1+1+1","3","1","2","true"
"6x6","6x6-uct-0500","42","41","0.854167","1","1+1+1","3","0","3","false"
"6x6","6x6-uct-0500","42","42","0.875000","2","2+1","2","2","1","true"
"6x6","6x6-uct-0500","42","43","0.895833","1","2+1","2","2","1","true"
"6x6","6x6-uct-0500","42","44","0.916667","2","2+1","2","1","2","true"
"6x6","6x6-uct-0500","42","45","0.937500","1","2+1","2","1","2","true"
"6x6","6x6-uct-0500","42","46","0.958333","2","3","1","1","2","true"
"6x6","6x6-uct-0500","42","47","0.979167","1","2+1","2","3","0","false"
"6x6","6x6-uct-0500","42","48","1.000000","2","1+1+1","3","2","1","true"
"6x6","6x6-uct-0500","43","1","0.020833","1","2+1","2","3","0","false"
"6x6","6x6-uct-0500","43","2","0.041667","2","1+1+1","3","3","0","false"
"6x6","6x6-uct-0500","43","3","0.062500","1","1+1+1","3","2","1","true"
"6x6","6x6-uct-0500","43","4","0.083333","2","1+1+1","3","3","0","false"
"6x6","6x6-uct-0500","43","5","0.104167","1","1+1+1","3","2","1","true"
"6x6","6x6-uct-0500","43","6","0.125000","2","1+1+1","3","2","1","true"
"6x6","6x6-uct-0500","43","7","0.145833","1","1+1+1","3","2","1","true"
"6x6","6x6-uct-0500","43","8","0.166667","2","1+1+1","3","0","3","false"
"6x6","6x6-uct-0500","43","9","0.187500","1","1+1+1","3","2","1","true"
"6x6","6x6-uct-0500","43","10","0.208333","2","1+1+1","3","0","3","false"
"6x6","6x6-uct-0500","43","11","0.229167","1","1+1+1","3","1","2","true"
"6x6","6x6-uct-0500","43","12","0.250000","2","1+1+1","3","1","2","true"
"6x6","6x6-uct-0500","43","13","0.270833","1","2+1","2","2","1","true"
"6x6","6x6-uct-0500","43","14","0.291667","2","1+1+1","3","1","2","true"
"6x6","6x6-uct-0500","43","15","0.312500","1","1+1+1","3","2","1","true"
"6x6","6x6-uct-0500","43","16","0.333333","2","1+1+1","3","2","1","true"
"6x6","6x6-uct-0500","43","17","0.354167","1","1+1+1","3","2","1","true"
"6x6","6x6-uct-0500","43","18","0.375000","2","2+1","2","1","2","true"
"6x6","6x6-uct-0500","43","19","0.395833","1","1+1+1","3","1","2","true"
"6x6","6x6-uct-0500","43","20","0.416667","2","1+1+1","3","1","2","true"
"6x6","6x6-uct-0500","43","21","0.437500","1","2+1","2","1","2","true"
"6x6","6x6-uct-0500","43","22","0.458333","2","2+1","2","2","1","true"
"6x6","6x6-uct-0500","43","23","0.479167","1","1+1+1","3","2","1","true"
"6x6","6x6-uct-0500","43","24","0.500000","2","1+1+1","3","2","1","true"
"6x6","6x6-uct-0500","43","25","0.520833","1","1+1+1","3","2","1","true"
"6x6","6x6-uct-0500","43","26","0.541667","2","1+1+1","3","1","2","true"
"6x6","6x6-uct-0500","43","27","0.562500","1","1+1+1","3","2","1","true"
"6x6","6x6-uct-0500","43","28","0.583333","2","1+1+1","3","1","2","true"
"6x6","6x6-uct-0500","43","29","0.604167","1","1+1+1","3","1","2","true"
"6x6","6x6-uct-0500","43","30","0.625000","2","2+1","2","1","2","true"
"6x6","6x6-uct-0500","43","31","0.645833","1","1+1+1","3","0","3","false"
"6x6","6x6-uct-0500","43","32","0.666667","2","1+1+1","3","0","3","false"
"6x6","6x6-uct-0500","43","33","0.687500","1","1+1+1","3","1","2","true"
"6x6","6x6-uct-0500","43","34","0.708333","2","1+1+1","3","0","3","false"
"6x6","6x6-uct-0500","43","35","0.729167","1","1+1+1","3","1","2","true"
"6x6","6x6-uct-0500","43","36","0.750000","2","1+1+1","3","2","1","true"
"6x6","6x6-uct-0500","43","37","0.770833","1","1+1+1","3","0","3","false"
"6x6","6x6-uct-0500","43","38","0.791667","2","1+1+1","3","1","2","true"
"6x6","6x6-uct-0500","43","39","0.812500","1","2+1","2","0","3","false"
"6x6","6x6-uct-0500","43","40","0.833333","2","2+1","2","1","2","true"
"6x6","6x6-uct-0500","43","41","0.854167","1","1+1+1","3","1","2","true"
"6x6","6x6-uct-0500","43","42","0.875000","2","1+1+1","3","1","2","true"
"6x6","6x6-uct-0500","43","43","0.895833","1","1+1+1","3","1","2","true"
"6x6","6x6-uct-0500","43","44","0.916667","2","2+1","2","2","1","true"
"6x6","6x6-uct-0500","43","45","0.937500","1","1+1+1","3","0","3","false"
"6x6","6x6-uct-0500","43","46","0.958333","2","1+1+1","3","0","3","false"
"6x6","6x6-uct-0500","43","47","0.979167","1","1+1+1","3","1","2","true"
"6x6","6x6-uct-0500","43","48","1.000000","2","1+1+1","3","1","2","true"
"6x6","6x6-uct-0500","44","1","0.020833","1","1+1+1","3","3","0","false"
"6x6","6x6-uct-0500","44","2","0.041667","2","1+1+1","3","3","0","false"
"6x6","6x6-uct-0500","44","3","0.062500","1","1+1+1","3","2","1","true"
"6x6","6x6-uct-0500","44","4","0.083333","2","2+1","2","2","1","true"
"6x6","6x6-uct-0500","44","5","0.104167","1","1+1+1","3","1","2","true"
"6x6","6x6-uct-0500","44","6","0.125000","2","1+1+1","3","2","1","true"
"6x6","6x6-uct-0500","44","7","0.145833","1","2+1","2","1","2","true"
"6x6","6x6-uct-0500","44","8","0.166667","2","2+1","2","2","1","true"
"6x6","6x6-uct-0500","44","9","0.187500","1","2+1","2","1","2","true"
"6x6","6x6-uct-0500","44","10","0.208333","2","1+1+1","3","2","1","true"
"6x6","6x6-uct-0500","44","11","0.229167","1","2+1","2","2","1","true"
"6x6","6x6-uct-0500","44","12","0.250000","2","1+1+1","3","1","2","true"
"6x6","6x6-uct-0500","44","13","0.270833","1","1+1+1","3","3","0","false"
"6x6","6x6-uct-0500","44","14","0.291667","2","2+1","2","3","0","false"
"6x6","6x6-uct-0500","44","15","0.312500","1","1+1+1","3","1","2","true"
"6x6","6x6-uct-0500","44","16","0.333333","2","1+1+1","3","2","1","true"
"6x6","6x6-uct-0500","44","17","0.354167","1","1+1+1","3","2","1","true"
"6x6","6x6-uct-0500","44","18","0.375000","2","1+1+1","3","1","2","true"
"6x6","6x6-uct-0500","44","19","0.395833","1","1+1+1","3","0","3","false"
"6x6","6x6-uct-0500","44","20","0.416667","2","1+1+1","3","2","1","true"
"6x6","6x6-uct-0500","44","21","0.437500","1","2+1","2","1","2","true"
"6x6","6x6-uct-0500","44","22","0.458333","2","2+1","2","1","2","true"
"6x6","6x6-uct-0500","44","23","0.479167","1","1+1+1","3","3","0","false"
"6x6","6x6-uct-0500","44","24","0.500000","2","1+1+1","3","0","3","false"
"6x6","6x6-uct-0500","44","25","0.520833","1","1+1+1","3","3","0","false"
"6x6","6x6-uct-0500","44","26","0.541667","2","1+1+1","3","3","0","false"
"6x6","6x6-uct-0500","44","27","0.562500","1","2+1","2","1","2","true"
"6x6","6x6-uct-0500","44","28","0.583333","2","1+1+1","3","1","2","true"
"6x6","6x6-uct-0500","44","29","0.604167","1","1+1+1","3","1","2","true"
"6x6","6x6-uct-0500","44","30","0.625000","2","1+1+1","3","1","2","true"
"6x6","6x6-uct-0500","44","31","0.645833","1","2+1","2","1","2","true"
"6x6","6x6-uct-0500","44","32","0.666667","2","2+1","2","0","3","false"
"6x6","6x6-uct-0500","44","33","0.687500","1","2+1","2","1","2","true"
"6x6","6x6-uct-0500","44","34","0.708333","2","1+1+1","3","2","1","true"
"6x6","6x6-uct-0500","44","35","0.729167","1","1+1+1","3","2","1","true"
"6x6","6x6-uct-0500","44","36","0.750000","2","1+1+1","3","1","2","true"
"6x6","6x6-uct-0500","44","37","0.770833","1","1+1+1","3","2","1","true"
"6x6","6x6-uct-0500","44","38","0.791667","2","1+1+1","3","0","3","false"
"6x6","6x6-uct-0500","44","39","0.812500","1","1+1+1","3","1","2","true"
"6x6","6x6-uct-0500","44","40","0.833333","2","1+1+1","3","2","1","true"
"6x6","6x6-uct-0500","44","41","0.854167","1","2+1","2","1","2","true"
"6x6","6x6-uct-0500","44","42","0.875000","2","2+1","2","1","2","true"
"6x6","6x6-uct-0500","44","43","0.895833","1","2+1","2","1","2","true"
"6x6","6x6-uct-0500","44","44","0.916667","2","1+1+1","3","1","2","true"
"6x6","6x6-uct-0500","44","45","0.937500","1","2+1","2","0","3","false"
"6x6","6x6-uct-0500","44","46","0.958333","2","1+1+1","3","0","3","false"
"6x6","6x6-uct-0500","44","47","0.979167","1","1+1+1","3","2","1","true"
"6x6","6x6-uct-0500","44","48","1.000000","2","2+1","2","0","3","false"
"6x6","6x6-uct-0500","45","1","0.020833","1","1+1+1","3","3","0","false"
"6x6","6x6-uct-0500","45","2","0.041667","2","1+1+1","3","3","0","false"
"6x6","6x6-uct-0500","45","3","0.062500","1","2+1","2","3","0","false"
"6x6","6x6-uct-0500","45","4","0.083333","2","2+1","2","2","1","true"
"6x6","6x6-uct-0500","45","5","0.104167","1","2+1","2","2","1","true"
"6x6","6x6-uct-0500","45","6","0.125000","2","2+1","2","3","0","false"
"6x6","6x6-uct-0500","45","7","0.145833","1","2+1","2","3","0","false"
"6x6","6x6-uct-0500","45","8","0.166667","2","1+1+1","3","2","1","true"
"6x6","6x6-uct-0500","45","9","0.187500","1","1+1+1","3","1","2","true"
"6x6","6x6-uct-0500","45","10","0.208333","2","1+1+1","3","1","2","true"
"6x6","6x6-uct-0500","45","11","0.229167","1","2+1","2","3","0","false"
"6x6","6x6-uct-0500","45","12","0.250000","2","2+1","2","3","0","false"
"6x6","6x6-uct-0500","45","13","0.270833","1","1+1+1","3","1","2","true"
"6x6","6x6-uct-0500","45","14","0.291667","2","1+1+1","3","1","2","true"
"6x6","6x6-uct-0500","45","15","0.312500","1","2+1","2","1","2","true"
"6x6","6x6-uct-0500","45","16","0.333333","2","1+1+1","3","1","2","true"
"6x6","6x6-uct-0500","45","17","0.354167","1","1+1+1","3","2","1","true"
"6x6","6x6-uct-0500","45","18","0.375000","2","1+1+1","3","2","1","true"
"6x6","6x6-uct-0500","45","19","0.395833","1","1+1+1","3","0","3","false"
"6x6","6x6-uct-0500","45","20","0.416667","2","2+1","2","2","1","true"
"6x6","6x6-uct-0500","45","21","0.437500","1","1+1+1","3","0","3","false"
"6x6","6x6-uct-0500","45","22","0.458333","2","3","1","1","2","true"
"6x6","6x6-uct-0500","45","23","0.479167","1","2+1","2","1","2","true"
"6x6","6x6-uct-0500","45","24","0.500000","2","2+1","2","2","1","true"
"6x6","6x6-uct-0500","45","25","0.520833","1","1+1+1","3","2","1","true"
"6x6","6x6-uct-0500","45","26","0.541667","2","1+1+1","3","0","3","false"
"6x6","6x6-uct-0500","45","27","0.562500","1","1+1+1","3","3","0","false"
"6x6","6x6-uct-0500","45","28","0.583333","2","2+1","2","3","0","false"
"6x6","6x6-uct-0500","45","29","0.604167","1","2+1","2","1","2","true"
"6x6","6x6-uct-0500","45","30","0.625000","2","2+1","2","1","2","true"
"6x6","6x6-uct-0500","45","31","0.645833","1","1+1+1","3","0","3","false"
"6x6","6x6-uct-0500","45","32","0.666667","2","1+1+1","3","1","2","true"
"6x6","6x6-uct-0500","45","33","0.687500","1","1+1+1","3","1","2","true"
"6x6","6x6-uct-0500","45","34","0.708333","2","1+1+1","3","1","2","true"
"6x6","6x6-uct-0500","45","35","0.729167","1","2+1","2","2","1","true"
"6x6","6x6-uct-0500","45","36","0.750000","2","1+1+1","3","1","2","true"
"6x6","6x6-uct-0500","45","37","0.770833","1","1+1+1","3","2","1","true"
"6x6","6x6-uct-0500","45","38","0.791667","2","1+1+1","3","2","1","true"
"6x6","6x6-uct-0500","45","39","0.812500","1","1+1+1","3","0","3","false"
"6x6","6x6-uct-0500","45","40","0.833333","2","1+1+1","3","2","1","true"
"6x6","6x6-uct-0500","45","41","0.854167","1","2+1","2","1","2","true"
"6x6","6x6-uct-0500","45","42","0.875000","2","2+1","2","0","3","false"
"6x6","6x6-uct-0500","45","43","0.895833","1","2+1","2","1","2","true"
"6x6","6x6-uct-0500","45","44","0.916667","2","2+1","2","1","2","true"
"6x6","6x6-uct-0500","45","45","0.937500","1","2+1","2","0","3","false"
"6x6","6x6-uct-0500","45","46","0.958333","2","1+1+1","3","0","3","false"
"6x6","6x6-uct-0500","45","47","0.979167","1","1+1+1","3","1","2","true"
"6x6","6x6-uct-0500","45","48","1.000000","2","2+1","2","1","2","true"
"6x6","6x6-uct-0500","46","1","0.020833","1","1+1+1","3","3","0","false"
"6x6","6x6-uct-0500","46","2","0.041667","2","1+1+1","3","3","0","false"
"6x6","6x6-uct-0500","46","3","0.062500","1","1+1+1","3","2","1","true"
"6x6","6x6-uct-0500","46","4","0.083333","2","1+1+1","3","3","0","false"
"6x6","6x6-uct-0500","46","5","0.104167","1","1+1+1","3","2","1","true"
"6x6","6x6-uct-0500","46","6","0.125000","2","1+1+1","3","2","1","true"
"6x6","6x6-uct-0500","46","7","0.145833","1","1+1+1","3","3","0","false"
"6x6","6x6-uct-0500","46","8","0.166667","2","1+1+1","3","2","1","true"
"6x6","6x6-uct-0500","46","9","0.187500","1","1+1+1","3","2","1","true"
"6x6","6x6-uct-0500","46","10","0.208333","2","1+1+1","3","2","1","true"
"6x6","6x6-uct-0500","46","11","0.229167","1","1+1+1","3","3","0","false"
"6x6","6x6-uct-0500","46","12","0.250000","2","2+1","2","1","2","true"
"6x6","6x6-uct-0500","46","13","0.270833","1","1+1+1","3","0","3","false"
"6x6","6x6-uct-0500","46","14","0.291667","2","2+1","2","1","2","true"
"6x6","6x6-uct-0500","46","15","0.312500","1","1+1+1","3","2","1","true"
"6x6","6x6-uct-0500","46","16","0.333333","2","1+1+1","3","1","2","true"
"6x6","6x6-uct-0500","46","17","0.354167","1","1+1+1","3","1","2","true"
"6x6","6x6-uct-0500","46","18","0.375000","2","1+1+1","3","2","1","true"
"6x6","6x6-uct-0500","46","19","0.395833","1","1+1+1","3","1","2","true"
"6x6","6x6-uct-0500","46","20","0.416667","2","1+1+1","3","1","2","true"
"6x6","6x6-uct-0500","46","21","0.437500","1","1+1+1","3","1","2","true"
"6x6","6x6-uct-0500","46","22","0.458333","2","2+1","2","1","2","true"
"6x6","6x6-uct-0500","46","23","0.479167","1","1+1+1","3","1","2","true"
"6x6","6x6-uct-0500","46","24","0.500000","2","1+1+1","3","0","3","false"
"6x6","6x6-uct-0500","46","25","0.520833","1","1+1+1","3","3","0","false"
"6x6","6x6-uct-0500","46","26","0.541667","2","2+1","2","2","1","true"
"6x6","6x6-uct-0500","46","27","0.562500","1","1+1+1","3","1","2","true"
"6x6","6x6-uct-0500","46","28","0.583333","2","1+1+1","3","1","2","true"
"6x6","6x6-uct-0500","46","29","0.604167","1","1+1+1","3","1","2","true"
"6x6","6x6-uct-0500","46","30","0.625000","2","1+1+1","3","1","2","true"
"6x6","6x6-uct-0500","46","31","0.645833","1","2+1","2","1","2","true"
"6x6","6x6-uct-0500","46","32","0.666667","2","1+1+1","3","2","1","true"
"6x6","6x6-uct-0500","46","33","0.687500","1","2+1","2","0","3","false"
"6x6","6x6-uct-0500","46","34","0.708333","2","1+1+1","3","3","0","false"
"6x6","6x6-uct-0500","46","35","0.729167","1","2+1","2","1","2","true"
"6x6","6x6-uct-0500","46","36","0.750000","2","1+1+1","3","1","2","true"
"6x6","6x6-uct-0500","46","37","0.770833","1","2+1","2","1","2","true"
"6x6","6x6-uct-0500","46","38","0.791667","2","1+1+1","3","1","2","true"
"6x6","6x6-uct-0500","46","39","0.812500","1","2+1","2","0","3","false"
"6x6","6x6-uct-0500","46","40","0.833333","2","1+1+1","3","0","3","false"
"6x6","6x6-uct-0500","46","41","0.854167","1","1+1+1","3","0","3","false"
"6x6","6x6-uct-0500","46","42","0.875000","2","2+1","2","0","3","false"
"6x6","6x6-uct-0500","46","43","0.895833","1","1+1+1","3","0","3","false"
"6x6","6x6-uct-0500","46","44","0.916667","2","2+1","2","1","2","true"
"6x6","6x6-uct-0500","46","45","0.937500","1","2+1","2","0","3","false"
"6x6","6x6-uct-0500","46","46","0.958333","2","2+1","2","1","2","true"
"6x6","6x6-uct-0500","46","47","0.979167","1","1+1+1","3","2","1","true"
"6x6","6x6-uct-0500","46","48","1.000000","2","1+1+1","3","2","1","true"
"6x6","6x6-uct-0500","47","1","0.020833","1","3","1","3","0","false"
"6x6","6x6-uct-0500","47","2","0.041667","2","2+1","2","3","0","false"
"6x6","6x6-uct-0500","47","3","0.062500","1","1+1+1","3","3","0","false"
"6x6","6x6-uct-0500","47","4","0.083333","2","2+1","2","3","0","false"
"6x6","6x6-uct-0500","47","5","0.104167","1","2+1","2","2","1","true"
"6x6","6x6-uct-0500","47","6","0.125000","2","2+1","2","2","1","true"
"6x6","6x6-uct-0500","47","7","0.145833","1","1+1+1","3","2","1","true"
"6x6","6x6-uct-0500","47","8","0.166667","2","1+1+1","3","2","1","true"
"6x6","6x6-uct-0500","47","9","0.187500","1","1+1+1","3","2","1","true"
"6x6","6x6-uct-0500","47","10","0.208333","2","2+1","2","2","1","true"
"6x6","6x6-uct-0500","47","11","0.229167","1","2+1","2","1","2","true"
"6x6","6x6-uct-0500","47","12","0.250000","2","1+1+1","3","2","1","true"
"6x6","6x6-uct-0500","47","13","0.270833","1","1+1+1","3","2","1","true"
"6x6","6x6-uct-0500","47","14","0.291667","2","2+1","2","2","1","true"
"6x6","6x6-uct-0500","47","15","0.312500","1","1+1+1","3","2","1","true"
"6x6","6x6-uct-0500","47","16","0.333333","2","1+1+1","3","1","2","true"
"6x6","6x6-uct-0500","47","17","0.354167","1","2+1","2","1","2","true"
"6x6","6x6-uct-0500","47","18","0.375000","2","2+1","2","2","1","true"
"6x6","6x6-uct-0500","47","19","0.395833","1","1+1+1","3","1","2","true"
"6x6","6x6-uct-0500","47","20","0.416667","2","2+1","2","1","2","true"
"6x6","6x6-uct-0500","47","21","0.437500","1","1+1+1","3","3","0","false"
"6x6","6x6-uct-0500","47","22","0.458333","2","2+1","2","2","1","true"
"6x6","6x6-uct-0500","47","23","0.479167","1","1+1+1","3","3","0","false"
"6x6","6x6-uct-0500","47","24","0.500000","2","1+1+1","3","1","2","true"
"6x6","6x6-uct-0500","47","25","0.520833","1","1+1+1","3","1","2","true"
"6x6","6x6-uct-0500","47","26","0.541667","2","1+1+1","3","1","2","true"
"6x6","6x6-uct-0500","47","27","0.562500","1","2+1","2","2","1","true"
"6x6","6x6-uct-0500","47","28","0.583333","2","2+1","2","1","2","true"
"6x6","6x6-uct-0500","47","29","0.604167","1","1+1+1","3","1","2","true"
"6x6","6x6-uct-0500","47","30","0.625000","2","1+1+1","3","0","3","false"
"6x6","6x6-uct-0500","47","31","0.645833","1","1+1+1","3","1","2","true"
"6x6","6x6-uct-0500","47","32","0.666667","2","1+1+1","3","0","3","false"
"6x6","6x6-uct-0500","47","33","0.687500","1","2+1","2","0","3","false"
"6x6","6x6-uct-0500","47","34","0.708333","2","1+1+1","3","0","3","false"
"6x6","6x6-uct-0500","47","35","0.729167","1","1+1+1","3","0","3","false"
"6x6","6x6-uct-0500","47","36","0.750000","2","1+1+1","3","1","2","true"
"6x6","6x6-uct-0500","47","37","0.770833","1","2+1","2","2","1","true"
"6x6","6x6-uct-0500","47","38","0.791667","2","1+1+1","3","2","1","true"
"6x6","6x6-uct-0500","47","39","0.812500","1","2+1","2","1","2","true"
"6x6","6x6-uct-0500","47","40","0.833333","2","1+1+1","3","1","2","true"
"6x6","6x6-uct-0500","47","41","0.854167","1","1+1+1","3","0","3","false"
"6x6","6x6-uct-0500","47","42","0.875000","2","1+1+1","3","1","2","true"
"6x6","6x6-uct-0500","47","43","0.895833","1","2+1","2","1","2","true"
"6x6","6x6-uct-0500","47","44","0.916667","2","1+1+1","3","0","3","false"
"6x6","6x6-uct-0500","47","45","0.937500","1","1+1+1","3","1","2","true"
"6x6","6x6-uct-0500","47","46","0.958333","2","1+1+1","3","2","1","true"
"6x6","6x6-uct-0500","47","47","0.979167","1","1+1+1","3","2","1","true"
"6x6","6x6-uct-0500","47","48","1.000000","2","2+1","2","0","3","false"
"6x6","6x6-uct-0500","48","1","0.020833","1","1+1+1","3","3","0","false"
"6x6","6x6-uct-0500","48","2","0.041667","2","1+1+1","3","3","0","false"
"6x6","6x6-uct-0500","48","3","0.062500","1","1+1+1","3","3","0","false"
"6x6","6x6-uct-0500","48","4","0.083333","2","1+1+1","3","2","1","true"
"6x6","6x6-uct-0500","48","5","0.104167","1","1+1+1","3","2","1","true"
"6x6","6x6-uct-0500","48","6","0.125000","2","1+1+1","3","3","0","false"
"6x6","6x6-uct-0500","48","7","0.145833","1","1+1+1","3","2","1","true"
"6x6","6x6-uct-0500","48","8","0.166667","2","2+1","2","1","2","true"
"6x6","6x6-uct-0500","48","9","0.187500","1","1+1+1","3","1","2","true"
"6x6","6x6-uct-0500","48","10","0.208333","2","2+1","2","1","2","true"
"6x6","6x6-uct-0500","48","11","0.229167","1","2+1","2","3","0","false"
"6x6","6x6-uct-0500","48","12","0.250000","2","1+1+1","3","2","1","true"
"6x6","6x6-uct-0500","48","13","0.270833","1","1+1+1","3","1","2","true"
"6x6","6x6-uct-0500","48","14","0.291667","2","1+1+1","3","0","3","false"
"6x6","6x6-uct-0500","48","15","0.312500","1","1+1+1","3","2","1","true"
"6x6","6x6-uct-0500","48","16","0.333333","2","1+1+1","3","2","1","true"
"6x6","6x6-uct-0500","48","17","0.354167","1","1+1+1","3","1","2","true"
"6x6","6x6-uct-0500","48","18","0.375000","2","1+1+1","3","2","1","true"
"6x6","6x6-uct-0500","48","19","0.395833","1","2+1","2","0","3","false"
"6x6","6x6-uct-0500","48","20","0.416667","2","1+1+1","3","1","2","true"
"6x6","6x6-uct-0500","48","21","0.437500","1","2+1","2","0","3","false"
"6x6","6x6-uct-0500","48","22","0.458333","2","1+1+1","3","2","1","true"
"6x6","6x6-uct-0500","48","23","0.479167","1","1+1+1","3","1","2","true"
"6x6","6x6-uct-0500","48","24","0.500000","2","2+1","2","1","2","true"
"6x6","6x6-uct-0500","48","25","0.520833","1","1+1+1","3","2","1","true"
"6x6","6x6-uct-0500","48","26","0.541667","2","1+1+1","3","1","2","true"
"6x6","6x6-uct-0500","48","27","0.562500","1","1+1+1","3","0","3","false"
"6x6","6x6-uct-0500","48","28","0.583333","2","1+1+1","3","0","3","false"
"6x6","6x6-uct-0500","48","29","0.604167","1","2+1","2","1","2","true"
"6x6","6x6-uct-0500","48","30","0.625000","2","1+1+1","3","2","1","true"
"6x6","6x6-uct-0500","48","31","0.645833","1","1+1+1","3","1","2","true"
"6x6","6x6-uct-0500","48","32","0.666667","2","1+1+1","3","0","3","false"
"6x6","6x6-uct-0500","48","33","0.687500","1","1+1+1","3","1","2","true"
"6x6","6x6-uct-0500","48","34","0.708333","2","1+1+1","3","2","1","true"
"6x6","6x6-uct-0500","48","35","0.729167","1","1+1+1","3","0","3","false"
"6x6","6x6-uct-0500","48","36","0.750000","2","2+1","2","0","3","false"
"6x6","6x6-uct-0500","48","37","0.770833","1","1+1+1","3","0","3","false"
"6x6","6x6-uct-0500","48","38","0.791667","2","1+1+1","3","1","2","true"
"6x6","6x6-uct-0500","48","39","0.812500","1","1+1+1","3","2","1","true"
"6x6","6x6-uct-0500","48","40","0.833333","2","1+1+1","3","1","2","true"
"6x6","6x6-uct-0500","48","41","0.854167","1","1+1+1","3","0","3","false"
"6x6","6x6-uct-0500","48","42","0.875000","2","2+1","2","0","3","false"
"6x6","6x6-uct-0500","48","43","0.895833","1","1+1+1","3","2","1","true"
"6x6","6x6-uct-0500","48","44","0.916667","2","2+1","2","1","2","true"
"6x6","6x6-uct-0500","48","45","0.937500","1","1+1+1","3","0","3","false"
"6x6","6x6-uct-0500","48","46","0.958333","2","1+1+1","3","0","3","false"
"6x6","6x6-uct-0500","48","47","0.979167","1","2+1","2","1","2","true"
"6x6","6x6-uct-0500","48","48","1.000000","2","2+1","2","1","2","true"
"6x6","6x6-uct-0500","49","1","0.020833","1","1+1+1","3","3","0","false"
"6x6","6x6-uct-0500","49","2","0.041667","2","1+1+1","3","3","0","false"
"6x6","6x6-uct-0500","49","3","0.062500","1","1+1+1","3","3","0","false"
"6x6","6x6-uct-0500","49","4","0.083333","2","1+1+1","3","1","2","true"
"6x6","6x6-uct-0500","49","5","0.104167","1","1+1+1","3","1","2","true"
"6x6","6x6-uct-0500","49","6","0.125000","2","1+1+1","3","3","0","false"
"6x6","6x6-uct-0500","49","7","0.145833","1","1+1+1","3","3","0","false"
"6x6","6x6-uct-0500","49","8","0.166667","2","2+1","2","3","0","false"
"6x6","6x6-uct-0500","49","9","0.187500","1","2+1","2","1","2","true"
"6x6","6x6-uct-0500","49","10","0.208333","2","2+1","2","1","2","true"
"6x6","6x6-uct-0500","49","11","0.229167","1","1+1+1","3","1","2","true"
"6x6","6x6-uct-0500","49","12","0.250000","2","1+1+1","3","2","1","true"
"6x6","6x6-uct-0500","49","13","0.270833","1","1+1+1","3","1","2","true"
"6x6","6x6-uct-0500","49","14","0.291667","2","2+1","2","0","3","false"
"6x6","6x6-uct-0500","49","15","0.312500","1","2+1","2","2","1","true"
"6x6","6x6-uct-0500","49","16","0.333333","2","1+1+1","3","0","3","false"
"6x6","6x6-uct-0500","49","17","0.354167","1","1+1+1","3","1","2","true"
"6x6","6x6-uct-0500","49","18","0.375000","2","1+1+1","3","1","2","true"
"6x6","6x6-uct-0500","49","19","0.395833","1","2+1","2","2","1","true"
"6x6","6x6-uct-0500","49","20","0.416667","2","2+1","2","1","2","true"
"6x6","6x6-uct-0500","49","21","0.437500","1","2+1","2","0","3","false"
"6x6","6x6-uct-0500","49","22","0.458333","2","2+1","2","2","1","true"
"6x6","6x6-uct-0500","49","23","0.479167","1","1+1+1","3","2","1","true"
"6x6","6x6-uct-0500","49","24","0.500000","2","1+1+1","3","0","3","false"
"6x6","6x6-uct-0500","49","25","0.520833","1","2+1","2","0","3","false"
"6x6","6x6-uct-0500","49","26","0.541667","2","1+1+1","3","1","2","true"
"6x6","6x6-uct-0500","49","27","0.562500","1","1+1+1","3","1","2","true"
"6x6","6x6-uct-0500","49","28","0.583333","2","1+1+1","3","1","2","true"
"6x6","6x6-uct-0500","49","29","0.604167","1","1+1+1","3","2","1","true"
"6x6","6x6-uct-0500","49","30","0.625000","2","2+1","2","2","1","true"
"6x6","6x6-uct-0500","49","31","0.645833","1","2+1","2","1","2","true"
"6x6","6x6-uct-0500","49","32","0.666667","2","1+1+1","3","0","3","false"
"6x6","6x6-uct-0500","49","33","0.687500","1","1+1+1","3","0","3","false"
"6x6","6x6-uct-0500","49","34","0.708333","2","1+1+1","3","1","2","true"
"6x6","6x6-uct-0500","49","35","0.729167","1","1+1+1","3","2","1","true"
"6x6","6x6-uct-0500","49","36","0.750000","2","2+1","2","1","2","true"
"6x6","6x6-uct-0500","49","37","0.770833","1","1+1+1","3","0","3","false"
"6x6","6x6-uct-0500","49","38","0.791667","2","1+1+1","3","0","3","false"
"6x6","6x6-uct-0500","49","39","0.812500","1","2+1","2","1","2","true"
"6x6","6x6-uct-0500","49","40","0.833333","2","1+1+1","3","0","3","false"
"6x6","6x6-uct-0500","49","41","0.854167","1","2+1","2","0","3","false"
"6x6","6x6-uct-0500","49","42","0.875000","2","1+1+1","3","1","2","true"
"6x6","6x6-uct-0500","49","43","0.895833","1","1+1+1","3","2","1","true"
"6x6","6x6-uct-0500","49","44","0.916667","2","1+1+1","3","1","2","true"
"6x6","6x6-uct-0500","49","45","0.937500","1","2+1","2","0","3","false"
"6x6","6x6-uct-0500","49","46","0.958333","2","2+1","2","1","2","true"
"6x6","6x6-uct-0500","49","47","0.979167","1","1+1+1","3","3","0","false"
"6x6","6x6-uct-0500","49","48","1.000000","2","1+1+1","3","2","1","true"
"6x6","6x6-uct-0500","50","1","0.020833","1","1+1+1","3","3","0","false"
"6x6","6x6-uct-0500","50","2","0.041667","2","2+1","2","3","0","false"
"6x6","6x6-uct-0500","50","3","0.062500","1","1+1+1","3","3","0","false"
"6x6","6x6-uct-0500","50","4","0.083333","2","1+1+1","3","2","1","true"
"6x6","6x6-uct-0500","50","5","0.104167","1","1+1+1","3","2","1","true"
"6x6","6x6-uct-0500","50","6","0.125000","2","1+1+1","3","2","1","true"
"6x6","6x6-uct-0500","50","7","0.145833","1","1+1+1","3","2","1","true"
"6x6","6x6-uct-0500","50","8","0.166667","2","1+1+1","3","3","0","false"
"6x6","6x6-uct-0500","50","9","0.187500","1","1+1+1","3","0","3","false"
"6x6","6x6-uct-0500","50","10","0.208333","2","2+1","2","0","3","false"
"6x6","6x6-uct-0500","50","11","0.229167","1","2+1","2","1","2","true"
"6x6","6x6-uct-0500","50","12","0.250000","2","1+1+1","3","1","2","true"
"6x6","6x6-uct-0500","50","13","0.270833","1","1+1+1","3","0","3","false"
"6x6","6x6-uct-0500","50","14","0.291667","2","1+1+1","3","2","1","true"
"6x6","6x6-uct-0500","50","15","0.312500","1","2+1","2","1","2","true"
"6x6","6x6-uct-0500","50","16","0.333333","2","1+1+1","3","0","3","false"
"6x6","6x6-uct-0500","50","17","0.354167","1","1+1+1","3","2","1","true"
"6x6","6x6-uct-0500","50","18","0.375000","2","1+1+1","3","1","2","true"
"6x6","6x6-uct-0500","50","19","0.395833","1","1+1+1","3","2","1","true"
"6x6","6x6-uct-0500","50","20","0.416667","2","2+1","2","2","1","true"
"6x6","6x6-uct-0500","50","21","0.437500","1","2+1","2","1","2","true"
"6x6","6x6-uct-0500","50","22","0.458333","2","2+1","2","0","3","false"
"6x6","6x6-uct-0500","50","23","0.479167","1","2+1","2","1","2","true"
"6x6","6x6-uct-0500","50","24","0.500000","2","2+1","2","2","1","true"
"6x6","6x6-uct-0500","50","25","0.520833","1","2+1","2","2","1","true"
"6x6","6x6-uct-0500","50","26","0.541667","2","1+1+1","3","2","1","true"
"6x6","6x6-uct-0500","50","27","0.562500","1","2+1","2","2","1","true"
"6x6","6x6-uct-0500","50","28","0.583333","2","1+1+1","3","1","2","true"
"6x6","6x6-uct-0500","50","29","0.604167","1","1+1+1","3","1","2","true"
"6x6","6x6-uct-0500","50","30","0.625000","2","1+1+1","3","1","2","true"
"6x6","6x6-uct-0500","50","31","0.645833","1","1+1+1","3","0","3","false"
"6x6","6x6-uct-0500","50","32","0.666667","2","2+1","2","1","2","true"
"6x6","6x6-uct-0500","50","33","0.687500","1","1+1+1","3","1","2","true"
"6x6","6x6-uct-0500","50","34","0.708333","2","1+1+1","3","0","3","false"
"6x6","6x6-uct-0500","50","35","0.729167","1","1+1+1","3","2","1","true"
"6x6","6x6-uct-0500","50","36","0.750000","2","2+1","2","1","2","true"
"6x6","6x6-uct-0500","50","37","0.770833","1","1+1+1","3","2","1","true"
"6x6","6x6-uct-0500","50","38","0.791667","2","1+1+1","3","1","2","true"
"6x6","6x6-uct-0500","50","39","0.812500","1","2+1","2","0","3","false"
"6x6","6x6-uct-0500","50","40","0.833333","2","1+1+1","3","1","2","true"
"6x6","6x6-uct-0500","50","41","0.854167","1","1+1+1","3","2","1","true"
"6x6","6x6-uct-0500","50","42","0.875000","2","3","1","1","2","true"
"6x6","6x6-uct-0500","50","43","0.895833","1","2+1","2","1","2","true"
"6x6","6x6-uct-0500","50","44","0.916667","2","2+1","2","1","2","true"
"6x6","6x6-uct-0500","50","45","0.937500","1","2+1","2","0","3","false"
"6x6","6x6-uct-0500","50","46","0.958333","2","1+1+1","3","1","2","true"
"6x6","6x6-uct-0500","50","47","0.979167","1","2+1","2","1","2","true"
"6x6","6x6-uct-0500","50","48","1.000000","2","2+1","2","1","2","true"
"6x6","6x6-uct-1000","1","1","0.020833","1","2+1","2","3","0","false"
"6x6","6x6-uct-1000","1","2","0.041667","2","1+1+1","3","3","0","false"
"6x6","6x6-uct-1000","1","3","0.062500","1","2+1","2","3","0","false"
"6x6","6x6-uct-1000","1","4","0.083333","2","1+1+1","3","1","2","true"
"6x6","6x6-uct-1000","1","5","0.104167","1","1+1+1","3","1","2","true"
"6x6","6x6-uct-1000","1","6","0.125000","2","1+1+1","3","3","0","false"
"6x6","6x6-uct-1000","1","7","0.145833","1","2+1","2","2","1","true"
"6x6","6x6-uct-1000","1","8","0.166667","2","1+1+1","3","2","1","true"
"6x6","6x6-uct-1000","1","9","0.187500","1","1+1+1","3","1","2","true"
"6x6","6x6-uct-1000","1","10","0.208333","2","1+1+1","3","3","0","false"
"6x6","6x6-uct-1000","1","11","0.229167","1","2+1","2","3","0","false"
"6x6","6x6-uct-1000","1","12","0.250000","2","1+1+1","3","1","2","true"
"6x6","6x6-uct-1000","1","13","0.270833","1","2+1","2","2","1","true"
"6x6","6x6-uct-1000","1","14","0.291667","2","1+1+1","3","1","2","true"
"6x6","6x6-uct-1000","1","15","0.312500","1","1+1+1","3","1","2","true"
"6x6","6x6-uct-1000","1","16","0.333333","2","1+1+1","3","2","1","true"
"6x6","6x6-uct-1000","1","17","0.354167","1","1+1+1","3","0","3","false"
"6x6","6x6-uct-1000","1","18","0.375000","2","1+1+1","3","2","1","true"
"6x6","6x6-uct-1000","1","19","0.395833","1","2+1","2","1","2","true"
"6x6","6x6-uct-1000","1","20","0.416667","2","1+1+1","3","1","2","true"
"6x6","6x6-uct-1000","1","21","0.437500","1","1+1+1","3","1","2","true"
"6x6","6x6-uct-1000","1","22","0.458333","2","2+1","2","0","3","false"
"6x6","6x6-uct-1000","1","23","0.479167","1","2+1","2","2","1","true"
"6x6","6x6-uct-1000","1","24","0.500000","2","1+1+1","3","0","3","false"
"6x6","6x6-uct-1000","1","25","0.520833","1","1+1+1","3","0","3","false"
"6x6","6x6-uct-1000","1","26","0.541667","2","1+1+1","3","1","2","true"
"6x6","6x6-uct-1000","1","27","0.562500","1","1+1+1","3","1","2","true"
"6x6","6x6-uct-1000","1","28","0.583333","2","2+1","2","0","3","false"
"6x6","6x6-uct-1000","1","29","0.604167","1","2+1","2","2","1","true"
"6x6","6x6-uct-1000","1","30","0.625000","2","1+1+1","3","0","3","false"
"6x6","6x6-uct-1000","1","31","0.645833","1","1+1+1","3","0","3","false"
"6x6","6x6-uct-1000","1","32","0.666667","2","1+1+1","3","2","1","true"
"6x6","6x6-uct-1000","1","33","0.687500","1","1+1+1","3","0","3","false"
"6x6","6x6-uct-1000","1","34","0.708333","2","1+1+1","3","2","1","true"
"6x6","6x6-uct-1000","1","35","0.729167","1","1+1+1","3","1","2","true"
"6x6","6x6-uct-1000","1","36","0.750000","2","2+1","2","2","1","true"
"6x6","6x6-uct-1000","1","37","0.770833","1","2+1","2","1","2","true"
"6x6","6x6-uct-1000","1","38","0.791667","2","2+1","2","2","1","true"
"6x6","6x6-uct-1000","1","39","0.812500","1","1+1+1","3","2","1","true"
"6x6","6x6-uct-1000","1","40","0.833333","2","1+1+1","3","0","3","false"
"6x6","6x6-uct-1000","1","41","0.854167","1","1+1+1","3","2","1","true"
"6x6","6x6-uct-1000","1","42","0.875000","2","2+1","2","1","2","true"
"6x6","6x6-uct-1000","1","43","0.895833","1","2+1","2","2","1","true"
"6x6","6x6-uct-1000","1","44","0.916667","2","2+1","2","0","3","false"
"6x6","6x6-uct-1000","1","45","0.937500","1","1+1+1","3","1","2","true"
"6x6","6x6-uct-1000","1","46","0.958333","2","1+1+1","3","1","2","true"
"6x6","6x6-uct-1000","1","47","0.979167","1","2+1","2","1","2","true"
"6x6","6x6-uct-1000","1","48","1.000000","2","2+1","2","2","1","true"
"6x6","6x6-uct-1000","2","1","0.020833","1","1+1+1","3","3","0","false"
"6x6","6x6-uct-1000","2","2","0.041667","2","1+1+1","3","3","0","false"
"6x6","6x6-uct-1000","2","3","0.062500","1","2+1","2","3","0","false"
"6x6","6x6-uct-1000","2","4","0.083333","2","1+1+1","3","3","0","false"
"6x6","6x6-uct-1000","2","5","0.104167","1","1+1+1","3","3","0","false"
"6x6","6x6-uct-1000","2","6","0.125000","2","1+1+1","3","2","1","true"
"6x6","6x6-uct-1000","2","7","0.145833","1","1+1+1","3","3","0","false"
"6x6","6x6-uct-1000","2","8","0.166667","2","1+1+1","3","3","0","false"
"6x6","6x6-uct-1000","2","9","0.187500","1","1+1+1","3","1","2","true"
"6x6","6x6-uct-1000","2","10","0.208333","2","1+1+1","3","3","0","false"
"6x6","6x6-uct-1000","2","11","0.229167","1","1+1+1","3","1","2","true"
"6x6","6x6-uct-1000","2","12","0.250000","2","2+1","2","2","1","true"
"6x6","6x6-uct-1000","2","13","0.270833","1","1+1+1","3","1","2","true"
"6x6","6x6-uct-1000","2","14","0.291667","2","1+1+1","3","2","1","true"
"6x6","6x6-uct-1000","2","15","0.312500","1","2+1","2","2","1","true"
"6x6","6x6-uct-1000","2","16","0.333333","2","1+1+1","3","1","2","true"
"6x6","6x6-uct-1000","2","17","0.354167","1","1+1+1","3","1","2","true"
"6x6","6x6-uct-1000","2","18","0.375000","2","1+1+1","3","1","2","true"
"6x6","6x6-uct-1000","2","19","0.395833","1","1+1+1","3","2","1","true"
"6x6","6x6-uct-1000","2","20","0.416667","2","2+1","2","0","3","false"
"6x6","6x6-uct-1000","2","21","0.437500","1","1+1+1","3","1","2","true"
"6x6","6x6-uct-1000","2","22","0.458333","2","2+1","2","1","2","true"
"6x6","6x6-uct-1000","2","23","0.479167","1","1+1+1","3","1","2","true"
"6x6","6x6-uct-1000","2","24","0.500000","2","2+1","2","1","2","true"
"6x6","6x6-uct-1000","2","25","0.520833","1","2+1","2","0","3","false"
"6x6","6x6-uct-1000","2","26","0.541667","2","1+1+1","3","0","3","false"
"6x6","6x6-uct-1000","2","27","0.562500","1","2+1","2","0","3","false"
"6x6","6x6-uct-1000","2","28","0.583333","2","1+1+1","3","0","3","false"
"6x6","6x6-uct-1000","2","29","0.604167","1","2+1","2","0","3","false"
"6x6","6x6-uct-1000","2","30","0.625000","2","1+1+1","3","0","3","false"
"6x6","6x6-uct-1000","2","31","0.645833","1","1+1+1","3","0","3","false"
"6x6","6x6-uct-1000","2","32","0.666667","2","1+1+1","3","1","2","true"
"6x6","6x6-uct-1000","2","33","0.687500","1","2+1","2","0","3","false"
"6x6","6x6-uct-1000","2","34","0.708333","2","2+1","2","2","1","true"
"6x6","6x6-uct-1000","2","35","0.729167","1","2+1","2","3","0","false"
"6x6","6x6-uct-1000","2","36","0.750000","2","2+1","2","0","3","false"
"6x6","6x6-uct-1000","2","37","0.770833","1","2+1","2","0","3","false"
"6x6","6x6-uct-1000","2","38","0.791667","2","2+1","2","0","3","false"
"6x6","6x6-uct-1000","2","39","0.812500","1","1+1+1","3","0","3","false"
"6x6","6x6-uct-1000","2","40","0.833333","2","1+1+1","3","0","3","false"
"6x6","6x6-uct-1000","2","41","0.854167","1","2+1","2","0","3","false"
"6x6","6x6-uct-1000","2","42","0.875000","2","1+1+1","3","0","3","false"
"6x6","6x6-uct-1000","2","43","0.895833","1","1+1+1","3","2","1","true"
"6x6","6x6-uct-1000","2","44","0.916667","2","1+1+1","3","1","2","true"
"6x6","6x6-uct-1000","2","45","0.937500","1","1+1+1","3","0","3","false"
"6x6","6x6-uct-1000","2","46","0.958333","2","2+1","2","2","1","true"
"6x6","6x6-uct-1000","2","47","0.979167","1","1+1+1","3","1","2","true"
"6x6","6x6-uct-1000","2","48","1.000000","2","1+1+1","3","0","3","false"
"6x6","6x6-uct-1000","3","1","0.020833","1","1+1+1","3","3","0","false"
"6x6","6x6-uct-1000","3","2","0.041667","2","1+1+1","3","3","0","false"
"6x6","6x6-uct-1000","3","3","0.062500","1","1+1+1","3","2","1","true"
"6x6","6x6-uct-1000","3","4","0.083333","2","1+1+1","3","2","1","true"
"6x6","6x6-uct-1000","3","5","0.104167","1","1+1+1","3","3","0","false"
"6x6","6x6-uct-1000","3","6","0.125000","2","1+1+1","3","2","1","true"
"6x6","6x6-uct-1000","3","7","0.145833","1","1+1+1","3","2","1","true"
"6x6","6x6-uct-1000","3","8","0.166667","2","2+1","2","1","2","true"
"6x6","6x6-uct-1000","3","9","0.187500","1","1+1+1","3","2","1","true"
"6x6","6x6-uct-1000","3","10","0.208333","2","1+1+1","3","2","1","true"
"6x6","6x6-uct-1000","3","11","0.229167","1","1+1+1","3","1","2","true"
"6x6","6x6-uct-1000","3","12","0.250000","2","1+1+1","3","2","1","true"
"6x6","6x6-uct-1000","3","13","0.270833","1","1+1+1","3","1","2","true"
"6x6","6x6-uct-1000","3","14","0.291667","2","1+1+1","3","2","1","true"
"6x6","6x6-uct-1000","3","15","0.312500","1","1+1+1","3","1","2","true"
"6x6","6x6-uct-1000","3","16","0.333333","2","1+1+1","3","1","2","true"
"6x6","6x6-uct-1000","3","17","0.354167","1","2+1","2","1","2","true"
"6x6","6x6-uct-1000","3","18","0.375000","2","2+1","2","0","3","false"
"6x6","6x6-uct-1000","3","19","0.395833","1","1+1+1","3","1","2","true"
"6x6","6x6-uct-1000","3","20","0.416667","2","1+1+1","3","1","2","true"
"6x6","6x6-uct-1000","3","21","0.437500","1","1+1+1","3","2","1","true"
"6x6","6x6-uct-1000","3","22","0.458333","2","1+1+1","3","1","2","true"
"6x6","6x6-uct-1000","3","23","0.479167","1","2+1","2","0","3","false"
"6x6","6x6-uct-1000","3","24","0.500000","2","1+1+1","3","2","1","true"
"6x6","6x6-uct-1000","3","25","0.520833","1","2+1","2","1","2","true"
"6x6","6x6-uct-1000","3","26","0.541667","2","1+1+1","3","0","3","false"
"6x6","6x6-uct-1000","3","27","0.562500","1","2+1","2","0","3","false"
"6x6","6x6-uct-1000","3","28","0.583333","2","1+1+1","3","0","3","false"
"6x6","6x6-uct-1000","3","29","0.604167","1","1+1+1","3","1","2","true"
"6x6","6x6-uct-1000","3","30","0.625000","2","1+1+1","3","0","3","false"
"6x6","6x6-uct-1000","3","31","0.645833","1","2+1","2","0","3","false"
"6x6","6x6-uct-1000","3","32","0.666667","2","2+1","2","1","2","true"
"6x6","6x6-uct-1000","3","33","0.687500","1","2+1","2","0","3","false"
"6x6","6x6-uct-1000","3","34","0.708333","2","2+1","2","0","3","false"
"6x6","6x6-uct-1000","3","35","0.729167","1","2+1","2","0","3","false"
"6x6","6x6-uct-1000","3","36","0.750000","2","2+1","2","1","2","true"
"6x6","6x6-uct-1000","3","37","0.770833","1","2+1","2","1","2","true"
"6x6","6x6-uct-1000","3","38","0.791667","2","2+1","2","0","3","false"
"6x6","6x6-uct-1000","3","39","0.812500","1","2+1","2","2","1","true"
"6x6","6x6-uct-1000","3","40","0.833333","2","1+1+1","3","3","0","false"
"6x6","6x6-uct-1000","3","41","0.854167","1","2+1","2","2","1","true"
"6x6","6x6-uct-1000","3","42","0.875000","2","2+1","2","3","0","false"
"6x6","6x6-uct-1000","3","43","0.895833","1","1+1+1","3","2","1","true"
"6x6","6x6-uct-1000","3","44","0.916667","2","1+1+1","3","3","0","false"
"6x6","6x6-uct-1000","3","45","0.937500","1","1+1+1","3","2","1","true"
"6x6","6x6-uct-1000","3","46","0.958333","2","1+1+1","3","0","3","false"
"6x6","6x6-uct-1000","3","47","0.979167","1","1+1+1","3","0","3","false"
"6x6","6x6-uct-1000","3","48","1.000000","2","2+1","2","1","2","true"
"6x6","6x6-uct-1000","4","1","0.020833","1","1+1+1","3","3","0","false"
"6x6","6x6-uct-1000","4","2","0.041667","2","3","1","3","0","false"
"6x6","6x6-uct-1000","4","3","0.062500","1","1+1+1","3","2","1","true"
"6x6","6x6-uct-1000","4","4","0.083333","2","1+1+1","3","2","1","true"
"6x6","6x6-uct-1000","4","5","0.104167","1","1+1+1","3","2","1","true"
"6x6","6x6-uct-1000","4","6","0.125000","2","2+1","2","1","2","true"
"6x6","6x6-uct-1000","4","7","0.145833","1","1+1+1","3","0","3","false"
"6x6","6x6-uct-1000","4","8","0.166667","2","1+1+1","3","2","1","true"
"6x6","6x6-uct-1000","4","9","0.187500","1","1+1+1","3","2","1","true"
"6x6","6x6-uct-1000","4","10","0.208333","2","2+1","2","1","2","true"
"6x6","6x6-uct-1000","4","11","0.229167","1","1+1+1","3","2","1","true"
"6x6","6x6-uct-1000","4","12","0.250000","2","2+1","2","3","0","false"
"6x6","6x6-uct-1000","4","13","0.270833","1","2+1","2","0","3","false"
"6x6","6x6-uct-1000","4","14","0.291667","2","2+1","2","0","3","false"
"6x6","6x6-uct-1000","4","15","0.312500","1","2+1","2","2","1","true"
"6x6","6x6-uct-1000","4","16","0.333333","2","1+1+1","3","2","1","true"
"6x6","6x6-uct-1000","4","17","0.354167","1","1+1+1","3","0","3","false"
"6x6","6x6-uct-1000","4","18","0.375000","2","1+1+1","3","1","2","true"
"6x6","6x6-uct-1000","4","19","0.395833","1","1+1+1","3","1","2","true"
"6x6","6x6-uct-1000","4","20","0.416667","2","1+1+1","3","2","1","true"
"6x6","6x6-uct-1000","4","21","0.437500","1","2+1","2","1","2","true"
"6x6","6x6-uct-1000","4","22","0.458333","2","1+1+1","3","2","1","true"
"6x6","6x6-uct-1000","4","23","0.479167","1","1+1+1","3","2","1","true"
"6x6","6x6-uct-1000","4","24","0.500000","2","1+1+1","3","0","3","false"
"6x6","6x6-uct-1000","4","25","0.520833","1","1+1+1","3","1","2","true"
"6x6","6x6-uct-1000","4","26","0.541667","2","1+1+1","3","1","2","true"
"6x6","6x6-uct-1000","4","27","0.562500","1","2+1","2","2","1","true"
"6x6","6x6-uct-1000","4","28","0.583333","2","1+1+1","3","0","3","false"
"6x6","6x6-uct-1000","4","29","0.604167","1","1+1+1","3","2","1","true"
"6x6","6x6-uct-1000","4","30","0.625000","2","1+1+1","3","1","2","true"
"6x6","6x6-uct-1000","4","31","0.645833","1","1+1+1","3","0","3","false"
"6x6","6x6-uct-1000","4","32","0.666667","2","1+1+1","3","1","2","true"
"6x6","6x6-uct-1000","4","33","0.687500","1","1+1+1","3","2","1","true"
"6x6","6x6-uct-1000","4","34","0.708333","2","1+1+1","3","1","2","true"
"6x6","6x6-uct-1000","4","35","0.729167","1","1+1+1","3","1","2","true"
"6x6","6x6-uct-1000","4","36","0.750000","2","1+1+1","3","1","2","true"
"6x6","6x6-uct-1000","4","37","0.770833","1","1+1+1","3","1","2","true"
"6x6","6x6-uct-1000","4","38","0.791667","2","2+1","2","1","2","true"
"6x6","6x6-uct-1000","4","39","0.812500","1","3","1","0","3","false"
"6x6","6x6-uct-1000","4","40","0.833333","2","2+1","2","0","3","false"
"6x6","6x6-uct-1000","4","41","0.854167","1","1+1+1","3","1","2","true"
"6x6","6x6-uct-1000","4","42","0.875000","2","2+1","2","0","3","false"
"6x6","6x6-uct-1000","4","43","0.895833","1","1+1+1","3","0","3","false"
"6x6","6x6-uct-1000","4","44","0.916667","2","2+1","2","1","2","true"
"6x6","6x6-uct-1000","4","45","0.937500","1","2+1","2","1","2","true"
"6x6","6x6-uct-1000","4","46","0.958333","2","2+1","2","0","3","false"
"6x6","6x6-uct-1000","4","47","0.979167","1","2+1","2","1","2","true"
"6x6","6x6-uct-1000","4","48","1.000000","2","1+1+1","3","2","1","true"
"6x6","6x6-uct-1000","5","1","0.020833","1","1+1+1","3","3","0","false"
"6x6","6x6-uct-1000","5","2","0.041667","2","1+1+1","3","3","0","false"
"6x6","6x6-uct-1000","5","3","0.062500","1","1+1+1","3","1","2","true"
"6x6","6x6-uct-1000","5","4","0.083333","2","2+1","2","2","1","true"
"6x6","6x6-uct-1000","5","5","0.104167","1","1+1+1","3","2","1","true"
"6x6","6x6-uct-1000","5","6","0.125000","2","2+1","2","1","2","true"
"6x6","6x6-uct-1000","5","7","0.145833","1","2+1","2","1","2","true"
"6x6","6x6-uct-1000","5","8","0.166667","2","1+1+1","3","1","2","true"
"6x6","6x6-uct-1000","5","9","0.187500","1","1+1+1","3","0","3","false"
"6x6","6x6-uct-1000","5","10","0.208333","2","1+1+1","3","3","0","false"
"6x6","6x6-uct-1000","5","11","0.229167","1","1+1+1","3","2","1","true"
"6x6","6x6-uct-1000","5","12","0.250000","2","1+1+1","3","3","0","false"
"6x6","6x6-uct-1000","5","13","0.270833","1","2+1","2","1","2","true"
"6x6","6x6-uct-1000","5","14","0.291667","2","1+1+1","3","0","3","false"
"6x6","6x6-uct-1000","5","15","0.312500","1","1+1+1","3","1","2","true"
"6x6","6x6-uct-1000","5","16","0.333333","2","2+1","2","0","3","false"
"6x6","6x6-uct-1000","5","17","0.354167","1","1+1+1","3","2","1","true"
"6x6","6x6-uct-1000","5","18","0.375000","2","2+1","2","1","2","true"
"6x6","6x6-uct-1000","5","19","0.395833","1","1+1+1","3","2","1","true"
"6x6","6x6-uct-1000","5","20","0.416667","2","2+1","2","1","2","true"
"6x6","6x6-uct-1000","5","21","0.437500","1","1+1+1","3","1","2","true"
"6x6","6x6-uct-1000","5","22","0.458333","2","1+1+1","3","1","2","true"
"6x6","6x6-uct-1000","5","23","0.479167","1","3","1","2","1","true"
"6x6","6x6-uct-1000","5","24","0.500000","2","1+1+1","3","0","3","false"
"6x6","6x6-uct-1000","5","25","0.520833","1","1+1+1","3","1","2","true"
"6x6","6x6-uct-1000","5","26","0.541667","2","3","1","1","2","true"
"6x6","6x6-uct-1000","5","27","0.562500","1","1+1+1","3","2","1","true"
"6x6","6x6-uct-1000","5","28","0.583333","2","2+1","2","0","3","false"
"6x6","6x6-uct-1000","5","29","0.604167","1","1+1+1","3","0","3","false"
"6x6","6x6-uct-1000","5","30","0.625000","2","1+1+1","3","1","2","true"
"6x6","6x6-uct-1000","5","31","0.645833","1","2+1","2","1","2","true"
"6x6","6x6-uct-1000","5","32","0.666667","2","2+1","2","1","2","true"
"6x6","6x6-uct-1000","5","33","0.687500","1","1+1+1","3","0","3","false"
"6x6","6x6-uct-1000","5","34","0.708333","2","1+1+1","3","0","3","false"
"6x6","6x6-uct-1000","5","35","0.729167","1","1+1+1","3","2","1","true"
"6x6","6x6-uct-1000","5","36","0.750000","2","2+1","2","1","2","true"
"6x6","6x6-uct-1000","5","37","0.770833","1","3","1","1","2","true"
"6x6","6x6-uct-1000","5","38","0.791667","2","1+1+1","3","0","3","false"
"6x6","6x6-uct-1000","5","39","0.812500","1","2+1","2","0","3","false"
"6x6","6x6-uct-1000","5","40","0.833333","2","2+1","2","0","3","false"
"6x6","6x6-uct-1000","5","41","0.854167","1","1+1+1","3","0","3","false"
"6x6","6x6-uct-1000","5","42","0.875000","2","1+1+1","3","1","2","true"
"6x6","6x6-uct-1000","5","43","0.895833","1","1+1+1","3","2","1","true"
"6x6","6x6-uct-1000","5","44","0.916667","2","1+1+1","3","0","3","false"
"6x6","6x6-uct-1000","5","45","0.937500","1","2+1","2","2","1","true"
"6x6","6x6-uct-1000","5","46","0.958333","2","1+1+1","3","1","2","true"
"6x6","6x6-uct-1000","5","47","0.979167","1","1+1+1","3","1","2","true"
"6x6","6x6-uct-1000","5","48","1.000000","2","1+1+1","3","1","2","true"
"6x6","6x6-uct-1000","6","1","0.020833","1","2+1","2","3","0","false"
"6x6","6x6-uct-1000","6","2","0.041667","2","1+1+1","3","3","0","false"
"6x6","6x6-uct-1000","6","3","0.062500","1","1+1+1","3","2","1","true"
"6x6","6x6-uct-1000","6","4","0.083333","2","1+1+1","3","1","2","true"
"6x6","6x6-uct-1000","6","5","0.104167","1","1+1+1","3","2","1","true"
"6x6","6x6-uct-1000","6","6","0.125000","2","2+1","2","2","1","true"
"6x6","6x6-uct-1000","6","7","0.145833","1","1+1+1","3","2","1","true"
"6x6","6x6-uct-1000","6","8","0.166667","2","2+1","2","2","1","true"
"6x6","6x6-uct-1000","6","9","0.187500","1","2+1","2","2","1","true"
"6x6","6x6-uct-1000","6","10","0.208333","2","2+1","2","2","1","true"
"6x6","6x6-uct-1000","6","11","0.229167","1","3","1","0","3","false"
"6x6","6x6-uct-1000","6","12","0.250000","2","1+1+1","3","2","1","true"
"6x6","6x6-uct-1000","6","13","0.270833","1","1+1+1","3","1","2","true"
"6x6","6x6-uct-1000","6","14","0.291667","2","1+1+1","3","1","2","true"
"6x6","6x6-uct-1000","6","15","0.312500","1","1+1+1","3","1","2","true"
"6x6","6x6-uct-1000","6","16","0.333333","2","2+1","2","2","1","true"
"6x6","6x6-uct-1000","6","17","0.354167","1","2+1","2","2","1","true"
"6x6","6x6-uct-1000","6","18","0.375000","2","2+1","2","2","1","true"
"6x6","6x6-uct-1000","6","19","0.395833","1","1+1+1","3","3","0","false"
"6x6","6x6-uct-1000","6","20","0.416667","2","1+1+1","3","1","2","true"
"6x6","6x6-uct-1000","6","21","0.437500","1","1+1+1","3","1","2","true"
"6x6","6x6-uct-1000","6","22","0.458333","2","1+1+1","3","0","3","false"
"6x6","6x6-uct-1000","6","23","0.479167","1","3","1","1","2","true"
"6x6","6x6-uct-1000","6","24","0.500000","2","1+1+1","3","3","0","false"
"6x6","6x6-uct-1000","6","25","0.520833","1","1+1+1","3","2","1","true"
"6x6","6x6-uct-1000","6","26","0.541667","2","2+1","2","2","1","true"
"6x6","6x6-uct-1000","6","27","0.562500","1","1+1+1","3","1","2","true"
"6x6","6x6-uct-1000","6","28","0.583333","2","1+1+1","3","2","1","true"
"6x6","6x6-uct-1000","6","29","0.604167","1","2+1","2","1","2","true"
"6x6","6x6-uct-1000","6","30","0.625000","2","1+1+1","3","1","2","true"
"6x6","6x6-uct-1000","6","31","0.645833","1","1+1+1","3","1","2","true"
"6x6","6x6-uct-1000","6","32","0.666667","2","1+1+1","3","0","3","false"
"6x6","6x6-uct-1000","6","33","0.687500","1","1+1+1","3","1","2","true"
"6x6","6x6-uct-1000","6","34","0.708333","2","1+1+1","3","2","1","true"
"6x6","6x6-uct-1000","6","35","0.729167","1","2+1","2","2","1","true"
"6x6","6x6-uct-1000","6","36","0.750000","2","1+1+1","3","2","1","true"
"6x6","6x6-uct-1000","6","37","0.770833","1","2+1","2","2","1","true"
"6x6","6x6-uct-1000","6","38","0.791667","2","1+1+1","3","1","2","true"
"6x6","6x6-uct-1000","6","39","0.812500","1","2+1","2","0","3","false"
"6x6","6x6-uct-1000","6","40","0.833333","2","1+1+1","3","0","3","false"
"6x6","6x6-uct-1000","6","41","0.854167","1","1+1+1","3","0","3","false"
"6x6","6x6-uct-1000","6","42","0.875000","2","2+1","2","1","2","true"
"6x6","6x6-uct-1000","6","43","0.895833","1","1+1+1","3","2","1","true"
"6x6","6x6-uct-1000","6","44","0.916667","2","1+1+1","3","1","2","true"
"6x6","6x6-uct-1000","6","45","0.937500","1","1+1+1","3","1","2","true"
"6x6","6x6-uct-1000","6","46","0.958333","2","2+1","2","0","3","false"
"6x6","6x6-uct-1000","6","47","0.979167","1","2+1","2","2","1","true"
"6x6","6x6-uct-1000","6","48","1.000000","2","2+1","2","1","2","true"
"6x6","6x6-uct-1000","7","1","0.020833","1","1+1+1","3","3","0","false"
"6x6","6x6-uct-1000","7","2","0.041667","2","2+1","2","3","0","false"
"6x6","6x6-uct-1000","7","3","0.062500","1","1+1+1","3","3","0","false"
"6x6","6x6-uct-1000","7","4","0.083333","2","2+1","2","2","1","true"
"6x6","6x6-uct-1000","7","5","0.104167","1","1+1+1","3","1","2","true"
"6x6","6x6-uct-1000","7","6","0.125000","2","1+1+1","3","2","1","true"
"6x6","6x6-uct-1000","7","7","0.145833","1","1+1+1","3","1","2","true"
"6x6","6x6-uct-1000","7","8","0.166667","2","1+1+1","3","2","1","true"
"6x6","6x6-uct-1000","7","9","0.187500","1","1+1+1","3","1","2","true"
"6x6","6x6-uct-1000","7","10","0.208333","2","1+1+1","3","1","2","true"
"6x6","6x6-uct-1000","7","11","0.229167","1","2+1","2","3","0","false"
"6x6","6x6-uct-1000","7","12","0.250000","2","1+1+1","3","1","2","true"
"6x6","6x6-uct-1000","7","13","0.270833","1","3","1","0","3","false"
"6x6","6x6-uct-1000","7","14","0.291667","2","1+1+1","3","2","1","true"
"6x6","6x6-uct-1000","7","15","0.312500","1","2+1","2","0","3","false"
"6x6","6x6-uct-1000","7","16","0.333333","2","1+1+1","3","1","2","true"
"6x6","6x6-uct-1000","7","17","0.354167","1","1+1+1","3","1","2","true"
"6x6","6x6-uct-1000","7","18","0.375000","2","1+1+1","3","1","2","true"
"6x6","6x6-uct-1000","7","19","0.395833","1","2+1","2","2","1","true"
"6x6","6x6-uct-1000","7","20","0.416667","2","1+1+1","3","1","2","true"
"6x6","6x6-uct-1000","7","21","0.437500","1","1+1+1","3","1","2","true"
"6x6","6x6-uct-1000","7","22","0.458333","2","1+1+1","3","1","2","true"
"6x6","6x6-uct-1000","7","23","0.479167","1","1+1+1","3","1","2","true"
"6x6","6x6-uct-1000","7","24","0.500000","2","1+1+1","3","0","3","false"
"6x6","6x6-uct-1000","7","25","0.520833","1","2+1","2","1","2","true"
"6x6","6x6-uct-1000","7","26","0.541667","2","2+1","2","1","2","true"
"6x6","6x6-uct-1000","7","27","0.562500","1","2+1","2","0","3","false"
"6x6","6x6-uct-1000","7","28","0.583333","2","1+1+1","3","0","3","false"
"6x6","6x6-uct-1000","7","29","0.604167","1","2+1","2","0","3","false"
"6x6","6x6-uct-1000","7","30","0.625000","2","1+1+1","3","0","3","false"
"6x6","6x6-uct-1000","7","31","0.645833","1","2+1","2","3","0","false"
"6x6","6x6-uct-1000","7","32","0.666667","2","1+1+1","3","0","3","false"
"6x6","6x6-uct-1000","7","33","0.687500","1","2+1","2","0","3","false"
"6x6","6x6-uct-1000","7","34","0.708333","2","3","1","0","3","false"
"6x6","6x6-uct-1000","7","35","0.729167","1","2+1","2","0","3","false"
"6x6","6x6-uct-1000","7","36","0.750000","2","2+1","2","1","2","true"
"6x6","6x6-uct-1000","7","37","0.770833","1","1+1+1","3","0","3","false"
"6x6","6x6-uct-1000","7","38","0.791667","2","2+1","2","1","2","true"
"6x6","6x6-uct-1000","7","39","0.812500","1","1+1+1","3","1","2","true"
"6x6","6x6-uct-1000","7","40","0.833333","2","2+1","2","0","3","false"
"6x6","6x6-uct-1000","7","41","0.854167","1","2+1","2","0","3","false"
"6x6","6x6-uct-1000","7","42","0.875000","2","2+1","2","0","3","false"
"6x6","6x6-uct-1000","7","43","0.895833","1","1+1+1","3","0","3","false"
"6x6","6x6-uct-1000","7","44","0.916667","2","1+1+1","3","2","1","true"
"6x6","6x6-uct-1000","7","45","0.937500","1","1+1+1","3","1","2","true"
"6x6","6x6-uct-1000","7","46","0.958333","2","2+1","2","0","3","false"
"6x6","6x6-uct-1000","7","47","0.979167","1","1+1+1","3","2","1","true"
"6x6","6x6-uct-1000","7","48","1.000000","2","2+1","2","1","2","true"
"6x6","6x6-uct-1000","8","1","0.020833","1","1+1+1","3","3","0","false"
"6x6","6x6-uct-1000","8","2","0.041667","2","1+1+1","3","3","0","false"
"6x6","6x6-uct-1000","8","3","0.062500","1","1+1+1","3","2","1","true"
"6x6","6x6-uct-1000","8","4","0.083333","2","1+1+1","3","2","1","true"
"6x6","6x6-uct-1000","8","5","0.104167","1","1+1+1","3","3","0","false"
"6x6","6x6-uct-1000","8","6","0.125000","2","1+1+1","3","2","1","true"
"6x6","6x6-uct-1000","8","7","0.145833","1","1+1+1","3","1","2","true"
"6x6","6x6-uct-1000","8","8","0.166667","2","1+1+1","3","1","2","true"
"6x6","6x6-uct-1000","8","9","0.187500","1","1+1+1","3","1","2","true"
"6x6","6x6-uct-1000","8","10","0.208333","2","1+1+1","3","0","3","false"
"6x6","6x6-uct-1000","8","11","0.229167","1","1+1+1","3","2","1","true"
"6x6","6x6-uct-1000","8","12","0.250000","2","1+1+1","3","3","0","false"
"6x6","6x6-uct-1000","8","13","0.270833","1","1+1+1","3","1","2","true"
"6x6","6x6-uct-1000","8","14","0.291667","2","2+1","2","0","3","false"
"6x6","6x6-uct-1000","8","15","0.312500","1","2+1","2","2","1","true"
"6x6","6x6-uct-1000","8","16","0.333333","2","1+1+1","3","0","3","false"
"6x6","6x6-uct-1000","8","17","0.354167","1","1+1+1","3","1","2","true"
"6x6","6x6-uct-1000","8","18","0.375000","2","1+1+1","3","2","1","true"
"6x6","6x6-uct-1000","8","19","0.395833","1","1+1+1","3","1","2","true"
"6x6","6x6-uct-1000","8","20","0.416667","2","1+1+1","3","1","2","true"
"6x6","6x6-uct-1000","8","21","0.437500","1","1+1+1","3","1","2","true"
"6x6","6x6-uct-1000","8","22","0.458333","2","1+1+1","3","1","2","true"
"6x6","6x6-uct-1000","8","23","0.479167","1","2+1","2","1","2","true"
"6x6","6x6-uct-1000","8","24","0.500000","2","1+1+1","3","3","0","false"
"6x6","6x6-uct-1000","8","25","0.520833","1","1+1+1","3","1","2","true"
"6x6","6x6-uct-1000","8","26","0.541667","2","2+1","2","1","2","true"
"6x6","6x6-uct-1000","8","27","0.562500","1","1+1+1","3","1","2","true"
"6x6","6x6-uct-1000","8","28","0.583333","2","2+1","2","2","1","true"
"6x6","6x6-uct-1000","8","29","0.604167","1","1+1+1","3","0","3","false"
"6x6","6x6-uct-1000","8","30","0.625000","2","1+1+1","3","0","3","false"
"6x6","6x6-uct-1000","8","31","0.645833","1","2+1","2","1","2","true"
"6x6","6x6-uct-1000","8","32","0.666667","2","1+1+1","3","1","2","true"
"6x6","6x6-uct-1000","8","33","0.687500","1","2+1","2","0","3","false"
"6x6","6x6-uct-1000","8","34","0.708333","2","1+1+1","3","1","2","true"
"6x6","6x6-uct-1000","8","35","0.729167","1","1+1+1","3","0","3","false"
"6x6","6x6-uct-1000","8","36","0.750000","2","1+1+1","3","2","1","true"
"6x6","6x6-uct-1000","8","37","0.770833","1","1+1+1","3","2","1","true"
"6x6","6x6-uct-1000","8","38","0.791667","2","2+1","2","1","2","true"
"6x6","6x6-uct-1000","8","39","0.812500","1","1+1+1","3","2","1","true"
"6x6","6x6-uct-1000","8","40","0.833333","2","1+1+1","3","0","3","false"
"6x6","6x6-uct-1000","8","41","0.854167","1","1+1+1","3","3","0","false"
"6x6","6x6-uct-1000","8","42","0.875000","2","2+1","2","0","3","false"
"6x6","6x6-uct-1000","8","43","0.895833","1","1+1+1","3","0","3","false"
"6x6","6x6-uct-1000","8","44","0.916667","2","1+1+1","3","1","2","true"
"6x6","6x6-uct-1000","8","45","0.937500","1","1+1+1","3","0","3","false"
"6x6","6x6-uct-1000","8","46","0.958333","2","2+1","2","1","2","true"
"6x6","6x6-uct-1000","8","47","0.979167","1","1+1+1","3","0","3","false"
"6x6","6x6-uct-1000","8","48","1.000000","2","1+1+1","3","0","3","false"
"6x6","6x6-uct-1000","9","1","0.020833","1","2+1","2","3","0","false"
"6x6","6x6-uct-1000","9","2","0.041667","2","2+1","2","3","0","false"
"6x6","6x6-uct-1000","9","3","0.062500","1","2+1","2","3","0","false"
"6x6","6x6-uct-1000","9","4","0.083333","2","1+1+1","3","2","1","true"
"6x6","6x6-uct-1000","9","5","0.104167","1","1+1+1","3","2","1","true"
"6x6","6x6-uct-1000","9","6","0.125000","2","1+1+1","3","2","1","true"
"6x6","6x6-uct-1000","9","7","0.145833","1","1+1+1","3","1","2","true"
"6x6","6x6-uct-1000","9","8","0.166667","2","1+1+1","3","1","2","true"
"6x6","6x6-uct-1000","9","9","0.187500","1","1+1+1","3","1","2","true"
"6x6","6x6-uct-1000","9","10","0.208333","2","1+1+1","3","2","1","true"
"6x6","6x6-uct-1000","9","11","0.229167","1","1+1+1","3","3","0","false"
"6x6","6x6-uct-1000","9","12","0.250000","2","1+1+1","3","1","2","true"
"6x6","6x6-uct-1000","9","13","0.270833","1","2+1","2","3","0","false"
"6x6","6x6-uct-1000","9","14","0.291667","2","1+1+1","3","3","0","false"
"6x6","6x6-uct-1000","9","15","0.312500","1","1+1+1","3","1","2","true"
"6x6","6x6-uct-1000","9","16","0.333333","2","1+1+1","3","0","3","false"
"6x6","6x6-uct-1000","9","17","0.354167","1","2+1","2","1","2","true"
"6x6","6x6-uct-1000","9","18","0.375000","2","1+1+1","3","1","2","true"
"6x6","6x6-uct-1000","9","19","0.395833","1","1+1+1","3","2","1","true"
"6x6","6x6-uct-1000","9","20","0.416667","2","2+1","2","0","3","false"
"6x6","6x6-uct-1000","9","21","0.437500","1","1+1+1","3","1","2","true"
"6x6","6x6-uct-1000","9","22","0.458333","2","1+1+1","3","1","2","true"
"6x6","6x6-uct-1000","9","23","0.479167","1","1+1+1","3","1","2","true"
"6x6","6x6-uct-1000","9","24","0.500000","2","2+1","2","0","3","false"
"6x6","6x6-uct-1000","9","25","0.520833","1","2+1","2","1","2","true"
"6x6","6x6-uct-1000","9","26","0.541667","2","1+1+1","3","1","2","true"
"6x6","6x6-uct-1000","9","27","0.562500","1","1+1+1","3","0","3","false"
"6x6","6x6-uct-1000","9","28","0.583333","2","1+1+1","3","2","1","true"
"6x6","6x6-uct-1000","9","29","0.604167","1","1+1+1","3","3","0","false"
"6x6","6x6-uct-1000","9","30","0.625000","2","2+1","2","3","0","false"
"6x6","6x6-uct-1000","9","31","0.645833","1","2+1","2","0","3","false"
"6x6","6x6-uct-1000","9","32","0.666667","2","1+1+1","3","0","3","false"
"6x6","6x6-uct-1000","9","33","0.687500","1","2+1","2","0","3","false"
"6x6","6x6-uct-1000","9","34","0.708333","2","2+1","2","1","2","true"
"6x6","6x6-uct-1000","9","35","0.729167","1","2+1","2","1","2","true"
"6x6","6x6-uct-1000","9","36","0.750000","2","2+1","2","0","3","false"
"6x6","6x6-uct-1000","9","37","0.770833","1","1+1+1","3","1","2","true"
"6x6","6x6-uct-1000","9","38","0.791667","2","1+1+1","3","1","2","true"
"6x6","6x6-uct-1000","9","39","0.812500","1","2+1","2","1","2","true"
"6x6","6x6-uct-1000","9","40","0.833333","2","2+1","2","1","2","true"
"6x6","6x6-uct-1000","9","41","0.854167","1","1+1+1","3","0","3","false"
"6x6","6x6-uct-1000","9","42","0.875000","2","2+1","2","0","3","false"
"6x6","6x6-uct-1000","9","43","0.895833","1","2+1","2","1","2","true"
"6x6","6x6-uct-1000","9","44","0.916667","2","1+1+1","3","1","2","true"
"6x6","6x6-uct-1000","9","45","0.937500","1","2+1","2","1","2","true"
"6x6","6x6-uct-1000","9","46","0.958333","2","1+1+1","3","1","2","true"
"6x6","6x6-uct-1000","9","47","0.979167","1","1+1+1","3","3","0","false"
"6x6","6x6-uct-1000","9","48","1.000000","2","2+1","2","2","1","true"
"6x6","6x6-uct-1000","10","1","0.020833","1","2+1","2","3","0","false"
"6x6","6x6-uct-1000","10","2","0.041667","2","2+1","2","3","0","false"
"6x6","6x6-uct-1000","10","3","0.062500","1","3","1","2","1","true"
"6x6","6x6-uct-1000","10","4","0.083333","2","1+1+1","3","2","1","true"
"6x6","6x6-uct-1000","10","5","0.104167","1","1+1+1","3","1","2","true"
"6x6","6x6-uct-1000","10","6","0.125000","2","1+1+1","3","3","0","false"
"6x6","6x6-uct-1000","10","7","0.145833","1","2+1","2","3","0","false"
"6x6","6x6-uct-1000","10","8","0.166667","2","1+1+1","3","1","2","true"
"6x6","6x6-uct-1000","10","9","0.187500","1","1+1+1","3","1","2","true"
"6x6","6x6-uct-1000","10","10","0.208333","2","2+1","2","1","2","true"
"6x6","6x6-uct-1000","10","11","0.229167","1","1+1+1","3","1","2","true"
"6x6","6x6-uct-1000","10","12","0.250000","2","3","1","1","2","true"
"6x6","6x6-uct-1000","10","13","0.270833","1","2+1","2","1","2","true"
"6x6","6x6-uct-1000","10","14","0.291667","2","2+1","2","2","1","true"
"6x6","6x6-uct-1000","10","15","0.312500","1","2+1","2","3","0","false"
"6x6","6x6-uct-1000","10","16","0.333333","2","1+1+1","3","1","2","true"
"6x6","6x6-uct-1000","10","17","0.354167","1","1+1+1","3","1","2","true"
"6x6","6x6-uct-1000","10","18","0.375000","2","2+1","2","2","1","true"
"6x6","6x6-uct-1000","10","19","0.395833","1","2+1","2","1","2","true"
"6x6","6x6-uct-1000","10","20","0.416667","2","1+1+1","3","2","1","true"
"6x6","6x6-uct-1000","10","21","0.437500","1","2+1","2","3","0","false"
"6x6","6x6-uct-1000","10","22","0.458333","2","2+1","2","1","2","true"
"6x6","6x6-uct-1000","10","23","0.479167","1","1+1+1","3","1","2","true"
"6x6","6x6-uct-1000","10","24","0.500000","2","1+1+1","3","1","2","true"
"6x6","6x6-uct-1000","10","25","0.520833","1","1+1+1","3","1","2","true"
"6x6","6x6-uct-1000","10","26","0.541667","2","1+1+1","3","0","3","false"
"6x6","6x6-uct-1000","10","27","0.562500","1","2+1","2","0","3","false"
"6x6","6x6-uct-1000","10","28","0.583333","2","2+1","2","2","1","true"
"6x6","6x6-uct-1000","10","29","0.604167","1","1+1+1","3","1","2","true"
"6x6","6x6-uct-1000","10","30","0.625000","2","1+1+1","3","0","3","false"
"6x6","6x6-uct-1000","10","31","0.645833","1","2+1","2","0","3","false"
"6x6","6x6-uct-1000","10","32","0.666667","2","1+1+1","3","0","3","false"
"6x6","6x6-uct-1000","10","33","0.687500","1","2+1","2","1","2","true"
"6x6","6x6-uct-1000","10","34","0.708333","2","2+1","2","0","3","false"
"6x6","6x6-uct-1000","10","35","0.729167","1","2+1","2","2","1","true"
"6x6","6x6-uct-1000","10","36","0.750000","2","2+1","2","0","3","false"
"6x6","6x6-uct-1000","10","37","0.770833","1","1+1+1","3","0","3","false"
"6x6","6x6-uct-1000","10","38","0.791667","2","1+1+1","3","1","2","true"
"6x6","6x6-uct-1000","10","39","0.812500","1","1+1+1","3","0","3","false"
"6x6","6x6-uct-1000","10","40","0.833333","2","1+1+1","3","0","3","false"
"6x6","6x6-uct-1000","10","41","0.854167","1","2+1","2","1","2","true"
"6x6","6x6-uct-1000","10","42","0.875000","2","2+1","2","1","2","true"
"6x6","6x6-uct-1000","10","43","0.895833","1","1+1+1","3","0","3","false"
"6x6","6x6-uct-1000","10","44","0.916667","2","2+1","2","1","2","true"
"6x6","6x6-uct-1000","10","45","0.937500","1","1+1+1","3","0","3","false"
"6x6","6x6-uct-1000","10","46","0.958333","2","1+1+1","3","1","2","true"
"6x6","6x6-uct-1000","10","47","0.979167","1","1+1+1","3","1","2","true"
"6x6","6x6-uct-1000","10","48","1.000000","2","1+1+1","3","1","2","true"
"6x6","6x6-uct-1000","11","1","0.020833","1","3","1","3","0","false"
"6x6","6x6-uct-1000","11","2","0.041667","2","1+1+1","3","3","0","false"
"6x6","6x6-uct-1000","11","3","0.062500","1","1+1+1","3","3","0","false"
"6x6","6x6-uct-1000","11","4","0.083333","2","1+1+1","3","2","1","true"
"6x6","6x6-uct-1000","11","5","0.104167","1","2+1","2","2","1","true"
"6x6","6x6-uct-1000","11","6","0.125000","2","1+1+1","3","2","1","true"
"6x6","6x6-uct-1000","11","7","0.145833","1","1+1+1","3","0","3","false"
"6x6","6x6-uct-1000","11","8","0.166667","2","2+1","2","1","2","true"
"6x6","6x6-uct-1000","11","9","0.187500","1","2+1","2","0","3","false"
"6x6","6x6-uct-1000","11","10","0.208333","2","2+1","2","1","2","true"
"6x6","6x6-uct-1000","11","11","0.229167","1","1+1+1","3","1","2","true"
"6x6","6x6-uct-1000","11","12","0.250000","2","1+1+1","3","1","2","true"
"6x6","6x6-uct-1000","11","13","0.270833","1","1+1+1","3","1","2","true"
"6x6","6x6-uct-1000","11","14","0.291667","2","1+1+1","3","1","2","true"
"6x6","6x6-uct-1000","11","15","0.312500","1","1+1+1","3","1","2","true"
"6x6","6x6-uct-1000","11","16","0.333333","2","1+1+1","3","0","3","false"
"6x6","6x6-uct-1000","11","17","0.354167","1","1+1+1","3","2","1","true"
"6x6","6x6-uct-1000","11","18","0.375000","2","2+1","2","1","2","true"
"6x6","6x6-uct-1000","11","19","0.395833","1","3","1","1","2","true"
"6x6","6x6-uct-1000","11","20","0.416667","2","1+1+1","3","1","2","true"
"6x6","6x6-uct-1000","11","21","0.437500","1","2+1","2","1","2","true"
"6x6","6x6-uct-1000","11","22","0.458333","2","1+1+1","3","2","1","true"
"6x6","6x6-uct-1000","11","23","0.479167","1","1+1+1","3","1","2","true"
"6x6","6x6-uct-1000","11","24","0.500000","2","1+1+1","3","2","1","true"
"6x6","6x6-uct-1000","11","25","0.520833","1","1+1+1","3","0","3","false"
"6x6","6x6-uct-1000","11","26","0.541667","2","1+1+1","3","1","2","true"
"6x6","6x6-uct-1000","11","27","0.562500","1","1+1+1","3","2","1","true"
"6x6","6x6-uct-1000","11","28","0.583333","2","2+1","2","2","1","true"
"6x6","6x6-uct-1000","11","29","0.604167","1","1+1+1","3","3","0","false"
"6x6","6x6-uct-1000","11","30","0.625000","2","2+1","2","1","2","true"
"6x6","6x6-uct-1000","11","31","0.645833","1","1+1+1","3","2","1","true"
"6x6","6x6-uct-1000","11","32","0.666667","2","1+1+1","3","0","3","false"
"6x6","6x6-uct-1000","11","33","0.687500","1","1+1+1","3","2","1","true"
"6x6","6x6-uct-1000","11","34","0.708333","2","1+1+1","3","1","2","true"
"6x6","6x6-uct-1000","11","35","0.729167","1","2+1","2","1","2","true"
"6x6","6x6-uct-1000","11","36","0.750000","2","1+1+1","3","0","3","false"
"6x6","6x6-uct-1000","11","37","0.770833","1","2+1","2","0","3","false"
"6x6","6x6-uct-1000","11","38","0.791667","2","1+1+1","3","1","2","true"
"6x6","6x6-uct-1000","11","39","0.812500","1","2+1","2","0","3","false"
"6x6","6x6-uct-1000","11","40","0.833333","2","2+1","2","1","2","true"
"6x6","6x6-uct-1000","11","41","0.854167","1","2+1","2","1","2","true"
"6x6","6x6-uct-1000","11","42","0.875000","2","1+1+1","3","0","3","false"
"6x6","6x6-uct-1000","11","43","0.895833","1","1+1+1","3","0","3","false"
"6x6","6x6-uct-1000","11","44","0.916667","2","2+1","2","1","2","true"
"6x6","6x6-uct-1000","11","45","0.937500","1","1+1+1","3","2","1","true"
"6x6","6x6-uct-1000","11","46","0.958333","2","2+1","2","0","3","false"
"6x6","6x6-uct-1000","11","47","0.979167","1","1+1+1","3","0","3","false"
"6x6","6x6-uct-1000","11","48","1.000000","2","2+1","2","1","2","true"
"6x6","6x6-uct-1000","12","1","0.020833","1","2+1","2","3","0","false"
"6x6","6x6-uct-1000","12","2","0.041667","2","1+1+1","3","3","0","false"
"6x6","6x6-uct-1000","12","3","0.062500","1","1+1+1","3","3","0","false"
"6x6","6x6-uct-1000","12","4","0.083333","2","1+1+1","3","2","1","true"
"6x6","6x6-uct-1000","12","5","0.104167","1","2+1","2","1","2","true"
"6x6","6x6-uct-1000","12","6","0.125000","2","2+1","2","1","2","true"
"6x6","6x6-uct-1000","12","7","0.145833","1","2+1","2","1","2","true"
"6x6","6x6-uct-1000","12","8","0.166667","2","1+1+1","3","2","1","true"
"6x6","6x6-uct-1000","12","9","0.187500","1","2+1","2","1","2","true"
"6x6","6x6-uct-1000","12","10","0.208333","2","2+1","2","2","1","true"
"6x6","6x6-uct-1000","12","11","0.229167","1","1+1+1","3","3","0","false"
"6x6","6x6-uct-1000","12","12","0.250000","2","1+1+1","3","2","1","true"
"6x6","6x6-uct-1000","12","13","0.270833","1","1+1+1","3","0","3","false"
"6x6","6x6-uct-1000","12","14","0.291667","2","2+1","2","2","1","true"
"6x6","6x6-uct-1000","12","15","0.312500","1","1+1+1","3","0","3","false"
"6x6","6x6-uct-1000","12","16","0.333333","2","2+1","2","1","2","true"
"6x6","6x6-uct-1000","12","17","0.354167","1","1+1+1","3","2","1","true"
"6x6","6x6-uct-1000","12","18","0.375000","2","2+1","2","0","3","false"
"6x6","6x6-uct-1000","12","19","0.395833","1","1+1+1","3","1","2","true"
"6x6","6x6-uct-1000","12","20","0.416667","2","1+1+1","3","1","2","true"
"6x6","6x6-uct-1000","12","21","0.437500","1","2+1","2","1","2","true"
"6x6","6x6-uct-1000","12","22","0.458333","2","2+1","2","2","1","true"
"6x6","6x6-uct-1000","12","23","0.479167","1","1+1+1","3","2","1","true"
"6x6","6x6-uct-1000","12","24","0.500000","2","2+1","2","0","3","false"
"6x6","6x6-uct-1000","12","25","0.520833","1","2+1","2","1","2","true"
"6x6","6x6-uct-1000","12","26","0.541667","2","1+1+1","3","1","2","true"
"6x6","6x6-uct-1000","12","27","0.562500","1","1+1+1","3","1","2","true"
"6x6","6x6-uct-1000","12","28","0.583333","2","1+1+1","3","1","2","true"
"6x6","6x6-uct-1000","12","29","0.604167","1","1+1+1","3","0","3","false"
"6x6","6x6-uct-1000","12","30","0.625000","2","2+1","2","1","2","true"
"6x6","6x6-uct-1000","12","31","0.645833","1","1+1+1","3","1","2","true"
"6x6","6x6-uct-1000","12","32","0.666667","2","2+1","2","0","3","false"
"6x6","6x6-uct-1000","12","33","0.687500","1","2+1","2","2","1","true"
"6x6","6x6-uct-1000","12","34","0.708333","2","2+1","2","1","2","true"
"6x6","6x6-uct-1000","12","35","0.729167","1","1+1+1","3","0","3","false"
"6x6","6x6-uct-1000","12","36","0.750000","2","2+1","2","0","3","false"
"6x6","6x6-uct-1000","12","37","0.770833","1","2+1","2","1","2","true"
"6x6","6x6-uct-1000","12","38","0.791667","2","1+1+1","3","1","2","true"
"6x6","6x6-uct-1000","12","39","0.812500","1","1+1+1","3","0","3","false"
"6x6","6x6-uct-1000","12","40","0.833333","2","2+1","2","0","3","false"
"6x6","6x6-uct-1000","12","41","0.854167","1","1+1+1","3","0","3","false"
"6x6","6x6-uct-1000","12","42","0.875000","2","2+1","2","0","3","false"
"6x6","6x6-uct-1000","12","43","0.895833","1","1+1+1","3","0","3","false"
"6x6","6x6-uct-1000","12","44","0.916667","2","1+1+1","3","1","2","true"
"6x6","6x6-uct-1000","12","45","0.937500","1","1+1+1","3","2","1","true"
"6x6","6x6-uct-1000","12","46","0.958333","2","2+1","2","3","0","false"
"6x6","6x6-uct-1000","12","47","0.979167","1","2+1","2","3","0","false"
"6x6","6x6-uct-1000","12","48","1.000000","2","1+1+1","3","2","1","true"
"6x6","6x6-uct-1000","13","1","0.020833","1","2+1","2","3","0","false"
"6x6","6x6-uct-1000","13","2","0.041667","2","1+1+1","3","3","0","false"
"6x6","6x6-uct-1000","13","3","0.062500","1","2+1","2","2","1","true"
"6x6","6x6-uct-1000","13","4","0.083333","2","1+1+1","3","2","1","true"
"6x6","6x6-uct-1000","13","5","0.104167","1","2+1","2","3","0","false"
"6x6","6x6-uct-1000","13","6","0.125000","2","1+1+1","3","2","1","true"
"6x6","6x6-uct-1000","13","7","0.145833","1","2+1","2","0","3","false"
"6x6","6x6-uct-1000","13","8","0.166667","2","1+1+1","3","2","1","true"
"6x6","6x6-uct-1000","13","9","0.187500","1","1+1+1","3","0","3","false"
"6x6","6x6-uct-1000","13","10","0.208333","2","1+1+1","3","2","1","true"
"6x6","6x6-uct-1000","13","11","0.229167","1","2+1","2","1","2","true"
"6x6","6x6-uct-1000","13","12","0.250000","2","2+1","2","1","2","true"
"6x6","6x6-uct-1000","13","13","0.270833","1","1+1+1","3","2","1","true"
"6x6","6x6-uct-1000","13","14","0.291667","2","1+1+1","3","2","1","true"
"6x6","6x6-uct-1000","13","15","0.312500","1","1+1+1","3","3","0","false"
"6x6","6x6-uct-1000","13","16","0.333333","2","2+1","2","1","2","true"
"6x6","6x6-uct-1000","13","17","0.354167","1","2+1","2","2","1","true"
"6x6","6x6-uct-1000","13","18","0.375000","2","1+1+1","3","0","3","false"
"6x6","6x6-uct-1000","13","19","0.395833","1","1+1+1","3","1","2","true"
"6x6","6x6-uct-1000","13","20","0.416667","2","1+1+1","3","1","2","true"
"6x6","6x6-uct-1000","13","21","0.437500","1","1+1+1","3","0","3","false"
"6x6","6x6-uct-1000","13","22","0.458333","2","1+1+1","3","0","3","false"
"6x6","6x6-uct-1000","13","23","0.479167","1","2+1","2","0","3","false"
"6x6","6x6-uct-1000","13","24","0.500000","2","2+1","2","0","3","false"
"6x6","6x6-uct-1000","13","25","0.520833","1","1+1+1","3","0","3","false"
"6x6","6x6-uct-1000","13","26","0.541667","2","2+1","2","1","2","true"
"6x6","6x6-uct-1000","13","27","0.562500","1","1+1+1","3","1","2","true"
"6x6","6x6-uct-1000","13","28","0.583333","2","1+1+1","3","1","2","true"
"6x6","6x6-uct-1000","13","29","0.604167","1","1+1+1","3","1","2","true"
"6x6","6x6-uct-1000","13","30","0.625000","2","1+1+1","3","1","2","true"
"6x6","6x6-uct-1000","13","31","0.645833","1","1+1+1","3","1","2","true"
"6x6","6x6-uct-1000","13","32","0.666667","2","2+1","2","1","2","true"
"6x6","6x6-uct-1000","13","33","0.687500","1","2+1","2","0","3","false"
"6x6","6x6-uct-1000","13","34","0.708333","2","1+1+1","3","3","0","false"
"6x6","6x6-uct-1000","13","35","0.729167","1","2+1","2","1","2","true"
"6x6","6x6-uct-1000","13","36","0.750000","2","1+1+1","3","2","1","true"
"6x6","6x6-uct-1000","13","37","0.770833","1","1+1+1","3","2","1","true"
"6x6","6x6-uct-1000","13","38","0.791667","2","1+1+1","3","2","1","true"
"6x6","6x6-uct-1000","13","39","0.812500","1","2+1","2","2","1","true"
"6x6","6x6-uct-1000","13","40","0.833333","2","1+1+1","3","1","2","true"
"6x6","6x6-uct-1000","13","41","0.854167","1","1+1+1","3","2","1","true"
"6x6","6x6-uct-1000","13","42","0.875000","2","2+1","2","1","2","true"
"6x6","6x6-uct-1000","13","43","0.895833","1","3","1","1","2","true"
"6x6","6x6-uct-1000","13","44","0.916667","2","1+1+1","3","0","3","false"
"6x6","6x6-uct-1000","13","45","0.937500","1","1+1+1","3","1","2","true"
"6x6","6x6-uct-1000","13","46","0.958333","2","2+1","2","0","3","false"
"6x6","6x6-uct-1000","13","47","0.979167","1","2+1","2","1","2","true"
"6x6","6x6-uct-1000","13","48","1.000000","2","1+1+1","3","2","1","true"
"6x6","6x6-uct-1000","14","1","0.020833","1","1+1+1","3","3","0","false"
"6x6","6x6-uct-1000","14","2","0.041667","2","1+1+1","3","3","0","false"
"6x6","6x6-uct-1000","14","3","0.062500","1","3","1","2","1","true"
"6x6","6x6-uct-1000","14","4","0.083333","2","1+1+1","3","3","0","false"
"6x6","6x6-uct-1000","14","5","0.104167","1","1+1+1","3","2","1","true"
"6x6","6x6-uct-1000","14","6","0.125000","2","2+1","2","2","1","true"
"6x6","6x6-uct-1000","14","7","0.145833","1","2+1","2","3","0","false"
"6x6","6x6-uct-1000","14","8","0.166667","2","1+1+1","3","0","3","false"
"6x6","6x6-uct-1000","14","9","0.187500","1","2+1","2","1","2","true"
"6x6","6x6-uct-1000","14","10","0.208333","2","1+1+1","3","1","2","true"
"6x6","6x6-uct-1000","14","11","0.229167","1","1+1+1","3","1","2","true"
"6x6","6x6-uct-1000","14","12","0.250000","2","1+1+1","3","1","2","true"
"6x6","6x6-uct-1000","14","13","0.270833","1","2+1","2","1","2","true"
"6x6","6x6-uct-1000","14","14","0.291667","2","1+1+1","3","3","0","false"
"6x6","6x6-uct-1000","14","15","0.312500","1","1+1+1","3","1","2","true"
"6x6","6x6-uct-1000","14","16","0.333333","2","1+1+1","3","2","1","true"
"6x6","6x6-uct-1000","14","17","0.354167","1","1+1+1","3","1","2","true"
"6x6","6x6-uct-1000","14","18","0.375000","2","2+1","2","2","1","true"
"6x6","6x6-uct-1000","14","19","0.395833","1","3","1","1","2","true"
"6x6","6x6-uct-1000","14","20","0.416667","2","1+1+1","3","0","3","false"
"6x6","6x6-uct-1000","14","21","0.437500","1","1+1+1","3","0","3","false"
"6x6","6x6-uct-1000","14","22","0.458333","2","1+1+1","3","2","1","true"
"6x6","6x6-uct-1000","14","23","0.479167","1","2+1","2","1","2","true"
"6x6","6x6-uct-1000","14","24","0.500000","2","1+1+1","3","0","3","false"
"6x6","6x6-uct-1000","14","25","0.520833","1","1+1+1","3","2","1","true"
"6x6","6x6-uct-1000","14","26","0.541667","2","1+1+1","3","2","1","true"
"6x6","6x6-uct-1000","14","27","0.562500","1","1+1+1","3","1","2","true"
"6x6","6x6-uct-1000","14","28","0.583333","2","2+1","2","0","3","false"
"6x6","6x6-uct-1000","14","29","0.604167","1","1+1+1","3","1","2","true"
"6x6","6x6-uct-1000","14","30","0.625000","2","2+1","2","1","2","true"
"6x6","6x6-uct-1000","14","31","0.645833","1","2+1","2","0","3","false"
"6x6","6x6-uct-1000","14","32","0.666667","2","2+1","2","0","3","false"
"6x6","6x6-uct-1000","14","33","0.687500","1","2+1","2","0","3","false"
"6x6","6x6-uct-1000","14","34","0.708333","2","1+1+1","3","0","3","false"
"6x6","6x6-uct-1000","14","35","0.729167","1","2+1","2","0","3","false"
"6x6","6x6-uct-1000","14","36","0.750000","2","1+1+1","3","1","2","true"
"6x6","6x6-uct-1000","14","37","0.770833","1","2+1","2","1","2","true"
"6x6","6x6-uct-1000","14","38","0.791667","2","2+1","2","0","3","false"
"6x6","6x6-uct-1000","14","39","0.812500","1","2+1","2","1","2","true"
"6x6","6x6-uct-1000","14","40","0.833333","2","1+1+1","3","2","1","true"
"6x6","6x6-uct-1000","14","41","0.854167","1","2+1","2","1","2","true"
"6x6","6x6-uct-1000","14","42","0.875000","2","2+1","2","1","2","true"
"6x6","6x6-uct-1000","14","43","0.895833","1","2+1","2","1","2","true"
"6x6","6x6-uct-1000","14","44","0.916667","2","1+1+1","3","0","3","false"
"6x6","6x6-uct-1000","14","45","0.937500","1","2+1","2","1","2","true"
"6x6","6x6-uct-1000","14","46","0.958333","2","1+1+1","3","1","2","true"
"6x6","6x6-uct-1000","14","47","0.979167","1","2+1","2","2","1","true"
"6x6","6x6-uct-1000","14","48","1.000000","2","1+1+1","3","3","0","false"
"6x6","6x6-uct-1000","15","1","0.020833","1","2+1","2","3","0","false"
"6x6","6x6-uct-1000","15","2","0.041667","2","2+1","2","3","0","false"
"6x6","6x6-uct-1000","15","3","0.062500","1","1+1+1","3","2","1","true"
"6x6","6x6-uct-1000","15","4","0.083333","2","1+1+1","3","2","1","true"
"6x6","6x6-uct-1000","15","5","0.104167","1","2+1","2","3","0","false"
"6x6","6x6-uct-1000","15","6","0.125000","2","2+1","2","3","0","false"
"6x6","6x6-uct-1000","15","7","0.145833","1","1+1+1","3","2","1","true"
"6x6","6x6-uct-1000","15","8","0.166667","2","1+1+1","3","2","1","true"
"6x6","6x6-uct-1000","15","9","0.187500","1","1+1+1","3","1","2","true"
"6x6","6x6-uct-1000","15","10","0.208333","2","1+1+1","3","1","2","true"
"6x6","6x6-uct-1000","15","11","0.229167","1","1+1+1","3","3","0","false"
"6x6","6x6-uct-1000","15","12","0.250000","2","1+1+1","3","2","1","true"
"6x6","6x6-uct-1000","15","13","0.270833","1","1+1+1","3","1","2","true"
"6x6","6x6-uct-1000","15","14","0.291667","2","1+1+1","3","1","2","true"
"6x6","6x6-uct-1000","15","15","0.312500","1","1+1+1","3","1","2","true"
"6x6","6x6-uct-1000","15","16","0.333333","2","2+1","2","3","0","false"
"6x6","6x6-uct-1000","15","17","0.354167","1","1+1+1","3","1","2","true"
"6x6","6x6-uct-1000","15","18","0.375000","2","2+1","2","2","1","true"
"6x6","6x6-uct-1000","15","19","0.395833","1","2+1","2","2","1","true"
"6x6","6x6-uct-1000","15","20","0.416667","2","2+1","2","1","2","true"
"6x6","6x6-uct-1000","15","21","0.437500","1","2+1","2","1","2","true"
"6x6","6x6-uct-1000","15","22","0.458333","2","1+1+1","3","1","2","true"
"6x6","6x6-uct-1000","15","23","0.479167","1","1+1+1","3","1","2","true"
"6x6","6x6-uct-1000","15","24","0.500000","2","1+1+1","3","2","1","true"
"6x6","6x6-uct-1000","15","25","0.520833","1","2+1","2","2","1","true"
"6x6","6x6-uct-1000","15","26","0.541667","2","1+1+1","3","1","2","true"
"6x6","6x6-uct-1000","15","27","0.562500","1","2+1","2","0","3","false"
"6x6","6x6-uct-1000","15","28","0.583333","2","1+1+1","3","0","3","false"
"6x6","6x6-uct-1000","15","29","0.604167","1","1+1+1","3","2","1","true"
"6x6","6x6-uct-1000","15","30","0.625000","2","2+1","2","1","2","true"
"6x6","6x6-uct-1000","15","31","0.645833","1","2+1","2","2","1","true"
"6x6","6x6-uct-1000","15","32","0.666667","2","2+1","2","1","2","true"
"6x6","6x6-uct-1000","15","33","0.687500","1","3","1","0","3","false"
"6x6","6x6-uct-1000","15","34","0.708333","2","1+1+1","3","1","2","true"
"6x6","6x6-uct-1000","15","35","0.729167","1","1+1+1","3","1","2","true"
"6x6","6x6-uct-1000","15","36","0.750000","2","2+1","2","0","3","false"
"6x6","6x6-uct-1000","15","37","0.770833","1","1+1+1","3","2","1","true"
"6x6","6x6-uct-1000","15","38","0.791667","2","1+1+1","3","1","2","true"
"6x6","6x6-uct-1000","15","39","0.812500","1","1+1+1","3","0","3","false"
"6x6","6x6-uct-1000","15","40","0.833333","2","1+1+1","3","1","2","true"
"6x6","6x6-uct-1000","15","41","0.854167","1","1+1+1","3","0","3","false"
"6x6","6x6-uct-1000","15","42","0.875000","2","1+1+1","3","1","2","true"
"6x6","6x6-uct-1000","15","43","0.895833","1","1+1+1","3","2","1","true"
"6x6","6x6-uct-1000","15","44","0.916667","2","2+1","2","0","3","false"
"6x6","6x6-uct-1000","15","45","0.937500","1","1+1+1","3","1","2","true"
"6x6","6x6-uct-1000","15","46","0.958333","2","1+1+1","3","2","1","true"
"6x6","6x6-uct-1000","15","47","0.979167","1","1+1+1","3","2","1","true"
"6x6","6x6-uct-1000","15","48","1.000000","2","2+1","2","1","2","true"
"6x6","6x6-uct-1000","16","1","0.020833","1","1+1+1","3","3","0","false"
"6x6","6x6-uct-1000","16","2","0.041667","2","1+1+1","3","3","0","false"
"6x6","6x6-uct-1000","16","3","0.062500","1","1+1+1","3","2","1","true"
"6x6","6x6-uct-1000","16","4","0.083333","2","1+1+1","3","2","1","true"
"6x6","6x6-uct-1000","16","5","0.104167","1","2+1","2","2","1","true"
"6x6","6x6-uct-1000","16","6","0.125000","2","1+1+1","3","1","2","true"
"6x6","6x6-uct-1000","16","7","0.145833","1","1+1+1","3","1","2","true"
"6x6","6x6-uct-1000","16","8","0.166667","2","1+1+1","3","1","2","true"
"6x6","6x6-uct-1000","16","9","0.187500","1","1+1+1","3","1","2","true"
"6x6","6x6-uct-1000","16","10","0.208333","2","1+1+1","3","0","3","false"
"6x6","6x6-uct-1000","16","11","0.229167","1","1+1+1","3","2","1","true"
"6x6","6x6-uct-1000","16","12","0.250000","2","1+1+1","3","1","2","true"
"6x6","6x6-uct-1000","16","13","0.270833","1","2+1","2","2","1","true"
"6x6","6x6-uct-1000","16","14","0.291667","2","1+1+1","3","2","1","true"
"6x6","6x6-uct-1000","16","15","0.312500","1","1+1+1","3","1","2","true"
"6x6","6x6-uct-1000","16","16","0.333333","2","1+1+1","3","1","2","true"
"6x6","6x6-uct-1000","16","17","0.354167","1","2+1","2","2","1","true"
"6x6","6x6-uct-1000","16","18","0.375000","2","1+1+1","3","1","2","true"
"6x6","6x6-uct-1000","16","19","0.395833","1","1+1+1","3","0","3","false"
"6x6","6x6-uct-1000","16","20","0.416667","2","2+1","2","1","2","true"
"6x6","6x6-uct-1000","16","21","0.437500","1","1+1+1","3","2","1","true"
"6x6","6x6-uct-1000","16","22","0.458333","2","1+1+1","3","1","2","true"
"6x6","6x6-uct-1000","16","23","0.479167","1","1+1+1","3","0","3","false"
"6x6","6x6-uct-1000","16","24","0.500000","2","2+1","2","0","3","false"
"6x6","6x6-uct-1000","16","25","0.520833","1","1+1+1","3","0","3","false"
"6x6","6x6-uct-1000","16","26","0.541667","2","1+1+1","3","1","2","true"
"6x6","6x6-uct-1000","16","27","0.562500","1","1+1+1","3","1","2","true"
"6x6","6x6-uct-1000","16","28","0.583333","2","2+1","2","2","1","true"
"6x6","6x6-uct-1000","16","29","0.604167","1","1+1+1","3","0","3","false"
"6x6","6x6-uct-1000","16","30","0.625000","2","1+1+1","3","1","2","true"
"6x6","6x6-uct-1000","16","31","0.645833","1","1+1+1","3","2","1","true"
"6x6","6x6-uct-1000","16","32","0.666667","2","1+1+1","3","3","0","false"
"6x6","6x6-uct-1000","16","33","0.687500","1","1+1+1","3","1","2","true"
"6x6","6x6-uct-1000","16","34","0.708333","2","2+1","2","0","3","false"
"6x6","6x6-uct-1000","16","35","0.729167","1","1+1+1","3","1","2","true"
"6x6","6x6-uct-1000","16","36","0.750000","2","1+1+1","3","2","1","true"
"6x6","6x6-uct-1000","16","37","0.770833","1","1+1+1","3","0","3","false"
"6x6","6x6-uct-1000","16","38","0.791667","2","3","1","0","3","false"
"6x6","6x6-uct-1000","16","39","0.812500","1","1+1+1","3","0","3","false"
"6x6","6x6-uct-1000","16","40","0.833333","2","2+1","2","1","2","true"
"6x6","6x6-uct-1000","16","41","0.854167","1","2+1","2","2","1","true"
"6x6","6x6-uct-1000","16","42","0.875000","2","1+1+1","3","3","0","false"
"6x6","6x6-uct-1000","16","43","0.895833","1","2+1","2","2","1","true"
"6x6","6x6-uct-1000","16","44","0.916667","2","1+1+1","3","2","1","true"
"6x6","6x6-uct-1000","16","45","0.937500","1","1+1+1","3","0","3","false"
"6x6","6x6-uct-1000","16","46","0.958333","2","2+1","2","0","3","false"
"6x6","6x6-uct-1000","16","47","0.979167","1","1+1+1","3","1","2","true"
"6x6","6x6-uct-1000","16","48","1.000000","2","1+1+1","3","2","1","true"
"6x6","6x6-uct-1000","17","1","0.020833","1","1+1+1","3","3","0","false"
"6x6","6x6-uct-1000","17","2","0.041667","2","2+1","2","3","0","false"
"6x6","6x6-uct-1000","17","3","0.062500","1","1+1+1","3","2","1","true"
"6x6","6x6-uct-1000","17","4","0.083333","2","1+1+1","3","3","0","false"
"6x6","6x6-uct-1000","17","5","0.104167","1","1+1+1","3","2","1","true"
"6x6","6x6-uct-1000","17","6","0.125000","2","1+1+1","3","1","2","true"
"6x6","6x6-uct-1000","17","7","0.145833","1","1+1+1","3","3","0","false"
"6x6","6x6-uct-1000","17","8","0.166667","2","1+1+1","3","2","1","true"
"6x6","6x6-uct-1000","17","9","0.187500","1","2+1","2","2","1","true"
"6x6","6x6-uct-1000","17","10","0.208333","2","1+1+1","3","2","1","true"
"6x6","6x6-uct-1000","17","11","0.229167","1","2+1","2","0","3","false"
"6x6","6x6-uct-1000","17","12","0.250000","2","1+1+1","3","1","2","true"
"6x6","6x6-uct-1000","17","13","0.270833","1","1+1+1","3","2","1","true"
"6x6","6x6-uct-1000","17","14","0.291667","2","1+1+1","3","1","2","true"
"6x6","6x6-uct-1000","17","15","0.312500","1","2+1","2","1","2","true"
"6x6","6x6-uct-1000","17","16","0.333333","2","2+1","2","0","3","false"
"6x6","6x6-uct-1000","17","17","0.354167","1","2+1","2","0","3","false"
"6x6","6x6-uct-1000","17","18","0.375000","2","1+1+1","3","0","3","false"
"6x6","6x6-uct-1000","17","19","0.395833","1","1+1+1","3","1","2","true"
"6x6","6x6-uct-1000","17","20","0.416667","2","1+1+1","3","0","3","false"
"6x6","6x6-uct-1000","17","21","0.437500","1","2+1","2","1","2","true"
"6x6","6x6-uct-1000","17","22","0.458333","2","1+1+1","3","2","1","true"
"6x6","6x6-uct-1000","17","23","0.479167","1","3","1","2","1","true"
"6x6","6x6-uct-1000","17","24","0.500000","2","1+1+1","3","2","1","true"
"6x6","6x6-uct-1000","17","25","0.520833","1","1+1+1","3","2","1","true"
"6x6","6x6-uct-1000","17","26","0.541667","2","1+1+1","3","1","2","true"
"6x6","6x6-uct-1000","17","27","0.562500","1","1+1+1","3","1","2","true"
"6x6","6x6-uct-1000","17","28","0.583333","2","2+1","2","1","2","true"
"6x6","6x6-uct-1000","17","29","0.604167","1","2+1","2","1","2","true"
"6x6","6x6-uct-1000","17","30","0.625000","2","1+1+1","3","1","2","true"
"6x6","6x6-uct-1000","17","31","0.645833","1","1+1+1","3","1","2","true"
"6x6","6x6-uct-1000","17","32","0.666667","2","2+1","2","0","3","false"
"6x6","6x6-uct-1000","17","33","0.687500","1","2+1","2","1","2","true"
"6x6","6x6-uct-1000","17","34","0.708333","2","1+1+1","3","1","2","true"
"6x6","6x6-uct-1000","17","35","0.729167","1","2+1","2","1","2","true"
"6x6","6x6-uct-1000","17","36","0.750000","2","1+1+1","3","0","3","false"
"6x6","6x6-uct-1000","17","37","0.770833","1","2+1","2","1","2","true"
"6x6","6x6-uct-1000","17","38","0.791667","2","2+1","2","3","0","false"
"6x6","6x6-uct-1000","17","39","0.812500","1","1+1+1","3","2","1","true"
"6x6","6x6-uct-1000","17","40","0.833333","2","2+1","2","1","2","true"
"6x6","6x6-uct-1000","17","41","0.854167","1","2+1","2","2","1","true"
"6x6","6x6-uct-1000","17","42","0.875000","2","1+1+1","3","2","1","true"
"6x6","6x6-uct-1000","17","43","0.895833","1","2+1","2","0","3","false"
"6x6","6x6-uct-1000","17","44","0.916667","2","2+1","2","1","2","true"
"6x6","6x6-uct-1000","17","45","0.937500","1","1+1+1","3","2","1","true"
"6x6","6x6-uct-1000","17","46","0.958333","2","1+1+1","3","2","1","true"
"6x6","6x6-uct-1000","17","47","0.979167","1","1+1+1","3","2","1","true"
"6x6","6x6-uct-1000","17","48","1.000000","2","1+1+1","3","2","1","true"
"6x6","6x6-uct-1000","18","1","0.020833","1","1+1+1","3","3","0","false"
"6x6","6x6-uct-1000","18","2","0.041667","2","1+1+1","3","3","0","false"
"6x6","6x6-uct-1000","18","3","0.062500","1","1+1+1","3","2","1","true"
"6x6","6x6-uct-1000","18","4","0.083333","2","1+1+1","3","2","1","true"
"6x6","6x6-uct-1000","18","5","0.104167","1","1+1+1","3","2","1","true"
"6x6","6x6-uct-1000","18","6","0.125000","2","1+1+1","3","1","2","true"
"6x6","6x6-uct-1000","18","7","0.145833","1","1+1+1","3","0","3","false"
"6x6","6x6-uct-1000","18","8","0.166667","2","1+1+1","3","1","2","true"
"6x6","6x6-uct-1000","18","9","0.187500","1","1+1+1","3","1","2","true"
"6x6","6x6-uct-1000","18","10","0.208333","2","1+1+1","3","2","1","true"
"6x6","6x6-uct-1000","18","11","0.229167","1","1+1+1","3","2","1","true"
"6x6","6x6-uct-1000","18","12","0.250000","2","2+1","2","1","2","true"
"6x6","6x6-uct-1000","18","13","0.270833","1","1+1+1","3","1","2","true"
"6x6","6x6-uct-1000","18","14","0.291667","2","3","1","1","2","true"
"6x6","6x6-uct-1000","18","15","0.312500","1","2+1","2","0","3","false"
"6x6","6x6-uct-1000","18","16","0.333333","2","2+1","2","2","1","true"
"6x6","6x6-uct-1000","18","17","0.354167","1","2+1","2","1","2","true"
"6x6","6x6-uct-1000","18","18","0.375000","2","1+1+1","3","0","3","false"
"6x6","6x6-uct-1000","18","19","0.395833","1","2+1","2","1","2","true"
"6x6","6x6-uct-1000","18","20","0.416667","2","1+1+1","3","2","1","true"
"6x6","6x6-uct-1000","18","21","0.437500","1","1+1+1","3","0","3","false"
"6x6","6x6-uct-1000","18","22","0.458333","2","2+1","2","0","3","false"
"6x6","6x6-uct-1000","18","23","0.479167","1","2+1","2","1","2","true"
"6x6","6x6-uct-1000","18","24","0.500000","2","1+1+1","3","2","1","true"
"6x6","6x6-uct-1000","18","25","0.520833","1","1+1+1","3","1","2","true"
"6x6","6x6-uct-1000","18","26","0.541667","2","1+1+1","3","0","3","false"
"6x6","6x6-uct-1000","18","27","0.562500","1","1+1+1","3","1","2","true"
"6x6","6x6-uct-1000","18","28","0.583333","2","2+1","2","2","1","true"
"6x6","6x6-uct-1000","18","29","0.604167","1","1+1+1","3","3","0","false"
"6x6","6x6-uct-1000","18","30","0.625000","2","2+1","2","0","3","false"
"6x6","6x6-uct-1000","18","31","0.645833","1","1+1+1","3","1","2","true"
"6x6","6x6-uct-1000","18","32","0.666667","2","2+1","2","1","2","true"
"6x6","6x6-uct-1000","18","33","0.687500","1","1+1+1","3","1","2","true"
"6x6","6x6-uct-1000","18","34","0.708333","2","1+1+1","3","0","3","false"
"6x6","6x6-uct-1000","18","35","0.729167","1","2+1","2","1","2","true"
"6x6","6x6-uct-1000","18","36","0.750000","2","2+1","2","0","3","false"
"6x6","6x6-uct-1000","18","37","0.770833","1","2+1","2","0","3","false"
"6x6","6x6-uct-1000","18","38","0.791667","2","1+1+1","3","0","3","false"
"6x6","6x6-uct-1000","18","39","0.812500","1","2+1","2","1","2","true"
"6x6","6x6-uct-1000","18","40","0.833333","2","1+1+1","3","1","2","true"
"6x6","6x6-uct-1000","18","41","0.854167","1","2+1","2","0","3","false"
"6x6","6x6-uct-1000","18","42","0.875000","2","2+1","2","0","3","false"
"6x6","6x6-uct-1000","18","43","0.895833","1","2+1","2","1","2","true"
"6x6","6x6-uct-1000","18","44","0.916667","2","1+1+1","3","0","3","false"
"6x6","6x6-uct-1000","18","45","0.937500","1","1+1+1","3","0","3","false"
"6x6","6x6-uct-1000","18","46","0.958333","2","1+1+1","3","1","2","true"
"6x6","6x6-uct-1000","18","47","0.979167","1","1+1+1","3","2","1","true"
"6x6","6x6-uct-1000","18","48","1.000000","2","2+1","2","3","0","false"
"6x6","6x6-uct-1000","19","1","0.020833","1","1+1+1","3","3","0","false"
"6x6","6x6-uct-1000","19","2","0.041667","2","1+1+1","3","3","0","false"
"6x6","6x6-uct-1000","19","3","0.062500","1","1+1+1","3","3","0","false"
"6x6","6x6-uct-1000","19","4","0.083333","2","1+1+1","3","3","0","false"
"6x6","6x6-uct-1000","19","5","0.104167","1","2+1","2","3","0","false"
"6x6","6x6-uct-1000","19","6","0.125000","2","1+1+1","3","2","1","true"
"6x6","6x6-uct-1000","19","7","0.145833","1","2+1","2","3","0","false"
"6x6","6x6-uct-1000","19","8","0.166667","2","1+1+1","3","2","1","true"
"6x6","6x6-uct-1000","19","9","0.187500","1","2+1","2","1","2","true"
"6x6","6x6-uct-1000","19","10","0.208333","2","1+1+1","3","1","2","true"
"6x6","6x6-uct-1000","19","11","0.229167","1","2+1","2","2","1","true"
"6x6","6x6-uct-1000","19","12","0.250000","2","1+1+1","3","2","1","true"
"6x6","6x6-uct-1000","19","13","0.270833","1","1+1+1","3","0","3","false"
"6x6","6x6-uct-1000","19","14","0.291667","2","2+1","2","3","0","false"
"6x6","6x6-uct-1000","19","15","0.312500","1","1+1+1","3","1","2","true"
"6x6","6x6-uct-1000","19","16","0.333333","2","2+1","2","1","2","true"
"6x6","6x6-uct-1000","19","17","0.354167","1","2+1","2","2","1","true"
"6x6","6x6-uct-1000","19","18","0.375000","2","1+1+1","3","1","2","true"
"6x6","6x6-uct-1000","19","19","0.395833","1","1+1+1","3","2","1","true"
"6x6","6x6-uct-1000","19","20","0.416667","2","1+1+1","3","2","1","true"
"6x6","6x6-uct-1000","19","21","0.437500","1","2+1","2","2","1","true"
"6x6","6x6-uct-1000","19","22","0.458333","2","1+1+1","3","2","1","true"
"6x6","6x6-uct-1000","19","23","0.479167","1","1+1+1","3","2","1","true"
"6x6","6x6-uct-1000","19","24","0.500000","2","1+1+1","3","1","2","true"
"6x6","6x6-uct-1000","19","25","0.520833","1","2+1","2","2","1","true"
"6x6","6x6-uct-1000","19","26","0.541667","2","1+1+1","3","0","3","false"
"6x6","6x6-uct-1000","19","27","0.562500","1","1+1+1","3","0","3","false"
"6x6","6x6-uct-1000","19","28","0.583333","2","1+1+1","3","2","1","true"
"6x6","6x6-uct-1000","19","29","0.604167","1","1+1+1","3","1","2","true"
"6x6","6x6-uct-1000","19","30","0.625000","2","1+1+1","3","1","2","true"
"6x6","6x6-uct-1000","19","31","0.645833","1","1+1+1","3","2","1","true"
"6x6","6x6-uct-1000","19","32","0.666667","2","1+1+1","3","0","3","false"
"6x6","6x6-uct-1000","19","33","0.687500","1","2+1","2","0","3","false"
"6x6","6x6-uct-1000","19","34","0.708333","2","1+1+1","3","0","3","false"
"6x6","6x6-uct-1000","19","35","0.729167","1","1+1+1","3","1","2","true"
"6x6","6x6-uct-1000","19","36","0.750000","2","1+1+1","3","1","2","true"
"6x6","6x6-uct-1000","19","37","0.770833","1","1+1+1","3","2","1","true"
"6x6","6x6-uct-1000","19","38","0.791667","2","1+1+1","3","2","1","true"
"6x6","6x6-uct-1000","19","39","0.812500","1","3","1","2","1","true"
"6x6","6x6-uct-1000","19","40","0.833333","2","1+1+1","3","2","1","true"
"6x6","6x6-uct-1000","19","41","0.854167","1","1+1+1","3","0","3","false"
"6x6","6x6-uct-1000","19","42","0.875000","2","2+1","2","1","2","true"
"6x6","6x6-uct-1000","19","43","0.895833","1","1+1+1","3","0","3","false"
"6x6","6x6-uct-1000","19","44","0.916667","2","3","1","0","3","false"
"6x6","6x6-uct-1000","19","45","0.937500","1","2+1","2","1","2","true"
"6x6","6x6-uct-1000","19","46","0.958333","2","2+1","2","0","3","false"
"6x6","6x6-uct-1000","19","47","0.979167","1","2+1","2","1","2","true"
"6x6","6x6-uct-1000","19","48","1.000000","2","2+1","2","2","1","true"
"6x6","6x6-uct-1000","20","1","0.020833","1","1+1+1","3","3","0","false"
"6x6","6x6-uct-1000","20","2","0.041667","2","1+1+1","3","3","0","false"
"6x6","6x6-uct-1000","20","3","0.062500","1","1+1+1","3","3","0","false"
"6x6","6x6-uct-1000","20","4","0.083333","2","1+1+1","3","3","0","false"
"6x6","6x6-uct-1000","20","5","0.104167","1","1+1+1","3","2","1","true"
"6x6","6x6-uct-1000","20","6","0.125000","2","1+1+1","3","2","1","true"
"6x6","6x6-uct-1000","20","7","0.145833","1","1+1+1","3","2","1","true"
"6x6","6x6-uct-1000","20","8","0.166667","2","2+1","2","3","0","false"
"6x6","6x6-uct-1000","20","9","0.187500","1","2+1","2","2","1","true"
"6x6","6x6-uct-1000","20","10","0.208333","2","1+1+1","3","0","3","false"
"6x6","6x6-uct-1000","20","11","0.229167","1","2+1","2","2","1","true"
"6x6","6x6-uct-1000","20","12","0.250000","2","3","1","1","2","true"
"6x6","6x6-uct-1000","20","13","0.270833","1","2+1","2","1","2","true"
"6x6","6x6-uct-1000","20","14","0.291667","2","1+1+1","3","0","3","false"
"6x6","6x6-uct-1000","20","15","0.312500","1","1+1+1","3","1","2","true"
"6x6","6x6-uct-1000","20","16","0.333333","2","1+1+1","3","1","2","true"
"6x6","6x6-uct-1000","20","17","0.354167","1","1+1+1","3","1","2","true"
"6x6","6x6-uct-1000","20","18","0.375000","2","1+1+1","3","0","3","false"
"6x6","6x6-uct-1000","20","19","0.395833","1","2+1","2","2","1","true"
"6x6","6x6-uct-1000","20","20","0.416667","2","1+1+1","3","2","1","true"
"6x6","6x6-uct-1000","20","21","0.437500","1","1+1+1","3","2","1","true"
"6x6","6x6-uct-1000","20","22","0.458333","2","1+1+1","3","2","1","true"
"6x6","6x6-uct-1000","20","23","0.479167","1","1+1+1","3","1","2","true"
"6x6","6x6-uct-1000","20","24","0.500000","2","1+1+1","3","1","2","true"
"6x6","6x6-uct-1000","20","25","0.520833","1","1+1+1","3","0","3","false"
"6x6","6x6-uct-1000","20","26","0.541667","2","1+1+1","3","1","2","true"
"6x6","6x6-uct-1000","20","27","0.562500","1","1+1+1","3","1","2","true"
"6x6","6x6-uct-1000","20","28","0.583333","2","1+1+1","3","1","2","true"
"6x6","6x6-uct-1000","20","29","0.604167","1","1+1+1","3","1","2","true"
"6x6","6x6-uct-1000","20","30","0.625000","2","1+1+1","3","0","3","false"
"6x6","6x6-uct-1000","20","31","0.645833","1","1+1+1","3","1","2","true"
"6x6","6x6-uct-1000","20","32","0.666667","2","1+1+1","3","0","3","false"
"6x6","6x6-uct-1000","20","33","0.687500","1","1+1+1","3","1","2","true"
"6x6","6x6-uct-1000","20","34","0.708333","2","1+1+1","3","1","2","true"
"6x6","6x6-uct-1000","20","35","0.729167","1","1+1+1","3","0","3","false"
"6x6","6x6-uct-1000","20","36","0.750000","2","1+1+1","3","2","1","true"
"6x6","6x6-uct-1000","20","37","0.770833","1","1+1+1","3","1","2","true"
"6x6","6x6-uct-1000","20","38","0.791667","2","2+1","2","2","1","true"
"6x6","6x6-uct-1000","20","39","0.812500","1","1+1+1","3","1","2","true"
"6x6","6x6-uct-1000","20","40","0.833333","2","1+1+1","3","2","1","true"
"6x6","6x6-uct-1000","20","41","0.854167","1","2+1","2","0","3","false"
"6x6","6x6-uct-1000","20","42","0.875000","2","1+1+1","3","0","3","false"
"6x6","6x6-uct-1000","20","43","0.895833","1","2+1","2","0","3","false"
"6x6","6x6-uct-1000","20","44","0.916667","2","2+1","2","0","3","false"
"6x6","6x6-uct-1000","20","45","0.937500","1","2+1","2","1","2","true"
"6x6","6x6-uct-1000","20","46","0.958333","2","2+1","2","0","3","false"
"6x6","6x6-uct-1000","20","47","0.979167","1","1+1+1","3","0","3","false"
"6x6","6x6-uct-1000","20","48","1.000000","2","1+1+1","3","1","2","true"
