[2026-09-07T10:43:16.684+0900][0.007s][info][gc,init] CardTable entry size: 512
[2026-09-07T10:43:16.684+0900][0.007s][info][gc     ] Using G1
[2026-09-07T10:43:16.684+0900][0.007s][info][gc,init] Version: 21.0.12+8-LTS (release)
[2026-09-07T10:43:16.684+0900][0.007s][info][gc,init] CPUs: 10 total, 10 available
[2026-09-07T10:43:16.684+0900][0.007s][info][gc,init] Memory: 16384M
[2026-09-07T10:43:16.684+0900][0.007s][info][gc,init] Large Page Support: Disabled
[2026-09-07T10:43:16.684+0900][0.007s][info][gc,init] NUMA Support: Disabled
[2026-09-07T10:43:16.684+0900][0.007s][info][gc,init] Compressed Oops: Enabled (Zero based)
[2026-09-07T10:43:16.684+0900][0.007s][info][gc,init] Heap Region Size: 2M
[2026-09-07T10:43:16.684+0900][0.007s][info][gc,init] Heap Min Capacity: 8M
[2026-09-07T10:43:16.684+0900][0.007s][info][gc,init] Heap Initial Capacity: 256M
[2026-09-07T10:43:16.684+0900][0.007s][info][gc,init] Heap Max Capacity: 4G
[2026-09-07T10:43:16.684+0900][0.007s][info][gc,init] Pre-touch: Disabled
[2026-09-07T10:43:16.684+0900][0.007s][info][gc,init] Parallel Workers: 9
[2026-09-07T10:43:16.684+0900][0.007s][info][gc,init] Concurrent Workers: 2
[2026-09-07T10:43:16.684+0900][0.007s][info][gc,init] Concurrent Refinement Workers: 9
[2026-09-07T10:43:16.684+0900][0.007s][info][gc,init] Periodic GC: Disabled
[2026-09-07T10:43:16.687+0900][0.010s][info][gc,metaspace] CDS archive(s) mapped at: [0x000000d000000000-0x000000d000c94000-0x000000d000c94000), size 13189120, SharedBaseAddress: 0x000000d000000000, ArchiveRelocationMode: 1.
[2026-09-07T10:43:16.687+0900][0.010s][info][gc,metaspace] Compressed class space mapped at: 0x000000d001000000-0x000000d041000000, reserved size: 1073741824
[2026-09-07T10:43:16.687+0900][0.010s][info][gc,metaspace] Narrow klass base: 0x000000d000000000, Narrow klass shift: 0, Narrow klass range: 0x100000000
[2026-09-07T10:43:16.746+0900][0.069s][info][safepoint   ] Safepoint "ICBufferFull", Time since last: 57629292 ns, Reaching safepoint: 1416 ns, Cleanup: 34250 ns, At safepoint: 167 ns, Leaving safepoint: 1125 ns, Total: 36958 ns
[2026-09-07T10:43:16.818+0900][0.141s][info][safepoint   ] Safepoint "ICBufferFull", Time since last: 72177417 ns, Reaching safepoint: 1125 ns, Cleanup: 41083 ns, At safepoint: 375 ns, Leaving safepoint: 1333 ns, Total: 43916 ns
[2026-09-07T10:43:16.849+0900][0.172s][info][gc,start    ] GC(0) Pause Young (Normal) (G1 Evacuation Pause)
[2026-09-07T10:43:16.849+0900][0.172s][info][gc,task     ] GC(0) Using 6 workers of 9 for evacuation
[2026-09-07T10:43:16.851+0900][0.174s][info][gc,phases   ] GC(0)   Pre Evacuate Collection Set: 0.04ms
[2026-09-07T10:43:16.851+0900][0.174s][info][gc,phases   ] GC(0)   Merge Heap Roots: 0.03ms
[2026-09-07T10:43:16.851+0900][0.174s][info][gc,phases   ] GC(0)   Evacuate Collection Set: 1.24ms
[2026-09-07T10:43:16.851+0900][0.174s][info][gc,phases   ] GC(0)   Post Evacuate Collection Set: 0.17ms
[2026-09-07T10:43:16.851+0900][0.174s][info][gc,phases   ] GC(0)   Other: 0.13ms
[2026-09-07T10:43:16.851+0900][0.174s][info][gc,heap     ] GC(0) Eden regions: 11->0(17)
[2026-09-07T10:43:16.851+0900][0.174s][info][gc,heap     ] GC(0) Survivor regions: 0->2(2)
[2026-09-07T10:43:16.851+0900][0.174s][info][gc,heap     ] GC(0) Old regions: 1->2
[2026-09-07T10:43:16.851+0900][0.174s][info][gc,heap     ] GC(0) Humongous regions: 2->2
[2026-09-07T10:43:16.851+0900][0.174s][info][gc,metaspace] GC(0) Metaspace: 9230K(9408K)->9230K(9408K) NonClass: 8178K(8320K)->8178K(8320K) Class: 1051K(1088K)->1051K(1088K)
[2026-09-07T10:43:16.851+0900][0.174s][info][gc          ] GC(0) Pause Young (Normal) (G1 Evacuation Pause) 27M->10M(258M) 1.745ms
[2026-09-07T10:43:16.851+0900][0.174s][info][gc,cpu      ] GC(0) User=0.00s Sys=0.00s Real=0.01s
[2026-09-07T10:43:16.851+0900][0.174s][info][safepoint   ] Safepoint "G1CollectForAllocation", Time since last: 31065459 ns, Reaching safepoint: 22541 ns, Cleanup: 31042 ns, At safepoint: 1762500 ns, Leaving safepoint: 3375 ns, Total: 1819458 ns
[2026-09-07T10:43:16.871+0900][0.194s][info][safepoint   ] Safepoint "ICBufferFull", Time since last: 19689000 ns, Reaching safepoint: 1500 ns, Cleanup: 30000 ns, At safepoint: 375 ns, Leaving safepoint: 292 ns, Total: 32167 ns
[2026-09-07T10:43:16.885+0900][0.208s][info][safepoint   ] Safepoint "ICBufferFull", Time since last: 14797458 ns, Reaching safepoint: 20875 ns, Cleanup: 35292 ns, At safepoint: 416 ns, Leaving safepoint: 1209 ns, Total: 57792 ns
[2026-09-07T10:43:16.900+0900][0.223s][info][safepoint   ] Safepoint "ICBufferFull", Time since last: 14883833 ns, Reaching safepoint: 1958 ns, Cleanup: 61084 ns, At safepoint: 791 ns, Leaving safepoint: 2167 ns, Total: 66000 ns
[2026-09-07T10:43:16.911+0900][0.234s][info][safepoint   ] Safepoint "ICBufferFull", Time since last: 10199375 ns, Reaching safepoint: 1250 ns, Cleanup: 33583 ns, At safepoint: 334 ns, Leaving safepoint: 1000 ns, Total: 36167 ns
[2026-09-07T10:43:16.919+0900][0.242s][info][safepoint   ] Safepoint "ICBufferFull", Time since last: 7917458 ns, Reaching safepoint: 1208 ns, Cleanup: 50792 ns, At safepoint: 250 ns, Leaving safepoint: 1625 ns, Total: 53875 ns
[2026-09-07T10:43:16.929+0900][0.252s][info][safepoint   ] Safepoint "ICBufferFull", Time since last: 10498375 ns, Reaching safepoint: 21292 ns, Cleanup: 38375 ns, At safepoint: 166 ns, Leaving safepoint: 2667 ns, Total: 62500 ns
[2026-09-07T10:43:16.971+0900][0.294s][info][gc,start    ] GC(1) Pause Young (Normal) (G1 Evacuation Pause)
[2026-09-07T10:43:16.971+0900][0.294s][info][gc,task     ] GC(1) Using 6 workers of 9 for evacuation
[2026-09-07T10:43:16.973+0900][0.296s][info][gc,phases   ] GC(1)   Pre Evacuate Collection Set: 0.05ms
[2026-09-07T10:43:16.973+0900][0.296s][info][gc,phases   ] GC(1)   Merge Heap Roots: 0.03ms
[2026-09-07T10:43:16.973+0900][0.296s][info][gc,phases   ] GC(1)   Evacuate Collection Set: 1.97ms
[2026-09-07T10:43:16.973+0900][0.296s][info][gc,phases   ] GC(1)   Post Evacuate Collection Set: 0.15ms
[2026-09-07T10:43:16.973+0900][0.296s][info][gc,phases   ] GC(1)   Other: 0.03ms
[2026-09-07T10:43:16.973+0900][0.296s][info][gc,heap     ] GC(1) Eden regions: 17->0(34)
[2026-09-07T10:43:16.973+0900][0.296s][info][gc,heap     ] GC(1) Survivor regions: 2->2(3)
[2026-09-07T10:43:16.973+0900][0.296s][info][gc,heap     ] GC(1) Old regions: 2->4
[2026-09-07T10:43:16.973+0900][0.296s][info][gc,heap     ] GC(1) Humongous regions: 2->2
[2026-09-07T10:43:16.973+0900][0.296s][info][gc,metaspace] GC(1) Metaspace: 11373K(11712K)->11373K(11712K) NonClass: 10062K(10240K)->10062K(10240K) Class: 1310K(1472K)->1310K(1472K)
[2026-09-07T10:43:16.973+0900][0.296s][info][gc          ] GC(1) Pause Young (Normal) (G1 Evacuation Pause) 44M->14M(258M) 2.331ms
[2026-09-07T10:43:16.973+0900][0.296s][info][gc,cpu      ] GC(1) User=0.01s Sys=0.00s Real=0.00s
[2026-09-07T10:43:16.973+0900][0.296s][info][safepoint   ] Safepoint "G1CollectForAllocation", Time since last: 41464958 ns, Reaching safepoint: 1084 ns, Cleanup: 41666 ns, At safepoint: 2346417 ns, Leaving safepoint: 3167 ns, Total: 2392334 ns
[2026-09-07T10:43:17.076+0900][0.399s][info][gc,start    ] GC(2) Pause Young (Normal) (G1 Evacuation Pause)
[2026-09-07T10:43:17.076+0900][0.399s][info][gc,task     ] GC(2) Using 6 workers of 9 for evacuation
[2026-09-07T10:43:17.078+0900][0.401s][info][gc,phases   ] GC(2)   Pre Evacuate Collection Set: 0.06ms
[2026-09-07T10:43:17.078+0900][0.401s][info][gc,phases   ] GC(2)   Merge Heap Roots: 0.02ms
[2026-09-07T10:43:17.078+0900][0.401s][info][gc,phases   ] GC(2)   Evacuate Collection Set: 0.98ms
[2026-09-07T10:43:17.078+0900][0.401s][info][gc,phases   ] GC(2)   Post Evacuate Collection Set: 0.19ms
[2026-09-07T10:43:17.078+0900][0.401s][info][gc,phases   ] GC(2)   Other: 0.03ms
[2026-09-07T10:43:17.078+0900][0.401s][info][gc,heap     ] GC(2) Eden regions: 34->0(73)
[2026-09-07T10:43:17.078+0900][0.401s][info][gc,heap     ] GC(2) Survivor regions: 2->3(5)
[2026-09-07T10:43:17.078+0900][0.401s][info][gc,heap     ] GC(2) Old regions: 4->4
[2026-09-07T10:43:17.078+0900][0.401s][info][gc,heap     ] GC(2) Humongous regions: 2->2
[2026-09-07T10:43:17.078+0900][0.401s][info][gc,metaspace] GC(2) Metaspace: 17232K(17472K)->17232K(17472K) NonClass: 15167K(15296K)->15167K(15296K) Class: 2065K(2176K)->2065K(2176K)
[2026-09-07T10:43:17.078+0900][0.401s][info][gc          ] GC(2) Pause Young (Normal) (G1 Evacuation Pause) 82M->16M(258M) 1.381ms
[2026-09-07T10:43:17.078+0900][0.401s][info][gc,cpu      ] GC(2) User=0.00s Sys=0.00s Real=0.00s
[2026-09-07T10:43:17.078+0900][0.401s][info][safepoint   ] Safepoint "G1CollectForAllocation", Time since last: 103435291 ns, Reaching safepoint: 1042 ns, Cleanup: 24250 ns, At safepoint: 1397875 ns, Leaving safepoint: 1542 ns, Total: 1424709 ns
[2026-09-07T10:43:17.163+0900][0.486s][info][safepoint   ] Safepoint "ICBufferFull", Time since last: 85340166 ns, Reaching safepoint: 1959 ns, Cleanup: 53833 ns, At safepoint: 292 ns, Leaving safepoint: 2625 ns, Total: 58709 ns
[2026-09-07T10:43:17.310+0900][0.633s][info][safepoint   ] Safepoint "ICBufferFull", Time since last: 146885583 ns, Reaching safepoint: 20708 ns, Cleanup: 83959 ns, At safepoint: 291 ns, Leaving safepoint: 2167 ns, Total: 107125 ns
[2026-09-07T10:43:17.339+0900][0.662s][info][gc,start    ] GC(3) Pause Young (Concurrent Start) (Metadata GC Threshold)
[2026-09-07T10:43:17.339+0900][0.662s][info][gc,task     ] GC(3) Using 6 workers of 9 for evacuation
[2026-09-07T10:43:17.342+0900][0.665s][info][gc,phases   ] GC(3)   Pre Evacuate Collection Set: 0.07ms
[2026-09-07T10:43:17.342+0900][0.665s][info][gc,phases   ] GC(3)   Merge Heap Roots: 0.03ms
[2026-09-07T10:43:17.342+0900][0.665s][info][gc,phases   ] GC(3)   Evacuate Collection Set: 2.86ms
[2026-09-07T10:43:17.342+0900][0.665s][info][gc,phases   ] GC(3)   Post Evacuate Collection Set: 0.18ms
[2026-09-07T10:43:17.342+0900][0.665s][info][gc,phases   ] GC(3)   Other: 0.05ms
[2026-09-07T10:43:17.342+0900][0.665s][info][gc,heap     ] GC(3) Eden regions: 34->0(69)
[2026-09-07T10:43:17.342+0900][0.665s][info][gc,heap     ] GC(3) Survivor regions: 3->7(10)
[2026-09-07T10:43:17.342+0900][0.665s][info][gc,heap     ] GC(3) Old regions: 4->4
[2026-09-07T10:43:17.342+0900][0.665s][info][gc,heap     ] GC(3) Humongous regions: 2->2
[2026-09-07T10:43:17.342+0900][0.665s][info][gc,metaspace] GC(3) Metaspace: 21171K(21504K)->21171K(21504K) NonClass: 18578K(18752K)->18578K(18752K) Class: 2592K(2752K)->2592K(2752K)
[2026-09-07T10:43:17.342+0900][0.665s][info][gc          ] GC(3) Pause Young (Concurrent Start) (Metadata GC Threshold) 83M->23M(258M) 3.331ms
[2026-09-07T10:43:17.342+0900][0.665s][info][gc,cpu      ] GC(3) User=0.03s Sys=0.00s Real=0.01s
[2026-09-07T10:43:17.342+0900][0.665s][info][gc          ] GC(4) Concurrent Mark Cycle
[2026-09-07T10:43:17.342+0900][0.665s][info][safepoint   ] Safepoint "CollectForMetadataAllocation", Time since last: 28348208 ns, Reaching safepoint: 2500 ns, Cleanup: 39667 ns, At safepoint: 3369458 ns, Leaving safepoint: 3584 ns, Total: 3415209 ns
[2026-09-07T10:43:17.342+0900][0.665s][info][gc,marking  ] GC(4) Concurrent Scan Root Regions
[2026-09-07T10:43:17.345+0900][0.668s][info][gc,marking  ] GC(4) Concurrent Scan Root Regions 2.605ms
[2026-09-07T10:43:17.345+0900][0.668s][info][gc,marking  ] GC(4) Concurrent Mark
[2026-09-07T10:43:17.345+0900][0.668s][info][gc,marking  ] GC(4) Concurrent Mark From Roots
[2026-09-07T10:43:17.345+0900][0.668s][info][gc,task     ] GC(4) Using 2 workers of 2 for marking
[2026-09-07T10:43:17.349+0900][0.672s][info][gc,marking  ] GC(4) Concurrent Mark From Roots 4.304ms
[2026-09-07T10:43:17.349+0900][0.672s][info][gc,marking  ] GC(4) Concurrent Preclean
[2026-09-07T10:43:17.349+0900][0.672s][info][gc,marking  ] GC(4) Concurrent Preclean 0.022ms
[2026-09-07T10:43:17.349+0900][0.672s][info][gc,start    ] GC(4) Pause Remark
[2026-09-07T10:43:17.350+0900][0.673s][info][gc          ] GC(4) Pause Remark 25M->25M(88M) 1.012ms
[2026-09-07T10:43:17.350+0900][0.673s][info][gc,cpu      ] GC(4) User=0.01s Sys=0.00s Real=0.01s
[2026-09-07T10:43:17.350+0900][0.673s][info][safepoint   ] Safepoint "G1PauseRemark", Time since last: 7068083 ns, Reaching safepoint: 23375 ns, Cleanup: 11625 ns, At safepoint: 1067167 ns, Leaving safepoint: 4166 ns, Total: 1106333 ns
[2026-09-07T10:43:17.350+0900][0.673s][info][gc,marking  ] GC(4) Concurrent Mark 5.535ms
[2026-09-07T10:43:17.350+0900][0.673s][info][gc,marking  ] GC(4) Concurrent Rebuild Remembered Sets and Scrub Regions
[2026-09-07T10:43:17.352+0900][0.675s][info][gc,marking  ] GC(4) Concurrent Rebuild Remembered Sets and Scrub Regions 1.631ms
[2026-09-07T10:43:17.352+0900][0.675s][info][gc,start    ] GC(4) Pause Cleanup
[2026-09-07T10:43:17.352+0900][0.675s][info][gc          ] GC(4) Pause Cleanup 25M->25M(88M) 0.065ms
[2026-09-07T10:43:17.352+0900][0.675s][info][gc,cpu      ] GC(4) User=0.00s Sys=0.00s Real=0.00s
[2026-09-07T10:43:17.352+0900][0.675s][info][safepoint   ] Safepoint "G1PauseCleanup", Time since last: 1707584 ns, Reaching safepoint: 28250 ns, Cleanup: 2291 ns, At safepoint: 93209 ns, Leaving safepoint: 1958 ns, Total: 125708 ns
[2026-09-07T10:43:17.352+0900][0.675s][info][gc,marking  ] GC(4) Concurrent Clear Claimed Marks
[2026-09-07T10:43:17.352+0900][0.675s][info][gc,marking  ] GC(4) Concurrent Clear Claimed Marks 0.009ms
[2026-09-07T10:43:17.352+0900][0.675s][info][gc,marking  ] GC(4) Concurrent Cleanup for Next Mark
[2026-09-07T10:43:17.352+0900][0.675s][info][gc,marking  ] GC(4) Concurrent Cleanup for Next Mark 0.122ms
[2026-09-07T10:43:17.352+0900][0.675s][info][gc          ] GC(4) Concurrent Mark Cycle 10.196ms
[2026-09-07T10:43:17.403+0900][0.726s][info][gc,start    ] GC(5) Pause Young (Prepare Mixed) (G1 Evacuation Pause)
[2026-09-07T10:43:17.403+0900][0.726s][info][gc,task     ] GC(5) Using 4 workers of 9 for evacuation
[2026-09-07T10:43:17.406+0900][0.729s][info][gc,phases   ] GC(5)   Pre Evacuate Collection Set: 0.06ms
[2026-09-07T10:43:17.406+0900][0.729s][info][gc,phases   ] GC(5)   Merge Heap Roots: 0.02ms
[2026-09-07T10:43:17.406+0900][0.729s][info][gc,phases   ] GC(5)   Evacuate Collection Set: 2.51ms
[2026-09-07T10:43:17.406+0900][0.729s][info][gc,phases   ] GC(5)   Post Evacuate Collection Set: 0.14ms
[2026-09-07T10:43:17.406+0900][0.729s][info][gc,phases   ] GC(5)   Other: 0.02ms
[2026-09-07T10:43:17.406+0900][0.729s][info][gc,heap     ] GC(5) Eden regions: 31->0(25)
[2026-09-07T10:43:17.406+0900][0.729s][info][gc,heap     ] GC(5) Survivor regions: 7->5(10)
[2026-09-07T10:43:17.406+0900][0.729s][info][gc,heap     ] GC(5) Old regions: 4->6
[2026-09-07T10:43:17.406+0900][0.729s][info][gc,heap     ] GC(5) Humongous regions: 2->2
[2026-09-07T10:43:17.406+0900][0.729s][info][gc,metaspace] GC(5) Metaspace: 21443K(21952K)->21443K(21952K) NonClass: 18795K(19072K)->18795K(19072K) Class: 2648K(2880K)->2648K(2880K)
[2026-09-07T10:43:17.406+0900][0.729s][info][gc          ] GC(5) Pause Young (Prepare Mixed) (G1 Evacuation Pause) 85M->24M(102M) 2.868ms
[2026-09-07T10:43:17.406+0900][0.729s][info][gc,cpu      ] GC(5) User=0.01s Sys=0.01s Real=0.00s
[2026-09-07T10:43:17.406+0900][0.729s][info][safepoint   ] Safepoint "G1CollectForAllocation", Time since last: 50674125 ns, Reaching safepoint: 1542 ns, Cleanup: 110625 ns, At safepoint: 2886375 ns, Leaving safepoint: 2791 ns, Total: 3001333 ns
[2026-09-07T10:43:17.463+0900][0.786s][info][gc,start    ] GC(6) Pause Young (Mixed) (G1 Evacuation Pause)
[2026-09-07T10:43:17.463+0900][0.786s][info][gc,task     ] GC(6) Using 3 workers of 9 for evacuation
[2026-09-07T10:43:17.468+0900][0.791s][info][gc,phases   ] GC(6)   Pre Evacuate Collection Set: 0.06ms
[2026-09-07T10:43:17.468+0900][0.791s][info][gc,phases   ] GC(6)   Merge Heap Roots: 0.03ms
[2026-09-07T10:43:17.468+0900][0.791s][info][gc,phases   ] GC(6)   Evacuate Collection Set: 4.18ms
[2026-09-07T10:43:17.468+0900][0.791s][info][gc,phases   ] GC(6)   Post Evacuate Collection Set: 0.23ms
[2026-09-07T10:43:17.468+0900][0.791s][info][gc,phases   ] GC(6)   Other: 0.02ms
[2026-09-07T10:43:17.468+0900][0.791s][info][gc,heap     ] GC(6) Eden regions: 25->0(33)
[2026-09-07T10:43:17.468+0900][0.791s][info][gc,heap     ] GC(6) Survivor regions: 5->4(4)
[2026-09-07T10:43:17.468+0900][0.791s][info][gc,heap     ] GC(6) Old regions: 6->10
[2026-09-07T10:43:17.468+0900][0.791s][info][gc,heap     ] GC(6) Humongous regions: 2->2
[2026-09-07T10:43:17.468+0900][0.791s][info][gc,metaspace] GC(6) Metaspace: 21553K(22016K)->21553K(22016K) NonClass: 18892K(19136K)->18892K(19136K) Class: 2661K(2880K)->2661K(2880K)
[2026-09-07T10:43:17.468+0900][0.791s][info][gc          ] GC(6) Pause Young (Mixed) (G1 Evacuation Pause) 74M->29M(124M) 4.651ms
[2026-09-07T10:43:17.468+0900][0.791s][info][gc,cpu      ] GC(6) User=0.02s Sys=0.00s Real=0.00s
[2026-09-07T10:43:17.468+0900][0.791s][info][safepoint   ] Safepoint "G1CollectForAllocation", Time since last: 57595417 ns, Reaching safepoint: 1042 ns, Cleanup: 26375 ns, At safepoint: 4670625 ns, Leaving safepoint: 2791 ns, Total: 4700833 ns
[2026-09-07T10:43:17.516+0900][0.839s][info][gc,start    ] GC(7) Pause Young (Normal) (G1 Evacuation Pause)
[2026-09-07T10:43:17.516+0900][0.839s][info][gc,task     ] GC(7) Using 2 workers of 9 for evacuation
[2026-09-07T10:43:17.520+0900][0.843s][info][gc,phases   ] GC(7)   Pre Evacuate Collection Set: 0.03ms
[2026-09-07T10:43:17.520+0900][0.843s][info][gc,phases   ] GC(7)   Merge Heap Roots: 0.01ms
[2026-09-07T10:43:17.520+0900][0.843s][info][gc,phases   ] GC(7)   Evacuate Collection Set: 3.53ms
[2026-09-07T10:43:17.520+0900][0.843s][info][gc,phases   ] GC(7)   Post Evacuate Collection Set: 0.11ms
[2026-09-07T10:43:17.520+0900][0.843s][info][gc,phases   ] GC(7)   Other: 0.02ms
[2026-09-07T10:43:17.520+0900][0.843s][info][gc,heap     ] GC(7) Eden regions: 33->0(18)
[2026-09-07T10:43:17.520+0900][0.843s][info][gc,heap     ] GC(7) Survivor regions: 4->5(5)
[2026-09-07T10:43:17.520+0900][0.843s][info][gc,heap     ] GC(7) Old regions: 10->22
[2026-09-07T10:43:17.520+0900][0.843s][info][gc,heap     ] GC(7) Humongous regions: 2->2
[2026-09-07T10:43:17.520+0900][0.843s][info][gc,metaspace] GC(7) Metaspace: 21871K(22336K)->21871K(22336K) NonClass: 19180K(19392K)->19180K(19392K) Class: 2691K(2944K)->2691K(2944K)
[2026-09-07T10:43:17.520+0900][0.843s][info][gc          ] GC(7) Pause Young (Normal) (G1 Evacuation Pause) 95M->57M(132M) 3.799ms
[2026-09-07T10:43:17.520+0900][0.843s][info][gc,cpu      ] GC(7) User=0.01s Sys=0.00s Real=0.01s
[2026-09-07T10:43:17.520+0900][0.843s][info][safepoint   ] Safepoint "G1CollectForAllocation", Time since last: 47990584 ns, Reaching safepoint: 1166 ns, Cleanup: 12084 ns, At safepoint: 3818333 ns, Leaving safepoint: 2042 ns, Total: 3833625 ns
[2026-09-07T10:43:17.523+0900][0.846s][info][gc,start    ] GC(8) Pause Young (Normal) (G1 Evacuation Pause)
[2026-09-07T10:43:17.523+0900][0.846s][info][gc,task     ] GC(8) Using 3 workers of 9 for evacuation
[2026-09-07T10:43:17.525+0900][0.848s][info][gc,phases   ] GC(8)   Pre Evacuate Collection Set: 0.02ms
[2026-09-07T10:43:17.525+0900][0.848s][info][gc,phases   ] GC(8)   Merge Heap Roots: 0.01ms
[2026-09-07T10:43:17.525+0900][0.848s][info][gc,phases   ] GC(8)   Evacuate Collection Set: 1.85ms
[2026-09-07T10:43:17.525+0900][0.848s][info][gc,phases   ] GC(8)   Post Evacuate Collection Set: 0.11ms
[2026-09-07T10:43:17.525+0900][0.848s][info][gc,phases   ] GC(8)   Other: 0.02ms
[2026-09-07T10:43:17.525+0900][0.848s][info][gc,heap     ] GC(8) Eden regions: 18->0(7)
[2026-09-07T10:43:17.525+0900][0.848s][info][gc,heap     ] GC(8) Survivor regions: 5->3(3)
[2026-09-07T10:43:17.525+0900][0.848s][info][gc,heap     ] GC(8) Old regions: 22->43
[2026-09-07T10:43:17.525+0900][0.848s][info][gc,heap     ] GC(8) Humongous regions: 2->2
[2026-09-07T10:43:17.525+0900][0.848s][info][gc,metaspace] GC(8) Metaspace: 21871K(22336K)->21871K(22336K) NonClass: 19180K(19392K)->19180K(19392K) Class: 2691K(2944K)->2691K(2944K)
[2026-09-07T10:43:17.525+0900][0.848s][info][gc          ] GC(8) Pause Young (Normal) (G1 Evacuation Pause) 93M->94M(142M) 2.083ms
[2026-09-07T10:43:17.525+0900][0.848s][info][gc,cpu      ] GC(8) User=0.00s Sys=0.00s Real=0.00s
[2026-09-07T10:43:17.525+0900][0.848s][info][safepoint   ] Safepoint "G1CollectForAllocation", Time since last: 3137500 ns, Reaching safepoint: 1708 ns, Cleanup: 1125 ns, At safepoint: 2095583 ns, Leaving safepoint: 1167 ns, Total: 2099583 ns
[2026-09-07T10:43:17.526+0900][0.849s][info][gc,start    ] GC(9) Pause Young (Concurrent Start) (G1 Evacuation Pause)
[2026-09-07T10:43:17.526+0900][0.849s][info][gc,task     ] GC(9) Using 3 workers of 9 for evacuation
[2026-09-07T10:43:17.527+0900][0.850s][info][gc,phases   ] GC(9)   Pre Evacuate Collection Set: 0.03ms
[2026-09-07T10:43:17.527+0900][0.850s][info][gc,phases   ] GC(9)   Merge Heap Roots: 0.01ms
[2026-09-07T10:43:17.527+0900][0.850s][info][gc,phases   ] GC(9)   Evacuate Collection Set: 0.68ms
[2026-09-07T10:43:17.527+0900][0.850s][info][gc,phases   ] GC(9)   Post Evacuate Collection Set: 0.09ms
[2026-09-07T10:43:17.527+0900][0.850s][info][gc,phases   ] GC(9)   Other: 0.02ms
[2026-09-07T10:43:17.527+0900][0.850s][info][gc,heap     ] GC(9) Eden regions: 7->0(5)
[2026-09-07T10:43:17.527+0900][0.850s][info][gc,heap     ] GC(9) Survivor regions: 3->2(2)
[2026-09-07T10:43:17.527+0900][0.850s][info][gc,heap     ] GC(9) Old regions: 43->51
[2026-09-07T10:43:17.527+0900][0.850s][info][gc,heap     ] GC(9) Humongous regions: 2->2
[2026-09-07T10:43:17.527+0900][0.850s][info][gc,metaspace] GC(9) Metaspace: 21871K(22336K)->21871K(22336K) NonClass: 19180K(19392K)->19180K(19392K) Class: 2691K(2944K)->2691K(2944K)
[2026-09-07T10:43:17.527+0900][0.850s][info][gc          ] GC(9) Pause Young (Concurrent Start) (G1 Evacuation Pause) 108M->109M(142M) 0.924ms
[2026-09-07T10:43:17.527+0900][0.850s][info][gc,cpu      ] GC(9) User=0.00s Sys=0.00s Real=0.00s
[2026-09-07T10:43:17.527+0900][0.850s][info][gc          ] GC(10) Concurrent Mark Cycle
[2026-09-07T10:43:17.527+0900][0.850s][info][safepoint   ] Safepoint "G1CollectForAllocation", Time since last: 1182833 ns, Reaching safepoint: 792 ns, Cleanup: 1125 ns, At safepoint: 939083 ns, Leaving safepoint: 1292 ns, Total: 942292 ns
[2026-09-07T10:43:17.527+0900][0.850s][info][gc,marking  ] GC(10) Concurrent Scan Root Regions
[2026-09-07T10:43:17.527+0900][0.850s][info][gc,marking  ] GC(10) Concurrent Scan Root Regions 0.099ms
[2026-09-07T10:43:17.527+0900][0.850s][info][gc,marking  ] GC(10) Concurrent Mark
[2026-09-07T10:43:17.527+0900][0.850s][info][gc,marking  ] GC(10) Concurrent Mark From Roots
[2026-09-07T10:43:17.527+0900][0.850s][info][gc,task     ] GC(10) Using 2 workers of 2 for marking
[2026-09-07T10:43:17.528+0900][0.851s][info][gc,start    ] GC(11) Pause Young (Normal) (G1 Evacuation Pause)
[2026-09-07T10:43:17.528+0900][0.851s][info][gc,task     ] GC(11) Using 3 workers of 9 for evacuation
[2026-09-07T10:43:17.529+0900][0.852s][info][gc,phases   ] GC(11)   Pre Evacuate Collection Set: 0.02ms
[2026-09-07T10:43:17.529+0900][0.852s][info][gc,phases   ] GC(11)   Merge Heap Roots: 0.01ms
[2026-09-07T10:43:17.529+0900][0.852s][info][gc,phases   ] GC(11)   Evacuate Collection Set: 0.40ms
[2026-09-07T10:43:17.529+0900][0.852s][info][gc,phases   ] GC(11)   Post Evacuate Collection Set: 0.21ms
[2026-09-07T10:43:17.529+0900][0.852s][info][gc,phases   ] GC(11)   Other: 0.01ms
[2026-09-07T10:43:17.529+0900][0.852s][info][gc,heap     ] GC(11) Eden regions: 5->0(45)
[2026-09-07T10:43:17.529+0900][0.852s][info][gc,heap     ] GC(11) Survivor regions: 2->1(1)
[2026-09-07T10:43:17.529+0900][0.852s][info][gc,heap     ] GC(11) Old regions: 51->58
[2026-09-07T10:43:17.529+0900][0.852s][info][gc,heap     ] GC(11) Humongous regions: 2->2
[2026-09-07T10:43:17.529+0900][0.852s][info][gc,metaspace] GC(11) Metaspace: 21871K(22336K)->21871K(22336K) NonClass: 19180K(19392K)->19180K(19392K) Class: 2691K(2944K)->2691K(2944K)
[2026-09-07T10:43:17.529+0900][0.852s][info][gc          ] GC(11) Pause Young (Normal) (G1 Evacuation Pause) 119M->121M(380M) 0.691ms
[2026-09-07T10:43:17.529+0900][0.852s][info][gc,cpu      ] GC(11) User=0.00s Sys=0.00s Real=0.00s
[2026-09-07T10:43:17.529+0900][0.852s][info][safepoint   ] Safepoint "G1CollectForAllocation", Time since last: 935167 ns, Reaching safepoint: 13916 ns, Cleanup: 500 ns, At safepoint: 700792 ns, Leaving safepoint: 1417 ns, Total: 716625 ns
[2026-09-07T10:43:17.534+0900][0.857s][info][gc,marking  ] GC(10) Concurrent Mark From Roots 6.667ms
[2026-09-07T10:43:17.534+0900][0.857s][info][gc,marking  ] GC(10) Concurrent Preclean
[2026-09-07T10:43:17.534+0900][0.857s][info][gc,marking  ] GC(10) Concurrent Preclean 0.017ms
[2026-09-07T10:43:17.534+0900][0.857s][info][gc,start    ] GC(10) Pause Remark
[2026-09-07T10:43:17.535+0900][0.858s][info][gc          ] GC(10) Pause Remark 138M->138M(380M) 1.466ms
[2026-09-07T10:43:17.535+0900][0.858s][info][gc,cpu      ] GC(10) User=0.00s Sys=0.00s Real=0.00s
[2026-09-07T10:43:17.535+0900][0.858s][info][safepoint   ] Safepoint "G1PauseRemark", Time since last: 5172833 ns, Reaching safepoint: 22583 ns, Cleanup: 709 ns, At safepoint: 1485000 ns, Leaving safepoint: 1250 ns, Total: 1509542 ns
[2026-09-07T10:43:17.536+0900][0.858s][info][gc,marking  ] GC(10) Concurrent Mark 8.233ms
[2026-09-07T10:43:17.536+0900][0.859s][info][gc,marking  ] GC(10) Concurrent Rebuild Remembered Sets and Scrub Regions
[2026-09-07T10:43:17.540+0900][0.863s][info][gc,marking  ] GC(10) Concurrent Rebuild Remembered Sets and Scrub Regions 4.012ms
[2026-09-07T10:43:17.540+0900][0.863s][info][gc,start    ] GC(10) Pause Cleanup
[2026-09-07T10:43:17.540+0900][0.863s][info][gc          ] GC(10) Pause Cleanup 138M->138M(380M) 0.028ms
[2026-09-07T10:43:17.540+0900][0.863s][info][gc,cpu      ] GC(10) User=0.00s Sys=0.00s Real=0.00s
[2026-09-07T10:43:17.540+0900][0.863s][info][safepoint   ] Safepoint "G1PauseCleanup", Time since last: 4041125 ns, Reaching safepoint: 19125 ns, Cleanup: 5583 ns, At safepoint: 45917 ns, Leaving safepoint: 1916 ns, Total: 72541 ns
[2026-09-07T10:43:17.540+0900][0.863s][info][gc,marking  ] GC(10) Concurrent Clear Claimed Marks
[2026-09-07T10:43:17.540+0900][0.863s][info][gc,marking  ] GC(10) Concurrent Clear Claimed Marks 0.009ms
[2026-09-07T10:43:17.540+0900][0.863s][info][gc,marking  ] GC(10) Concurrent Cleanup for Next Mark
[2026-09-07T10:43:17.540+0900][0.863s][info][gc,marking  ] GC(10) Concurrent Cleanup for Next Mark 0.386ms
[2026-09-07T10:43:17.540+0900][0.863s][info][gc          ] GC(10) Concurrent Mark Cycle 12.866ms
[2026-09-07T10:43:17.574+0900][0.897s][info][safepoint   ] Safepoint "ICBufferFull", Time since last: 34038750 ns, Reaching safepoint: 21375 ns, Cleanup: 42584 ns, At safepoint: 208 ns, Leaving safepoint: 1625 ns, Total: 65792 ns
[2026-09-07T10:43:17.629+0900][0.952s][info][safepoint   ] Safepoint "ICBufferFull", Time since last: 54880000 ns, Reaching safepoint: 21542 ns, Cleanup: 38833 ns, At safepoint: 458 ns, Leaving safepoint: 1875 ns, Total: 62708 ns
[2026-09-07T10:43:17.664+0900][0.987s][info][safepoint   ] Safepoint "ICBufferFull", Time since last: 34972959 ns, Reaching safepoint: 1208 ns, Cleanup: 37375 ns, At safepoint: 375 ns, Leaving safepoint: 1750 ns, Total: 40708 ns
[2026-09-07T10:43:17.677+0900][1.000s][info][gc,start    ] GC(12) Pause Young (Prepare Mixed) (G1 Evacuation Pause)
[2026-09-07T10:43:17.677+0900][1.000s][info][gc,task     ] GC(12) Using 9 workers of 9 for evacuation
[2026-09-07T10:43:17.680+0900][1.003s][info][gc,phases   ] GC(12)   Pre Evacuate Collection Set: 0.07ms
[2026-09-07T10:43:17.680+0900][1.003s][info][gc,phases   ] GC(12)   Merge Heap Roots: 0.03ms
[2026-09-07T10:43:17.680+0900][1.003s][info][gc,phases   ] GC(12)   Evacuate Collection Set: 2.28ms
[2026-09-07T10:43:17.680+0900][1.003s][info][gc,phases   ] GC(12)   Post Evacuate Collection Set: 0.14ms
[2026-09-07T10:43:17.680+0900][1.003s][info][gc,phases   ] GC(12)   Other: 0.03ms
[2026-09-07T10:43:17.680+0900][1.003s][info][gc,heap     ] GC(12) Eden regions: 45->0(46)
[2026-09-07T10:43:17.680+0900][1.003s][info][gc,heap     ] GC(12) Survivor regions: 1->6(6)
[2026-09-07T10:43:17.680+0900][1.003s][info][gc,heap     ] GC(12) Old regions: 58->62
[2026-09-07T10:43:17.680+0900][1.003s][info][gc,heap     ] GC(12) Humongous regions: 2->2
[2026-09-07T10:43:17.680+0900][1.003s][info][gc,metaspace] GC(12) Metaspace: 23268K(23808K)->23268K(23808K) NonClass: 20452K(20736K)->20452K(20736K) Class: 2815K(3072K)->2815K(3072K)
[2026-09-07T10:43:17.680+0900][1.003s][info][gc          ] GC(12) Pause Young (Prepare Mixed) (G1 Evacuation Pause) 211M->139M(380M) 2.649ms
[2026-09-07T10:43:17.680+0900][1.003s][info][gc,cpu      ] GC(12) User=0.01s Sys=0.01s Real=0.01s
[2026-09-07T10:43:17.680+0900][1.003s][info][safepoint   ] Safepoint "G1CollectForAllocation", Time since last: 13292958 ns, Reaching safepoint: 1125 ns, Cleanup: 14167 ns, At safepoint: 2673708 ns, Leaving safepoint: 3125 ns, Total: 2692125 ns
[2026-09-07T10:43:17.729+0900][1.052s][info][gc,start    ] GC(13) Pause Young (Mixed) (G1 Evacuation Pause)
[2026-09-07T10:43:17.729+0900][1.052s][info][gc,task     ] GC(13) Using 9 workers of 9 for evacuation
[2026-09-07T10:43:17.731+0900][1.054s][info][gc,phases   ] GC(13)   Pre Evacuate Collection Set: 0.07ms
[2026-09-07T10:43:17.731+0900][1.054s][info][gc,phases   ] GC(13)   Merge Heap Roots: 0.04ms
[2026-09-07T10:43:17.731+0900][1.054s][info][gc,phases   ] GC(13)   Evacuate Collection Set: 1.42ms
[2026-09-07T10:43:17.731+0900][1.054s][info][gc,phases   ] GC(13)   Post Evacuate Collection Set: 0.14ms
[2026-09-07T10:43:17.731+0900][1.054s][info][gc,phases   ] GC(13)   Other: 0.02ms
[2026-09-07T10:43:17.731+0900][1.054s][info][gc,heap     ] GC(13) Eden regions: 46->0(61)
[2026-09-07T10:43:17.731+0900][1.054s][info][gc,heap     ] GC(13) Survivor regions: 6->1(7)
[2026-09-07T10:43:17.731+0900][1.054s][info][gc,heap     ] GC(13) Old regions: 62->68
[2026-09-07T10:43:17.731+0900][1.054s][info][gc,heap     ] GC(13) Humongous regions: 2->2
[2026-09-07T10:43:17.731+0900][1.054s][info][gc,metaspace] GC(13) Metaspace: 23269K(23808K)->23269K(23808K) NonClass: 20454K(20736K)->20454K(20736K) Class: 2815K(3072K)->2815K(3072K)
[2026-09-07T10:43:17.731+0900][1.054s][info][gc          ] GC(13) Pause Young (Mixed) (G1 Evacuation Pause) 231M->140M(380M) 1.798ms
[2026-09-07T10:43:17.731+0900][1.054s][info][gc,cpu      ] GC(13) User=0.01s Sys=0.01s Real=0.01s
[2026-09-07T10:43:17.731+0900][1.054s][info][safepoint   ] Safepoint "G1CollectForAllocation", Time since last: 49711625 ns, Reaching safepoint: 22250 ns, Cleanup: 12542 ns, At safepoint: 1815125 ns, Leaving safepoint: 2667 ns, Total: 1852584 ns
[2026-09-07T10:43:17.795+0900][1.118s][info][gc,start    ] GC(14) Pause Young (Normal) (G1 Evacuation Pause)
[2026-09-07T10:43:17.795+0900][1.118s][info][gc,task     ] GC(14) Using 9 workers of 9 for evacuation
[2026-09-07T10:43:17.795+0900][1.118s][info][gc,phases   ] GC(14)   Pre Evacuate Collection Set: 0.08ms
[2026-09-07T10:43:17.795+0900][1.118s][info][gc,phases   ] GC(14)   Merge Heap Roots: 0.02ms
[2026-09-07T10:43:17.795+0900][1.118s][info][gc,phases   ] GC(14)   Evacuate Collection Set: 0.18ms
[2026-09-07T10:43:17.795+0900][1.118s][info][gc,phases   ] GC(14)   Post Evacuate Collection Set: 0.11ms
[2026-09-07T10:43:17.795+0900][1.118s][info][gc,phases   ] GC(14)   Other: 0.03ms
[2026-09-07T10:43:17.795+0900][1.118s][info][gc,heap     ] GC(14) Eden regions: 61->0(75)
[2026-09-07T10:43:17.795+0900][1.118s][info][gc,heap     ] GC(14) Survivor regions: 1->1(8)
[2026-09-07T10:43:17.795+0900][1.118s][info][gc,heap     ] GC(14) Old regions: 68->68
[2026-09-07T10:43:17.795+0900][1.118s][info][gc,heap     ] GC(14) Humongous regions: 2->2
[2026-09-07T10:43:17.795+0900][1.118s][info][gc,metaspace] GC(14) Metaspace: 23270K(23808K)->23270K(23808K) NonClass: 20454K(20736K)->20454K(20736K) Class: 2815K(3072K)->2815K(3072K)
[2026-09-07T10:43:17.795+0900][1.118s][info][gc          ] GC(14) Pause Young (Normal) (G1 Evacuation Pause) 262M->140M(380M) 0.503ms
[2026-09-07T10:43:17.795+0900][1.118s][info][gc,cpu      ] GC(14) User=0.00s Sys=0.00s Real=0.00s
[2026-09-07T10:43:17.795+0900][1.118s][info][safepoint   ] Safepoint "G1CollectForAllocation", Time since last: 63433833 ns, Reaching safepoint: 1708 ns, Cleanup: 37459 ns, At safepoint: 518916 ns, Leaving safepoint: 1292 ns, Total: 559375 ns
[2026-09-07T10:43:17.860+0900][1.183s][info][gc,start    ] GC(15) Pause Young (Normal) (G1 Evacuation Pause)
[2026-09-07T10:43:17.860+0900][1.183s][info][gc,task     ] GC(15) Using 9 workers of 9 for evacuation
[2026-09-07T10:43:17.860+0900][1.183s][info][gc,phases   ] GC(15)   Pre Evacuate Collection Set: 0.06ms
[2026-09-07T10:43:17.860+0900][1.183s][info][gc,phases   ] GC(15)   Merge Heap Roots: 0.03ms
[2026-09-07T10:43:17.860+0900][1.183s][info][gc,phases   ] GC(15)   Evacuate Collection Set: 0.28ms
[2026-09-07T10:43:17.860+0900][1.183s][info][gc,phases   ] GC(15)   Post Evacuate Collection Set: 0.13ms
[2026-09-07T10:43:17.860+0900][1.183s][info][gc,phases   ] GC(15)   Other: 0.04ms
[2026-09-07T10:43:17.860+0900][1.183s][info][gc,heap     ] GC(15) Eden regions: 75->0(84)
[2026-09-07T10:43:17.860+0900][1.183s][info][gc,heap     ] GC(15) Survivor regions: 1->1(10)
[2026-09-07T10:43:17.860+0900][1.183s][info][gc,heap     ] GC(15) Old regions: 68->68
[2026-09-07T10:43:17.860+0900][1.183s][info][gc,heap     ] GC(15) Humongous regions: 2->2
[2026-09-07T10:43:17.860+0900][1.183s][info][gc,metaspace] GC(15) Metaspace: 23272K(23808K)->23272K(23808K) NonClass: 20456K(20736K)->20456K(20736K) Class: 2815K(3072K)->2815K(3072K)
[2026-09-07T10:43:17.860+0900][1.183s][info][gc          ] GC(15) Pause Young (Normal) (G1 Evacuation Pause) 290M->140M(380M) 0.673ms
[2026-09-07T10:43:17.860+0900][1.183s][info][gc,cpu      ] GC(15) User=0.00s Sys=0.01s Real=0.00s
[2026-09-07T10:43:17.860+0900][1.183s][info][safepoint   ] Safepoint "G1CollectForAllocation", Time since last: 64268583 ns, Reaching safepoint: 3084 ns, Cleanup: 28375 ns, At safepoint: 694625 ns, Leaving safepoint: 3250 ns, Total: 729334 ns
[2026-09-07T10:43:17.934+0900][1.257s][info][gc,start    ] GC(16) Pause Young (Normal) (G1 Evacuation Pause)
[2026-09-07T10:43:17.934+0900][1.257s][info][gc,task     ] GC(16) Using 9 workers of 9 for evacuation
[2026-09-07T10:43:17.935+0900][1.258s][info][gc,phases   ] GC(16)   Pre Evacuate Collection Set: 0.10ms
[2026-09-07T10:43:17.935+0900][1.258s][info][gc,phases   ] GC(16)   Merge Heap Roots: 0.04ms
[2026-09-07T10:43:17.935+0900][1.258s][info][gc,phases   ] GC(16)   Evacuate Collection Set: 0.36ms
[2026-09-07T10:43:17.935+0900][1.258s][info][gc,phases   ] GC(16)   Post Evacuate Collection Set: 0.11ms
[2026-09-07T10:43:17.935+0900][1.258s][info][gc,phases   ] GC(16)   Other: 0.02ms
[2026-09-07T10:43:17.935+0900][1.258s][info][gc,heap     ] GC(16) Eden regions: 84->0(91)
[2026-09-07T10:43:17.935+0900][1.258s][info][gc,heap     ] GC(16) Survivor regions: 1->1(11)
[2026-09-07T10:43:17.935+0900][1.258s][info][gc,heap     ] GC(16) Old regions: 68->68
[2026-09-07T10:43:17.935+0900][1.258s][info][gc,heap     ] GC(16) Humongous regions: 2->2
[2026-09-07T10:43:17.935+0900][1.258s][info][gc,metaspace] GC(16) Metaspace: 23273K(23808K)->23273K(23808K) NonClass: 20457K(20736K)->20457K(20736K) Class: 2815K(3072K)->2815K(3072K)
[2026-09-07T10:43:17.935+0900][1.258s][info][gc          ] GC(16) Pause Young (Normal) (G1 Evacuation Pause) 308M->141M(380M) 0.718ms
[2026-09-07T10:43:17.935+0900][1.258s][info][gc,cpu      ] GC(16) User=0.00s Sys=0.00s Real=0.00s
[2026-09-07T10:43:17.935+0900][1.258s][info][safepoint   ] Safepoint "G1CollectForAllocation", Time since last: 73797208 ns, Reaching safepoint: 1417 ns, Cleanup: 4291 ns, At safepoint: 734750 ns, Leaving safepoint: 3084 ns, Total: 743542 ns
[2026-09-07T10:43:18.011+0900][1.334s][info][gc,start    ] GC(17) Pause Young (Normal) (G1 Evacuation Pause)
[2026-09-07T10:43:18.011+0900][1.334s][info][gc,task     ] GC(17) Using 9 workers of 9 for evacuation
[2026-09-07T10:43:18.012+0900][1.335s][info][gc,phases   ] GC(17)   Pre Evacuate Collection Set: 0.08ms
[2026-09-07T10:43:18.012+0900][1.335s][info][gc,phases   ] GC(17)   Merge Heap Roots: 0.02ms
[2026-09-07T10:43:18.012+0900][1.335s][info][gc,phases   ] GC(17)   Evacuate Collection Set: 0.29ms
[2026-09-07T10:43:18.012+0900][1.335s][info][gc,phases   ] GC(17)   Post Evacuate Collection Set: 0.11ms
[2026-09-07T10:43:18.012+0900][1.335s][info][gc,phases   ] GC(17)   Other: 0.03ms
[2026-09-07T10:43:18.012+0900][1.335s][info][gc,heap     ] GC(17) Eden regions: 91->0(96)
[2026-09-07T10:43:18.012+0900][1.335s][info][gc,heap     ] GC(17) Survivor regions: 1->2(12)
[2026-09-07T10:43:18.012+0900][1.335s][info][gc,heap     ] GC(17) Old regions: 68->68
[2026-09-07T10:43:18.012+0900][1.335s][info][gc,heap     ] GC(17) Humongous regions: 2->2
[2026-09-07T10:43:18.012+0900][1.335s][info][gc,metaspace] GC(17) Metaspace: 23302K(23808K)->23302K(23808K) NonClass: 20484K(20736K)->20484K(20736K) Class: 2818K(3072K)->2818K(3072K)
[2026-09-07T10:43:18.012+0900][1.335s][info][gc          ] GC(17) Pause Young (Normal) (G1 Evacuation Pause) 323M->141M(380M) 0.639ms
[2026-09-07T10:43:18.012+0900][1.335s][info][gc,cpu      ] GC(17) User=0.00s Sys=0.00s Real=0.00s
[2026-09-07T10:43:18.012+0900][1.335s][info][safepoint   ] Safepoint "G1CollectForAllocation", Time since last: 76679291 ns, Reaching safepoint: 1667 ns, Cleanup: 8625 ns, At safepoint: 656000 ns, Leaving safepoint: 1250 ns, Total: 667542 ns
[2026-09-07T10:43:18.088+0900][1.411s][info][gc,start    ] GC(18) Pause Young (Normal) (G1 Evacuation Pause)
[2026-09-07T10:43:18.089+0900][1.412s][info][gc,task     ] GC(18) Using 9 workers of 9 for evacuation
[2026-09-07T10:43:18.089+0900][1.412s][info][gc,phases   ] GC(18)   Pre Evacuate Collection Set: 0.08ms
[2026-09-07T10:43:18.089+0900][1.412s][info][gc,phases   ] GC(18)   Merge Heap Roots: 0.04ms
[2026-09-07T10:43:18.089+0900][1.412s][info][gc,phases   ] GC(18)   Evacuate Collection Set: 0.34ms
[2026-09-07T10:43:18.089+0900][1.412s][info][gc,phases   ] GC(18)   Post Evacuate Collection Set: 0.11ms
[2026-09-07T10:43:18.089+0900][1.412s][info][gc,phases   ] GC(18)   Other: 0.03ms
[2026-09-07T10:43:18.089+0900][1.412s][info][gc,heap     ] GC(18) Eden regions: 96->0(100)
[2026-09-07T10:43:18.089+0900][1.412s][info][gc,heap     ] GC(18) Survivor regions: 2->2(13)
[2026-09-07T10:43:18.089+0900][1.412s][info][gc,heap     ] GC(18) Old regions: 68->68
[2026-09-07T10:43:18.089+0900][1.412s][info][gc,heap     ] GC(18) Humongous regions: 2->2
[2026-09-07T10:43:18.089+0900][1.412s][info][gc,metaspace] GC(18) Metaspace: 23305K(23808K)->23305K(23808K) NonClass: 20487K(20736K)->20487K(20736K) Class: 2818K(3072K)->2818K(3072K)
[2026-09-07T10:43:18.089+0900][1.412s][info][gc          ] GC(18) Pause Young (Normal) (G1 Evacuation Pause) 333M->142M(380M) 0.684ms
[2026-09-07T10:43:18.089+0900][1.412s][info][gc,cpu      ] GC(18) User=0.00s Sys=0.00s Real=0.00s
[2026-09-07T10:43:18.089+0900][1.412s][info][safepoint   ] Safepoint "G1CollectForAllocation", Time since last: 76366292 ns, Reaching safepoint: 1166 ns, Cleanup: 3584 ns, At safepoint: 701583 ns, Leaving safepoint: 1042 ns, Total: 707375 ns
[2026-09-07T10:43:18.167+0900][1.490s][info][gc,start    ] GC(19) Pause Young (Normal) (G1 Evacuation Pause)
[2026-09-07T10:43:18.167+0900][1.490s][info][gc,task     ] GC(19) Using 9 workers of 9 for evacuation
[2026-09-07T10:43:18.168+0900][1.491s][info][gc,phases   ] GC(19)   Pre Evacuate Collection Set: 0.07ms
[2026-09-07T10:43:18.168+0900][1.491s][info][gc,phases   ] GC(19)   Merge Heap Roots: 0.04ms
[2026-09-07T10:43:18.168+0900][1.491s][info][gc,phases   ] GC(19)   Evacuate Collection Set: 0.38ms
[2026-09-07T10:43:18.168+0900][1.491s][info][gc,phases   ] GC(19)   Post Evacuate Collection Set: 0.12ms
[2026-09-07T10:43:18.168+0900][1.491s][info][gc,phases   ] GC(19)   Other: 0.02ms
[2026-09-07T10:43:18.168+0900][1.491s][info][gc,heap     ] GC(19) Eden regions: 100->0(103)
[2026-09-07T10:43:18.168+0900][1.491s][info][gc,heap     ] GC(19) Survivor regions: 2->2(13)
[2026-09-07T10:43:18.168+0900][1.491s][info][gc,heap     ] GC(19) Old regions: 68->68
[2026-09-07T10:43:18.168+0900][1.491s][info][gc,heap     ] GC(19) Humongous regions: 2->2
[2026-09-07T10:43:18.168+0900][1.491s][info][gc,metaspace] GC(19) Metaspace: 23320K(23872K)->23320K(23872K) NonClass: 20501K(20800K)->20501K(20800K) Class: 2818K(3072K)->2818K(3072K)
[2026-09-07T10:43:18.168+0900][1.491s][info][gc          ] GC(19) Pause Young (Normal) (G1 Evacuation Pause) 342M->142M(380M) 0.720ms
[2026-09-07T10:43:18.168+0900][1.491s][info][gc,cpu      ] GC(19) User=0.00s Sys=0.01s Real=0.00s
[2026-09-07T10:43:18.168+0900][1.491s][info][safepoint   ] Safepoint "G1CollectForAllocation", Time since last: 78056916 ns, Reaching safepoint: 917 ns, Cleanup: 2042 ns, At safepoint: 733833 ns, Leaving safepoint: 1167 ns, Total: 737959 ns
[2026-09-07T10:43:18.249+0900][1.572s][info][gc,start    ] GC(20) Pause Young (Normal) (G1 Evacuation Pause)
[2026-09-07T10:43:18.249+0900][1.572s][info][gc,task     ] GC(20) Using 9 workers of 9 for evacuation
[2026-09-07T10:43:18.250+0900][1.573s][info][gc,phases   ] GC(20)   Pre Evacuate Collection Set: 0.06ms
[2026-09-07T10:43:18.250+0900][1.573s][info][gc,phases   ] GC(20)   Merge Heap Roots: 0.03ms
[2026-09-07T10:43:18.250+0900][1.573s][info][gc,phases   ] GC(20)   Evacuate Collection Set: 0.43ms
[2026-09-07T10:43:18.250+0900][1.573s][info][gc,phases   ] GC(20)   Post Evacuate Collection Set: 0.13ms
[2026-09-07T10:43:18.250+0900][1.573s][info][gc,phases   ] GC(20)   Other: 0.03ms
[2026-09-07T10:43:18.250+0900][1.573s][info][gc,heap     ] GC(20) Eden regions: 103->0(105)
[2026-09-07T10:43:18.250+0900][1.573s][info][gc,heap     ] GC(20) Survivor regions: 2->3(14)
[2026-09-07T10:43:18.250+0900][1.573s][info][gc,heap     ] GC(20) Old regions: 68->68
[2026-09-07T10:43:18.250+0900][1.573s][info][gc,heap     ] GC(20) Humongous regions: 2->2
[2026-09-07T10:43:18.250+0900][1.573s][info][gc,metaspace] GC(20) Metaspace: 23335K(23872K)->23335K(23872K) NonClass: 20516K(20800K)->20516K(20800K) Class: 2818K(3072K)->2818K(3072K)
[2026-09-07T10:43:18.250+0900][1.573s][info][gc          ] GC(20) Pause Young (Normal) (G1 Evacuation Pause) 348M->143M(380M) 0.764ms
[2026-09-07T10:43:18.250+0900][1.573s][info][gc,cpu      ] GC(20) User=0.00s Sys=0.00s Real=0.01s
[2026-09-07T10:43:18.250+0900][1.573s][info][safepoint   ] Safepoint "G1CollectForAllocation", Time since last: 81038958 ns, Reaching safepoint: 1458 ns, Cleanup: 1542 ns, At safepoint: 779958 ns, Leaving safepoint: 1167 ns, Total: 784125 ns
[2026-09-07T10:43:18.331+0900][1.654s][info][gc,start    ] GC(21) Pause Young (Normal) (G1 Evacuation Pause)
[2026-09-07T10:43:18.331+0900][1.654s][info][gc,task     ] GC(21) Using 9 workers of 9 for evacuation
[2026-09-07T10:43:18.332+0900][1.655s][info][gc,phases   ] GC(21)   Pre Evacuate Collection Set: 0.07ms
[2026-09-07T10:43:18.332+0900][1.655s][info][gc,phases   ] GC(21)   Merge Heap Roots: 0.02ms
[2026-09-07T10:43:18.332+0900][1.655s][info][gc,phases   ] GC(21)   Evacuate Collection Set: 0.48ms
[2026-09-07T10:43:18.332+0900][1.655s][info][gc,phases   ] GC(21)   Post Evacuate Collection Set: 0.12ms
[2026-09-07T10:43:18.332+0900][1.655s][info][gc,phases   ] GC(21)   Other: 0.02ms
[2026-09-07T10:43:18.332+0900][1.655s][info][gc,heap     ] GC(21) Eden regions: 105->0(107)
[2026-09-07T10:43:18.332+0900][1.655s][info][gc,heap     ] GC(21) Survivor regions: 3->3(14)
[2026-09-07T10:43:18.332+0900][1.655s][info][gc,heap     ] GC(21) Old regions: 68->68
[2026-09-07T10:43:18.332+0900][1.655s][info][gc,heap     ] GC(21) Humongous regions: 2->2
[2026-09-07T10:43:18.332+0900][1.655s][info][gc,metaspace] GC(21) Metaspace: 23337K(23872K)->23337K(23872K) NonClass: 20518K(20800K)->20518K(20800K) Class: 2818K(3072K)->2818K(3072K)
[2026-09-07T10:43:18.332+0900][1.655s][info][gc          ] GC(21) Pause Young (Normal) (G1 Evacuation Pause) 353M->144M(380M) 0.793ms
[2026-09-07T10:43:18.332+0900][1.655s][info][gc,cpu      ] GC(21) User=0.00s Sys=0.00s Real=0.00s
[2026-09-07T10:43:18.332+0900][1.655s][info][safepoint   ] Safepoint "G1CollectForAllocation", Time since last: 81170833 ns, Reaching safepoint: 1667 ns, Cleanup: 1333 ns, At safepoint: 808959 ns, Leaving safepoint: 1291 ns, Total: 813250 ns
[2026-09-07T10:43:18.414+0900][1.737s][info][gc,start    ] GC(22) Pause Young (Normal) (G1 Evacuation Pause)
[2026-09-07T10:43:18.414+0900][1.737s][info][gc,task     ] GC(22) Using 9 workers of 9 for evacuation
[2026-09-07T10:43:18.415+0900][1.738s][info][gc,phases   ] GC(22)   Pre Evacuate Collection Set: 0.07ms
[2026-09-07T10:43:18.415+0900][1.738s][info][gc,phases   ] GC(22)   Merge Heap Roots: 0.02ms
[2026-09-07T10:43:18.415+0900][1.738s][info][gc,phases   ] GC(22)   Evacuate Collection Set: 0.53ms
[2026-09-07T10:43:18.415+0900][1.738s][info][gc,phases   ] GC(22)   Post Evacuate Collection Set: 0.12ms
[2026-09-07T10:43:18.415+0900][1.738s][info][gc,phases   ] GC(22)   Other: 0.02ms
[2026-09-07T10:43:18.415+0900][1.738s][info][gc,heap     ] GC(22) Eden regions: 107->0(107)
[2026-09-07T10:43:18.415+0900][1.738s][info][gc,heap     ] GC(22) Survivor regions: 3->3(14)
[2026-09-07T10:43:18.415+0900][1.738s][info][gc,heap     ] GC(22) Old regions: 68->68
[2026-09-07T10:43:18.415+0900][1.738s][info][gc,heap     ] GC(22) Humongous regions: 2->2
[2026-09-07T10:43:18.415+0900][1.738s][info][gc,metaspace] GC(22) Metaspace: 23337K(23872K)->23337K(23872K) NonClass: 20518K(20800K)->20518K(20800K) Class: 2818K(3072K)->2818K(3072K)
[2026-09-07T10:43:18.415+0900][1.738s][info][gc          ] GC(22) Pause Young (Normal) (G1 Evacuation Pause) 358M->144M(380M) 0.831ms
[2026-09-07T10:43:18.415+0900][1.738s][info][gc,cpu      ] GC(22) User=0.00s Sys=0.00s Real=0.00s
[2026-09-07T10:43:18.415+0900][1.738s][info][safepoint   ] Safepoint "G1CollectForAllocation", Time since last: 82628084 ns, Reaching safepoint: 1291 ns, Cleanup: 1209 ns, At safepoint: 844416 ns, Leaving safepoint: 1084 ns, Total: 848000 ns
[2026-09-07T10:43:18.499+0900][1.822s][info][gc,start    ] GC(23) Pause Young (Normal) (G1 Evacuation Pause)
[2026-09-07T10:43:18.499+0900][1.822s][info][gc,task     ] GC(23) Using 9 workers of 9 for evacuation
[2026-09-07T10:43:18.499+0900][1.822s][info][gc,phases   ] GC(23)   Pre Evacuate Collection Set: 0.08ms
[2026-09-07T10:43:18.499+0900][1.822s][info][gc,phases   ] GC(23)   Merge Heap Roots: 0.03ms
[2026-09-07T10:43:18.499+0900][1.822s][info][gc,phases   ] GC(23)   Evacuate Collection Set: 0.50ms
[2026-09-07T10:43:18.499+0900][1.822s][info][gc,phases   ] GC(23)   Post Evacuate Collection Set: 0.14ms
[2026-09-07T10:43:18.499+0900][1.822s][info][gc,phases   ] GC(23)   Other: 0.02ms
[2026-09-07T10:43:18.499+0900][1.822s][info][gc,heap     ] GC(23) Eden regions: 107->0(107)
[2026-09-07T10:43:18.499+0900][1.822s][info][gc,heap     ] GC(23) Survivor regions: 3->3(14)
[2026-09-07T10:43:18.499+0900][1.822s][info][gc,heap     ] GC(23) Old regions: 68->68
[2026-09-07T10:43:18.499+0900][1.822s][info][gc,heap     ] GC(23) Humongous regions: 2->2
[2026-09-07T10:43:18.499+0900][1.822s][info][gc,metaspace] GC(23) Metaspace: 23338K(23872K)->23338K(23872K) NonClass: 20519K(20800K)->20519K(20800K) Class: 2818K(3072K)->2818K(3072K)
[2026-09-07T10:43:18.499+0900][1.822s][info][gc          ] GC(23) Pause Young (Normal) (G1 Evacuation Pause) 358M->144M(380M) 0.843ms
[2026-09-07T10:43:18.499+0900][1.822s][info][gc,cpu      ] GC(23) User=0.01s Sys=0.00s Real=0.00s
[2026-09-07T10:43:18.499+0900][1.822s][info][safepoint   ] Safepoint "G1CollectForAllocation", Time since last: 83283083 ns, Reaching safepoint: 1250 ns, Cleanup: 4875 ns, At safepoint: 858625 ns, Leaving safepoint: 1375 ns, Total: 866125 ns
[2026-09-07T10:43:18.583+0900][1.906s][info][gc,start    ] GC(24) Pause Young (Normal) (G1 Evacuation Pause)
[2026-09-07T10:43:18.583+0900][1.906s][info][gc,task     ] GC(24) Using 9 workers of 9 for evacuation
[2026-09-07T10:43:18.584+0900][1.907s][info][gc,phases   ] GC(24)   Pre Evacuate Collection Set: 0.07ms
[2026-09-07T10:43:18.584+0900][1.907s][info][gc,phases   ] GC(24)   Merge Heap Roots: 0.04ms
[2026-09-07T10:43:18.584+0900][1.907s][info][gc,phases   ] GC(24)   Evacuate Collection Set: 0.52ms
[2026-09-07T10:43:18.584+0900][1.907s][info][gc,phases   ] GC(24)   Post Evacuate Collection Set: 0.13ms
[2026-09-07T10:43:18.584+0900][1.907s][info][gc,phases   ] GC(24)   Other: 0.02ms
[2026-09-07T10:43:18.584+0900][1.907s][info][gc,heap     ] GC(24) Eden regions: 107->0(106)
[2026-09-07T10:43:18.584+0900][1.907s][info][gc,heap     ] GC(24) Survivor regions: 3->4(14)
[2026-09-07T10:43:18.584+0900][1.907s][info][gc,heap     ] GC(24) Old regions: 68->68
[2026-09-07T10:43:18.584+0900][1.907s][info][gc,heap     ] GC(24) Humongous regions: 2->2
[2026-09-07T10:43:18.584+0900][1.907s][info][gc,metaspace] GC(24) Metaspace: 23346K(23872K)->23346K(23872K) NonClass: 20527K(20800K)->20527K(20800K) Class: 2818K(3072K)->2818K(3072K)
[2026-09-07T10:43:18.584+0900][1.907s][info][gc          ] GC(24) Pause Young (Normal) (G1 Evacuation Pause) 358M->146M(380M) 0.858ms
[2026-09-07T10:43:18.584+0900][1.907s][info][gc,cpu      ] GC(24) User=0.01s Sys=0.00s Real=0.00s
[2026-09-07T10:43:18.584+0900][1.907s][info][safepoint   ] Safepoint "G1CollectForAllocation", Time since last: 83810917 ns, Reaching safepoint: 791 ns, Cleanup: 2584 ns, At safepoint: 882500 ns, Leaving safepoint: 1166 ns, Total: 887041 ns
[2026-09-07T10:43:18.665+0900][1.988s][info][gc,start    ] GC(25) Pause Young (Normal) (G1 Evacuation Pause)
[2026-09-07T10:43:18.665+0900][1.988s][info][gc,task     ] GC(25) Using 9 workers of 9 for evacuation
[2026-09-07T10:43:18.666+0900][1.989s][info][gc,phases   ] GC(25)   Pre Evacuate Collection Set: 0.07ms
[2026-09-07T10:43:18.666+0900][1.989s][info][gc,phases   ] GC(25)   Merge Heap Roots: 0.02ms
[2026-09-07T10:43:18.666+0900][1.989s][info][gc,phases   ] GC(25)   Evacuate Collection Set: 0.51ms
[2026-09-07T10:43:18.666+0900][1.989s][info][gc,phases   ] GC(25)   Post Evacuate Collection Set: 0.13ms
[2026-09-07T10:43:18.666+0900][1.989s][info][gc,phases   ] GC(25)   Other: 0.02ms
[2026-09-07T10:43:18.666+0900][1.989s][info][gc,heap     ] GC(25) Eden regions: 106->0(106)
[2026-09-07T10:43:18.666+0900][1.989s][info][gc,heap     ] GC(25) Survivor regions: 4->4(14)
[2026-09-07T10:43:18.666+0900][1.989s][info][gc,heap     ] GC(25) Old regions: 68->68
[2026-09-07T10:43:18.666+0900][1.989s][info][gc,heap     ] GC(25) Humongous regions: 2->2
[2026-09-07T10:43:18.666+0900][1.989s][info][gc,metaspace] GC(25) Metaspace: 23347K(23872K)->23347K(23872K) NonClass: 20528K(20800K)->20528K(20800K) Class: 2819K(3072K)->2819K(3072K)
[2026-09-07T10:43:18.666+0900][1.989s][info][gc          ] GC(25) Pause Young (Normal) (G1 Evacuation Pause) 358M->146M(380M) 0.831ms
[2026-09-07T10:43:18.666+0900][1.989s][info][gc,cpu      ] GC(25) User=0.00s Sys=0.01s Real=0.00s
[2026-09-07T10:43:18.666+0900][1.989s][info][safepoint   ] Safepoint "G1CollectForAllocation", Time since last: 80742834 ns, Reaching safepoint: 1791 ns, Cleanup: 2709 ns, At safepoint: 847541 ns, Leaving safepoint: 1042 ns, Total: 853083 ns
[2026-09-07T10:43:18.747+0900][2.070s][info][gc,start    ] GC(26) Pause Young (Normal) (G1 Evacuation Pause)
[2026-09-07T10:43:18.747+0900][2.070s][info][gc,task     ] GC(26) Using 9 workers of 9 for evacuation
[2026-09-07T10:43:18.748+0900][2.071s][info][gc,phases   ] GC(26)   Pre Evacuate Collection Set: 0.07ms
[2026-09-07T10:43:18.748+0900][2.071s][info][gc,phases   ] GC(26)   Merge Heap Roots: 0.02ms
[2026-09-07T10:43:18.748+0900][2.071s][info][gc,phases   ] GC(26)   Evacuate Collection Set: 0.61ms
[2026-09-07T10:43:18.748+0900][2.071s][info][gc,phases   ] GC(26)   Post Evacuate Collection Set: 0.13ms
[2026-09-07T10:43:18.748+0900][2.071s][info][gc,phases   ] GC(26)   Other: 0.02ms
[2026-09-07T10:43:18.748+0900][2.071s][info][gc,heap     ] GC(26) Eden regions: 106->0(106)
[2026-09-07T10:43:18.748+0900][2.071s][info][gc,heap     ] GC(26) Survivor regions: 4->4(14)
[2026-09-07T10:43:18.748+0900][2.071s][info][gc,heap     ] GC(26) Old regions: 68->68
[2026-09-07T10:43:18.748+0900][2.071s][info][gc,heap     ] GC(26) Humongous regions: 2->2
[2026-09-07T10:43:18.748+0900][2.071s][info][gc,metaspace] GC(26) Metaspace: 23347K(23872K)->23347K(23872K) NonClass: 20528K(20800K)->20528K(20800K) Class: 2819K(3072K)->2819K(3072K)
[2026-09-07T10:43:18.748+0900][2.071s][info][gc          ] GC(26) Pause Young (Normal) (G1 Evacuation Pause) 358M->147M(380M) 0.945ms
[2026-09-07T10:43:18.748+0900][2.071s][info][gc,cpu      ] GC(26) User=0.01s Sys=0.00s Real=0.00s
[2026-09-07T10:43:18.748+0900][2.071s][info][safepoint   ] Safepoint "G1CollectForAllocation", Time since last: 81067333 ns, Reaching safepoint: 1459 ns, Cleanup: 2625 ns, At safepoint: 961541 ns, Leaving safepoint: 1709 ns, Total: 967334 ns
[2026-09-07T10:43:18.829+0900][2.152s][info][gc,start    ] GC(27) Pause Young (Normal) (G1 Evacuation Pause)
[2026-09-07T10:43:18.829+0900][2.152s][info][gc,task     ] GC(27) Using 9 workers of 9 for evacuation
[2026-09-07T10:43:18.829+0900][2.152s][info][gc,phases   ] GC(27)   Pre Evacuate Collection Set: 0.08ms
[2026-09-07T10:43:18.829+0900][2.152s][info][gc,phases   ] GC(27)   Merge Heap Roots: 0.04ms
[2026-09-07T10:43:18.829+0900][2.152s][info][gc,phases   ] GC(27)   Evacuate Collection Set: 0.60ms
[2026-09-07T10:43:18.829+0900][2.152s][info][gc,phases   ] GC(27)   Post Evacuate Collection Set: 0.12ms
[2026-09-07T10:43:18.829+0900][2.152s][info][gc,phases   ] GC(27)   Other: 0.02ms
[2026-09-07T10:43:18.829+0900][2.152s][info][gc,heap     ] GC(27) Eden regions: 106->0(105)
[2026-09-07T10:43:18.829+0900][2.152s][info][gc,heap     ] GC(27) Survivor regions: 4->5(14)
[2026-09-07T10:43:18.829+0900][2.152s][info][gc,heap     ] GC(27) Old regions: 68->68
[2026-09-07T10:43:18.829+0900][2.152s][info][gc,heap     ] GC(27) Humongous regions: 2->2
[2026-09-07T10:43:18.829+0900][2.152s][info][gc,metaspace] GC(27) Metaspace: 23347K(23872K)->23347K(23872K) NonClass: 20528K(20800K)->20528K(20800K) Class: 2819K(3072K)->2819K(3072K)
[2026-09-07T10:43:18.829+0900][2.152s][info][gc          ] GC(27) Pause Young (Normal) (G1 Evacuation Pause) 359M->147M(380M) 0.949ms
[2026-09-07T10:43:18.829+0900][2.152s][info][gc,cpu      ] GC(27) User=0.01s Sys=0.00s Real=0.00s
[2026-09-07T10:43:18.829+0900][2.152s][info][safepoint   ] Safepoint "G1CollectForAllocation", Time since last: 80774208 ns, Reaching safepoint: 1333 ns, Cleanup: 1334 ns, At safepoint: 963500 ns, Leaving safepoint: 1083 ns, Total: 967250 ns
[2026-09-07T10:43:18.910+0900][2.233s][info][gc,start    ] GC(28) Pause Young (Normal) (G1 Evacuation Pause)
[2026-09-07T10:43:18.910+0900][2.233s][info][gc,task     ] GC(28) Using 9 workers of 9 for evacuation
[2026-09-07T10:43:18.911+0900][2.234s][info][gc,phases   ] GC(28)   Pre Evacuate Collection Set: 0.08ms
[2026-09-07T10:43:18.911+0900][2.234s][info][gc,phases   ] GC(28)   Merge Heap Roots: 0.02ms
[2026-09-07T10:43:18.911+0900][2.234s][info][gc,phases   ] GC(28)   Evacuate Collection Set: 0.65ms
[2026-09-07T10:43:18.911+0900][2.234s][info][gc,phases   ] GC(28)   Post Evacuate Collection Set: 0.13ms
[2026-09-07T10:43:18.911+0900][2.234s][info][gc,phases   ] GC(28)   Other: 0.02ms
[2026-09-07T10:43:18.911+0900][2.234s][info][gc,heap     ] GC(28) Eden regions: 105->0(105)
[2026-09-07T10:43:18.911+0900][2.234s][info][gc,heap     ] GC(28) Survivor regions: 5->5(14)
[2026-09-07T10:43:18.911+0900][2.234s][info][gc,heap     ] GC(28) Old regions: 68->68
[2026-09-07T10:43:18.911+0900][2.234s][info][gc,heap     ] GC(28) Humongous regions: 2->2
[2026-09-07T10:43:18.911+0900][2.234s][info][gc,metaspace] GC(28) Metaspace: 23351K(23872K)->23351K(23872K) NonClass: 20532K(20800K)->20532K(20800K) Class: 2819K(3072K)->2819K(3072K)
[2026-09-07T10:43:18.911+0900][2.234s][info][gc          ] GC(28) Pause Young (Normal) (G1 Evacuation Pause) 357M->149M(380M) 0.987ms
[2026-09-07T10:43:18.911+0900][2.234s][info][gc,cpu      ] GC(28) User=0.00s Sys=0.00s Real=0.00s
[2026-09-07T10:43:18.911+0900][2.234s][info][safepoint   ] Safepoint "G1CollectForAllocation", Time since last: 80178875 ns, Reaching safepoint: 958 ns, Cleanup: 1584 ns, At safepoint: 1002666 ns, Leaving safepoint: 1000 ns, Total: 1006208 ns
[2026-09-07T10:43:18.991+0900][2.314s][info][gc,start    ] GC(29) Pause Young (Normal) (G1 Evacuation Pause)
[2026-09-07T10:43:18.991+0900][2.314s][info][gc,task     ] GC(29) Using 9 workers of 9 for evacuation
[2026-09-07T10:43:18.992+0900][2.315s][info][gc,phases   ] GC(29)   Pre Evacuate Collection Set: 0.07ms
[2026-09-07T10:43:18.992+0900][2.315s][info][gc,phases   ] GC(29)   Merge Heap Roots: 0.02ms
[2026-09-07T10:43:18.992+0900][2.315s][info][gc,phases   ] GC(29)   Evacuate Collection Set: 0.64ms
[2026-09-07T10:43:18.992+0900][2.315s][info][gc,phases   ] GC(29)   Post Evacuate Collection Set: 0.14ms
[2026-09-07T10:43:18.992+0900][2.315s][info][gc,phases   ] GC(29)   Other: 0.02ms
[2026-09-07T10:43:18.992+0900][2.315s][info][gc,heap     ] GC(29) Eden regions: 105->0(104)
[2026-09-07T10:43:18.992+0900][2.315s][info][gc,heap     ] GC(29) Survivor regions: 5->5(14)
[2026-09-07T10:43:18.992+0900][2.315s][info][gc,heap     ] GC(29) Old regions: 68->69
[2026-09-07T10:43:18.992+0900][2.315s][info][gc,heap     ] GC(29) Humongous regions: 2->2
[2026-09-07T10:43:18.992+0900][2.315s][info][gc,metaspace] GC(29) Metaspace: 23351K(23872K)->23351K(23872K) NonClass: 20532K(20800K)->20532K(20800K) Class: 2819K(3072K)->2819K(3072K)
[2026-09-07T10:43:18.992+0900][2.315s][info][gc          ] GC(29) Pause Young (Normal) (G1 Evacuation Pause) 359M->149M(380M) 0.978ms
[2026-09-07T10:43:18.992+0900][2.315s][info][gc,cpu      ] GC(29) User=0.01s Sys=0.00s Real=0.00s
[2026-09-07T10:43:18.992+0900][2.315s][info][safepoint   ] Safepoint "G1CollectForAllocation", Time since last: 80057917 ns, Reaching safepoint: 1167 ns, Cleanup: 1208 ns, At safepoint: 992917 ns, Leaving safepoint: 958 ns, Total: 996250 ns
[2026-09-07T10:43:19.070+0900][2.393s][info][gc,start    ] GC(30) Pause Young (Normal) (G1 Evacuation Pause)
[2026-09-07T10:43:19.070+0900][2.393s][info][gc,task     ] GC(30) Using 9 workers of 9 for evacuation
[2026-09-07T10:43:19.071+0900][2.394s][info][gc,phases   ] GC(30)   Pre Evacuate Collection Set: 0.07ms
[2026-09-07T10:43:19.071+0900][2.394s][info][gc,phases   ] GC(30)   Merge Heap Roots: 0.02ms
[2026-09-07T10:43:19.071+0900][2.394s][info][gc,phases   ] GC(30)   Evacuate Collection Set: 0.67ms
[2026-09-07T10:43:19.071+0900][2.394s][info][gc,phases   ] GC(30)   Post Evacuate Collection Set: 0.13ms
[2026-09-07T10:43:19.071+0900][2.394s][info][gc,phases   ] GC(30)   Other: 0.02ms
[2026-09-07T10:43:19.071+0900][2.394s][info][gc,heap     ] GC(30) Eden regions: 104->0(104)
[2026-09-07T10:43:19.071+0900][2.394s][info][gc,heap     ] GC(30) Survivor regions: 5->5(14)
[2026-09-07T10:43:19.071+0900][2.394s][info][gc,heap     ] GC(30) Old regions: 69->69
[2026-09-07T10:43:19.071+0900][2.394s][info][gc,heap     ] GC(30) Humongous regions: 2->2
[2026-09-07T10:43:19.071+0900][2.394s][info][gc,metaspace] GC(30) Metaspace: 23351K(23872K)->23351K(23872K) NonClass: 20532K(20800K)->20532K(20800K) Class: 2819K(3072K)->2819K(3072K)
[2026-09-07T10:43:19.071+0900][2.394s][info][gc          ] GC(30) Pause Young (Normal) (G1 Evacuation Pause) 357M->150M(380M) 0.991ms
[2026-09-07T10:43:19.071+0900][2.394s][info][gc,cpu      ] GC(30) User=0.00s Sys=0.00s Real=0.00s
[2026-09-07T10:43:19.071+0900][2.394s][info][safepoint   ] Safepoint "G1CollectForAllocation", Time since last: 78322583 ns, Reaching safepoint: 1584 ns, Cleanup: 1166 ns, At safepoint: 1005750 ns, Leaving safepoint: 1000 ns, Total: 1009500 ns
[2026-09-07T10:43:19.152+0900][2.475s][info][gc,start    ] GC(31) Pause Young (Normal) (G1 Evacuation Pause)
[2026-09-07T10:43:19.152+0900][2.475s][info][gc,task     ] GC(31) Using 9 workers of 9 for evacuation
[2026-09-07T10:43:19.153+0900][2.476s][info][gc,phases   ] GC(31)   Pre Evacuate Collection Set: 0.08ms
[2026-09-07T10:43:19.153+0900][2.476s][info][gc,phases   ] GC(31)   Merge Heap Roots: 0.03ms
[2026-09-07T10:43:19.153+0900][2.476s][info][gc,phases   ] GC(31)   Evacuate Collection Set: 0.67ms
[2026-09-07T10:43:19.153+0900][2.476s][info][gc,phases   ] GC(31)   Post Evacuate Collection Set: 0.12ms
[2026-09-07T10:43:19.153+0900][2.476s][info][gc,phases   ] GC(31)   Other: 0.02ms
[2026-09-07T10:43:19.153+0900][2.476s][info][gc,heap     ] GC(31) Eden regions: 104->0(104)
[2026-09-07T10:43:19.153+0900][2.476s][info][gc,heap     ] GC(31) Survivor regions: 5->5(14)
[2026-09-07T10:43:19.153+0900][2.476s][info][gc,heap     ] GC(31) Old regions: 69->69
[2026-09-07T10:43:19.153+0900][2.476s][info][gc,heap     ] GC(31) Humongous regions: 2->2
[2026-09-07T10:43:19.153+0900][2.476s][info][gc,metaspace] GC(31) Metaspace: 23351K(23872K)->23351K(23872K) NonClass: 20532K(20800K)->20532K(20800K) Class: 2819K(3072K)->2819K(3072K)
[2026-09-07T10:43:19.153+0900][2.476s][info][gc          ] GC(31) Pause Young (Normal) (G1 Evacuation Pause) 358M->150M(380M) 1.000ms
[2026-09-07T10:43:19.153+0900][2.476s][info][gc,cpu      ] GC(31) User=0.01s Sys=0.00s Real=0.00s
[2026-09-07T10:43:19.153+0900][2.476s][info][safepoint   ] Safepoint "G1CollectForAllocation", Time since last: 80858542 ns, Reaching safepoint: 1083 ns, Cleanup: 1417 ns, At safepoint: 1015583 ns, Leaving safepoint: 1000 ns, Total: 1019083 ns
[2026-09-07T10:43:19.232+0900][2.555s][info][gc,start    ] GC(32) Pause Young (Normal) (G1 Evacuation Pause)
[2026-09-07T10:43:19.232+0900][2.555s][info][gc,task     ] GC(32) Using 9 workers of 9 for evacuation
[2026-09-07T10:43:19.233+0900][2.556s][info][gc,phases   ] GC(32)   Pre Evacuate Collection Set: 0.05ms
[2026-09-07T10:43:19.233+0900][2.556s][info][gc,phases   ] GC(32)   Merge Heap Roots: 0.04ms
[2026-09-07T10:43:19.233+0900][2.556s][info][gc,phases   ] GC(32)   Evacuate Collection Set: 0.71ms
[2026-09-07T10:43:19.233+0900][2.556s][info][gc,phases   ] GC(32)   Post Evacuate Collection Set: 0.12ms
[2026-09-07T10:43:19.233+0900][2.556s][info][gc,phases   ] GC(32)   Other: 0.02ms
[2026-09-07T10:43:19.233+0900][2.556s][info][gc,heap     ] GC(32) Eden regions: 104->0(104)
[2026-09-07T10:43:19.233+0900][2.556s][info][gc,heap     ] GC(32) Survivor regions: 5->5(14)
[2026-09-07T10:43:19.233+0900][2.556s][info][gc,heap     ] GC(32) Old regions: 69->69
[2026-09-07T10:43:19.233+0900][2.556s][info][gc,heap     ] GC(32) Humongous regions: 2->2
[2026-09-07T10:43:19.233+0900][2.556s][info][gc,metaspace] GC(32) Metaspace: 23351K(23872K)->23351K(23872K) NonClass: 20532K(20800K)->20532K(20800K) Class: 2819K(3072K)->2819K(3072K)
[2026-09-07T10:43:19.233+0900][2.556s][info][gc          ] GC(32) Pause Young (Normal) (G1 Evacuation Pause) 358M->151M(380M) 1.027ms
[2026-09-07T10:43:19.233+0900][2.556s][info][gc,cpu      ] GC(32) User=0.01s Sys=0.00s Real=0.00s
[2026-09-07T10:43:19.233+0900][2.556s][info][safepoint   ] Safepoint "G1CollectForAllocation", Time since last: 78907959 ns, Reaching safepoint: 1666 ns, Cleanup: 1125 ns, At safepoint: 1044834 ns, Leaving safepoint: 1208 ns, Total: 1048833 ns
[2026-09-07T10:43:19.312+0900][2.635s][info][gc,start    ] GC(33) Pause Young (Normal) (G1 Evacuation Pause)
[2026-09-07T10:43:19.312+0900][2.635s][info][gc,task     ] GC(33) Using 9 workers of 9 for evacuation
[2026-09-07T10:43:19.313+0900][2.636s][info][gc,phases   ] GC(33)   Pre Evacuate Collection Set: 0.08ms
[2026-09-07T10:43:19.313+0900][2.636s][info][gc,phases   ] GC(33)   Merge Heap Roots: 0.02ms
[2026-09-07T10:43:19.313+0900][2.636s][info][gc,phases   ] GC(33)   Evacuate Collection Set: 0.71ms
[2026-09-07T10:43:19.313+0900][2.636s][info][gc,phases   ] GC(33)   Post Evacuate Collection Set: 0.13ms
[2026-09-07T10:43:19.313+0900][2.636s][info][gc,phases   ] GC(33)   Other: 0.02ms
[2026-09-07T10:43:19.313+0900][2.636s][info][gc,heap     ] GC(33) Eden regions: 104->0(103)
[2026-09-07T10:43:19.313+0900][2.636s][info][gc,heap     ] GC(33) Survivor regions: 5->5(14)
[2026-09-07T10:43:19.313+0900][2.636s][info][gc,heap     ] GC(33) Old regions: 69->70
[2026-09-07T10:43:19.313+0900][2.636s][info][gc,heap     ] GC(33) Humongous regions: 2->2
[2026-09-07T10:43:19.313+0900][2.636s][info][gc,metaspace] GC(33) Metaspace: 23351K(23872K)->23351K(23872K) NonClass: 20532K(20800K)->20532K(20800K) Class: 2819K(3072K)->2819K(3072K)
[2026-09-07T10:43:19.313+0900][2.636s][info][gc          ] GC(33) Pause Young (Normal) (G1 Evacuation Pause) 359M->152M(380M) 1.035ms
[2026-09-07T10:43:19.313+0900][2.636s][info][gc,cpu      ] GC(33) User=0.01s Sys=0.00s Real=0.00s
[2026-09-07T10:43:19.313+0900][2.636s][info][safepoint   ] Safepoint "G1CollectForAllocation", Time since last: 78733000 ns, Reaching safepoint: 1333 ns, Cleanup: 2292 ns, At safepoint: 1049917 ns, Leaving safepoint: 1416 ns, Total: 1054958 ns
[2026-09-07T10:43:19.391+0900][2.714s][info][gc,start    ] GC(34) Pause Young (Normal) (G1 Evacuation Pause)
[2026-09-07T10:43:19.391+0900][2.714s][info][gc,task     ] GC(34) Using 9 workers of 9 for evacuation
[2026-09-07T10:43:19.392+0900][2.715s][info][gc,phases   ] GC(34)   Pre Evacuate Collection Set: 0.05ms
[2026-09-07T10:43:19.392+0900][2.715s][info][gc,phases   ] GC(34)   Merge Heap Roots: 0.03ms
[2026-09-07T10:43:19.392+0900][2.715s][info][gc,phases   ] GC(34)   Evacuate Collection Set: 0.76ms
[2026-09-07T10:43:19.392+0900][2.715s][info][gc,phases   ] GC(34)   Post Evacuate Collection Set: 0.13ms
[2026-09-07T10:43:19.392+0900][2.715s][info][gc,phases   ] GC(34)   Other: 0.02ms
[2026-09-07T10:43:19.392+0900][2.715s][info][gc,heap     ] GC(34) Eden regions: 103->0(102)
[2026-09-07T10:43:19.392+0900][2.715s][info][gc,heap     ] GC(34) Survivor regions: 5->6(14)
[2026-09-07T10:43:19.392+0900][2.715s][info][gc,heap     ] GC(34) Old regions: 70->70
[2026-09-07T10:43:19.392+0900][2.715s][info][gc,heap     ] GC(34) Humongous regions: 2->2
[2026-09-07T10:43:19.392+0900][2.715s][info][gc,metaspace] GC(34) Metaspace: 23351K(23872K)->23351K(23872K) NonClass: 20532K(20800K)->20532K(20800K) Class: 2819K(3072K)->2819K(3072K)
[2026-09-07T10:43:19.392+0900][2.715s][info][gc          ] GC(34) Pause Young (Normal) (G1 Evacuation Pause) 358M->153M(380M) 1.078ms
[2026-09-07T10:43:19.392+0900][2.715s][info][gc,cpu      ] GC(34) User=0.01s Sys=0.00s Real=0.00s
[2026-09-07T10:43:19.392+0900][2.715s][info][safepoint   ] Safepoint "G1CollectForAllocation", Time since last: 78485459 ns, Reaching safepoint: 1333 ns, Cleanup: 875 ns, At safepoint: 1092667 ns, Leaving safepoint: 791 ns, Total: 1095666 ns
[2026-09-07T10:43:19.471+0900][2.794s][info][gc,start    ] GC(35) Pause Young (Normal) (G1 Evacuation Pause)
[2026-09-07T10:43:19.471+0900][2.794s][info][gc,task     ] GC(35) Using 9 workers of 9 for evacuation
[2026-09-07T10:43:19.472+0900][2.795s][info][gc,phases   ] GC(35)   Pre Evacuate Collection Set: 0.08ms
[2026-09-07T10:43:19.472+0900][2.795s][info][gc,phases   ] GC(35)   Merge Heap Roots: 0.02ms
[2026-09-07T10:43:19.472+0900][2.795s][info][gc,phases   ] GC(35)   Evacuate Collection Set: 0.70ms
[2026-09-07T10:43:19.472+0900][2.795s][info][gc,phases   ] GC(35)   Post Evacuate Collection Set: 0.11ms
[2026-09-07T10:43:19.472+0900][2.795s][info][gc,phases   ] GC(35)   Other: 0.02ms
[2026-09-07T10:43:19.472+0900][2.795s][info][gc,heap     ] GC(35) Eden regions: 102->0(102)
[2026-09-07T10:43:19.472+0900][2.795s][info][gc,heap     ] GC(35) Survivor regions: 6->6(14)
[2026-09-07T10:43:19.472+0900][2.795s][info][gc,heap     ] GC(35) Old regions: 70->70
[2026-09-07T10:43:19.472+0900][2.795s][info][gc,heap     ] GC(35) Humongous regions: 2->2
[2026-09-07T10:43:19.472+0900][2.795s][info][gc,metaspace] GC(35) Metaspace: 23360K(23872K)->23360K(23872K) NonClass: 20541K(20800K)->20541K(20800K) Class: 2819K(3072K)->2819K(3072K)
[2026-09-07T10:43:19.472+0900][2.795s][info][gc          ] GC(35) Pause Young (Normal) (G1 Evacuation Pause) 357M->153M(380M) 0.994ms
[2026-09-07T10:43:19.472+0900][2.795s][info][gc,cpu      ] GC(35) User=0.00s Sys=0.01s Real=0.00s
[2026-09-07T10:43:19.472+0900][2.795s][info][safepoint   ] Safepoint "G1CollectForAllocation", Time since last: 78742625 ns, Reaching safepoint: 1084 ns, Cleanup: 916 ns, At safepoint: 1008250 ns, Leaving safepoint: 1125 ns, Total: 1011375 ns
[2026-09-07T10:43:19.550+0900][2.873s][info][gc,start    ] GC(36) Pause Young (Normal) (G1 Evacuation Pause)
[2026-09-07T10:43:19.550+0900][2.873s][info][gc,task     ] GC(36) Using 9 workers of 9 for evacuation
[2026-09-07T10:43:19.550+0900][2.873s][info][gc,phases   ] GC(36)   Pre Evacuate Collection Set: 0.08ms
[2026-09-07T10:43:19.550+0900][2.873s][info][gc,phases   ] GC(36)   Merge Heap Roots: 0.02ms
[2026-09-07T10:43:19.550+0900][2.873s][info][gc,phases   ] GC(36)   Evacuate Collection Set: 0.50ms
[2026-09-07T10:43:19.550+0900][2.873s][info][gc,phases   ] GC(36)   Post Evacuate Collection Set: 0.12ms
[2026-09-07T10:43:19.550+0900][2.873s][info][gc,phases   ] GC(36)   Other: 0.02ms
[2026-09-07T10:43:19.550+0900][2.873s][info][gc,heap     ] GC(36) Eden regions: 102->0(103)
[2026-09-07T10:43:19.550+0900][2.873s][info][gc,heap     ] GC(36) Survivor regions: 6->4(14)
[2026-09-07T10:43:19.550+0900][2.873s][info][gc,heap     ] GC(36) Old regions: 70->71
[2026-09-07T10:43:19.550+0900][2.873s][info][gc,heap     ] GC(36) Humongous regions: 2->2
[2026-09-07T10:43:19.550+0900][2.873s][info][gc,metaspace] GC(36) Metaspace: 23360K(23872K)->23360K(23872K) NonClass: 20541K(20800K)->20541K(20800K) Class: 2819K(3072K)->2819K(3072K)
[2026-09-07T10:43:19.550+0900][2.873s][info][gc          ] GC(36) Pause Young (Normal) (G1 Evacuation Pause) 357M->150M(380M) 0.809ms
[2026-09-07T10:43:19.550+0900][2.873s][info][gc,cpu      ] GC(36) User=0.01s Sys=0.00s Real=0.00s
[2026-09-07T10:43:19.550+0900][2.873s][info][safepoint   ] Safepoint "G1CollectForAllocation", Time since last: 77553667 ns, Reaching safepoint: 1042 ns, Cleanup: 1333 ns, At safepoint: 833583 ns, Leaving safepoint: 1334 ns, Total: 837292 ns
[2026-09-07T10:43:19.629+0900][2.952s][info][gc,start    ] GC(37) Pause Young (Normal) (G1 Evacuation Pause)
[2026-09-07T10:43:19.629+0900][2.952s][info][gc,task     ] GC(37) Using 9 workers of 9 for evacuation
[2026-09-07T10:43:19.630+0900][2.953s][info][gc,phases   ] GC(37)   Pre Evacuate Collection Set: 0.09ms
[2026-09-07T10:43:19.630+0900][2.953s][info][gc,phases   ] GC(37)   Merge Heap Roots: 0.03ms
[2026-09-07T10:43:19.630+0900][2.953s][info][gc,phases   ] GC(37)   Evacuate Collection Set: 0.51ms
[2026-09-07T10:43:19.630+0900][2.953s][info][gc,phases   ] GC(37)   Post Evacuate Collection Set: 0.12ms
[2026-09-07T10:43:19.630+0900][2.953s][info][gc,phases   ] GC(37)   Other: 0.02ms
[2026-09-07T10:43:19.630+0900][2.953s][info][gc,heap     ] GC(37) Eden regions: 103->0(103)
[2026-09-07T10:43:19.630+0900][2.953s][info][gc,heap     ] GC(37) Survivor regions: 4->4(14)
[2026-09-07T10:43:19.630+0900][2.953s][info][gc,heap     ] GC(37) Old regions: 71->71
[2026-09-07T10:43:19.630+0900][2.953s][info][gc,heap     ] GC(37) Humongous regions: 2->2
[2026-09-07T10:43:19.630+0900][2.953s][info][gc,metaspace] GC(37) Metaspace: 23360K(23872K)->23360K(23872K) NonClass: 20541K(20800K)->20541K(20800K) Class: 2819K(3072K)->2819K(3072K)
[2026-09-07T10:43:19.630+0900][2.953s][info][gc          ] GC(37) Pause Young (Normal) (G1 Evacuation Pause) 356M->150M(380M) 0.838ms
[2026-09-07T10:43:19.630+0900][2.953s][info][gc,cpu      ] GC(37) User=0.01s Sys=0.00s Real=0.01s
[2026-09-07T10:43:19.630+0900][2.953s][info][safepoint   ] Safepoint "G1CollectForAllocation", Time since last: 78511416 ns, Reaching safepoint: 959 ns, Cleanup: 500 ns, At safepoint: 851333 ns, Leaving safepoint: 875 ns, Total: 853667 ns
[2026-09-07T10:43:19.708+0900][3.031s][info][gc,start    ] GC(38) Pause Young (Normal) (G1 Evacuation Pause)
[2026-09-07T10:43:19.708+0900][3.031s][info][gc,task     ] GC(38) Using 9 workers of 9 for evacuation
[2026-09-07T10:43:19.708+0900][3.031s][info][gc,phases   ] GC(38)   Pre Evacuate Collection Set: 0.06ms
[2026-09-07T10:43:19.708+0900][3.031s][info][gc,phases   ] GC(38)   Merge Heap Roots: 0.02ms
[2026-09-07T10:43:19.708+0900][3.031s][info][gc,phases   ] GC(38)   Evacuate Collection Set: 0.52ms
[2026-09-07T10:43:19.708+0900][3.031s][info][gc,phases   ] GC(38)   Post Evacuate Collection Set: 0.12ms
[2026-09-07T10:43:19.708+0900][3.031s][info][gc,phases   ] GC(38)   Other: 0.02ms
[2026-09-07T10:43:19.708+0900][3.031s][info][gc,heap     ] GC(38) Eden regions: 103->0(103)
[2026-09-07T10:43:19.708+0900][3.031s][info][gc,heap     ] GC(38) Survivor regions: 4->4(14)
[2026-09-07T10:43:19.708+0900][3.031s][info][gc,heap     ] GC(38) Old regions: 71->71
[2026-09-07T10:43:19.708+0900][3.031s][info][gc,heap     ] GC(38) Humongous regions: 2->2
[2026-09-07T10:43:19.708+0900][3.031s][info][gc,metaspace] GC(38) Metaspace: 23360K(23872K)->23360K(23872K) NonClass: 20541K(20800K)->20541K(20800K) Class: 2819K(3072K)->2819K(3072K)
[2026-09-07T10:43:19.708+0900][3.031s][info][gc          ] GC(38) Pause Young (Normal) (G1 Evacuation Pause) 356M->151M(380M) 0.802ms
[2026-09-07T10:43:19.708+0900][3.031s][info][gc,cpu      ] GC(38) User=0.00s Sys=0.00s Real=0.00s
[2026-09-07T10:43:19.708+0900][3.031s][info][safepoint   ] Safepoint "G1CollectForAllocation", Time since last: 77888042 ns, Reaching safepoint: 1333 ns, Cleanup: 958 ns, At safepoint: 818000 ns, Leaving safepoint: 1042 ns, Total: 821333 ns
[2026-09-07T10:43:19.788+0900][3.111s][info][gc,start    ] GC(39) Pause Young (Normal) (G1 Evacuation Pause)
[2026-09-07T10:43:19.788+0900][3.111s][info][gc,task     ] GC(39) Using 9 workers of 9 for evacuation
[2026-09-07T10:43:19.789+0900][3.112s][info][gc,phases   ] GC(39)   Pre Evacuate Collection Set: 0.08ms
[2026-09-07T10:43:19.789+0900][3.112s][info][gc,phases   ] GC(39)   Merge Heap Roots: 0.02ms
[2026-09-07T10:43:19.789+0900][3.112s][info][gc,phases   ] GC(39)   Evacuate Collection Set: 0.54ms
[2026-09-07T10:43:19.789+0900][3.112s][info][gc,phases   ] GC(39)   Post Evacuate Collection Set: 0.12ms
[2026-09-07T10:43:19.789+0900][3.112s][info][gc,phases   ] GC(39)   Other: 0.02ms
[2026-09-07T10:43:19.789+0900][3.112s][info][gc,heap     ] GC(39) Eden regions: 103->0(102)
[2026-09-07T10:43:19.789+0900][3.112s][info][gc,heap     ] GC(39) Survivor regions: 4->4(14)
[2026-09-07T10:43:19.789+0900][3.112s][info][gc,heap     ] GC(39) Old regions: 71->72
[2026-09-07T10:43:19.789+0900][3.112s][info][gc,heap     ] GC(39) Humongous regions: 2->2
[2026-09-07T10:43:19.789+0900][3.112s][info][gc,metaspace] GC(39) Metaspace: 23360K(23872K)->23360K(23872K) NonClass: 20541K(20800K)->20541K(20800K) Class: 2819K(3072K)->2819K(3072K)
[2026-09-07T10:43:19.789+0900][3.112s][info][gc          ] GC(39) Pause Young (Normal) (G1 Evacuation Pause) 357M->152M(380M) 0.862ms
[2026-09-07T10:43:19.789+0900][3.112s][info][gc,cpu      ] GC(39) User=0.01s Sys=0.00s Real=0.00s
[2026-09-07T10:43:19.789+0900][3.112s][info][safepoint   ] Safepoint "G1CollectForAllocation", Time since last: 79614708 ns, Reaching safepoint: 1209 ns, Cleanup: 958 ns, At safepoint: 878750 ns, Leaving safepoint: 958 ns, Total: 881875 ns
[2026-09-07T10:43:19.866+0900][3.189s][info][gc,start    ] GC(40) Pause Young (Normal) (G1 Evacuation Pause)
[2026-09-07T10:43:19.866+0900][3.189s][info][gc,task     ] GC(40) Using 9 workers of 9 for evacuation
[2026-09-07T10:43:19.866+0900][3.189s][info][gc,phases   ] GC(40)   Pre Evacuate Collection Set: 0.07ms
[2026-09-07T10:43:19.866+0900][3.189s][info][gc,phases   ] GC(40)   Merge Heap Roots: 0.02ms
[2026-09-07T10:43:19.866+0900][3.189s][info][gc,phases   ] GC(40)   Evacuate Collection Set: 0.53ms
[2026-09-07T10:43:19.866+0900][3.189s][info][gc,phases   ] GC(40)   Post Evacuate Collection Set: 0.11ms
[2026-09-07T10:43:19.866+0900][3.189s][info][gc,phases   ] GC(40)   Other: 0.02ms
[2026-09-07T10:43:19.866+0900][3.189s][info][gc,heap     ] GC(40) Eden regions: 102->0(102)
[2026-09-07T10:43:19.866+0900][3.189s][info][gc,heap     ] GC(40) Survivor regions: 4->4(14)
[2026-09-07T10:43:19.866+0900][3.189s][info][gc,heap     ] GC(40) Old regions: 72->72
[2026-09-07T10:43:19.866+0900][3.189s][info][gc,heap     ] GC(40) Humongous regions: 2->2
[2026-09-07T10:43:19.866+0900][3.189s][info][gc,metaspace] GC(40) Metaspace: 23360K(23872K)->23360K(23872K) NonClass: 20541K(20800K)->20541K(20800K) Class: 2819K(3072K)->2819K(3072K)
[2026-09-07T10:43:19.866+0900][3.189s][info][gc          ] GC(40) Pause Young (Normal) (G1 Evacuation Pause) 356M->153M(380M) 0.821ms
[2026-09-07T10:43:19.866+0900][3.189s][info][gc,cpu      ] GC(40) User=0.01s Sys=0.00s Real=0.00s
[2026-09-07T10:43:19.866+0900][3.189s][info][safepoint   ] Safepoint "G1CollectForAllocation", Time since last: 76673959 ns, Reaching safepoint: 1458 ns, Cleanup: 1833 ns, At safepoint: 836209 ns, Leaving safepoint: 1208 ns, Total: 840708 ns
[2026-09-07T10:43:19.944+0900][3.267s][info][gc,start    ] GC(41) Pause Young (Normal) (G1 Evacuation Pause)
[2026-09-07T10:43:19.945+0900][3.267s][info][gc,task     ] GC(41) Using 9 workers of 9 for evacuation
[2026-09-07T10:43:19.945+0900][3.268s][info][gc,phases   ] GC(41)   Pre Evacuate Collection Set: 0.08ms
[2026-09-07T10:43:19.945+0900][3.268s][info][gc,phases   ] GC(41)   Merge Heap Roots: 0.03ms
[2026-09-07T10:43:19.945+0900][3.268s][info][gc,phases   ] GC(41)   Evacuate Collection Set: 0.33ms
[2026-09-07T10:43:19.945+0900][3.268s][info][gc,phases   ] GC(41)   Post Evacuate Collection Set: 0.12ms
[2026-09-07T10:43:19.945+0900][3.268s][info][gc,phases   ] GC(41)   Other: 0.02ms
[2026-09-07T10:43:19.945+0900][3.268s][info][gc,heap     ] GC(41) Eden regions: 102->0(104)
[2026-09-07T10:43:19.945+0900][3.268s][info][gc,heap     ] GC(41) Survivor regions: 4->2(14)
[2026-09-07T10:43:19.945+0900][3.268s][info][gc,heap     ] GC(41) Old regions: 72->72
[2026-09-07T10:43:19.945+0900][3.268s][info][gc,heap     ] GC(41) Humongous regions: 2->2
[2026-09-07T10:43:19.945+0900][3.268s][info][gc,metaspace] GC(41) Metaspace: 23360K(23872K)->23360K(23872K) NonClass: 20541K(20800K)->20541K(20800K) Class: 2819K(3072K)->2819K(3072K)
[2026-09-07T10:43:19.945+0900][3.268s][info][gc          ] GC(41) Pause Young (Normal) (G1 Evacuation Pause) 357M->150M(380M) 0.658ms
[2026-09-07T10:43:19.945+0900][3.268s][info][gc,cpu      ] GC(41) User=0.00s Sys=0.00s Real=0.00s
[2026-09-07T10:43:19.945+0900][3.268s][info][safepoint   ] Safepoint "G1CollectForAllocation", Time since last: 77978500 ns, Reaching safepoint: 1500 ns, Cleanup: 1167 ns, At safepoint: 671291 ns, Leaving safepoint: 875 ns, Total: 674833 ns
[2026-09-07T10:43:20.023+0900][3.346s][info][gc,start    ] GC(42) Pause Young (Normal) (G1 Evacuation Pause)
[2026-09-07T10:43:20.023+0900][3.346s][info][gc,task     ] GC(42) Using 9 workers of 9 for evacuation
[2026-09-07T10:43:20.024+0900][3.347s][info][gc,phases   ] GC(42)   Pre Evacuate Collection Set: 0.06ms
[2026-09-07T10:43:20.024+0900][3.347s][info][gc,phases   ] GC(42)   Merge Heap Roots: 0.02ms
[2026-09-07T10:43:20.024+0900][3.347s][info][gc,phases   ] GC(42)   Evacuate Collection Set: 0.35ms
[2026-09-07T10:43:20.024+0900][3.347s][info][gc,phases   ] GC(42)   Post Evacuate Collection Set: 0.12ms
[2026-09-07T10:43:20.024+0900][3.347s][info][gc,phases   ] GC(42)   Other: 0.02ms
[2026-09-07T10:43:20.024+0900][3.347s][info][gc,heap     ] GC(42) Eden regions: 104->0(103)
[2026-09-07T10:43:20.024+0900][3.347s][info][gc,heap     ] GC(42) Survivor regions: 2->2(14)
[2026-09-07T10:43:20.024+0900][3.347s][info][gc,heap     ] GC(42) Old regions: 72->73
[2026-09-07T10:43:20.024+0900][3.347s][info][gc,heap     ] GC(42) Humongous regions: 2->2
[2026-09-07T10:43:20.024+0900][3.347s][info][gc,metaspace] GC(42) Metaspace: 23360K(23872K)->23360K(23872K) NonClass: 20541K(20800K)->20541K(20800K) Class: 2819K(3072K)->2819K(3072K)
[2026-09-07T10:43:20.024+0900][3.347s][info][gc          ] GC(42) Pause Young (Normal) (G1 Evacuation Pause) 358M->150M(380M) 0.636ms
[2026-09-07T10:43:20.024+0900][3.347s][info][gc,cpu      ] GC(42) User=0.00s Sys=0.00s Real=0.00s
[2026-09-07T10:43:20.024+0900][3.347s][info][safepoint   ] Safepoint "G1CollectForAllocation", Time since last: 78210709 ns, Reaching safepoint: 916 ns, Cleanup: 1459 ns, At safepoint: 650416 ns, Leaving safepoint: 959 ns, Total: 653750 ns
[2026-09-07T10:43:20.103+0900][3.426s][info][gc,start    ] GC(43) Pause Young (Normal) (G1 Evacuation Pause)
[2026-09-07T10:43:20.103+0900][3.426s][info][gc,task     ] GC(43) Using 9 workers of 9 for evacuation
[2026-09-07T10:43:20.103+0900][3.426s][info][gc,phases   ] GC(43)   Pre Evacuate Collection Set: 0.08ms
[2026-09-07T10:43:20.103+0900][3.426s][info][gc,phases   ] GC(43)   Merge Heap Roots: 0.04ms
[2026-09-07T10:43:20.103+0900][3.426s][info][gc,phases   ] GC(43)   Evacuate Collection Set: 0.35ms
[2026-09-07T10:43:20.103+0900][3.426s][info][gc,phases   ] GC(43)   Post Evacuate Collection Set: 0.12ms
[2026-09-07T10:43:20.103+0900][3.426s][info][gc,phases   ] GC(43)   Other: 0.02ms
[2026-09-07T10:43:20.103+0900][3.426s][info][gc,heap     ] GC(43) Eden regions: 103->0(103)
[2026-09-07T10:43:20.103+0900][3.426s][info][gc,heap     ] GC(43) Survivor regions: 2->2(14)
[2026-09-07T10:43:20.103+0900][3.426s][info][gc,heap     ] GC(43) Old regions: 73->73
[2026-09-07T10:43:20.103+0900][3.426s][info][gc,heap     ] GC(43) Humongous regions: 2->2
[2026-09-07T10:43:20.103+0900][3.426s][info][gc,metaspace] GC(43) Metaspace: 23360K(23872K)->23360K(23872K) NonClass: 20541K(20800K)->20541K(20800K) Class: 2819K(3072K)->2819K(3072K)
[2026-09-07T10:43:20.103+0900][3.426s][info][gc          ] GC(43) Pause Young (Normal) (G1 Evacuation Pause) 356M->151M(380M) 0.682ms
[2026-09-07T10:43:20.103+0900][3.426s][info][gc,cpu      ] GC(43) User=0.00s Sys=0.00s Real=0.00s
[2026-09-07T10:43:20.103+0900][3.426s][info][safepoint   ] Safepoint "G1CollectForAllocation", Time since last: 78788541 ns, Reaching safepoint: 1334 ns, Cleanup: 1500 ns, At safepoint: 697500 ns, Leaving safepoint: 833 ns, Total: 701167 ns
[2026-09-07T10:43:20.182+0900][3.505s][info][gc,start    ] GC(44) Pause Young (Normal) (G1 Evacuation Pause)
[2026-09-07T10:43:20.182+0900][3.505s][info][gc,task     ] GC(44) Using 9 workers of 9 for evacuation
[2026-09-07T10:43:20.183+0900][3.506s][info][gc,phases   ] GC(44)   Pre Evacuate Collection Set: 0.08ms
[2026-09-07T10:43:20.183+0900][3.506s][info][gc,phases   ] GC(44)   Merge Heap Roots: 0.03ms
[2026-09-07T10:43:20.183+0900][3.506s][info][gc,phases   ] GC(44)   Evacuate Collection Set: 0.33ms
[2026-09-07T10:43:20.183+0900][3.506s][info][gc,phases   ] GC(44)   Post Evacuate Collection Set: 0.11ms
[2026-09-07T10:43:20.183+0900][3.506s][info][gc,phases   ] GC(44)   Other: 0.02ms
[2026-09-07T10:43:20.183+0900][3.506s][info][gc,heap     ] GC(44) Eden regions: 103->0(103)
[2026-09-07T10:43:20.183+0900][3.506s][info][gc,heap     ] GC(44) Survivor regions: 2->2(14)
[2026-09-07T10:43:20.183+0900][3.506s][info][gc,heap     ] GC(44) Old regions: 73->73
[2026-09-07T10:43:20.183+0900][3.506s][info][gc,heap     ] GC(44) Humongous regions: 2->2
[2026-09-07T10:43:20.183+0900][3.506s][info][gc,metaspace] GC(44) Metaspace: 23360K(23872K)->23360K(23872K) NonClass: 20541K(20800K)->20541K(20800K) Class: 2819K(3072K)->2819K(3072K)
[2026-09-07T10:43:20.183+0900][3.506s][info][gc          ] GC(44) Pause Young (Normal) (G1 Evacuation Pause) 357M->152M(380M) 0.649ms
[2026-09-07T10:43:20.183+0900][3.506s][info][gc,cpu      ] GC(44) User=0.01s Sys=0.00s Real=0.00s
[2026-09-07T10:43:20.183+0900][3.506s][info][safepoint   ] Safepoint "G1CollectForAllocation", Time since last: 78940958 ns, Reaching safepoint: 875 ns, Cleanup: 1417 ns, At safepoint: 662833 ns, Leaving safepoint: 792 ns, Total: 665917 ns
[2026-09-07T10:43:20.262+0900][3.585s][info][gc,start    ] GC(45) Pause Young (Normal) (G1 Evacuation Pause)
[2026-09-07T10:43:20.262+0900][3.585s][info][gc,task     ] GC(45) Using 9 workers of 9 for evacuation
[2026-09-07T10:43:20.263+0900][3.586s][info][gc,phases   ] GC(45)   Pre Evacuate Collection Set: 0.08ms
[2026-09-07T10:43:20.263+0900][3.586s][info][gc,phases   ] GC(45)   Merge Heap Roots: 0.03ms
[2026-09-07T10:43:20.263+0900][3.586s][info][gc,phases   ] GC(45)   Evacuate Collection Set: 0.35ms
[2026-09-07T10:43:20.263+0900][3.586s][info][gc,phases   ] GC(45)   Post Evacuate Collection Set: 0.12ms
[2026-09-07T10:43:20.263+0900][3.586s][info][gc,phases   ] GC(45)   Other: 0.02ms
[2026-09-07T10:43:20.263+0900][3.586s][info][gc,heap     ] GC(45) Eden regions: 103->0(103)
[2026-09-07T10:43:20.263+0900][3.586s][info][gc,heap     ] GC(45) Survivor regions: 2->2(14)
[2026-09-07T10:43:20.263+0900][3.586s][info][gc,heap     ] GC(45) Old regions: 73->73
[2026-09-07T10:43:20.263+0900][3.586s][info][gc,heap     ] GC(45) Humongous regions: 2->2
[2026-09-07T10:43:20.263+0900][3.586s][info][gc,metaspace] GC(45) Metaspace: 23360K(23872K)->23360K(23872K) NonClass: 20541K(20800K)->20541K(20800K) Class: 2819K(3072K)->2819K(3072K)
[2026-09-07T10:43:20.263+0900][3.586s][info][gc          ] GC(45) Pause Young (Normal) (G1 Evacuation Pause) 358M->153M(380M) 0.672ms
[2026-09-07T10:43:20.263+0900][3.586s][info][gc,cpu      ] GC(45) User=0.01s Sys=0.00s Real=0.00s
[2026-09-07T10:43:20.263+0900][3.586s][info][safepoint   ] Safepoint "G1CollectForAllocation", Time since last: 78899125 ns, Reaching safepoint: 1458 ns, Cleanup: 875 ns, At safepoint: 687167 ns, Leaving safepoint: 875 ns, Total: 690375 ns
[2026-09-07T10:43:20.341+0900][3.664s][info][gc,start    ] GC(46) Pause Young (Normal) (G1 Evacuation Pause)
[2026-09-07T10:43:20.341+0900][3.664s][info][gc,task     ] GC(46) Using 9 workers of 9 for evacuation
[2026-09-07T10:43:20.342+0900][3.665s][info][gc,phases   ] GC(46)   Pre Evacuate Collection Set: 0.07ms
[2026-09-07T10:43:20.342+0900][3.665s][info][gc,phases   ] GC(46)   Merge Heap Roots: 0.02ms
[2026-09-07T10:43:20.342+0900][3.665s][info][gc,phases   ] GC(46)   Evacuate Collection Set: 0.36ms
[2026-09-07T10:43:20.342+0900][3.665s][info][gc,phases   ] GC(46)   Post Evacuate Collection Set: 0.12ms
[2026-09-07T10:43:20.342+0900][3.665s][info][gc,phases   ] GC(46)   Other: 0.02ms
[2026-09-07T10:43:20.342+0900][3.665s][info][gc,heap     ] GC(46) Eden regions: 103->0(102)
[2026-09-07T10:43:20.342+0900][3.665s][info][gc,heap     ] GC(46) Survivor regions: 2->3(14)
[2026-09-07T10:43:20.342+0900][3.665s][info][gc,heap     ] GC(46) Old regions: 73->73
[2026-09-07T10:43:20.342+0900][3.665s][info][gc,heap     ] GC(46) Humongous regions: 2->2
[2026-09-07T10:43:20.342+0900][3.665s][info][gc,metaspace] GC(46) Metaspace: 23360K(23872K)->23360K(23872K) NonClass: 20541K(20800K)->20541K(20800K) Class: 2819K(3072K)->2819K(3072K)
[2026-09-07T10:43:20.342+0900][3.665s][info][gc          ] GC(46) Pause Young (Normal) (G1 Evacuation Pause) 359M->154M(380M) 0.670ms
[2026-09-07T10:43:20.342+0900][3.665s][info][gc,cpu      ] GC(46) User=0.00s Sys=0.00s Real=0.00s
[2026-09-07T10:43:20.342+0900][3.665s][info][safepoint   ] Safepoint "G1CollectForAllocation", Time since last: 78498083 ns, Reaching safepoint: 1417 ns, Cleanup: 1083 ns, At safepoint: 685625 ns, Leaving safepoint: 1000 ns, Total: 689125 ns
[2026-09-07T10:43:20.419+0900][3.742s][info][gc,start    ] GC(47) Pause Young (Normal) (G1 Evacuation Pause)
[2026-09-07T10:43:20.419+0900][3.742s][info][gc,task     ] GC(47) Using 9 workers of 9 for evacuation
[2026-09-07T10:43:20.419+0900][3.742s][info][gc,phases   ] GC(47)   Pre Evacuate Collection Set: 0.07ms
[2026-09-07T10:43:20.419+0900][3.742s][info][gc,phases   ] GC(47)   Merge Heap Roots: 0.02ms
[2026-09-07T10:43:20.419+0900][3.742s][info][gc,phases   ] GC(47)   Evacuate Collection Set: 0.16ms
[2026-09-07T10:43:20.419+0900][3.742s][info][gc,phases   ] GC(47)   Post Evacuate Collection Set: 0.12ms
[2026-09-07T10:43:20.419+0900][3.742s][info][gc,phases   ] GC(47)   Other: 0.02ms
[2026-09-07T10:43:20.419+0900][3.742s][info][gc,heap     ] GC(47) Eden regions: 102->0(104)
[2026-09-07T10:43:20.419+0900][3.742s][info][gc,heap     ] GC(47) Survivor regions: 3->1(14)
[2026-09-07T10:43:20.419+0900][3.742s][info][gc,heap     ] GC(47) Old regions: 73->73
[2026-09-07T10:43:20.419+0900][3.742s][info][gc,heap     ] GC(47) Humongous regions: 2->2
[2026-09-07T10:43:20.419+0900][3.742s][info][gc,metaspace] GC(47) Metaspace: 23360K(23872K)->23360K(23872K) NonClass: 20541K(20800K)->20541K(20800K) Class: 2819K(3072K)->2819K(3072K)
[2026-09-07T10:43:20.419+0900][3.742s][info][gc          ] GC(47) Pause Young (Normal) (G1 Evacuation Pause) 358M->150M(380M) 0.470ms
[2026-09-07T10:43:20.419+0900][3.742s][info][gc,cpu      ] GC(47) User=0.00s Sys=0.00s Real=0.00s
[2026-09-07T10:43:20.419+0900][3.742s][info][safepoint   ] Safepoint "G1CollectForAllocation", Time since last: 76795667 ns, Reaching safepoint: 875 ns, Cleanup: 2125 ns, At safepoint: 485042 ns, Leaving safepoint: 1291 ns, Total: 489333 ns
[2026-09-07T10:43:20.500+0900][3.823s][info][gc,start    ] GC(48) Pause Young (Normal) (G1 Evacuation Pause)
[2026-09-07T10:43:20.500+0900][3.823s][info][gc,task     ] GC(48) Using 9 workers of 9 for evacuation
[2026-09-07T10:43:20.500+0900][3.823s][info][gc,phases   ] GC(48)   Pre Evacuate Collection Set: 0.07ms
[2026-09-07T10:43:20.500+0900][3.823s][info][gc,phases   ] GC(48)   Merge Heap Roots: 0.04ms
[2026-09-07T10:43:20.500+0900][3.823s][info][gc,phases   ] GC(48)   Evacuate Collection Set: 0.25ms
[2026-09-07T10:43:20.500+0900][3.823s][info][gc,phases   ] GC(48)   Post Evacuate Collection Set: 0.12ms
[2026-09-07T10:43:20.500+0900][3.823s][info][gc,phases   ] GC(48)   Other: 0.02ms
[2026-09-07T10:43:20.500+0900][3.823s][info][gc,heap     ] GC(48) Eden regions: 104->0(104)
[2026-09-07T10:43:20.500+0900][3.823s][info][gc,heap     ] GC(48) Survivor regions: 1->1(14)
[2026-09-07T10:43:20.500+0900][3.823s][info][gc,heap     ] GC(48) Old regions: 73->73
[2026-09-07T10:43:20.500+0900][3.823s][info][gc,heap     ] GC(48) Humongous regions: 2->2
[2026-09-07T10:43:20.500+0900][3.823s][info][gc,metaspace] GC(48) Metaspace: 23360K(23872K)->23360K(23872K) NonClass: 20541K(20800K)->20541K(20800K) Class: 2819K(3072K)->2819K(3072K)
[2026-09-07T10:43:20.500+0900][3.823s][info][gc          ] GC(48) Pause Young (Normal) (G1 Evacuation Pause) 358M->151M(380M) 0.570ms
[2026-09-07T10:43:20.501+0900][3.823s][info][gc,cpu      ] GC(48) User=0.00s Sys=0.00s Real=0.00s
[2026-09-07T10:43:20.501+0900][3.823s][info][safepoint   ] Safepoint "G1CollectForAllocation", Time since last: 80754084 ns, Reaching safepoint: 1375 ns, Cleanup: 1375 ns, At safepoint: 585833 ns, Leaving safepoint: 833 ns, Total: 589416 ns
[2026-09-07T10:43:20.580+0900][3.903s][info][gc,start    ] GC(49) Pause Young (Normal) (G1 Evacuation Pause)
[2026-09-07T10:43:20.580+0900][3.903s][info][gc,task     ] GC(49) Using 9 workers of 9 for evacuation
[2026-09-07T10:43:20.580+0900][3.903s][info][gc,phases   ] GC(49)   Pre Evacuate Collection Set: 0.06ms
[2026-09-07T10:43:20.580+0900][3.903s][info][gc,phases   ] GC(49)   Merge Heap Roots: 0.02ms
[2026-09-07T10:43:20.580+0900][3.903s][info][gc,phases   ] GC(49)   Evacuate Collection Set: 0.27ms
[2026-09-07T10:43:20.580+0900][3.903s][info][gc,phases   ] GC(49)   Post Evacuate Collection Set: 0.12ms
[2026-09-07T10:43:20.580+0900][3.903s][info][gc,phases   ] GC(49)   Other: 0.02ms
[2026-09-07T10:43:20.580+0900][3.903s][info][gc,heap     ] GC(49) Eden regions: 104->0(103)
[2026-09-07T10:43:20.580+0900][3.903s][info][gc,heap     ] GC(49) Survivor regions: 1->2(14)
[2026-09-07T10:43:20.580+0900][3.903s][info][gc,heap     ] GC(49) Old regions: 73->73
[2026-09-07T10:43:20.580+0900][3.903s][info][gc,heap     ] GC(49) Humongous regions: 2->2
[2026-09-07T10:43:20.580+0900][3.903s][info][gc,metaspace] GC(49) Metaspace: 23360K(23872K)->23360K(23872K) NonClass: 20541K(20800K)->20541K(20800K) Class: 2819K(3072K)->2819K(3072K)
[2026-09-07T10:43:20.580+0900][3.903s][info][gc          ] GC(49) Pause Young (Normal) (G1 Evacuation Pause) 359M->152M(380M) 0.554ms
[2026-09-07T10:43:20.580+0900][3.903s][info][gc,cpu      ] GC(49) User=0.00s Sys=0.00s Real=0.00s
[2026-09-07T10:43:20.580+0900][3.903s][info][safepoint   ] Safepoint "G1CollectForAllocation", Time since last: 79244000 ns, Reaching safepoint: 1125 ns, Cleanup: 667 ns, At safepoint: 568125 ns, Leaving safepoint: 875 ns, Total: 570792 ns
[2026-09-07T10:43:20.658+0900][3.981s][info][gc,start    ] GC(50) Pause Young (Normal) (G1 Evacuation Pause)
[2026-09-07T10:43:20.658+0900][3.981s][info][gc,task     ] GC(50) Using 9 workers of 9 for evacuation
[2026-09-07T10:43:20.658+0900][3.981s][info][gc,phases   ] GC(50)   Pre Evacuate Collection Set: 0.08ms
[2026-09-07T10:43:20.658+0900][3.981s][info][gc,phases   ] GC(50)   Merge Heap Roots: 0.04ms
[2026-09-07T10:43:20.658+0900][3.981s][info][gc,phases   ] GC(50)   Evacuate Collection Set: 0.29ms
[2026-09-07T10:43:20.658+0900][3.981s][info][gc,phases   ] GC(50)   Post Evacuate Collection Set: 0.12ms
[2026-09-07T10:43:20.658+0900][3.981s][info][gc,phases   ] GC(50)   Other: 0.02ms
[2026-09-07T10:43:20.658+0900][3.981s][info][gc,heap     ] GC(50) Eden regions: 103->0(103)
[2026-09-07T10:43:20.658+0900][3.981s][info][gc,heap     ] GC(50) Survivor regions: 2->2(14)
[2026-09-07T10:43:20.658+0900][3.981s][info][gc,heap     ] GC(50) Old regions: 73->73
[2026-09-07T10:43:20.659+0900][3.981s][info][gc,heap     ] GC(50) Humongous regions: 2->2
[2026-09-07T10:43:20.659+0900][3.981s][info][gc,metaspace] GC(50) Metaspace: 23360K(23872K)->23360K(23872K) NonClass: 20541K(20800K)->20541K(20800K) Class: 2819K(3072K)->2819K(3072K)
[2026-09-07T10:43:20.659+0900][3.981s][info][gc          ] GC(50) Pause Young (Normal) (G1 Evacuation Pause) 358M->152M(380M) 0.612ms
[2026-09-07T10:43:20.659+0900][3.981s][info][gc,cpu      ] GC(50) User=0.00s Sys=0.00s Real=0.00s
[2026-09-07T10:43:20.659+0900][3.981s][info][safepoint   ] Safepoint "G1CollectForAllocation", Time since last: 77566500 ns, Reaching safepoint: 1125 ns, Cleanup: 1000 ns, At safepoint: 626125 ns, Leaving safepoint: 792 ns, Total: 629042 ns
[2026-09-07T10:43:20.737+0900][4.060s][info][gc,start    ] GC(51) Pause Young (Normal) (G1 Evacuation Pause)
[2026-09-07T10:43:20.737+0900][4.060s][info][gc,task     ] GC(51) Using 9 workers of 9 for evacuation
[2026-09-07T10:43:20.737+0900][4.060s][info][gc,phases   ] GC(51)   Pre Evacuate Collection Set: 0.08ms
[2026-09-07T10:43:20.737+0900][4.060s][info][gc,phases   ] GC(51)   Merge Heap Roots: 0.02ms
[2026-09-07T10:43:20.737+0900][4.060s][info][gc,phases   ] GC(51)   Evacuate Collection Set: 0.34ms
[2026-09-07T10:43:20.737+0900][4.060s][info][gc,phases   ] GC(51)   Post Evacuate Collection Set: 0.12ms
[2026-09-07T10:43:20.737+0900][4.060s][info][gc,phases   ] GC(51)   Other: 0.02ms
[2026-09-07T10:43:20.737+0900][4.060s][info][gc,heap     ] GC(51) Eden regions: 103->0(102)
[2026-09-07T10:43:20.737+0900][4.060s][info][gc,heap     ] GC(51) Survivor regions: 2->3(14)
[2026-09-07T10:43:20.737+0900][4.060s][info][gc,heap     ] GC(51) Old regions: 73->73
[2026-09-07T10:43:20.737+0900][4.060s][info][gc,heap     ] GC(51) Humongous regions: 2->2
[2026-09-07T10:43:20.737+0900][4.060s][info][gc,metaspace] GC(51) Metaspace: 23360K(23872K)->23360K(23872K) NonClass: 20541K(20800K)->20541K(20800K) Class: 2819K(3072K)->2819K(3072K)
[2026-09-07T10:43:20.737+0900][4.060s][info][gc          ] GC(51) Pause Young (Normal) (G1 Evacuation Pause) 358M->153M(380M) 0.652ms
[2026-09-07T10:43:20.737+0900][4.060s][info][gc,cpu      ] GC(51) User=0.00s Sys=0.00s Real=0.00s
[2026-09-07T10:43:20.737+0900][4.060s][info][safepoint   ] Safepoint "G1CollectForAllocation", Time since last: 78235166 ns, Reaching safepoint: 834 ns, Cleanup: 500 ns, At safepoint: 665625 ns, Leaving safepoint: 875 ns, Total: 667834 ns
[2026-09-07T10:43:20.815+0900][4.138s][info][gc,start    ] GC(52) Pause Young (Normal) (G1 Evacuation Pause)
[2026-09-07T10:43:20.815+0900][4.138s][info][gc,task     ] GC(52) Using 9 workers of 9 for evacuation
[2026-09-07T10:43:20.816+0900][4.139s][info][gc,phases   ] GC(52)   Pre Evacuate Collection Set: 0.08ms
[2026-09-07T10:43:20.816+0900][4.139s][info][gc,phases   ] GC(52)   Merge Heap Roots: 0.04ms
[2026-09-07T10:43:20.816+0900][4.139s][info][gc,phases   ] GC(52)   Evacuate Collection Set: 0.16ms
[2026-09-07T10:43:20.816+0900][4.139s][info][gc,phases   ] GC(52)   Post Evacuate Collection Set: 0.12ms
[2026-09-07T10:43:20.816+0900][4.139s][info][gc,phases   ] GC(52)   Other: 0.02ms
[2026-09-07T10:43:20.816+0900][4.139s][info][gc,heap     ] GC(52) Eden regions: 102->0(104)
[2026-09-07T10:43:20.816+0900][4.139s][info][gc,heap     ] GC(52) Survivor regions: 3->1(14)
[2026-09-07T10:43:20.816+0900][4.139s][info][gc,heap     ] GC(52) Old regions: 73->73
[2026-09-07T10:43:20.816+0900][4.139s][info][gc,heap     ] GC(52) Humongous regions: 2->2
[2026-09-07T10:43:20.816+0900][4.139s][info][gc,metaspace] GC(52) Metaspace: 23360K(23872K)->23360K(23872K) NonClass: 20541K(20800K)->20541K(20800K) Class: 2819K(3072K)->2819K(3072K)
[2026-09-07T10:43:20.816+0900][4.139s][info][gc          ] GC(52) Pause Young (Normal) (G1 Evacuation Pause) 357M->150M(380M) 0.484ms
[2026-09-07T10:43:20.816+0900][4.139s][info][gc,cpu      ] GC(52) User=0.00s Sys=0.00s Real=0.00s
[2026-09-07T10:43:20.816+0900][4.139s][info][safepoint   ] Safepoint "G1CollectForAllocation", Time since last: 77782750 ns, Reaching safepoint: 1500 ns, Cleanup: 625 ns, At safepoint: 499083 ns, Leaving safepoint: 1000 ns, Total: 502208 ns
[2026-09-07T10:43:20.894+0900][4.217s][info][gc,start    ] GC(53) Pause Young (Normal) (G1 Evacuation Pause)
[2026-09-07T10:43:20.894+0900][4.217s][info][gc,task     ] GC(53) Using 9 workers of 9 for evacuation
[2026-09-07T10:43:20.894+0900][4.217s][info][gc,phases   ] GC(53)   Pre Evacuate Collection Set: 0.07ms
[2026-09-07T10:43:20.894+0900][4.217s][info][gc,phases   ] GC(53)   Merge Heap Roots: 0.02ms
[2026-09-07T10:43:20.894+0900][4.217s][info][gc,phases   ] GC(53)   Evacuate Collection Set: 0.22ms
[2026-09-07T10:43:20.894+0900][4.217s][info][gc,phases   ] GC(53)   Post Evacuate Collection Set: 0.12ms
[2026-09-07T10:43:20.894+0900][4.217s][info][gc,phases   ] GC(53)   Other: 0.02ms
[2026-09-07T10:43:20.894+0900][4.217s][info][gc,heap     ] GC(53) Eden regions: 104->0(104)
[2026-09-07T10:43:20.894+0900][4.217s][info][gc,heap     ] GC(53) Survivor regions: 1->1(14)
[2026-09-07T10:43:20.894+0900][4.217s][info][gc,heap     ] GC(53) Old regions: 73->73
[2026-09-07T10:43:20.894+0900][4.217s][info][gc,heap     ] GC(53) Humongous regions: 2->2
[2026-09-07T10:43:20.894+0900][4.217s][info][gc,metaspace] GC(53) Metaspace: 23360K(23872K)->23360K(23872K) NonClass: 20541K(20800K)->20541K(20800K) Class: 2819K(3072K)->2819K(3072K)
[2026-09-07T10:43:20.895+0900][4.217s][info][gc          ] GC(53) Pause Young (Normal) (G1 Evacuation Pause) 358M->151M(380M) 0.515ms
[2026-09-07T10:43:20.895+0900][4.217s][info][gc,cpu      ] GC(53) User=0.00s Sys=0.00s Real=0.00s
[2026-09-07T10:43:20.895+0900][4.217s][info][safepoint   ] Safepoint "G1CollectForAllocation", Time since last: 78273958 ns, Reaching safepoint: 1584 ns, Cleanup: 1250 ns, At safepoint: 529625 ns, Leaving safepoint: 916 ns, Total: 533375 ns
[2026-09-07T10:43:20.975+0900][4.298s][info][gc,start    ] GC(54) Pause Young (Normal) (G1 Evacuation Pause)
[2026-09-07T10:43:20.975+0900][4.298s][info][gc,task     ] GC(54) Using 9 workers of 9 for evacuation
[2026-09-07T10:43:20.975+0900][4.298s][info][gc,phases   ] GC(54)   Pre Evacuate Collection Set: 0.06ms
[2026-09-07T10:43:20.975+0900][4.298s][info][gc,phases   ] GC(54)   Merge Heap Roots: 0.03ms
[2026-09-07T10:43:20.975+0900][4.298s][info][gc,phases   ] GC(54)   Evacuate Collection Set: 0.26ms
[2026-09-07T10:43:20.975+0900][4.298s][info][gc,phases   ] GC(54)   Post Evacuate Collection Set: 0.13ms
[2026-09-07T10:43:20.975+0900][4.298s][info][gc,phases   ] GC(54)   Other: 0.02ms
[2026-09-07T10:43:20.975+0900][4.298s][info][gc,heap     ] GC(54) Eden regions: 104->0(103)
[2026-09-07T10:43:20.975+0900][4.298s][info][gc,heap     ] GC(54) Survivor regions: 1->2(14)
[2026-09-07T10:43:20.975+0900][4.298s][info][gc,heap     ] GC(54) Old regions: 73->73
[2026-09-07T10:43:20.975+0900][4.298s][info][gc,heap     ] GC(54) Humongous regions: 2->2
[2026-09-07T10:43:20.975+0900][4.298s][info][gc,metaspace] GC(54) Metaspace: 23360K(23872K)->23360K(23872K) NonClass: 20541K(20800K)->20541K(20800K) Class: 2819K(3072K)->2819K(3072K)
[2026-09-07T10:43:20.975+0900][4.298s][info][gc          ] GC(54) Pause Young (Normal) (G1 Evacuation Pause) 359M->151M(380M) 0.575ms
[2026-09-07T10:43:20.975+0900][4.298s][info][gc,cpu      ] GC(54) User=0.00s Sys=0.00s Real=0.00s
[2026-09-07T10:43:20.975+0900][4.298s][info][safepoint   ] Safepoint "G1CollectForAllocation", Time since last: 80117125 ns, Reaching safepoint: 1209 ns, Cleanup: 1666 ns, At safepoint: 588250 ns, Leaving safepoint: 1459 ns, Total: 592584 ns
[2026-09-07T10:43:21.055+0900][4.378s][info][gc,start    ] GC(55) Pause Young (Normal) (G1 Evacuation Pause)
[2026-09-07T10:43:21.055+0900][4.378s][info][gc,task     ] GC(55) Using 9 workers of 9 for evacuation
[2026-09-07T10:43:21.056+0900][4.379s][info][gc,phases   ] GC(55)   Pre Evacuate Collection Set: 0.08ms
[2026-09-07T10:43:21.056+0900][4.379s][info][gc,phases   ] GC(55)   Merge Heap Roots: 0.04ms
[2026-09-07T10:43:21.056+0900][4.379s][info][gc,phases   ] GC(55)   Evacuate Collection Set: 0.34ms
[2026-09-07T10:43:21.056+0900][4.379s][info][gc,phases   ] GC(55)   Post Evacuate Collection Set: 0.11ms
[2026-09-07T10:43:21.056+0900][4.379s][info][gc,phases   ] GC(55)   Other: 0.02ms
[2026-09-07T10:43:21.056+0900][4.379s][info][gc,heap     ] GC(55) Eden regions: 103->0(103)
[2026-09-07T10:43:21.056+0900][4.379s][info][gc,heap     ] GC(55) Survivor regions: 2->2(14)
[2026-09-07T10:43:21.056+0900][4.379s][info][gc,heap     ] GC(55) Old regions: 73->73
[2026-09-07T10:43:21.056+0900][4.379s][info][gc,heap     ] GC(55) Humongous regions: 2->2
[2026-09-07T10:43:21.056+0900][4.379s][info][gc,metaspace] GC(55) Metaspace: 23360K(23872K)->23360K(23872K) NonClass: 20541K(20800K)->20541K(20800K) Class: 2819K(3072K)->2819K(3072K)
[2026-09-07T10:43:21.056+0900][4.379s][info][gc          ] GC(55) Pause Young (Normal) (G1 Evacuation Pause) 357M->153M(380M) 0.649ms
[2026-09-07T10:43:21.056+0900][4.379s][info][gc,cpu      ] GC(55) User=0.00s Sys=0.00s Real=0.00s
[2026-09-07T10:43:21.056+0900][4.379s][info][safepoint   ] Safepoint "G1CollectForAllocation", Time since last: 80157791 ns, Reaching safepoint: 1500 ns, Cleanup: 709 ns, At safepoint: 664208 ns, Leaving safepoint: 833 ns, Total: 667250 ns
[2026-09-07T10:43:21.134+0900][4.457s][info][gc,start    ] GC(56) Pause Young (Normal) (G1 Evacuation Pause)
[2026-09-07T10:43:21.134+0900][4.457s][info][gc,task     ] GC(56) Using 9 workers of 9 for evacuation
[2026-09-07T10:43:21.135+0900][4.458s][info][gc,phases   ] GC(56)   Pre Evacuate Collection Set: 0.07ms
[2026-09-07T10:43:21.135+0900][4.458s][info][gc,phases   ] GC(56)   Merge Heap Roots: 0.02ms
[2026-09-07T10:43:21.135+0900][4.458s][info][gc,phases   ] GC(56)   Evacuate Collection Set: 0.32ms
[2026-09-07T10:43:21.135+0900][4.458s][info][gc,phases   ] GC(56)   Post Evacuate Collection Set: 0.11ms
[2026-09-07T10:43:21.135+0900][4.458s][info][gc,phases   ] GC(56)   Other: 0.02ms
[2026-09-07T10:43:21.135+0900][4.458s][info][gc,heap     ] GC(56) Eden regions: 103->0(103)
[2026-09-07T10:43:21.135+0900][4.458s][info][gc,heap     ] GC(56) Survivor regions: 2->2(14)
[2026-09-07T10:43:21.135+0900][4.458s][info][gc,heap     ] GC(56) Old regions: 73->73
[2026-09-07T10:43:21.135+0900][4.458s][info][gc,heap     ] GC(56) Humongous regions: 2->2
[2026-09-07T10:43:21.135+0900][4.458s][info][gc,metaspace] GC(56) Metaspace: 23360K(23872K)->23360K(23872K) NonClass: 20541K(20800K)->20541K(20800K) Class: 2819K(3072K)->2819K(3072K)
[2026-09-07T10:43:21.135+0900][4.458s][info][gc          ] GC(56) Pause Young (Normal) (G1 Evacuation Pause) 359M->153M(380M) 0.611ms
[2026-09-07T10:43:21.135+0900][4.458s][info][gc,cpu      ] GC(56) User=0.01s Sys=0.00s Real=0.00s
[2026-09-07T10:43:21.135+0900][4.458s][info][safepoint   ] Safepoint "G1CollectForAllocation", Time since last: 78375959 ns, Reaching safepoint: 1208 ns, Cleanup: 1208 ns, At safepoint: 624334 ns, Leaving safepoint: 875 ns, Total: 627625 ns
[2026-09-07T10:43:21.213+0900][4.536s][info][gc,start    ] GC(57) Pause Young (Normal) (G1 Evacuation Pause)
[2026-09-07T10:43:21.213+0900][4.536s][info][gc,task     ] GC(57) Using 9 workers of 9 for evacuation
[2026-09-07T10:43:21.213+0900][4.536s][info][gc,phases   ] GC(57)   Pre Evacuate Collection Set: 0.09ms
[2026-09-07T10:43:21.213+0900][4.536s][info][gc,phases   ] GC(57)   Merge Heap Roots: 0.03ms
[2026-09-07T10:43:21.213+0900][4.536s][info][gc,phases   ] GC(57)   Evacuate Collection Set: 0.14ms
[2026-09-07T10:43:21.213+0900][4.536s][info][gc,phases   ] GC(57)   Post Evacuate Collection Set: 0.11ms
[2026-09-07T10:43:21.213+0900][4.536s][info][gc,phases   ] GC(57)   Other: 0.02ms
[2026-09-07T10:43:21.213+0900][4.536s][info][gc,heap     ] GC(57) Eden regions: 103->0(103)
[2026-09-07T10:43:21.213+0900][4.536s][info][gc,heap     ] GC(57) Survivor regions: 2->1(14)
[2026-09-07T10:43:21.213+0900][4.536s][info][gc,heap     ] GC(57) Old regions: 73->74
[2026-09-07T10:43:21.213+0900][4.536s][info][gc,heap     ] GC(57) Humongous regions: 2->2
[2026-09-07T10:43:21.213+0900][4.536s][info][gc,metaspace] GC(57) Metaspace: 23360K(23872K)->23360K(23872K) NonClass: 20541K(20800K)->20541K(20800K) Class: 2819K(3072K)->2819K(3072K)
[2026-09-07T10:43:21.213+0900][4.536s][info][gc          ] GC(57) Pause Young (Normal) (G1 Evacuation Pause) 359M->150M(380M) 0.468ms
[2026-09-07T10:43:21.213+0900][4.536s][info][gc,cpu      ] GC(57) User=0.00s Sys=0.00s Real=0.00s
[2026-09-07T10:43:21.213+0900][4.536s][info][safepoint   ] Safepoint "G1CollectForAllocation", Time since last: 77599791 ns, Reaching safepoint: 959 ns, Cleanup: 1333 ns, At safepoint: 481458 ns, Leaving safepoint: 834 ns, Total: 484584 ns
[2026-09-07T10:43:21.291+0900][4.614s][info][gc,start    ] GC(58) Pause Young (Normal) (G1 Evacuation Pause)
[2026-09-07T10:43:21.291+0900][4.614s][info][gc,task     ] GC(58) Using 9 workers of 9 for evacuation
[2026-09-07T10:43:21.292+0900][4.615s][info][gc,phases   ] GC(58)   Pre Evacuate Collection Set: 0.08ms
[2026-09-07T10:43:21.292+0900][4.615s][info][gc,phases   ] GC(58)   Merge Heap Roots: 0.04ms
[2026-09-07T10:43:21.292+0900][4.615s][info][gc,phases   ] GC(58)   Evacuate Collection Set: 0.21ms
[2026-09-07T10:43:21.292+0900][4.615s][info][gc,phases   ] GC(58)   Post Evacuate Collection Set: 0.12ms
[2026-09-07T10:43:21.292+0900][4.615s][info][gc,phases   ] GC(58)   Other: 0.02ms
[2026-09-07T10:43:21.292+0900][4.615s][info][gc,heap     ] GC(58) Eden regions: 103->0(103)
[2026-09-07T10:43:21.292+0900][4.615s][info][gc,heap     ] GC(58) Survivor regions: 1->1(13)
[2026-09-07T10:43:21.292+0900][4.615s][info][gc,heap     ] GC(58) Old regions: 74->74
[2026-09-07T10:43:21.292+0900][4.615s][info][gc,heap     ] GC(58) Humongous regions: 2->2
[2026-09-07T10:43:21.292+0900][4.615s][info][gc,metaspace] GC(58) Metaspace: 23360K(23872K)->23360K(23872K) NonClass: 20541K(20800K)->20541K(20800K) Class: 2819K(3072K)->2819K(3072K)
[2026-09-07T10:43:21.292+0900][4.615s][info][gc          ] GC(58) Pause Young (Normal) (G1 Evacuation Pause) 356M->151M(380M) 0.542ms
[2026-09-07T10:43:21.292+0900][4.615s][info][gc,cpu      ] GC(58) User=0.00s Sys=0.01s Real=0.00s
[2026-09-07T10:43:21.292+0900][4.615s][info][safepoint   ] Safepoint "G1CollectForAllocation", Time since last: 78130166 ns, Reaching safepoint: 1459 ns, Cleanup: 1458 ns, At safepoint: 555875 ns, Leaving safepoint: 917 ns, Total: 559709 ns
[2026-09-07T10:43:21.370+0900][4.693s][info][gc,start    ] GC(59) Pause Young (Normal) (G1 Evacuation Pause)
[2026-09-07T10:43:21.370+0900][4.693s][info][gc,task     ] GC(59) Using 9 workers of 9 for evacuation
[2026-09-07T10:43:21.371+0900][4.694s][info][gc,phases   ] GC(59)   Pre Evacuate Collection Set: 0.08ms
[2026-09-07T10:43:21.371+0900][4.694s][info][gc,phases   ] GC(59)   Merge Heap Roots: 0.02ms
[2026-09-07T10:43:21.371+0900][4.694s][info][gc,phases   ] GC(59)   Evacuate Collection Set: 0.25ms
[2026-09-07T10:43:21.371+0900][4.694s][info][gc,phases   ] GC(59)   Post Evacuate Collection Set: 0.12ms
[2026-09-07T10:43:21.371+0900][4.694s][info][gc,phases   ] GC(59)   Other: 0.02ms
[2026-09-07T10:43:21.371+0900][4.694s][info][gc,heap     ] GC(59) Eden regions: 103->0(102)
[2026-09-07T10:43:21.371+0900][4.694s][info][gc,heap     ] GC(59) Survivor regions: 1->2(13)
[2026-09-07T10:43:21.371+0900][4.694s][info][gc,heap     ] GC(59) Old regions: 74->74
[2026-09-07T10:43:21.371+0900][4.694s][info][gc,heap     ] GC(59) Humongous regions: 2->2
[2026-09-07T10:43:21.371+0900][4.694s][info][gc,metaspace] GC(59) Metaspace: 23360K(23872K)->23360K(23872K) NonClass: 20541K(20800K)->20541K(20800K) Class: 2819K(3072K)->2819K(3072K)
[2026-09-07T10:43:21.371+0900][4.694s][info][gc          ] GC(59) Pause Young (Normal) (G1 Evacuation Pause) 357M->151M(380M) 0.561ms
[2026-09-07T10:43:21.371+0900][4.694s][info][gc,cpu      ] GC(59) User=0.00s Sys=0.00s Real=0.00s
[2026-09-07T10:43:21.371+0900][4.694s][info][safepoint   ] Safepoint "G1CollectForAllocation", Time since last: 78570791 ns, Reaching safepoint: 792 ns, Cleanup: 792 ns, At safepoint: 574916 ns, Leaving safepoint: 959 ns, Total: 577459 ns
[2026-09-07T10:43:21.448+0900][4.771s][info][gc,start    ] GC(60) Pause Young (Normal) (G1 Evacuation Pause)
[2026-09-07T10:43:21.448+0900][4.771s][info][gc,task     ] GC(60) Using 9 workers of 9 for evacuation
[2026-09-07T10:43:21.449+0900][4.772s][info][gc,phases   ] GC(60)   Pre Evacuate Collection Set: 0.08ms
[2026-09-07T10:43:21.449+0900][4.772s][info][gc,phases   ] GC(60)   Merge Heap Roots: 0.04ms
[2026-09-07T10:43:21.449+0900][4.772s][info][gc,phases   ] GC(60)   Evacuate Collection Set: 0.29ms
[2026-09-07T10:43:21.449+0900][4.772s][info][gc,phases   ] GC(60)   Post Evacuate Collection Set: 0.12ms
[2026-09-07T10:43:21.449+0900][4.772s][info][gc,phases   ] GC(60)   Other: 0.02ms
[2026-09-07T10:43:21.449+0900][4.772s][info][gc,heap     ] GC(60) Eden regions: 102->0(102)
[2026-09-07T10:43:21.449+0900][4.772s][info][gc,heap     ] GC(60) Survivor regions: 2->2(13)
[2026-09-07T10:43:21.449+0900][4.772s][info][gc,heap     ] GC(60) Old regions: 74->74
[2026-09-07T10:43:21.449+0900][4.772s][info][gc,heap     ] GC(60) Humongous regions: 2->2
[2026-09-07T10:43:21.449+0900][4.772s][info][gc,metaspace] GC(60) Metaspace: 23360K(23872K)->23360K(23872K) NonClass: 20541K(20800K)->20541K(20800K) Class: 2819K(3072K)->2819K(3072K)
[2026-09-07T10:43:21.449+0900][4.772s][info][gc          ] GC(60) Pause Young (Normal) (G1 Evacuation Pause) 355M->152M(380M) 0.627ms
[2026-09-07T10:43:21.449+0900][4.772s][info][gc,cpu      ] GC(60) User=0.00s Sys=0.00s Real=0.00s
[2026-09-07T10:43:21.449+0900][4.772s][info][safepoint   ] Safepoint "G1CollectForAllocation", Time since last: 77177458 ns, Reaching safepoint: 1125 ns, Cleanup: 917 ns, At safepoint: 642208 ns, Leaving safepoint: 958 ns, Total: 645208 ns
[2026-09-07T10:43:21.526+0900][4.849s][info][gc,start    ] GC(61) Pause Young (Normal) (G1 Evacuation Pause)
[2026-09-07T10:43:21.526+0900][4.849s][info][gc,task     ] GC(61) Using 9 workers of 9 for evacuation
[2026-09-07T10:43:21.527+0900][4.850s][info][gc,phases   ] GC(61)   Pre Evacuate Collection Set: 0.08ms
[2026-09-07T10:43:21.527+0900][4.850s][info][gc,phases   ] GC(61)   Merge Heap Roots: 0.03ms
[2026-09-07T10:43:21.527+0900][4.850s][info][gc,phases   ] GC(61)   Evacuate Collection Set: 0.31ms
[2026-09-07T10:43:21.527+0900][4.850s][info][gc,phases   ] GC(61)   Post Evacuate Collection Set: 0.12ms
[2026-09-07T10:43:21.527+0900][4.850s][info][gc,phases   ] GC(61)   Other: 0.02ms
[2026-09-07T10:43:21.527+0900][4.850s][info][gc,heap     ] GC(61) Eden regions: 102->0(102)
[2026-09-07T10:43:21.527+0900][4.850s][info][gc,heap     ] GC(61) Survivor regions: 2->2(13)
[2026-09-07T10:43:21.527+0900][4.850s][info][gc,heap     ] GC(61) Old regions: 74->74
[2026-09-07T10:43:21.527+0900][4.850s][info][gc,heap     ] GC(61) Humongous regions: 2->2
[2026-09-07T10:43:21.527+0900][4.850s][info][gc,metaspace] GC(61) Metaspace: 23360K(23872K)->23360K(23872K) NonClass: 20541K(20800K)->20541K(20800K) Class: 2819K(3072K)->2819K(3072K)
[2026-09-07T10:43:21.527+0900][4.850s][info][gc          ] GC(61) Pause Young (Normal) (G1 Evacuation Pause) 356M->153M(380M) 0.642ms
[2026-09-07T10:43:21.527+0900][4.850s][info][gc,cpu      ] GC(61) User=0.00s Sys=0.00s Real=0.00s
[2026-09-07T10:43:21.527+0900][4.850s][info][safepoint   ] Safepoint "G1CollectForAllocation", Time since last: 77192709 ns, Reaching safepoint: 1541 ns, Cleanup: 2542 ns, At safepoint: 657875 ns, Leaving safepoint: 1625 ns, Total: 663583 ns
[2026-09-07T10:43:21.604+0900][4.927s][info][gc,start    ] GC(62) Pause Young (Normal) (G1 Evacuation Pause)
[2026-09-07T10:43:21.604+0900][4.927s][info][gc,task     ] GC(62) Using 9 workers of 9 for evacuation
[2026-09-07T10:43:21.604+0900][4.927s][info][gc,phases   ] GC(62)   Pre Evacuate Collection Set: 0.07ms
[2026-09-07T10:43:21.604+0900][4.927s][info][gc,phases   ] GC(62)   Merge Heap Roots: 0.02ms
[2026-09-07T10:43:21.604+0900][4.927s][info][gc,phases   ] GC(62)   Evacuate Collection Set: 0.38ms
[2026-09-07T10:43:21.604+0900][4.927s][info][gc,phases   ] GC(62)   Post Evacuate Collection Set: 0.11ms
[2026-09-07T10:43:21.604+0900][4.927s][info][gc,phases   ] GC(62)   Other: 0.02ms
[2026-09-07T10:43:21.604+0900][4.927s][info][gc,heap     ] GC(62) Eden regions: 102->0(101)
[2026-09-07T10:43:21.604+0900][4.927s][info][gc,heap     ] GC(62) Survivor regions: 2->3(13)
[2026-09-07T10:43:21.604+0900][4.927s][info][gc,heap     ] GC(62) Old regions: 74->74
[2026-09-07T10:43:21.604+0900][4.927s][info][gc,heap     ] GC(62) Humongous regions: 2->2
[2026-09-07T10:43:21.604+0900][4.927s][info][gc,metaspace] GC(62) Metaspace: 23360K(23872K)->23360K(23872K) NonClass: 20541K(20800K)->20541K(20800K) Class: 2819K(3072K)->2819K(3072K)
[2026-09-07T10:43:21.604+0900][4.927s][info][gc          ] GC(62) Pause Young (Normal) (G1 Evacuation Pause) 357M->154M(380M) 0.673ms
[2026-09-07T10:43:21.604+0900][4.927s][info][gc,cpu      ] GC(62) User=0.00s Sys=0.00s Real=0.00s
[2026-09-07T10:43:21.604+0900][4.927s][info][safepoint   ] Safepoint "G1CollectForAllocation", Time since last: 77127792 ns, Reaching safepoint: 833 ns, Cleanup: 917 ns, At safepoint: 689000 ns, Leaving safepoint: 1083 ns, Total: 691833 ns
[2026-09-07T10:43:21.681+0900][5.003s][info][gc,start    ] GC(63) Pause Young (Normal) (G1 Evacuation Pause)
[2026-09-07T10:43:21.681+0900][5.004s][info][gc,task     ] GC(63) Using 9 workers of 9 for evacuation
[2026-09-07T10:43:21.681+0900][5.004s][info][gc,phases   ] GC(63)   Pre Evacuate Collection Set: 0.08ms
[2026-09-07T10:43:21.681+0900][5.004s][info][gc,phases   ] GC(63)   Merge Heap Roots: 0.03ms
[2026-09-07T10:43:21.681+0900][5.004s][info][gc,phases   ] GC(63)   Evacuate Collection Set: 0.17ms
[2026-09-07T10:43:21.681+0900][5.004s][info][gc,phases   ] GC(63)   Post Evacuate Collection Set: 0.12ms
[2026-09-07T10:43:21.681+0900][5.004s][info][gc,phases   ] GC(63)   Other: 0.02ms
[2026-09-07T10:43:21.681+0900][5.004s][info][gc,heap     ] GC(63) Eden regions: 101->0(103)
[2026-09-07T10:43:21.681+0900][5.004s][info][gc,heap     ] GC(63) Survivor regions: 3->1(13)
[2026-09-07T10:43:21.681+0900][5.004s][info][gc,heap     ] GC(63) Old regions: 74->74
[2026-09-07T10:43:21.681+0900][5.004s][info][gc,heap     ] GC(63) Humongous regions: 2->2
[2026-09-07T10:43:21.681+0900][5.004s][info][gc,metaspace] GC(63) Metaspace: 23364K(23872K)->23364K(23872K) NonClass: 20545K(20800K)->20545K(20800K) Class: 2819K(3072K)->2819K(3072K)
[2026-09-07T10:43:21.681+0900][5.004s][info][gc          ] GC(63) Pause Young (Normal) (G1 Evacuation Pause) 356M->150M(380M) 0.511ms
[2026-09-07T10:43:21.681+0900][5.004s][info][gc,cpu      ] GC(63) User=0.00s Sys=0.00s Real=0.00s
[2026-09-07T10:43:21.681+0900][5.004s][info][safepoint   ] Safepoint "G1CollectForAllocation", Time since last: 76026167 ns, Reaching safepoint: 625 ns, Cleanup: 1041 ns, At safepoint: 525625 ns, Leaving safepoint: 1125 ns, Total: 528416 ns
[2026-09-07T10:43:21.760+0900][5.083s][info][gc,start    ] GC(64) Pause Young (Normal) (G1 Evacuation Pause)
[2026-09-07T10:43:21.760+0900][5.083s][info][gc,task     ] GC(64) Using 9 workers of 9 for evacuation
[2026-09-07T10:43:21.761+0900][5.084s][info][gc,phases   ] GC(64)   Pre Evacuate Collection Set: 0.07ms
[2026-09-07T10:43:21.761+0900][5.084s][info][gc,phases   ] GC(64)   Merge Heap Roots: 0.04ms
[2026-09-07T10:43:21.761+0900][5.084s][info][gc,phases   ] GC(64)   Evacuate Collection Set: 0.21ms
[2026-09-07T10:43:21.761+0900][5.084s][info][gc,phases   ] GC(64)   Post Evacuate Collection Set: 0.11ms
[2026-09-07T10:43:21.761+0900][5.084s][info][gc,phases   ] GC(64)   Other: 0.02ms
[2026-09-07T10:43:21.761+0900][5.084s][info][gc,heap     ] GC(64) Eden regions: 103->0(103)
[2026-09-07T10:43:21.761+0900][5.084s][info][gc,heap     ] GC(64) Survivor regions: 1->1(13)
[2026-09-07T10:43:21.761+0900][5.084s][info][gc,heap     ] GC(64) Old regions: 74->74
[2026-09-07T10:43:21.761+0900][5.084s][info][gc,heap     ] GC(64) Humongous regions: 2->2
[2026-09-07T10:43:21.761+0900][5.084s][info][gc,metaspace] GC(64) Metaspace: 23364K(23872K)->23364K(23872K) NonClass: 20545K(20800K)->20545K(20800K) Class: 2819K(3072K)->2819K(3072K)
[2026-09-07T10:43:21.761+0900][5.084s][info][gc          ] GC(64) Pause Young (Normal) (G1 Evacuation Pause) 356M->151M(380M) 0.519ms
[2026-09-07T10:43:21.761+0900][5.084s][info][gc,cpu      ] GC(64) User=0.00s Sys=0.00s Real=0.00s
[2026-09-07T10:43:21.761+0900][5.084s][info][safepoint   ] Safepoint "G1CollectForAllocation", Time since last: 79118792 ns, Reaching safepoint: 1000 ns, Cleanup: 750 ns, At safepoint: 532500 ns, Leaving safepoint: 833 ns, Total: 535083 ns
[2026-09-07T10:43:21.841+0900][5.164s][info][gc,start    ] GC(65) Pause Young (Normal) (G1 Evacuation Pause)
[2026-09-07T10:43:21.841+0900][5.164s][info][gc,task     ] GC(65) Using 9 workers of 9 for evacuation
[2026-09-07T10:43:21.842+0900][5.165s][info][gc,phases   ] GC(65)   Pre Evacuate Collection Set: 0.06ms
[2026-09-07T10:43:21.842+0900][5.165s][info][gc,phases   ] GC(65)   Merge Heap Roots: 0.04ms
[2026-09-07T10:43:21.842+0900][5.165s][info][gc,phases   ] GC(65)   Evacuate Collection Set: 0.25ms
[2026-09-07T10:43:21.842+0900][5.165s][info][gc,phases   ] GC(65)   Post Evacuate Collection Set: 0.12ms
[2026-09-07T10:43:21.842+0900][5.165s][info][gc,phases   ] GC(65)   Other: 0.02ms
[2026-09-07T10:43:21.842+0900][5.165s][info][gc,heap     ] GC(65) Eden regions: 103->0(102)
[2026-09-07T10:43:21.842+0900][5.165s][info][gc,heap     ] GC(65) Survivor regions: 1->2(13)
[2026-09-07T10:43:21.842+0900][5.165s][info][gc,heap     ] GC(65) Old regions: 74->74
[2026-09-07T10:43:21.842+0900][5.165s][info][gc,heap     ] GC(65) Humongous regions: 2->2
[2026-09-07T10:43:21.842+0900][5.165s][info][gc,metaspace] GC(65) Metaspace: 23364K(23872K)->23364K(23872K) NonClass: 20545K(20800K)->20545K(20800K) Class: 2819K(3072K)->2819K(3072K)
[2026-09-07T10:43:21.842+0900][5.165s][info][gc          ] GC(65) Pause Young (Normal) (G1 Evacuation Pause) 357M->152M(380M) 0.552ms
[2026-09-07T10:43:21.842+0900][5.165s][info][gc,cpu      ] GC(65) User=0.01s Sys=0.00s Real=0.00s
[2026-09-07T10:43:21.842+0900][5.165s][info][safepoint   ] Safepoint "G1CollectForAllocation", Time since last: 80340959 ns, Reaching safepoint: 1166 ns, Cleanup: 375 ns, At safepoint: 566084 ns, Leaving safepoint: 791 ns, Total: 568416 ns
[2026-09-07T10:43:21.920+0900][5.243s][info][gc,start    ] GC(66) Pause Young (Normal) (G1 Evacuation Pause)
[2026-09-07T10:43:21.920+0900][5.243s][info][gc,task     ] GC(66) Using 9 workers of 9 for evacuation
[2026-09-07T10:43:21.920+0900][5.243s][info][gc,phases   ] GC(66)   Pre Evacuate Collection Set: 0.07ms
[2026-09-07T10:43:21.920+0900][5.243s][info][gc,phases   ] GC(66)   Merge Heap Roots: 0.02ms
[2026-09-07T10:43:21.920+0900][5.243s][info][gc,phases   ] GC(66)   Evacuate Collection Set: 0.31ms
[2026-09-07T10:43:21.920+0900][5.243s][info][gc,phases   ] GC(66)   Post Evacuate Collection Set: 0.11ms
[2026-09-07T10:43:21.920+0900][5.243s][info][gc,phases   ] GC(66)   Other: 0.02ms
[2026-09-07T10:43:21.920+0900][5.243s][info][gc,heap     ] GC(66) Eden regions: 102->0(102)
[2026-09-07T10:43:21.920+0900][5.243s][info][gc,heap     ] GC(66) Survivor regions: 2->2(13)
[2026-09-07T10:43:21.920+0900][5.243s][info][gc,heap     ] GC(66) Old regions: 74->74
[2026-09-07T10:43:21.920+0900][5.243s][info][gc,heap     ] GC(66) Humongous regions: 2->2
[2026-09-07T10:43:21.920+0900][5.243s][info][gc,metaspace] GC(66) Metaspace: 23364K(23872K)->23364K(23872K) NonClass: 20545K(20800K)->20545K(20800K) Class: 2819K(3072K)->2819K(3072K)
[2026-09-07T10:43:21.920+0900][5.243s][info][gc          ] GC(66) Pause Young (Normal) (G1 Evacuation Pause) 356M->153M(380M) 0.603ms
[2026-09-07T10:43:21.920+0900][5.243s][info][gc,cpu      ] GC(66) User=0.01s Sys=0.00s Real=0.00s
[2026-09-07T10:43:21.920+0900][5.243s][info][safepoint   ] Safepoint "G1CollectForAllocation", Time since last: 78238000 ns, Reaching safepoint: 1000 ns, Cleanup: 834 ns, At safepoint: 616916 ns, Leaving safepoint: 1084 ns, Total: 619834 ns
[2026-09-07T10:43:21.997+0900][5.320s][info][gc,start    ] GC(67) Pause Young (Normal) (G1 Evacuation Pause)
[2026-09-07T10:43:21.997+0900][5.320s][info][gc,task     ] GC(67) Using 9 workers of 9 for evacuation
[2026-09-07T10:43:21.998+0900][5.321s][info][gc,phases   ] GC(67)   Pre Evacuate Collection Set: 0.07ms
[2026-09-07T10:43:21.998+0900][5.321s][info][gc,phases   ] GC(67)   Merge Heap Roots: 0.02ms
[2026-09-07T10:43:21.998+0900][5.321s][info][gc,phases   ] GC(67)   Evacuate Collection Set: 0.36ms
[2026-09-07T10:43:21.998+0900][5.321s][info][gc,phases   ] GC(67)   Post Evacuate Collection Set: 0.12ms
[2026-09-07T10:43:21.998+0900][5.321s][info][gc,phases   ] GC(67)   Other: 0.02ms
[2026-09-07T10:43:21.998+0900][5.321s][info][gc,heap     ] GC(67) Eden regions: 102->0(102)
[2026-09-07T10:43:21.998+0900][5.321s][info][gc,heap     ] GC(67) Survivor regions: 2->2(13)
[2026-09-07T10:43:21.998+0900][5.321s][info][gc,heap     ] GC(67) Old regions: 74->74
[2026-09-07T10:43:21.998+0900][5.321s][info][gc,heap     ] GC(67) Humongous regions: 2->2
[2026-09-07T10:43:21.998+0900][5.321s][info][gc,metaspace] GC(67) Metaspace: 23364K(23872K)->23364K(23872K) NonClass: 20545K(20800K)->20545K(20800K) Class: 2819K(3072K)->2819K(3072K)
[2026-09-07T10:43:21.998+0900][5.321s][info][gc          ] GC(67) Pause Young (Normal) (G1 Evacuation Pause) 357M->153M(380M) 0.666ms
[2026-09-07T10:43:21.998+0900][5.321s][info][gc,cpu      ] GC(67) User=0.01s Sys=0.00s Real=0.00s
[2026-09-07T10:43:21.998+0900][5.321s][info][safepoint   ] Safepoint "G1CollectForAllocation", Time since last: 76631000 ns, Reaching safepoint: 1166 ns, Cleanup: 1167 ns, At safepoint: 680417 ns, Leaving safepoint: 791 ns, Total: 683541 ns
[2026-09-07T10:43:22.076+0900][5.399s][info][gc,start    ] GC(68) Pause Young (Normal) (G1 Evacuation Pause)
[2026-09-07T10:43:22.076+0900][5.399s][info][gc,task     ] GC(68) Using 9 workers of 9 for evacuation
[2026-09-07T10:43:22.076+0900][5.399s][info][gc,phases   ] GC(68)   Pre Evacuate Collection Set: 0.07ms
[2026-09-07T10:43:22.076+0900][5.399s][info][gc,phases   ] GC(68)   Merge Heap Roots: 0.04ms
[2026-09-07T10:43:22.076+0900][5.399s][info][gc,phases   ] GC(68)   Evacuate Collection Set: 0.15ms
[2026-09-07T10:43:22.076+0900][5.399s][info][gc,phases   ] GC(68)   Post Evacuate Collection Set: 0.11ms
[2026-09-07T10:43:22.076+0900][5.399s][info][gc,phases   ] GC(68)   Other: 0.02ms
[2026-09-07T10:43:22.076+0900][5.399s][info][gc,heap     ] GC(68) Eden regions: 102->0(103)
[2026-09-07T10:43:22.076+0900][5.399s][info][gc,heap     ] GC(68) Survivor regions: 2->1(13)
[2026-09-07T10:43:22.076+0900][5.399s][info][gc,heap     ] GC(68) Old regions: 74->74
[2026-09-07T10:43:22.076+0900][5.399s][info][gc,heap     ] GC(68) Humongous regions: 2->2
[2026-09-07T10:43:22.076+0900][5.399s][info][gc,metaspace] GC(68) Metaspace: 23364K(23872K)->23364K(23872K) NonClass: 20545K(20800K)->20545K(20800K) Class: 2819K(3072K)->2819K(3072K)
[2026-09-07T10:43:22.076+0900][5.399s][info][gc          ] GC(68) Pause Young (Normal) (G1 Evacuation Pause) 357M->150M(380M) 0.464ms
[2026-09-07T10:43:22.076+0900][5.399s][info][gc,cpu      ] GC(68) User=0.00s Sys=0.00s Real=0.00s
[2026-09-07T10:43:22.076+0900][5.399s][info][safepoint   ] Safepoint "G1CollectForAllocation", Time since last: 77997834 ns, Reaching safepoint: 1166 ns, Cleanup: 6667 ns, At safepoint: 477625 ns, Leaving safepoint: 1333 ns, Total: 486791 ns
[2026-09-07T10:43:22.156+0900][5.479s][info][gc,start    ] GC(69) Pause Young (Normal) (G1 Evacuation Pause)
[2026-09-07T10:43:22.156+0900][5.479s][info][gc,task     ] GC(69) Using 9 workers of 9 for evacuation
[2026-09-07T10:43:22.156+0900][5.479s][info][gc,phases   ] GC(69)   Pre Evacuate Collection Set: 0.07ms
[2026-09-07T10:43:22.156+0900][5.479s][info][gc,phases   ] GC(69)   Merge Heap Roots: 0.02ms
[2026-09-07T10:43:22.156+0900][5.479s][info][gc,phases   ] GC(69)   Evacuate Collection Set: 0.20ms
[2026-09-07T10:43:22.156+0900][5.479s][info][gc,phases   ] GC(69)   Post Evacuate Collection Set: 0.11ms
[2026-09-07T10:43:22.156+0900][5.479s][info][gc,phases   ] GC(69)   Other: 0.01ms
[2026-09-07T10:43:22.156+0900][5.479s][info][gc,heap     ] GC(69) Eden regions: 103->0(103)
[2026-09-07T10:43:22.156+0900][5.479s][info][gc,heap     ] GC(69) Survivor regions: 1->1(13)
[2026-09-07T10:43:22.156+0900][5.479s][info][gc,heap     ] GC(69) Old regions: 74->74
[2026-09-07T10:43:22.156+0900][5.479s][info][gc,heap     ] GC(69) Humongous regions: 2->2
[2026-09-07T10:43:22.156+0900][5.479s][info][gc,metaspace] GC(69) Metaspace: 23364K(23872K)->23364K(23872K) NonClass: 20545K(20800K)->20545K(20800K) Class: 2819K(3072K)->2819K(3072K)
[2026-09-07T10:43:22.156+0900][5.479s][info][gc          ] GC(69) Pause Young (Normal) (G1 Evacuation Pause) 356M->151M(380M) 0.479ms
[2026-09-07T10:43:22.156+0900][5.479s][info][gc,cpu      ] GC(69) User=0.01s Sys=0.01s Real=0.00s
[2026-09-07T10:43:22.156+0900][5.479s][info][safepoint   ] Safepoint "G1CollectForAllocation", Time since last: 79355625 ns, Reaching safepoint: 1584 ns, Cleanup: 916 ns, At safepoint: 493917 ns, Leaving safepoint: 1125 ns, Total: 497542 ns
[2026-09-07T10:43:22.234+0900][5.557s][info][gc,start    ] GC(70) Pause Young (Normal) (G1 Evacuation Pause)
[2026-09-07T10:43:22.234+0900][5.557s][info][gc,task     ] GC(70) Using 9 workers of 9 for evacuation
[2026-09-07T10:43:22.234+0900][5.557s][info][gc,phases   ] GC(70)   Pre Evacuate Collection Set: 0.07ms
[2026-09-07T10:43:22.234+0900][5.557s][info][gc,phases   ] GC(70)   Merge Heap Roots: 0.02ms
[2026-09-07T10:43:22.234+0900][5.557s][info][gc,phases   ] GC(70)   Evacuate Collection Set: 0.25ms
[2026-09-07T10:43:22.234+0900][5.557s][info][gc,phases   ] GC(70)   Post Evacuate Collection Set: 0.13ms
[2026-09-07T10:43:22.234+0900][5.557s][info][gc,phases   ] GC(70)   Other: 0.02ms
[2026-09-07T10:43:22.234+0900][5.557s][info][gc,heap     ] GC(70) Eden regions: 103->0(102)
[2026-09-07T10:43:22.234+0900][5.557s][info][gc,heap     ] GC(70) Survivor regions: 1->2(13)
[2026-09-07T10:43:22.234+0900][5.557s][info][gc,heap     ] GC(70) Old regions: 74->74
[2026-09-07T10:43:22.234+0900][5.557s][info][gc,heap     ] GC(70) Humongous regions: 2->2
[2026-09-07T10:43:22.234+0900][5.557s][info][gc,metaspace] GC(70) Metaspace: 23364K(23872K)->23364K(23872K) NonClass: 20545K(20800K)->20545K(20800K) Class: 2819K(3072K)->2819K(3072K)
[2026-09-07T10:43:22.234+0900][5.557s][info][gc          ] GC(70) Pause Young (Normal) (G1 Evacuation Pause) 357M->152M(380M) 0.555ms
[2026-09-07T10:43:22.234+0900][5.557s][info][gc,cpu      ] GC(70) User=0.00s Sys=0.00s Real=0.00s
[2026-09-07T10:43:22.234+0900][5.557s][info][safepoint   ] Safepoint "G1CollectForAllocation", Time since last: 77513583 ns, Reaching safepoint: 875 ns, Cleanup: 4000 ns, At safepoint: 569500 ns, Leaving safepoint: 750 ns, Total: 575125 ns
[2026-09-07T10:43:22.313+0900][5.636s][info][gc,start    ] GC(71) Pause Young (Normal) (G1 Evacuation Pause)
[2026-09-07T10:43:22.313+0900][5.636s][info][gc,task     ] GC(71) Using 9 workers of 9 for evacuation
[2026-09-07T10:43:22.313+0900][5.636s][info][gc,phases   ] GC(71)   Pre Evacuate Collection Set: 0.07ms
[2026-09-07T10:43:22.313+0900][5.636s][info][gc,phases   ] GC(71)   Merge Heap Roots: 0.04ms
[2026-09-07T10:43:22.313+0900][5.636s][info][gc,phases   ] GC(71)   Evacuate Collection Set: 0.33ms
[2026-09-07T10:43:22.313+0900][5.636s][info][gc,phases   ] GC(71)   Post Evacuate Collection Set: 0.12ms
[2026-09-07T10:43:22.313+0900][5.636s][info][gc,phases   ] GC(71)   Other: 0.02ms
[2026-09-07T10:43:22.313+0900][5.636s][info][gc,heap     ] GC(71) Eden regions: 102->0(102)
[2026-09-07T10:43:22.313+0900][5.636s][info][gc,heap     ] GC(71) Survivor regions: 2->2(13)
[2026-09-07T10:43:22.313+0900][5.636s][info][gc,heap     ] GC(71) Old regions: 74->74
[2026-09-07T10:43:22.313+0900][5.636s][info][gc,heap     ] GC(71) Humongous regions: 2->2
[2026-09-07T10:43:22.313+0900][5.636s][info][gc,metaspace] GC(71) Metaspace: 23364K(23872K)->23364K(23872K) NonClass: 20545K(20800K)->20545K(20800K) Class: 2819K(3072K)->2819K(3072K)
[2026-09-07T10:43:22.313+0900][5.636s][info][gc          ] GC(71) Pause Young (Normal) (G1 Evacuation Pause) 356M->153M(380M) 0.647ms
[2026-09-07T10:43:22.313+0900][5.636s][info][gc,cpu      ] GC(71) User=0.00s Sys=0.00s Real=0.00s
[2026-09-07T10:43:22.313+0900][5.636s][info][safepoint   ] Safepoint "G1CollectForAllocation", Time since last: 78398334 ns, Reaching safepoint: 1500 ns, Cleanup: 1208 ns, At safepoint: 661375 ns, Leaving safepoint: 1083 ns, Total: 665166 ns
[2026-09-07T10:43:22.391+0900][5.714s][info][gc,start    ] GC(72) Pause Young (Normal) (G1 Evacuation Pause)
[2026-09-07T10:43:22.392+0900][5.714s][info][gc,task     ] GC(72) Using 9 workers of 9 for evacuation
[2026-09-07T10:43:22.392+0900][5.715s][info][gc,phases   ] GC(72)   Pre Evacuate Collection Set: 0.08ms
[2026-09-07T10:43:22.392+0900][5.715s][info][gc,phases   ] GC(72)   Merge Heap Roots: 0.04ms
[2026-09-07T10:43:22.392+0900][5.715s][info][gc,phases   ] GC(72)   Evacuate Collection Set: 0.34ms
[2026-09-07T10:43:22.392+0900][5.715s][info][gc,phases   ] GC(72)   Post Evacuate Collection Set: 0.11ms
[2026-09-07T10:43:22.392+0900][5.715s][info][gc,phases   ] GC(72)   Other: 0.02ms
[2026-09-07T10:43:22.392+0900][5.715s][info][gc,heap     ] GC(72) Eden regions: 102->0(102)
[2026-09-07T10:43:22.392+0900][5.715s][info][gc,heap     ] GC(72) Survivor regions: 2->2(13)
[2026-09-07T10:43:22.392+0900][5.715s][info][gc,heap     ] GC(72) Old regions: 74->74
[2026-09-07T10:43:22.392+0900][5.715s][info][gc,heap     ] GC(72) Humongous regions: 2->2
[2026-09-07T10:43:22.392+0900][5.715s][info][gc,metaspace] GC(72) Metaspace: 23364K(23872K)->23364K(23872K) NonClass: 20545K(20800K)->20545K(20800K) Class: 2819K(3072K)->2819K(3072K)
[2026-09-07T10:43:22.392+0900][5.715s][info][gc          ] GC(72) Pause Young (Normal) (G1 Evacuation Pause) 357M->153M(380M) 0.664ms
[2026-09-07T10:43:22.392+0900][5.715s][info][gc,cpu      ] GC(72) User=0.00s Sys=0.00s Real=0.00s
[2026-09-07T10:43:22.392+0900][5.715s][info][safepoint   ] Safepoint "G1CollectForAllocation", Time since last: 78220209 ns, Reaching safepoint: 1208 ns, Cleanup: 1333 ns, At safepoint: 678125 ns, Leaving safepoint: 875 ns, Total: 681541 ns
[2026-09-07T10:43:22.469+0900][5.792s][info][gc,start    ] GC(73) Pause Young (Normal) (G1 Evacuation Pause)
[2026-09-07T10:43:22.469+0900][5.792s][info][gc,task     ] GC(73) Using 9 workers of 9 for evacuation
[2026-09-07T10:43:22.470+0900][5.793s][info][gc,phases   ] GC(73)   Pre Evacuate Collection Set: 0.07ms
[2026-09-07T10:43:22.470+0900][5.793s][info][gc,phases   ] GC(73)   Merge Heap Roots: 0.02ms
[2026-09-07T10:43:22.470+0900][5.793s][info][gc,phases   ] GC(73)   Evacuate Collection Set: 0.12ms
[2026-09-07T10:43:22.470+0900][5.793s][info][gc,phases   ] GC(73)   Post Evacuate Collection Set: 0.12ms
[2026-09-07T10:43:22.470+0900][5.793s][info][gc,phases   ] GC(73)   Other: 0.02ms
[2026-09-07T10:43:22.470+0900][5.793s][info][gc,heap     ] GC(73) Eden regions: 102->0(103)
[2026-09-07T10:43:22.470+0900][5.793s][info][gc,heap     ] GC(73) Survivor regions: 2->1(13)
[2026-09-07T10:43:22.470+0900][5.793s][info][gc,heap     ] GC(73) Old regions: 74->74
[2026-09-07T10:43:22.470+0900][5.793s][info][gc,heap     ] GC(73) Humongous regions: 2->2
[2026-09-07T10:43:22.470+0900][5.793s][info][gc,metaspace] GC(73) Metaspace: 23364K(23872K)->23364K(23872K) NonClass: 20545K(20800K)->20545K(20800K) Class: 2819K(3072K)->2819K(3072K)
[2026-09-07T10:43:22.470+0900][5.793s][info][gc          ] GC(73) Pause Young (Normal) (G1 Evacuation Pause) 357M->150M(380M) 0.410ms
[2026-09-07T10:43:22.470+0900][5.793s][info][gc,cpu      ] GC(73) User=0.00s Sys=0.00s Real=0.01s
[2026-09-07T10:43:22.470+0900][5.793s][info][safepoint   ] Safepoint "G1CollectForAllocation", Time since last: 77115334 ns, Reaching safepoint: 1291 ns, Cleanup: 3292 ns, At safepoint: 423833 ns, Leaving safepoint: 875 ns, Total: 429291 ns
[2026-09-07T10:43:22.547+0900][5.870s][info][gc,start    ] GC(74) Pause Young (Normal) (G1 Evacuation Pause)
[2026-09-07T10:43:22.547+0900][5.870s][info][gc,task     ] GC(74) Using 9 workers of 9 for evacuation
[2026-09-07T10:43:22.548+0900][5.871s][info][gc,phases   ] GC(74)   Pre Evacuate Collection Set: 0.09ms
[2026-09-07T10:43:22.548+0900][5.871s][info][gc,phases   ] GC(74)   Merge Heap Roots: 0.02ms
[2026-09-07T10:43:22.548+0900][5.871s][info][gc,phases   ] GC(74)   Evacuate Collection Set: 0.19ms
[2026-09-07T10:43:22.548+0900][5.871s][info][gc,phases   ] GC(74)   Post Evacuate Collection Set: 0.11ms
[2026-09-07T10:43:22.548+0900][5.871s][info][gc,phases   ] GC(74)   Other: 0.02ms
[2026-09-07T10:43:22.548+0900][5.871s][info][gc,heap     ] GC(74) Eden regions: 103->0(103)
[2026-09-07T10:43:22.548+0900][5.871s][info][gc,heap     ] GC(74) Survivor regions: 1->1(13)
[2026-09-07T10:43:22.548+0900][5.871s][info][gc,heap     ] GC(74) Old regions: 74->74
[2026-09-07T10:43:22.548+0900][5.871s][info][gc,heap     ] GC(74) Humongous regions: 2->2
[2026-09-07T10:43:22.548+0900][5.871s][info][gc,metaspace] GC(74) Metaspace: 23364K(23872K)->23364K(23872K) NonClass: 20545K(20800K)->20545K(20800K) Class: 2819K(3072K)->2819K(3072K)
[2026-09-07T10:43:22.548+0900][5.871s][info][gc          ] GC(74) Pause Young (Normal) (G1 Evacuation Pause) 356M->151M(380M) 0.494ms
[2026-09-07T10:43:22.548+0900][5.871s][info][gc,cpu      ] GC(74) User=0.00s Sys=0.00s Real=0.00s
[2026-09-07T10:43:22.548+0900][5.871s][info][safepoint   ] Safepoint "G1CollectForAllocation", Time since last: 77741959 ns, Reaching safepoint: 1125 ns, Cleanup: 916 ns, At safepoint: 506834 ns, Leaving safepoint: 916 ns, Total: 509791 ns
[2026-09-07T10:43:22.626+0900][5.949s][info][gc,start    ] GC(75) Pause Young (Normal) (G1 Evacuation Pause)
[2026-09-07T10:43:22.626+0900][5.949s][info][gc,task     ] GC(75) Using 9 workers of 9 for evacuation
[2026-09-07T10:43:22.626+0900][5.949s][info][gc,phases   ] GC(75)   Pre Evacuate Collection Set: 0.08ms
[2026-09-07T10:43:22.626+0900][5.949s][info][gc,phases   ] GC(75)   Merge Heap Roots: 0.02ms
[2026-09-07T10:43:22.626+0900][5.949s][info][gc,phases   ] GC(75)   Evacuate Collection Set: 0.24ms
[2026-09-07T10:43:22.627+0900][5.949s][info][gc,phases   ] GC(75)   Post Evacuate Collection Set: 0.11ms
[2026-09-07T10:43:22.627+0900][5.949s][info][gc,phases   ] GC(75)   Other: 0.02ms
[2026-09-07T10:43:22.627+0900][5.949s][info][gc,heap     ] GC(75) Eden regions: 103->0(102)
[2026-09-07T10:43:22.627+0900][5.949s][info][gc,heap     ] GC(75) Survivor regions: 1->2(13)
[2026-09-07T10:43:22.627+0900][5.949s][info][gc,heap     ] GC(75) Old regions: 74->74
[2026-09-07T10:43:22.627+0900][5.949s][info][gc,heap     ] GC(75) Humongous regions: 2->2
[2026-09-07T10:43:22.627+0900][5.949s][info][gc,metaspace] GC(75) Metaspace: 23364K(23872K)->23364K(23872K) NonClass: 20545K(20800K)->20545K(20800K) Class: 2819K(3072K)->2819K(3072K)
[2026-09-07T10:43:22.627+0900][5.949s][info][gc          ] GC(75) Pause Young (Normal) (G1 Evacuation Pause) 357M->152M(380M) 0.546ms
[2026-09-07T10:43:22.627+0900][5.950s][info][gc,cpu      ] GC(75) User=0.00s Sys=0.00s Real=0.00s
[2026-09-07T10:43:22.627+0900][5.950s][info][safepoint   ] Safepoint "G1CollectForAllocation", Time since last: 78012334 ns, Reaching safepoint: 750 ns, Cleanup: 1916 ns, At safepoint: 557750 ns, Leaving safepoint: 1459 ns, Total: 561875 ns
[2026-09-07T10:43:22.704+0900][6.027s][info][gc,start    ] GC(76) Pause Young (Normal) (G1 Evacuation Pause)
[2026-09-07T10:43:22.704+0900][6.027s][info][gc,task     ] GC(76) Using 9 workers of 9 for evacuation
[2026-09-07T10:43:22.705+0900][6.028s][info][gc,phases   ] GC(76)   Pre Evacuate Collection Set: 0.06ms
[2026-09-07T10:43:22.705+0900][6.028s][info][gc,phases   ] GC(76)   Merge Heap Roots: 0.02ms
[2026-09-07T10:43:22.705+0900][6.028s][info][gc,phases   ] GC(76)   Evacuate Collection Set: 0.29ms
[2026-09-07T10:43:22.705+0900][6.028s][info][gc,phases   ] GC(76)   Post Evacuate Collection Set: 0.11ms
[2026-09-07T10:43:22.705+0900][6.028s][info][gc,phases   ] GC(76)   Other: 0.02ms
[2026-09-07T10:43:22.705+0900][6.028s][info][gc,heap     ] GC(76) Eden regions: 102->0(102)
[2026-09-07T10:43:22.705+0900][6.028s][info][gc,heap     ] GC(76) Survivor regions: 2->2(13)
[2026-09-07T10:43:22.705+0900][6.028s][info][gc,heap     ] GC(76) Old regions: 74->74
[2026-09-07T10:43:22.705+0900][6.028s][info][gc,heap     ] GC(76) Humongous regions: 2->2
[2026-09-07T10:43:22.705+0900][6.028s][info][gc,metaspace] GC(76) Metaspace: 23364K(23872K)->23364K(23872K) NonClass: 20545K(20800K)->20545K(20800K) Class: 2819K(3072K)->2819K(3072K)
[2026-09-07T10:43:22.705+0900][6.028s][info][gc          ] GC(76) Pause Young (Normal) (G1 Evacuation Pause) 356M->152M(380M) 0.580ms
[2026-09-07T10:43:22.705+0900][6.028s][info][gc,cpu      ] GC(76) User=0.00s Sys=0.00s Real=0.00s
[2026-09-07T10:43:22.705+0900][6.028s][info][safepoint   ] Safepoint "G1CollectForAllocation", Time since last: 77855083 ns, Reaching safepoint: 958 ns, Cleanup: 1084 ns, At safepoint: 593833 ns, Leaving safepoint: 958 ns, Total: 596833 ns
[2026-09-07T10:43:22.784+0900][6.106s][info][gc,start    ] GC(77) Pause Young (Normal) (G1 Evacuation Pause)
[2026-09-07T10:43:22.784+0900][6.106s][info][gc,task     ] GC(77) Using 9 workers of 9 for evacuation
[2026-09-07T10:43:22.784+0900][6.107s][info][gc,phases   ] GC(77)   Pre Evacuate Collection Set: 0.05ms
[2026-09-07T10:43:22.784+0900][6.107s][info][gc,phases   ] GC(77)   Merge Heap Roots: 0.02ms
[2026-09-07T10:43:22.784+0900][6.107s][info][gc,phases   ] GC(77)   Evacuate Collection Set: 0.32ms
[2026-09-07T10:43:22.784+0900][6.107s][info][gc,phases   ] GC(77)   Post Evacuate Collection Set: 0.12ms
[2026-09-07T10:43:22.784+0900][6.107s][info][gc,phases   ] GC(77)   Other: 0.02ms
[2026-09-07T10:43:22.784+0900][6.107s][info][gc,heap     ] GC(77) Eden regions: 102->0(102)
[2026-09-07T10:43:22.784+0900][6.107s][info][gc,heap     ] GC(77) Survivor regions: 2->2(13)
[2026-09-07T10:43:22.784+0900][6.107s][info][gc,heap     ] GC(77) Old regions: 74->74
[2026-09-07T10:43:22.784+0900][6.107s][info][gc,heap     ] GC(77) Humongous regions: 2->2
[2026-09-07T10:43:22.784+0900][6.107s][info][gc,metaspace] GC(77) Metaspace: 23364K(23872K)->23364K(23872K) NonClass: 20545K(20800K)->20545K(20800K) Class: 2819K(3072K)->2819K(3072K)
[2026-09-07T10:43:22.784+0900][6.107s][info][gc          ] GC(77) Pause Young (Normal) (G1 Evacuation Pause) 356M->153M(380M) 0.595ms
[2026-09-07T10:43:22.784+0900][6.107s][info][gc,cpu      ] GC(77) User=0.00s Sys=0.00s Real=0.00s
[2026-09-07T10:43:22.784+0900][6.107s][info][safepoint   ] Safepoint "G1CollectForAllocation", Time since last: 78505834 ns, Reaching safepoint: 1333 ns, Cleanup: 1167 ns, At safepoint: 608458 ns, Leaving safepoint: 833 ns, Total: 611791 ns
[2026-09-07T10:43:22.862+0900][6.185s][info][gc,start    ] GC(78) Pause Young (Normal) (G1 Evacuation Pause)
[2026-09-07T10:43:22.862+0900][6.185s][info][gc,task     ] GC(78) Using 9 workers of 9 for evacuation
[2026-09-07T10:43:22.862+0900][6.185s][info][gc,phases   ] GC(78)   Pre Evacuate Collection Set: 0.07ms
[2026-09-07T10:43:22.862+0900][6.185s][info][gc,phases   ] GC(78)   Merge Heap Roots: 0.02ms
[2026-09-07T10:43:22.862+0900][6.185s][info][gc,phases   ] GC(78)   Evacuate Collection Set: 0.38ms
[2026-09-07T10:43:22.862+0900][6.185s][info][gc,phases   ] GC(78)   Post Evacuate Collection Set: 0.10ms
[2026-09-07T10:43:22.862+0900][6.185s][info][gc,phases   ] GC(78)   Other: 0.02ms
[2026-09-07T10:43:22.862+0900][6.185s][info][gc,heap     ] GC(78) Eden regions: 102->0(101)
[2026-09-07T10:43:22.862+0900][6.185s][info][gc,heap     ] GC(78) Survivor regions: 2->3(13)
[2026-09-07T10:43:22.862+0900][6.185s][info][gc,heap     ] GC(78) Old regions: 74->74
[2026-09-07T10:43:22.862+0900][6.185s][info][gc,heap     ] GC(78) Humongous regions: 2->2
[2026-09-07T10:43:22.862+0900][6.185s][info][gc,metaspace] GC(78) Metaspace: 23364K(23872K)->23364K(23872K) NonClass: 20545K(20800K)->20545K(20800K) Class: 2819K(3072K)->2819K(3072K)
[2026-09-07T10:43:22.862+0900][6.185s][info][gc          ] GC(78) Pause Young (Normal) (G1 Evacuation Pause) 357M->154M(380M) 0.668ms
[2026-09-07T10:43:22.862+0900][6.185s][info][gc,cpu      ] GC(78) User=0.00s Sys=0.00s Real=0.00s
[2026-09-07T10:43:22.862+0900][6.185s][info][safepoint   ] Safepoint "G1CollectForAllocation", Time since last: 77550417 ns, Reaching safepoint: 958 ns, Cleanup: 1459 ns, At safepoint: 684083 ns, Leaving safepoint: 1000 ns, Total: 687500 ns
[2026-09-07T10:43:22.939+0900][6.262s][info][gc,start    ] GC(79) Pause Young (Normal) (G1 Evacuation Pause)
[2026-09-07T10:43:22.939+0900][6.262s][info][gc,task     ] GC(79) Using 9 workers of 9 for evacuation
[2026-09-07T10:43:22.939+0900][6.262s][info][gc,phases   ] GC(79)   Pre Evacuate Collection Set: 0.07ms
[2026-09-07T10:43:22.939+0900][6.262s][info][gc,phases   ] GC(79)   Merge Heap Roots: 0.02ms
[2026-09-07T10:43:22.939+0900][6.262s][info][gc,phases   ] GC(79)   Evacuate Collection Set: 0.19ms
[2026-09-07T10:43:22.939+0900][6.262s][info][gc,phases   ] GC(79)   Post Evacuate Collection Set: 0.13ms
[2026-09-07T10:43:22.939+0900][6.262s][info][gc,phases   ] GC(79)   Other: 0.02ms
[2026-09-07T10:43:22.939+0900][6.262s][info][gc,heap     ] GC(79) Eden regions: 101->0(103)
[2026-09-07T10:43:22.939+0900][6.262s][info][gc,heap     ] GC(79) Survivor regions: 3->1(13)
[2026-09-07T10:43:22.939+0900][6.262s][info][gc,heap     ] GC(79) Old regions: 74->74
[2026-09-07T10:43:22.939+0900][6.262s][info][gc,heap     ] GC(79) Humongous regions: 2->2
[2026-09-07T10:43:22.939+0900][6.262s][info][gc,metaspace] GC(79) Metaspace: 23364K(23872K)->23364K(23872K) NonClass: 20545K(20800K)->20545K(20800K) Class: 2819K(3072K)->2819K(3072K)
[2026-09-07T10:43:22.939+0900][6.262s][info][gc          ] GC(79) Pause Young (Normal) (G1 Evacuation Pause) 356M->151M(380M) 0.496ms
[2026-09-07T10:43:22.939+0900][6.262s][info][gc,cpu      ] GC(79) User=0.00s Sys=0.00s Real=0.00s
[2026-09-07T10:43:22.939+0900][6.262s][info][safepoint   ] Safepoint "G1CollectForAllocation", Time since last: 76557875 ns, Reaching safepoint: 1333 ns, Cleanup: 1000 ns, At safepoint: 510459 ns, Leaving safepoint: 833 ns, Total: 513625 ns
[2026-09-07T10:43:23.017+0900][6.340s][info][gc,start    ] GC(80) Pause Young (Normal) (G1 Evacuation Pause)
[2026-09-07T10:43:23.017+0900][6.340s][info][gc,task     ] GC(80) Using 9 workers of 9 for evacuation
[2026-09-07T10:43:23.017+0900][6.340s][info][gc,phases   ] GC(80)   Pre Evacuate Collection Set: 0.08ms
[2026-09-07T10:43:23.018+0900][6.340s][info][gc,phases   ] GC(80)   Merge Heap Roots: 0.02ms
[2026-09-07T10:43:23.018+0900][6.340s][info][gc,phases   ] GC(80)   Evacuate Collection Set: 0.22ms
[2026-09-07T10:43:23.018+0900][6.340s][info][gc,phases   ] GC(80)   Post Evacuate Collection Set: 0.10ms
[2026-09-07T10:43:23.018+0900][6.340s][info][gc,phases   ] GC(80)   Other: 0.02ms
[2026-09-07T10:43:23.018+0900][6.340s][info][gc,heap     ] GC(80) Eden regions: 103->0(103)
[2026-09-07T10:43:23.018+0900][6.340s][info][gc,heap     ] GC(80) Survivor regions: 1->1(13)
[2026-09-07T10:43:23.018+0900][6.340s][info][gc,heap     ] GC(80) Old regions: 74->74
[2026-09-07T10:43:23.018+0900][6.341s][info][gc,heap     ] GC(80) Humongous regions: 2->2
[2026-09-07T10:43:23.018+0900][6.341s][info][gc,metaspace] GC(80) Metaspace: 23364K(23872K)->23364K(23872K) NonClass: 20545K(20800K)->20545K(20800K) Class: 2819K(3072K)->2819K(3072K)
[2026-09-07T10:43:23.018+0900][6.341s][info][gc          ] GC(80) Pause Young (Normal) (G1 Evacuation Pause) 357M->151M(380M) 0.504ms
[2026-09-07T10:43:23.018+0900][6.341s][info][gc,cpu      ] GC(80) User=0.00s Sys=0.00s Real=0.00s
[2026-09-07T10:43:23.018+0900][6.341s][info][safepoint   ] Safepoint "G1CollectForAllocation", Time since last: 77612875 ns, Reaching safepoint: 917 ns, Cleanup: 1250 ns, At safepoint: 516333 ns, Leaving safepoint: 708 ns, Total: 519208 ns
[2026-09-07T10:43:23.096+0900][6.419s][info][gc,start    ] GC(81) Pause Young (Normal) (G1 Evacuation Pause)
[2026-09-07T10:43:23.096+0900][6.419s][info][gc,task     ] GC(81) Using 9 workers of 9 for evacuation
[2026-09-07T10:43:23.096+0900][6.419s][info][gc,phases   ] GC(81)   Pre Evacuate Collection Set: 0.08ms
[2026-09-07T10:43:23.096+0900][6.419s][info][gc,phases   ] GC(81)   Merge Heap Roots: 0.02ms
[2026-09-07T10:43:23.096+0900][6.419s][info][gc,phases   ] GC(81)   Evacuate Collection Set: 0.27ms
[2026-09-07T10:43:23.096+0900][6.419s][info][gc,phases   ] GC(81)   Post Evacuate Collection Set: 0.10ms
[2026-09-07T10:43:23.096+0900][6.419s][info][gc,phases   ] GC(81)   Other: 0.02ms
[2026-09-07T10:43:23.096+0900][6.419s][info][gc,heap     ] GC(81) Eden regions: 103->0(102)
[2026-09-07T10:43:23.096+0900][6.419s][info][gc,heap     ] GC(81) Survivor regions: 1->2(13)
[2026-09-07T10:43:23.096+0900][6.419s][info][gc,heap     ] GC(81) Old regions: 74->74
[2026-09-07T10:43:23.096+0900][6.419s][info][gc,heap     ] GC(81) Humongous regions: 2->2
[2026-09-07T10:43:23.096+0900][6.419s][info][gc,metaspace] GC(81) Metaspace: 23364K(23872K)->23364K(23872K) NonClass: 20545K(20800K)->20545K(20800K) Class: 2819K(3072K)->2819K(3072K)
[2026-09-07T10:43:23.096+0900][6.419s][info][gc          ] GC(81) Pause Young (Normal) (G1 Evacuation Pause) 357M->152M(380M) 0.543ms
[2026-09-07T10:43:23.096+0900][6.419s][info][gc,cpu      ] GC(81) User=0.00s Sys=0.00s Real=0.00s
[2026-09-07T10:43:23.096+0900][6.419s][info][safepoint   ] Safepoint "G1CollectForAllocation", Time since last: 78131334 ns, Reaching safepoint: 1041 ns, Cleanup: 792 ns, At safepoint: 556500 ns, Leaving safepoint: 875 ns, Total: 559208 ns
[2026-09-07T10:43:23.173+0900][6.496s][info][gc,start    ] GC(82) Pause Young (Normal) (G1 Evacuation Pause)
[2026-09-07T10:43:23.173+0900][6.496s][info][gc,task     ] GC(82) Using 9 workers of 9 for evacuation
[2026-09-07T10:43:23.174+0900][6.497s][info][gc,phases   ] GC(82)   Pre Evacuate Collection Set: 0.06ms
[2026-09-07T10:43:23.174+0900][6.497s][info][gc,phases   ] GC(82)   Merge Heap Roots: 0.02ms
[2026-09-07T10:43:23.174+0900][6.497s][info][gc,phases   ] GC(82)   Evacuate Collection Set: 0.33ms
[2026-09-07T10:43:23.174+0900][6.497s][info][gc,phases   ] GC(82)   Post Evacuate Collection Set: 0.11ms
[2026-09-07T10:43:23.174+0900][6.497s][info][gc,phases   ] GC(82)   Other: 0.02ms
[2026-09-07T10:43:23.174+0900][6.497s][info][gc,heap     ] GC(82) Eden regions: 102->0(102)
[2026-09-07T10:43:23.174+0900][6.497s][info][gc,heap     ] GC(82) Survivor regions: 2->2(13)
[2026-09-07T10:43:23.174+0900][6.497s][info][gc,heap     ] GC(82) Old regions: 74->74
[2026-09-07T10:43:23.174+0900][6.497s][info][gc,heap     ] GC(82) Humongous regions: 2->2
[2026-09-07T10:43:23.174+0900][6.497s][info][gc,metaspace] GC(82) Metaspace: 23364K(23872K)->23364K(23872K) NonClass: 20545K(20800K)->20545K(20800K) Class: 2819K(3072K)->2819K(3072K)
[2026-09-07T10:43:23.174+0900][6.497s][info][gc          ] GC(82) Pause Young (Normal) (G1 Evacuation Pause) 356M->153M(380M) 0.620ms
[2026-09-07T10:43:23.174+0900][6.497s][info][gc,cpu      ] GC(82) User=0.00s Sys=0.01s Real=0.00s
[2026-09-07T10:43:23.174+0900][6.497s][info][safepoint   ] Safepoint "G1CollectForAllocation", Time since last: 77205542 ns, Reaching safepoint: 1333 ns, Cleanup: 708 ns, At safepoint: 634334 ns, Leaving safepoint: 875 ns, Total: 637250 ns
[2026-09-07T10:43:23.252+0900][6.575s][info][gc,start    ] GC(83) Pause Young (Normal) (G1 Evacuation Pause)
[2026-09-07T10:43:23.252+0900][6.575s][info][gc,task     ] GC(83) Using 9 workers of 9 for evacuation
[2026-09-07T10:43:23.252+0900][6.575s][info][gc,phases   ] GC(83)   Pre Evacuate Collection Set: 0.07ms
[2026-09-07T10:43:23.252+0900][6.575s][info][gc,phases   ] GC(83)   Merge Heap Roots: 0.04ms
[2026-09-07T10:43:23.252+0900][6.575s][info][gc,phases   ] GC(83)   Evacuate Collection Set: 0.38ms
[2026-09-07T10:43:23.252+0900][6.575s][info][gc,phases   ] GC(83)   Post Evacuate Collection Set: 0.12ms
[2026-09-07T10:43:23.252+0900][6.575s][info][gc,phases   ] GC(83)   Other: 0.02ms
[2026-09-07T10:43:23.252+0900][6.575s][info][gc,heap     ] GC(83) Eden regions: 102->0(101)
[2026-09-07T10:43:23.252+0900][6.575s][info][gc,heap     ] GC(83) Survivor regions: 2->3(13)
[2026-09-07T10:43:23.252+0900][6.575s][info][gc,heap     ] GC(83) Old regions: 74->74
[2026-09-07T10:43:23.252+0900][6.575s][info][gc,heap     ] GC(83) Humongous regions: 2->2
[2026-09-07T10:43:23.252+0900][6.575s][info][gc,metaspace] GC(83) Metaspace: 23364K(23872K)->23364K(23872K) NonClass: 20545K(20800K)->20545K(20800K) Class: 2819K(3072K)->2819K(3072K)
[2026-09-07T10:43:23.252+0900][6.575s][info][gc          ] GC(83) Pause Young (Normal) (G1 Evacuation Pause) 357M->154M(380M) 0.693ms
[2026-09-07T10:43:23.253+0900][6.575s][info][gc,cpu      ] GC(83) User=0.01s Sys=0.00s Real=0.00s
[2026-09-07T10:43:23.253+0900][6.575s][info][safepoint   ] Safepoint "G1CollectForAllocation", Time since last: 77712125 ns, Reaching safepoint: 1416 ns, Cleanup: 1625 ns, At safepoint: 708125 ns, Leaving safepoint: 1459 ns, Total: 712625 ns
[2026-09-07T10:43:23.329+0900][6.652s][info][gc,start    ] GC(84) Pause Young (Normal) (G1 Evacuation Pause)
[2026-09-07T10:43:23.329+0900][6.652s][info][gc,task     ] GC(84) Using 9 workers of 9 for evacuation
[2026-09-07T10:43:23.329+0900][6.652s][info][gc,phases   ] GC(84)   Pre Evacuate Collection Set: 0.08ms
[2026-09-07T10:43:23.329+0900][6.652s][info][gc,phases   ] GC(84)   Merge Heap Roots: 0.02ms
[2026-09-07T10:43:23.329+0900][6.652s][info][gc,phases   ] GC(84)   Evacuate Collection Set: 0.18ms
[2026-09-07T10:43:23.329+0900][6.652s][info][gc,phases   ] GC(84)   Post Evacuate Collection Set: 0.11ms
[2026-09-07T10:43:23.329+0900][6.652s][info][gc,phases   ] GC(84)   Other: 0.02ms
[2026-09-07T10:43:23.329+0900][6.652s][info][gc,heap     ] GC(84) Eden regions: 101->0(103)
[2026-09-07T10:43:23.329+0900][6.652s][info][gc,heap     ] GC(84) Survivor regions: 3->1(13)
[2026-09-07T10:43:23.329+0900][6.652s][info][gc,heap     ] GC(84) Old regions: 74->74
[2026-09-07T10:43:23.329+0900][6.652s][info][gc,heap     ] GC(84) Humongous regions: 2->2
[2026-09-07T10:43:23.329+0900][6.652s][info][gc,metaspace] GC(84) Metaspace: 23364K(23872K)->23364K(23872K) NonClass: 20545K(20800K)->20545K(20800K) Class: 2819K(3072K)->2819K(3072K)
[2026-09-07T10:43:23.329+0900][6.652s][info][gc          ] GC(84) Pause Young (Normal) (G1 Evacuation Pause) 356M->151M(380M) 0.474ms
[2026-09-07T10:43:23.329+0900][6.652s][info][gc,cpu      ] GC(84) User=0.00s Sys=0.00s Real=0.00s
[2026-09-07T10:43:23.329+0900][6.652s][info][safepoint   ] Safepoint "G1CollectForAllocation", Time since last: 76031916 ns, Reaching safepoint: 1875 ns, Cleanup: 1250 ns, At safepoint: 490167 ns, Leaving safepoint: 1042 ns, Total: 494334 ns
[2026-09-07T10:43:23.407+0900][6.730s][info][gc,start    ] GC(85) Pause Young (Normal) (G1 Evacuation Pause)
[2026-09-07T10:43:23.407+0900][6.730s][info][gc,task     ] GC(85) Using 9 workers of 9 for evacuation
[2026-09-07T10:43:23.408+0900][6.731s][info][gc,phases   ] GC(85)   Pre Evacuate Collection Set: 0.07ms
[2026-09-07T10:43:23.408+0900][6.731s][info][gc,phases   ] GC(85)   Merge Heap Roots: 0.02ms
[2026-09-07T10:43:23.408+0900][6.731s][info][gc,phases   ] GC(85)   Evacuate Collection Set: 0.25ms
[2026-09-07T10:43:23.408+0900][6.731s][info][gc,phases   ] GC(85)   Post Evacuate Collection Set: 0.13ms
[2026-09-07T10:43:23.408+0900][6.731s][info][gc,phases   ] GC(85)   Other: 0.02ms
[2026-09-07T10:43:23.408+0900][6.731s][info][gc,heap     ] GC(85) Eden regions: 103->0(103)
[2026-09-07T10:43:23.408+0900][6.731s][info][gc,heap     ] GC(85) Survivor regions: 1->1(13)
[2026-09-07T10:43:23.408+0900][6.731s][info][gc,heap     ] GC(85) Old regions: 74->74
[2026-09-07T10:43:23.408+0900][6.731s][info][gc,heap     ] GC(85) Humongous regions: 2->2
[2026-09-07T10:43:23.408+0900][6.731s][info][gc,metaspace] GC(85) Metaspace: 23364K(23872K)->23364K(23872K) NonClass: 20545K(20800K)->20545K(20800K) Class: 2819K(3072K)->2819K(3072K)
[2026-09-07T10:43:23.408+0900][6.731s][info][gc          ] GC(85) Pause Young (Normal) (G1 Evacuation Pause) 357M->151M(380M) 0.548ms
[2026-09-07T10:43:23.408+0900][6.731s][info][gc,cpu      ] GC(85) User=0.00s Sys=0.00s Real=0.00s
[2026-09-07T10:43:23.408+0900][6.731s][info][safepoint   ] Safepoint "G1CollectForAllocation", Time since last: 78353791 ns, Reaching safepoint: 1209 ns, Cleanup: 1125 ns, At safepoint: 562375 ns, Leaving safepoint: 750 ns, Total: 565459 ns
[2026-09-07T10:43:23.487+0900][6.810s][info][gc,start    ] GC(86) Pause Young (Normal) (G1 Evacuation Pause)
[2026-09-07T10:43:23.487+0900][6.810s][info][gc,task     ] GC(86) Using 9 workers of 9 for evacuation
[2026-09-07T10:43:23.488+0900][6.811s][info][gc,phases   ] GC(86)   Pre Evacuate Collection Set: 0.08ms
[2026-09-07T10:43:23.488+0900][6.811s][info][gc,phases   ] GC(86)   Merge Heap Roots: 0.04ms
[2026-09-07T10:43:23.488+0900][6.811s][info][gc,phases   ] GC(86)   Evacuate Collection Set: 0.27ms
[2026-09-07T10:43:23.488+0900][6.811s][info][gc,phases   ] GC(86)   Post Evacuate Collection Set: 0.12ms
[2026-09-07T10:43:23.488+0900][6.811s][info][gc,phases   ] GC(86)   Other: 0.02ms
[2026-09-07T10:43:23.488+0900][6.811s][info][gc,heap     ] GC(86) Eden regions: 103->0(102)
[2026-09-07T10:43:23.488+0900][6.811s][info][gc,heap     ] GC(86) Survivor regions: 1->2(13)
[2026-09-07T10:43:23.488+0900][6.811s][info][gc,heap     ] GC(86) Old regions: 74->74
[2026-09-07T10:43:23.488+0900][6.811s][info][gc,heap     ] GC(86) Humongous regions: 2->2
[2026-09-07T10:43:23.488+0900][6.811s][info][gc,metaspace] GC(86) Metaspace: 23364K(23872K)->23364K(23872K) NonClass: 20545K(20800K)->20545K(20800K) Class: 2819K(3072K)->2819K(3072K)
[2026-09-07T10:43:23.488+0900][6.811s][info][gc          ] GC(86) Pause Young (Normal) (G1 Evacuation Pause) 357M->152M(380M) 0.583ms
[2026-09-07T10:43:23.488+0900][6.811s][info][gc,cpu      ] GC(86) User=0.00s Sys=0.00s Real=0.00s
[2026-09-07T10:43:23.488+0900][6.811s][info][safepoint   ] Safepoint "G1CollectForAllocation", Time since last: 79228708 ns, Reaching safepoint: 1333 ns, Cleanup: 3417 ns, At safepoint: 595958 ns, Leaving safepoint: 792 ns, Total: 601500 ns
[2026-09-07T10:43:23.567+0900][6.890s][info][gc,start    ] GC(87) Pause Young (Normal) (G1 Evacuation Pause)
[2026-09-07T10:43:23.567+0900][6.890s][info][gc,task     ] GC(87) Using 9 workers of 9 for evacuation
[2026-09-07T10:43:23.567+0900][6.890s][info][gc,phases   ] GC(87)   Pre Evacuate Collection Set: 0.08ms
[2026-09-07T10:43:23.567+0900][6.890s][info][gc,phases   ] GC(87)   Merge Heap Roots: 0.05ms
[2026-09-07T10:43:23.567+0900][6.890s][info][gc,phases   ] GC(87)   Evacuate Collection Set: 0.33ms
[2026-09-07T10:43:23.567+0900][6.890s][info][gc,phases   ] GC(87)   Post Evacuate Collection Set: 0.12ms
[2026-09-07T10:43:23.567+0900][6.890s][info][gc,phases   ] GC(87)   Other: 0.02ms
[2026-09-07T10:43:23.567+0900][6.890s][info][gc,heap     ] GC(87) Eden regions: 102->0(102)
[2026-09-07T10:43:23.567+0900][6.890s][info][gc,heap     ] GC(87) Survivor regions: 2->2(13)
[2026-09-07T10:43:23.567+0900][6.890s][info][gc,heap     ] GC(87) Old regions: 74->74
[2026-09-07T10:43:23.567+0900][6.890s][info][gc,heap     ] GC(87) Humongous regions: 2->2
[2026-09-07T10:43:23.567+0900][6.890s][info][gc,metaspace] GC(87) Metaspace: 23364K(23872K)->23364K(23872K) NonClass: 20545K(20800K)->20545K(20800K) Class: 2819K(3072K)->2819K(3072K)
[2026-09-07T10:43:23.567+0900][6.890s][info][gc          ] GC(87) Pause Young (Normal) (G1 Evacuation Pause) 356M->153M(380M) 0.665ms
[2026-09-07T10:43:23.567+0900][6.890s][info][gc,cpu      ] GC(87) User=0.00s Sys=0.00s Real=0.00s
[2026-09-07T10:43:23.567+0900][6.890s][info][safepoint   ] Safepoint "G1CollectForAllocation", Time since last: 78986083 ns, Reaching safepoint: 1292 ns, Cleanup: 1042 ns, At safepoint: 679375 ns, Leaving safepoint: 958 ns, Total: 682667 ns
[2026-09-07T10:43:23.646+0900][6.969s][info][gc,start    ] GC(88) Pause Young (Normal) (G1 Evacuation Pause)
[2026-09-07T10:43:23.646+0900][6.969s][info][gc,task     ] GC(88) Using 9 workers of 9 for evacuation
[2026-09-07T10:43:23.647+0900][6.970s][info][gc,phases   ] GC(88)   Pre Evacuate Collection Set: 0.09ms
[2026-09-07T10:43:23.647+0900][6.970s][info][gc,phases   ] GC(88)   Merge Heap Roots: 0.03ms
[2026-09-07T10:43:23.647+0900][6.970s][info][gc,phases   ] GC(88)   Evacuate Collection Set: 0.37ms
[2026-09-07T10:43:23.647+0900][6.970s][info][gc,phases   ] GC(88)   Post Evacuate Collection Set: 0.11ms
[2026-09-07T10:43:23.647+0900][6.970s][info][gc,phases   ] GC(88)   Other: 0.02ms
[2026-09-07T10:43:23.647+0900][6.970s][info][gc,heap     ] GC(88) Eden regions: 102->0(101)
[2026-09-07T10:43:23.647+0900][6.970s][info][gc,heap     ] GC(88) Survivor regions: 2->3(13)
[2026-09-07T10:43:23.647+0900][6.970s][info][gc,heap     ] GC(88) Old regions: 74->74
[2026-09-07T10:43:23.647+0900][6.970s][info][gc,heap     ] GC(88) Humongous regions: 2->2
[2026-09-07T10:43:23.647+0900][6.970s][info][gc,metaspace] GC(88) Metaspace: 23364K(23872K)->23364K(23872K) NonClass: 20545K(20800K)->20545K(20800K) Class: 2819K(3072K)->2819K(3072K)
[2026-09-07T10:43:23.647+0900][6.970s][info][gc          ] GC(88) Pause Young (Normal) (G1 Evacuation Pause) 357M->154M(380M) 0.692ms
[2026-09-07T10:43:23.647+0900][6.970s][info][gc,cpu      ] GC(88) User=0.00s Sys=0.00s Real=0.00s
[2026-09-07T10:43:23.647+0900][6.970s][info][safepoint   ] Safepoint "G1CollectForAllocation", Time since last: 78967750 ns, Reaching safepoint: 1417 ns, Cleanup: 833 ns, At safepoint: 705208 ns, Leaving safepoint: 875 ns, Total: 708333 ns
[2026-09-07T10:43:23.724+0900][7.047s][info][gc,start    ] GC(89) Pause Young (Normal) (G1 Evacuation Pause)
[2026-09-07T10:43:23.724+0900][7.047s][info][gc,task     ] GC(89) Using 9 workers of 9 for evacuation
[2026-09-07T10:43:23.724+0900][7.047s][info][gc,phases   ] GC(89)   Pre Evacuate Collection Set: 0.08ms
[2026-09-07T10:43:23.724+0900][7.047s][info][gc,phases   ] GC(89)   Merge Heap Roots: 0.02ms
[2026-09-07T10:43:23.724+0900][7.047s][info][gc,phases   ] GC(89)   Evacuate Collection Set: 0.14ms
[2026-09-07T10:43:23.724+0900][7.047s][info][gc,phases   ] GC(89)   Post Evacuate Collection Set: 0.11ms
[2026-09-07T10:43:23.724+0900][7.047s][info][gc,phases   ] GC(89)   Other: 0.02ms
[2026-09-07T10:43:23.724+0900][7.047s][info][gc,heap     ] GC(89) Eden regions: 101->0(103)
[2026-09-07T10:43:23.724+0900][7.047s][info][gc,heap     ] GC(89) Survivor regions: 3->1(13)
[2026-09-07T10:43:23.724+0900][7.047s][info][gc,heap     ] GC(89) Old regions: 74->74
[2026-09-07T10:43:23.724+0900][7.047s][info][gc,heap     ] GC(89) Humongous regions: 2->2
[2026-09-07T10:43:23.724+0900][7.047s][info][gc,metaspace] GC(89) Metaspace: 23365K(23872K)->23365K(23872K) NonClass: 20546K(20800K)->20546K(20800K) Class: 2819K(3072K)->2819K(3072K)
[2026-09-07T10:43:23.724+0900][7.047s][info][gc          ] GC(89) Pause Young (Normal) (G1 Evacuation Pause) 356M->151M(380M) 0.430ms
[2026-09-07T10:43:23.724+0900][7.047s][info][gc,cpu      ] GC(89) User=0.00s Sys=0.00s Real=0.00s
[2026-09-07T10:43:23.724+0900][7.047s][info][safepoint   ] Safepoint "G1CollectForAllocation", Time since last: 76626292 ns, Reaching safepoint: 1250 ns, Cleanup: 750 ns, At safepoint: 444708 ns, Leaving safepoint: 1125 ns, Total: 447833 ns
[2026-09-07T10:43:23.802+0900][7.125s][info][gc,start    ] GC(90) Pause Young (Normal) (G1 Evacuation Pause)
[2026-09-07T10:43:23.802+0900][7.125s][info][gc,task     ] GC(90) Using 9 workers of 9 for evacuation
[2026-09-07T10:43:23.803+0900][7.126s][info][gc,phases   ] GC(90)   Pre Evacuate Collection Set: 0.07ms
[2026-09-07T10:43:23.803+0900][7.126s][info][gc,phases   ] GC(90)   Merge Heap Roots: 0.02ms
[2026-09-07T10:43:23.803+0900][7.126s][info][gc,phases   ] GC(90)   Evacuate Collection Set: 0.23ms
[2026-09-07T10:43:23.803+0900][7.126s][info][gc,phases   ] GC(90)   Post Evacuate Collection Set: 0.12ms
[2026-09-07T10:43:23.803+0900][7.126s][info][gc,phases   ] GC(90)   Other: 0.02ms
[2026-09-07T10:43:23.803+0900][7.126s][info][gc,heap     ] GC(90) Eden regions: 103->0(103)
[2026-09-07T10:43:23.803+0900][7.126s][info][gc,heap     ] GC(90) Survivor regions: 1->1(13)
[2026-09-07T10:43:23.803+0900][7.126s][info][gc,heap     ] GC(90) Old regions: 74->74
[2026-09-07T10:43:23.803+0900][7.126s][info][gc,heap     ] GC(90) Humongous regions: 2->2
[2026-09-07T10:43:23.803+0900][7.126s][info][gc,metaspace] GC(90) Metaspace: 23365K(23872K)->23365K(23872K) NonClass: 20546K(20800K)->20546K(20800K) Class: 2819K(3072K)->2819K(3072K)
[2026-09-07T10:43:23.803+0900][7.126s][info][gc          ] GC(90) Pause Young (Normal) (G1 Evacuation Pause) 357M->151M(380M) 0.534ms
[2026-09-07T10:43:23.803+0900][7.126s][info][gc,cpu      ] GC(90) User=0.00s Sys=0.00s Real=0.00s
[2026-09-07T10:43:23.803+0900][7.126s][info][safepoint   ] Safepoint "G1CollectForAllocation", Time since last: 77920959 ns, Reaching safepoint: 1416 ns, Cleanup: 2042 ns, At safepoint: 547833 ns, Leaving safepoint: 1292 ns, Total: 552583 ns
[2026-09-07T10:43:23.882+0900][7.205s][info][gc,start    ] GC(91) Pause Young (Normal) (G1 Evacuation Pause)
[2026-09-07T10:43:23.882+0900][7.205s][info][gc,task     ] GC(91) Using 9 workers of 9 for evacuation
[2026-09-07T10:43:23.882+0900][7.205s][info][gc,phases   ] GC(91)   Pre Evacuate Collection Set: 0.07ms
[2026-09-07T10:43:23.882+0900][7.205s][info][gc,phases   ] GC(91)   Merge Heap Roots: 0.02ms
[2026-09-07T10:43:23.882+0900][7.205s][info][gc,phases   ] GC(91)   Evacuate Collection Set: 0.27ms
[2026-09-07T10:43:23.882+0900][7.205s][info][gc,phases   ] GC(91)   Post Evacuate Collection Set: 0.12ms
[2026-09-07T10:43:23.882+0900][7.205s][info][gc,phases   ] GC(91)   Other: 0.02ms
[2026-09-07T10:43:23.882+0900][7.205s][info][gc,heap     ] GC(91) Eden regions: 103->0(102)
[2026-09-07T10:43:23.882+0900][7.205s][info][gc,heap     ] GC(91) Survivor regions: 1->2(13)
[2026-09-07T10:43:23.882+0900][7.205s][info][gc,heap     ] GC(91) Old regions: 74->74
[2026-09-07T10:43:23.882+0900][7.205s][info][gc,heap     ] GC(91) Humongous regions: 2->2
[2026-09-07T10:43:23.882+0900][7.205s][info][gc,metaspace] GC(91) Metaspace: 23365K(23872K)->23365K(23872K) NonClass: 20546K(20800K)->20546K(20800K) Class: 2819K(3072K)->2819K(3072K)
[2026-09-07T10:43:23.882+0900][7.205s][info][gc          ] GC(91) Pause Young (Normal) (G1 Evacuation Pause) 357M->152M(380M) 0.567ms
[2026-09-07T10:43:23.882+0900][7.205s][info][gc,cpu      ] GC(91) User=0.00s Sys=0.00s Real=0.00s
[2026-09-07T10:43:23.882+0900][7.205s][info][safepoint   ] Safepoint "G1CollectForAllocation", Time since last: 78938292 ns, Reaching safepoint: 1458 ns, Cleanup: 542 ns, At safepoint: 585208 ns, Leaving safepoint: 875 ns, Total: 588083 ns
[2026-09-07T10:43:23.960+0900][7.283s][info][gc,start    ] GC(92) Pause Young (Normal) (G1 Evacuation Pause)
[2026-09-07T10:43:23.960+0900][7.283s][info][gc,task     ] GC(92) Using 9 workers of 9 for evacuation
[2026-09-07T10:43:23.961+0900][7.284s][info][gc,phases   ] GC(92)   Pre Evacuate Collection Set: 0.07ms
[2026-09-07T10:43:23.961+0900][7.284s][info][gc,phases   ] GC(92)   Merge Heap Roots: 0.02ms
[2026-09-07T10:43:23.961+0900][7.284s][info][gc,phases   ] GC(92)   Evacuate Collection Set: 0.33ms
[2026-09-07T10:43:23.961+0900][7.284s][info][gc,phases   ] GC(92)   Post Evacuate Collection Set: 0.10ms
[2026-09-07T10:43:23.961+0900][7.284s][info][gc,phases   ] GC(92)   Other: 0.02ms
[2026-09-07T10:43:23.961+0900][7.284s][info][gc,heap     ] GC(92) Eden regions: 102->0(102)
[2026-09-07T10:43:23.961+0900][7.284s][info][gc,heap     ] GC(92) Survivor regions: 2->2(13)
[2026-09-07T10:43:23.961+0900][7.284s][info][gc,heap     ] GC(92) Old regions: 74->74
[2026-09-07T10:43:23.961+0900][7.284s][info][gc,heap     ] GC(92) Humongous regions: 2->2
[2026-09-07T10:43:23.961+0900][7.284s][info][gc,metaspace] GC(92) Metaspace: 23365K(23872K)->23365K(23872K) NonClass: 20546K(20800K)->20546K(20800K) Class: 2819K(3072K)->2819K(3072K)
[2026-09-07T10:43:23.961+0900][7.284s][info][gc          ] GC(92) Pause Young (Normal) (G1 Evacuation Pause) 356M->153M(380M) 0.621ms
[2026-09-07T10:43:23.961+0900][7.284s][info][gc,cpu      ] GC(92) User=0.00s Sys=0.00s Real=0.00s
[2026-09-07T10:43:23.961+0900][7.284s][info][safepoint   ] Safepoint "G1CollectForAllocation", Time since last: 78093125 ns, Reaching safepoint: 1125 ns, Cleanup: 708 ns, At safepoint: 635042 ns, Leaving safepoint: 750 ns, Total: 637625 ns
[2026-09-07T10:43:24.038+0900][7.361s][info][gc,start    ] GC(93) Pause Young (Normal) (G1 Evacuation Pause)
[2026-09-07T10:43:24.039+0900][7.361s][info][gc,task     ] GC(93) Using 9 workers of 9 for evacuation
[2026-09-07T10:43:24.039+0900][7.362s][info][gc,phases   ] GC(93)   Pre Evacuate Collection Set: 0.07ms
[2026-09-07T10:43:24.039+0900][7.362s][info][gc,phases   ] GC(93)   Merge Heap Roots: 0.04ms
[2026-09-07T10:43:24.039+0900][7.362s][info][gc,phases   ] GC(93)   Evacuate Collection Set: 0.35ms
[2026-09-07T10:43:24.039+0900][7.362s][info][gc,phases   ] GC(93)   Post Evacuate Collection Set: 0.11ms
[2026-09-07T10:43:24.039+0900][7.362s][info][gc,phases   ] GC(93)   Other: 0.02ms
[2026-09-07T10:43:24.039+0900][7.362s][info][gc,heap     ] GC(93) Eden regions: 102->0(101)
[2026-09-07T10:43:24.039+0900][7.362s][info][gc,heap     ] GC(93) Survivor regions: 2->3(13)
[2026-09-07T10:43:24.039+0900][7.362s][info][gc,heap     ] GC(93) Old regions: 74->74
[2026-09-07T10:43:24.039+0900][7.362s][info][gc,heap     ] GC(93) Humongous regions: 2->2
[2026-09-07T10:43:24.039+0900][7.362s][info][gc,metaspace] GC(93) Metaspace: 23365K(23872K)->23365K(23872K) NonClass: 20546K(20800K)->20546K(20800K) Class: 2819K(3072K)->2819K(3072K)
[2026-09-07T10:43:24.039+0900][7.362s][info][gc          ] GC(93) Pause Young (Normal) (G1 Evacuation Pause) 357M->154M(380M) 0.661ms
[2026-09-07T10:43:24.039+0900][7.362s][info][gc,cpu      ] GC(93) User=0.00s Sys=0.01s Real=0.00s
[2026-09-07T10:43:24.039+0900][7.362s][info][safepoint   ] Safepoint "G1CollectForAllocation", Time since last: 77538125 ns, Reaching safepoint: 875 ns, Cleanup: 1083 ns, At safepoint: 674459 ns, Leaving safepoint: 833 ns, Total: 677250 ns
[2026-09-07T10:43:24.116+0900][7.439s][info][gc,start    ] GC(94) Pause Young (Normal) (G1 Evacuation Pause)
[2026-09-07T10:43:24.116+0900][7.439s][info][gc,task     ] GC(94) Using 9 workers of 9 for evacuation
[2026-09-07T10:43:24.117+0900][7.440s][info][gc,phases   ] GC(94)   Pre Evacuate Collection Set: 0.07ms
[2026-09-07T10:43:24.117+0900][7.440s][info][gc,phases   ] GC(94)   Merge Heap Roots: 0.04ms
[2026-09-07T10:43:24.117+0900][7.440s][info][gc,phases   ] GC(94)   Evacuate Collection Set: 0.16ms
[2026-09-07T10:43:24.117+0900][7.440s][info][gc,phases   ] GC(94)   Post Evacuate Collection Set: 0.11ms
[2026-09-07T10:43:24.117+0900][7.440s][info][gc,phases   ] GC(94)   Other: 0.02ms
[2026-09-07T10:43:24.117+0900][7.440s][info][gc,heap     ] GC(94) Eden regions: 101->0(103)
[2026-09-07T10:43:24.117+0900][7.440s][info][gc,heap     ] GC(94) Survivor regions: 3->1(13)
[2026-09-07T10:43:24.117+0900][7.440s][info][gc,heap     ] GC(94) Old regions: 74->74
[2026-09-07T10:43:24.117+0900][7.440s][info][gc,heap     ] GC(94) Humongous regions: 2->2
[2026-09-07T10:43:24.117+0900][7.440s][info][gc,metaspace] GC(94) Metaspace: 23365K(23872K)->23365K(23872K) NonClass: 20546K(20800K)->20546K(20800K) Class: 2819K(3072K)->2819K(3072K)
[2026-09-07T10:43:24.117+0900][7.440s][info][gc          ] GC(94) Pause Young (Normal) (G1 Evacuation Pause) 356M->151M(380M) 0.459ms
[2026-09-07T10:43:24.117+0900][7.440s][info][gc,cpu      ] GC(94) User=0.00s Sys=0.00s Real=0.00s
[2026-09-07T10:43:24.117+0900][7.440s][info][safepoint   ] Safepoint "G1CollectForAllocation", Time since last: 77138208 ns, Reaching safepoint: 834 ns, Cleanup: 791 ns, At safepoint: 474167 ns, Leaving safepoint: 1042 ns, Total: 476834 ns
[2026-09-07T10:43:24.196+0900][7.519s][info][gc,start    ] GC(95) Pause Young (Normal) (G1 Evacuation Pause)
[2026-09-07T10:43:24.196+0900][7.519s][info][gc,task     ] GC(95) Using 9 workers of 9 for evacuation
[2026-09-07T10:43:24.197+0900][7.520s][info][gc,phases   ] GC(95)   Pre Evacuate Collection Set: 0.08ms
[2026-09-07T10:43:24.197+0900][7.520s][info][gc,phases   ] GC(95)   Merge Heap Roots: 0.04ms
[2026-09-07T10:43:24.197+0900][7.520s][info][gc,phases   ] GC(95)   Evacuate Collection Set: 0.22ms
[2026-09-07T10:43:24.197+0900][7.520s][info][gc,phases   ] GC(95)   Post Evacuate Collection Set: 0.10ms
[2026-09-07T10:43:24.197+0900][7.520s][info][gc,phases   ] GC(95)   Other: 0.02ms
[2026-09-07T10:43:24.197+0900][7.520s][info][gc,heap     ] GC(95) Eden regions: 103->0(103)
[2026-09-07T10:43:24.197+0900][7.520s][info][gc,heap     ] GC(95) Survivor regions: 1->1(13)
[2026-09-07T10:43:24.197+0900][7.520s][info][gc,heap     ] GC(95) Old regions: 74->74
[2026-09-07T10:43:24.197+0900][7.520s][info][gc,heap     ] GC(95) Humongous regions: 2->2
[2026-09-07T10:43:24.197+0900][7.520s][info][gc,metaspace] GC(95) Metaspace: 23365K(23872K)->23365K(23872K) NonClass: 20546K(20800K)->20546K(20800K) Class: 2819K(3072K)->2819K(3072K)
[2026-09-07T10:43:24.197+0900][7.520s][info][gc          ] GC(95) Pause Young (Normal) (G1 Evacuation Pause) 357M->151M(380M) 0.517ms
[2026-09-07T10:43:24.197+0900][7.520s][info][gc,cpu      ] GC(95) User=0.00s Sys=0.00s Real=0.00s
[2026-09-07T10:43:24.197+0900][7.520s][info][safepoint   ] Safepoint "G1CollectForAllocation", Time since last: 79299583 ns, Reaching safepoint: 1208 ns, Cleanup: 1250 ns, At safepoint: 531542 ns, Leaving safepoint: 875 ns, Total: 534875 ns
[2026-09-07T10:43:24.275+0900][7.598s][info][gc,start    ] GC(96) Pause Young (Normal) (G1 Evacuation Pause)
[2026-09-07T10:43:24.275+0900][7.598s][info][gc,task     ] GC(96) Using 9 workers of 9 for evacuation
[2026-09-07T10:43:24.275+0900][7.598s][info][gc,phases   ] GC(96)   Pre Evacuate Collection Set: 0.07ms
[2026-09-07T10:43:24.275+0900][7.598s][info][gc,phases   ] GC(96)   Merge Heap Roots: 0.02ms
[2026-09-07T10:43:24.275+0900][7.598s][info][gc,phases   ] GC(96)   Evacuate Collection Set: 0.27ms
[2026-09-07T10:43:24.275+0900][7.598s][info][gc,phases   ] GC(96)   Post Evacuate Collection Set: 0.11ms
[2026-09-07T10:43:24.275+0900][7.598s][info][gc,phases   ] GC(96)   Other: 0.02ms
[2026-09-07T10:43:24.275+0900][7.598s][info][gc,heap     ] GC(96) Eden regions: 103->0(102)
[2026-09-07T10:43:24.275+0900][7.598s][info][gc,heap     ] GC(96) Survivor regions: 1->2(13)
[2026-09-07T10:43:24.275+0900][7.598s][info][gc,heap     ] GC(96) Old regions: 74->74
[2026-09-07T10:43:24.275+0900][7.598s][info][gc,heap     ] GC(96) Humongous regions: 2->2
[2026-09-07T10:43:24.275+0900][7.598s][info][gc,metaspace] GC(96) Metaspace: 23365K(23872K)->23365K(23872K) NonClass: 20546K(20800K)->20546K(20800K) Class: 2819K(3072K)->2819K(3072K)
[2026-09-07T10:43:24.275+0900][7.598s][info][gc          ] GC(96) Pause Young (Normal) (G1 Evacuation Pause) 357M->152M(380M) 0.563ms
[2026-09-07T10:43:24.275+0900][7.598s][info][gc,cpu      ] GC(96) User=0.00s Sys=0.00s Real=0.00s
[2026-09-07T10:43:24.275+0900][7.598s][info][safepoint   ] Safepoint "G1CollectForAllocation", Time since last: 78215833 ns, Reaching safepoint: 1000 ns, Cleanup: 542 ns, At safepoint: 577417 ns, Leaving safepoint: 833 ns, Total: 579792 ns
[2026-09-07T10:43:24.353+0900][7.676s][info][gc,start    ] GC(97) Pause Young (Normal) (G1 Evacuation Pause)
[2026-09-07T10:43:24.353+0900][7.676s][info][gc,task     ] GC(97) Using 9 workers of 9 for evacuation
[2026-09-07T10:43:24.353+0900][7.676s][info][gc,phases   ] GC(97)   Pre Evacuate Collection Set: 0.07ms
[2026-09-07T10:43:24.353+0900][7.676s][info][gc,phases   ] GC(97)   Merge Heap Roots: 0.02ms
[2026-09-07T10:43:24.353+0900][7.676s][info][gc,phases   ] GC(97)   Evacuate Collection Set: 0.32ms
[2026-09-07T10:43:24.353+0900][7.676s][info][gc,phases   ] GC(97)   Post Evacuate Collection Set: 0.12ms
[2026-09-07T10:43:24.353+0900][7.676s][info][gc,phases   ] GC(97)   Other: 0.02ms
[2026-09-07T10:43:24.353+0900][7.676s][info][gc,heap     ] GC(97) Eden regions: 102->0(102)
[2026-09-07T10:43:24.353+0900][7.676s][info][gc,heap     ] GC(97) Survivor regions: 2->2(13)
[2026-09-07T10:43:24.353+0900][7.676s][info][gc,heap     ] GC(97) Old regions: 74->74
[2026-09-07T10:43:24.353+0900][7.676s][info][gc,heap     ] GC(97) Humongous regions: 2->2
[2026-09-07T10:43:24.353+0900][7.676s][info][gc,metaspace] GC(97) Metaspace: 23365K(23872K)->23365K(23872K) NonClass: 20546K(20800K)->20546K(20800K) Class: 2819K(3072K)->2819K(3072K)
[2026-09-07T10:43:24.353+0900][7.676s][info][gc          ] GC(97) Pause Young (Normal) (G1 Evacuation Pause) 356M->153M(380M) 0.622ms
[2026-09-07T10:43:24.353+0900][7.676s][info][gc,cpu      ] GC(97) User=0.00s Sys=0.00s Real=0.00s
[2026-09-07T10:43:24.353+0900][7.676s][info][safepoint   ] Safepoint "G1CollectForAllocation", Time since last: 77289208 ns, Reaching safepoint: 1209 ns, Cleanup: 1916 ns, At safepoint: 637667 ns, Leaving safepoint: 1500 ns, Total: 642292 ns
[2026-09-07T10:43:24.432+0900][7.755s][info][gc,start    ] GC(98) Pause Young (Normal) (G1 Evacuation Pause)
[2026-09-07T10:43:24.432+0900][7.755s][info][gc,task     ] GC(98) Using 9 workers of 9 for evacuation
[2026-09-07T10:43:24.432+0900][7.755s][info][gc,phases   ] GC(98)   Pre Evacuate Collection Set: 0.07ms
[2026-09-07T10:43:24.432+0900][7.755s][info][gc,phases   ] GC(98)   Merge Heap Roots: 0.04ms
[2026-09-07T10:43:24.432+0900][7.755s][info][gc,phases   ] GC(98)   Evacuate Collection Set: 0.38ms
[2026-09-07T10:43:24.432+0900][7.755s][info][gc,phases   ] GC(98)   Post Evacuate Collection Set: 0.12ms
[2026-09-07T10:43:24.432+0900][7.755s][info][gc,phases   ] GC(98)   Other: 0.02ms
[2026-09-07T10:43:24.432+0900][7.755s][info][gc,heap     ] GC(98) Eden regions: 102->0(101)
[2026-09-07T10:43:24.432+0900][7.755s][info][gc,heap     ] GC(98) Survivor regions: 2->3(13)
[2026-09-07T10:43:24.432+0900][7.755s][info][gc,heap     ] GC(98) Old regions: 74->74
[2026-09-07T10:43:24.432+0900][7.755s][info][gc,heap     ] GC(98) Humongous regions: 2->2
[2026-09-07T10:43:24.432+0900][7.755s][info][gc,metaspace] GC(98) Metaspace: 23365K(23872K)->23365K(23872K) NonClass: 20546K(20800K)->20546K(20800K) Class: 2819K(3072K)->2819K(3072K)
[2026-09-07T10:43:24.433+0900][7.755s][info][gc          ] GC(98) Pause Young (Normal) (G1 Evacuation Pause) 357M->154M(380M) 0.690ms
[2026-09-07T10:43:24.433+0900][7.755s][info][gc,cpu      ] GC(98) User=0.00s Sys=0.00s Real=0.00s
[2026-09-07T10:43:24.433+0900][7.755s][info][safepoint   ] Safepoint "G1CollectForAllocation", Time since last: 78474000 ns, Reaching safepoint: 1250 ns, Cleanup: 583 ns, At safepoint: 702625 ns, Leaving safepoint: 875 ns, Total: 705333 ns
[2026-09-07T10:43:24.509+0900][7.832s][info][gc,start    ] GC(99) Pause Young (Normal) (G1 Evacuation Pause)
[2026-09-07T10:43:24.509+0900][7.832s][info][gc,task     ] GC(99) Using 9 workers of 9 for evacuation
[2026-09-07T10:43:24.510+0900][7.833s][info][gc,phases   ] GC(99)   Pre Evacuate Collection Set: 0.07ms
[2026-09-07T10:43:24.510+0900][7.833s][info][gc,phases   ] GC(99)   Merge Heap Roots: 0.02ms
[2026-09-07T10:43:24.510+0900][7.833s][info][gc,phases   ] GC(99)   Evacuate Collection Set: 0.40ms
[2026-09-07T10:43:24.510+0900][7.833s][info][gc,phases   ] GC(99)   Post Evacuate Collection Set: 0.11ms
[2026-09-07T10:43:24.510+0900][7.833s][info][gc,phases   ] GC(99)   Other: 0.02ms
[2026-09-07T10:43:24.510+0900][7.833s][info][gc,heap     ] GC(99) Eden regions: 101->0(101)
[2026-09-07T10:43:24.510+0900][7.833s][info][gc,heap     ] GC(99) Survivor regions: 3->3(13)
[2026-09-07T10:43:24.510+0900][7.833s][info][gc,heap     ] GC(99) Old regions: 74->74
[2026-09-07T10:43:24.510+0900][7.833s][info][gc,heap     ] GC(99) Humongous regions: 2->2
[2026-09-07T10:43:24.510+0900][7.833s][info][gc,metaspace] GC(99) Metaspace: 23365K(23872K)->23365K(23872K) NonClass: 20546K(20800K)->20546K(20800K) Class: 2819K(3072K)->2819K(3072K)
[2026-09-07T10:43:24.510+0900][7.833s][info][gc          ] GC(99) Pause Young (Normal) (G1 Evacuation Pause) 356M->155M(380M) 0.692ms
[2026-09-07T10:43:24.510+0900][7.833s][info][gc,cpu      ] GC(99) User=0.00s Sys=0.00s Real=0.01s
[2026-09-07T10:43:24.510+0900][7.833s][info][safepoint   ] Safepoint "G1CollectForAllocation", Time since last: 76462250 ns, Reaching safepoint: 1334 ns, Cleanup: 833 ns, At safepoint: 706750 ns, Leaving safepoint: 792 ns, Total: 709709 ns
[2026-09-07T10:43:24.587+0900][7.910s][info][gc,start    ] GC(100) Pause Young (Normal) (G1 Evacuation Pause)
[2026-09-07T10:43:24.587+0900][7.910s][info][gc,task     ] GC(100) Using 9 workers of 9 for evacuation
[2026-09-07T10:43:24.588+0900][7.911s][info][gc,phases   ] GC(100)   Pre Evacuate Collection Set: 0.05ms
[2026-09-07T10:43:24.588+0900][7.911s][info][gc,phases   ] GC(100)   Merge Heap Roots: 0.04ms
[2026-09-07T10:43:24.588+0900][7.911s][info][gc,phases   ] GC(100)   Evacuate Collection Set: 0.23ms
[2026-09-07T10:43:24.588+0900][7.911s][info][gc,phases   ] GC(100)   Post Evacuate Collection Set: 0.12ms
[2026-09-07T10:43:24.588+0900][7.911s][info][gc,phases   ] GC(100)   Other: 0.01ms
[2026-09-07T10:43:24.588+0900][7.911s][info][gc,heap     ] GC(100) Eden regions: 101->0(102)
[2026-09-07T10:43:24.588+0900][7.911s][info][gc,heap     ] GC(100) Survivor regions: 3->2(13)
[2026-09-07T10:43:24.588+0900][7.911s][info][gc,heap     ] GC(100) Old regions: 74->74
[2026-09-07T10:43:24.588+0900][7.911s][info][gc,heap     ] GC(100) Humongous regions: 2->2
[2026-09-07T10:43:24.588+0900][7.911s][info][gc,metaspace] GC(100) Metaspace: 23365K(23872K)->23365K(23872K) NonClass: 20546K(20800K)->20546K(20800K) Class: 2819K(3072K)->2819K(3072K)
[2026-09-07T10:43:24.588+0900][7.911s][info][gc          ] GC(100) Pause Young (Normal) (G1 Evacuation Pause) 357M->152M(380M) 0.513ms
[2026-09-07T10:43:24.588+0900][7.911s][info][gc,cpu      ] GC(100) User=0.00s Sys=0.00s Real=0.00s
[2026-09-07T10:43:24.588+0900][7.911s][info][safepoint   ] Safepoint "G1CollectForAllocation", Time since last: 77497458 ns, Reaching safepoint: 1000 ns, Cleanup: 792 ns, At safepoint: 526666 ns, Leaving safepoint: 834 ns, Total: 529292 ns
[2026-09-07T10:43:24.667+0900][7.990s][info][gc,start    ] GC(101) Pause Young (Normal) (G1 Evacuation Pause)
[2026-09-07T10:43:24.667+0900][7.990s][info][gc,task     ] GC(101) Using 9 workers of 9 for evacuation
[2026-09-07T10:43:24.667+0900][7.990s][info][gc,phases   ] GC(101)   Pre Evacuate Collection Set: 0.08ms
[2026-09-07T10:43:24.667+0900][7.990s][info][gc,phases   ] GC(101)   Merge Heap Roots: 0.02ms
[2026-09-07T10:43:24.667+0900][7.990s][info][gc,phases   ] GC(101)   Evacuate Collection Set: 0.26ms
[2026-09-07T10:43:24.667+0900][7.990s][info][gc,phases   ] GC(101)   Post Evacuate Collection Set: 0.11ms
[2026-09-07T10:43:24.667+0900][7.990s][info][gc,phases   ] GC(101)   Other: 0.01ms
[2026-09-07T10:43:24.667+0900][7.990s][info][gc,heap     ] GC(101) Eden regions: 102->0(102)
[2026-09-07T10:43:24.667+0900][7.990s][info][gc,heap     ] GC(101) Survivor regions: 2->2(13)
[2026-09-07T10:43:24.667+0900][7.990s][info][gc,heap     ] GC(101) Old regions: 74->74
[2026-09-07T10:43:24.667+0900][7.990s][info][gc,heap     ] GC(101) Humongous regions: 2->2
[2026-09-07T10:43:24.667+0900][7.990s][info][gc,metaspace] GC(101) Metaspace: 23365K(23872K)->23365K(23872K) NonClass: 20546K(20800K)->20546K(20800K) Class: 2819K(3072K)->2819K(3072K)
[2026-09-07T10:43:24.667+0900][7.990s][info][gc          ] GC(101) Pause Young (Normal) (G1 Evacuation Pause) 356M->152M(380M) 0.545ms
[2026-09-07T10:43:24.667+0900][7.990s][info][gc,cpu      ] GC(101) User=0.00s Sys=0.00s Real=0.00s
[2026-09-07T10:43:24.667+0900][7.990s][info][safepoint   ] Safepoint "G1CollectForAllocation", Time since last: 78958625 ns, Reaching safepoint: 1000 ns, Cleanup: 708 ns, At safepoint: 558417 ns, Leaving safepoint: 791 ns, Total: 560916 ns
[2026-09-07T10:43:24.745+0900][8.068s][info][gc,start    ] GC(102) Pause Young (Normal) (G1 Evacuation Pause)
[2026-09-07T10:43:24.745+0900][8.068s][info][gc,task     ] GC(102) Using 9 workers of 9 for evacuation
[2026-09-07T10:43:24.745+0900][8.068s][info][gc,phases   ] GC(102)   Pre Evacuate Collection Set: 0.08ms
[2026-09-07T10:43:24.745+0900][8.068s][info][gc,phases   ] GC(102)   Merge Heap Roots: 0.02ms
[2026-09-07T10:43:24.745+0900][8.068s][info][gc,phases   ] GC(102)   Evacuate Collection Set: 0.30ms
[2026-09-07T10:43:24.745+0900][8.068s][info][gc,phases   ] GC(102)   Post Evacuate Collection Set: 0.11ms
[2026-09-07T10:43:24.745+0900][8.068s][info][gc,phases   ] GC(102)   Other: 0.02ms
[2026-09-07T10:43:24.745+0900][8.068s][info][gc,heap     ] GC(102) Eden regions: 102->0(102)
[2026-09-07T10:43:24.745+0900][8.068s][info][gc,heap     ] GC(102) Survivor regions: 2->2(13)
[2026-09-07T10:43:24.745+0900][8.068s][info][gc,heap     ] GC(102) Old regions: 74->74
[2026-09-07T10:43:24.745+0900][8.068s][info][gc,heap     ] GC(102) Humongous regions: 2->2
[2026-09-07T10:43:24.745+0900][8.068s][info][gc,metaspace] GC(102) Metaspace: 23365K(23872K)->23365K(23872K) NonClass: 20546K(20800K)->20546K(20800K) Class: 2819K(3072K)->2819K(3072K)
[2026-09-07T10:43:24.745+0900][8.068s][info][gc          ] GC(102) Pause Young (Normal) (G1 Evacuation Pause) 356M->153M(380M) 0.595ms
[2026-09-07T10:43:24.745+0900][8.068s][info][gc,cpu      ] GC(102) User=0.00s Sys=0.00s Real=0.00s
[2026-09-07T10:43:24.745+0900][8.068s][info][safepoint   ] Safepoint "G1CollectForAllocation", Time since last: 77390584 ns, Reaching safepoint: 875 ns, Cleanup: 791 ns, At safepoint: 608292 ns, Leaving safepoint: 1000 ns, Total: 610958 ns
[2026-09-07T10:43:24.824+0900][8.146s][info][gc,start    ] GC(103) Pause Young (Normal) (G1 Evacuation Pause)
[2026-09-07T10:43:24.824+0900][8.146s][info][gc,task     ] GC(103) Using 9 workers of 9 for evacuation
[2026-09-07T10:43:24.824+0900][8.147s][info][gc,phases   ] GC(103)   Pre Evacuate Collection Set: 0.07ms
[2026-09-07T10:43:24.824+0900][8.147s][info][gc,phases   ] GC(103)   Merge Heap Roots: 0.02ms
[2026-09-07T10:43:24.824+0900][8.147s][info][gc,phases   ] GC(103)   Evacuate Collection Set: 0.35ms
[2026-09-07T10:43:24.824+0900][8.147s][info][gc,phases   ] GC(103)   Post Evacuate Collection Set: 0.12ms
[2026-09-07T10:43:24.824+0900][8.147s][info][gc,phases   ] GC(103)   Other: 0.02ms
[2026-09-07T10:43:24.824+0900][8.147s][info][gc,heap     ] GC(103) Eden regions: 102->0(102)
[2026-09-07T10:43:24.824+0900][8.147s][info][gc,heap     ] GC(103) Survivor regions: 2->2(13)
[2026-09-07T10:43:24.824+0900][8.147s][info][gc,heap     ] GC(103) Old regions: 74->74
[2026-09-07T10:43:24.824+0900][8.147s][info][gc,heap     ] GC(103) Humongous regions: 2->2
[2026-09-07T10:43:24.824+0900][8.147s][info][gc,metaspace] GC(103) Metaspace: 23365K(23872K)->23365K(23872K) NonClass: 20546K(20800K)->20546K(20800K) Class: 2819K(3072K)->2819K(3072K)
[2026-09-07T10:43:24.824+0900][8.147s][info][gc          ] GC(103) Pause Young (Normal) (G1 Evacuation Pause) 357M->154M(380M) 0.640ms
[2026-09-07T10:43:24.824+0900][8.147s][info][gc,cpu      ] GC(103) User=0.00s Sys=0.00s Real=0.00s
[2026-09-07T10:43:24.824+0900][8.147s][info][safepoint   ] Safepoint "G1CollectForAllocation", Time since last: 78261083 ns, Reaching safepoint: 792 ns, Cleanup: 1167 ns, At safepoint: 653250 ns, Leaving safepoint: 833 ns, Total: 656042 ns
[2026-09-07T10:43:24.902+0900][8.225s][info][gc,start    ] GC(104) Pause Young (Normal) (G1 Evacuation Pause)
[2026-09-07T10:43:24.902+0900][8.225s][info][gc,task     ] GC(104) Using 9 workers of 9 for evacuation
[2026-09-07T10:43:24.903+0900][8.226s][info][gc,phases   ] GC(104)   Pre Evacuate Collection Set: 0.08ms
[2026-09-07T10:43:24.903+0900][8.226s][info][gc,phases   ] GC(104)   Merge Heap Roots: 0.02ms
[2026-09-07T10:43:24.903+0900][8.226s][info][gc,phases   ] GC(104)   Evacuate Collection Set: 0.44ms
[2026-09-07T10:43:24.903+0900][8.226s][info][gc,phases   ] GC(104)   Post Evacuate Collection Set: 0.11ms
[2026-09-07T10:43:24.903+0900][8.226s][info][gc,phases   ] GC(104)   Other: 0.02ms
[2026-09-07T10:43:24.903+0900][8.226s][info][gc,heap     ] GC(104) Eden regions: 102->0(101)
[2026-09-07T10:43:24.903+0900][8.226s][info][gc,heap     ] GC(104) Survivor regions: 2->3(13)
[2026-09-07T10:43:24.903+0900][8.226s][info][gc,heap     ] GC(104) Old regions: 74->74
[2026-09-07T10:43:24.903+0900][8.226s][info][gc,heap     ] GC(104) Humongous regions: 2->2
[2026-09-07T10:43:24.903+0900][8.226s][info][gc,metaspace] GC(104) Metaspace: 23365K(23872K)->23365K(23872K) NonClass: 20546K(20800K)->20546K(20800K) Class: 2819K(3072K)->2819K(3072K)
[2026-09-07T10:43:24.903+0900][8.226s][info][gc          ] GC(104) Pause Young (Normal) (G1 Evacuation Pause) 358M->155M(380M) 0.737ms
[2026-09-07T10:43:24.903+0900][8.226s][info][gc,cpu      ] GC(104) User=0.01s Sys=0.00s Real=0.00s
[2026-09-07T10:43:24.903+0900][8.226s][info][safepoint   ] Safepoint "G1CollectForAllocation", Time since last: 77811292 ns, Reaching safepoint: 916 ns, Cleanup: 1292 ns, At safepoint: 752417 ns, Leaving safepoint: 1333 ns, Total: 755958 ns
[2026-09-07T10:43:24.980+0900][8.303s][info][gc,start    ] GC(105) Pause Young (Normal) (G1 Evacuation Pause)
[2026-09-07T10:43:24.980+0900][8.303s][info][gc,task     ] GC(105) Using 9 workers of 9 for evacuation
[2026-09-07T10:43:24.981+0900][8.304s][info][gc,phases   ] GC(105)   Pre Evacuate Collection Set: 0.07ms
[2026-09-07T10:43:24.981+0900][8.304s][info][gc,phases   ] GC(105)   Merge Heap Roots: 0.04ms
[2026-09-07T10:43:24.981+0900][8.304s][info][gc,phases   ] GC(105)   Evacuate Collection Set: 0.23ms
[2026-09-07T10:43:24.981+0900][8.304s][info][gc,phases   ] GC(105)   Post Evacuate Collection Set: 0.11ms
[2026-09-07T10:43:24.981+0900][8.304s][info][gc,phases   ] GC(105)   Other: 0.02ms
[2026-09-07T10:43:24.981+0900][8.304s][info][gc,heap     ] GC(105) Eden regions: 101->0(103)
[2026-09-07T10:43:24.981+0900][8.304s][info][gc,heap     ] GC(105) Survivor regions: 3->1(13)
[2026-09-07T10:43:24.981+0900][8.304s][info][gc,heap     ] GC(105) Old regions: 74->74
[2026-09-07T10:43:24.981+0900][8.304s][info][gc,heap     ] GC(105) Humongous regions: 2->2
[2026-09-07T10:43:24.981+0900][8.304s][info][gc,metaspace] GC(105) Metaspace: 23365K(23872K)->23365K(23872K) NonClass: 20546K(20800K)->20546K(20800K) Class: 2819K(3072K)->2819K(3072K)
[2026-09-07T10:43:24.981+0900][8.304s][info][gc          ] GC(105) Pause Young (Normal) (G1 Evacuation Pause) 357M->151M(380M) 0.534ms
[2026-09-07T10:43:24.981+0900][8.304s][info][gc,cpu      ] GC(105) User=0.01s Sys=0.01s Real=0.00s
[2026-09-07T10:43:24.981+0900][8.304s][info][safepoint   ] Safepoint "G1CollectForAllocation", Time since last: 77666708 ns, Reaching safepoint: 1542 ns, Cleanup: 708 ns, At safepoint: 548834 ns, Leaving safepoint: 1250 ns, Total: 552334 ns
[2026-09-07T10:43:25.060+0900][8.383s][info][gc,start    ] GC(106) Pause Young (Normal) (G1 Evacuation Pause)
[2026-09-07T10:43:25.060+0900][8.383s][info][gc,task     ] GC(106) Using 9 workers of 9 for evacuation
[2026-09-07T10:43:25.061+0900][8.383s][info][gc,phases   ] GC(106)   Pre Evacuate Collection Set: 0.07ms
[2026-09-07T10:43:25.061+0900][8.384s][info][gc,phases   ] GC(106)   Merge Heap Roots: 0.04ms
[2026-09-07T10:43:25.061+0900][8.384s][info][gc,phases   ] GC(106)   Evacuate Collection Set: 0.25ms
[2026-09-07T10:43:25.061+0900][8.384s][info][gc,phases   ] GC(106)   Post Evacuate Collection Set: 0.12ms
[2026-09-07T10:43:25.061+0900][8.384s][info][gc,phases   ] GC(106)   Other: 0.02ms
[2026-09-07T10:43:25.061+0900][8.384s][info][gc,heap     ] GC(106) Eden regions: 103->0(102)
[2026-09-07T10:43:25.061+0900][8.384s][info][gc,heap     ] GC(106) Survivor regions: 1->2(13)
[2026-09-07T10:43:25.061+0900][8.384s][info][gc,heap     ] GC(106) Old regions: 74->74
[2026-09-07T10:43:25.061+0900][8.384s][info][gc,heap     ] GC(106) Humongous regions: 2->2
[2026-09-07T10:43:25.061+0900][8.384s][info][gc,metaspace] GC(106) Metaspace: 23365K(23872K)->23365K(23872K) NonClass: 20546K(20800K)->20546K(20800K) Class: 2819K(3072K)->2819K(3072K)
[2026-09-07T10:43:25.061+0900][8.384s][info][gc          ] GC(106) Pause Young (Normal) (G1 Evacuation Pause) 357M->152M(380M) 0.563ms
[2026-09-07T10:43:25.061+0900][8.384s][info][gc,cpu      ] GC(106) User=0.00s Sys=0.00s Real=0.00s
[2026-09-07T10:43:25.061+0900][8.384s][info][safepoint   ] Safepoint "G1CollectForAllocation", Time since last: 79070458 ns, Reaching safepoint: 1125 ns, Cleanup: 2042 ns, At safepoint: 575750 ns, Leaving safepoint: 1416 ns, Total: 580333 ns
[2026-09-07T10:43:25.138+0900][8.461s][info][gc,start    ] GC(107) Pause Young (Normal) (G1 Evacuation Pause)
[2026-09-07T10:43:25.138+0900][8.461s][info][gc,task     ] GC(107) Using 9 workers of 9 for evacuation
[2026-09-07T10:43:25.138+0900][8.461s][info][gc,phases   ] GC(107)   Pre Evacuate Collection Set: 0.07ms
[2026-09-07T10:43:25.138+0900][8.461s][info][gc,phases   ] GC(107)   Merge Heap Roots: 0.02ms
[2026-09-07T10:43:25.138+0900][8.461s][info][gc,phases   ] GC(107)   Evacuate Collection Set: 0.28ms
[2026-09-07T10:43:25.138+0900][8.461s][info][gc,phases   ] GC(107)   Post Evacuate Collection Set: 0.12ms
[2026-09-07T10:43:25.138+0900][8.461s][info][gc,phases   ] GC(107)   Other: 0.02ms
[2026-09-07T10:43:25.138+0900][8.461s][info][gc,heap     ] GC(107) Eden regions: 102->0(102)
[2026-09-07T10:43:25.138+0900][8.461s][info][gc,heap     ] GC(107) Survivor regions: 2->2(13)
[2026-09-07T10:43:25.138+0900][8.461s][info][gc,heap     ] GC(107) Old regions: 74->74
[2026-09-07T10:43:25.138+0900][8.461s][info][gc,heap     ] GC(107) Humongous regions: 2->2
[2026-09-07T10:43:25.138+0900][8.461s][info][gc,metaspace] GC(107) Metaspace: 23365K(23872K)->23365K(23872K) NonClass: 20546K(20800K)->20546K(20800K) Class: 2819K(3072K)->2819K(3072K)
[2026-09-07T10:43:25.138+0900][8.461s][info][gc          ] GC(107) Pause Young (Normal) (G1 Evacuation Pause) 356M->153M(380M) 0.576ms
[2026-09-07T10:43:25.138+0900][8.461s][info][gc,cpu      ] GC(107) User=0.01s Sys=0.00s Real=0.00s
[2026-09-07T10:43:25.138+0900][8.461s][info][safepoint   ] Safepoint "G1CollectForAllocation", Time since last: 77010084 ns, Reaching safepoint: 833 ns, Cleanup: 667 ns, At safepoint: 590375 ns, Leaving safepoint: 875 ns, Total: 592750 ns
[2026-09-07T10:43:25.216+0900][8.539s][info][gc,start    ] GC(108) Pause Young (Normal) (G1 Evacuation Pause)
[2026-09-07T10:43:25.216+0900][8.539s][info][gc,task     ] GC(108) Using 9 workers of 9 for evacuation
[2026-09-07T10:43:25.217+0900][8.540s][info][gc,phases   ] GC(108)   Pre Evacuate Collection Set: 0.07ms
[2026-09-07T10:43:25.217+0900][8.540s][info][gc,phases   ] GC(108)   Merge Heap Roots: 0.02ms
[2026-09-07T10:43:25.217+0900][8.540s][info][gc,phases   ] GC(108)   Evacuate Collection Set: 0.37ms
[2026-09-07T10:43:25.217+0900][8.540s][info][gc,phases   ] GC(108)   Post Evacuate Collection Set: 0.12ms
[2026-09-07T10:43:25.217+0900][8.540s][info][gc,phases   ] GC(108)   Other: 0.01ms
[2026-09-07T10:43:25.217+0900][8.540s][info][gc,heap     ] GC(108) Eden regions: 102->0(101)
[2026-09-07T10:43:25.217+0900][8.540s][info][gc,heap     ] GC(108) Survivor regions: 2->3(13)
[2026-09-07T10:43:25.217+0900][8.540s][info][gc,heap     ] GC(108) Old regions: 74->74
[2026-09-07T10:43:25.217+0900][8.540s][info][gc,heap     ] GC(108) Humongous regions: 2->2
[2026-09-07T10:43:25.217+0900][8.540s][info][gc,metaspace] GC(108) Metaspace: 23365K(23872K)->23365K(23872K) NonClass: 20546K(20800K)->20546K(20800K) Class: 2819K(3072K)->2819K(3072K)
[2026-09-07T10:43:25.217+0900][8.540s][info][gc          ] GC(108) Pause Young (Normal) (G1 Evacuation Pause) 357M->154M(380M) 0.664ms
[2026-09-07T10:43:25.217+0900][8.540s][info][gc,cpu      ] GC(108) User=0.00s Sys=0.00s Real=0.00s
[2026-09-07T10:43:25.217+0900][8.540s][info][safepoint   ] Safepoint "G1CollectForAllocation", Time since last: 78144708 ns, Reaching safepoint: 1042 ns, Cleanup: 1125 ns, At safepoint: 677333 ns, Leaving safepoint: 833 ns, Total: 680333 ns
[2026-09-07T10:43:25.294+0900][8.617s][info][gc,start    ] GC(109) Pause Young (Normal) (G1 Evacuation Pause)
[2026-09-07T10:43:25.294+0900][8.617s][info][gc,task     ] GC(109) Using 9 workers of 9 for evacuation
[2026-09-07T10:43:25.294+0900][8.617s][info][gc,phases   ] GC(109)   Pre Evacuate Collection Set: 0.08ms
[2026-09-07T10:43:25.294+0900][8.617s][info][gc,phases   ] GC(109)   Merge Heap Roots: 0.04ms
[2026-09-07T10:43:25.294+0900][8.617s][info][gc,phases   ] GC(109)   Evacuate Collection Set: 0.40ms
[2026-09-07T10:43:25.294+0900][8.617s][info][gc,phases   ] GC(109)   Post Evacuate Collection Set: 0.12ms
[2026-09-07T10:43:25.294+0900][8.617s][info][gc,phases   ] GC(109)   Other: 0.01ms
[2026-09-07T10:43:25.294+0900][8.617s][info][gc,heap     ] GC(109) Eden regions: 101->0(101)
[2026-09-07T10:43:25.294+0900][8.617s][info][gc,heap     ] GC(109) Survivor regions: 3->3(13)
[2026-09-07T10:43:25.294+0900][8.617s][info][gc,heap     ] GC(109) Old regions: 74->74
[2026-09-07T10:43:25.294+0900][8.617s][info][gc,heap     ] GC(109) Humongous regions: 2->2
[2026-09-07T10:43:25.294+0900][8.617s][info][gc,metaspace] GC(109) Metaspace: 23365K(23872K)->23365K(23872K) NonClass: 20546K(20800K)->20546K(20800K) Class: 2819K(3072K)->2819K(3072K)
[2026-09-07T10:43:25.294+0900][8.617s][info][gc          ] GC(109) Pause Young (Normal) (G1 Evacuation Pause) 356M->155M(380M) 0.721ms
[2026-09-07T10:43:25.294+0900][8.617s][info][gc,cpu      ] GC(109) User=0.01s Sys=0.00s Real=0.00s
[2026-09-07T10:43:25.294+0900][8.617s][info][safepoint   ] Safepoint "G1CollectForAllocation", Time since last: 76630042 ns, Reaching safepoint: 875 ns, Cleanup: 1667 ns, At safepoint: 734083 ns, Leaving safepoint: 958 ns, Total: 737583 ns
[2026-09-07T10:43:25.372+0900][8.695s][info][gc,start    ] GC(110) Pause Young (Normal) (G1 Evacuation Pause)
[2026-09-07T10:43:25.372+0900][8.695s][info][gc,task     ] GC(110) Using 9 workers of 9 for evacuation
[2026-09-07T10:43:25.373+0900][8.695s][info][gc,phases   ] GC(110)   Pre Evacuate Collection Set: 0.07ms
[2026-09-07T10:43:25.373+0900][8.695s][info][gc,phases   ] GC(110)   Merge Heap Roots: 0.03ms
[2026-09-07T10:43:25.373+0900][8.695s][info][gc,phases   ] GC(110)   Evacuate Collection Set: 0.18ms
[2026-09-07T10:43:25.373+0900][8.695s][info][gc,phases   ] GC(110)   Post Evacuate Collection Set: 0.11ms
[2026-09-07T10:43:25.373+0900][8.695s][info][gc,phases   ] GC(110)   Other: 0.02ms
[2026-09-07T10:43:25.373+0900][8.696s][info][gc,heap     ] GC(110) Eden regions: 101->0(103)
[2026-09-07T10:43:25.373+0900][8.696s][info][gc,heap     ] GC(110) Survivor regions: 3->1(13)
[2026-09-07T10:43:25.373+0900][8.696s][info][gc,heap     ] GC(110) Old regions: 74->74
[2026-09-07T10:43:25.373+0900][8.696s][info][gc,heap     ] GC(110) Humongous regions: 2->2
[2026-09-07T10:43:25.373+0900][8.696s][info][gc,metaspace] GC(110) Metaspace: 23365K(23872K)->23365K(23872K) NonClass: 20546K(20800K)->20546K(20800K) Class: 2819K(3072K)->2819K(3072K)
[2026-09-07T10:43:25.373+0900][8.696s][info][gc          ] GC(110) Pause Young (Normal) (G1 Evacuation Pause) 357M->151M(380M) 0.489ms
[2026-09-07T10:43:25.373+0900][8.696s][info][gc,cpu      ] GC(110) User=0.00s Sys=0.00s Real=0.00s
[2026-09-07T10:43:25.373+0900][8.696s][info][safepoint   ] Safepoint "G1CollectForAllocation", Time since last: 77684375 ns, Reaching safepoint: 1250 ns, Cleanup: 875 ns, At safepoint: 507375 ns, Leaving safepoint: 750 ns, Total: 510250 ns
[2026-09-07T10:43:25.452+0900][8.775s][info][gc,start    ] GC(111) Pause Young (Normal) (G1 Evacuation Pause)
[2026-09-07T10:43:25.452+0900][8.775s][info][gc,task     ] GC(111) Using 9 workers of 9 for evacuation
[2026-09-07T10:43:25.453+0900][8.776s][info][gc,phases   ] GC(111)   Pre Evacuate Collection Set: 0.10ms
[2026-09-07T10:43:25.453+0900][8.776s][info][gc,phases   ] GC(111)   Merge Heap Roots: 0.03ms
[2026-09-07T10:43:25.453+0900][8.776s][info][gc,phases   ] GC(111)   Evacuate Collection Set: 0.27ms
[2026-09-07T10:43:25.453+0900][8.776s][info][gc,phases   ] GC(111)   Post Evacuate Collection Set: 0.11ms
[2026-09-07T10:43:25.453+0900][8.776s][info][gc,phases   ] GC(111)   Other: 0.02ms
[2026-09-07T10:43:25.453+0900][8.776s][info][gc,heap     ] GC(111) Eden regions: 103->0(102)
[2026-09-07T10:43:25.453+0900][8.776s][info][gc,heap     ] GC(111) Survivor regions: 1->2(13)
[2026-09-07T10:43:25.453+0900][8.776s][info][gc,heap     ] GC(111) Old regions: 74->74
[2026-09-07T10:43:25.453+0900][8.776s][info][gc,heap     ] GC(111) Humongous regions: 2->2
[2026-09-07T10:43:25.453+0900][8.776s][info][gc,metaspace] GC(111) Metaspace: 23365K(23872K)->23365K(23872K) NonClass: 20546K(20800K)->20546K(20800K) Class: 2819K(3072K)->2819K(3072K)
[2026-09-07T10:43:25.453+0900][8.776s][info][gc          ] GC(111) Pause Young (Normal) (G1 Evacuation Pause) 357M->152M(380M) 0.591ms
[2026-09-07T10:43:25.453+0900][8.776s][info][gc,cpu      ] GC(111) User=0.00s Sys=0.00s Real=0.00s
[2026-09-07T10:43:25.453+0900][8.776s][info][safepoint   ] Safepoint "G1CollectForAllocation", Time since last: 79444209 ns, Reaching safepoint: 916 ns, Cleanup: 1042 ns, At safepoint: 605292 ns, Leaving safepoint: 750 ns, Total: 608000 ns
[2026-09-07T10:43:25.530+0900][8.853s][info][gc,start    ] GC(112) Pause Young (Normal) (G1 Evacuation Pause)
[2026-09-07T10:43:25.530+0900][8.853s][info][gc,task     ] GC(112) Using 9 workers of 9 for evacuation
[2026-09-07T10:43:25.531+0900][8.854s][info][gc,phases   ] GC(112)   Pre Evacuate Collection Set: 0.07ms
[2026-09-07T10:43:25.531+0900][8.854s][info][gc,phases   ] GC(112)   Merge Heap Roots: 0.02ms
[2026-09-07T10:43:25.531+0900][8.854s][info][gc,phases   ] GC(112)   Evacuate Collection Set: 0.31ms
[2026-09-07T10:43:25.531+0900][8.854s][info][gc,phases   ] GC(112)   Post Evacuate Collection Set: 0.12ms
[2026-09-07T10:43:25.531+0900][8.854s][info][gc,phases   ] GC(112)   Other: 0.02ms
[2026-09-07T10:43:25.531+0900][8.854s][info][gc,heap     ] GC(112) Eden regions: 102->0(102)
[2026-09-07T10:43:25.531+0900][8.854s][info][gc,heap     ] GC(112) Survivor regions: 2->2(13)
[2026-09-07T10:43:25.531+0900][8.854s][info][gc,heap     ] GC(112) Old regions: 74->74
[2026-09-07T10:43:25.531+0900][8.854s][info][gc,heap     ] GC(112) Humongous regions: 2->2
[2026-09-07T10:43:25.531+0900][8.854s][info][gc,metaspace] GC(112) Metaspace: 23365K(23872K)->23365K(23872K) NonClass: 20546K(20800K)->20546K(20800K) Class: 2819K(3072K)->2819K(3072K)
[2026-09-07T10:43:25.531+0900][8.854s][info][gc          ] GC(112) Pause Young (Normal) (G1 Evacuation Pause) 356M->153M(380M) 0.609ms
[2026-09-07T10:43:25.531+0900][8.854s][info][gc,cpu      ] GC(112) User=0.00s Sys=0.00s Real=0.00s
[2026-09-07T10:43:25.531+0900][8.854s][info][safepoint   ] Safepoint "G1CollectForAllocation", Time since last: 77341958 ns, Reaching safepoint: 1208 ns, Cleanup: 709 ns, At safepoint: 622916 ns, Leaving safepoint: 875 ns, Total: 625708 ns
[2026-09-07T10:43:25.608+0900][8.931s][info][gc,start    ] GC(113) Pause Young (Normal) (G1 Evacuation Pause)
[2026-09-07T10:43:25.608+0900][8.931s][info][gc,task     ] GC(113) Using 9 workers of 9 for evacuation
[2026-09-07T10:43:25.609+0900][8.932s][info][gc,phases   ] GC(113)   Pre Evacuate Collection Set: 0.08ms
[2026-09-07T10:43:25.609+0900][8.932s][info][gc,phases   ] GC(113)   Merge Heap Roots: 0.02ms
[2026-09-07T10:43:25.609+0900][8.932s][info][gc,phases   ] GC(113)   Evacuate Collection Set: 0.35ms
[2026-09-07T10:43:25.609+0900][8.932s][info][gc,phases   ] GC(113)   Post Evacuate Collection Set: 0.12ms
[2026-09-07T10:43:25.609+0900][8.932s][info][gc,phases   ] GC(113)   Other: 0.02ms
[2026-09-07T10:43:25.609+0900][8.932s][info][gc,heap     ] GC(113) Eden regions: 102->0(102)
[2026-09-07T10:43:25.609+0900][8.932s][info][gc,heap     ] GC(113) Survivor regions: 2->2(13)
[2026-09-07T10:43:25.609+0900][8.932s][info][gc,heap     ] GC(113) Old regions: 74->74
[2026-09-07T10:43:25.609+0900][8.932s][info][gc,heap     ] GC(113) Humongous regions: 2->2
[2026-09-07T10:43:25.609+0900][8.932s][info][gc,metaspace] GC(113) Metaspace: 23365K(23872K)->23365K(23872K) NonClass: 20546K(20800K)->20546K(20800K) Class: 2819K(3072K)->2819K(3072K)
[2026-09-07T10:43:25.609+0900][8.932s][info][gc          ] GC(113) Pause Young (Normal) (G1 Evacuation Pause) 357M->154M(380M) 0.658ms
[2026-09-07T10:43:25.609+0900][8.932s][info][gc,cpu      ] GC(113) User=0.00s Sys=0.00s Real=0.00s
[2026-09-07T10:43:25.609+0900][8.932s][info][safepoint   ] Safepoint "G1CollectForAllocation", Time since last: 77444625 ns, Reaching safepoint: 1042 ns, Cleanup: 917 ns, At safepoint: 671791 ns, Leaving safepoint: 875 ns, Total: 674625 ns
[2026-09-07T10:43:25.687+0900][9.010s][info][gc,start    ] GC(114) Pause Young (Normal) (G1 Evacuation Pause)
[2026-09-07T10:43:25.687+0900][9.010s][info][gc,task     ] GC(114) Using 9 workers of 9 for evacuation
[2026-09-07T10:43:25.687+0900][9.010s][info][gc,phases   ] GC(114)   Pre Evacuate Collection Set: 0.07ms
[2026-09-07T10:43:25.687+0900][9.010s][info][gc,phases   ] GC(114)   Merge Heap Roots: 0.02ms
[2026-09-07T10:43:25.687+0900][9.010s][info][gc,phases   ] GC(114)   Evacuate Collection Set: 0.40ms
[2026-09-07T10:43:25.687+0900][9.010s][info][gc,phases   ] GC(114)   Post Evacuate Collection Set: 0.11ms
[2026-09-07T10:43:25.687+0900][9.010s][info][gc,phases   ] GC(114)   Other: 0.02ms
[2026-09-07T10:43:25.687+0900][9.010s][info][gc,heap     ] GC(114) Eden regions: 102->0(101)
[2026-09-07T10:43:25.687+0900][9.010s][info][gc,heap     ] GC(114) Survivor regions: 2->3(13)
[2026-09-07T10:43:25.687+0900][9.010s][info][gc,heap     ] GC(114) Old regions: 74->74
[2026-09-07T10:43:25.687+0900][9.010s][info][gc,heap     ] GC(114) Humongous regions: 2->2
[2026-09-07T10:43:25.687+0900][9.010s][info][gc,metaspace] GC(114) Metaspace: 23365K(23872K)->23365K(23872K) NonClass: 20546K(20800K)->20546K(20800K) Class: 2819K(3072K)->2819K(3072K)
[2026-09-07T10:43:25.687+0900][9.010s][info][gc          ] GC(114) Pause Young (Normal) (G1 Evacuation Pause) 358M->155M(380M) 0.687ms
[2026-09-07T10:43:25.687+0900][9.010s][info][gc,cpu      ] GC(114) User=0.00s Sys=0.00s Real=0.00s
[2026-09-07T10:43:25.687+0900][9.010s][info][safepoint   ] Safepoint "G1CollectForAllocation", Time since last: 77919750 ns, Reaching safepoint: 1292 ns, Cleanup: 333 ns, At safepoint: 700667 ns, Leaving safepoint: 750 ns, Total: 703042 ns
[2026-09-07T10:43:25.764+0900][9.087s][info][gc,start    ] GC(115) Pause Young (Normal) (G1 Evacuation Pause)
[2026-09-07T10:43:25.764+0900][9.087s][info][gc,task     ] GC(115) Using 9 workers of 9 for evacuation
[2026-09-07T10:43:25.765+0900][9.088s][info][gc,phases   ] GC(115)   Pre Evacuate Collection Set: 0.09ms
[2026-09-07T10:43:25.765+0900][9.088s][info][gc,phases   ] GC(115)   Merge Heap Roots: 0.03ms
[2026-09-07T10:43:25.765+0900][9.088s][info][gc,phases   ] GC(115)   Evacuate Collection Set: 0.21ms
[2026-09-07T10:43:25.765+0900][9.088s][info][gc,phases   ] GC(115)   Post Evacuate Collection Set: 0.12ms
[2026-09-07T10:43:25.765+0900][9.088s][info][gc,phases   ] GC(115)   Other: 0.01ms
[2026-09-07T10:43:25.765+0900][9.088s][info][gc,heap     ] GC(115) Eden regions: 101->0(103)
[2026-09-07T10:43:25.765+0900][9.088s][info][gc,heap     ] GC(115) Survivor regions: 3->1(13)
[2026-09-07T10:43:25.765+0900][9.088s][info][gc,heap     ] GC(115) Old regions: 74->74
[2026-09-07T10:43:25.765+0900][9.088s][info][gc,heap     ] GC(115) Humongous regions: 2->2
[2026-09-07T10:43:25.765+0900][9.088s][info][gc,metaspace] GC(115) Metaspace: 23365K(23872K)->23365K(23872K) NonClass: 20546K(20800K)->20546K(20800K) Class: 2819K(3072K)->2819K(3072K)
[2026-09-07T10:43:25.765+0900][9.088s][info][gc          ] GC(115) Pause Young (Normal) (G1 Evacuation Pause) 357M->151M(380M) 0.526ms
[2026-09-07T10:43:25.765+0900][9.088s][info][gc,cpu      ] GC(115) User=0.00s Sys=0.00s Real=0.00s
[2026-09-07T10:43:25.765+0900][9.088s][info][safepoint   ] Safepoint "G1CollectForAllocation", Time since last: 77123708 ns, Reaching safepoint: 875 ns, Cleanup: 542 ns, At safepoint: 538417 ns, Leaving safepoint: 750 ns, Total: 540584 ns
[2026-09-07T10:43:25.844+0900][9.167s][info][gc,start    ] GC(116) Pause Young (Normal) (G1 Evacuation Pause)
[2026-09-07T10:43:25.844+0900][9.167s][info][gc,task     ] GC(116) Using 9 workers of 9 for evacuation
[2026-09-07T10:43:25.844+0900][9.167s][info][gc,phases   ] GC(116)   Pre Evacuate Collection Set: 0.08ms
[2026-09-07T10:43:25.844+0900][9.167s][info][gc,phases   ] GC(116)   Merge Heap Roots: 0.02ms
[2026-09-07T10:43:25.844+0900][9.167s][info][gc,phases   ] GC(116)   Evacuate Collection Set: 0.27ms
[2026-09-07T10:43:25.844+0900][9.167s][info][gc,phases   ] GC(116)   Post Evacuate Collection Set: 0.12ms
[2026-09-07T10:43:25.844+0900][9.167s][info][gc,phases   ] GC(116)   Other: 0.02ms
[2026-09-07T10:43:25.844+0900][9.167s][info][gc,heap     ] GC(116) Eden regions: 103->0(102)
[2026-09-07T10:43:25.844+0900][9.167s][info][gc,heap     ] GC(116) Survivor regions: 1->2(13)
[2026-09-07T10:43:25.844+0900][9.167s][info][gc,heap     ] GC(116) Old regions: 74->74
[2026-09-07T10:43:25.844+0900][9.167s][info][gc,heap     ] GC(116) Humongous regions: 2->2
[2026-09-07T10:43:25.844+0900][9.167s][info][gc,metaspace] GC(116) Metaspace: 23365K(23872K)->23365K(23872K) NonClass: 20546K(20800K)->20546K(20800K) Class: 2819K(3072K)->2819K(3072K)
[2026-09-07T10:43:25.844+0900][9.167s][info][gc          ] GC(116) Pause Young (Normal) (G1 Evacuation Pause) 357M->152M(380M) 0.570ms
[2026-09-07T10:43:25.844+0900][9.167s][info][gc,cpu      ] GC(116) User=0.00s Sys=0.00s Real=0.00s
[2026-09-07T10:43:25.844+0900][9.167s][info][safepoint   ] Safepoint "G1CollectForAllocation", Time since last: 78627125 ns, Reaching safepoint: 1416 ns, Cleanup: 1084 ns, At safepoint: 586125 ns, Leaving safepoint: 1000 ns, Total: 589625 ns
[2026-09-07T10:43:25.922+0900][9.245s][info][gc,start    ] GC(117) Pause Young (Normal) (G1 Evacuation Pause)
[2026-09-07T10:43:25.922+0900][9.245s][info][gc,task     ] GC(117) Using 9 workers of 9 for evacuation
[2026-09-07T10:43:25.923+0900][9.246s][info][gc,phases   ] GC(117)   Pre Evacuate Collection Set: 0.06ms
[2026-09-07T10:43:25.923+0900][9.246s][info][gc,phases   ] GC(117)   Merge Heap Roots: 0.04ms
[2026-09-07T10:43:25.923+0900][9.246s][info][gc,phases   ] GC(117)   Evacuate Collection Set: 0.33ms
[2026-09-07T10:43:25.923+0900][9.246s][info][gc,phases   ] GC(117)   Post Evacuate Collection Set: 0.11ms
[2026-09-07T10:43:25.923+0900][9.246s][info][gc,phases   ] GC(117)   Other: 0.02ms
[2026-09-07T10:43:25.923+0900][9.246s][info][gc,heap     ] GC(117) Eden regions: 102->0(102)
[2026-09-07T10:43:25.923+0900][9.246s][info][gc,heap     ] GC(117) Survivor regions: 2->2(13)
[2026-09-07T10:43:25.923+0900][9.246s][info][gc,heap     ] GC(117) Old regions: 74->74
[2026-09-07T10:43:25.923+0900][9.246s][info][gc,heap     ] GC(117) Humongous regions: 2->2
[2026-09-07T10:43:25.923+0900][9.246s][info][gc,metaspace] GC(117) Metaspace: 23365K(23872K)->23365K(23872K) NonClass: 20546K(20800K)->20546K(20800K) Class: 2819K(3072K)->2819K(3072K)
[2026-09-07T10:43:25.923+0900][9.246s][info][gc          ] GC(117) Pause Young (Normal) (G1 Evacuation Pause) 356M->153M(380M) 0.638ms
[2026-09-07T10:43:25.923+0900][9.246s][info][gc,cpu      ] GC(117) User=0.00s Sys=0.01s Real=0.00s
[2026-09-07T10:43:25.923+0900][9.246s][info][safepoint   ] Safepoint "G1CollectForAllocation", Time since last: 78160541 ns, Reaching safepoint: 1042 ns, Cleanup: 750 ns, At safepoint: 653417 ns, Leaving safepoint: 875 ns, Total: 656084 ns
[2026-09-07T10:43:26.002+0900][9.325s][info][gc,start    ] GC(118) Pause Young (Normal) (G1 Evacuation Pause)
[2026-09-07T10:43:26.002+0900][9.325s][info][gc,task     ] GC(118) Using 9 workers of 9 for evacuation
[2026-09-07T10:43:26.002+0900][9.325s][info][gc,phases   ] GC(118)   Pre Evacuate Collection Set: 0.07ms
[2026-09-07T10:43:26.002+0900][9.325s][info][gc,phases   ] GC(118)   Merge Heap Roots: 0.02ms
[2026-09-07T10:43:26.002+0900][9.325s][info][gc,phases   ] GC(118)   Evacuate Collection Set: 0.37ms
[2026-09-07T10:43:26.002+0900][9.325s][info][gc,phases   ] GC(118)   Post Evacuate Collection Set: 0.11ms
[2026-09-07T10:43:26.002+0900][9.325s][info][gc,phases   ] GC(118)   Other: 0.02ms
[2026-09-07T10:43:26.002+0900][9.325s][info][gc,heap     ] GC(118) Eden regions: 102->0(101)
[2026-09-07T10:43:26.002+0900][9.325s][info][gc,heap     ] GC(118) Survivor regions: 2->3(13)
[2026-09-07T10:43:26.002+0900][9.325s][info][gc,heap     ] GC(118) Old regions: 74->74
[2026-09-07T10:43:26.002+0900][9.325s][info][gc,heap     ] GC(118) Humongous regions: 2->2
[2026-09-07T10:43:26.002+0900][9.325s][info][gc,metaspace] GC(118) Metaspace: 23365K(23872K)->23365K(23872K) NonClass: 20546K(20800K)->20546K(20800K) Class: 2819K(3072K)->2819K(3072K)
[2026-09-07T10:43:26.002+0900][9.325s][info][gc          ] GC(118) Pause Young (Normal) (G1 Evacuation Pause) 357M->154M(380M) 0.659ms
[2026-09-07T10:43:26.002+0900][9.325s][info][gc,cpu      ] GC(118) User=0.00s Sys=0.00s Real=0.00s
[2026-09-07T10:43:26.002+0900][9.325s][info][safepoint   ] Safepoint "G1CollectForAllocation", Time since last: 78603291 ns, Reaching safepoint: 1042 ns, Cleanup: 1125 ns, At safepoint: 673792 ns, Leaving safepoint: 1125 ns, Total: 677084 ns
[2026-09-07T10:43:26.080+0900][9.403s][info][gc,start    ] GC(119) Pause Young (Normal) (G1 Evacuation Pause)
[2026-09-07T10:43:26.080+0900][9.403s][info][gc,task     ] GC(119) Using 9 workers of 9 for evacuation
[2026-09-07T10:43:26.081+0900][9.403s][info][gc,phases   ] GC(119)   Pre Evacuate Collection Set: 0.08ms
[2026-09-07T10:43:26.081+0900][9.403s][info][gc,phases   ] GC(119)   Merge Heap Roots: 0.02ms
[2026-09-07T10:43:26.081+0900][9.403s][info][gc,phases   ] GC(119)   Evacuate Collection Set: 0.41ms
[2026-09-07T10:43:26.081+0900][9.403s][info][gc,phases   ] GC(119)   Post Evacuate Collection Set: 0.12ms
[2026-09-07T10:43:26.081+0900][9.403s][info][gc,phases   ] GC(119)   Other: 0.02ms
[2026-09-07T10:43:26.081+0900][9.403s][info][gc,heap     ] GC(119) Eden regions: 101->0(101)
[2026-09-07T10:43:26.081+0900][9.403s][info][gc,heap     ] GC(119) Survivor regions: 3->3(13)
[2026-09-07T10:43:26.081+0900][9.403s][info][gc,heap     ] GC(119) Old regions: 74->74
[2026-09-07T10:43:26.081+0900][9.403s][info][gc,heap     ] GC(119) Humongous regions: 2->2
[2026-09-07T10:43:26.081+0900][9.403s][info][gc,metaspace] GC(119) Metaspace: 23365K(23872K)->23365K(23872K) NonClass: 20546K(20800K)->20546K(20800K) Class: 2819K(3072K)->2819K(3072K)
[2026-09-07T10:43:26.081+0900][9.404s][info][gc          ] GC(119) Pause Young (Normal) (G1 Evacuation Pause) 356M->155M(380M) 0.711ms
[2026-09-07T10:43:26.081+0900][9.404s][info][gc,cpu      ] GC(119) User=0.00s Sys=0.00s Real=0.00s
[2026-09-07T10:43:26.081+0900][9.404s][info][safepoint   ] Safepoint "G1CollectForAllocation", Time since last: 77507208 ns, Reaching safepoint: 1000 ns, Cleanup: 667 ns, At safepoint: 724416 ns, Leaving safepoint: 834 ns, Total: 726917 ns
[2026-09-07T10:43:26.157+0900][9.480s][info][gc,start    ] GC(120) Pause Young (Normal) (G1 Evacuation Pause)
[2026-09-07T10:43:26.157+0900][9.480s][info][gc,task     ] GC(120) Using 9 workers of 9 for evacuation
[2026-09-07T10:43:26.158+0900][9.481s][info][gc,phases   ] GC(120)   Pre Evacuate Collection Set: 0.08ms
[2026-09-07T10:43:26.158+0900][9.481s][info][gc,phases   ] GC(120)   Merge Heap Roots: 0.02ms
[2026-09-07T10:43:26.158+0900][9.481s][info][gc,phases   ] GC(120)   Evacuate Collection Set: 0.20ms
[2026-09-07T10:43:26.158+0900][9.481s][info][gc,phases   ] GC(120)   Post Evacuate Collection Set: 0.12ms
[2026-09-07T10:43:26.158+0900][9.481s][info][gc,phases   ] GC(120)   Other: 0.01ms
[2026-09-07T10:43:26.158+0900][9.481s][info][gc,heap     ] GC(120) Eden regions: 101->0(103)
[2026-09-07T10:43:26.158+0900][9.481s][info][gc,heap     ] GC(120) Survivor regions: 3->1(13)
[2026-09-07T10:43:26.158+0900][9.481s][info][gc,heap     ] GC(120) Old regions: 74->74
[2026-09-07T10:43:26.158+0900][9.481s][info][gc,heap     ] GC(120) Humongous regions: 2->2
[2026-09-07T10:43:26.158+0900][9.481s][info][gc,metaspace] GC(120) Metaspace: 23365K(23872K)->23365K(23872K) NonClass: 20546K(20800K)->20546K(20800K) Class: 2819K(3072K)->2819K(3072K)
[2026-09-07T10:43:26.158+0900][9.481s][info][gc          ] GC(120) Pause Young (Normal) (G1 Evacuation Pause) 357M->152M(380M) 0.497ms
[2026-09-07T10:43:26.158+0900][9.481s][info][gc,cpu      ] GC(120) User=0.00s Sys=0.00s Real=0.00s
[2026-09-07T10:43:26.158+0900][9.481s][info][safepoint   ] Safepoint "G1CollectForAllocation", Time since last: 76896625 ns, Reaching safepoint: 1333 ns, Cleanup: 1458 ns, At safepoint: 510417 ns, Leaving safepoint: 708 ns, Total: 513916 ns
[2026-09-07T10:43:26.236+0900][9.559s][info][gc,start    ] GC(121) Pause Young (Normal) (G1 Evacuation Pause)
[2026-09-07T10:43:26.236+0900][9.559s][info][gc,task     ] GC(121) Using 9 workers of 9 for evacuation
[2026-09-07T10:43:26.237+0900][9.560s][info][gc,phases   ] GC(121)   Pre Evacuate Collection Set: 0.08ms
[2026-09-07T10:43:26.237+0900][9.560s][info][gc,phases   ] GC(121)   Merge Heap Roots: 0.02ms
[2026-09-07T10:43:26.237+0900][9.560s][info][gc,phases   ] GC(121)   Evacuate Collection Set: 0.27ms
[2026-09-07T10:43:26.237+0900][9.560s][info][gc,phases   ] GC(121)   Post Evacuate Collection Set: 0.11ms
[2026-09-07T10:43:26.237+0900][9.560s][info][gc,phases   ] GC(121)   Other: 0.02ms
[2026-09-07T10:43:26.237+0900][9.560s][info][gc,heap     ] GC(121) Eden regions: 103->0(102)
[2026-09-07T10:43:26.237+0900][9.560s][info][gc,heap     ] GC(121) Survivor regions: 1->2(13)
[2026-09-07T10:43:26.237+0900][9.560s][info][gc,heap     ] GC(121) Old regions: 74->74
[2026-09-07T10:43:26.237+0900][9.560s][info][gc,heap     ] GC(121) Humongous regions: 2->2
[2026-09-07T10:43:26.237+0900][9.560s][info][gc,metaspace] GC(121) Metaspace: 23365K(23872K)->23365K(23872K) NonClass: 20546K(20800K)->20546K(20800K) Class: 2819K(3072K)->2819K(3072K)
[2026-09-07T10:43:26.237+0900][9.560s][info][gc          ] GC(121) Pause Young (Normal) (G1 Evacuation Pause) 358M->153M(380M) 0.556ms
[2026-09-07T10:43:26.237+0900][9.560s][info][gc,cpu      ] GC(121) User=0.00s Sys=0.00s Real=0.00s
[2026-09-07T10:43:26.237+0900][9.560s][info][safepoint   ] Safepoint "G1CollectForAllocation", Time since last: 78287459 ns, Reaching safepoint: 958 ns, Cleanup: 375 ns, At safepoint: 569458 ns, Leaving safepoint: 1042 ns, Total: 571833 ns
[2026-09-07T10:43:26.315+0900][9.638s][info][gc,start    ] GC(122) Pause Young (Normal) (G1 Evacuation Pause)
[2026-09-07T10:43:26.315+0900][9.638s][info][gc,task     ] GC(122) Using 9 workers of 9 for evacuation
[2026-09-07T10:43:26.316+0900][9.639s][info][gc,phases   ] GC(122)   Pre Evacuate Collection Set: 0.06ms
[2026-09-07T10:43:26.316+0900][9.639s][info][gc,phases   ] GC(122)   Merge Heap Roots: 0.03ms
[2026-09-07T10:43:26.316+0900][9.639s][info][gc,phases   ] GC(122)   Evacuate Collection Set: 0.31ms
[2026-09-07T10:43:26.316+0900][9.639s][info][gc,phases   ] GC(122)   Post Evacuate Collection Set: 0.12ms
[2026-09-07T10:43:26.316+0900][9.639s][info][gc,phases   ] GC(122)   Other: 0.01ms
[2026-09-07T10:43:26.316+0900][9.639s][info][gc,heap     ] GC(122) Eden regions: 102->0(102)
[2026-09-07T10:43:26.316+0900][9.639s][info][gc,heap     ] GC(122) Survivor regions: 2->2(13)
[2026-09-07T10:43:26.316+0900][9.639s][info][gc,heap     ] GC(122) Old regions: 74->74
[2026-09-07T10:43:26.316+0900][9.639s][info][gc,heap     ] GC(122) Humongous regions: 2->2
[2026-09-07T10:43:26.316+0900][9.639s][info][gc,metaspace] GC(122) Metaspace: 23365K(23872K)->23365K(23872K) NonClass: 20546K(20800K)->20546K(20800K) Class: 2819K(3072K)->2819K(3072K)
[2026-09-07T10:43:26.316+0900][9.639s][info][gc          ] GC(122) Pause Young (Normal) (G1 Evacuation Pause) 357M->153M(380M) 0.593ms
[2026-09-07T10:43:26.316+0900][9.639s][info][gc,cpu      ] GC(122) User=0.00s Sys=0.00s Real=0.00s
[2026-09-07T10:43:26.316+0900][9.639s][info][safepoint   ] Safepoint "G1CollectForAllocation", Time since last: 78250750 ns, Reaching safepoint: 1250 ns, Cleanup: 458 ns, At safepoint: 605500 ns, Leaving safepoint: 792 ns, Total: 608000 ns
[2026-09-07T10:43:26.394+0900][9.717s][info][gc,start    ] GC(123) Pause Young (Normal) (G1 Evacuation Pause)
[2026-09-07T10:43:26.394+0900][9.717s][info][gc,task     ] GC(123) Using 9 workers of 9 for evacuation
[2026-09-07T10:43:26.395+0900][9.718s][info][gc,phases   ] GC(123)   Pre Evacuate Collection Set: 0.06ms
[2026-09-07T10:43:26.395+0900][9.718s][info][gc,phases   ] GC(123)   Merge Heap Roots: 0.04ms
[2026-09-07T10:43:26.395+0900][9.718s][info][gc,phases   ] GC(123)   Evacuate Collection Set: 0.35ms
[2026-09-07T10:43:26.395+0900][9.718s][info][gc,phases   ] GC(123)   Post Evacuate Collection Set: 0.12ms
[2026-09-07T10:43:26.395+0900][9.718s][info][gc,phases   ] GC(123)   Other: 0.02ms
[2026-09-07T10:43:26.395+0900][9.718s][info][gc,heap     ] GC(123) Eden regions: 102->0(101)
[2026-09-07T10:43:26.395+0900][9.718s][info][gc,heap     ] GC(123) Survivor regions: 2->3(13)
[2026-09-07T10:43:26.395+0900][9.718s][info][gc,heap     ] GC(123) Old regions: 74->74
[2026-09-07T10:43:26.395+0900][9.718s][info][gc,heap     ] GC(123) Humongous regions: 2->2
[2026-09-07T10:43:26.395+0900][9.718s][info][gc,metaspace] GC(123) Metaspace: 23365K(23872K)->23365K(23872K) NonClass: 20546K(20800K)->20546K(20800K) Class: 2819K(3072K)->2819K(3072K)
[2026-09-07T10:43:26.395+0900][9.718s][info][gc          ] GC(123) Pause Young (Normal) (G1 Evacuation Pause) 357M->154M(380M) 0.653ms
[2026-09-07T10:43:26.395+0900][9.718s][info][gc,cpu      ] GC(123) User=0.00s Sys=0.00s Real=0.00s
[2026-09-07T10:43:26.395+0900][9.718s][info][safepoint   ] Safepoint "G1CollectForAllocation", Time since last: 78297750 ns, Reaching safepoint: 1125 ns, Cleanup: 1083 ns, At safepoint: 666834 ns, Leaving safepoint: 1125 ns, Total: 670167 ns
[2026-09-07T10:43:26.473+0900][9.796s][info][gc,start    ] GC(124) Pause Young (Normal) (G1 Evacuation Pause)
[2026-09-07T10:43:26.473+0900][9.796s][info][gc,task     ] GC(124) Using 9 workers of 9 for evacuation
[2026-09-07T10:43:26.473+0900][9.796s][info][gc,phases   ] GC(124)   Pre Evacuate Collection Set: 0.09ms
[2026-09-07T10:43:26.473+0900][9.796s][info][gc,phases   ] GC(124)   Merge Heap Roots: 0.04ms
[2026-09-07T10:43:26.473+0900][9.796s][info][gc,phases   ] GC(124)   Evacuate Collection Set: 0.41ms
[2026-09-07T10:43:26.473+0900][9.796s][info][gc,phases   ] GC(124)   Post Evacuate Collection Set: 0.11ms
[2026-09-07T10:43:26.473+0900][9.796s][info][gc,phases   ] GC(124)   Other: 0.02ms
[2026-09-07T10:43:26.473+0900][9.796s][info][gc,heap     ] GC(124) Eden regions: 101->0(101)
[2026-09-07T10:43:26.473+0900][9.796s][info][gc,heap     ] GC(124) Survivor regions: 3->3(13)
[2026-09-07T10:43:26.473+0900][9.796s][info][gc,heap     ] GC(124) Old regions: 74->74
[2026-09-07T10:43:26.473+0900][9.796s][info][gc,heap     ] GC(124) Humongous regions: 2->2
[2026-09-07T10:43:26.473+0900][9.796s][info][gc,metaspace] GC(124) Metaspace: 23365K(23872K)->23365K(23872K) NonClass: 20546K(20800K)->20546K(20800K) Class: 2819K(3072K)->2819K(3072K)
[2026-09-07T10:43:26.473+0900][9.796s][info][gc          ] GC(124) Pause Young (Normal) (G1 Evacuation Pause) 356M->155M(380M) 0.734ms
[2026-09-07T10:43:26.473+0900][9.796s][info][gc,cpu      ] GC(124) User=0.01s Sys=0.00s Real=0.00s
[2026-09-07T10:43:26.473+0900][9.796s][info][safepoint   ] Safepoint "G1CollectForAllocation", Time since last: 78051166 ns, Reaching safepoint: 1125 ns, Cleanup: 459 ns, At safepoint: 748500 ns, Leaving safepoint: 875 ns, Total: 750959 ns
[2026-09-07T10:43:26.550+0900][9.873s][info][gc,start    ] GC(125) Pause Young (Normal) (G1 Evacuation Pause)
[2026-09-07T10:43:26.550+0900][9.873s][info][gc,task     ] GC(125) Using 9 workers of 9 for evacuation
[2026-09-07T10:43:26.551+0900][9.874s][info][gc,phases   ] GC(125)   Pre Evacuate Collection Set: 0.08ms
[2026-09-07T10:43:26.551+0900][9.874s][info][gc,phases   ] GC(125)   Merge Heap Roots: 0.03ms
[2026-09-07T10:43:26.551+0900][9.874s][info][gc,phases   ] GC(125)   Evacuate Collection Set: 0.21ms
[2026-09-07T10:43:26.551+0900][9.874s][info][gc,phases   ] GC(125)   Post Evacuate Collection Set: 0.10ms
[2026-09-07T10:43:26.551+0900][9.874s][info][gc,phases   ] GC(125)   Other: 0.02ms
[2026-09-07T10:43:26.551+0900][9.874s][info][gc,heap     ] GC(125) Eden regions: 101->0(103)
[2026-09-07T10:43:26.551+0900][9.874s][info][gc,heap     ] GC(125) Survivor regions: 3->1(13)
[2026-09-07T10:43:26.551+0900][9.874s][info][gc,heap     ] GC(125) Old regions: 74->74
[2026-09-07T10:43:26.551+0900][9.874s][info][gc,heap     ] GC(125) Humongous regions: 2->2
[2026-09-07T10:43:26.551+0900][9.874s][info][gc,metaspace] GC(125) Metaspace: 23365K(23872K)->23365K(23872K) NonClass: 20546K(20800K)->20546K(20800K) Class: 2819K(3072K)->2819K(3072K)
[2026-09-07T10:43:26.551+0900][9.874s][info][gc          ] GC(125) Pause Young (Normal) (G1 Evacuation Pause) 357M->152M(380M) 0.506ms
[2026-09-07T10:43:26.551+0900][9.874s][info][gc,cpu      ] GC(125) User=0.00s Sys=0.00s Real=0.00s
[2026-09-07T10:43:26.551+0900][9.874s][info][safepoint   ] Safepoint "G1CollectForAllocation", Time since last: 76865916 ns, Reaching safepoint: 875 ns, Cleanup: 959 ns, At safepoint: 519916 ns, Leaving safepoint: 1167 ns, Total: 522917 ns
[2026-09-07T10:43:26.629+0900][9.952s][info][gc,start    ] GC(126) Pause Young (Normal) (G1 Evacuation Pause)
[2026-09-07T10:43:26.629+0900][9.952s][info][gc,task     ] GC(126) Using 9 workers of 9 for evacuation
[2026-09-07T10:43:26.629+0900][9.952s][info][gc,phases   ] GC(126)   Pre Evacuate Collection Set: 0.07ms
[2026-09-07T10:43:26.629+0900][9.952s][info][gc,phases   ] GC(126)   Merge Heap Roots: 0.02ms
[2026-09-07T10:43:26.629+0900][9.952s][info][gc,phases   ] GC(126)   Evacuate Collection Set: 0.29ms
[2026-09-07T10:43:26.629+0900][9.952s][info][gc,phases   ] GC(126)   Post Evacuate Collection Set: 0.12ms
[2026-09-07T10:43:26.629+0900][9.952s][info][gc,phases   ] GC(126)   Other: 0.02ms
[2026-09-07T10:43:26.629+0900][9.952s][info][gc,heap     ] GC(126) Eden regions: 103->0(102)
[2026-09-07T10:43:26.629+0900][9.952s][info][gc,heap     ] GC(126) Survivor regions: 1->2(13)
[2026-09-07T10:43:26.629+0900][9.952s][info][gc,heap     ] GC(126) Old regions: 74->74
[2026-09-07T10:43:26.629+0900][9.952s][info][gc,heap     ] GC(126) Humongous regions: 2->2
[2026-09-07T10:43:26.629+0900][9.952s][info][gc,metaspace] GC(126) Metaspace: 23365K(23872K)->23365K(23872K) NonClass: 20546K(20800K)->20546K(20800K) Class: 2819K(3072K)->2819K(3072K)
[2026-09-07T10:43:26.629+0900][9.952s][info][gc          ] GC(126) Pause Young (Normal) (G1 Evacuation Pause) 358M->153M(380M) 0.581ms
[2026-09-07T10:43:26.629+0900][9.952s][info][gc,cpu      ] GC(126) User=0.01s Sys=0.00s Real=0.00s
[2026-09-07T10:43:26.629+0900][9.952s][info][safepoint   ] Safepoint "G1CollectForAllocation", Time since last: 78049667 ns, Reaching safepoint: 958 ns, Cleanup: 1417 ns, At safepoint: 594041 ns, Leaving safepoint: 1459 ns, Total: 597875 ns
[2026-09-07T10:43:26.707+0900][10.030s][info][gc,start    ] GC(127) Pause Young (Normal) (G1 Evacuation Pause)
[2026-09-07T10:43:26.707+0900][10.030s][info][gc,task     ] GC(127) Using 9 workers of 9 for evacuation
[2026-09-07T10:43:26.708+0900][10.031s][info][gc,phases   ] GC(127)   Pre Evacuate Collection Set: 0.08ms
[2026-09-07T10:43:26.708+0900][10.031s][info][gc,phases   ] GC(127)   Merge Heap Roots: 0.03ms
[2026-09-07T10:43:26.708+0900][10.031s][info][gc,phases   ] GC(127)   Evacuate Collection Set: 0.31ms
[2026-09-07T10:43:26.708+0900][10.031s][info][gc,phases   ] GC(127)   Post Evacuate Collection Set: 0.11ms
[2026-09-07T10:43:26.708+0900][10.031s][info][gc,phases   ] GC(127)   Other: 0.01ms
[2026-09-07T10:43:26.708+0900][10.031s][info][gc,heap     ] GC(127) Eden regions: 102->0(102)
[2026-09-07T10:43:26.708+0900][10.031s][info][gc,heap     ] GC(127) Survivor regions: 2->2(13)
[2026-09-07T10:43:26.708+0900][10.031s][info][gc,heap     ] GC(127) Old regions: 74->74
[2026-09-07T10:43:26.708+0900][10.031s][info][gc,heap     ] GC(127) Humongous regions: 2->2
[2026-09-07T10:43:26.708+0900][10.031s][info][gc,metaspace] GC(127) Metaspace: 23365K(23872K)->23365K(23872K) NonClass: 20546K(20800K)->20546K(20800K) Class: 2819K(3072K)->2819K(3072K)
[2026-09-07T10:43:26.708+0900][10.031s][info][gc          ] GC(127) Pause Young (Normal) (G1 Evacuation Pause) 357M->153M(380M) 0.620ms
[2026-09-07T10:43:26.708+0900][10.031s][info][gc,cpu      ] GC(127) User=0.01s Sys=0.00s Real=0.00s
[2026-09-07T10:43:26.708+0900][10.031s][info][safepoint   ] Safepoint "G1CollectForAllocation", Time since last: 77882458 ns, Reaching safepoint: 750 ns, Cleanup: 875 ns, At safepoint: 633833 ns, Leaving safepoint: 834 ns, Total: 636292 ns
[2026-09-07T10:43:26.786+0900][10.109s][info][gc,start    ] GC(128) Pause Young (Normal) (G1 Evacuation Pause)
[2026-09-07T10:43:26.786+0900][10.109s][info][gc,task     ] GC(128) Using 9 workers of 9 for evacuation
[2026-09-07T10:43:26.787+0900][10.110s][info][gc,phases   ] GC(128)   Pre Evacuate Collection Set: 0.07ms
[2026-09-07T10:43:26.787+0900][10.110s][info][gc,phases   ] GC(128)   Merge Heap Roots: 0.02ms
[2026-09-07T10:43:26.787+0900][10.110s][info][gc,phases   ] GC(128)   Evacuate Collection Set: 0.37ms
[2026-09-07T10:43:26.787+0900][10.110s][info][gc,phases   ] GC(128)   Post Evacuate Collection Set: 0.11ms
[2026-09-07T10:43:26.787+0900][10.110s][info][gc,phases   ] GC(128)   Other: 0.02ms
[2026-09-07T10:43:26.787+0900][10.110s][info][gc,heap     ] GC(128) Eden regions: 102->0(101)
[2026-09-07T10:43:26.787+0900][10.110s][info][gc,heap     ] GC(128) Survivor regions: 2->3(13)
[2026-09-07T10:43:26.787+0900][10.110s][info][gc,heap     ] GC(128) Old regions: 74->74
[2026-09-07T10:43:26.787+0900][10.110s][info][gc,heap     ] GC(128) Humongous regions: 2->2
[2026-09-07T10:43:26.787+0900][10.110s][info][gc,metaspace] GC(128) Metaspace: 23365K(23872K)->23365K(23872K) NonClass: 20546K(20800K)->20546K(20800K) Class: 2819K(3072K)->2819K(3072K)
[2026-09-07T10:43:26.787+0900][10.110s][info][gc          ] GC(128) Pause Young (Normal) (G1 Evacuation Pause) 357M->154M(380M) 0.665ms
[2026-09-07T10:43:26.787+0900][10.110s][info][gc,cpu      ] GC(128) User=0.01s Sys=0.00s Real=0.00s
[2026-09-07T10:43:26.787+0900][10.110s][info][safepoint   ] Safepoint "G1CollectForAllocation", Time since last: 78224041 ns, Reaching safepoint: 1250 ns, Cleanup: 625 ns, At safepoint: 679792 ns, Leaving safepoint: 875 ns, Total: 682542 ns
[2026-09-07T10:43:26.864+0900][10.187s][info][gc,start    ] GC(129) Pause Young (Normal) (G1 Evacuation Pause)
[2026-09-07T10:43:26.865+0900][10.187s][info][gc,task     ] GC(129) Using 9 workers of 9 for evacuation
[2026-09-07T10:43:26.865+0900][10.188s][info][gc,phases   ] GC(129)   Pre Evacuate Collection Set: 0.07ms
[2026-09-07T10:43:26.865+0900][10.188s][info][gc,phases   ] GC(129)   Merge Heap Roots: 0.02ms
[2026-09-07T10:43:26.865+0900][10.188s][info][gc,phases   ] GC(129)   Evacuate Collection Set: 0.45ms
[2026-09-07T10:43:26.865+0900][10.188s][info][gc,phases   ] GC(129)   Post Evacuate Collection Set: 0.13ms
[2026-09-07T10:43:26.865+0900][10.188s][info][gc,phases   ] GC(129)   Other: 0.02ms
[2026-09-07T10:43:26.865+0900][10.188s][info][gc,heap     ] GC(129) Eden regions: 101->0(101)
[2026-09-07T10:43:26.865+0900][10.188s][info][gc,heap     ] GC(129) Survivor regions: 3->3(13)
[2026-09-07T10:43:26.865+0900][10.188s][info][gc,heap     ] GC(129) Old regions: 74->74
[2026-09-07T10:43:26.865+0900][10.188s][info][gc,heap     ] GC(129) Humongous regions: 2->2
[2026-09-07T10:43:26.865+0900][10.188s][info][gc,metaspace] GC(129) Metaspace: 23365K(23872K)->23365K(23872K) NonClass: 20546K(20800K)->20546K(20800K) Class: 2819K(3072K)->2819K(3072K)
[2026-09-07T10:43:26.865+0900][10.188s][info][gc          ] GC(129) Pause Young (Normal) (G1 Evacuation Pause) 356M->156M(380M) 0.747ms
[2026-09-07T10:43:26.865+0900][10.188s][info][gc,cpu      ] GC(129) User=0.01s Sys=0.00s Real=0.00s
[2026-09-07T10:43:26.865+0900][10.188s][info][safepoint   ] Safepoint "G1CollectForAllocation", Time since last: 77547333 ns, Reaching safepoint: 875 ns, Cleanup: 667 ns, At safepoint: 763000 ns, Leaving safepoint: 792 ns, Total: 765334 ns
[2026-09-07T10:43:26.942+0900][10.265s][info][gc,start    ] GC(130) Pause Young (Normal) (G1 Evacuation Pause)
[2026-09-07T10:43:26.942+0900][10.265s][info][gc,task     ] GC(130) Using 9 workers of 9 for evacuation
[2026-09-07T10:43:26.943+0900][10.266s][info][gc,phases   ] GC(130)   Pre Evacuate Collection Set: 0.08ms
[2026-09-07T10:43:26.943+0900][10.266s][info][gc,phases   ] GC(130)   Merge Heap Roots: 0.04ms
[2026-09-07T10:43:26.943+0900][10.266s][info][gc,phases   ] GC(130)   Evacuate Collection Set: 0.21ms
[2026-09-07T10:43:26.943+0900][10.266s][info][gc,phases   ] GC(130)   Post Evacuate Collection Set: 0.12ms
[2026-09-07T10:43:26.943+0900][10.266s][info][gc,phases   ] GC(130)   Other: 0.02ms
[2026-09-07T10:43:26.943+0900][10.266s][info][gc,heap     ] GC(130) Eden regions: 101->0(103)
[2026-09-07T10:43:26.943+0900][10.266s][info][gc,heap     ] GC(130) Survivor regions: 3->1(13)
[2026-09-07T10:43:26.943+0900][10.266s][info][gc,heap     ] GC(130) Old regions: 74->74
[2026-09-07T10:43:26.943+0900][10.266s][info][gc,heap     ] GC(130) Humongous regions: 2->2
[2026-09-07T10:43:26.943+0900][10.266s][info][gc,metaspace] GC(130) Metaspace: 23365K(23872K)->23365K(23872K) NonClass: 20546K(20800K)->20546K(20800K) Class: 2819K(3072K)->2819K(3072K)
[2026-09-07T10:43:26.943+0900][10.266s][info][gc          ] GC(130) Pause Young (Normal) (G1 Evacuation Pause) 358M->152M(380M) 0.538ms
[2026-09-07T10:43:26.943+0900][10.266s][info][gc,cpu      ] GC(130) User=0.00s Sys=0.01s Real=0.00s
[2026-09-07T10:43:26.943+0900][10.266s][info][safepoint   ] Safepoint "G1CollectForAllocation", Time since last: 76932458 ns, Reaching safepoint: 1042 ns, Cleanup: 1125 ns, At safepoint: 552125 ns, Leaving safepoint: 1291 ns, Total: 555583 ns
[2026-09-07T10:43:27.022+0900][10.345s][info][gc,start    ] GC(131) Pause Young (Normal) (G1 Evacuation Pause)
[2026-09-07T10:43:27.022+0900][10.345s][info][gc,task     ] GC(131) Using 9 workers of 9 for evacuation
[2026-09-07T10:43:27.023+0900][10.346s][info][gc,phases   ] GC(131)   Pre Evacuate Collection Set: 0.07ms
[2026-09-07T10:43:27.023+0900][10.346s][info][gc,phases   ] GC(131)   Merge Heap Roots: 0.02ms
[2026-09-07T10:43:27.023+0900][10.346s][info][gc,phases   ] GC(131)   Evacuate Collection Set: 0.29ms
[2026-09-07T10:43:27.023+0900][10.346s][info][gc,phases   ] GC(131)   Post Evacuate Collection Set: 0.11ms
[2026-09-07T10:43:27.023+0900][10.346s][info][gc,phases   ] GC(131)   Other: 0.02ms
[2026-09-07T10:43:27.023+0900][10.346s][info][gc,heap     ] GC(131) Eden regions: 103->0(102)
[2026-09-07T10:43:27.023+0900][10.346s][info][gc,heap     ] GC(131) Survivor regions: 1->2(13)
[2026-09-07T10:43:27.023+0900][10.346s][info][gc,heap     ] GC(131) Old regions: 74->74
[2026-09-07T10:43:27.023+0900][10.346s][info][gc,heap     ] GC(131) Humongous regions: 2->2
[2026-09-07T10:43:27.023+0900][10.346s][info][gc,metaspace] GC(131) Metaspace: 23365K(23872K)->23365K(23872K) NonClass: 20546K(20800K)->20546K(20800K) Class: 2819K(3072K)->2819K(3072K)
[2026-09-07T10:43:27.023+0900][10.346s][info][gc          ] GC(131) Pause Young (Normal) (G1 Evacuation Pause) 358M->153M(380M) 0.569ms
[2026-09-07T10:43:27.023+0900][10.346s][info][gc,cpu      ] GC(131) User=0.00s Sys=0.00s Real=0.00s
[2026-09-07T10:43:27.023+0900][10.346s][info][safepoint   ] Safepoint "G1CollectForAllocation", Time since last: 79438584 ns, Reaching safepoint: 1083 ns, Cleanup: 1458 ns, At safepoint: 582667 ns, Leaving safepoint: 917 ns, Total: 586125 ns
[2026-09-07T10:43:27.100+0900][10.423s][info][gc,start    ] GC(132) Pause Young (Normal) (G1 Evacuation Pause)
[2026-09-07T10:43:27.100+0900][10.423s][info][gc,task     ] GC(132) Using 9 workers of 9 for evacuation
[2026-09-07T10:43:27.100+0900][10.423s][info][gc,phases   ] GC(132)   Pre Evacuate Collection Set: 0.07ms
[2026-09-07T10:43:27.100+0900][10.423s][info][gc,phases   ] GC(132)   Merge Heap Roots: 0.02ms
[2026-09-07T10:43:27.100+0900][10.423s][info][gc,phases   ] GC(132)   Evacuate Collection Set: 0.35ms
[2026-09-07T10:43:27.100+0900][10.423s][info][gc,phases   ] GC(132)   Post Evacuate Collection Set: 0.11ms
[2026-09-07T10:43:27.100+0900][10.423s][info][gc,phases   ] GC(132)   Other: 0.02ms
[2026-09-07T10:43:27.100+0900][10.423s][info][gc,heap     ] GC(132) Eden regions: 102->0(102)
[2026-09-07T10:43:27.100+0900][10.423s][info][gc,heap     ] GC(132) Survivor regions: 2->2(13)
[2026-09-07T10:43:27.100+0900][10.423s][info][gc,heap     ] GC(132) Old regions: 74->74
[2026-09-07T10:43:27.100+0900][10.423s][info][gc,heap     ] GC(132) Humongous regions: 2->2
[2026-09-07T10:43:27.100+0900][10.423s][info][gc,metaspace] GC(132) Metaspace: 23365K(23872K)->23365K(23872K) NonClass: 20546K(20800K)->20546K(20800K) Class: 2819K(3072K)->2819K(3072K)
[2026-09-07T10:43:27.100+0900][10.423s][info][gc          ] GC(132) Pause Young (Normal) (G1 Evacuation Pause) 357M->154M(380M) 0.633ms
[2026-09-07T10:43:27.100+0900][10.423s][info][gc,cpu      ] GC(132) User=0.00s Sys=0.00s Real=0.00s
[2026-09-07T10:43:27.100+0900][10.423s][info][safepoint   ] Safepoint "G1CollectForAllocation", Time since last: 77086250 ns, Reaching safepoint: 1333 ns, Cleanup: 458 ns, At safepoint: 646792 ns, Leaving safepoint: 833 ns, Total: 649416 ns
[2026-09-07T10:43:27.180+0900][10.502s][info][gc,start    ] GC(133) Pause Young (Normal) (G1 Evacuation Pause)
[2026-09-07T10:43:27.180+0900][10.502s][info][gc,task     ] GC(133) Using 9 workers of 9 for evacuation
[2026-09-07T10:43:27.180+0900][10.503s][info][gc,phases   ] GC(133)   Pre Evacuate Collection Set: 0.10ms
[2026-09-07T10:43:27.180+0900][10.503s][info][gc,phases   ] GC(133)   Merge Heap Roots: 0.03ms
[2026-09-07T10:43:27.180+0900][10.503s][info][gc,phases   ] GC(133)   Evacuate Collection Set: 0.39ms
[2026-09-07T10:43:27.180+0900][10.503s][info][gc,phases   ] GC(133)   Post Evacuate Collection Set: 0.11ms
[2026-09-07T10:43:27.180+0900][10.503s][info][gc,phases   ] GC(133)   Other: 0.02ms
[2026-09-07T10:43:27.180+0900][10.503s][info][gc,heap     ] GC(133) Eden regions: 102->0(101)
[2026-09-07T10:43:27.180+0900][10.503s][info][gc,heap     ] GC(133) Survivor regions: 2->3(13)
[2026-09-07T10:43:27.180+0900][10.503s][info][gc,heap     ] GC(133) Old regions: 74->74
[2026-09-07T10:43:27.180+0900][10.503s][info][gc,heap     ] GC(133) Humongous regions: 2->2
[2026-09-07T10:43:27.180+0900][10.503s][info][gc,metaspace] GC(133) Metaspace: 23365K(23872K)->23365K(23872K) NonClass: 20546K(20800K)->20546K(20800K) Class: 2819K(3072K)->2819K(3072K)
[2026-09-07T10:43:27.180+0900][10.503s][info][gc          ] GC(133) Pause Young (Normal) (G1 Evacuation Pause) 358M->155M(380M) 0.726ms
[2026-09-07T10:43:27.180+0900][10.503s][info][gc,cpu      ] GC(133) User=0.00s Sys=0.00s Real=0.00s
[2026-09-07T10:43:27.180+0900][10.503s][info][safepoint   ] Safepoint "G1CollectForAllocation", Time since last: 79011125 ns, Reaching safepoint: 1250 ns, Cleanup: 2375 ns, At safepoint: 742334 ns, Leaving safepoint: 1208 ns, Total: 747167 ns
[2026-09-07T10:43:27.258+0900][10.581s][info][gc,start    ] GC(134) Pause Young (Normal) (G1 Evacuation Pause)
[2026-09-07T10:43:27.258+0900][10.581s][info][gc,task     ] GC(134) Using 9 workers of 9 for evacuation
[2026-09-07T10:43:27.259+0900][10.582s][info][gc,phases   ] GC(134)   Pre Evacuate Collection Set: 0.06ms
[2026-09-07T10:43:27.259+0900][10.582s][info][gc,phases   ] GC(134)   Merge Heap Roots: 0.04ms
[2026-09-07T10:43:27.259+0900][10.582s][info][gc,phases   ] GC(134)   Evacuate Collection Set: 0.15ms
[2026-09-07T10:43:27.259+0900][10.582s][info][gc,phases   ] GC(134)   Post Evacuate Collection Set: 0.13ms
[2026-09-07T10:43:27.259+0900][10.582s][info][gc,phases   ] GC(134)   Other: 0.02ms
[2026-09-07T10:43:27.259+0900][10.582s][info][gc,heap     ] GC(134) Eden regions: 101->0(103)
[2026-09-07T10:43:27.259+0900][10.582s][info][gc,heap     ] GC(134) Survivor regions: 3->1(13)
[2026-09-07T10:43:27.259+0900][10.582s][info][gc,heap     ] GC(134) Old regions: 74->74
[2026-09-07T10:43:27.259+0900][10.582s][info][gc,heap     ] GC(134) Humongous regions: 2->2
[2026-09-07T10:43:27.259+0900][10.582s][info][gc,metaspace] GC(134) Metaspace: 23365K(23872K)->23365K(23872K) NonClass: 20546K(20800K)->20546K(20800K) Class: 2819K(3072K)->2819K(3072K)
[2026-09-07T10:43:27.259+0900][10.582s][info][gc          ] GC(134) Pause Young (Normal) (G1 Evacuation Pause) 357M->151M(380M) 0.460ms
[2026-09-07T10:43:27.259+0900][10.582s][info][gc,cpu      ] GC(134) User=0.00s Sys=0.00s Real=0.00s
[2026-09-07T10:43:27.259+0900][10.582s][info][safepoint   ] Safepoint "G1CollectForAllocation", Time since last: 77956917 ns, Reaching safepoint: 1208 ns, Cleanup: 4750 ns, At safepoint: 473417 ns, Leaving safepoint: 875 ns, Total: 480250 ns
[2026-09-07T10:43:27.338+0900][10.661s][info][gc,start    ] GC(135) Pause Young (Normal) (G1 Evacuation Pause)
[2026-09-07T10:43:27.338+0900][10.661s][info][gc,task     ] GC(135) Using 9 workers of 9 for evacuation
[2026-09-07T10:43:27.339+0900][10.662s][info][gc,phases   ] GC(135)   Pre Evacuate Collection Set: 0.07ms
[2026-09-07T10:43:27.339+0900][10.662s][info][gc,phases   ] GC(135)   Merge Heap Roots: 0.04ms
[2026-09-07T10:43:27.339+0900][10.662s][info][gc,phases   ] GC(135)   Evacuate Collection Set: 0.21ms
[2026-09-07T10:43:27.339+0900][10.662s][info][gc,phases   ] GC(135)   Post Evacuate Collection Set: 0.12ms
[2026-09-07T10:43:27.339+0900][10.662s][info][gc,phases   ] GC(135)   Other: 0.02ms
[2026-09-07T10:43:27.339+0900][10.662s][info][gc,heap     ] GC(135) Eden regions: 103->0(103)
[2026-09-07T10:43:27.339+0900][10.662s][info][gc,heap     ] GC(135) Survivor regions: 1->1(13)
[2026-09-07T10:43:27.339+0900][10.662s][info][gc,heap     ] GC(135) Old regions: 74->74
[2026-09-07T10:43:27.339+0900][10.662s][info][gc,heap     ] GC(135) Humongous regions: 2->2
[2026-09-07T10:43:27.339+0900][10.662s][info][gc,metaspace] GC(135) Metaspace: 23365K(23872K)->23365K(23872K) NonClass: 20546K(20800K)->20546K(20800K) Class: 2819K(3072K)->2819K(3072K)
[2026-09-07T10:43:27.339+0900][10.662s][info][gc          ] GC(135) Pause Young (Normal) (G1 Evacuation Pause) 357M->152M(380M) 0.536ms
[2026-09-07T10:43:27.339+0900][10.662s][info][gc,cpu      ] GC(135) User=0.00s Sys=0.00s Real=0.00s
[2026-09-07T10:43:27.339+0900][10.662s][info][safepoint   ] Safepoint "G1CollectForAllocation", Time since last: 79627083 ns, Reaching safepoint: 1208 ns, Cleanup: 584 ns, At safepoint: 550208 ns, Leaving safepoint: 1083 ns, Total: 553083 ns
[2026-09-07T10:43:27.417+0900][10.740s][info][gc,start    ] GC(136) Pause Young (Normal) (G1 Evacuation Pause)
[2026-09-07T10:43:27.417+0900][10.740s][info][gc,task     ] GC(136) Using 9 workers of 9 for evacuation
[2026-09-07T10:43:27.417+0900][10.740s][info][gc,phases   ] GC(136)   Pre Evacuate Collection Set: 0.07ms
[2026-09-07T10:43:27.417+0900][10.740s][info][gc,phases   ] GC(136)   Merge Heap Roots: 0.02ms
[2026-09-07T10:43:27.417+0900][10.740s][info][gc,phases   ] GC(136)   Evacuate Collection Set: 0.29ms
[2026-09-07T10:43:27.417+0900][10.740s][info][gc,phases   ] GC(136)   Post Evacuate Collection Set: 0.12ms
[2026-09-07T10:43:27.417+0900][10.740s][info][gc,phases   ] GC(136)   Other: 0.02ms
[2026-09-07T10:43:27.417+0900][10.740s][info][gc,heap     ] GC(136) Eden regions: 103->0(102)
[2026-09-07T10:43:27.417+0900][10.740s][info][gc,heap     ] GC(136) Survivor regions: 1->2(13)
[2026-09-07T10:43:27.417+0900][10.740s][info][gc,heap     ] GC(136) Old regions: 74->74
[2026-09-07T10:43:27.417+0900][10.740s][info][gc,heap     ] GC(136) Humongous regions: 2->2
[2026-09-07T10:43:27.417+0900][10.740s][info][gc,metaspace] GC(136) Metaspace: 23365K(23872K)->23365K(23872K) NonClass: 20546K(20800K)->20546K(20800K) Class: 2819K(3072K)->2819K(3072K)
[2026-09-07T10:43:27.417+0900][10.740s][info][gc          ] GC(136) Pause Young (Normal) (G1 Evacuation Pause) 358M->153M(380M) 0.589ms
[2026-09-07T10:43:27.417+0900][10.740s][info][gc,cpu      ] GC(136) User=0.00s Sys=0.00s Real=0.00s
[2026-09-07T10:43:27.417+0900][10.740s][info][safepoint   ] Safepoint "G1CollectForAllocation", Time since last: 77750792 ns, Reaching safepoint: 1542 ns, Cleanup: 1000 ns, At safepoint: 603541 ns, Leaving safepoint: 834 ns, Total: 606917 ns
[2026-09-07T10:43:27.496+0900][10.819s][info][gc,start    ] GC(137) Pause Young (Normal) (G1 Evacuation Pause)
[2026-09-07T10:43:27.496+0900][10.819s][info][gc,task     ] GC(137) Using 9 workers of 9 for evacuation
[2026-09-07T10:43:27.497+0900][10.819s][info][gc,phases   ] GC(137)   Pre Evacuate Collection Set: 0.08ms
[2026-09-07T10:43:27.497+0900][10.819s][info][gc,phases   ] GC(137)   Merge Heap Roots: 0.04ms
[2026-09-07T10:43:27.497+0900][10.820s][info][gc,phases   ] GC(137)   Evacuate Collection Set: 0.36ms
[2026-09-07T10:43:27.497+0900][10.820s][info][gc,phases   ] GC(137)   Post Evacuate Collection Set: 0.12ms
[2026-09-07T10:43:27.497+0900][10.820s][info][gc,phases   ] GC(137)   Other: 0.02ms
[2026-09-07T10:43:27.497+0900][10.820s][info][gc,heap     ] GC(137) Eden regions: 102->0(102)
[2026-09-07T10:43:27.497+0900][10.820s][info][gc,heap     ] GC(137) Survivor regions: 2->2(13)
[2026-09-07T10:43:27.497+0900][10.820s][info][gc,heap     ] GC(137) Old regions: 74->74
[2026-09-07T10:43:27.497+0900][10.820s][info][gc,heap     ] GC(137) Humongous regions: 2->2
[2026-09-07T10:43:27.497+0900][10.820s][info][gc,metaspace] GC(137) Metaspace: 23365K(23872K)->23365K(23872K) NonClass: 20546K(20800K)->20546K(20800K) Class: 2819K(3072K)->2819K(3072K)
[2026-09-07T10:43:27.497+0900][10.820s][info][gc          ] GC(137) Pause Young (Normal) (G1 Evacuation Pause) 357M->154M(380M) 0.695ms
[2026-09-07T10:43:27.497+0900][10.820s][info][gc,cpu      ] GC(137) User=0.01s Sys=0.00s Real=0.00s
[2026-09-07T10:43:27.497+0900][10.820s][info][safepoint   ] Safepoint "G1CollectForAllocation", Time since last: 78670583 ns, Reaching safepoint: 1583 ns, Cleanup: 750 ns, At safepoint: 711584 ns, Leaving safepoint: 1041 ns, Total: 714958 ns
[2026-09-07T10:43:27.575+0900][10.898s][info][gc,start    ] GC(138) Pause Young (Normal) (G1 Evacuation Pause)
[2026-09-07T10:43:27.575+0900][10.898s][info][gc,task     ] GC(138) Using 9 workers of 9 for evacuation
[2026-09-07T10:43:27.576+0900][10.899s][info][gc,phases   ] GC(138)   Pre Evacuate Collection Set: 0.07ms
[2026-09-07T10:43:27.576+0900][10.899s][info][gc,phases   ] GC(138)   Merge Heap Roots: 0.04ms
[2026-09-07T10:43:27.576+0900][10.899s][info][gc,phases   ] GC(138)   Evacuate Collection Set: 0.43ms
[2026-09-07T10:43:27.576+0900][10.899s][info][gc,phases   ] GC(138)   Post Evacuate Collection Set: 0.12ms
[2026-09-07T10:43:27.576+0900][10.899s][info][gc,phases   ] GC(138)   Other: 0.02ms
[2026-09-07T10:43:27.576+0900][10.899s][info][gc,heap     ] GC(138) Eden regions: 102->0(101)
[2026-09-07T10:43:27.576+0900][10.899s][info][gc,heap     ] GC(138) Survivor regions: 2->3(13)
[2026-09-07T10:43:27.576+0900][10.899s][info][gc,heap     ] GC(138) Old regions: 74->74
[2026-09-07T10:43:27.576+0900][10.899s][info][gc,heap     ] GC(138) Humongous regions: 2->2
[2026-09-07T10:43:27.576+0900][10.899s][info][gc,metaspace] GC(138) Metaspace: 23365K(23872K)->23365K(23872K) NonClass: 20546K(20800K)->20546K(20800K) Class: 2819K(3072K)->2819K(3072K)
[2026-09-07T10:43:27.576+0900][10.899s][info][gc          ] GC(138) Pause Young (Normal) (G1 Evacuation Pause) 358M->155M(380M) 0.749ms
[2026-09-07T10:43:27.576+0900][10.899s][info][gc,cpu      ] GC(138) User=0.01s Sys=0.00s Real=0.00s
[2026-09-07T10:43:27.576+0900][10.899s][info][safepoint   ] Safepoint "G1CollectForAllocation", Time since last: 78432667 ns, Reaching safepoint: 1375 ns, Cleanup: 708 ns, At safepoint: 761959 ns, Leaving safepoint: 958 ns, Total: 765000 ns
[2026-09-07T10:43:27.652+0900][10.975s][info][gc,start    ] GC(139) Pause Young (Normal) (G1 Evacuation Pause)
[2026-09-07T10:43:27.652+0900][10.975s][info][gc,task     ] GC(139) Using 9 workers of 9 for evacuation
[2026-09-07T10:43:27.652+0900][10.975s][info][gc,phases   ] GC(139)   Pre Evacuate Collection Set: 0.06ms
[2026-09-07T10:43:27.652+0900][10.975s][info][gc,phases   ] GC(139)   Merge Heap Roots: 0.03ms
[2026-09-07T10:43:27.652+0900][10.975s][info][gc,phases   ] GC(139)   Evacuate Collection Set: 0.16ms
[2026-09-07T10:43:27.652+0900][10.975s][info][gc,phases   ] GC(139)   Post Evacuate Collection Set: 0.13ms
[2026-09-07T10:43:27.652+0900][10.975s][info][gc,phases   ] GC(139)   Other: 0.02ms
[2026-09-07T10:43:27.652+0900][10.975s][info][gc,heap     ] GC(139) Eden regions: 101->0(103)
[2026-09-07T10:43:27.652+0900][10.975s][info][gc,heap     ] GC(139) Survivor regions: 3->1(13)
[2026-09-07T10:43:27.652+0900][10.975s][info][gc,heap     ] GC(139) Old regions: 74->74
[2026-09-07T10:43:27.652+0900][10.975s][info][gc,heap     ] GC(139) Humongous regions: 2->2
[2026-09-07T10:43:27.652+0900][10.975s][info][gc,metaspace] GC(139) Metaspace: 23365K(23872K)->23365K(23872K) NonClass: 20546K(20800K)->20546K(20800K) Class: 2819K(3072K)->2819K(3072K)
[2026-09-07T10:43:27.652+0900][10.975s][info][gc          ] GC(139) Pause Young (Normal) (G1 Evacuation Pause) 357M->152M(380M) 0.482ms
[2026-09-07T10:43:27.652+0900][10.975s][info][gc,cpu      ] GC(139) User=0.00s Sys=0.00s Real=0.00s
[2026-09-07T10:43:27.652+0900][10.975s][info][safepoint   ] Safepoint "G1CollectForAllocation", Time since last: 76163000 ns, Reaching safepoint: 1500 ns, Cleanup: 1000 ns, At safepoint: 497042 ns, Leaving safepoint: 875 ns, Total: 500417 ns
[2026-09-07T10:43:27.732+0900][11.055s][info][gc,start    ] GC(140) Pause Young (Normal) (G1 Evacuation Pause)
[2026-09-07T10:43:27.732+0900][11.055s][info][gc,task     ] GC(140) Using 9 workers of 9 for evacuation
[2026-09-07T10:43:27.732+0900][11.055s][info][gc,phases   ] GC(140)   Pre Evacuate Collection Set: 0.05ms
[2026-09-07T10:43:27.732+0900][11.055s][info][gc,phases   ] GC(140)   Merge Heap Roots: 0.02ms
[2026-09-07T10:43:27.732+0900][11.055s][info][gc,phases   ] GC(140)   Evacuate Collection Set: 0.23ms
[2026-09-07T10:43:27.732+0900][11.055s][info][gc,phases   ] GC(140)   Post Evacuate Collection Set: 0.11ms
[2026-09-07T10:43:27.732+0900][11.055s][info][gc,phases   ] GC(140)   Other: 0.02ms
[2026-09-07T10:43:27.732+0900][11.055s][info][gc,heap     ] GC(140) Eden regions: 103->0(102)
[2026-09-07T10:43:27.732+0900][11.055s][info][gc,heap     ] GC(140) Survivor regions: 1->2(13)
[2026-09-07T10:43:27.732+0900][11.055s][info][gc,heap     ] GC(140) Old regions: 74->74
[2026-09-07T10:43:27.732+0900][11.055s][info][gc,heap     ] GC(140) Humongous regions: 2->2
[2026-09-07T10:43:27.732+0900][11.055s][info][gc,metaspace] GC(140) Metaspace: 23365K(23872K)->23365K(23872K) NonClass: 20546K(20800K)->20546K(20800K) Class: 2819K(3072K)->2819K(3072K)
[2026-09-07T10:43:27.732+0900][11.055s][info][gc          ] GC(140) Pause Young (Normal) (G1 Evacuation Pause) 358M->152M(380M) 0.496ms
[2026-09-07T10:43:27.732+0900][11.055s][info][gc,cpu      ] GC(140) User=0.01s Sys=0.00s Real=0.00s
[2026-09-07T10:43:27.732+0900][11.055s][info][safepoint   ] Safepoint "G1CollectForAllocation", Time since last: 79416166 ns, Reaching safepoint: 1375 ns, Cleanup: 584 ns, At safepoint: 509083 ns, Leaving safepoint: 1000 ns, Total: 512042 ns
[2026-09-07T10:43:27.811+0900][11.133s][info][gc,start    ] GC(141) Pause Young (Normal) (G1 Evacuation Pause)
[2026-09-07T10:43:27.811+0900][11.134s][info][gc,task     ] GC(141) Using 9 workers of 9 for evacuation
[2026-09-07T10:43:27.811+0900][11.134s][info][gc,phases   ] GC(141)   Pre Evacuate Collection Set: 0.07ms
[2026-09-07T10:43:27.811+0900][11.134s][info][gc,phases   ] GC(141)   Merge Heap Roots: 0.02ms
[2026-09-07T10:43:27.811+0900][11.134s][info][gc,phases   ] GC(141)   Evacuate Collection Set: 0.30ms
[2026-09-07T10:43:27.811+0900][11.134s][info][gc,phases   ] GC(141)   Post Evacuate Collection Set: 0.12ms
[2026-09-07T10:43:27.811+0900][11.134s][info][gc,phases   ] GC(141)   Other: 0.01ms
[2026-09-07T10:43:27.811+0900][11.134s][info][gc,heap     ] GC(141) Eden regions: 102->0(102)
[2026-09-07T10:43:27.811+0900][11.134s][info][gc,heap     ] GC(141) Survivor regions: 2->2(13)
[2026-09-07T10:43:27.811+0900][11.134s][info][gc,heap     ] GC(141) Old regions: 74->74
[2026-09-07T10:43:27.811+0900][11.134s][info][gc,heap     ] GC(141) Humongous regions: 2->2
[2026-09-07T10:43:27.811+0900][11.134s][info][gc,metaspace] GC(141) Metaspace: 23365K(23872K)->23365K(23872K) NonClass: 20546K(20800K)->20546K(20800K) Class: 2819K(3072K)->2819K(3072K)
[2026-09-07T10:43:27.811+0900][11.134s][info][gc          ] GC(141) Pause Young (Normal) (G1 Evacuation Pause) 356M->153M(380M) 0.604ms
[2026-09-07T10:43:27.811+0900][11.134s][info][gc,cpu      ] GC(141) User=0.01s Sys=0.00s Real=0.00s
[2026-09-07T10:43:27.811+0900][11.134s][info][safepoint   ] Safepoint "G1CollectForAllocation", Time since last: 78135458 ns, Reaching safepoint: 1000 ns, Cleanup: 4875 ns, At safepoint: 617209 ns, Leaving safepoint: 958 ns, Total: 624042 ns
[2026-09-07T10:43:27.889+0900][11.212s][info][gc,start    ] GC(142) Pause Young (Normal) (G1 Evacuation Pause)
[2026-09-07T10:43:27.889+0900][11.212s][info][gc,task     ] GC(142) Using 9 workers of 9 for evacuation
[2026-09-07T10:43:27.890+0900][11.213s][info][gc,phases   ] GC(142)   Pre Evacuate Collection Set: 0.08ms
[2026-09-07T10:43:27.890+0900][11.213s][info][gc,phases   ] GC(142)   Merge Heap Roots: 0.04ms
[2026-09-07T10:43:27.890+0900][11.213s][info][gc,phases   ] GC(142)   Evacuate Collection Set: 0.35ms
[2026-09-07T10:43:27.890+0900][11.213s][info][gc,phases   ] GC(142)   Post Evacuate Collection Set: 0.12ms
[2026-09-07T10:43:27.890+0900][11.213s][info][gc,phases   ] GC(142)   Other: 0.02ms
[2026-09-07T10:43:27.890+0900][11.213s][info][gc,heap     ] GC(142) Eden regions: 102->0(102)
[2026-09-07T10:43:27.890+0900][11.213s][info][gc,heap     ] GC(142) Survivor regions: 2->2(13)
[2026-09-07T10:43:27.890+0900][11.213s][info][gc,heap     ] GC(142) Old regions: 74->74
[2026-09-07T10:43:27.890+0900][11.213s][info][gc,heap     ] GC(142) Humongous regions: 2->2
[2026-09-07T10:43:27.890+0900][11.213s][info][gc,metaspace] GC(142) Metaspace: 23365K(23872K)->23365K(23872K) NonClass: 20546K(20800K)->20546K(20800K) Class: 2819K(3072K)->2819K(3072K)
[2026-09-07T10:43:27.890+0900][11.213s][info][gc          ] GC(142) Pause Young (Normal) (G1 Evacuation Pause) 357M->154M(380M) 0.674ms
[2026-09-07T10:43:27.890+0900][11.213s][info][gc,cpu      ] GC(142) User=0.00s Sys=0.01s Real=0.01s
[2026-09-07T10:43:27.890+0900][11.213s][info][safepoint   ] Safepoint "G1CollectForAllocation", Time since last: 78289917 ns, Reaching safepoint: 958 ns, Cleanup: 750 ns, At safepoint: 691917 ns, Leaving safepoint: 791 ns, Total: 694416 ns
[2026-09-07T10:43:27.968+0900][11.291s][info][gc,start    ] GC(143) Pause Young (Normal) (G1 Evacuation Pause)
[2026-09-07T10:43:27.968+0900][11.291s][info][gc,task     ] GC(143) Using 9 workers of 9 for evacuation
[2026-09-07T10:43:27.969+0900][11.292s][info][gc,phases   ] GC(143)   Pre Evacuate Collection Set: 0.10ms
[2026-09-07T10:43:27.969+0900][11.292s][info][gc,phases   ] GC(143)   Merge Heap Roots: 0.03ms
[2026-09-07T10:43:27.969+0900][11.292s][info][gc,phases   ] GC(143)   Evacuate Collection Set: 0.44ms
[2026-09-07T10:43:27.969+0900][11.292s][info][gc,phases   ] GC(143)   Post Evacuate Collection Set: 0.13ms
[2026-09-07T10:43:27.969+0900][11.292s][info][gc,phases   ] GC(143)   Other: 0.02ms
[2026-09-07T10:43:27.969+0900][11.292s][info][gc,heap     ] GC(143) Eden regions: 102->0(101)
[2026-09-07T10:43:27.969+0900][11.292s][info][gc,heap     ] GC(143) Survivor regions: 2->3(13)
[2026-09-07T10:43:27.969+0900][11.292s][info][gc,heap     ] GC(143) Old regions: 74->74
[2026-09-07T10:43:27.969+0900][11.292s][info][gc,heap     ] GC(143) Humongous regions: 2->2
[2026-09-07T10:43:27.969+0900][11.292s][info][gc,metaspace] GC(143) Metaspace: 23365K(23872K)->23365K(23872K) NonClass: 20546K(20800K)->20546K(20800K) Class: 2819K(3072K)->2819K(3072K)
[2026-09-07T10:43:27.969+0900][11.292s][info][gc          ] GC(143) Pause Young (Normal) (G1 Evacuation Pause) 358M->156M(380M) 0.800ms
[2026-09-07T10:43:27.969+0900][11.292s][info][gc,cpu      ] GC(143) User=0.00s Sys=0.00s Real=0.00s
[2026-09-07T10:43:27.969+0900][11.292s][info][safepoint   ] Safepoint "G1CollectForAllocation", Time since last: 77830750 ns, Reaching safepoint: 1334 ns, Cleanup: 875 ns, At safepoint: 815875 ns, Leaving safepoint: 916 ns, Total: 819000 ns
[2026-09-07T10:43:28.045+0900][11.368s][info][gc,start    ] GC(144) Pause Young (Normal) (G1 Evacuation Pause)
[2026-09-07T10:43:28.045+0900][11.368s][info][gc,task     ] GC(144) Using 9 workers of 9 for evacuation
[2026-09-07T10:43:28.046+0900][11.369s][info][gc,phases   ] GC(144)   Pre Evacuate Collection Set: 0.08ms
[2026-09-07T10:43:28.046+0900][11.369s][info][gc,phases   ] GC(144)   Merge Heap Roots: 0.04ms
[2026-09-07T10:43:28.046+0900][11.369s][info][gc,phases   ] GC(144)   Evacuate Collection Set: 0.18ms
[2026-09-07T10:43:28.046+0900][11.369s][info][gc,phases   ] GC(144)   Post Evacuate Collection Set: 0.10ms
[2026-09-07T10:43:28.046+0900][11.369s][info][gc,phases   ] GC(144)   Other: 0.02ms
[2026-09-07T10:43:28.046+0900][11.369s][info][gc,heap     ] GC(144) Eden regions: 101->0(103)
[2026-09-07T10:43:28.046+0900][11.369s][info][gc,heap     ] GC(144) Survivor regions: 3->1(13)
[2026-09-07T10:43:28.046+0900][11.369s][info][gc,heap     ] GC(144) Old regions: 74->74
[2026-09-07T10:43:28.046+0900][11.369s][info][gc,heap     ] GC(144) Humongous regions: 2->2
[2026-09-07T10:43:28.046+0900][11.369s][info][gc,metaspace] GC(144) Metaspace: 23365K(23872K)->23365K(23872K) NonClass: 20546K(20800K)->20546K(20800K) Class: 2819K(3072K)->2819K(3072K)
[2026-09-07T10:43:28.046+0900][11.369s][info][gc          ] GC(144) Pause Young (Normal) (G1 Evacuation Pause) 358M->152M(380M) 0.490ms
[2026-09-07T10:43:28.046+0900][11.369s][info][gc,cpu      ] GC(144) User=0.00s Sys=0.00s Real=0.00s
[2026-09-07T10:43:28.046+0900][11.369s][info][safepoint   ] Safepoint "G1CollectForAllocation", Time since last: 76426667 ns, Reaching safepoint: 1417 ns, Cleanup: 666 ns, At safepoint: 503917 ns, Leaving safepoint: 792 ns, Total: 506792 ns
[2026-09-07T10:43:28.125+0900][11.448s][info][gc,start    ] GC(145) Pause Young (Normal) (G1 Evacuation Pause)
[2026-09-07T10:43:28.125+0900][11.448s][info][gc,task     ] GC(145) Using 9 workers of 9 for evacuation
[2026-09-07T10:43:28.126+0900][11.449s][info][gc,phases   ] GC(145)   Pre Evacuate Collection Set: 0.08ms
[2026-09-07T10:43:28.126+0900][11.449s][info][gc,phases   ] GC(145)   Merge Heap Roots: 0.03ms
[2026-09-07T10:43:28.126+0900][11.449s][info][gc,phases   ] GC(145)   Evacuate Collection Set: 0.27ms
[2026-09-07T10:43:28.126+0900][11.449s][info][gc,phases   ] GC(145)   Post Evacuate Collection Set: 0.12ms
[2026-09-07T10:43:28.126+0900][11.449s][info][gc,phases   ] GC(145)   Other: 0.02ms
[2026-09-07T10:43:28.126+0900][11.449s][info][gc,heap     ] GC(145) Eden regions: 103->0(102)
[2026-09-07T10:43:28.126+0900][11.449s][info][gc,heap     ] GC(145) Survivor regions: 1->2(13)
[2026-09-07T10:43:28.126+0900][11.449s][info][gc,heap     ] GC(145) Old regions: 74->74
[2026-09-07T10:43:28.126+0900][11.449s][info][gc,heap     ] GC(145) Humongous regions: 2->2
[2026-09-07T10:43:28.126+0900][11.449s][info][gc,metaspace] GC(145) Metaspace: 23365K(23872K)->23365K(23872K) NonClass: 20546K(20800K)->20546K(20800K) Class: 2819K(3072K)->2819K(3072K)
[2026-09-07T10:43:28.126+0900][11.449s][info][gc          ] GC(145) Pause Young (Normal) (G1 Evacuation Pause) 358M->153M(380M) 0.590ms
[2026-09-07T10:43:28.126+0900][11.449s][info][gc,cpu      ] GC(145) User=0.00s Sys=0.00s Real=0.00s
[2026-09-07T10:43:28.126+0900][11.449s][info][safepoint   ] Safepoint "G1CollectForAllocation", Time since last: 79685291 ns, Reaching safepoint: 1084 ns, Cleanup: 1000 ns, At safepoint: 605208 ns, Leaving safepoint: 1000 ns, Total: 608292 ns
[2026-09-07T10:43:28.203+0900][11.526s][info][gc,start    ] GC(146) Pause Young (Normal) (G1 Evacuation Pause)
[2026-09-07T10:43:28.203+0900][11.526s][info][gc,task     ] GC(146) Using 9 workers of 9 for evacuation
[2026-09-07T10:43:28.203+0900][11.526s][info][gc,phases   ] GC(146)   Pre Evacuate Collection Set: 0.07ms
[2026-09-07T10:43:28.203+0900][11.526s][info][gc,phases   ] GC(146)   Merge Heap Roots: 0.02ms
[2026-09-07T10:43:28.203+0900][11.526s][info][gc,phases   ] GC(146)   Evacuate Collection Set: 0.34ms
[2026-09-07T10:43:28.203+0900][11.526s][info][gc,phases   ] GC(146)   Post Evacuate Collection Set: 0.11ms
[2026-09-07T10:43:28.203+0900][11.526s][info][gc,phases   ] GC(146)   Other: 0.02ms
[2026-09-07T10:43:28.203+0900][11.526s][info][gc,heap     ] GC(146) Eden regions: 102->0(102)
[2026-09-07T10:43:28.203+0900][11.526s][info][gc,heap     ] GC(146) Survivor regions: 2->2(13)
[2026-09-07T10:43:28.203+0900][11.526s][info][gc,heap     ] GC(146) Old regions: 74->74
[2026-09-07T10:43:28.203+0900][11.526s][info][gc,heap     ] GC(146) Humongous regions: 2->2
[2026-09-07T10:43:28.203+0900][11.526s][info][gc,metaspace] GC(146) Metaspace: 23365K(23872K)->23365K(23872K) NonClass: 20546K(20800K)->20546K(20800K) Class: 2819K(3072K)->2819K(3072K)
[2026-09-07T10:43:28.203+0900][11.526s][info][gc          ] GC(146) Pause Young (Normal) (G1 Evacuation Pause) 357M->154M(380M) 0.630ms
[2026-09-07T10:43:28.203+0900][11.526s][info][gc,cpu      ] GC(146) User=0.00s Sys=0.00s Real=0.00s
[2026-09-07T10:43:28.203+0900][11.526s][info][safepoint   ] Safepoint "G1CollectForAllocation", Time since last: 76640458 ns, Reaching safepoint: 1209 ns, Cleanup: 2125 ns, At safepoint: 643708 ns, Leaving safepoint: 1333 ns, Total: 648375 ns
[2026-09-07T10:43:28.281+0900][11.604s][info][gc,start    ] GC(147) Pause Young (Normal) (G1 Evacuation Pause)
[2026-09-07T10:43:28.281+0900][11.604s][info][gc,task     ] GC(147) Using 9 workers of 9 for evacuation
[2026-09-07T10:43:28.282+0900][11.605s][info][gc,phases   ] GC(147)   Pre Evacuate Collection Set: 0.07ms
[2026-09-07T10:43:28.282+0900][11.605s][info][gc,phases   ] GC(147)   Merge Heap Roots: 0.03ms
[2026-09-07T10:43:28.282+0900][11.605s][info][gc,phases   ] GC(147)   Evacuate Collection Set: 0.39ms
[2026-09-07T10:43:28.282+0900][11.605s][info][gc,phases   ] GC(147)   Post Evacuate Collection Set: 0.11ms
[2026-09-07T10:43:28.282+0900][11.605s][info][gc,phases   ] GC(147)   Other: 0.02ms
[2026-09-07T10:43:28.282+0900][11.605s][info][gc,heap     ] GC(147) Eden regions: 102->0(101)
[2026-09-07T10:43:28.282+0900][11.605s][info][gc,heap     ] GC(147) Survivor regions: 2->3(13)
[2026-09-07T10:43:28.282+0900][11.605s][info][gc,heap     ] GC(147) Old regions: 74->74
[2026-09-07T10:43:28.282+0900][11.605s][info][gc,heap     ] GC(147) Humongous regions: 2->2
[2026-09-07T10:43:28.282+0900][11.605s][info][gc,metaspace] GC(147) Metaspace: 23365K(23872K)->23365K(23872K) NonClass: 20546K(20800K)->20546K(20800K) Class: 2819K(3072K)->2819K(3072K)
[2026-09-07T10:43:28.282+0900][11.605s][info][gc          ] GC(147) Pause Young (Normal) (G1 Evacuation Pause) 358M->155M(380M) 0.690ms
[2026-09-07T10:43:28.282+0900][11.605s][info][gc,cpu      ] GC(147) User=0.00s Sys=0.00s Real=0.00s
[2026-09-07T10:43:28.282+0900][11.605s][info][safepoint   ] Safepoint "G1CollectForAllocation", Time since last: 78057375 ns, Reaching safepoint: 792 ns, Cleanup: 875 ns, At safepoint: 706000 ns, Leaving safepoint: 875 ns, Total: 708542 ns
[2026-09-07T10:43:28.359+0900][11.682s][info][gc,start    ] GC(148) Pause Young (Normal) (G1 Evacuation Pause)
[2026-09-07T10:43:28.359+0900][11.682s][info][gc,task     ] GC(148) Using 9 workers of 9 for evacuation
[2026-09-07T10:43:28.360+0900][11.683s][info][gc,phases   ] GC(148)   Pre Evacuate Collection Set: 0.07ms
[2026-09-07T10:43:28.360+0900][11.683s][info][gc,phases   ] GC(148)   Merge Heap Roots: 0.02ms
[2026-09-07T10:43:28.360+0900][11.683s][info][gc,phases   ] GC(148)   Evacuate Collection Set: 0.43ms
[2026-09-07T10:43:28.360+0900][11.683s][info][gc,phases   ] GC(148)   Post Evacuate Collection Set: 0.13ms
[2026-09-07T10:43:28.360+0900][11.683s][info][gc,phases   ] GC(148)   Other: 0.02ms
[2026-09-07T10:43:28.360+0900][11.683s][info][gc,heap     ] GC(148) Eden regions: 101->0(101)
[2026-09-07T10:43:28.360+0900][11.683s][info][gc,heap     ] GC(148) Survivor regions: 3->3(13)
[2026-09-07T10:43:28.360+0900][11.683s][info][gc,heap     ] GC(148) Old regions: 74->74
[2026-09-07T10:43:28.360+0900][11.683s][info][gc,heap     ] GC(148) Humongous regions: 2->2
[2026-09-07T10:43:28.360+0900][11.683s][info][gc,metaspace] GC(148) Metaspace: 23365K(23872K)->23365K(23872K) NonClass: 20546K(20800K)->20546K(20800K) Class: 2819K(3072K)->2819K(3072K)
[2026-09-07T10:43:28.360+0900][11.683s][info][gc          ] GC(148) Pause Young (Normal) (G1 Evacuation Pause) 357M->156M(380M) 0.733ms
[2026-09-07T10:43:28.360+0900][11.683s][info][gc,cpu      ] GC(148) User=0.00s Sys=0.00s Real=0.01s
[2026-09-07T10:43:28.360+0900][11.683s][info][safepoint   ] Safepoint "G1CollectForAllocation", Time since last: 77051042 ns, Reaching safepoint: 1333 ns, Cleanup: 750 ns, At safepoint: 747250 ns, Leaving safepoint: 1042 ns, Total: 750375 ns
[2026-09-07T10:43:28.438+0900][11.761s][info][gc,start    ] GC(149) Pause Young (Normal) (G1 Evacuation Pause)
[2026-09-07T10:43:28.438+0900][11.761s][info][gc,task     ] GC(149) Using 9 workers of 9 for evacuation
[2026-09-07T10:43:28.439+0900][11.762s][info][gc,phases   ] GC(149)   Pre Evacuate Collection Set: 0.08ms
[2026-09-07T10:43:28.439+0900][11.762s][info][gc,phases   ] GC(149)   Merge Heap Roots: 0.02ms
[2026-09-07T10:43:28.439+0900][11.762s][info][gc,phases   ] GC(149)   Evacuate Collection Set: 0.17ms
[2026-09-07T10:43:28.439+0900][11.762s][info][gc,phases   ] GC(149)   Post Evacuate Collection Set: 0.12ms
[2026-09-07T10:43:28.439+0900][11.762s][info][gc,phases   ] GC(149)   Other: 0.02ms
[2026-09-07T10:43:28.439+0900][11.762s][info][gc,heap     ] GC(149) Eden regions: 101->0(103)
[2026-09-07T10:43:28.439+0900][11.762s][info][gc,heap     ] GC(149) Survivor regions: 3->1(13)
[2026-09-07T10:43:28.439+0900][11.762s][info][gc,heap     ] GC(149) Old regions: 74->74
[2026-09-07T10:43:28.439+0900][11.762s][info][gc,heap     ] GC(149) Humongous regions: 2->2
[2026-09-07T10:43:28.439+0900][11.762s][info][gc,metaspace] GC(149) Metaspace: 23365K(23872K)->23365K(23872K) NonClass: 20546K(20800K)->20546K(20800K) Class: 2819K(3072K)->2819K(3072K)
[2026-09-07T10:43:28.439+0900][11.762s][info][gc          ] GC(149) Pause Young (Normal) (G1 Evacuation Pause) 358M->152M(380M) 0.486ms
[2026-09-07T10:43:28.439+0900][11.762s][info][gc,cpu      ] GC(149) User=0.01s Sys=0.00s Real=0.00s
[2026-09-07T10:43:28.439+0900][11.762s][info][safepoint   ] Safepoint "G1CollectForAllocation", Time since last: 78427375 ns, Reaching safepoint: 1416 ns, Cleanup: 4959 ns, At safepoint: 500583 ns, Leaving safepoint: 958 ns, Total: 507916 ns
[2026-09-07T10:43:28.517+0900][11.840s][info][gc,start    ] GC(150) Pause Young (Normal) (G1 Evacuation Pause)
[2026-09-07T10:43:28.517+0900][11.840s][info][gc,task     ] GC(150) Using 9 workers of 9 for evacuation
[2026-09-07T10:43:28.518+0900][11.841s][info][gc,phases   ] GC(150)   Pre Evacuate Collection Set: 0.08ms
[2026-09-07T10:43:28.518+0900][11.841s][info][gc,phases   ] GC(150)   Merge Heap Roots: 0.04ms
[2026-09-07T10:43:28.518+0900][11.841s][info][gc,phases   ] GC(150)   Evacuate Collection Set: 0.26ms
[2026-09-07T10:43:28.518+0900][11.841s][info][gc,phases   ] GC(150)   Post Evacuate Collection Set: 0.11ms
[2026-09-07T10:43:28.518+0900][11.841s][info][gc,phases   ] GC(150)   Other: 0.02ms
[2026-09-07T10:43:28.518+0900][11.841s][info][gc,heap     ] GC(150) Eden regions: 103->0(102)
[2026-09-07T10:43:28.518+0900][11.841s][info][gc,heap     ] GC(150) Survivor regions: 1->2(13)
[2026-09-07T10:43:28.518+0900][11.841s][info][gc,heap     ] GC(150) Old regions: 74->74
[2026-09-07T10:43:28.518+0900][11.841s][info][gc,heap     ] GC(150) Humongous regions: 2->2
[2026-09-07T10:43:28.518+0900][11.841s][info][gc,metaspace] GC(150) Metaspace: 23365K(23872K)->23365K(23872K) NonClass: 20546K(20800K)->20546K(20800K) Class: 2819K(3072K)->2819K(3072K)
[2026-09-07T10:43:28.518+0900][11.841s][info][gc          ] GC(150) Pause Young (Normal) (G1 Evacuation Pause) 358M->153M(380M) 0.577ms
[2026-09-07T10:43:28.518+0900][11.841s][info][gc,cpu      ] GC(150) User=0.01s Sys=0.00s Real=0.00s
[2026-09-07T10:43:28.518+0900][11.841s][info][safepoint   ] Safepoint "G1CollectForAllocation", Time since last: 78463500 ns, Reaching safepoint: 1084 ns, Cleanup: 625 ns, At safepoint: 590625 ns, Leaving safepoint: 916 ns, Total: 593250 ns
[2026-09-07T10:43:28.596+0900][11.919s][info][gc,start    ] GC(151) Pause Young (Normal) (G1 Evacuation Pause)
[2026-09-07T10:43:28.596+0900][11.919s][info][gc,task     ] GC(151) Using 9 workers of 9 for evacuation
[2026-09-07T10:43:28.597+0900][11.920s][info][gc,phases   ] GC(151)   Pre Evacuate Collection Set: 0.07ms
[2026-09-07T10:43:28.597+0900][11.920s][info][gc,phases   ] GC(151)   Merge Heap Roots: 0.02ms
[2026-09-07T10:43:28.597+0900][11.920s][info][gc,phases   ] GC(151)   Evacuate Collection Set: 0.32ms
[2026-09-07T10:43:28.597+0900][11.920s][info][gc,phases   ] GC(151)   Post Evacuate Collection Set: 0.12ms
[2026-09-07T10:43:28.597+0900][11.920s][info][gc,phases   ] GC(151)   Other: 0.02ms
[2026-09-07T10:43:28.597+0900][11.920s][info][gc,heap     ] GC(151) Eden regions: 102->0(102)
[2026-09-07T10:43:28.597+0900][11.920s][info][gc,heap     ] GC(151) Survivor regions: 2->2(13)
[2026-09-07T10:43:28.597+0900][11.920s][info][gc,heap     ] GC(151) Old regions: 74->74
[2026-09-07T10:43:28.597+0900][11.920s][info][gc,heap     ] GC(151) Humongous regions: 2->2
[2026-09-07T10:43:28.597+0900][11.920s][info][gc,metaspace] GC(151) Metaspace: 23365K(23872K)->23365K(23872K) NonClass: 20546K(20800K)->20546K(20800K) Class: 2819K(3072K)->2819K(3072K)
[2026-09-07T10:43:28.597+0900][11.920s][info][gc          ] GC(151) Pause Young (Normal) (G1 Evacuation Pause) 357M->154M(380M) 0.623ms
[2026-09-07T10:43:28.597+0900][11.920s][info][gc,cpu      ] GC(151) User=0.01s Sys=0.00s Real=0.00s
[2026-09-07T10:43:28.597+0900][11.920s][info][safepoint   ] Safepoint "G1CollectForAllocation", Time since last: 78239709 ns, Reaching safepoint: 1208 ns, Cleanup: 792 ns, At safepoint: 635750 ns, Leaving safepoint: 1208 ns, Total: 638958 ns
[2026-09-07T10:43:28.674+0900][11.997s][info][gc,start    ] GC(152) Pause Young (Normal) (G1 Evacuation Pause)
[2026-09-07T10:43:28.675+0900][11.997s][info][gc,task     ] GC(152) Using 9 workers of 9 for evacuation
[2026-09-07T10:43:28.675+0900][11.998s][info][gc,phases   ] GC(152)   Pre Evacuate Collection Set: 0.08ms
[2026-09-07T10:43:28.675+0900][11.998s][info][gc,phases   ] GC(152)   Merge Heap Roots: 0.02ms
[2026-09-07T10:43:28.675+0900][11.998s][info][gc,phases   ] GC(152)   Evacuate Collection Set: 0.44ms
[2026-09-07T10:43:28.675+0900][11.998s][info][gc,phases   ] GC(152)   Post Evacuate Collection Set: 0.11ms
[2026-09-07T10:43:28.675+0900][11.998s][info][gc,phases   ] GC(152)   Other: 0.02ms
[2026-09-07T10:43:28.675+0900][11.998s][info][gc,heap     ] GC(152) Eden regions: 102->0(101)
[2026-09-07T10:43:28.675+0900][11.998s][info][gc,heap     ] GC(152) Survivor regions: 2->3(13)
[2026-09-07T10:43:28.675+0900][11.998s][info][gc,heap     ] GC(152) Old regions: 74->74
[2026-09-07T10:43:28.675+0900][11.998s][info][gc,heap     ] GC(152) Humongous regions: 2->2
[2026-09-07T10:43:28.675+0900][11.998s][info][gc,metaspace] GC(152) Metaspace: 23365K(23872K)->23365K(23872K) NonClass: 20546K(20800K)->20546K(20800K) Class: 2819K(3072K)->2819K(3072K)
[2026-09-07T10:43:28.675+0900][11.998s][info][gc          ] GC(152) Pause Young (Normal) (G1 Evacuation Pause) 358M->155M(380M) 0.741ms
[2026-09-07T10:43:28.675+0900][11.998s][info][gc,cpu      ] GC(152) User=0.00s Sys=0.00s Real=0.00s
[2026-09-07T10:43:28.675+0900][11.998s][info][safepoint   ] Safepoint "G1CollectForAllocation", Time since last: 77736042 ns, Reaching safepoint: 1208 ns, Cleanup: 667 ns, At safepoint: 755083 ns, Leaving safepoint: 958 ns, Total: 757916 ns
[2026-09-07T10:43:28.752+0900][12.075s][info][gc,start    ] GC(153) Pause Young (Normal) (G1 Evacuation Pause)
[2026-09-07T10:43:28.752+0900][12.075s][info][gc,task     ] GC(153) Using 9 workers of 9 for evacuation
[2026-09-07T10:43:28.753+0900][12.076s][info][gc,phases   ] GC(153)   Pre Evacuate Collection Set: 0.08ms
[2026-09-07T10:43:28.753+0900][12.076s][info][gc,phases   ] GC(153)   Merge Heap Roots: 0.02ms
[2026-09-07T10:43:28.753+0900][12.076s][info][gc,phases   ] GC(153)   Evacuate Collection Set: 0.46ms
[2026-09-07T10:43:28.753+0900][12.076s][info][gc,phases   ] GC(153)   Post Evacuate Collection Set: 0.11ms
[2026-09-07T10:43:28.753+0900][12.076s][info][gc,phases   ] GC(153)   Other: 0.02ms
[2026-09-07T10:43:28.753+0900][12.076s][info][gc,heap     ] GC(153) Eden regions: 101->0(101)
[2026-09-07T10:43:28.753+0900][12.076s][info][gc,heap     ] GC(153) Survivor regions: 3->3(13)
[2026-09-07T10:43:28.753+0900][12.076s][info][gc,heap     ] GC(153) Old regions: 74->74
[2026-09-07T10:43:28.753+0900][12.076s][info][gc,heap     ] GC(153) Humongous regions: 2->2
[2026-09-07T10:43:28.753+0900][12.076s][info][gc,metaspace] GC(153) Metaspace: 23365K(23872K)->23365K(23872K) NonClass: 20546K(20800K)->20546K(20800K) Class: 2819K(3072K)->2819K(3072K)
[2026-09-07T10:43:28.753+0900][12.076s][info][gc          ] GC(153) Pause Young (Normal) (G1 Evacuation Pause) 357M->156M(380M) 0.766ms
[2026-09-07T10:43:28.753+0900][12.076s][info][gc,cpu      ] GC(153) User=0.00s Sys=0.00s Real=0.00s
[2026-09-07T10:43:28.753+0900][12.076s][info][safepoint   ] Safepoint "G1CollectForAllocation", Time since last: 76935792 ns, Reaching safepoint: 1208 ns, Cleanup: 2417 ns, At safepoint: 781375 ns, Leaving safepoint: 1167 ns, Total: 786167 ns
[2026-09-07T10:43:28.830+0900][12.153s][info][gc,start    ] GC(154) Pause Young (Normal) (G1 Evacuation Pause)
[2026-09-07T10:43:28.830+0900][12.153s][info][gc,task     ] GC(154) Using 9 workers of 9 for evacuation
[2026-09-07T10:43:28.831+0900][12.154s][info][gc,phases   ] GC(154)   Pre Evacuate Collection Set: 0.07ms
[2026-09-07T10:43:28.831+0900][12.154s][info][gc,phases   ] GC(154)   Merge Heap Roots: 0.02ms
[2026-09-07T10:43:28.831+0900][12.154s][info][gc,phases   ] GC(154)   Evacuate Collection Set: 0.23ms
[2026-09-07T10:43:28.831+0900][12.154s][info][gc,phases   ] GC(154)   Post Evacuate Collection Set: 0.12ms
[2026-09-07T10:43:28.831+0900][12.154s][info][gc,phases   ] GC(154)   Other: 0.02ms
[2026-09-07T10:43:28.831+0900][12.154s][info][gc,heap     ] GC(154) Eden regions: 101->0(103)
[2026-09-07T10:43:28.831+0900][12.154s][info][gc,heap     ] GC(154) Survivor regions: 3->1(13)
[2026-09-07T10:43:28.831+0900][12.154s][info][gc,heap     ] GC(154) Old regions: 74->74
[2026-09-07T10:43:28.831+0900][12.154s][info][gc,heap     ] GC(154) Humongous regions: 2->2
[2026-09-07T10:43:28.831+0900][12.154s][info][gc,metaspace] GC(154) Metaspace: 23365K(23872K)->23365K(23872K) NonClass: 20546K(20800K)->20546K(20800K) Class: 2819K(3072K)->2819K(3072K)
[2026-09-07T10:43:28.831+0900][12.154s][info][gc          ] GC(154) Pause Young (Normal) (G1 Evacuation Pause) 358M->153M(380M) 0.545ms
[2026-09-07T10:43:28.831+0900][12.154s][info][gc,cpu      ] GC(154) User=0.00s Sys=0.01s Real=0.00s
[2026-09-07T10:43:28.831+0900][12.154s][info][safepoint   ] Safepoint "G1CollectForAllocation", Time since last: 77131291 ns, Reaching safepoint: 1167 ns, Cleanup: 875 ns, At safepoint: 559292 ns, Leaving safepoint: 1250 ns, Total: 562584 ns
[2026-09-07T10:43:28.909+0900][12.232s][info][gc,start    ] GC(155) Pause Young (Normal) (G1 Evacuation Pause)
[2026-09-07T10:43:28.909+0900][12.232s][info][gc,task     ] GC(155) Using 9 workers of 9 for evacuation
[2026-09-07T10:43:28.910+0900][12.233s][info][gc,phases   ] GC(155)   Pre Evacuate Collection Set: 0.09ms
[2026-09-07T10:43:28.910+0900][12.233s][info][gc,phases   ] GC(155)   Merge Heap Roots: 0.02ms
[2026-09-07T10:43:28.910+0900][12.233s][info][gc,phases   ] GC(155)   Evacuate Collection Set: 0.30ms
[2026-09-07T10:43:28.910+0900][12.233s][info][gc,phases   ] GC(155)   Post Evacuate Collection Set: 0.10ms
[2026-09-07T10:43:28.910+0900][12.233s][info][gc,phases   ] GC(155)   Other: 0.02ms
[2026-09-07T10:43:28.910+0900][12.233s][info][gc,heap     ] GC(155) Eden regions: 103->0(102)
[2026-09-07T10:43:28.910+0900][12.233s][info][gc,heap     ] GC(155) Survivor regions: 1->2(13)
[2026-09-07T10:43:28.910+0900][12.233s][info][gc,heap     ] GC(155) Old regions: 74->74
[2026-09-07T10:43:28.910+0900][12.233s][info][gc,heap     ] GC(155) Humongous regions: 2->2
[2026-09-07T10:43:28.910+0900][12.233s][info][gc,metaspace] GC(155) Metaspace: 23365K(23872K)->23365K(23872K) NonClass: 20546K(20800K)->20546K(20800K) Class: 2819K(3072K)->2819K(3072K)
[2026-09-07T10:43:28.910+0900][12.233s][info][gc          ] GC(155) Pause Young (Normal) (G1 Evacuation Pause) 359M->153M(380M) 0.595ms
[2026-09-07T10:43:28.910+0900][12.233s][info][gc,cpu      ] GC(155) User=0.00s Sys=0.00s Real=0.01s
[2026-09-07T10:43:28.910+0900][12.233s][info][safepoint   ] Safepoint "G1CollectForAllocation", Time since last: 78439916 ns, Reaching safepoint: 1167 ns, Cleanup: 667 ns, At safepoint: 610500 ns, Leaving safepoint: 916 ns, Total: 613250 ns
[2026-09-07T10:43:28.989+0900][12.312s][info][gc,start    ] GC(156) Pause Young (Normal) (G1 Evacuation Pause)
[2026-09-07T10:43:28.989+0900][12.312s][info][gc,task     ] GC(156) Using 9 workers of 9 for evacuation
[2026-09-07T10:43:28.990+0900][12.313s][info][gc,phases   ] GC(156)   Pre Evacuate Collection Set: 0.06ms
[2026-09-07T10:43:28.990+0900][12.313s][info][gc,phases   ] GC(156)   Merge Heap Roots: 0.05ms
[2026-09-07T10:43:28.990+0900][12.313s][info][gc,phases   ] GC(156)   Evacuate Collection Set: 0.36ms
[2026-09-07T10:43:28.990+0900][12.313s][info][gc,phases   ] GC(156)   Post Evacuate Collection Set: 0.12ms
[2026-09-07T10:43:28.990+0900][12.313s][info][gc,phases   ] GC(156)   Other: 0.02ms
[2026-09-07T10:43:28.990+0900][12.313s][info][gc,heap     ] GC(156) Eden regions: 102->0(102)
[2026-09-07T10:43:28.990+0900][12.313s][info][gc,heap     ] GC(156) Survivor regions: 2->2(13)
[2026-09-07T10:43:28.990+0900][12.313s][info][gc,heap     ] GC(156) Old regions: 74->74
[2026-09-07T10:43:28.990+0900][12.313s][info][gc,heap     ] GC(156) Humongous regions: 2->2
[2026-09-07T10:43:28.990+0900][12.313s][info][gc,metaspace] GC(156) Metaspace: 23365K(23872K)->23365K(23872K) NonClass: 20546K(20800K)->20546K(20800K) Class: 2819K(3072K)->2819K(3072K)
[2026-09-07T10:43:28.990+0900][12.313s][info][gc          ] GC(156) Pause Young (Normal) (G1 Evacuation Pause) 357M->154M(380M) 0.689ms
[2026-09-07T10:43:28.990+0900][12.313s][info][gc,cpu      ] GC(156) User=0.00s Sys=0.00s Real=0.01s
[2026-09-07T10:43:28.990+0900][12.313s][info][safepoint   ] Safepoint "G1CollectForAllocation", Time since last: 79292375 ns, Reaching safepoint: 1750 ns, Cleanup: 4792 ns, At safepoint: 704542 ns, Leaving safepoint: 1041 ns, Total: 712125 ns
[2026-09-07T10:43:29.067+0900][12.390s][info][gc,start    ] GC(157) Pause Young (Normal) (G1 Evacuation Pause)
[2026-09-07T10:43:29.067+0900][12.390s][info][gc,task     ] GC(157) Using 9 workers of 9 for evacuation
[2026-09-07T10:43:29.068+0900][12.391s][info][gc,phases   ] GC(157)   Pre Evacuate Collection Set: 0.07ms
[2026-09-07T10:43:29.068+0900][12.391s][info][gc,phases   ] GC(157)   Merge Heap Roots: 0.02ms
[2026-09-07T10:43:29.068+0900][12.391s][info][gc,phases   ] GC(157)   Evacuate Collection Set: 0.40ms
[2026-09-07T10:43:29.068+0900][12.391s][info][gc,phases   ] GC(157)   Post Evacuate Collection Set: 0.12ms
[2026-09-07T10:43:29.068+0900][12.391s][info][gc,phases   ] GC(157)   Other: 0.02ms
[2026-09-07T10:43:29.068+0900][12.391s][info][gc,heap     ] GC(157) Eden regions: 102->0(101)
[2026-09-07T10:43:29.068+0900][12.391s][info][gc,heap     ] GC(157) Survivor regions: 2->3(13)
[2026-09-07T10:43:29.068+0900][12.391s][info][gc,heap     ] GC(157) Old regions: 74->74
[2026-09-07T10:43:29.068+0900][12.391s][info][gc,heap     ] GC(157) Humongous regions: 2->2
[2026-09-07T10:43:29.068+0900][12.391s][info][gc,metaspace] GC(157) Metaspace: 23365K(23872K)->23365K(23872K) NonClass: 20546K(20800K)->20546K(20800K) Class: 2819K(3072K)->2819K(3072K)
[2026-09-07T10:43:29.068+0900][12.391s][info][gc          ] GC(157) Pause Young (Normal) (G1 Evacuation Pause) 358M->155M(380M) 0.701ms
[2026-09-07T10:43:29.068+0900][12.391s][info][gc,cpu      ] GC(157) User=0.00s Sys=0.00s Real=0.00s
[2026-09-07T10:43:29.068+0900][12.391s][info][safepoint   ] Safepoint "G1CollectForAllocation", Time since last: 77299625 ns, Reaching safepoint: 1000 ns, Cleanup: 792 ns, At safepoint: 715708 ns, Leaving safepoint: 750 ns, Total: 718250 ns
[2026-09-07T10:43:29.145+0900][12.468s][info][gc,start    ] GC(158) Pause Young (Normal) (G1 Evacuation Pause)
[2026-09-07T10:43:29.146+0900][12.468s][info][gc,task     ] GC(158) Using 9 workers of 9 for evacuation
[2026-09-07T10:43:29.146+0900][12.469s][info][gc,phases   ] GC(158)   Pre Evacuate Collection Set: 0.08ms
[2026-09-07T10:43:29.146+0900][12.469s][info][gc,phases   ] GC(158)   Merge Heap Roots: 0.02ms
[2026-09-07T10:43:29.146+0900][12.469s][info][gc,phases   ] GC(158)   Evacuate Collection Set: 0.18ms
[2026-09-07T10:43:29.146+0900][12.469s][info][gc,phases   ] GC(158)   Post Evacuate Collection Set: 0.12ms
[2026-09-07T10:43:29.146+0900][12.469s][info][gc,phases   ] GC(158)   Other: 0.02ms
[2026-09-07T10:43:29.146+0900][12.469s][info][gc,heap     ] GC(158) Eden regions: 101->0(103)
[2026-09-07T10:43:29.146+0900][12.469s][info][gc,heap     ] GC(158) Survivor regions: 3->1(13)
[2026-09-07T10:43:29.146+0900][12.469s][info][gc,heap     ] GC(158) Old regions: 74->74
[2026-09-07T10:43:29.146+0900][12.469s][info][gc,heap     ] GC(158) Humongous regions: 2->2
[2026-09-07T10:43:29.146+0900][12.469s][info][gc,metaspace] GC(158) Metaspace: 23365K(23872K)->23365K(23872K) NonClass: 20546K(20800K)->20546K(20800K) Class: 2819K(3072K)->2819K(3072K)
[2026-09-07T10:43:29.146+0900][12.469s][info][gc          ] GC(158) Pause Young (Normal) (G1 Evacuation Pause) 357M->152M(380M) 0.499ms
[2026-09-07T10:43:29.146+0900][12.469s][info][gc,cpu      ] GC(158) User=0.00s Sys=0.00s Real=0.00s
[2026-09-07T10:43:29.146+0900][12.469s][info][safepoint   ] Safepoint "G1CollectForAllocation", Time since last: 77723792 ns, Reaching safepoint: 1042 ns, Cleanup: 3791 ns, At safepoint: 513209 ns, Leaving safepoint: 916 ns, Total: 518958 ns
[2026-09-07T10:43:29.226+0900][12.549s][info][gc,start    ] GC(159) Pause Young (Normal) (G1 Evacuation Pause)
[2026-09-07T10:43:29.226+0900][12.549s][info][gc,task     ] GC(159) Using 9 workers of 9 for evacuation
[2026-09-07T10:43:29.226+0900][12.549s][info][gc,phases   ] GC(159)   Pre Evacuate Collection Set: 0.08ms
[2026-09-07T10:43:29.226+0900][12.549s][info][gc,phases   ] GC(159)   Merge Heap Roots: 0.02ms
[2026-09-07T10:43:29.226+0900][12.549s][info][gc,phases   ] GC(159)   Evacuate Collection Set: 0.26ms
[2026-09-07T10:43:29.226+0900][12.549s][info][gc,phases   ] GC(159)   Post Evacuate Collection Set: 0.10ms
[2026-09-07T10:43:29.226+0900][12.549s][info][gc,phases   ] GC(159)   Other: 0.02ms
[2026-09-07T10:43:29.226+0900][12.549s][info][gc,heap     ] GC(159) Eden regions: 103->0(102)
[2026-09-07T10:43:29.226+0900][12.549s][info][gc,heap     ] GC(159) Survivor regions: 1->2(13)
[2026-09-07T10:43:29.226+0900][12.549s][info][gc,heap     ] GC(159) Old regions: 74->74
[2026-09-07T10:43:29.226+0900][12.549s][info][gc,heap     ] GC(159) Humongous regions: 2->2
[2026-09-07T10:43:29.226+0900][12.549s][info][gc,metaspace] GC(159) Metaspace: 23365K(23872K)->23365K(23872K) NonClass: 20546K(20800K)->20546K(20800K) Class: 2819K(3072K)->2819K(3072K)
[2026-09-07T10:43:29.226+0900][12.549s][info][gc          ] GC(159) Pause Young (Normal) (G1 Evacuation Pause) 358M->153M(380M) 0.548ms
[2026-09-07T10:43:29.226+0900][12.549s][info][gc,cpu      ] GC(159) User=0.01s Sys=0.00s Real=0.00s
[2026-09-07T10:43:29.226+0900][12.549s][info][safepoint   ] Safepoint "G1CollectForAllocation", Time since last: 79583125 ns, Reaching safepoint: 1209 ns, Cleanup: 375 ns, At safepoint: 561958 ns, Leaving safepoint: 917 ns, Total: 564459 ns
[2026-09-07T10:43:29.305+0900][12.628s][info][gc,start    ] GC(160) Pause Young (Normal) (G1 Evacuation Pause)
[2026-09-07T10:43:29.305+0900][12.628s][info][gc,task     ] GC(160) Using 9 workers of 9 for evacuation
[2026-09-07T10:43:29.305+0900][12.628s][info][gc,phases   ] GC(160)   Pre Evacuate Collection Set: 0.08ms
[2026-09-07T10:43:29.305+0900][12.628s][info][gc,phases   ] GC(160)   Merge Heap Roots: 0.03ms
[2026-09-07T10:43:29.305+0900][12.628s][info][gc,phases   ] GC(160)   Evacuate Collection Set: 0.31ms
[2026-09-07T10:43:29.305+0900][12.628s][info][gc,phases   ] GC(160)   Post Evacuate Collection Set: 0.11ms
[2026-09-07T10:43:29.305+0900][12.628s][info][gc,phases   ] GC(160)   Other: 0.02ms
[2026-09-07T10:43:29.305+0900][12.628s][info][gc,heap     ] GC(160) Eden regions: 102->0(102)
[2026-09-07T10:43:29.305+0900][12.628s][info][gc,heap     ] GC(160) Survivor regions: 2->2(13)
[2026-09-07T10:43:29.305+0900][12.628s][info][gc,heap     ] GC(160) Old regions: 74->74
[2026-09-07T10:43:29.305+0900][12.628s][info][gc,heap     ] GC(160) Humongous regions: 2->2
[2026-09-07T10:43:29.305+0900][12.628s][info][gc,metaspace] GC(160) Metaspace: 23365K(23872K)->23365K(23872K) NonClass: 20546K(20800K)->20546K(20800K) Class: 2819K(3072K)->2819K(3072K)
[2026-09-07T10:43:29.305+0900][12.628s][info][gc          ] GC(160) Pause Young (Normal) (G1 Evacuation Pause) 357M->154M(380M) 0.623ms
[2026-09-07T10:43:29.305+0900][12.628s][info][gc,cpu      ] GC(160) User=0.01s Sys=0.00s Real=0.00s
[2026-09-07T10:43:29.305+0900][12.628s][info][safepoint   ] Safepoint "G1CollectForAllocation", Time since last: 78651708 ns, Reaching safepoint: 1208 ns, Cleanup: 1875 ns, At safepoint: 637167 ns, Leaving safepoint: 1458 ns, Total: 641708 ns
[2026-09-07T10:43:29.385+0900][12.708s][info][gc,start    ] GC(161) Pause Young (Normal) (G1 Evacuation Pause)
[2026-09-07T10:43:29.385+0900][12.708s][info][gc,task     ] GC(161) Using 9 workers of 9 for evacuation
[2026-09-07T10:43:29.386+0900][12.709s][info][gc,phases   ] GC(161)   Pre Evacuate Collection Set: 0.05ms
[2026-09-07T10:43:29.386+0900][12.709s][info][gc,phases   ] GC(161)   Merge Heap Roots: 0.04ms
[2026-09-07T10:43:29.386+0900][12.709s][info][gc,phases   ] GC(161)   Evacuate Collection Set: 0.38ms
[2026-09-07T10:43:29.386+0900][12.709s][info][gc,phases   ] GC(161)   Post Evacuate Collection Set: 0.12ms
[2026-09-07T10:43:29.386+0900][12.709s][info][gc,phases   ] GC(161)   Other: 0.02ms
[2026-09-07T10:43:29.386+0900][12.709s][info][gc,heap     ] GC(161) Eden regions: 102->0(101)
[2026-09-07T10:43:29.386+0900][12.709s][info][gc,heap     ] GC(161) Survivor regions: 2->3(13)
[2026-09-07T10:43:29.386+0900][12.709s][info][gc,heap     ] GC(161) Old regions: 74->74
[2026-09-07T10:43:29.386+0900][12.709s][info][gc,heap     ] GC(161) Humongous regions: 2->2
[2026-09-07T10:43:29.386+0900][12.709s][info][gc,metaspace] GC(161) Metaspace: 23365K(23872K)->23365K(23872K) NonClass: 20546K(20800K)->20546K(20800K) Class: 2819K(3072K)->2819K(3072K)
[2026-09-07T10:43:29.386+0900][12.709s][info][gc          ] GC(161) Pause Young (Normal) (G1 Evacuation Pause) 358M->155M(380M) 0.686ms
[2026-09-07T10:43:29.386+0900][12.709s][info][gc,cpu      ] GC(161) User=0.00s Sys=0.00s Real=0.00s
[2026-09-07T10:43:29.386+0900][12.709s][info][safepoint   ] Safepoint "G1CollectForAllocation", Time since last: 79790959 ns, Reaching safepoint: 1375 ns, Cleanup: 1166 ns, At safepoint: 701792 ns, Leaving safepoint: 750 ns, Total: 705083 ns
[2026-09-07T10:43:29.462+0900][12.785s][info][gc,start    ] GC(162) Pause Young (Normal) (G1 Evacuation Pause)
[2026-09-07T10:43:29.462+0900][12.785s][info][gc,task     ] GC(162) Using 9 workers of 9 for evacuation
[2026-09-07T10:43:29.463+0900][12.786s][info][gc,phases   ] GC(162)   Pre Evacuate Collection Set: 0.08ms
[2026-09-07T10:43:29.463+0900][12.786s][info][gc,phases   ] GC(162)   Merge Heap Roots: 0.03ms
[2026-09-07T10:43:29.463+0900][12.786s][info][gc,phases   ] GC(162)   Evacuate Collection Set: 0.45ms
[2026-09-07T10:43:29.463+0900][12.786s][info][gc,phases   ] GC(162)   Post Evacuate Collection Set: 0.11ms
[2026-09-07T10:43:29.463+0900][12.786s][info][gc,phases   ] GC(162)   Other: 0.02ms
[2026-09-07T10:43:29.463+0900][12.786s][info][gc,heap     ] GC(162) Eden regions: 101->0(101)
[2026-09-07T10:43:29.463+0900][12.786s][info][gc,heap     ] GC(162) Survivor regions: 3->3(13)
[2026-09-07T10:43:29.463+0900][12.786s][info][gc,heap     ] GC(162) Old regions: 74->74
[2026-09-07T10:43:29.463+0900][12.786s][info][gc,heap     ] GC(162) Humongous regions: 2->2
[2026-09-07T10:43:29.463+0900][12.786s][info][gc,metaspace] GC(162) Metaspace: 23365K(23872K)->23365K(23872K) NonClass: 20546K(20800K)->20546K(20800K) Class: 2819K(3072K)->2819K(3072K)
[2026-09-07T10:43:29.463+0900][12.786s][info][gc          ] GC(162) Pause Young (Normal) (G1 Evacuation Pause) 357M->156M(380M) 0.780ms
[2026-09-07T10:43:29.463+0900][12.786s][info][gc,cpu      ] GC(162) User=0.00s Sys=0.00s Real=0.00s
[2026-09-07T10:43:29.463+0900][12.786s][info][safepoint   ] Safepoint "G1CollectForAllocation", Time since last: 76459167 ns, Reaching safepoint: 1250 ns, Cleanup: 1541 ns, At safepoint: 795125 ns, Leaving safepoint: 959 ns, Total: 798875 ns
[2026-09-07T10:43:29.542+0900][12.865s][info][gc,start    ] GC(163) Pause Young (Normal) (G1 Evacuation Pause)
[2026-09-07T10:43:29.542+0900][12.865s][info][gc,task     ] GC(163) Using 9 workers of 9 for evacuation
[2026-09-07T10:43:29.542+0900][12.865s][info][gc,phases   ] GC(163)   Pre Evacuate Collection Set: 0.05ms
[2026-09-07T10:43:29.542+0900][12.865s][info][gc,phases   ] GC(163)   Merge Heap Roots: 0.03ms
[2026-09-07T10:43:29.542+0900][12.865s][info][gc,phases   ] GC(163)   Evacuate Collection Set: 0.21ms
[2026-09-07T10:43:29.542+0900][12.865s][info][gc,phases   ] GC(163)   Post Evacuate Collection Set: 0.12ms
[2026-09-07T10:43:29.542+0900][12.865s][info][gc,phases   ] GC(163)   Other: 0.02ms
[2026-09-07T10:43:29.542+0900][12.865s][info][gc,heap     ] GC(163) Eden regions: 101->0(103)
[2026-09-07T10:43:29.542+0900][12.865s][info][gc,heap     ] GC(163) Survivor regions: 3->1(13)
[2026-09-07T10:43:29.542+0900][12.865s][info][gc,heap     ] GC(163) Old regions: 74->74
[2026-09-07T10:43:29.542+0900][12.865s][info][gc,heap     ] GC(163) Humongous regions: 2->2
[2026-09-07T10:43:29.542+0900][12.865s][info][gc,metaspace] GC(163) Metaspace: 23365K(23872K)->23365K(23872K) NonClass: 20546K(20800K)->20546K(20800K) Class: 2819K(3072K)->2819K(3072K)
[2026-09-07T10:43:29.542+0900][12.865s][info][gc          ] GC(163) Pause Young (Normal) (G1 Evacuation Pause) 358M->152M(380M) 0.507ms
[2026-09-07T10:43:29.542+0900][12.865s][info][gc,cpu      ] GC(163) User=0.00s Sys=0.00s Real=0.00s
[2026-09-07T10:43:29.542+0900][12.865s][info][safepoint   ] Safepoint "G1CollectForAllocation", Time since last: 78623833 ns, Reaching safepoint: 1833 ns, Cleanup: 1125 ns, At safepoint: 520459 ns, Leaving safepoint: 958 ns, Total: 524375 ns
[2026-09-07T10:43:29.622+0900][12.945s][info][gc,start    ] GC(164) Pause Young (Normal) (G1 Evacuation Pause)
[2026-09-07T10:43:29.622+0900][12.945s][info][gc,task     ] GC(164) Using 9 workers of 9 for evacuation
[2026-09-07T10:43:29.623+0900][12.946s][info][gc,phases   ] GC(164)   Pre Evacuate Collection Set: 0.07ms
[2026-09-07T10:43:29.623+0900][12.946s][info][gc,phases   ] GC(164)   Merge Heap Roots: 0.04ms
[2026-09-07T10:43:29.623+0900][12.946s][info][gc,phases   ] GC(164)   Evacuate Collection Set: 0.28ms
[2026-09-07T10:43:29.623+0900][12.946s][info][gc,phases   ] GC(164)   Post Evacuate Collection Set: 0.11ms
[2026-09-07T10:43:29.623+0900][12.946s][info][gc,phases   ] GC(164)   Other: 0.02ms
[2026-09-07T10:43:29.623+0900][12.946s][info][gc,heap     ] GC(164) Eden regions: 103->0(102)
[2026-09-07T10:43:29.623+0900][12.946s][info][gc,heap     ] GC(164) Survivor regions: 1->2(13)
[2026-09-07T10:43:29.623+0900][12.946s][info][gc,heap     ] GC(164) Old regions: 74->74
[2026-09-07T10:43:29.623+0900][12.946s][info][gc,heap     ] GC(164) Humongous regions: 2->2
[2026-09-07T10:43:29.623+0900][12.946s][info][gc,metaspace] GC(164) Metaspace: 23365K(23872K)->23365K(23872K) NonClass: 20546K(20800K)->20546K(20800K) Class: 2819K(3072K)->2819K(3072K)
[2026-09-07T10:43:29.623+0900][12.946s][info][gc          ] GC(164) Pause Young (Normal) (G1 Evacuation Pause) 358M->153M(380M) 0.588ms
[2026-09-07T10:43:29.623+0900][12.946s][info][gc,cpu      ] GC(164) User=0.00s Sys=0.00s Real=0.00s
[2026-09-07T10:43:29.623+0900][12.946s][info][safepoint   ] Safepoint "G1CollectForAllocation", Time since last: 79740083 ns, Reaching safepoint: 1292 ns, Cleanup: 1208 ns, At safepoint: 602209 ns, Leaving safepoint: 1083 ns, Total: 605792 ns
[2026-09-07T10:43:29.702+0900][13.025s][info][gc,start    ] GC(165) Pause Young (Normal) (G1 Evacuation Pause)
[2026-09-07T10:43:29.702+0900][13.025s][info][gc,task     ] GC(165) Using 9 workers of 9 for evacuation
[2026-09-07T10:43:29.703+0900][13.026s][info][gc,phases   ] GC(165)   Pre Evacuate Collection Set: 0.08ms
[2026-09-07T10:43:29.703+0900][13.026s][info][gc,phases   ] GC(165)   Merge Heap Roots: 0.04ms
[2026-09-07T10:43:29.703+0900][13.026s][info][gc,phases   ] GC(165)   Evacuate Collection Set: 0.31ms
[2026-09-07T10:43:29.703+0900][13.026s][info][gc,phases   ] GC(165)   Post Evacuate Collection Set: 0.11ms
[2026-09-07T10:43:29.703+0900][13.026s][info][gc,phases   ] GC(165)   Other: 0.02ms
[2026-09-07T10:43:29.703+0900][13.026s][info][gc,heap     ] GC(165) Eden regions: 102->0(102)
[2026-09-07T10:43:29.703+0900][13.026s][info][gc,heap     ] GC(165) Survivor regions: 2->2(13)
[2026-09-07T10:43:29.703+0900][13.026s][info][gc,heap     ] GC(165) Old regions: 74->74
[2026-09-07T10:43:29.703+0900][13.026s][info][gc,heap     ] GC(165) Humongous regions: 2->2
[2026-09-07T10:43:29.703+0900][13.026s][info][gc,metaspace] GC(165) Metaspace: 23365K(23872K)->23365K(23872K) NonClass: 20546K(20800K)->20546K(20800K) Class: 2819K(3072K)->2819K(3072K)
[2026-09-07T10:43:29.703+0900][13.026s][info][gc          ] GC(165) Pause Young (Normal) (G1 Evacuation Pause) 357M->154M(380M) 0.629ms
[2026-09-07T10:43:29.703+0900][13.026s][info][gc,cpu      ] GC(165) User=0.00s Sys=0.00s Real=0.00s
[2026-09-07T10:43:29.703+0900][13.026s][info][safepoint   ] Safepoint "G1CollectForAllocation", Time since last: 79746417 ns, Reaching safepoint: 1458 ns, Cleanup: 958 ns, At safepoint: 645000 ns, Leaving safepoint: 1125 ns, Total: 648541 ns
[2026-09-07T10:43:29.780+0900][13.103s][info][gc,start    ] GC(166) Pause Young (Normal) (G1 Evacuation Pause)
[2026-09-07T10:43:29.780+0900][13.103s][info][gc,task     ] GC(166) Using 9 workers of 9 for evacuation
[2026-09-07T10:43:29.781+0900][13.104s][info][gc,phases   ] GC(166)   Pre Evacuate Collection Set: 0.07ms
[2026-09-07T10:43:29.781+0900][13.104s][info][gc,phases   ] GC(166)   Merge Heap Roots: 0.02ms
[2026-09-07T10:43:29.781+0900][13.104s][info][gc,phases   ] GC(166)   Evacuate Collection Set: 0.41ms
[2026-09-07T10:43:29.781+0900][13.104s][info][gc,phases   ] GC(166)   Post Evacuate Collection Set: 0.12ms
[2026-09-07T10:43:29.781+0900][13.104s][info][gc,phases   ] GC(166)   Other: 0.02ms
[2026-09-07T10:43:29.781+0900][13.104s][info][gc,heap     ] GC(166) Eden regions: 102->0(101)
[2026-09-07T10:43:29.781+0900][13.104s][info][gc,heap     ] GC(166) Survivor regions: 2->3(13)
[2026-09-07T10:43:29.781+0900][13.104s][info][gc,heap     ] GC(166) Old regions: 74->74
[2026-09-07T10:43:29.781+0900][13.104s][info][gc,heap     ] GC(166) Humongous regions: 2->2
[2026-09-07T10:43:29.781+0900][13.104s][info][gc,metaspace] GC(166) Metaspace: 23365K(23872K)->23365K(23872K) NonClass: 20546K(20800K)->20546K(20800K) Class: 2819K(3072K)->2819K(3072K)
[2026-09-07T10:43:29.781+0900][13.104s][info][gc          ] GC(166) Pause Young (Normal) (G1 Evacuation Pause) 358M->155M(380M) 0.704ms
[2026-09-07T10:43:29.781+0900][13.104s][info][gc,cpu      ] GC(166) User=0.00s Sys=0.01s Real=0.00s
[2026-09-07T10:43:29.781+0900][13.104s][info][safepoint   ] Safepoint "G1CollectForAllocation", Time since last: 76835167 ns, Reaching safepoint: 1167 ns, Cleanup: 666 ns, At safepoint: 719959 ns, Leaving safepoint: 916 ns, Total: 722708 ns
[2026-09-07T10:43:29.858+0900][13.181s][info][gc,start    ] GC(167) Pause Young (Normal) (G1 Evacuation Pause)
[2026-09-07T10:43:29.858+0900][13.181s][info][gc,task     ] GC(167) Using 9 workers of 9 for evacuation
[2026-09-07T10:43:29.859+0900][13.182s][info][gc,phases   ] GC(167)   Pre Evacuate Collection Set: 0.06ms
[2026-09-07T10:43:29.859+0900][13.182s][info][gc,phases   ] GC(167)   Merge Heap Roots: 0.02ms
[2026-09-07T10:43:29.859+0900][13.182s][info][gc,phases   ] GC(167)   Evacuate Collection Set: 0.46ms
[2026-09-07T10:43:29.859+0900][13.182s][info][gc,phases   ] GC(167)   Post Evacuate Collection Set: 0.11ms
[2026-09-07T10:43:29.859+0900][13.182s][info][gc,phases   ] GC(167)   Other: 0.02ms
[2026-09-07T10:43:29.859+0900][13.182s][info][gc,heap     ] GC(167) Eden regions: 101->0(101)
[2026-09-07T10:43:29.859+0900][13.182s][info][gc,heap     ] GC(167) Survivor regions: 3->3(13)
[2026-09-07T10:43:29.859+0900][13.182s][info][gc,heap     ] GC(167) Old regions: 74->74
[2026-09-07T10:43:29.859+0900][13.182s][info][gc,heap     ] GC(167) Humongous regions: 2->2
[2026-09-07T10:43:29.859+0900][13.182s][info][gc,metaspace] GC(167) Metaspace: 23365K(23872K)->23365K(23872K) NonClass: 20546K(20800K)->20546K(20800K) Class: 2819K(3072K)->2819K(3072K)
[2026-09-07T10:43:29.859+0900][13.182s][info][gc          ] GC(167) Pause Young (Normal) (G1 Evacuation Pause) 357M->157M(380M) 0.748ms
[2026-09-07T10:43:29.859+0900][13.182s][info][gc,cpu      ] GC(167) User=0.01s Sys=0.00s Real=0.00s
[2026-09-07T10:43:29.859+0900][13.182s][info][safepoint   ] Safepoint "G1CollectForAllocation", Time since last: 77301167 ns, Reaching safepoint: 1250 ns, Cleanup: 1250 ns, At safepoint: 762875 ns, Leaving safepoint: 875 ns, Total: 766250 ns
[2026-09-07T10:43:29.935+0900][13.258s][info][gc,start    ] GC(168) Pause Young (Normal) (G1 Evacuation Pause)
[2026-09-07T10:43:29.935+0900][13.258s][info][gc,task     ] GC(168) Using 9 workers of 9 for evacuation
[2026-09-07T10:43:29.936+0900][13.259s][info][gc,phases   ] GC(168)   Pre Evacuate Collection Set: 0.07ms
[2026-09-07T10:43:29.936+0900][13.259s][info][gc,phases   ] GC(168)   Merge Heap Roots: 0.02ms
[2026-09-07T10:43:29.936+0900][13.259s][info][gc,phases   ] GC(168)   Evacuate Collection Set: 0.21ms
[2026-09-07T10:43:29.936+0900][13.259s][info][gc,phases   ] GC(168)   Post Evacuate Collection Set: 0.11ms
[2026-09-07T10:43:29.936+0900][13.259s][info][gc,phases   ] GC(168)   Other: 0.02ms
[2026-09-07T10:43:29.936+0900][13.259s][info][gc,heap     ] GC(168) Eden regions: 101->0(103)
[2026-09-07T10:43:29.936+0900][13.259s][info][gc,heap     ] GC(168) Survivor regions: 3->1(13)
[2026-09-07T10:43:29.936+0900][13.259s][info][gc,heap     ] GC(168) Old regions: 74->74
[2026-09-07T10:43:29.936+0900][13.259s][info][gc,heap     ] GC(168) Humongous regions: 2->2
[2026-09-07T10:43:29.936+0900][13.259s][info][gc,metaspace] GC(168) Metaspace: 23365K(23872K)->23365K(23872K) NonClass: 20546K(20800K)->20546K(20800K) Class: 2819K(3072K)->2819K(3072K)
[2026-09-07T10:43:29.936+0900][13.259s][info][gc          ] GC(168) Pause Young (Normal) (G1 Evacuation Pause) 359M->153M(380M) 0.506ms
[2026-09-07T10:43:29.936+0900][13.259s][info][gc,cpu      ] GC(168) User=0.00s Sys=0.00s Real=0.00s
[2026-09-07T10:43:29.936+0900][13.259s][info][safepoint   ] Safepoint "G1CollectForAllocation", Time since last: 76460208 ns, Reaching safepoint: 1125 ns, Cleanup: 834 ns, At safepoint: 520500 ns, Leaving safepoint: 750 ns, Total: 523209 ns
[2026-09-07T10:43:30.016+0900][13.339s][info][gc,start    ] GC(169) Pause Young (Normal) (G1 Evacuation Pause)
[2026-09-07T10:43:30.016+0900][13.339s][info][gc,task     ] GC(169) Using 9 workers of 9 for evacuation
[2026-09-07T10:43:30.016+0900][13.339s][info][gc,phases   ] GC(169)   Pre Evacuate Collection Set: 0.07ms
[2026-09-07T10:43:30.016+0900][13.339s][info][gc,phases   ] GC(169)   Merge Heap Roots: 0.02ms
[2026-09-07T10:43:30.016+0900][13.339s][info][gc,phases   ] GC(169)   Evacuate Collection Set: 0.29ms
[2026-09-07T10:43:30.016+0900][13.339s][info][gc,phases   ] GC(169)   Post Evacuate Collection Set: 0.12ms
[2026-09-07T10:43:30.016+0900][13.339s][info][gc,phases   ] GC(169)   Other: 0.02ms
[2026-09-07T10:43:30.016+0900][13.339s][info][gc,heap     ] GC(169) Eden regions: 103->0(102)
[2026-09-07T10:43:30.016+0900][13.339s][info][gc,heap     ] GC(169) Survivor regions: 1->2(13)
[2026-09-07T10:43:30.016+0900][13.339s][info][gc,heap     ] GC(169) Old regions: 74->74
[2026-09-07T10:43:30.016+0900][13.339s][info][gc,heap     ] GC(169) Humongous regions: 2->2
[2026-09-07T10:43:30.016+0900][13.339s][info][gc,metaspace] GC(169) Metaspace: 23365K(23872K)->23365K(23872K) NonClass: 20546K(20800K)->20546K(20800K) Class: 2819K(3072K)->2819K(3072K)
[2026-09-07T10:43:30.016+0900][13.339s][info][gc          ] GC(169) Pause Young (Normal) (G1 Evacuation Pause) 359M->154M(380M) 0.590ms
[2026-09-07T10:43:30.016+0900][13.339s][info][gc,cpu      ] GC(169) User=0.01s Sys=0.00s Real=0.00s
[2026-09-07T10:43:30.016+0900][13.339s][info][safepoint   ] Safepoint "G1CollectForAllocation", Time since last: 80105166 ns, Reaching safepoint: 1459 ns, Cleanup: 375 ns, At safepoint: 604291 ns, Leaving safepoint: 917 ns, Total: 607042 ns
[2026-09-07T10:43:30.095+0900][13.418s][info][gc,start    ] GC(170) Pause Young (Normal) (G1 Evacuation Pause)
[2026-09-07T10:43:30.095+0900][13.418s][info][gc,task     ] GC(170) Using 9 workers of 9 for evacuation
[2026-09-07T10:43:30.096+0900][13.419s][info][gc,phases   ] GC(170)   Pre Evacuate Collection Set: 0.08ms
[2026-09-07T10:43:30.096+0900][13.419s][info][gc,phases   ] GC(170)   Merge Heap Roots: 0.03ms
[2026-09-07T10:43:30.096+0900][13.419s][info][gc,phases   ] GC(170)   Evacuate Collection Set: 0.35ms
[2026-09-07T10:43:30.096+0900][13.419s][info][gc,phases   ] GC(170)   Post Evacuate Collection Set: 0.12ms
[2026-09-07T10:43:30.096+0900][13.419s][info][gc,phases   ] GC(170)   Other: 0.02ms
[2026-09-07T10:43:30.096+0900][13.419s][info][gc,heap     ] GC(170) Eden regions: 102->0(102)
[2026-09-07T10:43:30.096+0900][13.419s][info][gc,heap     ] GC(170) Survivor regions: 2->2(13)
[2026-09-07T10:43:30.096+0900][13.419s][info][gc,heap     ] GC(170) Old regions: 74->74
[2026-09-07T10:43:30.096+0900][13.419s][info][gc,heap     ] GC(170) Humongous regions: 2->2
[2026-09-07T10:43:30.096+0900][13.419s][info][gc,metaspace] GC(170) Metaspace: 23365K(23872K)->23365K(23872K) NonClass: 20546K(20800K)->20546K(20800K) Class: 2819K(3072K)->2819K(3072K)
[2026-09-07T10:43:30.096+0900][13.419s][info][gc          ] GC(170) Pause Young (Normal) (G1 Evacuation Pause) 358M->155M(380M) 0.680ms
[2026-09-07T10:43:30.096+0900][13.419s][info][gc,cpu      ] GC(170) User=0.00s Sys=0.00s Real=0.00s
[2026-09-07T10:43:30.096+0900][13.419s][info][safepoint   ] Safepoint "G1CollectForAllocation", Time since last: 79037792 ns, Reaching safepoint: 1375 ns, Cleanup: 1125 ns, At safepoint: 696166 ns, Leaving safepoint: 792 ns, Total: 699458 ns
[2026-09-07T10:43:30.175+0900][13.498s][info][gc,start    ] GC(171) Pause Young (Normal) (G1 Evacuation Pause)
[2026-09-07T10:43:30.175+0900][13.498s][info][gc,task     ] GC(171) Using 9 workers of 9 for evacuation
[2026-09-07T10:43:30.175+0900][13.498s][info][gc,phases   ] GC(171)   Pre Evacuate Collection Set: 0.07ms
[2026-09-07T10:43:30.175+0900][13.498s][info][gc,phases   ] GC(171)   Merge Heap Roots: 0.04ms
[2026-09-07T10:43:30.175+0900][13.498s][info][gc,phases   ] GC(171)   Evacuate Collection Set: 0.42ms
[2026-09-07T10:43:30.175+0900][13.498s][info][gc,phases   ] GC(171)   Post Evacuate Collection Set: 0.13ms
[2026-09-07T10:43:30.175+0900][13.498s][info][gc,phases   ] GC(171)   Other: 0.02ms
[2026-09-07T10:43:30.175+0900][13.498s][info][gc,heap     ] GC(171) Eden regions: 102->0(101)
[2026-09-07T10:43:30.175+0900][13.498s][info][gc,heap     ] GC(171) Survivor regions: 2->3(13)
[2026-09-07T10:43:30.175+0900][13.498s][info][gc,heap     ] GC(171) Old regions: 74->74
[2026-09-07T10:43:30.175+0900][13.498s][info][gc,heap     ] GC(171) Humongous regions: 2->2
[2026-09-07T10:43:30.175+0900][13.498s][info][gc,metaspace] GC(171) Metaspace: 23365K(23872K)->23365K(23872K) NonClass: 20546K(20800K)->20546K(20800K) Class: 2819K(3072K)->2819K(3072K)
[2026-09-07T10:43:30.175+0900][13.498s][info][gc          ] GC(171) Pause Young (Normal) (G1 Evacuation Pause) 359M->156M(380M) 0.755ms
[2026-09-07T10:43:30.175+0900][13.498s][info][gc,cpu      ] GC(171) User=0.00s Sys=0.00s Real=0.00s
[2026-09-07T10:43:30.175+0900][13.498s][info][safepoint   ] Safepoint "G1CollectForAllocation", Time since last: 78575292 ns, Reaching safepoint: 1458 ns, Cleanup: 1000 ns, At safepoint: 768333 ns, Leaving safepoint: 834 ns, Total: 771625 ns
[2026-09-07T10:43:30.254+0900][13.577s][info][gc,start    ] GC(172) Pause Young (Normal) (G1 Evacuation Pause)
[2026-09-07T10:43:30.254+0900][13.577s][info][gc,task     ] GC(172) Using 9 workers of 9 for evacuation
[2026-09-07T10:43:30.254+0900][13.577s][info][gc,phases   ] GC(172)   Pre Evacuate Collection Set: 0.08ms
[2026-09-07T10:43:30.254+0900][13.577s][info][gc,phases   ] GC(172)   Merge Heap Roots: 0.03ms
[2026-09-07T10:43:30.254+0900][13.577s][info][gc,phases   ] GC(172)   Evacuate Collection Set: 0.17ms
[2026-09-07T10:43:30.254+0900][13.577s][info][gc,phases   ] GC(172)   Post Evacuate Collection Set: 0.11ms
[2026-09-07T10:43:30.254+0900][13.577s][info][gc,phases   ] GC(172)   Other: 0.02ms
[2026-09-07T10:43:30.254+0900][13.577s][info][gc,heap     ] GC(172) Eden regions: 101->0(103)
[2026-09-07T10:43:30.254+0900][13.577s][info][gc,heap     ] GC(172) Survivor regions: 3->1(13)
[2026-09-07T10:43:30.254+0900][13.577s][info][gc,heap     ] GC(172) Old regions: 74->74
[2026-09-07T10:43:30.254+0900][13.577s][info][gc,heap     ] GC(172) Humongous regions: 2->2
[2026-09-07T10:43:30.254+0900][13.577s][info][gc,metaspace] GC(172) Metaspace: 23365K(23872K)->23365K(23872K) NonClass: 20546K(20800K)->20546K(20800K) Class: 2819K(3072K)->2819K(3072K)
[2026-09-07T10:43:30.254+0900][13.577s][info][gc          ] GC(172) Pause Young (Normal) (G1 Evacuation Pause) 358M->152M(380M) 0.484ms
[2026-09-07T10:43:30.254+0900][13.577s][info][gc,cpu      ] GC(172) User=0.00s Sys=0.00s Real=0.00s
[2026-09-07T10:43:30.254+0900][13.577s][info][safepoint   ] Safepoint "G1CollectForAllocation", Time since last: 78141416 ns, Reaching safepoint: 1334 ns, Cleanup: 1250 ns, At safepoint: 497875 ns, Leaving safepoint: 916 ns, Total: 501375 ns
[2026-09-07T10:43:30.332+0900][13.655s][info][gc,start    ] GC(173) Pause Young (Normal) (G1 Evacuation Pause)
[2026-09-07T10:43:30.332+0900][13.655s][info][gc,task     ] GC(173) Using 9 workers of 9 for evacuation
[2026-09-07T10:43:30.333+0900][13.656s][info][gc,phases   ] GC(173)   Pre Evacuate Collection Set: 0.05ms
[2026-09-07T10:43:30.333+0900][13.656s][info][gc,phases   ] GC(173)   Merge Heap Roots: 0.04ms
[2026-09-07T10:43:30.333+0900][13.656s][info][gc,phases   ] GC(173)   Evacuate Collection Set: 0.24ms
[2026-09-07T10:43:30.333+0900][13.656s][info][gc,phases   ] GC(173)   Post Evacuate Collection Set: 0.10ms
[2026-09-07T10:43:30.333+0900][13.656s][info][gc,phases   ] GC(173)   Other: 0.02ms
[2026-09-07T10:43:30.333+0900][13.656s][info][gc,heap     ] GC(173) Eden regions: 103->0(102)
[2026-09-07T10:43:30.333+0900][13.656s][info][gc,heap     ] GC(173) Survivor regions: 1->2(13)
[2026-09-07T10:43:30.333+0900][13.656s][info][gc,heap     ] GC(173) Old regions: 74->74
[2026-09-07T10:43:30.333+0900][13.656s][info][gc,heap     ] GC(173) Humongous regions: 2->2
[2026-09-07T10:43:30.333+0900][13.656s][info][gc,metaspace] GC(173) Metaspace: 23365K(23872K)->23365K(23872K) NonClass: 20546K(20800K)->20546K(20800K) Class: 2819K(3072K)->2819K(3072K)
[2026-09-07T10:43:30.333+0900][13.656s][info][gc          ] GC(173) Pause Young (Normal) (G1 Evacuation Pause) 358M->153M(380M) 0.522ms
[2026-09-07T10:43:30.333+0900][13.656s][info][gc,cpu      ] GC(173) User=0.00s Sys=0.00s Real=0.00s
[2026-09-07T10:43:30.333+0900][13.656s][info][safepoint   ] Safepoint "G1CollectForAllocation", Time since last: 78239042 ns, Reaching safepoint: 1167 ns, Cleanup: 791 ns, At safepoint: 534542 ns, Leaving safepoint: 958 ns, Total: 537458 ns
[2026-09-07T10:43:30.412+0900][13.735s][info][gc,start    ] GC(174) Pause Young (Normal) (G1 Evacuation Pause)
[2026-09-07T10:43:30.412+0900][13.735s][info][gc,task     ] GC(174) Using 9 workers of 9 for evacuation
[2026-09-07T10:43:30.413+0900][13.736s][info][gc,phases   ] GC(174)   Pre Evacuate Collection Set: 0.07ms
[2026-09-07T10:43:30.413+0900][13.736s][info][gc,phases   ] GC(174)   Merge Heap Roots: 0.04ms
[2026-09-07T10:43:30.413+0900][13.736s][info][gc,phases   ] GC(174)   Evacuate Collection Set: 0.33ms
[2026-09-07T10:43:30.413+0900][13.736s][info][gc,phases   ] GC(174)   Post Evacuate Collection Set: 0.12ms
[2026-09-07T10:43:30.413+0900][13.736s][info][gc,phases   ] GC(174)   Other: 0.02ms
[2026-09-07T10:43:30.413+0900][13.736s][info][gc,heap     ] GC(174) Eden regions: 102->0(102)
[2026-09-07T10:43:30.413+0900][13.736s][info][gc,heap     ] GC(174) Survivor regions: 2->2(13)
[2026-09-07T10:43:30.413+0900][13.736s][info][gc,heap     ] GC(174) Old regions: 74->74
[2026-09-07T10:43:30.413+0900][13.736s][info][gc,heap     ] GC(174) Humongous regions: 2->2
[2026-09-07T10:43:30.413+0900][13.736s][info][gc,metaspace] GC(174) Metaspace: 23365K(23872K)->23365K(23872K) NonClass: 20546K(20800K)->20546K(20800K) Class: 2819K(3072K)->2819K(3072K)
[2026-09-07T10:43:30.413+0900][13.736s][info][gc          ] GC(174) Pause Young (Normal) (G1 Evacuation Pause) 357M->154M(380M) 0.651ms
[2026-09-07T10:43:30.413+0900][13.736s][info][gc,cpu      ] GC(174) User=0.00s Sys=0.00s Real=0.00s
[2026-09-07T10:43:30.413+0900][13.736s][info][safepoint   ] Safepoint "G1CollectForAllocation", Time since last: 79306292 ns, Reaching safepoint: 1083 ns, Cleanup: 667 ns, At safepoint: 664833 ns, Leaving safepoint: 917 ns, Total: 667500 ns
[2026-09-07T10:43:30.492+0900][13.815s][info][gc,start    ] GC(175) Pause Young (Normal) (G1 Evacuation Pause)
[2026-09-07T10:43:30.492+0900][13.815s][info][gc,task     ] GC(175) Using 9 workers of 9 for evacuation
[2026-09-07T10:43:30.492+0900][13.815s][info][gc,phases   ] GC(175)   Pre Evacuate Collection Set: 0.07ms
[2026-09-07T10:43:30.492+0900][13.815s][info][gc,phases   ] GC(175)   Merge Heap Roots: 0.04ms
[2026-09-07T10:43:30.492+0900][13.815s][info][gc,phases   ] GC(175)   Evacuate Collection Set: 0.40ms
[2026-09-07T10:43:30.492+0900][13.815s][info][gc,phases   ] GC(175)   Post Evacuate Collection Set: 0.12ms
[2026-09-07T10:43:30.492+0900][13.815s][info][gc,phases   ] GC(175)   Other: 0.02ms
[2026-09-07T10:43:30.492+0900][13.815s][info][gc,heap     ] GC(175) Eden regions: 102->0(101)
[2026-09-07T10:43:30.492+0900][13.815s][info][gc,heap     ] GC(175) Survivor regions: 2->3(13)
[2026-09-07T10:43:30.492+0900][13.815s][info][gc,heap     ] GC(175) Old regions: 74->74
[2026-09-07T10:43:30.492+0900][13.815s][info][gc,heap     ] GC(175) Humongous regions: 2->2
[2026-09-07T10:43:30.492+0900][13.815s][info][gc,metaspace] GC(175) Metaspace: 23365K(23872K)->23365K(23872K) NonClass: 20546K(20800K)->20546K(20800K) Class: 2819K(3072K)->2819K(3072K)
[2026-09-07T10:43:30.492+0900][13.815s][info][gc          ] GC(175) Pause Young (Normal) (G1 Evacuation Pause) 358M->156M(380M) 0.722ms
[2026-09-07T10:43:30.492+0900][13.815s][info][gc,cpu      ] GC(175) User=0.00s Sys=0.00s Real=0.00s
[2026-09-07T10:43:30.492+0900][13.815s][info][safepoint   ] Safepoint "G1CollectForAllocation", Time since last: 78747542 ns, Reaching safepoint: 1375 ns, Cleanup: 1041 ns, At safepoint: 738125 ns, Leaving safepoint: 1042 ns, Total: 741583 ns
[2026-09-07T10:43:30.570+0900][13.893s][info][gc,start    ] GC(176) Pause Young (Normal) (G1 Evacuation Pause)
[2026-09-07T10:43:30.570+0900][13.893s][info][gc,task     ] GC(176) Using 9 workers of 9 for evacuation
[2026-09-07T10:43:30.570+0900][13.893s][info][gc,phases   ] GC(176)   Pre Evacuate Collection Set: 0.07ms
[2026-09-07T10:43:30.570+0900][13.893s][info][gc,phases   ] GC(176)   Merge Heap Roots: 0.02ms
[2026-09-07T10:43:30.570+0900][13.893s][info][gc,phases   ] GC(176)   Evacuate Collection Set: 0.44ms
[2026-09-07T10:43:30.570+0900][13.893s][info][gc,phases   ] GC(176)   Post Evacuate Collection Set: 0.12ms
[2026-09-07T10:43:30.570+0900][13.893s][info][gc,phases   ] GC(176)   Other: 0.02ms
[2026-09-07T10:43:30.570+0900][13.893s][info][gc,heap     ] GC(176) Eden regions: 101->0(101)
[2026-09-07T10:43:30.570+0900][13.893s][info][gc,heap     ] GC(176) Survivor regions: 3->3(13)
[2026-09-07T10:43:30.570+0900][13.893s][info][gc,heap     ] GC(176) Old regions: 74->74
[2026-09-07T10:43:30.570+0900][13.893s][info][gc,heap     ] GC(176) Humongous regions: 2->2
[2026-09-07T10:43:30.570+0900][13.893s][info][gc,metaspace] GC(176) Metaspace: 23365K(23872K)->23365K(23872K) NonClass: 20546K(20800K)->20546K(20800K) Class: 2819K(3072K)->2819K(3072K)
[2026-09-07T10:43:30.570+0900][13.893s][info][gc          ] GC(176) Pause Young (Normal) (G1 Evacuation Pause) 358M->157M(380M) 0.737ms
[2026-09-07T10:43:30.570+0900][13.893s][info][gc,cpu      ] GC(176) User=0.01s Sys=0.00s Real=0.00s
[2026-09-07T10:43:30.571+0900][13.893s][info][safepoint   ] Safepoint "G1CollectForAllocation", Time since last: 77387250 ns, Reaching safepoint: 1333 ns, Cleanup: 459 ns, At safepoint: 755000 ns, Leaving safepoint: 1208 ns, Total: 758000 ns
[2026-09-07T10:43:30.649+0900][13.972s][info][gc,start    ] GC(177) Pause Young (Normal) (G1 Evacuation Pause)
[2026-09-07T10:43:30.649+0900][13.972s][info][gc,task     ] GC(177) Using 9 workers of 9 for evacuation
[2026-09-07T10:43:30.649+0900][13.972s][info][gc,phases   ] GC(177)   Pre Evacuate Collection Set: 0.08ms
[2026-09-07T10:43:30.649+0900][13.972s][info][gc,phases   ] GC(177)   Merge Heap Roots: 0.04ms
[2026-09-07T10:43:30.649+0900][13.972s][info][gc,phases   ] GC(177)   Evacuate Collection Set: 0.21ms
[2026-09-07T10:43:30.649+0900][13.972s][info][gc,phases   ] GC(177)   Post Evacuate Collection Set: 0.11ms
[2026-09-07T10:43:30.649+0900][13.972s][info][gc,phases   ] GC(177)   Other: 0.02ms
[2026-09-07T10:43:30.649+0900][13.972s][info][gc,heap     ] GC(177) Eden regions: 101->0(103)
[2026-09-07T10:43:30.649+0900][13.972s][info][gc,heap     ] GC(177) Survivor regions: 3->1(13)
[2026-09-07T10:43:30.649+0900][13.972s][info][gc,heap     ] GC(177) Old regions: 74->74
[2026-09-07T10:43:30.649+0900][13.972s][info][gc,heap     ] GC(177) Humongous regions: 2->2
[2026-09-07T10:43:30.649+0900][13.972s][info][gc,metaspace] GC(177) Metaspace: 23365K(23872K)->23365K(23872K) NonClass: 20546K(20800K)->20546K(20800K) Class: 2819K(3072K)->2819K(3072K)
[2026-09-07T10:43:30.649+0900][13.972s][info][gc          ] GC(177) Pause Young (Normal) (G1 Evacuation Pause) 359M->153M(380M) 0.516ms
[2026-09-07T10:43:30.649+0900][13.972s][info][gc,cpu      ] GC(177) User=0.01s Sys=0.00s Real=0.00s
[2026-09-07T10:43:30.649+0900][13.972s][info][safepoint   ] Safepoint "G1CollectForAllocation", Time since last: 78167833 ns, Reaching safepoint: 1000 ns, Cleanup: 917 ns, At safepoint: 529167 ns, Leaving safepoint: 958 ns, Total: 532042 ns
[2026-09-07T10:43:30.729+0900][14.052s][info][gc,start    ] GC(178) Pause Young (Normal) (G1 Evacuation Pause)
[2026-09-07T10:43:30.729+0900][14.052s][info][gc,task     ] GC(178) Using 9 workers of 9 for evacuation
[2026-09-07T10:43:30.730+0900][14.053s][info][gc,phases   ] GC(178)   Pre Evacuate Collection Set: 0.07ms
[2026-09-07T10:43:30.730+0900][14.053s][info][gc,phases   ] GC(178)   Merge Heap Roots: 0.03ms
[2026-09-07T10:43:30.730+0900][14.053s][info][gc,phases   ] GC(178)   Evacuate Collection Set: 0.31ms
[2026-09-07T10:43:30.730+0900][14.053s][info][gc,phases   ] GC(178)   Post Evacuate Collection Set: 0.12ms
[2026-09-07T10:43:30.730+0900][14.053s][info][gc,phases   ] GC(178)   Other: 0.02ms
[2026-09-07T10:43:30.730+0900][14.053s][info][gc,heap     ] GC(178) Eden regions: 103->0(102)
[2026-09-07T10:43:30.730+0900][14.053s][info][gc,heap     ] GC(178) Survivor regions: 1->2(13)
[2026-09-07T10:43:30.730+0900][14.053s][info][gc,heap     ] GC(178) Old regions: 74->74
[2026-09-07T10:43:30.730+0900][14.053s][info][gc,heap     ] GC(178) Humongous regions: 2->2
[2026-09-07T10:43:30.730+0900][14.053s][info][gc,metaspace] GC(178) Metaspace: 23365K(23872K)->23365K(23872K) NonClass: 20546K(20800K)->20546K(20800K) Class: 2819K(3072K)->2819K(3072K)
[2026-09-07T10:43:30.730+0900][14.053s][info][gc          ] GC(178) Pause Young (Normal) (G1 Evacuation Pause) 359M->154M(380M) 0.614ms
[2026-09-07T10:43:30.730+0900][14.053s][info][gc,cpu      ] GC(178) User=0.00s Sys=0.00s Real=0.01s
[2026-09-07T10:43:30.730+0900][14.053s][info][safepoint   ] Safepoint "G1CollectForAllocation", Time since last: 79962333 ns, Reaching safepoint: 959 ns, Cleanup: 583 ns, At safepoint: 629250 ns, Leaving safepoint: 958 ns, Total: 631750 ns
[2026-09-07T10:43:30.809+0900][14.132s][info][gc,start    ] GC(179) Pause Young (Normal) (G1 Evacuation Pause)
[2026-09-07T10:43:30.809+0900][14.132s][info][gc,task     ] GC(179) Using 9 workers of 9 for evacuation
[2026-09-07T10:43:30.809+0900][14.132s][info][gc,phases   ] GC(179)   Pre Evacuate Collection Set: 0.07ms
[2026-09-07T10:43:30.809+0900][14.132s][info][gc,phases   ] GC(179)   Merge Heap Roots: 0.02ms
[2026-09-07T10:43:30.809+0900][14.132s][info][gc,phases   ] GC(179)   Evacuate Collection Set: 0.39ms
[2026-09-07T10:43:30.809+0900][14.132s][info][gc,phases   ] GC(179)   Post Evacuate Collection Set: 0.11ms
[2026-09-07T10:43:30.809+0900][14.132s][info][gc,phases   ] GC(179)   Other: 0.02ms
[2026-09-07T10:43:30.809+0900][14.132s][info][gc,heap     ] GC(179) Eden regions: 102->0(101)
[2026-09-07T10:43:30.809+0900][14.132s][info][gc,heap     ] GC(179) Survivor regions: 2->3(13)
[2026-09-07T10:43:30.809+0900][14.132s][info][gc,heap     ] GC(179) Old regions: 74->74
[2026-09-07T10:43:30.809+0900][14.132s][info][gc,heap     ] GC(179) Humongous regions: 2->2
[2026-09-07T10:43:30.809+0900][14.132s][info][gc,metaspace] GC(179) Metaspace: 23365K(23872K)->23365K(23872K) NonClass: 20546K(20800K)->20546K(20800K) Class: 2819K(3072K)->2819K(3072K)
[2026-09-07T10:43:30.809+0900][14.132s][info][gc          ] GC(179) Pause Young (Normal) (G1 Evacuation Pause) 358M->155M(380M) 0.669ms
[2026-09-07T10:43:30.809+0900][14.132s][info][gc,cpu      ] GC(179) User=0.00s Sys=0.01s Real=0.00s
[2026-09-07T10:43:30.809+0900][14.132s][info][safepoint   ] Safepoint "G1CollectForAllocation", Time since last: 78781459 ns, Reaching safepoint: 1333 ns, Cleanup: 1083 ns, At safepoint: 684542 ns, Leaving safepoint: 833 ns, Total: 687791 ns
[2026-09-07T10:43:30.888+0900][14.211s][info][gc,start    ] GC(180) Pause Young (Normal) (G1 Evacuation Pause)
[2026-09-07T10:43:30.888+0900][14.211s][info][gc,task     ] GC(180) Using 9 workers of 9 for evacuation
[2026-09-07T10:43:30.889+0900][14.212s][info][gc,phases   ] GC(180)   Pre Evacuate Collection Set: 0.07ms
[2026-09-07T10:43:30.889+0900][14.212s][info][gc,phases   ] GC(180)   Merge Heap Roots: 0.02ms
[2026-09-07T10:43:30.889+0900][14.212s][info][gc,phases   ] GC(180)   Evacuate Collection Set: 0.43ms
[2026-09-07T10:43:30.889+0900][14.212s][info][gc,phases   ] GC(180)   Post Evacuate Collection Set: 0.12ms
[2026-09-07T10:43:30.889+0900][14.212s][info][gc,phases   ] GC(180)   Other: 0.02ms
[2026-09-07T10:43:30.889+0900][14.212s][info][gc,heap     ] GC(180) Eden regions: 101->0(101)
[2026-09-07T10:43:30.889+0900][14.212s][info][gc,heap     ] GC(180) Survivor regions: 3->3(13)
[2026-09-07T10:43:30.889+0900][14.212s][info][gc,heap     ] GC(180) Old regions: 74->74
[2026-09-07T10:43:30.889+0900][14.212s][info][gc,heap     ] GC(180) Humongous regions: 2->2
[2026-09-07T10:43:30.889+0900][14.212s][info][gc,metaspace] GC(180) Metaspace: 23365K(23872K)->23365K(23872K) NonClass: 20546K(20800K)->20546K(20800K) Class: 2819K(3072K)->2819K(3072K)
[2026-09-07T10:43:30.889+0900][14.212s][info][gc          ] GC(180) Pause Young (Normal) (G1 Evacuation Pause) 357M->156M(380M) 0.730ms
[2026-09-07T10:43:30.889+0900][14.212s][info][gc,cpu      ] GC(180) User=0.00s Sys=0.00s Real=0.00s
[2026-09-07T10:43:30.889+0900][14.212s][info][safepoint   ] Safepoint "G1CollectForAllocation", Time since last: 78772292 ns, Reaching safepoint: 1208 ns, Cleanup: 750 ns, At safepoint: 744292 ns, Leaving safepoint: 1125 ns, Total: 747375 ns
[2026-09-07T10:43:30.965+0900][14.288s][info][gc,start    ] GC(181) Pause Young (Normal) (G1 Evacuation Pause)
[2026-09-07T10:43:30.965+0900][14.288s][info][gc,task     ] GC(181) Using 9 workers of 9 for evacuation
[2026-09-07T10:43:30.966+0900][14.289s][info][gc,phases   ] GC(181)   Pre Evacuate Collection Set: 0.08ms
[2026-09-07T10:43:30.966+0900][14.289s][info][gc,phases   ] GC(181)   Merge Heap Roots: 0.02ms
[2026-09-07T10:43:30.966+0900][14.289s][info][gc,phases   ] GC(181)   Evacuate Collection Set: 0.16ms
[2026-09-07T10:43:30.966+0900][14.289s][info][gc,phases   ] GC(181)   Post Evacuate Collection Set: 0.11ms
[2026-09-07T10:43:30.966+0900][14.289s][info][gc,phases   ] GC(181)   Other: 0.01ms
[2026-09-07T10:43:30.966+0900][14.289s][info][gc,heap     ] GC(181) Eden regions: 101->0(103)
[2026-09-07T10:43:30.966+0900][14.289s][info][gc,heap     ] GC(181) Survivor regions: 3->1(13)
[2026-09-07T10:43:30.966+0900][14.289s][info][gc,heap     ] GC(181) Old regions: 74->74
[2026-09-07T10:43:30.966+0900][14.289s][info][gc,heap     ] GC(181) Humongous regions: 2->2
[2026-09-07T10:43:30.966+0900][14.289s][info][gc,metaspace] GC(181) Metaspace: 23365K(23872K)->23365K(23872K) NonClass: 20546K(20800K)->20546K(20800K) Class: 2819K(3072K)->2819K(3072K)
[2026-09-07T10:43:30.966+0900][14.289s][info][gc          ] GC(181) Pause Young (Normal) (G1 Evacuation Pause) 358M->152M(380M) 0.448ms
[2026-09-07T10:43:30.966+0900][14.289s][info][gc,cpu      ] GC(181) User=0.00s Sys=0.00s Real=0.00s
[2026-09-07T10:43:30.966+0900][14.289s][info][safepoint   ] Safepoint "G1CollectForAllocation", Time since last: 76653417 ns, Reaching safepoint: 666 ns, Cleanup: 917 ns, At safepoint: 461000 ns, Leaving safepoint: 708 ns, Total: 463291 ns
[2026-09-07T10:43:31.046+0900][14.369s][info][gc,start    ] GC(182) Pause Young (Normal) (G1 Evacuation Pause)
[2026-09-07T10:43:31.046+0900][14.369s][info][gc,task     ] GC(182) Using 9 workers of 9 for evacuation
[2026-09-07T10:43:31.046+0900][14.369s][info][gc,phases   ] GC(182)   Pre Evacuate Collection Set: 0.08ms
[2026-09-07T10:43:31.046+0900][14.369s][info][gc,phases   ] GC(182)   Merge Heap Roots: 0.02ms
[2026-09-07T10:43:31.046+0900][14.369s][info][gc,phases   ] GC(182)   Evacuate Collection Set: 0.22ms
[2026-09-07T10:43:31.046+0900][14.369s][info][gc,phases   ] GC(182)   Post Evacuate Collection Set: 0.12ms
[2026-09-07T10:43:31.046+0900][14.369s][info][gc,phases   ] GC(182)   Other: 0.02ms
[2026-09-07T10:43:31.046+0900][14.369s][info][gc,heap     ] GC(182) Eden regions: 103->0(102)
[2026-09-07T10:43:31.046+0900][14.369s][info][gc,heap     ] GC(182) Survivor regions: 1->2(13)
[2026-09-07T10:43:31.046+0900][14.369s][info][gc,heap     ] GC(182) Old regions: 74->74
[2026-09-07T10:43:31.046+0900][14.369s][info][gc,heap     ] GC(182) Humongous regions: 2->2
[2026-09-07T10:43:31.046+0900][14.369s][info][gc,metaspace] GC(182) Metaspace: 23365K(23872K)->23365K(23872K) NonClass: 20546K(20800K)->20546K(20800K) Class: 2819K(3072K)->2819K(3072K)
[2026-09-07T10:43:31.046+0900][14.369s][info][gc          ] GC(182) Pause Young (Normal) (G1 Evacuation Pause) 358M->153M(380M) 0.522ms
[2026-09-07T10:43:31.046+0900][14.369s][info][gc,cpu      ] GC(182) User=0.00s Sys=0.00s Real=0.00s
[2026-09-07T10:43:31.046+0900][14.369s][info][safepoint   ] Safepoint "G1CollectForAllocation", Time since last: 79783000 ns, Reaching safepoint: 959 ns, Cleanup: 1041 ns, At safepoint: 536292 ns, Leaving safepoint: 875 ns, Total: 539167 ns
[2026-09-07T10:43:31.124+0900][14.447s][info][gc,start    ] GC(183) Pause Young (Normal) (G1 Evacuation Pause)
[2026-09-07T10:43:31.124+0900][14.447s][info][gc,task     ] GC(183) Using 9 workers of 9 for evacuation
[2026-09-07T10:43:31.125+0900][14.448s][info][gc,phases   ] GC(183)   Pre Evacuate Collection Set: 0.07ms
[2026-09-07T10:43:31.125+0900][14.448s][info][gc,phases   ] GC(183)   Merge Heap Roots: 0.02ms
[2026-09-07T10:43:31.125+0900][14.448s][info][gc,phases   ] GC(183)   Evacuate Collection Set: 0.30ms
[2026-09-07T10:43:31.125+0900][14.448s][info][gc,phases   ] GC(183)   Post Evacuate Collection Set: 0.12ms
[2026-09-07T10:43:31.125+0900][14.448s][info][gc,phases   ] GC(183)   Other: 0.02ms
[2026-09-07T10:43:31.125+0900][14.448s][info][gc,heap     ] GC(183) Eden regions: 102->0(102)
[2026-09-07T10:43:31.125+0900][14.448s][info][gc,heap     ] GC(183) Survivor regions: 2->2(13)
[2026-09-07T10:43:31.125+0900][14.448s][info][gc,heap     ] GC(183) Old regions: 74->74
[2026-09-07T10:43:31.125+0900][14.448s][info][gc,heap     ] GC(183) Humongous regions: 2->2
[2026-09-07T10:43:31.125+0900][14.448s][info][gc,metaspace] GC(183) Metaspace: 23365K(23872K)->23365K(23872K) NonClass: 20546K(20800K)->20546K(20800K) Class: 2819K(3072K)->2819K(3072K)
[2026-09-07T10:43:31.125+0900][14.448s][info][gc          ] GC(183) Pause Young (Normal) (G1 Evacuation Pause) 357M->154M(380M) 0.606ms
[2026-09-07T10:43:31.125+0900][14.448s][info][gc,cpu      ] GC(183) User=0.00s Sys=0.00s Real=0.00s
[2026-09-07T10:43:31.125+0900][14.448s][info][safepoint   ] Safepoint "G1CollectForAllocation", Time since last: 77796292 ns, Reaching safepoint: 958 ns, Cleanup: 1333 ns, At safepoint: 620959 ns, Leaving safepoint: 1000 ns, Total: 624250 ns
[2026-09-07T10:43:31.204+0900][14.527s][info][gc,start    ] GC(184) Pause Young (Normal) (G1 Evacuation Pause)
[2026-09-07T10:43:31.204+0900][14.527s][info][gc,task     ] GC(184) Using 9 workers of 9 for evacuation
[2026-09-07T10:43:31.205+0900][14.527s][info][gc,phases   ] GC(184)   Pre Evacuate Collection Set: 0.09ms
[2026-09-07T10:43:31.205+0900][14.527s][info][gc,phases   ] GC(184)   Merge Heap Roots: 0.03ms
[2026-09-07T10:43:31.205+0900][14.527s][info][gc,phases   ] GC(184)   Evacuate Collection Set: 0.40ms
[2026-09-07T10:43:31.205+0900][14.527s][info][gc,phases   ] GC(184)   Post Evacuate Collection Set: 0.10ms
[2026-09-07T10:43:31.205+0900][14.527s][info][gc,phases   ] GC(184)   Other: 0.02ms
[2026-09-07T10:43:31.205+0900][14.527s][info][gc,heap     ] GC(184) Eden regions: 102->0(101)
[2026-09-07T10:43:31.205+0900][14.527s][info][gc,heap     ] GC(184) Survivor regions: 2->3(13)
[2026-09-07T10:43:31.205+0900][14.527s][info][gc,heap     ] GC(184) Old regions: 74->74
[2026-09-07T10:43:31.205+0900][14.527s][info][gc,heap     ] GC(184) Humongous regions: 2->2
[2026-09-07T10:43:31.205+0900][14.527s][info][gc,metaspace] GC(184) Metaspace: 23365K(23872K)->23365K(23872K) NonClass: 20546K(20800K)->20546K(20800K) Class: 2819K(3072K)->2819K(3072K)
[2026-09-07T10:43:31.205+0900][14.528s][info][gc          ] GC(184) Pause Young (Normal) (G1 Evacuation Pause) 358M->156M(380M) 0.708ms
[2026-09-07T10:43:31.205+0900][14.528s][info][gc,cpu      ] GC(184) User=0.01s Sys=0.00s Real=0.00s
[2026-09-07T10:43:31.205+0900][14.528s][info][safepoint   ] Safepoint "G1CollectForAllocation", Time since last: 79211416 ns, Reaching safepoint: 875 ns, Cleanup: 1000 ns, At safepoint: 722042 ns, Leaving safepoint: 917 ns, Total: 724834 ns
[2026-09-07T10:43:31.282+0900][14.605s][info][gc,start    ] GC(185) Pause Young (Normal) (G1 Evacuation Pause)
[2026-09-07T10:43:31.282+0900][14.605s][info][gc,task     ] GC(185) Using 9 workers of 9 for evacuation
[2026-09-07T10:43:31.282+0900][14.605s][info][gc,phases   ] GC(185)   Pre Evacuate Collection Set: 0.07ms
[2026-09-07T10:43:31.282+0900][14.605s][info][gc,phases   ] GC(185)   Merge Heap Roots: 0.05ms
[2026-09-07T10:43:31.282+0900][14.605s][info][gc,phases   ] GC(185)   Evacuate Collection Set: 0.47ms
[2026-09-07T10:43:31.282+0900][14.605s][info][gc,phases   ] GC(185)   Post Evacuate Collection Set: 0.11ms
[2026-09-07T10:43:31.282+0900][14.605s][info][gc,phases   ] GC(185)   Other: 0.02ms
[2026-09-07T10:43:31.282+0900][14.605s][info][gc,heap     ] GC(185) Eden regions: 101->0(100)
[2026-09-07T10:43:31.282+0900][14.605s][info][gc,heap     ] GC(185) Survivor regions: 3->4(13)
[2026-09-07T10:43:31.282+0900][14.605s][info][gc,heap     ] GC(185) Old regions: 74->74
[2026-09-07T10:43:31.282+0900][14.605s][info][gc,heap     ] GC(185) Humongous regions: 2->2
[2026-09-07T10:43:31.282+0900][14.605s][info][gc,metaspace] GC(185) Metaspace: 23365K(23872K)->23365K(23872K) NonClass: 20546K(20800K)->20546K(20800K) Class: 2819K(3072K)->2819K(3072K)
[2026-09-07T10:43:31.282+0900][14.605s][info][gc          ] GC(185) Pause Young (Normal) (G1 Evacuation Pause) 358M->157M(380M) 0.789ms
[2026-09-07T10:43:31.282+0900][14.605s][info][gc,cpu      ] GC(185) User=0.01s Sys=0.00s Real=0.00s
[2026-09-07T10:43:31.282+0900][14.605s][info][safepoint   ] Safepoint "G1CollectForAllocation", Time since last: 77081708 ns, Reaching safepoint: 1542 ns, Cleanup: 541 ns, At safepoint: 804542 ns, Leaving safepoint: 1000 ns, Total: 807625 ns
[2026-09-07T10:43:31.359+0900][14.682s][info][gc,start    ] GC(186) Pause Young (Normal) (G1 Evacuation Pause)
[2026-09-07T10:43:31.359+0900][14.682s][info][gc,task     ] GC(186) Using 9 workers of 9 for evacuation
[2026-09-07T10:43:31.359+0900][14.682s][info][gc,phases   ] GC(186)   Pre Evacuate Collection Set: 0.08ms
[2026-09-07T10:43:31.359+0900][14.682s][info][gc,phases   ] GC(186)   Merge Heap Roots: 0.02ms
[2026-09-07T10:43:31.359+0900][14.682s][info][gc,phases   ] GC(186)   Evacuate Collection Set: 0.26ms
[2026-09-07T10:43:31.359+0900][14.682s][info][gc,phases   ] GC(186)   Post Evacuate Collection Set: 0.11ms
[2026-09-07T10:43:31.359+0900][14.682s][info][gc,phases   ] GC(186)   Other: 0.02ms
[2026-09-07T10:43:31.359+0900][14.682s][info][gc,heap     ] GC(186) Eden regions: 100->0(102)
[2026-09-07T10:43:31.359+0900][14.682s][info][gc,heap     ] GC(186) Survivor regions: 4->2(13)
[2026-09-07T10:43:31.359+0900][14.682s][info][gc,heap     ] GC(186) Old regions: 74->74
[2026-09-07T10:43:31.359+0900][14.682s][info][gc,heap     ] GC(186) Humongous regions: 2->2
[2026-09-07T10:43:31.359+0900][14.682s][info][gc,metaspace] GC(186) Metaspace: 23365K(23872K)->23365K(23872K) NonClass: 20546K(20800K)->20546K(20800K) Class: 2819K(3072K)->2819K(3072K)
[2026-09-07T10:43:31.359+0900][14.682s][info][gc          ] GC(186) Pause Young (Normal) (G1 Evacuation Pause) 357M->153M(380M) 0.556ms
[2026-09-07T10:43:31.359+0900][14.682s][info][gc,cpu      ] GC(186) User=0.00s Sys=0.00s Real=0.00s
[2026-09-07T10:43:31.359+0900][14.682s][info][safepoint   ] Safepoint "G1CollectForAllocation", Time since last: 76170875 ns, Reaching safepoint: 1375 ns, Cleanup: 1042 ns, At safepoint: 570291 ns, Leaving safepoint: 959 ns, Total: 573667 ns
[2026-09-07T10:43:31.438+0900][14.761s][info][gc,start    ] GC(187) Pause Young (Normal) (G1 Evacuation Pause)
[2026-09-07T10:43:31.438+0900][14.761s][info][gc,task     ] GC(187) Using 9 workers of 9 for evacuation
[2026-09-07T10:43:31.439+0900][14.762s][info][gc,phases   ] GC(187)   Pre Evacuate Collection Set: 0.08ms
[2026-09-07T10:43:31.439+0900][14.762s][info][gc,phases   ] GC(187)   Merge Heap Roots: 0.02ms
[2026-09-07T10:43:31.439+0900][14.762s][info][gc,phases   ] GC(187)   Evacuate Collection Set: 0.30ms
[2026-09-07T10:43:31.439+0900][14.762s][info][gc,phases   ] GC(187)   Post Evacuate Collection Set: 0.11ms
[2026-09-07T10:43:31.439+0900][14.762s][info][gc,phases   ] GC(187)   Other: 0.02ms
[2026-09-07T10:43:31.439+0900][14.762s][info][gc,heap     ] GC(187) Eden regions: 102->0(102)
[2026-09-07T10:43:31.439+0900][14.762s][info][gc,heap     ] GC(187) Survivor regions: 2->2(13)
[2026-09-07T10:43:31.439+0900][14.762s][info][gc,heap     ] GC(187) Old regions: 74->74
[2026-09-07T10:43:31.439+0900][14.762s][info][gc,heap     ] GC(187) Humongous regions: 2->2
[2026-09-07T10:43:31.439+0900][14.762s][info][gc,metaspace] GC(187) Metaspace: 23365K(23872K)->23365K(23872K) NonClass: 20546K(20800K)->20546K(20800K) Class: 2819K(3072K)->2819K(3072K)
[2026-09-07T10:43:31.439+0900][14.762s][info][gc          ] GC(187) Pause Young (Normal) (G1 Evacuation Pause) 357M->154M(380M) 0.596ms
[2026-09-07T10:43:31.439+0900][14.762s][info][gc,cpu      ] GC(187) User=0.01s Sys=0.00s Real=0.00s
[2026-09-07T10:43:31.439+0900][14.762s][info][safepoint   ] Safepoint "G1CollectForAllocation", Time since last: 79101125 ns, Reaching safepoint: 1166 ns, Cleanup: 584 ns, At safepoint: 609333 ns, Leaving safepoint: 917 ns, Total: 612000 ns
[2026-09-07T10:43:31.516+0900][14.839s][info][gc,start    ] GC(188) Pause Young (Normal) (G1 Evacuation Pause)
[2026-09-07T10:43:31.517+0900][14.839s][info][gc,task     ] GC(188) Using 9 workers of 9 for evacuation
[2026-09-07T10:43:31.517+0900][14.840s][info][gc,phases   ] GC(188)   Pre Evacuate Collection Set: 0.07ms
[2026-09-07T10:43:31.517+0900][14.840s][info][gc,phases   ] GC(188)   Merge Heap Roots: 0.04ms
[2026-09-07T10:43:31.517+0900][14.840s][info][gc,phases   ] GC(188)   Evacuate Collection Set: 0.39ms
[2026-09-07T10:43:31.517+0900][14.840s][info][gc,phases   ] GC(188)   Post Evacuate Collection Set: 0.12ms
[2026-09-07T10:43:31.517+0900][14.840s][info][gc,phases   ] GC(188)   Other: 0.02ms
[2026-09-07T10:43:31.517+0900][14.840s][info][gc,heap     ] GC(188) Eden regions: 102->0(101)
[2026-09-07T10:43:31.517+0900][14.840s][info][gc,heap     ] GC(188) Survivor regions: 2->3(13)
[2026-09-07T10:43:31.517+0900][14.840s][info][gc,heap     ] GC(188) Old regions: 74->74
[2026-09-07T10:43:31.517+0900][14.840s][info][gc,heap     ] GC(188) Humongous regions: 2->2
[2026-09-07T10:43:31.517+0900][14.840s][info][gc,metaspace] GC(188) Metaspace: 23365K(23872K)->23365K(23872K) NonClass: 20546K(20800K)->20546K(20800K) Class: 2819K(3072K)->2819K(3072K)
[2026-09-07T10:43:31.517+0900][14.840s][info][gc          ] GC(188) Pause Young (Normal) (G1 Evacuation Pause) 358M->155M(380M) 0.714ms
[2026-09-07T10:43:31.517+0900][14.840s][info][gc,cpu      ] GC(188) User=0.01s Sys=0.00s Real=0.00s
[2026-09-07T10:43:31.517+0900][14.840s][info][safepoint   ] Safepoint "G1CollectForAllocation", Time since last: 77545250 ns, Reaching safepoint: 1166 ns, Cleanup: 1042 ns, At safepoint: 728958 ns, Leaving safepoint: 834 ns, Total: 732000 ns
[2026-09-07T10:43:31.594+0900][14.917s][info][gc,start    ] GC(189) Pause Young (Normal) (G1 Evacuation Pause)
[2026-09-07T10:43:31.594+0900][14.917s][info][gc,task     ] GC(189) Using 9 workers of 9 for evacuation
[2026-09-07T10:43:31.595+0900][14.918s][info][gc,phases   ] GC(189)   Pre Evacuate Collection Set: 0.07ms
[2026-09-07T10:43:31.595+0900][14.918s][info][gc,phases   ] GC(189)   Merge Heap Roots: 0.04ms
[2026-09-07T10:43:31.595+0900][14.918s][info][gc,phases   ] GC(189)   Evacuate Collection Set: 0.42ms
[2026-09-07T10:43:31.595+0900][14.918s][info][gc,phases   ] GC(189)   Post Evacuate Collection Set: 0.10ms
[2026-09-07T10:43:31.595+0900][14.918s][info][gc,phases   ] GC(189)   Other: 0.01ms
[2026-09-07T10:43:31.595+0900][14.918s][info][gc,heap     ] GC(189) Eden regions: 101->0(101)
[2026-09-07T10:43:31.595+0900][14.918s][info][gc,heap     ] GC(189) Survivor regions: 3->3(13)
[2026-09-07T10:43:31.595+0900][14.918s][info][gc,heap     ] GC(189) Old regions: 74->74
[2026-09-07T10:43:31.595+0900][14.918s][info][gc,heap     ] GC(189) Humongous regions: 2->2
[2026-09-07T10:43:31.595+0900][14.918s][info][gc,metaspace] GC(189) Metaspace: 23365K(23872K)->23365K(23872K) NonClass: 20546K(20800K)->20546K(20800K) Class: 2819K(3072K)->2819K(3072K)
[2026-09-07T10:43:31.595+0900][14.918s][info][gc          ] GC(189) Pause Young (Normal) (G1 Evacuation Pause) 357M->156M(380M) 0.714ms
[2026-09-07T10:43:31.595+0900][14.918s][info][gc,cpu      ] GC(189) User=0.01s Sys=0.00s Real=0.00s
[2026-09-07T10:43:31.595+0900][14.918s][info][safepoint   ] Safepoint "G1CollectForAllocation", Time since last: 77194166 ns, Reaching safepoint: 959 ns, Cleanup: 541 ns, At safepoint: 726417 ns, Leaving safepoint: 875 ns, Total: 728792 ns
[2026-09-07T10:43:31.672+0900][14.995s][info][gc,start    ] GC(190) Pause Young (Normal) (G1 Evacuation Pause)
[2026-09-07T10:43:31.672+0900][14.995s][info][gc,task     ] GC(190) Using 9 workers of 9 for evacuation
[2026-09-07T10:43:31.673+0900][14.996s][info][gc,phases   ] GC(190)   Pre Evacuate Collection Set: 0.07ms
[2026-09-07T10:43:31.673+0900][14.996s][info][gc,phases   ] GC(190)   Merge Heap Roots: 0.02ms
[2026-09-07T10:43:31.673+0900][14.996s][info][gc,phases   ] GC(190)   Evacuate Collection Set: 0.14ms
[2026-09-07T10:43:31.673+0900][14.996s][info][gc,phases   ] GC(190)   Post Evacuate Collection Set: 0.11ms
[2026-09-07T10:43:31.673+0900][14.996s][info][gc,phases   ] GC(190)   Other: 0.02ms
[2026-09-07T10:43:31.673+0900][14.996s][info][gc,heap     ] GC(190) Eden regions: 101->0(103)
[2026-09-07T10:43:31.673+0900][14.996s][info][gc,heap     ] GC(190) Survivor regions: 3->1(13)
[2026-09-07T10:43:31.673+0900][14.996s][info][gc,heap     ] GC(190) Old regions: 74->74
[2026-09-07T10:43:31.673+0900][14.996s][info][gc,heap     ] GC(190) Humongous regions: 2->2
[2026-09-07T10:43:31.673+0900][14.996s][info][gc,metaspace] GC(190) Metaspace: 23365K(23872K)->23365K(23872K) NonClass: 20546K(20800K)->20546K(20800K) Class: 2819K(3072K)->2819K(3072K)
[2026-09-07T10:43:31.673+0900][14.996s][info][gc          ] GC(190) Pause Young (Normal) (G1 Evacuation Pause) 358M->152M(380M) 0.428ms
[2026-09-07T10:43:31.673+0900][14.996s][info][gc,cpu      ] GC(190) User=0.01s Sys=0.00s Real=0.00s
[2026-09-07T10:43:31.673+0900][14.996s][info][safepoint   ] Safepoint "G1CollectForAllocation", Time since last: 77049750 ns, Reaching safepoint: 1542 ns, Cleanup: 791 ns, At safepoint: 441000 ns, Leaving safepoint: 792 ns, Total: 444125 ns
[2026-09-07T10:43:31.751+0900][15.074s][info][gc,start    ] GC(191) Pause Young (Normal) (G1 Evacuation Pause)
[2026-09-07T10:43:31.751+0900][15.074s][info][gc,task     ] GC(191) Using 9 workers of 9 for evacuation
[2026-09-07T10:43:31.752+0900][15.075s][info][gc,phases   ] GC(191)   Pre Evacuate Collection Set: 0.08ms
[2026-09-07T10:43:31.752+0900][15.075s][info][gc,phases   ] GC(191)   Merge Heap Roots: 0.03ms
[2026-09-07T10:43:31.752+0900][15.075s][info][gc,phases   ] GC(191)   Evacuate Collection Set: 0.28ms
[2026-09-07T10:43:31.752+0900][15.075s][info][gc,phases   ] GC(191)   Post Evacuate Collection Set: 0.11ms
[2026-09-07T10:43:31.752+0900][15.075s][info][gc,phases   ] GC(191)   Other: 0.01ms
[2026-09-07T10:43:31.752+0900][15.075s][info][gc,heap     ] GC(191) Eden regions: 103->0(102)
[2026-09-07T10:43:31.752+0900][15.075s][info][gc,heap     ] GC(191) Survivor regions: 1->2(13)
[2026-09-07T10:43:31.752+0900][15.075s][info][gc,heap     ] GC(191) Old regions: 74->74
[2026-09-07T10:43:31.752+0900][15.075s][info][gc,heap     ] GC(191) Humongous regions: 2->2
[2026-09-07T10:43:31.752+0900][15.075s][info][gc,metaspace] GC(191) Metaspace: 23365K(23872K)->23365K(23872K) NonClass: 20546K(20800K)->20546K(20800K) Class: 2819K(3072K)->2819K(3072K)
[2026-09-07T10:43:31.752+0900][15.075s][info][gc          ] GC(191) Pause Young (Normal) (G1 Evacuation Pause) 358M->154M(380M) 0.593ms
[2026-09-07T10:43:31.752+0900][15.075s][info][gc,cpu      ] GC(191) User=0.01s Sys=0.01s Real=0.00s
[2026-09-07T10:43:31.752+0900][15.075s][info][safepoint   ] Safepoint "G1CollectForAllocation", Time since last: 78734875 ns, Reaching safepoint: 1000 ns, Cleanup: 1083 ns, At safepoint: 606209 ns, Leaving safepoint: 791 ns, Total: 609083 ns
[2026-09-07T10:43:31.830+0900][15.153s][info][gc,start    ] GC(192) Pause Young (Normal) (G1 Evacuation Pause)
[2026-09-07T10:43:31.830+0900][15.153s][info][gc,task     ] GC(192) Using 9 workers of 9 for evacuation
[2026-09-07T10:43:31.831+0900][15.154s][info][gc,phases   ] GC(192)   Pre Evacuate Collection Set: 0.07ms
[2026-09-07T10:43:31.831+0900][15.154s][info][gc,phases   ] GC(192)   Merge Heap Roots: 0.02ms
[2026-09-07T10:43:31.831+0900][15.154s][info][gc,phases   ] GC(192)   Evacuate Collection Set: 0.37ms
[2026-09-07T10:43:31.831+0900][15.154s][info][gc,phases   ] GC(192)   Post Evacuate Collection Set: 0.11ms
[2026-09-07T10:43:31.831+0900][15.154s][info][gc,phases   ] GC(192)   Other: 0.02ms
[2026-09-07T10:43:31.831+0900][15.154s][info][gc,heap     ] GC(192) Eden regions: 102->0(101)
[2026-09-07T10:43:31.831+0900][15.154s][info][gc,heap     ] GC(192) Survivor regions: 2->2(13)
[2026-09-07T10:43:31.831+0900][15.154s][info][gc,heap     ] GC(192) Old regions: 74->75
[2026-09-07T10:43:31.831+0900][15.154s][info][gc,heap     ] GC(192) Humongous regions: 2->2
[2026-09-07T10:43:31.831+0900][15.154s][info][gc,metaspace] GC(192) Metaspace: 23365K(23872K)->23365K(23872K) NonClass: 20546K(20800K)->20546K(20800K) Class: 2819K(3072K)->2819K(3072K)
[2026-09-07T10:43:31.831+0900][15.154s][info][gc          ] GC(192) Pause Young (Normal) (G1 Evacuation Pause) 358M->155M(380M) 0.657ms
[2026-09-07T10:43:31.831+0900][15.154s][info][gc,cpu      ] GC(192) User=0.00s Sys=0.00s Real=0.00s
[2026-09-07T10:43:31.831+0900][15.154s][info][safepoint   ] Safepoint "G1CollectForAllocation", Time since last: 78369417 ns, Reaching safepoint: 917 ns, Cleanup: 750 ns, At safepoint: 670208 ns, Leaving safepoint: 917 ns, Total: 672792 ns
[2026-09-07T10:43:31.908+0900][15.231s][info][gc,start    ] GC(193) Pause Young (Normal) (G1 Evacuation Pause)
[2026-09-07T10:43:31.908+0900][15.231s][info][gc,task     ] GC(193) Using 9 workers of 9 for evacuation
[2026-09-07T10:43:31.909+0900][15.232s][info][gc,phases   ] GC(193)   Pre Evacuate Collection Set: 0.07ms
[2026-09-07T10:43:31.909+0900][15.232s][info][gc,phases   ] GC(193)   Merge Heap Roots: 0.05ms
[2026-09-07T10:43:31.909+0900][15.232s][info][gc,phases   ] GC(193)   Evacuate Collection Set: 0.39ms
[2026-09-07T10:43:31.909+0900][15.232s][info][gc,phases   ] GC(193)   Post Evacuate Collection Set: 0.11ms
[2026-09-07T10:43:31.909+0900][15.232s][info][gc,phases   ] GC(193)   Other: 0.02ms
[2026-09-07T10:43:31.909+0900][15.232s][info][gc,heap     ] GC(193) Eden regions: 101->0(100)
[2026-09-07T10:43:31.909+0900][15.232s][info][gc,heap     ] GC(193) Survivor regions: 2->3(13)
[2026-09-07T10:43:31.909+0900][15.232s][info][gc,heap     ] GC(193) Old regions: 75->75
[2026-09-07T10:43:31.909+0900][15.232s][info][gc,heap     ] GC(193) Humongous regions: 2->2
[2026-09-07T10:43:31.909+0900][15.232s][info][gc,metaspace] GC(193) Metaspace: 23365K(23872K)->23365K(23872K) NonClass: 20546K(20800K)->20546K(20800K) Class: 2819K(3072K)->2819K(3072K)
[2026-09-07T10:43:31.909+0900][15.232s][info][gc          ] GC(193) Pause Young (Normal) (G1 Evacuation Pause) 357M->156M(380M) 0.709ms
[2026-09-07T10:43:31.909+0900][15.232s][info][gc,cpu      ] GC(193) User=0.00s Sys=0.00s Real=0.00s
[2026-09-07T10:43:31.909+0900][15.232s][info][safepoint   ] Safepoint "G1CollectForAllocation", Time since last: 77298666 ns, Reaching safepoint: 1084 ns, Cleanup: 916 ns, At safepoint: 722959 ns, Leaving safepoint: 916 ns, Total: 725875 ns
[2026-09-07T10:43:31.985+0900][15.308s][info][gc,start    ] GC(194) Pause Young (Normal) (G1 Evacuation Pause)
[2026-09-07T10:43:31.985+0900][15.308s][info][gc,task     ] GC(194) Using 9 workers of 9 for evacuation
[2026-09-07T10:43:31.986+0900][15.309s][info][gc,phases   ] GC(194)   Pre Evacuate Collection Set: 0.07ms
[2026-09-07T10:43:31.986+0900][15.309s][info][gc,phases   ] GC(194)   Merge Heap Roots: 0.03ms
[2026-09-07T10:43:31.986+0900][15.309s][info][gc,phases   ] GC(194)   Evacuate Collection Set: 0.48ms
[2026-09-07T10:43:31.986+0900][15.309s][info][gc,phases   ] GC(194)   Post Evacuate Collection Set: 0.11ms
[2026-09-07T10:43:31.986+0900][15.309s][info][gc,phases   ] GC(194)   Other: 0.02ms
[2026-09-07T10:43:31.986+0900][15.309s][info][gc,heap     ] GC(194) Eden regions: 100->0(100)
[2026-09-07T10:43:31.986+0900][15.309s][info][gc,heap     ] GC(194) Survivor regions: 3->3(13)
[2026-09-07T10:43:31.986+0900][15.309s][info][gc,heap     ] GC(194) Old regions: 75->75
[2026-09-07T10:43:31.986+0900][15.309s][info][gc,heap     ] GC(194) Humongous regions: 2->2
[2026-09-07T10:43:31.986+0900][15.309s][info][gc,metaspace] GC(194) Metaspace: 23365K(23872K)->23365K(23872K) NonClass: 20546K(20800K)->20546K(20800K) Class: 2819K(3072K)->2819K(3072K)
[2026-09-07T10:43:31.986+0900][15.309s][info][gc          ] GC(194) Pause Young (Normal) (G1 Evacuation Pause) 356M->157M(380M) 0.780ms
[2026-09-07T10:43:31.986+0900][15.309s][info][gc,cpu      ] GC(194) User=0.00s Sys=0.00s Real=0.00s
[2026-09-07T10:43:31.986+0900][15.309s][info][safepoint   ] Safepoint "G1CollectForAllocation", Time since last: 76220042 ns, Reaching safepoint: 917 ns, Cleanup: 2041 ns, At safepoint: 793375 ns, Leaving safepoint: 1334 ns, Total: 797667 ns
[2026-09-07T10:43:32.062+0900][15.385s][info][gc,start    ] GC(195) Pause Young (Normal) (G1 Evacuation Pause)
[2026-09-07T10:43:32.062+0900][15.385s][info][gc,task     ] GC(195) Using 9 workers of 9 for evacuation
[2026-09-07T10:43:32.063+0900][15.386s][info][gc,phases   ] GC(195)   Pre Evacuate Collection Set: 0.06ms
[2026-09-07T10:43:32.063+0900][15.386s][info][gc,phases   ] GC(195)   Merge Heap Roots: 0.02ms
[2026-09-07T10:43:32.063+0900][15.386s][info][gc,phases   ] GC(195)   Evacuate Collection Set: 0.23ms
[2026-09-07T10:43:32.063+0900][15.386s][info][gc,phases   ] GC(195)   Post Evacuate Collection Set: 0.11ms
[2026-09-07T10:43:32.063+0900][15.386s][info][gc,phases   ] GC(195)   Other: 0.02ms
[2026-09-07T10:43:32.063+0900][15.386s][info][gc,heap     ] GC(195) Eden regions: 100->0(101)
[2026-09-07T10:43:32.063+0900][15.386s][info][gc,heap     ] GC(195) Survivor regions: 3->2(13)
[2026-09-07T10:43:32.063+0900][15.386s][info][gc,heap     ] GC(195) Old regions: 75->75
[2026-09-07T10:43:32.063+0900][15.386s][info][gc,heap     ] GC(195) Humongous regions: 2->2
[2026-09-07T10:43:32.063+0900][15.386s][info][gc,metaspace] GC(195) Metaspace: 23366K(23872K)->23366K(23872K) NonClass: 20546K(20800K)->20546K(20800K) Class: 2819K(3072K)->2819K(3072K)
[2026-09-07T10:43:32.063+0900][15.386s][info][gc          ] GC(195) Pause Young (Normal) (G1 Evacuation Pause) 357M->153M(380M) 0.512ms
[2026-09-07T10:43:32.063+0900][15.386s][info][gc,cpu      ] GC(195) User=0.00s Sys=0.00s Real=0.00s
[2026-09-07T10:43:32.063+0900][15.386s][info][safepoint   ] Safepoint "G1CollectForAllocation", Time since last: 76386041 ns, Reaching safepoint: 1000 ns, Cleanup: 959 ns, At safepoint: 527000 ns, Leaving safepoint: 1041 ns, Total: 530000 ns
[2026-09-07T10:43:32.140+0900][15.463s][info][gc,start    ] GC(196) Pause Young (Normal) (G1 Evacuation Pause)
[2026-09-07T10:43:32.140+0900][15.463s][info][gc,task     ] GC(196) Using 9 workers of 9 for evacuation
[2026-09-07T10:43:32.141+0900][15.463s][info][gc,phases   ] GC(196)   Pre Evacuate Collection Set: 0.07ms
[2026-09-07T10:43:32.141+0900][15.463s][info][gc,phases   ] GC(196)   Merge Heap Roots: 0.02ms
[2026-09-07T10:43:32.141+0900][15.463s][info][gc,phases   ] GC(196)   Evacuate Collection Set: 0.31ms
[2026-09-07T10:43:32.141+0900][15.463s][info][gc,phases   ] GC(196)   Post Evacuate Collection Set: 0.12ms
[2026-09-07T10:43:32.141+0900][15.463s][info][gc,phases   ] GC(196)   Other: 0.02ms
[2026-09-07T10:43:32.141+0900][15.463s][info][gc,heap     ] GC(196) Eden regions: 101->0(101)
[2026-09-07T10:43:32.141+0900][15.463s][info][gc,heap     ] GC(196) Survivor regions: 2->2(13)
[2026-09-07T10:43:32.141+0900][15.463s][info][gc,heap     ] GC(196) Old regions: 75->75
[2026-09-07T10:43:32.141+0900][15.463s][info][gc,heap     ] GC(196) Humongous regions: 2->2
[2026-09-07T10:43:32.141+0900][15.463s][info][gc,metaspace] GC(196) Metaspace: 23366K(23872K)->23366K(23872K) NonClass: 20546K(20800K)->20546K(20800K) Class: 2819K(3072K)->2819K(3072K)
[2026-09-07T10:43:32.141+0900][15.464s][info][gc          ] GC(196) Pause Young (Normal) (G1 Evacuation Pause) 355M->154M(380M) 0.596ms
[2026-09-07T10:43:32.141+0900][15.464s][info][gc,cpu      ] GC(196) User=0.00s Sys=0.00s Real=0.00s
[2026-09-07T10:43:32.141+0900][15.464s][info][safepoint   ] Safepoint "G1CollectForAllocation", Time since last: 77001459 ns, Reaching safepoint: 1291 ns, Cleanup: 542 ns, At safepoint: 609458 ns, Leaving safepoint: 959 ns, Total: 612250 ns
[2026-09-07T10:43:32.218+0900][15.541s][info][gc,start    ] GC(197) Pause Young (Normal) (G1 Evacuation Pause)
[2026-09-07T10:43:32.218+0900][15.541s][info][gc,task     ] GC(197) Using 9 workers of 9 for evacuation
[2026-09-07T10:43:32.219+0900][15.541s][info][gc,phases   ] GC(197)   Pre Evacuate Collection Set: 0.07ms
[2026-09-07T10:43:32.219+0900][15.541s][info][gc,phases   ] GC(197)   Merge Heap Roots: 0.02ms
[2026-09-07T10:43:32.219+0900][15.541s][info][gc,phases   ] GC(197)   Evacuate Collection Set: 0.39ms
[2026-09-07T10:43:32.219+0900][15.541s][info][gc,phases   ] GC(197)   Post Evacuate Collection Set: 0.11ms
[2026-09-07T10:43:32.219+0900][15.541s][info][gc,phases   ] GC(197)   Other: 0.02ms
[2026-09-07T10:43:32.219+0900][15.541s][info][gc,heap     ] GC(197) Eden regions: 101->0(100)
[2026-09-07T10:43:32.219+0900][15.541s][info][gc,heap     ] GC(197) Survivor regions: 2->3(13)
[2026-09-07T10:43:32.219+0900][15.541s][info][gc,heap     ] GC(197) Old regions: 75->75
[2026-09-07T10:43:32.219+0900][15.541s][info][gc,heap     ] GC(197) Humongous regions: 2->2
[2026-09-07T10:43:32.219+0900][15.542s][info][gc,metaspace] GC(197) Metaspace: 23366K(23872K)->23366K(23872K) NonClass: 20546K(20800K)->20546K(20800K) Class: 2819K(3072K)->2819K(3072K)
[2026-09-07T10:43:32.219+0900][15.542s][info][gc          ] GC(197) Pause Young (Normal) (G1 Evacuation Pause) 356M->156M(380M) 0.670ms
[2026-09-07T10:43:32.219+0900][15.542s][info][gc,cpu      ] GC(197) User=0.00s Sys=0.00s Real=0.00s
[2026-09-07T10:43:32.219+0900][15.542s][info][safepoint   ] Safepoint "G1CollectForAllocation", Time since last: 77319500 ns, Reaching safepoint: 916 ns, Cleanup: 417 ns, At safepoint: 684375 ns, Leaving safepoint: 792 ns, Total: 686500 ns
[2026-09-07T10:43:32.296+0900][15.618s][info][gc,start    ] GC(198) Pause Young (Normal) (G1 Evacuation Pause)
[2026-09-07T10:43:32.296+0900][15.618s][info][gc,task     ] GC(198) Using 9 workers of 9 for evacuation
[2026-09-07T10:43:32.296+0900][15.619s][info][gc,phases   ] GC(198)   Pre Evacuate Collection Set: 0.07ms
[2026-09-07T10:43:32.296+0900][15.619s][info][gc,phases   ] GC(198)   Merge Heap Roots: 0.02ms
[2026-09-07T10:43:32.296+0900][15.619s][info][gc,phases   ] GC(198)   Evacuate Collection Set: 0.42ms
[2026-09-07T10:43:32.296+0900][15.619s][info][gc,phases   ] GC(198)   Post Evacuate Collection Set: 0.12ms
[2026-09-07T10:43:32.296+0900][15.619s][info][gc,phases   ] GC(198)   Other: 0.02ms
[2026-09-07T10:43:32.296+0900][15.619s][info][gc,heap     ] GC(198) Eden regions: 100->0(100)
[2026-09-07T10:43:32.296+0900][15.619s][info][gc,heap     ] GC(198) Survivor regions: 3->3(13)
[2026-09-07T10:43:32.296+0900][15.619s][info][gc,heap     ] GC(198) Old regions: 75->75
[2026-09-07T10:43:32.296+0900][15.619s][info][gc,heap     ] GC(198) Humongous regions: 2->2
[2026-09-07T10:43:32.296+0900][15.619s][info][gc,metaspace] GC(198) Metaspace: 23366K(23872K)->23366K(23872K) NonClass: 20546K(20800K)->20546K(20800K) Class: 2819K(3072K)->2819K(3072K)
[2026-09-07T10:43:32.296+0900][15.619s][info][gc          ] GC(198) Pause Young (Normal) (G1 Evacuation Pause) 356M->157M(380M) 0.705ms
[2026-09-07T10:43:32.296+0900][15.619s][info][gc,cpu      ] GC(198) User=0.00s Sys=0.00s Real=0.00s
[2026-09-07T10:43:32.296+0900][15.619s][info][safepoint   ] Safepoint "G1CollectForAllocation", Time since last: 76934375 ns, Reaching safepoint: 1208 ns, Cleanup: 1042 ns, At safepoint: 718250 ns, Leaving safepoint: 916 ns, Total: 721416 ns
[2026-09-07T10:43:32.374+0900][15.697s][info][gc,start    ] GC(199) Pause Young (Normal) (G1 Evacuation Pause)
[2026-09-07T10:43:32.374+0900][15.697s][info][gc,task     ] GC(199) Using 9 workers of 9 for evacuation
[2026-09-07T10:43:32.374+0900][15.697s][info][gc,phases   ] GC(199)   Pre Evacuate Collection Set: 0.08ms
[2026-09-07T10:43:32.374+0900][15.697s][info][gc,phases   ] GC(199)   Merge Heap Roots: 0.02ms
[2026-09-07T10:43:32.374+0900][15.697s][info][gc,phases   ] GC(199)   Evacuate Collection Set: 0.22ms
[2026-09-07T10:43:32.374+0900][15.697s][info][gc,phases   ] GC(199)   Post Evacuate Collection Set: 0.12ms
[2026-09-07T10:43:32.374+0900][15.697s][info][gc,phases   ] GC(199)   Other: 0.02ms
[2026-09-07T10:43:32.374+0900][15.697s][info][gc,heap     ] GC(199) Eden regions: 100->0(102)
[2026-09-07T10:43:32.374+0900][15.697s][info][gc,heap     ] GC(199) Survivor regions: 3->1(13)
[2026-09-07T10:43:32.374+0900][15.697s][info][gc,heap     ] GC(199) Old regions: 75->75
[2026-09-07T10:43:32.374+0900][15.697s][info][gc,heap     ] GC(199) Humongous regions: 2->2
[2026-09-07T10:43:32.374+0900][15.697s][info][gc,metaspace] GC(199) Metaspace: 23366K(23872K)->23366K(23872K) NonClass: 20546K(20800K)->20546K(20800K) Class: 2819K(3072K)->2819K(3072K)
[2026-09-07T10:43:32.374+0900][15.697s][info][gc          ] GC(199) Pause Young (Normal) (G1 Evacuation Pause) 357M->153M(380M) 0.512ms
[2026-09-07T10:43:32.374+0900][15.697s][info][gc,cpu      ] GC(199) User=0.00s Sys=0.00s Real=0.00s
[2026-09-07T10:43:32.374+0900][15.697s][info][safepoint   ] Safepoint "G1CollectForAllocation", Time since last: 77543667 ns, Reaching safepoint: 1000 ns, Cleanup: 1292 ns, At safepoint: 525333 ns, Leaving safepoint: 1000 ns, Total: 528625 ns
[2026-09-07T10:43:32.452+0900][15.775s][info][gc,start    ] GC(200) Pause Young (Normal) (G1 Evacuation Pause)
[2026-09-07T10:43:32.452+0900][15.775s][info][gc,task     ] GC(200) Using 9 workers of 9 for evacuation
[2026-09-07T10:43:32.452+0900][15.775s][info][gc,phases   ] GC(200)   Pre Evacuate Collection Set: 0.05ms
[2026-09-07T10:43:32.452+0900][15.775s][info][gc,phases   ] GC(200)   Merge Heap Roots: 0.04ms
[2026-09-07T10:43:32.452+0900][15.775s][info][gc,phases   ] GC(200)   Evacuate Collection Set: 0.27ms
[2026-09-07T10:43:32.452+0900][15.775s][info][gc,phases   ] GC(200)   Post Evacuate Collection Set: 0.12ms
[2026-09-07T10:43:32.452+0900][15.775s][info][gc,phases   ] GC(200)   Other: 0.02ms
[2026-09-07T10:43:32.452+0900][15.775s][info][gc,heap     ] GC(200) Eden regions: 102->0(101)
[2026-09-07T10:43:32.452+0900][15.775s][info][gc,heap     ] GC(200) Survivor regions: 1->2(13)
[2026-09-07T10:43:32.452+0900][15.775s][info][gc,heap     ] GC(200) Old regions: 75->75
[2026-09-07T10:43:32.452+0900][15.775s][info][gc,heap     ] GC(200) Humongous regions: 2->2
[2026-09-07T10:43:32.452+0900][15.775s][info][gc,metaspace] GC(200) Metaspace: 23366K(23872K)->23366K(23872K) NonClass: 20546K(20800K)->20546K(20800K) Class: 2819K(3072K)->2819K(3072K)
[2026-09-07T10:43:32.452+0900][15.775s][info][gc          ] GC(200) Pause Young (Normal) (G1 Evacuation Pause) 357M->154M(380M) 0.564ms
[2026-09-07T10:43:32.452+0900][15.775s][info][gc,cpu      ] GC(200) User=0.00s Sys=0.00s Real=0.00s
[2026-09-07T10:43:32.452+0900][15.775s][info][safepoint   ] Safepoint "G1CollectForAllocation", Time since last: 77308458 ns, Reaching safepoint: 1042 ns, Cleanup: 708 ns, At safepoint: 577042 ns, Leaving safepoint: 833 ns, Total: 579625 ns
[2026-09-07T10:43:32.530+0900][15.853s][info][gc,start    ] GC(201) Pause Young (Normal) (G1 Evacuation Pause)
[2026-09-07T10:43:32.530+0900][15.853s][info][gc,task     ] GC(201) Using 9 workers of 9 for evacuation
[2026-09-07T10:43:32.530+0900][15.853s][info][gc,phases   ] GC(201)   Pre Evacuate Collection Set: 0.08ms
[2026-09-07T10:43:32.530+0900][15.853s][info][gc,phases   ] GC(201)   Merge Heap Roots: 0.03ms
[2026-09-07T10:43:32.530+0900][15.853s][info][gc,phases   ] GC(201)   Evacuate Collection Set: 0.34ms
[2026-09-07T10:43:32.530+0900][15.853s][info][gc,phases   ] GC(201)   Post Evacuate Collection Set: 0.12ms
[2026-09-07T10:43:32.530+0900][15.853s][info][gc,phases   ] GC(201)   Other: 0.02ms
[2026-09-07T10:43:32.530+0900][15.853s][info][gc,heap     ] GC(201) Eden regions: 101->0(101)
[2026-09-07T10:43:32.530+0900][15.853s][info][gc,heap     ] GC(201) Survivor regions: 2->2(13)
[2026-09-07T10:43:32.530+0900][15.853s][info][gc,heap     ] GC(201) Old regions: 75->75
[2026-09-07T10:43:32.530+0900][15.853s][info][gc,heap     ] GC(201) Humongous regions: 2->2
[2026-09-07T10:43:32.530+0900][15.853s][info][gc,metaspace] GC(201) Metaspace: 23366K(23872K)->23366K(23872K) NonClass: 20546K(20800K)->20546K(20800K) Class: 2819K(3072K)->2819K(3072K)
[2026-09-07T10:43:32.530+0900][15.853s][info][gc          ] GC(201) Pause Young (Normal) (G1 Evacuation Pause) 356M->155M(380M) 0.647ms
[2026-09-07T10:43:32.530+0900][15.853s][info][gc,cpu      ] GC(201) User=0.00s Sys=0.00s Real=0.00s
[2026-09-07T10:43:32.530+0900][15.853s][info][safepoint   ] Safepoint "G1CollectForAllocation", Time since last: 77603500 ns, Reaching safepoint: 1250 ns, Cleanup: 917 ns, At safepoint: 656833 ns, Leaving safepoint: 750 ns, Total: 659750 ns
[2026-09-07T10:43:32.608+0900][15.931s][info][gc,start    ] GC(202) Pause Young (Normal) (G1 Evacuation Pause)
[2026-09-07T10:43:32.608+0900][15.931s][info][gc,task     ] GC(202) Using 9 workers of 9 for evacuation
[2026-09-07T10:43:32.609+0900][15.931s][info][gc,phases   ] GC(202)   Pre Evacuate Collection Set: 0.08ms
[2026-09-07T10:43:32.609+0900][15.931s][info][gc,phases   ] GC(202)   Merge Heap Roots: 0.04ms
[2026-09-07T10:43:32.609+0900][15.931s][info][gc,phases   ] GC(202)   Evacuate Collection Set: 0.44ms
[2026-09-07T10:43:32.609+0900][15.931s][info][gc,phases   ] GC(202)   Post Evacuate Collection Set: 0.10ms
[2026-09-07T10:43:32.609+0900][15.931s][info][gc,phases   ] GC(202)   Other: 0.02ms
[2026-09-07T10:43:32.609+0900][15.931s][info][gc,heap     ] GC(202) Eden regions: 101->0(100)
[2026-09-07T10:43:32.609+0900][15.931s][info][gc,heap     ] GC(202) Survivor regions: 2->3(13)
[2026-09-07T10:43:32.609+0900][15.931s][info][gc,heap     ] GC(202) Old regions: 75->75
[2026-09-07T10:43:32.609+0900][15.931s][info][gc,heap     ] GC(202) Humongous regions: 2->2
[2026-09-07T10:43:32.609+0900][15.931s][info][gc,metaspace] GC(202) Metaspace: 23366K(23872K)->23366K(23872K) NonClass: 20546K(20800K)->20546K(20800K) Class: 2819K(3072K)->2819K(3072K)
[2026-09-07T10:43:32.609+0900][15.931s][info][gc          ] GC(202) Pause Young (Normal) (G1 Evacuation Pause) 357M->157M(380M) 0.743ms
[2026-09-07T10:43:32.609+0900][15.931s][info][gc,cpu      ] GC(202) User=0.00s Sys=0.00s Real=0.00s
[2026-09-07T10:43:32.609+0900][15.932s][info][safepoint   ] Safepoint "G1CollectForAllocation", Time since last: 77347459 ns, Reaching safepoint: 1125 ns, Cleanup: 1041 ns, At safepoint: 756334 ns, Leaving safepoint: 1000 ns, Total: 759500 ns
[2026-09-07T10:43:32.686+0900][16.009s][info][gc,start    ] GC(203) Pause Young (Normal) (G1 Evacuation Pause)
[2026-09-07T10:43:32.686+0900][16.009s][info][gc,task     ] GC(203) Using 9 workers of 9 for evacuation
[2026-09-07T10:43:32.687+0900][16.010s][info][gc,phases   ] GC(203)   Pre Evacuate Collection Set: 0.08ms
[2026-09-07T10:43:32.687+0900][16.010s][info][gc,phases   ] GC(203)   Merge Heap Roots: 0.04ms
[2026-09-07T10:43:32.687+0900][16.010s][info][gc,phases   ] GC(203)   Evacuate Collection Set: 0.48ms
[2026-09-07T10:43:32.687+0900][16.010s][info][gc,phases   ] GC(203)   Post Evacuate Collection Set: 0.11ms
[2026-09-07T10:43:32.687+0900][16.010s][info][gc,phases   ] GC(203)   Other: 0.02ms
[2026-09-07T10:43:32.687+0900][16.010s][info][gc,heap     ] GC(203) Eden regions: 100->0(99)
[2026-09-07T10:43:32.687+0900][16.010s][info][gc,heap     ] GC(203) Survivor regions: 3->4(13)
[2026-09-07T10:43:32.687+0900][16.010s][info][gc,heap     ] GC(203) Old regions: 75->75
[2026-09-07T10:43:32.687+0900][16.010s][info][gc,heap     ] GC(203) Humongous regions: 2->2
[2026-09-07T10:43:32.687+0900][16.010s][info][gc,metaspace] GC(203) Metaspace: 23366K(23872K)->23366K(23872K) NonClass: 20546K(20800K)->20546K(20800K) Class: 2819K(3072K)->2819K(3072K)
[2026-09-07T10:43:32.687+0900][16.010s][info][gc          ] GC(203) Pause Young (Normal) (G1 Evacuation Pause) 357M->158M(380M) 0.786ms
[2026-09-07T10:43:32.687+0900][16.010s][info][gc,cpu      ] GC(203) User=0.00s Sys=0.00s Real=0.00s
[2026-09-07T10:43:32.687+0900][16.010s][info][safepoint   ] Safepoint "G1CollectForAllocation", Time since last: 77459375 ns, Reaching safepoint: 1125 ns, Cleanup: 333 ns, At safepoint: 800792 ns, Leaving safepoint: 1041 ns, Total: 803291 ns
[2026-09-07T10:43:32.765+0900][16.088s][info][gc,start    ] GC(204) Pause Young (Normal) (G1 Evacuation Pause)
[2026-09-07T10:43:32.765+0900][16.088s][info][gc,task     ] GC(204) Using 9 workers of 9 for evacuation
[2026-09-07T10:43:32.765+0900][16.088s][info][gc,phases   ] GC(204)   Pre Evacuate Collection Set: 0.08ms
[2026-09-07T10:43:32.765+0900][16.088s][info][gc,phases   ] GC(204)   Merge Heap Roots: 0.04ms
[2026-09-07T10:43:32.765+0900][16.088s][info][gc,phases   ] GC(204)   Evacuate Collection Set: 0.24ms
[2026-09-07T10:43:32.765+0900][16.088s][info][gc,phases   ] GC(204)   Post Evacuate Collection Set: 0.11ms
[2026-09-07T10:43:32.765+0900][16.088s][info][gc,phases   ] GC(204)   Other: 0.02ms
[2026-09-07T10:43:32.765+0900][16.088s][info][gc,heap     ] GC(204) Eden regions: 99->0(101)
[2026-09-07T10:43:32.765+0900][16.088s][info][gc,heap     ] GC(204) Survivor regions: 4->2(13)
[2026-09-07T10:43:32.765+0900][16.088s][info][gc,heap     ] GC(204) Old regions: 75->75
[2026-09-07T10:43:32.765+0900][16.088s][info][gc,heap     ] GC(204) Humongous regions: 2->2
[2026-09-07T10:43:32.765+0900][16.088s][info][gc,metaspace] GC(204) Metaspace: 23366K(23872K)->23366K(23872K) NonClass: 20546K(20800K)->20546K(20800K) Class: 2819K(3072K)->2819K(3072K)
[2026-09-07T10:43:32.765+0900][16.088s][info][gc          ] GC(204) Pause Young (Normal) (G1 Evacuation Pause) 356M->154M(380M) 0.556ms
[2026-09-07T10:43:32.765+0900][16.088s][info][gc,cpu      ] GC(204) User=0.00s Sys=0.01s Real=0.00s
[2026-09-07T10:43:32.765+0900][16.088s][info][safepoint   ] Safepoint "G1CollectForAllocation", Time since last: 77852792 ns, Reaching safepoint: 1750 ns, Cleanup: 708 ns, At safepoint: 572375 ns, Leaving safepoint: 959 ns, Total: 575792 ns
[2026-09-07T10:43:32.844+0900][16.167s][info][gc,start    ] GC(205) Pause Young (Normal) (G1 Evacuation Pause)
[2026-09-07T10:43:32.844+0900][16.167s][info][gc,task     ] GC(205) Using 9 workers of 9 for evacuation
[2026-09-07T10:43:32.845+0900][16.168s][info][gc,phases   ] GC(205)   Pre Evacuate Collection Set: 0.07ms
[2026-09-07T10:43:32.845+0900][16.168s][info][gc,phases   ] GC(205)   Merge Heap Roots: 0.02ms
[2026-09-07T10:43:32.845+0900][16.168s][info][gc,phases   ] GC(205)   Evacuate Collection Set: 0.33ms
[2026-09-07T10:43:32.845+0900][16.168s][info][gc,phases   ] GC(205)   Post Evacuate Collection Set: 0.11ms
[2026-09-07T10:43:32.845+0900][16.168s][info][gc,phases   ] GC(205)   Other: 0.02ms
[2026-09-07T10:43:32.845+0900][16.168s][info][gc,heap     ] GC(205) Eden regions: 101->0(101)
[2026-09-07T10:43:32.845+0900][16.168s][info][gc,heap     ] GC(205) Survivor regions: 2->2(13)
[2026-09-07T10:43:32.845+0900][16.168s][info][gc,heap     ] GC(205) Old regions: 75->75
[2026-09-07T10:43:32.845+0900][16.168s][info][gc,heap     ] GC(205) Humongous regions: 2->2
[2026-09-07T10:43:32.845+0900][16.168s][info][gc,metaspace] GC(205) Metaspace: 23366K(23872K)->23366K(23872K) NonClass: 20546K(20800K)->20546K(20800K) Class: 2819K(3072K)->2819K(3072K)
[2026-09-07T10:43:32.845+0900][16.168s][info][gc          ] GC(205) Pause Young (Normal) (G1 Evacuation Pause) 356M->155M(380M) 0.629ms
[2026-09-07T10:43:32.845+0900][16.168s][info][gc,cpu      ] GC(205) User=0.00s Sys=0.00s Real=0.00s
[2026-09-07T10:43:32.845+0900][16.168s][info][safepoint   ] Safepoint "G1CollectForAllocation", Time since last: 78985000 ns, Reaching safepoint: 1125 ns, Cleanup: 666 ns, At safepoint: 643625 ns, Leaving safepoint: 959 ns, Total: 646375 ns
[2026-09-07T10:43:32.921+0900][16.244s][info][gc,start    ] GC(206) Pause Young (Normal) (G1 Evacuation Pause)
[2026-09-07T10:43:32.921+0900][16.244s][info][gc,task     ] GC(206) Using 9 workers of 9 for evacuation
[2026-09-07T10:43:32.922+0900][16.245s][info][gc,phases   ] GC(206)   Pre Evacuate Collection Set: 0.08ms
[2026-09-07T10:43:32.922+0900][16.245s][info][gc,phases   ] GC(206)   Merge Heap Roots: 0.03ms
[2026-09-07T10:43:32.922+0900][16.245s][info][gc,phases   ] GC(206)   Evacuate Collection Set: 0.41ms
[2026-09-07T10:43:32.922+0900][16.245s][info][gc,phases   ] GC(206)   Post Evacuate Collection Set: 0.12ms
[2026-09-07T10:43:32.922+0900][16.245s][info][gc,phases   ] GC(206)   Other: 0.02ms
[2026-09-07T10:43:32.922+0900][16.245s][info][gc,heap     ] GC(206) Eden regions: 101->0(100)
[2026-09-07T10:43:32.922+0900][16.245s][info][gc,heap     ] GC(206) Survivor regions: 2->3(13)
[2026-09-07T10:43:32.922+0900][16.245s][info][gc,heap     ] GC(206) Old regions: 75->75
[2026-09-07T10:43:32.922+0900][16.245s][info][gc,heap     ] GC(206) Humongous regions: 2->2
[2026-09-07T10:43:32.922+0900][16.245s][info][gc,metaspace] GC(206) Metaspace: 23366K(23872K)->23366K(23872K) NonClass: 20546K(20800K)->20546K(20800K) Class: 2819K(3072K)->2819K(3072K)
[2026-09-07T10:43:32.922+0900][16.245s][info][gc          ] GC(206) Pause Young (Normal) (G1 Evacuation Pause) 357M->156M(380M) 0.739ms
[2026-09-07T10:43:32.922+0900][16.245s][info][gc,cpu      ] GC(206) User=0.00s Sys=0.00s Real=0.00s
[2026-09-07T10:43:32.922+0900][16.245s][info][safepoint   ] Safepoint "G1CollectForAllocation", Time since last: 76176000 ns, Reaching safepoint: 1291 ns, Cleanup: 875 ns, At safepoint: 755375 ns, Leaving safepoint: 917 ns, Total: 758458 ns
[2026-09-07T10:43:32.999+0900][16.322s][info][gc,start    ] GC(207) Pause Young (Normal) (G1 Evacuation Pause)
[2026-09-07T10:43:32.999+0900][16.322s][info][gc,task     ] GC(207) Using 9 workers of 9 for evacuation
[2026-09-07T10:43:33.000+0900][16.323s][info][gc,phases   ] GC(207)   Pre Evacuate Collection Set: 0.08ms
[2026-09-07T10:43:33.000+0900][16.323s][info][gc,phases   ] GC(207)   Merge Heap Roots: 0.02ms
[2026-09-07T10:43:33.000+0900][16.323s][info][gc,phases   ] GC(207)   Evacuate Collection Set: 0.49ms
[2026-09-07T10:43:33.000+0900][16.323s][info][gc,phases   ] GC(207)   Post Evacuate Collection Set: 0.11ms
[2026-09-07T10:43:33.000+0900][16.323s][info][gc,phases   ] GC(207)   Other: 0.02ms
[2026-09-07T10:43:33.000+0900][16.323s][info][gc,heap     ] GC(207) Eden regions: 100->0(100)
[2026-09-07T10:43:33.000+0900][16.323s][info][gc,heap     ] GC(207) Survivor regions: 3->3(13)
[2026-09-07T10:43:33.000+0900][16.323s][info][gc,heap     ] GC(207) Old regions: 75->75
[2026-09-07T10:43:33.000+0900][16.323s][info][gc,heap     ] GC(207) Humongous regions: 2->2
[2026-09-07T10:43:33.000+0900][16.323s][info][gc,metaspace] GC(207) Metaspace: 23366K(23872K)->23366K(23872K) NonClass: 20546K(20800K)->20546K(20800K) Class: 2819K(3072K)->2819K(3072K)
[2026-09-07T10:43:33.000+0900][16.323s][info][gc          ] GC(207) Pause Young (Normal) (G1 Evacuation Pause) 356M->157M(380M) 0.789ms
[2026-09-07T10:43:33.000+0900][16.323s][info][gc,cpu      ] GC(207) User=0.00s Sys=0.00s Real=0.01s
[2026-09-07T10:43:33.000+0900][16.323s][info][safepoint   ] Safepoint "G1CollectForAllocation", Time since last: 77369417 ns, Reaching safepoint: 1125 ns, Cleanup: 666 ns, At safepoint: 804084 ns, Leaving safepoint: 958 ns, Total: 806833 ns
[2026-09-07T10:43:33.077+0900][16.400s][info][gc,start    ] GC(208) Pause Young (Normal) (G1 Evacuation Pause)
[2026-09-07T10:43:33.078+0900][16.400s][info][gc,task     ] GC(208) Using 9 workers of 9 for evacuation
[2026-09-07T10:43:33.078+0900][16.401s][info][gc,phases   ] GC(208)   Pre Evacuate Collection Set: 0.08ms
[2026-09-07T10:43:33.078+0900][16.401s][info][gc,phases   ] GC(208)   Merge Heap Roots: 0.03ms
[2026-09-07T10:43:33.078+0900][16.401s][info][gc,phases   ] GC(208)   Evacuate Collection Set: 0.23ms
[2026-09-07T10:43:33.078+0900][16.401s][info][gc,phases   ] GC(208)   Post Evacuate Collection Set: 0.11ms
[2026-09-07T10:43:33.078+0900][16.401s][info][gc,phases   ] GC(208)   Other: 0.02ms
[2026-09-07T10:43:33.078+0900][16.401s][info][gc,heap     ] GC(208) Eden regions: 100->0(102)
[2026-09-07T10:43:33.078+0900][16.401s][info][gc,heap     ] GC(208) Survivor regions: 3->1(13)
[2026-09-07T10:43:33.078+0900][16.401s][info][gc,heap     ] GC(208) Old regions: 75->75
[2026-09-07T10:43:33.078+0900][16.401s][info][gc,heap     ] GC(208) Humongous regions: 2->2
[2026-09-07T10:43:33.078+0900][16.401s][info][gc,metaspace] GC(208) Metaspace: 23366K(23872K)->23366K(23872K) NonClass: 20546K(20800K)->20546K(20800K) Class: 2819K(3072K)->2819K(3072K)
[2026-09-07T10:43:33.078+0900][16.401s][info][gc          ] GC(208) Pause Young (Normal) (G1 Evacuation Pause) 357M->153M(380M) 0.539ms
[2026-09-07T10:43:33.078+0900][16.401s][info][gc,cpu      ] GC(208) User=0.00s Sys=0.00s Real=0.00s
[2026-09-07T10:43:33.078+0900][16.401s][info][safepoint   ] Safepoint "G1CollectForAllocation", Time since last: 77469500 ns, Reaching safepoint: 1083 ns, Cleanup: 959 ns, At safepoint: 554208 ns, Leaving safepoint: 1125 ns, Total: 557375 ns
[2026-09-07T10:43:33.156+0900][16.479s][info][gc,start    ] GC(209) Pause Young (Normal) (G1 Evacuation Pause)
[2026-09-07T10:43:33.156+0900][16.479s][info][gc,task     ] GC(209) Using 9 workers of 9 for evacuation
[2026-09-07T10:43:33.157+0900][16.480s][info][gc,phases   ] GC(209)   Pre Evacuate Collection Set: 0.07ms
[2026-09-07T10:43:33.157+0900][16.480s][info][gc,phases   ] GC(209)   Merge Heap Roots: 0.02ms
[2026-09-07T10:43:33.157+0900][16.480s][info][gc,phases   ] GC(209)   Evacuate Collection Set: 0.31ms
[2026-09-07T10:43:33.157+0900][16.480s][info][gc,phases   ] GC(209)   Post Evacuate Collection Set: 0.12ms
[2026-09-07T10:43:33.157+0900][16.480s][info][gc,phases   ] GC(209)   Other: 0.02ms
[2026-09-07T10:43:33.157+0900][16.480s][info][gc,heap     ] GC(209) Eden regions: 102->0(101)
[2026-09-07T10:43:33.157+0900][16.480s][info][gc,heap     ] GC(209) Survivor regions: 1->2(13)
[2026-09-07T10:43:33.157+0900][16.480s][info][gc,heap     ] GC(209) Old regions: 75->75
[2026-09-07T10:43:33.157+0900][16.480s][info][gc,heap     ] GC(209) Humongous regions: 2->2
[2026-09-07T10:43:33.157+0900][16.480s][info][gc,metaspace] GC(209) Metaspace: 23366K(23872K)->23366K(23872K) NonClass: 20546K(20800K)->20546K(20800K) Class: 2819K(3072K)->2819K(3072K)
[2026-09-07T10:43:33.157+0900][16.480s][info][gc          ] GC(209) Pause Young (Normal) (G1 Evacuation Pause) 357M->154M(380M) 0.616ms
[2026-09-07T10:43:33.157+0900][16.480s][info][gc,cpu      ] GC(209) User=0.00s Sys=0.00s Real=0.00s
[2026-09-07T10:43:33.157+0900][16.480s][info][safepoint   ] Safepoint "G1CollectForAllocation", Time since last: 78389042 ns, Reaching safepoint: 1666 ns, Cleanup: 1042 ns, At safepoint: 629958 ns, Leaving safepoint: 1000 ns, Total: 633666 ns
[2026-09-07T10:43:33.234+0900][16.557s][info][gc,start    ] GC(210) Pause Young (Normal) (G1 Evacuation Pause)
[2026-09-07T10:43:33.234+0900][16.557s][info][gc,task     ] GC(210) Using 9 workers of 9 for evacuation
[2026-09-07T10:43:33.234+0900][16.557s][info][gc,phases   ] GC(210)   Pre Evacuate Collection Set: 0.08ms
[2026-09-07T10:43:33.234+0900][16.557s][info][gc,phases   ] GC(210)   Merge Heap Roots: 0.02ms
[2026-09-07T10:43:33.234+0900][16.557s][info][gc,phases   ] GC(210)   Evacuate Collection Set: 0.36ms
[2026-09-07T10:43:33.234+0900][16.557s][info][gc,phases   ] GC(210)   Post Evacuate Collection Set: 0.11ms
[2026-09-07T10:43:33.234+0900][16.557s][info][gc,phases   ] GC(210)   Other: 0.02ms
[2026-09-07T10:43:33.234+0900][16.557s][info][gc,heap     ] GC(210) Eden regions: 101->0(100)
[2026-09-07T10:43:33.234+0900][16.557s][info][gc,heap     ] GC(210) Survivor regions: 2->3(13)
[2026-09-07T10:43:33.234+0900][16.557s][info][gc,heap     ] GC(210) Old regions: 75->75
[2026-09-07T10:43:33.234+0900][16.557s][info][gc,heap     ] GC(210) Humongous regions: 2->2
[2026-09-07T10:43:33.234+0900][16.557s][info][gc,metaspace] GC(210) Metaspace: 23366K(23872K)->23366K(23872K) NonClass: 20546K(20800K)->20546K(20800K) Class: 2819K(3072K)->2819K(3072K)
[2026-09-07T10:43:33.234+0900][16.557s][info][gc          ] GC(210) Pause Young (Normal) (G1 Evacuation Pause) 356M->156M(380M) 0.664ms
[2026-09-07T10:43:33.234+0900][16.557s][info][gc,cpu      ] GC(210) User=0.00s Sys=0.00s Real=0.00s
[2026-09-07T10:43:33.234+0900][16.557s][info][safepoint   ] Safepoint "G1CollectForAllocation", Time since last: 76656417 ns, Reaching safepoint: 958 ns, Cleanup: 1084 ns, At safepoint: 679208 ns, Leaving safepoint: 1042 ns, Total: 682292 ns
[2026-09-07T10:43:33.311+0900][16.634s][info][gc,start    ] GC(211) Pause Young (Normal) (G1 Evacuation Pause)
[2026-09-07T10:43:33.311+0900][16.634s][info][gc,task     ] GC(211) Using 9 workers of 9 for evacuation
[2026-09-07T10:43:33.312+0900][16.634s][info][gc,phases   ] GC(211)   Pre Evacuate Collection Set: 0.06ms
[2026-09-07T10:43:33.312+0900][16.634s][info][gc,phases   ] GC(211)   Merge Heap Roots: 0.04ms
[2026-09-07T10:43:33.312+0900][16.634s][info][gc,phases   ] GC(211)   Evacuate Collection Set: 0.44ms
[2026-09-07T10:43:33.312+0900][16.634s][info][gc,phases   ] GC(211)   Post Evacuate Collection Set: 0.11ms
[2026-09-07T10:43:33.312+0900][16.634s][info][gc,phases   ] GC(211)   Other: 0.02ms
[2026-09-07T10:43:33.312+0900][16.634s][info][gc,heap     ] GC(211) Eden regions: 100->0(100)
[2026-09-07T10:43:33.312+0900][16.634s][info][gc,heap     ] GC(211) Survivor regions: 3->3(13)
[2026-09-07T10:43:33.312+0900][16.634s][info][gc,heap     ] GC(211) Old regions: 75->75
[2026-09-07T10:43:33.312+0900][16.634s][info][gc,heap     ] GC(211) Humongous regions: 2->2
[2026-09-07T10:43:33.312+0900][16.634s][info][gc,metaspace] GC(211) Metaspace: 23366K(23872K)->23366K(23872K) NonClass: 20546K(20800K)->20546K(20800K) Class: 2819K(3072K)->2819K(3072K)
[2026-09-07T10:43:33.312+0900][16.634s][info][gc          ] GC(211) Pause Young (Normal) (G1 Evacuation Pause) 356M->157M(380M) 0.747ms
[2026-09-07T10:43:33.312+0900][16.634s][info][gc,cpu      ] GC(211) User=0.00s Sys=0.00s Real=0.00s
[2026-09-07T10:43:33.312+0900][16.634s][info][safepoint   ] Safepoint "G1CollectForAllocation", Time since last: 76398291 ns, Reaching safepoint: 1459 ns, Cleanup: 1083 ns, At safepoint: 760208 ns, Leaving safepoint: 834 ns, Total: 763584 ns
[2026-09-07T10:43:33.388+0900][16.710s][info][gc,start    ] GC(212) Pause Young (Normal) (G1 Evacuation Pause)
[2026-09-07T10:43:33.388+0900][16.711s][info][gc,task     ] GC(212) Using 9 workers of 9 for evacuation
[2026-09-07T10:43:33.388+0900][16.711s][info][gc,phases   ] GC(212)   Pre Evacuate Collection Set: 0.05ms
[2026-09-07T10:43:33.388+0900][16.711s][info][gc,phases   ] GC(212)   Merge Heap Roots: 0.04ms
[2026-09-07T10:43:33.388+0900][16.711s][info][gc,phases   ] GC(212)   Evacuate Collection Set: 0.17ms
[2026-09-07T10:43:33.388+0900][16.711s][info][gc,phases   ] GC(212)   Post Evacuate Collection Set: 0.11ms
[2026-09-07T10:43:33.388+0900][16.711s][info][gc,phases   ] GC(212)   Other: 0.02ms
[2026-09-07T10:43:33.388+0900][16.711s][info][gc,heap     ] GC(212) Eden regions: 100->0(102)
[2026-09-07T10:43:33.388+0900][16.711s][info][gc,heap     ] GC(212) Survivor regions: 3->1(13)
[2026-09-07T10:43:33.388+0900][16.711s][info][gc,heap     ] GC(212) Old regions: 75->75
[2026-09-07T10:43:33.388+0900][16.711s][info][gc,heap     ] GC(212) Humongous regions: 2->2
[2026-09-07T10:43:33.388+0900][16.711s][info][gc,metaspace] GC(212) Metaspace: 23366K(23872K)->23366K(23872K) NonClass: 20546K(20800K)->20546K(20800K) Class: 2819K(3072K)->2819K(3072K)
[2026-09-07T10:43:33.388+0900][16.711s][info][gc          ] GC(212) Pause Young (Normal) (G1 Evacuation Pause) 357M->153M(380M) 0.455ms
[2026-09-07T10:43:33.388+0900][16.711s][info][gc,cpu      ] GC(212) User=0.00s Sys=0.00s Real=0.00s
[2026-09-07T10:43:33.388+0900][16.711s][info][safepoint   ] Safepoint "G1CollectForAllocation", Time since last: 75985916 ns, Reaching safepoint: 1042 ns, Cleanup: 750 ns, At safepoint: 472958 ns, Leaving safepoint: 1125 ns, Total: 475875 ns
[2026-09-07T10:43:33.466+0900][16.789s][info][gc,start    ] GC(213) Pause Young (Normal) (G1 Evacuation Pause)
[2026-09-07T10:43:33.466+0900][16.789s][info][gc,task     ] GC(213) Using 9 workers of 9 for evacuation
[2026-09-07T10:43:33.466+0900][16.789s][info][gc,phases   ] GC(213)   Pre Evacuate Collection Set: 0.08ms
[2026-09-07T10:43:33.466+0900][16.789s][info][gc,phases   ] GC(213)   Merge Heap Roots: 0.02ms
[2026-09-07T10:43:33.466+0900][16.789s][info][gc,phases   ] GC(213)   Evacuate Collection Set: 0.29ms
[2026-09-07T10:43:33.466+0900][16.789s][info][gc,phases   ] GC(213)   Post Evacuate Collection Set: 0.11ms
[2026-09-07T10:43:33.466+0900][16.789s][info][gc,phases   ] GC(213)   Other: 0.02ms
[2026-09-07T10:43:33.466+0900][16.789s][info][gc,heap     ] GC(213) Eden regions: 102->0(101)
[2026-09-07T10:43:33.466+0900][16.789s][info][gc,heap     ] GC(213) Survivor regions: 1->2(13)
[2026-09-07T10:43:33.466+0900][16.789s][info][gc,heap     ] GC(213) Old regions: 75->75
[2026-09-07T10:43:33.466+0900][16.789s][info][gc,heap     ] GC(213) Humongous regions: 2->2
[2026-09-07T10:43:33.466+0900][16.789s][info][gc,metaspace] GC(213) Metaspace: 23366K(23872K)->23366K(23872K) NonClass: 20546K(20800K)->20546K(20800K) Class: 2819K(3072K)->2819K(3072K)
[2026-09-07T10:43:33.466+0900][16.789s][info][gc          ] GC(213) Pause Young (Normal) (G1 Evacuation Pause) 357M->154M(380M) 0.586ms
[2026-09-07T10:43:33.466+0900][16.789s][info][gc,cpu      ] GC(213) User=0.00s Sys=0.00s Real=0.00s
[2026-09-07T10:43:33.466+0900][16.789s][info][safepoint   ] Safepoint "G1CollectForAllocation", Time since last: 77864709 ns, Reaching safepoint: 1250 ns, Cleanup: 708 ns, At safepoint: 599875 ns, Leaving safepoint: 958 ns, Total: 602791 ns
[2026-09-07T10:43:33.545+0900][16.868s][info][gc,start    ] GC(214) Pause Young (Normal) (G1 Evacuation Pause)
[2026-09-07T10:43:33.545+0900][16.868s][info][gc,task     ] GC(214) Using 9 workers of 9 for evacuation
[2026-09-07T10:43:33.546+0900][16.869s][info][gc,phases   ] GC(214)   Pre Evacuate Collection Set: 0.07ms
[2026-09-07T10:43:33.546+0900][16.869s][info][gc,phases   ] GC(214)   Merge Heap Roots: 0.03ms
[2026-09-07T10:43:33.546+0900][16.869s][info][gc,phases   ] GC(214)   Evacuate Collection Set: 0.38ms
[2026-09-07T10:43:33.546+0900][16.869s][info][gc,phases   ] GC(214)   Post Evacuate Collection Set: 0.12ms
[2026-09-07T10:43:33.546+0900][16.869s][info][gc,phases   ] GC(214)   Other: 0.02ms
[2026-09-07T10:43:33.546+0900][16.869s][info][gc,heap     ] GC(214) Eden regions: 101->0(101)
[2026-09-07T10:43:33.546+0900][16.869s][info][gc,heap     ] GC(214) Survivor regions: 2->2(13)
[2026-09-07T10:43:33.546+0900][16.869s][info][gc,heap     ] GC(214) Old regions: 75->75
[2026-09-07T10:43:33.546+0900][16.869s][info][gc,heap     ] GC(214) Humongous regions: 2->2
[2026-09-07T10:43:33.546+0900][16.869s][info][gc,metaspace] GC(214) Metaspace: 23366K(23872K)->23366K(23872K) NonClass: 20546K(20800K)->20546K(20800K) Class: 2819K(3072K)->2819K(3072K)
[2026-09-07T10:43:33.546+0900][16.869s][info][gc          ] GC(214) Pause Young (Normal) (G1 Evacuation Pause) 356M->156M(380M) 0.682ms
[2026-09-07T10:43:33.546+0900][16.869s][info][gc,cpu      ] GC(214) User=0.00s Sys=0.00s Real=0.00s
[2026-09-07T10:43:33.546+0900][16.869s][info][safepoint   ] Safepoint "G1CollectForAllocation", Time since last: 78528875 ns, Reaching safepoint: 959 ns, Cleanup: 541 ns, At safepoint: 691917 ns, Leaving safepoint: 875 ns, Total: 694292 ns
[2026-09-07T10:43:33.622+0900][16.945s][info][gc,start    ] GC(215) Pause Young (Normal) (G1 Evacuation Pause)
[2026-09-07T10:43:33.622+0900][16.945s][info][gc,task     ] GC(215) Using 9 workers of 9 for evacuation
[2026-09-07T10:43:33.623+0900][16.946s][info][gc,phases   ] GC(215)   Pre Evacuate Collection Set: 0.07ms
[2026-09-07T10:43:33.623+0900][16.946s][info][gc,phases   ] GC(215)   Merge Heap Roots: 0.02ms
[2026-09-07T10:43:33.623+0900][16.946s][info][gc,phases   ] GC(215)   Evacuate Collection Set: 0.42ms
[2026-09-07T10:43:33.623+0900][16.946s][info][gc,phases   ] GC(215)   Post Evacuate Collection Set: 0.11ms
[2026-09-07T10:43:33.623+0900][16.946s][info][gc,phases   ] GC(215)   Other: 0.02ms
[2026-09-07T10:43:33.623+0900][16.946s][info][gc,heap     ] GC(215) Eden regions: 101->0(100)
[2026-09-07T10:43:33.623+0900][16.946s][info][gc,heap     ] GC(215) Survivor regions: 2->3(13)
[2026-09-07T10:43:33.623+0900][16.946s][info][gc,heap     ] GC(215) Old regions: 75->75
[2026-09-07T10:43:33.623+0900][16.946s][info][gc,heap     ] GC(215) Humongous regions: 2->2
[2026-09-07T10:43:33.623+0900][16.946s][info][gc,metaspace] GC(215) Metaspace: 23366K(23872K)->23366K(23872K) NonClass: 20546K(20800K)->20546K(20800K) Class: 2819K(3072K)->2819K(3072K)
[2026-09-07T10:43:33.623+0900][16.946s][info][gc          ] GC(215) Pause Young (Normal) (G1 Evacuation Pause) 358M->157M(380M) 0.715ms
[2026-09-07T10:43:33.623+0900][16.946s][info][gc,cpu      ] GC(215) User=0.00s Sys=0.00s Real=0.00s
[2026-09-07T10:43:33.623+0900][16.946s][info][safepoint   ] Safepoint "G1CollectForAllocation", Time since last: 76380917 ns, Reaching safepoint: 1125 ns, Cleanup: 833 ns, At safepoint: 729375 ns, Leaving safepoint: 1000 ns, Total: 732333 ns
[2026-09-07T10:43:33.699+0900][17.022s][info][gc,start    ] GC(216) Pause Young (Normal) (G1 Evacuation Pause)
[2026-09-07T10:43:33.699+0900][17.022s][info][gc,task     ] GC(216) Using 9 workers of 9 for evacuation
[2026-09-07T10:43:33.700+0900][17.023s][info][gc,phases   ] GC(216)   Pre Evacuate Collection Set: 0.08ms
[2026-09-07T10:43:33.700+0900][17.023s][info][gc,phases   ] GC(216)   Merge Heap Roots: 0.02ms
[2026-09-07T10:43:33.700+0900][17.023s][info][gc,phases   ] GC(216)   Evacuate Collection Set: 0.53ms
[2026-09-07T10:43:33.700+0900][17.023s][info][gc,phases   ] GC(216)   Post Evacuate Collection Set: 0.11ms
[2026-09-07T10:43:33.700+0900][17.023s][info][gc,phases   ] GC(216)   Other: 0.02ms
[2026-09-07T10:43:33.700+0900][17.023s][info][gc,heap     ] GC(216) Eden regions: 100->0(99)
[2026-09-07T10:43:33.700+0900][17.023s][info][gc,heap     ] GC(216) Survivor regions: 3->4(13)
[2026-09-07T10:43:33.700+0900][17.023s][info][gc,heap     ] GC(216) Old regions: 75->75
[2026-09-07T10:43:33.700+0900][17.023s][info][gc,heap     ] GC(216) Humongous regions: 2->2
[2026-09-07T10:43:33.700+0900][17.023s][info][gc,metaspace] GC(216) Metaspace: 23366K(23872K)->23366K(23872K) NonClass: 20546K(20800K)->20546K(20800K) Class: 2819K(3072K)->2819K(3072K)
[2026-09-07T10:43:33.700+0900][17.023s][info][gc          ] GC(216) Pause Young (Normal) (G1 Evacuation Pause) 357M->159M(380M) 0.827ms
[2026-09-07T10:43:33.700+0900][17.023s][info][gc,cpu      ] GC(216) User=0.00s Sys=0.01s Real=0.01s
[2026-09-07T10:43:33.700+0900][17.023s][info][safepoint   ] Safepoint "G1CollectForAllocation", Time since last: 76275917 ns, Reaching safepoint: 750 ns, Cleanup: 916 ns, At safepoint: 843000 ns, Leaving safepoint: 875 ns, Total: 845541 ns
[2026-09-07T10:43:33.775+0900][17.098s][info][gc,start    ] GC(217) Pause Young (Normal) (G1 Evacuation Pause)
[2026-09-07T10:43:33.776+0900][17.098s][info][gc,task     ] GC(217) Using 9 workers of 9 for evacuation
[2026-09-07T10:43:33.776+0900][17.099s][info][gc,phases   ] GC(217)   Pre Evacuate Collection Set: 0.08ms
[2026-09-07T10:43:33.776+0900][17.099s][info][gc,phases   ] GC(217)   Merge Heap Roots: 0.02ms
[2026-09-07T10:43:33.776+0900][17.099s][info][gc,phases   ] GC(217)   Evacuate Collection Set: 0.22ms
[2026-09-07T10:43:33.776+0900][17.099s][info][gc,phases   ] GC(217)   Post Evacuate Collection Set: 0.12ms
[2026-09-07T10:43:33.776+0900][17.099s][info][gc,phases   ] GC(217)   Other: 0.02ms
[2026-09-07T10:43:33.776+0900][17.099s][info][gc,heap     ] GC(217) Eden regions: 99->0(102)
[2026-09-07T10:43:33.776+0900][17.099s][info][gc,heap     ] GC(217) Survivor regions: 4->1(13)
[2026-09-07T10:43:33.776+0900][17.099s][info][gc,heap     ] GC(217) Old regions: 75->75
[2026-09-07T10:43:33.776+0900][17.099s][info][gc,heap     ] GC(217) Humongous regions: 2->2
[2026-09-07T10:43:33.776+0900][17.099s][info][gc,metaspace] GC(217) Metaspace: 23366K(23872K)->23366K(23872K) NonClass: 20546K(20800K)->20546K(20800K) Class: 2819K(3072K)->2819K(3072K)
[2026-09-07T10:43:33.776+0900][17.099s][info][gc          ] GC(217) Pause Young (Normal) (G1 Evacuation Pause) 357M->154M(380M) 0.527ms
[2026-09-07T10:43:33.776+0900][17.099s][info][gc,cpu      ] GC(217) User=0.00s Sys=0.00s Real=0.00s
[2026-09-07T10:43:33.776+0900][17.099s][info][safepoint   ] Safepoint "G1CollectForAllocation", Time since last: 75531875 ns, Reaching safepoint: 1167 ns, Cleanup: 833 ns, At safepoint: 539542 ns, Leaving safepoint: 875 ns, Total: 542417 ns
[2026-09-07T10:43:33.854+0900][17.177s][info][gc,start    ] GC(218) Pause Young (Normal) (G1 Evacuation Pause)
[2026-09-07T10:43:33.854+0900][17.177s][info][gc,task     ] GC(218) Using 9 workers of 9 for evacuation
[2026-09-07T10:43:33.855+0900][17.178s][info][gc,phases   ] GC(218)   Pre Evacuate Collection Set: 0.05ms
[2026-09-07T10:43:33.855+0900][17.178s][info][gc,phases   ] GC(218)   Merge Heap Roots: 0.04ms
[2026-09-07T10:43:33.855+0900][17.178s][info][gc,phases   ] GC(218)   Evacuate Collection Set: 0.32ms
[2026-09-07T10:43:33.855+0900][17.178s][info][gc,phases   ] GC(218)   Post Evacuate Collection Set: 0.09ms
[2026-09-07T10:43:33.855+0900][17.178s][info][gc,phases   ] GC(218)   Other: 0.02ms
[2026-09-07T10:43:33.855+0900][17.178s][info][gc,heap     ] GC(218) Eden regions: 102->0(101)
[2026-09-07T10:43:33.855+0900][17.178s][info][gc,heap     ] GC(218) Survivor regions: 1->2(13)
[2026-09-07T10:43:33.855+0900][17.178s][info][gc,heap     ] GC(218) Old regions: 75->75
[2026-09-07T10:43:33.855+0900][17.178s][info][gc,heap     ] GC(218) Humongous regions: 2->2
[2026-09-07T10:43:33.855+0900][17.178s][info][gc,metaspace] GC(218) Metaspace: 23366K(23872K)->23366K(23872K) NonClass: 20546K(20800K)->20546K(20800K) Class: 2819K(3072K)->2819K(3072K)
[2026-09-07T10:43:33.855+0900][17.178s][info][gc          ] GC(218) Pause Young (Normal) (G1 Evacuation Pause) 358M->155M(380M) 0.588ms
[2026-09-07T10:43:33.855+0900][17.178s][info][gc,cpu      ] GC(218) User=0.00s Sys=0.00s Real=0.00s
[2026-09-07T10:43:33.855+0900][17.178s][info][safepoint   ] Safepoint "G1CollectForAllocation", Time since last: 78154708 ns, Reaching safepoint: 1125 ns, Cleanup: 542 ns, At safepoint: 601458 ns, Leaving safepoint: 750 ns, Total: 603875 ns
[2026-09-07T10:43:33.931+0900][17.254s][info][gc,start    ] GC(219) Pause Young (Normal) (G1 Evacuation Pause)
[2026-09-07T10:43:33.931+0900][17.254s][info][gc,task     ] GC(219) Using 9 workers of 9 for evacuation
[2026-09-07T10:43:33.932+0900][17.255s][info][gc,phases   ] GC(219)   Pre Evacuate Collection Set: 0.07ms
[2026-09-07T10:43:33.932+0900][17.255s][info][gc,phases   ] GC(219)   Merge Heap Roots: 0.03ms
[2026-09-07T10:43:33.932+0900][17.255s][info][gc,phases   ] GC(219)   Evacuate Collection Set: 0.42ms
[2026-09-07T10:43:33.932+0900][17.255s][info][gc,phases   ] GC(219)   Post Evacuate Collection Set: 0.12ms
[2026-09-07T10:43:33.932+0900][17.255s][info][gc,phases   ] GC(219)   Other: 0.02ms
[2026-09-07T10:43:33.932+0900][17.255s][info][gc,heap     ] GC(219) Eden regions: 101->0(100)
[2026-09-07T10:43:33.932+0900][17.255s][info][gc,heap     ] GC(219) Survivor regions: 2->3(13)
[2026-09-07T10:43:33.932+0900][17.255s][info][gc,heap     ] GC(219) Old regions: 75->75
[2026-09-07T10:43:33.932+0900][17.255s][info][gc,heap     ] GC(219) Humongous regions: 2->2
[2026-09-07T10:43:33.932+0900][17.255s][info][gc,metaspace] GC(219) Metaspace: 23366K(23872K)->23366K(23872K) NonClass: 20546K(20800K)->20546K(20800K) Class: 2819K(3072K)->2819K(3072K)
[2026-09-07T10:43:33.932+0900][17.255s][info][gc          ] GC(219) Pause Young (Normal) (G1 Evacuation Pause) 357M->156M(380M) 0.731ms
[2026-09-07T10:43:33.932+0900][17.255s][info][gc,cpu      ] GC(219) User=0.00s Sys=0.00s Real=0.00s
[2026-09-07T10:43:33.932+0900][17.255s][info][safepoint   ] Safepoint "G1CollectForAllocation", Time since last: 76624959 ns, Reaching safepoint: 625 ns, Cleanup: 1166 ns, At safepoint: 744875 ns, Leaving safepoint: 792 ns, Total: 747458 ns
[2026-09-07T10:43:34.010+0900][17.332s][info][gc,start    ] GC(220) Pause Young (Normal) (G1 Evacuation Pause)
[2026-09-07T10:43:34.010+0900][17.332s][info][gc,task     ] GC(220) Using 9 workers of 9 for evacuation
[2026-09-07T10:43:34.010+0900][17.333s][info][gc,phases   ] GC(220)   Pre Evacuate Collection Set: 0.08ms
[2026-09-07T10:43:34.010+0900][17.333s][info][gc,phases   ] GC(220)   Merge Heap Roots: 0.02ms
[2026-09-07T10:43:34.010+0900][17.333s][info][gc,phases   ] GC(220)   Evacuate Collection Set: 0.49ms
[2026-09-07T10:43:34.010+0900][17.333s][info][gc,phases   ] GC(220)   Post Evacuate Collection Set: 0.11ms
[2026-09-07T10:43:34.010+0900][17.333s][info][gc,phases   ] GC(220)   Other: 0.02ms
[2026-09-07T10:43:34.010+0900][17.333s][info][gc,heap     ] GC(220) Eden regions: 100->0(99)
[2026-09-07T10:43:34.010+0900][17.333s][info][gc,heap     ] GC(220) Survivor regions: 3->4(13)
[2026-09-07T10:43:34.010+0900][17.333s][info][gc,heap     ] GC(220) Old regions: 75->75
[2026-09-07T10:43:34.010+0900][17.333s][info][gc,heap     ] GC(220) Humongous regions: 2->2
[2026-09-07T10:43:34.010+0900][17.333s][info][gc,metaspace] GC(220) Metaspace: 23366K(23872K)->23366K(23872K) NonClass: 20546K(20800K)->20546K(20800K) Class: 2819K(3072K)->2819K(3072K)
[2026-09-07T10:43:34.010+0900][17.333s][info][gc          ] GC(220) Pause Young (Normal) (G1 Evacuation Pause) 356M->158M(380M) 0.776ms
[2026-09-07T10:43:34.010+0900][17.333s][info][gc,cpu      ] GC(220) User=0.00s Sys=0.00s Real=0.00s
[2026-09-07T10:43:34.010+0900][17.333s][info][safepoint   ] Safepoint "G1CollectForAllocation", Time since last: 77336958 ns, Reaching safepoint: 1084 ns, Cleanup: 291 ns, At safepoint: 789542 ns, Leaving safepoint: 958 ns, Total: 791875 ns
[2026-09-07T10:43:34.085+0900][17.408s][info][gc,start    ] GC(221) Pause Young (Normal) (G1 Evacuation Pause)
[2026-09-07T10:43:34.085+0900][17.408s][info][gc,task     ] GC(221) Using 9 workers of 9 for evacuation
[2026-09-07T10:43:34.086+0900][17.408s][info][gc,phases   ] GC(221)   Pre Evacuate Collection Set: 0.08ms
[2026-09-07T10:43:34.086+0900][17.408s][info][gc,phases   ] GC(221)   Merge Heap Roots: 0.04ms
[2026-09-07T10:43:34.086+0900][17.408s][info][gc,phases   ] GC(221)   Evacuate Collection Set: 0.20ms
[2026-09-07T10:43:34.086+0900][17.408s][info][gc,phases   ] GC(221)   Post Evacuate Collection Set: 0.10ms
[2026-09-07T10:43:34.086+0900][17.408s][info][gc,phases   ] GC(221)   Other: 0.02ms
[2026-09-07T10:43:34.086+0900][17.408s][info][gc,heap     ] GC(221) Eden regions: 99->0(102)
[2026-09-07T10:43:34.086+0900][17.408s][info][gc,heap     ] GC(221) Survivor regions: 4->1(13)
[2026-09-07T10:43:34.086+0900][17.408s][info][gc,heap     ] GC(221) Old regions: 75->75
[2026-09-07T10:43:34.086+0900][17.408s][info][gc,heap     ] GC(221) Humongous regions: 2->2
[2026-09-07T10:43:34.086+0900][17.408s][info][gc,metaspace] GC(221) Metaspace: 23366K(23872K)->23366K(23872K) NonClass: 20546K(20800K)->20546K(20800K) Class: 2819K(3072K)->2819K(3072K)
[2026-09-07T10:43:34.086+0900][17.408s][info][gc          ] GC(221) Pause Young (Normal) (G1 Evacuation Pause) 356M->153M(380M) 0.506ms
[2026-09-07T10:43:34.086+0900][17.408s][info][gc,cpu      ] GC(221) User=0.00s Sys=0.00s Real=0.00s
[2026-09-07T10:43:34.086+0900][17.408s][info][safepoint   ] Safepoint "G1CollectForAllocation", Time since last: 74764917 ns, Reaching safepoint: 1417 ns, Cleanup: 708 ns, At safepoint: 520958 ns, Leaving safepoint: 917 ns, Total: 524000 ns
[2026-09-07T10:43:34.163+0900][17.486s][info][gc,start    ] GC(222) Pause Young (Normal) (G1 Evacuation Pause)
[2026-09-07T10:43:34.163+0900][17.486s][info][gc,task     ] GC(222) Using 9 workers of 9 for evacuation
[2026-09-07T10:43:34.163+0900][17.486s][info][gc,phases   ] GC(222)   Pre Evacuate Collection Set: 0.07ms
[2026-09-07T10:43:34.163+0900][17.486s][info][gc,phases   ] GC(222)   Merge Heap Roots: 0.02ms
[2026-09-07T10:43:34.163+0900][17.486s][info][gc,phases   ] GC(222)   Evacuate Collection Set: 0.33ms
[2026-09-07T10:43:34.163+0900][17.486s][info][gc,phases   ] GC(222)   Post Evacuate Collection Set: 0.11ms
[2026-09-07T10:43:34.163+0900][17.486s][info][gc,phases   ] GC(222)   Other: 0.02ms
[2026-09-07T10:43:34.163+0900][17.486s][info][gc,heap     ] GC(222) Eden regions: 102->0(101)
[2026-09-07T10:43:34.163+0900][17.486s][info][gc,heap     ] GC(222) Survivor regions: 1->2(13)
[2026-09-07T10:43:34.163+0900][17.486s][info][gc,heap     ] GC(222) Old regions: 75->75
[2026-09-07T10:43:34.163+0900][17.486s][info][gc,heap     ] GC(222) Humongous regions: 2->2
[2026-09-07T10:43:34.163+0900][17.486s][info][gc,metaspace] GC(222) Metaspace: 23366K(23872K)->23366K(23872K) NonClass: 20546K(20800K)->20546K(20800K) Class: 2819K(3072K)->2819K(3072K)
[2026-09-07T10:43:34.163+0900][17.486s][info][gc          ] GC(222) Pause Young (Normal) (G1 Evacuation Pause) 357M->155M(380M) 0.615ms
[2026-09-07T10:43:34.163+0900][17.486s][info][gc,cpu      ] GC(222) User=0.00s Sys=0.00s Real=0.00s
[2026-09-07T10:43:34.163+0900][17.486s][info][safepoint   ] Safepoint "G1CollectForAllocation", Time since last: 77104667 ns, Reaching safepoint: 1166 ns, Cleanup: 709 ns, At safepoint: 629125 ns, Leaving safepoint: 875 ns, Total: 631875 ns
[2026-09-07T10:43:34.241+0900][17.564s][info][gc,start    ] GC(223) Pause Young (Normal) (G1 Evacuation Pause)
[2026-09-07T10:43:34.242+0900][17.564s][info][gc,task     ] GC(223) Using 9 workers of 9 for evacuation
[2026-09-07T10:43:34.242+0900][17.565s][info][gc,phases   ] GC(223)   Pre Evacuate Collection Set: 0.06ms
[2026-09-07T10:43:34.242+0900][17.565s][info][gc,phases   ] GC(223)   Merge Heap Roots: 0.02ms
[2026-09-07T10:43:34.242+0900][17.565s][info][gc,phases   ] GC(223)   Evacuate Collection Set: 0.38ms
[2026-09-07T10:43:34.242+0900][17.565s][info][gc,phases   ] GC(223)   Post Evacuate Collection Set: 0.11ms
[2026-09-07T10:43:34.242+0900][17.565s][info][gc,phases   ] GC(223)   Other: 0.02ms
[2026-09-07T10:43:34.242+0900][17.565s][info][gc,heap     ] GC(223) Eden regions: 101->0(100)
[2026-09-07T10:43:34.242+0900][17.565s][info][gc,heap     ] GC(223) Survivor regions: 2->3(13)
[2026-09-07T10:43:34.242+0900][17.565s][info][gc,heap     ] GC(223) Old regions: 75->75
[2026-09-07T10:43:34.242+0900][17.565s][info][gc,heap     ] GC(223) Humongous regions: 2->2
[2026-09-07T10:43:34.242+0900][17.565s][info][gc,metaspace] GC(223) Metaspace: 23366K(23872K)->23366K(23872K) NonClass: 20546K(20800K)->20546K(20800K) Class: 2819K(3072K)->2819K(3072K)
[2026-09-07T10:43:34.242+0900][17.565s][info][gc          ] GC(223) Pause Young (Normal) (G1 Evacuation Pause) 357M->156M(380M) 0.659ms
[2026-09-07T10:43:34.242+0900][17.565s][info][gc,cpu      ] GC(223) User=0.00s Sys=0.00s Real=0.00s
[2026-09-07T10:43:34.242+0900][17.565s][info][safepoint   ] Safepoint "G1CollectForAllocation", Time since last: 78145708 ns, Reaching safepoint: 1375 ns, Cleanup: 375 ns, At safepoint: 673583 ns, Leaving safepoint: 834 ns, Total: 676167 ns
[2026-09-07T10:43:34.317+0900][17.640s][info][gc,start    ] GC(224) Pause Young (Normal) (G1 Evacuation Pause)
[2026-09-07T10:43:34.317+0900][17.640s][info][gc,task     ] GC(224) Using 9 workers of 9 for evacuation
[2026-09-07T10:43:34.318+0900][17.641s][info][gc,phases   ] GC(224)   Pre Evacuate Collection Set: 0.05ms
[2026-09-07T10:43:34.318+0900][17.641s][info][gc,phases   ] GC(224)   Merge Heap Roots: 0.04ms
[2026-09-07T10:43:34.318+0900][17.641s][info][gc,phases   ] GC(224)   Evacuate Collection Set: 0.48ms
[2026-09-07T10:43:34.318+0900][17.641s][info][gc,phases   ] GC(224)   Post Evacuate Collection Set: 0.11ms
[2026-09-07T10:43:34.318+0900][17.641s][info][gc,phases   ] GC(224)   Other: 0.02ms
[2026-09-07T10:43:34.318+0900][17.641s][info][gc,heap     ] GC(224) Eden regions: 100->0(99)
[2026-09-07T10:43:34.318+0900][17.641s][info][gc,heap     ] GC(224) Survivor regions: 3->4(13)
[2026-09-07T10:43:34.318+0900][17.641s][info][gc,heap     ] GC(224) Old regions: 75->75
[2026-09-07T10:43:34.318+0900][17.641s][info][gc,heap     ] GC(224) Humongous regions: 2->2
[2026-09-07T10:43:34.318+0900][17.641s][info][gc,metaspace] GC(224) Metaspace: 23366K(23872K)->23366K(23872K) NonClass: 20546K(20800K)->20546K(20800K) Class: 2819K(3072K)->2819K(3072K)
[2026-09-07T10:43:34.318+0900][17.641s][info][gc          ] GC(224) Pause Young (Normal) (G1 Evacuation Pause) 356M->158M(380M) 0.763ms
[2026-09-07T10:43:34.318+0900][17.641s][info][gc,cpu      ] GC(224) User=0.00s Sys=0.00s Real=0.00s
[2026-09-07T10:43:34.318+0900][17.641s][info][safepoint   ] Safepoint "G1CollectForAllocation", Time since last: 75216125 ns, Reaching safepoint: 1083 ns, Cleanup: 1625 ns, At safepoint: 775958 ns, Leaving safepoint: 1000 ns, Total: 779666 ns
[2026-09-07T10:43:34.394+0900][17.716s][info][gc,start    ] GC(225) Pause Young (Normal) (G1 Evacuation Pause)
[2026-09-07T10:43:34.394+0900][17.716s][info][gc,task     ] GC(225) Using 9 workers of 9 for evacuation
[2026-09-07T10:43:34.394+0900][17.717s][info][gc,phases   ] GC(225)   Pre Evacuate Collection Set: 0.05ms
[2026-09-07T10:43:34.394+0900][17.717s][info][gc,phases   ] GC(225)   Merge Heap Roots: 0.02ms
[2026-09-07T10:43:34.394+0900][17.717s][info][gc,phases   ] GC(225)   Evacuate Collection Set: 0.20ms
[2026-09-07T10:43:34.394+0900][17.717s][info][gc,phases   ] GC(225)   Post Evacuate Collection Set: 0.11ms
[2026-09-07T10:43:34.394+0900][17.717s][info][gc,phases   ] GC(225)   Other: 0.02ms
[2026-09-07T10:43:34.394+0900][17.717s][info][gc,heap     ] GC(225) Eden regions: 99->0(102)
[2026-09-07T10:43:34.394+0900][17.717s][info][gc,heap     ] GC(225) Survivor regions: 4->1(13)
[2026-09-07T10:43:34.394+0900][17.717s][info][gc,heap     ] GC(225) Old regions: 75->75
[2026-09-07T10:43:34.394+0900][17.717s][info][gc,heap     ] GC(225) Humongous regions: 2->2
[2026-09-07T10:43:34.394+0900][17.717s][info][gc,metaspace] GC(225) Metaspace: 23366K(23872K)->23366K(23872K) NonClass: 20546K(20800K)->20546K(20800K) Class: 2819K(3072K)->2819K(3072K)
[2026-09-07T10:43:34.394+0900][17.717s][info][gc          ] GC(225) Pause Young (Normal) (G1 Evacuation Pause) 356M->153M(380M) 0.471ms
[2026-09-07T10:43:34.394+0900][17.717s][info][gc,cpu      ] GC(225) User=0.00s Sys=0.00s Real=0.00s
[2026-09-07T10:43:34.394+0900][17.717s][info][safepoint   ] Safepoint "G1CollectForAllocation", Time since last: 75391459 ns, Reaching safepoint: 1250 ns, Cleanup: 1083 ns, At safepoint: 485458 ns, Leaving safepoint: 667 ns, Total: 488458 ns
[2026-09-07T10:43:34.472+0900][17.795s][info][gc,start    ] GC(226) Pause Young (Normal) (G1 Evacuation Pause)
[2026-09-07T10:43:34.472+0900][17.795s][info][gc,task     ] GC(226) Using 9 workers of 9 for evacuation
[2026-09-07T10:43:34.472+0900][17.795s][info][gc,phases   ] GC(226)   Pre Evacuate Collection Set: 0.08ms
[2026-09-07T10:43:34.472+0900][17.795s][info][gc,phases   ] GC(226)   Merge Heap Roots: 0.02ms
[2026-09-07T10:43:34.472+0900][17.795s][info][gc,phases   ] GC(226)   Evacuate Collection Set: 0.30ms
[2026-09-07T10:43:34.472+0900][17.795s][info][gc,phases   ] GC(226)   Post Evacuate Collection Set: 0.11ms
[2026-09-07T10:43:34.472+0900][17.795s][info][gc,phases   ] GC(226)   Other: 0.01ms
[2026-09-07T10:43:34.472+0900][17.795s][info][gc,heap     ] GC(226) Eden regions: 102->0(101)
[2026-09-07T10:43:34.472+0900][17.795s][info][gc,heap     ] GC(226) Survivor regions: 1->2(13)
[2026-09-07T10:43:34.472+0900][17.795s][info][gc,heap     ] GC(226) Old regions: 75->75
[2026-09-07T10:43:34.472+0900][17.795s][info][gc,heap     ] GC(226) Humongous regions: 2->2
[2026-09-07T10:43:34.472+0900][17.795s][info][gc,metaspace] GC(226) Metaspace: 23366K(23872K)->23366K(23872K) NonClass: 20546K(20800K)->20546K(20800K) Class: 2819K(3072K)->2819K(3072K)
[2026-09-07T10:43:34.472+0900][17.795s][info][gc          ] GC(226) Pause Young (Normal) (G1 Evacuation Pause) 357M->155M(380M) 0.597ms
[2026-09-07T10:43:34.472+0900][17.795s][info][gc,cpu      ] GC(226) User=0.00s Sys=0.00s Real=0.00s
[2026-09-07T10:43:34.472+0900][17.795s][info][safepoint   ] Safepoint "G1CollectForAllocation", Time since last: 77782208 ns, Reaching safepoint: 1125 ns, Cleanup: 917 ns, At safepoint: 610750 ns, Leaving safepoint: 1000 ns, Total: 613792 ns
[2026-09-07T10:43:34.550+0900][17.873s][info][gc,start    ] GC(227) Pause Young (Normal) (G1 Evacuation Pause)
[2026-09-07T10:43:34.550+0900][17.873s][info][gc,task     ] GC(227) Using 9 workers of 9 for evacuation
[2026-09-07T10:43:34.550+0900][17.873s][info][gc,phases   ] GC(227)   Pre Evacuate Collection Set: 0.07ms
[2026-09-07T10:43:34.550+0900][17.873s][info][gc,phases   ] GC(227)   Merge Heap Roots: 0.04ms
[2026-09-07T10:43:34.550+0900][17.873s][info][gc,phases   ] GC(227)   Evacuate Collection Set: 0.42ms
[2026-09-07T10:43:34.550+0900][17.873s][info][gc,phases   ] GC(227)   Post Evacuate Collection Set: 0.11ms
[2026-09-07T10:43:34.550+0900][17.873s][info][gc,phases   ] GC(227)   Other: 0.02ms
[2026-09-07T10:43:34.550+0900][17.873s][info][gc,heap     ] GC(227) Eden regions: 101->0(100)
[2026-09-07T10:43:34.550+0900][17.873s][info][gc,heap     ] GC(227) Survivor regions: 2->3(13)
[2026-09-07T10:43:34.550+0900][17.873s][info][gc,heap     ] GC(227) Old regions: 75->75
[2026-09-07T10:43:34.550+0900][17.873s][info][gc,heap     ] GC(227) Humongous regions: 2->2
[2026-09-07T10:43:34.550+0900][17.873s][info][gc,metaspace] GC(227) Metaspace: 23366K(23872K)->23366K(23872K) NonClass: 20546K(20800K)->20546K(20800K) Class: 2819K(3072K)->2819K(3072K)
[2026-09-07T10:43:34.550+0900][17.873s][info][gc          ] GC(227) Pause Young (Normal) (G1 Evacuation Pause) 357M->156M(380M) 0.720ms
[2026-09-07T10:43:34.550+0900][17.873s][info][gc,cpu      ] GC(227) User=0.00s Sys=0.00s Real=0.00s
[2026-09-07T10:43:34.550+0900][17.873s][info][safepoint   ] Safepoint "G1CollectForAllocation", Time since last: 77208417 ns, Reaching safepoint: 1291 ns, Cleanup: 1209 ns, At safepoint: 732583 ns, Leaving safepoint: 1042 ns, Total: 736125 ns
[2026-09-07T10:43:34.628+0900][17.951s][info][gc,start    ] GC(228) Pause Young (Normal) (G1 Evacuation Pause)
[2026-09-07T10:43:34.628+0900][17.951s][info][gc,task     ] GC(228) Using 9 workers of 9 for evacuation
[2026-09-07T10:43:34.629+0900][17.951s][info][gc,phases   ] GC(228)   Pre Evacuate Collection Set: 0.08ms
[2026-09-07T10:43:34.629+0900][17.951s][info][gc,phases   ] GC(228)   Merge Heap Roots: 0.02ms
[2026-09-07T10:43:34.629+0900][17.951s][info][gc,phases   ] GC(228)   Evacuate Collection Set: 0.46ms
[2026-09-07T10:43:34.629+0900][17.951s][info][gc,phases   ] GC(228)   Post Evacuate Collection Set: 0.12ms
[2026-09-07T10:43:34.629+0900][17.952s][info][gc,phases   ] GC(228)   Other: 0.02ms
[2026-09-07T10:43:34.629+0900][17.952s][info][gc,heap     ] GC(228) Eden regions: 100->0(99)
[2026-09-07T10:43:34.629+0900][17.952s][info][gc,heap     ] GC(228) Survivor regions: 3->4(13)
[2026-09-07T10:43:34.629+0900][17.952s][info][gc,heap     ] GC(228) Old regions: 75->75
[2026-09-07T10:43:34.629+0900][17.952s][info][gc,heap     ] GC(228) Humongous regions: 2->2
[2026-09-07T10:43:34.629+0900][17.952s][info][gc,metaspace] GC(228) Metaspace: 23366K(23872K)->23366K(23872K) NonClass: 20546K(20800K)->20546K(20800K) Class: 2819K(3072K)->2819K(3072K)
[2026-09-07T10:43:34.629+0900][17.952s][info][gc          ] GC(228) Pause Young (Normal) (G1 Evacuation Pause) 356M->158M(380M) 0.764ms
[2026-09-07T10:43:34.629+0900][17.952s][info][gc,cpu      ] GC(228) User=0.00s Sys=0.00s Real=0.00s
[2026-09-07T10:43:34.629+0900][17.952s][info][safepoint   ] Safepoint "G1CollectForAllocation", Time since last: 77484375 ns, Reaching safepoint: 1125 ns, Cleanup: 625 ns, At safepoint: 777291 ns, Leaving safepoint: 792 ns, Total: 779833 ns
[2026-09-07T10:43:34.704+0900][18.027s][info][gc,start    ] GC(229) Pause Young (Normal) (G1 Evacuation Pause)
[2026-09-07T10:43:34.704+0900][18.027s][info][gc,task     ] GC(229) Using 9 workers of 9 for evacuation
[2026-09-07T10:43:34.704+0900][18.027s][info][gc,phases   ] GC(229)   Pre Evacuate Collection Set: 0.09ms
[2026-09-07T10:43:34.704+0900][18.027s][info][gc,phases   ] GC(229)   Merge Heap Roots: 0.03ms
[2026-09-07T10:43:34.704+0900][18.027s][info][gc,phases   ] GC(229)   Evacuate Collection Set: 0.20ms
[2026-09-07T10:43:34.704+0900][18.027s][info][gc,phases   ] GC(229)   Post Evacuate Collection Set: 0.12ms
[2026-09-07T10:43:34.704+0900][18.027s][info][gc,phases   ] GC(229)   Other: 0.02ms
[2026-09-07T10:43:34.704+0900][18.027s][info][gc,heap     ] GC(229) Eden regions: 99->0(102)
[2026-09-07T10:43:34.704+0900][18.027s][info][gc,heap     ] GC(229) Survivor regions: 4->1(13)
[2026-09-07T10:43:34.704+0900][18.027s][info][gc,heap     ] GC(229) Old regions: 75->75
[2026-09-07T10:43:34.705+0900][18.027s][info][gc,heap     ] GC(229) Humongous regions: 2->2
[2026-09-07T10:43:34.705+0900][18.027s][info][gc,metaspace] GC(229) Metaspace: 23366K(23872K)->23366K(23872K) NonClass: 20546K(20800K)->20546K(20800K) Class: 2819K(3072K)->2819K(3072K)
[2026-09-07T10:43:34.705+0900][18.027s][info][gc          ] GC(229) Pause Young (Normal) (G1 Evacuation Pause) 356M->153M(380M) 0.520ms
[2026-09-07T10:43:34.705+0900][18.027s][info][gc,cpu      ] GC(229) User=0.00s Sys=0.01s Real=0.00s
[2026-09-07T10:43:34.705+0900][18.027s][info][safepoint   ] Safepoint "G1CollectForAllocation", Time since last: 75356750 ns, Reaching safepoint: 1167 ns, Cleanup: 333 ns, At safepoint: 532208 ns, Leaving safepoint: 750 ns, Total: 534458 ns
[2026-09-07T10:43:34.783+0900][18.106s][info][gc,start    ] GC(230) Pause Young (Normal) (G1 Evacuation Pause)
[2026-09-07T10:43:34.783+0900][18.106s][info][gc,task     ] GC(230) Using 9 workers of 9 for evacuation
[2026-09-07T10:43:34.783+0900][18.106s][info][gc,phases   ] GC(230)   Pre Evacuate Collection Set: 0.10ms
[2026-09-07T10:43:34.783+0900][18.106s][info][gc,phases   ] GC(230)   Merge Heap Roots: 0.03ms
[2026-09-07T10:43:34.783+0900][18.106s][info][gc,phases   ] GC(230)   Evacuate Collection Set: 0.29ms
[2026-09-07T10:43:34.783+0900][18.106s][info][gc,phases   ] GC(230)   Post Evacuate Collection Set: 0.12ms
[2026-09-07T10:43:34.783+0900][18.106s][info][gc,phases   ] GC(230)   Other: 0.01ms
[2026-09-07T10:43:34.783+0900][18.106s][info][gc,heap     ] GC(230) Eden regions: 102->0(101)
[2026-09-07T10:43:34.783+0900][18.106s][info][gc,heap     ] GC(230) Survivor regions: 1->2(13)
[2026-09-07T10:43:34.783+0900][18.106s][info][gc,heap     ] GC(230) Old regions: 75->75
[2026-09-07T10:43:34.783+0900][18.106s][info][gc,heap     ] GC(230) Humongous regions: 2->2
[2026-09-07T10:43:34.783+0900][18.106s][info][gc,metaspace] GC(230) Metaspace: 23366K(23872K)->23366K(23872K) NonClass: 20546K(20800K)->20546K(20800K) Class: 2819K(3072K)->2819K(3072K)
[2026-09-07T10:43:34.783+0900][18.106s][info][gc          ] GC(230) Pause Young (Normal) (G1 Evacuation Pause) 357M->154M(380M) 0.620ms
[2026-09-07T10:43:34.783+0900][18.106s][info][gc,cpu      ] GC(230) User=0.00s Sys=0.00s Real=0.00s
[2026-09-07T10:43:34.783+0900][18.106s][info][safepoint   ] Safepoint "G1CollectForAllocation", Time since last: 78198792 ns, Reaching safepoint: 875 ns, Cleanup: 542 ns, At safepoint: 635458 ns, Leaving safepoint: 750 ns, Total: 637625 ns
[2026-09-07T10:43:34.861+0900][18.184s][info][gc,start    ] GC(231) Pause Young (Normal) (G1 Evacuation Pause)
[2026-09-07T10:43:34.861+0900][18.184s][info][gc,task     ] GC(231) Using 9 workers of 9 for evacuation
[2026-09-07T10:43:34.862+0900][18.184s][info][gc,phases   ] GC(231)   Pre Evacuate Collection Set: 0.08ms
[2026-09-07T10:43:34.862+0900][18.184s][info][gc,phases   ] GC(231)   Merge Heap Roots: 0.02ms
[2026-09-07T10:43:34.862+0900][18.184s][info][gc,phases   ] GC(231)   Evacuate Collection Set: 0.39ms
[2026-09-07T10:43:34.862+0900][18.184s][info][gc,phases   ] GC(231)   Post Evacuate Collection Set: 0.11ms
[2026-09-07T10:43:34.862+0900][18.184s][info][gc,phases   ] GC(231)   Other: 0.02ms
[2026-09-07T10:43:34.862+0900][18.184s][info][gc,heap     ] GC(231) Eden regions: 101->0(100)
[2026-09-07T10:43:34.862+0900][18.184s][info][gc,heap     ] GC(231) Survivor regions: 2->3(13)
[2026-09-07T10:43:34.862+0900][18.184s][info][gc,heap     ] GC(231) Old regions: 75->75
[2026-09-07T10:43:34.862+0900][18.184s][info][gc,heap     ] GC(231) Humongous regions: 2->2
[2026-09-07T10:43:34.862+0900][18.184s][info][gc,metaspace] GC(231) Metaspace: 23366K(23872K)->23366K(23872K) NonClass: 20546K(20800K)->20546K(20800K) Class: 2819K(3072K)->2819K(3072K)
[2026-09-07T10:43:34.862+0900][18.184s][info][gc          ] GC(231) Pause Young (Normal) (G1 Evacuation Pause) 356M->156M(380M) 0.677ms
[2026-09-07T10:43:34.862+0900][18.184s][info][gc,cpu      ] GC(231) User=0.00s Sys=0.00s Real=0.00s
[2026-09-07T10:43:34.862+0900][18.184s][info][safepoint   ] Safepoint "G1CollectForAllocation", Time since last: 77514292 ns, Reaching safepoint: 1541 ns, Cleanup: 667 ns, At safepoint: 689875 ns, Leaving safepoint: 917 ns, Total: 693000 ns
[2026-09-07T10:43:34.939+0900][18.261s][info][gc,start    ] GC(232) Pause Young (Normal) (G1 Evacuation Pause)
[2026-09-07T10:43:34.939+0900][18.261s][info][gc,task     ] GC(232) Using 9 workers of 9 for evacuation
[2026-09-07T10:43:34.939+0900][18.262s][info][gc,phases   ] GC(232)   Pre Evacuate Collection Set: 0.07ms
[2026-09-07T10:43:34.939+0900][18.262s][info][gc,phases   ] GC(232)   Merge Heap Roots: 0.02ms
[2026-09-07T10:43:34.939+0900][18.262s][info][gc,phases   ] GC(232)   Evacuate Collection Set: 0.47ms
[2026-09-07T10:43:34.939+0900][18.262s][info][gc,phases   ] GC(232)   Post Evacuate Collection Set: 0.11ms
[2026-09-07T10:43:34.939+0900][18.262s][info][gc,phases   ] GC(232)   Other: 0.02ms
[2026-09-07T10:43:34.939+0900][18.262s][info][gc,heap     ] GC(232) Eden regions: 100->0(100)
[2026-09-07T10:43:34.939+0900][18.262s][info][gc,heap     ] GC(232) Survivor regions: 3->3(13)
[2026-09-07T10:43:34.939+0900][18.262s][info][gc,heap     ] GC(232) Old regions: 75->75
[2026-09-07T10:43:34.939+0900][18.262s][info][gc,heap     ] GC(232) Humongous regions: 2->2
[2026-09-07T10:43:34.939+0900][18.262s][info][gc,metaspace] GC(232) Metaspace: 23366K(23872K)->23366K(23872K) NonClass: 20546K(20800K)->20546K(20800K) Class: 2819K(3072K)->2819K(3072K)
[2026-09-07T10:43:34.939+0900][18.262s][info][gc          ] GC(232) Pause Young (Normal) (G1 Evacuation Pause) 356M->158M(380M) 0.767ms
[2026-09-07T10:43:34.939+0900][18.262s][info][gc,cpu      ] GC(232) User=0.00s Sys=0.00s Real=0.00s
[2026-09-07T10:43:34.939+0900][18.262s][info][safepoint   ] Safepoint "G1CollectForAllocation", Time since last: 76952125 ns, Reaching safepoint: 1083 ns, Cleanup: 708 ns, At safepoint: 781125 ns, Leaving safepoint: 1000 ns, Total: 783916 ns
[2026-09-07T10:43:35.016+0900][18.339s][info][gc,start    ] GC(233) Pause Young (Normal) (G1 Evacuation Pause)
[2026-09-07T10:43:35.016+0900][18.339s][info][gc,task     ] GC(233) Using 9 workers of 9 for evacuation
[2026-09-07T10:43:35.017+0900][18.339s][info][gc,phases   ] GC(233)   Pre Evacuate Collection Set: 0.07ms
[2026-09-07T10:43:35.017+0900][18.339s][info][gc,phases   ] GC(233)   Merge Heap Roots: 0.02ms
[2026-09-07T10:43:35.017+0900][18.339s][info][gc,phases   ] GC(233)   Evacuate Collection Set: 0.14ms
[2026-09-07T10:43:35.017+0900][18.339s][info][gc,phases   ] GC(233)   Post Evacuate Collection Set: 0.12ms
[2026-09-07T10:43:35.017+0900][18.339s][info][gc,phases   ] GC(233)   Other: 0.02ms
[2026-09-07T10:43:35.017+0900][18.339s][info][gc,heap     ] GC(233) Eden regions: 100->0(102)
[2026-09-07T10:43:35.017+0900][18.339s][info][gc,heap     ] GC(233) Survivor regions: 3->1(13)
[2026-09-07T10:43:35.017+0900][18.339s][info][gc,heap     ] GC(233) Old regions: 75->75
[2026-09-07T10:43:35.017+0900][18.339s][info][gc,heap     ] GC(233) Humongous regions: 2->2
[2026-09-07T10:43:35.017+0900][18.339s][info][gc,metaspace] GC(233) Metaspace: 23366K(23872K)->23366K(23872K) NonClass: 20546K(20800K)->20546K(20800K) Class: 2819K(3072K)->2819K(3072K)
[2026-09-07T10:43:35.017+0900][18.339s][info][gc          ] GC(233) Pause Young (Normal) (G1 Evacuation Pause) 358M->153M(380M) 0.438ms
[2026-09-07T10:43:35.017+0900][18.339s][info][gc,cpu      ] GC(233) User=0.00s Sys=0.00s Real=0.00s
[2026-09-07T10:43:35.017+0900][18.339s][info][safepoint   ] Safepoint "G1CollectForAllocation", Time since last: 76813167 ns, Reaching safepoint: 1375 ns, Cleanup: 792 ns, At safepoint: 451916 ns, Leaving safepoint: 959 ns, Total: 455042 ns
[2026-09-07T10:43:35.094+0900][18.417s][info][gc,start    ] GC(234) Pause Young (Normal) (G1 Evacuation Pause)
[2026-09-07T10:43:35.094+0900][18.417s][info][gc,task     ] GC(234) Using 9 workers of 9 for evacuation
[2026-09-07T10:43:35.094+0900][18.417s][info][gc,phases   ] GC(234)   Pre Evacuate Collection Set: 0.08ms
[2026-09-07T10:43:35.094+0900][18.417s][info][gc,phases   ] GC(234)   Merge Heap Roots: 0.02ms
[2026-09-07T10:43:35.094+0900][18.417s][info][gc,phases   ] GC(234)   Evacuate Collection Set: 0.26ms
[2026-09-07T10:43:35.094+0900][18.417s][info][gc,phases   ] GC(234)   Post Evacuate Collection Set: 0.11ms
[2026-09-07T10:43:35.094+0900][18.417s][info][gc,phases   ] GC(234)   Other: 0.02ms
[2026-09-07T10:43:35.094+0900][18.417s][info][gc,heap     ] GC(234) Eden regions: 102->0(101)
[2026-09-07T10:43:35.094+0900][18.417s][info][gc,heap     ] GC(234) Survivor regions: 1->2(13)
[2026-09-07T10:43:35.094+0900][18.417s][info][gc,heap     ] GC(234) Old regions: 75->75
[2026-09-07T10:43:35.094+0900][18.417s][info][gc,heap     ] GC(234) Humongous regions: 2->2
[2026-09-07T10:43:35.094+0900][18.417s][info][gc,metaspace] GC(234) Metaspace: 23366K(23872K)->23366K(23872K) NonClass: 20546K(20800K)->20546K(20800K) Class: 2819K(3072K)->2819K(3072K)
[2026-09-07T10:43:35.094+0900][18.417s][info][gc          ] GC(234) Pause Young (Normal) (G1 Evacuation Pause) 357M->154M(380M) 0.565ms
[2026-09-07T10:43:35.094+0900][18.417s][info][gc,cpu      ] GC(234) User=0.01s Sys=0.00s Real=0.00s
[2026-09-07T10:43:35.094+0900][18.417s][info][safepoint   ] Safepoint "G1CollectForAllocation", Time since last: 77291958 ns, Reaching safepoint: 1208 ns, Cleanup: 709 ns, At safepoint: 579541 ns, Leaving safepoint: 1000 ns, Total: 582458 ns
[2026-09-07T10:43:35.172+0900][18.495s][info][gc,start    ] GC(235) Pause Young (Normal) (G1 Evacuation Pause)
[2026-09-07T10:43:35.172+0900][18.495s][info][gc,task     ] GC(235) Using 9 workers of 9 for evacuation
[2026-09-07T10:43:35.172+0900][18.495s][info][gc,phases   ] GC(235)   Pre Evacuate Collection Set: 0.07ms
[2026-09-07T10:43:35.172+0900][18.495s][info][gc,phases   ] GC(235)   Merge Heap Roots: 0.02ms
[2026-09-07T10:43:35.172+0900][18.495s][info][gc,phases   ] GC(235)   Evacuate Collection Set: 0.38ms
[2026-09-07T10:43:35.172+0900][18.495s][info][gc,phases   ] GC(235)   Post Evacuate Collection Set: 0.10ms
[2026-09-07T10:43:35.172+0900][18.495s][info][gc,phases   ] GC(235)   Other: 0.02ms
[2026-09-07T10:43:35.172+0900][18.495s][info][gc,heap     ] GC(235) Eden regions: 101->0(100)
[2026-09-07T10:43:35.172+0900][18.495s][info][gc,heap     ] GC(235) Survivor regions: 2->3(13)
[2026-09-07T10:43:35.172+0900][18.495s][info][gc,heap     ] GC(235) Old regions: 75->75
[2026-09-07T10:43:35.172+0900][18.495s][info][gc,heap     ] GC(235) Humongous regions: 2->2
[2026-09-07T10:43:35.172+0900][18.495s][info][gc,metaspace] GC(235) Metaspace: 23366K(23872K)->23366K(23872K) NonClass: 20546K(20800K)->20546K(20800K) Class: 2819K(3072K)->2819K(3072K)
[2026-09-07T10:43:35.172+0900][18.495s][info][gc          ] GC(235) Pause Young (Normal) (G1 Evacuation Pause) 356M->156M(380M) 0.669ms
[2026-09-07T10:43:35.172+0900][18.495s][info][gc,cpu      ] GC(235) User=0.01s Sys=0.00s Real=0.00s
[2026-09-07T10:43:35.172+0900][18.495s][info][safepoint   ] Safepoint "G1CollectForAllocation", Time since last: 77325875 ns, Reaching safepoint: 1125 ns, Cleanup: 1084 ns, At safepoint: 683666 ns, Leaving safepoint: 1084 ns, Total: 686959 ns
[2026-09-07T10:43:35.249+0900][18.572s][info][gc,start    ] GC(236) Pause Young (Normal) (G1 Evacuation Pause)
[2026-09-07T10:43:35.249+0900][18.572s][info][gc,task     ] GC(236) Using 9 workers of 9 for evacuation
[2026-09-07T10:43:35.250+0900][18.573s][info][gc,phases   ] GC(236)   Pre Evacuate Collection Set: 0.08ms
[2026-09-07T10:43:35.250+0900][18.573s][info][gc,phases   ] GC(236)   Merge Heap Roots: 0.02ms
[2026-09-07T10:43:35.250+0900][18.573s][info][gc,phases   ] GC(236)   Evacuate Collection Set: 0.44ms
[2026-09-07T10:43:35.250+0900][18.573s][info][gc,phases   ] GC(236)   Post Evacuate Collection Set: 0.11ms
[2026-09-07T10:43:35.250+0900][18.573s][info][gc,phases   ] GC(236)   Other: 0.02ms
[2026-09-07T10:43:35.250+0900][18.573s][info][gc,heap     ] GC(236) Eden regions: 100->0(100)
[2026-09-07T10:43:35.250+0900][18.573s][info][gc,heap     ] GC(236) Survivor regions: 3->3(13)
[2026-09-07T10:43:35.250+0900][18.573s][info][gc,heap     ] GC(236) Old regions: 75->75
[2026-09-07T10:43:35.250+0900][18.573s][info][gc,heap     ] GC(236) Humongous regions: 2->2
[2026-09-07T10:43:35.250+0900][18.573s][info][gc,metaspace] GC(236) Metaspace: 23366K(23872K)->23366K(23872K) NonClass: 20546K(20800K)->20546K(20800K) Class: 2819K(3072K)->2819K(3072K)
[2026-09-07T10:43:35.250+0900][18.573s][info][gc          ] GC(236) Pause Young (Normal) (G1 Evacuation Pause) 356M->157M(380M) 0.724ms
[2026-09-07T10:43:35.250+0900][18.573s][info][gc,cpu      ] GC(236) User=0.01s Sys=0.00s Real=0.01s
[2026-09-07T10:43:35.250+0900][18.573s][info][safepoint   ] Safepoint "G1CollectForAllocation", Time since last: 76871291 ns, Reaching safepoint: 1167 ns, Cleanup: 875 ns, At safepoint: 737958 ns, Leaving safepoint: 917 ns, Total: 740917 ns
[2026-09-07T10:43:35.328+0900][18.651s][info][gc,start    ] GC(237) Pause Young (Normal) (G1 Evacuation Pause)
[2026-09-07T10:43:35.328+0900][18.651s][info][gc,task     ] GC(237) Using 9 workers of 9 for evacuation
[2026-09-07T10:43:35.329+0900][18.652s][info][gc,phases   ] GC(237)   Pre Evacuate Collection Set: 0.08ms
[2026-09-07T10:43:35.329+0900][18.652s][info][gc,phases   ] GC(237)   Merge Heap Roots: 0.04ms
[2026-09-07T10:43:35.329+0900][18.652s][info][gc,phases   ] GC(237)   Evacuate Collection Set: 0.53ms
[2026-09-07T10:43:35.329+0900][18.652s][info][gc,phases   ] GC(237)   Post Evacuate Collection Set: 0.13ms
[2026-09-07T10:43:35.329+0900][18.652s][info][gc,phases   ] GC(237)   Other: 0.02ms
[2026-09-07T10:43:35.329+0900][18.652s][info][gc,heap     ] GC(237) Eden regions: 100->0(99)
[2026-09-07T10:43:35.329+0900][18.652s][info][gc,heap     ] GC(237) Survivor regions: 3->4(13)
[2026-09-07T10:43:35.329+0900][18.652s][info][gc,heap     ] GC(237) Old regions: 75->75
[2026-09-07T10:43:35.329+0900][18.652s][info][gc,heap     ] GC(237) Humongous regions: 2->2
[2026-09-07T10:43:35.329+0900][18.652s][info][gc,metaspace] GC(237) Metaspace: 23366K(23872K)->23366K(23872K) NonClass: 20546K(20800K)->20546K(20800K) Class: 2819K(3072K)->2819K(3072K)
[2026-09-07T10:43:35.329+0900][18.652s][info][gc          ] GC(237) Pause Young (Normal) (G1 Evacuation Pause) 357M->159M(380M) 0.851ms
[2026-09-07T10:43:35.329+0900][18.652s][info][gc,cpu      ] GC(237) User=0.00s Sys=0.00s Real=0.00s
[2026-09-07T10:43:35.329+0900][18.652s][info][safepoint   ] Safepoint "G1CollectForAllocation", Time since last: 77938667 ns, Reaching safepoint: 1000 ns, Cleanup: 583 ns, At safepoint: 868167 ns, Leaving safepoint: 1333 ns, Total: 871083 ns
[2026-09-07T10:43:35.405+0900][18.728s][info][gc,start    ] GC(238) Pause Young (Normal) (G1 Evacuation Pause)
[2026-09-07T10:43:35.405+0900][18.728s][info][gc,task     ] GC(238) Using 9 workers of 9 for evacuation
[2026-09-07T10:43:35.406+0900][18.728s][info][gc,phases   ] GC(238)   Pre Evacuate Collection Set: 0.07ms
[2026-09-07T10:43:35.406+0900][18.728s][info][gc,phases   ] GC(238)   Merge Heap Roots: 0.02ms
[2026-09-07T10:43:35.406+0900][18.728s][info][gc,phases   ] GC(238)   Evacuate Collection Set: 0.27ms
[2026-09-07T10:43:35.406+0900][18.728s][info][gc,phases   ] GC(238)   Post Evacuate Collection Set: 0.12ms
[2026-09-07T10:43:35.406+0900][18.728s][info][gc,phases   ] GC(238)   Other: 0.02ms
[2026-09-07T10:43:35.406+0900][18.728s][info][gc,heap     ] GC(238) Eden regions: 99->0(101)
[2026-09-07T10:43:35.406+0900][18.728s][info][gc,heap     ] GC(238) Survivor regions: 4->2(13)
[2026-09-07T10:43:35.406+0900][18.728s][info][gc,heap     ] GC(238) Old regions: 75->75
[2026-09-07T10:43:35.406+0900][18.728s][info][gc,heap     ] GC(238) Humongous regions: 2->2
[2026-09-07T10:43:35.406+0900][18.728s][info][gc,metaspace] GC(238) Metaspace: 23366K(23872K)->23366K(23872K) NonClass: 20546K(20800K)->20546K(20800K) Class: 2819K(3072K)->2819K(3072K)
[2026-09-07T10:43:35.406+0900][18.729s][info][gc          ] GC(238) Pause Young (Normal) (G1 Evacuation Pause) 357M->155M(380M) 0.575ms
[2026-09-07T10:43:35.406+0900][18.729s][info][gc,cpu      ] GC(238) User=0.00s Sys=0.00s Real=0.00s
[2026-09-07T10:43:35.406+0900][18.729s][info][safepoint   ] Safepoint "G1CollectForAllocation", Time since last: 76137208 ns, Reaching safepoint: 1000 ns, Cleanup: 959 ns, At safepoint: 587625 ns, Leaving safepoint: 833 ns, Total: 590417 ns
[2026-09-07T10:43:35.484+0900][18.807s][info][gc,start    ] GC(239) Pause Young (Normal) (G1 Evacuation Pause)
[2026-09-07T10:43:35.484+0900][18.807s][info][gc,task     ] GC(239) Using 9 workers of 9 for evacuation
[2026-09-07T10:43:35.485+0900][18.807s][info][gc,phases   ] GC(239)   Pre Evacuate Collection Set: 0.08ms
[2026-09-07T10:43:35.485+0900][18.808s][info][gc,phases   ] GC(239)   Merge Heap Roots: 0.02ms
[2026-09-07T10:43:35.485+0900][18.808s][info][gc,phases   ] GC(239)   Evacuate Collection Set: 0.36ms
[2026-09-07T10:43:35.485+0900][18.808s][info][gc,phases   ] GC(239)   Post Evacuate Collection Set: 0.12ms
[2026-09-07T10:43:35.485+0900][18.808s][info][gc,phases   ] GC(239)   Other: 0.02ms
[2026-09-07T10:43:35.485+0900][18.808s][info][gc,heap     ] GC(239) Eden regions: 101->0(100)
[2026-09-07T10:43:35.485+0900][18.808s][info][gc,heap     ] GC(239) Survivor regions: 2->3(13)
[2026-09-07T10:43:35.485+0900][18.808s][info][gc,heap     ] GC(239) Old regions: 75->75
[2026-09-07T10:43:35.485+0900][18.808s][info][gc,heap     ] GC(239) Humongous regions: 2->2
[2026-09-07T10:43:35.485+0900][18.808s][info][gc,metaspace] GC(239) Metaspace: 23366K(23872K)->23366K(23872K) NonClass: 20546K(20800K)->20546K(20800K) Class: 2819K(3072K)->2819K(3072K)
[2026-09-07T10:43:35.485+0900][18.808s][info][gc          ] GC(239) Pause Young (Normal) (G1 Evacuation Pause) 357M->156M(380M) 0.669ms
[2026-09-07T10:43:35.485+0900][18.808s][info][gc,cpu      ] GC(239) User=0.00s Sys=0.00s Real=0.00s
[2026-09-07T10:43:35.485+0900][18.808s][info][safepoint   ] Safepoint "G1CollectForAllocation", Time since last: 78344042 ns, Reaching safepoint: 1750 ns, Cleanup: 791 ns, At safepoint: 683209 ns, Leaving safepoint: 708 ns, Total: 686458 ns
[2026-09-07T10:43:35.561+0900][18.884s][info][gc,start    ] GC(240) Pause Young (Normal) (G1 Evacuation Pause)
[2026-09-07T10:43:35.561+0900][18.884s][info][gc,task     ] GC(240) Using 9 workers of 9 for evacuation
[2026-09-07T10:43:35.562+0900][18.885s][info][gc,phases   ] GC(240)   Pre Evacuate Collection Set: 0.08ms
[2026-09-07T10:43:35.562+0900][18.885s][info][gc,phases   ] GC(240)   Merge Heap Roots: 0.02ms
[2026-09-07T10:43:35.562+0900][18.885s][info][gc,phases   ] GC(240)   Evacuate Collection Set: 0.45ms
[2026-09-07T10:43:35.562+0900][18.885s][info][gc,phases   ] GC(240)   Post Evacuate Collection Set: 0.11ms
[2026-09-07T10:43:35.562+0900][18.885s][info][gc,phases   ] GC(240)   Other: 0.02ms
[2026-09-07T10:43:35.562+0900][18.885s][info][gc,heap     ] GC(240) Eden regions: 100->0(100)
[2026-09-07T10:43:35.562+0900][18.885s][info][gc,heap     ] GC(240) Survivor regions: 3->3(13)
[2026-09-07T10:43:35.562+0900][18.885s][info][gc,heap     ] GC(240) Old regions: 75->75
[2026-09-07T10:43:35.562+0900][18.885s][info][gc,heap     ] GC(240) Humongous regions: 2->2
[2026-09-07T10:43:35.562+0900][18.885s][info][gc,metaspace] GC(240) Metaspace: 23366K(23872K)->23366K(23872K) NonClass: 20546K(20800K)->20546K(20800K) Class: 2819K(3072K)->2819K(3072K)
[2026-09-07T10:43:35.562+0900][18.885s][info][gc          ] GC(240) Pause Young (Normal) (G1 Evacuation Pause) 356M->158M(380M) 0.744ms
[2026-09-07T10:43:35.562+0900][18.885s][info][gc,cpu      ] GC(240) User=0.00s Sys=0.00s Real=0.00s
[2026-09-07T10:43:35.562+0900][18.885s][info][safepoint   ] Safepoint "G1CollectForAllocation", Time since last: 76256250 ns, Reaching safepoint: 1167 ns, Cleanup: 583 ns, At safepoint: 758375 ns, Leaving safepoint: 875 ns, Total: 761000 ns
[2026-09-07T10:43:35.638+0900][18.961s][info][gc,start    ] GC(241) Pause Young (Normal) (G1 Evacuation Pause)
[2026-09-07T10:43:35.638+0900][18.961s][info][gc,task     ] GC(241) Using 9 workers of 9 for evacuation
[2026-09-07T10:43:35.639+0900][18.961s][info][gc,phases   ] GC(241)   Pre Evacuate Collection Set: 0.07ms
[2026-09-07T10:43:35.639+0900][18.961s][info][gc,phases   ] GC(241)   Merge Heap Roots: 0.02ms
[2026-09-07T10:43:35.639+0900][18.961s][info][gc,phases   ] GC(241)   Evacuate Collection Set: 0.55ms
[2026-09-07T10:43:35.639+0900][18.961s][info][gc,phases   ] GC(241)   Post Evacuate Collection Set: 0.12ms
[2026-09-07T10:43:35.639+0900][18.961s][info][gc,phases   ] GC(241)   Other: 0.02ms
[2026-09-07T10:43:35.639+0900][18.961s][info][gc,heap     ] GC(241) Eden regions: 100->0(99)
[2026-09-07T10:43:35.639+0900][18.961s][info][gc,heap     ] GC(241) Survivor regions: 3->4(13)
[2026-09-07T10:43:35.639+0900][18.961s][info][gc,heap     ] GC(241) Old regions: 75->75
[2026-09-07T10:43:35.639+0900][18.961s][info][gc,heap     ] GC(241) Humongous regions: 2->2
[2026-09-07T10:43:35.639+0900][18.961s][info][gc,metaspace] GC(241) Metaspace: 23366K(23872K)->23366K(23872K) NonClass: 20546K(20800K)->20546K(20800K) Class: 2819K(3072K)->2819K(3072K)
[2026-09-07T10:43:35.639+0900][18.961s][info][gc          ] GC(241) Pause Young (Normal) (G1 Evacuation Pause) 358M->159M(380M) 0.850ms
[2026-09-07T10:43:35.639+0900][18.961s][info][gc,cpu      ] GC(241) User=0.00s Sys=0.00s Real=0.00s
[2026-09-07T10:43:35.639+0900][18.961s][info][safepoint   ] Safepoint "G1CollectForAllocation", Time since last: 76044125 ns, Reaching safepoint: 1042 ns, Cleanup: 833 ns, At safepoint: 865333 ns, Leaving safepoint: 1125 ns, Total: 868333 ns
[2026-09-07T10:43:35.715+0900][19.038s][info][gc,start    ] GC(242) Pause Young (Normal) (G1 Evacuation Pause)
[2026-09-07T10:43:35.715+0900][19.038s][info][gc,task     ] GC(242) Using 9 workers of 9 for evacuation
[2026-09-07T10:43:35.716+0900][19.039s][info][gc,phases   ] GC(242)   Pre Evacuate Collection Set: 0.08ms
[2026-09-07T10:43:35.716+0900][19.039s][info][gc,phases   ] GC(242)   Merge Heap Roots: 0.02ms
[2026-09-07T10:43:35.716+0900][19.039s][info][gc,phases   ] GC(242)   Evacuate Collection Set: 0.24ms
[2026-09-07T10:43:35.716+0900][19.039s][info][gc,phases   ] GC(242)   Post Evacuate Collection Set: 0.12ms
[2026-09-07T10:43:35.716+0900][19.039s][info][gc,phases   ] GC(242)   Other: 0.02ms
[2026-09-07T10:43:35.716+0900][19.039s][info][gc,heap     ] GC(242) Eden regions: 99->0(101)
[2026-09-07T10:43:35.716+0900][19.039s][info][gc,heap     ] GC(242) Survivor regions: 4->2(13)
[2026-09-07T10:43:35.716+0900][19.039s][info][gc,heap     ] GC(242) Old regions: 75->75
[2026-09-07T10:43:35.716+0900][19.039s][info][gc,heap     ] GC(242) Humongous regions: 2->2
[2026-09-07T10:43:35.716+0900][19.039s][info][gc,metaspace] GC(242) Metaspace: 23366K(23872K)->23366K(23872K) NonClass: 20546K(20800K)->20546K(20800K) Class: 2819K(3072K)->2819K(3072K)
[2026-09-07T10:43:35.716+0900][19.039s][info][gc          ] GC(242) Pause Young (Normal) (G1 Evacuation Pause) 357M->154M(380M) 0.542ms
[2026-09-07T10:43:35.716+0900][19.039s][info][gc,cpu      ] GC(242) User=0.00s Sys=0.01s Real=0.00s
[2026-09-07T10:43:35.716+0900][19.039s][info][safepoint   ] Safepoint "G1CollectForAllocation", Time since last: 76696334 ns, Reaching safepoint: 1375 ns, Cleanup: 458 ns, At safepoint: 559167 ns, Leaving safepoint: 1041 ns, Total: 562041 ns
[2026-09-07T10:43:35.792+0900][19.115s][info][gc,start    ] GC(243) Pause Young (Normal) (G1 Evacuation Pause)
[2026-09-07T10:43:35.792+0900][19.115s][info][gc,task     ] GC(243) Using 9 workers of 9 for evacuation
[2026-09-07T10:43:35.793+0900][19.116s][info][gc,phases   ] GC(243)   Pre Evacuate Collection Set: 0.05ms
[2026-09-07T10:43:35.793+0900][19.116s][info][gc,phases   ] GC(243)   Merge Heap Roots: 0.04ms
[2026-09-07T10:43:35.793+0900][19.116s][info][gc,phases   ] GC(243)   Evacuate Collection Set: 0.37ms
[2026-09-07T10:43:35.793+0900][19.116s][info][gc,phases   ] GC(243)   Post Evacuate Collection Set: 0.12ms
[2026-09-07T10:43:35.793+0900][19.116s][info][gc,phases   ] GC(243)   Other: 0.02ms
[2026-09-07T10:43:35.793+0900][19.116s][info][gc,heap     ] GC(243) Eden regions: 101->0(101)
[2026-09-07T10:43:35.793+0900][19.116s][info][gc,heap     ] GC(243) Survivor regions: 2->2(13)
[2026-09-07T10:43:35.793+0900][19.116s][info][gc,heap     ] GC(243) Old regions: 75->75
[2026-09-07T10:43:35.793+0900][19.116s][info][gc,heap     ] GC(243) Humongous regions: 2->2
[2026-09-07T10:43:35.793+0900][19.116s][info][gc,metaspace] GC(243) Metaspace: 23366K(23872K)->23366K(23872K) NonClass: 20546K(20800K)->20546K(20800K) Class: 2819K(3072K)->2819K(3072K)
[2026-09-07T10:43:35.793+0900][19.116s][info][gc          ] GC(243) Pause Young (Normal) (G1 Evacuation Pause) 356M->156M(380M) 0.669ms
[2026-09-07T10:43:35.793+0900][19.116s][info][gc,cpu      ] GC(243) User=0.00s Sys=0.00s Real=0.00s
[2026-09-07T10:43:35.793+0900][19.116s][info][safepoint   ] Safepoint "G1CollectForAllocation", Time since last: 76385209 ns, Reaching safepoint: 1083 ns, Cleanup: 917 ns, At safepoint: 681375 ns, Leaving safepoint: 750 ns, Total: 684125 ns
[2026-09-07T10:43:35.870+0900][19.193s][info][gc,start    ] GC(244) Pause Young (Normal) (G1 Evacuation Pause)
[2026-09-07T10:43:35.870+0900][19.193s][info][gc,task     ] GC(244) Using 9 workers of 9 for evacuation
[2026-09-07T10:43:35.871+0900][19.194s][info][gc,phases   ] GC(244)   Pre Evacuate Collection Set: 0.08ms
[2026-09-07T10:43:35.871+0900][19.194s][info][gc,phases   ] GC(244)   Merge Heap Roots: 0.02ms
[2026-09-07T10:43:35.871+0900][19.194s][info][gc,phases   ] GC(244)   Evacuate Collection Set: 0.46ms
[2026-09-07T10:43:35.871+0900][19.194s][info][gc,phases   ] GC(244)   Post Evacuate Collection Set: 0.11ms
[2026-09-07T10:43:35.871+0900][19.194s][info][gc,phases   ] GC(244)   Other: 0.02ms
[2026-09-07T10:43:35.871+0900][19.194s][info][gc,heap     ] GC(244) Eden regions: 101->0(100)
[2026-09-07T10:43:35.871+0900][19.194s][info][gc,heap     ] GC(244) Survivor regions: 2->3(13)
[2026-09-07T10:43:35.871+0900][19.194s][info][gc,heap     ] GC(244) Old regions: 75->75
[2026-09-07T10:43:35.871+0900][19.194s][info][gc,heap     ] GC(244) Humongous regions: 2->2
[2026-09-07T10:43:35.871+0900][19.194s][info][gc,metaspace] GC(244) Metaspace: 23366K(23872K)->23366K(23872K) NonClass: 20546K(20800K)->20546K(20800K) Class: 2819K(3072K)->2819K(3072K)
[2026-09-07T10:43:35.871+0900][19.194s][info][gc          ] GC(244) Pause Young (Normal) (G1 Evacuation Pause) 358M->158M(380M) 0.759ms
[2026-09-07T10:43:35.871+0900][19.194s][info][gc,cpu      ] GC(244) User=0.00s Sys=0.00s Real=0.00s
[2026-09-07T10:43:35.871+0900][19.194s][info][safepoint   ] Safepoint "G1CollectForAllocation", Time since last: 77103541 ns, Reaching safepoint: 1000 ns, Cleanup: 709 ns, At safepoint: 771500 ns, Leaving safepoint: 708 ns, Total: 773917 ns
[2026-09-07T10:43:35.948+0900][19.271s][info][gc,start    ] GC(245) Pause Young (Normal) (G1 Evacuation Pause)
[2026-09-07T10:43:35.948+0900][19.271s][info][gc,task     ] GC(245) Using 9 workers of 9 for evacuation
[2026-09-07T10:43:35.949+0900][19.272s][info][gc,phases   ] GC(245)   Pre Evacuate Collection Set: 0.08ms
[2026-09-07T10:43:35.949+0900][19.272s][info][gc,phases   ] GC(245)   Merge Heap Roots: 0.02ms
[2026-09-07T10:43:35.949+0900][19.272s][info][gc,phases   ] GC(245)   Evacuate Collection Set: 0.54ms
[2026-09-07T10:43:35.949+0900][19.272s][info][gc,phases   ] GC(245)   Post Evacuate Collection Set: 0.12ms
[2026-09-07T10:43:35.949+0900][19.272s][info][gc,phases   ] GC(245)   Other: 0.02ms
[2026-09-07T10:43:35.949+0900][19.272s][info][gc,heap     ] GC(245) Eden regions: 100->0(99)
[2026-09-07T10:43:35.949+0900][19.272s][info][gc,heap     ] GC(245) Survivor regions: 3->4(13)
[2026-09-07T10:43:35.949+0900][19.272s][info][gc,heap     ] GC(245) Old regions: 75->75
[2026-09-07T10:43:35.949+0900][19.272s][info][gc,heap     ] GC(245) Humongous regions: 2->2
[2026-09-07T10:43:35.949+0900][19.272s][info][gc,metaspace] GC(245) Metaspace: 23366K(23872K)->23366K(23872K) NonClass: 20546K(20800K)->20546K(20800K) Class: 2819K(3072K)->2819K(3072K)
[2026-09-07T10:43:35.949+0900][19.272s][info][gc          ] GC(245) Pause Young (Normal) (G1 Evacuation Pause) 358M->159M(380M) 0.836ms
[2026-09-07T10:43:35.949+0900][19.272s][info][gc,cpu      ] GC(245) User=0.00s Sys=0.00s Real=0.00s
[2026-09-07T10:43:35.949+0900][19.272s][info][safepoint   ] Safepoint "G1CollectForAllocation", Time since last: 77325750 ns, Reaching safepoint: 1125 ns, Cleanup: 625 ns, At safepoint: 849500 ns, Leaving safepoint: 833 ns, Total: 852083 ns
[2026-09-07T10:43:36.026+0900][19.349s][info][gc,start    ] GC(246) Pause Young (Normal) (G1 Evacuation Pause)
[2026-09-07T10:43:36.026+0900][19.349s][info][gc,task     ] GC(246) Using 9 workers of 9 for evacuation
[2026-09-07T10:43:36.026+0900][19.349s][info][gc,phases   ] GC(246)   Pre Evacuate Collection Set: 0.07ms
[2026-09-07T10:43:36.026+0900][19.349s][info][gc,phases   ] GC(246)   Merge Heap Roots: 0.02ms
[2026-09-07T10:43:36.026+0900][19.349s][info][gc,phases   ] GC(246)   Evacuate Collection Set: 0.24ms
[2026-09-07T10:43:36.026+0900][19.349s][info][gc,phases   ] GC(246)   Post Evacuate Collection Set: 0.12ms
[2026-09-07T10:43:36.026+0900][19.349s][info][gc,phases   ] GC(246)   Other: 0.02ms
[2026-09-07T10:43:36.026+0900][19.349s][info][gc,heap     ] GC(246) Eden regions: 99->0(101)
[2026-09-07T10:43:36.026+0900][19.349s][info][gc,heap     ] GC(246) Survivor regions: 4->2(13)
[2026-09-07T10:43:36.026+0900][19.349s][info][gc,heap     ] GC(246) Old regions: 75->75
[2026-09-07T10:43:36.026+0900][19.349s][info][gc,heap     ] GC(246) Humongous regions: 2->2
[2026-09-07T10:43:36.026+0900][19.349s][info][gc,metaspace] GC(246) Metaspace: 23366K(23872K)->23366K(23872K) NonClass: 20546K(20800K)->20546K(20800K) Class: 2819K(3072K)->2819K(3072K)
[2026-09-07T10:43:36.026+0900][19.349s][info][gc          ] GC(246) Pause Young (Normal) (G1 Evacuation Pause) 357M->154M(380M) 0.540ms
[2026-09-07T10:43:36.026+0900][19.349s][info][gc,cpu      ] GC(246) User=0.00s Sys=0.00s Real=0.00s
[2026-09-07T10:43:36.026+0900][19.349s][info][safepoint   ] Safepoint "G1CollectForAllocation", Time since last: 76719084 ns, Reaching safepoint: 1000 ns, Cleanup: 500 ns, At safepoint: 553250 ns, Leaving safepoint: 916 ns, Total: 555666 ns
[2026-09-07T10:43:36.104+0900][19.427s][info][gc,start    ] GC(247) Pause Young (Normal) (G1 Evacuation Pause)
[2026-09-07T10:43:36.104+0900][19.427s][info][gc,task     ] GC(247) Using 9 workers of 9 for evacuation
[2026-09-07T10:43:36.105+0900][19.428s][info][gc,phases   ] GC(247)   Pre Evacuate Collection Set: 0.07ms
[2026-09-07T10:43:36.105+0900][19.428s][info][gc,phases   ] GC(247)   Merge Heap Roots: 0.02ms
[2026-09-07T10:43:36.105+0900][19.428s][info][gc,phases   ] GC(247)   Evacuate Collection Set: 0.36ms
[2026-09-07T10:43:36.105+0900][19.428s][info][gc,phases   ] GC(247)   Post Evacuate Collection Set: 0.11ms
[2026-09-07T10:43:36.105+0900][19.428s][info][gc,phases   ] GC(247)   Other: 0.01ms
[2026-09-07T10:43:36.105+0900][19.428s][info][gc,heap     ] GC(247) Eden regions: 101->0(101)
[2026-09-07T10:43:36.105+0900][19.428s][info][gc,heap     ] GC(247) Survivor regions: 2->2(13)
[2026-09-07T10:43:36.105+0900][19.428s][info][gc,heap     ] GC(247) Old regions: 75->75
[2026-09-07T10:43:36.105+0900][19.428s][info][gc,heap     ] GC(247) Humongous regions: 2->2
[2026-09-07T10:43:36.105+0900][19.428s][info][gc,metaspace] GC(247) Metaspace: 23366K(23872K)->23366K(23872K) NonClass: 20546K(20800K)->20546K(20800K) Class: 2819K(3072K)->2819K(3072K)
[2026-09-07T10:43:36.105+0900][19.428s][info][gc          ] GC(247) Pause Young (Normal) (G1 Evacuation Pause) 356M->156M(380M) 0.632ms
[2026-09-07T10:43:36.105+0900][19.428s][info][gc,cpu      ] GC(247) User=0.00s Sys=0.00s Real=0.00s
[2026-09-07T10:43:36.105+0900][19.428s][info][safepoint   ] Safepoint "G1CollectForAllocation", Time since last: 78010334 ns, Reaching safepoint: 1208 ns, Cleanup: 1125 ns, At safepoint: 645917 ns, Leaving safepoint: 1041 ns, Total: 649291 ns
[2026-09-07T10:43:36.182+0900][19.505s][info][gc,start    ] GC(248) Pause Young (Normal) (G1 Evacuation Pause)
[2026-09-07T10:43:36.182+0900][19.505s][info][gc,task     ] GC(248) Using 9 workers of 9 for evacuation
[2026-09-07T10:43:36.183+0900][19.506s][info][gc,phases   ] GC(248)   Pre Evacuate Collection Set: 0.06ms
[2026-09-07T10:43:36.183+0900][19.506s][info][gc,phases   ] GC(248)   Merge Heap Roots: 0.04ms
[2026-09-07T10:43:36.183+0900][19.506s][info][gc,phases   ] GC(248)   Evacuate Collection Set: 0.43ms
[2026-09-07T10:43:36.183+0900][19.506s][info][gc,phases   ] GC(248)   Post Evacuate Collection Set: 0.11ms
[2026-09-07T10:43:36.183+0900][19.506s][info][gc,phases   ] GC(248)   Other: 0.02ms
[2026-09-07T10:43:36.183+0900][19.506s][info][gc,heap     ] GC(248) Eden regions: 101->0(100)
[2026-09-07T10:43:36.183+0900][19.506s][info][gc,heap     ] GC(248) Survivor regions: 2->3(13)
[2026-09-07T10:43:36.183+0900][19.506s][info][gc,heap     ] GC(248) Old regions: 75->75
[2026-09-07T10:43:36.183+0900][19.506s][info][gc,heap     ] GC(248) Humongous regions: 2->2
[2026-09-07T10:43:36.183+0900][19.506s][info][gc,metaspace] GC(248) Metaspace: 23366K(23872K)->23366K(23872K) NonClass: 20546K(20800K)->20546K(20800K) Class: 2819K(3072K)->2819K(3072K)
[2026-09-07T10:43:36.183+0900][19.506s][info][gc          ] GC(248) Pause Young (Normal) (G1 Evacuation Pause) 358M->157M(380M) 0.735ms
[2026-09-07T10:43:36.183+0900][19.506s][info][gc,cpu      ] GC(248) User=0.00s Sys=0.00s Real=0.00s
[2026-09-07T10:43:36.183+0900][19.506s][info][safepoint   ] Safepoint "G1CollectForAllocation", Time since last: 77034250 ns, Reaching safepoint: 959 ns, Cleanup: 625 ns, At safepoint: 748500 ns, Leaving safepoint: 791 ns, Total: 750875 ns
[2026-09-07T10:43:36.260+0900][19.583s][info][gc,start    ] GC(249) Pause Young (Normal) (G1 Evacuation Pause)
[2026-09-07T10:43:36.260+0900][19.583s][info][gc,task     ] GC(249) Using 9 workers of 9 for evacuation
[2026-09-07T10:43:36.261+0900][19.584s][info][gc,phases   ] GC(249)   Pre Evacuate Collection Set: 0.07ms
[2026-09-07T10:43:36.261+0900][19.584s][info][gc,phases   ] GC(249)   Merge Heap Roots: 0.05ms
[2026-09-07T10:43:36.261+0900][19.584s][info][gc,phases   ] GC(249)   Evacuate Collection Set: 0.52ms
[2026-09-07T10:43:36.261+0900][19.584s][info][gc,phases   ] GC(249)   Post Evacuate Collection Set: 0.11ms
[2026-09-07T10:43:36.261+0900][19.584s][info][gc,phases   ] GC(249)   Other: 0.02ms
[2026-09-07T10:43:36.261+0900][19.584s][info][gc,heap     ] GC(249) Eden regions: 100->0(99)
[2026-09-07T10:43:36.261+0900][19.584s][info][gc,heap     ] GC(249) Survivor regions: 3->4(13)
[2026-09-07T10:43:36.261+0900][19.584s][info][gc,heap     ] GC(249) Old regions: 75->75
[2026-09-07T10:43:36.261+0900][19.584s][info][gc,heap     ] GC(249) Humongous regions: 2->2
[2026-09-07T10:43:36.261+0900][19.584s][info][gc,metaspace] GC(249) Metaspace: 23366K(23872K)->23366K(23872K) NonClass: 20546K(20800K)->20546K(20800K) Class: 2819K(3072K)->2819K(3072K)
[2026-09-07T10:43:36.261+0900][19.584s][info][gc          ] GC(249) Pause Young (Normal) (G1 Evacuation Pause) 357M->159M(380M) 0.827ms
[2026-09-07T10:43:36.261+0900][19.584s][info][gc,cpu      ] GC(249) User=0.00s Sys=0.00s Real=0.00s
[2026-09-07T10:43:36.261+0900][19.584s][info][safepoint   ] Safepoint "G1CollectForAllocation", Time since last: 77316834 ns, Reaching safepoint: 1208 ns, Cleanup: 750 ns, At safepoint: 839958 ns, Leaving safepoint: 917 ns, Total: 842833 ns
[2026-09-07T10:43:36.336+0900][19.659s][info][gc,start    ] GC(250) Pause Young (Normal) (G1 Evacuation Pause)
[2026-09-07T10:43:36.336+0900][19.659s][info][gc,task     ] GC(250) Using 9 workers of 9 for evacuation
[2026-09-07T10:43:36.336+0900][19.659s][info][gc,phases   ] GC(250)   Pre Evacuate Collection Set: 0.07ms
[2026-09-07T10:43:36.336+0900][19.659s][info][gc,phases   ] GC(250)   Merge Heap Roots: 0.02ms
[2026-09-07T10:43:36.336+0900][19.659s][info][gc,phases   ] GC(250)   Evacuate Collection Set: 0.28ms
[2026-09-07T10:43:36.336+0900][19.659s][info][gc,phases   ] GC(250)   Post Evacuate Collection Set: 0.12ms
[2026-09-07T10:43:36.336+0900][19.659s][info][gc,phases   ] GC(250)   Other: 0.01ms
[2026-09-07T10:43:36.336+0900][19.659s][info][gc,heap     ] GC(250) Eden regions: 99->0(101)
[2026-09-07T10:43:36.336+0900][19.659s][info][gc,heap     ] GC(250) Survivor regions: 4->2(13)
[2026-09-07T10:43:36.336+0900][19.659s][info][gc,heap     ] GC(250) Old regions: 75->75
[2026-09-07T10:43:36.336+0900][19.659s][info][gc,heap     ] GC(250) Humongous regions: 2->2
[2026-09-07T10:43:36.336+0900][19.659s][info][gc,metaspace] GC(250) Metaspace: 23366K(23872K)->23366K(23872K) NonClass: 20546K(20800K)->20546K(20800K) Class: 2819K(3072K)->2819K(3072K)
[2026-09-07T10:43:36.336+0900][19.659s][info][gc          ] GC(250) Pause Young (Normal) (G1 Evacuation Pause) 357M->155M(380M) 0.558ms
[2026-09-07T10:43:36.336+0900][19.659s][info][gc,cpu      ] GC(250) User=0.00s Sys=0.00s Real=0.00s
[2026-09-07T10:43:36.336+0900][19.659s][info][safepoint   ] Safepoint "G1CollectForAllocation", Time since last: 74925833 ns, Reaching safepoint: 834 ns, Cleanup: 958 ns, At safepoint: 571083 ns, Leaving safepoint: 917 ns, Total: 573792 ns
[2026-09-07T10:43:36.413+0900][19.736s][info][gc,start    ] GC(251) Pause Young (Normal) (G1 Evacuation Pause)
[2026-09-07T10:43:36.413+0900][19.736s][info][gc,task     ] GC(251) Using 9 workers of 9 for evacuation
[2026-09-07T10:43:36.414+0900][19.737s][info][gc,phases   ] GC(251)   Pre Evacuate Collection Set: 0.07ms
[2026-09-07T10:43:36.414+0900][19.737s][info][gc,phases   ] GC(251)   Merge Heap Roots: 0.02ms
[2026-09-07T10:43:36.414+0900][19.737s][info][gc,phases   ] GC(251)   Evacuate Collection Set: 0.36ms
[2026-09-07T10:43:36.414+0900][19.737s][info][gc,phases   ] GC(251)   Post Evacuate Collection Set: 0.11ms
[2026-09-07T10:43:36.414+0900][19.737s][info][gc,phases   ] GC(251)   Other: 0.02ms
[2026-09-07T10:43:36.414+0900][19.737s][info][gc,heap     ] GC(251) Eden regions: 101->0(101)
[2026-09-07T10:43:36.414+0900][19.737s][info][gc,heap     ] GC(251) Survivor regions: 2->2(13)
[2026-09-07T10:43:36.414+0900][19.737s][info][gc,heap     ] GC(251) Old regions: 75->75
[2026-09-07T10:43:36.414+0900][19.737s][info][gc,heap     ] GC(251) Humongous regions: 2->2
[2026-09-07T10:43:36.414+0900][19.737s][info][gc,metaspace] GC(251) Metaspace: 23366K(23872K)->23366K(23872K) NonClass: 20546K(20800K)->20546K(20800K) Class: 2819K(3072K)->2819K(3072K)
[2026-09-07T10:43:36.414+0900][19.737s][info][gc          ] GC(251) Pause Young (Normal) (G1 Evacuation Pause) 357M->156M(380M) 0.651ms
[2026-09-07T10:43:36.414+0900][19.737s][info][gc,cpu      ] GC(251) User=0.00s Sys=0.00s Real=0.00s
[2026-09-07T10:43:36.414+0900][19.737s][info][safepoint   ] Safepoint "G1CollectForAllocation", Time since last: 77102542 ns, Reaching safepoint: 750 ns, Cleanup: 1041 ns, At safepoint: 663542 ns, Leaving safepoint: 1000 ns, Total: 666333 ns
[2026-09-07T10:43:36.492+0900][19.815s][info][gc,start    ] GC(252) Pause Young (Normal) (G1 Evacuation Pause)
[2026-09-07T10:43:36.492+0900][19.815s][info][gc,task     ] GC(252) Using 9 workers of 9 for evacuation
[2026-09-07T10:43:36.493+0900][19.815s][info][gc,phases   ] GC(252)   Pre Evacuate Collection Set: 0.07ms
[2026-09-07T10:43:36.493+0900][19.815s][info][gc,phases   ] GC(252)   Merge Heap Roots: 0.04ms
[2026-09-07T10:43:36.493+0900][19.815s][info][gc,phases   ] GC(252)   Evacuate Collection Set: 0.47ms
[2026-09-07T10:43:36.493+0900][19.815s][info][gc,phases   ] GC(252)   Post Evacuate Collection Set: 0.11ms
[2026-09-07T10:43:36.493+0900][19.815s][info][gc,phases   ] GC(252)   Other: 0.02ms
[2026-09-07T10:43:36.493+0900][19.816s][info][gc,heap     ] GC(252) Eden regions: 101->0(100)
[2026-09-07T10:43:36.493+0900][19.816s][info][gc,heap     ] GC(252) Survivor regions: 2->3(13)
[2026-09-07T10:43:36.493+0900][19.816s][info][gc,heap     ] GC(252) Old regions: 75->75
[2026-09-07T10:43:36.493+0900][19.816s][info][gc,heap     ] GC(252) Humongous regions: 2->2
[2026-09-07T10:43:36.493+0900][19.816s][info][gc,metaspace] GC(252) Metaspace: 23366K(23872K)->23366K(23872K) NonClass: 20546K(20800K)->20546K(20800K) Class: 2819K(3072K)->2819K(3072K)
[2026-09-07T10:43:36.493+0900][19.816s][info][gc          ] GC(252) Pause Young (Normal) (G1 Evacuation Pause) 358M->158M(380M) 0.787ms
[2026-09-07T10:43:36.493+0900][19.816s][info][gc,cpu      ] GC(252) User=0.00s Sys=0.00s Real=0.00s
[2026-09-07T10:43:36.493+0900][19.816s][info][safepoint   ] Safepoint "G1CollectForAllocation", Time since last: 77721375 ns, Reaching safepoint: 1250 ns, Cleanup: 1333 ns, At safepoint: 803125 ns, Leaving safepoint: 1000 ns, Total: 806708 ns
[2026-09-07T10:43:36.568+0900][19.891s][info][gc,start    ] GC(253) Pause Young (Normal) (G1 Evacuation Pause)
[2026-09-07T10:43:36.568+0900][19.891s][info][gc,task     ] GC(253) Using 9 workers of 9 for evacuation
[2026-09-07T10:43:36.569+0900][19.892s][info][gc,phases   ] GC(253)   Pre Evacuate Collection Set: 0.07ms
[2026-09-07T10:43:36.569+0900][19.892s][info][gc,phases   ] GC(253)   Merge Heap Roots: 0.02ms
[2026-09-07T10:43:36.569+0900][19.892s][info][gc,phases   ] GC(253)   Evacuate Collection Set: 0.55ms
[2026-09-07T10:43:36.569+0900][19.892s][info][gc,phases   ] GC(253)   Post Evacuate Collection Set: 0.12ms
[2026-09-07T10:43:36.569+0900][19.892s][info][gc,phases   ] GC(253)   Other: 0.02ms
[2026-09-07T10:43:36.569+0900][19.892s][info][gc,heap     ] GC(253) Eden regions: 100->0(99)
[2026-09-07T10:43:36.569+0900][19.892s][info][gc,heap     ] GC(253) Survivor regions: 3->4(13)
[2026-09-07T10:43:36.569+0900][19.892s][info][gc,heap     ] GC(253) Old regions: 75->75
[2026-09-07T10:43:36.569+0900][19.892s][info][gc,heap     ] GC(253) Humongous regions: 2->2
[2026-09-07T10:43:36.569+0900][19.892s][info][gc,metaspace] GC(253) Metaspace: 23366K(23872K)->23366K(23872K) NonClass: 20546K(20800K)->20546K(20800K) Class: 2819K(3072K)->2819K(3072K)
[2026-09-07T10:43:36.569+0900][19.892s][info][gc          ] GC(253) Pause Young (Normal) (G1 Evacuation Pause) 358M->160M(380M) 0.847ms
[2026-09-07T10:43:36.569+0900][19.892s][info][gc,cpu      ] GC(253) User=0.00s Sys=0.00s Real=0.00s
[2026-09-07T10:43:36.569+0900][19.892s][info][safepoint   ] Safepoint "G1CollectForAllocation", Time since last: 75655125 ns, Reaching safepoint: 1584 ns, Cleanup: 333 ns, At safepoint: 861250 ns, Leaving safepoint: 1083 ns, Total: 864250 ns
[2026-09-07T10:43:36.645+0900][19.968s][info][gc,start    ] GC(254) Pause Young (Normal) (G1 Evacuation Pause)
[2026-09-07T10:43:36.645+0900][19.968s][info][gc,task     ] GC(254) Using 9 workers of 9 for evacuation
[2026-09-07T10:43:36.646+0900][19.969s][info][gc,phases   ] GC(254)   Pre Evacuate Collection Set: 0.07ms
[2026-09-07T10:43:36.646+0900][19.969s][info][gc,phases   ] GC(254)   Merge Heap Roots: 0.02ms
[2026-09-07T10:43:36.646+0900][19.969s][info][gc,phases   ] GC(254)   Evacuate Collection Set: 0.28ms
[2026-09-07T10:43:36.646+0900][19.969s][info][gc,phases   ] GC(254)   Post Evacuate Collection Set: 0.12ms
[2026-09-07T10:43:36.646+0900][19.969s][info][gc,phases   ] GC(254)   Other: 0.02ms
[2026-09-07T10:43:36.646+0900][19.969s][info][gc,heap     ] GC(254) Eden regions: 99->0(101)
[2026-09-07T10:43:36.646+0900][19.969s][info][gc,heap     ] GC(254) Survivor regions: 4->2(13)
[2026-09-07T10:43:36.646+0900][19.969s][info][gc,heap     ] GC(254) Old regions: 75->75
[2026-09-07T10:43:36.646+0900][19.969s][info][gc,heap     ] GC(254) Humongous regions: 2->2
[2026-09-07T10:43:36.646+0900][19.969s][info][gc,metaspace] GC(254) Metaspace: 23366K(23872K)->23366K(23872K) NonClass: 20546K(20800K)->20546K(20800K) Class: 2819K(3072K)->2819K(3072K)
[2026-09-07T10:43:36.646+0900][19.969s][info][gc          ] GC(254) Pause Young (Normal) (G1 Evacuation Pause) 358M->155M(380M) 0.586ms
[2026-09-07T10:43:36.646+0900][19.969s][info][gc,cpu      ] GC(254) User=0.00s Sys=0.01s Real=0.00s
[2026-09-07T10:43:36.646+0900][19.969s][info][safepoint   ] Safepoint "G1CollectForAllocation", Time since last: 76116917 ns, Reaching safepoint: 1292 ns, Cleanup: 750 ns, At safepoint: 599208 ns, Leaving safepoint: 917 ns, Total: 602167 ns
[2026-09-07T10:43:36.723+0900][20.046s][info][gc,start    ] GC(255) Pause Young (Normal) (G1 Evacuation Pause)
[2026-09-07T10:43:36.723+0900][20.046s][info][gc,task     ] GC(255) Using 9 workers of 9 for evacuation
[2026-09-07T10:43:36.724+0900][20.046s][info][gc,phases   ] GC(255)   Pre Evacuate Collection Set: 0.08ms
[2026-09-07T10:43:36.724+0900][20.046s][info][gc,phases   ] GC(255)   Merge Heap Roots: 0.03ms
[2026-09-07T10:43:36.724+0900][20.046s][info][gc,phases   ] GC(255)   Evacuate Collection Set: 0.37ms
[2026-09-07T10:43:36.724+0900][20.046s][info][gc,phases   ] GC(255)   Post Evacuate Collection Set: 0.12ms
[2026-09-07T10:43:36.724+0900][20.046s][info][gc,phases   ] GC(255)   Other: 0.01ms
[2026-09-07T10:43:36.724+0900][20.046s][info][gc,heap     ] GC(255) Eden regions: 101->0(100)
[2026-09-07T10:43:36.724+0900][20.046s][info][gc,heap     ] GC(255) Survivor regions: 2->3(13)
[2026-09-07T10:43:36.724+0900][20.046s][info][gc,heap     ] GC(255) Old regions: 75->75
[2026-09-07T10:43:36.724+0900][20.046s][info][gc,heap     ] GC(255) Humongous regions: 2->2
[2026-09-07T10:43:36.724+0900][20.046s][info][gc,metaspace] GC(255) Metaspace: 23366K(23872K)->23366K(23872K) NonClass: 20546K(20800K)->20546K(20800K) Class: 2819K(3072K)->2819K(3072K)
[2026-09-07T10:43:36.724+0900][20.046s][info][gc          ] GC(255) Pause Young (Normal) (G1 Evacuation Pause) 357M->156M(380M) 0.685ms
[2026-09-07T10:43:36.724+0900][20.046s][info][gc,cpu      ] GC(255) User=0.00s Sys=0.00s Real=0.00s
[2026-09-07T10:43:36.724+0900][20.046s][info][safepoint   ] Safepoint "G1CollectForAllocation", Time since last: 77022625 ns, Reaching safepoint: 1166 ns, Cleanup: 459 ns, At safepoint: 699250 ns, Leaving safepoint: 958 ns, Total: 701833 ns
[2026-09-07T10:43:36.800+0900][20.123s][info][gc,start    ] GC(256) Pause Young (Normal) (G1 Evacuation Pause)
[2026-09-07T10:43:36.800+0900][20.123s][info][gc,task     ] GC(256) Using 9 workers of 9 for evacuation
[2026-09-07T10:43:36.801+0900][20.124s][info][gc,phases   ] GC(256)   Pre Evacuate Collection Set: 0.07ms
[2026-09-07T10:43:36.801+0900][20.124s][info][gc,phases   ] GC(256)   Merge Heap Roots: 0.02ms
[2026-09-07T10:43:36.801+0900][20.124s][info][gc,phases   ] GC(256)   Evacuate Collection Set: 0.44ms
[2026-09-07T10:43:36.801+0900][20.124s][info][gc,phases   ] GC(256)   Post Evacuate Collection Set: 0.11ms
[2026-09-07T10:43:36.801+0900][20.124s][info][gc,phases   ] GC(256)   Other: 0.02ms
[2026-09-07T10:43:36.801+0900][20.124s][info][gc,heap     ] GC(256) Eden regions: 100->0(100)
[2026-09-07T10:43:36.801+0900][20.124s][info][gc,heap     ] GC(256) Survivor regions: 3->3(13)
[2026-09-07T10:43:36.801+0900][20.124s][info][gc,heap     ] GC(256) Old regions: 75->75
[2026-09-07T10:43:36.801+0900][20.124s][info][gc,heap     ] GC(256) Humongous regions: 2->2
[2026-09-07T10:43:36.801+0900][20.124s][info][gc,metaspace] GC(256) Metaspace: 23366K(23872K)->23366K(23872K) NonClass: 20546K(20800K)->20546K(20800K) Class: 2819K(3072K)->2819K(3072K)
[2026-09-07T10:43:36.801+0900][20.124s][info][gc          ] GC(256) Pause Young (Normal) (G1 Evacuation Pause) 356M->158M(380M) 0.727ms
[2026-09-07T10:43:36.801+0900][20.124s][info][gc,cpu      ] GC(256) User=0.00s Sys=0.00s Real=0.00s
[2026-09-07T10:43:36.801+0900][20.124s][info][safepoint   ] Safepoint "G1CollectForAllocation", Time since last: 76408458 ns, Reaching safepoint: 1042 ns, Cleanup: 792 ns, At safepoint: 741666 ns, Leaving safepoint: 1000 ns, Total: 744500 ns
[2026-09-07T10:43:36.878+0900][20.201s][info][gc,start    ] GC(257) Pause Young (Normal) (G1 Evacuation Pause)
[2026-09-07T10:43:36.878+0900][20.201s][info][gc,task     ] GC(257) Using 9 workers of 9 for evacuation
[2026-09-07T10:43:36.879+0900][20.202s][info][gc,phases   ] GC(257)   Pre Evacuate Collection Set: 0.07ms
[2026-09-07T10:43:36.879+0900][20.202s][info][gc,phases   ] GC(257)   Merge Heap Roots: 0.02ms
[2026-09-07T10:43:36.879+0900][20.202s][info][gc,phases   ] GC(257)   Evacuate Collection Set: 0.56ms
[2026-09-07T10:43:36.879+0900][20.202s][info][gc,phases   ] GC(257)   Post Evacuate Collection Set: 0.12ms
[2026-09-07T10:43:36.879+0900][20.202s][info][gc,phases   ] GC(257)   Other: 0.02ms
[2026-09-07T10:43:36.879+0900][20.202s][info][gc,heap     ] GC(257) Eden regions: 100->0(99)
[2026-09-07T10:43:36.879+0900][20.202s][info][gc,heap     ] GC(257) Survivor regions: 3->4(13)
[2026-09-07T10:43:36.879+0900][20.202s][info][gc,heap     ] GC(257) Old regions: 75->75
[2026-09-07T10:43:36.879+0900][20.202s][info][gc,heap     ] GC(257) Humongous regions: 2->2
[2026-09-07T10:43:36.879+0900][20.202s][info][gc,metaspace] GC(257) Metaspace: 23366K(23872K)->23366K(23872K) NonClass: 20546K(20800K)->20546K(20800K) Class: 2819K(3072K)->2819K(3072K)
[2026-09-07T10:43:36.879+0900][20.202s][info][gc          ] GC(257) Pause Young (Normal) (G1 Evacuation Pause) 358M->159M(380M) 0.866ms
[2026-09-07T10:43:36.879+0900][20.202s][info][gc,cpu      ] GC(257) User=0.01s Sys=0.00s Real=0.00s
[2026-09-07T10:43:36.879+0900][20.202s][info][safepoint   ] Safepoint "G1CollectForAllocation", Time since last: 77405375 ns, Reaching safepoint: 1542 ns, Cleanup: 958 ns, At safepoint: 881500 ns, Leaving safepoint: 959 ns, Total: 884959 ns
[2026-09-07T10:43:36.955+0900][20.278s][info][gc,start    ] GC(258) Pause Young (Normal) (G1 Evacuation Pause)
[2026-09-07T10:43:36.955+0900][20.278s][info][gc,task     ] GC(258) Using 9 workers of 9 for evacuation
[2026-09-07T10:43:36.955+0900][20.278s][info][gc,phases   ] GC(258)   Pre Evacuate Collection Set: 0.08ms
[2026-09-07T10:43:36.955+0900][20.278s][info][gc,phases   ] GC(258)   Merge Heap Roots: 0.04ms
[2026-09-07T10:43:36.955+0900][20.278s][info][gc,phases   ] GC(258)   Evacuate Collection Set: 0.24ms
[2026-09-07T10:43:36.955+0900][20.278s][info][gc,phases   ] GC(258)   Post Evacuate Collection Set: 0.11ms
[2026-09-07T10:43:36.955+0900][20.278s][info][gc,phases   ] GC(258)   Other: 0.02ms
[2026-09-07T10:43:36.955+0900][20.278s][info][gc,heap     ] GC(258) Eden regions: 99->0(101)
[2026-09-07T10:43:36.955+0900][20.278s][info][gc,heap     ] GC(258) Survivor regions: 4->2(13)
[2026-09-07T10:43:36.956+0900][20.278s][info][gc,heap     ] GC(258) Old regions: 75->75
[2026-09-07T10:43:36.956+0900][20.278s][info][gc,heap     ] GC(258) Humongous regions: 2->2
[2026-09-07T10:43:36.956+0900][20.278s][info][gc,metaspace] GC(258) Metaspace: 23366K(23872K)->23366K(23872K) NonClass: 20546K(20800K)->20546K(20800K) Class: 2819K(3072K)->2819K(3072K)
[2026-09-07T10:43:36.956+0900][20.278s][info][gc          ] GC(258) Pause Young (Normal) (G1 Evacuation Pause) 357M->155M(380M) 0.555ms
[2026-09-07T10:43:36.956+0900][20.278s][info][gc,cpu      ] GC(258) User=0.00s Sys=0.00s Real=0.00s
[2026-09-07T10:43:36.956+0900][20.278s][info][safepoint   ] Safepoint "G1CollectForAllocation", Time since last: 75913833 ns, Reaching safepoint: 917 ns, Cleanup: 708 ns, At safepoint: 567167 ns, Leaving safepoint: 833 ns, Total: 569625 ns
[2026-09-07T10:43:37.032+0900][20.355s][info][gc,start    ] GC(259) Pause Young (Normal) (G1 Evacuation Pause)
[2026-09-07T10:43:37.032+0900][20.355s][info][gc,task     ] GC(259) Using 9 workers of 9 for evacuation
[2026-09-07T10:43:37.033+0900][20.356s][info][gc,phases   ] GC(259)   Pre Evacuate Collection Set: 0.08ms
[2026-09-07T10:43:37.033+0900][20.356s][info][gc,phases   ] GC(259)   Merge Heap Roots: 0.02ms
[2026-09-07T10:43:37.033+0900][20.356s][info][gc,phases   ] GC(259)   Evacuate Collection Set: 0.33ms
[2026-09-07T10:43:37.033+0900][20.356s][info][gc,phases   ] GC(259)   Post Evacuate Collection Set: 0.11ms
[2026-09-07T10:43:37.033+0900][20.356s][info][gc,phases   ] GC(259)   Other: 0.02ms
[2026-09-07T10:43:37.033+0900][20.356s][info][gc,heap     ] GC(259) Eden regions: 101->0(101)
[2026-09-07T10:43:37.033+0900][20.356s][info][gc,heap     ] GC(259) Survivor regions: 2->2(13)
[2026-09-07T10:43:37.033+0900][20.356s][info][gc,heap     ] GC(259) Old regions: 75->75
[2026-09-07T10:43:37.033+0900][20.356s][info][gc,heap     ] GC(259) Humongous regions: 2->2
[2026-09-07T10:43:37.033+0900][20.356s][info][gc,metaspace] GC(259) Metaspace: 23366K(23872K)->23366K(23872K) NonClass: 20546K(20800K)->20546K(20800K) Class: 2819K(3072K)->2819K(3072K)
[2026-09-07T10:43:37.033+0900][20.356s][info][gc          ] GC(259) Pause Young (Normal) (G1 Evacuation Pause) 357M->156M(380M) 0.627ms
[2026-09-07T10:43:37.033+0900][20.356s][info][gc,cpu      ] GC(259) User=0.00s Sys=0.00s Real=0.00s
[2026-09-07T10:43:37.033+0900][20.356s][info][safepoint   ] Safepoint "G1CollectForAllocation", Time since last: 76497083 ns, Reaching safepoint: 1459 ns, Cleanup: 833 ns, At safepoint: 640000 ns, Leaving safepoint: 1083 ns, Total: 643375 ns
[2026-09-07T10:43:37.111+0900][20.434s][info][gc,start    ] GC(260) Pause Young (Normal) (G1 Evacuation Pause)
[2026-09-07T10:43:37.111+0900][20.434s][info][gc,task     ] GC(260) Using 9 workers of 9 for evacuation
[2026-09-07T10:43:37.111+0900][20.434s][info][gc,phases   ] GC(260)   Pre Evacuate Collection Set: 0.08ms
[2026-09-07T10:43:37.111+0900][20.434s][info][gc,phases   ] GC(260)   Merge Heap Roots: 0.02ms
[2026-09-07T10:43:37.111+0900][20.434s][info][gc,phases   ] GC(260)   Evacuate Collection Set: 0.45ms
[2026-09-07T10:43:37.111+0900][20.434s][info][gc,phases   ] GC(260)   Post Evacuate Collection Set: 0.11ms
[2026-09-07T10:43:37.111+0900][20.434s][info][gc,phases   ] GC(260)   Other: 0.02ms
[2026-09-07T10:43:37.111+0900][20.434s][info][gc,heap     ] GC(260) Eden regions: 101->0(100)
[2026-09-07T10:43:37.111+0900][20.434s][info][gc,heap     ] GC(260) Survivor regions: 2->3(13)
[2026-09-07T10:43:37.111+0900][20.434s][info][gc,heap     ] GC(260) Old regions: 75->75
[2026-09-07T10:43:37.111+0900][20.434s][info][gc,heap     ] GC(260) Humongous regions: 2->2
[2026-09-07T10:43:37.111+0900][20.434s][info][gc,metaspace] GC(260) Metaspace: 23366K(23872K)->23366K(23872K) NonClass: 20546K(20800K)->20546K(20800K) Class: 2819K(3072K)->2819K(3072K)
[2026-09-07T10:43:37.111+0900][20.434s][info][gc          ] GC(260) Pause Young (Normal) (G1 Evacuation Pause) 358M->158M(380M) 0.734ms
[2026-09-07T10:43:37.111+0900][20.434s][info][gc,cpu      ] GC(260) User=0.00s Sys=0.00s Real=0.00s
[2026-09-07T10:43:37.111+0900][20.434s][info][safepoint   ] Safepoint "G1CollectForAllocation", Time since last: 77991000 ns, Reaching safepoint: 834 ns, Cleanup: 416 ns, At safepoint: 748292 ns, Leaving safepoint: 1250 ns, Total: 750792 ns
[2026-09-07T10:43:37.189+0900][20.512s][info][gc,start    ] GC(261) Pause Young (Normal) (G1 Evacuation Pause)
[2026-09-07T10:43:37.189+0900][20.512s][info][gc,task     ] GC(261) Using 9 workers of 9 for evacuation
[2026-09-07T10:43:37.189+0900][20.512s][info][gc,phases   ] GC(261)   Pre Evacuate Collection Set: 0.07ms
[2026-09-07T10:43:37.189+0900][20.512s][info][gc,phases   ] GC(261)   Merge Heap Roots: 0.02ms
[2026-09-07T10:43:37.189+0900][20.512s][info][gc,phases   ] GC(261)   Evacuate Collection Set: 0.15ms
[2026-09-07T10:43:37.189+0900][20.512s][info][gc,phases   ] GC(261)   Post Evacuate Collection Set: 0.11ms
[2026-09-07T10:43:37.189+0900][20.512s][info][gc,phases   ] GC(261)   Other: 0.02ms
[2026-09-07T10:43:37.189+0900][20.512s][info][gc,heap     ] GC(261) Eden regions: 100->0(102)
[2026-09-07T10:43:37.189+0900][20.512s][info][gc,heap     ] GC(261) Survivor regions: 3->1(13)
[2026-09-07T10:43:37.189+0900][20.512s][info][gc,heap     ] GC(261) Old regions: 75->75
[2026-09-07T10:43:37.189+0900][20.512s][info][gc,heap     ] GC(261) Humongous regions: 2->2
[2026-09-07T10:43:37.189+0900][20.512s][info][gc,metaspace] GC(261) Metaspace: 23366K(23872K)->23366K(23872K) NonClass: 20546K(20800K)->20546K(20800K) Class: 2819K(3072K)->2819K(3072K)
[2026-09-07T10:43:37.189+0900][20.512s][info][gc          ] GC(261) Pause Young (Normal) (G1 Evacuation Pause) 358M->153M(380M) 0.439ms
[2026-09-07T10:43:37.189+0900][20.512s][info][gc,cpu      ] GC(261) User=0.00s Sys=0.00s Real=0.00s
[2026-09-07T10:43:37.189+0900][20.512s][info][safepoint   ] Safepoint "G1CollectForAllocation", Time since last: 77255583 ns, Reaching safepoint: 1417 ns, Cleanup: 917 ns, At safepoint: 452666 ns, Leaving safepoint: 750 ns, Total: 455750 ns
[2026-09-07T10:43:37.267+0900][20.590s][info][gc,start    ] GC(262) Pause Young (Normal) (G1 Evacuation Pause)
[2026-09-07T10:43:37.267+0900][20.590s][info][gc,task     ] GC(262) Using 9 workers of 9 for evacuation
[2026-09-07T10:43:37.268+0900][20.590s][info][gc,phases   ] GC(262)   Pre Evacuate Collection Set: 0.07ms
[2026-09-07T10:43:37.268+0900][20.591s][info][gc,phases   ] GC(262)   Merge Heap Roots: 0.04ms
[2026-09-07T10:43:37.268+0900][20.591s][info][gc,phases   ] GC(262)   Evacuate Collection Set: 0.32ms
[2026-09-07T10:43:37.268+0900][20.591s][info][gc,phases   ] GC(262)   Post Evacuate Collection Set: 0.11ms
[2026-09-07T10:43:37.268+0900][20.591s][info][gc,phases   ] GC(262)   Other: 0.02ms
[2026-09-07T10:43:37.268+0900][20.591s][info][gc,heap     ] GC(262) Eden regions: 102->0(101)
[2026-09-07T10:43:37.268+0900][20.591s][info][gc,heap     ] GC(262) Survivor regions: 1->2(13)
[2026-09-07T10:43:37.268+0900][20.591s][info][gc,heap     ] GC(262) Old regions: 75->75
[2026-09-07T10:43:37.268+0900][20.591s][info][gc,heap     ] GC(262) Humongous regions: 2->2
[2026-09-07T10:43:37.268+0900][20.591s][info][gc,metaspace] GC(262) Metaspace: 23366K(23872K)->23366K(23872K) NonClass: 20546K(20800K)->20546K(20800K) Class: 2819K(3072K)->2819K(3072K)
[2026-09-07T10:43:37.268+0900][20.591s][info][gc          ] GC(262) Pause Young (Normal) (G1 Evacuation Pause) 357M->155M(380M) 0.623ms
[2026-09-07T10:43:37.268+0900][20.591s][info][gc,cpu      ] GC(262) User=0.00s Sys=0.00s Real=0.00s
[2026-09-07T10:43:37.268+0900][20.591s][info][safepoint   ] Safepoint "G1CollectForAllocation", Time since last: 77894459 ns, Reaching safepoint: 958 ns, Cleanup: 1042 ns, At safepoint: 637250 ns, Leaving safepoint: 916 ns, Total: 640166 ns
[2026-09-07T10:43:37.345+0900][20.667s][info][gc,start    ] GC(263) Pause Young (Normal) (G1 Evacuation Pause)
[2026-09-07T10:43:37.345+0900][20.667s][info][gc,task     ] GC(263) Using 9 workers of 9 for evacuation
[2026-09-07T10:43:37.345+0900][20.668s][info][gc,phases   ] GC(263)   Pre Evacuate Collection Set: 0.08ms
[2026-09-07T10:43:37.345+0900][20.668s][info][gc,phases   ] GC(263)   Merge Heap Roots: 0.04ms
[2026-09-07T10:43:37.345+0900][20.668s][info][gc,phases   ] GC(263)   Evacuate Collection Set: 0.39ms
[2026-09-07T10:43:37.345+0900][20.668s][info][gc,phases   ] GC(263)   Post Evacuate Collection Set: 0.12ms
[2026-09-07T10:43:37.345+0900][20.668s][info][gc,phases   ] GC(263)   Other: 0.01ms
[2026-09-07T10:43:37.345+0900][20.668s][info][gc,heap     ] GC(263) Eden regions: 101->0(100)
[2026-09-07T10:43:37.345+0900][20.668s][info][gc,heap     ] GC(263) Survivor regions: 2->3(13)
[2026-09-07T10:43:37.345+0900][20.668s][info][gc,heap     ] GC(263) Old regions: 75->75
[2026-09-07T10:43:37.345+0900][20.668s][info][gc,heap     ] GC(263) Humongous regions: 2->2
[2026-09-07T10:43:37.345+0900][20.668s][info][gc,metaspace] GC(263) Metaspace: 23366K(23872K)->23366K(23872K) NonClass: 20546K(20800K)->20546K(20800K) Class: 2819K(3072K)->2819K(3072K)
[2026-09-07T10:43:37.345+0900][20.668s][info][gc          ] GC(263) Pause Young (Normal) (G1 Evacuation Pause) 357M->157M(380M) 0.706ms
[2026-09-07T10:43:37.345+0900][20.668s][info][gc,cpu      ] GC(263) User=0.00s Sys=0.00s Real=0.00s
[2026-09-07T10:43:37.345+0900][20.668s][info][safepoint   ] Safepoint "G1CollectForAllocation", Time since last: 76864792 ns, Reaching safepoint: 1208 ns, Cleanup: 1000 ns, At safepoint: 719667 ns, Leaving safepoint: 792 ns, Total: 722667 ns
[2026-09-07T10:43:37.423+0900][20.745s][info][gc,start    ] GC(264) Pause Young (Normal) (G1 Evacuation Pause)
[2026-09-07T10:43:37.423+0900][20.745s][info][gc,task     ] GC(264) Using 9 workers of 9 for evacuation
[2026-09-07T10:43:37.423+0900][20.746s][info][gc,phases   ] GC(264)   Pre Evacuate Collection Set: 0.07ms
[2026-09-07T10:43:37.423+0900][20.746s][info][gc,phases   ] GC(264)   Merge Heap Roots: 0.02ms
[2026-09-07T10:43:37.423+0900][20.746s][info][gc,phases   ] GC(264)   Evacuate Collection Set: 0.51ms
[2026-09-07T10:43:37.423+0900][20.746s][info][gc,phases   ] GC(264)   Post Evacuate Collection Set: 0.11ms
[2026-09-07T10:43:37.423+0900][20.746s][info][gc,phases   ] GC(264)   Other: 0.02ms
[2026-09-07T10:43:37.423+0900][20.746s][info][gc,heap     ] GC(264) Eden regions: 100->0(99)
[2026-09-07T10:43:37.423+0900][20.746s][info][gc,heap     ] GC(264) Survivor regions: 3->4(13)
[2026-09-07T10:43:37.423+0900][20.746s][info][gc,heap     ] GC(264) Old regions: 75->75
[2026-09-07T10:43:37.423+0900][20.746s][info][gc,heap     ] GC(264) Humongous regions: 2->2
[2026-09-07T10:43:37.423+0900][20.746s][info][gc,metaspace] GC(264) Metaspace: 23366K(23872K)->23366K(23872K) NonClass: 20546K(20800K)->20546K(20800K) Class: 2819K(3072K)->2819K(3072K)
[2026-09-07T10:43:37.423+0900][20.746s][info][gc          ] GC(264) Pause Young (Normal) (G1 Evacuation Pause) 357M->158M(380M) 0.791ms
[2026-09-07T10:43:37.423+0900][20.746s][info][gc,cpu      ] GC(264) User=0.00s Sys=0.00s Real=0.00s
[2026-09-07T10:43:37.423+0900][20.746s][info][safepoint   ] Safepoint "G1CollectForAllocation", Time since last: 77289583 ns, Reaching safepoint: 1000 ns, Cleanup: 458 ns, At safepoint: 803375 ns, Leaving safepoint: 1000 ns, Total: 805833 ns
[2026-09-07T10:43:37.499+0900][20.822s][info][gc,start    ] GC(265) Pause Young (Normal) (G1 Evacuation Pause)
[2026-09-07T10:43:37.499+0900][20.822s][info][gc,task     ] GC(265) Using 9 workers of 9 for evacuation
[2026-09-07T10:43:37.499+0900][20.822s][info][gc,phases   ] GC(265)   Pre Evacuate Collection Set: 0.08ms
[2026-09-07T10:43:37.499+0900][20.822s][info][gc,phases   ] GC(265)   Merge Heap Roots: 0.02ms
[2026-09-07T10:43:37.499+0900][20.822s][info][gc,phases   ] GC(265)   Evacuate Collection Set: 0.17ms
[2026-09-07T10:43:37.499+0900][20.822s][info][gc,phases   ] GC(265)   Post Evacuate Collection Set: 0.11ms
[2026-09-07T10:43:37.499+0900][20.822s][info][gc,phases   ] GC(265)   Other: 0.01ms
[2026-09-07T10:43:37.499+0900][20.822s][info][gc,heap     ] GC(265) Eden regions: 99->0(102)
[2026-09-07T10:43:37.499+0900][20.822s][info][gc,heap     ] GC(265) Survivor regions: 4->1(13)
[2026-09-07T10:43:37.499+0900][20.822s][info][gc,heap     ] GC(265) Old regions: 75->75
[2026-09-07T10:43:37.499+0900][20.822s][info][gc,heap     ] GC(265) Humongous regions: 2->2
[2026-09-07T10:43:37.499+0900][20.822s][info][gc,metaspace] GC(265) Metaspace: 23366K(23872K)->23366K(23872K) NonClass: 20546K(20800K)->20546K(20800K) Class: 2819K(3072K)->2819K(3072K)
[2026-09-07T10:43:37.499+0900][20.822s][info][gc          ] GC(265) Pause Young (Normal) (G1 Evacuation Pause) 356M->154M(380M) 0.448ms
[2026-09-07T10:43:37.499+0900][20.822s][info][gc,cpu      ] GC(265) User=0.00s Sys=0.00s Real=0.00s
[2026-09-07T10:43:37.499+0900][20.822s][info][safepoint   ] Safepoint "G1CollectForAllocation", Time since last: 75446209 ns, Reaching safepoint: 1000 ns, Cleanup: 750 ns, At safepoint: 461833 ns, Leaving safepoint: 875 ns, Total: 464458 ns
[2026-09-07T10:43:37.577+0900][20.899s][info][gc,start    ] GC(266) Pause Young (Normal) (G1 Evacuation Pause)
[2026-09-07T10:43:37.577+0900][20.899s][info][gc,task     ] GC(266) Using 9 workers of 9 for evacuation
[2026-09-07T10:43:37.577+0900][20.900s][info][gc,phases   ] GC(266)   Pre Evacuate Collection Set: 0.07ms
[2026-09-07T10:43:37.577+0900][20.900s][info][gc,phases   ] GC(266)   Merge Heap Roots: 0.02ms
[2026-09-07T10:43:37.577+0900][20.900s][info][gc,phases   ] GC(266)   Evacuate Collection Set: 0.31ms
[2026-09-07T10:43:37.577+0900][20.900s][info][gc,phases   ] GC(266)   Post Evacuate Collection Set: 0.11ms
[2026-09-07T10:43:37.577+0900][20.900s][info][gc,phases   ] GC(266)   Other: 0.01ms
[2026-09-07T10:43:37.577+0900][20.900s][info][gc,heap     ] GC(266) Eden regions: 102->0(101)
[2026-09-07T10:43:37.577+0900][20.900s][info][gc,heap     ] GC(266) Survivor regions: 1->2(13)
[2026-09-07T10:43:37.577+0900][20.900s][info][gc,heap     ] GC(266) Old regions: 75->75
[2026-09-07T10:43:37.577+0900][20.900s][info][gc,heap     ] GC(266) Humongous regions: 2->2
[2026-09-07T10:43:37.577+0900][20.900s][info][gc,metaspace] GC(266) Metaspace: 23366K(23872K)->23366K(23872K) NonClass: 20546K(20800K)->20546K(20800K) Class: 2819K(3072K)->2819K(3072K)
[2026-09-07T10:43:37.577+0900][20.900s][info][gc          ] GC(266) Pause Young (Normal) (G1 Evacuation Pause) 358M->155M(380M) 0.595ms
[2026-09-07T10:43:37.577+0900][20.900s][info][gc,cpu      ] GC(266) User=0.00s Sys=0.00s Real=0.00s
[2026-09-07T10:43:37.577+0900][20.900s][info][safepoint   ] Safepoint "G1CollectForAllocation", Time since last: 77268500 ns, Reaching safepoint: 1000 ns, Cleanup: 1875 ns, At safepoint: 608917 ns, Leaving safepoint: 1416 ns, Total: 613208 ns
[2026-09-07T10:43:37.655+0900][20.978s][info][gc,start    ] GC(267) Pause Young (Normal) (G1 Evacuation Pause)
[2026-09-07T10:43:37.655+0900][20.978s][info][gc,task     ] GC(267) Using 9 workers of 9 for evacuation
[2026-09-07T10:43:37.656+0900][20.978s][info][gc,phases   ] GC(267)   Pre Evacuate Collection Set: 0.07ms
[2026-09-07T10:43:37.656+0900][20.978s][info][gc,phases   ] GC(267)   Merge Heap Roots: 0.02ms
[2026-09-07T10:43:37.656+0900][20.978s][info][gc,phases   ] GC(267)   Evacuate Collection Set: 0.45ms
[2026-09-07T10:43:37.656+0900][20.978s][info][gc,phases   ] GC(267)   Post Evacuate Collection Set: 0.10ms
[2026-09-07T10:43:37.656+0900][20.978s][info][gc,phases   ] GC(267)   Other: 0.02ms
[2026-09-07T10:43:37.656+0900][20.978s][info][gc,heap     ] GC(267) Eden regions: 101->0(100)
[2026-09-07T10:43:37.656+0900][20.978s][info][gc,heap     ] GC(267) Survivor regions: 2->3(13)
[2026-09-07T10:43:37.656+0900][20.978s][info][gc,heap     ] GC(267) Old regions: 75->75
[2026-09-07T10:43:37.656+0900][20.978s][info][gc,heap     ] GC(267) Humongous regions: 2->2
[2026-09-07T10:43:37.656+0900][20.978s][info][gc,metaspace] GC(267) Metaspace: 23366K(23872K)->23366K(23872K) NonClass: 20546K(20800K)->20546K(20800K) Class: 2819K(3072K)->2819K(3072K)
[2026-09-07T10:43:37.656+0900][20.978s][info][gc          ] GC(267) Pause Young (Normal) (G1 Evacuation Pause) 357M->157M(380M) 0.740ms
[2026-09-07T10:43:37.656+0900][20.978s][info][gc,cpu      ] GC(267) User=0.00s Sys=0.01s Real=0.00s
[2026-09-07T10:43:37.656+0900][20.978s][info][safepoint   ] Safepoint "G1CollectForAllocation", Time since last: 77697125 ns, Reaching safepoint: 917 ns, Cleanup: 583 ns, At safepoint: 754167 ns, Leaving safepoint: 1208 ns, Total: 756875 ns
[2026-09-07T10:43:37.733+0900][21.056s][info][gc,start    ] GC(268) Pause Young (Normal) (G1 Evacuation Pause)
[2026-09-07T10:43:37.733+0900][21.056s][info][gc,task     ] GC(268) Using 9 workers of 9 for evacuation
[2026-09-07T10:43:37.734+0900][21.057s][info][gc,phases   ] GC(268)   Pre Evacuate Collection Set: 0.07ms
[2026-09-07T10:43:37.734+0900][21.057s][info][gc,phases   ] GC(268)   Merge Heap Roots: 0.03ms
[2026-09-07T10:43:37.734+0900][21.057s][info][gc,phases   ] GC(268)   Evacuate Collection Set: 0.53ms
[2026-09-07T10:43:37.734+0900][21.057s][info][gc,phases   ] GC(268)   Post Evacuate Collection Set: 0.12ms
[2026-09-07T10:43:37.734+0900][21.057s][info][gc,phases   ] GC(268)   Other: 0.02ms
[2026-09-07T10:43:37.734+0900][21.057s][info][gc,heap     ] GC(268) Eden regions: 100->0(99)
[2026-09-07T10:43:37.734+0900][21.057s][info][gc,heap     ] GC(268) Survivor regions: 3->4(13)
[2026-09-07T10:43:37.734+0900][21.057s][info][gc,heap     ] GC(268) Old regions: 75->75
[2026-09-07T10:43:37.734+0900][21.057s][info][gc,heap     ] GC(268) Humongous regions: 2->2
[2026-09-07T10:43:37.734+0900][21.057s][info][gc,metaspace] GC(268) Metaspace: 23366K(23872K)->23366K(23872K) NonClass: 20546K(20800K)->20546K(20800K) Class: 2819K(3072K)->2819K(3072K)
[2026-09-07T10:43:37.734+0900][21.057s][info][gc          ] GC(268) Pause Young (Normal) (G1 Evacuation Pause) 357M->159M(380M) 0.838ms
[2026-09-07T10:43:37.734+0900][21.057s][info][gc,cpu      ] GC(268) User=0.01s Sys=0.00s Real=0.00s
[2026-09-07T10:43:37.734+0900][21.057s][info][safepoint   ] Safepoint "G1CollectForAllocation", Time since last: 77558875 ns, Reaching safepoint: 1084 ns, Cleanup: 791 ns, At safepoint: 851459 ns, Leaving safepoint: 833 ns, Total: 854167 ns
[2026-09-07T10:43:37.809+0900][21.132s][info][gc,start    ] GC(269) Pause Young (Normal) (G1 Evacuation Pause)
[2026-09-07T10:43:37.809+0900][21.132s][info][gc,task     ] GC(269) Using 9 workers of 9 for evacuation
[2026-09-07T10:43:37.809+0900][21.132s][info][gc,phases   ] GC(269)   Pre Evacuate Collection Set: 0.08ms
[2026-09-07T10:43:37.809+0900][21.132s][info][gc,phases   ] GC(269)   Merge Heap Roots: 0.04ms
[2026-09-07T10:43:37.809+0900][21.132s][info][gc,phases   ] GC(269)   Evacuate Collection Set: 0.18ms
[2026-09-07T10:43:37.809+0900][21.132s][info][gc,phases   ] GC(269)   Post Evacuate Collection Set: 0.11ms
[2026-09-07T10:43:37.809+0900][21.132s][info][gc,phases   ] GC(269)   Other: 0.02ms
[2026-09-07T10:43:37.809+0900][21.132s][info][gc,heap     ] GC(269) Eden regions: 99->0(102)
[2026-09-07T10:43:37.809+0900][21.132s][info][gc,heap     ] GC(269) Survivor regions: 4->1(13)
[2026-09-07T10:43:37.809+0900][21.132s][info][gc,heap     ] GC(269) Old regions: 75->75
[2026-09-07T10:43:37.809+0900][21.132s][info][gc,heap     ] GC(269) Humongous regions: 2->2
[2026-09-07T10:43:37.809+0900][21.132s][info][gc,metaspace] GC(269) Metaspace: 23366K(23872K)->23366K(23872K) NonClass: 20546K(20800K)->20546K(20800K) Class: 2819K(3072K)->2819K(3072K)
[2026-09-07T10:43:37.809+0900][21.132s][info][gc          ] GC(269) Pause Young (Normal) (G1 Evacuation Pause) 357M->154M(380M) 0.505ms
[2026-09-07T10:43:37.809+0900][21.132s][info][gc,cpu      ] GC(269) User=0.01s Sys=0.00s Real=0.00s
[2026-09-07T10:43:37.809+0900][21.132s][info][safepoint   ] Safepoint "G1CollectForAllocation", Time since last: 74857042 ns, Reaching safepoint: 1416 ns, Cleanup: 959 ns, At safepoint: 520708 ns, Leaving safepoint: 1167 ns, Total: 524250 ns
[2026-09-07T10:43:37.888+0900][21.211s][info][gc,start    ] GC(270) Pause Young (Normal) (G1 Evacuation Pause)
[2026-09-07T10:43:37.888+0900][21.211s][info][gc,task     ] GC(270) Using 9 workers of 9 for evacuation
[2026-09-07T10:43:37.888+0900][21.211s][info][gc,phases   ] GC(270)   Pre Evacuate Collection Set: 0.06ms
[2026-09-07T10:43:37.888+0900][21.211s][info][gc,phases   ] GC(270)   Merge Heap Roots: 0.06ms
[2026-09-07T10:43:37.888+0900][21.211s][info][gc,phases   ] GC(270)   Evacuate Collection Set: 0.34ms
[2026-09-07T10:43:37.888+0900][21.211s][info][gc,phases   ] GC(270)   Post Evacuate Collection Set: 0.11ms
[2026-09-07T10:43:37.889+0900][21.211s][info][gc,phases   ] GC(270)   Other: 0.02ms
[2026-09-07T10:43:37.889+0900][21.211s][info][gc,heap     ] GC(270) Eden regions: 102->0(101)
[2026-09-07T10:43:37.889+0900][21.211s][info][gc,heap     ] GC(270) Survivor regions: 1->2(13)
[2026-09-07T10:43:37.889+0900][21.211s][info][gc,heap     ] GC(270) Old regions: 75->75
[2026-09-07T10:43:37.889+0900][21.211s][info][gc,heap     ] GC(270) Humongous regions: 2->2
[2026-09-07T10:43:37.889+0900][21.211s][info][gc,metaspace] GC(270) Metaspace: 23366K(23872K)->23366K(23872K) NonClass: 20546K(20800K)->20546K(20800K) Class: 2819K(3072K)->2819K(3072K)
[2026-09-07T10:43:37.889+0900][21.211s][info][gc          ] GC(270) Pause Young (Normal) (G1 Evacuation Pause) 358M->155M(380M) 0.659ms
[2026-09-07T10:43:37.889+0900][21.211s][info][gc,cpu      ] GC(270) User=0.01s Sys=0.00s Real=0.00s
[2026-09-07T10:43:37.889+0900][21.211s][info][safepoint   ] Safepoint "G1CollectForAllocation", Time since last: 78477541 ns, Reaching safepoint: 1292 ns, Cleanup: 1125 ns, At safepoint: 673708 ns, Leaving safepoint: 917 ns, Total: 677042 ns
[2026-09-07T10:43:37.967+0900][21.290s][info][gc,start    ] GC(271) Pause Young (Normal) (G1 Evacuation Pause)
[2026-09-07T10:43:37.967+0900][21.290s][info][gc,task     ] GC(271) Using 9 workers of 9 for evacuation
[2026-09-07T10:43:37.967+0900][21.290s][info][gc,phases   ] GC(271)   Pre Evacuate Collection Set: 0.07ms
[2026-09-07T10:43:37.967+0900][21.290s][info][gc,phases   ] GC(271)   Merge Heap Roots: 0.04ms
[2026-09-07T10:43:37.967+0900][21.290s][info][gc,phases   ] GC(271)   Evacuate Collection Set: 0.43ms
[2026-09-07T10:43:37.967+0900][21.290s][info][gc,phases   ] GC(271)   Post Evacuate Collection Set: 0.12ms
[2026-09-07T10:43:37.967+0900][21.290s][info][gc,phases   ] GC(271)   Other: 0.02ms
[2026-09-07T10:43:37.967+0900][21.290s][info][gc,heap     ] GC(271) Eden regions: 101->0(100)
[2026-09-07T10:43:37.967+0900][21.290s][info][gc,heap     ] GC(271) Survivor regions: 2->3(13)
[2026-09-07T10:43:37.967+0900][21.290s][info][gc,heap     ] GC(271) Old regions: 75->75
[2026-09-07T10:43:37.967+0900][21.290s][info][gc,heap     ] GC(271) Humongous regions: 2->2
[2026-09-07T10:43:37.967+0900][21.290s][info][gc,metaspace] GC(271) Metaspace: 23366K(23872K)->23366K(23872K) NonClass: 20546K(20800K)->20546K(20800K) Class: 2819K(3072K)->2819K(3072K)
[2026-09-07T10:43:37.967+0900][21.290s][info][gc          ] GC(271) Pause Young (Normal) (G1 Evacuation Pause) 357M->157M(380M) 0.758ms
[2026-09-07T10:43:37.967+0900][21.290s][info][gc,cpu      ] GC(271) User=0.00s Sys=0.00s Real=0.00s
[2026-09-07T10:43:37.967+0900][21.290s][info][safepoint   ] Safepoint "G1CollectForAllocation", Time since last: 78075792 ns, Reaching safepoint: 1333 ns, Cleanup: 1083 ns, At safepoint: 771834 ns, Leaving safepoint: 916 ns, Total: 775166 ns
[2026-09-07T10:43:38.045+0900][21.368s][info][gc,start    ] GC(272) Pause Young (Normal) (G1 Evacuation Pause)
[2026-09-07T10:43:38.045+0900][21.368s][info][gc,task     ] GC(272) Using 9 workers of 9 for evacuation
[2026-09-07T10:43:38.046+0900][21.369s][info][gc,phases   ] GC(272)   Pre Evacuate Collection Set: 0.07ms
[2026-09-07T10:43:38.046+0900][21.369s][info][gc,phases   ] GC(272)   Merge Heap Roots: 0.03ms
[2026-09-07T10:43:38.046+0900][21.369s][info][gc,phases   ] GC(272)   Evacuate Collection Set: 0.56ms
[2026-09-07T10:43:38.046+0900][21.369s][info][gc,phases   ] GC(272)   Post Evacuate Collection Set: 0.11ms
[2026-09-07T10:43:38.046+0900][21.369s][info][gc,phases   ] GC(272)   Other: 0.02ms
[2026-09-07T10:43:38.046+0900][21.369s][info][gc,heap     ] GC(272) Eden regions: 100->0(99)
[2026-09-07T10:43:38.046+0900][21.369s][info][gc,heap     ] GC(272) Survivor regions: 3->4(13)
[2026-09-07T10:43:38.046+0900][21.369s][info][gc,heap     ] GC(272) Old regions: 75->75
[2026-09-07T10:43:38.046+0900][21.369s][info][gc,heap     ] GC(272) Humongous regions: 2->2
[2026-09-07T10:43:38.046+0900][21.369s][info][gc,metaspace] GC(272) Metaspace: 23366K(23872K)->23366K(23872K) NonClass: 20546K(20800K)->20546K(20800K) Class: 2819K(3072K)->2819K(3072K)
[2026-09-07T10:43:38.046+0900][21.369s][info][gc          ] GC(272) Pause Young (Normal) (G1 Evacuation Pause) 357M->159M(380M) 0.901ms
[2026-09-07T10:43:38.046+0900][21.369s][info][gc,cpu      ] GC(272) User=0.01s Sys=0.00s Real=0.00s
[2026-09-07T10:43:38.046+0900][21.369s][info][safepoint   ] Safepoint "G1CollectForAllocation", Time since last: 77928875 ns, Reaching safepoint: 1875 ns, Cleanup: 834 ns, At safepoint: 920500 ns, Leaving safepoint: 1291 ns, Total: 924500 ns
[2026-09-07T10:43:38.122+0900][21.445s][info][gc,start    ] GC(273) Pause Young (Normal) (G1 Evacuation Pause)
[2026-09-07T10:43:38.122+0900][21.445s][info][gc,task     ] GC(273) Using 9 workers of 9 for evacuation
[2026-09-07T10:43:38.123+0900][21.445s][info][gc,phases   ] GC(273)   Pre Evacuate Collection Set: 0.07ms
[2026-09-07T10:43:38.123+0900][21.445s][info][gc,phases   ] GC(273)   Merge Heap Roots: 0.04ms
[2026-09-07T10:43:38.123+0900][21.445s][info][gc,phases   ] GC(273)   Evacuate Collection Set: 0.24ms
[2026-09-07T10:43:38.123+0900][21.445s][info][gc,phases   ] GC(273)   Post Evacuate Collection Set: 0.12ms
[2026-09-07T10:43:38.123+0900][21.445s][info][gc,phases   ] GC(273)   Other: 0.02ms
[2026-09-07T10:43:38.123+0900][21.445s][info][gc,heap     ] GC(273) Eden regions: 99->0(101)
[2026-09-07T10:43:38.123+0900][21.445s][info][gc,heap     ] GC(273) Survivor regions: 4->2(13)
[2026-09-07T10:43:38.123+0900][21.445s][info][gc,heap     ] GC(273) Old regions: 75->75
[2026-09-07T10:43:38.123+0900][21.445s][info][gc,heap     ] GC(273) Humongous regions: 2->2
[2026-09-07T10:43:38.123+0900][21.445s][info][gc,metaspace] GC(273) Metaspace: 23366K(23872K)->23366K(23872K) NonClass: 20546K(20800K)->20546K(20800K) Class: 2819K(3072K)->2819K(3072K)
[2026-09-07T10:43:38.123+0900][21.445s][info][gc          ] GC(273) Pause Young (Normal) (G1 Evacuation Pause) 357M->154M(380M) 0.568ms
[2026-09-07T10:43:38.123+0900][21.445s][info][gc,cpu      ] GC(273) User=0.00s Sys=0.00s Real=0.00s
[2026-09-07T10:43:38.123+0900][21.445s][info][safepoint   ] Safepoint "G1CollectForAllocation", Time since last: 75744792 ns, Reaching safepoint: 1042 ns, Cleanup: 1958 ns, At safepoint: 583125 ns, Leaving safepoint: 1167 ns, Total: 587292 ns
[2026-09-07T10:43:38.200+0900][21.523s][info][gc,start    ] GC(274) Pause Young (Normal) (G1 Evacuation Pause)
[2026-09-07T10:43:38.200+0900][21.523s][info][gc,task     ] GC(274) Using 9 workers of 9 for evacuation
[2026-09-07T10:43:38.201+0900][21.524s][info][gc,phases   ] GC(274)   Pre Evacuate Collection Set: 0.08ms
[2026-09-07T10:43:38.201+0900][21.524s][info][gc,phases   ] GC(274)   Merge Heap Roots: 0.04ms
[2026-09-07T10:43:38.201+0900][21.524s][info][gc,phases   ] GC(274)   Evacuate Collection Set: 0.36ms
[2026-09-07T10:43:38.201+0900][21.524s][info][gc,phases   ] GC(274)   Post Evacuate Collection Set: 0.12ms
[2026-09-07T10:43:38.201+0900][21.524s][info][gc,phases   ] GC(274)   Other: 0.02ms
[2026-09-07T10:43:38.201+0900][21.524s][info][gc,heap     ] GC(274) Eden regions: 101->0(100)
[2026-09-07T10:43:38.201+0900][21.524s][info][gc,heap     ] GC(274) Survivor regions: 2->3(13)
[2026-09-07T10:43:38.201+0900][21.524s][info][gc,heap     ] GC(274) Old regions: 75->75
[2026-09-07T10:43:38.201+0900][21.524s][info][gc,heap     ] GC(274) Humongous regions: 2->2
[2026-09-07T10:43:38.201+0900][21.524s][info][gc,metaspace] GC(274) Metaspace: 23366K(23872K)->23366K(23872K) NonClass: 20546K(20800K)->20546K(20800K) Class: 2819K(3072K)->2819K(3072K)
[2026-09-07T10:43:38.201+0900][21.524s][info][gc          ] GC(274) Pause Young (Normal) (G1 Evacuation Pause) 356M->156M(380M) 0.695ms
[2026-09-07T10:43:38.201+0900][21.524s][info][gc,cpu      ] GC(274) User=0.00s Sys=0.00s Real=0.00s
[2026-09-07T10:43:38.201+0900][21.524s][info][safepoint   ] Safepoint "G1CollectForAllocation", Time since last: 77451375 ns, Reaching safepoint: 1250 ns, Cleanup: 1041 ns, At safepoint: 710334 ns, Leaving safepoint: 1041 ns, Total: 713666 ns
[2026-09-07T10:43:38.277+0900][21.600s][info][gc,start    ] GC(275) Pause Young (Normal) (G1 Evacuation Pause)
[2026-09-07T10:43:38.277+0900][21.600s][info][gc,task     ] GC(275) Using 9 workers of 9 for evacuation
[2026-09-07T10:43:38.278+0900][21.601s][info][gc,phases   ] GC(275)   Pre Evacuate Collection Set: 0.08ms
[2026-09-07T10:43:38.278+0900][21.601s][info][gc,phases   ] GC(275)   Merge Heap Roots: 0.04ms
[2026-09-07T10:43:38.278+0900][21.601s][info][gc,phases   ] GC(275)   Evacuate Collection Set: 0.49ms
[2026-09-07T10:43:38.278+0900][21.601s][info][gc,phases   ] GC(275)   Post Evacuate Collection Set: 0.12ms
[2026-09-07T10:43:38.278+0900][21.601s][info][gc,phases   ] GC(275)   Other: 0.02ms
[2026-09-07T10:43:38.278+0900][21.601s][info][gc,heap     ] GC(275) Eden regions: 100->0(100)
[2026-09-07T10:43:38.278+0900][21.601s][info][gc,heap     ] GC(275) Survivor regions: 3->3(13)
[2026-09-07T10:43:38.278+0900][21.601s][info][gc,heap     ] GC(275) Old regions: 75->75
[2026-09-07T10:43:38.278+0900][21.601s][info][gc,heap     ] GC(275) Humongous regions: 2->2
[2026-09-07T10:43:38.278+0900][21.601s][info][gc,metaspace] GC(275) Metaspace: 23366K(23872K)->23366K(23872K) NonClass: 20546K(20800K)->20546K(20800K) Class: 2819K(3072K)->2819K(3072K)
[2026-09-07T10:43:38.278+0900][21.601s][info][gc          ] GC(275) Pause Young (Normal) (G1 Evacuation Pause) 356M->158M(380M) 0.827ms
[2026-09-07T10:43:38.278+0900][21.601s][info][gc,cpu      ] GC(275) User=0.00s Sys=0.00s Real=0.00s
[2026-09-07T10:43:38.278+0900][21.601s][info][safepoint   ] Safepoint "G1CollectForAllocation", Time since last: 76309625 ns, Reaching safepoint: 1084 ns, Cleanup: 1041 ns, At safepoint: 841875 ns, Leaving safepoint: 1125 ns, Total: 845125 ns
[2026-09-07T10:43:38.355+0900][21.678s][info][gc,start    ] GC(276) Pause Young (Normal) (G1 Evacuation Pause)
[2026-09-07T10:43:38.355+0900][21.678s][info][gc,task     ] GC(276) Using 9 workers of 9 for evacuation
[2026-09-07T10:43:38.356+0900][21.678s][info][gc,phases   ] GC(276)   Pre Evacuate Collection Set: 0.07ms
[2026-09-07T10:43:38.356+0900][21.678s][info][gc,phases   ] GC(276)   Merge Heap Roots: 0.02ms
[2026-09-07T10:43:38.356+0900][21.678s][info][gc,phases   ] GC(276)   Evacuate Collection Set: 0.61ms
[2026-09-07T10:43:38.356+0900][21.678s][info][gc,phases   ] GC(276)   Post Evacuate Collection Set: 0.12ms
[2026-09-07T10:43:38.356+0900][21.679s][info][gc,phases   ] GC(276)   Other: 0.02ms
[2026-09-07T10:43:38.356+0900][21.679s][info][gc,heap     ] GC(276) Eden regions: 100->0(99)
[2026-09-07T10:43:38.356+0900][21.679s][info][gc,heap     ] GC(276) Survivor regions: 3->4(13)
[2026-09-07T10:43:38.356+0900][21.679s][info][gc,heap     ] GC(276) Old regions: 75->75
[2026-09-07T10:43:38.356+0900][21.679s][info][gc,heap     ] GC(276) Humongous regions: 2->2
[2026-09-07T10:43:38.356+0900][21.679s][info][gc,metaspace] GC(276) Metaspace: 23366K(23872K)->23366K(23872K) NonClass: 20546K(20800K)->20546K(20800K) Class: 2819K(3072K)->2819K(3072K)
[2026-09-07T10:43:38.356+0900][21.679s][info][gc          ] GC(276) Pause Young (Normal) (G1 Evacuation Pause) 358M->160M(380M) 0.918ms
[2026-09-07T10:43:38.356+0900][21.679s][info][gc,cpu      ] GC(276) User=0.01s Sys=0.00s Real=0.00s
[2026-09-07T10:43:38.356+0900][21.679s][info][safepoint   ] Safepoint "G1CollectForAllocation", Time since last: 76818459 ns, Reaching safepoint: 958 ns, Cleanup: 875 ns, At safepoint: 932667 ns, Leaving safepoint: 875 ns, Total: 935375 ns
[2026-09-07T10:43:38.433+0900][21.756s][info][gc,start    ] GC(277) Pause Young (Normal) (G1 Evacuation Pause)
[2026-09-07T10:43:38.433+0900][21.756s][info][gc,task     ] GC(277) Using 9 workers of 9 for evacuation
[2026-09-07T10:43:38.433+0900][21.756s][info][gc,phases   ] GC(277)   Pre Evacuate Collection Set: 0.07ms
[2026-09-07T10:43:38.433+0900][21.756s][info][gc,phases   ] GC(277)   Merge Heap Roots: 0.02ms
[2026-09-07T10:43:38.433+0900][21.756s][info][gc,phases   ] GC(277)   Evacuate Collection Set: 0.26ms
[2026-09-07T10:43:38.433+0900][21.756s][info][gc,phases   ] GC(277)   Post Evacuate Collection Set: 0.12ms
[2026-09-07T10:43:38.433+0900][21.756s][info][gc,phases   ] GC(277)   Other: 0.02ms
[2026-09-07T10:43:38.433+0900][21.756s][info][gc,heap     ] GC(277) Eden regions: 99->0(101)
[2026-09-07T10:43:38.433+0900][21.756s][info][gc,heap     ] GC(277) Survivor regions: 4->2(13)
[2026-09-07T10:43:38.433+0900][21.756s][info][gc,heap     ] GC(277) Old regions: 75->75
[2026-09-07T10:43:38.433+0900][21.756s][info][gc,heap     ] GC(277) Humongous regions: 2->2
[2026-09-07T10:43:38.433+0900][21.756s][info][gc,metaspace] GC(277) Metaspace: 23366K(23872K)->23366K(23872K) NonClass: 20546K(20800K)->20546K(20800K) Class: 2819K(3072K)->2819K(3072K)
[2026-09-07T10:43:38.433+0900][21.756s][info][gc          ] GC(277) Pause Young (Normal) (G1 Evacuation Pause) 358M->155M(380M) 0.559ms
[2026-09-07T10:43:38.433+0900][21.756s][info][gc,cpu      ] GC(277) User=0.01s Sys=0.00s Real=0.00s
[2026-09-07T10:43:38.433+0900][21.756s][info][safepoint   ] Safepoint "G1CollectForAllocation", Time since last: 77022583 ns, Reaching safepoint: 1042 ns, Cleanup: 625 ns, At safepoint: 574250 ns, Leaving safepoint: 833 ns, Total: 576750 ns
[2026-09-07T10:43:38.510+0900][21.833s][info][gc,start    ] GC(278) Pause Young (Normal) (G1 Evacuation Pause)
[2026-09-07T10:43:38.510+0900][21.833s][info][gc,task     ] GC(278) Using 9 workers of 9 for evacuation
[2026-09-07T10:43:38.511+0900][21.834s][info][gc,phases   ] GC(278)   Pre Evacuate Collection Set: 0.07ms
[2026-09-07T10:43:38.511+0900][21.834s][info][gc,phases   ] GC(278)   Merge Heap Roots: 0.04ms
[2026-09-07T10:43:38.511+0900][21.834s][info][gc,phases   ] GC(278)   Evacuate Collection Set: 0.39ms
[2026-09-07T10:43:38.511+0900][21.834s][info][gc,phases   ] GC(278)   Post Evacuate Collection Set: 0.11ms
[2026-09-07T10:43:38.511+0900][21.834s][info][gc,phases   ] GC(278)   Other: 0.02ms
[2026-09-07T10:43:38.511+0900][21.834s][info][gc,heap     ] GC(278) Eden regions: 101->0(100)
[2026-09-07T10:43:38.511+0900][21.834s][info][gc,heap     ] GC(278) Survivor regions: 2->3(13)
[2026-09-07T10:43:38.511+0900][21.834s][info][gc,heap     ] GC(278) Old regions: 75->75
[2026-09-07T10:43:38.511+0900][21.834s][info][gc,heap     ] GC(278) Humongous regions: 2->2
[2026-09-07T10:43:38.511+0900][21.834s][info][gc,metaspace] GC(278) Metaspace: 23366K(23872K)->23366K(23872K) NonClass: 20546K(20800K)->20546K(20800K) Class: 2819K(3072K)->2819K(3072K)
[2026-09-07T10:43:38.511+0900][21.834s][info][gc          ] GC(278) Pause Young (Normal) (G1 Evacuation Pause) 357M->157M(380M) 0.695ms
[2026-09-07T10:43:38.511+0900][21.834s][info][gc,cpu      ] GC(278) User=0.01s Sys=0.00s Real=0.00s
[2026-09-07T10:43:38.511+0900][21.834s][info][safepoint   ] Safepoint "G1CollectForAllocation", Time since last: 76812333 ns, Reaching safepoint: 1084 ns, Cleanup: 458 ns, At safepoint: 710708 ns, Leaving safepoint: 1209 ns, Total: 713459 ns
[2026-09-07T10:43:38.587+0900][21.910s][info][gc,start    ] GC(279) Pause Young (Normal) (G1 Evacuation Pause)
[2026-09-07T10:43:38.587+0900][21.910s][info][gc,task     ] GC(279) Using 9 workers of 9 for evacuation
[2026-09-07T10:43:38.588+0900][21.910s][info][gc,phases   ] GC(279)   Pre Evacuate Collection Set: 0.07ms
[2026-09-07T10:43:38.588+0900][21.910s][info][gc,phases   ] GC(279)   Merge Heap Roots: 0.02ms
[2026-09-07T10:43:38.588+0900][21.910s][info][gc,phases   ] GC(279)   Evacuate Collection Set: 0.49ms
[2026-09-07T10:43:38.588+0900][21.910s][info][gc,phases   ] GC(279)   Post Evacuate Collection Set: 0.11ms
[2026-09-07T10:43:38.588+0900][21.910s][info][gc,phases   ] GC(279)   Other: 0.02ms
[2026-09-07T10:43:38.588+0900][21.910s][info][gc,heap     ] GC(279) Eden regions: 100->0(99)
[2026-09-07T10:43:38.588+0900][21.910s][info][gc,heap     ] GC(279) Survivor regions: 3->4(13)
[2026-09-07T10:43:38.588+0900][21.910s][info][gc,heap     ] GC(279) Old regions: 75->75
[2026-09-07T10:43:38.588+0900][21.910s][info][gc,heap     ] GC(279) Humongous regions: 2->2
[2026-09-07T10:43:38.588+0900][21.910s][info][gc,metaspace] GC(279) Metaspace: 23366K(23872K)->23366K(23872K) NonClass: 20546K(20800K)->20546K(20800K) Class: 2819K(3072K)->2819K(3072K)
[2026-09-07T10:43:38.588+0900][21.910s][info][gc          ] GC(279) Pause Young (Normal) (G1 Evacuation Pause) 357M->158M(380M) 0.788ms
[2026-09-07T10:43:38.588+0900][21.910s][info][gc,cpu      ] GC(279) User=0.01s Sys=0.01s Real=0.00s
[2026-09-07T10:43:38.588+0900][21.910s][info][safepoint   ] Safepoint "G1CollectForAllocation", Time since last: 75984166 ns, Reaching safepoint: 1167 ns, Cleanup: 583 ns, At safepoint: 802959 ns, Leaving safepoint: 916 ns, Total: 805625 ns
[2026-09-07T10:43:38.663+0900][21.986s][info][gc,start    ] GC(280) Pause Young (Normal) (G1 Evacuation Pause)
[2026-09-07T10:43:38.663+0900][21.986s][info][gc,task     ] GC(280) Using 9 workers of 9 for evacuation
[2026-09-07T10:43:38.664+0900][21.987s][info][gc,phases   ] GC(280)   Pre Evacuate Collection Set: 0.08ms
[2026-09-07T10:43:38.664+0900][21.987s][info][gc,phases   ] GC(280)   Merge Heap Roots: 0.03ms
[2026-09-07T10:43:38.664+0900][21.987s][info][gc,phases   ] GC(280)   Evacuate Collection Set: 0.19ms
[2026-09-07T10:43:38.664+0900][21.987s][info][gc,phases   ] GC(280)   Post Evacuate Collection Set: 0.12ms
[2026-09-07T10:43:38.664+0900][21.987s][info][gc,phases   ] GC(280)   Other: 0.02ms
[2026-09-07T10:43:38.664+0900][21.987s][info][gc,heap     ] GC(280) Eden regions: 99->0(102)
[2026-09-07T10:43:38.664+0900][21.987s][info][gc,heap     ] GC(280) Survivor regions: 4->1(13)
[2026-09-07T10:43:38.664+0900][21.987s][info][gc,heap     ] GC(280) Old regions: 75->75
[2026-09-07T10:43:38.664+0900][21.987s][info][gc,heap     ] GC(280) Humongous regions: 2->2
[2026-09-07T10:43:38.664+0900][21.987s][info][gc,metaspace] GC(280) Metaspace: 23366K(23872K)->23366K(23872K) NonClass: 20546K(20800K)->20546K(20800K) Class: 2819K(3072K)->2819K(3072K)
[2026-09-07T10:43:38.664+0900][21.987s][info][gc          ] GC(280) Pause Young (Normal) (G1 Evacuation Pause) 356M->154M(380M) 0.513ms
[2026-09-07T10:43:38.664+0900][21.987s][info][gc,cpu      ] GC(280) User=0.00s Sys=0.00s Real=0.00s
[2026-09-07T10:43:38.664+0900][21.987s][info][safepoint   ] Safepoint "G1CollectForAllocation", Time since last: 75892959 ns, Reaching safepoint: 1416 ns, Cleanup: 1375 ns, At safepoint: 528042 ns, Leaving safepoint: 1417 ns, Total: 532250 ns
[2026-09-07T10:43:38.744+0900][22.067s][info][gc,start    ] GC(281) Pause Young (Normal) (G1 Evacuation Pause)
[2026-09-07T10:43:38.744+0900][22.067s][info][gc,task     ] GC(281) Using 9 workers of 9 for evacuation
[2026-09-07T10:43:38.745+0900][22.068s][info][gc,phases   ] GC(281)   Pre Evacuate Collection Set: 0.07ms
[2026-09-07T10:43:38.745+0900][22.068s][info][gc,phases   ] GC(281)   Merge Heap Roots: 0.02ms
[2026-09-07T10:43:38.745+0900][22.068s][info][gc,phases   ] GC(281)   Evacuate Collection Set: 0.32ms
[2026-09-07T10:43:38.745+0900][22.068s][info][gc,phases   ] GC(281)   Post Evacuate Collection Set: 0.11ms
[2026-09-07T10:43:38.745+0900][22.068s][info][gc,phases   ] GC(281)   Other: 0.02ms
[2026-09-07T10:43:38.745+0900][22.068s][info][gc,heap     ] GC(281) Eden regions: 102->0(101)
[2026-09-07T10:43:38.745+0900][22.068s][info][gc,heap     ] GC(281) Survivor regions: 1->2(13)
[2026-09-07T10:43:38.745+0900][22.068s][info][gc,heap     ] GC(281) Old regions: 75->75
[2026-09-07T10:43:38.745+0900][22.068s][info][gc,heap     ] GC(281) Humongous regions: 2->2
[2026-09-07T10:43:38.745+0900][22.068s][info][gc,metaspace] GC(281) Metaspace: 23366K(23872K)->23366K(23872K) NonClass: 20546K(20800K)->20546K(20800K) Class: 2819K(3072K)->2819K(3072K)
[2026-09-07T10:43:38.745+0900][22.068s][info][gc          ] GC(281) Pause Young (Normal) (G1 Evacuation Pause) 358M->156M(380M) 0.618ms
[2026-09-07T10:43:38.745+0900][22.068s][info][gc,cpu      ] GC(281) User=0.01s Sys=0.00s Real=0.00s
[2026-09-07T10:43:38.745+0900][22.068s][info][safepoint   ] Safepoint "G1CollectForAllocation", Time since last: 80220583 ns, Reaching safepoint: 1292 ns, Cleanup: 333 ns, At safepoint: 634167 ns, Leaving safepoint: 958 ns, Total: 636750 ns
[2026-09-07T10:43:38.821+0900][22.144s][info][gc,start    ] GC(282) Pause Young (Normal) (G1 Evacuation Pause)
[2026-09-07T10:43:38.821+0900][22.144s][info][gc,task     ] GC(282) Using 9 workers of 9 for evacuation
[2026-09-07T10:43:38.822+0900][22.145s][info][gc,phases   ] GC(282)   Pre Evacuate Collection Set: 0.07ms
[2026-09-07T10:43:38.822+0900][22.145s][info][gc,phases   ] GC(282)   Merge Heap Roots: 0.02ms
[2026-09-07T10:43:38.822+0900][22.145s][info][gc,phases   ] GC(282)   Evacuate Collection Set: 0.43ms
[2026-09-07T10:43:38.822+0900][22.145s][info][gc,phases   ] GC(282)   Post Evacuate Collection Set: 0.11ms
[2026-09-07T10:43:38.822+0900][22.145s][info][gc,phases   ] GC(282)   Other: 0.02ms
[2026-09-07T10:43:38.822+0900][22.145s][info][gc,heap     ] GC(282) Eden regions: 101->0(100)
[2026-09-07T10:43:38.822+0900][22.145s][info][gc,heap     ] GC(282) Survivor regions: 2->3(13)
[2026-09-07T10:43:38.822+0900][22.145s][info][gc,heap     ] GC(282) Old regions: 75->75
[2026-09-07T10:43:38.822+0900][22.145s][info][gc,heap     ] GC(282) Humongous regions: 2->2
[2026-09-07T10:43:38.822+0900][22.145s][info][gc,metaspace] GC(282) Metaspace: 23366K(23872K)->23366K(23872K) NonClass: 20546K(20800K)->20546K(20800K) Class: 2819K(3072K)->2819K(3072K)
[2026-09-07T10:43:38.822+0900][22.145s][info][gc          ] GC(282) Pause Young (Normal) (G1 Evacuation Pause) 358M->157M(380M) 0.742ms
[2026-09-07T10:43:38.822+0900][22.145s][info][gc,cpu      ] GC(282) User=0.01s Sys=0.00s Real=0.00s
[2026-09-07T10:43:38.822+0900][22.145s][info][safepoint   ] Safepoint "G1CollectForAllocation", Time since last: 76499208 ns, Reaching safepoint: 1250 ns, Cleanup: 1167 ns, At safepoint: 757125 ns, Leaving safepoint: 958 ns, Total: 760500 ns
[2026-09-07T10:43:38.899+0900][22.222s][info][gc,start    ] GC(283) Pause Young (Normal) (G1 Evacuation Pause)
[2026-09-07T10:43:38.899+0900][22.222s][info][gc,task     ] GC(283) Using 9 workers of 9 for evacuation
[2026-09-07T10:43:38.899+0900][22.222s][info][gc,phases   ] GC(283)   Pre Evacuate Collection Set: 0.07ms
[2026-09-07T10:43:38.899+0900][22.222s][info][gc,phases   ] GC(283)   Merge Heap Roots: 0.02ms
[2026-09-07T10:43:38.899+0900][22.222s][info][gc,phases   ] GC(283)   Evacuate Collection Set: 0.51ms
[2026-09-07T10:43:38.899+0900][22.222s][info][gc,phases   ] GC(283)   Post Evacuate Collection Set: 0.12ms
[2026-09-07T10:43:38.899+0900][22.222s][info][gc,phases   ] GC(283)   Other: 0.02ms
[2026-09-07T10:43:38.899+0900][22.222s][info][gc,heap     ] GC(283) Eden regions: 100->0(99)
[2026-09-07T10:43:38.899+0900][22.222s][info][gc,heap     ] GC(283) Survivor regions: 3->4(13)
[2026-09-07T10:43:38.899+0900][22.222s][info][gc,heap     ] GC(283) Old regions: 75->75
[2026-09-07T10:43:38.899+0900][22.222s][info][gc,heap     ] GC(283) Humongous regions: 2->2
[2026-09-07T10:43:38.899+0900][22.222s][info][gc,metaspace] GC(283) Metaspace: 23366K(23872K)->23366K(23872K) NonClass: 20546K(20800K)->20546K(20800K) Class: 2819K(3072K)->2819K(3072K)
[2026-09-07T10:43:38.899+0900][22.222s][info][gc          ] GC(283) Pause Young (Normal) (G1 Evacuation Pause) 357M->159M(380M) 0.809ms
[2026-09-07T10:43:38.900+0900][22.222s][info][gc,cpu      ] GC(283) User=0.01s Sys=0.00s Real=0.00s
[2026-09-07T10:43:38.900+0900][22.222s][info][safepoint   ] Safepoint "G1CollectForAllocation", Time since last: 76573750 ns, Reaching safepoint: 1042 ns, Cleanup: 1083 ns, At safepoint: 824625 ns, Leaving safepoint: 834 ns, Total: 827584 ns
[2026-09-07T10:43:38.976+0900][22.299s][info][gc,start    ] GC(284) Pause Young (Normal) (G1 Evacuation Pause)
[2026-09-07T10:43:38.976+0900][22.299s][info][gc,task     ] GC(284) Using 9 workers of 9 for evacuation
[2026-09-07T10:43:38.976+0900][22.299s][info][gc,phases   ] GC(284)   Pre Evacuate Collection Set: 0.07ms
[2026-09-07T10:43:38.976+0900][22.299s][info][gc,phases   ] GC(284)   Merge Heap Roots: 0.02ms
[2026-09-07T10:43:38.976+0900][22.299s][info][gc,phases   ] GC(284)   Evacuate Collection Set: 0.25ms
[2026-09-07T10:43:38.976+0900][22.299s][info][gc,phases   ] GC(284)   Post Evacuate Collection Set: 0.12ms
[2026-09-07T10:43:38.976+0900][22.299s][info][gc,phases   ] GC(284)   Other: 0.02ms
[2026-09-07T10:43:38.976+0900][22.299s][info][gc,heap     ] GC(284) Eden regions: 99->0(101)
[2026-09-07T10:43:38.976+0900][22.299s][info][gc,heap     ] GC(284) Survivor regions: 4->2(13)
[2026-09-07T10:43:38.976+0900][22.299s][info][gc,heap     ] GC(284) Old regions: 75->75
[2026-09-07T10:43:38.976+0900][22.299s][info][gc,heap     ] GC(284) Humongous regions: 2->2
[2026-09-07T10:43:38.976+0900][22.299s][info][gc,metaspace] GC(284) Metaspace: 23366K(23872K)->23366K(23872K) NonClass: 20546K(20800K)->20546K(20800K) Class: 2819K(3072K)->2819K(3072K)
[2026-09-07T10:43:38.976+0900][22.299s][info][gc          ] GC(284) Pause Young (Normal) (G1 Evacuation Pause) 357M->155M(380M) 0.559ms
[2026-09-07T10:43:38.976+0900][22.299s][info][gc,cpu      ] GC(284) User=0.01s Sys=0.00s Real=0.00s
[2026-09-07T10:43:38.976+0900][22.299s][info][safepoint   ] Safepoint "G1CollectForAllocation", Time since last: 76138333 ns, Reaching safepoint: 1167 ns, Cleanup: 541 ns, At safepoint: 574042 ns, Leaving safepoint: 1000 ns, Total: 576750 ns
[2026-09-07T10:43:39.055+0900][22.377s][info][gc,start    ] GC(285) Pause Young (Normal) (G1 Evacuation Pause)
[2026-09-07T10:43:39.055+0900][22.377s][info][gc,task     ] GC(285) Using 9 workers of 9 for evacuation
[2026-09-07T10:43:39.055+0900][22.378s][info][gc,phases   ] GC(285)   Pre Evacuate Collection Set: 0.07ms
[2026-09-07T10:43:39.055+0900][22.378s][info][gc,phases   ] GC(285)   Merge Heap Roots: 0.02ms
[2026-09-07T10:43:39.055+0900][22.378s][info][gc,phases   ] GC(285)   Evacuate Collection Set: 0.38ms
[2026-09-07T10:43:39.055+0900][22.378s][info][gc,phases   ] GC(285)   Post Evacuate Collection Set: 0.11ms
[2026-09-07T10:43:39.055+0900][22.378s][info][gc,phases   ] GC(285)   Other: 0.02ms
[2026-09-07T10:43:39.055+0900][22.378s][info][gc,heap     ] GC(285) Eden regions: 101->0(100)
[2026-09-07T10:43:39.055+0900][22.378s][info][gc,heap     ] GC(285) Survivor regions: 2->3(13)
[2026-09-07T10:43:39.055+0900][22.378s][info][gc,heap     ] GC(285) Old regions: 75->75
[2026-09-07T10:43:39.055+0900][22.378s][info][gc,heap     ] GC(285) Humongous regions: 2->2
[2026-09-07T10:43:39.055+0900][22.378s][info][gc,metaspace] GC(285) Metaspace: 23366K(23872K)->23366K(23872K) NonClass: 20546K(20800K)->20546K(20800K) Class: 2819K(3072K)->2819K(3072K)
[2026-09-07T10:43:39.055+0900][22.378s][info][gc          ] GC(285) Pause Young (Normal) (G1 Evacuation Pause) 357M->157M(380M) 0.669ms
[2026-09-07T10:43:39.055+0900][22.378s][info][gc,cpu      ] GC(285) User=0.01s Sys=0.00s Real=0.00s
[2026-09-07T10:43:39.055+0900][22.378s][info][safepoint   ] Safepoint "G1CollectForAllocation", Time since last: 78298375 ns, Reaching safepoint: 917 ns, Cleanup: 1041 ns, At safepoint: 683959 ns, Leaving safepoint: 791 ns, Total: 686708 ns
[2026-09-07T10:43:39.131+0900][22.454s][info][gc,start    ] GC(286) Pause Young (Normal) (G1 Evacuation Pause)
[2026-09-07T10:43:39.131+0900][22.454s][info][gc,task     ] GC(286) Using 9 workers of 9 for evacuation
[2026-09-07T10:43:39.132+0900][22.455s][info][gc,phases   ] GC(286)   Pre Evacuate Collection Set: 0.07ms
[2026-09-07T10:43:39.132+0900][22.455s][info][gc,phases   ] GC(286)   Merge Heap Roots: 0.02ms
[2026-09-07T10:43:39.132+0900][22.455s][info][gc,phases   ] GC(286)   Evacuate Collection Set: 0.52ms
[2026-09-07T10:43:39.132+0900][22.455s][info][gc,phases   ] GC(286)   Post Evacuate Collection Set: 0.12ms
[2026-09-07T10:43:39.132+0900][22.455s][info][gc,phases   ] GC(286)   Other: 0.02ms
[2026-09-07T10:43:39.132+0900][22.455s][info][gc,heap     ] GC(286) Eden regions: 100->0(100)
[2026-09-07T10:43:39.132+0900][22.455s][info][gc,heap     ] GC(286) Survivor regions: 3->3(13)
[2026-09-07T10:43:39.132+0900][22.455s][info][gc,heap     ] GC(286) Old regions: 75->75
[2026-09-07T10:43:39.132+0900][22.455s][info][gc,heap     ] GC(286) Humongous regions: 2->2
[2026-09-07T10:43:39.132+0900][22.455s][info][gc,metaspace] GC(286) Metaspace: 23366K(23872K)->23366K(23872K) NonClass: 20546K(20800K)->20546K(20800K) Class: 2819K(3072K)->2819K(3072K)
[2026-09-07T10:43:39.132+0900][22.455s][info][gc          ] GC(286) Pause Young (Normal) (G1 Evacuation Pause) 357M->158M(380M) 0.823ms
[2026-09-07T10:43:39.132+0900][22.455s][info][gc,cpu      ] GC(286) User=0.01s Sys=0.00s Real=0.00s
[2026-09-07T10:43:39.132+0900][22.455s][info][safepoint   ] Safepoint "G1CollectForAllocation", Time since last: 75774917 ns, Reaching safepoint: 917 ns, Cleanup: 541 ns, At safepoint: 838167 ns, Leaving safepoint: 750 ns, Total: 840375 ns
[2026-09-07T10:43:39.209+0900][22.531s][info][gc,start    ] GC(287) Pause Young (Normal) (G1 Evacuation Pause)
[2026-09-07T10:43:39.209+0900][22.532s][info][gc,task     ] GC(287) Using 9 workers of 9 for evacuation
[2026-09-07T10:43:39.209+0900][22.532s][info][gc,phases   ] GC(287)   Pre Evacuate Collection Set: 0.07ms
[2026-09-07T10:43:39.209+0900][22.532s][info][gc,phases   ] GC(287)   Merge Heap Roots: 0.03ms
[2026-09-07T10:43:39.209+0900][22.532s][info][gc,phases   ] GC(287)   Evacuate Collection Set: 0.17ms
[2026-09-07T10:43:39.209+0900][22.532s][info][gc,phases   ] GC(287)   Post Evacuate Collection Set: 0.11ms
[2026-09-07T10:43:39.209+0900][22.532s][info][gc,phases   ] GC(287)   Other: 0.02ms
[2026-09-07T10:43:39.209+0900][22.532s][info][gc,heap     ] GC(287) Eden regions: 100->0(102)
[2026-09-07T10:43:39.209+0900][22.532s][info][gc,heap     ] GC(287) Survivor regions: 3->1(13)
[2026-09-07T10:43:39.209+0900][22.532s][info][gc,heap     ] GC(287) Old regions: 75->75
[2026-09-07T10:43:39.209+0900][22.532s][info][gc,heap     ] GC(287) Humongous regions: 2->2
[2026-09-07T10:43:39.209+0900][22.532s][info][gc,metaspace] GC(287) Metaspace: 23366K(23872K)->23366K(23872K) NonClass: 20546K(20800K)->20546K(20800K) Class: 2819K(3072K)->2819K(3072K)
[2026-09-07T10:43:39.209+0900][22.532s][info][gc          ] GC(287) Pause Young (Normal) (G1 Evacuation Pause) 358M->154M(380M) 0.472ms
[2026-09-07T10:43:39.209+0900][22.532s][info][gc,cpu      ] GC(287) User=0.01s Sys=0.00s Real=0.00s
[2026-09-07T10:43:39.209+0900][22.532s][info][safepoint   ] Safepoint "G1CollectForAllocation", Time since last: 76764917 ns, Reaching safepoint: 1291 ns, Cleanup: 584 ns, At safepoint: 487166 ns, Leaving safepoint: 959 ns, Total: 490000 ns
[2026-09-07T10:43:39.289+0900][22.611s][info][gc,start    ] GC(288) Pause Young (Normal) (G1 Evacuation Pause)
[2026-09-07T10:43:39.289+0900][22.611s][info][gc,task     ] GC(288) Using 9 workers of 9 for evacuation
[2026-09-07T10:43:39.289+0900][22.612s][info][gc,phases   ] GC(288)   Pre Evacuate Collection Set: 0.07ms
[2026-09-07T10:43:39.289+0900][22.612s][info][gc,phases   ] GC(288)   Merge Heap Roots: 0.02ms
[2026-09-07T10:43:39.289+0900][22.612s][info][gc,phases   ] GC(288)   Evacuate Collection Set: 0.30ms
[2026-09-07T10:43:39.289+0900][22.612s][info][gc,phases   ] GC(288)   Post Evacuate Collection Set: 0.11ms
[2026-09-07T10:43:39.289+0900][22.612s][info][gc,phases   ] GC(288)   Other: 0.02ms
[2026-09-07T10:43:39.289+0900][22.612s][info][gc,heap     ] GC(288) Eden regions: 102->0(101)
[2026-09-07T10:43:39.289+0900][22.612s][info][gc,heap     ] GC(288) Survivor regions: 1->2(13)
[2026-09-07T10:43:39.289+0900][22.612s][info][gc,heap     ] GC(288) Old regions: 75->75
[2026-09-07T10:43:39.289+0900][22.612s][info][gc,heap     ] GC(288) Humongous regions: 2->2
[2026-09-07T10:43:39.289+0900][22.612s][info][gc,metaspace] GC(288) Metaspace: 23366K(23872K)->23366K(23872K) NonClass: 20546K(20800K)->20546K(20800K) Class: 2819K(3072K)->2819K(3072K)
[2026-09-07T10:43:39.289+0900][22.612s][info][gc          ] GC(288) Pause Young (Normal) (G1 Evacuation Pause) 358M->156M(380M) 0.598ms
[2026-09-07T10:43:39.289+0900][22.612s][info][gc,cpu      ] GC(288) User=0.00s Sys=0.00s Real=0.00s
[2026-09-07T10:43:39.289+0900][22.612s][info][safepoint   ] Safepoint "G1CollectForAllocation", Time since last: 79495250 ns, Reaching safepoint: 1333 ns, Cleanup: 792 ns, At safepoint: 612708 ns, Leaving safepoint: 1292 ns, Total: 616125 ns
[2026-09-07T10:43:39.366+0900][22.689s][info][gc,start    ] GC(289) Pause Young (Normal) (G1 Evacuation Pause)
[2026-09-07T10:43:39.366+0900][22.689s][info][gc,task     ] GC(289) Using 9 workers of 9 for evacuation
[2026-09-07T10:43:39.366+0900][22.689s][info][gc,phases   ] GC(289)   Pre Evacuate Collection Set: 0.07ms
[2026-09-07T10:43:39.366+0900][22.689s][info][gc,phases   ] GC(289)   Merge Heap Roots: 0.02ms
[2026-09-07T10:43:39.366+0900][22.689s][info][gc,phases   ] GC(289)   Evacuate Collection Set: 0.43ms
[2026-09-07T10:43:39.366+0900][22.689s][info][gc,phases   ] GC(289)   Post Evacuate Collection Set: 0.11ms
[2026-09-07T10:43:39.366+0900][22.689s][info][gc,phases   ] GC(289)   Other: 0.02ms
[2026-09-07T10:43:39.366+0900][22.689s][info][gc,heap     ] GC(289) Eden regions: 101->0(100)
[2026-09-07T10:43:39.366+0900][22.689s][info][gc,heap     ] GC(289) Survivor regions: 2->3(13)
[2026-09-07T10:43:39.366+0900][22.689s][info][gc,heap     ] GC(289) Old regions: 75->75
[2026-09-07T10:43:39.366+0900][22.689s][info][gc,heap     ] GC(289) Humongous regions: 2->2
[2026-09-07T10:43:39.366+0900][22.689s][info][gc,metaspace] GC(289) Metaspace: 23366K(23872K)->23366K(23872K) NonClass: 20546K(20800K)->20546K(20800K) Class: 2819K(3072K)->2819K(3072K)
[2026-09-07T10:43:39.367+0900][22.689s][info][gc          ] GC(289) Pause Young (Normal) (G1 Evacuation Pause) 358M->157M(380M) 0.719ms
[2026-09-07T10:43:39.367+0900][22.689s][info][gc,cpu      ] GC(289) User=0.01s Sys=0.00s Real=0.00s
[2026-09-07T10:43:39.367+0900][22.689s][info][safepoint   ] Safepoint "G1CollectForAllocation", Time since last: 76588333 ns, Reaching safepoint: 875 ns, Cleanup: 1042 ns, At safepoint: 736541 ns, Leaving safepoint: 1250 ns, Total: 739708 ns
[2026-09-07T10:43:39.444+0900][22.766s][info][gc,start    ] GC(290) Pause Young (Normal) (G1 Evacuation Pause)
[2026-09-07T10:43:39.444+0900][22.766s][info][gc,task     ] GC(290) Using 9 workers of 9 for evacuation
[2026-09-07T10:43:39.444+0900][22.767s][info][gc,phases   ] GC(290)   Pre Evacuate Collection Set: 0.08ms
[2026-09-07T10:43:39.444+0900][22.767s][info][gc,phases   ] GC(290)   Merge Heap Roots: 0.04ms
[2026-09-07T10:43:39.444+0900][22.767s][info][gc,phases   ] GC(290)   Evacuate Collection Set: 0.53ms
[2026-09-07T10:43:39.444+0900][22.767s][info][gc,phases   ] GC(290)   Post Evacuate Collection Set: 0.11ms
[2026-09-07T10:43:39.444+0900][22.767s][info][gc,phases   ] GC(290)   Other: 0.01ms
[2026-09-07T10:43:39.444+0900][22.767s][info][gc,heap     ] GC(290) Eden regions: 100->0(99)
[2026-09-07T10:43:39.444+0900][22.767s][info][gc,heap     ] GC(290) Survivor regions: 3->4(13)
[2026-09-07T10:43:39.444+0900][22.767s][info][gc,heap     ] GC(290) Old regions: 75->75
[2026-09-07T10:43:39.444+0900][22.767s][info][gc,heap     ] GC(290) Humongous regions: 2->2
[2026-09-07T10:43:39.444+0900][22.767s][info][gc,metaspace] GC(290) Metaspace: 23366K(23872K)->23366K(23872K) NonClass: 20546K(20800K)->20546K(20800K) Class: 2819K(3072K)->2819K(3072K)
[2026-09-07T10:43:39.444+0900][22.767s][info][gc          ] GC(290) Pause Young (Normal) (G1 Evacuation Pause) 357M->160M(380M) 0.846ms
[2026-09-07T10:43:39.444+0900][22.767s][info][gc,cpu      ] GC(290) User=0.00s Sys=0.00s Real=0.00s
[2026-09-07T10:43:39.444+0900][22.767s][info][safepoint   ] Safepoint "G1CollectForAllocation", Time since last: 77053084 ns, Reaching safepoint: 1500 ns, Cleanup: 1041 ns, At safepoint: 860209 ns, Leaving safepoint: 916 ns, Total: 863666 ns
[2026-09-07T10:43:39.521+0900][22.844s][info][gc,start    ] GC(291) Pause Young (Normal) (G1 Evacuation Pause)
[2026-09-07T10:43:39.521+0900][22.844s][info][gc,task     ] GC(291) Using 9 workers of 9 for evacuation
[2026-09-07T10:43:39.521+0900][22.844s][info][gc,phases   ] GC(291)   Pre Evacuate Collection Set: 0.07ms
[2026-09-07T10:43:39.521+0900][22.844s][info][gc,phases   ] GC(291)   Merge Heap Roots: 0.04ms
[2026-09-07T10:43:39.521+0900][22.844s][info][gc,phases   ] GC(291)   Evacuate Collection Set: 0.25ms
[2026-09-07T10:43:39.521+0900][22.844s][info][gc,phases   ] GC(291)   Post Evacuate Collection Set: 0.11ms
[2026-09-07T10:43:39.521+0900][22.844s][info][gc,phases   ] GC(291)   Other: 0.02ms
[2026-09-07T10:43:39.521+0900][22.844s][info][gc,heap     ] GC(291) Eden regions: 99->0(102)
[2026-09-07T10:43:39.521+0900][22.844s][info][gc,heap     ] GC(291) Survivor regions: 4->1(13)
[2026-09-07T10:43:39.521+0900][22.844s][info][gc,heap     ] GC(291) Old regions: 75->75
[2026-09-07T10:43:39.521+0900][22.844s][info][gc,heap     ] GC(291) Humongous regions: 2->2
[2026-09-07T10:43:39.521+0900][22.844s][info][gc,metaspace] GC(291) Metaspace: 23366K(23872K)->23366K(23872K) NonClass: 20546K(20800K)->20546K(20800K) Class: 2819K(3072K)->2819K(3072K)
[2026-09-07T10:43:39.521+0900][22.844s][info][gc          ] GC(291) Pause Young (Normal) (G1 Evacuation Pause) 358M->154M(380M) 0.563ms
[2026-09-07T10:43:39.521+0900][22.844s][info][gc,cpu      ] GC(291) User=0.00s Sys=0.01s Real=0.00s
[2026-09-07T10:43:39.521+0900][22.844s][info][safepoint   ] Safepoint "G1CollectForAllocation", Time since last: 76464459 ns, Reaching safepoint: 916 ns, Cleanup: 625 ns, At safepoint: 577209 ns, Leaving safepoint: 875 ns, Total: 579625 ns
[2026-09-07T10:43:39.601+0900][22.924s][info][gc,start    ] GC(292) Pause Young (Normal) (G1 Evacuation Pause)
[2026-09-07T10:43:39.601+0900][22.924s][info][gc,task     ] GC(292) Using 9 workers of 9 for evacuation
[2026-09-07T10:43:39.602+0900][22.925s][info][gc,phases   ] GC(292)   Pre Evacuate Collection Set: 0.07ms
[2026-09-07T10:43:39.602+0900][22.925s][info][gc,phases   ] GC(292)   Merge Heap Roots: 0.02ms
[2026-09-07T10:43:39.602+0900][22.925s][info][gc,phases   ] GC(292)   Evacuate Collection Set: 0.38ms
[2026-09-07T10:43:39.602+0900][22.925s][info][gc,phases   ] GC(292)   Post Evacuate Collection Set: 0.10ms
[2026-09-07T10:43:39.602+0900][22.925s][info][gc,phases   ] GC(292)   Other: 0.02ms
[2026-09-07T10:43:39.602+0900][22.925s][info][gc,heap     ] GC(292) Eden regions: 102->0(101)
[2026-09-07T10:43:39.602+0900][22.925s][info][gc,heap     ] GC(292) Survivor regions: 1->2(13)
[2026-09-07T10:43:39.602+0900][22.925s][info][gc,heap     ] GC(292) Old regions: 75->75
[2026-09-07T10:43:39.602+0900][22.925s][info][gc,heap     ] GC(292) Humongous regions: 2->2
[2026-09-07T10:43:39.602+0900][22.925s][info][gc,metaspace] GC(292) Metaspace: 23366K(23872K)->23366K(23872K) NonClass: 20546K(20800K)->20546K(20800K) Class: 2819K(3072K)->2819K(3072K)
[2026-09-07T10:43:39.602+0900][22.925s][info][gc          ] GC(292) Pause Young (Normal) (G1 Evacuation Pause) 358M->156M(380M) 0.670ms
[2026-09-07T10:43:39.602+0900][22.925s][info][gc,cpu      ] GC(292) User=0.00s Sys=0.00s Real=0.00s
[2026-09-07T10:43:39.602+0900][22.925s][info][safepoint   ] Safepoint "G1CollectForAllocation", Time since last: 79578625 ns, Reaching safepoint: 958 ns, Cleanup: 625 ns, At safepoint: 684833 ns, Leaving safepoint: 709 ns, Total: 687125 ns
[2026-09-07T10:43:39.679+0900][23.002s][info][gc,start    ] GC(293) Pause Young (Normal) (G1 Evacuation Pause)
[2026-09-07T10:43:39.679+0900][23.002s][info][gc,task     ] GC(293) Using 9 workers of 9 for evacuation
[2026-09-07T10:43:39.680+0900][23.003s][info][gc,phases   ] GC(293)   Pre Evacuate Collection Set: 0.10ms
[2026-09-07T10:43:39.680+0900][23.003s][info][gc,phases   ] GC(293)   Merge Heap Roots: 0.03ms
[2026-09-07T10:43:39.680+0900][23.003s][info][gc,phases   ] GC(293)   Evacuate Collection Set: 0.48ms
[2026-09-07T10:43:39.680+0900][23.003s][info][gc,phases   ] GC(293)   Post Evacuate Collection Set: 0.11ms
[2026-09-07T10:43:39.680+0900][23.003s][info][gc,phases   ] GC(293)   Other: 0.02ms
[2026-09-07T10:43:39.680+0900][23.003s][info][gc,heap     ] GC(293) Eden regions: 101->0(100)
[2026-09-07T10:43:39.680+0900][23.003s][info][gc,heap     ] GC(293) Survivor regions: 2->3(13)
[2026-09-07T10:43:39.680+0900][23.003s][info][gc,heap     ] GC(293) Old regions: 75->75
[2026-09-07T10:43:39.680+0900][23.003s][info][gc,heap     ] GC(293) Humongous regions: 2->2
[2026-09-07T10:43:39.680+0900][23.003s][info][gc,metaspace] GC(293) Metaspace: 23366K(23872K)->23366K(23872K) NonClass: 20546K(20800K)->20546K(20800K) Class: 2819K(3072K)->2819K(3072K)
[2026-09-07T10:43:39.680+0900][23.003s][info][gc          ] GC(293) Pause Young (Normal) (G1 Evacuation Pause) 358M->158M(380M) 0.822ms
[2026-09-07T10:43:39.680+0900][23.003s][info][gc,cpu      ] GC(293) User=0.00s Sys=0.00s Real=0.01s
[2026-09-07T10:43:39.680+0900][23.003s][info][safepoint   ] Safepoint "G1CollectForAllocation", Time since last: 77370500 ns, Reaching safepoint: 916 ns, Cleanup: 709 ns, At safepoint: 837208 ns, Leaving safepoint: 958 ns, Total: 839791 ns
[2026-09-07T10:43:39.756+0900][23.079s][info][gc,start    ] GC(294) Pause Young (Normal) (G1 Evacuation Pause)
[2026-09-07T10:43:39.756+0900][23.079s][info][gc,task     ] GC(294) Using 9 workers of 9 for evacuation
[2026-09-07T10:43:39.757+0900][23.079s][info][gc,phases   ] GC(294)   Pre Evacuate Collection Set: 0.06ms
[2026-09-07T10:43:39.757+0900][23.079s][info][gc,phases   ] GC(294)   Merge Heap Roots: 0.04ms
[2026-09-07T10:43:39.757+0900][23.079s][info][gc,phases   ] GC(294)   Evacuate Collection Set: 0.14ms
[2026-09-07T10:43:39.757+0900][23.079s][info][gc,phases   ] GC(294)   Post Evacuate Collection Set: 0.12ms
[2026-09-07T10:43:39.757+0900][23.079s][info][gc,phases   ] GC(294)   Other: 0.02ms
[2026-09-07T10:43:39.757+0900][23.079s][info][gc,heap     ] GC(294) Eden regions: 100->0(102)
[2026-09-07T10:43:39.757+0900][23.079s][info][gc,heap     ] GC(294) Survivor regions: 3->1(13)
[2026-09-07T10:43:39.757+0900][23.079s][info][gc,heap     ] GC(294) Old regions: 75->75
[2026-09-07T10:43:39.757+0900][23.079s][info][gc,heap     ] GC(294) Humongous regions: 2->2
[2026-09-07T10:43:39.757+0900][23.079s][info][gc,metaspace] GC(294) Metaspace: 23366K(23872K)->23366K(23872K) NonClass: 20546K(20800K)->20546K(20800K) Class: 2819K(3072K)->2819K(3072K)
[2026-09-07T10:43:39.757+0900][23.079s][info][gc          ] GC(294) Pause Young (Normal) (G1 Evacuation Pause) 358M->154M(380M) 0.463ms
[2026-09-07T10:43:39.757+0900][23.080s][info][gc,cpu      ] GC(294) User=0.00s Sys=0.00s Real=0.00s
[2026-09-07T10:43:39.757+0900][23.080s][info][safepoint   ] Safepoint "G1CollectForAllocation", Time since last: 76186000 ns, Reaching safepoint: 1250 ns, Cleanup: 625 ns, At safepoint: 477375 ns, Leaving safepoint: 709 ns, Total: 479959 ns
[2026-09-07T10:43:39.835+0900][23.158s][info][gc,start    ] GC(295) Pause Young (Normal) (G1 Evacuation Pause)
[2026-09-07T10:43:39.835+0900][23.158s][info][gc,task     ] GC(295) Using 9 workers of 9 for evacuation
[2026-09-07T10:43:39.836+0900][23.159s][info][gc,phases   ] GC(295)   Pre Evacuate Collection Set: 0.07ms
[2026-09-07T10:43:39.836+0900][23.159s][info][gc,phases   ] GC(295)   Merge Heap Roots: 0.04ms
[2026-09-07T10:43:39.836+0900][23.159s][info][gc,phases   ] GC(295)   Evacuate Collection Set: 0.32ms
[2026-09-07T10:43:39.836+0900][23.159s][info][gc,phases   ] GC(295)   Post Evacuate Collection Set: 0.12ms
[2026-09-07T10:43:39.836+0900][23.159s][info][gc,phases   ] GC(295)   Other: 0.02ms
[2026-09-07T10:43:39.836+0900][23.159s][info][gc,heap     ] GC(295) Eden regions: 102->0(101)
[2026-09-07T10:43:39.836+0900][23.159s][info][gc,heap     ] GC(295) Survivor regions: 1->2(13)
[2026-09-07T10:43:39.836+0900][23.159s][info][gc,heap     ] GC(295) Old regions: 75->75
[2026-09-07T10:43:39.836+0900][23.159s][info][gc,heap     ] GC(295) Humongous regions: 2->2
[2026-09-07T10:43:39.836+0900][23.159s][info][gc,metaspace] GC(295) Metaspace: 23366K(23872K)->23366K(23872K) NonClass: 20546K(20800K)->20546K(20800K) Class: 2819K(3072K)->2819K(3072K)
[2026-09-07T10:43:39.836+0900][23.159s][info][gc          ] GC(295) Pause Young (Normal) (G1 Evacuation Pause) 358M->155M(380M) 0.637ms
[2026-09-07T10:43:39.836+0900][23.159s][info][gc,cpu      ] GC(295) User=0.00s Sys=0.00s Real=0.00s
[2026-09-07T10:43:39.836+0900][23.159s][info][safepoint   ] Safepoint "G1CollectForAllocation", Time since last: 78501250 ns, Reaching safepoint: 1166 ns, Cleanup: 959 ns, At safepoint: 652458 ns, Leaving safepoint: 917 ns, Total: 655500 ns
[2026-09-07T10:43:39.913+0900][23.236s][info][gc,start    ] GC(296) Pause Young (Normal) (G1 Evacuation Pause)
[2026-09-07T10:43:39.913+0900][23.236s][info][gc,task     ] GC(296) Using 9 workers of 9 for evacuation
[2026-09-07T10:43:39.913+0900][23.236s][info][gc,phases   ] GC(296)   Pre Evacuate Collection Set: 0.07ms
[2026-09-07T10:43:39.913+0900][23.236s][info][gc,phases   ] GC(296)   Merge Heap Roots: 0.02ms
[2026-09-07T10:43:39.913+0900][23.236s][info][gc,phases   ] GC(296)   Evacuate Collection Set: 0.43ms
[2026-09-07T10:43:39.913+0900][23.236s][info][gc,phases   ] GC(296)   Post Evacuate Collection Set: 0.11ms
[2026-09-07T10:43:39.913+0900][23.236s][info][gc,phases   ] GC(296)   Other: 0.02ms
[2026-09-07T10:43:39.913+0900][23.236s][info][gc,heap     ] GC(296) Eden regions: 101->0(100)
[2026-09-07T10:43:39.913+0900][23.236s][info][gc,heap     ] GC(296) Survivor regions: 2->3(13)
[2026-09-07T10:43:39.913+0900][23.236s][info][gc,heap     ] GC(296) Old regions: 75->75
[2026-09-07T10:43:39.913+0900][23.236s][info][gc,heap     ] GC(296) Humongous regions: 2->2
[2026-09-07T10:43:39.913+0900][23.236s][info][gc,metaspace] GC(296) Metaspace: 23366K(23872K)->23366K(23872K) NonClass: 20546K(20800K)->20546K(20800K) Class: 2819K(3072K)->2819K(3072K)
[2026-09-07T10:43:39.913+0900][23.236s][info][gc          ] GC(296) Pause Young (Normal) (G1 Evacuation Pause) 357M->157M(380M) 0.713ms
[2026-09-07T10:43:39.913+0900][23.236s][info][gc,cpu      ] GC(296) User=0.00s Sys=0.00s Real=0.00s
[2026-09-07T10:43:39.913+0900][23.236s][info][safepoint   ] Safepoint "G1CollectForAllocation", Time since last: 76987166 ns, Reaching safepoint: 1375 ns, Cleanup: 709 ns, At safepoint: 727458 ns, Leaving safepoint: 917 ns, Total: 730459 ns
[2026-09-07T10:43:39.990+0900][23.312s][info][gc,start    ] GC(297) Pause Young (Normal) (G1 Evacuation Pause)
[2026-09-07T10:43:39.990+0900][23.312s][info][gc,task     ] GC(297) Using 9 workers of 9 for evacuation
[2026-09-07T10:43:39.990+0900][23.313s][info][gc,phases   ] GC(297)   Pre Evacuate Collection Set: 0.07ms
[2026-09-07T10:43:39.990+0900][23.313s][info][gc,phases   ] GC(297)   Merge Heap Roots: 0.04ms
[2026-09-07T10:43:39.990+0900][23.313s][info][gc,phases   ] GC(297)   Evacuate Collection Set: 0.56ms
[2026-09-07T10:43:39.990+0900][23.313s][info][gc,phases   ] GC(297)   Post Evacuate Collection Set: 0.12ms
[2026-09-07T10:43:39.990+0900][23.313s][info][gc,phases   ] GC(297)   Other: 0.02ms
[2026-09-07T10:43:39.990+0900][23.313s][info][gc,heap     ] GC(297) Eden regions: 100->0(99)
[2026-09-07T10:43:39.990+0900][23.313s][info][gc,heap     ] GC(297) Survivor regions: 3->4(13)
[2026-09-07T10:43:39.990+0900][23.313s][info][gc,heap     ] GC(297) Old regions: 75->75
[2026-09-07T10:43:39.990+0900][23.313s][info][gc,heap     ] GC(297) Humongous regions: 2->2
[2026-09-07T10:43:39.990+0900][23.313s][info][gc,metaspace] GC(297) Metaspace: 23366K(23872K)->23366K(23872K) NonClass: 20546K(20800K)->20546K(20800K) Class: 2819K(3072K)->2819K(3072K)
[2026-09-07T10:43:39.990+0900][23.313s][info][gc          ] GC(297) Pause Young (Normal) (G1 Evacuation Pause) 357M->159M(380M) 0.874ms
[2026-09-07T10:43:39.990+0900][23.313s][info][gc,cpu      ] GC(297) User=0.00s Sys=0.00s Real=0.00s
[2026-09-07T10:43:39.990+0900][23.313s][info][safepoint   ] Safepoint "G1CollectForAllocation", Time since last: 76035250 ns, Reaching safepoint: 1333 ns, Cleanup: 542 ns, At safepoint: 887041 ns, Leaving safepoint: 917 ns, Total: 889833 ns
[2026-09-07T10:43:40.066+0900][23.389s][info][gc,start    ] GC(298) Pause Young (Normal) (G1 Evacuation Pause)
[2026-09-07T10:43:40.066+0900][23.389s][info][gc,task     ] GC(298) Using 9 workers of 9 for evacuation
[2026-09-07T10:43:40.066+0900][23.389s][info][gc,phases   ] GC(298)   Pre Evacuate Collection Set: 0.07ms
[2026-09-07T10:43:40.066+0900][23.389s][info][gc,phases   ] GC(298)   Merge Heap Roots: 0.02ms
[2026-09-07T10:43:40.066+0900][23.389s][info][gc,phases   ] GC(298)   Evacuate Collection Set: 0.22ms
[2026-09-07T10:43:40.066+0900][23.389s][info][gc,phases   ] GC(298)   Post Evacuate Collection Set: 0.11ms
[2026-09-07T10:43:40.066+0900][23.389s][info][gc,phases   ] GC(298)   Other: 0.02ms
[2026-09-07T10:43:40.066+0900][23.389s][info][gc,heap     ] GC(298) Eden regions: 99->0(102)
[2026-09-07T10:43:40.066+0900][23.389s][info][gc,heap     ] GC(298) Survivor regions: 4->1(13)
[2026-09-07T10:43:40.066+0900][23.389s][info][gc,heap     ] GC(298) Old regions: 75->75
[2026-09-07T10:43:40.066+0900][23.389s][info][gc,heap     ] GC(298) Humongous regions: 2->2
[2026-09-07T10:43:40.066+0900][23.389s][info][gc,metaspace] GC(298) Metaspace: 23366K(23872K)->23366K(23872K) NonClass: 20546K(20800K)->20546K(20800K) Class: 2819K(3072K)->2819K(3072K)
[2026-09-07T10:43:40.066+0900][23.389s][info][gc          ] GC(298) Pause Young (Normal) (G1 Evacuation Pause) 357M->154M(380M) 0.524ms
[2026-09-07T10:43:40.066+0900][23.389s][info][gc,cpu      ] GC(298) User=0.00s Sys=0.00s Real=0.00s
[2026-09-07T10:43:40.066+0900][23.389s][info][safepoint   ] Safepoint "G1CollectForAllocation", Time since last: 75293750 ns, Reaching safepoint: 1333 ns, Cleanup: 1000 ns, At safepoint: 537375 ns, Leaving safepoint: 834 ns, Total: 540542 ns
[2026-09-07T10:43:40.144+0900][23.467s][info][gc,start    ] GC(299) Pause Young (Normal) (G1 Evacuation Pause)
[2026-09-07T10:43:40.144+0900][23.467s][info][gc,task     ] GC(299) Using 9 workers of 9 for evacuation
[2026-09-07T10:43:40.145+0900][23.468s][info][gc,phases   ] GC(299)   Pre Evacuate Collection Set: 0.08ms
[2026-09-07T10:43:40.145+0900][23.468s][info][gc,phases   ] GC(299)   Merge Heap Roots: 0.04ms
[2026-09-07T10:43:40.145+0900][23.468s][info][gc,phases   ] GC(299)   Evacuate Collection Set: 0.39ms
[2026-09-07T10:43:40.145+0900][23.468s][info][gc,phases   ] GC(299)   Post Evacuate Collection Set: 0.12ms
[2026-09-07T10:43:40.145+0900][23.468s][info][gc,phases   ] GC(299)   Other: 0.01ms
[2026-09-07T10:43:40.145+0900][23.468s][info][gc,heap     ] GC(299) Eden regions: 102->0(100)
[2026-09-07T10:43:40.145+0900][23.468s][info][gc,heap     ] GC(299) Survivor regions: 1->3(13)
[2026-09-07T10:43:40.145+0900][23.468s][info][gc,heap     ] GC(299) Old regions: 75->75
[2026-09-07T10:43:40.145+0900][23.468s][info][gc,heap     ] GC(299) Humongous regions: 2->2
[2026-09-07T10:43:40.145+0900][23.468s][info][gc,metaspace] GC(299) Metaspace: 23366K(23872K)->23366K(23872K) NonClass: 20546K(20800K)->20546K(20800K) Class: 2819K(3072K)->2819K(3072K)
[2026-09-07T10:43:40.145+0900][23.468s][info][gc          ] GC(299) Pause Young (Normal) (G1 Evacuation Pause) 358M->157M(380M) 0.716ms
[2026-09-07T10:43:40.145+0900][23.468s][info][gc,cpu      ] GC(299) User=0.00s Sys=0.00s Real=0.00s
[2026-09-07T10:43:40.145+0900][23.468s][info][safepoint   ] Safepoint "G1CollectForAllocation", Time since last: 77865333 ns, Reaching safepoint: 1042 ns, Cleanup: 1041 ns, At safepoint: 729292 ns, Leaving safepoint: 750 ns, Total: 732125 ns
[2026-09-07T10:43:40.221+0900][23.544s][info][gc,start    ] GC(300) Pause Young (Normal) (G1 Evacuation Pause)
[2026-09-07T10:43:40.222+0900][23.544s][info][gc,task     ] GC(300) Using 9 workers of 9 for evacuation
[2026-09-07T10:43:40.222+0900][23.545s][info][gc,phases   ] GC(300)   Pre Evacuate Collection Set: 0.08ms
[2026-09-07T10:43:40.222+0900][23.545s][info][gc,phases   ] GC(300)   Merge Heap Roots: 0.03ms
[2026-09-07T10:43:40.222+0900][23.545s][info][gc,phases   ] GC(300)   Evacuate Collection Set: 0.47ms
[2026-09-07T10:43:40.222+0900][23.545s][info][gc,phases   ] GC(300)   Post Evacuate Collection Set: 0.13ms
[2026-09-07T10:43:40.222+0900][23.545s][info][gc,phases   ] GC(300)   Other: 0.02ms
[2026-09-07T10:43:40.222+0900][23.545s][info][gc,heap     ] GC(300) Eden regions: 100->0(100)
[2026-09-07T10:43:40.222+0900][23.545s][info][gc,heap     ] GC(300) Survivor regions: 3->3(13)
[2026-09-07T10:43:40.222+0900][23.545s][info][gc,heap     ] GC(300) Old regions: 75->75
[2026-09-07T10:43:40.222+0900][23.545s][info][gc,heap     ] GC(300) Humongous regions: 2->2
[2026-09-07T10:43:40.222+0900][23.545s][info][gc,metaspace] GC(300) Metaspace: 23366K(23872K)->23366K(23872K) NonClass: 20546K(20800K)->20546K(20800K) Class: 2819K(3072K)->2819K(3072K)
[2026-09-07T10:43:40.222+0900][23.545s][info][gc          ] GC(300) Pause Young (Normal) (G1 Evacuation Pause) 357M->158M(380M) 0.809ms
[2026-09-07T10:43:40.222+0900][23.545s][info][gc,cpu      ] GC(300) User=0.00s Sys=0.00s Real=0.00s
[2026-09-07T10:43:40.222+0900][23.545s][info][safepoint   ] Safepoint "G1CollectForAllocation", Time since last: 76632583 ns, Reaching safepoint: 1000 ns, Cleanup: 625 ns, At safepoint: 822959 ns, Leaving safepoint: 916 ns, Total: 825500 ns
[2026-09-07T10:43:40.299+0900][23.622s][info][gc,start    ] GC(301) Pause Young (Normal) (G1 Evacuation Pause)
[2026-09-07T10:43:40.299+0900][23.622s][info][gc,task     ] GC(301) Using 9 workers of 9 for evacuation
[2026-09-07T10:43:40.299+0900][23.622s][info][gc,phases   ] GC(301)   Pre Evacuate Collection Set: 0.08ms
[2026-09-07T10:43:40.299+0900][23.622s][info][gc,phases   ] GC(301)   Merge Heap Roots: 0.02ms
[2026-09-07T10:43:40.299+0900][23.622s][info][gc,phases   ] GC(301)   Evacuate Collection Set: 0.17ms
[2026-09-07T10:43:40.299+0900][23.622s][info][gc,phases   ] GC(301)   Post Evacuate Collection Set: 0.11ms
[2026-09-07T10:43:40.299+0900][23.622s][info][gc,phases   ] GC(301)   Other: 0.02ms
[2026-09-07T10:43:40.299+0900][23.622s][info][gc,heap     ] GC(301) Eden regions: 100->0(102)
[2026-09-07T10:43:40.299+0900][23.622s][info][gc,heap     ] GC(301) Survivor regions: 3->1(13)
[2026-09-07T10:43:40.299+0900][23.622s][info][gc,heap     ] GC(301) Old regions: 75->75
[2026-09-07T10:43:40.299+0900][23.622s][info][gc,heap     ] GC(301) Humongous regions: 2->2
[2026-09-07T10:43:40.299+0900][23.622s][info][gc,metaspace] GC(301) Metaspace: 23366K(23872K)->23366K(23872K) NonClass: 20546K(20800K)->20546K(20800K) Class: 2819K(3072K)->2819K(3072K)
[2026-09-07T10:43:40.299+0900][23.622s][info][gc          ] GC(301) Pause Young (Normal) (G1 Evacuation Pause) 358M->154M(380M) 0.480ms
[2026-09-07T10:43:40.299+0900][23.622s][info][gc,cpu      ] GC(301) User=0.00s Sys=0.00s Real=0.00s
[2026-09-07T10:43:40.299+0900][23.622s][info][safepoint   ] Safepoint "G1CollectForAllocation", Time since last: 76684042 ns, Reaching safepoint: 917 ns, Cleanup: 625 ns, At safepoint: 493833 ns, Leaving safepoint: 792 ns, Total: 496167 ns
[2026-09-07T10:43:40.379+0900][23.702s][info][gc,start    ] GC(302) Pause Young (Normal) (G1 Evacuation Pause)
[2026-09-07T10:43:40.379+0900][23.702s][info][gc,task     ] GC(302) Using 9 workers of 9 for evacuation
[2026-09-07T10:43:40.380+0900][23.702s][info][gc,phases   ] GC(302)   Pre Evacuate Collection Set: 0.08ms
[2026-09-07T10:43:40.380+0900][23.702s][info][gc,phases   ] GC(302)   Merge Heap Roots: 0.03ms
[2026-09-07T10:43:40.380+0900][23.702s][info][gc,phases   ] GC(302)   Evacuate Collection Set: 0.31ms
[2026-09-07T10:43:40.380+0900][23.702s][info][gc,phases   ] GC(302)   Post Evacuate Collection Set: 0.11ms
[2026-09-07T10:43:40.380+0900][23.702s][info][gc,phases   ] GC(302)   Other: 0.01ms
[2026-09-07T10:43:40.380+0900][23.702s][info][gc,heap     ] GC(302) Eden regions: 102->0(101)
[2026-09-07T10:43:40.380+0900][23.702s][info][gc,heap     ] GC(302) Survivor regions: 1->2(13)
[2026-09-07T10:43:40.380+0900][23.702s][info][gc,heap     ] GC(302) Old regions: 75->75
[2026-09-07T10:43:40.380+0900][23.702s][info][gc,heap     ] GC(302) Humongous regions: 2->2
[2026-09-07T10:43:40.380+0900][23.702s][info][gc,metaspace] GC(302) Metaspace: 23366K(23872K)->23366K(23872K) NonClass: 20546K(20800K)->20546K(20800K) Class: 2819K(3072K)->2819K(3072K)
[2026-09-07T10:43:40.380+0900][23.703s][info][gc          ] GC(302) Pause Young (Normal) (G1 Evacuation Pause) 358M->155M(380M) 0.612ms
[2026-09-07T10:43:40.380+0900][23.703s][info][gc,cpu      ] GC(302) User=0.00s Sys=0.00s Real=0.01s
[2026-09-07T10:43:40.380+0900][23.703s][info][safepoint   ] Safepoint "G1CollectForAllocation", Time since last: 79507958 ns, Reaching safepoint: 1250 ns, Cleanup: 750 ns, At safepoint: 625833 ns, Leaving safepoint: 750 ns, Total: 628583 ns
[2026-09-07T10:43:40.459+0900][23.782s][info][gc,start    ] GC(303) Pause Young (Normal) (G1 Evacuation Pause)
[2026-09-07T10:43:40.459+0900][23.782s][info][gc,task     ] GC(303) Using 9 workers of 9 for evacuation
[2026-09-07T10:43:40.460+0900][23.783s][info][gc,phases   ] GC(303)   Pre Evacuate Collection Set: 0.05ms
[2026-09-07T10:43:40.460+0900][23.783s][info][gc,phases   ] GC(303)   Merge Heap Roots: 0.03ms
[2026-09-07T10:43:40.460+0900][23.783s][info][gc,phases   ] GC(303)   Evacuate Collection Set: 0.44ms
[2026-09-07T10:43:40.460+0900][23.783s][info][gc,phases   ] GC(303)   Post Evacuate Collection Set: 0.11ms
[2026-09-07T10:43:40.460+0900][23.783s][info][gc,phases   ] GC(303)   Other: 0.02ms
[2026-09-07T10:43:40.460+0900][23.783s][info][gc,heap     ] GC(303) Eden regions: 101->0(100)
[2026-09-07T10:43:40.460+0900][23.783s][info][gc,heap     ] GC(303) Survivor regions: 2->3(13)
[2026-09-07T10:43:40.460+0900][23.783s][info][gc,heap     ] GC(303) Old regions: 75->75
[2026-09-07T10:43:40.460+0900][23.783s][info][gc,heap     ] GC(303) Humongous regions: 2->2
[2026-09-07T10:43:40.460+0900][23.783s][info][gc,metaspace] GC(303) Metaspace: 23366K(23872K)->23366K(23872K) NonClass: 20546K(20800K)->20546K(20800K) Class: 2819K(3072K)->2819K(3072K)
[2026-09-07T10:43:40.460+0900][23.783s][info][gc          ] GC(303) Pause Young (Normal) (G1 Evacuation Pause) 357M->157M(380M) 0.721ms
[2026-09-07T10:43:40.460+0900][23.783s][info][gc,cpu      ] GC(303) User=0.00s Sys=0.00s Real=0.01s
[2026-09-07T10:43:40.460+0900][23.783s][info][safepoint   ] Safepoint "G1CollectForAllocation", Time since last: 79307000 ns, Reaching safepoint: 1167 ns, Cleanup: 500 ns, At safepoint: 733417 ns, Leaving safepoint: 958 ns, Total: 736042 ns
[2026-09-07T10:43:40.536+0900][23.859s][info][gc,start    ] GC(304) Pause Young (Normal) (G1 Evacuation Pause)
[2026-09-07T10:43:40.536+0900][23.859s][info][gc,task     ] GC(304) Using 9 workers of 9 for evacuation
[2026-09-07T10:43:40.537+0900][23.860s][info][gc,phases   ] GC(304)   Pre Evacuate Collection Set: 0.05ms
[2026-09-07T10:43:40.537+0900][23.860s][info][gc,phases   ] GC(304)   Merge Heap Roots: 0.02ms
[2026-09-07T10:43:40.537+0900][23.860s][info][gc,phases   ] GC(304)   Evacuate Collection Set: 0.55ms
[2026-09-07T10:43:40.537+0900][23.860s][info][gc,phases   ] GC(304)   Post Evacuate Collection Set: 0.11ms
[2026-09-07T10:43:40.537+0900][23.860s][info][gc,phases   ] GC(304)   Other: 0.02ms
[2026-09-07T10:43:40.537+0900][23.860s][info][gc,heap     ] GC(304) Eden regions: 100->0(99)
[2026-09-07T10:43:40.537+0900][23.860s][info][gc,heap     ] GC(304) Survivor regions: 3->4(13)
[2026-09-07T10:43:40.537+0900][23.860s][info][gc,heap     ] GC(304) Old regions: 75->75
[2026-09-07T10:43:40.537+0900][23.860s][info][gc,heap     ] GC(304) Humongous regions: 2->2
[2026-09-07T10:43:40.537+0900][23.860s][info][gc,metaspace] GC(304) Metaspace: 23366K(23872K)->23366K(23872K) NonClass: 20546K(20800K)->20546K(20800K) Class: 2819K(3072K)->2819K(3072K)
[2026-09-07T10:43:40.537+0900][23.860s][info][gc          ] GC(304) Pause Young (Normal) (G1 Evacuation Pause) 357M->160M(380M) 0.814ms
[2026-09-07T10:43:40.537+0900][23.860s][info][gc,cpu      ] GC(304) User=0.01s Sys=0.01s Real=0.00s
[2026-09-07T10:43:40.537+0900][23.860s][info][safepoint   ] Safepoint "G1CollectForAllocation", Time since last: 76530792 ns, Reaching safepoint: 1333 ns, Cleanup: 250 ns, At safepoint: 827583 ns, Leaving safepoint: 875 ns, Total: 830041 ns
[2026-09-07T10:43:40.613+0900][23.936s][info][gc,start    ] GC(305) Pause Young (Normal) (G1 Evacuation Pause)
[2026-09-07T10:43:40.613+0900][23.936s][info][gc,task     ] GC(305) Using 9 workers of 9 for evacuation
[2026-09-07T10:43:40.614+0900][23.937s][info][gc,phases   ] GC(305)   Pre Evacuate Collection Set: 0.07ms
[2026-09-07T10:43:40.614+0900][23.937s][info][gc,phases   ] GC(305)   Merge Heap Roots: 0.02ms
[2026-09-07T10:43:40.614+0900][23.937s][info][gc,phases   ] GC(305)   Evacuate Collection Set: 0.29ms
[2026-09-07T10:43:40.614+0900][23.937s][info][gc,phases   ] GC(305)   Post Evacuate Collection Set: 0.11ms
[2026-09-07T10:43:40.614+0900][23.937s][info][gc,phases   ] GC(305)   Other: 0.02ms
[2026-09-07T10:43:40.614+0900][23.937s][info][gc,heap     ] GC(305) Eden regions: 99->0(101)
[2026-09-07T10:43:40.614+0900][23.937s][info][gc,heap     ] GC(305) Survivor regions: 4->2(13)
[2026-09-07T10:43:40.614+0900][23.937s][info][gc,heap     ] GC(305) Old regions: 75->75
[2026-09-07T10:43:40.614+0900][23.937s][info][gc,heap     ] GC(305) Humongous regions: 2->2
[2026-09-07T10:43:40.614+0900][23.937s][info][gc,metaspace] GC(305) Metaspace: 23366K(23872K)->23366K(23872K) NonClass: 20547K(20800K)->20547K(20800K) Class: 2819K(3072K)->2819K(3072K)
[2026-09-07T10:43:40.614+0900][23.937s][info][gc          ] GC(305) Pause Young (Normal) (G1 Evacuation Pause) 358M->156M(380M) 0.585ms
[2026-09-07T10:43:40.614+0900][23.937s][info][gc,cpu      ] GC(305) User=0.01s Sys=0.00s Real=0.00s
[2026-09-07T10:43:40.614+0900][23.937s][info][safepoint   ] Safepoint "G1CollectForAllocation", Time since last: 76177709 ns, Reaching safepoint: 1291 ns, Cleanup: 1959 ns, At safepoint: 599375 ns, Leaving safepoint: 1250 ns, Total: 603875 ns
[2026-09-07T10:43:40.690+0900][24.013s][info][gc,start    ] GC(306) Pause Young (Normal) (G1 Evacuation Pause)
[2026-09-07T10:43:40.690+0900][24.013s][info][gc,task     ] GC(306) Using 9 workers of 9 for evacuation
[2026-09-07T10:43:40.691+0900][24.014s][info][gc,phases   ] GC(306)   Pre Evacuate Collection Set: 0.07ms
[2026-09-07T10:43:40.691+0900][24.014s][info][gc,phases   ] GC(306)   Merge Heap Roots: 0.02ms
[2026-09-07T10:43:40.691+0900][24.014s][info][gc,phases   ] GC(306)   Evacuate Collection Set: 0.41ms
[2026-09-07T10:43:40.691+0900][24.014s][info][gc,phases   ] GC(306)   Post Evacuate Collection Set: 0.11ms
[2026-09-07T10:43:40.691+0900][24.014s][info][gc,phases   ] GC(306)   Other: 0.02ms
[2026-09-07T10:43:40.691+0900][24.014s][info][gc,heap     ] GC(306) Eden regions: 101->0(100)
[2026-09-07T10:43:40.691+0900][24.014s][info][gc,heap     ] GC(306) Survivor regions: 2->3(13)
[2026-09-07T10:43:40.691+0900][24.014s][info][gc,heap     ] GC(306) Old regions: 75->75
[2026-09-07T10:43:40.691+0900][24.014s][info][gc,heap     ] GC(306) Humongous regions: 2->2
[2026-09-07T10:43:40.691+0900][24.014s][info][gc,metaspace] GC(306) Metaspace: 23366K(23872K)->23366K(23872K) NonClass: 20547K(20800K)->20547K(20800K) Class: 2819K(3072K)->2819K(3072K)
[2026-09-07T10:43:40.691+0900][24.014s][info][gc          ] GC(306) Pause Young (Normal) (G1 Evacuation Pause) 358M->157M(380M) 0.698ms
[2026-09-07T10:43:40.691+0900][24.014s][info][gc,cpu      ] GC(306) User=0.01s Sys=0.00s Real=0.00s
[2026-09-07T10:43:40.691+0900][24.014s][info][safepoint   ] Safepoint "G1CollectForAllocation", Time since last: 76613083 ns, Reaching safepoint: 1250 ns, Cleanup: 583 ns, At safepoint: 710625 ns, Leaving safepoint: 917 ns, Total: 713375 ns
[2026-09-07T10:43:40.768+0900][24.091s][info][gc,start    ] GC(307) Pause Young (Normal) (G1 Evacuation Pause)
[2026-09-07T10:43:40.768+0900][24.091s][info][gc,task     ] GC(307) Using 9 workers of 9 for evacuation
[2026-09-07T10:43:40.768+0900][24.091s][info][gc,phases   ] GC(307)   Pre Evacuate Collection Set: 0.08ms
[2026-09-07T10:43:40.768+0900][24.091s][info][gc,phases   ] GC(307)   Merge Heap Roots: 0.04ms
[2026-09-07T10:43:40.768+0900][24.091s][info][gc,phases   ] GC(307)   Evacuate Collection Set: 0.53ms
[2026-09-07T10:43:40.768+0900][24.091s][info][gc,phases   ] GC(307)   Post Evacuate Collection Set: 0.11ms
[2026-09-07T10:43:40.768+0900][24.091s][info][gc,phases   ] GC(307)   Other: 0.02ms
[2026-09-07T10:43:40.769+0900][24.091s][info][gc,heap     ] GC(307) Eden regions: 100->0(99)
[2026-09-07T10:43:40.769+0900][24.091s][info][gc,heap     ] GC(307) Survivor regions: 3->4(13)
[2026-09-07T10:43:40.769+0900][24.091s][info][gc,heap     ] GC(307) Old regions: 75->75
[2026-09-07T10:43:40.769+0900][24.091s][info][gc,heap     ] GC(307) Humongous regions: 2->2
[2026-09-07T10:43:40.769+0900][24.091s][info][gc,metaspace] GC(307) Metaspace: 23366K(23872K)->23366K(23872K) NonClass: 20547K(20800K)->20547K(20800K) Class: 2819K(3072K)->2819K(3072K)
[2026-09-07T10:43:40.769+0900][24.091s][info][gc          ] GC(307) Pause Young (Normal) (G1 Evacuation Pause) 357M->160M(380M) 0.846ms
[2026-09-07T10:43:40.769+0900][24.091s][info][gc,cpu      ] GC(307) User=0.01s Sys=0.00s Real=0.00s
[2026-09-07T10:43:40.769+0900][24.091s][info][safepoint   ] Safepoint "G1CollectForAllocation", Time since last: 76521083 ns, Reaching safepoint: 1334 ns, Cleanup: 791 ns, At safepoint: 860459 ns, Leaving safepoint: 1041 ns, Total: 863625 ns
[2026-09-07T10:43:40.845+0900][24.168s][info][gc,start    ] GC(308) Pause Young (Normal) (G1 Evacuation Pause)
[2026-09-07T10:43:40.846+0900][24.168s][info][gc,task     ] GC(308) Using 9 workers of 9 for evacuation
[2026-09-07T10:43:40.846+0900][24.169s][info][gc,phases   ] GC(308)   Pre Evacuate Collection Set: 0.08ms
[2026-09-07T10:43:40.846+0900][24.169s][info][gc,phases   ] GC(308)   Merge Heap Roots: 0.02ms
[2026-09-07T10:43:40.846+0900][24.169s][info][gc,phases   ] GC(308)   Evacuate Collection Set: 0.26ms
[2026-09-07T10:43:40.846+0900][24.169s][info][gc,phases   ] GC(308)   Post Evacuate Collection Set: 0.11ms
[2026-09-07T10:43:40.846+0900][24.169s][info][gc,phases   ] GC(308)   Other: 0.02ms
[2026-09-07T10:43:40.846+0900][24.169s][info][gc,heap     ] GC(308) Eden regions: 99->0(101)
[2026-09-07T10:43:40.846+0900][24.169s][info][gc,heap     ] GC(308) Survivor regions: 4->2(13)
[2026-09-07T10:43:40.846+0900][24.169s][info][gc,heap     ] GC(308) Old regions: 75->75
[2026-09-07T10:43:40.846+0900][24.169s][info][gc,heap     ] GC(308) Humongous regions: 2->2
[2026-09-07T10:43:40.846+0900][24.169s][info][gc,metaspace] GC(308) Metaspace: 23366K(23872K)->23366K(23872K) NonClass: 20547K(20800K)->20547K(20800K) Class: 2819K(3072K)->2819K(3072K)
[2026-09-07T10:43:40.846+0900][24.169s][info][gc          ] GC(308) Pause Young (Normal) (G1 Evacuation Pause) 358M->155M(380M) 0.544ms
[2026-09-07T10:43:40.846+0900][24.169s][info][gc,cpu      ] GC(308) User=0.01s Sys=0.00s Real=0.00s
[2026-09-07T10:43:40.846+0900][24.169s][info][safepoint   ] Safepoint "G1CollectForAllocation", Time since last: 76934625 ns, Reaching safepoint: 1667 ns, Cleanup: 542 ns, At safepoint: 559958 ns, Leaving safepoint: 958 ns, Total: 563125 ns
[2026-09-07T10:43:40.924+0900][24.247s][info][gc,start    ] GC(309) Pause Young (Normal) (G1 Evacuation Pause)
[2026-09-07T10:43:40.924+0900][24.247s][info][gc,task     ] GC(309) Using 9 workers of 9 for evacuation
[2026-09-07T10:43:40.924+0900][24.247s][info][gc,phases   ] GC(309)   Pre Evacuate Collection Set: 0.07ms
[2026-09-07T10:43:40.924+0900][24.247s][info][gc,phases   ] GC(309)   Merge Heap Roots: 0.04ms
[2026-09-07T10:43:40.924+0900][24.247s][info][gc,phases   ] GC(309)   Evacuate Collection Set: 0.35ms
[2026-09-07T10:43:40.924+0900][24.247s][info][gc,phases   ] GC(309)   Post Evacuate Collection Set: 0.11ms
[2026-09-07T10:43:40.924+0900][24.247s][info][gc,phases   ] GC(309)   Other: 0.02ms
[2026-09-07T10:43:40.924+0900][24.247s][info][gc,heap     ] GC(309) Eden regions: 101->0(101)
[2026-09-07T10:43:40.924+0900][24.247s][info][gc,heap     ] GC(309) Survivor regions: 2->2(13)
[2026-09-07T10:43:40.924+0900][24.247s][info][gc,heap     ] GC(309) Old regions: 75->75
[2026-09-07T10:43:40.924+0900][24.247s][info][gc,heap     ] GC(309) Humongous regions: 2->2
[2026-09-07T10:43:40.924+0900][24.247s][info][gc,metaspace] GC(309) Metaspace: 23366K(23872K)->23366K(23872K) NonClass: 20547K(20800K)->20547K(20800K) Class: 2819K(3072K)->2819K(3072K)
[2026-09-07T10:43:40.924+0900][24.247s][info][gc          ] GC(309) Pause Young (Normal) (G1 Evacuation Pause) 357M->156M(380M) 0.651ms
[2026-09-07T10:43:40.924+0900][24.247s][info][gc,cpu      ] GC(309) User=0.01s Sys=0.00s Real=0.00s
[2026-09-07T10:43:40.924+0900][24.247s][info][safepoint   ] Safepoint "G1CollectForAllocation", Time since last: 77765459 ns, Reaching safepoint: 1375 ns, Cleanup: 625 ns, At safepoint: 663541 ns, Leaving safepoint: 959 ns, Total: 666500 ns
[2026-09-07T10:43:41.003+0900][24.326s][info][gc,start    ] GC(310) Pause Young (Normal) (G1 Evacuation Pause)
[2026-09-07T10:43:41.003+0900][24.326s][info][gc,task     ] GC(310) Using 9 workers of 9 for evacuation
[2026-09-07T10:43:41.004+0900][24.327s][info][gc,phases   ] GC(310)   Pre Evacuate Collection Set: 0.07ms
[2026-09-07T10:43:41.004+0900][24.327s][info][gc,phases   ] GC(310)   Merge Heap Roots: 0.04ms
[2026-09-07T10:43:41.004+0900][24.327s][info][gc,phases   ] GC(310)   Evacuate Collection Set: 0.52ms
[2026-09-07T10:43:41.004+0900][24.327s][info][gc,phases   ] GC(310)   Post Evacuate Collection Set: 0.10ms
[2026-09-07T10:43:41.004+0900][24.327s][info][gc,phases   ] GC(310)   Other: 0.01ms
[2026-09-07T10:43:41.004+0900][24.327s][info][gc,heap     ] GC(310) Eden regions: 101->0(100)
[2026-09-07T10:43:41.004+0900][24.327s][info][gc,heap     ] GC(310) Survivor regions: 2->3(13)
[2026-09-07T10:43:41.004+0900][24.327s][info][gc,heap     ] GC(310) Old regions: 75->75
[2026-09-07T10:43:41.004+0900][24.327s][info][gc,heap     ] GC(310) Humongous regions: 2->2
[2026-09-07T10:43:41.004+0900][24.327s][info][gc,metaspace] GC(310) Metaspace: 23366K(23872K)->23366K(23872K) NonClass: 20547K(20800K)->20547K(20800K) Class: 2819K(3072K)->2819K(3072K)
[2026-09-07T10:43:41.004+0900][24.327s][info][gc          ] GC(310) Pause Young (Normal) (G1 Evacuation Pause) 358M->159M(380M) 0.809ms
[2026-09-07T10:43:41.004+0900][24.327s][info][gc,cpu      ] GC(310) User=0.01s Sys=0.00s Real=0.00s
[2026-09-07T10:43:41.004+0900][24.327s][info][safepoint   ] Safepoint "G1CollectForAllocation", Time since last: 78692958 ns, Reaching safepoint: 1167 ns, Cleanup: 458 ns, At safepoint: 823208 ns, Leaving safepoint: 1042 ns, Total: 825875 ns
[2026-09-07T10:43:41.082+0900][24.405s][info][gc,start    ] GC(311) Pause Young (Normal) (G1 Evacuation Pause)
[2026-09-07T10:43:41.082+0900][24.405s][info][gc,task     ] GC(311) Using 9 workers of 9 for evacuation
[2026-09-07T10:43:41.082+0900][24.405s][info][gc,phases   ] GC(311)   Pre Evacuate Collection Set: 0.08ms
[2026-09-07T10:43:41.082+0900][24.405s][info][gc,phases   ] GC(311)   Merge Heap Roots: 0.03ms
[2026-09-07T10:43:41.082+0900][24.405s][info][gc,phases   ] GC(311)   Evacuate Collection Set: 0.19ms
[2026-09-07T10:43:41.082+0900][24.405s][info][gc,phases   ] GC(311)   Post Evacuate Collection Set: 0.11ms
[2026-09-07T10:43:41.082+0900][24.405s][info][gc,phases   ] GC(311)   Other: 0.01ms
[2026-09-07T10:43:41.082+0900][24.405s][info][gc,heap     ] GC(311) Eden regions: 100->0(102)
[2026-09-07T10:43:41.082+0900][24.405s][info][gc,heap     ] GC(311) Survivor regions: 3->1(13)
[2026-09-07T10:43:41.082+0900][24.405s][info][gc,heap     ] GC(311) Old regions: 75->75
[2026-09-07T10:43:41.082+0900][24.405s][info][gc,heap     ] GC(311) Humongous regions: 2->2
[2026-09-07T10:43:41.082+0900][24.405s][info][gc,metaspace] GC(311) Metaspace: 23366K(23872K)->23366K(23872K) NonClass: 20547K(20800K)->20547K(20800K) Class: 2819K(3072K)->2819K(3072K)
[2026-09-07T10:43:41.082+0900][24.405s][info][gc          ] GC(311) Pause Young (Normal) (G1 Evacuation Pause) 359M->154M(380M) 0.484ms
[2026-09-07T10:43:41.082+0900][24.405s][info][gc,cpu      ] GC(311) User=0.00s Sys=0.00s Real=0.00s
[2026-09-07T10:43:41.082+0900][24.405s][info][safepoint   ] Safepoint "G1CollectForAllocation", Time since last: 77741375 ns, Reaching safepoint: 1042 ns, Cleanup: 833 ns, At safepoint: 496083 ns, Leaving safepoint: 750 ns, Total: 498708 ns
[2026-09-07T10:43:41.160+0900][24.483s][info][gc,start    ] GC(312) Pause Young (Normal) (G1 Evacuation Pause)
[2026-09-07T10:43:41.160+0900][24.483s][info][gc,task     ] GC(312) Using 9 workers of 9 for evacuation
[2026-09-07T10:43:41.161+0900][24.484s][info][gc,phases   ] GC(312)   Pre Evacuate Collection Set: 0.07ms
[2026-09-07T10:43:41.161+0900][24.484s][info][gc,phases   ] GC(312)   Merge Heap Roots: 0.02ms
[2026-09-07T10:43:41.161+0900][24.484s][info][gc,phases   ] GC(312)   Evacuate Collection Set: 0.35ms
[2026-09-07T10:43:41.161+0900][24.484s][info][gc,phases   ] GC(312)   Post Evacuate Collection Set: 0.10ms
[2026-09-07T10:43:41.161+0900][24.484s][info][gc,phases   ] GC(312)   Other: 0.02ms
[2026-09-07T10:43:41.161+0900][24.484s][info][gc,heap     ] GC(312) Eden regions: 102->0(101)
[2026-09-07T10:43:41.161+0900][24.484s][info][gc,heap     ] GC(312) Survivor regions: 1->2(13)
[2026-09-07T10:43:41.161+0900][24.484s][info][gc,heap     ] GC(312) Old regions: 75->75
[2026-09-07T10:43:41.161+0900][24.484s][info][gc,heap     ] GC(312) Humongous regions: 2->2
[2026-09-07T10:43:41.161+0900][24.484s][info][gc,metaspace] GC(312) Metaspace: 23366K(23872K)->23366K(23872K) NonClass: 20547K(20800K)->20547K(20800K) Class: 2819K(3072K)->2819K(3072K)
[2026-09-07T10:43:41.161+0900][24.484s][info][gc          ] GC(312) Pause Young (Normal) (G1 Evacuation Pause) 358M->156M(380M) 0.627ms
[2026-09-07T10:43:41.161+0900][24.484s][info][gc,cpu      ] GC(312) User=0.00s Sys=0.00s Real=0.00s
[2026-09-07T10:43:41.161+0900][24.484s][info][safepoint   ] Safepoint "G1CollectForAllocation", Time since last: 77834334 ns, Reaching safepoint: 916 ns, Cleanup: 334 ns, At safepoint: 640583 ns, Leaving safepoint: 917 ns, Total: 642750 ns
[2026-09-07T10:43:41.238+0900][24.561s][info][gc,start    ] GC(313) Pause Young (Normal) (G1 Evacuation Pause)
[2026-09-07T10:43:41.238+0900][24.561s][info][gc,task     ] GC(313) Using 9 workers of 9 for evacuation
[2026-09-07T10:43:41.238+0900][24.561s][info][gc,phases   ] GC(313)   Pre Evacuate Collection Set: 0.07ms
[2026-09-07T10:43:41.238+0900][24.561s][info][gc,phases   ] GC(313)   Merge Heap Roots: 0.02ms
[2026-09-07T10:43:41.238+0900][24.561s][info][gc,phases   ] GC(313)   Evacuate Collection Set: 0.47ms
[2026-09-07T10:43:41.238+0900][24.561s][info][gc,phases   ] GC(313)   Post Evacuate Collection Set: 0.11ms
[2026-09-07T10:43:41.238+0900][24.561s][info][gc,phases   ] GC(313)   Other: 0.02ms
[2026-09-07T10:43:41.238+0900][24.561s][info][gc,heap     ] GC(313) Eden regions: 101->0(100)
[2026-09-07T10:43:41.238+0900][24.561s][info][gc,heap     ] GC(313) Survivor regions: 2->3(13)
[2026-09-07T10:43:41.238+0900][24.561s][info][gc,heap     ] GC(313) Old regions: 75->75
[2026-09-07T10:43:41.238+0900][24.561s][info][gc,heap     ] GC(313) Humongous regions: 2->2
[2026-09-07T10:43:41.238+0900][24.561s][info][gc,metaspace] GC(313) Metaspace: 23366K(23872K)->23366K(23872K) NonClass: 20547K(20800K)->20547K(20800K) Class: 2819K(3072K)->2819K(3072K)
[2026-09-07T10:43:41.238+0900][24.561s][info][gc          ] GC(313) Pause Young (Normal) (G1 Evacuation Pause) 358M->158M(380M) 0.742ms
[2026-09-07T10:43:41.238+0900][24.561s][info][gc,cpu      ] GC(313) User=0.00s Sys=0.00s Real=0.00s
[2026-09-07T10:43:41.238+0900][24.561s][info][safepoint   ] Safepoint "G1CollectForAllocation", Time since last: 76933166 ns, Reaching safepoint: 1209 ns, Cleanup: 541 ns, At safepoint: 753375 ns, Leaving safepoint: 959 ns, Total: 756084 ns
[2026-09-07T10:43:41.315+0900][24.638s][info][gc,start    ] GC(314) Pause Young (Normal) (G1 Evacuation Pause)
[2026-09-07T10:43:41.315+0900][24.638s][info][gc,task     ] GC(314) Using 9 workers of 9 for evacuation
[2026-09-07T10:43:41.316+0900][24.639s][info][gc,phases   ] GC(314)   Pre Evacuate Collection Set: 0.07ms
[2026-09-07T10:43:41.316+0900][24.639s][info][gc,phases   ] GC(314)   Merge Heap Roots: 0.02ms
[2026-09-07T10:43:41.316+0900][24.639s][info][gc,phases   ] GC(314)   Evacuate Collection Set: 0.59ms
[2026-09-07T10:43:41.316+0900][24.639s][info][gc,phases   ] GC(314)   Post Evacuate Collection Set: 0.11ms
[2026-09-07T10:43:41.316+0900][24.639s][info][gc,phases   ] GC(314)   Other: 0.02ms
[2026-09-07T10:43:41.316+0900][24.639s][info][gc,heap     ] GC(314) Eden regions: 100->0(99)
[2026-09-07T10:43:41.316+0900][24.639s][info][gc,heap     ] GC(314) Survivor regions: 3->4(13)
[2026-09-07T10:43:41.316+0900][24.639s][info][gc,heap     ] GC(314) Old regions: 75->75
[2026-09-07T10:43:41.316+0900][24.639s][info][gc,heap     ] GC(314) Humongous regions: 2->2
[2026-09-07T10:43:41.316+0900][24.639s][info][gc,metaspace] GC(314) Metaspace: 23366K(23872K)->23366K(23872K) NonClass: 20547K(20800K)->20547K(20800K) Class: 2819K(3072K)->2819K(3072K)
[2026-09-07T10:43:41.316+0900][24.639s][info][gc          ] GC(314) Pause Young (Normal) (G1 Evacuation Pause) 358M->160M(380M) 0.868ms
[2026-09-07T10:43:41.316+0900][24.639s][info][gc,cpu      ] GC(314) User=0.00s Sys=0.00s Real=0.00s
[2026-09-07T10:43:41.316+0900][24.639s][info][safepoint   ] Safepoint "G1CollectForAllocation", Time since last: 76838541 ns, Reaching safepoint: 1084 ns, Cleanup: 583 ns, At safepoint: 882000 ns, Leaving safepoint: 917 ns, Total: 884584 ns
[2026-09-07T10:43:41.393+0900][24.716s][info][gc,start    ] GC(315) Pause Young (Normal) (G1 Evacuation Pause)
[2026-09-07T10:43:41.393+0900][24.716s][info][gc,task     ] GC(315) Using 9 workers of 9 for evacuation
[2026-09-07T10:43:41.394+0900][24.717s][info][gc,phases   ] GC(315)   Pre Evacuate Collection Set: 0.07ms
[2026-09-07T10:43:41.394+0900][24.717s][info][gc,phases   ] GC(315)   Merge Heap Roots: 0.02ms
[2026-09-07T10:43:41.394+0900][24.717s][info][gc,phases   ] GC(315)   Evacuate Collection Set: 0.33ms
[2026-09-07T10:43:41.394+0900][24.717s][info][gc,phases   ] GC(315)   Post Evacuate Collection Set: 0.12ms
[2026-09-07T10:43:41.394+0900][24.717s][info][gc,phases   ] GC(315)   Other: 0.02ms
[2026-09-07T10:43:41.394+0900][24.717s][info][gc,heap     ] GC(315) Eden regions: 99->0(101)
[2026-09-07T10:43:41.394+0900][24.717s][info][gc,heap     ] GC(315) Survivor regions: 4->2(13)
[2026-09-07T10:43:41.394+0900][24.717s][info][gc,heap     ] GC(315) Old regions: 75->75
[2026-09-07T10:43:41.394+0900][24.717s][info][gc,heap     ] GC(315) Humongous regions: 2->2
[2026-09-07T10:43:41.394+0900][24.717s][info][gc,metaspace] GC(315) Metaspace: 23366K(23872K)->23366K(23872K) NonClass: 20547K(20800K)->20547K(20800K) Class: 2819K(3072K)->2819K(3072K)
[2026-09-07T10:43:41.394+0900][24.717s][info][gc          ] GC(315) Pause Young (Normal) (G1 Evacuation Pause) 358M->156M(380M) 0.622ms
[2026-09-07T10:43:41.394+0900][24.717s][info][gc,cpu      ] GC(315) User=0.00s Sys=0.00s Real=0.00s
[2026-09-07T10:43:41.394+0900][24.717s][info][safepoint   ] Safepoint "G1CollectForAllocation", Time since last: 77347458 ns, Reaching safepoint: 1500 ns, Cleanup: 500 ns, At safepoint: 635375 ns, Leaving safepoint: 792 ns, Total: 638167 ns
[2026-09-07T10:43:41.471+0900][24.793s][info][gc,start    ] GC(316) Pause Young (Normal) (G1 Evacuation Pause)
[2026-09-07T10:43:41.471+0900][24.793s][info][gc,task     ] GC(316) Using 9 workers of 9 for evacuation
[2026-09-07T10:43:41.471+0900][24.794s][info][gc,phases   ] GC(316)   Pre Evacuate Collection Set: 0.05ms
[2026-09-07T10:43:41.471+0900][24.794s][info][gc,phases   ] GC(316)   Merge Heap Roots: 0.03ms
[2026-09-07T10:43:41.471+0900][24.794s][info][gc,phases   ] GC(316)   Evacuate Collection Set: 0.45ms
[2026-09-07T10:43:41.471+0900][24.794s][info][gc,phases   ] GC(316)   Post Evacuate Collection Set: 0.12ms
[2026-09-07T10:43:41.471+0900][24.794s][info][gc,phases   ] GC(316)   Other: 0.02ms
[2026-09-07T10:43:41.471+0900][24.794s][info][gc,heap     ] GC(316) Eden regions: 101->0(100)
[2026-09-07T10:43:41.471+0900][24.794s][info][gc,heap     ] GC(316) Survivor regions: 2->3(13)
[2026-09-07T10:43:41.471+0900][24.794s][info][gc,heap     ] GC(316) Old regions: 75->75
[2026-09-07T10:43:41.471+0900][24.794s][info][gc,heap     ] GC(316) Humongous regions: 2->2
[2026-09-07T10:43:41.471+0900][24.794s][info][gc,metaspace] GC(316) Metaspace: 23366K(23872K)->23366K(23872K) NonClass: 20547K(20800K)->20547K(20800K) Class: 2819K(3072K)->2819K(3072K)
[2026-09-07T10:43:41.471+0900][24.794s][info][gc          ] GC(316) Pause Young (Normal) (G1 Evacuation Pause) 358M->158M(380M) 0.745ms
[2026-09-07T10:43:41.471+0900][24.794s][info][gc,cpu      ] GC(316) User=0.00s Sys=0.01s Real=0.00s
[2026-09-07T10:43:41.471+0900][24.794s][info][safepoint   ] Safepoint "G1CollectForAllocation", Time since last: 76412208 ns, Reaching safepoint: 1583 ns, Cleanup: 542 ns, At safepoint: 758333 ns, Leaving safepoint: 1625 ns, Total: 762083 ns
[2026-09-07T10:43:41.548+0900][24.871s][info][gc,start    ] GC(317) Pause Young (Normal) (G1 Evacuation Pause)
[2026-09-07T10:43:41.548+0900][24.871s][info][gc,task     ] GC(317) Using 9 workers of 9 for evacuation
[2026-09-07T10:43:41.549+0900][24.871s][info][gc,phases   ] GC(317)   Pre Evacuate Collection Set: 0.07ms
[2026-09-07T10:43:41.549+0900][24.871s][info][gc,phases   ] GC(317)   Merge Heap Roots: 0.02ms
[2026-09-07T10:43:41.549+0900][24.871s][info][gc,phases   ] GC(317)   Evacuate Collection Set: 0.57ms
[2026-09-07T10:43:41.549+0900][24.872s][info][gc,phases   ] GC(317)   Post Evacuate Collection Set: 0.11ms
[2026-09-07T10:43:41.549+0900][24.872s][info][gc,phases   ] GC(317)   Other: 0.01ms
[2026-09-07T10:43:41.549+0900][24.872s][info][gc,heap     ] GC(317) Eden regions: 100->0(99)
[2026-09-07T10:43:41.549+0900][24.872s][info][gc,heap     ] GC(317) Survivor regions: 3->4(13)
[2026-09-07T10:43:41.549+0900][24.872s][info][gc,heap     ] GC(317) Old regions: 75->75
[2026-09-07T10:43:41.549+0900][24.872s][info][gc,heap     ] GC(317) Humongous regions: 2->2
[2026-09-07T10:43:41.549+0900][24.872s][info][gc,metaspace] GC(317) Metaspace: 23366K(23872K)->23366K(23872K) NonClass: 20547K(20800K)->20547K(20800K) Class: 2819K(3072K)->2819K(3072K)
[2026-09-07T10:43:41.549+0900][24.872s][info][gc          ] GC(317) Pause Young (Normal) (G1 Evacuation Pause) 358M->160M(380M) 0.848ms
[2026-09-07T10:43:41.549+0900][24.872s][info][gc,cpu      ] GC(317) User=0.00s Sys=0.00s Real=0.00s
[2026-09-07T10:43:41.549+0900][24.872s][info][safepoint   ] Safepoint "G1CollectForAllocation", Time since last: 76520584 ns, Reaching safepoint: 1250 ns, Cleanup: 625 ns, At safepoint: 862875 ns, Leaving safepoint: 1166 ns, Total: 865916 ns
[2026-09-07T10:43:41.625+0900][24.948s][info][gc,start    ] GC(318) Pause Young (Normal) (G1 Evacuation Pause)
[2026-09-07T10:43:41.625+0900][24.948s][info][gc,task     ] GC(318) Using 9 workers of 9 for evacuation
[2026-09-07T10:43:41.625+0900][24.948s][info][gc,phases   ] GC(318)   Pre Evacuate Collection Set: 0.07ms
[2026-09-07T10:43:41.625+0900][24.948s][info][gc,phases   ] GC(318)   Merge Heap Roots: 0.02ms
[2026-09-07T10:43:41.625+0900][24.948s][info][gc,phases   ] GC(318)   Evacuate Collection Set: 0.28ms
[2026-09-07T10:43:41.625+0900][24.948s][info][gc,phases   ] GC(318)   Post Evacuate Collection Set: 0.10ms
[2026-09-07T10:43:41.625+0900][24.948s][info][gc,phases   ] GC(318)   Other: 0.02ms
[2026-09-07T10:43:41.625+0900][24.948s][info][gc,heap     ] GC(318) Eden regions: 99->0(101)
[2026-09-07T10:43:41.625+0900][24.948s][info][gc,heap     ] GC(318) Survivor regions: 4->2(13)
[2026-09-07T10:43:41.625+0900][24.948s][info][gc,heap     ] GC(318) Old regions: 75->75
[2026-09-07T10:43:41.625+0900][24.948s][info][gc,heap     ] GC(318) Humongous regions: 2->2
[2026-09-07T10:43:41.625+0900][24.948s][info][gc,metaspace] GC(318) Metaspace: 23367K(23872K)->23367K(23872K) NonClass: 20547K(20800K)->20547K(20800K) Class: 2819K(3072K)->2819K(3072K)
[2026-09-07T10:43:41.625+0900][24.948s][info][gc          ] GC(318) Pause Young (Normal) (G1 Evacuation Pause) 358M->156M(380M) 0.562ms
[2026-09-07T10:43:41.625+0900][24.948s][info][gc,cpu      ] GC(318) User=0.00s Sys=0.00s Real=0.00s
[2026-09-07T10:43:41.625+0900][24.948s][info][safepoint   ] Safepoint "G1CollectForAllocation", Time since last: 76251834 ns, Reaching safepoint: 1166 ns, Cleanup: 1917 ns, At safepoint: 576042 ns, Leaving safepoint: 1375 ns, Total: 580500 ns
[2026-09-07T10:43:41.704+0900][25.027s][info][gc,start    ] GC(319) Pause Young (Normal) (G1 Evacuation Pause)
[2026-09-07T10:43:41.704+0900][25.027s][info][gc,task     ] GC(319) Using 9 workers of 9 for evacuation
[2026-09-07T10:43:41.705+0900][25.028s][info][gc,phases   ] GC(319)   Pre Evacuate Collection Set: 0.08ms
[2026-09-07T10:43:41.705+0900][25.028s][info][gc,phases   ] GC(319)   Merge Heap Roots: 0.03ms
[2026-09-07T10:43:41.705+0900][25.028s][info][gc,phases   ] GC(319)   Evacuate Collection Set: 0.43ms
[2026-09-07T10:43:41.705+0900][25.028s][info][gc,phases   ] GC(319)   Post Evacuate Collection Set: 0.11ms
[2026-09-07T10:43:41.705+0900][25.028s][info][gc,phases   ] GC(319)   Other: 0.02ms
[2026-09-07T10:43:41.705+0900][25.028s][info][gc,heap     ] GC(319) Eden regions: 101->0(100)
[2026-09-07T10:43:41.705+0900][25.028s][info][gc,heap     ] GC(319) Survivor regions: 2->3(13)
[2026-09-07T10:43:41.705+0900][25.028s][info][gc,heap     ] GC(319) Old regions: 75->75
[2026-09-07T10:43:41.705+0900][25.028s][info][gc,heap     ] GC(319) Humongous regions: 2->2
[2026-09-07T10:43:41.705+0900][25.028s][info][gc,metaspace] GC(319) Metaspace: 23367K(23872K)->23367K(23872K) NonClass: 20547K(20800K)->20547K(20800K) Class: 2819K(3072K)->2819K(3072K)
[2026-09-07T10:43:41.705+0900][25.028s][info][gc          ] GC(319) Pause Young (Normal) (G1 Evacuation Pause) 358M->158M(380M) 0.736ms
[2026-09-07T10:43:41.705+0900][25.028s][info][gc,cpu      ] GC(319) User=0.00s Sys=0.00s Real=0.00s
[2026-09-07T10:43:41.705+0900][25.028s][info][safepoint   ] Safepoint "G1CollectForAllocation", Time since last: 78775000 ns, Reaching safepoint: 1250 ns, Cleanup: 875 ns, At safepoint: 749291 ns, Leaving safepoint: 1084 ns, Total: 752500 ns
[2026-09-07T10:43:41.781+0900][25.104s][info][gc,start    ] GC(320) Pause Young (Normal) (G1 Evacuation Pause)
[2026-09-07T10:43:41.781+0900][25.104s][info][gc,task     ] GC(320) Using 9 workers of 9 for evacuation
[2026-09-07T10:43:41.782+0900][25.105s][info][gc,phases   ] GC(320)   Pre Evacuate Collection Set: 0.09ms
[2026-09-07T10:43:41.782+0900][25.105s][info][gc,phases   ] GC(320)   Merge Heap Roots: 0.03ms
[2026-09-07T10:43:41.782+0900][25.105s][info][gc,phases   ] GC(320)   Evacuate Collection Set: 0.56ms
[2026-09-07T10:43:41.782+0900][25.105s][info][gc,phases   ] GC(320)   Post Evacuate Collection Set: 0.11ms
[2026-09-07T10:43:41.782+0900][25.105s][info][gc,phases   ] GC(320)   Other: 0.02ms
[2026-09-07T10:43:41.782+0900][25.105s][info][gc,heap     ] GC(320) Eden regions: 100->0(99)
[2026-09-07T10:43:41.782+0900][25.105s][info][gc,heap     ] GC(320) Survivor regions: 3->4(13)
[2026-09-07T10:43:41.782+0900][25.105s][info][gc,heap     ] GC(320) Old regions: 75->75
[2026-09-07T10:43:41.782+0900][25.105s][info][gc,heap     ] GC(320) Humongous regions: 2->2
[2026-09-07T10:43:41.782+0900][25.105s][info][gc,metaspace] GC(320) Metaspace: 23367K(23872K)->23367K(23872K) NonClass: 20547K(20800K)->20547K(20800K) Class: 2819K(3072K)->2819K(3072K)
[2026-09-07T10:43:41.782+0900][25.105s][info][gc          ] GC(320) Pause Young (Normal) (G1 Evacuation Pause) 358M->160M(380M) 0.878ms
[2026-09-07T10:43:41.782+0900][25.105s][info][gc,cpu      ] GC(320) User=0.01s Sys=0.00s Real=0.00s
[2026-09-07T10:43:41.782+0900][25.105s][info][safepoint   ] Safepoint "G1CollectForAllocation", Time since last: 75807041 ns, Reaching safepoint: 1250 ns, Cleanup: 625 ns, At safepoint: 893209 ns, Leaving safepoint: 1250 ns, Total: 896334 ns
[2026-09-07T10:43:41.857+0900][25.180s][info][gc,start    ] GC(321) Pause Young (Normal) (G1 Evacuation Pause)
[2026-09-07T10:43:41.857+0900][25.180s][info][gc,task     ] GC(321) Using 9 workers of 9 for evacuation
[2026-09-07T10:43:41.857+0900][25.180s][info][gc,phases   ] GC(321)   Pre Evacuate Collection Set: 0.07ms
[2026-09-07T10:43:41.857+0900][25.180s][info][gc,phases   ] GC(321)   Merge Heap Roots: 0.02ms
[2026-09-07T10:43:41.857+0900][25.180s][info][gc,phases   ] GC(321)   Evacuate Collection Set: 0.24ms
[2026-09-07T10:43:41.857+0900][25.180s][info][gc,phases   ] GC(321)   Post Evacuate Collection Set: 0.10ms
[2026-09-07T10:43:41.857+0900][25.180s][info][gc,phases   ] GC(321)   Other: 0.02ms
[2026-09-07T10:43:41.857+0900][25.180s][info][gc,heap     ] GC(321) Eden regions: 99->0(101)
[2026-09-07T10:43:41.857+0900][25.180s][info][gc,heap     ] GC(321) Survivor regions: 4->2(13)
[2026-09-07T10:43:41.857+0900][25.180s][info][gc,heap     ] GC(321) Old regions: 75->75
[2026-09-07T10:43:41.857+0900][25.180s][info][gc,heap     ] GC(321) Humongous regions: 2->2
[2026-09-07T10:43:41.857+0900][25.180s][info][gc,metaspace] GC(321) Metaspace: 23367K(23872K)->23367K(23872K) NonClass: 20547K(20800K)->20547K(20800K) Class: 2819K(3072K)->2819K(3072K)
[2026-09-07T10:43:41.857+0900][25.180s][info][gc          ] GC(321) Pause Young (Normal) (G1 Evacuation Pause) 358M->155M(380M) 0.512ms
[2026-09-07T10:43:41.857+0900][25.180s][info][gc,cpu      ] GC(321) User=0.00s Sys=0.00s Real=0.00s
[2026-09-07T10:43:41.857+0900][25.180s][info][safepoint   ] Safepoint "G1CollectForAllocation", Time since last: 75098125 ns, Reaching safepoint: 1375 ns, Cleanup: 750 ns, At safepoint: 525375 ns, Leaving safepoint: 875 ns, Total: 528375 ns
[2026-09-07T10:43:41.936+0900][25.259s][info][gc,start    ] GC(322) Pause Young (Normal) (G1 Evacuation Pause)
[2026-09-07T10:43:41.936+0900][25.259s][info][gc,task     ] GC(322) Using 9 workers of 9 for evacuation
[2026-09-07T10:43:41.937+0900][25.260s][info][gc,phases   ] GC(322)   Pre Evacuate Collection Set: 0.08ms
[2026-09-07T10:43:41.937+0900][25.260s][info][gc,phases   ] GC(322)   Merge Heap Roots: 0.03ms
[2026-09-07T10:43:41.937+0900][25.260s][info][gc,phases   ] GC(322)   Evacuate Collection Set: 0.39ms
[2026-09-07T10:43:41.937+0900][25.260s][info][gc,phases   ] GC(322)   Post Evacuate Collection Set: 0.12ms
[2026-09-07T10:43:41.937+0900][25.260s][info][gc,phases   ] GC(322)   Other: 0.02ms
[2026-09-07T10:43:41.937+0900][25.260s][info][gc,heap     ] GC(322) Eden regions: 101->0(100)
[2026-09-07T10:43:41.937+0900][25.260s][info][gc,heap     ] GC(322) Survivor regions: 2->3(13)
[2026-09-07T10:43:41.937+0900][25.260s][info][gc,heap     ] GC(322) Old regions: 75->75
[2026-09-07T10:43:41.937+0900][25.260s][info][gc,heap     ] GC(322) Humongous regions: 2->2
[2026-09-07T10:43:41.937+0900][25.260s][info][gc,metaspace] GC(322) Metaspace: 23367K(23872K)->23367K(23872K) NonClass: 20547K(20800K)->20547K(20800K) Class: 2819K(3072K)->2819K(3072K)
[2026-09-07T10:43:41.937+0900][25.260s][info][gc          ] GC(322) Pause Young (Normal) (G1 Evacuation Pause) 357M->157M(380M) 0.708ms
[2026-09-07T10:43:41.937+0900][25.260s][info][gc,cpu      ] GC(322) User=0.00s Sys=0.00s Real=0.00s
[2026-09-07T10:43:41.937+0900][25.260s][info][safepoint   ] Safepoint "G1CollectForAllocation", Time since last: 78970458 ns, Reaching safepoint: 1167 ns, Cleanup: 458 ns, At safepoint: 721250 ns, Leaving safepoint: 1167 ns, Total: 724042 ns
[2026-09-07T10:43:42.013+0900][25.336s][info][gc,start    ] GC(323) Pause Young (Normal) (G1 Evacuation Pause)
[2026-09-07T10:43:42.013+0900][25.336s][info][gc,task     ] GC(323) Using 9 workers of 9 for evacuation
[2026-09-07T10:43:42.014+0900][25.337s][info][gc,phases   ] GC(323)   Pre Evacuate Collection Set: 0.05ms
[2026-09-07T10:43:42.014+0900][25.337s][info][gc,phases   ] GC(323)   Merge Heap Roots: 0.04ms
[2026-09-07T10:43:42.014+0900][25.337s][info][gc,phases   ] GC(323)   Evacuate Collection Set: 0.54ms
[2026-09-07T10:43:42.014+0900][25.337s][info][gc,phases   ] GC(323)   Post Evacuate Collection Set: 0.12ms
[2026-09-07T10:43:42.014+0900][25.337s][info][gc,phases   ] GC(323)   Other: 0.02ms
[2026-09-07T10:43:42.014+0900][25.337s][info][gc,heap     ] GC(323) Eden regions: 100->0(99)
[2026-09-07T10:43:42.014+0900][25.337s][info][gc,heap     ] GC(323) Survivor regions: 3->4(13)
[2026-09-07T10:43:42.014+0900][25.337s][info][gc,heap     ] GC(323) Old regions: 75->75
[2026-09-07T10:43:42.014+0900][25.337s][info][gc,heap     ] GC(323) Humongous regions: 2->2
[2026-09-07T10:43:42.014+0900][25.337s][info][gc,metaspace] GC(323) Metaspace: 23367K(23872K)->23367K(23872K) NonClass: 20547K(20800K)->20547K(20800K) Class: 2819K(3072K)->2819K(3072K)
[2026-09-07T10:43:42.014+0900][25.337s][info][gc          ] GC(323) Pause Young (Normal) (G1 Evacuation Pause) 357M->160M(380M) 0.831ms
[2026-09-07T10:43:42.014+0900][25.337s][info][gc,cpu      ] GC(323) User=0.01s Sys=0.00s Real=0.00s
[2026-09-07T10:43:42.014+0900][25.337s][info][safepoint   ] Safepoint "G1CollectForAllocation", Time since last: 76144458 ns, Reaching safepoint: 875 ns, Cleanup: 458 ns, At safepoint: 844834 ns, Leaving safepoint: 833 ns, Total: 847000 ns
[2026-09-07T10:43:42.091+0900][25.414s][info][gc,start    ] GC(324) Pause Young (Normal) (G1 Evacuation Pause)
[2026-09-07T10:43:42.091+0900][25.414s][info][gc,task     ] GC(324) Using 9 workers of 9 for evacuation
[2026-09-07T10:43:42.092+0900][25.414s][info][gc,phases   ] GC(324)   Pre Evacuate Collection Set: 0.07ms
[2026-09-07T10:43:42.092+0900][25.415s][info][gc,phases   ] GC(324)   Merge Heap Roots: 0.02ms
[2026-09-07T10:43:42.092+0900][25.415s][info][gc,phases   ] GC(324)   Evacuate Collection Set: 0.28ms
[2026-09-07T10:43:42.092+0900][25.415s][info][gc,phases   ] GC(324)   Post Evacuate Collection Set: 0.11ms
[2026-09-07T10:43:42.092+0900][25.415s][info][gc,phases   ] GC(324)   Other: 0.02ms
[2026-09-07T10:43:42.092+0900][25.415s][info][gc,heap     ] GC(324) Eden regions: 99->0(101)
[2026-09-07T10:43:42.092+0900][25.415s][info][gc,heap     ] GC(324) Survivor regions: 4->2(13)
[2026-09-07T10:43:42.092+0900][25.415s][info][gc,heap     ] GC(324) Old regions: 75->75
[2026-09-07T10:43:42.092+0900][25.415s][info][gc,heap     ] GC(324) Humongous regions: 2->2
[2026-09-07T10:43:42.092+0900][25.415s][info][gc,metaspace] GC(324) Metaspace: 23367K(23872K)->23367K(23872K) NonClass: 20547K(20800K)->20547K(20800K) Class: 2819K(3072K)->2819K(3072K)
[2026-09-07T10:43:42.092+0900][25.415s][info][gc          ] GC(324) Pause Young (Normal) (G1 Evacuation Pause) 358M->156M(380M) 0.561ms
[2026-09-07T10:43:42.092+0900][25.415s][info][gc,cpu      ] GC(324) User=0.00s Sys=0.00s Real=0.00s
[2026-09-07T10:43:42.092+0900][25.415s][info][safepoint   ] Safepoint "G1CollectForAllocation", Time since last: 77064417 ns, Reaching safepoint: 875 ns, Cleanup: 1000 ns, At safepoint: 572833 ns, Leaving safepoint: 792 ns, Total: 575500 ns
[2026-09-07T10:43:42.171+0900][25.494s][info][gc,start    ] GC(325) Pause Young (Normal) (G1 Evacuation Pause)
[2026-09-07T10:43:42.171+0900][25.494s][info][gc,task     ] GC(325) Using 9 workers of 9 for evacuation
[2026-09-07T10:43:42.172+0900][25.494s][info][gc,phases   ] GC(325)   Pre Evacuate Collection Set: 0.07ms
[2026-09-07T10:43:42.172+0900][25.494s][info][gc,phases   ] GC(325)   Merge Heap Roots: 0.03ms
[2026-09-07T10:43:42.172+0900][25.494s][info][gc,phases   ] GC(325)   Evacuate Collection Set: 0.41ms
[2026-09-07T10:43:42.172+0900][25.494s][info][gc,phases   ] GC(325)   Post Evacuate Collection Set: 0.11ms
[2026-09-07T10:43:42.172+0900][25.494s][info][gc,phases   ] GC(325)   Other: 0.02ms
[2026-09-07T10:43:42.172+0900][25.494s][info][gc,heap     ] GC(325) Eden regions: 101->0(100)
[2026-09-07T10:43:42.172+0900][25.494s][info][gc,heap     ] GC(325) Survivor regions: 2->3(13)
[2026-09-07T10:43:42.172+0900][25.494s][info][gc,heap     ] GC(325) Old regions: 75->75
[2026-09-07T10:43:42.172+0900][25.494s][info][gc,heap     ] GC(325) Humongous regions: 2->2
[2026-09-07T10:43:42.172+0900][25.494s][info][gc,metaspace] GC(325) Metaspace: 23367K(23872K)->23367K(23872K) NonClass: 20547K(20800K)->20547K(20800K) Class: 2819K(3072K)->2819K(3072K)
[2026-09-07T10:43:42.172+0900][25.494s][info][gc          ] GC(325) Pause Young (Normal) (G1 Evacuation Pause) 358M->158M(380M) 0.709ms
[2026-09-07T10:43:42.172+0900][25.494s][info][gc,cpu      ] GC(325) User=0.01s Sys=0.00s Real=0.00s
[2026-09-07T10:43:42.172+0900][25.495s][info][safepoint   ] Safepoint "G1CollectForAllocation", Time since last: 79225750 ns, Reaching safepoint: 1250 ns, Cleanup: 500 ns, At safepoint: 722666 ns, Leaving safepoint: 1167 ns, Total: 725583 ns
[2026-09-07T10:43:42.248+0900][25.571s][info][gc,start    ] GC(326) Pause Young (Normal) (G1 Evacuation Pause)
[2026-09-07T10:43:42.248+0900][25.571s][info][gc,task     ] GC(326) Using 9 workers of 9 for evacuation
[2026-09-07T10:43:42.249+0900][25.572s][info][gc,phases   ] GC(326)   Pre Evacuate Collection Set: 0.07ms
[2026-09-07T10:43:42.249+0900][25.572s][info][gc,phases   ] GC(326)   Merge Heap Roots: 0.02ms
[2026-09-07T10:43:42.249+0900][25.572s][info][gc,phases   ] GC(326)   Evacuate Collection Set: 0.55ms
[2026-09-07T10:43:42.249+0900][25.572s][info][gc,phases   ] GC(326)   Post Evacuate Collection Set: 0.11ms
[2026-09-07T10:43:42.249+0900][25.572s][info][gc,phases   ] GC(326)   Other: 0.02ms
[2026-09-07T10:43:42.249+0900][25.572s][info][gc,heap     ] GC(326) Eden regions: 100->0(99)
[2026-09-07T10:43:42.249+0900][25.572s][info][gc,heap     ] GC(326) Survivor regions: 3->4(13)
[2026-09-07T10:43:42.249+0900][25.572s][info][gc,heap     ] GC(326) Old regions: 75->75
[2026-09-07T10:43:42.249+0900][25.572s][info][gc,heap     ] GC(326) Humongous regions: 2->2
[2026-09-07T10:43:42.249+0900][25.572s][info][gc,metaspace] GC(326) Metaspace: 23367K(23872K)->23367K(23872K) NonClass: 20547K(20800K)->20547K(20800K) Class: 2819K(3072K)->2819K(3072K)
[2026-09-07T10:43:42.249+0900][25.572s][info][gc          ] GC(326) Pause Young (Normal) (G1 Evacuation Pause) 358M->160M(380M) 0.835ms
[2026-09-07T10:43:42.249+0900][25.572s][info][gc,cpu      ] GC(326) User=0.01s Sys=0.00s Real=0.00s
[2026-09-07T10:43:42.249+0900][25.572s][info][safepoint   ] Safepoint "G1CollectForAllocation", Time since last: 76648958 ns, Reaching safepoint: 792 ns, Cleanup: 750 ns, At safepoint: 848583 ns, Leaving safepoint: 750 ns, Total: 850875 ns
[2026-09-07T10:43:42.326+0900][25.649s][info][gc,start    ] GC(327) Pause Young (Normal) (G1 Evacuation Pause)
[2026-09-07T10:43:42.326+0900][25.649s][info][gc,task     ] GC(327) Using 9 workers of 9 for evacuation
[2026-09-07T10:43:42.326+0900][25.649s][info][gc,phases   ] GC(327)   Pre Evacuate Collection Set: 0.10ms
[2026-09-07T10:43:42.326+0900][25.649s][info][gc,phases   ] GC(327)   Merge Heap Roots: 0.03ms
[2026-09-07T10:43:42.326+0900][25.649s][info][gc,phases   ] GC(327)   Evacuate Collection Set: 0.27ms
[2026-09-07T10:43:42.326+0900][25.649s][info][gc,phases   ] GC(327)   Post Evacuate Collection Set: 0.12ms
[2026-09-07T10:43:42.326+0900][25.649s][info][gc,phases   ] GC(327)   Other: 0.02ms
[2026-09-07T10:43:42.326+0900][25.649s][info][gc,heap     ] GC(327) Eden regions: 99->0(101)
[2026-09-07T10:43:42.326+0900][25.649s][info][gc,heap     ] GC(327) Survivor regions: 4->2(13)
[2026-09-07T10:43:42.326+0900][25.649s][info][gc,heap     ] GC(327) Old regions: 75->75
[2026-09-07T10:43:42.326+0900][25.649s][info][gc,heap     ] GC(327) Humongous regions: 2->2
[2026-09-07T10:43:42.326+0900][25.649s][info][gc,metaspace] GC(327) Metaspace: 23367K(23872K)->23367K(23872K) NonClass: 20547K(20800K)->20547K(20800K) Class: 2819K(3072K)->2819K(3072K)
[2026-09-07T10:43:42.326+0900][25.649s][info][gc          ] GC(327) Pause Young (Normal) (G1 Evacuation Pause) 358M->156M(380M) 0.602ms
[2026-09-07T10:43:42.326+0900][25.649s][info][gc,cpu      ] GC(327) User=0.01s Sys=0.00s Real=0.00s
[2026-09-07T10:43:42.326+0900][25.649s][info][safepoint   ] Safepoint "G1CollectForAllocation", Time since last: 76503792 ns, Reaching safepoint: 1000 ns, Cleanup: 500 ns, At safepoint: 615000 ns, Leaving safepoint: 792 ns, Total: 617292 ns
[2026-09-07T10:43:42.403+0900][25.726s][info][gc,start    ] GC(328) Pause Young (Normal) (G1 Evacuation Pause)
[2026-09-07T10:43:42.403+0900][25.726s][info][gc,task     ] GC(328) Using 9 workers of 9 for evacuation
[2026-09-07T10:43:42.404+0900][25.727s][info][gc,phases   ] GC(328)   Pre Evacuate Collection Set: 0.07ms
[2026-09-07T10:43:42.404+0900][25.727s][info][gc,phases   ] GC(328)   Merge Heap Roots: 0.03ms
[2026-09-07T10:43:42.404+0900][25.727s][info][gc,phases   ] GC(328)   Evacuate Collection Set: 0.40ms
[2026-09-07T10:43:42.404+0900][25.727s][info][gc,phases   ] GC(328)   Post Evacuate Collection Set: 0.11ms
[2026-09-07T10:43:42.404+0900][25.727s][info][gc,phases   ] GC(328)   Other: 0.02ms
[2026-09-07T10:43:42.404+0900][25.727s][info][gc,heap     ] GC(328) Eden regions: 101->0(100)
[2026-09-07T10:43:42.404+0900][25.727s][info][gc,heap     ] GC(328) Survivor regions: 2->3(13)
[2026-09-07T10:43:42.404+0900][25.727s][info][gc,heap     ] GC(328) Old regions: 75->75
[2026-09-07T10:43:42.404+0900][25.727s][info][gc,heap     ] GC(328) Humongous regions: 2->2
[2026-09-07T10:43:42.404+0900][25.727s][info][gc,metaspace] GC(328) Metaspace: 23367K(23872K)->23367K(23872K) NonClass: 20547K(20800K)->20547K(20800K) Class: 2819K(3072K)->2819K(3072K)
[2026-09-07T10:43:42.404+0900][25.727s][info][gc          ] GC(328) Pause Young (Normal) (G1 Evacuation Pause) 358M->158M(380M) 0.697ms
[2026-09-07T10:43:42.404+0900][25.727s][info][gc,cpu      ] GC(328) User=0.01s Sys=0.00s Real=0.00s
[2026-09-07T10:43:42.404+0900][25.727s][info][safepoint   ] Safepoint "G1CollectForAllocation", Time since last: 76825333 ns, Reaching safepoint: 1542 ns, Cleanup: 1041 ns, At safepoint: 711875 ns, Leaving safepoint: 834 ns, Total: 715292 ns
[2026-09-07T10:43:42.480+0900][25.803s][info][gc,start    ] GC(329) Pause Young (Normal) (G1 Evacuation Pause)
[2026-09-07T10:43:42.480+0900][25.803s][info][gc,task     ] GC(329) Using 9 workers of 9 for evacuation
[2026-09-07T10:43:42.481+0900][25.804s][info][gc,phases   ] GC(329)   Pre Evacuate Collection Set: 0.06ms
[2026-09-07T10:43:42.481+0900][25.804s][info][gc,phases   ] GC(329)   Merge Heap Roots: 0.02ms
[2026-09-07T10:43:42.481+0900][25.804s][info][gc,phases   ] GC(329)   Evacuate Collection Set: 0.56ms
[2026-09-07T10:43:42.481+0900][25.804s][info][gc,phases   ] GC(329)   Post Evacuate Collection Set: 0.11ms
[2026-09-07T10:43:42.481+0900][25.804s][info][gc,phases   ] GC(329)   Other: 0.02ms
[2026-09-07T10:43:42.481+0900][25.804s][info][gc,heap     ] GC(329) Eden regions: 100->0(99)
[2026-09-07T10:43:42.481+0900][25.804s][info][gc,heap     ] GC(329) Survivor regions: 3->4(13)
[2026-09-07T10:43:42.481+0900][25.804s][info][gc,heap     ] GC(329) Old regions: 75->75
[2026-09-07T10:43:42.481+0900][25.804s][info][gc,heap     ] GC(329) Humongous regions: 2->2
[2026-09-07T10:43:42.481+0900][25.804s][info][gc,metaspace] GC(329) Metaspace: 23367K(23872K)->23367K(23872K) NonClass: 20547K(20800K)->20547K(20800K) Class: 2819K(3072K)->2819K(3072K)
[2026-09-07T10:43:42.481+0900][25.804s][info][gc          ] GC(329) Pause Young (Normal) (G1 Evacuation Pause) 358M->160M(380M) 0.842ms
[2026-09-07T10:43:42.481+0900][25.804s][info][gc,cpu      ] GC(329) User=0.01s Sys=0.01s Real=0.00s
[2026-09-07T10:43:42.481+0900][25.804s][info][safepoint   ] Safepoint "G1CollectForAllocation", Time since last: 76437875 ns, Reaching safepoint: 1000 ns, Cleanup: 333 ns, At safepoint: 855500 ns, Leaving safepoint: 792 ns, Total: 857625 ns
[2026-09-07T10:43:42.557+0900][25.880s][info][gc,start    ] GC(330) Pause Young (Normal) (G1 Evacuation Pause)
[2026-09-07T10:43:42.557+0900][25.880s][info][gc,task     ] GC(330) Using 9 workers of 9 for evacuation
[2026-09-07T10:43:42.558+0900][25.881s][info][gc,phases   ] GC(330)   Pre Evacuate Collection Set: 0.07ms
[2026-09-07T10:43:42.558+0900][25.881s][info][gc,phases   ] GC(330)   Merge Heap Roots: 0.02ms
[2026-09-07T10:43:42.558+0900][25.881s][info][gc,phases   ] GC(330)   Evacuate Collection Set: 0.24ms
[2026-09-07T10:43:42.558+0900][25.881s][info][gc,phases   ] GC(330)   Post Evacuate Collection Set: 0.10ms
[2026-09-07T10:43:42.558+0900][25.881s][info][gc,phases   ] GC(330)   Other: 0.02ms
[2026-09-07T10:43:42.558+0900][25.881s][info][gc,heap     ] GC(330) Eden regions: 99->0(101)
[2026-09-07T10:43:42.558+0900][25.881s][info][gc,heap     ] GC(330) Survivor regions: 4->2(13)
[2026-09-07T10:43:42.558+0900][25.881s][info][gc,heap     ] GC(330) Old regions: 75->75
[2026-09-07T10:43:42.558+0900][25.881s][info][gc,heap     ] GC(330) Humongous regions: 2->2
[2026-09-07T10:43:42.558+0900][25.881s][info][gc,metaspace] GC(330) Metaspace: 23367K(23872K)->23367K(23872K) NonClass: 20547K(20800K)->20547K(20800K) Class: 2819K(3072K)->2819K(3072K)
[2026-09-07T10:43:42.558+0900][25.881s][info][gc          ] GC(330) Pause Young (Normal) (G1 Evacuation Pause) 358M->155M(380M) 0.519ms
[2026-09-07T10:43:42.558+0900][25.881s][info][gc,cpu      ] GC(330) User=0.01s Sys=0.00s Real=0.00s
[2026-09-07T10:43:42.558+0900][25.881s][info][safepoint   ] Safepoint "G1CollectForAllocation", Time since last: 76242541 ns, Reaching safepoint: 1000 ns, Cleanup: 792 ns, At safepoint: 532333 ns, Leaving safepoint: 792 ns, Total: 534917 ns
[2026-09-07T10:43:42.635+0900][25.958s][info][gc,start    ] GC(331) Pause Young (Normal) (G1 Evacuation Pause)
[2026-09-07T10:43:42.635+0900][25.958s][info][gc,task     ] GC(331) Using 9 workers of 9 for evacuation
[2026-09-07T10:43:42.636+0900][25.958s][info][gc,phases   ] GC(331)   Pre Evacuate Collection Set: 0.07ms
[2026-09-07T10:43:42.636+0900][25.958s][info][gc,phases   ] GC(331)   Merge Heap Roots: 0.02ms
[2026-09-07T10:43:42.636+0900][25.958s][info][gc,phases   ] GC(331)   Evacuate Collection Set: 0.40ms
[2026-09-07T10:43:42.636+0900][25.958s][info][gc,phases   ] GC(331)   Post Evacuate Collection Set: 0.12ms
[2026-09-07T10:43:42.636+0900][25.958s][info][gc,phases   ] GC(331)   Other: 0.02ms
[2026-09-07T10:43:42.636+0900][25.958s][info][gc,heap     ] GC(331) Eden regions: 101->0(100)
[2026-09-07T10:43:42.636+0900][25.958s][info][gc,heap     ] GC(331) Survivor regions: 2->3(13)
[2026-09-07T10:43:42.636+0900][25.958s][info][gc,heap     ] GC(331) Old regions: 75->75
[2026-09-07T10:43:42.636+0900][25.958s][info][gc,heap     ] GC(331) Humongous regions: 2->2
[2026-09-07T10:43:42.636+0900][25.958s][info][gc,metaspace] GC(331) Metaspace: 23367K(23872K)->23367K(23872K) NonClass: 20547K(20800K)->20547K(20800K) Class: 2819K(3072K)->2819K(3072K)
[2026-09-07T10:43:42.636+0900][25.958s][info][gc          ] GC(331) Pause Young (Normal) (G1 Evacuation Pause) 357M->157M(380M) 0.703ms
[2026-09-07T10:43:42.636+0900][25.958s][info][gc,cpu      ] GC(331) User=0.01s Sys=0.00s Real=0.00s
[2026-09-07T10:43:42.636+0900][25.958s][info][safepoint   ] Safepoint "G1CollectForAllocation", Time since last: 76991625 ns, Reaching safepoint: 917 ns, Cleanup: 1166 ns, At safepoint: 716167 ns, Leaving safepoint: 875 ns, Total: 719125 ns
[2026-09-07T10:43:42.712+0900][26.035s][info][gc,start    ] GC(332) Pause Young (Normal) (G1 Evacuation Pause)
[2026-09-07T10:43:42.712+0900][26.035s][info][gc,task     ] GC(332) Using 9 workers of 9 for evacuation
[2026-09-07T10:43:42.713+0900][26.036s][info][gc,phases   ] GC(332)   Pre Evacuate Collection Set: 0.08ms
[2026-09-07T10:43:42.713+0900][26.036s][info][gc,phases   ] GC(332)   Merge Heap Roots: 0.04ms
[2026-09-07T10:43:42.713+0900][26.036s][info][gc,phases   ] GC(332)   Evacuate Collection Set: 0.55ms
[2026-09-07T10:43:42.713+0900][26.036s][info][gc,phases   ] GC(332)   Post Evacuate Collection Set: 0.12ms
[2026-09-07T10:43:42.713+0900][26.036s][info][gc,phases   ] GC(332)   Other: 0.02ms
[2026-09-07T10:43:42.713+0900][26.036s][info][gc,heap     ] GC(332) Eden regions: 100->0(99)
[2026-09-07T10:43:42.713+0900][26.036s][info][gc,heap     ] GC(332) Survivor regions: 3->4(13)
[2026-09-07T10:43:42.713+0900][26.036s][info][gc,heap     ] GC(332) Old regions: 75->75
[2026-09-07T10:43:42.713+0900][26.036s][info][gc,heap     ] GC(332) Humongous regions: 2->2
[2026-09-07T10:43:42.713+0900][26.036s][info][gc,metaspace] GC(332) Metaspace: 23367K(23872K)->23367K(23872K) NonClass: 20547K(20800K)->20547K(20800K) Class: 2819K(3072K)->2819K(3072K)
[2026-09-07T10:43:42.713+0900][26.036s][info][gc          ] GC(332) Pause Young (Normal) (G1 Evacuation Pause) 357M->160M(380M) 0.865ms
[2026-09-07T10:43:42.713+0900][26.036s][info][gc,cpu      ] GC(332) User=0.01s Sys=0.00s Real=0.00s
[2026-09-07T10:43:42.713+0900][26.036s][info][safepoint   ] Safepoint "G1CollectForAllocation", Time since last: 76633958 ns, Reaching safepoint: 1042 ns, Cleanup: 375 ns, At safepoint: 878417 ns, Leaving safepoint: 1166 ns, Total: 881000 ns
[2026-09-07T10:43:42.789+0900][26.112s][info][gc,start    ] GC(333) Pause Young (Normal) (G1 Evacuation Pause)
[2026-09-07T10:43:42.789+0900][26.112s][info][gc,task     ] GC(333) Using 9 workers of 9 for evacuation
[2026-09-07T10:43:42.790+0900][26.112s][info][gc,phases   ] GC(333)   Pre Evacuate Collection Set: 0.07ms
[2026-09-07T10:43:42.790+0900][26.112s][info][gc,phases   ] GC(333)   Merge Heap Roots: 0.02ms
[2026-09-07T10:43:42.790+0900][26.112s][info][gc,phases   ] GC(333)   Evacuate Collection Set: 0.27ms
[2026-09-07T10:43:42.790+0900][26.112s][info][gc,phases   ] GC(333)   Post Evacuate Collection Set: 0.11ms
[2026-09-07T10:43:42.790+0900][26.112s][info][gc,phases   ] GC(333)   Other: 0.02ms
[2026-09-07T10:43:42.790+0900][26.112s][info][gc,heap     ] GC(333) Eden regions: 99->0(101)
[2026-09-07T10:43:42.790+0900][26.112s][info][gc,heap     ] GC(333) Survivor regions: 4->2(13)
[2026-09-07T10:43:42.790+0900][26.112s][info][gc,heap     ] GC(333) Old regions: 75->75
[2026-09-07T10:43:42.790+0900][26.112s][info][gc,heap     ] GC(333) Humongous regions: 2->2
[2026-09-07T10:43:42.790+0900][26.112s][info][gc,metaspace] GC(333) Metaspace: 23367K(23872K)->23367K(23872K) NonClass: 20547K(20800K)->20547K(20800K) Class: 2819K(3072K)->2819K(3072K)
[2026-09-07T10:43:42.790+0900][26.112s][info][gc          ] GC(333) Pause Young (Normal) (G1 Evacuation Pause) 358M->156M(380M) 0.556ms
[2026-09-07T10:43:42.790+0900][26.112s][info][gc,cpu      ] GC(333) User=0.01s Sys=0.00s Real=0.01s
[2026-09-07T10:43:42.790+0900][26.112s][info][safepoint   ] Safepoint "G1CollectForAllocation", Time since last: 75904959 ns, Reaching safepoint: 1625 ns, Cleanup: 541 ns, At safepoint: 570584 ns, Leaving safepoint: 1000 ns, Total: 573750 ns
[2026-09-07T10:43:42.867+0900][26.190s][info][gc,start    ] GC(334) Pause Young (Normal) (G1 Evacuation Pause)
[2026-09-07T10:43:42.867+0900][26.190s][info][gc,task     ] GC(334) Using 9 workers of 9 for evacuation
[2026-09-07T10:43:42.868+0900][26.191s][info][gc,phases   ] GC(334)   Pre Evacuate Collection Set: 0.06ms
[2026-09-07T10:43:42.868+0900][26.191s][info][gc,phases   ] GC(334)   Merge Heap Roots: 0.04ms
[2026-09-07T10:43:42.868+0900][26.191s][info][gc,phases   ] GC(334)   Evacuate Collection Set: 0.42ms
[2026-09-07T10:43:42.868+0900][26.191s][info][gc,phases   ] GC(334)   Post Evacuate Collection Set: 0.12ms
[2026-09-07T10:43:42.868+0900][26.191s][info][gc,phases   ] GC(334)   Other: 0.02ms
[2026-09-07T10:43:42.868+0900][26.191s][info][gc,heap     ] GC(334) Eden regions: 101->0(100)
[2026-09-07T10:43:42.868+0900][26.191s][info][gc,heap     ] GC(334) Survivor regions: 2->3(13)
[2026-09-07T10:43:42.868+0900][26.191s][info][gc,heap     ] GC(334) Old regions: 75->75
[2026-09-07T10:43:42.868+0900][26.191s][info][gc,heap     ] GC(334) Humongous regions: 2->2
[2026-09-07T10:43:42.868+0900][26.191s][info][gc,metaspace] GC(334) Metaspace: 23367K(23872K)->23367K(23872K) NonClass: 20547K(20800K)->20547K(20800K) Class: 2819K(3072K)->2819K(3072K)
[2026-09-07T10:43:42.868+0900][26.191s][info][gc          ] GC(334) Pause Young (Normal) (G1 Evacuation Pause) 358M->158M(380M) 0.739ms
[2026-09-07T10:43:42.868+0900][26.191s][info][gc,cpu      ] GC(334) User=0.01s Sys=0.00s Real=0.00s
[2026-09-07T10:43:42.868+0900][26.191s][info][safepoint   ] Safepoint "G1CollectForAllocation", Time since last: 77446041 ns, Reaching safepoint: 1209 ns, Cleanup: 708 ns, At safepoint: 753500 ns, Leaving safepoint: 875 ns, Total: 756292 ns
[2026-09-07T10:43:42.944+0900][26.267s][info][gc,start    ] GC(335) Pause Young (Normal) (G1 Evacuation Pause)
[2026-09-07T10:43:42.944+0900][26.267s][info][gc,task     ] GC(335) Using 9 workers of 9 for evacuation
[2026-09-07T10:43:42.945+0900][26.268s][info][gc,phases   ] GC(335)   Pre Evacuate Collection Set: 0.07ms
[2026-09-07T10:43:42.945+0900][26.268s][info][gc,phases   ] GC(335)   Merge Heap Roots: 0.02ms
[2026-09-07T10:43:42.945+0900][26.268s][info][gc,phases   ] GC(335)   Evacuate Collection Set: 0.59ms
[2026-09-07T10:43:42.945+0900][26.268s][info][gc,phases   ] GC(335)   Post Evacuate Collection Set: 0.11ms
[2026-09-07T10:43:42.945+0900][26.268s][info][gc,phases   ] GC(335)   Other: 0.02ms
[2026-09-07T10:43:42.945+0900][26.268s][info][gc,heap     ] GC(335) Eden regions: 100->0(99)
[2026-09-07T10:43:42.945+0900][26.268s][info][gc,heap     ] GC(335) Survivor regions: 3->4(13)
[2026-09-07T10:43:42.945+0900][26.268s][info][gc,heap     ] GC(335) Old regions: 75->75
[2026-09-07T10:43:42.945+0900][26.268s][info][gc,heap     ] GC(335) Humongous regions: 2->2
[2026-09-07T10:43:42.945+0900][26.268s][info][gc,metaspace] GC(335) Metaspace: 23367K(23872K)->23367K(23872K) NonClass: 20547K(20800K)->20547K(20800K) Class: 2819K(3072K)->2819K(3072K)
[2026-09-07T10:43:42.945+0900][26.268s][info][gc          ] GC(335) Pause Young (Normal) (G1 Evacuation Pause) 358M->160M(380M) 0.890ms
[2026-09-07T10:43:42.945+0900][26.268s][info][gc,cpu      ] GC(335) User=0.01s Sys=0.00s Real=0.00s
[2026-09-07T10:43:42.945+0900][26.268s][info][safepoint   ] Safepoint "G1CollectForAllocation", Time since last: 76351833 ns, Reaching safepoint: 1209 ns, Cleanup: 958 ns, At safepoint: 904958 ns, Leaving safepoint: 1042 ns, Total: 908167 ns
[2026-09-07T10:43:43.022+0900][26.345s][info][gc,start    ] GC(336) Pause Young (Normal) (G1 Evacuation Pause)
[2026-09-07T10:43:43.022+0900][26.345s][info][gc,task     ] GC(336) Using 9 workers of 9 for evacuation
[2026-09-07T10:43:43.023+0900][26.345s][info][gc,phases   ] GC(336)   Pre Evacuate Collection Set: 0.07ms
[2026-09-07T10:43:43.023+0900][26.345s][info][gc,phases   ] GC(336)   Merge Heap Roots: 0.02ms
[2026-09-07T10:43:43.023+0900][26.345s][info][gc,phases   ] GC(336)   Evacuate Collection Set: 0.30ms
[2026-09-07T10:43:43.023+0900][26.345s][info][gc,phases   ] GC(336)   Post Evacuate Collection Set: 0.11ms
[2026-09-07T10:43:43.023+0900][26.345s][info][gc,phases   ] GC(336)   Other: 0.02ms
[2026-09-07T10:43:43.023+0900][26.345s][info][gc,heap     ] GC(336) Eden regions: 99->0(101)
[2026-09-07T10:43:43.023+0900][26.345s][info][gc,heap     ] GC(336) Survivor regions: 4->2(13)
[2026-09-07T10:43:43.023+0900][26.345s][info][gc,heap     ] GC(336) Old regions: 75->75
[2026-09-07T10:43:43.023+0900][26.345s][info][gc,heap     ] GC(336) Humongous regions: 2->2
[2026-09-07T10:43:43.023+0900][26.345s][info][gc,metaspace] GC(336) Metaspace: 23367K(23872K)->23367K(23872K) NonClass: 20547K(20800K)->20547K(20800K) Class: 2819K(3072K)->2819K(3072K)
[2026-09-07T10:43:43.023+0900][26.345s][info][gc          ] GC(336) Pause Young (Normal) (G1 Evacuation Pause) 358M->156M(380M) 0.588ms
[2026-09-07T10:43:43.023+0900][26.345s][info][gc,cpu      ] GC(336) User=0.00s Sys=0.00s Real=0.00s
[2026-09-07T10:43:43.023+0900][26.346s][info][safepoint   ] Safepoint "G1CollectForAllocation", Time since last: 76995042 ns, Reaching safepoint: 1166 ns, Cleanup: 375 ns, At safepoint: 602334 ns, Leaving safepoint: 1000 ns, Total: 604875 ns
[2026-09-07T10:43:43.099+0900][26.422s][info][gc,start    ] GC(337) Pause Young (Normal) (G1 Evacuation Pause)
[2026-09-07T10:43:43.099+0900][26.422s][info][gc,task     ] GC(337) Using 9 workers of 9 for evacuation
[2026-09-07T10:43:43.100+0900][26.423s][info][gc,phases   ] GC(337)   Pre Evacuate Collection Set: 0.08ms
[2026-09-07T10:43:43.100+0900][26.423s][info][gc,phases   ] GC(337)   Merge Heap Roots: 0.04ms
[2026-09-07T10:43:43.100+0900][26.423s][info][gc,phases   ] GC(337)   Evacuate Collection Set: 0.46ms
[2026-09-07T10:43:43.100+0900][26.423s][info][gc,phases   ] GC(337)   Post Evacuate Collection Set: 0.12ms
[2026-09-07T10:43:43.100+0900][26.423s][info][gc,phases   ] GC(337)   Other: 0.02ms
[2026-09-07T10:43:43.100+0900][26.423s][info][gc,heap     ] GC(337) Eden regions: 101->0(100)
[2026-09-07T10:43:43.100+0900][26.423s][info][gc,heap     ] GC(337) Survivor regions: 2->3(13)
[2026-09-07T10:43:43.100+0900][26.423s][info][gc,heap     ] GC(337) Old regions: 75->75
[2026-09-07T10:43:43.100+0900][26.423s][info][gc,heap     ] GC(337) Humongous regions: 2->2
[2026-09-07T10:43:43.100+0900][26.423s][info][gc,metaspace] GC(337) Metaspace: 23367K(23872K)->23367K(23872K) NonClass: 20547K(20800K)->20547K(20800K) Class: 2819K(3072K)->2819K(3072K)
[2026-09-07T10:43:43.100+0900][26.423s][info][gc          ] GC(337) Pause Young (Normal) (G1 Evacuation Pause) 358M->158M(380M) 0.772ms
[2026-09-07T10:43:43.100+0900][26.423s][info][gc,cpu      ] GC(337) User=0.01s Sys=0.00s Real=0.01s
[2026-09-07T10:43:43.100+0900][26.423s][info][safepoint   ] Safepoint "G1CollectForAllocation", Time since last: 76515666 ns, Reaching safepoint: 1250 ns, Cleanup: 459 ns, At safepoint: 786125 ns, Leaving safepoint: 875 ns, Total: 788709 ns
[2026-09-07T10:43:43.176+0900][26.499s][info][gc,start    ] GC(338) Pause Young (Normal) (G1 Evacuation Pause)
[2026-09-07T10:43:43.176+0900][26.499s][info][gc,task     ] GC(338) Using 9 workers of 9 for evacuation
[2026-09-07T10:43:43.177+0900][26.500s][info][gc,phases   ] GC(338)   Pre Evacuate Collection Set: 0.07ms
[2026-09-07T10:43:43.177+0900][26.500s][info][gc,phases   ] GC(338)   Merge Heap Roots: 0.02ms
[2026-09-07T10:43:43.177+0900][26.500s][info][gc,phases   ] GC(338)   Evacuate Collection Set: 0.56ms
[2026-09-07T10:43:43.177+0900][26.500s][info][gc,phases   ] GC(338)   Post Evacuate Collection Set: 0.11ms
[2026-09-07T10:43:43.177+0900][26.500s][info][gc,phases   ] GC(338)   Other: 0.01ms
[2026-09-07T10:43:43.177+0900][26.500s][info][gc,heap     ] GC(338) Eden regions: 100->0(99)
[2026-09-07T10:43:43.177+0900][26.500s][info][gc,heap     ] GC(338) Survivor regions: 3->4(13)
[2026-09-07T10:43:43.177+0900][26.500s][info][gc,heap     ] GC(338) Old regions: 75->75
[2026-09-07T10:43:43.177+0900][26.500s][info][gc,heap     ] GC(338) Humongous regions: 2->2
[2026-09-07T10:43:43.177+0900][26.500s][info][gc,metaspace] GC(338) Metaspace: 23367K(23872K)->23367K(23872K) NonClass: 20547K(20800K)->20547K(20800K) Class: 2819K(3072K)->2819K(3072K)
[2026-09-07T10:43:43.177+0900][26.500s][info][gc          ] GC(338) Pause Young (Normal) (G1 Evacuation Pause) 358M->160M(380M) 0.852ms
[2026-09-07T10:43:43.177+0900][26.500s][info][gc,cpu      ] GC(338) User=0.00s Sys=0.00s Real=0.00s
[2026-09-07T10:43:43.177+0900][26.500s][info][safepoint   ] Safepoint "G1CollectForAllocation", Time since last: 76443583 ns, Reaching safepoint: 1208 ns, Cleanup: 792 ns, At safepoint: 865667 ns, Leaving safepoint: 833 ns, Total: 868500 ns
[2026-09-07T10:43:43.253+0900][26.576s][info][gc,start    ] GC(339) Pause Young (Normal) (G1 Evacuation Pause)
[2026-09-07T10:43:43.253+0900][26.576s][info][gc,task     ] GC(339) Using 9 workers of 9 for evacuation
[2026-09-07T10:43:43.253+0900][26.576s][info][gc,phases   ] GC(339)   Pre Evacuate Collection Set: 0.07ms
[2026-09-07T10:43:43.253+0900][26.576s][info][gc,phases   ] GC(339)   Merge Heap Roots: 0.02ms
[2026-09-07T10:43:43.253+0900][26.576s][info][gc,phases   ] GC(339)   Evacuate Collection Set: 0.30ms
[2026-09-07T10:43:43.253+0900][26.576s][info][gc,phases   ] GC(339)   Post Evacuate Collection Set: 0.11ms
[2026-09-07T10:43:43.253+0900][26.576s][info][gc,phases   ] GC(339)   Other: 0.01ms
[2026-09-07T10:43:43.253+0900][26.576s][info][gc,heap     ] GC(339) Eden regions: 99->0(101)
[2026-09-07T10:43:43.253+0900][26.576s][info][gc,heap     ] GC(339) Survivor regions: 4->2(13)
[2026-09-07T10:43:43.253+0900][26.576s][info][gc,heap     ] GC(339) Old regions: 75->75
[2026-09-07T10:43:43.253+0900][26.576s][info][gc,heap     ] GC(339) Humongous regions: 2->2
[2026-09-07T10:43:43.253+0900][26.576s][info][gc,metaspace] GC(339) Metaspace: 23367K(23872K)->23367K(23872K) NonClass: 20547K(20800K)->20547K(20800K) Class: 2819K(3072K)->2819K(3072K)
[2026-09-07T10:43:43.253+0900][26.576s][info][gc          ] GC(339) Pause Young (Normal) (G1 Evacuation Pause) 358M->156M(380M) 0.591ms
[2026-09-07T10:43:43.253+0900][26.576s][info][gc,cpu      ] GC(339) User=0.00s Sys=0.00s Real=0.00s
[2026-09-07T10:43:43.253+0900][26.576s][info][safepoint   ] Safepoint "G1CollectForAllocation", Time since last: 75597792 ns, Reaching safepoint: 916 ns, Cleanup: 1167 ns, At safepoint: 605375 ns, Leaving safepoint: 917 ns, Total: 608375 ns
[2026-09-07T10:43:43.331+0900][26.654s][info][gc,start    ] GC(340) Pause Young (Normal) (G1 Evacuation Pause)
[2026-09-07T10:43:43.331+0900][26.654s][info][gc,task     ] GC(340) Using 9 workers of 9 for evacuation
[2026-09-07T10:43:43.332+0900][26.655s][info][gc,phases   ] GC(340)   Pre Evacuate Collection Set: 0.08ms
[2026-09-07T10:43:43.332+0900][26.655s][info][gc,phases   ] GC(340)   Merge Heap Roots: 0.03ms
[2026-09-07T10:43:43.332+0900][26.655s][info][gc,phases   ] GC(340)   Evacuate Collection Set: 0.48ms
[2026-09-07T10:43:43.332+0900][26.655s][info][gc,phases   ] GC(340)   Post Evacuate Collection Set: 0.12ms
[2026-09-07T10:43:43.332+0900][26.655s][info][gc,phases   ] GC(340)   Other: 0.02ms
[2026-09-07T10:43:43.332+0900][26.655s][info][gc,heap     ] GC(340) Eden regions: 101->0(100)
[2026-09-07T10:43:43.332+0900][26.655s][info][gc,heap     ] GC(340) Survivor regions: 2->3(13)
[2026-09-07T10:43:43.332+0900][26.655s][info][gc,heap     ] GC(340) Old regions: 75->75
[2026-09-07T10:43:43.332+0900][26.655s][info][gc,heap     ] GC(340) Humongous regions: 2->2
[2026-09-07T10:43:43.332+0900][26.655s][info][gc,metaspace] GC(340) Metaspace: 23367K(23872K)->23367K(23872K) NonClass: 20547K(20800K)->20547K(20800K) Class: 2819K(3072K)->2819K(3072K)
[2026-09-07T10:43:43.332+0900][26.655s][info][gc          ] GC(340) Pause Young (Normal) (G1 Evacuation Pause) 358M->159M(380M) 0.799ms
[2026-09-07T10:43:43.332+0900][26.655s][info][gc,cpu      ] GC(340) User=0.00s Sys=0.00s Real=0.00s
[2026-09-07T10:43:43.332+0900][26.655s][info][safepoint   ] Safepoint "G1CollectForAllocation", Time since last: 77555166 ns, Reaching safepoint: 1584 ns, Cleanup: 291 ns, At safepoint: 813792 ns, Leaving safepoint: 792 ns, Total: 816459 ns
[2026-09-07T10:43:43.409+0900][26.732s][info][gc,start    ] GC(341) Pause Young (Normal) (G1 Evacuation Pause)
[2026-09-07T10:43:43.409+0900][26.732s][info][gc,task     ] GC(341) Using 9 workers of 9 for evacuation
[2026-09-07T10:43:43.410+0900][26.733s][info][gc,phases   ] GC(341)   Pre Evacuate Collection Set: 0.08ms
[2026-09-07T10:43:43.410+0900][26.733s][info][gc,phases   ] GC(341)   Merge Heap Roots: 0.02ms
[2026-09-07T10:43:43.410+0900][26.733s][info][gc,phases   ] GC(341)   Evacuate Collection Set: 0.60ms
[2026-09-07T10:43:43.410+0900][26.733s][info][gc,phases   ] GC(341)   Post Evacuate Collection Set: 0.12ms
[2026-09-07T10:43:43.410+0900][26.733s][info][gc,phases   ] GC(341)   Other: 0.02ms
[2026-09-07T10:43:43.410+0900][26.733s][info][gc,heap     ] GC(341) Eden regions: 100->0(98)
[2026-09-07T10:43:43.410+0900][26.733s][info][gc,heap     ] GC(341) Survivor regions: 3->5(13)
[2026-09-07T10:43:43.410+0900][26.733s][info][gc,heap     ] GC(341) Old regions: 75->75
[2026-09-07T10:43:43.410+0900][26.733s][info][gc,heap     ] GC(341) Humongous regions: 2->2
[2026-09-07T10:43:43.410+0900][26.733s][info][gc,metaspace] GC(341) Metaspace: 23367K(23872K)->23367K(23872K) NonClass: 20547K(20800K)->20547K(20800K) Class: 2819K(3072K)->2819K(3072K)
[2026-09-07T10:43:43.410+0900][26.733s][info][gc          ] GC(341) Pause Young (Normal) (G1 Evacuation Pause) 359M->161M(380M) 0.908ms
[2026-09-07T10:43:43.410+0900][26.733s][info][gc,cpu      ] GC(341) User=0.00s Sys=0.01s Real=0.01s
[2026-09-07T10:43:43.410+0900][26.733s][info][safepoint   ] Safepoint "G1CollectForAllocation", Time since last: 77338625 ns, Reaching safepoint: 1416 ns, Cleanup: 709 ns, At safepoint: 922916 ns, Leaving safepoint: 959 ns, Total: 926000 ns
[2026-09-07T10:43:43.486+0900][26.809s][info][gc,start    ] GC(342) Pause Young (Normal) (G1 Evacuation Pause)
[2026-09-07T10:43:43.486+0900][26.809s][info][gc,task     ] GC(342) Using 9 workers of 9 for evacuation
[2026-09-07T10:43:43.487+0900][26.810s][info][gc,phases   ] GC(342)   Pre Evacuate Collection Set: 0.06ms
[2026-09-07T10:43:43.487+0900][26.810s][info][gc,phases   ] GC(342)   Merge Heap Roots: 0.02ms
[2026-09-07T10:43:43.487+0900][26.810s][info][gc,phases   ] GC(342)   Evacuate Collection Set: 0.34ms
[2026-09-07T10:43:43.487+0900][26.810s][info][gc,phases   ] GC(342)   Post Evacuate Collection Set: 0.12ms
[2026-09-07T10:43:43.487+0900][26.810s][info][gc,phases   ] GC(342)   Other: 0.02ms
[2026-09-07T10:43:43.487+0900][26.810s][info][gc,heap     ] GC(342) Eden regions: 98->0(101)
[2026-09-07T10:43:43.487+0900][26.810s][info][gc,heap     ] GC(342) Survivor regions: 5->2(13)
[2026-09-07T10:43:43.487+0900][26.810s][info][gc,heap     ] GC(342) Old regions: 75->75
[2026-09-07T10:43:43.487+0900][26.810s][info][gc,heap     ] GC(342) Humongous regions: 2->2
[2026-09-07T10:43:43.487+0900][26.810s][info][gc,metaspace] GC(342) Metaspace: 23367K(23872K)->23367K(23872K) NonClass: 20548K(20800K)->20548K(20800K) Class: 2819K(3072K)->2819K(3072K)
[2026-09-07T10:43:43.487+0900][26.810s][info][gc          ] GC(342) Pause Young (Normal) (G1 Evacuation Pause) 357M->157M(380M) 0.616ms
[2026-09-07T10:43:43.487+0900][26.810s][info][gc,cpu      ] GC(342) User=0.00s Sys=0.00s Real=0.00s
[2026-09-07T10:43:43.487+0900][26.810s][info][safepoint   ] Safepoint "G1CollectForAllocation", Time since last: 76198458 ns, Reaching safepoint: 1042 ns, Cleanup: 333 ns, At safepoint: 630667 ns, Leaving safepoint: 1000 ns, Total: 633042 ns
[2026-09-07T10:43:43.563+0900][26.886s][info][gc,start    ] GC(343) Pause Young (Normal) (G1 Evacuation Pause)
[2026-09-07T10:43:43.563+0900][26.886s][info][gc,task     ] GC(343) Using 9 workers of 9 for evacuation
[2026-09-07T10:43:43.564+0900][26.887s][info][gc,phases   ] GC(343)   Pre Evacuate Collection Set: 0.08ms
[2026-09-07T10:43:43.564+0900][26.887s][info][gc,phases   ] GC(343)   Merge Heap Roots: 0.02ms
[2026-09-07T10:43:43.564+0900][26.887s][info][gc,phases   ] GC(343)   Evacuate Collection Set: 0.52ms
[2026-09-07T10:43:43.564+0900][26.887s][info][gc,phases   ] GC(343)   Post Evacuate Collection Set: 0.12ms
[2026-09-07T10:43:43.564+0900][26.887s][info][gc,phases   ] GC(343)   Other: 0.02ms
[2026-09-07T10:43:43.564+0900][26.887s][info][gc,heap     ] GC(343) Eden regions: 101->0(99)
[2026-09-07T10:43:43.564+0900][26.887s][info][gc,heap     ] GC(343) Survivor regions: 2->4(13)
[2026-09-07T10:43:43.564+0900][26.887s][info][gc,heap     ] GC(343) Old regions: 75->75
[2026-09-07T10:43:43.564+0900][26.887s][info][gc,heap     ] GC(343) Humongous regions: 2->2
[2026-09-07T10:43:43.564+0900][26.887s][info][gc,metaspace] GC(343) Metaspace: 23367K(23872K)->23367K(23872K) NonClass: 20548K(20800K)->20548K(20800K) Class: 2819K(3072K)->2819K(3072K)
[2026-09-07T10:43:43.564+0900][26.887s][info][gc          ] GC(343) Pause Young (Normal) (G1 Evacuation Pause) 359M->159M(380M) 0.821ms
[2026-09-07T10:43:43.564+0900][26.887s][info][gc,cpu      ] GC(343) User=0.00s Sys=0.00s Real=0.00s
[2026-09-07T10:43:43.564+0900][26.887s][info][safepoint   ] Safepoint "G1CollectForAllocation", Time since last: 76507333 ns, Reaching safepoint: 1458 ns, Cleanup: 292 ns, At safepoint: 834250 ns, Leaving safepoint: 1000 ns, Total: 837000 ns
[2026-09-07T10:43:43.640+0900][26.963s][info][gc,start    ] GC(344) Pause Young (Normal) (G1 Evacuation Pause)
[2026-09-07T10:43:43.640+0900][26.963s][info][gc,task     ] GC(344) Using 9 workers of 9 for evacuation
[2026-09-07T10:43:43.640+0900][26.963s][info][gc,phases   ] GC(344)   Pre Evacuate Collection Set: 0.06ms
[2026-09-07T10:43:43.641+0900][26.963s][info][gc,phases   ] GC(344)   Merge Heap Roots: 0.02ms
[2026-09-07T10:43:43.641+0900][26.963s][info][gc,phases   ] GC(344)   Evacuate Collection Set: 0.17ms
[2026-09-07T10:43:43.641+0900][26.963s][info][gc,phases   ] GC(344)   Post Evacuate Collection Set: 0.11ms
[2026-09-07T10:43:43.641+0900][26.963s][info][gc,phases   ] GC(344)   Other: 0.01ms
[2026-09-07T10:43:43.641+0900][26.963s][info][gc,heap     ] GC(344) Eden regions: 99->0(102)
[2026-09-07T10:43:43.641+0900][26.963s][info][gc,heap     ] GC(344) Survivor regions: 4->1(13)
[2026-09-07T10:43:43.641+0900][26.963s][info][gc,heap     ] GC(344) Old regions: 75->75
[2026-09-07T10:43:43.641+0900][26.963s][info][gc,heap     ] GC(344) Humongous regions: 2->2
[2026-09-07T10:43:43.641+0900][26.963s][info][gc,metaspace] GC(344) Metaspace: 23367K(23872K)->23367K(23872K) NonClass: 20548K(20800K)->20548K(20800K) Class: 2819K(3072K)->2819K(3072K)
[2026-09-07T10:43:43.641+0900][26.963s][info][gc          ] GC(344) Pause Young (Normal) (G1 Evacuation Pause) 357M->155M(380M) 0.439ms
[2026-09-07T10:43:43.641+0900][26.963s][info][gc,cpu      ] GC(344) User=0.00s Sys=0.00s Real=0.00s
[2026-09-07T10:43:43.641+0900][26.963s][info][safepoint   ] Safepoint "G1CollectForAllocation", Time since last: 75815500 ns, Reaching safepoint: 750 ns, Cleanup: 1542 ns, At safepoint: 450291 ns, Leaving safepoint: 1500 ns, Total: 454083 ns
[2026-09-07T10:43:43.718+0900][27.041s][info][gc,start    ] GC(345) Pause Young (Normal) (G1 Evacuation Pause)
[2026-09-07T10:43:43.718+0900][27.041s][info][gc,task     ] GC(345) Using 9 workers of 9 for evacuation
[2026-09-07T10:43:43.719+0900][27.042s][info][gc,phases   ] GC(345)   Pre Evacuate Collection Set: 0.07ms
[2026-09-07T10:43:43.719+0900][27.042s][info][gc,phases   ] GC(345)   Merge Heap Roots: 0.02ms
[2026-09-07T10:43:43.719+0900][27.042s][info][gc,phases   ] GC(345)   Evacuate Collection Set: 0.38ms
[2026-09-07T10:43:43.719+0900][27.042s][info][gc,phases   ] GC(345)   Post Evacuate Collection Set: 0.11ms
[2026-09-07T10:43:43.719+0900][27.042s][info][gc,phases   ] GC(345)   Other: 0.01ms
[2026-09-07T10:43:43.719+0900][27.042s][info][gc,heap     ] GC(345) Eden regions: 102->0(100)
[2026-09-07T10:43:43.719+0900][27.042s][info][gc,heap     ] GC(345) Survivor regions: 1->2(13)
[2026-09-07T10:43:43.719+0900][27.042s][info][gc,heap     ] GC(345) Old regions: 75->76
[2026-09-07T10:43:43.719+0900][27.042s][info][gc,heap     ] GC(345) Humongous regions: 2->2
[2026-09-07T10:43:43.719+0900][27.042s][info][gc,metaspace] GC(345) Metaspace: 23367K(23872K)->23367K(23872K) NonClass: 20548K(20800K)->20548K(20800K) Class: 2819K(3072K)->2819K(3072K)
[2026-09-07T10:43:43.719+0900][27.042s][info][gc          ] GC(345) Pause Young (Normal) (G1 Evacuation Pause) 359M->157M(380M) 0.668ms
[2026-09-07T10:43:43.719+0900][27.042s][info][gc,cpu      ] GC(345) User=0.00s Sys=0.00s Real=0.00s
[2026-09-07T10:43:43.719+0900][27.042s][info][safepoint   ] Safepoint "G1CollectForAllocation", Time since last: 77772542 ns, Reaching safepoint: 917 ns, Cleanup: 625 ns, At safepoint: 680541 ns, Leaving safepoint: 834 ns, Total: 682917 ns
[2026-09-07T10:43:43.796+0900][27.119s][info][gc,start    ] GC(346) Pause Young (Normal) (G1 Evacuation Pause)
[2026-09-07T10:43:43.796+0900][27.119s][info][gc,task     ] GC(346) Using 9 workers of 9 for evacuation
[2026-09-07T10:43:43.797+0900][27.120s][info][gc,phases   ] GC(346)   Pre Evacuate Collection Set: 0.08ms
[2026-09-07T10:43:43.797+0900][27.120s][info][gc,phases   ] GC(346)   Merge Heap Roots: 0.04ms
[2026-09-07T10:43:43.797+0900][27.120s][info][gc,phases   ] GC(346)   Evacuate Collection Set: 0.52ms
[2026-09-07T10:43:43.797+0900][27.120s][info][gc,phases   ] GC(346)   Post Evacuate Collection Set: 0.11ms
[2026-09-07T10:43:43.797+0900][27.120s][info][gc,phases   ] GC(346)   Other: 0.02ms
[2026-09-07T10:43:43.797+0900][27.120s][info][gc,heap     ] GC(346) Eden regions: 100->0(98)
[2026-09-07T10:43:43.797+0900][27.120s][info][gc,heap     ] GC(346) Survivor regions: 2->4(13)
[2026-09-07T10:43:43.797+0900][27.120s][info][gc,heap     ] GC(346) Old regions: 76->76
[2026-09-07T10:43:43.797+0900][27.120s][info][gc,heap     ] GC(346) Humongous regions: 2->2
[2026-09-07T10:43:43.797+0900][27.120s][info][gc,metaspace] GC(346) Metaspace: 23367K(23872K)->23367K(23872K) NonClass: 20548K(20800K)->20548K(20800K) Class: 2819K(3072K)->2819K(3072K)
[2026-09-07T10:43:43.797+0900][27.120s][info][gc          ] GC(346) Pause Young (Normal) (G1 Evacuation Pause) 357M->160M(380M) 0.833ms
[2026-09-07T10:43:43.797+0900][27.120s][info][gc,cpu      ] GC(346) User=0.00s Sys=0.00s Real=0.00s
[2026-09-07T10:43:43.797+0900][27.120s][info][safepoint   ] Safepoint "G1CollectForAllocation", Time since last: 76875916 ns, Reaching safepoint: 1292 ns, Cleanup: 708 ns, At safepoint: 847542 ns, Leaving safepoint: 958 ns, Total: 850500 ns
[2026-09-07T10:43:43.871+0900][27.194s][info][gc,start    ] GC(347) Pause Young (Normal) (G1 Evacuation Pause)
[2026-09-07T10:43:43.871+0900][27.194s][info][gc,task     ] GC(347) Using 9 workers of 9 for evacuation
[2026-09-07T10:43:43.872+0900][27.195s][info][gc,phases   ] GC(347)   Pre Evacuate Collection Set: 0.08ms
[2026-09-07T10:43:43.872+0900][27.195s][info][gc,phases   ] GC(347)   Merge Heap Roots: 0.02ms
[2026-09-07T10:43:43.872+0900][27.195s][info][gc,phases   ] GC(347)   Evacuate Collection Set: 0.23ms
[2026-09-07T10:43:43.872+0900][27.195s][info][gc,phases   ] GC(347)   Post Evacuate Collection Set: 0.10ms
[2026-09-07T10:43:43.872+0900][27.195s][info][gc,phases   ] GC(347)   Other: 0.02ms
[2026-09-07T10:43:43.872+0900][27.195s][info][gc,heap     ] GC(347) Eden regions: 98->0(101)
[2026-09-07T10:43:43.872+0900][27.195s][info][gc,heap     ] GC(347) Survivor regions: 4->1(13)
[2026-09-07T10:43:43.872+0900][27.195s][info][gc,heap     ] GC(347) Old regions: 76->76
[2026-09-07T10:43:43.872+0900][27.195s][info][gc,heap     ] GC(347) Humongous regions: 2->2
[2026-09-07T10:43:43.872+0900][27.195s][info][gc,metaspace] GC(347) Metaspace: 23367K(23872K)->23367K(23872K) NonClass: 20548K(20800K)->20548K(20800K) Class: 2819K(3072K)->2819K(3072K)
[2026-09-07T10:43:43.872+0900][27.195s][info][gc          ] GC(347) Pause Young (Normal) (G1 Evacuation Pause) 356M->155M(380M) 0.513ms
[2026-09-07T10:43:43.872+0900][27.195s][info][gc,cpu      ] GC(347) User=0.00s Sys=0.00s Real=0.00s
[2026-09-07T10:43:43.872+0900][27.195s][info][safepoint   ] Safepoint "G1CollectForAllocation", Time since last: 74478292 ns, Reaching safepoint: 792 ns, Cleanup: 375 ns, At safepoint: 526750 ns, Leaving safepoint: 958 ns, Total: 528875 ns
[2026-09-07T10:43:43.951+0900][27.274s][info][gc,start    ] GC(348) Pause Young (Normal) (G1 Evacuation Pause)
[2026-09-07T10:43:43.951+0900][27.274s][info][gc,task     ] GC(348) Using 9 workers of 9 for evacuation
[2026-09-07T10:43:43.952+0900][27.274s][info][gc,phases   ] GC(348)   Pre Evacuate Collection Set: 0.08ms
[2026-09-07T10:43:43.952+0900][27.274s][info][gc,phases   ] GC(348)   Merge Heap Roots: 0.04ms
[2026-09-07T10:43:43.952+0900][27.274s][info][gc,phases   ] GC(348)   Evacuate Collection Set: 0.43ms
[2026-09-07T10:43:43.952+0900][27.274s][info][gc,phases   ] GC(348)   Post Evacuate Collection Set: 0.11ms
[2026-09-07T10:43:43.952+0900][27.274s][info][gc,phases   ] GC(348)   Other: 0.02ms
[2026-09-07T10:43:43.952+0900][27.274s][info][gc,heap     ] GC(348) Eden regions: 101->0(99)
[2026-09-07T10:43:43.952+0900][27.274s][info][gc,heap     ] GC(348) Survivor regions: 1->3(13)
[2026-09-07T10:43:43.952+0900][27.274s][info][gc,heap     ] GC(348) Old regions: 76->76
[2026-09-07T10:43:43.952+0900][27.274s][info][gc,heap     ] GC(348) Humongous regions: 2->2
[2026-09-07T10:43:43.952+0900][27.274s][info][gc,metaspace] GC(348) Metaspace: 23367K(23872K)->23367K(23872K) NonClass: 20548K(20800K)->20548K(20800K) Class: 2819K(3072K)->2819K(3072K)
[2026-09-07T10:43:43.952+0900][27.274s][info][gc          ] GC(348) Pause Young (Normal) (G1 Evacuation Pause) 357M->158M(380M) 0.736ms
[2026-09-07T10:43:43.952+0900][27.274s][info][gc,cpu      ] GC(348) User=0.00s Sys=0.00s Real=0.00s
[2026-09-07T10:43:43.952+0900][27.274s][info][safepoint   ] Safepoint "G1CollectForAllocation", Time since last: 79074917 ns, Reaching safepoint: 1041 ns, Cleanup: 417 ns, At safepoint: 749167 ns, Leaving safepoint: 791 ns, Total: 751416 ns
[2026-09-07T10:43:44.030+0900][27.352s][info][gc,start    ] GC(349) Pause Young (Normal) (G1 Evacuation Pause)
[2026-09-07T10:43:44.030+0900][27.352s][info][gc,task     ] GC(349) Using 9 workers of 9 for evacuation
[2026-09-07T10:43:44.030+0900][27.353s][info][gc,phases   ] GC(349)   Pre Evacuate Collection Set: 0.07ms
[2026-09-07T10:43:44.030+0900][27.353s][info][gc,phases   ] GC(349)   Merge Heap Roots: 0.04ms
[2026-09-07T10:43:44.030+0900][27.353s][info][gc,phases   ] GC(349)   Evacuate Collection Set: 0.57ms
[2026-09-07T10:43:44.030+0900][27.353s][info][gc,phases   ] GC(349)   Post Evacuate Collection Set: 0.11ms
[2026-09-07T10:43:44.030+0900][27.353s][info][gc,phases   ] GC(349)   Other: 0.01ms
[2026-09-07T10:43:44.030+0900][27.353s][info][gc,heap     ] GC(349) Eden regions: 99->0(98)
[2026-09-07T10:43:44.030+0900][27.353s][info][gc,heap     ] GC(349) Survivor regions: 3->4(13)
[2026-09-07T10:43:44.030+0900][27.353s][info][gc,heap     ] GC(349) Old regions: 76->76
[2026-09-07T10:43:44.030+0900][27.353s][info][gc,heap     ] GC(349) Humongous regions: 2->2
[2026-09-07T10:43:44.030+0900][27.353s][info][gc,metaspace] GC(349) Metaspace: 23367K(23872K)->23367K(23872K) NonClass: 20548K(20800K)->20548K(20800K) Class: 2819K(3072K)->2819K(3072K)
[2026-09-07T10:43:44.030+0900][27.353s][info][gc          ] GC(349) Pause Young (Normal) (G1 Evacuation Pause) 356M->161M(380M) 0.876ms
[2026-09-07T10:43:44.030+0900][27.353s][info][gc,cpu      ] GC(349) User=0.00s Sys=0.00s Real=0.00s
[2026-09-07T10:43:44.030+0900][27.353s][info][safepoint   ] Safepoint "G1CollectForAllocation", Time since last: 77999375 ns, Reaching safepoint: 959 ns, Cleanup: 458 ns, At safepoint: 889292 ns, Leaving safepoint: 750 ns, Total: 891459 ns
[2026-09-07T10:43:44.106+0900][27.429s][info][gc,start    ] GC(350) Pause Young (Normal) (G1 Evacuation Pause)
[2026-09-07T10:43:44.106+0900][27.429s][info][gc,task     ] GC(350) Using 9 workers of 9 for evacuation
[2026-09-07T10:43:44.107+0900][27.430s][info][gc,phases   ] GC(350)   Pre Evacuate Collection Set: 0.07ms
[2026-09-07T10:43:44.107+0900][27.430s][info][gc,phases   ] GC(350)   Merge Heap Roots: 0.02ms
[2026-09-07T10:43:44.107+0900][27.430s][info][gc,phases   ] GC(350)   Evacuate Collection Set: 0.31ms
[2026-09-07T10:43:44.107+0900][27.430s][info][gc,phases   ] GC(350)   Post Evacuate Collection Set: 0.12ms
[2026-09-07T10:43:44.107+0900][27.430s][info][gc,phases   ] GC(350)   Other: 0.02ms
[2026-09-07T10:43:44.107+0900][27.430s][info][gc,heap     ] GC(350) Eden regions: 98->0(100)
[2026-09-07T10:43:44.107+0900][27.430s][info][gc,heap     ] GC(350) Survivor regions: 4->2(13)
[2026-09-07T10:43:44.107+0900][27.430s][info][gc,heap     ] GC(350) Old regions: 76->76
[2026-09-07T10:43:44.107+0900][27.430s][info][gc,heap     ] GC(350) Humongous regions: 2->2
[2026-09-07T10:43:44.107+0900][27.430s][info][gc,metaspace] GC(350) Metaspace: 23367K(23872K)->23367K(23872K) NonClass: 20548K(20800K)->20548K(20800K) Class: 2819K(3072K)->2819K(3072K)
[2026-09-07T10:43:44.107+0900][27.430s][info][gc          ] GC(350) Pause Young (Normal) (G1 Evacuation Pause) 357M->157M(380M) 0.609ms
[2026-09-07T10:43:44.107+0900][27.430s][info][gc,cpu      ] GC(350) User=0.00s Sys=0.00s Real=0.00s
[2026-09-07T10:43:44.107+0900][27.430s][info][safepoint   ] Safepoint "G1CollectForAllocation", Time since last: 75999791 ns, Reaching safepoint: 1417 ns, Cleanup: 917 ns, At safepoint: 624041 ns, Leaving safepoint: 917 ns, Total: 627292 ns
[2026-09-07T10:43:44.184+0900][27.507s][info][gc,start    ] GC(351) Pause Young (Normal) (G1 Evacuation Pause)
[2026-09-07T10:43:44.184+0900][27.507s][info][gc,task     ] GC(351) Using 9 workers of 9 for evacuation
[2026-09-07T10:43:44.185+0900][27.508s][info][gc,phases   ] GC(351)   Pre Evacuate Collection Set: 0.08ms
[2026-09-07T10:43:44.185+0900][27.508s][info][gc,phases   ] GC(351)   Merge Heap Roots: 0.02ms
[2026-09-07T10:43:44.185+0900][27.508s][info][gc,phases   ] GC(351)   Evacuate Collection Set: 0.48ms
[2026-09-07T10:43:44.185+0900][27.508s][info][gc,phases   ] GC(351)   Post Evacuate Collection Set: 0.13ms
[2026-09-07T10:43:44.185+0900][27.508s][info][gc,phases   ] GC(351)   Other: 0.02ms
[2026-09-07T10:43:44.185+0900][27.508s][info][gc,heap     ] GC(351) Eden regions: 100->0(99)
[2026-09-07T10:43:44.185+0900][27.508s][info][gc,heap     ] GC(351) Survivor regions: 2->3(13)
[2026-09-07T10:43:44.185+0900][27.508s][info][gc,heap     ] GC(351) Old regions: 76->76
[2026-09-07T10:43:44.185+0900][27.508s][info][gc,heap     ] GC(351) Humongous regions: 2->2
[2026-09-07T10:43:44.185+0900][27.508s][info][gc,metaspace] GC(351) Metaspace: 23367K(23872K)->23367K(23872K) NonClass: 20548K(20800K)->20548K(20800K) Class: 2819K(3072K)->2819K(3072K)
[2026-09-07T10:43:44.185+0900][27.508s][info][gc          ] GC(351) Pause Young (Normal) (G1 Evacuation Pause) 357M->159M(380M) 0.801ms
[2026-09-07T10:43:44.185+0900][27.508s][info][gc,cpu      ] GC(351) User=0.00s Sys=0.00s Real=0.00s
[2026-09-07T10:43:44.185+0900][27.508s][info][safepoint   ] Safepoint "G1CollectForAllocation", Time since last: 77156917 ns, Reaching safepoint: 1250 ns, Cleanup: 1041 ns, At safepoint: 819250 ns, Leaving safepoint: 1084 ns, Total: 822625 ns
[2026-09-07T10:43:44.261+0900][27.584s][info][gc,start    ] GC(352) Pause Young (Normal) (G1 Evacuation Pause)
[2026-09-07T10:43:44.261+0900][27.584s][info][gc,task     ] GC(352) Using 9 workers of 9 for evacuation
[2026-09-07T10:43:44.262+0900][27.585s][info][gc,phases   ] GC(352)   Pre Evacuate Collection Set: 0.07ms
[2026-09-07T10:43:44.262+0900][27.585s][info][gc,phases   ] GC(352)   Merge Heap Roots: 0.02ms
[2026-09-07T10:43:44.262+0900][27.585s][info][gc,phases   ] GC(352)   Evacuate Collection Set: 0.62ms
[2026-09-07T10:43:44.262+0900][27.585s][info][gc,phases   ] GC(352)   Post Evacuate Collection Set: 0.11ms
[2026-09-07T10:43:44.262+0900][27.585s][info][gc,phases   ] GC(352)   Other: 0.02ms
[2026-09-07T10:43:44.262+0900][27.585s][info][gc,heap     ] GC(352) Eden regions: 99->0(97)
[2026-09-07T10:43:44.262+0900][27.585s][info][gc,heap     ] GC(352) Survivor regions: 3->5(13)
[2026-09-07T10:43:44.262+0900][27.585s][info][gc,heap     ] GC(352) Old regions: 76->76
[2026-09-07T10:43:44.262+0900][27.585s][info][gc,heap     ] GC(352) Humongous regions: 2->2
[2026-09-07T10:43:44.262+0900][27.585s][info][gc,metaspace] GC(352) Metaspace: 23367K(23872K)->23367K(23872K) NonClass: 20548K(20800K)->20548K(20800K) Class: 2819K(3072K)->2819K(3072K)
[2026-09-07T10:43:44.262+0900][27.585s][info][gc          ] GC(352) Pause Young (Normal) (G1 Evacuation Pause) 357M->162M(380M) 0.923ms
[2026-09-07T10:43:44.262+0900][27.585s][info][gc,cpu      ] GC(352) User=0.00s Sys=0.00s Real=0.00s
[2026-09-07T10:43:44.262+0900][27.585s][info][safepoint   ] Safepoint "G1CollectForAllocation", Time since last: 75884791 ns, Reaching safepoint: 2042 ns, Cleanup: 583 ns, At safepoint: 939542 ns, Leaving safepoint: 1042 ns, Total: 943209 ns
[2026-09-07T10:43:44.337+0900][27.660s][info][gc,start    ] GC(353) Pause Young (Normal) (G1 Evacuation Pause)
[2026-09-07T10:43:44.337+0900][27.660s][info][gc,task     ] GC(353) Using 9 workers of 9 for evacuation
[2026-09-07T10:43:44.338+0900][27.660s][info][gc,phases   ] GC(353)   Pre Evacuate Collection Set: 0.08ms
[2026-09-07T10:43:44.338+0900][27.660s][info][gc,phases   ] GC(353)   Merge Heap Roots: 0.02ms
[2026-09-07T10:43:44.338+0900][27.660s][info][gc,phases   ] GC(353)   Evacuate Collection Set: 0.34ms
[2026-09-07T10:43:44.338+0900][27.660s][info][gc,phases   ] GC(353)   Post Evacuate Collection Set: 0.11ms
[2026-09-07T10:43:44.338+0900][27.660s][info][gc,phases   ] GC(353)   Other: 0.02ms
[2026-09-07T10:43:44.338+0900][27.660s][info][gc,heap     ] GC(353) Eden regions: 97->0(100)
[2026-09-07T10:43:44.338+0900][27.660s][info][gc,heap     ] GC(353) Survivor regions: 5->2(13)
[2026-09-07T10:43:44.338+0900][27.660s][info][gc,heap     ] GC(353) Old regions: 76->76
[2026-09-07T10:43:44.338+0900][27.660s][info][gc,heap     ] GC(353) Humongous regions: 2->2
[2026-09-07T10:43:44.338+0900][27.660s][info][gc,metaspace] GC(353) Metaspace: 23367K(23872K)->23367K(23872K) NonClass: 20548K(20800K)->20548K(20800K) Class: 2819K(3072K)->2819K(3072K)
[2026-09-07T10:43:44.338+0900][27.660s][info][gc          ] GC(353) Pause Young (Normal) (G1 Evacuation Pause) 356M->157M(380M) 0.645ms
[2026-09-07T10:43:44.338+0900][27.660s][info][gc,cpu      ] GC(353) User=0.00s Sys=0.00s Real=0.00s
[2026-09-07T10:43:44.338+0900][27.660s][info][safepoint   ] Safepoint "G1CollectForAllocation", Time since last: 75047958 ns, Reaching safepoint: 1333 ns, Cleanup: 750 ns, At safepoint: 660334 ns, Leaving safepoint: 958 ns, Total: 663375 ns
[2026-09-07T10:43:44.416+0900][27.739s][info][gc,start    ] GC(354) Pause Young (Normal) (G1 Evacuation Pause)
[2026-09-07T10:43:44.416+0900][27.739s][info][gc,task     ] GC(354) Using 9 workers of 9 for evacuation
[2026-09-07T10:43:44.417+0900][27.740s][info][gc,phases   ] GC(354)   Pre Evacuate Collection Set: 0.08ms
[2026-09-07T10:43:44.417+0900][27.740s][info][gc,phases   ] GC(354)   Merge Heap Roots: 0.02ms
[2026-09-07T10:43:44.417+0900][27.740s][info][gc,phases   ] GC(354)   Evacuate Collection Set: 0.52ms
[2026-09-07T10:43:44.417+0900][27.740s][info][gc,phases   ] GC(354)   Post Evacuate Collection Set: 0.12ms
[2026-09-07T10:43:44.417+0900][27.740s][info][gc,phases   ] GC(354)   Other: 0.02ms
[2026-09-07T10:43:44.417+0900][27.740s][info][gc,heap     ] GC(354) Eden regions: 100->0(98)
[2026-09-07T10:43:44.417+0900][27.740s][info][gc,heap     ] GC(354) Survivor regions: 2->4(13)
[2026-09-07T10:43:44.417+0900][27.740s][info][gc,heap     ] GC(354) Old regions: 76->76
[2026-09-07T10:43:44.417+0900][27.740s][info][gc,heap     ] GC(354) Humongous regions: 2->2
[2026-09-07T10:43:44.417+0900][27.740s][info][gc,metaspace] GC(354) Metaspace: 23367K(23872K)->23367K(23872K) NonClass: 20548K(20800K)->20548K(20800K) Class: 2819K(3072K)->2819K(3072K)
[2026-09-07T10:43:44.417+0900][27.740s][info][gc          ] GC(354) Pause Young (Normal) (G1 Evacuation Pause) 357M->160M(380M) 0.830ms
[2026-09-07T10:43:44.417+0900][27.740s][info][gc,cpu      ] GC(354) User=0.01s Sys=0.01s Real=0.00s
[2026-09-07T10:43:44.417+0900][27.740s][info][safepoint   ] Safepoint "G1CollectForAllocation", Time since last: 78687167 ns, Reaching safepoint: 1750 ns, Cleanup: 666 ns, At safepoint: 847125 ns, Leaving safepoint: 875 ns, Total: 850416 ns
[2026-09-07T10:43:44.493+0900][27.815s][info][gc,start    ] GC(355) Pause Young (Normal) (G1 Evacuation Pause)
[2026-09-07T10:43:44.493+0900][27.815s][info][gc,task     ] GC(355) Using 9 workers of 9 for evacuation
[2026-09-07T10:43:44.493+0900][27.816s][info][gc,phases   ] GC(355)   Pre Evacuate Collection Set: 0.08ms
[2026-09-07T10:43:44.493+0900][27.816s][info][gc,phases   ] GC(355)   Merge Heap Roots: 0.04ms
[2026-09-07T10:43:44.493+0900][27.816s][info][gc,phases   ] GC(355)   Evacuate Collection Set: 0.20ms
[2026-09-07T10:43:44.493+0900][27.816s][info][gc,phases   ] GC(355)   Post Evacuate Collection Set: 0.11ms
[2026-09-07T10:43:44.493+0900][27.816s][info][gc,phases   ] GC(355)   Other: 0.02ms
[2026-09-07T10:43:44.493+0900][27.816s][info][gc,heap     ] GC(355) Eden regions: 98->0(101)
[2026-09-07T10:43:44.493+0900][27.816s][info][gc,heap     ] GC(355) Survivor regions: 4->1(13)
[2026-09-07T10:43:44.493+0900][27.816s][info][gc,heap     ] GC(355) Old regions: 76->76
[2026-09-07T10:43:44.493+0900][27.816s][info][gc,heap     ] GC(355) Humongous regions: 2->2
[2026-09-07T10:43:44.493+0900][27.816s][info][gc,metaspace] GC(355) Metaspace: 23367K(23872K)->23367K(23872K) NonClass: 20548K(20800K)->20548K(20800K) Class: 2819K(3072K)->2819K(3072K)
[2026-09-07T10:43:44.493+0900][27.816s][info][gc          ] GC(355) Pause Young (Normal) (G1 Evacuation Pause) 356M->155M(380M) 0.519ms
[2026-09-07T10:43:44.493+0900][27.816s][info][gc,cpu      ] GC(355) User=0.00s Sys=0.00s Real=0.00s
[2026-09-07T10:43:44.493+0900][27.816s][info][safepoint   ] Safepoint "G1CollectForAllocation", Time since last: 75431209 ns, Reaching safepoint: 1625 ns, Cleanup: 791 ns, At safepoint: 537667 ns, Leaving safepoint: 917 ns, Total: 541000 ns
[2026-09-07T10:43:44.571+0900][27.893s][info][gc,start    ] GC(356) Pause Young (Normal) (G1 Evacuation Pause)
[2026-09-07T10:43:44.571+0900][27.894s][info][gc,task     ] GC(356) Using 9 workers of 9 for evacuation
[2026-09-07T10:43:44.571+0900][27.894s][info][gc,phases   ] GC(356)   Pre Evacuate Collection Set: 0.08ms
[2026-09-07T10:43:44.571+0900][27.894s][info][gc,phases   ] GC(356)   Merge Heap Roots: 0.04ms
[2026-09-07T10:43:44.571+0900][27.894s][info][gc,phases   ] GC(356)   Evacuate Collection Set: 0.40ms
[2026-09-07T10:43:44.571+0900][27.894s][info][gc,phases   ] GC(356)   Post Evacuate Collection Set: 0.12ms
[2026-09-07T10:43:44.571+0900][27.894s][info][gc,phases   ] GC(356)   Other: 0.02ms
[2026-09-07T10:43:44.571+0900][27.894s][info][gc,heap     ] GC(356) Eden regions: 101->0(99)
[2026-09-07T10:43:44.571+0900][27.894s][info][gc,heap     ] GC(356) Survivor regions: 1->3(13)
[2026-09-07T10:43:44.571+0900][27.894s][info][gc,heap     ] GC(356) Old regions: 76->76
[2026-09-07T10:43:44.571+0900][27.894s][info][gc,heap     ] GC(356) Humongous regions: 2->2
[2026-09-07T10:43:44.571+0900][27.894s][info][gc,metaspace] GC(356) Metaspace: 23367K(23872K)->23367K(23872K) NonClass: 20548K(20800K)->20548K(20800K) Class: 2819K(3072K)->2819K(3072K)
[2026-09-07T10:43:44.571+0900][27.894s][info][gc          ] GC(356) Pause Young (Normal) (G1 Evacuation Pause) 357M->158M(380M) 0.718ms
[2026-09-07T10:43:44.571+0900][27.894s][info][gc,cpu      ] GC(356) User=0.00s Sys=0.00s Real=0.00s
[2026-09-07T10:43:44.571+0900][27.894s][info][safepoint   ] Safepoint "G1CollectForAllocation", Time since last: 77501000 ns, Reaching safepoint: 1333 ns, Cleanup: 833 ns, At safepoint: 734084 ns, Leaving safepoint: 916 ns, Total: 737166 ns
[2026-09-07T10:43:44.649+0900][27.972s][info][gc,start    ] GC(357) Pause Young (Normal) (G1 Evacuation Pause)
[2026-09-07T10:43:44.649+0900][27.972s][info][gc,task     ] GC(357) Using 9 workers of 9 for evacuation
[2026-09-07T10:43:44.650+0900][27.972s][info][gc,phases   ] GC(357)   Pre Evacuate Collection Set: 0.07ms
[2026-09-07T10:43:44.650+0900][27.972s][info][gc,phases   ] GC(357)   Merge Heap Roots: 0.02ms
[2026-09-07T10:43:44.650+0900][27.972s][info][gc,phases   ] GC(357)   Evacuate Collection Set: 0.57ms
[2026-09-07T10:43:44.650+0900][27.972s][info][gc,phases   ] GC(357)   Post Evacuate Collection Set: 0.10ms
[2026-09-07T10:43:44.650+0900][27.972s][info][gc,phases   ] GC(357)   Other: 0.02ms
[2026-09-07T10:43:44.650+0900][27.972s][info][gc,heap     ] GC(357) Eden regions: 99->0(98)
[2026-09-07T10:43:44.650+0900][27.972s][info][gc,heap     ] GC(357) Survivor regions: 3->4(13)
[2026-09-07T10:43:44.650+0900][27.972s][info][gc,heap     ] GC(357) Old regions: 76->76
[2026-09-07T10:43:44.650+0900][27.972s][info][gc,heap     ] GC(357) Humongous regions: 2->2
[2026-09-07T10:43:44.650+0900][27.972s][info][gc,metaspace] GC(357) Metaspace: 23367K(23872K)->23367K(23872K) NonClass: 20548K(20800K)->20548K(20800K) Class: 2819K(3072K)->2819K(3072K)
[2026-09-07T10:43:44.650+0900][27.972s][info][gc          ] GC(357) Pause Young (Normal) (G1 Evacuation Pause) 356M->161M(380M) 0.847ms
[2026-09-07T10:43:44.650+0900][27.972s][info][gc,cpu      ] GC(357) User=0.01s Sys=0.00s Real=0.01s
[2026-09-07T10:43:44.650+0900][27.972s][info][safepoint   ] Safepoint "G1CollectForAllocation", Time since last: 77379167 ns, Reaching safepoint: 1333 ns, Cleanup: 625 ns, At safepoint: 860709 ns, Leaving safepoint: 833 ns, Total: 863500 ns
[2026-09-07T10:43:44.725+0900][28.048s][info][gc,start    ] GC(358) Pause Young (Normal) (G1 Evacuation Pause)
[2026-09-07T10:43:44.725+0900][28.048s][info][gc,task     ] GC(358) Using 9 workers of 9 for evacuation
[2026-09-07T10:43:44.726+0900][28.048s][info][gc,phases   ] GC(358)   Pre Evacuate Collection Set: 0.07ms
[2026-09-07T10:43:44.726+0900][28.048s][info][gc,phases   ] GC(358)   Merge Heap Roots: 0.02ms
[2026-09-07T10:43:44.726+0900][28.048s][info][gc,phases   ] GC(358)   Evacuate Collection Set: 0.29ms
[2026-09-07T10:43:44.726+0900][28.048s][info][gc,phases   ] GC(358)   Post Evacuate Collection Set: 0.12ms
[2026-09-07T10:43:44.726+0900][28.048s][info][gc,phases   ] GC(358)   Other: 0.01ms
[2026-09-07T10:43:44.726+0900][28.048s][info][gc,heap     ] GC(358) Eden regions: 98->0(100)
[2026-09-07T10:43:44.726+0900][28.048s][info][gc,heap     ] GC(358) Survivor regions: 4->2(13)
[2026-09-07T10:43:44.726+0900][28.048s][info][gc,heap     ] GC(358) Old regions: 76->76
[2026-09-07T10:43:44.726+0900][28.048s][info][gc,heap     ] GC(358) Humongous regions: 2->2
[2026-09-07T10:43:44.726+0900][28.049s][info][gc,metaspace] GC(358) Metaspace: 23367K(23872K)->23367K(23872K) NonClass: 20548K(20800K)->20548K(20800K) Class: 2819K(3072K)->2819K(3072K)
[2026-09-07T10:43:44.726+0900][28.049s][info][gc          ] GC(358) Pause Young (Normal) (G1 Evacuation Pause) 357M->157M(380M) 0.585ms
[2026-09-07T10:43:44.726+0900][28.049s][info][gc,cpu      ] GC(358) User=0.00s Sys=0.00s Real=0.00s
[2026-09-07T10:43:44.726+0900][28.049s][info][safepoint   ] Safepoint "G1CollectForAllocation", Time since last: 75466292 ns, Reaching safepoint: 1125 ns, Cleanup: 708 ns, At safepoint: 598542 ns, Leaving safepoint: 916 ns, Total: 601291 ns
[2026-09-07T10:43:44.803+0900][28.126s][info][gc,start    ] GC(359) Pause Young (Normal) (G1 Evacuation Pause)
[2026-09-07T10:43:44.803+0900][28.126s][info][gc,task     ] GC(359) Using 9 workers of 9 for evacuation
[2026-09-07T10:43:44.804+0900][28.127s][info][gc,phases   ] GC(359)   Pre Evacuate Collection Set: 0.08ms
[2026-09-07T10:43:44.804+0900][28.127s][info][gc,phases   ] GC(359)   Merge Heap Roots: 0.04ms
[2026-09-07T10:43:44.804+0900][28.127s][info][gc,phases   ] GC(359)   Evacuate Collection Set: 0.48ms
[2026-09-07T10:43:44.804+0900][28.127s][info][gc,phases   ] GC(359)   Post Evacuate Collection Set: 0.12ms
[2026-09-07T10:43:44.804+0900][28.127s][info][gc,phases   ] GC(359)   Other: 0.02ms
[2026-09-07T10:43:44.804+0900][28.127s][info][gc,heap     ] GC(359) Eden regions: 100->0(99)
[2026-09-07T10:43:44.804+0900][28.127s][info][gc,heap     ] GC(359) Survivor regions: 2->3(13)
[2026-09-07T10:43:44.804+0900][28.127s][info][gc,heap     ] GC(359) Old regions: 76->76
[2026-09-07T10:43:44.804+0900][28.127s][info][gc,heap     ] GC(359) Humongous regions: 2->2
[2026-09-07T10:43:44.804+0900][28.127s][info][gc,metaspace] GC(359) Metaspace: 23367K(23872K)->23367K(23872K) NonClass: 20548K(20800K)->20548K(20800K) Class: 2819K(3072K)->2819K(3072K)
[2026-09-07T10:43:44.804+0900][28.127s][info][gc          ] GC(359) Pause Young (Normal) (G1 Evacuation Pause) 357M->159M(380M) 0.795ms
[2026-09-07T10:43:44.804+0900][28.127s][info][gc,cpu      ] GC(359) User=0.01s Sys=0.00s Real=0.00s
[2026-09-07T10:43:44.804+0900][28.127s][info][safepoint   ] Safepoint "G1CollectForAllocation", Time since last: 77717167 ns, Reaching safepoint: 1042 ns, Cleanup: 500 ns, At safepoint: 809208 ns, Leaving safepoint: 792 ns, Total: 811542 ns
[2026-09-07T10:43:44.881+0900][28.204s][info][gc,start    ] GC(360) Pause Young (Normal) (G1 Evacuation Pause)
[2026-09-07T10:43:44.881+0900][28.204s][info][gc,task     ] GC(360) Using 9 workers of 9 for evacuation
[2026-09-07T10:43:44.881+0900][28.204s][info][gc,phases   ] GC(360)   Pre Evacuate Collection Set: 0.07ms
[2026-09-07T10:43:44.881+0900][28.204s][info][gc,phases   ] GC(360)   Merge Heap Roots: 0.02ms
[2026-09-07T10:43:44.881+0900][28.204s][info][gc,phases   ] GC(360)   Evacuate Collection Set: 0.19ms
[2026-09-07T10:43:44.881+0900][28.204s][info][gc,phases   ] GC(360)   Post Evacuate Collection Set: 0.12ms
[2026-09-07T10:43:44.881+0900][28.204s][info][gc,phases   ] GC(360)   Other: 0.02ms
[2026-09-07T10:43:44.881+0900][28.204s][info][gc,heap     ] GC(360) Eden regions: 99->0(101)
[2026-09-07T10:43:44.881+0900][28.204s][info][gc,heap     ] GC(360) Survivor regions: 3->1(13)
[2026-09-07T10:43:44.881+0900][28.204s][info][gc,heap     ] GC(360) Old regions: 76->76
[2026-09-07T10:43:44.881+0900][28.204s][info][gc,heap     ] GC(360) Humongous regions: 2->2
[2026-09-07T10:43:44.881+0900][28.204s][info][gc,metaspace] GC(360) Metaspace: 23367K(23872K)->23367K(23872K) NonClass: 20548K(20800K)->20548K(20800K) Class: 2819K(3072K)->2819K(3072K)
[2026-09-07T10:43:44.881+0900][28.204s][info][gc          ] GC(360) Pause Young (Normal) (G1 Evacuation Pause) 357M->155M(380M) 0.475ms
[2026-09-07T10:43:44.881+0900][28.204s][info][gc,cpu      ] GC(360) User=0.00s Sys=0.00s Real=0.00s
[2026-09-07T10:43:44.881+0900][28.204s][info][safepoint   ] Safepoint "G1CollectForAllocation", Time since last: 76542791 ns, Reaching safepoint: 1084 ns, Cleanup: 458 ns, At safepoint: 487792 ns, Leaving safepoint: 916 ns, Total: 490250 ns
[2026-09-07T10:43:44.961+0900][28.283s][info][gc,start    ] GC(361) Pause Young (Normal) (G1 Evacuation Pause)
[2026-09-07T10:43:44.961+0900][28.283s][info][gc,task     ] GC(361) Using 9 workers of 9 for evacuation
[2026-09-07T10:43:44.961+0900][28.284s][info][gc,phases   ] GC(361)   Pre Evacuate Collection Set: 0.08ms
[2026-09-07T10:43:44.961+0900][28.284s][info][gc,phases   ] GC(361)   Merge Heap Roots: 0.02ms
[2026-09-07T10:43:44.961+0900][28.284s][info][gc,phases   ] GC(361)   Evacuate Collection Set: 0.40ms
[2026-09-07T10:43:44.961+0900][28.284s][info][gc,phases   ] GC(361)   Post Evacuate Collection Set: 0.12ms
[2026-09-07T10:43:44.961+0900][28.284s][info][gc,phases   ] GC(361)   Other: 0.02ms
[2026-09-07T10:43:44.961+0900][28.284s][info][gc,heap     ] GC(361) Eden regions: 101->0(99)
[2026-09-07T10:43:44.961+0900][28.284s][info][gc,heap     ] GC(361) Survivor regions: 1->3(13)
[2026-09-07T10:43:44.961+0900][28.284s][info][gc,heap     ] GC(361) Old regions: 76->76
[2026-09-07T10:43:44.961+0900][28.284s][info][gc,heap     ] GC(361) Humongous regions: 2->2
[2026-09-07T10:43:44.961+0900][28.284s][info][gc,metaspace] GC(361) Metaspace: 23367K(23872K)->23367K(23872K) NonClass: 20548K(20800K)->20548K(20800K) Class: 2819K(3072K)->2819K(3072K)
[2026-09-07T10:43:44.961+0900][28.284s][info][gc          ] GC(361) Pause Young (Normal) (G1 Evacuation Pause) 357M->158M(380M) 0.703ms
[2026-09-07T10:43:44.961+0900][28.284s][info][gc,cpu      ] GC(361) User=0.01s Sys=0.00s Real=0.00s
[2026-09-07T10:43:44.961+0900][28.284s][info][safepoint   ] Safepoint "G1CollectForAllocation", Time since last: 79335125 ns, Reaching safepoint: 959 ns, Cleanup: 958 ns, At safepoint: 715875 ns, Leaving safepoint: 917 ns, Total: 718709 ns
[2026-09-07T10:43:45.038+0900][28.361s][info][gc,start    ] GC(362) Pause Young (Normal) (G1 Evacuation Pause)
[2026-09-07T10:43:45.038+0900][28.361s][info][gc,task     ] GC(362) Using 9 workers of 9 for evacuation
[2026-09-07T10:43:45.039+0900][28.362s][info][gc,phases   ] GC(362)   Pre Evacuate Collection Set: 0.07ms
[2026-09-07T10:43:45.039+0900][28.362s][info][gc,phases   ] GC(362)   Merge Heap Roots: 0.02ms
[2026-09-07T10:43:45.039+0900][28.362s][info][gc,phases   ] GC(362)   Evacuate Collection Set: 0.60ms
[2026-09-07T10:43:45.039+0900][28.362s][info][gc,phases   ] GC(362)   Post Evacuate Collection Set: 0.11ms
[2026-09-07T10:43:45.039+0900][28.362s][info][gc,phases   ] GC(362)   Other: 0.02ms
[2026-09-07T10:43:45.039+0900][28.362s][info][gc,heap     ] GC(362) Eden regions: 99->0(98)
[2026-09-07T10:43:45.039+0900][28.362s][info][gc,heap     ] GC(362) Survivor regions: 3->4(13)
[2026-09-07T10:43:45.039+0900][28.362s][info][gc,heap     ] GC(362) Old regions: 76->76
[2026-09-07T10:43:45.039+0900][28.362s][info][gc,heap     ] GC(362) Humongous regions: 2->2
[2026-09-07T10:43:45.039+0900][28.362s][info][gc,metaspace] GC(362) Metaspace: 23367K(23872K)->23367K(23872K) NonClass: 20548K(20800K)->20548K(20800K) Class: 2819K(3072K)->2819K(3072K)
[2026-09-07T10:43:45.039+0900][28.362s][info][gc          ] GC(362) Pause Young (Normal) (G1 Evacuation Pause) 356M->161M(380M) 0.889ms
[2026-09-07T10:43:45.039+0900][28.362s][info][gc,cpu      ] GC(362) User=0.01s Sys=0.00s Real=0.00s
[2026-09-07T10:43:45.039+0900][28.362s][info][safepoint   ] Safepoint "G1CollectForAllocation", Time since last: 76928416 ns, Reaching safepoint: 1084 ns, Cleanup: 583 ns, At safepoint: 902917 ns, Leaving safepoint: 916 ns, Total: 905500 ns
[2026-09-07T10:43:45.115+0900][28.438s][info][gc,start    ] GC(363) Pause Young (Normal) (G1 Evacuation Pause)
[2026-09-07T10:43:45.115+0900][28.438s][info][gc,task     ] GC(363) Using 9 workers of 9 for evacuation
[2026-09-07T10:43:45.115+0900][28.438s][info][gc,phases   ] GC(363)   Pre Evacuate Collection Set: 0.08ms
[2026-09-07T10:43:45.115+0900][28.438s][info][gc,phases   ] GC(363)   Merge Heap Roots: 0.02ms
[2026-09-07T10:43:45.115+0900][28.438s][info][gc,phases   ] GC(363)   Evacuate Collection Set: 0.29ms
[2026-09-07T10:43:45.115+0900][28.438s][info][gc,phases   ] GC(363)   Post Evacuate Collection Set: 0.11ms
[2026-09-07T10:43:45.115+0900][28.438s][info][gc,phases   ] GC(363)   Other: 0.02ms
[2026-09-07T10:43:45.115+0900][28.438s][info][gc,heap     ] GC(363) Eden regions: 98->0(100)
[2026-09-07T10:43:45.115+0900][28.438s][info][gc,heap     ] GC(363) Survivor regions: 4->2(13)
[2026-09-07T10:43:45.115+0900][28.438s][info][gc,heap     ] GC(363) Old regions: 76->76
[2026-09-07T10:43:45.115+0900][28.438s][info][gc,heap     ] GC(363) Humongous regions: 2->2
[2026-09-07T10:43:45.115+0900][28.438s][info][gc,metaspace] GC(363) Metaspace: 23367K(23872K)->23367K(23872K) NonClass: 20548K(20800K)->20548K(20800K) Class: 2819K(3072K)->2819K(3072K)
[2026-09-07T10:43:45.115+0900][28.438s][info][gc          ] GC(363) Pause Young (Normal) (G1 Evacuation Pause) 357M->157M(380M) 0.580ms
[2026-09-07T10:43:45.115+0900][28.438s][info][gc,cpu      ] GC(363) User=0.01s Sys=0.00s Real=0.00s
[2026-09-07T10:43:45.115+0900][28.438s][info][safepoint   ] Safepoint "G1CollectForAllocation", Time since last: 75702459 ns, Reaching safepoint: 1125 ns, Cleanup: 875 ns, At safepoint: 592250 ns, Leaving safepoint: 1000 ns, Total: 595250 ns
[2026-09-07T10:43:45.192+0900][28.515s][info][gc,start    ] GC(364) Pause Young (Normal) (G1 Evacuation Pause)
[2026-09-07T10:43:45.192+0900][28.515s][info][gc,task     ] GC(364) Using 9 workers of 9 for evacuation
[2026-09-07T10:43:45.193+0900][28.516s][info][gc,phases   ] GC(364)   Pre Evacuate Collection Set: 0.07ms
[2026-09-07T10:43:45.193+0900][28.516s][info][gc,phases   ] GC(364)   Merge Heap Roots: 0.03ms
[2026-09-07T10:43:45.193+0900][28.516s][info][gc,phases   ] GC(364)   Evacuate Collection Set: 0.49ms
[2026-09-07T10:43:45.193+0900][28.516s][info][gc,phases   ] GC(364)   Post Evacuate Collection Set: 0.11ms
[2026-09-07T10:43:45.193+0900][28.516s][info][gc,phases   ] GC(364)   Other: 0.02ms
[2026-09-07T10:43:45.193+0900][28.516s][info][gc,heap     ] GC(364) Eden regions: 100->0(99)
[2026-09-07T10:43:45.193+0900][28.516s][info][gc,heap     ] GC(364) Survivor regions: 2->3(13)
[2026-09-07T10:43:45.193+0900][28.516s][info][gc,heap     ] GC(364) Old regions: 76->76
[2026-09-07T10:43:45.193+0900][28.516s][info][gc,heap     ] GC(364) Humongous regions: 2->2
[2026-09-07T10:43:45.193+0900][28.516s][info][gc,metaspace] GC(364) Metaspace: 23367K(23872K)->23367K(23872K) NonClass: 20548K(20800K)->20548K(20800K) Class: 2819K(3072K)->2819K(3072K)
[2026-09-07T10:43:45.193+0900][28.516s][info][gc          ] GC(364) Pause Young (Normal) (G1 Evacuation Pause) 357M->159M(380M) 0.791ms
[2026-09-07T10:43:45.193+0900][28.516s][info][gc,cpu      ] GC(364) User=0.01s Sys=0.00s Real=0.00s
[2026-09-07T10:43:45.193+0900][28.516s][info][safepoint   ] Safepoint "G1CollectForAllocation", Time since last: 76589875 ns, Reaching safepoint: 833 ns, Cleanup: 458 ns, At safepoint: 804084 ns, Leaving safepoint: 833 ns, Total: 806208 ns
[2026-09-07T10:43:45.269+0900][28.592s][info][gc,start    ] GC(365) Pause Young (Normal) (G1 Evacuation Pause)
[2026-09-07T10:43:45.269+0900][28.592s][info][gc,task     ] GC(365) Using 9 workers of 9 for evacuation
[2026-09-07T10:43:45.270+0900][28.592s][info][gc,phases   ] GC(365)   Pre Evacuate Collection Set: 0.07ms
[2026-09-07T10:43:45.270+0900][28.592s][info][gc,phases   ] GC(365)   Merge Heap Roots: 0.02ms
[2026-09-07T10:43:45.270+0900][28.592s][info][gc,phases   ] GC(365)   Evacuate Collection Set: 0.18ms
[2026-09-07T10:43:45.270+0900][28.592s][info][gc,phases   ] GC(365)   Post Evacuate Collection Set: 0.12ms
[2026-09-07T10:43:45.270+0900][28.592s][info][gc,phases   ] GC(365)   Other: 0.02ms
[2026-09-07T10:43:45.270+0900][28.592s][info][gc,heap     ] GC(365) Eden regions: 99->0(101)
[2026-09-07T10:43:45.270+0900][28.593s][info][gc,heap     ] GC(365) Survivor regions: 3->1(13)
[2026-09-07T10:43:45.270+0900][28.593s][info][gc,heap     ] GC(365) Old regions: 76->76
[2026-09-07T10:43:45.270+0900][28.593s][info][gc,heap     ] GC(365) Humongous regions: 2->2
[2026-09-07T10:43:45.270+0900][28.593s][info][gc,metaspace] GC(365) Metaspace: 23367K(23872K)->23367K(23872K) NonClass: 20548K(20800K)->20548K(20800K) Class: 2819K(3072K)->2819K(3072K)
[2026-09-07T10:43:45.270+0900][28.593s][info][gc          ] GC(365) Pause Young (Normal) (G1 Evacuation Pause) 357M->155M(380M) 0.470ms
[2026-09-07T10:43:45.270+0900][28.593s][info][gc,cpu      ] GC(365) User=0.01s Sys=0.00s Real=0.01s
[2026-09-07T10:43:45.270+0900][28.593s][info][safepoint   ] Safepoint "G1CollectForAllocation", Time since last: 76378375 ns, Reaching safepoint: 958 ns, Cleanup: 750 ns, At safepoint: 485959 ns, Leaving safepoint: 958 ns, Total: 488625 ns
[2026-09-07T10:43:45.348+0900][28.671s][info][gc,start    ] GC(366) Pause Young (Normal) (G1 Evacuation Pause)
[2026-09-07T10:43:45.348+0900][28.671s][info][gc,task     ] GC(366) Using 9 workers of 9 for evacuation
[2026-09-07T10:43:45.349+0900][28.671s][info][gc,phases   ] GC(366)   Pre Evacuate Collection Set: 0.07ms
[2026-09-07T10:43:45.349+0900][28.671s][info][gc,phases   ] GC(366)   Merge Heap Roots: 0.02ms
[2026-09-07T10:43:45.349+0900][28.671s][info][gc,phases   ] GC(366)   Evacuate Collection Set: 0.43ms
[2026-09-07T10:43:45.349+0900][28.671s][info][gc,phases   ] GC(366)   Post Evacuate Collection Set: 0.12ms
[2026-09-07T10:43:45.349+0900][28.671s][info][gc,phases   ] GC(366)   Other: 0.02ms
[2026-09-07T10:43:45.349+0900][28.671s][info][gc,heap     ] GC(366) Eden regions: 101->0(99)
[2026-09-07T10:43:45.349+0900][28.671s][info][gc,heap     ] GC(366) Survivor regions: 1->3(13)
[2026-09-07T10:43:45.349+0900][28.671s][info][gc,heap     ] GC(366) Old regions: 76->76
[2026-09-07T10:43:45.349+0900][28.671s][info][gc,heap     ] GC(366) Humongous regions: 2->2
[2026-09-07T10:43:45.349+0900][28.671s][info][gc,metaspace] GC(366) Metaspace: 23367K(23872K)->23367K(23872K) NonClass: 20548K(20800K)->20548K(20800K) Class: 2819K(3072K)->2819K(3072K)
[2026-09-07T10:43:45.349+0900][28.671s][info][gc          ] GC(366) Pause Young (Normal) (G1 Evacuation Pause) 357M->158M(380M) 0.726ms
[2026-09-07T10:43:45.349+0900][28.671s][info][gc,cpu      ] GC(366) User=0.01s Sys=0.00s Real=0.00s
[2026-09-07T10:43:45.349+0900][28.671s][info][safepoint   ] Safepoint "G1CollectForAllocation", Time since last: 78192375 ns, Reaching safepoint: 875 ns, Cleanup: 333 ns, At safepoint: 741042 ns, Leaving safepoint: 833 ns, Total: 743083 ns
[2026-09-07T10:43:45.426+0900][28.749s][info][gc,start    ] GC(367) Pause Young (Normal) (G1 Evacuation Pause)
[2026-09-07T10:43:45.426+0900][28.749s][info][gc,task     ] GC(367) Using 9 workers of 9 for evacuation
[2026-09-07T10:43:45.427+0900][28.750s][info][gc,phases   ] GC(367)   Pre Evacuate Collection Set: 0.10ms
[2026-09-07T10:43:45.427+0900][28.750s][info][gc,phases   ] GC(367)   Merge Heap Roots: 0.03ms
[2026-09-07T10:43:45.427+0900][28.750s][info][gc,phases   ] GC(367)   Evacuate Collection Set: 0.59ms
[2026-09-07T10:43:45.427+0900][28.750s][info][gc,phases   ] GC(367)   Post Evacuate Collection Set: 0.11ms
[2026-09-07T10:43:45.427+0900][28.750s][info][gc,phases   ] GC(367)   Other: 0.02ms
[2026-09-07T10:43:45.427+0900][28.750s][info][gc,heap     ] GC(367) Eden regions: 99->0(98)
[2026-09-07T10:43:45.427+0900][28.750s][info][gc,heap     ] GC(367) Survivor regions: 3->4(13)
[2026-09-07T10:43:45.427+0900][28.750s][info][gc,heap     ] GC(367) Old regions: 76->76
[2026-09-07T10:43:45.427+0900][28.750s][info][gc,heap     ] GC(367) Humongous regions: 2->2
[2026-09-07T10:43:45.427+0900][28.750s][info][gc,metaspace] GC(367) Metaspace: 23367K(23872K)->23367K(23872K) NonClass: 20548K(20800K)->20548K(20800K) Class: 2819K(3072K)->2819K(3072K)
[2026-09-07T10:43:45.427+0900][28.750s][info][gc          ] GC(367) Pause Young (Normal) (G1 Evacuation Pause) 356M->161M(380M) 0.909ms
[2026-09-07T10:43:45.427+0900][28.750s][info][gc,cpu      ] GC(367) User=0.00s Sys=0.01s Real=0.00s
[2026-09-07T10:43:45.427+0900][28.750s][info][safepoint   ] Safepoint "G1CollectForAllocation", Time since last: 77779250 ns, Reaching safepoint: 1125 ns, Cleanup: 750 ns, At safepoint: 922625 ns, Leaving safepoint: 834 ns, Total: 925334 ns
[2026-09-07T10:43:45.504+0900][28.826s][info][gc,start    ] GC(368) Pause Young (Normal) (G1 Evacuation Pause)
[2026-09-07T10:43:45.504+0900][28.826s][info][gc,task     ] GC(368) Using 9 workers of 9 for evacuation
[2026-09-07T10:43:45.504+0900][28.827s][info][gc,phases   ] GC(368)   Pre Evacuate Collection Set: 0.07ms
[2026-09-07T10:43:45.504+0900][28.827s][info][gc,phases   ] GC(368)   Merge Heap Roots: 0.02ms
[2026-09-07T10:43:45.504+0900][28.827s][info][gc,phases   ] GC(368)   Evacuate Collection Set: 0.34ms
[2026-09-07T10:43:45.504+0900][28.827s][info][gc,phases   ] GC(368)   Post Evacuate Collection Set: 0.10ms
[2026-09-07T10:43:45.504+0900][28.827s][info][gc,phases   ] GC(368)   Other: 0.02ms
[2026-09-07T10:43:45.504+0900][28.827s][info][gc,heap     ] GC(368) Eden regions: 98->0(100)
[2026-09-07T10:43:45.504+0900][28.827s][info][gc,heap     ] GC(368) Survivor regions: 4->2(13)
[2026-09-07T10:43:45.504+0900][28.827s][info][gc,heap     ] GC(368) Old regions: 76->76
[2026-09-07T10:43:45.504+0900][28.827s][info][gc,heap     ] GC(368) Humongous regions: 2->2
[2026-09-07T10:43:45.504+0900][28.827s][info][gc,metaspace] GC(368) Metaspace: 23368K(23872K)->23368K(23872K) NonClass: 20549K(20800K)->20549K(20800K) Class: 2819K(3072K)->2819K(3072K)
[2026-09-07T10:43:45.504+0900][28.827s][info][gc          ] GC(368) Pause Young (Normal) (G1 Evacuation Pause) 357M->157M(380M) 0.626ms
[2026-09-07T10:43:45.504+0900][28.827s][info][gc,cpu      ] GC(368) User=0.00s Sys=0.00s Real=0.00s
[2026-09-07T10:43:45.504+0900][28.827s][info][safepoint   ] Safepoint "G1CollectForAllocation", Time since last: 76245500 ns, Reaching safepoint: 1375 ns, Cleanup: 791 ns, At safepoint: 639250 ns, Leaving safepoint: 834 ns, Total: 642250 ns
[2026-09-07T10:43:45.581+0900][28.904s][info][gc,start    ] GC(369) Pause Young (Normal) (G1 Evacuation Pause)
[2026-09-07T10:43:45.581+0900][28.904s][info][gc,task     ] GC(369) Using 9 workers of 9 for evacuation
[2026-09-07T10:43:45.582+0900][28.905s][info][gc,phases   ] GC(369)   Pre Evacuate Collection Set: 0.07ms
[2026-09-07T10:43:45.582+0900][28.905s][info][gc,phases   ] GC(369)   Merge Heap Roots: 0.02ms
[2026-09-07T10:43:45.582+0900][28.905s][info][gc,phases   ] GC(369)   Evacuate Collection Set: 0.52ms
[2026-09-07T10:43:45.582+0900][28.905s][info][gc,phases   ] GC(369)   Post Evacuate Collection Set: 0.11ms
[2026-09-07T10:43:45.582+0900][28.905s][info][gc,phases   ] GC(369)   Other: 0.02ms
[2026-09-07T10:43:45.582+0900][28.905s][info][gc,heap     ] GC(369) Eden regions: 100->0(98)
[2026-09-07T10:43:45.582+0900][28.905s][info][gc,heap     ] GC(369) Survivor regions: 2->4(13)
[2026-09-07T10:43:45.582+0900][28.905s][info][gc,heap     ] GC(369) Old regions: 76->76
[2026-09-07T10:43:45.582+0900][28.905s][info][gc,heap     ] GC(369) Humongous regions: 2->2
[2026-09-07T10:43:45.582+0900][28.905s][info][gc,metaspace] GC(369) Metaspace: 23368K(23872K)->23368K(23872K) NonClass: 20549K(20800K)->20549K(20800K) Class: 2819K(3072K)->2819K(3072K)
[2026-09-07T10:43:45.582+0900][28.905s][info][gc          ] GC(369) Pause Young (Normal) (G1 Evacuation Pause) 357M->160M(380M) 0.809ms
[2026-09-07T10:43:45.582+0900][28.905s][info][gc,cpu      ] GC(369) User=0.00s Sys=0.00s Real=0.00s
[2026-09-07T10:43:45.582+0900][28.905s][info][safepoint   ] Safepoint "G1CollectForAllocation", Time since last: 76690166 ns, Reaching safepoint: 875 ns, Cleanup: 417 ns, At safepoint: 822583 ns, Leaving safepoint: 917 ns, Total: 824792 ns
[2026-09-07T10:43:45.657+0900][28.980s][info][gc,start    ] GC(370) Pause Young (Normal) (G1 Evacuation Pause)
[2026-09-07T10:43:45.657+0900][28.980s][info][gc,task     ] GC(370) Using 9 workers of 9 for evacuation
[2026-09-07T10:43:45.658+0900][28.981s][info][gc,phases   ] GC(370)   Pre Evacuate Collection Set: 0.08ms
[2026-09-07T10:43:45.658+0900][28.981s][info][gc,phases   ] GC(370)   Merge Heap Roots: 0.04ms
[2026-09-07T10:43:45.658+0900][28.981s][info][gc,phases   ] GC(370)   Evacuate Collection Set: 0.21ms
[2026-09-07T10:43:45.658+0900][28.981s][info][gc,phases   ] GC(370)   Post Evacuate Collection Set: 0.12ms
[2026-09-07T10:43:45.658+0900][28.981s][info][gc,phases   ] GC(370)   Other: 0.02ms
[2026-09-07T10:43:45.658+0900][28.981s][info][gc,heap     ] GC(370) Eden regions: 98->0(100)
[2026-09-07T10:43:45.658+0900][28.981s][info][gc,heap     ] GC(370) Survivor regions: 4->2(13)
[2026-09-07T10:43:45.658+0900][28.981s][info][gc,heap     ] GC(370) Old regions: 76->76
[2026-09-07T10:43:45.658+0900][28.981s][info][gc,heap     ] GC(370) Humongous regions: 2->2
[2026-09-07T10:43:45.658+0900][28.981s][info][gc,metaspace] GC(370) Metaspace: 23369K(23872K)->23369K(23872K) NonClass: 20550K(20800K)->20550K(20800K) Class: 2819K(3072K)->2819K(3072K)
[2026-09-07T10:43:45.658+0900][28.981s][info][gc          ] GC(370) Pause Young (Normal) (G1 Evacuation Pause) 356M->156M(380M) 0.531ms
[2026-09-07T10:43:45.658+0900][28.981s][info][gc,cpu      ] GC(370) User=0.00s Sys=0.00s Real=0.00s
[2026-09-07T10:43:45.658+0900][28.981s][info][safepoint   ] Safepoint "G1CollectForAllocation", Time since last: 75744458 ns, Reaching safepoint: 834 ns, Cleanup: 375 ns, At safepoint: 543833 ns, Leaving safepoint: 792 ns, Total: 545834 ns
[2026-09-07T10:43:45.735+0900][29.058s][info][gc,start    ] GC(371) Pause Young (Normal) (G1 Evacuation Pause)
[2026-09-07T10:43:45.735+0900][29.058s][info][gc,task     ] GC(371) Using 9 workers of 9 for evacuation
[2026-09-07T10:43:45.736+0900][29.059s][info][gc,phases   ] GC(371)   Pre Evacuate Collection Set: 0.08ms
[2026-09-07T10:43:45.736+0900][29.059s][info][gc,phases   ] GC(371)   Merge Heap Roots: 0.04ms
[2026-09-07T10:43:45.736+0900][29.059s][info][gc,phases   ] GC(371)   Evacuate Collection Set: 0.46ms
[2026-09-07T10:43:45.736+0900][29.059s][info][gc,phases   ] GC(371)   Post Evacuate Collection Set: 0.11ms
[2026-09-07T10:43:45.736+0900][29.059s][info][gc,phases   ] GC(371)   Other: 0.02ms
[2026-09-07T10:43:45.736+0900][29.059s][info][gc,heap     ] GC(371) Eden regions: 100->0(99)
[2026-09-07T10:43:45.736+0900][29.059s][info][gc,heap     ] GC(371) Survivor regions: 2->3(13)
[2026-09-07T10:43:45.736+0900][29.059s][info][gc,heap     ] GC(371) Old regions: 76->76
[2026-09-07T10:43:45.736+0900][29.059s][info][gc,heap     ] GC(371) Humongous regions: 2->2
[2026-09-07T10:43:45.736+0900][29.059s][info][gc,metaspace] GC(371) Metaspace: 23369K(23872K)->23369K(23872K) NonClass: 20550K(20800K)->20550K(20800K) Class: 2819K(3072K)->2819K(3072K)
[2026-09-07T10:43:45.736+0900][29.059s][info][gc          ] GC(371) Pause Young (Normal) (G1 Evacuation Pause) 356M->159M(380M) 0.776ms
[2026-09-07T10:43:45.736+0900][29.059s][info][gc,cpu      ] GC(371) User=0.00s Sys=0.00s Real=0.00s
[2026-09-07T10:43:45.736+0900][29.059s][info][safepoint   ] Safepoint "G1CollectForAllocation", Time since last: 77048916 ns, Reaching safepoint: 1334 ns, Cleanup: 625 ns, At safepoint: 790125 ns, Leaving safepoint: 833 ns, Total: 792917 ns
[2026-09-07T10:43:45.812+0900][29.135s][info][gc,start    ] GC(372) Pause Young (Normal) (G1 Evacuation Pause)
[2026-09-07T10:43:45.812+0900][29.135s][info][gc,task     ] GC(372) Using 9 workers of 9 for evacuation
[2026-09-07T10:43:45.813+0900][29.136s][info][gc,phases   ] GC(372)   Pre Evacuate Collection Set: 0.07ms
[2026-09-07T10:43:45.813+0900][29.136s][info][gc,phases   ] GC(372)   Merge Heap Roots: 0.02ms
[2026-09-07T10:43:45.813+0900][29.136s][info][gc,phases   ] GC(372)   Evacuate Collection Set: 0.64ms
[2026-09-07T10:43:45.813+0900][29.136s][info][gc,phases   ] GC(372)   Post Evacuate Collection Set: 0.11ms
[2026-09-07T10:43:45.813+0900][29.136s][info][gc,phases   ] GC(372)   Other: 0.01ms
[2026-09-07T10:43:45.813+0900][29.136s][info][gc,heap     ] GC(372) Eden regions: 99->0(97)
[2026-09-07T10:43:45.813+0900][29.136s][info][gc,heap     ] GC(372) Survivor regions: 3->5(13)
[2026-09-07T10:43:45.813+0900][29.136s][info][gc,heap     ] GC(372) Old regions: 76->76
[2026-09-07T10:43:45.813+0900][29.136s][info][gc,heap     ] GC(372) Humongous regions: 2->2
[2026-09-07T10:43:45.813+0900][29.136s][info][gc,metaspace] GC(372) Metaspace: 23369K(23872K)->23369K(23872K) NonClass: 20550K(20800K)->20550K(20800K) Class: 2819K(3072K)->2819K(3072K)
[2026-09-07T10:43:45.813+0900][29.136s][info][gc          ] GC(372) Pause Young (Normal) (G1 Evacuation Pause) 357M->162M(380M) 0.930ms
[2026-09-07T10:43:45.813+0900][29.136s][info][gc,cpu      ] GC(372) User=0.00s Sys=0.00s Real=0.00s
[2026-09-07T10:43:45.813+0900][29.136s][info][safepoint   ] Safepoint "G1CollectForAllocation", Time since last: 76143500 ns, Reaching safepoint: 1042 ns, Cleanup: 1041 ns, At safepoint: 943250 ns, Leaving safepoint: 875 ns, Total: 946208 ns
[2026-09-07T10:43:45.888+0900][29.211s][info][gc,start    ] GC(373) Pause Young (Normal) (G1 Evacuation Pause)
[2026-09-07T10:43:45.888+0900][29.211s][info][gc,task     ] GC(373) Using 9 workers of 9 for evacuation
[2026-09-07T10:43:45.889+0900][29.212s][info][gc,phases   ] GC(373)   Pre Evacuate Collection Set: 0.07ms
[2026-09-07T10:43:45.889+0900][29.212s][info][gc,phases   ] GC(373)   Merge Heap Roots: 0.04ms
[2026-09-07T10:43:45.889+0900][29.212s][info][gc,phases   ] GC(373)   Evacuate Collection Set: 0.42ms
[2026-09-07T10:43:45.889+0900][29.212s][info][gc,phases   ] GC(373)   Post Evacuate Collection Set: 0.12ms
[2026-09-07T10:43:45.889+0900][29.212s][info][gc,phases   ] GC(373)   Other: 0.02ms
[2026-09-07T10:43:45.889+0900][29.212s][info][gc,heap     ] GC(373) Eden regions: 97->0(99)
[2026-09-07T10:43:45.889+0900][29.212s][info][gc,heap     ] GC(373) Survivor regions: 5->3(13)
[2026-09-07T10:43:45.889+0900][29.212s][info][gc,heap     ] GC(373) Old regions: 76->76
[2026-09-07T10:43:45.889+0900][29.212s][info][gc,heap     ] GC(373) Humongous regions: 2->2
[2026-09-07T10:43:45.889+0900][29.212s][info][gc,metaspace] GC(373) Metaspace: 23369K(23872K)->23369K(23872K) NonClass: 20550K(20800K)->20550K(20800K) Class: 2819K(3072K)->2819K(3072K)
[2026-09-07T10:43:45.889+0900][29.212s][info][gc          ] GC(373) Pause Young (Normal) (G1 Evacuation Pause) 356M->158M(380M) 0.739ms
[2026-09-07T10:43:45.889+0900][29.212s][info][gc,cpu      ] GC(373) User=0.00s Sys=0.00s Real=0.00s
[2026-09-07T10:43:45.889+0900][29.212s][info][safepoint   ] Safepoint "G1CollectForAllocation", Time since last: 75410584 ns, Reaching safepoint: 1708 ns, Cleanup: 1208 ns, At safepoint: 754625 ns, Leaving safepoint: 917 ns, Total: 758458 ns
[2026-09-07T10:43:45.967+0900][29.290s][info][gc,start    ] GC(374) Pause Young (Normal) (G1 Evacuation Pause)
[2026-09-07T10:43:45.967+0900][29.290s][info][gc,task     ] GC(374) Using 9 workers of 9 for evacuation
[2026-09-07T10:43:45.968+0900][29.291s][info][gc,phases   ] GC(374)   Pre Evacuate Collection Set: 0.07ms
[2026-09-07T10:43:45.968+0900][29.291s][info][gc,phases   ] GC(374)   Merge Heap Roots: 0.04ms
[2026-09-07T10:43:45.968+0900][29.291s][info][gc,phases   ] GC(374)   Evacuate Collection Set: 0.58ms
[2026-09-07T10:43:45.968+0900][29.291s][info][gc,phases   ] GC(374)   Post Evacuate Collection Set: 0.11ms
[2026-09-07T10:43:45.968+0900][29.291s][info][gc,phases   ] GC(374)   Other: 0.02ms
[2026-09-07T10:43:45.968+0900][29.291s][info][gc,heap     ] GC(374) Eden regions: 99->0(98)
[2026-09-07T10:43:45.968+0900][29.291s][info][gc,heap     ] GC(374) Survivor regions: 3->4(13)
[2026-09-07T10:43:45.968+0900][29.291s][info][gc,heap     ] GC(374) Old regions: 76->76
[2026-09-07T10:43:45.968+0900][29.291s][info][gc,heap     ] GC(374) Humongous regions: 2->2
[2026-09-07T10:43:45.968+0900][29.291s][info][gc,metaspace] GC(374) Metaspace: 23369K(23872K)->23369K(23872K) NonClass: 20550K(20800K)->20550K(20800K) Class: 2819K(3072K)->2819K(3072K)
[2026-09-07T10:43:45.968+0900][29.291s][info][gc          ] GC(374) Pause Young (Normal) (G1 Evacuation Pause) 356M->162M(380M) 0.889ms
[2026-09-07T10:43:45.968+0900][29.291s][info][gc,cpu      ] GC(374) User=0.00s Sys=0.00s Real=0.00s
[2026-09-07T10:43:45.968+0900][29.291s][info][safepoint   ] Safepoint "G1CollectForAllocation", Time since last: 77892583 ns, Reaching safepoint: 959 ns, Cleanup: 625 ns, At safepoint: 902625 ns, Leaving safepoint: 750 ns, Total: 904959 ns
[2026-09-07T10:43:46.044+0900][29.367s][info][gc,start    ] GC(375) Pause Young (Normal) (G1 Evacuation Pause)
[2026-09-07T10:43:46.044+0900][29.367s][info][gc,task     ] GC(375) Using 9 workers of 9 for evacuation
[2026-09-07T10:43:46.045+0900][29.368s][info][gc,phases   ] GC(375)   Pre Evacuate Collection Set: 0.08ms
[2026-09-07T10:43:46.045+0900][29.368s][info][gc,phases   ] GC(375)   Merge Heap Roots: 0.02ms
[2026-09-07T10:43:46.045+0900][29.368s][info][gc,phases   ] GC(375)   Evacuate Collection Set: 0.34ms
[2026-09-07T10:43:46.045+0900][29.368s][info][gc,phases   ] GC(375)   Post Evacuate Collection Set: 0.11ms
[2026-09-07T10:43:46.045+0900][29.368s][info][gc,phases   ] GC(375)   Other: 0.02ms
[2026-09-07T10:43:46.045+0900][29.368s][info][gc,heap     ] GC(375) Eden regions: 98->0(100)
[2026-09-07T10:43:46.045+0900][29.368s][info][gc,heap     ] GC(375) Survivor regions: 4->2(13)
[2026-09-07T10:43:46.045+0900][29.368s][info][gc,heap     ] GC(375) Old regions: 76->76
[2026-09-07T10:43:46.045+0900][29.368s][info][gc,heap     ] GC(375) Humongous regions: 2->2
[2026-09-07T10:43:46.045+0900][29.368s][info][gc,metaspace] GC(375) Metaspace: 23369K(23872K)->23369K(23872K) NonClass: 20550K(20800K)->20550K(20800K) Class: 2819K(3072K)->2819K(3072K)
[2026-09-07T10:43:46.045+0900][29.368s][info][gc          ] GC(375) Pause Young (Normal) (G1 Evacuation Pause) 358M->157M(380M) 0.629ms
[2026-09-07T10:43:46.045+0900][29.368s][info][gc,cpu      ] GC(375) User=0.00s Sys=0.00s Real=0.00s
[2026-09-07T10:43:46.045+0900][29.368s][info][safepoint   ] Safepoint "G1CollectForAllocation", Time since last: 76465750 ns, Reaching safepoint: 875 ns, Cleanup: 791 ns, At safepoint: 641542 ns, Leaving safepoint: 917 ns, Total: 644125 ns
[2026-09-07T10:43:46.122+0900][29.444s][info][gc,start    ] GC(376) Pause Young (Normal) (G1 Evacuation Pause)
[2026-09-07T10:43:46.122+0900][29.444s][info][gc,task     ] GC(376) Using 9 workers of 9 for evacuation
[2026-09-07T10:43:46.122+0900][29.445s][info][gc,phases   ] GC(376)   Pre Evacuate Collection Set: 0.06ms
[2026-09-07T10:43:46.122+0900][29.445s][info][gc,phases   ] GC(376)   Merge Heap Roots: 0.04ms
[2026-09-07T10:43:46.122+0900][29.445s][info][gc,phases   ] GC(376)   Evacuate Collection Set: 0.52ms
[2026-09-07T10:43:46.122+0900][29.445s][info][gc,phases   ] GC(376)   Post Evacuate Collection Set: 0.11ms
[2026-09-07T10:43:46.122+0900][29.445s][info][gc,phases   ] GC(376)   Other: 0.01ms
[2026-09-07T10:43:46.122+0900][29.445s][info][gc,heap     ] GC(376) Eden regions: 100->0(98)
[2026-09-07T10:43:46.122+0900][29.445s][info][gc,heap     ] GC(376) Survivor regions: 2->4(13)
[2026-09-07T10:43:46.122+0900][29.445s][info][gc,heap     ] GC(376) Old regions: 76->76
[2026-09-07T10:43:46.122+0900][29.445s][info][gc,heap     ] GC(376) Humongous regions: 2->2
[2026-09-07T10:43:46.122+0900][29.445s][info][gc,metaspace] GC(376) Metaspace: 23369K(23872K)->23369K(23872K) NonClass: 20550K(20800K)->20550K(20800K) Class: 2819K(3072K)->2819K(3072K)
[2026-09-07T10:43:46.122+0900][29.445s][info][gc          ] GC(376) Pause Young (Normal) (G1 Evacuation Pause) 357M->160M(380M) 0.818ms
[2026-09-07T10:43:46.122+0900][29.445s][info][gc,cpu      ] GC(376) User=0.00s Sys=0.00s Real=0.00s
[2026-09-07T10:43:46.122+0900][29.445s][info][safepoint   ] Safepoint "G1CollectForAllocation", Time since last: 76559291 ns, Reaching safepoint: 917 ns, Cleanup: 750 ns, At safepoint: 830042 ns, Leaving safepoint: 750 ns, Total: 832459 ns
[2026-09-07T10:43:46.198+0900][29.520s][info][gc,start    ] GC(377) Pause Young (Normal) (G1 Evacuation Pause)
[2026-09-07T10:43:46.198+0900][29.520s][info][gc,task     ] GC(377) Using 9 workers of 9 for evacuation
[2026-09-07T10:43:46.198+0900][29.521s][info][gc,phases   ] GC(377)   Pre Evacuate Collection Set: 0.06ms
[2026-09-07T10:43:46.198+0900][29.521s][info][gc,phases   ] GC(377)   Merge Heap Roots: 0.04ms
[2026-09-07T10:43:46.198+0900][29.521s][info][gc,phases   ] GC(377)   Evacuate Collection Set: 0.27ms
[2026-09-07T10:43:46.198+0900][29.521s][info][gc,phases   ] GC(377)   Post Evacuate Collection Set: 0.12ms
[2026-09-07T10:43:46.198+0900][29.521s][info][gc,phases   ] GC(377)   Other: 0.02ms
[2026-09-07T10:43:46.198+0900][29.521s][info][gc,heap     ] GC(377) Eden regions: 98->0(100)
[2026-09-07T10:43:46.198+0900][29.521s][info][gc,heap     ] GC(377) Survivor regions: 4->2(13)
[2026-09-07T10:43:46.198+0900][29.521s][info][gc,heap     ] GC(377) Old regions: 76->76
[2026-09-07T10:43:46.198+0900][29.521s][info][gc,heap     ] GC(377) Humongous regions: 2->2
[2026-09-07T10:43:46.198+0900][29.521s][info][gc,metaspace] GC(377) Metaspace: 23369K(23872K)->23369K(23872K) NonClass: 20550K(20800K)->20550K(20800K) Class: 2819K(3072K)->2819K(3072K)
[2026-09-07T10:43:46.198+0900][29.521s][info][gc          ] GC(377) Pause Young (Normal) (G1 Evacuation Pause) 356M->156M(380M) 0.570ms
[2026-09-07T10:43:46.198+0900][29.521s][info][gc,cpu      ] GC(377) User=0.00s Sys=0.00s Real=0.00s
[2026-09-07T10:43:46.198+0900][29.521s][info][safepoint   ] Safepoint "G1CollectForAllocation", Time since last: 75143541 ns, Reaching safepoint: 750 ns, Cleanup: 417 ns, At safepoint: 583250 ns, Leaving safepoint: 917 ns, Total: 585334 ns
[2026-09-07T10:43:46.276+0900][29.598s][info][gc,start    ] GC(378) Pause Young (Normal) (G1 Evacuation Pause)
[2026-09-07T10:43:46.276+0900][29.599s][info][gc,task     ] GC(378) Using 9 workers of 9 for evacuation
[2026-09-07T10:43:46.276+0900][29.599s][info][gc,phases   ] GC(378)   Pre Evacuate Collection Set: 0.07ms
[2026-09-07T10:43:46.276+0900][29.599s][info][gc,phases   ] GC(378)   Merge Heap Roots: 0.02ms
[2026-09-07T10:43:46.276+0900][29.599s][info][gc,phases   ] GC(378)   Evacuate Collection Set: 0.49ms
[2026-09-07T10:43:46.276+0900][29.599s][info][gc,phases   ] GC(378)   Post Evacuate Collection Set: 0.12ms
[2026-09-07T10:43:46.276+0900][29.599s][info][gc,phases   ] GC(378)   Other: 0.02ms
[2026-09-07T10:43:46.276+0900][29.599s][info][gc,heap     ] GC(378) Eden regions: 100->0(99)
[2026-09-07T10:43:46.276+0900][29.599s][info][gc,heap     ] GC(378) Survivor regions: 2->3(13)
[2026-09-07T10:43:46.276+0900][29.599s][info][gc,heap     ] GC(378) Old regions: 76->76
[2026-09-07T10:43:46.276+0900][29.599s][info][gc,heap     ] GC(378) Humongous regions: 2->2
[2026-09-07T10:43:46.276+0900][29.599s][info][gc,metaspace] GC(378) Metaspace: 23369K(23872K)->23369K(23872K) NonClass: 20550K(20800K)->20550K(20800K) Class: 2819K(3072K)->2819K(3072K)
[2026-09-07T10:43:46.276+0900][29.599s][info][gc          ] GC(378) Pause Young (Normal) (G1 Evacuation Pause) 356M->159M(380M) 0.785ms
[2026-09-07T10:43:46.276+0900][29.599s][info][gc,cpu      ] GC(378) User=0.00s Sys=0.00s Real=0.00s
[2026-09-07T10:43:46.276+0900][29.599s][info][safepoint   ] Safepoint "G1CollectForAllocation", Time since last: 77494250 ns, Reaching safepoint: 1375 ns, Cleanup: 291 ns, At safepoint: 797792 ns, Leaving safepoint: 750 ns, Total: 800208 ns
[2026-09-07T10:43:46.353+0900][29.676s][info][gc,start    ] GC(379) Pause Young (Normal) (G1 Evacuation Pause)
[2026-09-07T10:43:46.353+0900][29.676s][info][gc,task     ] GC(379) Using 9 workers of 9 for evacuation
[2026-09-07T10:43:46.353+0900][29.676s][info][gc,phases   ] GC(379)   Pre Evacuate Collection Set: 0.08ms
[2026-09-07T10:43:46.353+0900][29.676s][info][gc,phases   ] GC(379)   Merge Heap Roots: 0.02ms
[2026-09-07T10:43:46.353+0900][29.676s][info][gc,phases   ] GC(379)   Evacuate Collection Set: 0.21ms
[2026-09-07T10:43:46.353+0900][29.676s][info][gc,phases   ] GC(379)   Post Evacuate Collection Set: 0.13ms
[2026-09-07T10:43:46.353+0900][29.676s][info][gc,phases   ] GC(379)   Other: 0.02ms
[2026-09-07T10:43:46.353+0900][29.676s][info][gc,heap     ] GC(379) Eden regions: 99->0(101)
[2026-09-07T10:43:46.353+0900][29.676s][info][gc,heap     ] GC(379) Survivor regions: 3->1(13)
[2026-09-07T10:43:46.353+0900][29.676s][info][gc,heap     ] GC(379) Old regions: 76->76
[2026-09-07T10:43:46.353+0900][29.676s][info][gc,heap     ] GC(379) Humongous regions: 2->2
[2026-09-07T10:43:46.353+0900][29.676s][info][gc,metaspace] GC(379) Metaspace: 23369K(23872K)->23369K(23872K) NonClass: 20550K(20800K)->20550K(20800K) Class: 2819K(3072K)->2819K(3072K)
[2026-09-07T10:43:46.353+0900][29.676s][info][gc          ] GC(379) Pause Young (Normal) (G1 Evacuation Pause) 357M->155M(380M) 0.501ms
[2026-09-07T10:43:46.353+0900][29.676s][info][gc,cpu      ] GC(379) User=0.00s Sys=0.01s Real=0.00s
[2026-09-07T10:43:46.353+0900][29.676s][info][safepoint   ] Safepoint "G1CollectForAllocation", Time since last: 76344583 ns, Reaching safepoint: 1084 ns, Cleanup: 541 ns, At safepoint: 515292 ns, Leaving safepoint: 750 ns, Total: 517667 ns
[2026-09-07T10:43:46.431+0900][29.754s][info][gc,start    ] GC(380) Pause Young (Normal) (G1 Evacuation Pause)
[2026-09-07T10:43:46.431+0900][29.754s][info][gc,task     ] GC(380) Using 9 workers of 9 for evacuation
[2026-09-07T10:43:46.432+0900][29.755s][info][gc,phases   ] GC(380)   Pre Evacuate Collection Set: 0.08ms
[2026-09-07T10:43:46.432+0900][29.755s][info][gc,phases   ] GC(380)   Merge Heap Roots: 0.03ms
[2026-09-07T10:43:46.432+0900][29.755s][info][gc,phases   ] GC(380)   Evacuate Collection Set: 0.49ms
[2026-09-07T10:43:46.432+0900][29.755s][info][gc,phases   ] GC(380)   Post Evacuate Collection Set: 0.10ms
[2026-09-07T10:43:46.432+0900][29.755s][info][gc,phases   ] GC(380)   Other: 0.02ms
[2026-09-07T10:43:46.432+0900][29.755s][info][gc,heap     ] GC(380) Eden regions: 101->0(99)
[2026-09-07T10:43:46.432+0900][29.755s][info][gc,heap     ] GC(380) Survivor regions: 1->3(13)
[2026-09-07T10:43:46.432+0900][29.755s][info][gc,heap     ] GC(380) Old regions: 76->76
[2026-09-07T10:43:46.432+0900][29.755s][info][gc,heap     ] GC(380) Humongous regions: 2->2
[2026-09-07T10:43:46.432+0900][29.755s][info][gc,metaspace] GC(380) Metaspace: 23369K(23872K)->23369K(23872K) NonClass: 20550K(20800K)->20550K(20800K) Class: 2819K(3072K)->2819K(3072K)
[2026-09-07T10:43:46.432+0900][29.755s][info][gc          ] GC(380) Pause Young (Normal) (G1 Evacuation Pause) 357M->158M(380M) 0.801ms
[2026-09-07T10:43:46.432+0900][29.755s][info][gc,cpu      ] GC(380) User=0.00s Sys=0.00s Real=0.00s
[2026-09-07T10:43:46.432+0900][29.755s][info][safepoint   ] Safepoint "G1CollectForAllocation", Time since last: 77655458 ns, Reaching safepoint: 1334 ns, Cleanup: 500 ns, At safepoint: 813125 ns, Leaving safepoint: 1041 ns, Total: 816000 ns
[2026-09-07T10:43:46.508+0900][29.831s][info][gc,start    ] GC(381) Pause Young (Normal) (G1 Evacuation Pause)
[2026-09-07T10:43:46.508+0900][29.831s][info][gc,task     ] GC(381) Using 9 workers of 9 for evacuation
[2026-09-07T10:43:46.509+0900][29.832s][info][gc,phases   ] GC(381)   Pre Evacuate Collection Set: 0.07ms
[2026-09-07T10:43:46.509+0900][29.832s][info][gc,phases   ] GC(381)   Merge Heap Roots: 0.02ms
[2026-09-07T10:43:46.509+0900][29.832s][info][gc,phases   ] GC(381)   Evacuate Collection Set: 0.67ms
[2026-09-07T10:43:46.509+0900][29.832s][info][gc,phases   ] GC(381)   Post Evacuate Collection Set: 0.11ms
[2026-09-07T10:43:46.509+0900][29.832s][info][gc,phases   ] GC(381)   Other: 0.01ms
[2026-09-07T10:43:46.509+0900][29.832s][info][gc,heap     ] GC(381) Eden regions: 99->0(97)
[2026-09-07T10:43:46.509+0900][29.832s][info][gc,heap     ] GC(381) Survivor regions: 3->5(13)
[2026-09-07T10:43:46.509+0900][29.832s][info][gc,heap     ] GC(381) Old regions: 76->76
[2026-09-07T10:43:46.509+0900][29.832s][info][gc,heap     ] GC(381) Humongous regions: 2->2
[2026-09-07T10:43:46.509+0900][29.832s][info][gc,metaspace] GC(381) Metaspace: 23369K(23872K)->23369K(23872K) NonClass: 20550K(20800K)->20550K(20800K) Class: 2819K(3072K)->2819K(3072K)
[2026-09-07T10:43:46.509+0900][29.832s][info][gc          ] GC(381) Pause Young (Normal) (G1 Evacuation Pause) 356M->162M(380M) 0.959ms
[2026-09-07T10:43:46.509+0900][29.832s][info][gc,cpu      ] GC(381) User=0.00s Sys=0.00s Real=0.00s
[2026-09-07T10:43:46.509+0900][29.832s][info][safepoint   ] Safepoint "G1CollectForAllocation", Time since last: 76364084 ns, Reaching safepoint: 791 ns, Cleanup: 584 ns, At safepoint: 973666 ns, Leaving safepoint: 1042 ns, Total: 976083 ns
[2026-09-07T10:43:46.585+0900][29.908s][info][gc,start    ] GC(382) Pause Young (Normal) (G1 Evacuation Pause)
[2026-09-07T10:43:46.585+0900][29.908s][info][gc,task     ] GC(382) Using 9 workers of 9 for evacuation
[2026-09-07T10:43:46.586+0900][29.909s][info][gc,phases   ] GC(382)   Pre Evacuate Collection Set: 0.08ms
[2026-09-07T10:43:46.586+0900][29.909s][info][gc,phases   ] GC(382)   Merge Heap Roots: 0.03ms
[2026-09-07T10:43:46.586+0900][29.909s][info][gc,phases   ] GC(382)   Evacuate Collection Set: 0.43ms
[2026-09-07T10:43:46.586+0900][29.909s][info][gc,phases   ] GC(382)   Post Evacuate Collection Set: 0.11ms
[2026-09-07T10:43:46.586+0900][29.909s][info][gc,phases   ] GC(382)   Other: 0.02ms
[2026-09-07T10:43:46.586+0900][29.909s][info][gc,heap     ] GC(382) Eden regions: 97->0(99)
[2026-09-07T10:43:46.586+0900][29.909s][info][gc,heap     ] GC(382) Survivor regions: 5->3(13)
[2026-09-07T10:43:46.586+0900][29.909s][info][gc,heap     ] GC(382) Old regions: 76->76
[2026-09-07T10:43:46.586+0900][29.909s][info][gc,heap     ] GC(382) Humongous regions: 2->2
[2026-09-07T10:43:46.586+0900][29.909s][info][gc,metaspace] GC(382) Metaspace: 23369K(23872K)->23369K(23872K) NonClass: 20550K(20800K)->20550K(20800K) Class: 2819K(3072K)->2819K(3072K)
[2026-09-07T10:43:46.586+0900][29.909s][info][gc          ] GC(382) Pause Young (Normal) (G1 Evacuation Pause) 356M->158M(380M) 0.731ms
[2026-09-07T10:43:46.586+0900][29.909s][info][gc,cpu      ] GC(382) User=0.00s Sys=0.00s Real=0.00s
[2026-09-07T10:43:46.586+0900][29.909s][info][safepoint   ] Safepoint "G1CollectForAllocation", Time since last: 76358292 ns, Reaching safepoint: 1166 ns, Cleanup: 750 ns, At safepoint: 743875 ns, Leaving safepoint: 1167 ns, Total: 746958 ns
[2026-09-07T10:43:46.665+0900][29.988s][info][gc,start    ] GC(383) Pause Young (Normal) (G1 Evacuation Pause)
[2026-09-07T10:43:46.665+0900][29.988s][info][gc,task     ] GC(383) Using 9 workers of 9 for evacuation
[2026-09-07T10:43:46.666+0900][29.988s][info][gc,phases   ] GC(383)   Pre Evacuate Collection Set: 0.07ms
[2026-09-07T10:43:46.666+0900][29.988s][info][gc,phases   ] GC(383)   Merge Heap Roots: 0.02ms
[2026-09-07T10:43:46.666+0900][29.988s][info][gc,phases   ] GC(383)   Evacuate Collection Set: 0.59ms
[2026-09-07T10:43:46.666+0900][29.988s][info][gc,phases   ] GC(383)   Post Evacuate Collection Set: 0.11ms
[2026-09-07T10:43:46.666+0900][29.988s][info][gc,phases   ] GC(383)   Other: 0.02ms
[2026-09-07T10:43:46.666+0900][29.988s][info][gc,heap     ] GC(383) Eden regions: 99->0(98)
[2026-09-07T10:43:46.666+0900][29.988s][info][gc,heap     ] GC(383) Survivor regions: 3->4(13)
[2026-09-07T10:43:46.666+0900][29.988s][info][gc,heap     ] GC(383) Old regions: 76->76
[2026-09-07T10:43:46.666+0900][29.988s][info][gc,heap     ] GC(383) Humongous regions: 2->2
[2026-09-07T10:43:46.666+0900][29.988s][info][gc,metaspace] GC(383) Metaspace: 23369K(23872K)->23369K(23872K) NonClass: 20550K(20800K)->20550K(20800K) Class: 2819K(3072K)->2819K(3072K)
[2026-09-07T10:43:46.666+0900][29.988s][info][gc          ] GC(383) Pause Young (Normal) (G1 Evacuation Pause) 356M->162M(380M) 0.880ms
[2026-09-07T10:43:46.666+0900][29.988s][info][gc,cpu      ] GC(383) User=0.01s Sys=0.00s Real=0.00s
[2026-09-07T10:43:46.666+0900][29.988s][info][safepoint   ] Safepoint "G1CollectForAllocation", Time since last: 78528625 ns, Reaching safepoint: 833 ns, Cleanup: 459 ns, At safepoint: 894250 ns, Leaving safepoint: 791 ns, Total: 896333 ns
[2026-09-07T10:43:46.741+0900][30.064s][info][gc,start    ] GC(384) Pause Young (Normal) (G1 Evacuation Pause)
[2026-09-07T10:43:46.741+0900][30.064s][info][gc,task     ] GC(384) Using 9 workers of 9 for evacuation
[2026-09-07T10:43:46.741+0900][30.064s][info][gc,phases   ] GC(384)   Pre Evacuate Collection Set: 0.07ms
[2026-09-07T10:43:46.741+0900][30.064s][info][gc,phases   ] GC(384)   Merge Heap Roots: 0.02ms
[2026-09-07T10:43:46.741+0900][30.064s][info][gc,phases   ] GC(384)   Evacuate Collection Set: 0.35ms
[2026-09-07T10:43:46.741+0900][30.064s][info][gc,phases   ] GC(384)   Post Evacuate Collection Set: 0.11ms
[2026-09-07T10:43:46.741+0900][30.064s][info][gc,phases   ] GC(384)   Other: 0.02ms
[2026-09-07T10:43:46.741+0900][30.064s][info][gc,heap     ] GC(384) Eden regions: 98->0(100)
[2026-09-07T10:43:46.741+0900][30.064s][info][gc,heap     ] GC(384) Survivor regions: 4->2(13)
[2026-09-07T10:43:46.741+0900][30.064s][info][gc,heap     ] GC(384) Old regions: 76->76
[2026-09-07T10:43:46.741+0900][30.064s][info][gc,heap     ] GC(384) Humongous regions: 2->2
[2026-09-07T10:43:46.741+0900][30.064s][info][gc,metaspace] GC(384) Metaspace: 23369K(23872K)->23369K(23872K) NonClass: 20550K(20800K)->20550K(20800K) Class: 2819K(3072K)->2819K(3072K)
[2026-09-07T10:43:46.742+0900][30.064s][info][gc          ] GC(384) Pause Young (Normal) (G1 Evacuation Pause) 358M->158M(380M) 0.636ms
[2026-09-07T10:43:46.742+0900][30.064s][info][gc,cpu      ] GC(384) User=0.01s Sys=0.00s Real=0.00s
[2026-09-07T10:43:46.742+0900][30.064s][info][safepoint   ] Safepoint "G1CollectForAllocation", Time since last: 75224500 ns, Reaching safepoint: 1250 ns, Cleanup: 417 ns, At safepoint: 648667 ns, Leaving safepoint: 958 ns, Total: 651292 ns
[2026-09-07T10:43:46.820+0900][30.142s][info][gc,start    ] GC(385) Pause Young (Normal) (G1 Evacuation Pause)
[2026-09-07T10:43:46.820+0900][30.142s][info][gc,task     ] GC(385) Using 9 workers of 9 for evacuation
[2026-09-07T10:43:46.820+0900][30.143s][info][gc,phases   ] GC(385)   Pre Evacuate Collection Set: 0.07ms
[2026-09-07T10:43:46.820+0900][30.143s][info][gc,phases   ] GC(385)   Merge Heap Roots: 0.02ms
[2026-09-07T10:43:46.820+0900][30.143s][info][gc,phases   ] GC(385)   Evacuate Collection Set: 0.59ms
[2026-09-07T10:43:46.820+0900][30.143s][info][gc,phases   ] GC(385)   Post Evacuate Collection Set: 0.12ms
[2026-09-07T10:43:46.820+0900][30.143s][info][gc,phases   ] GC(385)   Other: 0.02ms
[2026-09-07T10:43:46.820+0900][30.143s][info][gc,heap     ] GC(385) Eden regions: 100->0(98)
[2026-09-07T10:43:46.820+0900][30.143s][info][gc,heap     ] GC(385) Survivor regions: 2->4(13)
[2026-09-07T10:43:46.820+0900][30.143s][info][gc,heap     ] GC(385) Old regions: 76->76
[2026-09-07T10:43:46.820+0900][30.143s][info][gc,heap     ] GC(385) Humongous regions: 2->2
[2026-09-07T10:43:46.820+0900][30.143s][info][gc,metaspace] GC(385) Metaspace: 23369K(23872K)->23369K(23872K) NonClass: 20550K(20800K)->20550K(20800K) Class: 2819K(3072K)->2819K(3072K)
[2026-09-07T10:43:46.820+0900][30.143s][info][gc          ] GC(385) Pause Young (Normal) (G1 Evacuation Pause) 358M->161M(380M) 0.890ms
[2026-09-07T10:43:46.820+0900][30.143s][info][gc,cpu      ] GC(385) User=0.01s Sys=0.00s Real=0.00s
[2026-09-07T10:43:46.820+0900][30.143s][info][safepoint   ] Safepoint "G1CollectForAllocation", Time since last: 77985125 ns, Reaching safepoint: 1250 ns, Cleanup: 792 ns, At safepoint: 902791 ns, Leaving safepoint: 834 ns, Total: 905667 ns
[2026-09-07T10:43:46.896+0900][30.219s][info][gc,start    ] GC(386) Pause Young (Normal) (G1 Evacuation Pause)
[2026-09-07T10:43:46.896+0900][30.219s][info][gc,task     ] GC(386) Using 9 workers of 9 for evacuation
[2026-09-07T10:43:46.897+0900][30.220s][info][gc,phases   ] GC(386)   Pre Evacuate Collection Set: 0.08ms
[2026-09-07T10:43:46.897+0900][30.220s][info][gc,phases   ] GC(386)   Merge Heap Roots: 0.02ms
[2026-09-07T10:43:46.897+0900][30.220s][info][gc,phases   ] GC(386)   Evacuate Collection Set: 0.35ms
[2026-09-07T10:43:46.897+0900][30.220s][info][gc,phases   ] GC(386)   Post Evacuate Collection Set: 0.11ms
[2026-09-07T10:43:46.897+0900][30.220s][info][gc,phases   ] GC(386)   Other: 0.02ms
[2026-09-07T10:43:46.897+0900][30.220s][info][gc,heap     ] GC(386) Eden regions: 98->0(100)
[2026-09-07T10:43:46.897+0900][30.220s][info][gc,heap     ] GC(386) Survivor regions: 4->2(13)
[2026-09-07T10:43:46.897+0900][30.220s][info][gc,heap     ] GC(386) Old regions: 76->76
[2026-09-07T10:43:46.897+0900][30.220s][info][gc,heap     ] GC(386) Humongous regions: 2->2
[2026-09-07T10:43:46.897+0900][30.220s][info][gc,metaspace] GC(386) Metaspace: 23369K(23872K)->23369K(23872K) NonClass: 20550K(20800K)->20550K(20800K) Class: 2819K(3072K)->2819K(3072K)
[2026-09-07T10:43:46.897+0900][30.220s][info][gc          ] GC(386) Pause Young (Normal) (G1 Evacuation Pause) 357M->157M(380M) 0.649ms
[2026-09-07T10:43:46.897+0900][30.220s][info][gc,cpu      ] GC(386) User=0.01s Sys=0.00s Real=0.00s
[2026-09-07T10:43:46.897+0900][30.220s][info][safepoint   ] Safepoint "G1CollectForAllocation", Time since last: 75716458 ns, Reaching safepoint: 1375 ns, Cleanup: 542 ns, At safepoint: 662916 ns, Leaving safepoint: 917 ns, Total: 665750 ns
[2026-09-07T10:43:46.976+0900][30.299s][info][gc,start    ] GC(387) Pause Young (Normal) (G1 Evacuation Pause)
[2026-09-07T10:43:46.976+0900][30.299s][info][gc,task     ] GC(387) Using 9 workers of 9 for evacuation
[2026-09-07T10:43:46.977+0900][30.299s][info][gc,phases   ] GC(387)   Pre Evacuate Collection Set: 0.07ms
[2026-09-07T10:43:46.977+0900][30.299s][info][gc,phases   ] GC(387)   Merge Heap Roots: 0.02ms
[2026-09-07T10:43:46.977+0900][30.299s][info][gc,phases   ] GC(387)   Evacuate Collection Set: 0.58ms
[2026-09-07T10:43:46.977+0900][30.299s][info][gc,phases   ] GC(387)   Post Evacuate Collection Set: 0.11ms
[2026-09-07T10:43:46.977+0900][30.299s][info][gc,phases   ] GC(387)   Other: 0.01ms
[2026-09-07T10:43:46.977+0900][30.299s][info][gc,heap     ] GC(387) Eden regions: 100->0(98)
[2026-09-07T10:43:46.977+0900][30.299s][info][gc,heap     ] GC(387) Survivor regions: 2->4(13)
[2026-09-07T10:43:46.977+0900][30.299s][info][gc,heap     ] GC(387) Old regions: 76->76
[2026-09-07T10:43:46.977+0900][30.299s][info][gc,heap     ] GC(387) Humongous regions: 2->2
[2026-09-07T10:43:46.977+0900][30.299s][info][gc,metaspace] GC(387) Metaspace: 23369K(23872K)->23369K(23872K) NonClass: 20550K(20800K)->20550K(20800K) Class: 2819K(3072K)->2819K(3072K)
[2026-09-07T10:43:46.977+0900][30.299s][info][gc          ] GC(387) Pause Young (Normal) (G1 Evacuation Pause) 357M->162M(380M) 0.869ms
[2026-09-07T10:43:46.977+0900][30.299s][info][gc,cpu      ] GC(387) User=0.00s Sys=0.00s Real=0.00s
[2026-09-07T10:43:46.977+0900][30.299s][info][safepoint   ] Safepoint "G1CollectForAllocation", Time since last: 78979083 ns, Reaching safepoint: 834 ns, Cleanup: 416 ns, At safepoint: 882125 ns, Leaving safepoint: 959 ns, Total: 884334 ns
[2026-09-07T10:43:47.052+0900][30.375s][info][gc,start    ] GC(388) Pause Young (Normal) (G1 Evacuation Pause)
[2026-09-07T10:43:47.052+0900][30.375s][info][gc,task     ] GC(388) Using 9 workers of 9 for evacuation
[2026-09-07T10:43:47.053+0900][30.376s][info][gc,phases   ] GC(388)   Pre Evacuate Collection Set: 0.07ms
[2026-09-07T10:43:47.053+0900][30.376s][info][gc,phases   ] GC(388)   Merge Heap Roots: 0.02ms
[2026-09-07T10:43:47.053+0900][30.376s][info][gc,phases   ] GC(388)   Evacuate Collection Set: 0.37ms
[2026-09-07T10:43:47.053+0900][30.376s][info][gc,phases   ] GC(388)   Post Evacuate Collection Set: 0.13ms
[2026-09-07T10:43:47.053+0900][30.376s][info][gc,phases   ] GC(388)   Other: 0.01ms
[2026-09-07T10:43:47.053+0900][30.376s][info][gc,heap     ] GC(388) Eden regions: 98->0(100)
[2026-09-07T10:43:47.053+0900][30.376s][info][gc,heap     ] GC(388) Survivor regions: 4->2(13)
[2026-09-07T10:43:47.053+0900][30.376s][info][gc,heap     ] GC(388) Old regions: 76->76
[2026-09-07T10:43:47.053+0900][30.376s][info][gc,heap     ] GC(388) Humongous regions: 2->2
[2026-09-07T10:43:47.053+0900][30.376s][info][gc,metaspace] GC(388) Metaspace: 23369K(23872K)->23369K(23872K) NonClass: 20550K(20800K)->20550K(20800K) Class: 2819K(3072K)->2819K(3072K)
[2026-09-07T10:43:47.053+0900][30.376s][info][gc          ] GC(388) Pause Young (Normal) (G1 Evacuation Pause) 358M->157M(380M) 0.673ms
[2026-09-07T10:43:47.053+0900][30.376s][info][gc,cpu      ] GC(388) User=0.00s Sys=0.00s Real=0.00s
[2026-09-07T10:43:47.053+0900][30.376s][info][safepoint   ] Safepoint "G1CollectForAllocation", Time since last: 75455916 ns, Reaching safepoint: 1042 ns, Cleanup: 292 ns, At safepoint: 688625 ns, Leaving safepoint: 916 ns, Total: 690875 ns
[2026-09-07T10:43:47.131+0900][30.454s][info][gc,start    ] GC(389) Pause Young (Normal) (G1 Evacuation Pause)
[2026-09-07T10:43:47.131+0900][30.454s][info][gc,task     ] GC(389) Using 9 workers of 9 for evacuation
[2026-09-07T10:43:47.132+0900][30.455s][info][gc,phases   ] GC(389)   Pre Evacuate Collection Set: 0.08ms
[2026-09-07T10:43:47.132+0900][30.455s][info][gc,phases   ] GC(389)   Merge Heap Roots: 0.04ms
[2026-09-07T10:43:47.132+0900][30.455s][info][gc,phases   ] GC(389)   Evacuate Collection Set: 0.64ms
[2026-09-07T10:43:47.132+0900][30.455s][info][gc,phases   ] GC(389)   Post Evacuate Collection Set: 0.11ms
[2026-09-07T10:43:47.132+0900][30.455s][info][gc,phases   ] GC(389)   Other: 0.02ms
[2026-09-07T10:43:47.132+0900][30.455s][info][gc,heap     ] GC(389) Eden regions: 100->0(98)
[2026-09-07T10:43:47.132+0900][30.455s][info][gc,heap     ] GC(389) Survivor regions: 2->4(13)
[2026-09-07T10:43:47.132+0900][30.455s][info][gc,heap     ] GC(389) Old regions: 76->76
[2026-09-07T10:43:47.132+0900][30.455s][info][gc,heap     ] GC(389) Humongous regions: 2->2
[2026-09-07T10:43:47.132+0900][30.455s][info][gc,metaspace] GC(389) Metaspace: 23369K(23872K)->23369K(23872K) NonClass: 20550K(20800K)->20550K(20800K) Class: 2819K(3072K)->2819K(3072K)
[2026-09-07T10:43:47.132+0900][30.455s][info][gc          ] GC(389) Pause Young (Normal) (G1 Evacuation Pause) 357M->161M(380M) 0.966ms
[2026-09-07T10:43:47.132+0900][30.455s][info][gc,cpu      ] GC(389) User=0.00s Sys=0.00s Real=0.00s
[2026-09-07T10:43:47.132+0900][30.455s][info][safepoint   ] Safepoint "G1CollectForAllocation", Time since last: 77974417 ns, Reaching safepoint: 1292 ns, Cleanup: 333 ns, At safepoint: 981125 ns, Leaving safepoint: 958 ns, Total: 983708 ns
[2026-09-07T10:43:47.207+0900][30.530s][info][gc,start    ] GC(390) Pause Young (Normal) (G1 Evacuation Pause)
[2026-09-07T10:43:47.207+0900][30.530s][info][gc,task     ] GC(390) Using 9 workers of 9 for evacuation
[2026-09-07T10:43:47.208+0900][30.531s][info][gc,phases   ] GC(390)   Pre Evacuate Collection Set: 0.08ms
[2026-09-07T10:43:47.208+0900][30.531s][info][gc,phases   ] GC(390)   Merge Heap Roots: 0.02ms
[2026-09-07T10:43:47.208+0900][30.531s][info][gc,phases   ] GC(390)   Evacuate Collection Set: 0.39ms
[2026-09-07T10:43:47.208+0900][30.531s][info][gc,phases   ] GC(390)   Post Evacuate Collection Set: 0.12ms
[2026-09-07T10:43:47.208+0900][30.531s][info][gc,phases   ] GC(390)   Other: 0.02ms
[2026-09-07T10:43:47.208+0900][30.531s][info][gc,heap     ] GC(390) Eden regions: 98->0(100)
[2026-09-07T10:43:47.208+0900][30.531s][info][gc,heap     ] GC(390) Survivor regions: 4->2(13)
[2026-09-07T10:43:47.208+0900][30.531s][info][gc,heap     ] GC(390) Old regions: 76->76
[2026-09-07T10:43:47.208+0900][30.531s][info][gc,heap     ] GC(390) Humongous regions: 2->2
[2026-09-07T10:43:47.208+0900][30.531s][info][gc,metaspace] GC(390) Metaspace: 23369K(23872K)->23369K(23872K) NonClass: 20550K(20800K)->20550K(20800K) Class: 2819K(3072K)->2819K(3072K)
[2026-09-07T10:43:47.208+0900][30.531s][info][gc          ] GC(390) Pause Young (Normal) (G1 Evacuation Pause) 357M->157M(380M) 0.707ms
[2026-09-07T10:43:47.208+0900][30.531s][info][gc,cpu      ] GC(390) User=0.00s Sys=0.00s Real=0.00s
[2026-09-07T10:43:47.208+0900][30.531s][info][safepoint   ] Safepoint "G1CollectForAllocation", Time since last: 75323459 ns, Reaching safepoint: 1041 ns, Cleanup: 792 ns, At safepoint: 721583 ns, Leaving safepoint: 875 ns, Total: 724291 ns
[2026-09-07T10:43:47.285+0900][30.608s][info][gc,start    ] GC(391) Pause Young (Normal) (G1 Evacuation Pause)
[2026-09-07T10:43:47.285+0900][30.608s][info][gc,task     ] GC(391) Using 9 workers of 9 for evacuation
[2026-09-07T10:43:47.286+0900][30.609s][info][gc,phases   ] GC(391)   Pre Evacuate Collection Set: 0.07ms
[2026-09-07T10:43:47.286+0900][30.609s][info][gc,phases   ] GC(391)   Merge Heap Roots: 0.04ms
[2026-09-07T10:43:47.286+0900][30.609s][info][gc,phases   ] GC(391)   Evacuate Collection Set: 0.61ms
[2026-09-07T10:43:47.286+0900][30.609s][info][gc,phases   ] GC(391)   Post Evacuate Collection Set: 0.12ms
[2026-09-07T10:43:47.286+0900][30.609s][info][gc,phases   ] GC(391)   Other: 0.01ms
[2026-09-07T10:43:47.286+0900][30.609s][info][gc,heap     ] GC(391) Eden regions: 100->0(98)
[2026-09-07T10:43:47.286+0900][30.609s][info][gc,heap     ] GC(391) Survivor regions: 2->4(13)
[2026-09-07T10:43:47.286+0900][30.609s][info][gc,heap     ] GC(391) Old regions: 76->76
[2026-09-07T10:43:47.286+0900][30.609s][info][gc,heap     ] GC(391) Humongous regions: 2->2
[2026-09-07T10:43:47.286+0900][30.609s][info][gc,metaspace] GC(391) Metaspace: 23369K(23872K)->23369K(23872K) NonClass: 20550K(20800K)->20550K(20800K) Class: 2819K(3072K)->2819K(3072K)
[2026-09-07T10:43:47.286+0900][30.609s][info][gc          ] GC(391) Pause Young (Normal) (G1 Evacuation Pause) 357M->161M(380M) 0.917ms
[2026-09-07T10:43:47.286+0900][30.609s][info][gc,cpu      ] GC(391) User=0.00s Sys=0.01s Real=0.00s
[2026-09-07T10:43:47.286+0900][30.609s][info][safepoint   ] Safepoint "G1CollectForAllocation", Time since last: 77382042 ns, Reaching safepoint: 833 ns, Cleanup: 667 ns, At safepoint: 930750 ns, Leaving safepoint: 833 ns, Total: 933083 ns
[2026-09-07T10:43:47.363+0900][30.686s][info][gc,start    ] GC(392) Pause Young (Normal) (G1 Evacuation Pause)
[2026-09-07T10:43:47.363+0900][30.686s][info][gc,task     ] GC(392) Using 9 workers of 9 for evacuation
[2026-09-07T10:43:47.364+0900][30.687s][info][gc,phases   ] GC(392)   Pre Evacuate Collection Set: 0.10ms
[2026-09-07T10:43:47.364+0900][30.687s][info][gc,phases   ] GC(392)   Merge Heap Roots: 0.03ms
[2026-09-07T10:43:47.364+0900][30.687s][info][gc,phases   ] GC(392)   Evacuate Collection Set: 0.38ms
[2026-09-07T10:43:47.364+0900][30.687s][info][gc,phases   ] GC(392)   Post Evacuate Collection Set: 0.11ms
[2026-09-07T10:43:47.364+0900][30.687s][info][gc,phases   ] GC(392)   Other: 0.02ms
[2026-09-07T10:43:47.364+0900][30.687s][info][gc,heap     ] GC(392) Eden regions: 98->0(100)
[2026-09-07T10:43:47.364+0900][30.687s][info][gc,heap     ] GC(392) Survivor regions: 4->2(13)
[2026-09-07T10:43:47.364+0900][30.687s][info][gc,heap     ] GC(392) Old regions: 76->76
[2026-09-07T10:43:47.364+0900][30.687s][info][gc,heap     ] GC(392) Humongous regions: 2->2
[2026-09-07T10:43:47.364+0900][30.687s][info][gc,metaspace] GC(392) Metaspace: 23369K(23872K)->23369K(23872K) NonClass: 20550K(20800K)->20550K(20800K) Class: 2819K(3072K)->2819K(3072K)
[2026-09-07T10:43:47.364+0900][30.687s][info][gc          ] GC(392) Pause Young (Normal) (G1 Evacuation Pause) 357M->158M(380M) 0.706ms
[2026-09-07T10:43:47.364+0900][30.687s][info][gc,cpu      ] GC(392) User=0.00s Sys=0.00s Real=0.00s
[2026-09-07T10:43:47.364+0900][30.687s][info][safepoint   ] Safepoint "G1CollectForAllocation", Time since last: 77284542 ns, Reaching safepoint: 1333 ns, Cleanup: 417 ns, At safepoint: 718625 ns, Leaving safepoint: 1083 ns, Total: 721458 ns
[2026-09-07T10:43:47.442+0900][30.765s][info][gc,start    ] GC(393) Pause Young (Normal) (G1 Evacuation Pause)
[2026-09-07T10:43:47.442+0900][30.765s][info][gc,task     ] GC(393) Using 9 workers of 9 for evacuation
[2026-09-07T10:43:47.443+0900][30.766s][info][gc,phases   ] GC(393)   Pre Evacuate Collection Set: 0.07ms
[2026-09-07T10:43:47.443+0900][30.766s][info][gc,phases   ] GC(393)   Merge Heap Roots: 0.02ms
[2026-09-07T10:43:47.443+0900][30.766s][info][gc,phases   ] GC(393)   Evacuate Collection Set: 0.63ms
[2026-09-07T10:43:47.443+0900][30.766s][info][gc,phases   ] GC(393)   Post Evacuate Collection Set: 0.12ms
[2026-09-07T10:43:47.443+0900][30.766s][info][gc,phases   ] GC(393)   Other: 0.02ms
[2026-09-07T10:43:47.443+0900][30.766s][info][gc,heap     ] GC(393) Eden regions: 100->0(97)
[2026-09-07T10:43:47.443+0900][30.766s][info][gc,heap     ] GC(393) Survivor regions: 2->5(13)
[2026-09-07T10:43:47.443+0900][30.766s][info][gc,heap     ] GC(393) Old regions: 76->76
[2026-09-07T10:43:47.443+0900][30.766s][info][gc,heap     ] GC(393) Humongous regions: 2->2
[2026-09-07T10:43:47.443+0900][30.766s][info][gc,metaspace] GC(393) Metaspace: 23369K(23872K)->23369K(23872K) NonClass: 20550K(20800K)->20550K(20800K) Class: 2819K(3072K)->2819K(3072K)
[2026-09-07T10:43:47.443+0900][30.766s][info][gc          ] GC(393) Pause Young (Normal) (G1 Evacuation Pause) 358M->162M(380M) 0.937ms
[2026-09-07T10:43:47.443+0900][30.766s][info][gc,cpu      ] GC(393) User=0.01s Sys=0.00s Real=0.00s
[2026-09-07T10:43:47.443+0900][30.766s][info][safepoint   ] Safepoint "G1CollectForAllocation", Time since last: 77919125 ns, Reaching safepoint: 2000 ns, Cleanup: 375 ns, At safepoint: 952459 ns, Leaving safepoint: 666 ns, Total: 955500 ns
[2026-09-07T10:43:47.520+0900][30.843s][info][gc,start    ] GC(394) Pause Young (Normal) (G1 Evacuation Pause)
[2026-09-07T10:43:47.520+0900][30.843s][info][gc,task     ] GC(394) Using 9 workers of 9 for evacuation
[2026-09-07T10:43:47.520+0900][30.843s][info][gc,phases   ] GC(394)   Pre Evacuate Collection Set: 0.07ms
[2026-09-07T10:43:47.520+0900][30.843s][info][gc,phases   ] GC(394)   Merge Heap Roots: 0.02ms
[2026-09-07T10:43:47.520+0900][30.843s][info][gc,phases   ] GC(394)   Evacuate Collection Set: 0.44ms
[2026-09-07T10:43:47.520+0900][30.843s][info][gc,phases   ] GC(394)   Post Evacuate Collection Set: 0.11ms
[2026-09-07T10:43:47.520+0900][30.843s][info][gc,phases   ] GC(394)   Other: 0.01ms
[2026-09-07T10:43:47.520+0900][30.843s][info][gc,heap     ] GC(394) Eden regions: 97->0(99)
[2026-09-07T10:43:47.520+0900][30.843s][info][gc,heap     ] GC(394) Survivor regions: 5->3(13)
[2026-09-07T10:43:47.520+0900][30.843s][info][gc,heap     ] GC(394) Old regions: 76->76
[2026-09-07T10:43:47.520+0900][30.843s][info][gc,heap     ] GC(394) Humongous regions: 2->2
[2026-09-07T10:43:47.520+0900][30.843s][info][gc,metaspace] GC(394) Metaspace: 23369K(23872K)->23369K(23872K) NonClass: 20550K(20800K)->20550K(20800K) Class: 2819K(3072K)->2819K(3072K)
[2026-09-07T10:43:47.520+0900][30.843s][info][gc          ] GC(394) Pause Young (Normal) (G1 Evacuation Pause) 356M->158M(380M) 0.725ms
[2026-09-07T10:43:47.520+0900][30.843s][info][gc,cpu      ] GC(394) User=0.01s Sys=0.00s Real=0.00s
[2026-09-07T10:43:47.520+0900][30.843s][info][safepoint   ] Safepoint "G1CollectForAllocation", Time since last: 76719834 ns, Reaching safepoint: 1250 ns, Cleanup: 333 ns, At safepoint: 740208 ns, Leaving safepoint: 1000 ns, Total: 742791 ns
[2026-09-07T10:43:47.598+0900][30.921s][info][gc,start    ] GC(395) Pause Young (Normal) (G1 Evacuation Pause)
[2026-09-07T10:43:47.598+0900][30.921s][info][gc,task     ] GC(395) Using 9 workers of 9 for evacuation
[2026-09-07T10:43:47.599+0900][30.921s][info][gc,phases   ] GC(395)   Pre Evacuate Collection Set: 0.07ms
[2026-09-07T10:43:47.599+0900][30.921s][info][gc,phases   ] GC(395)   Merge Heap Roots: 0.02ms
[2026-09-07T10:43:47.599+0900][30.921s][info][gc,phases   ] GC(395)   Evacuate Collection Set: 0.64ms
[2026-09-07T10:43:47.599+0900][30.921s][info][gc,phases   ] GC(395)   Post Evacuate Collection Set: 0.10ms
[2026-09-07T10:43:47.599+0900][30.921s][info][gc,phases   ] GC(395)   Other: 0.02ms
[2026-09-07T10:43:47.599+0900][30.921s][info][gc,heap     ] GC(395) Eden regions: 99->0(97)
[2026-09-07T10:43:47.599+0900][30.921s][info][gc,heap     ] GC(395) Survivor regions: 3->5(13)
[2026-09-07T10:43:47.599+0900][30.921s][info][gc,heap     ] GC(395) Old regions: 76->76
[2026-09-07T10:43:47.599+0900][30.921s][info][gc,heap     ] GC(395) Humongous regions: 2->2
[2026-09-07T10:43:47.599+0900][30.921s][info][gc,metaspace] GC(395) Metaspace: 23369K(23872K)->23369K(23872K) NonClass: 20550K(20800K)->20550K(20800K) Class: 2819K(3072K)->2819K(3072K)
[2026-09-07T10:43:47.599+0900][30.921s][info][gc          ] GC(395) Pause Young (Normal) (G1 Evacuation Pause) 356M->162M(380M) 0.918ms
[2026-09-07T10:43:47.599+0900][30.921s][info][gc,cpu      ] GC(395) User=0.01s Sys=0.00s Real=0.00s
[2026-09-07T10:43:47.599+0900][30.921s][info][safepoint   ] Safepoint "G1CollectForAllocation", Time since last: 77204167 ns, Reaching safepoint: 958 ns, Cleanup: 584 ns, At safepoint: 931541 ns, Leaving safepoint: 959 ns, Total: 934042 ns
[2026-09-07T10:43:47.673+0900][30.996s][info][gc,start    ] GC(396) Pause Young (Normal) (G1 Evacuation Pause)
[2026-09-07T10:43:47.673+0900][30.996s][info][gc,task     ] GC(396) Using 9 workers of 9 for evacuation
[2026-09-07T10:43:47.674+0900][30.996s][info][gc,phases   ] GC(396)   Pre Evacuate Collection Set: 0.08ms
[2026-09-07T10:43:47.674+0900][30.996s][info][gc,phases   ] GC(396)   Merge Heap Roots: 0.03ms
[2026-09-07T10:43:47.674+0900][30.996s][info][gc,phases   ] GC(396)   Evacuate Collection Set: 0.43ms
[2026-09-07T10:43:47.674+0900][30.996s][info][gc,phases   ] GC(396)   Post Evacuate Collection Set: 0.12ms
[2026-09-07T10:43:47.674+0900][30.996s][info][gc,phases   ] GC(396)   Other: 0.01ms
[2026-09-07T10:43:47.674+0900][30.996s][info][gc,heap     ] GC(396) Eden regions: 97->0(99)
[2026-09-07T10:43:47.674+0900][30.996s][info][gc,heap     ] GC(396) Survivor regions: 5->3(13)
[2026-09-07T10:43:47.674+0900][30.996s][info][gc,heap     ] GC(396) Old regions: 76->76
[2026-09-07T10:43:47.674+0900][30.996s][info][gc,heap     ] GC(396) Humongous regions: 2->2
[2026-09-07T10:43:47.674+0900][30.996s][info][gc,metaspace] GC(396) Metaspace: 23369K(23872K)->23369K(23872K) NonClass: 20550K(20800K)->20550K(20800K) Class: 2819K(3072K)->2819K(3072K)
[2026-09-07T10:43:47.674+0900][30.996s][info][gc          ] GC(396) Pause Young (Normal) (G1 Evacuation Pause) 356M->158M(380M) 0.732ms
[2026-09-07T10:43:47.674+0900][30.996s][info][gc,cpu      ] GC(396) User=0.01s Sys=0.00s Real=0.00s
[2026-09-07T10:43:47.674+0900][30.996s][info][safepoint   ] Safepoint "G1CollectForAllocation", Time since last: 74229750 ns, Reaching safepoint: 1000 ns, Cleanup: 583 ns, At safepoint: 745375 ns, Leaving safepoint: 833 ns, Total: 747791 ns
[2026-09-07T10:43:47.752+0900][31.075s][info][gc,start    ] GC(397) Pause Young (Normal) (G1 Evacuation Pause)
[2026-09-07T10:43:47.752+0900][31.075s][info][gc,task     ] GC(397) Using 9 workers of 9 for evacuation
[2026-09-07T10:43:47.752+0900][31.075s][info][gc,phases   ] GC(397)   Pre Evacuate Collection Set: 0.07ms
[2026-09-07T10:43:47.752+0900][31.075s][info][gc,phases   ] GC(397)   Merge Heap Roots: 0.02ms
[2026-09-07T10:43:47.752+0900][31.075s][info][gc,phases   ] GC(397)   Evacuate Collection Set: 0.18ms
[2026-09-07T10:43:47.752+0900][31.075s][info][gc,phases   ] GC(397)   Post Evacuate Collection Set: 0.11ms
[2026-09-07T10:43:47.752+0900][31.075s][info][gc,phases   ] GC(397)   Other: 0.02ms
[2026-09-07T10:43:47.752+0900][31.075s][info][gc,heap     ] GC(397) Eden regions: 99->0(101)
[2026-09-07T10:43:47.752+0900][31.075s][info][gc,heap     ] GC(397) Survivor regions: 3->1(13)
[2026-09-07T10:43:47.752+0900][31.075s][info][gc,heap     ] GC(397) Old regions: 76->76
[2026-09-07T10:43:47.752+0900][31.075s][info][gc,heap     ] GC(397) Humongous regions: 2->2
[2026-09-07T10:43:47.752+0900][31.075s][info][gc,metaspace] GC(397) Metaspace: 23369K(23872K)->23369K(23872K) NonClass: 20550K(20800K)->20550K(20800K) Class: 2819K(3072K)->2819K(3072K)
[2026-09-07T10:43:47.752+0900][31.075s][info][gc          ] GC(397) Pause Young (Normal) (G1 Evacuation Pause) 356M->155M(380M) 0.468ms
[2026-09-07T10:43:47.752+0900][31.075s][info][gc,cpu      ] GC(397) User=0.00s Sys=0.00s Real=0.00s
[2026-09-07T10:43:47.752+0900][31.075s][info][safepoint   ] Safepoint "G1CollectForAllocation", Time since last: 78251500 ns, Reaching safepoint: 959 ns, Cleanup: 333 ns, At safepoint: 482042 ns, Leaving safepoint: 833 ns, Total: 484167 ns
[2026-09-07T10:43:47.831+0900][31.154s][info][gc,start    ] GC(398) Pause Young (Normal) (G1 Evacuation Pause)
[2026-09-07T10:43:47.831+0900][31.154s][info][gc,task     ] GC(398) Using 9 workers of 9 for evacuation
[2026-09-07T10:43:47.831+0900][31.154s][info][gc,phases   ] GC(398)   Pre Evacuate Collection Set: 0.07ms
[2026-09-07T10:43:47.831+0900][31.154s][info][gc,phases   ] GC(398)   Merge Heap Roots: 0.02ms
[2026-09-07T10:43:47.831+0900][31.154s][info][gc,phases   ] GC(398)   Evacuate Collection Set: 0.51ms
[2026-09-07T10:43:47.831+0900][31.154s][info][gc,phases   ] GC(398)   Post Evacuate Collection Set: 0.12ms
[2026-09-07T10:43:47.831+0900][31.154s][info][gc,phases   ] GC(398)   Other: 0.02ms
[2026-09-07T10:43:47.831+0900][31.154s][info][gc,heap     ] GC(398) Eden regions: 101->0(99)
[2026-09-07T10:43:47.831+0900][31.154s][info][gc,heap     ] GC(398) Survivor regions: 1->3(13)
[2026-09-07T10:43:47.831+0900][31.154s][info][gc,heap     ] GC(398) Old regions: 76->76
[2026-09-07T10:43:47.831+0900][31.154s][info][gc,heap     ] GC(398) Humongous regions: 2->2
[2026-09-07T10:43:47.831+0900][31.154s][info][gc,metaspace] GC(398) Metaspace: 23369K(23872K)->23369K(23872K) NonClass: 20550K(20800K)->20550K(20800K) Class: 2819K(3072K)->2819K(3072K)
[2026-09-07T10:43:47.831+0900][31.154s][info][gc          ] GC(398) Pause Young (Normal) (G1 Evacuation Pause) 357M->160M(380M) 0.801ms
[2026-09-07T10:43:47.831+0900][31.154s][info][gc,cpu      ] GC(398) User=0.00s Sys=0.00s Real=0.00s
[2026-09-07T10:43:47.831+0900][31.154s][info][safepoint   ] Safepoint "G1CollectForAllocation", Time since last: 78354208 ns, Reaching safepoint: 1042 ns, Cleanup: 625 ns, At safepoint: 815167 ns, Leaving safepoint: 916 ns, Total: 817750 ns
[2026-09-07T10:43:47.908+0900][31.231s][info][gc,start    ] GC(399) Pause Young (Normal) (G1 Evacuation Pause)
[2026-09-07T10:43:47.908+0900][31.231s][info][gc,task     ] GC(399) Using 9 workers of 9 for evacuation
[2026-09-07T10:43:47.909+0900][31.231s][info][gc,phases   ] GC(399)   Pre Evacuate Collection Set: 0.10ms
[2026-09-07T10:43:47.909+0900][31.231s][info][gc,phases   ] GC(399)   Merge Heap Roots: 0.03ms
[2026-09-07T10:43:47.909+0900][31.231s][info][gc,phases   ] GC(399)   Evacuate Collection Set: 0.28ms
[2026-09-07T10:43:47.909+0900][31.231s][info][gc,phases   ] GC(399)   Post Evacuate Collection Set: 0.13ms
[2026-09-07T10:43:47.909+0900][31.231s][info][gc,phases   ] GC(399)   Other: 0.02ms
[2026-09-07T10:43:47.909+0900][31.231s][info][gc,heap     ] GC(399) Eden regions: 99->0(100)
[2026-09-07T10:43:47.909+0900][31.232s][info][gc,heap     ] GC(399) Survivor regions: 3->2(13)
[2026-09-07T10:43:47.909+0900][31.232s][info][gc,heap     ] GC(399) Old regions: 76->76
[2026-09-07T10:43:47.909+0900][31.232s][info][gc,heap     ] GC(399) Humongous regions: 2->2
[2026-09-07T10:43:47.909+0900][31.232s][info][gc,metaspace] GC(399) Metaspace: 23369K(23872K)->23369K(23872K) NonClass: 20550K(20800K)->20550K(20800K) Class: 2819K(3072K)->2819K(3072K)
[2026-09-07T10:43:47.909+0900][31.232s][info][gc          ] GC(399) Pause Young (Normal) (G1 Evacuation Pause) 358M->156M(380M) 0.625ms
[2026-09-07T10:43:47.909+0900][31.232s][info][gc,cpu      ] GC(399) User=0.00s Sys=0.00s Real=0.00s
[2026-09-07T10:43:47.909+0900][31.232s][info][safepoint   ] Safepoint "G1CollectForAllocation", Time since last: 76547959 ns, Reaching safepoint: 1250 ns, Cleanup: 666 ns, At safepoint: 638667 ns, Leaving safepoint: 833 ns, Total: 641416 ns
[2026-09-07T10:43:47.986+0900][31.309s][info][gc,start    ] GC(400) Pause Young (Normal) (G1 Evacuation Pause)
[2026-09-07T10:43:47.986+0900][31.309s][info][gc,task     ] GC(400) Using 9 workers of 9 for evacuation
[2026-09-07T10:43:47.987+0900][31.310s][info][gc,phases   ] GC(400)   Pre Evacuate Collection Set: 0.07ms
[2026-09-07T10:43:47.987+0900][31.310s][info][gc,phases   ] GC(400)   Merge Heap Roots: 0.02ms
[2026-09-07T10:43:47.987+0900][31.310s][info][gc,phases   ] GC(400)   Evacuate Collection Set: 0.58ms
[2026-09-07T10:43:47.987+0900][31.310s][info][gc,phases   ] GC(400)   Post Evacuate Collection Set: 0.12ms
[2026-09-07T10:43:47.987+0900][31.310s][info][gc,phases   ] GC(400)   Other: 0.02ms
[2026-09-07T10:43:47.987+0900][31.310s][info][gc,heap     ] GC(400) Eden regions: 100->0(98)
[2026-09-07T10:43:47.987+0900][31.310s][info][gc,heap     ] GC(400) Survivor regions: 2->4(13)
[2026-09-07T10:43:47.987+0900][31.310s][info][gc,heap     ] GC(400) Old regions: 76->76
[2026-09-07T10:43:47.987+0900][31.310s][info][gc,heap     ] GC(400) Humongous regions: 2->2
[2026-09-07T10:43:47.987+0900][31.310s][info][gc,metaspace] GC(400) Metaspace: 23369K(23872K)->23369K(23872K) NonClass: 20550K(20800K)->20550K(20800K) Class: 2819K(3072K)->2819K(3072K)
[2026-09-07T10:43:47.987+0900][31.310s][info][gc          ] GC(400) Pause Young (Normal) (G1 Evacuation Pause) 356M->161M(380M) 0.868ms
[2026-09-07T10:43:47.987+0900][31.310s][info][gc,cpu      ] GC(400) User=0.00s Sys=0.00s Real=0.00s
[2026-09-07T10:43:47.987+0900][31.310s][info][safepoint   ] Safepoint "G1CollectForAllocation", Time since last: 77770459 ns, Reaching safepoint: 1083 ns, Cleanup: 1000 ns, At safepoint: 880667 ns, Leaving safepoint: 1083 ns, Total: 883833 ns
[2026-09-07T10:43:48.062+0900][31.385s][info][gc,start    ] GC(401) Pause Young (Normal) (G1 Evacuation Pause)
[2026-09-07T10:43:48.062+0900][31.385s][info][gc,task     ] GC(401) Using 9 workers of 9 for evacuation
[2026-09-07T10:43:48.063+0900][31.386s][info][gc,phases   ] GC(401)   Pre Evacuate Collection Set: 0.07ms
[2026-09-07T10:43:48.063+0900][31.386s][info][gc,phases   ] GC(401)   Merge Heap Roots: 0.02ms
[2026-09-07T10:43:48.063+0900][31.386s][info][gc,phases   ] GC(401)   Evacuate Collection Set: 0.34ms
[2026-09-07T10:43:48.063+0900][31.386s][info][gc,phases   ] GC(401)   Post Evacuate Collection Set: 0.12ms
[2026-09-07T10:43:48.063+0900][31.386s][info][gc,phases   ] GC(401)   Other: 0.01ms
[2026-09-07T10:43:48.063+0900][31.386s][info][gc,heap     ] GC(401) Eden regions: 98->0(100)
[2026-09-07T10:43:48.063+0900][31.386s][info][gc,heap     ] GC(401) Survivor regions: 4->2(13)
[2026-09-07T10:43:48.063+0900][31.386s][info][gc,heap     ] GC(401) Old regions: 76->76
[2026-09-07T10:43:48.063+0900][31.386s][info][gc,heap     ] GC(401) Humongous regions: 2->2
[2026-09-07T10:43:48.063+0900][31.386s][info][gc,metaspace] GC(401) Metaspace: 23369K(23872K)->23369K(23872K) NonClass: 20550K(20800K)->20550K(20800K) Class: 2819K(3072K)->2819K(3072K)
[2026-09-07T10:43:48.063+0900][31.386s][info][gc          ] GC(401) Pause Young (Normal) (G1 Evacuation Pause) 357M->157M(380M) 0.618ms
[2026-09-07T10:43:48.063+0900][31.386s][info][gc,cpu      ] GC(401) User=0.00s Sys=0.00s Real=0.00s
[2026-09-07T10:43:48.063+0900][31.386s][info][safepoint   ] Safepoint "G1CollectForAllocation", Time since last: 75130292 ns, Reaching safepoint: 1125 ns, Cleanup: 958 ns, At safepoint: 630792 ns, Leaving safepoint: 791 ns, Total: 633666 ns
[2026-09-07T10:43:48.141+0900][31.464s][info][gc,start    ] GC(402) Pause Young (Normal) (G1 Evacuation Pause)
[2026-09-07T10:43:48.141+0900][31.464s][info][gc,task     ] GC(402) Using 9 workers of 9 for evacuation
[2026-09-07T10:43:48.142+0900][31.465s][info][gc,phases   ] GC(402)   Pre Evacuate Collection Set: 0.08ms
[2026-09-07T10:43:48.142+0900][31.465s][info][gc,phases   ] GC(402)   Merge Heap Roots: 0.02ms
[2026-09-07T10:43:48.142+0900][31.465s][info][gc,phases   ] GC(402)   Evacuate Collection Set: 0.63ms
[2026-09-07T10:43:48.142+0900][31.465s][info][gc,phases   ] GC(402)   Post Evacuate Collection Set: 0.12ms
[2026-09-07T10:43:48.142+0900][31.465s][info][gc,phases   ] GC(402)   Other: 0.02ms
[2026-09-07T10:43:48.142+0900][31.465s][info][gc,heap     ] GC(402) Eden regions: 100->0(97)
[2026-09-07T10:43:48.142+0900][31.465s][info][gc,heap     ] GC(402) Survivor regions: 2->5(13)
[2026-09-07T10:43:48.142+0900][31.465s][info][gc,heap     ] GC(402) Old regions: 76->76
[2026-09-07T10:43:48.142+0900][31.465s][info][gc,heap     ] GC(402) Humongous regions: 2->2
[2026-09-07T10:43:48.142+0900][31.465s][info][gc,metaspace] GC(402) Metaspace: 23369K(23872K)->23369K(23872K) NonClass: 20550K(20800K)->20550K(20800K) Class: 2819K(3072K)->2819K(3072K)
[2026-09-07T10:43:48.142+0900][31.465s][info][gc          ] GC(402) Pause Young (Normal) (G1 Evacuation Pause) 357M->162M(380M) 0.924ms
[2026-09-07T10:43:48.142+0900][31.465s][info][gc,cpu      ] GC(402) User=0.00s Sys=0.00s Real=0.00s
[2026-09-07T10:43:48.142+0900][31.465s][info][safepoint   ] Safepoint "G1CollectForAllocation", Time since last: 77764417 ns, Reaching safepoint: 1208 ns, Cleanup: 417 ns, At safepoint: 938125 ns, Leaving safepoint: 833 ns, Total: 940583 ns
[2026-09-07T10:43:48.218+0900][31.541s][info][gc,start    ] GC(403) Pause Young (Normal) (G1 Evacuation Pause)
[2026-09-07T10:43:48.218+0900][31.541s][info][gc,task     ] GC(403) Using 9 workers of 9 for evacuation
[2026-09-07T10:43:48.219+0900][31.542s][info][gc,phases   ] GC(403)   Pre Evacuate Collection Set: 0.07ms
[2026-09-07T10:43:48.219+0900][31.542s][info][gc,phases   ] GC(403)   Merge Heap Roots: 0.02ms
[2026-09-07T10:43:48.219+0900][31.542s][info][gc,phases   ] GC(403)   Evacuate Collection Set: 0.44ms
[2026-09-07T10:43:48.219+0900][31.542s][info][gc,phases   ] GC(403)   Post Evacuate Collection Set: 0.12ms
[2026-09-07T10:43:48.219+0900][31.542s][info][gc,phases   ] GC(403)   Other: 0.01ms
[2026-09-07T10:43:48.219+0900][31.542s][info][gc,heap     ] GC(403) Eden regions: 97->0(99)
[2026-09-07T10:43:48.219+0900][31.542s][info][gc,heap     ] GC(403) Survivor regions: 5->3(13)
[2026-09-07T10:43:48.219+0900][31.542s][info][gc,heap     ] GC(403) Old regions: 76->76
[2026-09-07T10:43:48.219+0900][31.542s][info][gc,heap     ] GC(403) Humongous regions: 2->2
[2026-09-07T10:43:48.219+0900][31.542s][info][gc,metaspace] GC(403) Metaspace: 23369K(23872K)->23369K(23872K) NonClass: 20550K(20800K)->20550K(20800K) Class: 2819K(3072K)->2819K(3072K)
[2026-09-07T10:43:48.219+0900][31.542s][info][gc          ] GC(403) Pause Young (Normal) (G1 Evacuation Pause) 356M->159M(380M) 0.724ms
[2026-09-07T10:43:48.219+0900][31.542s][info][gc,cpu      ] GC(403) User=0.00s Sys=0.00s Real=0.00s
[2026-09-07T10:43:48.219+0900][31.542s][info][safepoint   ] Safepoint "G1CollectForAllocation", Time since last: 76557209 ns, Reaching safepoint: 1125 ns, Cleanup: 291 ns, At safepoint: 738209 ns, Leaving safepoint: 791 ns, Total: 740416 ns
[2026-09-07T10:43:48.296+0900][31.619s][info][gc,start    ] GC(404) Pause Young (Normal) (G1 Evacuation Pause)
[2026-09-07T10:43:48.296+0900][31.619s][info][gc,task     ] GC(404) Using 9 workers of 9 for evacuation
[2026-09-07T10:43:48.296+0900][31.619s][info][gc,phases   ] GC(404)   Pre Evacuate Collection Set: 0.07ms
[2026-09-07T10:43:48.296+0900][31.619s][info][gc,phases   ] GC(404)   Merge Heap Roots: 0.02ms
[2026-09-07T10:43:48.296+0900][31.619s][info][gc,phases   ] GC(404)   Evacuate Collection Set: 0.21ms
[2026-09-07T10:43:48.296+0900][31.619s][info][gc,phases   ] GC(404)   Post Evacuate Collection Set: 0.10ms
[2026-09-07T10:43:48.296+0900][31.619s][info][gc,phases   ] GC(404)   Other: 0.01ms
[2026-09-07T10:43:48.296+0900][31.619s][info][gc,heap     ] GC(404) Eden regions: 99->0(101)
[2026-09-07T10:43:48.296+0900][31.619s][info][gc,heap     ] GC(404) Survivor regions: 3->1(13)
[2026-09-07T10:43:48.296+0900][31.619s][info][gc,heap     ] GC(404) Old regions: 76->76
[2026-09-07T10:43:48.296+0900][31.619s][info][gc,heap     ] GC(404) Humongous regions: 2->2
[2026-09-07T10:43:48.296+0900][31.619s][info][gc,metaspace] GC(404) Metaspace: 23378K(23872K)->23378K(23872K) NonClass: 20558K(20800K)->20558K(20800K) Class: 2819K(3072K)->2819K(3072K)
[2026-09-07T10:43:48.296+0900][31.619s][info][gc          ] GC(404) Pause Young (Normal) (G1 Evacuation Pause) 357M->156M(380M) 0.483ms
[2026-09-07T10:43:48.296+0900][31.619s][info][gc,cpu      ] GC(404) User=0.00s Sys=0.01s Real=0.00s
[2026-09-07T10:43:48.296+0900][31.619s][info][safepoint   ] Safepoint "G1CollectForAllocation", Time since last: 76846292 ns, Reaching safepoint: 958 ns, Cleanup: 2125 ns, At safepoint: 495959 ns, Leaving safepoint: 1458 ns, Total: 500500 ns
[2026-09-07T10:43:48.375+0900][31.698s][info][gc,start    ] GC(405) Pause Young (Normal) (G1 Evacuation Pause)
[2026-09-07T10:43:48.375+0900][31.698s][info][gc,task     ] GC(405) Using 9 workers of 9 for evacuation
[2026-09-07T10:43:48.376+0900][31.699s][info][gc,phases   ] GC(405)   Pre Evacuate Collection Set: 0.08ms
[2026-09-07T10:43:48.376+0900][31.699s][info][gc,phases   ] GC(405)   Merge Heap Roots: 0.03ms
[2026-09-07T10:43:48.376+0900][31.699s][info][gc,phases   ] GC(405)   Evacuate Collection Set: 0.55ms
[2026-09-07T10:43:48.376+0900][31.699s][info][gc,phases   ] GC(405)   Post Evacuate Collection Set: 0.12ms
[2026-09-07T10:43:48.376+0900][31.699s][info][gc,phases   ] GC(405)   Other: 0.01ms
[2026-09-07T10:43:48.376+0900][31.699s][info][gc,heap     ] GC(405) Eden regions: 101->0(98)
[2026-09-07T10:43:48.376+0900][31.699s][info][gc,heap     ] GC(405) Survivor regions: 1->4(13)
[2026-09-07T10:43:48.376+0900][31.699s][info][gc,heap     ] GC(405) Old regions: 76->76
[2026-09-07T10:43:48.376+0900][31.699s][info][gc,heap     ] GC(405) Humongous regions: 2->2
[2026-09-07T10:43:48.376+0900][31.699s][info][gc,metaspace] GC(405) Metaspace: 23378K(23872K)->23378K(23872K) NonClass: 20558K(20800K)->20558K(20800K) Class: 2819K(3072K)->2819K(3072K)
[2026-09-07T10:43:48.376+0900][31.699s][info][gc          ] GC(405) Pause Young (Normal) (G1 Evacuation Pause) 358M->161M(380M) 0.855ms
[2026-09-07T10:43:48.376+0900][31.699s][info][gc,cpu      ] GC(405) User=0.01s Sys=0.00s Real=0.00s
[2026-09-07T10:43:48.376+0900][31.699s][info][safepoint   ] Safepoint "G1CollectForAllocation", Time since last: 78401125 ns, Reaching safepoint: 1500 ns, Cleanup: 333 ns, At safepoint: 868959 ns, Leaving safepoint: 875 ns, Total: 871667 ns
[2026-09-07T10:43:48.451+0900][31.774s][info][gc,start    ] GC(406) Pause Young (Normal) (G1 Evacuation Pause)
[2026-09-07T10:43:48.451+0900][31.774s][info][gc,task     ] GC(406) Using 9 workers of 9 for evacuation
[2026-09-07T10:43:48.451+0900][31.774s][info][gc,phases   ] GC(406)   Pre Evacuate Collection Set: 0.08ms
[2026-09-07T10:43:48.451+0900][31.774s][info][gc,phases   ] GC(406)   Merge Heap Roots: 0.02ms
[2026-09-07T10:43:48.451+0900][31.774s][info][gc,phases   ] GC(406)   Evacuate Collection Set: 0.33ms
[2026-09-07T10:43:48.451+0900][31.774s][info][gc,phases   ] GC(406)   Post Evacuate Collection Set: 0.11ms
[2026-09-07T10:43:48.451+0900][31.774s][info][gc,phases   ] GC(406)   Other: 0.02ms
[2026-09-07T10:43:48.451+0900][31.774s][info][gc,heap     ] GC(406) Eden regions: 98->0(100)
[2026-09-07T10:43:48.451+0900][31.774s][info][gc,heap     ] GC(406) Survivor regions: 4->2(13)
[2026-09-07T10:43:48.451+0900][31.774s][info][gc,heap     ] GC(406) Old regions: 76->76
[2026-09-07T10:43:48.451+0900][31.774s][info][gc,heap     ] GC(406) Humongous regions: 2->2
[2026-09-07T10:43:48.451+0900][31.774s][info][gc,metaspace] GC(406) Metaspace: 23378K(23872K)->23378K(23872K) NonClass: 20559K(20800K)->20559K(20800K) Class: 2819K(3072K)->2819K(3072K)
[2026-09-07T10:43:48.451+0900][31.774s][info][gc          ] GC(406) Pause Young (Normal) (G1 Evacuation Pause) 357M->157M(380M) 0.627ms
[2026-09-07T10:43:48.451+0900][31.774s][info][gc,cpu      ] GC(406) User=0.01s Sys=0.00s Real=0.00s
[2026-09-07T10:43:48.451+0900][31.774s][info][safepoint   ] Safepoint "G1CollectForAllocation", Time since last: 75129000 ns, Reaching safepoint: 1041 ns, Cleanup: 959 ns, At safepoint: 641000 ns, Leaving safepoint: 750 ns, Total: 643750 ns
[2026-09-07T10:43:48.529+0900][31.851s][info][gc,start    ] GC(407) Pause Young (Normal) (G1 Evacuation Pause)
[2026-09-07T10:43:48.529+0900][31.852s][info][gc,task     ] GC(407) Using 9 workers of 9 for evacuation
[2026-09-07T10:43:48.530+0900][31.852s][info][gc,phases   ] GC(407)   Pre Evacuate Collection Set: 0.08ms
[2026-09-07T10:43:48.530+0900][31.852s][info][gc,phases   ] GC(407)   Merge Heap Roots: 0.02ms
[2026-09-07T10:43:48.530+0900][31.852s][info][gc,phases   ] GC(407)   Evacuate Collection Set: 0.67ms
[2026-09-07T10:43:48.530+0900][31.852s][info][gc,phases   ] GC(407)   Post Evacuate Collection Set: 0.10ms
[2026-09-07T10:43:48.530+0900][31.852s][info][gc,phases   ] GC(407)   Other: 0.02ms
[2026-09-07T10:43:48.530+0900][31.852s][info][gc,heap     ] GC(407) Eden regions: 100->0(97)
[2026-09-07T10:43:48.530+0900][31.852s][info][gc,heap     ] GC(407) Survivor regions: 2->5(13)
[2026-09-07T10:43:48.530+0900][31.852s][info][gc,heap     ] GC(407) Old regions: 76->76
[2026-09-07T10:43:48.530+0900][31.852s][info][gc,heap     ] GC(407) Humongous regions: 2->2
[2026-09-07T10:43:48.530+0900][31.852s][info][gc,metaspace] GC(407) Metaspace: 23378K(23872K)->23378K(23872K) NonClass: 20559K(20800K)->20559K(20800K) Class: 2819K(3072K)->2819K(3072K)
[2026-09-07T10:43:48.530+0900][31.852s][info][gc          ] GC(407) Pause Young (Normal) (G1 Evacuation Pause) 357M->162M(380M) 0.954ms
[2026-09-07T10:43:48.530+0900][31.852s][info][gc,cpu      ] GC(407) User=0.01s Sys=0.00s Real=0.01s
[2026-09-07T10:43:48.530+0900][31.852s][info][safepoint   ] Safepoint "G1CollectForAllocation", Time since last: 77139250 ns, Reaching safepoint: 1125 ns, Cleanup: 875 ns, At safepoint: 967958 ns, Leaving safepoint: 1000 ns, Total: 970958 ns
[2026-09-07T10:43:48.605+0900][31.928s][info][gc,start    ] GC(408) Pause Young (Normal) (G1 Evacuation Pause)
[2026-09-07T10:43:48.605+0900][31.928s][info][gc,task     ] GC(408) Using 9 workers of 9 for evacuation
[2026-09-07T10:43:48.606+0900][31.928s][info][gc,phases   ] GC(408)   Pre Evacuate Collection Set: 0.08ms
[2026-09-07T10:43:48.606+0900][31.928s][info][gc,phases   ] GC(408)   Merge Heap Roots: 0.02ms
[2026-09-07T10:43:48.606+0900][31.928s][info][gc,phases   ] GC(408)   Evacuate Collection Set: 0.51ms
[2026-09-07T10:43:48.606+0900][31.928s][info][gc,phases   ] GC(408)   Post Evacuate Collection Set: 0.12ms
[2026-09-07T10:43:48.606+0900][31.928s][info][gc,phases   ] GC(408)   Other: 0.01ms
[2026-09-07T10:43:48.606+0900][31.928s][info][gc,heap     ] GC(408) Eden regions: 97->0(99)
[2026-09-07T10:43:48.606+0900][31.928s][info][gc,heap     ] GC(408) Survivor regions: 5->3(13)
[2026-09-07T10:43:48.606+0900][31.928s][info][gc,heap     ] GC(408) Old regions: 76->76
[2026-09-07T10:43:48.606+0900][31.928s][info][gc,heap     ] GC(408) Humongous regions: 2->2
[2026-09-07T10:43:48.606+0900][31.928s][info][gc,metaspace] GC(408) Metaspace: 23378K(23872K)->23378K(23872K) NonClass: 20559K(20800K)->20559K(20800K) Class: 2819K(3072K)->2819K(3072K)
[2026-09-07T10:43:48.606+0900][31.929s][info][gc          ] GC(408) Pause Young (Normal) (G1 Evacuation Pause) 356M->160M(380M) 0.797ms
[2026-09-07T10:43:48.606+0900][31.929s][info][gc,cpu      ] GC(408) User=0.01s Sys=0.00s Real=0.00s
[2026-09-07T10:43:48.606+0900][31.929s][info][safepoint   ] Safepoint "G1CollectForAllocation", Time since last: 75249000 ns, Reaching safepoint: 1458 ns, Cleanup: 959 ns, At safepoint: 808958 ns, Leaving safepoint: 917 ns, Total: 812292 ns
[2026-09-07T10:43:48.682+0900][32.005s][info][gc,start    ] GC(409) Pause Young (Normal) (G1 Evacuation Pause)
[2026-09-07T10:43:48.682+0900][32.005s][info][gc,task     ] GC(409) Using 9 workers of 9 for evacuation
[2026-09-07T10:43:48.682+0900][32.005s][info][gc,phases   ] GC(409)   Pre Evacuate Collection Set: 0.07ms
[2026-09-07T10:43:48.682+0900][32.005s][info][gc,phases   ] GC(409)   Merge Heap Roots: 0.02ms
[2026-09-07T10:43:48.682+0900][32.005s][info][gc,phases   ] GC(409)   Evacuate Collection Set: 0.30ms
[2026-09-07T10:43:48.682+0900][32.005s][info][gc,phases   ] GC(409)   Post Evacuate Collection Set: 0.12ms
[2026-09-07T10:43:48.682+0900][32.005s][info][gc,phases   ] GC(409)   Other: 0.02ms
[2026-09-07T10:43:48.682+0900][32.005s][info][gc,heap     ] GC(409) Eden regions: 99->0(100)
[2026-09-07T10:43:48.682+0900][32.005s][info][gc,heap     ] GC(409) Survivor regions: 3->2(13)
[2026-09-07T10:43:48.682+0900][32.005s][info][gc,heap     ] GC(409) Old regions: 76->76
[2026-09-07T10:43:48.682+0900][32.005s][info][gc,heap     ] GC(409) Humongous regions: 2->2
[2026-09-07T10:43:48.682+0900][32.005s][info][gc,metaspace] GC(409) Metaspace: 23381K(23872K)->23381K(23872K) NonClass: 20562K(20800K)->20562K(20800K) Class: 2819K(3072K)->2819K(3072K)
[2026-09-07T10:43:48.682+0900][32.005s][info][gc          ] GC(409) Pause Young (Normal) (G1 Evacuation Pause) 358M->157M(380M) 0.609ms
[2026-09-07T10:43:48.682+0900][32.005s][info][gc,cpu      ] GC(409) User=0.01s Sys=0.00s Real=0.00s
[2026-09-07T10:43:48.682+0900][32.005s][info][safepoint   ] Safepoint "G1CollectForAllocation", Time since last: 76094083 ns, Reaching safepoint: 875 ns, Cleanup: 750 ns, At safepoint: 622083 ns, Leaving safepoint: 1250 ns, Total: 624958 ns
[2026-09-07T10:43:48.761+0900][32.084s][info][gc,start    ] GC(410) Pause Young (Normal) (G1 Evacuation Pause)
[2026-09-07T10:43:48.761+0900][32.084s][info][gc,task     ] GC(410) Using 9 workers of 9 for evacuation
[2026-09-07T10:43:48.762+0900][32.085s][info][gc,phases   ] GC(410)   Pre Evacuate Collection Set: 0.07ms
[2026-09-07T10:43:48.762+0900][32.085s][info][gc,phases   ] GC(410)   Merge Heap Roots: 0.02ms
[2026-09-07T10:43:48.762+0900][32.085s][info][gc,phases   ] GC(410)   Evacuate Collection Set: 0.67ms
[2026-09-07T10:43:48.762+0900][32.085s][info][gc,phases   ] GC(410)   Post Evacuate Collection Set: 0.13ms
[2026-09-07T10:43:48.762+0900][32.085s][info][gc,phases   ] GC(410)   Other: 0.01ms
[2026-09-07T10:43:48.762+0900][32.085s][info][gc,heap     ] GC(410) Eden regions: 100->0(97)
[2026-09-07T10:43:48.762+0900][32.085s][info][gc,heap     ] GC(410) Survivor regions: 2->5(13)
[2026-09-07T10:43:48.762+0900][32.085s][info][gc,heap     ] GC(410) Old regions: 76->76
[2026-09-07T10:43:48.762+0900][32.085s][info][gc,heap     ] GC(410) Humongous regions: 2->2
[2026-09-07T10:43:48.762+0900][32.085s][info][gc,metaspace] GC(410) Metaspace: 23381K(23872K)->23381K(23872K) NonClass: 20562K(20800K)->20562K(20800K) Class: 2819K(3072K)->2819K(3072K)
[2026-09-07T10:43:48.762+0900][32.085s][info][gc          ] GC(410) Pause Young (Normal) (G1 Evacuation Pause) 357M->162M(380M) 0.967ms
[2026-09-07T10:43:48.762+0900][32.085s][info][gc,cpu      ] GC(410) User=0.00s Sys=0.00s Real=0.00s
[2026-09-07T10:43:48.762+0900][32.085s][info][safepoint   ] Safepoint "G1CollectForAllocation", Time since last: 78528917 ns, Reaching safepoint: 1083 ns, Cleanup: 750 ns, At safepoint: 980959 ns, Leaving safepoint: 875 ns, Total: 983667 ns
[2026-09-07T10:43:48.838+0900][32.161s][info][gc,start    ] GC(411) Pause Young (Normal) (G1 Evacuation Pause)
[2026-09-07T10:43:48.839+0900][32.161s][info][gc,task     ] GC(411) Using 9 workers of 9 for evacuation
[2026-09-07T10:43:48.839+0900][32.162s][info][gc,phases   ] GC(411)   Pre Evacuate Collection Set: 0.07ms
[2026-09-07T10:43:48.839+0900][32.162s][info][gc,phases   ] GC(411)   Merge Heap Roots: 0.02ms
[2026-09-07T10:43:48.839+0900][32.162s][info][gc,phases   ] GC(411)   Evacuate Collection Set: 0.49ms
[2026-09-07T10:43:48.839+0900][32.162s][info][gc,phases   ] GC(411)   Post Evacuate Collection Set: 0.12ms
[2026-09-07T10:43:48.839+0900][32.162s][info][gc,phases   ] GC(411)   Other: 0.02ms
[2026-09-07T10:43:48.839+0900][32.162s][info][gc,heap     ] GC(411) Eden regions: 97->0(99)
[2026-09-07T10:43:48.839+0900][32.162s][info][gc,heap     ] GC(411) Survivor regions: 5->3(13)
[2026-09-07T10:43:48.839+0900][32.162s][info][gc,heap     ] GC(411) Old regions: 76->76
[2026-09-07T10:43:48.839+0900][32.162s][info][gc,heap     ] GC(411) Humongous regions: 2->2
[2026-09-07T10:43:48.839+0900][32.162s][info][gc,metaspace] GC(411) Metaspace: 23381K(23872K)->23381K(23872K) NonClass: 20562K(20800K)->20562K(20800K) Class: 2819K(3072K)->2819K(3072K)
[2026-09-07T10:43:48.839+0900][32.162s][info][gc          ] GC(411) Pause Young (Normal) (G1 Evacuation Pause) 356M->160M(380M) 0.787ms
[2026-09-07T10:43:48.839+0900][32.162s][info][gc,cpu      ] GC(411) User=0.00s Sys=0.00s Real=0.00s
[2026-09-07T10:43:48.839+0900][32.162s][info][safepoint   ] Safepoint "G1CollectForAllocation", Time since last: 76582833 ns, Reaching safepoint: 917 ns, Cleanup: 1625 ns, At safepoint: 801666 ns, Leaving safepoint: 1542 ns, Total: 805750 ns
[2026-09-07T10:43:48.915+0900][32.238s][info][gc,start    ] GC(412) Pause Young (Normal) (G1 Evacuation Pause)
[2026-09-07T10:43:48.915+0900][32.238s][info][gc,task     ] GC(412) Using 9 workers of 9 for evacuation
[2026-09-07T10:43:48.916+0900][32.239s][info][gc,phases   ] GC(412)   Pre Evacuate Collection Set: 0.07ms
[2026-09-07T10:43:48.916+0900][32.239s][info][gc,phases   ] GC(412)   Merge Heap Roots: 0.04ms
[2026-09-07T10:43:48.916+0900][32.239s][info][gc,phases   ] GC(412)   Evacuate Collection Set: 0.32ms
[2026-09-07T10:43:48.916+0900][32.239s][info][gc,phases   ] GC(412)   Post Evacuate Collection Set: 0.12ms
[2026-09-07T10:43:48.916+0900][32.239s][info][gc,phases   ] GC(412)   Other: 0.02ms
[2026-09-07T10:43:48.916+0900][32.239s][info][gc,heap     ] GC(412) Eden regions: 99->0(100)
[2026-09-07T10:43:48.916+0900][32.239s][info][gc,heap     ] GC(412) Survivor regions: 3->2(13)
[2026-09-07T10:43:48.916+0900][32.239s][info][gc,heap     ] GC(412) Old regions: 76->76
[2026-09-07T10:43:48.916+0900][32.239s][info][gc,heap     ] GC(412) Humongous regions: 2->2
[2026-09-07T10:43:48.916+0900][32.239s][info][gc,metaspace] GC(412) Metaspace: 23381K(23872K)->23381K(23872K) NonClass: 20562K(20800K)->20562K(20800K) Class: 2819K(3072K)->2819K(3072K)
[2026-09-07T10:43:48.916+0900][32.239s][info][gc          ] GC(412) Pause Young (Normal) (G1 Evacuation Pause) 358M->157M(380M) 0.651ms
[2026-09-07T10:43:48.916+0900][32.239s][info][gc,cpu      ] GC(412) User=0.00s Sys=0.00s Real=0.00s
[2026-09-07T10:43:48.916+0900][32.239s][info][safepoint   ] Safepoint "G1CollectForAllocation", Time since last: 75862417 ns, Reaching safepoint: 1166 ns, Cleanup: 500 ns, At safepoint: 664625 ns, Leaving safepoint: 917 ns, Total: 667208 ns
[2026-09-07T10:43:48.993+0900][32.316s][info][gc,start    ] GC(413) Pause Young (Normal) (G1 Evacuation Pause)
[2026-09-07T10:43:48.993+0900][32.316s][info][gc,task     ] GC(413) Using 9 workers of 9 for evacuation
[2026-09-07T10:43:48.994+0900][32.317s][info][gc,phases   ] GC(413)   Pre Evacuate Collection Set: 0.08ms
[2026-09-07T10:43:48.994+0900][32.317s][info][gc,phases   ] GC(413)   Merge Heap Roots: 0.03ms
[2026-09-07T10:43:48.994+0900][32.317s][info][gc,phases   ] GC(413)   Evacuate Collection Set: 0.72ms
[2026-09-07T10:43:48.994+0900][32.317s][info][gc,phases   ] GC(413)   Post Evacuate Collection Set: 0.11ms
[2026-09-07T10:43:48.994+0900][32.317s][info][gc,phases   ] GC(413)   Other: 0.02ms
[2026-09-07T10:43:48.994+0900][32.317s][info][gc,heap     ] GC(413) Eden regions: 100->0(97)
[2026-09-07T10:43:48.994+0900][32.317s][info][gc,heap     ] GC(413) Survivor regions: 2->5(13)
[2026-09-07T10:43:48.994+0900][32.317s][info][gc,heap     ] GC(413) Old regions: 76->76
[2026-09-07T10:43:48.994+0900][32.317s][info][gc,heap     ] GC(413) Humongous regions: 2->2
[2026-09-07T10:43:48.994+0900][32.317s][info][gc,metaspace] GC(413) Metaspace: 23381K(23872K)->23381K(23872K) NonClass: 20562K(20800K)->20562K(20800K) Class: 2819K(3072K)->2819K(3072K)
[2026-09-07T10:43:48.994+0900][32.317s][info][gc          ] GC(413) Pause Young (Normal) (G1 Evacuation Pause) 357M->163M(380M) 1.025ms
[2026-09-07T10:43:48.994+0900][32.317s][info][gc,cpu      ] GC(413) User=0.00s Sys=0.00s Real=0.00s
[2026-09-07T10:43:48.994+0900][32.317s][info][safepoint   ] Safepoint "G1CollectForAllocation", Time since last: 77337500 ns, Reaching safepoint: 1083 ns, Cleanup: 834 ns, At safepoint: 1037250 ns, Leaving safepoint: 1125 ns, Total: 1040292 ns
[2026-09-07T10:43:49.070+0900][32.392s][info][gc,start    ] GC(414) Pause Young (Normal) (G1 Evacuation Pause)
[2026-09-07T10:43:49.070+0900][32.392s][info][gc,task     ] GC(414) Using 9 workers of 9 for evacuation
[2026-09-07T10:43:49.070+0900][32.393s][info][gc,phases   ] GC(414)   Pre Evacuate Collection Set: 0.07ms
[2026-09-07T10:43:49.070+0900][32.393s][info][gc,phases   ] GC(414)   Merge Heap Roots: 0.02ms
[2026-09-07T10:43:49.070+0900][32.393s][info][gc,phases   ] GC(414)   Evacuate Collection Set: 0.56ms
[2026-09-07T10:43:49.070+0900][32.393s][info][gc,phases   ] GC(414)   Post Evacuate Collection Set: 0.12ms
[2026-09-07T10:43:49.070+0900][32.393s][info][gc,phases   ] GC(414)   Other: 0.02ms
[2026-09-07T10:43:49.070+0900][32.393s][info][gc,heap     ] GC(414) Eden regions: 97->0(98)
[2026-09-07T10:43:49.070+0900][32.393s][info][gc,heap     ] GC(414) Survivor regions: 5->4(13)
[2026-09-07T10:43:49.070+0900][32.393s][info][gc,heap     ] GC(414) Old regions: 76->76
[2026-09-07T10:43:49.070+0900][32.393s][info][gc,heap     ] GC(414) Humongous regions: 2->2
[2026-09-07T10:43:49.070+0900][32.393s][info][gc,metaspace] GC(414) Metaspace: 23381K(23872K)->23381K(23872K) NonClass: 20562K(20800K)->20562K(20800K) Class: 2819K(3072K)->2819K(3072K)
[2026-09-07T10:43:49.070+0900][32.393s][info][gc          ] GC(414) Pause Young (Normal) (G1 Evacuation Pause) 357M->160M(380M) 0.877ms
[2026-09-07T10:43:49.070+0900][32.393s][info][gc,cpu      ] GC(414) User=0.00s Sys=0.00s Real=0.00s
[2026-09-07T10:43:49.070+0900][32.393s][info][safepoint   ] Safepoint "G1CollectForAllocation", Time since last: 75342250 ns, Reaching safepoint: 1333 ns, Cleanup: 417 ns, At safepoint: 891208 ns, Leaving safepoint: 833 ns, Total: 893791 ns
[2026-09-07T10:43:49.146+0900][32.469s][info][gc,start    ] GC(415) Pause Young (Normal) (G1 Evacuation Pause)
[2026-09-07T10:43:49.146+0900][32.469s][info][gc,task     ] GC(415) Using 9 workers of 9 for evacuation
[2026-09-07T10:43:49.147+0900][32.470s][info][gc,phases   ] GC(415)   Pre Evacuate Collection Set: 0.08ms
[2026-09-07T10:43:49.147+0900][32.470s][info][gc,phases   ] GC(415)   Merge Heap Roots: 0.03ms
[2026-09-07T10:43:49.147+0900][32.470s][info][gc,phases   ] GC(415)   Evacuate Collection Set: 0.39ms
[2026-09-07T10:43:49.147+0900][32.470s][info][gc,phases   ] GC(415)   Post Evacuate Collection Set: 0.12ms
[2026-09-07T10:43:49.147+0900][32.470s][info][gc,phases   ] GC(415)   Other: 0.02ms
[2026-09-07T10:43:49.147+0900][32.470s][info][gc,heap     ] GC(415) Eden regions: 98->0(100)
[2026-09-07T10:43:49.147+0900][32.470s][info][gc,heap     ] GC(415) Survivor regions: 4->2(13)
[2026-09-07T10:43:49.147+0900][32.470s][info][gc,heap     ] GC(415) Old regions: 76->76
[2026-09-07T10:43:49.147+0900][32.470s][info][gc,heap     ] GC(415) Humongous regions: 2->2
[2026-09-07T10:43:49.147+0900][32.470s][info][gc,metaspace] GC(415) Metaspace: 23381K(23872K)->23381K(23872K) NonClass: 20562K(20800K)->20562K(20800K) Class: 2819K(3072K)->2819K(3072K)
[2026-09-07T10:43:49.147+0900][32.470s][info][gc          ] GC(415) Pause Young (Normal) (G1 Evacuation Pause) 356M->158M(380M) 0.718ms
[2026-09-07T10:43:49.147+0900][32.470s][info][gc,cpu      ] GC(415) User=0.00s Sys=0.00s Real=0.00s
[2026-09-07T10:43:49.147+0900][32.470s][info][safepoint   ] Safepoint "G1CollectForAllocation", Time since last: 75926125 ns, Reaching safepoint: 1375 ns, Cleanup: 792 ns, At safepoint: 733500 ns, Leaving safepoint: 792 ns, Total: 736459 ns
[2026-09-07T10:43:49.226+0900][32.549s][info][gc,start    ] GC(416) Pause Young (Normal) (G1 Evacuation Pause)
[2026-09-07T10:43:49.226+0900][32.549s][info][gc,task     ] GC(416) Using 9 workers of 9 for evacuation
[2026-09-07T10:43:49.226+0900][32.549s][info][gc,phases   ] GC(416)   Pre Evacuate Collection Set: 0.08ms
[2026-09-07T10:43:49.226+0900][32.549s][info][gc,phases   ] GC(416)   Merge Heap Roots: 0.04ms
[2026-09-07T10:43:49.226+0900][32.549s][info][gc,phases   ] GC(416)   Evacuate Collection Set: 0.24ms
[2026-09-07T10:43:49.226+0900][32.549s][info][gc,phases   ] GC(416)   Post Evacuate Collection Set: 0.10ms
[2026-09-07T10:43:49.226+0900][32.549s][info][gc,phases   ] GC(416)   Other: 0.02ms
[2026-09-07T10:43:49.226+0900][32.549s][info][gc,heap     ] GC(416) Eden regions: 100->0(100)
[2026-09-07T10:43:49.226+0900][32.549s][info][gc,heap     ] GC(416) Survivor regions: 2->2(13)
[2026-09-07T10:43:49.226+0900][32.549s][info][gc,heap     ] GC(416) Old regions: 76->76
[2026-09-07T10:43:49.226+0900][32.549s][info][gc,heap     ] GC(416) Humongous regions: 2->2
[2026-09-07T10:43:49.226+0900][32.549s][info][gc,metaspace] GC(416) Metaspace: 23381K(23872K)->23381K(23872K) NonClass: 20562K(20800K)->20562K(20800K) Class: 2819K(3072K)->2819K(3072K)
[2026-09-07T10:43:49.226+0900][32.549s][info][gc          ] GC(416) Pause Young (Normal) (G1 Evacuation Pause) 358M->156M(380M) 0.538ms
[2026-09-07T10:43:49.226+0900][32.549s][info][gc,cpu      ] GC(416) User=0.00s Sys=0.01s Real=0.00s
[2026-09-07T10:43:49.226+0900][32.549s][info][safepoint   ] Safepoint "G1CollectForAllocation", Time since last: 78792250 ns, Reaching safepoint: 1375 ns, Cleanup: 291 ns, At safepoint: 551834 ns, Leaving safepoint: 1041 ns, Total: 554541 ns
[2026-09-07T10:43:49.303+0900][32.626s][info][gc,start    ] GC(417) Pause Young (Normal) (G1 Evacuation Pause)
[2026-09-07T10:43:49.303+0900][32.626s][info][gc,task     ] GC(417) Using 9 workers of 9 for evacuation
[2026-09-07T10:43:49.304+0900][32.627s][info][gc,phases   ] GC(417)   Pre Evacuate Collection Set: 0.08ms
[2026-09-07T10:43:49.304+0900][32.627s][info][gc,phases   ] GC(417)   Merge Heap Roots: 0.02ms
[2026-09-07T10:43:49.304+0900][32.627s][info][gc,phases   ] GC(417)   Evacuate Collection Set: 0.68ms
[2026-09-07T10:43:49.304+0900][32.627s][info][gc,phases   ] GC(417)   Post Evacuate Collection Set: 0.11ms
[2026-09-07T10:43:49.304+0900][32.627s][info][gc,phases   ] GC(417)   Other: 0.01ms
[2026-09-07T10:43:49.304+0900][32.627s][info][gc,heap     ] GC(417) Eden regions: 100->0(97)
[2026-09-07T10:43:49.304+0900][32.627s][info][gc,heap     ] GC(417) Survivor regions: 2->5(13)
[2026-09-07T10:43:49.304+0900][32.627s][info][gc,heap     ] GC(417) Old regions: 76->76
[2026-09-07T10:43:49.304+0900][32.627s][info][gc,heap     ] GC(417) Humongous regions: 2->2
[2026-09-07T10:43:49.304+0900][32.627s][info][gc,metaspace] GC(417) Metaspace: 23381K(23872K)->23381K(23872K) NonClass: 20562K(20800K)->20562K(20800K) Class: 2819K(3072K)->2819K(3072K)
[2026-09-07T10:43:49.304+0900][32.627s][info][gc          ] GC(417) Pause Young (Normal) (G1 Evacuation Pause) 356M->162M(380M) 0.972ms
[2026-09-07T10:43:49.304+0900][32.627s][info][gc,cpu      ] GC(417) User=0.01s Sys=0.00s Real=0.00s
[2026-09-07T10:43:49.304+0900][32.627s][info][safepoint   ] Safepoint "G1CollectForAllocation", Time since last: 76362542 ns, Reaching safepoint: 1083 ns, Cleanup: 959 ns, At safepoint: 985875 ns, Leaving safepoint: 875 ns, Total: 988792 ns
[2026-09-07T10:43:49.379+0900][32.702s][info][gc,start    ] GC(418) Pause Young (Normal) (G1 Evacuation Pause)
[2026-09-07T10:43:49.379+0900][32.702s][info][gc,task     ] GC(418) Using 9 workers of 9 for evacuation
[2026-09-07T10:43:49.380+0900][32.703s][info][gc,phases   ] GC(418)   Pre Evacuate Collection Set: 0.07ms
[2026-09-07T10:43:49.380+0900][32.703s][info][gc,phases   ] GC(418)   Merge Heap Roots: 0.03ms
[2026-09-07T10:43:49.380+0900][32.703s][info][gc,phases   ] GC(418)   Evacuate Collection Set: 0.56ms
[2026-09-07T10:43:49.380+0900][32.703s][info][gc,phases   ] GC(418)   Post Evacuate Collection Set: 0.11ms
[2026-09-07T10:43:49.380+0900][32.703s][info][gc,phases   ] GC(418)   Other: 0.01ms
[2026-09-07T10:43:49.380+0900][32.703s][info][gc,heap     ] GC(418) Eden regions: 97->0(98)
[2026-09-07T10:43:49.380+0900][32.703s][info][gc,heap     ] GC(418) Survivor regions: 5->4(13)
[2026-09-07T10:43:49.380+0900][32.703s][info][gc,heap     ] GC(418) Old regions: 76->76
[2026-09-07T10:43:49.380+0900][32.703s][info][gc,heap     ] GC(418) Humongous regions: 2->2
[2026-09-07T10:43:49.380+0900][32.703s][info][gc,metaspace] GC(418) Metaspace: 23381K(23872K)->23381K(23872K) NonClass: 20562K(20800K)->20562K(20800K) Class: 2819K(3072K)->2819K(3072K)
[2026-09-07T10:43:49.380+0900][32.703s][info][gc          ] GC(418) Pause Young (Normal) (G1 Evacuation Pause) 356M->161M(380M) 0.861ms
[2026-09-07T10:43:49.380+0900][32.703s][info][gc,cpu      ] GC(418) User=0.01s Sys=0.00s Real=0.01s
[2026-09-07T10:43:49.380+0900][32.703s][info][safepoint   ] Safepoint "G1CollectForAllocation", Time since last: 75509666 ns, Reaching safepoint: 917 ns, Cleanup: 375 ns, At safepoint: 874833 ns, Leaving safepoint: 834 ns, Total: 876959 ns
[2026-09-07T10:43:49.456+0900][32.779s][info][gc,start    ] GC(419) Pause Young (Normal) (G1 Evacuation Pause)
[2026-09-07T10:43:49.456+0900][32.779s][info][gc,task     ] GC(419) Using 9 workers of 9 for evacuation
[2026-09-07T10:43:49.456+0900][32.779s][info][gc,phases   ] GC(419)   Pre Evacuate Collection Set: 0.07ms
[2026-09-07T10:43:49.456+0900][32.779s][info][gc,phases   ] GC(419)   Merge Heap Roots: 0.02ms
[2026-09-07T10:43:49.456+0900][32.779s][info][gc,phases   ] GC(419)   Evacuate Collection Set: 0.43ms
[2026-09-07T10:43:49.456+0900][32.779s][info][gc,phases   ] GC(419)   Post Evacuate Collection Set: 0.11ms
[2026-09-07T10:43:49.456+0900][32.779s][info][gc,phases   ] GC(419)   Other: 0.02ms
[2026-09-07T10:43:49.456+0900][32.779s][info][gc,heap     ] GC(419) Eden regions: 98->0(99)
[2026-09-07T10:43:49.456+0900][32.779s][info][gc,heap     ] GC(419) Survivor regions: 4->3(13)
[2026-09-07T10:43:49.456+0900][32.779s][info][gc,heap     ] GC(419) Old regions: 76->76
[2026-09-07T10:43:49.456+0900][32.779s][info][gc,heap     ] GC(419) Humongous regions: 2->2
[2026-09-07T10:43:49.456+0900][32.779s][info][gc,metaspace] GC(419) Metaspace: 23381K(23872K)->23381K(23872K) NonClass: 20562K(20800K)->20562K(20800K) Class: 2819K(3072K)->2819K(3072K)
[2026-09-07T10:43:49.456+0900][32.779s][info][gc          ] GC(419) Pause Young (Normal) (G1 Evacuation Pause) 357M->159M(380M) 0.717ms
[2026-09-07T10:43:49.456+0900][32.779s][info][gc,cpu      ] GC(419) User=0.01s Sys=0.00s Real=0.00s
[2026-09-07T10:43:49.456+0900][32.779s][info][safepoint   ] Safepoint "G1CollectForAllocation", Time since last: 75568166 ns, Reaching safepoint: 1584 ns, Cleanup: 583 ns, At safepoint: 732333 ns, Leaving safepoint: 792 ns, Total: 735292 ns
[2026-09-07T10:43:49.532+0900][32.855s][info][gc,start    ] GC(420) Pause Young (Normal) (G1 Evacuation Pause)
[2026-09-07T10:43:49.532+0900][32.855s][info][gc,task     ] GC(420) Using 9 workers of 9 for evacuation
[2026-09-07T10:43:49.533+0900][32.856s][info][gc,phases   ] GC(420)   Pre Evacuate Collection Set: 0.07ms
[2026-09-07T10:43:49.533+0900][32.856s][info][gc,phases   ] GC(420)   Merge Heap Roots: 0.02ms
[2026-09-07T10:43:49.533+0900][32.856s][info][gc,phases   ] GC(420)   Evacuate Collection Set: 0.33ms
[2026-09-07T10:43:49.533+0900][32.856s][info][gc,phases   ] GC(420)   Post Evacuate Collection Set: 0.12ms
[2026-09-07T10:43:49.533+0900][32.856s][info][gc,phases   ] GC(420)   Other: 0.02ms
[2026-09-07T10:43:49.533+0900][32.856s][info][gc,heap     ] GC(420) Eden regions: 99->0(100)
[2026-09-07T10:43:49.533+0900][32.856s][info][gc,heap     ] GC(420) Survivor regions: 3->2(13)
[2026-09-07T10:43:49.533+0900][32.856s][info][gc,heap     ] GC(420) Old regions: 76->76
[2026-09-07T10:43:49.533+0900][32.856s][info][gc,heap     ] GC(420) Humongous regions: 2->2
[2026-09-07T10:43:49.533+0900][32.856s][info][gc,metaspace] GC(420) Metaspace: 23388K(23872K)->23388K(23872K) NonClass: 20569K(20800K)->20569K(20800K) Class: 2819K(3072K)->2819K(3072K)
[2026-09-07T10:43:49.533+0900][32.856s][info][gc          ] GC(420) Pause Young (Normal) (G1 Evacuation Pause) 357M->157M(380M) 0.629ms
[2026-09-07T10:43:49.533+0900][32.856s][info][gc,cpu      ] GC(420) User=0.01s Sys=0.00s Real=0.00s
[2026-09-07T10:43:49.533+0900][32.856s][info][safepoint   ] Safepoint "G1CollectForAllocation", Time since last: 75809833 ns, Reaching safepoint: 1084 ns, Cleanup: 1541 ns, At safepoint: 641875 ns, Leaving safepoint: 1250 ns, Total: 645750 ns
[2026-09-07T10:43:49.611+0900][32.933s][info][gc,start    ] GC(421) Pause Young (Normal) (G1 Evacuation Pause)
[2026-09-07T10:43:49.611+0900][32.933s][info][gc,task     ] GC(421) Using 9 workers of 9 for evacuation
[2026-09-07T10:43:49.611+0900][32.934s][info][gc,phases   ] GC(421)   Pre Evacuate Collection Set: 0.07ms
[2026-09-07T10:43:49.611+0900][32.934s][info][gc,phases   ] GC(421)   Merge Heap Roots: 0.02ms
[2026-09-07T10:43:49.611+0900][32.934s][info][gc,phases   ] GC(421)   Evacuate Collection Set: 0.28ms
[2026-09-07T10:43:49.611+0900][32.934s][info][gc,phases   ] GC(421)   Post Evacuate Collection Set: 0.12ms
[2026-09-07T10:43:49.611+0900][32.934s][info][gc,phases   ] GC(421)   Other: 0.02ms
[2026-09-07T10:43:49.611+0900][32.934s][info][gc,heap     ] GC(421) Eden regions: 100->0(100)
[2026-09-07T10:43:49.611+0900][32.934s][info][gc,heap     ] GC(421) Survivor regions: 2->2(13)
[2026-09-07T10:43:49.611+0900][32.934s][info][gc,heap     ] GC(421) Old regions: 76->76
[2026-09-07T10:43:49.611+0900][32.934s][info][gc,heap     ] GC(421) Humongous regions: 2->2
[2026-09-07T10:43:49.611+0900][32.934s][info][gc,metaspace] GC(421) Metaspace: 23389K(23872K)->23389K(23872K) NonClass: 20570K(20800K)->20570K(20800K) Class: 2819K(3072K)->2819K(3072K)
[2026-09-07T10:43:49.611+0900][32.934s][info][gc          ] GC(421) Pause Young (Normal) (G1 Evacuation Pause) 357M->156M(380M) 0.574ms
[2026-09-07T10:43:49.611+0900][32.934s][info][gc,cpu      ] GC(421) User=0.01s Sys=0.00s Real=0.00s
[2026-09-07T10:43:49.611+0900][32.934s][info][safepoint   ] Safepoint "G1CollectForAllocation", Time since last: 77570209 ns, Reaching safepoint: 1041 ns, Cleanup: 6667 ns, At safepoint: 587875 ns, Leaving safepoint: 875 ns, Total: 596458 ns
[2026-09-07T10:43:49.688+0900][33.011s][info][gc,start    ] GC(422) Pause Young (Normal) (G1 Evacuation Pause)
[2026-09-07T10:43:49.688+0900][33.011s][info][gc,task     ] GC(422) Using 9 workers of 9 for evacuation
[2026-09-07T10:43:49.689+0900][33.011s][info][gc,phases   ] GC(422)   Pre Evacuate Collection Set: 0.07ms
[2026-09-07T10:43:49.689+0900][33.011s][info][gc,phases   ] GC(422)   Merge Heap Roots: 0.02ms
[2026-09-07T10:43:49.689+0900][33.011s][info][gc,phases   ] GC(422)   Evacuate Collection Set: 0.17ms
[2026-09-07T10:43:49.689+0900][33.011s][info][gc,phases   ] GC(422)   Post Evacuate Collection Set: 0.12ms
[2026-09-07T10:43:49.689+0900][33.012s][info][gc,phases   ] GC(422)   Other: 0.02ms
[2026-09-07T10:43:49.689+0900][33.012s][info][gc,heap     ] GC(422) Eden regions: 100->0(101)
[2026-09-07T10:43:49.689+0900][33.012s][info][gc,heap     ] GC(422) Survivor regions: 2->1(13)
[2026-09-07T10:43:49.689+0900][33.012s][info][gc,heap     ] GC(422) Old regions: 76->76
[2026-09-07T10:43:49.689+0900][33.012s][info][gc,heap     ] GC(422) Humongous regions: 2->2
[2026-09-07T10:43:49.689+0900][33.012s][info][gc,metaspace] GC(422) Metaspace: 23389K(23872K)->23389K(23872K) NonClass: 20570K(20800K)->20570K(20800K) Class: 2819K(3072K)->2819K(3072K)
[2026-09-07T10:43:49.689+0900][33.012s][info][gc          ] GC(422) Pause Young (Normal) (G1 Evacuation Pause) 356M->155M(380M) 0.459ms
[2026-09-07T10:43:49.689+0900][33.012s][info][gc,cpu      ] GC(422) User=0.01s Sys=0.00s Real=0.00s
[2026-09-07T10:43:49.689+0900][33.012s][info][safepoint   ] Safepoint "G1CollectForAllocation", Time since last: 77112333 ns, Reaching safepoint: 750 ns, Cleanup: 334 ns, At safepoint: 472583 ns, Leaving safepoint: 1000 ns, Total: 474667 ns
[2026-09-07T10:43:49.768+0900][33.091s][info][gc,start    ] GC(423) Pause Young (Normal) (G1 Evacuation Pause)
[2026-09-07T10:43:49.768+0900][33.091s][info][gc,task     ] GC(423) Using 9 workers of 9 for evacuation
[2026-09-07T10:43:49.769+0900][33.092s][info][gc,phases   ] GC(423)   Pre Evacuate Collection Set: 0.08ms
[2026-09-07T10:43:49.769+0900][33.092s][info][gc,phases   ] GC(423)   Merge Heap Roots: 0.03ms
[2026-09-07T10:43:49.769+0900][33.092s][info][gc,phases   ] GC(423)   Evacuate Collection Set: 0.71ms
[2026-09-07T10:43:49.769+0900][33.092s][info][gc,phases   ] GC(423)   Post Evacuate Collection Set: 0.11ms
[2026-09-07T10:43:49.769+0900][33.092s][info][gc,phases   ] GC(423)   Other: 0.01ms
[2026-09-07T10:43:49.769+0900][33.092s][info][gc,heap     ] GC(423) Eden regions: 101->0(97)
[2026-09-07T10:43:49.769+0900][33.092s][info][gc,heap     ] GC(423) Survivor regions: 1->5(13)
[2026-09-07T10:43:49.769+0900][33.092s][info][gc,heap     ] GC(423) Old regions: 76->76
[2026-09-07T10:43:49.769+0900][33.092s][info][gc,heap     ] GC(423) Humongous regions: 2->2
[2026-09-07T10:43:49.769+0900][33.092s][info][gc,metaspace] GC(423) Metaspace: 23389K(23872K)->23389K(23872K) NonClass: 20570K(20800K)->20570K(20800K) Class: 2819K(3072K)->2819K(3072K)
[2026-09-07T10:43:49.769+0900][33.092s][info][gc          ] GC(423) Pause Young (Normal) (G1 Evacuation Pause) 357M->163M(380M) 1.012ms
[2026-09-07T10:43:49.769+0900][33.092s][info][gc,cpu      ] GC(423) User=0.01s Sys=0.00s Real=0.00s
[2026-09-07T10:43:49.769+0900][33.092s][info][safepoint   ] Safepoint "G1CollectForAllocation", Time since last: 79121125 ns, Reaching safepoint: 708 ns, Cleanup: 500 ns, At safepoint: 1028000 ns, Leaving safepoint: 1000 ns, Total: 1030208 ns
[2026-09-07T10:43:49.843+0900][33.166s][info][gc,start    ] GC(424) Pause Young (Normal) (G1 Evacuation Pause)
[2026-09-07T10:43:49.843+0900][33.166s][info][gc,task     ] GC(424) Using 9 workers of 9 for evacuation
[2026-09-07T10:43:49.844+0900][33.167s][info][gc,phases   ] GC(424)   Pre Evacuate Collection Set: 0.08ms
[2026-09-07T10:43:49.844+0900][33.167s][info][gc,phases   ] GC(424)   Merge Heap Roots: 0.02ms
[2026-09-07T10:43:49.844+0900][33.167s][info][gc,phases   ] GC(424)   Evacuate Collection Set: 0.72ms
[2026-09-07T10:43:49.844+0900][33.167s][info][gc,phases   ] GC(424)   Post Evacuate Collection Set: 0.12ms
[2026-09-07T10:43:49.844+0900][33.167s][info][gc,phases   ] GC(424)   Other: 0.01ms
[2026-09-07T10:43:49.844+0900][33.167s][info][gc,heap     ] GC(424) Eden regions: 97->0(97)
[2026-09-07T10:43:49.844+0900][33.167s][info][gc,heap     ] GC(424) Survivor regions: 5->5(13)
[2026-09-07T10:43:49.844+0900][33.167s][info][gc,heap     ] GC(424) Old regions: 76->76
[2026-09-07T10:43:49.844+0900][33.167s][info][gc,heap     ] GC(424) Humongous regions: 2->2
[2026-09-07T10:43:49.844+0900][33.167s][info][gc,metaspace] GC(424) Metaspace: 23389K(23872K)->23389K(23872K) NonClass: 20570K(20800K)->20570K(20800K) Class: 2819K(3072K)->2819K(3072K)
[2026-09-07T10:43:49.844+0900][33.167s][info][gc          ] GC(424) Pause Young (Normal) (G1 Evacuation Pause) 357M->163M(380M) 1.022ms
[2026-09-07T10:43:49.844+0900][33.167s][info][gc,cpu      ] GC(424) User=0.01s Sys=0.00s Real=0.00s
[2026-09-07T10:43:49.844+0900][33.167s][info][safepoint   ] Safepoint "G1CollectForAllocation", Time since last: 73893084 ns, Reaching safepoint: 1083 ns, Cleanup: 1167 ns, At safepoint: 1035333 ns, Leaving safepoint: 875 ns, Total: 1038458 ns
[2026-09-07T10:43:49.920+0900][33.242s][info][gc,start    ] GC(425) Pause Young (Normal) (G1 Evacuation Pause)
[2026-09-07T10:43:49.920+0900][33.242s][info][gc,task     ] GC(425) Using 9 workers of 9 for evacuation
[2026-09-07T10:43:49.921+0900][33.243s][info][gc,phases   ] GC(425)   Pre Evacuate Collection Set: 0.08ms
[2026-09-07T10:43:49.921+0900][33.243s][info][gc,phases   ] GC(425)   Merge Heap Roots: 0.04ms
[2026-09-07T10:43:49.921+0900][33.243s][info][gc,phases   ] GC(425)   Evacuate Collection Set: 0.71ms
[2026-09-07T10:43:49.921+0900][33.243s][info][gc,phases   ] GC(425)   Post Evacuate Collection Set: 0.11ms
[2026-09-07T10:43:49.921+0900][33.243s][info][gc,phases   ] GC(425)   Other: 0.01ms
[2026-09-07T10:43:49.921+0900][33.243s][info][gc,heap     ] GC(425) Eden regions: 97->0(97)
[2026-09-07T10:43:49.921+0900][33.243s][info][gc,heap     ] GC(425) Survivor regions: 5->5(13)
[2026-09-07T10:43:49.921+0900][33.243s][info][gc,heap     ] GC(425) Old regions: 76->76
[2026-09-07T10:43:49.921+0900][33.243s][info][gc,heap     ] GC(425) Humongous regions: 2->2
[2026-09-07T10:43:49.921+0900][33.243s][info][gc,metaspace] GC(425) Metaspace: 23389K(23872K)->23389K(23872K) NonClass: 20570K(20800K)->20570K(20800K) Class: 2819K(3072K)->2819K(3072K)
[2026-09-07T10:43:49.921+0900][33.243s][info][gc          ] GC(425) Pause Young (Normal) (G1 Evacuation Pause) 357M->163M(380M) 1.017ms
[2026-09-07T10:43:49.921+0900][33.243s][info][gc,cpu      ] GC(425) User=0.00s Sys=0.00s Real=0.00s
[2026-09-07T10:43:49.921+0900][33.243s][info][safepoint   ] Safepoint "G1CollectForAllocation", Time since last: 75740250 ns, Reaching safepoint: 917 ns, Cleanup: 416 ns, At safepoint: 1032500 ns, Leaving safepoint: 1167 ns, Total: 1035000 ns
[2026-09-07T10:43:49.994+0900][33.317s][info][gc,start    ] GC(426) Pause Young (Normal) (G1 Evacuation Pause)
[2026-09-07T10:43:49.994+0900][33.317s][info][gc,task     ] GC(426) Using 9 workers of 9 for evacuation
[2026-09-07T10:43:49.995+0900][33.318s][info][gc,phases   ] GC(426)   Pre Evacuate Collection Set: 0.08ms
[2026-09-07T10:43:49.995+0900][33.318s][info][gc,phases   ] GC(426)   Merge Heap Roots: 0.02ms
[2026-09-07T10:43:49.995+0900][33.318s][info][gc,phases   ] GC(426)   Evacuate Collection Set: 0.71ms
[2026-09-07T10:43:49.995+0900][33.318s][info][gc,phases   ] GC(426)   Post Evacuate Collection Set: 0.11ms
[2026-09-07T10:43:49.995+0900][33.318s][info][gc,phases   ] GC(426)   Other: 0.02ms
[2026-09-07T10:43:49.995+0900][33.318s][info][gc,heap     ] GC(426) Eden regions: 97->0(97)
[2026-09-07T10:43:49.995+0900][33.318s][info][gc,heap     ] GC(426) Survivor regions: 5->5(13)
[2026-09-07T10:43:49.995+0900][33.318s][info][gc,heap     ] GC(426) Old regions: 76->76
[2026-09-07T10:43:49.995+0900][33.318s][info][gc,heap     ] GC(426) Humongous regions: 2->2
[2026-09-07T10:43:49.995+0900][33.318s][info][gc,metaspace] GC(426) Metaspace: 23390K(23872K)->23390K(23872K) NonClass: 20571K(20800K)->20571K(20800K) Class: 2819K(3072K)->2819K(3072K)
[2026-09-07T10:43:49.995+0900][33.318s][info][gc          ] GC(426) Pause Young (Normal) (G1 Evacuation Pause) 357M->163M(380M) 1.006ms
[2026-09-07T10:43:49.995+0900][33.318s][info][gc,cpu      ] GC(426) User=0.00s Sys=0.00s Real=0.00s
[2026-09-07T10:43:49.995+0900][33.318s][info][safepoint   ] Safepoint "G1CollectForAllocation", Time since last: 73611500 ns, Reaching safepoint: 1333 ns, Cleanup: 584 ns, At safepoint: 1020000 ns, Leaving safepoint: 875 ns, Total: 1022792 ns
[2026-09-07T10:43:50.070+0900][33.393s][info][gc,start    ] GC(427) Pause Young (Normal) (G1 Evacuation Pause)
[2026-09-07T10:43:50.070+0900][33.393s][info][gc,task     ] GC(427) Using 9 workers of 9 for evacuation
[2026-09-07T10:43:50.071+0900][33.394s][info][gc,phases   ] GC(427)   Pre Evacuate Collection Set: 0.07ms
[2026-09-07T10:43:50.071+0900][33.394s][info][gc,phases   ] GC(427)   Merge Heap Roots: 0.02ms
[2026-09-07T10:43:50.071+0900][33.394s][info][gc,phases   ] GC(427)   Evacuate Collection Set: 0.75ms
[2026-09-07T10:43:50.071+0900][33.394s][info][gc,phases   ] GC(427)   Post Evacuate Collection Set: 0.12ms
[2026-09-07T10:43:50.071+0900][33.394s][info][gc,phases   ] GC(427)   Other: 0.02ms
[2026-09-07T10:43:50.071+0900][33.394s][info][gc,heap     ] GC(427) Eden regions: 97->0(97)
[2026-09-07T10:43:50.071+0900][33.394s][info][gc,heap     ] GC(427) Survivor regions: 5->5(13)
[2026-09-07T10:43:50.071+0900][33.394s][info][gc,heap     ] GC(427) Old regions: 76->76
[2026-09-07T10:43:50.071+0900][33.394s][info][gc,heap     ] GC(427) Humongous regions: 2->2
[2026-09-07T10:43:50.071+0900][33.394s][info][gc,metaspace] GC(427) Metaspace: 23390K(23872K)->23390K(23872K) NonClass: 20571K(20800K)->20571K(20800K) Class: 2819K(3072K)->2819K(3072K)
[2026-09-07T10:43:50.071+0900][33.394s][info][gc          ] GC(427) Pause Young (Normal) (G1 Evacuation Pause) 357M->164M(380M) 1.044ms
[2026-09-07T10:43:50.071+0900][33.394s][info][gc,cpu      ] GC(427) User=0.00s Sys=0.00s Real=0.00s
[2026-09-07T10:43:50.071+0900][33.394s][info][safepoint   ] Safepoint "G1CollectForAllocation", Time since last: 74847583 ns, Reaching safepoint: 1208 ns, Cleanup: 792 ns, At safepoint: 1059292 ns, Leaving safepoint: 750 ns, Total: 1062042 ns
[2026-09-07T10:43:50.145+0900][33.468s][info][gc,start    ] GC(428) Pause Young (Normal) (G1 Evacuation Pause)
[2026-09-07T10:43:50.145+0900][33.468s][info][gc,task     ] GC(428) Using 9 workers of 9 for evacuation
[2026-09-07T10:43:50.145+0900][33.468s][info][gc,phases   ] GC(428)   Pre Evacuate Collection Set: 0.07ms
[2026-09-07T10:43:50.145+0900][33.468s][info][gc,phases   ] GC(428)   Merge Heap Roots: 0.02ms
[2026-09-07T10:43:50.145+0900][33.468s][info][gc,phases   ] GC(428)   Evacuate Collection Set: 0.18ms
[2026-09-07T10:43:50.145+0900][33.468s][info][gc,phases   ] GC(428)   Post Evacuate Collection Set: 0.11ms
[2026-09-07T10:43:50.145+0900][33.468s][info][gc,phases   ] GC(428)   Other: 0.01ms
[2026-09-07T10:43:50.145+0900][33.468s][info][gc,heap     ] GC(428) Eden regions: 97->0(100)
[2026-09-07T10:43:50.145+0900][33.468s][info][gc,heap     ] GC(428) Survivor regions: 5->2(13)
[2026-09-07T10:43:50.145+0900][33.468s][info][gc,heap     ] GC(428) Old regions: 76->76
[2026-09-07T10:43:50.145+0900][33.468s][info][gc,heap     ] GC(428) Humongous regions: 2->2
[2026-09-07T10:43:50.145+0900][33.468s][info][gc,metaspace] GC(428) Metaspace: 23390K(23872K)->23390K(23872K) NonClass: 20571K(20800K)->20571K(20800K) Class: 2819K(3072K)->2819K(3072K)
[2026-09-07T10:43:50.145+0900][33.468s][info][gc          ] GC(428) Pause Young (Normal) (G1 Evacuation Pause) 358M->156M(380M) 0.470ms
[2026-09-07T10:43:50.145+0900][33.468s][info][gc,cpu      ] GC(428) User=0.00s Sys=0.00s Real=0.00s
[2026-09-07T10:43:50.145+0900][33.468s][info][safepoint   ] Safepoint "G1CollectForAllocation", Time since last: 73699708 ns, Reaching safepoint: 792 ns, Cleanup: 750 ns, At safepoint: 483750 ns, Leaving safepoint: 791 ns, Total: 486083 ns
[2026-09-07T10:43:50.222+0900][33.545s][info][gc,start    ] GC(429) Pause Young (Normal) (G1 Evacuation Pause)
[2026-09-07T10:43:50.222+0900][33.545s][info][gc,task     ] GC(429) Using 9 workers of 9 for evacuation
[2026-09-07T10:43:50.222+0900][33.545s][info][gc,phases   ] GC(429)   Pre Evacuate Collection Set: 0.07ms
[2026-09-07T10:43:50.222+0900][33.545s][info][gc,phases   ] GC(429)   Merge Heap Roots: 0.02ms
[2026-09-07T10:43:50.222+0900][33.545s][info][gc,phases   ] GC(429)   Evacuate Collection Set: 0.33ms
[2026-09-07T10:43:50.222+0900][33.545s][info][gc,phases   ] GC(429)   Post Evacuate Collection Set: 0.12ms
[2026-09-07T10:43:50.222+0900][33.545s][info][gc,phases   ] GC(429)   Other: 0.02ms
[2026-09-07T10:43:50.222+0900][33.545s][info][gc,heap     ] GC(429) Eden regions: 100->0(100)
[2026-09-07T10:43:50.222+0900][33.545s][info][gc,heap     ] GC(429) Survivor regions: 2->2(13)
[2026-09-07T10:43:50.222+0900][33.545s][info][gc,heap     ] GC(429) Old regions: 76->76
[2026-09-07T10:43:50.222+0900][33.545s][info][gc,heap     ] GC(429) Humongous regions: 2->2
[2026-09-07T10:43:50.222+0900][33.545s][info][gc,metaspace] GC(429) Metaspace: 23390K(23872K)->23390K(23872K) NonClass: 20571K(20800K)->20571K(20800K) Class: 2819K(3072K)->2819K(3072K)
[2026-09-07T10:43:50.222+0900][33.545s][info][gc          ] GC(429) Pause Young (Normal) (G1 Evacuation Pause) 356M->157M(380M) 0.628ms
[2026-09-07T10:43:50.222+0900][33.545s][info][gc,cpu      ] GC(429) User=0.00s Sys=0.01s Real=0.00s
[2026-09-07T10:43:50.222+0900][33.545s][info][safepoint   ] Safepoint "G1CollectForAllocation", Time since last: 76478417 ns, Reaching safepoint: 875 ns, Cleanup: 458 ns, At safepoint: 642167 ns, Leaving safepoint: 792 ns, Total: 644292 ns
[2026-09-07T10:43:50.300+0900][33.622s][info][gc,start    ] GC(430) Pause Young (Normal) (G1 Evacuation Pause)
[2026-09-07T10:43:50.300+0900][33.622s][info][gc,task     ] GC(430) Using 9 workers of 9 for evacuation
[2026-09-07T10:43:50.300+0900][33.623s][info][gc,phases   ] GC(430)   Pre Evacuate Collection Set: 0.07ms
[2026-09-07T10:43:50.300+0900][33.623s][info][gc,phases   ] GC(430)   Merge Heap Roots: 0.03ms
[2026-09-07T10:43:50.300+0900][33.623s][info][gc,phases   ] GC(430)   Evacuate Collection Set: 0.50ms
[2026-09-07T10:43:50.300+0900][33.623s][info][gc,phases   ] GC(430)   Post Evacuate Collection Set: 0.11ms
[2026-09-07T10:43:50.300+0900][33.623s][info][gc,phases   ] GC(430)   Other: 0.01ms
[2026-09-07T10:43:50.300+0900][33.623s][info][gc,heap     ] GC(430) Eden regions: 100->0(99)
[2026-09-07T10:43:50.300+0900][33.623s][info][gc,heap     ] GC(430) Survivor regions: 2->3(13)
[2026-09-07T10:43:50.300+0900][33.623s][info][gc,heap     ] GC(430) Old regions: 76->76
[2026-09-07T10:43:50.300+0900][33.623s][info][gc,heap     ] GC(430) Humongous regions: 2->2
[2026-09-07T10:43:50.300+0900][33.623s][info][gc,metaspace] GC(430) Metaspace: 23390K(23872K)->23390K(23872K) NonClass: 20571K(20800K)->20571K(20800K) Class: 2819K(3072K)->2819K(3072K)
[2026-09-07T10:43:50.300+0900][33.623s][info][gc          ] GC(430) Pause Young (Normal) (G1 Evacuation Pause) 357M->160M(380M) 0.800ms
[2026-09-07T10:43:50.300+0900][33.623s][info][gc,cpu      ] GC(430) User=0.00s Sys=0.00s Real=0.00s
[2026-09-07T10:43:50.300+0900][33.623s][info][safepoint   ] Safepoint "G1CollectForAllocation", Time since last: 77109041 ns, Reaching safepoint: 1000 ns, Cleanup: 417 ns, At safepoint: 812875 ns, Leaving safepoint: 750 ns, Total: 815042 ns
[2026-09-07T10:43:50.375+0900][33.698s][info][gc,start    ] GC(431) Pause Young (Normal) (G1 Evacuation Pause)
[2026-09-07T10:43:50.376+0900][33.698s][info][gc,task     ] GC(431) Using 9 workers of 9 for evacuation
[2026-09-07T10:43:50.376+0900][33.699s][info][gc,phases   ] GC(431)   Pre Evacuate Collection Set: 0.07ms
[2026-09-07T10:43:50.376+0900][33.699s][info][gc,phases   ] GC(431)   Merge Heap Roots: 0.02ms
[2026-09-07T10:43:50.376+0900][33.699s][info][gc,phases   ] GC(431)   Evacuate Collection Set: 0.70ms
[2026-09-07T10:43:50.376+0900][33.699s][info][gc,phases   ] GC(431)   Post Evacuate Collection Set: 0.11ms
[2026-09-07T10:43:50.376+0900][33.699s][info][gc,phases   ] GC(431)   Other: 0.01ms
[2026-09-07T10:43:50.376+0900][33.699s][info][gc,heap     ] GC(431) Eden regions: 99->0(97)
[2026-09-07T10:43:50.376+0900][33.699s][info][gc,heap     ] GC(431) Survivor regions: 3->5(13)
[2026-09-07T10:43:50.376+0900][33.699s][info][gc,heap     ] GC(431) Old regions: 76->76
[2026-09-07T10:43:50.376+0900][33.699s][info][gc,heap     ] GC(431) Humongous regions: 2->2
[2026-09-07T10:43:50.376+0900][33.699s][info][gc,metaspace] GC(431) Metaspace: 23390K(23872K)->23390K(23872K) NonClass: 20571K(20800K)->20571K(20800K) Class: 2819K(3072K)->2819K(3072K)
[2026-09-07T10:43:50.376+0900][33.699s][info][gc          ] GC(431) Pause Young (Normal) (G1 Evacuation Pause) 358M->163M(380M) 0.986ms
[2026-09-07T10:43:50.376+0900][33.699s][info][gc,cpu      ] GC(431) User=0.01s Sys=0.00s Real=0.00s
[2026-09-07T10:43:50.376+0900][33.699s][info][safepoint   ] Safepoint "G1CollectForAllocation", Time since last: 75147583 ns, Reaching safepoint: 959 ns, Cleanup: 916 ns, At safepoint: 999750 ns, Leaving safepoint: 750 ns, Total: 1002375 ns
[2026-09-07T10:43:50.452+0900][33.774s][info][gc,start    ] GC(432) Pause Young (Normal) (G1 Evacuation Pause)
[2026-09-07T10:43:50.452+0900][33.774s][info][gc,task     ] GC(432) Using 9 workers of 9 for evacuation
[2026-09-07T10:43:50.452+0900][33.775s][info][gc,phases   ] GC(432)   Pre Evacuate Collection Set: 0.08ms
[2026-09-07T10:43:50.452+0900][33.775s][info][gc,phases   ] GC(432)   Merge Heap Roots: 0.04ms
[2026-09-07T10:43:50.452+0900][33.775s][info][gc,phases   ] GC(432)   Evacuate Collection Set: 0.39ms
[2026-09-07T10:43:50.452+0900][33.775s][info][gc,phases   ] GC(432)   Post Evacuate Collection Set: 0.12ms
[2026-09-07T10:43:50.452+0900][33.775s][info][gc,phases   ] GC(432)   Other: 0.02ms
[2026-09-07T10:43:50.452+0900][33.775s][info][gc,heap     ] GC(432) Eden regions: 97->0(99)
[2026-09-07T10:43:50.452+0900][33.775s][info][gc,heap     ] GC(432) Survivor regions: 5->3(13)
[2026-09-07T10:43:50.452+0900][33.775s][info][gc,heap     ] GC(432) Old regions: 76->76
[2026-09-07T10:43:50.452+0900][33.775s][info][gc,heap     ] GC(432) Humongous regions: 2->2
[2026-09-07T10:43:50.452+0900][33.775s][info][gc,metaspace] GC(432) Metaspace: 23392K(23872K)->23392K(23872K) NonClass: 20573K(20800K)->20573K(20800K) Class: 2819K(3072K)->2819K(3072K)
[2026-09-07T10:43:50.452+0900][33.775s][info][gc          ] GC(432) Pause Young (Normal) (G1 Evacuation Pause) 357M->158M(380M) 0.717ms
[2026-09-07T10:43:50.452+0900][33.775s][info][gc,cpu      ] GC(432) User=0.00s Sys=0.00s Real=0.00s
[2026-09-07T10:43:50.452+0900][33.775s][info][safepoint   ] Safepoint "G1CollectForAllocation", Time since last: 75034292 ns, Reaching safepoint: 1292 ns, Cleanup: 1416 ns, At safepoint: 730875 ns, Leaving safepoint: 1334 ns, Total: 734917 ns
[2026-09-07T10:43:50.527+0900][33.849s][info][gc,start    ] GC(433) Pause Young (Normal) (G1 Evacuation Pause)
[2026-09-07T10:43:50.527+0900][33.849s][info][gc,task     ] GC(433) Using 9 workers of 9 for evacuation
[2026-09-07T10:43:50.528+0900][33.850s][info][gc,phases   ] GC(433)   Pre Evacuate Collection Set: 0.07ms
[2026-09-07T10:43:50.528+0900][33.850s][info][gc,phases   ] GC(433)   Merge Heap Roots: 0.02ms
[2026-09-07T10:43:50.528+0900][33.850s][info][gc,phases   ] GC(433)   Evacuate Collection Set: 0.74ms
[2026-09-07T10:43:50.528+0900][33.850s][info][gc,phases   ] GC(433)   Post Evacuate Collection Set: 0.12ms
[2026-09-07T10:43:50.528+0900][33.850s][info][gc,phases   ] GC(433)   Other: 0.02ms
[2026-09-07T10:43:50.528+0900][33.850s][info][gc,heap     ] GC(433) Eden regions: 99->0(97)
[2026-09-07T10:43:50.528+0900][33.850s][info][gc,heap     ] GC(433) Survivor regions: 3->5(13)
[2026-09-07T10:43:50.528+0900][33.850s][info][gc,heap     ] GC(433) Old regions: 76->76
[2026-09-07T10:43:50.528+0900][33.850s][info][gc,heap     ] GC(433) Humongous regions: 2->2
[2026-09-07T10:43:50.528+0900][33.850s][info][gc,metaspace] GC(433) Metaspace: 23394K(23872K)->23394K(23872K) NonClass: 20575K(20800K)->20575K(20800K) Class: 2819K(3072K)->2819K(3072K)
[2026-09-07T10:43:50.528+0900][33.850s][info][gc          ] GC(433) Pause Young (Normal) (G1 Evacuation Pause) 356M->163M(380M) 1.035ms
[2026-09-07T10:43:50.528+0900][33.850s][info][gc,cpu      ] GC(433) User=0.01s Sys=0.00s Real=0.00s
[2026-09-07T10:43:50.528+0900][33.850s][info][safepoint   ] Safepoint "G1CollectForAllocation", Time since last: 74263458 ns, Reaching safepoint: 1292 ns, Cleanup: 875 ns, At safepoint: 1046583 ns, Leaving safepoint: 958 ns, Total: 1049708 ns
[2026-09-07T10:43:50.601+0900][33.924s][info][gc,start    ] GC(434) Pause Young (Normal) (G1 Evacuation Pause)
[2026-09-07T10:43:50.601+0900][33.924s][info][gc,task     ] GC(434) Using 9 workers of 9 for evacuation
[2026-09-07T10:43:50.602+0900][33.925s][info][gc,phases   ] GC(434)   Pre Evacuate Collection Set: 0.07ms
[2026-09-07T10:43:50.602+0900][33.925s][info][gc,phases   ] GC(434)   Merge Heap Roots: 0.04ms
[2026-09-07T10:43:50.602+0900][33.925s][info][gc,phases   ] GC(434)   Evacuate Collection Set: 0.62ms
[2026-09-07T10:43:50.602+0900][33.925s][info][gc,phases   ] GC(434)   Post Evacuate Collection Set: 0.11ms
[2026-09-07T10:43:50.602+0900][33.925s][info][gc,phases   ] GC(434)   Other: 0.02ms
[2026-09-07T10:43:50.602+0900][33.925s][info][gc,heap     ] GC(434) Eden regions: 97->0(98)
[2026-09-07T10:43:50.602+0900][33.925s][info][gc,heap     ] GC(434) Survivor regions: 5->4(13)
[2026-09-07T10:43:50.602+0900][33.925s][info][gc,heap     ] GC(434) Old regions: 76->76
[2026-09-07T10:43:50.602+0900][33.925s][info][gc,heap     ] GC(434) Humongous regions: 2->2
[2026-09-07T10:43:50.602+0900][33.925s][info][gc,metaspace] GC(434) Metaspace: 23394K(23872K)->23394K(23872K) NonClass: 20575K(20800K)->20575K(20800K) Class: 2819K(3072K)->2819K(3072K)
[2026-09-07T10:43:50.602+0900][33.925s][info][gc          ] GC(434) Pause Young (Normal) (G1 Evacuation Pause) 357M->161M(380M) 0.929ms
[2026-09-07T10:43:50.602+0900][33.925s][info][gc,cpu      ] GC(434) User=0.01s Sys=0.00s Real=0.00s
[2026-09-07T10:43:50.602+0900][33.925s][info][safepoint   ] Safepoint "G1CollectForAllocation", Time since last: 73207084 ns, Reaching safepoint: 666 ns, Cleanup: 959 ns, At safepoint: 943208 ns, Leaving safepoint: 958 ns, Total: 945791 ns
[2026-09-07T10:43:50.675+0900][33.998s][info][gc,start    ] GC(435) Pause Young (Normal) (G1 Evacuation Pause)
[2026-09-07T10:43:50.675+0900][33.998s][info][gc,task     ] GC(435) Using 9 workers of 9 for evacuation
[2026-09-07T10:43:50.676+0900][33.999s][info][gc,phases   ] GC(435)   Pre Evacuate Collection Set: 0.09ms
[2026-09-07T10:43:50.676+0900][33.999s][info][gc,phases   ] GC(435)   Merge Heap Roots: 0.03ms
[2026-09-07T10:43:50.676+0900][33.999s][info][gc,phases   ] GC(435)   Evacuate Collection Set: 0.70ms
[2026-09-07T10:43:50.676+0900][33.999s][info][gc,phases   ] GC(435)   Post Evacuate Collection Set: 0.12ms
[2026-09-07T10:43:50.676+0900][33.999s][info][gc,phases   ] GC(435)   Other: 0.02ms
[2026-09-07T10:43:50.676+0900][33.999s][info][gc,heap     ] GC(435) Eden regions: 98->0(97)
[2026-09-07T10:43:50.676+0900][33.999s][info][gc,heap     ] GC(435) Survivor regions: 4->5(13)
[2026-09-07T10:43:50.676+0900][33.999s][info][gc,heap     ] GC(435) Old regions: 76->76
[2026-09-07T10:43:50.676+0900][33.999s][info][gc,heap     ] GC(435) Humongous regions: 2->2
[2026-09-07T10:43:50.676+0900][33.999s][info][gc,metaspace] GC(435) Metaspace: 23394K(23872K)->23394K(23872K) NonClass: 20575K(20800K)->20575K(20800K) Class: 2819K(3072K)->2819K(3072K)
[2026-09-07T10:43:50.676+0900][33.999s][info][gc          ] GC(435) Pause Young (Normal) (G1 Evacuation Pause) 357M->163M(380M) 1.034ms
[2026-09-07T10:43:50.676+0900][33.999s][info][gc,cpu      ] GC(435) User=0.01s Sys=0.00s Real=0.00s
[2026-09-07T10:43:50.676+0900][33.999s][info][safepoint   ] Safepoint "G1CollectForAllocation", Time since last: 73546667 ns, Reaching safepoint: 1250 ns, Cleanup: 333 ns, At safepoint: 1049167 ns, Leaving safepoint: 1208 ns, Total: 1051958 ns
[2026-09-07T10:43:50.747+0900][34.070s][info][gc,start    ] GC(436) Pause Young (Normal) (G1 Evacuation Pause)
[2026-09-07T10:43:50.747+0900][34.070s][info][gc,task     ] GC(436) Using 9 workers of 9 for evacuation
[2026-09-07T10:43:50.747+0900][34.070s][info][gc,phases   ] GC(436)   Pre Evacuate Collection Set: 0.07ms
[2026-09-07T10:43:50.747+0900][34.070s][info][gc,phases   ] GC(436)   Merge Heap Roots: 0.02ms
[2026-09-07T10:43:50.747+0900][34.070s][info][gc,phases   ] GC(436)   Evacuate Collection Set: 0.39ms
[2026-09-07T10:43:50.747+0900][34.070s][info][gc,phases   ] GC(436)   Post Evacuate Collection Set: 0.11ms
[2026-09-07T10:43:50.747+0900][34.070s][info][gc,phases   ] GC(436)   Other: 0.01ms
[2026-09-07T10:43:50.747+0900][34.070s][info][gc,heap     ] GC(436) Eden regions: 97->0(99)
[2026-09-07T10:43:50.747+0900][34.070s][info][gc,heap     ] GC(436) Survivor regions: 5->3(13)
[2026-09-07T10:43:50.747+0900][34.070s][info][gc,heap     ] GC(436) Old regions: 76->76
[2026-09-07T10:43:50.747+0900][34.070s][info][gc,heap     ] GC(436) Humongous regions: 2->2
[2026-09-07T10:43:50.747+0900][34.070s][info][gc,metaspace] GC(436) Metaspace: 23394K(23872K)->23394K(23872K) NonClass: 20575K(20800K)->20575K(20800K) Class: 2819K(3072K)->2819K(3072K)
[2026-09-07T10:43:50.747+0900][34.070s][info][gc          ] GC(436) Pause Young (Normal) (G1 Evacuation Pause) 357M->159M(380M) 0.672ms
[2026-09-07T10:43:50.747+0900][34.070s][info][gc,cpu      ] GC(436) User=0.00s Sys=0.00s Real=0.00s
[2026-09-07T10:43:50.747+0900][34.070s][info][safepoint   ] Safepoint "G1CollectForAllocation", Time since last: 70490000 ns, Reaching safepoint: 750 ns, Cleanup: 625 ns, At safepoint: 685417 ns, Leaving safepoint: 792 ns, Total: 687584 ns
[2026-09-07T10:43:50.816+0900][34.139s][info][gc,start    ] GC(437) Pause Young (Normal) (G1 Evacuation Pause)
[2026-09-07T10:43:50.816+0900][34.139s][info][gc,task     ] GC(437) Using 9 workers of 9 for evacuation
[2026-09-07T10:43:50.817+0900][34.140s][info][gc,phases   ] GC(437)   Pre Evacuate Collection Set: 0.07ms
[2026-09-07T10:43:50.817+0900][34.140s][info][gc,phases   ] GC(437)   Merge Heap Roots: 0.02ms
[2026-09-07T10:43:50.817+0900][34.140s][info][gc,phases   ] GC(437)   Evacuate Collection Set: 0.55ms
[2026-09-07T10:43:50.817+0900][34.140s][info][gc,phases   ] GC(437)   Post Evacuate Collection Set: 0.11ms
[2026-09-07T10:43:50.817+0900][34.140s][info][gc,phases   ] GC(437)   Other: 0.02ms
[2026-09-07T10:43:50.817+0900][34.140s][info][gc,heap     ] GC(437) Eden regions: 99->0(98)
[2026-09-07T10:43:50.817+0900][34.140s][info][gc,heap     ] GC(437) Survivor regions: 3->4(13)
[2026-09-07T10:43:50.817+0900][34.140s][info][gc,heap     ] GC(437) Old regions: 76->76
[2026-09-07T10:43:50.817+0900][34.140s][info][gc,heap     ] GC(437) Humongous regions: 2->2
[2026-09-07T10:43:50.817+0900][34.140s][info][gc,metaspace] GC(437) Metaspace: 23394K(23872K)->23394K(23872K) NonClass: 20575K(20800K)->20575K(20800K) Class: 2819K(3072K)->2819K(3072K)
[2026-09-07T10:43:50.817+0900][34.140s][info][gc          ] GC(437) Pause Young (Normal) (G1 Evacuation Pause) 357M->161M(380M) 0.829ms
[2026-09-07T10:43:50.817+0900][34.140s][info][gc,cpu      ] GC(437) User=0.01s Sys=0.00s Real=0.00s
[2026-09-07T10:43:50.817+0900][34.140s][info][safepoint   ] Safepoint "G1CollectForAllocation", Time since last: 68931333 ns, Reaching safepoint: 1375 ns, Cleanup: 458 ns, At safepoint: 842625 ns, Leaving safepoint: 792 ns, Total: 845250 ns
[2026-09-07T10:43:50.836+0900][34.158s][info][gc,heap,exit] Heap
[2026-09-07T10:43:50.836+0900][34.158s][info][gc,heap,exit]  garbage-first heap   total 389120K, used 222277K [0x00000004d5000000, 0x00000005d5000000)
[2026-09-07T10:43:50.836+0900][34.158s][info][gc,heap,exit]   region size 2048K, 32 young (65536K), 4 survivors (8192K)
[2026-09-07T10:43:50.836+0900][34.158s][info][gc,heap,exit]  Metaspace       used 23432K, committed 23936K, reserved 1114112K
[2026-09-07T10:43:50.836+0900][34.158s][info][gc,heap,exit]   class space    used 2821K, committed 3072K, reserved 1048576K
