"board","experiment_id","search_level","game_index","window_turns","mean_active_regions","multi_active_turn_rate","longest_multi_active_run","longest_multi_active_run_fraction","mean_both_invested_regions","multi_both_invested_turn_rate","mixed_leadership_turn_rate","mean_opportunity_adjusted_activity","focus_switch_rate","focus_eligible_fraction","no_dominant_turn_rate"
"7x7","7x7-seeded-random","seeded-random","1","4","5.75","0.9583333333333334","46","0.9583333333333334","1.9791666666666667","0.7291666666666666","0.7916666666666666","5.827377336305257","1","0.0425531914893617","0.7291666666666666"
"7x7","7x7-seeded-random","seeded-random","2","4","5.395833333333333","0.8958333333333334","43","0.8958333333333334","1.9375","0.6666666666666666","0.875","5.411843989279705","1","0.0851063829787234","0.75"
"7x7","7x7-seeded-random","seeded-random","3","4","5.0625","0.9375","45","0.9375","2.5625","0.8125","0.8958333333333334","5.0875058597695055","0.3333333333333333","0.06382978723404255","0.75"
"7x7","7x7-seeded-random","seeded-random","4","4","5.8125","0.9791666666666666","47","0.9791666666666666","2.125","0.7708333333333334","0.875","5.771627561310736","1","0.10638297872340426","0.6458333333333334"
"7x7","7x7-seeded-random","seeded-random","5","4","5.166666666666667","0.9583333333333334","46","0.9583333333333334","2","0.7291666666666666","0.875","5.193983959674525","1","0.06382978723404255","0.6666666666666666"
"7x7","7x7-seeded-random","seeded-random","6","4","5.645833333333333","0.9166666666666666","44","0.9166666666666666","1.9583333333333333","0.625","0.8958333333333334","5.719102393978454","0.8333333333333334","0.1276595744680851","0.75"
"7x7","7x7-seeded-random","seeded-random","7","4","5.083333333333333","0.9583333333333334","46","0.9583333333333334","2.125","0.75","0.8541666666666666","5.034939062101897","1","0.06382978723404255","0.7083333333333334"
"7x7","7x7-seeded-random","seeded-random","8","4","5.791666666666667","0.9166666666666666","44","0.9166666666666666","2.125","0.75","0.875","5.832919320175834","0.5","0.0425531914893617","0.75"
"7x7","7x7-seeded-random","seeded-random","9","4","5.3125","0.8958333333333334","43","0.8958333333333334","1.75","0.5833333333333334","0.875","5.300509367001589","1","0.14893617021276595","0.625"
"7x7","7x7-seeded-random","seeded-random","10","4","5.770833333333333","0.9583333333333334","46","0.9583333333333334","2.1666666666666665","0.75","0.8125","5.748954701340165","1","0.0851063829787234","0.7083333333333334"
"7x7","7x7-seeded-random","seeded-random","11","4","5.3125","0.9375","45","0.9375","2.0208333333333335","0.75","0.8958333333333334","5.316502714617398","1","0.0851063829787234","0.7708333333333334"
"7x7","7x7-seeded-random","seeded-random","12","4","5.916666666666667","0.9583333333333334","46","0.9583333333333334","2.0833333333333335","0.7291666666666666","0.8541666666666666","5.9278189431022135","1","0.0851063829787234","0.7083333333333334"
"7x7","7x7-seeded-random","seeded-random","13","4","4.9375","0.9375","45","0.9375","2.3541666666666665","0.8333333333333334","0.8125","4.88994096089675","1","0.02127659574468085","0.7291666666666666"
"7x7","7x7-seeded-random","seeded-random","14","4","5.75","0.9583333333333334","46","0.9583333333333334","2.4791666666666665","0.8958333333333334","0.9375","5.736632560509035","0.5","0.0425531914893617","0.8541666666666666"
"7x7","7x7-seeded-random","seeded-random","15","4","5.75","0.9166666666666666","44","0.9166666666666666","2.0416666666666665","0.6458333333333334","0.9375","5.757765278730535","1","0.06382978723404255","0.7083333333333334"
"7x7","7x7-seeded-random","seeded-random","16","4","5.708333333333333","0.9583333333333334","46","0.9583333333333334","1.7916666666666667","0.625","0.8541666666666666","5.764970452009958","0.8","0.10638297872340426","0.6666666666666666"
"7x7","7x7-seeded-random","seeded-random","17","4","5.666666666666667","0.9166666666666666","44","0.9166666666666666","2.1666666666666665","0.75","0.875","5.614342962449457","1","0.10638297872340426","0.7083333333333334"
"7x7","7x7-seeded-random","seeded-random","18","4","5.541666666666667","0.9375","45","0.9375","2.375","0.7708333333333334","0.8541666666666666","5.532961546321063","1","0.02127659574468085","0.8333333333333334"
"7x7","7x7-seeded-random","seeded-random","19","4","5.5","0.9166666666666666","44","0.9166666666666666","2.1458333333333335","0.6666666666666666","0.9375","5.4809370869264855","1","0.0851063829787234","0.6875"
"7x7","7x7-seeded-random","seeded-random","20","4","5.604166666666667","0.9375","45","0.9375","2.2083333333333335","0.7083333333333334","0.8333333333333334","5.6053843355026824","1","0.19148936170212766","0.6458333333333334"
"7x7","7x7-seeded-random","seeded-random","21","4","5.395833333333333","0.9375","45","0.9375","1.7083333333333333","0.5833333333333334","0.8958333333333334","5.295318960437632","0.7777777777777778","0.19148936170212766","0.5625"
"7x7","7x7-seeded-random","seeded-random","22","4","5.604166666666667","0.8958333333333334","43","0.8958333333333334","2.2083333333333335","0.7708333333333334","0.8125","5.578809526437891","1","0.02127659574468085","0.7916666666666666"
"7x7","7x7-seeded-random","seeded-random","23","4","5.854166666666667","0.9166666666666666","41","0.8541666666666666","2","0.6875","0.9166666666666666","5.84004575183615","0.875","0.1702127659574468","0.6666666666666666"
"7x7","7x7-seeded-random","seeded-random","24","4","5.75","0.9375","45","0.9375","2.25","0.7708333333333334","0.8541666666666666","5.785828403242039","1","0.10638297872340426","0.625"
"7x7","7x7-seeded-random","seeded-random","25","4","6.145833333333333","0.9375","45","0.9375","1.8958333333333333","0.6666666666666666","0.8125","6.190011184426924","1","0.10638297872340426","0.7291666666666666"
"7x7","7x7-seeded-random","seeded-random","26","4","5.125","0.8958333333333334","43","0.8958333333333334","2.0833333333333335","0.75","0.8541666666666666","5.118235936031043","1","0.14893617021276595","0.6458333333333334"
"7x7","7x7-seeded-random","seeded-random","27","4","6.083333333333333","0.9791666666666666","47","0.9791666666666666","2.2291666666666665","0.7083333333333334","0.8958333333333334","6.011492356373624","0","0.02127659574468085","0.75"
"7x7","7x7-seeded-random","seeded-random","28","4","5.125","0.8958333333333334","43","0.8958333333333334","1.8541666666666667","0.7083333333333334","0.9375","5.225217415103206","1","0.14893617021276595","0.6666666666666666"
"7x7","7x7-seeded-random","seeded-random","29","4","5.229166666666667","0.9791666666666666","47","0.9791666666666666","1.8541666666666667","0.6666666666666666","0.8541666666666666","5.172887972117648","1","0.0851063829787234","0.7083333333333334"
"7x7","7x7-seeded-random","seeded-random","30","4","5.270833333333333","0.9791666666666666","47","0.9791666666666666","2.125","0.75","0.9166666666666666","5.255028640434583","1","0.10638297872340426","0.7083333333333334"
"7x7","7x7-seeded-random","seeded-random","31","4","5.666666666666667","0.9375","45","0.9375","2.375","0.8125","0.8958333333333334","5.6541217656899905","1","0.02127659574468085","0.7708333333333334"
"7x7","7x7-seeded-random","seeded-random","32","4","5.458333333333333","0.9583333333333334","46","0.9583333333333334","1.8958333333333333","0.7291666666666666","0.7708333333333334","5.4987700168720925","1","0.2765957446808511","0.5"
"7x7","7x7-seeded-random","seeded-random","33","4","6.041666666666667","0.9375","45","0.9375","2.125","0.7708333333333334","0.9375","6.045425199430755","1","0.06382978723404255","0.6875"
"7x7","7x7-seeded-random","seeded-random","34","4","5.333333333333333","0.9583333333333334","46","0.9583333333333334","1.9375","0.625","0.8958333333333334","5.295894374404749","1","0.2127659574468085","0.5625"
"7x7","7x7-seeded-random","seeded-random","35","4","5.5625","0.9375","45","0.9375","2.7291666666666665","0.8125","0.8541666666666666","5.577178511503741","1","0.06382978723404255","0.7708333333333334"
"7x7","7x7-seeded-random","seeded-random","36","4","5.5625","0.9583333333333334","46","0.9583333333333334","2.0625","0.75","0.7708333333333334","5.581829643579962","0.8","0.10638297872340426","0.6875"
"7x7","7x7-seeded-random","seeded-random","37","4","5.541666666666667","0.9583333333333334","46","0.9583333333333334","1.9791666666666667","0.7083333333333334","0.8958333333333334","5.555769455028599","1","0.0851063829787234","0.6666666666666666"
"7x7","7x7-seeded-random","seeded-random","38","4","5.104166666666667","0.9583333333333334","46","0.9583333333333334","1.7083333333333333","0.5625","0.9166666666666666","5.04972976987396","1","0.10638297872340426","0.6458333333333334"
"7x7","7x7-seeded-random","seeded-random","39","4","5.8125","0.9583333333333334","46","0.9583333333333334","2.2708333333333335","0.8333333333333334","0.75","5.847368060400039","1","0.0425531914893617","0.75"
"7x7","7x7-seeded-random","seeded-random","40","4","5.6875","0.9583333333333334","46","0.9583333333333334","2.5833333333333335","0.8958333333333334","0.8541666666666666","5.662923752972736","1","0.0425531914893617","0.7916666666666666"
"7x7","7x7-seeded-random","seeded-random","41","4","5.666666666666667","0.9583333333333334","46","0.9583333333333334","1.625","0.5833333333333334","0.8958333333333334","5.653230483607757","0.9","0.2127659574468085","0.5"
"7x7","7x7-seeded-random","seeded-random","42","4","6.125","0.9583333333333334","46","0.9583333333333334","2.1875","0.7916666666666666","0.7916666666666666","6.113432109920351","1","0.10638297872340426","0.6666666666666666"
"7x7","7x7-seeded-random","seeded-random","43","4","5.375","0.9375","45","0.9375","2.1458333333333335","0.7083333333333334","0.8125","5.331515405751227","0.8333333333333334","0.1276595744680851","0.6875"
"7x7","7x7-seeded-random","seeded-random","44","4","4.604166666666667","0.9166666666666666","44","0.9166666666666666","2.2708333333333335","0.7916666666666666","0.8958333333333334","4.582921173432485","0.8","0.10638297872340426","0.7083333333333334"
"7x7","7x7-seeded-random","seeded-random","45","4","5.3125","0.9583333333333334","46","0.9583333333333334","2.0625","0.8333333333333334","0.9375","5.189368874186525","0.6666666666666666","0.06382978723404255","0.6875"
"7x7","7x7-seeded-random","seeded-random","46","4","5.895833333333333","0.9791666666666666","47","0.9791666666666666","2.2291666666666665","0.8541666666666666","0.9166666666666666","5.918412393642296","1","0.02127659574468085","0.8333333333333334"
"7x7","7x7-seeded-random","seeded-random","47","4","5.479166666666667","0.8958333333333334","43","0.8958333333333334","1.9166666666666667","0.6041666666666666","0.9166666666666666","5.5672979267287594","0.8333333333333334","0.1276595744680851","0.625"
"7x7","7x7-seeded-random","seeded-random","48","4","5.854166666666667","0.9791666666666666","47","0.9791666666666666","2.1875","0.75","0.9375","5.893356745747842","1","0.02127659574468085","0.7916666666666666"
"7x7","7x7-seeded-random","seeded-random","49","4","6.083333333333333","0.9375","45","0.9375","1.9166666666666667","0.6041666666666666","0.7708333333333334","6.1361103984276895","0.875","0.1702127659574468","0.5625"
"7x7","7x7-seeded-random","seeded-random","50","4","5.979166666666667","0.9583333333333334","46","0.9583333333333334","2.2916666666666665","0.875","0.9166666666666666","5.859544381477451","","0","0.7708333333333334"
"7x7","7x7-seeded-random","seeded-random","51","4","5.854166666666667","0.9583333333333334","46","0.9583333333333334","2","0.7083333333333334","0.8125","5.815877844412834","1","0.0425531914893617","0.7291666666666666"
"7x7","7x7-seeded-random","seeded-random","52","4","6.125","0.9583333333333334","46","0.9583333333333334","2.0416666666666665","0.6875","0.7916666666666666","6.196730850184865","1","0.0425531914893617","0.7708333333333334"
"7x7","7x7-seeded-random","seeded-random","53","4","5.020833333333333","0.875","42","0.875","2.375","0.8333333333333334","0.9375","5.100180242264862","0.8","0.10638297872340426","0.6666666666666666"
"7x7","7x7-seeded-random","seeded-random","54","4","5.458333333333333","0.9375","45","0.9375","2.0833333333333335","0.7916666666666666","0.8541666666666666","5.418669605861129","0.75","0.0851063829787234","0.6666666666666666"
"7x7","7x7-seeded-random","seeded-random","55","4","6.145833333333333","0.9583333333333334","46","0.9583333333333334","2.3125","0.8541666666666666","0.7708333333333334","6.144974254765571","","0","0.75"
"7x7","7x7-seeded-random","seeded-random","56","4","5.958333333333333","0.9583333333333334","46","0.9583333333333334","2.0416666666666665","0.7291666666666666","0.8125","5.976562400476627","1","0.06382978723404255","0.7708333333333334"
"7x7","7x7-seeded-random","seeded-random","57","4","4.958333333333333","0.875","42","0.875","1.625","0.5625","0.8958333333333334","5.108241852950396","1","0.0851063829787234","0.5833333333333334"
"7x7","7x7-seeded-random","seeded-random","58","4","4.770833333333333","0.9583333333333334","46","0.9583333333333334","1.875","0.625","0.7916666666666666","4.725967528264077","1","0.06382978723404255","0.6458333333333334"
"7x7","7x7-seeded-random","seeded-random","59","4","6.020833333333333","0.9375","45","0.9375","2.5625","0.875","0.8958333333333334","6.013034650202048","1","0.0425531914893617","0.8125"
"7x7","7x7-seeded-random","seeded-random","60","4","5.541666666666667","0.875","42","0.875","1.875","0.6458333333333334","0.8958333333333334","5.548603906482196","0.6","0.10638297872340426","0.6666666666666666"
"7x7","7x7-seeded-random","seeded-random","61","4","5.583333333333333","0.9791666666666666","47","0.9791666666666666","2.2083333333333335","0.7916666666666666","0.8125","5.467388030367544","1","0.0851063829787234","0.625"
"7x7","7x7-seeded-random","seeded-random","62","4","6.166666666666667","0.9583333333333334","46","0.9583333333333334","2.2291666666666665","0.6875","0.9375","6.1882210849329295","1","0.0851063829787234","0.6666666666666666"
"7x7","7x7-seeded-random","seeded-random","63","4","5.9375","0.9791666666666666","47","0.9791666666666666","2.0625","0.6458333333333334","0.8333333333333334","5.974985723800524","1","0.06382978723404255","0.6666666666666666"
"7x7","7x7-seeded-random","seeded-random","64","4","5.291666666666667","0.9583333333333334","46","0.9583333333333334","2.3958333333333335","0.9166666666666666","0.8958333333333334","5.349678836829434","0.8571428571428571","0.14893617021276595","0.5625"
"7x7","7x7-seeded-random","seeded-random","65","4","5.9375","0.9375","45","0.9375","2.1041666666666665","0.6666666666666666","0.7916666666666666","5.948702608403884","1","0.0425531914893617","0.8125"
"7x7","7x7-seeded-random","seeded-random","66","4","5.166666666666667","0.9583333333333334","46","0.9583333333333334","2.5625","0.8541666666666666","0.8958333333333334","5.209395874848705","1","0.02127659574468085","0.7708333333333334"
"7x7","7x7-seeded-random","seeded-random","67","4","4.75","0.875","42","0.875","2.2083333333333335","0.6875","0.8958333333333334","4.6640059012133355","0.6666666666666666","0.06382978723404255","0.6666666666666666"
"7x7","7x7-seeded-random","seeded-random","68","4","6.0625","0.9375","45","0.9375","1.9583333333333333","0.6666666666666666","0.7916666666666666","6.147146189584744","1","0.06382978723404255","0.6875"
"7x7","7x7-seeded-random","seeded-random","69","4","5.520833333333333","0.9166666666666666","44","0.9166666666666666","2.3333333333333335","0.875","0.8125","5.598710690024897","0.8571428571428571","0.14893617021276595","0.6666666666666666"
"7x7","7x7-seeded-random","seeded-random","70","4","6.0625","0.9791666666666666","47","0.9791666666666666","2.5","0.9166666666666666","0.875","6.2013752396664295","0.75","0.0851063829787234","0.7708333333333334"
"7x7","7x7-seeded-random","seeded-random","71","4","5.458333333333333","0.875","42","0.875","2.1666666666666665","0.7916666666666666","0.9166666666666666","5.497909846326715","0.6666666666666666","0.06382978723404255","0.7291666666666666"
"7x7","7x7-seeded-random","seeded-random","72","4","5.270833333333333","0.9791666666666666","47","0.9791666666666666","2.0416666666666665","0.7291666666666666","0.8333333333333334","5.210391192815662","1","0.1702127659574468","0.6041666666666666"
"7x7","7x7-seeded-random","seeded-random","73","4","5.791666666666667","0.9791666666666666","47","0.9791666666666666","2","0.7083333333333334","0.875","5.748503443543583","1","0.06382978723404255","0.7291666666666666"
"7x7","7x7-seeded-random","seeded-random","74","4","5.666666666666667","0.9375","45","0.9375","2.0833333333333335","0.7291666666666666","0.8541666666666666","5.627627185103005","1","0.14893617021276595","0.6041666666666666"
"7x7","7x7-seeded-random","seeded-random","75","4","5.208333333333333","0.9375","45","0.9375","1.9583333333333333","0.7916666666666666","0.8541666666666666","5.0310678856889615","1","0.1276595744680851","0.75"
"7x7","7x7-seeded-random","seeded-random","76","4","5.375","0.9375","45","0.9375","2.4583333333333335","0.8333333333333334","0.8958333333333334","5.320506718521865","1","0.02127659574468085","0.7291666666666666"
"7x7","7x7-seeded-random","seeded-random","77","4","5.166666666666667","0.9166666666666666","44","0.9166666666666666","2.0208333333333335","0.625","0.7083333333333334","5.108804328541497","1","0.06382978723404255","0.7708333333333334"
"7x7","7x7-seeded-random","seeded-random","78","4","5.5625","0.9791666666666666","47","0.9791666666666666","2.2708333333333335","0.8125","0.8541666666666666","5.504406439480795","1","0.02127659574468085","0.8541666666666666"
"7x7","7x7-seeded-random","seeded-random","79","4","6.0625","0.9375","45","0.9375","2.0416666666666665","0.7291666666666666","0.6666666666666666","6.110259333532991","0.75","0.0851063829787234","0.7083333333333334"
"7x7","7x7-seeded-random","seeded-random","80","4","5.666666666666667","0.875","42","0.875","2.1458333333333335","0.75","0.8958333333333334","5.770531614991312","1","0.0851063829787234","0.75"
"7x7","7x7-seeded-random","seeded-random","81","4","5.604166666666667","0.9583333333333334","46","0.9583333333333334","1.8541666666666667","0.6458333333333334","0.7916666666666666","5.608902503632571","0.75","0.0851063829787234","0.6666666666666666"
"7x7","7x7-seeded-random","seeded-random","82","4","5.895833333333333","0.9166666666666666","44","0.9166666666666666","1.7083333333333333","0.5625","0.8333333333333334","5.9188304650224515","1","0.0851063829787234","0.7083333333333334"
"7x7","7x7-seeded-random","seeded-random","83","4","5.479166666666667","0.9583333333333334","46","0.9583333333333334","2.0625","0.7708333333333334","0.9166666666666666","5.482239908398468","0.8571428571428571","0.14893617021276595","0.6041666666666666"
"7x7","7x7-seeded-random","seeded-random","84","4","5.75","0.9583333333333334","46","0.9583333333333334","1.7916666666666667","0.5833333333333334","0.8541666666666666","5.63399003803689","1","0.19148936170212766","0.625"
"7x7","7x7-seeded-random","seeded-random","85","4","5.5","0.9375","45","0.9375","2.0833333333333335","0.75","0.8958333333333334","5.41249300301307","0.5","0.0425531914893617","0.7083333333333334"
"7x7","7x7-seeded-random","seeded-random","86","4","5.770833333333333","0.9791666666666666","47","0.9791666666666666","2.2083333333333335","0.7708333333333334","0.875","5.8025240805170055","1","0.06382978723404255","0.6458333333333334"
"7x7","7x7-seeded-random","seeded-random","87","4","5.854166666666667","0.9375","45","0.9375","2.2916666666666665","0.7708333333333334","0.8541666666666666","5.857645587619839","1","0.1276595744680851","0.6875"
"7x7","7x7-seeded-random","seeded-random","88","4","6.0625","0.9583333333333334","46","0.9583333333333334","1.9583333333333333","0.6875","0.7708333333333334","6.117700199985475","1","0.0425531914893617","0.7291666666666666"
"7x7","7x7-seeded-random","seeded-random","89","4","5.375","0.9166666666666666","44","0.9166666666666666","2.125","0.6875","0.75","5.454050650781756","1","0.10638297872340426","0.7291666666666666"
"7x7","7x7-seeded-random","seeded-random","90","4","5.875","0.9583333333333334","46","0.9583333333333334","2.3125","0.8958333333333334","0.8958333333333334","5.825128171266546","0.5","0.0851063829787234","0.7083333333333334"
"7x7","7x7-seeded-random","seeded-random","91","4","5.8125","0.9583333333333334","46","0.9583333333333334","2.3125","0.8125","0.75","5.838250143686501","1","0.02127659574468085","0.8125"
"7x7","7x7-seeded-random","seeded-random","92","4","5.333333333333333","0.9375","45","0.9375","2.1666666666666665","0.7083333333333334","0.7291666666666666","5.344667151428273","1","0.14893617021276595","0.625"
"7x7","7x7-seeded-random","seeded-random","93","4","5.875","0.9375","45","0.9375","2.2708333333333335","0.7916666666666666","0.8333333333333334","5.727994553773016","1","0.0851063829787234","0.75"
"7x7","7x7-seeded-random","seeded-random","94","4","6","0.9583333333333334","46","0.9583333333333334","2.4791666666666665","0.7916666666666666","0.6666666666666666","6.086201838103285","0.8","0.10638297872340426","0.75"
"7x7","7x7-seeded-random","seeded-random","95","4","5.708333333333333","0.9583333333333334","46","0.9583333333333334","2.2083333333333335","0.7708333333333334","0.8125","5.6434825310913554","1","0.0425531914893617","0.7291666666666666"
"7x7","7x7-seeded-random","seeded-random","96","4","6.0625","0.9791666666666666","47","0.9791666666666666","2.1875","0.8333333333333334","0.8125","6.073420966258406","1","0.02127659574468085","0.7916666666666666"
"7x7","7x7-seeded-random","seeded-random","97","4","5.875","0.9583333333333334","46","0.9583333333333334","2.4166666666666665","0.875","0.8333333333333334","5.843648920592754","1","0.02127659574468085","0.75"
"7x7","7x7-seeded-random","seeded-random","98","4","5.6875","0.9375","45","0.9375","2.0833333333333335","0.75","0.8958333333333334","5.778614669216163","0.5","0.1276595744680851","0.6666666666666666"
"7x7","7x7-seeded-random","seeded-random","99","4","5.354166666666667","0.9166666666666666","44","0.9166666666666666","2.0625","0.6875","0.8333333333333334","5.3356548583094","1","0.02127659574468085","0.75"
"7x7","7x7-seeded-random","seeded-random","100","4","5.979166666666667","0.9583333333333334","46","0.9583333333333334","1.7708333333333333","0.6458333333333334","0.8333333333333334","6.019278723091816","1","0.02127659574468085","0.6875"
"7x7","7x7-uct-0100","uct-0100","1","4","5.458333333333333","0.9375","45","0.9375","2.4166666666666665","0.7916666666666666","0.8125","5.4286559435076205","0.6666666666666666","0.06382978723404255","0.7916666666666666"
"7x7","7x7-uct-0100","uct-0100","2","4","4.8125","0.9583333333333334","46","0.9583333333333334","1.9583333333333333","0.7083333333333334","0.9375","4.805846700946257","1","0.14893617021276595","0.625"
"7x7","7x7-uct-0100","uct-0100","3","4","5.333333333333333","0.9583333333333334","46","0.9583333333333334","2.0208333333333335","0.7708333333333334","0.7708333333333334","5.299297389438294","1","0.10638297872340426","0.6666666666666666"
"7x7","7x7-uct-0100","uct-0100","4","4","5.208333333333333","0.9375","45","0.9375","2.125","0.75","0.8333333333333334","5.143217810051287","1","0.14893617021276595","0.6041666666666666"
"7x7","7x7-uct-0100","uct-0100","5","4","5.895833333333333","0.9583333333333334","46","0.9583333333333334","2","0.6041666666666666","0.8958333333333334","5.883421204412361","1","0.0851063829787234","0.7083333333333334"
"7x7","7x7-uct-0100","uct-0100","6","4","5.875","0.9583333333333334","46","0.9583333333333334","1.8958333333333333","0.7083333333333334","0.9166666666666666","5.982786068882099","0.7142857142857143","0.14893617021276595","0.6041666666666666"
"7x7","7x7-uct-0100","uct-0100","7","4","5.895833333333333","0.9375","45","0.9375","1.8541666666666667","0.7083333333333334","0.9166666666666666","5.983686511436539","1","0.06382978723404255","0.7291666666666666"
"7x7","7x7-uct-0100","uct-0100","8","4","5.833333333333333","0.9375","45","0.9375","1.8958333333333333","0.6666666666666666","0.8541666666666666","5.848910491885152","0.8333333333333334","0.1276595744680851","0.6041666666666666"
"7x7","7x7-uct-0100","uct-0100","9","4","5.541666666666667","0.9375","45","0.9375","2.1458333333333335","0.7291666666666666","0.875","5.481008125769326","1","0.06382978723404255","0.7708333333333334"
"7x7","7x7-uct-0100","uct-0100","10","4","5.625","0.9791666666666666","47","0.9791666666666666","2.5208333333333335","0.875","0.8333333333333334","5.527498065258049","1","0.1276595744680851","0.7083333333333334"
"7x7","7x7-uct-0100","uct-0100","11","4","4.4375","0.9375","45","0.9375","1.8541666666666667","0.6041666666666666","0.8333333333333334","4.357546644960781","1","0.1276595744680851","0.6666666666666666"
"7x7","7x7-uct-0100","uct-0100","12","4","5.645833333333333","0.9375","45","0.9375","1.875","0.6458333333333334","0.7916666666666666","5.616223681376267","1","0.14893617021276595","0.6458333333333334"
"7x7","7x7-uct-0100","uct-0100","13","4","5.875","0.9791666666666666","47","0.9791666666666666","2.3541666666666665","0.8958333333333334","0.8333333333333334","5.931558199888576","1","0.06382978723404255","0.7291666666666666"
"7x7","7x7-uct-0100","uct-0100","14","4","5.458333333333333","0.9166666666666666","42","0.875","1.75","0.625","0.8958333333333334","5.486386109108313","1","0.2127659574468085","0.6041666666666666"
"7x7","7x7-uct-0100","uct-0100","15","4","5.166666666666667","0.9166666666666666","41","0.8541666666666666","2.3333333333333335","0.8125","0.8958333333333334","5.18789633385572","1","0.1276595744680851","0.6458333333333334"
"7x7","7x7-uct-0100","uct-0100","16","4","5.520833333333333","0.875","42","0.875","1.9166666666666667","0.6666666666666666","0.9375","5.601006892346864","1","0.02127659574468085","0.75"
"7x7","7x7-uct-0100","uct-0100","17","4","5.75","0.8958333333333334","43","0.8958333333333334","2","0.7291666666666666","0.875","5.848174917334532","1","0.0425531914893617","0.8125"
"7x7","7x7-uct-0100","uct-0100","18","4","5.979166666666667","0.9791666666666666","47","0.9791666666666666","2.75","0.8958333333333334","0.9166666666666666","5.9718537032845145","0.5","0.0851063829787234","0.7708333333333334"
"7x7","7x7-uct-0100","uct-0100","19","4","5.520833333333333","0.9583333333333334","46","0.9583333333333334","1.6458333333333333","0.5416666666666666","0.8958333333333334","5.542625309077941","1","0.14893617021276595","0.6458333333333334"
"7x7","7x7-uct-0100","uct-0100","20","4","5.333333333333333","0.8958333333333334","43","0.8958333333333334","2.125","0.7708333333333334","0.8541666666666666","5.305543625031215","0.6666666666666666","0.06382978723404255","0.6875"
"7x7","7x7-uct-0100","uct-0100","21","4","5.916666666666667","0.9375","45","0.9375","2.5416666666666665","0.8333333333333334","0.8541666666666666","5.87811832372901","1","0.02127659574468085","0.7916666666666666"
"7x7","7x7-uct-0100","uct-0100","22","4","5.833333333333333","0.9375","45","0.9375","2.1875","0.7916666666666666","0.6041666666666666","5.856788597562751","0.8333333333333334","0.1276595744680851","0.6666666666666666"
"7x7","7x7-uct-0100","uct-0100","23","4","5.208333333333333","0.9375","45","0.9375","2.0625","0.7291666666666666","0.8125","5.318625783814173","1","0.1702127659574468","0.625"
"7x7","7x7-uct-0100","uct-0100","24","4","5.479166666666667","0.9375","45","0.9375","2.0833333333333335","0.7291666666666666","0.8541666666666666","5.352244282764411","1","0.06382978723404255","0.7291666666666666"
"7x7","7x7-uct-0100","uct-0100","25","4","5.458333333333333","0.9375","45","0.9375","2.2083333333333335","0.7083333333333334","0.875","5.465462747105953","0.8","0.10638297872340426","0.7083333333333334"
"7x7","7x7-uct-0100","uct-0100","26","4","5.708333333333333","0.9791666666666666","47","0.9791666666666666","2.4166666666666665","0.7708333333333334","0.8125","5.643173393201014","1","0.06382978723404255","0.75"
"7x7","7x7-uct-0100","uct-0100","27","4","5.625","0.9166666666666666","44","0.9166666666666666","1.8333333333333333","0.6666666666666666","0.8333333333333334","5.648062250539688","0.8333333333333334","0.1276595744680851","0.6458333333333334"
"7x7","7x7-uct-0100","uct-0100","28","4","5.666666666666667","0.9375","45","0.9375","2","0.6875","0.8541666666666666","5.684652303535287","1","0.0425531914893617","0.7291666666666666"
"7x7","7x7-uct-0100","uct-0100","29","4","5.020833333333333","0.875","42","0.875","1.6875","0.6041666666666666","0.875","5.03188521812633","1","0.06382978723404255","0.7291666666666666"
"7x7","7x7-uct-0100","uct-0100","30","4","5.125","0.9583333333333334","46","0.9583333333333334","2.0416666666666665","0.7291666666666666","0.8333333333333334","4.976202283774738","0.8888888888888888","0.19148936170212766","0.5833333333333334"
"7x7","7x7-uct-0100","uct-0100","31","4","5.895833333333333","0.9583333333333334","46","0.9583333333333334","2.2083333333333335","0.6666666666666666","0.4791666666666667","5.978967515997134","0.8","0.10638297872340426","0.6875"
"7x7","7x7-uct-0100","uct-0100","32","4","5.5625","0.9375","45","0.9375","1.9166666666666667","0.625","0.8958333333333334","5.686223237840517","1","0.2127659574468085","0.625"
"7x7","7x7-uct-0100","uct-0100","33","4","5.479166666666667","0.9583333333333334","46","0.9583333333333334","1.9583333333333333","0.7291666666666666","0.8333333333333334","5.411052614240133","0.6666666666666666","0.06382978723404255","0.6666666666666666"
"7x7","7x7-uct-0100","uct-0100","34","4","5.333333333333333","0.8958333333333334","43","0.8958333333333334","2.0416666666666665","0.8125","0.8541666666666666","5.361925306659512","1","0.14893617021276595","0.7083333333333334"
"7x7","7x7-uct-0100","uct-0100","35","4","5.6875","0.9166666666666666","44","0.9166666666666666","1.875","0.6041666666666666","0.8541666666666666","5.697022021586161","1","0.06382978723404255","0.75"
"7x7","7x7-uct-0100","uct-0100","36","4","6.041666666666667","0.9583333333333334","46","0.9583333333333334","2.0208333333333335","0.7291666666666666","0.75","6.14608109645908","1","0.02127659574468085","0.75"
"7x7","7x7-uct-0100","uct-0100","37","4","6","0.9166666666666666","44","0.9166666666666666","2.3541666666666665","0.7291666666666666","0.8958333333333334","6.019615404936257","1","0.06382978723404255","0.7708333333333334"
"7x7","7x7-uct-0100","uct-0100","38","4","5.666666666666667","0.8958333333333334","43","0.8958333333333334","2.0625","0.6875","0.9166666666666666","5.7306723913820266","1","0.06382978723404255","0.7916666666666666"
"7x7","7x7-uct-0100","uct-0100","39","4","5.416666666666667","0.9166666666666666","44","0.9166666666666666","2.375","0.8541666666666666","0.875","5.426034636135616","0.75","0.0851063829787234","0.7291666666666666"
"7x7","7x7-uct-0100","uct-0100","40","4","5.729166666666667","0.9583333333333334","46","0.9583333333333334","2.3958333333333335","0.8541666666666666","0.875","5.7791733021130876","0.8","0.10638297872340426","0.7083333333333334"
"7x7","7x7-uct-0100","uct-0100","41","4","5.479166666666667","0.9791666666666666","47","0.9791666666666666","2.3958333333333335","0.8541666666666666","0.9166666666666666","5.414081595444671","1","0.0425531914893617","0.7708333333333334"
"7x7","7x7-uct-0100","uct-0100","42","4","5.875","0.9791666666666666","47","0.9791666666666666","2.2916666666666665","0.8125","0.8125","5.897313678744718","0.3333333333333333","0.06382978723404255","0.7291666666666666"
"7x7","7x7-uct-0100","uct-0100","43","4","5.604166666666667","0.9791666666666666","47","0.9791666666666666","2.4791666666666665","0.875","0.8958333333333334","5.553965526165795","1","0.02127659574468085","0.7916666666666666"
"7x7","7x7-uct-0100","uct-0100","44","4","5.9375","0.8958333333333334","43","0.8958333333333334","2.25","0.75","0.8125","6.003627489977872","1","0.10638297872340426","0.7916666666666666"
"7x7","7x7-uct-0100","uct-0100","45","4","5.6875","0.9791666666666666","47","0.9791666666666666","2.1666666666666665","0.7708333333333334","0.8958333333333334","5.742592748325303","1","0.0425531914893617","0.6875"
"7x7","7x7-uct-0100","uct-0100","46","4","5.5625","0.8958333333333334","43","0.8958333333333334","1.9791666666666667","0.6875","0.8958333333333334","5.579313809754093","0.6666666666666666","0.1276595744680851","0.7083333333333334"
"7x7","7x7-uct-0100","uct-0100","47","4","5.4375","0.9583333333333334","46","0.9583333333333334","2.3541666666666665","0.8125","0.8541666666666666","5.412619689898667","","0","0.7291666666666666"
"7x7","7x7-uct-0100","uct-0100","48","4","5.729166666666667","0.9791666666666666","47","0.9791666666666666","1.9375","0.75","0.875","5.731064283612064","1","0.10638297872340426","0.6875"
"7x7","7x7-uct-0100","uct-0100","49","4","5.8125","0.9375","45","0.9375","2.2291666666666665","0.8541666666666666","0.8958333333333334","5.792304836838651","0.5","0.0425531914893617","0.75"
"7x7","7x7-uct-0100","uct-0100","50","4","5.479166666666667","0.875","42","0.875","2.2291666666666665","0.6666666666666666","0.8541666666666666","5.5026876892911725","1","0.06382978723404255","0.7291666666666666"
"7x7","7x7-uct-0500","uct-0500","1","4","4.479166666666667","0.8958333333333334","43","0.8958333333333334","1.9375","0.6458333333333334","0.8541666666666666","4.320054798397602","0.7142857142857143","0.14893617021276595","0.625"
"7x7","7x7-uct-0500","uct-0500","2","4","5.604166666666667","0.9791666666666666","47","0.9791666666666666","1.8333333333333333","0.6666666666666666","0.875","5.816500888859992","0.6666666666666666","0.1276595744680851","0.5833333333333334"
"7x7","7x7-uct-0500","uct-0500","3","4","5.166666666666667","0.9583333333333334","46","0.9583333333333334","1.6875","0.5625","0.875","5.2302922995841925","1","0.19148936170212766","0.5833333333333334"
"7x7","7x7-uct-0500","uct-0500","4","4","5.729166666666667","0.9375","45","0.9375","1.8541666666666667","0.6666666666666666","0.875","5.66312024216068","0.75","0.0851063829787234","0.75"
"7x7","7x7-uct-0500","uct-0500","5","4","5.8125","0.9375","45","0.9375","1.875","0.6875","0.9166666666666666","5.9581240579810455","1","0.06382978723404255","0.6875"
"7x7","7x7-uct-0500","uct-0500","6","4","4.229166666666667","0.8333333333333334","40","0.8333333333333334","1.6875","0.6041666666666666","0.8958333333333334","4.2171962359261626","1","0.1702127659574468","0.5833333333333334"
"7x7","7x7-uct-0500","uct-0500","7","4","5.625","0.9583333333333334","40","0.8333333333333334","2.25","0.7708333333333334","0.8541666666666666","5.718050739167321","1","0.0851063829787234","0.7083333333333334"
"7x7","7x7-uct-0500","uct-0500","8","4","5.208333333333333","0.9375","45","0.9375","1.9166666666666667","0.6875","0.9375","5.167025329525164","0.8571428571428571","0.14893617021276595","0.6041666666666666"
"7x7","7x7-uct-0500","uct-0500","9","4","5.708333333333333","0.9375","45","0.9375","2.1458333333333335","0.7916666666666666","0.8125","5.87165157236846","1","0.06382978723404255","0.7083333333333334"
"7x7","7x7-uct-0500","uct-0500","10","4","5.020833333333333","0.9583333333333334","46","0.9583333333333334","1.9791666666666667","0.6875","0.8958333333333334","4.9713795859709435","0.6666666666666666","0.1276595744680851","0.6875"
"7x7","7x7-uct-0500","uct-0500","11","4","5.208333333333333","0.9375","45","0.9375","2.2916666666666665","0.8125","0.8541666666666666","5.280968437454366","1","0.10638297872340426","0.7916666666666666"
"7x7","7x7-uct-0500","uct-0500","12","4","5.333333333333333","0.875","42","0.875","1.8958333333333333","0.625","0.9166666666666666","5.428995933318783","1","0.1702127659574468","0.6666666666666666"
"7x7","7x7-uct-0500","uct-0500","13","4","4.645833333333333","0.8958333333333334","43","0.8958333333333334","2","0.7291666666666666","0.9375","4.597393872403784","0.9","0.2127659574468085","0.6041666666666666"
"7x7","7x7-uct-0500","uct-0500","14","4","5.458333333333333","0.9583333333333334","46","0.9583333333333334","2.1041666666666665","0.7083333333333334","0.875","5.31576068973494","1","0.1702127659574468","0.6041666666666666"
"7x7","7x7-uct-0500","uct-0500","15","4","4.854166666666667","0.9375","45","0.9375","2","0.6666666666666666","0.8958333333333334","4.726990327790181","1","0.1276595744680851","0.6458333333333334"
"7x7","7x7-uct-0500","uct-0500","16","4","5.208333333333333","0.9583333333333334","46","0.9583333333333334","2.0416666666666665","0.7708333333333334","0.9166666666666666","5.215279317498053","0.8333333333333334","0.1276595744680851","0.6666666666666666"
"7x7","7x7-uct-0500","uct-0500","17","4","5.770833333333333","0.9375","45","0.9375","1.5","0.5","0.8541666666666666","5.938325042449614","0.8888888888888888","0.19148936170212766","0.5416666666666666"
"7x7","7x7-uct-0500","uct-0500","18","4","4.145833333333333","0.9375","45","0.9375","2","0.7083333333333334","0.9375","4.039058046894035","1","0.0851063829787234","0.7291666666666666"
"7x7","7x7-uct-0500","uct-0500","19","4","4.729166666666667","0.9583333333333334","46","0.9583333333333334","1.8958333333333333","0.7083333333333334","0.875","4.677247769147982","1","0.19148936170212766","0.6041666666666666"
"7x7","7x7-uct-0500","uct-0500","20","4","5.666666666666667","0.9375","45","0.9375","2.125","0.6875","0.8958333333333334","5.737218168119125","1","0.0851063829787234","0.7708333333333334"
"7x7","7x7-uct-0500","uct-0500","21","4","5.6875","0.9166666666666666","44","0.9166666666666666","2.0625","0.6666666666666666","0.8958333333333334","5.712446218830258","1","0.0851063829787234","0.6875"
"7x7","7x7-uct-0500","uct-0500","22","4","5.645833333333333","0.9583333333333334","46","0.9583333333333334","1.75","0.5833333333333334","0.8958333333333334","5.7897263294636385","1","0.1702127659574468","0.625"
"7x7","7x7-uct-0500","uct-0500","23","4","5.3125","0.9166666666666666","44","0.9166666666666666","1.8541666666666667","0.5833333333333334","0.9375","5.3311747416431805","0.75","0.0851063829787234","0.6666666666666666"
"7x7","7x7-uct-0500","uct-0500","24","4","5.916666666666667","0.9583333333333334","46","0.9583333333333334","1.7708333333333333","0.6041666666666666","0.9166666666666666","6.052600763449759","1","0.0425531914893617","0.7083333333333334"
"7x7","7x7-uct-0500","uct-0500","25","4","4.6875","0.8958333333333334","43","0.8958333333333334","1.5625","0.5","0.8958333333333334","4.632639452135774","0.875","0.1702127659574468","0.5833333333333334"
"7x7","7x7-uct-0500","uct-0500","26","4","4.5625","0.8958333333333334","43","0.8958333333333334","1.6458333333333333","0.5416666666666666","0.8125","4.5705292102659465","0.8571428571428571","0.14893617021276595","0.5833333333333334"
"7x7","7x7-uct-0500","uct-0500","27","4","5.916666666666667","0.9791666666666666","47","0.9791666666666666","1.9166666666666667","0.625","0.7916666666666666","5.969397942026321","1","0.14893617021276595","0.7291666666666666"
"7x7","7x7-uct-0500","uct-0500","28","4","5.270833333333333","0.8958333333333334","43","0.8958333333333334","1.7083333333333333","0.5208333333333334","0.9166666666666666","5.256009642426797","1","0.19148936170212766","0.5625"
"7x7","7x7-uct-0500","uct-0500","29","4","5.25","0.9375","45","0.9375","2.0208333333333335","0.6875","0.8958333333333334","5.3712323584437565","1","0.1276595744680851","0.6041666666666666"
"7x7","7x7-uct-0500","uct-0500","30","4","4.083333333333333","0.9583333333333334","46","0.9583333333333334","1.6875","0.5416666666666666","0.9166666666666666","3.9528065037385147","1","0.10638297872340426","0.5416666666666666"
"7x7","7x7-uct-0500","uct-0500","31","4","4.9375","0.875","42","0.875","1.9583333333333333","0.625","0.9166666666666666","5.022007430035069","1","0.0851063829787234","0.6458333333333334"
"7x7","7x7-uct-0500","uct-0500","32","4","5.520833333333333","0.9583333333333334","46","0.9583333333333334","2.1875","0.8125","0.8125","5.517018266965007","0.8","0.10638297872340426","0.6875"
"7x7","7x7-uct-0500","uct-0500","33","4","4.9375","0.9375","45","0.9375","2.125","0.7916666666666666","0.8958333333333334","5.082928871010896","1","0.02127659574468085","0.8125"
"7x7","7x7-uct-0500","uct-0500","34","4","4.75","0.9791666666666666","47","0.9791666666666666","2.1458333333333335","0.8125","0.8958333333333334","4.723177817201382","0.6923076923076923","0.2765957446808511","0.5416666666666666"
"7x7","7x7-uct-0500","uct-0500","35","4","4.8125","0.9583333333333334","46","0.9583333333333334","2.0416666666666665","0.75","0.8958333333333334","4.888911676729486","1","0.1276595744680851","0.6458333333333334"
"7x7","7x7-uct-0500","uct-0500","36","4","5.3125","0.9791666666666666","47","0.9791666666666666","2.1666666666666665","0.6666666666666666","0.9375","5.294741814277292","1","0.06382978723404255","0.7916666666666666"
"7x7","7x7-uct-0500","uct-0500","37","4","5.291666666666667","0.9375","45","0.9375","1.625","0.4375","0.8333333333333334","5.337656348626511","0.8333333333333334","0.1276595744680851","0.625"
"7x7","7x7-uct-0500","uct-0500","38","4","4.916666666666667","0.9583333333333334","46","0.9583333333333334","2.1458333333333335","0.7083333333333334","0.8333333333333334","4.904173362632566","1","0.02127659574468085","0.7291666666666666"
"7x7","7x7-uct-0500","uct-0500","39","4","5.229166666666667","0.9375","45","0.9375","1.8541666666666667","0.625","0.8541666666666666","5.214643693717686","1","0.19148936170212766","0.5833333333333334"
"7x7","7x7-uct-0500","uct-0500","40","4","5.6875","0.9583333333333334","46","0.9583333333333334","1.9583333333333333","0.6875","0.8958333333333334","5.7447045091300915","0.75","0.0851063829787234","0.7083333333333334"
"7x7","7x7-uct-0500","uct-0500","41","4","5.270833333333333","0.9583333333333334","46","0.9583333333333334","2.0416666666666665","0.6458333333333334","0.8125","5.2511301421032","1","0.0425531914893617","0.6875"
"7x7","7x7-uct-0500","uct-0500","42","4","4.5","0.8958333333333334","43","0.8958333333333334","1.6458333333333333","0.5416666666666666","0.8125","4.584724159392056","0.875","0.1702127659574468","0.625"
"7x7","7x7-uct-0500","uct-0500","43","4","5.708333333333333","0.9375","45","0.9375","1.875","0.6666666666666666","0.9375","5.71669244398755","1","0.14893617021276595","0.6666666666666666"
"7x7","7x7-uct-0500","uct-0500","44","4","5.0625","0.9583333333333334","46","0.9583333333333334","2.1666666666666665","0.7708333333333334","0.8541666666666666","5.2568705121699795","1","0.10638297872340426","0.6458333333333334"
"7x7","7x7-uct-0500","uct-0500","45","4","4.354166666666667","0.9166666666666666","44","0.9166666666666666","1.5416666666666667","0.5625","0.9375","4.488801779693039","0.7142857142857143","0.14893617021276595","0.625"
"7x7","7x7-uct-0500","uct-0500","46","4","5.166666666666667","0.9583333333333334","46","0.9583333333333334","2.4791666666666665","0.8333333333333334","0.8125","5.1391261957347245","1","0.0851063829787234","0.6458333333333334"
"7x7","7x7-uct-0500","uct-0500","47","4","5.729166666666667","0.9375","45","0.9375","1.6875","0.625","0.9166666666666666","5.729273538937083","1","0.1276595744680851","0.625"
"7x7","7x7-uct-0500","uct-0500","48","4","5.395833333333333","0.9583333333333334","46","0.9583333333333334","2.0833333333333335","0.7291666666666666","0.7916666666666666","5.400821326566555","1","0.0425531914893617","0.6875"
"7x7","7x7-uct-0500","uct-0500","49","4","5.291666666666667","0.9375","45","0.9375","1.9583333333333333","0.6458333333333334","0.875","5.3192556193365474","0.6666666666666666","0.06382978723404255","0.6666666666666666"
"7x7","7x7-uct-0500","uct-0500","50","4","4.291666666666667","0.8125","39","0.8125","1.5416666666666667","0.4791666666666667","0.9375","4.2203723751646445","1","0.14893617021276595","0.5625"
"7x7","7x7-uct-1000","uct-1000","1","4","5.583333333333333","0.9375","45","0.9375","1.7083333333333333","0.6041666666666666","0.9375","5.707981610084041","0.8888888888888888","0.19148936170212766","0.5625"
"7x7","7x7-uct-1000","uct-1000","2","4","5.520833333333333","0.875","42","0.875","1.7708333333333333","0.625","0.9375","5.521927921914538","0.6666666666666666","0.1276595744680851","0.6041666666666666"
"7x7","7x7-uct-1000","uct-1000","3","4","5.041666666666667","0.9583333333333334","46","0.9583333333333334","1.6666666666666667","0.5833333333333334","0.875","5.15963473577569","0.7777777777777778","0.19148936170212766","0.5833333333333334"
"7x7","7x7-uct-1000","uct-1000","4","4","4.833333333333333","0.9583333333333334","46","0.9583333333333334","1.5","0.4166666666666667","0.875","4.838684128816283","1","0.14893617021276595","0.5208333333333334"
"7x7","7x7-uct-1000","uct-1000","5","4","5.791666666666667","0.9583333333333334","46","0.9583333333333334","1.9791666666666667","0.7083333333333334","0.8541666666666666","5.793325980947845","0.75","0.0851063829787234","0.7291666666666666"
"7x7","7x7-uct-1000","uct-1000","6","4","5.020833333333333","0.9375","45","0.9375","1.5","0.5","0.8333333333333334","5.156346102619342","1","0.1702127659574468","0.5833333333333334"
"7x7","7x7-uct-1000","uct-1000","7","4","5.104166666666667","0.9375","45","0.9375","2.2708333333333335","0.8541666666666666","0.8958333333333334","5.19299040533194","0.6666666666666666","0.06382978723404255","0.75"
"7x7","7x7-uct-1000","uct-1000","8","4","4.5","0.875","42","0.875","1.5416666666666667","0.5625","0.9375","4.532946777435599","1","0.2553191489361702","0.5"
"7x7","7x7-uct-1000","uct-1000","9","4","5.604166666666667","0.9375","45","0.9375","1.7916666666666667","0.6458333333333334","0.8958333333333334","5.708474278998049","0.7777777777777778","0.19148936170212766","0.6041666666666666"
"7x7","7x7-uct-1000","uct-1000","10","4","4.979166666666667","0.9375","45","0.9375","1.7291666666666667","0.5625","0.8958333333333334","5.225368369475073","1","0.10638297872340426","0.5833333333333334"
"7x7","7x7-uct-1000","uct-1000","11","4","5.0625","0.9583333333333334","46","0.9583333333333334","1.9166666666666667","0.7083333333333334","0.9375","5.086162661023382","1","0.1276595744680851","0.6666666666666666"
"7x7","7x7-uct-1000","uct-1000","12","4","4.770833333333333","0.9375","45","0.9375","1.6875","0.6458333333333334","0.8541666666666666","4.771516178205309","1","0.14893617021276595","0.6458333333333334"
"7x7","7x7-uct-1000","uct-1000","13","4","5.0625","0.9791666666666666","47","0.9791666666666666","1.8958333333333333","0.6875","0.9375","5.128015488418369","0.8888888888888888","0.19148936170212766","0.5833333333333334"
"7x7","7x7-uct-1000","uct-1000","14","4","5.020833333333333","0.9375","45","0.9375","2.0625","0.7291666666666666","0.9375","4.922470953205076","0.8","0.2127659574468085","0.5833333333333334"
"7x7","7x7-uct-1000","uct-1000","15","4","4.791666666666667","0.9166666666666666","44","0.9166666666666666","1.6666666666666667","0.625","0.8333333333333334","4.843585948201387","0.9090909090909091","0.23404255319148937","0.5"
"7x7","7x7-uct-1000","uct-1000","16","4","5.083333333333333","0.9375","45","0.9375","1.7083333333333333","0.6041666666666666","0.8958333333333334","5.226148903869897","1","0.0851063829787234","0.6041666666666666"
"7x7","7x7-uct-1000","uct-1000","17","4","5.083333333333333","0.9375","45","0.9375","1.6666666666666667","0.6041666666666666","0.8541666666666666","5.169011424429763","1","0.10638297872340426","0.6666666666666666"
"7x7","7x7-uct-1000","uct-1000","18","4","4.979166666666667","0.875","42","0.875","1.9375","0.6666666666666666","0.8958333333333334","5.007999327376908","1","0.10638297872340426","0.625"
"7x7","7x7-uct-1000","uct-1000","19","4","4.395833333333333","0.9375","45","0.9375","1.7708333333333333","0.5625","0.875","4.388723178083775","1","0.23404255319148937","0.4791666666666667"
"7x7","7x7-uct-1000","uct-1000","20","4","5.895833333333333","0.9583333333333334","46","0.9583333333333334","2.375","0.8125","0.8958333333333334","6.02239378444001","0.6666666666666666","0.06382978723404255","0.75"
"7x7","7x7-uct-1000","uct-1000","21","4","5.5625","0.9583333333333334","46","0.9583333333333334","2.0833333333333335","0.6875","0.9166666666666666","5.660077652740994","1","0.10638297872340426","0.6875"
"7x7","7x7-uct-1000","uct-1000","22","4","5.770833333333333","0.9583333333333334","46","0.9583333333333334","2.1875","0.7916666666666666","0.9166666666666666","5.860234494096055","0.5","0.0425531914893617","0.7708333333333334"
"7x7","7x7-uct-1000","uct-1000","23","4","5.25","0.875","42","0.875","1.3125","0.4166666666666667","0.8958333333333334","5.274520035516762","1","0.2127659574468085","0.5625"
"7x7","7x7-uct-1000","uct-1000","24","4","5.604166666666667","0.9583333333333334","46","0.9583333333333334","1.6666666666666667","0.5416666666666666","0.875","5.804126950326504","0","0.0425531914893617","0.7291666666666666"
"7x7","7x7-uct-1000","uct-1000","25","4","4.541666666666667","0.9375","45","0.9375","2.1041666666666665","0.7708333333333334","0.8541666666666666","4.768770415062107","0.8","0.2127659574468085","0.5833333333333334"
"7x7","7x7-uct-1000","uct-1000","26","4","5.0625","0.8958333333333334","43","0.8958333333333334","1.5833333333333333","0.5416666666666666","0.8958333333333334","5.087068189624554","1","0.23404255319148937","0.5208333333333334"
"7x7","7x7-uct-1000","uct-1000","27","4","5.25","0.9791666666666666","47","0.9791666666666666","1.9166666666666667","0.625","0.9375","5.258121575887467","0.8","0.10638297872340426","0.625"
"7x7","7x7-uct-1000","uct-1000","28","4","5.125","0.9166666666666666","44","0.9166666666666666","1.5833333333333333","0.4791666666666667","0.8541666666666666","5.2578123136553545","0.875","0.1702127659574468","0.6041666666666666"
"7x7","7x7-uct-1000","uct-1000","29","4","4.604166666666667","0.9375","45","0.9375","1.75","0.6458333333333334","0.9166666666666666","4.742851233902054","0.8","0.2127659574468085","0.5625"
"7x7","7x7-uct-1000","uct-1000","30","4","4.854166666666667","0.9375","45","0.9375","1.6041666666666667","0.5833333333333334","0.8958333333333334","4.909535202659087","0.75","0.1702127659574468","0.6458333333333334"
"7x7","7x7-uct-1000","uct-1000","31","4","4.3125","0.9375","45","0.9375","1.4583333333333333","0.4166666666666667","0.9375","4.238506847221032","1","0.14893617021276595","0.6041666666666666"
"7x7","7x7-uct-1000","uct-1000","32","4","5","0.9583333333333334","46","0.9583333333333334","1.7708333333333333","0.625","0.8958333333333334","4.993146271894977","1","0.0851063829787234","0.6875"
"7x7","7x7-uct-1000","uct-1000","33","4","4.5625","0.9166666666666666","44","0.9166666666666666","1.7708333333333333","0.625","0.9375","4.49108078655455","0.5","0.2978723404255319","0.4583333333333333"
"7x7","7x7-uct-1000","uct-1000","34","4","4.770833333333333","0.9166666666666666","44","0.9166666666666666","2.3333333333333335","0.7708333333333334","0.8125","4.6323864277818165","1","0.14893617021276595","0.625"
"7x7","7x7-uct-1000","uct-1000","35","4","5.354166666666667","0.9166666666666666","44","0.9166666666666666","1.8125","0.5208333333333334","0.9375","5.388715945375777","1","0.06382978723404255","0.7291666666666666"
"7x7","7x7-uct-1000","uct-1000","36","4","3.7291666666666665","0.9375","38","0.7916666666666666","1.5625","0.5208333333333334","0.8125","3.5969540252549788","1","0.14893617021276595","0.5833333333333334"
"7x7","7x7-uct-1000","uct-1000","37","4","5.104166666666667","0.9166666666666666","44","0.9166666666666666","1.6041666666666667","0.5","0.8958333333333334","5.160601523116338","1","0.10638297872340426","0.6041666666666666"
"7x7","7x7-uct-1000","uct-1000","38","4","5.270833333333333","0.9375","45","0.9375","1.875","0.7083333333333334","0.8541666666666666","5.218491445747145","0.8","0.10638297872340426","0.6666666666666666"
"7x7","7x7-uct-1000","uct-1000","39","4","5","0.9375","45","0.9375","1.6041666666666667","0.5833333333333334","0.875","5.217206272708667","1","0.14893617021276595","0.625"
"7x7","7x7-uct-1000","uct-1000","40","4","5.458333333333333","0.9583333333333334","46","0.9583333333333334","2.0208333333333335","0.7291666666666666","0.8541666666666666","5.536115878128905","0.875","0.1702127659574468","0.6041666666666666"
"7x7","7x7-uct-1000","uct-1000","41","4","5.708333333333333","0.9375","45","0.9375","2.125","0.75","0.8958333333333334","5.785147203172572","","0","0.8333333333333334"
"7x7","7x7-uct-1000","uct-1000","42","4","5.208333333333333","0.9166666666666666","44","0.9166666666666666","2.25","0.7083333333333334","0.9375","5.276660436914259","0.5","0.0425531914893617","0.7083333333333334"
"7x7","7x7-uct-1000","uct-1000","43","4","5.1875","0.9583333333333334","46","0.9583333333333334","2.0625","0.7291666666666666","0.875","5.344011500310147","0.8333333333333334","0.1276595744680851","0.5833333333333334"
"7x7","7x7-uct-1000","uct-1000","44","4","5.6875","0.9583333333333334","46","0.9583333333333334","1.6875","0.5","0.8125","5.783677122511436","1","0.2127659574468085","0.5625"
"7x7","7x7-uct-1000","uct-1000","45","4","5.3125","0.9375","41","0.8541666666666666","2.0833333333333335","0.75","0.9166666666666666","5.281798433756085","1","0.02127659574468085","0.7291666666666666"
"7x7","7x7-uct-1000","uct-1000","46","4","4.708333333333333","0.9375","45","0.9375","1.7291666666666667","0.5416666666666666","0.8958333333333334","4.666860116878047","0.6","0.10638297872340426","0.6458333333333334"
"7x7","7x7-uct-1000","uct-1000","47","4","4.75","0.9166666666666666","44","0.9166666666666666","1.75","0.6041666666666666","0.9375","4.909026655755614","1","0.1276595744680851","0.6666666666666666"
"7x7","7x7-uct-1000","uct-1000","48","4","5.5625","0.9583333333333334","46","0.9583333333333334","1.9166666666666667","0.7291666666666666","0.8958333333333334","5.679465719397061","1","0.0851063829787234","0.7083333333333334"
"7x7","7x7-uct-1000","uct-1000","49","4","3.9166666666666665","0.7916666666666666","38","0.7916666666666666","1.5833333333333333","0.5833333333333334","0.9375","3.8698991455035485","0.9","0.2127659574468085","0.5416666666666666"
"7x7","7x7-uct-1000","uct-1000","50","4","4.958333333333333","0.9375","45","0.9375","1.7291666666666667","0.5625","0.9375","5.052787986535058","1","0.0425531914893617","0.6666666666666666"
"7x7","7x7-seeded-random","seeded-random","1","2","3.9375","0.9583333333333334","46","0.9583333333333334","0.8541666666666666","0.20833333333333334","0.7916666666666666","3.979969907753892","1","0.0425531914893617","0.7291666666666666"
"7x7","7x7-seeded-random","seeded-random","2","2","3.8541666666666665","0.8958333333333334","43","0.8958333333333334","0.6875","0.10416666666666667","0.875","3.8522075027729965","1","0.0851063829787234","0.75"
"7x7","7x7-seeded-random","seeded-random","3","2","3.5208333333333335","0.9375","45","0.9375","1.0416666666666667","0.2916666666666667","0.8958333333333334","3.5315548386100235","0.3333333333333333","0.06382978723404255","0.75"
"7x7","7x7-seeded-random","seeded-random","4","2","4","0.9791666666666666","47","0.9791666666666666","0.75","0.16666666666666666","0.875","3.960245388381943","1","0.10638297872340426","0.6458333333333334"
"7x7","7x7-seeded-random","seeded-random","5","2","3.5208333333333335","0.9166666666666666","35","0.7291666666666666","0.7291666666666666","0.08333333333333333","0.875","3.5448087204932848","1","0.06382978723404255","0.6666666666666666"
"7x7","7x7-seeded-random","seeded-random","6","2","3.8541666666666665","0.9166666666666666","44","0.9166666666666666","0.625","0.125","0.8958333333333334","3.9066371130134296","0.8333333333333334","0.1276595744680851","0.75"
"7x7","7x7-seeded-random","seeded-random","7","2","3.6041666666666665","0.9583333333333334","46","0.9583333333333334","0.8541666666666666","0.125","0.8541666666666666","3.553249331291686","1","0.06382978723404255","0.7083333333333334"
"7x7","7x7-seeded-random","seeded-random","8","2","3.9791666666666665","0.9166666666666666","44","0.9166666666666666","0.8333333333333334","0.1875","0.875","4.002627167104604","0.5","0.0425531914893617","0.75"
"7x7","7x7-seeded-random","seeded-random","9","2","3.5833333333333335","0.8958333333333334","43","0.8958333333333334","0.5625","0.041666666666666664","0.875","3.5465668486624304","1","0.14893617021276595","0.625"
"7x7","7x7-seeded-random","seeded-random","10","2","4.020833333333333","0.9375","42","0.875","0.875","0.16666666666666666","0.8125","3.9890891183378248","1","0.0851063829787234","0.7083333333333334"
"7x7","7x7-seeded-random","seeded-random","11","2","3.5625","0.875","38","0.7916666666666666","0.6875","0.08333333333333333","0.8958333333333334","3.552080306534188","1","0.0851063829787234","0.7708333333333334"
"7x7","7x7-seeded-random","seeded-random","12","2","4.083333333333333","0.9375","44","0.9166666666666666","0.7916666666666666","0.08333333333333333","0.8541666666666666","4.063694685343722","1","0.0851063829787234","0.7083333333333334"
"7x7","7x7-seeded-random","seeded-random","13","2","3.375","0.8958333333333334","38","0.7916666666666666","0.8541666666666666","0.1875","0.8125","3.318267793044474","1","0.02127659574468085","0.7291666666666666"
"7x7","7x7-seeded-random","seeded-random","14","2","3.9791666666666665","0.9583333333333334","46","0.9583333333333334","0.7916666666666666","0.125","0.9375","3.9714766469582603","0.5","0.0425531914893617","0.8541666666666666"
"7x7","7x7-seeded-random","seeded-random","15","2","4","0.875","41","0.8541666666666666","0.7291666666666666","0.0625","0.9375","3.9824610644139042","1","0.06382978723404255","0.7083333333333334"
"7x7","7x7-seeded-random","seeded-random","16","2","3.7916666666666665","0.9166666666666666","43","0.8958333333333334","0.625","0.0625","0.8541666666666666","3.842250528863696","0.8","0.10638297872340426","0.6666666666666666"
"7x7","7x7-seeded-random","seeded-random","17","2","3.9791666666666665","0.9166666666666666","44","0.9166666666666666","0.8958333333333334","0.1875","0.875","3.951954488907521","1","0.10638297872340426","0.7083333333333334"
"7x7","7x7-seeded-random","seeded-random","18","2","3.9791666666666665","0.9375","45","0.9375","0.9166666666666666","0.2708333333333333","0.8541666666666666","3.9906068857043167","1","0.02127659574468085","0.8333333333333334"
"7x7","7x7-seeded-random","seeded-random","19","2","3.8541666666666665","0.9166666666666666","44","0.9166666666666666","0.9375","0.20833333333333334","0.9375","3.8324307812588794","1","0.0851063829787234","0.6875"
"7x7","7x7-seeded-random","seeded-random","20","2","3.75","0.8958333333333334","39","0.8125","0.8125","0.20833333333333334","0.8333333333333334","3.73481028791121","1","0.19148936170212766","0.6458333333333334"
"7x7","7x7-seeded-random","seeded-random","21","2","3.625","0.9166666666666666","42","0.875","0.6041666666666666","0.0625","0.8958333333333334","3.5579575444370763","0.7777777777777778","0.19148936170212766","0.5625"
"7x7","7x7-seeded-random","seeded-random","22","2","3.8958333333333335","0.8958333333333334","43","0.8958333333333334","0.8125","0.22916666666666666","0.8125","3.8702306187340714","1","0.02127659574468085","0.7916666666666666"
"7x7","7x7-seeded-random","seeded-random","23","2","3.8541666666666665","0.8541666666666666","40","0.8333333333333334","0.7708333333333334","0.125","0.9166666666666666","3.825416154128544","0.875","0.1702127659574468","0.6666666666666666"
"7x7","7x7-seeded-random","seeded-random","24","2","3.875","0.9375","45","0.9375","0.7708333333333334","0.10416666666666667","0.8541666666666666","3.899953525612686","1","0.10638297872340426","0.625"
"7x7","7x7-seeded-random","seeded-random","25","2","4.166666666666667","0.9375","45","0.9375","0.5833333333333334","0.0625","0.8125","4.198271814994647","1","0.10638297872340426","0.7291666666666666"
"7x7","7x7-seeded-random","seeded-random","26","2","3.625","0.8958333333333334","43","0.8958333333333334","0.8333333333333334","0.16666666666666666","0.8541666666666666","3.5970004195602474","1","0.14893617021276595","0.6458333333333334"
"7x7","7x7-seeded-random","seeded-random","27","2","4.270833333333333","0.9791666666666666","47","0.9791666666666666","0.75","0.14583333333333334","0.8958333333333334","4.223020067623174","0","0.02127659574468085","0.75"
"7x7","7x7-seeded-random","seeded-random","28","2","3.5416666666666665","0.8541666666666666","33","0.6875","0.75","0.16666666666666666","0.9375","3.6181927551238653","1","0.14893617021276595","0.6666666666666666"
"7x7","7x7-seeded-random","seeded-random","29","2","3.7708333333333335","0.9791666666666666","47","0.9791666666666666","0.8125","0.20833333333333334","0.8541666666666666","3.731922028675197","1","0.0851063829787234","0.7083333333333334"
"7x7","7x7-seeded-random","seeded-random","30","2","3.6666666666666665","0.9791666666666666","47","0.9791666666666666","0.7916666666666666","0.22916666666666666","0.9166666666666666","3.651412135058025","1","0.10638297872340426","0.7083333333333334"
"7x7","7x7-seeded-random","seeded-random","31","2","4","0.9166666666666666","41","0.8541666666666666","0.8333333333333334","0.16666666666666666","0.8958333333333334","3.981448170694639","1","0.02127659574468085","0.7708333333333334"
"7x7","7x7-seeded-random","seeded-random","32","2","3.625","0.9166666666666666","39","0.8125","0.6875","0.10416666666666667","0.7708333333333334","3.6273499739679766","1","0.2765957446808511","0.5"
"7x7","7x7-seeded-random","seeded-random","33","2","4.020833333333333","0.9375","45","0.9375","0.75","0.14583333333333334","0.9375","4.02324484343186","1","0.06382978723404255","0.6875"
"7x7","7x7-seeded-random","seeded-random","34","2","3.6875","0.9166666666666666","37","0.7708333333333334","0.7291666666666666","0.10416666666666667","0.8958333333333334","3.692138346852079","1","0.2127659574468085","0.5625"
"7x7","7x7-seeded-random","seeded-random","35","2","3.9166666666666665","0.9166666666666666","44","0.9166666666666666","0.8958333333333334","0.1875","0.8541666666666666","3.9293903245866897","1","0.06382978723404255","0.7708333333333334"
"7x7","7x7-seeded-random","seeded-random","36","2","3.8333333333333335","0.9375","43","0.8958333333333334","0.7291666666666666","0.125","0.7708333333333334","3.841338158382721","0.8","0.10638297872340426","0.6875"
"7x7","7x7-seeded-random","seeded-random","37","2","3.75","0.9375","41","0.8541666666666666","0.7708333333333334","0.14583333333333334","0.8958333333333334","3.754297085451028","1","0.0851063829787234","0.6666666666666666"
"7x7","7x7-seeded-random","seeded-random","38","2","3.5833333333333335","0.9166666666666666","42","0.875","0.5833333333333334","0.125","0.9166666666666666","3.5395343938425103","1","0.10638297872340426","0.6458333333333334"
"7x7","7x7-seeded-random","seeded-random","39","2","3.9583333333333335","0.9583333333333334","46","0.9583333333333334","0.8333333333333334","0.1875","0.75","3.986569175412413","1","0.0425531914893617","0.75"
"7x7","7x7-seeded-random","seeded-random","40","2","4.041666666666667","0.9583333333333334","46","0.9583333333333334","0.875","0.16666666666666666","0.8541666666666666","4.023673192378033","1","0.0425531914893617","0.7916666666666666"
"7x7","7x7-seeded-random","seeded-random","41","2","3.7708333333333335","0.9583333333333334","46","0.9583333333333334","0.6041666666666666","0.0625","0.8958333333333334","3.7542515786056203","0.9","0.2127659574468085","0.5"
"7x7","7x7-seeded-random","seeded-random","42","2","3.9791666666666665","0.9583333333333334","46","0.9583333333333334","0.7708333333333334","0.08333333333333333","0.7916666666666666","3.9667758799036985","1","0.10638297872340426","0.6666666666666666"
"7x7","7x7-seeded-random","seeded-random","43","2","3.875","0.9166666666666666","41","0.8541666666666666","0.6875","0.125","0.8125","3.8319140900037514","0.8333333333333334","0.1276595744680851","0.6875"
"7x7","7x7-seeded-random","seeded-random","44","2","3.2291666666666665","0.875","23","0.4791666666666667","0.9375","0.20833333333333334","0.8958333333333334","3.22084354396795","0.8","0.10638297872340426","0.7083333333333334"
"7x7","7x7-seeded-random","seeded-random","45","2","3.8125","0.9583333333333334","46","0.9583333333333334","0.7916666666666666","0.10416666666666667","0.9375","3.678384376689608","0.6666666666666666","0.06382978723404255","0.6875"
"7x7","7x7-seeded-random","seeded-random","46","2","4.229166666666667","0.9791666666666666","47","0.9791666666666666","0.7708333333333334","0.14583333333333334","0.9166666666666666","4.243035100128844","1","0.02127659574468085","0.8333333333333334"
"7x7","7x7-seeded-random","seeded-random","47","2","3.7708333333333335","0.8541666666666666","41","0.8541666666666666","0.625","0.0625","0.9166666666666666","3.837803600495435","0.8333333333333334","0.1276595744680851","0.625"
"7x7","7x7-seeded-random","seeded-random","48","2","4.104166666666667","0.9375","42","0.875","0.7916666666666666","0.08333333333333333","0.9375","4.155275926726742","1","0.02127659574468085","0.7916666666666666"
"7x7","7x7-seeded-random","seeded-random","49","2","4.0625","0.9166666666666666","44","0.9166666666666666","0.6666666666666666","0.08333333333333333","0.7708333333333334","4.105500053153667","0.875","0.1702127659574468","0.5625"
"7x7","7x7-seeded-random","seeded-random","50","2","4.145833333333333","0.9583333333333334","46","0.9583333333333334","0.8333333333333334","0.16666666666666666","0.9166666666666666","4.028768194833061","","0","0.7708333333333334"
"7x7","7x7-seeded-random","seeded-random","51","2","4.125","0.9583333333333334","46","0.9583333333333334","0.7708333333333334","0.125","0.8125","4.091576160165134","1","0.0425531914893617","0.7291666666666666"
"7x7","7x7-seeded-random","seeded-random","52","2","4.145833333333333","0.9583333333333334","46","0.9583333333333334","0.7291666666666666","0.08333333333333333","0.7916666666666666","4.191964621236941","1","0.0425531914893617","0.7708333333333334"
"7x7","7x7-seeded-random","seeded-random","53","2","3.4791666666666665","0.875","42","0.875","0.9166666666666666","0.1875","0.9375","3.530704104398895","0.8","0.10638297872340426","0.6666666666666666"
"7x7","7x7-seeded-random","seeded-random","54","2","3.8125","0.9375","45","0.9375","0.7708333333333334","0.125","0.8541666666666666","3.786683751334352","0.75","0.0851063829787234","0.6666666666666666"
"7x7","7x7-seeded-random","seeded-random","55","2","4.083333333333333","0.9583333333333334","46","0.9583333333333334","0.9166666666666666","0.1875","0.7708333333333334","4.071564490755119","","0","0.75"
"7x7","7x7-seeded-random","seeded-random","56","2","4.125","0.8958333333333334","39","0.8125","0.7291666666666666","0.125","0.8125","4.141207968038357","1","0.06382978723404255","0.7708333333333334"
"7x7","7x7-seeded-random","seeded-random","57","2","3.4375","0.875","42","0.875","0.6041666666666666","0.041666666666666664","0.8958333333333334","3.5786242984890575","1","0.0851063829787234","0.5833333333333334"
"7x7","7x7-seeded-random","seeded-random","58","2","3.3541666666666665","0.9583333333333334","46","0.9583333333333334","0.5833333333333334","0.08333333333333333","0.7916666666666666","3.3474929327961402","1","0.06382978723404255","0.6458333333333334"
"7x7","7x7-seeded-random","seeded-random","59","2","4.291666666666667","0.9375","45","0.9375","0.875","0.125","0.8958333333333334","4.276424018277647","1","0.0425531914893617","0.8125"
"7x7","7x7-seeded-random","seeded-random","60","2","3.8333333333333335","0.875","42","0.875","0.625","0.0625","0.8958333333333334","3.832459606709189","0.6","0.10638297872340426","0.6666666666666666"
"7x7","7x7-seeded-random","seeded-random","61","2","3.8125","0.9583333333333334","44","0.9166666666666666","0.8333333333333334","0.14583333333333334","0.8125","3.712917836212391","1","0.0851063829787234","0.625"
"7x7","7x7-seeded-random","seeded-random","62","2","4.145833333333333","0.9583333333333334","46","0.9583333333333334","0.7083333333333334","0.041666666666666664","0.9375","4.159560945561577","1","0.0851063829787234","0.6666666666666666"
"7x7","7x7-seeded-random","seeded-random","63","2","4.145833333333333","0.9791666666666666","47","0.9791666666666666","0.6875","0.08333333333333333","0.8333333333333334","4.15749788221878","1","0.06382978723404255","0.6666666666666666"
"7x7","7x7-seeded-random","seeded-random","64","2","3.5833333333333335","0.9375","44","0.9166666666666666","0.7916666666666666","0.14583333333333334","0.8958333333333334","3.6178453128202293","0.8571428571428571","0.14893617021276595","0.5625"
"7x7","7x7-seeded-random","seeded-random","65","2","4.25","0.9375","45","0.9375","0.7916666666666666","0.16666666666666666","0.7916666666666666","4.246222967776748","1","0.0425531914893617","0.8125"
"7x7","7x7-seeded-random","seeded-random","66","2","3.7083333333333335","0.9583333333333334","46","0.9583333333333334","1.0208333333333333","0.25","0.8958333333333334","3.729479799156338","1","0.02127659574468085","0.7708333333333334"
"7x7","7x7-seeded-random","seeded-random","67","2","3.2708333333333335","0.7916666666666666","30","0.625","0.7708333333333334","0.0625","0.8958333333333334","3.2265937779265053","0.6666666666666666","0.06382978723404255","0.6666666666666666"
"7x7","7x7-seeded-random","seeded-random","68","2","4","0.9375","45","0.9375","0.75","0.08333333333333333","0.7916666666666666","4.042273719261649","1","0.06382978723404255","0.6875"
"7x7","7x7-seeded-random","seeded-random","69","2","3.8541666666666665","0.9166666666666666","44","0.9166666666666666","0.875","0.1875","0.8125","3.91938223367305","0.8571428571428571","0.14893617021276595","0.6666666666666666"
"7x7","7x7-seeded-random","seeded-random","70","2","4.145833333333333","0.9791666666666666","47","0.9791666666666666","0.9166666666666666","0.22916666666666666","0.875","4.2451665647947","0.75","0.0851063829787234","0.7708333333333334"
"7x7","7x7-seeded-random","seeded-random","71","2","3.8541666666666665","0.8541666666666666","38","0.7916666666666666","0.75","0.10416666666666667","0.9166666666666666","3.870187838269816","0.6666666666666666","0.06382978723404255","0.7291666666666666"
"7x7","7x7-seeded-random","seeded-random","72","2","3.6666666666666665","0.9791666666666666","47","0.9791666666666666","0.7083333333333334","0.10416666666666667","0.8333333333333334","3.616554641071213","1","0.1702127659574468","0.6041666666666666"
"7x7","7x7-seeded-random","seeded-random","73","2","4.0625","0.9791666666666666","47","0.9791666666666666","0.6875","0.125","0.875","4.032645796711449","1","0.06382978723404255","0.7291666666666666"
"7x7","7x7-seeded-random","seeded-random","74","2","3.8125","0.9375","45","0.9375","0.625","0.08333333333333333","0.8541666666666666","3.777747314821931","1","0.14893617021276595","0.6041666666666666"
"7x7","7x7-seeded-random","seeded-random","75","2","3.5416666666666665","0.9375","45","0.9375","0.7708333333333334","0.1875","0.8541666666666666","3.401063194761927","1","0.1276595744680851","0.75"
"7x7","7x7-seeded-random","seeded-random","76","2","3.6875","0.9166666666666666","44","0.9166666666666666","0.9375","0.20833333333333334","0.8958333333333334","3.6638248071973263","1","0.02127659574468085","0.7291666666666666"
"7x7","7x7-seeded-random","seeded-random","77","2","3.6875","0.9166666666666666","44","0.9166666666666666","0.7708333333333334","0.1875","0.7083333333333334","3.6449917544505803","1","0.06382978723404255","0.7708333333333334"
"7x7","7x7-seeded-random","seeded-random","78","2","3.8541666666666665","0.9791666666666666","47","0.9791666666666666","0.7916666666666666","0.14583333333333334","0.8541666666666666","3.8009732578819757","1","0.02127659574468085","0.8541666666666666"
"7x7","7x7-seeded-random","seeded-random","79","2","4.020833333333333","0.9166666666666666","42","0.875","0.7083333333333334","0.14583333333333334","0.6666666666666666","4.063068737447066","0.75","0.0851063829787234","0.7083333333333334"
"7x7","7x7-seeded-random","seeded-random","80","2","3.8333333333333335","0.875","42","0.875","0.7916666666666666","0.16666666666666666","0.8958333333333334","3.9034260567289394","1","0.0851063829787234","0.75"
"7x7","7x7-seeded-random","seeded-random","81","2","3.8541666666666665","0.9166666666666666","43","0.8958333333333334","0.5416666666666666","0.10416666666666667","0.7916666666666666","3.8493115265505864","0.75","0.0851063829787234","0.6666666666666666"
"7x7","7x7-seeded-random","seeded-random","82","2","4.083333333333333","0.9166666666666666","44","0.9166666666666666","0.5416666666666666","0.10416666666666667","0.8333333333333334","4.094356160379652","1","0.0851063829787234","0.7083333333333334"
"7x7","7x7-seeded-random","seeded-random","83","2","3.8333333333333335","0.9583333333333334","46","0.9583333333333334","0.8541666666666666","0.16666666666666666","0.9166666666666666","3.832034083333395","0.8571428571428571","0.14893617021276595","0.6041666666666666"
"7x7","7x7-seeded-random","seeded-random","84","2","4.020833333333333","0.9375","43","0.8958333333333334","0.6458333333333334","0.125","0.8541666666666666","3.9741548495120633","1","0.19148936170212766","0.625"
"7x7","7x7-seeded-random","seeded-random","85","2","3.75","0.9375","45","0.9375","0.7291666666666666","0.10416666666666667","0.8958333333333334","3.6617355266948315","0.5","0.0425531914893617","0.7083333333333334"
"7x7","7x7-seeded-random","seeded-random","86","2","3.8333333333333335","0.9583333333333334","42","0.875","0.75","0.125","0.875","3.855561917777621","1","0.06382978723404255","0.6458333333333334"
"7x7","7x7-seeded-random","seeded-random","87","2","4.020833333333333","0.9375","45","0.9375","0.8541666666666666","0.1875","0.8541666666666666","4.008664019368631","1","0.1276595744680851","0.6875"
"7x7","7x7-seeded-random","seeded-random","88","2","4.166666666666667","0.9583333333333334","46","0.9583333333333334","0.8125","0.10416666666666667","0.7708333333333334","4.1532324581455144","1","0.0425531914893617","0.7291666666666666"
"7x7","7x7-seeded-random","seeded-random","89","2","3.7291666666666665","0.9166666666666666","44","0.9166666666666666","0.75","0.1875","0.75","3.79737945395482","1","0.10638297872340426","0.7291666666666666"
"7x7","7x7-seeded-random","seeded-random","90","2","4.041666666666667","0.9583333333333334","46","0.9583333333333334","0.7916666666666666","0.10416666666666667","0.8958333333333334","3.9998775770502055","0.5","0.0851063829787234","0.7083333333333334"
"7x7","7x7-seeded-random","seeded-random","91","2","4.125","0.9583333333333334","46","0.9583333333333334","1.0208333333333333","0.3125","0.75","4.152763354424511","1","0.02127659574468085","0.8125"
"7x7","7x7-seeded-random","seeded-random","92","2","3.6041666666666665","0.9166666666666666","39","0.8125","0.7916666666666666","0.14583333333333334","0.7291666666666666","3.6012104136644862","1","0.14893617021276595","0.625"
"7x7","7x7-seeded-random","seeded-random","93","2","4.083333333333333","0.9375","45","0.9375","0.7708333333333334","0.14583333333333334","0.8333333333333334","3.959759266326934","1","0.0851063829787234","0.75"
"7x7","7x7-seeded-random","seeded-random","94","2","4.125","0.9375","43","0.8958333333333334","0.8541666666666666","0.1875","0.6666666666666666","4.17158110892591","0.8","0.10638297872340426","0.75"
"7x7","7x7-seeded-random","seeded-random","95","2","3.8958333333333335","0.9583333333333334","46","0.9583333333333334","0.8541666666666666","0.20833333333333334","0.8125","3.8379130650037943","1","0.0425531914893617","0.7291666666666666"
"7x7","7x7-seeded-random","seeded-random","96","2","4.083333333333333","0.9583333333333334","43","0.8958333333333334","0.875","0.14583333333333334","0.8125","4.049661613271123","1","0.02127659574468085","0.7916666666666666"
"7x7","7x7-seeded-random","seeded-random","97","2","4.083333333333333","0.9583333333333334","46","0.9583333333333334","0.9166666666666666","0.20833333333333334","0.8333333333333334","4.037991221973629","1","0.02127659574468085","0.75"
"7x7","7x7-seeded-random","seeded-random","98","2","3.9375","0.9375","45","0.9375","0.6666666666666666","0.08333333333333333","0.8958333333333334","3.99463401952449","0.5","0.1276595744680851","0.6666666666666666"
"7x7","7x7-seeded-random","seeded-random","99","2","3.8125","0.9166666666666666","44","0.9166666666666666","0.8333333333333334","0.16666666666666666","0.8333333333333334","3.799519974640051","1","0.02127659574468085","0.75"
"7x7","7x7-seeded-random","seeded-random","100","2","4.041666666666667","0.9375","42","0.875","0.6041666666666666","0.0625","0.8333333333333334","4.038142030609274","1","0.02127659574468085","0.6875"
"7x7","7x7-uct-0100","uct-0100","1","2","3.9166666666666665","0.9375","45","0.9375","0.875","0.16666666666666666","0.8125","3.9032281561191593","0.6666666666666666","0.06382978723404255","0.7916666666666666"
"7x7","7x7-uct-0100","uct-0100","2","2","3.3125","0.8541666666666666","30","0.625","0.8125","0.16666666666666666","0.9375","3.3146413982477725","1","0.14893617021276595","0.625"
"7x7","7x7-uct-0100","uct-0100","3","2","3.7708333333333335","0.9583333333333334","46","0.9583333333333334","0.6666666666666666","0.10416666666666667","0.7708333333333334","3.7428730296250956","1","0.10638297872340426","0.6666666666666666"
"7x7","7x7-uct-0100","uct-0100","4","2","3.6041666666666665","0.9375","45","0.9375","0.8333333333333334","0.16666666666666666","0.8333333333333334","3.5415834103329953","1","0.14893617021276595","0.6041666666666666"
"7x7","7x7-uct-0100","uct-0100","5","2","4","0.9583333333333334","46","0.9583333333333334","0.7291666666666666","0.16666666666666666","0.8958333333333334","3.9888014031157315","1","0.0851063829787234","0.7083333333333334"
"7x7","7x7-uct-0100","uct-0100","6","2","4.041666666666667","0.9583333333333334","46","0.9583333333333334","0.625","0.0625","0.9166666666666666","4.1343669574181865","0.7142857142857143","0.14893617021276595","0.6041666666666666"
"7x7","7x7-uct-0100","uct-0100","7","2","3.9583333333333335","0.9375","45","0.9375","0.6875","0.125","0.9166666666666666","4.016331194886439","1","0.06382978723404255","0.7291666666666666"
"7x7","7x7-uct-0100","uct-0100","8","2","4","0.9166666666666666","42","0.875","0.5625","0.08333333333333333","0.8541666666666666","3.9915038363783872","0.8333333333333334","0.1276595744680851","0.6041666666666666"
"7x7","7x7-uct-0100","uct-0100","9","2","3.9166666666666665","0.9375","45","0.9375","0.7916666666666666","0.125","0.875","3.863243998805432","1","0.06382978723404255","0.7708333333333334"
"7x7","7x7-uct-0100","uct-0100","10","2","3.9791666666666665","0.9791666666666666","47","0.9791666666666666","0.9375","0.25","0.8333333333333334","3.9084762601409526","1","0.1276595744680851","0.7083333333333334"
"7x7","7x7-uct-0100","uct-0100","11","2","3.1875","0.8958333333333334","42","0.875","0.6875","0.14583333333333334","0.8333333333333334","3.1239912673956045","1","0.1276595744680851","0.6666666666666666"
"7x7","7x7-uct-0100","uct-0100","12","2","3.8958333333333335","0.9375","45","0.9375","0.6875","0.16666666666666666","0.7916666666666666","3.8609635170696825","1","0.14893617021276595","0.6458333333333334"
"7x7","7x7-uct-0100","uct-0100","13","2","3.9791666666666665","0.9583333333333334","44","0.9166666666666666","0.8541666666666666","0.22916666666666666","0.8333333333333334","4.034422676071559","1","0.06382978723404255","0.7291666666666666"
"7x7","7x7-uct-0100","uct-0100","14","2","3.625","0.875","42","0.875","0.625","0.08333333333333333","0.8958333333333334","3.6304862656340173","1","0.2127659574468085","0.6041666666666666"
"7x7","7x7-uct-0100","uct-0100","15","2","3.7083333333333335","0.875","41","0.8541666666666666","0.875","0.14583333333333334","0.8958333333333334","3.7180528070492085","1","0.1276595744680851","0.6458333333333334"
"7x7","7x7-uct-0100","uct-0100","16","2","3.75","0.8541666666666666","39","0.8125","0.6458333333333334","0.125","0.9375","3.82819698570286","1","0.02127659574468085","0.75"
"7x7","7x7-uct-0100","uct-0100","17","2","4.041666666666667","0.8958333333333334","43","0.8958333333333334","0.6666666666666666","0.08333333333333333","0.875","4.110202765040793","1","0.0425531914893617","0.8125"
"7x7","7x7-uct-0100","uct-0100","18","2","4.208333333333333","0.9791666666666666","47","0.9791666666666666","0.9583333333333334","0.20833333333333334","0.9166666666666666","4.183487432587361","0.5","0.0851063829787234","0.7708333333333334"
"7x7","7x7-uct-0100","uct-0100","19","2","3.8333333333333335","0.9583333333333334","46","0.9583333333333334","0.5833333333333334","0.0625","0.8958333333333334","3.7753427421085877","1","0.14893617021276595","0.6458333333333334"
"7x7","7x7-uct-0100","uct-0100","20","2","3.6666666666666665","0.875","38","0.7916666666666666","0.8125","0.10416666666666667","0.8541666666666666","3.634799890094936","0.6666666666666666","0.06382978723404255","0.6875"
"7x7","7x7-uct-0100","uct-0100","21","2","4.083333333333333","0.9375","45","0.9375","0.9583333333333334","0.20833333333333334","0.8541666666666666","4.047682854112266","1","0.02127659574468085","0.7916666666666666"
"7x7","7x7-uct-0100","uct-0100","22","2","3.8958333333333335","0.9375","45","0.9375","0.8541666666666666","0.1875","0.6041666666666666","3.9198346438436795","0.8333333333333334","0.1276595744680851","0.6666666666666666"
"7x7","7x7-uct-0100","uct-0100","23","2","3.5","0.8958333333333334","40","0.8333333333333334","0.8125","0.14583333333333334","0.8125","3.5813071328516393","1","0.1702127659574468","0.625"
"7x7","7x7-uct-0100","uct-0100","24","2","3.8333333333333335","0.9166666666666666","42","0.875","0.7916666666666666","0.1875","0.8541666666666666","3.7461136395075676","1","0.06382978723404255","0.7291666666666666"
"7x7","7x7-uct-0100","uct-0100","25","2","3.7708333333333335","0.9166666666666666","44","0.9166666666666666","0.7916666666666666","0.125","0.875","3.7450912630792814","0.8","0.10638297872340426","0.7083333333333334"
"7x7","7x7-uct-0100","uct-0100","26","2","4.166666666666667","0.9791666666666666","47","0.9791666666666666","0.8333333333333334","0.1875","0.8125","4.0965343598099855","1","0.06382978723404255","0.75"
"7x7","7x7-uct-0100","uct-0100","27","2","3.8958333333333335","0.9166666666666666","44","0.9166666666666666","0.6875","0.0625","0.8333333333333334","3.915613503306457","0.8333333333333334","0.1276595744680851","0.6458333333333334"
"7x7","7x7-uct-0100","uct-0100","28","2","3.9375","0.9375","45","0.9375","0.7083333333333334","0.10416666666666667","0.8541666666666666","3.945874910490931","1","0.0425531914893617","0.7291666666666666"
"7x7","7x7-uct-0100","uct-0100","29","2","3.4791666666666665","0.8541666666666666","36","0.75","0.6041666666666666","0.041666666666666664","0.875","3.4716970382432524","1","0.06382978723404255","0.7291666666666666"
"7x7","7x7-uct-0100","uct-0100","30","2","3.5416666666666665","0.9166666666666666","43","0.8958333333333334","0.8125","0.0625","0.8333333333333334","3.4080416421514763","0.8888888888888888","0.19148936170212766","0.5833333333333334"
"7x7","7x7-uct-0100","uct-0100","31","2","4.020833333333333","0.9583333333333334","46","0.9583333333333334","0.7916666666666666","0.22916666666666666","0.4791666666666667","4.076367339020992","0.8","0.10638297872340426","0.6875"
"7x7","7x7-uct-0100","uct-0100","32","2","3.8333333333333335","0.9375","45","0.9375","0.6875","0.020833333333333332","0.8958333333333334","3.903550292280802","1","0.2127659574468085","0.625"
"7x7","7x7-uct-0100","uct-0100","33","2","3.7083333333333335","0.9375","43","0.8958333333333334","0.8541666666666666","0.16666666666666666","0.8333333333333334","3.6665030542574715","0.6666666666666666","0.06382978723404255","0.6666666666666666"
"7x7","7x7-uct-0100","uct-0100","34","2","3.6041666666666665","0.8958333333333334","43","0.8958333333333334","0.7916666666666666","0.16666666666666666","0.8541666666666666","3.6266605966732834","1","0.14893617021276595","0.7083333333333334"
"7x7","7x7-uct-0100","uct-0100","35","2","4.208333333333333","0.9166666666666666","44","0.9166666666666666","0.6666666666666666","0.14583333333333334","0.8541666666666666","4.2197036870147695","1","0.06382978723404255","0.75"
"7x7","7x7-uct-0100","uct-0100","36","2","4.083333333333333","0.9375","41","0.8541666666666666","0.7291666666666666","0.14583333333333334","0.75","4.188126441929189","1","0.02127659574468085","0.75"
"7x7","7x7-uct-0100","uct-0100","37","2","4.145833333333333","0.8958333333333334","43","0.8958333333333334","0.875","0.1875","0.8958333333333334","4.161865852800349","1","0.06382978723404255","0.7708333333333334"
"7x7","7x7-uct-0100","uct-0100","38","2","3.9583333333333335","0.875","42","0.875","0.75","0.10416666666666667","0.9166666666666666","3.9989913919840365","1","0.06382978723404255","0.7916666666666666"
"7x7","7x7-uct-0100","uct-0100","39","2","3.75","0.8958333333333334","43","0.8958333333333334","0.8125","0.14583333333333334","0.875","3.7368206521833938","0.75","0.0851063829787234","0.7291666666666666"
"7x7","7x7-uct-0100","uct-0100","40","2","3.9791666666666665","0.9375","38","0.7916666666666666","0.9166666666666666","0.1875","0.875","4.003969818384726","0.8","0.10638297872340426","0.7083333333333334"
"7x7","7x7-uct-0100","uct-0100","41","2","3.7916666666666665","0.9791666666666666","47","0.9791666666666666","0.9583333333333334","0.20833333333333334","0.9166666666666666","3.7092001361229308","1","0.0425531914893617","0.7708333333333334"
"7x7","7x7-uct-0100","uct-0100","42","2","3.9791666666666665","0.9166666666666666","41","0.8541666666666666","0.8541666666666666","0.1875","0.8125","3.980208334033525","0.3333333333333333","0.06382978723404255","0.7291666666666666"
"7x7","7x7-uct-0100","uct-0100","43","2","3.7708333333333335","0.9791666666666666","47","0.9791666666666666","0.9583333333333334","0.22916666666666666","0.8958333333333334","3.685067551360511","1","0.02127659574468085","0.7916666666666666"
"7x7","7x7-uct-0100","uct-0100","44","2","4.083333333333333","0.8958333333333334","43","0.8958333333333334","0.8333333333333334","0.16666666666666666","0.8125","4.135669847431277","1","0.10638297872340426","0.7916666666666666"
"7x7","7x7-uct-0100","uct-0100","45","2","3.9583333333333335","0.9791666666666666","47","0.9791666666666666","0.8541666666666666","0.16666666666666666","0.8958333333333334","3.9771930832088938","1","0.0425531914893617","0.6875"
"7x7","7x7-uct-0100","uct-0100","46","2","3.7916666666666665","0.875","40","0.8333333333333334","0.7291666666666666","0.125","0.8958333333333334","3.8175167841943596","0.6666666666666666","0.1276595744680851","0.7083333333333334"
"7x7","7x7-uct-0100","uct-0100","47","2","3.9375","0.9583333333333334","46","0.9583333333333334","0.9166666666666666","0.1875","0.8541666666666666","3.9133151361648157","","0","0.7291666666666666"
"7x7","7x7-uct-0100","uct-0100","48","2","4.083333333333333","0.9791666666666666","47","0.9791666666666666","0.7083333333333334","0.16666666666666666","0.875","4.0896967015537875","1","0.10638297872340426","0.6875"
"7x7","7x7-uct-0100","uct-0100","49","2","3.9166666666666665","0.9166666666666666","42","0.875","0.7291666666666666","0.14583333333333334","0.8958333333333334","3.9328305415035114","0.5","0.0425531914893617","0.75"
"7x7","7x7-uct-0100","uct-0100","50","2","3.6875","0.8541666666666666","36","0.75","0.8125","0.10416666666666667","0.8541666666666666","3.7286983903360778","1","0.06382978723404255","0.7291666666666666"
"7x7","7x7-uct-0500","uct-0500","1","2","3.2083333333333335","0.875","41","0.8541666666666666","0.75","0.14583333333333334","0.8541666666666666","3.098990706840004","0.7142857142857143","0.14893617021276595","0.625"
"7x7","7x7-uct-0500","uct-0500","2","2","3.8125","0.9583333333333334","43","0.8958333333333334","0.7291666666666666","0.16666666666666666","0.875","3.956582266421094","0.6666666666666666","0.1276595744680851","0.5833333333333334"
"7x7","7x7-uct-0500","uct-0500","3","2","3.6875","0.9166666666666666","43","0.8958333333333334","0.5625","0.041666666666666664","0.875","3.7195228409652574","1","0.19148936170212766","0.5833333333333334"
"7x7","7x7-uct-0500","uct-0500","4","2","3.9583333333333335","0.9375","45","0.9375","0.7708333333333334","0.16666666666666666","0.875","3.890366086809359","0.75","0.0851063829787234","0.75"
"7x7","7x7-uct-0500","uct-0500","5","2","4.083333333333333","0.9166666666666666","42","0.875","0.6666666666666666","0.125","0.9166666666666666","4.19188999405504","1","0.06382978723404255","0.6875"
"7x7","7x7-uct-0500","uct-0500","6","2","3","0.8125","37","0.7708333333333334","0.6666666666666666","0.10416666666666667","0.8958333333333334","2.997464906727485","1","0.1702127659574468","0.5833333333333334"
"7x7","7x7-uct-0500","uct-0500","7","2","3.9583333333333335","0.9166666666666666","40","0.8333333333333334","0.8541666666666666","0.125","0.8541666666666666","4.0406854028657655","1","0.0851063829787234","0.7083333333333334"
"7x7","7x7-uct-0500","uct-0500","8","2","3.625","0.9166666666666666","40","0.8333333333333334","0.625","0.08333333333333333","0.9375","3.6047998927989604","0.8571428571428571","0.14893617021276595","0.6041666666666666"
"7x7","7x7-uct-0500","uct-0500","9","2","3.9375","0.9375","45","0.9375","0.7708333333333334","0.14583333333333334","0.8125","4.051079866457469","1","0.06382978723404255","0.7083333333333334"
"7x7","7x7-uct-0500","uct-0500","10","2","3.625","0.9375","26","0.5416666666666666","0.7083333333333334","0.10416666666666667","0.8958333333333334","3.585295959689153","0.6666666666666666","0.1276595744680851","0.6875"
"7x7","7x7-uct-0500","uct-0500","11","2","3.8541666666666665","0.9375","45","0.9375","0.9791666666666666","0.25","0.8541666666666666","3.888478601684891","1","0.10638297872340426","0.7916666666666666"
"7x7","7x7-uct-0500","uct-0500","12","2","3.625","0.875","42","0.875","0.75","0.125","0.9166666666666666","3.6771497428726696","1","0.1702127659574468","0.6666666666666666"
"7x7","7x7-uct-0500","uct-0500","13","2","3.375","0.875","40","0.8333333333333334","0.75","0.16666666666666666","0.9375","3.3562076090574426","0.9","0.2127659574468085","0.6041666666666666"
"7x7","7x7-uct-0500","uct-0500","14","2","3.8541666666666665","0.9583333333333334","46","0.9583333333333334","0.75","0.1875","0.875","3.7643522999544436","1","0.1702127659574468","0.6041666666666666"
"7x7","7x7-uct-0500","uct-0500","15","2","3.375","0.8958333333333334","38","0.7916666666666666","0.8958333333333334","0.1875","0.8958333333333334","3.285867011234741","1","0.1276595744680851","0.6458333333333334"
"7x7","7x7-uct-0500","uct-0500","16","2","3.6458333333333335","0.9166666666666666","42","0.875","0.8541666666666666","0.125","0.9166666666666666","3.6571325337481144","0.8333333333333334","0.1276595744680851","0.6666666666666666"
"7x7","7x7-uct-0500","uct-0500","17","2","3.9583333333333335","0.9375","45","0.9375","0.5416666666666666","0.10416666666666667","0.8541666666666666","4.047232076041922","0.8888888888888888","0.19148936170212766","0.5416666666666666"
"7x7","7x7-uct-0500","uct-0500","18","2","3.0416666666666665","0.875","41","0.8541666666666666","0.8333333333333334","0.125","0.9375","2.9604577213557146","1","0.0851063829787234","0.7291666666666666"
"7x7","7x7-uct-0500","uct-0500","19","2","3.375","0.9583333333333334","46","0.9583333333333334","0.7083333333333334","0.125","0.875","3.3668844865083067","1","0.19148936170212766","0.6041666666666666"
"7x7","7x7-uct-0500","uct-0500","20","2","4.166666666666667","0.9166666666666666","44","0.9166666666666666","0.75","0.125","0.8958333333333334","4.205402720109542","1","0.0851063829787234","0.7708333333333334"
"7x7","7x7-uct-0500","uct-0500","21","2","4","0.9166666666666666","44","0.9166666666666666","0.6666666666666666","0.0625","0.8958333333333334","3.9928332494120196","1","0.0851063829787234","0.6875"
"7x7","7x7-uct-0500","uct-0500","22","2","3.8958333333333335","0.9583333333333334","46","0.9583333333333334","0.75","0.125","0.8958333333333334","4.0201202021589175","1","0.1702127659574468","0.625"
"7x7","7x7-uct-0500","uct-0500","23","2","3.7291666666666665","0.8958333333333334","25","0.5208333333333334","0.7083333333333334","0.10416666666666667","0.9375","3.76479479838173","0.75","0.0851063829787234","0.6666666666666666"
"7x7","7x7-uct-0500","uct-0500","24","2","4.270833333333333","0.9583333333333334","46","0.9583333333333334","0.5625","0.041666666666666664","0.9166666666666666","4.374840241770948","1","0.0425531914893617","0.7083333333333334"
"7x7","7x7-uct-0500","uct-0500","25","2","3.4583333333333335","0.875","21","0.4375","0.5208333333333334","0.08333333333333333","0.8958333333333334","3.44851382627482","0.875","0.1702127659574468","0.5833333333333334"
"7x7","7x7-uct-0500","uct-0500","26","2","2.9791666666666665","0.8333333333333334","34","0.7083333333333334","0.625","0.10416666666666667","0.8125","2.981111273535479","0.8571428571428571","0.14893617021276595","0.5833333333333334"
"7x7","7x7-uct-0500","uct-0500","27","2","4.104166666666667","0.9791666666666666","47","0.9791666666666666","0.8541666666666666","0.20833333333333334","0.7916666666666666","4.159825635375108","1","0.14893617021276595","0.7291666666666666"
"7x7","7x7-uct-0500","uct-0500","28","2","3.7083333333333335","0.8958333333333334","43","0.8958333333333334","0.6458333333333334","0.10416666666666667","0.9166666666666666","3.6906889133896987","1","0.19148936170212766","0.5625"
"7x7","7x7-uct-0500","uct-0500","29","2","3.5833333333333335","0.9375","45","0.9375","0.75","0.0625","0.8958333333333334","3.681608998449228","1","0.1276595744680851","0.6041666666666666"
"7x7","7x7-uct-0500","uct-0500","30","2","3","0.875","28","0.5833333333333334","0.7083333333333334","0.0625","0.9166666666666666","2.880994964273409","1","0.10638297872340426","0.5416666666666666"
"7x7","7x7-uct-0500","uct-0500","31","2","3.5208333333333335","0.875","42","0.875","0.75","0.1875","0.9166666666666666","3.5616566970857204","1","0.0851063829787234","0.6458333333333334"
"7x7","7x7-uct-0500","uct-0500","32","2","3.8125","0.9583333333333334","46","0.9583333333333334","0.8958333333333334","0.25","0.8125","3.820854601813293","0.8","0.10638297872340426","0.6875"
"7x7","7x7-uct-0500","uct-0500","33","2","3.5","0.9375","45","0.9375","0.7916666666666666","0.125","0.8958333333333334","3.6229081001090275","1","0.02127659574468085","0.8125"
"7x7","7x7-uct-0500","uct-0500","34","2","3.2708333333333335","0.9583333333333334","44","0.9166666666666666","0.9166666666666666","0.20833333333333334","0.8958333333333334","3.280902196429602","0.6923076923076923","0.2765957446808511","0.5416666666666666"
"7x7","7x7-uct-0500","uct-0500","35","2","3.4375","0.9375","40","0.8333333333333334","0.8333333333333334","0.1875","0.8958333333333334","3.4840847859558295","1","0.1276595744680851","0.6458333333333334"
"7x7","7x7-uct-0500","uct-0500","36","2","3.8125","0.9791666666666666","47","0.9791666666666666","0.8333333333333334","0.20833333333333334","0.9375","3.8143597923139136","1","0.06382978723404255","0.7916666666666666"
"7x7","7x7-uct-0500","uct-0500","37","2","3.7083333333333335","0.8958333333333334","43","0.8958333333333334","0.6875","0.08333333333333333","0.8333333333333334","3.745838390001213","0.8333333333333334","0.1276595744680851","0.625"
"7x7","7x7-uct-0500","uct-0500","38","2","3.5","0.9583333333333334","46","0.9583333333333334","0.75","0.10416666666666667","0.8333333333333334","3.506592447618493","1","0.02127659574468085","0.7291666666666666"
"7x7","7x7-uct-0500","uct-0500","39","2","3.6875","0.875","42","0.875","0.625","0.10416666666666667","0.8541666666666666","3.6770226124255765","1","0.19148936170212766","0.5833333333333334"
"7x7","7x7-uct-0500","uct-0500","40","2","3.9791666666666665","0.9166666666666666","39","0.8125","0.6875","0.10416666666666667","0.8958333333333334","4.029048159619844","0.75","0.0851063829787234","0.7083333333333334"
"7x7","7x7-uct-0500","uct-0500","41","2","3.625","0.9583333333333334","46","0.9583333333333334","0.7916666666666666","0.14583333333333334","0.8125","3.611172579626723","1","0.0425531914893617","0.6875"
"7x7","7x7-uct-0500","uct-0500","42","2","3.2083333333333335","0.8333333333333334","24","0.5","0.6666666666666666","0.125","0.8125","3.2940238927749697","0.875","0.1702127659574468","0.625"
"7x7","7x7-uct-0500","uct-0500","43","2","3.9375","0.8958333333333334","42","0.875","0.6041666666666666","0.10416666666666667","0.9375","3.9477169260958527","1","0.14893617021276595","0.6666666666666666"
"7x7","7x7-uct-0500","uct-0500","44","2","3.6875","0.9583333333333334","46","0.9583333333333334","1.0625","0.3333333333333333","0.8541666666666666","3.8236008629629734","1","0.10638297872340426","0.6458333333333334"
"7x7","7x7-uct-0500","uct-0500","45","2","3.1875","0.9166666666666666","44","0.9166666666666666","0.6875","0.14583333333333334","0.9375","3.3242017467576015","0.7142857142857143","0.14893617021276595","0.625"
"7x7","7x7-uct-0500","uct-0500","46","2","3.6458333333333335","0.9583333333333334","46","0.9583333333333334","0.9791666666666666","0.22916666666666666","0.8125","3.6122630792966057","1","0.0851063829787234","0.6458333333333334"
"7x7","7x7-uct-0500","uct-0500","47","2","3.8125","0.9375","45","0.9375","0.5625","0.0625","0.9166666666666666","3.8491549735562436","1","0.1276595744680851","0.625"
"7x7","7x7-uct-0500","uct-0500","48","2","3.8333333333333335","0.9375","42","0.875","0.7708333333333334","0.08333333333333333","0.7916666666666666","3.8601846017598973","1","0.0425531914893617","0.6875"
"7x7","7x7-uct-0500","uct-0500","49","2","3.8333333333333335","0.9375","45","0.9375","0.75","0.14583333333333334","0.875","3.8322241743053547","0.6666666666666666","0.06382978723404255","0.6666666666666666"
"7x7","7x7-uct-0500","uct-0500","50","2","3","0.7916666666666666","35","0.7291666666666666","0.5625","0.041666666666666664","0.9375","2.966640947114511","1","0.14893617021276595","0.5625"
"7x7","7x7-uct-1000","uct-1000","1","2","3.8333333333333335","0.9166666666666666","44","0.9166666666666666","0.6458333333333334","0.08333333333333333","0.9375","3.9492786009507292","0.8888888888888888","0.19148936170212766","0.5625"
"7x7","7x7-uct-1000","uct-1000","2","2","3.7083333333333335","0.8541666666666666","41","0.8541666666666666","0.6875","0.041666666666666664","0.9375","3.717636473890574","0.6666666666666666","0.1276595744680851","0.6041666666666666"
"7x7","7x7-uct-1000","uct-1000","3","2","3.4791666666666665","0.9166666666666666","43","0.8958333333333334","0.7291666666666666","0.020833333333333332","0.875","3.5491169303195376","0.7777777777777778","0.19148936170212766","0.5833333333333334"
"7x7","7x7-uct-1000","uct-1000","4","2","3.4166666666666665","0.9583333333333334","46","0.9583333333333334","0.7083333333333334","0.020833333333333332","0.875","3.445825933019974","1","0.14893617021276595","0.5208333333333334"
"7x7","7x7-uct-1000","uct-1000","5","2","4.083333333333333","0.9583333333333334","46","0.9583333333333334","0.7708333333333334","0.10416666666666667","0.8541666666666666","4.084855043805573","0.75","0.0851063829787234","0.7291666666666666"
"7x7","7x7-uct-1000","uct-1000","6","2","3.3333333333333335","0.9166666666666666","39","0.8125","0.5","0.041666666666666664","0.8333333333333334","3.4455988033273632","1","0.1702127659574468","0.5833333333333334"
"7x7","7x7-uct-1000","uct-1000","7","2","3.75","0.9375","45","0.9375","0.9166666666666666","0.1875","0.8958333333333334","3.8432725637179135","0.6666666666666666","0.06382978723404255","0.75"
"7x7","7x7-uct-1000","uct-1000","8","2","3.2083333333333335","0.875","42","0.875","0.4791666666666667","0.020833333333333332","0.9375","3.246609968419309","1","0.2553191489361702","0.5"
"7x7","7x7-uct-1000","uct-1000","9","2","3.7916666666666665","0.9375","45","0.9375","0.75","0.08333333333333333","0.8958333333333334","3.8481669141070003","0.7777777777777778","0.19148936170212766","0.6041666666666666"
"7x7","7x7-uct-1000","uct-1000","10","2","3.6666666666666665","0.9166666666666666","42","0.875","0.5625","0.08333333333333333","0.8958333333333334","3.883016014590114","1","0.10638297872340426","0.5833333333333334"
"7x7","7x7-uct-1000","uct-1000","11","2","3.7291666666666665","0.9375","35","0.7291666666666666","0.625","0.041666666666666664","0.9375","3.731755656618126","1","0.1276595744680851","0.6666666666666666"
"7x7","7x7-uct-1000","uct-1000","12","2","3.3541666666666665","0.8958333333333334","40","0.8333333333333334","0.75","0.1875","0.8541666666666666","3.3706449555356426","1","0.14893617021276595","0.6458333333333334"
"7x7","7x7-uct-1000","uct-1000","13","2","3.5416666666666665","0.9791666666666666","47","0.9791666666666666","0.7916666666666666","0.125","0.9375","3.5903740852325843","0.8888888888888888","0.19148936170212766","0.5833333333333334"
"7x7","7x7-uct-1000","uct-1000","14","2","3.5","0.9375","45","0.9375","0.6041666666666666","0.08333333333333333","0.9375","3.4287937771770185","0.8","0.2127659574468085","0.5833333333333334"
"7x7","7x7-uct-1000","uct-1000","15","2","3.375","0.8958333333333334","43","0.8958333333333334","0.6666666666666666","0.0625","0.8333333333333334","3.4201658430682813","0.9090909090909091","0.23404255319148937","0.5"
"7x7","7x7-uct-1000","uct-1000","16","2","3.625","0.875","40","0.8333333333333334","0.6458333333333334","0.08333333333333333","0.8958333333333334","3.7579877079777355","1","0.0851063829787234","0.6041666666666666"
"7x7","7x7-uct-1000","uct-1000","17","2","3.5625","0.9166666666666666","44","0.9166666666666666","0.6666666666666666","0.14583333333333334","0.8541666666666666","3.676339006841923","1","0.10638297872340426","0.6666666666666666"
"7x7","7x7-uct-1000","uct-1000","18","2","3.6041666666666665","0.875","42","0.875","0.7916666666666666","0.1875","0.8958333333333334","3.6428559702998253","1","0.10638297872340426","0.625"
"7x7","7x7-uct-1000","uct-1000","19","2","3.0833333333333335","0.9166666666666666","33","0.6875","0.7083333333333334","0.14583333333333334","0.875","3.0939657804303353","1","0.23404255319148937","0.4791666666666667"
"7x7","7x7-uct-1000","uct-1000","20","2","3.9583333333333335","0.9583333333333334","46","0.9583333333333334","0.9375","0.20833333333333334","0.8958333333333334","4.049168141948264","0.6666666666666666","0.06382978723404255","0.75"
"7x7","7x7-uct-1000","uct-1000","21","2","3.8958333333333335","0.9375","43","0.8958333333333334","0.7083333333333334","0.10416666666666667","0.9166666666666666","3.9625000542692153","1","0.10638297872340426","0.6875"
"7x7","7x7-uct-1000","uct-1000","22","2","4.166666666666667","0.9375","41","0.8541666666666666","0.8541666666666666","0.20833333333333334","0.9166666666666666","4.2445324001636315","0.5","0.0425531914893617","0.7708333333333334"
"7x7","7x7-uct-1000","uct-1000","23","2","3.5833333333333335","0.875","42","0.875","0.5","0.125","0.8958333333333334","3.5923478186631","1","0.2127659574468085","0.5625"
"7x7","7x7-uct-1000","uct-1000","24","2","4","0.9583333333333334","46","0.9583333333333334","0.6458333333333334","0.10416666666666667","0.875","4.123310775572692","0","0.0425531914893617","0.7291666666666666"
"7x7","7x7-uct-1000","uct-1000","25","2","3.4166666666666665","0.9375","45","0.9375","0.9166666666666666","0.20833333333333334","0.8541666666666666","3.6478590713649703","0.8","0.2127659574468085","0.5833333333333334"
"7x7","7x7-uct-1000","uct-1000","26","2","3.3958333333333335","0.8333333333333334","38","0.7916666666666666","0.5208333333333334","0.0625","0.8958333333333334","3.3814257828288072","1","0.23404255319148937","0.5208333333333334"
"7x7","7x7-uct-1000","uct-1000","27","2","3.75","0.9791666666666666","47","0.9791666666666666","0.8125","0.14583333333333334","0.9375","3.7493230033209333","0.8","0.10638297872340426","0.625"
"7x7","7x7-uct-1000","uct-1000","28","2","3.5625","0.8958333333333334","40","0.8333333333333334","0.625","0.0625","0.8541666666666666","3.6554335251477843","0.875","0.1702127659574468","0.6041666666666666"
"7x7","7x7-uct-1000","uct-1000","29","2","3.0833333333333335","0.9166666666666666","39","0.8125","0.6458333333333334","0.125","0.9166666666666666","3.1912245643302537","0.8","0.2127659574468085","0.5625"
"7x7","7x7-uct-1000","uct-1000","30","2","3.6041666666666665","0.8958333333333334","41","0.8541666666666666","0.625","0.14583333333333334","0.8958333333333334","3.665096868293374","0.75","0.1702127659574468","0.6458333333333334"
"7x7","7x7-uct-1000","uct-1000","31","2","2.9375","0.875","40","0.8333333333333334","0.5416666666666666","0.041666666666666664","0.9375","2.891435843701025","1","0.14893617021276595","0.6041666666666666"
"7x7","7x7-uct-1000","uct-1000","32","2","3.625","0.8958333333333334","36","0.75","0.7083333333333334","0.08333333333333333","0.8958333333333334","3.6243498767998554","1","0.0851063829787234","0.6875"
"7x7","7x7-uct-1000","uct-1000","33","2","3.125","0.9166666666666666","44","0.9166666666666666","0.75","0.10416666666666667","0.9375","3.0713983617866334","0.5","0.2978723404255319","0.4583333333333333"
"7x7","7x7-uct-1000","uct-1000","34","2","3.4583333333333335","0.9166666666666666","44","0.9166666666666666","0.8958333333333334","0.1875","0.8125","3.356936760191654","1","0.14893617021276595","0.625"
"7x7","7x7-uct-1000","uct-1000","35","2","3.7708333333333335","0.9166666666666666","44","0.9166666666666666","0.6666666666666666","0.041666666666666664","0.9375","3.767845148934555","1","0.06382978723404255","0.7291666666666666"
"7x7","7x7-uct-1000","uct-1000","36","2","2.8125","0.8958333333333334","14","0.2916666666666667","0.6875","0.10416666666666667","0.8125","2.7251465773985677","1","0.14893617021276595","0.5833333333333334"
"7x7","7x7-uct-1000","uct-1000","37","2","3.7083333333333335","0.8958333333333334","43","0.8958333333333334","0.7291666666666666","0.10416666666666667","0.8958333333333334","3.763289839249412","1","0.10638297872340426","0.6041666666666666"
"7x7","7x7-uct-1000","uct-1000","38","2","3.4791666666666665","0.9375","45","0.9375","0.75","0.08333333333333333","0.8541666666666666","3.453292826905553","0.8","0.10638297872340426","0.6666666666666666"
"7x7","7x7-uct-1000","uct-1000","39","2","3.3958333333333335","0.9375","45","0.9375","0.625","0.08333333333333333","0.875","3.5522487010446877","1","0.14893617021276595","0.625"
"7x7","7x7-uct-1000","uct-1000","40","2","3.75","0.9583333333333334","46","0.9583333333333334","0.7708333333333334","0.125","0.8541666666666666","3.8153362198178877","0.875","0.1702127659574468","0.6041666666666666"
"7x7","7x7-uct-1000","uct-1000","41","2","4.145833333333333","0.9375","45","0.9375","0.8125","0.16666666666666666","0.8958333333333334","4.199008024056113","","0","0.8333333333333334"
"7x7","7x7-uct-1000","uct-1000","42","2","3.7708333333333335","0.9166666666666666","44","0.9166666666666666","0.9166666666666666","0.16666666666666666","0.9375","3.8367909488166116","0.5","0.0425531914893617","0.7083333333333334"
"7x7","7x7-uct-1000","uct-1000","43","2","3.6666666666666665","0.9583333333333334","46","0.9583333333333334","0.7916666666666666","0.10416666666666667","0.875","3.7855759436157257","0.8333333333333334","0.1276595744680851","0.5833333333333334"
"7x7","7x7-uct-1000","uct-1000","44","2","3.8333333333333335","0.9583333333333334","46","0.9583333333333334","0.6666666666666666","0.10416666666666667","0.8125","3.8924782169733865","1","0.2127659574468085","0.5625"
"7x7","7x7-uct-1000","uct-1000","45","2","3.5416666666666665","0.8958333333333334","41","0.8541666666666666","0.875","0.1875","0.9166666666666666","3.519337570528463","1","0.02127659574468085","0.7291666666666666"
"7x7","7x7-uct-1000","uct-1000","46","2","3.3125","0.9166666666666666","38","0.7916666666666666","0.7291666666666666","0.10416666666666667","0.8958333333333334","3.2916688016851228","0.6","0.10638297872340426","0.6458333333333334"
"7x7","7x7-uct-1000","uct-1000","47","2","3.4166666666666665","0.9166666666666666","44","0.9166666666666666","0.7083333333333334","0.14583333333333334","0.9375","3.5294130996588087","1","0.1276595744680851","0.6666666666666666"
"7x7","7x7-uct-1000","uct-1000","48","2","3.875","0.9583333333333334","46","0.9583333333333334","0.7708333333333334","0.14583333333333334","0.8958333333333334","3.971172394038715","1","0.0851063829787234","0.7083333333333334"
"7x7","7x7-uct-1000","uct-1000","49","2","2.7083333333333335","0.7708333333333334","37","0.7708333333333334","0.5625","0.08333333333333333","0.9375","2.6754985428232114","0.9","0.2127659574468085","0.5416666666666666"
"7x7","7x7-uct-1000","uct-1000","50","2","3.7291666666666665","0.9375","45","0.9375","0.6666666666666666","0.08333333333333333","0.9375","3.814770621372256","1","0.0425531914893617","0.6666666666666666"
"7x7","7x7-seeded-random","seeded-random","1","6","6.541666666666667","0.9583333333333334","46","0.9583333333333334","3.0208333333333335","0.875","0.7916666666666666","6.634922050354493","1","0.0425531914893617","0.7291666666666666"
"7x7","7x7-seeded-random","seeded-random","2","6","6.041666666666667","0.8958333333333334","43","0.8958333333333334","3.125","0.8958333333333334","0.875","6.067119253637276","1","0.0851063829787234","0.75"
"7x7","7x7-seeded-random","seeded-random","3","6","5.875","0.9375","45","0.9375","3.9166666666666665","0.9375","0.8958333333333334","5.917543894284022","0.3333333333333333","0.06382978723404255","0.75"
"7x7","7x7-seeded-random","seeded-random","4","6","6.75","0.9791666666666666","47","0.9791666666666666","3.4166666666666665","0.9375","0.875","6.738763208562255","1","0.10638297872340426","0.6458333333333334"
"7x7","7x7-seeded-random","seeded-random","5","6","5.979166666666667","0.9583333333333334","46","0.9583333333333334","3.2708333333333335","0.9375","0.875","6.009751396470055","1","0.06382978723404255","0.6666666666666666"
"7x7","7x7-seeded-random","seeded-random","6","6","6.458333333333333","0.9166666666666666","44","0.9166666666666666","3.1666666666666665","0.8541666666666666","0.8958333333333334","6.538282435088549","0.8333333333333334","0.1276595744680851","0.75"
"7x7","7x7-seeded-random","seeded-random","7","6","6.020833333333333","0.9583333333333334","46","0.9583333333333334","3.5833333333333335","0.9583333333333334","0.8541666666666666","5.984230846787619","1","0.06382978723404255","0.7083333333333334"
"7x7","7x7-seeded-random","seeded-random","8","6","6.666666666666667","0.9166666666666666","44","0.9166666666666666","3.5416666666666665","0.9166666666666666","0.875","6.726312951280878","0.5","0.0425531914893617","0.75"
"7x7","7x7-seeded-random","seeded-random","9","6","6.166666666666667","0.8958333333333334","43","0.8958333333333334","2.9166666666666665","0.8541666666666666","0.875","6.164219767004668","1","0.14893617021276595","0.625"
"7x7","7x7-seeded-random","seeded-random","10","6","6.75","0.9583333333333334","46","0.9583333333333334","3.2916666666666665","0.9375","0.8125","6.75238899567372","1","0.0851063829787234","0.7083333333333334"
"7x7","7x7-seeded-random","seeded-random","11","6","5.979166666666667","0.9375","45","0.9375","3.2916666666666665","0.9166666666666666","0.8958333333333334","5.980059094791277","1","0.0851063829787234","0.7708333333333334"
"7x7","7x7-seeded-random","seeded-random","12","6","6.75","0.9583333333333334","46","0.9583333333333334","3.1458333333333335","0.9166666666666666","0.8541666666666666","6.775931335059643","1","0.0851063829787234","0.7083333333333334"
"7x7","7x7-seeded-random","seeded-random","13","6","5.708333333333333","0.9375","45","0.9375","3.6041666666666665","0.9375","0.8125","5.6714829337868595","1","0.02127659574468085","0.7291666666666666"
"7x7","7x7-seeded-random","seeded-random","14","6","6.479166666666667","0.9583333333333334","46","0.9583333333333334","4.1875","0.9583333333333334","0.9375","6.457361487549663","0.5","0.0425531914893617","0.8541666666666666"
"7x7","7x7-seeded-random","seeded-random","15","6","6.666666666666667","0.9166666666666666","44","0.9166666666666666","3.4375","0.8958333333333334","0.9375","6.708130782795383","1","0.06382978723404255","0.7083333333333334"
"7x7","7x7-seeded-random","seeded-random","16","6","6.354166666666667","0.9583333333333334","46","0.9583333333333334","3.0833333333333335","0.9166666666666666","0.8541666666666666","6.400232295401398","0.8","0.10638297872340426","0.6666666666666666"
"7x7","7x7-seeded-random","seeded-random","17","6","6.5625","0.9166666666666666","44","0.9166666666666666","3.5625","0.8958333333333334","0.875","6.508153382032246","1","0.10638297872340426","0.7083333333333334"
"7x7","7x7-seeded-random","seeded-random","18","6","6.291666666666667","0.9375","45","0.9375","3.7916666666666665","0.9375","0.8541666666666666","6.30042626849368","1","0.02127659574468085","0.8333333333333334"
"7x7","7x7-seeded-random","seeded-random","19","6","6.416666666666667","0.9166666666666666","44","0.9166666666666666","3.125","0.8958333333333334","0.9375","6.4097605539385984","1","0.0851063829787234","0.6875"
"7x7","7x7-seeded-random","seeded-random","20","6","6.5625","0.9375","45","0.9375","3.5416666666666665","0.9166666666666666","0.8333333333333334","6.576068557092359","1","0.19148936170212766","0.6458333333333334"
"7x7","7x7-seeded-random","seeded-random","21","6","6.1875","0.9375","45","0.9375","2.625","0.875","0.8958333333333334","6.069547080193096","0.7777777777777778","0.19148936170212766","0.5625"
"7x7","7x7-seeded-random","seeded-random","22","6","6.354166666666667","0.8958333333333334","43","0.8958333333333334","3.4166666666666665","0.8958333333333334","0.8125","6.328733895735844","1","0.02127659574468085","0.7916666666666666"
"7x7","7x7-seeded-random","seeded-random","23","6","6.583333333333333","0.9375","45","0.9375","3.125","0.9375","0.9166666666666666","6.580480114368223","0.875","0.1702127659574468","0.6666666666666666"
"7x7","7x7-seeded-random","seeded-random","24","6","6.666666666666667","0.9375","45","0.9375","3.6666666666666665","0.9166666666666666","0.8541666666666666","6.699008463053788","1","0.10638297872340426","0.625"
"7x7","7x7-seeded-random","seeded-random","25","6","6.979166666666667","0.9375","45","0.9375","3.25","0.875","0.8125","7.037915783503255","1","0.10638297872340426","0.7291666666666666"
"7x7","7x7-seeded-random","seeded-random","26","6","6","0.8958333333333334","43","0.8958333333333334","3.3125","0.8958333333333334","0.8541666666666666","6.013511853391815","1","0.14893617021276595","0.6458333333333334"
"7x7","7x7-seeded-random","seeded-random","27","6","6.958333333333333","0.9791666666666666","47","0.9791666666666666","3.9166666666666665","0.9791666666666666","0.8958333333333334","6.889913800760741","0","0.02127659574468085","0.75"
"7x7","7x7-seeded-random","seeded-random","28","6","5.979166666666667","0.8958333333333334","43","0.8958333333333334","2.875","0.8541666666666666","0.9375","6.069091770829184","1","0.14893617021276595","0.6666666666666666"
"7x7","7x7-seeded-random","seeded-random","29","6","6","0.9791666666666666","47","0.9791666666666666","2.8333333333333335","0.875","0.8541666666666666","5.915981284325699","1","0.0851063829787234","0.7083333333333334"
"7x7","7x7-seeded-random","seeded-random","30","6","6.041666666666667","0.9791666666666666","47","0.9791666666666666","3.375","0.9583333333333334","0.9166666666666666","6.0455974649614035","1","0.10638297872340426","0.7083333333333334"
"7x7","7x7-seeded-random","seeded-random","31","6","6.604166666666667","0.9375","45","0.9375","3.7291666666666665","0.9375","0.8958333333333334","6.607109894774513","1","0.02127659574468085","0.7708333333333334"
"7x7","7x7-seeded-random","seeded-random","32","6","6.208333333333333","0.9583333333333334","46","0.9583333333333334","3","0.9375","0.7708333333333334","6.252743274216302","1","0.2765957446808511","0.5"
"7x7","7x7-seeded-random","seeded-random","33","6","6.770833333333333","0.9375","45","0.9375","3.4791666666666665","0.9375","0.9375","6.779221475359766","1","0.06382978723404255","0.6875"
"7x7","7x7-seeded-random","seeded-random","34","6","6.104166666666667","0.9583333333333334","46","0.9583333333333334","3.1041666666666665","0.9166666666666666","0.8958333333333334","6.049553879037424","1","0.2127659574468085","0.5625"
"7x7","7x7-seeded-random","seeded-random","35","6","6.395833333333333","0.9375","45","0.9375","4.104166666666667","0.9375","0.8541666666666666","6.409974286701401","1","0.06382978723404255","0.7708333333333334"
"7x7","7x7-seeded-random","seeded-random","36","6","6.354166666666667","0.9583333333333334","46","0.9583333333333334","3.3541666666666665","0.9166666666666666","0.7708333333333334","6.405399247477522","0.8","0.10638297872340426","0.6875"
"7x7","7x7-seeded-random","seeded-random","37","6","6.354166666666667","0.9583333333333334","46","0.9583333333333334","3.125","0.9166666666666666","0.8958333333333334","6.372839918128177","1","0.0851063829787234","0.6666666666666666"
"7x7","7x7-seeded-random","seeded-random","38","6","5.875","0.9583333333333334","46","0.9583333333333334","2.8958333333333335","0.875","0.9166666666666666","5.825013243045425","1","0.10638297872340426","0.6458333333333334"
"7x7","7x7-seeded-random","seeded-random","39","6","6.791666666666667","0.9583333333333334","46","0.9583333333333334","3.6875","0.9583333333333334","0.75","6.820811442255056","1","0.0425531914893617","0.75"
"7x7","7x7-seeded-random","seeded-random","40","6","6.3125","0.9583333333333334","46","0.9583333333333334","4.1875","0.9583333333333334","0.8541666666666666","6.294988135685729","1","0.0425531914893617","0.7916666666666666"
"7x7","7x7-seeded-random","seeded-random","41","6","6.479166666666667","0.9583333333333334","46","0.9583333333333334","2.7291666666666665","0.8958333333333334","0.8958333333333334","6.485034091067636","0.9","0.2127659574468085","0.5"
"7x7","7x7-seeded-random","seeded-random","42","6","6.916666666666667","0.9583333333333334","46","0.9583333333333334","3.6041666666666665","0.9166666666666666","0.7916666666666666","6.90954018535443","1","0.10638297872340426","0.6666666666666666"
"7x7","7x7-seeded-random","seeded-random","43","6","5.979166666666667","0.9375","45","0.9375","3.375","0.875","0.8125","5.938962066497933","0.8333333333333334","0.1276595744680851","0.6875"
"7x7","7x7-seeded-random","seeded-random","44","6","5.291666666666667","0.9166666666666666","44","0.9166666666666666","3.25","0.9166666666666666","0.8958333333333334","5.26005979250744","0.8","0.10638297872340426","0.7083333333333334"
"7x7","7x7-seeded-random","seeded-random","45","6","6.083333333333333","0.9583333333333334","46","0.9583333333333334","3.3125","0.9583333333333334","0.9375","5.979327488512328","0.6666666666666666","0.06382978723404255","0.6875"
"7x7","7x7-seeded-random","seeded-random","46","6","6.666666666666667","0.9791666666666666","47","0.9791666666666666","3.3958333333333335","0.9791666666666666","0.9166666666666666","6.686098024809577","1","0.02127659574468085","0.8333333333333334"
"7x7","7x7-seeded-random","seeded-random","47","6","6.270833333333333","0.8958333333333334","43","0.8958333333333334","3.25","0.8541666666666666","0.9166666666666666","6.359122962062258","0.8333333333333334","0.1276595744680851","0.625"
"7x7","7x7-seeded-random","seeded-random","48","6","6.75","0.9791666666666666","47","0.9791666666666666","3.6875","0.9583333333333334","0.9375","6.787073365239431","1","0.02127659574468085","0.7916666666666666"
"7x7","7x7-seeded-random","seeded-random","49","6","7.1875","0.9375","45","0.9375","3.1666666666666665","0.8541666666666666","0.7708333333333334","7.247424829668595","0.875","0.1702127659574468","0.5625"
"7x7","7x7-seeded-random","seeded-random","50","6","6.6875","0.9583333333333334","46","0.9583333333333334","3.75","0.9583333333333334","0.9166666666666666","6.579696333460554","","0","0.7708333333333334"
"7x7","7x7-seeded-random","seeded-random","51","6","6.583333333333333","0.9583333333333334","46","0.9583333333333334","3.2291666666666665","0.9166666666666666","0.8125","6.5429584041134214","1","0.0425531914893617","0.7291666666666666"
"7x7","7x7-seeded-random","seeded-random","52","6","6.895833333333333","0.9583333333333334","46","0.9583333333333334","3.2083333333333335","0.9583333333333334","0.7916666666666666","6.9691249118203125","1","0.0425531914893617","0.7708333333333334"
"7x7","7x7-seeded-random","seeded-random","53","6","5.875","0.875","42","0.875","3.5625","0.875","0.9375","5.963813975576493","0.8","0.10638297872340426","0.6666666666666666"
"7x7","7x7-seeded-random","seeded-random","54","6","6.229166666666667","0.9375","45","0.9375","3.2916666666666665","0.8958333333333334","0.8541666666666666","6.172712324545837","0.75","0.0851063829787234","0.6666666666666666"
"7x7","7x7-seeded-random","seeded-random","55","6","7","0.9583333333333334","46","0.9583333333333334","3.5833333333333335","0.9375","0.7708333333333334","7.014617817738301","","0","0.75"
"7x7","7x7-seeded-random","seeded-random","56","6","6.791666666666667","0.9583333333333334","46","0.9583333333333334","3.375","0.8958333333333334","0.8125","6.806589675640893","1","0.06382978723404255","0.7708333333333334"
"7x7","7x7-seeded-random","seeded-random","57","6","5.6875","0.875","42","0.875","2.7083333333333335","0.8125","0.8958333333333334","5.832035327818243","1","0.0851063829787234","0.5833333333333334"
"7x7","7x7-seeded-random","seeded-random","58","6","5.3125","0.9583333333333334","46","0.9583333333333334","3.1875","0.9166666666666666","0.7916666666666666","5.250235123590358","1","0.06382978723404255","0.6458333333333334"
"7x7","7x7-seeded-random","seeded-random","59","6","6.708333333333333","0.9375","45","0.9375","4.020833333333333","0.9375","0.8958333333333334","6.723335382331414","1","0.0425531914893617","0.8125"
"7x7","7x7-seeded-random","seeded-random","60","6","6.354166666666667","0.875","42","0.875","3","0.8541666666666666","0.8958333333333334","6.360224784874445","0.6","0.10638297872340426","0.6666666666666666"
"7x7","7x7-seeded-random","seeded-random","61","6","6.229166666666667","0.9791666666666666","47","0.9791666666666666","3.5208333333333335","0.9791666666666666","0.8125","6.168016654074155","1","0.0851063829787234","0.625"
"7x7","7x7-seeded-random","seeded-random","62","6","7.145833333333333","0.9583333333333334","46","0.9583333333333334","3.6666666666666665","0.9166666666666666","0.9375","7.181181534088105","1","0.0851063829787234","0.6666666666666666"
"7x7","7x7-seeded-random","seeded-random","63","6","6.729166666666667","0.9791666666666666","47","0.9791666666666666","3.0833333333333335","0.8333333333333334","0.8333333333333334","6.809942873187011","1","0.06382978723404255","0.6666666666666666"
"7x7","7x7-seeded-random","seeded-random","64","6","6.083333333333333","0.9583333333333334","46","0.9583333333333334","3.6041666666666665","0.9583333333333334","0.8958333333333334","6.152567623201498","0.8571428571428571","0.14893617021276595","0.5625"
"7x7","7x7-seeded-random","seeded-random","65","6","6.791666666666667","0.9375","45","0.9375","3.2916666666666665","0.8958333333333334","0.7916666666666666","6.833478069442073","1","0.0425531914893617","0.8125"
"7x7","7x7-seeded-random","seeded-random","66","6","5.770833333333333","0.9583333333333334","46","0.9583333333333334","3.6041666666666665","0.9375","0.8958333333333334","5.817194972810937","1","0.02127659574468085","0.7708333333333334"
"7x7","7x7-seeded-random","seeded-random","67","6","5.458333333333333","0.875","42","0.875","3.4375","0.8333333333333334","0.8958333333333334","5.392777502379673","0.6666666666666666","0.06382978723404255","0.6666666666666666"
"7x7","7x7-seeded-random","seeded-random","68","6","6.958333333333333","0.9375","45","0.9375","3.0833333333333335","0.9166666666666666","0.7916666666666666","7.1092006557455285","1","0.06382978723404255","0.6875"
"7x7","7x7-seeded-random","seeded-random","69","6","6.333333333333333","0.9166666666666666","44","0.9166666666666666","3.5208333333333335","0.9166666666666666","0.8125","6.41418935137032","0.8571428571428571","0.14893617021276595","0.6666666666666666"
"7x7","7x7-seeded-random","seeded-random","70","6","6.916666666666667","0.9791666666666666","47","0.9791666666666666","3.8958333333333335","0.9791666666666666","0.875","7.068257154539847","0.75","0.0851063829787234","0.7708333333333334"
"7x7","7x7-seeded-random","seeded-random","71","6","6.1875","0.875","42","0.875","3.5416666666666665","0.875","0.9166666666666666","6.246734384150817","0.6666666666666666","0.06382978723404255","0.7291666666666666"
"7x7","7x7-seeded-random","seeded-random","72","6","6.166666666666667","0.9791666666666666","47","0.9791666666666666","3.2708333333333335","0.9791666666666666","0.8333333333333334","6.096056520795976","1","0.1702127659574468","0.6041666666666666"
"7x7","7x7-seeded-random","seeded-random","73","6","6.604166666666667","0.9791666666666666","47","0.9791666666666666","3.0625","0.9791666666666666","0.875","6.5567455129848184","1","0.06382978723404255","0.7291666666666666"
"7x7","7x7-seeded-random","seeded-random","74","6","6.4375","0.9375","45","0.9375","3.7083333333333335","0.9166666666666666","0.8541666666666666","6.404200551901811","1","0.14893617021276595","0.6041666666666666"
"7x7","7x7-seeded-random","seeded-random","75","6","5.8125","0.9375","45","0.9375","3.2083333333333335","0.9375","0.8541666666666666","5.604656040769532","1","0.1276595744680851","0.75"
"7x7","7x7-seeded-random","seeded-random","76","6","6.145833333333333","0.9375","45","0.9375","3.9583333333333335","0.9375","0.8958333333333334","6.063321905795354","1","0.02127659574468085","0.7291666666666666"
"7x7","7x7-seeded-random","seeded-random","77","6","5.8125","0.9166666666666666","44","0.9166666666666666","3.2708333333333335","0.9166666666666666","0.7083333333333334","5.754034994270713","1","0.06382978723404255","0.7708333333333334"
"7x7","7x7-seeded-random","seeded-random","78","6","6.166666666666667","0.9791666666666666","47","0.9791666666666666","3.5416666666666665","0.9791666666666666","0.8541666666666666","6.11493427841978","1","0.02127659574468085","0.8541666666666666"
"7x7","7x7-seeded-random","seeded-random","79","6","6.854166666666667","0.9375","45","0.9375","3.3541666666666665","0.8958333333333334","0.6666666666666666","6.89465965680954","0.75","0.0851063829787234","0.7083333333333334"
"7x7","7x7-seeded-random","seeded-random","80","6","6.645833333333333","0.875","42","0.875","3.5208333333333335","0.875","0.8958333333333334","6.752614755171622","1","0.0851063829787234","0.75"
"7x7","7x7-seeded-random","seeded-random","81","6","6.375","0.9583333333333334","46","0.9583333333333334","3.0833333333333335","0.9375","0.7916666666666666","6.382238742402069","0.75","0.0851063829787234","0.6666666666666666"
"7x7","7x7-seeded-random","seeded-random","82","6","6.583333333333333","0.9166666666666666","44","0.9166666666666666","3.0416666666666665","0.8125","0.8333333333333334","6.617340076045639","1","0.0851063829787234","0.7083333333333334"
"7x7","7x7-seeded-random","seeded-random","83","6","6.375","0.9583333333333334","46","0.9583333333333334","3.2291666666666665","0.9583333333333334","0.9166666666666666","6.382952067477017","0.8571428571428571","0.14893617021276595","0.6041666666666666"
"7x7","7x7-seeded-random","seeded-random","84","6","6.4375","0.9583333333333334","46","0.9583333333333334","2.9375","0.9375","0.8541666666666666","6.3210389269922285","1","0.19148936170212766","0.625"
"7x7","7x7-seeded-random","seeded-random","85","6","6.208333333333333","0.9375","45","0.9375","3.25","0.9166666666666666","0.8958333333333334","6.145766421117726","0.5","0.0425531914893617","0.7083333333333334"
"7x7","7x7-seeded-random","seeded-random","86","6","6.666666666666667","0.9791666666666666","47","0.9791666666666666","3.5416666666666665","0.9791666666666666","0.875","6.707225684304488","1","0.06382978723404255","0.6458333333333334"
"7x7","7x7-seeded-random","seeded-random","87","6","6.729166666666667","0.9375","45","0.9375","3.4583333333333335","0.875","0.8541666666666666","6.755073469234187","1","0.1276595744680851","0.6875"
"7x7","7x7-seeded-random","seeded-random","88","6","7.020833333333333","0.9583333333333334","46","0.9583333333333334","3.2708333333333335","0.9375","0.7708333333333334","7.119588854430777","1","0.0425531914893617","0.7291666666666666"
"7x7","7x7-seeded-random","seeded-random","89","6","6.145833333333333","0.9166666666666666","44","0.9166666666666666","3.125","0.9166666666666666","0.75","6.228496393090139","1","0.10638297872340426","0.7291666666666666"
"7x7","7x7-seeded-random","seeded-random","90","6","6.604166666666667","0.9583333333333334","46","0.9583333333333334","3.7083333333333335","0.9583333333333334","0.8958333333333334","6.586615997184912","0.5","0.0851063829787234","0.7083333333333334"
"7x7","7x7-seeded-random","seeded-random","91","6","6.791666666666667","0.9583333333333334","46","0.9583333333333334","3.5833333333333335","0.9583333333333334","0.75","6.821411744268218","1","0.02127659574468085","0.8125"
"7x7","7x7-seeded-random","seeded-random","92","6","6.229166666666667","0.9375","45","0.9375","3.375","0.9166666666666666","0.7291666666666666","6.20960631451483","1","0.14893617021276595","0.625"
"7x7","7x7-seeded-random","seeded-random","93","6","6.6875","0.9375","45","0.9375","3.5416666666666665","0.9166666666666666","0.8333333333333334","6.5549008120175065","1","0.0851063829787234","0.75"
"7x7","7x7-seeded-random","seeded-random","94","6","6.833333333333333","0.9583333333333334","46","0.9583333333333334","3.7708333333333335","0.9583333333333334","0.6666666666666666","6.943002892182168","0.8","0.10638297872340426","0.75"
"7x7","7x7-seeded-random","seeded-random","95","6","6.645833333333333","0.9583333333333334","46","0.9583333333333334","3.4583333333333335","0.9583333333333334","0.8125","6.56421870573109","1","0.0425531914893617","0.7291666666666666"
"7x7","7x7-seeded-random","seeded-random","96","6","7.020833333333333","0.9791666666666666","47","0.9791666666666666","3.5","0.9583333333333334","0.8125","7.058994743581953","1","0.02127659574468085","0.7916666666666666"
"7x7","7x7-seeded-random","seeded-random","97","6","6.666666666666667","0.9583333333333334","46","0.9583333333333334","3.6666666666666665","0.9583333333333334","0.8333333333333334","6.651331232618618","1","0.02127659574468085","0.75"
"7x7","7x7-seeded-random","seeded-random","98","6","6.520833333333333","0.9375","45","0.9375","3.25","0.9375","0.8958333333333334","6.645910339959266","0.5","0.1276595744680851","0.6666666666666666"
"7x7","7x7-seeded-random","seeded-random","99","6","6.229166666666667","0.9166666666666666","44","0.9166666666666666","3.2708333333333335","0.8541666666666666","0.8333333333333334","6.210964173208948","1","0.02127659574468085","0.75"
"7x7","7x7-seeded-random","seeded-random","100","6","6.770833333333333","0.9583333333333334","46","0.9583333333333334","2.875","0.9166666666666666","0.8333333333333334","6.821108821219572","1","0.02127659574468085","0.6875"
"7x7","7x7-uct-0100","uct-0100","1","6","6.270833333333333","0.9375","45","0.9375","3.8125","0.9375","0.8125","6.218590215488274","0.6666666666666666","0.06382978723404255","0.7916666666666666"
"7x7","7x7-uct-0100","uct-0100","2","6","5.541666666666667","0.9583333333333334","46","0.9583333333333334","2.8958333333333335","0.8958333333333334","0.9375","5.526759160333493","1","0.14893617021276595","0.625"
"7x7","7x7-uct-0100","uct-0100","3","6","6.125","0.9583333333333334","46","0.9583333333333334","3.1041666666666665","0.9583333333333334","0.7708333333333334","6.088863066872494","1","0.10638297872340426","0.6666666666666666"
"7x7","7x7-uct-0100","uct-0100","4","6","5.895833333333333","0.9375","45","0.9375","3.3958333333333335","0.9375","0.8333333333333334","5.859255137455949","1","0.14893617021276595","0.6041666666666666"
"7x7","7x7-uct-0100","uct-0100","5","6","6.666666666666667","0.9583333333333334","46","0.9583333333333334","3.3541666666666665","0.8958333333333334","0.8958333333333334","6.6710841003380095","1","0.0851063829787234","0.7083333333333334"
"7x7","7x7-uct-0100","uct-0100","6","6","6.708333333333333","0.9583333333333334","46","0.9583333333333334","3.1875","0.8541666666666666","0.9166666666666666","6.80982192072914","0.7142857142857143","0.14893617021276595","0.6041666666666666"
"7x7","7x7-uct-0100","uct-0100","7","6","6.854166666666667","0.9375","45","0.9375","3.1666666666666665","0.9375","0.9166666666666666","6.953565818849914","1","0.06382978723404255","0.7291666666666666"
"7x7","7x7-uct-0100","uct-0100","8","6","6.604166666666667","0.9375","45","0.9375","3.25","0.9166666666666666","0.8541666666666666","6.637250781906079","0.8333333333333334","0.1276595744680851","0.6041666666666666"
"7x7","7x7-uct-0100","uct-0100","9","6","6.3125","0.9375","45","0.9375","3.2708333333333335","0.875","0.875","6.246820349607655","1","0.06382978723404255","0.7708333333333334"
"7x7","7x7-uct-0100","uct-0100","10","6","6.520833333333333","0.9791666666666666","47","0.9791666666666666","3.9166666666666665","0.9791666666666666","0.8333333333333334","6.428633040334864","1","0.1276595744680851","0.7083333333333334"
"7x7","7x7-uct-0100","uct-0100","11","6","5.145833333333333","0.9375","45","0.9375","2.875","0.8333333333333334","0.8333333333333334","5.048689673640448","1","0.1276595744680851","0.6666666666666666"
"7x7","7x7-uct-0100","uct-0100","12","6","6.479166666666667","0.9375","45","0.9375","3.0833333333333335","0.9166666666666666","0.7916666666666666","6.458250881580565","1","0.14893617021276595","0.6458333333333334"
"7x7","7x7-uct-0100","uct-0100","13","6","6.666666666666667","0.9791666666666666","47","0.9791666666666666","3.5833333333333335","0.9791666666666666","0.8333333333333334","6.71660644448221","1","0.06382978723404255","0.7291666666666666"
"7x7","7x7-uct-0100","uct-0100","14","6","6.1875","0.9375","45","0.9375","2.9166666666666665","0.8958333333333334","0.8958333333333334","6.2068682649895415","1","0.2127659574468085","0.6041666666666666"
"7x7","7x7-uct-0100","uct-0100","15","6","5.958333333333333","0.9375","45","0.9375","3.5208333333333335","0.9375","0.8958333333333334","5.994383311793952","1","0.1276595744680851","0.6458333333333334"
"7x7","7x7-uct-0100","uct-0100","16","6","6.416666666666667","0.875","42","0.875","3.2916666666666665","0.875","0.9375","6.514189828384957","1","0.02127659574468085","0.75"
"7x7","7x7-uct-0100","uct-0100","17","6","6.3125","0.8958333333333334","43","0.8958333333333334","3.4791666666666665","0.8958333333333334","0.875","6.4153380269566025","1","0.0425531914893617","0.8125"
"7x7","7x7-uct-0100","uct-0100","18","6","6.729166666666667","0.9791666666666666","47","0.9791666666666666","4.145833333333333","0.9791666666666666","0.9166666666666666","6.739704043592384","0.5","0.0851063829787234","0.7708333333333334"
"7x7","7x7-uct-0100","uct-0100","19","6","6.104166666666667","0.9583333333333334","46","0.9583333333333334","2.6666666666666665","0.8958333333333334","0.8958333333333334","6.171485287694642","1","0.14893617021276595","0.6458333333333334"
"7x7","7x7-uct-0100","uct-0100","20","6","6.104166666666667","0.8958333333333334","43","0.8958333333333334","3.375","0.8958333333333334","0.8541666666666666","6.0831738673020315","0.6666666666666666","0.06382978723404255","0.6875"
"7x7","7x7-uct-0100","uct-0100","21","6","6.75","0.9375","45","0.9375","3.9791666666666665","0.9375","0.8541666666666666","6.733846854988638","1","0.02127659574468085","0.7916666666666666"
"7x7","7x7-uct-0100","uct-0100","22","6","6.708333333333333","0.9375","45","0.9375","3.5","0.9166666666666666","0.6041666666666666","6.743902547765613","0.8333333333333334","0.1276595744680851","0.6666666666666666"
"7x7","7x7-uct-0100","uct-0100","23","6","6.166666666666667","0.9375","45","0.9375","3.2291666666666665","0.9166666666666666","0.8125","6.2764510268502995","1","0.1702127659574468","0.625"
"7x7","7x7-uct-0100","uct-0100","24","6","6.125","0.9375","45","0.9375","3.3333333333333335","0.8958333333333334","0.8541666666666666","6.018423640368781","1","0.06382978723404255","0.7291666666666666"
"7x7","7x7-uct-0100","uct-0100","25","6","6.270833333333333","0.9375","45","0.9375","3.2916666666666665","0.875","0.875","6.317543646327568","0.8","0.10638297872340426","0.7083333333333334"
"7x7","7x7-uct-0100","uct-0100","26","6","6.354166666666667","0.9791666666666666","47","0.9791666666666666","3.6666666666666665","0.8958333333333334","0.8125","6.314761943798626","1","0.06382978723404255","0.75"
"7x7","7x7-uct-0100","uct-0100","27","6","6.354166666666667","0.9166666666666666","44","0.9166666666666666","2.9791666666666665","0.875","0.8333333333333334","6.346269492402006","0.8333333333333334","0.1276595744680851","0.6458333333333334"
"7x7","7x7-uct-0100","uct-0100","28","6","6.520833333333333","0.9375","45","0.9375","3.5","0.9375","0.8541666666666666","6.553984585611282","1","0.0425531914893617","0.7291666666666666"
"7x7","7x7-uct-0100","uct-0100","29","6","5.791666666666667","0.875","42","0.875","2.8333333333333335","0.875","0.875","5.8256730984112615","1","0.06382978723404255","0.7291666666666666"
"7x7","7x7-uct-0100","uct-0100","30","6","5.9375","0.9583333333333334","46","0.9583333333333334","3.3958333333333335","0.9583333333333334","0.8333333333333334","5.813036743298747","0.8888888888888888","0.19148936170212766","0.5833333333333334"
"7x7","7x7-uct-0100","uct-0100","31","6","6.770833333333333","0.9583333333333334","46","0.9583333333333334","3.4791666666666665","0.9166666666666666","0.4791666666666667","6.860312211224511","0.8","0.10638297872340426","0.6875"
"7x7","7x7-uct-0100","uct-0100","32","6","6.395833333333333","0.9375","45","0.9375","3","0.875","0.8958333333333334","6.5444299173169025","1","0.2127659574468085","0.625"
"7x7","7x7-uct-0100","uct-0100","33","6","6.1875","0.9583333333333334","46","0.9583333333333334","3.0416666666666665","0.9583333333333334","0.8333333333333334","6.125318655811865","0.6666666666666666","0.06382978723404255","0.6666666666666666"
"7x7","7x7-uct-0100","uct-0100","34","6","6.145833333333333","0.8958333333333334","43","0.8958333333333334","3.4375","0.8958333333333334","0.8541666666666666","6.165361353433116","1","0.14893617021276595","0.7083333333333334"
"7x7","7x7-uct-0100","uct-0100","35","6","6.458333333333333","0.9166666666666666","44","0.9166666666666666","2.9583333333333335","0.875","0.8541666666666666","6.47247853754088","1","0.06382978723404255","0.75"
"7x7","7x7-uct-0100","uct-0100","36","6","6.6875","0.9583333333333334","46","0.9583333333333334","3.1875","0.9583333333333334","0.75","6.7749126417885215","1","0.02127659574468085","0.75"
"7x7","7x7-uct-0100","uct-0100","37","6","6.979166666666667","0.9166666666666666","44","0.9166666666666666","3.8333333333333335","0.9166666666666666","0.8958333333333334","6.992469364459264","1","0.06382978723404255","0.7708333333333334"
"7x7","7x7-uct-0100","uct-0100","38","6","6.4375","0.8958333333333334","43","0.8958333333333334","3.4375","0.8333333333333334","0.9166666666666666","6.54628118228304","1","0.06382978723404255","0.7916666666666666"
"7x7","7x7-uct-0100","uct-0100","39","6","6.208333333333333","0.9166666666666666","44","0.9166666666666666","3.875","0.9166666666666666","0.875","6.244319472159782","0.75","0.0851063829787234","0.7291666666666666"
"7x7","7x7-uct-0100","uct-0100","40","6","6.520833333333333","0.9583333333333334","46","0.9583333333333334","3.7291666666666665","0.9583333333333334","0.875","6.587297303806591","0.8","0.10638297872340426","0.7083333333333334"
"7x7","7x7-uct-0100","uct-0100","41","6","6.354166666666667","0.9791666666666666","47","0.9791666666666666","3.6041666666666665","0.9583333333333334","0.9166666666666666","6.333652238384387","1","0.0425531914893617","0.7708333333333334"
"7x7","7x7-uct-0100","uct-0100","42","6","6.5625","0.9791666666666666","47","0.9791666666666666","3.6666666666666665","0.9583333333333334","0.8125","6.582307414965359","0.3333333333333333","0.06382978723404255","0.7291666666666666"
"7x7","7x7-uct-0100","uct-0100","43","6","6.5","0.9791666666666666","47","0.9791666666666666","3.7708333333333335","0.9791666666666666","0.8958333333333334","6.490060085573584","1","0.02127659574468085","0.7916666666666666"
"7x7","7x7-uct-0100","uct-0100","44","6","6.6875","0.8958333333333334","43","0.8958333333333334","3.5208333333333335","0.8958333333333334","0.8125","6.756217749614777","1","0.10638297872340426","0.7916666666666666"
"7x7","7x7-uct-0100","uct-0100","45","6","6.625","0.9791666666666666","47","0.9791666666666666","3.2708333333333335","0.9583333333333334","0.8958333333333334","6.715494130427155","1","0.0425531914893617","0.6875"
"7x7","7x7-uct-0100","uct-0100","46","6","6.291666666666667","0.8958333333333334","43","0.8958333333333334","3.2916666666666665","0.8958333333333334","0.8958333333333334","6.324141955565306","0.6666666666666666","0.1276595744680851","0.7083333333333334"
"7x7","7x7-uct-0100","uct-0100","47","6","6.125","0.9583333333333334","46","0.9583333333333334","3.4375","0.9375","0.8541666666666666","6.100819244725623","","0","0.7291666666666666"
"7x7","7x7-uct-0100","uct-0100","48","6","6.5625","0.9791666666666666","47","0.9791666666666666","3.1875","0.9583333333333334","0.875","6.594375542687253","1","0.10638297872340426","0.6875"
"7x7","7x7-uct-0100","uct-0100","49","6","6.708333333333333","0.9375","45","0.9375","3.6666666666666665","0.9375","0.8958333333333334","6.672228744464068","0.5","0.0425531914893617","0.75"
"7x7","7x7-uct-0100","uct-0100","50","6","6.270833333333333","0.875","42","0.875","3.4375","0.8541666666666666","0.8541666666666666","6.280881699415111","1","0.06382978723404255","0.7291666666666666"
"7x7","7x7-uct-0500","uct-0500","1","6","5.25","0.8958333333333334","43","0.8958333333333334","3.125","0.8958333333333334","0.8541666666666666","5.085131604754625","0.7142857142857143","0.14893617021276595","0.625"
"7x7","7x7-uct-0500","uct-0500","2","6","6.291666666666667","0.9791666666666666","47","0.9791666666666666","2.8333333333333335","0.9166666666666666","0.875","6.515013690271264","0.6666666666666666","0.1276595744680851","0.5833333333333334"
"7x7","7x7-uct-0500","uct-0500","3","6","5.6875","0.9583333333333334","46","0.9583333333333334","2.5208333333333335","0.8958333333333334","0.875","5.775886477700251","1","0.19148936170212766","0.5833333333333334"
"7x7","7x7-uct-0500","uct-0500","4","6","6.416666666666667","0.9375","45","0.9375","3.0625","0.9375","0.875","6.352954635909353","0.75","0.0851063829787234","0.75"
"7x7","7x7-uct-0500","uct-0500","5","6","6.4375","0.9375","45","0.9375","3.2291666666666665","0.9375","0.9166666666666666","6.616863261252833","1","0.06382978723404255","0.6875"
"7x7","7x7-uct-0500","uct-0500","6","6","4.8125","0.8333333333333334","40","0.8333333333333334","2.5416666666666665","0.8125","0.8958333333333334","4.790010583295192","1","0.1702127659574468","0.5833333333333334"
"7x7","7x7-uct-0500","uct-0500","7","6","6.375","0.9791666666666666","47","0.9791666666666666","3.3125","0.9583333333333334","0.8541666666666666","6.475813583124757","1","0.0851063829787234","0.7083333333333334"
"7x7","7x7-uct-0500","uct-0500","8","6","6.020833333333333","0.9375","45","0.9375","3.0833333333333335","0.875","0.9375","5.966420138485512","0.8571428571428571","0.14893617021276595","0.6041666666666666"
"7x7","7x7-uct-0500","uct-0500","9","6","6.458333333333333","0.9375","45","0.9375","3.2916666666666665","0.9375","0.8125","6.626587833447844","1","0.06382978723404255","0.7083333333333334"
"7x7","7x7-uct-0500","uct-0500","10","6","5.5625","0.9583333333333334","46","0.9583333333333334","3.0833333333333335","0.9166666666666666","0.8958333333333334","5.512813035169484","0.6666666666666666","0.1276595744680851","0.6875"
"7x7","7x7-uct-0500","uct-0500","11","6","5.979166666666667","0.9375","45","0.9375","3.5","0.9375","0.8541666666666666","6.082012340648066","1","0.10638297872340426","0.7916666666666666"
"7x7","7x7-uct-0500","uct-0500","12","6","6.208333333333333","0.875","42","0.875","3.125","0.875","0.9166666666666666","6.307999667261673","1","0.1702127659574468","0.6666666666666666"
"7x7","7x7-uct-0500","uct-0500","13","6","5.25","0.8958333333333334","43","0.8958333333333334","3.0625","0.875","0.9375","5.196012601873874","0.9","0.2127659574468085","0.6041666666666666"
"7x7","7x7-uct-0500","uct-0500","14","6","6.229166666666667","0.9583333333333334","46","0.9583333333333334","3.5416666666666665","0.9166666666666666","0.875","6.061369045220406","1","0.1702127659574468","0.6041666666666666"
"7x7","7x7-uct-0500","uct-0500","15","6","5.5","0.9375","45","0.9375","3","0.8541666666666666","0.8958333333333334","5.357775526647785","1","0.1276595744680851","0.6458333333333334"
"7x7","7x7-uct-0500","uct-0500","16","6","6.020833333333333","0.9583333333333334","46","0.9583333333333334","3.2291666666666665","0.9583333333333334","0.9166666666666666","6.03465894969179","0.8333333333333334","0.1276595744680851","0.6666666666666666"
"7x7","7x7-uct-0500","uct-0500","17","6","6.458333333333333","0.9375","45","0.9375","2.375","0.75","0.8541666666666666","6.7045455733359445","0.8888888888888888","0.19148936170212766","0.5416666666666666"
"7x7","7x7-uct-0500","uct-0500","18","6","4.520833333333333","0.9375","45","0.9375","2.9166666666666665","0.875","0.9375","4.411591576152194","1","0.0851063829787234","0.7291666666666666"
"7x7","7x7-uct-0500","uct-0500","19","6","5.5","0.9583333333333334","46","0.9583333333333334","2.8333333333333335","0.9375","0.875","5.421879182090509","1","0.19148936170212766","0.6041666666666666"
"7x7","7x7-uct-0500","uct-0500","20","6","6.520833333333333","0.9375","45","0.9375","3.3333333333333335","0.8958333333333334","0.8958333333333334","6.594280746841066","1","0.0851063829787234","0.7708333333333334"
"7x7","7x7-uct-0500","uct-0500","21","6","6.458333333333333","0.9166666666666666","44","0.9166666666666666","3.4375","0.9166666666666666","0.8958333333333334","6.49495488155533","1","0.0851063829787234","0.6875"
"7x7","7x7-uct-0500","uct-0500","22","6","6.479166666666667","0.9583333333333334","46","0.9583333333333334","2.6666666666666665","0.8958333333333334","0.8958333333333334","6.594836158372411","1","0.1702127659574468","0.625"
"7x7","7x7-uct-0500","uct-0500","23","6","6.083333333333333","0.9166666666666666","44","0.9166666666666666","3.1875","0.8541666666666666","0.9375","6.111143923313076","0.75","0.0851063829787234","0.6666666666666666"
"7x7","7x7-uct-0500","uct-0500","24","6","6.708333333333333","0.9583333333333334","46","0.9583333333333334","3.0208333333333335","0.9375","0.9166666666666666","6.837583126057286","1","0.0425531914893617","0.7083333333333334"
"7x7","7x7-uct-0500","uct-0500","25","6","5.270833333333333","0.8958333333333334","43","0.8958333333333334","2.7083333333333335","0.7708333333333334","0.8958333333333334","5.180193185491159","0.875","0.1702127659574468","0.5833333333333334"
"7x7","7x7-uct-0500","uct-0500","26","6","5.3125","0.8958333333333334","43","0.8958333333333334","2.5416666666666665","0.7708333333333334","0.8125","5.325515631827068","0.8571428571428571","0.14893617021276595","0.5833333333333334"
"7x7","7x7-uct-0500","uct-0500","27","6","6.666666666666667","0.9791666666666666","47","0.9791666666666666","3.2083333333333335","0.9166666666666666","0.7916666666666666","6.70738118098696","1","0.14893617021276595","0.7291666666666666"
"7x7","7x7-uct-0500","uct-0500","28","6","5.895833333333333","0.8958333333333334","43","0.8958333333333334","3.0208333333333335","0.8333333333333334","0.9166666666666666","5.899349842693812","1","0.19148936170212766","0.5625"
"7x7","7x7-uct-0500","uct-0500","29","6","6.208333333333333","0.9375","45","0.9375","3.0833333333333335","0.8958333333333334","0.8958333333333334","6.333843238416554","1","0.1276595744680851","0.6041666666666666"
"7x7","7x7-uct-0500","uct-0500","30","6","4.6875","0.9583333333333334","46","0.9583333333333334","2.5416666666666665","0.9166666666666666","0.9166666666666666","4.550482203022383","1","0.10638297872340426","0.5416666666666666"
"7x7","7x7-uct-0500","uct-0500","31","6","5.520833333333333","0.875","42","0.875","2.9583333333333335","0.8333333333333334","0.9166666666666666","5.6112752341314796","1","0.0851063829787234","0.6458333333333334"
"7x7","7x7-uct-0500","uct-0500","32","6","6.375","0.9583333333333334","46","0.9583333333333334","3.5208333333333335","0.9583333333333334","0.8125","6.371761225032554","0.8","0.10638297872340426","0.6875"
"7x7","7x7-uct-0500","uct-0500","33","6","5.5","0.9375","45","0.9375","3.2291666666666665","0.9375","0.8958333333333334","5.643139014285549","1","0.02127659574468085","0.8125"
"7x7","7x7-uct-0500","uct-0500","34","6","5.729166666666667","0.9791666666666666","47","0.9791666666666666","3.3125","0.9583333333333334","0.8958333333333334","5.688304440975198","0.6923076923076923","0.2765957446808511","0.5416666666666666"
"7x7","7x7-uct-0500","uct-0500","35","6","5.541666666666667","0.9583333333333334","46","0.9583333333333334","3.1041666666666665","0.9166666666666666","0.8958333333333334","5.642284509854857","1","0.1276595744680851","0.6458333333333334"
"7x7","7x7-uct-0500","uct-0500","36","6","6.0625","0.9791666666666666","47","0.9791666666666666","3.2083333333333335","0.8125","0.9375","6.0197573218659555","1","0.06382978723404255","0.7916666666666666"
"7x7","7x7-uct-0500","uct-0500","37","6","6.166666666666667","0.9375","45","0.9375","2.6458333333333335","0.8541666666666666","0.8333333333333334","6.202580591998686","0.8333333333333334","0.1276595744680851","0.625"
"7x7","7x7-uct-0500","uct-0500","38","6","5.583333333333333","0.9583333333333334","46","0.9583333333333334","3.3333333333333335","0.9583333333333334","0.8333333333333334","5.575580085075494","1","0.02127659574468085","0.7291666666666666"
"7x7","7x7-uct-0500","uct-0500","39","6","5.916666666666667","0.9375","45","0.9375","2.9166666666666665","0.8125","0.8541666666666666","5.909685084707137","1","0.19148936170212766","0.5833333333333334"
"7x7","7x7-uct-0500","uct-0500","40","6","6.5625","0.9583333333333334","46","0.9583333333333334","3.2291666666666665","0.9375","0.8958333333333334","6.616080042061012","0.75","0.0851063829787234","0.7083333333333334"
"7x7","7x7-uct-0500","uct-0500","41","6","6.083333333333333","0.9583333333333334","46","0.9583333333333334","3.0833333333333335","0.875","0.8125","6.038024983502993","1","0.0425531914893617","0.6875"
"7x7","7x7-uct-0500","uct-0500","42","6","5.166666666666667","0.8958333333333334","43","0.8958333333333334","2.5625","0.8125","0.8125","5.254181751335044","0.875","0.1702127659574468","0.625"
"7x7","7x7-uct-0500","uct-0500","43","6","6.520833333333333","0.9375","45","0.9375","3.1458333333333335","0.8958333333333334","0.9375","6.504841745313168","1","0.14893617021276595","0.6666666666666666"
"7x7","7x7-uct-0500","uct-0500","44","6","5.875","0.9583333333333334","46","0.9583333333333334","3.0833333333333335","0.9166666666666666","0.8541666666666666","6.039055000002897","1","0.10638297872340426","0.6458333333333334"
"7x7","7x7-uct-0500","uct-0500","45","6","5.041666666666667","0.9166666666666666","44","0.9166666666666666","2.5416666666666665","0.875","0.9375","5.184285741493008","0.7142857142857143","0.14893617021276595","0.625"
"7x7","7x7-uct-0500","uct-0500","46","6","5.875","0.9583333333333334","46","0.9583333333333334","3.6666666666666665","0.9583333333333334","0.8125","5.839669524806808","1","0.0851063829787234","0.6458333333333334"
"7x7","7x7-uct-0500","uct-0500","47","6","6.520833333333333","0.9375","45","0.9375","2.9375","0.9375","0.9166666666666666","6.496484466217311","1","0.1276595744680851","0.625"
"7x7","7x7-uct-0500","uct-0500","48","6","6.1875","0.9583333333333334","46","0.9583333333333334","3.25","0.9583333333333334","0.7916666666666666","6.197329267306267","1","0.0425531914893617","0.6875"
"7x7","7x7-uct-0500","uct-0500","49","6","6.104166666666667","0.9375","45","0.9375","3.1458333333333335","0.875","0.875","6.137921602656309","0.6666666666666666","0.06382978723404255","0.6666666666666666"
"7x7","7x7-uct-0500","uct-0500","50","6","4.770833333333333","0.8125","39","0.8125","2.6458333333333335","0.7291666666666666","0.9375","4.6884807483241495","1","0.14893617021276595","0.5625"
"7x7","7x7-uct-1000","uct-1000","1","6","6.520833333333333","0.9375","45","0.9375","2.7708333333333335","0.8958333333333334","0.9375","6.682742280208669","0.8888888888888888","0.19148936170212766","0.5625"
"7x7","7x7-uct-1000","uct-1000","2","6","6.291666666666667","0.875","42","0.875","2.8958333333333335","0.8125","0.9375","6.294818466199028","0.6666666666666666","0.1276595744680851","0.6041666666666666"
"7x7","7x7-uct-1000","uct-1000","3","6","5.729166666666667","0.9583333333333334","46","0.9583333333333334","2.5","0.8541666666666666","0.875","5.877580624352187","0.7777777777777778","0.19148936170212766","0.5833333333333334"
"7x7","7x7-uct-1000","uct-1000","4","6","5.625","0.9583333333333334","46","0.9583333333333334","2.3958333333333335","0.8125","0.875","5.653709796990916","1","0.14893617021276595","0.5208333333333334"
"7x7","7x7-uct-1000","uct-1000","5","6","6.5625","0.9583333333333334","46","0.9583333333333334","3.1041666666666665","0.9583333333333334","0.8541666666666666","6.57630169881887","0.75","0.0851063829787234","0.7291666666666666"
"7x7","7x7-uct-1000","uct-1000","6","6","5.708333333333333","0.9375","45","0.9375","2.5625","0.7916666666666666","0.8333333333333334","5.837520740271632","1","0.1702127659574468","0.5833333333333334"
"7x7","7x7-uct-1000","uct-1000","7","6","5.770833333333333","0.9375","45","0.9375","3.4375","0.9166666666666666","0.8958333333333334","5.8433519027785135","0.6666666666666666","0.06382978723404255","0.75"
"7x7","7x7-uct-1000","uct-1000","8","6","5","0.875","42","0.875","2.5","0.8333333333333334","0.9375","5.026903664685133","1","0.2553191489361702","0.5"
"7x7","7x7-uct-1000","uct-1000","9","6","6.5","0.9375","45","0.9375","2.9166666666666665","0.8333333333333334","0.8958333333333334","6.626199244390551","0.7777777777777778","0.19148936170212766","0.6041666666666666"
"7x7","7x7-uct-1000","uct-1000","10","6","5.666666666666667","0.9375","45","0.9375","2.75","0.9166666666666666","0.8958333333333334","5.9205319208209986","1","0.10638297872340426","0.5833333333333334"
"7x7","7x7-uct-1000","uct-1000","11","6","5.75","0.9583333333333334","46","0.9583333333333334","2.9583333333333335","0.9583333333333334","0.9375","5.769091714482517","1","0.1276595744680851","0.6666666666666666"
"7x7","7x7-uct-1000","uct-1000","12","6","5.520833333333333","0.9375","45","0.9375","2.5","0.875","0.8541666666666666","5.506292464640783","1","0.14893617021276595","0.6458333333333334"
"7x7","7x7-uct-1000","uct-1000","13","6","5.9375","0.9791666666666666","47","0.9791666666666666","2.9583333333333335","0.9375","0.9375","6.006218940021748","0.8888888888888888","0.19148936170212766","0.5833333333333334"
"7x7","7x7-uct-1000","uct-1000","14","6","5.604166666666667","0.9375","45","0.9375","3.3958333333333335","0.9375","0.9375","5.487607547794386","0.8","0.2127659574468085","0.5833333333333334"
"7x7","7x7-uct-1000","uct-1000","15","6","5.479166666666667","0.9166666666666666","44","0.9166666666666666","2.6875","0.8541666666666666","0.8333333333333334","5.5262536418736286","0.9090909090909091","0.23404255319148937","0.5"
"7x7","7x7-uct-1000","uct-1000","16","6","5.625","0.9375","45","0.9375","2.7083333333333335","0.8333333333333334","0.8958333333333334","5.766051581106122","1","0.0851063829787234","0.6041666666666666"
"7x7","7x7-uct-1000","uct-1000","17","6","5.916666666666667","0.9375","45","0.9375","2.7708333333333335","0.8541666666666666","0.8541666666666666","5.967733588484689","1","0.10638297872340426","0.6666666666666666"
"7x7","7x7-uct-1000","uct-1000","18","6","5.666666666666667","0.8958333333333334","43","0.8958333333333334","2.9166666666666665","0.875","0.8958333333333334","5.703274478974081","1","0.10638297872340426","0.625"
"7x7","7x7-uct-1000","uct-1000","19","6","5.125","0.9375","45","0.9375","2.75","0.8541666666666666","0.875","5.111660670636024","1","0.23404255319148937","0.4791666666666667"
"7x7","7x7-uct-1000","uct-1000","20","6","6.770833333333333","0.9583333333333334","46","0.9583333333333334","3.6458333333333335","0.9375","0.8958333333333334","6.909610299634838","0.6666666666666666","0.06382978723404255","0.75"
"7x7","7x7-uct-1000","uct-1000","21","6","6.3125","0.9583333333333334","46","0.9583333333333334","3.5625","0.9166666666666666","0.9166666666666666","6.422175697100781","1","0.10638297872340426","0.6875"
"7x7","7x7-uct-1000","uct-1000","22","6","6.6875","0.9583333333333334","46","0.9583333333333334","3.4791666666666665","0.9375","0.9166666666666666","6.775527311871218","0.5","0.0425531914893617","0.7708333333333334"
"7x7","7x7-uct-1000","uct-1000","23","6","5.854166666666667","0.875","42","0.875","2.0625","0.6666666666666666","0.8958333333333334","5.9173279851414735","1","0.2127659574468085","0.5625"
"7x7","7x7-uct-1000","uct-1000","24","6","6.229166666666667","0.9583333333333334","46","0.9583333333333334","2.75","0.9166666666666666","0.875","6.421530365048835","0","0.0425531914893617","0.7291666666666666"
"7x7","7x7-uct-1000","uct-1000","25","6","5.270833333333333","0.9375","45","0.9375","3.0208333333333335","0.8958333333333334","0.8541666666666666","5.489802109902772","0.8","0.2127659574468085","0.5833333333333334"
"7x7","7x7-uct-1000","uct-1000","26","6","5.75","0.8958333333333334","43","0.8958333333333334","2.6041666666666665","0.7916666666666666","0.8958333333333334","5.77033015997498","1","0.23404255319148937","0.5208333333333334"
"7x7","7x7-uct-1000","uct-1000","27","6","5.979166666666667","0.9791666666666666","47","0.9791666666666666","3.0416666666666665","0.9166666666666666","0.9375","6.010957342202886","0.8","0.10638297872340426","0.625"
"7x7","7x7-uct-1000","uct-1000","28","6","5.791666666666667","0.9166666666666666","44","0.9166666666666666","2.75","0.8125","0.8541666666666666","5.924055459513061","0.875","0.1702127659574468","0.6041666666666666"
"7x7","7x7-uct-1000","uct-1000","29","6","5.354166666666667","0.9375","45","0.9375","2.6666666666666665","0.8958333333333334","0.9166666666666666","5.507012167315213","0.8","0.2127659574468085","0.5625"
"7x7","7x7-uct-1000","uct-1000","30","6","5.479166666666667","0.9375","45","0.9375","2.4791666666666665","0.875","0.8958333333333334","5.522438319537181","0.75","0.1702127659574468","0.6458333333333334"
"7x7","7x7-uct-1000","uct-1000","31","6","5","0.9375","45","0.9375","2.3125","0.7708333333333334","0.9375","4.873908251516685","1","0.14893617021276595","0.6041666666666666"
"7x7","7x7-uct-1000","uct-1000","32","6","5.833333333333333","0.9583333333333334","46","0.9583333333333334","2.6875","0.7916666666666666","0.8958333333333334","5.831088260582667","1","0.0851063829787234","0.6875"
"7x7","7x7-uct-1000","uct-1000","33","6","5.229166666666667","0.9166666666666666","44","0.9166666666666666","2.7083333333333335","0.8958333333333334","0.9375","5.132779542731882","0.5","0.2978723404255319","0.4583333333333333"
"7x7","7x7-uct-1000","uct-1000","34","6","5.583333333333333","0.9166666666666666","44","0.9166666666666666","3.2916666666666665","0.8541666666666666","0.8125","5.439352450221575","1","0.14893617021276595","0.625"
"7x7","7x7-uct-1000","uct-1000","35","6","6.083333333333333","0.9166666666666666","44","0.9166666666666666","2.7708333333333335","0.7708333333333334","0.9375","6.143762165030959","1","0.06382978723404255","0.7291666666666666"
"7x7","7x7-uct-1000","uct-1000","36","6","4.375","0.9583333333333334","46","0.9583333333333334","2.2916666666666665","0.8333333333333334","0.8125","4.218295237757875","1","0.14893617021276595","0.5833333333333334"
"7x7","7x7-uct-1000","uct-1000","37","6","5.979166666666667","0.9166666666666666","44","0.9166666666666666","2.5","0.8333333333333334","0.8958333333333334","6.04567577408204","1","0.10638297872340426","0.6041666666666666"
"7x7","7x7-uct-1000","uct-1000","38","6","6.104166666666667","0.9375","45","0.9375","2.9791666666666665","0.9166666666666666","0.8541666666666666","6.037175579605376","0.8","0.10638297872340426","0.6666666666666666"
"7x7","7x7-uct-1000","uct-1000","39","6","5.8125","0.9375","45","0.9375","2.6458333333333335","0.8541666666666666","0.875","6.067418377903635","1","0.14893617021276595","0.625"
"7x7","7x7-uct-1000","uct-1000","40","6","6.333333333333333","0.9583333333333334","46","0.9583333333333334","3.2916666666666665","0.9583333333333334","0.8541666666666666","6.408353635434018","0.875","0.1702127659574468","0.6041666666666666"
"7x7","7x7-uct-1000","uct-1000","41","6","6.729166666666667","0.9375","45","0.9375","3.1875","0.9375","0.8958333333333334","6.825116795105018","","0","0.8333333333333334"
"7x7","7x7-uct-1000","uct-1000","42","6","6.0625","0.9166666666666666","44","0.9166666666666666","3.2708333333333335","0.9166666666666666","0.9375","6.139318534433381","0.5","0.0425531914893617","0.7083333333333334"
"7x7","7x7-uct-1000","uct-1000","43","6","6.083333333333333","0.9583333333333334","46","0.9583333333333334","3.0625","0.8958333333333334","0.875","6.249051625893917","0.8333333333333334","0.1276595744680851","0.5833333333333334"
"7x7","7x7-uct-1000","uct-1000","44","6","6.708333333333333","0.9583333333333334","46","0.9583333333333334","2.8125","0.8125","0.8125","6.81740013491147","1","0.2127659574468085","0.5625"
"7x7","7x7-uct-1000","uct-1000","45","6","6.145833333333333","0.9583333333333334","46","0.9583333333333334","3.2708333333333335","0.9583333333333334","0.9166666666666666","6.11939880949059","1","0.02127659574468085","0.7291666666666666"
"7x7","7x7-uct-1000","uct-1000","46","6","5.5625","0.9375","45","0.9375","2.4375","0.8541666666666666","0.8958333333333334","5.483045077005296","0.6","0.10638297872340426","0.6458333333333334"
"7x7","7x7-uct-1000","uct-1000","47","6","5.354166666666667","0.9166666666666666","44","0.9166666666666666","2.6875","0.8333333333333334","0.9375","5.515511545481577","1","0.1276595744680851","0.6666666666666666"
"7x7","7x7-uct-1000","uct-1000","48","6","6.291666666666667","0.9583333333333334","46","0.9583333333333334","3.0833333333333335","0.9375","0.8958333333333334","6.408271826468425","1","0.0851063829787234","0.7083333333333334"
"7x7","7x7-uct-1000","uct-1000","49","6","4.458333333333333","0.7916666666666666","38","0.7916666666666666","2.375","0.7083333333333334","0.9375","4.4179922363461115","0.9","0.2127659574468085","0.5416666666666666"
"7x7","7x7-uct-1000","uct-1000","50","6","5.5","0.9375","45","0.9375","2.7291666666666665","0.875","0.9375","5.613169817723202","1","0.0425531914893617","0.6666666666666666"
