"board","experiment_id","iteration_limit","game_index","turn_number","progress","placement_number","mover","target","region","p1_placements_before","p2_placements_before","p1_placements_after","p2_placements_after","target_state_before","target_state_after_move","target_state_turn_end","target_p1_before","target_p2_before","target_p1_after_move","target_p2_after_move","target_p1_turn_end","target_p2_turn_end","objective_snapshot_before","objective_snapshot_after_move","objective_snapshot_turn_end"
"7x7-p84","7x7-p84-seeded-random","-1","1","4","0.071429","2","2","O50","HL","6","4","6","5","0","0","2","0","0","0","1","0","1","0:0:0|0:0:0|0:0:0|0:0:0|0:0:0|0:0:0|0:0:0|0:0:0|0:0:0|0:0:0|0:0:0|0:0:0|0:0:0|0:0:0|0:0:0|0:0:0|0:0:0|0:0:0|0:0:0|0:0:0|0:0:0|0:0:0|0:0:0|0:0:0|0:0:0|0:0:0|0:0:0|0:0:0|0:0:0|0:0:0|0:0:0|0:0:0|0:0:0|0:0:0|0:0:0|0:0:0|0:0:0|0:0:0|0:0:0|0:0:0|0:0:0|0:0:0|0:0:0|0:0:0|0:0:0|0:0:0|0:0:0|0:0:0|0:0:0","0:0:0|0:0:0|0:0:0|0:0:0|0:0:0|0:0:0|0:0:0|0:0:0|0:0:0|0:0:0|0:0:0|0:0:0|0:0:0|0:0:0|0:0:0|0:0:0|0:0:0|0:0:0|0:0:0|0:0:0|0:0:0|0:0:0|0:0:0|0:0:0|0:0:0|0:0:0|0:0:0|0:0:0|0:0:0|0:0:0|0:0:0|0:0:0|0:0:0|0:0:0|0:0:0|0:0:1|0:0:0|0:0:0|0:0:0|0:0:0|0:0:0|0:0:0|0:0:0|0:0:0|0:0:0|0:0:0|0:0:0|0:0:0|0:0:0","0:0:0|0:0:0|0:0:0|0:0:0|0:0:0|0:0:0|0:0:0|0:0:0|0:0:0|0:0:0|0:0:0|0:0:0|0:0:0|0:0:0|0:0:0|0:0:0|0:0:0|0:0:0|0:0:0|0:0:0|0:0:0|0:0:0|0:0:0|0:0:0|0:0:0|0:0:0|0:0:0|0:0:0|0:0:0|0:0:0|0:0:0|0:0:0|0:0:0|0:0:0|0:0:0|2:0:1|0:0:0|0:0:0|0:0:0|0:0:0|0:0:0|0:0:0|0:0:0|0:0:0|0:0:0|0:0:0|0:0:0|0:0:0|0:0:0"
"7x7-p84","7x7-p84-seeded-random","-1","1","9","0.160714","2","1","O56","HH","13","12","14","12","0","0","1","0","0","1","0","1","0","0:0:0|0:0:0|0:0:0|0:0:0|0:0:0|0:0:0|0:0:0|0:0:0|0:0:0|0:0:0|0:0:0|0:0:0|0:0:0|0:0:0|0:0:0|0:0:0|0:0:0|0:0:0|0:0:0|0:0:0|0:0:0|0:0:0|0:0:0|0:0:0|0:0:0|0:0:0|0:0:0|0:0:0|0:0:0|0:0:0|0:0:0|0:0:0|0:0:0|0:0:0|0:0:0|2:0:1|0:0:0|0:0:0|0:0:0|0:0:0|0:0:0|0:0:0|0:0:0|0:0:0|0:0:0|0:0:0|0:0:0|0:0:0|0:0:0","0:0:0|0:0:0|0:0:0|0:0:0|0:0:0|0:0:0|0:0:0|0:0:0|0:0:0|0:0:0|0:0:0|0:0:0|0:0:0|0:0:0|0:0:0|0:0:0|0:0:0|0:0:0|0:0:0|0:0:0|0:0:0|0:0:0|0:0:0|0:0:0|0:0:0|0:0:0|0:0:0|0:0:0|0:0:0|0:0:0|0:0:0|0:0:0|0:0:0|0:0:0|0:0:0|2:0:1|0:0:0|0:0:0|0:0:0|0:0:0|0:0:0|0:1:0|0:0:0|0:0:0|0:0:0|0:0:0|0:0:0|0:0:0|0:0:0","0:0:0|0:0:0|0:0:0|0:0:0|0:0:0|0:0:0|0:0:0|0:0:0|0:0:0|0:0:0|0:0:0|0:0:0|0:0:0|0:0:0|0:0:0|0:0:0|0:0:0|0:0:0|0:0:0|0:0:0|0:0:0|0:0:0|0:0:0|0:0:0|0:0:0|0:0:0|0:0:0|0:0:0|0:0:0|0:0:0|0:0:0|0:0:0|0:0:0|0:0:0|0:0:0|2:0:1|0:0:0|0:0:0|0:0:0|0:0:0|0:0:0|1:1:0|0:0:0|0:0:0|0:0:0|0:0:0|0:0:0|0:0:0|0:0:0"
"7x7-p84","7x7-p84-seeded-random","-1","1","10","0.178571","3","2","O61","HL","15","14","15","15","0","2","2","0","0","0","1","0","1","0:0:0|0:0:0|0:0:0|0:0:0|0:0:0|0:0:0|0:0:0|0:0:0|0:0:0|0:0:0|0:0:0|0:0:0|0:0:0|0:0:0|0:0:0|0:0:0|0:0:0|0:0:0|0:0:0|0:0:0|0:0:0|0:0:0|0:0:0|0:0:0|0:0:0|0:0:0|0:0:0|0:0:0|0:0:0|0:0:0|0:0:0|0:0:0|0:0:0|0:0:0|0:0:0|2:0:1|0:0:0|0:0:0|0:0:0|0:0:0|0:0:0|1:1:0|0:0:0|0:0:0|0:0:0|0:0:0|0:0:0|0:0:0|0:0:0","0:0:0|0:0:0|0:0:0|0:0:0|0:0:0|0:0:0|0:0:0|0:0:0|0:0:0|0:0:0|0:0:0|0:0:0|0:0:0|0:0:0|0:0:0|0:0:0|0:0:0|0:0:0|0:0:0|0:0:0|0:0:0|0:0:0|0:0:0|0:0:0|0:0:0|0:0:0|0:0:0|0:0:0|0:0:0|0:0:0|0:0:0|0:0:0|0:0:0|0:0:0|0:0:0|2:0:1|0:0:0|0:0:0|0:0:0|0:0:0|0:0:0|1:1:0|0:0:0|2:0:1|0:0:0|0:0:0|0:0:0|0:0:0|0:0:0","0:0:0|0:0:0|0:0:0|0:0:0|0:0:0|0:0:0|0:0:0|0:0:0|0:0:0|0:0:0|0:0:0|0:0:0|0:0:0|0:0:0|0:0:0|0:0:0|0:0:0|0:0:0|0:0:0|0:0:0|0:0:0|0:0:0|0:0:0|0:0:0|0:0:0|0:0:0|0:0:0|0:0:0|0:0:0|0:0:0|0:0:0|0:0:0|0:0:0|0:0:0|0:0:0|2:0:1|0:0:0|0:0:0|0:0:0|0:0:0|0:0:0|1:1:0|0:0:0|2:0:1|0:0:0|0:0:0|0:0:0|0:0:0|0:0:0"
"7x7-p84","7x7-p84-seeded-random","-1","1","11","0.196429","3","1","O56","HH","17","15","18","15","1","1","1","1","0","2","0","2","0","0:0:0|0:0:0|0:0:0|0:0:0|0:0:0|0:0:0|0:0:0|0:0:0|0:0:0|0:0:0|0:0:0|0:0:0|0:0:0|0:0:0|0:0:0|0:0:0|0:0:0|0:0:0|0:0:0|0:0:0|0:0:0|0:0:0|0:0:0|0:0:0|0:0:0|0:0:0|0:0:0|0:0:0|0:0:0|0:0:0|0:0:0|0:0:0|0:0:0|0:0:0|0:0:0|2:0:1|0:0:0|0:0:0|0:0:0|0:0:0|0:0:0|1:1:0|0:0:0|2:0:1|0:0:0|0:0:0|0:0:0|0:0:0|0:0:0","0:0:0|0:0:0|0:0:0|0:0:0|0:0:0|0:0:0|0:0:0|0:0:0|0:0:0|0:0:0|0:0:0|0:0:0|0:0:0|0:0:0|0:0:0|0:0:0|0:0:0|0:0:0|0:0:0|0:0:0|0:0:0|0:0:0|0:0:0|0:0:0|0:0:0|0:0:0|0:0:0|0:0:0|0:0:0|0:0:0|0:0:0|0:0:0|0:0:0|0:0:0|0:0:0|2:0:1|0:0:0|0:0:0|0:0:0|0:0:0|0:0:0|1:2:0|0:0:0|2:0:1|0:0:0|0:0:0|0:0:0|0:0:0|0:0:0","0:0:0|0:0:0|0:0:0|0:0:0|0:0:0|0:0:0|0:0:0|0:0:0|0:0:0|0:0:0|0:0:0|0:0:0|0:0:0|0:0:0|0:0:0|0:0:0|0:0:0|0:0:0|0:0:0|0:0:0|0:0:0|0:0:0|0:0:0|0:0:0|0:0:0|0:0:0|0:0:0|0:0:0|0:0:0|0:0:0|0:0:0|0:0:0|0:0:0|0:0:0|0:0:0|2:0:1|0:0:0|0:0:0|0:0:0|0:0:0|0:0:0|1:2:0|0:0:0|2:0:1|0:0:0|0:0:0|0:0:0|0:0:0|0:0:0"
"7x7-p84","7x7-p84-seeded-random","-1","1","13","0.232143","1","1","O55","HH","18","18","19","18","0","0","1","0","0","1","0","1","0","0:0:0|0:0:0|0:0:0|0:0:0|0:0:0|0:0:0|0:0:0|0:0:0|0:0:0|0:0:0|0:0:0|0:0:0|0:0:0|0:0:0|0:0:0|0:0:0|0:0:0|0:0:0|0:0:0|0:0:0|0:0:0|0:0:0|0:0:0|0:0:0|0:0:0|0:0:0|0:0:0|0:0:0|0:0:0|0:0:0|0:0:0|0:0:0|0:0:0|0:0:0|0:0:0|2:0:1|0:0:0|0:0:0|0:0:0|0:0:0|0:0:0|1:2:0|0:0:0|2:0:1|0:0:0|0:0:0|0:0:0|0:0:0|0:0:0","0:0:0|0:0:0|0:0:0|0:0:0|0:0:0|0:0:0|0:0:0|0:0:0|0:0:0|0:0:0|0:0:0|0:0:0|0:0:0|0:0:0|0:0:0|0:0:0|0:0:0|0:0:0|0:0:0|0:0:0|0:0:0|0:0:0|0:0:0|0:0:0|0:0:0|0:0:0|0:0:0|0:0:0|0:0:0|0:0:0|0:0:0|0:0:0|0:0:0|0:0:0|0:0:0|2:0:1|0:0:0|0:0:0|0:0:0|0:0:0|0:1:0|1:2:0|0:0:0|2:0:1|0:0:0|0:0:0|0:0:0|0:0:0|0:0:0","0:0:0|0:0:0|0:0:0|0:0:0|0:0:0|0:0:0|0:0:0|0:0:0|0:0:0|0:0:0|0:0:0|0:0:0|0:0:0|0:0:0|0:0:0|0:0:0|0:0:0|0:0:0|0:0:0|0:0:0|0:0:0|0:0:0|0:0:0|0:0:0|0:0:0|0:0:0|0:0:0|0:0:0|0:0:0|0:0:0|0:0:0|0:0:0|0:0:0|0:0:0|0:0:0|2:0:1|0:0:0|0:0:0|0:0:0|0:0:0|1:1:0|1:2:0|0:0:0|2:0:1|0:0:0|0:0:0|0:0:0|0:0:0|0:0:0"
"7x7-p84","7x7-p84-seeded-random","-1","1","14","0.250000","1","2","O04","LM","21","18","21","19","0","0","2","0","0","0","1","0","1","0:0:0|0:0:0|0:0:0|0:0:0|0:0:0|0:0:0|0:0:0|0:0:0|0:0:0|0:0:0|0:0:0|0:0:0|0:0:0|0:0:0|0:0:0|0:0:0|0:0:0|0:0:0|0:0:0|0:0:0|0:0:0|0:0:0|0:0:0|0:0:0|0:0:0|0:0:0|0:0:0|0:0:0|0:0:0|0:0:0|0:0:0|0:0:0|0:0:0|0:0:0|0:0:0|2:0:1|0:0:0|0:0:0|0:0:0|0:0:0|1:1:0|1:2:0|0:0:0|2:0:1|0:0:0|0:0:0|0:0:0|0:0:0|0:0:0","0:0:0|0:0:0|0:0:0|0:0:0|0:0:1|0:0:0|0:0:0|0:0:0|0:0:0|0:0:0|0:0:0|0:0:0|0:0:0|0:0:0|0:0:0|0:0:0|0:0:0|0:0:0|0:0:0|0:0:0|0:0:0|0:0:0|0:0:0|0:0:0|0:0:0|0:0:0|0:0:0|0:0:0|0:0:0|0:0:0|0:0:0|0:0:0|0:0:0|0:0:0|0:0:0|2:0:1|0:0:0|0:0:0|0:0:0|0:0:0|1:1:0|1:2:0|0:0:0|2:0:1|0:0:0|0:0:0|0:0:0|0:0:0|0:0:0","0:0:0|0:0:0|0:0:0|0:0:0|2:0:1|0:0:0|0:0:0|0:0:0|0:0:0|0:0:0|0:0:0|0:0:0|0:0:0|0:0:0|0:0:0|0:0:0|0:0:0|0:0:0|0:0:0|0:0:0|0:0:0|0:0:0|0:0:0|0:0:0|0:0:0|0:0:0|0:0:0|0:0:0|0:0:0|0:0:0|0:0:0|0:0:0|0:0:0|0:0:0|0:0:0|2:0:1|0:0:0|0:0:0|0:0:0|0:0:0|1:1:0|1:2:0|0:0:0|2:0:1|0:0:0|0:0:0|0:0:0|0:0:0|0:0:0"
"7x7-p84","7x7-p84-seeded-random","-1","1","16","0.285714","1","2","O13","LM","24","21","24","22","0","0","2","0","0","0","1","0","1","0:0:0|0:0:0|0:0:0|0:0:0|2:0:1|0:0:0|0:0:0|0:0:0|0:0:0|0:0:0|0:0:0|0:0:0|0:0:0|0:0:0|0:0:0|0:0:0|0:0:0|0:0:0|0:0:0|0:0:0|0:0:0|0:0:0|0:0:0|0:0:0|0:0:0|0:0:0|0:0:0|0:0:0|0:0:0|0:0:0|0:0:0|0:0:0|0:0:0|0:0:0|0:0:0|2:0:1|0:0:0|0:0:0|0:0:0|0:0:0|1:1:0|1:2:0|0:0:0|2:0:1|0:0:0|0:0:0|0:0:0|0:0:0|0:0:0","0:0:0|0:0:0|0:0:0|0:0:0|2:0:1|0:0:0|0:0:0|0:0:0|0:0:0|0:0:0|0:0:1|0:0:0|0:0:0|0:0:0|0:0:0|0:0:0|0:0:0|0:0:0|0:0:0|0:0:0|0:0:0|0:0:0|0:0:0|0:0:0|0:0:0|0:0:0|0:0:0|0:0:0|0:0:0|0:0:0|0:0:0|0:0:0|0:0:0|0:0:0|0:0:0|2:0:1|0:0:0|0:0:0|0:0:0|0:0:0|1:1:0|1:2:0|0:0:0|2:0:1|0:0:0|0:0:0|0:0:0|0:0:0|0:0:0","0:0:0|0:0:0|0:0:0|0:0:0|2:0:1|0:0:0|0:0:0|0:0:0|0:0:0|0:0:0|2:0:1|0:0:0|0:0:0|0:0:0|0:0:0|0:0:0|0:0:0|0:0:0|0:0:0|0:0:0|0:0:0|0:0:0|0:0:0|0:0:0|0:0:0|0:0:0|0:0:0|0:0:0|0:0:0|0:0:0|0:0:0|0:0:0|0:0:0|0:0:0|0:0:0|2:0:1|0:0:0|0:0:0|0:0:0|0:0:0|1:1:0|1:2:0|0:0:0|2:0:1|0:0:0|0:0:0|0:0:0|0:0:0|0:0:0"
"7x7-p84","7x7-p84-seeded-random","-1","1","17","0.303571","1","1","O66","HH","24","24","25","24","0","0","1","0","0","1","0","1","0","0:0:0|0:0:0|0:0:0|0:0:0|2:0:1|0:0:0|0:0:0|0:0:0|0:0:0|0:0:0|2:0:1|0:0:0|0:0:0|0:0:0|0:0:0|0:0:0|0:0:0|0:0:0|0:0:0|0:0:0|0:0:0|0:0:0|0:0:0|0:0:0|0:0:0|0:0:0|0:0:0|0:0:0|0:0:0|0:0:0|0:0:0|0:0:0|0:0:0|0:0:0|0:0:0|2:0:1|0:0:0|0:0:0|0:0:0|0:0:0|1:1:0|1:2:0|0:0:0|2:0:1|0:0:0|0:0:0|0:0:0|0:0:0|0:0:0","0:0:0|0:0:0|0:0:0|0:0:0|2:0:1|0:0:0|0:0:0|0:0:0|0:0:0|0:0:0|2:0:1|0:0:0|0:0:0|0:0:0|0:0:0|0:0:0|0:0:0|0:0:0|0:0:0|0:0:0|0:0:0|0:0:0|0:0:0|0:0:0|0:0:0|0:0:0|0:0:0|0:0:0|0:0:0|0:0:0|0:0:0|0:0:0|0:0:0|0:0:0|0:0:0|2:0:1|0:0:0|0:0:0|0:0:0|0:0:0|1:1:0|1:2:0|0:0:0|2:0:1|0:0:0|0:0:0|0:0:0|0:0:0|0:1:0","0:0:0|0:0:0|0:0:0|0:0:0|2:0:1|0:0:0|0:0:0|0:0:0|0:0:0|0:0:0|2:0:1|0:0:0|0:0:0|0:0:0|0:0:0|0:0:0|0:0:0|0:0:0|0:0:0|0:0:0|0:0:0|0:0:0|0:0:0|0:0:0|0:0:0|0:0:0|0:0:0|0:0:0|0:0:0|0:0:0|0:0:0|0:0:0|1:1:0|0:0:0|0:0:0|0:1:1|0:0:0|0:0:0|0:0:0|0:0:0|1:1:0|1:2:0|0:0:0|2:0:1|0:0:0|0:0:0|0:0:0|0:0:0|1:1:0"
"7x7-p84","7x7-p84-seeded-random","-1","1","17","0.303571","2","1","O44","MM","25","24","26","24","0","0","1","0","0","1","0","1","0","0:0:0|0:0:0|0:0:0|0:0:0|2:0:1|0:0:0|0:0:0|0:0:0|0:0:0|0:0:0|2:0:1|0:0:0|0:0:0|0:0:0|0:0:0|0:0:0|0:0:0|0:0:0|0:0:0|0:0:0|0:0:0|0:0:0|0:0:0|0:0:0|0:0:0|0:0:0|0:0:0|0:0:0|0:0:0|0:0:0|0:0:0|0:0:0|0:0:0|0:0:0|0:0:0|2:0:1|0:0:0|0:0:0|0:0:0|0:0:0|1:1:0|1:2:0|0:0:0|2:0:1|0:0:0|0:0:0|0:0:0|0:0:0|0:1:0","0:0:0|0:0:0|0:0:0|0:0:0|2:0:1|0:0:0|0:0:0|0:0:0|0:0:0|0:0:0|2:0:1|0:0:0|0:0:0|0:0:0|0:0:0|0:0:0|0:0:0|0:0:0|0:0:0|0:0:0|0:0:0|0:0:0|0:0:0|0:0:0|0:0:0|0:0:0|0:0:0|0:0:0|0:0:0|0:0:0|0:0:0|0:0:0|0:1:0|0:0:0|0:0:0|2:0:1|0:0:0|0:0:0|0:0:0|0:0:0|1:1:0|1:2:0|0:0:0|2:0:1|0:0:0|0:0:0|0:0:0|0:0:0|0:1:0","0:0:0|0:0:0|0:0:0|0:0:0|2:0:1|0:0:0|0:0:0|0:0:0|0:0:0|0:0:0|2:0:1|0:0:0|0:0:0|0:0:0|0:0:0|0:0:0|0:0:0|0:0:0|0:0:0|0:0:0|0:0:0|0:0:0|0:0:0|0:0:0|0:0:0|0:0:0|0:0:0|0:0:0|0:0:0|0:0:0|0:0:0|0:0:0|1:1:0|0:0:0|0:0:0|0:1:1|0:0:0|0:0:0|0:0:0|0:0:0|1:1:0|1:2:0|0:0:0|2:0:1|0:0:0|0:0:0|0:0:0|0:0:0|1:1:0"
"7x7-p84","7x7-p84-seeded-random","-1","1","17","0.303571","3","1","O50","HL","26","24","27","24","2","0","0","0","1","1","1","1","1","0:0:0|0:0:0|0:0:0|0:0:0|2:0:1|0:0:0|0:0:0|0:0:0|0:0:0|0:0:0|2:0:1|0:0:0|0:0:0|0:0:0|0:0:0|0:0:0|0:0:0|0:0:0|0:0:0|0:0:0|0:0:0|0:0:0|0:0:0|0:0:0|0:0:0|0:0:0|0:0:0|0:0:0|0:0:0|0:0:0|0:0:0|0:0:0|0:1:0|0:0:0|0:0:0|2:0:1|0:0:0|0:0:0|0:0:0|0:0:0|1:1:0|1:2:0|0:0:0|2:0:1|0:0:0|0:0:0|0:0:0|0:0:0|0:1:0","0:0:0|0:0:0|0:0:0|0:0:0|2:0:1|0:0:0|0:0:0|0:0:0|0:0:0|0:0:0|2:0:1|0:0:0|0:0:0|0:0:0|0:0:0|0:0:0|0:0:0|0:0:0|0:0:0|0:0:0|0:0:0|0:0:0|0:0:0|0:0:0|0:0:0|0:0:0|0:0:0|0:0:0|0:0:0|0:0:0|0:0:0|0:0:0|1:1:0|0:0:0|0:0:0|0:1:1|0:0:0|0:0:0|0:0:0|0:0:0|1:1:0|1:2:0|0:0:0|2:0:1|0:0:0|0:0:0|0:0:0|0:0:0|1:1:0","0:0:0|0:0:0|0:0:0|0:0:0|2:0:1|0:0:0|0:0:0|0:0:0|0:0:0|0:0:0|2:0:1|0:0:0|0:0:0|0:0:0|0:0:0|0:0:0|0:0:0|0:0:0|0:0:0|0:0:0|0:0:0|0:0:0|0:0:0|0:0:0|0:0:0|0:0:0|0:0:0|0:0:0|0:0:0|0:0:0|0:0:0|0:0:0|1:1:0|0:0:0|0:0:0|0:1:1|0:0:0|0:0:0|0:0:0|0:0:0|1:1:0|1:2:0|0:0:0|2:0:1|0:0:0|0:0:0|0:0:0|0:0:0|1:1:0"
"7x7-p84","7x7-p84-seeded-random","-1","1","18","0.321429","1","2","O25","MH","27","24","27","25","0","0","2","0","0","0","1","0","1","0:0:0|0:0:0|0:0:0|0:0:0|2:0:1|0:0:0|0:0:0|0:0:0|0:0:0|0:0:0|2:0:1|0:0:0|0:0:0|0:0:0|0:0:0|0:0:0|0:0:0|0:0:0|0:0:0|0:0:0|0:0:0|0:0:0|0:0:0|0:0:0|0:0:0|0:0:0|0:0:0|0:0:0|0:0:0|0:0:0|0:0:0|0:0:0|1:1:0|0:0:0|0:0:0|0:1:1|0:0:0|0:0:0|0:0:0|0:0:0|1:1:0|1:2:0|0:0:0|2:0:1|0:0:0|0:0:0|0:0:0|0:0:0|1:1:0","0:0:0|0:0:0|0:0:0|0:0:0|2:0:1|0:0:0|0:0:0|0:0:0|0:0:0|0:0:0|2:0:1|0:0:0|0:0:0|0:0:0|0:0:0|0:0:0|0:0:0|0:0:0|0:0:0|0:0:1|0:0:0|0:0:0|0:0:0|0:0:0|0:0:0|0:0:0|0:0:0|0:0:0|0:0:0|0:0:0|0:0:0|0:0:0|1:1:0|0:0:0|0:0:0|0:1:1|0:0:0|0:0:0|0:0:0|0:0:0|1:1:0|1:2:0|0:0:0|2:0:1|0:0:0|0:0:0|0:0:0|0:0:0|1:1:0","0:0:0|0:0:0|0:0:0|0:0:0|2:0:1|0:0:0|0:0:0|0:0:0|0:0:0|0:0:0|2:0:1|0:0:0|0:0:0|0:0:0|0:0:0|0:0:0|0:0:0|0:0:0|0:0:0|2:0:1|0:0:0|0:0:0|0:0:0|0:0:0|0:0:0|0:0:0|0:0:0|0:0:0|0:0:0|0:0:0|0:0:0|0:0:0|1:1:0|0:0:0|0:0:0|0:1:1|0:0:0|0:0:0|0:0:0|0:0:0|1:1:0|1:2:0|0:0:0|2:0:2|0:0:0|0:0:0|0:0:0|0:0:0|1:1:0"
"7x7-p84","7x7-p84-seeded-random","-1","1","18","0.321429","2","2","O61","HL","27","25","27","26","2","2","2","0","1","0","2","0","2","0:0:0|0:0:0|0:0:0|0:0:0|2:0:1|0:0:0|0:0:0|0:0:0|0:0:0|0:0:0|2:0:1|0:0:0|0:0:0|0:0:0|0:0:0|0:0:0|0:0:0|0:0:0|0:0:0|0:0:1|0:0:0|0:0:0|0:0:0|0:0:0|0:0:0|0:0:0|0:0:0|0:0:0|0:0:0|0:0:0|0:0:0|0:0:0|1:1:0|0:0:0|0:0:0|0:1:1|0:0:0|0:0:0|0:0:0|0:0:0|1:1:0|1:2:0|0:0:0|2:0:1|0:0:0|0:0:0|0:0:0|0:0:0|1:1:0","0:0:0|0:0:0|0:0:0|0:0:0|2:0:1|0:0:0|0:0:0|0:0:0|0:0:0|0:0:0|2:0:1|0:0:0|0:0:0|0:0:0|0:0:0|0:0:0|0:0:0|0:0:0|0:0:0|0:0:1|0:0:0|0:0:0|0:0:0|0:0:0|0:0:0|0:0:0|0:0:0|0:0:0|0:0:0|0:0:0|0:0:0|0:0:0|1:1:0|0:0:0|0:0:0|0:1:1|0:0:0|0:0:0|0:0:0|0:0:0|1:1:0|1:2:0|0:0:0|2:0:2|0:0:0|0:0:0|0:0:0|0:0:0|1:1:0","0:0:0|0:0:0|0:0:0|0:0:0|2:0:1|0:0:0|0:0:0|0:0:0|0:0:0|0:0:0|2:0:1|0:0:0|0:0:0|0:0:0|0:0:0|0:0:0|0:0:0|0:0:0|0:0:0|2:0:1|0:0:0|0:0:0|0:0:0|0:0:0|0:0:0|0:0:0|0:0:0|0:0:0|0:0:0|0:0:0|0:0:0|0:0:0|1:1:0|0:0:0|0:0:0|0:1:1|0:0:0|0:0:0|0:0:0|0:0:0|1:1:0|1:2:0|0:0:0|2:0:2|0:0:0|0:0:0|0:0:0|0:0:0|1:1:0"
"7x7-p84","7x7-p84-seeded-random","-1","1","19","0.339286","2","1","O33","MM","28","27","29","27","0","0","1","0","0","1","0","1","0","0:0:0|0:0:0|0:0:0|0:0:0|2:0:1|0:0:0|0:0:0|0:0:0|0:0:0|0:0:0|2:0:1|0:0:0|0:0:0|0:0:0|0:0:0|0:0:0|0:0:0|0:0:0|0:0:0|2:0:1|0:0:0|0:0:0|0:0:0|0:0:0|0:0:0|0:0:0|0:0:0|0:0:0|0:0:0|0:0:0|0:0:0|0:0:0|1:1:0|0:0:0|0:0:0|0:1:1|0:0:0|0:0:0|0:0:0|0:0:0|1:1:0|1:2:0|0:0:0|2:0:2|0:0:0|0:0:0|0:0:0|0:0:0|1:1:0","0:0:0|0:0:0|0:0:0|0:0:0|2:0:1|0:0:0|0:0:0|0:0:0|0:0:0|0:0:0|2:0:1|0:0:0|0:0:0|0:0:0|0:0:0|0:0:0|0:0:0|0:0:0|0:0:0|2:0:1|0:0:0|0:0:0|0:0:0|0:0:0|0:1:0|0:0:0|0:0:0|0:0:0|0:0:0|0:0:0|0:0:0|0:0:0|1:1:0|0:0:0|0:0:0|0:1:1|0:0:0|0:0:0|0:0:0|0:0:0|1:1:0|1:2:0|0:0:0|2:0:2|0:0:0|0:0:0|0:0:0|0:0:0|1:1:0","0:0:0|0:0:0|0:0:0|0:0:0|2:0:1|0:0:0|0:0:0|0:0:0|0:0:0|0:0:0|2:0:1|0:0:0|0:0:0|0:0:0|0:0:0|0:0:0|0:0:0|0:0:0|0:0:0|2:0:1|0:0:0|0:0:0|0:0:0|0:0:0|1:1:0|0:0:0|0:0:0|0:0:0|0:0:0|0:0:0|0:0:0|0:0:0|1:1:0|0:0:0|0:0:0|0:1:1|0:0:0|0:0:0|0:0:0|0:0:0|1:1:0|1:2:0|0:0:0|2:0:2|0:0:0|0:0:0|0:0:0|0:0:0|1:1:0"
"7x7-p84","7x7-p84-seeded-random","-1","1","20","0.357143","2","2","O16","LH","30","28","30","29","0","0","2","0","0","0","1","0","1","0:0:0|0:0:0|0:0:0|0:0:0|2:0:1|0:0:0|0:0:0|0:0:0|0:0:0|0:0:0|2:0:1|0:0:0|0:0:0|0:0:0|0:0:0|0:0:0|0:0:0|0:0:0|0:0:0|2:0:1|0:0:0|0:0:0|0:0:0|0:0:0|1:1:0|0:0:0|0:0:0|0:0:0|0:0:0|0:0:0|0:0:0|0:0:0|1:1:0|0:0:0|0:0:0|0:1:1|0:0:0|0:0:0|0:0:0|0:0:0|1:1:0|1:2:0|0:0:0|2:0:2|0:0:0|0:0:0|0:0:0|0:0:0|1:1:0","0:0:0|0:0:0|0:0:0|0:0:0|2:0:1|0:0:0|0:0:0|0:0:0|0:0:0|0:0:0|2:0:1|0:0:0|0:0:0|0:0:1|0:0:0|0:0:0|0:0:0|0:0:0|0:0:0|2:0:1|0:0:0|0:0:0|0:0:0|0:0:0|1:1:0|0:0:0|0:0:0|0:0:0|0:0:0|0:0:0|0:0:0|0:0:0|1:1:0|0:0:0|0:0:0|0:1:1|0:0:0|0:0:0|0:0:0|0:0:0|1:1:0|1:2:0|0:0:0|2:0:2|0:0:0|0:0:0|0:0:0|0:0:0|1:1:0","0:0:0|0:0:0|0:0:0|0:0:0|2:0:1|0:0:0|0:0:0|0:0:0|0:0:0|0:0:0|2:0:1|0:0:0|0:0:0|2:0:1|0:0:0|0:0:0|0:0:0|0:0:0|0:0:0|2:0:1|0:0:0|0:0:0|0:0:0|0:0:0|1:1:0|0:0:0|0:0:0|0:0:0|0:0:0|0:0:0|0:0:0|0:0:0|1:1:0|0:0:0|0:0:0|0:1:1|0:0:0|0:0:0|0:0:0|0:0:0|1:1:0|1:2:0|0:0:0|2:0:2|0:0:0|0:0:0|0:0:0|0:0:0|1:1:0"
"7x7-p84","7x7-p84-seeded-random","-1","1","21","0.375000","2","1","O45","MH","31","30","32","30","0","0","1","0","0","1","0","1","0","0:0:0|0:0:0|0:0:0|0:0:0|2:0:1|0:0:0|0:0:0|0:0:0|0:0:0|0:0:0|2:0:1|0:0:0|0:0:0|2:0:1|0:0:0|0:0:0|0:0:0|0:0:0|0:0:0|2:0:1|0:0:0|0:0:0|0:0:0|0:0:0|1:1:0|0:0:0|0:0:0|0:0:0|0:0:0|0:0:0|0:0:0|0:0:0|1:1:0|0:0:0|0:0:0|0:1:1|0:0:0|0:0:0|0:0:0|0:0:0|1:1:0|1:2:0|0:0:0|2:0:2|0:0:0|0:0:0|0:0:0|0:0:0|1:1:0","0:0:0|0:0:0|0:0:0|0:0:0|2:0:1|0:0:0|0:0:0|0:0:0|0:0:0|0:0:0|2:0:1|0:0:0|0:0:0|2:0:1|0:0:0|0:0:0|0:0:0|0:0:0|0:0:0|2:0:1|0:0:0|0:0:0|0:0:0|0:0:0|1:1:0|0:0:0|0:0:0|0:0:0|0:0:0|0:0:0|0:0:0|0:0:0|1:1:0|0:1:0|0:0:0|0:1:1|0:0:0|0:0:0|0:0:0|0:0:0|1:1:0|1:2:0|0:0:0|2:0:2|0:0:0|0:0:0|0:0:0|0:0:0|1:1:0","0:0:0|0:0:0|0:0:0|0:0:0|2:0:1|0:0:0|0:0:0|0:0:0|0:0:0|0:0:0|2:0:1|0:0:0|0:0:0|2:0:1|0:0:0|0:0:0|0:0:0|0:0:0|0:0:0|2:0:1|0:0:0|0:0:0|0:0:0|1:1:0|1:1:0|0:0:0|0:0:0|0:0:0|0:0:0|0:0:0|0:0:0|0:0:0|1:1:0|1:1:0|0:0:0|0:1:1|0:0:0|0:0:0|0:0:0|0:0:0|1:1:0|1:2:0|0:0:0|2:0:2|0:0:0|0:0:0|0:0:0|0:0:0|1:1:0"
"7x7-p84","7x7-p84-seeded-random","-1","1","21","0.375000","3","1","O32","MM","32","30","33","30","0","1","1","0","0","1","0","1","0","0:0:0|0:0:0|0:0:0|0:0:0|2:0:1|0:0:0|0:0:0|0:0:0|0:0:0|0:0:0|2:0:1|0:0:0|0:0:0|2:0:1|0:0:0|0:0:0|0:0:0|0:0:0|0:0:0|2:0:1|0:0:0|0:0:0|0:0:0|0:0:0|1:1:0|0:0:0|0:0:0|0:0:0|0:0:0|0:0:0|0:0:0|0:0:0|1:1:0|0:1:0|0:0:0|0:1:1|0:0:0|0:0:0|0:0:0|0:0:0|1:1:0|1:2:0|0:0:0|2:0:2|0:0:0|0:0:0|0:0:0|0:0:0|1:1:0","0:0:0|0:0:0|0:0:0|0:0:0|2:0:1|0:0:0|0:0:0|0:0:0|0:0:0|0:0:0|2:0:1|0:0:0|0:0:0|2:0:1|0:0:0|0:0:0|0:0:0|0:0:0|0:0:0|2:0:1|0:0:0|0:0:0|0:0:0|1:1:0|1:1:0|0:0:0|0:0:0|0:0:0|0:0:0|0:0:0|0:0:0|0:0:0|1:1:0|1:1:0|0:0:0|0:1:1|0:0:0|0:0:0|0:0:0|0:0:0|1:1:0|1:2:0|0:0:0|2:0:2|0:0:0|0:0:0|0:0:0|0:0:0|1:1:0","0:0:0|0:0:0|0:0:0|0:0:0|2:0:1|0:0:0|0:0:0|0:0:0|0:0:0|0:0:0|2:0:1|0:0:0|0:0:0|2:0:1|0:0:0|0:0:0|0:0:0|0:0:0|0:0:0|2:0:1|0:0:0|0:0:0|0:0:0|1:1:0|1:1:0|0:0:0|0:0:0|0:0:0|0:0:0|0:0:0|0:0:0|0:0:0|1:1:0|1:1:0|0:0:0|0:1:1|0:0:0|0:0:0|0:0:0|0:0:0|1:1:0|1:2:0|0:0:0|2:0:2|0:0:0|0:0:0|0:0:0|0:0:0|1:1:0"
"7x7-p84","7x7-p84-seeded-random","-1","1","22","0.392857","1","2","O00","LL","33","30","33","31","0","0","2","0","0","0","1","0","1","0:0:0|0:0:0|0:0:0|0:0:0|2:0:1|0:0:0|0:0:0|0:0:0|0:0:0|0:0:0|2:0:1|0:0:0|0:0:0|2:0:1|0:0:0|0:0:0|0:0:0|0:0:0|0:0:0|2:0:1|0:0:0|0:0:0|0:0:0|1:1:0|1:1:0|0:0:0|0:0:0|0:0:0|0:0:0|0:0:0|0:0:0|0:0:0|1:1:0|1:1:0|0:0:0|0:1:1|0:0:0|0:0:0|0:0:0|0:0:0|1:1:0|1:2:0|0:0:0|2:0:2|0:0:0|0:0:0|0:0:0|0:0:0|1:1:0","0:0:1|0:0:0|0:0:0|0:0:0|2:0:1|0:0:0|0:0:0|0:0:0|0:0:0|0:0:0|2:0:1|0:0:0|0:0:0|2:0:1|0:0:0|0:0:0|0:0:0|0:0:0|0:0:0|2:0:1|0:0:0|0:0:0|0:0:0|1:1:0|1:1:0|0:0:0|0:0:0|0:0:0|0:0:0|0:0:0|0:0:0|0:0:0|1:1:0|1:1:0|0:0:0|0:1:1|0:0:0|0:0:0|0:0:0|0:0:0|1:1:0|1:2:0|0:0:0|2:0:2|0:0:0|0:0:0|0:0:0|0:0:0|1:1:0","2:0:1|0:0:0|0:0:0|0:0:0|2:0:1|0:0:0|0:0:0|0:0:0|0:0:0|0:0:0|2:0:1|2:0:1|0:0:0|2:0:1|0:0:0|0:0:0|0:0:0|0:0:0|0:0:0|2:0:1|0:0:0|0:0:0|0:0:0|1:1:0|1:1:0|0:0:0|0:0:0|0:0:0|0:0:0|0:0:0|0:0:0|0:0:0|1:1:0|1:1:0|0:0:0|0:1:1|0:0:0|0:0:0|0:0:0|0:0:0|1:1:0|1:2:0|0:0:0|2:0:2|0:0:0|0:0:0|0:0:0|0:0:0|1:1:0"
"7x7-p84","7x7-p84-seeded-random","-1","1","22","0.392857","2","2","O14","LM","33","31","33","32","0","0","2","0","0","0","1","0","1","0:0:1|0:0:0|0:0:0|0:0:0|2:0:1|0:0:0|0:0:0|0:0:0|0:0:0|0:0:0|2:0:1|0:0:0|0:0:0|2:0:1|0:0:0|0:0:0|0:0:0|0:0:0|0:0:0|2:0:1|0:0:0|0:0:0|0:0:0|1:1:0|1:1:0|0:0:0|0:0:0|0:0:0|0:0:0|0:0:0|0:0:0|0:0:0|1:1:0|1:1:0|0:0:0|0:1:1|0:0:0|0:0:0|0:0:0|0:0:0|1:1:0|1:2:0|0:0:0|2:0:2|0:0:0|0:0:0|0:0:0|0:0:0|1:1:0","0:0:1|0:0:0|0:0:0|0:0:0|2:0:1|0:0:0|0:0:0|0:0:0|0:0:0|0:0:0|2:0:1|0:0:1|0:0:0|2:0:1|0:0:0|0:0:0|0:0:0|0:0:0|0:0:0|2:0:1|0:0:0|0:0:0|0:0:0|1:1:0|1:1:0|0:0:0|0:0:0|0:0:0|0:0:0|0:0:0|0:0:0|0:0:0|1:1:0|1:1:0|0:0:0|0:1:1|0:0:0|0:0:0|0:0:0|0:0:0|1:1:0|1:2:0|0:0:0|2:0:2|0:0:0|0:0:0|0:0:0|0:0:0|1:1:0","2:0:1|0:0:0|0:0:0|0:0:0|2:0:1|0:0:0|0:0:0|0:0:0|0:0:0|0:0:0|2:0:1|2:0:1|0:0:0|2:0:1|0:0:0|0:0:0|0:0:0|0:0:0|0:0:0|2:0:1|0:0:0|0:0:0|0:0:0|1:1:0|1:1:0|0:0:0|0:0:0|0:0:0|0:0:0|0:0:0|0:0:0|0:0:0|1:1:0|1:1:0|0:0:0|0:1:1|0:0:0|0:0:0|0:0:0|0:0:0|1:1:0|1:2:0|0:0:0|2:0:2|0:0:0|0:0:0|0:0:0|0:0:0|1:1:0"
"7x7-p84","7x7-p84-seeded-random","-1","1","23","0.410714","2","1","O64","HM","34","33","35","33","0","0","1","0","0","1","0","1","0","2:0:1|0:0:0|0:0:0|0:0:0|2:0:1|0:0:0|0:0:0|0:0:0|0:0:0|0:0:0|2:0:1|2:0:1|0:0:0|2:0:1|0:0:0|0:0:0|0:0:0|0:0:0|0:0:0|2:0:1|0:0:0|0:0:0|0:0:0|1:1:0|1:1:0|0:0:0|0:0:0|0:0:0|0:0:0|0:0:0|0:0:0|0:0:0|1:1:0|1:1:0|0:0:0|0:1:1|0:0:0|0:0:0|0:0:0|0:0:0|1:1:0|1:2:0|0:0:0|2:0:2|0:0:0|0:0:0|0:0:0|0:0:0|1:1:0","2:0:1|0:0:0|0:0:0|0:0:0|2:0:1|0:0:0|0:0:0|0:0:0|0:0:0|0:0:0|2:0:1|2:0:1|0:0:0|2:0:1|0:0:0|0:0:0|0:0:0|0:0:0|0:0:0|2:0:1|0:0:0|0:0:0|0:0:0|1:1:0|1:1:0|0:0:0|0:0:0|0:0:0|0:0:0|0:0:0|0:0:0|0:0:0|1:1:0|1:1:0|0:0:0|0:1:1|0:0:0|0:0:0|0:0:0|0:0:0|1:1:0|1:2:0|0:0:0|2:0:2|0:0:0|0:0:0|0:1:0|0:0:0|1:1:0","2:0:1|0:0:0|0:0:0|0:0:0|2:0:1|0:0:0|0:0:0|0:0:0|0:0:0|0:0:0|2:0:1|2:0:1|0:0:0|2:0:1|0:0:0|0:0:0|0:0:0|0:0:0|0:0:0|2:0:1|0:0:0|0:0:0|0:0:0|1:1:0|1:1:0|0:0:0|0:0:0|0:0:0|0:0:0|0:0:0|0:0:0|0:0:0|1:1:0|1:1:0|0:0:0|0:1:1|0:0:0|0:0:0|0:0:0|0:0:0|1:1:0|1:2:0|0:0:0|2:0:2|0:0:0|0:0:0|1:1:0|0:0:0|1:1:0"
"7x7-p84","7x7-p84-seeded-random","-1","1","24","0.428571","1","2","O50","HL","36","33","36","34","0","0","2","1","1","1","2","1","2","2:0:1|0:0:0|0:0:0|0:0:0|2:0:1|0:0:0|0:0:0|0:0:0|0:0:0|0:0:0|2:0:1|2:0:1|0:0:0|2:0:1|0:0:0|0:0:0|0:0:0|0:0:0|0:0:0|2:0:1|0:0:0|0:0:0|0:0:0|1:1:0|1:1:0|0:0:0|0:0:0|0:0:0|0:0:0|0:0:0|0:0:0|0:0:0|1:1:0|1:1:0|0:0:0|0:1:1|0:0:0|0:0:0|0:0:0|0:0:0|1:1:0|1:2:0|0:0:0|2:0:2|0:0:0|0:0:0|1:1:0|0:0:0|1:1:0","2:0:1|0:0:0|0:0:0|0:0:0|2:0:1|0:0:0|0:0:0|0:0:0|0:0:0|0:0:0|2:0:1|2:0:1|0:0:0|2:0:1|0:0:0|0:0:0|0:0:0|0:0:0|0:0:0|2:0:1|0:0:0|0:0:0|0:0:0|1:1:0|1:1:0|0:0:0|0:0:0|0:0:0|0:0:0|0:0:0|0:0:0|0:0:0|1:1:0|1:1:0|0:0:0|0:1:2|0:0:0|0:0:0|0:0:0|0:0:0|1:1:0|1:2:0|0:0:0|2:0:2|0:0:0|0:0:0|1:1:0|0:0:0|1:1:0","2:0:1|0:0:0|0:0:0|0:0:0|2:0:1|0:0:0|0:0:0|0:0:0|0:0:0|0:0:0|2:0:1|2:0:1|0:0:0|2:0:1|0:0:0|0:0:0|0:0:0|0:0:0|0:0:0|2:0:1|0:0:0|0:0:0|0:0:0|1:1:0|1:1:0|0:0:0|0:0:0|0:0:0|0:0:0|0:0:0|0:0:0|0:0:0|1:1:0|1:1:0|0:0:0|2:1:2|0:0:0|0:0:0|0:0:0|0:0:0|1:1:0|1:2:0|0:0:0|2:0:2|0:0:0|0:0:0|1:1:0|0:0:0|1:1:0"
"7x7-p84","7x7-p84-seeded-random","-1","1","25","0.446429","1","1","O14","LM","36","36","37","36","2","2","0","0","1","1","1","1","1","2:0:1|0:0:0|0:0:0|0:0:0|2:0:1|0:0:0|0:0:0|0:0:0|0:0:0|0:0:0|2:0:1|2:0:1|0:0:0|2:0:1|0:0:0|0:0:0|0:0:0|0:0:0|0:0:0|2:0:1|0:0:0|0:0:0|0:0:0|1:1:0|1:1:0|0:0:0|0:0:0|0:0:0|0:0:0|0:0:0|0:0:0|0:0:0|1:1:0|1:1:0|0:0:0|2:1:2|0:0:0|0:0:0|0:0:0|0:0:0|1:1:0|1:2:0|0:0:0|2:0:2|0:0:0|0:0:0|1:1:0|0:0:0|1:1:0","2:0:1|0:0:0|0:0:0|0:0:0|2:0:1|0:0:0|0:0:0|0:0:0|0:0:0|0:0:0|2:0:1|2:1:1|0:0:0|2:0:1|0:0:0|0:0:0|0:0:0|0:0:0|0:0:0|2:0:1|0:0:0|0:0:0|0:0:0|1:1:0|1:1:0|0:0:0|0:0:0|0:0:0|0:0:0|0:0:0|0:0:0|0:0:0|1:1:0|1:1:0|0:0:0|2:1:2|0:0:0|0:0:0|0:0:0|0:0:0|1:1:0|1:2:0|0:0:0|2:0:2|0:0:0|0:0:0|1:1:0|0:0:0|1:1:0","2:0:1|0:0:0|0:0:0|0:0:0|2:0:1|0:0:0|0:0:0|1:1:0|0:0:0|0:0:0|2:0:1|0:1:1|0:0:0|2:0:1|0:0:0|0:0:0|0:0:0|0:0:0|0:0:0|2:0:1|0:0:0|0:0:0|0:0:0|1:1:0|1:1:0|0:0:0|0:0:0|0:0:0|0:0:0|0:0:0|0:0:0|0:0:0|1:1:0|1:1:0|0:0:0|2:1:2|0:0:0|0:0:0|0:0:0|0:0:0|1:1:0|1:2:0|0:0:0|2:0:2|0:0:0|0:0:0|1:1:0|0:0:0|1:1:0"
"7x7-p84","7x7-p84-seeded-random","-1","1","25","0.446429","3","1","O10","LL","38","36","39","36","0","1","1","0","0","1","0","1","0","2:0:1|0:0:0|0:0:0|0:0:0|2:0:1|0:0:0|0:0:0|0:0:0|0:0:0|0:0:0|2:0:1|2:1:1|0:0:0|2:0:1|0:0:0|0:0:0|0:0:0|0:0:0|0:0:0|2:0:1|0:0:0|0:0:0|0:0:0|1:1:0|1:1:0|0:0:0|0:0:0|0:0:0|0:0:0|0:0:0|0:0:0|0:0:0|1:1:0|1:1:0|0:0:0|2:1:2|0:0:0|0:0:0|0:0:0|0:0:0|1:1:0|1:2:0|0:0:0|2:0:2|0:0:0|0:0:0|1:1:0|0:0:0|1:1:0","2:0:1|0:0:0|0:0:0|0:0:0|2:0:1|0:0:0|0:0:0|1:1:0|0:0:0|0:0:0|2:0:1|0:1:1|0:0:0|2:0:1|0:0:0|0:0:0|0:0:0|0:0:0|0:0:0|2:0:1|0:0:0|0:0:0|0:0:0|1:1:0|1:1:0|0:0:0|0:0:0|0:0:0|0:0:0|0:0:0|0:0:0|0:0:0|1:1:0|1:1:0|0:0:0|2:1:2|0:0:0|0:0:0|0:0:0|0:0:0|1:1:0|1:2:0|0:0:0|2:0:2|0:0:0|0:0:0|1:1:0|0:0:0|1:1:0","2:0:1|0:0:0|0:0:0|0:0:0|2:0:1|0:0:0|0:0:0|1:1:0|0:0:0|0:0:0|2:0:1|0:1:1|0:0:0|2:0:1|0:0:0|0:0:0|0:0:0|0:0:0|0:0:0|2:0:1|0:0:0|0:0:0|0:0:0|1:1:0|1:1:0|0:0:0|0:0:0|0:0:0|0:0:0|0:0:0|0:0:0|0:0:0|1:1:0|1:1:0|0:0:0|2:1:2|0:0:0|0:0:0|0:0:0|0:0:0|1:1:0|1:2:0|0:0:0|2:0:2|0:0:0|0:0:0|1:1:0|0:0:0|1:1:0"
"7x7-p84","7x7-p84-seeded-random","-1","1","28","0.500000","1","2","O24","MM","42","39","42","40","0","0","2","0","0","0","1","0","1","2:0:1|0:0:0|0:0:0|0:0:0|2:0:1|0:0:0|0:0:0|1:1:0|0:0:0|0:0:0|2:0:1|0:1:1|0:0:0|2:0:1|0:0:0|0:0:0|0:0:0|0:0:0|0:0:0|2:0:1|0:0:0|0:0:0|0:0:0|1:1:0|1:1:0|0:0:0|0:0:0|0:0:0|0:0:0|0:0:0|0:0:0|0:0:0|1:1:0|1:1:0|0:0:0|2:1:2|0:0:0|0:0:0|0:0:0|0:0:0|1:1:0|1:2:0|0:0:0|2:0:2|0:0:0|0:0:0|1:1:0|0:0:0|1:1:0","2:0:1|0:0:0|0:0:0|0:0:0|2:0:1|0:0:0|0:0:0|1:1:0|0:0:0|0:0:0|2:0:1|0:1:1|0:0:0|2:0:1|0:0:0|0:0:0|0:0:0|0:0:0|0:0:1|2:0:1|0:0:0|0:0:0|0:0:0|1:1:0|1:1:0|0:0:0|0:0:0|0:0:0|0:0:0|0:0:0|0:0:0|0:0:0|1:1:0|1:1:0|0:0:0|2:1:2|0:0:0|0:0:0|0:0:0|0:0:0|1:1:0|1:2:0|0:0:0|2:0:2|0:0:0|0:0:0|1:1:0|0:0:0|1:1:0","2:0:1|0:0:0|0:0:0|0:0:0|2:0:1|0:0:0|0:0:0|1:1:0|0:0:0|0:0:0|2:0:1|0:1:1|0:0:0|2:0:1|0:0:0|0:0:0|0:0:0|0:0:0|2:0:1|2:0:1|0:0:0|0:0:0|0:0:0|1:1:0|1:1:0|0:0:0|0:0:0|0:0:0|0:0:0|0:0:0|0:0:0|0:0:0|1:1:0|1:1:0|0:0:0|2:1:2|0:0:0|0:0:0|0:0:0|0:0:0|1:1:0|1:2:0|0:0:0|2:0:2|0:0:0|0:0:0|1:1:0|0:0:0|1:1:0"
"7x7-p84","7x7-p84-seeded-random","-1","1","29","0.517857","1","1","O64","HM","42","42","43","42","1","1","1","1","0","2","0","2","0","2:0:1|0:0:0|0:0:0|0:0:0|2:0:1|0:0:0|0:0:0|1:1:0|0:0:0|0:0:0|2:0:1|0:1:1|0:0:0|2:0:1|0:0:0|0:0:0|0:0:0|0:0:0|2:0:1|2:0:1|0:0:0|0:0:0|0:0:0|1:1:0|1:1:0|0:0:0|0:0:0|0:0:0|0:0:0|0:0:0|0:0:0|0:0:0|1:1:0|1:1:0|0:0:0|2:1:2|0:0:0|0:0:0|0:0:0|0:0:0|1:1:0|1:2:0|0:0:0|2:0:2|0:0:0|0:0:0|1:1:0|0:0:0|1:1:0","2:0:1|0:0:0|0:0:0|0:0:0|2:0:1|0:0:0|0:0:0|1:1:0|0:0:0|0:0:0|2:0:1|0:1:1|0:0:0|2:0:1|0:0:0|0:0:0|0:0:0|0:0:0|2:0:1|2:0:1|0:0:0|0:0:0|0:0:0|1:1:0|1:1:0|0:0:0|0:0:0|0:0:0|0:0:0|0:0:0|0:0:0|0:0:0|1:1:0|1:1:0|0:0:0|2:1:2|0:0:0|0:0:0|0:0:0|0:0:0|1:1:0|1:2:0|0:0:0|2:0:2|0:0:0|0:0:0|1:2:0|0:0:0|1:1:0","2:0:1|0:0:0|0:0:0|0:0:0|2:0:1|0:0:0|0:0:0|1:1:0|0:0:0|0:0:0|2:0:1|0:1:1|0:0:0|2:0:1|0:0:0|0:0:0|0:0:0|0:0:0|2:0:1|2:0:1|0:0:0|0:0:0|0:0:0|1:1:0|1:1:0|0:0:0|0:0:0|0:0:0|0:0:0|0:0:0|0:0:0|0:0:0|1:1:0|1:1:0|0:0:0|2:1:2|0:0:0|0:0:0|0:0:0|0:0:0|1:1:0|1:2:0|0:0:0|2:0:2|0:0:0|0:0:0|1:2:0|0:0:0|1:1:0"
"7x7-p84","7x7-p84-seeded-random","-1","1","31","0.553571","1","1","O33","MM","45","45","46","45","1","1","1","1","0","2","0","2","0","2:0:1|0:0:0|0:0:0|0:0:0|2:0:1|0:0:0|0:0:0|1:1:0|0:0:0|0:0:0|2:0:1|0:1:1|0:0:0|2:0:1|0:0:0|0:0:0|0:0:0|0:0:0|2:0:1|2:0:1|0:0:0|0:0:0|0:0:0|1:1:0|1:1:0|0:0:0|0:0:0|0:0:0|0:0:0|0:0:0|0:0:0|0:0:0|1:1:0|1:1:0|0:0:0|2:1:2|0:0:0|0:0:0|0:0:0|0:0:0|1:1:0|1:2:0|0:0:0|2:0:2|0:0:0|0:0:0|1:2:0|0:0:0|1:1:0","2:0:1|0:0:0|0:0:0|0:0:0|2:0:1|0:0:0|0:0:0|1:1:0|0:0:0|0:0:0|2:0:1|0:1:1|0:0:0|2:0:1|0:0:0|0:0:0|0:0:0|0:0:0|2:0:1|2:0:1|0:0:0|0:0:0|0:0:0|1:1:0|1:2:0|0:0:0|0:0:0|0:0:0|0:0:0|0:0:0|0:0:0|0:0:0|1:1:0|1:1:0|0:0:0|2:1:2|0:0:0|0:0:0|0:0:0|0:0:0|1:1:0|1:2:0|0:0:0|2:0:2|0:0:0|0:0:0|1:2:0|0:0:0|1:1:0","2:0:1|0:0:0|0:0:0|0:0:0|2:0:1|0:0:0|0:0:0|1:1:0|0:0:0|0:0:0|2:0:1|0:1:1|0:0:0|2:0:1|0:0:0|0:0:0|0:0:0|0:0:0|2:0:1|2:0:1|0:0:0|0:0:0|0:0:0|1:1:0|1:2:0|0:0:0|0:0:0|0:0:0|0:0:0|0:0:0|0:0:0|0:0:0|1:1:0|1:1:0|0:0:0|2:1:2|0:0:0|0:0:0|0:0:0|0:0:0|1:1:0|1:2:0|0:0:0|2:0:2|0:0:0|0:0:0|1:2:0|0:0:0|1:1:0"
"7x7-p84","7x7-p84-seeded-random","-1","1","32","0.571429","3","2","O25","MH","48","47","48","48","2","2","2","0","1","0","2","0","2","2:0:1|0:0:0|0:0:0|0:0:0|2:0:1|0:0:0|0:0:0|1:1:0|0:0:0|0:0:0|2:0:1|0:1:1|0:0:0|2:0:1|0:0:0|0:0:0|0:0:0|0:0:0|2:0:1|2:0:1|0:0:0|0:0:0|0:0:0|1:1:0|1:2:0|0:0:0|0:0:0|0:0:0|0:0:0|0:0:0|0:0:0|0:0:0|1:1:0|1:1:0|0:0:0|2:1:2|0:0:0|0:0:0|0:0:0|0:0:0|1:1:0|1:2:0|0:0:0|2:0:2|0:0:0|0:0:0|1:2:0|0:0:0|1:1:0","2:0:1|0:0:0|0:0:0|0:0:0|2:0:1|0:0:0|0:0:0|1:1:0|0:0:0|0:0:0|2:0:1|0:1:1|0:0:0|2:0:1|0:0:0|0:0:0|0:0:0|0:0:0|2:0:1|2:0:2|0:0:0|0:0:0|0:0:0|1:1:0|1:2:0|0:0:0|0:0:0|0:0:0|0:0:0|0:0:0|0:0:0|0:0:0|1:1:0|1:1:0|0:0:0|2:1:2|0:0:0|0:0:0|0:0:0|0:0:0|1:1:0|1:2:0|0:0:0|2:0:2|0:0:0|0:0:0|1:2:0|0:0:0|1:1:0","2:0:1|0:0:0|0:0:0|0:0:0|2:0:1|0:0:0|0:0:0|1:1:0|0:0:0|0:0:0|2:0:1|0:1:1|0:0:0|2:0:1|0:0:0|0:0:0|0:0:0|0:0:0|2:0:1|2:0:2|0:0:0|0:0:0|0:0:0|1:1:0|1:2:0|0:0:0|0:0:0|0:0:0|0:0:0|0:0:0|0:0:0|0:0:0|1:1:0|1:1:0|0:0:0|2:1:2|0:0:0|0:0:0|0:0:0|0:0:0|1:1:0|1:2:0|0:0:0|2:0:2|0:0:0|0:0:0|1:2:0|0:0:0|1:1:0"
"7x7-p84","7x7-p84-seeded-random","-1","1","33","0.589286","1","1","O41","ML","48","48","49","48","0","0","1","0","0","1","0","1","0","2:0:1|0:0:0|0:0:0|0:0:0|2:0:1|0:0:0|0:0:0|1:1:0|0:0:0|0:0:0|2:0:1|0:1:1|0:0:0|2:0:1|0:0:0|0:0:0|0:0:0|0:0:0|2:0:1|2:0:2|0:0:0|0:0:0|0:0:0|1:1:0|1:2:0|0:0:0|0:0:0|0:0:0|0:0:0|0:0:0|0:0:0|0:0:0|1:1:0|1:1:0|0:0:0|2:1:2|0:0:0|0:0:0|0:0:0|0:0:0|1:1:0|1:2:0|0:0:0|2:0:2|0:0:0|0:0:0|1:2:0|0:0:0|1:1:0","2:0:1|0:0:0|0:0:0|0:0:0|2:0:1|0:0:0|0:0:0|1:1:0|0:0:0|0:0:0|2:0:1|0:1:1|0:0:0|2:0:1|0:0:0|0:0:0|0:0:0|0:0:0|2:0:1|2:0:2|0:0:0|0:0:0|0:0:0|1:1:0|1:2:0|0:0:0|0:0:0|0:0:0|0:0:0|0:1:0|0:0:0|0:0:0|1:1:0|1:1:0|0:0:0|2:1:2|0:0:0|0:0:0|0:0:0|0:0:0|1:1:0|1:2:0|0:0:0|2:0:2|0:0:0|0:0:0|1:2:0|0:0:0|1:1:0","2:0:1|0:0:0|0:0:0|0:0:0|2:0:1|0:0:0|0:0:0|1:1:0|0:0:0|0:0:0|2:0:1|0:1:1|0:0:0|2:0:1|0:0:0|0:0:0|0:0:0|0:0:0|2:0:1|2:0:2|0:0:0|0:0:0|0:0:0|1:1:0|1:2:0|1:1:0|0:0:0|0:0:0|0:0:0|1:1:0|0:0:0|0:0:0|1:1:0|1:1:0|0:0:0|2:1:2|0:0:0|0:0:0|0:0:0|0:0:0|1:1:0|1:2:0|0:0:0|2:0:2|0:0:0|0:0:0|1:2:0|0:0:0|1:1:0"
"7x7-p84","7x7-p84-seeded-random","-1","1","33","0.589286","3","1","O34","MM","50","48","51","48","0","1","1","0","0","1","0","1","0","2:0:1|0:0:0|0:0:0|0:0:0|2:0:1|0:0:0|0:0:0|1:1:0|0:0:0|0:0:0|2:0:1|0:1:1|0:0:0|2:0:1|0:0:0|0:0:0|0:0:0|0:0:0|2:0:1|2:0:2|0:0:0|0:0:0|0:0:0|1:1:0|1:2:0|0:0:0|0:0:0|0:0:0|0:0:0|0:1:0|0:0:0|0:0:0|1:1:0|1:1:0|0:0:0|2:1:2|0:0:0|0:0:0|0:0:0|0:0:0|1:1:0|1:2:0|0:0:0|2:0:2|0:0:0|0:0:0|1:2:0|0:0:0|1:1:0","2:0:1|0:0:0|0:0:0|0:0:0|2:0:1|0:0:0|0:0:0|1:1:0|0:0:0|0:0:0|2:0:1|0:1:1|0:0:0|2:0:1|0:0:0|0:0:0|0:0:0|0:0:0|2:0:1|2:0:2|0:0:0|0:0:0|0:0:0|1:1:0|1:2:0|1:1:0|0:0:0|0:0:0|0:0:0|1:1:0|0:0:0|0:0:0|1:1:0|1:1:0|0:0:0|2:1:2|0:0:0|0:0:0|0:0:0|0:0:0|1:1:0|1:2:0|0:0:0|2:0:2|0:0:0|0:0:0|1:2:0|0:0:0|1:1:0","2:0:1|0:0:0|0:0:0|0:0:0|2:0:1|0:0:0|0:0:0|1:1:0|0:0:0|0:0:0|2:0:1|0:1:1|0:0:0|2:0:1|0:0:0|0:0:0|0:0:0|0:0:0|2:0:1|2:0:2|0:0:0|0:0:0|0:0:0|1:1:0|1:2:0|1:1:0|0:0:0|0:0:0|0:0:0|1:1:0|0:0:0|0:0:0|1:1:0|1:1:0|0:0:0|2:1:2|0:0:0|0:0:0|0:0:0|0:0:0|1:1:0|1:2:0|0:0:0|2:0:2|0:0:0|0:0:0|1:2:0|0:0:0|1:1:0"
"7x7-p84","7x7-p84-seeded-random","-1","1","34","0.607143","2","2","O26","MH","51","49","51","50","0","0","2","0","0","0","1","0","1","2:0:1|0:0:0|0:0:0|0:0:0|2:0:1|0:0:0|0:0:0|1:1:0|0:0:0|0:0:0|2:0:1|0:1:1|0:0:0|2:0:1|0:0:0|0:0:0|0:0:0|0:0:0|2:0:1|2:0:2|0:0:0|0:0:0|0:0:0|1:1:0|1:2:0|1:1:0|0:0:0|0:0:0|0:0:0|1:1:0|0:0:0|0:0:0|1:1:0|1:1:0|0:0:0|2:1:2|0:0:0|0:0:0|0:0:0|0:0:0|1:1:0|1:2:0|0:0:0|2:0:2|0:0:0|0:0:0|1:2:0|0:0:0|1:1:0","2:0:1|0:0:0|0:0:0|0:0:0|2:0:1|0:0:0|0:0:0|1:1:0|0:0:0|0:0:0|2:0:1|0:1:1|0:0:0|2:0:1|0:0:0|0:0:0|0:0:0|0:0:0|2:0:1|2:0:2|0:0:1|0:0:0|0:0:0|1:1:0|1:2:0|1:1:0|0:0:0|0:0:0|0:0:0|1:1:0|0:0:0|0:0:0|1:1:0|1:1:0|0:0:0|2:1:2|0:0:0|0:0:0|0:0:0|0:0:0|1:1:0|1:2:0|0:0:0|2:0:2|0:0:0|0:0:0|1:2:0|0:0:0|1:1:0","2:0:1|0:0:0|0:0:0|0:0:0|2:0:1|0:0:0|0:0:0|1:1:0|0:0:0|0:0:0|2:0:1|0:1:1|0:0:0|2:0:1|0:0:0|0:0:0|0:0:0|0:0:0|2:0:1|2:0:2|2:0:1|0:0:0|0:0:0|1:1:0|1:2:0|1:1:0|0:0:0|0:0:0|0:0:0|1:1:0|0:0:0|0:0:0|0:1:1|1:1:0|0:0:0|2:1:2|0:0:0|0:0:0|0:0:0|0:0:0|1:1:0|1:2:0|0:0:0|2:0:2|0:0:0|0:0:0|1:2:0|0:0:0|1:1:0"
"7x7-p84","7x7-p84-seeded-random","-1","1","34","0.607143","3","2","O44","MM","51","50","51","51","1","0","0","1","0","1","1","1","1","2:0:1|0:0:0|0:0:0|0:0:0|2:0:1|0:0:0|0:0:0|1:1:0|0:0:0|0:0:0|2:0:1|0:1:1|0:0:0|2:0:1|0:0:0|0:0:0|0:0:0|0:0:0|2:0:1|2:0:2|0:0:1|0:0:0|0:0:0|1:1:0|1:2:0|1:1:0|0:0:0|0:0:0|0:0:0|1:1:0|0:0:0|0:0:0|1:1:0|1:1:0|0:0:0|2:1:2|0:0:0|0:0:0|0:0:0|0:0:0|1:1:0|1:2:0|0:0:0|2:0:2|0:0:0|0:0:0|1:2:0|0:0:0|1:1:0","2:0:1|0:0:0|0:0:0|0:0:0|2:0:1|0:0:0|0:0:0|1:1:0|0:0:0|0:0:0|2:0:1|0:1:1|0:0:0|2:0:1|0:0:0|0:0:0|0:0:0|0:0:0|2:0:1|2:0:2|2:0:1|0:0:0|0:0:0|1:1:0|1:2:0|1:1:0|0:0:0|0:0:0|0:0:0|1:1:0|0:0:0|0:0:0|0:1:1|1:1:0|0:0:0|2:1:2|0:0:0|0:0:0|0:0:0|0:0:0|1:1:0|1:2:0|0:0:0|2:0:2|0:0:0|0:0:0|1:2:0|0:0:0|1:1:0","2:0:1|0:0:0|0:0:0|0:0:0|2:0:1|0:0:0|0:0:0|1:1:0|0:0:0|0:0:0|2:0:1|0:1:1|0:0:0|2:0:1|0:0:0|0:0:0|0:0:0|0:0:0|2:0:1|2:0:2|2:0:1|0:0:0|0:0:0|1:1:0|1:2:0|1:1:0|0:0:0|0:0:0|0:0:0|1:1:0|0:0:0|0:0:0|0:1:1|1:1:0|0:0:0|2:1:2|0:0:0|0:0:0|0:0:0|0:0:0|1:1:0|1:2:0|0:0:0|2:0:2|0:0:0|0:0:0|1:2:0|0:0:0|1:1:0"
"7x7-p84","7x7-p84-seeded-random","-1","1","35","0.625000","1","1","O02","LM","51","51","52","51","0","0","1","0","0","1","0","1","0","2:0:1|0:0:0|0:0:0|0:0:0|2:0:1|0:0:0|0:0:0|1:1:0|0:0:0|0:0:0|2:0:1|0:1:1|0:0:0|2:0:1|0:0:0|0:0:0|0:0:0|0:0:0|2:0:1|2:0:2|2:0:1|0:0:0|0:0:0|1:1:0|1:2:0|1:1:0|0:0:0|0:0:0|0:0:0|1:1:0|0:0:0|0:0:0|0:1:1|1:1:0|0:0:0|2:1:2|0:0:0|0:0:0|0:0:0|0:0:0|1:1:0|1:2:0|0:0:0|2:0:2|0:0:0|0:0:0|1:2:0|0:0:0|1:1:0","2:0:1|0:0:0|0:1:0|0:0:0|2:0:1|0:0:0|0:0:0|1:1:0|0:0:0|0:0:0|2:0:1|0:1:1|0:0:0|2:0:1|0:0:0|0:0:0|0:0:0|0:0:0|2:0:1|2:0:2|2:0:1|0:0:0|0:0:0|1:1:0|1:2:0|1:1:0|0:0:0|0:0:0|0:0:0|1:1:0|0:0:0|0:0:0|0:1:1|1:1:0|0:0:0|2:1:2|0:0:0|0:0:0|0:0:0|0:0:0|1:1:0|1:2:0|0:0:0|2:0:2|0:0:0|0:0:0|1:2:0|0:0:0|1:1:0","2:0:1|0:0:0|1:1:0|0:0:0|2:0:1|0:0:0|0:0:0|1:1:0|0:0:0|0:0:0|2:0:1|0:1:1|0:0:0|2:0:1|0:0:0|0:0:0|0:0:0|0:0:0|2:0:1|2:0:2|2:0:1|0:0:0|0:0:0|1:2:0|1:2:0|1:1:0|0:0:0|0:0:0|0:0:0|1:1:0|0:0:0|0:0:0|0:1:1|1:1:0|0:0:0|2:1:2|0:0:0|0:0:0|0:0:0|0:0:0|1:1:0|1:2:0|0:0:0|2:0:2|0:0:0|0:0:0|1:2:0|0:0:0|1:1:0"
"7x7-p84","7x7-p84-seeded-random","-1","1","35","0.625000","2","1","O32","MM","52","51","53","51","1","1","1","1","0","2","0","2","0","2:0:1|0:0:0|0:1:0|0:0:0|2:0:1|0:0:0|0:0:0|1:1:0|0:0:0|0:0:0|2:0:1|0:1:1|0:0:0|2:0:1|0:0:0|0:0:0|0:0:0|0:0:0|2:0:1|2:0:2|2:0:1|0:0:0|0:0:0|1:1:0|1:2:0|1:1:0|0:0:0|0:0:0|0:0:0|1:1:0|0:0:0|0:0:0|0:1:1|1:1:0|0:0:0|2:1:2|0:0:0|0:0:0|0:0:0|0:0:0|1:1:0|1:2:0|0:0:0|2:0:2|0:0:0|0:0:0|1:2:0|0:0:0|1:1:0","2:0:1|0:0:0|0:1:0|0:0:0|2:0:1|0:0:0|0:0:0|1:1:0|0:0:0|0:0:0|2:0:1|0:1:1|0:0:0|2:0:1|0:0:0|0:0:0|0:0:0|0:0:0|2:0:1|2:0:2|2:0:1|0:0:0|0:0:0|1:2:0|1:2:0|1:1:0|0:0:0|0:0:0|0:0:0|1:1:0|0:0:0|0:0:0|0:1:1|1:1:0|0:0:0|2:1:2|0:0:0|0:0:0|0:0:0|0:0:0|1:1:0|1:2:0|0:0:0|2:0:2|0:0:0|0:0:0|1:2:0|0:0:0|1:1:0","2:0:1|0:0:0|1:1:0|0:0:0|2:0:1|0:0:0|0:0:0|1:1:0|0:0:0|0:0:0|2:0:1|0:1:1|0:0:0|2:0:1|0:0:0|0:0:0|0:0:0|0:0:0|2:0:1|2:0:2|2:0:1|0:0:0|0:0:0|1:2:0|1:2:0|1:1:0|0:0:0|0:0:0|0:0:0|1:1:0|0:0:0|0:0:0|0:1:1|1:1:0|0:0:0|2:1:2|0:0:0|0:0:0|0:0:0|0:0:0|1:1:0|1:2:0|0:0:0|2:0:2|0:0:0|0:0:0|1:2:0|0:0:0|1:1:0"
"7x7-p84","7x7-p84-seeded-random","-1","1","36","0.642857","2","2","O35","MH","54","52","54","53","0","0","2","0","0","0","1","0","1","2:0:1|0:0:0|1:1:0|0:0:0|2:0:1|0:0:0|0:0:0|1:1:0|0:0:0|0:0:0|2:0:1|0:1:1|0:0:0|2:0:1|0:0:0|0:0:0|0:0:0|0:0:0|2:0:1|2:0:2|2:0:1|0:0:0|0:0:0|1:2:0|1:2:0|1:1:0|0:0:0|0:0:0|0:0:0|1:1:0|0:0:0|0:0:0|0:1:1|1:1:0|0:0:0|2:1:2|0:0:0|0:0:0|0:0:0|0:0:0|1:1:0|1:2:0|0:0:0|2:0:2|0:0:0|0:0:0|1:2:0|0:0:0|1:1:0","2:0:1|0:0:0|1:1:0|0:0:0|2:0:1|0:0:0|0:0:0|1:1:0|0:0:0|0:0:0|2:0:1|0:1:1|0:0:0|2:0:1|0:0:0|0:0:0|0:0:0|0:0:0|2:0:1|2:0:2|2:0:1|0:0:0|0:0:0|1:2:0|1:2:0|1:1:0|0:0:1|0:0:0|0:0:0|1:1:0|0:0:0|0:0:0|0:1:1|1:1:0|0:0:0|2:1:2|0:0:0|0:0:0|0:0:0|0:0:0|1:1:0|1:2:0|0:0:0|2:0:2|0:0:0|0:0:0|1:2:0|0:0:0|1:1:0","2:0:1|0:0:0|1:1:0|0:0:0|2:0:1|0:0:0|0:0:0|1:1:0|0:0:0|0:0:0|2:0:2|0:1:1|0:0:0|2:0:1|0:0:0|0:0:0|0:0:0|0:0:0|2:0:1|2:0:2|2:0:1|0:0:0|0:0:0|1:2:0|1:2:0|1:1:0|2:0:1|0:0:0|0:0:0|1:1:0|0:0:0|0:0:0|0:1:1|1:1:0|0:0:0|2:1:2|0:0:0|0:0:0|0:0:0|0:0:0|1:1:0|1:2:0|0:0:0|2:0:2|0:0:0|0:0:0|1:2:0|0:0:0|1:1:0"
"7x7-p84","7x7-p84-seeded-random","-1","1","36","0.642857","3","2","O13","LM","54","53","54","54","2","2","2","0","1","0","2","0","2","2:0:1|0:0:0|1:1:0|0:0:0|2:0:1|0:0:0|0:0:0|1:1:0|0:0:0|0:0:0|2:0:1|0:1:1|0:0:0|2:0:1|0:0:0|0:0:0|0:0:0|0:0:0|2:0:1|2:0:2|2:0:1|0:0:0|0:0:0|1:2:0|1:2:0|1:1:0|0:0:1|0:0:0|0:0:0|1:1:0|0:0:0|0:0:0|0:1:1|1:1:0|0:0:0|2:1:2|0:0:0|0:0:0|0:0:0|0:0:0|1:1:0|1:2:0|0:0:0|2:0:2|0:0:0|0:0:0|1:2:0|0:0:0|1:1:0","2:0:1|0:0:0|1:1:0|0:0:0|2:0:1|0:0:0|0:0:0|1:1:0|0:0:0|0:0:0|2:0:2|0:1:1|0:0:0|2:0:1|0:0:0|0:0:0|0:0:0|0:0:0|2:0:1|2:0:2|2:0:1|0:0:0|0:0:0|1:2:0|1:2:0|1:1:0|2:0:1|0:0:0|0:0:0|1:1:0|0:0:0|0:0:0|0:1:1|1:1:0|0:0:0|2:1:2|0:0:0|0:0:0|0:0:0|0:0:0|1:1:0|1:2:0|0:0:0|2:0:2|0:0:0|0:0:0|1:2:0|0:0:0|1:1:0","2:0:1|0:0:0|1:1:0|0:0:0|2:0:1|0:0:0|0:0:0|1:1:0|0:0:0|0:0:0|2:0:2|0:1:1|0:0:0|2:0:1|0:0:0|0:0:0|0:0:0|0:0:0|2:0:1|2:0:2|2:0:1|0:0:0|0:0:0|1:2:0|1:2:0|1:1:0|2:0:1|0:0:0|0:0:0|1:1:0|0:0:0|0:0:0|0:1:1|1:1:0|0:0:0|2:1:2|0:0:0|0:0:0|0:0:0|0:0:0|1:1:0|1:2:0|0:0:0|2:0:2|0:0:0|0:0:0|1:2:0|0:0:0|1:1:0"
"7x7-p84","7x7-p84-seeded-random","-1","1","39","0.696429","2","1","O50","HL","58","57","59","57","2","2","0","1","2","2","2","2","2","2:0:1|0:0:0|1:1:0|0:0:0|2:0:1|0:0:0|0:0:0|1:1:0|0:0:0|0:0:0|2:0:2|0:1:1|0:0:0|2:0:1|0:0:0|0:0:0|0:0:0|0:0:0|2:0:1|2:0:2|2:0:1|0:0:0|0:0:0|1:2:0|1:2:0|1:1:0|2:0:1|0:0:0|0:0:0|1:1:0|0:0:0|0:0:0|0:1:1|1:1:0|0:0:0|2:1:2|0:0:0|0:0:0|0:0:0|0:0:0|1:1:0|1:2:0|0:0:0|2:0:2|0:0:0|0:0:0|1:2:0|0:0:0|1:1:0","2:0:1|0:0:0|1:1:0|0:0:0|2:0:1|0:0:0|0:0:0|1:1:0|0:0:0|0:0:0|2:0:2|0:1:1|0:0:0|2:0:1|0:0:0|0:0:0|0:0:0|0:0:0|2:0:1|2:0:2|2:0:1|0:0:0|0:0:0|1:2:0|1:2:0|1:1:0|2:0:1|0:0:0|0:0:0|1:1:0|0:0:0|0:0:0|0:1:1|1:1:0|0:0:0|2:2:2|0:0:0|0:0:0|0:0:0|0:0:0|1:1:0|1:2:0|0:0:0|2:0:2|0:0:0|0:0:0|1:2:0|0:0:0|1:1:0","2:0:1|0:0:0|1:1:0|0:0:0|2:0:1|0:0:0|0:0:0|1:1:0|0:0:0|0:0:0|2:0:2|0:1:1|0:0:0|2:0:1|0:0:0|0:0:0|0:0:0|0:0:0|2:0:1|2:0:2|2:0:1|0:0:0|0:0:0|1:2:0|1:2:0|1:1:0|2:0:1|0:0:0|0:0:0|1:1:0|0:0:0|0:0:0|0:1:1|1:1:0|0:0:0|0:2:2|0:0:0|0:0:0|0:0:0|0:0:0|1:1:0|1:2:0|0:0:0|2:0:2|0:0:0|0:0:0|1:2:0|0:0:0|1:1:0"
"7x7-p84","7x7-p84-seeded-random","-1","1","40","0.714286","1","2","O44","MM","60","57","60","58","0","0","2","1","1","1","2","1","2","2:0:1|0:0:0|1:1:0|0:0:0|2:0:1|0:0:0|0:0:0|1:1:0|0:0:0|0:0:0|2:0:2|0:1:1|0:0:0|2:0:1|0:0:0|0:0:0|0:0:0|0:0:0|2:0:1|2:0:2|2:0:1|0:0:0|0:0:0|1:2:0|1:2:0|1:1:0|2:0:1|0:0:0|0:0:0|1:1:0|0:0:0|0:0:0|0:1:1|1:1:0|0:0:0|0:2:2|0:0:0|0:0:0|0:0:0|0:0:0|1:1:0|1:2:0|0:0:0|2:0:2|0:0:0|0:0:0|1:2:0|0:0:0|1:1:0","2:0:1|0:0:0|1:1:0|0:0:0|2:0:1|0:0:0|0:0:0|1:1:0|0:0:0|0:0:0|2:0:2|0:1:1|0:0:0|2:0:1|0:0:0|0:0:0|0:0:0|0:0:0|2:0:1|2:0:2|2:0:1|0:0:0|0:0:0|1:2:0|1:2:0|1:1:0|2:0:1|0:0:0|0:0:0|1:1:0|0:0:0|0:0:0|0:1:2|1:1:0|0:0:0|0:2:2|0:0:0|0:0:0|0:0:0|0:0:0|1:1:0|1:2:0|0:0:0|2:0:2|0:0:0|0:0:0|1:2:0|0:0:0|1:1:0","2:0:1|0:0:0|1:1:0|0:0:0|2:0:1|0:0:0|0:0:0|1:1:0|0:0:0|0:0:0|2:0:2|0:1:1|0:0:0|2:0:1|0:0:0|0:0:0|0:0:0|0:0:0|2:0:1|2:0:2|2:0:1|0:0:0|0:0:0|1:2:0|1:2:0|1:1:0|2:0:1|0:0:0|0:0:0|1:1:0|0:0:0|0:0:0|2:1:2|1:1:0|0:0:0|0:2:2|0:0:0|0:0:0|0:0:0|0:0:0|1:1:0|1:2:0|2:0:1|2:0:2|0:0:0|0:0:0|1:2:0|2:0:1|1:1:0"
"7x7-p84","7x7-p84-seeded-random","-1","1","40","0.714286","2","2","O60","HL","60","58","60","59","0","0","2","0","0","0","1","0","1","2:0:1|0:0:0|1:1:0|0:0:0|2:0:1|0:0:0|0:0:0|1:1:0|0:0:0|0:0:0|2:0:2|0:1:1|0:0:0|2:0:1|0:0:0|0:0:0|0:0:0|0:0:0|2:0:1|2:0:2|2:0:1|0:0:0|0:0:0|1:2:0|1:2:0|1:1:0|2:0:1|0:0:0|0:0:0|1:1:0|0:0:0|0:0:0|0:1:2|1:1:0|0:0:0|0:2:2|0:0:0|0:0:0|0:0:0|0:0:0|1:1:0|1:2:0|0:0:0|2:0:2|0:0:0|0:0:0|1:2:0|0:0:0|1:1:0","2:0:1|0:0:0|1:1:0|0:0:0|2:0:1|0:0:0|0:0:0|1:1:0|0:0:0|0:0:0|2:0:2|0:1:1|0:0:0|2:0:1|0:0:0|0:0:0|0:0:0|0:0:0|2:0:1|2:0:2|2:0:1|0:0:0|0:0:0|1:2:0|1:2:0|1:1:0|2:0:1|0:0:0|0:0:0|1:1:0|0:0:0|0:0:0|0:1:2|1:1:0|0:0:0|0:2:2|0:0:0|0:0:0|0:0:0|0:0:0|1:1:0|1:2:0|0:0:1|2:0:2|0:0:0|0:0:0|1:2:0|0:0:0|1:1:0","2:0:1|0:0:0|1:1:0|0:0:0|2:0:1|0:0:0|0:0:0|1:1:0|0:0:0|0:0:0|2:0:2|0:1:1|0:0:0|2:0:1|0:0:0|0:0:0|0:0:0|0:0:0|2:0:1|2:0:2|2:0:1|0:0:0|0:0:0|1:2:0|1:2:0|1:1:0|2:0:1|0:0:0|0:0:0|1:1:0|0:0:0|0:0:0|2:1:2|1:1:0|0:0:0|0:2:2|0:0:0|0:0:0|0:0:0|0:0:0|1:1:0|1:2:0|2:0:1|2:0:2|0:0:0|0:0:0|1:2:0|2:0:1|1:1:0"
"7x7-p84","7x7-p84-seeded-random","-1","1","40","0.714286","3","2","O65","HH","60","59","60","60","0","2","2","0","0","0","1","0","1","2:0:1|0:0:0|1:1:0|0:0:0|2:0:1|0:0:0|0:0:0|1:1:0|0:0:0|0:0:0|2:0:2|0:1:1|0:0:0|2:0:1|0:0:0|0:0:0|0:0:0|0:0:0|2:0:1|2:0:2|2:0:1|0:0:0|0:0:0|1:2:0|1:2:0|1:1:0|2:0:1|0:0:0|0:0:0|1:1:0|0:0:0|0:0:0|0:1:2|1:1:0|0:0:0|0:2:2|0:0:0|0:0:0|0:0:0|0:0:0|1:1:0|1:2:0|0:0:1|2:0:2|0:0:0|0:0:0|1:2:0|0:0:0|1:1:0","2:0:1|0:0:0|1:1:0|0:0:0|2:0:1|0:0:0|0:0:0|1:1:0|0:0:0|0:0:0|2:0:2|0:1:1|0:0:0|2:0:1|0:0:0|0:0:0|0:0:0|0:0:0|2:0:1|2:0:2|2:0:1|0:0:0|0:0:0|1:2:0|1:2:0|1:1:0|2:0:1|0:0:0|0:0:0|1:1:0|0:0:0|0:0:0|2:1:2|1:1:0|0:0:0|0:2:2|0:0:0|0:0:0|0:0:0|0:0:0|1:1:0|1:2:0|2:0:1|2:0:2|0:0:0|0:0:0|1:2:0|2:0:1|1:1:0","2:0:1|0:0:0|1:1:0|0:0:0|2:0:1|0:0:0|0:0:0|1:1:0|0:0:0|0:0:0|2:0:2|0:1:1|0:0:0|2:0:1|0:0:0|0:0:0|0:0:0|0:0:0|2:0:1|2:0:2|2:0:1|0:0:0|0:0:0|1:2:0|1:2:0|1:1:0|2:0:1|0:0:0|0:0:0|1:1:0|0:0:0|0:0:0|2:1:2|1:1:0|0:0:0|0:2:2|0:0:0|0:0:0|0:0:0|0:0:0|1:1:0|1:2:0|2:0:1|2:0:2|0:0:0|0:0:0|1:2:0|2:0:1|1:1:0"
"7x7-p84","7x7-p84-seeded-random","-1","1","41","0.732143","1","1","O45","MH","60","60","61","60","1","1","1","1","0","2","0","2","0","2:0:1|0:0:0|1:1:0|0:0:0|2:0:1|0:0:0|0:0:0|1:1:0|0:0:0|0:0:0|2:0:2|0:1:1|0:0:0|2:0:1|0:0:0|0:0:0|0:0:0|0:0:0|2:0:1|2:0:2|2:0:1|0:0:0|0:0:0|1:2:0|1:2:0|1:1:0|2:0:1|0:0:0|0:0:0|1:1:0|0:0:0|0:0:0|2:1:2|1:1:0|0:0:0|0:2:2|0:0:0|0:0:0|0:0:0|0:0:0|1:1:0|1:2:0|2:0:1|2:0:2|0:0:0|0:0:0|1:2:0|2:0:1|1:1:0","2:0:1|0:0:0|1:1:0|0:0:0|2:0:1|0:0:0|0:0:0|1:1:0|0:0:0|0:0:0|2:0:2|0:1:1|0:0:0|2:0:1|0:0:0|0:0:0|0:0:0|0:0:0|2:0:1|2:0:2|2:0:1|0:0:0|0:0:0|1:2:0|1:2:0|1:1:0|2:0:1|0:0:0|0:0:0|1:1:0|0:0:0|0:0:0|2:1:2|1:2:0|0:0:0|0:2:2|0:0:0|0:0:0|0:0:0|0:0:0|1:1:0|1:2:0|2:0:1|2:0:2|0:0:0|0:0:0|1:2:0|2:0:1|1:1:0","2:0:1|0:0:0|1:1:0|0:0:0|2:0:1|0:0:0|0:0:0|1:1:0|0:0:0|0:0:0|2:0:2|0:1:1|0:0:0|2:0:1|0:0:0|0:0:0|0:0:0|0:0:0|2:0:1|2:0:2|2:0:1|0:0:0|0:0:0|1:2:0|1:2:0|1:1:0|2:0:1|0:0:0|0:0:0|1:1:0|0:0:0|0:0:0|2:1:2|1:2:0|0:0:0|0:2:2|0:0:0|0:0:0|0:0:0|0:0:0|1:1:0|1:2:0|2:0:1|2:0:2|0:0:0|0:0:0|3:3:0|0:1:1|1:1:0"
"7x7-p84","7x7-p84-seeded-random","-1","1","41","0.732143","2","1","O64","HM","61","60","62","60","1","1","3","2","0","3","0","3","0","2:0:1|0:0:0|1:1:0|0:0:0|2:0:1|0:0:0|0:0:0|1:1:0|0:0:0|0:0:0|2:0:2|0:1:1|0:0:0|2:0:1|0:0:0|0:0:0|0:0:0|0:0:0|2:0:1|2:0:2|2:0:1|0:0:0|0:0:0|1:2:0|1:2:0|1:1:0|2:0:1|0:0:0|0:0:0|1:1:0|0:0:0|0:0:0|2:1:2|1:2:0|0:0:0|0:2:2|0:0:0|0:0:0|0:0:0|0:0:0|1:1:0|1:2:0|2:0:1|2:0:2|0:0:0|0:0:0|1:2:0|2:0:1|1:1:0","2:0:1|0:0:0|1:1:0|0:0:0|2:0:1|0:0:0|0:0:0|1:1:0|0:0:0|0:0:0|2:0:2|0:1:1|0:0:0|2:0:1|0:0:0|0:0:0|0:0:0|0:0:0|2:0:1|2:0:2|2:0:1|0:0:0|0:0:0|1:2:0|1:2:0|1:1:0|2:0:1|0:0:0|0:0:0|1:1:0|0:0:0|0:0:0|2:1:2|1:2:0|0:0:0|0:2:2|0:0:0|0:0:0|0:0:0|0:0:0|1:1:0|1:2:0|2:0:1|2:0:2|0:0:0|0:0:0|1:3:0|2:0:1|1:1:0","2:0:1|0:0:0|1:1:0|0:0:0|2:0:1|0:0:0|0:0:0|1:1:0|0:0:0|0:0:0|2:0:2|0:1:1|0:0:0|2:0:1|0:0:0|0:0:0|0:0:0|0:0:0|2:0:1|2:0:2|2:0:1|0:0:0|0:0:0|1:2:0|1:2:0|1:1:0|2:0:1|0:0:0|0:0:0|1:1:0|0:0:0|0:0:0|2:1:2|1:2:0|0:0:0|0:2:2|0:0:0|0:0:0|0:0:0|0:0:0|1:1:0|1:2:0|2:0:1|2:0:2|0:0:0|0:0:0|3:3:0|0:1:1|1:1:0"
"7x7-p84","7x7-p84-seeded-random","-1","1","41","0.732143","3","1","O65","HH","62","60","63","60","2","0","0","0","1","1","1","1","1","2:0:1|0:0:0|1:1:0|0:0:0|2:0:1|0:0:0|0:0:0|1:1:0|0:0:0|0:0:0|2:0:2|0:1:1|0:0:0|2:0:1|0:0:0|0:0:0|0:0:0|0:0:0|2:0:1|2:0:2|2:0:1|0:0:0|0:0:0|1:2:0|1:2:0|1:1:0|2:0:1|0:0:0|0:0:0|1:1:0|0:0:0|0:0:0|2:1:2|1:2:0|0:0:0|0:2:2|0:0:0|0:0:0|0:0:0|0:0:0|1:1:0|1:2:0|2:0:1|2:0:2|0:0:0|0:0:0|1:3:0|2:0:1|1:1:0","2:0:1|0:0:0|1:1:0|0:0:0|2:0:1|0:0:0|0:0:0|1:1:0|0:0:0|0:0:0|2:0:2|0:1:1|0:0:0|2:0:1|0:0:0|0:0:0|0:0:0|0:0:0|2:0:1|2:0:2|2:0:1|0:0:0|0:0:0|1:2:0|1:2:0|1:1:0|2:0:1|0:0:0|0:0:0|1:1:0|0:0:0|0:0:0|2:1:2|1:2:0|0:0:0|0:2:2|0:0:0|0:0:0|0:0:0|0:0:0|1:1:0|1:2:0|2:0:1|2:0:2|0:0:0|0:0:0|3:3:0|0:1:1|1:1:0","2:0:1|0:0:0|1:1:0|0:0:0|2:0:1|0:0:0|0:0:0|1:1:0|0:0:0|0:0:0|2:0:2|0:1:1|0:0:0|2:0:1|0:0:0|0:0:0|0:0:0|0:0:0|2:0:1|2:0:2|2:0:1|0:0:0|0:0:0|1:2:0|1:2:0|1:1:0|2:0:1|0:0:0|0:0:0|1:1:0|0:0:0|0:0:0|2:1:2|1:2:0|0:0:0|0:2:2|0:0:0|0:0:0|0:0:0|0:0:0|1:1:0|1:2:0|2:0:1|2:0:2|0:0:0|0:0:0|3:3:0|0:1:1|1:1:0"
"7x7-p84","7x7-p84-seeded-random","-1","1","42","0.750000","1","2","O60","HL","63","60","63","61","2","2","2","0","1","0","2","0","2","2:0:1|0:0:0|1:1:0|0:0:0|2:0:1|0:0:0|0:0:0|1:1:0|0:0:0|0:0:0|2:0:2|0:1:1|0:0:0|2:0:1|0:0:0|0:0:0|0:0:0|0:0:0|2:0:1|2:0:2|2:0:1|0:0:0|0:0:0|1:2:0|1:2:0|1:1:0|2:0:1|0:0:0|0:0:0|1:1:0|0:0:0|0:0:0|2:1:2|1:2:0|0:0:0|0:2:2|0:0:0|0:0:0|0:0:0|0:0:0|1:1:0|1:2:0|2:0:1|2:0:2|0:0:0|0:0:0|3:3:0|0:1:1|1:1:0","2:0:1|0:0:0|1:1:0|0:0:0|2:0:1|0:0:0|0:0:0|1:1:0|0:0:0|0:0:0|2:0:2|0:1:1|0:0:0|2:0:1|0:0:0|0:0:0|0:0:0|0:0:0|2:0:1|2:0:2|2:0:1|0:0:0|0:0:0|1:2:0|1:2:0|1:1:0|2:0:1|0:0:0|0:0:0|1:1:0|0:0:0|0:0:0|2:1:2|1:2:0|0:0:0|0:2:2|0:0:0|0:0:0|0:0:0|0:0:0|1:1:0|1:2:0|2:0:2|2:0:2|0:0:0|0:0:0|3:3:0|0:1:1|1:1:0","2:0:1|0:0:0|1:1:0|0:0:0|2:0:1|0:0:0|0:0:0|1:1:0|0:0:0|0:0:0|2:0:2|0:1:1|0:0:0|2:0:1|0:0:0|0:0:0|0:0:0|0:0:0|2:0:1|2:0:2|2:0:1|0:0:0|0:0:0|1:2:0|1:2:1|1:1:0|2:0:1|0:0:0|0:0:0|1:1:0|0:0:0|0:0:0|2:1:2|1:2:0|0:0:0|0:2:2|0:0:0|0:0:0|0:0:0|0:0:0|1:1:0|1:2:0|2:0:2|2:0:2|0:0:0|0:0:0|3:3:0|0:1:1|1:1:0"
"7x7-p84","7x7-p84-seeded-random","-1","1","42","0.750000","2","2","O33","MM","63","61","63","62","1","1","1","2","0","2","1","2","1","2:0:1|0:0:0|1:1:0|0:0:0|2:0:1|0:0:0|0:0:0|1:1:0|0:0:0|0:0:0|2:0:2|0:1:1|0:0:0|2:0:1|0:0:0|0:0:0|0:0:0|0:0:0|2:0:1|2:0:2|2:0:1|0:0:0|0:0:0|1:2:0|1:2:0|1:1:0|2:0:1|0:0:0|0:0:0|1:1:0|0:0:0|0:0:0|2:1:2|1:2:0|0:0:0|0:2:2|0:0:0|0:0:0|0:0:0|0:0:0|1:1:0|1:2:0|2:0:2|2:0:2|0:0:0|0:0:0|3:3:0|0:1:1|1:1:0","2:0:1|0:0:0|1:1:0|0:0:0|2:0:1|0:0:0|0:0:0|1:1:0|0:0:0|0:0:0|2:0:2|0:1:1|0:0:0|2:0:1|0:0:0|0:0:0|0:0:0|0:0:0|2:0:1|2:0:2|2:0:1|0:0:0|0:0:0|1:2:0|1:2:1|1:1:0|2:0:1|0:0:0|0:0:0|1:1:0|0:0:0|0:0:0|2:1:2|1:2:0|0:0:0|0:2:2|0:0:0|0:0:0|0:0:0|0:0:0|1:1:0|1:2:0|2:0:2|2:0:2|0:0:0|0:0:0|3:3:0|0:1:1|1:1:0","2:0:1|0:0:0|1:1:0|0:0:0|2:0:1|0:0:0|0:0:0|1:1:0|0:0:0|0:0:0|2:0:2|0:1:1|0:0:0|2:0:1|0:0:0|0:0:0|0:0:0|0:0:0|2:0:1|2:0:2|2:0:1|0:0:0|0:0:0|1:2:0|1:2:1|1:1:0|2:0:1|0:0:0|0:0:0|1:1:0|0:0:0|0:0:0|2:1:2|1:2:0|0:0:0|0:2:2|0:0:0|0:0:0|0:0:0|0:0:0|1:1:0|1:2:0|2:0:2|2:0:2|0:0:0|0:0:0|3:3:0|0:1:1|1:1:0"
"7x7-p84","7x7-p84-seeded-random","-1","1","43","0.767857","2","1","O01","LL","64","63","65","63","0","0","1","0","0","1","0","1","0","2:0:1|0:0:0|1:1:0|0:0:0|2:0:1|0:0:0|0:0:0|1:1:0|0:0:0|0:0:0|2:0:2|0:1:1|0:0:0|2:0:1|0:0:0|0:0:0|0:0:0|0:0:0|2:0:1|2:0:2|2:0:1|0:0:0|0:0:0|1:2:0|1:2:1|1:1:0|2:0:1|0:0:0|0:0:0|1:1:0|0:0:0|0:0:0|2:1:2|1:2:0|0:0:0|0:2:2|0:0:0|0:0:0|0:0:0|0:0:0|1:1:0|1:2:0|2:0:2|2:0:2|0:0:0|0:0:0|3:3:0|0:1:1|1:1:0","2:0:1|0:1:0|1:1:0|0:0:0|2:0:1|0:0:0|0:0:0|1:1:0|0:0:0|0:0:0|2:0:2|0:1:1|0:0:0|2:0:1|0:0:0|0:0:0|0:0:0|0:0:0|2:0:1|2:0:2|2:0:1|0:0:0|0:0:0|1:2:0|1:2:1|1:1:0|2:0:1|0:0:0|0:0:0|1:1:0|0:0:0|0:0:0|2:1:2|1:2:0|0:0:0|0:2:2|0:0:0|0:0:0|0:0:0|0:0:0|1:1:0|1:2:0|2:0:2|2:0:2|0:0:0|0:0:0|3:3:0|0:1:1|1:1:0","2:0:1|1:1:0|1:1:0|0:0:0|2:0:1|0:0:0|0:0:0|1:1:0|0:0:0|0:0:0|2:0:2|0:1:1|0:0:0|2:0:1|0:0:0|0:0:0|0:0:0|0:0:0|2:0:1|2:0:2|2:0:1|0:0:0|0:0:0|1:2:0|1:2:1|1:1:0|2:0:1|0:0:0|0:0:0|1:1:0|0:0:0|0:0:0|2:1:2|1:2:0|0:0:0|0:2:2|0:0:0|0:0:0|0:0:0|0:0:0|1:1:0|1:2:0|2:0:2|2:0:2|0:0:0|1:1:0|3:3:0|0:1:1|1:1:0"
"7x7-p84","7x7-p84-seeded-random","-1","1","43","0.767857","3","1","O63","HM","65","63","66","63","0","1","1","0","0","1","0","1","0","2:0:1|0:1:0|1:1:0|0:0:0|2:0:1|0:0:0|0:0:0|1:1:0|0:0:0|0:0:0|2:0:2|0:1:1|0:0:0|2:0:1|0:0:0|0:0:0|0:0:0|0:0:0|2:0:1|2:0:2|2:0:1|0:0:0|0:0:0|1:2:0|1:2:1|1:1:0|2:0:1|0:0:0|0:0:0|1:1:0|0:0:0|0:0:0|2:1:2|1:2:0|0:0:0|0:2:2|0:0:0|0:0:0|0:0:0|0:0:0|1:1:0|1:2:0|2:0:2|2:0:2|0:0:0|0:0:0|3:3:0|0:1:1|1:1:0","2:0:1|1:1:0|1:1:0|0:0:0|2:0:1|0:0:0|0:0:0|1:1:0|0:0:0|0:0:0|2:0:2|0:1:1|0:0:0|2:0:1|0:0:0|0:0:0|0:0:0|0:0:0|2:0:1|2:0:2|2:0:1|0:0:0|0:0:0|1:2:0|1:2:1|1:1:0|2:0:1|0:0:0|0:0:0|1:1:0|0:0:0|0:0:0|2:1:2|1:2:0|0:0:0|0:2:2|0:0:0|0:0:0|0:0:0|0:0:0|1:1:0|1:2:0|2:0:2|2:0:2|0:0:0|1:1:0|3:3:0|0:1:1|1:1:0","2:0:1|1:1:0|1:1:0|0:0:0|2:0:1|0:0:0|0:0:0|1:1:0|0:0:0|0:0:0|2:0:2|0:1:1|0:0:0|2:0:1|0:0:0|0:0:0|0:0:0|0:0:0|2:0:1|2:0:2|2:0:1|0:0:0|0:0:0|1:2:0|1:2:1|1:1:0|2:0:1|0:0:0|0:0:0|1:1:0|0:0:0|0:0:0|2:1:2|1:2:0|0:0:0|0:2:2|0:0:0|0:0:0|0:0:0|0:0:0|1:1:0|1:2:0|2:0:2|2:0:2|0:0:0|1:1:0|3:3:0|0:1:1|1:1:0"
"7x7-p84","7x7-p84-seeded-random","-1","1","44","0.785714","3","2","O33","MM","66","65","66","66","1","0","0","2","1","2","2","2","2","2:0:1|1:1:0|1:1:0|0:0:0|2:0:1|0:0:0|0:0:0|1:1:0|0:0:0|0:0:0|2:0:2|0:1:1|0:0:0|2:0:1|0:0:0|0:0:0|0:0:0|0:0:0|2:0:1|2:0:2|2:0:1|0:0:0|0:0:0|1:2:0|1:2:1|1:1:0|2:0:1|0:0:0|0:0:0|1:1:0|0:0:0|0:0:0|2:1:2|1:2:0|0:0:0|0:2:2|0:0:0|0:0:0|0:0:0|0:0:0|1:1:0|1:2:0|2:0:2|2:0:2|0:0:0|1:1:0|3:3:0|0:1:1|1:1:0","2:0:1|1:1:0|1:1:0|0:0:0|2:0:1|0:0:0|0:0:0|1:1:0|0:0:0|0:0:0|2:0:2|0:1:1|0:0:0|2:0:1|0:0:0|0:0:0|0:0:0|0:0:0|2:0:1|2:0:2|2:0:1|0:0:0|0:0:0|1:2:0|0:2:2|1:1:0|2:0:1|0:0:0|0:0:0|1:1:0|0:0:0|0:0:0|2:1:2|1:2:0|0:0:0|0:2:2|0:0:0|0:0:0|0:0:0|0:0:0|1:1:0|1:2:0|2:0:2|2:0:2|0:0:0|1:1:0|3:3:0|0:1:1|1:1:0","2:0:1|1:1:0|1:1:0|0:0:0|2:0:1|0:0:0|0:0:0|1:1:0|0:0:0|0:0:0|2:0:2|0:1:1|0:0:0|2:0:1|0:0:0|0:0:0|0:0:0|0:0:0|2:0:1|2:0:2|2:0:1|0:0:0|0:0:0|1:2:0|0:2:2|1:1:0|2:0:1|0:0:0|0:0:0|1:1:0|0:0:0|0:0:0|2:1:2|1:2:0|0:0:0|0:2:2|0:0:0|0:0:0|0:0:0|0:0:0|1:1:0|1:2:0|2:0:2|2:0:2|0:0:0|1:1:0|3:3:0|0:1:1|1:1:0"
"7x7-p84","7x7-p84-seeded-random","-1","1","45","0.803571","2","1","O53","HM","67","66","68","66","0","0","1","0","0","1","0","1","0","2:0:1|1:1:0|1:1:0|0:0:0|2:0:1|0:0:0|0:0:0|1:1:0|0:0:0|0:0:0|2:0:2|0:1:1|0:0:0|2:0:1|0:0:0|0:0:0|0:0:0|0:0:0|2:0:1|2:0:2|2:0:1|0:0:0|0:0:0|1:2:0|0:2:2|1:1:0|2:0:1|0:0:0|0:0:0|1:1:0|0:0:0|0:0:0|2:1:2|1:2:0|0:0:0|0:2:2|0:0:0|0:0:0|0:0:0|0:0:0|1:1:0|1:2:0|2:0:2|2:0:2|0:0:0|1:1:0|3:3:0|0:1:1|1:1:0","2:0:1|1:1:0|1:1:0|0:0:0|2:0:1|0:0:0|0:0:0|1:1:0|0:0:0|0:0:0|2:0:2|0:1:1|0:0:0|2:0:1|0:0:0|0:0:0|0:0:0|0:0:0|2:0:1|2:0:2|2:0:1|0:0:0|0:0:0|1:2:0|0:2:2|1:1:0|2:0:1|0:0:0|0:0:0|1:1:0|0:0:0|0:0:0|2:1:2|1:2:0|0:0:0|0:2:2|0:0:0|0:0:0|0:1:0|0:0:0|1:1:0|1:2:0|2:0:2|2:0:2|0:0:0|1:1:0|3:3:0|0:1:1|1:1:0","2:0:1|1:1:0|1:1:0|0:0:0|2:0:1|0:0:0|0:0:0|1:1:0|0:0:0|0:0:0|2:0:2|0:1:1|0:0:0|2:0:1|0:0:0|0:0:0|0:0:0|0:0:0|2:0:1|2:0:2|2:0:1|0:0:0|0:0:0|1:2:0|0:2:2|1:1:0|2:0:1|0:0:0|0:0:0|1:1:0|0:0:0|0:0:0|2:1:2|1:2:0|0:0:0|0:2:2|0:0:0|0:0:0|1:1:0|0:0:0|1:2:0|1:2:0|2:0:2|2:0:2|0:0:0|1:1:0|3:3:0|0:1:1|1:1:0"
"7x7-p84","7x7-p84-seeded-random","-1","1","45","0.803571","3","1","O55","HH","68","66","69","66","1","1","1","1","0","2","0","2","0","2:0:1|1:1:0|1:1:0|0:0:0|2:0:1|0:0:0|0:0:0|1:1:0|0:0:0|0:0:0|2:0:2|0:1:1|0:0:0|2:0:1|0:0:0|0:0:0|0:0:0|0:0:0|2:0:1|2:0:2|2:0:1|0:0:0|0:0:0|1:2:0|0:2:2|1:1:0|2:0:1|0:0:0|0:0:0|1:1:0|0:0:0|0:0:0|2:1:2|1:2:0|0:0:0|0:2:2|0:0:0|0:0:0|0:1:0|0:0:0|1:1:0|1:2:0|2:0:2|2:0:2|0:0:0|1:1:0|3:3:0|0:1:1|1:1:0","2:0:1|1:1:0|1:1:0|0:0:0|2:0:1|0:0:0|0:0:0|1:1:0|0:0:0|0:0:0|2:0:2|0:1:1|0:0:0|2:0:1|0:0:0|0:0:0|0:0:0|0:0:0|2:0:1|2:0:2|2:0:1|0:0:0|0:0:0|1:2:0|0:2:2|1:1:0|2:0:1|0:0:0|0:0:0|1:1:0|0:0:0|0:0:0|2:1:2|1:2:0|0:0:0|0:2:2|0:0:0|0:0:0|1:1:0|0:0:0|1:2:0|1:2:0|2:0:2|2:0:2|0:0:0|1:1:0|3:3:0|0:1:1|1:1:0","2:0:1|1:1:0|1:1:0|0:0:0|2:0:1|0:0:0|0:0:0|1:1:0|0:0:0|0:0:0|2:0:2|0:1:1|0:0:0|2:0:1|0:0:0|0:0:0|0:0:0|0:0:0|2:0:1|2:0:2|2:0:1|0:0:0|0:0:0|1:2:0|0:2:2|1:1:0|2:0:1|0:0:0|0:0:0|1:1:0|0:0:0|0:0:0|2:1:2|1:2:0|0:0:0|0:2:2|0:0:0|0:0:0|1:1:0|0:0:0|1:2:0|1:2:0|2:0:2|2:0:2|0:0:0|1:1:0|3:3:0|0:1:1|1:1:0"
"7x7-p84","7x7-p84-seeded-random","-1","1","46","0.821429","3","2","O13","LM","69","68","69","69","2","4","4","0","2","0","3","0","3","2:0:1|1:1:0|1:1:0|0:0:0|2:0:1|0:0:0|0:0:0|1:1:0|0:0:0|0:0:0|2:0:2|0:1:1|0:0:0|2:0:1|0:0:0|0:0:0|0:0:0|0:0:0|2:0:1|2:0:2|2:0:1|0:0:0|0:0:0|1:2:0|0:2:2|1:1:0|2:0:1|0:0:0|0:0:0|1:1:0|0:0:0|0:0:0|2:1:2|1:2:0|0:0:0|0:2:2|0:0:0|0:0:0|1:1:0|0:0:0|1:2:0|1:2:0|2:0:2|2:0:2|0:0:0|1:1:0|3:3:0|0:1:1|1:1:0","2:0:1|1:1:0|1:1:0|0:0:0|2:0:1|0:0:0|0:0:0|1:1:0|0:0:0|0:0:0|4:0:3|0:1:1|0:0:0|2:0:1|0:0:0|0:0:0|0:0:0|0:0:0|2:0:1|2:0:2|2:0:1|0:0:0|0:0:0|1:2:0|0:2:2|1:1:0|2:0:1|0:0:0|0:0:0|1:1:0|0:0:0|0:0:0|2:1:2|1:2:0|0:0:0|0:2:2|0:0:0|0:0:0|1:1:0|0:0:0|1:2:0|1:2:0|2:0:2|2:0:2|0:0:0|1:1:0|3:3:0|0:1:1|1:1:0","2:0:1|1:1:0|1:1:0|0:0:0|2:0:1|0:0:0|0:0:0|1:1:0|0:0:0|0:0:0|4:0:3|0:1:1|0:0:0|2:0:1|0:0:0|0:0:0|0:0:0|0:0:0|2:0:1|2:0:2|2:0:1|0:0:0|0:0:0|1:2:0|0:2:2|1:1:0|2:0:1|0:0:0|0:0:0|1:1:0|0:0:0|0:0:0|2:1:2|1:2:0|0:0:0|0:2:2|0:0:0|0:0:0|1:1:0|0:0:0|1:2:0|1:2:0|2:0:2|2:0:2|0:0:0|1:1:0|3:3:0|0:1:1|1:1:0"
"7x7-p84","7x7-p84-seeded-random","-1","1","47","0.839286","1","1","O63","HM","69","69","70","69","1","1","1","1","0","2","0","2","0","2:0:1|1:1:0|1:1:0|0:0:0|2:0:1|0:0:0|0:0:0|1:1:0|0:0:0|0:0:0|4:0:3|0:1:1|0:0:0|2:0:1|0:0:0|0:0:0|0:0:0|0:0:0|2:0:1|2:0:2|2:0:1|0:0:0|0:0:0|1:2:0|0:2:2|1:1:0|2:0:1|0:0:0|0:0:0|1:1:0|0:0:0|0:0:0|2:1:2|1:2:0|0:0:0|0:2:2|0:0:0|0:0:0|1:1:0|0:0:0|1:2:0|1:2:0|2:0:2|2:0:2|0:0:0|1:1:0|3:3:0|0:1:1|1:1:0","2:0:1|1:1:0|1:1:0|0:0:0|2:0:1|0:0:0|0:0:0|1:1:0|0:0:0|0:0:0|4:0:3|0:1:1|0:0:0|2:0:1|0:0:0|0:0:0|0:0:0|0:0:0|2:0:1|2:0:2|2:0:1|0:0:0|0:0:0|1:2:0|0:2:2|1:1:0|2:0:1|0:0:0|0:0:0|1:1:0|0:0:0|0:0:0|2:1:2|1:2:0|0:0:0|0:2:2|0:0:0|0:0:0|1:1:0|0:0:0|1:2:0|1:2:0|2:0:2|2:0:2|0:0:0|1:2:0|3:3:0|0:1:1|1:1:0","2:0:1|1:1:0|1:1:0|0:0:0|2:0:1|0:0:0|0:0:0|1:1:0|1:1:0|0:0:0|4:0:3|0:1:1|0:0:0|2:0:1|0:0:0|0:0:0|0:0:0|0:0:0|2:0:1|2:0:2|2:0:1|0:0:0|0:0:0|1:2:0|0:2:2|1:1:0|2:0:1|0:0:0|0:0:0|1:1:0|0:0:0|0:0:0|2:1:2|1:2:0|0:0:0|0:2:2|0:0:0|0:0:0|1:1:0|0:0:0|1:2:0|1:2:0|2:0:2|2:0:2|1:1:0|1:2:0|3:3:0|0:1:1|1:1:0"
"7x7-p84","7x7-p84-seeded-random","-1","1","47","0.839286","2","1","O62","HM","70","69","71","69","0","0","1","0","0","1","0","1","0","2:0:1|1:1:0|1:1:0|0:0:0|2:0:1|0:0:0|0:0:0|1:1:0|0:0:0|0:0:0|4:0:3|0:1:1|0:0:0|2:0:1|0:0:0|0:0:0|0:0:0|0:0:0|2:0:1|2:0:2|2:0:1|0:0:0|0:0:0|1:2:0|0:2:2|1:1:0|2:0:1|0:0:0|0:0:0|1:1:0|0:0:0|0:0:0|2:1:2|1:2:0|0:0:0|0:2:2|0:0:0|0:0:0|1:1:0|0:0:0|1:2:0|1:2:0|2:0:2|2:0:2|0:0:0|1:2:0|3:3:0|0:1:1|1:1:0","2:0:1|1:1:0|1:1:0|0:0:0|2:0:1|0:0:0|0:0:0|1:1:0|0:0:0|0:0:0|4:0:3|0:1:1|0:0:0|2:0:1|0:0:0|0:0:0|0:0:0|0:0:0|2:0:1|2:0:2|2:0:1|0:0:0|0:0:0|1:2:0|0:2:2|1:1:0|2:0:1|0:0:0|0:0:0|1:1:0|0:0:0|0:0:0|2:1:2|1:2:0|0:0:0|0:2:2|0:0:0|0:0:0|1:1:0|0:0:0|1:2:0|1:2:0|2:0:2|2:0:2|0:1:0|1:2:0|3:3:0|0:1:1|1:1:0","2:0:1|1:1:0|1:1:0|0:0:0|2:0:1|0:0:0|0:0:0|1:1:0|1:1:0|0:0:0|4:0:3|0:1:1|0:0:0|2:0:1|0:0:0|0:0:0|0:0:0|0:0:0|2:0:1|2:0:2|2:0:1|0:0:0|0:0:0|1:2:0|0:2:2|1:1:0|2:0:1|0:0:0|0:0:0|1:1:0|0:0:0|0:0:0|2:1:2|1:2:0|0:0:0|0:2:2|0:0:0|0:0:0|1:1:0|0:0:0|1:2:0|1:2:0|2:0:2|2:0:2|1:1:0|1:2:0|3:3:0|0:1:1|1:1:0"
"7x7-p84","7x7-p84-seeded-random","-1","1","47","0.839286","3","1","O11","LL","71","69","72","69","0","1","1","0","0","1","0","1","0","2:0:1|1:1:0|1:1:0|0:0:0|2:0:1|0:0:0|0:0:0|1:1:0|0:0:0|0:0:0|4:0:3|0:1:1|0:0:0|2:0:1|0:0:0|0:0:0|0:0:0|0:0:0|2:0:1|2:0:2|2:0:1|0:0:0|0:0:0|1:2:0|0:2:2|1:1:0|2:0:1|0:0:0|0:0:0|1:1:0|0:0:0|0:0:0|2:1:2|1:2:0|0:0:0|0:2:2|0:0:0|0:0:0|1:1:0|0:0:0|1:2:0|1:2:0|2:0:2|2:0:2|0:1:0|1:2:0|3:3:0|0:1:1|1:1:0","2:0:1|1:1:0|1:1:0|0:0:0|2:0:1|0:0:0|0:0:0|1:1:0|1:1:0|0:0:0|4:0:3|0:1:1|0:0:0|2:0:1|0:0:0|0:0:0|0:0:0|0:0:0|2:0:1|2:0:2|2:0:1|0:0:0|0:0:0|1:2:0|0:2:2|1:1:0|2:0:1|0:0:0|0:0:0|1:1:0|0:0:0|0:0:0|2:1:2|1:2:0|0:0:0|0:2:2|0:0:0|0:0:0|1:1:0|0:0:0|1:2:0|1:2:0|2:0:2|2:0:2|1:1:0|1:2:0|3:3:0|0:1:1|1:1:0","2:0:1|1:1:0|1:1:0|0:0:0|2:0:1|0:0:0|0:0:0|1:1:0|1:1:0|0:0:0|4:0:3|0:1:1|0:0:0|2:0:1|0:0:0|0:0:0|0:0:0|0:0:0|2:0:1|2:0:2|2:0:1|0:0:0|0:0:0|1:2:0|0:2:2|1:1:0|2:0:1|0:0:0|0:0:0|1:1:0|0:0:0|0:0:0|2:1:2|1:2:0|0:0:0|0:2:2|0:0:0|0:0:0|1:1:0|0:0:0|1:2:0|1:2:0|2:0:2|2:0:2|1:1:0|1:2:0|3:3:0|0:1:1|1:1:0"
"7x7-p84","7x7-p84-seeded-random","-1","1","48","0.857143","3","2","O46","MH","72","71","72","72","0","2","2","0","0","0","1","0","1","2:0:1|1:1:0|1:1:0|0:0:0|2:0:1|0:0:0|0:0:0|1:1:0|1:1:0|0:0:0|4:0:3|0:1:1|0:0:0|2:0:1|0:0:0|0:0:0|0:0:0|0:0:0|2:0:1|2:0:2|2:0:1|0:0:0|0:0:0|1:2:0|0:2:2|1:1:0|2:0:1|0:0:0|0:0:0|1:1:0|0:0:0|0:0:0|2:1:2|1:2:0|0:0:0|0:2:2|0:0:0|0:0:0|1:1:0|0:0:0|1:2:0|1:2:0|2:0:2|2:0:2|1:1:0|1:2:0|3:3:0|0:1:1|1:1:0","2:0:1|1:1:0|1:1:0|0:0:0|2:0:1|0:0:0|0:0:0|1:1:0|1:1:0|0:0:0|4:0:3|0:1:1|0:0:0|2:0:1|0:0:0|0:0:0|0:0:0|0:0:0|2:0:1|2:0:2|2:0:1|0:0:0|0:0:0|1:2:0|0:2:2|1:1:0|2:0:1|0:0:0|0:0:0|1:1:0|0:0:0|0:0:0|2:1:2|1:2:0|2:0:1|0:2:2|0:0:0|0:0:0|1:1:0|0:0:0|1:2:0|1:2:0|2:0:2|2:0:2|1:1:0|1:2:0|3:3:0|0:1:1|1:1:0","2:0:1|1:1:0|1:1:0|0:0:0|2:0:1|0:0:0|0:0:0|1:1:0|1:1:0|0:0:0|4:0:3|0:1:1|0:0:0|2:0:1|0:0:0|0:0:0|0:0:0|0:0:0|2:0:1|2:0:2|2:0:1|0:0:0|0:0:0|1:2:0|0:2:2|1:1:0|2:0:1|0:0:0|0:0:0|1:1:0|0:0:0|0:0:0|2:1:2|1:2:0|2:0:1|0:2:2|0:0:0|0:0:0|1:1:0|0:0:0|1:2:0|1:2:0|2:0:2|2:0:2|1:1:0|1:2:0|3:3:0|0:1:1|1:1:0"
"7x7-p84","7x7-p84-seeded-random","-1","1","49","0.875000","3","1","O43","MM","74","72","75","72","0","1","1","0","0","1","0","1","0","2:0:1|1:1:0|1:1:0|0:0:0|2:0:1|0:0:0|0:0:0|1:1:0|1:1:0|0:0:0|4:0:3|0:1:1|0:0:0|2:0:1|0:0:0|0:0:0|0:0:0|0:0:0|2:0:1|2:0:2|2:0:1|0:0:0|0:0:0|1:2:0|0:2:2|1:1:0|2:0:1|0:0:0|0:0:0|1:1:0|0:0:0|0:0:0|2:1:2|1:2:0|2:0:1|0:2:2|0:0:0|0:0:0|1:1:0|0:0:0|1:2:0|1:2:0|2:0:2|2:0:2|1:1:0|1:2:0|3:3:0|0:1:1|1:1:0","2:0:1|1:1:0|1:1:0|0:0:0|2:0:1|0:0:0|0:0:0|1:1:0|1:1:0|0:0:0|4:0:3|0:1:1|0:0:0|2:0:1|0:0:0|0:0:0|0:0:0|0:0:0|2:0:1|2:0:2|2:0:1|0:0:0|0:0:0|1:2:0|0:2:2|1:1:0|2:0:1|0:0:0|0:0:0|1:1:0|0:0:0|1:1:0|2:1:2|1:2:0|2:0:1|0:2:2|0:0:0|0:0:0|1:1:0|0:0:0|1:2:0|1:2:0|2:0:2|2:0:2|1:1:0|1:2:0|3:3:0|0:1:1|1:1:0","2:0:1|1:1:0|1:1:0|0:0:0|2:0:1|0:0:0|0:0:0|1:1:0|1:1:0|0:0:0|4:0:3|0:1:1|0:0:0|2:0:1|0:0:0|0:0:0|0:0:0|0:0:0|2:0:1|2:0:2|2:0:1|0:0:0|0:0:0|1:2:0|0:2:2|1:1:0|2:0:1|0:0:0|0:0:0|1:1:0|0:0:0|1:1:0|2:1:2|1:2:0|2:0:1|0:2:2|0:0:0|0:0:0|1:1:0|0:0:0|1:2:0|1:2:0|2:0:2|2:0:2|1:1:0|1:2:0|3:3:0|0:1:1|1:1:0"
"7x7-p84","7x7-p84-seeded-random","-1","1","51","0.910714","2","1","O34","MM","76","75","77","75","1","1","1","1","0","2","0","2","0","2:0:1|1:1:0|1:1:0|0:0:0|2:0:1|0:0:0|0:0:0|1:1:0|1:1:0|0:0:0|4:0:3|0:1:1|0:0:0|2:0:1|0:0:0|0:0:0|0:0:0|0:0:0|2:0:1|2:0:2|2:0:1|0:0:0|0:0:0|1:2:0|0:2:2|1:1:0|2:0:1|0:0:0|0:0:0|1:1:0|0:0:0|1:1:0|2:1:2|1:2:0|2:0:1|0:2:2|0:0:0|0:0:0|1:1:0|0:0:0|1:2:0|1:2:0|2:0:2|2:0:2|1:1:0|1:2:0|3:3:0|0:1:1|1:1:0","2:0:1|1:1:0|1:1:0|0:0:0|2:0:1|0:0:0|0:0:0|1:1:0|1:1:0|0:0:0|4:0:3|0:1:1|0:0:0|2:0:1|0:0:0|0:0:0|0:0:0|0:0:0|2:0:1|2:0:2|2:0:1|0:0:0|0:0:0|1:2:0|0:2:2|1:2:0|2:0:1|0:0:0|0:0:0|1:1:0|0:0:0|1:1:0|2:1:2|1:2:0|2:0:1|0:2:2|0:0:0|0:0:0|1:1:0|0:0:0|1:2:0|1:2:0|2:0:2|2:0:2|1:1:0|1:2:0|3:3:0|0:1:1|1:1:0","2:0:1|1:2:0|1:1:0|0:0:0|2:0:1|0:0:0|0:0:0|1:1:0|1:1:0|0:0:0|4:0:3|0:1:1|0:0:0|2:0:1|0:0:0|0:0:0|0:0:0|0:0:0|2:0:1|2:0:2|2:0:1|0:0:0|0:0:0|1:2:0|0:2:2|1:2:0|2:0:1|0:0:0|0:0:0|1:1:0|0:0:0|1:1:0|2:1:2|1:2:0|2:0:1|0:2:2|0:0:0|0:0:0|1:1:0|0:0:0|1:2:0|1:2:0|2:0:2|2:0:2|1:1:0|1:2:0|3:3:0|0:1:1|1:1:0"
"7x7-p84","7x7-p84-seeded-random","-1","1","51","0.910714","3","1","O01","LL","77","75","78","75","1","1","1","1","0","2","0","2","0","2:0:1|1:1:0|1:1:0|0:0:0|2:0:1|0:0:0|0:0:0|1:1:0|1:1:0|0:0:0|4:0:3|0:1:1|0:0:0|2:0:1|0:0:0|0:0:0|0:0:0|0:0:0|2:0:1|2:0:2|2:0:1|0:0:0|0:0:0|1:2:0|0:2:2|1:2:0|2:0:1|0:0:0|0:0:0|1:1:0|0:0:0|1:1:0|2:1:2|1:2:0|2:0:1|0:2:2|0:0:0|0:0:0|1:1:0|0:0:0|1:2:0|1:2:0|2:0:2|2:0:2|1:1:0|1:2:0|3:3:0|0:1:1|1:1:0","2:0:1|1:2:0|1:1:0|0:0:0|2:0:1|0:0:0|0:0:0|1:1:0|1:1:0|0:0:0|4:0:3|0:1:1|0:0:0|2:0:1|0:0:0|0:0:0|0:0:0|0:0:0|2:0:1|2:0:2|2:0:1|0:0:0|0:0:0|1:2:0|0:2:2|1:2:0|2:0:1|0:0:0|0:0:0|1:1:0|0:0:0|1:1:0|2:1:2|1:2:0|2:0:1|0:2:2|0:0:0|0:0:0|1:1:0|0:0:0|1:2:0|1:2:0|2:0:2|2:0:2|1:1:0|1:2:0|3:3:0|0:1:1|1:1:0","2:0:1|1:2:0|1:1:0|0:0:0|2:0:1|0:0:0|0:0:0|1:1:0|1:1:0|0:0:0|4:0:3|0:1:1|0:0:0|2:0:1|0:0:0|0:0:0|0:0:0|0:0:0|2:0:1|2:0:2|2:0:1|0:0:0|0:0:0|1:2:0|0:2:2|1:2:0|2:0:1|0:0:0|0:0:0|1:1:0|0:0:0|1:1:0|2:1:2|1:2:0|2:0:1|0:2:2|0:0:0|0:0:0|1:1:0|0:0:0|1:2:0|1:2:0|2:0:2|2:0:2|1:1:0|1:2:0|3:3:0|0:1:1|1:1:0"
"7x7-p84","7x7-p84-seeded-random","-1","1","52","0.928571","1","2","O14","LM","78","75","78","76","0","0","2","1","1","1","2","1","2","2:0:1|1:2:0|1:1:0|0:0:0|2:0:1|0:0:0|0:0:0|1:1:0|1:1:0|0:0:0|4:0:3|0:1:1|0:0:0|2:0:1|0:0:0|0:0:0|0:0:0|0:0:0|2:0:1|2:0:2|2:0:1|0:0:0|0:0:0|1:2:0|0:2:2|1:2:0|2:0:1|0:0:0|0:0:0|1:1:0|0:0:0|1:1:0|2:1:2|1:2:0|2:0:1|0:2:2|0:0:0|0:0:0|1:1:0|0:0:0|1:2:0|1:2:0|2:0:2|2:0:2|1:1:0|1:2:0|3:3:0|0:1:1|1:1:0","2:0:1|1:2:0|1:1:0|0:0:0|2:0:1|0:0:0|0:0:0|1:1:0|1:1:0|0:0:0|4:0:3|0:1:2|0:0:0|2:0:1|0:0:0|0:0:0|0:0:0|0:0:0|2:0:1|2:0:2|2:0:1|0:0:0|0:0:0|1:2:0|0:2:2|1:2:0|2:0:1|0:0:0|0:0:0|1:1:0|0:0:0|1:1:0|2:1:2|1:2:0|2:0:1|0:2:2|0:0:0|0:0:0|1:1:0|0:0:0|1:2:0|1:2:0|2:0:2|2:0:2|1:1:0|1:2:0|3:3:0|0:1:1|1:1:0","2:0:1|1:2:0|1:1:0|0:0:0|2:0:1|0:0:0|0:0:0|1:1:0|1:1:0|0:0:0|4:0:3|2:1:2|0:0:0|2:0:1|0:0:0|0:0:0|0:0:0|0:0:0|2:0:1|2:0:2|2:0:1|0:0:0|0:0:0|1:2:0|0:2:2|1:2:0|2:0:1|0:0:0|0:0:0|1:1:0|0:0:0|1:1:0|2:1:2|1:2:0|2:0:1|0:2:2|2:0:1|0:0:0|1:1:0|0:0:0|1:2:0|1:2:0|2:0:2|2:0:2|1:1:0|1:2:0|3:3:0|0:1:1|1:1:0"
"7x7-p84","7x7-p84-seeded-random","-1","1","52","0.928571","3","2","O51","HL","78","77","78","78","0","2","2","0","0","0","1","0","1","2:0:1|1:2:0|1:1:0|0:0:0|2:0:1|0:0:0|0:0:0|1:1:0|1:1:0|0:0:0|4:0:3|0:1:2|0:0:0|2:0:1|0:0:0|0:0:0|0:0:0|0:0:0|2:0:1|2:0:2|2:0:1|0:0:0|0:0:0|1:2:0|0:2:2|1:2:0|2:0:1|0:0:0|0:0:0|1:1:0|0:0:0|1:1:0|2:1:2|1:2:0|2:0:1|0:2:2|0:0:0|0:0:0|1:1:0|0:0:0|1:2:0|1:2:0|2:0:2|2:0:2|1:1:0|1:2:0|3:3:0|0:1:1|1:1:0","2:0:1|1:2:0|1:1:0|0:0:0|2:0:1|0:0:0|0:0:0|1:1:0|1:1:0|0:0:0|4:0:3|2:1:2|0:0:0|2:0:1|0:0:0|0:0:0|0:0:0|0:0:0|2:0:1|2:0:2|2:0:1|0:0:0|0:0:0|1:2:0|0:2:2|1:2:0|2:0:1|0:0:0|0:0:0|1:1:0|0:0:0|1:1:0|2:1:2|1:2:0|2:0:1|0:2:2|2:0:1|0:0:0|1:1:0|0:0:0|1:2:0|1:2:0|2:0:2|2:0:2|1:1:0|1:2:0|3:3:0|0:1:1|1:1:0","2:0:1|1:2:0|1:1:0|0:0:0|2:0:1|0:0:0|0:0:0|1:1:0|1:1:0|0:0:0|4:0:3|2:1:2|0:0:0|2:0:1|0:0:0|0:0:0|0:0:0|0:0:0|2:0:1|2:0:2|2:0:1|0:0:0|0:0:0|1:2:0|0:2:2|1:2:0|2:0:1|0:0:0|0:0:0|1:1:0|0:0:0|1:1:0|2:1:2|1:2:0|2:0:1|0:2:2|2:0:1|0:0:0|1:1:0|0:0:0|1:2:0|1:2:0|2:0:2|2:0:2|1:1:0|1:2:0|3:3:0|0:1:1|1:1:0"
"7x7-p84","7x7-p84-seeded-random","-1","1","53","0.946429","2","1","O10","LL","79","78","80","78","1","1","1","1","0","2","0","2","0","2:0:1|1:2:0|1:1:0|0:0:0|2:0:1|0:0:0|0:0:0|1:1:0|1:1:0|0:0:0|4:0:3|2:1:2|0:0:0|2:0:1|0:0:0|0:0:0|0:0:0|0:0:0|2:0:1|2:0:2|2:0:1|0:0:0|0:0:0|1:2:0|0:2:2|1:2:0|2:0:1|0:0:0|0:0:0|1:1:0|0:0:0|1:1:0|2:1:2|1:2:0|2:0:1|0:2:2|2:0:1|0:0:0|1:1:0|0:0:0|1:2:0|1:2:0|2:0:2|2:0:2|1:1:0|1:2:0|3:3:0|0:1:1|1:1:0","2:0:1|1:2:0|1:1:0|0:0:0|2:0:1|0:0:0|0:0:0|1:2:0|1:1:0|0:0:0|4:0:3|2:1:2|0:0:0|2:0:1|0:0:0|0:0:0|0:0:0|0:0:0|2:0:1|2:0:2|2:0:1|0:0:0|0:0:0|1:2:0|0:2:2|1:2:0|2:0:1|0:0:0|0:0:0|1:1:0|0:0:0|1:1:0|2:1:2|1:2:0|2:0:1|0:2:2|2:0:1|0:0:0|1:1:0|0:0:0|1:2:0|1:2:0|2:0:2|2:0:2|1:1:0|1:2:0|3:3:0|0:1:1|1:1:0","2:0:1|1:2:0|1:1:0|0:0:0|2:0:1|0:0:0|0:0:0|1:2:0|1:1:0|0:0:0|4:0:3|2:1:2|0:0:0|0:1:1|0:0:0|0:0:0|0:0:0|0:0:0|2:0:1|2:0:2|2:0:1|0:0:0|0:0:0|1:2:0|0:2:2|1:2:0|2:0:1|0:0:0|0:0:0|1:1:0|0:0:0|1:1:0|2:1:2|1:2:0|2:0:1|0:2:2|2:0:1|0:0:0|1:1:0|0:0:0|1:2:0|1:2:0|2:0:2|2:0:2|1:1:0|1:2:0|3:3:0|0:1:1|1:1:0"
"7x7-p84","7x7-p84-seeded-random","-1","1","53","0.946429","3","1","O16","LH","80","78","81","78","2","0","0","0","1","1","1","1","1","2:0:1|1:2:0|1:1:0|0:0:0|2:0:1|0:0:0|0:0:0|1:2:0|1:1:0|0:0:0|4:0:3|2:1:2|0:0:0|2:0:1|0:0:0|0:0:0|0:0:0|0:0:0|2:0:1|2:0:2|2:0:1|0:0:0|0:0:0|1:2:0|0:2:2|1:2:0|2:0:1|0:0:0|0:0:0|1:1:0|0:0:0|1:1:0|2:1:2|1:2:0|2:0:1|0:2:2|2:0:1|0:0:0|1:1:0|0:0:0|1:2:0|1:2:0|2:0:2|2:0:2|1:1:0|1:2:0|3:3:0|0:1:1|1:1:0","2:0:1|1:2:0|1:1:0|0:0:0|2:0:1|0:0:0|0:0:0|1:2:0|1:1:0|0:0:0|4:0:3|2:1:2|0:0:0|0:1:1|0:0:0|0:0:0|0:0:0|0:0:0|2:0:1|2:0:2|2:0:1|0:0:0|0:0:0|1:2:0|0:2:2|1:2:0|2:0:1|0:0:0|0:0:0|1:1:0|0:0:0|1:1:0|2:1:2|1:2:0|2:0:1|0:2:2|2:0:1|0:0:0|1:1:0|0:0:0|1:2:0|1:2:0|2:0:2|2:0:2|1:1:0|1:2:0|3:3:0|0:1:1|1:1:0","2:0:1|1:2:0|1:1:0|0:0:0|2:0:1|0:0:0|0:0:0|1:2:0|1:1:0|0:0:0|4:0:3|2:1:2|0:0:0|0:1:1|0:0:0|0:0:0|0:0:0|0:0:0|2:0:1|2:0:2|2:0:1|0:0:0|0:0:0|1:2:0|0:2:2|1:2:0|2:0:1|0:0:0|0:0:0|1:1:0|0:0:0|1:1:0|2:1:2|1:2:0|2:0:1|0:2:2|2:0:1|0:0:0|1:1:0|0:0:0|1:2:0|1:2:0|2:0:2|2:0:2|1:1:0|1:2:0|3:3:0|0:1:1|1:1:0"
"7x7-p84","7x7-p84-seeded-random","-1","1","54","0.964286","1","2","O61","HL","81","78","81","79","2","2","4","0","2","0","3","0","3","2:0:1|1:2:0|1:1:0|0:0:0|2:0:1|0:0:0|0:0:0|1:2:0|1:1:0|0:0:0|4:0:3|2:1:2|0:0:0|0:1:1|0:0:0|0:0:0|0:0:0|0:0:0|2:0:1|2:0:2|2:0:1|0:0:0|0:0:0|1:2:0|0:2:2|1:2:0|2:0:1|0:0:0|0:0:0|1:1:0|0:0:0|1:1:0|2:1:2|1:2:0|2:0:1|0:2:2|2:0:1|0:0:0|1:1:0|0:0:0|1:2:0|1:2:0|2:0:2|2:0:2|1:1:0|1:2:0|3:3:0|0:1:1|1:1:0","2:0:1|1:2:0|1:1:0|0:0:0|2:0:1|0:0:0|0:0:0|1:2:0|1:1:0|0:0:0|4:0:3|2:1:2|0:0:0|0:1:1|0:0:0|0:0:0|0:0:0|0:0:0|2:0:1|2:0:2|2:0:1|0:0:0|0:0:0|1:2:0|0:2:2|1:2:0|2:0:1|0:0:0|0:0:0|1:1:0|0:0:0|1:1:0|2:1:2|1:2:0|2:0:1|0:2:2|2:0:1|0:0:0|1:1:0|0:0:0|1:2:0|1:2:0|2:0:2|2:0:3|1:1:0|1:2:0|3:3:0|0:1:1|1:1:0","2:0:1|1:2:0|1:1:0|0:0:0|2:0:1|0:0:0|0:0:0|1:2:0|1:1:0|0:0:0|4:0:3|2:1:2|0:0:0|0:1:1|0:0:0|0:0:0|0:0:0|0:0:0|2:0:1|2:0:2|2:0:1|0:0:0|0:0:0|1:2:0|0:2:2|1:2:0|2:0:1|0:0:0|0:0:0|1:1:0|0:0:0|1:1:0|2:1:2|1:2:0|2:0:1|0:2:2|2:0:1|0:0:0|1:1:0|0:0:0|1:2:0|1:2:0|2:0:2|4:0:3|1:1:0|1:2:0|3:3:0|0:1:1|1:1:0"
"7x7-p84","7x7-p84-seeded-random","-1","1","56","1.000000","2","2","O31","ML","84","82","84","83","0","0","2","0","0","0","1","0","1","2:0:1|1:2:0|1:1:0|0:0:0|2:0:1|0:0:0|0:0:0|1:2:0|1:1:0|0:0:0|4:0:3|2:1:2|0:0:0|0:1:1|0:0:0|0:0:0|0:0:0|0:0:0|2:0:1|2:0:2|2:0:1|0:0:0|0:0:0|1:2:0|0:2:2|1:2:0|2:0:1|0:0:0|0:0:0|1:1:0|0:0:0|1:1:0|2:1:2|1:2:0|2:0:1|0:2:2|2:0:1|0:0:0|1:1:0|0:0:0|1:2:0|1:2:0|2:0:2|4:0:3|1:1:0|1:2:0|3:3:0|0:1:1|1:1:0","2:0:1|1:2:0|1:1:0|0:0:0|2:0:1|0:0:0|0:0:0|1:2:0|1:1:0|0:0:0|4:0:3|2:1:2|0:0:0|0:1:1|0:0:0|0:0:0|0:0:0|0:0:0|2:0:1|2:0:2|2:0:1|0:0:0|0:0:1|1:2:0|0:2:2|1:2:0|2:0:1|0:0:0|0:0:0|1:1:0|0:0:0|1:1:0|2:1:2|1:2:0|2:0:1|0:2:2|2:0:1|0:0:0|1:1:0|0:0:0|1:2:0|1:2:0|2:0:2|4:0:3|1:1:0|1:2:0|3:3:0|0:1:1|1:1:0","2:0:1|1:2:0|1:1:0|0:0:0|2:0:1|0:0:0|0:0:0|1:2:0|1:1:0|0:0:0|4:0:3|2:1:2|0:0:0|0:1:1|0:0:0|0:0:0|0:0:0|0:0:0|2:0:1|2:0:2|2:0:1|0:0:0|2:0:1|1:2:0|0:2:2|1:2:0|2:0:1|0:0:0|0:0:0|1:1:0|0:0:0|1:1:0|2:1:2|1:2:0|2:0:1|0:2:2|2:0:1|0:0:0|1:1:0|0:0:0|1:2:0|1:2:0|2:0:2|4:0:3|1:1:0|1:2:0|3:3:0|0:1:1|1:1:0"
"7x7-p84","7x7-p84-uct-0100","100","1","4","0.071429","3","2","O05","LH","6","5","6","6","0","2","2","0","0","0","1","0","1","0:0:0|0:0:0|0:0:0|0:0:0|0:0:0|0:0:0|0:0:0|0:0:0|0:0:0|0:0:0|0:0:0|0:0:0|0:0:0|0:0:0|0:0:0|0:0:0|0:0:0|0:0:0|0:0:0|0:0:0|0:0:0|0:0:0|0:0:0|0:0:0|0:0:0|0:0:0|0:0:0|0:0:0|0:0:0|0:0:0|0:0:0|0:0:0|0:0:0|0:0:0|0:0:0|0:0:0|0:0:0|0:0:0|0:0:0|0:0:0|0:0:0|0:0:0|0:0:0|0:0:0|0:0:0|0:0:0|0:0:0|0:0:0|0:0:0","0:0:0|0:0:0|0:0:0|0:0:0|0:0:0|2:0:1|0:0:0|0:0:0|0:0:0|0:0:0|0:0:0|0:0:0|0:0:0|0:0:0|0:0:0|0:0:0|0:0:0|0:0:0|0:0:0|0:0:0|0:0:0|0:0:0|0:0:0|0:0:0|0:0:0|0:0:0|0:0:0|0:0:0|0:0:0|0:0:0|0:0:0|0:0:0|0:0:0|0:0:0|0:0:0|0:0:0|0:0:0|0:0:0|0:0:0|0:0:0|0:0:0|0:0:0|0:0:0|0:0:0|0:0:0|0:0:0|0:0:0|0:0:0|0:0:0","0:0:0|0:0:0|0:0:0|0:0:0|0:0:0|2:0:1|0:0:0|0:0:0|0:0:0|0:0:0|0:0:0|0:0:0|0:0:0|0:0:0|0:0:0|0:0:0|0:0:0|0:0:0|0:0:0|0:0:0|0:0:0|0:0:0|0:0:0|0:0:0|0:0:0|0:0:0|0:0:0|0:0:0|0:0:0|0:0:0|0:0:0|0:0:0|0:0:0|0:0:0|0:0:0|0:0:0|0:0:0|0:0:0|0:0:0|0:0:0|0:0:0|0:0:0|0:0:0|0:0:0|0:0:0|0:0:0|0:0:0|0:0:0|0:0:0"
"7x7-p84","7x7-p84-uct-0100","100","1","8","0.142857","2","2","O65","HH","12","10","12","11","0","0","2","0","0","0","1","0","1","0:0:0|0:0:0|0:0:0|0:0:0|0:0:0|2:0:1|0:0:0|0:0:0|0:0:0|0:0:0|0:0:0|0:0:0|0:0:0|0:0:0|0:0:0|0:0:0|0:0:0|0:0:0|0:0:0|0:0:0|0:0:0|0:0:0|0:0:0|0:0:0|0:0:0|0:0:0|0:0:0|0:0:0|0:0:0|0:0:0|0:0:0|0:0:0|0:0:0|0:0:0|0:0:0|0:0:0|0:0:0|0:0:0|0:0:0|0:0:0|0:0:0|0:0:0|0:0:0|0:0:0|0:0:0|0:0:0|0:0:0|0:0:0|0:0:0","0:0:0|0:0:0|0:0:0|0:0:0|0:0:0|2:0:1|0:0:0|0:0:0|0:0:0|0:0:0|0:0:0|0:0:0|0:0:0|0:0:0|0:0:0|0:0:0|0:0:0|0:0:0|0:0:0|0:0:0|0:0:0|0:0:0|0:0:0|0:0:0|0:0:0|0:0:0|0:0:0|0:0:0|0:0:0|0:0:0|0:0:0|0:0:0|0:0:0|0:0:0|0:0:0|0:0:0|0:0:0|0:0:0|0:0:0|0:0:0|0:0:0|0:0:0|0:0:0|0:0:0|0:0:0|0:0:0|0:0:0|0:0:1|0:0:0","0:0:0|0:0:0|0:0:0|0:0:0|0:0:0|2:0:1|0:0:0|0:0:0|0:0:0|0:0:0|0:0:0|0:0:0|0:0:0|0:0:0|0:0:0|0:0:0|0:0:0|0:0:0|0:0:0|0:0:0|0:0:0|0:0:0|0:0:0|0:0:0|0:0:0|0:0:0|0:0:0|0:0:0|0:0:0|0:0:0|0:0:0|0:0:0|0:0:0|0:0:0|0:0:0|0:0:0|0:0:0|0:0:0|0:0:0|0:0:0|0:0:0|0:0:0|0:0:0|0:0:0|0:0:0|0:0:0|0:0:0|2:0:1|0:0:0"
"7x7-p84","7x7-p84-uct-0100","100","1","9","0.160714","3","1","O55","HH","14","12","15","12","0","1","1","0","0","1","0","1","0","0:0:0|0:0:0|0:0:0|0:0:0|0:0:0|2:0:1|0:0:0|0:0:0|0:0:0|0:0:0|0:0:0|0:0:0|0:0:0|0:0:0|0:0:0|0:0:0|0:0:0|0:0:0|0:0:0|0:0:0|0:0:0|0:0:0|0:0:0|0:0:0|0:0:0|0:0:0|0:0:0|0:0:0|0:0:0|0:0:0|0:0:0|0:0:0|0:0:0|0:0:0|0:0:0|0:0:0|0:0:0|0:0:0|0:0:0|0:0:0|0:0:0|0:0:0|0:0:0|0:0:0|0:0:0|0:0:0|0:0:0|2:0:1|0:0:0","0:0:0|0:0:0|0:0:0|0:0:0|0:0:0|2:0:1|0:0:0|0:0:0|0:0:0|0:0:0|0:0:0|0:0:0|0:0:0|0:0:0|0:0:0|0:0:0|0:0:0|0:0:0|0:0:0|0:0:0|0:0:0|0:0:0|0:0:0|0:0:0|0:0:0|0:0:0|0:0:0|0:0:0|0:0:0|0:0:0|0:0:0|0:0:0|0:0:0|0:0:0|0:0:0|0:0:0|0:0:0|0:0:0|0:0:0|0:0:0|1:1:0|0:0:0|0:0:0|0:0:0|0:0:0|0:0:0|0:0:0|2:0:1|0:0:0","0:0:0|0:0:0|0:0:0|0:0:0|0:0:0|2:0:1|0:0:0|0:0:0|0:0:0|0:0:0|0:0:0|0:0:0|0:0:0|0:0:0|0:0:0|0:0:0|0:0:0|0:0:0|0:0:0|0:0:0|0:0:0|0:0:0|0:0:0|0:0:0|0:0:0|0:0:0|0:0:0|0:0:0|0:0:0|0:0:0|0:0:0|0:0:0|0:0:0|0:0:0|0:0:0|0:0:0|0:0:0|0:0:0|0:0:0|0:0:0|1:1:0|0:0:0|0:0:0|0:0:0|0:0:0|0:0:0|0:0:0|2:0:1|0:0:0"
"7x7-p84","7x7-p84-uct-0100","100","1","11","0.196429","2","1","O04","LM","16","15","17","15","0","0","1","0","0","1","0","1","0","0:0:0|0:0:0|0:0:0|0:0:0|0:0:0|2:0:1|0:0:0|0:0:0|0:0:0|0:0:0|0:0:0|0:0:0|0:0:0|0:0:0|0:0:0|0:0:0|0:0:0|0:0:0|0:0:0|0:0:0|0:0:0|0:0:0|0:0:0|0:0:0|0:0:0|0:0:0|0:0:0|0:0:0|0:0:0|0:0:0|0:0:0|0:0:0|0:0:0|0:0:0|0:0:0|0:0:0|0:0:0|0:0:0|0:0:0|0:0:0|1:1:0|0:0:0|0:0:0|0:0:0|0:0:0|0:0:0|0:0:0|2:0:1|0:0:0","0:0:0|0:0:0|0:0:0|0:0:0|0:1:0|2:0:1|0:0:0|0:0:0|0:0:0|0:0:0|0:0:0|0:0:0|0:0:0|0:0:0|0:0:0|0:0:0|0:0:0|0:0:0|0:0:0|0:0:0|0:0:0|0:0:0|0:0:0|0:0:0|0:0:0|0:0:0|0:0:0|0:0:0|0:0:0|0:0:0|0:0:0|0:0:0|0:0:0|0:0:0|0:0:0|0:0:0|0:0:0|0:0:0|0:0:0|0:0:0|1:1:0|0:0:0|0:0:0|0:0:0|0:0:0|0:0:0|0:0:0|2:0:1|0:0:0","0:0:0|0:0:0|0:0:0|0:0:0|1:1:0|2:0:1|0:0:0|0:0:0|0:0:0|0:0:0|0:0:0|0:0:0|0:0:0|0:0:0|0:0:0|0:0:0|0:0:0|1:1:0|0:0:0|0:0:0|0:0:0|0:0:0|0:0:0|0:0:0|0:0:0|0:0:0|0:0:0|0:0:0|0:0:0|0:0:0|0:0:0|0:0:0|0:0:0|0:0:0|0:0:0|0:0:0|0:0:0|0:0:0|0:0:0|0:0:0|1:1:0|0:0:0|0:0:0|0:0:0|0:0:0|0:0:0|0:0:0|2:0:1|0:0:0"
"7x7-p84","7x7-p84-uct-0100","100","1","11","0.196429","3","1","O23","MM","17","15","18","15","0","1","1","0","0","1","0","1","0","0:0:0|0:0:0|0:0:0|0:0:0|0:1:0|2:0:1|0:0:0|0:0:0|0:0:0|0:0:0|0:0:0|0:0:0|0:0:0|0:0:0|0:0:0|0:0:0|0:0:0|0:0:0|0:0:0|0:0:0|0:0:0|0:0:0|0:0:0|0:0:0|0:0:0|0:0:0|0:0:0|0:0:0|0:0:0|0:0:0|0:0:0|0:0:0|0:0:0|0:0:0|0:0:0|0:0:0|0:0:0|0:0:0|0:0:0|0:0:0|1:1:0|0:0:0|0:0:0|0:0:0|0:0:0|0:0:0|0:0:0|2:0:1|0:0:0","0:0:0|0:0:0|0:0:0|0:0:0|1:1:0|2:0:1|0:0:0|0:0:0|0:0:0|0:0:0|0:0:0|0:0:0|0:0:0|0:0:0|0:0:0|0:0:0|0:0:0|1:1:0|0:0:0|0:0:0|0:0:0|0:0:0|0:0:0|0:0:0|0:0:0|0:0:0|0:0:0|0:0:0|0:0:0|0:0:0|0:0:0|0:0:0|0:0:0|0:0:0|0:0:0|0:0:0|0:0:0|0:0:0|0:0:0|0:0:0|1:1:0|0:0:0|0:0:0|0:0:0|0:0:0|0:0:0|0:0:0|2:0:1|0:0:0","0:0:0|0:0:0|0:0:0|0:0:0|1:1:0|2:0:1|0:0:0|0:0:0|0:0:0|0:0:0|0:0:0|0:0:0|0:0:0|0:0:0|0:0:0|0:0:0|0:0:0|1:1:0|0:0:0|0:0:0|0:0:0|0:0:0|0:0:0|0:0:0|0:0:0|0:0:0|0:0:0|0:0:0|0:0:0|0:0:0|0:0:0|0:0:0|0:0:0|0:0:0|0:0:0|0:0:0|0:0:0|0:0:0|0:0:0|0:0:0|1:1:0|0:0:0|0:0:0|0:0:0|0:0:0|0:0:0|0:0:0|2:0:1|0:0:0"
"7x7-p84","7x7-p84-uct-0100","100","1","12","0.214286","1","2","O66","HH","18","15","18","16","0","0","2","0","0","0","1","0","1","0:0:0|0:0:0|0:0:0|0:0:0|1:1:0|2:0:1|0:0:0|0:0:0|0:0:0|0:0:0|0:0:0|0:0:0|0:0:0|0:0:0|0:0:0|0:0:0|0:0:0|1:1:0|0:0:0|0:0:0|0:0:0|0:0:0|0:0:0|0:0:0|0:0:0|0:0:0|0:0:0|0:0:0|0:0:0|0:0:0|0:0:0|0:0:0|0:0:0|0:0:0|0:0:0|0:0:0|0:0:0|0:0:0|0:0:0|0:0:0|1:1:0|0:0:0|0:0:0|0:0:0|0:0:0|0:0:0|0:0:0|2:0:1|0:0:0","0:0:0|0:0:0|0:0:0|0:0:0|1:1:0|2:0:1|0:0:0|0:0:0|0:0:0|0:0:0|0:0:0|0:0:0|0:0:0|0:0:0|0:0:0|0:0:0|0:0:0|1:1:0|0:0:0|0:0:0|0:0:0|0:0:0|0:0:0|0:0:0|0:0:0|0:0:0|0:0:0|0:0:0|0:0:0|0:0:0|0:0:0|0:0:0|0:0:0|0:0:0|0:0:0|0:0:0|0:0:0|0:0:0|0:0:0|0:0:0|1:1:0|0:0:0|0:0:0|0:0:0|0:0:0|0:0:0|0:0:0|2:0:1|0:0:1","0:0:0|0:0:0|0:0:0|0:0:0|1:1:0|2:0:1|0:0:0|0:0:0|0:0:0|0:0:0|0:0:0|0:0:0|0:0:0|0:0:0|0:0:0|0:0:0|0:0:0|1:1:0|0:0:0|0:0:0|0:0:0|0:0:0|0:0:0|0:0:0|0:0:0|0:0:0|0:0:0|0:0:0|0:0:0|0:0:0|0:0:0|0:0:0|0:0:0|0:0:0|0:0:0|0:0:0|0:0:0|0:0:0|0:0:0|0:0:0|1:1:0|0:0:0|0:0:0|0:0:0|0:0:0|0:0:0|0:0:0|2:0:1|2:0:1"
"7x7-p84","7x7-p84-uct-0100","100","1","13","0.232143","2","1","O04","LM","19","18","20","18","1","1","1","1","0","2","0","2","0","0:0:0|0:0:0|0:0:0|0:0:0|1:1:0|2:0:1|0:0:0|0:0:0|0:0:0|0:0:0|0:0:0|0:0:0|0:0:0|0:0:0|0:0:0|0:0:0|0:0:0|1:1:0|0:0:0|0:0:0|0:0:0|0:0:0|0:0:0|0:0:0|0:0:0|0:0:0|0:0:0|0:0:0|0:0:0|0:0:0|0:0:0|0:0:0|0:0:0|0:0:0|0:0:0|0:0:0|0:0:0|0:0:0|0:0:0|0:0:0|1:1:0|0:0:0|0:0:0|0:0:0|0:0:0|0:0:0|0:0:0|2:0:1|2:0:1","0:0:0|0:0:0|0:0:0|0:0:0|1:2:0|2:0:1|0:0:0|0:0:0|0:0:0|0:0:0|0:0:0|0:0:0|0:0:0|0:0:0|0:0:0|0:0:0|0:0:0|1:1:0|0:0:0|0:0:0|0:0:0|0:0:0|0:0:0|0:0:0|0:0:0|0:0:0|0:0:0|0:0:0|0:0:0|0:0:0|0:0:0|0:0:0|0:0:0|0:0:0|0:0:0|0:0:0|0:0:0|0:0:0|0:0:0|0:0:0|1:1:0|0:0:0|0:0:0|0:0:0|0:0:0|0:0:0|0:0:0|2:0:1|2:0:1","0:0:0|0:0:0|0:0:0|0:0:0|1:2:0|2:0:1|0:0:0|0:0:0|0:0:0|0:0:0|0:0:0|0:0:0|0:0:0|0:0:0|0:0:0|0:0:0|0:0:0|1:1:0|0:0:0|0:0:0|0:0:0|0:0:0|0:0:0|0:0:0|0:0:0|0:0:0|0:0:0|0:0:0|0:0:0|0:0:0|0:0:0|0:0:0|0:0:0|1:1:0|0:0:0|0:0:0|0:0:0|0:0:0|0:0:0|0:0:0|1:1:0|0:0:0|0:0:0|0:0:0|0:0:0|0:0:0|0:0:0|2:0:1|2:0:1"
"7x7-p84","7x7-p84-uct-0100","100","1","13","0.232143","3","1","O45","MH","20","18","21","18","0","1","1","0","0","1","0","1","0","0:0:0|0:0:0|0:0:0|0:0:0|1:2:0|2:0:1|0:0:0|0:0:0|0:0:0|0:0:0|0:0:0|0:0:0|0:0:0|0:0:0|0:0:0|0:0:0|0:0:0|1:1:0|0:0:0|0:0:0|0:0:0|0:0:0|0:0:0|0:0:0|0:0:0|0:0:0|0:0:0|0:0:0|0:0:0|0:0:0|0:0:0|0:0:0|0:0:0|0:0:0|0:0:0|0:0:0|0:0:0|0:0:0|0:0:0|0:0:0|1:1:0|0:0:0|0:0:0|0:0:0|0:0:0|0:0:0|0:0:0|2:0:1|2:0:1","0:0:0|0:0:0|0:0:0|0:0:0|1:2:0|2:0:1|0:0:0|0:0:0|0:0:0|0:0:0|0:0:0|0:0:0|0:0:0|0:0:0|0:0:0|0:0:0|0:0:0|1:1:0|0:0:0|0:0:0|0:0:0|0:0:0|0:0:0|0:0:0|0:0:0|0:0:0|0:0:0|0:0:0|0:0:0|0:0:0|0:0:0|0:0:0|0:0:0|1:1:0|0:0:0|0:0:0|0:0:0|0:0:0|0:0:0|0:0:0|1:1:0|0:0:0|0:0:0|0:0:0|0:0:0|0:0:0|0:0:0|2:0:1|2:0:1","0:0:0|0:0:0|0:0:0|0:0:0|1:2:0|2:0:1|0:0:0|0:0:0|0:0:0|0:0:0|0:0:0|0:0:0|0:0:0|0:0:0|0:0:0|0:0:0|0:0:0|1:1:0|0:0:0|0:0:0|0:0:0|0:0:0|0:0:0|0:0:0|0:0:0|0:0:0|0:0:0|0:0:0|0:0:0|0:0:0|0:0:0|0:0:0|0:0:0|1:1:0|0:0:0|0:0:0|0:0:0|0:0:0|0:0:0|0:0:0|1:1:0|0:0:0|0:0:0|0:0:0|0:0:0|0:0:0|0:0:0|2:0:1|2:0:1"
"7x7-p84","7x7-p84-uct-0100","100","1","14","0.250000","1","2","O44","MM","21","18","21","19","0","0","2","0","0","0","1","0","1","0:0:0|0:0:0|0:0:0|0:0:0|1:2:0|2:0:1|0:0:0|0:0:0|0:0:0|0:0:0|0:0:0|0:0:0|0:0:0|0:0:0|0:0:0|0:0:0|0:0:0|1:1:0|0:0:0|0:0:0|0:0:0|0:0:0|0:0:0|0:0:0|0:0:0|0:0:0|0:0:0|0:0:0|0:0:0|0:0:0|0:0:0|0:0:0|0:0:0|1:1:0|0:0:0|0:0:0|0:0:0|0:0:0|0:0:0|0:0:0|1:1:0|0:0:0|0:0:0|0:0:0|0:0:0|0:0:0|0:0:0|2:0:1|2:0:1","0:0:0|0:0:0|0:0:0|0:0:0|1:2:0|2:0:1|0:0:0|0:0:0|0:0:0|0:0:0|0:0:0|0:0:0|0:0:0|0:0:0|0:0:0|0:0:0|0:0:0|1:1:0|0:0:0|0:0:0|0:0:0|0:0:0|0:0:0|0:0:0|0:0:0|0:0:0|0:0:0|0:0:0|0:0:0|0:0:0|0:0:0|0:0:0|0:0:1|1:1:0|0:0:0|0:0:0|0:0:0|0:0:0|0:0:0|0:0:0|1:1:0|0:0:0|0:0:0|0:0:0|0:0:0|0:0:0|0:0:0|2:0:1|2:0:1","0:0:0|0:0:0|0:0:0|0:0:0|1:2:0|2:0:1|0:0:0|0:0:0|0:0:0|0:0:0|0:0:0|0:0:0|0:0:0|0:0:0|0:0:0|0:0:0|0:0:0|1:1:0|0:0:0|0:0:0|0:0:0|0:0:0|0:0:0|0:0:0|0:0:0|0:0:0|0:0:0|0:0:0|0:0:0|0:0:0|0:0:0|0:0:0|2:0:1|1:1:0|0:0:0|0:0:0|0:0:0|0:0:0|0:0:0|0:0:0|1:1:0|0:0:0|0:0:0|0:0:0|0:0:0|0:0:0|0:0:0|2:0:1|2:0:1"
"7x7-p84","7x7-p84-uct-0100","100","1","15","0.267857","3","1","O66","HH","23","21","24","21","2","0","0","0","1","1","1","1","1","0:0:0|0:0:0|0:0:0|0:0:0|1:2:0|2:0:1|0:0:0|0:0:0|0:0:0|0:0:0|0:0:0|0:0:0|0:0:0|0:0:0|0:0:0|0:0:0|0:0:0|1:1:0|0:0:0|0:0:0|0:0:0|0:0:0|0:0:0|0:0:0|0:0:0|0:0:0|0:0:0|0:0:0|0:0:0|0:0:0|0:0:0|0:0:0|2:0:1|1:1:0|0:0:0|0:0:0|0:0:0|0:0:0|0:0:0|0:0:0|1:1:0|0:0:0|0:0:0|0:0:0|0:0:0|0:0:0|0:0:0|2:0:1|2:0:1","0:0:0|0:0:0|0:0:0|0:0:0|1:2:0|2:0:1|0:0:0|0:0:0|0:0:0|0:0:0|0:0:0|0:0:0|0:0:0|0:0:0|0:0:0|0:0:0|0:0:0|1:1:0|0:0:0|0:0:0|0:0:0|0:0:0|0:0:0|0:0:0|0:0:0|0:0:0|0:0:0|0:0:0|0:0:0|0:0:0|0:0:0|0:0:0|2:0:1|1:1:0|0:0:0|0:0:0|0:0:0|0:0:0|0:0:0|0:0:0|1:1:0|0:0:0|0:0:0|0:0:0|0:0:0|0:0:0|0:0:0|2:0:1|0:1:1","0:0:0|0:0:0|0:0:0|0:0:0|1:2:0|2:0:1|0:0:0|0:0:0|0:0:0|0:0:0|0:0:0|0:0:0|0:0:0|0:0:0|0:0:0|0:0:0|0:0:0|1:1:0|0:0:0|0:0:0|0:0:0|0:0:0|0:0:0|0:0:0|0:0:0|0:0:0|0:0:0|0:0:0|0:0:0|0:0:0|0:0:0|0:0:0|2:0:1|1:1:0|0:0:0|0:0:0|0:0:0|0:0:0|0:0:0|0:0:0|1:1:0|0:0:0|0:0:0|0:0:0|0:0:0|0:0:0|0:0:0|2:0:1|0:1:1"
"7x7-p84","7x7-p84-uct-0100","100","1","17","0.303571","1","1","O54","HM","24","24","25","24","0","0","1","0","0","1","0","1","0","0:0:0|0:0:0|0:0:0|0:0:0|1:2:0|2:0:1|0:0:0|0:0:0|0:0:0|0:0:0|0:0:0|0:0:0|0:0:0|0:0:0|0:0:0|0:0:0|0:0:0|1:1:0|0:0:0|0:0:0|0:0:0|0:0:0|0:0:0|0:0:0|0:0:0|0:0:0|0:0:0|0:0:0|0:0:0|0:0:0|0:0:0|0:0:0|2:0:1|1:1:0|0:0:0|0:0:0|0:0:0|0:0:0|0:0:0|0:0:0|1:1:0|0:0:0|0:0:0|0:0:0|0:0:0|0:0:0|0:0:0|2:0:1|0:1:1","0:0:0|0:0:0|0:0:0|0:0:0|1:2:0|2:0:1|0:0:0|0:0:0|0:0:0|0:0:0|0:0:0|0:0:0|0:0:0|0:0:0|0:0:0|0:0:0|0:0:0|1:1:0|0:0:0|0:0:0|0:0:0|0:0:0|0:0:0|0:0:0|0:0:0|0:0:0|0:0:0|0:0:0|0:0:0|0:0:0|0:0:0|0:0:0|2:0:1|1:1:0|0:0:0|0:0:0|0:0:0|0:0:0|0:0:0|0:1:0|1:1:0|0:0:0|0:0:0|0:0:0|0:0:0|0:0:0|0:0:0|2:0:1|0:1:1","0:0:0|0:0:0|0:0:0|0:0:0|1:2:0|2:0:1|0:0:0|0:0:0|0:0:0|0:0:0|0:0:0|0:0:0|0:0:0|0:0:0|0:0:0|0:0:0|0:0:0|1:1:0|0:0:0|0:0:0|0:0:0|0:0:0|0:0:0|0:0:0|0:0:0|0:0:0|0:0:0|0:0:0|0:0:0|0:0:0|0:0:0|0:0:0|2:0:1|1:1:0|0:0:0|0:0:0|0:0:0|0:0:0|0:0:0|1:1:0|1:1:0|0:0:0|0:0:0|0:0:0|0:0:0|0:0:0|0:0:0|2:0:1|0:1:1"
"7x7-p84","7x7-p84-uct-0100","100","1","18","0.321429","1","2","O33","MM","27","24","27","25","0","0","2","0","0","0","1","0","1","0:0:0|0:0:0|0:0:0|0:0:0|1:2:0|2:0:1|0:0:0|0:0:0|0:0:0|0:0:0|0:0:0|0:0:0|0:0:0|0:0:0|0:0:0|0:0:0|0:0:0|1:1:0|0:0:0|0:0:0|0:0:0|0:0:0|0:0:0|0:0:0|0:0:0|0:0:0|0:0:0|0:0:0|0:0:0|0:0:0|0:0:0|0:0:0|2:0:1|1:1:0|0:0:0|0:0:0|0:0:0|0:0:0|0:0:0|1:1:0|1:1:0|0:0:0|0:0:0|0:0:0|0:0:0|0:0:0|0:0:0|2:0:1|0:1:1","0:0:0|0:0:0|0:0:0|0:0:0|1:2:0|2:0:1|0:0:0|0:0:0|0:0:0|0:0:0|0:0:0|0:0:0|0:0:0|0:0:0|0:0:0|0:0:0|0:0:0|1:1:0|0:0:0|0:0:0|0:0:0|0:0:0|0:0:0|0:0:0|0:0:1|0:0:0|0:0:0|0:0:0|0:0:0|0:0:0|0:0:0|0:0:0|2:0:1|1:1:0|0:0:0|0:0:0|0:0:0|0:0:0|0:0:0|1:1:0|1:1:0|0:0:0|0:0:0|0:0:0|0:0:0|0:0:0|0:0:0|2:0:1|0:1:1","0:0:0|0:0:0|0:0:0|0:0:0|1:2:0|2:0:1|0:0:0|0:0:0|0:0:0|0:0:0|0:0:0|0:0:0|0:0:0|0:0:0|0:0:0|0:0:0|0:0:0|1:1:0|0:0:0|0:0:0|0:0:0|0:0:0|0:0:0|0:0:0|2:0:1|0:0:0|0:0:0|0:0:0|0:0:0|0:0:0|0:0:0|0:0:0|2:0:1|1:1:0|0:0:0|0:0:0|0:0:0|0:0:0|0:0:0|1:1:0|1:1:0|0:0:0|0:0:0|0:0:0|0:0:0|0:0:0|0:0:0|2:0:1|0:1:1"
"7x7-p84","7x7-p84-uct-0100","100","1","19","0.339286","2","1","O55","HH","28","27","29","27","1","1","1","1","0","2","0","2","0","0:0:0|0:0:0|0:0:0|0:0:0|1:2:0|2:0:1|0:0:0|0:0:0|0:0:0|0:0:0|0:0:0|0:0:0|0:0:0|0:0:0|0:0:0|0:0:0|0:0:0|1:1:0|0:0:0|0:0:0|0:0:0|0:0:0|0:0:0|0:0:0|2:0:1|0:0:0|0:0:0|0:0:0|0:0:0|0:0:0|0:0:0|0:0:0|2:0:1|1:1:0|0:0:0|0:0:0|0:0:0|0:0:0|0:0:0|1:1:0|1:1:0|0:0:0|0:0:0|0:0:0|0:0:0|0:0:0|0:0:0|2:0:1|0:1:1","0:0:0|0:0:0|0:0:0|0:0:0|1:2:0|2:0:1|0:0:0|0:0:0|0:0:0|0:0:0|0:0:0|0:0:0|0:0:0|0:0:0|0:0:0|0:0:0|0:0:0|1:1:0|0:0:0|0:0:0|0:0:0|0:0:0|0:0:0|0:0:0|2:0:1|0:0:0|0:0:0|0:0:0|0:0:0|0:0:0|0:0:0|0:0:0|2:0:1|1:1:0|0:0:0|0:0:0|0:0:0|0:0:0|0:0:0|1:1:0|1:2:0|0:0:0|0:0:0|0:0:0|0:0:0|0:0:0|0:0:0|2:0:1|0:1:1","0:0:0|0:0:0|0:0:0|0:0:0|1:2:0|2:0:1|0:0:0|0:0:0|0:0:0|0:0:0|0:0:0|0:0:0|0:0:0|0:0:0|0:0:0|0:0:0|0:0:0|1:1:0|0:0:0|0:0:0|0:0:0|0:0:0|0:0:0|0:0:0|2:0:1|0:0:0|0:0:0|0:0:0|0:0:0|0:0:0|0:0:0|0:0:0|2:0:1|1:1:0|0:0:0|0:0:0|0:0:0|0:0:0|0:0:0|1:1:0|1:2:0|0:0:0|0:0:0|0:0:0|0:0:0|0:0:0|0:0:0|2:0:1|0:1:1"
"7x7-p84","7x7-p84-uct-0100","100","1","20","0.357143","1","2","O66","HH","30","27","30","28","0","0","2","1","1","1","2","1","2","0:0:0|0:0:0|0:0:0|0:0:0|1:2:0|2:0:1|0:0:0|0:0:0|0:0:0|0:0:0|0:0:0|0:0:0|0:0:0|0:0:0|0:0:0|0:0:0|0:0:0|1:1:0|0:0:0|0:0:0|0:0:0|0:0:0|0:0:0|0:0:0|2:0:1|0:0:0|0:0:0|0:0:0|0:0:0|0:0:0|0:0:0|0:0:0|2:0:1|1:1:0|0:0:0|0:0:0|0:0:0|0:0:0|0:0:0|1:1:0|1:2:0|0:0:0|0:0:0|0:0:0|0:0:0|0:0:0|0:0:0|2:0:1|0:1:1","0:0:0|0:0:0|0:0:0|0:0:0|1:2:0|2:0:1|0:0:0|0:0:0|0:0:0|0:0:0|0:0:0|0:0:0|0:0:0|0:0:0|0:0:0|0:0:0|0:0:0|1:1:0|0:0:0|0:0:0|0:0:0|0:0:0|0:0:0|0:0:0|2:0:1|0:0:0|0:0:0|0:0:0|0:0:0|0:0:0|0:0:0|0:0:0|2:0:1|1:1:0|0:0:0|0:0:0|0:0:0|0:0:0|0:0:0|1:1:0|1:2:0|0:0:0|0:0:0|0:0:0|0:0:0|0:0:0|0:0:0|2:0:1|0:1:2","0:0:0|0:0:0|0:0:0|0:0:0|1:2:0|2:0:1|0:0:0|0:0:0|0:0:0|0:0:0|0:0:0|0:0:0|0:0:0|0:0:0|0:0:0|0:0:0|0:0:0|1:1:0|0:0:0|0:0:0|0:0:0|0:0:0|0:0:0|0:0:0|2:0:1|0:0:0|0:0:0|0:0:0|0:0:0|0:0:0|0:0:0|0:0:0|2:0:1|1:1:0|0:0:0|0:0:0|0:0:0|0:0:0|0:0:0|1:1:0|1:2:0|0:0:0|0:0:0|0:0:0|0:0:0|2:0:1|0:0:0|2:0:1|2:1:2"
"7x7-p84","7x7-p84-uct-0100","100","1","20","0.357143","2","2","O63","HM","30","28","30","29","0","0","2","0","0","0","1","0","1","0:0:0|0:0:0|0:0:0|0:0:0|1:2:0|2:0:1|0:0:0|0:0:0|0:0:0|0:0:0|0:0:0|0:0:0|0:0:0|0:0:0|0:0:0|0:0:0|0:0:0|1:1:0|0:0:0|0:0:0|0:0:0|0:0:0|0:0:0|0:0:0|2:0:1|0:0:0|0:0:0|0:0:0|0:0:0|0:0:0|0:0:0|0:0:0|2:0:1|1:1:0|0:0:0|0:0:0|0:0:0|0:0:0|0:0:0|1:1:0|1:2:0|0:0:0|0:0:0|0:0:0|0:0:0|0:0:0|0:0:0|2:0:1|0:1:2","0:0:0|0:0:0|0:0:0|0:0:0|1:2:0|2:0:1|0:0:0|0:0:0|0:0:0|0:0:0|0:0:0|0:0:0|0:0:0|0:0:0|0:0:0|0:0:0|0:0:0|1:1:0|0:0:0|0:0:0|0:0:0|0:0:0|0:0:0|0:0:0|2:0:1|0:0:0|0:0:0|0:0:0|0:0:0|0:0:0|0:0:0|0:0:0|2:0:1|1:1:0|0:0:0|0:0:0|0:0:0|0:0:0|0:0:0|1:1:0|1:2:0|0:0:0|0:0:0|0:0:0|0:0:0|0:0:1|0:0:0|2:0:1|0:1:2","0:0:0|0:0:0|0:0:0|0:0:0|1:2:0|2:0:1|0:0:0|0:0:0|0:0:0|0:0:0|0:0:0|0:0:0|0:0:0|0:0:0|0:0:0|0:0:0|0:0:0|1:1:0|0:0:0|0:0:0|0:0:0|0:0:0|0:0:0|0:0:0|2:0:1|0:0:0|0:0:0|0:0:0|0:0:0|0:0:0|0:0:0|0:0:0|2:0:1|1:1:0|0:0:0|0:0:0|0:0:0|0:0:0|0:0:0|1:1:0|1:2:0|0:0:0|0:0:0|0:0:0|0:0:0|2:0:1|0:0:0|2:0:1|2:1:2"
"7x7-p84","7x7-p84-uct-0100","100","1","22","0.392857","2","2","O05","LH","33","31","33","32","2","2","2","0","1","0","2","0","2","0:0:0|0:0:0|0:0:0|0:0:0|1:2:0|2:0:1|0:0:0|0:0:0|0:0:0|0:0:0|0:0:0|0:0:0|0:0:0|0:0:0|0:0:0|0:0:0|0:0:0|1:1:0|0:0:0|0:0:0|0:0:0|0:0:0|0:0:0|0:0:0|2:0:1|0:0:0|0:0:0|0:0:0|0:0:0|0:0:0|0:0:0|0:0:0|2:0:1|1:1:0|0:0:0|0:0:0|0:0:0|0:0:0|0:0:0|1:1:0|1:2:0|0:0:0|0:0:0|0:0:0|0:0:0|2:0:1|0:0:0|2:0:1|2:1:2","0:0:0|0:0:0|0:0:0|0:0:0|1:2:0|2:0:2|0:0:0|0:0:0|0:0:0|0:0:0|0:0:0|0:0:0|0:0:0|0:0:0|0:0:0|0:0:0|0:0:0|1:1:0|0:0:0|0:0:0|0:0:0|0:0:0|0:0:0|0:0:0|2:0:1|0:0:0|0:0:0|0:0:0|0:0:0|0:0:0|0:0:0|0:0:0|2:0:1|1:1:0|0:0:0|0:0:0|0:0:0|0:0:0|0:0:0|1:1:0|1:2:0|0:0:0|0:0:0|0:0:0|0:0:0|2:0:1|0:0:0|2:0:1|2:1:2","0:0:0|0:0:0|0:0:0|0:0:0|1:2:0|2:0:2|0:0:0|2:0:1|0:0:0|0:0:0|0:0:0|0:0:0|0:0:0|0:0:0|0:0:0|0:0:0|0:0:0|1:1:0|0:0:0|0:0:0|0:0:0|0:0:0|0:0:0|0:0:0|2:0:1|0:0:0|0:0:0|0:0:0|0:0:0|0:0:0|0:0:0|0:0:0|2:0:1|1:1:0|0:0:0|0:0:0|0:0:0|0:0:0|0:0:0|1:1:0|1:2:0|0:0:0|0:0:0|0:0:0|0:0:0|2:0:1|0:0:0|2:0:1|2:1:2"
"7x7-p84","7x7-p84-uct-0100","100","1","22","0.392857","3","2","O10","LL","33","32","33","33","0","2","2","0","0","0","1","0","1","0:0:0|0:0:0|0:0:0|0:0:0|1:2:0|2:0:2|0:0:0|0:0:0|0:0:0|0:0:0|0:0:0|0:0:0|0:0:0|0:0:0|0:0:0|0:0:0|0:0:0|1:1:0|0:0:0|0:0:0|0:0:0|0:0:0|0:0:0|0:0:0|2:0:1|0:0:0|0:0:0|0:0:0|0:0:0|0:0:0|0:0:0|0:0:0|2:0:1|1:1:0|0:0:0|0:0:0|0:0:0|0:0:0|0:0:0|1:1:0|1:2:0|0:0:0|0:0:0|0:0:0|0:0:0|2:0:1|0:0:0|2:0:1|2:1:2","0:0:0|0:0:0|0:0:0|0:0:0|1:2:0|2:0:2|0:0:0|2:0:1|0:0:0|0:0:0|0:0:0|0:0:0|0:0:0|0:0:0|0:0:0|0:0:0|0:0:0|1:1:0|0:0:0|0:0:0|0:0:0|0:0:0|0:0:0|0:0:0|2:0:1|0:0:0|0:0:0|0:0:0|0:0:0|0:0:0|0:0:0|0:0:0|2:0:1|1:1:0|0:0:0|0:0:0|0:0:0|0:0:0|0:0:0|1:1:0|1:2:0|0:0:0|0:0:0|0:0:0|0:0:0|2:0:1|0:0:0|2:0:1|2:1:2","0:0:0|0:0:0|0:0:0|0:0:0|1:2:0|2:0:2|0:0:0|2:0:1|0:0:0|0:0:0|0:0:0|0:0:0|0:0:0|0:0:0|0:0:0|0:0:0|0:0:0|1:1:0|0:0:0|0:0:0|0:0:0|0:0:0|0:0:0|0:0:0|2:0:1|0:0:0|0:0:0|0:0:0|0:0:0|0:0:0|0:0:0|0:0:0|2:0:1|1:1:0|0:0:0|0:0:0|0:0:0|0:0:0|0:0:0|1:1:0|1:2:0|0:0:0|0:0:0|0:0:0|0:0:0|2:0:1|0:0:0|2:0:1|2:1:2"
"7x7-p84","7x7-p84-uct-0100","100","1","24","0.428571","1","2","O04","LM","36","33","36","34","1","1","1","2","0","2","1","2","1","0:0:0|0:0:0|0:0:0|0:0:0|1:2:0|2:0:2|0:0:0|2:0:1|0:0:0|0:0:0|0:0:0|0:0:0|0:0:0|0:0:0|0:0:0|0:0:0|0:0:0|1:1:0|0:0:0|0:0:0|0:0:0|0:0:0|0:0:0|0:0:0|2:0:1|0:0:0|0:0:0|0:0:0|0:0:0|0:0:0|0:0:0|0:0:0|2:0:1|1:1:0|0:0:0|0:0:0|0:0:0|0:0:0|0:0:0|1:1:0|1:2:0|0:0:0|0:0:0|0:0:0|0:0:0|2:0:1|0:0:0|2:0:1|2:1:2","0:0:0|0:0:0|0:0:0|0:0:0|1:2:1|2:0:2|0:0:0|2:0:1|0:0:0|0:0:0|0:0:0|0:0:0|0:0:0|0:0:0|0:0:0|0:0:0|0:0:0|1:1:0|0:0:0|0:0:0|0:0:0|0:0:0|0:0:0|0:0:0|2:0:1|0:0:0|0:0:0|0:0:0|0:0:0|0:0:0|0:0:0|0:0:0|2:0:1|1:1:0|0:0:0|0:0:0|0:0:0|0:0:0|0:0:0|1:1:0|1:2:0|0:0:0|0:0:0|0:0:0|0:0:0|2:0:1|0:0:0|2:0:1|2:1:2","0:0:0|0:0:0|0:0:0|0:0:0|1:2:1|2:0:2|0:0:0|2:0:1|0:0:0|0:0:0|0:0:0|0:0:0|0:0:0|0:0:0|0:0:0|0:0:0|0:0:0|1:1:0|0:0:0|0:0:0|0:0:0|0:0:0|0:0:0|0:0:0|2:0:1|0:0:0|0:0:0|0:0:0|0:0:0|0:0:0|0:0:0|0:0:0|2:0:1|1:1:0|0:0:0|0:0:0|0:0:0|0:0:0|0:0:0|1:1:0|1:2:0|0:0:0|0:0:0|0:0:0|0:0:0|2:0:1|0:0:0|2:0:1|2:1:2"
"7x7-p84","7x7-p84-uct-0100","100","1","25","0.446429","2","1","O64","HM","37","36","38","36","0","0","1","0","0","1","0","1","0","0:0:0|0:0:0|0:0:0|0:0:0|1:2:1|2:0:2|0:0:0|2:0:1|0:0:0|0:0:0|0:0:0|0:0:0|0:0:0|0:0:0|0:0:0|0:0:0|0:0:0|1:1:0|0:0:0|0:0:0|0:0:0|0:0:0|0:0:0|0:0:0|2:0:1|0:0:0|0:0:0|0:0:0|0:0:0|0:0:0|0:0:0|0:0:0|2:0:1|1:1:0|0:0:0|0:0:0|0:0:0|0:0:0|0:0:0|1:1:0|1:2:0|0:0:0|0:0:0|0:0:0|0:0:0|2:0:1|0:0:0|2:0:1|2:1:2","0:0:0|0:0:0|0:0:0|0:0:0|1:2:1|2:0:2|0:0:0|2:0:1|0:0:0|0:0:0|0:0:0|0:0:0|0:0:0|0:0:0|0:0:0|0:0:0|0:0:0|1:1:0|0:0:0|0:0:0|0:0:0|0:0:0|0:0:0|0:0:0|2:0:1|0:0:0|0:0:0|0:0:0|0:0:0|0:0:0|0:0:0|0:0:0|2:0:1|1:1:0|0:0:0|0:0:0|0:0:0|0:0:0|0:0:0|1:1:0|1:2:0|0:0:0|0:0:0|0:0:0|0:0:0|2:0:1|0:1:0|2:0:1|2:1:2","0:0:0|0:0:0|0:0:0|1:1:0|1:2:1|2:0:2|0:0:0|2:0:1|0:0:0|0:0:0|0:0:0|0:0:0|0:0:0|0:0:0|0:0:0|0:0:0|0:0:0|1:1:0|0:0:0|0:0:0|0:0:0|0:0:0|0:0:0|0:0:0|2:0:1|0:0:0|0:0:0|0:0:0|0:0:0|0:0:0|0:0:0|0:0:0|2:0:1|1:1:0|0:0:0|0:0:0|0:0:0|0:0:0|0:0:0|1:1:0|1:2:0|0:0:0|0:0:0|0:0:0|0:0:0|2:0:1|1:1:0|2:0:1|2:1:2"
"7x7-p84","7x7-p84-uct-0100","100","1","25","0.446429","3","1","O03","LM","38","36","39","36","0","1","1","0","0","1","0","1","0","0:0:0|0:0:0|0:0:0|0:0:0|1:2:1|2:0:2|0:0:0|2:0:1|0:0:0|0:0:0|0:0:0|0:0:0|0:0:0|0:0:0|0:0:0|0:0:0|0:0:0|1:1:0|0:0:0|0:0:0|0:0:0|0:0:0|0:0:0|0:0:0|2:0:1|0:0:0|0:0:0|0:0:0|0:0:0|0:0:0|0:0:0|0:0:0|2:0:1|1:1:0|0:0:0|0:0:0|0:0:0|0:0:0|0:0:0|1:1:0|1:2:0|0:0:0|0:0:0|0:0:0|0:0:0|2:0:1|0:1:0|2:0:1|2:1:2","0:0:0|0:0:0|0:0:0|1:1:0|1:2:1|2:0:2|0:0:0|2:0:1|0:0:0|0:0:0|0:0:0|0:0:0|0:0:0|0:0:0|0:0:0|0:0:0|0:0:0|1:1:0|0:0:0|0:0:0|0:0:0|0:0:0|0:0:0|0:0:0|2:0:1|0:0:0|0:0:0|0:0:0|0:0:0|0:0:0|0:0:0|0:0:0|2:0:1|1:1:0|0:0:0|0:0:0|0:0:0|0:0:0|0:0:0|1:1:0|1:2:0|0:0:0|0:0:0|0:0:0|0:0:0|2:0:1|1:1:0|2:0:1|2:1:2","0:0:0|0:0:0|0:0:0|1:1:0|1:2:1|2:0:2|0:0:0|2:0:1|0:0:0|0:0:0|0:0:0|0:0:0|0:0:0|0:0:0|0:0:0|0:0:0|0:0:0|1:1:0|0:0:0|0:0:0|0:0:0|0:0:0|0:0:0|0:0:0|2:0:1|0:0:0|0:0:0|0:0:0|0:0:0|0:0:0|0:0:0|0:0:0|2:0:1|1:1:0|0:0:0|0:0:0|0:0:0|0:0:0|0:0:0|1:1:0|1:2:0|0:0:0|0:0:0|0:0:0|0:0:0|2:0:1|1:1:0|2:0:1|2:1:2"
"7x7-p84","7x7-p84-uct-0100","100","1","26","0.464286","1","2","O61","HL","39","36","39","37","0","0","2","0","0","0","1","0","1","0:0:0|0:0:0|0:0:0|1:1:0|1:2:1|2:0:2|0:0:0|2:0:1|0:0:0|0:0:0|0:0:0|0:0:0|0:0:0|0:0:0|0:0:0|0:0:0|0:0:0|1:1:0|0:0:0|0:0:0|0:0:0|0:0:0|0:0:0|0:0:0|2:0:1|0:0:0|0:0:0|0:0:0|0:0:0|0:0:0|0:0:0|0:0:0|2:0:1|1:1:0|0:0:0|0:0:0|0:0:0|0:0:0|0:0:0|1:1:0|1:2:0|0:0:0|0:0:0|0:0:0|0:0:0|2:0:1|1:1:0|2:0:1|2:1:2","0:0:0|0:0:0|0:0:0|1:1:0|1:2:1|2:0:2|0:0:0|2:0:1|0:0:0|0:0:0|0:0:0|0:0:0|0:0:0|0:0:0|0:0:0|0:0:0|0:0:0|1:1:0|0:0:0|0:0:0|0:0:0|0:0:0|0:0:0|0:0:0|2:0:1|0:0:0|0:0:0|0:0:0|0:0:0|0:0:0|0:0:0|0:0:0|2:0:1|1:1:0|0:0:0|0:0:0|0:0:0|0:0:0|0:0:0|1:1:0|1:2:0|0:0:0|0:0:0|0:0:1|0:0:0|2:0:1|1:1:0|2:0:1|2:1:2","0:0:0|0:0:0|0:0:0|1:1:0|1:2:1|2:0:2|0:0:0|2:0:1|0:0:0|0:0:0|0:0:0|0:0:0|0:0:0|0:0:0|0:0:0|0:0:0|0:0:0|1:1:0|0:0:0|0:0:0|0:0:0|0:0:0|0:0:0|0:0:0|2:0:1|0:0:0|0:0:0|0:0:0|0:0:0|0:0:0|0:0:0|0:0:0|2:0:2|1:1:0|0:0:0|0:0:0|0:0:0|0:0:0|0:0:0|1:1:0|1:2:0|0:0:0|0:0:0|2:0:1|0:0:0|2:0:1|1:1:0|2:0:1|2:1:2"
"7x7-p84","7x7-p84-uct-0100","100","1","26","0.464286","2","2","O44","MM","39","37","39","38","2","2","2","0","1","0","2","0","2","0:0:0|0:0:0|0:0:0|1:1:0|1:2:1|2:0:2|0:0:0|2:0:1|0:0:0|0:0:0|0:0:0|0:0:0|0:0:0|0:0:0|0:0:0|0:0:0|0:0:0|1:1:0|0:0:0|0:0:0|0:0:0|0:0:0|0:0:0|0:0:0|2:0:1|0:0:0|0:0:0|0:0:0|0:0:0|0:0:0|0:0:0|0:0:0|2:0:1|1:1:0|0:0:0|0:0:0|0:0:0|0:0:0|0:0:0|1:1:0|1:2:0|0:0:0|0:0:0|0:0:1|0:0:0|2:0:1|1:1:0|2:0:1|2:1:2","0:0:0|0:0:0|0:0:0|1:1:0|1:2:1|2:0:2|0:0:0|2:0:1|0:0:0|0:0:0|0:0:0|0:0:0|0:0:0|0:0:0|0:0:0|0:0:0|0:0:0|1:1:0|0:0:0|0:0:0|0:0:0|0:0:0|0:0:0|0:0:0|2:0:1|0:0:0|0:0:0|0:0:0|0:0:0|0:0:0|0:0:0|0:0:0|2:0:2|1:1:0|0:0:0|0:0:0|0:0:0|0:0:0|0:0:0|1:1:0|1:2:0|0:0:0|0:0:0|0:0:1|0:0:0|2:0:1|1:1:0|2:0:1|2:1:2","0:0:0|0:0:0|0:0:0|1:1:0|1:2:1|2:0:2|0:0:0|2:0:1|0:0:0|0:0:0|0:0:0|0:0:0|0:0:0|0:0:0|0:0:0|0:0:0|0:0:0|1:1:0|0:0:0|0:0:0|0:0:0|0:0:0|0:0:0|0:0:0|2:0:1|0:0:0|0:0:0|0:0:0|0:0:0|0:0:0|0:0:0|0:0:0|2:0:2|1:1:0|0:0:0|0:0:0|0:0:0|0:0:0|0:0:0|1:1:0|1:2:0|0:0:0|0:0:0|2:0:1|0:0:0|2:0:1|1:1:0|2:0:1|2:1:2"
"7x7-p84","7x7-p84-uct-0100","100","1","27","0.482143","1","1","O06","LH","39","39","40","39","0","0","1","0","0","1","0","1","0","0:0:0|0:0:0|0:0:0|1:1:0|1:2:1|2:0:2|0:0:0|2:0:1|0:0:0|0:0:0|0:0:0|0:0:0|0:0:0|0:0:0|0:0:0|0:0:0|0:0:0|1:1:0|0:0:0|0:0:0|0:0:0|0:0:0|0:0:0|0:0:0|2:0:1|0:0:0|0:0:0|0:0:0|0:0:0|0:0:0|0:0:0|0:0:0|2:0:2|1:1:0|0:0:0|0:0:0|0:0:0|0:0:0|0:0:0|1:1:0|1:2:0|0:0:0|0:0:0|2:0:1|0:0:0|2:0:1|1:1:0|2:0:1|2:1:2","0:0:0|0:0:0|0:0:0|1:1:0|1:2:1|2:0:2|0:1:0|2:0:1|0:0:0|0:0:0|0:0:0|0:0:0|0:0:0|0:0:0|0:0:0|0:0:0|0:0:0|1:1:0|0:0:0|0:0:0|0:0:0|0:0:0|0:0:0|0:0:0|2:0:1|0:0:0|0:0:0|0:0:0|0:0:0|0:0:0|0:0:0|0:0:0|2:0:2|1:1:0|0:0:0|0:0:0|0:0:0|0:0:0|0:0:0|1:1:0|1:2:0|0:0:0|0:0:0|2:0:1|0:0:0|2:0:1|1:1:0|2:0:1|2:1:2","0:0:0|0:0:0|0:0:0|1:1:0|1:2:1|2:0:2|1:1:0|2:0:1|0:0:0|0:0:0|0:0:0|0:0:0|0:0:0|0:0:0|0:0:0|0:0:0|0:0:0|1:1:0|0:0:0|0:0:0|0:0:0|1:1:0|0:0:0|0:0:0|2:0:1|0:0:0|0:0:0|0:0:0|0:0:0|0:0:0|0:0:0|0:0:0|2:0:2|1:1:0|0:0:0|0:0:0|0:0:0|0:0:0|0:0:0|1:1:0|1:2:0|0:0:0|0:0:0|2:0:1|0:0:0|2:0:1|1:1:0|2:0:1|0:2:2"
"7x7-p84","7x7-p84-uct-0100","100","1","27","0.482143","2","1","O30","ML","40","39","41","39","0","0","1","0","0","1","0","1","0","0:0:0|0:0:0|0:0:0|1:1:0|1:2:1|2:0:2|0:1:0|2:0:1|0:0:0|0:0:0|0:0:0|0:0:0|0:0:0|0:0:0|0:0:0|0:0:0|0:0:0|1:1:0|0:0:0|0:0:0|0:0:0|0:0:0|0:0:0|0:0:0|2:0:1|0:0:0|0:0:0|0:0:0|0:0:0|0:0:0|0:0:0|0:0:0|2:0:2|1:1:0|0:0:0|0:0:0|0:0:0|0:0:0|0:0:0|1:1:0|1:2:0|0:0:0|0:0:0|2:0:1|0:0:0|2:0:1|1:1:0|2:0:1|2:1:2","0:0:0|0:0:0|0:0:0|1:1:0|1:2:1|2:0:2|0:1:0|2:0:1|0:0:0|0:0:0|0:0:0|0:0:0|0:0:0|0:0:0|0:0:0|0:0:0|0:0:0|1:1:0|0:0:0|0:0:0|0:0:0|0:1:0|0:0:0|0:0:0|2:0:1|0:0:0|0:0:0|0:0:0|0:0:0|0:0:0|0:0:0|0:0:0|2:0:2|1:1:0|0:0:0|0:0:0|0:0:0|0:0:0|0:0:0|1:1:0|1:2:0|0:0:0|0:0:0|2:0:1|0:0:0|2:0:1|1:1:0|2:0:1|2:1:2","0:0:0|0:0:0|0:0:0|1:1:0|1:2:1|2:0:2|1:1:0|2:0:1|0:0:0|0:0:0|0:0:0|0:0:0|0:0:0|0:0:0|0:0:0|0:0:0|0:0:0|1:1:0|0:0:0|0:0:0|0:0:0|1:1:0|0:0:0|0:0:0|2:0:1|0:0:0|0:0:0|0:0:0|0:0:0|0:0:0|0:0:0|0:0:0|2:0:2|1:1:0|0:0:0|0:0:0|0:0:0|0:0:0|0:0:0|1:1:0|1:2:0|0:0:0|0:0:0|2:0:1|0:0:0|2:0:1|1:1:0|2:0:1|0:2:2"
"7x7-p84","7x7-p84-uct-0100","100","1","27","0.482143","3","1","O66","HH","41","39","42","39","2","0","0","1","2","2","2","2","2","0:0:0|0:0:0|0:0:0|1:1:0|1:2:1|2:0:2|0:1:0|2:0:1|0:0:0|0:0:0|0:0:0|0:0:0|0:0:0|0:0:0|0:0:0|0:0:0|0:0:0|1:1:0|0:0:0|0:0:0|0:0:0|0:1:0|0:0:0|0:0:0|2:0:1|0:0:0|0:0:0|0:0:0|0:0:0|0:0:0|0:0:0|0:0:0|2:0:2|1:1:0|0:0:0|0:0:0|0:0:0|0:0:0|0:0:0|1:1:0|1:2:0|0:0:0|0:0:0|2:0:1|0:0:0|2:0:1|1:1:0|2:0:1|2:1:2","0:0:0|0:0:0|0:0:0|1:1:0|1:2:1|2:0:2|1:1:0|2:0:1|0:0:0|0:0:0|0:0:0|0:0:0|0:0:0|0:0:0|0:0:0|0:0:0|0:0:0|1:1:0|0:0:0|0:0:0|0:0:0|1:1:0|0:0:0|0:0:0|2:0:1|0:0:0|0:0:0|0:0:0|0:0:0|0:0:0|0:0:0|0:0:0|2:0:2|1:1:0|0:0:0|0:0:0|0:0:0|0:0:0|0:0:0|1:1:0|1:2:0|0:0:0|0:0:0|2:0:1|0:0:0|2:0:1|1:1:0|2:0:1|0:2:2","0:0:0|0:0:0|0:0:0|1:1:0|1:2:1|2:0:2|1:1:0|2:0:1|0:0:0|0:0:0|0:0:0|0:0:0|0:0:0|0:0:0|0:0:0|0:0:0|0:0:0|1:1:0|0:0:0|0:0:0|0:0:0|1:1:0|0:0:0|0:0:0|2:0:1|0:0:0|0:0:0|0:0:0|0:0:0|0:0:0|0:0:0|0:0:0|2:0:2|1:1:0|0:0:0|0:0:0|0:0:0|0:0:0|0:0:0|1:1:0|1:2:0|0:0:0|0:0:0|2:0:1|0:0:0|2:0:1|1:1:0|2:0:1|0:2:2"
"7x7-p84","7x7-p84-uct-0100","100","1","28","0.500000","3","2","O36","MH","42","41","42","42","0","2","2","0","0","0","1","0","1","0:0:0|0:0:0|0:0:0|1:1:0|1:2:1|2:0:2|1:1:0|2:0:1|0:0:0|0:0:0|0:0:0|0:0:0|0:0:0|0:0:0|0:0:0|0:0:0|0:0:0|1:1:0|0:0:0|0:0:0|0:0:0|1:1:0|0:0:0|0:0:0|2:0:1|0:0:0|0:0:0|0:0:0|0:0:0|0:0:0|0:0:0|0:0:0|2:0:2|1:1:0|0:0:0|0:0:0|0:0:0|0:0:0|0:0:0|1:1:0|1:2:0|0:0:0|0:0:0|2:0:1|0:0:0|2:0:1|1:1:0|2:0:1|0:2:2","0:0:0|0:0:0|0:0:0|1:1:0|1:2:1|2:0:2|1:1:0|2:0:1|0:0:0|0:0:0|0:0:0|0:0:0|0:0:0|0:0:0|0:0:0|0:0:0|0:0:0|1:1:0|0:0:0|0:0:0|0:0:0|1:1:0|0:0:0|0:0:0|2:0:1|0:0:0|0:0:0|2:0:1|0:0:0|0:0:0|0:0:0|0:0:0|2:0:2|1:1:0|0:0:0|0:0:0|0:0:0|0:0:0|0:0:0|1:1:0|1:2:0|0:0:0|0:0:0|2:0:1|0:0:0|2:0:1|1:1:0|2:0:1|0:2:2","0:0:0|0:0:0|0:0:0|1:1:0|1:2:1|2:0:2|1:1:0|2:0:1|0:0:0|0:0:0|0:0:0|0:0:0|0:0:0|0:0:0|0:0:0|0:0:0|0:0:0|1:1:0|0:0:0|0:0:0|0:0:0|1:1:0|0:0:0|0:0:0|2:0:1|0:0:0|0:0:0|2:0:1|0:0:0|0:0:0|0:0:0|0:0:0|2:0:2|1:1:0|0:0:0|0:0:0|0:0:0|0:0:0|0:0:0|1:1:0|1:2:0|0:0:0|0:0:0|2:0:1|0:0:0|2:0:1|1:1:0|2:0:1|0:2:2"
"7x7-p84","7x7-p84-uct-0100","100","1","29","0.517857","1","1","O13","LM","42","42","43","42","0","0","1","0","0","1","0","1","0","0:0:0|0:0:0|0:0:0|1:1:0|1:2:1|2:0:2|1:1:0|2:0:1|0:0:0|0:0:0|0:0:0|0:0:0|0:0:0|0:0:0|0:0:0|0:0:0|0:0:0|1:1:0|0:0:0|0:0:0|0:0:0|1:1:0|0:0:0|0:0:0|2:0:1|0:0:0|0:0:0|2:0:1|0:0:0|0:0:0|0:0:0|0:0:0|2:0:2|1:1:0|0:0:0|0:0:0|0:0:0|0:0:0|0:0:0|1:1:0|1:2:0|0:0:0|0:0:0|2:0:1|0:0:0|2:0:1|1:1:0|2:0:1|0:2:2","0:0:0|0:0:0|0:0:0|1:1:0|1:2:1|2:0:2|1:1:0|2:0:1|0:0:0|0:0:0|0:1:0|0:0:0|0:0:0|0:0:0|0:0:0|0:0:0|0:0:0|1:1:0|0:0:0|0:0:0|0:0:0|1:1:0|0:0:0|0:0:0|2:0:1|0:0:0|0:0:0|2:0:1|0:0:0|0:0:0|0:0:0|0:0:0|2:0:2|1:1:0|0:0:0|0:0:0|0:0:0|0:0:0|0:0:0|1:1:0|1:2:0|0:0:0|0:0:0|2:0:1|0:0:0|2:0:1|1:1:0|2:0:1|0:2:2","0:0:0|0:0:0|0:0:0|1:1:0|1:2:1|2:0:2|1:1:0|2:0:1|0:0:0|0:0:0|1:1:0|0:0:0|0:0:0|0:0:0|0:0:0|0:0:0|0:0:0|1:1:0|0:0:0|0:0:0|0:0:0|1:1:0|0:0:0|0:0:0|2:0:1|0:0:0|0:0:0|2:0:1|0:0:0|0:0:0|0:0:0|0:0:0|2:0:2|1:1:0|0:0:0|0:0:0|0:0:0|0:0:0|0:0:0|1:1:0|1:2:0|1:1:0|0:0:0|2:0:1|0:0:0|2:0:1|1:1:0|2:0:1|0:2:2"
"7x7-p84","7x7-p84-uct-0100","100","1","29","0.517857","3","1","O56","HH","44","42","45","42","0","1","1","0","0","1","0","1","0","0:0:0|0:0:0|0:0:0|1:1:0|1:2:1|2:0:2|1:1:0|2:0:1|0:0:0|0:0:0|0:1:0|0:0:0|0:0:0|0:0:0|0:0:0|0:0:0|0:0:0|1:1:0|0:0:0|0:0:0|0:0:0|1:1:0|0:0:0|0:0:0|2:0:1|0:0:0|0:0:0|2:0:1|0:0:0|0:0:0|0:0:0|0:0:0|2:0:2|1:1:0|0:0:0|0:0:0|0:0:0|0:0:0|0:0:0|1:1:0|1:2:0|0:0:0|0:0:0|2:0:1|0:0:0|2:0:1|1:1:0|2:0:1|0:2:2","0:0:0|0:0:0|0:0:0|1:1:0|1:2:1|2:0:2|1:1:0|2:0:1|0:0:0|0:0:0|1:1:0|0:0:0|0:0:0|0:0:0|0:0:0|0:0:0|0:0:0|1:1:0|0:0:0|0:0:0|0:0:0|1:1:0|0:0:0|0:0:0|2:0:1|0:0:0|0:0:0|2:0:1|0:0:0|0:0:0|0:0:0|0:0:0|2:0:2|1:1:0|0:0:0|0:0:0|0:0:0|0:0:0|0:0:0|1:1:0|1:2:0|1:1:0|0:0:0|2:0:1|0:0:0|2:0:1|1:1:0|2:0:1|0:2:2","0:0:0|0:0:0|0:0:0|1:1:0|1:2:1|2:0:2|1:1:0|2:0:1|0:0:0|0:0:0|1:1:0|0:0:0|0:0:0|0:0:0|0:0:0|0:0:0|0:0:0|1:1:0|0:0:0|0:0:0|0:0:0|1:1:0|0:0:0|0:0:0|2:0:1|0:0:0|0:0:0|2:0:1|0:0:0|0:0:0|0:0:0|0:0:0|2:0:2|1:1:0|0:0:0|0:0:0|0:0:0|0:0:0|0:0:0|1:1:0|1:2:0|1:1:0|0:0:0|2:0:1|0:0:0|2:0:1|1:1:0|2:0:1|0:2:2"
"7x7-p84","7x7-p84-uct-0100","100","1","30","0.535714","2","2","O61","HL","45","43","45","44","2","2","2","0","1","0","2","0","2","0:0:0|0:0:0|0:0:0|1:1:0|1:2:1|2:0:2|1:1:0|2:0:1|0:0:0|0:0:0|1:1:0|0:0:0|0:0:0|0:0:0|0:0:0|0:0:0|0:0:0|1:1:0|0:0:0|0:0:0|0:0:0|1:1:0|0:0:0|0:0:0|2:0:1|0:0:0|0:0:0|2:0:1|0:0:0|0:0:0|0:0:0|0:0:0|2:0:2|1:1:0|0:0:0|0:0:0|0:0:0|0:0:0|0:0:0|1:1:0|1:2:0|1:1:0|0:0:0|2:0:1|0:0:0|2:0:1|1:1:0|2:0:1|0:2:2","0:0:0|0:0:0|0:0:0|1:1:0|1:2:1|2:0:2|1:1:0|2:0:1|0:0:0|0:0:0|1:1:0|0:0:0|0:0:0|0:0:0|0:0:0|0:0:0|0:0:0|1:1:0|0:0:0|0:0:0|0:0:0|1:1:0|0:0:0|0:0:0|2:0:1|0:0:0|0:0:0|2:0:1|0:0:0|0:0:0|0:0:0|0:0:0|2:0:2|1:1:0|0:0:0|0:0:0|0:0:0|0:0:0|0:0:0|1:1:0|1:2:0|1:1:0|0:0:0|2:0:2|0:0:0|2:0:1|1:1:0|2:0:1|0:2:2","0:0:0|0:0:0|0:0:0|1:1:0|1:2:1|2:0:2|1:1:0|2:0:1|0:0:0|0:0:0|1:1:0|0:0:0|0:0:0|0:0:0|0:0:0|0:0:0|0:0:0|1:1:0|0:0:0|0:0:0|0:0:0|1:1:0|0:0:0|0:0:0|2:0:1|0:0:0|0:0:0|2:0:1|0:0:0|0:0:0|0:0:0|0:0:0|2:0:2|1:1:0|0:0:0|0:0:0|0:0:0|0:0:0|0:0:0|1:1:0|1:2:0|1:1:0|0:0:0|2:0:2|0:0:0|2:0:1|1:1:0|2:0:1|4:2:3"
"7x7-p84","7x7-p84-uct-0100","100","1","30","0.535714","3","2","O66","HH","45","44","45","45","0","4","4","2","2","2","3","2","3","0:0:0|0:0:0|0:0:0|1:1:0|1:2:1|2:0:2|1:1:0|2:0:1|0:0:0|0:0:0|1:1:0|0:0:0|0:0:0|0:0:0|0:0:0|0:0:0|0:0:0|1:1:0|0:0:0|0:0:0|0:0:0|1:1:0|0:0:0|0:0:0|2:0:1|0:0:0|0:0:0|2:0:1|0:0:0|0:0:0|0:0:0|0:0:0|2:0:2|1:1:0|0:0:0|0:0:0|0:0:0|0:0:0|0:0:0|1:1:0|1:2:0|1:1:0|0:0:0|2:0:2|0:0:0|2:0:1|1:1:0|2:0:1|0:2:2","0:0:0|0:0:0|0:0:0|1:1:0|1:2:1|2:0:2|1:1:0|2:0:1|0:0:0|0:0:0|1:1:0|0:0:0|0:0:0|0:0:0|0:0:0|0:0:0|0:0:0|1:1:0|0:0:0|0:0:0|0:0:0|1:1:0|0:0:0|0:0:0|2:0:1|0:0:0|0:0:0|2:0:1|0:0:0|0:0:0|0:0:0|0:0:0|2:0:2|1:1:0|0:0:0|0:0:0|0:0:0|0:0:0|0:0:0|1:1:0|1:2:0|1:1:0|0:0:0|2:0:2|0:0:0|2:0:1|1:1:0|2:0:1|4:2:3","0:0:0|0:0:0|0:0:0|1:1:0|1:2:1|2:0:2|1:1:0|2:0:1|0:0:0|0:0:0|1:1:0|0:0:0|0:0:0|0:0:0|0:0:0|0:0:0|0:0:0|1:1:0|0:0:0|0:0:0|0:0:0|1:1:0|0:0:0|0:0:0|2:0:1|0:0:0|0:0:0|2:0:1|0:0:0|0:0:0|0:0:0|0:0:0|2:0:2|1:1:0|0:0:0|0:0:0|0:0:0|0:0:0|0:0:0|1:1:0|1:2:0|1:1:0|0:0:0|2:0:2|0:0:0|2:0:1|1:1:0|2:0:1|4:2:3"
"7x7-p84","7x7-p84-uct-0100","100","1","31","0.553571","1","1","O30","ML","45","45","46","45","1","1","1","1","0","2","0","2","0","0:0:0|0:0:0|0:0:0|1:1:0|1:2:1|2:0:2|1:1:0|2:0:1|0:0:0|0:0:0|1:1:0|0:0:0|0:0:0|0:0:0|0:0:0|0:0:0|0:0:0|1:1:0|0:0:0|0:0:0|0:0:0|1:1:0|0:0:0|0:0:0|2:0:1|0:0:0|0:0:0|2:0:1|0:0:0|0:0:0|0:0:0|0:0:0|2:0:2|1:1:0|0:0:0|0:0:0|0:0:0|0:0:0|0:0:0|1:1:0|1:2:0|1:1:0|0:0:0|2:0:2|0:0:0|2:0:1|1:1:0|2:0:1|4:2:3","0:0:0|0:0:0|0:0:0|1:1:0|1:2:1|2:0:2|1:1:0|2:0:1|0:0:0|0:0:0|1:1:0|0:0:0|0:0:0|0:0:0|0:0:0|0:0:0|0:0:0|1:1:0|0:0:0|0:0:0|0:0:0|1:2:0|0:0:0|0:0:0|2:0:1|0:0:0|0:0:0|2:0:1|0:0:0|0:0:0|0:0:0|0:0:0|2:0:2|1:1:0|0:0:0|0:0:0|0:0:0|0:0:0|0:0:0|1:1:0|1:2:0|1:1:0|0:0:0|2:0:2|0:0:0|2:0:1|1:1:0|2:0:1|4:2:3","0:0:0|0:0:0|0:0:0|1:1:0|1:2:1|2:0:2|1:1:0|2:0:1|0:0:0|0:0:0|1:1:0|0:0:0|0:0:0|0:0:0|0:0:0|0:0:0|0:0:0|1:1:0|0:0:0|0:0:0|0:0:0|1:2:0|0:0:0|0:0:0|2:0:1|0:0:0|0:0:0|2:0:1|0:0:0|0:0:0|0:0:0|0:0:0|2:0:2|1:1:0|0:0:0|0:0:0|0:0:0|0:0:0|0:0:0|1:1:0|1:2:0|1:1:0|0:0:0|2:0:2|0:0:0|2:0:1|1:1:0|2:0:1|4:2:3"
"7x7-p84","7x7-p84-uct-0100","100","1","32","0.571429","3","2","O01","LL","48","47","48","48","0","2","2","0","0","0","1","0","1","0:0:0|0:0:0|0:0:0|1:1:0|1:2:1|2:0:2|1:1:0|2:0:1|0:0:0|0:0:0|1:1:0|0:0:0|0:0:0|0:0:0|0:0:0|0:0:0|0:0:0|1:1:0|0:0:0|0:0:0|0:0:0|1:2:0|0:0:0|0:0:0|2:0:1|0:0:0|0:0:0|2:0:1|0:0:0|0:0:0|0:0:0|0:0:0|2:0:2|1:1:0|0:0:0|0:0:0|0:0:0|0:0:0|0:0:0|1:1:0|1:2:0|1:1:0|0:0:0|2:0:2|0:0:0|2:0:1|1:1:0|2:0:1|4:2:3","0:0:0|2:0:1|0:0:0|1:1:0|1:2:1|2:0:2|1:1:0|2:0:1|0:0:0|0:0:0|1:1:0|0:0:0|0:0:0|0:0:0|0:0:0|0:0:0|0:0:0|1:1:0|0:0:0|0:0:0|0:0:0|1:2:0|0:0:0|0:0:0|2:0:1|0:0:0|0:0:0|2:0:1|0:0:0|0:0:0|0:0:0|0:0:0|2:0:2|1:1:0|0:0:0|0:0:0|0:0:0|0:0:0|0:0:0|1:1:0|1:2:0|1:1:0|0:0:0|2:0:2|0:0:0|2:0:1|1:1:0|2:0:1|4:2:3","0:0:0|2:0:1|0:0:0|1:1:0|1:2:1|2:0:2|1:1:0|2:0:1|0:0:0|0:0:0|1:1:0|0:0:0|0:0:0|0:0:0|0:0:0|0:0:0|0:0:0|1:1:0|0:0:0|0:0:0|0:0:0|1:2:0|0:0:0|0:0:0|2:0:1|0:0:0|0:0:0|2:0:1|0:0:0|0:0:0|0:0:0|0:0:0|2:0:2|1:1:0|0:0:0|0:0:0|0:0:0|0:0:0|0:0:0|1:1:0|1:2:0|1:1:0|0:0:0|2:0:2|0:0:0|2:0:1|1:1:0|2:0:1|4:2:3"
"7x7-p84","7x7-p84-uct-0100","100","1","33","0.589286","2","1","O40","ML","49","48","50","48","0","0","1","0","0","1","0","1","0","0:0:0|2:0:1|0:0:0|1:1:0|1:2:1|2:0:2|1:1:0|2:0:1|0:0:0|0:0:0|1:1:0|0:0:0|0:0:0|0:0:0|0:0:0|0:0:0|0:0:0|1:1:0|0:0:0|0:0:0|0:0:0|1:2:0|0:0:0|0:0:0|2:0:1|0:0:0|0:0:0|2:0:1|0:0:0|0:0:0|0:0:0|0:0:0|2:0:2|1:1:0|0:0:0|0:0:0|0:0:0|0:0:0|0:0:0|1:1:0|1:2:0|1:1:0|0:0:0|2:0:2|0:0:0|2:0:1|1:1:0|2:0:1|4:2:3","0:0:0|2:0:1|0:0:0|1:1:0|1:2:1|2:0:2|1:1:0|2:0:1|0:0:0|0:0:0|1:1:0|0:0:0|0:0:0|0:0:0|0:0:0|0:0:0|0:0:0|1:1:0|0:0:0|0:0:0|0:0:0|1:2:0|0:0:0|0:0:0|2:0:1|0:0:0|0:0:0|2:0:1|0:1:0|0:0:0|0:0:0|0:0:0|2:0:2|1:1:0|0:0:0|0:0:0|0:0:0|0:0:0|0:0:0|1:1:0|1:2:0|1:1:0|0:0:0|2:0:2|0:0:0|2:0:1|1:1:0|2:0:1|4:2:3","0:0:0|2:0:1|0:0:0|1:1:0|1:2:1|2:0:2|1:1:0|2:0:1|0:0:0|0:0:0|1:1:0|0:0:0|0:0:0|0:0:0|0:0:0|0:0:0|0:0:0|1:1:0|0:0:0|0:0:0|0:0:0|1:2:0|0:0:0|0:0:0|2:0:1|0:0:0|0:0:0|2:0:1|1:1:0|0:0:0|0:0:0|0:0:0|2:1:2|1:1:0|0:0:0|0:0:0|0:0:0|0:0:0|0:0:0|1:1:0|1:2:0|1:1:0|0:0:0|2:0:2|0:0:0|2:0:1|1:1:0|2:0:1|4:2:3"
"7x7-p84","7x7-p84-uct-0100","100","1","33","0.589286","3","1","O44","MM","50","48","51","48","2","2","2","0","2","1","2","1","2","0:0:0|2:0:1|0:0:0|1:1:0|1:2:1|2:0:2|1:1:0|2:0:1|0:0:0|0:0:0|1:1:0|0:0:0|0:0:0|0:0:0|0:0:0|0:0:0|0:0:0|1:1:0|0:0:0|0:0:0|0:0:0|1:2:0|0:0:0|0:0:0|2:0:1|0:0:0|0:0:0|2:0:1|0:1:0|0:0:0|0:0:0|0:0:0|2:0:2|1:1:0|0:0:0|0:0:0|0:0:0|0:0:0|0:0:0|1:1:0|1:2:0|1:1:0|0:0:0|2:0:2|0:0:0|2:0:1|1:1:0|2:0:1|4:2:3","0:0:0|2:0:1|0:0:0|1:1:0|1:2:1|2:0:2|1:1:0|2:0:1|0:0:0|0:0:0|1:1:0|0:0:0|0:0:0|0:0:0|0:0:0|0:0:0|0:0:0|1:1:0|0:0:0|0:0:0|0:0:0|1:2:0|0:0:0|0:0:0|2:0:1|0:0:0|0:0:0|2:0:1|1:1:0|0:0:0|0:0:0|0:0:0|2:1:2|1:1:0|0:0:0|0:0:0|0:0:0|0:0:0|0:0:0|1:1:0|1:2:0|1:1:0|0:0:0|2:0:2|0:0:0|2:0:1|1:1:0|2:0:1|4:2:3","0:0:0|2:0:1|0:0:0|1:1:0|1:2:1|2:0:2|1:1:0|2:0:1|0:0:0|0:0:0|1:1:0|0:0:0|0:0:0|0:0:0|0:0:0|0:0:0|0:0:0|1:1:0|0:0:0|0:0:0|0:0:0|1:2:0|0:0:0|0:0:0|2:0:1|0:0:0|0:0:0|2:0:1|1:1:0|0:0:0|0:0:0|0:0:0|2:1:2|1:1:0|0:0:0|0:0:0|0:0:0|0:0:0|0:0:0|1:1:0|1:2:0|1:1:0|0:0:0|2:0:2|0:0:0|2:0:1|1:1:0|2:0:1|4:2:3"
"7x7-p84","7x7-p84-uct-0100","100","1","34","0.607143","3","2","O42","MM","51","50","51","51","0","2","2","0","0","0","1","0","1","0:0:0|2:0:1|0:0:0|1:1:0|1:2:1|2:0:2|1:1:0|2:0:1|0:0:0|0:0:0|1:1:0|0:0:0|0:0:0|0:0:0|0:0:0|0:0:0|0:0:0|1:1:0|0:0:0|0:0:0|0:0:0|1:2:0|0:0:0|0:0:0|2:0:1|0:0:0|0:0:0|2:0:1|1:1:0|0:0:0|0:0:0|0:0:0|2:1:2|1:1:0|0:0:0|0:0:0|0:0:0|0:0:0|0:0:0|1:1:0|1:2:0|1:1:0|0:0:0|2:0:2|0:0:0|2:0:1|1:1:0|2:0:1|4:2:3","0:0:0|2:0:1|0:0:0|1:1:0|1:2:1|2:0:2|1:1:0|2:0:1|0:0:0|0:0:0|1:1:0|0:0:0|0:0:0|0:0:0|0:0:0|0:0:0|0:0:0|1:1:0|0:0:0|0:0:0|0:0:0|1:2:0|0:0:0|0:0:0|2:0:1|0:0:0|0:0:0|2:0:1|1:1:0|0:0:0|2:0:1|0:0:0|2:1:2|1:1:0|0:0:0|0:0:0|0:0:0|0:0:0|0:0:0|1:1:0|1:2:0|1:1:0|0:0:0|2:0:2|0:0:0|2:0:1|1:1:0|2:0:1|4:2:3","0:0:0|2:0:1|0:0:0|1:1:0|1:2:1|2:0:2|1:1:0|2:0:1|0:0:0|0:0:0|1:1:0|0:0:0|0:0:0|0:0:0|0:0:0|0:0:0|0:0:0|1:1:0|0:0:0|0:0:0|0:0:0|1:2:0|0:0:0|0:0:0|2:0:1|0:0:0|0:0:0|2:0:1|1:1:0|0:0:0|2:0:1|0:0:0|2:1:2|1:1:0|0:0:0|0:0:0|0:0:0|0:0:0|0:0:0|1:1:0|1:2:0|1:1:0|0:0:0|2:0:2|0:0:0|2:0:1|1:1:0|2:0:1|4:2:3"
"7x7-p84","7x7-p84-uct-0100","100","1","36","0.642857","2","2","O02","LM","54","52","54","53","0","0","2","0","0","0","1","0","1","0:0:0|2:0:1|0:0:0|1:1:0|1:2:1|2:0:2|1:1:0|2:0:1|0:0:0|0:0:0|1:1:0|0:0:0|0:0:0|0:0:0|0:0:0|0:0:0|0:0:0|1:1:0|0:0:0|0:0:0|0:0:0|1:2:0|0:0:0|0:0:0|2:0:1|0:0:0|0:0:0|2:0:1|1:1:0|0:0:0|2:0:1|0:0:0|2:1:2|1:1:0|0:0:0|0:0:0|0:0:0|0:0:0|0:0:0|1:1:0|1:2:0|1:1:0|0:0:0|2:0:2|0:0:0|2:0:1|1:1:0|2:0:1|4:2:3","0:0:0|2:0:1|0:0:1|1:1:0|1:2:1|2:0:2|1:1:0|2:0:1|0:0:0|0:0:0|1:1:0|0:0:0|0:0:0|0:0:0|0:0:0|0:0:0|0:0:0|1:1:0|0:0:0|0:0:0|0:0:0|1:2:0|0:0:0|0:0:0|2:0:1|0:0:0|0:0:0|2:0:1|1:1:0|0:0:0|2:0:1|0:0:0|2:1:2|1:1:0|0:0:0|0:0:0|0:0:0|0:0:0|0:0:0|1:1:0|1:2:0|1:1:0|0:0:0|2:0:2|0:0:0|2:0:1|1:1:0|2:0:1|4:2:3","0:0:0|2:0:1|2:0:1|1:1:0|1:2:1|2:0:2|1:1:0|2:0:1|0:0:0|0:0:0|1:1:0|0:0:0|0:0:0|0:0:0|0:0:0|0:0:0|0:0:0|1:1:0|0:0:0|0:0:0|0:0:0|1:2:0|0:0:0|0:0:0|2:0:1|0:0:0|0:0:0|2:0:1|1:1:0|0:0:0|2:0:1|0:0:0|2:1:2|1:1:0|0:0:0|0:0:0|0:0:0|0:0:0|0:0:0|1:1:0|1:2:0|1:1:0|0:0:0|2:0:2|0:0:0|2:0:1|1:1:0|2:0:1|4:2:3"
"7x7-p84","7x7-p84-uct-0100","100","1","37","0.660714","2","1","O54","HM","55","54","56","54","1","1","1","1","0","2","0","2","0","0:0:0|2:0:1|2:0:1|1:1:0|1:2:1|2:0:2|1:1:0|2:0:1|0:0:0|0:0:0|1:1:0|0:0:0|0:0:0|0:0:0|0:0:0|0:0:0|0:0:0|1:1:0|0:0:0|0:0:0|0:0:0|1:2:0|0:0:0|0:0:0|2:0:1|0:0:0|0:0:0|2:0:1|1:1:0|0:0:0|2:0:1|0:0:0|2:1:2|1:1:0|0:0:0|0:0:0|0:0:0|0:0:0|0:0:0|1:1:0|1:2:0|1:1:0|0:0:0|2:0:2|0:0:0|2:0:1|1:1:0|2:0:1|4:2:3","0:0:0|2:0:1|2:0:1|1:1:0|1:2:1|2:0:2|1:1:0|2:0:1|0:0:0|0:0:0|1:1:0|0:0:0|0:0:0|0:0:0|0:0:0|0:0:0|0:0:0|1:1:0|0:0:0|0:0:0|0:0:0|1:2:0|0:0:0|0:0:0|2:0:1|0:0:0|0:0:0|2:0:1|1:1:0|0:0:0|2:0:1|0:0:0|2:1:2|1:1:0|0:0:0|0:0:0|0:0:0|0:0:0|0:0:0|1:2:0|1:2:0|1:1:0|0:0:0|2:0:2|0:0:0|2:0:1|1:1:0|2:0:1|4:2:3","0:0:0|2:0:1|2:0:1|1:1:0|1:2:1|2:0:2|1:1:0|2:0:1|0:0:0|0:0:0|1:1:0|0:0:0|0:0:0|0:0:0|0:0:0|0:0:0|0:0:0|1:1:0|0:0:0|0:0:0|0:0:0|1:2:0|0:0:0|0:0:0|2:0:1|0:0:0|0:0:0|2:0:1|1:1:0|0:0:0|2:0:1|0:0:0|2:1:2|1:1:0|0:0:0|0:0:0|0:0:0|0:0:0|0:0:0|1:2:0|1:2:0|1:1:0|0:0:0|2:0:2|0:0:0|2:0:1|1:1:0|2:0:1|4:2:3"
"7x7-p84","7x7-p84-uct-0100","100","1","39","0.696429","2","1","O04","LM","58","57","59","57","1","1","3","2","1","3","1","3","1","0:0:0|2:0:1|2:0:1|1:1:0|1:2:1|2:0:2|1:1:0|2:0:1|0:0:0|0:0:0|1:1:0|0:0:0|0:0:0|0:0:0|0:0:0|0:0:0|0:0:0|1:1:0|0:0:0|0:0:0|0:0:0|1:2:0|0:0:0|0:0:0|2:0:1|0:0:0|0:0:0|2:0:1|1:1:0|0:0:0|2:0:1|0:0:0|2:1:2|1:1:0|0:0:0|0:0:0|0:0:0|0:0:0|0:0:0|1:2:0|1:2:0|1:1:0|0:0:0|2:0:2|0:0:0|2:0:1|1:1:0|2:0:1|4:2:3","0:0:0|2:0:1|2:0:1|1:1:0|1:3:1|2:0:2|1:1:0|2:0:1|0:0:0|0:0:0|1:1:0|0:0:0|0:0:0|0:0:0|0:0:0|0:0:0|0:0:0|1:1:0|0:0:0|0:0:0|0:0:0|1:2:0|0:0:0|0:0:0|2:0:1|0:0:0|0:0:0|2:0:1|1:1:0|0:0:0|2:0:1|0:0:0|2:1:2|1:1:0|0:0:0|0:0:0|0:0:0|0:0:0|0:0:0|1:2:0|1:2:0|1:1:0|0:0:0|2:0:2|0:0:0|2:0:1|1:1:0|2:0:1|4:2:3","0:0:0|2:0:1|2:0:1|1:1:0|3:3:1|2:0:2|1:1:0|2:0:1|0:0:0|0:0:0|1:1:0|0:0:0|0:0:0|0:0:0|0:0:0|0:0:0|0:0:0|1:1:0|0:0:0|0:0:0|0:0:0|1:2:0|0:0:0|0:0:0|2:0:1|0:0:0|0:0:0|2:0:1|1:1:0|0:0:0|2:0:1|0:0:0|2:1:2|1:1:0|0:0:0|0:0:0|0:0:0|0:0:0|0:0:0|1:2:0|1:2:0|1:1:0|0:0:0|2:0:2|0:0:0|2:0:1|1:1:0|2:0:1|4:2:3"
"7x7-p84","7x7-p84-uct-0100","100","1","40","0.714286","1","2","O05","LH","60","57","60","58","2","2","4","0","2","0","3","0","3","0:0:0|2:0:1|2:0:1|1:1:0|3:3:1|2:0:2|1:1:0|2:0:1|0:0:0|0:0:0|1:1:0|0:0:0|0:0:0|0:0:0|0:0:0|0:0:0|0:0:0|1:1:0|0:0:0|0:0:0|0:0:0|1:2:0|0:0:0|0:0:0|2:0:1|0:0:0|0:0:0|2:0:1|1:1:0|0:0:0|2:0:1|0:0:0|2:1:2|1:1:0|0:0:0|0:0:0|0:0:0|0:0:0|0:0:0|1:2:0|1:2:0|1:1:0|0:0:0|2:0:2|0:0:0|2:0:1|1:1:0|2:0:1|4:2:3","0:0:0|2:0:1|2:0:1|1:1:0|3:3:1|2:0:3|1:1:0|2:0:1|0:0:0|0:0:0|1:1:0|0:0:0|0:0:0|0:0:0|0:0:0|0:0:0|0:0:0|1:1:0|0:0:0|0:0:0|0:0:0|1:2:0|0:0:0|0:0:0|2:0:1|0:0:0|0:0:0|2:0:1|1:1:0|0:0:0|2:0:1|0:0:0|2:1:2|1:1:0|0:0:0|0:0:0|0:0:0|0:0:0|0:0:0|1:2:0|1:2:0|1:1:0|0:0:0|2:0:2|0:0:0|2:0:1|1:1:0|2:0:1|4:2:3","0:0:0|2:0:1|2:0:1|1:1:0|3:3:1|4:0:3|1:1:0|2:0:1|0:0:0|2:0:1|1:1:0|0:0:0|0:0:0|0:0:0|0:0:0|0:0:0|0:0:0|1:1:0|0:0:0|0:0:0|0:0:0|1:2:0|0:0:0|0:0:0|2:0:1|0:0:0|0:0:0|2:0:1|1:1:0|0:0:0|2:0:1|0:0:0|2:1:2|1:1:0|0:0:0|0:0:0|0:0:0|0:0:0|0:0:0|1:2:0|1:2:0|1:1:0|0:0:0|2:0:2|0:0:0|2:0:1|1:1:0|2:0:1|4:2:3"
"7x7-p84","7x7-p84-uct-0100","100","1","40","0.714286","3","2","O12","LM","60","59","60","60","0","2","2","0","0","0","1","0","1","0:0:0|2:0:1|2:0:1|1:1:0|3:3:1|2:0:3|1:1:0|2:0:1|0:0:0|0:0:0|1:1:0|0:0:0|0:0:0|0:0:0|0:0:0|0:0:0|0:0:0|1:1:0|0:0:0|0:0:0|0:0:0|1:2:0|0:0:0|0:0:0|2:0:1|0:0:0|0:0:0|2:0:1|1:1:0|0:0:0|2:0:1|0:0:0|2:1:2|1:1:0|0:0:0|0:0:0|0:0:0|0:0:0|0:0:0|1:2:0|1:2:0|1:1:0|0:0:0|2:0:2|0:0:0|2:0:1|1:1:0|2:0:1|4:2:3","0:0:0|2:0:1|2:0:1|1:1:0|3:3:1|4:0:3|1:1:0|2:0:1|0:0:0|2:0:1|1:1:0|0:0:0|0:0:0|0:0:0|0:0:0|0:0:0|0:0:0|1:1:0|0:0:0|0:0:0|0:0:0|1:2:0|0:0:0|0:0:0|2:0:1|0:0:0|0:0:0|2:0:1|1:1:0|0:0:0|2:0:1|0:0:0|2:1:2|1:1:0|0:0:0|0:0:0|0:0:0|0:0:0|0:0:0|1:2:0|1:2:0|1:1:0|0:0:0|2:0:2|0:0:0|2:0:1|1:1:0|2:0:1|4:2:3","0:0:0|2:0:1|2:0:1|1:1:0|3:3:1|4:0:3|1:1:0|2:0:1|0:0:0|2:0:1|1:1:0|0:0:0|0:0:0|0:0:0|0:0:0|0:0:0|0:0:0|1:1:0|0:0:0|0:0:0|0:0:0|1:2:0|0:0:0|0:0:0|2:0:1|0:0:0|0:0:0|2:0:1|1:1:0|0:0:0|2:0:1|0:0:0|2:1:2|1:1:0|0:0:0|0:0:0|0:0:0|0:0:0|0:0:0|1:2:0|1:2:0|1:1:0|0:0:0|2:0:2|0:0:0|2:0:1|1:1:0|2:0:1|4:2:3"
"7x7-p84","7x7-p84-uct-0100","100","1","42","0.750000","3","2","O33","MM","63","62","63","63","2","2","2","0","1","0","2","0","2","0:0:0|2:0:1|2:0:1|1:1:0|3:3:1|4:0:3|1:1:0|2:0:1|0:0:0|2:0:1|1:1:0|0:0:0|0:0:0|0:0:0|0:0:0|0:0:0|0:0:0|1:1:0|0:0:0|0:0:0|0:0:0|1:2:0|0:0:0|0:0:0|2:0:1|0:0:0|0:0:0|2:0:1|1:1:0|0:0:0|2:0:1|0:0:0|2:1:2|1:1:0|0:0:0|0:0:0|0:0:0|0:0:0|0:0:0|1:2:0|1:2:0|1:1:0|0:0:0|2:0:2|0:0:0|2:0:1|1:1:0|2:0:1|4:2:3","0:0:0|2:0:1|2:0:1|1:1:0|3:3:1|4:0:3|1:1:0|2:0:1|0:0:0|2:0:1|1:1:0|0:0:0|0:0:0|0:0:0|0:0:0|0:0:0|0:0:0|1:1:0|0:0:0|0:0:0|0:0:0|1:2:0|0:0:0|0:0:0|2:0:2|0:0:0|0:0:0|2:0:1|1:1:0|0:0:0|2:0:1|0:0:0|2:1:2|1:1:0|0:0:0|0:0:0|0:0:0|0:0:0|0:0:0|1:2:0|1:2:0|1:1:0|0:0:0|2:0:2|0:0:0|2:0:1|1:1:0|2:0:1|4:2:3","0:0:0|2:0:1|2:0:1|1:1:0|3:3:1|4:0:3|1:1:0|2:0:1|0:0:0|2:0:1|1:1:0|0:0:0|0:0:0|0:0:0|0:0:0|0:0:0|0:0:0|1:1:0|0:0:0|0:0:0|0:0:0|1:2:0|0:0:0|0:0:0|2:0:2|0:0:0|0:0:0|2:0:1|1:1:0|0:0:0|2:0:1|0:0:0|2:1:2|1:1:0|0:0:0|0:0:0|0:0:0|0:0:0|0:0:0|1:2:0|1:2:0|1:1:0|0:0:0|2:0:2|0:0:0|2:0:1|1:1:0|2:0:1|4:2:3"
"7x7-p84","7x7-p84-uct-0100","100","1","43","0.767857","1","1","O03","LM","63","63","64","63","1","1","1","1","0","2","0","2","0","0:0:0|2:0:1|2:0:1|1:1:0|3:3:1|4:0:3|1:1:0|2:0:1|0:0:0|2:0:1|1:1:0|0:0:0|0:0:0|0:0:0|0:0:0|0:0:0|0:0:0|1:1:0|0:0:0|0:0:0|0:0:0|1:2:0|0:0:0|0:0:0|2:0:2|0:0:0|0:0:0|2:0:1|1:1:0|0:0:0|2:0:1|0:0:0|2:1:2|1:1:0|0:0:0|0:0:0|0:0:0|0:0:0|0:0:0|1:2:0|1:2:0|1:1:0|0:0:0|2:0:2|0:0:0|2:0:1|1:1:0|2:0:1|4:2:3","0:0:0|2:0:1|2:0:1|1:2:0|3:3:1|4:0:3|1:1:0|2:0:1|0:0:0|2:0:1|1:1:0|0:0:0|0:0:0|0:0:0|0:0:0|0:0:0|0:0:0|1:1:0|0:0:0|0:0:0|0:0:0|1:2:0|0:0:0|0:0:0|2:0:2|0:0:0|0:0:0|2:0:1|1:1:0|0:0:0|2:0:1|0:0:0|2:1:2|1:1:0|0:0:0|0:0:0|0:0:0|0:0:0|0:0:0|1:2:0|1:2:0|1:1:0|0:0:0|2:0:2|0:0:0|2:0:1|1:1:0|2:0:1|4:2:3","0:0:0|2:0:1|2:0:1|1:2:0|3:3:1|4:0:3|1:1:0|2:0:1|0:0:0|2:0:1|1:1:0|0:0:0|0:0:0|0:0:0|0:0:0|0:0:0|0:0:0|1:1:0|0:0:0|0:0:0|0:0:0|1:2:0|0:0:0|0:0:0|2:0:2|0:0:0|0:0:0|2:0:1|1:1:0|0:0:0|2:0:1|0:0:0|2:1:2|1:1:0|0:0:0|0:0:0|0:0:0|0:0:0|0:0:0|1:2:0|1:2:0|1:1:0|0:0:0|2:0:2|0:0:0|2:0:1|1:1:0|2:0:1|4:2:3"
"7x7-p84","7x7-p84-uct-0100","100","1","44","0.785714","1","2","O11","LL","66","63","66","64","0","0","2","0","0","0","1","0","1","0:0:0|2:0:1|2:0:1|1:2:0|3:3:1|4:0:3|1:1:0|2:0:1|0:0:0|2:0:1|1:1:0|0:0:0|0:0:0|0:0:0|0:0:0|0:0:0|0:0:0|1:1:0|0:0:0|0:0:0|0:0:0|1:2:0|0:0:0|0:0:0|2:0:2|0:0:0|0:0:0|2:0:1|1:1:0|0:0:0|2:0:1|0:0:0|2:1:2|1:1:0|0:0:0|0:0:0|0:0:0|0:0:0|0:0:0|1:2:0|1:2:0|1:1:0|0:0:0|2:0:2|0:0:0|2:0:1|1:1:0|2:0:1|4:2:3","0:0:0|2:0:1|2:0:1|1:2:0|3:3:1|4:0:3|1:1:0|2:0:1|0:0:1|2:0:1|1:1:0|0:0:0|0:0:0|0:0:0|0:0:0|0:0:0|0:0:0|1:1:0|0:0:0|0:0:0|0:0:0|1:2:0|0:0:0|0:0:0|2:0:2|0:0:0|0:0:0|2:0:1|1:1:0|0:0:0|2:0:1|0:0:0|2:1:2|1:1:0|0:0:0|0:0:0|0:0:0|0:0:0|0:0:0|1:2:0|1:2:0|1:1:0|0:0:0|2:0:2|0:0:0|2:0:1|1:1:0|2:0:1|4:2:3","0:0:0|2:0:1|2:0:1|1:2:0|3:3:1|4:0:3|1:1:0|2:0:1|2:0:1|2:0:1|1:1:0|0:0:0|0:0:0|0:0:0|0:0:0|0:0:0|0:0:0|1:1:0|0:0:0|0:0:0|0:0:0|1:2:0|0:0:0|0:0:0|2:0:2|0:0:0|0:0:0|2:0:1|1:1:0|0:0:0|2:0:1|0:0:0|2:1:2|1:1:0|0:0:0|0:0:0|0:0:0|0:0:0|0:0:0|1:2:0|1:2:0|1:1:0|0:0:0|2:0:2|0:0:0|2:0:1|1:1:0|2:0:1|4:2:3"
"7x7-p84","7x7-p84-uct-0100","100","1","45","0.803571","1","1","O30","ML","66","66","67","66","1","1","3","2","0","3","0","3","0","0:0:0|2:0:1|2:0:1|1:2:0|3:3:1|4:0:3|1:1:0|2:0:1|2:0:1|2:0:1|1:1:0|0:0:0|0:0:0|0:0:0|0:0:0|0:0:0|0:0:0|1:1:0|0:0:0|0:0:0|0:0:0|1:2:0|0:0:0|0:0:0|2:0:2|0:0:0|0:0:0|2:0:1|1:1:0|0:0:0|2:0:1|0:0:0|2:1:2|1:1:0|0:0:0|0:0:0|0:0:0|0:0:0|0:0:0|1:2:0|1:2:0|1:1:0|0:0:0|2:0:2|0:0:0|2:0:1|1:1:0|2:0:1|4:2:3","0:0:0|2:0:1|2:0:1|1:2:0|3:3:1|4:0:3|1:1:0|2:0:1|2:0:1|2:0:1|1:1:0|0:0:0|0:0:0|0:0:0|0:0:0|0:0:0|0:0:0|1:1:0|0:0:0|0:0:0|0:0:0|1:3:0|0:0:0|0:0:0|2:0:2|0:0:0|0:0:0|2:0:1|1:1:0|0:0:0|2:0:1|0:0:0|2:1:2|1:1:0|0:0:0|0:0:0|0:0:0|0:0:0|0:0:0|1:2:0|1:2:0|1:1:0|0:0:0|2:0:2|0:0:0|2:0:1|1:1:0|2:0:1|4:2:3","0:0:0|2:0:1|2:0:1|1:2:0|3:3:1|4:0:3|1:1:0|2:0:1|2:0:1|2:0:1|1:1:0|0:0:0|0:0:0|0:0:0|0:0:0|0:0:0|0:0:0|1:1:0|0:0:0|0:0:0|0:0:0|3:3:0|0:0:0|0:0:0|2:0:2|0:0:0|0:0:0|2:0:1|1:1:0|0:0:0|2:0:1|0:0:0|2:1:2|1:1:0|0:0:0|0:0:0|0:0:0|0:0:0|0:0:0|1:2:0|1:2:0|1:2:0|0:0:0|2:0:2|0:0:0|2:0:1|1:1:0|2:0:1|4:2:3"
"7x7-p84","7x7-p84-uct-0100","100","1","45","0.803571","3","1","O56","HH","68","66","69","66","1","1","1","1","0","2","0","2","0","0:0:0|2:0:1|2:0:1|1:2:0|3:3:1|4:0:3|1:1:0|2:0:1|2:0:1|2:0:1|1:1:0|0:0:0|0:0:0|0:0:0|0:0:0|0:0:0|0:0:0|1:1:0|0:0:0|0:0:0|0:0:0|1:3:0|0:0:0|0:0:0|2:0:2|0:0:0|0:0:0|2:0:1|1:1:0|0:0:0|2:0:1|0:0:0|2:1:2|1:1:0|0:0:0|0:0:0|0:0:0|0:0:0|0:0:0|1:2:0|1:2:0|1:1:0|0:0:0|2:0:2|0:0:0|2:0:1|1:1:0|2:0:1|4:2:3","0:0:0|2:0:1|2:0:1|1:2:0|3:3:1|4:0:3|1:1:0|2:0:1|2:0:1|2:0:1|1:1:0|0:0:0|0:0:0|0:0:0|0:0:0|0:0:0|0:0:0|1:1:0|0:0:0|0:0:0|0:0:0|3:3:0|0:0:0|0:0:0|2:0:2|0:0:0|0:0:0|2:0:1|1:1:0|0:0:0|2:0:1|0:0:0|2:1:2|1:1:0|0:0:0|0:0:0|0:0:0|0:0:0|0:0:0|1:2:0|1:2:0|1:2:0|0:0:0|2:0:2|0:0:0|2:0:1|1:1:0|2:0:1|4:2:3","0:0:0|2:0:1|2:0:1|1:2:0|3:3:1|4:0:3|1:1:0|2:0:1|2:0:1|2:0:1|1:1:0|0:0:0|0:0:0|0:0:0|0:0:0|0:0:0|0:0:0|1:1:0|0:0:0|0:0:0|0:0:0|3:3:0|0:0:0|0:0:0|2:0:2|0:0:0|0:0:0|2:0:1|1:1:0|0:0:0|2:0:1|0:0:0|2:1:2|1:1:0|0:0:0|0:0:0|0:0:0|0:0:0|0:0:0|1:2:0|1:2:0|1:2:0|0:0:0|2:0:2|0:0:0|2:0:1|1:1:0|2:0:1|4:2:3"
"7x7-p84","7x7-p84-uct-0100","100","1","46","0.821429","1","2","O34","MM","69","66","69","67","0","0","2","0","0","0","1","0","1","0:0:0|2:0:1|2:0:1|1:2:0|3:3:1|4:0:3|1:1:0|2:0:1|2:0:1|2:0:1|1:1:0|0:0:0|0:0:0|0:0:0|0:0:0|0:0:0|0:0:0|1:1:0|0:0:0|0:0:0|0:0:0|3:3:0|0:0:0|0:0:0|2:0:2|0:0:0|0:0:0|2:0:1|1:1:0|0:0:0|2:0:1|0:0:0|2:1:2|1:1:0|0:0:0|0:0:0|0:0:0|0:0:0|0:0:0|1:2:0|1:2:0|1:2:0|0:0:0|2:0:2|0:0:0|2:0:1|1:1:0|2:0:1|4:2:3","0:0:0|2:0:1|2:0:1|1:2:0|3:3:1|4:0:3|1:1:0|2:0:1|2:0:1|2:0:1|1:1:0|0:0:0|0:0:0|0:0:0|0:0:0|0:0:0|0:0:0|1:1:0|0:0:0|0:0:0|0:0:0|3:3:0|0:0:0|0:0:0|2:0:2|0:0:1|0:0:0|2:0:1|1:1:0|0:0:0|2:0:1|0:0:0|2:1:2|1:1:0|0:0:0|0:0:0|0:0:0|0:0:0|0:0:0|1:2:0|1:2:0|1:2:0|0:0:0|2:0:2|0:0:0|2:0:1|1:1:0|2:0:1|4:2:3","0:0:0|2:0:1|2:0:1|1:2:0|3:3:1|4:0:3|1:1:0|2:0:1|2:0:1|2:0:1|1:1:0|0:0:0|0:0:0|0:0:0|0:0:0|0:0:0|0:0:0|1:1:0|0:0:0|0:0:0|0:0:0|3:3:0|0:0:0|0:0:0|2:0:2|2:0:1|0:0:0|2:0:1|1:1:0|0:0:0|2:0:1|0:0:0|4:1:3|1:1:0|0:0:0|0:0:0|0:0:0|0:0:0|0:0:0|1:2:0|1:2:0|1:2:0|0:0:0|2:0:2|0:0:0|2:0:1|1:1:0|2:0:1|4:2:3"
"7x7-p84","7x7-p84-uct-0100","100","1","46","0.821429","3","2","O44","MM","69","68","69","69","2","4","4","1","2","1","3","1","3","0:0:0|2:0:1|2:0:1|1:2:0|3:3:1|4:0:3|1:1:0|2:0:1|2:0:1|2:0:1|1:1:0|0:0:0|0:0:0|0:0:0|0:0:0|0:0:0|0:0:0|1:1:0|0:0:0|0:0:0|0:0:0|3:3:0|0:0:0|0:0:0|2:0:2|0:0:1|0:0:0|2:0:1|1:1:0|0:0:0|2:0:1|0:0:0|2:1:2|1:1:0|0:0:0|0:0:0|0:0:0|0:0:0|0:0:0|1:2:0|1:2:0|1:2:0|0:0:0|2:0:2|0:0:0|2:0:1|1:1:0|2:0:1|4:2:3","0:0:0|2:0:1|2:0:1|1:2:0|3:3:1|4:0:3|1:1:0|2:0:1|2:0:1|2:0:1|1:1:0|0:0:0|0:0:0|0:0:0|0:0:0|0:0:0|0:0:0|1:1:0|0:0:0|0:0:0|0:0:0|3:3:0|0:0:0|0:0:0|2:0:2|2:0:1|0:0:0|2:0:1|1:1:0|0:0:0|2:0:1|0:0:0|4:1:3|1:1:0|0:0:0|0:0:0|0:0:0|0:0:0|0:0:0|1:2:0|1:2:0|1:2:0|0:0:0|2:0:2|0:0:0|2:0:1|1:1:0|2:0:1|4:2:3","0:0:0|2:0:1|2:0:1|1:2:0|3:3:1|4:0:3|1:1:0|2:0:1|2:0:1|2:0:1|1:1:0|0:0:0|0:0:0|0:0:0|0:0:0|0:0:0|0:0:0|1:1:0|0:0:0|0:0:0|0:0:0|3:3:0|0:0:0|0:0:0|2:0:2|2:0:1|0:0:0|2:0:1|1:1:0|0:0:0|2:0:1|0:0:0|4:1:3|1:1:0|0:0:0|0:0:0|0:0:0|0:0:0|0:0:0|1:2:0|1:2:0|1:2:0|0:0:0|2:0:2|0:0:0|2:0:1|1:1:0|2:0:1|4:2:3"
"7x7-p84","7x7-p84-uct-0100","100","1","47","0.839286","2","1","O46","MH","70","69","71","69","0","0","1","0","0","1","0","1","0","0:0:0|2:0:1|2:0:1|1:2:0|3:3:1|4:0:3|1:1:0|2:0:1|2:0:1|2:0:1|1:1:0|0:0:0|0:0:0|0:0:0|0:0:0|0:0:0|0:0:0|1:1:0|0:0:0|0:0:0|0:0:0|3:3:0|0:0:0|0:0:0|2:0:2|2:0:1|0:0:0|2:0:1|1:1:0|0:0:0|2:0:1|0:0:0|4:1:3|1:1:0|0:0:0|0:0:0|0:0:0|0:0:0|0:0:0|1:2:0|1:2:0|1:2:0|0:0:0|2:0:2|0:0:0|2:0:1|1:1:0|2:0:1|4:2:3","0:0:0|2:0:1|2:0:1|1:2:0|3:3:1|4:0:3|1:1:0|2:0:1|2:0:1|2:0:1|1:1:0|0:0:0|0:0:0|0:0:0|0:0:0|0:0:0|0:0:0|1:1:0|0:0:0|0:0:0|0:0:0|3:3:0|0:0:0|0:0:0|2:0:2|2:0:1|0:0:0|2:0:1|1:1:0|0:0:0|2:0:1|0:0:0|4:1:3|1:1:0|0:1:0|0:0:0|0:0:0|0:0:0|0:0:0|1:2:0|1:2:0|1:2:0|0:0:0|2:0:2|0:0:0|2:0:1|1:1:0|2:0:1|4:2:3","0:0:0|2:0:1|2:0:1|1:2:0|3:3:1|4:0:3|1:1:0|2:0:1|2:0:1|2:0:1|1:1:0|0:0:0|0:0:0|0:0:0|0:0:0|0:0:0|0:0:0|1:1:0|0:0:0|0:0:0|0:0:0|3:3:0|0:0:0|0:0:0|2:0:2|2:0:1|0:0:0|2:0:1|1:1:0|0:0:0|2:0:1|0:0:0|4:1:3|1:1:0|1:1:0|0:0:0|0:0:0|0:0:0|0:0:0|1:2:0|1:2:0|1:2:0|0:0:0|2:0:2|0:0:0|2:0:1|1:1:0|2:0:1|4:2:3"
"7x7-p84","7x7-p84-uct-0100","100","1","48","0.857143","2","2","O55","HH","72","70","72","71","1","1","1","2","0","2","1","2","1","0:0:0|2:0:1|2:0:1|1:2:0|3:3:1|4:0:3|1:1:0|2:0:1|2:0:1|2:0:1|1:1:0|0:0:0|0:0:0|0:0:0|0:0:0|0:0:0|0:0:0|1:1:0|0:0:0|0:0:0|0:0:0|3:3:0|0:0:0|0:0:0|2:0:2|2:0:1|0:0:0|2:0:1|1:1:0|0:0:0|2:0:1|0:0:0|4:1:3|1:1:0|1:1:0|0:0:0|0:0:0|0:0:0|0:0:0|1:2:0|1:2:0|1:2:0|0:0:0|2:0:2|0:0:0|2:0:1|1:1:0|2:0:1|4:2:3","0:0:0|2:0:1|2:0:1|1:2:0|3:3:1|4:0:3|1:1:0|2:0:1|2:0:1|2:0:1|1:1:0|0:0:0|0:0:0|0:0:0|0:0:0|0:0:0|0:0:0|1:1:0|0:0:0|0:0:0|0:0:0|3:3:0|0:0:0|0:0:0|2:0:2|2:0:1|0:0:0|2:0:1|1:1:0|0:0:0|2:0:1|0:0:0|4:1:3|1:1:0|1:1:0|0:0:0|0:0:0|0:0:0|0:0:0|1:2:0|1:2:1|1:2:0|0:0:0|2:0:2|0:0:0|2:0:1|1:1:0|2:0:1|4:2:3","0:0:0|2:0:1|2:0:1|1:2:0|3:3:1|4:0:3|1:1:0|2:0:1|2:0:1|2:0:1|1:1:0|0:0:0|0:0:0|0:0:0|0:0:0|0:0:0|0:0:0|1:1:0|0:0:0|0:0:0|0:0:0|3:3:0|0:0:0|0:0:0|2:0:2|2:0:1|0:0:0|2:0:1|1:1:0|0:0:0|2:0:1|0:0:0|4:1:3|1:1:0|1:1:0|0:0:0|0:0:0|0:0:0|0:0:0|1:2:0|1:2:1|1:2:0|0:0:0|2:0:2|0:0:0|2:0:1|1:1:0|2:0:1|4:2:3"
"7x7-p84","7x7-p84-uct-0100","100","1","49","0.875000","2","1","O56","HH","73","72","74","72","1","1","3","2","0","3","0","3","0","0:0:0|2:0:1|2:0:1|1:2:0|3:3:1|4:0:3|1:1:0|2:0:1|2:0:1|2:0:1|1:1:0|0:0:0|0:0:0|0:0:0|0:0:0|0:0:0|0:0:0|1:1:0|0:0:0|0:0:0|0:0:0|3:3:0|0:0:0|0:0:0|2:0:2|2:0:1|0:0:0|2:0:1|1:1:0|0:0:0|2:0:1|0:0:0|4:1:3|1:1:0|1:1:0|0:0:0|0:0:0|0:0:0|0:0:0|1:2:0|1:2:1|1:2:0|0:0:0|2:0:2|0:0:0|2:0:1|1:1:0|2:0:1|4:2:3","0:0:0|2:0:1|2:0:1|1:2:0|3:3:1|4:0:3|1:1:0|2:0:1|2:0:1|2:0:1|1:1:0|0:0:0|0:0:0|0:0:0|0:0:0|0:0:0|0:0:0|1:1:0|0:0:0|0:0:0|0:0:0|3:3:0|0:0:0|0:0:0|2:0:2|2:0:1|0:0:0|2:0:1|1:1:0|0:0:0|2:0:1|0:0:0|4:1:3|1:1:0|1:1:0|0:0:0|0:0:0|0:0:0|0:0:0|1:2:0|1:2:1|1:3:0|0:0:0|2:0:2|0:0:0|2:0:1|1:1:0|2:0:1|4:2:3","0:0:0|2:0:1|2:0:1|1:2:0|3:3:1|4:0:3|1:1:0|2:0:1|2:0:1|0:1:1|1:1:0|0:0:0|0:0:0|0:0:0|0:0:0|0:0:0|0:0:0|1:1:0|0:0:0|0:0:0|0:0:0|3:3:0|0:0:0|0:0:0|2:0:2|2:0:1|0:0:0|2:0:1|1:1:0|0:0:0|2:0:1|0:0:0|4:1:3|1:1:0|1:1:0|0:0:0|0:0:0|0:0:0|0:0:0|1:2:0|1:2:1|3:3:0|0:0:0|2:0:2|0:0:0|2:0:1|1:1:0|2:0:1|4:2:3"
"7x7-p84","7x7-p84-uct-0100","100","1","49","0.875000","3","1","O12","LM","74","72","75","72","2","0","0","0","1","1","1","1","1","0:0:0|2:0:1|2:0:1|1:2:0|3:3:1|4:0:3|1:1:0|2:0:1|2:0:1|2:0:1|1:1:0|0:0:0|0:0:0|0:0:0|0:0:0|0:0:0|0:0:0|1:1:0|0:0:0|0:0:0|0:0:0|3:3:0|0:0:0|0:0:0|2:0:2|2:0:1|0:0:0|2:0:1|1:1:0|0:0:0|2:0:1|0:0:0|4:1:3|1:1:0|1:1:0|0:0:0|0:0:0|0:0:0|0:0:0|1:2:0|1:2:1|1:3:0|0:0:0|2:0:2|0:0:0|2:0:1|1:1:0|2:0:1|4:2:3","0:0:0|2:0:1|2:0:1|1:2:0|3:3:1|4:0:3|1:1:0|2:0:1|2:0:1|0:1:1|1:1:0|0:0:0|0:0:0|0:0:0|0:0:0|0:0:0|0:0:0|1:1:0|0:0:0|0:0:0|0:0:0|3:3:0|0:0:0|0:0:0|2:0:2|2:0:1|0:0:0|2:0:1|1:1:0|0:0:0|2:0:1|0:0:0|4:1:3|1:1:0|1:1:0|0:0:0|0:0:0|0:0:0|0:0:0|1:2:0|1:2:1|3:3:0|0:0:0|2:0:2|0:0:0|2:0:1|1:1:0|2:0:1|4:2:3","0:0:0|2:0:1|2:0:1|1:2:0|3:3:1|4:0:3|1:1:0|2:0:1|2:0:1|0:1:1|1:1:0|0:0:0|0:0:0|0:0:0|0:0:0|0:0:0|0:0:0|1:1:0|0:0:0|0:0:0|0:0:0|3:3:0|0:0:0|0:0:0|2:0:2|2:0:1|0:0:0|2:0:1|1:1:0|0:0:0|2:0:1|0:0:0|4:1:3|1:1:0|1:1:0|0:0:0|0:0:0|0:0:0|0:0:0|1:2:0|1:2:1|3:3:0|0:0:0|2:0:2|0:0:0|2:0:1|1:1:0|2:0:1|4:2:3"
"7x7-p84","7x7-p84-uct-0100","100","1","50","0.892857","3","2","O21","ML","75","74","75","75","0","2","2","0","0","0","1","0","1","0:0:0|2:0:1|2:0:1|1:2:0|3:3:1|4:0:3|1:1:0|2:0:1|2:0:1|0:1:1|1:1:0|0:0:0|0:0:0|0:0:0|0:0:0|0:0:0|0:0:0|1:1:0|0:0:0|0:0:0|0:0:0|3:3:0|0:0:0|0:0:0|2:0:2|2:0:1|0:0:0|2:0:1|1:1:0|0:0:0|2:0:1|0:0:0|4:1:3|1:1:0|1:1:0|0:0:0|0:0:0|0:0:0|0:0:0|1:2:0|1:2:1|3:3:0|0:0:0|2:0:2|0:0:0|2:0:1|1:1:0|2:0:1|4:2:3","0:0:0|2:0:1|2:0:1|1:2:0|3:3:1|4:0:3|1:1:0|2:0:1|2:0:1|0:1:1|1:1:0|0:0:0|0:0:0|0:0:0|0:0:0|2:0:1|0:0:0|1:1:0|0:0:0|0:0:0|0:0:0|3:3:0|0:0:0|0:0:0|2:0:2|2:0:1|0:0:0|2:0:1|1:1:0|0:0:0|2:0:1|0:0:0|4:1:3|1:1:0|1:1:0|0:0:0|0:0:0|0:0:0|0:0:0|1:2:0|1:2:1|3:3:0|0:0:0|2:0:2|0:0:0|2:0:1|1:1:0|2:0:1|4:2:3","0:0:0|2:0:1|2:0:1|1:2:0|3:3:1|4:0:3|1:1:0|2:0:1|2:0:1|0:1:1|1:1:0|0:0:0|0:0:0|0:0:0|0:0:0|2:0:1|0:0:0|1:1:0|0:0:0|0:0:0|0:0:0|3:3:0|0:0:0|0:0:0|2:0:2|2:0:1|0:0:0|2:0:1|1:1:0|0:0:0|2:0:1|0:0:0|4:1:3|1:1:0|1:1:0|0:0:0|0:0:0|0:0:0|0:0:0|1:2:0|1:2:1|3:3:0|0:0:0|2:0:2|0:0:0|2:0:1|1:1:0|2:0:1|4:2:3"
"7x7-p84","7x7-p84-uct-0100","100","1","51","0.910714","1","1","O55","HH","75","75","76","75","1","1","3","2","1","3","1","3","1","0:0:0|2:0:1|2:0:1|1:2:0|3:3:1|4:0:3|1:1:0|2:0:1|2:0:1|0:1:1|1:1:0|0:0:0|0:0:0|0:0:0|0:0:0|2:0:1|0:0:0|1:1:0|0:0:0|0:0:0|0:0:0|3:3:0|0:0:0|0:0:0|2:0:2|2:0:1|0:0:0|2:0:1|1:1:0|0:0:0|2:0:1|0:0:0|4:1:3|1:1:0|1:1:0|0:0:0|0:0:0|0:0:0|0:0:0|1:2:0|1:2:1|3:3:0|0:0:0|2:0:2|0:0:0|2:0:1|1:1:0|2:0:1|4:2:3","0:0:0|2:0:1|2:0:1|1:2:0|3:3:1|4:0:3|1:1:0|2:0:1|2:0:1|0:1:1|1:1:0|0:0:0|0:0:0|0:0:0|0:0:0|2:0:1|0:0:0|1:1:0|0:0:0|0:0:0|0:0:0|3:3:0|0:0:0|0:0:0|2:0:2|2:0:1|0:0:0|2:0:1|1:1:0|0:0:0|2:0:1|0:0:0|4:1:3|1:1:0|1:1:0|0:0:0|0:0:0|0:0:0|0:0:0|1:2:0|1:3:1|3:3:0|0:0:0|2:0:2|0:0:0|2:0:1|1:1:0|2:0:1|4:2:3","0:0:0|2:0:1|2:0:1|1:2:0|3:3:1|4:0:3|1:1:0|2:0:1|2:0:1|0:1:1|1:1:0|0:0:0|0:0:0|0:0:0|0:0:0|2:0:1|0:0:0|1:1:0|0:0:0|0:0:0|0:0:0|3:3:0|0:0:0|0:0:0|2:0:2|2:0:1|0:0:0|2:0:1|1:1:0|0:0:0|2:0:1|0:0:0|4:1:3|1:1:0|1:1:0|0:0:0|0:0:0|0:0:0|0:0:0|1:2:0|3:3:1|3:3:0|0:0:0|2:0:2|0:0:0|2:0:1|1:2:0|2:0:1|4:2:3"
"7x7-p84","7x7-p84-uct-0100","100","1","51","0.910714","3","1","O64","HM","77","75","78","75","1","1","1","1","0","2","0","2","0","0:0:0|2:0:1|2:0:1|1:2:0|3:3:1|4:0:3|1:1:0|2:0:1|2:0:1|0:1:1|1:1:0|0:0:0|0:0:0|0:0:0|0:0:0|2:0:1|0:0:0|1:1:0|0:0:0|0:0:0|0:0:0|3:3:0|0:0:0|0:0:0|2:0:2|2:0:1|0:0:0|2:0:1|1:1:0|0:0:0|2:0:1|0:0:0|4:1:3|1:1:0|1:1:0|0:0:0|0:0:0|0:0:0|0:0:0|1:2:0|1:3:1|3:3:0|0:0:0|2:0:2|0:0:0|2:0:1|1:1:0|2:0:1|4:2:3","0:0:0|2:0:1|2:0:1|1:2:0|3:3:1|4:0:3|1:1:0|2:0:1|2:0:1|0:1:1|1:1:0|0:0:0|0:0:0|0:0:0|0:0:0|2:0:1|0:0:0|1:1:0|0:0:0|0:0:0|0:0:0|3:3:0|0:0:0|0:0:0|2:0:2|2:0:1|0:0:0|2:0:1|1:1:0|0:0:0|2:0:1|0:0:0|4:1:3|1:1:0|1:1:0|0:0:0|0:0:0|0:0:0|0:0:0|1:2:0|3:3:1|3:3:0|0:0:0|2:0:2|0:0:0|2:0:1|1:2:0|2:0:1|4:2:3","0:0:0|2:0:1|2:0:1|1:2:0|3:3:1|4:0:3|1:1:0|2:0:1|2:0:1|0:1:1|1:1:0|0:0:0|0:0:0|0:0:0|0:0:0|2:0:1|0:0:0|1:1:0|0:0:0|0:0:0|0:0:0|3:3:0|0:0:0|0:0:0|2:0:2|2:0:1|0:0:0|2:0:1|1:1:0|0:0:0|2:0:1|0:0:0|4:1:3|1:1:0|1:1:0|0:0:0|0:0:0|0:0:0|0:0:0|1:2:0|3:3:1|3:3:0|0:0:0|2:0:2|0:0:0|2:0:1|1:2:0|2:0:1|4:2:3"
"7x7-p84","7x7-p84-uct-0100","100","1","52","0.928571","1","2","O21","ML","78","75","78","76","2","2","2","0","1","0","2","0","2","0:0:0|2:0:1|2:0:1|1:2:0|3:3:1|4:0:3|1:1:0|2:0:1|2:0:1|0:1:1|1:1:0|0:0:0|0:0:0|0:0:0|0:0:0|2:0:1|0:0:0|1:1:0|0:0:0|0:0:0|0:0:0|3:3:0|0:0:0|0:0:0|2:0:2|2:0:1|0:0:0|2:0:1|1:1:0|0:0:0|2:0:1|0:0:0|4:1:3|1:1:0|1:1:0|0:0:0|0:0:0|0:0:0|0:0:0|1:2:0|3:3:1|3:3:0|0:0:0|2:0:2|0:0:0|2:0:1|1:2:0|2:0:1|4:2:3","0:0:0|2:0:1|2:0:1|1:2:0|3:3:1|4:0:3|1:1:0|2:0:1|2:0:1|0:1:1|1:1:0|0:0:0|0:0:0|0:0:0|0:0:0|2:0:2|0:0:0|1:1:0|0:0:0|0:0:0|0:0:0|3:3:0|0:0:0|0:0:0|2:0:2|2:0:1|0:0:0|2:0:1|1:1:0|0:0:0|2:0:1|0:0:0|4:1:3|1:1:0|1:1:0|0:0:0|0:0:0|0:0:0|0:0:0|1:2:0|3:3:1|3:3:0|0:0:0|2:0:2|0:0:0|2:0:1|1:2:0|2:0:1|4:2:3","0:0:0|2:0:1|2:0:1|1:2:0|3:3:1|4:0:3|1:1:0|2:0:1|2:0:1|0:1:1|1:1:0|0:0:0|0:0:0|0:0:0|0:0:0|2:0:2|0:0:0|1:1:0|0:0:0|0:0:0|0:0:0|3:3:0|0:0:0|0:0:0|4:0:3|2:0:1|0:0:0|2:0:1|1:1:0|0:0:0|2:0:1|0:0:0|4:1:3|1:1:0|1:1:0|0:0:0|0:0:0|0:0:0|0:0:0|1:2:0|3:3:1|3:3:0|0:0:0|2:0:2|0:0:0|2:0:1|1:2:0|2:0:1|4:2:3"
"7x7-p84","7x7-p84-uct-0100","100","1","52","0.928571","3","2","O33","MM","78","77","78","78","2","4","4","0","2","0","3","0","3","0:0:0|2:0:1|2:0:1|1:2:0|3:3:1|4:0:3|1:1:0|2:0:1|2:0:1|0:1:1|1:1:0|0:0:0|0:0:0|0:0:0|0:0:0|2:0:2|0:0:0|1:1:0|0:0:0|0:0:0|0:0:0|3:3:0|0:0:0|0:0:0|2:0:2|2:0:1|0:0:0|2:0:1|1:1:0|0:0:0|2:0:1|0:0:0|4:1:3|1:1:0|1:1:0|0:0:0|0:0:0|0:0:0|0:0:0|1:2:0|3:3:1|3:3:0|0:0:0|2:0:2|0:0:0|2:0:1|1:2:0|2:0:1|4:2:3","0:0:0|2:0:1|2:0:1|1:2:0|3:3:1|4:0:3|1:1:0|2:0:1|2:0:1|0:1:1|1:1:0|0:0:0|0:0:0|0:0:0|0:0:0|2:0:2|0:0:0|1:1:0|0:0:0|0:0:0|0:0:0|3:3:0|0:0:0|0:0:0|4:0:3|2:0:1|0:0:0|2:0:1|1:1:0|0:0:0|2:0:1|0:0:0|4:1:3|1:1:0|1:1:0|0:0:0|0:0:0|0:0:0|0:0:0|1:2:0|3:3:1|3:3:0|0:0:0|2:0:2|0:0:0|2:0:1|1:2:0|2:0:1|4:2:3","0:0:0|2:0:1|2:0:1|1:2:0|3:3:1|4:0:3|1:1:0|2:0:1|2:0:1|0:1:1|1:1:0|0:0:0|0:0:0|0:0:0|0:0:0|2:0:2|0:0:0|1:1:0|0:0:0|0:0:0|0:0:0|3:3:0|0:0:0|0:0:0|4:0:3|2:0:1|0:0:0|2:0:1|1:1:0|0:0:0|2:0:1|0:0:0|4:1:3|1:1:0|1:1:0|0:0:0|0:0:0|0:0:0|0:0:0|1:2:0|3:3:1|3:3:0|0:0:0|2:0:2|0:0:0|2:0:1|1:2:0|2:0:1|4:2:3"
"7x7-p84","7x7-p84-uct-0100","100","1","53","0.946429","1","1","O54","HM","78","78","79","78","1","1","3","2","0","3","0","3","0","0:0:0|2:0:1|2:0:1|1:2:0|3:3:1|4:0:3|1:1:0|2:0:1|2:0:1|0:1:1|1:1:0|0:0:0|0:0:0|0:0:0|0:0:0|2:0:2|0:0:0|1:1:0|0:0:0|0:0:0|0:0:0|3:3:0|0:0:0|0:0:0|4:0:3|2:0:1|0:0:0|2:0:1|1:1:0|0:0:0|2:0:1|0:0:0|4:1:3|1:1:0|1:1:0|0:0:0|0:0:0|0:0:0|0:0:0|1:2:0|3:3:1|3:3:0|0:0:0|2:0:2|0:0:0|2:0:1|1:2:0|2:0:1|4:2:3","0:0:0|2:0:1|2:0:1|1:2:0|3:3:1|4:0:3|1:1:0|2:0:1|2:0:1|0:1:1|1:1:0|0:0:0|0:0:0|0:0:0|0:0:0|2:0:2|0:0:0|1:1:0|0:0:0|0:0:0|0:0:0|3:3:0|0:0:0|0:0:0|4:0:3|2:0:1|0:0:0|2:0:1|1:1:0|0:0:0|2:0:1|0:0:0|4:1:3|1:1:0|1:1:0|0:0:0|0:0:0|0:0:0|0:0:0|1:3:0|3:3:1|3:3:0|0:0:0|2:0:2|0:0:0|2:0:1|1:2:0|2:0:1|4:2:3","0:0:0|2:0:1|2:0:1|1:2:0|3:3:1|4:0:3|1:1:0|2:0:1|2:0:1|1:2:1|1:1:0|0:0:0|0:0:0|0:0:0|0:0:0|2:0:2|0:0:0|1:1:0|0:0:0|0:0:0|0:0:0|3:3:0|0:0:0|0:0:0|4:0:3|2:0:1|0:0:0|2:0:1|1:1:0|0:0:0|2:0:1|0:0:0|4:1:3|1:1:0|1:1:0|0:0:0|0:0:0|0:0:0|0:0:0|3:3:0|3:3:1|3:3:0|0:0:0|2:0:2|0:0:0|2:0:1|1:2:0|2:0:1|4:2:3"
"7x7-p84","7x7-p84-uct-0100","100","1","53","0.946429","3","1","O12","LM","80","78","81","78","0","1","1","1","1","2","1","2","1","0:0:0|2:0:1|2:0:1|1:2:0|3:3:1|4:0:3|1:1:0|2:0:1|2:0:1|0:1:1|1:1:0|0:0:0|0:0:0|0:0:0|0:0:0|2:0:2|0:0:0|1:1:0|0:0:0|0:0:0|0:0:0|3:3:0|0:0:0|0:0:0|4:0:3|2:0:1|0:0:0|2:0:1|1:1:0|0:0:0|2:0:1|0:0:0|4:1:3|1:1:0|1:1:0|0:0:0|0:0:0|0:0:0|0:0:0|1:3:0|3:3:1|3:3:0|0:0:0|2:0:2|0:0:0|2:0:1|1:2:0|2:0:1|4:2:3","0:0:0|2:0:1|2:0:1|1:2:0|3:3:1|4:0:3|1:1:0|2:0:1|2:0:1|1:2:1|1:1:0|0:0:0|0:0:0|0:0:0|0:0:0|2:0:2|0:0:0|1:1:0|0:0:0|0:0:0|0:0:0|3:3:0|0:0:0|0:0:0|4:0:3|2:0:1|0:0:0|2:0:1|1:1:0|0:0:0|2:0:1|0:0:0|4:1:3|1:1:0|1:1:0|0:0:0|0:0:0|0:0:0|0:0:0|3:3:0|3:3:1|3:3:0|0:0:0|2:0:2|0:0:0|2:0:1|1:2:0|2:0:1|4:2:3","0:0:0|2:0:1|2:0:1|1:2:0|3:3:1|4:0:3|1:1:0|2:0:1|2:0:1|1:2:1|1:1:0|0:0:0|0:0:0|0:0:0|0:0:0|2:0:2|0:0:0|1:1:0|0:0:0|0:0:0|0:0:0|3:3:0|0:0:0|0:0:0|4:0:3|2:0:1|0:0:0|2:0:1|1:1:0|0:0:0|2:0:1|0:0:0|4:1:3|1:1:0|1:1:0|0:0:0|0:0:0|0:0:0|0:0:0|3:3:0|3:3:1|3:3:0|0:0:0|2:0:2|0:0:0|2:0:1|1:2:0|2:0:1|4:2:3"
"7x7-p84","7x7-p84-uct-0100","100","1","54","0.964286","2","2","O06","LH","81","79","81","80","1","1","0","1","0","1","1","1","1","0:0:0|2:0:1|2:0:1|1:2:0|3:3:1|4:0:3|1:1:0|2:0:1|2:0:1|1:2:1|1:1:0|0:0:0|0:0:0|0:0:0|0:0:0|2:0:2|0:0:0|1:1:0|0:0:0|0:0:0|0:0:0|3:3:0|0:0:0|0:0:0|4:0:3|2:0:1|0:0:0|2:0:1|1:1:0|0:0:0|2:0:1|0:0:0|4:1:3|1:1:0|1:1:0|0:0:0|0:0:0|0:0:0|0:0:0|3:3:0|3:3:1|3:3:0|0:0:0|2:0:2|0:0:0|2:0:1|1:2:0|2:0:1|4:2:3","0:0:0|2:0:1|2:0:1|1:2:0|3:3:1|4:0:3|1:1:1|2:0:1|2:0:1|1:2:1|1:1:0|0:0:0|0:0:0|0:0:0|0:0:0|2:0:2|0:0:0|1:1:0|0:0:0|0:0:0|0:0:0|3:3:0|0:0:0|0:0:0|4:0:3|2:0:1|0:0:0|2:0:1|1:1:0|0:0:0|2:0:1|0:0:0|4:1:3|1:1:0|1:1:0|0:0:0|0:0:0|0:0:0|0:0:0|3:3:0|3:3:1|3:3:0|0:0:0|2:0:2|0:0:0|2:0:1|1:2:0|2:0:1|4:2:3","0:0:0|2:0:1|2:0:1|1:2:0|3:3:1|4:0:3|0:1:1|2:0:1|2:0:1|1:2:1|1:1:0|0:0:0|0:0:0|0:0:0|0:0:0|2:0:2|0:0:0|1:1:0|0:0:0|0:0:0|0:0:0|3:3:0|0:0:0|0:0:0|4:0:3|2:0:1|0:0:0|2:0:1|1:1:0|0:0:0|2:0:1|0:0:0|4:1:3|1:1:0|1:1:0|0:0:0|0:0:0|0:0:0|0:0:0|3:3:0|3:3:1|3:3:0|0:0:0|4:0:3|0:0:0|2:0:1|1:2:0|2:0:1|4:2:3"
"7x7-p84","7x7-p84-uct-0100","100","1","54","0.964286","3","2","O61","HL","81","80","81","81","2","4","4","0","2","0","3","0","3","0:0:0|2:0:1|2:0:1|1:2:0|3:3:1|4:0:3|1:1:1|2:0:1|2:0:1|1:2:1|1:1:0|0:0:0|0:0:0|0:0:0|0:0:0|2:0:2|0:0:0|1:1:0|0:0:0|0:0:0|0:0:0|3:3:0|0:0:0|0:0:0|4:0:3|2:0:1|0:0:0|2:0:1|1:1:0|0:0:0|2:0:1|0:0:0|4:1:3|1:1:0|1:1:0|0:0:0|0:0:0|0:0:0|0:0:0|3:3:0|3:3:1|3:3:0|0:0:0|2:0:2|0:0:0|2:0:1|1:2:0|2:0:1|4:2:3","0:0:0|2:0:1|2:0:1|1:2:0|3:3:1|4:0:3|0:1:1|2:0:1|2:0:1|1:2:1|1:1:0|0:0:0|0:0:0|0:0:0|0:0:0|2:0:2|0:0:0|1:1:0|0:0:0|0:0:0|0:0:0|3:3:0|0:0:0|0:0:0|4:0:3|2:0:1|0:0:0|2:0:1|1:1:0|0:0:0|2:0:1|0:0:0|4:1:3|1:1:0|1:1:0|0:0:0|0:0:0|0:0:0|0:0:0|3:3:0|3:3:1|3:3:0|0:0:0|4:0:3|0:0:0|2:0:1|1:2:0|2:0:1|4:2:3","0:0:0|2:0:1|2:0:1|1:2:0|3:3:1|4:0:3|0:1:1|2:0:1|2:0:1|1:2:1|1:1:0|0:0:0|0:0:0|0:0:0|0:0:0|2:0:2|0:0:0|1:1:0|0:0:0|0:0:0|0:0:0|3:3:0|0:0:0|0:0:0|4:0:3|2:0:1|0:0:0|2:0:1|1:1:0|0:0:0|2:0:1|0:0:0|4:1:3|1:1:0|1:1:0|0:0:0|0:0:0|0:0:0|0:0:0|3:3:0|3:3:1|3:3:0|0:0:0|4:0:3|0:0:0|2:0:1|1:2:0|2:0:1|4:2:3"
"7x7-p84","7x7-p84-uct-0100","100","1","55","0.982143","1","1","O12","LM","81","81","82","81","1","1","3","2","1","3","1","3","1","0:0:0|2:0:1|2:0:1|1:2:0|3:3:1|4:0:3|0:1:1|2:0:1|2:0:1|1:2:1|1:1:0|0:0:0|0:0:0|0:0:0|0:0:0|2:0:2|0:0:0|1:1:0|0:0:0|0:0:0|0:0:0|3:3:0|0:0:0|0:0:0|4:0:3|2:0:1|0:0:0|2:0:1|1:1:0|0:0:0|2:0:1|0:0:0|4:1:3|1:1:0|1:1:0|0:0:0|0:0:0|0:0:0|0:0:0|3:3:0|3:3:1|3:3:0|0:0:0|4:0:3|0:0:0|2:0:1|1:2:0|2:0:1|4:2:3","0:0:0|2:0:1|2:0:1|1:2:0|3:3:1|4:0:3|0:1:1|2:0:1|2:0:1|1:3:1|1:1:0|0:0:0|0:0:0|0:0:0|0:0:0|2:0:2|0:0:0|1:1:0|0:0:0|0:0:0|0:0:0|3:3:0|0:0:0|0:0:0|4:0:3|2:0:1|0:0:0|2:0:1|1:1:0|0:0:0|2:0:1|0:0:0|4:1:3|1:1:0|1:1:0|0:0:0|0:0:0|0:0:0|0:0:0|3:3:0|3:3:1|3:3:0|0:0:0|4:0:3|0:0:0|2:0:1|1:2:0|2:0:1|4:2:3","0:0:0|2:0:1|2:0:1|1:2:0|3:3:1|4:0:3|0:1:1|2:0:1|2:0:1|3:3:1|1:1:0|0:0:0|0:0:0|0:0:0|0:0:0|2:0:2|0:0:0|1:1:0|0:0:0|0:0:0|0:0:0|3:3:0|0:0:0|0:0:0|4:0:3|2:0:1|0:0:0|2:0:1|1:1:0|0:0:0|2:0:1|0:0:0|4:1:3|1:1:0|1:1:0|0:0:0|0:0:0|0:0:0|0:0:0|3:3:0|3:3:1|3:3:0|0:0:0|4:0:3|1:1:0|2:0:1|1:2:0|2:0:1|4:2:3"
"7x7-p84","7x7-p84-uct-0100","100","1","55","0.982143","3","1","O62","HM","83","81","84","81","0","1","1","0","0","1","0","1","0","0:0:0|2:0:1|2:0:1|1:2:0|3:3:1|4:0:3|0:1:1|2:0:1|2:0:1|1:3:1|1:1:0|0:0:0|0:0:0|0:0:0|0:0:0|2:0:2|0:0:0|1:1:0|0:0:0|0:0:0|0:0:0|3:3:0|0:0:0|0:0:0|4:0:3|2:0:1|0:0:0|2:0:1|1:1:0|0:0:0|2:0:1|0:0:0|4:1:3|1:1:0|1:1:0|0:0:0|0:0:0|0:0:0|0:0:0|3:3:0|3:3:1|3:3:0|0:0:0|4:0:3|0:0:0|2:0:1|1:2:0|2:0:1|4:2:3","0:0:0|2:0:1|2:0:1|1:2:0|3:3:1|4:0:3|0:1:1|2:0:1|2:0:1|3:3:1|1:1:0|0:0:0|0:0:0|0:0:0|0:0:0|2:0:2|0:0:0|1:1:0|0:0:0|0:0:0|0:0:0|3:3:0|0:0:0|0:0:0|4:0:3|2:0:1|0:0:0|2:0:1|1:1:0|0:0:0|2:0:1|0:0:0|4:1:3|1:1:0|1:1:0|0:0:0|0:0:0|0:0:0|0:0:0|3:3:0|3:3:1|3:3:0|0:0:0|4:0:3|1:1:0|2:0:1|1:2:0|2:0:1|4:2:3","0:0:0|2:0:1|2:0:1|1:2:0|3:3:1|4:0:3|0:1:1|2:0:1|2:0:1|3:3:1|1:1:0|0:0:0|0:0:0|0:0:0|0:0:0|2:0:2|0:0:0|1:1:0|0:0:0|0:0:0|0:0:0|3:3:0|0:0:0|0:0:0|4:0:3|2:0:1|0:0:0|2:0:1|1:1:0|0:0:0|2:0:1|0:0:0|4:1:3|1:1:0|1:1:0|0:0:0|0:0:0|0:0:0|0:0:0|3:3:0|3:3:1|3:3:0|0:0:0|4:0:3|1:1:0|2:0:1|1:2:0|2:0:1|4:2:3"
"7x7-p84","7x7-p84-uct-0100","100","1","56","1.000000","1","2","O21","ML","84","81","84","82","2","2","4","0","2","0","3","0","3","0:0:0|2:0:1|2:0:1|1:2:0|3:3:1|4:0:3|0:1:1|2:0:1|2:0:1|3:3:1|1:1:0|0:0:0|0:0:0|0:0:0|0:0:0|2:0:2|0:0:0|1:1:0|0:0:0|0:0:0|0:0:0|3:3:0|0:0:0|0:0:0|4:0:3|2:0:1|0:0:0|2:0:1|1:1:0|0:0:0|2:0:1|0:0:0|4:1:3|1:1:0|1:1:0|0:0:0|0:0:0|0:0:0|0:0:0|3:3:0|3:3:1|3:3:0|0:0:0|4:0:3|1:1:0|2:0:1|1:2:0|2:0:1|4:2:3","0:0:0|2:0:1|2:0:1|1:2:0|3:3:1|4:0:3|0:1:1|2:0:1|2:0:1|3:3:1|1:1:0|0:0:0|0:0:0|0:0:0|0:0:0|2:0:3|0:0:0|1:1:0|0:0:0|0:0:0|0:0:0|3:3:0|0:0:0|0:0:0|4:0:3|2:0:1|0:0:0|2:0:1|1:1:0|0:0:0|2:0:1|0:0:0|4:1:3|1:1:0|1:1:0|0:0:0|0:0:0|0:0:0|0:0:0|3:3:0|3:3:1|3:3:0|0:0:0|4:0:3|1:1:0|2:0:1|1:2:0|2:0:1|4:2:3","0:0:0|2:0:1|2:0:1|1:2:0|3:3:1|4:0:3|0:1:1|2:0:1|2:0:1|3:3:1|1:1:0|0:0:0|0:0:0|0:0:0|0:0:0|4:0:3|0:0:0|1:1:0|0:0:0|0:0:0|0:0:0|3:3:0|0:0:0|0:0:0|4:0:3|2:0:1|0:0:0|2:0:1|1:1:0|0:0:0|2:0:1|0:0:0|4:1:3|1:1:0|1:1:0|0:0:0|0:0:0|0:0:0|0:0:0|3:3:0|3:3:1|3:3:0|0:0:0|4:0:3|1:1:0|2:0:1|1:2:0|2:0:2|4:2:3"
"7x7-p84","7x7-p84-uct-0100","100","1","56","1.000000","2","2","O65","HH","84","82","84","83","2","2","2","0","1","0","2","0","2","0:0:0|2:0:1|2:0:1|1:2:0|3:3:1|4:0:3|0:1:1|2:0:1|2:0:1|3:3:1|1:1:0|0:0:0|0:0:0|0:0:0|0:0:0|2:0:3|0:0:0|1:1:0|0:0:0|0:0:0|0:0:0|3:3:0|0:0:0|0:0:0|4:0:3|2:0:1|0:0:0|2:0:1|1:1:0|0:0:0|2:0:1|0:0:0|4:1:3|1:1:0|1:1:0|0:0:0|0:0:0|0:0:0|0:0:0|3:3:0|3:3:1|3:3:0|0:0:0|4:0:3|1:1:0|2:0:1|1:2:0|2:0:1|4:2:3","0:0:0|2:0:1|2:0:1|1:2:0|3:3:1|4:0:3|0:1:1|2:0:1|2:0:1|3:3:1|1:1:0|0:0:0|0:0:0|0:0:0|0:0:0|2:0:3|0:0:0|1:1:0|0:0:0|0:0:0|0:0:0|3:3:0|0:0:0|0:0:0|4:0:3|2:0:1|0:0:0|2:0:1|1:1:0|0:0:0|2:0:1|0:0:0|4:1:3|1:1:0|1:1:0|0:0:0|0:0:0|0:0:0|0:0:0|3:3:0|3:3:1|3:3:0|0:0:0|4:0:3|1:1:0|2:0:1|1:2:0|2:0:2|4:2:3","0:0:0|2:0:1|2:0:1|1:2:0|3:3:1|4:0:3|0:1:1|2:0:1|2:0:1|3:3:1|1:1:0|0:0:0|0:0:0|0:0:0|0:0:0|4:0:3|0:0:0|1:1:0|0:0:0|0:0:0|0:0:0|3:3:0|0:0:0|0:0:0|4:0:3|2:0:1|0:0:0|2:0:1|1:1:0|0:0:0|2:0:1|0:0:0|4:1:3|1:1:0|1:1:0|0:0:0|0:0:0|0:0:0|0:0:0|3:3:0|3:3:1|3:3:0|0:0:0|4:0:3|1:1:0|2:0:1|1:2:0|2:0:2|4:2:3"
"7x7-p84","7x7-p84-uct-0500","500","1","5","0.089286","1","1","O04","LM","6","6","7","6","0","0","1","0","0","1","0","1","0","0:0:0|0:0:0|0:0:0|0:0:0|0:0:0|0:0:0|0:0:0|0:0:0|0:0:0|0:0:0|0:0:0|0:0:0|0:0:0|0:0:0|0:0:0|0:0:0|0:0:0|0:0:0|0:0:0|0:0:0|0:0:0|0:0:0|0:0:0|0:0:0|0:0:0|0:0:0|0:0:0|0:0:0|0:0:0|0:0:0|0:0:0|0:0:0|0:0:0|0:0:0|0:0:0|0:0:0|0:0:0|0:0:0|0:0:0|0:0:0|0:0:0|0:0:0|0:0:0|0:0:0|0:0:0|0:0:0|0:0:0|0:0:0|0:0:0","0:0:0|0:0:0|0:0:0|0:0:0|0:1:0|0:0:0|0:0:0|0:0:0|0:0:0|0:0:0|0:0:0|0:0:0|0:0:0|0:0:0|0:0:0|0:0:0|0:0:0|0:0:0|0:0:0|0:0:0|0:0:0|0:0:0|0:0:0|0:0:0|0:0:0|0:0:0|0:0:0|0:0:0|0:0:0|0:0:0|0:0:0|0:0:0|0:0:0|0:0:0|0:0:0|0:0:0|0:0:0|0:0:0|0:0:0|0:0:0|0:0:0|0:0:0|0:0:0|0:0:0|0:0:0|0:0:0|0:0:0|0:0:0|0:0:0","0:0:0|0:0:0|0:0:0|0:0:0|1:1:0|0:0:0|0:0:0|0:0:0|0:0:0|0:0:0|0:0:0|0:0:0|0:0:0|0:0:0|0:0:0|0:0:0|0:0:0|0:0:0|0:0:0|0:0:0|0:0:0|0:0:0|0:0:0|0:0:0|0:0:0|0:0:0|0:0:0|0:0:0|0:0:0|0:0:0|0:0:0|0:0:0|0:0:0|0:0:0|1:1:0|0:0:0|0:0:0|0:0:0|0:0:0|0:0:0|0:0:0|0:0:0|0:0:0|0:0:0|0:0:0|0:0:0|0:0:0|0:0:0|0:0:0"
"7x7-p84","7x7-p84-uct-0500","500","1","5","0.089286","3","1","O46","MH","8","6","9","6","0","1","1","0","0","1","0","1","0","0:0:0|0:0:0|0:0:0|0:0:0|0:1:0|0:0:0|0:0:0|0:0:0|0:0:0|0:0:0|0:0:0|0:0:0|0:0:0|0:0:0|0:0:0|0:0:0|0:0:0|0:0:0|0:0:0|0:0:0|0:0:0|0:0:0|0:0:0|0:0:0|0:0:0|0:0:0|0:0:0|0:0:0|0:0:0|0:0:0|0:0:0|0:0:0|0:0:0|0:0:0|0:0:0|0:0:0|0:0:0|0:0:0|0:0:0|0:0:0|0:0:0|0:0:0|0:0:0|0:0:0|0:0:0|0:0:0|0:0:0|0:0:0|0:0:0","0:0:0|0:0:0|0:0:0|0:0:0|1:1:0|0:0:0|0:0:0|0:0:0|0:0:0|0:0:0|0:0:0|0:0:0|0:0:0|0:0:0|0:0:0|0:0:0|0:0:0|0:0:0|0:0:0|0:0:0|0:0:0|0:0:0|0:0:0|0:0:0|0:0:0|0:0:0|0:0:0|0:0:0|0:0:0|0:0:0|0:0:0|0:0:0|0:0:0|0:0:0|1:1:0|0:0:0|0:0:0|0:0:0|0:0:0|0:0:0|0:0:0|0:0:0|0:0:0|0:0:0|0:0:0|0:0:0|0:0:0|0:0:0|0:0:0","0:0:0|0:0:0|0:0:0|0:0:0|1:1:0|0:0:0|0:0:0|0:0:0|0:0:0|0:0:0|0:0:0|0:0:0|0:0:0|0:0:0|0:0:0|0:0:0|0:0:0|0:0:0|0:0:0|0:0:0|0:0:0|0:0:0|0:0:0|0:0:0|0:0:0|0:0:0|0:0:0|0:0:0|0:0:0|0:0:0|0:0:0|0:0:0|0:0:0|0:0:0|1:1:0|0:0:0|0:0:0|0:0:0|0:0:0|0:0:0|0:0:0|0:0:0|0:0:0|0:0:0|0:0:0|0:0:0|0:0:0|0:0:0|0:0:0"
"7x7-p84","7x7-p84-uct-0500","500","1","6","0.107143","1","2","O44","MM","9","6","9","7","0","0","2","0","0","0","1","0","1","0:0:0|0:0:0|0:0:0|0:0:0|1:1:0|0:0:0|0:0:0|0:0:0|0:0:0|0:0:0|0:0:0|0:0:0|0:0:0|0:0:0|0:0:0|0:0:0|0:0:0|0:0:0|0:0:0|0:0:0|0:0:0|0:0:0|0:0:0|0:0:0|0:0:0|0:0:0|0:0:0|0:0:0|0:0:0|0:0:0|0:0:0|0:0:0|0:0:0|0:0:0|1:1:0|0:0:0|0:0:0|0:0:0|0:0:0|0:0:0|0:0:0|0:0:0|0:0:0|0:0:0|0:0:0|0:0:0|0:0:0|0:0:0|0:0:0","0:0:0|0:0:0|0:0:0|0:0:0|1:1:0|0:0:0|0:0:0|0:0:0|0:0:0|0:0:0|0:0:0|0:0:0|0:0:0|0:0:0|0:0:0|0:0:0|0:0:0|0:0:0|0:0:0|0:0:0|0:0:0|0:0:0|0:0:0|0:0:0|0:0:0|0:0:0|0:0:0|0:0:0|0:0:0|0:0:0|0:0:0|0:0:0|0:0:1|0:0:0|1:1:0|0:0:0|0:0:0|0:0:0|0:0:0|0:0:0|0:0:0|0:0:0|0:0:0|0:0:0|0:0:0|0:0:0|0:0:0|0:0:0|0:0:0","0:0:0|0:0:0|0:0:0|0:0:0|1:1:0|0:0:0|0:0:0|0:0:0|0:0:0|0:0:0|0:0:0|0:0:0|0:0:0|0:0:0|0:0:0|0:0:0|0:0:0|0:0:0|0:0:0|0:0:0|0:0:0|0:0:0|0:0:0|0:0:0|0:0:0|0:0:0|0:0:0|0:0:0|0:0:0|0:0:0|0:0:0|0:0:0|2:0:1|0:0:0|1:1:0|0:0:0|0:0:0|0:0:0|0:0:0|0:0:0|0:0:0|0:0:0|0:0:0|0:0:0|0:0:0|0:0:0|0:0:0|0:0:0|0:0:0"
"7x7-p84","7x7-p84-uct-0500","500","1","7","0.125000","1","1","O54","HM","9","9","10","9","0","0","1","0","0","1","0","1","0","0:0:0|0:0:0|0:0:0|0:0:0|1:1:0|0:0:0|0:0:0|0:0:0|0:0:0|0:0:0|0:0:0|0:0:0|0:0:0|0:0:0|0:0:0|0:0:0|0:0:0|0:0:0|0:0:0|0:0:0|0:0:0|0:0:0|0:0:0|0:0:0|0:0:0|0:0:0|0:0:0|0:0:0|0:0:0|0:0:0|0:0:0|0:0:0|2:0:1|0:0:0|1:1:0|0:0:0|0:0:0|0:0:0|0:0:0|0:0:0|0:0:0|0:0:0|0:0:0|0:0:0|0:0:0|0:0:0|0:0:0|0:0:0|0:0:0","0:0:0|0:0:0|0:0:0|0:0:0|1:1:0|0:0:0|0:0:0|0:0:0|0:0:0|0:0:0|0:0:0|0:0:0|0:0:0|0:0:0|0:0:0|0:0:0|0:0:0|0:0:0|0:0:0|0:0:0|0:0:0|0:0:0|0:0:0|0:0:0|0:0:0|0:0:0|0:0:0|0:0:0|0:0:0|0:0:0|0:0:0|0:0:0|2:0:1|0:0:0|1:1:0|0:0:0|0:0:0|0:0:0|0:0:0|0:1:0|0:0:0|0:0:0|0:0:0|0:0:0|0:0:0|0:0:0|0:0:0|0:0:0|0:0:0","0:0:0|1:1:0|0:0:0|0:0:0|1:1:0|0:0:0|0:0:0|0:0:0|0:0:0|0:0:0|0:0:0|0:0:0|0:0:0|0:0:0|0:0:0|0:0:0|0:0:0|0:0:0|0:0:0|0:0:0|0:0:0|0:0:0|0:0:0|0:0:0|0:0:0|0:0:0|0:0:0|0:0:0|0:0:0|0:0:0|0:0:0|0:0:0|2:0:1|0:0:0|1:1:0|0:0:0|0:0:0|0:0:0|0:0:0|1:1:0|0:0:0|0:0:0|0:0:0|0:0:0|0:0:0|0:0:0|0:0:0|0:0:0|0:0:0"
"7x7-p84","7x7-p84-uct-0500","500","1","7","0.125000","2","1","O01","LL","10","9","11","9","0","0","1","0","0","1","0","1","0","0:0:0|0:0:0|0:0:0|0:0:0|1:1:0|0:0:0|0:0:0|0:0:0|0:0:0|0:0:0|0:0:0|0:0:0|0:0:0|0:0:0|0:0:0|0:0:0|0:0:0|0:0:0|0:0:0|0:0:0|0:0:0|0:0:0|0:0:0|0:0:0|0:0:0|0:0:0|0:0:0|0:0:0|0:0:0|0:0:0|0:0:0|0:0:0|2:0:1|0:0:0|1:1:0|0:0:0|0:0:0|0:0:0|0:0:0|0:1:0|0:0:0|0:0:0|0:0:0|0:0:0|0:0:0|0:0:0|0:0:0|0:0:0|0:0:0","0:0:0|0:1:0|0:0:0|0:0:0|1:1:0|0:0:0|0:0:0|0:0:0|0:0:0|0:0:0|0:0:0|0:0:0|0:0:0|0:0:0|0:0:0|0:0:0|0:0:0|0:0:0|0:0:0|0:0:0|0:0:0|0:0:0|0:0:0|0:0:0|0:0:0|0:0:0|0:0:0|0:0:0|0:0:0|0:0:0|0:0:0|0:0:0|2:0:1|0:0:0|1:1:0|0:0:0|0:0:0|0:0:0|0:0:0|0:1:0|0:0:0|0:0:0|0:0:0|0:0:0|0:0:0|0:0:0|0:0:0|0:0:0|0:0:0","0:0:0|1:1:0|0:0:0|0:0:0|1:1:0|0:0:0|0:0:0|0:0:0|0:0:0|0:0:0|0:0:0|0:0:0|0:0:0|0:0:0|0:0:0|0:0:0|0:0:0|0:0:0|0:0:0|0:0:0|0:0:0|0:0:0|0:0:0|0:0:0|0:0:0|0:0:0|0:0:0|0:0:0|0:0:0|0:0:0|0:0:0|0:0:0|2:0:1|0:0:0|1:1:0|0:0:0|0:0:0|0:0:0|0:0:0|1:1:0|0:0:0|0:0:0|0:0:0|0:0:0|0:0:0|0:0:0|0:0:0|0:0:0|0:0:0"
"7x7-p84","7x7-p84-uct-0500","500","1","10","0.178571","1","2","O44","MM","15","12","15","13","2","2","2","0","1","0","2","0","2","0:0:0|1:1:0|0:0:0|0:0:0|1:1:0|0:0:0|0:0:0|0:0:0|0:0:0|0:0:0|0:0:0|0:0:0|0:0:0|0:0:0|0:0:0|0:0:0|0:0:0|0:0:0|0:0:0|0:0:0|0:0:0|0:0:0|0:0:0|0:0:0|0:0:0|0:0:0|0:0:0|0:0:0|0:0:0|0:0:0|0:0:0|0:0:0|2:0:1|0:0:0|1:1:0|0:0:0|0:0:0|0:0:0|0:0:0|1:1:0|0:0:0|0:0:0|0:0:0|0:0:0|0:0:0|0:0:0|0:0:0|0:0:0|0:0:0","0:0:0|1:1:0|0:0:0|0:0:0|1:1:0|0:0:0|0:0:0|0:0:0|0:0:0|0:0:0|0:0:0|0:0:0|0:0:0|0:0:0|0:0:0|0:0:0|0:0:0|0:0:0|0:0:0|0:0:0|0:0:0|0:0:0|0:0:0|0:0:0|0:0:0|0:0:0|0:0:0|0:0:0|0:0:0|0:0:0|0:0:0|0:0:0|2:0:2|0:0:0|1:1:0|0:0:0|0:0:0|0:0:0|0:0:0|1:1:0|0:0:0|0:0:0|0:0:0|0:0:0|0:0:0|0:0:0|0:0:0|0:0:0|0:0:0","0:0:0|1:1:0|0:0:0|0:0:0|0:1:1|0:0:0|0:0:0|0:0:0|0:0:0|0:0:0|0:0:0|0:0:0|0:0:0|0:0:0|0:0:0|0:0:0|0:0:0|0:0:0|0:0:0|0:0:0|0:0:0|0:0:0|0:0:0|0:0:0|0:0:0|0:0:0|0:0:0|0:0:0|0:0:0|0:0:0|0:0:0|0:0:0|2:0:2|0:0:0|1:1:0|0:0:0|0:0:0|0:0:0|0:0:0|1:1:0|0:0:0|0:0:0|0:0:0|0:0:0|0:0:0|0:0:0|0:0:0|0:0:0|0:0:0"
"7x7-p84","7x7-p84-uct-0500","500","1","10","0.178571","3","2","O04","LM","15","14","15","15","1","0","0","1","0","1","1","1","1","0:0:0|1:1:0|0:0:0|0:0:0|1:1:0|0:0:0|0:0:0|0:0:0|0:0:0|0:0:0|0:0:0|0:0:0|0:0:0|0:0:0|0:0:0|0:0:0|0:0:0|0:0:0|0:0:0|0:0:0|0:0:0|0:0:0|0:0:0|0:0:0|0:0:0|0:0:0|0:0:0|0:0:0|0:0:0|0:0:0|0:0:0|0:0:0|2:0:2|0:0:0|1:1:0|0:0:0|0:0:0|0:0:0|0:0:0|1:1:0|0:0:0|0:0:0|0:0:0|0:0:0|0:0:0|0:0:0|0:0:0|0:0:0|0:0:0","0:0:0|1:1:0|0:0:0|0:0:0|0:1:1|0:0:0|0:0:0|0:0:0|0:0:0|0:0:0|0:0:0|0:0:0|0:0:0|0:0:0|0:0:0|0:0:0|0:0:0|0:0:0|0:0:0|0:0:0|0:0:0|0:0:0|0:0:0|0:0:0|0:0:0|0:0:0|0:0:0|0:0:0|0:0:0|0:0:0|0:0:0|0:0:0|2:0:2|0:0:0|1:1:0|0:0:0|0:0:0|0:0:0|0:0:0|1:1:0|0:0:0|0:0:0|0:0:0|0:0:0|0:0:0|0:0:0|0:0:0|0:0:0|0:0:0","0:0:0|1:1:0|0:0:0|0:0:0|0:1:1|0:0:0|0:0:0|0:0:0|0:0:0|0:0:0|0:0:0|0:0:0|0:0:0|0:0:0|0:0:0|0:0:0|0:0:0|0:0:0|0:0:0|0:0:0|0:0:0|0:0:0|0:0:0|0:0:0|0:0:0|0:0:0|0:0:0|0:0:0|0:0:0|0:0:0|0:0:0|0:0:0|2:0:2|0:0:0|1:1:0|0:0:0|0:0:0|0:0:0|0:0:0|1:1:0|0:0:0|0:0:0|0:0:0|0:0:0|0:0:0|0:0:0|0:0:0|0:0:0|0:0:0"
"7x7-p84","7x7-p84-uct-0500","500","1","11","0.196429","2","1","O10","LL","16","15","17","15","0","0","1","0","0","1","0","1","0","0:0:0|1:1:0|0:0:0|0:0:0|0:1:1|0:0:0|0:0:0|0:0:0|0:0:0|0:0:0|0:0:0|0:0:0|0:0:0|0:0:0|0:0:0|0:0:0|0:0:0|0:0:0|0:0:0|0:0:0|0:0:0|0:0:0|0:0:0|0:0:0|0:0:0|0:0:0|0:0:0|0:0:0|0:0:0|0:0:0|0:0:0|0:0:0|2:0:2|0:0:0|1:1:0|0:0:0|0:0:0|0:0:0|0:0:0|1:1:0|0:0:0|0:0:0|0:0:0|0:0:0|0:0:0|0:0:0|0:0:0|0:0:0|0:0:0","0:0:0|1:1:0|0:0:0|0:0:0|0:1:1|0:0:0|0:0:0|0:1:0|0:0:0|0:0:0|0:0:0|0:0:0|0:0:0|0:0:0|0:0:0|0:0:0|0:0:0|0:0:0|0:0:0|0:0:0|0:0:0|0:0:0|0:0:0|0:0:0|0:0:0|0:0:0|0:0:0|0:0:0|0:0:0|0:0:0|0:0:0|0:0:0|2:0:2|0:0:0|1:1:0|0:0:0|0:0:0|0:0:0|0:0:0|1:1:0|0:0:0|0:0:0|0:0:0|0:0:0|0:0:0|0:0:0|0:0:0|0:0:0|0:0:0","0:0:0|1:1:0|0:0:0|0:0:0|0:1:1|0:0:0|0:0:0|1:1:0|0:0:0|0:0:0|0:0:0|0:0:0|0:0:0|0:0:0|0:0:0|0:0:0|0:0:0|0:0:0|0:0:0|0:0:0|0:0:0|0:0:0|0:0:0|0:0:0|0:0:0|0:0:0|0:0:0|0:0:0|0:0:0|0:0:0|0:0:0|0:0:0|2:0:2|0:0:0|1:1:0|0:0:0|0:0:0|0:0:0|0:0:0|1:1:0|0:0:0|0:0:0|0:0:0|0:0:0|0:0:0|0:0:0|0:0:0|0:0:0|0:0:0"
"7x7-p84","7x7-p84-uct-0500","500","1","12","0.214286","1","2","O54","HM","18","15","18","16","1","1","0","1","0","1","1","1","1","0:0:0|1:1:0|0:0:0|0:0:0|0:1:1|0:0:0|0:0:0|1:1:0|0:0:0|0:0:0|0:0:0|0:0:0|0:0:0|0:0:0|0:0:0|0:0:0|0:0:0|0:0:0|0:0:0|0:0:0|0:0:0|0:0:0|0:0:0|0:0:0|0:0:0|0:0:0|0:0:0|0:0:0|0:0:0|0:0:0|0:0:0|0:0:0|2:0:2|0:0:0|1:1:0|0:0:0|0:0:0|0:0:0|0:0:0|1:1:0|0:0:0|0:0:0|0:0:0|0:0:0|0:0:0|0:0:0|0:0:0|0:0:0|0:0:0","0:0:0|1:1:0|0:0:0|0:0:0|0:1:1|0:0:0|0:0:0|1:1:0|0:0:0|0:0:0|0:0:0|0:0:0|0:0:0|0:0:0|0:0:0|0:0:0|0:0:0|0:0:0|0:0:0|0:0:0|0:0:0|0:0:0|0:0:0|0:0:0|0:0:0|0:0:0|0:0:0|0:0:0|0:0:0|0:0:0|0:0:0|0:0:0|2:0:2|0:0:0|1:1:0|0:0:0|0:0:0|0:0:0|0:0:0|1:1:1|0:0:0|0:0:0|0:0:0|0:0:0|0:0:0|0:0:0|0:0:0|0:0:0|0:0:0","0:0:0|1:1:0|0:0:0|2:0:1|0:1:1|0:0:0|0:0:0|1:1:0|0:0:0|0:0:0|0:0:0|0:0:0|0:0:0|0:0:0|0:0:0|0:0:0|0:0:0|0:0:0|0:0:0|0:0:0|0:0:0|0:0:0|0:0:0|0:0:0|0:0:0|0:0:0|0:0:0|0:0:0|0:0:0|0:0:0|0:0:0|0:0:0|2:0:2|0:0:0|1:1:0|0:0:0|0:0:0|0:0:0|0:0:0|0:1:1|0:0:0|0:0:0|0:0:0|0:0:0|0:0:0|0:0:0|0:0:0|0:0:0|0:0:0"
"7x7-p84","7x7-p84-uct-0500","500","1","12","0.214286","3","2","O03","LM","18","17","18","18","0","2","2","0","0","0","1","0","1","0:0:0|1:1:0|0:0:0|0:0:0|0:1:1|0:0:0|0:0:0|1:1:0|0:0:0|0:0:0|0:0:0|0:0:0|0:0:0|0:0:0|0:0:0|0:0:0|0:0:0|0:0:0|0:0:0|0:0:0|0:0:0|0:0:0|0:0:0|0:0:0|0:0:0|0:0:0|0:0:0|0:0:0|0:0:0|0:0:0|0:0:0|0:0:0|2:0:2|0:0:0|1:1:0|0:0:0|0:0:0|0:0:0|0:0:0|1:1:1|0:0:0|0:0:0|0:0:0|0:0:0|0:0:0|0:0:0|0:0:0|0:0:0|0:0:0","0:0:0|1:1:0|0:0:0|2:0:1|0:1:1|0:0:0|0:0:0|1:1:0|0:0:0|0:0:0|0:0:0|0:0:0|0:0:0|0:0:0|0:0:0|0:0:0|0:0:0|0:0:0|0:0:0|0:0:0|0:0:0|0:0:0|0:0:0|0:0:0|0:0:0|0:0:0|0:0:0|0:0:0|0:0:0|0:0:0|0:0:0|0:0:0|2:0:2|0:0:0|1:1:0|0:0:0|0:0:0|0:0:0|0:0:0|0:1:1|0:0:0|0:0:0|0:0:0|0:0:0|0:0:0|0:0:0|0:0:0|0:0:0|0:0:0","0:0:0|1:1:0|0:0:0|2:0:1|0:1:1|0:0:0|0:0:0|1:1:0|0:0:0|0:0:0|0:0:0|0:0:0|0:0:0|0:0:0|0:0:0|0:0:0|0:0:0|0:0:0|0:0:0|0:0:0|0:0:0|0:0:0|0:0:0|0:0:0|0:0:0|0:0:0|0:0:0|0:0:0|0:0:0|0:0:0|0:0:0|0:0:0|2:0:2|0:0:0|1:1:0|0:0:0|0:0:0|0:0:0|0:0:0|0:1:1|0:0:0|0:0:0|0:0:0|0:0:0|0:0:0|0:0:0|0:0:0|0:0:0|0:0:0"
"7x7-p84","7x7-p84-uct-0500","500","1","13","0.232143","2","1","O64","HM","19","18","20","18","0","0","1","0","0","1","0","1","0","0:0:0|1:1:0|0:0:0|2:0:1|0:1:1|0:0:0|0:0:0|1:1:0|0:0:0|0:0:0|0:0:0|0:0:0|0:0:0|0:0:0|0:0:0|0:0:0|0:0:0|0:0:0|0:0:0|0:0:0|0:0:0|0:0:0|0:0:0|0:0:0|0:0:0|0:0:0|0:0:0|0:0:0|0:0:0|0:0:0|0:0:0|0:0:0|2:0:2|0:0:0|1:1:0|0:0:0|0:0:0|0:0:0|0:0:0|0:1:1|0:0:0|0:0:0|0:0:0|0:0:0|0:0:0|0:0:0|0:0:0|0:0:0|0:0:0","0:0:0|1:1:0|0:0:0|2:0:1|0:1:1|0:0:0|0:0:0|1:1:0|0:0:0|0:0:0|0:0:0|0:0:0|0:0:0|0:0:0|0:0:0|0:0:0|0:0:0|0:0:0|0:0:0|0:0:0|0:0:0|0:0:0|0:0:0|0:0:0|0:0:0|0:0:0|0:0:0|0:0:0|0:0:0|0:0:0|0:0:0|0:0:0|2:0:2|0:0:0|1:1:0|0:0:0|0:0:0|0:0:0|0:0:0|0:1:1|0:0:0|0:0:0|0:0:0|0:0:0|0:0:0|0:0:0|0:1:0|0:0:0|0:0:0","0:0:0|1:1:0|0:0:0|2:0:1|0:1:1|0:0:0|0:0:0|1:1:0|0:0:0|0:0:0|0:0:0|0:0:0|0:0:0|0:0:0|0:0:0|0:0:0|0:0:0|0:0:0|0:0:0|0:0:0|0:0:0|0:0:0|0:0:0|0:0:0|0:0:0|0:0:0|0:0:0|0:0:0|0:0:0|0:0:0|0:0:0|0:0:0|2:0:2|0:0:0|1:1:0|0:0:0|0:0:0|0:0:0|0:0:0|0:1:1|0:0:0|0:0:0|0:0:0|0:0:0|0:0:0|0:0:0|1:1:0|0:0:0|0:0:0"
"7x7-p84","7x7-p84-uct-0500","500","1","14","0.250000","1","2","O15","LH","21","18","21","19","0","0","2","0","0","0","1","0","1","0:0:0|1:1:0|0:0:0|2:0:1|0:1:1|0:0:0|0:0:0|1:1:0|0:0:0|0:0:0|0:0:0|0:0:0|0:0:0|0:0:0|0:0:0|0:0:0|0:0:0|0:0:0|0:0:0|0:0:0|0:0:0|0:0:0|0:0:0|0:0:0|0:0:0|0:0:0|0:0:0|0:0:0|0:0:0|0:0:0|0:0:0|0:0:0|2:0:2|0:0:0|1:1:0|0:0:0|0:0:0|0:0:0|0:0:0|0:1:1|0:0:0|0:0:0|0:0:0|0:0:0|0:0:0|0:0:0|1:1:0|0:0:0|0:0:0","0:0:0|1:1:0|0:0:0|2:0:1|0:1:1|0:0:0|0:0:0|1:1:0|0:0:0|0:0:0|0:0:0|0:0:0|0:0:1|0:0:0|0:0:0|0:0:0|0:0:0|0:0:0|0:0:0|0:0:0|0:0:0|0:0:0|0:0:0|0:0:0|0:0:0|0:0:0|0:0:0|0:0:0|0:0:0|0:0:0|0:0:0|0:0:0|2:0:2|0:0:0|1:1:0|0:0:0|0:0:0|0:0:0|0:0:0|0:1:1|0:0:0|0:0:0|0:0:0|0:0:0|0:0:0|0:0:0|1:1:0|0:0:0|0:0:0","0:0:0|1:1:0|0:0:0|2:0:1|0:1:1|0:0:0|0:0:0|1:1:0|0:0:0|0:0:0|0:0:0|0:0:0|2:0:1|0:0:0|0:0:0|0:0:0|0:0:0|0:0:0|0:0:0|0:0:0|0:0:0|0:0:0|0:0:0|0:0:0|0:0:0|0:0:0|0:0:0|0:0:0|0:0:0|0:0:0|0:0:0|0:0:0|2:0:2|0:0:0|1:1:0|0:0:0|0:0:0|0:0:0|0:0:0|0:1:1|0:0:0|0:0:0|0:0:0|0:0:0|0:0:0|0:0:0|1:1:0|0:0:0|0:0:0"
"7x7-p84","7x7-p84-uct-0500","500","1","15","0.267857","1","1","O10","LL","21","21","22","21","1","1","1","1","0","2","0","2","0","0:0:0|1:1:0|0:0:0|2:0:1|0:1:1|0:0:0|0:0:0|1:1:0|0:0:0|0:0:0|0:0:0|0:0:0|2:0:1|0:0:0|0:0:0|0:0:0|0:0:0|0:0:0|0:0:0|0:0:0|0:0:0|0:0:0|0:0:0|0:0:0|0:0:0|0:0:0|0:0:0|0:0:0|0:0:0|0:0:0|0:0:0|0:0:0|2:0:2|0:0:0|1:1:0|0:0:0|0:0:0|0:0:0|0:0:0|0:1:1|0:0:0|0:0:0|0:0:0|0:0:0|0:0:0|0:0:0|1:1:0|0:0:0|0:0:0","0:0:0|1:1:0|0:0:0|2:0:1|0:1:1|0:0:0|0:0:0|1:2:0|0:0:0|0:0:0|0:0:0|0:0:0|2:0:1|0:0:0|0:0:0|0:0:0|0:0:0|0:0:0|0:0:0|0:0:0|0:0:0|0:0:0|0:0:0|0:0:0|0:0:0|0:0:0|0:0:0|0:0:0|0:0:0|0:0:0|0:0:0|0:0:0|2:0:2|0:0:0|1:1:0|0:0:0|0:0:0|0:0:0|0:0:0|0:1:1|0:0:0|0:0:0|0:0:0|0:0:0|0:0:0|0:0:0|1:1:0|0:0:0|0:0:0","0:0:0|1:1:0|0:0:0|2:0:1|0:1:1|0:0:0|0:0:0|1:2:0|0:0:0|0:0:0|0:0:0|0:0:0|2:0:1|0:0:0|1:1:0|0:0:0|0:0:0|0:0:0|0:0:0|0:0:0|0:0:0|0:0:0|0:0:0|0:0:0|0:0:0|0:0:0|1:1:0|0:0:0|0:0:0|0:0:0|0:0:0|0:0:0|2:0:2|0:0:0|1:1:0|0:0:0|0:0:0|0:0:0|0:0:0|0:1:1|0:0:0|0:0:0|0:0:0|0:0:0|0:0:0|0:0:0|1:1:0|0:0:0|0:0:0"
"7x7-p84","7x7-p84-uct-0500","500","1","15","0.267857","2","1","O20","ML","22","21","23","21","0","0","1","0","0","1","0","1","0","0:0:0|1:1:0|0:0:0|2:0:1|0:1:1|0:0:0|0:0:0|1:2:0|0:0:0|0:0:0|0:0:0|0:0:0|2:0:1|0:0:0|0:0:0|0:0:0|0:0:0|0:0:0|0:0:0|0:0:0|0:0:0|0:0:0|0:0:0|0:0:0|0:0:0|0:0:0|0:0:0|0:0:0|0:0:0|0:0:0|0:0:0|0:0:0|2:0:2|0:0:0|1:1:0|0:0:0|0:0:0|0:0:0|0:0:0|0:1:1|0:0:0|0:0:0|0:0:0|0:0:0|0:0:0|0:0:0|1:1:0|0:0:0|0:0:0","0:0:0|1:1:0|0:0:0|2:0:1|0:1:1|0:0:0|0:0:0|1:2:0|0:0:0|0:0:0|0:0:0|0:0:0|2:0:1|0:0:0|0:1:0|0:0:0|0:0:0|0:0:0|0:0:0|0:0:0|0:0:0|0:0:0|0:0:0|0:0:0|0:0:0|0:0:0|0:0:0|0:0:0|0:0:0|0:0:0|0:0:0|0:0:0|2:0:2|0:0:0|1:1:0|0:0:0|0:0:0|0:0:0|0:0:0|0:1:1|0:0:0|0:0:0|0:0:0|0:0:0|0:0:0|0:0:0|1:1:0|0:0:0|0:0:0","0:0:0|1:1:0|0:0:0|2:0:1|0:1:1|0:0:0|0:0:0|1:2:0|0:0:0|0:0:0|0:0:0|0:0:0|2:0:1|0:0:0|1:1:0|0:0:0|0:0:0|0:0:0|0:0:0|0:0:0|0:0:0|0:0:0|0:0:0|0:0:0|0:0:0|0:0:0|1:1:0|0:0:0|0:0:0|0:0:0|0:0:0|0:0:0|2:0:2|0:0:0|1:1:0|0:0:0|0:0:0|0:0:0|0:0:0|0:1:1|0:0:0|0:0:0|0:0:0|0:0:0|0:0:0|0:0:0|1:1:0|0:0:0|0:0:0"
"7x7-p84","7x7-p84-uct-0500","500","1","15","0.267857","3","1","O35","MH","23","21","24","21","0","1","1","0","0","1","0","1","0","0:0:0|1:1:0|0:0:0|2:0:1|0:1:1|0:0:0|0:0:0|1:2:0|0:0:0|0:0:0|0:0:0|0:0:0|2:0:1|0:0:0|0:1:0|0:0:0|0:0:0|0:0:0|0:0:0|0:0:0|0:0:0|0:0:0|0:0:0|0:0:0|0:0:0|0:0:0|0:0:0|0:0:0|0:0:0|0:0:0|0:0:0|0:0:0|2:0:2|0:0:0|1:1:0|0:0:0|0:0:0|0:0:0|0:0:0|0:1:1|0:0:0|0:0:0|0:0:0|0:0:0|0:0:0|0:0:0|1:1:0|0:0:0|0:0:0","0:0:0|1:1:0|0:0:0|2:0:1|0:1:1|0:0:0|0:0:0|1:2:0|0:0:0|0:0:0|0:0:0|0:0:0|2:0:1|0:0:0|1:1:0|0:0:0|0:0:0|0:0:0|0:0:0|0:0:0|0:0:0|0:0:0|0:0:0|0:0:0|0:0:0|0:0:0|1:1:0|0:0:0|0:0:0|0:0:0|0:0:0|0:0:0|2:0:2|0:0:0|1:1:0|0:0:0|0:0:0|0:0:0|0:0:0|0:1:1|0:0:0|0:0:0|0:0:0|0:0:0|0:0:0|0:0:0|1:1:0|0:0:0|0:0:0","0:0:0|1:1:0|0:0:0|2:0:1|0:1:1|0:0:0|0:0:0|1:2:0|0:0:0|0:0:0|0:0:0|0:0:0|2:0:1|0:0:0|1:1:0|0:0:0|0:0:0|0:0:0|0:0:0|0:0:0|0:0:0|0:0:0|0:0:0|0:0:0|0:0:0|0:0:0|1:1:0|0:0:0|0:0:0|0:0:0|0:0:0|0:0:0|2:0:2|0:0:0|1:1:0|0:0:0|0:0:0|0:0:0|0:0:0|0:1:1|0:0:0|0:0:0|0:0:0|0:0:0|0:0:0|0:0:0|1:1:0|0:0:0|0:0:0"
"7x7-p84","7x7-p84-uct-0500","500","1","16","0.285714","1","2","O23","MM","24","21","24","22","0","0","2","0","0","0","1","0","1","0:0:0|1:1:0|0:0:0|2:0:1|0:1:1|0:0:0|0:0:0|1:2:0|0:0:0|0:0:0|0:0:0|0:0:0|2:0:1|0:0:0|1:1:0|0:0:0|0:0:0|0:0:0|0:0:0|0:0:0|0:0:0|0:0:0|0:0:0|0:0:0|0:0:0|0:0:0|1:1:0|0:0:0|0:0:0|0:0:0|0:0:0|0:0:0|2:0:2|0:0:0|1:1:0|0:0:0|0:0:0|0:0:0|0:0:0|0:1:1|0:0:0|0:0:0|0:0:0|0:0:0|0:0:0|0:0:0|1:1:0|0:0:0|0:0:0","0:0:0|1:1:0|0:0:0|2:0:1|0:1:1|0:0:0|0:0:0|1:2:0|0:0:0|0:0:0|0:0:0|0:0:0|2:0:1|0:0:0|1:1:0|0:0:0|0:0:0|0:0:1|0:0:0|0:0:0|0:0:0|0:0:0|0:0:0|0:0:0|0:0:0|0:0:0|1:1:0|0:0:0|0:0:0|0:0:0|0:0:0|0:0:0|2:0:2|0:0:0|1:1:0|0:0:0|0:0:0|0:0:0|0:0:0|0:1:1|0:0:0|0:0:0|0:0:0|0:0:0|0:0:0|0:0:0|1:1:0|0:0:0|0:0:0","0:0:0|1:1:0|0:0:0|2:0:1|0:1:1|2:0:1|0:0:0|1:2:0|0:0:0|0:0:0|0:0:0|0:0:0|2:0:1|0:0:0|1:1:0|0:0:0|0:0:0|2:0:1|0:0:0|0:0:0|0:0:0|0:0:0|0:0:0|0:0:0|0:0:0|0:0:0|1:1:0|0:0:0|0:0:0|0:0:0|0:0:0|0:0:0|2:0:2|0:0:0|1:1:0|0:0:0|0:0:0|0:0:0|0:0:0|0:1:1|0:0:0|0:0:0|0:0:0|0:0:0|0:0:0|0:0:0|1:1:0|0:0:0|0:0:0"
"7x7-p84","7x7-p84-uct-0500","500","1","16","0.285714","2","2","O05","LH","24","22","24","23","0","0","2","0","0","0","1","0","1","0:0:0|1:1:0|0:0:0|2:0:1|0:1:1|0:0:0|0:0:0|1:2:0|0:0:0|0:0:0|0:0:0|0:0:0|2:0:1|0:0:0|1:1:0|0:0:0|0:0:0|0:0:1|0:0:0|0:0:0|0:0:0|0:0:0|0:0:0|0:0:0|0:0:0|0:0:0|1:1:0|0:0:0|0:0:0|0:0:0|0:0:0|0:0:0|2:0:2|0:0:0|1:1:0|0:0:0|0:0:0|0:0:0|0:0:0|0:1:1|0:0:0|0:0:0|0:0:0|0:0:0|0:0:0|0:0:0|1:1:0|0:0:0|0:0:0","0:0:0|1:1:0|0:0:0|2:0:1|0:1:1|0:0:1|0:0:0|1:2:0|0:0:0|0:0:0|0:0:0|0:0:0|2:0:1|0:0:0|1:1:0|0:0:0|0:0:0|0:0:1|0:0:0|0:0:0|0:0:0|0:0:0|0:0:0|0:0:0|0:0:0|0:0:0|1:1:0|0:0:0|0:0:0|0:0:0|0:0:0|0:0:0|2:0:2|0:0:0|1:1:0|0:0:0|0:0:0|0:0:0|0:0:0|0:1:1|0:0:0|0:0:0|0:0:0|0:0:0|0:0:0|0:0:0|1:1:0|0:0:0|0:0:0","0:0:0|1:1:0|0:0:0|2:0:1|0:1:1|2:0:1|0:0:0|1:2:0|0:0:0|0:0:0|0:0:0|0:0:0|2:0:1|0:0:0|1:1:0|0:0:0|0:0:0|2:0:1|0:0:0|0:0:0|0:0:0|0:0:0|0:0:0|0:0:0|0:0:0|0:0:0|1:1:0|0:0:0|0:0:0|0:0:0|0:0:0|0:0:0|2:0:2|0:0:0|1:1:0|0:0:0|0:0:0|0:0:0|0:0:0|0:1:1|0:0:0|0:0:0|0:0:0|0:0:0|0:0:0|0:0:0|1:1:0|0:0:0|0:0:0"
"7x7-p84","7x7-p84-uct-0500","500","1","17","0.303571","2","1","O26","MH","25","24","26","24","0","0","1","0","0","1","0","1","0","0:0:0|1:1:0|0:0:0|2:0:1|0:1:1|2:0:1|0:0:0|1:2:0|0:0:0|0:0:0|0:0:0|0:0:0|2:0:1|0:0:0|1:1:0|0:0:0|0:0:0|2:0:1|0:0:0|0:0:0|0:0:0|0:0:0|0:0:0|0:0:0|0:0:0|0:0:0|1:1:0|0:0:0|0:0:0|0:0:0|0:0:0|0:0:0|2:0:2|0:0:0|1:1:0|0:0:0|0:0:0|0:0:0|0:0:0|0:1:1|0:0:0|0:0:0|0:0:0|0:0:0|0:0:0|0:0:0|1:1:0|0:0:0|0:0:0","0:0:0|1:1:0|0:0:0|2:0:1|0:1:1|2:0:1|0:0:0|1:2:0|0:0:0|0:0:0|0:0:0|0:0:0|2:0:1|0:0:0|1:1:0|0:0:0|0:0:0|2:0:1|0:0:0|0:0:0|0:1:0|0:0:0|0:0:0|0:0:0|0:0:0|0:0:0|1:1:0|0:0:0|0:0:0|0:0:0|0:0:0|0:0:0|2:0:2|0:0:0|1:1:0|0:0:0|0:0:0|0:0:0|0:0:0|0:1:1|0:0:0|0:0:0|0:0:0|0:0:0|0:0:0|0:0:0|1:1:0|0:0:0|0:0:0","0:0:0|1:1:0|0:0:0|2:0:1|0:1:1|2:0:1|0:0:0|1:2:0|0:0:0|0:0:0|0:0:0|0:0:0|2:0:1|0:0:0|1:1:0|0:0:0|0:0:0|2:0:1|0:0:0|0:0:0|1:1:0|0:0:0|0:0:0|0:0:0|0:0:0|0:0:0|1:1:0|0:0:0|0:0:0|0:0:0|0:0:0|0:0:0|2:0:2|1:1:0|1:1:0|0:0:0|0:0:0|0:0:0|0:0:0|0:1:1|0:0:0|0:0:0|0:0:0|0:0:0|0:0:0|0:0:0|1:1:0|0:0:0|0:0:0"
"7x7-p84","7x7-p84-uct-0500","500","1","17","0.303571","3","1","O45","MH","26","24","27","24","0","1","1","0","0","1","0","1","0","0:0:0|1:1:0|0:0:0|2:0:1|0:1:1|2:0:1|0:0:0|1:2:0|0:0:0|0:0:0|0:0:0|0:0:0|2:0:1|0:0:0|1:1:0|0:0:0|0:0:0|2:0:1|0:0:0|0:0:0|0:1:0|0:0:0|0:0:0|0:0:0|0:0:0|0:0:0|1:1:0|0:0:0|0:0:0|0:0:0|0:0:0|0:0:0|2:0:2|0:0:0|1:1:0|0:0:0|0:0:0|0:0:0|0:0:0|0:1:1|0:0:0|0:0:0|0:0:0|0:0:0|0:0:0|0:0:0|1:1:0|0:0:0|0:0:0","0:0:0|1:1:0|0:0:0|2:0:1|0:1:1|2:0:1|0:0:0|1:2:0|0:0:0|0:0:0|0:0:0|0:0:0|2:0:1|0:0:0|1:1:0|0:0:0|0:0:0|2:0:1|0:0:0|0:0:0|1:1:0|0:0:0|0:0:0|0:0:0|0:0:0|0:0:0|1:1:0|0:0:0|0:0:0|0:0:0|0:0:0|0:0:0|2:0:2|1:1:0|1:1:0|0:0:0|0:0:0|0:0:0|0:0:0|0:1:1|0:0:0|0:0:0|0:0:0|0:0:0|0:0:0|0:0:0|1:1:0|0:0:0|0:0:0","0:0:0|1:1:0|0:0:0|2:0:1|0:1:1|2:0:1|0:0:0|1:2:0|0:0:0|0:0:0|0:0:0|0:0:0|2:0:1|0:0:0|1:1:0|0:0:0|0:0:0|2:0:1|0:0:0|0:0:0|1:1:0|0:0:0|0:0:0|0:0:0|0:0:0|0:0:0|1:1:0|0:0:0|0:0:0|0:0:0|0:0:0|0:0:0|2:0:2|1:1:0|1:1:0|0:0:0|0:0:0|0:0:0|0:0:0|0:1:1|0:0:0|0:0:0|0:0:0|0:0:0|0:0:0|0:0:0|1:1:0|0:0:0|0:0:0"
"7x7-p84","7x7-p84-uct-0500","500","1","18","0.321429","2","2","O05","LH","27","25","27","26","2","2","2","0","1","0","2","0","2","0:0:0|1:1:0|0:0:0|2:0:1|0:1:1|2:0:1|0:0:0|1:2:0|0:0:0|0:0:0|0:0:0|0:0:0|2:0:1|0:0:0|1:1:0|0:0:0|0:0:0|2:0:1|0:0:0|0:0:0|1:1:0|0:0:0|0:0:0|0:0:0|0:0:0|0:0:0|1:1:0|0:0:0|0:0:0|0:0:0|0:0:0|0:0:0|2:0:2|1:1:0|1:1:0|0:0:0|0:0:0|0:0:0|0:0:0|0:1:1|0:0:0|0:0:0|0:0:0|0:0:0|0:0:0|0:0:0|1:1:0|0:0:0|0:0:0","0:0:0|1:1:0|0:0:0|2:0:1|0:1:1|2:0:2|0:0:0|1:2:0|0:0:0|0:0:0|0:0:0|0:0:0|2:0:1|0:0:0|1:1:0|0:0:0|0:0:0|2:0:1|0:0:0|0:0:0|1:1:0|0:0:0|0:0:0|0:0:0|0:0:0|0:0:0|1:1:0|0:0:0|0:0:0|0:0:0|0:0:0|0:0:0|2:0:2|1:1:0|1:1:0|0:0:0|0:0:0|0:0:0|0:0:0|0:1:1|0:0:0|0:0:0|0:0:0|0:0:0|0:0:0|0:0:0|1:1:0|0:0:0|0:0:0","0:0:0|1:1:0|0:0:0|2:0:1|0:1:1|2:0:2|0:0:0|1:2:0|0:0:0|0:0:0|0:0:0|0:0:0|2:0:1|0:0:0|1:1:0|0:0:0|0:0:0|2:0:1|0:0:0|0:0:0|1:1:0|0:0:0|0:0:0|0:0:0|0:0:0|0:0:0|1:1:0|0:0:0|0:0:0|0:0:0|0:0:0|0:0:0|2:0:2|1:1:0|1:1:0|0:0:0|0:0:0|0:0:0|0:0:0|0:1:1|2:0:1|0:0:0|0:0:0|0:0:0|0:0:0|0:0:0|1:1:0|0:0:0|0:0:0"
"7x7-p84","7x7-p84-uct-0500","500","1","18","0.321429","3","2","O55","HH","27","26","27","27","0","2","2","0","0","0","1","0","1","0:0:0|1:1:0|0:0:0|2:0:1|0:1:1|2:0:2|0:0:0|1:2:0|0:0:0|0:0:0|0:0:0|0:0:0|2:0:1|0:0:0|1:1:0|0:0:0|0:0:0|2:0:1|0:0:0|0:0:0|1:1:0|0:0:0|0:0:0|0:0:0|0:0:0|0:0:0|1:1:0|0:0:0|0:0:0|0:0:0|0:0:0|0:0:0|2:0:2|1:1:0|1:1:0|0:0:0|0:0:0|0:0:0|0:0:0|0:1:1|0:0:0|0:0:0|0:0:0|0:0:0|0:0:0|0:0:0|1:1:0|0:0:0|0:0:0","0:0:0|1:1:0|0:0:0|2:0:1|0:1:1|2:0:2|0:0:0|1:2:0|0:0:0|0:0:0|0:0:0|0:0:0|2:0:1|0:0:0|1:1:0|0:0:0|0:0:0|2:0:1|0:0:0|0:0:0|1:1:0|0:0:0|0:0:0|0:0:0|0:0:0|0:0:0|1:1:0|0:0:0|0:0:0|0:0:0|0:0:0|0:0:0|2:0:2|1:1:0|1:1:0|0:0:0|0:0:0|0:0:0|0:0:0|0:1:1|2:0:1|0:0:0|0:0:0|0:0:0|0:0:0|0:0:0|1:1:0|0:0:0|0:0:0","0:0:0|1:1:0|0:0:0|2:0:1|0:1:1|2:0:2|0:0:0|1:2:0|0:0:0|0:0:0|0:0:0|0:0:0|2:0:1|0:0:0|1:1:0|0:0:0|0:0:0|2:0:1|0:0:0|0:0:0|1:1:0|0:0:0|0:0:0|0:0:0|0:0:0|0:0:0|1:1:0|0:0:0|0:0:0|0:0:0|0:0:0|0:0:0|2:0:2|1:1:0|1:1:0|0:0:0|0:0:0|0:0:0|0:0:0|0:1:1|2:0:1|0:0:0|0:0:0|0:0:0|0:0:0|0:0:0|1:1:0|0:0:0|0:0:0"
"7x7-p84","7x7-p84-uct-0500","500","1","19","0.339286","3","1","O00","LL","29","27","30","27","0","1","1","0","0","1","0","1","0","0:0:0|1:1:0|0:0:0|2:0:1|0:1:1|2:0:2|0:0:0|1:2:0|0:0:0|0:0:0|0:0:0|0:0:0|2:0:1|0:0:0|1:1:0|0:0:0|0:0:0|2:0:1|0:0:0|0:0:0|1:1:0|0:0:0|0:0:0|0:0:0|0:0:0|0:0:0|1:1:0|0:0:0|0:0:0|0:0:0|0:0:0|0:0:0|2:0:2|1:1:0|1:1:0|0:0:0|0:0:0|0:0:0|0:0:0|0:1:1|2:0:1|0:0:0|0:0:0|0:0:0|0:0:0|0:0:0|1:1:0|0:0:0|0:0:0","1:1:0|1:1:0|0:0:0|2:0:1|0:1:1|2:0:2|0:0:0|1:2:0|0:0:0|0:0:0|0:0:0|0:0:0|2:0:1|0:0:0|1:1:0|0:0:0|0:0:0|2:0:1|0:0:0|0:0:0|1:1:0|0:0:0|0:0:0|0:0:0|0:0:0|0:0:0|1:1:0|0:0:0|0:0:0|0:0:0|0:0:0|0:0:0|2:0:2|1:1:0|1:1:0|0:0:0|0:0:0|0:0:0|0:0:0|0:1:1|2:0:1|0:0:0|0:0:0|0:0:0|0:0:0|0:0:0|1:1:0|0:0:0|0:0:0","1:1:0|1:1:0|0:0:0|2:0:1|0:1:1|2:0:2|0:0:0|1:2:0|0:0:0|0:0:0|0:0:0|0:0:0|2:0:1|0:0:0|1:1:0|0:0:0|0:0:0|2:0:1|0:0:0|0:0:0|1:1:0|0:0:0|0:0:0|0:0:0|0:0:0|0:0:0|1:1:0|0:0:0|0:0:0|0:0:0|0:0:0|0:0:0|2:0:2|1:1:0|1:1:0|0:0:0|0:0:0|0:0:0|0:0:0|0:1:1|2:0:1|0:0:0|0:0:0|0:0:0|0:0:0|0:0:0|1:1:0|0:0:0|0:0:0"
"7x7-p84","7x7-p84-uct-0500","500","1","20","0.357143","1","2","O01","LL","30","27","30","28","1","1","0","1","0","1","1","1","1","1:1:0|1:1:0|0:0:0|2:0:1|0:1:1|2:0:2|0:0:0|1:2:0|0:0:0|0:0:0|0:0:0|0:0:0|2:0:1|0:0:0|1:1:0|0:0:0|0:0:0|2:0:1|0:0:0|0:0:0|1:1:0|0:0:0|0:0:0|0:0:0|0:0:0|0:0:0|1:1:0|0:0:0|0:0:0|0:0:0|0:0:0|0:0:0|2:0:2|1:1:0|1:1:0|0:0:0|0:0:0|0:0:0|0:0:0|0:1:1|2:0:1|0:0:0|0:0:0|0:0:0|0:0:0|0:0:0|1:1:0|0:0:0|0:0:0","1:1:0|1:1:1|0:0:0|2:0:1|0:1:1|2:0:2|0:0:0|1:2:0|0:0:0|0:0:0|0:0:0|0:0:0|2:0:1|0:0:0|1:1:0|0:0:0|0:0:0|2:0:1|0:0:0|0:0:0|1:1:0|0:0:0|0:0:0|0:0:0|0:0:0|0:0:0|1:1:0|0:0:0|0:0:0|0:0:0|0:0:0|0:0:0|2:0:2|1:1:0|1:1:0|0:0:0|0:0:0|0:0:0|0:0:0|0:1:1|2:0:1|0:0:0|0:0:0|0:0:0|0:0:0|0:0:0|1:1:0|0:0:0|0:0:0","1:1:0|0:1:1|0:0:0|2:0:1|0:1:1|2:0:2|0:0:0|1:2:0|0:0:0|0:0:0|0:0:0|0:0:0|2:0:2|0:0:0|1:1:0|0:0:0|0:0:0|2:0:2|0:0:0|0:0:0|1:1:0|0:0:0|0:0:0|0:0:0|0:0:0|0:0:0|1:1:0|0:0:0|0:0:0|0:0:0|0:0:0|0:0:0|2:0:2|1:1:0|1:1:0|0:0:0|0:0:0|0:0:0|0:0:0|0:1:1|2:0:1|0:0:0|0:0:0|0:0:0|0:0:0|0:0:0|1:1:0|0:0:0|0:0:0"
"7x7-p84","7x7-p84-uct-0500","500","1","20","0.357143","2","2","O23","MM","30","28","30","29","2","2","2","0","1","0","2","0","2","1:1:0|1:1:1|0:0:0|2:0:1|0:1:1|2:0:2|0:0:0|1:2:0|0:0:0|0:0:0|0:0:0|0:0:0|2:0:1|0:0:0|1:1:0|0:0:0|0:0:0|2:0:1|0:0:0|0:0:0|1:1:0|0:0:0|0:0:0|0:0:0|0:0:0|0:0:0|1:1:0|0:0:0|0:0:0|0:0:0|0:0:0|0:0:0|2:0:2|1:1:0|1:1:0|0:0:0|0:0:0|0:0:0|0:0:0|0:1:1|2:0:1|0:0:0|0:0:0|0:0:0|0:0:0|0:0:0|1:1:0|0:0:0|0:0:0","1:1:0|1:1:1|0:0:0|2:0:1|0:1:1|2:0:2|0:0:0|1:2:0|0:0:0|0:0:0|0:0:0|0:0:0|2:0:1|0:0:0|1:1:0|0:0:0|0:0:0|2:0:2|0:0:0|0:0:0|1:1:0|0:0:0|0:0:0|0:0:0|0:0:0|0:0:0|1:1:0|0:0:0|0:0:0|0:0:0|0:0:0|0:0:0|2:0:2|1:1:0|1:1:0|0:0:0|0:0:0|0:0:0|0:0:0|0:1:1|2:0:1|0:0:0|0:0:0|0:0:0|0:0:0|0:0:0|1:1:0|0:0:0|0:0:0","1:1:0|0:1:1|0:0:0|2:0:1|0:1:1|2:0:2|0:0:0|1:2:0|0:0:0|0:0:0|0:0:0|0:0:0|2:0:2|0:0:0|1:1:0|0:0:0|0:0:0|2:0:2|0:0:0|0:0:0|1:1:0|0:0:0|0:0:0|0:0:0|0:0:0|0:0:0|1:1:0|0:0:0|0:0:0|0:0:0|0:0:0|0:0:0|2:0:2|1:1:0|1:1:0|0:0:0|0:0:0|0:0:0|0:0:0|0:1:1|2:0:1|0:0:0|0:0:0|0:0:0|0:0:0|0:0:0|1:1:0|0:0:0|0:0:0"
"7x7-p84","7x7-p84-uct-0500","500","1","20","0.357143","3","2","O15","LH","30","29","30","30","2","2","2","0","1","0","2","0","2","1:1:0|1:1:1|0:0:0|2:0:1|0:1:1|2:0:2|0:0:0|1:2:0|0:0:0|0:0:0|0:0:0|0:0:0|2:0:1|0:0:0|1:1:0|0:0:0|0:0:0|2:0:2|0:0:0|0:0:0|1:1:0|0:0:0|0:0:0|0:0:0|0:0:0|0:0:0|1:1:0|0:0:0|0:0:0|0:0:0|0:0:0|0:0:0|2:0:2|1:1:0|1:1:0|0:0:0|0:0:0|0:0:0|0:0:0|0:1:1|2:0:1|0:0:0|0:0:0|0:0:0|0:0:0|0:0:0|1:1:0|0:0:0|0:0:0","1:1:0|0:1:1|0:0:0|2:0:1|0:1:1|2:0:2|0:0:0|1:2:0|0:0:0|0:0:0|0:0:0|0:0:0|2:0:2|0:0:0|1:1:0|0:0:0|0:0:0|2:0:2|0:0:0|0:0:0|1:1:0|0:0:0|0:0:0|0:0:0|0:0:0|0:0:0|1:1:0|0:0:0|0:0:0|0:0:0|0:0:0|0:0:0|2:0:2|1:1:0|1:1:0|0:0:0|0:0:0|0:0:0|0:0:0|0:1:1|2:0:1|0:0:0|0:0:0|0:0:0|0:0:0|0:0:0|1:1:0|0:0:0|0:0:0","1:1:0|0:1:1|0:0:0|2:0:1|0:1:1|2:0:2|0:0:0|1:2:0|0:0:0|0:0:0|0:0:0|0:0:0|2:0:2|0:0:0|1:1:0|0:0:0|0:0:0|2:0:2|0:0:0|0:0:0|1:1:0|0:0:0|0:0:0|0:0:0|0:0:0|0:0:0|1:1:0|0:0:0|0:0:0|0:0:0|0:0:0|0:0:0|2:0:2|1:1:0|1:1:0|0:0:0|0:0:0|0:0:0|0:0:0|0:1:1|2:0:1|0:0:0|0:0:0|0:0:0|0:0:0|0:0:0|1:1:0|0:0:0|0:0:0"
"7x7-p84","7x7-p84-uct-0500","500","1","21","0.375000","1","1","O10","LL","30","30","31","30","1","1","3","2","0","3","0","3","0","1:1:0|0:1:1|0:0:0|2:0:1|0:1:1|2:0:2|0:0:0|1:2:0|0:0:0|0:0:0|0:0:0|0:0:0|2:0:2|0:0:0|1:1:0|0:0:0|0:0:0|2:0:2|0:0:0|0:0:0|1:1:0|0:0:0|0:0:0|0:0:0|0:0:0|0:0:0|1:1:0|0:0:0|0:0:0|0:0:0|0:0:0|0:0:0|2:0:2|1:1:0|1:1:0|0:0:0|0:0:0|0:0:0|0:0:0|0:1:1|2:0:1|0:0:0|0:0:0|0:0:0|0:0:0|0:0:0|1:1:0|0:0:0|0:0:0","1:1:0|0:1:1|0:0:0|2:0:1|0:1:1|2:0:2|0:0:0|1:3:0|0:0:0|0:0:0|0:0:0|0:0:0|2:0:2|0:0:0|1:1:0|0:0:0|0:0:0|2:0:2|0:0:0|0:0:0|1:1:0|0:0:0|0:0:0|0:0:0|0:0:0|0:0:0|1:1:0|0:0:0|0:0:0|0:0:0|0:0:0|0:0:0|2:0:2|1:1:0|1:1:0|0:0:0|0:0:0|0:0:0|0:0:0|0:1:1|2:0:1|0:0:0|0:0:0|0:0:0|0:0:0|0:0:0|1:1:0|0:0:0|0:0:0","1:1:0|0:1:1|0:0:0|2:0:1|0:1:1|2:0:2|0:0:0|3:3:0|0:0:0|0:0:0|0:0:0|0:0:0|2:0:2|0:0:0|1:1:0|0:0:0|0:0:0|2:0:2|0:0:0|0:0:0|1:1:0|0:0:0|0:0:0|0:0:0|0:0:0|0:0:0|1:1:0|0:0:0|0:0:0|0:0:0|0:0:0|0:0:0|2:0:2|1:1:0|1:1:0|0:0:0|0:0:0|0:0:0|0:0:0|0:1:1|2:0:1|0:0:0|0:0:0|0:0:0|0:0:0|0:0:0|1:2:0|0:0:0|0:0:0"
"7x7-p84","7x7-p84-uct-0500","500","1","21","0.375000","3","1","O64","HM","32","30","33","30","1","1","1","1","0","2","0","2","0","1:1:0|0:1:1|0:0:0|2:0:1|0:1:1|2:0:2|0:0:0|1:3:0|0:0:0|0:0:0|0:0:0|0:0:0|2:0:2|0:0:0|1:1:0|0:0:0|0:0:0|2:0:2|0:0:0|0:0:0|1:1:0|0:0:0|0:0:0|0:0:0|0:0:0|0:0:0|1:1:0|0:0:0|0:0:0|0:0:0|0:0:0|0:0:0|2:0:2|1:1:0|1:1:0|0:0:0|0:0:0|0:0:0|0:0:0|0:1:1|2:0:1|0:0:0|0:0:0|0:0:0|0:0:0|0:0:0|1:1:0|0:0:0|0:0:0","1:1:0|0:1:1|0:0:0|2:0:1|0:1:1|2:0:2|0:0:0|3:3:0|0:0:0|0:0:0|0:0:0|0:0:0|2:0:2|0:0:0|1:1:0|0:0:0|0:0:0|2:0:2|0:0:0|0:0:0|1:1:0|0:0:0|0:0:0|0:0:0|0:0:0|0:0:0|1:1:0|0:0:0|0:0:0|0:0:0|0:0:0|0:0:0|2:0:2|1:1:0|1:1:0|0:0:0|0:0:0|0:0:0|0:0:0|0:1:1|2:0:1|0:0:0|0:0:0|0:0:0|0:0:0|0:0:0|1:2:0|0:0:0|0:0:0","1:1:0|0:1:1|0:0:0|2:0:1|0:1:1|2:0:2|0:0:0|3:3:0|0:0:0|0:0:0|0:0:0|0:0:0|2:0:2|0:0:0|1:1:0|0:0:0|0:0:0|2:0:2|0:0:0|0:0:0|1:1:0|0:0:0|0:0:0|0:0:0|0:0:0|0:0:0|1:1:0|0:0:0|0:0:0|0:0:0|0:0:0|0:0:0|2:0:2|1:1:0|1:1:0|0:0:0|0:0:0|0:0:0|0:0:0|0:1:1|2:0:1|0:0:0|0:0:0|0:0:0|0:0:0|0:0:0|1:2:0|0:0:0|0:0:0"
"7x7-p84","7x7-p84-uct-0500","500","1","22","0.392857","1","2","O01","LL","33","30","33","31","0","0","2","1","1","1","2","1","2","1:1:0|0:1:1|0:0:0|2:0:1|0:1:1|2:0:2|0:0:0|3:3:0|0:0:0|0:0:0|0:0:0|0:0:0|2:0:2|0:0:0|1:1:0|0:0:0|0:0:0|2:0:2|0:0:0|0:0:0|1:1:0|0:0:0|0:0:0|0:0:0|0:0:0|0:0:0|1:1:0|0:0:0|0:0:0|0:0:0|0:0:0|0:0:0|2:0:2|1:1:0|1:1:0|0:0:0|0:0:0|0:0:0|0:0:0|0:1:1|2:0:1|0:0:0|0:0:0|0:0:0|0:0:0|0:0:0|1:2:0|0:0:0|0:0:0","1:1:0|0:1:2|0:0:0|2:0:1|0:1:1|2:0:2|0:0:0|3:3:0|0:0:0|0:0:0|0:0:0|0:0:0|2:0:2|0:0:0|1:1:0|0:0:0|0:0:0|2:0:2|0:0:0|0:0:0|1:1:0|0:0:0|0:0:0|0:0:0|0:0:0|0:0:0|1:1:0|0:0:0|0:0:0|0:0:0|0:0:0|0:0:0|2:0:2|1:1:0|1:1:0|0:0:0|0:0:0|0:0:0|0:0:0|0:1:1|2:0:1|0:0:0|0:0:0|0:0:0|0:0:0|0:0:0|1:2:0|0:0:0|0:0:0","1:1:0|2:1:2|0:0:0|2:0:1|0:1:1|2:0:2|0:0:0|3:3:0|0:0:0|0:0:0|0:0:0|0:0:0|2:0:2|0:0:0|1:1:0|0:0:0|0:0:0|2:0:2|0:0:0|0:0:0|1:1:0|0:0:0|0:0:0|0:0:0|0:0:0|0:0:0|1:1:0|0:0:0|0:0:0|0:0:0|0:0:0|0:0:0|2:0:2|1:1:0|1:1:0|0:0:0|0:0:0|0:0:0|0:0:0|2:1:2|2:0:1|0:0:0|0:0:0|0:0:0|0:0:0|0:0:0|1:2:0|0:0:0|0:0:0"
"7x7-p84","7x7-p84-uct-0500","500","1","22","0.392857","2","2","O54","HM","33","31","33","32","0","0","2","1","1","1","2","1","2","1:1:0|0:1:2|0:0:0|2:0:1|0:1:1|2:0:2|0:0:0|3:3:0|0:0:0|0:0:0|0:0:0|0:0:0|2:0:2|0:0:0|1:1:0|0:0:0|0:0:0|2:0:2|0:0:0|0:0:0|1:1:0|0:0:0|0:0:0|0:0:0|0:0:0|0:0:0|1:1:0|0:0:0|0:0:0|0:0:0|0:0:0|0:0:0|2:0:2|1:1:0|1:1:0|0:0:0|0:0:0|0:0:0|0:0:0|0:1:1|2:0:1|0:0:0|0:0:0|0:0:0|0:0:0|0:0:0|1:2:0|0:0:0|0:0:0","1:1:0|0:1:2|0:0:0|2:0:1|0:1:1|2:0:2|0:0:0|3:3:0|0:0:0|0:0:0|0:0:0|0:0:0|2:0:2|0:0:0|1:1:0|0:0:0|0:0:0|2:0:2|0:0:0|0:0:0|1:1:0|0:0:0|0:0:0|0:0:0|0:0:0|0:0:0|1:1:0|0:0:0|0:0:0|0:0:0|0:0:0|0:0:0|2:0:2|1:1:0|1:1:0|0:0:0|0:0:0|0:0:0|0:0:0|0:1:2|2:0:1|0:0:0|0:0:0|0:0:0|0:0:0|0:0:0|1:2:0|0:0:0|0:0:0","1:1:0|2:1:2|0:0:0|2:0:1|0:1:1|2:0:2|0:0:0|3:3:0|0:0:0|0:0:0|0:0:0|0:0:0|2:0:2|0:0:0|1:1:0|0:0:0|0:0:0|2:0:2|0:0:0|0:0:0|1:1:0|0:0:0|0:0:0|0:0:0|0:0:0|0:0:0|1:1:0|0:0:0|0:0:0|0:0:0|0:0:0|0:0:0|2:0:2|1:1:0|1:1:0|0:0:0|0:0:0|0:0:0|0:0:0|2:1:2|2:0:1|0:0:0|0:0:0|0:0:0|0:0:0|0:0:0|1:2:0|0:0:0|0:0:0"
"7x7-p84","7x7-p84-uct-0500","500","1","23","0.410714","3","1","O40","ML","35","33","36","33","0","1","1","0","0","1","0","1","0","1:1:0|2:1:2|0:0:0|2:0:1|0:1:1|2:0:2|0:0:0|3:3:0|0:0:0|0:0:0|0:0:0|0:0:0|2:0:2|0:0:0|1:1:0|0:0:0|0:0:0|2:0:2|0:0:0|0:0:0|1:1:0|0:0:0|0:0:0|0:0:0|0:0:0|0:0:0|1:1:0|0:0:0|0:0:0|0:0:0|0:0:0|0:0:0|2:0:2|1:1:0|1:1:0|0:0:0|0:0:0|0:0:0|0:0:0|2:1:2|2:0:1|0:0:0|0:0:0|0:0:0|0:0:0|0:0:0|1:2:0|0:0:0|0:0:0","1:1:0|2:1:2|0:0:0|2:0:1|0:1:1|2:0:2|0:0:0|3:3:0|0:0:0|0:0:0|0:0:0|0:0:0|2:0:2|0:0:0|1:1:0|0:0:0|0:0:0|2:0:2|0:0:0|0:0:0|1:1:0|0:0:0|0:0:0|0:0:0|0:0:0|0:0:0|1:1:0|0:0:0|1:1:0|0:0:0|0:0:0|0:0:0|2:0:2|1:1:0|1:1:0|0:0:0|0:0:0|0:0:0|0:0:0|2:1:2|2:0:1|0:0:0|0:0:0|0:0:0|0:0:0|0:0:0|1:2:0|0:0:0|0:0:0","1:1:0|2:1:2|0:0:0|2:0:1|0:1:1|2:0:2|0:0:0|3:3:0|0:0:0|0:0:0|0:0:0|0:0:0|2:0:2|0:0:0|1:1:0|0:0:0|0:0:0|2:0:2|0:0:0|0:0:0|1:1:0|0:0:0|0:0:0|0:0:0|0:0:0|0:0:0|1:1:0|0:0:0|1:1:0|0:0:0|0:0:0|0:0:0|2:0:2|1:1:0|1:1:0|0:0:0|0:0:0|0:0:0|0:0:0|2:1:2|2:0:1|0:0:0|0:0:0|0:0:0|0:0:0|0:0:0|1:2:0|0:0:0|0:0:0"
"7x7-p84","7x7-p84-uct-0500","500","1","24","0.428571","3","2","O02","LM","36","35","36","36","0","2","2","0","0","0","1","0","1","1:1:0|2:1:2|0:0:0|2:0:1|0:1:1|2:0:2|0:0:0|3:3:0|0:0:0|0:0:0|0:0:0|0:0:0|2:0:2|0:0:0|1:1:0|0:0:0|0:0:0|2:0:2|0:0:0|0:0:0|1:1:0|0:0:0|0:0:0|0:0:0|0:0:0|0:0:0|1:1:0|0:0:0|1:1:0|0:0:0|0:0:0|0:0:0|2:0:2|1:1:0|1:1:0|0:0:0|0:0:0|0:0:0|0:0:0|2:1:2|2:0:1|0:0:0|0:0:0|0:0:0|0:0:0|0:0:0|1:2:0|0:0:0|0:0:0","1:1:0|2:1:2|2:0:1|2:0:1|0:1:1|2:0:2|0:0:0|3:3:0|0:0:0|0:0:0|0:0:0|0:0:0|2:0:2|0:0:0|1:1:0|0:0:0|0:0:0|2:0:2|0:0:0|0:0:0|1:1:0|0:0:0|0:0:0|0:0:0|0:0:0|0:0:0|1:1:0|0:0:0|1:1:0|0:0:0|0:0:0|0:0:0|2:0:2|1:1:0|1:1:0|0:0:0|0:0:0|0:0:0|0:0:0|2:1:2|2:0:1|0:0:0|0:0:0|0:0:0|0:0:0|0:0:0|1:2:0|0:0:0|0:0:0","1:1:0|2:1:2|2:0:1|2:0:1|0:1:1|2:0:2|0:0:0|3:3:0|0:0:0|0:0:0|0:0:0|0:0:0|2:0:2|0:0:0|1:1:0|0:0:0|0:0:0|2:0:2|0:0:0|0:0:0|1:1:0|0:0:0|0:0:0|0:0:0|0:0:0|0:0:0|1:1:0|0:0:0|1:1:0|0:0:0|0:0:0|0:0:0|2:0:2|1:1:0|1:1:0|0:0:0|0:0:0|0:0:0|0:0:0|2:1:2|2:0:1|0:0:0|0:0:0|0:0:0|0:0:0|0:0:0|1:2:0|0:0:0|0:0:0"
"7x7-p84","7x7-p84-uct-0500","500","1","25","0.446429","1","1","O50","HL","36","36","37","36","0","0","1","0","0","1","0","1","0","1:1:0|2:1:2|2:0:1|2:0:1|0:1:1|2:0:2|0:0:0|3:3:0|0:0:0|0:0:0|0:0:0|0:0:0|2:0:2|0:0:0|1:1:0|0:0:0|0:0:0|2:0:2|0:0:0|0:0:0|1:1:0|0:0:0|0:0:0|0:0:0|0:0:0|0:0:0|1:1:0|0:0:0|1:1:0|0:0:0|0:0:0|0:0:0|2:0:2|1:1:0|1:1:0|0:0:0|0:0:0|0:0:0|0:0:0|2:1:2|2:0:1|0:0:0|0:0:0|0:0:0|0:0:0|0:0:0|1:2:0|0:0:0|0:0:0","1:1:0|2:1:2|2:0:1|2:0:1|0:1:1|2:0:2|0:0:0|3:3:0|0:0:0|0:0:0|0:0:0|0:0:0|2:0:2|0:0:0|1:1:0|0:0:0|0:0:0|2:0:2|0:0:0|0:0:0|1:1:0|0:0:0|0:0:0|0:0:0|0:0:0|0:0:0|1:1:0|0:0:0|1:1:0|0:0:0|0:0:0|0:0:0|2:0:2|1:1:0|1:1:0|0:1:0|0:0:0|0:0:0|0:0:0|2:1:2|2:0:1|0:0:0|0:0:0|0:0:0|0:0:0|0:0:0|1:2:0|0:0:0|0:0:0","1:1:0|2:1:2|2:0:1|2:0:1|0:1:1|2:0:2|0:0:0|3:3:0|0:0:0|0:0:0|0:0:0|0:0:0|2:0:2|0:0:0|1:2:0|0:0:0|0:0:0|2:0:2|0:0:0|0:0:0|1:1:0|0:0:0|0:0:0|0:0:0|0:0:0|0:0:0|1:1:0|0:0:0|1:1:0|0:0:0|0:0:0|0:0:0|2:0:2|1:1:0|1:1:0|1:1:0|0:0:0|0:0:0|0:0:0|2:1:2|2:0:1|0:0:0|0:0:0|0:0:0|0:0:0|0:0:0|1:2:0|0:0:0|0:0:0"
"7x7-p84","7x7-p84-uct-0500","500","1","25","0.446429","2","1","O20","ML","37","36","38","36","1","1","1","1","0","2","0","2","0","1:1:0|2:1:2|2:0:1|2:0:1|0:1:1|2:0:2|0:0:0|3:3:0|0:0:0|0:0:0|0:0:0|0:0:0|2:0:2|0:0:0|1:1:0|0:0:0|0:0:0|2:0:2|0:0:0|0:0:0|1:1:0|0:0:0|0:0:0|0:0:0|0:0:0|0:0:0|1:1:0|0:0:0|1:1:0|0:0:0|0:0:0|0:0:0|2:0:2|1:1:0|1:1:0|0:1:0|0:0:0|0:0:0|0:0:0|2:1:2|2:0:1|0:0:0|0:0:0|0:0:0|0:0:0|0:0:0|1:2:0|0:0:0|0:0:0","1:1:0|2:1:2|2:0:1|2:0:1|0:1:1|2:0:2|0:0:0|3:3:0|0:0:0|0:0:0|0:0:0|0:0:0|2:0:2|0:0:0|1:2:0|0:0:0|0:0:0|2:0:2|0:0:0|0:0:0|1:1:0|0:0:0|0:0:0|0:0:0|0:0:0|0:0:0|1:1:0|0:0:0|1:1:0|0:0:0|0:0:0|0:0:0|2:0:2|1:1:0|1:1:0|0:1:0|0:0:0|0:0:0|0:0:0|2:1:2|2:0:1|0:0:0|0:0:0|0:0:0|0:0:0|0:0:0|1:2:0|0:0:0|0:0:0","1:1:0|2:1:2|2:0:1|2:0:1|0:1:1|2:0:2|0:0:0|3:3:0|0:0:0|0:0:0|0:0:0|0:0:0|2:0:2|0:0:0|1:2:0|0:0:0|0:0:0|2:0:2|0:0:0|0:0:0|1:1:0|0:0:0|0:0:0|0:0:0|0:0:0|0:0:0|1:1:0|0:0:0|1:1:0|0:0:0|0:0:0|0:0:0|2:0:2|1:1:0|1:1:0|1:1:0|0:0:0|0:0:0|0:0:0|2:1:2|2:0:1|0:0:0|0:0:0|0:0:0|0:0:0|0:0:0|1:2:0|0:0:0|0:0:0"
"7x7-p84","7x7-p84-uct-0500","500","1","26","0.464286","1","2","O44","MM","39","36","39","37","2","2","4","0","2","0","3","0","3","1:1:0|2:1:2|2:0:1|2:0:1|0:1:1|2:0:2|0:0:0|3:3:0|0:0:0|0:0:0|0:0:0|0:0:0|2:0:2|0:0:0|1:2:0|0:0:0|0:0:0|2:0:2|0:0:0|0:0:0|1:1:0|0:0:0|0:0:0|0:0:0|0:0:0|0:0:0|1:1:0|0:0:0|1:1:0|0:0:0|0:0:0|0:0:0|2:0:2|1:1:0|1:1:0|1:1:0|0:0:0|0:0:0|0:0:0|2:1:2|2:0:1|0:0:0|0:0:0|0:0:0|0:0:0|0:0:0|1:2:0|0:0:0|0:0:0","1:1:0|2:1:2|2:0:1|2:0:1|0:1:1|2:0:2|0:0:0|3:3:0|0:0:0|0:0:0|0:0:0|0:0:0|2:0:2|0:0:0|1:2:0|0:0:0|0:0:0|2:0:2|0:0:0|0:0:0|1:1:0|0:0:0|0:0:0|0:0:0|0:0:0|0:0:0|1:1:0|0:0:0|1:1:0|0:0:0|0:0:0|0:0:0|2:0:3|1:1:0|1:1:0|1:1:0|0:0:0|0:0:0|0:0:0|2:1:2|2:0:1|0:0:0|0:0:0|0:0:0|0:0:0|0:0:0|1:2:0|0:0:0|0:0:0","1:1:0|2:1:2|2:0:1|2:0:1|0:1:1|2:0:2|0:0:0|3:3:0|0:0:0|0:0:0|0:0:0|0:0:0|2:0:2|0:0:0|1:2:0|0:0:0|0:0:0|2:0:2|0:0:0|0:0:0|1:1:0|0:0:0|0:0:0|0:0:0|0:0:0|0:0:0|1:1:0|0:0:0|1:1:0|0:0:0|0:0:0|0:0:0|4:0:3|1:1:0|1:1:0|1:1:0|0:0:0|0:0:0|0:0:0|2:1:2|2:0:1|0:0:0|0:0:0|0:0:0|0:0:0|0:0:0|1:2:0|0:0:0|0:0:0"
"7x7-p84","7x7-p84-uct-0500","500","1","27","0.482143","1","1","O46","MH","39","39","40","39","1","1","3","1","0","2","0","3","0","1:1:0|2:1:2|2:0:1|2:0:1|0:1:1|2:0:2|0:0:0|3:3:0|0:0:0|0:0:0|0:0:0|0:0:0|2:0:2|0:0:0|1:2:0|0:0:0|0:0:0|2:0:2|0:0:0|0:0:0|1:1:0|0:0:0|0:0:0|0:0:0|0:0:0|0:0:0|1:1:0|0:0:0|1:1:0|0:0:0|0:0:0|0:0:0|4:0:3|1:1:0|1:1:0|1:1:0|0:0:0|0:0:0|0:0:0|2:1:2|2:0:1|0:0:0|0:0:0|0:0:0|0:0:0|0:0:0|1:2:0|0:0:0|0:0:0","1:1:0|2:1:2|2:0:1|2:0:1|0:1:1|2:0:2|0:0:0|3:3:0|0:0:0|0:0:0|0:0:0|0:0:0|2:0:2|0:0:0|1:2:0|0:0:0|0:0:0|2:0:2|0:0:0|0:0:0|1:1:0|0:0:0|0:0:0|0:0:0|0:0:0|0:0:0|1:1:0|0:0:0|1:1:0|0:0:0|0:0:0|0:0:0|4:0:3|1:1:0|1:2:0|1:1:0|0:0:0|0:0:0|0:0:0|2:1:2|2:0:1|0:0:0|0:0:0|0:0:0|0:0:0|0:0:0|1:2:0|0:0:0|0:0:0","1:1:0|2:1:2|2:0:1|2:0:1|0:1:1|2:0:2|0:0:0|3:3:0|0:0:0|0:0:0|0:0:0|0:0:0|2:0:2|0:0:0|1:2:0|0:0:0|0:0:0|2:0:2|0:0:0|0:0:0|1:1:0|0:0:0|0:0:0|0:0:0|0:0:0|0:0:0|1:1:0|1:1:0|1:1:0|0:0:0|0:0:0|0:0:0|4:0:3|1:1:0|3:3:0|1:1:0|0:0:0|0:0:0|0:0:0|2:1:2|2:0:1|0:0:0|0:0:0|0:0:0|0:0:0|0:0:0|1:2:0|0:0:0|0:0:0"
"7x7-p84","7x7-p84-uct-0500","500","1","27","0.482143","2","1","O36","MH","40","39","41","39","0","0","1","0","0","1","0","1","0","1:1:0|2:1:2|2:0:1|2:0:1|0:1:1|2:0:2|0:0:0|3:3:0|0:0:0|0:0:0|0:0:0|0:0:0|2:0:2|0:0:0|1:2:0|0:0:0|0:0:0|2:0:2|0:0:0|0:0:0|1:1:0|0:0:0|0:0:0|0:0:0|0:0:0|0:0:0|1:1:0|0:0:0|1:1:0|0:0:0|0:0:0|0:0:0|4:0:3|1:1:0|1:2:0|1:1:0|0:0:0|0:0:0|0:0:0|2:1:2|2:0:1|0:0:0|0:0:0|0:0:0|0:0:0|0:0:0|1:2:0|0:0:0|0:0:0","1:1:0|2:1:2|2:0:1|2:0:1|0:1:1|2:0:2|0:0:0|3:3:0|0:0:0|0:0:0|0:0:0|0:0:0|2:0:2|0:0:0|1:2:0|0:0:0|0:0:0|2:0:2|0:0:0|0:0:0|1:1:0|0:0:0|0:0:0|0:0:0|0:0:0|0:0:0|1:1:0|0:1:0|1:1:0|0:0:0|0:0:0|0:0:0|4:0:3|1:1:0|1:2:0|1:1:0|0:0:0|0:0:0|0:0:0|2:1:2|2:0:1|0:0:0|0:0:0|0:0:0|0:0:0|0:0:0|1:2:0|0:0:0|0:0:0","1:1:0|2:1:2|2:0:1|2:0:1|0:1:1|2:0:2|0:0:0|3:3:0|0:0:0|0:0:0|0:0:0|0:0:0|2:0:2|0:0:0|1:2:0|0:0:0|0:0:0|2:0:2|0:0:0|0:0:0|1:1:0|0:0:0|0:0:0|0:0:0|0:0:0|0:0:0|1:1:0|1:1:0|1:1:0|0:0:0|0:0:0|0:0:0|4:0:3|1:1:0|3:3:0|1:1:0|0:0:0|0:0:0|0:0:0|2:1:2|2:0:1|0:0:0|0:0:0|0:0:0|0:0:0|0:0:0|1:2:0|0:0:0|0:0:0"
"7x7-p84","7x7-p84-uct-0500","500","1","27","0.482143","3","1","O46","MH","41","39","42","39","1","3","3","2","0","3","0","3","0","1:1:0|2:1:2|2:0:1|2:0:1|0:1:1|2:0:2|0:0:0|3:3:0|0:0:0|0:0:0|0:0:0|0:0:0|2:0:2|0:0:0|1:2:0|0:0:0|0:0:0|2:0:2|0:0:0|0:0:0|1:1:0|0:0:0|0:0:0|0:0:0|0:0:0|0:0:0|1:1:0|0:1:0|1:1:0|0:0:0|0:0:0|0:0:0|4:0:3|1:1:0|1:2:0|1:1:0|0:0:0|0:0:0|0:0:0|2:1:2|2:0:1|0:0:0|0:0:0|0:0:0|0:0:0|0:0:0|1:2:0|0:0:0|0:0:0","1:1:0|2:1:2|2:0:1|2:0:1|0:1:1|2:0:2|0:0:0|3:3:0|0:0:0|0:0:0|0:0:0|0:0:0|2:0:2|0:0:0|1:2:0|0:0:0|0:0:0|2:0:2|0:0:0|0:0:0|1:1:0|0:0:0|0:0:0|0:0:0|0:0:0|0:0:0|1:1:0|1:1:0|1:1:0|0:0:0|0:0:0|0:0:0|4:0:3|1:1:0|3:3:0|1:1:0|0:0:0|0:0:0|0:0:0|2:1:2|2:0:1|0:0:0|0:0:0|0:0:0|0:0:0|0:0:0|1:2:0|0:0:0|0:0:0","1:1:0|2:1:2|2:0:1|2:0:1|0:1:1|2:0:2|0:0:0|3:3:0|0:0:0|0:0:0|0:0:0|0:0:0|2:0:2|0:0:0|1:2:0|0:0:0|0:0:0|2:0:2|0:0:0|0:0:0|1:1:0|0:0:0|0:0:0|0:0:0|0:0:0|0:0:0|1:1:0|1:1:0|1:1:0|0:0:0|0:0:0|0:0:0|4:0:3|1:1:0|3:3:0|1:1:0|0:0:0|0:0:0|0:0:0|2:1:2|2:0:1|0:0:0|0:0:0|0:0:0|0:0:0|0:0:0|1:2:0|0:0:0|0:0:0"
"7x7-p84","7x7-p84-uct-0500","500","1","29","0.517857","1","1","O06","LH","42","42","43","42","0","0","1","0","0","1","0","1","0","1:1:0|2:1:2|2:0:1|2:0:1|0:1:1|2:0:2|0:0:0|3:3:0|0:0:0|0:0:0|0:0:0|0:0:0|2:0:2|0:0:0|1:2:0|0:0:0|0:0:0|2:0:2|0:0:0|0:0:0|1:1:0|0:0:0|0:0:0|0:0:0|0:0:0|0:0:0|1:1:0|1:1:0|1:1:0|0:0:0|0:0:0|0:0:0|4:0:3|1:1:0|3:3:0|1:1:0|0:0:0|0:0:0|0:0:0|2:1:2|2:0:1|0:0:0|0:0:0|0:0:0|0:0:0|0:0:0|1:2:0|0:0:0|0:0:0","1:1:0|2:1:2|2:0:1|2:0:1|0:1:1|2:0:2|0:1:0|3:3:0|0:0:0|0:0:0|0:0:0|0:0:0|2:0:2|0:0:0|1:2:0|0:0:0|0:0:0|2:0:2|0:0:0|0:0:0|1:1:0|0:0:0|0:0:0|0:0:0|0:0:0|0:0:0|1:1:0|1:1:0|1:1:0|0:0:0|0:0:0|0:0:0|4:0:3|1:1:0|3:3:0|1:1:0|0:0:0|0:0:0|0:0:0|2:1:2|2:0:1|0:0:0|0:0:0|0:0:0|0:0:0|0:0:0|1:2:0|0:0:0|0:0:0","1:1:0|2:1:2|2:0:1|2:0:1|0:1:1|2:0:2|1:1:0|3:3:0|0:0:0|0:0:0|0:0:0|0:0:0|2:0:2|0:0:0|1:2:0|0:0:0|0:0:0|2:0:2|0:0:0|0:0:0|1:1:0|0:0:0|0:0:0|0:0:0|0:0:0|0:0:0|1:1:0|1:1:0|1:2:0|0:0:0|0:0:0|0:0:0|4:0:3|1:1:0|3:3:0|1:1:0|0:0:0|0:0:0|0:0:0|2:1:2|2:0:1|0:0:0|0:0:0|0:0:0|0:0:0|0:0:0|1:2:0|0:0:0|0:0:0"
"7x7-p84","7x7-p84-uct-0500","500","1","29","0.517857","2","1","O40","ML","43","42","44","42","1","1","1","1","0","2","0","2","0","1:1:0|2:1:2|2:0:1|2:0:1|0:1:1|2:0:2|0:1:0|3:3:0|0:0:0|0:0:0|0:0:0|0:0:0|2:0:2|0:0:0|1:2:0|0:0:0|0:0:0|2:0:2|0:0:0|0:0:0|1:1:0|0:0:0|0:0:0|0:0:0|0:0:0|0:0:0|1:1:0|1:1:0|1:1:0|0:0:0|0:0:0|0:0:0|4:0:3|1:1:0|3:3:0|1:1:0|0:0:0|0:0:0|0:0:0|2:1:2|2:0:1|0:0:0|0:0:0|0:0:0|0:0:0|0:0:0|1:2:0|0:0:0|0:0:0","1:1:0|2:1:2|2:0:1|2:0:1|0:1:1|2:0:2|0:1:0|3:3:0|0:0:0|0:0:0|0:0:0|0:0:0|2:0:2|0:0:0|1:2:0|0:0:0|0:0:0|2:0:2|0:0:0|0:0:0|1:1:0|0:0:0|0:0:0|0:0:0|0:0:0|0:0:0|1:1:0|1:1:0|1:2:0|0:0:0|0:0:0|0:0:0|4:0:3|1:1:0|3:3:0|1:1:0|0:0:0|0:0:0|0:0:0|2:1:2|2:0:1|0:0:0|0:0:0|0:0:0|0:0:0|0:0:0|1:2:0|0:0:0|0:0:0","1:1:0|2:1:2|2:0:1|2:0:1|0:1:1|2:0:2|1:1:0|3:3:0|0:0:0|0:0:0|0:0:0|0:0:0|2:0:2|0:0:0|1:2:0|0:0:0|0:0:0|2:0:2|0:0:0|0:0:0|1:1:0|0:0:0|0:0:0|0:0:0|0:0:0|0:0:0|1:1:0|1:1:0|1:2:0|0:0:0|0:0:0|0:0:0|4:0:3|1:1:0|3:3:0|1:1:0|0:0:0|0:0:0|0:0:0|2:1:2|2:0:1|0:0:0|0:0:0|0:0:0|0:0:0|0:0:0|1:2:0|0:0:0|0:0:0"
"7x7-p84","7x7-p84-uct-0500","500","1","30","0.535714","1","2","O00","LL","45","42","45","43","1","1","0","1","0","1","1","1","1","1:1:0|2:1:2|2:0:1|2:0:1|0:1:1|2:0:2|1:1:0|3:3:0|0:0:0|0:0:0|0:0:0|0:0:0|2:0:2|0:0:0|1:2:0|0:0:0|0:0:0|2:0:2|0:0:0|0:0:0|1:1:0|0:0:0|0:0:0|0:0:0|0:0:0|0:0:0|1:1:0|1:1:0|1:2:0|0:0:0|0:0:0|0:0:0|4:0:3|1:1:0|3:3:0|1:1:0|0:0:0|0:0:0|0:0:0|2:1:2|2:0:1|0:0:0|0:0:0|0:0:0|0:0:0|0:0:0|1:2:0|0:0:0|0:0:0","1:1:1|2:1:2|2:0:1|2:0:1|0:1:1|2:0:2|1:1:0|3:3:0|0:0:0|0:0:0|0:0:0|0:0:0|2:0:2|0:0:0|1:2:0|0:0:0|0:0:0|2:0:2|0:0:0|0:0:0|1:1:0|0:0:0|0:0:0|0:0:0|0:0:0|0:0:0|1:1:0|1:1:0|1:2:0|0:0:0|0:0:0|0:0:0|4:0:3|1:1:0|3:3:0|1:1:0|0:0:0|0:0:0|0:0:0|2:1:2|2:0:1|0:0:0|0:0:0|0:0:0|0:0:0|0:0:0|1:2:0|0:0:0|0:0:0","0:1:1|2:1:2|2:0:1|2:0:1|0:1:1|2:0:2|0:1:1|3:3:0|0:0:0|0:0:0|0:0:0|0:0:0|2:0:2|0:0:0|1:2:0|0:0:0|0:0:0|4:0:3|0:0:0|0:0:0|1:1:0|0:0:0|0:0:0|0:0:0|0:0:0|0:0:0|1:1:0|1:1:0|1:2:0|0:0:0|0:0:0|0:0:0|4:0:3|1:1:0|3:3:0|1:1:0|0:0:0|0:0:0|0:0:0|2:1:2|2:0:1|0:0:0|0:0:0|0:0:0|0:0:0|0:0:0|1:2:0|0:0:0|0:0:0"
"7x7-p84","7x7-p84-uct-0500","500","1","30","0.535714","2","2","O23","MM","45","43","45","44","2","2","4","0","2","0","3","0","3","1:1:1|2:1:2|2:0:1|2:0:1|0:1:1|2:0:2|1:1:0|3:3:0|0:0:0|0:0:0|0:0:0|0:0:0|2:0:2|0:0:0|1:2:0|0:0:0|0:0:0|2:0:2|0:0:0|0:0:0|1:1:0|0:0:0|0:0:0|0:0:0|0:0:0|0:0:0|1:1:0|1:1:0|1:2:0|0:0:0|0:0:0|0:0:0|4:0:3|1:1:0|3:3:0|1:1:0|0:0:0|0:0:0|0:0:0|2:1:2|2:0:1|0:0:0|0:0:0|0:0:0|0:0:0|0:0:0|1:2:0|0:0:0|0:0:0","1:1:1|2:1:2|2:0:1|2:0:1|0:1:1|2:0:2|1:1:0|3:3:0|0:0:0|0:0:0|0:0:0|0:0:0|2:0:2|0:0:0|1:2:0|0:0:0|0:0:0|2:0:3|0:0:0|0:0:0|1:1:0|0:0:0|0:0:0|0:0:0|0:0:0|0:0:0|1:1:0|1:1:0|1:2:0|0:0:0|0:0:0|0:0:0|4:0:3|1:1:0|3:3:0|1:1:0|0:0:0|0:0:0|0:0:0|2:1:2|2:0:1|0:0:0|0:0:0|0:0:0|0:0:0|0:0:0|1:2:0|0:0:0|0:0:0","0:1:1|2:1:2|2:0:1|2:0:1|0:1:1|2:0:2|0:1:1|3:3:0|0:0:0|0:0:0|0:0:0|0:0:0|2:0:2|0:0:0|1:2:0|0:0:0|0:0:0|4:0:3|0:0:0|0:0:0|1:1:0|0:0:0|0:0:0|0:0:0|0:0:0|0:0:0|1:1:0|1:1:0|1:2:0|0:0:0|0:0:0|0:0:0|4:0:3|1:1:0|3:3:0|1:1:0|0:0:0|0:0:0|0:0:0|2:1:2|2:0:1|0:0:0|0:0:0|0:0:0|0:0:0|0:0:0|1:2:0|0:0:0|0:0:0"
"7x7-p84","7x7-p84-uct-0500","500","1","30","0.535714","3","2","O06","LH","45","44","45","45","1","0","0","1","0","1","1","1","1","1:1:1|2:1:2|2:0:1|2:0:1|0:1:1|2:0:2|1:1:0|3:3:0|0:0:0|0:0:0|0:0:0|0:0:0|2:0:2|0:0:0|1:2:0|0:0:0|0:0:0|2:0:3|0:0:0|0:0:0|1:1:0|0:0:0|0:0:0|0:0:0|0:0:0|0:0:0|1:1:0|1:1:0|1:2:0|0:0:0|0:0:0|0:0:0|4:0:3|1:1:0|3:3:0|1:1:0|0:0:0|0:0:0|0:0:0|2:1:2|2:0:1|0:0:0|0:0:0|0:0:0|0:0:0|0:0:0|1:2:0|0:0:0|0:0:0","0:1:1|2:1:2|2:0:1|2:0:1|0:1:1|2:0:2|0:1:1|3:3:0|0:0:0|0:0:0|0:0:0|0:0:0|2:0:2|0:0:0|1:2:0|0:0:0|0:0:0|4:0:3|0:0:0|0:0:0|1:1:0|0:0:0|0:0:0|0:0:0|0:0:0|0:0:0|1:1:0|1:1:0|1:2:0|0:0:0|0:0:0|0:0:0|4:0:3|1:1:0|3:3:0|1:1:0|0:0:0|0:0:0|0:0:0|2:1:2|2:0:1|0:0:0|0:0:0|0:0:0|0:0:0|0:0:0|1:2:0|0:0:0|0:0:0","0:1:1|2:1:2|2:0:1|2:0:1|0:1:1|2:0:2|0:1:1|3:3:0|0:0:0|0:0:0|0:0:0|0:0:0|2:0:2|0:0:0|1:2:0|0:0:0|0:0:0|4:0:3|0:0:0|0:0:0|1:1:0|0:0:0|0:0:0|0:0:0|0:0:0|0:0:0|1:1:0|1:1:0|1:2:0|0:0:0|0:0:0|0:0:0|4:0:3|1:1:0|3:3:0|1:1:0|0:0:0|0:0:0|0:0:0|2:1:2|2:0:1|0:0:0|0:0:0|0:0:0|0:0:0|0:0:0|1:2:0|0:0:0|0:0:0"
"7x7-p84","7x7-p84-uct-0500","500","1","31","0.553571","1","1","O20","ML","45","45","46","45","1","1","3","2","0","3","0","3","0","0:1:1|2:1:2|2:0:1|2:0:1|0:1:1|2:0:2|0:1:1|3:3:0|0:0:0|0:0:0|0:0:0|0:0:0|2:0:2|0:0:0|1:2:0|0:0:0|0:0:0|4:0:3|0:0:0|0:0:0|1:1:0|0:0:0|0:0:0|0:0:0|0:0:0|0:0:0|1:1:0|1:1:0|1:2:0|0:0:0|0:0:0|0:0:0|4:0:3|1:1:0|3:3:0|1:1:0|0:0:0|0:0:0|0:0:0|2:1:2|2:0:1|0:0:0|0:0:0|0:0:0|0:0:0|0:0:0|1:2:0|0:0:0|0:0:0","0:1:1|2:1:2|2:0:1|2:0:1|0:1:1|2:0:2|0:1:1|3:3:0|0:0:0|0:0:0|0:0:0|0:0:0|2:0:2|0:0:0|1:3:0|0:0:0|0:0:0|4:0:3|0:0:0|0:0:0|1:1:0|0:0:0|0:0:0|0:0:0|0:0:0|0:0:0|1:1:0|1:1:0|1:2:0|0:0:0|0:0:0|0:0:0|4:0:3|1:1:0|3:3:0|1:1:0|0:0:0|0:0:0|0:0:0|2:1:2|2:0:1|0:0:0|0:0:0|0:0:0|0:0:0|0:0:0|1:2:0|0:0:0|0:0:0","0:1:1|2:1:2|2:0:1|2:0:1|0:1:1|2:0:2|0:1:1|3:3:0|0:0:0|0:0:0|0:0:0|0:0:0|2:0:2|0:0:0|3:3:0|0:0:0|0:0:0|4:0:3|0:0:0|0:0:0|1:1:0|0:0:0|0:0:0|0:0:0|0:0:0|0:0:0|1:1:0|1:1:0|1:2:0|0:0:0|0:0:0|0:0:0|4:0:3|1:1:0|3:3:0|1:1:0|0:0:0|0:0:0|0:0:0|2:1:2|2:0:1|0:0:0|0:0:0|0:0:0|0:0:0|0:0:0|1:2:0|0:0:0|0:0:0"
"7x7-p84","7x7-p84-uct-0500","500","1","32","0.571429","1","2","O14","LM","48","45","48","46","0","0","2","0","0","0","1","0","1","0:1:1|2:1:2|2:0:1|2:0:1|0:1:1|2:0:2|0:1:1|3:3:0|0:0:0|0:0:0|0:0:0|0:0:0|2:0:2|0:0:0|3:3:0|0:0:0|0:0:0|4:0:3|0:0:0|0:0:0|1:1:0|0:0:0|0:0:0|0:0:0|0:0:0|0:0:0|1:1:0|1:1:0|1:2:0|0:0:0|0:0:0|0:0:0|4:0:3|1:1:0|3:3:0|1:1:0|0:0:0|0:0:0|0:0:0|2:1:2|2:0:1|0:0:0|0:0:0|0:0:0|0:0:0|0:0:0|1:2:0|0:0:0|0:0:0","0:1:1|2:1:2|2:0:1|2:0:1|0:1:1|2:0:2|0:1:1|3:3:0|0:0:0|0:0:0|0:0:0|0:0:1|2:0:2|0:0:0|3:3:0|0:0:0|0:0:0|4:0:3|0:0:0|0:0:0|1:1:0|0:0:0|0:0:0|0:0:0|0:0:0|0:0:0|1:1:0|1:1:0|1:2:0|0:0:0|0:0:0|0:0:0|4:0:3|1:1:0|3:3:0|1:1:0|0:0:0|0:0:0|0:0:0|2:1:2|2:0:1|0:0:0|0:0:0|0:0:0|0:0:0|0:0:0|1:2:0|0:0:0|0:0:0","0:1:1|2:1:2|2:0:1|2:0:1|0:1:1|2:0:2|2:1:2|3:3:0|0:0:0|0:0:0|0:0:0|2:0:1|2:0:2|0:0:0|3:3:0|0:0:0|0:0:0|4:0:3|0:0:0|0:0:0|1:1:0|0:0:0|0:0:0|0:0:0|2:0:1|0:0:0|1:1:0|1:1:0|1:2:0|0:0:0|0:0:0|0:0:0|4:0:3|1:1:0|3:3:0|1:1:0|0:0:0|0:0:0|0:0:0|2:1:2|2:0:1|0:0:0|0:0:0|0:0:0|0:0:0|0:0:0|1:2:0|0:0:0|0:0:0"
"7x7-p84","7x7-p84-uct-0500","500","1","32","0.571429","2","2","O06","LH","48","46","48","47","0","0","2","1","1","1","2","1","2","0:1:1|2:1:2|2:0:1|2:0:1|0:1:1|2:0:2|0:1:1|3:3:0|0:0:0|0:0:0|0:0:0|0:0:1|2:0:2|0:0:0|3:3:0|0:0:0|0:0:0|4:0:3|0:0:0|0:0:0|1:1:0|0:0:0|0:0:0|0:0:0|0:0:0|0:0:0|1:1:0|1:1:0|1:2:0|0:0:0|0:0:0|0:0:0|4:0:3|1:1:0|3:3:0|1:1:0|0:0:0|0:0:0|0:0:0|2:1:2|2:0:1|0:0:0|0:0:0|0:0:0|0:0:0|0:0:0|1:2:0|0:0:0|0:0:0","0:1:1|2:1:2|2:0:1|2:0:1|0:1:1|2:0:2|0:1:2|3:3:0|0:0:0|0:0:0|0:0:0|0:0:1|2:0:2|0:0:0|3:3:0|0:0:0|0:0:0|4:0:3|0:0:0|0:0:0|1:1:0|0:0:0|0:0:0|0:0:0|0:0:0|0:0:0|1:1:0|1:1:0|1:2:0|0:0:0|0:0:0|0:0:0|4:0:3|1:1:0|3:3:0|1:1:0|0:0:0|0:0:0|0:0:0|2:1:2|2:0:1|0:0:0|0:0:0|0:0:0|0:0:0|0:0:0|1:2:0|0:0:0|0:0:0","0:1:1|2:1:2|2:0:1|2:0:1|0:1:1|2:0:2|2:1:2|3:3:0|0:0:0|0:0:0|0:0:0|2:0:1|2:0:2|0:0:0|3:3:0|0:0:0|0:0:0|4:0:3|0:0:0|0:0:0|1:1:0|0:0:0|0:0:0|0:0:0|2:0:1|0:0:0|1:1:0|1:1:0|1:2:0|0:0:0|0:0:0|0:0:0|4:0:3|1:1:0|3:3:0|1:1:0|0:0:0|0:0:0|0:0:0|2:1:2|2:0:1|0:0:0|0:0:0|0:0:0|0:0:0|0:0:0|1:2:0|0:0:0|0:0:0"
"7x7-p84","7x7-p84-uct-0500","500","1","32","0.571429","3","2","O33","MM","48","47","48","48","0","2","2","0","0","0","1","0","1","0:1:1|2:1:2|2:0:1|2:0:1|0:1:1|2:0:2|0:1:2|3:3:0|0:0:0|0:0:0|0:0:0|0:0:1|2:0:2|0:0:0|3:3:0|0:0:0|0:0:0|4:0:3|0:0:0|0:0:0|1:1:0|0:0:0|0:0:0|0:0:0|0:0:0|0:0:0|1:1:0|1:1:0|1:2:0|0:0:0|0:0:0|0:0:0|4:0:3|1:1:0|3:3:0|1:1:0|0:0:0|0:0:0|0:0:0|2:1:2|2:0:1|0:0:0|0:0:0|0:0:0|0:0:0|0:0:0|1:2:0|0:0:0|0:0:0","0:1:1|2:1:2|2:0:1|2:0:1|0:1:1|2:0:2|2:1:2|3:3:0|0:0:0|0:0:0|0:0:0|2:0:1|2:0:2|0:0:0|3:3:0|0:0:0|0:0:0|4:0:3|0:0:0|0:0:0|1:1:0|0:0:0|0:0:0|0:0:0|2:0:1|0:0:0|1:1:0|1:1:0|1:2:0|0:0:0|0:0:0|0:0:0|4:0:3|1:1:0|3:3:0|1:1:0|0:0:0|0:0:0|0:0:0|2:1:2|2:0:1|0:0:0|0:0:0|0:0:0|0:0:0|0:0:0|1:2:0|0:0:0|0:0:0","0:1:1|2:1:2|2:0:1|2:0:1|0:1:1|2:0:2|2:1:2|3:3:0|0:0:0|0:0:0|0:0:0|2:0:1|2:0:2|0:0:0|3:3:0|0:0:0|0:0:0|4:0:3|0:0:0|0:0:0|1:1:0|0:0:0|0:0:0|0:0:0|2:0:1|0:0:0|1:1:0|1:1:0|1:2:0|0:0:0|0:0:0|0:0:0|4:0:3|1:1:0|3:3:0|1:1:0|0:0:0|0:0:0|0:0:0|2:1:2|2:0:1|0:0:0|0:0:0|0:0:0|0:0:0|0:0:0|1:2:0|0:0:0|0:0:0"
"7x7-p84","7x7-p84-uct-0500","500","1","33","0.589286","2","1","O66","HH","49","48","50","48","0","0","1","0","0","1","0","1","0","0:1:1|2:1:2|2:0:1|2:0:1|0:1:1|2:0:2|2:1:2|3:3:0|0:0:0|0:0:0|0:0:0|2:0:1|2:0:2|0:0:0|3:3:0|0:0:0|0:0:0|4:0:3|0:0:0|0:0:0|1:1:0|0:0:0|0:0:0|0:0:0|2:0:1|0:0:0|1:1:0|1:1:0|1:2:0|0:0:0|0:0:0|0:0:0|4:0:3|1:1:0|3:3:0|1:1:0|0:0:0|0:0:0|0:0:0|2:1:2|2:0:1|0:0:0|0:0:0|0:0:0|0:0:0|0:0:0|1:2:0|0:0:0|0:0:0","0:1:1|2:1:2|2:0:1|2:0:1|0:1:1|2:0:2|2:1:2|3:3:0|0:0:0|0:0:0|0:0:0|2:0:1|2:0:2|0:0:0|3:3:0|0:0:0|0:0:0|4:0:3|0:0:0|0:0:0|1:1:0|0:0:0|0:0:0|0:0:0|2:0:1|0:0:0|1:1:0|1:1:0|1:2:0|0:0:0|0:0:0|0:0:0|4:0:3|1:1:0|3:3:0|1:1:0|0:0:0|0:0:0|0:0:0|2:1:2|2:0:1|0:0:0|0:0:0|0:0:0|0:0:0|0:0:0|1:2:0|0:0:0|0:1:0","0:1:1|2:1:2|2:0:1|2:0:1|0:1:1|2:0:2|2:1:2|3:3:0|0:0:0|0:0:0|0:0:0|2:0:1|2:0:2|0:0:0|3:3:0|0:0:0|0:0:0|4:0:3|0:0:0|0:0:0|1:1:0|0:0:0|0:0:0|0:0:0|2:0:1|0:0:0|1:1:0|1:1:0|1:2:0|0:0:0|0:0:0|0:0:0|4:0:3|1:1:0|3:3:0|1:1:0|0:0:0|0:0:0|0:0:0|2:1:2|2:0:1|0:0:0|0:0:0|0:0:0|0:0:0|0:0:0|1:2:0|0:0:0|1:1:0"
"7x7-p84","7x7-p84-uct-0500","500","1","34","0.607143","2","2","O54","HM","51","49","51","50","2","2","4","1","2","1","3","1","3","0:1:1|2:1:2|2:0:1|2:0:1|0:1:1|2:0:2|2:1:2|3:3:0|0:0:0|0:0:0|0:0:0|2:0:1|2:0:2|0:0:0|3:3:0|0:0:0|0:0:0|4:0:3|0:0:0|0:0:0|1:1:0|0:0:0|0:0:0|0:0:0|2:0:1|0:0:0|1:1:0|1:1:0|1:2:0|0:0:0|0:0:0|0:0:0|4:0:3|1:1:0|3:3:0|1:1:0|0:0:0|0:0:0|0:0:0|2:1:2|2:0:1|0:0:0|0:0:0|0:0:0|0:0:0|0:0:0|1:2:0|0:0:0|1:1:0","0:1:1|2:1:2|2:0:1|2:0:1|0:1:1|2:0:2|2:1:2|3:3:0|0:0:0|0:0:0|0:0:0|2:0:1|2:0:2|0:0:0|3:3:0|0:0:0|0:0:0|4:0:3|0:0:0|0:0:0|1:1:0|0:0:0|0:0:0|0:0:0|2:0:1|0:0:0|1:1:0|1:1:0|1:2:0|0:0:0|0:0:0|0:0:0|4:0:3|1:1:0|3:3:0|1:1:0|0:0:0|0:0:0|0:0:0|2:1:3|2:0:1|0:0:0|0:0:0|0:0:0|0:0:0|0:0:0|1:2:0|0:0:0|1:1:0","0:1:1|2:1:2|2:0:1|2:0:1|0:1:1|2:0:2|2:1:2|3:3:0|0:0:0|0:0:0|0:0:0|2:0:1|2:0:2|0:0:0|3:3:0|0:0:0|0:0:0|4:0:3|0:0:0|0:0:0|1:1:0|0:0:0|0:0:0|0:0:0|2:0:1|0:0:0|1:1:0|1:1:0|1:2:0|0:0:0|0:0:0|0:0:0|4:0:3|1:1:0|3:3:0|1:1:0|0:0:0|0:0:0|0:0:0|4:1:3|2:0:1|0:0:0|0:0:0|0:0:0|0:0:0|0:0:0|1:2:0|0:0:0|1:1:0"
"7x7-p84","7x7-p84-uct-0500","500","1","35","0.625000","1","1","O65","HH","51","51","52","51","0","0","1","0","0","1","0","2","0","0:1:1|2:1:2|2:0:1|2:0:1|0:1:1|2:0:2|2:1:2|3:3:0|0:0:0|0:0:0|0:0:0|2:0:1|2:0:2|0:0:0|3:3:0|0:0:0|0:0:0|4:0:3|0:0:0|0:0:0|1:1:0|0:0:0|0:0:0|0:0:0|2:0:1|0:0:0|1:1:0|1:1:0|1:2:0|0:0:0|0:0:0|0:0:0|4:0:3|1:1:0|3:3:0|1:1:0|0:0:0|0:0:0|0:0:0|4:1:3|2:0:1|0:0:0|0:0:0|0:0:0|0:0:0|0:0:0|1:2:0|0:0:0|1:1:0","0:1:1|2:1:2|2:0:1|2:0:1|0:1:1|2:0:2|2:1:2|3:3:0|0:0:0|0:0:0|0:0:0|2:0:1|2:0:2|0:0:0|3:3:0|0:0:0|0:0:0|4:0:3|0:0:0|0:0:0|1:1:0|0:0:0|0:0:0|0:0:0|2:0:1|0:0:0|1:1:0|1:1:0|1:2:0|0:0:0|0:0:0|0:0:0|4:0:3|1:1:0|3:3:0|1:1:0|0:0:0|0:0:0|0:0:0|4:1:3|2:0:1|0:0:0|0:0:0|0:0:0|0:0:0|0:0:0|1:2:0|0:1:0|1:1:0","0:1:1|2:1:2|2:0:1|2:0:1|0:1:1|2:0:2|2:1:2|3:3:0|0:0:0|0:0:0|0:0:0|2:0:1|2:0:2|0:0:0|3:3:0|0:0:0|0:0:0|4:0:3|0:0:0|0:0:0|1:1:0|0:0:0|0:0:0|0:0:0|2:0:1|0:0:0|1:1:0|1:2:0|1:2:0|0:0:0|0:0:0|0:0:0|4:0:3|1:1:0|3:3:0|1:1:0|0:0:0|0:0:0|0:0:0|4:1:3|2:0:1|0:0:0|0:0:0|0:0:0|0:0:0|0:0:0|1:2:0|1:2:0|1:1:0"
"7x7-p84","7x7-p84-uct-0500","500","1","35","0.625000","2","1","O65","HH","52","51","53","51","0","0","1","1","0","2","0","2","0","0:1:1|2:1:2|2:0:1|2:0:1|0:1:1|2:0:2|2:1:2|3:3:0|0:0:0|0:0:0|0:0:0|2:0:1|2:0:2|0:0:0|3:3:0|0:0:0|0:0:0|4:0:3|0:0:0|0:0:0|1:1:0|0:0:0|0:0:0|0:0:0|2:0:1|0:0:0|1:1:0|1:1:0|1:2:0|0:0:0|0:0:0|0:0:0|4:0:3|1:1:0|3:3:0|1:1:0|0:0:0|0:0:0|0:0:0|4:1:3|2:0:1|0:0:0|0:0:0|0:0:0|0:0:0|0:0:0|1:2:0|0:1:0|1:1:0","0:1:1|2:1:2|2:0:1|2:0:1|0:1:1|2:0:2|2:1:2|3:3:0|0:0:0|0:0:0|0:0:0|2:0:1|2:0:2|0:0:0|3:3:0|0:0:0|0:0:0|4:0:3|0:0:0|0:0:0|1:1:0|0:0:0|0:0:0|0:0:0|2:0:1|0:0:0|1:1:0|1:1:0|1:2:0|0:0:0|0:0:0|0:0:0|4:0:3|1:1:0|3:3:0|1:1:0|0:0:0|0:0:0|0:0:0|4:1:3|2:0:1|0:0:0|0:0:0|0:0:0|0:0:0|0:0:0|1:2:0|0:2:0|1:1:0","0:1:1|2:1:2|2:0:1|2:0:1|0:1:1|2:0:2|2:1:2|3:3:0|0:0:0|0:0:0|0:0:0|2:0:1|2:0:2|0:0:0|3:3:0|0:0:0|0:0:0|4:0:3|0:0:0|0:0:0|1:1:0|0:0:0|0:0:0|0:0:0|2:0:1|0:0:0|1:1:0|1:2:0|1:2:0|0:0:0|0:0:0|0:0:0|4:0:3|1:1:0|3:3:0|1:1:0|0:0:0|0:0:0|0:0:0|4:1:3|2:0:1|0:0:0|0:0:0|0:0:0|0:0:0|0:0:0|1:2:0|1:2:0|1:1:0"
"7x7-p84","7x7-p84-uct-0500","500","1","35","0.625000","3","1","O36","MH","53","51","54","51","1","1","1","1","0","2","0","2","0","0:1:1|2:1:2|2:0:1|2:0:1|0:1:1|2:0:2|2:1:2|3:3:0|0:0:0|0:0:0|0:0:0|2:0:1|2:0:2|0:0:0|3:3:0|0:0:0|0:0:0|4:0:3|0:0:0|0:0:0|1:1:0|0:0:0|0:0:0|0:0:0|2:0:1|0:0:0|1:1:0|1:1:0|1:2:0|0:0:0|0:0:0|0:0:0|4:0:3|1:1:0|3:3:0|1:1:0|0:0:0|0:0:0|0:0:0|4:1:3|2:0:1|0:0:0|0:0:0|0:0:0|0:0:0|0:0:0|1:2:0|0:2:0|1:1:0","0:1:1|2:1:2|2:0:1|2:0:1|0:1:1|2:0:2|2:1:2|3:3:0|0:0:0|0:0:0|0:0:0|2:0:1|2:0:2|0:0:0|3:3:0|0:0:0|0:0:0|4:0:3|0:0:0|0:0:0|1:1:0|0:0:0|0:0:0|0:0:0|2:0:1|0:0:0|1:1:0|1:2:0|1:2:0|0:0:0|0:0:0|0:0:0|4:0:3|1:1:0|3:3:0|1:1:0|0:0:0|0:0:0|0:0:0|4:1:3|2:0:1|0:0:0|0:0:0|0:0:0|0:0:0|0:0:0|1:2:0|1:2:0|1:1:0","0:1:1|2:1:2|2:0:1|2:0:1|0:1:1|2:0:2|2:1:2|3:3:0|0:0:0|0:0:0|0:0:0|2:0:1|2:0:2|0:0:0|3:3:0|0:0:0|0:0:0|4:0:3|0:0:0|0:0:0|1:1:0|0:0:0|0:0:0|0:0:0|2:0:1|0:0:0|1:1:0|1:2:0|1:2:0|0:0:0|0:0:0|0:0:0|4:0:3|1:1:0|3:3:0|1:1:0|0:0:0|0:0:0|0:0:0|4:1:3|2:0:1|0:0:0|0:0:0|0:0:0|0:0:0|0:0:0|1:2:0|1:2:0|1:1:0"
"7x7-p84","7x7-p84-uct-0500","500","1","36","0.642857","1","2","O15","LH","54","51","54","52","2","2","4","0","2","0","3","0","3","0:1:1|2:1:2|2:0:1|2:0:1|0:1:1|2:0:2|2:1:2|3:3:0|0:0:0|0:0:0|0:0:0|2:0:1|2:0:2|0:0:0|3:3:0|0:0:0|0:0:0|4:0:3|0:0:0|0:0:0|1:1:0|0:0:0|0:0:0|0:0:0|2:0:1|0:0:0|1:1:0|1:2:0|1:2:0|0:0:0|0:0:0|0:0:0|4:0:3|1:1:0|3:3:0|1:1:0|0:0:0|0:0:0|0:0:0|4:1:3|2:0:1|0:0:0|0:0:0|0:0:0|0:0:0|0:0:0|1:2:0|1:2:0|1:1:0","0:1:1|2:1:2|2:0:1|2:0:1|0:1:1|2:0:2|2:1:2|3:3:0|0:0:0|0:0:0|0:0:0|2:0:1|2:0:3|0:0:0|3:3:0|0:0:0|0:0:0|4:0:3|0:0:0|0:0:0|1:1:0|0:0:0|0:0:0|0:0:0|2:0:1|0:0:0|1:1:0|1:2:0|1:2:0|0:0:0|0:0:0|0:0:0|4:0:3|1:1:0|3:3:0|1:1:0|0:0:0|0:0:0|0:0:0|4:1:3|2:0:1|0:0:0|0:0:0|0:0:0|0:0:0|0:0:0|1:2:0|1:2:0|1:1:0","0:1:1|2:1:2|2:0:1|2:0:1|0:1:1|2:0:2|2:1:2|3:3:0|0:0:0|0:0:0|0:0:0|2:0:1|4:0:3|0:0:0|3:3:0|0:0:0|0:0:0|4:0:3|0:0:0|0:0:0|1:1:0|0:0:0|0:0:0|0:0:0|2:0:1|0:0:0|1:1:0|1:2:0|1:2:0|0:0:0|0:0:0|0:0:0|4:0:3|1:1:0|3:3:0|1:1:0|2:0:1|0:0:0|0:0:0|4:1:3|2:0:1|0:0:0|0:0:0|0:0:0|0:0:0|0:0:0|1:2:0|1:2:0|1:1:0"
"7x7-p84","7x7-p84-uct-0500","500","1","36","0.642857","2","2","O51","HL","54","52","54","53","0","0","2","0","0","0","1","0","1","0:1:1|2:1:2|2:0:1|2:0:1|0:1:1|2:0:2|2:1:2|3:3:0|0:0:0|0:0:0|0:0:0|2:0:1|2:0:3|0:0:0|3:3:0|0:0:0|0:0:0|4:0:3|0:0:0|0:0:0|1:1:0|0:0:0|0:0:0|0:0:0|2:0:1|0:0:0|1:1:0|1:2:0|1:2:0|0:0:0|0:0:0|0:0:0|4:0:3|1:1:0|3:3:0|1:1:0|0:0:0|0:0:0|0:0:0|4:1:3|2:0:1|0:0:0|0:0:0|0:0:0|0:0:0|0:0:0|1:2:0|1:2:0|1:1:0","0:1:1|2:1:2|2:0:1|2:0:1|0:1:1|2:0:2|2:1:2|3:3:0|0:0:0|0:0:0|0:0:0|2:0:1|2:0:3|0:0:0|3:3:0|0:0:0|0:0:0|4:0:3|0:0:0|0:0:0|1:1:0|0:0:0|0:0:0|0:0:0|2:0:1|0:0:0|1:1:0|1:2:0|1:2:0|0:0:0|0:0:0|0:0:0|4:0:3|1:1:0|3:3:0|1:1:0|0:0:1|0:0:0|0:0:0|4:1:3|2:0:1|0:0:0|0:0:0|0:0:0|0:0:0|0:0:0|1:2:0|1:2:0|1:1:0","0:1:1|2:1:2|2:0:1|2:0:1|0:1:1|2:0:2|2:1:2|3:3:0|0:0:0|0:0:0|0:0:0|2:0:1|4:0:3|0:0:0|3:3:0|0:0:0|0:0:0|4:0:3|0:0:0|0:0:0|1:1:0|0:0:0|0:0:0|0:0:0|2:0:1|0:0:0|1:1:0|1:2:0|1:2:0|0:0:0|0:0:0|0:0:0|4:0:3|1:1:0|3:3:0|1:1:0|2:0:1|0:0:0|0:0:0|4:1:3|2:0:1|0:0:0|0:0:0|0:0:0|0:0:0|0:0:0|1:2:0|1:2:0|1:1:0"
"7x7-p84","7x7-p84-uct-0500","500","1","37","0.660714","1","1","O65","HH","54","54","55","54","1","1","3","2","0","3","0","3","0","0:1:1|2:1:2|2:0:1|2:0:1|0:1:1|2:0:2|2:1:2|3:3:0|0:0:0|0:0:0|0:0:0|2:0:1|4:0:3|0:0:0|3:3:0|0:0:0|0:0:0|4:0:3|0:0:0|0:0:0|1:1:0|0:0:0|0:0:0|0:0:0|2:0:1|0:0:0|1:1:0|1:2:0|1:2:0|0:0:0|0:0:0|0:0:0|4:0:3|1:1:0|3:3:0|1:1:0|2:0:1|0:0:0|0:0:0|4:1:3|2:0:1|0:0:0|0:0:0|0:0:0|0:0:0|0:0:0|1:2:0|1:2:0|1:1:0","0:1:1|2:1:2|2:0:1|2:0:1|0:1:1|2:0:2|2:1:2|3:3:0|0:0:0|0:0:0|0:0:0|2:0:1|4:0:3|0:0:0|3:3:0|0:0:0|0:0:0|4:0:3|0:0:0|0:0:0|1:1:0|0:0:0|0:0:0|0:0:0|2:0:1|0:0:0|1:1:0|1:2:0|1:2:0|0:0:0|0:0:0|0:0:0|4:0:3|1:1:0|3:3:0|1:1:0|2:0:1|0:0:0|0:0:0|4:1:3|2:0:1|0:0:0|0:0:0|0:0:0|0:0:0|0:0:0|1:2:0|1:3:0|1:1:0","0:1:1|2:1:2|2:0:1|2:0:1|0:1:1|2:0:2|2:1:2|3:3:0|0:0:0|0:0:0|0:0:0|2:0:1|4:0:3|0:0:0|3:3:0|0:0:0|0:0:0|4:0:3|0:0:0|0:0:0|1:1:0|0:0:0|0:0:0|0:0:0|2:0:1|0:0:0|1:1:0|1:2:0|1:2:0|0:0:0|0:0:0|0:0:0|4:0:3|1:2:0|3:3:0|1:1:0|2:0:1|0:0:0|0:0:0|4:1:3|2:0:1|0:0:0|0:0:0|0:0:0|0:0:0|0:0:0|1:2:0|3:3:0|1:1:0"
"7x7-p84","7x7-p84-uct-0500","500","1","37","0.660714","2","1","O45","MH","55","54","56","54","1","1","1","1","0","2","0","2","0","0:1:1|2:1:2|2:0:1|2:0:1|0:1:1|2:0:2|2:1:2|3:3:0|0:0:0|0:0:0|0:0:0|2:0:1|4:0:3|0:0:0|3:3:0|0:0:0|0:0:0|4:0:3|0:0:0|0:0:0|1:1:0|0:0:0|0:0:0|0:0:0|2:0:1|0:0:0|1:1:0|1:2:0|1:2:0|0:0:0|0:0:0|0:0:0|4:0:3|1:1:0|3:3:0|1:1:0|2:0:1|0:0:0|0:0:0|4:1:3|2:0:1|0:0:0|0:0:0|0:0:0|0:0:0|0:0:0|1:2:0|1:3:0|1:1:0","0:1:1|2:1:2|2:0:1|2:0:1|0:1:1|2:0:2|2:1:2|3:3:0|0:0:0|0:0:0|0:0:0|2:0:1|4:0:3|0:0:0|3:3:0|0:0:0|0:0:0|4:0:3|0:0:0|0:0:0|1:1:0|0:0:0|0:0:0|0:0:0|2:0:1|0:0:0|1:1:0|1:2:0|1:2:0|0:0:0|0:0:0|0:0:0|4:0:3|1:2:0|3:3:0|1:1:0|2:0:1|0:0:0|0:0:0|4:1:3|2:0:1|0:0:0|0:0:0|0:0:0|0:0:0|0:0:0|1:2:0|1:3:0|1:1:0","0:1:1|2:1:2|2:0:1|2:0:1|0:1:1|2:0:2|2:1:2|3:3:0|0:0:0|0:0:0|0:0:0|2:0:1|4:0:3|0:0:0|3:3:0|0:0:0|0:0:0|4:0:3|0:0:0|0:0:0|1:1:0|0:0:0|0:0:0|0:0:0|2:0:1|0:0:0|1:1:0|1:2:0|1:2:0|0:0:0|0:0:0|0:0:0|4:0:3|1:2:0|3:3:0|1:1:0|2:0:1|0:0:0|0:0:0|4:1:3|2:0:1|0:0:0|0:0:0|0:0:0|0:0:0|0:0:0|1:2:0|3:3:0|1:1:0"
"7x7-p84","7x7-p84-uct-0500","500","1","38","0.678571","1","2","O34","MM","57","54","57","55","0","0","2","0","0","0","1","0","1","0:1:1|2:1:2|2:0:1|2:0:1|0:1:1|2:0:2|2:1:2|3:3:0|0:0:0|0:0:0|0:0:0|2:0:1|4:0:3|0:0:0|3:3:0|0:0:0|0:0:0|4:0:3|0:0:0|0:0:0|1:1:0|0:0:0|0:0:0|0:0:0|2:0:1|0:0:0|1:1:0|1:2:0|1:2:0|0:0:0|0:0:0|0:0:0|4:0:3|1:2:0|3:3:0|1:1:0|2:0:1|0:0:0|0:0:0|4:1:3|2:0:1|0:0:0|0:0:0|0:0:0|0:0:0|0:0:0|1:2:0|3:3:0|1:1:0","0:1:1|2:1:2|2:0:1|2:0:1|0:1:1|2:0:2|2:1:2|3:3:0|0:0:0|0:0:0|0:0:0|2:0:1|4:0:3|0:0:0|3:3:0|0:0:0|0:0:0|4:0:3|0:0:0|0:0:0|1:1:0|0:0:0|0:0:0|0:0:0|2:0:1|0:0:1|1:1:0|1:2:0|1:2:0|0:0:0|0:0:0|0:0:0|4:0:3|1:2:0|3:3:0|1:1:0|2:0:1|0:0:0|0:0:0|4:1:3|2:0:1|0:0:0|0:0:0|0:0:0|0:0:0|0:0:0|1:2:0|3:3:0|1:1:0","0:1:1|2:1:2|2:0:1|2:0:1|0:1:1|2:0:2|2:1:2|3:3:0|0:0:0|0:0:0|0:0:0|2:0:1|4:0:3|0:0:0|3:3:0|0:0:0|0:0:0|4:0:3|0:0:0|0:0:0|1:1:0|0:0:0|0:0:0|0:0:0|2:0:1|2:0:1|1:1:0|1:2:0|1:2:0|0:0:0|0:0:0|0:0:0|4:0:3|1:2:0|3:3:0|1:1:0|2:0:1|2:0:1|0:0:0|4:1:3|2:0:1|0:0:0|0:0:0|0:0:0|0:0:0|0:0:0|1:2:0|3:3:0|1:1:0"
"7x7-p84","7x7-p84-uct-0500","500","1","38","0.678571","3","2","O52","HM","57","56","57","57","0","2","2","0","0","0","1","0","1","0:1:1|2:1:2|2:0:1|2:0:1|0:1:1|2:0:2|2:1:2|3:3:0|0:0:0|0:0:0|0:0:0|2:0:1|4:0:3|0:0:0|3:3:0|0:0:0|0:0:0|4:0:3|0:0:0|0:0:0|1:1:0|0:0:0|0:0:0|0:0:0|2:0:1|0:0:1|1:1:0|1:2:0|1:2:0|0:0:0|0:0:0|0:0:0|4:0:3|1:2:0|3:3:0|1:1:0|2:0:1|0:0:0|0:0:0|4:1:3|2:0:1|0:0:0|0:0:0|0:0:0|0:0:0|0:0:0|1:2:0|3:3:0|1:1:0","0:1:1|2:1:2|2:0:1|2:0:1|0:1:1|2:0:2|2:1:2|3:3:0|0:0:0|0:0:0|0:0:0|2:0:1|4:0:3|0:0:0|3:3:0|0:0:0|0:0:0|4:0:3|0:0:0|0:0:0|1:1:0|0:0:0|0:0:0|0:0:0|2:0:1|2:0:1|1:1:0|1:2:0|1:2:0|0:0:0|0:0:0|0:0:0|4:0:3|1:2:0|3:3:0|1:1:0|2:0:1|2:0:1|0:0:0|4:1:3|2:0:1|0:0:0|0:0:0|0:0:0|0:0:0|0:0:0|1:2:0|3:3:0|1:1:0","0:1:1|2:1:2|2:0:1|2:0:1|0:1:1|2:0:2|2:1:2|3:3:0|0:0:0|0:0:0|0:0:0|2:0:1|4:0:3|0:0:0|3:3:0|0:0:0|0:0:0|4:0:3|0:0:0|0:0:0|1:1:0|0:0:0|0:0:0|0:0:0|2:0:1|2:0:1|1:1:0|1:2:0|1:2:0|0:0:0|0:0:0|0:0:0|4:0:3|1:2:0|3:3:0|1:1:0|2:0:1|2:0:1|0:0:0|4:1:3|2:0:1|0:0:0|0:0:0|0:0:0|0:0:0|0:0:0|1:2:0|3:3:0|1:1:0"
"7x7-p84","7x7-p84-uct-0500","500","1","39","0.696429","2","1","O30","ML","58","57","59","57","0","0","1","0","0","1","0","1","0","0:1:1|2:1:2|2:0:1|2:0:1|0:1:1|2:0:2|2:1:2|3:3:0|0:0:0|0:0:0|0:0:0|2:0:1|4:0:3|0:0:0|3:3:0|0:0:0|0:0:0|4:0:3|0:0:0|0:0:0|1:1:0|0:0:0|0:0:0|0:0:0|2:0:1|2:0:1|1:1:0|1:2:0|1:2:0|0:0:0|0:0:0|0:0:0|4:0:3|1:2:0|3:3:0|1:1:0|2:0:1|2:0:1|0:0:0|4:1:3|2:0:1|0:0:0|0:0:0|0:0:0|0:0:0|0:0:0|1:2:0|3:3:0|1:1:0","0:1:1|2:1:2|2:0:1|2:0:1|0:1:1|2:0:2|2:1:2|3:3:0|0:0:0|0:0:0|0:0:0|2:0:1|4:0:3|0:0:0|3:3:0|0:0:0|0:0:0|4:0:3|0:0:0|0:0:0|1:1:0|0:1:0|0:0:0|0:0:0|2:0:1|2:0:1|1:1:0|1:2:0|1:2:0|0:0:0|0:0:0|0:0:0|4:0:3|1:2:0|3:3:0|1:1:0|2:0:1|2:0:1|0:0:0|4:1:3|2:0:1|0:0:0|0:0:0|0:0:0|0:0:0|0:0:0|1:2:0|3:3:0|1:1:0","0:1:1|2:1:2|2:0:1|2:0:1|0:1:1|2:0:2|2:1:2|3:3:0|0:0:0|0:0:0|0:0:0|2:0:1|4:0:3|0:0:0|3:3:0|0:0:0|0:0:0|4:0:3|0:0:0|0:0:0|1:1:0|1:1:0|0:0:0|0:0:0|2:0:1|2:0:1|1:1:0|1:2:0|3:3:0|0:0:0|0:0:0|0:0:0|4:0:3|1:2:0|3:3:0|1:1:0|2:0:1|2:0:1|0:0:0|4:1:3|2:0:1|0:0:0|0:0:0|0:0:0|0:0:0|0:0:0|1:2:0|3:3:0|1:1:0"
"7x7-p84","7x7-p84-uct-0500","500","1","39","0.696429","3","1","O40","ML","59","57","60","57","1","3","3","2","0","3","0","3","0","0:1:1|2:1:2|2:0:1|2:0:1|0:1:1|2:0:2|2:1:2|3:3:0|0:0:0|0:0:0|0:0:0|2:0:1|4:0:3|0:0:0|3:3:0|0:0:0|0:0:0|4:0:3|0:0:0|0:0:0|1:1:0|0:1:0|0:0:0|0:0:0|2:0:1|2:0:1|1:1:0|1:2:0|1:2:0|0:0:0|0:0:0|0:0:0|4:0:3|1:2:0|3:3:0|1:1:0|2:0:1|2:0:1|0:0:0|4:1:3|2:0:1|0:0:0|0:0:0|0:0:0|0:0:0|0:0:0|1:2:0|3:3:0|1:1:0","0:1:1|2:1:2|2:0:1|2:0:1|0:1:1|2:0:2|2:1:2|3:3:0|0:0:0|0:0:0|0:0:0|2:0:1|4:0:3|0:0:0|3:3:0|0:0:0|0:0:0|4:0:3|0:0:0|0:0:0|1:1:0|1:1:0|0:0:0|0:0:0|2:0:1|2:0:1|1:1:0|1:2:0|3:3:0|0:0:0|0:0:0|0:0:0|4:0:3|1:2:0|3:3:0|1:1:0|2:0:1|2:0:1|0:0:0|4:1:3|2:0:1|0:0:0|0:0:0|0:0:0|0:0:0|0:0:0|1:2:0|3:3:0|1:1:0","0:1:1|2:1:2|2:0:1|2:0:1|0:1:1|2:0:2|2:1:2|3:3:0|0:0:0|0:0:0|0:0:0|2:0:1|4:0:3|0:0:0|3:3:0|0:0:0|0:0:0|4:0:3|0:0:0|0:0:0|1:1:0|1:1:0|0:0:0|0:0:0|2:0:1|2:0:1|1:1:0|1:2:0|3:3:0|0:0:0|0:0:0|0:0:0|4:0:3|1:2:0|3:3:0|1:1:0|2:0:1|2:0:1|0:0:0|4:1:3|2:0:1|0:0:0|0:0:0|0:0:0|0:0:0|0:0:0|1:2:0|3:3:0|1:1:0"
"7x7-p84","7x7-p84-uct-0500","500","1","40","0.714286","1","2","O53","HM","60","57","60","58","0","0","2","0","0","0","1","0","1","0:1:1|2:1:2|2:0:1|2:0:1|0:1:1|2:0:2|2:1:2|3:3:0|0:0:0|0:0:0|0:0:0|2:0:1|4:0:3|0:0:0|3:3:0|0:0:0|0:0:0|4:0:3|0:0:0|0:0:0|1:1:0|1:1:0|0:0:0|0:0:0|2:0:1|2:0:1|1:1:0|1:2:0|3:3:0|0:0:0|0:0:0|0:0:0|4:0:3|1:2:0|3:3:0|1:1:0|2:0:1|2:0:1|0:0:0|4:1:3|2:0:1|0:0:0|0:0:0|0:0:0|0:0:0|0:0:0|1:2:0|3:3:0|1:1:0","0:1:1|2:1:2|2:0:1|2:0:1|0:1:1|2:0:2|2:1:2|3:3:0|0:0:0|0:0:0|0:0:0|2:0:1|4:0:3|0:0:0|3:3:0|0:0:0|0:0:0|4:0:3|0:0:0|0:0:0|1:1:0|1:1:0|0:0:0|0:0:0|2:0:1|2:0:1|1:1:0|1:2:0|3:3:0|0:0:0|0:0:0|0:0:0|4:0:3|1:2:0|3:3:0|1:1:0|2:0:1|2:0:1|0:0:1|4:1:3|2:0:1|0:0:0|0:0:0|0:0:0|0:0:0|0:0:0|1:2:0|3:3:0|1:1:0","0:1:1|2:1:2|2:0:1|2:0:1|0:1:1|4:0:3|2:1:2|3:3:0|0:0:0|0:0:0|0:0:0|2:0:1|4:0:3|0:0:0|3:3:0|0:0:0|0:0:0|4:0:3|0:0:0|0:0:0|1:1:0|1:1:0|0:0:0|0:0:0|2:0:1|2:0:1|1:1:0|1:2:0|3:3:0|0:0:0|2:0:1|0:0:0|4:0:3|1:2:0|3:3:0|1:1:0|2:0:1|2:0:1|2:0:1|4:1:3|2:0:1|0:0:0|0:0:0|0:0:0|0:0:0|0:0:0|1:2:0|3:3:0|1:1:0"
"7x7-p84","7x7-p84-uct-0500","500","1","40","0.714286","2","2","O42","MM","60","58","60","59","0","0","2","0","0","0","1","0","1","0:1:1|2:1:2|2:0:1|2:0:1|0:1:1|2:0:2|2:1:2|3:3:0|0:0:0|0:0:0|0:0:0|2:0:1|4:0:3|0:0:0|3:3:0|0:0:0|0:0:0|4:0:3|0:0:0|0:0:0|1:1:0|1:1:0|0:0:0|0:0:0|2:0:1|2:0:1|1:1:0|1:2:0|3:3:0|0:0:0|0:0:0|0:0:0|4:0:3|1:2:0|3:3:0|1:1:0|2:0:1|2:0:1|0:0:1|4:1:3|2:0:1|0:0:0|0:0:0|0:0:0|0:0:0|0:0:0|1:2:0|3:3:0|1:1:0","0:1:1|2:1:2|2:0:1|2:0:1|0:1:1|2:0:2|2:1:2|3:3:0|0:0:0|0:0:0|0:0:0|2:0:1|4:0:3|0:0:0|3:3:0|0:0:0|0:0:0|4:0:3|0:0:0|0:0:0|1:1:0|1:1:0|0:0:0|0:0:0|2:0:1|2:0:1|1:1:0|1:2:0|3:3:0|0:0:0|0:0:1|0:0:0|4:0:3|1:2:0|3:3:0|1:1:0|2:0:1|2:0:1|0:0:1|4:1:3|2:0:1|0:0:0|0:0:0|0:0:0|0:0:0|0:0:0|1:2:0|3:3:0|1:1:0","0:1:1|2:1:2|2:0:1|2:0:1|0:1:1|4:0:3|2:1:2|3:3:0|0:0:0|0:0:0|0:0:0|2:0:1|4:0:3|0:0:0|3:3:0|0:0:0|0:0:0|4:0:3|0:0:0|0:0:0|1:1:0|1:1:0|0:0:0|0:0:0|2:0:1|2:0:1|1:1:0|1:2:0|3:3:0|0:0:0|2:0:1|0:0:0|4:0:3|1:2:0|3:3:0|1:1:0|2:0:1|2:0:1|2:0:1|4:1:3|2:0:1|0:0:0|0:0:0|0:0:0|0:0:0|0:0:0|1:2:0|3:3:0|1:1:0"
"7x7-p84","7x7-p84-uct-0500","500","1","40","0.714286","3","2","O05","LH","60","59","60","60","2","4","4","0","2","0","3","0","3","0:1:1|2:1:2|2:0:1|2:0:1|0:1:1|2:0:2|2:1:2|3:3:0|0:0:0|0:0:0|0:0:0|2:0:1|4:0:3|0:0:0|3:3:0|0:0:0|0:0:0|4:0:3|0:0:0|0:0:0|1:1:0|1:1:0|0:0:0|0:0:0|2:0:1|2:0:1|1:1:0|1:2:0|3:3:0|0:0:0|0:0:1|0:0:0|4:0:3|1:2:0|3:3:0|1:1:0|2:0:1|2:0:1|0:0:1|4:1:3|2:0:1|0:0:0|0:0:0|0:0:0|0:0:0|0:0:0|1:2:0|3:3:0|1:1:0","0:1:1|2:1:2|2:0:1|2:0:1|0:1:1|4:0:3|2:1:2|3:3:0|0:0:0|0:0:0|0:0:0|2:0:1|4:0:3|0:0:0|3:3:0|0:0:0|0:0:0|4:0:3|0:0:0|0:0:0|1:1:0|1:1:0|0:0:0|0:0:0|2:0:1|2:0:1|1:1:0|1:2:0|3:3:0|0:0:0|2:0:1|0:0:0|4:0:3|1:2:0|3:3:0|1:1:0|2:0:1|2:0:1|2:0:1|4:1:3|2:0:1|0:0:0|0:0:0|0:0:0|0:0:0|0:0:0|1:2:0|3:3:0|1:1:0","0:1:1|2:1:2|2:0:1|2:0:1|0:1:1|4:0:3|2:1:2|3:3:0|0:0:0|0:0:0|0:0:0|2:0:1|4:0:3|0:0:0|3:3:0|0:0:0|0:0:0|4:0:3|0:0:0|0:0:0|1:1:0|1:1:0|0:0:0|0:0:0|2:0:1|2:0:1|1:1:0|1:2:0|3:3:0|0:0:0|2:0:1|0:0:0|4:0:3|1:2:0|3:3:0|1:1:0|2:0:1|2:0:1|2:0:1|4:1:3|2:0:1|0:0:0|0:0:0|0:0:0|0:0:0|0:0:0|1:2:0|3:3:0|1:1:0"
"7x7-p84","7x7-p84-uct-0500","500","1","41","0.732143","1","1","O64","HM","60","60","61","60","1","1","3","2","0","3","0","3","0","0:1:1|2:1:2|2:0:1|2:0:1|0:1:1|4:0:3|2:1:2|3:3:0|0:0:0|0:0:0|0:0:0|2:0:1|4:0:3|0:0:0|3:3:0|0:0:0|0:0:0|4:0:3|0:0:0|0:0:0|1:1:0|1:1:0|0:0:0|0:0:0|2:0:1|2:0:1|1:1:0|1:2:0|3:3:0|0:0:0|2:0:1|0:0:0|4:0:3|1:2:0|3:3:0|1:1:0|2:0:1|2:0:1|2:0:1|4:1:3|2:0:1|0:0:0|0:0:0|0:0:0|0:0:0|0:0:0|1:2:0|3:3:0|1:1:0","0:1:1|2:1:2|2:0:1|2:0:1|0:1:1|4:0:3|2:1:2|3:3:0|0:0:0|0:0:0|0:0:0|2:0:1|4:0:3|0:0:0|3:3:0|0:0:0|0:0:0|4:0:3|0:0:0|0:0:0|1:1:0|1:1:0|0:0:0|0:0:0|2:0:1|2:0:1|1:1:0|1:2:0|3:3:0|0:0:0|2:0:1|0:0:0|4:0:3|1:2:0|3:3:0|1:1:0|2:0:1|2:0:1|2:0:1|4:1:3|2:0:1|0:0:0|0:0:0|0:0:0|0:0:0|0:0:0|1:3:0|3:3:0|1:1:0","0:1:1|2:1:2|2:0:1|2:0:1|0:1:1|4:0:3|2:1:2|3:3:0|0:0:0|0:0:0|0:0:0|2:0:1|4:0:3|0:0:0|3:3:0|0:0:0|0:0:0|4:0:3|0:0:0|0:0:0|1:1:0|1:1:0|0:0:0|0:0:0|2:0:1|2:0:1|1:1:0|3:3:0|3:3:0|0:0:0|2:0:1|0:0:0|4:0:3|3:3:0|3:3:0|1:1:0|2:0:1|2:0:1|2:0:1|4:1:3|2:0:1|0:0:0|0:0:0|0:0:0|0:0:0|0:0:0|3:3:0|3:3:0|1:1:0"
"7x7-p84","7x7-p84-uct-0500","500","1","41","0.732143","2","1","O45","MH","61","60","62","60","1","1","3","2","0","3","0","3","0","0:1:1|2:1:2|2:0:1|2:0:1|0:1:1|4:0:3|2:1:2|3:3:0|0:0:0|0:0:0|0:0:0|2:0:1|4:0:3|0:0:0|3:3:0|0:0:0|0:0:0|4:0:3|0:0:0|0:0:0|1:1:0|1:1:0|0:0:0|0:0:0|2:0:1|2:0:1|1:1:0|1:2:0|3:3:0|0:0:0|2:0:1|0:0:0|4:0:3|1:2:0|3:3:0|1:1:0|2:0:1|2:0:1|2:0:1|4:1:3|2:0:1|0:0:0|0:0:0|0:0:0|0:0:0|0:0:0|1:3:0|3:3:0|1:1:0","0:1:1|2:1:2|2:0:1|2:0:1|0:1:1|4:0:3|2:1:2|3:3:0|0:0:0|0:0:0|0:0:0|2:0:1|4:0:3|0:0:0|3:3:0|0:0:0|0:0:0|4:0:3|0:0:0|0:0:0|1:1:0|1:1:0|0:0:0|0:0:0|2:0:1|2:0:1|1:1:0|1:2:0|3:3:0|0:0:0|2:0:1|0:0:0|4:0:3|1:3:0|3:3:0|1:1:0|2:0:1|2:0:1|2:0:1|4:1:3|2:0:1|0:0:0|0:0:0|0:0:0|0:0:0|0:0:0|1:3:0|3:3:0|1:1:0","0:1:1|2:1:2|2:0:1|2:0:1|0:1:1|4:0:3|2:1:2|3:3:0|0:0:0|0:0:0|0:0:0|2:0:1|4:0:3|0:0:0|3:3:0|0:0:0|0:0:0|4:0:3|0:0:0|0:0:0|1:1:0|1:1:0|0:0:0|0:0:0|2:0:1|2:0:1|1:1:0|3:3:0|3:3:0|0:0:0|2:0:1|0:0:0|4:0:3|3:3:0|3:3:0|1:1:0|2:0:1|2:0:1|2:0:1|4:1:3|2:0:1|0:0:0|0:0:0|0:0:0|0:0:0|0:0:0|3:3:0|3:3:0|1:1:0"
"7x7-p84","7x7-p84-uct-0500","500","1","41","0.732143","3","1","O36","MH","62","60","63","60","1","3","3","2","0","3","0","3","0","0:1:1|2:1:2|2:0:1|2:0:1|0:1:1|4:0:3|2:1:2|3:3:0|0:0:0|0:0:0|0:0:0|2:0:1|4:0:3|0:0:0|3:3:0|0:0:0|0:0:0|4:0:3|0:0:0|0:0:0|1:1:0|1:1:0|0:0:0|0:0:0|2:0:1|2:0:1|1:1:0|1:2:0|3:3:0|0:0:0|2:0:1|0:0:0|4:0:3|1:3:0|3:3:0|1:1:0|2:0:1|2:0:1|2:0:1|4:1:3|2:0:1|0:0:0|0:0:0|0:0:0|0:0:0|0:0:0|1:3:0|3:3:0|1:1:0","0:1:1|2:1:2|2:0:1|2:0:1|0:1:1|4:0:3|2:1:2|3:3:0|0:0:0|0:0:0|0:0:0|2:0:1|4:0:3|0:0:0|3:3:0|0:0:0|0:0:0|4:0:3|0:0:0|0:0:0|1:1:0|1:1:0|0:0:0|0:0:0|2:0:1|2:0:1|1:1:0|3:3:0|3:3:0|0:0:0|2:0:1|0:0:0|4:0:3|3:3:0|3:3:0|1:1:0|2:0:1|2:0:1|2:0:1|4:1:3|2:0:1|0:0:0|0:0:0|0:0:0|0:0:0|0:0:0|3:3:0|3:3:0|1:1:0","0:1:1|2:1:2|2:0:1|2:0:1|0:1:1|4:0:3|2:1:2|3:3:0|0:0:0|0:0:0|0:0:0|2:0:1|4:0:3|0:0:0|3:3:0|0:0:0|0:0:0|4:0:3|0:0:0|0:0:0|1:1:0|1:1:0|0:0:0|0:0:0|2:0:1|2:0:1|1:1:0|3:3:0|3:3:0|0:0:0|2:0:1|0:0:0|4:0:3|3:3:0|3:3:0|1:1:0|2:0:1|2:0:1|2:0:1|4:1:3|2:0:1|0:0:0|0:0:0|0:0:0|0:0:0|0:0:0|3:3:0|3:3:0|1:1:0"
"7x7-p84","7x7-p84-uct-0500","500","1","42","0.750000","2","2","O34","MM","63","61","63","62","2","2","2","0","1","0","2","0","2","0:1:1|2:1:2|2:0:1|2:0:1|0:1:1|4:0:3|2:1:2|3:3:0|0:0:0|0:0:0|0:0:0|2:0:1|4:0:3|0:0:0|3:3:0|0:0:0|0:0:0|4:0:3|0:0:0|0:0:0|1:1:0|1:1:0|0:0:0|0:0:0|2:0:1|2:0:1|1:1:0|3:3:0|3:3:0|0:0:0|2:0:1|0:0:0|4:0:3|3:3:0|3:3:0|1:1:0|2:0:1|2:0:1|2:0:1|4:1:3|2:0:1|0:0:0|0:0:0|0:0:0|0:0:0|0:0:0|3:3:0|3:3:0|1:1:0","0:1:1|2:1:2|2:0:1|2:0:1|0:1:1|4:0:3|2:1:2|3:3:0|0:0:0|0:0:0|0:0:0|2:0:1|4:0:3|0:0:0|3:3:0|0:0:0|0:0:0|4:0:3|0:0:0|0:0:0|1:1:0|1:1:0|0:0:0|0:0:0|2:0:1|2:0:2|1:1:0|3:3:0|3:3:0|0:0:0|2:0:1|0:0:0|4:0:3|3:3:0|3:3:0|1:1:0|2:0:1|2:0:1|2:0:1|4:1:3|2:0:1|0:0:0|0:0:0|0:0:0|0:0:0|0:0:0|3:3:0|3:3:0|1:1:0","0:1:1|2:1:2|2:0:1|2:0:1|0:1:1|4:0:3|2:1:2|3:3:0|0:0:0|0:0:0|0:0:0|2:0:1|4:0:3|0:0:0|3:3:0|0:0:0|0:0:0|4:0:3|2:0:1|0:0:0|1:1:0|1:1:0|0:0:0|0:0:0|2:0:1|2:0:2|1:1:0|3:3:0|3:3:0|0:0:0|2:0:1|0:0:0|4:0:3|3:3:0|3:3:0|1:1:0|2:0:1|2:0:1|2:0:1|4:1:3|2:0:1|0:0:0|0:0:0|0:0:0|0:0:0|0:0:0|3:3:0|3:3:0|1:1:0"
"7x7-p84","7x7-p84-uct-0500","500","1","42","0.750000","3","2","O24","MM","63","62","63","63","0","2","2","0","0","0","1","0","1","0:1:1|2:1:2|2:0:1|2:0:1|0:1:1|4:0:3|2:1:2|3:3:0|0:0:0|0:0:0|0:0:0|2:0:1|4:0:3|0:0:0|3:3:0|0:0:0|0:0:0|4:0:3|0:0:0|0:0:0|1:1:0|1:1:0|0:0:0|0:0:0|2:0:1|2:0:2|1:1:0|3:3:0|3:3:0|0:0:0|2:0:1|0:0:0|4:0:3|3:3:0|3:3:0|1:1:0|2:0:1|2:0:1|2:0:1|4:1:3|2:0:1|0:0:0|0:0:0|0:0:0|0:0:0|0:0:0|3:3:0|3:3:0|1:1:0","0:1:1|2:1:2|2:0:1|2:0:1|0:1:1|4:0:3|2:1:2|3:3:0|0:0:0|0:0:0|0:0:0|2:0:1|4:0:3|0:0:0|3:3:0|0:0:0|0:0:0|4:0:3|2:0:1|0:0:0|1:1:0|1:1:0|0:0:0|0:0:0|2:0:1|2:0:2|1:1:0|3:3:0|3:3:0|0:0:0|2:0:1|0:0:0|4:0:3|3:3:0|3:3:0|1:1:0|2:0:1|2:0:1|2:0:1|4:1:3|2:0:1|0:0:0|0:0:0|0:0:0|0:0:0|0:0:0|3:3:0|3:3:0|1:1:0","0:1:1|2:1:2|2:0:1|2:0:1|0:1:1|4:0:3|2:1:2|3:3:0|0:0:0|0:0:0|0:0:0|2:0:1|4:0:3|0:0:0|3:3:0|0:0:0|0:0:0|4:0:3|2:0:1|0:0:0|1:1:0|1:1:0|0:0:0|0:0:0|2:0:1|2:0:2|1:1:0|3:3:0|3:3:0|0:0:0|2:0:1|0:0:0|4:0:3|3:3:0|3:3:0|1:1:0|2:0:1|2:0:1|2:0:1|4:1:3|2:0:1|0:0:0|0:0:0|0:0:0|0:0:0|0:0:0|3:3:0|3:3:0|1:1:0"
"7x7-p84","7x7-p84-uct-0500","500","1","43","0.767857","3","1","O22","MM","65","63","66","63","0","1","1","0","0","1","0","1","0","0:1:1|2:1:2|2:0:1|2:0:1|0:1:1|4:0:3|2:1:2|3:3:0|0:0:0|0:0:0|0:0:0|2:0:1|4:0:3|0:0:0|3:3:0|0:0:0|0:0:0|4:0:3|2:0:1|0:0:0|1:1:0|1:1:0|0:0:0|0:0:0|2:0:1|2:0:2|1:1:0|3:3:0|3:3:0|0:0:0|2:0:1|0:0:0|4:0:3|3:3:0|3:3:0|1:1:0|2:0:1|2:0:1|2:0:1|4:1:3|2:0:1|0:0:0|0:0:0|0:0:0|0:0:0|0:0:0|3:3:0|3:3:0|1:1:0","0:1:1|2:1:2|2:0:1|2:0:1|0:1:1|4:0:3|2:1:2|3:3:0|0:0:0|0:0:0|0:0:0|2:0:1|4:0:3|0:0:0|3:3:0|0:0:0|1:1:0|4:0:3|2:0:1|0:0:0|1:1:0|1:1:0|0:0:0|0:0:0|2:0:1|2:0:2|1:1:0|3:3:0|3:3:0|0:0:0|2:0:1|0:0:0|4:0:3|3:3:0|3:3:0|1:1:0|2:0:1|2:0:1|2:0:1|4:1:3|2:0:1|0:0:0|0:0:0|0:0:0|0:0:0|0:0:0|3:3:0|3:3:0|1:1:0","0:1:1|2:1:2|2:0:1|2:0:1|0:1:1|4:0:3|2:1:2|3:3:0|0:0:0|0:0:0|0:0:0|2:0:1|4:0:3|0:0:0|3:3:0|0:0:0|1:1:0|4:0:3|2:0:1|0:0:0|1:1:0|1:1:0|0:0:0|0:0:0|2:0:1|2:0:2|1:1:0|3:3:0|3:3:0|0:0:0|2:0:1|0:0:0|4:0:3|3:3:0|3:3:0|1:1:0|2:0:1|2:0:1|2:0:1|4:1:3|2:0:1|0:0:0|0:0:0|0:0:0|0:0:0|0:0:0|3:3:0|3:3:0|1:1:0"
"7x7-p84","7x7-p84-uct-0500","500","1","44","0.785714","1","2","O61","HL","66","63","66","64","0","0","2","0","0","0","1","0","1","0:1:1|2:1:2|2:0:1|2:0:1|0:1:1|4:0:3|2:1:2|3:3:0|0:0:0|0:0:0|0:0:0|2:0:1|4:0:3|0:0:0|3:3:0|0:0:0|1:1:0|4:0:3|2:0:1|0:0:0|1:1:0|1:1:0|0:0:0|0:0:0|2:0:1|2:0:2|1:1:0|3:3:0|3:3:0|0:0:0|2:0:1|0:0:0|4:0:3|3:3:0|3:3:0|1:1:0|2:0:1|2:0:1|2:0:1|4:1:3|2:0:1|0:0:0|0:0:0|0:0:0|0:0:0|0:0:0|3:3:0|3:3:0|1:1:0","0:1:1|2:1:2|2:0:1|2:0:1|0:1:1|4:0:3|2:1:2|3:3:0|0:0:0|0:0:0|0:0:0|2:0:1|4:0:3|0:0:0|3:3:0|0:0:0|1:1:0|4:0:3|2:0:1|0:0:0|1:1:0|1:1:0|0:0:0|0:0:0|2:0:1|2:0:2|1:1:0|3:3:0|3:3:0|0:0:0|2:0:1|0:0:0|4:0:3|3:3:0|3:3:0|1:1:0|2:0:1|2:0:1|2:0:1|4:1:3|2:0:1|0:0:0|0:0:0|0:0:1|0:0:0|0:0:0|3:3:0|3:3:0|1:1:0","0:1:1|4:1:3|2:0:1|2:0:1|0:1:1|4:0:3|2:1:2|3:3:0|0:0:0|0:0:0|0:0:0|2:0:1|4:0:3|0:0:0|3:3:0|0:0:0|1:1:0|4:0:3|2:0:1|0:0:0|1:1:0|1:1:0|0:0:0|0:0:0|2:0:2|2:0:2|1:1:0|3:3:0|3:3:0|0:0:0|2:0:1|0:0:0|4:0:3|3:3:0|3:3:0|1:1:0|2:0:1|2:0:1|2:0:1|4:1:3|2:0:1|0:0:0|0:0:0|2:0:1|0:0:0|0:0:0|3:3:0|3:3:0|1:1:0"
"7x7-p84","7x7-p84-uct-0500","500","1","44","0.785714","2","2","O01","LL","66","64","66","65","2","2","4","1","2","1","3","1","3","0:1:1|2:1:2|2:0:1|2:0:1|0:1:1|4:0:3|2:1:2|3:3:0|0:0:0|0:0:0|0:0:0|2:0:1|4:0:3|0:0:0|3:3:0|0:0:0|1:1:0|4:0:3|2:0:1|0:0:0|1:1:0|1:1:0|0:0:0|0:0:0|2:0:1|2:0:2|1:1:0|3:3:0|3:3:0|0:0:0|2:0:1|0:0:0|4:0:3|3:3:0|3:3:0|1:1:0|2:0:1|2:0:1|2:0:1|4:1:3|2:0:1|0:0:0|0:0:0|0:0:1|0:0:0|0:0:0|3:3:0|3:3:0|1:1:0","0:1:1|2:1:3|2:0:1|2:0:1|0:1:1|4:0:3|2:1:2|3:3:0|0:0:0|0:0:0|0:0:0|2:0:1|4:0:3|0:0:0|3:3:0|0:0:0|1:1:0|4:0:3|2:0:1|0:0:0|1:1:0|1:1:0|0:0:0|0:0:0|2:0:1|2:0:2|1:1:0|3:3:0|3:3:0|0:0:0|2:0:1|0:0:0|4:0:3|3:3:0|3:3:0|1:1:0|2:0:1|2:0:1|2:0:1|4:1:3|2:0:1|0:0:0|0:0:0|0:0:1|0:0:0|0:0:0|3:3:0|3:3:0|1:1:0","0:1:1|4:1:3|2:0:1|2:0:1|0:1:1|4:0:3|2:1:2|3:3:0|0:0:0|0:0:0|0:0:0|2:0:1|4:0:3|0:0:0|3:3:0|0:0:0|1:1:0|4:0:3|2:0:1|0:0:0|1:1:0|1:1:0|0:0:0|0:0:0|2:0:2|2:0:2|1:1:0|3:3:0|3:3:0|0:0:0|2:0:1|0:0:0|4:0:3|3:3:0|3:3:0|1:1:0|2:0:1|2:0:1|2:0:1|4:1:3|2:0:1|0:0:0|0:0:0|2:0:1|0:0:0|0:0:0|3:3:0|3:3:0|1:1:0"
"7x7-p84","7x7-p84-uct-0500","500","1","44","0.785714","3","2","O33","MM","66","65","66","66","2","2","2","0","1","0","2","0","2","0:1:1|2:1:3|2:0:1|2:0:1|0:1:1|4:0:3|2:1:2|3:3:0|0:0:0|0:0:0|0:0:0|2:0:1|4:0:3|0:0:0|3:3:0|0:0:0|1:1:0|4:0:3|2:0:1|0:0:0|1:1:0|1:1:0|0:0:0|0:0:0|2:0:1|2:0:2|1:1:0|3:3:0|3:3:0|0:0:0|2:0:1|0:0:0|4:0:3|3:3:0|3:3:0|1:1:0|2:0:1|2:0:1|2:0:1|4:1:3|2:0:1|0:0:0|0:0:0|0:0:1|0:0:0|0:0:0|3:3:0|3:3:0|1:1:0","0:1:1|4:1:3|2:0:1|2:0:1|0:1:1|4:0:3|2:1:2|3:3:0|0:0:0|0:0:0|0:0:0|2:0:1|4:0:3|0:0:0|3:3:0|0:0:0|1:1:0|4:0:3|2:0:1|0:0:0|1:1:0|1:1:0|0:0:0|0:0:0|2:0:2|2:0:2|1:1:0|3:3:0|3:3:0|0:0:0|2:0:1|0:0:0|4:0:3|3:3:0|3:3:0|1:1:0|2:0:1|2:0:1|2:0:1|4:1:3|2:0:1|0:0:0|0:0:0|2:0:1|0:0:0|0:0:0|3:3:0|3:3:0|1:1:0","0:1:1|4:1:3|2:0:1|2:0:1|0:1:1|4:0:3|2:1:2|3:3:0|0:0:0|0:0:0|0:0:0|2:0:1|4:0:3|0:0:0|3:3:0|0:0:0|1:1:0|4:0:3|2:0:1|0:0:0|1:1:0|1:1:0|0:0:0|0:0:0|2:0:2|2:0:2|1:1:0|3:3:0|3:3:0|0:0:0|2:0:1|0:0:0|4:0:3|3:3:0|3:3:0|1:1:0|2:0:1|2:0:1|2:0:1|4:1:3|2:0:1|0:0:0|0:0:0|2:0:1|0:0:0|0:0:0|3:3:0|3:3:0|1:1:0"
"7x7-p84","7x7-p84-uct-0500","500","1","45","0.803571","2","1","O06","LH","67","66","68","66","2","2","0","1","2","2","2","2","2","0:1:1|4:1:3|2:0:1|2:0:1|0:1:1|4:0:3|2:1:2|3:3:0|0:0:0|0:0:0|0:0:0|2:0:1|4:0:3|0:0:0|3:3:0|0:0:0|1:1:0|4:0:3|2:0:1|0:0:0|1:1:0|1:1:0|0:0:0|0:0:0|2:0:2|2:0:2|1:1:0|3:3:0|3:3:0|0:0:0|2:0:1|0:0:0|4:0:3|3:3:0|3:3:0|1:1:0|2:0:1|2:0:1|2:0:1|4:1:3|2:0:1|0:0:0|0:0:0|2:0:1|0:0:0|0:0:0|3:3:0|3:3:0|1:1:0","0:1:1|4:1:3|2:0:1|2:0:1|0:1:1|4:0:3|2:2:2|3:3:0|0:0:0|0:0:0|0:0:0|2:0:1|4:0:3|0:0:0|3:3:0|0:0:0|1:1:0|4:0:3|2:0:1|0:0:0|1:1:0|1:1:0|0:0:0|0:0:0|2:0:2|2:0:2|1:1:0|3:3:0|3:3:0|0:0:0|2:0:1|0:0:0|4:0:3|3:3:0|3:3:0|1:1:0|2:0:1|2:0:1|2:0:1|4:1:3|2:0:1|0:0:0|0:0:0|2:0:1|0:0:0|0:0:0|3:3:0|3:3:0|1:1:0","0:1:1|4:1:3|2:0:1|2:0:1|0:1:1|4:0:3|0:2:2|3:3:0|0:0:0|0:0:0|0:0:0|2:0:1|4:0:3|0:0:0|3:3:0|0:0:0|1:1:0|4:0:3|2:0:1|0:0:0|1:1:0|1:1:0|0:0:0|0:0:0|2:0:2|2:0:2|1:1:0|3:3:0|3:3:0|0:0:0|2:0:1|0:0:0|4:0:3|3:3:0|3:3:0|1:1:0|2:0:1|2:0:1|2:0:1|4:1:3|2:0:1|0:0:0|0:0:0|0:1:1|0:0:0|0:0:0|3:3:0|3:3:0|1:1:0"
"7x7-p84","7x7-p84-uct-0500","500","1","45","0.803571","3","1","O61","HL","68","66","69","66","2","0","0","0","1","1","1","1","1","0:1:1|4:1:3|2:0:1|2:0:1|0:1:1|4:0:3|2:2:2|3:3:0|0:0:0|0:0:0|0:0:0|2:0:1|4:0:3|0:0:0|3:3:0|0:0:0|1:1:0|4:0:3|2:0:1|0:0:0|1:1:0|1:1:0|0:0:0|0:0:0|2:0:2|2:0:2|1:1:0|3:3:0|3:3:0|0:0:0|2:0:1|0:0:0|4:0:3|3:3:0|3:3:0|1:1:0|2:0:1|2:0:1|2:0:1|4:1:3|2:0:1|0:0:0|0:0:0|2:0:1|0:0:0|0:0:0|3:3:0|3:3:0|1:1:0","0:1:1|4:1:3|2:0:1|2:0:1|0:1:1|4:0:3|0:2:2|3:3:0|0:0:0|0:0:0|0:0:0|2:0:1|4:0:3|0:0:0|3:3:0|0:0:0|1:1:0|4:0:3|2:0:1|0:0:0|1:1:0|1:1:0|0:0:0|0:0:0|2:0:2|2:0:2|1:1:0|3:3:0|3:3:0|0:0:0|2:0:1|0:0:0|4:0:3|3:3:0|3:3:0|1:1:0|2:0:1|2:0:1|2:0:1|4:1:3|2:0:1|0:0:0|0:0:0|0:1:1|0:0:0|0:0:0|3:3:0|3:3:0|1:1:0","0:1:1|4:1:3|2:0:1|2:0:1|0:1:1|4:0:3|0:2:2|3:3:0|0:0:0|0:0:0|0:0:0|2:0:1|4:0:3|0:0:0|3:3:0|0:0:0|1:1:0|4:0:3|2:0:1|0:0:0|1:1:0|1:1:0|0:0:0|0:0:0|2:0:2|2:0:2|1:1:0|3:3:0|3:3:0|0:0:0|2:0:1|0:0:0|4:0:3|3:3:0|3:3:0|1:1:0|2:0:1|2:0:1|2:0:1|4:1:3|2:0:1|0:0:0|0:0:0|0:1:1|0:0:0|0:0:0|3:3:0|3:3:0|1:1:0"
"7x7-p84","7x7-p84-uct-0500","500","1","46","0.821429","1","2","O06","LH","69","66","69","67","0","0","4","2","2","2","3","2","3","0:1:1|4:1:3|2:0:1|2:0:1|0:1:1|4:0:3|0:2:2|3:3:0|0:0:0|0:0:0|0:0:0|2:0:1|4:0:3|0:0:0|3:3:0|0:0:0|1:1:0|4:0:3|2:0:1|0:0:0|1:1:0|1:1:0|0:0:0|0:0:0|2:0:2|2:0:2|1:1:0|3:3:0|3:3:0|0:0:0|2:0:1|0:0:0|4:0:3|3:3:0|3:3:0|1:1:0|2:0:1|2:0:1|2:0:1|4:1:3|2:0:1|0:0:0|0:0:0|0:1:1|0:0:0|0:0:0|3:3:0|3:3:0|1:1:0","0:1:1|4:1:3|2:0:1|2:0:1|0:1:1|4:0:3|0:2:3|3:3:0|0:0:0|0:0:0|0:0:0|2:0:1|4:0:3|0:0:0|3:3:0|0:0:0|1:1:0|4:0:3|2:0:1|0:0:0|1:1:0|1:1:0|0:0:0|0:0:0|2:0:2|2:0:2|1:1:0|3:3:0|3:3:0|0:0:0|2:0:1|0:0:0|4:0:3|3:3:0|3:3:0|1:1:0|2:0:1|2:0:1|2:0:1|4:1:3|2:0:1|0:0:0|0:0:0|0:1:1|0:0:0|0:0:0|3:3:0|3:3:0|1:1:0","0:1:1|4:1:3|2:0:1|2:0:1|0:1:1|4:0:3|4:2:3|3:3:0|0:0:0|0:0:0|0:0:0|2:0:1|4:0:3|0:0:0|3:3:0|0:0:0|1:1:0|4:0:3|2:0:1|0:0:0|1:1:0|1:1:0|0:0:0|0:0:0|4:0:3|2:0:2|1:1:0|3:3:0|3:3:0|0:0:0|2:0:1|0:0:0|4:0:3|3:3:0|3:3:0|1:1:0|2:0:1|2:0:1|2:0:1|4:1:3|2:0:1|0:0:0|0:0:0|0:1:1|0:0:0|0:0:0|3:3:0|3:3:0|1:1:0"
"7x7-p84","7x7-p84-uct-0500","500","1","46","0.821429","3","2","O33","MM","69","68","69","69","2","4","4","0","2","0","3","0","3","0:1:1|4:1:3|2:0:1|2:0:1|0:1:1|4:0:3|0:2:3|3:3:0|0:0:0|0:0:0|0:0:0|2:0:1|4:0:3|0:0:0|3:3:0|0:0:0|1:1:0|4:0:3|2:0:1|0:0:0|1:1:0|1:1:0|0:0:0|0:0:0|2:0:2|2:0:2|1:1:0|3:3:0|3:3:0|0:0:0|2:0:1|0:0:0|4:0:3|3:3:0|3:3:0|1:1:0|2:0:1|2:0:1|2:0:1|4:1:3|2:0:1|0:0:0|0:0:0|0:1:1|0:0:0|0:0:0|3:3:0|3:3:0|1:1:0","0:1:1|4:1:3|2:0:1|2:0:1|0:1:1|4:0:3|4:2:3|3:3:0|0:0:0|0:0:0|0:0:0|2:0:1|4:0:3|0:0:0|3:3:0|0:0:0|1:1:0|4:0:3|2:0:1|0:0:0|1:1:0|1:1:0|0:0:0|0:0:0|4:0:3|2:0:2|1:1:0|3:3:0|3:3:0|0:0:0|2:0:1|0:0:0|4:0:3|3:3:0|3:3:0|1:1:0|2:0:1|2:0:1|2:0:1|4:1:3|2:0:1|0:0:0|0:0:0|0:1:1|0:0:0|0:0:0|3:3:0|3:3:0|1:1:0","0:1:1|4:1:3|2:0:1|2:0:1|0:1:1|4:0:3|4:2:3|3:3:0|0:0:0|0:0:0|0:0:0|2:0:1|4:0:3|0:0:0|3:3:0|0:0:0|1:1:0|4:0:3|2:0:1|0:0:0|1:1:0|1:1:0|0:0:0|0:0:0|4:0:3|2:0:2|1:1:0|3:3:0|3:3:0|0:0:0|2:0:1|0:0:0|4:0:3|3:3:0|3:3:0|1:1:0|2:0:1|2:0:1|2:0:1|4:1:3|2:0:1|0:0:0|0:0:0|0:1:1|0:0:0|0:0:0|3:3:0|3:3:0|1:1:0"
"7x7-p84","7x7-p84-uct-0500","500","1","47","0.839286","2","1","O22","MM","70","69","71","69","1","1","3","1","0","2","0","3","0","0:1:1|4:1:3|2:0:1|2:0:1|0:1:1|4:0:3|4:2:3|3:3:0|0:0:0|0:0:0|0:0:0|2:0:1|4:0:3|0:0:0|3:3:0|0:0:0|1:1:0|4:0:3|2:0:1|0:0:0|1:1:0|1:1:0|0:0:0|0:0:0|4:0:3|2:0:2|1:1:0|3:3:0|3:3:0|0:0:0|2:0:1|0:0:0|4:0:3|3:3:0|3:3:0|1:1:0|2:0:1|2:0:1|2:0:1|4:1:3|2:0:1|0:0:0|0:0:0|0:1:1|0:0:0|0:0:0|3:3:0|3:3:0|1:1:0","0:1:1|4:1:3|2:0:1|2:0:1|0:1:1|4:0:3|4:2:3|3:3:0|0:0:0|0:0:0|0:0:0|2:0:1|4:0:3|0:0:0|3:3:0|0:0:0|1:2:0|4:0:3|2:0:1|0:0:0|1:1:0|1:1:0|0:0:0|0:0:0|4:0:3|2:0:2|1:1:0|3:3:0|3:3:0|0:0:0|2:0:1|0:0:0|4:0:3|3:3:0|3:3:0|1:1:0|2:0:1|2:0:1|2:0:1|4:1:3|2:0:1|0:0:0|0:0:0|0:1:1|0:0:0|0:0:0|3:3:0|3:3:0|1:1:0","0:1:1|4:1:3|2:0:1|2:0:1|0:1:1|4:0:3|4:2:3|3:3:0|0:0:0|0:0:0|0:0:0|2:0:1|4:0:3|0:0:0|3:3:0|0:0:0|3:3:0|4:0:3|2:0:1|0:0:0|1:1:0|1:1:0|0:0:0|0:0:0|4:0:3|2:0:2|1:1:0|3:3:0|3:3:0|0:0:0|2:0:1|0:0:0|4:0:3|3:3:0|3:3:0|1:1:0|2:0:1|2:0:1|2:0:1|4:1:3|2:0:1|0:0:0|0:0:0|0:1:1|0:0:0|0:0:0|3:3:0|3:3:0|1:1:0"
"7x7-p84","7x7-p84-uct-0500","500","1","47","0.839286","3","1","O22","MM","71","69","72","69","1","3","3","2","0","3","0","3","0","0:1:1|4:1:3|2:0:1|2:0:1|0:1:1|4:0:3|4:2:3|3:3:0|0:0:0|0:0:0|0:0:0|2:0:1|4:0:3|0:0:0|3:3:0|0:0:0|1:2:0|4:0:3|2:0:1|0:0:0|1:1:0|1:1:0|0:0:0|0:0:0|4:0:3|2:0:2|1:1:0|3:3:0|3:3:0|0:0:0|2:0:1|0:0:0|4:0:3|3:3:0|3:3:0|1:1:0|2:0:1|2:0:1|2:0:1|4:1:3|2:0:1|0:0:0|0:0:0|0:1:1|0:0:0|0:0:0|3:3:0|3:3:0|1:1:0","0:1:1|4:1:3|2:0:1|2:0:1|0:1:1|4:0:3|4:2:3|3:3:0|0:0:0|0:0:0|0:0:0|2:0:1|4:0:3|0:0:0|3:3:0|0:0:0|3:3:0|4:0:3|2:0:1|0:0:0|1:1:0|1:1:0|0:0:0|0:0:0|4:0:3|2:0:2|1:1:0|3:3:0|3:3:0|0:0:0|2:0:1|0:0:0|4:0:3|3:3:0|3:3:0|1:1:0|2:0:1|2:0:1|2:0:1|4:1:3|2:0:1|0:0:0|0:0:0|0:1:1|0:0:0|0:0:0|3:3:0|3:3:0|1:1:0","0:1:1|4:1:3|2:0:1|2:0:1|0:1:1|4:0:3|4:2:3|3:3:0|0:0:0|0:0:0|0:0:0|2:0:1|4:0:3|0:0:0|3:3:0|0:0:0|3:3:0|4:0:3|2:0:1|0:0:0|1:1:0|1:1:0|0:0:0|0:0:0|4:0:3|2:0:2|1:1:0|3:3:0|3:3:0|0:0:0|2:0:1|0:0:0|4:0:3|3:3:0|3:3:0|1:1:0|2:0:1|2:0:1|2:0:1|4:1:3|2:0:1|0:0:0|0:0:0|0:1:1|0:0:0|0:0:0|3:3:0|3:3:0|1:1:0"
"7x7-p84","7x7-p84-uct-0500","500","1","48","0.857143","1","2","O34","MM","72","69","72","70","2","2","4","0","2","0","3","0","3","0:1:1|4:1:3|2:0:1|2:0:1|0:1:1|4:0:3|4:2:3|3:3:0|0:0:0|0:0:0|0:0:0|2:0:1|4:0:3|0:0:0|3:3:0|0:0:0|3:3:0|4:0:3|2:0:1|0:0:0|1:1:0|1:1:0|0:0:0|0:0:0|4:0:3|2:0:2|1:1:0|3:3:0|3:3:0|0:0:0|2:0:1|0:0:0|4:0:3|3:3:0|3:3:0|1:1:0|2:0:1|2:0:1|2:0:1|4:1:3|2:0:1|0:0:0|0:0:0|0:1:1|0:0:0|0:0:0|3:3:0|3:3:0|1:1:0","0:1:1|4:1:3|2:0:1|2:0:1|0:1:1|4:0:3|4:2:3|3:3:0|0:0:0|0:0:0|0:0:0|2:0:1|4:0:3|0:0:0|3:3:0|0:0:0|3:3:0|4:0:3|2:0:1|0:0:0|1:1:0|1:1:0|0:0:0|0:0:0|4:0:3|2:0:3|1:1:0|3:3:0|3:3:0|0:0:0|2:0:1|0:0:0|4:0:3|3:3:0|3:3:0|1:1:0|2:0:1|2:0:1|2:0:1|4:1:3|2:0:1|0:0:0|0:0:0|0:1:1|0:0:0|0:0:0|3:3:0|3:3:0|1:1:0","0:1:1|4:1:3|2:0:1|2:0:1|0:1:1|4:0:3|4:2:3|3:3:0|0:0:0|0:0:0|0:0:0|2:0:1|4:0:3|0:0:0|3:3:0|0:0:0|3:3:0|4:0:3|2:0:1|0:0:0|1:1:0|1:1:0|0:0:0|0:0:0|4:0:3|4:0:3|1:1:0|3:3:0|3:3:0|0:0:0|2:0:1|0:0:0|4:0:3|3:3:0|3:3:0|1:1:0|2:0:1|2:0:1|2:0:1|4:1:3|2:0:1|0:0:0|0:0:0|0:1:1|0:0:0|0:0:0|3:3:0|3:3:0|1:1:0"
"7x7-p84","7x7-p84-uct-0500","500","1","49","0.875000","1","1","O35","MH","72","72","73","72","1","1","3","1","0","2","0","3","0","0:1:1|4:1:3|2:0:1|2:0:1|0:1:1|4:0:3|4:2:3|3:3:0|0:0:0|0:0:0|0:0:0|2:0:1|4:0:3|0:0:0|3:3:0|0:0:0|3:3:0|4:0:3|2:0:1|0:0:0|1:1:0|1:1:0|0:0:0|0:0:0|4:0:3|4:0:3|1:1:0|3:3:0|3:3:0|0:0:0|2:0:1|0:0:0|4:0:3|3:3:0|3:3:0|1:1:0|2:0:1|2:0:1|2:0:1|4:1:3|2:0:1|0:0:0|0:0:0|0:1:1|0:0:0|0:0:0|3:3:0|3:3:0|1:1:0","0:1:1|4:1:3|2:0:1|2:0:1|0:1:1|4:0:3|4:2:3|3:3:0|0:0:0|0:0:0|0:0:0|2:0:1|4:0:3|0:0:0|3:3:0|0:0:0|3:3:0|4:0:3|2:0:1|0:0:0|1:1:0|1:1:0|0:0:0|0:0:0|4:0:3|4:0:3|1:2:0|3:3:0|3:3:0|0:0:0|2:0:1|0:0:0|4:0:3|3:3:0|3:3:0|1:1:0|2:0:1|2:0:1|2:0:1|4:1:3|2:0:1|0:0:0|0:0:0|0:1:1|0:0:0|0:0:0|3:3:0|3:3:0|1:1:0","0:1:1|4:1:3|2:0:1|2:0:1|0:1:1|4:0:3|4:2:3|3:3:0|0:0:0|0:0:0|0:0:0|2:0:1|4:0:3|0:0:0|3:3:0|0:0:0|3:3:0|4:0:3|2:0:1|0:0:0|1:1:0|1:1:0|0:0:0|0:0:0|4:0:3|4:0:3|3:3:0|3:3:0|3:3:0|0:0:0|2:0:1|0:0:0|4:0:3|3:3:0|3:3:0|1:1:0|2:0:1|2:0:1|2:0:1|4:1:3|2:0:1|0:0:0|0:0:0|0:1:1|0:0:0|0:0:0|3:3:0|3:3:0|1:1:0"
"7x7-p84","7x7-p84-uct-0500","500","1","49","0.875000","2","1","O35","MH","73","72","74","72","1","1","3","2","0","3","0","3","0","0:1:1|4:1:3|2:0:1|2:0:1|0:1:1|4:0:3|4:2:3|3:3:0|0:0:0|0:0:0|0:0:0|2:0:1|4:0:3|0:0:0|3:3:0|0:0:0|3:3:0|4:0:3|2:0:1|0:0:0|1:1:0|1:1:0|0:0:0|0:0:0|4:0:3|4:0:3|1:2:0|3:3:0|3:3:0|0:0:0|2:0:1|0:0:0|4:0:3|3:3:0|3:3:0|1:1:0|2:0:1|2:0:1|2:0:1|4:1:3|2:0:1|0:0:0|0:0:0|0:1:1|0:0:0|0:0:0|3:3:0|3:3:0|1:1:0","0:1:1|4:1:3|2:0:1|2:0:1|0:1:1|4:0:3|4:2:3|3:3:0|0:0:0|0:0:0|0:0:0|2:0:1|4:0:3|0:0:0|3:3:0|0:0:0|3:3:0|4:0:3|2:0:1|0:0:0|1:1:0|1:1:0|0:0:0|0:0:0|4:0:3|4:0:3|1:3:0|3:3:0|3:3:0|0:0:0|2:0:1|0:0:0|4:0:3|3:3:0|3:3:0|1:1:0|2:0:1|2:0:1|2:0:1|4:1:3|2:0:1|0:0:0|0:0:0|0:1:1|0:0:0|0:0:0|3:3:0|3:3:0|1:1:0","0:1:1|4:1:3|2:0:1|2:0:1|0:1:1|4:0:3|4:2:3|3:3:0|0:0:0|0:0:0|0:0:0|2:0:1|4:0:3|0:0:0|3:3:0|0:0:0|3:3:0|4:0:3|2:0:1|0:0:0|1:1:0|1:1:0|0:0:0|0:0:0|4:0:3|4:0:3|3:3:0|3:3:0|3:3:0|0:0:0|2:0:1|0:0:0|4:0:3|3:3:0|3:3:0|1:1:0|2:0:1|2:0:1|2:0:1|4:1:3|2:0:1|0:0:0|0:0:0|0:1:1|0:0:0|0:0:0|3:3:0|3:3:0|1:1:0"
"7x7-p84","7x7-p84-uct-0500","500","1","50","0.892857","1","2","O52","HM","75","72","75","73","2","2","4","0","1","0","2","0","3","0:1:1|4:1:3|2:0:1|2:0:1|0:1:1|4:0:3|4:2:3|3:3:0|0:0:0|0:0:0|0:0:0|2:0:1|4:0:3|0:0:0|3:3:0|0:0:0|3:3:0|4:0:3|2:0:1|0:0:0|1:1:0|1:1:0|0:0:0|0:0:0|4:0:3|4:0:3|3:3:0|3:3:0|3:3:0|0:0:0|2:0:1|0:0:0|4:0:3|3:3:0|3:3:0|1:1:0|2:0:1|2:0:1|2:0:1|4:1:3|2:0:1|0:0:0|0:0:0|0:1:1|0:0:0|0:0:0|3:3:0|3:3:0|1:1:0","0:1:1|4:1:3|2:0:1|2:0:1|0:1:1|4:0:3|4:2:3|3:3:0|0:0:0|0:0:0|0:0:0|2:0:1|4:0:3|0:0:0|3:3:0|0:0:0|3:3:0|4:0:3|2:0:1|0:0:0|1:1:0|1:1:0|0:0:0|0:0:0|4:0:3|4:0:3|3:3:0|3:3:0|3:3:0|0:0:0|2:0:1|0:0:0|4:0:3|3:3:0|3:3:0|1:1:0|2:0:1|2:0:2|2:0:1|4:1:3|2:0:1|0:0:0|0:0:0|0:1:1|0:0:0|0:0:0|3:3:0|3:3:0|1:1:0","0:1:1|4:1:3|2:0:1|2:0:1|0:1:1|4:0:3|4:2:3|3:3:0|0:0:0|0:0:0|0:0:0|2:0:1|4:0:3|0:0:0|3:3:0|0:0:0|3:3:0|4:0:3|2:0:1|0:0:0|1:1:0|1:1:0|0:0:0|2:0:1|4:0:3|4:0:3|3:3:0|3:3:0|3:3:0|0:0:0|2:0:1|0:0:0|4:0:3|3:3:0|3:3:0|1:1:0|2:0:1|4:0:3|2:0:1|4:1:3|2:0:1|0:0:0|0:0:0|0:1:1|0:0:0|0:0:0|3:3:0|3:3:0|1:1:0"
"7x7-p84","7x7-p84-uct-0500","500","1","50","0.892857","2","2","O52","HM","75","73","75","74","2","2","4","0","2","0","3","0","3","0:1:1|4:1:3|2:0:1|2:0:1|0:1:1|4:0:3|4:2:3|3:3:0|0:0:0|0:0:0|0:0:0|2:0:1|4:0:3|0:0:0|3:3:0|0:0:0|3:3:0|4:0:3|2:0:1|0:0:0|1:1:0|1:1:0|0:0:0|0:0:0|4:0:3|4:0:3|3:3:0|3:3:0|3:3:0|0:0:0|2:0:1|0:0:0|4:0:3|3:3:0|3:3:0|1:1:0|2:0:1|2:0:2|2:0:1|4:1:3|2:0:1|0:0:0|0:0:0|0:1:1|0:0:0|0:0:0|3:3:0|3:3:0|1:1:0","0:1:1|4:1:3|2:0:1|2:0:1|0:1:1|4:0:3|4:2:3|3:3:0|0:0:0|0:0:0|0:0:0|2:0:1|4:0:3|0:0:0|3:3:0|0:0:0|3:3:0|4:0:3|2:0:1|0:0:0|1:1:0|1:1:0|0:0:0|0:0:0|4:0:3|4:0:3|3:3:0|3:3:0|3:3:0|0:0:0|2:0:1|0:0:0|4:0:3|3:3:0|3:3:0|1:1:0|2:0:1|2:0:3|2:0:1|4:1:3|2:0:1|0:0:0|0:0:0|0:1:1|0:0:0|0:0:0|3:3:0|3:3:0|1:1:0","0:1:1|4:1:3|2:0:1|2:0:1|0:1:1|4:0:3|4:2:3|3:3:0|0:0:0|0:0:0|0:0:0|2:0:1|4:0:3|0:0:0|3:3:0|0:0:0|3:3:0|4:0:3|2:0:1|0:0:0|1:1:0|1:1:0|0:0:0|2:0:1|4:0:3|4:0:3|3:3:0|3:3:0|3:3:0|0:0:0|2:0:1|0:0:0|4:0:3|3:3:0|3:3:0|1:1:0|2:0:1|4:0:3|2:0:1|4:1:3|2:0:1|0:0:0|0:0:0|0:1:1|0:0:0|0:0:0|3:3:0|3:3:0|1:1:0"
"7x7-p84","7x7-p84-uct-0500","500","1","50","0.892857","3","2","O32","MM","75","74","75","75","0","2","2","0","0","0","1","0","1","0:1:1|4:1:3|2:0:1|2:0:1|0:1:1|4:0:3|4:2:3|3:3:0|0:0:0|0:0:0|0:0:0|2:0:1|4:0:3|0:0:0|3:3:0|0:0:0|3:3:0|4:0:3|2:0:1|0:0:0|1:1:0|1:1:0|0:0:0|0:0:0|4:0:3|4:0:3|3:3:0|3:3:0|3:3:0|0:0:0|2:0:1|0:0:0|4:0:3|3:3:0|3:3:0|1:1:0|2:0:1|2:0:3|2:0:1|4:1:3|2:0:1|0:0:0|0:0:0|0:1:1|0:0:0|0:0:0|3:3:0|3:3:0|1:1:0","0:1:1|4:1:3|2:0:1|2:0:1|0:1:1|4:0:3|4:2:3|3:3:0|0:0:0|0:0:0|0:0:0|2:0:1|4:0:3|0:0:0|3:3:0|0:0:0|3:3:0|4:0:3|2:0:1|0:0:0|1:1:0|1:1:0|0:0:0|2:0:1|4:0:3|4:0:3|3:3:0|3:3:0|3:3:0|0:0:0|2:0:1|0:0:0|4:0:3|3:3:0|3:3:0|1:1:0|2:0:1|4:0:3|2:0:1|4:1:3|2:0:1|0:0:0|0:0:0|0:1:1|0:0:0|0:0:0|3:3:0|3:3:0|1:1:0","0:1:1|4:1:3|2:0:1|2:0:1|0:1:1|4:0:3|4:2:3|3:3:0|0:0:0|0:0:0|0:0:0|2:0:1|4:0:3|0:0:0|3:3:0|0:0:0|3:3:0|4:0:3|2:0:1|0:0:0|1:1:0|1:1:0|0:0:0|2:0:1|4:0:3|4:0:3|3:3:0|3:3:0|3:3:0|0:0:0|2:0:1|0:0:0|4:0:3|3:3:0|3:3:0|1:1:0|2:0:1|4:0:3|2:0:1|4:1:3|2:0:1|0:0:0|0:0:0|0:1:1|0:0:0|0:0:0|3:3:0|3:3:0|1:1:0"
"7x7-p84","7x7-p84-uct-0500","500","1","51","0.910714","1","1","O30","ML","75","75","76","75","1","1","3","1","0","2","0","3","0","0:1:1|4:1:3|2:0:1|2:0:1|0:1:1|4:0:3|4:2:3|3:3:0|0:0:0|0:0:0|0:0:0|2:0:1|4:0:3|0:0:0|3:3:0|0:0:0|3:3:0|4:0:3|2:0:1|0:0:0|1:1:0|1:1:0|0:0:0|2:0:1|4:0:3|4:0:3|3:3:0|3:3:0|3:3:0|0:0:0|2:0:1|0:0:0|4:0:3|3:3:0|3:3:0|1:1:0|2:0:1|4:0:3|2:0:1|4:1:3|2:0:1|0:0:0|0:0:0|0:1:1|0:0:0|0:0:0|3:3:0|3:3:0|1:1:0","0:1:1|4:1:3|2:0:1|2:0:1|0:1:1|4:0:3|4:2:3|3:3:0|0:0:0|0:0:0|0:0:0|2:0:1|4:0:3|0:0:0|3:3:0|0:0:0|3:3:0|4:0:3|2:0:1|0:0:0|1:1:0|1:2:0|0:0:0|2:0:1|4:0:3|4:0:3|3:3:0|3:3:0|3:3:0|0:0:0|2:0:1|0:0:0|4:0:3|3:3:0|3:3:0|1:1:0|2:0:1|4:0:3|2:0:1|4:1:3|2:0:1|0:0:0|0:0:0|0:1:1|0:0:0|0:0:0|3:3:0|3:3:0|1:1:0","0:1:1|4:1:3|2:0:1|2:0:1|0:1:1|4:0:3|4:2:3|3:3:0|0:0:0|0:0:0|0:0:0|2:0:1|4:0:3|0:0:0|3:3:0|0:0:0|3:3:0|4:0:3|2:0:1|0:0:0|1:1:0|3:3:0|0:0:0|2:0:1|4:0:3|4:0:3|3:3:0|3:3:0|3:3:0|0:0:0|2:0:1|0:0:0|4:0:3|3:3:0|3:3:0|1:1:0|2:0:1|4:0:3|2:0:1|4:1:3|2:0:1|0:0:0|0:0:0|0:1:1|0:0:0|0:0:0|3:3:0|3:3:0|1:1:0"
"7x7-p84","7x7-p84-uct-0500","500","1","51","0.910714","2","1","O30","ML","76","75","77","75","1","1","3","2","0","3","0","3","0","0:1:1|4:1:3|2:0:1|2:0:1|0:1:1|4:0:3|4:2:3|3:3:0|0:0:0|0:0:0|0:0:0|2:0:1|4:0:3|0:0:0|3:3:0|0:0:0|3:3:0|4:0:3|2:0:1|0:0:0|1:1:0|1:2:0|0:0:0|2:0:1|4:0:3|4:0:3|3:3:0|3:3:0|3:3:0|0:0:0|2:0:1|0:0:0|4:0:3|3:3:0|3:3:0|1:1:0|2:0:1|4:0:3|2:0:1|4:1:3|2:0:1|0:0:0|0:0:0|0:1:1|0:0:0|0:0:0|3:3:0|3:3:0|1:1:0","0:1:1|4:1:3|2:0:1|2:0:1|0:1:1|4:0:3|4:2:3|3:3:0|0:0:0|0:0:0|0:0:0|2:0:1|4:0:3|0:0:0|3:3:0|0:0:0|3:3:0|4:0:3|2:0:1|0:0:0|1:1:0|1:3:0|0:0:0|2:0:1|4:0:3|4:0:3|3:3:0|3:3:0|3:3:0|0:0:0|2:0:1|0:0:0|4:0:3|3:3:0|3:3:0|1:1:0|2:0:1|4:0:3|2:0:1|4:1:3|2:0:1|0:0:0|0:0:0|0:1:1|0:0:0|0:0:0|3:3:0|3:3:0|1:1:0","0:1:1|4:1:3|2:0:1|2:0:1|0:1:1|4:0:3|4:2:3|3:3:0|0:0:0|0:0:0|0:0:0|2:0:1|4:0:3|0:0:0|3:3:0|0:0:0|3:3:0|4:0:3|2:0:1|0:0:0|1:1:0|3:3:0|0:0:0|2:0:1|4:0:3|4:0:3|3:3:0|3:3:0|3:3:0|0:0:0|2:0:1|0:0:0|4:0:3|3:3:0|3:3:0|1:1:0|2:0:1|4:0:3|2:0:1|4:1:3|2:0:1|0:0:0|0:0:0|0:1:1|0:0:0|0:0:0|3:3:0|3:3:0|1:1:0"
"7x7-p84","7x7-p84-uct-0500","500","1","52","0.928571","1","2","O02","LM","78","75","78","76","2","2","4","0","1","0","2","0","3","0:1:1|4:1:3|2:0:1|2:0:1|0:1:1|4:0:3|4:2:3|3:3:0|0:0:0|0:0:0|0:0:0|2:0:1|4:0:3|0:0:0|3:3:0|0:0:0|3:3:0|4:0:3|2:0:1|0:0:0|1:1:0|3:3:0|0:0:0|2:0:1|4:0:3|4:0:3|3:3:0|3:3:0|3:3:0|0:0:0|2:0:1|0:0:0|4:0:3|3:3:0|3:3:0|1:1:0|2:0:1|4:0:3|2:0:1|4:1:3|2:0:1|0:0:0|0:0:0|0:1:1|0:0:0|0:0:0|3:3:0|3:3:0|1:1:0","0:1:1|4:1:3|2:0:2|2:0:1|0:1:1|4:0:3|4:2:3|3:3:0|0:0:0|0:0:0|0:0:0|2:0:1|4:0:3|0:0:0|3:3:0|0:0:0|3:3:0|4:0:3|2:0:1|0:0:0|1:1:0|3:3:0|0:0:0|2:0:1|4:0:3|4:0:3|3:3:0|3:3:0|3:3:0|0:0:0|2:0:1|0:0:0|4:0:3|3:3:0|3:3:0|1:1:0|2:0:1|4:0:3|2:0:1|4:1:3|2:0:1|0:0:0|0:0:0|0:1:1|0:0:0|0:0:0|3:3:0|3:3:0|1:1:0","0:1:1|4:1:3|4:0:3|2:0:1|0:1:1|4:0:3|4:2:3|3:3:0|0:0:0|0:0:0|0:0:0|2:0:1|4:0:3|0:0:0|3:3:0|0:0:0|3:3:0|4:0:3|2:0:1|0:0:0|0:1:1|3:3:0|0:0:0|2:0:1|4:0:3|4:0:3|3:3:0|3:3:0|3:3:0|0:0:0|2:0:1|0:0:0|4:0:3|3:3:0|3:3:0|1:1:0|2:0:1|4:0:3|2:0:1|4:1:3|2:0:1|0:0:0|0:0:0|0:1:1|0:0:0|0:0:0|3:3:0|3:3:0|1:1:0"
"7x7-p84","7x7-p84-uct-0500","500","1","52","0.928571","2","2","O02","LM","78","76","78","77","2","2","4","0","2","0","3","0","3","0:1:1|4:1:3|2:0:2|2:0:1|0:1:1|4:0:3|4:2:3|3:3:0|0:0:0|0:0:0|0:0:0|2:0:1|4:0:3|0:0:0|3:3:0|0:0:0|3:3:0|4:0:3|2:0:1|0:0:0|1:1:0|3:3:0|0:0:0|2:0:1|4:0:3|4:0:3|3:3:0|3:3:0|3:3:0|0:0:0|2:0:1|0:0:0|4:0:3|3:3:0|3:3:0|1:1:0|2:0:1|4:0:3|2:0:1|4:1:3|2:0:1|0:0:0|0:0:0|0:1:1|0:0:0|0:0:0|3:3:0|3:3:0|1:1:0","0:1:1|4:1:3|2:0:3|2:0:1|0:1:1|4:0:3|4:2:3|3:3:0|0:0:0|0:0:0|0:0:0|2:0:1|4:0:3|0:0:0|3:3:0|0:0:0|3:3:0|4:0:3|2:0:1|0:0:0|1:1:0|3:3:0|0:0:0|2:0:1|4:0:3|4:0:3|3:3:0|3:3:0|3:3:0|0:0:0|2:0:1|0:0:0|4:0:3|3:3:0|3:3:0|1:1:0|2:0:1|4:0:3|2:0:1|4:1:3|2:0:1|0:0:0|0:0:0|0:1:1|0:0:0|0:0:0|3:3:0|3:3:0|1:1:0","0:1:1|4:1:3|4:0:3|2:0:1|0:1:1|4:0:3|4:2:3|3:3:0|0:0:0|0:0:0|0:0:0|2:0:1|4:0:3|0:0:0|3:3:0|0:0:0|3:3:0|4:0:3|2:0:1|0:0:0|0:1:1|3:3:0|0:0:0|2:0:1|4:0:3|4:0:3|3:3:0|3:3:0|3:3:0|0:0:0|2:0:1|0:0:0|4:0:3|3:3:0|3:3:0|1:1:0|2:0:1|4:0:3|2:0:1|4:1:3|2:0:1|0:0:0|0:0:0|0:1:1|0:0:0|0:0:0|3:3:0|3:3:0|1:1:0"
"7x7-p84","7x7-p84-uct-0500","500","1","52","0.928571","3","2","O26","MH","78","77","78","78","1","0","0","1","0","1","1","1","1","0:1:1|4:1:3|2:0:3|2:0:1|0:1:1|4:0:3|4:2:3|3:3:0|0:0:0|0:0:0|0:0:0|2:0:1|4:0:3|0:0:0|3:3:0|0:0:0|3:3:0|4:0:3|2:0:1|0:0:0|1:1:0|3:3:0|0:0:0|2:0:1|4:0:3|4:0:3|3:3:0|3:3:0|3:3:0|0:0:0|2:0:1|0:0:0|4:0:3|3:3:0|3:3:0|1:1:0|2:0:1|4:0:3|2:0:1|4:1:3|2:0:1|0:0:0|0:0:0|0:1:1|0:0:0|0:0:0|3:3:0|3:3:0|1:1:0","0:1:1|4:1:3|4:0:3|2:0:1|0:1:1|4:0:3|4:2:3|3:3:0|0:0:0|0:0:0|0:0:0|2:0:1|4:0:3|0:0:0|3:3:0|0:0:0|3:3:0|4:0:3|2:0:1|0:0:0|0:1:1|3:3:0|0:0:0|2:0:1|4:0:3|4:0:3|3:3:0|3:3:0|3:3:0|0:0:0|2:0:1|0:0:0|4:0:3|3:3:0|3:3:0|1:1:0|2:0:1|4:0:3|2:0:1|4:1:3|2:0:1|0:0:0|0:0:0|0:1:1|0:0:0|0:0:0|3:3:0|3:3:0|1:1:0","0:1:1|4:1:3|4:0:3|2:0:1|0:1:1|4:0:3|4:2:3|3:3:0|0:0:0|0:0:0|0:0:0|2:0:1|4:0:3|0:0:0|3:3:0|0:0:0|3:3:0|4:0:3|2:0:1|0:0:0|0:1:1|3:3:0|0:0:0|2:0:1|4:0:3|4:0:3|3:3:0|3:3:0|3:3:0|0:0:0|2:0:1|0:0:0|4:0:3|3:3:0|3:3:0|1:1:0|2:0:1|4:0:3|2:0:1|4:1:3|2:0:1|0:0:0|0:0:0|0:1:1|0:0:0|0:0:0|3:3:0|3:3:0|1:1:0"
"7x7-p84","7x7-p84-uct-0500","500","1","53","0.946429","1","1","O66","HH","78","78","79","78","1","1","3","1","0","2","0","3","0","0:1:1|4:1:3|4:0:3|2:0:1|0:1:1|4:0:3|4:2:3|3:3:0|0:0:0|0:0:0|0:0:0|2:0:1|4:0:3|0:0:0|3:3:0|0:0:0|3:3:0|4:0:3|2:0:1|0:0:0|0:1:1|3:3:0|0:0:0|2:0:1|4:0:3|4:0:3|3:3:0|3:3:0|3:3:0|0:0:0|2:0:1|0:0:0|4:0:3|3:3:0|3:3:0|1:1:0|2:0:1|4:0:3|2:0:1|4:1:3|2:0:1|0:0:0|0:0:0|0:1:1|0:0:0|0:0:0|3:3:0|3:3:0|1:1:0","0:1:1|4:1:3|4:0:3|2:0:1|0:1:1|4:0:3|4:2:3|3:3:0|0:0:0|0:0:0|0:0:0|2:0:1|4:0:3|0:0:0|3:3:0|0:0:0|3:3:0|4:0:3|2:0:1|0:0:0|0:1:1|3:3:0|0:0:0|2:0:1|4:0:3|4:0:3|3:3:0|3:3:0|3:3:0|0:0:0|2:0:1|0:0:0|4:0:3|3:3:0|3:3:0|1:1:0|2:0:1|4:0:3|2:0:1|4:1:3|2:0:1|0:0:0|0:0:0|0:1:1|0:0:0|0:0:0|3:3:0|3:3:0|1:2:0","0:1:1|4:1:3|4:0:3|2:0:1|0:1:1|4:0:3|4:2:3|3:3:0|0:0:0|0:0:0|0:0:0|2:0:1|4:0:3|0:0:0|3:3:0|0:0:0|3:3:0|4:0:3|2:0:1|0:0:0|0:1:1|3:3:0|0:0:0|2:0:1|4:0:3|4:0:3|3:3:0|3:3:0|3:3:0|0:0:0|2:0:1|0:0:0|4:0:3|3:3:0|3:3:0|1:1:0|2:0:1|4:0:3|2:0:1|4:1:3|2:0:1|0:0:0|0:0:0|0:1:1|0:0:0|0:0:0|3:3:0|3:3:0|3:3:0"
"7x7-p84","7x7-p84-uct-0500","500","1","53","0.946429","2","1","O66","HH","79","78","80","78","1","1","3","2","0","3","0","3","0","0:1:1|4:1:3|4:0:3|2:0:1|0:1:1|4:0:3|4:2:3|3:3:0|0:0:0|0:0:0|0:0:0|2:0:1|4:0:3|0:0:0|3:3:0|0:0:0|3:3:0|4:0:3|2:0:1|0:0:0|0:1:1|3:3:0|0:0:0|2:0:1|4:0:3|4:0:3|3:3:0|3:3:0|3:3:0|0:0:0|2:0:1|0:0:0|4:0:3|3:3:0|3:3:0|1:1:0|2:0:1|4:0:3|2:0:1|4:1:3|2:0:1|0:0:0|0:0:0|0:1:1|0:0:0|0:0:0|3:3:0|3:3:0|1:2:0","0:1:1|4:1:3|4:0:3|2:0:1|0:1:1|4:0:3|4:2:3|3:3:0|0:0:0|0:0:0|0:0:0|2:0:1|4:0:3|0:0:0|3:3:0|0:0:0|3:3:0|4:0:3|2:0:1|0:0:0|0:1:1|3:3:0|0:0:0|2:0:1|4:0:3|4:0:3|3:3:0|3:3:0|3:3:0|0:0:0|2:0:1|0:0:0|4:0:3|3:3:0|3:3:0|1:1:0|2:0:1|4:0:3|2:0:1|4:1:3|2:0:1|0:0:0|0:0:0|0:1:1|0:0:0|0:0:0|3:3:0|3:3:0|1:3:0","0:1:1|4:1:3|4:0:3|2:0:1|0:1:1|4:0:3|4:2:3|3:3:0|0:0:0|0:0:0|0:0:0|2:0:1|4:0:3|0:0:0|3:3:0|0:0:0|3:3:0|4:0:3|2:0:1|0:0:0|0:1:1|3:3:0|0:0:0|2:0:1|4:0:3|4:0:3|3:3:0|3:3:0|3:3:0|0:0:0|2:0:1|0:0:0|4:0:3|3:3:0|3:3:0|1:1:0|2:0:1|4:0:3|2:0:1|4:1:3|2:0:1|0:0:0|0:0:0|0:1:1|0:0:0|0:0:0|3:3:0|3:3:0|3:3:0"
"7x7-p84","7x7-p84-uct-0500","500","1","54","0.964286","1","2","O61","HL","81","78","81","79","0","0","4","1","1","1","2","1","3","0:1:1|4:1:3|4:0:3|2:0:1|0:1:1|4:0:3|4:2:3|3:3:0|0:0:0|0:0:0|0:0:0|2:0:1|4:0:3|0:0:0|3:3:0|0:0:0|3:3:0|4:0:3|2:0:1|0:0:0|0:1:1|3:3:0|0:0:0|2:0:1|4:0:3|4:0:3|3:3:0|3:3:0|3:3:0|0:0:0|2:0:1|0:0:0|4:0:3|3:3:0|3:3:0|1:1:0|2:0:1|4:0:3|2:0:1|4:1:3|2:0:1|0:0:0|0:0:0|0:1:1|0:0:0|0:0:0|3:3:0|3:3:0|3:3:0","0:1:1|4:1:3|4:0:3|2:0:1|0:1:1|4:0:3|4:2:3|3:3:0|0:0:0|0:0:0|0:0:0|2:0:1|4:0:3|0:0:0|3:3:0|0:0:0|3:3:0|4:0:3|2:0:1|0:0:0|0:1:1|3:3:0|0:0:0|2:0:1|4:0:3|4:0:3|3:3:0|3:3:0|3:3:0|0:0:0|2:0:1|0:0:0|4:0:3|3:3:0|3:3:0|1:1:0|2:0:1|4:0:3|2:0:1|4:1:3|2:0:1|0:0:0|0:0:0|0:1:2|0:0:0|0:0:0|3:3:0|3:3:0|3:3:0","0:1:1|4:1:3|4:0:3|2:0:1|0:1:1|4:0:3|4:2:3|3:3:0|0:0:0|0:0:0|0:0:0|2:0:1|4:0:3|0:0:0|3:3:0|0:0:0|3:3:0|4:0:3|2:0:1|0:0:0|0:1:1|3:3:0|0:0:0|2:0:1|4:0:3|4:0:3|3:3:0|3:3:0|3:3:0|0:0:0|2:0:1|0:0:0|4:0:3|3:3:0|3:3:0|1:1:0|2:0:1|4:0:3|2:0:1|4:1:3|2:0:1|0:0:0|0:0:0|4:1:3|0:0:0|0:0:0|3:3:0|3:3:0|3:3:0"
"7x7-p84","7x7-p84-uct-0500","500","1","54","0.964286","2","2","O61","HL","81","79","81","80","0","0","4","1","2","1","3","1","3","0:1:1|4:1:3|4:0:3|2:0:1|0:1:1|4:0:3|4:2:3|3:3:0|0:0:0|0:0:0|0:0:0|2:0:1|4:0:3|0:0:0|3:3:0|0:0:0|3:3:0|4:0:3|2:0:1|0:0:0|0:1:1|3:3:0|0:0:0|2:0:1|4:0:3|4:0:3|3:3:0|3:3:0|3:3:0|0:0:0|2:0:1|0:0:0|4:0:3|3:3:0|3:3:0|1:1:0|2:0:1|4:0:3|2:0:1|4:1:3|2:0:1|0:0:0|0:0:0|0:1:2|0:0:0|0:0:0|3:3:0|3:3:0|3:3:0","0:1:1|4:1:3|4:0:3|2:0:1|0:1:1|4:0:3|4:2:3|3:3:0|0:0:0|0:0:0|0:0:0|2:0:1|4:0:3|0:0:0|3:3:0|0:0:0|3:3:0|4:0:3|2:0:1|0:0:0|0:1:1|3:3:0|0:0:0|2:0:1|4:0:3|4:0:3|3:3:0|3:3:0|3:3:0|0:0:0|2:0:1|0:0:0|4:0:3|3:3:0|3:3:0|1:1:0|2:0:1|4:0:3|2:0:1|4:1:3|2:0:1|0:0:0|0:0:0|0:1:3|0:0:0|0:0:0|3:3:0|3:3:0|3:3:0","0:1:1|4:1:3|4:0:3|2:0:1|0:1:1|4:0:3|4:2:3|3:3:0|0:0:0|0:0:0|0:0:0|2:0:1|4:0:3|0:0:0|3:3:0|0:0:0|3:3:0|4:0:3|2:0:1|0:0:0|0:1:1|3:3:0|0:0:0|2:0:1|4:0:3|4:0:3|3:3:0|3:3:0|3:3:0|0:0:0|2:0:1|0:0:0|4:0:3|3:3:0|3:3:0|1:1:0|2:0:1|4:0:3|2:0:1|4:1:3|2:0:1|0:0:0|0:0:0|4:1:3|0:0:0|0:0:0|3:3:0|3:3:0|3:3:0"
"7x7-p84","7x7-p84-uct-0500","500","1","56","1.000000","2","2","O60","HL","84","82","84","83","0","0","2","0","0","0","1","0","1","0:1:1|4:1:3|4:0:3|2:0:1|0:1:1|4:0:3|4:2:3|3:3:0|0:0:0|0:0:0|0:0:0|2:0:1|4:0:3|0:0:0|3:3:0|0:0:0|3:3:0|4:0:3|2:0:1|0:0:0|0:1:1|3:3:0|0:0:0|2:0:1|4:0:3|4:0:3|3:3:0|3:3:0|3:3:0|0:0:0|2:0:1|0:0:0|4:0:3|3:3:0|3:3:0|1:1:0|2:0:1|4:0:3|2:0:1|4:1:3|2:0:1|0:0:0|0:0:0|4:1:3|0:0:0|0:0:0|3:3:0|3:3:0|3:3:0","0:1:1|4:1:3|4:0:3|2:0:1|0:1:1|4:0:3|4:2:3|3:3:0|0:0:0|0:0:0|0:0:0|2:0:1|4:0:3|0:0:0|3:3:0|0:0:0|3:3:0|4:0:3|2:0:1|0:0:0|0:1:1|3:3:0|0:0:0|2:0:1|4:0:3|4:0:3|3:3:0|3:3:0|3:3:0|0:0:0|2:0:1|0:0:0|4:0:3|3:3:0|3:3:0|1:1:0|2:0:1|4:0:3|2:0:1|4:1:3|2:0:1|0:0:0|0:0:1|4:1:3|0:0:0|0:0:0|3:3:0|3:3:0|3:3:0","0:1:1|4:1:3|4:0:3|2:0:1|0:1:1|4:0:3|4:2:3|3:3:0|0:0:0|0:0:0|0:0:0|2:0:1|4:0:3|0:0:0|3:3:0|0:0:0|3:3:0|4:0:3|2:0:1|0:0:0|0:1:1|3:3:0|0:0:0|2:0:1|4:0:3|4:0:3|3:3:0|3:3:0|3:3:0|0:0:0|2:0:1|0:0:0|4:0:3|3:3:0|3:3:0|1:1:0|2:0:1|4:0:3|2:0:1|4:1:3|2:0:1|0:0:0|2:0:1|4:1:3|0:0:0|0:0:0|3:3:0|3:3:0|3:3:0"
"7x7-p84","7x7-p84-uct-1000","1000","1","6","0.107143","2","2","O26","MH","9","7","9","8","0","0","2","0","0","0","1","0","1","0:0:0|0:0:0|0:0:0|0:0:0|0:0:0|0:0:0|0:0:0|0:0:0|0:0:0|0:0:0|0:0:0|0:0:0|0:0:0|0:0:0|0:0:0|0:0:0|0:0:0|0:0:0|0:0:0|0:0:0|0:0:0|0:0:0|0:0:0|0:0:0|0:0:0|0:0:0|0:0:0|0:0:0|0:0:0|0:0:0|0:0:0|0:0:0|0:0:0|0:0:0|0:0:0|0:0:0|0:0:0|0:0:0|0:0:0|0:0:0|0:0:0|0:0:0|0:0:0|0:0:0|0:0:0|0:0:0|0:0:0|0:0:0|0:0:0","0:0:0|0:0:0|0:0:0|0:0:0|0:0:0|0:0:0|0:0:0|0:0:0|0:0:0|0:0:0|0:0:0|0:0:0|0:0:0|0:0:0|0:0:0|0:0:0|0:0:0|0:0:0|0:0:0|0:0:0|0:0:1|0:0:0|0:0:0|0:0:0|0:0:0|0:0:0|0:0:0|0:0:0|0:0:0|0:0:0|0:0:0|0:0:0|0:0:0|0:0:0|0:0:0|0:0:0|0:0:0|0:0:0|0:0:0|0:0:0|0:0:0|0:0:0|0:0:0|0:0:0|0:0:0|0:0:0|0:0:0|0:0:0|0:0:0","0:0:0|0:0:0|0:0:0|0:0:0|0:0:0|0:0:0|0:0:0|0:0:0|0:0:0|0:0:0|0:0:0|0:0:0|0:0:0|0:0:0|0:0:0|0:0:0|0:0:0|0:0:0|0:0:0|0:0:0|2:0:1|0:0:0|0:0:0|0:0:0|0:0:0|0:0:0|0:0:0|0:0:0|0:0:0|0:0:0|0:0:0|0:0:0|0:0:0|0:0:0|0:0:0|0:0:0|0:0:0|0:0:0|0:0:0|0:0:0|0:0:0|0:0:0|0:0:0|0:0:0|0:0:0|0:0:0|0:0:0|0:0:0|0:0:0"
"7x7-p84","7x7-p84-uct-1000","1000","1","8","0.142857","1","2","O55","HH","12","9","12","10","0","0","2","0","0","0","1","0","1","0:0:0|0:0:0|0:0:0|0:0:0|0:0:0|0:0:0|0:0:0|0:0:0|0:0:0|0:0:0|0:0:0|0:0:0|0:0:0|0:0:0|0:0:0|0:0:0|0:0:0|0:0:0|0:0:0|0:0:0|2:0:1|0:0:0|0:0:0|0:0:0|0:0:0|0:0:0|0:0:0|0:0:0|0:0:0|0:0:0|0:0:0|0:0:0|0:0:0|0:0:0|0:0:0|0:0:0|0:0:0|0:0:0|0:0:0|0:0:0|0:0:0|0:0:0|0:0:0|0:0:0|0:0:0|0:0:0|0:0:0|0:0:0|0:0:0","0:0:0|0:0:0|0:0:0|0:0:0|0:0:0|0:0:0|0:0:0|0:0:0|0:0:0|0:0:0|0:0:0|0:0:0|0:0:0|0:0:0|0:0:0|0:0:0|0:0:0|0:0:0|0:0:0|0:0:0|2:0:1|0:0:0|0:0:0|0:0:0|0:0:0|0:0:0|0:0:0|0:0:0|0:0:0|0:0:0|0:0:0|0:0:0|0:0:0|0:0:0|0:0:0|0:0:0|0:0:0|0:0:0|0:0:0|0:0:0|0:0:1|0:0:0|0:0:0|0:0:0|0:0:0|0:0:0|0:0:0|0:0:0|0:0:0","0:0:0|0:0:0|0:0:0|0:0:0|0:0:0|0:0:0|0:0:0|0:0:0|0:0:0|0:0:0|0:0:0|0:0:0|0:0:0|0:0:0|0:0:0|0:0:0|0:0:0|0:0:0|0:0:0|0:0:0|2:0:2|0:0:0|0:0:0|0:0:0|0:0:0|0:0:0|0:0:0|0:0:0|0:0:0|0:0:0|0:0:0|0:0:0|0:0:0|0:0:0|0:0:0|0:0:0|0:0:0|0:0:0|0:0:0|0:0:0|2:0:1|0:0:0|0:0:0|0:0:0|0:0:0|0:0:0|0:0:0|0:0:0|0:0:0"
"7x7-p84","7x7-p84-uct-1000","1000","1","8","0.142857","2","2","O26","MH","12","10","12","11","2","2","2","0","1","0","2","0","2","0:0:0|0:0:0|0:0:0|0:0:0|0:0:0|0:0:0|0:0:0|0:0:0|0:0:0|0:0:0|0:0:0|0:0:0|0:0:0|0:0:0|0:0:0|0:0:0|0:0:0|0:0:0|0:0:0|0:0:0|2:0:1|0:0:0|0:0:0|0:0:0|0:0:0|0:0:0|0:0:0|0:0:0|0:0:0|0:0:0|0:0:0|0:0:0|0:0:0|0:0:0|0:0:0|0:0:0|0:0:0|0:0:0|0:0:0|0:0:0|0:0:1|0:0:0|0:0:0|0:0:0|0:0:0|0:0:0|0:0:0|0:0:0|0:0:0","0:0:0|0:0:0|0:0:0|0:0:0|0:0:0|0:0:0|0:0:0|0:0:0|0:0:0|0:0:0|0:0:0|0:0:0|0:0:0|0:0:0|0:0:0|0:0:0|0:0:0|0:0:0|0:0:0|0:0:0|2:0:2|0:0:0|0:0:0|0:0:0|0:0:0|0:0:0|0:0:0|0:0:0|0:0:0|0:0:0|0:0:0|0:0:0|0:0:0|0:0:0|0:0:0|0:0:0|0:0:0|0:0:0|0:0:0|0:0:0|0:0:1|0:0:0|0:0:0|0:0:0|0:0:0|0:0:0|0:0:0|0:0:0|0:0:0","0:0:0|0:0:0|0:0:0|0:0:0|0:0:0|0:0:0|0:0:0|0:0:0|0:0:0|0:0:0|0:0:0|0:0:0|0:0:0|0:0:0|0:0:0|0:0:0|0:0:0|0:0:0|0:0:0|0:0:0|2:0:2|0:0:0|0:0:0|0:0:0|0:0:0|0:0:0|0:0:0|0:0:0|0:0:0|0:0:0|0:0:0|0:0:0|0:0:0|0:0:0|0:0:0|0:0:0|0:0:0|0:0:0|0:0:0|0:0:0|2:0:1|0:0:0|0:0:0|0:0:0|0:0:0|0:0:0|0:0:0|0:0:0|0:0:0"
"7x7-p84","7x7-p84-uct-1000","1000","1","9","0.160714","1","1","O11","LL","12","12","13","12","0","0","1","0","0","1","0","1","0","0:0:0|0:0:0|0:0:0|0:0:0|0:0:0|0:0:0|0:0:0|0:0:0|0:0:0|0:0:0|0:0:0|0:0:0|0:0:0|0:0:0|0:0:0|0:0:0|0:0:0|0:0:0|0:0:0|0:0:0|2:0:2|0:0:0|0:0:0|0:0:0|0:0:0|0:0:0|0:0:0|0:0:0|0:0:0|0:0:0|0:0:0|0:0:0|0:0:0|0:0:0|0:0:0|0:0:0|0:0:0|0:0:0|0:0:0|0:0:0|2:0:1|0:0:0|0:0:0|0:0:0|0:0:0|0:0:0|0:0:0|0:0:0|0:0:0","0:0:0|0:0:0|0:0:0|0:0:0|0:0:0|0:0:0|0:0:0|0:0:0|0:1:0|0:0:0|0:0:0|0:0:0|0:0:0|0:0:0|0:0:0|0:0:0|0:0:0|0:0:0|0:0:0|0:0:0|2:0:2|0:0:0|0:0:0|0:0:0|0:0:0|0:0:0|0:0:0|0:0:0|0:0:0|0:0:0|0:0:0|0:0:0|0:0:0|0:0:0|0:0:0|0:0:0|0:0:0|0:0:0|0:0:0|0:0:0|2:0:1|0:0:0|0:0:0|0:0:0|0:0:0|0:0:0|0:0:0|0:0:0|0:0:0","0:0:0|0:0:0|0:0:0|0:0:0|0:0:0|0:0:0|0:0:0|0:0:0|1:1:0|0:0:0|0:0:0|0:0:0|1:1:0|0:0:0|0:0:0|0:0:0|0:0:0|0:0:0|0:0:0|0:0:0|2:0:2|0:0:0|0:0:0|0:0:0|0:0:0|0:0:0|1:1:0|0:0:0|0:0:0|0:0:0|0:0:0|0:0:0|0:0:0|0:0:0|0:0:0|0:0:0|0:0:0|0:0:0|0:0:0|0:0:0|2:0:1|0:0:0|0:0:0|0:0:0|0:0:0|0:0:0|0:0:0|0:0:0|0:0:0"
"7x7-p84","7x7-p84-uct-1000","1000","1","9","0.160714","2","1","O35","MH","13","12","14","12","0","0","1","0","0","1","0","1","0","0:0:0|0:0:0|0:0:0|0:0:0|0:0:0|0:0:0|0:0:0|0:0:0|0:1:0|0:0:0|0:0:0|0:0:0|0:0:0|0:0:0|0:0:0|0:0:0|0:0:0|0:0:0|0:0:0|0:0:0|2:0:2|0:0:0|0:0:0|0:0:0|0:0:0|0:0:0|0:0:0|0:0:0|0:0:0|0:0:0|0:0:0|0:0:0|0:0:0|0:0:0|0:0:0|0:0:0|0:0:0|0:0:0|0:0:0|0:0:0|2:0:1|0:0:0|0:0:0|0:0:0|0:0:0|0:0:0|0:0:0|0:0:0|0:0:0","0:0:0|0:0:0|0:0:0|0:0:0|0:0:0|0:0:0|0:0:0|0:0:0|0:1:0|0:0:0|0:0:0|0:0:0|0:0:0|0:0:0|0:0:0|0:0:0|0:0:0|0:0:0|0:0:0|0:0:0|2:0:2|0:0:0|0:0:0|0:0:0|0:0:0|0:0:0|0:1:0|0:0:0|0:0:0|0:0:0|0:0:0|0:0:0|0:0:0|0:0:0|0:0:0|0:0:0|0:0:0|0:0:0|0:0:0|0:0:0|2:0:1|0:0:0|0:0:0|0:0:0|0:0:0|0:0:0|0:0:0|0:0:0|0:0:0","0:0:0|0:0:0|0:0:0|0:0:0|0:0:0|0:0:0|0:0:0|0:0:0|1:1:0|0:0:0|0:0:0|0:0:0|1:1:0|0:0:0|0:0:0|0:0:0|0:0:0|0:0:0|0:0:0|0:0:0|2:0:2|0:0:0|0:0:0|0:0:0|0:0:0|0:0:0|1:1:0|0:0:0|0:0:0|0:0:0|0:0:0|0:0:0|0:0:0|0:0:0|0:0:0|0:0:0|0:0:0|0:0:0|0:0:0|0:0:0|2:0:1|0:0:0|0:0:0|0:0:0|0:0:0|0:0:0|0:0:0|0:0:0|0:0:0"
"7x7-p84","7x7-p84-uct-1000","1000","1","9","0.160714","3","1","O15","LH","14","12","15","12","0","1","1","0","0","1","0","1","0","0:0:0|0:0:0|0:0:0|0:0:0|0:0:0|0:0:0|0:0:0|0:0:0|0:1:0|0:0:0|0:0:0|0:0:0|0:0:0|0:0:0|0:0:0|0:0:0|0:0:0|0:0:0|0:0:0|0:0:0|2:0:2|0:0:0|0:0:0|0:0:0|0:0:0|0:0:0|0:1:0|0:0:0|0:0:0|0:0:0|0:0:0|0:0:0|0:0:0|0:0:0|0:0:0|0:0:0|0:0:0|0:0:0|0:0:0|0:0:0|2:0:1|0:0:0|0:0:0|0:0:0|0:0:0|0:0:0|0:0:0|0:0:0|0:0:0","0:0:0|0:0:0|0:0:0|0:0:0|0:0:0|0:0:0|0:0:0|0:0:0|1:1:0|0:0:0|0:0:0|0:0:0|1:1:0|0:0:0|0:0:0|0:0:0|0:0:0|0:0:0|0:0:0|0:0:0|2:0:2|0:0:0|0:0:0|0:0:0|0:0:0|0:0:0|1:1:0|0:0:0|0:0:0|0:0:0|0:0:0|0:0:0|0:0:0|0:0:0|0:0:0|0:0:0|0:0:0|0:0:0|0:0:0|0:0:0|2:0:1|0:0:0|0:0:0|0:0:0|0:0:0|0:0:0|0:0:0|0:0:0|0:0:0","0:0:0|0:0:0|0:0:0|0:0:0|0:0:0|0:0:0|0:0:0|0:0:0|1:1:0|0:0:0|0:0:0|0:0:0|1:1:0|0:0:0|0:0:0|0:0:0|0:0:0|0:0:0|0:0:0|0:0:0|2:0:2|0:0:0|0:0:0|0:0:0|0:0:0|0:0:0|1:1:0|0:0:0|0:0:0|0:0:0|0:0:0|0:0:0|0:0:0|0:0:0|0:0:0|0:0:0|0:0:0|0:0:0|0:0:0|0:0:0|2:0:1|0:0:0|0:0:0|0:0:0|0:0:0|0:0:0|0:0:0|0:0:0|0:0:0"
"7x7-p84","7x7-p84-uct-1000","1000","1","10","0.178571","1","2","O32","MM","15","12","15","13","0","0","2","0","0","0","1","0","1","0:0:0|0:0:0|0:0:0|0:0:0|0:0:0|0:0:0|0:0:0|0:0:0|1:1:0|0:0:0|0:0:0|0:0:0|1:1:0|0:0:0|0:0:0|0:0:0|0:0:0|0:0:0|0:0:0|0:0:0|2:0:2|0:0:0|0:0:0|0:0:0|0:0:0|0:0:0|1:1:0|0:0:0|0:0:0|0:0:0|0:0:0|0:0:0|0:0:0|0:0:0|0:0:0|0:0:0|0:0:0|0:0:0|0:0:0|0:0:0|2:0:1|0:0:0|0:0:0|0:0:0|0:0:0|0:0:0|0:0:0|0:0:0|0:0:0","0:0:0|0:0:0|0:0:0|0:0:0|0:0:0|0:0:0|0:0:0|0:0:0|1:1:0|0:0:0|0:0:0|0:0:0|1:1:0|0:0:0|0:0:0|0:0:0|0:0:0|0:0:0|0:0:0|0:0:0|2:0:2|0:0:0|0:0:0|0:0:1|0:0:0|0:0:0|1:1:0|0:0:0|0:0:0|0:0:0|0:0:0|0:0:0|0:0:0|0:0:0|0:0:0|0:0:0|0:0:0|0:0:0|0:0:0|0:0:0|2:0:1|0:0:0|0:0:0|0:0:0|0:0:0|0:0:0|0:0:0|0:0:0|0:0:0","0:0:0|0:0:0|0:0:0|0:0:0|0:0:0|0:0:0|0:0:0|0:0:0|1:1:0|0:0:0|0:0:0|0:0:0|1:1:0|2:0:1|0:0:0|0:0:0|0:0:0|0:0:0|0:0:0|0:0:0|2:0:2|0:0:0|0:0:0|2:0:1|0:0:0|0:0:0|1:1:0|0:0:0|0:0:0|0:0:0|0:0:0|0:0:0|0:0:0|0:0:0|0:0:0|0:0:0|0:0:0|0:0:0|0:0:0|0:0:0|2:0:1|0:0:0|0:0:0|0:0:0|0:0:0|0:0:0|0:0:0|0:0:0|0:0:0"
"7x7-p84","7x7-p84-uct-1000","1000","1","10","0.178571","3","2","O16","LH","15","14","15","15","0","2","2","0","0","0","1","0","1","0:0:0|0:0:0|0:0:0|0:0:0|0:0:0|0:0:0|0:0:0|0:0:0|1:1:0|0:0:0|0:0:0|0:0:0|1:1:0|0:0:0|0:0:0|0:0:0|0:0:0|0:0:0|0:0:0|0:0:0|2:0:2|0:0:0|0:0:0|0:0:1|0:0:0|0:0:0|1:1:0|0:0:0|0:0:0|0:0:0|0:0:0|0:0:0|0:0:0|0:0:0|0:0:0|0:0:0|0:0:0|0:0:0|0:0:0|0:0:0|2:0:1|0:0:0|0:0:0|0:0:0|0:0:0|0:0:0|0:0:0|0:0:0|0:0:0","0:0:0|0:0:0|0:0:0|0:0:0|0:0:0|0:0:0|0:0:0|0:0:0|1:1:0|0:0:0|0:0:0|0:0:0|1:1:0|2:0:1|0:0:0|0:0:0|0:0:0|0:0:0|0:0:0|0:0:0|2:0:2|0:0:0|0:0:0|2:0:1|0:0:0|0:0:0|1:1:0|0:0:0|0:0:0|0:0:0|0:0:0|0:0:0|0:0:0|0:0:0|0:0:0|0:0:0|0:0:0|0:0:0|0:0:0|0:0:0|2:0:1|0:0:0|0:0:0|0:0:0|0:0:0|0:0:0|0:0:0|0:0:0|0:0:0","0:0:0|0:0:0|0:0:0|0:0:0|0:0:0|0:0:0|0:0:0|0:0:0|1:1:0|0:0:0|0:0:0|0:0:0|1:1:0|2:0:1|0:0:0|0:0:0|0:0:0|0:0:0|0:0:0|0:0:0|2:0:2|0:0:0|0:0:0|2:0:1|0:0:0|0:0:0|1:1:0|0:0:0|0:0:0|0:0:0|0:0:0|0:0:0|0:0:0|0:0:0|0:0:0|0:0:0|0:0:0|0:0:0|0:0:0|0:0:0|2:0:1|0:0:0|0:0:0|0:0:0|0:0:0|0:0:0|0:0:0|0:0:0|0:0:0"
"7x7-p84","7x7-p84-uct-1000","1000","1","11","0.196429","3","1","O36","MH","17","15","18","15","0","1","1","0","0","1","0","1","0","0:0:0|0:0:0|0:0:0|0:0:0|0:0:0|0:0:0|0:0:0|0:0:0|1:1:0|0:0:0|0:0:0|0:0:0|1:1:0|2:0:1|0:0:0|0:0:0|0:0:0|0:0:0|0:0:0|0:0:0|2:0:2|0:0:0|0:0:0|2:0:1|0:0:0|0:0:0|1:1:0|0:0:0|0:0:0|0:0:0|0:0:0|0:0:0|0:0:0|0:0:0|0:0:0|0:0:0|0:0:0|0:0:0|0:0:0|0:0:0|2:0:1|0:0:0|0:0:0|0:0:0|0:0:0|0:0:0|0:0:0|0:0:0|0:0:0","0:0:0|0:0:0|0:0:0|0:0:0|0:0:0|0:0:0|0:0:0|0:0:0|1:1:0|0:0:0|0:0:0|0:0:0|1:1:0|2:0:1|0:0:0|0:0:0|0:0:0|0:0:0|0:0:0|0:0:0|2:0:2|0:0:0|0:0:0|2:0:1|0:0:0|0:0:0|1:1:0|1:1:0|0:0:0|0:0:0|0:0:0|0:0:0|0:0:0|0:0:0|0:0:0|0:0:0|0:0:0|0:0:0|0:0:0|0:0:0|2:0:1|0:0:0|0:0:0|0:0:0|0:0:0|0:0:0|0:0:0|0:0:0|0:0:0","0:0:0|0:0:0|0:0:0|0:0:0|0:0:0|0:0:0|0:0:0|0:0:0|1:1:0|0:0:0|0:0:0|0:0:0|1:1:0|2:0:1|0:0:0|0:0:0|0:0:0|0:0:0|0:0:0|0:0:0|2:0:2|0:0:0|0:0:0|2:0:1|0:0:0|0:0:0|1:1:0|1:1:0|0:0:0|0:0:0|0:0:0|0:0:0|0:0:0|0:0:0|0:0:0|0:0:0|0:0:0|0:0:0|0:0:0|0:0:0|2:0:1|0:0:0|0:0:0|0:0:0|0:0:0|0:0:0|0:0:0|0:0:0|0:0:0"
"7x7-p84","7x7-p84-uct-1000","1000","1","12","0.214286","2","2","O31","ML","18","16","18","17","0","0","2","0","0","0","1","0","1","0:0:0|0:0:0|0:0:0|0:0:0|0:0:0|0:0:0|0:0:0|0:0:0|1:1:0|0:0:0|0:0:0|0:0:0|1:1:0|2:0:1|0:0:0|0:0:0|0:0:0|0:0:0|0:0:0|0:0:0|2:0:2|0:0:0|0:0:0|2:0:1|0:0:0|0:0:0|1:1:0|1:1:0|0:0:0|0:0:0|0:0:0|0:0:0|0:0:0|0:0:0|0:0:0|0:0:0|0:0:0|0:0:0|0:0:0|0:0:0|2:0:1|0:0:0|0:0:0|0:0:0|0:0:0|0:0:0|0:0:0|0:0:0|0:0:0","0:0:0|0:0:0|0:0:0|0:0:0|0:0:0|0:0:0|0:0:0|0:0:0|1:1:0|0:0:0|0:0:0|0:0:0|1:1:0|2:0:1|0:0:0|0:0:0|0:0:0|0:0:0|0:0:0|0:0:0|2:0:2|0:0:0|0:0:1|2:0:1|0:0:0|0:0:0|1:1:0|1:1:0|0:0:0|0:0:0|0:0:0|0:0:0|0:0:0|0:0:0|0:0:0|0:0:0|0:0:0|0:0:0|0:0:0|0:0:0|2:0:1|0:0:0|0:0:0|0:0:0|0:0:0|0:0:0|0:0:0|0:0:0|0:0:0","0:0:0|0:0:0|0:0:0|0:0:0|0:0:0|0:0:0|0:0:0|0:0:0|1:1:0|0:0:0|0:0:0|0:0:0|1:1:0|2:0:1|0:0:0|0:0:0|0:0:0|0:0:0|0:0:0|0:0:0|4:0:3|0:0:0|2:0:1|2:0:1|0:0:0|0:0:0|1:1:0|1:1:0|0:0:0|0:0:0|0:0:0|0:0:0|0:0:0|0:0:0|0:0:0|0:0:0|0:0:0|0:0:0|0:0:0|0:0:0|2:0:1|0:0:0|0:0:0|0:0:0|0:0:0|0:0:0|0:0:0|0:0:0|0:0:0"
"7x7-p84","7x7-p84-uct-1000","1000","1","12","0.214286","3","2","O26","MH","18","17","18","18","2","4","4","0","2","0","3","0","3","0:0:0|0:0:0|0:0:0|0:0:0|0:0:0|0:0:0|0:0:0|0:0:0|1:1:0|0:0:0|0:0:0|0:0:0|1:1:0|2:0:1|0:0:0|0:0:0|0:0:0|0:0:0|0:0:0|0:0:0|2:0:2|0:0:0|0:0:1|2:0:1|0:0:0|0:0:0|1:1:0|1:1:0|0:0:0|0:0:0|0:0:0|0:0:0|0:0:0|0:0:0|0:0:0|0:0:0|0:0:0|0:0:0|0:0:0|0:0:0|2:0:1|0:0:0|0:0:0|0:0:0|0:0:0|0:0:0|0:0:0|0:0:0|0:0:0","0:0:0|0:0:0|0:0:0|0:0:0|0:0:0|0:0:0|0:0:0|0:0:0|1:1:0|0:0:0|0:0:0|0:0:0|1:1:0|2:0:1|0:0:0|0:0:0|0:0:0|0:0:0|0:0:0|0:0:0|4:0:3|0:0:0|2:0:1|2:0:1|0:0:0|0:0:0|1:1:0|1:1:0|0:0:0|0:0:0|0:0:0|0:0:0|0:0:0|0:0:0|0:0:0|0:0:0|0:0:0|0:0:0|0:0:0|0:0:0|2:0:1|0:0:0|0:0:0|0:0:0|0:0:0|0:0:0|0:0:0|0:0:0|0:0:0","0:0:0|0:0:0|0:0:0|0:0:0|0:0:0|0:0:0|0:0:0|0:0:0|1:1:0|0:0:0|0:0:0|0:0:0|1:1:0|2:0:1|0:0:0|0:0:0|0:0:0|0:0:0|0:0:0|0:0:0|4:0:3|0:0:0|2:0:1|2:0:1|0:0:0|0:0:0|1:1:0|1:1:0|0:0:0|0:0:0|0:0:0|0:0:0|0:0:0|0:0:0|0:0:0|0:0:0|0:0:0|0:0:0|0:0:0|0:0:0|2:0:1|0:0:0|0:0:0|0:0:0|0:0:0|0:0:0|0:0:0|0:0:0|0:0:0"
"7x7-p84","7x7-p84-uct-1000","1000","1","13","0.232143","1","1","O36","MH","18","18","19","18","1","1","1","1","0","2","0","2","0","0:0:0|0:0:0|0:0:0|0:0:0|0:0:0|0:0:0|0:0:0|0:0:0|1:1:0|0:0:0|0:0:0|0:0:0|1:1:0|2:0:1|0:0:0|0:0:0|0:0:0|0:0:0|0:0:0|0:0:0|4:0:3|0:0:0|2:0:1|2:0:1|0:0:0|0:0:0|1:1:0|1:1:0|0:0:0|0:0:0|0:0:0|0:0:0|0:0:0|0:0:0|0:0:0|0:0:0|0:0:0|0:0:0|0:0:0|0:0:0|2:0:1|0:0:0|0:0:0|0:0:0|0:0:0|0:0:0|0:0:0|0:0:0|0:0:0","0:0:0|0:0:0|0:0:0|0:0:0|0:0:0|0:0:0|0:0:0|0:0:0|1:1:0|0:0:0|0:0:0|0:0:0|1:1:0|2:0:1|0:0:0|0:0:0|0:0:0|0:0:0|0:0:0|0:0:0|4:0:3|0:0:0|2:0:1|2:0:1|0:0:0|0:0:0|1:1:0|1:2:0|0:0:0|0:0:0|0:0:0|0:0:0|0:0:0|0:0:0|0:0:0|0:0:0|0:0:0|0:0:0|0:0:0|0:0:0|2:0:1|0:0:0|0:0:0|0:0:0|0:0:0|0:0:0|0:0:0|0:0:0|0:0:0","0:0:0|0:0:0|0:0:0|0:0:0|0:0:0|0:0:0|0:0:0|0:0:0|1:1:0|0:0:0|0:0:0|0:0:0|1:1:0|2:0:1|0:0:0|0:0:0|0:0:0|0:0:0|0:0:0|0:0:0|4:0:3|0:0:0|2:0:1|2:0:1|0:0:0|0:0:0|1:1:0|1:2:0|0:0:0|0:0:0|0:0:0|0:0:0|0:0:0|0:0:0|0:0:0|0:0:0|0:0:0|0:0:0|0:0:0|0:0:0|2:0:1|0:0:0|0:0:0|0:0:0|0:0:0|0:0:0|0:0:0|0:0:0|0:0:0"
"7x7-p84","7x7-p84-uct-1000","1000","1","15","0.267857","2","1","O25","MH","22","21","23","21","0","0","1","0","0","1","0","1","0","0:0:0|0:0:0|0:0:0|0:0:0|0:0:0|0:0:0|0:0:0|0:0:0|1:1:0|0:0:0|0:0:0|0:0:0|1:1:0|2:0:1|0:0:0|0:0:0|0:0:0|0:0:0|0:0:0|0:0:0|4:0:3|0:0:0|2:0:1|2:0:1|0:0:0|0:0:0|1:1:0|1:2:0|0:0:0|0:0:0|0:0:0|0:0:0|0:0:0|0:0:0|0:0:0|0:0:0|0:0:0|0:0:0|0:0:0|0:0:0|2:0:1|0:0:0|0:0:0|0:0:0|0:0:0|0:0:0|0:0:0|0:0:0|0:0:0","0:0:0|0:0:0|0:0:0|0:0:0|0:0:0|0:0:0|0:0:0|0:0:0|1:1:0|0:0:0|0:0:0|0:0:0|1:1:0|2:0:1|0:0:0|0:0:0|0:0:0|0:0:0|0:0:0|0:1:0|4:0:3|0:0:0|2:0:1|2:0:1|0:0:0|0:0:0|1:1:0|1:2:0|0:0:0|0:0:0|0:0:0|0:0:0|0:0:0|0:0:0|0:0:0|0:0:0|0:0:0|0:0:0|0:0:0|0:0:0|2:0:1|0:0:0|0:0:0|0:0:0|0:0:0|0:0:0|0:0:0|0:0:0|0:0:0","0:0:0|0:0:0|0:0:0|0:0:0|0:0:0|0:0:0|0:0:0|0:0:0|1:1:0|1:1:0|0:0:0|0:0:0|1:1:0|2:0:1|0:0:0|0:0:0|0:0:0|0:0:0|0:0:0|1:1:0|4:0:3|0:0:0|2:0:1|2:0:1|0:0:0|0:0:0|1:1:0|1:2:0|0:0:0|0:0:0|0:0:0|0:0:0|0:0:0|0:0:0|0:0:0|0:0:0|0:0:0|0:0:0|0:0:0|0:0:0|2:0:1|0:0:0|0:0:0|0:0:0|0:0:0|0:0:0|0:0:0|0:0:0|0:0:0"
"7x7-p84","7x7-p84-uct-1000","1000","1","15","0.267857","3","1","O12","LM","23","21","24","21","0","1","1","0","0","1","0","1","0","0:0:0|0:0:0|0:0:0|0:0:0|0:0:0|0:0:0|0:0:0|0:0:0|1:1:0|0:0:0|0:0:0|0:0:0|1:1:0|2:0:1|0:0:0|0:0:0|0:0:0|0:0:0|0:0:0|0:1:0|4:0:3|0:0:0|2:0:1|2:0:1|0:0:0|0:0:0|1:1:0|1:2:0|0:0:0|0:0:0|0:0:0|0:0:0|0:0:0|0:0:0|0:0:0|0:0:0|0:0:0|0:0:0|0:0:0|0:0:0|2:0:1|0:0:0|0:0:0|0:0:0|0:0:0|0:0:0|0:0:0|0:0:0|0:0:0","0:0:0|0:0:0|0:0:0|0:0:0|0:0:0|0:0:0|0:0:0|0:0:0|1:1:0|1:1:0|0:0:0|0:0:0|1:1:0|2:0:1|0:0:0|0:0:0|0:0:0|0:0:0|0:0:0|1:1:0|4:0:3|0:0:0|2:0:1|2:0:1|0:0:0|0:0:0|1:1:0|1:2:0|0:0:0|0:0:0|0:0:0|0:0:0|0:0:0|0:0:0|0:0:0|0:0:0|0:0:0|0:0:0|0:0:0|0:0:0|2:0:1|0:0:0|0:0:0|0:0:0|0:0:0|0:0:0|0:0:0|0:0:0|0:0:0","0:0:0|0:0:0|0:0:0|0:0:0|0:0:0|0:0:0|0:0:0|0:0:0|1:1:0|1:1:0|0:0:0|0:0:0|1:1:0|2:0:1|0:0:0|0:0:0|0:0:0|0:0:0|0:0:0|1:1:0|4:0:3|0:0:0|2:0:1|2:0:1|0:0:0|0:0:0|1:1:0|1:2:0|0:0:0|0:0:0|0:0:0|0:0:0|0:0:0|0:0:0|0:0:0|0:0:0|0:0:0|0:0:0|0:0:0|0:0:0|2:0:1|0:0:0|0:0:0|0:0:0|0:0:0|0:0:0|0:0:0|0:0:0|0:0:0"
"7x7-p84","7x7-p84-uct-1000","1000","1","16","0.285714","2","2","O44","MM","24","22","24","23","0","0","2","0","0","0","1","0","1","0:0:0|0:0:0|0:0:0|0:0:0|0:0:0|0:0:0|0:0:0|0:0:0|1:1:0|1:1:0|0:0:0|0:0:0|1:1:0|2:0:1|0:0:0|0:0:0|0:0:0|0:0:0|0:0:0|1:1:0|4:0:3|0:0:0|2:0:1|2:0:1|0:0:0|0:0:0|1:1:0|1:2:0|0:0:0|0:0:0|0:0:0|0:0:0|0:0:0|0:0:0|0:0:0|0:0:0|0:0:0|0:0:0|0:0:0|0:0:0|2:0:1|0:0:0|0:0:0|0:0:0|0:0:0|0:0:0|0:0:0|0:0:0|0:0:0","0:0:0|0:0:0|0:0:0|0:0:0|0:0:0|0:0:0|0:0:0|0:0:0|1:1:0|1:1:0|0:0:0|0:0:0|1:1:0|2:0:1|0:0:0|0:0:0|0:0:0|0:0:0|0:0:0|1:1:0|4:0:3|0:0:0|2:0:1|2:0:1|0:0:0|0:0:0|1:1:0|1:2:0|0:0:0|0:0:0|0:0:0|0:0:0|0:0:1|0:0:0|0:0:0|0:0:0|0:0:0|0:0:0|0:0:0|0:0:0|2:0:1|0:0:0|0:0:0|0:0:0|0:0:0|0:0:0|0:0:0|0:0:0|0:0:0","0:0:0|0:0:0|0:0:0|0:0:0|0:0:0|0:0:0|0:0:0|0:0:0|1:1:0|1:1:0|0:0:0|0:0:0|1:1:0|2:0:1|0:0:0|0:0:0|0:0:0|0:0:0|0:0:0|1:1:0|4:0:3|0:0:0|2:0:1|2:0:1|0:0:0|0:0:0|1:1:0|1:2:0|0:0:0|0:0:0|0:0:0|0:0:0|2:0:1|0:0:0|0:0:0|0:0:0|0:0:0|0:0:0|0:0:0|0:0:0|2:0:1|0:0:0|0:0:0|0:0:0|0:0:0|0:0:0|0:0:0|0:0:0|0:0:0"
"7x7-p84","7x7-p84-uct-1000","1000","1","17","0.303571","1","1","O45","MH","24","24","25","24","0","0","1","0","0","1","0","1","0","0:0:0|0:0:0|0:0:0|0:0:0|0:0:0|0:0:0|0:0:0|0:0:0|1:1:0|1:1:0|0:0:0|0:0:0|1:1:0|2:0:1|0:0:0|0:0:0|0:0:0|0:0:0|0:0:0|1:1:0|4:0:3|0:0:0|2:0:1|2:0:1|0:0:0|0:0:0|1:1:0|1:2:0|0:0:0|0:0:0|0:0:0|0:0:0|2:0:1|0:0:0|0:0:0|0:0:0|0:0:0|0:0:0|0:0:0|0:0:0|2:0:1|0:0:0|0:0:0|0:0:0|0:0:0|0:0:0|0:0:0|0:0:0|0:0:0","0:0:0|0:0:0|0:0:0|0:0:0|0:0:0|0:0:0|0:0:0|0:0:0|1:1:0|1:1:0|0:0:0|0:0:0|1:1:0|2:0:1|0:0:0|0:0:0|0:0:0|0:0:0|0:0:0|1:1:0|4:0:3|0:0:0|2:0:1|2:0:1|0:0:0|0:0:0|1:1:0|1:2:0|0:0:0|0:0:0|0:0:0|0:0:0|2:0:1|0:1:0|0:0:0|0:0:0|0:0:0|0:0:0|0:0:0|0:0:0|2:0:1|0:0:0|0:0:0|0:0:0|0:0:0|0:0:0|0:0:0|0:0:0|0:0:0","0:0:0|0:0:0|0:0:0|0:0:0|0:0:0|0:0:0|0:0:0|0:0:0|1:1:0|1:1:0|0:0:0|0:0:0|1:1:0|2:0:1|0:0:0|0:0:0|1:1:0|0:0:0|0:0:0|1:1:0|4:0:3|0:0:0|2:0:1|2:0:1|0:0:0|0:0:0|1:1:0|1:2:0|0:0:0|0:0:0|0:0:0|0:0:0|2:0:1|1:1:0|0:0:0|0:0:0|0:0:0|0:0:0|0:0:0|0:0:0|2:0:1|0:0:0|0:0:0|0:0:0|0:0:0|0:0:0|0:0:0|0:0:0|0:0:0"
"7x7-p84","7x7-p84-uct-1000","1000","1","17","0.303571","2","1","O22","MM","25","24","26","24","0","0","1","0","0","1","0","1","0","0:0:0|0:0:0|0:0:0|0:0:0|0:0:0|0:0:0|0:0:0|0:0:0|1:1:0|1:1:0|0:0:0|0:0:0|1:1:0|2:0:1|0:0:0|0:0:0|0:0:0|0:0:0|0:0:0|1:1:0|4:0:3|0:0:0|2:0:1|2:0:1|0:0:0|0:0:0|1:1:0|1:2:0|0:0:0|0:0:0|0:0:0|0:0:0|2:0:1|0:1:0|0:0:0|0:0:0|0:0:0|0:0:0|0:0:0|0:0:0|2:0:1|0:0:0|0:0:0|0:0:0|0:0:0|0:0:0|0:0:0|0:0:0|0:0:0","0:0:0|0:0:0|0:0:0|0:0:0|0:0:0|0:0:0|0:0:0|0:0:0|1:1:0|1:1:0|0:0:0|0:0:0|1:1:0|2:0:1|0:0:0|0:0:0|0:1:0|0:0:0|0:0:0|1:1:0|4:0:3|0:0:0|2:0:1|2:0:1|0:0:0|0:0:0|1:1:0|1:2:0|0:0:0|0:0:0|0:0:0|0:0:0|2:0:1|0:1:0|0:0:0|0:0:0|0:0:0|0:0:0|0:0:0|0:0:0|2:0:1|0:0:0|0:0:0|0:0:0|0:0:0|0:0:0|0:0:0|0:0:0|0:0:0","0:0:0|0:0:0|0:0:0|0:0:0|0:0:0|0:0:0|0:0:0|0:0:0|1:1:0|1:1:0|0:0:0|0:0:0|1:1:0|2:0:1|0:0:0|0:0:0|1:1:0|0:0:0|0:0:0|1:1:0|4:0:3|0:0:0|2:0:1|2:0:1|0:0:0|0:0:0|1:1:0|1:2:0|0:0:0|0:0:0|0:0:0|0:0:0|2:0:1|1:1:0|0:0:0|0:0:0|0:0:0|0:0:0|0:0:0|0:0:0|2:0:1|0:0:0|0:0:0|0:0:0|0:0:0|0:0:0|0:0:0|0:0:0|0:0:0"
"7x7-p84","7x7-p84-uct-1000","1000","1","18","0.321429","1","2","O41","ML","27","24","27","25","0","0","2","0","0","0","1","0","1","0:0:0|0:0:0|0:0:0|0:0:0|0:0:0|0:0:0|0:0:0|0:0:0|1:1:0|1:1:0|0:0:0|0:0:0|1:1:0|2:0:1|0:0:0|0:0:0|1:1:0|0:0:0|0:0:0|1:1:0|4:0:3|0:0:0|2:0:1|2:0:1|0:0:0|0:0:0|1:1:0|1:2:0|0:0:0|0:0:0|0:0:0|0:0:0|2:0:1|1:1:0|0:0:0|0:0:0|0:0:0|0:0:0|0:0:0|0:0:0|2:0:1|0:0:0|0:0:0|0:0:0|0:0:0|0:0:0|0:0:0|0:0:0|0:0:0","0:0:0|0:0:0|0:0:0|0:0:0|0:0:0|0:0:0|0:0:0|0:0:0|1:1:0|1:1:0|0:0:0|0:0:0|1:1:0|2:0:1|0:0:0|0:0:0|1:1:0|0:0:0|0:0:0|1:1:0|4:0:3|0:0:0|2:0:1|2:0:1|0:0:0|0:0:0|1:1:0|1:2:0|0:0:0|0:0:1|0:0:0|0:0:0|2:0:1|1:1:0|0:0:0|0:0:0|0:0:0|0:0:0|0:0:0|0:0:0|2:0:1|0:0:0|0:0:0|0:0:0|0:0:0|0:0:0|0:0:0|0:0:0|0:0:0","0:0:0|0:0:0|0:0:0|0:0:0|0:0:0|0:0:0|0:0:0|0:0:0|1:1:0|1:1:0|0:0:0|0:0:0|1:1:0|2:0:1|0:0:0|0:0:0|1:1:0|0:0:0|0:0:0|1:1:0|4:0:3|0:0:0|2:0:1|2:0:1|0:0:0|0:0:0|1:1:0|1:2:0|0:0:0|2:0:1|0:0:0|0:0:0|2:0:1|1:1:0|0:0:0|0:0:0|0:0:0|0:0:0|0:0:0|0:0:0|2:0:1|0:0:0|0:0:0|0:0:0|0:0:0|0:0:0|0:0:0|0:0:0|0:0:0"
"7x7-p84","7x7-p84-uct-1000","1000","1","19","0.339286","1","1","O22","MM","27","27","28","27","1","1","1","1","0","2","0","2","0","0:0:0|0:0:0|0:0:0|0:0:0|0:0:0|0:0:0|0:0:0|0:0:0|1:1:0|1:1:0|0:0:0|0:0:0|1:1:0|2:0:1|0:0:0|0:0:0|1:1:0|0:0:0|0:0:0|1:1:0|4:0:3|0:0:0|2:0:1|2:0:1|0:0:0|0:0:0|1:1:0|1:2:0|0:0:0|2:0:1|0:0:0|0:0:0|2:0:1|1:1:0|0:0:0|0:0:0|0:0:0|0:0:0|0:0:0|0:0:0|2:0:1|0:0:0|0:0:0|0:0:0|0:0:0|0:0:0|0:0:0|0:0:0|0:0:0","0:0:0|0:0:0|0:0:0|0:0:0|0:0:0|0:0:0|0:0:0|0:0:0|1:1:0|1:1:0|0:0:0|0:0:0|1:1:0|2:0:1|0:0:0|0:0:0|1:2:0|0:0:0|0:0:0|1:1:0|4:0:3|0:0:0|2:0:1|2:0:1|0:0:0|0:0:0|1:1:0|1:2:0|0:0:0|2:0:1|0:0:0|0:0:0|2:0:1|1:1:0|0:0:0|0:0:0|0:0:0|0:0:0|0:0:0|0:0:0|2:0:1|0:0:0|0:0:0|0:0:0|0:0:0|0:0:0|0:0:0|0:0:0|0:0:0","0:0:0|0:0:0|0:0:0|0:0:0|0:0:0|0:0:0|0:0:0|0:0:0|1:1:0|1:1:0|0:0:0|0:0:0|1:2:0|2:0:1|0:0:0|0:0:0|1:2:0|0:0:0|0:0:0|1:1:0|4:0:3|0:0:0|2:0:1|2:0:1|0:0:0|0:0:0|1:1:0|1:2:0|0:0:0|2:0:1|0:0:0|0:0:0|2:0:1|1:1:0|0:0:0|0:0:0|0:0:0|0:0:0|0:0:0|0:0:0|2:0:1|0:0:0|0:0:0|0:0:0|0:0:0|0:0:0|0:0:0|0:0:0|0:0:0"
"7x7-p84","7x7-p84-uct-1000","1000","1","19","0.339286","3","1","O15","LH","29","27","30","27","1","1","1","1","0","2","0","2","0","0:0:0|0:0:0|0:0:0|0:0:0|0:0:0|0:0:0|0:0:0|0:0:0|1:1:0|1:1:0|0:0:0|0:0:0|1:1:0|2:0:1|0:0:0|0:0:0|1:2:0|0:0:0|0:0:0|1:1:0|4:0:3|0:0:0|2:0:1|2:0:1|0:0:0|0:0:0|1:1:0|1:2:0|0:0:0|2:0:1|0:0:0|0:0:0|2:0:1|1:1:0|0:0:0|0:0:0|0:0:0|0:0:0|0:0:0|0:0:0|2:0:1|0:0:0|0:0:0|0:0:0|0:0:0|0:0:0|0:0:0|0:0:0|0:0:0","0:0:0|0:0:0|0:0:0|0:0:0|0:0:0|0:0:0|0:0:0|0:0:0|1:1:0|1:1:0|0:0:0|0:0:0|1:2:0|2:0:1|0:0:0|0:0:0|1:2:0|0:0:0|0:0:0|1:1:0|4:0:3|0:0:0|2:0:1|2:0:1|0:0:0|0:0:0|1:1:0|1:2:0|0:0:0|2:0:1|0:0:0|0:0:0|2:0:1|1:1:0|0:0:0|0:0:0|0:0:0|0:0:0|0:0:0|0:0:0|2:0:1|0:0:0|0:0:0|0:0:0|0:0:0|0:0:0|0:0:0|0:0:0|0:0:0","0:0:0|0:0:0|0:0:0|0:0:0|0:0:0|0:0:0|0:0:0|0:0:0|1:1:0|1:1:0|0:0:0|0:0:0|1:2:0|2:0:1|0:0:0|0:0:0|1:2:0|0:0:0|0:0:0|1:1:0|4:0:3|0:0:0|2:0:1|2:0:1|0:0:0|0:0:0|1:1:0|1:2:0|0:0:0|2:0:1|0:0:0|0:0:0|2:0:1|1:1:0|0:0:0|0:0:0|0:0:0|0:0:0|0:0:0|0:0:0|2:0:1|0:0:0|0:0:0|0:0:0|0:0:0|0:0:0|0:0:0|0:0:0|0:0:0"
"7x7-p84","7x7-p84-uct-1000","1000","1","20","0.357143","1","2","O55","HH","30","27","30","28","2","2","2","0","1","0","2","0","2","0:0:0|0:0:0|0:0:0|0:0:0|0:0:0|0:0:0|0:0:0|0:0:0|1:1:0|1:1:0|0:0:0|0:0:0|1:2:0|2:0:1|0:0:0|0:0:0|1:2:0|0:0:0|0:0:0|1:1:0|4:0:3|0:0:0|2:0:1|2:0:1|0:0:0|0:0:0|1:1:0|1:2:0|0:0:0|2:0:1|0:0:0|0:0:0|2:0:1|1:1:0|0:0:0|0:0:0|0:0:0|0:0:0|0:0:0|0:0:0|2:0:1|0:0:0|0:0:0|0:0:0|0:0:0|0:0:0|0:0:0|0:0:0|0:0:0","0:0:0|0:0:0|0:0:0|0:0:0|0:0:0|0:0:0|0:0:0|0:0:0|1:1:0|1:1:0|0:0:0|0:0:0|1:2:0|2:0:1|0:0:0|0:0:0|1:2:0|0:0:0|0:0:0|1:1:0|4:0:3|0:0:0|2:0:1|2:0:1|0:0:0|0:0:0|1:1:0|1:2:0|0:0:0|2:0:1|0:0:0|0:0:0|2:0:1|1:1:0|0:0:0|0:0:0|0:0:0|0:0:0|0:0:0|0:0:0|2:0:2|0:0:0|0:0:0|0:0:0|0:0:0|0:0:0|0:0:0|0:0:0|0:0:0","0:0:0|0:0:0|0:0:0|0:0:0|0:0:0|0:0:0|0:0:0|0:0:0|1:1:0|1:1:0|0:0:0|0:0:0|1:2:0|2:0:1|0:0:0|0:0:0|1:2:0|0:0:0|0:0:0|1:1:0|4:0:3|0:0:0|2:0:2|2:0:1|0:0:0|0:0:0|1:1:0|1:2:0|0:0:0|2:0:2|0:0:0|0:0:0|2:0:1|1:1:0|0:0:0|0:0:0|0:0:0|0:0:0|0:0:0|0:0:0|2:0:2|0:0:0|0:0:0|0:0:0|0:0:0|0:0:0|0:0:0|0:0:0|0:0:0"
"7x7-p84","7x7-p84-uct-1000","1000","1","20","0.357143","2","2","O41","ML","30","28","30","29","2","2","2","0","1","0","2","0","2","0:0:0|0:0:0|0:0:0|0:0:0|0:0:0|0:0:0|0:0:0|0:0:0|1:1:0|1:1:0|0:0:0|0:0:0|1:2:0|2:0:1|0:0:0|0:0:0|1:2:0|0:0:0|0:0:0|1:1:0|4:0:3|0:0:0|2:0:1|2:0:1|0:0:0|0:0:0|1:1:0|1:2:0|0:0:0|2:0:1|0:0:0|0:0:0|2:0:1|1:1:0|0:0:0|0:0:0|0:0:0|0:0:0|0:0:0|0:0:0|2:0:2|0:0:0|0:0:0|0:0:0|0:0:0|0:0:0|0:0:0|0:0:0|0:0:0","0:0:0|0:0:0|0:0:0|0:0:0|0:0:0|0:0:0|0:0:0|0:0:0|1:1:0|1:1:0|0:0:0|0:0:0|1:2:0|2:0:1|0:0:0|0:0:0|1:2:0|0:0:0|0:0:0|1:1:0|4:0:3|0:0:0|2:0:1|2:0:1|0:0:0|0:0:0|1:1:0|1:2:0|0:0:0|2:0:2|0:0:0|0:0:0|2:0:1|1:1:0|0:0:0|0:0:0|0:0:0|0:0:0|0:0:0|0:0:0|2:0:2|0:0:0|0:0:0|0:0:0|0:0:0|0:0:0|0:0:0|0:0:0|0:0:0","0:0:0|0:0:0|0:0:0|0:0:0|0:0:0|0:0:0|0:0:0|0:0:0|1:1:0|1:1:0|0:0:0|0:0:0|1:2:0|2:0:1|0:0:0|0:0:0|1:2:0|0:0:0|0:0:0|1:1:0|4:0:3|0:0:0|2:0:2|2:0:1|0:0:0|0:0:0|1:1:0|1:2:0|0:0:0|2:0:2|0:0:0|0:0:0|2:0:1|1:1:0|0:0:0|0:0:0|0:0:0|0:0:0|0:0:0|0:0:0|2:0:2|0:0:0|0:0:0|0:0:0|0:0:0|0:0:0|0:0:0|0:0:0|0:0:0"
"7x7-p84","7x7-p84-uct-1000","1000","1","20","0.357143","3","2","O31","ML","30","29","30","30","2","2","2","0","1","0","2","0","2","0:0:0|0:0:0|0:0:0|0:0:0|0:0:0|0:0:0|0:0:0|0:0:0|1:1:0|1:1:0|0:0:0|0:0:0|1:2:0|2:0:1|0:0:0|0:0:0|1:2:0|0:0:0|0:0:0|1:1:0|4:0:3|0:0:0|2:0:1|2:0:1|0:0:0|0:0:0|1:1:0|1:2:0|0:0:0|2:0:2|0:0:0|0:0:0|2:0:1|1:1:0|0:0:0|0:0:0|0:0:0|0:0:0|0:0:0|0:0:0|2:0:2|0:0:0|0:0:0|0:0:0|0:0:0|0:0:0|0:0:0|0:0:0|0:0:0","0:0:0|0:0:0|0:0:0|0:0:0|0:0:0|0:0:0|0:0:0|0:0:0|1:1:0|1:1:0|0:0:0|0:0:0|1:2:0|2:0:1|0:0:0|0:0:0|1:2:0|0:0:0|0:0:0|1:1:0|4:0:3|0:0:0|2:0:2|2:0:1|0:0:0|0:0:0|1:1:0|1:2:0|0:0:0|2:0:2|0:0:0|0:0:0|2:0:1|1:1:0|0:0:0|0:0:0|0:0:0|0:0:0|0:0:0|0:0:0|2:0:2|0:0:0|0:0:0|0:0:0|0:0:0|0:0:0|0:0:0|0:0:0|0:0:0","0:0:0|0:0:0|0:0:0|0:0:0|0:0:0|0:0:0|0:0:0|0:0:0|1:1:0|1:1:0|0:0:0|0:0:0|1:2:0|2:0:1|0:0:0|0:0:0|1:2:0|0:0:0|0:0:0|1:1:0|4:0:3|0:0:0|2:0:2|2:0:1|0:0:0|0:0:0|1:1:0|1:2:0|0:0:0|2:0:2|0:0:0|0:0:0|2:0:1|1:1:0|0:0:0|0:0:0|0:0:0|0:0:0|0:0:0|0:0:0|2:0:2|0:0:0|0:0:0|0:0:0|0:0:0|0:0:0|0:0:0|0:0:0|0:0:0"
"7x7-p84","7x7-p84-uct-1000","1000","1","21","0.375000","1","1","O13","LM","30","30","31","30","0","0","1","0","0","1","0","1","0","0:0:0|0:0:0|0:0:0|0:0:0|0:0:0|0:0:0|0:0:0|0:0:0|1:1:0|1:1:0|0:0:0|0:0:0|1:2:0|2:0:1|0:0:0|0:0:0|1:2:0|0:0:0|0:0:0|1:1:0|4:0:3|0:0:0|2:0:2|2:0:1|0:0:0|0:0:0|1:1:0|1:2:0|0:0:0|2:0:2|0:0:0|0:0:0|2:0:1|1:1:0|0:0:0|0:0:0|0:0:0|0:0:0|0:0:0|0:0:0|2:0:2|0:0:0|0:0:0|0:0:0|0:0:0|0:0:0|0:0:0|0:0:0|0:0:0","0:0:0|0:0:0|0:0:0|0:0:0|0:0:0|0:0:0|0:0:0|0:0:0|1:1:0|1:1:0|0:1:0|0:0:0|1:2:0|2:0:1|0:0:0|0:0:0|1:2:0|0:0:0|0:0:0|1:1:0|4:0:3|0:0:0|2:0:2|2:0:1|0:0:0|0:0:0|1:1:0|1:2:0|0:0:0|2:0:2|0:0:0|0:0:0|2:0:1|1:1:0|0:0:0|0:0:0|0:0:0|0:0:0|0:0:0|0:0:0|2:0:2|0:0:0|0:0:0|0:0:0|0:0:0|0:0:0|0:0:0|0:0:0|0:0:0","0:0:0|0:0:0|0:0:0|0:0:0|0:0:0|0:0:0|0:0:0|0:0:0|1:1:0|1:1:0|1:1:0|0:0:0|1:2:0|2:0:1|0:0:0|0:0:0|1:2:0|0:0:0|0:0:0|1:1:0|4:0:3|0:0:0|2:0:2|2:0:1|0:0:0|0:0:0|1:1:0|3:3:0|0:0:0|2:0:2|0:0:0|0:0:0|2:0:1|1:1:0|0:0:0|0:0:0|0:0:0|0:0:0|0:0:0|0:0:0|2:0:2|0:0:0|0:0:0|0:0:0|0:0:0|0:0:0|0:0:0|0:0:0|0:0:0"
"7x7-p84","7x7-p84-uct-1000","1000","1","21","0.375000","3","1","O36","MH","32","30","33","30","1","3","3","2","0","3","0","3","0","0:0:0|0:0:0|0:0:0|0:0:0|0:0:0|0:0:0|0:0:0|0:0:0|1:1:0|1:1:0|0:1:0|0:0:0|1:2:0|2:0:1|0:0:0|0:0:0|1:2:0|0:0:0|0:0:0|1:1:0|4:0:3|0:0:0|2:0:2|2:0:1|0:0:0|0:0:0|1:1:0|1:2:0|0:0:0|2:0:2|0:0:0|0:0:0|2:0:1|1:1:0|0:0:0|0:0:0|0:0:0|0:0:0|0:0:0|0:0:0|2:0:2|0:0:0|0:0:0|0:0:0|0:0:0|0:0:0|0:0:0|0:0:0|0:0:0","0:0:0|0:0:0|0:0:0|0:0:0|0:0:0|0:0:0|0:0:0|0:0:0|1:1:0|1:1:0|1:1:0|0:0:0|1:2:0|2:0:1|0:0:0|0:0:0|1:2:0|0:0:0|0:0:0|1:1:0|4:0:3|0:0:0|2:0:2|2:0:1|0:0:0|0:0:0|1:1:0|3:3:0|0:0:0|2:0:2|0:0:0|0:0:0|2:0:1|1:1:0|0:0:0|0:0:0|0:0:0|0:0:0|0:0:0|0:0:0|2:0:2|0:0:0|0:0:0|0:0:0|0:0:0|0:0:0|0:0:0|0:0:0|0:0:0","0:0:0|0:0:0|0:0:0|0:0:0|0:0:0|0:0:0|0:0:0|0:0:0|1:1:0|1:1:0|1:1:0|0:0:0|1:2:0|2:0:1|0:0:0|0:0:0|1:2:0|0:0:0|0:0:0|1:1:0|4:0:3|0:0:0|2:0:2|2:0:1|0:0:0|0:0:0|1:1:0|3:3:0|0:0:0|2:0:2|0:0:0|0:0:0|2:0:1|1:1:0|0:0:0|0:0:0|0:0:0|0:0:0|0:0:0|0:0:0|2:0:2|0:0:0|0:0:0|0:0:0|0:0:0|0:0:0|0:0:0|0:0:0|0:0:0"
"7x7-p84","7x7-p84-uct-1000","1000","1","22","0.392857","1","2","O41","ML","33","30","33","31","2","2","4","0","2","0","3","0","3","0:0:0|0:0:0|0:0:0|0:0:0|0:0:0|0:0:0|0:0:0|0:0:0|1:1:0|1:1:0|1:1:0|0:0:0|1:2:0|2:0:1|0:0:0|0:0:0|1:2:0|0:0:0|0:0:0|1:1:0|4:0:3|0:0:0|2:0:2|2:0:1|0:0:0|0:0:0|1:1:0|3:3:0|0:0:0|2:0:2|0:0:0|0:0:0|2:0:1|1:1:0|0:0:0|0:0:0|0:0:0|0:0:0|0:0:0|0:0:0|2:0:2|0:0:0|0:0:0|0:0:0|0:0:0|0:0:0|0:0:0|0:0:0|0:0:0","0:0:0|0:0:0|0:0:0|0:0:0|0:0:0|0:0:0|0:0:0|0:0:0|1:1:0|1:1:0|1:1:0|0:0:0|1:2:0|2:0:1|0:0:0|0:0:0|1:2:0|0:0:0|0:0:0|1:1:0|4:0:3|0:0:0|2:0:2|2:0:1|0:0:0|0:0:0|1:1:0|3:3:0|0:0:0|2:0:3|0:0:0|0:0:0|2:0:1|1:1:0|0:0:0|0:0:0|0:0:0|0:0:0|0:0:0|0:0:0|2:0:2|0:0:0|0:0:0|0:0:0|0:0:0|0:0:0|0:0:0|0:0:0|0:0:0","0:0:0|0:0:0|0:0:0|0:0:0|0:0:0|0:0:0|0:0:0|0:0:0|1:1:0|1:1:0|1:1:0|0:0:0|1:2:0|2:0:1|0:0:0|0:0:0|1:2:0|0:0:0|0:0:0|1:1:0|4:0:3|0:0:0|2:0:2|2:0:1|0:0:0|0:0:0|1:1:0|3:3:0|0:0:0|4:0:3|0:0:0|0:0:0|2:0:1|1:1:0|0:0:0|0:0:0|0:0:0|0:0:0|0:0:0|0:0:0|2:0:2|0:0:0|0:0:0|0:0:0|0:0:0|0:0:0|0:0:0|0:0:0|0:0:0"
"7x7-p84","7x7-p84-uct-1000","1000","1","23","0.410714","1","1","O34","MM","33","33","34","33","0","0","1","0","0","1","0","1","0","0:0:0|0:0:0|0:0:0|0:0:0|0:0:0|0:0:0|0:0:0|0:0:0|1:1:0|1:1:0|1:1:0|0:0:0|1:2:0|2:0:1|0:0:0|0:0:0|1:2:0|0:0:0|0:0:0|1:1:0|4:0:3|0:0:0|2:0:2|2:0:1|0:0:0|0:0:0|1:1:0|3:3:0|0:0:0|4:0:3|0:0:0|0:0:0|2:0:1|1:1:0|0:0:0|0:0:0|0:0:0|0:0:0|0:0:0|0:0:0|2:0:2|0:0:0|0:0:0|0:0:0|0:0:0|0:0:0|0:0:0|0:0:0|0:0:0","0:0:0|0:0:0|0:0:0|0:0:0|0:0:0|0:0:0|0:0:0|0:0:0|1:1:0|1:1:0|1:1:0|0:0:0|1:2:0|2:0:1|0:0:0|0:0:0|1:2:0|0:0:0|0:0:0|1:1:0|4:0:3|0:0:0|2:0:2|2:0:1|0:0:0|0:1:0|1:1:0|3:3:0|0:0:0|4:0:3|0:0:0|0:0:0|2:0:1|1:1:0|0:0:0|0:0:0|0:0:0|0:0:0|0:0:0|0:0:0|2:0:2|0:0:0|0:0:0|0:0:0|0:0:0|0:0:0|0:0:0|0:0:0|0:0:0","0:0:0|0:0:0|0:0:0|0:0:0|0:0:0|0:0:0|0:0:0|0:0:0|1:1:0|1:1:0|1:1:0|0:0:0|3:3:0|2:0:1|0:0:0|0:0:0|1:2:0|0:0:0|0:0:0|1:1:0|4:0:3|0:0:0|2:0:2|2:0:1|0:0:0|1:1:0|1:1:0|3:3:0|0:0:0|4:0:3|0:0:0|0:0:0|2:0:1|1:1:0|0:0:0|0:0:0|0:0:0|0:0:0|0:0:0|0:0:0|2:0:2|0:0:0|0:0:0|0:0:0|0:0:0|0:0:0|0:0:0|0:0:0|0:0:0"
"7x7-p84","7x7-p84-uct-1000","1000","1","23","0.410714","3","1","O15","LH","35","33","36","33","1","3","3","2","0","3","0","3","0","0:0:0|0:0:0|0:0:0|0:0:0|0:0:0|0:0:0|0:0:0|0:0:0|1:1:0|1:1:0|1:1:0|0:0:0|1:2:0|2:0:1|0:0:0|0:0:0|1:2:0|0:0:0|0:0:0|1:1:0|4:0:3|0:0:0|2:0:2|2:0:1|0:0:0|0:1:0|1:1:0|3:3:0|0:0:0|4:0:3|0:0:0|0:0:0|2:0:1|1:1:0|0:0:0|0:0:0|0:0:0|0:0:0|0:0:0|0:0:0|2:0:2|0:0:0|0:0:0|0:0:0|0:0:0|0:0:0|0:0:0|0:0:0|0:0:0","0:0:0|0:0:0|0:0:0|0:0:0|0:0:0|0:0:0|0:0:0|0:0:0|1:1:0|1:1:0|1:1:0|0:0:0|3:3:0|2:0:1|0:0:0|0:0:0|1:2:0|0:0:0|0:0:0|1:1:0|4:0:3|0:0:0|2:0:2|2:0:1|0:0:0|1:1:0|1:1:0|3:3:0|0:0:0|4:0:3|0:0:0|0:0:0|2:0:1|1:1:0|0:0:0|0:0:0|0:0:0|0:0:0|0:0:0|0:0:0|2:0:2|0:0:0|0:0:0|0:0:0|0:0:0|0:0:0|0:0:0|0:0:0|0:0:0","0:0:0|0:0:0|0:0:0|0:0:0|0:0:0|0:0:0|0:0:0|0:0:0|1:1:0|1:1:0|1:1:0|0:0:0|3:3:0|2:0:1|0:0:0|0:0:0|1:2:0|0:0:0|0:0:0|1:1:0|4:0:3|0:0:0|2:0:2|2:0:1|0:0:0|1:1:0|1:1:0|3:3:0|0:0:0|4:0:3|0:0:0|0:0:0|2:0:1|1:1:0|0:0:0|0:0:0|0:0:0|0:0:0|0:0:0|0:0:0|2:0:2|0:0:0|0:0:0|0:0:0|0:0:0|0:0:0|0:0:0|0:0:0|0:0:0"
"7x7-p84","7x7-p84-uct-1000","1000","1","24","0.428571","3","2","O16","LH","36","35","36","36","2","2","2","0","1","0","2","0","2","0:0:0|0:0:0|0:0:0|0:0:0|0:0:0|0:0:0|0:0:0|0:0:0|1:1:0|1:1:0|1:1:0|0:0:0|3:3:0|2:0:1|0:0:0|0:0:0|1:2:0|0:0:0|0:0:0|1:1:0|4:0:3|0:0:0|2:0:2|2:0:1|0:0:0|1:1:0|1:1:0|3:3:0|0:0:0|4:0:3|0:0:0|0:0:0|2:0:1|1:1:0|0:0:0|0:0:0|0:0:0|0:0:0|0:0:0|0:0:0|2:0:2|0:0:0|0:0:0|0:0:0|0:0:0|0:0:0|0:0:0|0:0:0|0:0:0","0:0:0|0:0:0|0:0:0|0:0:0|0:0:0|0:0:0|0:0:0|0:0:0|1:1:0|1:1:0|1:1:0|0:0:0|3:3:0|2:0:2|0:0:0|0:0:0|1:2:0|0:0:0|0:0:0|1:1:0|4:0:3|0:0:0|2:0:2|2:0:1|0:0:0|1:1:0|1:1:0|3:3:0|0:0:0|4:0:3|0:0:0|0:0:0|2:0:1|1:1:0|0:0:0|0:0:0|0:0:0|0:0:0|0:0:0|0:0:0|2:0:2|0:0:0|0:0:0|0:0:0|0:0:0|0:0:0|0:0:0|0:0:0|0:0:0","0:0:0|0:0:0|0:0:0|0:0:0|0:0:0|0:0:0|0:0:0|0:0:0|1:1:0|1:1:0|1:1:0|0:0:0|3:3:0|2:0:2|0:0:0|0:0:0|1:2:0|0:0:0|0:0:0|1:1:0|4:0:3|0:0:0|2:0:2|2:0:1|0:0:0|1:1:0|1:1:0|3:3:0|0:0:0|4:0:3|0:0:0|0:0:0|2:0:1|1:1:0|0:0:0|0:0:0|0:0:0|0:0:0|0:0:0|0:0:0|2:0:2|0:0:0|0:0:0|0:0:0|0:0:0|0:0:0|0:0:0|0:0:0|0:0:0"
"7x7-p84","7x7-p84-uct-1000","1000","1","25","0.446429","1","1","O01","LL","36","36","37","36","0","0","1","0","0","1","0","1","0","0:0:0|0:0:0|0:0:0|0:0:0|0:0:0|0:0:0|0:0:0|0:0:0|1:1:0|1:1:0|1:1:0|0:0:0|3:3:0|2:0:2|0:0:0|0:0:0|1:2:0|0:0:0|0:0:0|1:1:0|4:0:3|0:0:0|2:0:2|2:0:1|0:0:0|1:1:0|1:1:0|3:3:0|0:0:0|4:0:3|0:0:0|0:0:0|2:0:1|1:1:0|0:0:0|0:0:0|0:0:0|0:0:0|0:0:0|0:0:0|2:0:2|0:0:0|0:0:0|0:0:0|0:0:0|0:0:0|0:0:0|0:0:0|0:0:0","0:0:0|0:1:0|0:0:0|0:0:0|0:0:0|0:0:0|0:0:0|0:0:0|1:1:0|1:1:0|1:1:0|0:0:0|3:3:0|2:0:2|0:0:0|0:0:0|1:2:0|0:0:0|0:0:0|1:1:0|4:0:3|0:0:0|2:0:2|2:0:1|0:0:0|1:1:0|1:1:0|3:3:0|0:0:0|4:0:3|0:0:0|0:0:0|2:0:1|1:1:0|0:0:0|0:0:0|0:0:0|0:0:0|0:0:0|0:0:0|2:0:2|0:0:0|0:0:0|0:0:0|0:0:0|0:0:0|0:0:0|0:0:0|0:0:0","0:0:0|1:1:0|0:0:0|0:0:0|0:0:0|0:0:0|0:0:0|0:0:0|1:1:0|1:1:0|1:1:0|0:0:0|3:3:0|2:0:2|0:0:0|0:0:0|1:2:0|0:0:0|0:0:0|1:1:0|4:0:3|0:0:0|2:0:2|2:0:1|0:0:0|1:1:0|1:1:0|3:3:0|0:0:0|4:0:3|0:0:0|0:0:0|2:0:1|1:1:0|0:0:0|0:0:0|0:0:0|0:0:0|0:0:0|0:0:0|2:0:2|0:0:0|0:0:0|0:0:0|0:0:0|0:0:0|0:0:0|0:0:0|0:0:0"
"7x7-p84","7x7-p84-uct-1000","1000","1","26","0.464286","2","2","O16","LH","39","37","39","38","2","2","4","0","2","0","3","0","3","0:0:0|1:1:0|0:0:0|0:0:0|0:0:0|0:0:0|0:0:0|0:0:0|1:1:0|1:1:0|1:1:0|0:0:0|3:3:0|2:0:2|0:0:0|0:0:0|1:2:0|0:0:0|0:0:0|1:1:0|4:0:3|0:0:0|2:0:2|2:0:1|0:0:0|1:1:0|1:1:0|3:3:0|0:0:0|4:0:3|0:0:0|0:0:0|2:0:1|1:1:0|0:0:0|0:0:0|0:0:0|0:0:0|0:0:0|0:0:0|2:0:2|0:0:0|0:0:0|0:0:0|0:0:0|0:0:0|0:0:0|0:0:0|0:0:0","0:0:0|1:1:0|0:0:0|0:0:0|0:0:0|0:0:0|0:0:0|0:0:0|1:1:0|1:1:0|1:1:0|0:0:0|3:3:0|2:0:3|0:0:0|0:0:0|1:2:0|0:0:0|0:0:0|1:1:0|4:0:3|0:0:0|2:0:2|2:0:1|0:0:0|1:1:0|1:1:0|3:3:0|0:0:0|4:0:3|0:0:0|0:0:0|2:0:1|1:1:0|0:0:0|0:0:0|0:0:0|0:0:0|0:0:0|0:0:0|2:0:2|0:0:0|0:0:0|0:0:0|0:0:0|0:0:0|0:0:0|0:0:0|0:0:0","0:0:0|1:1:0|0:0:0|0:0:0|0:0:0|0:0:0|0:0:0|0:0:0|1:1:0|1:1:0|1:1:0|0:0:0|3:3:0|4:0:3|0:0:0|0:0:0|1:2:0|0:0:0|0:0:0|1:1:0|4:0:3|0:0:0|2:0:2|2:0:1|0:0:0|1:1:0|1:1:0|3:3:0|0:0:0|4:0:3|0:0:0|0:0:0|2:0:1|1:1:0|0:0:0|0:0:0|0:0:0|0:0:0|0:0:0|0:0:0|2:0:2|0:0:0|0:0:0|0:0:0|0:0:0|0:0:0|0:0:0|0:0:0|0:0:0"
"7x7-p84","7x7-p84-uct-1000","1000","1","27","0.482143","1","1","O24","MM","39","39","40","39","0","0","1","0","0","1","0","1","0","0:0:0|1:1:0|0:0:0|0:0:0|0:0:0|0:0:0|0:0:0|0:0:0|1:1:0|1:1:0|1:1:0|0:0:0|3:3:0|4:0:3|0:0:0|0:0:0|1:2:0|0:0:0|0:0:0|1:1:0|4:0:3|0:0:0|2:0:2|2:0:1|0:0:0|1:1:0|1:1:0|3:3:0|0:0:0|4:0:3|0:0:0|0:0:0|2:0:1|1:1:0|0:0:0|0:0:0|0:0:0|0:0:0|0:0:0|0:0:0|2:0:2|0:0:0|0:0:0|0:0:0|0:0:0|0:0:0|0:0:0|0:0:0|0:0:0","0:0:0|1:1:0|0:0:0|0:0:0|0:0:0|0:0:0|0:0:0|0:0:0|1:1:0|1:1:0|1:1:0|0:0:0|3:3:0|4:0:3|0:0:0|0:0:0|1:2:0|0:0:0|0:1:0|1:1:0|4:0:3|0:0:0|2:0:2|2:0:1|0:0:0|1:1:0|1:1:0|3:3:0|0:0:0|4:0:3|0:0:0|0:0:0|2:0:1|1:1:0|0:0:0|0:0:0|0:0:0|0:0:0|0:0:0|0:0:0|2:0:2|0:0:0|0:0:0|0:0:0|0:0:0|0:0:0|0:0:0|0:0:0|0:0:0","0:0:0|1:1:0|0:0:0|0:0:0|0:0:0|0:0:0|0:0:0|0:0:0|1:1:0|1:1:0|1:1:0|0:0:0|3:3:0|4:0:3|0:0:0|0:0:0|3:3:0|0:0:0|1:1:0|1:2:0|4:0:3|0:0:0|2:0:2|2:0:1|0:0:0|1:1:0|1:1:0|3:3:0|0:0:0|4:0:3|0:0:0|0:0:0|2:0:1|1:1:0|0:0:0|0:0:0|0:0:0|0:0:0|0:0:0|0:0:0|2:0:2|0:0:0|0:0:0|0:0:0|0:0:0|0:0:0|0:0:0|0:0:0|0:0:0"
"7x7-p84","7x7-p84-uct-1000","1000","1","27","0.482143","2","1","O25","MH","40","39","41","39","1","1","1","1","0","2","0","2","0","0:0:0|1:1:0|0:0:0|0:0:0|0:0:0|0:0:0|0:0:0|0:0:0|1:1:0|1:1:0|1:1:0|0:0:0|3:3:0|4:0:3|0:0:0|0:0:0|1:2:0|0:0:0|0:1:0|1:1:0|4:0:3|0:0:0|2:0:2|2:0:1|0:0:0|1:1:0|1:1:0|3:3:0|0:0:0|4:0:3|0:0:0|0:0:0|2:0:1|1:1:0|0:0:0|0:0:0|0:0:0|0:0:0|0:0:0|0:0:0|2:0:2|0:0:0|0:0:0|0:0:0|0:0:0|0:0:0|0:0:0|0:0:0|0:0:0","0:0:0|1:1:0|0:0:0|0:0:0|0:0:0|0:0:0|0:0:0|0:0:0|1:1:0|1:1:0|1:1:0|0:0:0|3:3:0|4:0:3|0:0:0|0:0:0|1:2:0|0:0:0|0:1:0|1:2:0|4:0:3|0:0:0|2:0:2|2:0:1|0:0:0|1:1:0|1:1:0|3:3:0|0:0:0|4:0:3|0:0:0|0:0:0|2:0:1|1:1:0|0:0:0|0:0:0|0:0:0|0:0:0|0:0:0|0:0:0|2:0:2|0:0:0|0:0:0|0:0:0|0:0:0|0:0:0|0:0:0|0:0:0|0:0:0","0:0:0|1:1:0|0:0:0|0:0:0|0:0:0|0:0:0|0:0:0|0:0:0|1:1:0|1:1:0|1:1:0|0:0:0|3:3:0|4:0:3|0:0:0|0:0:0|3:3:0|0:0:0|1:1:0|1:2:0|4:0:3|0:0:0|2:0:2|2:0:1|0:0:0|1:1:0|1:1:0|3:3:0|0:0:0|4:0:3|0:0:0|0:0:0|2:0:1|1:1:0|0:0:0|0:0:0|0:0:0|0:0:0|0:0:0|0:0:0|2:0:2|0:0:0|0:0:0|0:0:0|0:0:0|0:0:0|0:0:0|0:0:0|0:0:0"
"7x7-p84","7x7-p84-uct-1000","1000","1","27","0.482143","3","1","O22","MM","41","39","42","39","1","3","3","2","0","3","0","3","0","0:0:0|1:1:0|0:0:0|0:0:0|0:0:0|0:0:0|0:0:0|0:0:0|1:1:0|1:1:0|1:1:0|0:0:0|3:3:0|4:0:3|0:0:0|0:0:0|1:2:0|0:0:0|0:1:0|1:2:0|4:0:3|0:0:0|2:0:2|2:0:1|0:0:0|1:1:0|1:1:0|3:3:0|0:0:0|4:0:3|0:0:0|0:0:0|2:0:1|1:1:0|0:0:0|0:0:0|0:0:0|0:0:0|0:0:0|0:0:0|2:0:2|0:0:0|0:0:0|0:0:0|0:0:0|0:0:0|0:0:0|0:0:0|0:0:0","0:0:0|1:1:0|0:0:0|0:0:0|0:0:0|0:0:0|0:0:0|0:0:0|1:1:0|1:1:0|1:1:0|0:0:0|3:3:0|4:0:3|0:0:0|0:0:0|3:3:0|0:0:0|1:1:0|1:2:0|4:0:3|0:0:0|2:0:2|2:0:1|0:0:0|1:1:0|1:1:0|3:3:0|0:0:0|4:0:3|0:0:0|0:0:0|2:0:1|1:1:0|0:0:0|0:0:0|0:0:0|0:0:0|0:0:0|0:0:0|2:0:2|0:0:0|0:0:0|0:0:0|0:0:0|0:0:0|0:0:0|0:0:0|0:0:0","0:0:0|1:1:0|0:0:0|0:0:0|0:0:0|0:0:0|0:0:0|0:0:0|1:1:0|1:1:0|1:1:0|0:0:0|3:3:0|4:0:3|0:0:0|0:0:0|3:3:0|0:0:0|1:1:0|1:2:0|4:0:3|0:0:0|2:0:2|2:0:1|0:0:0|1:1:0|1:1:0|3:3:0|0:0:0|4:0:3|0:0:0|0:0:0|2:0:1|1:1:0|0:0:0|0:0:0|0:0:0|0:0:0|0:0:0|0:0:0|2:0:2|0:0:0|0:0:0|0:0:0|0:0:0|0:0:0|0:0:0|0:0:0|0:0:0"
"7x7-p84","7x7-p84-uct-1000","1000","1","28","0.500000","1","2","O66","HH","42","39","42","40","0","0","2","0","0","0","1","0","1","0:0:0|1:1:0|0:0:0|0:0:0|0:0:0|0:0:0|0:0:0|0:0:0|1:1:0|1:1:0|1:1:0|0:0:0|3:3:0|4:0:3|0:0:0|0:0:0|3:3:0|0:0:0|1:1:0|1:2:0|4:0:3|0:0:0|2:0:2|2:0:1|0:0:0|1:1:0|1:1:0|3:3:0|0:0:0|4:0:3|0:0:0|0:0:0|2:0:1|1:1:0|0:0:0|0:0:0|0:0:0|0:0:0|0:0:0|0:0:0|2:0:2|0:0:0|0:0:0|0:0:0|0:0:0|0:0:0|0:0:0|0:0:0|0:0:0","0:0:0|1:1:0|0:0:0|0:0:0|0:0:0|0:0:0|0:0:0|0:0:0|1:1:0|1:1:0|1:1:0|0:0:0|3:3:0|4:0:3|0:0:0|0:0:0|3:3:0|0:0:0|1:1:0|1:2:0|4:0:3|0:0:0|2:0:2|2:0:1|0:0:0|1:1:0|1:1:0|3:3:0|0:0:0|4:0:3|0:0:0|0:0:0|2:0:1|1:1:0|0:0:0|0:0:0|0:0:0|0:0:0|0:0:0|0:0:0|2:0:2|0:0:0|0:0:0|0:0:0|0:0:0|0:0:0|0:0:0|0:0:0|0:0:1","0:0:0|1:1:0|0:0:0|0:0:0|0:0:0|0:0:0|0:0:0|0:0:0|1:1:0|1:1:0|1:1:0|0:0:0|3:3:0|4:0:3|0:0:0|0:0:0|3:3:0|0:0:0|1:1:0|1:2:0|4:0:3|2:0:1|2:0:2|2:0:1|0:0:0|1:1:0|1:1:0|3:3:0|0:0:0|4:0:3|0:0:0|0:0:0|2:0:1|1:1:0|0:0:0|0:0:0|0:0:0|0:0:0|0:0:0|0:0:0|2:0:2|0:0:0|0:0:0|0:0:0|0:0:0|0:0:0|0:0:0|0:0:0|2:0:1"
"7x7-p84","7x7-p84-uct-1000","1000","1","28","0.500000","2","2","O30","ML","42","40","42","41","0","0","2","0","0","0","1","0","1","0:0:0|1:1:0|0:0:0|0:0:0|0:0:0|0:0:0|0:0:0|0:0:0|1:1:0|1:1:0|1:1:0|0:0:0|3:3:0|4:0:3|0:0:0|0:0:0|3:3:0|0:0:0|1:1:0|1:2:0|4:0:3|0:0:0|2:0:2|2:0:1|0:0:0|1:1:0|1:1:0|3:3:0|0:0:0|4:0:3|0:0:0|0:0:0|2:0:1|1:1:0|0:0:0|0:0:0|0:0:0|0:0:0|0:0:0|0:0:0|2:0:2|0:0:0|0:0:0|0:0:0|0:0:0|0:0:0|0:0:0|0:0:0|0:0:1","0:0:0|1:1:0|0:0:0|0:0:0|0:0:0|0:0:0|0:0:0|0:0:0|1:1:0|1:1:0|1:1:0|0:0:0|3:3:0|4:0:3|0:0:0|0:0:0|3:3:0|0:0:0|1:1:0|1:2:0|4:0:3|0:0:1|2:0:2|2:0:1|0:0:0|1:1:0|1:1:0|3:3:0|0:0:0|4:0:3|0:0:0|0:0:0|2:0:1|1:1:0|0:0:0|0:0:0|0:0:0|0:0:0|0:0:0|0:0:0|2:0:2|0:0:0|0:0:0|0:0:0|0:0:0|0:0:0|0:0:0|0:0:0|0:0:1","0:0:0|1:1:0|0:0:0|0:0:0|0:0:0|0:0:0|0:0:0|0:0:0|1:1:0|1:1:0|1:1:0|0:0:0|3:3:0|4:0:3|0:0:0|0:0:0|3:3:0|0:0:0|1:1:0|1:2:0|4:0:3|2:0:1|2:0:2|2:0:1|0:0:0|1:1:0|1:1:0|3:3:0|0:0:0|4:0:3|0:0:0|0:0:0|2:0:1|1:1:0|0:0:0|0:0:0|0:0:0|0:0:0|0:0:0|0:0:0|2:0:2|0:0:0|0:0:0|0:0:0|0:0:0|0:0:0|0:0:0|0:0:0|2:0:1"
"7x7-p84","7x7-p84-uct-1000","1000","1","29","0.517857","1","1","O25","MH","42","42","43","42","1","1","3","2","0","3","0","3","0","0:0:0|1:1:0|0:0:0|0:0:0|0:0:0|0:0:0|0:0:0|0:0:0|1:1:0|1:1:0|1:1:0|0:0:0|3:3:0|4:0:3|0:0:0|0:0:0|3:3:0|0:0:0|1:1:0|1:2:0|4:0:3|2:0:1|2:0:2|2:0:1|0:0:0|1:1:0|1:1:0|3:3:0|0:0:0|4:0:3|0:0:0|0:0:0|2:0:1|1:1:0|0:0:0|0:0:0|0:0:0|0:0:0|0:0:0|0:0:0|2:0:2|0:0:0|0:0:0|0:0:0|0:0:0|0:0:0|0:0:0|0:0:0|2:0:1","0:0:0|1:1:0|0:0:0|0:0:0|0:0:0|0:0:0|0:0:0|0:0:0|1:1:0|1:1:0|1:1:0|0:0:0|3:3:0|4:0:3|0:0:0|0:0:0|3:3:0|0:0:0|1:1:0|1:3:0|4:0:3|2:0:1|2:0:2|2:0:1|0:0:0|1:1:0|1:1:0|3:3:0|0:0:0|4:0:3|0:0:0|0:0:0|2:0:1|1:1:0|0:0:0|0:0:0|0:0:0|0:0:0|0:0:0|0:0:0|2:0:2|0:0:0|0:0:0|0:0:0|0:0:0|0:0:0|0:0:0|0:0:0|2:0:1","0:0:0|1:1:0|0:0:0|0:0:0|0:0:0|0:0:0|0:0:0|0:0:0|1:1:0|1:1:0|1:1:0|0:0:0|3:3:0|4:0:3|0:0:0|0:0:0|3:3:0|0:0:0|1:1:0|3:3:0|4:0:3|2:0:1|2:0:2|2:0:1|0:0:0|3:3:0|1:1:0|3:3:0|0:0:0|4:0:3|0:0:0|0:0:0|2:0:1|1:1:0|0:0:0|0:0:0|0:0:0|0:0:0|0:0:0|0:0:0|2:0:2|0:0:0|0:0:0|0:0:0|0:0:0|0:0:0|0:0:0|0:0:0|2:0:1"
"7x7-p84","7x7-p84-uct-1000","1000","1","29","0.517857","2","1","O34","MM","43","42","44","42","1","1","3","1","0","2","0","3","0","0:0:0|1:1:0|0:0:0|0:0:0|0:0:0|0:0:0|0:0:0|0:0:0|1:1:0|1:1:0|1:1:0|0:0:0|3:3:0|4:0:3|0:0:0|0:0:0|3:3:0|0:0:0|1:1:0|1:3:0|4:0:3|2:0:1|2:0:2|2:0:1|0:0:0|1:1:0|1:1:0|3:3:0|0:0:0|4:0:3|0:0:0|0:0:0|2:0:1|1:1:0|0:0:0|0:0:0|0:0:0|0:0:0|0:0:0|0:0:0|2:0:2|0:0:0|0:0:0|0:0:0|0:0:0|0:0:0|0:0:0|0:0:0|2:0:1","0:0:0|1:1:0|0:0:0|0:0:0|0:0:0|0:0:0|0:0:0|0:0:0|1:1:0|1:1:0|1:1:0|0:0:0|3:3:0|4:0:3|0:0:0|0:0:0|3:3:0|0:0:0|1:1:0|1:3:0|4:0:3|2:0:1|2:0:2|2:0:1|0:0:0|1:2:0|1:1:0|3:3:0|0:0:0|4:0:3|0:0:0|0:0:0|2:0:1|1:1:0|0:0:0|0:0:0|0:0:0|0:0:0|0:0:0|0:0:0|2:0:2|0:0:0|0:0:0|0:0:0|0:0:0|0:0:0|0:0:0|0:0:0|2:0:1","0:0:0|1:1:0|0:0:0|0:0:0|0:0:0|0:0:0|0:0:0|0:0:0|1:1:0|1:1:0|1:1:0|0:0:0|3:3:0|4:0:3|0:0:0|0:0:0|3:3:0|0:0:0|1:1:0|3:3:0|4:0:3|2:0:1|2:0:2|2:0:1|0:0:0|3:3:0|1:1:0|3:3:0|0:0:0|4:0:3|0:0:0|0:0:0|2:0:1|1:1:0|0:0:0|0:0:0|0:0:0|0:0:0|0:0:0|0:0:0|2:0:2|0:0:0|0:0:0|0:0:0|0:0:0|0:0:0|0:0:0|0:0:0|2:0:1"
"7x7-p84","7x7-p84-uct-1000","1000","1","29","0.517857","3","1","O34","MM","44","42","45","42","1","3","3","2","0","3","0","3","0","0:0:0|1:1:0|0:0:0|0:0:0|0:0:0|0:0:0|0:0:0|0:0:0|1:1:0|1:1:0|1:1:0|0:0:0|3:3:0|4:0:3|0:0:0|0:0:0|3:3:0|0:0:0|1:1:0|1:3:0|4:0:3|2:0:1|2:0:2|2:0:1|0:0:0|1:2:0|1:1:0|3:3:0|0:0:0|4:0:3|0:0:0|0:0:0|2:0:1|1:1:0|0:0:0|0:0:0|0:0:0|0:0:0|0:0:0|0:0:0|2:0:2|0:0:0|0:0:0|0:0:0|0:0:0|0:0:0|0:0:0|0:0:0|2:0:1","0:0:0|1:1:0|0:0:0|0:0:0|0:0:0|0:0:0|0:0:0|0:0:0|1:1:0|1:1:0|1:1:0|0:0:0|3:3:0|4:0:3|0:0:0|0:0:0|3:3:0|0:0:0|1:1:0|3:3:0|4:0:3|2:0:1|2:0:2|2:0:1|0:0:0|3:3:0|1:1:0|3:3:0|0:0:0|4:0:3|0:0:0|0:0:0|2:0:1|1:1:0|0:0:0|0:0:0|0:0:0|0:0:0|0:0:0|0:0:0|2:0:2|0:0:0|0:0:0|0:0:0|0:0:0|0:0:0|0:0:0|0:0:0|2:0:1","0:0:0|1:1:0|0:0:0|0:0:0|0:0:0|0:0:0|0:0:0|0:0:0|1:1:0|1:1:0|1:1:0|0:0:0|3:3:0|4:0:3|0:0:0|0:0:0|3:3:0|0:0:0|1:1:0|3:3:0|4:0:3|2:0:1|2:0:2|2:0:1|0:0:0|3:3:0|1:1:0|3:3:0|0:0:0|4:0:3|0:0:0|0:0:0|2:0:1|1:1:0|0:0:0|0:0:0|0:0:0|0:0:0|0:0:0|0:0:0|2:0:2|0:0:0|0:0:0|0:0:0|0:0:0|0:0:0|0:0:0|0:0:0|2:0:1"
"7x7-p84","7x7-p84-uct-1000","1000","1","30","0.535714","2","2","O30","ML","45","43","45","44","2","2","2","0","1","0","2","0","2","0:0:0|1:1:0|0:0:0|0:0:0|0:0:0|0:0:0|0:0:0|0:0:0|1:1:0|1:1:0|1:1:0|0:0:0|3:3:0|4:0:3|0:0:0|0:0:0|3:3:0|0:0:0|1:1:0|3:3:0|4:0:3|2:0:1|2:0:2|2:0:1|0:0:0|3:3:0|1:1:0|3:3:0|0:0:0|4:0:3|0:0:0|0:0:0|2:0:1|1:1:0|0:0:0|0:0:0|0:0:0|0:0:0|0:0:0|0:0:0|2:0:2|0:0:0|0:0:0|0:0:0|0:0:0|0:0:0|0:0:0|0:0:0|2:0:1","0:0:0|1:1:0|0:0:0|0:0:0|0:0:0|0:0:0|0:0:0|0:0:0|1:1:0|1:1:0|1:1:0|0:0:0|3:3:0|4:0:3|0:0:0|0:0:0|3:3:0|0:0:0|1:1:0|3:3:0|4:0:3|2:0:2|2:0:2|2:0:1|0:0:0|3:3:0|1:1:0|3:3:0|0:0:0|4:0:3|0:0:0|0:0:0|2:0:1|1:1:0|0:0:0|0:0:0|0:0:0|0:0:0|0:0:0|0:0:0|2:0:2|0:0:0|0:0:0|0:0:0|0:0:0|0:0:0|0:0:0|0:0:0|2:0:1","0:0:0|1:1:0|0:0:0|0:0:0|0:0:0|0:0:0|0:0:0|0:0:0|1:1:0|1:1:0|1:1:0|0:0:0|3:3:0|4:0:3|0:0:0|0:0:0|3:3:0|0:0:0|1:1:0|3:3:0|4:0:3|2:0:2|2:0:2|2:0:1|0:0:0|3:3:0|1:1:0|3:3:0|0:0:0|4:0:3|0:0:0|0:0:0|2:0:1|1:1:0|0:0:0|0:0:0|2:0:1|0:0:0|0:0:0|0:0:0|2:0:2|0:0:0|0:0:0|0:0:0|0:0:0|0:0:0|0:0:0|0:0:0|2:0:1"
"7x7-p84","7x7-p84-uct-1000","1000","1","30","0.535714","3","2","O51","HL","45","44","45","45","0","2","2","0","0","0","1","0","1","0:0:0|1:1:0|0:0:0|0:0:0|0:0:0|0:0:0|0:0:0|0:0:0|1:1:0|1:1:0|1:1:0|0:0:0|3:3:0|4:0:3|0:0:0|0:0:0|3:3:0|0:0:0|1:1:0|3:3:0|4:0:3|2:0:2|2:0:2|2:0:1|0:0:0|3:3:0|1:1:0|3:3:0|0:0:0|4:0:3|0:0:0|0:0:0|2:0:1|1:1:0|0:0:0|0:0:0|0:0:0|0:0:0|0:0:0|0:0:0|2:0:2|0:0:0|0:0:0|0:0:0|0:0:0|0:0:0|0:0:0|0:0:0|2:0:1","0:0:0|1:1:0|0:0:0|0:0:0|0:0:0|0:0:0|0:0:0|0:0:0|1:1:0|1:1:0|1:1:0|0:0:0|3:3:0|4:0:3|0:0:0|0:0:0|3:3:0|0:0:0|1:1:0|3:3:0|4:0:3|2:0:2|2:0:2|2:0:1|0:0:0|3:3:0|1:1:0|3:3:0|0:0:0|4:0:3|0:0:0|0:0:0|2:0:1|1:1:0|0:0:0|0:0:0|2:0:1|0:0:0|0:0:0|0:0:0|2:0:2|0:0:0|0:0:0|0:0:0|0:0:0|0:0:0|0:0:0|0:0:0|2:0:1","0:0:0|1:1:0|0:0:0|0:0:0|0:0:0|0:0:0|0:0:0|0:0:0|1:1:0|1:1:0|1:1:0|0:0:0|3:3:0|4:0:3|0:0:0|0:0:0|3:3:0|0:0:0|1:1:0|3:3:0|4:0:3|2:0:2|2:0:2|2:0:1|0:0:0|3:3:0|1:1:0|3:3:0|0:0:0|4:0:3|0:0:0|0:0:0|2:0:1|1:1:0|0:0:0|0:0:0|2:0:1|0:0:0|0:0:0|0:0:0|2:0:2|0:0:0|0:0:0|0:0:0|0:0:0|0:0:0|0:0:0|0:0:0|2:0:1"
"7x7-p84","7x7-p84-uct-1000","1000","1","31","0.553571","2","1","O13","LM","46","45","47","45","1","1","1","1","0","2","0","2","0","0:0:0|1:1:0|0:0:0|0:0:0|0:0:0|0:0:0|0:0:0|0:0:0|1:1:0|1:1:0|1:1:0|0:0:0|3:3:0|4:0:3|0:0:0|0:0:0|3:3:0|0:0:0|1:1:0|3:3:0|4:0:3|2:0:2|2:0:2|2:0:1|0:0:0|3:3:0|1:1:0|3:3:0|0:0:0|4:0:3|0:0:0|0:0:0|2:0:1|1:1:0|0:0:0|0:0:0|2:0:1|0:0:0|0:0:0|0:0:0|2:0:2|0:0:0|0:0:0|0:0:0|0:0:0|0:0:0|0:0:0|0:0:0|2:0:1","0:0:0|1:1:0|0:0:0|0:0:0|0:0:0|0:0:0|0:0:0|0:0:0|1:1:0|1:1:0|1:2:0|0:0:0|3:3:0|4:0:3|0:0:0|0:0:0|3:3:0|0:0:0|1:1:0|3:3:0|4:0:3|2:0:2|2:0:2|2:0:1|0:0:0|3:3:0|1:1:0|3:3:0|0:0:0|4:0:3|0:0:0|0:0:0|2:0:1|1:1:0|0:0:0|0:0:0|2:0:1|0:0:0|0:0:0|0:0:0|2:0:2|0:0:0|0:0:0|0:0:0|0:0:0|0:0:0|0:0:0|0:0:0|2:0:1","0:0:0|1:1:0|0:0:0|0:0:0|0:0:0|0:0:0|0:0:0|0:0:0|1:1:0|1:1:0|1:2:0|0:0:0|3:3:0|4:0:3|0:0:0|0:0:0|3:3:0|0:0:0|1:1:0|3:3:0|4:0:3|2:0:2|2:0:2|2:0:1|0:0:0|3:3:0|1:1:0|3:3:0|0:0:0|4:0:3|0:0:0|0:0:0|2:0:1|1:1:0|0:0:0|0:0:0|2:0:1|0:0:0|0:0:0|0:0:0|2:0:2|0:0:0|0:0:0|0:0:0|0:0:0|0:0:0|0:0:0|0:0:0|2:0:1"
"7x7-p84","7x7-p84-uct-1000","1000","1","32","0.571429","1","2","O31","ML","48","45","48","46","2","2","4","0","2","0","3","0","3","0:0:0|1:1:0|0:0:0|0:0:0|0:0:0|0:0:0|0:0:0|0:0:0|1:1:0|1:1:0|1:2:0|0:0:0|3:3:0|4:0:3|0:0:0|0:0:0|3:3:0|0:0:0|1:1:0|3:3:0|4:0:3|2:0:2|2:0:2|2:0:1|0:0:0|3:3:0|1:1:0|3:3:0|0:0:0|4:0:3|0:0:0|0:0:0|2:0:1|1:1:0|0:0:0|0:0:0|2:0:1|0:0:0|0:0:0|0:0:0|2:0:2|0:0:0|0:0:0|0:0:0|0:0:0|0:0:0|0:0:0|0:0:0|2:0:1","0:0:0|1:1:0|0:0:0|0:0:0|0:0:0|0:0:0|0:0:0|0:0:0|1:1:0|1:1:0|1:2:0|0:0:0|3:3:0|4:0:3|0:0:0|0:0:0|3:3:0|0:0:0|1:1:0|3:3:0|4:0:3|2:0:2|2:0:3|2:0:1|0:0:0|3:3:0|1:1:0|3:3:0|0:0:0|4:0:3|0:0:0|0:0:0|2:0:1|1:1:0|0:0:0|0:0:0|2:0:1|0:0:0|0:0:0|0:0:0|2:0:2|0:0:0|0:0:0|0:0:0|0:0:0|0:0:0|0:0:0|0:0:0|2:0:1","0:0:0|1:1:0|0:0:0|0:0:0|0:0:0|0:0:0|0:0:0|0:0:0|1:1:0|1:1:0|1:2:0|0:0:0|3:3:0|4:0:3|0:0:0|0:0:0|3:3:0|0:0:0|1:1:0|3:3:0|4:0:3|2:0:2|4:0:3|2:0:1|0:0:0|3:3:0|1:1:0|3:3:0|0:0:0|4:0:3|0:0:0|0:0:0|2:0:2|1:1:0|0:0:0|0:0:0|2:0:1|0:0:0|0:0:0|0:0:0|2:0:2|0:0:0|0:0:0|0:0:0|0:0:0|0:0:0|0:0:0|0:0:0|2:0:1"
"7x7-p84","7x7-p84-uct-1000","1000","1","32","0.571429","3","2","O44","MM","48","47","48","48","2","2","2","0","1","0","2","0","2","0:0:0|1:1:0|0:0:0|0:0:0|0:0:0|0:0:0|0:0:0|0:0:0|1:1:0|1:1:0|1:2:0|0:0:0|3:3:0|4:0:3|0:0:0|0:0:0|3:3:0|0:0:0|1:1:0|3:3:0|4:0:3|2:0:2|2:0:3|2:0:1|0:0:0|3:3:0|1:1:0|3:3:0|0:0:0|4:0:3|0:0:0|0:0:0|2:0:1|1:1:0|0:0:0|0:0:0|2:0:1|0:0:0|0:0:0|0:0:0|2:0:2|0:0:0|0:0:0|0:0:0|0:0:0|0:0:0|0:0:0|0:0:0|2:0:1","0:0:0|1:1:0|0:0:0|0:0:0|0:0:0|0:0:0|0:0:0|0:0:0|1:1:0|1:1:0|1:2:0|0:0:0|3:3:0|4:0:3|0:0:0|0:0:0|3:3:0|0:0:0|1:1:0|3:3:0|4:0:3|2:0:2|4:0:3|2:0:1|0:0:0|3:3:0|1:1:0|3:3:0|0:0:0|4:0:3|0:0:0|0:0:0|2:0:2|1:1:0|0:0:0|0:0:0|2:0:1|0:0:0|0:0:0|0:0:0|2:0:2|0:0:0|0:0:0|0:0:0|0:0:0|0:0:0|0:0:0|0:0:0|2:0:1","0:0:0|1:1:0|0:0:0|0:0:0|0:0:0|0:0:0|0:0:0|0:0:0|1:1:0|1:1:0|1:2:0|0:0:0|3:3:0|4:0:3|0:0:0|0:0:0|3:3:0|0:0:0|1:1:0|3:3:0|4:0:3|2:0:2|4:0:3|2:0:1|0:0:0|3:3:0|1:1:0|3:3:0|0:0:0|4:0:3|0:0:0|0:0:0|2:0:2|1:1:0|0:0:0|0:0:0|2:0:1|0:0:0|0:0:0|0:0:0|2:0:2|0:0:0|0:0:0|0:0:0|0:0:0|0:0:0|0:0:0|0:0:0|2:0:1"
"7x7-p84","7x7-p84-uct-1000","1000","1","33","0.589286","1","1","O13","LM","48","48","49","48","1","1","3","2","0","3","0","3","0","0:0:0|1:1:0|0:0:0|0:0:0|0:0:0|0:0:0|0:0:0|0:0:0|1:1:0|1:1:0|1:2:0|0:0:0|3:3:0|4:0:3|0:0:0|0:0:0|3:3:0|0:0:0|1:1:0|3:3:0|4:0:3|2:0:2|4:0:3|2:0:1|0:0:0|3:3:0|1:1:0|3:3:0|0:0:0|4:0:3|0:0:0|0:0:0|2:0:2|1:1:0|0:0:0|0:0:0|2:0:1|0:0:0|0:0:0|0:0:0|2:0:2|0:0:0|0:0:0|0:0:0|0:0:0|0:0:0|0:0:0|0:0:0|2:0:1","0:0:0|1:1:0|0:0:0|0:0:0|0:0:0|0:0:0|0:0:0|0:0:0|1:1:0|1:1:0|1:3:0|0:0:0|3:3:0|4:0:3|0:0:0|0:0:0|3:3:0|0:0:0|1:1:0|3:3:0|4:0:3|2:0:2|4:0:3|2:0:1|0:0:0|3:3:0|1:1:0|3:3:0|0:0:0|4:0:3|0:0:0|0:0:0|2:0:2|1:1:0|0:0:0|0:0:0|2:0:1|0:0:0|0:0:0|0:0:0|2:0:2|0:0:0|0:0:0|0:0:0|0:0:0|0:0:0|0:0:0|0:0:0|2:0:1","0:0:0|1:1:0|0:0:0|0:0:0|0:0:0|0:0:0|0:0:0|0:0:0|1:1:0|1:1:0|3:3:0|0:0:0|3:3:0|4:0:3|0:0:0|0:0:0|3:3:0|0:0:0|1:1:0|3:3:0|4:0:3|2:0:2|4:0:3|2:0:1|0:0:0|3:3:0|1:2:0|3:3:0|0:0:0|4:0:3|0:0:0|0:0:0|2:0:2|1:1:0|0:0:0|0:0:0|2:0:1|0:0:0|0:0:0|0:0:0|2:0:2|0:0:0|0:0:0|0:0:0|0:0:0|0:0:0|0:0:0|0:0:0|2:0:1"
"7x7-p84","7x7-p84-uct-1000","1000","1","33","0.589286","3","1","O35","MH","50","48","51","48","1","1","1","1","0","2","0","2","0","0:0:0|1:1:0|0:0:0|0:0:0|0:0:0|0:0:0|0:0:0|0:0:0|1:1:0|1:1:0|1:3:0|0:0:0|3:3:0|4:0:3|0:0:0|0:0:0|3:3:0|0:0:0|1:1:0|3:3:0|4:0:3|2:0:2|4:0:3|2:0:1|0:0:0|3:3:0|1:1:0|3:3:0|0:0:0|4:0:3|0:0:0|0:0:0|2:0:2|1:1:0|0:0:0|0:0:0|2:0:1|0:0:0|0:0:0|0:0:0|2:0:2|0:0:0|0:0:0|0:0:0|0:0:0|0:0:0|0:0:0|0:0:0|2:0:1","0:0:0|1:1:0|0:0:0|0:0:0|0:0:0|0:0:0|0:0:0|0:0:0|1:1:0|1:1:0|3:3:0|0:0:0|3:3:0|4:0:3|0:0:0|0:0:0|3:3:0|0:0:0|1:1:0|3:3:0|4:0:3|2:0:2|4:0:3|2:0:1|0:0:0|3:3:0|1:2:0|3:3:0|0:0:0|4:0:3|0:0:0|0:0:0|2:0:2|1:1:0|0:0:0|0:0:0|2:0:1|0:0:0|0:0:0|0:0:0|2:0:2|0:0:0|0:0:0|0:0:0|0:0:0|0:0:0|0:0:0|0:0:0|2:0:1","0:0:0|1:1:0|0:0:0|0:0:0|0:0:0|0:0:0|0:0:0|0:0:0|1:1:0|1:1:0|3:3:0|0:0:0|3:3:0|4:0:3|0:0:0|0:0:0|3:3:0|0:0:0|1:1:0|3:3:0|4:0:3|2:0:2|4:0:3|2:0:1|0:0:0|3:3:0|1:2:0|3:3:0|0:0:0|4:0:3|0:0:0|0:0:0|2:0:2|1:1:0|0:0:0|0:0:0|2:0:1|0:0:0|0:0:0|0:0:0|2:0:2|0:0:0|0:0:0|0:0:0|0:0:0|0:0:0|0:0:0|0:0:0|2:0:1"
"7x7-p84","7x7-p84-uct-1000","1000","1","34","0.607143","1","2","O30","ML","51","48","51","49","2","2","4","0","2","0","3","0","3","0:0:0|1:1:0|0:0:0|0:0:0|0:0:0|0:0:0|0:0:0|0:0:0|1:1:0|1:1:0|3:3:0|0:0:0|3:3:0|4:0:3|0:0:0|0:0:0|3:3:0|0:0:0|1:1:0|3:3:0|4:0:3|2:0:2|4:0:3|2:0:1|0:0:0|3:3:0|1:2:0|3:3:0|0:0:0|4:0:3|0:0:0|0:0:0|2:0:2|1:1:0|0:0:0|0:0:0|2:0:1|0:0:0|0:0:0|0:0:0|2:0:2|0:0:0|0:0:0|0:0:0|0:0:0|0:0:0|0:0:0|0:0:0|2:0:1","0:0:0|1:1:0|0:0:0|0:0:0|0:0:0|0:0:0|0:0:0|0:0:0|1:1:0|1:1:0|3:3:0|0:0:0|3:3:0|4:0:3|0:0:0|0:0:0|3:3:0|0:0:0|1:1:0|3:3:0|4:0:3|2:0:3|4:0:3|2:0:1|0:0:0|3:3:0|1:2:0|3:3:0|0:0:0|4:0:3|0:0:0|0:0:0|2:0:2|1:1:0|0:0:0|0:0:0|2:0:1|0:0:0|0:0:0|0:0:0|2:0:2|0:0:0|0:0:0|0:0:0|0:0:0|0:0:0|0:0:0|0:0:0|2:0:1","0:0:0|1:1:0|0:0:0|0:0:0|0:0:0|0:0:0|0:0:0|0:0:0|1:1:0|1:1:0|3:3:0|0:0:0|3:3:0|4:0:3|0:0:0|0:0:0|3:3:0|0:0:0|1:1:0|3:3:0|4:0:3|4:0:3|4:0:3|2:0:1|0:0:0|3:3:0|1:2:0|3:3:0|0:0:0|4:0:3|2:0:1|0:0:0|2:0:2|1:1:0|0:0:0|0:0:0|2:0:1|0:0:0|0:0:0|0:0:0|2:0:2|0:0:0|0:0:0|0:0:0|0:0:0|0:0:0|0:0:0|0:0:0|2:0:1"
"7x7-p84","7x7-p84-uct-1000","1000","1","34","0.607143","2","2","O42","MM","51","49","51","50","0","0","2","0","0","0","1","0","1","0:0:0|1:1:0|0:0:0|0:0:0|0:0:0|0:0:0|0:0:0|0:0:0|1:1:0|1:1:0|3:3:0|0:0:0|3:3:0|4:0:3|0:0:0|0:0:0|3:3:0|0:0:0|1:1:0|3:3:0|4:0:3|2:0:3|4:0:3|2:0:1|0:0:0|3:3:0|1:2:0|3:3:0|0:0:0|4:0:3|0:0:0|0:0:0|2:0:2|1:1:0|0:0:0|0:0:0|2:0:1|0:0:0|0:0:0|0:0:0|2:0:2|0:0:0|0:0:0|0:0:0|0:0:0|0:0:0|0:0:0|0:0:0|2:0:1","0:0:0|1:1:0|0:0:0|0:0:0|0:0:0|0:0:0|0:0:0|0:0:0|1:1:0|1:1:0|3:3:0|0:0:0|3:3:0|4:0:3|0:0:0|0:0:0|3:3:0|0:0:0|1:1:0|3:3:0|4:0:3|2:0:3|4:0:3|2:0:1|0:0:0|3:3:0|1:2:0|3:3:0|0:0:0|4:0:3|0:0:1|0:0:0|2:0:2|1:1:0|0:0:0|0:0:0|2:0:1|0:0:0|0:0:0|0:0:0|2:0:2|0:0:0|0:0:0|0:0:0|0:0:0|0:0:0|0:0:0|0:0:0|2:0:1","0:0:0|1:1:0|0:0:0|0:0:0|0:0:0|0:0:0|0:0:0|0:0:0|1:1:0|1:1:0|3:3:0|0:0:0|3:3:0|4:0:3|0:0:0|0:0:0|3:3:0|0:0:0|1:1:0|3:3:0|4:0:3|4:0:3|4:0:3|2:0:1|0:0:0|3:3:0|1:2:0|3:3:0|0:0:0|4:0:3|2:0:1|0:0:0|2:0:2|1:1:0|0:0:0|0:0:0|2:0:1|0:0:0|0:0:0|0:0:0|2:0:2|0:0:0|0:0:0|0:0:0|0:0:0|0:0:0|0:0:0|0:0:0|2:0:1"
"7x7-p84","7x7-p84-uct-1000","1000","1","35","0.625000","2","1","O12","LM","52","51","53","51","1","1","1","1","0","2","0","2","0","0:0:0|1:1:0|0:0:0|0:0:0|0:0:0|0:0:0|0:0:0|0:0:0|1:1:0|1:1:0|3:3:0|0:0:0|3:3:0|4:0:3|0:0:0|0:0:0|3:3:0|0:0:0|1:1:0|3:3:0|4:0:3|4:0:3|4:0:3|2:0:1|0:0:0|3:3:0|1:2:0|3:3:0|0:0:0|4:0:3|2:0:1|0:0:0|2:0:2|1:1:0|0:0:0|0:0:0|2:0:1|0:0:0|0:0:0|0:0:0|2:0:2|0:0:0|0:0:0|0:0:0|0:0:0|0:0:0|0:0:0|0:0:0|2:0:1","0:0:0|1:1:0|0:0:0|0:0:0|0:0:0|0:0:0|0:0:0|0:0:0|1:1:0|1:2:0|3:3:0|0:0:0|3:3:0|4:0:3|0:0:0|0:0:0|3:3:0|0:0:0|1:1:0|3:3:0|4:0:3|4:0:3|4:0:3|2:0:1|0:0:0|3:3:0|1:2:0|3:3:0|0:0:0|4:0:3|2:0:1|0:0:0|2:0:2|1:1:0|0:0:0|0:0:0|2:0:1|0:0:0|0:0:0|0:0:0|2:0:2|0:0:0|0:0:0|0:0:0|0:0:0|0:0:0|0:0:0|0:0:0|2:0:1","0:0:0|1:1:0|0:0:0|0:0:0|0:0:0|0:0:0|0:0:0|0:0:0|1:1:0|1:2:0|3:3:0|0:0:0|3:3:0|4:0:3|0:0:0|0:0:0|3:3:0|0:0:0|1:1:0|3:3:0|4:0:3|4:0:3|4:0:3|2:0:1|0:0:0|3:3:0|1:2:0|3:3:0|0:0:0|4:0:3|2:0:1|0:0:0|2:0:2|1:1:0|0:0:0|0:0:0|2:0:1|0:0:0|0:0:0|0:0:0|2:0:2|0:0:0|0:0:0|0:0:0|0:0:0|0:0:0|0:0:0|0:0:0|2:0:1"
"7x7-p84","7x7-p84-uct-1000","1000","1","36","0.642857","1","2","O32","MM","54","51","54","52","2","2","2","0","1","0","2","0","2","0:0:0|1:1:0|0:0:0|0:0:0|0:0:0|0:0:0|0:0:0|0:0:0|1:1:0|1:2:0|3:3:0|0:0:0|3:3:0|4:0:3|0:0:0|0:0:0|3:3:0|0:0:0|1:1:0|3:3:0|4:0:3|4:0:3|4:0:3|2:0:1|0:0:0|3:3:0|1:2:0|3:3:0|0:0:0|4:0:3|2:0:1|0:0:0|2:0:2|1:1:0|0:0:0|0:0:0|2:0:1|0:0:0|0:0:0|0:0:0|2:0:2|0:0:0|0:0:0|0:0:0|0:0:0|0:0:0|0:0:0|0:0:0|2:0:1","0:0:0|1:1:0|0:0:0|0:0:0|0:0:0|0:0:0|0:0:0|0:0:0|1:1:0|1:2:0|3:3:0|0:0:0|3:3:0|4:0:3|0:0:0|0:0:0|3:3:0|0:0:0|1:1:0|3:3:0|4:0:3|4:0:3|4:0:3|2:0:2|0:0:0|3:3:0|1:2:0|3:3:0|0:0:0|4:0:3|2:0:1|0:0:0|2:0:2|1:1:0|0:0:0|0:0:0|2:0:1|0:0:0|0:0:0|0:0:0|2:0:2|0:0:0|0:0:0|0:0:0|0:0:0|0:0:0|0:0:0|0:0:0|2:0:1","0:0:0|1:1:0|0:0:0|0:0:0|0:0:0|0:0:0|0:0:0|0:0:0|1:1:0|1:2:0|3:3:0|0:0:0|3:3:0|4:0:3|0:0:0|0:0:0|3:3:0|0:0:0|1:1:0|3:3:0|4:0:3|4:0:3|4:0:3|2:0:2|0:0:0|3:3:0|1:2:0|3:3:0|0:0:0|4:0:3|2:0:1|0:0:0|4:0:3|1:1:0|0:0:0|0:0:0|2:0:2|0:0:0|0:0:0|0:0:0|2:0:2|0:0:0|0:0:0|0:0:0|0:0:0|0:0:0|0:0:0|0:0:0|2:0:1"
"7x7-p84","7x7-p84-uct-1000","1000","1","36","0.642857","2","2","O44","MM","54","52","54","53","2","2","4","0","2","0","3","0","3","0:0:0|1:1:0|0:0:0|0:0:0|0:0:0|0:0:0|0:0:0|0:0:0|1:1:0|1:2:0|3:3:0|0:0:0|3:3:0|4:0:3|0:0:0|0:0:0|3:3:0|0:0:0|1:1:0|3:3:0|4:0:3|4:0:3|4:0:3|2:0:2|0:0:0|3:3:0|1:2:0|3:3:0|0:0:0|4:0:3|2:0:1|0:0:0|2:0:2|1:1:0|0:0:0|0:0:0|2:0:1|0:0:0|0:0:0|0:0:0|2:0:2|0:0:0|0:0:0|0:0:0|0:0:0|0:0:0|0:0:0|0:0:0|2:0:1","0:0:0|1:1:0|0:0:0|0:0:0|0:0:0|0:0:0|0:0:0|0:0:0|1:1:0|1:2:0|3:3:0|0:0:0|3:3:0|4:0:3|0:0:0|0:0:0|3:3:0|0:0:0|1:1:0|3:3:0|4:0:3|4:0:3|4:0:3|2:0:2|0:0:0|3:3:0|1:2:0|3:3:0|0:0:0|4:0:3|2:0:1|0:0:0|2:0:3|1:1:0|0:0:0|0:0:0|2:0:1|0:0:0|0:0:0|0:0:0|2:0:2|0:0:0|0:0:0|0:0:0|0:0:0|0:0:0|0:0:0|0:0:0|2:0:1","0:0:0|1:1:0|0:0:0|0:0:0|0:0:0|0:0:0|0:0:0|0:0:0|1:1:0|1:2:0|3:3:0|0:0:0|3:3:0|4:0:3|0:0:0|0:0:0|3:3:0|0:0:0|1:1:0|3:3:0|4:0:3|4:0:3|4:0:3|2:0:2|0:0:0|3:3:0|1:2:0|3:3:0|0:0:0|4:0:3|2:0:1|0:0:0|4:0:3|1:1:0|0:0:0|0:0:0|2:0:2|0:0:0|0:0:0|0:0:0|2:0:2|0:0:0|0:0:0|0:0:0|0:0:0|0:0:0|0:0:0|0:0:0|2:0:1"
"7x7-p84","7x7-p84-uct-1000","1000","1","36","0.642857","3","2","O51","HL","54","53","54","54","2","2","2","0","1","0","2","0","2","0:0:0|1:1:0|0:0:0|0:0:0|0:0:0|0:0:0|0:0:0|0:0:0|1:1:0|1:2:0|3:3:0|0:0:0|3:3:0|4:0:3|0:0:0|0:0:0|3:3:0|0:0:0|1:1:0|3:3:0|4:0:3|4:0:3|4:0:3|2:0:2|0:0:0|3:3:0|1:2:0|3:3:0|0:0:0|4:0:3|2:0:1|0:0:0|2:0:3|1:1:0|0:0:0|0:0:0|2:0:1|0:0:0|0:0:0|0:0:0|2:0:2|0:0:0|0:0:0|0:0:0|0:0:0|0:0:0|0:0:0|0:0:0|2:0:1","0:0:0|1:1:0|0:0:0|0:0:0|0:0:0|0:0:0|0:0:0|0:0:0|1:1:0|1:2:0|3:3:0|0:0:0|3:3:0|4:0:3|0:0:0|0:0:0|3:3:0|0:0:0|1:1:0|3:3:0|4:0:3|4:0:3|4:0:3|2:0:2|0:0:0|3:3:0|1:2:0|3:3:0|0:0:0|4:0:3|2:0:1|0:0:0|4:0:3|1:1:0|0:0:0|0:0:0|2:0:2|0:0:0|0:0:0|0:0:0|2:0:2|0:0:0|0:0:0|0:0:0|0:0:0|0:0:0|0:0:0|0:0:0|2:0:1","0:0:0|1:1:0|0:0:0|0:0:0|0:0:0|0:0:0|0:0:0|0:0:0|1:1:0|1:2:0|3:3:0|0:0:0|3:3:0|4:0:3|0:0:0|0:0:0|3:3:0|0:0:0|1:1:0|3:3:0|4:0:3|4:0:3|4:0:3|2:0:2|0:0:0|3:3:0|1:2:0|3:3:0|0:0:0|4:0:3|2:0:1|0:0:0|4:0:3|1:1:0|0:0:0|0:0:0|2:0:2|0:0:0|0:0:0|0:0:0|2:0:2|0:0:0|0:0:0|0:0:0|0:0:0|0:0:0|0:0:0|0:0:0|2:0:1"
"7x7-p84","7x7-p84-uct-1000","1000","1","37","0.660714","1","1","O12","LM","54","54","55","54","1","1","3","2","0","3","0","3","0","0:0:0|1:1:0|0:0:0|0:0:0|0:0:0|0:0:0|0:0:0|0:0:0|1:1:0|1:2:0|3:3:0|0:0:0|3:3:0|4:0:3|0:0:0|0:0:0|3:3:0|0:0:0|1:1:0|3:3:0|4:0:3|4:0:3|4:0:3|2:0:2|0:0:0|3:3:0|1:2:0|3:3:0|0:0:0|4:0:3|2:0:1|0:0:0|4:0:3|1:1:0|0:0:0|0:0:0|2:0:2|0:0:0|0:0:0|0:0:0|2:0:2|0:0:0|0:0:0|0:0:0|0:0:0|0:0:0|0:0:0|0:0:0|2:0:1","0:0:0|1:1:0|0:0:0|0:0:0|0:0:0|0:0:0|0:0:0|0:0:0|1:1:0|1:3:0|3:3:0|0:0:0|3:3:0|4:0:3|0:0:0|0:0:0|3:3:0|0:0:0|1:1:0|3:3:0|4:0:3|4:0:3|4:0:3|2:0:2|0:0:0|3:3:0|1:2:0|3:3:0|0:0:0|4:0:3|2:0:1|0:0:0|4:0:3|1:1:0|0:0:0|0:0:0|2:0:2|0:0:0|0:0:0|0:0:0|2:0:2|0:0:0|0:0:0|0:0:0|0:0:0|0:0:0|0:0:0|0:0:0|2:0:1","0:0:0|1:1:0|0:0:0|0:0:0|0:0:0|0:0:0|0:0:0|0:0:0|1:1:0|3:3:0|3:3:0|0:0:0|3:3:0|4:0:3|0:0:0|0:0:0|3:3:0|0:0:0|1:1:0|3:3:0|4:0:3|4:0:3|4:0:3|2:0:2|0:0:0|3:3:0|3:3:0|3:3:0|0:0:0|4:0:3|2:0:1|0:0:0|4:0:3|1:1:0|0:0:0|0:0:0|2:0:2|0:0:0|0:0:0|0:0:0|2:0:2|0:0:0|0:0:0|0:0:0|0:0:0|0:0:0|0:0:0|0:0:0|2:0:1"
"7x7-p84","7x7-p84-uct-1000","1000","1","37","0.660714","2","1","O35","MH","55","54","56","54","1","1","3","2","0","3","0","3","0","0:0:0|1:1:0|0:0:0|0:0:0|0:0:0|0:0:0|0:0:0|0:0:0|1:1:0|1:3:0|3:3:0|0:0:0|3:3:0|4:0:3|0:0:0|0:0:0|3:3:0|0:0:0|1:1:0|3:3:0|4:0:3|4:0:3|4:0:3|2:0:2|0:0:0|3:3:0|1:2:0|3:3:0|0:0:0|4:0:3|2:0:1|0:0:0|4:0:3|1:1:0|0:0:0|0:0:0|2:0:2|0:0:0|0:0:0|0:0:0|2:0:2|0:0:0|0:0:0|0:0:0|0:0:0|0:0:0|0:0:0|0:0:0|2:0:1","0:0:0|1:1:0|0:0:0|0:0:0|0:0:0|0:0:0|0:0:0|0:0:0|1:1:0|1:3:0|3:3:0|0:0:0|3:3:0|4:0:3|0:0:0|0:0:0|3:3:0|0:0:0|1:1:0|3:3:0|4:0:3|4:0:3|4:0:3|2:0:2|0:0:0|3:3:0|1:3:0|3:3:0|0:0:0|4:0:3|2:0:1|0:0:0|4:0:3|1:1:0|0:0:0|0:0:0|2:0:2|0:0:0|0:0:0|0:0:0|2:0:2|0:0:0|0:0:0|0:0:0|0:0:0|0:0:0|0:0:0|0:0:0|2:0:1","0:0:0|1:1:0|0:0:0|0:0:0|0:0:0|0:0:0|0:0:0|0:0:0|1:1:0|3:3:0|3:3:0|0:0:0|3:3:0|4:0:3|0:0:0|0:0:0|3:3:0|0:0:0|1:1:0|3:3:0|4:0:3|4:0:3|4:0:3|2:0:2|0:0:0|3:3:0|3:3:0|3:3:0|0:0:0|4:0:3|2:0:1|0:0:0|4:0:3|1:1:0|0:0:0|0:0:0|2:0:2|0:0:0|0:0:0|0:0:0|2:0:2|0:0:0|0:0:0|0:0:0|0:0:0|0:0:0|0:0:0|0:0:0|2:0:1"
"7x7-p84","7x7-p84-uct-1000","1000","1","38","0.678571","2","2","O66","HH","57","55","57","56","2","2","2","0","1","0","2","0","2","0:0:0|1:1:0|0:0:0|0:0:0|0:0:0|0:0:0|0:0:0|0:0:0|1:1:0|3:3:0|3:3:0|0:0:0|3:3:0|4:0:3|0:0:0|0:0:0|3:3:0|0:0:0|1:1:0|3:3:0|4:0:3|4:0:3|4:0:3|2:0:2|0:0:0|3:3:0|3:3:0|3:3:0|0:0:0|4:0:3|2:0:1|0:0:0|4:0:3|1:1:0|0:0:0|0:0:0|2:0:2|0:0:0|0:0:0|0:0:0|2:0:2|0:0:0|0:0:0|0:0:0|0:0:0|0:0:0|0:0:0|0:0:0|2:0:1","0:0:0|1:1:0|0:0:0|0:0:0|0:0:0|0:0:0|0:0:0|0:0:0|1:1:0|3:3:0|3:3:0|0:0:0|3:3:0|4:0:3|0:0:0|0:0:0|3:3:0|0:0:0|1:1:0|3:3:0|4:0:3|4:0:3|4:0:3|2:0:2|0:0:0|3:3:0|3:3:0|3:3:0|0:0:0|4:0:3|2:0:1|0:0:0|4:0:3|1:1:0|0:0:0|0:0:0|2:0:2|0:0:0|0:0:0|0:0:0|2:0:2|0:0:0|0:0:0|0:0:0|0:0:0|0:0:0|0:0:0|0:0:0|2:0:2","0:0:0|1:1:0|0:0:0|0:0:0|0:0:0|0:0:0|0:0:0|0:0:0|1:1:0|3:3:0|3:3:0|0:0:0|3:3:0|4:0:3|0:0:0|0:0:0|3:3:0|0:0:0|1:1:0|3:3:0|4:0:3|4:0:3|4:0:3|2:0:2|0:0:0|3:3:0|3:3:0|3:3:0|0:0:0|4:0:3|2:0:1|0:0:0|4:0:3|1:1:0|0:0:0|0:0:0|2:0:2|0:0:0|0:0:0|0:0:0|2:0:2|0:0:0|0:0:0|0:0:0|0:0:0|0:0:0|0:0:0|0:0:0|2:0:2"
"7x7-p84","7x7-p84-uct-1000","1000","1","39","0.696429","1","1","O24","MM","57","57","58","57","1","1","1","1","0","2","0","2","0","0:0:0|1:1:0|0:0:0|0:0:0|0:0:0|0:0:0|0:0:0|0:0:0|1:1:0|3:3:0|3:3:0|0:0:0|3:3:0|4:0:3|0:0:0|0:0:0|3:3:0|0:0:0|1:1:0|3:3:0|4:0:3|4:0:3|4:0:3|2:0:2|0:0:0|3:3:0|3:3:0|3:3:0|0:0:0|4:0:3|2:0:1|0:0:0|4:0:3|1:1:0|0:0:0|0:0:0|2:0:2|0:0:0|0:0:0|0:0:0|2:0:2|0:0:0|0:0:0|0:0:0|0:0:0|0:0:0|0:0:0|0:0:0|2:0:2","0:0:0|1:1:0|0:0:0|0:0:0|0:0:0|0:0:0|0:0:0|0:0:0|1:1:0|3:3:0|3:3:0|0:0:0|3:3:0|4:0:3|0:0:0|0:0:0|3:3:0|0:0:0|1:2:0|3:3:0|4:0:3|4:0:3|4:0:3|2:0:2|0:0:0|3:3:0|3:3:0|3:3:0|0:0:0|4:0:3|2:0:1|0:0:0|4:0:3|1:1:0|0:0:0|0:0:0|2:0:2|0:0:0|0:0:0|0:0:0|2:0:2|0:0:0|0:0:0|0:0:0|0:0:0|0:0:0|0:0:0|0:0:0|2:0:2","0:0:0|1:1:0|0:0:0|0:0:0|0:0:0|0:0:0|0:0:0|0:0:0|1:1:0|3:3:0|3:3:0|0:0:0|3:3:0|4:0:3|0:0:0|0:0:0|3:3:0|0:0:0|1:2:0|3:3:0|4:0:3|4:0:3|4:0:3|2:0:2|0:0:0|3:3:0|3:3:0|3:3:0|0:0:0|4:0:3|2:0:1|0:0:0|4:0:3|1:1:0|0:0:0|0:0:0|2:0:2|0:0:0|0:0:0|0:0:0|2:0:2|0:0:0|0:0:0|0:0:0|0:0:0|0:0:0|0:0:0|0:0:0|2:0:2"
"7x7-p84","7x7-p84-uct-1000","1000","1","40","0.714286","1","2","O51","HL","60","57","60","58","2","2","4","0","2","0","3","0","3","0:0:0|1:1:0|0:0:0|0:0:0|0:0:0|0:0:0|0:0:0|0:0:0|1:1:0|3:3:0|3:3:0|0:0:0|3:3:0|4:0:3|0:0:0|0:0:0|3:3:0|0:0:0|1:2:0|3:3:0|4:0:3|4:0:3|4:0:3|2:0:2|0:0:0|3:3:0|3:3:0|3:3:0|0:0:0|4:0:3|2:0:1|0:0:0|4:0:3|1:1:0|0:0:0|0:0:0|2:0:2|0:0:0|0:0:0|0:0:0|2:0:2|0:0:0|0:0:0|0:0:0|0:0:0|0:0:0|0:0:0|0:0:0|2:0:2","0:0:0|1:1:0|0:0:0|0:0:0|0:0:0|0:0:0|0:0:0|0:0:0|1:1:0|3:3:0|3:3:0|0:0:0|3:3:0|4:0:3|0:0:0|0:0:0|3:3:0|0:0:0|1:2:0|3:3:0|4:0:3|4:0:3|4:0:3|2:0:2|0:0:0|3:3:0|3:3:0|3:3:0|0:0:0|4:0:3|2:0:1|0:0:0|4:0:3|1:1:0|0:0:0|0:0:0|2:0:3|0:0:0|0:0:0|0:0:0|2:0:2|0:0:0|0:0:0|0:0:0|0:0:0|0:0:0|0:0:0|0:0:0|2:0:2","0:0:0|1:1:0|0:0:0|0:0:0|0:0:0|0:0:0|0:0:0|0:0:0|1:1:0|3:3:0|3:3:0|0:0:0|3:3:0|4:0:3|0:0:0|0:0:0|3:3:0|0:0:0|1:2:0|3:3:0|4:0:3|4:0:3|4:0:3|4:0:3|0:0:0|3:3:0|3:3:0|3:3:0|0:0:0|4:0:3|2:0:1|0:0:0|4:0:3|1:1:0|0:0:0|0:0:0|4:0:3|0:0:0|0:0:0|0:0:0|2:0:2|0:0:0|0:0:0|0:0:0|0:0:0|0:0:0|0:0:0|0:0:0|4:0:3"
"7x7-p84","7x7-p84-uct-1000","1000","1","40","0.714286","2","2","O66","HH","60","58","60","59","2","2","4","0","2","0","3","0","3","0:0:0|1:1:0|0:0:0|0:0:0|0:0:0|0:0:0|0:0:0|0:0:0|1:1:0|3:3:0|3:3:0|0:0:0|3:3:0|4:0:3|0:0:0|0:0:0|3:3:0|0:0:0|1:2:0|3:3:0|4:0:3|4:0:3|4:0:3|2:0:2|0:0:0|3:3:0|3:3:0|3:3:0|0:0:0|4:0:3|2:0:1|0:0:0|4:0:3|1:1:0|0:0:0|0:0:0|2:0:3|0:0:0|0:0:0|0:0:0|2:0:2|0:0:0|0:0:0|0:0:0|0:0:0|0:0:0|0:0:0|0:0:0|2:0:2","0:0:0|1:1:0|0:0:0|0:0:0|0:0:0|0:0:0|0:0:0|0:0:0|1:1:0|3:3:0|3:3:0|0:0:0|3:3:0|4:0:3|0:0:0|0:0:0|3:3:0|0:0:0|1:2:0|3:3:0|4:0:3|4:0:3|4:0:3|2:0:2|0:0:0|3:3:0|3:3:0|3:3:0|0:0:0|4:0:3|2:0:1|0:0:0|4:0:3|1:1:0|0:0:0|0:0:0|2:0:3|0:0:0|0:0:0|0:0:0|2:0:2|0:0:0|0:0:0|0:0:0|0:0:0|0:0:0|0:0:0|0:0:0|2:0:3","0:0:0|1:1:0|0:0:0|0:0:0|0:0:0|0:0:0|0:0:0|0:0:0|1:1:0|3:3:0|3:3:0|0:0:0|3:3:0|4:0:3|0:0:0|0:0:0|3:3:0|0:0:0|1:2:0|3:3:0|4:0:3|4:0:3|4:0:3|4:0:3|0:0:0|3:3:0|3:3:0|3:3:0|0:0:0|4:0:3|2:0:1|0:0:0|4:0:3|1:1:0|0:0:0|0:0:0|4:0:3|0:0:0|0:0:0|0:0:0|2:0:2|0:0:0|0:0:0|0:0:0|0:0:0|0:0:0|0:0:0|0:0:0|4:0:3"
"7x7-p84","7x7-p84-uct-1000","1000","1","40","0.714286","3","2","O32","MM","60","59","60","60","2","4","4","0","2","0","3","0","3","0:0:0|1:1:0|0:0:0|0:0:0|0:0:0|0:0:0|0:0:0|0:0:0|1:1:0|3:3:0|3:3:0|0:0:0|3:3:0|4:0:3|0:0:0|0:0:0|3:3:0|0:0:0|1:2:0|3:3:0|4:0:3|4:0:3|4:0:3|2:0:2|0:0:0|3:3:0|3:3:0|3:3:0|0:0:0|4:0:3|2:0:1|0:0:0|4:0:3|1:1:0|0:0:0|0:0:0|2:0:3|0:0:0|0:0:0|0:0:0|2:0:2|0:0:0|0:0:0|0:0:0|0:0:0|0:0:0|0:0:0|0:0:0|2:0:3","0:0:0|1:1:0|0:0:0|0:0:0|0:0:0|0:0:0|0:0:0|0:0:0|1:1:0|3:3:0|3:3:0|0:0:0|3:3:0|4:0:3|0:0:0|0:0:0|3:3:0|0:0:0|1:2:0|3:3:0|4:0:3|4:0:3|4:0:3|4:0:3|0:0:0|3:3:0|3:3:0|3:3:0|0:0:0|4:0:3|2:0:1|0:0:0|4:0:3|1:1:0|0:0:0|0:0:0|4:0:3|0:0:0|0:0:0|0:0:0|2:0:2|0:0:0|0:0:0|0:0:0|0:0:0|0:0:0|0:0:0|0:0:0|4:0:3","0:0:0|1:1:0|0:0:0|0:0:0|0:0:0|0:0:0|0:0:0|0:0:0|1:1:0|3:3:0|3:3:0|0:0:0|3:3:0|4:0:3|0:0:0|0:0:0|3:3:0|0:0:0|1:2:0|3:3:0|4:0:3|4:0:3|4:0:3|4:0:3|0:0:0|3:3:0|3:3:0|3:3:0|0:0:0|4:0:3|2:0:1|0:0:0|4:0:3|1:1:0|0:0:0|0:0:0|4:0:3|0:0:0|0:0:0|0:0:0|2:0:2|0:0:0|0:0:0|0:0:0|0:0:0|0:0:0|0:0:0|0:0:0|4:0:3"
"7x7-p84","7x7-p84-uct-1000","1000","1","41","0.732143","1","1","O24","MM","60","60","61","60","1","1","3","2","0","3","0","3","0","0:0:0|1:1:0|0:0:0|0:0:0|0:0:0|0:0:0|0:0:0|0:0:0|1:1:0|3:3:0|3:3:0|0:0:0|3:3:0|4:0:3|0:0:0|0:0:0|3:3:0|0:0:0|1:2:0|3:3:0|4:0:3|4:0:3|4:0:3|4:0:3|0:0:0|3:3:0|3:3:0|3:3:0|0:0:0|4:0:3|2:0:1|0:0:0|4:0:3|1:1:0|0:0:0|0:0:0|4:0:3|0:0:0|0:0:0|0:0:0|2:0:2|0:0:0|0:0:0|0:0:0|0:0:0|0:0:0|0:0:0|0:0:0|4:0:3","0:0:0|1:1:0|0:0:0|0:0:0|0:0:0|0:0:0|0:0:0|0:0:0|1:1:0|3:3:0|3:3:0|0:0:0|3:3:0|4:0:3|0:0:0|0:0:0|3:3:0|0:0:0|1:3:0|3:3:0|4:0:3|4:0:3|4:0:3|4:0:3|0:0:0|3:3:0|3:3:0|3:3:0|0:0:0|4:0:3|2:0:1|0:0:0|4:0:3|1:1:0|0:0:0|0:0:0|4:0:3|0:0:0|0:0:0|0:0:0|2:0:2|0:0:0|0:0:0|0:0:0|0:0:0|0:0:0|0:0:0|0:0:0|4:0:3","0:0:0|1:1:0|0:0:0|0:0:0|0:0:0|0:0:0|0:0:0|0:0:0|1:2:0|3:3:0|3:3:0|0:0:0|3:3:0|4:0:3|0:0:0|0:0:0|3:3:0|0:0:0|3:3:0|3:3:0|4:0:3|4:0:3|4:0:3|4:0:3|0:0:0|3:3:0|3:3:0|3:3:0|0:0:0|4:0:3|2:0:1|0:0:0|4:0:3|1:1:0|0:0:0|0:0:0|4:0:3|0:0:0|0:0:0|0:0:0|2:0:2|0:0:0|0:0:0|0:0:0|0:0:0|0:0:0|0:0:0|0:0:0|4:0:3"
"7x7-p84","7x7-p84-uct-1000","1000","1","41","0.732143","3","1","O11","LL","62","60","63","60","1","1","1","1","0","2","0","2","0","0:0:0|1:1:0|0:0:0|0:0:0|0:0:0|0:0:0|0:0:0|0:0:0|1:1:0|3:3:0|3:3:0|0:0:0|3:3:0|4:0:3|0:0:0|0:0:0|3:3:0|0:0:0|1:3:0|3:3:0|4:0:3|4:0:3|4:0:3|4:0:3|0:0:0|3:3:0|3:3:0|3:3:0|0:0:0|4:0:3|2:0:1|0:0:0|4:0:3|1:1:0|0:0:0|0:0:0|4:0:3|0:0:0|0:0:0|0:0:0|2:0:2|0:0:0|0:0:0|0:0:0|0:0:0|0:0:0|0:0:0|0:0:0|4:0:3","0:0:0|1:1:0|0:0:0|0:0:0|0:0:0|0:0:0|0:0:0|0:0:0|1:2:0|3:3:0|3:3:0|0:0:0|3:3:0|4:0:3|0:0:0|0:0:0|3:3:0|0:0:0|3:3:0|3:3:0|4:0:3|4:0:3|4:0:3|4:0:3|0:0:0|3:3:0|3:3:0|3:3:0|0:0:0|4:0:3|2:0:1|0:0:0|4:0:3|1:1:0|0:0:0|0:0:0|4:0:3|0:0:0|0:0:0|0:0:0|2:0:2|0:0:0|0:0:0|0:0:0|0:0:0|0:0:0|0:0:0|0:0:0|4:0:3","0:0:0|1:1:0|0:0:0|0:0:0|0:0:0|0:0:0|0:0:0|0:0:0|1:2:0|3:3:0|3:3:0|0:0:0|3:3:0|4:0:3|0:0:0|0:0:0|3:3:0|0:0:0|3:3:0|3:3:0|4:0:3|4:0:3|4:0:3|4:0:3|0:0:0|3:3:0|3:3:0|3:3:0|0:0:0|4:0:3|2:0:1|0:0:0|4:0:3|1:1:0|0:0:0|0:0:0|4:0:3|0:0:0|0:0:0|0:0:0|2:0:2|0:0:0|0:0:0|0:0:0|0:0:0|0:0:0|0:0:0|0:0:0|4:0:3"
"7x7-p84","7x7-p84-uct-1000","1000","1","42","0.750000","1","2","O42","MM","63","60","63","61","2","2","4","0","1","0","2","0","3","0:0:0|1:1:0|0:0:0|0:0:0|0:0:0|0:0:0|0:0:0|0:0:0|1:2:0|3:3:0|3:3:0|0:0:0|3:3:0|4:0:3|0:0:0|0:0:0|3:3:0|0:0:0|3:3:0|3:3:0|4:0:3|4:0:3|4:0:3|4:0:3|0:0:0|3:3:0|3:3:0|3:3:0|0:0:0|4:0:3|2:0:1|0:0:0|4:0:3|1:1:0|0:0:0|0:0:0|4:0:3|0:0:0|0:0:0|0:0:0|2:0:2|0:0:0|0:0:0|0:0:0|0:0:0|0:0:0|0:0:0|0:0:0|4:0:3","0:0:0|1:1:0|0:0:0|0:0:0|0:0:0|0:0:0|0:0:0|0:0:0|1:2:0|3:3:0|3:3:0|0:0:0|3:3:0|4:0:3|0:0:0|0:0:0|3:3:0|0:0:0|3:3:0|3:3:0|4:0:3|4:0:3|4:0:3|4:0:3|0:0:0|3:3:0|3:3:0|3:3:0|0:0:0|4:0:3|2:0:2|0:0:0|4:0:3|1:1:0|0:0:0|0:0:0|4:0:3|0:0:0|0:0:0|0:0:0|2:0:2|0:0:0|0:0:0|0:0:0|0:0:0|0:0:0|0:0:0|0:0:0|4:0:3","0:0:0|1:1:0|0:0:0|0:0:0|0:0:0|0:0:0|0:0:0|0:0:0|1:2:0|3:3:0|3:3:0|0:0:0|3:3:0|4:0:3|0:0:0|0:0:0|3:3:0|0:0:0|3:3:0|3:3:0|4:0:3|4:0:3|4:0:3|4:0:3|0:0:0|3:3:0|3:3:0|3:3:0|0:0:0|4:0:3|4:0:3|0:0:0|4:0:3|1:1:0|0:0:0|0:0:0|4:0:3|0:0:0|0:0:0|0:0:0|2:0:2|0:0:0|0:0:0|0:0:0|0:0:0|0:0:0|0:0:0|0:0:0|4:0:3"
"7x7-p84","7x7-p84-uct-1000","1000","1","42","0.750000","2","2","O42","MM","63","61","63","62","2","2","4","0","2","0","3","0","3","0:0:0|1:1:0|0:0:0|0:0:0|0:0:0|0:0:0|0:0:0|0:0:0|1:2:0|3:3:0|3:3:0|0:0:0|3:3:0|4:0:3|0:0:0|0:0:0|3:3:0|0:0:0|3:3:0|3:3:0|4:0:3|4:0:3|4:0:3|4:0:3|0:0:0|3:3:0|3:3:0|3:3:0|0:0:0|4:0:3|2:0:2|0:0:0|4:0:3|1:1:0|0:0:0|0:0:0|4:0:3|0:0:0|0:0:0|0:0:0|2:0:2|0:0:0|0:0:0|0:0:0|0:0:0|0:0:0|0:0:0|0:0:0|4:0:3","0:0:0|1:1:0|0:0:0|0:0:0|0:0:0|0:0:0|0:0:0|0:0:0|1:2:0|3:3:0|3:3:0|0:0:0|3:3:0|4:0:3|0:0:0|0:0:0|3:3:0|0:0:0|3:3:0|3:3:0|4:0:3|4:0:3|4:0:3|4:0:3|0:0:0|3:3:0|3:3:0|3:3:0|0:0:0|4:0:3|2:0:3|0:0:0|4:0:3|1:1:0|0:0:0|0:0:0|4:0:3|0:0:0|0:0:0|0:0:0|2:0:2|0:0:0|0:0:0|0:0:0|0:0:0|0:0:0|0:0:0|0:0:0|4:0:3","0:0:0|1:1:0|0:0:0|0:0:0|0:0:0|0:0:0|0:0:0|0:0:0|1:2:0|3:3:0|3:3:0|0:0:0|3:3:0|4:0:3|0:0:0|0:0:0|3:3:0|0:0:0|3:3:0|3:3:0|4:0:3|4:0:3|4:0:3|4:0:3|0:0:0|3:3:0|3:3:0|3:3:0|0:0:0|4:0:3|4:0:3|0:0:0|4:0:3|1:1:0|0:0:0|0:0:0|4:0:3|0:0:0|0:0:0|0:0:0|2:0:2|0:0:0|0:0:0|0:0:0|0:0:0|0:0:0|0:0:0|0:0:0|4:0:3"
"7x7-p84","7x7-p84-uct-1000","1000","1","43","0.767857","1","1","O11","LL","63","63","64","63","1","1","3","2","0","3","0","3","0","0:0:0|1:1:0|0:0:0|0:0:0|0:0:0|0:0:0|0:0:0|0:0:0|1:2:0|3:3:0|3:3:0|0:0:0|3:3:0|4:0:3|0:0:0|0:0:0|3:3:0|0:0:0|3:3:0|3:3:0|4:0:3|4:0:3|4:0:3|4:0:3|0:0:0|3:3:0|3:3:0|3:3:0|0:0:0|4:0:3|4:0:3|0:0:0|4:0:3|1:1:0|0:0:0|0:0:0|4:0:3|0:0:0|0:0:0|0:0:0|2:0:2|0:0:0|0:0:0|0:0:0|0:0:0|0:0:0|0:0:0|0:0:0|4:0:3","0:0:0|1:1:0|0:0:0|0:0:0|0:0:0|0:0:0|0:0:0|0:0:0|1:3:0|3:3:0|3:3:0|0:0:0|3:3:0|4:0:3|0:0:0|0:0:0|3:3:0|0:0:0|3:3:0|3:3:0|4:0:3|4:0:3|4:0:3|4:0:3|0:0:0|3:3:0|3:3:0|3:3:0|0:0:0|4:0:3|4:0:3|0:0:0|4:0:3|1:1:0|0:0:0|0:0:0|4:0:3|0:0:0|0:0:0|0:0:0|2:0:2|0:0:0|0:0:0|0:0:0|0:0:0|0:0:0|0:0:0|0:0:0|4:0:3","0:0:0|1:1:0|0:0:0|0:0:0|0:0:0|0:0:0|0:0:0|0:0:0|3:3:0|3:3:0|3:3:0|0:0:0|3:3:0|4:0:3|0:0:0|0:0:0|3:3:0|0:0:0|3:3:0|3:3:0|4:0:3|4:0:3|4:0:3|4:0:3|0:0:0|3:3:0|3:3:0|3:3:0|0:0:0|4:0:3|4:0:3|0:0:0|4:0:3|1:1:0|0:0:0|1:1:0|4:0:3|0:0:0|0:0:0|0:0:0|2:0:2|0:0:0|0:0:0|0:0:0|0:0:0|0:0:0|0:0:0|0:0:0|4:0:3"
"7x7-p84","7x7-p84-uct-1000","1000","1","43","0.767857","3","1","O50","HL","65","63","66","63","0","1","1","0","0","1","0","1","0","0:0:0|1:1:0|0:0:0|0:0:0|0:0:0|0:0:0|0:0:0|0:0:0|1:3:0|3:3:0|3:3:0|0:0:0|3:3:0|4:0:3|0:0:0|0:0:0|3:3:0|0:0:0|3:3:0|3:3:0|4:0:3|4:0:3|4:0:3|4:0:3|0:0:0|3:3:0|3:3:0|3:3:0|0:0:0|4:0:3|4:0:3|0:0:0|4:0:3|1:1:0|0:0:0|0:0:0|4:0:3|0:0:0|0:0:0|0:0:0|2:0:2|0:0:0|0:0:0|0:0:0|0:0:0|0:0:0|0:0:0|0:0:0|4:0:3","0:0:0|1:1:0|0:0:0|0:0:0|0:0:0|0:0:0|0:0:0|0:0:0|3:3:0|3:3:0|3:3:0|0:0:0|3:3:0|4:0:3|0:0:0|0:0:0|3:3:0|0:0:0|3:3:0|3:3:0|4:0:3|4:0:3|4:0:3|4:0:3|0:0:0|3:3:0|3:3:0|3:3:0|0:0:0|4:0:3|4:0:3|0:0:0|4:0:3|1:1:0|0:0:0|1:1:0|4:0:3|0:0:0|0:0:0|0:0:0|2:0:2|0:0:0|0:0:0|0:0:0|0:0:0|0:0:0|0:0:0|0:0:0|4:0:3","0:0:0|1:1:0|0:0:0|0:0:0|0:0:0|0:0:0|0:0:0|0:0:0|3:3:0|3:3:0|3:3:0|0:0:0|3:3:0|4:0:3|0:0:0|0:0:0|3:3:0|0:0:0|3:3:0|3:3:0|4:0:3|4:0:3|4:0:3|4:0:3|0:0:0|3:3:0|3:3:0|3:3:0|0:0:0|4:0:3|4:0:3|0:0:0|4:0:3|1:1:0|0:0:0|1:1:0|4:0:3|0:0:0|0:0:0|0:0:0|2:0:2|0:0:0|0:0:0|0:0:0|0:0:0|0:0:0|0:0:0|0:0:0|4:0:3"
"7x7-p84","7x7-p84-uct-1000","1000","1","44","0.785714","2","2","O46","MH","66","64","66","65","0","0","2","0","0","0","1","0","1","0:0:0|1:1:0|0:0:0|0:0:0|0:0:0|0:0:0|0:0:0|0:0:0|3:3:0|3:3:0|3:3:0|0:0:0|3:3:0|4:0:3|0:0:0|0:0:0|3:3:0|0:0:0|3:3:0|3:3:0|4:0:3|4:0:3|4:0:3|4:0:3|0:0:0|3:3:0|3:3:0|3:3:0|0:0:0|4:0:3|4:0:3|0:0:0|4:0:3|1:1:0|0:0:0|1:1:0|4:0:3|0:0:0|0:0:0|0:0:0|2:0:2|0:0:0|0:0:0|0:0:0|0:0:0|0:0:0|0:0:0|0:0:0|4:0:3","0:0:0|1:1:0|0:0:0|0:0:0|0:0:0|0:0:0|0:0:0|0:0:0|3:3:0|3:3:0|3:3:0|0:0:0|3:3:0|4:0:3|0:0:0|0:0:0|3:3:0|0:0:0|3:3:0|3:3:0|4:0:3|4:0:3|4:0:3|4:0:3|0:0:0|3:3:0|3:3:0|3:3:0|0:0:0|4:0:3|4:0:3|0:0:0|4:0:3|1:1:0|0:0:1|1:1:0|4:0:3|0:0:0|0:0:0|0:0:0|2:0:2|0:0:0|0:0:0|0:0:0|0:0:0|0:0:0|0:0:0|0:0:0|4:0:3","0:0:0|1:1:0|0:0:0|0:0:0|0:0:0|0:0:0|0:0:0|0:0:0|3:3:0|3:3:0|3:3:0|0:0:0|3:3:0|4:0:3|0:0:0|0:0:0|3:3:0|0:0:0|3:3:0|3:3:0|4:0:3|4:0:3|4:0:3|4:0:3|0:0:0|3:3:0|3:3:0|3:3:0|0:0:0|4:0:3|4:0:3|0:0:0|4:0:3|1:1:0|2:0:1|1:1:0|4:0:3|0:0:0|0:0:0|0:0:0|2:0:2|0:0:0|0:0:0|0:0:0|0:0:0|0:0:0|0:0:0|0:0:0|4:0:3"
"7x7-p84","7x7-p84-uct-1000","1000","1","45","0.803571","1","1","O00","LL","66","66","67","66","0","0","1","0","0","1","0","1","0","0:0:0|1:1:0|0:0:0|0:0:0|0:0:0|0:0:0|0:0:0|0:0:0|3:3:0|3:3:0|3:3:0|0:0:0|3:3:0|4:0:3|0:0:0|0:0:0|3:3:0|0:0:0|3:3:0|3:3:0|4:0:3|4:0:3|4:0:3|4:0:3|0:0:0|3:3:0|3:3:0|3:3:0|0:0:0|4:0:3|4:0:3|0:0:0|4:0:3|1:1:0|2:0:1|1:1:0|4:0:3|0:0:0|0:0:0|0:0:0|2:0:2|0:0:0|0:0:0|0:0:0|0:0:0|0:0:0|0:0:0|0:0:0|4:0:3","0:1:0|1:1:0|0:0:0|0:0:0|0:0:0|0:0:0|0:0:0|0:0:0|3:3:0|3:3:0|3:3:0|0:0:0|3:3:0|4:0:3|0:0:0|0:0:0|3:3:0|0:0:0|3:3:0|3:3:0|4:0:3|4:0:3|4:0:3|4:0:3|0:0:0|3:3:0|3:3:0|3:3:0|0:0:0|4:0:3|4:0:3|0:0:0|4:0:3|1:1:0|2:0:1|1:1:0|4:0:3|0:0:0|0:0:0|0:0:0|2:0:2|0:0:0|0:0:0|0:0:0|0:0:0|0:0:0|0:0:0|0:0:0|4:0:3","1:1:0|1:1:0|0:0:0|0:0:0|0:0:0|0:0:0|0:0:0|0:0:0|3:3:0|3:3:0|3:3:0|1:1:0|3:3:0|4:0:3|0:0:0|0:0:0|3:3:0|0:0:0|3:3:0|3:3:0|4:0:3|4:0:3|4:0:3|4:0:3|0:0:0|3:3:0|3:3:0|3:3:0|0:0:0|4:0:3|4:0:3|0:0:0|4:0:3|1:1:0|2:0:1|1:1:0|4:0:3|0:0:0|0:0:0|0:0:0|2:0:2|0:0:0|0:0:0|0:0:0|0:0:0|0:0:0|0:0:0|0:0:0|4:0:3"
"7x7-p84","7x7-p84-uct-1000","1000","1","45","0.803571","2","1","O14","LM","67","66","68","66","0","0","1","0","0","1","0","1","0","0:1:0|1:1:0|0:0:0|0:0:0|0:0:0|0:0:0|0:0:0|0:0:0|3:3:0|3:3:0|3:3:0|0:0:0|3:3:0|4:0:3|0:0:0|0:0:0|3:3:0|0:0:0|3:3:0|3:3:0|4:0:3|4:0:3|4:0:3|4:0:3|0:0:0|3:3:0|3:3:0|3:3:0|0:0:0|4:0:3|4:0:3|0:0:0|4:0:3|1:1:0|2:0:1|1:1:0|4:0:3|0:0:0|0:0:0|0:0:0|2:0:2|0:0:0|0:0:0|0:0:0|0:0:0|0:0:0|0:0:0|0:0:0|4:0:3","0:1:0|1:1:0|0:0:0|0:0:0|0:0:0|0:0:0|0:0:0|0:0:0|3:3:0|3:3:0|3:3:0|0:1:0|3:3:0|4:0:3|0:0:0|0:0:0|3:3:0|0:0:0|3:3:0|3:3:0|4:0:3|4:0:3|4:0:3|4:0:3|0:0:0|3:3:0|3:3:0|3:3:0|0:0:0|4:0:3|4:0:3|0:0:0|4:0:3|1:1:0|2:0:1|1:1:0|4:0:3|0:0:0|0:0:0|0:0:0|2:0:2|0:0:0|0:0:0|0:0:0|0:0:0|0:0:0|0:0:0|0:0:0|4:0:3","1:1:0|1:1:0|0:0:0|0:0:0|0:0:0|0:0:0|0:0:0|0:0:0|3:3:0|3:3:0|3:3:0|1:1:0|3:3:0|4:0:3|0:0:0|0:0:0|3:3:0|0:0:0|3:3:0|3:3:0|4:0:3|4:0:3|4:0:3|4:0:3|0:0:0|3:3:0|3:3:0|3:3:0|0:0:0|4:0:3|4:0:3|0:0:0|4:0:3|1:1:0|2:0:1|1:1:0|4:0:3|0:0:0|0:0:0|0:0:0|2:0:2|0:0:0|0:0:0|0:0:0|0:0:0|0:0:0|0:0:0|0:0:0|4:0:3"
"7x7-p84","7x7-p84-uct-1000","1000","1","46","0.821429","1","2","O55","HH","69","66","69","67","2","2","4","0","2","0","3","0","3","1:1:0|1:1:0|0:0:0|0:0:0|0:0:0|0:0:0|0:0:0|0:0:0|3:3:0|3:3:0|3:3:0|1:1:0|3:3:0|4:0:3|0:0:0|0:0:0|3:3:0|0:0:0|3:3:0|3:3:0|4:0:3|4:0:3|4:0:3|4:0:3|0:0:0|3:3:0|3:3:0|3:3:0|0:0:0|4:0:3|4:0:3|0:0:0|4:0:3|1:1:0|2:0:1|1:1:0|4:0:3|0:0:0|0:0:0|0:0:0|2:0:2|0:0:0|0:0:0|0:0:0|0:0:0|0:0:0|0:0:0|0:0:0|4:0:3","1:1:0|1:1:0|0:0:0|0:0:0|0:0:0|0:0:0|0:0:0|0:0:0|3:3:0|3:3:0|3:3:0|1:1:0|3:3:0|4:0:3|0:0:0|0:0:0|3:3:0|0:0:0|3:3:0|3:3:0|4:0:3|4:0:3|4:0:3|4:0:3|0:0:0|3:3:0|3:3:0|3:3:0|0:0:0|4:0:3|4:0:3|0:0:0|4:0:3|1:1:0|2:0:1|1:1:0|4:0:3|0:0:0|0:0:0|0:0:0|2:0:3|0:0:0|0:0:0|0:0:0|0:0:0|0:0:0|0:0:0|0:0:0|4:0:3","1:1:0|1:1:0|0:0:0|0:0:0|0:0:0|0:0:0|0:0:0|0:0:0|3:3:0|3:3:0|3:3:0|1:1:0|3:3:0|4:0:3|0:0:0|0:0:0|3:3:0|2:0:1|3:3:0|3:3:0|4:0:3|4:0:3|4:0:3|4:0:3|0:0:0|3:3:0|3:3:0|3:3:0|0:0:0|4:0:3|4:0:3|0:0:0|4:0:3|1:1:0|2:0:1|1:1:0|4:0:3|0:0:0|0:0:0|0:0:0|4:0:3|0:0:0|0:0:0|0:0:0|0:0:0|0:0:0|0:0:0|0:0:0|4:0:3"
"7x7-p84","7x7-p84-uct-1000","1000","1","46","0.821429","2","2","O23","MM","69","67","69","68","0","0","2","0","0","0","1","0","1","1:1:0|1:1:0|0:0:0|0:0:0|0:0:0|0:0:0|0:0:0|0:0:0|3:3:0|3:3:0|3:3:0|1:1:0|3:3:0|4:0:3|0:0:0|0:0:0|3:3:0|0:0:0|3:3:0|3:3:0|4:0:3|4:0:3|4:0:3|4:0:3|0:0:0|3:3:0|3:3:0|3:3:0|0:0:0|4:0:3|4:0:3|0:0:0|4:0:3|1:1:0|2:0:1|1:1:0|4:0:3|0:0:0|0:0:0|0:0:0|2:0:3|0:0:0|0:0:0|0:0:0|0:0:0|0:0:0|0:0:0|0:0:0|4:0:3","1:1:0|1:1:0|0:0:0|0:0:0|0:0:0|0:0:0|0:0:0|0:0:0|3:3:0|3:3:0|3:3:0|1:1:0|3:3:0|4:0:3|0:0:0|0:0:0|3:3:0|0:0:1|3:3:0|3:3:0|4:0:3|4:0:3|4:0:3|4:0:3|0:0:0|3:3:0|3:3:0|3:3:0|0:0:0|4:0:3|4:0:3|0:0:0|4:0:3|1:1:0|2:0:1|1:1:0|4:0:3|0:0:0|0:0:0|0:0:0|2:0:3|0:0:0|0:0:0|0:0:0|0:0:0|0:0:0|0:0:0|0:0:0|4:0:3","1:1:0|1:1:0|0:0:0|0:0:0|0:0:0|0:0:0|0:0:0|0:0:0|3:3:0|3:3:0|3:3:0|1:1:0|3:3:0|4:0:3|0:0:0|0:0:0|3:3:0|2:0:1|3:3:0|3:3:0|4:0:3|4:0:3|4:0:3|4:0:3|0:0:0|3:3:0|3:3:0|3:3:0|0:0:0|4:0:3|4:0:3|0:0:0|4:0:3|1:1:0|2:0:1|1:1:0|4:0:3|0:0:0|0:0:0|0:0:0|4:0:3|0:0:0|0:0:0|0:0:0|0:0:0|0:0:0|0:0:0|0:0:0|4:0:3"
"7x7-p84","7x7-p84-uct-1000","1000","1","47","0.839286","1","1","O21","ML","69","69","70","69","0","0","1","0","0","1","0","1","0","1:1:0|1:1:0|0:0:0|0:0:0|0:0:0|0:0:0|0:0:0|0:0:0|3:3:0|3:3:0|3:3:0|1:1:0|3:3:0|4:0:3|0:0:0|0:0:0|3:3:0|2:0:1|3:3:0|3:3:0|4:0:3|4:0:3|4:0:3|4:0:3|0:0:0|3:3:0|3:3:0|3:3:0|0:0:0|4:0:3|4:0:3|0:0:0|4:0:3|1:1:0|2:0:1|1:1:0|4:0:3|0:0:0|0:0:0|0:0:0|4:0:3|0:0:0|0:0:0|0:0:0|0:0:0|0:0:0|0:0:0|0:0:0|4:0:3","1:1:0|1:1:0|0:0:0|0:0:0|0:0:0|0:0:0|0:0:0|0:0:0|3:3:0|3:3:0|3:3:0|1:1:0|3:3:0|4:0:3|0:0:0|0:1:0|3:3:0|2:0:1|3:3:0|3:3:0|4:0:3|4:0:3|4:0:3|4:0:3|0:0:0|3:3:0|3:3:0|3:3:0|0:0:0|4:0:3|4:0:3|0:0:0|4:0:3|1:1:0|2:0:1|1:1:0|4:0:3|0:0:0|0:0:0|0:0:0|4:0:3|0:0:0|0:0:0|0:0:0|0:0:0|0:0:0|0:0:0|0:0:0|4:0:3","1:1:0|1:1:0|0:0:0|0:0:0|0:0:0|0:0:0|0:0:0|0:0:0|3:3:0|3:3:0|3:3:0|1:1:0|3:3:0|4:0:3|0:0:0|1:1:0|3:3:0|2:0:1|3:3:0|3:3:0|4:0:3|4:0:3|4:0:3|4:0:3|0:0:0|3:3:0|3:3:0|3:3:0|0:0:0|4:0:3|4:0:3|0:0:0|4:0:3|3:3:0|2:0:1|1:1:0|4:0:3|0:0:0|0:0:0|0:0:0|4:0:3|0:0:0|0:0:0|0:0:0|0:0:0|0:0:0|0:0:0|0:0:0|4:0:3"
"7x7-p84","7x7-p84-uct-1000","1000","1","47","0.839286","2","1","O45","MH","70","69","71","69","1","1","3","1","0","2","0","3","0","1:1:0|1:1:0|0:0:0|0:0:0|0:0:0|0:0:0|0:0:0|0:0:0|3:3:0|3:3:0|3:3:0|1:1:0|3:3:0|4:0:3|0:0:0|0:1:0|3:3:0|2:0:1|3:3:0|3:3:0|4:0:3|4:0:3|4:0:3|4:0:3|0:0:0|3:3:0|3:3:0|3:3:0|0:0:0|4:0:3|4:0:3|0:0:0|4:0:3|1:1:0|2:0:1|1:1:0|4:0:3|0:0:0|0:0:0|0:0:0|4:0:3|0:0:0|0:0:0|0:0:0|0:0:0|0:0:0|0:0:0|0:0:0|4:0:3","1:1:0|1:1:0|0:0:0|0:0:0|0:0:0|0:0:0|0:0:0|0:0:0|3:3:0|3:3:0|3:3:0|1:1:0|3:3:0|4:0:3|0:0:0|0:1:0|3:3:0|2:0:1|3:3:0|3:3:0|4:0:3|4:0:3|4:0:3|4:0:3|0:0:0|3:3:0|3:3:0|3:3:0|0:0:0|4:0:3|4:0:3|0:0:0|4:0:3|1:2:0|2:0:1|1:1:0|4:0:3|0:0:0|0:0:0|0:0:0|4:0:3|0:0:0|0:0:0|0:0:0|0:0:0|0:0:0|0:0:0|0:0:0|4:0:3","1:1:0|1:1:0|0:0:0|0:0:0|0:0:0|0:0:0|0:0:0|0:0:0|3:3:0|3:3:0|3:3:0|1:1:0|3:3:0|4:0:3|0:0:0|1:1:0|3:3:0|2:0:1|3:3:0|3:3:0|4:0:3|4:0:3|4:0:3|4:0:3|0:0:0|3:3:0|3:3:0|3:3:0|0:0:0|4:0:3|4:0:3|0:0:0|4:0:3|3:3:0|2:0:1|1:1:0|4:0:3|0:0:0|0:0:0|0:0:0|4:0:3|0:0:0|0:0:0|0:0:0|0:0:0|0:0:0|0:0:0|0:0:0|4:0:3"
"7x7-p84","7x7-p84-uct-1000","1000","1","47","0.839286","3","1","O45","MH","71","69","72","69","1","3","3","2","0","3","0","3","0","1:1:0|1:1:0|0:0:0|0:0:0|0:0:0|0:0:0|0:0:0|0:0:0|3:3:0|3:3:0|3:3:0|1:1:0|3:3:0|4:0:3|0:0:0|0:1:0|3:3:0|2:0:1|3:3:0|3:3:0|4:0:3|4:0:3|4:0:3|4:0:3|0:0:0|3:3:0|3:3:0|3:3:0|0:0:0|4:0:3|4:0:3|0:0:0|4:0:3|1:2:0|2:0:1|1:1:0|4:0:3|0:0:0|0:0:0|0:0:0|4:0:3|0:0:0|0:0:0|0:0:0|0:0:0|0:0:0|0:0:0|0:0:0|4:0:3","1:1:0|1:1:0|0:0:0|0:0:0|0:0:0|0:0:0|0:0:0|0:0:0|3:3:0|3:3:0|3:3:0|1:1:0|3:3:0|4:0:3|0:0:0|1:1:0|3:3:0|2:0:1|3:3:0|3:3:0|4:0:3|4:0:3|4:0:3|4:0:3|0:0:0|3:3:0|3:3:0|3:3:0|0:0:0|4:0:3|4:0:3|0:0:0|4:0:3|3:3:0|2:0:1|1:1:0|4:0:3|0:0:0|0:0:0|0:0:0|4:0:3|0:0:0|0:0:0|0:0:0|0:0:0|0:0:0|0:0:0|0:0:0|4:0:3","1:1:0|1:1:0|0:0:0|0:0:0|0:0:0|0:0:0|0:0:0|0:0:0|3:3:0|3:3:0|3:3:0|1:1:0|3:3:0|4:0:3|0:0:0|1:1:0|3:3:0|2:0:1|3:3:0|3:3:0|4:0:3|4:0:3|4:0:3|4:0:3|0:0:0|3:3:0|3:3:0|3:3:0|0:0:0|4:0:3|4:0:3|0:0:0|4:0:3|3:3:0|2:0:1|1:1:0|4:0:3|0:0:0|0:0:0|0:0:0|4:0:3|0:0:0|0:0:0|0:0:0|0:0:0|0:0:0|0:0:0|0:0:0|4:0:3"
"7x7-p84","7x7-p84-uct-1000","1000","1","48","0.857143","1","2","O01","LL","72","69","72","70","1","1","0","1","0","1","1","1","1","1:1:0|1:1:0|0:0:0|0:0:0|0:0:0|0:0:0|0:0:0|0:0:0|3:3:0|3:3:0|3:3:0|1:1:0|3:3:0|4:0:3|0:0:0|1:1:0|3:3:0|2:0:1|3:3:0|3:3:0|4:0:3|4:0:3|4:0:3|4:0:3|0:0:0|3:3:0|3:3:0|3:3:0|0:0:0|4:0:3|4:0:3|0:0:0|4:0:3|3:3:0|2:0:1|1:1:0|4:0:3|0:0:0|0:0:0|0:0:0|4:0:3|0:0:0|0:0:0|0:0:0|0:0:0|0:0:0|0:0:0|0:0:0|4:0:3","1:1:0|1:1:1|0:0:0|0:0:0|0:0:0|0:0:0|0:0:0|0:0:0|3:3:0|3:3:0|3:3:0|1:1:0|3:3:0|4:0:3|0:0:0|1:1:0|3:3:0|2:0:1|3:3:0|3:3:0|4:0:3|4:0:3|4:0:3|4:0:3|0:0:0|3:3:0|3:3:0|3:3:0|0:0:0|4:0:3|4:0:3|0:0:0|4:0:3|3:3:0|2:0:1|1:1:0|4:0:3|0:0:0|0:0:0|0:0:0|4:0:3|0:0:0|0:0:0|0:0:0|0:0:0|0:0:0|0:0:0|0:0:0|4:0:3","1:1:0|0:1:1|0:0:0|0:0:0|0:0:0|0:0:0|0:0:0|0:0:0|3:3:0|3:3:0|3:3:0|1:1:0|3:3:0|4:0:3|0:0:0|1:1:0|3:3:0|2:0:1|3:3:0|3:3:0|4:0:3|4:0:3|4:0:3|4:0:3|0:0:0|3:3:0|3:3:0|3:3:0|0:0:0|4:0:3|4:0:3|0:0:0|4:0:3|3:3:0|2:0:1|1:1:0|4:0:3|0:0:0|0:0:0|0:0:0|4:0:3|2:0:1|0:0:0|0:0:0|2:0:1|0:0:0|0:0:0|0:0:0|4:0:3"
"7x7-p84","7x7-p84-uct-1000","1000","1","48","0.857143","2","2","O62","HM","72","70","72","71","0","0","2","0","0","0","1","0","1","1:1:0|1:1:1|0:0:0|0:0:0|0:0:0|0:0:0|0:0:0|0:0:0|3:3:0|3:3:0|3:3:0|1:1:0|3:3:0|4:0:3|0:0:0|1:1:0|3:3:0|2:0:1|3:3:0|3:3:0|4:0:3|4:0:3|4:0:3|4:0:3|0:0:0|3:3:0|3:3:0|3:3:0|0:0:0|4:0:3|4:0:3|0:0:0|4:0:3|3:3:0|2:0:1|1:1:0|4:0:3|0:0:0|0:0:0|0:0:0|4:0:3|0:0:0|0:0:0|0:0:0|0:0:0|0:0:0|0:0:0|0:0:0|4:0:3","1:1:0|1:1:1|0:0:0|0:0:0|0:0:0|0:0:0|0:0:0|0:0:0|3:3:0|3:3:0|3:3:0|1:1:0|3:3:0|4:0:3|0:0:0|1:1:0|3:3:0|2:0:1|3:3:0|3:3:0|4:0:3|4:0:3|4:0:3|4:0:3|0:0:0|3:3:0|3:3:0|3:3:0|0:0:0|4:0:3|4:0:3|0:0:0|4:0:3|3:3:0|2:0:1|1:1:0|4:0:3|0:0:0|0:0:0|0:0:0|4:0:3|0:0:0|0:0:0|0:0:0|0:0:1|0:0:0|0:0:0|0:0:0|4:0:3","1:1:0|0:1:1|0:0:0|0:0:0|0:0:0|0:0:0|0:0:0|0:0:0|3:3:0|3:3:0|3:3:0|1:1:0|3:3:0|4:0:3|0:0:0|1:1:0|3:3:0|2:0:1|3:3:0|3:3:0|4:0:3|4:0:3|4:0:3|4:0:3|0:0:0|3:3:0|3:3:0|3:3:0|0:0:0|4:0:3|4:0:3|0:0:0|4:0:3|3:3:0|2:0:1|1:1:0|4:0:3|0:0:0|0:0:0|0:0:0|4:0:3|2:0:1|0:0:0|0:0:0|2:0:1|0:0:0|0:0:0|0:0:0|4:0:3"
"7x7-p84","7x7-p84-uct-1000","1000","1","48","0.857143","3","2","O56","HH","72","71","72","72","0","2","2","0","0","0","1","0","1","1:1:0|1:1:1|0:0:0|0:0:0|0:0:0|0:0:0|0:0:0|0:0:0|3:3:0|3:3:0|3:3:0|1:1:0|3:3:0|4:0:3|0:0:0|1:1:0|3:3:0|2:0:1|3:3:0|3:3:0|4:0:3|4:0:3|4:0:3|4:0:3|0:0:0|3:3:0|3:3:0|3:3:0|0:0:0|4:0:3|4:0:3|0:0:0|4:0:3|3:3:0|2:0:1|1:1:0|4:0:3|0:0:0|0:0:0|0:0:0|4:0:3|0:0:0|0:0:0|0:0:0|0:0:1|0:0:0|0:0:0|0:0:0|4:0:3","1:1:0|0:1:1|0:0:0|0:0:0|0:0:0|0:0:0|0:0:0|0:0:0|3:3:0|3:3:0|3:3:0|1:1:0|3:3:0|4:0:3|0:0:0|1:1:0|3:3:0|2:0:1|3:3:0|3:3:0|4:0:3|4:0:3|4:0:3|4:0:3|0:0:0|3:3:0|3:3:0|3:3:0|0:0:0|4:0:3|4:0:3|0:0:0|4:0:3|3:3:0|2:0:1|1:1:0|4:0:3|0:0:0|0:0:0|0:0:0|4:0:3|2:0:1|0:0:0|0:0:0|2:0:1|0:0:0|0:0:0|0:0:0|4:0:3","1:1:0|0:1:1|0:0:0|0:0:0|0:0:0|0:0:0|0:0:0|0:0:0|3:3:0|3:3:0|3:3:0|1:1:0|3:3:0|4:0:3|0:0:0|1:1:0|3:3:0|2:0:1|3:3:0|3:3:0|4:0:3|4:0:3|4:0:3|4:0:3|0:0:0|3:3:0|3:3:0|3:3:0|0:0:0|4:0:3|4:0:3|0:0:0|4:0:3|3:3:0|2:0:1|1:1:0|4:0:3|0:0:0|0:0:0|0:0:0|4:0:3|2:0:1|0:0:0|0:0:0|2:0:1|0:0:0|0:0:0|0:0:0|4:0:3"
"7x7-p84","7x7-p84-uct-1000","1000","1","49","0.875000","1","1","O54","HM","72","72","73","72","0","0","1","0","0","1","0","1","0","1:1:0|0:1:1|0:0:0|0:0:0|0:0:0|0:0:0|0:0:0|0:0:0|3:3:0|3:3:0|3:3:0|1:1:0|3:3:0|4:0:3|0:0:0|1:1:0|3:3:0|2:0:1|3:3:0|3:3:0|4:0:3|4:0:3|4:0:3|4:0:3|0:0:0|3:3:0|3:3:0|3:3:0|0:0:0|4:0:3|4:0:3|0:0:0|4:0:3|3:3:0|2:0:1|1:1:0|4:0:3|0:0:0|0:0:0|0:0:0|4:0:3|2:0:1|0:0:0|0:0:0|2:0:1|0:0:0|0:0:0|0:0:0|4:0:3","1:1:0|0:1:1|0:0:0|0:0:0|0:0:0|0:0:0|0:0:0|0:0:0|3:3:0|3:3:0|3:3:0|1:1:0|3:3:0|4:0:3|0:0:0|1:1:0|3:3:0|2:0:1|3:3:0|3:3:0|4:0:3|4:0:3|4:0:3|4:0:3|0:0:0|3:3:0|3:3:0|3:3:0|0:0:0|4:0:3|4:0:3|0:0:0|4:0:3|3:3:0|2:0:1|1:1:0|4:0:3|0:0:0|0:0:0|0:1:0|4:0:3|2:0:1|0:0:0|0:0:0|2:0:1|0:0:0|0:0:0|0:0:0|4:0:3","1:1:0|0:1:1|0:0:0|0:0:0|0:0:0|0:0:0|0:0:0|0:0:0|3:3:0|3:3:0|3:3:0|1:1:0|3:3:0|4:0:3|0:0:0|1:1:0|3:3:0|2:0:1|3:3:0|3:3:0|4:0:3|4:0:3|4:0:3|4:0:3|1:1:0|3:3:0|3:3:0|3:3:0|0:0:0|4:0:3|4:0:3|0:0:0|4:0:3|3:3:0|2:0:1|1:1:0|4:0:3|0:0:0|0:0:0|1:1:0|4:0:3|0:1:1|0:0:0|0:0:0|2:0:1|0:0:0|0:0:0|0:0:0|4:0:3"
"7x7-p84","7x7-p84-uct-1000","1000","1","49","0.875000","2","1","O33","MM","73","72","74","72","0","0","1","0","0","1","0","1","0","1:1:0|0:1:1|0:0:0|0:0:0|0:0:0|0:0:0|0:0:0|0:0:0|3:3:0|3:3:0|3:3:0|1:1:0|3:3:0|4:0:3|0:0:0|1:1:0|3:3:0|2:0:1|3:3:0|3:3:0|4:0:3|4:0:3|4:0:3|4:0:3|0:0:0|3:3:0|3:3:0|3:3:0|0:0:0|4:0:3|4:0:3|0:0:0|4:0:3|3:3:0|2:0:1|1:1:0|4:0:3|0:0:0|0:0:0|0:1:0|4:0:3|2:0:1|0:0:0|0:0:0|2:0:1|0:0:0|0:0:0|0:0:0|4:0:3","1:1:0|0:1:1|0:0:0|0:0:0|0:0:0|0:0:0|0:0:0|0:0:0|3:3:0|3:3:0|3:3:0|1:1:0|3:3:0|4:0:3|0:0:0|1:1:0|3:3:0|2:0:1|3:3:0|3:3:0|4:0:3|4:0:3|4:0:3|4:0:3|0:1:0|3:3:0|3:3:0|3:3:0|0:0:0|4:0:3|4:0:3|0:0:0|4:0:3|3:3:0|2:0:1|1:1:0|4:0:3|0:0:0|0:0:0|0:1:0|4:0:3|2:0:1|0:0:0|0:0:0|2:0:1|0:0:0|0:0:0|0:0:0|4:0:3","1:1:0|0:1:1|0:0:0|0:0:0|0:0:0|0:0:0|0:0:0|0:0:0|3:3:0|3:3:0|3:3:0|1:1:0|3:3:0|4:0:3|0:0:0|1:1:0|3:3:0|2:0:1|3:3:0|3:3:0|4:0:3|4:0:3|4:0:3|4:0:3|1:1:0|3:3:0|3:3:0|3:3:0|0:0:0|4:0:3|4:0:3|0:0:0|4:0:3|3:3:0|2:0:1|1:1:0|4:0:3|0:0:0|0:0:0|1:1:0|4:0:3|0:1:1|0:0:0|0:0:0|2:0:1|0:0:0|0:0:0|0:0:0|4:0:3"
"7x7-p84","7x7-p84-uct-1000","1000","1","49","0.875000","3","1","O56","HH","74","72","75","72","2","0","0","0","1","1","1","1","1","1:1:0|0:1:1|0:0:0|0:0:0|0:0:0|0:0:0|0:0:0|0:0:0|3:3:0|3:3:0|3:3:0|1:1:0|3:3:0|4:0:3|0:0:0|1:1:0|3:3:0|2:0:1|3:3:0|3:3:0|4:0:3|4:0:3|4:0:3|4:0:3|0:1:0|3:3:0|3:3:0|3:3:0|0:0:0|4:0:3|4:0:3|0:0:0|4:0:3|3:3:0|2:0:1|1:1:0|4:0:3|0:0:0|0:0:0|0:1:0|4:0:3|2:0:1|0:0:0|0:0:0|2:0:1|0:0:0|0:0:0|0:0:0|4:0:3","1:1:0|0:1:1|0:0:0|0:0:0|0:0:0|0:0:0|0:0:0|0:0:0|3:3:0|3:3:0|3:3:0|1:1:0|3:3:0|4:0:3|0:0:0|1:1:0|3:3:0|2:0:1|3:3:0|3:3:0|4:0:3|4:0:3|4:0:3|4:0:3|1:1:0|3:3:0|3:3:0|3:3:0|0:0:0|4:0:3|4:0:3|0:0:0|4:0:3|3:3:0|2:0:1|1:1:0|4:0:3|0:0:0|0:0:0|1:1:0|4:0:3|0:1:1|0:0:0|0:0:0|2:0:1|0:0:0|0:0:0|0:0:0|4:0:3","1:1:0|0:1:1|0:0:0|0:0:0|0:0:0|0:0:0|0:0:0|0:0:0|3:3:0|3:3:0|3:3:0|1:1:0|3:3:0|4:0:3|0:0:0|1:1:0|3:3:0|2:0:1|3:3:0|3:3:0|4:0:3|4:0:3|4:0:3|4:0:3|1:1:0|3:3:0|3:3:0|3:3:0|0:0:0|4:0:3|4:0:3|0:0:0|4:0:3|3:3:0|2:0:1|1:1:0|4:0:3|0:0:0|0:0:0|1:1:0|4:0:3|0:1:1|0:0:0|0:0:0|2:0:1|0:0:0|0:0:0|0:0:0|4:0:3"
"7x7-p84","7x7-p84-uct-1000","1000","1","50","0.892857","1","2","O10","LL","75","72","75","73","0","0","2","0","0","0","1","0","1","1:1:0|0:1:1|0:0:0|0:0:0|0:0:0|0:0:0|0:0:0|0:0:0|3:3:0|3:3:0|3:3:0|1:1:0|3:3:0|4:0:3|0:0:0|1:1:0|3:3:0|2:0:1|3:3:0|3:3:0|4:0:3|4:0:3|4:0:3|4:0:3|1:1:0|3:3:0|3:3:0|3:3:0|0:0:0|4:0:3|4:0:3|0:0:0|4:0:3|3:3:0|2:0:1|1:1:0|4:0:3|0:0:0|0:0:0|1:1:0|4:0:3|0:1:1|0:0:0|0:0:0|2:0:1|0:0:0|0:0:0|0:0:0|4:0:3","1:1:0|0:1:1|0:0:0|0:0:0|0:0:0|0:0:0|0:0:0|0:0:1|3:3:0|3:3:0|3:3:0|1:1:0|3:3:0|4:0:3|0:0:0|1:1:0|3:3:0|2:0:1|3:3:0|3:3:0|4:0:3|4:0:3|4:0:3|4:0:3|1:1:0|3:3:0|3:3:0|3:3:0|0:0:0|4:0:3|4:0:3|0:0:0|4:0:3|3:3:0|2:0:1|1:1:0|4:0:3|0:0:0|0:0:0|1:1:0|4:0:3|0:1:1|0:0:0|0:0:0|2:0:1|0:0:0|0:0:0|0:0:0|4:0:3","1:1:0|0:1:1|0:0:0|0:0:0|0:0:0|0:0:0|0:0:0|2:0:1|3:3:0|3:3:0|3:3:0|1:1:0|3:3:0|4:0:3|0:0:0|1:1:0|3:3:0|2:0:1|3:3:0|3:3:0|4:0:3|4:0:3|4:0:3|4:0:3|1:1:0|3:3:0|3:3:0|3:3:0|0:0:0|4:0:3|4:0:3|0:0:0|4:0:3|3:3:0|2:0:1|1:1:0|4:0:3|0:0:0|0:0:0|1:1:0|4:0:3|4:1:3|0:0:0|0:0:0|2:0:1|0:0:0|0:0:0|0:0:0|4:0:3"
"7x7-p84","7x7-p84-uct-1000","1000","1","50","0.892857","2","2","O56","HH","75","73","75","74","0","0","4","1","1","1","2","1","3","1:1:0|0:1:1|0:0:0|0:0:0|0:0:0|0:0:0|0:0:0|0:0:1|3:3:0|3:3:0|3:3:0|1:1:0|3:3:0|4:0:3|0:0:0|1:1:0|3:3:0|2:0:1|3:3:0|3:3:0|4:0:3|4:0:3|4:0:3|4:0:3|1:1:0|3:3:0|3:3:0|3:3:0|0:0:0|4:0:3|4:0:3|0:0:0|4:0:3|3:3:0|2:0:1|1:1:0|4:0:3|0:0:0|0:0:0|1:1:0|4:0:3|0:1:1|0:0:0|0:0:0|2:0:1|0:0:0|0:0:0|0:0:0|4:0:3","1:1:0|0:1:1|0:0:0|0:0:0|0:0:0|0:0:0|0:0:0|0:0:1|3:3:0|3:3:0|3:3:0|1:1:0|3:3:0|4:0:3|0:0:0|1:1:0|3:3:0|2:0:1|3:3:0|3:3:0|4:0:3|4:0:3|4:0:3|4:0:3|1:1:0|3:3:0|3:3:0|3:3:0|0:0:0|4:0:3|4:0:3|0:0:0|4:0:3|3:3:0|2:0:1|1:1:0|4:0:3|0:0:0|0:0:0|1:1:0|4:0:3|0:1:2|0:0:0|0:0:0|2:0:1|0:0:0|0:0:0|0:0:0|4:0:3","1:1:0|0:1:1|0:0:0|0:0:0|0:0:0|0:0:0|0:0:0|2:0:1|3:3:0|3:3:0|3:3:0|1:1:0|3:3:0|4:0:3|0:0:0|1:1:0|3:3:0|2:0:1|3:3:0|3:3:0|4:0:3|4:0:3|4:0:3|4:0:3|1:1:0|3:3:0|3:3:0|3:3:0|0:0:0|4:0:3|4:0:3|0:0:0|4:0:3|3:3:0|2:0:1|1:1:0|4:0:3|0:0:0|0:0:0|1:1:0|4:0:3|4:1:3|0:0:0|0:0:0|2:0:1|0:0:0|0:0:0|0:0:0|4:0:3"
"7x7-p84","7x7-p84-uct-1000","1000","1","50","0.892857","3","2","O56","HH","75","74","75","75","0","4","4","1","2","1","3","1","3","1:1:0|0:1:1|0:0:0|0:0:0|0:0:0|0:0:0|0:0:0|0:0:1|3:3:0|3:3:0|3:3:0|1:1:0|3:3:0|4:0:3|0:0:0|1:1:0|3:3:0|2:0:1|3:3:0|3:3:0|4:0:3|4:0:3|4:0:3|4:0:3|1:1:0|3:3:0|3:3:0|3:3:0|0:0:0|4:0:3|4:0:3|0:0:0|4:0:3|3:3:0|2:0:1|1:1:0|4:0:3|0:0:0|0:0:0|1:1:0|4:0:3|0:1:2|0:0:0|0:0:0|2:0:1|0:0:0|0:0:0|0:0:0|4:0:3","1:1:0|0:1:1|0:0:0|0:0:0|0:0:0|0:0:0|0:0:0|2:0:1|3:3:0|3:3:0|3:3:0|1:1:0|3:3:0|4:0:3|0:0:0|1:1:0|3:3:0|2:0:1|3:3:0|3:3:0|4:0:3|4:0:3|4:0:3|4:0:3|1:1:0|3:3:0|3:3:0|3:3:0|0:0:0|4:0:3|4:0:3|0:0:0|4:0:3|3:3:0|2:0:1|1:1:0|4:0:3|0:0:0|0:0:0|1:1:0|4:0:3|4:1:3|0:0:0|0:0:0|2:0:1|0:0:0|0:0:0|0:0:0|4:0:3","1:1:0|0:1:1|0:0:0|0:0:0|0:0:0|0:0:0|0:0:0|2:0:1|3:3:0|3:3:0|3:3:0|1:1:0|3:3:0|4:0:3|0:0:0|1:1:0|3:3:0|2:0:1|3:3:0|3:3:0|4:0:3|4:0:3|4:0:3|4:0:3|1:1:0|3:3:0|3:3:0|3:3:0|0:0:0|4:0:3|4:0:3|0:0:0|4:0:3|3:3:0|2:0:1|1:1:0|4:0:3|0:0:0|0:0:0|1:1:0|4:0:3|4:1:3|0:0:0|0:0:0|2:0:1|0:0:0|0:0:0|0:0:0|4:0:3"
"7x7-p84","7x7-p84-uct-1000","1000","1","51","0.910714","1","1","O00","LL","75","75","76","75","1","1","3","1","0","2","0","3","0","1:1:0|0:1:1|0:0:0|0:0:0|0:0:0|0:0:0|0:0:0|2:0:1|3:3:0|3:3:0|3:3:0|1:1:0|3:3:0|4:0:3|0:0:0|1:1:0|3:3:0|2:0:1|3:3:0|3:3:0|4:0:3|4:0:3|4:0:3|4:0:3|1:1:0|3:3:0|3:3:0|3:3:0|0:0:0|4:0:3|4:0:3|0:0:0|4:0:3|3:3:0|2:0:1|1:1:0|4:0:3|0:0:0|0:0:0|1:1:0|4:0:3|4:1:3|0:0:0|0:0:0|2:0:1|0:0:0|0:0:0|0:0:0|4:0:3","1:2:0|0:1:1|0:0:0|0:0:0|0:0:0|0:0:0|0:0:0|2:0:1|3:3:0|3:3:0|3:3:0|1:1:0|3:3:0|4:0:3|0:0:0|1:1:0|3:3:0|2:0:1|3:3:0|3:3:0|4:0:3|4:0:3|4:0:3|4:0:3|1:1:0|3:3:0|3:3:0|3:3:0|0:0:0|4:0:3|4:0:3|0:0:0|4:0:3|3:3:0|2:0:1|1:1:0|4:0:3|0:0:0|0:0:0|1:1:0|4:0:3|4:1:3|0:0:0|0:0:0|2:0:1|0:0:0|0:0:0|0:0:0|4:0:3","3:3:0|0:1:1|0:0:0|0:0:0|0:0:0|0:0:0|0:0:0|2:0:1|3:3:0|3:3:0|3:3:0|1:1:0|3:3:0|4:0:3|0:0:0|1:1:0|3:3:0|0:1:1|3:3:0|3:3:0|4:0:3|4:0:3|4:0:3|4:0:3|1:1:0|3:3:0|3:3:0|3:3:0|0:0:0|4:0:3|4:0:3|0:0:0|4:0:3|3:3:0|2:0:1|1:1:0|4:0:3|0:0:0|0:0:0|1:1:0|4:0:3|4:1:3|0:0:0|0:0:0|2:0:1|0:0:0|0:0:0|0:0:0|4:0:3"
"7x7-p84","7x7-p84-uct-1000","1000","1","51","0.910714","2","1","O00","LL","76","75","77","75","1","1","3","2","0","3","0","3","0","1:2:0|0:1:1|0:0:0|0:0:0|0:0:0|0:0:0|0:0:0|2:0:1|3:3:0|3:3:0|3:3:0|1:1:0|3:3:0|4:0:3|0:0:0|1:1:0|3:3:0|2:0:1|3:3:0|3:3:0|4:0:3|4:0:3|4:0:3|4:0:3|1:1:0|3:3:0|3:3:0|3:3:0|0:0:0|4:0:3|4:0:3|0:0:0|4:0:3|3:3:0|2:0:1|1:1:0|4:0:3|0:0:0|0:0:0|1:1:0|4:0:3|4:1:3|0:0:0|0:0:0|2:0:1|0:0:0|0:0:0|0:0:0|4:0:3","1:3:0|0:1:1|0:0:0|0:0:0|0:0:0|0:0:0|0:0:0|2:0:1|3:3:0|3:3:0|3:3:0|1:1:0|3:3:0|4:0:3|0:0:0|1:1:0|3:3:0|2:0:1|3:3:0|3:3:0|4:0:3|4:0:3|4:0:3|4:0:3|1:1:0|3:3:0|3:3:0|3:3:0|0:0:0|4:0:3|4:0:3|0:0:0|4:0:3|3:3:0|2:0:1|1:1:0|4:0:3|0:0:0|0:0:0|1:1:0|4:0:3|4:1:3|0:0:0|0:0:0|2:0:1|0:0:0|0:0:0|0:0:0|4:0:3","3:3:0|0:1:1|0:0:0|0:0:0|0:0:0|0:0:0|0:0:0|2:0:1|3:3:0|3:3:0|3:3:0|1:1:0|3:3:0|4:0:3|0:0:0|1:1:0|3:3:0|0:1:1|3:3:0|3:3:0|4:0:3|4:0:3|4:0:3|4:0:3|1:1:0|3:3:0|3:3:0|3:3:0|0:0:0|4:0:3|4:0:3|0:0:0|4:0:3|3:3:0|2:0:1|1:1:0|4:0:3|0:0:0|0:0:0|1:1:0|4:0:3|4:1:3|0:0:0|0:0:0|2:0:1|0:0:0|0:0:0|0:0:0|4:0:3"
"7x7-p84","7x7-p84-uct-1000","1000","1","51","0.910714","3","1","O23","MM","77","75","78","75","2","0","0","0","1","1","1","1","1","1:3:0|0:1:1|0:0:0|0:0:0|0:0:0|0:0:0|0:0:0|2:0:1|3:3:0|3:3:0|3:3:0|1:1:0|3:3:0|4:0:3|0:0:0|1:1:0|3:3:0|2:0:1|3:3:0|3:3:0|4:0:3|4:0:3|4:0:3|4:0:3|1:1:0|3:3:0|3:3:0|3:3:0|0:0:0|4:0:3|4:0:3|0:0:0|4:0:3|3:3:0|2:0:1|1:1:0|4:0:3|0:0:0|0:0:0|1:1:0|4:0:3|4:1:3|0:0:0|0:0:0|2:0:1|0:0:0|0:0:0|0:0:0|4:0:3","3:3:0|0:1:1|0:0:0|0:0:0|0:0:0|0:0:0|0:0:0|2:0:1|3:3:0|3:3:0|3:3:0|1:1:0|3:3:0|4:0:3|0:0:0|1:1:0|3:3:0|0:1:1|3:3:0|3:3:0|4:0:3|4:0:3|4:0:3|4:0:3|1:1:0|3:3:0|3:3:0|3:3:0|0:0:0|4:0:3|4:0:3|0:0:0|4:0:3|3:3:0|2:0:1|1:1:0|4:0:3|0:0:0|0:0:0|1:1:0|4:0:3|4:1:3|0:0:0|0:0:0|2:0:1|0:0:0|0:0:0|0:0:0|4:0:3","3:3:0|0:1:1|0:0:0|0:0:0|0:0:0|0:0:0|0:0:0|2:0:1|3:3:0|3:3:0|3:3:0|1:1:0|3:3:0|4:0:3|0:0:0|1:1:0|3:3:0|0:1:1|3:3:0|3:3:0|4:0:3|4:0:3|4:0:3|4:0:3|1:1:0|3:3:0|3:3:0|3:3:0|0:0:0|4:0:3|4:0:3|0:0:0|4:0:3|3:3:0|2:0:1|1:1:0|4:0:3|0:0:0|0:0:0|1:1:0|4:0:3|4:1:3|0:0:0|0:0:0|2:0:1|0:0:0|0:0:0|0:0:0|4:0:3"
"7x7-p84","7x7-p84-uct-1000","1000","1","52","0.928571","1","2","O06","LH","78","75","78","76","0","0","2","0","0","0","1","0","1","3:3:0|0:1:1|0:0:0|0:0:0|0:0:0|0:0:0|0:0:0|2:0:1|3:3:0|3:3:0|3:3:0|1:1:0|3:3:0|4:0:3|0:0:0|1:1:0|3:3:0|0:1:1|3:3:0|3:3:0|4:0:3|4:0:3|4:0:3|4:0:3|1:1:0|3:3:0|3:3:0|3:3:0|0:0:0|4:0:3|4:0:3|0:0:0|4:0:3|3:3:0|2:0:1|1:1:0|4:0:3|0:0:0|0:0:0|1:1:0|4:0:3|4:1:3|0:0:0|0:0:0|2:0:1|0:0:0|0:0:0|0:0:0|4:0:3","3:3:0|0:1:1|0:0:0|0:0:0|0:0:0|0:0:0|0:0:1|2:0:1|3:3:0|3:3:0|3:3:0|1:1:0|3:3:0|4:0:3|0:0:0|1:1:0|3:3:0|0:1:1|3:3:0|3:3:0|4:0:3|4:0:3|4:0:3|4:0:3|1:1:0|3:3:0|3:3:0|3:3:0|0:0:0|4:0:3|4:0:3|0:0:0|4:0:3|3:3:0|2:0:1|1:1:0|4:0:3|0:0:0|0:0:0|1:1:0|4:0:3|4:1:3|0:0:0|0:0:0|2:0:1|0:0:0|0:0:0|0:0:0|4:0:3","3:3:0|0:1:1|0:0:0|0:0:0|0:0:0|0:0:0|2:0:1|2:0:1|3:3:0|3:3:0|3:3:0|1:1:0|3:3:0|4:0:3|0:0:0|1:1:0|3:3:0|2:1:2|3:3:0|3:3:0|4:0:3|4:0:3|4:0:3|4:0:3|1:1:0|3:3:0|3:3:0|3:3:0|2:0:1|4:0:3|4:0:3|0:0:0|4:0:3|3:3:0|2:0:1|1:1:0|4:0:3|0:0:0|0:0:0|1:1:0|4:0:3|4:1:3|0:0:0|0:0:0|2:0:1|0:0:0|0:0:0|0:0:0|4:0:3"
"7x7-p84","7x7-p84-uct-1000","1000","1","52","0.928571","2","2","O23","MM","78","76","78","77","0","0","2","1","1","1","2","1","2","3:3:0|0:1:1|0:0:0|0:0:0|0:0:0|0:0:0|0:0:1|2:0:1|3:3:0|3:3:0|3:3:0|1:1:0|3:3:0|4:0:3|0:0:0|1:1:0|3:3:0|0:1:1|3:3:0|3:3:0|4:0:3|4:0:3|4:0:3|4:0:3|1:1:0|3:3:0|3:3:0|3:3:0|0:0:0|4:0:3|4:0:3|0:0:0|4:0:3|3:3:0|2:0:1|1:1:0|4:0:3|0:0:0|0:0:0|1:1:0|4:0:3|4:1:3|0:0:0|0:0:0|2:0:1|0:0:0|0:0:0|0:0:0|4:0:3","3:3:0|0:1:1|0:0:0|0:0:0|0:0:0|0:0:0|0:0:1|2:0:1|3:3:0|3:3:0|3:3:0|1:1:0|3:3:0|4:0:3|0:0:0|1:1:0|3:3:0|0:1:2|3:3:0|3:3:0|4:0:3|4:0:3|4:0:3|4:0:3|1:1:0|3:3:0|3:3:0|3:3:0|0:0:0|4:0:3|4:0:3|0:0:0|4:0:3|3:3:0|2:0:1|1:1:0|4:0:3|0:0:0|0:0:0|1:1:0|4:0:3|4:1:3|0:0:0|0:0:0|2:0:1|0:0:0|0:0:0|0:0:0|4:0:3","3:3:0|0:1:1|0:0:0|0:0:0|0:0:0|0:0:0|2:0:1|2:0:1|3:3:0|3:3:0|3:3:0|1:1:0|3:3:0|4:0:3|0:0:0|1:1:0|3:3:0|2:1:2|3:3:0|3:3:0|4:0:3|4:0:3|4:0:3|4:0:3|1:1:0|3:3:0|3:3:0|3:3:0|2:0:1|4:0:3|4:0:3|0:0:0|4:0:3|3:3:0|2:0:1|1:1:0|4:0:3|0:0:0|0:0:0|1:1:0|4:0:3|4:1:3|0:0:0|0:0:0|2:0:1|0:0:0|0:0:0|0:0:0|4:0:3"
"7x7-p84","7x7-p84-uct-1000","1000","1","52","0.928571","3","2","O40","ML","78","77","78","78","0","2","2","0","0","0","1","0","1","3:3:0|0:1:1|0:0:0|0:0:0|0:0:0|0:0:0|0:0:1|2:0:1|3:3:0|3:3:0|3:3:0|1:1:0|3:3:0|4:0:3|0:0:0|1:1:0|3:3:0|0:1:2|3:3:0|3:3:0|4:0:3|4:0:3|4:0:3|4:0:3|1:1:0|3:3:0|3:3:0|3:3:0|0:0:0|4:0:3|4:0:3|0:0:0|4:0:3|3:3:0|2:0:1|1:1:0|4:0:3|0:0:0|0:0:0|1:1:0|4:0:3|4:1:3|0:0:0|0:0:0|2:0:1|0:0:0|0:0:0|0:0:0|4:0:3","3:3:0|0:1:1|0:0:0|0:0:0|0:0:0|0:0:0|2:0:1|2:0:1|3:3:0|3:3:0|3:3:0|1:1:0|3:3:0|4:0:3|0:0:0|1:1:0|3:3:0|2:1:2|3:3:0|3:3:0|4:0:3|4:0:3|4:0:3|4:0:3|1:1:0|3:3:0|3:3:0|3:3:0|2:0:1|4:0:3|4:0:3|0:0:0|4:0:3|3:3:0|2:0:1|1:1:0|4:0:3|0:0:0|0:0:0|1:1:0|4:0:3|4:1:3|0:0:0|0:0:0|2:0:1|0:0:0|0:0:0|0:0:0|4:0:3","3:3:0|0:1:1|0:0:0|0:0:0|0:0:0|0:0:0|2:0:1|2:0:1|3:3:0|3:3:0|3:3:0|1:1:0|3:3:0|4:0:3|0:0:0|1:1:0|3:3:0|2:1:2|3:3:0|3:3:0|4:0:3|4:0:3|4:0:3|4:0:3|1:1:0|3:3:0|3:3:0|3:3:0|2:0:1|4:0:3|4:0:3|0:0:0|4:0:3|3:3:0|2:0:1|1:1:0|4:0:3|0:0:0|0:0:0|1:1:0|4:0:3|4:1:3|0:0:0|0:0:0|2:0:1|0:0:0|0:0:0|0:0:0|4:0:3"
"7x7-p84","7x7-p84-uct-1000","1000","1","53","0.946429","1","1","O10","LL","78","78","79","78","2","2","0","0","1","1","1","1","1","3:3:0|0:1:1|0:0:0|0:0:0|0:0:0|0:0:0|2:0:1|2:0:1|3:3:0|3:3:0|3:3:0|1:1:0|3:3:0|4:0:3|0:0:0|1:1:0|3:3:0|2:1:2|3:3:0|3:3:0|4:0:3|4:0:3|4:0:3|4:0:3|1:1:0|3:3:0|3:3:0|3:3:0|2:0:1|4:0:3|4:0:3|0:0:0|4:0:3|3:3:0|2:0:1|1:1:0|4:0:3|0:0:0|0:0:0|1:1:0|4:0:3|4:1:3|0:0:0|0:0:0|2:0:1|0:0:0|0:0:0|0:0:0|4:0:3","3:3:0|0:1:1|0:0:0|0:0:0|0:0:0|0:0:0|2:0:1|2:1:1|3:3:0|3:3:0|3:3:0|1:1:0|3:3:0|4:0:3|0:0:0|1:1:0|3:3:0|2:1:2|3:3:0|3:3:0|4:0:3|4:0:3|4:0:3|4:0:3|1:1:0|3:3:0|3:3:0|3:3:0|2:0:1|4:0:3|4:0:3|0:0:0|4:0:3|3:3:0|2:0:1|1:1:0|4:0:3|0:0:0|0:0:0|1:1:0|4:0:3|4:1:3|0:0:0|0:0:0|2:0:1|0:0:0|0:0:0|0:0:0|4:0:3","3:3:0|0:1:1|0:0:0|0:0:0|0:0:0|0:0:0|2:0:1|0:1:1|3:3:0|3:3:0|3:3:0|1:1:0|3:3:0|4:0:3|0:0:0|1:1:0|3:3:0|0:2:2|3:3:0|3:3:0|4:0:3|4:0:3|4:0:3|4:0:3|1:1:0|3:3:0|3:3:0|3:3:0|2:0:1|4:0:3|4:0:3|0:0:0|4:0:3|3:3:0|0:1:1|1:1:0|4:0:3|0:0:0|0:0:0|1:1:0|4:0:3|4:1:3|0:0:0|0:0:0|2:0:1|0:0:0|0:0:0|0:0:0|4:0:3"
"7x7-p84","7x7-p84-uct-1000","1000","1","53","0.946429","2","1","O46","MH","79","78","80","78","2","2","0","0","1","1","1","1","1","3:3:0|0:1:1|0:0:0|0:0:0|0:0:0|0:0:0|2:0:1|2:1:1|3:3:0|3:3:0|3:3:0|1:1:0|3:3:0|4:0:3|0:0:0|1:1:0|3:3:0|2:1:2|3:3:0|3:3:0|4:0:3|4:0:3|4:0:3|4:0:3|1:1:0|3:3:0|3:3:0|3:3:0|2:0:1|4:0:3|4:0:3|0:0:0|4:0:3|3:3:0|2:0:1|1:1:0|4:0:3|0:0:0|0:0:0|1:1:0|4:0:3|4:1:3|0:0:0|0:0:0|2:0:1|0:0:0|0:0:0|0:0:0|4:0:3","3:3:0|0:1:1|0:0:0|0:0:0|0:0:0|0:0:0|2:0:1|2:1:1|3:3:0|3:3:0|3:3:0|1:1:0|3:3:0|4:0:3|0:0:0|1:1:0|3:3:0|2:1:2|3:3:0|3:3:0|4:0:3|4:0:3|4:0:3|4:0:3|1:1:0|3:3:0|3:3:0|3:3:0|2:0:1|4:0:3|4:0:3|0:0:0|4:0:3|3:3:0|2:1:1|1:1:0|4:0:3|0:0:0|0:0:0|1:1:0|4:0:3|4:1:3|0:0:0|0:0:0|2:0:1|0:0:0|0:0:0|0:0:0|4:0:3","3:3:0|0:1:1|0:0:0|0:0:0|0:0:0|0:0:0|2:0:1|0:1:1|3:3:0|3:3:0|3:3:0|1:1:0|3:3:0|4:0:3|0:0:0|1:1:0|3:3:0|0:2:2|3:3:0|3:3:0|4:0:3|4:0:3|4:0:3|4:0:3|1:1:0|3:3:0|3:3:0|3:3:0|2:0:1|4:0:3|4:0:3|0:0:0|4:0:3|3:3:0|0:1:1|1:1:0|4:0:3|0:0:0|0:0:0|1:1:0|4:0:3|4:1:3|0:0:0|0:0:0|2:0:1|0:0:0|0:0:0|0:0:0|4:0:3"
"7x7-p84","7x7-p84-uct-1000","1000","1","53","0.946429","3","1","O23","MM","80","78","81","78","2","0","0","1","2","2","2","2","2","3:3:0|0:1:1|0:0:0|0:0:0|0:0:0|0:0:0|2:0:1|2:1:1|3:3:0|3:3:0|3:3:0|1:1:0|3:3:0|4:0:3|0:0:0|1:1:0|3:3:0|2:1:2|3:3:0|3:3:0|4:0:3|4:0:3|4:0:3|4:0:3|1:1:0|3:3:0|3:3:0|3:3:0|2:0:1|4:0:3|4:0:3|0:0:0|4:0:3|3:3:0|2:1:1|1:1:0|4:0:3|0:0:0|0:0:0|1:1:0|4:0:3|4:1:3|0:0:0|0:0:0|2:0:1|0:0:0|0:0:0|0:0:0|4:0:3","3:3:0|0:1:1|0:0:0|0:0:0|0:0:0|0:0:0|2:0:1|0:1:1|3:3:0|3:3:0|3:3:0|1:1:0|3:3:0|4:0:3|0:0:0|1:1:0|3:3:0|0:2:2|3:3:0|3:3:0|4:0:3|4:0:3|4:0:3|4:0:3|1:1:0|3:3:0|3:3:0|3:3:0|2:0:1|4:0:3|4:0:3|0:0:0|4:0:3|3:3:0|0:1:1|1:1:0|4:0:3|0:0:0|0:0:0|1:1:0|4:0:3|4:1:3|0:0:0|0:0:0|2:0:1|0:0:0|0:0:0|0:0:0|4:0:3","3:3:0|0:1:1|0:0:0|0:0:0|0:0:0|0:0:0|2:0:1|0:1:1|3:3:0|3:3:0|3:3:0|1:1:0|3:3:0|4:0:3|0:0:0|1:1:0|3:3:0|0:2:2|3:3:0|3:3:0|4:0:3|4:0:3|4:0:3|4:0:3|1:1:0|3:3:0|3:3:0|3:3:0|2:0:1|4:0:3|4:0:3|0:0:0|4:0:3|3:3:0|0:1:1|1:1:0|4:0:3|0:0:0|0:0:0|1:1:0|4:0:3|4:1:3|0:0:0|0:0:0|2:0:1|0:0:0|0:0:0|0:0:0|4:0:3"
"7x7-p84","7x7-p84-uct-1000","1000","1","54","0.964286","1","2","O23","MM","81","78","81","79","0","0","4","2","2","2","3","2","3","3:3:0|0:1:1|0:0:0|0:0:0|0:0:0|0:0:0|2:0:1|0:1:1|3:3:0|3:3:0|3:3:0|1:1:0|3:3:0|4:0:3|0:0:0|1:1:0|3:3:0|0:2:2|3:3:0|3:3:0|4:0:3|4:0:3|4:0:3|4:0:3|1:1:0|3:3:0|3:3:0|3:3:0|2:0:1|4:0:3|4:0:3|0:0:0|4:0:3|3:3:0|0:1:1|1:1:0|4:0:3|0:0:0|0:0:0|1:1:0|4:0:3|4:1:3|0:0:0|0:0:0|2:0:1|0:0:0|0:0:0|0:0:0|4:0:3","3:3:0|0:1:1|0:0:0|0:0:0|0:0:0|0:0:0|2:0:1|0:1:1|3:3:0|3:3:0|3:3:0|1:1:0|3:3:0|4:0:3|0:0:0|1:1:0|3:3:0|0:2:3|3:3:0|3:3:0|4:0:3|4:0:3|4:0:3|4:0:3|1:1:0|3:3:0|3:3:0|3:3:0|2:0:1|4:0:3|4:0:3|0:0:0|4:0:3|3:3:0|0:1:1|1:1:0|4:0:3|0:0:0|0:0:0|1:1:0|4:0:3|4:1:3|0:0:0|0:0:0|2:0:1|0:0:0|0:0:0|0:0:0|4:0:3","3:3:0|0:1:1|0:0:0|0:0:0|0:0:0|0:0:0|2:0:1|0:1:1|3:3:0|3:3:0|3:3:0|1:1:0|3:3:0|4:0:3|0:0:0|1:1:0|3:3:0|4:2:3|3:3:0|3:3:0|4:0:3|4:0:3|4:0:3|4:0:3|1:1:0|3:3:0|3:3:0|3:3:0|2:0:1|4:0:3|4:0:3|0:0:0|4:0:3|3:3:0|0:1:1|1:1:0|4:0:3|0:0:0|0:0:0|1:1:0|4:0:3|4:1:3|0:0:0|0:0:0|2:0:1|0:0:0|0:0:0|0:0:0|4:0:3"
"7x7-p84","7x7-p84-uct-1000","1000","1","55","0.982143","2","1","O10","LL","82","81","83","81","0","0","3","1","1","2","1","3","1","3:3:0|0:1:1|0:0:0|0:0:0|0:0:0|0:0:0|2:0:1|0:1:1|3:3:0|3:3:0|3:3:0|1:1:0|3:3:0|4:0:3|0:0:0|1:1:0|3:3:0|4:2:3|3:3:0|3:3:0|4:0:3|4:0:3|4:0:3|4:0:3|1:1:0|3:3:0|3:3:0|3:3:0|2:0:1|4:0:3|4:0:3|0:0:0|4:0:3|3:3:0|0:1:1|1:1:0|4:0:3|0:0:0|0:0:0|1:1:0|4:0:3|4:1:3|0:0:0|0:0:0|2:0:1|0:0:0|0:0:0|0:0:0|4:0:3","3:3:0|0:1:1|0:0:0|0:0:0|0:0:0|0:0:0|2:0:1|0:2:1|3:3:0|3:3:0|3:3:0|1:1:0|3:3:0|4:0:3|0:0:0|1:1:0|3:3:0|4:2:3|3:3:0|3:3:0|4:0:3|4:0:3|4:0:3|4:0:3|1:1:0|3:3:0|3:3:0|3:3:0|2:0:1|4:0:3|4:0:3|0:0:0|4:0:3|3:3:0|0:1:1|1:1:0|4:0:3|0:0:0|0:0:0|1:1:0|4:0:3|4:1:3|0:0:0|0:0:0|2:0:1|0:0:0|0:0:0|0:0:0|4:0:3","3:3:0|0:1:1|0:0:0|0:0:0|0:0:0|0:0:0|2:0:1|3:3:1|3:3:0|3:3:0|3:3:0|1:1:0|3:3:0|4:0:3|0:0:0|1:1:0|3:3:0|4:2:3|3:3:0|3:3:0|4:0:3|4:0:3|4:0:3|4:0:3|1:1:0|3:3:0|3:3:0|3:3:0|2:0:1|4:0:3|4:0:3|0:0:0|4:0:3|3:3:0|0:1:1|1:1:0|4:0:3|0:0:0|0:0:0|1:1:0|4:0:3|4:1:3|0:0:0|0:0:0|2:0:1|0:0:0|0:0:0|0:0:0|4:0:3"
"7x7-p84","7x7-p84-uct-1000","1000","1","55","0.982143","3","1","O10","LL","83","81","84","81","0","3","3","2","1","3","1","3","1","3:3:0|0:1:1|0:0:0|0:0:0|0:0:0|0:0:0|2:0:1|0:2:1|3:3:0|3:3:0|3:3:0|1:1:0|3:3:0|4:0:3|0:0:0|1:1:0|3:3:0|4:2:3|3:3:0|3:3:0|4:0:3|4:0:3|4:0:3|4:0:3|1:1:0|3:3:0|3:3:0|3:3:0|2:0:1|4:0:3|4:0:3|0:0:0|4:0:3|3:3:0|0:1:1|1:1:0|4:0:3|0:0:0|0:0:0|1:1:0|4:0:3|4:1:3|0:0:0|0:0:0|2:0:1|0:0:0|0:0:0|0:0:0|4:0:3","3:3:0|0:1:1|0:0:0|0:0:0|0:0:0|0:0:0|2:0:1|3:3:1|3:3:0|3:3:0|3:3:0|1:1:0|3:3:0|4:0:3|0:0:0|1:1:0|3:3:0|4:2:3|3:3:0|3:3:0|4:0:3|4:0:3|4:0:3|4:0:3|1:1:0|3:3:0|3:3:0|3:3:0|2:0:1|4:0:3|4:0:3|0:0:0|4:0:3|3:3:0|0:1:1|1:1:0|4:0:3|0:0:0|0:0:0|1:1:0|4:0:3|4:1:3|0:0:0|0:0:0|2:0:1|0:0:0|0:0:0|0:0:0|4:0:3","3:3:0|0:1:1|0:0:0|0:0:0|0:0:0|0:0:0|2:0:1|3:3:1|3:3:0|3:3:0|3:3:0|1:1:0|3:3:0|4:0:3|0:0:0|1:1:0|3:3:0|4:2:3|3:3:0|3:3:0|4:0:3|4:0:3|4:0:3|4:0:3|1:1:0|3:3:0|3:3:0|3:3:0|2:0:1|4:0:3|4:0:3|0:0:0|4:0:3|3:3:0|0:1:1|1:1:0|4:0:3|0:0:0|0:0:0|1:1:0|4:0:3|4:1:3|0:0:0|0:0:0|2:0:1|0:0:0|0:0:0|0:0:0|4:0:3"
"7x7-p84","7x7-p84-uct-1000","1000","1","56","1.000000","1","2","O40","ML","84","81","84","82","2","2","4","0","1","0","2","0","3","3:3:0|0:1:1|0:0:0|0:0:0|0:0:0|0:0:0|2:0:1|3:3:1|3:3:0|3:3:0|3:3:0|1:1:0|3:3:0|4:0:3|0:0:0|1:1:0|3:3:0|4:2:3|3:3:0|3:3:0|4:0:3|4:0:3|4:0:3|4:0:3|1:1:0|3:3:0|3:3:0|3:3:0|2:0:1|4:0:3|4:0:3|0:0:0|4:0:3|3:3:0|0:1:1|1:1:0|4:0:3|0:0:0|0:0:0|1:1:0|4:0:3|4:1:3|0:0:0|0:0:0|2:0:1|0:0:0|0:0:0|0:0:0|4:0:3","3:3:0|0:1:1|0:0:0|0:0:0|0:0:0|0:0:0|2:0:1|3:3:1|3:3:0|3:3:0|3:3:0|1:1:0|3:3:0|4:0:3|0:0:0|1:1:0|3:3:0|4:2:3|3:3:0|3:3:0|4:0:3|4:0:3|4:0:3|4:0:3|1:1:0|3:3:0|3:3:0|3:3:0|2:0:2|4:0:3|4:0:3|0:0:0|4:0:3|3:3:0|0:1:1|1:1:0|4:0:3|0:0:0|0:0:0|1:1:0|4:0:3|4:1:3|0:0:0|0:0:0|2:0:1|0:0:0|0:0:0|0:0:0|4:0:3","3:3:0|0:1:1|0:0:0|0:0:0|0:0:0|0:0:0|2:0:1|3:3:1|3:3:0|3:3:0|3:3:0|1:1:0|3:3:0|4:0:3|0:0:0|1:1:0|3:3:0|4:2:3|3:3:0|3:3:0|4:0:3|4:0:3|4:0:3|4:0:3|1:1:0|3:3:0|3:3:0|3:3:0|4:0:3|4:0:3|4:0:3|0:0:0|4:0:3|3:3:0|0:1:1|1:1:0|4:0:3|0:0:0|0:0:0|1:1:0|4:0:3|4:1:3|0:0:0|0:0:0|2:0:1|0:0:0|0:0:0|0:0:0|4:0:3"
"7x7-p84","7x7-p84-uct-1000","1000","1","56","1.000000","2","2","O40","ML","84","82","84","83","2","2","4","0","2","0","3","0","3","3:3:0|0:1:1|0:0:0|0:0:0|0:0:0|0:0:0|2:0:1|3:3:1|3:3:0|3:3:0|3:3:0|1:1:0|3:3:0|4:0:3|0:0:0|1:1:0|3:3:0|4:2:3|3:3:0|3:3:0|4:0:3|4:0:3|4:0:3|4:0:3|1:1:0|3:3:0|3:3:0|3:3:0|2:0:2|4:0:3|4:0:3|0:0:0|4:0:3|3:3:0|0:1:1|1:1:0|4:0:3|0:0:0|0:0:0|1:1:0|4:0:3|4:1:3|0:0:0|0:0:0|2:0:1|0:0:0|0:0:0|0:0:0|4:0:3","3:3:0|0:1:1|0:0:0|0:0:0|0:0:0|0:0:0|2:0:1|3:3:1|3:3:0|3:3:0|3:3:0|1:1:0|3:3:0|4:0:3|0:0:0|1:1:0|3:3:0|4:2:3|3:3:0|3:3:0|4:0:3|4:0:3|4:0:3|4:0:3|1:1:0|3:3:0|3:3:0|3:3:0|2:0:3|4:0:3|4:0:3|0:0:0|4:0:3|3:3:0|0:1:1|1:1:0|4:0:3|0:0:0|0:0:0|1:1:0|4:0:3|4:1:3|0:0:0|0:0:0|2:0:1|0:0:0|0:0:0|0:0:0|4:0:3","3:3:0|0:1:1|0:0:0|0:0:0|0:0:0|0:0:0|2:0:1|3:3:1|3:3:0|3:3:0|3:3:0|1:1:0|3:3:0|4:0:3|0:0:0|1:1:0|3:3:0|4:2:3|3:3:0|3:3:0|4:0:3|4:0:3|4:0:3|4:0:3|1:1:0|3:3:0|3:3:0|3:3:0|4:0:3|4:0:3|4:0:3|0:0:0|4:0:3|3:3:0|0:1:1|1:1:0|4:0:3|0:0:0|0:0:0|1:1:0|4:0:3|4:1:3|0:0:0|0:0:0|2:0:1|0:0:0|0:0:0|0:0:0|4:0:3"
"7x7-p96","7x7-p96-seeded-random","-1","1","3","0.046875","1","1","O55","HH","3","3","4","3","0","0","1","0","0","1","0","1","0","0:0:0|0:0:0|0:0:0|0:0:0|0:0:0|0:0:0|0:0:0|0:0:0|0:0:0|0:0:0|0:0:0|0:0:0|0:0:0|0:0:0|0:0:0|0:0:0|0:0:0|0:0:0|0:0:0|0:0:0|0:0:0|0:0:0|0:0:0|0:0:0|0:0:0|0:0:0|0:0:0|0:0:0|0:0:0|0:0:0|0:0:0|0:0:0|0:0:0|0:0:0|0:0:0|0:0:0|0:0:0|0:0:0|0:0:0|0:0:0|0:0:0|0:0:0|0:0:0|0:0:0|0:0:0|0:0:0|0:0:0|0:0:0|0:0:0","0:0:0|0:0:0|0:0:0|0:0:0|0:0:0|0:0:0|0:0:0|0:0:0|0:0:0|0:0:0|0:0:0|0:0:0|0:0:0|0:0:0|0:0:0|0:0:0|0:0:0|0:0:0|0:0:0|0:0:0|0:0:0|0:0:0|0:0:0|0:0:0|0:0:0|0:0:0|0:0:0|0:0:0|0:0:0|0:0:0|0:0:0|0:0:0|0:0:0|0:0:0|0:0:0|0:0:0|0:0:0|0:0:0|0:0:0|0:0:0|0:1:0|0:0:0|0:0:0|0:0:0|0:0:0|0:0:0|0:0:0|0:0:0|0:0:0","0:0:0|0:0:0|0:0:0|0:0:0|0:0:0|0:0:0|0:0:0|0:0:0|0:0:0|0:0:0|0:0:0|0:0:0|0:0:0|0:0:0|0:0:0|0:0:0|0:0:0|0:0:0|0:0:0|0:0:0|0:0:0|0:0:0|0:0:0|0:0:0|0:0:0|0:0:0|0:0:0|0:0:0|0:0:0|0:0:0|0:0:0|0:0:0|0:0:0|0:0:0|0:0:0|0:0:0|0:0:0|0:0:0|0:0:0|0:0:0|1:1:0|0:0:0|0:0:0|0:0:0|0:0:0|0:0:0|0:0:0|0:0:0|0:0:0"
"7x7-p96","7x7-p96-seeded-random","-1","1","6","0.093750","1","2","O06","LH","9","6","9","7","0","0","2","0","0","0","1","0","1","0:0:0|0:0:0|0:0:0|0:0:0|0:0:0|0:0:0|0:0:0|0:0:0|0:0:0|0:0:0|0:0:0|0:0:0|0:0:0|0:0:0|0:0:0|0:0:0|0:0:0|0:0:0|0:0:0|0:0:0|0:0:0|0:0:0|0:0:0|0:0:0|0:0:0|0:0:0|0:0:0|0:0:0|0:0:0|0:0:0|0:0:0|0:0:0|0:0:0|0:0:0|0:0:0|0:0:0|0:0:0|0:0:0|0:0:0|0:0:0|1:1:0|0:0:0|0:0:0|0:0:0|0:0:0|0:0:0|0:0:0|0:0:0|0:0:0","0:0:0|0:0:0|0:0:0|0:0:0|0:0:0|0:0:0|0:0:1|0:0:0|0:0:0|0:0:0|0:0:0|0:0:0|0:0:0|0:0:0|0:0:0|0:0:0|0:0:0|0:0:0|0:0:0|0:0:0|0:0:0|0:0:0|0:0:0|0:0:0|0:0:0|0:0:0|0:0:0|0:0:0|0:0:0|0:0:0|0:0:0|0:0:0|0:0:0|0:0:0|0:0:0|0:0:0|0:0:0|0:0:0|0:0:0|0:0:0|1:1:0|0:0:0|0:0:0|0:0:0|0:0:0|0:0:0|0:0:0|0:0:0|0:0:0","0:0:0|0:0:0|0:0:0|0:0:0|0:0:0|0:0:0|2:0:1|0:0:0|0:0:0|0:0:0|0:0:0|0:0:0|0:0:0|0:0:0|0:0:0|0:0:0|0:0:0|0:0:0|0:0:0|0:0:0|0:0:0|0:0:0|0:0:0|0:0:0|0:0:0|0:0:0|0:0:0|0:0:0|0:0:0|0:0:0|0:0:0|0:0:0|0:0:0|0:0:0|0:0:0|0:0:0|0:0:0|0:0:0|0:0:0|0:0:0|1:1:0|0:0:0|0:0:0|0:0:0|0:0:0|0:0:0|0:0:0|0:0:0|0:0:0"
"7x7-p96","7x7-p96-seeded-random","-1","1","7","0.109375","3","1","O44","MM","11","9","12","9","0","1","1","0","0","1","0","1","0","0:0:0|0:0:0|0:0:0|0:0:0|0:0:0|0:0:0|2:0:1|0:0:0|0:0:0|0:0:0|0:0:0|0:0:0|0:0:0|0:0:0|0:0:0|0:0:0|0:0:0|0:0:0|0:0:0|0:0:0|0:0:0|0:0:0|0:0:0|0:0:0|0:0:0|0:0:0|0:0:0|0:0:0|0:0:0|0:0:0|0:0:0|0:0:0|0:0:0|0:0:0|0:0:0|0:0:0|0:0:0|0:0:0|0:0:0|0:0:0|1:1:0|0:0:0|0:0:0|0:0:0|0:0:0|0:0:0|0:0:0|0:0:0|0:0:0","0:0:0|0:0:0|0:0:0|0:0:0|0:0:0|0:0:0|2:0:1|0:0:0|0:0:0|0:0:0|0:0:0|0:0:0|0:0:0|0:0:0|0:0:0|0:0:0|0:0:0|0:0:0|0:0:0|0:0:0|0:0:0|0:0:0|0:0:0|0:0:0|0:0:0|0:0:0|0:0:0|0:0:0|0:0:0|0:0:0|0:0:0|0:0:0|1:1:0|0:0:0|0:0:0|0:0:0|0:0:0|0:0:0|0:0:0|0:0:0|1:1:0|0:0:0|0:0:0|0:0:0|0:0:0|0:0:0|0:0:0|0:0:0|0:0:0","0:0:0|0:0:0|0:0:0|0:0:0|0:0:0|0:0:0|2:0:1|0:0:0|0:0:0|0:0:0|0:0:0|0:0:0|0:0:0|0:0:0|0:0:0|0:0:0|0:0:0|0:0:0|0:0:0|0:0:0|0:0:0|0:0:0|0:0:0|0:0:0|0:0:0|0:0:0|0:0:0|0:0:0|0:0:0|0:0:0|0:0:0|0:0:0|1:1:0|0:0:0|0:0:0|0:0:0|0:0:0|0:0:0|0:0:0|0:0:0|1:1:0|0:0:0|0:0:0|0:0:0|0:0:0|0:0:0|0:0:0|0:0:0|0:0:0"
"7x7-p96","7x7-p96-seeded-random","-1","1","9","0.140625","1","1","O55","HH","12","12","13","12","1","1","1","1","0","2","0","2","0","0:0:0|0:0:0|0:0:0|0:0:0|0:0:0|0:0:0|2:0:1|0:0:0|0:0:0|0:0:0|0:0:0|0:0:0|0:0:0|0:0:0|0:0:0|0:0:0|0:0:0|0:0:0|0:0:0|0:0:0|0:0:0|0:0:0|0:0:0|0:0:0|0:0:0|0:0:0|0:0:0|0:0:0|0:0:0|0:0:0|0:0:0|0:0:0|1:1:0|0:0:0|0:0:0|0:0:0|0:0:0|0:0:0|0:0:0|0:0:0|1:1:0|0:0:0|0:0:0|0:0:0|0:0:0|0:0:0|0:0:0|0:0:0|0:0:0","0:0:0|0:0:0|0:0:0|0:0:0|0:0:0|0:0:0|2:0:1|0:0:0|0:0:0|0:0:0|0:0:0|0:0:0|0:0:0|0:0:0|0:0:0|0:0:0|0:0:0|0:0:0|0:0:0|0:0:0|0:0:0|0:0:0|0:0:0|0:0:0|0:0:0|0:0:0|0:0:0|0:0:0|0:0:0|0:0:0|0:0:0|0:0:0|1:1:0|0:0:0|0:0:0|0:0:0|0:0:0|0:0:0|0:0:0|0:0:0|1:2:0|0:0:0|0:0:0|0:0:0|0:0:0|0:0:0|0:0:0|0:0:0|0:0:0","0:0:0|0:0:0|0:0:0|0:0:0|0:0:0|0:0:0|2:0:1|0:0:0|0:0:0|0:0:0|0:0:0|0:0:0|0:0:0|0:0:0|0:0:0|0:0:0|0:0:0|0:0:0|0:0:0|0:0:0|0:0:0|0:0:0|0:0:0|0:0:0|0:0:0|0:0:0|0:0:0|0:0:0|0:0:0|0:0:0|0:0:0|0:0:0|1:1:0|0:0:0|0:0:0|0:0:0|0:0:0|0:0:0|0:0:0|0:0:0|1:2:0|0:0:0|0:0:0|0:0:0|0:0:0|0:0:0|0:0:0|0:0:0|0:0:0"
"7x7-p96","7x7-p96-seeded-random","-1","1","10","0.156250","2","2","O62","HM","15","13","15","14","0","0","2","0","0","0","1","0","1","0:0:0|0:0:0|0:0:0|0:0:0|0:0:0|0:0:0|2:0:1|0:0:0|0:0:0|0:0:0|0:0:0|0:0:0|0:0:0|0:0:0|0:0:0|0:0:0|0:0:0|0:0:0|0:0:0|0:0:0|0:0:0|0:0:0|0:0:0|0:0:0|0:0:0|0:0:0|0:0:0|0:0:0|0:0:0|0:0:0|0:0:0|0:0:0|1:1:0|0:0:0|0:0:0|0:0:0|0:0:0|0:0:0|0:0:0|0:0:0|1:2:0|0:0:0|0:0:0|0:0:0|0:0:0|0:0:0|0:0:0|0:0:0|0:0:0","0:0:0|0:0:0|0:0:0|0:0:0|0:0:0|0:0:0|2:0:1|0:0:0|0:0:0|0:0:0|0:0:0|0:0:0|0:0:0|0:0:0|0:0:0|0:0:0|0:0:0|0:0:0|0:0:0|0:0:0|0:0:0|0:0:0|0:0:0|0:0:0|0:0:0|0:0:0|0:0:0|0:0:0|0:0:0|0:0:0|0:0:0|0:0:0|1:1:0|0:0:0|0:0:0|0:0:0|0:0:0|0:0:0|0:0:0|0:0:0|1:2:0|0:0:0|0:0:0|0:0:0|0:0:1|0:0:0|0:0:0|0:0:0|0:0:0","0:0:0|0:0:0|0:0:0|0:0:0|0:0:0|0:0:0|2:0:1|0:0:0|0:0:0|0:0:0|0:0:0|0:0:0|0:0:0|0:0:0|0:0:0|0:0:0|0:0:0|0:0:0|0:0:0|0:0:0|0:0:0|0:0:0|0:0:0|0:0:0|0:0:0|0:0:0|0:0:0|0:0:0|0:0:0|0:0:0|0:0:0|0:0:0|1:1:0|0:0:0|0:0:0|0:0:0|0:0:0|0:0:0|0:0:0|0:0:0|1:2:0|0:0:0|0:0:0|0:0:0|2:0:1|0:0:0|0:0:0|0:0:0|0:0:0"
"7x7-p96","7x7-p96-seeded-random","-1","1","11","0.171875","1","1","O20","ML","15","15","16","15","0","0","1","0","0","1","0","1","0","0:0:0|0:0:0|0:0:0|0:0:0|0:0:0|0:0:0|2:0:1|0:0:0|0:0:0|0:0:0|0:0:0|0:0:0|0:0:0|0:0:0|0:0:0|0:0:0|0:0:0|0:0:0|0:0:0|0:0:0|0:0:0|0:0:0|0:0:0|0:0:0|0:0:0|0:0:0|0:0:0|0:0:0|0:0:0|0:0:0|0:0:0|0:0:0|1:1:0|0:0:0|0:0:0|0:0:0|0:0:0|0:0:0|0:0:0|0:0:0|1:2:0|0:0:0|0:0:0|0:0:0|2:0:1|0:0:0|0:0:0|0:0:0|0:0:0","0:0:0|0:0:0|0:0:0|0:0:0|0:0:0|0:0:0|2:0:1|0:0:0|0:0:0|0:0:0|0:0:0|0:0:0|0:0:0|0:0:0|0:1:0|0:0:0|0:0:0|0:0:0|0:0:0|0:0:0|0:0:0|0:0:0|0:0:0|0:0:0|0:0:0|0:0:0|0:0:0|0:0:0|0:0:0|0:0:0|0:0:0|0:0:0|1:1:0|0:0:0|0:0:0|0:0:0|0:0:0|0:0:0|0:0:0|0:0:0|1:2:0|0:0:0|0:0:0|0:0:0|2:0:1|0:0:0|0:0:0|0:0:0|0:0:0","0:0:0|0:0:0|0:0:0|0:0:0|0:0:0|0:0:0|2:0:1|0:0:0|0:0:0|0:0:0|1:1:0|0:0:0|0:0:0|0:0:0|1:1:0|0:0:0|0:0:0|0:0:0|0:0:0|0:0:0|0:0:0|0:0:0|0:0:0|0:0:0|0:0:0|0:0:0|0:0:0|0:0:0|0:0:0|0:0:0|0:0:0|0:0:0|1:1:0|0:0:0|0:0:0|0:0:0|0:0:0|0:0:0|0:0:0|0:0:0|1:2:0|0:0:0|0:0:0|0:0:0|2:0:1|0:0:0|0:0:0|0:0:0|0:0:0"
"7x7-p96","7x7-p96-seeded-random","-1","1","11","0.171875","3","1","O13","LM","17","15","18","15","0","1","1","0","0","1","0","1","0","0:0:0|0:0:0|0:0:0|0:0:0|0:0:0|0:0:0|2:0:1|0:0:0|0:0:0|0:0:0|0:0:0|0:0:0|0:0:0|0:0:0|0:1:0|0:0:0|0:0:0|0:0:0|0:0:0|0:0:0|0:0:0|0:0:0|0:0:0|0:0:0|0:0:0|0:0:0|0:0:0|0:0:0|0:0:0|0:0:0|0:0:0|0:0:0|1:1:0|0:0:0|0:0:0|0:0:0|0:0:0|0:0:0|0:0:0|0:0:0|1:2:0|0:0:0|0:0:0|0:0:0|2:0:1|0:0:0|0:0:0|0:0:0|0:0:0","0:0:0|0:0:0|0:0:0|0:0:0|0:0:0|0:0:0|2:0:1|0:0:0|0:0:0|0:0:0|1:1:0|0:0:0|0:0:0|0:0:0|1:1:0|0:0:0|0:0:0|0:0:0|0:0:0|0:0:0|0:0:0|0:0:0|0:0:0|0:0:0|0:0:0|0:0:0|0:0:0|0:0:0|0:0:0|0:0:0|0:0:0|0:0:0|1:1:0|0:0:0|0:0:0|0:0:0|0:0:0|0:0:0|0:0:0|0:0:0|1:2:0|0:0:0|0:0:0|0:0:0|2:0:1|0:0:0|0:0:0|0:0:0|0:0:0","0:0:0|0:0:0|0:0:0|0:0:0|0:0:0|0:0:0|2:0:1|0:0:0|0:0:0|0:0:0|1:1:0|0:0:0|0:0:0|0:0:0|1:1:0|0:0:0|0:0:0|0:0:0|0:0:0|0:0:0|0:0:0|0:0:0|0:0:0|0:0:0|0:0:0|0:0:0|0:0:0|0:0:0|0:0:0|0:0:0|0:0:0|0:0:0|1:1:0|0:0:0|0:0:0|0:0:0|0:0:0|0:0:0|0:0:0|0:0:0|1:2:0|0:0:0|0:0:0|0:0:0|2:0:1|0:0:0|0:0:0|0:0:0|0:0:0"
"7x7-p96","7x7-p96-seeded-random","-1","1","12","0.187500","1","2","O06","LH","18","15","18","16","2","2","2","0","1","0","2","0","2","0:0:0|0:0:0|0:0:0|0:0:0|0:0:0|0:0:0|2:0:1|0:0:0|0:0:0|0:0:0|1:1:0|0:0:0|0:0:0|0:0:0|1:1:0|0:0:0|0:0:0|0:0:0|0:0:0|0:0:0|0:0:0|0:0:0|0:0:0|0:0:0|0:0:0|0:0:0|0:0:0|0:0:0|0:0:0|0:0:0|0:0:0|0:0:0|1:1:0|0:0:0|0:0:0|0:0:0|0:0:0|0:0:0|0:0:0|0:0:0|1:2:0|0:0:0|0:0:0|0:0:0|2:0:1|0:0:0|0:0:0|0:0:0|0:0:0","0:0:0|0:0:0|0:0:0|0:0:0|0:0:0|0:0:0|2:0:2|0:0:0|0:0:0|0:0:0|1:1:0|0:0:0|0:0:0|0:0:0|1:1:0|0:0:0|0:0:0|0:0:0|0:0:0|0:0:0|0:0:0|0:0:0|0:0:0|0:0:0|0:0:0|0:0:0|0:0:0|0:0:0|0:0:0|0:0:0|0:0:0|0:0:0|1:1:0|0:0:0|0:0:0|0:0:0|0:0:0|0:0:0|0:0:0|0:0:0|1:2:0|0:0:0|0:0:0|0:0:0|2:0:1|0:0:0|0:0:0|0:0:0|0:0:0","0:0:0|0:0:0|0:0:0|0:0:0|0:0:0|0:0:0|2:0:2|0:0:0|0:0:0|0:0:0|1:1:0|0:0:0|0:0:0|0:0:0|1:1:0|0:0:0|0:0:0|0:0:0|0:0:0|0:0:0|0:0:0|0:0:0|0:0:0|0:0:0|0:0:0|0:0:0|0:0:0|0:0:0|0:0:0|0:0:0|0:0:0|0:0:0|1:1:0|0:0:0|0:0:0|0:0:0|0:0:0|0:0:0|0:0:0|0:0:0|1:2:0|0:0:0|0:0:0|0:0:0|2:0:1|0:0:0|0:0:0|0:0:0|0:0:0"
"7x7-p96","7x7-p96-seeded-random","-1","1","13","0.203125","1","1","O54","HM","18","18","19","18","0","0","1","0","0","1","0","1","0","0:0:0|0:0:0|0:0:0|0:0:0|0:0:0|0:0:0|2:0:2|0:0:0|0:0:0|0:0:0|1:1:0|0:0:0|0:0:0|0:0:0|1:1:0|0:0:0|0:0:0|0:0:0|0:0:0|0:0:0|0:0:0|0:0:0|0:0:0|0:0:0|0:0:0|0:0:0|0:0:0|0:0:0|0:0:0|0:0:0|0:0:0|0:0:0|1:1:0|0:0:0|0:0:0|0:0:0|0:0:0|0:0:0|0:0:0|0:0:0|1:2:0|0:0:0|0:0:0|0:0:0|2:0:1|0:0:0|0:0:0|0:0:0|0:0:0","0:0:0|0:0:0|0:0:0|0:0:0|0:0:0|0:0:0|2:0:2|0:0:0|0:0:0|0:0:0|1:1:0|0:0:0|0:0:0|0:0:0|1:1:0|0:0:0|0:0:0|0:0:0|0:0:0|0:0:0|0:0:0|0:0:0|0:0:0|0:0:0|0:0:0|0:0:0|0:0:0|0:0:0|0:0:0|0:0:0|0:0:0|0:0:0|1:1:0|0:0:0|0:0:0|0:0:0|0:0:0|0:0:0|0:0:0|0:1:0|1:2:0|0:0:0|0:0:0|0:0:0|2:0:1|0:0:0|0:0:0|0:0:0|0:0:0","0:0:0|0:0:0|0:0:0|0:0:0|0:0:0|0:0:0|2:0:2|0:0:0|0:0:0|0:0:0|1:1:0|0:0:0|0:0:0|0:0:0|1:1:0|0:0:0|0:0:0|0:0:0|0:0:0|0:0:0|0:0:0|0:0:0|0:0:0|0:0:0|0:0:0|0:0:0|0:0:0|0:0:0|0:0:0|0:0:0|0:0:0|0:0:0|1:1:0|0:0:0|0:0:0|0:0:0|0:0:0|0:0:0|0:0:0|1:1:0|1:2:0|0:0:0|0:0:0|0:0:0|2:0:1|0:0:0|0:0:0|0:0:0|0:0:0"
"7x7-p96","7x7-p96-seeded-random","-1","1","14","0.218750","1","2","O61","HL","21","18","21","19","0","0","2","0","0","0","1","0","1","0:0:0|0:0:0|0:0:0|0:0:0|0:0:0|0:0:0|2:0:2|0:0:0|0:0:0|0:0:0|1:1:0|0:0:0|0:0:0|0:0:0|1:1:0|0:0:0|0:0:0|0:0:0|0:0:0|0:0:0|0:0:0|0:0:0|0:0:0|0:0:0|0:0:0|0:0:0|0:0:0|0:0:0|0:0:0|0:0:0|0:0:0|0:0:0|1:1:0|0:0:0|0:0:0|0:0:0|0:0:0|0:0:0|0:0:0|1:1:0|1:2:0|0:0:0|0:0:0|0:0:0|2:0:1|0:0:0|0:0:0|0:0:0|0:0:0","0:0:0|0:0:0|0:0:0|0:0:0|0:0:0|0:0:0|2:0:2|0:0:0|0:0:0|0:0:0|1:1:0|0:0:0|0:0:0|0:0:0|1:1:0|0:0:0|0:0:0|0:0:0|0:0:0|0:0:0|0:0:0|0:0:0|0:0:0|0:0:0|0:0:0|0:0:0|0:0:0|0:0:0|0:0:0|0:0:0|0:0:0|0:0:0|1:1:0|0:0:0|0:0:0|0:0:0|0:0:0|0:0:0|0:0:0|1:1:0|1:2:0|0:0:0|0:0:0|0:0:1|2:0:1|0:0:0|0:0:0|0:0:0|0:0:0","0:0:0|0:0:0|0:0:0|0:0:0|0:0:0|0:0:0|2:0:2|0:0:0|0:0:0|0:0:0|1:1:0|0:0:0|0:0:0|0:0:0|1:1:0|0:0:0|0:0:0|0:0:0|0:0:0|0:0:0|0:0:0|0:0:0|0:0:0|0:0:0|0:0:0|0:0:0|0:0:0|0:0:0|0:0:0|0:0:0|0:0:0|0:0:0|1:1:0|0:0:0|0:0:0|0:0:0|0:0:0|0:0:0|0:0:0|1:1:0|1:2:0|0:0:0|2:0:1|2:0:1|2:0:1|0:0:0|0:0:0|0:0:0|0:0:0"
"7x7-p96","7x7-p96-seeded-random","-1","1","14","0.218750","2","2","O60","HL","21","19","21","20","0","0","2","0","0","0","1","0","1","0:0:0|0:0:0|0:0:0|0:0:0|0:0:0|0:0:0|2:0:2|0:0:0|0:0:0|0:0:0|1:1:0|0:0:0|0:0:0|0:0:0|1:1:0|0:0:0|0:0:0|0:0:0|0:0:0|0:0:0|0:0:0|0:0:0|0:0:0|0:0:0|0:0:0|0:0:0|0:0:0|0:0:0|0:0:0|0:0:0|0:0:0|0:0:0|1:1:0|0:0:0|0:0:0|0:0:0|0:0:0|0:0:0|0:0:0|1:1:0|1:2:0|0:0:0|0:0:0|0:0:1|2:0:1|0:0:0|0:0:0|0:0:0|0:0:0","0:0:0|0:0:0|0:0:0|0:0:0|0:0:0|0:0:0|2:0:2|0:0:0|0:0:0|0:0:0|1:1:0|0:0:0|0:0:0|0:0:0|1:1:0|0:0:0|0:0:0|0:0:0|0:0:0|0:0:0|0:0:0|0:0:0|0:0:0|0:0:0|0:0:0|0:0:0|0:0:0|0:0:0|0:0:0|0:0:0|0:0:0|0:0:0|1:1:0|0:0:0|0:0:0|0:0:0|0:0:0|0:0:0|0:0:0|1:1:0|1:2:0|0:0:0|0:0:1|0:0:1|2:0:1|0:0:0|0:0:0|0:0:0|0:0:0","0:0:0|0:0:0|0:0:0|0:0:0|0:0:0|0:0:0|2:0:2|0:0:0|0:0:0|0:0:0|1:1:0|0:0:0|0:0:0|0:0:0|1:1:0|0:0:0|0:0:0|0:0:0|0:0:0|0:0:0|0:0:0|0:0:0|0:0:0|0:0:0|0:0:0|0:0:0|0:0:0|0:0:0|0:0:0|0:0:0|0:0:0|0:0:0|1:1:0|0:0:0|0:0:0|0:0:0|0:0:0|0:0:0|0:0:0|1:1:0|1:2:0|0:0:0|2:0:1|2:0:1|2:0:1|0:0:0|0:0:0|0:0:0|0:0:0"
"7x7-p96","7x7-p96-seeded-random","-1","1","15","0.234375","1","1","O00","LL","21","21","22","21","0","0","1","0","0","1","0","1","0","0:0:0|0:0:0|0:0:0|0:0:0|0:0:0|0:0:0|2:0:2|0:0:0|0:0:0|0:0:0|1:1:0|0:0:0|0:0:0|0:0:0|1:1:0|0:0:0|0:0:0|0:0:0|0:0:0|0:0:0|0:0:0|0:0:0|0:0:0|0:0:0|0:0:0|0:0:0|0:0:0|0:0:0|0:0:0|0:0:0|0:0:0|0:0:0|1:1:0|0:0:0|0:0:0|0:0:0|0:0:0|0:0:0|0:0:0|1:1:0|1:2:0|0:0:0|2:0:1|2:0:1|2:0:1|0:0:0|0:0:0|0:0:0|0:0:0","0:1:0|0:0:0|0:0:0|0:0:0|0:0:0|0:0:0|2:0:2|0:0:0|0:0:0|0:0:0|1:1:0|0:0:0|0:0:0|0:0:0|1:1:0|0:0:0|0:0:0|0:0:0|0:0:0|0:0:0|0:0:0|0:0:0|0:0:0|0:0:0|0:0:0|0:0:0|0:0:0|0:0:0|0:0:0|0:0:0|0:0:0|0:0:0|1:1:0|0:0:0|0:0:0|0:0:0|0:0:0|0:0:0|0:0:0|1:1:0|1:2:0|0:0:0|2:0:1|2:0:1|2:0:1|0:0:0|0:0:0|0:0:0|0:0:0","1:1:0|0:0:0|0:0:0|0:0:0|0:0:0|0:0:0|2:0:2|0:0:0|0:0:0|0:0:0|1:1:0|0:0:0|0:0:0|0:0:0|1:1:0|0:0:0|0:0:0|0:0:0|0:0:0|0:0:0|0:0:0|0:0:0|0:0:0|0:0:0|0:0:0|0:0:0|0:0:0|0:0:0|0:0:0|0:0:0|0:0:0|0:0:0|1:1:0|0:0:0|0:0:0|0:0:0|0:0:0|0:0:0|0:0:0|1:1:0|1:2:0|0:0:0|2:0:1|2:0:1|2:0:1|0:0:0|0:0:0|0:0:0|0:0:0"
"7x7-p96","7x7-p96-seeded-random","-1","1","16","0.250000","1","2","O51","HL","24","21","24","22","0","0","2","0","0","0","1","0","1","1:1:0|0:0:0|0:0:0|0:0:0|0:0:0|0:0:0|2:0:2|0:0:0|0:0:0|0:0:0|1:1:0|0:0:0|0:0:0|0:0:0|1:1:0|0:0:0|0:0:0|0:0:0|0:0:0|0:0:0|0:0:0|0:0:0|0:0:0|0:0:0|0:0:0|0:0:0|0:0:0|0:0:0|0:0:0|0:0:0|0:0:0|0:0:0|1:1:0|0:0:0|0:0:0|0:0:0|0:0:0|0:0:0|0:0:0|1:1:0|1:2:0|0:0:0|2:0:1|2:0:1|2:0:1|0:0:0|0:0:0|0:0:0|0:0:0","1:1:0|0:0:0|0:0:0|0:0:0|0:0:0|0:0:0|2:0:2|0:0:0|0:0:0|0:0:0|1:1:0|0:0:0|0:0:0|0:0:0|1:1:0|0:0:0|0:0:0|0:0:0|0:0:0|0:0:0|0:0:0|0:0:0|0:0:0|0:0:0|0:0:0|0:0:0|0:0:0|0:0:0|0:0:0|0:0:0|0:0:0|0:0:0|1:1:0|0:0:0|0:0:0|0:0:0|0:0:1|0:0:0|0:0:0|1:1:0|1:2:0|0:0:0|2:0:1|2:0:1|2:0:1|0:0:0|0:0:0|0:0:0|0:0:0","1:1:0|0:0:0|0:0:0|0:0:0|0:0:0|0:0:0|4:0:3|0:0:0|0:0:0|0:0:0|1:1:0|0:0:0|0:0:0|0:0:0|1:1:0|0:0:0|0:0:0|0:0:0|0:0:0|0:0:0|0:0:0|0:0:0|0:0:0|0:0:0|0:0:0|0:0:0|0:0:0|0:0:0|0:0:0|0:0:0|0:0:0|0:0:0|1:1:0|0:0:0|0:0:0|0:0:0|2:0:1|0:0:0|0:0:0|1:1:0|1:2:0|0:0:0|2:0:1|2:0:1|2:0:1|0:0:0|0:0:0|0:0:0|0:0:0"
"7x7-p96","7x7-p96-seeded-random","-1","1","16","0.250000","2","2","O06","LH","24","22","24","23","2","2","4","0","2","0","3","0","3","1:1:0|0:0:0|0:0:0|0:0:0|0:0:0|0:0:0|2:0:2|0:0:0|0:0:0|0:0:0|1:1:0|0:0:0|0:0:0|0:0:0|1:1:0|0:0:0|0:0:0|0:0:0|0:0:0|0:0:0|0:0:0|0:0:0|0:0:0|0:0:0|0:0:0|0:0:0|0:0:0|0:0:0|0:0:0|0:0:0|0:0:0|0:0:0|1:1:0|0:0:0|0:0:0|0:0:0|0:0:1|0:0:0|0:0:0|1:1:0|1:2:0|0:0:0|2:0:1|2:0:1|2:0:1|0:0:0|0:0:0|0:0:0|0:0:0","1:1:0|0:0:0|0:0:0|0:0:0|0:0:0|0:0:0|2:0:3|0:0:0|0:0:0|0:0:0|1:1:0|0:0:0|0:0:0|0:0:0|1:1:0|0:0:0|0:0:0|0:0:0|0:0:0|0:0:0|0:0:0|0:0:0|0:0:0|0:0:0|0:0:0|0:0:0|0:0:0|0:0:0|0:0:0|0:0:0|0:0:0|0:0:0|1:1:0|0:0:0|0:0:0|0:0:0|0:0:1|0:0:0|0:0:0|1:1:0|1:2:0|0:0:0|2:0:1|2:0:1|2:0:1|0:0:0|0:0:0|0:0:0|0:0:0","1:1:0|0:0:0|0:0:0|0:0:0|0:0:0|0:0:0|4:0:3|0:0:0|0:0:0|0:0:0|1:1:0|0:0:0|0:0:0|0:0:0|1:1:0|0:0:0|0:0:0|0:0:0|0:0:0|0:0:0|0:0:0|0:0:0|0:0:0|0:0:0|0:0:0|0:0:0|0:0:0|0:0:0|0:0:0|0:0:0|0:0:0|0:0:0|1:1:0|0:0:0|0:0:0|0:0:0|2:0:1|0:0:0|0:0:0|1:1:0|1:2:0|0:0:0|2:0:1|2:0:1|2:0:1|0:0:0|0:0:0|0:0:0|0:0:0"
"7x7-p96","7x7-p96-seeded-random","-1","1","17","0.265625","3","1","O05","LH","26","24","27","24","0","1","1","0","0","1","0","1","0","1:1:0|0:0:0|0:0:0|0:0:0|0:0:0|0:0:0|4:0:3|0:0:0|0:0:0|0:0:0|1:1:0|0:0:0|0:0:0|0:0:0|1:1:0|0:0:0|0:0:0|0:0:0|0:0:0|0:0:0|0:0:0|0:0:0|0:0:0|0:0:0|0:0:0|0:0:0|0:0:0|0:0:0|0:0:0|0:0:0|0:0:0|0:0:0|1:1:0|0:0:0|0:0:0|0:0:0|2:0:1|0:0:0|0:0:0|1:1:0|1:2:0|0:0:0|2:0:1|2:0:1|2:0:1|0:0:0|0:0:0|0:0:0|0:0:0","1:1:0|0:0:0|0:0:0|0:0:0|0:0:0|1:1:0|4:0:3|0:0:0|0:0:0|0:0:0|1:1:0|0:0:0|0:0:0|0:0:0|1:1:0|0:0:0|0:0:0|0:0:0|0:0:0|0:0:0|0:0:0|0:0:0|0:0:0|0:0:0|0:0:0|0:0:0|0:0:0|0:0:0|0:0:0|0:0:0|0:0:0|0:0:0|1:1:0|0:0:0|0:0:0|0:0:0|2:0:1|0:0:0|0:0:0|1:1:0|1:2:0|0:0:0|2:0:1|2:0:1|2:0:1|0:0:0|0:0:0|0:0:0|0:0:0","1:1:0|0:0:0|0:0:0|0:0:0|0:0:0|1:1:0|4:0:3|0:0:0|0:0:0|0:0:0|1:1:0|0:0:0|0:0:0|0:0:0|1:1:0|0:0:0|0:0:0|0:0:0|0:0:0|0:0:0|0:0:0|0:0:0|0:0:0|0:0:0|0:0:0|0:0:0|0:0:0|0:0:0|0:0:0|0:0:0|0:0:0|0:0:0|1:1:0|0:0:0|0:0:0|0:0:0|2:0:1|0:0:0|0:0:0|1:1:0|1:2:0|0:0:0|2:0:1|2:0:1|2:0:1|0:0:0|0:0:0|0:0:0|0:0:0"
"7x7-p96","7x7-p96-seeded-random","-1","1","18","0.281250","1","2","O32","MM","27","24","27","25","0","0","2","0","0","0","1","0","1","1:1:0|0:0:0|0:0:0|0:0:0|0:0:0|1:1:0|4:0:3|0:0:0|0:0:0|0:0:0|1:1:0|0:0:0|0:0:0|0:0:0|1:1:0|0:0:0|0:0:0|0:0:0|0:0:0|0:0:0|0:0:0|0:0:0|0:0:0|0:0:0|0:0:0|0:0:0|0:0:0|0:0:0|0:0:0|0:0:0|0:0:0|0:0:0|1:1:0|0:0:0|0:0:0|0:0:0|2:0:1|0:0:0|0:0:0|1:1:0|1:2:0|0:0:0|2:0:1|2:0:1|2:0:1|0:0:0|0:0:0|0:0:0|0:0:0","1:1:0|0:0:0|0:0:0|0:0:0|0:0:0|1:1:0|4:0:3|0:0:0|0:0:0|0:0:0|1:1:0|0:0:0|0:0:0|0:0:0|1:1:0|0:0:0|0:0:0|0:0:0|0:0:0|0:0:0|0:0:0|0:0:0|0:0:0|0:0:1|0:0:0|0:0:0|0:0:0|0:0:0|0:0:0|0:0:0|0:0:0|0:0:0|1:1:0|0:0:0|0:0:0|0:0:0|2:0:1|0:0:0|0:0:0|1:1:0|1:2:0|0:0:0|2:0:1|2:0:1|2:0:1|0:0:0|0:0:0|0:0:0|0:0:0","1:1:0|2:0:1|0:0:0|0:0:0|0:0:0|1:1:0|4:0:3|0:0:0|0:0:0|0:0:0|1:1:0|0:0:0|0:0:0|0:0:0|1:1:0|0:0:0|0:0:0|0:0:0|0:0:0|0:0:0|0:0:0|0:0:0|0:0:0|2:0:1|0:0:0|0:0:0|0:0:0|0:0:0|0:0:0|0:0:0|0:0:0|0:0:0|1:1:0|0:0:0|0:0:0|0:0:0|2:0:2|0:0:0|0:0:0|1:1:0|1:2:0|0:0:0|2:0:1|2:0:1|2:0:1|0:0:0|0:0:0|0:0:0|0:0:0"
"7x7-p96","7x7-p96-seeded-random","-1","1","18","0.281250","2","2","O51","HL","27","25","27","26","2","2","2","0","1","0","2","0","2","1:1:0|0:0:0|0:0:0|0:0:0|0:0:0|1:1:0|4:0:3|0:0:0|0:0:0|0:0:0|1:1:0|0:0:0|0:0:0|0:0:0|1:1:0|0:0:0|0:0:0|0:0:0|0:0:0|0:0:0|0:0:0|0:0:0|0:0:0|0:0:1|0:0:0|0:0:0|0:0:0|0:0:0|0:0:0|0:0:0|0:0:0|0:0:0|1:1:0|0:0:0|0:0:0|0:0:0|2:0:1|0:0:0|0:0:0|1:1:0|1:2:0|0:0:0|2:0:1|2:0:1|2:0:1|0:0:0|0:0:0|0:0:0|0:0:0","1:1:0|0:0:0|0:0:0|0:0:0|0:0:0|1:1:0|4:0:3|0:0:0|0:0:0|0:0:0|1:1:0|0:0:0|0:0:0|0:0:0|1:1:0|0:0:0|0:0:0|0:0:0|0:0:0|0:0:0|0:0:0|0:0:0|0:0:0|0:0:1|0:0:0|0:0:0|0:0:0|0:0:0|0:0:0|0:0:0|0:0:0|0:0:0|1:1:0|0:0:0|0:0:0|0:0:0|2:0:2|0:0:0|0:0:0|1:1:0|1:2:0|0:0:0|2:0:1|2:0:1|2:0:1|0:0:0|0:0:0|0:0:0|0:0:0","1:1:0|2:0:1|0:0:0|0:0:0|0:0:0|1:1:0|4:0:3|0:0:0|0:0:0|0:0:0|1:1:0|0:0:0|0:0:0|0:0:0|1:1:0|0:0:0|0:0:0|0:0:0|0:0:0|0:0:0|0:0:0|0:0:0|0:0:0|2:0:1|0:0:0|0:0:0|0:0:0|0:0:0|0:0:0|0:0:0|0:0:0|0:0:0|1:1:0|0:0:0|0:0:0|0:0:0|2:0:2|0:0:0|0:0:0|1:1:0|1:2:0|0:0:0|2:0:1|2:0:1|2:0:1|0:0:0|0:0:0|0:0:0|0:0:0"
"7x7-p96","7x7-p96-seeded-random","-1","1","18","0.281250","3","2","O01","LL","27","26","27","27","0","2","2","0","0","0","1","0","1","1:1:0|0:0:0|0:0:0|0:0:0|0:0:0|1:1:0|4:0:3|0:0:0|0:0:0|0:0:0|1:1:0|0:0:0|0:0:0|0:0:0|1:1:0|0:0:0|0:0:0|0:0:0|0:0:0|0:0:0|0:0:0|0:0:0|0:0:0|0:0:1|0:0:0|0:0:0|0:0:0|0:0:0|0:0:0|0:0:0|0:0:0|0:0:0|1:1:0|0:0:0|0:0:0|0:0:0|2:0:2|0:0:0|0:0:0|1:1:0|1:2:0|0:0:0|2:0:1|2:0:1|2:0:1|0:0:0|0:0:0|0:0:0|0:0:0","1:1:0|2:0:1|0:0:0|0:0:0|0:0:0|1:1:0|4:0:3|0:0:0|0:0:0|0:0:0|1:1:0|0:0:0|0:0:0|0:0:0|1:1:0|0:0:0|0:0:0|0:0:0|0:0:0|0:0:0|0:0:0|0:0:0|0:0:0|2:0:1|0:0:0|0:0:0|0:0:0|0:0:0|0:0:0|0:0:0|0:0:0|0:0:0|1:1:0|0:0:0|0:0:0|0:0:0|2:0:2|0:0:0|0:0:0|1:1:0|1:2:0|0:0:0|2:0:1|2:0:1|2:0:1|0:0:0|0:0:0|0:0:0|0:0:0","1:1:0|2:0:1|0:0:0|0:0:0|0:0:0|1:1:0|4:0:3|0:0:0|0:0:0|0:0:0|1:1:0|0:0:0|0:0:0|0:0:0|1:1:0|0:0:0|0:0:0|0:0:0|0:0:0|0:0:0|0:0:0|0:0:0|0:0:0|2:0:1|0:0:0|0:0:0|0:0:0|0:0:0|0:0:0|0:0:0|0:0:0|0:0:0|1:1:0|0:0:0|0:0:0|0:0:0|2:0:2|0:0:0|0:0:0|1:1:0|1:2:0|0:0:0|2:0:1|2:0:1|2:0:1|0:0:0|0:0:0|0:0:0|0:0:0"
"7x7-p96","7x7-p96-seeded-random","-1","1","19","0.296875","1","1","O16","LH","27","27","28","27","0","0","1","0","0","1","0","1","0","1:1:0|2:0:1|0:0:0|0:0:0|0:0:0|1:1:0|4:0:3|0:0:0|0:0:0|0:0:0|1:1:0|0:0:0|0:0:0|0:0:0|1:1:0|0:0:0|0:0:0|0:0:0|0:0:0|0:0:0|0:0:0|0:0:0|0:0:0|2:0:1|0:0:0|0:0:0|0:0:0|0:0:0|0:0:0|0:0:0|0:0:0|0:0:0|1:1:0|0:0:0|0:0:0|0:0:0|2:0:2|0:0:0|0:0:0|1:1:0|1:2:0|0:0:0|2:0:1|2:0:1|2:0:1|0:0:0|0:0:0|0:0:0|0:0:0","1:1:0|2:0:1|0:0:0|0:0:0|0:0:0|1:1:0|4:0:3|0:0:0|0:0:0|0:0:0|1:1:0|0:0:0|0:0:0|0:1:0|1:1:0|0:0:0|0:0:0|0:0:0|0:0:0|0:0:0|0:0:0|0:0:0|0:0:0|2:0:1|0:0:0|0:0:0|0:0:0|0:0:0|0:0:0|0:0:0|0:0:0|0:0:0|1:1:0|0:0:0|0:0:0|0:0:0|2:0:2|0:0:0|0:0:0|1:1:0|1:2:0|0:0:0|2:0:1|2:0:1|2:0:1|0:0:0|0:0:0|0:0:0|0:0:0","1:1:0|2:0:1|0:0:0|0:0:0|0:0:0|1:2:0|4:0:3|0:0:0|0:0:0|0:0:0|1:1:0|0:0:0|0:0:0|1:1:0|1:1:0|0:0:0|0:0:0|0:0:0|0:0:0|0:0:0|0:0:0|0:0:0|0:0:0|2:0:1|0:0:0|0:0:0|0:0:0|0:0:0|0:0:0|0:0:0|0:0:0|0:0:0|1:1:0|0:0:0|0:0:0|0:0:0|2:0:2|0:0:0|0:0:0|1:1:0|1:2:0|0:0:0|2:0:1|2:0:1|2:0:1|0:0:0|0:0:0|0:0:0|0:0:0"
"7x7-p96","7x7-p96-seeded-random","-1","1","19","0.296875","3","1","O05","LH","29","27","30","27","1","1","1","1","0","2","0","2","0","1:1:0|2:0:1|0:0:0|0:0:0|0:0:0|1:1:0|4:0:3|0:0:0|0:0:0|0:0:0|1:1:0|0:0:0|0:0:0|0:1:0|1:1:0|0:0:0|0:0:0|0:0:0|0:0:0|0:0:0|0:0:0|0:0:0|0:0:0|2:0:1|0:0:0|0:0:0|0:0:0|0:0:0|0:0:0|0:0:0|0:0:0|0:0:0|1:1:0|0:0:0|0:0:0|0:0:0|2:0:2|0:0:0|0:0:0|1:1:0|1:2:0|0:0:0|2:0:1|2:0:1|2:0:1|0:0:0|0:0:0|0:0:0|0:0:0","1:1:0|2:0:1|0:0:0|0:0:0|0:0:0|1:2:0|4:0:3|0:0:0|0:0:0|0:0:0|1:1:0|0:0:0|0:0:0|1:1:0|1:1:0|0:0:0|0:0:0|0:0:0|0:0:0|0:0:0|0:0:0|0:0:0|0:0:0|2:0:1|0:0:0|0:0:0|0:0:0|0:0:0|0:0:0|0:0:0|0:0:0|0:0:0|1:1:0|0:0:0|0:0:0|0:0:0|2:0:2|0:0:0|0:0:0|1:1:0|1:2:0|0:0:0|2:0:1|2:0:1|2:0:1|0:0:0|0:0:0|0:0:0|0:0:0","1:1:0|2:0:1|0:0:0|0:0:0|0:0:0|1:2:0|4:0:3|0:0:0|0:0:0|0:0:0|1:1:0|0:0:0|0:0:0|1:1:0|1:1:0|0:0:0|0:0:0|0:0:0|0:0:0|0:0:0|0:0:0|0:0:0|0:0:0|2:0:1|0:0:0|0:0:0|0:0:0|0:0:0|0:0:0|0:0:0|0:0:0|0:0:0|1:1:0|0:0:0|0:0:0|0:0:0|2:0:2|0:0:0|0:0:0|1:1:0|1:2:0|0:0:0|2:0:1|2:0:1|2:0:1|0:0:0|0:0:0|0:0:0|0:0:0"
"7x7-p96","7x7-p96-seeded-random","-1","1","20","0.312500","1","2","O25","MH","30","27","30","28","0","0","2","0","0","0","1","0","1","1:1:0|2:0:1|0:0:0|0:0:0|0:0:0|1:2:0|4:0:3|0:0:0|0:0:0|0:0:0|1:1:0|0:0:0|0:0:0|1:1:0|1:1:0|0:0:0|0:0:0|0:0:0|0:0:0|0:0:0|0:0:0|0:0:0|0:0:0|2:0:1|0:0:0|0:0:0|0:0:0|0:0:0|0:0:0|0:0:0|0:0:0|0:0:0|1:1:0|0:0:0|0:0:0|0:0:0|2:0:2|0:0:0|0:0:0|1:1:0|1:2:0|0:0:0|2:0:1|2:0:1|2:0:1|0:0:0|0:0:0|0:0:0|0:0:0","1:1:0|2:0:1|0:0:0|0:0:0|0:0:0|1:2:0|4:0:3|0:0:0|0:0:0|0:0:0|1:1:0|0:0:0|0:0:0|1:1:0|1:1:0|0:0:0|0:0:0|0:0:0|0:0:0|0:0:1|0:0:0|0:0:0|0:0:0|2:0:1|0:0:0|0:0:0|0:0:0|0:0:0|0:0:0|0:0:0|0:0:0|0:0:0|1:1:0|0:0:0|0:0:0|0:0:0|2:0:2|0:0:0|0:0:0|1:1:0|1:2:0|0:0:0|2:0:1|2:0:1|2:0:1|0:0:0|0:0:0|0:0:0|0:0:0","1:1:0|2:0:1|0:0:0|0:0:0|0:0:0|1:2:0|4:0:3|0:0:0|0:0:0|0:0:0|1:1:0|0:0:0|0:0:0|1:1:0|1:1:0|0:0:0|0:0:0|0:0:0|0:0:0|2:0:1|0:0:0|0:0:0|0:0:0|2:0:1|0:0:0|0:0:0|0:0:0|0:0:0|0:0:0|0:0:0|0:0:0|0:0:0|1:1:0|0:0:0|0:0:0|0:0:0|2:0:2|0:0:0|0:0:0|1:1:0|1:2:0|0:0:0|2:0:1|2:0:1|2:0:1|0:0:0|0:0:0|0:0:0|0:0:0"
"7x7-p96","7x7-p96-seeded-random","-1","1","21","0.328125","1","1","O55","HH","30","30","31","30","1","1","3","2","0","3","0","3","0","1:1:0|2:0:1|0:0:0|0:0:0|0:0:0|1:2:0|4:0:3|0:0:0|0:0:0|0:0:0|1:1:0|0:0:0|0:0:0|1:1:0|1:1:0|0:0:0|0:0:0|0:0:0|0:0:0|2:0:1|0:0:0|0:0:0|0:0:0|2:0:1|0:0:0|0:0:0|0:0:0|0:0:0|0:0:0|0:0:0|0:0:0|0:0:0|1:1:0|0:0:0|0:0:0|0:0:0|2:0:2|0:0:0|0:0:0|1:1:0|1:2:0|0:0:0|2:0:1|2:0:1|2:0:1|0:0:0|0:0:0|0:0:0|0:0:0","1:1:0|2:0:1|0:0:0|0:0:0|0:0:0|1:2:0|4:0:3|0:0:0|0:0:0|0:0:0|1:1:0|0:0:0|0:0:0|1:1:0|1:1:0|0:0:0|0:0:0|0:0:0|0:0:0|2:0:1|0:0:0|0:0:0|0:0:0|2:0:1|0:0:0|0:0:0|0:0:0|0:0:0|0:0:0|0:0:0|0:0:0|0:0:0|1:1:0|0:0:0|0:0:0|0:0:0|2:0:2|0:0:0|0:0:0|1:1:0|1:3:0|0:0:0|2:0:1|2:0:1|2:0:1|0:0:0|0:0:0|0:0:0|0:0:0","1:1:0|2:0:1|0:0:0|0:0:0|0:0:0|1:2:0|4:0:3|0:0:0|0:0:0|0:0:0|1:1:0|0:0:0|0:0:0|1:1:0|1:1:0|0:0:0|0:0:0|0:0:0|0:0:0|2:0:1|0:0:0|0:0:0|0:0:0|2:0:1|0:0:0|0:0:0|0:0:0|0:0:0|0:0:0|0:0:0|0:0:0|0:0:0|1:1:0|0:0:0|0:0:0|0:0:0|2:0:2|0:0:0|1:1:0|1:1:0|3:3:0|0:0:0|2:0:1|2:0:1|2:0:1|0:0:0|0:0:0|0:0:0|0:0:0"
"7x7-p96","7x7-p96-seeded-random","-1","1","21","0.328125","2","1","O53","HM","31","30","32","30","0","0","1","0","0","1","0","1","0","1:1:0|2:0:1|0:0:0|0:0:0|0:0:0|1:2:0|4:0:3|0:0:0|0:0:0|0:0:0|1:1:0|0:0:0|0:0:0|1:1:0|1:1:0|0:0:0|0:0:0|0:0:0|0:0:0|2:0:1|0:0:0|0:0:0|0:0:0|2:0:1|0:0:0|0:0:0|0:0:0|0:0:0|0:0:0|0:0:0|0:0:0|0:0:0|1:1:0|0:0:0|0:0:0|0:0:0|2:0:2|0:0:0|0:0:0|1:1:0|1:3:0|0:0:0|2:0:1|2:0:1|2:0:1|0:0:0|0:0:0|0:0:0|0:0:0","1:1:0|2:0:1|0:0:0|0:0:0|0:0:0|1:2:0|4:0:3|0:0:0|0:0:0|0:0:0|1:1:0|0:0:0|0:0:0|1:1:0|1:1:0|0:0:0|0:0:0|0:0:0|0:0:0|2:0:1|0:0:0|0:0:0|0:0:0|2:0:1|0:0:0|0:0:0|0:0:0|0:0:0|0:0:0|0:0:0|0:0:0|0:0:0|1:1:0|0:0:0|0:0:0|0:0:0|2:0:2|0:0:0|0:1:0|1:1:0|1:3:0|0:0:0|2:0:1|2:0:1|2:0:1|0:0:0|0:0:0|0:0:0|0:0:0","1:1:0|2:0:1|0:0:0|0:0:0|0:0:0|1:2:0|4:0:3|0:0:0|0:0:0|0:0:0|1:1:0|0:0:0|0:0:0|1:1:0|1:1:0|0:0:0|0:0:0|0:0:0|0:0:0|2:0:1|0:0:0|0:0:0|0:0:0|2:0:1|0:0:0|0:0:0|0:0:0|0:0:0|0:0:0|0:0:0|0:0:0|0:0:0|1:1:0|0:0:0|0:0:0|0:0:0|2:0:2|0:0:0|1:1:0|1:1:0|3:3:0|0:0:0|2:0:1|2:0:1|2:0:1|0:0:0|0:0:0|0:0:0|0:0:0"
"7x7-p96","7x7-p96-seeded-random","-1","1","22","0.343750","2","2","O25","MH","33","31","33","32","2","2","2","0","1","0","2","0","2","1:1:0|2:0:1|0:0:0|0:0:0|0:0:0|1:2:0|4:0:3|0:0:0|0:0:0|0:0:0|1:1:0|0:0:0|0:0:0|1:1:0|1:1:0|0:0:0|0:0:0|0:0:0|0:0:0|2:0:1|0:0:0|0:0:0|0:0:0|2:0:1|0:0:0|0:0:0|0:0:0|0:0:0|0:0:0|0:0:0|0:0:0|0:0:0|1:1:0|0:0:0|0:0:0|0:0:0|2:0:2|0:0:0|1:1:0|1:1:0|3:3:0|0:0:0|2:0:1|2:0:1|2:0:1|0:0:0|0:0:0|0:0:0|0:0:0","1:1:0|2:0:1|0:0:0|0:0:0|0:0:0|1:2:0|4:0:3|0:0:0|0:0:0|0:0:0|1:1:0|0:0:0|0:0:0|1:1:0|1:1:0|0:0:0|0:0:0|0:0:0|0:0:0|2:0:2|0:0:0|0:0:0|0:0:0|2:0:1|0:0:0|0:0:0|0:0:0|0:0:0|0:0:0|0:0:0|0:0:0|0:0:0|1:1:0|0:0:0|0:0:0|0:0:0|2:0:2|0:0:0|1:1:0|1:1:0|3:3:0|0:0:0|2:0:1|2:0:1|2:0:1|0:0:0|0:0:0|0:0:0|0:0:0","1:1:0|2:0:1|0:0:0|0:0:0|0:0:0|1:2:0|4:0:3|0:0:0|0:0:0|0:0:0|1:1:0|0:0:0|0:0:0|1:1:0|1:1:0|0:0:0|0:0:0|0:0:0|0:0:0|2:0:2|0:0:0|0:0:0|0:0:0|2:0:1|0:0:0|0:0:0|0:0:0|0:0:0|0:0:0|0:0:0|2:0:1|0:0:0|1:1:0|0:0:0|0:0:0|0:0:0|2:0:2|0:0:0|1:1:0|1:1:0|3:3:0|0:0:0|2:0:1|2:0:1|2:0:1|0:0:0|0:0:0|0:0:0|0:0:0"
"7x7-p96","7x7-p96-seeded-random","-1","1","22","0.343750","3","2","O42","MM","33","32","33","33","0","2","2","0","0","0","1","0","1","1:1:0|2:0:1|0:0:0|0:0:0|0:0:0|1:2:0|4:0:3|0:0:0|0:0:0|0:0:0|1:1:0|0:0:0|0:0:0|1:1:0|1:1:0|0:0:0|0:0:0|0:0:0|0:0:0|2:0:2|0:0:0|0:0:0|0:0:0|2:0:1|0:0:0|0:0:0|0:0:0|0:0:0|0:0:0|0:0:0|0:0:0|0:0:0|1:1:0|0:0:0|0:0:0|0:0:0|2:0:2|0:0:0|1:1:0|1:1:0|3:3:0|0:0:0|2:0:1|2:0:1|2:0:1|0:0:0|0:0:0|0:0:0|0:0:0","1:1:0|2:0:1|0:0:0|0:0:0|0:0:0|1:2:0|4:0:3|0:0:0|0:0:0|0:0:0|1:1:0|0:0:0|0:0:0|1:1:0|1:1:0|0:0:0|0:0:0|0:0:0|0:0:0|2:0:2|0:0:0|0:0:0|0:0:0|2:0:1|0:0:0|0:0:0|0:0:0|0:0:0|0:0:0|0:0:0|2:0:1|0:0:0|1:1:0|0:0:0|0:0:0|0:0:0|2:0:2|0:0:0|1:1:0|1:1:0|3:3:0|0:0:0|2:0:1|2:0:1|2:0:1|0:0:0|0:0:0|0:0:0|0:0:0","1:1:0|2:0:1|0:0:0|0:0:0|0:0:0|1:2:0|4:0:3|0:0:0|0:0:0|0:0:0|1:1:0|0:0:0|0:0:0|1:1:0|1:1:0|0:0:0|0:0:0|0:0:0|0:0:0|2:0:2|0:0:0|0:0:0|0:0:0|2:0:1|0:0:0|0:0:0|0:0:0|0:0:0|0:0:0|0:0:0|2:0:1|0:0:0|1:1:0|0:0:0|0:0:0|0:0:0|2:0:2|0:0:0|1:1:0|1:1:0|3:3:0|0:0:0|2:0:1|2:0:1|2:0:1|0:0:0|0:0:0|0:0:0|0:0:0"
"7x7-p96","7x7-p96-seeded-random","-1","1","23","0.359375","3","1","O23","MM","35","33","36","33","0","1","1","0","0","1","0","1","0","1:1:0|2:0:1|0:0:0|0:0:0|0:0:0|1:2:0|4:0:3|0:0:0|0:0:0|0:0:0|1:1:0|0:0:0|0:0:0|1:1:0|1:1:0|0:0:0|0:0:0|0:0:0|0:0:0|2:0:2|0:0:0|0:0:0|0:0:0|2:0:1|0:0:0|0:0:0|0:0:0|0:0:0|0:0:0|0:0:0|2:0:1|0:0:0|1:1:0|0:0:0|0:0:0|0:0:0|2:0:2|0:0:0|1:1:0|1:1:0|3:3:0|0:0:0|2:0:1|2:0:1|2:0:1|0:0:0|0:0:0|0:0:0|0:0:0","1:1:0|2:0:1|0:0:0|0:0:0|0:0:0|1:2:0|4:0:3|0:0:0|0:0:0|0:0:0|1:1:0|0:0:0|0:0:0|1:1:0|1:1:0|0:0:0|0:0:0|1:1:0|0:0:0|2:0:2|0:0:0|0:0:0|0:0:0|2:0:1|0:0:0|0:0:0|0:0:0|0:0:0|0:0:0|0:0:0|2:0:1|0:0:0|1:1:0|0:0:0|0:0:0|0:0:0|2:0:2|0:0:0|1:1:0|1:1:0|3:3:0|0:0:0|2:0:1|2:0:1|2:0:1|0:0:0|0:0:0|0:0:0|0:0:0","1:1:0|2:0:1|0:0:0|0:0:0|0:0:0|1:2:0|4:0:3|0:0:0|0:0:0|0:0:0|1:1:0|0:0:0|0:0:0|1:1:0|1:1:0|0:0:0|0:0:0|1:1:0|0:0:0|2:0:2|0:0:0|0:0:0|0:0:0|2:0:1|0:0:0|0:0:0|0:0:0|0:0:0|0:0:0|0:0:0|2:0:1|0:0:0|1:1:0|0:0:0|0:0:0|0:0:0|2:0:2|0:0:0|1:1:0|1:1:0|3:3:0|0:0:0|2:0:1|2:0:1|2:0:1|0:0:0|0:0:0|0:0:0|0:0:0"
"7x7-p96","7x7-p96-seeded-random","-1","1","24","0.375000","3","2","O25","MH","36","35","36","36","2","4","4","0","2","0","3","0","3","1:1:0|2:0:1|0:0:0|0:0:0|0:0:0|1:2:0|4:0:3|0:0:0|0:0:0|0:0:0|1:1:0|0:0:0|0:0:0|1:1:0|1:1:0|0:0:0|0:0:0|1:1:0|0:0:0|2:0:2|0:0:0|0:0:0|0:0:0|2:0:1|0:0:0|0:0:0|0:0:0|0:0:0|0:0:0|0:0:0|2:0:1|0:0:0|1:1:0|0:0:0|0:0:0|0:0:0|2:0:2|0:0:0|1:1:0|1:1:0|3:3:0|0:0:0|2:0:1|2:0:1|2:0:1|0:0:0|0:0:0|0:0:0|0:0:0","1:1:0|2:0:1|0:0:0|0:0:0|0:0:0|1:2:0|4:0:3|0:0:0|0:0:0|0:0:0|1:1:0|0:0:0|0:0:0|1:1:0|1:1:0|0:0:0|0:0:0|1:1:0|0:0:0|4:0:3|0:0:0|0:0:0|0:0:0|2:0:1|0:0:0|0:0:0|0:0:0|0:0:0|0:0:0|0:0:0|2:0:1|0:0:0|1:1:0|0:0:0|0:0:0|0:0:0|2:0:2|0:0:0|1:1:0|1:1:0|3:3:0|0:0:0|2:0:1|2:0:1|2:0:1|0:0:0|0:0:0|0:0:0|0:0:0","1:1:0|2:0:1|0:0:0|0:0:0|0:0:0|1:2:0|4:0:3|0:0:0|0:0:0|0:0:0|1:1:0|0:0:0|0:0:0|1:1:0|1:1:0|0:0:0|0:0:0|1:1:0|0:0:0|4:0:3|0:0:0|0:0:0|0:0:0|2:0:1|0:0:0|0:0:0|0:0:0|0:0:0|0:0:0|0:0:0|2:0:1|0:0:0|1:1:0|0:0:0|0:0:0|0:0:0|2:0:2|0:0:0|1:1:0|1:1:0|3:3:0|0:0:0|2:0:1|2:0:1|2:0:1|0:0:0|0:0:0|0:0:0|0:0:0"
"7x7-p96","7x7-p96-seeded-random","-1","1","25","0.390625","1","1","O02","LM","36","36","37","36","0","0","1","0","0","1","0","1","0","1:1:0|2:0:1|0:0:0|0:0:0|0:0:0|1:2:0|4:0:3|0:0:0|0:0:0|0:0:0|1:1:0|0:0:0|0:0:0|1:1:0|1:1:0|0:0:0|0:0:0|1:1:0|0:0:0|4:0:3|0:0:0|0:0:0|0:0:0|2:0:1|0:0:0|0:0:0|0:0:0|0:0:0|0:0:0|0:0:0|2:0:1|0:0:0|1:1:0|0:0:0|0:0:0|0:0:0|2:0:2|0:0:0|1:1:0|1:1:0|3:3:0|0:0:0|2:0:1|2:0:1|2:0:1|0:0:0|0:0:0|0:0:0|0:0:0","1:1:0|2:0:1|0:1:0|0:0:0|0:0:0|1:2:0|4:0:3|0:0:0|0:0:0|0:0:0|1:1:0|0:0:0|0:0:0|1:1:0|1:1:0|0:0:0|0:0:0|1:1:0|0:0:0|4:0:3|0:0:0|0:0:0|0:0:0|2:0:1|0:0:0|0:0:0|0:0:0|0:0:0|0:0:0|0:0:0|2:0:1|0:0:0|1:1:0|0:0:0|0:0:0|0:0:0|2:0:2|0:0:0|1:1:0|1:1:0|3:3:0|0:0:0|2:0:1|2:0:1|2:0:1|0:0:0|0:0:0|0:0:0|0:0:0","1:1:0|2:0:1|1:1:0|0:0:0|0:0:0|1:2:0|4:0:3|0:0:0|0:0:0|0:0:0|1:1:0|0:0:0|0:0:0|1:1:0|1:1:0|0:0:0|0:0:0|1:1:0|0:0:0|4:0:3|0:0:0|0:0:0|0:0:0|2:0:1|1:1:0|0:0:0|0:0:0|0:0:0|0:0:0|0:0:0|2:0:1|0:0:0|1:1:0|0:0:0|0:0:0|0:0:0|2:0:2|0:0:0|1:1:0|1:1:0|3:3:0|0:0:0|2:0:1|2:0:1|2:0:1|0:0:0|0:0:0|0:0:0|0:0:0"
"7x7-p96","7x7-p96-seeded-random","-1","1","25","0.390625","3","1","O33","MM","38","36","39","36","0","1","1","0","0","1","0","1","0","1:1:0|2:0:1|0:1:0|0:0:0|0:0:0|1:2:0|4:0:3|0:0:0|0:0:0|0:0:0|1:1:0|0:0:0|0:0:0|1:1:0|1:1:0|0:0:0|0:0:0|1:1:0|0:0:0|4:0:3|0:0:0|0:0:0|0:0:0|2:0:1|0:0:0|0:0:0|0:0:0|0:0:0|0:0:0|0:0:0|2:0:1|0:0:0|1:1:0|0:0:0|0:0:0|0:0:0|2:0:2|0:0:0|1:1:0|1:1:0|3:3:0|0:0:0|2:0:1|2:0:1|2:0:1|0:0:0|0:0:0|0:0:0|0:0:0","1:1:0|2:0:1|1:1:0|0:0:0|0:0:0|1:2:0|4:0:3|0:0:0|0:0:0|0:0:0|1:1:0|0:0:0|0:0:0|1:1:0|1:1:0|0:0:0|0:0:0|1:1:0|0:0:0|4:0:3|0:0:0|0:0:0|0:0:0|2:0:1|1:1:0|0:0:0|0:0:0|0:0:0|0:0:0|0:0:0|2:0:1|0:0:0|1:1:0|0:0:0|0:0:0|0:0:0|2:0:2|0:0:0|1:1:0|1:1:0|3:3:0|0:0:0|2:0:1|2:0:1|2:0:1|0:0:0|0:0:0|0:0:0|0:0:0","1:1:0|2:0:1|1:1:0|0:0:0|0:0:0|1:2:0|4:0:3|0:0:0|0:0:0|0:0:0|1:1:0|0:0:0|0:0:0|1:1:0|1:1:0|0:0:0|0:0:0|1:1:0|0:0:0|4:0:3|0:0:0|0:0:0|0:0:0|2:0:1|1:1:0|0:0:0|0:0:0|0:0:0|0:0:0|0:0:0|2:0:1|0:0:0|1:1:0|0:0:0|0:0:0|0:0:0|2:0:2|0:0:0|1:1:0|1:1:0|3:3:0|0:0:0|2:0:1|2:0:1|2:0:1|0:0:0|0:0:0|0:0:0|0:0:0"
"7x7-p96","7x7-p96-seeded-random","-1","1","26","0.406250","2","2","O33","MM","39","37","39","38","1","1","0","1","0","1","1","1","1","1:1:0|2:0:1|1:1:0|0:0:0|0:0:0|1:2:0|4:0:3|0:0:0|0:0:0|0:0:0|1:1:0|0:0:0|0:0:0|1:1:0|1:1:0|0:0:0|0:0:0|1:1:0|0:0:0|4:0:3|0:0:0|0:0:0|0:0:0|2:0:1|1:1:0|0:0:0|0:0:0|0:0:0|0:0:0|0:0:0|2:0:1|0:0:0|1:1:0|0:0:0|0:0:0|0:0:0|2:0:2|0:0:0|1:1:0|1:1:0|3:3:0|0:0:0|2:0:1|2:0:1|2:0:1|0:0:0|0:0:0|0:0:0|0:0:0","1:1:0|2:0:1|1:1:0|0:0:0|0:0:0|1:2:0|4:0:3|0:0:0|0:0:0|0:0:0|1:1:0|0:0:0|0:0:0|1:1:0|1:1:0|0:0:0|0:0:0|1:1:0|0:0:0|4:0:3|0:0:0|0:0:0|0:0:0|2:0:1|1:1:1|0:0:0|0:0:0|0:0:0|0:0:0|0:0:0|2:0:1|0:0:0|1:1:0|0:0:0|0:0:0|0:0:0|2:0:2|0:0:0|1:1:0|1:1:0|3:3:0|0:0:0|2:0:1|2:0:1|2:0:1|0:0:0|0:0:0|0:0:0|0:0:0","1:1:0|2:0:1|1:1:0|0:0:0|0:0:0|1:2:0|4:0:3|0:0:0|0:0:0|0:0:0|1:1:0|0:0:0|0:0:0|1:1:0|1:1:0|0:0:0|0:0:0|1:1:0|0:0:0|4:0:3|0:0:0|0:0:0|0:0:0|2:0:1|0:1:1|0:0:0|0:0:0|0:0:0|0:0:0|0:0:0|2:0:2|0:0:0|1:1:0|0:0:0|0:0:0|0:0:0|2:0:2|0:0:0|1:1:0|1:1:0|3:3:0|0:0:0|2:0:1|2:0:1|2:0:1|0:0:0|0:0:0|0:0:0|0:0:0"
"7x7-p96","7x7-p96-seeded-random","-1","1","26","0.406250","3","2","O42","MM","39","38","39","39","2","2","2","0","1","0","2","0","2","1:1:0|2:0:1|1:1:0|0:0:0|0:0:0|1:2:0|4:0:3|0:0:0|0:0:0|0:0:0|1:1:0|0:0:0|0:0:0|1:1:0|1:1:0|0:0:0|0:0:0|1:1:0|0:0:0|4:0:3|0:0:0|0:0:0|0:0:0|2:0:1|1:1:1|0:0:0|0:0:0|0:0:0|0:0:0|0:0:0|2:0:1|0:0:0|1:1:0|0:0:0|0:0:0|0:0:0|2:0:2|0:0:0|1:1:0|1:1:0|3:3:0|0:0:0|2:0:1|2:0:1|2:0:1|0:0:0|0:0:0|0:0:0|0:0:0","1:1:0|2:0:1|1:1:0|0:0:0|0:0:0|1:2:0|4:0:3|0:0:0|0:0:0|0:0:0|1:1:0|0:0:0|0:0:0|1:1:0|1:1:0|0:0:0|0:0:0|1:1:0|0:0:0|4:0:3|0:0:0|0:0:0|0:0:0|2:0:1|0:1:1|0:0:0|0:0:0|0:0:0|0:0:0|0:0:0|2:0:2|0:0:0|1:1:0|0:0:0|0:0:0|0:0:0|2:0:2|0:0:0|1:1:0|1:1:0|3:3:0|0:0:0|2:0:1|2:0:1|2:0:1|0:0:0|0:0:0|0:0:0|0:0:0","1:1:0|2:0:1|1:1:0|0:0:0|0:0:0|1:2:0|4:0:3|0:0:0|0:0:0|0:0:0|1:1:0|0:0:0|0:0:0|1:1:0|1:1:0|0:0:0|0:0:0|1:1:0|0:0:0|4:0:3|0:0:0|0:0:0|0:0:0|2:0:1|0:1:1|0:0:0|0:0:0|0:0:0|0:0:0|0:0:0|2:0:2|0:0:0|1:1:0|0:0:0|0:0:0|0:0:0|2:0:2|0:0:0|1:1:0|1:1:0|3:3:0|0:0:0|2:0:1|2:0:1|2:0:1|0:0:0|0:0:0|0:0:0|0:0:0"
"7x7-p96","7x7-p96-seeded-random","-1","1","27","0.421875","2","1","O64","HM","40","39","41","39","0","0","1","0","0","1","0","1","0","1:1:0|2:0:1|1:1:0|0:0:0|0:0:0|1:2:0|4:0:3|0:0:0|0:0:0|0:0:0|1:1:0|0:0:0|0:0:0|1:1:0|1:1:0|0:0:0|0:0:0|1:1:0|0:0:0|4:0:3|0:0:0|0:0:0|0:0:0|2:0:1|0:1:1|0:0:0|0:0:0|0:0:0|0:0:0|0:0:0|2:0:2|0:0:0|1:1:0|0:0:0|0:0:0|0:0:0|2:0:2|0:0:0|1:1:0|1:1:0|3:3:0|0:0:0|2:0:1|2:0:1|2:0:1|0:0:0|0:0:0|0:0:0|0:0:0","1:1:0|2:0:1|1:1:0|0:0:0|0:0:0|1:2:0|4:0:3|0:0:0|0:0:0|0:0:0|1:1:0|0:0:0|0:0:0|1:1:0|1:1:0|0:0:0|0:0:0|1:1:0|0:0:0|4:0:3|0:0:0|0:0:0|0:0:0|2:0:1|0:1:1|0:0:0|0:0:0|0:0:0|0:0:0|0:0:0|2:0:2|0:0:0|1:1:0|0:0:0|0:0:0|0:0:0|2:0:2|0:0:0|1:1:0|1:1:0|3:3:0|0:0:0|2:0:1|2:0:1|2:0:1|0:0:0|0:1:0|0:0:0|0:0:0","1:1:0|2:0:1|1:1:0|1:1:0|0:0:0|1:2:0|4:0:3|0:0:0|0:0:0|0:0:0|1:1:0|0:0:0|0:0:0|1:1:0|1:1:0|0:0:0|0:0:0|1:1:0|0:0:0|4:0:3|0:0:0|0:0:0|0:0:0|2:0:1|0:1:1|0:0:0|0:0:0|0:0:0|0:0:0|0:0:0|2:0:2|0:0:0|1:1:0|0:0:0|0:0:0|0:0:0|2:0:2|0:0:0|1:1:0|1:1:0|3:3:0|0:0:0|2:0:1|2:0:1|2:0:1|0:0:0|1:1:0|0:0:0|0:0:0"
"7x7-p96","7x7-p96-seeded-random","-1","1","27","0.421875","3","1","O03","LM","41","39","42","39","0","1","1","0","0","1","0","1","0","1:1:0|2:0:1|1:1:0|0:0:0|0:0:0|1:2:0|4:0:3|0:0:0|0:0:0|0:0:0|1:1:0|0:0:0|0:0:0|1:1:0|1:1:0|0:0:0|0:0:0|1:1:0|0:0:0|4:0:3|0:0:0|0:0:0|0:0:0|2:0:1|0:1:1|0:0:0|0:0:0|0:0:0|0:0:0|0:0:0|2:0:2|0:0:0|1:1:0|0:0:0|0:0:0|0:0:0|2:0:2|0:0:0|1:1:0|1:1:0|3:3:0|0:0:0|2:0:1|2:0:1|2:0:1|0:0:0|0:1:0|0:0:0|0:0:0","1:1:0|2:0:1|1:1:0|1:1:0|0:0:0|1:2:0|4:0:3|0:0:0|0:0:0|0:0:0|1:1:0|0:0:0|0:0:0|1:1:0|1:1:0|0:0:0|0:0:0|1:1:0|0:0:0|4:0:3|0:0:0|0:0:0|0:0:0|2:0:1|0:1:1|0:0:0|0:0:0|0:0:0|0:0:0|0:0:0|2:0:2|0:0:0|1:1:0|0:0:0|0:0:0|0:0:0|2:0:2|0:0:0|1:1:0|1:1:0|3:3:0|0:0:0|2:0:1|2:0:1|2:0:1|0:0:0|1:1:0|0:0:0|0:0:0","1:1:0|2:0:1|1:1:0|1:1:0|0:0:0|1:2:0|4:0:3|0:0:0|0:0:0|0:0:0|1:1:0|0:0:0|0:0:0|1:1:0|1:1:0|0:0:0|0:0:0|1:1:0|0:0:0|4:0:3|0:0:0|0:0:0|0:0:0|2:0:1|0:1:1|0:0:0|0:0:0|0:0:0|0:0:0|0:0:0|2:0:2|0:0:0|1:1:0|0:0:0|0:0:0|0:0:0|2:0:2|0:0:0|1:1:0|1:1:0|3:3:0|0:0:0|2:0:1|2:0:1|2:0:1|0:0:0|1:1:0|0:0:0|0:0:0"
"7x7-p96","7x7-p96-seeded-random","-1","1","28","0.437500","3","2","O22","MM","42","41","42","42","0","2","2","0","0","0","1","0","1","1:1:0|2:0:1|1:1:0|1:1:0|0:0:0|1:2:0|4:0:3|0:0:0|0:0:0|0:0:0|1:1:0|0:0:0|0:0:0|1:1:0|1:1:0|0:0:0|0:0:0|1:1:0|0:0:0|4:0:3|0:0:0|0:0:0|0:0:0|2:0:1|0:1:1|0:0:0|0:0:0|0:0:0|0:0:0|0:0:0|2:0:2|0:0:0|1:1:0|0:0:0|0:0:0|0:0:0|2:0:2|0:0:0|1:1:0|1:1:0|3:3:0|0:0:0|2:0:1|2:0:1|2:0:1|0:0:0|1:1:0|0:0:0|0:0:0","1:1:0|2:0:1|1:1:0|1:1:0|0:0:0|1:2:0|4:0:3|0:0:0|0:0:0|0:0:0|1:1:0|0:0:0|0:0:0|1:1:0|1:1:0|0:0:0|2:0:1|1:1:0|0:0:0|4:0:3|0:0:0|0:0:0|0:0:0|2:0:1|0:1:1|0:0:0|0:0:0|0:0:0|0:0:0|0:0:0|2:0:2|0:0:0|1:1:0|0:0:0|0:0:0|0:0:0|2:0:2|0:0:0|1:1:0|1:1:0|3:3:0|0:0:0|2:0:1|2:0:1|2:0:1|0:0:0|1:1:0|0:0:0|0:0:0","1:1:0|2:0:1|1:1:0|1:1:0|0:0:0|1:2:0|4:0:3|0:0:0|0:0:0|0:0:0|1:1:0|0:0:0|0:0:0|1:1:0|1:1:0|0:0:0|2:0:1|1:1:0|0:0:0|4:0:3|0:0:0|0:0:0|0:0:0|2:0:1|0:1:1|0:0:0|0:0:0|0:0:0|0:0:0|0:0:0|2:0:2|0:0:0|1:1:0|0:0:0|0:0:0|0:0:0|2:0:2|0:0:0|1:1:0|1:1:0|3:3:0|0:0:0|2:0:1|2:0:1|2:0:1|0:0:0|1:1:0|0:0:0|0:0:0"
"7x7-p96","7x7-p96-seeded-random","-1","1","29","0.453125","3","1","O30","ML","44","42","45","42","0","1","1","0","0","1","0","1","0","1:1:0|2:0:1|1:1:0|1:1:0|0:0:0|1:2:0|4:0:3|0:0:0|0:0:0|0:0:0|1:1:0|0:0:0|0:0:0|1:1:0|1:1:0|0:0:0|2:0:1|1:1:0|0:0:0|4:0:3|0:0:0|0:0:0|0:0:0|2:0:1|0:1:1|0:0:0|0:0:0|0:0:0|0:0:0|0:0:0|2:0:2|0:0:0|1:1:0|0:0:0|0:0:0|0:0:0|2:0:2|0:0:0|1:1:0|1:1:0|3:3:0|0:0:0|2:0:1|2:0:1|2:0:1|0:0:0|1:1:0|0:0:0|0:0:0","1:1:0|2:0:1|1:1:0|1:1:0|0:0:0|1:2:0|4:0:3|0:0:0|0:0:0|0:0:0|1:1:0|0:0:0|0:0:0|1:1:0|1:1:0|0:0:0|2:0:1|1:1:0|0:0:0|4:0:3|0:0:0|1:1:0|0:0:0|2:0:1|0:1:1|0:0:0|0:0:0|0:0:0|0:0:0|0:0:0|2:0:2|0:0:0|1:1:0|0:0:0|0:0:0|0:0:0|2:0:2|0:0:0|1:1:0|1:1:0|3:3:0|0:0:0|2:0:1|2:0:1|2:0:1|0:0:0|1:1:0|0:0:0|0:0:0","1:1:0|2:0:1|1:1:0|1:1:0|0:0:0|1:2:0|4:0:3|0:0:0|0:0:0|0:0:0|1:1:0|0:0:0|0:0:0|1:1:0|1:1:0|0:0:0|2:0:1|1:1:0|0:0:0|4:0:3|0:0:0|1:1:0|0:0:0|2:0:1|0:1:1|0:0:0|0:0:0|0:0:0|0:0:0|0:0:0|2:0:2|0:0:0|1:1:0|0:0:0|0:0:0|0:0:0|2:0:2|0:0:0|1:1:0|1:1:0|3:3:0|0:0:0|2:0:1|2:0:1|2:0:1|0:0:0|1:1:0|0:0:0|0:0:0"
"7x7-p96","7x7-p96-seeded-random","-1","1","31","0.484375","3","1","O21","ML","47","45","48","45","0","1","1","0","0","1","0","1","0","1:1:0|2:0:1|1:1:0|1:1:0|0:0:0|1:2:0|4:0:3|0:0:0|0:0:0|0:0:0|1:1:0|0:0:0|0:0:0|1:1:0|1:1:0|0:0:0|2:0:1|1:1:0|0:0:0|4:0:3|0:0:0|1:1:0|0:0:0|2:0:1|0:1:1|0:0:0|0:0:0|0:0:0|0:0:0|0:0:0|2:0:2|0:0:0|1:1:0|0:0:0|0:0:0|0:0:0|2:0:2|0:0:0|1:1:0|1:1:0|3:3:0|0:0:0|2:0:1|2:0:1|2:0:1|0:0:0|1:1:0|0:0:0|0:0:0","1:1:0|2:0:1|1:1:0|1:1:0|0:0:0|1:2:0|4:0:3|0:0:0|0:0:0|0:0:0|1:1:0|0:0:0|0:0:0|1:1:0|1:1:0|1:1:0|2:0:1|1:1:0|0:0:0|4:0:3|0:0:0|1:1:0|0:0:0|2:0:1|0:1:1|0:0:0|0:0:0|0:0:0|0:0:0|0:0:0|2:0:2|0:0:0|1:1:0|0:0:0|0:0:0|0:0:0|2:0:2|0:0:0|1:1:0|1:1:0|3:3:0|0:0:0|2:0:1|2:0:1|2:0:1|0:0:0|1:1:0|0:0:0|0:0:0","1:1:0|2:0:1|1:1:0|1:1:0|0:0:0|1:2:0|4:0:3|0:0:0|0:0:0|0:0:0|1:1:0|0:0:0|0:0:0|1:1:0|1:1:0|1:1:0|2:0:1|1:1:0|0:0:0|4:0:3|0:0:0|1:1:0|0:0:0|2:0:1|0:1:1|0:0:0|0:0:0|0:0:0|0:0:0|0:0:0|2:0:2|0:0:0|1:1:0|0:0:0|0:0:0|0:0:0|2:0:2|0:0:0|1:1:0|1:1:0|3:3:0|0:0:0|2:0:1|2:0:1|2:0:1|0:0:0|1:1:0|0:0:0|0:0:0"
"7x7-p96","7x7-p96-seeded-random","-1","1","32","0.500000","2","2","O62","HM","48","46","48","47","2","2","2","0","1","0","2","0","2","1:1:0|2:0:1|1:1:0|1:1:0|0:0:0|1:2:0|4:0:3|0:0:0|0:0:0|0:0:0|1:1:0|0:0:0|0:0:0|1:1:0|1:1:0|1:1:0|2:0:1|1:1:0|0:0:0|4:0:3|0:0:0|1:1:0|0:0:0|2:0:1|0:1:1|0:0:0|0:0:0|0:0:0|0:0:0|0:0:0|2:0:2|0:0:0|1:1:0|0:0:0|0:0:0|0:0:0|2:0:2|0:0:0|1:1:0|1:1:0|3:3:0|0:0:0|2:0:1|2:0:1|2:0:1|0:0:0|1:1:0|0:0:0|0:0:0","1:1:0|2:0:1|1:1:0|1:1:0|0:0:0|1:2:0|4:0:3|0:0:0|0:0:0|0:0:0|1:1:0|0:0:0|0:0:0|1:1:0|1:1:0|1:1:0|2:0:1|1:1:0|0:0:0|4:0:3|0:0:0|1:1:0|0:0:0|2:0:1|0:1:1|0:0:0|0:0:0|0:0:0|0:0:0|0:0:0|2:0:2|0:0:0|1:1:0|0:0:0|0:0:0|0:0:0|2:0:2|0:0:0|1:1:0|1:1:0|3:3:0|0:0:0|2:0:1|2:0:1|2:0:2|0:0:0|1:1:0|0:0:0|0:0:0","1:1:0|2:0:1|1:1:0|1:1:0|0:0:0|1:2:0|4:0:3|0:0:0|0:0:0|0:0:0|1:1:0|0:0:0|0:0:0|1:1:0|1:1:0|1:1:0|2:0:1|1:1:0|0:0:0|4:0:3|0:0:0|1:1:0|0:0:0|2:0:1|0:1:1|0:0:0|0:0:0|0:0:0|0:0:0|0:0:0|2:0:2|0:0:0|1:1:0|0:0:0|0:0:0|0:0:0|4:0:3|0:0:0|1:1:0|1:1:0|3:3:0|0:0:0|2:0:1|2:0:1|2:0:2|0:0:0|1:1:0|0:0:0|0:0:0"
"7x7-p96","7x7-p96-seeded-random","-1","1","32","0.500000","3","2","O51","HL","48","47","48","48","2","4","4","0","2","0","3","0","3","1:1:0|2:0:1|1:1:0|1:1:0|0:0:0|1:2:0|4:0:3|0:0:0|0:0:0|0:0:0|1:1:0|0:0:0|0:0:0|1:1:0|1:1:0|1:1:0|2:0:1|1:1:0|0:0:0|4:0:3|0:0:0|1:1:0|0:0:0|2:0:1|0:1:1|0:0:0|0:0:0|0:0:0|0:0:0|0:0:0|2:0:2|0:0:0|1:1:0|0:0:0|0:0:0|0:0:0|2:0:2|0:0:0|1:1:0|1:1:0|3:3:0|0:0:0|2:0:1|2:0:1|2:0:2|0:0:0|1:1:0|0:0:0|0:0:0","1:1:0|2:0:1|1:1:0|1:1:0|0:0:0|1:2:0|4:0:3|0:0:0|0:0:0|0:0:0|1:1:0|0:0:0|0:0:0|1:1:0|1:1:0|1:1:0|2:0:1|1:1:0|0:0:0|4:0:3|0:0:0|1:1:0|0:0:0|2:0:1|0:1:1|0:0:0|0:0:0|0:0:0|0:0:0|0:0:0|2:0:2|0:0:0|1:1:0|0:0:0|0:0:0|0:0:0|4:0:3|0:0:0|1:1:0|1:1:0|3:3:0|0:0:0|2:0:1|2:0:1|2:0:2|0:0:0|1:1:0|0:0:0|0:0:0","1:1:0|2:0:1|1:1:0|1:1:0|0:0:0|1:2:0|4:0:3|0:0:0|0:0:0|0:0:0|1:1:0|0:0:0|0:0:0|1:1:0|1:1:0|1:1:0|2:0:1|1:1:0|0:0:0|4:0:3|0:0:0|1:1:0|0:0:0|2:0:1|0:1:1|0:0:0|0:0:0|0:0:0|0:0:0|0:0:0|2:0:2|0:0:0|1:1:0|0:0:0|0:0:0|0:0:0|4:0:3|0:0:0|1:1:0|1:1:0|3:3:0|0:0:0|2:0:1|2:0:1|2:0:2|0:0:0|1:1:0|0:0:0|0:0:0"
"7x7-p96","7x7-p96-seeded-random","-1","1","34","0.531250","2","2","O12","LM","51","49","51","50","0","0","2","0","0","0","1","0","1","1:1:0|2:0:1|1:1:0|1:1:0|0:0:0|1:2:0|4:0:3|0:0:0|0:0:0|0:0:0|1:1:0|0:0:0|0:0:0|1:1:0|1:1:0|1:1:0|2:0:1|1:1:0|0:0:0|4:0:3|0:0:0|1:1:0|0:0:0|2:0:1|0:1:1|0:0:0|0:0:0|0:0:0|0:0:0|0:0:0|2:0:2|0:0:0|1:1:0|0:0:0|0:0:0|0:0:0|4:0:3|0:0:0|1:1:0|1:1:0|3:3:0|0:0:0|2:0:1|2:0:1|2:0:2|0:0:0|1:1:0|0:0:0|0:0:0","1:1:0|2:0:1|1:1:0|1:1:0|0:0:0|1:2:0|4:0:3|0:0:0|0:0:0|0:0:1|1:1:0|0:0:0|0:0:0|1:1:0|1:1:0|1:1:0|2:0:1|1:1:0|0:0:0|4:0:3|0:0:0|1:1:0|0:0:0|2:0:1|0:1:1|0:0:0|0:0:0|0:0:0|0:0:0|0:0:0|2:0:2|0:0:0|1:1:0|0:0:0|0:0:0|0:0:0|4:0:3|0:0:0|1:1:0|1:1:0|3:3:0|0:0:0|2:0:1|2:0:1|2:0:2|0:0:0|1:1:0|0:0:0|0:0:0","1:1:0|2:0:1|1:1:0|1:1:0|0:0:0|1:2:0|4:0:3|0:0:0|0:0:0|2:0:1|1:1:0|0:0:0|0:0:0|1:1:0|1:1:0|1:1:0|2:0:1|1:1:0|0:0:0|4:0:3|0:0:0|1:1:0|0:0:0|2:0:1|0:1:1|0:0:0|0:0:0|0:0:0|0:0:0|0:0:0|2:0:2|0:0:0|1:1:0|0:0:0|0:0:0|0:0:0|4:0:3|0:0:0|1:1:0|1:1:0|3:3:0|0:0:0|2:0:1|2:0:1|2:0:2|0:0:0|1:1:0|0:0:0|0:0:0"
"7x7-p96","7x7-p96-seeded-random","-1","1","35","0.546875","3","1","O46","MH","53","51","54","51","0","1","1","0","0","1","0","1","0","1:1:0|2:0:1|1:1:0|1:1:0|0:0:0|1:2:0|4:0:3|0:0:0|0:0:0|2:0:1|1:1:0|0:0:0|0:0:0|1:1:0|1:1:0|1:1:0|2:0:1|1:1:0|0:0:0|4:0:3|0:0:0|1:1:0|0:0:0|2:0:1|0:1:1|0:0:0|0:0:0|0:0:0|0:0:0|0:0:0|2:0:2|0:0:0|1:1:0|0:0:0|0:0:0|0:0:0|4:0:3|0:0:0|1:1:0|1:1:0|3:3:0|0:0:0|2:0:1|2:0:1|2:0:2|0:0:0|1:1:0|0:0:0|0:0:0","1:1:0|2:0:1|1:1:0|1:1:0|0:0:0|1:2:0|4:0:3|0:0:0|0:0:0|2:0:1|1:1:0|0:0:0|0:0:0|1:1:0|1:1:0|1:1:0|2:0:1|1:1:0|0:0:0|4:0:3|0:0:0|1:1:0|0:0:0|2:0:1|0:1:1|0:0:0|0:0:0|0:0:0|0:0:0|0:0:0|2:0:2|0:0:0|1:1:0|0:0:0|1:1:0|0:0:0|4:0:3|0:0:0|1:1:0|1:1:0|3:3:0|0:0:0|2:0:1|2:0:1|2:0:2|0:0:0|1:1:0|0:0:0|0:0:0","1:1:0|2:0:1|1:1:0|1:1:0|0:0:0|1:2:0|4:0:3|0:0:0|0:0:0|2:0:1|1:1:0|0:0:0|0:0:0|1:1:0|1:1:0|1:1:0|2:0:1|1:1:0|0:0:0|4:0:3|0:0:0|1:1:0|0:0:0|2:0:1|0:1:1|0:0:0|0:0:0|0:0:0|0:0:0|0:0:0|2:0:2|0:0:0|1:1:0|0:0:0|1:1:0|0:0:0|4:0:3|0:0:0|1:1:0|1:1:0|3:3:0|0:0:0|2:0:1|2:0:1|2:0:2|0:0:0|1:1:0|0:0:0|0:0:0"
"7x7-p96","7x7-p96-seeded-random","-1","1","36","0.562500","3","2","O24","MM","54","53","54","54","0","2","2","0","0","0","1","0","1","1:1:0|2:0:1|1:1:0|1:1:0|0:0:0|1:2:0|4:0:3|0:0:0|0:0:0|2:0:1|1:1:0|0:0:0|0:0:0|1:1:0|1:1:0|1:1:0|2:0:1|1:1:0|0:0:0|4:0:3|0:0:0|1:1:0|0:0:0|2:0:1|0:1:1|0:0:0|0:0:0|0:0:0|0:0:0|0:0:0|2:0:2|0:0:0|1:1:0|0:0:0|1:1:0|0:0:0|4:0:3|0:0:0|1:1:0|1:1:0|3:3:0|0:0:0|2:0:1|2:0:1|2:0:2|0:0:0|1:1:0|0:0:0|0:0:0","1:1:0|2:0:1|1:1:0|1:1:0|0:0:0|1:2:0|4:0:3|0:0:0|0:0:0|2:0:1|1:1:0|0:0:0|0:0:0|1:1:0|1:1:0|1:1:0|2:0:1|1:1:0|2:0:1|4:0:3|0:0:0|1:1:0|0:0:0|2:0:1|0:1:1|0:0:0|0:0:0|0:0:0|0:0:0|0:0:0|2:0:2|0:0:0|1:1:0|0:0:0|1:1:0|0:0:0|4:0:3|0:0:0|1:1:0|1:1:0|3:3:0|0:0:0|2:0:1|2:0:1|2:0:2|0:0:0|1:1:0|0:0:0|0:0:0","1:1:0|2:0:1|1:1:0|1:1:0|0:0:0|1:2:0|4:0:3|0:0:0|0:0:0|2:0:1|1:1:0|0:0:0|0:0:0|1:1:0|1:1:0|1:1:0|2:0:1|1:1:0|2:0:1|4:0:3|0:0:0|1:1:0|0:0:0|2:0:1|0:1:1|0:0:0|0:0:0|0:0:0|0:0:0|0:0:0|2:0:2|0:0:0|1:1:0|0:0:0|1:1:0|0:0:0|4:0:3|0:0:0|1:1:0|1:1:0|3:3:0|0:0:0|2:0:1|2:0:1|2:0:2|0:0:0|1:1:0|0:0:0|0:0:0"
"7x7-p96","7x7-p96-seeded-random","-1","1","38","0.593750","1","2","O30","ML","57","54","57","55","1","1","0","1","0","1","1","1","1","1:1:0|2:0:1|1:1:0|1:1:0|0:0:0|1:2:0|4:0:3|0:0:0|0:0:0|2:0:1|1:1:0|0:0:0|0:0:0|1:1:0|1:1:0|1:1:0|2:0:1|1:1:0|2:0:1|4:0:3|0:0:0|1:1:0|0:0:0|2:0:1|0:1:1|0:0:0|0:0:0|0:0:0|0:0:0|0:0:0|2:0:2|0:0:0|1:1:0|0:0:0|1:1:0|0:0:0|4:0:3|0:0:0|1:1:0|1:1:0|3:3:0|0:0:0|2:0:1|2:0:1|2:0:2|0:0:0|1:1:0|0:0:0|0:0:0","1:1:0|2:0:1|1:1:0|1:1:0|0:0:0|1:2:0|4:0:3|0:0:0|0:0:0|2:0:1|1:1:0|0:0:0|0:0:0|1:1:0|1:1:0|1:1:0|2:0:1|1:1:0|2:0:1|4:0:3|0:0:0|1:1:1|0:0:0|2:0:1|0:1:1|0:0:0|0:0:0|0:0:0|0:0:0|0:0:0|2:0:2|0:0:0|1:1:0|0:0:0|1:1:0|0:0:0|4:0:3|0:0:0|1:1:0|1:1:0|3:3:0|0:0:0|2:0:1|2:0:1|2:0:2|0:0:0|1:1:0|0:0:0|0:0:0","1:1:0|2:0:1|1:1:0|1:1:0|0:0:0|1:2:0|4:0:3|0:0:0|0:0:0|2:0:1|1:1:0|0:0:0|0:0:0|1:1:0|1:1:0|1:1:0|2:0:1|1:1:0|2:0:1|4:0:3|0:0:0|0:1:1|0:0:0|2:0:1|0:1:1|0:0:0|0:0:0|0:0:0|0:0:0|2:0:1|2:0:2|0:0:0|1:1:0|0:0:0|1:1:0|0:0:0|4:0:3|0:0:0|1:1:0|1:1:0|3:3:0|0:0:0|2:0:1|2:0:1|2:0:2|0:0:0|1:1:0|0:0:0|0:0:0"
"7x7-p96","7x7-p96-seeded-random","-1","1","38","0.593750","3","2","O41","ML","57","56","57","57","0","2","2","0","0","0","1","0","1","1:1:0|2:0:1|1:1:0|1:1:0|0:0:0|1:2:0|4:0:3|0:0:0|0:0:0|2:0:1|1:1:0|0:0:0|0:0:0|1:1:0|1:1:0|1:1:0|2:0:1|1:1:0|2:0:1|4:0:3|0:0:0|1:1:1|0:0:0|2:0:1|0:1:1|0:0:0|0:0:0|0:0:0|0:0:0|0:0:0|2:0:2|0:0:0|1:1:0|0:0:0|1:1:0|0:0:0|4:0:3|0:0:0|1:1:0|1:1:0|3:3:0|0:0:0|2:0:1|2:0:1|2:0:2|0:0:0|1:1:0|0:0:0|0:0:0","1:1:0|2:0:1|1:1:0|1:1:0|0:0:0|1:2:0|4:0:3|0:0:0|0:0:0|2:0:1|1:1:0|0:0:0|0:0:0|1:1:0|1:1:0|1:1:0|2:0:1|1:1:0|2:0:1|4:0:3|0:0:0|0:1:1|0:0:0|2:0:1|0:1:1|0:0:0|0:0:0|0:0:0|0:0:0|2:0:1|2:0:2|0:0:0|1:1:0|0:0:0|1:1:0|0:0:0|4:0:3|0:0:0|1:1:0|1:1:0|3:3:0|0:0:0|2:0:1|2:0:1|2:0:2|0:0:0|1:1:0|0:0:0|0:0:0","1:1:0|2:0:1|1:1:0|1:1:0|0:0:0|1:2:0|4:0:3|0:0:0|0:0:0|2:0:1|1:1:0|0:0:0|0:0:0|1:1:0|1:1:0|1:1:0|2:0:1|1:1:0|2:0:1|4:0:3|0:0:0|0:1:1|0:0:0|2:0:1|0:1:1|0:0:0|0:0:0|0:0:0|0:0:0|2:0:1|2:0:2|0:0:0|1:1:0|0:0:0|1:1:0|0:0:0|4:0:3|0:0:0|1:1:0|1:1:0|3:3:0|0:0:0|2:0:1|2:0:1|2:0:2|0:0:0|1:1:0|0:0:0|0:0:0"
"7x7-p96","7x7-p96-seeded-random","-1","1","39","0.609375","1","1","O43","MM","57","57","58","57","0","0","1","0","0","1","0","1","0","1:1:0|2:0:1|1:1:0|1:1:0|0:0:0|1:2:0|4:0:3|0:0:0|0:0:0|2:0:1|1:1:0|0:0:0|0:0:0|1:1:0|1:1:0|1:1:0|2:0:1|1:1:0|2:0:1|4:0:3|0:0:0|0:1:1|0:0:0|2:0:1|0:1:1|0:0:0|0:0:0|0:0:0|0:0:0|2:0:1|2:0:2|0:0:0|1:1:0|0:0:0|1:1:0|0:0:0|4:0:3|0:0:0|1:1:0|1:1:0|3:3:0|0:0:0|2:0:1|2:0:1|2:0:2|0:0:0|1:1:0|0:0:0|0:0:0","1:1:0|2:0:1|1:1:0|1:1:0|0:0:0|1:2:0|4:0:3|0:0:0|0:0:0|2:0:1|1:1:0|0:0:0|0:0:0|1:1:0|1:1:0|1:1:0|2:0:1|1:1:0|2:0:1|4:0:3|0:0:0|0:1:1|0:0:0|2:0:1|0:1:1|0:0:0|0:0:0|0:0:0|0:0:0|2:0:1|2:0:2|0:1:0|1:1:0|0:0:0|1:1:0|0:0:0|4:0:3|0:0:0|1:1:0|1:1:0|3:3:0|0:0:0|2:0:1|2:0:1|2:0:2|0:0:0|1:1:0|0:0:0|0:0:0","1:1:0|2:0:1|1:1:0|1:1:0|0:0:0|1:2:0|4:0:3|0:0:0|0:0:0|2:0:1|1:1:0|0:0:0|0:0:0|1:1:0|1:1:0|1:1:0|2:0:1|1:1:0|2:0:1|4:0:3|0:0:0|0:1:1|0:0:0|2:0:1|0:1:1|0:0:0|0:0:0|0:0:0|0:0:0|2:0:1|2:0:2|1:1:0|1:1:0|0:0:0|1:1:0|0:0:0|4:0:3|0:0:0|1:1:0|1:1:0|3:3:0|0:0:0|2:0:1|2:0:1|2:0:2|0:0:0|1:1:0|1:1:0|0:0:0"
"7x7-p96","7x7-p96-seeded-random","-1","1","39","0.609375","2","1","O65","HH","58","57","59","57","0","0","1","0","0","1","0","1","0","1:1:0|2:0:1|1:1:0|1:1:0|0:0:0|1:2:0|4:0:3|0:0:0|0:0:0|2:0:1|1:1:0|0:0:0|0:0:0|1:1:0|1:1:0|1:1:0|2:0:1|1:1:0|2:0:1|4:0:3|0:0:0|0:1:1|0:0:0|2:0:1|0:1:1|0:0:0|0:0:0|0:0:0|0:0:0|2:0:1|2:0:2|0:1:0|1:1:0|0:0:0|1:1:0|0:0:0|4:0:3|0:0:0|1:1:0|1:1:0|3:3:0|0:0:0|2:0:1|2:0:1|2:0:2|0:0:0|1:1:0|0:0:0|0:0:0","1:1:0|2:0:1|1:1:0|1:1:0|0:0:0|1:2:0|4:0:3|0:0:0|0:0:0|2:0:1|1:1:0|0:0:0|0:0:0|1:1:0|1:1:0|1:1:0|2:0:1|1:1:0|2:0:1|4:0:3|0:0:0|0:1:1|0:0:0|2:0:1|0:1:1|0:0:0|0:0:0|0:0:0|0:0:0|2:0:1|2:0:2|0:1:0|1:1:0|0:0:0|1:1:0|0:0:0|4:0:3|0:0:0|1:1:0|1:1:0|3:3:0|0:0:0|2:0:1|2:0:1|2:0:2|0:0:0|1:1:0|0:1:0|0:0:0","1:1:0|2:0:1|1:1:0|1:1:0|0:0:0|1:2:0|4:0:3|0:0:0|0:0:0|2:0:1|1:1:0|0:0:0|0:0:0|1:1:0|1:1:0|1:1:0|2:0:1|1:1:0|2:0:1|4:0:3|0:0:0|0:1:1|0:0:0|2:0:1|0:1:1|0:0:0|0:0:0|0:0:0|0:0:0|2:0:1|2:0:2|1:1:0|1:1:0|0:0:0|1:1:0|0:0:0|4:0:3|0:0:0|1:1:0|1:1:0|3:3:0|0:0:0|2:0:1|2:0:1|2:0:2|0:0:0|1:1:0|1:1:0|0:0:0"
"7x7-p96","7x7-p96-seeded-random","-1","1","40","0.625000","1","2","O24","MM","60","57","60","58","2","2","2","0","1","0","2","0","2","1:1:0|2:0:1|1:1:0|1:1:0|0:0:0|1:2:0|4:0:3|0:0:0|0:0:0|2:0:1|1:1:0|0:0:0|0:0:0|1:1:0|1:1:0|1:1:0|2:0:1|1:1:0|2:0:1|4:0:3|0:0:0|0:1:1|0:0:0|2:0:1|0:1:1|0:0:0|0:0:0|0:0:0|0:0:0|2:0:1|2:0:2|1:1:0|1:1:0|0:0:0|1:1:0|0:0:0|4:0:3|0:0:0|1:1:0|1:1:0|3:3:0|0:0:0|2:0:1|2:0:1|2:0:2|0:0:0|1:1:0|1:1:0|0:0:0","1:1:0|2:0:1|1:1:0|1:1:0|0:0:0|1:2:0|4:0:3|0:0:0|0:0:0|2:0:1|1:1:0|0:0:0|0:0:0|1:1:0|1:1:0|1:1:0|2:0:1|1:1:0|2:0:2|4:0:3|0:0:0|0:1:1|0:0:0|2:0:1|0:1:1|0:0:0|0:0:0|0:0:0|0:0:0|2:0:1|2:0:2|1:1:0|1:1:0|0:0:0|1:1:0|0:0:0|4:0:3|0:0:0|1:1:0|1:1:0|3:3:0|0:0:0|2:0:1|2:0:1|2:0:2|0:0:0|1:1:0|1:1:0|0:0:0","1:1:0|2:0:1|1:1:0|1:1:0|0:0:0|1:2:0|4:0:3|0:0:0|0:0:0|2:0:1|1:1:0|0:0:0|0:0:0|1:1:0|1:1:0|0:1:1|2:0:1|1:1:0|2:0:2|4:0:3|0:0:0|0:1:1|0:0:0|2:0:1|0:1:1|0:0:0|0:0:0|0:0:0|0:0:0|2:0:1|2:0:2|1:1:0|1:1:0|0:0:0|1:1:0|0:0:0|4:0:3|0:0:0|1:1:0|1:1:0|3:3:0|0:0:0|2:0:1|2:0:1|2:0:2|0:0:0|1:1:0|1:1:0|0:0:0"
"7x7-p96","7x7-p96-seeded-random","-1","1","40","0.625000","2","2","O21","ML","60","58","60","59","1","1","0","1","0","1","1","1","1","1:1:0|2:0:1|1:1:0|1:1:0|0:0:0|1:2:0|4:0:3|0:0:0|0:0:0|2:0:1|1:1:0|0:0:0|0:0:0|1:1:0|1:1:0|1:1:0|2:0:1|1:1:0|2:0:2|4:0:3|0:0:0|0:1:1|0:0:0|2:0:1|0:1:1|0:0:0|0:0:0|0:0:0|0:0:0|2:0:1|2:0:2|1:1:0|1:1:0|0:0:0|1:1:0|0:0:0|4:0:3|0:0:0|1:1:0|1:1:0|3:3:0|0:0:0|2:0:1|2:0:1|2:0:2|0:0:0|1:1:0|1:1:0|0:0:0","1:1:0|2:0:1|1:1:0|1:1:0|0:0:0|1:2:0|4:0:3|0:0:0|0:0:0|2:0:1|1:1:0|0:0:0|0:0:0|1:1:0|1:1:0|1:1:1|2:0:1|1:1:0|2:0:2|4:0:3|0:0:0|0:1:1|0:0:0|2:0:1|0:1:1|0:0:0|0:0:0|0:0:0|0:0:0|2:0:1|2:0:2|1:1:0|1:1:0|0:0:0|1:1:0|0:0:0|4:0:3|0:0:0|1:1:0|1:1:0|3:3:0|0:0:0|2:0:1|2:0:1|2:0:2|0:0:0|1:1:0|1:1:0|0:0:0","1:1:0|2:0:1|1:1:0|1:1:0|0:0:0|1:2:0|4:0:3|0:0:0|0:0:0|2:0:1|1:1:0|0:0:0|0:0:0|1:1:0|1:1:0|0:1:1|2:0:1|1:1:0|2:0:2|4:0:3|0:0:0|0:1:1|0:0:0|2:0:1|0:1:1|0:0:0|0:0:0|0:0:0|0:0:0|2:0:1|2:0:2|1:1:0|1:1:0|0:0:0|1:1:0|0:0:0|4:0:3|0:0:0|1:1:0|1:1:0|3:3:0|0:0:0|2:0:1|2:0:1|2:0:2|0:0:0|1:1:0|1:1:0|0:0:0"
"7x7-p96","7x7-p96-seeded-random","-1","1","42","0.656250","1","2","O62","HM","63","60","63","61","2","2","4","0","2","0","3","0","3","1:1:0|2:0:1|1:1:0|1:1:0|0:0:0|1:2:0|4:0:3|0:0:0|0:0:0|2:0:1|1:1:0|0:0:0|0:0:0|1:1:0|1:1:0|0:1:1|2:0:1|1:1:0|2:0:2|4:0:3|0:0:0|0:1:1|0:0:0|2:0:1|0:1:1|0:0:0|0:0:0|0:0:0|0:0:0|2:0:1|2:0:2|1:1:0|1:1:0|0:0:0|1:1:0|0:0:0|4:0:3|0:0:0|1:1:0|1:1:0|3:3:0|0:0:0|2:0:1|2:0:1|2:0:2|0:0:0|1:1:0|1:1:0|0:0:0","1:1:0|2:0:1|1:1:0|1:1:0|0:0:0|1:2:0|4:0:3|0:0:0|0:0:0|2:0:1|1:1:0|0:0:0|0:0:0|1:1:0|1:1:0|0:1:1|2:0:1|1:1:0|2:0:2|4:0:3|0:0:0|0:1:1|0:0:0|2:0:1|0:1:1|0:0:0|0:0:0|0:0:0|0:0:0|2:0:1|2:0:2|1:1:0|1:1:0|0:0:0|1:1:0|0:0:0|4:0:3|0:0:0|1:1:0|1:1:0|3:3:0|0:0:0|2:0:1|2:0:1|2:0:3|0:0:0|1:1:0|1:1:0|0:0:0","1:1:0|2:0:1|1:1:0|1:1:0|0:0:0|1:2:0|4:0:3|0:0:0|0:0:0|2:0:1|1:1:0|0:0:0|0:0:0|1:1:0|1:1:0|0:1:1|2:0:1|1:1:0|2:0:2|4:0:3|0:0:0|0:1:1|0:0:0|2:0:1|0:1:1|0:0:0|0:0:0|0:0:0|0:0:0|2:0:1|2:0:2|1:1:0|1:1:0|0:0:0|1:1:0|0:0:0|4:0:3|0:0:0|1:1:0|1:1:0|3:3:0|0:0:0|2:0:1|2:0:2|4:0:3|0:0:0|1:1:0|1:1:0|0:0:0"
"7x7-p96","7x7-p96-seeded-random","-1","1","42","0.656250","2","2","O61","HL","63","61","63","62","2","2","2","0","1","0","2","0","2","1:1:0|2:0:1|1:1:0|1:1:0|0:0:0|1:2:0|4:0:3|0:0:0|0:0:0|2:0:1|1:1:0|0:0:0|0:0:0|1:1:0|1:1:0|0:1:1|2:0:1|1:1:0|2:0:2|4:0:3|0:0:0|0:1:1|0:0:0|2:0:1|0:1:1|0:0:0|0:0:0|0:0:0|0:0:0|2:0:1|2:0:2|1:1:0|1:1:0|0:0:0|1:1:0|0:0:0|4:0:3|0:0:0|1:1:0|1:1:0|3:3:0|0:0:0|2:0:1|2:0:1|2:0:3|0:0:0|1:1:0|1:1:0|0:0:0","1:1:0|2:0:1|1:1:0|1:1:0|0:0:0|1:2:0|4:0:3|0:0:0|0:0:0|2:0:1|1:1:0|0:0:0|0:0:0|1:1:0|1:1:0|0:1:1|2:0:1|1:1:0|2:0:2|4:0:3|0:0:0|0:1:1|0:0:0|2:0:1|0:1:1|0:0:0|0:0:0|0:0:0|0:0:0|2:0:1|2:0:2|1:1:0|1:1:0|0:0:0|1:1:0|0:0:0|4:0:3|0:0:0|1:1:0|1:1:0|3:3:0|0:0:0|2:0:1|2:0:2|2:0:3|0:0:0|1:1:0|1:1:0|0:0:0","1:1:0|2:0:1|1:1:0|1:1:0|0:0:0|1:2:0|4:0:3|0:0:0|0:0:0|2:0:1|1:1:0|0:0:0|0:0:0|1:1:0|1:1:0|0:1:1|2:0:1|1:1:0|2:0:2|4:0:3|0:0:0|0:1:1|0:0:0|2:0:1|0:1:1|0:0:0|0:0:0|0:0:0|0:0:0|2:0:1|2:0:2|1:1:0|1:1:0|0:0:0|1:1:0|0:0:0|4:0:3|0:0:0|1:1:0|1:1:0|3:3:0|0:0:0|2:0:1|2:0:2|4:0:3|0:0:0|1:1:0|1:1:0|0:0:0"
"7x7-p96","7x7-p96-seeded-random","-1","1","43","0.671875","1","1","O43","MM","63","63","64","63","1","1","1","1","0","2","0","2","0","1:1:0|2:0:1|1:1:0|1:1:0|0:0:0|1:2:0|4:0:3|0:0:0|0:0:0|2:0:1|1:1:0|0:0:0|0:0:0|1:1:0|1:1:0|0:1:1|2:0:1|1:1:0|2:0:2|4:0:3|0:0:0|0:1:1|0:0:0|2:0:1|0:1:1|0:0:0|0:0:0|0:0:0|0:0:0|2:0:1|2:0:2|1:1:0|1:1:0|0:0:0|1:1:0|0:0:0|4:0:3|0:0:0|1:1:0|1:1:0|3:3:0|0:0:0|2:0:1|2:0:2|4:0:3|0:0:0|1:1:0|1:1:0|0:0:0","1:1:0|2:0:1|1:1:0|1:1:0|0:0:0|1:2:0|4:0:3|0:0:0|0:0:0|2:0:1|1:1:0|0:0:0|0:0:0|1:1:0|1:1:0|0:1:1|2:0:1|1:1:0|2:0:2|4:0:3|0:0:0|0:1:1|0:0:0|2:0:1|0:1:1|0:0:0|0:0:0|0:0:0|0:0:0|2:0:1|2:0:2|1:2:0|1:1:0|0:0:0|1:1:0|0:0:0|4:0:3|0:0:0|1:1:0|1:1:0|3:3:0|0:0:0|2:0:1|2:0:2|4:0:3|0:0:0|1:1:0|1:1:0|0:0:0","1:1:0|2:0:1|1:1:0|1:1:0|0:0:0|1:2:0|4:0:3|1:1:0|0:0:0|2:0:1|1:1:0|0:0:0|0:0:0|1:1:0|1:1:0|0:1:1|2:0:1|1:1:0|2:0:2|4:0:3|0:0:0|0:1:1|0:0:0|2:0:1|0:1:1|0:0:0|0:0:0|0:0:0|0:0:0|2:0:1|2:0:2|1:2:0|1:1:0|0:0:0|1:1:0|0:0:0|4:0:3|0:0:0|1:1:0|1:1:0|3:3:0|0:0:0|2:0:1|2:0:2|4:0:3|0:0:0|1:1:0|1:1:0|0:0:0"
"7x7-p96","7x7-p96-seeded-random","-1","1","43","0.671875","3","1","O10","LL","65","63","66","63","0","1","1","0","0","1","0","1","0","1:1:0|2:0:1|1:1:0|1:1:0|0:0:0|1:2:0|4:0:3|0:0:0|0:0:0|2:0:1|1:1:0|0:0:0|0:0:0|1:1:0|1:1:0|0:1:1|2:0:1|1:1:0|2:0:2|4:0:3|0:0:0|0:1:1|0:0:0|2:0:1|0:1:1|0:0:0|0:0:0|0:0:0|0:0:0|2:0:1|2:0:2|1:2:0|1:1:0|0:0:0|1:1:0|0:0:0|4:0:3|0:0:0|1:1:0|1:1:0|3:3:0|0:0:0|2:0:1|2:0:2|4:0:3|0:0:0|1:1:0|1:1:0|0:0:0","1:1:0|2:0:1|1:1:0|1:1:0|0:0:0|1:2:0|4:0:3|1:1:0|0:0:0|2:0:1|1:1:0|0:0:0|0:0:0|1:1:0|1:1:0|0:1:1|2:0:1|1:1:0|2:0:2|4:0:3|0:0:0|0:1:1|0:0:0|2:0:1|0:1:1|0:0:0|0:0:0|0:0:0|0:0:0|2:0:1|2:0:2|1:2:0|1:1:0|0:0:0|1:1:0|0:0:0|4:0:3|0:0:0|1:1:0|1:1:0|3:3:0|0:0:0|2:0:1|2:0:2|4:0:3|0:0:0|1:1:0|1:1:0|0:0:0","1:1:0|2:0:1|1:1:0|1:1:0|0:0:0|1:2:0|4:0:3|1:1:0|0:0:0|2:0:1|1:1:0|0:0:0|0:0:0|1:1:0|1:1:0|0:1:1|2:0:1|1:1:0|2:0:2|4:0:3|0:0:0|0:1:1|0:0:0|2:0:1|0:1:1|0:0:0|0:0:0|0:0:0|0:0:0|2:0:1|2:0:2|1:2:0|1:1:0|0:0:0|1:1:0|0:0:0|4:0:3|0:0:0|1:1:0|1:1:0|3:3:0|0:0:0|2:0:1|2:0:2|4:0:3|0:0:0|1:1:0|1:1:0|0:0:0"
"7x7-p96","7x7-p96-seeded-random","-1","1","44","0.687500","1","2","O60","HL","66","63","66","64","2","2","2","0","1","0","2","0","2","1:1:0|2:0:1|1:1:0|1:1:0|0:0:0|1:2:0|4:0:3|1:1:0|0:0:0|2:0:1|1:1:0|0:0:0|0:0:0|1:1:0|1:1:0|0:1:1|2:0:1|1:1:0|2:0:2|4:0:3|0:0:0|0:1:1|0:0:0|2:0:1|0:1:1|0:0:0|0:0:0|0:0:0|0:0:0|2:0:1|2:0:2|1:2:0|1:1:0|0:0:0|1:1:0|0:0:0|4:0:3|0:0:0|1:1:0|1:1:0|3:3:0|0:0:0|2:0:1|2:0:2|4:0:3|0:0:0|1:1:0|1:1:0|0:0:0","1:1:0|2:0:1|1:1:0|1:1:0|0:0:0|1:2:0|4:0:3|1:1:0|0:0:0|2:0:1|1:1:0|0:0:0|0:0:0|1:1:0|1:1:0|0:1:1|2:0:1|1:1:0|2:0:2|4:0:3|0:0:0|0:1:1|0:0:0|2:0:1|0:1:1|0:0:0|0:0:0|0:0:0|0:0:0|2:0:1|2:0:2|1:2:0|1:1:0|0:0:0|1:1:0|0:0:0|4:0:3|0:0:0|1:1:0|1:1:0|3:3:0|0:0:0|2:0:2|2:0:2|4:0:3|0:0:0|1:1:0|1:1:0|0:0:0","1:1:0|2:0:1|1:1:0|1:1:0|0:0:0|1:2:1|4:0:3|1:1:0|0:0:0|2:0:1|1:1:0|0:0:0|0:0:0|1:1:0|1:1:0|0:1:1|2:0:1|1:1:0|2:0:2|4:0:3|0:0:0|0:1:1|0:0:0|2:0:1|0:1:1|0:0:0|0:0:0|0:0:0|0:0:0|2:0:1|2:0:2|1:2:0|1:1:0|0:0:0|1:1:0|0:0:0|4:0:3|0:0:0|1:1:0|1:1:0|3:3:0|0:0:0|2:0:2|2:0:2|4:0:3|0:0:0|1:1:0|1:1:0|0:0:0"
"7x7-p96","7x7-p96-seeded-random","-1","1","44","0.687500","2","2","O05","LH","66","64","66","65","1","1","1","2","0","2","1","2","1","1:1:0|2:0:1|1:1:0|1:1:0|0:0:0|1:2:0|4:0:3|1:1:0|0:0:0|2:0:1|1:1:0|0:0:0|0:0:0|1:1:0|1:1:0|0:1:1|2:0:1|1:1:0|2:0:2|4:0:3|0:0:0|0:1:1|0:0:0|2:0:1|0:1:1|0:0:0|0:0:0|0:0:0|0:0:0|2:0:1|2:0:2|1:2:0|1:1:0|0:0:0|1:1:0|0:0:0|4:0:3|0:0:0|1:1:0|1:1:0|3:3:0|0:0:0|2:0:2|2:0:2|4:0:3|0:0:0|1:1:0|1:1:0|0:0:0","1:1:0|2:0:1|1:1:0|1:1:0|0:0:0|1:2:1|4:0:3|1:1:0|0:0:0|2:0:1|1:1:0|0:0:0|0:0:0|1:1:0|1:1:0|0:1:1|2:0:1|1:1:0|2:0:2|4:0:3|0:0:0|0:1:1|0:0:0|2:0:1|0:1:1|0:0:0|0:0:0|0:0:0|0:0:0|2:0:1|2:0:2|1:2:0|1:1:0|0:0:0|1:1:0|0:0:0|4:0:3|0:0:0|1:1:0|1:1:0|3:3:0|0:0:0|2:0:2|2:0:2|4:0:3|0:0:0|1:1:0|1:1:0|0:0:0","1:1:0|2:0:1|1:1:0|1:1:0|0:0:0|1:2:1|4:0:3|1:1:0|0:0:0|2:0:1|1:1:0|0:0:0|0:0:0|1:1:0|1:1:0|0:1:1|2:0:1|1:1:0|2:0:2|4:0:3|0:0:0|0:1:1|0:0:0|2:0:1|0:1:1|0:0:0|0:0:0|0:0:0|0:0:0|2:0:1|2:0:2|1:2:0|1:1:0|0:0:0|1:1:0|0:0:0|4:0:3|0:0:0|1:1:0|1:1:0|3:3:0|0:0:0|2:0:2|2:0:2|4:0:3|0:0:0|1:1:0|1:1:0|0:0:0"
"7x7-p96","7x7-p96-seeded-random","-1","1","45","0.703125","2","1","O12","LM","67","66","68","66","2","2","0","0","1","1","1","1","1","1:1:0|2:0:1|1:1:0|1:1:0|0:0:0|1:2:1|4:0:3|1:1:0|0:0:0|2:0:1|1:1:0|0:0:0|0:0:0|1:1:0|1:1:0|0:1:1|2:0:1|1:1:0|2:0:2|4:0:3|0:0:0|0:1:1|0:0:0|2:0:1|0:1:1|0:0:0|0:0:0|0:0:0|0:0:0|2:0:1|2:0:2|1:2:0|1:1:0|0:0:0|1:1:0|0:0:0|4:0:3|0:0:0|1:1:0|1:1:0|3:3:0|0:0:0|2:0:2|2:0:2|4:0:3|0:0:0|1:1:0|1:1:0|0:0:0","1:1:0|2:0:1|1:1:0|1:1:0|0:0:0|1:2:1|4:0:3|1:1:0|0:0:0|2:1:1|1:1:0|0:0:0|0:0:0|1:1:0|1:1:0|0:1:1|2:0:1|1:1:0|2:0:2|4:0:3|0:0:0|0:1:1|0:0:0|2:0:1|0:1:1|0:0:0|0:0:0|0:0:0|0:0:0|2:0:1|2:0:2|1:2:0|1:1:0|0:0:0|1:1:0|0:0:0|4:0:3|0:0:0|1:1:0|1:1:0|3:3:0|0:0:0|2:0:2|2:0:2|4:0:3|0:0:0|1:1:0|1:1:0|0:0:0","1:1:0|2:0:1|1:1:0|1:1:0|0:0:0|1:2:1|4:0:3|1:1:0|1:1:0|0:1:1|1:1:0|0:0:0|0:0:0|1:1:0|1:1:0|0:1:1|2:0:1|1:1:0|2:0:2|4:0:3|0:0:0|0:1:1|0:0:0|2:0:1|0:1:1|0:0:0|0:0:0|0:0:0|0:0:0|2:0:1|2:0:2|1:2:0|1:1:0|0:0:0|1:1:0|0:0:0|4:0:3|0:0:0|1:1:0|1:1:0|3:3:0|0:0:0|2:0:2|2:0:2|4:0:3|0:0:0|1:1:0|1:1:0|0:0:0"
"7x7-p96","7x7-p96-seeded-random","-1","1","45","0.703125","3","1","O11","LL","68","66","69","66","0","1","1","0","0","1","0","1","0","1:1:0|2:0:1|1:1:0|1:1:0|0:0:0|1:2:1|4:0:3|1:1:0|0:0:0|2:1:1|1:1:0|0:0:0|0:0:0|1:1:0|1:1:0|0:1:1|2:0:1|1:1:0|2:0:2|4:0:3|0:0:0|0:1:1|0:0:0|2:0:1|0:1:1|0:0:0|0:0:0|0:0:0|0:0:0|2:0:1|2:0:2|1:2:0|1:1:0|0:0:0|1:1:0|0:0:0|4:0:3|0:0:0|1:1:0|1:1:0|3:3:0|0:0:0|2:0:2|2:0:2|4:0:3|0:0:0|1:1:0|1:1:0|0:0:0","1:1:0|2:0:1|1:1:0|1:1:0|0:0:0|1:2:1|4:0:3|1:1:0|1:1:0|0:1:1|1:1:0|0:0:0|0:0:0|1:1:0|1:1:0|0:1:1|2:0:1|1:1:0|2:0:2|4:0:3|0:0:0|0:1:1|0:0:0|2:0:1|0:1:1|0:0:0|0:0:0|0:0:0|0:0:0|2:0:1|2:0:2|1:2:0|1:1:0|0:0:0|1:1:0|0:0:0|4:0:3|0:0:0|1:1:0|1:1:0|3:3:0|0:0:0|2:0:2|2:0:2|4:0:3|0:0:0|1:1:0|1:1:0|0:0:0","1:1:0|2:0:1|1:1:0|1:1:0|0:0:0|1:2:1|4:0:3|1:1:0|1:1:0|0:1:1|1:1:0|0:0:0|0:0:0|1:1:0|1:1:0|0:1:1|2:0:1|1:1:0|2:0:2|4:0:3|0:0:0|0:1:1|0:0:0|2:0:1|0:1:1|0:0:0|0:0:0|0:0:0|0:0:0|2:0:1|2:0:2|1:2:0|1:1:0|0:0:0|1:1:0|0:0:0|4:0:3|0:0:0|1:1:0|1:1:0|3:3:0|0:0:0|2:0:2|2:0:2|4:0:3|0:0:0|1:1:0|1:1:0|0:0:0"
"7x7-p96","7x7-p96-seeded-random","-1","1","46","0.718750","3","2","O30","ML","69","68","69","69","0","2","2","1","1","1","2","1","2","1:1:0|2:0:1|1:1:0|1:1:0|0:0:0|1:2:1|4:0:3|1:1:0|1:1:0|0:1:1|1:1:0|0:0:0|0:0:0|1:1:0|1:1:0|0:1:1|2:0:1|1:1:0|2:0:2|4:0:3|0:0:0|0:1:1|0:0:0|2:0:1|0:1:1|0:0:0|0:0:0|0:0:0|0:0:0|2:0:1|2:0:2|1:2:0|1:1:0|0:0:0|1:1:0|0:0:0|4:0:3|0:0:0|1:1:0|1:1:0|3:3:0|0:0:0|2:0:2|2:0:2|4:0:3|0:0:0|1:1:0|1:1:0|0:0:0","1:1:0|2:0:1|1:1:0|1:1:0|0:0:0|1:2:1|4:0:3|1:1:0|1:1:0|0:1:1|1:1:0|0:0:0|0:0:0|1:1:0|1:1:0|0:1:1|2:0:1|1:1:0|2:0:2|4:0:3|0:0:0|2:1:2|0:0:0|2:0:1|0:1:1|0:0:0|0:0:0|0:0:0|0:0:0|2:0:1|2:0:2|1:2:0|1:1:0|0:0:0|1:1:0|0:0:0|4:0:3|0:0:0|1:1:0|1:1:0|3:3:0|0:0:0|2:0:2|2:0:2|4:0:3|0:0:0|1:1:0|1:1:0|0:0:0","1:1:0|2:0:1|1:1:0|1:1:0|0:0:0|1:2:1|4:0:3|1:1:0|1:1:0|0:1:1|1:1:0|0:0:0|0:0:0|1:1:0|1:1:0|0:1:1|2:0:1|1:1:0|2:0:2|4:0:3|0:0:0|2:1:2|0:0:0|2:0:1|0:1:1|0:0:0|0:0:0|0:0:0|0:0:0|2:0:1|2:0:2|1:2:0|1:1:0|0:0:0|1:1:0|0:0:0|4:0:3|0:0:0|1:1:0|1:1:0|3:3:0|0:0:0|2:0:2|2:0:2|4:0:3|0:0:0|1:1:0|1:1:0|0:0:0"
"7x7-p96","7x7-p96-seeded-random","-1","1","48","0.750000","1","2","O15","LH","72","69","72","70","0","0","2","0","0","0","1","0","1","1:1:0|2:0:1|1:1:0|1:1:0|0:0:0|1:2:1|4:0:3|1:1:0|1:1:0|0:1:1|1:1:0|0:0:0|0:0:0|1:1:0|1:1:0|0:1:1|2:0:1|1:1:0|2:0:2|4:0:3|0:0:0|2:1:2|0:0:0|2:0:1|0:1:1|0:0:0|0:0:0|0:0:0|0:0:0|2:0:1|2:0:2|1:2:0|1:1:0|0:0:0|1:1:0|0:0:0|4:0:3|0:0:0|1:1:0|1:1:0|3:3:0|0:0:0|2:0:2|2:0:2|4:0:3|0:0:0|1:1:0|1:1:0|0:0:0","1:1:0|2:0:1|1:1:0|1:1:0|0:0:0|1:2:1|4:0:3|1:1:0|1:1:0|0:1:1|1:1:0|0:0:0|0:0:1|1:1:0|1:1:0|0:1:1|2:0:1|1:1:0|2:0:2|4:0:3|0:0:0|2:1:2|0:0:0|2:0:1|0:1:1|0:0:0|0:0:0|0:0:0|0:0:0|2:0:1|2:0:2|1:2:0|1:1:0|0:0:0|1:1:0|0:0:0|4:0:3|0:0:0|1:1:0|1:1:0|3:3:0|0:0:0|2:0:2|2:0:2|4:0:3|0:0:0|1:1:0|1:1:0|0:0:0","1:1:0|2:0:1|1:1:0|1:1:0|0:0:0|1:2:1|4:0:3|1:1:0|1:1:0|2:1:2|1:1:0|0:0:0|2:0:1|1:1:0|1:1:0|0:1:1|2:0:1|1:1:0|2:0:2|4:0:3|0:0:0|2:1:2|0:0:0|2:0:1|0:1:1|0:0:0|0:0:0|0:0:0|0:0:0|2:0:1|2:0:2|1:2:0|1:1:0|0:0:0|1:1:0|0:0:0|4:0:3|0:0:0|1:1:0|1:1:0|3:3:0|0:0:0|2:0:2|2:0:2|4:0:3|0:0:0|1:1:0|1:1:0|0:0:0"
"7x7-p96","7x7-p96-seeded-random","-1","1","48","0.750000","2","2","O12","LM","72","70","72","71","0","0","2","1","1","1","2","1","2","1:1:0|2:0:1|1:1:0|1:1:0|0:0:0|1:2:1|4:0:3|1:1:0|1:1:0|0:1:1|1:1:0|0:0:0|0:0:1|1:1:0|1:1:0|0:1:1|2:0:1|1:1:0|2:0:2|4:0:3|0:0:0|2:1:2|0:0:0|2:0:1|0:1:1|0:0:0|0:0:0|0:0:0|0:0:0|2:0:1|2:0:2|1:2:0|1:1:0|0:0:0|1:1:0|0:0:0|4:0:3|0:0:0|1:1:0|1:1:0|3:3:0|0:0:0|2:0:2|2:0:2|4:0:3|0:0:0|1:1:0|1:1:0|0:0:0","1:1:0|2:0:1|1:1:0|1:1:0|0:0:0|1:2:1|4:0:3|1:1:0|1:1:0|0:1:2|1:1:0|0:0:0|0:0:1|1:1:0|1:1:0|0:1:1|2:0:1|1:1:0|2:0:2|4:0:3|0:0:0|2:1:2|0:0:0|2:0:1|0:1:1|0:0:0|0:0:0|0:0:0|0:0:0|2:0:1|2:0:2|1:2:0|1:1:0|0:0:0|1:1:0|0:0:0|4:0:3|0:0:0|1:1:0|1:1:0|3:3:0|0:0:0|2:0:2|2:0:2|4:0:3|0:0:0|1:1:0|1:1:0|0:0:0","1:1:0|2:0:1|1:1:0|1:1:0|0:0:0|1:2:1|4:0:3|1:1:0|1:1:0|2:1:2|1:1:0|0:0:0|2:0:1|1:1:0|1:1:0|0:1:1|2:0:1|1:1:0|2:0:2|4:0:3|0:0:0|2:1:2|0:0:0|2:0:1|0:1:1|0:0:0|0:0:0|0:0:0|0:0:0|2:0:1|2:0:2|1:2:0|1:1:0|0:0:0|1:1:0|0:0:0|4:0:3|0:0:0|1:1:0|1:1:0|3:3:0|0:0:0|2:0:2|2:0:2|4:0:3|0:0:0|1:1:0|1:1:0|0:0:0"
"7x7-p96","7x7-p96-seeded-random","-1","1","49","0.765625","2","1","O40","ML","73","72","74","72","0","0","1","0","0","1","0","1","0","1:1:0|2:0:1|1:1:0|1:1:0|0:0:0|1:2:1|4:0:3|1:1:0|1:1:0|2:1:2|1:1:0|0:0:0|2:0:1|1:1:0|1:1:0|0:1:1|2:0:1|1:1:0|2:0:2|4:0:3|0:0:0|2:1:2|0:0:0|2:0:1|0:1:1|0:0:0|0:0:0|0:0:0|0:0:0|2:0:1|2:0:2|1:2:0|1:1:0|0:0:0|1:1:0|0:0:0|4:0:3|0:0:0|1:1:0|1:1:0|3:3:0|0:0:0|2:0:2|2:0:2|4:0:3|0:0:0|1:1:0|1:1:0|0:0:0","1:1:0|2:0:1|1:1:0|1:1:0|0:0:0|1:2:1|4:0:3|1:1:0|1:1:0|2:1:2|1:1:0|0:0:0|2:0:1|1:1:0|1:1:0|0:1:1|2:0:1|1:1:0|2:0:2|4:0:3|0:0:0|2:1:2|0:0:0|2:0:1|0:1:1|0:0:0|0:0:0|0:0:0|0:1:0|2:0:1|2:0:2|1:2:0|1:1:0|0:0:0|1:1:0|0:0:0|4:0:3|0:0:0|1:1:0|1:1:0|3:3:0|0:0:0|2:0:2|2:0:2|4:0:3|0:0:0|1:1:0|1:1:0|0:0:0","1:1:0|2:0:1|1:1:0|1:1:0|0:0:0|1:2:1|4:0:3|1:1:0|1:1:0|2:1:2|1:1:0|0:0:0|2:0:1|1:1:0|1:1:0|0:1:1|2:0:1|1:1:0|2:0:2|4:0:3|0:0:0|2:1:2|0:0:0|2:0:1|0:1:1|0:0:0|0:0:0|0:0:0|1:1:0|2:0:1|2:0:2|1:2:0|1:1:0|0:0:0|1:1:0|0:0:0|4:0:3|0:0:0|1:1:0|1:1:0|3:3:0|0:0:0|2:0:2|2:0:2|4:0:3|0:0:0|1:1:0|1:1:0|0:0:0"
"7x7-p96","7x7-p96-seeded-random","-1","1","50","0.781250","1","2","O61","HL","75","72","75","73","2","2","4","0","2","0","3","0","3","1:1:0|2:0:1|1:1:0|1:1:0|0:0:0|1:2:1|4:0:3|1:1:0|1:1:0|2:1:2|1:1:0|0:0:0|2:0:1|1:1:0|1:1:0|0:1:1|2:0:1|1:1:0|2:0:2|4:0:3|0:0:0|2:1:2|0:0:0|2:0:1|0:1:1|0:0:0|0:0:0|0:0:0|1:1:0|2:0:1|2:0:2|1:2:0|1:1:0|0:0:0|1:1:0|0:0:0|4:0:3|0:0:0|1:1:0|1:1:0|3:3:0|0:0:0|2:0:2|2:0:2|4:0:3|0:0:0|1:1:0|1:1:0|0:0:0","1:1:0|2:0:1|1:1:0|1:1:0|0:0:0|1:2:1|4:0:3|1:1:0|1:1:0|2:1:2|1:1:0|0:0:0|2:0:1|1:1:0|1:1:0|0:1:1|2:0:1|1:1:0|2:0:2|4:0:3|0:0:0|2:1:2|0:0:0|2:0:1|0:1:1|0:0:0|0:0:0|0:0:0|1:1:0|2:0:1|2:0:2|1:2:0|1:1:0|0:0:0|1:1:0|0:0:0|4:0:3|0:0:0|1:1:0|1:1:0|3:3:0|0:0:0|2:0:2|2:0:3|4:0:3|0:0:0|1:1:0|1:1:0|0:0:0","1:1:0|2:0:1|1:1:0|1:1:0|0:0:0|1:2:1|4:0:3|1:1:0|1:1:0|4:1:3|1:1:0|0:0:0|2:0:1|1:1:0|1:1:0|0:1:1|2:0:1|1:1:0|2:0:2|4:0:3|0:0:0|2:1:2|0:0:0|2:0:1|0:1:1|0:0:0|0:0:0|0:0:0|1:1:0|2:0:1|2:0:2|1:2:0|1:1:0|0:0:0|1:1:0|0:0:0|4:0:3|0:0:0|1:1:0|1:1:0|3:3:0|0:0:0|2:0:2|4:0:3|4:0:3|0:0:0|1:1:0|1:1:0|0:0:0"
"7x7-p96","7x7-p96-seeded-random","-1","1","50","0.781250","2","2","O12","LM","75","73","75","74","2","2","4","1","2","1","3","1","3","1:1:0|2:0:1|1:1:0|1:1:0|0:0:0|1:2:1|4:0:3|1:1:0|1:1:0|2:1:2|1:1:0|0:0:0|2:0:1|1:1:0|1:1:0|0:1:1|2:0:1|1:1:0|2:0:2|4:0:3|0:0:0|2:1:2|0:0:0|2:0:1|0:1:1|0:0:0|0:0:0|0:0:0|1:1:0|2:0:1|2:0:2|1:2:0|1:1:0|0:0:0|1:1:0|0:0:0|4:0:3|0:0:0|1:1:0|1:1:0|3:3:0|0:0:0|2:0:2|2:0:3|4:0:3|0:0:0|1:1:0|1:1:0|0:0:0","1:1:0|2:0:1|1:1:0|1:1:0|0:0:0|1:2:1|4:0:3|1:1:0|1:1:0|2:1:3|1:1:0|0:0:0|2:0:1|1:1:0|1:1:0|0:1:1|2:0:1|1:1:0|2:0:2|4:0:3|0:0:0|2:1:2|0:0:0|2:0:1|0:1:1|0:0:0|0:0:0|0:0:0|1:1:0|2:0:1|2:0:2|1:2:0|1:1:0|0:0:0|1:1:0|0:0:0|4:0:3|0:0:0|1:1:0|1:1:0|3:3:0|0:0:0|2:0:2|2:0:3|4:0:3|0:0:0|1:1:0|1:1:0|0:0:0","1:1:0|2:0:1|1:1:0|1:1:0|0:0:0|1:2:1|4:0:3|1:1:0|1:1:0|4:1:3|1:1:0|0:0:0|2:0:1|1:1:0|1:1:0|0:1:1|2:0:1|1:1:0|2:0:2|4:0:3|0:0:0|2:1:2|0:0:0|2:0:1|0:1:1|0:0:0|0:0:0|0:0:0|1:1:0|2:0:1|2:0:2|1:2:0|1:1:0|0:0:0|1:1:0|0:0:0|4:0:3|0:0:0|1:1:0|1:1:0|3:3:0|0:0:0|2:0:2|4:0:3|4:0:3|0:0:0|1:1:0|1:1:0|0:0:0"
"7x7-p96","7x7-p96-seeded-random","-1","1","51","0.796875","1","1","O30","ML","75","75","76","75","2","2","0","1","2","2","2","2","2","1:1:0|2:0:1|1:1:0|1:1:0|0:0:0|1:2:1|4:0:3|1:1:0|1:1:0|4:1:3|1:1:0|0:0:0|2:0:1|1:1:0|1:1:0|0:1:1|2:0:1|1:1:0|2:0:2|4:0:3|0:0:0|2:1:2|0:0:0|2:0:1|0:1:1|0:0:0|0:0:0|0:0:0|1:1:0|2:0:1|2:0:2|1:2:0|1:1:0|0:0:0|1:1:0|0:0:0|4:0:3|0:0:0|1:1:0|1:1:0|3:3:0|0:0:0|2:0:2|4:0:3|4:0:3|0:0:0|1:1:0|1:1:0|0:0:0","1:1:0|2:0:1|1:1:0|1:1:0|0:0:0|1:2:1|4:0:3|1:1:0|1:1:0|4:1:3|1:1:0|0:0:0|2:0:1|1:1:0|1:1:0|0:1:1|2:0:1|1:1:0|2:0:2|4:0:3|0:0:0|2:2:2|0:0:0|2:0:1|0:1:1|0:0:0|0:0:0|0:0:0|1:1:0|2:0:1|2:0:2|1:2:0|1:1:0|0:0:0|1:1:0|0:0:0|4:0:3|0:0:0|1:1:0|1:1:0|3:3:0|0:0:0|2:0:2|4:0:3|4:0:3|0:0:0|1:1:0|1:1:0|0:0:0","1:1:0|2:0:1|1:1:0|1:1:0|0:0:0|1:2:1|4:0:3|1:1:0|1:1:0|4:1:3|1:1:0|0:0:0|2:0:1|1:1:0|1:1:0|0:1:1|2:0:1|1:1:0|2:0:2|4:0:3|0:0:0|0:2:2|0:0:0|2:0:1|1:2:1|0:0:0|0:0:0|0:0:0|1:1:0|2:0:1|2:0:2|1:2:0|1:1:0|0:0:0|1:1:0|0:0:0|4:0:3|0:0:0|1:1:0|1:2:0|3:3:0|0:0:0|2:0:2|4:0:3|4:0:3|0:0:0|1:1:0|1:1:0|0:0:0"
"7x7-p96","7x7-p96-seeded-random","-1","1","51","0.796875","2","1","O54","HM","76","75","77","75","1","1","1","1","0","2","0","2","0","1:1:0|2:0:1|1:1:0|1:1:0|0:0:0|1:2:1|4:0:3|1:1:0|1:1:0|4:1:3|1:1:0|0:0:0|2:0:1|1:1:0|1:1:0|0:1:1|2:0:1|1:1:0|2:0:2|4:0:3|0:0:0|2:2:2|0:0:0|2:0:1|0:1:1|0:0:0|0:0:0|0:0:0|1:1:0|2:0:1|2:0:2|1:2:0|1:1:0|0:0:0|1:1:0|0:0:0|4:0:3|0:0:0|1:1:0|1:1:0|3:3:0|0:0:0|2:0:2|4:0:3|4:0:3|0:0:0|1:1:0|1:1:0|0:0:0","1:1:0|2:0:1|1:1:0|1:1:0|0:0:0|1:2:1|4:0:3|1:1:0|1:1:0|4:1:3|1:1:0|0:0:0|2:0:1|1:1:0|1:1:0|0:1:1|2:0:1|1:1:0|2:0:2|4:0:3|0:0:0|2:2:2|0:0:0|2:0:1|0:1:1|0:0:0|0:0:0|0:0:0|1:1:0|2:0:1|2:0:2|1:2:0|1:1:0|0:0:0|1:1:0|0:0:0|4:0:3|0:0:0|1:1:0|1:2:0|3:3:0|0:0:0|2:0:2|4:0:3|4:0:3|0:0:0|1:1:0|1:1:0|0:0:0","1:1:0|2:0:1|1:1:0|1:1:0|0:0:0|1:2:1|4:0:3|1:1:0|1:1:0|4:1:3|1:1:0|0:0:0|2:0:1|1:1:0|1:1:0|0:1:1|2:0:1|1:1:0|2:0:2|4:0:3|0:0:0|0:2:2|0:0:0|2:0:1|1:2:1|0:0:0|0:0:0|0:0:0|1:1:0|2:0:1|2:0:2|1:2:0|1:1:0|0:0:0|1:1:0|0:0:0|4:0:3|0:0:0|1:1:0|1:2:0|3:3:0|0:0:0|2:0:2|4:0:3|4:0:3|0:0:0|1:1:0|1:1:0|0:0:0"
"7x7-p96","7x7-p96-seeded-random","-1","1","51","0.796875","3","1","O33","MM","77","75","78","75","0","1","1","1","1","2","1","2","1","1:1:0|2:0:1|1:1:0|1:1:0|0:0:0|1:2:1|4:0:3|1:1:0|1:1:0|4:1:3|1:1:0|0:0:0|2:0:1|1:1:0|1:1:0|0:1:1|2:0:1|1:1:0|2:0:2|4:0:3|0:0:0|2:2:2|0:0:0|2:0:1|0:1:1|0:0:0|0:0:0|0:0:0|1:1:0|2:0:1|2:0:2|1:2:0|1:1:0|0:0:0|1:1:0|0:0:0|4:0:3|0:0:0|1:1:0|1:2:0|3:3:0|0:0:0|2:0:2|4:0:3|4:0:3|0:0:0|1:1:0|1:1:0|0:0:0","1:1:0|2:0:1|1:1:0|1:1:0|0:0:0|1:2:1|4:0:3|1:1:0|1:1:0|4:1:3|1:1:0|0:0:0|2:0:1|1:1:0|1:1:0|0:1:1|2:0:1|1:1:0|2:0:2|4:0:3|0:0:0|0:2:2|0:0:0|2:0:1|1:2:1|0:0:0|0:0:0|0:0:0|1:1:0|2:0:1|2:0:2|1:2:0|1:1:0|0:0:0|1:1:0|0:0:0|4:0:3|0:0:0|1:1:0|1:2:0|3:3:0|0:0:0|2:0:2|4:0:3|4:0:3|0:0:0|1:1:0|1:1:0|0:0:0","1:1:0|2:0:1|1:1:0|1:1:0|0:0:0|1:2:1|4:0:3|1:1:0|1:1:0|4:1:3|1:1:0|0:0:0|2:0:1|1:1:0|1:1:0|0:1:1|2:0:1|1:1:0|2:0:2|4:0:3|0:0:0|0:2:2|0:0:0|2:0:1|1:2:1|0:0:0|0:0:0|0:0:0|1:1:0|2:0:1|2:0:2|1:2:0|1:1:0|0:0:0|1:1:0|0:0:0|4:0:3|0:0:0|1:1:0|1:2:0|3:3:0|0:0:0|2:0:2|4:0:3|4:0:3|0:0:0|1:1:0|1:1:0|0:0:0"
"7x7-p96","7x7-p96-seeded-random","-1","1","52","0.812500","1","2","O20","ML","78","75","78","76","1","1","0","1","0","1","1","1","1","1:1:0|2:0:1|1:1:0|1:1:0|0:0:0|1:2:1|4:0:3|1:1:0|1:1:0|4:1:3|1:1:0|0:0:0|2:0:1|1:1:0|1:1:0|0:1:1|2:0:1|1:1:0|2:0:2|4:0:3|0:0:0|0:2:2|0:0:0|2:0:1|1:2:1|0:0:0|0:0:0|0:0:0|1:1:0|2:0:1|2:0:2|1:2:0|1:1:0|0:0:0|1:1:0|0:0:0|4:0:3|0:0:0|1:1:0|1:2:0|3:3:0|0:0:0|2:0:2|4:0:3|4:0:3|0:0:0|1:1:0|1:1:0|0:0:0","1:1:0|2:0:1|1:1:0|1:1:0|0:0:0|1:2:1|4:0:3|1:1:0|1:1:0|4:1:3|1:1:0|0:0:0|2:0:1|1:1:0|1:1:1|0:1:1|2:0:1|1:1:0|2:0:2|4:0:3|0:0:0|0:2:2|0:0:0|2:0:1|1:2:1|0:0:0|0:0:0|0:0:0|1:1:0|2:0:1|2:0:2|1:2:0|1:1:0|0:0:0|1:1:0|0:0:0|4:0:3|0:0:0|1:1:0|1:2:0|3:3:0|0:0:0|2:0:2|4:0:3|4:0:3|0:0:0|1:1:0|1:1:0|0:0:0","1:1:0|2:0:1|1:1:0|1:1:0|0:0:0|1:2:1|4:0:3|1:1:0|1:1:0|4:1:3|1:1:0|0:0:0|2:0:1|0:1:1|0:1:1|0:1:1|2:0:1|1:1:0|2:0:2|4:0:3|0:0:0|0:2:2|0:0:0|2:0:1|1:2:1|0:0:0|0:0:0|0:0:0|1:1:0|2:0:1|4:0:3|1:2:0|1:1:0|0:0:0|1:1:0|0:0:0|4:0:3|0:0:0|1:1:0|1:2:0|3:3:0|0:0:0|2:0:2|4:0:3|4:0:3|0:0:0|1:1:0|1:1:0|0:0:0"
"7x7-p96","7x7-p96-seeded-random","-1","1","52","0.812500","2","2","O16","LH","78","76","78","77","1","1","0","1","0","1","1","1","1","1:1:0|2:0:1|1:1:0|1:1:0|0:0:0|1:2:1|4:0:3|1:1:0|1:1:0|4:1:3|1:1:0|0:0:0|2:0:1|1:1:0|1:1:1|0:1:1|2:0:1|1:1:0|2:0:2|4:0:3|0:0:0|0:2:2|0:0:0|2:0:1|1:2:1|0:0:0|0:0:0|0:0:0|1:1:0|2:0:1|2:0:2|1:2:0|1:1:0|0:0:0|1:1:0|0:0:0|4:0:3|0:0:0|1:1:0|1:2:0|3:3:0|0:0:0|2:0:2|4:0:3|4:0:3|0:0:0|1:1:0|1:1:0|0:0:0","1:1:0|2:0:1|1:1:0|1:1:0|0:0:0|1:2:1|4:0:3|1:1:0|1:1:0|4:1:3|1:1:0|0:0:0|2:0:1|1:1:1|1:1:1|0:1:1|2:0:1|1:1:0|2:0:2|4:0:3|0:0:0|0:2:2|0:0:0|2:0:1|1:2:1|0:0:0|0:0:0|0:0:0|1:1:0|2:0:1|2:0:2|1:2:0|1:1:0|0:0:0|1:1:0|0:0:0|4:0:3|0:0:0|1:1:0|1:2:0|3:3:0|0:0:0|2:0:2|4:0:3|4:0:3|0:0:0|1:1:0|1:1:0|0:0:0","1:1:0|2:0:1|1:1:0|1:1:0|0:0:0|1:2:1|4:0:3|1:1:0|1:1:0|4:1:3|1:1:0|0:0:0|2:0:1|0:1:1|0:1:1|0:1:1|2:0:1|1:1:0|2:0:2|4:0:3|0:0:0|0:2:2|0:0:0|2:0:1|1:2:1|0:0:0|0:0:0|0:0:0|1:1:0|2:0:1|4:0:3|1:2:0|1:1:0|0:0:0|1:1:0|0:0:0|4:0:3|0:0:0|1:1:0|1:2:0|3:3:0|0:0:0|2:0:2|4:0:3|4:0:3|0:0:0|1:1:0|1:1:0|0:0:0"
"7x7-p96","7x7-p96-seeded-random","-1","1","52","0.812500","3","2","O42","MM","78","77","78","78","2","4","4","0","2","0","3","0","3","1:1:0|2:0:1|1:1:0|1:1:0|0:0:0|1:2:1|4:0:3|1:1:0|1:1:0|4:1:3|1:1:0|0:0:0|2:0:1|1:1:1|1:1:1|0:1:1|2:0:1|1:1:0|2:0:2|4:0:3|0:0:0|0:2:2|0:0:0|2:0:1|1:2:1|0:0:0|0:0:0|0:0:0|1:1:0|2:0:1|2:0:2|1:2:0|1:1:0|0:0:0|1:1:0|0:0:0|4:0:3|0:0:0|1:1:0|1:2:0|3:3:0|0:0:0|2:0:2|4:0:3|4:0:3|0:0:0|1:1:0|1:1:0|0:0:0","1:1:0|2:0:1|1:1:0|1:1:0|0:0:0|1:2:1|4:0:3|1:1:0|1:1:0|4:1:3|1:1:0|0:0:0|2:0:1|0:1:1|0:1:1|0:1:1|2:0:1|1:1:0|2:0:2|4:0:3|0:0:0|0:2:2|0:0:0|2:0:1|1:2:1|0:0:0|0:0:0|0:0:0|1:1:0|2:0:1|4:0:3|1:2:0|1:1:0|0:0:0|1:1:0|0:0:0|4:0:3|0:0:0|1:1:0|1:2:0|3:3:0|0:0:0|2:0:2|4:0:3|4:0:3|0:0:0|1:1:0|1:1:0|0:0:0","1:1:0|2:0:1|1:1:0|1:1:0|0:0:0|1:2:1|4:0:3|1:1:0|1:1:0|4:1:3|1:1:0|0:0:0|2:0:1|0:1:1|0:1:1|0:1:1|2:0:1|1:1:0|2:0:2|4:0:3|0:0:0|0:2:2|0:0:0|2:0:1|1:2:1|0:0:0|0:0:0|0:0:0|1:1:0|2:0:1|4:0:3|1:2:0|1:1:0|0:0:0|1:1:0|0:0:0|4:0:3|0:0:0|1:1:0|1:2:0|3:3:0|0:0:0|2:0:2|4:0:3|4:0:3|0:0:0|1:1:0|1:1:0|0:0:0"
"7x7-p96","7x7-p96-seeded-random","-1","1","53","0.828125","1","1","O04","LM","78","78","79","78","0","0","1","0","0","1","0","1","0","1:1:0|2:0:1|1:1:0|1:1:0|0:0:0|1:2:1|4:0:3|1:1:0|1:1:0|4:1:3|1:1:0|0:0:0|2:0:1|0:1:1|0:1:1|0:1:1|2:0:1|1:1:0|2:0:2|4:0:3|0:0:0|0:2:2|0:0:0|2:0:1|1:2:1|0:0:0|0:0:0|0:0:0|1:1:0|2:0:1|4:0:3|1:2:0|1:1:0|0:0:0|1:1:0|0:0:0|4:0:3|0:0:0|1:1:0|1:2:0|3:3:0|0:0:0|2:0:2|4:0:3|4:0:3|0:0:0|1:1:0|1:1:0|0:0:0","1:1:0|2:0:1|1:1:0|1:1:0|0:1:0|1:2:1|4:0:3|1:1:0|1:1:0|4:1:3|1:1:0|0:0:0|2:0:1|0:1:1|0:1:1|0:1:1|2:0:1|1:1:0|2:0:2|4:0:3|0:0:0|0:2:2|0:0:0|2:0:1|1:2:1|0:0:0|0:0:0|0:0:0|1:1:0|2:0:1|4:0:3|1:2:0|1:1:0|0:0:0|1:1:0|0:0:0|4:0:3|0:0:0|1:1:0|1:2:0|3:3:0|0:0:0|2:0:2|4:0:3|4:0:3|0:0:0|1:1:0|1:1:0|0:0:0","1:1:0|2:0:1|1:1:0|1:1:0|1:1:0|1:2:1|4:0:3|1:1:0|1:1:0|4:1:3|1:1:0|0:0:0|2:0:1|0:1:1|0:1:1|0:1:1|2:0:1|1:1:0|2:0:2|4:0:3|0:0:0|0:2:2|0:0:0|2:0:1|1:2:1|0:0:0|0:0:0|0:0:0|1:1:0|2:0:1|4:0:3|1:2:0|1:1:0|0:0:0|1:2:0|0:0:0|4:0:3|0:0:0|1:1:0|1:2:0|3:3:0|0:0:0|2:0:2|4:0:3|4:0:3|0:0:0|1:1:0|1:1:0|0:0:0"
"7x7-p96","7x7-p96-seeded-random","-1","1","53","0.828125","3","1","O46","MH","80","78","81","78","1","1","1","1","0","2","0","2","0","1:1:0|2:0:1|1:1:0|1:1:0|0:1:0|1:2:1|4:0:3|1:1:0|1:1:0|4:1:3|1:1:0|0:0:0|2:0:1|0:1:1|0:1:1|0:1:1|2:0:1|1:1:0|2:0:2|4:0:3|0:0:0|0:2:2|0:0:0|2:0:1|1:2:1|0:0:0|0:0:0|0:0:0|1:1:0|2:0:1|4:0:3|1:2:0|1:1:0|0:0:0|1:1:0|0:0:0|4:0:3|0:0:0|1:1:0|1:2:0|3:3:0|0:0:0|2:0:2|4:0:3|4:0:3|0:0:0|1:1:0|1:1:0|0:0:0","1:1:0|2:0:1|1:1:0|1:1:0|1:1:0|1:2:1|4:0:3|1:1:0|1:1:0|4:1:3|1:1:0|0:0:0|2:0:1|0:1:1|0:1:1|0:1:1|2:0:1|1:1:0|2:0:2|4:0:3|0:0:0|0:2:2|0:0:0|2:0:1|1:2:1|0:0:0|0:0:0|0:0:0|1:1:0|2:0:1|4:0:3|1:2:0|1:1:0|0:0:0|1:2:0|0:0:0|4:0:3|0:0:0|1:1:0|1:2:0|3:3:0|0:0:0|2:0:2|4:0:3|4:0:3|0:0:0|1:1:0|1:1:0|0:0:0","1:1:0|2:0:1|1:1:0|1:1:0|1:1:0|1:2:1|4:0:3|1:1:0|1:1:0|4:1:3|1:1:0|0:0:0|2:0:1|0:1:1|0:1:1|0:1:1|2:0:1|1:1:0|2:0:2|4:0:3|0:0:0|0:2:2|0:0:0|2:0:1|1:2:1|0:0:0|0:0:0|0:0:0|1:1:0|2:0:1|4:0:3|1:2:0|1:1:0|0:0:0|1:2:0|0:0:0|4:0:3|0:0:0|1:1:0|1:2:0|3:3:0|0:0:0|2:0:2|4:0:3|4:0:3|0:0:0|1:1:0|1:1:0|0:0:0"
"7x7-p96","7x7-p96-seeded-random","-1","1","55","0.859375","3","1","O40","ML","83","81","84","81","1","1","1","1","0","2","0","2","0","1:1:0|2:0:1|1:1:0|1:1:0|1:1:0|1:2:1|4:0:3|1:1:0|1:1:0|4:1:3|1:1:0|0:0:0|2:0:1|0:1:1|0:1:1|0:1:1|2:0:1|1:1:0|2:0:2|4:0:3|0:0:0|0:2:2|0:0:0|2:0:1|1:2:1|0:0:0|0:0:0|0:0:0|1:1:0|2:0:1|4:0:3|1:2:0|1:1:0|0:0:0|1:2:0|0:0:0|4:0:3|0:0:0|1:1:0|1:2:0|3:3:0|0:0:0|2:0:2|4:0:3|4:0:3|0:0:0|1:1:0|1:1:0|0:0:0","1:1:0|2:0:1|1:1:0|1:1:0|1:1:0|1:2:1|4:0:3|1:1:0|1:1:0|4:1:3|1:1:0|0:0:0|2:0:1|0:1:1|0:1:1|0:1:1|2:0:1|1:1:0|2:0:2|4:0:3|0:0:0|0:2:2|0:0:0|2:0:1|1:2:1|0:0:0|0:0:0|0:0:0|1:2:0|2:0:1|4:0:3|1:2:0|1:1:0|0:0:0|1:2:0|0:0:0|4:0:3|0:0:0|1:1:0|1:2:0|3:3:0|0:0:0|2:0:2|4:0:3|4:0:3|0:0:0|1:1:0|1:1:0|0:0:0","1:1:0|2:0:1|1:1:0|1:1:0|1:1:0|1:2:1|4:0:3|1:1:0|1:1:0|4:1:3|1:1:0|0:0:0|2:0:1|0:1:1|0:1:1|0:1:1|2:0:1|1:1:0|2:0:2|4:0:3|0:0:0|0:2:2|0:0:0|2:0:1|1:2:1|0:0:0|0:0:0|0:0:0|1:2:0|2:0:1|4:0:3|1:2:0|1:1:0|0:0:0|1:2:0|0:0:0|4:0:3|0:0:0|1:1:0|1:2:0|3:3:0|0:0:0|2:0:2|4:0:3|4:0:3|0:0:0|1:1:0|1:1:0|0:0:0"
"7x7-p96","7x7-p96-seeded-random","-1","1","56","0.875000","1","2","O21","ML","84","81","84","82","0","0","2","1","1","1","2","1","2","1:1:0|2:0:1|1:1:0|1:1:0|1:1:0|1:2:1|4:0:3|1:1:0|1:1:0|4:1:3|1:1:0|0:0:0|2:0:1|0:1:1|0:1:1|0:1:1|2:0:1|1:1:0|2:0:2|4:0:3|0:0:0|0:2:2|0:0:0|2:0:1|1:2:1|0:0:0|0:0:0|0:0:0|1:2:0|2:0:1|4:0:3|1:2:0|1:1:0|0:0:0|1:2:0|0:0:0|4:0:3|0:0:0|1:1:0|1:2:0|3:3:0|0:0:0|2:0:2|4:0:3|4:0:3|0:0:0|1:1:0|1:1:0|0:0:0","1:1:0|2:0:1|1:1:0|1:1:0|1:1:0|1:2:1|4:0:3|1:1:0|1:1:0|4:1:3|1:1:0|0:0:0|2:0:1|0:1:1|0:1:1|0:1:2|2:0:1|1:1:0|2:0:2|4:0:3|0:0:0|0:2:2|0:0:0|2:0:1|1:2:1|0:0:0|0:0:0|0:0:0|1:2:0|2:0:1|4:0:3|1:2:0|1:1:0|0:0:0|1:2:0|0:0:0|4:0:3|0:0:0|1:1:0|1:2:0|3:3:0|0:0:0|2:0:2|4:0:3|4:0:3|0:0:0|1:1:0|1:1:0|0:0:0","1:1:0|2:0:1|1:1:0|1:1:0|1:1:0|1:2:1|4:0:3|1:1:0|1:1:0|4:1:3|1:1:0|0:0:0|2:0:1|0:1:1|0:1:1|2:1:2|2:0:1|1:1:0|2:0:2|4:0:3|0:0:0|0:2:2|0:0:0|2:0:1|1:2:1|0:0:0|0:0:0|0:0:0|1:2:0|2:0:1|4:0:3|1:2:0|1:1:0|0:0:0|1:2:0|0:0:0|4:0:3|0:0:0|0:1:1|1:2:0|3:3:0|0:0:0|2:0:2|4:0:3|4:0:3|0:0:0|1:1:0|1:1:0|0:0:0"
"7x7-p96","7x7-p96-seeded-random","-1","1","56","0.875000","3","2","O53","HM","84","83","84","84","1","0","0","1","0","1","1","1","1","1:1:0|2:0:1|1:1:0|1:1:0|1:1:0|1:2:1|4:0:3|1:1:0|1:1:0|4:1:3|1:1:0|0:0:0|2:0:1|0:1:1|0:1:1|0:1:2|2:0:1|1:1:0|2:0:2|4:0:3|0:0:0|0:2:2|0:0:0|2:0:1|1:2:1|0:0:0|0:0:0|0:0:0|1:2:0|2:0:1|4:0:3|1:2:0|1:1:0|0:0:0|1:2:0|0:0:0|4:0:3|0:0:0|1:1:0|1:2:0|3:3:0|0:0:0|2:0:2|4:0:3|4:0:3|0:0:0|1:1:0|1:1:0|0:0:0","1:1:0|2:0:1|1:1:0|1:1:0|1:1:0|1:2:1|4:0:3|1:1:0|1:1:0|4:1:3|1:1:0|0:0:0|2:0:1|0:1:1|0:1:1|2:1:2|2:0:1|1:1:0|2:0:2|4:0:3|0:0:0|0:2:2|0:0:0|2:0:1|1:2:1|0:0:0|0:0:0|0:0:0|1:2:0|2:0:1|4:0:3|1:2:0|1:1:0|0:0:0|1:2:0|0:0:0|4:0:3|0:0:0|0:1:1|1:2:0|3:3:0|0:0:0|2:0:2|4:0:3|4:0:3|0:0:0|1:1:0|1:1:0|0:0:0","1:1:0|2:0:1|1:1:0|1:1:0|1:1:0|1:2:1|4:0:3|1:1:0|1:1:0|4:1:3|1:1:0|0:0:0|2:0:1|0:1:1|0:1:1|2:1:2|2:0:1|1:1:0|2:0:2|4:0:3|0:0:0|0:2:2|0:0:0|2:0:1|1:2:1|0:0:0|0:0:0|0:0:0|1:2:0|2:0:1|4:0:3|1:2:0|1:1:0|0:0:0|1:2:0|0:0:0|4:0:3|0:0:0|0:1:1|1:2:0|3:3:0|0:0:0|2:0:2|4:0:3|4:0:3|0:0:0|1:1:0|1:1:0|0:0:0"
"7x7-p96","7x7-p96-seeded-random","-1","1","57","0.890625","1","1","O36","MH","84","84","85","84","0","0","1","0","0","1","0","1","0","1:1:0|2:0:1|1:1:0|1:1:0|1:1:0|1:2:1|4:0:3|1:1:0|1:1:0|4:1:3|1:1:0|0:0:0|2:0:1|0:1:1|0:1:1|2:1:2|2:0:1|1:1:0|2:0:2|4:0:3|0:0:0|0:2:2|0:0:0|2:0:1|1:2:1|0:0:0|0:0:0|0:0:0|1:2:0|2:0:1|4:0:3|1:2:0|1:1:0|0:0:0|1:2:0|0:0:0|4:0:3|0:0:0|0:1:1|1:2:0|3:3:0|0:0:0|2:0:2|4:0:3|4:0:3|0:0:0|1:1:0|1:1:0|0:0:0","1:1:0|2:0:1|1:1:0|1:1:0|1:1:0|1:2:1|4:0:3|1:1:0|1:1:0|4:1:3|1:1:0|0:0:0|2:0:1|0:1:1|0:1:1|2:1:2|2:0:1|1:1:0|2:0:2|4:0:3|0:0:0|0:2:2|0:0:0|2:0:1|1:2:1|0:0:0|0:0:0|0:1:0|1:2:0|2:0:1|4:0:3|1:2:0|1:1:0|0:0:0|1:2:0|0:0:0|4:0:3|0:0:0|0:1:1|1:2:0|3:3:0|0:0:0|2:0:2|4:0:3|4:0:3|0:0:0|1:1:0|1:1:0|0:0:0","1:1:0|2:0:1|1:1:0|1:1:0|1:1:0|1:2:1|4:0:3|1:1:0|1:1:0|4:1:3|1:1:0|0:0:0|2:0:1|0:1:1|0:1:1|2:1:2|2:0:1|1:1:0|2:0:2|4:0:3|0:0:0|0:2:2|0:0:0|2:0:1|1:2:1|0:0:0|0:0:0|1:1:0|1:2:0|2:0:1|4:0:3|1:2:0|1:1:0|0:0:0|3:3:0|0:0:0|4:0:3|0:0:0|0:1:1|3:3:0|3:3:0|0:0:0|2:0:2|4:0:3|4:0:3|0:0:0|1:1:0|1:1:0|0:0:0"
"7x7-p96","7x7-p96-seeded-random","-1","1","57","0.890625","2","1","O54","HM","85","84","86","84","1","1","3","2","0","3","0","3","0","1:1:0|2:0:1|1:1:0|1:1:0|1:1:0|1:2:1|4:0:3|1:1:0|1:1:0|4:1:3|1:1:0|0:0:0|2:0:1|0:1:1|0:1:1|2:1:2|2:0:1|1:1:0|2:0:2|4:0:3|0:0:0|0:2:2|0:0:0|2:0:1|1:2:1|0:0:0|0:0:0|0:1:0|1:2:0|2:0:1|4:0:3|1:2:0|1:1:0|0:0:0|1:2:0|0:0:0|4:0:3|0:0:0|0:1:1|1:2:0|3:3:0|0:0:0|2:0:2|4:0:3|4:0:3|0:0:0|1:1:0|1:1:0|0:0:0","1:1:0|2:0:1|1:1:0|1:1:0|1:1:0|1:2:1|4:0:3|1:1:0|1:1:0|4:1:3|1:1:0|0:0:0|2:0:1|0:1:1|0:1:1|2:1:2|2:0:1|1:1:0|2:0:2|4:0:3|0:0:0|0:2:2|0:0:0|2:0:1|1:2:1|0:0:0|0:0:0|0:1:0|1:2:0|2:0:1|4:0:3|1:2:0|1:1:0|0:0:0|1:2:0|0:0:0|4:0:3|0:0:0|0:1:1|1:3:0|3:3:0|0:0:0|2:0:2|4:0:3|4:0:3|0:0:0|1:1:0|1:1:0|0:0:0","1:1:0|2:0:1|1:1:0|1:1:0|1:1:0|1:2:1|4:0:3|1:1:0|1:1:0|4:1:3|1:1:0|0:0:0|2:0:1|0:1:1|0:1:1|2:1:2|2:0:1|1:1:0|2:0:2|4:0:3|0:0:0|0:2:2|0:0:0|2:0:1|1:2:1|0:0:0|0:0:0|1:1:0|1:2:0|2:0:1|4:0:3|1:2:0|1:1:0|0:0:0|3:3:0|0:0:0|4:0:3|0:0:0|0:1:1|3:3:0|3:3:0|0:0:0|2:0:2|4:0:3|4:0:3|0:0:0|1:1:0|1:1:0|0:0:0"
"7x7-p96","7x7-p96-seeded-random","-1","1","57","0.890625","3","1","O46","MH","86","84","87","84","1","3","3","2","0","3","0","3","0","1:1:0|2:0:1|1:1:0|1:1:0|1:1:0|1:2:1|4:0:3|1:1:0|1:1:0|4:1:3|1:1:0|0:0:0|2:0:1|0:1:1|0:1:1|2:1:2|2:0:1|1:1:0|2:0:2|4:0:3|0:0:0|0:2:2|0:0:0|2:0:1|1:2:1|0:0:0|0:0:0|0:1:0|1:2:0|2:0:1|4:0:3|1:2:0|1:1:0|0:0:0|1:2:0|0:0:0|4:0:3|0:0:0|0:1:1|1:3:0|3:3:0|0:0:0|2:0:2|4:0:3|4:0:3|0:0:0|1:1:0|1:1:0|0:0:0","1:1:0|2:0:1|1:1:0|1:1:0|1:1:0|1:2:1|4:0:3|1:1:0|1:1:0|4:1:3|1:1:0|0:0:0|2:0:1|0:1:1|0:1:1|2:1:2|2:0:1|1:1:0|2:0:2|4:0:3|0:0:0|0:2:2|0:0:0|2:0:1|1:2:1|0:0:0|0:0:0|1:1:0|1:2:0|2:0:1|4:0:3|1:2:0|1:1:0|0:0:0|3:3:0|0:0:0|4:0:3|0:0:0|0:1:1|3:3:0|3:3:0|0:0:0|2:0:2|4:0:3|4:0:3|0:0:0|1:1:0|1:1:0|0:0:0","1:1:0|2:0:1|1:1:0|1:1:0|1:1:0|1:2:1|4:0:3|1:1:0|1:1:0|4:1:3|1:1:0|0:0:0|2:0:1|0:1:1|0:1:1|2:1:2|2:0:1|1:1:0|2:0:2|4:0:3|0:0:0|0:2:2|0:0:0|2:0:1|1:2:1|0:0:0|0:0:0|1:1:0|1:2:0|2:0:1|4:0:3|1:2:0|1:1:0|0:0:0|3:3:0|0:0:0|4:0:3|0:0:0|0:1:1|3:3:0|3:3:0|0:0:0|2:0:2|4:0:3|4:0:3|0:0:0|1:1:0|1:1:0|0:0:0"
"7x7-p96","7x7-p96-seeded-random","-1","1","59","0.921875","1","1","O44","MM","87","87","88","87","1","1","1","1","0","2","0","2","0","1:1:0|2:0:1|1:1:0|1:1:0|1:1:0|1:2:1|4:0:3|1:1:0|1:1:0|4:1:3|1:1:0|0:0:0|2:0:1|0:1:1|0:1:1|2:1:2|2:0:1|1:1:0|2:0:2|4:0:3|0:0:0|0:2:2|0:0:0|2:0:1|1:2:1|0:0:0|0:0:0|1:1:0|1:2:0|2:0:1|4:0:3|1:2:0|1:1:0|0:0:0|3:3:0|0:0:0|4:0:3|0:0:0|0:1:1|3:3:0|3:3:0|0:0:0|2:0:2|4:0:3|4:0:3|0:0:0|1:1:0|1:1:0|0:0:0","1:1:0|2:0:1|1:1:0|1:1:0|1:1:0|1:2:1|4:0:3|1:1:0|1:1:0|4:1:3|1:1:0|0:0:0|2:0:1|0:1:1|0:1:1|2:1:2|2:0:1|1:1:0|2:0:2|4:0:3|0:0:0|0:2:2|0:0:0|2:0:1|1:2:1|0:0:0|0:0:0|1:1:0|1:2:0|2:0:1|4:0:3|1:2:0|1:2:0|0:0:0|3:3:0|0:0:0|4:0:3|0:0:0|0:1:1|3:3:0|3:3:0|0:0:0|2:0:2|4:0:3|4:0:3|0:0:0|1:1:0|1:1:0|0:0:0","1:1:0|2:0:1|1:1:0|1:1:0|1:1:0|1:2:1|4:0:3|1:1:0|1:1:0|4:1:3|1:1:0|0:0:0|2:0:1|0:1:1|0:1:1|2:1:2|2:0:1|1:1:0|2:0:2|4:0:3|0:0:0|0:2:2|0:0:0|2:0:1|1:2:1|0:0:0|0:0:0|1:1:0|1:2:0|2:0:1|4:0:3|1:2:0|1:2:0|0:0:0|3:3:0|0:0:0|4:0:3|0:0:0|0:1:1|3:3:0|3:3:0|0:0:0|2:0:2|4:0:3|4:0:3|0:0:0|1:1:0|1:1:0|0:0:0"
"7x7-p96","7x7-p96-seeded-random","-1","1","60","0.937500","1","2","O63","HM","90","87","90","88","0","0","2","0","0","0","1","0","1","1:1:0|2:0:1|1:1:0|1:1:0|1:1:0|1:2:1|4:0:3|1:1:0|1:1:0|4:1:3|1:1:0|0:0:0|2:0:1|0:1:1|0:1:1|2:1:2|2:0:1|1:1:0|2:0:2|4:0:3|0:0:0|0:2:2|0:0:0|2:0:1|1:2:1|0:0:0|0:0:0|1:1:0|1:2:0|2:0:1|4:0:3|1:2:0|1:2:0|0:0:0|3:3:0|0:0:0|4:0:3|0:0:0|0:1:1|3:3:0|3:3:0|0:0:0|2:0:2|4:0:3|4:0:3|0:0:0|1:1:0|1:1:0|0:0:0","1:1:0|2:0:1|1:1:0|1:1:0|1:1:0|1:2:1|4:0:3|1:1:0|1:1:0|4:1:3|1:1:0|0:0:0|2:0:1|0:1:1|0:1:1|2:1:2|2:0:1|1:1:0|2:0:2|4:0:3|0:0:0|0:2:2|0:0:0|2:0:1|1:2:1|0:0:0|0:0:0|1:1:0|1:2:0|2:0:1|4:0:3|1:2:0|1:2:0|0:0:0|3:3:0|0:0:0|4:0:3|0:0:0|0:1:1|3:3:0|3:3:0|0:0:0|2:0:2|4:0:3|4:0:3|0:0:1|1:1:0|1:1:0|0:0:0","1:1:0|2:0:1|1:1:0|1:1:0|1:1:0|1:2:1|4:0:3|1:1:0|1:1:0|4:1:3|1:1:0|0:0:0|2:0:1|0:1:1|0:1:1|2:1:2|2:0:1|1:1:0|2:0:2|4:0:3|0:0:0|0:2:2|0:0:0|2:0:1|1:2:1|0:0:0|0:0:0|1:1:0|1:2:0|2:0:1|4:0:3|1:2:0|1:2:0|0:0:0|3:3:0|0:0:0|4:0:3|0:0:0|0:1:1|3:3:0|3:3:0|0:0:0|2:0:2|4:0:3|4:0:3|2:0:1|1:1:0|1:1:0|0:0:0"
"7x7-p96","7x7-p96-seeded-random","-1","1","61","0.953125","1","1","O50","HL","90","90","91","90","0","0","1","0","0","1","0","1","0","1:1:0|2:0:1|1:1:0|1:1:0|1:1:0|1:2:1|4:0:3|1:1:0|1:1:0|4:1:3|1:1:0|0:0:0|2:0:1|0:1:1|0:1:1|2:1:2|2:0:1|1:1:0|2:0:2|4:0:3|0:0:0|0:2:2|0:0:0|2:0:1|1:2:1|0:0:0|0:0:0|1:1:0|1:2:0|2:0:1|4:0:3|1:2:0|1:2:0|0:0:0|3:3:0|0:0:0|4:0:3|0:0:0|0:1:1|3:3:0|3:3:0|0:0:0|2:0:2|4:0:3|4:0:3|2:0:1|1:1:0|1:1:0|0:0:0","1:1:0|2:0:1|1:1:0|1:1:0|1:1:0|1:2:1|4:0:3|1:1:0|1:1:0|4:1:3|1:1:0|0:0:0|2:0:1|0:1:1|0:1:1|2:1:2|2:0:1|1:1:0|2:0:2|4:0:3|0:0:0|0:2:2|0:0:0|2:0:1|1:2:1|0:0:0|0:0:0|1:1:0|1:2:0|2:0:1|4:0:3|1:2:0|1:2:0|0:0:0|3:3:0|0:1:0|4:0:3|0:0:0|0:1:1|3:3:0|3:3:0|0:0:0|2:0:2|4:0:3|4:0:3|2:0:1|1:1:0|1:1:0|0:0:0","1:1:0|2:0:1|1:1:0|1:1:0|1:1:0|1:2:1|4:0:3|1:1:0|1:1:0|4:1:3|1:1:0|0:0:0|2:0:1|0:1:1|0:1:1|2:1:2|2:0:1|1:1:0|2:0:2|4:0:3|0:0:0|0:2:2|0:0:0|2:0:1|1:2:1|0:0:0|0:0:0|1:1:0|1:2:0|2:0:1|4:0:3|1:2:0|1:2:0|0:0:0|3:3:0|1:1:0|4:0:3|0:0:0|0:1:1|3:3:0|3:3:0|0:0:0|2:0:2|4:0:3|4:0:3|2:0:1|1:1:0|1:1:0|0:0:0"
"7x7-p96","7x7-p96-seeded-random","-1","1","62","0.968750","2","2","O65","HH","93","91","93","92","1","1","0","1","0","1","1","1","1","1:1:0|2:0:1|1:1:0|1:1:0|1:1:0|1:2:1|4:0:3|1:1:0|1:1:0|4:1:3|1:1:0|0:0:0|2:0:1|0:1:1|0:1:1|2:1:2|2:0:1|1:1:0|2:0:2|4:0:3|0:0:0|0:2:2|0:0:0|2:0:1|1:2:1|0:0:0|0:0:0|1:1:0|1:2:0|2:0:1|4:0:3|1:2:0|1:2:0|0:0:0|3:3:0|1:1:0|4:0:3|0:0:0|0:1:1|3:3:0|3:3:0|0:0:0|2:0:2|4:0:3|4:0:3|2:0:1|1:1:0|1:1:0|0:0:0","1:1:0|2:0:1|1:1:0|1:1:0|1:1:0|1:2:1|4:0:3|1:1:0|1:1:0|4:1:3|1:1:0|0:0:0|2:0:1|0:1:1|0:1:1|2:1:2|2:0:1|1:1:0|2:0:2|4:0:3|0:0:0|0:2:2|0:0:0|2:0:1|1:2:1|0:0:0|0:0:0|1:1:0|1:2:0|2:0:1|4:0:3|1:2:0|1:2:0|0:0:0|3:3:0|1:1:0|4:0:3|0:0:0|0:1:1|3:3:0|3:3:0|0:0:0|2:0:2|4:0:3|4:0:3|2:0:1|1:1:0|1:1:1|0:0:0","1:1:0|2:0:1|1:1:0|1:1:0|1:1:0|1:2:1|4:0:3|1:1:0|1:1:0|4:1:3|1:1:0|0:0:0|2:0:1|0:1:1|0:1:1|2:1:2|2:0:1|1:1:0|2:0:2|4:0:3|0:0:0|0:2:2|0:0:0|2:0:1|1:2:1|0:0:0|0:0:0|1:1:0|1:2:0|2:0:1|4:0:3|1:2:0|1:2:0|0:0:0|3:3:0|1:1:0|4:0:3|0:0:0|0:1:1|3:3:0|3:3:0|0:0:0|2:0:2|4:0:3|4:0:3|2:0:1|1:1:0|0:1:1|0:0:0"
"7x7-p96","7x7-p96-seeded-random","-1","1","63","0.984375","3","1","O20","ML","95","93","96","93","0","1","1","1","1","2","1","2","1","1:1:0|2:0:1|1:1:0|1:1:0|1:1:0|1:2:1|4:0:3|1:1:0|1:1:0|4:1:3|1:1:0|0:0:0|2:0:1|0:1:1|0:1:1|2:1:2|2:0:1|1:1:0|2:0:2|4:0:3|0:0:0|0:2:2|0:0:0|2:0:1|1:2:1|0:0:0|0:0:0|1:1:0|1:2:0|2:0:1|4:0:3|1:2:0|1:2:0|0:0:0|3:3:0|1:1:0|4:0:3|0:0:0|0:1:1|3:3:0|3:3:0|0:0:0|2:0:2|4:0:3|4:0:3|2:0:1|1:1:0|0:1:1|0:0:0","1:1:0|2:0:1|1:1:0|1:1:0|1:1:0|1:2:1|4:0:3|1:1:0|1:1:0|4:1:3|1:1:0|0:0:0|2:0:1|0:1:1|1:2:1|2:1:2|2:0:1|1:1:0|2:0:2|4:0:3|0:0:0|0:2:2|0:0:0|2:0:1|1:2:1|0:0:0|0:0:0|1:1:0|1:2:0|2:0:1|4:0:3|1:2:0|1:2:0|0:0:0|3:3:0|1:1:0|4:0:3|0:0:0|0:1:1|3:3:0|3:3:0|0:0:0|2:0:2|4:0:3|4:0:3|2:0:1|1:1:0|0:1:1|0:0:0","1:1:0|2:0:1|1:1:0|1:1:0|1:1:0|1:2:1|4:0:3|1:1:0|1:1:0|4:1:3|1:1:0|0:0:0|2:0:1|0:1:1|1:2:1|2:1:2|2:0:1|1:1:0|2:0:2|4:0:3|0:0:0|0:2:2|0:0:0|2:0:1|1:2:1|0:0:0|0:0:0|1:1:0|1:2:0|2:0:1|4:0:3|1:2:0|1:2:0|0:0:0|3:3:0|1:1:0|4:0:3|0:0:0|0:1:1|3:3:0|3:3:0|0:0:0|2:0:2|4:0:3|4:0:3|2:0:1|1:1:0|0:1:1|0:0:0"
"7x7-p96","7x7-p96-uct-0100","100","1","4","0.062500","2","2","O40","ML","6","4","6","5","0","0","2","0","0","0","1","0","1","0:0:0|0:0:0|0:0:0|0:0:0|0:0:0|0:0:0|0:0:0|0:0:0|0:0:0|0:0:0|0:0:0|0:0:0|0:0:0|0:0:0|0:0:0|0:0:0|0:0:0|0:0:0|0:0:0|0:0:0|0:0:0|0:0:0|0:0:0|0:0:0|0:0:0|0:0:0|0:0:0|0:0:0|0:0:0|0:0:0|0:0:0|0:0:0|0:0:0|0:0:0|0:0:0|0:0:0|0:0:0|0:0:0|0:0:0|0:0:0|0:0:0|0:0:0|0:0:0|0:0:0|0:0:0|0:0:0|0:0:0|0:0:0|0:0:0","0:0:0|0:0:0|0:0:0|0:0:0|0:0:0|0:0:0|0:0:0|0:0:0|0:0:0|0:0:0|0:0:0|0:0:0|0:0:0|0:0:0|0:0:0|0:0:0|0:0:0|0:0:0|0:0:0|0:0:0|0:0:0|0:0:0|0:0:0|0:0:0|0:0:0|0:0:0|0:0:0|0:0:0|0:0:1|0:0:0|0:0:0|0:0:0|0:0:0|0:0:0|0:0:0|0:0:0|0:0:0|0:0:0|0:0:0|0:0:0|0:0:0|0:0:0|0:0:0|0:0:0|0:0:0|0:0:0|0:0:0|0:0:0|0:0:0","0:0:0|0:0:0|0:0:0|0:0:0|0:0:0|0:0:0|0:0:0|0:0:0|0:0:0|0:0:0|0:0:0|0:0:0|0:0:0|0:0:0|0:0:0|0:0:0|0:0:0|0:0:0|0:0:0|0:0:0|0:0:0|0:0:0|0:0:0|0:0:0|0:0:0|0:0:0|0:0:0|0:0:0|2:0:1|0:0:0|0:0:0|0:0:0|0:0:0|0:0:0|0:0:0|0:0:0|0:0:0|0:0:0|0:0:0|0:0:0|0:0:0|0:0:0|0:0:0|0:0:0|0:0:0|0:0:0|0:0:0|0:0:0|0:0:0"
"7x7-p96","7x7-p96-uct-0100","100","1","6","0.093750","1","2","O50","HL","9","6","9","7","0","0","2","0","0","0","1","0","1","0:0:0|0:0:0|0:0:0|0:0:0|0:0:0|0:0:0|0:0:0|0:0:0|0:0:0|0:0:0|0:0:0|0:0:0|0:0:0|0:0:0|0:0:0|0:0:0|0:0:0|0:0:0|0:0:0|0:0:0|0:0:0|0:0:0|0:0:0|0:0:0|0:0:0|0:0:0|0:0:0|0:0:0|2:0:1|0:0:0|0:0:0|0:0:0|0:0:0|0:0:0|0:0:0|0:0:0|0:0:0|0:0:0|0:0:0|0:0:0|0:0:0|0:0:0|0:0:0|0:0:0|0:0:0|0:0:0|0:0:0|0:0:0|0:0:0","0:0:0|0:0:0|0:0:0|0:0:0|0:0:0|0:0:0|0:0:0|0:0:0|0:0:0|0:0:0|0:0:0|0:0:0|0:0:0|0:0:0|0:0:0|0:0:0|0:0:0|0:0:0|0:0:0|0:0:0|0:0:0|0:0:0|0:0:0|0:0:0|0:0:0|0:0:0|0:0:0|0:0:0|2:0:1|0:0:0|0:0:0|0:0:0|0:0:0|0:0:0|0:0:0|0:0:1|0:0:0|0:0:0|0:0:0|0:0:0|0:0:0|0:0:0|0:0:0|0:0:0|0:0:0|0:0:0|0:0:0|0:0:0|0:0:0","0:0:0|0:0:0|0:0:0|0:0:0|0:0:0|0:0:0|0:0:0|0:0:0|0:0:0|0:0:0|0:0:0|0:0:0|0:0:0|0:0:0|0:0:0|0:0:0|0:0:0|0:0:0|0:0:0|0:0:0|0:0:0|0:0:0|0:0:0|0:0:0|0:0:0|0:0:0|0:0:0|0:0:0|2:0:1|0:0:0|0:0:0|0:0:0|0:0:0|0:0:0|0:0:0|2:0:1|0:0:0|0:0:0|0:0:0|0:0:0|0:0:0|0:0:0|0:0:0|0:0:0|0:0:0|0:0:0|0:0:0|0:0:0|0:0:0"
"7x7-p96","7x7-p96-uct-0100","100","1","7","0.109375","2","1","O15","LH","10","9","11","9","0","0","1","0","0","1","0","1","0","0:0:0|0:0:0|0:0:0|0:0:0|0:0:0|0:0:0|0:0:0|0:0:0|0:0:0|0:0:0|0:0:0|0:0:0|0:0:0|0:0:0|0:0:0|0:0:0|0:0:0|0:0:0|0:0:0|0:0:0|0:0:0|0:0:0|0:0:0|0:0:0|0:0:0|0:0:0|0:0:0|0:0:0|2:0:1|0:0:0|0:0:0|0:0:0|0:0:0|0:0:0|0:0:0|2:0:1|0:0:0|0:0:0|0:0:0|0:0:0|0:0:0|0:0:0|0:0:0|0:0:0|0:0:0|0:0:0|0:0:0|0:0:0|0:0:0","0:0:0|0:0:0|0:0:0|0:0:0|0:0:0|0:0:0|0:0:0|0:0:0|0:0:0|0:0:0|0:0:0|0:0:0|0:1:0|0:0:0|0:0:0|0:0:0|0:0:0|0:0:0|0:0:0|0:0:0|0:0:0|0:0:0|0:0:0|0:0:0|0:0:0|0:0:0|0:0:0|0:0:0|2:0:1|0:0:0|0:0:0|0:0:0|0:0:0|0:0:0|0:0:0|2:0:1|0:0:0|0:0:0|0:0:0|0:0:0|0:0:0|0:0:0|0:0:0|0:0:0|0:0:0|0:0:0|0:0:0|0:0:0|0:0:0","0:0:0|0:0:0|0:0:0|0:0:0|0:0:0|0:0:0|0:0:0|0:0:0|0:0:0|0:0:0|0:0:0|0:0:0|1:1:0|0:0:0|0:0:0|0:0:0|0:0:0|0:0:0|0:0:0|0:0:0|0:0:0|0:0:0|0:0:0|0:0:0|0:0:0|0:0:0|0:0:0|0:0:0|2:0:1|0:0:0|0:0:0|0:0:0|0:0:0|0:0:0|0:0:0|2:0:1|0:0:0|0:0:0|0:0:0|0:0:0|0:0:0|0:0:0|0:0:0|0:0:0|0:0:0|0:0:0|0:0:0|0:0:0|0:0:0"
"7x7-p96","7x7-p96-uct-0100","100","1","8","0.125000","2","2","O51","HL","12","10","12","11","0","0","2","0","0","0","1","0","1","0:0:0|0:0:0|0:0:0|0:0:0|0:0:0|0:0:0|0:0:0|0:0:0|0:0:0|0:0:0|0:0:0|0:0:0|1:1:0|0:0:0|0:0:0|0:0:0|0:0:0|0:0:0|0:0:0|0:0:0|0:0:0|0:0:0|0:0:0|0:0:0|0:0:0|0:0:0|0:0:0|0:0:0|2:0:1|0:0:0|0:0:0|0:0:0|0:0:0|0:0:0|0:0:0|2:0:1|0:0:0|0:0:0|0:0:0|0:0:0|0:0:0|0:0:0|0:0:0|0:0:0|0:0:0|0:0:0|0:0:0|0:0:0|0:0:0","0:0:0|0:0:0|0:0:0|0:0:0|0:0:0|0:0:0|0:0:0|0:0:0|0:0:0|0:0:0|0:0:0|0:0:0|1:1:0|0:0:0|0:0:0|0:0:0|0:0:0|0:0:0|0:0:0|0:0:0|0:0:0|0:0:0|0:0:0|0:0:0|0:0:0|0:0:0|0:0:0|0:0:0|2:0:1|0:0:0|0:0:0|0:0:0|0:0:0|0:0:0|0:0:0|2:0:1|0:0:1|0:0:0|0:0:0|0:0:0|0:0:0|0:0:0|0:0:0|0:0:0|0:0:0|0:0:0|0:0:0|0:0:0|0:0:0","0:0:0|0:0:0|0:0:0|0:0:0|0:0:0|0:0:0|0:0:0|0:0:0|0:0:0|0:0:0|0:0:0|0:0:0|1:1:0|0:0:0|0:0:0|0:0:0|0:0:0|0:0:0|0:0:0|0:0:0|0:0:0|0:0:0|0:0:0|0:0:0|0:0:0|0:0:0|0:0:0|0:0:0|2:0:1|0:0:0|0:0:0|0:0:0|0:0:0|0:0:0|0:0:0|2:0:1|2:0:1|0:0:0|0:0:0|0:0:0|0:0:0|0:0:0|0:0:0|0:0:0|0:0:0|0:0:0|0:0:0|0:0:0|0:0:0"
"7x7-p96","7x7-p96-uct-0100","100","1","9","0.140625","2","1","O20","ML","13","12","14","12","0","0","1","0","0","1","0","1","0","0:0:0|0:0:0|0:0:0|0:0:0|0:0:0|0:0:0|0:0:0|0:0:0|0:0:0|0:0:0|0:0:0|0:0:0|1:1:0|0:0:0|0:0:0|0:0:0|0:0:0|0:0:0|0:0:0|0:0:0|0:0:0|0:0:0|0:0:0|0:0:0|0:0:0|0:0:0|0:0:0|0:0:0|2:0:1|0:0:0|0:0:0|0:0:0|0:0:0|0:0:0|0:0:0|2:0:1|2:0:1|0:0:0|0:0:0|0:0:0|0:0:0|0:0:0|0:0:0|0:0:0|0:0:0|0:0:0|0:0:0|0:0:0|0:0:0","0:0:0|0:0:0|0:0:0|0:0:0|0:0:0|0:0:0|0:0:0|0:0:0|0:0:0|0:0:0|0:0:0|0:0:0|1:1:0|0:0:0|0:1:0|0:0:0|0:0:0|0:0:0|0:0:0|0:0:0|0:0:0|0:0:0|0:0:0|0:0:0|0:0:0|0:0:0|0:0:0|0:0:0|2:0:1|0:0:0|0:0:0|0:0:0|0:0:0|0:0:0|0:0:0|2:0:1|2:0:1|0:0:0|0:0:0|0:0:0|0:0:0|0:0:0|0:0:0|0:0:0|0:0:0|0:0:0|0:0:0|0:0:0|0:0:0","0:0:0|0:0:0|0:0:0|0:0:0|0:0:0|0:0:0|0:0:0|0:0:0|0:0:0|0:0:0|0:0:0|0:0:0|1:1:0|0:0:0|1:1:0|0:0:0|0:0:0|0:0:0|0:0:0|1:1:0|0:0:0|0:0:0|0:0:0|0:0:0|0:0:0|0:0:0|0:0:0|0:0:0|2:0:1|0:0:0|0:0:0|0:0:0|0:0:0|0:0:0|0:0:0|2:0:1|2:0:1|0:0:0|0:0:0|0:0:0|0:0:0|0:0:0|0:0:0|0:0:0|0:0:0|0:0:0|0:0:0|0:0:0|0:0:0"
"7x7-p96","7x7-p96-uct-0100","100","1","9","0.140625","3","1","O25","MH","14","12","15","12","0","1","1","0","0","1","0","1","0","0:0:0|0:0:0|0:0:0|0:0:0|0:0:0|0:0:0|0:0:0|0:0:0|0:0:0|0:0:0|0:0:0|0:0:0|1:1:0|0:0:0|0:1:0|0:0:0|0:0:0|0:0:0|0:0:0|0:0:0|0:0:0|0:0:0|0:0:0|0:0:0|0:0:0|0:0:0|0:0:0|0:0:0|2:0:1|0:0:0|0:0:0|0:0:0|0:0:0|0:0:0|0:0:0|2:0:1|2:0:1|0:0:0|0:0:0|0:0:0|0:0:0|0:0:0|0:0:0|0:0:0|0:0:0|0:0:0|0:0:0|0:0:0|0:0:0","0:0:0|0:0:0|0:0:0|0:0:0|0:0:0|0:0:0|0:0:0|0:0:0|0:0:0|0:0:0|0:0:0|0:0:0|1:1:0|0:0:0|1:1:0|0:0:0|0:0:0|0:0:0|0:0:0|1:1:0|0:0:0|0:0:0|0:0:0|0:0:0|0:0:0|0:0:0|0:0:0|0:0:0|2:0:1|0:0:0|0:0:0|0:0:0|0:0:0|0:0:0|0:0:0|2:0:1|2:0:1|0:0:0|0:0:0|0:0:0|0:0:0|0:0:0|0:0:0|0:0:0|0:0:0|0:0:0|0:0:0|0:0:0|0:0:0","0:0:0|0:0:0|0:0:0|0:0:0|0:0:0|0:0:0|0:0:0|0:0:0|0:0:0|0:0:0|0:0:0|0:0:0|1:1:0|0:0:0|1:1:0|0:0:0|0:0:0|0:0:0|0:0:0|1:1:0|0:0:0|0:0:0|0:0:0|0:0:0|0:0:0|0:0:0|0:0:0|0:0:0|2:0:1|0:0:0|0:0:0|0:0:0|0:0:0|0:0:0|0:0:0|2:0:1|2:0:1|0:0:0|0:0:0|0:0:0|0:0:0|0:0:0|0:0:0|0:0:0|0:0:0|0:0:0|0:0:0|0:0:0|0:0:0"
"7x7-p96","7x7-p96-uct-0100","100","1","11","0.171875","1","1","O25","MH","15","15","16","15","1","1","1","1","0","2","0","2","0","0:0:0|0:0:0|0:0:0|0:0:0|0:0:0|0:0:0|0:0:0|0:0:0|0:0:0|0:0:0|0:0:0|0:0:0|1:1:0|0:0:0|1:1:0|0:0:0|0:0:0|0:0:0|0:0:0|1:1:0|0:0:0|0:0:0|0:0:0|0:0:0|0:0:0|0:0:0|0:0:0|0:0:0|2:0:1|0:0:0|0:0:0|0:0:0|0:0:0|0:0:0|0:0:0|2:0:1|2:0:1|0:0:0|0:0:0|0:0:0|0:0:0|0:0:0|0:0:0|0:0:0|0:0:0|0:0:0|0:0:0|0:0:0|0:0:0","0:0:0|0:0:0|0:0:0|0:0:0|0:0:0|0:0:0|0:0:0|0:0:0|0:0:0|0:0:0|0:0:0|0:0:0|1:1:0|0:0:0|1:1:0|0:0:0|0:0:0|0:0:0|0:0:0|1:2:0|0:0:0|0:0:0|0:0:0|0:0:0|0:0:0|0:0:0|0:0:0|0:0:0|2:0:1|0:0:0|0:0:0|0:0:0|0:0:0|0:0:0|0:0:0|2:0:1|2:0:1|0:0:0|0:0:0|0:0:0|0:0:0|0:0:0|0:0:0|0:0:0|0:0:0|0:0:0|0:0:0|0:0:0|0:0:0","0:0:0|0:0:0|0:0:0|0:0:0|0:0:0|0:0:0|0:0:0|0:0:0|0:0:0|0:0:0|0:0:0|0:0:0|1:1:0|0:0:0|1:1:0|0:0:0|0:0:0|0:0:0|0:0:0|1:2:0|0:0:0|0:0:0|0:0:0|0:0:0|1:1:0|0:0:0|0:0:0|0:0:0|2:0:1|0:0:0|0:0:0|0:0:0|0:0:0|0:0:0|0:0:0|2:0:1|2:0:1|0:0:0|0:0:0|0:0:0|0:0:0|0:0:0|0:0:0|0:0:0|0:0:0|0:0:0|0:0:0|0:0:0|0:0:0"
"7x7-p96","7x7-p96-uct-0100","100","1","11","0.171875","3","1","O33","MM","17","15","18","15","0","1","1","0","0","1","0","1","0","0:0:0|0:0:0|0:0:0|0:0:0|0:0:0|0:0:0|0:0:0|0:0:0|0:0:0|0:0:0|0:0:0|0:0:0|1:1:0|0:0:0|1:1:0|0:0:0|0:0:0|0:0:0|0:0:0|1:2:0|0:0:0|0:0:0|0:0:0|0:0:0|0:0:0|0:0:0|0:0:0|0:0:0|2:0:1|0:0:0|0:0:0|0:0:0|0:0:0|0:0:0|0:0:0|2:0:1|2:0:1|0:0:0|0:0:0|0:0:0|0:0:0|0:0:0|0:0:0|0:0:0|0:0:0|0:0:0|0:0:0|0:0:0|0:0:0","0:0:0|0:0:0|0:0:0|0:0:0|0:0:0|0:0:0|0:0:0|0:0:0|0:0:0|0:0:0|0:0:0|0:0:0|1:1:0|0:0:0|1:1:0|0:0:0|0:0:0|0:0:0|0:0:0|1:2:0|0:0:0|0:0:0|0:0:0|0:0:0|1:1:0|0:0:0|0:0:0|0:0:0|2:0:1|0:0:0|0:0:0|0:0:0|0:0:0|0:0:0|0:0:0|2:0:1|2:0:1|0:0:0|0:0:0|0:0:0|0:0:0|0:0:0|0:0:0|0:0:0|0:0:0|0:0:0|0:0:0|0:0:0|0:0:0","0:0:0|0:0:0|0:0:0|0:0:0|0:0:0|0:0:0|0:0:0|0:0:0|0:0:0|0:0:0|0:0:0|0:0:0|1:1:0|0:0:0|1:1:0|0:0:0|0:0:0|0:0:0|0:0:0|1:2:0|0:0:0|0:0:0|0:0:0|0:0:0|1:1:0|0:0:0|0:0:0|0:0:0|2:0:1|0:0:0|0:0:0|0:0:0|0:0:0|0:0:0|0:0:0|2:0:1|2:0:1|0:0:0|0:0:0|0:0:0|0:0:0|0:0:0|0:0:0|0:0:0|0:0:0|0:0:0|0:0:0|0:0:0|0:0:0"
"7x7-p96","7x7-p96-uct-0100","100","1","13","0.203125","3","1","O45","MH","20","18","21","18","0","1","1","0","0","1","0","1","0","0:0:0|0:0:0|0:0:0|0:0:0|0:0:0|0:0:0|0:0:0|0:0:0|0:0:0|0:0:0|0:0:0|0:0:0|1:1:0|0:0:0|1:1:0|0:0:0|0:0:0|0:0:0|0:0:0|1:2:0|0:0:0|0:0:0|0:0:0|0:0:0|1:1:0|0:0:0|0:0:0|0:0:0|2:0:1|0:0:0|0:0:0|0:0:0|0:0:0|0:0:0|0:0:0|2:0:1|2:0:1|0:0:0|0:0:0|0:0:0|0:0:0|0:0:0|0:0:0|0:0:0|0:0:0|0:0:0|0:0:0|0:0:0|0:0:0","0:0:0|0:0:0|0:0:0|0:0:0|0:0:0|0:0:0|0:0:0|0:0:0|0:0:0|0:0:0|0:0:0|0:0:0|1:1:0|0:0:0|1:1:0|0:0:0|0:0:0|0:0:0|0:0:0|1:2:0|0:0:0|0:0:0|0:0:0|0:0:0|1:1:0|0:0:0|0:0:0|0:0:0|2:0:1|0:0:0|0:0:0|0:0:0|0:0:0|1:1:0|0:0:0|2:0:1|2:0:1|0:0:0|0:0:0|0:0:0|0:0:0|0:0:0|0:0:0|0:0:0|0:0:0|0:0:0|0:0:0|0:0:0|0:0:0","0:0:0|0:0:0|0:0:0|0:0:0|0:0:0|0:0:0|0:0:0|0:0:0|0:0:0|0:0:0|0:0:0|0:0:0|1:1:0|0:0:0|1:1:0|0:0:0|0:0:0|0:0:0|0:0:0|1:2:0|0:0:0|0:0:0|0:0:0|0:0:0|1:1:0|0:0:0|0:0:0|0:0:0|2:0:1|0:0:0|0:0:0|0:0:0|0:0:0|1:1:0|0:0:0|2:0:1|2:0:1|0:0:0|0:0:0|0:0:0|0:0:0|0:0:0|0:0:0|0:0:0|0:0:0|0:0:0|0:0:0|0:0:0|0:0:0"
"7x7-p96","7x7-p96-uct-0100","100","1","14","0.218750","3","2","O61","HL","21","20","21","21","0","2","2","0","0","0","1","0","1","0:0:0|0:0:0|0:0:0|0:0:0|0:0:0|0:0:0|0:0:0|0:0:0|0:0:0|0:0:0|0:0:0|0:0:0|1:1:0|0:0:0|1:1:0|0:0:0|0:0:0|0:0:0|0:0:0|1:2:0|0:0:0|0:0:0|0:0:0|0:0:0|1:1:0|0:0:0|0:0:0|0:0:0|2:0:1|0:0:0|0:0:0|0:0:0|0:0:0|1:1:0|0:0:0|2:0:1|2:0:1|0:0:0|0:0:0|0:0:0|0:0:0|0:0:0|0:0:0|0:0:0|0:0:0|0:0:0|0:0:0|0:0:0|0:0:0","0:0:0|0:0:0|0:0:0|0:0:0|0:0:0|0:0:0|0:0:0|0:0:0|0:0:0|0:0:0|0:0:0|0:0:0|1:1:0|0:0:0|1:1:0|0:0:0|0:0:0|0:0:0|0:0:0|1:2:0|0:0:0|0:0:0|0:0:0|0:0:0|1:1:0|0:0:0|0:0:0|0:0:0|2:0:1|0:0:0|0:0:0|0:0:0|0:0:0|1:1:0|0:0:0|2:0:1|2:0:1|0:0:0|0:0:0|0:0:0|0:0:0|0:0:0|0:0:0|2:0:1|0:0:0|0:0:0|0:0:0|0:0:0|0:0:0","0:0:0|0:0:0|0:0:0|0:0:0|0:0:0|0:0:0|0:0:0|0:0:0|0:0:0|0:0:0|0:0:0|0:0:0|1:1:0|0:0:0|1:1:0|0:0:0|0:0:0|0:0:0|0:0:0|1:2:0|0:0:0|0:0:0|0:0:0|0:0:0|1:1:0|0:0:0|0:0:0|0:0:0|2:0:1|0:0:0|0:0:0|0:0:0|0:0:0|1:1:0|0:0:0|2:0:1|2:0:1|0:0:0|0:0:0|0:0:0|0:0:0|0:0:0|0:0:0|2:0:1|0:0:0|0:0:0|0:0:0|0:0:0|0:0:0"
"7x7-p96","7x7-p96-uct-0100","100","1","16","0.250000","1","2","O53","HM","24","21","24","22","0","0","2","0","0","0","1","0","1","0:0:0|0:0:0|0:0:0|0:0:0|0:0:0|0:0:0|0:0:0|0:0:0|0:0:0|0:0:0|0:0:0|0:0:0|1:1:0|0:0:0|1:1:0|0:0:0|0:0:0|0:0:0|0:0:0|1:2:0|0:0:0|0:0:0|0:0:0|0:0:0|1:1:0|0:0:0|0:0:0|0:0:0|2:0:1|0:0:0|0:0:0|0:0:0|0:0:0|1:1:0|0:0:0|2:0:1|2:0:1|0:0:0|0:0:0|0:0:0|0:0:0|0:0:0|0:0:0|2:0:1|0:0:0|0:0:0|0:0:0|0:0:0|0:0:0","0:0:0|0:0:0|0:0:0|0:0:0|0:0:0|0:0:0|0:0:0|0:0:0|0:0:0|0:0:0|0:0:0|0:0:0|1:1:0|0:0:0|1:1:0|0:0:0|0:0:0|0:0:0|0:0:0|1:2:0|0:0:0|0:0:0|0:0:0|0:0:0|1:1:0|0:0:0|0:0:0|0:0:0|2:0:1|0:0:0|0:0:0|0:0:0|0:0:0|1:1:0|0:0:0|2:0:1|2:0:1|0:0:0|0:0:1|0:0:0|0:0:0|0:0:0|0:0:0|2:0:1|0:0:0|0:0:0|0:0:0|0:0:0|0:0:0","0:0:0|0:0:0|0:0:0|0:0:0|0:0:0|0:0:0|0:0:0|0:0:0|0:0:0|0:0:0|0:0:0|0:0:0|1:1:0|0:0:0|1:1:0|0:0:0|0:0:0|0:0:0|0:0:0|1:2:0|0:0:0|0:0:0|0:0:0|0:0:0|1:1:0|0:0:0|0:0:0|0:0:0|2:0:1|0:0:0|0:0:0|0:0:0|0:0:0|1:1:0|0:0:0|2:0:1|2:0:1|0:0:0|2:0:1|0:0:0|0:0:0|0:0:0|2:0:1|2:0:1|0:0:0|0:0:0|0:0:0|0:0:0|0:0:0"
"7x7-p96","7x7-p96-uct-0100","100","1","16","0.250000","3","2","O60","HL","24","23","24","24","0","2","2","0","0","0","1","0","1","0:0:0|0:0:0|0:0:0|0:0:0|0:0:0|0:0:0|0:0:0|0:0:0|0:0:0|0:0:0|0:0:0|0:0:0|1:1:0|0:0:0|1:1:0|0:0:0|0:0:0|0:0:0|0:0:0|1:2:0|0:0:0|0:0:0|0:0:0|0:0:0|1:1:0|0:0:0|0:0:0|0:0:0|2:0:1|0:0:0|0:0:0|0:0:0|0:0:0|1:1:0|0:0:0|2:0:1|2:0:1|0:0:0|0:0:1|0:0:0|0:0:0|0:0:0|0:0:0|2:0:1|0:0:0|0:0:0|0:0:0|0:0:0|0:0:0","0:0:0|0:0:0|0:0:0|0:0:0|0:0:0|0:0:0|0:0:0|0:0:0|0:0:0|0:0:0|0:0:0|0:0:0|1:1:0|0:0:0|1:1:0|0:0:0|0:0:0|0:0:0|0:0:0|1:2:0|0:0:0|0:0:0|0:0:0|0:0:0|1:1:0|0:0:0|0:0:0|0:0:0|2:0:1|0:0:0|0:0:0|0:0:0|0:0:0|1:1:0|0:0:0|2:0:1|2:0:1|0:0:0|2:0:1|0:0:0|0:0:0|0:0:0|2:0:1|2:0:1|0:0:0|0:0:0|0:0:0|0:0:0|0:0:0","0:0:0|0:0:0|0:0:0|0:0:0|0:0:0|0:0:0|0:0:0|0:0:0|0:0:0|0:0:0|0:0:0|0:0:0|1:1:0|0:0:0|1:1:0|0:0:0|0:0:0|0:0:0|0:0:0|1:2:0|0:0:0|0:0:0|0:0:0|0:0:0|1:1:0|0:0:0|0:0:0|0:0:0|2:0:1|0:0:0|0:0:0|0:0:0|0:0:0|1:1:0|0:0:0|2:0:1|2:0:1|0:0:0|2:0:1|0:0:0|0:0:0|0:0:0|2:0:1|2:0:1|0:0:0|0:0:0|0:0:0|0:0:0|0:0:0"
"7x7-p96","7x7-p96-uct-0100","100","1","17","0.265625","3","1","O62","HM","26","24","27","24","0","1","1","0","0","1","0","1","0","0:0:0|0:0:0|0:0:0|0:0:0|0:0:0|0:0:0|0:0:0|0:0:0|0:0:0|0:0:0|0:0:0|0:0:0|1:1:0|0:0:0|1:1:0|0:0:0|0:0:0|0:0:0|0:0:0|1:2:0|0:0:0|0:0:0|0:0:0|0:0:0|1:1:0|0:0:0|0:0:0|0:0:0|2:0:1|0:0:0|0:0:0|0:0:0|0:0:0|1:1:0|0:0:0|2:0:1|2:0:1|0:0:0|2:0:1|0:0:0|0:0:0|0:0:0|2:0:1|2:0:1|0:0:0|0:0:0|0:0:0|0:0:0|0:0:0","0:0:0|0:0:0|0:0:0|0:0:0|0:0:0|0:0:0|0:0:0|0:0:0|0:0:0|0:0:0|0:0:0|0:0:0|1:1:0|0:0:0|1:1:0|0:0:0|0:0:0|0:0:0|0:0:0|1:2:0|0:0:0|0:0:0|0:0:0|0:0:0|1:1:0|0:0:0|0:0:0|0:0:0|2:0:1|0:0:0|0:0:0|0:0:0|0:0:0|1:1:0|0:0:0|2:0:1|2:0:1|0:0:0|2:0:1|0:0:0|0:0:0|0:0:0|2:0:1|2:0:1|1:1:0|0:0:0|0:0:0|0:0:0|0:0:0","0:0:0|0:0:0|0:0:0|0:0:0|0:0:0|0:0:0|0:0:0|0:0:0|0:0:0|0:0:0|0:0:0|0:0:0|1:1:0|0:0:0|1:1:0|0:0:0|0:0:0|0:0:0|0:0:0|1:2:0|0:0:0|0:0:0|0:0:0|0:0:0|1:1:0|0:0:0|0:0:0|0:0:0|2:0:1|0:0:0|0:0:0|0:0:0|0:0:0|1:1:0|0:0:0|2:0:1|2:0:1|0:0:0|2:0:1|0:0:0|0:0:0|0:0:0|2:0:1|2:0:1|1:1:0|0:0:0|0:0:0|0:0:0|0:0:0"
"7x7-p96","7x7-p96-uct-0100","100","1","19","0.296875","1","1","O20","ML","27","27","28","27","1","1","1","1","0","2","0","2","0","0:0:0|0:0:0|0:0:0|0:0:0|0:0:0|0:0:0|0:0:0|0:0:0|0:0:0|0:0:0|0:0:0|0:0:0|1:1:0|0:0:0|1:1:0|0:0:0|0:0:0|0:0:0|0:0:0|1:2:0|0:0:0|0:0:0|0:0:0|0:0:0|1:1:0|0:0:0|0:0:0|0:0:0|2:0:1|0:0:0|0:0:0|0:0:0|0:0:0|1:1:0|0:0:0|2:0:1|2:0:1|0:0:0|2:0:1|0:0:0|0:0:0|0:0:0|2:0:1|2:0:1|1:1:0|0:0:0|0:0:0|0:0:0|0:0:0","0:0:0|0:0:0|0:0:0|0:0:0|0:0:0|0:0:0|0:0:0|0:0:0|0:0:0|0:0:0|0:0:0|0:0:0|1:1:0|0:0:0|1:2:0|0:0:0|0:0:0|0:0:0|0:0:0|1:2:0|0:0:0|0:0:0|0:0:0|0:0:0|1:1:0|0:0:0|0:0:0|0:0:0|2:0:1|0:0:0|0:0:0|0:0:0|0:0:0|1:1:0|0:0:0|2:0:1|2:0:1|0:0:0|2:0:1|0:0:0|0:0:0|0:0:0|2:0:1|2:0:1|1:1:0|0:0:0|0:0:0|0:0:0|0:0:0","0:0:0|0:0:0|0:0:0|0:0:0|0:0:0|0:0:0|0:0:0|0:0:0|0:0:0|0:0:0|0:0:0|0:0:0|1:1:0|0:0:0|1:2:0|0:0:0|0:0:0|0:0:0|0:0:0|1:2:0|0:0:0|0:0:0|0:0:0|0:0:0|1:2:0|0:0:0|0:0:0|0:0:0|2:0:1|0:0:0|0:0:0|0:0:0|0:0:0|1:1:0|0:0:0|2:0:1|2:0:1|0:0:0|2:0:1|0:0:0|0:0:0|0:0:0|2:0:1|2:0:1|1:1:0|0:0:0|0:0:0|0:0:0|0:0:0"
"7x7-p96","7x7-p96-uct-0100","100","1","19","0.296875","2","1","O33","MM","28","27","29","27","1","1","1","1","0","2","0","2","0","0:0:0|0:0:0|0:0:0|0:0:0|0:0:0|0:0:0|0:0:0|0:0:0|0:0:0|0:0:0|0:0:0|0:0:0|1:1:0|0:0:0|1:2:0|0:0:0|0:0:0|0:0:0|0:0:0|1:2:0|0:0:0|0:0:0|0:0:0|0:0:0|1:1:0|0:0:0|0:0:0|0:0:0|2:0:1|0:0:0|0:0:0|0:0:0|0:0:0|1:1:0|0:0:0|2:0:1|2:0:1|0:0:0|2:0:1|0:0:0|0:0:0|0:0:0|2:0:1|2:0:1|1:1:0|0:0:0|0:0:0|0:0:0|0:0:0","0:0:0|0:0:0|0:0:0|0:0:0|0:0:0|0:0:0|0:0:0|0:0:0|0:0:0|0:0:0|0:0:0|0:0:0|1:1:0|0:0:0|1:2:0|0:0:0|0:0:0|0:0:0|0:0:0|1:2:0|0:0:0|0:0:0|0:0:0|0:0:0|1:2:0|0:0:0|0:0:0|0:0:0|2:0:1|0:0:0|0:0:0|0:0:0|0:0:0|1:1:0|0:0:0|2:0:1|2:0:1|0:0:0|2:0:1|0:0:0|0:0:0|0:0:0|2:0:1|2:0:1|1:1:0|0:0:0|0:0:0|0:0:0|0:0:0","0:0:0|0:0:0|0:0:0|0:0:0|0:0:0|0:0:0|0:0:0|0:0:0|0:0:0|0:0:0|0:0:0|0:0:0|1:1:0|0:0:0|1:2:0|0:0:0|0:0:0|0:0:0|0:0:0|1:2:0|0:0:0|0:0:0|0:0:0|0:0:0|1:2:0|0:0:0|0:0:0|0:0:0|2:0:1|0:0:0|0:0:0|0:0:0|0:0:0|1:1:0|0:0:0|2:0:1|2:0:1|0:0:0|2:0:1|0:0:0|0:0:0|0:0:0|2:0:1|2:0:1|1:1:0|0:0:0|0:0:0|0:0:0|0:0:0"
"7x7-p96","7x7-p96-uct-0100","100","1","21","0.328125","1","1","O23","MM","30","30","31","30","0","0","1","0","0","1","0","1","0","0:0:0|0:0:0|0:0:0|0:0:0|0:0:0|0:0:0|0:0:0|0:0:0|0:0:0|0:0:0|0:0:0|0:0:0|1:1:0|0:0:0|1:2:0|0:0:0|0:0:0|0:0:0|0:0:0|1:2:0|0:0:0|0:0:0|0:0:0|0:0:0|1:2:0|0:0:0|0:0:0|0:0:0|2:0:1|0:0:0|0:0:0|0:0:0|0:0:0|1:1:0|0:0:0|2:0:1|2:0:1|0:0:0|2:0:1|0:0:0|0:0:0|0:0:0|2:0:1|2:0:1|1:1:0|0:0:0|0:0:0|0:0:0|0:0:0","0:0:0|0:0:0|0:0:0|0:0:0|0:0:0|0:0:0|0:0:0|0:0:0|0:0:0|0:0:0|0:0:0|0:0:0|1:1:0|0:0:0|1:2:0|0:0:0|0:0:0|0:1:0|0:0:0|1:2:0|0:0:0|0:0:0|0:0:0|0:0:0|1:2:0|0:0:0|0:0:0|0:0:0|2:0:1|0:0:0|0:0:0|0:0:0|0:0:0|1:1:0|0:0:0|2:0:1|2:0:1|0:0:0|2:0:1|0:0:0|0:0:0|0:0:0|2:0:1|2:0:1|1:1:0|0:0:0|0:0:0|0:0:0|0:0:0","0:0:0|0:0:0|0:0:0|0:0:0|0:0:0|0:0:0|0:0:0|0:0:0|0:0:0|0:0:0|0:0:0|0:0:0|1:1:0|0:0:0|1:2:0|0:0:0|0:0:0|1:1:0|1:1:0|1:2:0|0:0:0|0:0:0|0:0:0|0:0:0|1:2:0|0:0:0|0:0:0|0:0:0|2:0:1|0:0:0|0:0:0|0:0:0|0:0:0|1:2:0|0:0:0|2:0:1|2:0:1|0:0:0|2:0:1|0:0:0|0:0:0|0:0:0|2:0:1|2:0:1|1:1:0|0:0:0|0:0:0|0:0:0|0:0:0"
"7x7-p96","7x7-p96-uct-0100","100","1","21","0.328125","2","1","O45","MH","31","30","32","30","1","1","1","1","0","2","0","2","0","0:0:0|0:0:0|0:0:0|0:0:0|0:0:0|0:0:0|0:0:0|0:0:0|0:0:0|0:0:0|0:0:0|0:0:0|1:1:0|0:0:0|1:2:0|0:0:0|0:0:0|0:1:0|0:0:0|1:2:0|0:0:0|0:0:0|0:0:0|0:0:0|1:2:0|0:0:0|0:0:0|0:0:0|2:0:1|0:0:0|0:0:0|0:0:0|0:0:0|1:1:0|0:0:0|2:0:1|2:0:1|0:0:0|2:0:1|0:0:0|0:0:0|0:0:0|2:0:1|2:0:1|1:1:0|0:0:0|0:0:0|0:0:0|0:0:0","0:0:0|0:0:0|0:0:0|0:0:0|0:0:0|0:0:0|0:0:0|0:0:0|0:0:0|0:0:0|0:0:0|0:0:0|1:1:0|0:0:0|1:2:0|0:0:0|0:0:0|0:1:0|0:0:0|1:2:0|0:0:0|0:0:0|0:0:0|0:0:0|1:2:0|0:0:0|0:0:0|0:0:0|2:0:1|0:0:0|0:0:0|0:0:0|0:0:0|1:2:0|0:0:0|2:0:1|2:0:1|0:0:0|2:0:1|0:0:0|0:0:0|0:0:0|2:0:1|2:0:1|1:1:0|0:0:0|0:0:0|0:0:0|0:0:0","0:0:0|0:0:0|0:0:0|0:0:0|0:0:0|0:0:0|0:0:0|0:0:0|0:0:0|0:0:0|0:0:0|0:0:0|1:1:0|0:0:0|1:2:0|0:0:0|0:0:0|1:1:0|1:1:0|1:2:0|0:0:0|0:0:0|0:0:0|0:0:0|1:2:0|0:0:0|0:0:0|0:0:0|2:0:1|0:0:0|0:0:0|0:0:0|0:0:0|1:2:0|0:0:0|2:0:1|2:0:1|0:0:0|2:0:1|0:0:0|0:0:0|0:0:0|2:0:1|2:0:1|1:1:0|0:0:0|0:0:0|0:0:0|0:0:0"
"7x7-p96","7x7-p96-uct-0100","100","1","21","0.328125","3","1","O24","MM","32","30","33","30","0","1","1","0","0","1","0","1","0","0:0:0|0:0:0|0:0:0|0:0:0|0:0:0|0:0:0|0:0:0|0:0:0|0:0:0|0:0:0|0:0:0|0:0:0|1:1:0|0:0:0|1:2:0|0:0:0|0:0:0|0:1:0|0:0:0|1:2:0|0:0:0|0:0:0|0:0:0|0:0:0|1:2:0|0:0:0|0:0:0|0:0:0|2:0:1|0:0:0|0:0:0|0:0:0|0:0:0|1:2:0|0:0:0|2:0:1|2:0:1|0:0:0|2:0:1|0:0:0|0:0:0|0:0:0|2:0:1|2:0:1|1:1:0|0:0:0|0:0:0|0:0:0|0:0:0","0:0:0|0:0:0|0:0:0|0:0:0|0:0:0|0:0:0|0:0:0|0:0:0|0:0:0|0:0:0|0:0:0|0:0:0|1:1:0|0:0:0|1:2:0|0:0:0|0:0:0|1:1:0|1:1:0|1:2:0|0:0:0|0:0:0|0:0:0|0:0:0|1:2:0|0:0:0|0:0:0|0:0:0|2:0:1|0:0:0|0:0:0|0:0:0|0:0:0|1:2:0|0:0:0|2:0:1|2:0:1|0:0:0|2:0:1|0:0:0|0:0:0|0:0:0|2:0:1|2:0:1|1:1:0|0:0:0|0:0:0|0:0:0|0:0:0","0:0:0|0:0:0|0:0:0|0:0:0|0:0:0|0:0:0|0:0:0|0:0:0|0:0:0|0:0:0|0:0:0|0:0:0|1:1:0|0:0:0|1:2:0|0:0:0|0:0:0|1:1:0|1:1:0|1:2:0|0:0:0|0:0:0|0:0:0|0:0:0|1:2:0|0:0:0|0:0:0|0:0:0|2:0:1|0:0:0|0:0:0|0:0:0|0:0:0|1:2:0|0:0:0|2:0:1|2:0:1|0:0:0|2:0:1|0:0:0|0:0:0|0:0:0|2:0:1|2:0:1|1:1:0|0:0:0|0:0:0|0:0:0|0:0:0"
"7x7-p96","7x7-p96-uct-0100","100","1","22","0.343750","2","2","O44","MM","33","31","33","32","0","0","2","0","0","0","1","0","1","0:0:0|0:0:0|0:0:0|0:0:0|0:0:0|0:0:0|0:0:0|0:0:0|0:0:0|0:0:0|0:0:0|0:0:0|1:1:0|0:0:0|1:2:0|0:0:0|0:0:0|1:1:0|1:1:0|1:2:0|0:0:0|0:0:0|0:0:0|0:0:0|1:2:0|0:0:0|0:0:0|0:0:0|2:0:1|0:0:0|0:0:0|0:0:0|0:0:0|1:2:0|0:0:0|2:0:1|2:0:1|0:0:0|2:0:1|0:0:0|0:0:0|0:0:0|2:0:1|2:0:1|1:1:0|0:0:0|0:0:0|0:0:0|0:0:0","0:0:0|0:0:0|0:0:0|0:0:0|0:0:0|0:0:0|0:0:0|0:0:0|0:0:0|0:0:0|0:0:0|0:0:0|1:1:0|0:0:0|1:2:0|0:0:0|0:0:0|1:1:0|1:1:0|1:2:0|0:0:0|0:0:0|0:0:0|0:0:0|1:2:0|0:0:0|0:0:0|0:0:0|2:0:1|0:0:0|0:0:0|0:0:0|0:0:1|1:2:0|0:0:0|2:0:1|2:0:1|0:0:0|2:0:1|0:0:0|0:0:0|0:0:0|2:0:1|2:0:1|1:1:0|0:0:0|0:0:0|0:0:0|0:0:0","0:0:0|0:0:0|0:0:0|0:0:0|0:0:0|0:0:0|0:0:0|0:0:0|0:0:0|0:0:0|0:0:0|0:0:0|1:1:0|0:0:0|1:2:0|0:0:0|0:0:0|1:1:0|1:1:0|1:2:0|0:0:0|0:0:0|0:0:0|0:0:0|1:2:0|0:0:0|0:0:0|0:0:0|2:0:1|0:0:0|0:0:0|0:0:0|2:0:1|1:2:0|0:0:0|2:0:1|2:0:1|0:0:0|2:0:1|0:0:0|0:0:0|0:0:0|2:0:1|2:0:1|1:1:0|0:0:0|0:0:0|0:0:0|0:0:0"
"7x7-p96","7x7-p96-uct-0100","100","1","25","0.390625","2","1","O40","ML","37","36","38","36","2","2","0","0","1","1","1","1","1","0:0:0|0:0:0|0:0:0|0:0:0|0:0:0|0:0:0|0:0:0|0:0:0|0:0:0|0:0:0|0:0:0|0:0:0|1:1:0|0:0:0|1:2:0|0:0:0|0:0:0|1:1:0|1:1:0|1:2:0|0:0:0|0:0:0|0:0:0|0:0:0|1:2:0|0:0:0|0:0:0|0:0:0|2:0:1|0:0:0|0:0:0|0:0:0|2:0:1|1:2:0|0:0:0|2:0:1|2:0:1|0:0:0|2:0:1|0:0:0|0:0:0|0:0:0|2:0:1|2:0:1|1:1:0|0:0:0|0:0:0|0:0:0|0:0:0","0:0:0|0:0:0|0:0:0|0:0:0|0:0:0|0:0:0|0:0:0|0:0:0|0:0:0|0:0:0|0:0:0|0:0:0|1:1:0|0:0:0|1:2:0|0:0:0|0:0:0|1:1:0|1:1:0|1:2:0|0:0:0|0:0:0|0:0:0|0:0:0|1:2:0|0:0:0|0:0:0|0:0:0|2:1:1|0:0:0|0:0:0|0:0:0|2:0:1|1:2:0|0:0:0|2:0:1|2:0:1|0:0:0|2:0:1|0:0:0|0:0:0|0:0:0|2:0:1|2:0:1|1:1:0|0:0:0|0:0:0|0:0:0|0:0:0","0:0:0|0:0:0|0:0:0|0:0:0|0:0:0|0:0:0|0:0:0|0:0:0|0:0:0|0:0:0|0:0:0|0:0:0|1:1:0|0:0:0|1:2:0|0:0:0|0:0:0|1:1:0|1:1:0|1:2:0|0:0:0|1:1:0|0:0:0|0:0:0|1:2:0|0:0:0|0:0:0|0:0:0|0:1:1|0:0:0|0:0:0|0:0:0|2:0:1|1:2:0|0:0:0|2:0:1|2:0:1|0:0:0|2:0:1|0:0:0|0:0:0|0:0:0|2:0:1|2:0:1|1:1:0|0:0:0|0:0:0|0:0:0|0:0:0"
"7x7-p96","7x7-p96-uct-0100","100","1","25","0.390625","3","1","O30","ML","38","36","39","36","0","1","1","0","0","1","0","1","0","0:0:0|0:0:0|0:0:0|0:0:0|0:0:0|0:0:0|0:0:0|0:0:0|0:0:0|0:0:0|0:0:0|0:0:0|1:1:0|0:0:0|1:2:0|0:0:0|0:0:0|1:1:0|1:1:0|1:2:0|0:0:0|0:0:0|0:0:0|0:0:0|1:2:0|0:0:0|0:0:0|0:0:0|2:1:1|0:0:0|0:0:0|0:0:0|2:0:1|1:2:0|0:0:0|2:0:1|2:0:1|0:0:0|2:0:1|0:0:0|0:0:0|0:0:0|2:0:1|2:0:1|1:1:0|0:0:0|0:0:0|0:0:0|0:0:0","0:0:0|0:0:0|0:0:0|0:0:0|0:0:0|0:0:0|0:0:0|0:0:0|0:0:0|0:0:0|0:0:0|0:0:0|1:1:0|0:0:0|1:2:0|0:0:0|0:0:0|1:1:0|1:1:0|1:2:0|0:0:0|1:1:0|0:0:0|0:0:0|1:2:0|0:0:0|0:0:0|0:0:0|0:1:1|0:0:0|0:0:0|0:0:0|2:0:1|1:2:0|0:0:0|2:0:1|2:0:1|0:0:0|2:0:1|0:0:0|0:0:0|0:0:0|2:0:1|2:0:1|1:1:0|0:0:0|0:0:0|0:0:0|0:0:0","0:0:0|0:0:0|0:0:0|0:0:0|0:0:0|0:0:0|0:0:0|0:0:0|0:0:0|0:0:0|0:0:0|0:0:0|1:1:0|0:0:0|1:2:0|0:0:0|0:0:0|1:1:0|1:1:0|1:2:0|0:0:0|1:1:0|0:0:0|0:0:0|1:2:0|0:0:0|0:0:0|0:0:0|0:1:1|0:0:0|0:0:0|0:0:0|2:0:1|1:2:0|0:0:0|2:0:1|2:0:1|0:0:0|2:0:1|0:0:0|0:0:0|0:0:0|2:0:1|2:0:1|1:1:0|0:0:0|0:0:0|0:0:0|0:0:0"
"7x7-p96","7x7-p96-uct-0100","100","1","26","0.406250","1","2","O60","HL","39","36","39","37","2","2","2","0","1","0","2","0","2","0:0:0|0:0:0|0:0:0|0:0:0|0:0:0|0:0:0|0:0:0|0:0:0|0:0:0|0:0:0|0:0:0|0:0:0|1:1:0|0:0:0|1:2:0|0:0:0|0:0:0|1:1:0|1:1:0|1:2:0|0:0:0|1:1:0|0:0:0|0:0:0|1:2:0|0:0:0|0:0:0|0:0:0|0:1:1|0:0:0|0:0:0|0:0:0|2:0:1|1:2:0|0:0:0|2:0:1|2:0:1|0:0:0|2:0:1|0:0:0|0:0:0|0:0:0|2:0:1|2:0:1|1:1:0|0:0:0|0:0:0|0:0:0|0:0:0","0:0:0|0:0:0|0:0:0|0:0:0|0:0:0|0:0:0|0:0:0|0:0:0|0:0:0|0:0:0|0:0:0|0:0:0|1:1:0|0:0:0|1:2:0|0:0:0|0:0:0|1:1:0|1:1:0|1:2:0|0:0:0|1:1:0|0:0:0|0:0:0|1:2:0|0:0:0|0:0:0|0:0:0|0:1:1|0:0:0|0:0:0|0:0:0|2:0:1|1:2:0|0:0:0|2:0:1|2:0:1|0:0:0|2:0:1|0:0:0|0:0:0|0:0:0|2:0:2|2:0:1|1:1:0|0:0:0|0:0:0|0:0:0|0:0:0","0:0:0|0:0:0|0:0:0|0:0:0|0:0:0|0:0:0|0:0:0|0:0:0|0:0:0|0:0:0|2:0:1|0:0:0|1:1:0|0:0:0|1:2:0|0:0:0|0:0:0|1:1:0|1:1:0|1:2:0|0:0:0|1:1:0|0:0:0|0:0:0|1:2:0|0:0:0|0:0:0|0:0:0|0:1:1|0:0:0|0:0:0|0:0:0|2:0:1|1:2:0|0:0:0|2:0:1|2:0:1|0:0:0|2:0:1|0:0:0|0:0:0|0:0:0|2:0:2|2:0:1|1:1:0|0:0:0|0:0:0|0:0:0|0:0:0"
"7x7-p96","7x7-p96-uct-0100","100","1","26","0.406250","3","2","O13","LM","39","38","39","39","0","2","2","0","0","0","1","0","1","0:0:0|0:0:0|0:0:0|0:0:0|0:0:0|0:0:0|0:0:0|0:0:0|0:0:0|0:0:0|0:0:0|0:0:0|1:1:0|0:0:0|1:2:0|0:0:0|0:0:0|1:1:0|1:1:0|1:2:0|0:0:0|1:1:0|0:0:0|0:0:0|1:2:0|0:0:0|0:0:0|0:0:0|0:1:1|0:0:0|0:0:0|0:0:0|2:0:1|1:2:0|0:0:0|2:0:1|2:0:1|0:0:0|2:0:1|0:0:0|0:0:0|0:0:0|2:0:2|2:0:1|1:1:0|0:0:0|0:0:0|0:0:0|0:0:0","0:0:0|0:0:0|0:0:0|0:0:0|0:0:0|0:0:0|0:0:0|0:0:0|0:0:0|0:0:0|2:0:1|0:0:0|1:1:0|0:0:0|1:2:0|0:0:0|0:0:0|1:1:0|1:1:0|1:2:0|0:0:0|1:1:0|0:0:0|0:0:0|1:2:0|0:0:0|0:0:0|0:0:0|0:1:1|0:0:0|0:0:0|0:0:0|2:0:1|1:2:0|0:0:0|2:0:1|2:0:1|0:0:0|2:0:1|0:0:0|0:0:0|0:0:0|2:0:2|2:0:1|1:1:0|0:0:0|0:0:0|0:0:0|0:0:0","0:0:0|0:0:0|0:0:0|0:0:0|0:0:0|0:0:0|0:0:0|0:0:0|0:0:0|0:0:0|2:0:1|0:0:0|1:1:0|0:0:0|1:2:0|0:0:0|0:0:0|1:1:0|1:1:0|1:2:0|0:0:0|1:1:0|0:0:0|0:0:0|1:2:0|0:0:0|0:0:0|0:0:0|0:1:1|0:0:0|0:0:0|0:0:0|2:0:1|1:2:0|0:0:0|2:0:1|2:0:1|0:0:0|2:0:1|0:0:0|0:0:0|0:0:0|2:0:2|2:0:1|1:1:0|0:0:0|0:0:0|0:0:0|0:0:0"
"7x7-p96","7x7-p96-uct-0100","100","1","27","0.421875","3","1","O42","MM","41","39","42","39","0","1","1","0","0","1","0","1","0","0:0:0|0:0:0|0:0:0|0:0:0|0:0:0|0:0:0|0:0:0|0:0:0|0:0:0|0:0:0|2:0:1|0:0:0|1:1:0|0:0:0|1:2:0|0:0:0|0:0:0|1:1:0|1:1:0|1:2:0|0:0:0|1:1:0|0:0:0|0:0:0|1:2:0|0:0:0|0:0:0|0:0:0|0:1:1|0:0:0|0:0:0|0:0:0|2:0:1|1:2:0|0:0:0|2:0:1|2:0:1|0:0:0|2:0:1|0:0:0|0:0:0|0:0:0|2:0:2|2:0:1|1:1:0|0:0:0|0:0:0|0:0:0|0:0:0","0:0:0|0:0:0|0:0:0|0:0:0|0:0:0|0:0:0|0:0:0|0:0:0|0:0:0|0:0:0|2:0:1|0:0:0|1:1:0|0:0:0|1:2:0|0:0:0|0:0:0|1:1:0|1:1:0|1:2:0|0:0:0|1:1:0|0:0:0|0:0:0|1:2:0|0:0:0|0:0:0|0:0:0|0:1:1|0:0:0|1:1:0|0:0:0|2:0:1|1:2:0|0:0:0|2:0:1|2:0:1|0:0:0|2:0:1|0:0:0|0:0:0|0:0:0|2:0:2|2:0:1|1:1:0|0:0:0|0:0:0|0:0:0|0:0:0","0:0:0|0:0:0|0:0:0|0:0:0|0:0:0|0:0:0|0:0:0|0:0:0|0:0:0|0:0:0|2:0:1|0:0:0|1:1:0|0:0:0|1:2:0|0:0:0|0:0:0|1:1:0|1:1:0|1:2:0|0:0:0|1:1:0|0:0:0|0:0:0|1:2:0|0:0:0|0:0:0|0:0:0|0:1:1|0:0:0|1:1:0|0:0:0|2:0:1|1:2:0|0:0:0|2:0:1|2:0:1|0:0:0|2:0:1|0:0:0|0:0:0|0:0:0|2:0:2|2:0:1|1:1:0|0:0:0|0:0:0|0:0:0|0:0:0"
"7x7-p96","7x7-p96-uct-0100","100","1","28","0.437500","1","2","O56","HH","42","39","42","40","0","0","2","0","0","0","1","0","1","0:0:0|0:0:0|0:0:0|0:0:0|0:0:0|0:0:0|0:0:0|0:0:0|0:0:0|0:0:0|2:0:1|0:0:0|1:1:0|0:0:0|1:2:0|0:0:0|0:0:0|1:1:0|1:1:0|1:2:0|0:0:0|1:1:0|0:0:0|0:0:0|1:2:0|0:0:0|0:0:0|0:0:0|0:1:1|0:0:0|1:1:0|0:0:0|2:0:1|1:2:0|0:0:0|2:0:1|2:0:1|0:0:0|2:0:1|0:0:0|0:0:0|0:0:0|2:0:2|2:0:1|1:1:0|0:0:0|0:0:0|0:0:0|0:0:0","0:0:0|0:0:0|0:0:0|0:0:0|0:0:0|0:0:0|0:0:0|0:0:0|0:0:0|0:0:0|2:0:1|0:0:0|1:1:0|0:0:0|1:2:0|0:0:0|0:0:0|1:1:0|1:1:0|1:2:0|0:0:0|1:1:0|0:0:0|0:0:0|1:2:0|0:0:0|0:0:0|0:0:0|0:1:1|0:0:0|1:1:0|0:0:0|2:0:1|1:2:0|0:0:0|2:0:1|2:0:1|0:0:0|2:0:1|0:0:0|0:0:0|0:0:1|2:0:2|2:0:1|1:1:0|0:0:0|0:0:0|0:0:0|0:0:0","0:0:0|0:0:0|0:0:0|0:0:0|0:0:0|0:0:0|0:0:0|0:0:0|0:0:0|0:0:0|2:0:2|0:0:0|1:1:0|0:0:0|1:2:0|0:0:0|0:0:0|1:1:0|1:1:0|1:2:0|0:0:0|1:1:0|0:0:0|0:0:0|1:2:0|0:0:0|0:0:0|0:0:0|0:1:1|0:0:0|1:1:0|0:0:0|2:0:1|1:2:0|0:0:0|2:0:1|2:0:1|0:0:0|2:0:1|0:0:0|0:0:0|2:0:1|2:0:2|2:0:1|1:1:0|0:0:0|0:0:0|0:0:0|0:0:0"
"7x7-p96","7x7-p96-uct-0100","100","1","28","0.437500","2","2","O13","LM","42","40","42","41","2","2","2","0","1","0","2","0","2","0:0:0|0:0:0|0:0:0|0:0:0|0:0:0|0:0:0|0:0:0|0:0:0|0:0:0|0:0:0|2:0:1|0:0:0|1:1:0|0:0:0|1:2:0|0:0:0|0:0:0|1:1:0|1:1:0|1:2:0|0:0:0|1:1:0|0:0:0|0:0:0|1:2:0|0:0:0|0:0:0|0:0:0|0:1:1|0:0:0|1:1:0|0:0:0|2:0:1|1:2:0|0:0:0|2:0:1|2:0:1|0:0:0|2:0:1|0:0:0|0:0:0|0:0:1|2:0:2|2:0:1|1:1:0|0:0:0|0:0:0|0:0:0|0:0:0","0:0:0|0:0:0|0:0:0|0:0:0|0:0:0|0:0:0|0:0:0|0:0:0|0:0:0|0:0:0|2:0:2|0:0:0|1:1:0|0:0:0|1:2:0|0:0:0|0:0:0|1:1:0|1:1:0|1:2:0|0:0:0|1:1:0|0:0:0|0:0:0|1:2:0|0:0:0|0:0:0|0:0:0|0:1:1|0:0:0|1:1:0|0:0:0|2:0:1|1:2:0|0:0:0|2:0:1|2:0:1|0:0:0|2:0:1|0:0:0|0:0:0|0:0:1|2:0:2|2:0:1|1:1:0|0:0:0|0:0:0|0:0:0|0:0:0","0:0:0|0:0:0|0:0:0|0:0:0|0:0:0|0:0:0|0:0:0|0:0:0|0:0:0|0:0:0|2:0:2|0:0:0|1:1:0|0:0:0|1:2:0|0:0:0|0:0:0|1:1:0|1:1:0|1:2:0|0:0:0|1:1:0|0:0:0|0:0:0|1:2:0|0:0:0|0:0:0|0:0:0|0:1:1|0:0:0|1:1:0|0:0:0|2:0:1|1:2:0|0:0:0|2:0:1|2:0:1|0:0:0|2:0:1|0:0:0|0:0:0|2:0:1|2:0:2|2:0:1|1:1:0|0:0:0|0:0:0|0:0:0|0:0:0"
"7x7-p96","7x7-p96-uct-0100","100","1","29","0.453125","2","1","O42","MM","43","42","44","42","1","1","1","1","0","2","0","2","0","0:0:0|0:0:0|0:0:0|0:0:0|0:0:0|0:0:0|0:0:0|0:0:0|0:0:0|0:0:0|2:0:2|0:0:0|1:1:0|0:0:0|1:2:0|0:0:0|0:0:0|1:1:0|1:1:0|1:2:0|0:0:0|1:1:0|0:0:0|0:0:0|1:2:0|0:0:0|0:0:0|0:0:0|0:1:1|0:0:0|1:1:0|0:0:0|2:0:1|1:2:0|0:0:0|2:0:1|2:0:1|0:0:0|2:0:1|0:0:0|0:0:0|2:0:1|2:0:2|2:0:1|1:1:0|0:0:0|0:0:0|0:0:0|0:0:0","0:0:0|0:0:0|0:0:0|0:0:0|0:0:0|0:0:0|0:0:0|0:0:0|0:0:0|0:0:0|2:0:2|0:0:0|1:1:0|0:0:0|1:2:0|0:0:0|0:0:0|1:1:0|1:1:0|1:2:0|0:0:0|1:1:0|0:0:0|0:0:0|1:2:0|0:0:0|0:0:0|0:0:0|0:1:1|0:0:0|1:2:0|0:0:0|2:0:1|1:2:0|0:0:0|2:0:1|2:0:1|0:0:0|2:0:1|0:0:0|0:0:0|2:0:1|2:0:2|2:0:1|1:1:0|0:0:0|0:0:0|0:0:0|0:0:0","0:0:0|0:0:0|0:0:0|0:0:0|0:0:0|0:0:0|0:0:0|0:0:0|0:0:0|0:0:0|2:0:2|0:0:0|1:1:0|0:0:0|1:2:0|0:0:0|0:0:0|1:1:0|1:1:0|1:2:0|0:0:0|1:1:0|0:0:0|0:0:0|1:2:0|0:0:0|0:0:0|0:0:0|0:1:1|0:0:0|1:2:0|0:0:0|2:0:1|1:2:0|0:0:0|2:0:1|2:0:1|0:0:0|2:0:1|0:0:0|0:0:0|2:0:1|2:0:2|2:0:1|1:1:0|0:0:0|0:0:0|0:0:0|0:0:0"
"7x7-p96","7x7-p96-uct-0100","100","1","30","0.468750","1","2","O51","HL","45","42","45","43","2","2","2","0","1","0","2","0","2","0:0:0|0:0:0|0:0:0|0:0:0|0:0:0|0:0:0|0:0:0|0:0:0|0:0:0|0:0:0|2:0:2|0:0:0|1:1:0|0:0:0|1:2:0|0:0:0|0:0:0|1:1:0|1:1:0|1:2:0|0:0:0|1:1:0|0:0:0|0:0:0|1:2:0|0:0:0|0:0:0|0:0:0|0:1:1|0:0:0|1:2:0|0:0:0|2:0:1|1:2:0|0:0:0|2:0:1|2:0:1|0:0:0|2:0:1|0:0:0|0:0:0|2:0:1|2:0:2|2:0:1|1:1:0|0:0:0|0:0:0|0:0:0|0:0:0","0:0:0|0:0:0|0:0:0|0:0:0|0:0:0|0:0:0|0:0:0|0:0:0|0:0:0|0:0:0|2:0:2|0:0:0|1:1:0|0:0:0|1:2:0|0:0:0|0:0:0|1:1:0|1:1:0|1:2:0|0:0:0|1:1:0|0:0:0|0:0:0|1:2:0|0:0:0|0:0:0|0:0:0|0:1:1|0:0:0|1:2:0|0:0:0|2:0:1|1:2:0|0:0:0|2:0:1|2:0:2|0:0:0|2:0:1|0:0:0|0:0:0|2:0:1|2:0:2|2:0:1|1:1:0|0:0:0|0:0:0|0:0:0|0:0:0","0:0:0|0:0:0|0:0:0|0:0:0|0:0:0|0:0:0|0:0:0|0:0:0|0:0:0|0:0:0|2:0:2|0:0:0|1:1:0|0:0:0|1:2:0|0:0:0|0:0:0|1:1:0|1:1:0|1:2:0|0:0:0|1:1:0|0:0:0|0:0:0|1:2:0|0:0:0|0:0:0|0:0:0|0:1:1|0:0:0|1:2:0|0:0:0|2:0:1|1:2:0|0:0:0|2:0:1|2:0:2|0:0:0|2:0:1|0:0:0|0:0:0|2:0:1|2:0:2|2:0:1|1:1:0|0:0:0|0:0:0|0:0:0|0:0:0"
"7x7-p96","7x7-p96-uct-0100","100","1","32","0.500000","1","2","O20","ML","48","45","48","46","1","1","1","2","0","2","1","2","1","0:0:0|0:0:0|0:0:0|0:0:0|0:0:0|0:0:0|0:0:0|0:0:0|0:0:0|0:0:0|2:0:2|0:0:0|1:1:0|0:0:0|1:2:0|0:0:0|0:0:0|1:1:0|1:1:0|1:2:0|0:0:0|1:1:0|0:0:0|0:0:0|1:2:0|0:0:0|0:0:0|0:0:0|0:1:1|0:0:0|1:2:0|0:0:0|2:0:1|1:2:0|0:0:0|2:0:1|2:0:2|0:0:0|2:0:1|0:0:0|0:0:0|2:0:1|2:0:2|2:0:1|1:1:0|0:0:0|0:0:0|0:0:0|0:0:0","0:0:0|0:0:0|0:0:0|0:0:0|0:0:0|0:0:0|0:0:0|0:0:0|0:0:0|0:0:0|2:0:2|0:0:0|1:1:0|0:0:0|1:2:1|0:0:0|0:0:0|1:1:0|1:1:0|1:2:0|0:0:0|1:1:0|0:0:0|0:0:0|1:2:0|0:0:0|0:0:0|0:0:0|0:1:1|0:0:0|1:2:0|0:0:0|2:0:1|1:2:0|0:0:0|2:0:1|2:0:2|0:0:0|2:0:1|0:0:0|0:0:0|2:0:1|2:0:2|2:0:1|1:1:0|0:0:0|0:0:0|0:0:0|0:0:0","0:0:0|0:0:0|0:0:0|0:0:0|0:0:0|0:0:0|0:0:0|0:0:0|0:0:0|0:0:0|2:0:2|0:0:0|1:1:0|0:0:0|1:2:1|0:0:0|0:0:0|1:1:0|1:1:0|1:2:0|0:0:0|1:1:0|0:0:0|0:0:0|1:2:0|0:0:0|0:0:0|0:0:0|0:1:1|0:0:0|1:2:1|0:0:0|2:0:2|1:2:0|0:0:0|2:0:1|2:0:2|0:0:0|2:0:1|0:0:0|0:0:0|2:0:1|2:0:2|2:0:1|1:1:0|0:0:0|0:0:0|0:0:0|0:0:0"
"7x7-p96","7x7-p96-uct-0100","100","1","32","0.500000","2","2","O44","MM","48","46","48","47","2","2","2","0","1","0","2","0","2","0:0:0|0:0:0|0:0:0|0:0:0|0:0:0|0:0:0|0:0:0|0:0:0|0:0:0|0:0:0|2:0:2|0:0:0|1:1:0|0:0:0|1:2:1|0:0:0|0:0:0|1:1:0|1:1:0|1:2:0|0:0:0|1:1:0|0:0:0|0:0:0|1:2:0|0:0:0|0:0:0|0:0:0|0:1:1|0:0:0|1:2:0|0:0:0|2:0:1|1:2:0|0:0:0|2:0:1|2:0:2|0:0:0|2:0:1|0:0:0|0:0:0|2:0:1|2:0:2|2:0:1|1:1:0|0:0:0|0:0:0|0:0:0|0:0:0","0:0:0|0:0:0|0:0:0|0:0:0|0:0:0|0:0:0|0:0:0|0:0:0|0:0:0|0:0:0|2:0:2|0:0:0|1:1:0|0:0:0|1:2:1|0:0:0|0:0:0|1:1:0|1:1:0|1:2:0|0:0:0|1:1:0|0:0:0|0:0:0|1:2:0|0:0:0|0:0:0|0:0:0|0:1:1|0:0:0|1:2:0|0:0:0|2:0:2|1:2:0|0:0:0|2:0:1|2:0:2|0:0:0|2:0:1|0:0:0|0:0:0|2:0:1|2:0:2|2:0:1|1:1:0|0:0:0|0:0:0|0:0:0|0:0:0","0:0:0|0:0:0|0:0:0|0:0:0|0:0:0|0:0:0|0:0:0|0:0:0|0:0:0|0:0:0|2:0:2|0:0:0|1:1:0|0:0:0|1:2:1|0:0:0|0:0:0|1:1:0|1:1:0|1:2:0|0:0:0|1:1:0|0:0:0|0:0:0|1:2:0|0:0:0|0:0:0|0:0:0|0:1:1|0:0:0|1:2:1|0:0:0|2:0:2|1:2:0|0:0:0|2:0:1|2:0:2|0:0:0|2:0:1|0:0:0|0:0:0|2:0:1|2:0:2|2:0:1|1:1:0|0:0:0|0:0:0|0:0:0|0:0:0"
"7x7-p96","7x7-p96-uct-0100","100","1","32","0.500000","3","2","O42","MM","48","47","48","48","1","1","1","2","0","2","1","2","1","0:0:0|0:0:0|0:0:0|0:0:0|0:0:0|0:0:0|0:0:0|0:0:0|0:0:0|0:0:0|2:0:2|0:0:0|1:1:0|0:0:0|1:2:1|0:0:0|0:0:0|1:1:0|1:1:0|1:2:0|0:0:0|1:1:0|0:0:0|0:0:0|1:2:0|0:0:0|0:0:0|0:0:0|0:1:1|0:0:0|1:2:0|0:0:0|2:0:2|1:2:0|0:0:0|2:0:1|2:0:2|0:0:0|2:0:1|0:0:0|0:0:0|2:0:1|2:0:2|2:0:1|1:1:0|0:0:0|0:0:0|0:0:0|0:0:0","0:0:0|0:0:0|0:0:0|0:0:0|0:0:0|0:0:0|0:0:0|0:0:0|0:0:0|0:0:0|2:0:2|0:0:0|1:1:0|0:0:0|1:2:1|0:0:0|0:0:0|1:1:0|1:1:0|1:2:0|0:0:0|1:1:0|0:0:0|0:0:0|1:2:0|0:0:0|0:0:0|0:0:0|0:1:1|0:0:0|1:2:1|0:0:0|2:0:2|1:2:0|0:0:0|2:0:1|2:0:2|0:0:0|2:0:1|0:0:0|0:0:0|2:0:1|2:0:2|2:0:1|1:1:0|0:0:0|0:0:0|0:0:0|0:0:0","0:0:0|0:0:0|0:0:0|0:0:0|0:0:0|0:0:0|0:0:0|0:0:0|0:0:0|0:0:0|2:0:2|0:0:0|1:1:0|0:0:0|1:2:1|0:0:0|0:0:0|1:1:0|1:1:0|1:2:0|0:0:0|1:1:0|0:0:0|0:0:0|1:2:0|0:0:0|0:0:0|0:0:0|0:1:1|0:0:0|1:2:1|0:0:0|2:0:2|1:2:0|0:0:0|2:0:1|2:0:2|0:0:0|2:0:1|0:0:0|0:0:0|2:0:1|2:0:2|2:0:1|1:1:0|0:0:0|0:0:0|0:0:0|0:0:0"
"7x7-p96","7x7-p96-uct-0100","100","1","34","0.531250","1","2","O64","HM","51","48","51","49","0","0","2","0","0","0","1","0","1","0:0:0|0:0:0|0:0:0|0:0:0|0:0:0|0:0:0|0:0:0|0:0:0|0:0:0|0:0:0|2:0:2|0:0:0|1:1:0|0:0:0|1:2:1|0:0:0|0:0:0|1:1:0|1:1:0|1:2:0|0:0:0|1:1:0|0:0:0|0:0:0|1:2:0|0:0:0|0:0:0|0:0:0|0:1:1|0:0:0|1:2:1|0:0:0|2:0:2|1:2:0|0:0:0|2:0:1|2:0:2|0:0:0|2:0:1|0:0:0|0:0:0|2:0:1|2:0:2|2:0:1|1:1:0|0:0:0|0:0:0|0:0:0|0:0:0","0:0:0|0:0:0|0:0:0|0:0:0|0:0:0|0:0:0|0:0:0|0:0:0|0:0:0|0:0:0|2:0:2|0:0:0|1:1:0|0:0:0|1:2:1|0:0:0|0:0:0|1:1:0|1:1:0|1:2:0|0:0:0|1:1:0|0:0:0|0:0:0|1:2:0|0:0:0|0:0:0|0:0:0|0:1:1|0:0:0|1:2:1|0:0:0|2:0:2|1:2:0|0:0:0|2:0:1|2:0:2|0:0:0|2:0:1|0:0:0|0:0:0|2:0:1|2:0:2|2:0:1|1:1:0|0:0:0|0:0:1|0:0:0|0:0:0","0:0:0|0:0:0|0:0:0|0:0:0|0:0:0|0:0:0|0:0:0|0:0:0|0:0:0|0:0:0|2:0:2|0:0:0|1:1:0|0:0:0|1:2:1|0:0:0|0:0:0|1:1:0|1:1:0|1:2:0|0:0:0|1:1:0|0:0:0|0:0:0|1:2:0|0:0:0|0:0:0|0:0:0|0:1:1|2:0:1|1:2:1|0:0:0|2:0:2|1:2:0|0:0:0|2:0:1|4:0:3|0:0:0|2:0:1|0:0:0|0:0:0|2:0:1|2:0:2|2:0:1|1:1:0|0:0:0|2:0:1|0:0:0|0:0:0"
"7x7-p96","7x7-p96-uct-0100","100","1","34","0.531250","2","2","O51","HL","51","49","51","50","2","2","4","0","2","0","3","0","3","0:0:0|0:0:0|0:0:0|0:0:0|0:0:0|0:0:0|0:0:0|0:0:0|0:0:0|0:0:0|2:0:2|0:0:0|1:1:0|0:0:0|1:2:1|0:0:0|0:0:0|1:1:0|1:1:0|1:2:0|0:0:0|1:1:0|0:0:0|0:0:0|1:2:0|0:0:0|0:0:0|0:0:0|0:1:1|0:0:0|1:2:1|0:0:0|2:0:2|1:2:0|0:0:0|2:0:1|2:0:2|0:0:0|2:0:1|0:0:0|0:0:0|2:0:1|2:0:2|2:0:1|1:1:0|0:0:0|0:0:1|0:0:0|0:0:0","0:0:0|0:0:0|0:0:0|0:0:0|0:0:0|0:0:0|0:0:0|0:0:0|0:0:0|0:0:0|2:0:2|0:0:0|1:1:0|0:0:0|1:2:1|0:0:0|0:0:0|1:1:0|1:1:0|1:2:0|0:0:0|1:1:0|0:0:0|0:0:0|1:2:0|0:0:0|0:0:0|0:0:0|0:1:1|0:0:0|1:2:1|0:0:0|2:0:2|1:2:0|0:0:0|2:0:1|2:0:3|0:0:0|2:0:1|0:0:0|0:0:0|2:0:1|2:0:2|2:0:1|1:1:0|0:0:0|0:0:1|0:0:0|0:0:0","0:0:0|0:0:0|0:0:0|0:0:0|0:0:0|0:0:0|0:0:0|0:0:0|0:0:0|0:0:0|2:0:2|0:0:0|1:1:0|0:0:0|1:2:1|0:0:0|0:0:0|1:1:0|1:1:0|1:2:0|0:0:0|1:1:0|0:0:0|0:0:0|1:2:0|0:0:0|0:0:0|0:0:0|0:1:1|2:0:1|1:2:1|0:0:0|2:0:2|1:2:0|0:0:0|2:0:1|4:0:3|0:0:0|2:0:1|0:0:0|0:0:0|2:0:1|2:0:2|2:0:1|1:1:0|0:0:0|2:0:1|0:0:0|0:0:0"
"7x7-p96","7x7-p96-uct-0100","100","1","34","0.531250","3","2","O41","ML","51","50","51","51","0","2","2","0","0","0","1","0","1","0:0:0|0:0:0|0:0:0|0:0:0|0:0:0|0:0:0|0:0:0|0:0:0|0:0:0|0:0:0|2:0:2|0:0:0|1:1:0|0:0:0|1:2:1|0:0:0|0:0:0|1:1:0|1:1:0|1:2:0|0:0:0|1:1:0|0:0:0|0:0:0|1:2:0|0:0:0|0:0:0|0:0:0|0:1:1|0:0:0|1:2:1|0:0:0|2:0:2|1:2:0|0:0:0|2:0:1|2:0:3|0:0:0|2:0:1|0:0:0|0:0:0|2:0:1|2:0:2|2:0:1|1:1:0|0:0:0|0:0:1|0:0:0|0:0:0","0:0:0|0:0:0|0:0:0|0:0:0|0:0:0|0:0:0|0:0:0|0:0:0|0:0:0|0:0:0|2:0:2|0:0:0|1:1:0|0:0:0|1:2:1|0:0:0|0:0:0|1:1:0|1:1:0|1:2:0|0:0:0|1:1:0|0:0:0|0:0:0|1:2:0|0:0:0|0:0:0|0:0:0|0:1:1|2:0:1|1:2:1|0:0:0|2:0:2|1:2:0|0:0:0|2:0:1|4:0:3|0:0:0|2:0:1|0:0:0|0:0:0|2:0:1|2:0:2|2:0:1|1:1:0|0:0:0|2:0:1|0:0:0|0:0:0","0:0:0|0:0:0|0:0:0|0:0:0|0:0:0|0:0:0|0:0:0|0:0:0|0:0:0|0:0:0|2:0:2|0:0:0|1:1:0|0:0:0|1:2:1|0:0:0|0:0:0|1:1:0|1:1:0|1:2:0|0:0:0|1:1:0|0:0:0|0:0:0|1:2:0|0:0:0|0:0:0|0:0:0|0:1:1|2:0:1|1:2:1|0:0:0|2:0:2|1:2:0|0:0:0|2:0:1|4:0:3|0:0:0|2:0:1|0:0:0|0:0:0|2:0:1|2:0:2|2:0:1|1:1:0|0:0:0|2:0:1|0:0:0|0:0:0"
"7x7-p96","7x7-p96-uct-0100","100","1","35","0.546875","1","1","O10","LL","51","51","52","51","0","0","1","0","0","1","0","1","0","0:0:0|0:0:0|0:0:0|0:0:0|0:0:0|0:0:0|0:0:0|0:0:0|0:0:0|0:0:0|2:0:2|0:0:0|1:1:0|0:0:0|1:2:1|0:0:0|0:0:0|1:1:0|1:1:0|1:2:0|0:0:0|1:1:0|0:0:0|0:0:0|1:2:0|0:0:0|0:0:0|0:0:0|0:1:1|2:0:1|1:2:1|0:0:0|2:0:2|1:2:0|0:0:0|2:0:1|4:0:3|0:0:0|2:0:1|0:0:0|0:0:0|2:0:1|2:0:2|2:0:1|1:1:0|0:0:0|2:0:1|0:0:0|0:0:0","0:0:0|0:0:0|0:0:0|0:0:0|0:0:0|0:0:0|0:0:0|0:1:0|0:0:0|0:0:0|2:0:2|0:0:0|1:1:0|0:0:0|1:2:1|0:0:0|0:0:0|1:1:0|1:1:0|1:2:0|0:0:0|1:1:0|0:0:0|0:0:0|1:2:0|0:0:0|0:0:0|0:0:0|0:1:1|2:0:1|1:2:1|0:0:0|2:0:2|1:2:0|0:0:0|2:0:1|4:0:3|0:0:0|2:0:1|0:0:0|0:0:0|2:0:1|2:0:2|2:0:1|1:1:0|0:0:0|2:0:1|0:0:0|0:0:0","0:0:0|0:0:0|0:0:0|0:0:0|0:0:0|0:0:0|0:0:0|1:1:0|0:0:0|0:0:0|2:0:2|0:0:0|1:1:0|0:0:0|1:2:1|0:0:0|0:0:0|1:2:0|1:1:0|1:2:0|0:0:0|1:1:0|0:0:0|0:0:0|1:2:0|0:0:0|0:0:0|0:0:0|1:2:1|2:0:1|1:2:1|0:0:0|2:0:2|1:2:0|0:0:0|2:0:1|4:0:3|0:0:0|2:0:1|0:0:0|0:0:0|2:0:1|2:0:2|2:0:1|1:1:0|0:0:0|2:0:1|0:0:0|0:0:0"
"7x7-p96","7x7-p96-uct-0100","100","1","35","0.546875","2","1","O40","ML","52","51","53","51","0","0","1","1","1","2","1","2","1","0:0:0|0:0:0|0:0:0|0:0:0|0:0:0|0:0:0|0:0:0|0:1:0|0:0:0|0:0:0|2:0:2|0:0:0|1:1:0|0:0:0|1:2:1|0:0:0|0:0:0|1:1:0|1:1:0|1:2:0|0:0:0|1:1:0|0:0:0|0:0:0|1:2:0|0:0:0|0:0:0|0:0:0|0:1:1|2:0:1|1:2:1|0:0:0|2:0:2|1:2:0|0:0:0|2:0:1|4:0:3|0:0:0|2:0:1|0:0:0|0:0:0|2:0:1|2:0:2|2:0:1|1:1:0|0:0:0|2:0:1|0:0:0|0:0:0","0:0:0|0:0:0|0:0:0|0:0:0|0:0:0|0:0:0|0:0:0|0:1:0|0:0:0|0:0:0|2:0:2|0:0:0|1:1:0|0:0:0|1:2:1|0:0:0|0:0:0|1:1:0|1:1:0|1:2:0|0:0:0|1:1:0|0:0:0|0:0:0|1:2:0|0:0:0|0:0:0|0:0:0|0:2:1|2:0:1|1:2:1|0:0:0|2:0:2|1:2:0|0:0:0|2:0:1|4:0:3|0:0:0|2:0:1|0:0:0|0:0:0|2:0:1|2:0:2|2:0:1|1:1:0|0:0:0|2:0:1|0:0:0|0:0:0","0:0:0|0:0:0|0:0:0|0:0:0|0:0:0|0:0:0|0:0:0|1:1:0|0:0:0|0:0:0|2:0:2|0:0:0|1:1:0|0:0:0|1:2:1|0:0:0|0:0:0|1:2:0|1:1:0|1:2:0|0:0:0|1:1:0|0:0:0|0:0:0|1:2:0|0:0:0|0:0:0|0:0:0|1:2:1|2:0:1|1:2:1|0:0:0|2:0:2|1:2:0|0:0:0|2:0:1|4:0:3|0:0:0|2:0:1|0:0:0|0:0:0|2:0:1|2:0:2|2:0:1|1:1:0|0:0:0|2:0:1|0:0:0|0:0:0"
"7x7-p96","7x7-p96-uct-0100","100","1","35","0.546875","3","1","O23","MM","53","51","54","51","1","1","1","1","0","2","0","2","0","0:0:0|0:0:0|0:0:0|0:0:0|0:0:0|0:0:0|0:0:0|0:1:0|0:0:0|0:0:0|2:0:2|0:0:0|1:1:0|0:0:0|1:2:1|0:0:0|0:0:0|1:1:0|1:1:0|1:2:0|0:0:0|1:1:0|0:0:0|0:0:0|1:2:0|0:0:0|0:0:0|0:0:0|0:2:1|2:0:1|1:2:1|0:0:0|2:0:2|1:2:0|0:0:0|2:0:1|4:0:3|0:0:0|2:0:1|0:0:0|0:0:0|2:0:1|2:0:2|2:0:1|1:1:0|0:0:0|2:0:1|0:0:0|0:0:0","0:0:0|0:0:0|0:0:0|0:0:0|0:0:0|0:0:0|0:0:0|1:1:0|0:0:0|0:0:0|2:0:2|0:0:0|1:1:0|0:0:0|1:2:1|0:0:0|0:0:0|1:2:0|1:1:0|1:2:0|0:0:0|1:1:0|0:0:0|0:0:0|1:2:0|0:0:0|0:0:0|0:0:0|1:2:1|2:0:1|1:2:1|0:0:0|2:0:2|1:2:0|0:0:0|2:0:1|4:0:3|0:0:0|2:0:1|0:0:0|0:0:0|2:0:1|2:0:2|2:0:1|1:1:0|0:0:0|2:0:1|0:0:0|0:0:0","0:0:0|0:0:0|0:0:0|0:0:0|0:0:0|0:0:0|0:0:0|1:1:0|0:0:0|0:0:0|2:0:2|0:0:0|1:1:0|0:0:0|1:2:1|0:0:0|0:0:0|1:2:0|1:1:0|1:2:0|0:0:0|1:1:0|0:0:0|0:0:0|1:2:0|0:0:0|0:0:0|0:0:0|1:2:1|2:0:1|1:2:1|0:0:0|2:0:2|1:2:0|0:0:0|2:0:1|4:0:3|0:0:0|2:0:1|0:0:0|0:0:0|2:0:1|2:0:2|2:0:1|1:1:0|0:0:0|2:0:1|0:0:0|0:0:0"
"7x7-p96","7x7-p96-uct-0100","100","1","36","0.562500","1","2","O54","HM","54","51","54","52","0","0","2","0","0","0","1","0","1","0:0:0|0:0:0|0:0:0|0:0:0|0:0:0|0:0:0|0:0:0|1:1:0|0:0:0|0:0:0|2:0:2|0:0:0|1:1:0|0:0:0|1:2:1|0:0:0|0:0:0|1:2:0|1:1:0|1:2:0|0:0:0|1:1:0|0:0:0|0:0:0|1:2:0|0:0:0|0:0:0|0:0:0|1:2:1|2:0:1|1:2:1|0:0:0|2:0:2|1:2:0|0:0:0|2:0:1|4:0:3|0:0:0|2:0:1|0:0:0|0:0:0|2:0:1|2:0:2|2:0:1|1:1:0|0:0:0|2:0:1|0:0:0|0:0:0","0:0:0|0:0:0|0:0:0|0:0:0|0:0:0|0:0:0|0:0:0|1:1:0|0:0:0|0:0:0|2:0:2|0:0:0|1:1:0|0:0:0|1:2:1|0:0:0|0:0:0|1:2:0|1:1:0|1:2:0|0:0:0|1:1:0|0:0:0|0:0:0|1:2:0|0:0:0|0:0:0|0:0:0|1:2:1|2:0:1|1:2:1|0:0:0|2:0:2|1:2:0|0:0:0|2:0:1|4:0:3|0:0:0|2:0:1|0:0:1|0:0:0|2:0:1|2:0:2|2:0:1|1:1:0|0:0:0|2:0:1|0:0:0|0:0:0","0:0:0|0:0:0|0:0:0|0:0:0|0:0:0|0:0:0|0:0:0|1:1:0|0:0:0|0:0:0|2:0:2|0:0:0|1:1:0|0:0:0|1:2:1|0:0:0|0:0:0|1:2:0|1:1:0|1:2:0|0:0:0|1:1:0|0:0:0|0:0:0|1:2:0|0:0:0|0:0:0|0:0:0|1:2:1|2:0:1|1:2:1|0:0:0|2:0:2|1:2:0|0:0:0|2:0:1|4:0:3|0:0:0|2:0:1|2:0:1|0:0:0|2:0:1|2:0:2|2:0:1|1:1:0|0:0:0|2:0:1|0:0:0|0:0:0"
"7x7-p96","7x7-p96-uct-0100","100","1","37","0.578125","2","1","O26","MH","55","54","56","54","0","0","1","0","0","1","0","1","0","0:0:0|0:0:0|0:0:0|0:0:0|0:0:0|0:0:0|0:0:0|1:1:0|0:0:0|0:0:0|2:0:2|0:0:0|1:1:0|0:0:0|1:2:1|0:0:0|0:0:0|1:2:0|1:1:0|1:2:0|0:0:0|1:1:0|0:0:0|0:0:0|1:2:0|0:0:0|0:0:0|0:0:0|1:2:1|2:0:1|1:2:1|0:0:0|2:0:2|1:2:0|0:0:0|2:0:1|4:0:3|0:0:0|2:0:1|2:0:1|0:0:0|2:0:1|2:0:2|2:0:1|1:1:0|0:0:0|2:0:1|0:0:0|0:0:0","0:0:0|0:0:0|0:0:0|0:0:0|0:0:0|0:0:0|0:0:0|1:1:0|0:0:0|0:0:0|2:0:2|0:0:0|1:1:0|0:0:0|1:2:1|0:0:0|0:0:0|1:2:0|1:1:0|1:2:0|0:1:0|1:1:0|0:0:0|0:0:0|1:2:0|0:0:0|0:0:0|0:0:0|1:2:1|2:0:1|1:2:1|0:0:0|2:0:2|1:2:0|0:0:0|2:0:1|4:0:3|0:0:0|2:0:1|2:0:1|0:0:0|2:0:1|2:0:2|2:0:1|1:1:0|0:0:0|2:0:1|0:0:0|0:0:0","0:0:0|0:0:0|0:0:0|0:0:0|0:0:0|0:0:0|0:0:0|1:1:0|0:0:0|0:0:0|2:0:2|0:0:0|1:1:0|0:0:0|1:2:1|0:0:0|0:0:0|1:2:0|1:1:0|1:2:0|1:1:0|1:1:0|0:0:0|0:0:0|1:2:0|0:0:0|1:1:0|0:0:0|1:2:1|2:0:1|1:2:1|0:0:0|2:0:2|1:2:0|0:0:0|2:0:1|4:0:3|0:0:0|2:0:1|2:0:1|0:0:0|2:0:1|2:0:2|2:0:1|1:1:0|0:0:0|2:0:1|0:0:0|0:0:0"
"7x7-p96","7x7-p96-uct-0100","100","1","37","0.578125","3","1","O35","MH","56","54","57","54","0","1","1","0","0","1","0","1","0","0:0:0|0:0:0|0:0:0|0:0:0|0:0:0|0:0:0|0:0:0|1:1:0|0:0:0|0:0:0|2:0:2|0:0:0|1:1:0|0:0:0|1:2:1|0:0:0|0:0:0|1:2:0|1:1:0|1:2:0|0:1:0|1:1:0|0:0:0|0:0:0|1:2:0|0:0:0|0:0:0|0:0:0|1:2:1|2:0:1|1:2:1|0:0:0|2:0:2|1:2:0|0:0:0|2:0:1|4:0:3|0:0:0|2:0:1|2:0:1|0:0:0|2:0:1|2:0:2|2:0:1|1:1:0|0:0:0|2:0:1|0:0:0|0:0:0","0:0:0|0:0:0|0:0:0|0:0:0|0:0:0|0:0:0|0:0:0|1:1:0|0:0:0|0:0:0|2:0:2|0:0:0|1:1:0|0:0:0|1:2:1|0:0:0|0:0:0|1:2:0|1:1:0|1:2:0|1:1:0|1:1:0|0:0:0|0:0:0|1:2:0|0:0:0|1:1:0|0:0:0|1:2:1|2:0:1|1:2:1|0:0:0|2:0:2|1:2:0|0:0:0|2:0:1|4:0:3|0:0:0|2:0:1|2:0:1|0:0:0|2:0:1|2:0:2|2:0:1|1:1:0|0:0:0|2:0:1|0:0:0|0:0:0","0:0:0|0:0:0|0:0:0|0:0:0|0:0:0|0:0:0|0:0:0|1:1:0|0:0:0|0:0:0|2:0:2|0:0:0|1:1:0|0:0:0|1:2:1|0:0:0|0:0:0|1:2:0|1:1:0|1:2:0|1:1:0|1:1:0|0:0:0|0:0:0|1:2:0|0:0:0|1:1:0|0:0:0|1:2:1|2:0:1|1:2:1|0:0:0|2:0:2|1:2:0|0:0:0|2:0:1|4:0:3|0:0:0|2:0:1|2:0:1|0:0:0|2:0:1|2:0:2|2:0:1|1:1:0|0:0:0|2:0:1|0:0:0|0:0:0"
"7x7-p96","7x7-p96-uct-0100","100","1","38","0.593750","1","2","O12","LM","57","54","57","55","0","0","2","0","0","0","1","0","1","0:0:0|0:0:0|0:0:0|0:0:0|0:0:0|0:0:0|0:0:0|1:1:0|0:0:0|0:0:0|2:0:2|0:0:0|1:1:0|0:0:0|1:2:1|0:0:0|0:0:0|1:2:0|1:1:0|1:2:0|1:1:0|1:1:0|0:0:0|0:0:0|1:2:0|0:0:0|1:1:0|0:0:0|1:2:1|2:0:1|1:2:1|0:0:0|2:0:2|1:2:0|0:0:0|2:0:1|4:0:3|0:0:0|2:0:1|2:0:1|0:0:0|2:0:1|2:0:2|2:0:1|1:1:0|0:0:0|2:0:1|0:0:0|0:0:0","0:0:0|0:0:0|0:0:0|0:0:0|0:0:0|0:0:0|0:0:0|1:1:0|0:0:0|0:0:1|2:0:2|0:0:0|1:1:0|0:0:0|1:2:1|0:0:0|0:0:0|1:2:0|1:1:0|1:2:0|1:1:0|1:1:0|0:0:0|0:0:0|1:2:0|0:0:0|1:1:0|0:0:0|1:2:1|2:0:1|1:2:1|0:0:0|2:0:2|1:2:0|0:0:0|2:0:1|4:0:3|0:0:0|2:0:1|2:0:1|0:0:0|2:0:1|2:0:2|2:0:1|1:1:0|0:0:0|2:0:1|0:0:0|0:0:0","0:0:0|0:0:0|0:0:0|0:0:0|0:0:0|0:0:0|0:0:0|1:1:0|0:0:0|2:0:1|2:0:2|0:0:0|1:1:0|0:0:0|1:2:1|0:0:0|0:0:0|1:2:0|1:1:0|1:2:0|1:1:0|1:1:0|0:0:0|0:0:0|1:2:0|0:0:0|1:1:0|0:0:0|1:2:1|2:0:1|1:2:1|0:0:0|2:0:2|1:2:0|0:0:0|2:0:1|4:0:3|0:0:0|2:0:1|2:0:1|2:0:1|2:0:2|2:0:2|2:0:1|1:1:0|0:0:0|2:0:1|0:0:0|0:0:0"
"7x7-p96","7x7-p96-uct-0100","100","1","38","0.593750","2","2","O56","HH","57","55","57","56","2","2","2","0","1","0","2","0","2","0:0:0|0:0:0|0:0:0|0:0:0|0:0:0|0:0:0|0:0:0|1:1:0|0:0:0|0:0:1|2:0:2|0:0:0|1:1:0|0:0:0|1:2:1|0:0:0|0:0:0|1:2:0|1:1:0|1:2:0|1:1:0|1:1:0|0:0:0|0:0:0|1:2:0|0:0:0|1:1:0|0:0:0|1:2:1|2:0:1|1:2:1|0:0:0|2:0:2|1:2:0|0:0:0|2:0:1|4:0:3|0:0:0|2:0:1|2:0:1|0:0:0|2:0:1|2:0:2|2:0:1|1:1:0|0:0:0|2:0:1|0:0:0|0:0:0","0:0:0|0:0:0|0:0:0|0:0:0|0:0:0|0:0:0|0:0:0|1:1:0|0:0:0|0:0:1|2:0:2|0:0:0|1:1:0|0:0:0|1:2:1|0:0:0|0:0:0|1:2:0|1:1:0|1:2:0|1:1:0|1:1:0|0:0:0|0:0:0|1:2:0|0:0:0|1:1:0|0:0:0|1:2:1|2:0:1|1:2:1|0:0:0|2:0:2|1:2:0|0:0:0|2:0:1|4:0:3|0:0:0|2:0:1|2:0:1|0:0:0|2:0:2|2:0:2|2:0:1|1:1:0|0:0:0|2:0:1|0:0:0|0:0:0","0:0:0|0:0:0|0:0:0|0:0:0|0:0:0|0:0:0|0:0:0|1:1:0|0:0:0|2:0:1|2:0:2|0:0:0|1:1:0|0:0:0|1:2:1|0:0:0|0:0:0|1:2:0|1:1:0|1:2:0|1:1:0|1:1:0|0:0:0|0:0:0|1:2:0|0:0:0|1:1:0|0:0:0|1:2:1|2:0:1|1:2:1|0:0:0|2:0:2|1:2:0|0:0:0|2:0:1|4:0:3|0:0:0|2:0:1|2:0:1|2:0:1|2:0:2|2:0:2|2:0:1|1:1:0|0:0:0|2:0:1|0:0:0|0:0:0"
"7x7-p96","7x7-p96-uct-0100","100","1","38","0.593750","3","2","O55","HH","57","56","57","57","0","2","2","0","0","0","1","0","1","0:0:0|0:0:0|0:0:0|0:0:0|0:0:0|0:0:0|0:0:0|1:1:0|0:0:0|0:0:1|2:0:2|0:0:0|1:1:0|0:0:0|1:2:1|0:0:0|0:0:0|1:2:0|1:1:0|1:2:0|1:1:0|1:1:0|0:0:0|0:0:0|1:2:0|0:0:0|1:1:0|0:0:0|1:2:1|2:0:1|1:2:1|0:0:0|2:0:2|1:2:0|0:0:0|2:0:1|4:0:3|0:0:0|2:0:1|2:0:1|0:0:0|2:0:2|2:0:2|2:0:1|1:1:0|0:0:0|2:0:1|0:0:0|0:0:0","0:0:0|0:0:0|0:0:0|0:0:0|0:0:0|0:0:0|0:0:0|1:1:0|0:0:0|2:0:1|2:0:2|0:0:0|1:1:0|0:0:0|1:2:1|0:0:0|0:0:0|1:2:0|1:1:0|1:2:0|1:1:0|1:1:0|0:0:0|0:0:0|1:2:0|0:0:0|1:1:0|0:0:0|1:2:1|2:0:1|1:2:1|0:0:0|2:0:2|1:2:0|0:0:0|2:0:1|4:0:3|0:0:0|2:0:1|2:0:1|2:0:1|2:0:2|2:0:2|2:0:1|1:1:0|0:0:0|2:0:1|0:0:0|0:0:0","0:0:0|0:0:0|0:0:0|0:0:0|0:0:0|0:0:0|0:0:0|1:1:0|0:0:0|2:0:1|2:0:2|0:0:0|1:1:0|0:0:0|1:2:1|0:0:0|0:0:0|1:2:0|1:1:0|1:2:0|1:1:0|1:1:0|0:0:0|0:0:0|1:2:0|0:0:0|1:1:0|0:0:0|1:2:1|2:0:1|1:2:1|0:0:0|2:0:2|1:2:0|0:0:0|2:0:1|4:0:3|0:0:0|2:0:1|2:0:1|2:0:1|2:0:2|2:0:2|2:0:1|1:1:0|0:0:0|2:0:1|0:0:0|0:0:0"
"7x7-p96","7x7-p96-uct-0100","100","1","39","0.609375","1","1","O32","MM","57","57","58","57","0","0","1","0","0","1","0","1","0","0:0:0|0:0:0|0:0:0|0:0:0|0:0:0|0:0:0|0:0:0|1:1:0|0:0:0|2:0:1|2:0:2|0:0:0|1:1:0|0:0:0|1:2:1|0:0:0|0:0:0|1:2:0|1:1:0|1:2:0|1:1:0|1:1:0|0:0:0|0:0:0|1:2:0|0:0:0|1:1:0|0:0:0|1:2:1|2:0:1|1:2:1|0:0:0|2:0:2|1:2:0|0:0:0|2:0:1|4:0:3|0:0:0|2:0:1|2:0:1|2:0:1|2:0:2|2:0:2|2:0:1|1:1:0|0:0:0|2:0:1|0:0:0|0:0:0","0:0:0|0:0:0|0:0:0|0:0:0|0:0:0|0:0:0|0:0:0|1:1:0|0:0:0|2:0:1|2:0:2|0:0:0|1:1:0|0:0:0|1:2:1|0:0:0|0:0:0|1:2:0|1:1:0|1:2:0|1:1:0|1:1:0|0:0:0|0:1:0|1:2:0|0:0:0|1:1:0|0:0:0|1:2:1|2:0:1|1:2:1|0:0:0|2:0:2|1:2:0|0:0:0|2:0:1|4:0:3|0:0:0|2:0:1|2:0:1|2:0:1|2:0:2|2:0:2|2:0:1|1:1:0|0:0:0|2:0:1|0:0:0|0:0:0","0:0:0|0:0:0|0:0:0|0:0:0|0:0:0|0:0:0|0:0:0|1:1:0|0:0:0|2:0:1|2:0:2|0:0:0|1:1:0|0:0:0|1:2:1|0:0:0|0:0:0|1:2:0|1:1:0|1:2:0|1:1:0|1:1:0|0:0:0|1:1:0|1:2:0|0:0:0|1:1:0|0:0:0|3:3:1|2:0:1|1:2:1|0:0:0|2:0:2|1:2:0|0:0:0|2:0:1|4:0:3|0:0:0|2:0:1|2:0:1|2:0:1|2:0:2|2:0:2|2:0:1|1:1:0|0:0:0|2:0:1|0:0:0|0:0:0"
"7x7-p96","7x7-p96-uct-0100","100","1","39","0.609375","3","1","O40","ML","59","57","60","57","1","3","3","2","1","3","1","3","1","0:0:0|0:0:0|0:0:0|0:0:0|0:0:0|0:0:0|0:0:0|1:1:0|0:0:0|2:0:1|2:0:2|0:0:0|1:1:0|0:0:0|1:2:1|0:0:0|0:0:0|1:2:0|1:1:0|1:2:0|1:1:0|1:1:0|0:0:0|0:1:0|1:2:0|0:0:0|1:1:0|0:0:0|1:2:1|2:0:1|1:2:1|0:0:0|2:0:2|1:2:0|0:0:0|2:0:1|4:0:3|0:0:0|2:0:1|2:0:1|2:0:1|2:0:2|2:0:2|2:0:1|1:1:0|0:0:0|2:0:1|0:0:0|0:0:0","0:0:0|0:0:0|0:0:0|0:0:0|0:0:0|0:0:0|0:0:0|1:1:0|0:0:0|2:0:1|2:0:2|0:0:0|1:1:0|0:0:0|1:2:1|0:0:0|0:0:0|1:2:0|1:1:0|1:2:0|1:1:0|1:1:0|0:0:0|1:1:0|1:2:0|0:0:0|1:1:0|0:0:0|3:3:1|2:0:1|1:2:1|0:0:0|2:0:2|1:2:0|0:0:0|2:0:1|4:0:3|0:0:0|2:0:1|2:0:1|2:0:1|2:0:2|2:0:2|2:0:1|1:1:0|0:0:0|2:0:1|0:0:0|0:0:0","0:0:0|0:0:0|0:0:0|0:0:0|0:0:0|0:0:0|0:0:0|1:1:0|0:0:0|2:0:1|2:0:2|0:0:0|1:1:0|0:0:0|1:2:1|0:0:0|0:0:0|1:2:0|1:1:0|1:2:0|1:1:0|1:1:0|0:0:0|1:1:0|1:2:0|0:0:0|1:1:0|0:0:0|3:3:1|2:0:1|1:2:1|0:0:0|2:0:2|1:2:0|0:0:0|2:0:1|4:0:3|0:0:0|2:0:1|2:0:1|2:0:1|2:0:2|2:0:2|2:0:1|1:1:0|0:0:0|2:0:1|0:0:0|0:0:0"
"7x7-p96","7x7-p96-uct-0100","100","1","40","0.625000","1","2","O61","HL","60","57","60","58","2","2","2","0","1","0","2","0","2","0:0:0|0:0:0|0:0:0|0:0:0|0:0:0|0:0:0|0:0:0|1:1:0|0:0:0|2:0:1|2:0:2|0:0:0|1:1:0|0:0:0|1:2:1|0:0:0|0:0:0|1:2:0|1:1:0|1:2:0|1:1:0|1:1:0|0:0:0|1:1:0|1:2:0|0:0:0|1:1:0|0:0:0|3:3:1|2:0:1|1:2:1|0:0:0|2:0:2|1:2:0|0:0:0|2:0:1|4:0:3|0:0:0|2:0:1|2:0:1|2:0:1|2:0:2|2:0:2|2:0:1|1:1:0|0:0:0|2:0:1|0:0:0|0:0:0","0:0:0|0:0:0|0:0:0|0:0:0|0:0:0|0:0:0|0:0:0|1:1:0|0:0:0|2:0:1|2:0:2|0:0:0|1:1:0|0:0:0|1:2:1|0:0:0|0:0:0|1:2:0|1:1:0|1:2:0|1:1:0|1:1:0|0:0:0|1:1:0|1:2:0|0:0:0|1:1:0|0:0:0|3:3:1|2:0:1|1:2:1|0:0:0|2:0:2|1:2:0|0:0:0|2:0:1|4:0:3|0:0:0|2:0:1|2:0:1|2:0:1|2:0:2|2:0:2|2:0:2|1:1:0|0:0:0|2:0:1|0:0:0|0:0:0","0:0:0|0:0:0|0:0:0|0:0:0|0:0:0|0:0:0|0:0:0|1:1:0|0:0:0|2:0:1|2:0:2|0:0:0|1:1:0|0:0:0|1:2:1|0:0:0|0:0:0|1:2:0|1:1:0|1:2:0|1:1:0|1:1:0|0:0:0|1:1:0|1:2:0|0:0:0|1:1:0|0:0:0|3:3:1|2:0:1|1:2:1|0:0:0|2:0:2|1:2:0|0:0:0|2:0:1|4:0:3|0:0:0|2:0:1|2:0:1|2:0:1|2:0:2|2:0:2|2:0:2|1:1:0|0:0:0|2:0:1|0:0:0|0:0:0"
"7x7-p96","7x7-p96-uct-0100","100","1","41","0.640625","1","1","O52","HM","60","60","61","60","0","0","1","0","0","1","0","1","0","0:0:0|0:0:0|0:0:0|0:0:0|0:0:0|0:0:0|0:0:0|1:1:0|0:0:0|2:0:1|2:0:2|0:0:0|1:1:0|0:0:0|1:2:1|0:0:0|0:0:0|1:2:0|1:1:0|1:2:0|1:1:0|1:1:0|0:0:0|1:1:0|1:2:0|0:0:0|1:1:0|0:0:0|3:3:1|2:0:1|1:2:1|0:0:0|2:0:2|1:2:0|0:0:0|2:0:1|4:0:3|0:0:0|2:0:1|2:0:1|2:0:1|2:0:2|2:0:2|2:0:2|1:1:0|0:0:0|2:0:1|0:0:0|0:0:0","0:0:0|0:0:0|0:0:0|0:0:0|0:0:0|0:0:0|0:0:0|1:1:0|0:0:0|2:0:1|2:0:2|0:0:0|1:1:0|0:0:0|1:2:1|0:0:0|0:0:0|1:2:0|1:1:0|1:2:0|1:1:0|1:1:0|0:0:0|1:1:0|1:2:0|0:0:0|1:1:0|0:0:0|3:3:1|2:0:1|1:2:1|0:0:0|2:0:2|1:2:0|0:0:0|2:0:1|4:0:3|0:1:0|2:0:1|2:0:1|2:0:1|2:0:2|2:0:2|2:0:2|1:1:0|0:0:0|2:0:1|0:0:0|0:0:0","0:0:0|0:0:0|0:0:0|0:0:0|0:0:0|0:0:0|0:0:0|1:1:0|0:0:0|2:0:1|2:0:2|0:0:0|1:1:0|0:0:0|1:2:1|0:0:0|0:0:0|3:3:0|1:1:0|1:2:0|1:1:0|1:1:0|0:0:0|1:1:0|1:2:0|0:0:0|1:1:0|0:0:0|3:3:1|2:0:1|1:2:1|0:0:0|2:0:2|1:2:0|0:0:0|2:0:1|4:0:3|1:1:0|2:0:1|2:0:1|2:0:1|2:0:2|2:0:2|2:0:2|1:1:0|0:0:0|2:0:1|0:0:0|0:0:0"
"7x7-p96","7x7-p96-uct-0100","100","1","41","0.640625","3","1","O23","MM","62","60","63","60","1","3","3","2","0","3","0","3","0","0:0:0|0:0:0|0:0:0|0:0:0|0:0:0|0:0:0|0:0:0|1:1:0|0:0:0|2:0:1|2:0:2|0:0:0|1:1:0|0:0:0|1:2:1|0:0:0|0:0:0|1:2:0|1:1:0|1:2:0|1:1:0|1:1:0|0:0:0|1:1:0|1:2:0|0:0:0|1:1:0|0:0:0|3:3:1|2:0:1|1:2:1|0:0:0|2:0:2|1:2:0|0:0:0|2:0:1|4:0:3|0:1:0|2:0:1|2:0:1|2:0:1|2:0:2|2:0:2|2:0:2|1:1:0|0:0:0|2:0:1|0:0:0|0:0:0","0:0:0|0:0:0|0:0:0|0:0:0|0:0:0|0:0:0|0:0:0|1:1:0|0:0:0|2:0:1|2:0:2|0:0:0|1:1:0|0:0:0|1:2:1|0:0:0|0:0:0|3:3:0|1:1:0|1:2:0|1:1:0|1:1:0|0:0:0|1:1:0|1:2:0|0:0:0|1:1:0|0:0:0|3:3:1|2:0:1|1:2:1|0:0:0|2:0:2|1:2:0|0:0:0|2:0:1|4:0:3|1:1:0|2:0:1|2:0:1|2:0:1|2:0:2|2:0:2|2:0:2|1:1:0|0:0:0|2:0:1|0:0:0|0:0:0","0:0:0|0:0:0|0:0:0|0:0:0|0:0:0|0:0:0|0:0:0|1:1:0|0:0:0|2:0:1|2:0:2|0:0:0|1:1:0|0:0:0|1:2:1|0:0:0|0:0:0|3:3:0|1:1:0|1:2:0|1:1:0|1:1:0|0:0:0|1:1:0|1:2:0|0:0:0|1:1:0|0:0:0|3:3:1|2:0:1|1:2:1|0:0:0|2:0:2|1:2:0|0:0:0|2:0:1|4:0:3|1:1:0|2:0:1|2:0:1|2:0:1|2:0:2|2:0:2|2:0:2|1:1:0|0:0:0|2:0:1|0:0:0|0:0:0"
"7x7-p96","7x7-p96-uct-0100","100","1","42","0.656250","1","2","O53","HM","63","60","63","61","2","2","2","0","1","0","2","0","2","0:0:0|0:0:0|0:0:0|0:0:0|0:0:0|0:0:0|0:0:0|1:1:0|0:0:0|2:0:1|2:0:2|0:0:0|1:1:0|0:0:0|1:2:1|0:0:0|0:0:0|3:3:0|1:1:0|1:2:0|1:1:0|1:1:0|0:0:0|1:1:0|1:2:0|0:0:0|1:1:0|0:0:0|3:3:1|2:0:1|1:2:1|0:0:0|2:0:2|1:2:0|0:0:0|2:0:1|4:0:3|1:1:0|2:0:1|2:0:1|2:0:1|2:0:2|2:0:2|2:0:2|1:1:0|0:0:0|2:0:1|0:0:0|0:0:0","0:0:0|0:0:0|0:0:0|0:0:0|0:0:0|0:0:0|0:0:0|1:1:0|0:0:0|2:0:1|2:0:2|0:0:0|1:1:0|0:0:0|1:2:1|0:0:0|0:0:0|3:3:0|1:1:0|1:2:0|1:1:0|1:1:0|0:0:0|1:1:0|1:2:0|0:0:0|1:1:0|0:0:0|3:3:1|2:0:1|1:2:1|0:0:0|2:0:2|1:2:0|0:0:0|2:0:1|4:0:3|1:1:0|2:0:2|2:0:1|2:0:1|2:0:2|2:0:2|2:0:2|1:1:0|0:0:0|2:0:1|0:0:0|0:0:0","0:0:0|0:0:0|0:0:0|0:0:0|0:0:0|0:0:0|0:0:0|1:1:0|0:0:0|2:0:1|2:0:2|0:0:0|1:1:0|0:0:0|1:2:1|2:0:1|0:0:0|3:3:0|1:1:0|1:2:0|1:1:0|1:1:0|0:0:0|1:1:0|1:2:0|0:0:0|1:1:0|0:0:0|3:3:1|2:0:1|1:2:1|0:0:0|2:0:2|1:2:0|0:0:0|2:0:2|4:0:3|1:1:0|2:0:2|2:0:1|2:0:1|2:0:2|2:0:2|2:0:2|1:1:0|0:0:0|2:0:1|0:0:0|0:0:0"
"7x7-p96","7x7-p96-uct-0100","100","1","42","0.656250","2","2","O50","HL","63","61","63","62","2","2","2","0","1","0","2","0","2","0:0:0|0:0:0|0:0:0|0:0:0|0:0:0|0:0:0|0:0:0|1:1:0|0:0:0|2:0:1|2:0:2|0:0:0|1:1:0|0:0:0|1:2:1|0:0:0|0:0:0|3:3:0|1:1:0|1:2:0|1:1:0|1:1:0|0:0:0|1:1:0|1:2:0|0:0:0|1:1:0|0:0:0|3:3:1|2:0:1|1:2:1|0:0:0|2:0:2|1:2:0|0:0:0|2:0:1|4:0:3|1:1:0|2:0:2|2:0:1|2:0:1|2:0:2|2:0:2|2:0:2|1:1:0|0:0:0|2:0:1|0:0:0|0:0:0","0:0:0|0:0:0|0:0:0|0:0:0|0:0:0|0:0:0|0:0:0|1:1:0|0:0:0|2:0:1|2:0:2|0:0:0|1:1:0|0:0:0|1:2:1|0:0:0|0:0:0|3:3:0|1:1:0|1:2:0|1:1:0|1:1:0|0:0:0|1:1:0|1:2:0|0:0:0|1:1:0|0:0:0|3:3:1|2:0:1|1:2:1|0:0:0|2:0:2|1:2:0|0:0:0|2:0:2|4:0:3|1:1:0|2:0:2|2:0:1|2:0:1|2:0:2|2:0:2|2:0:2|1:1:0|0:0:0|2:0:1|0:0:0|0:0:0","0:0:0|0:0:0|0:0:0|0:0:0|0:0:0|0:0:0|0:0:0|1:1:0|0:0:0|2:0:1|2:0:2|0:0:0|1:1:0|0:0:0|1:2:1|2:0:1|0:0:0|3:3:0|1:1:0|1:2:0|1:1:0|1:1:0|0:0:0|1:1:0|1:2:0|0:0:0|1:1:0|0:0:0|3:3:1|2:0:1|1:2:1|0:0:0|2:0:2|1:2:0|0:0:0|2:0:2|4:0:3|1:1:0|2:0:2|2:0:1|2:0:1|2:0:2|2:0:2|2:0:2|1:1:0|0:0:0|2:0:1|0:0:0|0:0:0"
"7x7-p96","7x7-p96-uct-0100","100","1","42","0.656250","3","2","O21","ML","63","62","63","63","0","2","2","0","0","0","1","0","1","0:0:0|0:0:0|0:0:0|0:0:0|0:0:0|0:0:0|0:0:0|1:1:0|0:0:0|2:0:1|2:0:2|0:0:0|1:1:0|0:0:0|1:2:1|0:0:0|0:0:0|3:3:0|1:1:0|1:2:0|1:1:0|1:1:0|0:0:0|1:1:0|1:2:0|0:0:0|1:1:0|0:0:0|3:3:1|2:0:1|1:2:1|0:0:0|2:0:2|1:2:0|0:0:0|2:0:2|4:0:3|1:1:0|2:0:2|2:0:1|2:0:1|2:0:2|2:0:2|2:0:2|1:1:0|0:0:0|2:0:1|0:0:0|0:0:0","0:0:0|0:0:0|0:0:0|0:0:0|0:0:0|0:0:0|0:0:0|1:1:0|0:0:0|2:0:1|2:0:2|0:0:0|1:1:0|0:0:0|1:2:1|2:0:1|0:0:0|3:3:0|1:1:0|1:2:0|1:1:0|1:1:0|0:0:0|1:1:0|1:2:0|0:0:0|1:1:0|0:0:0|3:3:1|2:0:1|1:2:1|0:0:0|2:0:2|1:2:0|0:0:0|2:0:2|4:0:3|1:1:0|2:0:2|2:0:1|2:0:1|2:0:2|2:0:2|2:0:2|1:1:0|0:0:0|2:0:1|0:0:0|0:0:0","0:0:0|0:0:0|0:0:0|0:0:0|0:0:0|0:0:0|0:0:0|1:1:0|0:0:0|2:0:1|2:0:2|0:0:0|1:1:0|0:0:0|1:2:1|2:0:1|0:0:0|3:3:0|1:1:0|1:2:0|1:1:0|1:1:0|0:0:0|1:1:0|1:2:0|0:0:0|1:1:0|0:0:0|3:3:1|2:0:1|1:2:1|0:0:0|2:0:2|1:2:0|0:0:0|2:0:2|4:0:3|1:1:0|2:0:2|2:0:1|2:0:1|2:0:2|2:0:2|2:0:2|1:1:0|0:0:0|2:0:1|0:0:0|0:0:0"
"7x7-p96","7x7-p96-uct-0100","100","1","43","0.671875","3","1","O44","MM","65","63","66","63","2","2","2","0","2","1","2","1","2","0:0:0|0:0:0|0:0:0|0:0:0|0:0:0|0:0:0|0:0:0|1:1:0|0:0:0|2:0:1|2:0:2|0:0:0|1:1:0|0:0:0|1:2:1|2:0:1|0:0:0|3:3:0|1:1:0|1:2:0|1:1:0|1:1:0|0:0:0|1:1:0|1:2:0|0:0:0|1:1:0|0:0:0|3:3:1|2:0:1|1:2:1|0:0:0|2:0:2|1:2:0|0:0:0|2:0:2|4:0:3|1:1:0|2:0:2|2:0:1|2:0:1|2:0:2|2:0:2|2:0:2|1:1:0|0:0:0|2:0:1|0:0:0|0:0:0","0:0:0|0:0:0|0:0:0|0:0:0|0:0:0|0:0:0|0:0:0|1:1:0|0:0:0|2:0:1|2:0:2|0:0:0|1:1:0|0:0:0|1:2:1|2:0:1|0:0:0|3:3:0|1:1:0|1:2:0|1:1:0|1:1:0|0:0:0|1:1:0|1:2:0|0:0:0|1:1:0|0:0:0|3:3:1|2:0:1|1:2:1|0:0:0|2:1:2|1:2:0|0:0:0|2:0:2|4:0:3|1:1:0|2:0:2|2:0:1|2:0:1|2:0:2|2:0:2|2:0:2|1:1:0|0:0:0|2:0:1|0:0:0|0:0:0","0:0:0|0:0:0|0:0:0|0:0:0|0:0:0|0:0:0|0:0:0|1:1:0|0:0:0|2:0:1|2:0:2|0:0:0|1:1:0|0:0:0|1:2:1|2:0:1|0:0:0|3:3:0|1:1:0|1:2:0|1:1:0|1:1:0|0:0:0|1:1:0|1:2:0|0:0:0|1:1:0|0:0:0|3:3:1|2:0:1|1:2:1|0:0:0|2:1:2|1:2:0|0:0:0|2:0:2|4:0:3|1:1:0|2:0:2|2:0:1|2:0:1|2:0:2|2:0:2|2:0:2|1:1:0|0:0:0|2:0:1|0:0:0|0:0:0"
"7x7-p96","7x7-p96-uct-0100","100","1","44","0.687500","1","2","O60","HL","66","63","66","64","2","2","4","0","2","0","3","0","3","0:0:0|0:0:0|0:0:0|0:0:0|0:0:0|0:0:0|0:0:0|1:1:0|0:0:0|2:0:1|2:0:2|0:0:0|1:1:0|0:0:0|1:2:1|2:0:1|0:0:0|3:3:0|1:1:0|1:2:0|1:1:0|1:1:0|0:0:0|1:1:0|1:2:0|0:0:0|1:1:0|0:0:0|3:3:1|2:0:1|1:2:1|0:0:0|2:1:2|1:2:0|0:0:0|2:0:2|4:0:3|1:1:0|2:0:2|2:0:1|2:0:1|2:0:2|2:0:2|2:0:2|1:1:0|0:0:0|2:0:1|0:0:0|0:0:0","0:0:0|0:0:0|0:0:0|0:0:0|0:0:0|0:0:0|0:0:0|1:1:0|0:0:0|2:0:1|2:0:2|0:0:0|1:1:0|0:0:0|1:2:1|2:0:1|0:0:0|3:3:0|1:1:0|1:2:0|1:1:0|1:1:0|0:0:0|1:1:0|1:2:0|0:0:0|1:1:0|0:0:0|3:3:1|2:0:1|1:2:1|0:0:0|2:1:2|1:2:0|0:0:0|2:0:2|4:0:3|1:1:0|2:0:2|2:0:1|2:0:1|2:0:2|2:0:3|2:0:2|1:1:0|0:0:0|2:0:1|0:0:0|0:0:0","0:0:0|0:0:0|0:0:0|0:0:0|0:0:0|0:0:0|0:0:0|1:1:0|0:0:0|2:0:1|2:0:2|0:0:0|1:1:0|0:0:0|1:2:1|2:0:1|0:0:0|3:3:0|1:1:0|1:2:0|1:1:0|1:1:0|0:0:0|1:1:0|1:2:0|0:0:0|1:1:0|0:0:0|3:3:1|2:0:1|1:2:1|0:0:0|2:1:2|1:2:0|0:0:0|2:0:2|4:0:3|1:1:0|4:0:3|2:0:1|2:0:1|2:0:2|4:0:3|2:0:2|1:1:0|0:0:0|2:0:1|0:0:0|0:0:0"
"7x7-p96","7x7-p96-uct-0100","100","1","44","0.687500","2","2","O53","HM","66","64","66","65","2","2","4","0","2","0","3","0","3","0:0:0|0:0:0|0:0:0|0:0:0|0:0:0|0:0:0|0:0:0|1:1:0|0:0:0|2:0:1|2:0:2|0:0:0|1:1:0|0:0:0|1:2:1|2:0:1|0:0:0|3:3:0|1:1:0|1:2:0|1:1:0|1:1:0|0:0:0|1:1:0|1:2:0|0:0:0|1:1:0|0:0:0|3:3:1|2:0:1|1:2:1|0:0:0|2:1:2|1:2:0|0:0:0|2:0:2|4:0:3|1:1:0|2:0:2|2:0:1|2:0:1|2:0:2|2:0:3|2:0:2|1:1:0|0:0:0|2:0:1|0:0:0|0:0:0","0:0:0|0:0:0|0:0:0|0:0:0|0:0:0|0:0:0|0:0:0|1:1:0|0:0:0|2:0:1|2:0:2|0:0:0|1:1:0|0:0:0|1:2:1|2:0:1|0:0:0|3:3:0|1:1:0|1:2:0|1:1:0|1:1:0|0:0:0|1:1:0|1:2:0|0:0:0|1:1:0|0:0:0|3:3:1|2:0:1|1:2:1|0:0:0|2:1:2|1:2:0|0:0:0|2:0:2|4:0:3|1:1:0|2:0:3|2:0:1|2:0:1|2:0:2|2:0:3|2:0:2|1:1:0|0:0:0|2:0:1|0:0:0|0:0:0","0:0:0|0:0:0|0:0:0|0:0:0|0:0:0|0:0:0|0:0:0|1:1:0|0:0:0|2:0:1|2:0:2|0:0:0|1:1:0|0:0:0|1:2:1|2:0:1|0:0:0|3:3:0|1:1:0|1:2:0|1:1:0|1:1:0|0:0:0|1:1:0|1:2:0|0:0:0|1:1:0|0:0:0|3:3:1|2:0:1|1:2:1|0:0:0|2:1:2|1:2:0|0:0:0|2:0:2|4:0:3|1:1:0|4:0:3|2:0:1|2:0:1|2:0:2|4:0:3|2:0:2|1:1:0|0:0:0|2:0:1|0:0:0|0:0:0"
"7x7-p96","7x7-p96-uct-0100","100","1","45","0.703125","2","1","O30","ML","67","66","68","66","1","1","1","1","0","2","0","2","0","0:0:0|0:0:0|0:0:0|0:0:0|0:0:0|0:0:0|0:0:0|1:1:0|0:0:0|2:0:1|2:0:2|0:0:0|1:1:0|0:0:0|1:2:1|2:0:1|0:0:0|3:3:0|1:1:0|1:2:0|1:1:0|1:1:0|0:0:0|1:1:0|1:2:0|0:0:0|1:1:0|0:0:0|3:3:1|2:0:1|1:2:1|0:0:0|2:1:2|1:2:0|0:0:0|2:0:2|4:0:3|1:1:0|4:0:3|2:0:1|2:0:1|2:0:2|4:0:3|2:0:2|1:1:0|0:0:0|2:0:1|0:0:0|0:0:0","0:0:0|0:0:0|0:0:0|0:0:0|0:0:0|0:0:0|0:0:0|1:1:0|0:0:0|2:0:1|2:0:2|0:0:0|1:1:0|0:0:0|1:2:1|2:0:1|0:0:0|3:3:0|1:1:0|1:2:0|1:1:0|1:2:0|0:0:0|1:1:0|1:2:0|0:0:0|1:1:0|0:0:0|3:3:1|2:0:1|1:2:1|0:0:0|2:1:2|1:2:0|0:0:0|2:0:2|4:0:3|1:1:0|4:0:3|2:0:1|2:0:1|2:0:2|4:0:3|2:0:2|1:1:0|0:0:0|2:0:1|0:0:0|0:0:0","0:0:0|0:0:0|0:0:0|0:0:0|0:0:0|0:0:0|0:0:0|1:1:0|1:1:0|2:0:1|2:0:2|0:0:0|1:1:0|0:0:0|1:2:1|2:0:1|0:0:0|3:3:0|1:1:0|1:2:0|1:1:0|1:2:0|0:0:0|1:1:0|1:2:0|0:0:0|1:1:0|0:0:0|3:3:1|2:0:1|1:2:1|0:0:0|2:1:2|1:2:0|0:0:0|2:0:2|4:0:3|1:1:0|4:0:3|2:0:1|2:0:1|2:0:2|4:0:3|2:0:2|1:1:0|0:0:0|2:0:1|0:0:0|0:0:0"
"7x7-p96","7x7-p96-uct-0100","100","1","45","0.703125","3","1","O11","LL","68","66","69","66","0","1","1","0","0","1","0","1","0","0:0:0|0:0:0|0:0:0|0:0:0|0:0:0|0:0:0|0:0:0|1:1:0|0:0:0|2:0:1|2:0:2|0:0:0|1:1:0|0:0:0|1:2:1|2:0:1|0:0:0|3:3:0|1:1:0|1:2:0|1:1:0|1:2:0|0:0:0|1:1:0|1:2:0|0:0:0|1:1:0|0:0:0|3:3:1|2:0:1|1:2:1|0:0:0|2:1:2|1:2:0|0:0:0|2:0:2|4:0:3|1:1:0|4:0:3|2:0:1|2:0:1|2:0:2|4:0:3|2:0:2|1:1:0|0:0:0|2:0:1|0:0:0|0:0:0","0:0:0|0:0:0|0:0:0|0:0:0|0:0:0|0:0:0|0:0:0|1:1:0|1:1:0|2:0:1|2:0:2|0:0:0|1:1:0|0:0:0|1:2:1|2:0:1|0:0:0|3:3:0|1:1:0|1:2:0|1:1:0|1:2:0|0:0:0|1:1:0|1:2:0|0:0:0|1:1:0|0:0:0|3:3:1|2:0:1|1:2:1|0:0:0|2:1:2|1:2:0|0:0:0|2:0:2|4:0:3|1:1:0|4:0:3|2:0:1|2:0:1|2:0:2|4:0:3|2:0:2|1:1:0|0:0:0|2:0:1|0:0:0|0:0:0","0:0:0|0:0:0|0:0:0|0:0:0|0:0:0|0:0:0|0:0:0|1:1:0|1:1:0|2:0:1|2:0:2|0:0:0|1:1:0|0:0:0|1:2:1|2:0:1|0:0:0|3:3:0|1:1:0|1:2:0|1:1:0|1:2:0|0:0:0|1:1:0|1:2:0|0:0:0|1:1:0|0:0:0|3:3:1|2:0:1|1:2:1|0:0:0|2:1:2|1:2:0|0:0:0|2:0:2|4:0:3|1:1:0|4:0:3|2:0:1|2:0:1|2:0:2|4:0:3|2:0:2|1:1:0|0:0:0|2:0:1|0:0:0|0:0:0"
"7x7-p96","7x7-p96-uct-0100","100","1","46","0.718750","3","2","O64","HM","69","68","69","69","2","2","2","0","1","0","2","0","2","0:0:0|0:0:0|0:0:0|0:0:0|0:0:0|0:0:0|0:0:0|1:1:0|1:1:0|2:0:1|2:0:2|0:0:0|1:1:0|0:0:0|1:2:1|2:0:1|0:0:0|3:3:0|1:1:0|1:2:0|1:1:0|1:2:0|0:0:0|1:1:0|1:2:0|0:0:0|1:1:0|0:0:0|3:3:1|2:0:1|1:2:1|0:0:0|2:1:2|1:2:0|0:0:0|2:0:2|4:0:3|1:1:0|4:0:3|2:0:1|2:0:1|2:0:2|4:0:3|2:0:2|1:1:0|0:0:0|2:0:1|0:0:0|0:0:0","0:0:0|0:0:0|0:0:0|0:0:0|0:0:0|0:0:0|0:0:0|1:1:0|1:1:0|2:0:1|2:0:2|0:0:0|1:1:0|0:0:0|1:2:1|2:0:1|0:0:0|3:3:0|1:1:0|1:2:0|1:1:0|1:2:0|0:0:0|1:1:0|1:2:0|0:0:0|1:1:0|0:0:0|3:3:1|2:0:1|1:2:1|0:0:0|2:1:2|1:2:0|0:0:0|2:0:2|4:0:3|1:1:0|4:0:3|2:0:1|2:0:1|2:0:2|4:0:3|2:0:2|1:1:0|0:0:0|2:0:2|0:0:0|0:0:0","0:0:0|0:0:0|0:0:0|0:0:0|0:0:0|0:0:0|0:0:0|1:1:0|1:1:0|2:0:1|2:0:2|0:0:0|1:1:0|0:0:0|1:2:1|2:0:1|0:0:0|3:3:0|1:1:0|1:2:0|1:1:0|1:2:0|0:0:0|1:1:0|1:2:0|0:0:0|1:1:0|0:0:0|3:3:1|2:0:1|1:2:1|0:0:0|2:1:2|1:2:0|0:0:0|2:0:2|4:0:3|1:1:0|4:0:3|2:0:1|2:0:1|2:0:2|4:0:3|2:0:2|1:1:0|0:0:0|2:0:2|0:0:0|0:0:0"
"7x7-p96","7x7-p96-uct-0100","100","1","47","0.734375","2","1","O20","ML","70","69","71","69","1","1","3","2","1","3","1","3","1","0:0:0|0:0:0|0:0:0|0:0:0|0:0:0|0:0:0|0:0:0|1:1:0|1:1:0|2:0:1|2:0:2|0:0:0|1:1:0|0:0:0|1:2:1|2:0:1|0:0:0|3:3:0|1:1:0|1:2:0|1:1:0|1:2:0|0:0:0|1:1:0|1:2:0|0:0:0|1:1:0|0:0:0|3:3:1|2:0:1|1:2:1|0:0:0|2:1:2|1:2:0|0:0:0|2:0:2|4:0:3|1:1:0|4:0:3|2:0:1|2:0:1|2:0:2|4:0:3|2:0:2|1:1:0|0:0:0|2:0:2|0:0:0|0:0:0","0:0:0|0:0:0|0:0:0|0:0:0|0:0:0|0:0:0|0:0:0|1:1:0|1:1:0|2:0:1|2:0:2|0:0:0|1:1:0|0:0:0|1:3:1|2:0:1|0:0:0|3:3:0|1:1:0|1:2:0|1:1:0|1:2:0|0:0:0|1:1:0|1:2:0|0:0:0|1:1:0|0:0:0|3:3:1|2:0:1|1:2:1|0:0:0|2:1:2|1:2:0|0:0:0|2:0:2|4:0:3|1:1:0|4:0:3|2:0:1|2:0:1|2:0:2|4:0:3|2:0:2|1:1:0|0:0:0|2:0:2|0:0:0|0:0:0","0:0:0|0:0:0|0:0:0|0:0:0|0:0:0|0:0:0|0:0:0|1:1:0|1:1:0|2:0:1|2:0:2|0:0:0|1:1:0|0:0:0|3:3:1|2:0:1|0:0:0|3:3:0|1:1:0|3:3:0|1:1:0|1:2:0|0:0:0|1:1:0|1:2:0|0:0:0|1:1:0|0:0:0|3:3:1|2:0:1|1:2:1|0:0:0|2:1:2|1:2:0|0:0:0|2:0:2|4:0:3|1:1:0|4:0:3|2:0:1|2:0:1|2:0:2|4:0:3|2:0:2|1:1:0|0:0:0|2:0:2|0:0:0|0:0:0"
"7x7-p96","7x7-p96-uct-0100","100","1","47","0.734375","3","1","O25","MH","71","69","72","69","1","3","3","2","0","3","0","3","0","0:0:0|0:0:0|0:0:0|0:0:0|0:0:0|0:0:0|0:0:0|1:1:0|1:1:0|2:0:1|2:0:2|0:0:0|1:1:0|0:0:0|1:3:1|2:0:1|0:0:0|3:3:0|1:1:0|1:2:0|1:1:0|1:2:0|0:0:0|1:1:0|1:2:0|0:0:0|1:1:0|0:0:0|3:3:1|2:0:1|1:2:1|0:0:0|2:1:2|1:2:0|0:0:0|2:0:2|4:0:3|1:1:0|4:0:3|2:0:1|2:0:1|2:0:2|4:0:3|2:0:2|1:1:0|0:0:0|2:0:2|0:0:0|0:0:0","0:0:0|0:0:0|0:0:0|0:0:0|0:0:0|0:0:0|0:0:0|1:1:0|1:1:0|2:0:1|2:0:2|0:0:0|1:1:0|0:0:0|3:3:1|2:0:1|0:0:0|3:3:0|1:1:0|3:3:0|1:1:0|1:2:0|0:0:0|1:1:0|1:2:0|0:0:0|1:1:0|0:0:0|3:3:1|2:0:1|1:2:1|0:0:0|2:1:2|1:2:0|0:0:0|2:0:2|4:0:3|1:1:0|4:0:3|2:0:1|2:0:1|2:0:2|4:0:3|2:0:2|1:1:0|0:0:0|2:0:2|0:0:0|0:0:0","0:0:0|0:0:0|0:0:0|0:0:0|0:0:0|0:0:0|0:0:0|1:1:0|1:1:0|2:0:1|2:0:2|0:0:0|1:1:0|0:0:0|3:3:1|2:0:1|0:0:0|3:3:0|1:1:0|3:3:0|1:1:0|1:2:0|0:0:0|1:1:0|1:2:0|0:0:0|1:1:0|0:0:0|3:3:1|2:0:1|1:2:1|0:0:0|2:1:2|1:2:0|0:0:0|2:0:2|4:0:3|1:1:0|4:0:3|2:0:1|2:0:1|2:0:2|4:0:3|2:0:2|1:1:0|0:0:0|2:0:2|0:0:0|0:0:0"
"7x7-p96","7x7-p96-uct-0100","100","1","49","0.765625","2","1","O01","LL","73","72","74","72","0","0","1","0","0","1","0","1","0","0:0:0|0:0:0|0:0:0|0:0:0|0:0:0|0:0:0|0:0:0|1:1:0|1:1:0|2:0:1|2:0:2|0:0:0|1:1:0|0:0:0|3:3:1|2:0:1|0:0:0|3:3:0|1:1:0|3:3:0|1:1:0|1:2:0|0:0:0|1:1:0|1:2:0|0:0:0|1:1:0|0:0:0|3:3:1|2:0:1|1:2:1|0:0:0|2:1:2|1:2:0|0:0:0|2:0:2|4:0:3|1:1:0|4:0:3|2:0:1|2:0:1|2:0:2|4:0:3|2:0:2|1:1:0|0:0:0|2:0:2|0:0:0|0:0:0","0:0:0|0:1:0|0:0:0|0:0:0|0:0:0|0:0:0|0:0:0|1:1:0|1:1:0|2:0:1|2:0:2|0:0:0|1:1:0|0:0:0|3:3:1|2:0:1|0:0:0|3:3:0|1:1:0|3:3:0|1:1:0|1:2:0|0:0:0|1:1:0|1:2:0|0:0:0|1:1:0|0:0:0|3:3:1|2:0:1|1:2:1|0:0:0|2:1:2|1:2:0|0:0:0|2:0:2|4:0:3|1:1:0|4:0:3|2:0:1|2:0:1|2:0:2|4:0:3|2:0:2|1:1:0|0:0:0|2:0:2|0:0:0|0:0:0","0:0:0|1:1:0|0:0:0|0:0:0|0:0:0|0:0:0|0:0:0|1:1:0|1:1:0|2:0:1|2:0:2|0:0:0|1:1:0|0:0:0|3:3:1|2:0:1|0:0:0|3:3:0|1:1:0|3:3:0|1:1:0|1:2:0|0:0:0|1:1:0|1:2:0|0:0:0|1:1:0|0:0:0|3:3:1|2:0:1|1:2:1|0:0:0|2:1:2|1:2:0|0:0:0|2:0:2|4:0:3|1:1:0|4:0:3|2:0:1|2:0:1|2:0:2|4:0:3|2:0:2|1:1:0|0:0:0|2:0:2|0:0:0|0:0:0"
"7x7-p96","7x7-p96-uct-0100","100","1","50","0.781250","3","2","O02","LM","75","74","75","75","0","2","2","0","0","0","1","0","1","0:0:0|1:1:0|0:0:0|0:0:0|0:0:0|0:0:0|0:0:0|1:1:0|1:1:0|2:0:1|2:0:2|0:0:0|1:1:0|0:0:0|3:3:1|2:0:1|0:0:0|3:3:0|1:1:0|3:3:0|1:1:0|1:2:0|0:0:0|1:1:0|1:2:0|0:0:0|1:1:0|0:0:0|3:3:1|2:0:1|1:2:1|0:0:0|2:1:2|1:2:0|0:0:0|2:0:2|4:0:3|1:1:0|4:0:3|2:0:1|2:0:1|2:0:2|4:0:3|2:0:2|1:1:0|0:0:0|2:0:2|0:0:0|0:0:0","0:0:0|1:1:0|2:0:1|0:0:0|0:0:0|0:0:0|0:0:0|1:1:0|1:1:0|2:0:1|2:0:2|0:0:0|1:1:0|0:0:0|3:3:1|2:0:1|0:0:0|3:3:0|1:1:0|3:3:0|1:1:0|1:2:0|0:0:0|1:1:0|1:2:0|0:0:0|1:1:0|0:0:0|3:3:1|2:0:1|1:2:1|0:0:0|2:1:2|1:2:0|0:0:0|2:0:2|4:0:3|1:1:0|4:0:3|2:0:1|2:0:1|2:0:2|4:0:3|2:0:2|1:1:0|0:0:0|2:0:2|0:0:0|0:0:0","0:0:0|1:1:0|2:0:1|0:0:0|0:0:0|0:0:0|0:0:0|1:1:0|1:1:0|2:0:1|2:0:2|0:0:0|1:1:0|0:0:0|3:3:1|2:0:1|0:0:0|3:3:0|1:1:0|3:3:0|1:1:0|1:2:0|0:0:0|1:1:0|1:2:0|0:0:0|1:1:0|0:0:0|3:3:1|2:0:1|1:2:1|0:0:0|2:1:2|1:2:0|0:0:0|2:0:2|4:0:3|1:1:0|4:0:3|2:0:1|2:0:1|2:0:2|4:0:3|2:0:2|1:1:0|0:0:0|2:0:2|0:0:0|0:0:0"
"7x7-p96","7x7-p96-uct-0100","100","1","51","0.796875","3","1","O35","MH","77","75","78","75","1","1","1","1","0","2","0","2","0","0:0:0|1:1:0|2:0:1|0:0:0|0:0:0|0:0:0|0:0:0|1:1:0|1:1:0|2:0:1|2:0:2|0:0:0|1:1:0|0:0:0|3:3:1|2:0:1|0:0:0|3:3:0|1:1:0|3:3:0|1:1:0|1:2:0|0:0:0|1:1:0|1:2:0|0:0:0|1:1:0|0:0:0|3:3:1|2:0:1|1:2:1|0:0:0|2:1:2|1:2:0|0:0:0|2:0:2|4:0:3|1:1:0|4:0:3|2:0:1|2:0:1|2:0:2|4:0:3|2:0:2|1:1:0|0:0:0|2:0:2|0:0:0|0:0:0","0:0:0|1:1:0|2:0:1|0:0:0|0:0:0|0:0:0|0:0:0|1:1:0|1:1:0|2:0:1|2:0:2|0:0:0|1:1:0|0:0:0|3:3:1|2:0:1|0:0:0|3:3:0|1:1:0|3:3:0|1:1:0|1:2:0|0:0:0|1:1:0|1:2:0|0:0:0|1:2:0|0:0:0|3:3:1|2:0:1|1:2:1|0:0:0|2:1:2|1:2:0|0:0:0|2:0:2|4:0:3|1:1:0|4:0:3|2:0:1|2:0:1|2:0:2|4:0:3|2:0:2|1:1:0|0:0:0|2:0:2|0:0:0|0:0:0","0:0:0|1:1:0|2:0:1|0:0:0|0:0:0|0:0:0|0:0:0|1:1:0|1:1:0|2:0:1|2:0:2|0:0:0|1:1:0|0:0:0|3:3:1|2:0:1|0:0:0|3:3:0|1:1:0|3:3:0|1:1:0|1:2:0|0:0:0|1:1:0|1:2:0|0:0:0|1:2:0|0:0:0|3:3:1|2:0:1|1:2:1|0:0:0|2:1:2|1:2:0|0:0:0|2:0:2|4:0:3|1:1:0|4:0:3|2:0:1|2:0:1|2:0:2|4:0:3|2:0:2|1:1:0|0:0:0|2:0:2|0:0:0|0:0:0"
"7x7-p96","7x7-p96-uct-0100","100","1","52","0.812500","1","2","O64","HM","78","75","78","76","2","2","4","0","2","0","3","0","3","0:0:0|1:1:0|2:0:1|0:0:0|0:0:0|0:0:0|0:0:0|1:1:0|1:1:0|2:0:1|2:0:2|0:0:0|1:1:0|0:0:0|3:3:1|2:0:1|0:0:0|3:3:0|1:1:0|3:3:0|1:1:0|1:2:0|0:0:0|1:1:0|1:2:0|0:0:0|1:2:0|0:0:0|3:3:1|2:0:1|1:2:1|0:0:0|2:1:2|1:2:0|0:0:0|2:0:2|4:0:3|1:1:0|4:0:3|2:0:1|2:0:1|2:0:2|4:0:3|2:0:2|1:1:0|0:0:0|2:0:2|0:0:0|0:0:0","0:0:0|1:1:0|2:0:1|0:0:0|0:0:0|0:0:0|0:0:0|1:1:0|1:1:0|2:0:1|2:0:2|0:0:0|1:1:0|0:0:0|3:3:1|2:0:1|0:0:0|3:3:0|1:1:0|3:3:0|1:1:0|1:2:0|0:0:0|1:1:0|1:2:0|0:0:0|1:2:0|0:0:0|3:3:1|2:0:1|1:2:1|0:0:0|2:1:2|1:2:0|0:0:0|2:0:2|4:0:3|1:1:0|4:0:3|2:0:1|2:0:1|2:0:2|4:0:3|2:0:2|1:1:0|0:0:0|2:0:3|0:0:0|0:0:0","0:0:0|1:1:0|2:0:1|0:0:0|0:0:0|0:0:0|0:0:0|1:1:0|1:1:0|2:0:1|2:0:2|0:0:0|1:1:0|0:0:0|3:3:1|2:0:1|0:0:0|3:3:0|1:1:0|3:3:0|1:1:0|1:2:0|0:0:0|1:1:0|1:2:0|0:0:0|1:2:0|0:0:0|3:3:1|2:0:2|1:2:1|0:0:0|2:1:2|1:2:0|0:0:0|2:0:2|4:0:3|1:1:0|4:0:3|2:0:1|2:0:1|2:0:2|4:0:3|2:0:2|1:1:0|0:0:0|4:0:3|0:0:0|0:0:0"
"7x7-p96","7x7-p96-uct-0100","100","1","52","0.812500","3","2","O41","ML","78","77","78","78","2","2","2","0","1","0","2","0","2","0:0:0|1:1:0|2:0:1|0:0:0|0:0:0|0:0:0|0:0:0|1:1:0|1:1:0|2:0:1|2:0:2|0:0:0|1:1:0|0:0:0|3:3:1|2:0:1|0:0:0|3:3:0|1:1:0|3:3:0|1:1:0|1:2:0|0:0:0|1:1:0|1:2:0|0:0:0|1:2:0|0:0:0|3:3:1|2:0:1|1:2:1|0:0:0|2:1:2|1:2:0|0:0:0|2:0:2|4:0:3|1:1:0|4:0:3|2:0:1|2:0:1|2:0:2|4:0:3|2:0:2|1:1:0|0:0:0|2:0:3|0:0:0|0:0:0","0:0:0|1:1:0|2:0:1|0:0:0|0:0:0|0:0:0|0:0:0|1:1:0|1:1:0|2:0:1|2:0:2|0:0:0|1:1:0|0:0:0|3:3:1|2:0:1|0:0:0|3:3:0|1:1:0|3:3:0|1:1:0|1:2:0|0:0:0|1:1:0|1:2:0|0:0:0|1:2:0|0:0:0|3:3:1|2:0:2|1:2:1|0:0:0|2:1:2|1:2:0|0:0:0|2:0:2|4:0:3|1:1:0|4:0:3|2:0:1|2:0:1|2:0:2|4:0:3|2:0:2|1:1:0|0:0:0|4:0:3|0:0:0|0:0:0","0:0:0|1:1:0|2:0:1|0:0:0|0:0:0|0:0:0|0:0:0|1:1:0|1:1:0|2:0:1|2:0:2|0:0:0|1:1:0|0:0:0|3:3:1|2:0:1|0:0:0|3:3:0|1:1:0|3:3:0|1:1:0|1:2:0|0:0:0|1:1:0|1:2:0|0:0:0|1:2:0|0:0:0|3:3:1|2:0:2|1:2:1|0:0:0|2:1:2|1:2:0|0:0:0|2:0:2|4:0:3|1:1:0|4:0:3|2:0:1|2:0:1|2:0:2|4:0:3|2:0:2|1:1:0|0:0:0|4:0:3|0:0:0|0:0:0"
"7x7-p96","7x7-p96-uct-0100","100","1","53","0.828125","1","1","O15","LH","78","78","79","78","1","1","1","1","0","2","0","2","0","0:0:0|1:1:0|2:0:1|0:0:0|0:0:0|0:0:0|0:0:0|1:1:0|1:1:0|2:0:1|2:0:2|0:0:0|1:1:0|0:0:0|3:3:1|2:0:1|0:0:0|3:3:0|1:1:0|3:3:0|1:1:0|1:2:0|0:0:0|1:1:0|1:2:0|0:0:0|1:2:0|0:0:0|3:3:1|2:0:2|1:2:1|0:0:0|2:1:2|1:2:0|0:0:0|2:0:2|4:0:3|1:1:0|4:0:3|2:0:1|2:0:1|2:0:2|4:0:3|2:0:2|1:1:0|0:0:0|4:0:3|0:0:0|0:0:0","0:0:0|1:1:0|2:0:1|0:0:0|0:0:0|0:0:0|0:0:0|1:1:0|1:1:0|2:0:1|2:0:2|0:0:0|1:2:0|0:0:0|3:3:1|2:0:1|0:0:0|3:3:0|1:1:0|3:3:0|1:1:0|1:2:0|0:0:0|1:1:0|1:2:0|0:0:0|1:2:0|0:0:0|3:3:1|2:0:2|1:2:1|0:0:0|2:1:2|1:2:0|0:0:0|2:0:2|4:0:3|1:1:0|4:0:3|2:0:1|2:0:1|2:0:2|4:0:3|2:0:2|1:1:0|0:0:0|4:0:3|0:0:0|0:0:0","0:0:0|1:1:0|2:0:1|0:0:0|0:0:0|0:0:0|0:0:0|1:1:0|1:1:0|2:0:1|2:0:2|0:0:0|1:2:0|0:0:0|3:3:1|2:0:1|0:0:0|3:3:0|1:1:0|3:3:0|1:1:0|1:2:0|0:0:0|1:1:0|1:2:0|0:0:0|3:3:0|0:0:0|3:3:1|2:0:2|1:2:1|0:0:0|2:1:2|1:2:0|0:0:0|2:0:2|4:0:3|1:1:0|4:0:3|2:0:1|2:0:1|2:0:2|4:0:3|2:0:2|1:1:0|0:0:0|4:0:3|0:0:0|0:0:0"
"7x7-p96","7x7-p96-uct-0100","100","1","53","0.828125","2","1","O35","MH","79","78","80","78","1","1","3","2","0","3","0","3","0","0:0:0|1:1:0|2:0:1|0:0:0|0:0:0|0:0:0|0:0:0|1:1:0|1:1:0|2:0:1|2:0:2|0:0:0|1:2:0|0:0:0|3:3:1|2:0:1|0:0:0|3:3:0|1:1:0|3:3:0|1:1:0|1:2:0|0:0:0|1:1:0|1:2:0|0:0:0|1:2:0|0:0:0|3:3:1|2:0:2|1:2:1|0:0:0|2:1:2|1:2:0|0:0:0|2:0:2|4:0:3|1:1:0|4:0:3|2:0:1|2:0:1|2:0:2|4:0:3|2:0:2|1:1:0|0:0:0|4:0:3|0:0:0|0:0:0","0:0:0|1:1:0|2:0:1|0:0:0|0:0:0|0:0:0|0:0:0|1:1:0|1:1:0|2:0:1|2:0:2|0:0:0|1:2:0|0:0:0|3:3:1|2:0:1|0:0:0|3:3:0|1:1:0|3:3:0|1:1:0|1:2:0|0:0:0|1:1:0|1:2:0|0:0:0|1:3:0|0:0:0|3:3:1|2:0:2|1:2:1|0:0:0|2:1:2|1:2:0|0:0:0|2:0:2|4:0:3|1:1:0|4:0:3|2:0:1|2:0:1|2:0:2|4:0:3|2:0:2|1:1:0|0:0:0|4:0:3|0:0:0|0:0:0","0:0:0|1:1:0|2:0:1|0:0:0|0:0:0|0:0:0|0:0:0|1:1:0|1:1:0|2:0:1|2:0:2|0:0:0|1:2:0|0:0:0|3:3:1|2:0:1|0:0:0|3:3:0|1:1:0|3:3:0|1:1:0|1:2:0|0:0:0|1:1:0|1:2:0|0:0:0|3:3:0|0:0:0|3:3:1|2:0:2|1:2:1|0:0:0|2:1:2|1:2:0|0:0:0|2:0:2|4:0:3|1:1:0|4:0:3|2:0:1|2:0:1|2:0:2|4:0:3|2:0:2|1:1:0|0:0:0|4:0:3|0:0:0|0:0:0"
"7x7-p96","7x7-p96-uct-0100","100","1","54","0.843750","3","2","O42","MM","81","80","81","81","1","0","0","2","1","2","2","2","2","0:0:0|1:1:0|2:0:1|0:0:0|0:0:0|0:0:0|0:0:0|1:1:0|1:1:0|2:0:1|2:0:2|0:0:0|1:2:0|0:0:0|3:3:1|2:0:1|0:0:0|3:3:0|1:1:0|3:3:0|1:1:0|1:2:0|0:0:0|1:1:0|1:2:0|0:0:0|3:3:0|0:0:0|3:3:1|2:0:2|1:2:1|0:0:0|2:1:2|1:2:0|0:0:0|2:0:2|4:0:3|1:1:0|4:0:3|2:0:1|2:0:1|2:0:2|4:0:3|2:0:2|1:1:0|0:0:0|4:0:3|0:0:0|0:0:0","0:0:0|1:1:0|2:0:1|0:0:0|0:0:0|0:0:0|0:0:0|1:1:0|1:1:0|2:0:1|2:0:2|0:0:0|1:2:0|0:0:0|3:3:1|2:0:1|0:0:0|3:3:0|1:1:0|3:3:0|1:1:0|1:2:0|0:0:0|1:1:0|1:2:0|0:0:0|3:3:0|0:0:0|3:3:1|2:0:2|0:2:2|0:0:0|2:1:2|1:2:0|0:0:0|2:0:2|4:0:3|1:1:0|4:0:3|2:0:1|2:0:1|2:0:2|4:0:3|2:0:2|1:1:0|0:0:0|4:0:3|0:0:0|0:0:0","0:0:0|1:1:0|2:0:1|0:0:0|0:0:0|0:0:0|0:0:0|1:1:0|1:1:0|2:0:1|2:0:2|0:0:0|1:2:0|0:0:0|3:3:1|2:0:1|0:0:0|3:3:0|1:1:0|3:3:0|1:1:0|1:2:0|0:0:0|1:1:0|1:2:0|0:0:0|3:3:0|0:0:0|3:3:1|2:0:2|0:2:2|0:0:0|2:1:2|1:2:0|0:0:0|2:0:2|4:0:3|1:1:0|4:0:3|2:0:1|2:0:1|2:0:2|4:0:3|2:0:2|1:1:0|0:0:0|4:0:3|0:0:0|0:0:0"
"7x7-p96","7x7-p96-uct-0100","100","1","55","0.859375","2","1","O32","MM","82","81","83","81","1","1","1","1","0","2","0","2","0","0:0:0|1:1:0|2:0:1|0:0:0|0:0:0|0:0:0|0:0:0|1:1:0|1:1:0|2:0:1|2:0:2|0:0:0|1:2:0|0:0:0|3:3:1|2:0:1|0:0:0|3:3:0|1:1:0|3:3:0|1:1:0|1:2:0|0:0:0|1:1:0|1:2:0|0:0:0|3:3:0|0:0:0|3:3:1|2:0:2|0:2:2|0:0:0|2:1:2|1:2:0|0:0:0|2:0:2|4:0:3|1:1:0|4:0:3|2:0:1|2:0:1|2:0:2|4:0:3|2:0:2|1:1:0|0:0:0|4:0:3|0:0:0|0:0:0","0:0:0|1:1:0|2:0:1|0:0:0|0:0:0|0:0:0|0:0:0|1:1:0|1:1:0|2:0:1|2:0:2|0:0:0|1:2:0|0:0:0|3:3:1|2:0:1|0:0:0|3:3:0|1:1:0|3:3:0|1:1:0|1:2:0|0:0:0|1:2:0|1:2:0|0:0:0|3:3:0|0:0:0|3:3:1|2:0:2|0:2:2|0:0:0|2:1:2|1:2:0|0:0:0|2:0:2|4:0:3|1:1:0|4:0:3|2:0:1|2:0:1|2:0:2|4:0:3|2:0:2|1:1:0|0:0:0|4:0:3|0:0:0|0:0:0","0:0:0|1:1:0|2:0:1|0:0:0|0:0:0|0:0:0|0:0:0|1:1:0|1:1:0|2:0:1|2:0:2|0:0:0|1:2:0|0:0:0|3:3:1|2:0:1|0:0:0|3:3:0|1:1:0|3:3:0|1:1:0|3:3:0|0:0:0|1:2:0|1:2:0|0:0:0|3:3:0|0:0:0|3:3:1|2:0:2|0:2:2|0:0:0|2:1:2|1:2:0|0:0:0|2:0:2|4:0:3|1:1:0|4:0:3|2:0:1|2:0:1|2:0:2|4:0:3|2:0:2|1:1:0|0:0:0|4:0:3|0:0:0|0:0:0"
"7x7-p96","7x7-p96-uct-0100","100","1","55","0.859375","3","1","O30","ML","83","81","84","81","1","3","3","2","0","3","0","3","0","0:0:0|1:1:0|2:0:1|0:0:0|0:0:0|0:0:0|0:0:0|1:1:0|1:1:0|2:0:1|2:0:2|0:0:0|1:2:0|0:0:0|3:3:1|2:0:1|0:0:0|3:3:0|1:1:0|3:3:0|1:1:0|1:2:0|0:0:0|1:2:0|1:2:0|0:0:0|3:3:0|0:0:0|3:3:1|2:0:2|0:2:2|0:0:0|2:1:2|1:2:0|0:0:0|2:0:2|4:0:3|1:1:0|4:0:3|2:0:1|2:0:1|2:0:2|4:0:3|2:0:2|1:1:0|0:0:0|4:0:3|0:0:0|0:0:0","0:0:0|1:1:0|2:0:1|0:0:0|0:0:0|0:0:0|0:0:0|1:1:0|1:1:0|2:0:1|2:0:2|0:0:0|1:2:0|0:0:0|3:3:1|2:0:1|0:0:0|3:3:0|1:1:0|3:3:0|1:1:0|3:3:0|0:0:0|1:2:0|1:2:0|0:0:0|3:3:0|0:0:0|3:3:1|2:0:2|0:2:2|0:0:0|2:1:2|1:2:0|0:0:0|2:0:2|4:0:3|1:1:0|4:0:3|2:0:1|2:0:1|2:0:2|4:0:3|2:0:2|1:1:0|0:0:0|4:0:3|0:0:0|0:0:0","0:0:0|1:1:0|2:0:1|0:0:0|0:0:0|0:0:0|0:0:0|1:1:0|1:1:0|2:0:1|2:0:2|0:0:0|1:2:0|0:0:0|3:3:1|2:0:1|0:0:0|3:3:0|1:1:0|3:3:0|1:1:0|3:3:0|0:0:0|1:2:0|1:2:0|0:0:0|3:3:0|0:0:0|3:3:1|2:0:2|0:2:2|0:0:0|2:1:2|1:2:0|0:0:0|2:0:2|4:0:3|1:1:0|4:0:3|2:0:1|2:0:1|2:0:2|4:0:3|2:0:2|1:1:0|0:0:0|4:0:3|0:0:0|0:0:0"
"7x7-p96","7x7-p96-uct-0100","100","1","56","0.875000","1","2","O00","LL","84","81","84","82","0","0","2","0","0","0","1","0","1","0:0:0|1:1:0|2:0:1|0:0:0|0:0:0|0:0:0|0:0:0|1:1:0|1:1:0|2:0:1|2:0:2|0:0:0|1:2:0|0:0:0|3:3:1|2:0:1|0:0:0|3:3:0|1:1:0|3:3:0|1:1:0|3:3:0|0:0:0|1:2:0|1:2:0|0:0:0|3:3:0|0:0:0|3:3:1|2:0:2|0:2:2|0:0:0|2:1:2|1:2:0|0:0:0|2:0:2|4:0:3|1:1:0|4:0:3|2:0:1|2:0:1|2:0:2|4:0:3|2:0:2|1:1:0|0:0:0|4:0:3|0:0:0|0:0:0","0:0:1|1:1:0|2:0:1|0:0:0|0:0:0|0:0:0|0:0:0|1:1:0|1:1:0|2:0:1|2:0:2|0:0:0|1:2:0|0:0:0|3:3:1|2:0:1|0:0:0|3:3:0|1:1:0|3:3:0|1:1:0|3:3:0|0:0:0|1:2:0|1:2:0|0:0:0|3:3:0|0:0:0|3:3:1|2:0:2|0:2:2|0:0:0|2:1:2|1:2:0|0:0:0|2:0:2|4:0:3|1:1:0|4:0:3|2:0:1|2:0:1|2:0:2|4:0:3|2:0:2|1:1:0|0:0:0|4:0:3|0:0:0|0:0:0","2:0:1|1:1:0|2:0:1|0:0:0|0:0:0|0:0:0|0:0:0|1:1:0|1:1:0|2:0:1|4:0:3|0:0:0|1:2:0|0:0:0|3:3:1|2:0:1|0:0:0|3:3:0|1:1:0|3:3:0|1:1:0|3:3:0|0:0:0|1:2:0|1:2:0|0:0:0|3:3:0|0:0:0|3:3:1|2:0:2|0:2:2|0:0:0|2:1:2|1:2:0|0:0:0|2:0:2|4:0:3|1:1:0|4:0:3|2:0:1|2:0:1|2:0:2|4:0:3|4:0:3|1:1:0|0:0:0|4:0:3|0:0:0|0:0:0"
"7x7-p96","7x7-p96-uct-0100","100","1","56","0.875000","2","2","O13","LM","84","82","84","83","2","2","4","0","2","0","3","0","3","0:0:1|1:1:0|2:0:1|0:0:0|0:0:0|0:0:0|0:0:0|1:1:0|1:1:0|2:0:1|2:0:2|0:0:0|1:2:0|0:0:0|3:3:1|2:0:1|0:0:0|3:3:0|1:1:0|3:3:0|1:1:0|3:3:0|0:0:0|1:2:0|1:2:0|0:0:0|3:3:0|0:0:0|3:3:1|2:0:2|0:2:2|0:0:0|2:1:2|1:2:0|0:0:0|2:0:2|4:0:3|1:1:0|4:0:3|2:0:1|2:0:1|2:0:2|4:0:3|2:0:2|1:1:0|0:0:0|4:0:3|0:0:0|0:0:0","0:0:1|1:1:0|2:0:1|0:0:0|0:0:0|0:0:0|0:0:0|1:1:0|1:1:0|2:0:1|2:0:3|0:0:0|1:2:0|0:0:0|3:3:1|2:0:1|0:0:0|3:3:0|1:1:0|3:3:0|1:1:0|3:3:0|0:0:0|1:2:0|1:2:0|0:0:0|3:3:0|0:0:0|3:3:1|2:0:2|0:2:2|0:0:0|2:1:2|1:2:0|0:0:0|2:0:2|4:0:3|1:1:0|4:0:3|2:0:1|2:0:1|2:0:2|4:0:3|2:0:2|1:1:0|0:0:0|4:0:3|0:0:0|0:0:0","2:0:1|1:1:0|2:0:1|0:0:0|0:0:0|0:0:0|0:0:0|1:1:0|1:1:0|2:0:1|4:0:3|0:0:0|1:2:0|0:0:0|3:3:1|2:0:1|0:0:0|3:3:0|1:1:0|3:3:0|1:1:0|3:3:0|0:0:0|1:2:0|1:2:0|0:0:0|3:3:0|0:0:0|3:3:1|2:0:2|0:2:2|0:0:0|2:1:2|1:2:0|0:0:0|2:0:2|4:0:3|1:1:0|4:0:3|2:0:1|2:0:1|2:0:2|4:0:3|4:0:3|1:1:0|0:0:0|4:0:3|0:0:0|0:0:0"
"7x7-p96","7x7-p96-uct-0100","100","1","56","0.875000","3","2","O61","HL","84","83","84","84","2","4","4","0","2","0","3","0","3","0:0:1|1:1:0|2:0:1|0:0:0|0:0:0|0:0:0|0:0:0|1:1:0|1:1:0|2:0:1|2:0:3|0:0:0|1:2:0|0:0:0|3:3:1|2:0:1|0:0:0|3:3:0|1:1:0|3:3:0|1:1:0|3:3:0|0:0:0|1:2:0|1:2:0|0:0:0|3:3:0|0:0:0|3:3:1|2:0:2|0:2:2|0:0:0|2:1:2|1:2:0|0:0:0|2:0:2|4:0:3|1:1:0|4:0:3|2:0:1|2:0:1|2:0:2|4:0:3|2:0:2|1:1:0|0:0:0|4:0:3|0:0:0|0:0:0","2:0:1|1:1:0|2:0:1|0:0:0|0:0:0|0:0:0|0:0:0|1:1:0|1:1:0|2:0:1|4:0:3|0:0:0|1:2:0|0:0:0|3:3:1|2:0:1|0:0:0|3:3:0|1:1:0|3:3:0|1:1:0|3:3:0|0:0:0|1:2:0|1:2:0|0:0:0|3:3:0|0:0:0|3:3:1|2:0:2|0:2:2|0:0:0|2:1:2|1:2:0|0:0:0|2:0:2|4:0:3|1:1:0|4:0:3|2:0:1|2:0:1|2:0:2|4:0:3|4:0:3|1:1:0|0:0:0|4:0:3|0:0:0|0:0:0","2:0:1|1:1:0|2:0:1|0:0:0|0:0:0|0:0:0|0:0:0|1:1:0|1:1:0|2:0:1|4:0:3|0:0:0|1:2:0|0:0:0|3:3:1|2:0:1|0:0:0|3:3:0|1:1:0|3:3:0|1:1:0|3:3:0|0:0:0|1:2:0|1:2:0|0:0:0|3:3:0|0:0:0|3:3:1|2:0:2|0:2:2|0:0:0|2:1:2|1:2:0|0:0:0|2:0:2|4:0:3|1:1:0|4:0:3|2:0:1|2:0:1|2:0:2|4:0:3|4:0:3|1:1:0|0:0:0|4:0:3|0:0:0|0:0:0"
"7x7-p96","7x7-p96-uct-0100","100","1","57","0.890625","1","1","O10","LL","84","84","85","84","1","1","1","1","0","2","0","2","0","2:0:1|1:1:0|2:0:1|0:0:0|0:0:0|0:0:0|0:0:0|1:1:0|1:1:0|2:0:1|4:0:3|0:0:0|1:2:0|0:0:0|3:3:1|2:0:1|0:0:0|3:3:0|1:1:0|3:3:0|1:1:0|3:3:0|0:0:0|1:2:0|1:2:0|0:0:0|3:3:0|0:0:0|3:3:1|2:0:2|0:2:2|0:0:0|2:1:2|1:2:0|0:0:0|2:0:2|4:0:3|1:1:0|4:0:3|2:0:1|2:0:1|2:0:2|4:0:3|4:0:3|1:1:0|0:0:0|4:0:3|0:0:0|0:0:0","2:0:1|1:1:0|2:0:1|0:0:0|0:0:0|0:0:0|0:0:0|1:2:0|1:1:0|2:0:1|4:0:3|0:0:0|1:2:0|0:0:0|3:3:1|2:0:1|0:0:0|3:3:0|1:1:0|3:3:0|1:1:0|3:3:0|0:0:0|1:2:0|1:2:0|0:0:0|3:3:0|0:0:0|3:3:1|2:0:2|0:2:2|0:0:0|2:1:2|1:2:0|0:0:0|2:0:2|4:0:3|1:1:0|4:0:3|2:0:1|2:0:1|2:0:2|4:0:3|4:0:3|1:1:0|0:0:0|4:0:3|0:0:0|0:0:0","2:0:1|1:1:0|2:0:1|0:0:0|0:0:0|0:0:0|0:0:0|1:2:0|1:1:0|2:0:1|4:0:3|0:0:0|1:2:0|0:0:0|3:3:1|2:0:1|0:0:0|3:3:0|1:1:0|3:3:0|1:1:0|3:3:0|0:0:0|1:2:0|1:2:0|1:1:0|3:3:0|0:0:0|3:3:1|2:0:2|0:2:2|0:0:0|2:1:2|1:2:0|0:0:0|2:0:2|4:0:3|1:1:0|4:0:3|2:0:1|2:0:1|2:0:2|4:0:3|4:0:3|1:1:0|0:0:0|4:0:3|0:0:0|0:0:0"
"7x7-p96","7x7-p96-uct-0100","100","1","57","0.890625","2","1","O34","MM","85","84","86","84","0","0","1","0","0","1","0","1","0","2:0:1|1:1:0|2:0:1|0:0:0|0:0:0|0:0:0|0:0:0|1:2:0|1:1:0|2:0:1|4:0:3|0:0:0|1:2:0|0:0:0|3:3:1|2:0:1|0:0:0|3:3:0|1:1:0|3:3:0|1:1:0|3:3:0|0:0:0|1:2:0|1:2:0|0:0:0|3:3:0|0:0:0|3:3:1|2:0:2|0:2:2|0:0:0|2:1:2|1:2:0|0:0:0|2:0:2|4:0:3|1:1:0|4:0:3|2:0:1|2:0:1|2:0:2|4:0:3|4:0:3|1:1:0|0:0:0|4:0:3|0:0:0|0:0:0","2:0:1|1:1:0|2:0:1|0:0:0|0:0:0|0:0:0|0:0:0|1:2:0|1:1:0|2:0:1|4:0:3|0:0:0|1:2:0|0:0:0|3:3:1|2:0:1|0:0:0|3:3:0|1:1:0|3:3:0|1:1:0|3:3:0|0:0:0|1:2:0|1:2:0|0:1:0|3:3:0|0:0:0|3:3:1|2:0:2|0:2:2|0:0:0|2:1:2|1:2:0|0:0:0|2:0:2|4:0:3|1:1:0|4:0:3|2:0:1|2:0:1|2:0:2|4:0:3|4:0:3|1:1:0|0:0:0|4:0:3|0:0:0|0:0:0","2:0:1|1:1:0|2:0:1|0:0:0|0:0:0|0:0:0|0:0:0|1:2:0|1:1:0|2:0:1|4:0:3|0:0:0|1:2:0|0:0:0|3:3:1|2:0:1|0:0:0|3:3:0|1:1:0|3:3:0|1:1:0|3:3:0|0:0:0|1:2:0|1:2:0|1:1:0|3:3:0|0:0:0|3:3:1|2:0:2|0:2:2|0:0:0|2:1:2|1:2:0|0:0:0|2:0:2|4:0:3|1:1:0|4:0:3|2:0:1|2:0:1|2:0:2|4:0:3|4:0:3|1:1:0|0:0:0|4:0:3|0:0:0|0:0:0"
"7x7-p96","7x7-p96-uct-0100","100","1","58","0.906250","1","2","O02","LM","87","84","87","85","2","2","2","0","1","0","2","0","2","2:0:1|1:1:0|2:0:1|0:0:0|0:0:0|0:0:0|0:0:0|1:2:0|1:1:0|2:0:1|4:0:3|0:0:0|1:2:0|0:0:0|3:3:1|2:0:1|0:0:0|3:3:0|1:1:0|3:3:0|1:1:0|3:3:0|0:0:0|1:2:0|1:2:0|1:1:0|3:3:0|0:0:0|3:3:1|2:0:2|0:2:2|0:0:0|2:1:2|1:2:0|0:0:0|2:0:2|4:0:3|1:1:0|4:0:3|2:0:1|2:0:1|2:0:2|4:0:3|4:0:3|1:1:0|0:0:0|4:0:3|0:0:0|0:0:0","2:0:1|1:1:0|2:0:2|0:0:0|0:0:0|0:0:0|0:0:0|1:2:0|1:1:0|2:0:1|4:0:3|0:0:0|1:2:0|0:0:0|3:3:1|2:0:1|0:0:0|3:3:0|1:1:0|3:3:0|1:1:0|3:3:0|0:0:0|1:2:0|1:2:0|1:1:0|3:3:0|0:0:0|3:3:1|2:0:2|0:2:2|0:0:0|2:1:2|1:2:0|0:0:0|2:0:2|4:0:3|1:1:0|4:0:3|2:0:1|2:0:1|2:0:2|4:0:3|4:0:3|1:1:0|0:0:0|4:0:3|0:0:0|0:0:0","2:0:1|1:1:0|2:0:2|0:0:0|0:0:0|0:0:0|0:0:0|1:2:0|1:1:0|2:0:1|4:0:3|2:0:1|1:2:0|0:0:0|3:3:1|2:0:1|0:0:0|3:3:0|1:1:0|3:3:0|1:1:0|3:3:0|0:0:0|1:2:0|1:2:0|1:1:0|3:3:0|0:0:0|3:3:1|2:0:2|0:2:2|0:0:0|4:1:3|1:2:0|0:0:0|2:0:2|4:0:3|1:1:0|4:0:3|2:0:1|2:0:1|2:0:2|4:0:3|4:0:3|1:1:0|0:0:0|4:0:3|0:0:0|0:0:0"
"7x7-p96","7x7-p96-uct-0100","100","1","58","0.906250","2","2","O14","LM","87","85","87","86","0","0","2","0","0","0","1","0","1","2:0:1|1:1:0|2:0:2|0:0:0|0:0:0|0:0:0|0:0:0|1:2:0|1:1:0|2:0:1|4:0:3|0:0:0|1:2:0|0:0:0|3:3:1|2:0:1|0:0:0|3:3:0|1:1:0|3:3:0|1:1:0|3:3:0|0:0:0|1:2:0|1:2:0|1:1:0|3:3:0|0:0:0|3:3:1|2:0:2|0:2:2|0:0:0|2:1:2|1:2:0|0:0:0|2:0:2|4:0:3|1:1:0|4:0:3|2:0:1|2:0:1|2:0:2|4:0:3|4:0:3|1:1:0|0:0:0|4:0:3|0:0:0|0:0:0","2:0:1|1:1:0|2:0:2|0:0:0|0:0:0|0:0:0|0:0:0|1:2:0|1:1:0|2:0:1|4:0:3|0:0:1|1:2:0|0:0:0|3:3:1|2:0:1|0:0:0|3:3:0|1:1:0|3:3:0|1:1:0|3:3:0|0:0:0|1:2:0|1:2:0|1:1:0|3:3:0|0:0:0|3:3:1|2:0:2|0:2:2|0:0:0|2:1:2|1:2:0|0:0:0|2:0:2|4:0:3|1:1:0|4:0:3|2:0:1|2:0:1|2:0:2|4:0:3|4:0:3|1:1:0|0:0:0|4:0:3|0:0:0|0:0:0","2:0:1|1:1:0|2:0:2|0:0:0|0:0:0|0:0:0|0:0:0|1:2:0|1:1:0|2:0:1|4:0:3|2:0:1|1:2:0|0:0:0|3:3:1|2:0:1|0:0:0|3:3:0|1:1:0|3:3:0|1:1:0|3:3:0|0:0:0|1:2:0|1:2:0|1:1:0|3:3:0|0:0:0|3:3:1|2:0:2|0:2:2|0:0:0|4:1:3|1:2:0|0:0:0|2:0:2|4:0:3|1:1:0|4:0:3|2:0:1|2:0:1|2:0:2|4:0:3|4:0:3|1:1:0|0:0:0|4:0:3|0:0:0|0:0:0"
"7x7-p96","7x7-p96-uct-0100","100","1","58","0.906250","3","2","O44","MM","87","86","87","87","2","4","4","1","2","1","3","1","3","2:0:1|1:1:0|2:0:2|0:0:0|0:0:0|0:0:0|0:0:0|1:2:0|1:1:0|2:0:1|4:0:3|0:0:1|1:2:0|0:0:0|3:3:1|2:0:1|0:0:0|3:3:0|1:1:0|3:3:0|1:1:0|3:3:0|0:0:0|1:2:0|1:2:0|1:1:0|3:3:0|0:0:0|3:3:1|2:0:2|0:2:2|0:0:0|2:1:2|1:2:0|0:0:0|2:0:2|4:0:3|1:1:0|4:0:3|2:0:1|2:0:1|2:0:2|4:0:3|4:0:3|1:1:0|0:0:0|4:0:3|0:0:0|0:0:0","2:0:1|1:1:0|2:0:2|0:0:0|0:0:0|0:0:0|0:0:0|1:2:0|1:1:0|2:0:1|4:0:3|2:0:1|1:2:0|0:0:0|3:3:1|2:0:1|0:0:0|3:3:0|1:1:0|3:3:0|1:1:0|3:3:0|0:0:0|1:2:0|1:2:0|1:1:0|3:3:0|0:0:0|3:3:1|2:0:2|0:2:2|0:0:0|4:1:3|1:2:0|0:0:0|2:0:2|4:0:3|1:1:0|4:0:3|2:0:1|2:0:1|2:0:2|4:0:3|4:0:3|1:1:0|0:0:0|4:0:3|0:0:0|0:0:0","2:0:1|1:1:0|2:0:2|0:0:0|0:0:0|0:0:0|0:0:0|1:2:0|1:1:0|2:0:1|4:0:3|2:0:1|1:2:0|0:0:0|3:3:1|2:0:1|0:0:0|3:3:0|1:1:0|3:3:0|1:1:0|3:3:0|0:0:0|1:2:0|1:2:0|1:1:0|3:3:0|0:0:0|3:3:1|2:0:2|0:2:2|0:0:0|4:1:3|1:2:0|0:0:0|2:0:2|4:0:3|1:1:0|4:0:3|2:0:1|2:0:1|2:0:2|4:0:3|4:0:3|1:1:0|0:0:0|4:0:3|0:0:0|0:0:0"
"7x7-p96","7x7-p96-uct-0100","100","1","59","0.921875","1","1","O33","MM","87","87","88","87","1","1","3","2","0","3","0","3","0","2:0:1|1:1:0|2:0:2|0:0:0|0:0:0|0:0:0|0:0:0|1:2:0|1:1:0|2:0:1|4:0:3|2:0:1|1:2:0|0:0:0|3:3:1|2:0:1|0:0:0|3:3:0|1:1:0|3:3:0|1:1:0|3:3:0|0:0:0|1:2:0|1:2:0|1:1:0|3:3:0|0:0:0|3:3:1|2:0:2|0:2:2|0:0:0|4:1:3|1:2:0|0:0:0|2:0:2|4:0:3|1:1:0|4:0:3|2:0:1|2:0:1|2:0:2|4:0:3|4:0:3|1:1:0|0:0:0|4:0:3|0:0:0|0:0:0","2:0:1|1:1:0|2:0:2|0:0:0|0:0:0|0:0:0|0:0:0|1:2:0|1:1:0|2:0:1|4:0:3|2:0:1|1:2:0|0:0:0|3:3:1|2:0:1|0:0:0|3:3:0|1:1:0|3:3:0|1:1:0|3:3:0|0:0:0|1:2:0|1:3:0|1:1:0|3:3:0|0:0:0|3:3:1|2:0:2|0:2:2|0:0:0|4:1:3|1:2:0|0:0:0|2:0:2|4:0:3|1:1:0|4:0:3|2:0:1|2:0:1|2:0:2|4:0:3|4:0:3|1:1:0|0:0:0|4:0:3|0:0:0|0:0:0","2:0:1|1:1:0|2:0:2|0:0:0|0:0:0|0:0:0|0:0:0|1:2:0|1:1:0|2:0:1|4:0:3|2:0:1|1:2:0|0:0:0|3:3:1|2:0:1|0:0:0|3:3:0|1:1:0|3:3:0|1:2:0|3:3:0|0:0:0|1:2:0|3:3:0|1:1:0|3:3:0|0:0:0|3:3:1|2:0:2|0:2:2|0:0:0|4:1:3|1:2:0|0:0:0|2:0:2|4:0:3|1:1:0|4:0:3|2:0:1|2:0:1|2:0:2|4:0:3|4:0:3|1:2:0|0:0:0|4:0:3|0:0:0|0:0:0"
"7x7-p96","7x7-p96-uct-0100","100","1","59","0.921875","2","1","O26","MH","88","87","89","87","1","1","1","1","0","2","0","2","0","2:0:1|1:1:0|2:0:2|0:0:0|0:0:0|0:0:0|0:0:0|1:2:0|1:1:0|2:0:1|4:0:3|2:0:1|1:2:0|0:0:0|3:3:1|2:0:1|0:0:0|3:3:0|1:1:0|3:3:0|1:1:0|3:3:0|0:0:0|1:2:0|1:3:0|1:1:0|3:3:0|0:0:0|3:3:1|2:0:2|0:2:2|0:0:0|4:1:3|1:2:0|0:0:0|2:0:2|4:0:3|1:1:0|4:0:3|2:0:1|2:0:1|2:0:2|4:0:3|4:0:3|1:1:0|0:0:0|4:0:3|0:0:0|0:0:0","2:0:1|1:1:0|2:0:2|0:0:0|0:0:0|0:0:0|0:0:0|1:2:0|1:1:0|2:0:1|4:0:3|2:0:1|1:2:0|0:0:0|3:3:1|2:0:1|0:0:0|3:3:0|1:1:0|3:3:0|1:2:0|3:3:0|0:0:0|1:2:0|1:3:0|1:1:0|3:3:0|0:0:0|3:3:1|2:0:2|0:2:2|0:0:0|4:1:3|1:2:0|0:0:0|2:0:2|4:0:3|1:1:0|4:0:3|2:0:1|2:0:1|2:0:2|4:0:3|4:0:3|1:1:0|0:0:0|4:0:3|0:0:0|0:0:0","2:0:1|1:1:0|2:0:2|0:0:0|0:0:0|0:0:0|0:0:0|1:2:0|1:1:0|2:0:1|4:0:3|2:0:1|1:2:0|0:0:0|3:3:1|2:0:1|0:0:0|3:3:0|1:1:0|3:3:0|1:2:0|3:3:0|0:0:0|1:2:0|3:3:0|1:1:0|3:3:0|0:0:0|3:3:1|2:0:2|0:2:2|0:0:0|4:1:3|1:2:0|0:0:0|2:0:2|4:0:3|1:1:0|4:0:3|2:0:1|2:0:1|2:0:2|4:0:3|4:0:3|1:2:0|0:0:0|4:0:3|0:0:0|0:0:0"
"7x7-p96","7x7-p96-uct-0100","100","1","59","0.921875","3","1","O62","HM","89","87","90","87","1","1","1","1","0","2","0","2","0","2:0:1|1:1:0|2:0:2|0:0:0|0:0:0|0:0:0|0:0:0|1:2:0|1:1:0|2:0:1|4:0:3|2:0:1|1:2:0|0:0:0|3:3:1|2:0:1|0:0:0|3:3:0|1:1:0|3:3:0|1:2:0|3:3:0|0:0:0|1:2:0|1:3:0|1:1:0|3:3:0|0:0:0|3:3:1|2:0:2|0:2:2|0:0:0|4:1:3|1:2:0|0:0:0|2:0:2|4:0:3|1:1:0|4:0:3|2:0:1|2:0:1|2:0:2|4:0:3|4:0:3|1:1:0|0:0:0|4:0:3|0:0:0|0:0:0","2:0:1|1:1:0|2:0:2|0:0:0|0:0:0|0:0:0|0:0:0|1:2:0|1:1:0|2:0:1|4:0:3|2:0:1|1:2:0|0:0:0|3:3:1|2:0:1|0:0:0|3:3:0|1:1:0|3:3:0|1:2:0|3:3:0|0:0:0|1:2:0|3:3:0|1:1:0|3:3:0|0:0:0|3:3:1|2:0:2|0:2:2|0:0:0|4:1:3|1:2:0|0:0:0|2:0:2|4:0:3|1:1:0|4:0:3|2:0:1|2:0:1|2:0:2|4:0:3|4:0:3|1:2:0|0:0:0|4:0:3|0:0:0|0:0:0","2:0:1|1:1:0|2:0:2|0:0:0|0:0:0|0:0:0|0:0:0|1:2:0|1:1:0|2:0:1|4:0:3|2:0:1|1:2:0|0:0:0|3:3:1|2:0:1|0:0:0|3:3:0|1:1:0|3:3:0|1:2:0|3:3:0|0:0:0|1:2:0|3:3:0|1:1:0|3:3:0|0:0:0|3:3:1|2:0:2|0:2:2|0:0:0|4:1:3|1:2:0|0:0:0|2:0:2|4:0:3|1:1:0|4:0:3|2:0:1|2:0:1|2:0:2|4:0:3|4:0:3|1:2:0|0:0:0|4:0:3|0:0:0|0:0:0"
"7x7-p96","7x7-p96-uct-0100","100","1","60","0.937500","1","2","O56","HH","90","87","90","88","2","2","4","0","2","0","3","0","3","2:0:1|1:1:0|2:0:2|0:0:0|0:0:0|0:0:0|0:0:0|1:2:0|1:1:0|2:0:1|4:0:3|2:0:1|1:2:0|0:0:0|3:3:1|2:0:1|0:0:0|3:3:0|1:1:0|3:3:0|1:2:0|3:3:0|0:0:0|1:2:0|3:3:0|1:1:0|3:3:0|0:0:0|3:3:1|2:0:2|0:2:2|0:0:0|4:1:3|1:2:0|0:0:0|2:0:2|4:0:3|1:1:0|4:0:3|2:0:1|2:0:1|2:0:2|4:0:3|4:0:3|1:2:0|0:0:0|4:0:3|0:0:0|0:0:0","2:0:1|1:1:0|2:0:2|0:0:0|0:0:0|0:0:0|0:0:0|1:2:0|1:1:0|2:0:1|4:0:3|2:0:1|1:2:0|0:0:0|3:3:1|2:0:1|0:0:0|3:3:0|1:1:0|3:3:0|1:2:0|3:3:0|0:0:0|1:2:0|3:3:0|1:1:0|3:3:0|0:0:0|3:3:1|2:0:2|0:2:2|0:0:0|4:1:3|1:2:0|0:0:0|2:0:2|4:0:3|1:1:0|4:0:3|2:0:1|2:0:1|2:0:3|4:0:3|4:0:3|1:2:0|0:0:0|4:0:3|0:0:0|0:0:0","2:0:1|1:1:0|2:0:2|0:0:0|2:0:1|0:0:0|0:0:0|1:2:0|1:1:0|2:0:1|4:0:3|2:0:1|1:2:0|0:0:0|3:3:1|2:0:1|0:0:0|3:3:0|1:1:0|3:3:0|1:2:0|3:3:0|0:0:0|1:2:0|3:3:0|1:1:0|3:3:0|0:0:0|3:3:1|2:0:2|0:2:2|0:0:0|4:1:3|1:2:0|0:0:0|4:0:3|4:0:3|1:1:0|4:0:3|2:0:1|2:0:1|4:0:3|4:0:3|4:0:3|1:2:0|0:0:0|4:0:3|0:0:0|0:0:0"
"7x7-p96","7x7-p96-uct-0100","100","1","60","0.937500","2","2","O04","LM","90","88","90","89","0","0","2","0","0","0","1","0","1","2:0:1|1:1:0|2:0:2|0:0:0|0:0:0|0:0:0|0:0:0|1:2:0|1:1:0|2:0:1|4:0:3|2:0:1|1:2:0|0:0:0|3:3:1|2:0:1|0:0:0|3:3:0|1:1:0|3:3:0|1:2:0|3:3:0|0:0:0|1:2:0|3:3:0|1:1:0|3:3:0|0:0:0|3:3:1|2:0:2|0:2:2|0:0:0|4:1:3|1:2:0|0:0:0|2:0:2|4:0:3|1:1:0|4:0:3|2:0:1|2:0:1|2:0:3|4:0:3|4:0:3|1:2:0|0:0:0|4:0:3|0:0:0|0:0:0","2:0:1|1:1:0|2:0:2|0:0:0|0:0:1|0:0:0|0:0:0|1:2:0|1:1:0|2:0:1|4:0:3|2:0:1|1:2:0|0:0:0|3:3:1|2:0:1|0:0:0|3:3:0|1:1:0|3:3:0|1:2:0|3:3:0|0:0:0|1:2:0|3:3:0|1:1:0|3:3:0|0:0:0|3:3:1|2:0:2|0:2:2|0:0:0|4:1:3|1:2:0|0:0:0|2:0:2|4:0:3|1:1:0|4:0:3|2:0:1|2:0:1|2:0:3|4:0:3|4:0:3|1:2:0|0:0:0|4:0:3|0:0:0|0:0:0","2:0:1|1:1:0|2:0:2|0:0:0|2:0:1|0:0:0|0:0:0|1:2:0|1:1:0|2:0:1|4:0:3|2:0:1|1:2:0|0:0:0|3:3:1|2:0:1|0:0:0|3:3:0|1:1:0|3:3:0|1:2:0|3:3:0|0:0:0|1:2:0|3:3:0|1:1:0|3:3:0|0:0:0|3:3:1|2:0:2|0:2:2|0:0:0|4:1:3|1:2:0|0:0:0|4:0:3|4:0:3|1:1:0|4:0:3|2:0:1|2:0:1|4:0:3|4:0:3|4:0:3|1:2:0|0:0:0|4:0:3|0:0:0|0:0:0"
"7x7-p96","7x7-p96-uct-0100","100","1","60","0.937500","3","2","O50","HL","90","89","90","90","2","4","4","0","2","0","3","0","3","2:0:1|1:1:0|2:0:2|0:0:0|0:0:1|0:0:0|0:0:0|1:2:0|1:1:0|2:0:1|4:0:3|2:0:1|1:2:0|0:0:0|3:3:1|2:0:1|0:0:0|3:3:0|1:1:0|3:3:0|1:2:0|3:3:0|0:0:0|1:2:0|3:3:0|1:1:0|3:3:0|0:0:0|3:3:1|2:0:2|0:2:2|0:0:0|4:1:3|1:2:0|0:0:0|2:0:2|4:0:3|1:1:0|4:0:3|2:0:1|2:0:1|2:0:3|4:0:3|4:0:3|1:2:0|0:0:0|4:0:3|0:0:0|0:0:0","2:0:1|1:1:0|2:0:2|0:0:0|2:0:1|0:0:0|0:0:0|1:2:0|1:1:0|2:0:1|4:0:3|2:0:1|1:2:0|0:0:0|3:3:1|2:0:1|0:0:0|3:3:0|1:1:0|3:3:0|1:2:0|3:3:0|0:0:0|1:2:0|3:3:0|1:1:0|3:3:0|0:0:0|3:3:1|2:0:2|0:2:2|0:0:0|4:1:3|1:2:0|0:0:0|4:0:3|4:0:3|1:1:0|4:0:3|2:0:1|2:0:1|4:0:3|4:0:3|4:0:3|1:2:0|0:0:0|4:0:3|0:0:0|0:0:0","2:0:1|1:1:0|2:0:2|0:0:0|2:0:1|0:0:0|0:0:0|1:2:0|1:1:0|2:0:1|4:0:3|2:0:1|1:2:0|0:0:0|3:3:1|2:0:1|0:0:0|3:3:0|1:1:0|3:3:0|1:2:0|3:3:0|0:0:0|1:2:0|3:3:0|1:1:0|3:3:0|0:0:0|3:3:1|2:0:2|0:2:2|0:0:0|4:1:3|1:2:0|0:0:0|4:0:3|4:0:3|1:1:0|4:0:3|2:0:1|2:0:1|4:0:3|4:0:3|4:0:3|1:2:0|0:0:0|4:0:3|0:0:0|0:0:0"
"7x7-p96","7x7-p96-uct-0100","100","1","61","0.953125","1","1","O66","HH","90","90","91","90","0","0","1","0","0","1","0","1","0","2:0:1|1:1:0|2:0:2|0:0:0|2:0:1|0:0:0|0:0:0|1:2:0|1:1:0|2:0:1|4:0:3|2:0:1|1:2:0|0:0:0|3:3:1|2:0:1|0:0:0|3:3:0|1:1:0|3:3:0|1:2:0|3:3:0|0:0:0|1:2:0|3:3:0|1:1:0|3:3:0|0:0:0|3:3:1|2:0:2|0:2:2|0:0:0|4:1:3|1:2:0|0:0:0|4:0:3|4:0:3|1:1:0|4:0:3|2:0:1|2:0:1|4:0:3|4:0:3|4:0:3|1:2:0|0:0:0|4:0:3|0:0:0|0:0:0","2:0:1|1:1:0|2:0:2|0:0:0|2:0:1|0:0:0|0:0:0|1:2:0|1:1:0|2:0:1|4:0:3|2:0:1|1:2:0|0:0:0|3:3:1|2:0:1|0:0:0|3:3:0|1:1:0|3:3:0|1:2:0|3:3:0|0:0:0|1:2:0|3:3:0|1:1:0|3:3:0|0:0:0|3:3:1|2:0:2|0:2:2|0:0:0|4:1:3|1:2:0|0:0:0|4:0:3|4:0:3|1:1:0|4:0:3|2:0:1|2:0:1|4:0:3|4:0:3|4:0:3|1:2:0|0:0:0|4:0:3|0:0:0|0:1:0","2:0:1|1:1:0|2:0:2|0:0:0|2:0:1|0:0:0|0:0:0|3:3:0|1:1:0|2:0:1|4:0:3|2:0:1|1:2:0|0:0:0|3:3:1|2:0:1|0:0:0|3:3:0|1:1:0|3:3:0|1:2:0|3:3:0|0:0:0|1:2:0|3:3:0|1:1:0|3:3:0|0:0:0|3:3:1|2:0:2|3:3:2|0:0:0|4:1:3|1:2:0|0:0:0|4:0:3|4:0:3|1:1:0|4:0:3|2:0:1|2:0:1|4:0:3|4:0:3|4:0:3|1:2:0|0:0:0|4:0:3|0:0:0|1:1:0"
"7x7-p96","7x7-p96-uct-0100","100","1","61","0.953125","2","1","O42","MM","91","90","92","90","0","0","3","2","2","3","2","3","2","2:0:1|1:1:0|2:0:2|0:0:0|2:0:1|0:0:0|0:0:0|1:2:0|1:1:0|2:0:1|4:0:3|2:0:1|1:2:0|0:0:0|3:3:1|2:0:1|0:0:0|3:3:0|1:1:0|3:3:0|1:2:0|3:3:0|0:0:0|1:2:0|3:3:0|1:1:0|3:3:0|0:0:0|3:3:1|2:0:2|0:2:2|0:0:0|4:1:3|1:2:0|0:0:0|4:0:3|4:0:3|1:1:0|4:0:3|2:0:1|2:0:1|4:0:3|4:0:3|4:0:3|1:2:0|0:0:0|4:0:3|0:0:0|0:1:0","2:0:1|1:1:0|2:0:2|0:0:0|2:0:1|0:0:0|0:0:0|1:2:0|1:1:0|2:0:1|4:0:3|2:0:1|1:2:0|0:0:0|3:3:1|2:0:1|0:0:0|3:3:0|1:1:0|3:3:0|1:2:0|3:3:0|0:0:0|1:2:0|3:3:0|1:1:0|3:3:0|0:0:0|3:3:1|2:0:2|0:3:2|0:0:0|4:1:3|1:2:0|0:0:0|4:0:3|4:0:3|1:1:0|4:0:3|2:0:1|2:0:1|4:0:3|4:0:3|4:0:3|1:2:0|0:0:0|4:0:3|0:0:0|0:1:0","2:0:1|1:1:0|2:0:2|0:0:0|2:0:1|0:0:0|0:0:0|3:3:0|1:1:0|2:0:1|4:0:3|2:0:1|1:2:0|0:0:0|3:3:1|2:0:1|0:0:0|3:3:0|1:1:0|3:3:0|1:2:0|3:3:0|0:0:0|1:2:0|3:3:0|1:1:0|3:3:0|0:0:0|3:3:1|2:0:2|3:3:2|0:0:0|4:1:3|1:2:0|0:0:0|4:0:3|4:0:3|1:1:0|4:0:3|2:0:1|2:0:1|4:0:3|4:0:3|4:0:3|1:2:0|0:0:0|4:0:3|0:0:0|1:1:0"
"7x7-p96","7x7-p96-uct-0100","100","1","61","0.953125","3","1","O10","LL","92","90","93","90","1","3","3","2","0","3","0","3","0","2:0:1|1:1:0|2:0:2|0:0:0|2:0:1|0:0:0|0:0:0|1:2:0|1:1:0|2:0:1|4:0:3|2:0:1|1:2:0|0:0:0|3:3:1|2:0:1|0:0:0|3:3:0|1:1:0|3:3:0|1:2:0|3:3:0|0:0:0|1:2:0|3:3:0|1:1:0|3:3:0|0:0:0|3:3:1|2:0:2|0:3:2|0:0:0|4:1:3|1:2:0|0:0:0|4:0:3|4:0:3|1:1:0|4:0:3|2:0:1|2:0:1|4:0:3|4:0:3|4:0:3|1:2:0|0:0:0|4:0:3|0:0:0|0:1:0","2:0:1|1:1:0|2:0:2|0:0:0|2:0:1|0:0:0|0:0:0|3:3:0|1:1:0|2:0:1|4:0:3|2:0:1|1:2:0|0:0:0|3:3:1|2:0:1|0:0:0|3:3:0|1:1:0|3:3:0|1:2:0|3:3:0|0:0:0|1:2:0|3:3:0|1:1:0|3:3:0|0:0:0|3:3:1|2:0:2|3:3:2|0:0:0|4:1:3|1:2:0|0:0:0|4:0:3|4:0:3|1:1:0|4:0:3|2:0:1|2:0:1|4:0:3|4:0:3|4:0:3|1:2:0|0:0:0|4:0:3|0:0:0|1:1:0","2:0:1|1:1:0|2:0:2|0:0:0|2:0:1|0:0:0|0:0:0|3:3:0|1:1:0|2:0:1|4:0:3|2:0:1|1:2:0|0:0:0|3:3:1|2:0:1|0:0:0|3:3:0|1:1:0|3:3:0|1:2:0|3:3:0|0:0:0|1:2:0|3:3:0|1:1:0|3:3:0|0:0:0|3:3:1|2:0:2|3:3:2|0:0:0|4:1:3|1:2:0|0:0:0|4:0:3|4:0:3|1:1:0|4:0:3|2:0:1|2:0:1|4:0:3|4:0:3|4:0:3|1:2:0|0:0:0|4:0:3|0:0:0|1:1:0"
"7x7-p96","7x7-p96-uct-0100","100","1","62","0.968750","2","2","O02","LM","93","91","93","92","2","2","4","0","2","0","3","0","3","2:0:1|1:1:0|2:0:2|0:0:0|2:0:1|0:0:0|0:0:0|3:3:0|1:1:0|2:0:1|4:0:3|2:0:1|1:2:0|0:0:0|3:3:1|2:0:1|0:0:0|3:3:0|1:1:0|3:3:0|1:2:0|3:3:0|0:0:0|1:2:0|3:3:0|1:1:0|3:3:0|0:0:0|3:3:1|2:0:2|3:3:2|0:0:0|4:1:3|1:2:0|0:0:0|4:0:3|4:0:3|1:1:0|4:0:3|2:0:1|2:0:1|4:0:3|4:0:3|4:0:3|1:2:0|0:0:0|4:0:3|0:0:0|1:1:0","2:0:1|1:1:0|2:0:3|0:0:0|2:0:1|0:0:0|0:0:0|3:3:0|1:1:0|2:0:1|4:0:3|2:0:1|1:2:0|0:0:0|3:3:1|2:0:1|0:0:0|3:3:0|1:1:0|3:3:0|1:2:0|3:3:0|0:0:0|1:2:0|3:3:0|1:1:0|3:3:0|0:0:0|3:3:1|2:0:2|3:3:2|0:0:0|4:1:3|1:2:0|0:0:0|4:0:3|4:0:3|1:1:0|4:0:3|2:0:1|2:0:1|4:0:3|4:0:3|4:0:3|1:2:0|0:0:0|4:0:3|0:0:0|1:1:0","2:0:1|1:1:0|4:0:3|0:0:0|2:0:1|0:0:0|0:0:0|3:3:0|1:1:0|2:0:1|4:0:3|2:0:1|1:2:0|0:0:0|3:3:1|2:0:1|0:0:0|3:3:0|1:1:0|3:3:0|1:2:0|3:3:0|0:0:0|1:2:0|3:3:0|1:1:0|3:3:0|0:0:0|3:3:1|2:0:2|3:3:2|0:0:0|4:1:3|1:2:0|0:0:0|4:0:3|4:0:3|1:1:0|4:0:3|2:0:1|2:0:1|4:0:3|4:0:3|4:0:3|1:2:0|0:0:0|4:0:3|0:0:0|1:1:0"
"7x7-p96","7x7-p96-uct-0100","100","1","63","0.984375","1","1","O32","MM","93","93","94","93","1","1","3","2","0","3","0","3","0","2:0:1|1:1:0|4:0:3|0:0:0|2:0:1|0:0:0|0:0:0|3:3:0|1:1:0|2:0:1|4:0:3|2:0:1|1:2:0|0:0:0|3:3:1|2:0:1|0:0:0|3:3:0|1:1:0|3:3:0|1:2:0|3:3:0|0:0:0|1:2:0|3:3:0|1:1:0|3:3:0|0:0:0|3:3:1|2:0:2|3:3:2|0:0:0|4:1:3|1:2:0|0:0:0|4:0:3|4:0:3|1:1:0|4:0:3|2:0:1|2:0:1|4:0:3|4:0:3|4:0:3|1:2:0|0:0:0|4:0:3|0:0:0|1:1:0","2:0:1|1:1:0|4:0:3|0:0:0|2:0:1|0:0:0|0:0:0|3:3:0|1:1:0|2:0:1|4:0:3|2:0:1|1:2:0|0:0:0|3:3:1|2:0:1|0:0:0|3:3:0|1:1:0|3:3:0|1:2:0|3:3:0|0:0:0|1:3:0|3:3:0|1:1:0|3:3:0|0:0:0|3:3:1|2:0:2|3:3:2|0:0:0|4:1:3|1:2:0|0:0:0|4:0:3|4:0:3|1:1:0|4:0:3|2:0:1|2:0:1|4:0:3|4:0:3|4:0:3|1:2:0|0:0:0|4:0:3|0:0:0|1:1:0","2:0:1|1:2:0|4:0:3|0:0:0|2:0:1|0:0:0|0:0:0|3:3:0|1:1:0|2:0:1|4:0:3|2:0:1|1:2:0|0:0:0|3:3:1|2:0:1|0:0:0|3:3:0|1:1:0|3:3:0|1:2:0|3:3:0|0:0:0|3:3:0|3:3:0|1:1:0|3:3:0|0:0:0|3:3:1|2:0:2|3:3:2|0:0:0|4:1:3|1:2:0|0:0:0|4:0:3|4:0:3|1:1:0|4:0:3|2:0:1|2:0:1|4:0:3|4:0:3|4:0:3|1:2:0|0:0:0|4:0:3|0:0:0|1:1:0"
"7x7-p96","7x7-p96-uct-0100","100","1","63","0.984375","3","1","O01","LL","95","93","96","93","1","1","1","1","0","2","0","2","0","2:0:1|1:1:0|4:0:3|0:0:0|2:0:1|0:0:0|0:0:0|3:3:0|1:1:0|2:0:1|4:0:3|2:0:1|1:2:0|0:0:0|3:3:1|2:0:1|0:0:0|3:3:0|1:1:0|3:3:0|1:2:0|3:3:0|0:0:0|1:3:0|3:3:0|1:1:0|3:3:0|0:0:0|3:3:1|2:0:2|3:3:2|0:0:0|4:1:3|1:2:0|0:0:0|4:0:3|4:0:3|1:1:0|4:0:3|2:0:1|2:0:1|4:0:3|4:0:3|4:0:3|1:2:0|0:0:0|4:0:3|0:0:0|1:1:0","2:0:1|1:2:0|4:0:3|0:0:0|2:0:1|0:0:0|0:0:0|3:3:0|1:1:0|2:0:1|4:0:3|2:0:1|1:2:0|0:0:0|3:3:1|2:0:1|0:0:0|3:3:0|1:1:0|3:3:0|1:2:0|3:3:0|0:0:0|3:3:0|3:3:0|1:1:0|3:3:0|0:0:0|3:3:1|2:0:2|3:3:2|0:0:0|4:1:3|1:2:0|0:0:0|4:0:3|4:0:3|1:1:0|4:0:3|2:0:1|2:0:1|4:0:3|4:0:3|4:0:3|1:2:0|0:0:0|4:0:3|0:0:0|1:1:0","2:0:1|1:2:0|4:0:3|0:0:0|2:0:1|0:0:0|0:0:0|3:3:0|1:1:0|2:0:1|4:0:3|2:0:1|1:2:0|0:0:0|3:3:1|2:0:1|0:0:0|3:3:0|1:1:0|3:3:0|1:2:0|3:3:0|0:0:0|3:3:0|3:3:0|1:1:0|3:3:0|0:0:0|3:3:1|2:0:2|3:3:2|0:0:0|4:1:3|1:2:0|0:0:0|4:0:3|4:0:3|1:1:0|4:0:3|2:0:1|2:0:1|4:0:3|4:0:3|4:0:3|1:2:0|0:0:0|4:0:3|0:0:0|1:1:0"
"7x7-p96","7x7-p96-uct-0100","100","1","64","1.000000","1","2","O41","ML","96","93","96","94","2","2","4","0","2","0","3","0","3","2:0:1|1:2:0|4:0:3|0:0:0|2:0:1|0:0:0|0:0:0|3:3:0|1:1:0|2:0:1|4:0:3|2:0:1|1:2:0|0:0:0|3:3:1|2:0:1|0:0:0|3:3:0|1:1:0|3:3:0|1:2:0|3:3:0|0:0:0|3:3:0|3:3:0|1:1:0|3:3:0|0:0:0|3:3:1|2:0:2|3:3:2|0:0:0|4:1:3|1:2:0|0:0:0|4:0:3|4:0:3|1:1:0|4:0:3|2:0:1|2:0:1|4:0:3|4:0:3|4:0:3|1:2:0|0:0:0|4:0:3|0:0:0|1:1:0","2:0:1|1:2:0|4:0:3|0:0:0|2:0:1|0:0:0|0:0:0|3:3:0|1:1:0|2:0:1|4:0:3|2:0:1|1:2:0|0:0:0|3:3:1|2:0:1|0:0:0|3:3:0|1:1:0|3:3:0|1:2:0|3:3:0|0:0:0|3:3:0|3:3:0|1:1:0|3:3:0|0:0:0|3:3:1|2:0:3|3:3:2|0:0:0|4:1:3|1:2:0|0:0:0|4:0:3|4:0:3|1:1:0|4:0:3|2:0:1|2:0:1|4:0:3|4:0:3|4:0:3|1:2:0|0:0:0|4:0:3|0:0:0|1:1:0","2:0:1|1:2:0|4:0:3|0:0:0|2:0:1|0:0:0|0:0:0|3:3:0|1:1:0|2:0:1|4:0:3|2:0:1|1:2:0|0:0:0|3:3:1|2:0:1|0:0:0|3:3:0|1:1:0|3:3:0|1:2:0|3:3:0|0:0:0|3:3:0|3:3:0|1:1:0|3:3:0|0:0:0|3:3:1|4:0:3|3:3:2|0:0:0|4:1:3|1:2:0|0:0:0|4:0:3|4:0:3|1:1:0|4:0:3|2:0:1|2:0:1|4:0:3|4:0:3|4:0:3|1:2:0|0:0:0|4:0:3|0:0:0|1:1:0"
"7x7-p96","7x7-p96-uct-0500","500","1","3","0.046875","2","1","O10","LL","4","3","5","3","0","0","1","0","0","1","0","1","0","0:0:0|0:0:0|0:0:0|0:0:0|0:0:0|0:0:0|0:0:0|0:0:0|0:0:0|0:0:0|0:0:0|0:0:0|0:0:0|0:0:0|0:0:0|0:0:0|0:0:0|0:0:0|0:0:0|0:0:0|0:0:0|0:0:0|0:0:0|0:0:0|0:0:0|0:0:0|0:0:0|0:0:0|0:0:0|0:0:0|0:0:0|0:0:0|0:0:0|0:0:0|0:0:0|0:0:0|0:0:0|0:0:0|0:0:0|0:0:0|0:0:0|0:0:0|0:0:0|0:0:0|0:0:0|0:0:0|0:0:0|0:0:0|0:0:0","0:0:0|0:0:0|0:0:0|0:0:0|0:0:0|0:0:0|0:0:0|0:1:0|0:0:0|0:0:0|0:0:0|0:0:0|0:0:0|0:0:0|0:0:0|0:0:0|0:0:0|0:0:0|0:0:0|0:0:0|0:0:0|0:0:0|0:0:0|0:0:0|0:0:0|0:0:0|0:0:0|0:0:0|0:0:0|0:0:0|0:0:0|0:0:0|0:0:0|0:0:0|0:0:0|0:0:0|0:0:0|0:0:0|0:0:0|0:0:0|0:0:0|0:0:0|0:0:0|0:0:0|0:0:0|0:0:0|0:0:0|0:0:0|0:0:0","0:0:0|0:0:0|0:0:0|0:0:0|0:0:0|0:0:0|0:0:0|1:1:0|0:0:0|0:0:0|0:0:0|0:0:0|0:0:0|0:0:0|0:0:0|0:0:0|0:0:0|0:0:0|0:0:0|0:0:0|0:0:0|0:0:0|0:0:0|0:0:0|0:0:0|0:0:0|0:0:0|0:0:0|0:0:0|0:0:0|0:0:0|0:0:0|0:0:0|0:0:0|0:0:0|0:0:0|0:0:0|0:0:0|0:0:0|0:0:0|0:0:0|0:0:0|0:0:0|0:0:0|0:0:0|0:0:0|0:0:0|0:0:0|0:0:0"
"7x7-p96","7x7-p96-uct-0500","500","1","8","0.125000","2","2","O30","ML","12","10","12","11","0","0","2","0","0","0","1","0","1","0:0:0|0:0:0|0:0:0|0:0:0|0:0:0|0:0:0|0:0:0|1:1:0|0:0:0|0:0:0|0:0:0|0:0:0|0:0:0|0:0:0|0:0:0|0:0:0|0:0:0|0:0:0|0:0:0|0:0:0|0:0:0|0:0:0|0:0:0|0:0:0|0:0:0|0:0:0|0:0:0|0:0:0|0:0:0|0:0:0|0:0:0|0:0:0|0:0:0|0:0:0|0:0:0|0:0:0|0:0:0|0:0:0|0:0:0|0:0:0|0:0:0|0:0:0|0:0:0|0:0:0|0:0:0|0:0:0|0:0:0|0:0:0|0:0:0","0:0:0|0:0:0|0:0:0|0:0:0|0:0:0|0:0:0|0:0:0|1:1:0|0:0:0|0:0:0|0:0:0|0:0:0|0:0:0|0:0:0|0:0:0|0:0:0|0:0:0|0:0:0|0:0:0|0:0:0|0:0:0|0:0:1|0:0:0|0:0:0|0:0:0|0:0:0|0:0:0|0:0:0|0:0:0|0:0:0|0:0:0|0:0:0|0:0:0|0:0:0|0:0:0|0:0:0|0:0:0|0:0:0|0:0:0|0:0:0|0:0:0|0:0:0|0:0:0|0:0:0|0:0:0|0:0:0|0:0:0|0:0:0|0:0:0","0:0:0|0:0:0|0:0:0|0:0:0|0:0:0|0:0:0|0:0:0|1:1:0|0:0:0|0:0:0|0:0:0|0:0:0|0:0:0|0:0:0|0:0:0|0:0:0|0:0:0|0:0:0|0:0:0|0:0:0|0:0:0|2:0:1|0:0:0|0:0:0|0:0:0|0:0:0|0:0:0|0:0:0|0:0:0|0:0:0|0:0:0|0:0:0|0:0:0|0:0:0|0:0:0|0:0:0|0:0:0|0:0:0|0:0:0|0:0:0|0:0:0|0:0:0|0:0:0|0:0:0|0:0:0|0:0:0|0:0:0|0:0:0|0:0:0"
"7x7-p96","7x7-p96-uct-0500","500","1","9","0.140625","1","1","O41","ML","12","12","13","12","0","0","1","0","0","1","0","1","0","0:0:0|0:0:0|0:0:0|0:0:0|0:0:0|0:0:0|0:0:0|1:1:0|0:0:0|0:0:0|0:0:0|0:0:0|0:0:0|0:0:0|0:0:0|0:0:0|0:0:0|0:0:0|0:0:0|0:0:0|0:0:0|2:0:1|0:0:0|0:0:0|0:0:0|0:0:0|0:0:0|0:0:0|0:0:0|0:0:0|0:0:0|0:0:0|0:0:0|0:0:0|0:0:0|0:0:0|0:0:0|0:0:0|0:0:0|0:0:0|0:0:0|0:0:0|0:0:0|0:0:0|0:0:0|0:0:0|0:0:0|0:0:0|0:0:0","0:0:0|0:0:0|0:0:0|0:0:0|0:0:0|0:0:0|0:0:0|1:1:0|0:0:0|0:0:0|0:0:0|0:0:0|0:0:0|0:0:0|0:0:0|0:0:0|0:0:0|0:0:0|0:0:0|0:0:0|0:0:0|2:0:1|0:0:0|0:0:0|0:0:0|0:0:0|0:0:0|0:0:0|0:0:0|0:1:0|0:0:0|0:0:0|0:0:0|0:0:0|0:0:0|0:0:0|0:0:0|0:0:0|0:0:0|0:0:0|0:0:0|0:0:0|0:0:0|0:0:0|0:0:0|0:0:0|0:0:0|0:0:0|0:0:0","0:0:0|0:0:0|0:0:0|0:0:0|0:0:0|0:0:0|0:0:0|1:1:0|0:0:0|0:0:0|0:0:0|0:0:0|0:0:0|0:0:0|0:0:0|0:0:0|0:0:0|0:0:0|0:0:0|0:0:0|0:0:0|2:0:1|0:0:0|0:0:0|0:0:0|0:0:0|0:0:0|0:0:0|0:0:0|1:1:0|0:0:0|0:0:0|0:0:0|0:0:0|0:0:0|0:0:0|0:0:0|0:0:0|0:0:0|0:0:0|0:0:0|0:0:0|0:0:0|0:0:0|0:0:0|0:0:0|0:0:0|0:0:0|0:0:0"
"7x7-p96","7x7-p96-uct-0500","500","1","11","0.171875","2","1","O41","ML","16","15","17","15","1","1","1","1","0","2","0","2","0","0:0:0|0:0:0|0:0:0|0:0:0|0:0:0|0:0:0|0:0:0|1:1:0|0:0:0|0:0:0|0:0:0|0:0:0|0:0:0|0:0:0|0:0:0|0:0:0|0:0:0|0:0:0|0:0:0|0:0:0|0:0:0|2:0:1|0:0:0|0:0:0|0:0:0|0:0:0|0:0:0|0:0:0|0:0:0|1:1:0|0:0:0|0:0:0|0:0:0|0:0:0|0:0:0|0:0:0|0:0:0|0:0:0|0:0:0|0:0:0|0:0:0|0:0:0|0:0:0|0:0:0|0:0:0|0:0:0|0:0:0|0:0:0|0:0:0","0:0:0|0:0:0|0:0:0|0:0:0|0:0:0|0:0:0|0:0:0|1:1:0|0:0:0|0:0:0|0:0:0|0:0:0|0:0:0|0:0:0|0:0:0|0:0:0|0:0:0|0:0:0|0:0:0|0:0:0|0:0:0|2:0:1|0:0:0|0:0:0|0:0:0|0:0:0|0:0:0|0:0:0|0:0:0|1:2:0|0:0:0|0:0:0|0:0:0|0:0:0|0:0:0|0:0:0|0:0:0|0:0:0|0:0:0|0:0:0|0:0:0|0:0:0|0:0:0|0:0:0|0:0:0|0:0:0|0:0:0|0:0:0|0:0:0","0:0:0|0:0:0|0:0:0|0:0:0|0:0:0|0:0:0|0:0:0|1:1:0|0:0:0|0:0:0|0:0:0|0:0:0|0:0:0|0:0:0|0:0:0|0:0:0|0:0:0|0:0:0|0:0:0|0:0:0|0:0:0|2:0:1|0:0:0|0:0:0|0:0:0|0:0:0|0:0:0|1:1:0|0:0:0|1:2:0|0:0:0|0:0:0|0:0:0|0:0:0|0:0:0|0:0:0|0:0:0|0:0:0|0:0:0|0:0:0|0:0:0|0:0:0|0:0:0|0:0:0|0:0:0|0:0:0|0:0:0|0:0:0|0:0:0"
"7x7-p96","7x7-p96-uct-0500","500","1","11","0.171875","3","1","O36","MH","17","15","18","15","0","1","1","0","0","1","0","1","0","0:0:0|0:0:0|0:0:0|0:0:0|0:0:0|0:0:0|0:0:0|1:1:0|0:0:0|0:0:0|0:0:0|0:0:0|0:0:0|0:0:0|0:0:0|0:0:0|0:0:0|0:0:0|0:0:0|0:0:0|0:0:0|2:0:1|0:0:0|0:0:0|0:0:0|0:0:0|0:0:0|0:0:0|0:0:0|1:2:0|0:0:0|0:0:0|0:0:0|0:0:0|0:0:0|0:0:0|0:0:0|0:0:0|0:0:0|0:0:0|0:0:0|0:0:0|0:0:0|0:0:0|0:0:0|0:0:0|0:0:0|0:0:0|0:0:0","0:0:0|0:0:0|0:0:0|0:0:0|0:0:0|0:0:0|0:0:0|1:1:0|0:0:0|0:0:0|0:0:0|0:0:0|0:0:0|0:0:0|0:0:0|0:0:0|0:0:0|0:0:0|0:0:0|0:0:0|0:0:0|2:0:1|0:0:0|0:0:0|0:0:0|0:0:0|0:0:0|1:1:0|0:0:0|1:2:0|0:0:0|0:0:0|0:0:0|0:0:0|0:0:0|0:0:0|0:0:0|0:0:0|0:0:0|0:0:0|0:0:0|0:0:0|0:0:0|0:0:0|0:0:0|0:0:0|0:0:0|0:0:0|0:0:0","0:0:0|0:0:0|0:0:0|0:0:0|0:0:0|0:0:0|0:0:0|1:1:0|0:0:0|0:0:0|0:0:0|0:0:0|0:0:0|0:0:0|0:0:0|0:0:0|0:0:0|0:0:0|0:0:0|0:0:0|0:0:0|2:0:1|0:0:0|0:0:0|0:0:0|0:0:0|0:0:0|1:1:0|0:0:0|1:2:0|0:0:0|0:0:0|0:0:0|0:0:0|0:0:0|0:0:0|0:0:0|0:0:0|0:0:0|0:0:0|0:0:0|0:0:0|0:0:0|0:0:0|0:0:0|0:0:0|0:0:0|0:0:0|0:0:0"
"7x7-p96","7x7-p96-uct-0500","500","1","12","0.187500","3","2","O63","HM","18","17","18","18","0","2","2","0","0","0","1","0","1","0:0:0|0:0:0|0:0:0|0:0:0|0:0:0|0:0:0|0:0:0|1:1:0|0:0:0|0:0:0|0:0:0|0:0:0|0:0:0|0:0:0|0:0:0|0:0:0|0:0:0|0:0:0|0:0:0|0:0:0|0:0:0|2:0:1|0:0:0|0:0:0|0:0:0|0:0:0|0:0:0|1:1:0|0:0:0|1:2:0|0:0:0|0:0:0|0:0:0|0:0:0|0:0:0|0:0:0|0:0:0|0:0:0|0:0:0|0:0:0|0:0:0|0:0:0|0:0:0|0:0:0|0:0:0|0:0:0|0:0:0|0:0:0|0:0:0","0:0:0|0:0:0|0:0:0|0:0:0|0:0:0|0:0:0|0:0:0|1:1:0|0:0:0|0:0:0|0:0:0|0:0:0|0:0:0|0:0:0|0:0:0|0:0:0|0:0:0|0:0:0|0:0:0|0:0:0|0:0:0|2:0:1|0:0:0|0:0:0|0:0:0|0:0:0|0:0:0|1:1:0|0:0:0|1:2:0|0:0:0|0:0:0|0:0:0|0:0:0|0:0:0|0:0:0|0:0:0|0:0:0|0:0:0|0:0:0|0:0:0|0:0:0|0:0:0|0:0:0|0:0:0|2:0:1|0:0:0|0:0:0|0:0:0","0:0:0|0:0:0|0:0:0|0:0:0|0:0:0|0:0:0|0:0:0|1:1:0|0:0:0|0:0:0|0:0:0|0:0:0|0:0:0|0:0:0|0:0:0|0:0:0|0:0:0|0:0:0|0:0:0|0:0:0|0:0:0|2:0:1|0:0:0|0:0:0|0:0:0|0:0:0|0:0:0|1:1:0|0:0:0|1:2:0|0:0:0|0:0:0|0:0:0|0:0:0|0:0:0|0:0:0|0:0:0|0:0:0|0:0:0|0:0:0|0:0:0|0:0:0|0:0:0|0:0:0|0:0:0|2:0:1|0:0:0|0:0:0|0:0:0"
"7x7-p96","7x7-p96-uct-0500","500","1","13","0.203125","3","1","O42","MM","20","18","21","18","0","1","1","0","0","1","0","1","0","0:0:0|0:0:0|0:0:0|0:0:0|0:0:0|0:0:0|0:0:0|1:1:0|0:0:0|0:0:0|0:0:0|0:0:0|0:0:0|0:0:0|0:0:0|0:0:0|0:0:0|0:0:0|0:0:0|0:0:0|0:0:0|2:0:1|0:0:0|0:0:0|0:0:0|0:0:0|0:0:0|1:1:0|0:0:0|1:2:0|0:0:0|0:0:0|0:0:0|0:0:0|0:0:0|0:0:0|0:0:0|0:0:0|0:0:0|0:0:0|0:0:0|0:0:0|0:0:0|0:0:0|0:0:0|2:0:1|0:0:0|0:0:0|0:0:0","0:0:0|0:0:0|0:0:0|0:0:0|0:0:0|0:0:0|0:0:0|1:1:0|0:0:0|0:0:0|0:0:0|0:0:0|0:0:0|0:0:0|0:0:0|0:0:0|0:0:0|0:0:0|0:0:0|0:0:0|0:0:0|2:0:1|0:0:0|0:0:0|0:0:0|0:0:0|0:0:0|1:1:0|0:0:0|1:2:0|1:1:0|0:0:0|0:0:0|0:0:0|0:0:0|0:0:0|0:0:0|0:0:0|0:0:0|0:0:0|0:0:0|0:0:0|0:0:0|0:0:0|0:0:0|2:0:1|0:0:0|0:0:0|0:0:0","0:0:0|0:0:0|0:0:0|0:0:0|0:0:0|0:0:0|0:0:0|1:1:0|0:0:0|0:0:0|0:0:0|0:0:0|0:0:0|0:0:0|0:0:0|0:0:0|0:0:0|0:0:0|0:0:0|0:0:0|0:0:0|2:0:1|0:0:0|0:0:0|0:0:0|0:0:0|0:0:0|1:1:0|0:0:0|1:2:0|1:1:0|0:0:0|0:0:0|0:0:0|0:0:0|0:0:0|0:0:0|0:0:0|0:0:0|0:0:0|0:0:0|0:0:0|0:0:0|0:0:0|0:0:0|2:0:1|0:0:0|0:0:0|0:0:0"
"7x7-p96","7x7-p96-uct-0500","500","1","14","0.218750","1","2","O20","ML","21","18","21","19","0","0","2","0","0","0","1","0","1","0:0:0|0:0:0|0:0:0|0:0:0|0:0:0|0:0:0|0:0:0|1:1:0|0:0:0|0:0:0|0:0:0|0:0:0|0:0:0|0:0:0|0:0:0|0:0:0|0:0:0|0:0:0|0:0:0|0:0:0|0:0:0|2:0:1|0:0:0|0:0:0|0:0:0|0:0:0|0:0:0|1:1:0|0:0:0|1:2:0|1:1:0|0:0:0|0:0:0|0:0:0|0:0:0|0:0:0|0:0:0|0:0:0|0:0:0|0:0:0|0:0:0|0:0:0|0:0:0|0:0:0|0:0:0|2:0:1|0:0:0|0:0:0|0:0:0","0:0:0|0:0:0|0:0:0|0:0:0|0:0:0|0:0:0|0:0:0|1:1:0|0:0:0|0:0:0|0:0:0|0:0:0|0:0:0|0:0:0|0:0:1|0:0:0|0:0:0|0:0:0|0:0:0|0:0:0|0:0:0|2:0:1|0:0:0|0:0:0|0:0:0|0:0:0|0:0:0|1:1:0|0:0:0|1:2:0|1:1:0|0:0:0|0:0:0|0:0:0|0:0:0|0:0:0|0:0:0|0:0:0|0:0:0|0:0:0|0:0:0|0:0:0|0:0:0|0:0:0|0:0:0|2:0:1|0:0:0|0:0:0|0:0:0","0:0:0|0:0:0|0:0:0|0:0:0|0:0:0|0:0:0|0:0:0|1:1:0|0:0:0|0:0:0|0:0:0|0:0:0|0:0:0|0:0:0|2:0:1|0:0:0|0:0:0|0:0:0|0:0:0|0:0:0|0:0:0|2:0:1|0:0:0|0:0:0|0:0:0|0:0:0|0:0:0|1:1:0|0:0:0|1:2:0|1:1:0|0:0:0|0:0:0|0:0:0|0:0:0|0:0:0|0:0:0|0:0:0|0:0:0|0:0:0|0:0:0|0:0:0|0:0:0|0:0:0|2:0:1|2:0:2|0:0:0|0:0:0|0:0:0"
"7x7-p96","7x7-p96-uct-0500","500","1","14","0.218750","2","2","O63","HM","21","19","21","20","2","2","2","0","1","0","2","0","2","0:0:0|0:0:0|0:0:0|0:0:0|0:0:0|0:0:0|0:0:0|1:1:0|0:0:0|0:0:0|0:0:0|0:0:0|0:0:0|0:0:0|0:0:1|0:0:0|0:0:0|0:0:0|0:0:0|0:0:0|0:0:0|2:0:1|0:0:0|0:0:0|0:0:0|0:0:0|0:0:0|1:1:0|0:0:0|1:2:0|1:1:0|0:0:0|0:0:0|0:0:0|0:0:0|0:0:0|0:0:0|0:0:0|0:0:0|0:0:0|0:0:0|0:0:0|0:0:0|0:0:0|0:0:0|2:0:1|0:0:0|0:0:0|0:0:0","0:0:0|0:0:0|0:0:0|0:0:0|0:0:0|0:0:0|0:0:0|1:1:0|0:0:0|0:0:0|0:0:0|0:0:0|0:0:0|0:0:0|0:0:1|0:0:0|0:0:0|0:0:0|0:0:0|0:0:0|0:0:0|2:0:1|0:0:0|0:0:0|0:0:0|0:0:0|0:0:0|1:1:0|0:0:0|1:2:0|1:1:0|0:0:0|0:0:0|0:0:0|0:0:0|0:0:0|0:0:0|0:0:0|0:0:0|0:0:0|0:0:0|0:0:0|0:0:0|0:0:0|0:0:0|2:0:2|0:0:0|0:0:0|0:0:0","0:0:0|0:0:0|0:0:0|0:0:0|0:0:0|0:0:0|0:0:0|1:1:0|0:0:0|0:0:0|0:0:0|0:0:0|0:0:0|0:0:0|2:0:1|0:0:0|0:0:0|0:0:0|0:0:0|0:0:0|0:0:0|2:0:1|0:0:0|0:0:0|0:0:0|0:0:0|0:0:0|1:1:0|0:0:0|1:2:0|1:1:0|0:0:0|0:0:0|0:0:0|0:0:0|0:0:0|0:0:0|0:0:0|0:0:0|0:0:0|0:0:0|0:0:0|0:0:0|0:0:0|2:0:1|2:0:2|0:0:0|0:0:0|0:0:0"
"7x7-p96","7x7-p96-uct-0500","500","1","14","0.218750","3","2","O62","HM","21","20","21","21","0","2","2","0","0","0","1","0","1","0:0:0|0:0:0|0:0:0|0:0:0|0:0:0|0:0:0|0:0:0|1:1:0|0:0:0|0:0:0|0:0:0|0:0:0|0:0:0|0:0:0|0:0:1|0:0:0|0:0:0|0:0:0|0:0:0|0:0:0|0:0:0|2:0:1|0:0:0|0:0:0|0:0:0|0:0:0|0:0:0|1:1:0|0:0:0|1:2:0|1:1:0|0:0:0|0:0:0|0:0:0|0:0:0|0:0:0|0:0:0|0:0:0|0:0:0|0:0:0|0:0:0|0:0:0|0:0:0|0:0:0|0:0:0|2:0:2|0:0:0|0:0:0|0:0:0","0:0:0|0:0:0|0:0:0|0:0:0|0:0:0|0:0:0|0:0:0|1:1:0|0:0:0|0:0:0|0:0:0|0:0:0|0:0:0|0:0:0|2:0:1|0:0:0|0:0:0|0:0:0|0:0:0|0:0:0|0:0:0|2:0:1|0:0:0|0:0:0|0:0:0|0:0:0|0:0:0|1:1:0|0:0:0|1:2:0|1:1:0|0:0:0|0:0:0|0:0:0|0:0:0|0:0:0|0:0:0|0:0:0|0:0:0|0:0:0|0:0:0|0:0:0|0:0:0|0:0:0|2:0:1|2:0:2|0:0:0|0:0:0|0:0:0","0:0:0|0:0:0|0:0:0|0:0:0|0:0:0|0:0:0|0:0:0|1:1:0|0:0:0|0:0:0|0:0:0|0:0:0|0:0:0|0:0:0|2:0:1|0:0:0|0:0:0|0:0:0|0:0:0|0:0:0|0:0:0|2:0:1|0:0:0|0:0:0|0:0:0|0:0:0|0:0:0|1:1:0|0:0:0|1:2:0|1:1:0|0:0:0|0:0:0|0:0:0|0:0:0|0:0:0|0:0:0|0:0:0|0:0:0|0:0:0|0:0:0|0:0:0|0:0:0|0:0:0|2:0:1|2:0:2|0:0:0|0:0:0|0:0:0"
"7x7-p96","7x7-p96-uct-0500","500","1","15","0.234375","3","1","O35","MH","23","21","24","21","0","1","1","0","0","1","0","1","0","0:0:0|0:0:0|0:0:0|0:0:0|0:0:0|0:0:0|0:0:0|1:1:0|0:0:0|0:0:0|0:0:0|0:0:0|0:0:0|0:0:0|2:0:1|0:0:0|0:0:0|0:0:0|0:0:0|0:0:0|0:0:0|2:0:1|0:0:0|0:0:0|0:0:0|0:0:0|0:0:0|1:1:0|0:0:0|1:2:0|1:1:0|0:0:0|0:0:0|0:0:0|0:0:0|0:0:0|0:0:0|0:0:0|0:0:0|0:0:0|0:0:0|0:0:0|0:0:0|0:0:0|2:0:1|2:0:2|0:0:0|0:0:0|0:0:0","0:0:0|0:0:0|0:0:0|0:0:0|0:0:0|0:0:0|0:0:0|1:1:0|0:0:0|0:0:0|0:0:0|0:0:0|0:0:0|0:0:0|2:0:1|0:0:0|0:0:0|0:0:0|0:0:0|0:0:0|0:0:0|2:0:1|0:0:0|0:0:0|0:0:0|0:0:0|1:1:0|1:1:0|0:0:0|1:2:0|1:1:0|0:0:0|0:0:0|0:0:0|0:0:0|0:0:0|0:0:0|0:0:0|0:0:0|0:0:0|0:0:0|0:0:0|0:0:0|0:0:0|2:0:1|2:0:2|0:0:0|0:0:0|0:0:0","0:0:0|0:0:0|0:0:0|0:0:0|0:0:0|0:0:0|0:0:0|1:1:0|0:0:0|0:0:0|0:0:0|0:0:0|0:0:0|0:0:0|2:0:1|0:0:0|0:0:0|0:0:0|0:0:0|0:0:0|0:0:0|2:0:1|0:0:0|0:0:0|0:0:0|0:0:0|1:1:0|1:1:0|0:0:0|1:2:0|1:1:0|0:0:0|0:0:0|0:0:0|0:0:0|0:0:0|0:0:0|0:0:0|0:0:0|0:0:0|0:0:0|0:0:0|0:0:0|0:0:0|2:0:1|2:0:2|0:0:0|0:0:0|0:0:0"
"7x7-p96","7x7-p96-uct-0500","500","1","16","0.250000","1","2","O20","ML","24","21","24","22","2","2","2","0","1","0","2","0","2","0:0:0|0:0:0|0:0:0|0:0:0|0:0:0|0:0:0|0:0:0|1:1:0|0:0:0|0:0:0|0:0:0|0:0:0|0:0:0|0:0:0|2:0:1|0:0:0|0:0:0|0:0:0|0:0:0|0:0:0|0:0:0|2:0:1|0:0:0|0:0:0|0:0:0|0:0:0|1:1:0|1:1:0|0:0:0|1:2:0|1:1:0|0:0:0|0:0:0|0:0:0|0:0:0|0:0:0|0:0:0|0:0:0|0:0:0|0:0:0|0:0:0|0:0:0|0:0:0|0:0:0|2:0:1|2:0:2|0:0:0|0:0:0|0:0:0","0:0:0|0:0:0|0:0:0|0:0:0|0:0:0|0:0:0|0:0:0|1:1:0|0:0:0|0:0:0|0:0:0|0:0:0|0:0:0|0:0:0|2:0:2|0:0:0|0:0:0|0:0:0|0:0:0|0:0:0|0:0:0|2:0:1|0:0:0|0:0:0|0:0:0|0:0:0|1:1:0|1:1:0|0:0:0|1:2:0|1:1:0|0:0:0|0:0:0|0:0:0|0:0:0|0:0:0|0:0:0|0:0:0|0:0:0|0:0:0|0:0:0|0:0:0|0:0:0|0:0:0|2:0:1|2:0:2|0:0:0|0:0:0|0:0:0","0:0:0|0:0:0|0:0:0|0:0:0|0:0:0|0:0:0|0:0:0|1:1:0|0:0:0|0:0:0|0:0:0|0:0:0|0:0:0|0:0:0|2:0:2|0:0:0|0:0:0|0:0:0|0:0:0|0:0:0|0:0:0|2:0:1|0:0:0|0:0:0|0:0:0|0:0:0|1:1:0|1:1:0|0:0:0|1:2:0|1:1:0|0:0:0|0:0:0|0:0:0|0:0:0|0:0:0|0:0:0|0:0:0|0:0:0|0:0:0|0:0:0|0:0:0|0:0:0|0:0:0|2:0:1|2:0:2|0:0:0|0:0:0|0:0:0"
"7x7-p96","7x7-p96-uct-0500","500","1","17","0.265625","2","1","O64","HM","25","24","26","24","0","0","1","0","0","1","0","1","0","0:0:0|0:0:0|0:0:0|0:0:0|0:0:0|0:0:0|0:0:0|1:1:0|0:0:0|0:0:0|0:0:0|0:0:0|0:0:0|0:0:0|2:0:2|0:0:0|0:0:0|0:0:0|0:0:0|0:0:0|0:0:0|2:0:1|0:0:0|0:0:0|0:0:0|0:0:0|1:1:0|1:1:0|0:0:0|1:2:0|1:1:0|0:0:0|0:0:0|0:0:0|0:0:0|0:0:0|0:0:0|0:0:0|0:0:0|0:0:0|0:0:0|0:0:0|0:0:0|0:0:0|2:0:1|2:0:2|0:0:0|0:0:0|0:0:0","0:0:0|0:0:0|0:0:0|0:0:0|0:0:0|0:0:0|0:0:0|1:1:0|0:0:0|0:0:0|0:0:0|0:0:0|0:0:0|0:0:0|2:0:2|0:0:0|0:0:0|0:0:0|0:0:0|0:0:0|0:0:0|2:0:1|0:0:0|0:0:0|0:0:0|0:0:0|1:1:0|1:1:0|0:0:0|1:2:0|1:1:0|0:0:0|0:0:0|0:0:0|0:0:0|0:0:0|0:0:0|0:0:0|0:0:0|0:0:0|0:0:0|0:0:0|0:0:0|0:0:0|2:0:1|2:0:2|0:1:0|0:0:0|0:0:0","0:0:0|0:0:0|0:0:0|0:0:0|0:0:0|0:0:0|0:0:0|1:1:0|1:1:0|0:0:0|0:0:0|0:0:0|0:0:0|0:0:0|2:0:2|0:0:0|0:0:0|0:0:0|0:0:0|0:0:0|0:0:0|2:0:1|0:0:0|0:0:0|0:0:0|0:0:0|1:1:0|1:1:0|0:0:0|1:2:0|1:1:0|0:0:0|0:0:0|0:0:0|0:0:0|0:0:0|0:0:0|0:0:0|0:0:0|0:0:0|0:0:0|0:0:0|0:0:0|0:0:0|2:0:1|2:0:2|1:1:0|0:0:0|0:0:0"
"7x7-p96","7x7-p96-uct-0500","500","1","17","0.265625","3","1","O11","LL","26","24","27","24","0","1","1","0","0","1","0","1","0","0:0:0|0:0:0|0:0:0|0:0:0|0:0:0|0:0:0|0:0:0|1:1:0|0:0:0|0:0:0|0:0:0|0:0:0|0:0:0|0:0:0|2:0:2|0:0:0|0:0:0|0:0:0|0:0:0|0:0:0|0:0:0|2:0:1|0:0:0|0:0:0|0:0:0|0:0:0|1:1:0|1:1:0|0:0:0|1:2:0|1:1:0|0:0:0|0:0:0|0:0:0|0:0:0|0:0:0|0:0:0|0:0:0|0:0:0|0:0:0|0:0:0|0:0:0|0:0:0|0:0:0|2:0:1|2:0:2|0:1:0|0:0:0|0:0:0","0:0:0|0:0:0|0:0:0|0:0:0|0:0:0|0:0:0|0:0:0|1:1:0|1:1:0|0:0:0|0:0:0|0:0:0|0:0:0|0:0:0|2:0:2|0:0:0|0:0:0|0:0:0|0:0:0|0:0:0|0:0:0|2:0:1|0:0:0|0:0:0|0:0:0|0:0:0|1:1:0|1:1:0|0:0:0|1:2:0|1:1:0|0:0:0|0:0:0|0:0:0|0:0:0|0:0:0|0:0:0|0:0:0|0:0:0|0:0:0|0:0:0|0:0:0|0:0:0|0:0:0|2:0:1|2:0:2|1:1:0|0:0:0|0:0:0","0:0:0|0:0:0|0:0:0|0:0:0|0:0:0|0:0:0|0:0:0|1:1:0|1:1:0|0:0:0|0:0:0|0:0:0|0:0:0|0:0:0|2:0:2|0:0:0|0:0:0|0:0:0|0:0:0|0:0:0|0:0:0|2:0:1|0:0:0|0:0:0|0:0:0|0:0:0|1:1:0|1:1:0|0:0:0|1:2:0|1:1:0|0:0:0|0:0:0|0:0:0|0:0:0|0:0:0|0:0:0|0:0:0|0:0:0|0:0:0|0:0:0|0:0:0|0:0:0|0:0:0|2:0:1|2:0:2|1:1:0|0:0:0|0:0:0"
"7x7-p96","7x7-p96-uct-0500","500","1","18","0.281250","1","2","O12","LM","27","24","27","25","0","0","2","0","0","0","1","0","1","0:0:0|0:0:0|0:0:0|0:0:0|0:0:0|0:0:0|0:0:0|1:1:0|1:1:0|0:0:0|0:0:0|0:0:0|0:0:0|0:0:0|2:0:2|0:0:0|0:0:0|0:0:0|0:0:0|0:0:0|0:0:0|2:0:1|0:0:0|0:0:0|0:0:0|0:0:0|1:1:0|1:1:0|0:0:0|1:2:0|1:1:0|0:0:0|0:0:0|0:0:0|0:0:0|0:0:0|0:0:0|0:0:0|0:0:0|0:0:0|0:0:0|0:0:0|0:0:0|0:0:0|2:0:1|2:0:2|1:1:0|0:0:0|0:0:0","0:0:0|0:0:0|0:0:0|0:0:0|0:0:0|0:0:0|0:0:0|1:1:0|1:1:0|0:0:1|0:0:0|0:0:0|0:0:0|0:0:0|2:0:2|0:0:0|0:0:0|0:0:0|0:0:0|0:0:0|0:0:0|2:0:1|0:0:0|0:0:0|0:0:0|0:0:0|1:1:0|1:1:0|0:0:0|1:2:0|1:1:0|0:0:0|0:0:0|0:0:0|0:0:0|0:0:0|0:0:0|0:0:0|0:0:0|0:0:0|0:0:0|0:0:0|0:0:0|0:0:0|2:0:1|2:0:2|1:1:0|0:0:0|0:0:0","0:0:0|0:0:0|0:0:0|0:0:0|0:0:0|0:0:0|0:0:0|1:1:0|1:1:0|2:0:1|0:0:0|0:0:0|0:0:0|0:0:0|2:0:2|0:0:0|0:0:0|0:0:0|0:0:0|0:0:0|0:0:0|2:0:1|0:0:0|0:0:0|0:0:0|0:0:0|1:1:0|1:1:0|0:0:0|1:2:0|1:1:0|0:0:0|0:0:0|0:0:0|0:0:0|0:0:0|0:0:0|0:0:0|0:0:0|0:0:0|0:0:0|0:0:0|0:0:0|0:0:0|2:0:1|2:0:2|1:1:0|0:0:0|0:0:0"
"7x7-p96","7x7-p96-uct-0500","500","1","19","0.296875","1","1","O55","HH","27","27","28","27","0","0","1","0","0","1","0","1","0","0:0:0|0:0:0|0:0:0|0:0:0|0:0:0|0:0:0|0:0:0|1:1:0|1:1:0|2:0:1|0:0:0|0:0:0|0:0:0|0:0:0|2:0:2|0:0:0|0:0:0|0:0:0|0:0:0|0:0:0|0:0:0|2:0:1|0:0:0|0:0:0|0:0:0|0:0:0|1:1:0|1:1:0|0:0:0|1:2:0|1:1:0|0:0:0|0:0:0|0:0:0|0:0:0|0:0:0|0:0:0|0:0:0|0:0:0|0:0:0|0:0:0|0:0:0|0:0:0|0:0:0|2:0:1|2:0:2|1:1:0|0:0:0|0:0:0","0:0:0|0:0:0|0:0:0|0:0:0|0:0:0|0:0:0|0:0:0|1:1:0|1:1:0|2:0:1|0:0:0|0:0:0|0:0:0|0:0:0|2:0:2|0:0:0|0:0:0|0:0:0|0:0:0|0:0:0|0:0:0|2:0:1|0:0:0|0:0:0|0:0:0|0:0:0|1:1:0|1:1:0|0:0:0|1:2:0|1:1:0|0:0:0|0:0:0|0:0:0|0:0:0|0:0:0|0:0:0|0:0:0|0:0:0|0:0:0|0:1:0|0:0:0|0:0:0|0:0:0|2:0:1|2:0:2|1:1:0|0:0:0|0:0:0","0:0:0|0:0:0|0:0:0|0:0:0|0:0:0|0:0:0|0:0:0|1:1:0|1:1:0|2:0:1|0:0:0|0:0:0|0:0:0|0:0:0|2:0:2|0:0:0|0:0:0|0:0:0|0:0:0|0:0:0|0:0:0|2:0:1|0:0:0|0:0:0|0:0:0|0:0:0|1:1:0|1:1:0|0:0:0|3:3:0|1:1:0|0:0:0|0:0:0|0:0:0|0:0:0|0:0:0|0:0:0|0:0:0|0:0:0|0:0:0|1:1:0|0:0:0|0:0:0|0:0:0|2:0:1|2:0:2|1:1:0|0:0:0|0:0:0"
"7x7-p96","7x7-p96-uct-0500","500","1","19","0.296875","2","1","O41","ML","28","27","29","27","1","1","3","2","0","3","0","3","0","0:0:0|0:0:0|0:0:0|0:0:0|0:0:0|0:0:0|0:0:0|1:1:0|1:1:0|2:0:1|0:0:0|0:0:0|0:0:0|0:0:0|2:0:2|0:0:0|0:0:0|0:0:0|0:0:0|0:0:0|0:0:0|2:0:1|0:0:0|0:0:0|0:0:0|0:0:0|1:1:0|1:1:0|0:0:0|1:2:0|1:1:0|0:0:0|0:0:0|0:0:0|0:0:0|0:0:0|0:0:0|0:0:0|0:0:0|0:0:0|0:1:0|0:0:0|0:0:0|0:0:0|2:0:1|2:0:2|1:1:0|0:0:0|0:0:0","0:0:0|0:0:0|0:0:0|0:0:0|0:0:0|0:0:0|0:0:0|1:1:0|1:1:0|2:0:1|0:0:0|0:0:0|0:0:0|0:0:0|2:0:2|0:0:0|0:0:0|0:0:0|0:0:0|0:0:0|0:0:0|2:0:1|0:0:0|0:0:0|0:0:0|0:0:0|1:1:0|1:1:0|0:0:0|1:3:0|1:1:0|0:0:0|0:0:0|0:0:0|0:0:0|0:0:0|0:0:0|0:0:0|0:0:0|0:0:0|0:1:0|0:0:0|0:0:0|0:0:0|2:0:1|2:0:2|1:1:0|0:0:0|0:0:0","0:0:0|0:0:0|0:0:0|0:0:0|0:0:0|0:0:0|0:0:0|1:1:0|1:1:0|2:0:1|0:0:0|0:0:0|0:0:0|0:0:0|2:0:2|0:0:0|0:0:0|0:0:0|0:0:0|0:0:0|0:0:0|2:0:1|0:0:0|0:0:0|0:0:0|0:0:0|1:1:0|1:1:0|0:0:0|3:3:0|1:1:0|0:0:0|0:0:0|0:0:0|0:0:0|0:0:0|0:0:0|0:0:0|0:0:0|0:0:0|1:1:0|0:0:0|0:0:0|0:0:0|2:0:1|2:0:2|1:1:0|0:0:0|0:0:0"
"7x7-p96","7x7-p96-uct-0500","500","1","20","0.312500","1","2","O16","LH","30","27","30","28","0","0","2","0","0","0","1","0","1","0:0:0|0:0:0|0:0:0|0:0:0|0:0:0|0:0:0|0:0:0|1:1:0|1:1:0|2:0:1|0:0:0|0:0:0|0:0:0|0:0:0|2:0:2|0:0:0|0:0:0|0:0:0|0:0:0|0:0:0|0:0:0|2:0:1|0:0:0|0:0:0|0:0:0|0:0:0|1:1:0|1:1:0|0:0:0|3:3:0|1:1:0|0:0:0|0:0:0|0:0:0|0:0:0|0:0:0|0:0:0|0:0:0|0:0:0|0:0:0|1:1:0|0:0:0|0:0:0|0:0:0|2:0:1|2:0:2|1:1:0|0:0:0|0:0:0","0:0:0|0:0:0|0:0:0|0:0:0|0:0:0|0:0:0|0:0:0|1:1:0|1:1:0|2:0:1|0:0:0|0:0:0|0:0:0|0:0:1|2:0:2|0:0:0|0:0:0|0:0:0|0:0:0|0:0:0|0:0:0|2:0:1|0:0:0|0:0:0|0:0:0|0:0:0|1:1:0|1:1:0|0:0:0|3:3:0|1:1:0|0:0:0|0:0:0|0:0:0|0:0:0|0:0:0|0:0:0|0:0:0|0:0:0|0:0:0|1:1:0|0:0:0|0:0:0|0:0:0|2:0:1|2:0:2|1:1:0|0:0:0|0:0:0","0:0:0|0:0:0|0:0:0|0:0:0|0:0:0|0:0:0|0:0:0|1:1:0|1:1:0|2:0:1|0:0:0|0:0:0|0:0:0|2:0:1|2:0:2|0:0:0|0:0:0|0:0:0|0:0:0|0:0:0|0:0:0|2:0:1|0:0:0|0:0:0|0:0:0|0:0:0|1:1:0|1:1:0|0:0:0|3:3:0|1:1:0|2:0:1|0:0:0|0:0:0|0:0:0|0:0:0|0:0:0|0:0:0|0:0:0|0:0:0|1:1:0|0:0:0|0:0:0|0:0:0|2:0:1|2:0:2|1:1:0|0:0:0|2:0:1"
"7x7-p96","7x7-p96-uct-0500","500","1","20","0.312500","2","2","O66","HH","30","28","30","29","0","0","2","0","0","0","1","0","1","0:0:0|0:0:0|0:0:0|0:0:0|0:0:0|0:0:0|0:0:0|1:1:0|1:1:0|2:0:1|0:0:0|0:0:0|0:0:0|0:0:1|2:0:2|0:0:0|0:0:0|0:0:0|0:0:0|0:0:0|0:0:0|2:0:1|0:0:0|0:0:0|0:0:0|0:0:0|1:1:0|1:1:0|0:0:0|3:3:0|1:1:0|0:0:0|0:0:0|0:0:0|0:0:0|0:0:0|0:0:0|0:0:0|0:0:0|0:0:0|1:1:0|0:0:0|0:0:0|0:0:0|2:0:1|2:0:2|1:1:0|0:0:0|0:0:0","0:0:0|0:0:0|0:0:0|0:0:0|0:0:0|0:0:0|0:0:0|1:1:0|1:1:0|2:0:1|0:0:0|0:0:0|0:0:0|0:0:1|2:0:2|0:0:0|0:0:0|0:0:0|0:0:0|0:0:0|0:0:0|2:0:1|0:0:0|0:0:0|0:0:0|0:0:0|1:1:0|1:1:0|0:0:0|3:3:0|1:1:0|0:0:0|0:0:0|0:0:0|0:0:0|0:0:0|0:0:0|0:0:0|0:0:0|0:0:0|1:1:0|0:0:0|0:0:0|0:0:0|2:0:1|2:0:2|1:1:0|0:0:0|0:0:1","0:0:0|0:0:0|0:0:0|0:0:0|0:0:0|0:0:0|0:0:0|1:1:0|1:1:0|2:0:1|0:0:0|0:0:0|0:0:0|2:0:1|2:0:2|0:0:0|0:0:0|0:0:0|0:0:0|0:0:0|0:0:0|2:0:1|0:0:0|0:0:0|0:0:0|0:0:0|1:1:0|1:1:0|0:0:0|3:3:0|1:1:0|2:0:1|0:0:0|0:0:0|0:0:0|0:0:0|0:0:0|0:0:0|0:0:0|0:0:0|1:1:0|0:0:0|0:0:0|0:0:0|2:0:1|2:0:2|1:1:0|0:0:0|2:0:1"
"7x7-p96","7x7-p96-uct-0500","500","1","20","0.312500","3","2","O43","MM","30","29","30","30","0","2","2","0","0","0","1","0","1","0:0:0|0:0:0|0:0:0|0:0:0|0:0:0|0:0:0|0:0:0|1:1:0|1:1:0|2:0:1|0:0:0|0:0:0|0:0:0|0:0:1|2:0:2|0:0:0|0:0:0|0:0:0|0:0:0|0:0:0|0:0:0|2:0:1|0:0:0|0:0:0|0:0:0|0:0:0|1:1:0|1:1:0|0:0:0|3:3:0|1:1:0|0:0:0|0:0:0|0:0:0|0:0:0|0:0:0|0:0:0|0:0:0|0:0:0|0:0:0|1:1:0|0:0:0|0:0:0|0:0:0|2:0:1|2:0:2|1:1:0|0:0:0|0:0:1","0:0:0|0:0:0|0:0:0|0:0:0|0:0:0|0:0:0|0:0:0|1:1:0|1:1:0|2:0:1|0:0:0|0:0:0|0:0:0|2:0:1|2:0:2|0:0:0|0:0:0|0:0:0|0:0:0|0:0:0|0:0:0|2:0:1|0:0:0|0:0:0|0:0:0|0:0:0|1:1:0|1:1:0|0:0:0|3:3:0|1:1:0|2:0:1|0:0:0|0:0:0|0:0:0|0:0:0|0:0:0|0:0:0|0:0:0|0:0:0|1:1:0|0:0:0|0:0:0|0:0:0|2:0:1|2:0:2|1:1:0|0:0:0|2:0:1","0:0:0|0:0:0|0:0:0|0:0:0|0:0:0|0:0:0|0:0:0|1:1:0|1:1:0|2:0:1|0:0:0|0:0:0|0:0:0|2:0:1|2:0:2|0:0:0|0:0:0|0:0:0|0:0:0|0:0:0|0:0:0|2:0:1|0:0:0|0:0:0|0:0:0|0:0:0|1:1:0|1:1:0|0:0:0|3:3:0|1:1:0|2:0:1|0:0:0|0:0:0|0:0:0|0:0:0|0:0:0|0:0:0|0:0:0|0:0:0|1:1:0|0:0:0|0:0:0|0:0:0|2:0:1|2:0:2|1:1:0|0:0:0|2:0:1"
"7x7-p96","7x7-p96-uct-0500","500","1","21","0.328125","1","1","O26","MH","30","30","31","30","0","0","1","0","0","1","0","1","0","0:0:0|0:0:0|0:0:0|0:0:0|0:0:0|0:0:0|0:0:0|1:1:0|1:1:0|2:0:1|0:0:0|0:0:0|0:0:0|2:0:1|2:0:2|0:0:0|0:0:0|0:0:0|0:0:0|0:0:0|0:0:0|2:0:1|0:0:0|0:0:0|0:0:0|0:0:0|1:1:0|1:1:0|0:0:0|3:3:0|1:1:0|2:0:1|0:0:0|0:0:0|0:0:0|0:0:0|0:0:0|0:0:0|0:0:0|0:0:0|1:1:0|0:0:0|0:0:0|0:0:0|2:0:1|2:0:2|1:1:0|0:0:0|2:0:1","0:0:0|0:0:0|0:0:0|0:0:0|0:0:0|0:0:0|0:0:0|1:1:0|1:1:0|2:0:1|0:0:0|0:0:0|0:0:0|2:0:1|2:0:2|0:0:0|0:0:0|0:0:0|0:0:0|0:0:0|0:1:0|2:0:1|0:0:0|0:0:0|0:0:0|0:0:0|1:1:0|1:1:0|0:0:0|3:3:0|1:1:0|2:0:1|0:0:0|0:0:0|0:0:0|0:0:0|0:0:0|0:0:0|0:0:0|0:0:0|1:1:0|0:0:0|0:0:0|0:0:0|2:0:1|2:0:2|1:1:0|0:0:0|2:0:1","0:0:0|0:0:0|0:0:0|0:0:0|0:0:0|0:0:0|0:0:0|1:1:0|1:1:0|2:0:1|0:0:0|0:0:0|0:0:0|2:0:1|2:0:2|0:0:0|0:0:0|0:0:0|0:0:0|0:0:0|1:1:0|2:0:1|0:0:0|0:0:0|0:0:0|0:0:0|1:1:0|1:1:0|0:0:0|3:3:0|1:1:0|2:0:1|0:0:0|1:1:0|0:0:0|0:0:0|0:0:0|0:0:0|0:0:0|0:0:0|1:1:0|0:0:0|0:0:0|0:0:0|2:0:1|2:0:2|1:1:0|0:0:0|2:0:1"
"7x7-p96","7x7-p96-uct-0500","500","1","21","0.328125","3","1","O45","MH","32","30","33","30","0","1","1","0","0","1","0","1","0","0:0:0|0:0:0|0:0:0|0:0:0|0:0:0|0:0:0|0:0:0|1:1:0|1:1:0|2:0:1|0:0:0|0:0:0|0:0:0|2:0:1|2:0:2|0:0:0|0:0:0|0:0:0|0:0:0|0:0:0|0:1:0|2:0:1|0:0:0|0:0:0|0:0:0|0:0:0|1:1:0|1:1:0|0:0:0|3:3:0|1:1:0|2:0:1|0:0:0|0:0:0|0:0:0|0:0:0|0:0:0|0:0:0|0:0:0|0:0:0|1:1:0|0:0:0|0:0:0|0:0:0|2:0:1|2:0:2|1:1:0|0:0:0|2:0:1","0:0:0|0:0:0|0:0:0|0:0:0|0:0:0|0:0:0|0:0:0|1:1:0|1:1:0|2:0:1|0:0:0|0:0:0|0:0:0|2:0:1|2:0:2|0:0:0|0:0:0|0:0:0|0:0:0|0:0:0|1:1:0|2:0:1|0:0:0|0:0:0|0:0:0|0:0:0|1:1:0|1:1:0|0:0:0|3:3:0|1:1:0|2:0:1|0:0:0|1:1:0|0:0:0|0:0:0|0:0:0|0:0:0|0:0:0|0:0:0|1:1:0|0:0:0|0:0:0|0:0:0|2:0:1|2:0:2|1:1:0|0:0:0|2:0:1","0:0:0|0:0:0|0:0:0|0:0:0|0:0:0|0:0:0|0:0:0|1:1:0|1:1:0|2:0:1|0:0:0|0:0:0|0:0:0|2:0:1|2:0:2|0:0:0|0:0:0|0:0:0|0:0:0|0:0:0|1:1:0|2:0:1|0:0:0|0:0:0|0:0:0|0:0:0|1:1:0|1:1:0|0:0:0|3:3:0|1:1:0|2:0:1|0:0:0|1:1:0|0:0:0|0:0:0|0:0:0|0:0:0|0:0:0|0:0:0|1:1:0|0:0:0|0:0:0|0:0:0|2:0:1|2:0:2|1:1:0|0:0:0|2:0:1"
"7x7-p96","7x7-p96-uct-0500","500","1","22","0.343750","2","2","O56","HH","33","31","33","32","0","0","2","0","0","0","1","0","2","0:0:0|0:0:0|0:0:0|0:0:0|0:0:0|0:0:0|0:0:0|1:1:0|1:1:0|2:0:1|0:0:0|0:0:0|0:0:0|2:0:1|2:0:2|0:0:0|0:0:0|0:0:0|0:0:0|0:0:0|1:1:0|2:0:1|0:0:0|0:0:0|0:0:0|0:0:0|1:1:0|1:1:0|0:0:0|3:3:0|1:1:0|2:0:1|0:0:0|1:1:0|0:0:0|0:0:0|0:0:0|0:0:0|0:0:0|0:0:0|1:1:0|0:0:0|0:0:0|0:0:0|2:0:1|2:0:2|1:1:0|0:0:0|2:0:1","0:0:0|0:0:0|0:0:0|0:0:0|0:0:0|0:0:0|0:0:0|1:1:0|1:1:0|2:0:1|0:0:0|0:0:0|0:0:0|2:0:1|2:0:2|0:0:0|0:0:0|0:0:0|0:0:0|0:0:0|1:1:0|2:0:1|0:0:0|0:0:0|0:0:0|0:0:0|1:1:0|1:1:0|0:0:0|3:3:0|1:1:0|2:0:1|0:0:0|1:1:0|0:0:0|0:0:0|0:0:0|0:0:0|0:0:0|0:0:0|1:1:0|0:0:1|0:0:0|0:0:0|2:0:1|2:0:2|1:1:0|0:0:0|2:0:1","0:0:0|0:0:0|0:0:0|0:0:0|0:0:0|0:0:0|0:0:0|1:1:0|1:1:0|2:0:1|0:0:0|0:0:0|0:0:0|2:0:1|2:0:2|0:0:0|0:0:0|0:0:0|0:0:0|0:0:0|1:1:0|2:0:1|0:0:0|0:0:0|0:0:0|0:0:0|1:1:0|1:1:0|0:0:0|3:3:0|1:1:0|2:0:1|0:0:0|1:1:0|0:0:0|0:0:0|0:0:0|0:0:0|0:0:0|0:0:0|1:1:0|2:0:2|0:0:0|0:0:0|2:0:1|2:0:2|1:1:0|0:0:0|2:0:1"
"7x7-p96","7x7-p96-uct-0500","500","1","22","0.343750","3","2","O56","HH","33","32","33","33","0","2","2","0","1","0","2","0","2","0:0:0|0:0:0|0:0:0|0:0:0|0:0:0|0:0:0|0:0:0|1:1:0|1:1:0|2:0:1|0:0:0|0:0:0|0:0:0|2:0:1|2:0:2|0:0:0|0:0:0|0:0:0|0:0:0|0:0:0|1:1:0|2:0:1|0:0:0|0:0:0|0:0:0|0:0:0|1:1:0|1:1:0|0:0:0|3:3:0|1:1:0|2:0:1|0:0:0|1:1:0|0:0:0|0:0:0|0:0:0|0:0:0|0:0:0|0:0:0|1:1:0|0:0:1|0:0:0|0:0:0|2:0:1|2:0:2|1:1:0|0:0:0|2:0:1","0:0:0|0:0:0|0:0:0|0:0:0|0:0:0|0:0:0|0:0:0|1:1:0|1:1:0|2:0:1|0:0:0|0:0:0|0:0:0|2:0:1|2:0:2|0:0:0|0:0:0|0:0:0|0:0:0|0:0:0|1:1:0|2:0:1|0:0:0|0:0:0|0:0:0|0:0:0|1:1:0|1:1:0|0:0:0|3:3:0|1:1:0|2:0:1|0:0:0|1:1:0|0:0:0|0:0:0|0:0:0|0:0:0|0:0:0|0:0:0|1:1:0|2:0:2|0:0:0|0:0:0|2:0:1|2:0:2|1:1:0|0:0:0|2:0:1","0:0:0|0:0:0|0:0:0|0:0:0|0:0:0|0:0:0|0:0:0|1:1:0|1:1:0|2:0:1|0:0:0|0:0:0|0:0:0|2:0:1|2:0:2|0:0:0|0:0:0|0:0:0|0:0:0|0:0:0|1:1:0|2:0:1|0:0:0|0:0:0|0:0:0|0:0:0|1:1:0|1:1:0|0:0:0|3:3:0|1:1:0|2:0:1|0:0:0|1:1:0|0:0:0|0:0:0|0:0:0|0:0:0|0:0:0|0:0:0|1:1:0|2:0:2|0:0:0|0:0:0|2:0:1|2:0:2|1:1:0|0:0:0|2:0:1"
"7x7-p96","7x7-p96-uct-0500","500","1","24","0.375000","1","2","O16","LH","36","33","36","34","2","2","2","0","1","0","2","0","2","0:0:0|0:0:0|0:0:0|0:0:0|0:0:0|0:0:0|0:0:0|1:1:0|1:1:0|2:0:1|0:0:0|0:0:0|0:0:0|2:0:1|2:0:2|0:0:0|0:0:0|0:0:0|0:0:0|0:0:0|1:1:0|2:0:1|0:0:0|0:0:0|0:0:0|0:0:0|1:1:0|1:1:0|0:0:0|3:3:0|1:1:0|2:0:1|0:0:0|1:1:0|0:0:0|0:0:0|0:0:0|0:0:0|0:0:0|0:0:0|1:1:0|2:0:2|0:0:0|0:0:0|2:0:1|2:0:2|1:1:0|0:0:0|2:0:1","0:0:0|0:0:0|0:0:0|0:0:0|0:0:0|0:0:0|0:0:0|1:1:0|1:1:0|2:0:1|0:0:0|0:0:0|0:0:0|2:0:2|2:0:2|0:0:0|0:0:0|0:0:0|0:0:0|0:0:0|1:1:0|2:0:1|0:0:0|0:0:0|0:0:0|0:0:0|1:1:0|1:1:0|0:0:0|3:3:0|1:1:0|2:0:1|0:0:0|1:1:0|0:0:0|0:0:0|0:0:0|0:0:0|0:0:0|0:0:0|1:1:0|2:0:2|0:0:0|0:0:0|2:0:1|2:0:2|1:1:0|0:0:0|2:0:1","0:0:0|0:0:0|0:0:0|0:0:0|0:0:0|0:0:0|0:0:0|1:1:0|1:1:0|2:0:1|0:0:0|0:0:0|0:0:0|2:0:2|2:0:2|0:0:0|0:0:0|0:0:0|0:0:0|0:0:0|1:1:0|2:0:1|0:0:0|0:0:0|0:0:0|0:0:0|1:1:0|1:1:0|0:0:0|3:3:0|1:1:0|2:0:1|0:0:0|1:1:0|0:0:0|0:0:0|0:0:0|0:0:0|0:0:0|0:0:0|1:1:0|4:0:3|0:0:0|0:0:0|2:0:1|2:0:2|1:1:0|0:0:0|2:0:1"
"7x7-p96","7x7-p96-uct-0500","500","1","24","0.375000","2","2","O56","HH","36","34","36","35","2","2","4","0","2","0","3","0","3","0:0:0|0:0:0|0:0:0|0:0:0|0:0:0|0:0:0|0:0:0|1:1:0|1:1:0|2:0:1|0:0:0|0:0:0|0:0:0|2:0:2|2:0:2|0:0:0|0:0:0|0:0:0|0:0:0|0:0:0|1:1:0|2:0:1|0:0:0|0:0:0|0:0:0|0:0:0|1:1:0|1:1:0|0:0:0|3:3:0|1:1:0|2:0:1|0:0:0|1:1:0|0:0:0|0:0:0|0:0:0|0:0:0|0:0:0|0:0:0|1:1:0|2:0:2|0:0:0|0:0:0|2:0:1|2:0:2|1:1:0|0:0:0|2:0:1","0:0:0|0:0:0|0:0:0|0:0:0|0:0:0|0:0:0|0:0:0|1:1:0|1:1:0|2:0:1|0:0:0|0:0:0|0:0:0|2:0:2|2:0:2|0:0:0|0:0:0|0:0:0|0:0:0|0:0:0|1:1:0|2:0:1|0:0:0|0:0:0|0:0:0|0:0:0|1:1:0|1:1:0|0:0:0|3:3:0|1:1:0|2:0:1|0:0:0|1:1:0|0:0:0|0:0:0|0:0:0|0:0:0|0:0:0|0:0:0|1:1:0|2:0:3|0:0:0|0:0:0|2:0:1|2:0:2|1:1:0|0:0:0|2:0:1","0:0:0|0:0:0|0:0:0|0:0:0|0:0:0|0:0:0|0:0:0|1:1:0|1:1:0|2:0:1|0:0:0|0:0:0|0:0:0|2:0:2|2:0:2|0:0:0|0:0:0|0:0:0|0:0:0|0:0:0|1:1:0|2:0:1|0:0:0|0:0:0|0:0:0|0:0:0|1:1:0|1:1:0|0:0:0|3:3:0|1:1:0|2:0:1|0:0:0|1:1:0|0:0:0|0:0:0|0:0:0|0:0:0|0:0:0|0:0:0|1:1:0|4:0:3|0:0:0|0:0:0|2:0:1|2:0:2|1:1:0|0:0:0|2:0:1"
"7x7-p96","7x7-p96-uct-0500","500","1","25","0.390625","1","1","O52","HM","36","36","37","36","0","0","1","0","0","1","0","1","0","0:0:0|0:0:0|0:0:0|0:0:0|0:0:0|0:0:0|0:0:0|1:1:0|1:1:0|2:0:1|0:0:0|0:0:0|0:0:0|2:0:2|2:0:2|0:0:0|0:0:0|0:0:0|0:0:0|0:0:0|1:1:0|2:0:1|0:0:0|0:0:0|0:0:0|0:0:0|1:1:0|1:1:0|0:0:0|3:3:0|1:1:0|2:0:1|0:0:0|1:1:0|0:0:0|0:0:0|0:0:0|0:0:0|0:0:0|0:0:0|1:1:0|4:0:3|0:0:0|0:0:0|2:0:1|2:0:2|1:1:0|0:0:0|2:0:1","0:0:0|0:0:0|0:0:0|0:0:0|0:0:0|0:0:0|0:0:0|1:1:0|1:1:0|2:0:1|0:0:0|0:0:0|0:0:0|2:0:2|2:0:2|0:0:0|0:0:0|0:0:0|0:0:0|0:0:0|1:1:0|2:0:1|0:0:0|0:0:0|0:0:0|0:0:0|1:1:0|1:1:0|0:0:0|3:3:0|1:1:0|2:0:1|0:0:0|1:1:0|0:0:0|0:0:0|0:0:0|0:1:0|0:0:0|0:0:0|1:1:0|4:0:3|0:0:0|0:0:0|2:0:1|2:0:2|1:1:0|0:0:0|2:0:1","0:0:0|0:0:0|0:0:0|0:0:0|0:0:0|0:0:0|0:0:0|1:1:0|1:1:0|2:0:1|0:0:0|0:0:0|0:0:0|2:0:2|2:0:2|0:0:0|0:0:0|0:0:0|0:0:0|0:0:0|1:1:0|2:0:1|0:0:0|0:0:0|0:0:0|0:0:0|1:1:0|1:1:0|0:0:0|3:3:0|1:1:0|2:0:1|0:0:0|1:1:0|0:0:0|0:0:0|0:0:0|1:1:0|0:0:0|0:0:0|1:1:0|4:0:3|0:0:0|0:0:0|2:0:1|2:0:2|1:1:0|0:0:0|2:0:1"
"7x7-p96","7x7-p96-uct-0500","500","1","26","0.406250","1","2","O12","LM","39","36","39","37","2","2","2","0","1","0","2","0","2","0:0:0|0:0:0|0:0:0|0:0:0|0:0:0|0:0:0|0:0:0|1:1:0|1:1:0|2:0:1|0:0:0|0:0:0|0:0:0|2:0:2|2:0:2|0:0:0|0:0:0|0:0:0|0:0:0|0:0:0|1:1:0|2:0:1|0:0:0|0:0:0|0:0:0|0:0:0|1:1:0|1:1:0|0:0:0|3:3:0|1:1:0|2:0:1|0:0:0|1:1:0|0:0:0|0:0:0|0:0:0|1:1:0|0:0:0|0:0:0|1:1:0|4:0:3|0:0:0|0:0:0|2:0:1|2:0:2|1:1:0|0:0:0|2:0:1","0:0:0|0:0:0|0:0:0|0:0:0|0:0:0|0:0:0|0:0:0|1:1:0|1:1:0|2:0:2|0:0:0|0:0:0|0:0:0|2:0:2|2:0:2|0:0:0|0:0:0|0:0:0|0:0:0|0:0:0|1:1:0|2:0:1|0:0:0|0:0:0|0:0:0|0:0:0|1:1:0|1:1:0|0:0:0|3:3:0|1:1:0|2:0:1|0:0:0|1:1:0|0:0:0|0:0:0|0:0:0|1:1:0|0:0:0|0:0:0|1:1:0|4:0:3|0:0:0|0:0:0|2:0:1|2:0:2|1:1:0|0:0:0|2:0:1","0:0:0|0:0:0|0:0:0|0:0:0|0:0:0|0:0:0|0:0:0|1:1:0|1:1:0|2:0:2|0:0:0|0:0:0|0:0:0|2:0:2|2:0:2|0:0:0|0:0:0|0:0:0|0:0:0|0:0:0|1:1:0|2:0:1|0:0:0|0:0:0|2:0:1|0:0:0|1:1:0|1:1:0|0:0:0|3:3:0|1:1:0|2:0:1|0:0:0|1:1:0|0:0:0|0:0:0|0:0:0|1:1:0|0:0:0|0:0:0|1:1:0|4:0:3|0:0:0|0:0:0|2:0:1|2:0:2|1:1:0|0:0:0|2:0:1"
"7x7-p96","7x7-p96-uct-0500","500","1","26","0.406250","3","2","O33","MM","39","38","39","39","0","2","2","0","0","0","1","0","1","0:0:0|0:0:0|0:0:0|0:0:0|0:0:0|0:0:0|0:0:0|1:1:0|1:1:0|2:0:2|0:0:0|0:0:0|0:0:0|2:0:2|2:0:2|0:0:0|0:0:0|0:0:0|0:0:0|0:0:0|1:1:0|2:0:1|0:0:0|0:0:0|0:0:0|0:0:0|1:1:0|1:1:0|0:0:0|3:3:0|1:1:0|2:0:1|0:0:0|1:1:0|0:0:0|0:0:0|0:0:0|1:1:0|0:0:0|0:0:0|1:1:0|4:0:3|0:0:0|0:0:0|2:0:1|2:0:2|1:1:0|0:0:0|2:0:1","0:0:0|0:0:0|0:0:0|0:0:0|0:0:0|0:0:0|0:0:0|1:1:0|1:1:0|2:0:2|0:0:0|0:0:0|0:0:0|2:0:2|2:0:2|0:0:0|0:0:0|0:0:0|0:0:0|0:0:0|1:1:0|2:0:1|0:0:0|0:0:0|2:0:1|0:0:0|1:1:0|1:1:0|0:0:0|3:3:0|1:1:0|2:0:1|0:0:0|1:1:0|0:0:0|0:0:0|0:0:0|1:1:0|0:0:0|0:0:0|1:1:0|4:0:3|0:0:0|0:0:0|2:0:1|2:0:2|1:1:0|0:0:0|2:0:1","0:0:0|0:0:0|0:0:0|0:0:0|0:0:0|0:0:0|0:0:0|1:1:0|1:1:0|2:0:2|0:0:0|0:0:0|0:0:0|2:0:2|2:0:2|0:0:0|0:0:0|0:0:0|0:0:0|0:0:0|1:1:0|2:0:1|0:0:0|0:0:0|2:0:1|0:0:0|1:1:0|1:1:0|0:0:0|3:3:0|1:1:0|2:0:1|0:0:0|1:1:0|0:0:0|0:0:0|0:0:0|1:1:0|0:0:0|0:0:0|1:1:0|4:0:3|0:0:0|0:0:0|2:0:1|2:0:2|1:1:0|0:0:0|2:0:1"
"7x7-p96","7x7-p96-uct-0500","500","1","27","0.421875","3","1","O31","ML","41","39","42","39","0","1","1","0","0","1","0","1","0","0:0:0|0:0:0|0:0:0|0:0:0|0:0:0|0:0:0|0:0:0|1:1:0|1:1:0|2:0:2|0:0:0|0:0:0|0:0:0|2:0:2|2:0:2|0:0:0|0:0:0|0:0:0|0:0:0|0:0:0|1:1:0|2:0:1|0:0:0|0:0:0|2:0:1|0:0:0|1:1:0|1:1:0|0:0:0|3:3:0|1:1:0|2:0:1|0:0:0|1:1:0|0:0:0|0:0:0|0:0:0|1:1:0|0:0:0|0:0:0|1:1:0|4:0:3|0:0:0|0:0:0|2:0:1|2:0:2|1:1:0|0:0:0|2:0:1","0:0:0|0:0:0|0:0:0|0:0:0|0:0:0|0:0:0|0:0:0|1:1:0|1:1:0|2:0:2|0:0:0|0:0:0|0:0:0|2:0:2|2:0:2|0:0:0|0:0:0|0:0:0|0:0:0|0:0:0|1:1:0|2:0:1|1:1:0|0:0:0|2:0:1|0:0:0|1:1:0|1:1:0|0:0:0|3:3:0|1:1:0|2:0:1|0:0:0|1:1:0|0:0:0|0:0:0|0:0:0|1:1:0|0:0:0|0:0:0|1:1:0|4:0:3|0:0:0|0:0:0|2:0:1|2:0:2|1:1:0|0:0:0|2:0:1","0:0:0|0:0:0|0:0:0|0:0:0|0:0:0|0:0:0|0:0:0|1:1:0|1:1:0|2:0:2|0:0:0|0:0:0|0:0:0|2:0:2|2:0:2|0:0:0|0:0:0|0:0:0|0:0:0|0:0:0|1:1:0|2:0:1|1:1:0|0:0:0|2:0:1|0:0:0|1:1:0|1:1:0|0:0:0|3:3:0|1:1:0|2:0:1|0:0:0|1:1:0|0:0:0|0:0:0|0:0:0|1:1:0|0:0:0|0:0:0|1:1:0|4:0:3|0:0:0|0:0:0|2:0:1|2:0:2|1:1:0|0:0:0|2:0:1"
"7x7-p96","7x7-p96-uct-0500","500","1","28","0.437500","3","2","O12","LM","42","41","42","42","2","4","4","0","2","0","3","0","3","0:0:0|0:0:0|0:0:0|0:0:0|0:0:0|0:0:0|0:0:0|1:1:0|1:1:0|2:0:2|0:0:0|0:0:0|0:0:0|2:0:2|2:0:2|0:0:0|0:0:0|0:0:0|0:0:0|0:0:0|1:1:0|2:0:1|1:1:0|0:0:0|2:0:1|0:0:0|1:1:0|1:1:0|0:0:0|3:3:0|1:1:0|2:0:1|0:0:0|1:1:0|0:0:0|0:0:0|0:0:0|1:1:0|0:0:0|0:0:0|1:1:0|4:0:3|0:0:0|0:0:0|2:0:1|2:0:2|1:1:0|0:0:0|2:0:1","0:0:0|0:0:0|0:0:0|0:0:0|0:0:0|0:0:0|0:0:0|1:1:0|1:1:0|4:0:3|0:0:0|0:0:0|0:0:0|2:0:2|2:0:2|0:0:0|0:0:0|0:0:0|0:0:0|0:0:0|1:1:0|2:0:1|1:1:0|0:0:0|2:0:1|0:0:0|1:1:0|1:1:0|0:0:0|3:3:0|1:1:0|2:0:1|0:0:0|1:1:0|0:0:0|0:0:0|0:0:0|1:1:0|0:0:0|0:0:0|1:1:0|4:0:3|0:0:0|0:0:0|2:0:1|2:0:2|1:1:0|0:0:0|2:0:1","0:0:0|0:0:0|0:0:0|0:0:0|0:0:0|0:0:0|0:0:0|1:1:0|1:1:0|4:0:3|0:0:0|0:0:0|0:0:0|2:0:2|2:0:2|0:0:0|0:0:0|0:0:0|0:0:0|0:0:0|1:1:0|2:0:1|1:1:0|0:0:0|2:0:1|0:0:0|1:1:0|1:1:0|0:0:0|3:3:0|1:1:0|2:0:1|0:0:0|1:1:0|0:0:0|0:0:0|0:0:0|1:1:0|0:0:0|0:0:0|1:1:0|4:0:3|0:0:0|0:0:0|2:0:1|2:0:2|1:1:0|0:0:0|2:0:1"
"7x7-p96","7x7-p96-uct-0500","500","1","29","0.453125","2","1","O11","LL","43","42","44","42","1","1","1","1","0","2","0","2","0","0:0:0|0:0:0|0:0:0|0:0:0|0:0:0|0:0:0|0:0:0|1:1:0|1:1:0|4:0:3|0:0:0|0:0:0|0:0:0|2:0:2|2:0:2|0:0:0|0:0:0|0:0:0|0:0:0|0:0:0|1:1:0|2:0:1|1:1:0|0:0:0|2:0:1|0:0:0|1:1:0|1:1:0|0:0:0|3:3:0|1:1:0|2:0:1|0:0:0|1:1:0|0:0:0|0:0:0|0:0:0|1:1:0|0:0:0|0:0:0|1:1:0|4:0:3|0:0:0|0:0:0|2:0:1|2:0:2|1:1:0|0:0:0|2:0:1","0:0:0|0:0:0|0:0:0|0:0:0|0:0:0|0:0:0|0:0:0|1:1:0|1:2:0|4:0:3|0:0:0|0:0:0|0:0:0|2:0:2|2:0:2|0:0:0|0:0:0|0:0:0|0:0:0|0:0:0|1:1:0|2:0:1|1:1:0|0:0:0|2:0:1|0:0:0|1:1:0|1:1:0|0:0:0|3:3:0|1:1:0|2:0:1|0:0:0|1:1:0|0:0:0|0:0:0|0:0:0|1:1:0|0:0:0|0:0:0|1:1:0|4:0:3|0:0:0|0:0:0|2:0:1|2:0:2|1:1:0|0:0:0|2:0:1","0:0:0|0:0:0|0:0:0|0:0:0|0:0:0|0:0:0|0:0:0|1:1:0|1:2:0|4:0:3|0:0:0|0:0:0|0:0:0|2:0:2|2:0:2|0:0:0|0:0:0|0:0:0|0:0:0|0:0:0|1:1:0|2:0:1|1:1:0|0:0:0|2:0:1|0:0:0|1:2:0|1:1:0|0:0:0|3:3:0|1:1:0|2:0:1|0:0:0|1:1:0|0:0:0|0:0:0|0:0:0|1:1:0|0:0:0|0:0:0|1:1:0|4:0:3|0:0:0|0:0:0|2:0:1|2:0:2|1:1:0|0:0:0|2:0:1"
"7x7-p96","7x7-p96-uct-0500","500","1","29","0.453125","3","1","O35","MH","44","42","45","42","1","1","1","1","0","2","0","2","0","0:0:0|0:0:0|0:0:0|0:0:0|0:0:0|0:0:0|0:0:0|1:1:0|1:2:0|4:0:3|0:0:0|0:0:0|0:0:0|2:0:2|2:0:2|0:0:0|0:0:0|0:0:0|0:0:0|0:0:0|1:1:0|2:0:1|1:1:0|0:0:0|2:0:1|0:0:0|1:1:0|1:1:0|0:0:0|3:3:0|1:1:0|2:0:1|0:0:0|1:1:0|0:0:0|0:0:0|0:0:0|1:1:0|0:0:0|0:0:0|1:1:0|4:0:3|0:0:0|0:0:0|2:0:1|2:0:2|1:1:0|0:0:0|2:0:1","0:0:0|0:0:0|0:0:0|0:0:0|0:0:0|0:0:0|0:0:0|1:1:0|1:2:0|4:0:3|0:0:0|0:0:0|0:0:0|2:0:2|2:0:2|0:0:0|0:0:0|0:0:0|0:0:0|0:0:0|1:1:0|2:0:1|1:1:0|0:0:0|2:0:1|0:0:0|1:2:0|1:1:0|0:0:0|3:3:0|1:1:0|2:0:1|0:0:0|1:1:0|0:0:0|0:0:0|0:0:0|1:1:0|0:0:0|0:0:0|1:1:0|4:0:3|0:0:0|0:0:0|2:0:1|2:0:2|1:1:0|0:0:0|2:0:1","0:0:0|0:0:0|0:0:0|0:0:0|0:0:0|0:0:0|0:0:0|1:1:0|1:2:0|4:0:3|0:0:0|0:0:0|0:0:0|2:0:2|2:0:2|0:0:0|0:0:0|0:0:0|0:0:0|0:0:0|1:1:0|2:0:1|1:1:0|0:0:0|2:0:1|0:0:0|1:2:0|1:1:0|0:0:0|3:3:0|1:1:0|2:0:1|0:0:0|1:1:0|0:0:0|0:0:0|0:0:0|1:1:0|0:0:0|0:0:0|1:1:0|4:0:3|0:0:0|0:0:0|2:0:1|2:0:2|1:1:0|0:0:0|2:0:1"
"7x7-p96","7x7-p96-uct-0500","500","1","30","0.468750","1","2","O62","HM","45","42","45","43","2","2","2","0","1","0","2","0","2","0:0:0|0:0:0|0:0:0|0:0:0|0:0:0|0:0:0|0:0:0|1:1:0|1:2:0|4:0:3|0:0:0|0:0:0|0:0:0|2:0:2|2:0:2|0:0:0|0:0:0|0:0:0|0:0:0|0:0:0|1:1:0|2:0:1|1:1:0|0:0:0|2:0:1|0:0:0|1:2:0|1:1:0|0:0:0|3:3:0|1:1:0|2:0:1|0:0:0|1:1:0|0:0:0|0:0:0|0:0:0|1:1:0|0:0:0|0:0:0|1:1:0|4:0:3|0:0:0|0:0:0|2:0:1|2:0:2|1:1:0|0:0:0|2:0:1","0:0:0|0:0:0|0:0:0|0:0:0|0:0:0|0:0:0|0:0:0|1:1:0|1:2:0|4:0:3|0:0:0|0:0:0|0:0:0|2:0:2|2:0:2|0:0:0|0:0:0|0:0:0|0:0:0|0:0:0|1:1:0|2:0:1|1:1:0|0:0:0|2:0:1|0:0:0|1:2:0|1:1:0|0:0:0|3:3:0|1:1:0|2:0:1|0:0:0|1:1:0|0:0:0|0:0:0|0:0:0|1:1:0|0:0:0|0:0:0|1:1:0|4:0:3|0:0:0|0:0:0|2:0:2|2:0:2|1:1:0|0:0:0|2:0:1","0:0:0|0:0:0|0:0:0|0:0:0|0:0:0|0:0:0|0:0:0|1:1:0|1:2:0|4:0:3|0:0:0|0:0:0|0:0:0|2:0:2|2:0:2|0:0:0|0:0:0|0:0:0|0:0:0|0:0:0|1:1:0|2:0:1|1:1:0|0:0:0|2:0:1|0:0:0|1:2:0|1:1:0|0:0:0|3:3:0|1:1:0|2:0:1|0:0:0|1:1:0|0:0:0|0:0:0|0:0:0|1:1:0|0:0:0|0:0:0|1:1:0|4:0:3|0:0:0|0:0:0|2:0:2|2:0:2|1:1:0|0:0:0|2:0:1"
"7x7-p96","7x7-p96-uct-0500","500","1","32","0.500000","1","2","O06","LH","48","45","48","46","0","0","2","0","0","0","1","0","1","0:0:0|0:0:0|0:0:0|0:0:0|0:0:0|0:0:0|0:0:0|1:1:0|1:2:0|4:0:3|0:0:0|0:0:0|0:0:0|2:0:2|2:0:2|0:0:0|0:0:0|0:0:0|0:0:0|0:0:0|1:1:0|2:0:1|1:1:0|0:0:0|2:0:1|0:0:0|1:2:0|1:1:0|0:0:0|3:3:0|1:1:0|2:0:1|0:0:0|1:1:0|0:0:0|0:0:0|0:0:0|1:1:0|0:0:0|0:0:0|1:1:0|4:0:3|0:0:0|0:0:0|2:0:2|2:0:2|1:1:0|0:0:0|2:0:1","0:0:0|0:0:0|0:0:0|0:0:0|0:0:0|0:0:0|0:0:1|1:1:0|1:2:0|4:0:3|0:0:0|0:0:0|0:0:0|2:0:2|2:0:2|0:0:0|0:0:0|0:0:0|0:0:0|0:0:0|1:1:0|2:0:1|1:1:0|0:0:0|2:0:1|0:0:0|1:2:0|1:1:0|0:0:0|3:3:0|1:1:0|2:0:1|0:0:0|1:1:0|0:0:0|0:0:0|0:0:0|1:1:0|0:0:0|0:0:0|1:1:0|4:0:3|0:0:0|0:0:0|2:0:2|2:0:2|1:1:0|0:0:0|2:0:1","0:0:0|0:0:0|0:0:0|0:0:0|0:0:0|0:0:0|2:0:1|1:1:0|1:2:0|4:0:3|0:0:0|0:0:0|0:0:0|2:0:2|2:0:2|0:0:0|0:0:0|0:0:0|0:0:0|0:0:0|1:1:0|2:0:1|1:1:0|0:0:0|2:0:1|0:0:0|1:2:0|1:1:0|0:0:0|3:3:0|1:1:0|2:0:1|0:0:0|1:1:0|0:0:0|0:0:0|0:0:0|1:1:0|0:0:0|0:0:0|1:1:0|4:0:3|0:0:0|0:0:0|2:0:2|2:0:2|1:1:0|0:0:0|2:0:1"
"7x7-p96","7x7-p96-uct-0500","500","1","33","0.515625","1","1","O52","HM","48","48","49","48","1","1","1","1","0","2","0","2","0","0:0:0|0:0:0|0:0:0|0:0:0|0:0:0|0:0:0|2:0:1|1:1:0|1:2:0|4:0:3|0:0:0|0:0:0|0:0:0|2:0:2|2:0:2|0:0:0|0:0:0|0:0:0|0:0:0|0:0:0|1:1:0|2:0:1|1:1:0|0:0:0|2:0:1|0:0:0|1:2:0|1:1:0|0:0:0|3:3:0|1:1:0|2:0:1|0:0:0|1:1:0|0:0:0|0:0:0|0:0:0|1:1:0|0:0:0|0:0:0|1:1:0|4:0:3|0:0:0|0:0:0|2:0:2|2:0:2|1:1:0|0:0:0|2:0:1","0:0:0|0:0:0|0:0:0|0:0:0|0:0:0|0:0:0|2:0:1|1:1:0|1:2:0|4:0:3|0:0:0|0:0:0|0:0:0|2:0:2|2:0:2|0:0:0|0:0:0|0:0:0|0:0:0|0:0:0|1:1:0|2:0:1|1:1:0|0:0:0|2:0:1|0:0:0|1:2:0|1:1:0|0:0:0|3:3:0|1:1:0|2:0:1|0:0:0|1:1:0|0:0:0|0:0:0|0:0:0|1:2:0|0:0:0|0:0:0|1:1:0|4:0:3|0:0:0|0:0:0|2:0:2|2:0:2|1:1:0|0:0:0|2:0:1","0:0:0|0:0:0|0:0:0|0:0:0|0:0:0|0:0:0|2:0:1|1:1:0|1:2:0|4:0:3|0:0:0|0:0:0|0:0:0|2:0:2|2:0:2|0:0:0|0:0:0|0:0:0|0:0:0|0:0:0|1:2:0|2:0:1|1:1:0|0:0:0|2:0:1|0:0:0|1:2:0|1:1:0|0:0:0|3:3:0|1:1:0|2:0:1|0:0:0|1:1:0|0:0:0|0:0:0|0:0:0|1:2:0|0:0:0|0:0:0|1:1:0|4:0:3|0:0:0|0:0:0|2:0:2|2:0:2|1:1:0|1:1:0|2:0:1"
"7x7-p96","7x7-p96-uct-0500","500","1","33","0.515625","2","1","O65","HH","49","48","50","48","0","0","1","0","0","1","0","1","0","0:0:0|0:0:0|0:0:0|0:0:0|0:0:0|0:0:0|2:0:1|1:1:0|1:2:0|4:0:3|0:0:0|0:0:0|0:0:0|2:0:2|2:0:2|0:0:0|0:0:0|0:0:0|0:0:0|0:0:0|1:1:0|2:0:1|1:1:0|0:0:0|2:0:1|0:0:0|1:2:0|1:1:0|0:0:0|3:3:0|1:1:0|2:0:1|0:0:0|1:1:0|0:0:0|0:0:0|0:0:0|1:2:0|0:0:0|0:0:0|1:1:0|4:0:3|0:0:0|0:0:0|2:0:2|2:0:2|1:1:0|0:0:0|2:0:1","0:0:0|0:0:0|0:0:0|0:0:0|0:0:0|0:0:0|2:0:1|1:1:0|1:2:0|4:0:3|0:0:0|0:0:0|0:0:0|2:0:2|2:0:2|0:0:0|0:0:0|0:0:0|0:0:0|0:0:0|1:1:0|2:0:1|1:1:0|0:0:0|2:0:1|0:0:0|1:2:0|1:1:0|0:0:0|3:3:0|1:1:0|2:0:1|0:0:0|1:1:0|0:0:0|0:0:0|0:0:0|1:2:0|0:0:0|0:0:0|1:1:0|4:0:3|0:0:0|0:0:0|2:0:2|2:0:2|1:1:0|0:1:0|2:0:1","0:0:0|0:0:0|0:0:0|0:0:0|0:0:0|0:0:0|2:0:1|1:1:0|1:2:0|4:0:3|0:0:0|0:0:0|0:0:0|2:0:2|2:0:2|0:0:0|0:0:0|0:0:0|0:0:0|0:0:0|1:2:0|2:0:1|1:1:0|0:0:0|2:0:1|0:0:0|1:2:0|1:1:0|0:0:0|3:3:0|1:1:0|2:0:1|0:0:0|1:1:0|0:0:0|0:0:0|0:0:0|1:2:0|0:0:0|0:0:0|1:1:0|4:0:3|0:0:0|0:0:0|2:0:2|2:0:2|1:1:0|1:1:0|2:0:1"
"7x7-p96","7x7-p96-uct-0500","500","1","33","0.515625","3","1","O26","MH","50","48","51","48","1","1","1","1","0","2","0","2","0","0:0:0|0:0:0|0:0:0|0:0:0|0:0:0|0:0:0|2:0:1|1:1:0|1:2:0|4:0:3|0:0:0|0:0:0|0:0:0|2:0:2|2:0:2|0:0:0|0:0:0|0:0:0|0:0:0|0:0:0|1:1:0|2:0:1|1:1:0|0:0:0|2:0:1|0:0:0|1:2:0|1:1:0|0:0:0|3:3:0|1:1:0|2:0:1|0:0:0|1:1:0|0:0:0|0:0:0|0:0:0|1:2:0|0:0:0|0:0:0|1:1:0|4:0:3|0:0:0|0:0:0|2:0:2|2:0:2|1:1:0|0:1:0|2:0:1","0:0:0|0:0:0|0:0:0|0:0:0|0:0:0|0:0:0|2:0:1|1:1:0|1:2:0|4:0:3|0:0:0|0:0:0|0:0:0|2:0:2|2:0:2|0:0:0|0:0:0|0:0:0|0:0:0|0:0:0|1:2:0|2:0:1|1:1:0|0:0:0|2:0:1|0:0:0|1:2:0|1:1:0|0:0:0|3:3:0|1:1:0|2:0:1|0:0:0|1:1:0|0:0:0|0:0:0|0:0:0|1:2:0|0:0:0|0:0:0|1:1:0|4:0:3|0:0:0|0:0:0|2:0:2|2:0:2|1:1:0|1:1:0|2:0:1","0:0:0|0:0:0|0:0:0|0:0:0|0:0:0|0:0:0|2:0:1|1:1:0|1:2:0|4:0:3|0:0:0|0:0:0|0:0:0|2:0:2|2:0:2|0:0:0|0:0:0|0:0:0|0:0:0|0:0:0|1:2:0|2:0:1|1:1:0|0:0:0|2:0:1|0:0:0|1:2:0|1:1:0|0:0:0|3:3:0|1:1:0|2:0:1|0:0:0|1:1:0|0:0:0|0:0:0|0:0:0|1:2:0|0:0:0|0:0:0|1:1:0|4:0:3|0:0:0|0:0:0|2:0:2|2:0:2|1:1:0|1:1:0|2:0:1"
"7x7-p96","7x7-p96-uct-0500","500","1","34","0.531250","2","2","O34","MM","51","49","51","50","0","0","2","0","0","0","1","0","1","0:0:0|0:0:0|0:0:0|0:0:0|0:0:0|0:0:0|2:0:1|1:1:0|1:2:0|4:0:3|0:0:0|0:0:0|0:0:0|2:0:2|2:0:2|0:0:0|0:0:0|0:0:0|0:0:0|0:0:0|1:2:0|2:0:1|1:1:0|0:0:0|2:0:1|0:0:0|1:2:0|1:1:0|0:0:0|3:3:0|1:1:0|2:0:1|0:0:0|1:1:0|0:0:0|0:0:0|0:0:0|1:2:0|0:0:0|0:0:0|1:1:0|4:0:3|0:0:0|0:0:0|2:0:2|2:0:2|1:1:0|1:1:0|2:0:1","0:0:0|0:0:0|0:0:0|0:0:0|0:0:0|0:0:0|2:0:1|1:1:0|1:2:0|4:0:3|0:0:0|0:0:0|0:0:0|2:0:2|2:0:2|0:0:0|0:0:0|0:0:0|0:0:0|0:0:0|1:2:0|2:0:1|1:1:0|0:0:0|2:0:1|0:0:1|1:2:0|1:1:0|0:0:0|3:3:0|1:1:0|2:0:1|0:0:0|1:1:0|0:0:0|0:0:0|0:0:0|1:2:0|0:0:0|0:0:0|1:1:0|4:0:3|0:0:0|0:0:0|2:0:2|2:0:2|1:1:0|1:1:0|2:0:1","0:0:0|0:0:0|0:0:0|0:0:0|0:0:0|0:0:0|2:0:1|1:1:0|1:2:0|4:0:3|0:0:0|0:0:0|0:0:0|2:0:2|2:0:2|0:0:0|0:0:0|0:0:0|0:0:0|0:0:0|1:2:0|2:0:1|1:1:0|0:0:0|2:0:1|2:0:1|1:2:0|1:1:0|0:0:0|3:3:0|1:1:0|2:0:1|0:0:0|1:1:0|0:0:0|0:0:0|0:0:0|1:2:0|0:0:0|0:0:0|1:1:0|4:0:3|0:0:0|0:0:0|2:0:2|2:0:2|1:1:0|1:1:0|2:0:1"
"7x7-p96","7x7-p96-uct-0500","500","1","35","0.546875","3","1","O25","MH","53","51","54","51","0","1","1","0","0","1","0","1","0","0:0:0|0:0:0|0:0:0|0:0:0|0:0:0|0:0:0|2:0:1|1:1:0|1:2:0|4:0:3|0:0:0|0:0:0|0:0:0|2:0:2|2:0:2|0:0:0|0:0:0|0:0:0|0:0:0|0:0:0|1:2:0|2:0:1|1:1:0|0:0:0|2:0:1|2:0:1|1:2:0|1:1:0|0:0:0|3:3:0|1:1:0|2:0:1|0:0:0|1:1:0|0:0:0|0:0:0|0:0:0|1:2:0|0:0:0|0:0:0|1:1:0|4:0:3|0:0:0|0:0:0|2:0:2|2:0:2|1:1:0|1:1:0|2:0:1","0:0:0|0:0:0|0:0:0|0:0:0|0:0:0|0:0:0|2:0:1|1:1:0|1:2:0|4:0:3|0:0:0|0:0:0|0:0:0|2:0:2|2:0:2|0:0:0|0:0:0|0:0:0|0:0:0|1:1:0|1:2:0|2:0:1|1:1:0|0:0:0|2:0:1|2:0:1|1:2:0|1:1:0|0:0:0|3:3:0|1:1:0|2:0:1|0:0:0|1:1:0|0:0:0|0:0:0|0:0:0|1:2:0|0:0:0|0:0:0|1:1:0|4:0:3|0:0:0|0:0:0|2:0:2|2:0:2|1:1:0|1:1:0|2:0:1","0:0:0|0:0:0|0:0:0|0:0:0|0:0:0|0:0:0|2:0:1|1:1:0|1:2:0|4:0:3|0:0:0|0:0:0|0:0:0|2:0:2|2:0:2|0:0:0|0:0:0|0:0:0|0:0:0|1:1:0|1:2:0|2:0:1|1:1:0|0:0:0|2:0:1|2:0:1|1:2:0|1:1:0|0:0:0|3:3:0|1:1:0|2:0:1|0:0:0|1:1:0|0:0:0|0:0:0|0:0:0|1:2:0|0:0:0|0:0:0|1:1:0|4:0:3|0:0:0|0:0:0|2:0:2|2:0:2|1:1:0|1:1:0|2:0:1"
"7x7-p96","7x7-p96-uct-0500","500","1","36","0.562500","1","2","O16","LH","54","51","54","52","2","2","4","0","2","0","3","0","3","0:0:0|0:0:0|0:0:0|0:0:0|0:0:0|0:0:0|2:0:1|1:1:0|1:2:0|4:0:3|0:0:0|0:0:0|0:0:0|2:0:2|2:0:2|0:0:0|0:0:0|0:0:0|0:0:0|1:1:0|1:2:0|2:0:1|1:1:0|0:0:0|2:0:1|2:0:1|1:2:0|1:1:0|0:0:0|3:3:0|1:1:0|2:0:1|0:0:0|1:1:0|0:0:0|0:0:0|0:0:0|1:2:0|0:0:0|0:0:0|1:1:0|4:0:3|0:0:0|0:0:0|2:0:2|2:0:2|1:1:0|1:1:0|2:0:1","0:0:0|0:0:0|0:0:0|0:0:0|0:0:0|0:0:0|2:0:1|1:1:0|1:2:0|4:0:3|0:0:0|0:0:0|0:0:0|2:0:3|2:0:2|0:0:0|0:0:0|0:0:0|0:0:0|1:1:0|1:2:0|2:0:1|1:1:0|0:0:0|2:0:1|2:0:1|1:2:0|1:1:0|0:0:0|3:3:0|1:1:0|2:0:1|0:0:0|1:1:0|0:0:0|0:0:0|0:0:0|1:2:0|0:0:0|0:0:0|1:1:0|4:0:3|0:0:0|0:0:0|2:0:2|2:0:2|1:1:0|1:1:0|2:0:1","0:0:0|0:0:0|0:0:0|0:0:0|0:0:0|0:0:0|2:0:1|1:1:0|1:2:0|4:0:3|0:0:0|0:0:0|0:0:0|4:0:3|2:0:2|0:0:0|0:0:0|0:0:0|0:0:0|1:1:0|1:2:0|2:0:1|1:1:0|0:0:0|2:0:1|2:0:1|1:2:0|1:1:0|0:0:0|3:3:0|1:1:0|2:0:1|0:0:0|1:1:0|0:0:0|0:0:0|0:0:0|1:2:0|0:0:0|0:0:0|1:1:0|4:0:3|0:0:0|0:0:0|2:0:2|4:0:3|1:1:0|1:1:0|2:0:1"
"7x7-p96","7x7-p96-uct-0500","500","1","36","0.562500","3","2","O63","HM","54","53","54","54","2","4","4","0","2","0","3","0","3","0:0:0|0:0:0|0:0:0|0:0:0|0:0:0|0:0:0|2:0:1|1:1:0|1:2:0|4:0:3|0:0:0|0:0:0|0:0:0|2:0:3|2:0:2|0:0:0|0:0:0|0:0:0|0:0:0|1:1:0|1:2:0|2:0:1|1:1:0|0:0:0|2:0:1|2:0:1|1:2:0|1:1:0|0:0:0|3:3:0|1:1:0|2:0:1|0:0:0|1:1:0|0:0:0|0:0:0|0:0:0|1:2:0|0:0:0|0:0:0|1:1:0|4:0:3|0:0:0|0:0:0|2:0:2|2:0:2|1:1:0|1:1:0|2:0:1","0:0:0|0:0:0|0:0:0|0:0:0|0:0:0|0:0:0|2:0:1|1:1:0|1:2:0|4:0:3|0:0:0|0:0:0|0:0:0|4:0:3|2:0:2|0:0:0|0:0:0|0:0:0|0:0:0|1:1:0|1:2:0|2:0:1|1:1:0|0:0:0|2:0:1|2:0:1|1:2:0|1:1:0|0:0:0|3:3:0|1:1:0|2:0:1|0:0:0|1:1:0|0:0:0|0:0:0|0:0:0|1:2:0|0:0:0|0:0:0|1:1:0|4:0:3|0:0:0|0:0:0|2:0:2|4:0:3|1:1:0|1:1:0|2:0:1","0:0:0|0:0:0|0:0:0|0:0:0|0:0:0|0:0:0|2:0:1|1:1:0|1:2:0|4:0:3|0:0:0|0:0:0|0:0:0|4:0:3|2:0:2|0:0:0|0:0:0|0:0:0|0:0:0|1:1:0|1:2:0|2:0:1|1:1:0|0:0:0|2:0:1|2:0:1|1:2:0|1:1:0|0:0:0|3:3:0|1:1:0|2:0:1|0:0:0|1:1:0|0:0:0|0:0:0|0:0:0|1:2:0|0:0:0|0:0:0|1:1:0|4:0:3|0:0:0|0:0:0|2:0:2|4:0:3|1:1:0|1:1:0|2:0:1"
"7x7-p96","7x7-p96-uct-0500","500","1","37","0.578125","1","1","O42","MM","54","54","55","54","1","1","1","1","0","2","0","2","0","0:0:0|0:0:0|0:0:0|0:0:0|0:0:0|0:0:0|2:0:1|1:1:0|1:2:0|4:0:3|0:0:0|0:0:0|0:0:0|4:0:3|2:0:2|0:0:0|0:0:0|0:0:0|0:0:0|1:1:0|1:2:0|2:0:1|1:1:0|0:0:0|2:0:1|2:0:1|1:2:0|1:1:0|0:0:0|3:3:0|1:1:0|2:0:1|0:0:0|1:1:0|0:0:0|0:0:0|0:0:0|1:2:0|0:0:0|0:0:0|1:1:0|4:0:3|0:0:0|0:0:0|2:0:2|4:0:3|1:1:0|1:1:0|2:0:1","0:0:0|0:0:0|0:0:0|0:0:0|0:0:0|0:0:0|2:0:1|1:1:0|1:2:0|4:0:3|0:0:0|0:0:0|0:0:0|4:0:3|2:0:2|0:0:0|0:0:0|0:0:0|0:0:0|1:1:0|1:2:0|2:0:1|1:1:0|0:0:0|2:0:1|2:0:1|1:2:0|1:1:0|0:0:0|3:3:0|1:2:0|2:0:1|0:0:0|1:1:0|0:0:0|0:0:0|0:0:0|1:2:0|0:0:0|0:0:0|1:1:0|4:0:3|0:0:0|0:0:0|2:0:2|4:0:3|1:1:0|1:1:0|2:0:1","0:0:0|0:0:0|0:0:0|0:0:0|0:0:0|0:0:0|2:0:1|1:1:0|3:3:0|4:0:3|0:0:0|0:0:0|0:0:0|4:0:3|2:0:2|0:0:0|0:0:0|0:0:0|0:0:0|1:1:0|1:2:0|2:0:1|1:1:0|0:0:0|2:0:1|2:0:1|1:2:0|1:1:0|0:0:0|3:3:0|1:2:0|2:0:1|0:0:0|1:1:0|0:0:0|0:0:0|0:0:0|1:2:0|0:0:0|0:0:0|1:1:0|4:0:3|0:0:0|0:0:0|2:0:2|4:0:3|1:1:0|1:1:0|2:0:1"
"7x7-p96","7x7-p96-uct-0500","500","1","37","0.578125","2","1","O11","LL","55","54","56","54","1","1","3","2","0","3","0","3","0","0:0:0|0:0:0|0:0:0|0:0:0|0:0:0|0:0:0|2:0:1|1:1:0|1:2:0|4:0:3|0:0:0|0:0:0|0:0:0|4:0:3|2:0:2|0:0:0|0:0:0|0:0:0|0:0:0|1:1:0|1:2:0|2:0:1|1:1:0|0:0:0|2:0:1|2:0:1|1:2:0|1:1:0|0:0:0|3:3:0|1:2:0|2:0:1|0:0:0|1:1:0|0:0:0|0:0:0|0:0:0|1:2:0|0:0:0|0:0:0|1:1:0|4:0:3|0:0:0|0:0:0|2:0:2|4:0:3|1:1:0|1:1:0|2:0:1","0:0:0|0:0:0|0:0:0|0:0:0|0:0:0|0:0:0|2:0:1|1:1:0|1:3:0|4:0:3|0:0:0|0:0:0|0:0:0|4:0:3|2:0:2|0:0:0|0:0:0|0:0:0|0:0:0|1:1:0|1:2:0|2:0:1|1:1:0|0:0:0|2:0:1|2:0:1|1:2:0|1:1:0|0:0:0|3:3:0|1:2:0|2:0:1|0:0:0|1:1:0|0:0:0|0:0:0|0:0:0|1:2:0|0:0:0|0:0:0|1:1:0|4:0:3|0:0:0|0:0:0|2:0:2|4:0:3|1:1:0|1:1:0|2:0:1","0:0:0|0:0:0|0:0:0|0:0:0|0:0:0|0:0:0|2:0:1|1:1:0|3:3:0|4:0:3|0:0:0|0:0:0|0:0:0|4:0:3|2:0:2|0:0:0|0:0:0|0:0:0|0:0:0|1:1:0|1:2:0|2:0:1|1:1:0|0:0:0|2:0:1|2:0:1|1:2:0|1:1:0|0:0:0|3:3:0|1:2:0|2:0:1|0:0:0|1:1:0|0:0:0|0:0:0|0:0:0|1:2:0|0:0:0|0:0:0|1:1:0|4:0:3|0:0:0|0:0:0|2:0:2|4:0:3|1:1:0|1:1:0|2:0:1"
"7x7-p96","7x7-p96-uct-0500","500","1","38","0.593750","3","2","O66","HH","57","56","57","57","2","2","2","0","1","0","2","0","2","0:0:0|0:0:0|0:0:0|0:0:0|0:0:0|0:0:0|2:0:1|1:1:0|3:3:0|4:0:3|0:0:0|0:0:0|0:0:0|4:0:3|2:0:2|0:0:0|0:0:0|0:0:0|0:0:0|1:1:0|1:2:0|2:0:1|1:1:0|0:0:0|2:0:1|2:0:1|1:2:0|1:1:0|0:0:0|3:3:0|1:2:0|2:0:1|0:0:0|1:1:0|0:0:0|0:0:0|0:0:0|1:2:0|0:0:0|0:0:0|1:1:0|4:0:3|0:0:0|0:0:0|2:0:2|4:0:3|1:1:0|1:1:0|2:0:1","0:0:0|0:0:0|0:0:0|0:0:0|0:0:0|0:0:0|2:0:1|1:1:0|3:3:0|4:0:3|0:0:0|0:0:0|0:0:0|4:0:3|2:0:2|0:0:0|0:0:0|0:0:0|0:0:0|1:1:0|1:2:0|2:0:1|1:1:0|0:0:0|2:0:1|2:0:1|1:2:0|1:1:0|0:0:0|3:3:0|1:2:0|2:0:1|0:0:0|1:1:0|0:0:0|0:0:0|0:0:0|1:2:0|0:0:0|0:0:0|1:1:0|4:0:3|0:0:0|0:0:0|2:0:2|4:0:3|1:1:0|1:1:0|2:0:2","0:0:0|0:0:0|0:0:0|0:0:0|0:0:0|0:0:0|2:0:1|1:1:0|3:3:0|4:0:3|0:0:0|0:0:0|0:0:0|4:0:3|2:0:2|0:0:0|0:0:0|0:0:0|0:0:0|1:1:0|1:2:0|2:0:1|1:1:0|0:0:0|2:0:1|2:0:1|1:2:0|1:1:0|0:0:0|3:3:0|1:2:0|2:0:1|0:0:0|1:1:0|0:0:0|0:0:0|0:0:0|1:2:0|0:0:0|0:0:0|1:1:0|4:0:3|0:0:0|0:0:0|2:0:2|4:0:3|1:1:0|1:1:0|2:0:2"
"7x7-p96","7x7-p96-uct-0500","500","1","39","0.609375","1","1","O42","MM","57","57","58","57","1","1","3","2","0","3","0","3","0","0:0:0|0:0:0|0:0:0|0:0:0|0:0:0|0:0:0|2:0:1|1:1:0|3:3:0|4:0:3|0:0:0|0:0:0|0:0:0|4:0:3|2:0:2|0:0:0|0:0:0|0:0:0|0:0:0|1:1:0|1:2:0|2:0:1|1:1:0|0:0:0|2:0:1|2:0:1|1:2:0|1:1:0|0:0:0|3:3:0|1:2:0|2:0:1|0:0:0|1:1:0|0:0:0|0:0:0|0:0:0|1:2:0|0:0:0|0:0:0|1:1:0|4:0:3|0:0:0|0:0:0|2:0:2|4:0:3|1:1:0|1:1:0|2:0:2","0:0:0|0:0:0|0:0:0|0:0:0|0:0:0|0:0:0|2:0:1|1:1:0|3:3:0|4:0:3|0:0:0|0:0:0|0:0:0|4:0:3|2:0:2|0:0:0|0:0:0|0:0:0|0:0:0|1:1:0|1:2:0|2:0:1|1:1:0|0:0:0|2:0:1|2:0:1|1:2:0|1:1:0|0:0:0|3:3:0|1:3:0|2:0:1|0:0:0|1:1:0|0:0:0|0:0:0|0:0:0|1:2:0|0:0:0|0:0:0|1:1:0|4:0:3|0:0:0|0:0:0|2:0:2|4:0:3|1:1:0|1:1:0|2:0:2","0:0:0|0:0:0|0:0:0|0:0:0|0:0:0|0:0:0|2:0:1|1:1:0|3:3:0|4:0:3|0:0:0|0:0:0|0:0:0|4:0:3|2:0:2|0:0:0|0:0:0|0:0:0|0:0:0|1:1:0|1:2:0|2:0:1|1:1:0|0:0:0|2:0:1|0:1:1|1:2:0|1:1:0|0:0:0|3:3:0|3:3:0|2:0:1|0:0:0|1:1:0|0:0:0|0:0:0|0:0:0|1:2:0|0:0:0|0:0:0|1:1:0|4:0:3|0:0:0|0:0:0|2:0:2|4:0:3|1:1:0|1:1:0|2:0:2"
"7x7-p96","7x7-p96-uct-0500","500","1","39","0.609375","3","1","O34","MM","59","57","60","57","2","0","0","0","1","1","1","1","1","0:0:0|0:0:0|0:0:0|0:0:0|0:0:0|0:0:0|2:0:1|1:1:0|3:3:0|4:0:3|0:0:0|0:0:0|0:0:0|4:0:3|2:0:2|0:0:0|0:0:0|0:0:0|0:0:0|1:1:0|1:2:0|2:0:1|1:1:0|0:0:0|2:0:1|2:0:1|1:2:0|1:1:0|0:0:0|3:3:0|1:3:0|2:0:1|0:0:0|1:1:0|0:0:0|0:0:0|0:0:0|1:2:0|0:0:0|0:0:0|1:1:0|4:0:3|0:0:0|0:0:0|2:0:2|4:0:3|1:1:0|1:1:0|2:0:2","0:0:0|0:0:0|0:0:0|0:0:0|0:0:0|0:0:0|2:0:1|1:1:0|3:3:0|4:0:3|0:0:0|0:0:0|0:0:0|4:0:3|2:0:2|0:0:0|0:0:0|0:0:0|0:0:0|1:1:0|1:2:0|2:0:1|1:1:0|0:0:0|2:0:1|0:1:1|1:2:0|1:1:0|0:0:0|3:3:0|3:3:0|2:0:1|0:0:0|1:1:0|0:0:0|0:0:0|0:0:0|1:2:0|0:0:0|0:0:0|1:1:0|4:0:3|0:0:0|0:0:0|2:0:2|4:0:3|1:1:0|1:1:0|2:0:2","0:0:0|0:0:0|0:0:0|0:0:0|0:0:0|0:0:0|2:0:1|1:1:0|3:3:0|4:0:3|0:0:0|0:0:0|0:0:0|4:0:3|2:0:2|0:0:0|0:0:0|0:0:0|0:0:0|1:1:0|1:2:0|2:0:1|1:1:0|0:0:0|2:0:1|0:1:1|1:2:0|1:1:0|0:0:0|3:3:0|3:3:0|2:0:1|0:0:0|1:1:0|0:0:0|0:0:0|0:0:0|1:2:0|0:0:0|0:0:0|1:1:0|4:0:3|0:0:0|0:0:0|2:0:2|4:0:3|1:1:0|1:1:0|2:0:2"
"7x7-p96","7x7-p96-uct-0500","500","1","40","0.625000","2","2","O53","HM","60","58","60","59","0","0","2","0","0","0","1","0","1","0:0:0|0:0:0|0:0:0|0:0:0|0:0:0|0:0:0|2:0:1|1:1:0|3:3:0|4:0:3|0:0:0|0:0:0|0:0:0|4:0:3|2:0:2|0:0:0|0:0:0|0:0:0|0:0:0|1:1:0|1:2:0|2:0:1|1:1:0|0:0:0|2:0:1|0:1:1|1:2:0|1:1:0|0:0:0|3:3:0|3:3:0|2:0:1|0:0:0|1:1:0|0:0:0|0:0:0|0:0:0|1:2:0|0:0:0|0:0:0|1:1:0|4:0:3|0:0:0|0:0:0|2:0:2|4:0:3|1:1:0|1:1:0|2:0:2","0:0:0|0:0:0|0:0:0|0:0:0|0:0:0|0:0:0|2:0:1|1:1:0|3:3:0|4:0:3|0:0:0|0:0:0|0:0:0|4:0:3|2:0:2|0:0:0|0:0:0|0:0:0|0:0:0|1:1:0|1:2:0|2:0:1|1:1:0|0:0:0|2:0:1|0:1:1|1:2:0|1:1:0|0:0:0|3:3:0|3:3:0|2:0:1|0:0:0|1:1:0|0:0:0|0:0:0|0:0:0|1:2:0|0:0:1|0:0:0|1:1:0|4:0:3|0:0:0|0:0:0|2:0:2|4:0:3|1:1:0|1:1:0|2:0:2","0:0:0|0:0:0|0:0:0|0:0:0|0:0:0|0:0:0|2:0:1|1:1:0|3:3:0|4:0:3|0:0:0|0:0:0|0:0:0|4:0:3|2:0:2|0:0:0|0:0:0|0:0:0|0:0:0|1:1:0|1:2:0|2:0:1|1:1:0|0:0:0|2:0:1|0:1:1|1:2:0|1:1:0|0:0:0|3:3:0|3:3:0|2:0:1|0:0:0|1:1:0|0:0:0|0:0:0|0:0:0|1:2:0|2:0:1|0:0:0|1:1:0|4:0:3|0:0:0|0:0:0|2:0:2|4:0:3|1:1:0|1:1:0|2:0:2"
"7x7-p96","7x7-p96-uct-0500","500","1","41","0.640625","1","1","O26","MH","60","60","61","60","1","1","3","2","0","3","0","3","0","0:0:0|0:0:0|0:0:0|0:0:0|0:0:0|0:0:0|2:0:1|1:1:0|3:3:0|4:0:3|0:0:0|0:0:0|0:0:0|4:0:3|2:0:2|0:0:0|0:0:0|0:0:0|0:0:0|1:1:0|1:2:0|2:0:1|1:1:0|0:0:0|2:0:1|0:1:1|1:2:0|1:1:0|0:0:0|3:3:0|3:3:0|2:0:1|0:0:0|1:1:0|0:0:0|0:0:0|0:0:0|1:2:0|2:0:1|0:0:0|1:1:0|4:0:3|0:0:0|0:0:0|2:0:2|4:0:3|1:1:0|1:1:0|2:0:2","0:0:0|0:0:0|0:0:0|0:0:0|0:0:0|0:0:0|2:0:1|1:1:0|3:3:0|4:0:3|0:0:0|0:0:0|0:0:0|4:0:3|2:0:2|0:0:0|0:0:0|0:0:0|0:0:0|1:1:0|1:3:0|2:0:1|1:1:0|0:0:0|2:0:1|0:1:1|1:2:0|1:1:0|0:0:0|3:3:0|3:3:0|2:0:1|0:0:0|1:1:0|0:0:0|0:0:0|0:0:0|1:2:0|2:0:1|0:0:0|1:1:0|4:0:3|0:0:0|0:0:0|2:0:2|4:0:3|1:1:0|1:1:0|2:0:2","0:0:0|0:0:0|0:0:0|0:0:0|0:0:0|0:0:0|2:0:1|1:1:0|3:3:0|4:0:3|0:0:0|0:0:0|0:0:0|4:0:3|2:0:2|0:0:0|0:0:0|0:0:0|0:0:0|1:1:0|3:3:0|2:0:1|1:1:0|0:0:0|2:0:1|0:1:1|1:2:0|1:1:0|0:0:0|3:3:0|3:3:0|2:0:1|0:0:0|1:2:0|0:0:0|0:0:0|0:0:0|1:2:0|2:0:1|0:0:0|1:2:0|4:0:3|0:0:0|0:0:0|2:0:2|4:0:3|1:1:0|1:1:0|2:0:2"
"7x7-p96","7x7-p96-uct-0500","500","1","41","0.640625","2","1","O45","MH","61","60","62","60","1","1","1","1","0","2","0","2","0","0:0:0|0:0:0|0:0:0|0:0:0|0:0:0|0:0:0|2:0:1|1:1:0|3:3:0|4:0:3|0:0:0|0:0:0|0:0:0|4:0:3|2:0:2|0:0:0|0:0:0|0:0:0|0:0:0|1:1:0|1:3:0|2:0:1|1:1:0|0:0:0|2:0:1|0:1:1|1:2:0|1:1:0|0:0:0|3:3:0|3:3:0|2:0:1|0:0:0|1:1:0|0:0:0|0:0:0|0:0:0|1:2:0|2:0:1|0:0:0|1:1:0|4:0:3|0:0:0|0:0:0|2:0:2|4:0:3|1:1:0|1:1:0|2:0:2","0:0:0|0:0:0|0:0:0|0:0:0|0:0:0|0:0:0|2:0:1|1:1:0|3:3:0|4:0:3|0:0:0|0:0:0|0:0:0|4:0:3|2:0:2|0:0:0|0:0:0|0:0:0|0:0:0|1:1:0|1:3:0|2:0:1|1:1:0|0:0:0|2:0:1|0:1:1|1:2:0|1:1:0|0:0:0|3:3:0|3:3:0|2:0:1|0:0:0|1:2:0|0:0:0|0:0:0|0:0:0|1:2:0|2:0:1|0:0:0|1:1:0|4:0:3|0:0:0|0:0:0|2:0:2|4:0:3|1:1:0|1:1:0|2:0:2","0:0:0|0:0:0|0:0:0|0:0:0|0:0:0|0:0:0|2:0:1|1:1:0|3:3:0|4:0:3|0:0:0|0:0:0|0:0:0|4:0:3|2:0:2|0:0:0|0:0:0|0:0:0|0:0:0|1:1:0|3:3:0|2:0:1|1:1:0|0:0:0|2:0:1|0:1:1|1:2:0|1:1:0|0:0:0|3:3:0|3:3:0|2:0:1|0:0:0|1:2:0|0:0:0|0:0:0|0:0:0|1:2:0|2:0:1|0:0:0|1:2:0|4:0:3|0:0:0|0:0:0|2:0:2|4:0:3|1:1:0|1:1:0|2:0:2"
"7x7-p96","7x7-p96-uct-0500","500","1","41","0.640625","3","1","O55","HH","62","60","63","60","1","1","1","1","0","2","0","2","0","0:0:0|0:0:0|0:0:0|0:0:0|0:0:0|0:0:0|2:0:1|1:1:0|3:3:0|4:0:3|0:0:0|0:0:0|0:0:0|4:0:3|2:0:2|0:0:0|0:0:0|0:0:0|0:0:0|1:1:0|1:3:0|2:0:1|1:1:0|0:0:0|2:0:1|0:1:1|1:2:0|1:1:0|0:0:0|3:3:0|3:3:0|2:0:1|0:0:0|1:2:0|0:0:0|0:0:0|0:0:0|1:2:0|2:0:1|0:0:0|1:1:0|4:0:3|0:0:0|0:0:0|2:0:2|4:0:3|1:1:0|1:1:0|2:0:2","0:0:0|0:0:0|0:0:0|0:0:0|0:0:0|0:0:0|2:0:1|1:1:0|3:3:0|4:0:3|0:0:0|0:0:0|0:0:0|4:0:3|2:0:2|0:0:0|0:0:0|0:0:0|0:0:0|1:1:0|3:3:0|2:0:1|1:1:0|0:0:0|2:0:1|0:1:1|1:2:0|1:1:0|0:0:0|3:3:0|3:3:0|2:0:1|0:0:0|1:2:0|0:0:0|0:0:0|0:0:0|1:2:0|2:0:1|0:0:0|1:2:0|4:0:3|0:0:0|0:0:0|2:0:2|4:0:3|1:1:0|1:1:0|2:0:2","0:0:0|0:0:0|0:0:0|0:0:0|0:0:0|0:0:0|2:0:1|1:1:0|3:3:0|4:0:3|0:0:0|0:0:0|0:0:0|4:0:3|2:0:2|0:0:0|0:0:0|0:0:0|0:0:0|1:1:0|3:3:0|2:0:1|1:1:0|0:0:0|2:0:1|0:1:1|1:2:0|1:1:0|0:0:0|3:3:0|3:3:0|2:0:1|0:0:0|1:2:0|0:0:0|0:0:0|0:0:0|1:2:0|2:0:1|0:0:0|1:2:0|4:0:3|0:0:0|0:0:0|2:0:2|4:0:3|1:1:0|1:1:0|2:0:2"
"7x7-p96","7x7-p96-uct-0500","500","1","42","0.656250","2","2","O20","ML","63","61","63","62","2","2","4","0","2","0","3","0","3","0:0:0|0:0:0|0:0:0|0:0:0|0:0:0|0:0:0|2:0:1|1:1:0|3:3:0|4:0:3|0:0:0|0:0:0|0:0:0|4:0:3|2:0:2|0:0:0|0:0:0|0:0:0|0:0:0|1:1:0|3:3:0|2:0:1|1:1:0|0:0:0|2:0:1|0:1:1|1:2:0|1:1:0|0:0:0|3:3:0|3:3:0|2:0:1|0:0:0|1:2:0|0:0:0|0:0:0|0:0:0|1:2:0|2:0:1|0:0:0|1:2:0|4:0:3|0:0:0|0:0:0|2:0:2|4:0:3|1:1:0|1:1:0|2:0:2","0:0:0|0:0:0|0:0:0|0:0:0|0:0:0|0:0:0|2:0:1|1:1:0|3:3:0|4:0:3|0:0:0|0:0:0|0:0:0|4:0:3|2:0:3|0:0:0|0:0:0|0:0:0|0:0:0|1:1:0|3:3:0|2:0:1|1:1:0|0:0:0|2:0:1|0:1:1|1:2:0|1:1:0|0:0:0|3:3:0|3:3:0|2:0:1|0:0:0|1:2:0|0:0:0|0:0:0|0:0:0|1:2:0|2:0:1|0:0:0|1:2:0|4:0:3|0:0:0|0:0:0|2:0:2|4:0:3|1:1:0|1:1:0|2:0:2","0:0:0|0:0:0|0:0:0|0:0:0|0:0:0|0:0:0|2:0:1|1:1:0|3:3:0|4:0:3|0:0:0|0:0:0|0:0:0|4:0:3|4:0:3|0:0:0|0:0:0|0:0:0|0:0:0|1:1:0|3:3:0|2:0:1|1:1:0|0:0:0|2:0:1|0:1:1|1:2:0|1:1:0|0:0:0|3:3:0|3:3:0|2:0:1|0:0:0|1:2:0|0:0:0|0:0:0|0:0:0|1:2:0|2:0:1|0:0:0|1:2:0|4:0:3|0:0:0|0:0:0|2:0:2|4:0:3|1:1:0|1:1:0|2:0:2"
"7x7-p96","7x7-p96-uct-0500","500","1","43","0.671875","1","1","O35","MH","63","63","64","63","1","1","3","2","0","3","0","3","0","0:0:0|0:0:0|0:0:0|0:0:0|0:0:0|0:0:0|2:0:1|1:1:0|3:3:0|4:0:3|0:0:0|0:0:0|0:0:0|4:0:3|4:0:3|0:0:0|0:0:0|0:0:0|0:0:0|1:1:0|3:3:0|2:0:1|1:1:0|0:0:0|2:0:1|0:1:1|1:2:0|1:1:0|0:0:0|3:3:0|3:3:0|2:0:1|0:0:0|1:2:0|0:0:0|0:0:0|0:0:0|1:2:0|2:0:1|0:0:0|1:2:0|4:0:3|0:0:0|0:0:0|2:0:2|4:0:3|1:1:0|1:1:0|2:0:2","0:0:0|0:0:0|0:0:0|0:0:0|0:0:0|0:0:0|2:0:1|1:1:0|3:3:0|4:0:3|0:0:0|0:0:0|0:0:0|4:0:3|4:0:3|0:0:0|0:0:0|0:0:0|0:0:0|1:1:0|3:3:0|2:0:1|1:1:0|0:0:0|2:0:1|0:1:1|1:3:0|1:1:0|0:0:0|3:3:0|3:3:0|2:0:1|0:0:0|1:2:0|0:0:0|0:0:0|0:0:0|1:2:0|2:0:1|0:0:0|1:2:0|4:0:3|0:0:0|0:0:0|2:0:2|4:0:3|1:1:0|1:1:0|2:0:2","0:0:0|0:0:0|0:0:0|0:0:0|0:0:0|0:0:0|2:0:1|1:1:0|3:3:0|4:0:3|0:0:0|0:0:0|0:0:0|4:0:3|4:0:3|0:0:0|0:0:0|0:0:0|0:0:0|1:1:0|3:3:0|2:0:1|1:1:0|0:0:0|2:0:1|0:1:1|3:3:0|1:1:0|0:0:0|3:3:0|3:3:0|2:0:1|0:0:0|1:2:0|0:0:0|0:0:0|0:0:0|1:2:0|2:0:1|0:0:0|1:2:0|4:0:3|0:0:0|0:0:0|2:0:2|4:0:3|1:1:0|1:1:0|2:0:2"
"7x7-p96","7x7-p96-uct-0500","500","1","44","0.687500","2","2","O61","HL","66","64","66","65","0","0","2","0","0","0","1","0","1","0:0:0|0:0:0|0:0:0|0:0:0|0:0:0|0:0:0|2:0:1|1:1:0|3:3:0|4:0:3|0:0:0|0:0:0|0:0:0|4:0:3|4:0:3|0:0:0|0:0:0|0:0:0|0:0:0|1:1:0|3:3:0|2:0:1|1:1:0|0:0:0|2:0:1|0:1:1|3:3:0|1:1:0|0:0:0|3:3:0|3:3:0|2:0:1|0:0:0|1:2:0|0:0:0|0:0:0|0:0:0|1:2:0|2:0:1|0:0:0|1:2:0|4:0:3|0:0:0|0:0:0|2:0:2|4:0:3|1:1:0|1:1:0|2:0:2","0:0:0|0:0:0|0:0:0|0:0:0|0:0:0|0:0:0|2:0:1|1:1:0|3:3:0|4:0:3|0:0:0|0:0:0|0:0:0|4:0:3|4:0:3|0:0:0|0:0:0|0:0:0|0:0:0|1:1:0|3:3:0|2:0:1|1:1:0|0:0:0|2:0:1|0:1:1|3:3:0|1:1:0|0:0:0|3:3:0|3:3:0|2:0:1|0:0:0|1:2:0|0:0:0|0:0:0|0:0:0|1:2:0|2:0:1|0:0:0|1:2:0|4:0:3|0:0:0|0:0:1|2:0:2|4:0:3|1:1:0|1:1:0|2:0:2","0:0:0|0:0:0|0:0:0|0:0:0|0:0:0|0:0:0|2:0:1|1:1:0|3:3:0|4:0:3|0:0:0|0:0:0|0:0:0|4:0:3|4:0:3|0:0:0|0:0:0|0:0:0|0:0:0|1:1:0|3:3:0|2:0:1|1:1:0|0:0:0|2:0:1|0:1:1|3:3:0|1:1:0|0:0:0|3:3:0|3:3:0|2:0:1|0:0:0|1:2:0|0:0:0|0:0:0|0:0:0|1:2:0|2:0:1|0:0:0|1:2:0|4:0:3|0:0:0|2:0:1|2:0:2|4:0:3|1:1:0|1:1:0|2:0:2"
"7x7-p96","7x7-p96-uct-0500","500","1","45","0.703125","1","1","O32","MM","66","66","67","66","0","0","1","0","0","1","0","1","0","0:0:0|0:0:0|0:0:0|0:0:0|0:0:0|0:0:0|2:0:1|1:1:0|3:3:0|4:0:3|0:0:0|0:0:0|0:0:0|4:0:3|4:0:3|0:0:0|0:0:0|0:0:0|0:0:0|1:1:0|3:3:0|2:0:1|1:1:0|0:0:0|2:0:1|0:1:1|3:3:0|1:1:0|0:0:0|3:3:0|3:3:0|2:0:1|0:0:0|1:2:0|0:0:0|0:0:0|0:0:0|1:2:0|2:0:1|0:0:0|1:2:0|4:0:3|0:0:0|2:0:1|2:0:2|4:0:3|1:1:0|1:1:0|2:0:2","0:0:0|0:0:0|0:0:0|0:0:0|0:0:0|0:0:0|2:0:1|1:1:0|3:3:0|4:0:3|0:0:0|0:0:0|0:0:0|4:0:3|4:0:3|0:0:0|0:0:0|0:0:0|0:0:0|1:1:0|3:3:0|2:0:1|1:1:0|0:1:0|2:0:1|0:1:1|3:3:0|1:1:0|0:0:0|3:3:0|3:3:0|2:0:1|0:0:0|1:2:0|0:0:0|0:0:0|0:0:0|1:2:0|2:0:1|0:0:0|1:2:0|4:0:3|0:0:0|2:0:1|2:0:2|4:0:3|1:1:0|1:1:0|2:0:2","0:0:0|0:0:0|0:0:0|0:0:0|0:0:0|0:0:0|2:0:1|1:1:0|3:3:0|4:0:3|0:0:0|0:0:0|0:0:0|4:0:3|4:0:3|0:0:0|0:0:0|0:0:0|0:0:0|1:1:0|3:3:0|2:0:1|1:1:0|1:1:0|2:0:1|0:1:1|3:3:0|1:1:0|0:0:0|3:3:0|3:3:0|2:0:1|0:0:0|1:2:0|0:0:0|0:0:0|0:0:0|3:3:0|2:0:1|0:0:0|1:2:0|4:0:3|0:0:0|2:0:1|2:0:2|4:0:3|1:1:0|1:1:0|2:0:2"
"7x7-p96","7x7-p96-uct-0500","500","1","45","0.703125","3","1","O52","HM","68","66","69","66","1","3","3","2","0","3","0","3","0","0:0:0|0:0:0|0:0:0|0:0:0|0:0:0|0:0:0|2:0:1|1:1:0|3:3:0|4:0:3|0:0:0|0:0:0|0:0:0|4:0:3|4:0:3|0:0:0|0:0:0|0:0:0|0:0:0|1:1:0|3:3:0|2:0:1|1:1:0|0:1:0|2:0:1|0:1:1|3:3:0|1:1:0|0:0:0|3:3:0|3:3:0|2:0:1|0:0:0|1:2:0|0:0:0|0:0:0|0:0:0|1:2:0|2:0:1|0:0:0|1:2:0|4:0:3|0:0:0|2:0:1|2:0:2|4:0:3|1:1:0|1:1:0|2:0:2","0:0:0|0:0:0|0:0:0|0:0:0|0:0:0|0:0:0|2:0:1|1:1:0|3:3:0|4:0:3|0:0:0|0:0:0|0:0:0|4:0:3|4:0:3|0:0:0|0:0:0|0:0:0|0:0:0|1:1:0|3:3:0|2:0:1|1:1:0|1:1:0|2:0:1|0:1:1|3:3:0|1:1:0|0:0:0|3:3:0|3:3:0|2:0:1|0:0:0|1:2:0|0:0:0|0:0:0|0:0:0|3:3:0|2:0:1|0:0:0|1:2:0|4:0:3|0:0:0|2:0:1|2:0:2|4:0:3|1:1:0|1:1:0|2:0:2","0:0:0|0:0:0|0:0:0|0:0:0|0:0:0|0:0:0|2:0:1|1:1:0|3:3:0|4:0:3|0:0:0|0:0:0|0:0:0|4:0:3|4:0:3|0:0:0|0:0:0|0:0:0|0:0:0|1:1:0|3:3:0|2:0:1|1:1:0|1:1:0|2:0:1|0:1:1|3:3:0|1:1:0|0:0:0|3:3:0|3:3:0|2:0:1|0:0:0|1:2:0|0:0:0|0:0:0|0:0:0|3:3:0|2:0:1|0:0:0|1:2:0|4:0:3|0:0:0|2:0:1|2:0:2|4:0:3|1:1:0|1:1:0|2:0:2"
"7x7-p96","7x7-p96-uct-0500","500","1","46","0.718750","1","2","O33","MM","69","66","69","67","2","2","2","0","1","0","2","0","2","0:0:0|0:0:0|0:0:0|0:0:0|0:0:0|0:0:0|2:0:1|1:1:0|3:3:0|4:0:3|0:0:0|0:0:0|0:0:0|4:0:3|4:0:3|0:0:0|0:0:0|0:0:0|0:0:0|1:1:0|3:3:0|2:0:1|1:1:0|1:1:0|2:0:1|0:1:1|3:3:0|1:1:0|0:0:0|3:3:0|3:3:0|2:0:1|0:0:0|1:2:0|0:0:0|0:0:0|0:0:0|3:3:0|2:0:1|0:0:0|1:2:0|4:0:3|0:0:0|2:0:1|2:0:2|4:0:3|1:1:0|1:1:0|2:0:2","0:0:0|0:0:0|0:0:0|0:0:0|0:0:0|0:0:0|2:0:1|1:1:0|3:3:0|4:0:3|0:0:0|0:0:0|0:0:0|4:0:3|4:0:3|0:0:0|0:0:0|0:0:0|0:0:0|1:1:0|3:3:0|2:0:1|1:1:0|1:1:0|2:0:2|0:1:1|3:3:0|1:1:0|0:0:0|3:3:0|3:3:0|2:0:1|0:0:0|1:2:0|0:0:0|0:0:0|0:0:0|3:3:0|2:0:1|0:0:0|1:2:0|4:0:3|0:0:0|2:0:1|2:0:2|4:0:3|1:1:0|1:1:0|2:0:2","0:0:0|0:0:0|0:0:0|0:0:0|0:0:0|0:0:0|2:0:1|1:1:0|3:3:0|4:0:3|0:0:0|0:0:0|0:0:0|4:0:3|4:0:3|0:0:0|0:0:0|0:0:0|0:0:0|1:1:0|3:3:0|2:0:1|1:1:0|1:1:0|2:0:2|0:1:1|3:3:0|1:1:0|0:0:0|3:3:0|3:3:0|2:0:1|0:0:0|1:2:0|2:0:1|0:0:0|0:0:0|3:3:0|2:0:1|0:0:0|1:2:0|4:0:3|0:0:0|2:0:1|4:0:3|4:0:3|1:1:0|1:1:0|2:0:2"
"7x7-p96","7x7-p96-uct-0500","500","1","46","0.718750","2","2","O46","MH","69","67","69","68","0","0","2","0","0","0","1","0","1","0:0:0|0:0:0|0:0:0|0:0:0|0:0:0|0:0:0|2:0:1|1:1:0|3:3:0|4:0:3|0:0:0|0:0:0|0:0:0|4:0:3|4:0:3|0:0:0|0:0:0|0:0:0|0:0:0|1:1:0|3:3:0|2:0:1|1:1:0|1:1:0|2:0:2|0:1:1|3:3:0|1:1:0|0:0:0|3:3:0|3:3:0|2:0:1|0:0:0|1:2:0|0:0:0|0:0:0|0:0:0|3:3:0|2:0:1|0:0:0|1:2:0|4:0:3|0:0:0|2:0:1|2:0:2|4:0:3|1:1:0|1:1:0|2:0:2","0:0:0|0:0:0|0:0:0|0:0:0|0:0:0|0:0:0|2:0:1|1:1:0|3:3:0|4:0:3|0:0:0|0:0:0|0:0:0|4:0:3|4:0:3|0:0:0|0:0:0|0:0:0|0:0:0|1:1:0|3:3:0|2:0:1|1:1:0|1:1:0|2:0:2|0:1:1|3:3:0|1:1:0|0:0:0|3:3:0|3:3:0|2:0:1|0:0:0|1:2:0|0:0:1|0:0:0|0:0:0|3:3:0|2:0:1|0:0:0|1:2:0|4:0:3|0:0:0|2:0:1|2:0:2|4:0:3|1:1:0|1:1:0|2:0:2","0:0:0|0:0:0|0:0:0|0:0:0|0:0:0|0:0:0|2:0:1|1:1:0|3:3:0|4:0:3|0:0:0|0:0:0|0:0:0|4:0:3|4:0:3|0:0:0|0:0:0|0:0:0|0:0:0|1:1:0|3:3:0|2:0:1|1:1:0|1:1:0|2:0:2|0:1:1|3:3:0|1:1:0|0:0:0|3:3:0|3:3:0|2:0:1|0:0:0|1:2:0|2:0:1|0:0:0|0:0:0|3:3:0|2:0:1|0:0:0|1:2:0|4:0:3|0:0:0|2:0:1|4:0:3|4:0:3|1:1:0|1:1:0|2:0:2"
"7x7-p96","7x7-p96-uct-0500","500","1","46","0.718750","3","2","O62","HM","69","68","69","69","2","4","4","0","2","0","3","0","3","0:0:0|0:0:0|0:0:0|0:0:0|0:0:0|0:0:0|2:0:1|1:1:0|3:3:0|4:0:3|0:0:0|0:0:0|0:0:0|4:0:3|4:0:3|0:0:0|0:0:0|0:0:0|0:0:0|1:1:0|3:3:0|2:0:1|1:1:0|1:1:0|2:0:2|0:1:1|3:3:0|1:1:0|0:0:0|3:3:0|3:3:0|2:0:1|0:0:0|1:2:0|0:0:1|0:0:0|0:0:0|3:3:0|2:0:1|0:0:0|1:2:0|4:0:3|0:0:0|2:0:1|2:0:2|4:0:3|1:1:0|1:1:0|2:0:2","0:0:0|0:0:0|0:0:0|0:0:0|0:0:0|0:0:0|2:0:1|1:1:0|3:3:0|4:0:3|0:0:0|0:0:0|0:0:0|4:0:3|4:0:3|0:0:0|0:0:0|0:0:0|0:0:0|1:1:0|3:3:0|2:0:1|1:1:0|1:1:0|2:0:2|0:1:1|3:3:0|1:1:0|0:0:0|3:3:0|3:3:0|2:0:1|0:0:0|1:2:0|2:0:1|0:0:0|0:0:0|3:3:0|2:0:1|0:0:0|1:2:0|4:0:3|0:0:0|2:0:1|4:0:3|4:0:3|1:1:0|1:1:0|2:0:2","0:0:0|0:0:0|0:0:0|0:0:0|0:0:0|0:0:0|2:0:1|1:1:0|3:3:0|4:0:3|0:0:0|0:0:0|0:0:0|4:0:3|4:0:3|0:0:0|0:0:0|0:0:0|0:0:0|1:1:0|3:3:0|2:0:1|1:1:0|1:1:0|2:0:2|0:1:1|3:3:0|1:1:0|0:0:0|3:3:0|3:3:0|2:0:1|0:0:0|1:2:0|2:0:1|0:0:0|0:0:0|3:3:0|2:0:1|0:0:0|1:2:0|4:0:3|0:0:0|2:0:1|4:0:3|4:0:3|1:1:0|1:1:0|2:0:2"
"7x7-p96","7x7-p96-uct-0500","500","1","48","0.750000","1","2","O33","MM","72","69","72","70","2","2","4","0","2","0","3","0","3","0:0:0|0:0:0|0:0:0|0:0:0|0:0:0|0:0:0|2:0:1|1:1:0|3:3:0|4:0:3|0:0:0|0:0:0|0:0:0|4:0:3|4:0:3|0:0:0|0:0:0|0:0:0|0:0:0|1:1:0|3:3:0|2:0:1|1:1:0|1:1:0|2:0:2|0:1:1|3:3:0|1:1:0|0:0:0|3:3:0|3:3:0|2:0:1|0:0:0|1:2:0|2:0:1|0:0:0|0:0:0|3:3:0|2:0:1|0:0:0|1:2:0|4:0:3|0:0:0|2:0:1|4:0:3|4:0:3|1:1:0|1:1:0|2:0:2","0:0:0|0:0:0|0:0:0|0:0:0|0:0:0|0:0:0|2:0:1|1:1:0|3:3:0|4:0:3|0:0:0|0:0:0|0:0:0|4:0:3|4:0:3|0:0:0|0:0:0|0:0:0|0:0:0|1:1:0|3:3:0|2:0:1|1:1:0|1:1:0|2:0:3|0:1:1|3:3:0|1:1:0|0:0:0|3:3:0|3:3:0|2:0:1|0:0:0|1:2:0|2:0:1|0:0:0|0:0:0|3:3:0|2:0:1|0:0:0|1:2:0|4:0:3|0:0:0|2:0:1|4:0:3|4:0:3|1:1:0|1:1:0|2:0:2","0:0:0|0:0:0|0:0:0|0:0:0|0:0:0|0:0:0|2:0:1|1:1:0|3:3:0|4:0:3|2:0:1|0:0:0|0:0:0|4:0:3|4:0:3|0:0:0|0:0:0|0:0:0|0:0:0|1:1:0|3:3:0|2:0:1|1:1:0|1:1:0|4:0:3|0:1:1|3:3:0|1:1:0|0:0:0|3:3:0|3:3:0|2:0:1|0:0:0|1:2:0|2:0:1|0:0:0|0:0:0|3:3:0|2:0:1|0:0:0|1:2:0|4:0:3|0:0:0|2:0:1|4:0:3|4:0:3|1:1:0|1:1:0|4:0:3"
"7x7-p96","7x7-p96-uct-0500","500","1","48","0.750000","2","2","O13","LM","72","70","72","71","0","0","2","0","0","0","1","0","1","0:0:0|0:0:0|0:0:0|0:0:0|0:0:0|0:0:0|2:0:1|1:1:0|3:3:0|4:0:3|0:0:0|0:0:0|0:0:0|4:0:3|4:0:3|0:0:0|0:0:0|0:0:0|0:0:0|1:1:0|3:3:0|2:0:1|1:1:0|1:1:0|2:0:3|0:1:1|3:3:0|1:1:0|0:0:0|3:3:0|3:3:0|2:0:1|0:0:0|1:2:0|2:0:1|0:0:0|0:0:0|3:3:0|2:0:1|0:0:0|1:2:0|4:0:3|0:0:0|2:0:1|4:0:3|4:0:3|1:1:0|1:1:0|2:0:2","0:0:0|0:0:0|0:0:0|0:0:0|0:0:0|0:0:0|2:0:1|1:1:0|3:3:0|4:0:3|0:0:1|0:0:0|0:0:0|4:0:3|4:0:3|0:0:0|0:0:0|0:0:0|0:0:0|1:1:0|3:3:0|2:0:1|1:1:0|1:1:0|2:0:3|0:1:1|3:3:0|1:1:0|0:0:0|3:3:0|3:3:0|2:0:1|0:0:0|1:2:0|2:0:1|0:0:0|0:0:0|3:3:0|2:0:1|0:0:0|1:2:0|4:0:3|0:0:0|2:0:1|4:0:3|4:0:3|1:1:0|1:1:0|2:0:2","0:0:0|0:0:0|0:0:0|0:0:0|0:0:0|0:0:0|2:0:1|1:1:0|3:3:0|4:0:3|2:0:1|0:0:0|0:0:0|4:0:3|4:0:3|0:0:0|0:0:0|0:0:0|0:0:0|1:1:0|3:3:0|2:0:1|1:1:0|1:1:0|4:0:3|0:1:1|3:3:0|1:1:0|0:0:0|3:3:0|3:3:0|2:0:1|0:0:0|1:2:0|2:0:1|0:0:0|0:0:0|3:3:0|2:0:1|0:0:0|1:2:0|4:0:3|0:0:0|2:0:1|4:0:3|4:0:3|1:1:0|1:1:0|4:0:3"
"7x7-p96","7x7-p96-uct-0500","500","1","48","0.750000","3","2","O66","HH","72","71","72","72","2","4","4","0","2","0","3","0","3","0:0:0|0:0:0|0:0:0|0:0:0|0:0:0|0:0:0|2:0:1|1:1:0|3:3:0|4:0:3|0:0:1|0:0:0|0:0:0|4:0:3|4:0:3|0:0:0|0:0:0|0:0:0|0:0:0|1:1:0|3:3:0|2:0:1|1:1:0|1:1:0|2:0:3|0:1:1|3:3:0|1:1:0|0:0:0|3:3:0|3:3:0|2:0:1|0:0:0|1:2:0|2:0:1|0:0:0|0:0:0|3:3:0|2:0:1|0:0:0|1:2:0|4:0:3|0:0:0|2:0:1|4:0:3|4:0:3|1:1:0|1:1:0|2:0:2","0:0:0|0:0:0|0:0:0|0:0:0|0:0:0|0:0:0|2:0:1|1:1:0|3:3:0|4:0:3|2:0:1|0:0:0|0:0:0|4:0:3|4:0:3|0:0:0|0:0:0|0:0:0|0:0:0|1:1:0|3:3:0|2:0:1|1:1:0|1:1:0|4:0:3|0:1:1|3:3:0|1:1:0|0:0:0|3:3:0|3:3:0|2:0:1|0:0:0|1:2:0|2:0:1|0:0:0|0:0:0|3:3:0|2:0:1|0:0:0|1:2:0|4:0:3|0:0:0|2:0:1|4:0:3|4:0:3|1:1:0|1:1:0|4:0:3","0:0:0|0:0:0|0:0:0|0:0:0|0:0:0|0:0:0|2:0:1|1:1:0|3:3:0|4:0:3|2:0:1|0:0:0|0:0:0|4:0:3|4:0:3|0:0:0|0:0:0|0:0:0|0:0:0|1:1:0|3:3:0|2:0:1|1:1:0|1:1:0|4:0:3|0:1:1|3:3:0|1:1:0|0:0:0|3:3:0|3:3:0|2:0:1|0:0:0|1:2:0|2:0:1|0:0:0|0:0:0|3:3:0|2:0:1|0:0:0|1:2:0|4:0:3|0:0:0|2:0:1|4:0:3|4:0:3|1:1:0|1:1:0|4:0:3"
"7x7-p96","7x7-p96-uct-0500","500","1","49","0.765625","2","1","O64","HM","73","72","74","72","1","1","1","1","0","2","0","2","0","0:0:0|0:0:0|0:0:0|0:0:0|0:0:0|0:0:0|2:0:1|1:1:0|3:3:0|4:0:3|2:0:1|0:0:0|0:0:0|4:0:3|4:0:3|0:0:0|0:0:0|0:0:0|0:0:0|1:1:0|3:3:0|2:0:1|1:1:0|1:1:0|4:0:3|0:1:1|3:3:0|1:1:0|0:0:0|3:3:0|3:3:0|2:0:1|0:0:0|1:2:0|2:0:1|0:0:0|0:0:0|3:3:0|2:0:1|0:0:0|1:2:0|4:0:3|0:0:0|2:0:1|4:0:3|4:0:3|1:1:0|1:1:0|4:0:3","0:0:0|0:0:0|0:0:0|0:0:0|0:0:0|0:0:0|2:0:1|1:1:0|3:3:0|4:0:3|2:0:1|0:0:0|0:0:0|4:0:3|4:0:3|0:0:0|0:0:0|0:0:0|0:0:0|1:1:0|3:3:0|2:0:1|1:1:0|1:1:0|4:0:3|0:1:1|3:3:0|1:1:0|0:0:0|3:3:0|3:3:0|2:0:1|0:0:0|1:2:0|2:0:1|0:0:0|0:0:0|3:3:0|2:0:1|0:0:0|1:2:0|4:0:3|0:0:0|2:0:1|4:0:3|4:0:3|1:2:0|1:1:0|4:0:3","0:0:0|0:0:0|0:0:0|0:0:0|0:0:0|0:0:0|2:0:1|1:1:0|3:3:0|4:0:3|2:0:1|0:0:0|0:0:0|4:0:3|4:0:3|0:0:0|0:0:0|0:0:0|0:0:0|1:1:0|3:3:0|2:0:1|1:1:0|1:1:0|4:0:3|0:1:1|3:3:0|1:1:0|0:0:0|3:3:0|3:3:0|2:0:1|0:0:0|1:2:0|2:0:1|0:0:0|0:0:0|3:3:0|2:0:1|0:0:0|1:2:0|4:0:3|0:0:0|2:0:1|4:0:3|4:0:3|1:2:0|1:1:0|4:0:3"
"7x7-p96","7x7-p96-uct-0500","500","1","50","0.781250","1","2","O65","HH","75","72","75","73","1","1","0","1","0","1","1","1","1","0:0:0|0:0:0|0:0:0|0:0:0|0:0:0|0:0:0|2:0:1|1:1:0|3:3:0|4:0:3|2:0:1|0:0:0|0:0:0|4:0:3|4:0:3|0:0:0|0:0:0|0:0:0|0:0:0|1:1:0|3:3:0|2:0:1|1:1:0|1:1:0|4:0:3|0:1:1|3:3:0|1:1:0|0:0:0|3:3:0|3:3:0|2:0:1|0:0:0|1:2:0|2:0:1|0:0:0|0:0:0|3:3:0|2:0:1|0:0:0|1:2:0|4:0:3|0:0:0|2:0:1|4:0:3|4:0:3|1:2:0|1:1:0|4:0:3","0:0:0|0:0:0|0:0:0|0:0:0|0:0:0|0:0:0|2:0:1|1:1:0|3:3:0|4:0:3|2:0:1|0:0:0|0:0:0|4:0:3|4:0:3|0:0:0|0:0:0|0:0:0|0:0:0|1:1:0|3:3:0|2:0:1|1:1:0|1:1:0|4:0:3|0:1:1|3:3:0|1:1:0|0:0:0|3:3:0|3:3:0|2:0:1|0:0:0|1:2:0|2:0:1|0:0:0|0:0:0|3:3:0|2:0:1|0:0:0|1:2:0|4:0:3|0:0:0|2:0:1|4:0:3|4:0:3|1:2:0|1:1:1|4:0:3","2:0:1|0:0:0|0:0:0|0:0:0|0:0:0|0:0:0|2:0:1|1:1:0|3:3:0|4:0:3|2:0:1|0:0:0|0:0:0|4:0:3|4:0:3|0:0:0|0:0:0|0:0:0|0:0:0|1:1:0|3:3:0|2:0:1|1:1:0|1:1:0|4:0:3|0:1:1|3:3:0|1:1:0|0:0:0|3:3:0|3:3:0|2:0:1|0:0:0|1:2:0|2:0:1|0:0:0|0:0:0|3:3:0|2:0:1|0:0:0|1:2:0|4:0:3|0:0:0|2:0:1|4:0:3|4:0:3|1:2:0|0:1:1|4:0:3"
"7x7-p96","7x7-p96-uct-0500","500","1","50","0.781250","2","2","O00","LL","75","73","75","74","0","0","2","0","0","0","1","0","1","0:0:0|0:0:0|0:0:0|0:0:0|0:0:0|0:0:0|2:0:1|1:1:0|3:3:0|4:0:3|2:0:1|0:0:0|0:0:0|4:0:3|4:0:3|0:0:0|0:0:0|0:0:0|0:0:0|1:1:0|3:3:0|2:0:1|1:1:0|1:1:0|4:0:3|0:1:1|3:3:0|1:1:0|0:0:0|3:3:0|3:3:0|2:0:1|0:0:0|1:2:0|2:0:1|0:0:0|0:0:0|3:3:0|2:0:1|0:0:0|1:2:0|4:0:3|0:0:0|2:0:1|4:0:3|4:0:3|1:2:0|1:1:1|4:0:3","0:0:1|0:0:0|0:0:0|0:0:0|0:0:0|0:0:0|2:0:1|1:1:0|3:3:0|4:0:3|2:0:1|0:0:0|0:0:0|4:0:3|4:0:3|0:0:0|0:0:0|0:0:0|0:0:0|1:1:0|3:3:0|2:0:1|1:1:0|1:1:0|4:0:3|0:1:1|3:3:0|1:1:0|0:0:0|3:3:0|3:3:0|2:0:1|0:0:0|1:2:0|2:0:1|0:0:0|0:0:0|3:3:0|2:0:1|0:0:0|1:2:0|4:0:3|0:0:0|2:0:1|4:0:3|4:0:3|1:2:0|1:1:1|4:0:3","2:0:1|0:0:0|0:0:0|0:0:0|0:0:0|0:0:0|2:0:1|1:1:0|3:3:0|4:0:3|2:0:1|0:0:0|0:0:0|4:0:3|4:0:3|0:0:0|0:0:0|0:0:0|0:0:0|1:1:0|3:3:0|2:0:1|1:1:0|1:1:0|4:0:3|0:1:1|3:3:0|1:1:0|0:0:0|3:3:0|3:3:0|2:0:1|0:0:0|1:2:0|2:0:1|0:0:0|0:0:0|3:3:0|2:0:1|0:0:0|1:2:0|4:0:3|0:0:0|2:0:1|4:0:3|4:0:3|1:2:0|0:1:1|4:0:3"
"7x7-p96","7x7-p96-uct-0500","500","1","51","0.796875","1","1","O02","LM","75","75","76","75","0","0","1","0","0","1","0","1","0","2:0:1|0:0:0|0:0:0|0:0:0|0:0:0|0:0:0|2:0:1|1:1:0|3:3:0|4:0:3|2:0:1|0:0:0|0:0:0|4:0:3|4:0:3|0:0:0|0:0:0|0:0:0|0:0:0|1:1:0|3:3:0|2:0:1|1:1:0|1:1:0|4:0:3|0:1:1|3:3:0|1:1:0|0:0:0|3:3:0|3:3:0|2:0:1|0:0:0|1:2:0|2:0:1|0:0:0|0:0:0|3:3:0|2:0:1|0:0:0|1:2:0|4:0:3|0:0:0|2:0:1|4:0:3|4:0:3|1:2:0|0:1:1|4:0:3","2:0:1|0:0:0|0:1:0|0:0:0|0:0:0|0:0:0|2:0:1|1:1:0|3:3:0|4:0:3|2:0:1|0:0:0|0:0:0|4:0:3|4:0:3|0:0:0|0:0:0|0:0:0|0:0:0|1:1:0|3:3:0|2:0:1|1:1:0|1:1:0|4:0:3|0:1:1|3:3:0|1:1:0|0:0:0|3:3:0|3:3:0|2:0:1|0:0:0|1:2:0|2:0:1|0:0:0|0:0:0|3:3:0|2:0:1|0:0:0|1:2:0|4:0:3|0:0:0|2:0:1|4:0:3|4:0:3|1:2:0|0:1:1|4:0:3","2:0:1|0:0:0|1:1:0|0:0:0|0:0:0|0:0:0|2:0:1|1:1:0|3:3:0|4:0:3|2:0:1|0:0:0|0:0:0|4:0:3|4:0:3|0:0:0|0:0:0|0:0:0|0:0:0|1:1:0|3:3:0|0:1:1|1:1:0|1:1:0|4:0:3|0:1:1|3:3:0|1:1:0|0:0:0|3:3:0|3:3:0|2:0:1|0:0:0|3:3:0|2:0:1|0:0:0|0:0:0|3:3:0|2:0:1|0:0:0|1:2:0|4:0:3|0:0:0|2:0:1|4:0:3|4:0:3|1:2:0|0:1:1|4:0:3"
"7x7-p96","7x7-p96-uct-0500","500","1","51","0.796875","2","1","O45","MH","76","75","77","75","1","1","3","2","0","3","0","3","0","2:0:1|0:0:0|0:1:0|0:0:0|0:0:0|0:0:0|2:0:1|1:1:0|3:3:0|4:0:3|2:0:1|0:0:0|0:0:0|4:0:3|4:0:3|0:0:0|0:0:0|0:0:0|0:0:0|1:1:0|3:3:0|2:0:1|1:1:0|1:1:0|4:0:3|0:1:1|3:3:0|1:1:0|0:0:0|3:3:0|3:3:0|2:0:1|0:0:0|1:2:0|2:0:1|0:0:0|0:0:0|3:3:0|2:0:1|0:0:0|1:2:0|4:0:3|0:0:0|2:0:1|4:0:3|4:0:3|1:2:0|0:1:1|4:0:3","2:0:1|0:0:0|0:1:0|0:0:0|0:0:0|0:0:0|2:0:1|1:1:0|3:3:0|4:0:3|2:0:1|0:0:0|0:0:0|4:0:3|4:0:3|0:0:0|0:0:0|0:0:0|0:0:0|1:1:0|3:3:0|2:0:1|1:1:0|1:1:0|4:0:3|0:1:1|3:3:0|1:1:0|0:0:0|3:3:0|3:3:0|2:0:1|0:0:0|1:3:0|2:0:1|0:0:0|0:0:0|3:3:0|2:0:1|0:0:0|1:2:0|4:0:3|0:0:0|2:0:1|4:0:3|4:0:3|1:2:0|0:1:1|4:0:3","2:0:1|0:0:0|1:1:0|0:0:0|0:0:0|0:0:0|2:0:1|1:1:0|3:3:0|4:0:3|2:0:1|0:0:0|0:0:0|4:0:3|4:0:3|0:0:0|0:0:0|0:0:0|0:0:0|1:1:0|3:3:0|0:1:1|1:1:0|1:1:0|4:0:3|0:1:1|3:3:0|1:1:0|0:0:0|3:3:0|3:3:0|2:0:1|0:0:0|3:3:0|2:0:1|0:0:0|0:0:0|3:3:0|2:0:1|0:0:0|1:2:0|4:0:3|0:0:0|2:0:1|4:0:3|4:0:3|1:2:0|0:1:1|4:0:3"
"7x7-p96","7x7-p96-uct-0500","500","1","51","0.796875","3","1","O30","ML","77","75","78","75","2","0","0","0","1","1","1","1","1","2:0:1|0:0:0|0:1:0|0:0:0|0:0:0|0:0:0|2:0:1|1:1:0|3:3:0|4:0:3|2:0:1|0:0:0|0:0:0|4:0:3|4:0:3|0:0:0|0:0:0|0:0:0|0:0:0|1:1:0|3:3:0|2:0:1|1:1:0|1:1:0|4:0:3|0:1:1|3:3:0|1:1:0|0:0:0|3:3:0|3:3:0|2:0:1|0:0:0|1:3:0|2:0:1|0:0:0|0:0:0|3:3:0|2:0:1|0:0:0|1:2:0|4:0:3|0:0:0|2:0:1|4:0:3|4:0:3|1:2:0|0:1:1|4:0:3","2:0:1|0:0:0|1:1:0|0:0:0|0:0:0|0:0:0|2:0:1|1:1:0|3:3:0|4:0:3|2:0:1|0:0:0|0:0:0|4:0:3|4:0:3|0:0:0|0:0:0|0:0:0|0:0:0|1:1:0|3:3:0|0:1:1|1:1:0|1:1:0|4:0:3|0:1:1|3:3:0|1:1:0|0:0:0|3:3:0|3:3:0|2:0:1|0:0:0|3:3:0|2:0:1|0:0:0|0:0:0|3:3:0|2:0:1|0:0:0|1:2:0|4:0:3|0:0:0|2:0:1|4:0:3|4:0:3|1:2:0|0:1:1|4:0:3","2:0:1|0:0:0|1:1:0|0:0:0|0:0:0|0:0:0|2:0:1|1:1:0|3:3:0|4:0:3|2:0:1|0:0:0|0:0:0|4:0:3|4:0:3|0:0:0|0:0:0|0:0:0|0:0:0|1:1:0|3:3:0|0:1:1|1:1:0|1:1:0|4:0:3|0:1:1|3:3:0|1:1:0|0:0:0|3:3:0|3:3:0|2:0:1|0:0:0|3:3:0|2:0:1|0:0:0|0:0:0|3:3:0|2:0:1|0:0:0|1:2:0|4:0:3|0:0:0|2:0:1|4:0:3|4:0:3|1:2:0|0:1:1|4:0:3"
"7x7-p96","7x7-p96-uct-0500","500","1","52","0.812500","1","2","O43","MM","78","75","78","76","2","2","4","0","1","0","2","0","3","2:0:1|0:0:0|1:1:0|0:0:0|0:0:0|0:0:0|2:0:1|1:1:0|3:3:0|4:0:3|2:0:1|0:0:0|0:0:0|4:0:3|4:0:3|0:0:0|0:0:0|0:0:0|0:0:0|1:1:0|3:3:0|0:1:1|1:1:0|1:1:0|4:0:3|0:1:1|3:3:0|1:1:0|0:0:0|3:3:0|3:3:0|2:0:1|0:0:0|3:3:0|2:0:1|0:0:0|0:0:0|3:3:0|2:0:1|0:0:0|1:2:0|4:0:3|0:0:0|2:0:1|4:0:3|4:0:3|1:2:0|0:1:1|4:0:3","2:0:1|0:0:0|1:1:0|0:0:0|0:0:0|0:0:0|2:0:1|1:1:0|3:3:0|4:0:3|2:0:1|0:0:0|0:0:0|4:0:3|4:0:3|0:0:0|0:0:0|0:0:0|0:0:0|1:1:0|3:3:0|0:1:1|1:1:0|1:1:0|4:0:3|0:1:1|3:3:0|1:1:0|0:0:0|3:3:0|3:3:0|2:0:2|0:0:0|3:3:0|2:0:1|0:0:0|0:0:0|3:3:0|2:0:1|0:0:0|1:2:0|4:0:3|0:0:0|2:0:1|4:0:3|4:0:3|1:2:0|0:1:1|4:0:3","2:0:1|0:0:0|1:1:0|0:0:0|0:0:0|0:0:0|2:0:1|1:1:0|3:3:0|4:0:3|2:0:1|0:0:0|0:0:0|4:0:3|4:0:3|0:0:0|0:0:0|0:0:0|0:0:0|1:1:0|3:3:0|0:1:1|1:1:0|1:1:0|4:0:3|0:1:1|3:3:0|1:1:0|0:0:0|3:3:0|3:3:0|4:0:3|0:0:0|3:3:0|2:0:2|0:0:0|0:0:0|3:3:0|2:0:1|0:0:0|1:2:0|4:0:3|0:0:0|2:0:1|4:0:3|4:0:3|1:2:0|0:1:1|4:0:3"
"7x7-p96","7x7-p96-uct-0500","500","1","52","0.812500","2","2","O46","MH","78","76","78","77","2","2","2","0","1","0","2","0","2","2:0:1|0:0:0|1:1:0|0:0:0|0:0:0|0:0:0|2:0:1|1:1:0|3:3:0|4:0:3|2:0:1|0:0:0|0:0:0|4:0:3|4:0:3|0:0:0|0:0:0|0:0:0|0:0:0|1:1:0|3:3:0|0:1:1|1:1:0|1:1:0|4:0:3|0:1:1|3:3:0|1:1:0|0:0:0|3:3:0|3:3:0|2:0:2|0:0:0|3:3:0|2:0:1|0:0:0|0:0:0|3:3:0|2:0:1|0:0:0|1:2:0|4:0:3|0:0:0|2:0:1|4:0:3|4:0:3|1:2:0|0:1:1|4:0:3","2:0:1|0:0:0|1:1:0|0:0:0|0:0:0|0:0:0|2:0:1|1:1:0|3:3:0|4:0:3|2:0:1|0:0:0|0:0:0|4:0:3|4:0:3|0:0:0|0:0:0|0:0:0|0:0:0|1:1:0|3:3:0|0:1:1|1:1:0|1:1:0|4:0:3|0:1:1|3:3:0|1:1:0|0:0:0|3:3:0|3:3:0|2:0:2|0:0:0|3:3:0|2:0:2|0:0:0|0:0:0|3:3:0|2:0:1|0:0:0|1:2:0|4:0:3|0:0:0|2:0:1|4:0:3|4:0:3|1:2:0|0:1:1|4:0:3","2:0:1|0:0:0|1:1:0|0:0:0|0:0:0|0:0:0|2:0:1|1:1:0|3:3:0|4:0:3|2:0:1|0:0:0|0:0:0|4:0:3|4:0:3|0:0:0|0:0:0|0:0:0|0:0:0|1:1:0|3:3:0|0:1:1|1:1:0|1:1:0|4:0:3|0:1:1|3:3:0|1:1:0|0:0:0|3:3:0|3:3:0|4:0:3|0:0:0|3:3:0|2:0:2|0:0:0|0:0:0|3:3:0|2:0:1|0:0:0|1:2:0|4:0:3|0:0:0|2:0:1|4:0:3|4:0:3|1:2:0|0:1:1|4:0:3"
"7x7-p96","7x7-p96-uct-0500","500","1","52","0.812500","3","2","O43","MM","78","77","78","78","2","4","4","0","2","0","3","0","3","2:0:1|0:0:0|1:1:0|0:0:0|0:0:0|0:0:0|2:0:1|1:1:0|3:3:0|4:0:3|2:0:1|0:0:0|0:0:0|4:0:3|4:0:3|0:0:0|0:0:0|0:0:0|0:0:0|1:1:0|3:3:0|0:1:1|1:1:0|1:1:0|4:0:3|0:1:1|3:3:0|1:1:0|0:0:0|3:3:0|3:3:0|2:0:2|0:0:0|3:3:0|2:0:2|0:0:0|0:0:0|3:3:0|2:0:1|0:0:0|1:2:0|4:0:3|0:0:0|2:0:1|4:0:3|4:0:3|1:2:0|0:1:1|4:0:3","2:0:1|0:0:0|1:1:0|0:0:0|0:0:0|0:0:0|2:0:1|1:1:0|3:3:0|4:0:3|2:0:1|0:0:0|0:0:0|4:0:3|4:0:3|0:0:0|0:0:0|0:0:0|0:0:0|1:1:0|3:3:0|0:1:1|1:1:0|1:1:0|4:0:3|0:1:1|3:3:0|1:1:0|0:0:0|3:3:0|3:3:0|4:0:3|0:0:0|3:3:0|2:0:2|0:0:0|0:0:0|3:3:0|2:0:1|0:0:0|1:2:0|4:0:3|0:0:0|2:0:1|4:0:3|4:0:3|1:2:0|0:1:1|4:0:3","2:0:1|0:0:0|1:1:0|0:0:0|0:0:0|0:0:0|2:0:1|1:1:0|3:3:0|4:0:3|2:0:1|0:0:0|0:0:0|4:0:3|4:0:3|0:0:0|0:0:0|0:0:0|0:0:0|1:1:0|3:3:0|0:1:1|1:1:0|1:1:0|4:0:3|0:1:1|3:3:0|1:1:0|0:0:0|3:3:0|3:3:0|4:0:3|0:0:0|3:3:0|2:0:2|0:0:0|0:0:0|3:3:0|2:0:1|0:0:0|1:2:0|4:0:3|0:0:0|2:0:1|4:0:3|4:0:3|1:2:0|0:1:1|4:0:3"
"7x7-p96","7x7-p96-uct-0500","500","1","53","0.828125","1","1","O30","ML","78","78","79","78","0","0","1","1","1","2","1","2","1","2:0:1|0:0:0|1:1:0|0:0:0|0:0:0|0:0:0|2:0:1|1:1:0|3:3:0|4:0:3|2:0:1|0:0:0|0:0:0|4:0:3|4:0:3|0:0:0|0:0:0|0:0:0|0:0:0|1:1:0|3:3:0|0:1:1|1:1:0|1:1:0|4:0:3|0:1:1|3:3:0|1:1:0|0:0:0|3:3:0|3:3:0|4:0:3|0:0:0|3:3:0|2:0:2|0:0:0|0:0:0|3:3:0|2:0:1|0:0:0|1:2:0|4:0:3|0:0:0|2:0:1|4:0:3|4:0:3|1:2:0|0:1:1|4:0:3","2:0:1|0:0:0|1:1:0|0:0:0|0:0:0|0:0:0|2:0:1|1:1:0|3:3:0|4:0:3|2:0:1|0:0:0|0:0:0|4:0:3|4:0:3|0:0:0|0:0:0|0:0:0|0:0:0|1:1:0|3:3:0|0:2:1|1:1:0|1:1:0|4:0:3|0:1:1|3:3:0|1:1:0|0:0:0|3:3:0|3:3:0|4:0:3|0:0:0|3:3:0|2:0:2|0:0:0|0:0:0|3:3:0|2:0:1|0:0:0|1:2:0|4:0:3|0:0:0|2:0:1|4:0:3|4:0:3|1:2:0|0:1:1|4:0:3","2:0:1|0:0:0|1:1:0|0:0:0|0:0:0|0:0:0|2:0:1|1:1:0|3:3:0|4:0:3|2:0:1|0:0:0|0:0:0|4:0:3|4:0:3|0:0:0|0:0:0|0:0:0|0:0:0|1:1:0|3:3:0|1:2:1|1:1:0|1:1:0|4:0:3|0:1:1|3:3:0|1:1:0|0:0:0|3:3:0|3:3:0|4:0:3|0:0:0|3:3:0|2:0:2|0:0:0|0:0:0|3:3:0|2:0:1|0:0:0|1:2:0|4:0:3|0:0:0|2:0:1|4:0:3|4:0:3|3:3:0|0:1:1|4:0:3"
"7x7-p96","7x7-p96-uct-0500","500","1","53","0.828125","3","1","O64","HM","80","78","81","78","1","3","3","2","0","3","0","3","0","2:0:1|0:0:0|1:1:0|0:0:0|0:0:0|0:0:0|2:0:1|1:1:0|3:3:0|4:0:3|2:0:1|0:0:0|0:0:0|4:0:3|4:0:3|0:0:0|0:0:0|0:0:0|0:0:0|1:1:0|3:3:0|0:2:1|1:1:0|1:1:0|4:0:3|0:1:1|3:3:0|1:1:0|0:0:0|3:3:0|3:3:0|4:0:3|0:0:0|3:3:0|2:0:2|0:0:0|0:0:0|3:3:0|2:0:1|0:0:0|1:2:0|4:0:3|0:0:0|2:0:1|4:0:3|4:0:3|1:2:0|0:1:1|4:0:3","2:0:1|0:0:0|1:1:0|0:0:0|0:0:0|0:0:0|2:0:1|1:1:0|3:3:0|4:0:3|2:0:1|0:0:0|0:0:0|4:0:3|4:0:3|0:0:0|0:0:0|0:0:0|0:0:0|1:1:0|3:3:0|1:2:1|1:1:0|1:1:0|4:0:3|0:1:1|3:3:0|1:1:0|0:0:0|3:3:0|3:3:0|4:0:3|0:0:0|3:3:0|2:0:2|0:0:0|0:0:0|3:3:0|2:0:1|0:0:0|1:2:0|4:0:3|0:0:0|2:0:1|4:0:3|4:0:3|3:3:0|0:1:1|4:0:3","2:0:1|0:0:0|1:1:0|0:0:0|0:0:0|0:0:0|2:0:1|1:1:0|3:3:0|4:0:3|2:0:1|0:0:0|0:0:0|4:0:3|4:0:3|0:0:0|0:0:0|0:0:0|0:0:0|1:1:0|3:3:0|1:2:1|1:1:0|1:1:0|4:0:3|0:1:1|3:3:0|1:1:0|0:0:0|3:3:0|3:3:0|4:0:3|0:0:0|3:3:0|2:0:2|0:0:0|0:0:0|3:3:0|2:0:1|0:0:0|1:2:0|4:0:3|0:0:0|2:0:1|4:0:3|4:0:3|3:3:0|0:1:1|4:0:3"
"7x7-p96","7x7-p96-uct-0500","500","1","54","0.843750","3","2","O46","MH","81","80","81","81","2","4","4","0","2","0","3","0","3","2:0:1|0:0:0|1:1:0|0:0:0|0:0:0|0:0:0|2:0:1|1:1:0|3:3:0|4:0:3|2:0:1|0:0:0|0:0:0|4:0:3|4:0:3|0:0:0|0:0:0|0:0:0|0:0:0|1:1:0|3:3:0|1:2:1|1:1:0|1:1:0|4:0:3|0:1:1|3:3:0|1:1:0|0:0:0|3:3:0|3:3:0|4:0:3|0:0:0|3:3:0|2:0:2|0:0:0|0:0:0|3:3:0|2:0:1|0:0:0|1:2:0|4:0:3|0:0:0|2:0:1|4:0:3|4:0:3|3:3:0|0:1:1|4:0:3","2:0:1|0:0:0|1:1:0|0:0:0|0:0:0|0:0:0|2:0:1|1:1:0|3:3:0|4:0:3|2:0:1|0:0:0|0:0:0|4:0:3|4:0:3|0:0:0|0:0:0|0:0:0|0:0:0|1:1:0|3:3:0|1:2:1|1:1:0|1:1:0|4:0:3|0:1:1|3:3:0|1:1:0|0:0:0|3:3:0|3:3:0|4:0:3|0:0:0|3:3:0|4:0:3|0:0:0|0:0:0|3:3:0|2:0:1|0:0:0|1:2:0|4:0:3|0:0:0|2:0:1|4:0:3|4:0:3|3:3:0|0:1:1|4:0:3","2:0:1|0:0:0|1:1:0|0:0:0|0:0:0|0:0:0|2:0:1|1:1:0|3:3:0|4:0:3|2:0:1|0:0:0|0:0:0|4:0:3|4:0:3|0:0:0|0:0:0|0:0:0|0:0:0|1:1:0|3:3:0|1:2:1|1:1:0|1:1:0|4:0:3|0:1:1|3:3:0|1:1:0|0:0:0|3:3:0|3:3:0|4:0:3|0:0:0|3:3:0|4:0:3|0:0:0|0:0:0|3:3:0|2:0:1|0:0:0|1:2:0|4:0:3|0:0:0|2:0:1|4:0:3|4:0:3|3:3:0|0:1:1|4:0:3"
"7x7-p96","7x7-p96-uct-0500","500","1","55","0.859375","1","1","O55","HH","81","81","82","81","1","1","3","2","0","3","0","3","0","2:0:1|0:0:0|1:1:0|0:0:0|0:0:0|0:0:0|2:0:1|1:1:0|3:3:0|4:0:3|2:0:1|0:0:0|0:0:0|4:0:3|4:0:3|0:0:0|0:0:0|0:0:0|0:0:0|1:1:0|3:3:0|1:2:1|1:1:0|1:1:0|4:0:3|0:1:1|3:3:0|1:1:0|0:0:0|3:3:0|3:3:0|4:0:3|0:0:0|3:3:0|4:0:3|0:0:0|0:0:0|3:3:0|2:0:1|0:0:0|1:2:0|4:0:3|0:0:0|2:0:1|4:0:3|4:0:3|3:3:0|0:1:1|4:0:3","2:0:1|0:0:0|1:1:0|0:0:0|0:0:0|0:0:0|2:0:1|1:1:0|3:3:0|4:0:3|2:0:1|0:0:0|0:0:0|4:0:3|4:0:3|0:0:0|0:0:0|0:0:0|0:0:0|1:1:0|3:3:0|1:2:1|1:1:0|1:1:0|4:0:3|0:1:1|3:3:0|1:1:0|0:0:0|3:3:0|3:3:0|4:0:3|0:0:0|3:3:0|4:0:3|0:0:0|0:0:0|3:3:0|2:0:1|0:0:0|1:3:0|4:0:3|0:0:0|2:0:1|4:0:3|4:0:3|3:3:0|0:1:1|4:0:3","2:0:1|0:0:0|1:1:0|0:0:0|0:0:0|0:0:0|2:0:1|1:1:0|3:3:0|4:0:3|2:0:1|0:0:0|0:0:0|4:0:3|4:0:3|0:0:0|0:0:0|0:0:0|0:0:0|1:1:0|3:3:0|3:3:1|1:1:0|1:2:0|4:0:3|0:1:1|3:3:0|1:1:0|0:0:0|3:3:0|3:3:0|4:0:3|0:0:0|3:3:0|4:0:3|0:0:0|0:0:0|3:3:0|2:0:1|0:0:0|3:3:0|4:0:3|0:0:0|2:0:1|4:0:3|4:0:3|3:3:0|0:1:1|4:0:3"
"7x7-p96","7x7-p96-uct-0500","500","1","55","0.859375","2","1","O30","ML","82","81","83","81","1","1","3","2","1","3","1","3","1","2:0:1|0:0:0|1:1:0|0:0:0|0:0:0|0:0:0|2:0:1|1:1:0|3:3:0|4:0:3|2:0:1|0:0:0|0:0:0|4:0:3|4:0:3|0:0:0|0:0:0|0:0:0|0:0:0|1:1:0|3:3:0|1:2:1|1:1:0|1:1:0|4:0:3|0:1:1|3:3:0|1:1:0|0:0:0|3:3:0|3:3:0|4:0:3|0:0:0|3:3:0|4:0:3|0:0:0|0:0:0|3:3:0|2:0:1|0:0:0|1:3:0|4:0:3|0:0:0|2:0:1|4:0:3|4:0:3|3:3:0|0:1:1|4:0:3","2:0:1|0:0:0|1:1:0|0:0:0|0:0:0|0:0:0|2:0:1|1:1:0|3:3:0|4:0:3|2:0:1|0:0:0|0:0:0|4:0:3|4:0:3|0:0:0|0:0:0|0:0:0|0:0:0|1:1:0|3:3:0|1:3:1|1:1:0|1:1:0|4:0:3|0:1:1|3:3:0|1:1:0|0:0:0|3:3:0|3:3:0|4:0:3|0:0:0|3:3:0|4:0:3|0:0:0|0:0:0|3:3:0|2:0:1|0:0:0|1:3:0|4:0:3|0:0:0|2:0:1|4:0:3|4:0:3|3:3:0|0:1:1|4:0:3","2:0:1|0:0:0|1:1:0|0:0:0|0:0:0|0:0:0|2:0:1|1:1:0|3:3:0|4:0:3|2:0:1|0:0:0|0:0:0|4:0:3|4:0:3|0:0:0|0:0:0|0:0:0|0:0:0|1:1:0|3:3:0|3:3:1|1:1:0|1:2:0|4:0:3|0:1:1|3:3:0|1:1:0|0:0:0|3:3:0|3:3:0|4:0:3|0:0:0|3:3:0|4:0:3|0:0:0|0:0:0|3:3:0|2:0:1|0:0:0|3:3:0|4:0:3|0:0:0|2:0:1|4:0:3|4:0:3|3:3:0|0:1:1|4:0:3"
"7x7-p96","7x7-p96-uct-0500","500","1","55","0.859375","3","1","O32","MM","83","81","84","81","1","1","1","1","0","2","0","2","0","2:0:1|0:0:0|1:1:0|0:0:0|0:0:0|0:0:0|2:0:1|1:1:0|3:3:0|4:0:3|2:0:1|0:0:0|0:0:0|4:0:3|4:0:3|0:0:0|0:0:0|0:0:0|0:0:0|1:1:0|3:3:0|1:3:1|1:1:0|1:1:0|4:0:3|0:1:1|3:3:0|1:1:0|0:0:0|3:3:0|3:3:0|4:0:3|0:0:0|3:3:0|4:0:3|0:0:0|0:0:0|3:3:0|2:0:1|0:0:0|1:3:0|4:0:3|0:0:0|2:0:1|4:0:3|4:0:3|3:3:0|0:1:1|4:0:3","2:0:1|0:0:0|1:1:0|0:0:0|0:0:0|0:0:0|2:0:1|1:1:0|3:3:0|4:0:3|2:0:1|0:0:0|0:0:0|4:0:3|4:0:3|0:0:0|0:0:0|0:0:0|0:0:0|1:1:0|3:3:0|3:3:1|1:1:0|1:2:0|4:0:3|0:1:1|3:3:0|1:1:0|0:0:0|3:3:0|3:3:0|4:0:3|0:0:0|3:3:0|4:0:3|0:0:0|0:0:0|3:3:0|2:0:1|0:0:0|3:3:0|4:0:3|0:0:0|2:0:1|4:0:3|4:0:3|3:3:0|0:1:1|4:0:3","2:0:1|0:0:0|1:1:0|0:0:0|0:0:0|0:0:0|2:0:1|1:1:0|3:3:0|4:0:3|2:0:1|0:0:0|0:0:0|4:0:3|4:0:3|0:0:0|0:0:0|0:0:0|0:0:0|1:1:0|3:3:0|3:3:1|1:1:0|1:2:0|4:0:3|0:1:1|3:3:0|1:1:0|0:0:0|3:3:0|3:3:0|4:0:3|0:0:0|3:3:0|4:0:3|0:0:0|0:0:0|3:3:0|2:0:1|0:0:0|3:3:0|4:0:3|0:0:0|2:0:1|4:0:3|4:0:3|3:3:0|0:1:1|4:0:3"
"7x7-p96","7x7-p96-uct-0500","500","1","56","0.875000","1","2","O53","HM","84","81","84","82","2","2","2","0","1","0","2","0","2","2:0:1|0:0:0|1:1:0|0:0:0|0:0:0|0:0:0|2:0:1|1:1:0|3:3:0|4:0:3|2:0:1|0:0:0|0:0:0|4:0:3|4:0:3|0:0:0|0:0:0|0:0:0|0:0:0|1:1:0|3:3:0|3:3:1|1:1:0|1:2:0|4:0:3|0:1:1|3:3:0|1:1:0|0:0:0|3:3:0|3:3:0|4:0:3|0:0:0|3:3:0|4:0:3|0:0:0|0:0:0|3:3:0|2:0:1|0:0:0|3:3:0|4:0:3|0:0:0|2:0:1|4:0:3|4:0:3|3:3:0|0:1:1|4:0:3","2:0:1|0:0:0|1:1:0|0:0:0|0:0:0|0:0:0|2:0:1|1:1:0|3:3:0|4:0:3|2:0:1|0:0:0|0:0:0|4:0:3|4:0:3|0:0:0|0:0:0|0:0:0|0:0:0|1:1:0|3:3:0|3:3:1|1:1:0|1:2:0|4:0:3|0:1:1|3:3:0|1:1:0|0:0:0|3:3:0|3:3:0|4:0:3|0:0:0|3:3:0|4:0:3|0:0:0|0:0:0|3:3:0|2:0:2|0:0:0|3:3:0|4:0:3|0:0:0|2:0:1|4:0:3|4:0:3|3:3:0|0:1:1|4:0:3","2:0:1|0:0:0|1:1:0|0:0:0|0:0:0|0:0:0|4:0:3|1:1:0|3:3:0|4:0:3|2:0:1|0:0:0|0:0:0|4:0:3|4:0:3|0:0:0|0:0:0|0:0:0|0:0:0|1:1:0|3:3:0|3:3:1|1:1:0|1:2:0|4:0:3|0:1:1|3:3:0|1:1:0|0:0:0|3:3:0|3:3:0|4:0:3|0:0:0|3:3:0|4:0:3|0:0:0|0:0:0|3:3:0|2:0:2|0:0:0|3:3:0|4:0:3|0:0:0|2:0:1|4:0:3|4:0:3|3:3:0|0:1:1|4:0:3"
"7x7-p96","7x7-p96-uct-0500","500","1","56","0.875000","2","2","O06","LH","84","82","84","83","2","2","4","0","1","0","2","0","3","2:0:1|0:0:0|1:1:0|0:0:0|0:0:0|0:0:0|2:0:1|1:1:0|3:3:0|4:0:3|2:0:1|0:0:0|0:0:0|4:0:3|4:0:3|0:0:0|0:0:0|0:0:0|0:0:0|1:1:0|3:3:0|3:3:1|1:1:0|1:2:0|4:0:3|0:1:1|3:3:0|1:1:0|0:0:0|3:3:0|3:3:0|4:0:3|0:0:0|3:3:0|4:0:3|0:0:0|0:0:0|3:3:0|2:0:2|0:0:0|3:3:0|4:0:3|0:0:0|2:0:1|4:0:3|4:0:3|3:3:0|0:1:1|4:0:3","2:0:1|0:0:0|1:1:0|0:0:0|0:0:0|0:0:0|2:0:2|1:1:0|3:3:0|4:0:3|2:0:1|0:0:0|0:0:0|4:0:3|4:0:3|0:0:0|0:0:0|0:0:0|0:0:0|1:1:0|3:3:0|3:3:1|1:1:0|1:2:0|4:0:3|0:1:1|3:3:0|1:1:0|0:0:0|3:3:0|3:3:0|4:0:3|0:0:0|3:3:0|4:0:3|0:0:0|0:0:0|3:3:0|2:0:2|0:0:0|3:3:0|4:0:3|0:0:0|2:0:1|4:0:3|4:0:3|3:3:0|0:1:1|4:0:3","2:0:1|0:0:0|1:1:0|0:0:0|0:0:0|0:0:0|4:0:3|1:1:0|3:3:0|4:0:3|2:0:1|0:0:0|0:0:0|4:0:3|4:0:3|0:0:0|0:0:0|0:0:0|0:0:0|1:1:0|3:3:0|3:3:1|1:1:0|1:2:0|4:0:3|0:1:1|3:3:0|1:1:0|0:0:0|3:3:0|3:3:0|4:0:3|0:0:0|3:3:0|4:0:3|0:0:0|0:0:0|3:3:0|2:0:2|0:0:0|3:3:0|4:0:3|0:0:0|2:0:1|4:0:3|4:0:3|3:3:0|0:1:1|4:0:3"
"7x7-p96","7x7-p96-uct-0500","500","1","56","0.875000","3","2","O06","LH","84","83","84","84","2","4","4","0","2","0","3","0","3","2:0:1|0:0:0|1:1:0|0:0:0|0:0:0|0:0:0|2:0:2|1:1:0|3:3:0|4:0:3|2:0:1|0:0:0|0:0:0|4:0:3|4:0:3|0:0:0|0:0:0|0:0:0|0:0:0|1:1:0|3:3:0|3:3:1|1:1:0|1:2:0|4:0:3|0:1:1|3:3:0|1:1:0|0:0:0|3:3:0|3:3:0|4:0:3|0:0:0|3:3:0|4:0:3|0:0:0|0:0:0|3:3:0|2:0:2|0:0:0|3:3:0|4:0:3|0:0:0|2:0:1|4:0:3|4:0:3|3:3:0|0:1:1|4:0:3","2:0:1|0:0:0|1:1:0|0:0:0|0:0:0|0:0:0|4:0:3|1:1:0|3:3:0|4:0:3|2:0:1|0:0:0|0:0:0|4:0:3|4:0:3|0:0:0|0:0:0|0:0:0|0:0:0|1:1:0|3:3:0|3:3:1|1:1:0|1:2:0|4:0:3|0:1:1|3:3:0|1:1:0|0:0:0|3:3:0|3:3:0|4:0:3|0:0:0|3:3:0|4:0:3|0:0:0|0:0:0|3:3:0|2:0:2|0:0:0|3:3:0|4:0:3|0:0:0|2:0:1|4:0:3|4:0:3|3:3:0|0:1:1|4:0:3","2:0:1|0:0:0|1:1:0|0:0:0|0:0:0|0:0:0|4:0:3|1:1:0|3:3:0|4:0:3|2:0:1|0:0:0|0:0:0|4:0:3|4:0:3|0:0:0|0:0:0|0:0:0|0:0:0|1:1:0|3:3:0|3:3:1|1:1:0|1:2:0|4:0:3|0:1:1|3:3:0|1:1:0|0:0:0|3:3:0|3:3:0|4:0:3|0:0:0|3:3:0|4:0:3|0:0:0|0:0:0|3:3:0|2:0:2|0:0:0|3:3:0|4:0:3|0:0:0|2:0:1|4:0:3|4:0:3|3:3:0|0:1:1|4:0:3"
"7x7-p96","7x7-p96-uct-0500","500","1","57","0.890625","1","1","O32","MM","84","84","85","84","1","1","3","2","0","3","0","3","0","2:0:1|0:0:0|1:1:0|0:0:0|0:0:0|0:0:0|4:0:3|1:1:0|3:3:0|4:0:3|2:0:1|0:0:0|0:0:0|4:0:3|4:0:3|0:0:0|0:0:0|0:0:0|0:0:0|1:1:0|3:3:0|3:3:1|1:1:0|1:2:0|4:0:3|0:1:1|3:3:0|1:1:0|0:0:0|3:3:0|3:3:0|4:0:3|0:0:0|3:3:0|4:0:3|0:0:0|0:0:0|3:3:0|2:0:2|0:0:0|3:3:0|4:0:3|0:0:0|2:0:1|4:0:3|4:0:3|3:3:0|0:1:1|4:0:3","2:0:1|0:0:0|1:1:0|0:0:0|0:0:0|0:0:0|4:0:3|1:1:0|3:3:0|4:0:3|2:0:1|0:0:0|0:0:0|4:0:3|4:0:3|0:0:0|0:0:0|0:0:0|0:0:0|1:1:0|3:3:0|3:3:1|1:1:0|1:3:0|4:0:3|0:1:1|3:3:0|1:1:0|0:0:0|3:3:0|3:3:0|4:0:3|0:0:0|3:3:0|4:0:3|0:0:0|0:0:0|3:3:0|2:0:2|0:0:0|3:3:0|4:0:3|0:0:0|2:0:1|4:0:3|4:0:3|3:3:0|0:1:1|4:0:3","2:0:1|0:0:0|1:1:0|0:0:0|0:0:0|0:0:0|4:0:3|1:1:0|3:3:0|4:0:3|2:0:1|0:0:0|0:0:0|4:0:3|4:0:3|0:0:0|0:0:0|0:0:0|0:0:0|1:2:0|3:3:0|3:3:1|1:1:0|3:3:0|4:0:3|0:1:1|3:3:0|1:1:0|1:1:0|3:3:0|3:3:0|4:0:3|0:0:0|3:3:0|4:0:3|0:0:0|0:0:0|3:3:0|2:0:2|0:0:0|3:3:0|4:0:3|0:0:0|2:0:1|4:0:3|4:0:3|3:3:0|0:1:1|4:0:3"
"7x7-p96","7x7-p96-uct-0500","500","1","57","0.890625","2","1","O40","ML","85","84","86","84","0","0","1","0","0","1","0","1","0","2:0:1|0:0:0|1:1:0|0:0:0|0:0:0|0:0:0|4:0:3|1:1:0|3:3:0|4:0:3|2:0:1|0:0:0|0:0:0|4:0:3|4:0:3|0:0:0|0:0:0|0:0:0|0:0:0|1:1:0|3:3:0|3:3:1|1:1:0|1:3:0|4:0:3|0:1:1|3:3:0|1:1:0|0:0:0|3:3:0|3:3:0|4:0:3|0:0:0|3:3:0|4:0:3|0:0:0|0:0:0|3:3:0|2:0:2|0:0:0|3:3:0|4:0:3|0:0:0|2:0:1|4:0:3|4:0:3|3:3:0|0:1:1|4:0:3","2:0:1|0:0:0|1:1:0|0:0:0|0:0:0|0:0:0|4:0:3|1:1:0|3:3:0|4:0:3|2:0:1|0:0:0|0:0:0|4:0:3|4:0:3|0:0:0|0:0:0|0:0:0|0:0:0|1:1:0|3:3:0|3:3:1|1:1:0|1:3:0|4:0:3|0:1:1|3:3:0|1:1:0|0:1:0|3:3:0|3:3:0|4:0:3|0:0:0|3:3:0|4:0:3|0:0:0|0:0:0|3:3:0|2:0:2|0:0:0|3:3:0|4:0:3|0:0:0|2:0:1|4:0:3|4:0:3|3:3:0|0:1:1|4:0:3","2:0:1|0:0:0|1:1:0|0:0:0|0:0:0|0:0:0|4:0:3|1:1:0|3:3:0|4:0:3|2:0:1|0:0:0|0:0:0|4:0:3|4:0:3|0:0:0|0:0:0|0:0:0|0:0:0|1:2:0|3:3:0|3:3:1|1:1:0|3:3:0|4:0:3|0:1:1|3:3:0|1:1:0|1:1:0|3:3:0|3:3:0|4:0:3|0:0:0|3:3:0|4:0:3|0:0:0|0:0:0|3:3:0|2:0:2|0:0:0|3:3:0|4:0:3|0:0:0|2:0:1|4:0:3|4:0:3|3:3:0|0:1:1|4:0:3"
"7x7-p96","7x7-p96-uct-0500","500","1","57","0.890625","3","1","O25","MH","86","84","87","84","1","1","1","1","0","2","0","2","0","2:0:1|0:0:0|1:1:0|0:0:0|0:0:0|0:0:0|4:0:3|1:1:0|3:3:0|4:0:3|2:0:1|0:0:0|0:0:0|4:0:3|4:0:3|0:0:0|0:0:0|0:0:0|0:0:0|1:1:0|3:3:0|3:3:1|1:1:0|1:3:0|4:0:3|0:1:1|3:3:0|1:1:0|0:1:0|3:3:0|3:3:0|4:0:3|0:0:0|3:3:0|4:0:3|0:0:0|0:0:0|3:3:0|2:0:2|0:0:0|3:3:0|4:0:3|0:0:0|2:0:1|4:0:3|4:0:3|3:3:0|0:1:1|4:0:3","2:0:1|0:0:0|1:1:0|0:0:0|0:0:0|0:0:0|4:0:3|1:1:0|3:3:0|4:0:3|2:0:1|0:0:0|0:0:0|4:0:3|4:0:3|0:0:0|0:0:0|0:0:0|0:0:0|1:2:0|3:3:0|3:3:1|1:1:0|3:3:0|4:0:3|0:1:1|3:3:0|1:1:0|1:1:0|3:3:0|3:3:0|4:0:3|0:0:0|3:3:0|4:0:3|0:0:0|0:0:0|3:3:0|2:0:2|0:0:0|3:3:0|4:0:3|0:0:0|2:0:1|4:0:3|4:0:3|3:3:0|0:1:1|4:0:3","2:0:1|0:0:0|1:1:0|0:0:0|0:0:0|0:0:0|4:0:3|1:1:0|3:3:0|4:0:3|2:0:1|0:0:0|0:0:0|4:0:3|4:0:3|0:0:0|0:0:0|0:0:0|0:0:0|1:2:0|3:3:0|3:3:1|1:1:0|3:3:0|4:0:3|0:1:1|3:3:0|1:1:0|1:1:0|3:3:0|3:3:0|4:0:3|0:0:0|3:3:0|4:0:3|0:0:0|0:0:0|3:3:0|2:0:2|0:0:0|3:3:0|4:0:3|0:0:0|2:0:1|4:0:3|4:0:3|3:3:0|0:1:1|4:0:3"
"7x7-p96","7x7-p96-uct-0500","500","1","58","0.906250","1","2","O53","HM","87","84","87","85","2","2","4","0","2","0","3","0","3","2:0:1|0:0:0|1:1:0|0:0:0|0:0:0|0:0:0|4:0:3|1:1:0|3:3:0|4:0:3|2:0:1|0:0:0|0:0:0|4:0:3|4:0:3|0:0:0|0:0:0|0:0:0|0:0:0|1:2:0|3:3:0|3:3:1|1:1:0|3:3:0|4:0:3|0:1:1|3:3:0|1:1:0|1:1:0|3:3:0|3:3:0|4:0:3|0:0:0|3:3:0|4:0:3|0:0:0|0:0:0|3:3:0|2:0:2|0:0:0|3:3:0|4:0:3|0:0:0|2:0:1|4:0:3|4:0:3|3:3:0|0:1:1|4:0:3","2:0:1|0:0:0|1:1:0|0:0:0|0:0:0|0:0:0|4:0:3|1:1:0|3:3:0|4:0:3|2:0:1|0:0:0|0:0:0|4:0:3|4:0:3|0:0:0|0:0:0|0:0:0|0:0:0|1:2:0|3:3:0|3:3:1|1:1:0|3:3:0|4:0:3|0:1:1|3:3:0|1:1:0|1:1:0|3:3:0|3:3:0|4:0:3|0:0:0|3:3:0|4:0:3|0:0:0|0:0:0|3:3:0|2:0:3|0:0:0|3:3:0|4:0:3|0:0:0|2:0:1|4:0:3|4:0:3|3:3:0|0:1:1|4:0:3","2:0:1|0:0:0|1:1:0|0:0:0|0:0:0|0:0:0|4:0:3|1:1:0|3:3:0|4:0:3|2:0:1|0:0:0|0:0:0|4:0:3|4:0:3|0:0:0|0:0:0|0:0:0|0:0:0|1:2:0|3:3:0|3:3:1|1:1:0|3:3:0|4:0:3|0:1:1|3:3:0|1:1:0|1:1:0|3:3:0|3:3:0|4:0:3|0:0:0|3:3:0|4:0:3|0:0:0|0:0:0|3:3:0|4:0:3|0:0:0|3:3:0|4:0:3|0:0:0|2:0:1|4:0:3|4:0:3|3:3:0|0:1:1|4:0:3"
"7x7-p96","7x7-p96-uct-0500","500","1","59","0.921875","1","1","O25","MH","87","87","88","87","1","1","3","2","0","3","0","3","0","2:0:1|0:0:0|1:1:0|0:0:0|0:0:0|0:0:0|4:0:3|1:1:0|3:3:0|4:0:3|2:0:1|0:0:0|0:0:0|4:0:3|4:0:3|0:0:0|0:0:0|0:0:0|0:0:0|1:2:0|3:3:0|3:3:1|1:1:0|3:3:0|4:0:3|0:1:1|3:3:0|1:1:0|1:1:0|3:3:0|3:3:0|4:0:3|0:0:0|3:3:0|4:0:3|0:0:0|0:0:0|3:3:0|4:0:3|0:0:0|3:3:0|4:0:3|0:0:0|2:0:1|4:0:3|4:0:3|3:3:0|0:1:1|4:0:3","2:0:1|0:0:0|1:1:0|0:0:0|0:0:0|0:0:0|4:0:3|1:1:0|3:3:0|4:0:3|2:0:1|0:0:0|0:0:0|4:0:3|4:0:3|0:0:0|0:0:0|0:0:0|0:0:0|1:3:0|3:3:0|3:3:1|1:1:0|3:3:0|4:0:3|0:1:1|3:3:0|1:1:0|1:1:0|3:3:0|3:3:0|4:0:3|0:0:0|3:3:0|4:0:3|0:0:0|0:0:0|3:3:0|4:0:3|0:0:0|3:3:0|4:0:3|0:0:0|2:0:1|4:0:3|4:0:3|3:3:0|0:1:1|4:0:3","2:0:1|0:0:0|1:1:0|0:0:0|0:0:0|0:0:0|4:0:3|1:1:0|3:3:0|4:0:3|2:0:1|0:0:0|0:0:0|4:0:3|4:0:3|0:0:0|0:0:0|0:0:0|0:0:0|3:3:0|3:3:0|3:3:1|1:1:0|3:3:0|4:0:3|0:1:1|3:3:0|1:1:0|1:1:0|3:3:0|3:3:0|4:0:3|0:0:0|3:3:0|4:0:3|0:0:0|1:1:0|3:3:0|4:0:3|0:0:0|3:3:0|4:0:3|0:0:0|2:0:1|4:0:3|4:0:3|3:3:0|0:1:1|4:0:3"
"7x7-p96","7x7-p96-uct-0500","500","1","59","0.921875","2","1","O51","HL","88","87","89","87","0","0","1","0","0","1","0","1","0","2:0:1|0:0:0|1:1:0|0:0:0|0:0:0|0:0:0|4:0:3|1:1:0|3:3:0|4:0:3|2:0:1|0:0:0|0:0:0|4:0:3|4:0:3|0:0:0|0:0:0|0:0:0|0:0:0|1:3:0|3:3:0|3:3:1|1:1:0|3:3:0|4:0:3|0:1:1|3:3:0|1:1:0|1:1:0|3:3:0|3:3:0|4:0:3|0:0:0|3:3:0|4:0:3|0:0:0|0:0:0|3:3:0|4:0:3|0:0:0|3:3:0|4:0:3|0:0:0|2:0:1|4:0:3|4:0:3|3:3:0|0:1:1|4:0:3","2:0:1|0:0:0|1:1:0|0:0:0|0:0:0|0:0:0|4:0:3|1:1:0|3:3:0|4:0:3|2:0:1|0:0:0|0:0:0|4:0:3|4:0:3|0:0:0|0:0:0|0:0:0|0:0:0|1:3:0|3:3:0|3:3:1|1:1:0|3:3:0|4:0:3|0:1:1|3:3:0|1:1:0|1:1:0|3:3:0|3:3:0|4:0:3|0:0:0|3:3:0|4:0:3|0:0:0|0:1:0|3:3:0|4:0:3|0:0:0|3:3:0|4:0:3|0:0:0|2:0:1|4:0:3|4:0:3|3:3:0|0:1:1|4:0:3","2:0:1|0:0:0|1:1:0|0:0:0|0:0:0|0:0:0|4:0:3|1:1:0|3:3:0|4:0:3|2:0:1|0:0:0|0:0:0|4:0:3|4:0:3|0:0:0|0:0:0|0:0:0|0:0:0|3:3:0|3:3:0|3:3:1|1:1:0|3:3:0|4:0:3|0:1:1|3:3:0|1:1:0|1:1:0|3:3:0|3:3:0|4:0:3|0:0:0|3:3:0|4:0:3|0:0:0|1:1:0|3:3:0|4:0:3|0:0:0|3:3:0|4:0:3|0:0:0|2:0:1|4:0:3|4:0:3|3:3:0|0:1:1|4:0:3"
"7x7-p96","7x7-p96-uct-0500","500","1","60","0.937500","1","2","O02","LM","90","87","90","88","1","1","0","1","0","1","1","1","1","2:0:1|0:0:0|1:1:0|0:0:0|0:0:0|0:0:0|4:0:3|1:1:0|3:3:0|4:0:3|2:0:1|0:0:0|0:0:0|4:0:3|4:0:3|0:0:0|0:0:0|0:0:0|0:0:0|3:3:0|3:3:0|3:3:1|1:1:0|3:3:0|4:0:3|0:1:1|3:3:0|1:1:0|1:1:0|3:3:0|3:3:0|4:0:3|0:0:0|3:3:0|4:0:3|0:0:0|1:1:0|3:3:0|4:0:3|0:0:0|3:3:0|4:0:3|0:0:0|2:0:1|4:0:3|4:0:3|3:3:0|0:1:1|4:0:3","2:0:1|0:0:0|1:1:1|0:0:0|0:0:0|0:0:0|4:0:3|1:1:0|3:3:0|4:0:3|2:0:1|0:0:0|0:0:0|4:0:3|4:0:3|0:0:0|0:0:0|0:0:0|0:0:0|3:3:0|3:3:0|3:3:1|1:1:0|3:3:0|4:0:3|0:1:1|3:3:0|1:1:0|1:1:0|3:3:0|3:3:0|4:0:3|0:0:0|3:3:0|4:0:3|0:0:0|1:1:0|3:3:0|4:0:3|0:0:0|3:3:0|4:0:3|0:0:0|2:0:1|4:0:3|4:0:3|3:3:0|0:1:1|4:0:3","2:0:1|0:0:0|0:1:1|0:0:0|0:0:0|2:0:1|4:0:3|1:1:0|3:3:0|4:0:3|2:0:1|0:0:0|0:0:0|4:0:3|4:0:3|0:0:0|0:0:0|0:0:0|0:0:0|3:3:0|3:3:0|3:3:1|1:1:0|3:3:0|4:0:3|0:1:1|3:3:0|1:1:0|1:1:0|3:3:0|3:3:0|4:0:3|0:0:0|3:3:0|4:0:3|0:0:0|1:1:0|3:3:0|4:0:3|0:0:0|3:3:0|4:0:3|0:0:0|2:0:1|4:0:3|4:0:3|3:3:0|2:1:2|4:0:3"
"7x7-p96","7x7-p96-uct-0500","500","1","60","0.937500","2","2","O05","LH","90","88","90","89","0","0","2","0","0","0","1","0","1","2:0:1|0:0:0|1:1:1|0:0:0|0:0:0|0:0:0|4:0:3|1:1:0|3:3:0|4:0:3|2:0:1|0:0:0|0:0:0|4:0:3|4:0:3|0:0:0|0:0:0|0:0:0|0:0:0|3:3:0|3:3:0|3:3:1|1:1:0|3:3:0|4:0:3|0:1:1|3:3:0|1:1:0|1:1:0|3:3:0|3:3:0|4:0:3|0:0:0|3:3:0|4:0:3|0:0:0|1:1:0|3:3:0|4:0:3|0:0:0|3:3:0|4:0:3|0:0:0|2:0:1|4:0:3|4:0:3|3:3:0|0:1:1|4:0:3","2:0:1|0:0:0|1:1:1|0:0:0|0:0:0|0:0:1|4:0:3|1:1:0|3:3:0|4:0:3|2:0:1|0:0:0|0:0:0|4:0:3|4:0:3|0:0:0|0:0:0|0:0:0|0:0:0|3:3:0|3:3:0|3:3:1|1:1:0|3:3:0|4:0:3|0:1:1|3:3:0|1:1:0|1:1:0|3:3:0|3:3:0|4:0:3|0:0:0|3:3:0|4:0:3|0:0:0|1:1:0|3:3:0|4:0:3|0:0:0|3:3:0|4:0:3|0:0:0|2:0:1|4:0:3|4:0:3|3:3:0|0:1:1|4:0:3","2:0:1|0:0:0|0:1:1|0:0:0|0:0:0|2:0:1|4:0:3|1:1:0|3:3:0|4:0:3|2:0:1|0:0:0|0:0:0|4:0:3|4:0:3|0:0:0|0:0:0|0:0:0|0:0:0|3:3:0|3:3:0|3:3:1|1:1:0|3:3:0|4:0:3|0:1:1|3:3:0|1:1:0|1:1:0|3:3:0|3:3:0|4:0:3|0:0:0|3:3:0|4:0:3|0:0:0|1:1:0|3:3:0|4:0:3|0:0:0|3:3:0|4:0:3|0:0:0|2:0:1|4:0:3|4:0:3|3:3:0|2:1:2|4:0:3"
"7x7-p96","7x7-p96-uct-0500","500","1","60","0.937500","3","2","O65","HH","90","89","90","90","0","2","2","1","1","1","2","1","2","2:0:1|0:0:0|1:1:1|0:0:0|0:0:0|0:0:1|4:0:3|1:1:0|3:3:0|4:0:3|2:0:1|0:0:0|0:0:0|4:0:3|4:0:3|0:0:0|0:0:0|0:0:0|0:0:0|3:3:0|3:3:0|3:3:1|1:1:0|3:3:0|4:0:3|0:1:1|3:3:0|1:1:0|1:1:0|3:3:0|3:3:0|4:0:3|0:0:0|3:3:0|4:0:3|0:0:0|1:1:0|3:3:0|4:0:3|0:0:0|3:3:0|4:0:3|0:0:0|2:0:1|4:0:3|4:0:3|3:3:0|0:1:1|4:0:3","2:0:1|0:0:0|0:1:1|0:0:0|0:0:0|2:0:1|4:0:3|1:1:0|3:3:0|4:0:3|2:0:1|0:0:0|0:0:0|4:0:3|4:0:3|0:0:0|0:0:0|0:0:0|0:0:0|3:3:0|3:3:0|3:3:1|1:1:0|3:3:0|4:0:3|0:1:1|3:3:0|1:1:0|1:1:0|3:3:0|3:3:0|4:0:3|0:0:0|3:3:0|4:0:3|0:0:0|1:1:0|3:3:0|4:0:3|0:0:0|3:3:0|4:0:3|0:0:0|2:0:1|4:0:3|4:0:3|3:3:0|2:1:2|4:0:3","2:0:1|0:0:0|0:1:1|0:0:0|0:0:0|2:0:1|4:0:3|1:1:0|3:3:0|4:0:3|2:0:1|0:0:0|0:0:0|4:0:3|4:0:3|0:0:0|0:0:0|0:0:0|0:0:0|3:3:0|3:3:0|3:3:1|1:1:0|3:3:0|4:0:3|0:1:1|3:3:0|1:1:0|1:1:0|3:3:0|3:3:0|4:0:3|0:0:0|3:3:0|4:0:3|0:0:0|1:1:0|3:3:0|4:0:3|0:0:0|3:3:0|4:0:3|0:0:0|2:0:1|4:0:3|4:0:3|3:3:0|2:1:2|4:0:3"
"7x7-p96","7x7-p96-uct-0500","500","1","61","0.953125","1","1","O15","LH","90","90","91","90","0","0","1","0","0","1","0","1","0","2:0:1|0:0:0|0:1:1|0:0:0|0:0:0|2:0:1|4:0:3|1:1:0|3:3:0|4:0:3|2:0:1|0:0:0|0:0:0|4:0:3|4:0:3|0:0:0|0:0:0|0:0:0|0:0:0|3:3:0|3:3:0|3:3:1|1:1:0|3:3:0|4:0:3|0:1:1|3:3:0|1:1:0|1:1:0|3:3:0|3:3:0|4:0:3|0:0:0|3:3:0|4:0:3|0:0:0|1:1:0|3:3:0|4:0:3|0:0:0|3:3:0|4:0:3|0:0:0|2:0:1|4:0:3|4:0:3|3:3:0|2:1:2|4:0:3","2:0:1|0:0:0|0:1:1|0:0:0|0:0:0|2:0:1|4:0:3|1:1:0|3:3:0|4:0:3|2:0:1|0:0:0|0:1:0|4:0:3|4:0:3|0:0:0|0:0:0|0:0:0|0:0:0|3:3:0|3:3:0|3:3:1|1:1:0|3:3:0|4:0:3|0:1:1|3:3:0|1:1:0|1:1:0|3:3:0|3:3:0|4:0:3|0:0:0|3:3:0|4:0:3|0:0:0|1:1:0|3:3:0|4:0:3|0:0:0|3:3:0|4:0:3|0:0:0|2:0:1|4:0:3|4:0:3|3:3:0|2:1:2|4:0:3","2:0:1|0:0:0|0:1:1|0:0:0|0:0:0|2:0:1|4:0:3|1:1:0|3:3:0|4:0:3|2:0:1|0:0:0|1:1:0|4:0:3|4:0:3|0:0:0|0:0:0|0:0:0|0:0:0|3:3:0|3:3:0|3:3:1|1:1:0|3:3:0|4:0:3|0:1:1|3:3:0|1:1:0|1:2:0|3:3:0|3:3:0|4:0:3|0:0:0|3:3:0|4:0:3|0:0:0|1:1:0|3:3:0|4:0:3|1:1:0|3:3:0|4:0:3|0:0:0|2:0:1|4:0:3|4:0:3|3:3:0|2:1:2|4:0:3"
"7x7-p96","7x7-p96-uct-0500","500","1","61","0.953125","2","1","O54","HM","91","90","92","90","0","0","1","0","0","1","0","1","0","2:0:1|0:0:0|0:1:1|0:0:0|0:0:0|2:0:1|4:0:3|1:1:0|3:3:0|4:0:3|2:0:1|0:0:0|0:1:0|4:0:3|4:0:3|0:0:0|0:0:0|0:0:0|0:0:0|3:3:0|3:3:0|3:3:1|1:1:0|3:3:0|4:0:3|0:1:1|3:3:0|1:1:0|1:1:0|3:3:0|3:3:0|4:0:3|0:0:0|3:3:0|4:0:3|0:0:0|1:1:0|3:3:0|4:0:3|0:0:0|3:3:0|4:0:3|0:0:0|2:0:1|4:0:3|4:0:3|3:3:0|2:1:2|4:0:3","2:0:1|0:0:0|0:1:1|0:0:0|0:0:0|2:0:1|4:0:3|1:1:0|3:3:0|4:0:3|2:0:1|0:0:0|0:1:0|4:0:3|4:0:3|0:0:0|0:0:0|0:0:0|0:0:0|3:3:0|3:3:0|3:3:1|1:1:0|3:3:0|4:0:3|0:1:1|3:3:0|1:1:0|1:1:0|3:3:0|3:3:0|4:0:3|0:0:0|3:3:0|4:0:3|0:0:0|1:1:0|3:3:0|4:0:3|0:1:0|3:3:0|4:0:3|0:0:0|2:0:1|4:0:3|4:0:3|3:3:0|2:1:2|4:0:3","2:0:1|0:0:0|0:1:1|0:0:0|0:0:0|2:0:1|4:0:3|1:1:0|3:3:0|4:0:3|2:0:1|0:0:0|1:1:0|4:0:3|4:0:3|0:0:0|0:0:0|0:0:0|0:0:0|3:3:0|3:3:0|3:3:1|1:1:0|3:3:0|4:0:3|0:1:1|3:3:0|1:1:0|1:2:0|3:3:0|3:3:0|4:0:3|0:0:0|3:3:0|4:0:3|0:0:0|1:1:0|3:3:0|4:0:3|1:1:0|3:3:0|4:0:3|0:0:0|2:0:1|4:0:3|4:0:3|3:3:0|2:1:2|4:0:3"
"7x7-p96","7x7-p96-uct-0500","500","1","61","0.953125","3","1","O40","ML","92","90","93","90","1","1","1","1","0","2","0","2","0","2:0:1|0:0:0|0:1:1|0:0:0|0:0:0|2:0:1|4:0:3|1:1:0|3:3:0|4:0:3|2:0:1|0:0:0|0:1:0|4:0:3|4:0:3|0:0:0|0:0:0|0:0:0|0:0:0|3:3:0|3:3:0|3:3:1|1:1:0|3:3:0|4:0:3|0:1:1|3:3:0|1:1:0|1:1:0|3:3:0|3:3:0|4:0:3|0:0:0|3:3:0|4:0:3|0:0:0|1:1:0|3:3:0|4:0:3|0:1:0|3:3:0|4:0:3|0:0:0|2:0:1|4:0:3|4:0:3|3:3:0|2:1:2|4:0:3","2:0:1|0:0:0|0:1:1|0:0:0|0:0:0|2:0:1|4:0:3|1:1:0|3:3:0|4:0:3|2:0:1|0:0:0|1:1:0|4:0:3|4:0:3|0:0:0|0:0:0|0:0:0|0:0:0|3:3:0|3:3:0|3:3:1|1:1:0|3:3:0|4:0:3|0:1:1|3:3:0|1:1:0|1:2:0|3:3:0|3:3:0|4:0:3|0:0:0|3:3:0|4:0:3|0:0:0|1:1:0|3:3:0|4:0:3|1:1:0|3:3:0|4:0:3|0:0:0|2:0:1|4:0:3|4:0:3|3:3:0|2:1:2|4:0:3","2:0:1|0:0:0|0:1:1|0:0:0|0:0:0|2:0:1|4:0:3|1:1:0|3:3:0|4:0:3|2:0:1|0:0:0|1:1:0|4:0:3|4:0:3|0:0:0|0:0:0|0:0:0|0:0:0|3:3:0|3:3:0|3:3:1|1:1:0|3:3:0|4:0:3|0:1:1|3:3:0|1:1:0|1:2:0|3:3:0|3:3:0|4:0:3|0:0:0|3:3:0|4:0:3|0:0:0|1:1:0|3:3:0|4:0:3|1:1:0|3:3:0|4:0:3|0:0:0|2:0:1|4:0:3|4:0:3|3:3:0|2:1:2|4:0:3"
"7x7-p96","7x7-p96-uct-0500","500","1","62","0.968750","1","2","O65","HH","93","90","93","91","2","2","4","1","2","1","3","1","3","2:0:1|0:0:0|0:1:1|0:0:0|0:0:0|2:0:1|4:0:3|1:1:0|3:3:0|4:0:3|2:0:1|0:0:0|1:1:0|4:0:3|4:0:3|0:0:0|0:0:0|0:0:0|0:0:0|3:3:0|3:3:0|3:3:1|1:1:0|3:3:0|4:0:3|0:1:1|3:3:0|1:1:0|1:2:0|3:3:0|3:3:0|4:0:3|0:0:0|3:3:0|4:0:3|0:0:0|1:1:0|3:3:0|4:0:3|1:1:0|3:3:0|4:0:3|0:0:0|2:0:1|4:0:3|4:0:3|3:3:0|2:1:2|4:0:3","2:0:1|0:0:0|0:1:1|0:0:0|0:0:0|2:0:1|4:0:3|1:1:0|3:3:0|4:0:3|2:0:1|0:0:0|1:1:0|4:0:3|4:0:3|0:0:0|0:0:0|0:0:0|0:0:0|3:3:0|3:3:0|3:3:1|1:1:0|3:3:0|4:0:3|0:1:1|3:3:0|1:1:0|1:2:0|3:3:0|3:3:0|4:0:3|0:0:0|3:3:0|4:0:3|0:0:0|1:1:0|3:3:0|4:0:3|1:1:0|3:3:0|4:0:3|0:0:0|2:0:1|4:0:3|4:0:3|3:3:0|2:1:3|4:0:3","2:0:1|0:0:0|0:1:1|0:0:0|0:0:0|2:0:1|4:0:3|1:1:0|3:3:0|4:0:3|2:0:2|0:0:0|1:1:0|4:0:3|4:0:3|0:0:0|0:0:0|0:0:0|0:0:0|3:3:0|3:3:0|3:3:1|1:1:0|3:3:0|4:0:3|0:1:1|3:3:0|1:1:0|1:2:0|3:3:0|3:3:0|4:0:3|0:0:0|3:3:0|4:0:3|0:0:0|1:1:0|3:3:0|4:0:3|1:1:0|3:3:0|4:0:3|0:0:0|2:0:1|4:0:3|4:0:3|3:3:0|4:1:3|4:0:3"
"7x7-p96","7x7-p96-uct-0500","500","1","62","0.968750","2","2","O13","LM","93","91","93","92","2","2","2","0","1","0","2","0","2","2:0:1|0:0:0|0:1:1|0:0:0|0:0:0|2:0:1|4:0:3|1:1:0|3:3:0|4:0:3|2:0:1|0:0:0|1:1:0|4:0:3|4:0:3|0:0:0|0:0:0|0:0:0|0:0:0|3:3:0|3:3:0|3:3:1|1:1:0|3:3:0|4:0:3|0:1:1|3:3:0|1:1:0|1:2:0|3:3:0|3:3:0|4:0:3|0:0:0|3:3:0|4:0:3|0:0:0|1:1:0|3:3:0|4:0:3|1:1:0|3:3:0|4:0:3|0:0:0|2:0:1|4:0:3|4:0:3|3:3:0|2:1:3|4:0:3","2:0:1|0:0:0|0:1:1|0:0:0|0:0:0|2:0:1|4:0:3|1:1:0|3:3:0|4:0:3|2:0:2|0:0:0|1:1:0|4:0:3|4:0:3|0:0:0|0:0:0|0:0:0|0:0:0|3:3:0|3:3:0|3:3:1|1:1:0|3:3:0|4:0:3|0:1:1|3:3:0|1:1:0|1:2:0|3:3:0|3:3:0|4:0:3|0:0:0|3:3:0|4:0:3|0:0:0|1:1:0|3:3:0|4:0:3|1:1:0|3:3:0|4:0:3|0:0:0|2:0:1|4:0:3|4:0:3|3:3:0|2:1:3|4:0:3","2:0:1|0:0:0|0:1:1|0:0:0|0:0:0|2:0:1|4:0:3|1:1:0|3:3:0|4:0:3|2:0:2|0:0:0|1:1:0|4:0:3|4:0:3|0:0:0|0:0:0|0:0:0|0:0:0|3:3:0|3:3:0|3:3:1|1:1:0|3:3:0|4:0:3|0:1:1|3:3:0|1:1:0|1:2:0|3:3:0|3:3:0|4:0:3|0:0:0|3:3:0|4:0:3|0:0:0|1:1:0|3:3:0|4:0:3|1:1:0|3:3:0|4:0:3|0:0:0|2:0:1|4:0:3|4:0:3|3:3:0|4:1:3|4:0:3"
"7x7-p96","7x7-p96-uct-0500","500","1","63","0.984375","1","1","O40","ML","93","93","94","93","1","1","3","2","0","3","0","3","0","2:0:1|0:0:0|0:1:1|0:0:0|0:0:0|2:0:1|4:0:3|1:1:0|3:3:0|4:0:3|2:0:2|0:0:0|1:1:0|4:0:3|4:0:3|0:0:0|0:0:0|0:0:0|0:0:0|3:3:0|3:3:0|3:3:1|1:1:0|3:3:0|4:0:3|0:1:1|3:3:0|1:1:0|1:2:0|3:3:0|3:3:0|4:0:3|0:0:0|3:3:0|4:0:3|0:0:0|1:1:0|3:3:0|4:0:3|1:1:0|3:3:0|4:0:3|0:0:0|2:0:1|4:0:3|4:0:3|3:3:0|4:1:3|4:0:3","2:0:1|0:0:0|0:1:1|0:0:0|0:0:0|2:0:1|4:0:3|1:1:0|3:3:0|4:0:3|2:0:2|0:0:0|1:1:0|4:0:3|4:0:3|0:0:0|0:0:0|0:0:0|0:0:0|3:3:0|3:3:0|3:3:1|1:1:0|3:3:0|4:0:3|0:1:1|3:3:0|1:1:0|1:3:0|3:3:0|3:3:0|4:0:3|0:0:0|3:3:0|4:0:3|0:0:0|1:1:0|3:3:0|4:0:3|1:1:0|3:3:0|4:0:3|0:0:0|2:0:1|4:0:3|4:0:3|3:3:0|4:1:3|4:0:3","2:0:1|0:0:0|0:1:1|0:0:0|0:0:0|2:0:1|4:0:3|1:1:0|3:3:0|4:0:3|2:0:2|0:0:0|1:1:0|4:0:3|4:0:3|0:0:0|0:0:0|1:1:0|0:0:0|3:3:0|3:3:0|3:3:1|1:1:0|3:3:0|4:0:3|0:1:1|3:3:0|1:1:0|3:3:0|3:3:0|3:3:0|4:0:3|0:0:0|3:3:0|4:0:3|0:0:0|1:1:0|3:3:0|4:0:3|1:1:0|3:3:0|4:0:3|0:0:0|2:0:1|4:0:3|4:0:3|3:3:0|4:1:3|4:0:3"
"7x7-p96","7x7-p96-uct-0500","500","1","63","0.984375","2","1","O23","MM","94","93","95","93","0","0","1","0","0","1","0","1","0","2:0:1|0:0:0|0:1:1|0:0:0|0:0:0|2:0:1|4:0:3|1:1:0|3:3:0|4:0:3|2:0:2|0:0:0|1:1:0|4:0:3|4:0:3|0:0:0|0:0:0|0:0:0|0:0:0|3:3:0|3:3:0|3:3:1|1:1:0|3:3:0|4:0:3|0:1:1|3:3:0|1:1:0|1:3:0|3:3:0|3:3:0|4:0:3|0:0:0|3:3:0|4:0:3|0:0:0|1:1:0|3:3:0|4:0:3|1:1:0|3:3:0|4:0:3|0:0:0|2:0:1|4:0:3|4:0:3|3:3:0|4:1:3|4:0:3","2:0:1|0:0:0|0:1:1|0:0:0|0:0:0|2:0:1|4:0:3|1:1:0|3:3:0|4:0:3|2:0:2|0:0:0|1:1:0|4:0:3|4:0:3|0:0:0|0:0:0|0:1:0|0:0:0|3:3:0|3:3:0|3:3:1|1:1:0|3:3:0|4:0:3|0:1:1|3:3:0|1:1:0|1:3:0|3:3:0|3:3:0|4:0:3|0:0:0|3:3:0|4:0:3|0:0:0|1:1:0|3:3:0|4:0:3|1:1:0|3:3:0|4:0:3|0:0:0|2:0:1|4:0:3|4:0:3|3:3:0|4:1:3|4:0:3","2:0:1|0:0:0|0:1:1|0:0:0|0:0:0|2:0:1|4:0:3|1:1:0|3:3:0|4:0:3|2:0:2|0:0:0|1:1:0|4:0:3|4:0:3|0:0:0|0:0:0|1:1:0|0:0:0|3:3:0|3:3:0|3:3:1|1:1:0|3:3:0|4:0:3|0:1:1|3:3:0|1:1:0|3:3:0|3:3:0|3:3:0|4:0:3|0:0:0|3:3:0|4:0:3|0:0:0|1:1:0|3:3:0|4:0:3|1:1:0|3:3:0|4:0:3|0:0:0|2:0:1|4:0:3|4:0:3|3:3:0|4:1:3|4:0:3"
"7x7-p96","7x7-p96-uct-0500","500","1","64","1.000000","1","2","O13","LM","96","93","96","94","2","2","4","0","2","0","3","0","3","2:0:1|0:0:0|0:1:1|0:0:0|0:0:0|2:0:1|4:0:3|1:1:0|3:3:0|4:0:3|2:0:2|0:0:0|1:1:0|4:0:3|4:0:3|0:0:0|0:0:0|1:1:0|0:0:0|3:3:0|3:3:0|3:3:1|1:1:0|3:3:0|4:0:3|0:1:1|3:3:0|1:1:0|3:3:0|3:3:0|3:3:0|4:0:3|0:0:0|3:3:0|4:0:3|0:0:0|1:1:0|3:3:0|4:0:3|1:1:0|3:3:0|4:0:3|0:0:0|2:0:1|4:0:3|4:0:3|3:3:0|4:1:3|4:0:3","2:0:1|0:0:0|0:1:1|0:0:0|0:0:0|2:0:1|4:0:3|1:1:0|3:3:0|4:0:3|2:0:3|0:0:0|1:1:0|4:0:3|4:0:3|0:0:0|0:0:0|1:1:0|0:0:0|3:3:0|3:3:0|3:3:1|1:1:0|3:3:0|4:0:3|0:1:1|3:3:0|1:1:0|3:3:0|3:3:0|3:3:0|4:0:3|0:0:0|3:3:0|4:0:3|0:0:0|1:1:0|3:3:0|4:0:3|1:1:0|3:3:0|4:0:3|0:0:0|2:0:1|4:0:3|4:0:3|3:3:0|4:1:3|4:0:3","2:0:1|0:0:0|0:1:1|0:0:0|0:0:0|2:0:1|4:0:3|1:1:0|3:3:0|4:0:3|4:0:3|0:0:0|1:1:0|4:0:3|4:0:3|0:0:0|0:0:0|1:1:0|0:0:0|3:3:0|3:3:0|3:3:1|1:1:0|3:3:0|4:0:3|0:1:1|3:3:0|1:1:0|3:3:0|3:3:0|3:3:0|4:0:3|0:0:0|3:3:0|4:0:3|0:0:0|1:1:0|3:3:0|4:0:3|0:1:1|3:3:0|4:0:3|0:0:0|2:0:1|4:0:3|4:0:3|3:3:0|4:1:3|4:0:3"
"7x7-p96","7x7-p96-uct-0500","500","1","64","1.000000","3","2","O54","HM","96","95","96","96","1","0","0","1","0","1","1","1","1","2:0:1|0:0:0|0:1:1|0:0:0|0:0:0|2:0:1|4:0:3|1:1:0|3:3:0|4:0:3|2:0:3|0:0:0|1:1:0|4:0:3|4:0:3|0:0:0|0:0:0|1:1:0|0:0:0|3:3:0|3:3:0|3:3:1|1:1:0|3:3:0|4:0:3|0:1:1|3:3:0|1:1:0|3:3:0|3:3:0|3:3:0|4:0:3|0:0:0|3:3:0|4:0:3|0:0:0|1:1:0|3:3:0|4:0:3|1:1:0|3:3:0|4:0:3|0:0:0|2:0:1|4:0:3|4:0:3|3:3:0|4:1:3|4:0:3","2:0:1|0:0:0|0:1:1|0:0:0|0:0:0|2:0:1|4:0:3|1:1:0|3:3:0|4:0:3|4:0:3|0:0:0|1:1:0|4:0:3|4:0:3|0:0:0|0:0:0|1:1:0|0:0:0|3:3:0|3:3:0|3:3:1|1:1:0|3:3:0|4:0:3|0:1:1|3:3:0|1:1:0|3:3:0|3:3:0|3:3:0|4:0:3|0:0:0|3:3:0|4:0:3|0:0:0|1:1:0|3:3:0|4:0:3|0:1:1|3:3:0|4:0:3|0:0:0|2:0:1|4:0:3|4:0:3|3:3:0|4:1:3|4:0:3","2:0:1|0:0:0|0:1:1|0:0:0|0:0:0|2:0:1|4:0:3|1:1:0|3:3:0|4:0:3|4:0:3|0:0:0|1:1:0|4:0:3|4:0:3|0:0:0|0:0:0|1:1:0|0:0:0|3:3:0|3:3:0|3:3:1|1:1:0|3:3:0|4:0:3|0:1:1|3:3:0|1:1:0|3:3:0|3:3:0|3:3:0|4:0:3|0:0:0|3:3:0|4:0:3|0:0:0|1:1:0|3:3:0|4:0:3|0:1:1|3:3:0|4:0:3|0:0:0|2:0:1|4:0:3|4:0:3|3:3:0|4:1:3|4:0:3"
"7x7-p96","7x7-p96-uct-1000","1000","1","3","0.046875","2","1","O25","MH","4","3","5","3","0","0","1","0","0","1","0","1","0","0:0:0|0:0:0|0:0:0|0:0:0|0:0:0|0:0:0|0:0:0|0:0:0|0:0:0|0:0:0|0:0:0|0:0:0|0:0:0|0:0:0|0:0:0|0:0:0|0:0:0|0:0:0|0:0:0|0:0:0|0:0:0|0:0:0|0:0:0|0:0:0|0:0:0|0:0:0|0:0:0|0:0:0|0:0:0|0:0:0|0:0:0|0:0:0|0:0:0|0:0:0|0:0:0|0:0:0|0:0:0|0:0:0|0:0:0|0:0:0|0:0:0|0:0:0|0:0:0|0:0:0|0:0:0|0:0:0|0:0:0|0:0:0|0:0:0","0:0:0|0:0:0|0:0:0|0:0:0|0:0:0|0:0:0|0:0:0|0:0:0|0:0:0|0:0:0|0:0:0|0:0:0|0:0:0|0:0:0|0:0:0|0:0:0|0:0:0|0:0:0|0:0:0|0:1:0|0:0:0|0:0:0|0:0:0|0:0:0|0:0:0|0:0:0|0:0:0|0:0:0|0:0:0|0:0:0|0:0:0|0:0:0|0:0:0|0:0:0|0:0:0|0:0:0|0:0:0|0:0:0|0:0:0|0:0:0|0:0:0|0:0:0|0:0:0|0:0:0|0:0:0|0:0:0|0:0:0|0:0:0|0:0:0","0:0:0|0:0:0|0:0:0|0:0:0|0:0:0|0:0:0|0:0:0|0:0:0|0:0:0|0:0:0|0:0:0|0:0:0|0:0:0|0:0:0|0:0:0|0:0:0|0:0:0|0:0:0|0:0:0|1:1:0|0:0:0|0:0:0|0:0:0|0:0:0|0:0:0|0:0:0|0:0:0|0:0:0|0:0:0|0:0:0|0:0:0|0:0:0|0:0:0|0:0:0|0:0:0|0:0:0|0:0:0|0:0:0|0:0:0|0:0:0|0:0:0|0:0:0|0:0:0|0:0:0|0:0:0|0:0:0|0:0:0|0:0:0|0:0:0"
"7x7-p96","7x7-p96-uct-1000","1000","1","6","0.093750","2","2","O22","MM","9","7","9","8","0","0","2","0","0","0","1","0","1","0:0:0|0:0:0|0:0:0|0:0:0|0:0:0|0:0:0|0:0:0|0:0:0|0:0:0|0:0:0|0:0:0|0:0:0|0:0:0|0:0:0|0:0:0|0:0:0|0:0:0|0:0:0|0:0:0|1:1:0|0:0:0|0:0:0|0:0:0|0:0:0|0:0:0|0:0:0|0:0:0|0:0:0|0:0:0|0:0:0|0:0:0|0:0:0|0:0:0|0:0:0|0:0:0|0:0:0|0:0:0|0:0:0|0:0:0|0:0:0|0:0:0|0:0:0|0:0:0|0:0:0|0:0:0|0:0:0|0:0:0|0:0:0|0:0:0","0:0:0|0:0:0|0:0:0|0:0:0|0:0:0|0:0:0|0:0:0|0:0:0|0:0:0|0:0:0|0:0:0|0:0:0|0:0:0|0:0:0|0:0:0|0:0:0|0:0:1|0:0:0|0:0:0|1:1:0|0:0:0|0:0:0|0:0:0|0:0:0|0:0:0|0:0:0|0:0:0|0:0:0|0:0:0|0:0:0|0:0:0|0:0:0|0:0:0|0:0:0|0:0:0|0:0:0|0:0:0|0:0:0|0:0:0|0:0:0|0:0:0|0:0:0|0:0:0|0:0:0|0:0:0|0:0:0|0:0:0|0:0:0|0:0:0","0:0:0|0:0:0|0:0:0|0:0:0|0:0:0|0:0:0|0:0:0|0:0:0|0:0:0|0:0:0|0:0:0|0:0:0|0:0:0|0:0:0|0:0:0|0:0:0|2:0:1|0:0:0|0:0:0|1:1:0|0:0:0|0:0:0|0:0:0|0:0:0|0:0:0|0:0:0|0:0:0|0:0:0|0:0:0|0:0:0|0:0:0|0:0:0|0:0:0|0:0:0|0:0:0|0:0:0|0:0:0|0:0:0|0:0:0|2:0:1|0:0:0|0:0:0|0:0:0|0:0:0|0:0:0|0:0:0|0:0:0|0:0:0|0:0:0"
"7x7-p96","7x7-p96-uct-1000","1000","1","6","0.093750","3","2","O54","HM","9","8","9","9","0","2","2","0","0","0","1","0","1","0:0:0|0:0:0|0:0:0|0:0:0|0:0:0|0:0:0|0:0:0|0:0:0|0:0:0|0:0:0|0:0:0|0:0:0|0:0:0|0:0:0|0:0:0|0:0:0|0:0:1|0:0:0|0:0:0|1:1:0|0:0:0|0:0:0|0:0:0|0:0:0|0:0:0|0:0:0|0:0:0|0:0:0|0:0:0|0:0:0|0:0:0|0:0:0|0:0:0|0:0:0|0:0:0|0:0:0|0:0:0|0:0:0|0:0:0|0:0:0|0:0:0|0:0:0|0:0:0|0:0:0|0:0:0|0:0:0|0:0:0|0:0:0|0:0:0","0:0:0|0:0:0|0:0:0|0:0:0|0:0:0|0:0:0|0:0:0|0:0:0|0:0:0|0:0:0|0:0:0|0:0:0|0:0:0|0:0:0|0:0:0|0:0:0|2:0:1|0:0:0|0:0:0|1:1:0|0:0:0|0:0:0|0:0:0|0:0:0|0:0:0|0:0:0|0:0:0|0:0:0|0:0:0|0:0:0|0:0:0|0:0:0|0:0:0|0:0:0|0:0:0|0:0:0|0:0:0|0:0:0|0:0:0|2:0:1|0:0:0|0:0:0|0:0:0|0:0:0|0:0:0|0:0:0|0:0:0|0:0:0|0:0:0","0:0:0|0:0:0|0:0:0|0:0:0|0:0:0|0:0:0|0:0:0|0:0:0|0:0:0|0:0:0|0:0:0|0:0:0|0:0:0|0:0:0|0:0:0|0:0:0|2:0:1|0:0:0|0:0:0|1:1:0|0:0:0|0:0:0|0:0:0|0:0:0|0:0:0|0:0:0|0:0:0|0:0:0|0:0:0|0:0:0|0:0:0|0:0:0|0:0:0|0:0:0|0:0:0|0:0:0|0:0:0|0:0:0|0:0:0|2:0:1|0:0:0|0:0:0|0:0:0|0:0:0|0:0:0|0:0:0|0:0:0|0:0:0|0:0:0"
"7x7-p96","7x7-p96-uct-1000","1000","1","7","0.109375","2","1","O36","MH","10","9","11","9","0","0","1","0","0","1","0","1","0","0:0:0|0:0:0|0:0:0|0:0:0|0:0:0|0:0:0|0:0:0|0:0:0|0:0:0|0:0:0|0:0:0|0:0:0|0:0:0|0:0:0|0:0:0|0:0:0|2:0:1|0:0:0|0:0:0|1:1:0|0:0:0|0:0:0|0:0:0|0:0:0|0:0:0|0:0:0|0:0:0|0:0:0|0:0:0|0:0:0|0:0:0|0:0:0|0:0:0|0:0:0|0:0:0|0:0:0|0:0:0|0:0:0|0:0:0|2:0:1|0:0:0|0:0:0|0:0:0|0:0:0|0:0:0|0:0:0|0:0:0|0:0:0|0:0:0","0:0:0|0:0:0|0:0:0|0:0:0|0:0:0|0:0:0|0:0:0|0:0:0|0:0:0|0:0:0|0:0:0|0:0:0|0:0:0|0:0:0|0:0:0|0:0:0|2:0:1|0:0:0|0:0:0|1:1:0|0:0:0|0:0:0|0:0:0|0:0:0|0:0:0|0:0:0|0:0:0|0:1:0|0:0:0|0:0:0|0:0:0|0:0:0|0:0:0|0:0:0|0:0:0|0:0:0|0:0:0|0:0:0|0:0:0|2:0:1|0:0:0|0:0:0|0:0:0|0:0:0|0:0:0|0:0:0|0:0:0|0:0:0|0:0:0","0:0:0|0:0:0|0:0:0|0:0:0|0:0:0|0:0:0|0:0:0|0:0:0|0:0:0|0:0:0|0:0:0|0:0:0|0:0:0|0:0:0|0:0:0|0:0:0|2:0:1|0:0:0|0:0:0|1:1:0|0:0:0|0:0:0|0:0:0|0:0:0|0:0:0|0:0:0|0:0:0|1:1:0|0:0:0|0:0:0|0:0:0|0:0:0|0:0:0|0:0:0|0:0:0|0:0:0|0:0:0|0:0:0|0:0:0|2:0:1|0:0:0|0:0:0|0:0:0|0:0:0|0:0:0|0:0:0|0:0:0|0:0:0|0:0:0"
"7x7-p96","7x7-p96-uct-1000","1000","1","8","0.125000","1","2","O22","MM","12","9","12","10","2","2","2","0","1","0","2","0","2","0:0:0|0:0:0|0:0:0|0:0:0|0:0:0|0:0:0|0:0:0|0:0:0|0:0:0|0:0:0|0:0:0|0:0:0|0:0:0|0:0:0|0:0:0|0:0:0|2:0:1|0:0:0|0:0:0|1:1:0|0:0:0|0:0:0|0:0:0|0:0:0|0:0:0|0:0:0|0:0:0|1:1:0|0:0:0|0:0:0|0:0:0|0:0:0|0:0:0|0:0:0|0:0:0|0:0:0|0:0:0|0:0:0|0:0:0|2:0:1|0:0:0|0:0:0|0:0:0|0:0:0|0:0:0|0:0:0|0:0:0|0:0:0|0:0:0","0:0:0|0:0:0|0:0:0|0:0:0|0:0:0|0:0:0|0:0:0|0:0:0|0:0:0|0:0:0|0:0:0|0:0:0|0:0:0|0:0:0|0:0:0|0:0:0|2:0:2|0:0:0|0:0:0|1:1:0|0:0:0|0:0:0|0:0:0|0:0:0|0:0:0|0:0:0|0:0:0|1:1:0|0:0:0|0:0:0|0:0:0|0:0:0|0:0:0|0:0:0|0:0:0|0:0:0|0:0:0|0:0:0|0:0:0|2:0:1|0:0:0|0:0:0|0:0:0|0:0:0|0:0:0|0:0:0|0:0:0|0:0:0|0:0:0","0:0:0|0:0:0|0:0:0|0:0:0|0:0:0|0:0:0|0:0:0|0:0:0|0:0:0|0:0:0|0:0:0|0:0:0|0:0:0|0:0:0|0:0:0|0:0:0|2:0:2|0:0:0|0:0:0|1:1:0|0:0:0|0:0:0|0:0:0|0:0:0|0:0:0|0:0:0|0:0:0|1:1:0|0:0:0|0:0:0|0:0:0|0:0:0|0:0:0|0:0:0|0:0:0|0:0:0|0:0:0|0:0:0|0:0:0|2:0:1|0:0:0|0:0:0|0:0:0|0:0:0|0:0:0|0:0:0|0:0:0|0:0:0|0:0:0"
"7x7-p96","7x7-p96-uct-1000","1000","1","9","0.140625","3","1","O41","ML","14","12","15","12","0","1","1","0","0","1","0","1","0","0:0:0|0:0:0|0:0:0|0:0:0|0:0:0|0:0:0|0:0:0|0:0:0|0:0:0|0:0:0|0:0:0|0:0:0|0:0:0|0:0:0|0:0:0|0:0:0|2:0:2|0:0:0|0:0:0|1:1:0|0:0:0|0:0:0|0:0:0|0:0:0|0:0:0|0:0:0|0:0:0|1:1:0|0:0:0|0:0:0|0:0:0|0:0:0|0:0:0|0:0:0|0:0:0|0:0:0|0:0:0|0:0:0|0:0:0|2:0:1|0:0:0|0:0:0|0:0:0|0:0:0|0:0:0|0:0:0|0:0:0|0:0:0|0:0:0","0:0:0|0:0:0|0:0:0|0:0:0|0:0:0|0:0:0|0:0:0|0:0:0|0:0:0|0:0:0|0:0:0|0:0:0|0:0:0|0:0:0|0:0:0|0:0:0|2:0:2|0:0:0|0:0:0|1:1:0|0:0:0|0:0:0|0:0:0|0:0:0|0:0:0|0:0:0|0:0:0|1:1:0|0:0:0|1:1:0|0:0:0|0:0:0|0:0:0|0:0:0|0:0:0|0:0:0|0:0:0|0:0:0|0:0:0|2:0:1|0:0:0|0:0:0|0:0:0|0:0:0|0:0:0|0:0:0|0:0:0|0:0:0|0:0:0","0:0:0|0:0:0|0:0:0|0:0:0|0:0:0|0:0:0|0:0:0|0:0:0|0:0:0|0:0:0|0:0:0|0:0:0|0:0:0|0:0:0|0:0:0|0:0:0|2:0:2|0:0:0|0:0:0|1:1:0|0:0:0|0:0:0|0:0:0|0:0:0|0:0:0|0:0:0|0:0:0|1:1:0|0:0:0|1:1:0|0:0:0|0:0:0|0:0:0|0:0:0|0:0:0|0:0:0|0:0:0|0:0:0|0:0:0|2:0:1|0:0:0|0:0:0|0:0:0|0:0:0|0:0:0|0:0:0|0:0:0|0:0:0|0:0:0"
"7x7-p96","7x7-p96-uct-1000","1000","1","10","0.156250","2","2","O31","ML","15","13","15","14","0","0","2","0","0","0","1","0","1","0:0:0|0:0:0|0:0:0|0:0:0|0:0:0|0:0:0|0:0:0|0:0:0|0:0:0|0:0:0|0:0:0|0:0:0|0:0:0|0:0:0|0:0:0|0:0:0|2:0:2|0:0:0|0:0:0|1:1:0|0:0:0|0:0:0|0:0:0|0:0:0|0:0:0|0:0:0|0:0:0|1:1:0|0:0:0|1:1:0|0:0:0|0:0:0|0:0:0|0:0:0|0:0:0|0:0:0|0:0:0|0:0:0|0:0:0|2:0:1|0:0:0|0:0:0|0:0:0|0:0:0|0:0:0|0:0:0|0:0:0|0:0:0|0:0:0","0:0:0|0:0:0|0:0:0|0:0:0|0:0:0|0:0:0|0:0:0|0:0:0|0:0:0|0:0:0|0:0:0|0:0:0|0:0:0|0:0:0|0:0:0|0:0:0|2:0:2|0:0:0|0:0:0|1:1:0|0:0:0|0:0:0|0:0:1|0:0:0|0:0:0|0:0:0|0:0:0|1:1:0|0:0:0|1:1:0|0:0:0|0:0:0|0:0:0|0:0:0|0:0:0|0:0:0|0:0:0|0:0:0|0:0:0|2:0:1|0:0:0|0:0:0|0:0:0|0:0:0|0:0:0|0:0:0|0:0:0|0:0:0|0:0:0","0:0:0|0:0:0|0:0:0|0:0:0|0:0:0|0:0:0|0:0:0|0:0:0|0:0:0|0:0:0|0:0:0|0:0:0|0:0:0|0:0:0|0:0:0|0:0:0|2:0:2|0:0:0|0:0:0|1:1:0|0:0:0|0:0:0|2:0:1|0:0:0|0:0:0|0:0:0|0:0:0|1:1:0|0:0:0|1:1:0|0:0:0|0:0:0|0:0:0|0:0:0|0:0:0|0:0:0|0:0:0|0:0:0|0:0:0|2:0:1|0:0:0|0:0:0|0:0:0|0:0:0|0:0:0|0:0:0|0:0:0|0:0:0|0:0:0"
"7x7-p96","7x7-p96-uct-1000","1000","1","12","0.187500","1","2","O21","ML","18","15","18","16","0","0","2","0","0","0","1","0","1","0:0:0|0:0:0|0:0:0|0:0:0|0:0:0|0:0:0|0:0:0|0:0:0|0:0:0|0:0:0|0:0:0|0:0:0|0:0:0|0:0:0|0:0:0|0:0:0|2:0:2|0:0:0|0:0:0|1:1:0|0:0:0|0:0:0|2:0:1|0:0:0|0:0:0|0:0:0|0:0:0|1:1:0|0:0:0|1:1:0|0:0:0|0:0:0|0:0:0|0:0:0|0:0:0|0:0:0|0:0:0|0:0:0|0:0:0|2:0:1|0:0:0|0:0:0|0:0:0|0:0:0|0:0:0|0:0:0|0:0:0|0:0:0|0:0:0","0:0:0|0:0:0|0:0:0|0:0:0|0:0:0|0:0:0|0:0:0|0:0:0|0:0:0|0:0:0|0:0:0|0:0:0|0:0:0|0:0:0|0:0:0|0:0:1|2:0:2|0:0:0|0:0:0|1:1:0|0:0:0|0:0:0|2:0:1|0:0:0|0:0:0|0:0:0|0:0:0|1:1:0|0:0:0|1:1:0|0:0:0|0:0:0|0:0:0|0:0:0|0:0:0|0:0:0|0:0:0|0:0:0|0:0:0|2:0:1|0:0:0|0:0:0|0:0:0|0:0:0|0:0:0|0:0:0|0:0:0|0:0:0|0:0:0","0:0:0|0:0:0|0:0:0|2:0:1|0:0:0|0:0:0|0:0:0|0:0:0|0:0:0|0:0:0|0:0:0|0:0:0|0:0:0|0:0:0|0:0:0|2:0:1|2:0:2|0:0:0|0:0:0|1:1:0|0:0:0|0:0:0|2:0:1|0:0:0|0:0:0|0:0:0|0:0:0|1:1:0|0:0:0|1:1:0|0:0:0|0:0:0|0:0:0|0:0:0|0:0:0|0:0:0|0:0:0|0:0:0|0:0:0|2:0:1|0:0:0|2:0:1|0:0:0|0:0:0|0:0:0|0:0:0|0:0:0|0:0:0|0:0:0"
"7x7-p96","7x7-p96-uct-1000","1000","1","12","0.187500","2","2","O03","LM","18","16","18","17","0","0","2","0","0","0","1","0","1","0:0:0|0:0:0|0:0:0|0:0:0|0:0:0|0:0:0|0:0:0|0:0:0|0:0:0|0:0:0|0:0:0|0:0:0|0:0:0|0:0:0|0:0:0|0:0:1|2:0:2|0:0:0|0:0:0|1:1:0|0:0:0|0:0:0|2:0:1|0:0:0|0:0:0|0:0:0|0:0:0|1:1:0|0:0:0|1:1:0|0:0:0|0:0:0|0:0:0|0:0:0|0:0:0|0:0:0|0:0:0|0:0:0|0:0:0|2:0:1|0:0:0|0:0:0|0:0:0|0:0:0|0:0:0|0:0:0|0:0:0|0:0:0|0:0:0","0:0:0|0:0:0|0:0:0|0:0:1|0:0:0|0:0:0|0:0:0|0:0:0|0:0:0|0:0:0|0:0:0|0:0:0|0:0:0|0:0:0|0:0:0|0:0:1|2:0:2|0:0:0|0:0:0|1:1:0|0:0:0|0:0:0|2:0:1|0:0:0|0:0:0|0:0:0|0:0:0|1:1:0|0:0:0|1:1:0|0:0:0|0:0:0|0:0:0|0:0:0|0:0:0|0:0:0|0:0:0|0:0:0|0:0:0|2:0:1|0:0:0|0:0:0|0:0:0|0:0:0|0:0:0|0:0:0|0:0:0|0:0:0|0:0:0","0:0:0|0:0:0|0:0:0|2:0:1|0:0:0|0:0:0|0:0:0|0:0:0|0:0:0|0:0:0|0:0:0|0:0:0|0:0:0|0:0:0|0:0:0|2:0:1|2:0:2|0:0:0|0:0:0|1:1:0|0:0:0|0:0:0|2:0:1|0:0:0|0:0:0|0:0:0|0:0:0|1:1:0|0:0:0|1:1:0|0:0:0|0:0:0|0:0:0|0:0:0|0:0:0|0:0:0|0:0:0|0:0:0|0:0:0|2:0:1|0:0:0|2:0:1|0:0:0|0:0:0|0:0:0|0:0:0|0:0:0|0:0:0|0:0:0"
"7x7-p96","7x7-p96-uct-1000","1000","1","12","0.187500","3","2","O56","HH","18","17","18","18","0","2","2","0","0","0","1","0","1","0:0:0|0:0:0|0:0:0|0:0:1|0:0:0|0:0:0|0:0:0|0:0:0|0:0:0|0:0:0|0:0:0|0:0:0|0:0:0|0:0:0|0:0:0|0:0:1|2:0:2|0:0:0|0:0:0|1:1:0|0:0:0|0:0:0|2:0:1|0:0:0|0:0:0|0:0:0|0:0:0|1:1:0|0:0:0|1:1:0|0:0:0|0:0:0|0:0:0|0:0:0|0:0:0|0:0:0|0:0:0|0:0:0|0:0:0|2:0:1|0:0:0|0:0:0|0:0:0|0:0:0|0:0:0|0:0:0|0:0:0|0:0:0|0:0:0","0:0:0|0:0:0|0:0:0|2:0:1|0:0:0|0:0:0|0:0:0|0:0:0|0:0:0|0:0:0|0:0:0|0:0:0|0:0:0|0:0:0|0:0:0|2:0:1|2:0:2|0:0:0|0:0:0|1:1:0|0:0:0|0:0:0|2:0:1|0:0:0|0:0:0|0:0:0|0:0:0|1:1:0|0:0:0|1:1:0|0:0:0|0:0:0|0:0:0|0:0:0|0:0:0|0:0:0|0:0:0|0:0:0|0:0:0|2:0:1|0:0:0|2:0:1|0:0:0|0:0:0|0:0:0|0:0:0|0:0:0|0:0:0|0:0:0","0:0:0|0:0:0|0:0:0|2:0:1|0:0:0|0:0:0|0:0:0|0:0:0|0:0:0|0:0:0|0:0:0|0:0:0|0:0:0|0:0:0|0:0:0|2:0:1|2:0:2|0:0:0|0:0:0|1:1:0|0:0:0|0:0:0|2:0:1|0:0:0|0:0:0|0:0:0|0:0:0|1:1:0|0:0:0|1:1:0|0:0:0|0:0:0|0:0:0|0:0:0|0:0:0|0:0:0|0:0:0|0:0:0|0:0:0|2:0:1|0:0:0|2:0:1|0:0:0|0:0:0|0:0:0|0:0:0|0:0:0|0:0:0|0:0:0"
"7x7-p96","7x7-p96-uct-1000","1000","1","15","0.234375","1","1","O01","LL","21","21","22","21","0","0","1","0","0","1","0","1","0","0:0:0|0:0:0|0:0:0|2:0:1|0:0:0|0:0:0|0:0:0|0:0:0|0:0:0|0:0:0|0:0:0|0:0:0|0:0:0|0:0:0|0:0:0|2:0:1|2:0:2|0:0:0|0:0:0|1:1:0|0:0:0|0:0:0|2:0:1|0:0:0|0:0:0|0:0:0|0:0:0|1:1:0|0:0:0|1:1:0|0:0:0|0:0:0|0:0:0|0:0:0|0:0:0|0:0:0|0:0:0|0:0:0|0:0:0|2:0:1|0:0:0|2:0:1|0:0:0|0:0:0|0:0:0|0:0:0|0:0:0|0:0:0|0:0:0","0:0:0|0:1:0|0:0:0|2:0:1|0:0:0|0:0:0|0:0:0|0:0:0|0:0:0|0:0:0|0:0:0|0:0:0|0:0:0|0:0:0|0:0:0|2:0:1|2:0:2|0:0:0|0:0:0|1:1:0|0:0:0|0:0:0|2:0:1|0:0:0|0:0:0|0:0:0|0:0:0|1:1:0|0:0:0|1:1:0|0:0:0|0:0:0|0:0:0|0:0:0|0:0:0|0:0:0|0:0:0|0:0:0|0:0:0|2:0:1|0:0:0|2:0:1|0:0:0|0:0:0|0:0:0|0:0:0|0:0:0|0:0:0|0:0:0","0:0:0|1:1:0|0:0:0|2:0:1|0:0:0|0:0:0|0:0:0|0:0:0|0:0:0|0:0:0|0:0:0|0:0:0|0:0:0|0:0:0|0:0:0|2:0:1|2:0:2|0:0:0|0:0:0|1:1:0|0:0:0|0:0:0|2:0:1|0:0:0|0:0:0|0:0:0|0:0:0|1:2:0|0:0:0|1:1:0|0:0:0|0:0:0|0:0:0|0:0:0|0:0:0|0:0:0|0:0:0|0:0:0|0:0:0|2:0:1|1:1:0|2:0:1|0:0:0|0:0:0|0:0:0|0:0:0|0:0:0|0:0:0|0:0:0"
"7x7-p96","7x7-p96-uct-1000","1000","1","15","0.234375","2","1","O55","HH","22","21","23","21","0","0","1","0","0","1","0","1","0","0:0:0|0:1:0|0:0:0|2:0:1|0:0:0|0:0:0|0:0:0|0:0:0|0:0:0|0:0:0|0:0:0|0:0:0|0:0:0|0:0:0|0:0:0|2:0:1|2:0:2|0:0:0|0:0:0|1:1:0|0:0:0|0:0:0|2:0:1|0:0:0|0:0:0|0:0:0|0:0:0|1:1:0|0:0:0|1:1:0|0:0:0|0:0:0|0:0:0|0:0:0|0:0:0|0:0:0|0:0:0|0:0:0|0:0:0|2:0:1|0:0:0|2:0:1|0:0:0|0:0:0|0:0:0|0:0:0|0:0:0|0:0:0|0:0:0","0:0:0|0:1:0|0:0:0|2:0:1|0:0:0|0:0:0|0:0:0|0:0:0|0:0:0|0:0:0|0:0:0|0:0:0|0:0:0|0:0:0|0:0:0|2:0:1|2:0:2|0:0:0|0:0:0|1:1:0|0:0:0|0:0:0|2:0:1|0:0:0|0:0:0|0:0:0|0:0:0|1:1:0|0:0:0|1:1:0|0:0:0|0:0:0|0:0:0|0:0:0|0:0:0|0:0:0|0:0:0|0:0:0|0:0:0|2:0:1|0:1:0|2:0:1|0:0:0|0:0:0|0:0:0|0:0:0|0:0:0|0:0:0|0:0:0","0:0:0|1:1:0|0:0:0|2:0:1|0:0:0|0:0:0|0:0:0|0:0:0|0:0:0|0:0:0|0:0:0|0:0:0|0:0:0|0:0:0|0:0:0|2:0:1|2:0:2|0:0:0|0:0:0|1:1:0|0:0:0|0:0:0|2:0:1|0:0:0|0:0:0|0:0:0|0:0:0|1:2:0|0:0:0|1:1:0|0:0:0|0:0:0|0:0:0|0:0:0|0:0:0|0:0:0|0:0:0|0:0:0|0:0:0|2:0:1|1:1:0|2:0:1|0:0:0|0:0:0|0:0:0|0:0:0|0:0:0|0:0:0|0:0:0"
"7x7-p96","7x7-p96-uct-1000","1000","1","15","0.234375","3","1","O36","MH","23","21","24","21","1","1","1","1","0","2","0","2","0","0:0:0|0:1:0|0:0:0|2:0:1|0:0:0|0:0:0|0:0:0|0:0:0|0:0:0|0:0:0|0:0:0|0:0:0|0:0:0|0:0:0|0:0:0|2:0:1|2:0:2|0:0:0|0:0:0|1:1:0|0:0:0|0:0:0|2:0:1|0:0:0|0:0:0|0:0:0|0:0:0|1:1:0|0:0:0|1:1:0|0:0:0|0:0:0|0:0:0|0:0:0|0:0:0|0:0:0|0:0:0|0:0:0|0:0:0|2:0:1|0:1:0|2:0:1|0:0:0|0:0:0|0:0:0|0:0:0|0:0:0|0:0:0|0:0:0","0:0:0|1:1:0|0:0:0|2:0:1|0:0:0|0:0:0|0:0:0|0:0:0|0:0:0|0:0:0|0:0:0|0:0:0|0:0:0|0:0:0|0:0:0|2:0:1|2:0:2|0:0:0|0:0:0|1:1:0|0:0:0|0:0:0|2:0:1|0:0:0|0:0:0|0:0:0|0:0:0|1:2:0|0:0:0|1:1:0|0:0:0|0:0:0|0:0:0|0:0:0|0:0:0|0:0:0|0:0:0|0:0:0|0:0:0|2:0:1|1:1:0|2:0:1|0:0:0|0:0:0|0:0:0|0:0:0|0:0:0|0:0:0|0:0:0","0:0:0|1:1:0|0:0:0|2:0:1|0:0:0|0:0:0|0:0:0|0:0:0|0:0:0|0:0:0|0:0:0|0:0:0|0:0:0|0:0:0|0:0:0|2:0:1|2:0:2|0:0:0|0:0:0|1:1:0|0:0:0|0:0:0|2:0:1|0:0:0|0:0:0|0:0:0|0:0:0|1:2:0|0:0:0|1:1:0|0:0:0|0:0:0|0:0:0|0:0:0|0:0:0|0:0:0|0:0:0|0:0:0|0:0:0|2:0:1|1:1:0|2:0:1|0:0:0|0:0:0|0:0:0|0:0:0|0:0:0|0:0:0|0:0:0"
"7x7-p96","7x7-p96-uct-1000","1000","1","16","0.250000","1","2","O22","MM","24","21","24","22","2","2","4","0","2","0","3","0","3","0:0:0|1:1:0|0:0:0|2:0:1|0:0:0|0:0:0|0:0:0|0:0:0|0:0:0|0:0:0|0:0:0|0:0:0|0:0:0|0:0:0|0:0:0|2:0:1|2:0:2|0:0:0|0:0:0|1:1:0|0:0:0|0:0:0|2:0:1|0:0:0|0:0:0|0:0:0|0:0:0|1:2:0|0:0:0|1:1:0|0:0:0|0:0:0|0:0:0|0:0:0|0:0:0|0:0:0|0:0:0|0:0:0|0:0:0|2:0:1|1:1:0|2:0:1|0:0:0|0:0:0|0:0:0|0:0:0|0:0:0|0:0:0|0:0:0","0:0:0|1:1:0|0:0:0|2:0:1|0:0:0|0:0:0|0:0:0|0:0:0|0:0:0|0:0:0|0:0:0|0:0:0|0:0:0|0:0:0|0:0:0|2:0:1|2:0:3|0:0:0|0:0:0|1:1:0|0:0:0|0:0:0|2:0:1|0:0:0|0:0:0|0:0:0|0:0:0|1:2:0|0:0:0|1:1:0|0:0:0|0:0:0|0:0:0|0:0:0|0:0:0|0:0:0|0:0:0|0:0:0|0:0:0|2:0:1|1:1:0|2:0:1|0:0:0|0:0:0|0:0:0|0:0:0|0:0:0|0:0:0|0:0:0","0:0:0|1:1:0|0:0:0|2:0:1|0:0:0|0:0:0|0:0:0|0:0:0|0:0:0|0:0:0|0:0:0|0:0:0|0:0:0|0:0:0|0:0:0|2:0:1|4:0:3|0:0:0|0:0:0|1:1:0|0:0:0|0:0:0|2:0:1|0:0:0|0:0:0|0:0:0|0:0:0|1:2:0|0:0:0|1:1:0|0:0:0|0:0:0|0:0:0|0:0:0|2:0:1|0:0:0|0:0:0|0:0:0|0:0:0|2:0:1|1:1:0|2:0:1|0:0:0|0:0:0|0:0:0|0:0:0|0:0:0|0:0:0|0:0:0"
"7x7-p96","7x7-p96-uct-1000","1000","1","16","0.250000","3","2","O46","MH","24","23","24","24","0","2","2","0","0","0","1","0","1","0:0:0|1:1:0|0:0:0|2:0:1|0:0:0|0:0:0|0:0:0|0:0:0|0:0:0|0:0:0|0:0:0|0:0:0|0:0:0|0:0:0|0:0:0|2:0:1|2:0:3|0:0:0|0:0:0|1:1:0|0:0:0|0:0:0|2:0:1|0:0:0|0:0:0|0:0:0|0:0:0|1:2:0|0:0:0|1:1:0|0:0:0|0:0:0|0:0:0|0:0:0|0:0:0|0:0:0|0:0:0|0:0:0|0:0:0|2:0:1|1:1:0|2:0:1|0:0:0|0:0:0|0:0:0|0:0:0|0:0:0|0:0:0|0:0:0","0:0:0|1:1:0|0:0:0|2:0:1|0:0:0|0:0:0|0:0:0|0:0:0|0:0:0|0:0:0|0:0:0|0:0:0|0:0:0|0:0:0|0:0:0|2:0:1|4:0:3|0:0:0|0:0:0|1:1:0|0:0:0|0:0:0|2:0:1|0:0:0|0:0:0|0:0:0|0:0:0|1:2:0|0:0:0|1:1:0|0:0:0|0:0:0|0:0:0|0:0:0|2:0:1|0:0:0|0:0:0|0:0:0|0:0:0|2:0:1|1:1:0|2:0:1|0:0:0|0:0:0|0:0:0|0:0:0|0:0:0|0:0:0|0:0:0","0:0:0|1:1:0|0:0:0|2:0:1|0:0:0|0:0:0|0:0:0|0:0:0|0:0:0|0:0:0|0:0:0|0:0:0|0:0:0|0:0:0|0:0:0|2:0:1|4:0:3|0:0:0|0:0:0|1:1:0|0:0:0|0:0:0|2:0:1|0:0:0|0:0:0|0:0:0|0:0:0|1:2:0|0:0:0|1:1:0|0:0:0|0:0:0|0:0:0|0:0:0|2:0:1|0:0:0|0:0:0|0:0:0|0:0:0|2:0:1|1:1:0|2:0:1|0:0:0|0:0:0|0:0:0|0:0:0|0:0:0|0:0:0|0:0:0"
"7x7-p96","7x7-p96-uct-1000","1000","1","17","0.265625","1","1","O56","HH","24","24","25","24","2","2","0","0","1","1","1","1","1","0:0:0|1:1:0|0:0:0|2:0:1|0:0:0|0:0:0|0:0:0|0:0:0|0:0:0|0:0:0|0:0:0|0:0:0|0:0:0|0:0:0|0:0:0|2:0:1|4:0:3|0:0:0|0:0:0|1:1:0|0:0:0|0:0:0|2:0:1|0:0:0|0:0:0|0:0:0|0:0:0|1:2:0|0:0:0|1:1:0|0:0:0|0:0:0|0:0:0|0:0:0|2:0:1|0:0:0|0:0:0|0:0:0|0:0:0|2:0:1|1:1:0|2:0:1|0:0:0|0:0:0|0:0:0|0:0:0|0:0:0|0:0:0|0:0:0","0:0:0|1:1:0|0:0:0|2:0:1|0:0:0|0:0:0|0:0:0|0:0:0|0:0:0|0:0:0|0:0:0|0:0:0|0:0:0|0:0:0|0:0:0|2:0:1|4:0:3|0:0:0|0:0:0|1:1:0|0:0:0|0:0:0|2:0:1|0:0:0|0:0:0|0:0:0|0:0:0|1:2:0|0:0:0|1:1:0|0:0:0|0:0:0|0:0:0|0:0:0|2:0:1|0:0:0|0:0:0|0:0:0|0:0:0|2:0:1|1:1:0|2:1:1|0:0:0|0:0:0|0:0:0|0:0:0|0:0:0|0:0:0|0:0:0","0:0:0|1:1:0|0:0:0|2:0:1|0:0:0|0:0:0|0:0:0|0:0:0|0:0:0|0:0:0|0:0:0|0:0:0|0:0:0|0:0:0|0:0:0|2:0:1|4:0:3|0:0:0|0:0:0|1:1:0|0:0:0|0:0:0|2:0:1|0:0:0|0:0:0|1:1:0|0:0:0|1:2:0|0:0:0|1:1:0|0:0:0|0:0:0|0:0:0|0:0:0|2:0:1|0:0:0|0:0:0|0:0:0|0:0:0|2:0:1|1:1:0|0:1:1|0:0:0|0:0:0|0:0:0|0:0:0|0:0:0|0:0:0|0:0:0"
"7x7-p96","7x7-p96-uct-1000","1000","1","17","0.265625","3","1","O34","MM","26","24","27","24","0","1","1","0","0","1","0","1","0","0:0:0|1:1:0|0:0:0|2:0:1|0:0:0|0:0:0|0:0:0|0:0:0|0:0:0|0:0:0|0:0:0|0:0:0|0:0:0|0:0:0|0:0:0|2:0:1|4:0:3|0:0:0|0:0:0|1:1:0|0:0:0|0:0:0|2:0:1|0:0:0|0:0:0|0:0:0|0:0:0|1:2:0|0:0:0|1:1:0|0:0:0|0:0:0|0:0:0|0:0:0|2:0:1|0:0:0|0:0:0|0:0:0|0:0:0|2:0:1|1:1:0|2:1:1|0:0:0|0:0:0|0:0:0|0:0:0|0:0:0|0:0:0|0:0:0","0:0:0|1:1:0|0:0:0|2:0:1|0:0:0|0:0:0|0:0:0|0:0:0|0:0:0|0:0:0|0:0:0|0:0:0|0:0:0|0:0:0|0:0:0|2:0:1|4:0:3|0:0:0|0:0:0|1:1:0|0:0:0|0:0:0|2:0:1|0:0:0|0:0:0|1:1:0|0:0:0|1:2:0|0:0:0|1:1:0|0:0:0|0:0:0|0:0:0|0:0:0|2:0:1|0:0:0|0:0:0|0:0:0|0:0:0|2:0:1|1:1:0|0:1:1|0:0:0|0:0:0|0:0:0|0:0:0|0:0:0|0:0:0|0:0:0","0:0:0|1:1:0|0:0:0|2:0:1|0:0:0|0:0:0|0:0:0|0:0:0|0:0:0|0:0:0|0:0:0|0:0:0|0:0:0|0:0:0|0:0:0|2:0:1|4:0:3|0:0:0|0:0:0|1:1:0|0:0:0|0:0:0|2:0:1|0:0:0|0:0:0|1:1:0|0:0:0|1:2:0|0:0:0|1:1:0|0:0:0|0:0:0|0:0:0|0:0:0|2:0:1|0:0:0|0:0:0|0:0:0|0:0:0|2:0:1|1:1:0|0:1:1|0:0:0|0:0:0|0:0:0|0:0:0|0:0:0|0:0:0|0:0:0"
"7x7-p96","7x7-p96-uct-1000","1000","1","18","0.281250","1","2","O50","HL","27","24","27","25","0","0","2","0","0","0","1","0","1","0:0:0|1:1:0|0:0:0|2:0:1|0:0:0|0:0:0|0:0:0|0:0:0|0:0:0|0:0:0|0:0:0|0:0:0|0:0:0|0:0:0|0:0:0|2:0:1|4:0:3|0:0:0|0:0:0|1:1:0|0:0:0|0:0:0|2:0:1|0:0:0|0:0:0|1:1:0|0:0:0|1:2:0|0:0:0|1:1:0|0:0:0|0:0:0|0:0:0|0:0:0|2:0:1|0:0:0|0:0:0|0:0:0|0:0:0|2:0:1|1:1:0|0:1:1|0:0:0|0:0:0|0:0:0|0:0:0|0:0:0|0:0:0|0:0:0","0:0:0|1:1:0|0:0:0|2:0:1|0:0:0|0:0:0|0:0:0|0:0:0|0:0:0|0:0:0|0:0:0|0:0:0|0:0:0|0:0:0|0:0:0|2:0:1|4:0:3|0:0:0|0:0:0|1:1:0|0:0:0|0:0:0|2:0:1|0:0:0|0:0:0|1:1:0|0:0:0|1:2:0|0:0:0|1:1:0|0:0:0|0:0:0|0:0:0|0:0:0|2:0:1|0:0:1|0:0:0|0:0:0|0:0:0|2:0:1|1:1:0|0:1:1|0:0:0|0:0:0|0:0:0|0:0:0|0:0:0|0:0:0|0:0:0","0:0:0|1:1:0|0:0:0|2:0:1|0:0:0|0:0:0|0:0:0|0:0:0|0:0:0|0:0:0|0:0:0|0:0:0|0:0:0|0:0:0|0:0:0|2:0:1|4:0:3|0:0:0|0:0:0|1:1:0|0:0:0|0:0:0|2:0:2|0:0:0|0:0:0|1:1:0|0:0:0|1:2:0|0:0:0|1:1:0|0:0:0|0:0:0|0:0:0|0:0:0|2:0:1|2:0:1|0:0:0|0:0:0|0:0:0|2:0:1|1:1:0|0:1:1|0:0:0|0:0:0|0:0:0|0:0:0|0:0:0|0:0:0|0:0:0"
"7x7-p96","7x7-p96-uct-1000","1000","1","18","0.281250","2","2","O31","ML","27","25","27","26","2","2","2","0","1","0","2","0","2","0:0:0|1:1:0|0:0:0|2:0:1|0:0:0|0:0:0|0:0:0|0:0:0|0:0:0|0:0:0|0:0:0|0:0:0|0:0:0|0:0:0|0:0:0|2:0:1|4:0:3|0:0:0|0:0:0|1:1:0|0:0:0|0:0:0|2:0:1|0:0:0|0:0:0|1:1:0|0:0:0|1:2:0|0:0:0|1:1:0|0:0:0|0:0:0|0:0:0|0:0:0|2:0:1|0:0:1|0:0:0|0:0:0|0:0:0|2:0:1|1:1:0|0:1:1|0:0:0|0:0:0|0:0:0|0:0:0|0:0:0|0:0:0|0:0:0","0:0:0|1:1:0|0:0:0|2:0:1|0:0:0|0:0:0|0:0:0|0:0:0|0:0:0|0:0:0|0:0:0|0:0:0|0:0:0|0:0:0|0:0:0|2:0:1|4:0:3|0:0:0|0:0:0|1:1:0|0:0:0|0:0:0|2:0:2|0:0:0|0:0:0|1:1:0|0:0:0|1:2:0|0:0:0|1:1:0|0:0:0|0:0:0|0:0:0|0:0:0|2:0:1|0:0:1|0:0:0|0:0:0|0:0:0|2:0:1|1:1:0|0:1:1|0:0:0|0:0:0|0:0:0|0:0:0|0:0:0|0:0:0|0:0:0","0:0:0|1:1:0|0:0:0|2:0:1|0:0:0|0:0:0|0:0:0|0:0:0|0:0:0|0:0:0|0:0:0|0:0:0|0:0:0|0:0:0|0:0:0|2:0:1|4:0:3|0:0:0|0:0:0|1:1:0|0:0:0|0:0:0|2:0:2|0:0:0|0:0:0|1:1:0|0:0:0|1:2:0|0:0:0|1:1:0|0:0:0|0:0:0|0:0:0|0:0:0|2:0:1|2:0:1|0:0:0|0:0:0|0:0:0|2:0:1|1:1:0|0:1:1|0:0:0|0:0:0|0:0:0|0:0:0|0:0:0|0:0:0|0:0:0"
"7x7-p96","7x7-p96-uct-1000","1000","1","19","0.296875","2","1","O50","HL","28","27","29","27","2","2","0","0","1","1","1","1","1","0:0:0|1:1:0|0:0:0|2:0:1|0:0:0|0:0:0|0:0:0|0:0:0|0:0:0|0:0:0|0:0:0|0:0:0|0:0:0|0:0:0|0:0:0|2:0:1|4:0:3|0:0:0|0:0:0|1:1:0|0:0:0|0:0:0|2:0:2|0:0:0|0:0:0|1:1:0|0:0:0|1:2:0|0:0:0|1:1:0|0:0:0|0:0:0|0:0:0|0:0:0|2:0:1|2:0:1|0:0:0|0:0:0|0:0:0|2:0:1|1:1:0|0:1:1|0:0:0|0:0:0|0:0:0|0:0:0|0:0:0|0:0:0|0:0:0","0:0:0|1:1:0|0:0:0|2:0:1|0:0:0|0:0:0|0:0:0|0:0:0|0:0:0|0:0:0|0:0:0|0:0:0|0:0:0|0:0:0|0:0:0|2:0:1|4:0:3|0:0:0|0:0:0|1:1:0|0:0:0|0:0:0|2:0:2|0:0:0|0:0:0|1:1:0|0:0:0|1:2:0|0:0:0|1:1:0|0:0:0|0:0:0|0:0:0|0:0:0|2:0:1|2:1:1|0:0:0|0:0:0|0:0:0|2:0:1|1:1:0|0:1:1|0:0:0|0:0:0|0:0:0|0:0:0|0:0:0|0:0:0|0:0:0","0:0:0|1:1:0|0:0:0|2:0:1|0:0:0|0:0:0|0:0:0|0:0:0|0:0:0|0:0:0|0:0:0|0:0:0|0:0:0|0:0:0|0:0:0|2:0:1|4:0:3|0:0:0|0:0:0|1:1:0|0:0:0|0:0:0|2:0:2|0:0:0|0:0:0|1:1:0|0:0:0|1:2:0|0:0:0|1:1:0|0:0:0|0:0:0|0:0:0|0:0:0|2:0:1|0:1:1|0:0:0|0:0:0|0:0:0|2:0:1|1:1:0|0:1:1|0:0:0|0:0:0|0:0:0|0:0:0|0:0:0|1:1:0|0:0:0"
"7x7-p96","7x7-p96-uct-1000","1000","1","19","0.296875","3","1","O65","HH","29","27","30","27","0","1","1","0","0","1","0","1","0","0:0:0|1:1:0|0:0:0|2:0:1|0:0:0|0:0:0|0:0:0|0:0:0|0:0:0|0:0:0|0:0:0|0:0:0|0:0:0|0:0:0|0:0:0|2:0:1|4:0:3|0:0:0|0:0:0|1:1:0|0:0:0|0:0:0|2:0:2|0:0:0|0:0:0|1:1:0|0:0:0|1:2:0|0:0:0|1:1:0|0:0:0|0:0:0|0:0:0|0:0:0|2:0:1|2:1:1|0:0:0|0:0:0|0:0:0|2:0:1|1:1:0|0:1:1|0:0:0|0:0:0|0:0:0|0:0:0|0:0:0|0:0:0|0:0:0","0:0:0|1:1:0|0:0:0|2:0:1|0:0:0|0:0:0|0:0:0|0:0:0|0:0:0|0:0:0|0:0:0|0:0:0|0:0:0|0:0:0|0:0:0|2:0:1|4:0:3|0:0:0|0:0:0|1:1:0|0:0:0|0:0:0|2:0:2|0:0:0|0:0:0|1:1:0|0:0:0|1:2:0|0:0:0|1:1:0|0:0:0|0:0:0|0:0:0|0:0:0|2:0:1|0:1:1|0:0:0|0:0:0|0:0:0|2:0:1|1:1:0|0:1:1|0:0:0|0:0:0|0:0:0|0:0:0|0:0:0|1:1:0|0:0:0","0:0:0|1:1:0|0:0:0|2:0:1|0:0:0|0:0:0|0:0:0|0:0:0|0:0:0|0:0:0|0:0:0|0:0:0|0:0:0|0:0:0|0:0:0|2:0:1|4:0:3|0:0:0|0:0:0|1:1:0|0:0:0|0:0:0|2:0:2|0:0:0|0:0:0|1:1:0|0:0:0|1:2:0|0:0:0|1:1:0|0:0:0|0:0:0|0:0:0|0:0:0|2:0:1|0:1:1|0:0:0|0:0:0|0:0:0|2:0:1|1:1:0|0:1:1|0:0:0|0:0:0|0:0:0|0:0:0|0:0:0|1:1:0|0:0:0"
"7x7-p96","7x7-p96-uct-1000","1000","1","20","0.312500","1","2","O46","MH","30","27","30","28","2","2","2","0","1","0","2","0","2","0:0:0|1:1:0|0:0:0|2:0:1|0:0:0|0:0:0|0:0:0|0:0:0|0:0:0|0:0:0|0:0:0|0:0:0|0:0:0|0:0:0|0:0:0|2:0:1|4:0:3|0:0:0|0:0:0|1:1:0|0:0:0|0:0:0|2:0:2|0:0:0|0:0:0|1:1:0|0:0:0|1:2:0|0:0:0|1:1:0|0:0:0|0:0:0|0:0:0|0:0:0|2:0:1|0:1:1|0:0:0|0:0:0|0:0:0|2:0:1|1:1:0|0:1:1|0:0:0|0:0:0|0:0:0|0:0:0|0:0:0|1:1:0|0:0:0","0:0:0|1:1:0|0:0:0|2:0:1|0:0:0|0:0:0|0:0:0|0:0:0|0:0:0|0:0:0|0:0:0|0:0:0|0:0:0|0:0:0|0:0:0|2:0:1|4:0:3|0:0:0|0:0:0|1:1:0|0:0:0|0:0:0|2:0:2|0:0:0|0:0:0|1:1:0|0:0:0|1:2:0|0:0:0|1:1:0|0:0:0|0:0:0|0:0:0|0:0:0|2:0:2|0:1:1|0:0:0|0:0:0|0:0:0|2:0:1|1:1:0|0:1:1|0:0:0|0:0:0|0:0:0|0:0:0|0:0:0|1:1:0|0:0:0","0:0:0|1:1:0|0:0:0|2:0:1|0:0:0|0:0:0|0:0:0|0:0:0|0:0:0|0:0:0|0:0:0|0:0:0|0:0:0|0:0:0|0:0:0|2:0:1|4:0:3|0:0:0|0:0:0|1:1:0|0:0:0|0:0:0|2:0:2|0:0:0|0:0:0|1:1:0|0:0:0|1:2:0|0:0:0|1:1:0|0:0:0|0:0:0|0:0:0|0:0:0|2:0:2|0:1:1|0:0:0|0:0:0|0:0:0|2:0:1|1:1:0|0:1:1|0:0:0|0:0:0|0:0:0|0:0:0|2:0:1|1:1:0|0:0:0"
"7x7-p96","7x7-p96-uct-1000","1000","1","20","0.312500","2","2","O64","HM","30","28","30","29","0","0","2","0","0","0","1","0","1","0:0:0|1:1:0|0:0:0|2:0:1|0:0:0|0:0:0|0:0:0|0:0:0|0:0:0|0:0:0|0:0:0|0:0:0|0:0:0|0:0:0|0:0:0|2:0:1|4:0:3|0:0:0|0:0:0|1:1:0|0:0:0|0:0:0|2:0:2|0:0:0|0:0:0|1:1:0|0:0:0|1:2:0|0:0:0|1:1:0|0:0:0|0:0:0|0:0:0|0:0:0|2:0:2|0:1:1|0:0:0|0:0:0|0:0:0|2:0:1|1:1:0|0:1:1|0:0:0|0:0:0|0:0:0|0:0:0|0:0:0|1:1:0|0:0:0","0:0:0|1:1:0|0:0:0|2:0:1|0:0:0|0:0:0|0:0:0|0:0:0|0:0:0|0:0:0|0:0:0|0:0:0|0:0:0|0:0:0|0:0:0|2:0:1|4:0:3|0:0:0|0:0:0|1:1:0|0:0:0|0:0:0|2:0:2|0:0:0|0:0:0|1:1:0|0:0:0|1:2:0|0:0:0|1:1:0|0:0:0|0:0:0|0:0:0|0:0:0|2:0:2|0:1:1|0:0:0|0:0:0|0:0:0|2:0:1|1:1:0|0:1:1|0:0:0|0:0:0|0:0:0|0:0:0|0:0:1|1:1:0|0:0:0","0:0:0|1:1:0|0:0:0|2:0:1|0:0:0|0:0:0|0:0:0|0:0:0|0:0:0|0:0:0|0:0:0|0:0:0|0:0:0|0:0:0|0:0:0|2:0:1|4:0:3|0:0:0|0:0:0|1:1:0|0:0:0|0:0:0|2:0:2|0:0:0|0:0:0|1:1:0|0:0:0|1:2:0|0:0:0|1:1:0|0:0:0|0:0:0|0:0:0|0:0:0|2:0:2|0:1:1|0:0:0|0:0:0|0:0:0|2:0:1|1:1:0|0:1:1|0:0:0|0:0:0|0:0:0|0:0:0|2:0:1|1:1:0|0:0:0"
"7x7-p96","7x7-p96-uct-1000","1000","1","21","0.328125","1","1","O62","HM","30","30","31","30","0","0","1","0","0","1","0","1","0","0:0:0|1:1:0|0:0:0|2:0:1|0:0:0|0:0:0|0:0:0|0:0:0|0:0:0|0:0:0|0:0:0|0:0:0|0:0:0|0:0:0|0:0:0|2:0:1|4:0:3|0:0:0|0:0:0|1:1:0|0:0:0|0:0:0|2:0:2|0:0:0|0:0:0|1:1:0|0:0:0|1:2:0|0:0:0|1:1:0|0:0:0|0:0:0|0:0:0|0:0:0|2:0:2|0:1:1|0:0:0|0:0:0|0:0:0|2:0:1|1:1:0|0:1:1|0:0:0|0:0:0|0:0:0|0:0:0|2:0:1|1:1:0|0:0:0","0:0:0|1:1:0|0:0:0|2:0:1|0:0:0|0:0:0|0:0:0|0:0:0|0:0:0|0:0:0|0:0:0|0:0:0|0:0:0|0:0:0|0:0:0|2:0:1|4:0:3|0:0:0|0:0:0|1:1:0|0:0:0|0:0:0|2:0:2|0:0:0|0:0:0|1:1:0|0:0:0|1:2:0|0:0:0|1:1:0|0:0:0|0:0:0|0:0:0|0:0:0|2:0:2|0:1:1|0:0:0|0:0:0|0:0:0|2:0:1|1:1:0|0:1:1|0:0:0|0:0:0|0:1:0|0:0:0|2:0:1|1:1:0|0:0:0","0:0:0|1:1:0|0:0:0|2:0:1|0:0:0|0:0:0|0:0:0|0:0:0|0:0:0|0:0:0|0:0:0|0:0:0|0:0:0|0:0:0|0:0:0|2:0:1|4:0:3|0:0:0|0:0:0|1:1:0|0:0:0|0:0:0|2:0:2|0:0:0|0:0:0|1:1:0|0:0:0|1:2:0|0:0:0|1:1:0|0:0:0|0:0:0|0:0:0|0:0:0|2:0:2|0:1:1|0:0:0|0:0:0|0:0:0|2:0:1|1:1:0|0:1:1|0:0:0|0:0:0|1:1:0|0:0:0|2:0:1|1:1:0|0:0:0"
"7x7-p96","7x7-p96-uct-1000","1000","1","22","0.343750","2","2","O02","LM","33","31","33","32","0","0","2","0","0","0","1","0","1","0:0:0|1:1:0|0:0:0|2:0:1|0:0:0|0:0:0|0:0:0|0:0:0|0:0:0|0:0:0|0:0:0|0:0:0|0:0:0|0:0:0|0:0:0|2:0:1|4:0:3|0:0:0|0:0:0|1:1:0|0:0:0|0:0:0|2:0:2|0:0:0|0:0:0|1:1:0|0:0:0|1:2:0|0:0:0|1:1:0|0:0:0|0:0:0|0:0:0|0:0:0|2:0:2|0:1:1|0:0:0|0:0:0|0:0:0|2:0:1|1:1:0|0:1:1|0:0:0|0:0:0|1:1:0|0:0:0|2:0:1|1:1:0|0:0:0","0:0:0|1:1:0|0:0:1|2:0:1|0:0:0|0:0:0|0:0:0|0:0:0|0:0:0|0:0:0|0:0:0|0:0:0|0:0:0|0:0:0|0:0:0|2:0:1|4:0:3|0:0:0|0:0:0|1:1:0|0:0:0|0:0:0|2:0:2|0:0:0|0:0:0|1:1:0|0:0:0|1:2:0|0:0:0|1:1:0|0:0:0|0:0:0|0:0:0|0:0:0|2:0:2|0:1:1|0:0:0|0:0:0|0:0:0|2:0:1|1:1:0|0:1:1|0:0:0|0:0:0|1:1:0|0:0:0|2:0:1|1:1:0|0:0:0","0:0:0|1:1:0|2:0:1|2:0:1|0:0:0|0:0:0|0:0:0|0:0:0|0:0:0|0:0:0|0:0:0|0:0:0|0:0:0|0:0:0|0:0:0|2:0:1|4:0:3|0:0:0|0:0:0|1:1:0|0:0:0|0:0:0|2:0:2|0:0:0|0:0:0|1:1:0|0:0:0|1:2:0|0:0:0|1:1:0|0:0:0|0:0:0|0:0:0|0:0:0|2:0:2|0:1:1|0:0:0|0:0:0|0:0:0|2:0:1|1:1:0|0:1:1|0:0:0|2:0:1|1:1:0|0:0:0|2:0:1|1:1:0|0:0:0"
"7x7-p96","7x7-p96-uct-1000","1000","1","22","0.343750","3","2","O61","HL","33","32","33","33","0","2","2","0","0","0","1","0","1","0:0:0|1:1:0|0:0:1|2:0:1|0:0:0|0:0:0|0:0:0|0:0:0|0:0:0|0:0:0|0:0:0|0:0:0|0:0:0|0:0:0|0:0:0|2:0:1|4:0:3|0:0:0|0:0:0|1:1:0|0:0:0|0:0:0|2:0:2|0:0:0|0:0:0|1:1:0|0:0:0|1:2:0|0:0:0|1:1:0|0:0:0|0:0:0|0:0:0|0:0:0|2:0:2|0:1:1|0:0:0|0:0:0|0:0:0|2:0:1|1:1:0|0:1:1|0:0:0|0:0:0|1:1:0|0:0:0|2:0:1|1:1:0|0:0:0","0:0:0|1:1:0|2:0:1|2:0:1|0:0:0|0:0:0|0:0:0|0:0:0|0:0:0|0:0:0|0:0:0|0:0:0|0:0:0|0:0:0|0:0:0|2:0:1|4:0:3|0:0:0|0:0:0|1:1:0|0:0:0|0:0:0|2:0:2|0:0:0|0:0:0|1:1:0|0:0:0|1:2:0|0:0:0|1:1:0|0:0:0|0:0:0|0:0:0|0:0:0|2:0:2|0:1:1|0:0:0|0:0:0|0:0:0|2:0:1|1:1:0|0:1:1|0:0:0|2:0:1|1:1:0|0:0:0|2:0:1|1:1:0|0:0:0","0:0:0|1:1:0|2:0:1|2:0:1|0:0:0|0:0:0|0:0:0|0:0:0|0:0:0|0:0:0|0:0:0|0:0:0|0:0:0|0:0:0|0:0:0|2:0:1|4:0:3|0:0:0|0:0:0|1:1:0|0:0:0|0:0:0|2:0:2|0:0:0|0:0:0|1:1:0|0:0:0|1:2:0|0:0:0|1:1:0|0:0:0|0:0:0|0:0:0|0:0:0|2:0:2|0:1:1|0:0:0|0:0:0|0:0:0|2:0:1|1:1:0|0:1:1|0:0:0|2:0:1|1:1:0|0:0:0|2:0:1|1:1:0|0:0:0"
"7x7-p96","7x7-p96-uct-1000","1000","1","23","0.359375","1","1","O62","HM","33","33","34","33","1","1","1","1","0","2","0","2","0","0:0:0|1:1:0|2:0:1|2:0:1|0:0:0|0:0:0|0:0:0|0:0:0|0:0:0|0:0:0|0:0:0|0:0:0|0:0:0|0:0:0|0:0:0|2:0:1|4:0:3|0:0:0|0:0:0|1:1:0|0:0:0|0:0:0|2:0:2|0:0:0|0:0:0|1:1:0|0:0:0|1:2:0|0:0:0|1:1:0|0:0:0|0:0:0|0:0:0|0:0:0|2:0:2|0:1:1|0:0:0|0:0:0|0:0:0|2:0:1|1:1:0|0:1:1|0:0:0|2:0:1|1:1:0|0:0:0|2:0:1|1:1:0|0:0:0","0:0:0|1:1:0|2:0:1|2:0:1|0:0:0|0:0:0|0:0:0|0:0:0|0:0:0|0:0:0|0:0:0|0:0:0|0:0:0|0:0:0|0:0:0|2:0:1|4:0:3|0:0:0|0:0:0|1:1:0|0:0:0|0:0:0|2:0:2|0:0:0|0:0:0|1:1:0|0:0:0|1:2:0|0:0:0|1:1:0|0:0:0|0:0:0|0:0:0|0:0:0|2:0:2|0:1:1|0:0:0|0:0:0|0:0:0|2:0:1|1:1:0|0:1:1|0:0:0|2:0:1|1:2:0|0:0:0|2:0:1|1:1:0|0:0:0","0:0:0|1:1:0|2:0:1|2:0:1|0:0:0|0:0:0|0:0:0|0:0:0|0:0:0|0:0:0|0:0:0|0:0:0|0:0:0|0:0:0|0:0:0|2:0:1|4:0:3|0:0:0|1:1:0|1:1:0|0:0:0|0:0:0|2:0:2|0:0:0|0:0:0|1:1:0|0:0:0|1:2:0|0:0:0|1:1:0|0:0:0|0:0:0|0:0:0|0:0:0|2:0:2|0:1:1|0:0:0|0:0:0|0:0:0|2:0:1|1:1:0|0:1:1|0:0:0|2:0:1|1:2:0|0:0:0|2:0:1|1:2:0|0:0:0"
"7x7-p96","7x7-p96-uct-1000","1000","1","23","0.359375","2","1","O24","MM","34","33","35","33","0","0","1","0","0","1","0","1","0","0:0:0|1:1:0|2:0:1|2:0:1|0:0:0|0:0:0|0:0:0|0:0:0|0:0:0|0:0:0|0:0:0|0:0:0|0:0:0|0:0:0|0:0:0|2:0:1|4:0:3|0:0:0|0:0:0|1:1:0|0:0:0|0:0:0|2:0:2|0:0:0|0:0:0|1:1:0|0:0:0|1:2:0|0:0:0|1:1:0|0:0:0|0:0:0|0:0:0|0:0:0|2:0:2|0:1:1|0:0:0|0:0:0|0:0:0|2:0:1|1:1:0|0:1:1|0:0:0|2:0:1|1:2:0|0:0:0|2:0:1|1:1:0|0:0:0","0:0:0|1:1:0|2:0:1|2:0:1|0:0:0|0:0:0|0:0:0|0:0:0|0:0:0|0:0:0|0:0:0|0:0:0|0:0:0|0:0:0|0:0:0|2:0:1|4:0:3|0:0:0|0:1:0|1:1:0|0:0:0|0:0:0|2:0:2|0:0:0|0:0:0|1:1:0|0:0:0|1:2:0|0:0:0|1:1:0|0:0:0|0:0:0|0:0:0|0:0:0|2:0:2|0:1:1|0:0:0|0:0:0|0:0:0|2:0:1|1:1:0|0:1:1|0:0:0|2:0:1|1:2:0|0:0:0|2:0:1|1:1:0|0:0:0","0:0:0|1:1:0|2:0:1|2:0:1|0:0:0|0:0:0|0:0:0|0:0:0|0:0:0|0:0:0|0:0:0|0:0:0|0:0:0|0:0:0|0:0:0|2:0:1|4:0:3|0:0:0|1:1:0|1:1:0|0:0:0|0:0:0|2:0:2|0:0:0|0:0:0|1:1:0|0:0:0|1:2:0|0:0:0|1:1:0|0:0:0|0:0:0|0:0:0|0:0:0|2:0:2|0:1:1|0:0:0|0:0:0|0:0:0|2:0:1|1:1:0|0:1:1|0:0:0|2:0:1|1:2:0|0:0:0|2:0:1|1:2:0|0:0:0"
"7x7-p96","7x7-p96-uct-1000","1000","1","23","0.359375","3","1","O65","HH","35","33","36","33","1","1","1","1","0","2","0","2","0","0:0:0|1:1:0|2:0:1|2:0:1|0:0:0|0:0:0|0:0:0|0:0:0|0:0:0|0:0:0|0:0:0|0:0:0|0:0:0|0:0:0|0:0:0|2:0:1|4:0:3|0:0:0|0:1:0|1:1:0|0:0:0|0:0:0|2:0:2|0:0:0|0:0:0|1:1:0|0:0:0|1:2:0|0:0:0|1:1:0|0:0:0|0:0:0|0:0:0|0:0:0|2:0:2|0:1:1|0:0:0|0:0:0|0:0:0|2:0:1|1:1:0|0:1:1|0:0:0|2:0:1|1:2:0|0:0:0|2:0:1|1:1:0|0:0:0","0:0:0|1:1:0|2:0:1|2:0:1|0:0:0|0:0:0|0:0:0|0:0:0|0:0:0|0:0:0|0:0:0|0:0:0|0:0:0|0:0:0|0:0:0|2:0:1|4:0:3|0:0:0|1:1:0|1:1:0|0:0:0|0:0:0|2:0:2|0:0:0|0:0:0|1:1:0|0:0:0|1:2:0|0:0:0|1:1:0|0:0:0|0:0:0|0:0:0|0:0:0|2:0:2|0:1:1|0:0:0|0:0:0|0:0:0|2:0:1|1:1:0|0:1:1|0:0:0|2:0:1|1:2:0|0:0:0|2:0:1|1:2:0|0:0:0","0:0:0|1:1:0|2:0:1|2:0:1|0:0:0|0:0:0|0:0:0|0:0:0|0:0:0|0:0:0|0:0:0|0:0:0|0:0:0|0:0:0|0:0:0|2:0:1|4:0:3|0:0:0|1:1:0|1:1:0|0:0:0|0:0:0|2:0:2|0:0:0|0:0:0|1:1:0|0:0:0|1:2:0|0:0:0|1:1:0|0:0:0|0:0:0|0:0:0|0:0:0|2:0:2|0:1:1|0:0:0|0:0:0|0:0:0|2:0:1|1:1:0|0:1:1|0:0:0|2:0:1|1:2:0|0:0:0|2:0:1|1:2:0|0:0:0"
"7x7-p96","7x7-p96-uct-1000","1000","1","25","0.390625","1","1","O03","LM","36","36","37","36","2","2","0","0","1","1","1","1","1","0:0:0|1:1:0|2:0:1|2:0:1|0:0:0|0:0:0|0:0:0|0:0:0|0:0:0|0:0:0|0:0:0|0:0:0|0:0:0|0:0:0|0:0:0|2:0:1|4:0:3|0:0:0|1:1:0|1:1:0|0:0:0|0:0:0|2:0:2|0:0:0|0:0:0|1:1:0|0:0:0|1:2:0|0:0:0|1:1:0|0:0:0|0:0:0|0:0:0|0:0:0|2:0:2|0:1:1|0:0:0|0:0:0|0:0:0|2:0:1|1:1:0|0:1:1|0:0:0|2:0:1|1:2:0|0:0:0|2:0:1|1:2:0|0:0:0","0:0:0|1:1:0|2:0:1|2:1:1|0:0:0|0:0:0|0:0:0|0:0:0|0:0:0|0:0:0|0:0:0|0:0:0|0:0:0|0:0:0|0:0:0|2:0:1|4:0:3|0:0:0|1:1:0|1:1:0|0:0:0|0:0:0|2:0:2|0:0:0|0:0:0|1:1:0|0:0:0|1:2:0|0:0:0|1:1:0|0:0:0|0:0:0|0:0:0|0:0:0|2:0:2|0:1:1|0:0:0|0:0:0|0:0:0|2:0:1|1:1:0|0:1:1|0:0:0|2:0:1|1:2:0|0:0:0|2:0:1|1:2:0|0:0:0","0:0:0|1:1:0|2:0:1|0:1:1|0:0:0|0:0:0|0:0:0|0:0:0|0:0:0|1:1:0|0:0:0|0:0:0|0:0:0|1:1:0|0:0:0|2:0:1|4:0:3|0:0:0|1:1:0|1:1:0|0:0:0|0:0:0|2:0:2|0:0:0|0:0:0|1:1:0|0:0:0|1:2:0|0:0:0|1:1:0|0:0:0|0:0:0|0:0:0|0:0:0|2:0:2|0:1:1|0:0:0|0:0:0|0:0:0|2:0:1|1:1:0|0:1:1|0:0:0|2:0:1|1:2:0|0:0:0|2:0:1|1:2:0|0:0:0"
"7x7-p96","7x7-p96-uct-1000","1000","1","25","0.390625","2","1","O12","LM","37","36","38","36","0","0","1","0","0","1","0","1","0","0:0:0|1:1:0|2:0:1|2:1:1|0:0:0|0:0:0|0:0:0|0:0:0|0:0:0|0:0:0|0:0:0|0:0:0|0:0:0|0:0:0|0:0:0|2:0:1|4:0:3|0:0:0|1:1:0|1:1:0|0:0:0|0:0:0|2:0:2|0:0:0|0:0:0|1:1:0|0:0:0|1:2:0|0:0:0|1:1:0|0:0:0|0:0:0|0:0:0|0:0:0|2:0:2|0:1:1|0:0:0|0:0:0|0:0:0|2:0:1|1:1:0|0:1:1|0:0:0|2:0:1|1:2:0|0:0:0|2:0:1|1:2:0|0:0:0","0:0:0|1:1:0|2:0:1|2:1:1|0:0:0|0:0:0|0:0:0|0:0:0|0:0:0|0:1:0|0:0:0|0:0:0|0:0:0|0:0:0|0:0:0|2:0:1|4:0:3|0:0:0|1:1:0|1:1:0|0:0:0|0:0:0|2:0:2|0:0:0|0:0:0|1:1:0|0:0:0|1:2:0|0:0:0|1:1:0|0:0:0|0:0:0|0:0:0|0:0:0|2:0:2|0:1:1|0:0:0|0:0:0|0:0:0|2:0:1|1:1:0|0:1:1|0:0:0|2:0:1|1:2:0|0:0:0|2:0:1|1:2:0|0:0:0","0:0:0|1:1:0|2:0:1|0:1:1|0:0:0|0:0:0|0:0:0|0:0:0|0:0:0|1:1:0|0:0:0|0:0:0|0:0:0|1:1:0|0:0:0|2:0:1|4:0:3|0:0:0|1:1:0|1:1:0|0:0:0|0:0:0|2:0:2|0:0:0|0:0:0|1:1:0|0:0:0|1:2:0|0:0:0|1:1:0|0:0:0|0:0:0|0:0:0|0:0:0|2:0:2|0:1:1|0:0:0|0:0:0|0:0:0|2:0:1|1:1:0|0:1:1|0:0:0|2:0:1|1:2:0|0:0:0|2:0:1|1:2:0|0:0:0"
"7x7-p96","7x7-p96-uct-1000","1000","1","25","0.390625","3","1","O16","LH","38","36","39","36","0","1","1","0","0","1","0","1","0","0:0:0|1:1:0|2:0:1|2:1:1|0:0:0|0:0:0|0:0:0|0:0:0|0:0:0|0:1:0|0:0:0|0:0:0|0:0:0|0:0:0|0:0:0|2:0:1|4:0:3|0:0:0|1:1:0|1:1:0|0:0:0|0:0:0|2:0:2|0:0:0|0:0:0|1:1:0|0:0:0|1:2:0|0:0:0|1:1:0|0:0:0|0:0:0|0:0:0|0:0:0|2:0:2|0:1:1|0:0:0|0:0:0|0:0:0|2:0:1|1:1:0|0:1:1|0:0:0|2:0:1|1:2:0|0:0:0|2:0:1|1:2:0|0:0:0","0:0:0|1:1:0|2:0:1|0:1:1|0:0:0|0:0:0|0:0:0|0:0:0|0:0:0|1:1:0|0:0:0|0:0:0|0:0:0|1:1:0|0:0:0|2:0:1|4:0:3|0:0:0|1:1:0|1:1:0|0:0:0|0:0:0|2:0:2|0:0:0|0:0:0|1:1:0|0:0:0|1:2:0|0:0:0|1:1:0|0:0:0|0:0:0|0:0:0|0:0:0|2:0:2|0:1:1|0:0:0|0:0:0|0:0:0|2:0:1|1:1:0|0:1:1|0:0:0|2:0:1|1:2:0|0:0:0|2:0:1|1:2:0|0:0:0","0:0:0|1:1:0|2:0:1|0:1:1|0:0:0|0:0:0|0:0:0|0:0:0|0:0:0|1:1:0|0:0:0|0:0:0|0:0:0|1:1:0|0:0:0|2:0:1|4:0:3|0:0:0|1:1:0|1:1:0|0:0:0|0:0:0|2:0:2|0:0:0|0:0:0|1:1:0|0:0:0|1:2:0|0:0:0|1:1:0|0:0:0|0:0:0|0:0:0|0:0:0|2:0:2|0:1:1|0:0:0|0:0:0|0:0:0|2:0:1|1:1:0|0:1:1|0:0:0|2:0:1|1:2:0|0:0:0|2:0:1|1:2:0|0:0:0"
"7x7-p96","7x7-p96-uct-1000","1000","1","26","0.406250","1","2","O65","HH","39","36","39","37","1","1","1","2","0","2","1","2","1","0:0:0|1:1:0|2:0:1|0:1:1|0:0:0|0:0:0|0:0:0|0:0:0|0:0:0|1:1:0|0:0:0|0:0:0|0:0:0|1:1:0|0:0:0|2:0:1|4:0:3|0:0:0|1:1:0|1:1:0|0:0:0|0:0:0|2:0:2|0:0:0|0:0:0|1:1:0|0:0:0|1:2:0|0:0:0|1:1:0|0:0:0|0:0:0|0:0:0|0:0:0|2:0:2|0:1:1|0:0:0|0:0:0|0:0:0|2:0:1|1:1:0|0:1:1|0:0:0|2:0:1|1:2:0|0:0:0|2:0:1|1:2:0|0:0:0","0:0:0|1:1:0|2:0:1|0:1:1|0:0:0|0:0:0|0:0:0|0:0:0|0:0:0|1:1:0|0:0:0|0:0:0|0:0:0|1:1:0|0:0:0|2:0:1|4:0:3|0:0:0|1:1:0|1:1:0|0:0:0|0:0:0|2:0:2|0:0:0|0:0:0|1:1:0|0:0:0|1:2:0|0:0:0|1:1:0|0:0:0|0:0:0|0:0:0|0:0:0|2:0:2|0:1:1|0:0:0|0:0:0|0:0:0|2:0:1|1:1:0|0:1:1|0:0:0|2:0:1|1:2:0|0:0:0|2:0:1|1:2:1|0:0:0","0:0:0|1:1:0|2:0:1|0:1:1|0:0:0|0:0:0|0:0:0|0:0:0|0:0:0|1:1:0|0:0:0|0:0:0|0:0:0|1:1:0|0:0:0|2:0:1|4:0:3|0:0:0|1:1:0|1:1:0|0:0:0|0:0:0|2:0:2|0:0:0|0:0:0|1:1:0|0:0:0|1:2:0|0:0:0|1:1:0|0:0:0|0:0:0|2:0:1|0:0:0|2:0:2|0:1:1|0:0:0|0:0:0|0:0:0|2:0:1|0:1:1|0:1:1|0:0:0|2:0:1|1:2:0|0:0:0|2:0:1|1:2:1|0:0:0"
"7x7-p96","7x7-p96-uct-1000","1000","1","26","0.406250","2","2","O55","HH","39","37","39","38","1","1","0","1","0","1","1","1","1","0:0:0|1:1:0|2:0:1|0:1:1|0:0:0|0:0:0|0:0:0|0:0:0|0:0:0|1:1:0|0:0:0|0:0:0|0:0:0|1:1:0|0:0:0|2:0:1|4:0:3|0:0:0|1:1:0|1:1:0|0:0:0|0:0:0|2:0:2|0:0:0|0:0:0|1:1:0|0:0:0|1:2:0|0:0:0|1:1:0|0:0:0|0:0:0|0:0:0|0:0:0|2:0:2|0:1:1|0:0:0|0:0:0|0:0:0|2:0:1|1:1:0|0:1:1|0:0:0|2:0:1|1:2:0|0:0:0|2:0:1|1:2:1|0:0:0","0:0:0|1:1:0|2:0:1|0:1:1|0:0:0|0:0:0|0:0:0|0:0:0|0:0:0|1:1:0|0:0:0|0:0:0|0:0:0|1:1:0|0:0:0|2:0:1|4:0:3|0:0:0|1:1:0|1:1:0|0:0:0|0:0:0|2:0:2|0:0:0|0:0:0|1:1:0|0:0:0|1:2:0|0:0:0|1:1:0|0:0:0|0:0:0|0:0:0|0:0:0|2:0:2|0:1:1|0:0:0|0:0:0|0:0:0|2:0:1|1:1:1|0:1:1|0:0:0|2:0:1|1:2:0|0:0:0|2:0:1|1:2:1|0:0:0","0:0:0|1:1:0|2:0:1|0:1:1|0:0:0|0:0:0|0:0:0|0:0:0|0:0:0|1:1:0|0:0:0|0:0:0|0:0:0|1:1:0|0:0:0|2:0:1|4:0:3|0:0:0|1:1:0|1:1:0|0:0:0|0:0:0|2:0:2|0:0:0|0:0:0|1:1:0|0:0:0|1:2:0|0:0:0|1:1:0|0:0:0|0:0:0|2:0:1|0:0:0|2:0:2|0:1:1|0:0:0|0:0:0|0:0:0|2:0:1|0:1:1|0:1:1|0:0:0|2:0:1|1:2:0|0:0:0|2:0:1|1:2:1|0:0:0"
"7x7-p96","7x7-p96-uct-1000","1000","1","26","0.406250","3","2","O44","MM","39","38","39","39","0","2","2","0","0","0","1","0","1","0:0:0|1:1:0|2:0:1|0:1:1|0:0:0|0:0:0|0:0:0|0:0:0|0:0:0|1:1:0|0:0:0|0:0:0|0:0:0|1:1:0|0:0:0|2:0:1|4:0:3|0:0:0|1:1:0|1:1:0|0:0:0|0:0:0|2:0:2|0:0:0|0:0:0|1:1:0|0:0:0|1:2:0|0:0:0|1:1:0|0:0:0|0:0:0|0:0:0|0:0:0|2:0:2|0:1:1|0:0:0|0:0:0|0:0:0|2:0:1|1:1:1|0:1:1|0:0:0|2:0:1|1:2:0|0:0:0|2:0:1|1:2:1|0:0:0","0:0:0|1:1:0|2:0:1|0:1:1|0:0:0|0:0:0|0:0:0|0:0:0|0:0:0|1:1:0|0:0:0|0:0:0|0:0:0|1:1:0|0:0:0|2:0:1|4:0:3|0:0:0|1:1:0|1:1:0|0:0:0|0:0:0|2:0:2|0:0:0|0:0:0|1:1:0|0:0:0|1:2:0|0:0:0|1:1:0|0:0:0|0:0:0|2:0:1|0:0:0|2:0:2|0:1:1|0:0:0|0:0:0|0:0:0|2:0:1|0:1:1|0:1:1|0:0:0|2:0:1|1:2:0|0:0:0|2:0:1|1:2:1|0:0:0","0:0:0|1:1:0|2:0:1|0:1:1|0:0:0|0:0:0|0:0:0|0:0:0|0:0:0|1:1:0|0:0:0|0:0:0|0:0:0|1:1:0|0:0:0|2:0:1|4:0:3|0:0:0|1:1:0|1:1:0|0:0:0|0:0:0|2:0:2|0:0:0|0:0:0|1:1:0|0:0:0|1:2:0|0:0:0|1:1:0|0:0:0|0:0:0|2:0:1|0:0:0|2:0:2|0:1:1|0:0:0|0:0:0|0:0:0|2:0:1|0:1:1|0:1:1|0:0:0|2:0:1|1:2:0|0:0:0|2:0:1|1:2:1|0:0:0"
"7x7-p96","7x7-p96-uct-1000","1000","1","27","0.421875","1","1","O65","HH","39","39","40","39","1","1","3","2","1","3","1","3","1","0:0:0|1:1:0|2:0:1|0:1:1|0:0:0|0:0:0|0:0:0|0:0:0|0:0:0|1:1:0|0:0:0|0:0:0|0:0:0|1:1:0|0:0:0|2:0:1|4:0:3|0:0:0|1:1:0|1:1:0|0:0:0|0:0:0|2:0:2|0:0:0|0:0:0|1:1:0|0:0:0|1:2:0|0:0:0|1:1:0|0:0:0|0:0:0|2:0:1|0:0:0|2:0:2|0:1:1|0:0:0|0:0:0|0:0:0|2:0:1|0:1:1|0:1:1|0:0:0|2:0:1|1:2:0|0:0:0|2:0:1|1:2:1|0:0:0","0:0:0|1:1:0|2:0:1|0:1:1|0:0:0|0:0:0|0:0:0|0:0:0|0:0:0|1:1:0|0:0:0|0:0:0|0:0:0|1:1:0|0:0:0|2:0:1|4:0:3|0:0:0|1:1:0|1:1:0|0:0:0|0:0:0|2:0:2|0:0:0|0:0:0|1:1:0|0:0:0|1:2:0|0:0:0|1:1:0|0:0:0|0:0:0|2:0:1|0:0:0|2:0:2|0:1:1|0:0:0|0:0:0|0:0:0|2:0:1|0:1:1|0:1:1|0:0:0|2:0:1|1:2:0|0:0:0|2:0:1|1:3:1|0:0:0","0:0:0|1:1:0|2:0:1|0:1:1|0:0:0|0:0:0|0:0:0|0:0:0|0:0:0|1:1:0|0:0:0|0:0:0|0:0:0|1:1:0|0:0:0|2:0:1|4:0:3|0:0:0|1:1:0|1:1:0|0:0:0|0:0:0|2:0:2|0:0:0|0:0:0|1:1:0|0:0:0|1:2:0|0:0:0|1:1:0|0:0:0|0:0:0|2:0:1|0:0:0|2:0:2|0:1:1|0:0:0|0:0:0|0:0:0|2:0:1|0:1:1|0:1:1|0:0:0|2:0:1|3:3:0|0:0:0|2:0:1|3:3:1|0:0:0"
"7x7-p96","7x7-p96-uct-1000","1000","1","27","0.421875","2","1","O62","HM","40","39","41","39","1","1","3","2","0","3","0","3","0","0:0:0|1:1:0|2:0:1|0:1:1|0:0:0|0:0:0|0:0:0|0:0:0|0:0:0|1:1:0|0:0:0|0:0:0|0:0:0|1:1:0|0:0:0|2:0:1|4:0:3|0:0:0|1:1:0|1:1:0|0:0:0|0:0:0|2:0:2|0:0:0|0:0:0|1:1:0|0:0:0|1:2:0|0:0:0|1:1:0|0:0:0|0:0:0|2:0:1|0:0:0|2:0:2|0:1:1|0:0:0|0:0:0|0:0:0|2:0:1|0:1:1|0:1:1|0:0:0|2:0:1|1:2:0|0:0:0|2:0:1|1:3:1|0:0:0","0:0:0|1:1:0|2:0:1|0:1:1|0:0:0|0:0:0|0:0:0|0:0:0|0:0:0|1:1:0|0:0:0|0:0:0|0:0:0|1:1:0|0:0:0|2:0:1|4:0:3|0:0:0|1:1:0|1:1:0|0:0:0|0:0:0|2:0:2|0:0:0|0:0:0|1:1:0|0:0:0|1:2:0|0:0:0|1:1:0|0:0:0|0:0:0|2:0:1|0:0:0|2:0:2|0:1:1|0:0:0|0:0:0|0:0:0|2:0:1|0:1:1|0:1:1|0:0:0|2:0:1|1:3:0|0:0:0|2:0:1|1:3:1|0:0:0","0:0:0|1:1:0|2:0:1|0:1:1|0:0:0|0:0:0|0:0:0|0:0:0|0:0:0|1:1:0|0:0:0|0:0:0|0:0:0|1:1:0|0:0:0|2:0:1|4:0:3|0:0:0|1:1:0|1:1:0|0:0:0|0:0:0|2:0:2|0:0:0|0:0:0|1:1:0|0:0:0|1:2:0|0:0:0|1:1:0|0:0:0|0:0:0|2:0:1|0:0:0|2:0:2|0:1:1|0:0:0|0:0:0|0:0:0|2:0:1|0:1:1|0:1:1|0:0:0|2:0:1|3:3:0|0:0:0|2:0:1|3:3:1|0:0:0"
"7x7-p96","7x7-p96-uct-1000","1000","1","28","0.437500","1","2","O43","MM","42","39","42","40","0","0","2","0","0","0","1","0","1","0:0:0|1:1:0|2:0:1|0:1:1|0:0:0|0:0:0|0:0:0|0:0:0|0:0:0|1:1:0|0:0:0|0:0:0|0:0:0|1:1:0|0:0:0|2:0:1|4:0:3|0:0:0|1:1:0|1:1:0|0:0:0|0:0:0|2:0:2|0:0:0|0:0:0|1:1:0|0:0:0|1:2:0|0:0:0|1:1:0|0:0:0|0:0:0|2:0:1|0:0:0|2:0:2|0:1:1|0:0:0|0:0:0|0:0:0|2:0:1|0:1:1|0:1:1|0:0:0|2:0:1|3:3:0|0:0:0|2:0:1|3:3:1|0:0:0","0:0:0|1:1:0|2:0:1|0:1:1|0:0:0|0:0:0|0:0:0|0:0:0|0:0:0|1:1:0|0:0:0|0:0:0|0:0:0|1:1:0|0:0:0|2:0:1|4:0:3|0:0:0|1:1:0|1:1:0|0:0:0|0:0:0|2:0:2|0:0:0|0:0:0|1:1:0|0:0:0|1:2:0|0:0:0|1:1:0|0:0:0|0:0:1|2:0:1|0:0:0|2:0:2|0:1:1|0:0:0|0:0:0|0:0:0|2:0:1|0:1:1|0:1:1|0:0:0|2:0:1|3:3:0|0:0:0|2:0:1|3:3:1|0:0:0","0:0:0|1:1:0|2:0:1|0:1:1|0:0:0|0:0:0|0:0:0|0:0:0|0:0:0|1:1:0|0:0:0|0:0:0|0:0:0|1:1:0|0:0:0|2:0:1|4:0:3|0:0:0|1:1:0|1:1:0|0:0:0|0:0:0|2:0:2|0:0:0|0:0:0|1:1:0|2:0:1|1:2:0|0:0:0|1:1:0|0:0:0|2:0:1|2:0:1|0:0:0|2:0:2|0:1:1|2:0:1|0:0:0|0:0:0|2:0:1|0:1:1|0:1:1|0:0:0|2:0:1|3:3:0|0:0:0|2:0:1|3:3:1|0:0:0"
"7x7-p96","7x7-p96-uct-1000","1000","1","28","0.437500","2","2","O35","MH","42","40","42","41","0","0","2","0","0","0","1","0","1","0:0:0|1:1:0|2:0:1|0:1:1|0:0:0|0:0:0|0:0:0|0:0:0|0:0:0|1:1:0|0:0:0|0:0:0|0:0:0|1:1:0|0:0:0|2:0:1|4:0:3|0:0:0|1:1:0|1:1:0|0:0:0|0:0:0|2:0:2|0:0:0|0:0:0|1:1:0|0:0:0|1:2:0|0:0:0|1:1:0|0:0:0|0:0:1|2:0:1|0:0:0|2:0:2|0:1:1|0:0:0|0:0:0|0:0:0|2:0:1|0:1:1|0:1:1|0:0:0|2:0:1|3:3:0|0:0:0|2:0:1|3:3:1|0:0:0","0:0:0|1:1:0|2:0:1|0:1:1|0:0:0|0:0:0|0:0:0|0:0:0|0:0:0|1:1:0|0:0:0|0:0:0|0:0:0|1:1:0|0:0:0|2:0:1|4:0:3|0:0:0|1:1:0|1:1:0|0:0:0|0:0:0|2:0:2|0:0:0|0:0:0|1:1:0|0:0:1|1:2:0|0:0:0|1:1:0|0:0:0|0:0:1|2:0:1|0:0:0|2:0:2|0:1:1|0:0:0|0:0:0|0:0:0|2:0:1|0:1:1|0:1:1|0:0:0|2:0:1|3:3:0|0:0:0|2:0:1|3:3:1|0:0:0","0:0:0|1:1:0|2:0:1|0:1:1|0:0:0|0:0:0|0:0:0|0:0:0|0:0:0|1:1:0|0:0:0|0:0:0|0:0:0|1:1:0|0:0:0|2:0:1|4:0:3|0:0:0|1:1:0|1:1:0|0:0:0|0:0:0|2:0:2|0:0:0|0:0:0|1:1:0|2:0:1|1:2:0|0:0:0|1:1:0|0:0:0|2:0:1|2:0:1|0:0:0|2:0:2|0:1:1|2:0:1|0:0:0|0:0:0|2:0:1|0:1:1|0:1:1|0:0:0|2:0:1|3:3:0|0:0:0|2:0:1|3:3:1|0:0:0"
"7x7-p96","7x7-p96-uct-1000","1000","1","28","0.437500","3","2","O51","HL","42","41","42","42","0","2","2","0","0","0","1","0","1","0:0:0|1:1:0|2:0:1|0:1:1|0:0:0|0:0:0|0:0:0|0:0:0|0:0:0|1:1:0|0:0:0|0:0:0|0:0:0|1:1:0|0:0:0|2:0:1|4:0:3|0:0:0|1:1:0|1:1:0|0:0:0|0:0:0|2:0:2|0:0:0|0:0:0|1:1:0|0:0:1|1:2:0|0:0:0|1:1:0|0:0:0|0:0:1|2:0:1|0:0:0|2:0:2|0:1:1|0:0:0|0:0:0|0:0:0|2:0:1|0:1:1|0:1:1|0:0:0|2:0:1|3:3:0|0:0:0|2:0:1|3:3:1|0:0:0","0:0:0|1:1:0|2:0:1|0:1:1|0:0:0|0:0:0|0:0:0|0:0:0|0:0:0|1:1:0|0:0:0|0:0:0|0:0:0|1:1:0|0:0:0|2:0:1|4:0:3|0:0:0|1:1:0|1:1:0|0:0:0|0:0:0|2:0:2|0:0:0|0:0:0|1:1:0|2:0:1|1:2:0|0:0:0|1:1:0|0:0:0|2:0:1|2:0:1|0:0:0|2:0:2|0:1:1|2:0:1|0:0:0|0:0:0|2:0:1|0:1:1|0:1:1|0:0:0|2:0:1|3:3:0|0:0:0|2:0:1|3:3:1|0:0:0","0:0:0|1:1:0|2:0:1|0:1:1|0:0:0|0:0:0|0:0:0|0:0:0|0:0:0|1:1:0|0:0:0|0:0:0|0:0:0|1:1:0|0:0:0|2:0:1|4:0:3|0:0:0|1:1:0|1:1:0|0:0:0|0:0:0|2:0:2|0:0:0|0:0:0|1:1:0|2:0:1|1:2:0|0:0:0|1:1:0|0:0:0|2:0:1|2:0:1|0:0:0|2:0:2|0:1:1|2:0:1|0:0:0|0:0:0|2:0:1|0:1:1|0:1:1|0:0:0|2:0:1|3:3:0|0:0:0|2:0:1|3:3:1|0:0:0"
"7x7-p96","7x7-p96-uct-1000","1000","1","29","0.453125","1","1","O41","ML","42","42","43","42","1","1","1","1","0","2","0","2","0","0:0:0|1:1:0|2:0:1|0:1:1|0:0:0|0:0:0|0:0:0|0:0:0|0:0:0|1:1:0|0:0:0|0:0:0|0:0:0|1:1:0|0:0:0|2:0:1|4:0:3|0:0:0|1:1:0|1:1:0|0:0:0|0:0:0|2:0:2|0:0:0|0:0:0|1:1:0|2:0:1|1:2:0|0:0:0|1:1:0|0:0:0|2:0:1|2:0:1|0:0:0|2:0:2|0:1:1|2:0:1|0:0:0|0:0:0|2:0:1|0:1:1|0:1:1|0:0:0|2:0:1|3:3:0|0:0:0|2:0:1|3:3:1|0:0:0","0:0:0|1:1:0|2:0:1|0:1:1|0:0:0|0:0:0|0:0:0|0:0:0|0:0:0|1:1:0|0:0:0|0:0:0|0:0:0|1:1:0|0:0:0|2:0:1|4:0:3|0:0:0|1:1:0|1:1:0|0:0:0|0:0:0|2:0:2|0:0:0|0:0:0|1:1:0|2:0:1|1:2:0|0:0:0|1:2:0|0:0:0|2:0:1|2:0:1|0:0:0|2:0:2|0:1:1|2:0:1|0:0:0|0:0:0|2:0:1|0:1:1|0:1:1|0:0:0|2:0:1|3:3:0|0:0:0|2:0:1|3:3:1|0:0:0","0:0:0|1:1:0|2:0:1|0:1:1|0:0:0|0:0:0|0:0:0|0:0:0|0:0:0|1:1:0|0:0:0|0:0:0|0:0:0|1:1:0|0:0:0|2:0:1|4:0:3|0:0:0|1:1:0|1:1:0|0:0:0|0:0:0|2:0:2|0:0:0|0:0:0|1:1:0|0:1:1|1:2:0|0:0:0|1:2:0|0:0:0|2:0:1|2:0:1|0:0:0|2:0:2|0:1:1|2:0:1|1:1:0|0:0:0|2:0:1|0:1:1|0:1:1|0:0:0|2:0:1|3:3:0|0:0:0|2:0:1|3:3:1|0:0:0"
"7x7-p96","7x7-p96-uct-1000","1000","1","29","0.453125","2","1","O35","MH","43","42","44","42","2","2","0","0","1","1","1","1","1","0:0:0|1:1:0|2:0:1|0:1:1|0:0:0|0:0:0|0:0:0|0:0:0|0:0:0|1:1:0|0:0:0|0:0:0|0:0:0|1:1:0|0:0:0|2:0:1|4:0:3|0:0:0|1:1:0|1:1:0|0:0:0|0:0:0|2:0:2|0:0:0|0:0:0|1:1:0|2:0:1|1:2:0|0:0:0|1:2:0|0:0:0|2:0:1|2:0:1|0:0:0|2:0:2|0:1:1|2:0:1|0:0:0|0:0:0|2:0:1|0:1:1|0:1:1|0:0:0|2:0:1|3:3:0|0:0:0|2:0:1|3:3:1|0:0:0","0:0:0|1:1:0|2:0:1|0:1:1|0:0:0|0:0:0|0:0:0|0:0:0|0:0:0|1:1:0|0:0:0|0:0:0|0:0:0|1:1:0|0:0:0|2:0:1|4:0:3|0:0:0|1:1:0|1:1:0|0:0:0|0:0:0|2:0:2|0:0:0|0:0:0|1:1:0|2:1:1|1:2:0|0:0:0|1:2:0|0:0:0|2:0:1|2:0:1|0:0:0|2:0:2|0:1:1|2:0:1|0:0:0|0:0:0|2:0:1|0:1:1|0:1:1|0:0:0|2:0:1|3:3:0|0:0:0|2:0:1|3:3:1|0:0:0","0:0:0|1:1:0|2:0:1|0:1:1|0:0:0|0:0:0|0:0:0|0:0:0|0:0:0|1:1:0|0:0:0|0:0:0|0:0:0|1:1:0|0:0:0|2:0:1|4:0:3|0:0:0|1:1:0|1:1:0|0:0:0|0:0:0|2:0:2|0:0:0|0:0:0|1:1:0|0:1:1|1:2:0|0:0:0|1:2:0|0:0:0|2:0:1|2:0:1|0:0:0|2:0:2|0:1:1|2:0:1|1:1:0|0:0:0|2:0:1|0:1:1|0:1:1|0:0:0|2:0:1|3:3:0|0:0:0|2:0:1|3:3:1|0:0:0"
"7x7-p96","7x7-p96-uct-1000","1000","1","29","0.453125","3","1","O52","HM","44","42","45","42","0","1","1","0","0","1","0","1","0","0:0:0|1:1:0|2:0:1|0:1:1|0:0:0|0:0:0|0:0:0|0:0:0|0:0:0|1:1:0|0:0:0|0:0:0|0:0:0|1:1:0|0:0:0|2:0:1|4:0:3|0:0:0|1:1:0|1:1:0|0:0:0|0:0:0|2:0:2|0:0:0|0:0:0|1:1:0|2:1:1|1:2:0|0:0:0|1:2:0|0:0:0|2:0:1|2:0:1|0:0:0|2:0:2|0:1:1|2:0:1|0:0:0|0:0:0|2:0:1|0:1:1|0:1:1|0:0:0|2:0:1|3:3:0|0:0:0|2:0:1|3:3:1|0:0:0","0:0:0|1:1:0|2:0:1|0:1:1|0:0:0|0:0:0|0:0:0|0:0:0|0:0:0|1:1:0|0:0:0|0:0:0|0:0:0|1:1:0|0:0:0|2:0:1|4:0:3|0:0:0|1:1:0|1:1:0|0:0:0|0:0:0|2:0:2|0:0:0|0:0:0|1:1:0|0:1:1|1:2:0|0:0:0|1:2:0|0:0:0|2:0:1|2:0:1|0:0:0|2:0:2|0:1:1|2:0:1|1:1:0|0:0:0|2:0:1|0:1:1|0:1:1|0:0:0|2:0:1|3:3:0|0:0:0|2:0:1|3:3:1|0:0:0","0:0:0|1:1:0|2:0:1|0:1:1|0:0:0|0:0:0|0:0:0|0:0:0|0:0:0|1:1:0|0:0:0|0:0:0|0:0:0|1:1:0|0:0:0|2:0:1|4:0:3|0:0:0|1:1:0|1:1:0|0:0:0|0:0:0|2:0:2|0:0:0|0:0:0|1:1:0|0:1:1|1:2:0|0:0:0|1:2:0|0:0:0|2:0:1|2:0:1|0:0:0|2:0:2|0:1:1|2:0:1|1:1:0|0:0:0|2:0:1|0:1:1|0:1:1|0:0:0|2:0:1|3:3:0|0:0:0|2:0:1|3:3:1|0:0:0"
"7x7-p96","7x7-p96-uct-1000","1000","1","30","0.468750","1","2","O51","HL","45","42","45","43","2","2","2","0","1","0","2","0","2","0:0:0|1:1:0|2:0:1|0:1:1|0:0:0|0:0:0|0:0:0|0:0:0|0:0:0|1:1:0|0:0:0|0:0:0|0:0:0|1:1:0|0:0:0|2:0:1|4:0:3|0:0:0|1:1:0|1:1:0|0:0:0|0:0:0|2:0:2|0:0:0|0:0:0|1:1:0|0:1:1|1:2:0|0:0:0|1:2:0|0:0:0|2:0:1|2:0:1|0:0:0|2:0:2|0:1:1|2:0:1|1:1:0|0:0:0|2:0:1|0:1:1|0:1:1|0:0:0|2:0:1|3:3:0|0:0:0|2:0:1|3:3:1|0:0:0","0:0:0|1:1:0|2:0:1|0:1:1|0:0:0|0:0:0|0:0:0|0:0:0|0:0:0|1:1:0|0:0:0|0:0:0|0:0:0|1:1:0|0:0:0|2:0:1|4:0:3|0:0:0|1:1:0|1:1:0|0:0:0|0:0:0|2:0:2|0:0:0|0:0:0|1:1:0|0:1:1|1:2:0|0:0:0|1:2:0|0:0:0|2:0:1|2:0:1|0:0:0|2:0:2|0:1:1|2:0:2|1:1:0|0:0:0|2:0:1|0:1:1|0:1:1|0:0:0|2:0:1|3:3:0|0:0:0|2:0:1|3:3:1|0:0:0","0:0:0|1:1:0|2:0:1|0:1:1|0:0:0|0:0:0|0:0:0|0:0:0|0:0:0|1:1:0|0:0:0|0:0:0|0:0:0|1:1:0|0:0:0|2:0:1|4:0:3|0:0:0|1:1:0|1:1:0|0:0:0|0:0:0|2:0:2|0:0:0|0:0:0|1:1:0|0:1:1|1:2:0|0:0:0|1:2:0|0:0:0|2:0:1|2:0:1|0:0:0|2:0:2|0:1:1|2:0:2|1:1:0|0:0:0|2:0:1|0:1:1|0:1:1|2:0:1|2:0:1|3:3:0|0:0:0|2:0:1|3:3:1|0:0:0"
"7x7-p96","7x7-p96-uct-1000","1000","1","30","0.468750","2","2","O60","HL","45","43","45","44","0","0","2","0","0","0","1","0","1","0:0:0|1:1:0|2:0:1|0:1:1|0:0:0|0:0:0|0:0:0|0:0:0|0:0:0|1:1:0|0:0:0|0:0:0|0:0:0|1:1:0|0:0:0|2:0:1|4:0:3|0:0:0|1:1:0|1:1:0|0:0:0|0:0:0|2:0:2|0:0:0|0:0:0|1:1:0|0:1:1|1:2:0|0:0:0|1:2:0|0:0:0|2:0:1|2:0:1|0:0:0|2:0:2|0:1:1|2:0:2|1:1:0|0:0:0|2:0:1|0:1:1|0:1:1|0:0:0|2:0:1|3:3:0|0:0:0|2:0:1|3:3:1|0:0:0","0:0:0|1:1:0|2:0:1|0:1:1|0:0:0|0:0:0|0:0:0|0:0:0|0:0:0|1:1:0|0:0:0|0:0:0|0:0:0|1:1:0|0:0:0|2:0:1|4:0:3|0:0:0|1:1:0|1:1:0|0:0:0|0:0:0|2:0:2|0:0:0|0:0:0|1:1:0|0:1:1|1:2:0|0:0:0|1:2:0|0:0:0|2:0:1|2:0:1|0:0:0|2:0:2|0:1:1|2:0:2|1:1:0|0:0:0|2:0:1|0:1:1|0:1:1|0:0:1|2:0:1|3:3:0|0:0:0|2:0:1|3:3:1|0:0:0","0:0:0|1:1:0|2:0:1|0:1:1|0:0:0|0:0:0|0:0:0|0:0:0|0:0:0|1:1:0|0:0:0|0:0:0|0:0:0|1:1:0|0:0:0|2:0:1|4:0:3|0:0:0|1:1:0|1:1:0|0:0:0|0:0:0|2:0:2|0:0:0|0:0:0|1:1:0|0:1:1|1:2:0|0:0:0|1:2:0|0:0:0|2:0:1|2:0:1|0:0:0|2:0:2|0:1:1|2:0:2|1:1:0|0:0:0|2:0:1|0:1:1|0:1:1|2:0:1|2:0:1|3:3:0|0:0:0|2:0:1|3:3:1|0:0:0"
"7x7-p96","7x7-p96-uct-1000","1000","1","31","0.484375","1","1","O35","MH","45","45","46","45","0","0","1","1","1","2","1","2","1","0:0:0|1:1:0|2:0:1|0:1:1|0:0:0|0:0:0|0:0:0|0:0:0|0:0:0|1:1:0|0:0:0|0:0:0|0:0:0|1:1:0|0:0:0|2:0:1|4:0:3|0:0:0|1:1:0|1:1:0|0:0:0|0:0:0|2:0:2|0:0:0|0:0:0|1:1:0|0:1:1|1:2:0|0:0:0|1:2:0|0:0:0|2:0:1|2:0:1|0:0:0|2:0:2|0:1:1|2:0:2|1:1:0|0:0:0|2:0:1|0:1:1|0:1:1|2:0:1|2:0:1|3:3:0|0:0:0|2:0:1|3:3:1|0:0:0","0:0:0|1:1:0|2:0:1|0:1:1|0:0:0|0:0:0|0:0:0|0:0:0|0:0:0|1:1:0|0:0:0|0:0:0|0:0:0|1:1:0|0:0:0|2:0:1|4:0:3|0:0:0|1:1:0|1:1:0|0:0:0|0:0:0|2:0:2|0:0:0|0:0:0|1:1:0|0:2:1|1:2:0|0:0:0|1:2:0|0:0:0|2:0:1|2:0:1|0:0:0|2:0:2|0:1:1|2:0:2|1:1:0|0:0:0|2:0:1|0:1:1|0:1:1|2:0:1|2:0:1|3:3:0|0:0:0|2:0:1|3:3:1|0:0:0","0:0:0|1:1:0|2:0:1|0:1:1|0:0:0|0:0:0|0:0:0|0:0:0|0:0:0|1:1:0|0:0:0|0:0:0|0:0:0|1:2:0|0:0:0|2:0:1|4:0:3|0:0:0|1:1:0|1:1:0|0:0:0|0:0:0|2:0:2|0:0:0|0:0:0|1:1:0|1:2:1|1:2:0|0:0:0|1:2:0|0:0:0|2:0:1|2:0:1|0:0:0|2:0:2|0:1:1|2:0:2|1:1:0|0:0:0|2:0:1|0:1:1|0:1:1|2:0:1|2:0:1|3:3:0|0:0:0|2:0:1|3:3:1|0:0:0"
"7x7-p96","7x7-p96-uct-1000","1000","1","31","0.484375","2","1","O16","LH","46","45","47","45","1","1","1","1","0","2","0","2","0","0:0:0|1:1:0|2:0:1|0:1:1|0:0:0|0:0:0|0:0:0|0:0:0|0:0:0|1:1:0|0:0:0|0:0:0|0:0:0|1:1:0|0:0:0|2:0:1|4:0:3|0:0:0|1:1:0|1:1:0|0:0:0|0:0:0|2:0:2|0:0:0|0:0:0|1:1:0|0:2:1|1:2:0|0:0:0|1:2:0|0:0:0|2:0:1|2:0:1|0:0:0|2:0:2|0:1:1|2:0:2|1:1:0|0:0:0|2:0:1|0:1:1|0:1:1|2:0:1|2:0:1|3:3:0|0:0:0|2:0:1|3:3:1|0:0:0","0:0:0|1:1:0|2:0:1|0:1:1|0:0:0|0:0:0|0:0:0|0:0:0|0:0:0|1:1:0|0:0:0|0:0:0|0:0:0|1:2:0|0:0:0|2:0:1|4:0:3|0:0:0|1:1:0|1:1:0|0:0:0|0:0:0|2:0:2|0:0:0|0:0:0|1:1:0|0:2:1|1:2:0|0:0:0|1:2:0|0:0:0|2:0:1|2:0:1|0:0:0|2:0:2|0:1:1|2:0:2|1:1:0|0:0:0|2:0:1|0:1:1|0:1:1|2:0:1|2:0:1|3:3:0|0:0:0|2:0:1|3:3:1|0:0:0","0:0:0|1:1:0|2:0:1|0:1:1|0:0:0|0:0:0|0:0:0|0:0:0|0:0:0|1:1:0|0:0:0|0:0:0|0:0:0|1:2:0|0:0:0|2:0:1|4:0:3|0:0:0|1:1:0|1:1:0|0:0:0|0:0:0|2:0:2|0:0:0|0:0:0|1:1:0|1:2:1|1:2:0|0:0:0|1:2:0|0:0:0|2:0:1|2:0:1|0:0:0|2:0:2|0:1:1|2:0:2|1:1:0|0:0:0|2:0:1|0:1:1|0:1:1|2:0:1|2:0:1|3:3:0|0:0:0|2:0:1|3:3:1|0:0:0"
"7x7-p96","7x7-p96-uct-1000","1000","1","32","0.500000","2","2","O54","HM","48","46","48","47","2","2","2","0","1","0","2","0","2","0:0:0|1:1:0|2:0:1|0:1:1|0:0:0|0:0:0|0:0:0|0:0:0|0:0:0|1:1:0|0:0:0|0:0:0|0:0:0|1:2:0|0:0:0|2:0:1|4:0:3|0:0:0|1:1:0|1:1:0|0:0:0|0:0:0|2:0:2|0:0:0|0:0:0|1:1:0|1:2:1|1:2:0|0:0:0|1:2:0|0:0:0|2:0:1|2:0:1|0:0:0|2:0:2|0:1:1|2:0:2|1:1:0|0:0:0|2:0:1|0:1:1|0:1:1|2:0:1|2:0:1|3:3:0|0:0:0|2:0:1|3:3:1|0:0:0","0:0:0|1:1:0|2:0:1|0:1:1|0:0:0|0:0:0|0:0:0|0:0:0|0:0:0|1:1:0|0:0:0|0:0:0|0:0:0|1:2:0|0:0:0|2:0:1|4:0:3|0:0:0|1:1:0|1:1:0|0:0:0|0:0:0|2:0:2|0:0:0|0:0:0|1:1:0|1:2:1|1:2:0|0:0:0|1:2:0|0:0:0|2:0:1|2:0:1|0:0:0|2:0:2|0:1:1|2:0:2|1:1:0|0:0:0|2:0:2|0:1:1|0:1:1|2:0:1|2:0:1|3:3:0|0:0:0|2:0:1|3:3:1|0:0:0","0:0:0|1:1:0|2:0:1|0:1:1|0:0:0|0:0:0|0:0:0|0:0:0|0:0:0|1:1:0|0:0:0|0:0:0|0:0:0|1:2:0|0:0:0|2:0:1|4:0:3|0:0:0|1:1:0|1:1:0|0:0:0|0:0:0|2:0:2|0:0:0|0:0:0|1:1:0|1:2:1|1:2:0|0:0:0|1:2:0|0:0:0|2:0:1|2:0:1|0:0:0|2:0:2|0:1:1|2:0:2|1:1:0|0:0:0|2:0:2|0:1:1|0:1:1|2:0:1|2:0:2|3:3:0|0:0:0|2:0:1|3:3:1|0:0:0"
"7x7-p96","7x7-p96-uct-1000","1000","1","32","0.500000","3","2","O61","HL","48","47","48","48","2","2","2","0","1","0","2","0","2","0:0:0|1:1:0|2:0:1|0:1:1|0:0:0|0:0:0|0:0:0|0:0:0|0:0:0|1:1:0|0:0:0|0:0:0|0:0:0|1:2:0|0:0:0|2:0:1|4:0:3|0:0:0|1:1:0|1:1:0|0:0:0|0:0:0|2:0:2|0:0:0|0:0:0|1:1:0|1:2:1|1:2:0|0:0:0|1:2:0|0:0:0|2:0:1|2:0:1|0:0:0|2:0:2|0:1:1|2:0:2|1:1:0|0:0:0|2:0:2|0:1:1|0:1:1|2:0:1|2:0:1|3:3:0|0:0:0|2:0:1|3:3:1|0:0:0","0:0:0|1:1:0|2:0:1|0:1:1|0:0:0|0:0:0|0:0:0|0:0:0|0:0:0|1:1:0|0:0:0|0:0:0|0:0:0|1:2:0|0:0:0|2:0:1|4:0:3|0:0:0|1:1:0|1:1:0|0:0:0|0:0:0|2:0:2|0:0:0|0:0:0|1:1:0|1:2:1|1:2:0|0:0:0|1:2:0|0:0:0|2:0:1|2:0:1|0:0:0|2:0:2|0:1:1|2:0:2|1:1:0|0:0:0|2:0:2|0:1:1|0:1:1|2:0:1|2:0:2|3:3:0|0:0:0|2:0:1|3:3:1|0:0:0","0:0:0|1:1:0|2:0:1|0:1:1|0:0:0|0:0:0|0:0:0|0:0:0|0:0:0|1:1:0|0:0:0|0:0:0|0:0:0|1:2:0|0:0:0|2:0:1|4:0:3|0:0:0|1:1:0|1:1:0|0:0:0|0:0:0|2:0:2|0:0:0|0:0:0|1:1:0|1:2:1|1:2:0|0:0:0|1:2:0|0:0:0|2:0:1|2:0:1|0:0:0|2:0:2|0:1:1|2:0:2|1:1:0|0:0:0|2:0:2|0:1:1|0:1:1|2:0:1|2:0:2|3:3:0|0:0:0|2:0:1|3:3:1|0:0:0"
"7x7-p96","7x7-p96-uct-1000","1000","1","33","0.515625","1","1","O41","ML","48","48","49","48","1","1","3","2","0","3","0","3","0","0:0:0|1:1:0|2:0:1|0:1:1|0:0:0|0:0:0|0:0:0|0:0:0|0:0:0|1:1:0|0:0:0|0:0:0|0:0:0|1:2:0|0:0:0|2:0:1|4:0:3|0:0:0|1:1:0|1:1:0|0:0:0|0:0:0|2:0:2|0:0:0|0:0:0|1:1:0|1:2:1|1:2:0|0:0:0|1:2:0|0:0:0|2:0:1|2:0:1|0:0:0|2:0:2|0:1:1|2:0:2|1:1:0|0:0:0|2:0:2|0:1:1|0:1:1|2:0:1|2:0:2|3:3:0|0:0:0|2:0:1|3:3:1|0:0:0","0:0:0|1:1:0|2:0:1|0:1:1|0:0:0|0:0:0|0:0:0|0:0:0|0:0:0|1:1:0|0:0:0|0:0:0|0:0:0|1:2:0|0:0:0|2:0:1|4:0:3|0:0:0|1:1:0|1:1:0|0:0:0|0:0:0|2:0:2|0:0:0|0:0:0|1:1:0|1:2:1|1:2:0|0:0:0|1:3:0|0:0:0|2:0:1|2:0:1|0:0:0|2:0:2|0:1:1|2:0:2|1:1:0|0:0:0|2:0:2|0:1:1|0:1:1|2:0:1|2:0:2|3:3:0|0:0:0|2:0:1|3:3:1|0:0:0","0:0:0|1:1:0|2:0:1|0:1:1|0:0:0|0:0:0|0:0:0|0:0:0|0:0:0|1:1:0|0:0:0|0:0:0|0:0:0|1:2:0|0:0:0|2:0:1|4:0:3|0:0:0|1:1:0|1:1:0|0:0:0|0:0:0|2:0:2|0:0:0|0:0:0|1:1:0|1:2:1|1:2:0|0:0:0|3:3:0|0:0:0|2:0:1|2:0:1|0:0:0|2:0:2|0:1:1|2:0:2|1:1:0|0:0:0|2:0:2|0:1:1|0:1:1|2:0:1|2:0:2|3:3:0|0:0:0|2:0:1|3:3:1|0:0:0"
"7x7-p96","7x7-p96-uct-1000","1000","1","34","0.531250","2","2","O31","ML","51","49","51","50","2","2","4","0","2","0","3","0","3","0:0:0|1:1:0|2:0:1|0:1:1|0:0:0|0:0:0|0:0:0|0:0:0|0:0:0|1:1:0|0:0:0|0:0:0|0:0:0|1:2:0|0:0:0|2:0:1|4:0:3|0:0:0|1:1:0|1:1:0|0:0:0|0:0:0|2:0:2|0:0:0|0:0:0|1:1:0|1:2:1|1:2:0|0:0:0|3:3:0|0:0:0|2:0:1|2:0:1|0:0:0|2:0:2|0:1:1|2:0:2|1:1:0|0:0:0|2:0:2|0:1:1|0:1:1|2:0:1|2:0:2|3:3:0|0:0:0|2:0:1|3:3:1|0:0:0","0:0:0|1:1:0|2:0:1|0:1:1|0:0:0|0:0:0|0:0:0|0:0:0|0:0:0|1:1:0|0:0:0|0:0:0|0:0:0|1:2:0|0:0:0|2:0:1|4:0:3|0:0:0|1:1:0|1:1:0|0:0:0|0:0:0|2:0:3|0:0:0|0:0:0|1:1:0|1:2:1|1:2:0|0:0:0|3:3:0|0:0:0|2:0:1|2:0:1|0:0:0|2:0:2|0:1:1|2:0:2|1:1:0|0:0:0|2:0:2|0:1:1|0:1:1|2:0:1|2:0:2|3:3:0|0:0:0|2:0:1|3:3:1|0:0:0","0:0:0|1:1:0|2:0:1|0:1:1|0:0:0|0:0:0|0:0:0|0:0:0|0:0:0|1:1:0|0:0:0|0:0:0|0:0:0|1:2:0|0:0:0|2:0:1|4:0:3|0:0:0|1:1:0|1:1:0|0:0:0|0:0:0|4:0:3|0:0:0|0:0:0|1:1:0|1:2:1|1:2:0|0:0:0|3:3:0|0:0:0|2:0:1|2:0:1|0:0:0|2:0:2|0:1:1|2:0:2|1:1:0|0:0:0|2:0:2|0:1:1|0:1:1|2:0:1|2:0:2|3:3:0|0:0:0|2:0:1|3:3:1|0:0:0"
"7x7-p96","7x7-p96-uct-1000","1000","1","35","0.546875","3","1","O34","MM","53","51","54","51","1","1","1","1","0","2","0","2","0","0:0:0|1:1:0|2:0:1|0:1:1|0:0:0|0:0:0|0:0:0|0:0:0|0:0:0|1:1:0|0:0:0|0:0:0|0:0:0|1:2:0|0:0:0|2:0:1|4:0:3|0:0:0|1:1:0|1:1:0|0:0:0|0:0:0|4:0:3|0:0:0|0:0:0|1:1:0|1:2:1|1:2:0|0:0:0|3:3:0|0:0:0|2:0:1|2:0:1|0:0:0|2:0:2|0:1:1|2:0:2|1:1:0|0:0:0|2:0:2|0:1:1|0:1:1|2:0:1|2:0:2|3:3:0|0:0:0|2:0:1|3:3:1|0:0:0","0:0:0|1:1:0|2:0:1|0:1:1|0:0:0|0:0:0|0:0:0|0:0:0|0:0:0|1:1:0|0:0:0|0:0:0|0:0:0|1:2:0|0:0:0|2:0:1|4:0:3|0:0:0|1:1:0|1:1:0|0:0:0|0:0:0|4:0:3|0:0:0|0:0:0|1:2:0|1:2:1|1:2:0|0:0:0|3:3:0|0:0:0|2:0:1|2:0:1|0:0:0|2:0:2|0:1:1|2:0:2|1:1:0|0:0:0|2:0:2|0:1:1|0:1:1|2:0:1|2:0:2|3:3:0|0:0:0|2:0:1|3:3:1|0:0:0","0:0:0|1:1:0|2:0:1|0:1:1|0:0:0|0:0:0|0:0:0|0:0:0|0:0:0|1:1:0|0:0:0|0:0:0|0:0:0|1:2:0|0:0:0|2:0:1|4:0:3|0:0:0|1:1:0|1:1:0|0:0:0|0:0:0|4:0:3|0:0:0|0:0:0|1:2:0|1:2:1|1:2:0|0:0:0|3:3:0|0:0:0|2:0:1|2:0:1|0:0:0|2:0:2|0:1:1|2:0:2|1:1:0|0:0:0|2:0:2|0:1:1|0:1:1|2:0:1|2:0:2|3:3:0|0:0:0|2:0:1|3:3:1|0:0:0"
"7x7-p96","7x7-p96-uct-1000","1000","1","36","0.562500","1","2","O32","MM","54","51","54","52","0","0","2","0","0","0","1","0","1","0:0:0|1:1:0|2:0:1|0:1:1|0:0:0|0:0:0|0:0:0|0:0:0|0:0:0|1:1:0|0:0:0|0:0:0|0:0:0|1:2:0|0:0:0|2:0:1|4:0:3|0:0:0|1:1:0|1:1:0|0:0:0|0:0:0|4:0:3|0:0:0|0:0:0|1:2:0|1:2:1|1:2:0|0:0:0|3:3:0|0:0:0|2:0:1|2:0:1|0:0:0|2:0:2|0:1:1|2:0:2|1:1:0|0:0:0|2:0:2|0:1:1|0:1:1|2:0:1|2:0:2|3:3:0|0:0:0|2:0:1|3:3:1|0:0:0","0:0:0|1:1:0|2:0:1|0:1:1|0:0:0|0:0:0|0:0:0|0:0:0|0:0:0|1:1:0|0:0:0|0:0:0|0:0:0|1:2:0|0:0:0|2:0:1|4:0:3|0:0:0|1:1:0|1:1:0|0:0:0|0:0:0|4:0:3|0:0:1|0:0:0|1:2:0|1:2:1|1:2:0|0:0:0|3:3:0|0:0:0|2:0:1|2:0:1|0:0:0|2:0:2|0:1:1|2:0:2|1:1:0|0:0:0|2:0:2|0:1:1|0:1:1|2:0:1|2:0:2|3:3:0|0:0:0|2:0:1|3:3:1|0:0:0","0:0:0|1:1:0|2:0:1|0:1:1|0:0:0|0:0:0|0:0:0|0:0:0|0:0:0|1:1:0|0:0:0|0:0:0|0:0:0|1:2:0|0:0:0|2:0:1|4:0:3|0:0:0|1:1:0|1:1:0|0:0:0|0:0:0|4:0:3|2:0:1|0:0:0|1:2:0|1:2:1|1:2:0|0:0:0|3:3:0|2:0:1|2:0:1|2:0:1|0:0:0|2:0:2|2:1:2|2:0:2|1:1:0|0:0:0|2:0:2|0:1:1|0:1:1|2:0:1|2:0:2|3:3:0|0:0:0|2:0:1|3:3:1|0:0:0"
"7x7-p96","7x7-p96-uct-1000","1000","1","36","0.562500","2","2","O50","HL","54","52","54","53","0","0","2","1","1","1","2","1","2","0:0:0|1:1:0|2:0:1|0:1:1|0:0:0|0:0:0|0:0:0|0:0:0|0:0:0|1:1:0|0:0:0|0:0:0|0:0:0|1:2:0|0:0:0|2:0:1|4:0:3|0:0:0|1:1:0|1:1:0|0:0:0|0:0:0|4:0:3|0:0:1|0:0:0|1:2:0|1:2:1|1:2:0|0:0:0|3:3:0|0:0:0|2:0:1|2:0:1|0:0:0|2:0:2|0:1:1|2:0:2|1:1:0|0:0:0|2:0:2|0:1:1|0:1:1|2:0:1|2:0:2|3:3:0|0:0:0|2:0:1|3:3:1|0:0:0","0:0:0|1:1:0|2:0:1|0:1:1|0:0:0|0:0:0|0:0:0|0:0:0|0:0:0|1:1:0|0:0:0|0:0:0|0:0:0|1:2:0|0:0:0|2:0:1|4:0:3|0:0:0|1:1:0|1:1:0|0:0:0|0:0:0|4:0:3|0:0:1|0:0:0|1:2:0|1:2:1|1:2:0|0:0:0|3:3:0|0:0:0|2:0:1|2:0:1|0:0:0|2:0:2|0:1:2|2:0:2|1:1:0|0:0:0|2:0:2|0:1:1|0:1:1|2:0:1|2:0:2|3:3:0|0:0:0|2:0:1|3:3:1|0:0:0","0:0:0|1:1:0|2:0:1|0:1:1|0:0:0|0:0:0|0:0:0|0:0:0|0:0:0|1:1:0|0:0:0|0:0:0|0:0:0|1:2:0|0:0:0|2:0:1|4:0:3|0:0:0|1:1:0|1:1:0|0:0:0|0:0:0|4:0:3|2:0:1|0:0:0|1:2:0|1:2:1|1:2:0|0:0:0|3:3:0|2:0:1|2:0:1|2:0:1|0:0:0|2:0:2|2:1:2|2:0:2|1:1:0|0:0:0|2:0:2|0:1:1|0:1:1|2:0:1|2:0:2|3:3:0|0:0:0|2:0:1|3:3:1|0:0:0"
"7x7-p96","7x7-p96-uct-1000","1000","1","36","0.562500","3","2","O42","MM","54","53","54","54","0","2","2","0","0","0","1","0","1","0:0:0|1:1:0|2:0:1|0:1:1|0:0:0|0:0:0|0:0:0|0:0:0|0:0:0|1:1:0|0:0:0|0:0:0|0:0:0|1:2:0|0:0:0|2:0:1|4:0:3|0:0:0|1:1:0|1:1:0|0:0:0|0:0:0|4:0:3|0:0:1|0:0:0|1:2:0|1:2:1|1:2:0|0:0:0|3:3:0|0:0:0|2:0:1|2:0:1|0:0:0|2:0:2|0:1:2|2:0:2|1:1:0|0:0:0|2:0:2|0:1:1|0:1:1|2:0:1|2:0:2|3:3:0|0:0:0|2:0:1|3:3:1|0:0:0","0:0:0|1:1:0|2:0:1|0:1:1|0:0:0|0:0:0|0:0:0|0:0:0|0:0:0|1:1:0|0:0:0|0:0:0|0:0:0|1:2:0|0:0:0|2:0:1|4:0:3|0:0:0|1:1:0|1:1:0|0:0:0|0:0:0|4:0:3|2:0:1|0:0:0|1:2:0|1:2:1|1:2:0|0:0:0|3:3:0|2:0:1|2:0:1|2:0:1|0:0:0|2:0:2|2:1:2|2:0:2|1:1:0|0:0:0|2:0:2|0:1:1|0:1:1|2:0:1|2:0:2|3:3:0|0:0:0|2:0:1|3:3:1|0:0:0","0:0:0|1:1:0|2:0:1|0:1:1|0:0:0|0:0:0|0:0:0|0:0:0|0:0:0|1:1:0|0:0:0|0:0:0|0:0:0|1:2:0|0:0:0|2:0:1|4:0:3|0:0:0|1:1:0|1:1:0|0:0:0|0:0:0|4:0:3|2:0:1|0:0:0|1:2:0|1:2:1|1:2:0|0:0:0|3:3:0|2:0:1|2:0:1|2:0:1|0:0:0|2:0:2|2:1:2|2:0:2|1:1:0|0:0:0|2:0:2|0:1:1|0:1:1|2:0:1|2:0:2|3:3:0|0:0:0|2:0:1|3:3:1|0:0:0"
"7x7-p96","7x7-p96-uct-1000","1000","1","37","0.578125","1","1","O36","MH","54","54","55","54","1","1","3","2","0","3","0","3","0","0:0:0|1:1:0|2:0:1|0:1:1|0:0:0|0:0:0|0:0:0|0:0:0|0:0:0|1:1:0|0:0:0|0:0:0|0:0:0|1:2:0|0:0:0|2:0:1|4:0:3|0:0:0|1:1:0|1:1:0|0:0:0|0:0:0|4:0:3|2:0:1|0:0:0|1:2:0|1:2:1|1:2:0|0:0:0|3:3:0|2:0:1|2:0:1|2:0:1|0:0:0|2:0:2|2:1:2|2:0:2|1:1:0|0:0:0|2:0:2|0:1:1|0:1:1|2:0:1|2:0:2|3:3:0|0:0:0|2:0:1|3:3:1|0:0:0","0:0:0|1:1:0|2:0:1|0:1:1|0:0:0|0:0:0|0:0:0|0:0:0|0:0:0|1:1:0|0:0:0|0:0:0|0:0:0|1:2:0|0:0:0|2:0:1|4:0:3|0:0:0|1:1:0|1:1:0|0:0:0|0:0:0|4:0:3|2:0:1|0:0:0|1:2:0|1:2:1|1:3:0|0:0:0|3:3:0|2:0:1|2:0:1|2:0:1|0:0:0|2:0:2|2:1:2|2:0:2|1:1:0|0:0:0|2:0:2|0:1:1|0:1:1|2:0:1|2:0:2|3:3:0|0:0:0|2:0:1|3:3:1|0:0:0","0:0:0|1:1:0|2:0:1|0:1:1|0:0:0|0:0:0|0:0:0|0:0:0|0:0:0|1:1:0|0:0:0|0:0:0|0:0:0|1:2:0|0:0:0|2:0:1|4:0:3|0:0:0|1:1:0|1:1:0|0:0:0|0:0:0|4:0:3|2:0:1|0:0:0|1:2:0|1:2:1|3:3:0|0:0:0|3:3:0|2:0:1|2:0:1|2:0:1|0:0:0|2:0:2|2:1:2|2:0:2|1:1:0|0:0:0|2:0:2|0:1:1|0:1:1|2:0:1|2:0:2|3:3:0|0:0:0|2:0:1|3:3:1|0:0:0"
"7x7-p96","7x7-p96-uct-1000","1000","1","38","0.593750","2","2","O03","LM","57","55","57","56","0","0","2","1","1","1","2","1","2","0:0:0|1:1:0|2:0:1|0:1:1|0:0:0|0:0:0|0:0:0|0:0:0|0:0:0|1:1:0|0:0:0|0:0:0|0:0:0|1:2:0|0:0:0|2:0:1|4:0:3|0:0:0|1:1:0|1:1:0|0:0:0|0:0:0|4:0:3|2:0:1|0:0:0|1:2:0|1:2:1|3:3:0|0:0:0|3:3:0|2:0:1|2:0:1|2:0:1|0:0:0|2:0:2|2:1:2|2:0:2|1:1:0|0:0:0|2:0:2|0:1:1|0:1:1|2:0:1|2:0:2|3:3:0|0:0:0|2:0:1|3:3:1|0:0:0","0:0:0|1:1:0|2:0:1|0:1:2|0:0:0|0:0:0|0:0:0|0:0:0|0:0:0|1:1:0|0:0:0|0:0:0|0:0:0|1:2:0|0:0:0|2:0:1|4:0:3|0:0:0|1:1:0|1:1:0|0:0:0|0:0:0|4:0:3|2:0:1|0:0:0|1:2:0|1:2:1|3:3:0|0:0:0|3:3:0|2:0:1|2:0:1|2:0:1|0:0:0|2:0:2|2:1:2|2:0:2|1:1:0|0:0:0|2:0:2|0:1:1|0:1:1|2:0:1|2:0:2|3:3:0|0:0:0|2:0:1|3:3:1|0:0:0","0:0:0|1:1:0|2:0:1|2:1:2|0:0:0|0:0:0|0:0:0|0:0:0|0:0:0|1:1:0|0:0:0|0:0:0|0:0:0|1:2:0|0:0:0|2:0:1|4:0:3|0:0:0|1:1:0|1:1:0|0:0:0|0:0:0|4:0:3|2:0:1|0:0:0|1:2:0|0:2:2|3:3:0|0:0:0|3:3:0|2:0:1|2:0:1|2:0:1|0:0:0|2:0:2|2:1:2|2:0:2|1:1:0|0:0:0|2:0:2|0:1:1|0:1:1|2:0:1|2:0:2|3:3:0|0:0:0|2:0:1|3:3:1|0:0:0"
"7x7-p96","7x7-p96-uct-1000","1000","1","38","0.593750","3","2","O35","MH","57","56","57","57","1","0","0","2","1","2","2","2","2","0:0:0|1:1:0|2:0:1|0:1:2|0:0:0|0:0:0|0:0:0|0:0:0|0:0:0|1:1:0|0:0:0|0:0:0|0:0:0|1:2:0|0:0:0|2:0:1|4:0:3|0:0:0|1:1:0|1:1:0|0:0:0|0:0:0|4:0:3|2:0:1|0:0:0|1:2:0|1:2:1|3:3:0|0:0:0|3:3:0|2:0:1|2:0:1|2:0:1|0:0:0|2:0:2|2:1:2|2:0:2|1:1:0|0:0:0|2:0:2|0:1:1|0:1:1|2:0:1|2:0:2|3:3:0|0:0:0|2:0:1|3:3:1|0:0:0","0:0:0|1:1:0|2:0:1|2:1:2|0:0:0|0:0:0|0:0:0|0:0:0|0:0:0|1:1:0|0:0:0|0:0:0|0:0:0|1:2:0|0:0:0|2:0:1|4:0:3|0:0:0|1:1:0|1:1:0|0:0:0|0:0:0|4:0:3|2:0:1|0:0:0|1:2:0|0:2:2|3:3:0|0:0:0|3:3:0|2:0:1|2:0:1|2:0:1|0:0:0|2:0:2|2:1:2|2:0:2|1:1:0|0:0:0|2:0:2|0:1:1|0:1:1|2:0:1|2:0:2|3:3:0|0:0:0|2:0:1|3:3:1|0:0:0","0:0:0|1:1:0|2:0:1|2:1:2|0:0:0|0:0:0|0:0:0|0:0:0|0:0:0|1:1:0|0:0:0|0:0:0|0:0:0|1:2:0|0:0:0|2:0:1|4:0:3|0:0:0|1:1:0|1:1:0|0:0:0|0:0:0|4:0:3|2:0:1|0:0:0|1:2:0|0:2:2|3:3:0|0:0:0|3:3:0|2:0:1|2:0:1|2:0:1|0:0:0|2:0:2|2:1:2|2:0:2|1:1:0|0:0:0|2:0:2|0:1:1|0:1:1|2:0:1|2:0:2|3:3:0|0:0:0|2:0:1|3:3:1|0:0:0"
"7x7-p96","7x7-p96-uct-1000","1000","1","39","0.609375","1","1","O35","MH","57","57","58","57","0","0","3","2","2","3","2","3","2","0:0:0|1:1:0|2:0:1|2:1:2|0:0:0|0:0:0|0:0:0|0:0:0|0:0:0|1:1:0|0:0:0|0:0:0|0:0:0|1:2:0|0:0:0|2:0:1|4:0:3|0:0:0|1:1:0|1:1:0|0:0:0|0:0:0|4:0:3|2:0:1|0:0:0|1:2:0|0:2:2|3:3:0|0:0:0|3:3:0|2:0:1|2:0:1|2:0:1|0:0:0|2:0:2|2:1:2|2:0:2|1:1:0|0:0:0|2:0:2|0:1:1|0:1:1|2:0:1|2:0:2|3:3:0|0:0:0|2:0:1|3:3:1|0:0:0","0:0:0|1:1:0|2:0:1|2:1:2|0:0:0|0:0:0|0:0:0|0:0:0|0:0:0|1:1:0|0:0:0|0:0:0|0:0:0|1:2:0|0:0:0|2:0:1|4:0:3|0:0:0|1:1:0|1:1:0|0:0:0|0:0:0|4:0:3|2:0:1|0:0:0|1:2:0|0:3:2|3:3:0|0:0:0|3:3:0|2:0:1|2:0:1|2:0:1|0:0:0|2:0:2|2:1:2|2:0:2|1:1:0|0:0:0|2:0:2|0:1:1|0:1:1|2:0:1|2:0:2|3:3:0|0:0:0|2:0:1|3:3:1|0:0:0","0:0:0|1:1:0|2:0:1|2:1:2|0:0:0|0:0:0|0:0:0|0:0:0|0:0:0|1:1:0|0:0:0|0:0:0|0:0:0|1:2:0|0:0:0|2:0:1|4:0:3|0:0:0|1:1:0|1:1:0|0:0:0|0:0:0|4:0:3|2:0:1|0:0:0|3:3:0|3:3:2|3:3:0|0:0:0|3:3:0|2:0:1|2:0:1|2:0:1|0:0:0|2:0:2|2:1:2|2:0:2|1:1:0|0:0:0|2:0:2|0:1:1|0:1:1|2:0:1|2:0:2|3:3:0|0:0:0|2:0:1|3:3:1|0:0:0"
"7x7-p96","7x7-p96-uct-1000","1000","1","39","0.609375","2","1","O34","MM","58","57","59","57","1","1","3","2","0","3","0","3","0","0:0:0|1:1:0|2:0:1|2:1:2|0:0:0|0:0:0|0:0:0|0:0:0|0:0:0|1:1:0|0:0:0|0:0:0|0:0:0|1:2:0|0:0:0|2:0:1|4:0:3|0:0:0|1:1:0|1:1:0|0:0:0|0:0:0|4:0:3|2:0:1|0:0:0|1:2:0|0:3:2|3:3:0|0:0:0|3:3:0|2:0:1|2:0:1|2:0:1|0:0:0|2:0:2|2:1:2|2:0:2|1:1:0|0:0:0|2:0:2|0:1:1|0:1:1|2:0:1|2:0:2|3:3:0|0:0:0|2:0:1|3:3:1|0:0:0","0:0:0|1:1:0|2:0:1|2:1:2|0:0:0|0:0:0|0:0:0|0:0:0|0:0:0|1:1:0|0:0:0|0:0:0|0:0:0|1:2:0|0:0:0|2:0:1|4:0:3|0:0:0|1:1:0|1:1:0|0:0:0|0:0:0|4:0:3|2:0:1|0:0:0|1:3:0|0:3:2|3:3:0|0:0:0|3:3:0|2:0:1|2:0:1|2:0:1|0:0:0|2:0:2|2:1:2|2:0:2|1:1:0|0:0:0|2:0:2|0:1:1|0:1:1|2:0:1|2:0:2|3:3:0|0:0:0|2:0:1|3:3:1|0:0:0","0:0:0|1:1:0|2:0:1|2:1:2|0:0:0|0:0:0|0:0:0|0:0:0|0:0:0|1:1:0|0:0:0|0:0:0|0:0:0|1:2:0|0:0:0|2:0:1|4:0:3|0:0:0|1:1:0|1:1:0|0:0:0|0:0:0|4:0:3|2:0:1|0:0:0|3:3:0|3:3:2|3:3:0|0:0:0|3:3:0|2:0:1|2:0:1|2:0:1|0:0:0|2:0:2|2:1:2|2:0:2|1:1:0|0:0:0|2:0:2|0:1:1|0:1:1|2:0:1|2:0:2|3:3:0|0:0:0|2:0:1|3:3:1|0:0:0"
"7x7-p96","7x7-p96-uct-1000","1000","1","40","0.625000","1","2","O51","HL","60","57","60","58","2","2","4","0","2","0","3","0","3","0:0:0|1:1:0|2:0:1|2:1:2|0:0:0|0:0:0|0:0:0|0:0:0|0:0:0|1:1:0|0:0:0|0:0:0|0:0:0|1:2:0|0:0:0|2:0:1|4:0:3|0:0:0|1:1:0|1:1:0|0:0:0|0:0:0|4:0:3|2:0:1|0:0:0|3:3:0|3:3:2|3:3:0|0:0:0|3:3:0|2:0:1|2:0:1|2:0:1|0:0:0|2:0:2|2:1:2|2:0:2|1:1:0|0:0:0|2:0:2|0:1:1|0:1:1|2:0:1|2:0:2|3:3:0|0:0:0|2:0:1|3:3:1|0:0:0","0:0:0|1:1:0|2:0:1|2:1:2|0:0:0|0:0:0|0:0:0|0:0:0|0:0:0|1:1:0|0:0:0|0:0:0|0:0:0|1:2:0|0:0:0|2:0:1|4:0:3|0:0:0|1:1:0|1:1:0|0:0:0|0:0:0|4:0:3|2:0:1|0:0:0|3:3:0|3:3:2|3:3:0|0:0:0|3:3:0|2:0:1|2:0:1|2:0:1|0:0:0|2:0:2|2:1:2|2:0:3|1:1:0|0:0:0|2:0:2|0:1:1|0:1:1|2:0:1|2:0:2|3:3:0|0:0:0|2:0:1|3:3:1|0:0:0","0:0:0|1:1:0|2:0:1|2:1:2|0:0:0|0:0:0|0:0:0|0:0:0|0:0:0|1:1:0|0:0:0|0:0:0|0:0:0|1:2:0|0:0:0|2:0:1|4:0:3|0:0:0|1:1:0|1:1:0|0:0:0|0:0:0|4:0:3|2:0:1|0:0:0|3:3:0|3:3:2|3:3:0|0:0:0|3:3:0|2:0:1|2:0:1|2:0:1|0:0:0|2:0:2|2:1:2|4:0:3|1:1:0|0:0:0|4:0:3|0:1:1|0:1:1|2:0:1|2:0:2|3:3:0|0:0:0|2:0:1|3:3:1|0:0:0"
"7x7-p96","7x7-p96-uct-1000","1000","1","40","0.625000","3","2","O54","HM","60","59","60","60","2","4","4","0","2","0","3","0","3","0:0:0|1:1:0|2:0:1|2:1:2|0:0:0|0:0:0|0:0:0|0:0:0|0:0:0|1:1:0|0:0:0|0:0:0|0:0:0|1:2:0|0:0:0|2:0:1|4:0:3|0:0:0|1:1:0|1:1:0|0:0:0|0:0:0|4:0:3|2:0:1|0:0:0|3:3:0|3:3:2|3:3:0|0:0:0|3:3:0|2:0:1|2:0:1|2:0:1|0:0:0|2:0:2|2:1:2|2:0:3|1:1:0|0:0:0|2:0:2|0:1:1|0:1:1|2:0:1|2:0:2|3:3:0|0:0:0|2:0:1|3:3:1|0:0:0","0:0:0|1:1:0|2:0:1|2:1:2|0:0:0|0:0:0|0:0:0|0:0:0|0:0:0|1:1:0|0:0:0|0:0:0|0:0:0|1:2:0|0:0:0|2:0:1|4:0:3|0:0:0|1:1:0|1:1:0|0:0:0|0:0:0|4:0:3|2:0:1|0:0:0|3:3:0|3:3:2|3:3:0|0:0:0|3:3:0|2:0:1|2:0:1|2:0:1|0:0:0|2:0:2|2:1:2|4:0:3|1:1:0|0:0:0|4:0:3|0:1:1|0:1:1|2:0:1|2:0:2|3:3:0|0:0:0|2:0:1|3:3:1|0:0:0","0:0:0|1:1:0|2:0:1|2:1:2|0:0:0|0:0:0|0:0:0|0:0:0|0:0:0|1:1:0|0:0:0|0:0:0|0:0:0|1:2:0|0:0:0|2:0:1|4:0:3|0:0:0|1:1:0|1:1:0|0:0:0|0:0:0|4:0:3|2:0:1|0:0:0|3:3:0|3:3:2|3:3:0|0:0:0|3:3:0|2:0:1|2:0:1|2:0:1|0:0:0|2:0:2|2:1:2|4:0:3|1:1:0|0:0:0|4:0:3|0:1:1|0:1:1|2:0:1|2:0:2|3:3:0|0:0:0|2:0:1|3:3:1|0:0:0"
"7x7-p96","7x7-p96-uct-1000","1000","1","41","0.640625","1","1","O12","LM","60","60","61","60","1","1","1","1","0","2","0","2","0","0:0:0|1:1:0|2:0:1|2:1:2|0:0:0|0:0:0|0:0:0|0:0:0|0:0:0|1:1:0|0:0:0|0:0:0|0:0:0|1:2:0|0:0:0|2:0:1|4:0:3|0:0:0|1:1:0|1:1:0|0:0:0|0:0:0|4:0:3|2:0:1|0:0:0|3:3:0|3:3:2|3:3:0|0:0:0|3:3:0|2:0:1|2:0:1|2:0:1|0:0:0|2:0:2|2:1:2|4:0:3|1:1:0|0:0:0|4:0:3|0:1:1|0:1:1|2:0:1|2:0:2|3:3:0|0:0:0|2:0:1|3:3:1|0:0:0","0:0:0|1:1:0|2:0:1|2:1:2|0:0:0|0:0:0|0:0:0|0:0:0|0:0:0|1:2:0|0:0:0|0:0:0|0:0:0|1:2:0|0:0:0|2:0:1|4:0:3|0:0:0|1:1:0|1:1:0|0:0:0|0:0:0|4:0:3|2:0:1|0:0:0|3:3:0|3:3:2|3:3:0|0:0:0|3:3:0|2:0:1|2:0:1|2:0:1|0:0:0|2:0:2|2:1:2|4:0:3|1:1:0|0:0:0|4:0:3|0:1:1|0:1:1|2:0:1|2:0:2|3:3:0|0:0:0|2:0:1|3:3:1|0:0:0","0:0:0|1:1:0|2:0:1|2:1:2|0:0:0|0:0:0|0:0:0|0:0:0|0:0:0|1:2:0|0:0:0|0:0:0|0:0:0|1:2:0|0:0:0|2:0:1|4:0:3|0:0:0|1:1:0|1:1:0|0:0:0|0:0:0|4:0:3|2:0:1|0:0:0|3:3:0|3:3:2|3:3:0|0:0:0|3:3:0|2:0:1|2:0:1|2:0:1|0:0:0|2:0:2|2:1:2|4:0:3|1:1:0|0:0:0|4:0:3|0:1:1|0:1:1|2:0:1|2:0:2|3:3:0|0:0:0|2:0:1|3:3:1|0:0:0"
"7x7-p96","7x7-p96-uct-1000","1000","1","42","0.656250","1","2","O32","MM","63","60","63","61","2","2","2","0","1","0","2","0","2","0:0:0|1:1:0|2:0:1|2:1:2|0:0:0|0:0:0|0:0:0|0:0:0|0:0:0|1:2:0|0:0:0|0:0:0|0:0:0|1:2:0|0:0:0|2:0:1|4:0:3|0:0:0|1:1:0|1:1:0|0:0:0|0:0:0|4:0:3|2:0:1|0:0:0|3:3:0|3:3:2|3:3:0|0:0:0|3:3:0|2:0:1|2:0:1|2:0:1|0:0:0|2:0:2|2:1:2|4:0:3|1:1:0|0:0:0|4:0:3|0:1:1|0:1:1|2:0:1|2:0:2|3:3:0|0:0:0|2:0:1|3:3:1|0:0:0","0:0:0|1:1:0|2:0:1|2:1:2|0:0:0|0:0:0|0:0:0|0:0:0|0:0:0|1:2:0|0:0:0|0:0:0|0:0:0|1:2:0|0:0:0|2:0:1|4:0:3|0:0:0|1:1:0|1:1:0|0:0:0|0:0:0|4:0:3|2:0:2|0:0:0|3:3:0|3:3:2|3:3:0|0:0:0|3:3:0|2:0:1|2:0:1|2:0:1|0:0:0|2:0:2|2:1:2|4:0:3|1:1:0|0:0:0|4:0:3|0:1:1|0:1:1|2:0:1|2:0:2|3:3:0|0:0:0|2:0:1|3:3:1|0:0:0","0:0:0|1:1:0|2:0:1|2:1:2|0:0:0|0:0:0|0:0:0|0:0:0|0:0:0|1:2:0|0:0:0|0:0:0|0:0:0|1:2:0|0:0:0|2:0:1|4:0:3|0:0:0|1:1:0|1:1:0|0:0:0|0:0:0|4:0:3|2:0:2|0:0:0|3:3:0|3:3:2|3:3:0|0:0:0|3:3:0|2:0:1|2:0:1|2:0:1|0:0:0|2:0:2|2:1:2|4:0:3|1:1:0|0:0:0|4:0:3|0:1:1|0:1:1|2:0:1|4:0:3|3:3:0|0:0:0|2:0:1|3:3:1|0:0:0"
"7x7-p96","7x7-p96-uct-1000","1000","1","42","0.656250","2","2","O61","HL","63","61","63","62","2","2","4","0","2","0","3","0","3","0:0:0|1:1:0|2:0:1|2:1:2|0:0:0|0:0:0|0:0:0|0:0:0|0:0:0|1:2:0|0:0:0|0:0:0|0:0:0|1:2:0|0:0:0|2:0:1|4:0:3|0:0:0|1:1:0|1:1:0|0:0:0|0:0:0|4:0:3|2:0:2|0:0:0|3:3:0|3:3:2|3:3:0|0:0:0|3:3:0|2:0:1|2:0:1|2:0:1|0:0:0|2:0:2|2:1:2|4:0:3|1:1:0|0:0:0|4:0:3|0:1:1|0:1:1|2:0:1|2:0:2|3:3:0|0:0:0|2:0:1|3:3:1|0:0:0","0:0:0|1:1:0|2:0:1|2:1:2|0:0:0|0:0:0|0:0:0|0:0:0|0:0:0|1:2:0|0:0:0|0:0:0|0:0:0|1:2:0|0:0:0|2:0:1|4:0:3|0:0:0|1:1:0|1:1:0|0:0:0|0:0:0|4:0:3|2:0:2|0:0:0|3:3:0|3:3:2|3:3:0|0:0:0|3:3:0|2:0:1|2:0:1|2:0:1|0:0:0|2:0:2|2:1:2|4:0:3|1:1:0|0:0:0|4:0:3|0:1:1|0:1:1|2:0:1|2:0:3|3:3:0|0:0:0|2:0:1|3:3:1|0:0:0","0:0:0|1:1:0|2:0:1|2:1:2|0:0:0|0:0:0|0:0:0|0:0:0|0:0:0|1:2:0|0:0:0|0:0:0|0:0:0|1:2:0|0:0:0|2:0:1|4:0:3|0:0:0|1:1:0|1:1:0|0:0:0|0:0:0|4:0:3|2:0:2|0:0:0|3:3:0|3:3:2|3:3:0|0:0:0|3:3:0|2:0:1|2:0:1|2:0:1|0:0:0|2:0:2|2:1:2|4:0:3|1:1:0|0:0:0|4:0:3|0:1:1|0:1:1|2:0:1|4:0:3|3:3:0|0:0:0|2:0:1|3:3:1|0:0:0"
"7x7-p96","7x7-p96-uct-1000","1000","1","43","0.671875","1","1","O12","LM","63","63","64","63","1","1","3","2","0","3","0","3","0","0:0:0|1:1:0|2:0:1|2:1:2|0:0:0|0:0:0|0:0:0|0:0:0|0:0:0|1:2:0|0:0:0|0:0:0|0:0:0|1:2:0|0:0:0|2:0:1|4:0:3|0:0:0|1:1:0|1:1:0|0:0:0|0:0:0|4:0:3|2:0:2|0:0:0|3:3:0|3:3:2|3:3:0|0:0:0|3:3:0|2:0:1|2:0:1|2:0:1|0:0:0|2:0:2|2:1:2|4:0:3|1:1:0|0:0:0|4:0:3|0:1:1|0:1:1|2:0:1|4:0:3|3:3:0|0:0:0|2:0:1|3:3:1|0:0:0","0:0:0|1:1:0|2:0:1|2:1:2|0:0:0|0:0:0|0:0:0|0:0:0|0:0:0|1:3:0|0:0:0|0:0:0|0:0:0|1:2:0|0:0:0|2:0:1|4:0:3|0:0:0|1:1:0|1:1:0|0:0:0|0:0:0|4:0:3|2:0:2|0:0:0|3:3:0|3:3:2|3:3:0|0:0:0|3:3:0|2:0:1|2:0:1|2:0:1|0:0:0|2:0:2|2:1:2|4:0:3|1:1:0|0:0:0|4:0:3|0:1:1|0:1:1|2:0:1|4:0:3|3:3:0|0:0:0|2:0:1|3:3:1|0:0:0","0:0:0|1:1:0|2:0:1|2:1:2|0:0:0|0:0:0|0:0:0|0:0:0|0:0:0|3:3:0|0:0:0|0:0:0|0:0:0|1:2:0|0:0:0|2:0:1|4:0:3|0:0:0|1:1:0|1:1:0|0:0:0|0:0:0|4:0:3|2:0:2|0:0:0|3:3:0|3:3:2|3:3:0|0:0:0|3:3:0|2:0:1|2:0:1|2:0:1|0:0:0|2:0:2|2:1:2|4:0:3|1:1:0|0:0:0|4:0:3|0:1:1|0:1:1|2:0:1|4:0:3|3:3:0|0:0:0|2:0:1|3:3:1|0:0:0"
"7x7-p96","7x7-p96-uct-1000","1000","1","44","0.687500","1","2","O63","HM","66","63","66","64","0","0","2","0","0","0","1","0","1","0:0:0|1:1:0|2:0:1|2:1:2|0:0:0|0:0:0|0:0:0|0:0:0|0:0:0|3:3:0|0:0:0|0:0:0|0:0:0|1:2:0|0:0:0|2:0:1|4:0:3|0:0:0|1:1:0|1:1:0|0:0:0|0:0:0|4:0:3|2:0:2|0:0:0|3:3:0|3:3:2|3:3:0|0:0:0|3:3:0|2:0:1|2:0:1|2:0:1|0:0:0|2:0:2|2:1:2|4:0:3|1:1:0|0:0:0|4:0:3|0:1:1|0:1:1|2:0:1|4:0:3|3:3:0|0:0:0|2:0:1|3:3:1|0:0:0","0:0:0|1:1:0|2:0:1|2:1:2|0:0:0|0:0:0|0:0:0|0:0:0|0:0:0|3:3:0|0:0:0|0:0:0|0:0:0|1:2:0|0:0:0|2:0:1|4:0:3|0:0:0|1:1:0|1:1:0|0:0:0|0:0:0|4:0:3|2:0:2|0:0:0|3:3:0|3:3:2|3:3:0|0:0:0|3:3:0|2:0:1|2:0:1|2:0:1|0:0:0|2:0:2|2:1:2|4:0:3|1:1:0|0:0:0|4:0:3|0:1:1|0:1:1|2:0:1|4:0:3|3:3:0|0:0:1|2:0:1|3:3:1|0:0:0","0:0:0|1:1:0|2:0:1|2:1:2|0:0:0|0:0:0|0:0:0|0:0:0|0:0:0|3:3:0|0:0:0|0:0:0|0:0:0|1:2:0|0:0:0|2:0:1|4:0:3|0:0:0|1:1:0|1:1:0|0:0:0|0:0:0|4:0:3|2:0:2|0:0:0|3:3:0|3:3:2|3:3:0|0:0:0|3:3:0|2:0:1|2:0:1|2:0:1|0:0:0|2:0:2|2:1:2|4:0:3|1:1:0|0:0:0|4:0:3|2:1:2|0:1:1|2:0:1|4:0:3|3:3:0|2:0:1|2:0:1|3:3:1|0:0:0"
"7x7-p96","7x7-p96-uct-1000","1000","1","44","0.687500","3","2","O55","HH","66","65","66","66","0","2","2","1","1","1","2","1","2","0:0:0|1:1:0|2:0:1|2:1:2|0:0:0|0:0:0|0:0:0|0:0:0|0:0:0|3:3:0|0:0:0|0:0:0|0:0:0|1:2:0|0:0:0|2:0:1|4:0:3|0:0:0|1:1:0|1:1:0|0:0:0|0:0:0|4:0:3|2:0:2|0:0:0|3:3:0|3:3:2|3:3:0|0:0:0|3:3:0|2:0:1|2:0:1|2:0:1|0:0:0|2:0:2|2:1:2|4:0:3|1:1:0|0:0:0|4:0:3|0:1:1|0:1:1|2:0:1|4:0:3|3:3:0|0:0:1|2:0:1|3:3:1|0:0:0","0:0:0|1:1:0|2:0:1|2:1:2|0:0:0|0:0:0|0:0:0|0:0:0|0:0:0|3:3:0|0:0:0|0:0:0|0:0:0|1:2:0|0:0:0|2:0:1|4:0:3|0:0:0|1:1:0|1:1:0|0:0:0|0:0:0|4:0:3|2:0:2|0:0:0|3:3:0|3:3:2|3:3:0|0:0:0|3:3:0|2:0:1|2:0:1|2:0:1|0:0:0|2:0:2|2:1:2|4:0:3|1:1:0|0:0:0|4:0:3|2:1:2|0:1:1|2:0:1|4:0:3|3:3:0|2:0:1|2:0:1|3:3:1|0:0:0","0:0:0|1:1:0|2:0:1|2:1:2|0:0:0|0:0:0|0:0:0|0:0:0|0:0:0|3:3:0|0:0:0|0:0:0|0:0:0|1:2:0|0:0:0|2:0:1|4:0:3|0:0:0|1:1:0|1:1:0|0:0:0|0:0:0|4:0:3|2:0:2|0:0:0|3:3:0|3:3:2|3:3:0|0:0:0|3:3:0|2:0:1|2:0:1|2:0:1|0:0:0|2:0:2|2:1:2|4:0:3|1:1:0|0:0:0|4:0:3|2:1:2|0:1:1|2:0:1|4:0:3|3:3:0|2:0:1|2:0:1|3:3:1|0:0:0"
"7x7-p96","7x7-p96-uct-1000","1000","1","45","0.703125","1","1","O66","HH","66","66","67","66","0","0","1","0","0","1","0","1","0","0:0:0|1:1:0|2:0:1|2:1:2|0:0:0|0:0:0|0:0:0|0:0:0|0:0:0|3:3:0|0:0:0|0:0:0|0:0:0|1:2:0|0:0:0|2:0:1|4:0:3|0:0:0|1:1:0|1:1:0|0:0:0|0:0:0|4:0:3|2:0:2|0:0:0|3:3:0|3:3:2|3:3:0|0:0:0|3:3:0|2:0:1|2:0:1|2:0:1|0:0:0|2:0:2|2:1:2|4:0:3|1:1:0|0:0:0|4:0:3|2:1:2|0:1:1|2:0:1|4:0:3|3:3:0|2:0:1|2:0:1|3:3:1|0:0:0","0:0:0|1:1:0|2:0:1|2:1:2|0:0:0|0:0:0|0:0:0|0:0:0|0:0:0|3:3:0|0:0:0|0:0:0|0:0:0|1:2:0|0:0:0|2:0:1|4:0:3|0:0:0|1:1:0|1:1:0|0:0:0|0:0:0|4:0:3|2:0:2|0:0:0|3:3:0|3:3:2|3:3:0|0:0:0|3:3:0|2:0:1|2:0:1|2:0:1|0:0:0|2:0:2|2:1:2|4:0:3|1:1:0|0:0:0|4:0:3|2:1:2|0:1:1|2:0:1|4:0:3|3:3:0|2:0:1|2:0:1|3:3:1|0:1:0","0:0:0|1:1:0|2:0:1|2:1:2|0:0:0|0:0:0|0:0:0|0:0:0|0:0:0|3:3:0|0:0:0|0:0:0|0:0:0|3:3:0|0:0:0|2:0:1|4:0:3|0:0:0|1:1:0|1:1:0|0:0:0|0:0:0|4:0:3|2:0:2|0:0:0|3:3:0|3:3:2|3:3:0|0:0:0|3:3:0|2:0:1|2:0:1|2:0:1|0:0:0|2:0:2|2:1:2|4:0:3|1:1:0|0:0:0|4:0:3|2:1:2|0:1:1|2:0:1|4:0:3|3:3:0|2:0:1|2:0:1|3:3:1|1:1:0"
"7x7-p96","7x7-p96-uct-1000","1000","1","45","0.703125","2","1","O16","LH","67","66","68","66","1","1","3","2","0","3","0","3","0","0:0:0|1:1:0|2:0:1|2:1:2|0:0:0|0:0:0|0:0:0|0:0:0|0:0:0|3:3:0|0:0:0|0:0:0|0:0:0|1:2:0|0:0:0|2:0:1|4:0:3|0:0:0|1:1:0|1:1:0|0:0:0|0:0:0|4:0:3|2:0:2|0:0:0|3:3:0|3:3:2|3:3:0|0:0:0|3:3:0|2:0:1|2:0:1|2:0:1|0:0:0|2:0:2|2:1:2|4:0:3|1:1:0|0:0:0|4:0:3|2:1:2|0:1:1|2:0:1|4:0:3|3:3:0|2:0:1|2:0:1|3:3:1|0:1:0","0:0:0|1:1:0|2:0:1|2:1:2|0:0:0|0:0:0|0:0:0|0:0:0|0:0:0|3:3:0|0:0:0|0:0:0|0:0:0|1:3:0|0:0:0|2:0:1|4:0:3|0:0:0|1:1:0|1:1:0|0:0:0|0:0:0|4:0:3|2:0:2|0:0:0|3:3:0|3:3:2|3:3:0|0:0:0|3:3:0|2:0:1|2:0:1|2:0:1|0:0:0|2:0:2|2:1:2|4:0:3|1:1:0|0:0:0|4:0:3|2:1:2|0:1:1|2:0:1|4:0:3|3:3:0|2:0:1|2:0:1|3:3:1|0:1:0","0:0:0|1:1:0|2:0:1|2:1:2|0:0:0|0:0:0|0:0:0|0:0:0|0:0:0|3:3:0|0:0:0|0:0:0|0:0:0|3:3:0|0:0:0|2:0:1|4:0:3|0:0:0|1:1:0|1:1:0|0:0:0|0:0:0|4:0:3|2:0:2|0:0:0|3:3:0|3:3:2|3:3:0|0:0:0|3:3:0|2:0:1|2:0:1|2:0:1|0:0:0|2:0:2|2:1:2|4:0:3|1:1:0|0:0:0|4:0:3|2:1:2|0:1:1|2:0:1|4:0:3|3:3:0|2:0:1|2:0:1|3:3:1|1:1:0"
"7x7-p96","7x7-p96-uct-1000","1000","1","46","0.718750","1","2","O32","MM","69","66","69","67","2","2","4","0","2","0","3","0","3","0:0:0|1:1:0|2:0:1|2:1:2|0:0:0|0:0:0|0:0:0|0:0:0|0:0:0|3:3:0|0:0:0|0:0:0|0:0:0|3:3:0|0:0:0|2:0:1|4:0:3|0:0:0|1:1:0|1:1:0|0:0:0|0:0:0|4:0:3|2:0:2|0:0:0|3:3:0|3:3:2|3:3:0|0:0:0|3:3:0|2:0:1|2:0:1|2:0:1|0:0:0|2:0:2|2:1:2|4:0:3|1:1:0|0:0:0|4:0:3|2:1:2|0:1:1|2:0:1|4:0:3|3:3:0|2:0:1|2:0:1|3:3:1|1:1:0","0:0:0|1:1:0|2:0:1|2:1:2|0:0:0|0:0:0|0:0:0|0:0:0|0:0:0|3:3:0|0:0:0|0:0:0|0:0:0|3:3:0|0:0:0|2:0:1|4:0:3|0:0:0|1:1:0|1:1:0|0:0:0|0:0:0|4:0:3|2:0:3|0:0:0|3:3:0|3:3:2|3:3:0|0:0:0|3:3:0|2:0:1|2:0:1|2:0:1|0:0:0|2:0:2|2:1:2|4:0:3|1:1:0|0:0:0|4:0:3|2:1:2|0:1:1|2:0:1|4:0:3|3:3:0|2:0:1|2:0:1|3:3:1|1:1:0","0:0:0|1:1:0|2:0:1|2:1:2|0:0:0|0:0:0|0:0:0|0:0:0|0:0:0|3:3:0|0:0:0|0:0:0|0:0:0|3:3:0|0:0:0|2:0:1|4:0:3|0:0:0|1:1:0|1:1:0|0:0:0|0:0:0|4:0:3|4:0:3|0:0:0|3:3:0|3:3:2|3:3:0|0:0:0|3:3:0|2:0:1|2:0:1|2:0:1|0:0:0|4:0:3|2:1:2|4:0:3|1:1:0|0:0:0|4:0:3|2:1:2|0:1:1|2:0:1|4:0:3|3:3:0|2:0:1|2:0:2|3:3:1|1:1:0"
"7x7-p96","7x7-p96-uct-1000","1000","1","46","0.718750","2","2","O64","HM","69","67","69","68","2","2","2","0","1","0","2","0","2","0:0:0|1:1:0|2:0:1|2:1:2|0:0:0|0:0:0|0:0:0|0:0:0|0:0:0|3:3:0|0:0:0|0:0:0|0:0:0|3:3:0|0:0:0|2:0:1|4:0:3|0:0:0|1:1:0|1:1:0|0:0:0|0:0:0|4:0:3|2:0:3|0:0:0|3:3:0|3:3:2|3:3:0|0:0:0|3:3:0|2:0:1|2:0:1|2:0:1|0:0:0|2:0:2|2:1:2|4:0:3|1:1:0|0:0:0|4:0:3|2:1:2|0:1:1|2:0:1|4:0:3|3:3:0|2:0:1|2:0:1|3:3:1|1:1:0","0:0:0|1:1:0|2:0:1|2:1:2|0:0:0|0:0:0|0:0:0|0:0:0|0:0:0|3:3:0|0:0:0|0:0:0|0:0:0|3:3:0|0:0:0|2:0:1|4:0:3|0:0:0|1:1:0|1:1:0|0:0:0|0:0:0|4:0:3|2:0:3|0:0:0|3:3:0|3:3:2|3:3:0|0:0:0|3:3:0|2:0:1|2:0:1|2:0:1|0:0:0|2:0:2|2:1:2|4:0:3|1:1:0|0:0:0|4:0:3|2:1:2|0:1:1|2:0:1|4:0:3|3:3:0|2:0:1|2:0:2|3:3:1|1:1:0","0:0:0|1:1:0|2:0:1|2:1:2|0:0:0|0:0:0|0:0:0|0:0:0|0:0:0|3:3:0|0:0:0|0:0:0|0:0:0|3:3:0|0:0:0|2:0:1|4:0:3|0:0:0|1:1:0|1:1:0|0:0:0|0:0:0|4:0:3|4:0:3|0:0:0|3:3:0|3:3:2|3:3:0|0:0:0|3:3:0|2:0:1|2:0:1|2:0:1|0:0:0|4:0:3|2:1:2|4:0:3|1:1:0|0:0:0|4:0:3|2:1:2|0:1:1|2:0:1|4:0:3|3:3:0|2:0:1|2:0:2|3:3:1|1:1:0"
"7x7-p96","7x7-p96-uct-1000","1000","1","46","0.718750","3","2","O46","MH","69","68","69","69","2","4","4","0","2","0","3","0","3","0:0:0|1:1:0|2:0:1|2:1:2|0:0:0|0:0:0|0:0:0|0:0:0|0:0:0|3:3:0|0:0:0|0:0:0|0:0:0|3:3:0|0:0:0|2:0:1|4:0:3|0:0:0|1:1:0|1:1:0|0:0:0|0:0:0|4:0:3|2:0:3|0:0:0|3:3:0|3:3:2|3:3:0|0:0:0|3:3:0|2:0:1|2:0:1|2:0:1|0:0:0|2:0:2|2:1:2|4:0:3|1:1:0|0:0:0|4:0:3|2:1:2|0:1:1|2:0:1|4:0:3|3:3:0|2:0:1|2:0:2|3:3:1|1:1:0","0:0:0|1:1:0|2:0:1|2:1:2|0:0:0|0:0:0|0:0:0|0:0:0|0:0:0|3:3:0|0:0:0|0:0:0|0:0:0|3:3:0|0:0:0|2:0:1|4:0:3|0:0:0|1:1:0|1:1:0|0:0:0|0:0:0|4:0:3|4:0:3|0:0:0|3:3:0|3:3:2|3:3:0|0:0:0|3:3:0|2:0:1|2:0:1|2:0:1|0:0:0|4:0:3|2:1:2|4:0:3|1:1:0|0:0:0|4:0:3|2:1:2|0:1:1|2:0:1|4:0:3|3:3:0|2:0:1|2:0:2|3:3:1|1:1:0","0:0:0|1:1:0|2:0:1|2:1:2|0:0:0|0:0:0|0:0:0|0:0:0|0:0:0|3:3:0|0:0:0|0:0:0|0:0:0|3:3:0|0:0:0|2:0:1|4:0:3|0:0:0|1:1:0|1:1:0|0:0:0|0:0:0|4:0:3|4:0:3|0:0:0|3:3:0|3:3:2|3:3:0|0:0:0|3:3:0|2:0:1|2:0:1|2:0:1|0:0:0|4:0:3|2:1:2|4:0:3|1:1:0|0:0:0|4:0:3|2:1:2|0:1:1|2:0:1|4:0:3|3:3:0|2:0:1|2:0:2|3:3:1|1:1:0"
"7x7-p96","7x7-p96-uct-1000","1000","1","47","0.734375","1","1","O14","LM","69","69","70","69","0","0","1","0","0","1","0","1","0","0:0:0|1:1:0|2:0:1|2:1:2|0:0:0|0:0:0|0:0:0|0:0:0|0:0:0|3:3:0|0:0:0|0:0:0|0:0:0|3:3:0|0:0:0|2:0:1|4:0:3|0:0:0|1:1:0|1:1:0|0:0:0|0:0:0|4:0:3|4:0:3|0:0:0|3:3:0|3:3:2|3:3:0|0:0:0|3:3:0|2:0:1|2:0:1|2:0:1|0:0:0|4:0:3|2:1:2|4:0:3|1:1:0|0:0:0|4:0:3|2:1:2|0:1:1|2:0:1|4:0:3|3:3:0|2:0:1|2:0:2|3:3:1|1:1:0","0:0:0|1:1:0|2:0:1|2:1:2|0:0:0|0:0:0|0:0:0|0:0:0|0:0:0|3:3:0|0:0:0|0:1:0|0:0:0|3:3:0|0:0:0|2:0:1|4:0:3|0:0:0|1:1:0|1:1:0|0:0:0|0:0:0|4:0:3|4:0:3|0:0:0|3:3:0|3:3:2|3:3:0|0:0:0|3:3:0|2:0:1|2:0:1|2:0:1|0:0:0|4:0:3|2:1:2|4:0:3|1:1:0|0:0:0|4:0:3|2:1:2|0:1:1|2:0:1|4:0:3|3:3:0|2:0:1|2:0:2|3:3:1|1:1:0","0:0:0|1:1:0|2:0:1|0:2:2|0:0:0|0:0:0|0:0:0|0:0:0|0:0:0|3:3:0|0:0:0|1:1:0|0:0:0|3:3:0|0:0:0|2:0:1|4:0:3|0:0:0|1:1:0|1:1:0|0:0:0|0:0:0|4:0:3|4:0:3|0:0:0|3:3:0|3:3:2|3:3:0|0:0:0|3:3:0|2:0:1|2:0:1|0:1:1|0:0:0|4:0:3|2:1:2|4:0:3|1:1:0|0:0:0|4:0:3|2:1:2|0:1:1|2:0:1|4:0:3|3:3:0|2:0:1|2:0:2|3:3:1|1:1:0"
"7x7-p96","7x7-p96-uct-1000","1000","1","47","0.734375","2","1","O44","MM","70","69","71","69","2","2","0","0","1","1","1","1","1","0:0:0|1:1:0|2:0:1|2:1:2|0:0:0|0:0:0|0:0:0|0:0:0|0:0:0|3:3:0|0:0:0|0:1:0|0:0:0|3:3:0|0:0:0|2:0:1|4:0:3|0:0:0|1:1:0|1:1:0|0:0:0|0:0:0|4:0:3|4:0:3|0:0:0|3:3:0|3:3:2|3:3:0|0:0:0|3:3:0|2:0:1|2:0:1|2:0:1|0:0:0|4:0:3|2:1:2|4:0:3|1:1:0|0:0:0|4:0:3|2:1:2|0:1:1|2:0:1|4:0:3|3:3:0|2:0:1|2:0:2|3:3:1|1:1:0","0:0:0|1:1:0|2:0:1|2:1:2|0:0:0|0:0:0|0:0:0|0:0:0|0:0:0|3:3:0|0:0:0|0:1:0|0:0:0|3:3:0|0:0:0|2:0:1|4:0:3|0:0:0|1:1:0|1:1:0|0:0:0|0:0:0|4:0:3|4:0:3|0:0:0|3:3:0|3:3:2|3:3:0|0:0:0|3:3:0|2:0:1|2:0:1|2:1:1|0:0:0|4:0:3|2:1:2|4:0:3|1:1:0|0:0:0|4:0:3|2:1:2|0:1:1|2:0:1|4:0:3|3:3:0|2:0:1|2:0:2|3:3:1|1:1:0","0:0:0|1:1:0|2:0:1|0:2:2|0:0:0|0:0:0|0:0:0|0:0:0|0:0:0|3:3:0|0:0:0|1:1:0|0:0:0|3:3:0|0:0:0|2:0:1|4:0:3|0:0:0|1:1:0|1:1:0|0:0:0|0:0:0|4:0:3|4:0:3|0:0:0|3:3:0|3:3:2|3:3:0|0:0:0|3:3:0|2:0:1|2:0:1|0:1:1|0:0:0|4:0:3|2:1:2|4:0:3|1:1:0|0:0:0|4:0:3|2:1:2|0:1:1|2:0:1|4:0:3|3:3:0|2:0:1|2:0:2|3:3:1|1:1:0"
"7x7-p96","7x7-p96-uct-1000","1000","1","47","0.734375","3","1","O03","LM","71","69","72","69","2","0","0","1","2","2","2","2","2","0:0:0|1:1:0|2:0:1|2:1:2|0:0:0|0:0:0|0:0:0|0:0:0|0:0:0|3:3:0|0:0:0|0:1:0|0:0:0|3:3:0|0:0:0|2:0:1|4:0:3|0:0:0|1:1:0|1:1:0|0:0:0|0:0:0|4:0:3|4:0:3|0:0:0|3:3:0|3:3:2|3:3:0|0:0:0|3:3:0|2:0:1|2:0:1|2:1:1|0:0:0|4:0:3|2:1:2|4:0:3|1:1:0|0:0:0|4:0:3|2:1:2|0:1:1|2:0:1|4:0:3|3:3:0|2:0:1|2:0:2|3:3:1|1:1:0","0:0:0|1:1:0|2:0:1|0:2:2|0:0:0|0:0:0|0:0:0|0:0:0|0:0:0|3:3:0|0:0:0|1:1:0|0:0:0|3:3:0|0:0:0|2:0:1|4:0:3|0:0:0|1:1:0|1:1:0|0:0:0|0:0:0|4:0:3|4:0:3|0:0:0|3:3:0|3:3:2|3:3:0|0:0:0|3:3:0|2:0:1|2:0:1|0:1:1|0:0:0|4:0:3|2:1:2|4:0:3|1:1:0|0:0:0|4:0:3|2:1:2|0:1:1|2:0:1|4:0:3|3:3:0|2:0:1|2:0:2|3:3:1|1:1:0","0:0:0|1:1:0|2:0:1|0:2:2|0:0:0|0:0:0|0:0:0|0:0:0|0:0:0|3:3:0|0:0:0|1:1:0|0:0:0|3:3:0|0:0:0|2:0:1|4:0:3|0:0:0|1:1:0|1:1:0|0:0:0|0:0:0|4:0:3|4:0:3|0:0:0|3:3:0|3:3:2|3:3:0|0:0:0|3:3:0|2:0:1|2:0:1|0:1:1|0:0:0|4:0:3|2:1:2|4:0:3|1:1:0|0:0:0|4:0:3|2:1:2|0:1:1|2:0:1|4:0:3|3:3:0|2:0:1|2:0:2|3:3:1|1:1:0"
"7x7-p96","7x7-p96-uct-1000","1000","1","48","0.750000","1","2","O10","LL","72","69","72","70","0","0","2","0","0","0","1","0","1","0:0:0|1:1:0|2:0:1|0:2:2|0:0:0|0:0:0|0:0:0|0:0:0|0:0:0|3:3:0|0:0:0|1:1:0|0:0:0|3:3:0|0:0:0|2:0:1|4:0:3|0:0:0|1:1:0|1:1:0|0:0:0|0:0:0|4:0:3|4:0:3|0:0:0|3:3:0|3:3:2|3:3:0|0:0:0|3:3:0|2:0:1|2:0:1|0:1:1|0:0:0|4:0:3|2:1:2|4:0:3|1:1:0|0:0:0|4:0:3|2:1:2|0:1:1|2:0:1|4:0:3|3:3:0|2:0:1|2:0:2|3:3:1|1:1:0","0:0:0|1:1:0|2:0:1|0:2:2|0:0:0|0:0:0|0:0:0|0:0:1|0:0:0|3:3:0|0:0:0|1:1:0|0:0:0|3:3:0|0:0:0|2:0:1|4:0:3|0:0:0|1:1:0|1:1:0|0:0:0|0:0:0|4:0:3|4:0:3|0:0:0|3:3:0|3:3:2|3:3:0|0:0:0|3:3:0|2:0:1|2:0:1|0:1:1|0:0:0|4:0:3|2:1:2|4:0:3|1:1:0|0:0:0|4:0:3|2:1:2|0:1:1|2:0:1|4:0:3|3:3:0|2:0:1|2:0:2|3:3:1|1:1:0","0:0:0|1:1:0|2:0:1|0:2:2|0:0:0|0:0:0|0:0:0|2:0:1|0:0:0|3:3:0|0:0:0|1:1:0|0:0:0|3:3:0|0:0:0|4:0:3|4:0:3|0:0:0|1:1:0|1:1:0|0:0:0|0:0:0|4:0:3|4:0:3|0:0:0|3:3:0|3:3:2|3:3:0|0:0:0|3:3:0|2:0:1|2:0:1|0:1:1|0:0:0|4:0:3|2:1:2|4:0:3|1:1:0|0:0:0|4:0:3|2:1:2|0:1:1|2:0:1|4:0:3|3:3:0|2:0:1|2:0:2|3:3:1|1:1:0"
"7x7-p96","7x7-p96-uct-1000","1000","1","48","0.750000","2","2","O21","ML","72","70","72","71","2","2","4","0","1","0","2","0","3","0:0:0|1:1:0|2:0:1|0:2:2|0:0:0|0:0:0|0:0:0|0:0:1|0:0:0|3:3:0|0:0:0|1:1:0|0:0:0|3:3:0|0:0:0|2:0:1|4:0:3|0:0:0|1:1:0|1:1:0|0:0:0|0:0:0|4:0:3|4:0:3|0:0:0|3:3:0|3:3:2|3:3:0|0:0:0|3:3:0|2:0:1|2:0:1|0:1:1|0:0:0|4:0:3|2:1:2|4:0:3|1:1:0|0:0:0|4:0:3|2:1:2|0:1:1|2:0:1|4:0:3|3:3:0|2:0:1|2:0:2|3:3:1|1:1:0","0:0:0|1:1:0|2:0:1|0:2:2|0:0:0|0:0:0|0:0:0|0:0:1|0:0:0|3:3:0|0:0:0|1:1:0|0:0:0|3:3:0|0:0:0|2:0:2|4:0:3|0:0:0|1:1:0|1:1:0|0:0:0|0:0:0|4:0:3|4:0:3|0:0:0|3:3:0|3:3:2|3:3:0|0:0:0|3:3:0|2:0:1|2:0:1|0:1:1|0:0:0|4:0:3|2:1:2|4:0:3|1:1:0|0:0:0|4:0:3|2:1:2|0:1:1|2:0:1|4:0:3|3:3:0|2:0:1|2:0:2|3:3:1|1:1:0","0:0:0|1:1:0|2:0:1|0:2:2|0:0:0|0:0:0|0:0:0|2:0:1|0:0:0|3:3:0|0:0:0|1:1:0|0:0:0|3:3:0|0:0:0|4:0:3|4:0:3|0:0:0|1:1:0|1:1:0|0:0:0|0:0:0|4:0:3|4:0:3|0:0:0|3:3:0|3:3:2|3:3:0|0:0:0|3:3:0|2:0:1|2:0:1|0:1:1|0:0:0|4:0:3|2:1:2|4:0:3|1:1:0|0:0:0|4:0:3|2:1:2|0:1:1|2:0:1|4:0:3|3:3:0|2:0:1|2:0:2|3:3:1|1:1:0"
"7x7-p96","7x7-p96-uct-1000","1000","1","48","0.750000","3","2","O21","ML","72","71","72","72","2","4","4","0","2","0","3","0","3","0:0:0|1:1:0|2:0:1|0:2:2|0:0:0|0:0:0|0:0:0|0:0:1|0:0:0|3:3:0|0:0:0|1:1:0|0:0:0|3:3:0|0:0:0|2:0:2|4:0:3|0:0:0|1:1:0|1:1:0|0:0:0|0:0:0|4:0:3|4:0:3|0:0:0|3:3:0|3:3:2|3:3:0|0:0:0|3:3:0|2:0:1|2:0:1|0:1:1|0:0:0|4:0:3|2:1:2|4:0:3|1:1:0|0:0:0|4:0:3|2:1:2|0:1:1|2:0:1|4:0:3|3:3:0|2:0:1|2:0:2|3:3:1|1:1:0","0:0:0|1:1:0|2:0:1|0:2:2|0:0:0|0:0:0|0:0:0|2:0:1|0:0:0|3:3:0|0:0:0|1:1:0|0:0:0|3:3:0|0:0:0|4:0:3|4:0:3|0:0:0|1:1:0|1:1:0|0:0:0|0:0:0|4:0:3|4:0:3|0:0:0|3:3:0|3:3:2|3:3:0|0:0:0|3:3:0|2:0:1|2:0:1|0:1:1|0:0:0|4:0:3|2:1:2|4:0:3|1:1:0|0:0:0|4:0:3|2:1:2|0:1:1|2:0:1|4:0:3|3:3:0|2:0:1|2:0:2|3:3:1|1:1:0","0:0:0|1:1:0|2:0:1|0:2:2|0:0:0|0:0:0|0:0:0|2:0:1|0:0:0|3:3:0|0:0:0|1:1:0|0:0:0|3:3:0|0:0:0|4:0:3|4:0:3|0:0:0|1:1:0|1:1:0|0:0:0|0:0:0|4:0:3|4:0:3|0:0:0|3:3:0|3:3:2|3:3:0|0:0:0|3:3:0|2:0:1|2:0:1|0:1:1|0:0:0|4:0:3|2:1:2|4:0:3|1:1:0|0:0:0|4:0:3|2:1:2|0:1:1|2:0:1|4:0:3|3:3:0|2:0:1|2:0:2|3:3:1|1:1:0"
"7x7-p96","7x7-p96-uct-1000","1000","1","49","0.765625","1","1","O05","LH","72","72","73","72","0","0","1","0","0","1","0","1","0","0:0:0|1:1:0|2:0:1|0:2:2|0:0:0|0:0:0|0:0:0|2:0:1|0:0:0|3:3:0|0:0:0|1:1:0|0:0:0|3:3:0|0:0:0|4:0:3|4:0:3|0:0:0|1:1:0|1:1:0|0:0:0|0:0:0|4:0:3|4:0:3|0:0:0|3:3:0|3:3:2|3:3:0|0:0:0|3:3:0|2:0:1|2:0:1|0:1:1|0:0:0|4:0:3|2:1:2|4:0:3|1:1:0|0:0:0|4:0:3|2:1:2|0:1:1|2:0:1|4:0:3|3:3:0|2:0:1|2:0:2|3:3:1|1:1:0","0:0:0|1:1:0|2:0:1|0:2:2|0:0:0|0:1:0|0:0:0|2:0:1|0:0:0|3:3:0|0:0:0|1:1:0|0:0:0|3:3:0|0:0:0|4:0:3|4:0:3|0:0:0|1:1:0|1:1:0|0:0:0|0:0:0|4:0:3|4:0:3|0:0:0|3:3:0|3:3:2|3:3:0|0:0:0|3:3:0|2:0:1|2:0:1|0:1:1|0:0:0|4:0:3|2:1:2|4:0:3|1:1:0|0:0:0|4:0:3|2:1:2|0:1:1|2:0:1|4:0:3|3:3:0|2:0:1|2:0:2|3:3:1|1:1:0","0:0:0|1:1:0|2:0:1|0:2:2|0:0:0|1:1:0|0:0:0|2:0:1|0:0:0|3:3:0|0:0:0|1:1:0|0:0:0|3:3:0|0:0:0|4:0:3|4:0:3|0:0:0|1:1:0|1:1:0|0:0:0|0:0:0|4:0:3|4:0:3|0:0:0|3:3:0|3:3:2|3:3:0|0:0:0|3:3:0|2:0:1|2:0:1|0:1:1|0:0:0|4:0:3|0:2:2|4:0:3|1:1:0|0:0:0|4:0:3|2:1:2|0:1:1|2:0:1|4:0:3|3:3:0|2:0:1|2:0:2|3:3:1|1:1:0"
"7x7-p96","7x7-p96-uct-1000","1000","1","49","0.765625","3","1","O50","HL","74","72","75","72","2","0","0","1","2","2","2","2","2","0:0:0|1:1:0|2:0:1|0:2:2|0:0:0|0:1:0|0:0:0|2:0:1|0:0:0|3:3:0|0:0:0|1:1:0|0:0:0|3:3:0|0:0:0|4:0:3|4:0:3|0:0:0|1:1:0|1:1:0|0:0:0|0:0:0|4:0:3|4:0:3|0:0:0|3:3:0|3:3:2|3:3:0|0:0:0|3:3:0|2:0:1|2:0:1|0:1:1|0:0:0|4:0:3|2:1:2|4:0:3|1:1:0|0:0:0|4:0:3|2:1:2|0:1:1|2:0:1|4:0:3|3:3:0|2:0:1|2:0:2|3:3:1|1:1:0","0:0:0|1:1:0|2:0:1|0:2:2|0:0:0|1:1:0|0:0:0|2:0:1|0:0:0|3:3:0|0:0:0|1:1:0|0:0:0|3:3:0|0:0:0|4:0:3|4:0:3|0:0:0|1:1:0|1:1:0|0:0:0|0:0:0|4:0:3|4:0:3|0:0:0|3:3:0|3:3:2|3:3:0|0:0:0|3:3:0|2:0:1|2:0:1|0:1:1|0:0:0|4:0:3|0:2:2|4:0:3|1:1:0|0:0:0|4:0:3|2:1:2|0:1:1|2:0:1|4:0:3|3:3:0|2:0:1|2:0:2|3:3:1|1:1:0","0:0:0|1:1:0|2:0:1|0:2:2|0:0:0|1:1:0|0:0:0|2:0:1|0:0:0|3:3:0|0:0:0|1:1:0|0:0:0|3:3:0|0:0:0|4:0:3|4:0:3|0:0:0|1:1:0|1:1:0|0:0:0|0:0:0|4:0:3|4:0:3|0:0:0|3:3:0|3:3:2|3:3:0|0:0:0|3:3:0|2:0:1|2:0:1|0:1:1|0:0:0|4:0:3|0:2:2|4:0:3|1:1:0|0:0:0|4:0:3|2:1:2|0:1:1|2:0:1|4:0:3|3:3:0|2:0:1|2:0:2|3:3:1|1:1:0"
"7x7-p96","7x7-p96-uct-1000","1000","1","50","0.781250","1","2","O55","HH","75","72","75","73","2","2","4","1","2","1","3","1","3","0:0:0|1:1:0|2:0:1|0:2:2|0:0:0|1:1:0|0:0:0|2:0:1|0:0:0|3:3:0|0:0:0|1:1:0|0:0:0|3:3:0|0:0:0|4:0:3|4:0:3|0:0:0|1:1:0|1:1:0|0:0:0|0:0:0|4:0:3|4:0:3|0:0:0|3:3:0|3:3:2|3:3:0|0:0:0|3:3:0|2:0:1|2:0:1|0:1:1|0:0:0|4:0:3|0:2:2|4:0:3|1:1:0|0:0:0|4:0:3|2:1:2|0:1:1|2:0:1|4:0:3|3:3:0|2:0:1|2:0:2|3:3:1|1:1:0","0:0:0|1:1:0|2:0:1|0:2:2|0:0:0|1:1:0|0:0:0|2:0:1|0:0:0|3:3:0|0:0:0|1:1:0|0:0:0|3:3:0|0:0:0|4:0:3|4:0:3|0:0:0|1:1:0|1:1:0|0:0:0|0:0:0|4:0:3|4:0:3|0:0:0|3:3:0|3:3:2|3:3:0|0:0:0|3:3:0|2:0:1|2:0:1|0:1:1|0:0:0|4:0:3|0:2:2|4:0:3|1:1:0|0:0:0|4:0:3|2:1:3|0:1:1|2:0:1|4:0:3|3:3:0|2:0:1|2:0:2|3:3:1|1:1:0","0:0:0|1:1:0|2:0:1|0:2:2|0:0:0|1:1:0|0:0:0|2:0:1|0:0:0|3:3:0|0:0:0|1:1:0|0:0:0|3:3:0|0:0:0|4:0:3|4:0:3|0:0:0|1:1:0|1:1:0|0:0:0|0:0:0|4:0:3|4:0:3|0:0:0|3:3:0|3:3:2|3:3:0|0:0:0|3:3:0|2:0:1|2:0:1|0:1:1|0:0:0|4:0:3|0:2:2|4:0:3|1:1:0|0:0:0|4:0:3|4:1:3|0:1:1|2:0:1|4:0:3|3:3:0|2:0:1|4:0:3|3:3:1|1:1:0"
"7x7-p96","7x7-p96-uct-1000","1000","1","50","0.781250","2","2","O64","HM","75","73","75","74","2","2","4","0","2","0","3","0","3","0:0:0|1:1:0|2:0:1|0:2:2|0:0:0|1:1:0|0:0:0|2:0:1|0:0:0|3:3:0|0:0:0|1:1:0|0:0:0|3:3:0|0:0:0|4:0:3|4:0:3|0:0:0|1:1:0|1:1:0|0:0:0|0:0:0|4:0:3|4:0:3|0:0:0|3:3:0|3:3:2|3:3:0|0:0:0|3:3:0|2:0:1|2:0:1|0:1:1|0:0:0|4:0:3|0:2:2|4:0:3|1:1:0|0:0:0|4:0:3|2:1:3|0:1:1|2:0:1|4:0:3|3:3:0|2:0:1|2:0:2|3:3:1|1:1:0","0:0:0|1:1:0|2:0:1|0:2:2|0:0:0|1:1:0|0:0:0|2:0:1|0:0:0|3:3:0|0:0:0|1:1:0|0:0:0|3:3:0|0:0:0|4:0:3|4:0:3|0:0:0|1:1:0|1:1:0|0:0:0|0:0:0|4:0:3|4:0:3|0:0:0|3:3:0|3:3:2|3:3:0|0:0:0|3:3:0|2:0:1|2:0:1|0:1:1|0:0:0|4:0:3|0:2:2|4:0:3|1:1:0|0:0:0|4:0:3|2:1:3|0:1:1|2:0:1|4:0:3|3:3:0|2:0:1|2:0:3|3:3:1|1:1:0","0:0:0|1:1:0|2:0:1|0:2:2|0:0:0|1:1:0|0:0:0|2:0:1|0:0:0|3:3:0|0:0:0|1:1:0|0:0:0|3:3:0|0:0:0|4:0:3|4:0:3|0:0:0|1:1:0|1:1:0|0:0:0|0:0:0|4:0:3|4:0:3|0:0:0|3:3:0|3:3:2|3:3:0|0:0:0|3:3:0|2:0:1|2:0:1|0:1:1|0:0:0|4:0:3|0:2:2|4:0:3|1:1:0|0:0:0|4:0:3|4:1:3|0:1:1|2:0:1|4:0:3|3:3:0|2:0:1|4:0:3|3:3:1|1:1:0"
"7x7-p96","7x7-p96-uct-1000","1000","1","51","0.796875","1","1","O50","HL","75","75","76","75","0","0","3","2","2","3","2","3","2","0:0:0|1:1:0|2:0:1|0:2:2|0:0:0|1:1:0|0:0:0|2:0:1|0:0:0|3:3:0|0:0:0|1:1:0|0:0:0|3:3:0|0:0:0|4:0:3|4:0:3|0:0:0|1:1:0|1:1:0|0:0:0|0:0:0|4:0:3|4:0:3|0:0:0|3:3:0|3:3:2|3:3:0|0:0:0|3:3:0|2:0:1|2:0:1|0:1:1|0:0:0|4:0:3|0:2:2|4:0:3|1:1:0|0:0:0|4:0:3|4:1:3|0:1:1|2:0:1|4:0:3|3:3:0|2:0:1|4:0:3|3:3:1|1:1:0","0:0:0|1:1:0|2:0:1|0:2:2|0:0:0|1:1:0|0:0:0|2:0:1|0:0:0|3:3:0|0:0:0|1:1:0|0:0:0|3:3:0|0:0:0|4:0:3|4:0:3|0:0:0|1:1:0|1:1:0|0:0:0|0:0:0|4:0:3|4:0:3|0:0:0|3:3:0|3:3:2|3:3:0|0:0:0|3:3:0|2:0:1|2:0:1|0:1:1|0:0:0|4:0:3|0:3:2|4:0:3|1:1:0|0:0:0|4:0:3|4:1:3|0:1:1|2:0:1|4:0:3|3:3:0|2:0:1|4:0:3|3:3:1|1:1:0","0:0:0|1:1:0|2:0:1|3:3:2|0:0:0|1:1:0|0:0:0|2:0:1|0:0:0|3:3:0|0:0:0|1:1:0|0:0:0|3:3:0|0:0:0|4:0:3|4:0:3|0:0:0|1:1:0|1:1:0|0:0:0|0:0:0|4:0:3|4:0:3|0:0:0|3:3:0|3:3:2|3:3:0|1:1:0|3:3:0|2:0:1|2:0:1|0:1:1|0:0:0|4:0:3|3:3:2|4:0:3|1:1:0|0:0:0|4:0:3|4:1:3|0:1:1|2:0:1|4:0:3|3:3:0|2:0:1|4:0:3|3:3:1|1:1:0"
"7x7-p96","7x7-p96-uct-1000","1000","1","51","0.796875","2","1","O03","LM","76","75","77","75","0","0","3","2","2","3","2","3","2","0:0:0|1:1:0|2:0:1|0:2:2|0:0:0|1:1:0|0:0:0|2:0:1|0:0:0|3:3:0|0:0:0|1:1:0|0:0:0|3:3:0|0:0:0|4:0:3|4:0:3|0:0:0|1:1:0|1:1:0|0:0:0|0:0:0|4:0:3|4:0:3|0:0:0|3:3:0|3:3:2|3:3:0|0:0:0|3:3:0|2:0:1|2:0:1|0:1:1|0:0:0|4:0:3|0:3:2|4:0:3|1:1:0|0:0:0|4:0:3|4:1:3|0:1:1|2:0:1|4:0:3|3:3:0|2:0:1|4:0:3|3:3:1|1:1:0","0:0:0|1:1:0|2:0:1|0:3:2|0:0:0|1:1:0|0:0:0|2:0:1|0:0:0|3:3:0|0:0:0|1:1:0|0:0:0|3:3:0|0:0:0|4:0:3|4:0:3|0:0:0|1:1:0|1:1:0|0:0:0|0:0:0|4:0:3|4:0:3|0:0:0|3:3:0|3:3:2|3:3:0|0:0:0|3:3:0|2:0:1|2:0:1|0:1:1|0:0:0|4:0:3|0:3:2|4:0:3|1:1:0|0:0:0|4:0:3|4:1:3|0:1:1|2:0:1|4:0:3|3:3:0|2:0:1|4:0:3|3:3:1|1:1:0","0:0:0|1:1:0|2:0:1|3:3:2|0:0:0|1:1:0|0:0:0|2:0:1|0:0:0|3:3:0|0:0:0|1:1:0|0:0:0|3:3:0|0:0:0|4:0:3|4:0:3|0:0:0|1:1:0|1:1:0|0:0:0|0:0:0|4:0:3|4:0:3|0:0:0|3:3:0|3:3:2|3:3:0|1:1:0|3:3:0|2:0:1|2:0:1|0:1:1|0:0:0|4:0:3|3:3:2|4:0:3|1:1:0|0:0:0|4:0:3|4:1:3|0:1:1|2:0:1|4:0:3|3:3:0|2:0:1|4:0:3|3:3:1|1:1:0"
"7x7-p96","7x7-p96-uct-1000","1000","1","51","0.796875","3","1","O40","ML","77","75","78","75","0","1","1","0","0","1","0","1","0","0:0:0|1:1:0|2:0:1|0:3:2|0:0:0|1:1:0|0:0:0|2:0:1|0:0:0|3:3:0|0:0:0|1:1:0|0:0:0|3:3:0|0:0:0|4:0:3|4:0:3|0:0:0|1:1:0|1:1:0|0:0:0|0:0:0|4:0:3|4:0:3|0:0:0|3:3:0|3:3:2|3:3:0|0:0:0|3:3:0|2:0:1|2:0:1|0:1:1|0:0:0|4:0:3|0:3:2|4:0:3|1:1:0|0:0:0|4:0:3|4:1:3|0:1:1|2:0:1|4:0:3|3:3:0|2:0:1|4:0:3|3:3:1|1:1:0","0:0:0|1:1:0|2:0:1|3:3:2|0:0:0|1:1:0|0:0:0|2:0:1|0:0:0|3:3:0|0:0:0|1:1:0|0:0:0|3:3:0|0:0:0|4:0:3|4:0:3|0:0:0|1:1:0|1:1:0|0:0:0|0:0:0|4:0:3|4:0:3|0:0:0|3:3:0|3:3:2|3:3:0|1:1:0|3:3:0|2:0:1|2:0:1|0:1:1|0:0:0|4:0:3|3:3:2|4:0:3|1:1:0|0:0:0|4:0:3|4:1:3|0:1:1|2:0:1|4:0:3|3:3:0|2:0:1|4:0:3|3:3:1|1:1:0","0:0:0|1:1:0|2:0:1|3:3:2|0:0:0|1:1:0|0:0:0|2:0:1|0:0:0|3:3:0|0:0:0|1:1:0|0:0:0|3:3:0|0:0:0|4:0:3|4:0:3|0:0:0|1:1:0|1:1:0|0:0:0|0:0:0|4:0:3|4:0:3|0:0:0|3:3:0|3:3:2|3:3:0|1:1:0|3:3:0|2:0:1|2:0:1|0:1:1|0:0:0|4:0:3|3:3:2|4:0:3|1:1:0|0:0:0|4:0:3|4:1:3|0:1:1|2:0:1|4:0:3|3:3:0|2:0:1|4:0:3|3:3:1|1:1:0"
"7x7-p96","7x7-p96-uct-1000","1000","1","52","0.812500","1","2","O10","LL","78","75","78","76","2","2","4","0","1","0","2","0","3","0:0:0|1:1:0|2:0:1|3:3:2|0:0:0|1:1:0|0:0:0|2:0:1|0:0:0|3:3:0|0:0:0|1:1:0|0:0:0|3:3:0|0:0:0|4:0:3|4:0:3|0:0:0|1:1:0|1:1:0|0:0:0|0:0:0|4:0:3|4:0:3|0:0:0|3:3:0|3:3:2|3:3:0|1:1:0|3:3:0|2:0:1|2:0:1|0:1:1|0:0:0|4:0:3|3:3:2|4:0:3|1:1:0|0:0:0|4:0:3|4:1:3|0:1:1|2:0:1|4:0:3|3:3:0|2:0:1|4:0:3|3:3:1|1:1:0","0:0:0|1:1:0|2:0:1|3:3:2|0:0:0|1:1:0|0:0:0|2:0:2|0:0:0|3:3:0|0:0:0|1:1:0|0:0:0|3:3:0|0:0:0|4:0:3|4:0:3|0:0:0|1:1:0|1:1:0|0:0:0|0:0:0|4:0:3|4:0:3|0:0:0|3:3:0|3:3:2|3:3:0|1:1:0|3:3:0|2:0:1|2:0:1|0:1:1|0:0:0|4:0:3|3:3:2|4:0:3|1:1:0|0:0:0|4:0:3|4:1:3|0:1:1|2:0:1|4:0:3|3:3:0|2:0:1|4:0:3|3:3:1|1:1:0","0:0:0|1:1:0|2:0:1|3:3:2|0:0:0|1:1:0|0:0:0|4:0:3|0:0:0|3:3:0|0:0:0|1:1:0|0:0:0|3:3:0|0:0:0|4:0:3|4:0:3|0:0:0|1:1:0|1:1:0|0:0:0|0:0:0|4:0:3|4:0:3|2:0:1|3:3:0|3:3:2|3:3:0|1:1:0|3:3:0|2:0:1|2:0:1|0:1:1|0:0:0|4:0:3|3:3:2|4:0:3|1:1:0|0:0:0|4:0:3|4:1:3|0:1:1|2:0:1|4:0:3|3:3:0|2:0:1|4:0:3|3:3:1|1:1:0"
"7x7-p96","7x7-p96-uct-1000","1000","1","52","0.812500","2","2","O10","LL","78","76","78","77","2","2","4","0","2","0","3","0","3","0:0:0|1:1:0|2:0:1|3:3:2|0:0:0|1:1:0|0:0:0|2:0:2|0:0:0|3:3:0|0:0:0|1:1:0|0:0:0|3:3:0|0:0:0|4:0:3|4:0:3|0:0:0|1:1:0|1:1:0|0:0:0|0:0:0|4:0:3|4:0:3|0:0:0|3:3:0|3:3:2|3:3:0|1:1:0|3:3:0|2:0:1|2:0:1|0:1:1|0:0:0|4:0:3|3:3:2|4:0:3|1:1:0|0:0:0|4:0:3|4:1:3|0:1:1|2:0:1|4:0:3|3:3:0|2:0:1|4:0:3|3:3:1|1:1:0","0:0:0|1:1:0|2:0:1|3:3:2|0:0:0|1:1:0|0:0:0|2:0:3|0:0:0|3:3:0|0:0:0|1:1:0|0:0:0|3:3:0|0:0:0|4:0:3|4:0:3|0:0:0|1:1:0|1:1:0|0:0:0|0:0:0|4:0:3|4:0:3|0:0:0|3:3:0|3:3:2|3:3:0|1:1:0|3:3:0|2:0:1|2:0:1|0:1:1|0:0:0|4:0:3|3:3:2|4:0:3|1:1:0|0:0:0|4:0:3|4:1:3|0:1:1|2:0:1|4:0:3|3:3:0|2:0:1|4:0:3|3:3:1|1:1:0","0:0:0|1:1:0|2:0:1|3:3:2|0:0:0|1:1:0|0:0:0|4:0:3|0:0:0|3:3:0|0:0:0|1:1:0|0:0:0|3:3:0|0:0:0|4:0:3|4:0:3|0:0:0|1:1:0|1:1:0|0:0:0|0:0:0|4:0:3|4:0:3|2:0:1|3:3:0|3:3:2|3:3:0|1:1:0|3:3:0|2:0:1|2:0:1|0:1:1|0:0:0|4:0:3|3:3:2|4:0:3|1:1:0|0:0:0|4:0:3|4:1:3|0:1:1|2:0:1|4:0:3|3:3:0|2:0:1|4:0:3|3:3:1|1:1:0"
"7x7-p96","7x7-p96-uct-1000","1000","1","52","0.812500","3","2","O33","MM","78","77","78","78","0","2","2","0","0","0","1","0","1","0:0:0|1:1:0|2:0:1|3:3:2|0:0:0|1:1:0|0:0:0|2:0:3|0:0:0|3:3:0|0:0:0|1:1:0|0:0:0|3:3:0|0:0:0|4:0:3|4:0:3|0:0:0|1:1:0|1:1:0|0:0:0|0:0:0|4:0:3|4:0:3|0:0:0|3:3:0|3:3:2|3:3:0|1:1:0|3:3:0|2:0:1|2:0:1|0:1:1|0:0:0|4:0:3|3:3:2|4:0:3|1:1:0|0:0:0|4:0:3|4:1:3|0:1:1|2:0:1|4:0:3|3:3:0|2:0:1|4:0:3|3:3:1|1:1:0","0:0:0|1:1:0|2:0:1|3:3:2|0:0:0|1:1:0|0:0:0|4:0:3|0:0:0|3:3:0|0:0:0|1:1:0|0:0:0|3:3:0|0:0:0|4:0:3|4:0:3|0:0:0|1:1:0|1:1:0|0:0:0|0:0:0|4:0:3|4:0:3|2:0:1|3:3:0|3:3:2|3:3:0|1:1:0|3:3:0|2:0:1|2:0:1|0:1:1|0:0:0|4:0:3|3:3:2|4:0:3|1:1:0|0:0:0|4:0:3|4:1:3|0:1:1|2:0:1|4:0:3|3:3:0|2:0:1|4:0:3|3:3:1|1:1:0","0:0:0|1:1:0|2:0:1|3:3:2|0:0:0|1:1:0|0:0:0|4:0:3|0:0:0|3:3:0|0:0:0|1:1:0|0:0:0|3:3:0|0:0:0|4:0:3|4:0:3|0:0:0|1:1:0|1:1:0|0:0:0|0:0:0|4:0:3|4:0:3|2:0:1|3:3:0|3:3:2|3:3:0|1:1:0|3:3:0|2:0:1|2:0:1|0:1:1|0:0:0|4:0:3|3:3:2|4:0:3|1:1:0|0:0:0|4:0:3|4:1:3|0:1:1|2:0:1|4:0:3|3:3:0|2:0:1|4:0:3|3:3:1|1:1:0"
"7x7-p96","7x7-p96-uct-1000","1000","1","53","0.828125","1","1","O44","MM","78","78","79","78","0","0","3","1","1","2","1","3","1","0:0:0|1:1:0|2:0:1|3:3:2|0:0:0|1:1:0|0:0:0|4:0:3|0:0:0|3:3:0|0:0:0|1:1:0|0:0:0|3:3:0|0:0:0|4:0:3|4:0:3|0:0:0|1:1:0|1:1:0|0:0:0|0:0:0|4:0:3|4:0:3|2:0:1|3:3:0|3:3:2|3:3:0|1:1:0|3:3:0|2:0:1|2:0:1|0:1:1|0:0:0|4:0:3|3:3:2|4:0:3|1:1:0|0:0:0|4:0:3|4:1:3|0:1:1|2:0:1|4:0:3|3:3:0|2:0:1|4:0:3|3:3:1|1:1:0","0:0:0|1:1:0|2:0:1|3:3:2|0:0:0|1:1:0|0:0:0|4:0:3|0:0:0|3:3:0|0:0:0|1:1:0|0:0:0|3:3:0|0:0:0|4:0:3|4:0:3|0:0:0|1:1:0|1:1:0|0:0:0|0:0:0|4:0:3|4:0:3|2:0:1|3:3:0|3:3:2|3:3:0|1:1:0|3:3:0|2:0:1|2:0:1|0:2:1|0:0:0|4:0:3|3:3:2|4:0:3|1:1:0|0:0:0|4:0:3|4:1:3|0:1:1|2:0:1|4:0:3|3:3:0|2:0:1|4:0:3|3:3:1|1:1:0","0:0:0|1:1:0|2:0:1|3:3:2|0:0:0|1:1:0|0:0:0|4:0:3|0:0:0|3:3:0|0:0:0|1:2:0|0:0:0|3:3:0|0:0:0|4:0:3|4:0:3|0:0:0|1:1:0|1:1:0|0:0:0|0:0:0|4:0:3|4:0:3|2:0:1|3:3:0|3:3:2|3:3:0|1:1:0|3:3:0|2:0:1|2:0:1|3:3:1|0:0:0|4:0:3|3:3:2|4:0:3|1:1:0|0:0:0|4:0:3|4:1:3|0:1:1|2:0:1|4:0:3|3:3:0|2:0:1|4:0:3|3:3:1|1:1:0"
"7x7-p96","7x7-p96-uct-1000","1000","1","53","0.828125","2","1","O44","MM","79","78","80","78","0","0","3","2","1","3","1","3","1","0:0:0|1:1:0|2:0:1|3:3:2|0:0:0|1:1:0|0:0:0|4:0:3|0:0:0|3:3:0|0:0:0|1:1:0|0:0:0|3:3:0|0:0:0|4:0:3|4:0:3|0:0:0|1:1:0|1:1:0|0:0:0|0:0:0|4:0:3|4:0:3|2:0:1|3:3:0|3:3:2|3:3:0|1:1:0|3:3:0|2:0:1|2:0:1|0:2:1|0:0:0|4:0:3|3:3:2|4:0:3|1:1:0|0:0:0|4:0:3|4:1:3|0:1:1|2:0:1|4:0:3|3:3:0|2:0:1|4:0:3|3:3:1|1:1:0","0:0:0|1:1:0|2:0:1|3:3:2|0:0:0|1:1:0|0:0:0|4:0:3|0:0:0|3:3:0|0:0:0|1:1:0|0:0:0|3:3:0|0:0:0|4:0:3|4:0:3|0:0:0|1:1:0|1:1:0|0:0:0|0:0:0|4:0:3|4:0:3|2:0:1|3:3:0|3:3:2|3:3:0|1:1:0|3:3:0|2:0:1|2:0:1|0:3:1|0:0:0|4:0:3|3:3:2|4:0:3|1:1:0|0:0:0|4:0:3|4:1:3|0:1:1|2:0:1|4:0:3|3:3:0|2:0:1|4:0:3|3:3:1|1:1:0","0:0:0|1:1:0|2:0:1|3:3:2|0:0:0|1:1:0|0:0:0|4:0:3|0:0:0|3:3:0|0:0:0|1:2:0|0:0:0|3:3:0|0:0:0|4:0:3|4:0:3|0:0:0|1:1:0|1:1:0|0:0:0|0:0:0|4:0:3|4:0:3|2:0:1|3:3:0|3:3:2|3:3:0|1:1:0|3:3:0|2:0:1|2:0:1|3:3:1|0:0:0|4:0:3|3:3:2|4:0:3|1:1:0|0:0:0|4:0:3|4:1:3|0:1:1|2:0:1|4:0:3|3:3:0|2:0:1|4:0:3|3:3:1|1:1:0"
"7x7-p96","7x7-p96-uct-1000","1000","1","53","0.828125","3","1","O14","LM","80","78","81","78","1","1","1","1","0","2","0","2","0","0:0:0|1:1:0|2:0:1|3:3:2|0:0:0|1:1:0|0:0:0|4:0:3|0:0:0|3:3:0|0:0:0|1:1:0|0:0:0|3:3:0|0:0:0|4:0:3|4:0:3|0:0:0|1:1:0|1:1:0|0:0:0|0:0:0|4:0:3|4:0:3|2:0:1|3:3:0|3:3:2|3:3:0|1:1:0|3:3:0|2:0:1|2:0:1|0:3:1|0:0:0|4:0:3|3:3:2|4:0:3|1:1:0|0:0:0|4:0:3|4:1:3|0:1:1|2:0:1|4:0:3|3:3:0|2:0:1|4:0:3|3:3:1|1:1:0","0:0:0|1:1:0|2:0:1|3:3:2|0:0:0|1:1:0|0:0:0|4:0:3|0:0:0|3:3:0|0:0:0|1:2:0|0:0:0|3:3:0|0:0:0|4:0:3|4:0:3|0:0:0|1:1:0|1:1:0|0:0:0|0:0:0|4:0:3|4:0:3|2:0:1|3:3:0|3:3:2|3:3:0|1:1:0|3:3:0|2:0:1|2:0:1|3:3:1|0:0:0|4:0:3|3:3:2|4:0:3|1:1:0|0:0:0|4:0:3|4:1:3|0:1:1|2:0:1|4:0:3|3:3:0|2:0:1|4:0:3|3:3:1|1:1:0","0:0:0|1:1:0|2:0:1|3:3:2|0:0:0|1:1:0|0:0:0|4:0:3|0:0:0|3:3:0|0:0:0|1:2:0|0:0:0|3:3:0|0:0:0|4:0:3|4:0:3|0:0:0|1:1:0|1:1:0|0:0:0|0:0:0|4:0:3|4:0:3|2:0:1|3:3:0|3:3:2|3:3:0|1:1:0|3:3:0|2:0:1|2:0:1|3:3:1|0:0:0|4:0:3|3:3:2|4:0:3|1:1:0|0:0:0|4:0:3|4:1:3|0:1:1|2:0:1|4:0:3|3:3:0|2:0:1|4:0:3|3:3:1|1:1:0"
"7x7-p96","7x7-p96-uct-1000","1000","1","54","0.843750","2","2","O56","HH","81","79","81","80","0","0","4","1","1","1","2","1","3","0:0:0|1:1:0|2:0:1|3:3:2|0:0:0|1:1:0|0:0:0|4:0:3|0:0:0|3:3:0|0:0:0|1:2:0|0:0:0|3:3:0|0:0:0|4:0:3|4:0:3|0:0:0|1:1:0|1:1:0|0:0:0|0:0:0|4:0:3|4:0:3|2:0:1|3:3:0|3:3:2|3:3:0|1:1:0|3:3:0|2:0:1|2:0:1|3:3:1|0:0:0|4:0:3|3:3:2|4:0:3|1:1:0|0:0:0|4:0:3|4:1:3|0:1:1|2:0:1|4:0:3|3:3:0|2:0:1|4:0:3|3:3:1|1:1:0","0:0:0|1:1:0|2:0:1|3:3:2|0:0:0|1:1:0|0:0:0|4:0:3|0:0:0|3:3:0|0:0:0|1:2:0|0:0:0|3:3:0|0:0:0|4:0:3|4:0:3|0:0:0|1:1:0|1:1:0|0:0:0|0:0:0|4:0:3|4:0:3|2:0:1|3:3:0|3:3:2|3:3:0|1:1:0|3:3:0|2:0:1|2:0:1|3:3:1|0:0:0|4:0:3|3:3:2|4:0:3|1:1:0|0:0:0|4:0:3|4:1:3|0:1:2|2:0:1|4:0:3|3:3:0|2:0:1|4:0:3|3:3:1|1:1:0","0:0:0|1:1:0|2:0:1|3:3:2|0:0:0|1:1:0|0:0:0|4:0:3|0:0:0|3:3:0|0:0:0|1:2:0|0:0:0|3:3:0|0:0:0|4:0:3|4:0:3|0:0:0|1:1:0|1:1:0|0:0:0|0:0:0|4:0:3|4:0:3|2:0:1|3:3:0|3:3:2|3:3:0|1:1:0|3:3:0|2:0:1|2:0:1|3:3:1|0:0:0|4:0:3|3:3:2|4:0:3|1:1:0|0:0:0|4:0:3|4:1:3|4:1:3|2:0:1|4:0:3|3:3:0|2:0:1|4:0:3|3:3:1|1:1:0"
"7x7-p96","7x7-p96-uct-1000","1000","1","54","0.843750","3","2","O56","HH","81","80","81","81","0","4","4","1","2","1","3","1","3","0:0:0|1:1:0|2:0:1|3:3:2|0:0:0|1:1:0|0:0:0|4:0:3|0:0:0|3:3:0|0:0:0|1:2:0|0:0:0|3:3:0|0:0:0|4:0:3|4:0:3|0:0:0|1:1:0|1:1:0|0:0:0|0:0:0|4:0:3|4:0:3|2:0:1|3:3:0|3:3:2|3:3:0|1:1:0|3:3:0|2:0:1|2:0:1|3:3:1|0:0:0|4:0:3|3:3:2|4:0:3|1:1:0|0:0:0|4:0:3|4:1:3|0:1:2|2:0:1|4:0:3|3:3:0|2:0:1|4:0:3|3:3:1|1:1:0","0:0:0|1:1:0|2:0:1|3:3:2|0:0:0|1:1:0|0:0:0|4:0:3|0:0:0|3:3:0|0:0:0|1:2:0|0:0:0|3:3:0|0:0:0|4:0:3|4:0:3|0:0:0|1:1:0|1:1:0|0:0:0|0:0:0|4:0:3|4:0:3|2:0:1|3:3:0|3:3:2|3:3:0|1:1:0|3:3:0|2:0:1|2:0:1|3:3:1|0:0:0|4:0:3|3:3:2|4:0:3|1:1:0|0:0:0|4:0:3|4:1:3|4:1:3|2:0:1|4:0:3|3:3:0|2:0:1|4:0:3|3:3:1|1:1:0","0:0:0|1:1:0|2:0:1|3:3:2|0:0:0|1:1:0|0:0:0|4:0:3|0:0:0|3:3:0|0:0:0|1:2:0|0:0:0|3:3:0|0:0:0|4:0:3|4:0:3|0:0:0|1:1:0|1:1:0|0:0:0|0:0:0|4:0:3|4:0:3|2:0:1|3:3:0|3:3:2|3:3:0|1:1:0|3:3:0|2:0:1|2:0:1|3:3:1|0:0:0|4:0:3|3:3:2|4:0:3|1:1:0|0:0:0|4:0:3|4:1:3|4:1:3|2:0:1|4:0:3|3:3:0|2:0:1|4:0:3|3:3:1|1:1:0"
"7x7-p96","7x7-p96-uct-1000","1000","1","55","0.859375","1","1","O14","LM","81","81","82","81","1","1","3","2","0","3","0","3","0","0:0:0|1:1:0|2:0:1|3:3:2|0:0:0|1:1:0|0:0:0|4:0:3|0:0:0|3:3:0|0:0:0|1:2:0|0:0:0|3:3:0|0:0:0|4:0:3|4:0:3|0:0:0|1:1:0|1:1:0|0:0:0|0:0:0|4:0:3|4:0:3|2:0:1|3:3:0|3:3:2|3:3:0|1:1:0|3:3:0|2:0:1|2:0:1|3:3:1|0:0:0|4:0:3|3:3:2|4:0:3|1:1:0|0:0:0|4:0:3|4:1:3|4:1:3|2:0:1|4:0:3|3:3:0|2:0:1|4:0:3|3:3:1|1:1:0","0:0:0|1:1:0|2:0:1|3:3:2|0:0:0|1:1:0|0:0:0|4:0:3|0:0:0|3:3:0|0:0:0|1:3:0|0:0:0|3:3:0|0:0:0|4:0:3|4:0:3|0:0:0|1:1:0|1:1:0|0:0:0|0:0:0|4:0:3|4:0:3|2:0:1|3:3:0|3:3:2|3:3:0|1:1:0|3:3:0|2:0:1|2:0:1|3:3:1|0:0:0|4:0:3|3:3:2|4:0:3|1:1:0|0:0:0|4:0:3|4:1:3|4:1:3|2:0:1|4:0:3|3:3:0|2:0:1|4:0:3|3:3:1|1:1:0","0:0:0|1:1:0|2:0:1|3:3:2|0:0:0|1:1:0|1:1:0|4:0:3|0:0:0|3:3:0|0:0:0|3:3:0|0:0:0|3:3:0|0:0:0|4:0:3|4:0:3|0:0:0|1:1:0|1:1:0|0:0:0|0:0:0|4:0:3|4:0:3|2:0:1|3:3:0|3:3:2|3:3:0|1:1:0|3:3:0|2:0:1|2:0:1|3:3:1|0:0:0|4:0:3|3:3:2|4:0:3|1:1:0|0:0:0|4:0:3|4:1:3|4:1:3|2:0:1|4:0:3|3:3:0|2:0:1|4:0:3|3:3:1|1:1:0"
"7x7-p96","7x7-p96-uct-1000","1000","1","55","0.859375","2","1","O06","LH","82","81","83","81","0","0","1","0","0","1","0","1","0","0:0:0|1:1:0|2:0:1|3:3:2|0:0:0|1:1:0|0:0:0|4:0:3|0:0:0|3:3:0|0:0:0|1:3:0|0:0:0|3:3:0|0:0:0|4:0:3|4:0:3|0:0:0|1:1:0|1:1:0|0:0:0|0:0:0|4:0:3|4:0:3|2:0:1|3:3:0|3:3:2|3:3:0|1:1:0|3:3:0|2:0:1|2:0:1|3:3:1|0:0:0|4:0:3|3:3:2|4:0:3|1:1:0|0:0:0|4:0:3|4:1:3|4:1:3|2:0:1|4:0:3|3:3:0|2:0:1|4:0:3|3:3:1|1:1:0","0:0:0|1:1:0|2:0:1|3:3:2|0:0:0|1:1:0|0:1:0|4:0:3|0:0:0|3:3:0|0:0:0|1:3:0|0:0:0|3:3:0|0:0:0|4:0:3|4:0:3|0:0:0|1:1:0|1:1:0|0:0:0|0:0:0|4:0:3|4:0:3|2:0:1|3:3:0|3:3:2|3:3:0|1:1:0|3:3:0|2:0:1|2:0:1|3:3:1|0:0:0|4:0:3|3:3:2|4:0:3|1:1:0|0:0:0|4:0:3|4:1:3|4:1:3|2:0:1|4:0:3|3:3:0|2:0:1|4:0:3|3:3:1|1:1:0","0:0:0|1:1:0|2:0:1|3:3:2|0:0:0|1:1:0|1:1:0|4:0:3|0:0:0|3:3:0|0:0:0|3:3:0|0:0:0|3:3:0|0:0:0|4:0:3|4:0:3|0:0:0|1:1:0|1:1:0|0:0:0|0:0:0|4:0:3|4:0:3|2:0:1|3:3:0|3:3:2|3:3:0|1:1:0|3:3:0|2:0:1|2:0:1|3:3:1|0:0:0|4:0:3|3:3:2|4:0:3|1:1:0|0:0:0|4:0:3|4:1:3|4:1:3|2:0:1|4:0:3|3:3:0|2:0:1|4:0:3|3:3:1|1:1:0"
"7x7-p96","7x7-p96-uct-1000","1000","1","56","0.875000","1","2","O11","LL","84","81","84","82","0","0","2","0","0","0","1","0","1","0:0:0|1:1:0|2:0:1|3:3:2|0:0:0|1:1:0|1:1:0|4:0:3|0:0:0|3:3:0|0:0:0|3:3:0|0:0:0|3:3:0|0:0:0|4:0:3|4:0:3|0:0:0|1:1:0|1:1:0|0:0:0|0:0:0|4:0:3|4:0:3|2:0:1|3:3:0|3:3:2|3:3:0|1:1:0|3:3:0|2:0:1|2:0:1|3:3:1|0:0:0|4:0:3|3:3:2|4:0:3|1:1:0|0:0:0|4:0:3|4:1:3|4:1:3|2:0:1|4:0:3|3:3:0|2:0:1|4:0:3|3:3:1|1:1:0","0:0:0|1:1:0|2:0:1|3:3:2|0:0:0|1:1:0|1:1:0|4:0:3|0:0:1|3:3:0|0:0:0|3:3:0|0:0:0|3:3:0|0:0:0|4:0:3|4:0:3|0:0:0|1:1:0|1:1:0|0:0:0|0:0:0|4:0:3|4:0:3|2:0:1|3:3:0|3:3:2|3:3:0|1:1:0|3:3:0|2:0:1|2:0:1|3:3:1|0:0:0|4:0:3|3:3:2|4:0:3|1:1:0|0:0:0|4:0:3|4:1:3|4:1:3|2:0:1|4:0:3|3:3:0|2:0:1|4:0:3|3:3:1|1:1:0","2:0:1|1:1:0|2:0:1|3:3:2|0:0:0|1:1:0|1:1:0|4:0:3|2:0:1|3:3:0|0:0:0|3:3:0|0:0:0|3:3:0|0:0:0|4:0:3|4:0:3|0:0:0|1:1:0|1:1:0|0:0:0|0:0:0|4:0:3|4:0:3|2:0:1|3:3:0|3:3:2|3:3:0|1:1:0|3:3:0|2:0:1|2:0:1|3:3:1|0:0:0|4:0:3|3:3:2|4:0:3|1:1:0|0:0:0|4:0:3|4:1:3|4:1:3|2:0:1|4:0:3|3:3:0|2:0:1|4:0:3|3:3:1|1:1:0"
"7x7-p96","7x7-p96-uct-1000","1000","1","56","0.875000","3","2","O00","LL","84","83","84","84","0","2","2","0","0","0","1","0","1","0:0:0|1:1:0|2:0:1|3:3:2|0:0:0|1:1:0|1:1:0|4:0:3|0:0:1|3:3:0|0:0:0|3:3:0|0:0:0|3:3:0|0:0:0|4:0:3|4:0:3|0:0:0|1:1:0|1:1:0|0:0:0|0:0:0|4:0:3|4:0:3|2:0:1|3:3:0|3:3:2|3:3:0|1:1:0|3:3:0|2:0:1|2:0:1|3:3:1|0:0:0|4:0:3|3:3:2|4:0:3|1:1:0|0:0:0|4:0:3|4:1:3|4:1:3|2:0:1|4:0:3|3:3:0|2:0:1|4:0:3|3:3:1|1:1:0","2:0:1|1:1:0|2:0:1|3:3:2|0:0:0|1:1:0|1:1:0|4:0:3|2:0:1|3:3:0|0:0:0|3:3:0|0:0:0|3:3:0|0:0:0|4:0:3|4:0:3|0:0:0|1:1:0|1:1:0|0:0:0|0:0:0|4:0:3|4:0:3|2:0:1|3:3:0|3:3:2|3:3:0|1:1:0|3:3:0|2:0:1|2:0:1|3:3:1|0:0:0|4:0:3|3:3:2|4:0:3|1:1:0|0:0:0|4:0:3|4:1:3|4:1:3|2:0:1|4:0:3|3:3:0|2:0:1|4:0:3|3:3:1|1:1:0","2:0:1|1:1:0|2:0:1|3:3:2|0:0:0|1:1:0|1:1:0|4:0:3|2:0:1|3:3:0|0:0:0|3:3:0|0:0:0|3:3:0|0:0:0|4:0:3|4:0:3|0:0:0|1:1:0|1:1:0|0:0:0|0:0:0|4:0:3|4:0:3|2:0:1|3:3:0|3:3:2|3:3:0|1:1:0|3:3:0|2:0:1|2:0:1|3:3:1|0:0:0|4:0:3|3:3:2|4:0:3|1:1:0|0:0:0|4:0:3|4:1:3|4:1:3|2:0:1|4:0:3|3:3:0|2:0:1|4:0:3|3:3:1|1:1:0"
"7x7-p96","7x7-p96-uct-1000","1000","1","57","0.890625","1","1","O23","MM","84","84","85","84","0","0","1","0","0","1","0","1","0","2:0:1|1:1:0|2:0:1|3:3:2|0:0:0|1:1:0|1:1:0|4:0:3|2:0:1|3:3:0|0:0:0|3:3:0|0:0:0|3:3:0|0:0:0|4:0:3|4:0:3|0:0:0|1:1:0|1:1:0|0:0:0|0:0:0|4:0:3|4:0:3|2:0:1|3:3:0|3:3:2|3:3:0|1:1:0|3:3:0|2:0:1|2:0:1|3:3:1|0:0:0|4:0:3|3:3:2|4:0:3|1:1:0|0:0:0|4:0:3|4:1:3|4:1:3|2:0:1|4:0:3|3:3:0|2:0:1|4:0:3|3:3:1|1:1:0","2:0:1|1:1:0|2:0:1|3:3:2|0:0:0|1:1:0|1:1:0|4:0:3|2:0:1|3:3:0|0:0:0|3:3:0|0:0:0|3:3:0|0:0:0|4:0:3|4:0:3|0:1:0|1:1:0|1:1:0|0:0:0|0:0:0|4:0:3|4:0:3|2:0:1|3:3:0|3:3:2|3:3:0|1:1:0|3:3:0|2:0:1|2:0:1|3:3:1|0:0:0|4:0:3|3:3:2|4:0:3|1:1:0|0:0:0|4:0:3|4:1:3|4:1:3|2:0:1|4:0:3|3:3:0|2:0:1|4:0:3|3:3:1|1:1:0","2:0:1|1:1:0|2:0:1|3:3:2|0:0:0|1:1:0|1:1:0|4:0:3|2:0:1|3:3:0|0:0:0|3:3:0|0:0:0|3:3:0|0:0:0|4:0:3|4:0:3|1:1:0|1:1:0|1:1:0|1:1:0|0:0:0|4:0:3|4:0:3|2:0:1|3:3:0|3:3:2|3:3:0|1:1:0|3:3:0|2:0:1|2:0:1|3:3:1|0:0:0|4:0:3|3:3:2|4:0:3|1:1:0|0:0:0|4:0:3|4:1:3|4:1:3|2:0:1|4:0:3|3:3:0|2:0:1|4:0:3|3:3:1|1:1:0"
"7x7-p96","7x7-p96-uct-1000","1000","1","57","0.890625","2","1","O26","MH","85","84","86","84","0","0","1","0","0","1","0","1","0","2:0:1|1:1:0|2:0:1|3:3:2|0:0:0|1:1:0|1:1:0|4:0:3|2:0:1|3:3:0|0:0:0|3:3:0|0:0:0|3:3:0|0:0:0|4:0:3|4:0:3|0:1:0|1:1:0|1:1:0|0:0:0|0:0:0|4:0:3|4:0:3|2:0:1|3:3:0|3:3:2|3:3:0|1:1:0|3:3:0|2:0:1|2:0:1|3:3:1|0:0:0|4:0:3|3:3:2|4:0:3|1:1:0|0:0:0|4:0:3|4:1:3|4:1:3|2:0:1|4:0:3|3:3:0|2:0:1|4:0:3|3:3:1|1:1:0","2:0:1|1:1:0|2:0:1|3:3:2|0:0:0|1:1:0|1:1:0|4:0:3|2:0:1|3:3:0|0:0:0|3:3:0|0:0:0|3:3:0|0:0:0|4:0:3|4:0:3|0:1:0|1:1:0|1:1:0|0:1:0|0:0:0|4:0:3|4:0:3|2:0:1|3:3:0|3:3:2|3:3:0|1:1:0|3:3:0|2:0:1|2:0:1|3:3:1|0:0:0|4:0:3|3:3:2|4:0:3|1:1:0|0:0:0|4:0:3|4:1:3|4:1:3|2:0:1|4:0:3|3:3:0|2:0:1|4:0:3|3:3:1|1:1:0","2:0:1|1:1:0|2:0:1|3:3:2|0:0:0|1:1:0|1:1:0|4:0:3|2:0:1|3:3:0|0:0:0|3:3:0|0:0:0|3:3:0|0:0:0|4:0:3|4:0:3|1:1:0|1:1:0|1:1:0|1:1:0|0:0:0|4:0:3|4:0:3|2:0:1|3:3:0|3:3:2|3:3:0|1:1:0|3:3:0|2:0:1|2:0:1|3:3:1|0:0:0|4:0:3|3:3:2|4:0:3|1:1:0|0:0:0|4:0:3|4:1:3|4:1:3|2:0:1|4:0:3|3:3:0|2:0:1|4:0:3|3:3:1|1:1:0"
"7x7-p96","7x7-p96-uct-1000","1000","1","58","0.906250","1","2","O33","MM","87","84","87","85","2","2","4","0","1","0","2","0","3","2:0:1|1:1:0|2:0:1|3:3:2|0:0:0|1:1:0|1:1:0|4:0:3|2:0:1|3:3:0|0:0:0|3:3:0|0:0:0|3:3:0|0:0:0|4:0:3|4:0:3|1:1:0|1:1:0|1:1:0|1:1:0|0:0:0|4:0:3|4:0:3|2:0:1|3:3:0|3:3:2|3:3:0|1:1:0|3:3:0|2:0:1|2:0:1|3:3:1|0:0:0|4:0:3|3:3:2|4:0:3|1:1:0|0:0:0|4:0:3|4:1:3|4:1:3|2:0:1|4:0:3|3:3:0|2:0:1|4:0:3|3:3:1|1:1:0","2:0:1|1:1:0|2:0:1|3:3:2|0:0:0|1:1:0|1:1:0|4:0:3|2:0:1|3:3:0|0:0:0|3:3:0|0:0:0|3:3:0|0:0:0|4:0:3|4:0:3|1:1:0|1:1:0|1:1:0|1:1:0|0:0:0|4:0:3|4:0:3|2:0:2|3:3:0|3:3:2|3:3:0|1:1:0|3:3:0|2:0:1|2:0:1|3:3:1|0:0:0|4:0:3|3:3:2|4:0:3|1:1:0|0:0:0|4:0:3|4:1:3|4:1:3|2:0:1|4:0:3|3:3:0|2:0:1|4:0:3|3:3:1|1:1:0","2:0:1|1:1:0|2:0:1|3:3:2|0:0:0|1:1:0|1:1:0|4:0:3|2:0:1|3:3:0|0:0:0|3:3:0|0:0:0|3:3:0|0:0:0|4:0:3|4:0:3|1:1:0|1:1:0|1:1:0|1:1:0|0:0:0|4:0:3|4:0:3|4:0:3|3:3:0|3:3:2|3:3:0|1:1:0|3:3:0|2:0:1|2:0:1|3:3:1|0:0:0|4:0:3|3:3:2|4:0:3|1:1:0|0:0:0|4:0:3|4:1:3|4:1:3|2:0:1|4:0:3|3:3:0|2:0:1|4:0:3|3:3:1|1:1:0"
"7x7-p96","7x7-p96-uct-1000","1000","1","58","0.906250","2","2","O33","MM","87","85","87","86","2","2","4","0","2","0","3","0","3","2:0:1|1:1:0|2:0:1|3:3:2|0:0:0|1:1:0|1:1:0|4:0:3|2:0:1|3:3:0|0:0:0|3:3:0|0:0:0|3:3:0|0:0:0|4:0:3|4:0:3|1:1:0|1:1:0|1:1:0|1:1:0|0:0:0|4:0:3|4:0:3|2:0:2|3:3:0|3:3:2|3:3:0|1:1:0|3:3:0|2:0:1|2:0:1|3:3:1|0:0:0|4:0:3|3:3:2|4:0:3|1:1:0|0:0:0|4:0:3|4:1:3|4:1:3|2:0:1|4:0:3|3:3:0|2:0:1|4:0:3|3:3:1|1:1:0","2:0:1|1:1:0|2:0:1|3:3:2|0:0:0|1:1:0|1:1:0|4:0:3|2:0:1|3:3:0|0:0:0|3:3:0|0:0:0|3:3:0|0:0:0|4:0:3|4:0:3|1:1:0|1:1:0|1:1:0|1:1:0|0:0:0|4:0:3|4:0:3|2:0:3|3:3:0|3:3:2|3:3:0|1:1:0|3:3:0|2:0:1|2:0:1|3:3:1|0:0:0|4:0:3|3:3:2|4:0:3|1:1:0|0:0:0|4:0:3|4:1:3|4:1:3|2:0:1|4:0:3|3:3:0|2:0:1|4:0:3|3:3:1|1:1:0","2:0:1|1:1:0|2:0:1|3:3:2|0:0:0|1:1:0|1:1:0|4:0:3|2:0:1|3:3:0|0:0:0|3:3:0|0:0:0|3:3:0|0:0:0|4:0:3|4:0:3|1:1:0|1:1:0|1:1:0|1:1:0|0:0:0|4:0:3|4:0:3|4:0:3|3:3:0|3:3:2|3:3:0|1:1:0|3:3:0|2:0:1|2:0:1|3:3:1|0:0:0|4:0:3|3:3:2|4:0:3|1:1:0|0:0:0|4:0:3|4:1:3|4:1:3|2:0:1|4:0:3|3:3:0|2:0:1|4:0:3|3:3:1|1:1:0"
"7x7-p96","7x7-p96-uct-1000","1000","1","59","0.921875","1","1","O25","MH","87","87","88","87","1","1","3","1","0","2","0","3","0","2:0:1|1:1:0|2:0:1|3:3:2|0:0:0|1:1:0|1:1:0|4:0:3|2:0:1|3:3:0|0:0:0|3:3:0|0:0:0|3:3:0|0:0:0|4:0:3|4:0:3|1:1:0|1:1:0|1:1:0|1:1:0|0:0:0|4:0:3|4:0:3|4:0:3|3:3:0|3:3:2|3:3:0|1:1:0|3:3:0|2:0:1|2:0:1|3:3:1|0:0:0|4:0:3|3:3:2|4:0:3|1:1:0|0:0:0|4:0:3|4:1:3|4:1:3|2:0:1|4:0:3|3:3:0|2:0:1|4:0:3|3:3:1|1:1:0","2:0:1|1:1:0|2:0:1|3:3:2|0:0:0|1:1:0|1:1:0|4:0:3|2:0:1|3:3:0|0:0:0|3:3:0|0:0:0|3:3:0|0:0:0|4:0:3|4:0:3|1:1:0|1:1:0|1:2:0|1:1:0|0:0:0|4:0:3|4:0:3|4:0:3|3:3:0|3:3:2|3:3:0|1:1:0|3:3:0|2:0:1|2:0:1|3:3:1|0:0:0|4:0:3|3:3:2|4:0:3|1:1:0|0:0:0|4:0:3|4:1:3|4:1:3|2:0:1|4:0:3|3:3:0|2:0:1|4:0:3|3:3:1|1:1:0","2:0:1|1:1:0|2:0:1|3:3:2|0:0:0|1:1:0|1:1:0|4:0:3|2:0:1|3:3:0|0:0:0|3:3:0|0:0:0|3:3:0|0:0:0|4:0:3|4:0:3|1:1:0|1:1:0|3:3:0|1:1:0|1:1:0|4:0:3|4:0:3|4:0:3|3:3:0|3:3:2|3:3:0|1:1:0|3:3:0|2:0:1|2:0:1|3:3:1|0:0:0|4:0:3|3:3:2|4:0:3|1:1:0|0:0:0|4:0:3|4:1:3|4:1:3|2:0:1|4:0:3|3:3:0|2:0:1|4:0:3|3:3:1|1:1:0"
"7x7-p96","7x7-p96-uct-1000","1000","1","59","0.921875","2","1","O25","MH","88","87","89","87","1","1","3","2","0","3","0","3","0","2:0:1|1:1:0|2:0:1|3:3:2|0:0:0|1:1:0|1:1:0|4:0:3|2:0:1|3:3:0|0:0:0|3:3:0|0:0:0|3:3:0|0:0:0|4:0:3|4:0:3|1:1:0|1:1:0|1:2:0|1:1:0|0:0:0|4:0:3|4:0:3|4:0:3|3:3:0|3:3:2|3:3:0|1:1:0|3:3:0|2:0:1|2:0:1|3:3:1|0:0:0|4:0:3|3:3:2|4:0:3|1:1:0|0:0:0|4:0:3|4:1:3|4:1:3|2:0:1|4:0:3|3:3:0|2:0:1|4:0:3|3:3:1|1:1:0","2:0:1|1:1:0|2:0:1|3:3:2|0:0:0|1:1:0|1:1:0|4:0:3|2:0:1|3:3:0|0:0:0|3:3:0|0:0:0|3:3:0|0:0:0|4:0:3|4:0:3|1:1:0|1:1:0|1:3:0|1:1:0|0:0:0|4:0:3|4:0:3|4:0:3|3:3:0|3:3:2|3:3:0|1:1:0|3:3:0|2:0:1|2:0:1|3:3:1|0:0:0|4:0:3|3:3:2|4:0:3|1:1:0|0:0:0|4:0:3|4:1:3|4:1:3|2:0:1|4:0:3|3:3:0|2:0:1|4:0:3|3:3:1|1:1:0","2:0:1|1:1:0|2:0:1|3:3:2|0:0:0|1:1:0|1:1:0|4:0:3|2:0:1|3:3:0|0:0:0|3:3:0|0:0:0|3:3:0|0:0:0|4:0:3|4:0:3|1:1:0|1:1:0|3:3:0|1:1:0|1:1:0|4:0:3|4:0:3|4:0:3|3:3:0|3:3:2|3:3:0|1:1:0|3:3:0|2:0:1|2:0:1|3:3:1|0:0:0|4:0:3|3:3:2|4:0:3|1:1:0|0:0:0|4:0:3|4:1:3|4:1:3|2:0:1|4:0:3|3:3:0|2:0:1|4:0:3|3:3:1|1:1:0"
"7x7-p96","7x7-p96-uct-1000","1000","1","59","0.921875","3","1","O30","ML","89","87","90","87","0","1","1","0","0","1","0","1","0","2:0:1|1:1:0|2:0:1|3:3:2|0:0:0|1:1:0|1:1:0|4:0:3|2:0:1|3:3:0|0:0:0|3:3:0|0:0:0|3:3:0|0:0:0|4:0:3|4:0:3|1:1:0|1:1:0|1:3:0|1:1:0|0:0:0|4:0:3|4:0:3|4:0:3|3:3:0|3:3:2|3:3:0|1:1:0|3:3:0|2:0:1|2:0:1|3:3:1|0:0:0|4:0:3|3:3:2|4:0:3|1:1:0|0:0:0|4:0:3|4:1:3|4:1:3|2:0:1|4:0:3|3:3:0|2:0:1|4:0:3|3:3:1|1:1:0","2:0:1|1:1:0|2:0:1|3:3:2|0:0:0|1:1:0|1:1:0|4:0:3|2:0:1|3:3:0|0:0:0|3:3:0|0:0:0|3:3:0|0:0:0|4:0:3|4:0:3|1:1:0|1:1:0|3:3:0|1:1:0|1:1:0|4:0:3|4:0:3|4:0:3|3:3:0|3:3:2|3:3:0|1:1:0|3:3:0|2:0:1|2:0:1|3:3:1|0:0:0|4:0:3|3:3:2|4:0:3|1:1:0|0:0:0|4:0:3|4:1:3|4:1:3|2:0:1|4:0:3|3:3:0|2:0:1|4:0:3|3:3:1|1:1:0","2:0:1|1:1:0|2:0:1|3:3:2|0:0:0|1:1:0|1:1:0|4:0:3|2:0:1|3:3:0|0:0:0|3:3:0|0:0:0|3:3:0|0:0:0|4:0:3|4:0:3|1:1:0|1:1:0|3:3:0|1:1:0|1:1:0|4:0:3|4:0:3|4:0:3|3:3:0|3:3:2|3:3:0|1:1:0|3:3:0|2:0:1|2:0:1|3:3:1|0:0:0|4:0:3|3:3:2|4:0:3|1:1:0|0:0:0|4:0:3|4:1:3|4:1:3|2:0:1|4:0:3|3:3:0|2:0:1|4:0:3|3:3:1|1:1:0"
"7x7-p96","7x7-p96-uct-1000","1000","1","60","0.937500","2","2","O11","LL","90","88","90","89","2","2","4","0","1","0","2","0","3","2:0:1|1:1:0|2:0:1|3:3:2|0:0:0|1:1:0|1:1:0|4:0:3|2:0:1|3:3:0|0:0:0|3:3:0|0:0:0|3:3:0|0:0:0|4:0:3|4:0:3|1:1:0|1:1:0|3:3:0|1:1:0|1:1:0|4:0:3|4:0:3|4:0:3|3:3:0|3:3:2|3:3:0|1:1:0|3:3:0|2:0:1|2:0:1|3:3:1|0:0:0|4:0:3|3:3:2|4:0:3|1:1:0|0:0:0|4:0:3|4:1:3|4:1:3|2:0:1|4:0:3|3:3:0|2:0:1|4:0:3|3:3:1|1:1:0","2:0:1|1:1:0|2:0:1|3:3:2|0:0:0|1:1:0|1:1:0|4:0:3|2:0:2|3:3:0|0:0:0|3:3:0|0:0:0|3:3:0|0:0:0|4:0:3|4:0:3|1:1:0|1:1:0|3:3:0|1:1:0|1:1:0|4:0:3|4:0:3|4:0:3|3:3:0|3:3:2|3:3:0|1:1:0|3:3:0|2:0:1|2:0:1|3:3:1|0:0:0|4:0:3|3:3:2|4:0:3|1:1:0|0:0:0|4:0:3|4:1:3|4:1:3|2:0:1|4:0:3|3:3:0|2:0:1|4:0:3|3:3:1|1:1:0","2:0:1|1:1:0|2:0:1|3:3:2|0:0:0|1:1:0|1:1:0|4:0:3|4:0:3|3:3:0|0:0:0|3:3:0|0:0:0|3:3:0|0:0:0|4:0:3|4:0:3|1:1:0|1:1:0|3:3:0|1:1:0|1:1:0|4:0:3|4:0:3|4:0:3|3:3:0|3:3:2|3:3:0|1:1:0|3:3:0|2:0:1|2:0:1|3:3:1|0:0:0|4:0:3|3:3:2|4:0:3|1:1:0|0:0:0|4:0:3|4:1:3|4:1:3|2:0:1|4:0:3|3:3:0|2:0:1|4:0:3|3:3:1|1:1:0"
"7x7-p96","7x7-p96-uct-1000","1000","1","60","0.937500","3","2","O11","LL","90","89","90","90","2","4","4","0","2","0","3","0","3","2:0:1|1:1:0|2:0:1|3:3:2|0:0:0|1:1:0|1:1:0|4:0:3|2:0:2|3:3:0|0:0:0|3:3:0|0:0:0|3:3:0|0:0:0|4:0:3|4:0:3|1:1:0|1:1:0|3:3:0|1:1:0|1:1:0|4:0:3|4:0:3|4:0:3|3:3:0|3:3:2|3:3:0|1:1:0|3:3:0|2:0:1|2:0:1|3:3:1|0:0:0|4:0:3|3:3:2|4:0:3|1:1:0|0:0:0|4:0:3|4:1:3|4:1:3|2:0:1|4:0:3|3:3:0|2:0:1|4:0:3|3:3:1|1:1:0","2:0:1|1:1:0|2:0:1|3:3:2|0:0:0|1:1:0|1:1:0|4:0:3|4:0:3|3:3:0|0:0:0|3:3:0|0:0:0|3:3:0|0:0:0|4:0:3|4:0:3|1:1:0|1:1:0|3:3:0|1:1:0|1:1:0|4:0:3|4:0:3|4:0:3|3:3:0|3:3:2|3:3:0|1:1:0|3:3:0|2:0:1|2:0:1|3:3:1|0:0:0|4:0:3|3:3:2|4:0:3|1:1:0|0:0:0|4:0:3|4:1:3|4:1:3|2:0:1|4:0:3|3:3:0|2:0:1|4:0:3|3:3:1|1:1:0","2:0:1|1:1:0|2:0:1|3:3:2|0:0:0|1:1:0|1:1:0|4:0:3|4:0:3|3:3:0|0:0:0|3:3:0|0:0:0|3:3:0|0:0:0|4:0:3|4:0:3|1:1:0|1:1:0|3:3:0|1:1:0|1:1:0|4:0:3|4:0:3|4:0:3|3:3:0|3:3:2|3:3:0|1:1:0|3:3:0|2:0:1|2:0:1|3:3:1|0:0:0|4:0:3|3:3:2|4:0:3|1:1:0|0:0:0|4:0:3|4:1:3|4:1:3|2:0:1|4:0:3|3:3:0|2:0:1|4:0:3|3:3:1|1:1:0"
"7x7-p96","7x7-p96-uct-1000","1000","1","61","0.953125","1","1","O01","LL","90","90","91","90","1","1","1","1","0","2","0","2","0","2:0:1|1:1:0|2:0:1|3:3:2|0:0:0|1:1:0|1:1:0|4:0:3|4:0:3|3:3:0|0:0:0|3:3:0|0:0:0|3:3:0|0:0:0|4:0:3|4:0:3|1:1:0|1:1:0|3:3:0|1:1:0|1:1:0|4:0:3|4:0:3|4:0:3|3:3:0|3:3:2|3:3:0|1:1:0|3:3:0|2:0:1|2:0:1|3:3:1|0:0:0|4:0:3|3:3:2|4:0:3|1:1:0|0:0:0|4:0:3|4:1:3|4:1:3|2:0:1|4:0:3|3:3:0|2:0:1|4:0:3|3:3:1|1:1:0","2:0:1|1:2:0|2:0:1|3:3:2|0:0:0|1:1:0|1:1:0|4:0:3|4:0:3|3:3:0|0:0:0|3:3:0|0:0:0|3:3:0|0:0:0|4:0:3|4:0:3|1:1:0|1:1:0|3:3:0|1:1:0|1:1:0|4:0:3|4:0:3|4:0:3|3:3:0|3:3:2|3:3:0|1:1:0|3:3:0|2:0:1|2:0:1|3:3:1|0:0:0|4:0:3|3:3:2|4:0:3|1:1:0|0:0:0|4:0:3|4:1:3|4:1:3|2:0:1|4:0:3|3:3:0|2:0:1|4:0:3|3:3:1|1:1:0","2:0:1|1:2:0|2:0:1|3:3:2|0:0:0|1:1:0|1:1:0|4:0:3|4:0:3|3:3:0|0:0:0|3:3:0|0:0:0|3:3:0|0:0:0|4:0:3|4:0:3|1:1:0|1:1:0|3:3:0|1:1:0|1:1:0|4:0:3|4:0:3|4:0:3|3:3:0|3:3:2|3:3:0|3:3:0|3:3:0|2:0:1|2:0:1|3:3:1|0:0:0|4:0:3|3:3:2|4:0:3|1:1:0|0:0:0|4:0:3|4:1:3|4:1:3|2:0:1|4:0:3|3:3:0|2:0:1|4:0:3|3:3:1|1:1:0"
"7x7-p96","7x7-p96-uct-1000","1000","1","61","0.953125","2","1","O40","ML","91","90","92","90","1","1","3","1","0","2","0","3","0","2:0:1|1:2:0|2:0:1|3:3:2|0:0:0|1:1:0|1:1:0|4:0:3|4:0:3|3:3:0|0:0:0|3:3:0|0:0:0|3:3:0|0:0:0|4:0:3|4:0:3|1:1:0|1:1:0|3:3:0|1:1:0|1:1:0|4:0:3|4:0:3|4:0:3|3:3:0|3:3:2|3:3:0|1:1:0|3:3:0|2:0:1|2:0:1|3:3:1|0:0:0|4:0:3|3:3:2|4:0:3|1:1:0|0:0:0|4:0:3|4:1:3|4:1:3|2:0:1|4:0:3|3:3:0|2:0:1|4:0:3|3:3:1|1:1:0","2:0:1|1:2:0|2:0:1|3:3:2|0:0:0|1:1:0|1:1:0|4:0:3|4:0:3|3:3:0|0:0:0|3:3:0|0:0:0|3:3:0|0:0:0|4:0:3|4:0:3|1:1:0|1:1:0|3:3:0|1:1:0|1:1:0|4:0:3|4:0:3|4:0:3|3:3:0|3:3:2|3:3:0|1:2:0|3:3:0|2:0:1|2:0:1|3:3:1|0:0:0|4:0:3|3:3:2|4:0:3|1:1:0|0:0:0|4:0:3|4:1:3|4:1:3|2:0:1|4:0:3|3:3:0|2:0:1|4:0:3|3:3:1|1:1:0","2:0:1|1:2:0|2:0:1|3:3:2|0:0:0|1:1:0|1:1:0|4:0:3|4:0:3|3:3:0|0:0:0|3:3:0|0:0:0|3:3:0|0:0:0|4:0:3|4:0:3|1:1:0|1:1:0|3:3:0|1:1:0|1:1:0|4:0:3|4:0:3|4:0:3|3:3:0|3:3:2|3:3:0|3:3:0|3:3:0|2:0:1|2:0:1|3:3:1|0:0:0|4:0:3|3:3:2|4:0:3|1:1:0|0:0:0|4:0:3|4:1:3|4:1:3|2:0:1|4:0:3|3:3:0|2:0:1|4:0:3|3:3:1|1:1:0"
"7x7-p96","7x7-p96-uct-1000","1000","1","61","0.953125","3","1","O40","ML","92","90","93","90","1","3","3","2","0","3","0","3","0","2:0:1|1:2:0|2:0:1|3:3:2|0:0:0|1:1:0|1:1:0|4:0:3|4:0:3|3:3:0|0:0:0|3:3:0|0:0:0|3:3:0|0:0:0|4:0:3|4:0:3|1:1:0|1:1:0|3:3:0|1:1:0|1:1:0|4:0:3|4:0:3|4:0:3|3:3:0|3:3:2|3:3:0|1:2:0|3:3:0|2:0:1|2:0:1|3:3:1|0:0:0|4:0:3|3:3:2|4:0:3|1:1:0|0:0:0|4:0:3|4:1:3|4:1:3|2:0:1|4:0:3|3:3:0|2:0:1|4:0:3|3:3:1|1:1:0","2:0:1|1:2:0|2:0:1|3:3:2|0:0:0|1:1:0|1:1:0|4:0:3|4:0:3|3:3:0|0:0:0|3:3:0|0:0:0|3:3:0|0:0:0|4:0:3|4:0:3|1:1:0|1:1:0|3:3:0|1:1:0|1:1:0|4:0:3|4:0:3|4:0:3|3:3:0|3:3:2|3:3:0|3:3:0|3:3:0|2:0:1|2:0:1|3:3:1|0:0:0|4:0:3|3:3:2|4:0:3|1:1:0|0:0:0|4:0:3|4:1:3|4:1:3|2:0:1|4:0:3|3:3:0|2:0:1|4:0:3|3:3:1|1:1:0","2:0:1|1:2:0|2:0:1|3:3:2|0:0:0|1:1:0|1:1:0|4:0:3|4:0:3|3:3:0|0:0:0|3:3:0|0:0:0|3:3:0|0:0:0|4:0:3|4:0:3|1:1:0|1:1:0|3:3:0|1:1:0|1:1:0|4:0:3|4:0:3|4:0:3|3:3:0|3:3:2|3:3:0|3:3:0|3:3:0|2:0:1|2:0:1|3:3:1|0:0:0|4:0:3|3:3:2|4:0:3|1:1:0|0:0:0|4:0:3|4:1:3|4:1:3|2:0:1|4:0:3|3:3:0|2:0:1|4:0:3|3:3:1|1:1:0"
"7x7-p96","7x7-p96-uct-1000","1000","1","62","0.968750","1","2","O23","MM","93","90","93","91","1","1","0","1","0","1","1","1","1","2:0:1|1:2:0|2:0:1|3:3:2|0:0:0|1:1:0|1:1:0|4:0:3|4:0:3|3:3:0|0:0:0|3:3:0|0:0:0|3:3:0|0:0:0|4:0:3|4:0:3|1:1:0|1:1:0|3:3:0|1:1:0|1:1:0|4:0:3|4:0:3|4:0:3|3:3:0|3:3:2|3:3:0|3:3:0|3:3:0|2:0:1|2:0:1|3:3:1|0:0:0|4:0:3|3:3:2|4:0:3|1:1:0|0:0:0|4:0:3|4:1:3|4:1:3|2:0:1|4:0:3|3:3:0|2:0:1|4:0:3|3:3:1|1:1:0","2:0:1|1:2:0|2:0:1|3:3:2|0:0:0|1:1:0|1:1:0|4:0:3|4:0:3|3:3:0|0:0:0|3:3:0|0:0:0|3:3:0|0:0:0|4:0:3|4:0:3|1:1:1|1:1:0|3:3:0|1:1:0|1:1:0|4:0:3|4:0:3|4:0:3|3:3:0|3:3:2|3:3:0|3:3:0|3:3:0|2:0:1|2:0:1|3:3:1|0:0:0|4:0:3|3:3:2|4:0:3|1:1:0|0:0:0|4:0:3|4:1:3|4:1:3|2:0:1|4:0:3|3:3:0|2:0:1|4:0:3|3:3:1|1:1:0","2:0:1|1:2:0|2:0:1|3:3:2|0:0:0|1:1:0|1:1:0|4:0:3|4:0:3|3:3:0|0:0:0|3:3:0|2:0:1|3:3:0|0:0:0|4:0:3|4:0:3|0:1:1|1:1:0|3:3:0|1:1:0|1:1:0|4:0:3|4:0:3|4:0:3|3:3:0|3:3:2|3:3:0|3:3:0|3:3:0|2:0:1|2:0:1|3:3:1|0:0:0|4:0:3|3:3:2|4:0:3|0:1:1|0:0:0|4:0:3|4:1:3|4:1:3|2:0:1|4:0:3|3:3:0|2:0:1|4:0:3|3:3:1|1:1:0"
"7x7-p96","7x7-p96-uct-1000","1000","1","62","0.968750","2","2","O15","LH","93","91","93","92","0","0","2","0","0","0","1","0","1","2:0:1|1:2:0|2:0:1|3:3:2|0:0:0|1:1:0|1:1:0|4:0:3|4:0:3|3:3:0|0:0:0|3:3:0|0:0:0|3:3:0|0:0:0|4:0:3|4:0:3|1:1:1|1:1:0|3:3:0|1:1:0|1:1:0|4:0:3|4:0:3|4:0:3|3:3:0|3:3:2|3:3:0|3:3:0|3:3:0|2:0:1|2:0:1|3:3:1|0:0:0|4:0:3|3:3:2|4:0:3|1:1:0|0:0:0|4:0:3|4:1:3|4:1:3|2:0:1|4:0:3|3:3:0|2:0:1|4:0:3|3:3:1|1:1:0","2:0:1|1:2:0|2:0:1|3:3:2|0:0:0|1:1:0|1:1:0|4:0:3|4:0:3|3:3:0|0:0:0|3:3:0|0:0:1|3:3:0|0:0:0|4:0:3|4:0:3|1:1:1|1:1:0|3:3:0|1:1:0|1:1:0|4:0:3|4:0:3|4:0:3|3:3:0|3:3:2|3:3:0|3:3:0|3:3:0|2:0:1|2:0:1|3:3:1|0:0:0|4:0:3|3:3:2|4:0:3|1:1:0|0:0:0|4:0:3|4:1:3|4:1:3|2:0:1|4:0:3|3:3:0|2:0:1|4:0:3|3:3:1|1:1:0","2:0:1|1:2:0|2:0:1|3:3:2|0:0:0|1:1:0|1:1:0|4:0:3|4:0:3|3:3:0|0:0:0|3:3:0|2:0:1|3:3:0|0:0:0|4:0:3|4:0:3|0:1:1|1:1:0|3:3:0|1:1:0|1:1:0|4:0:3|4:0:3|4:0:3|3:3:0|3:3:2|3:3:0|3:3:0|3:3:0|2:0:1|2:0:1|3:3:1|0:0:0|4:0:3|3:3:2|4:0:3|0:1:1|0:0:0|4:0:3|4:1:3|4:1:3|2:0:1|4:0:3|3:3:0|2:0:1|4:0:3|3:3:1|1:1:0"
"7x7-p96","7x7-p96-uct-1000","1000","1","62","0.968750","3","2","O52","HM","93","92","93","93","1","0","0","1","0","1","1","1","1","2:0:1|1:2:0|2:0:1|3:3:2|0:0:0|1:1:0|1:1:0|4:0:3|4:0:3|3:3:0|0:0:0|3:3:0|0:0:1|3:3:0|0:0:0|4:0:3|4:0:3|1:1:1|1:1:0|3:3:0|1:1:0|1:1:0|4:0:3|4:0:3|4:0:3|3:3:0|3:3:2|3:3:0|3:3:0|3:3:0|2:0:1|2:0:1|3:3:1|0:0:0|4:0:3|3:3:2|4:0:3|1:1:0|0:0:0|4:0:3|4:1:3|4:1:3|2:0:1|4:0:3|3:3:0|2:0:1|4:0:3|3:3:1|1:1:0","2:0:1|1:2:0|2:0:1|3:3:2|0:0:0|1:1:0|1:1:0|4:0:3|4:0:3|3:3:0|0:0:0|3:3:0|2:0:1|3:3:0|0:0:0|4:0:3|4:0:3|0:1:1|1:1:0|3:3:0|1:1:0|1:1:0|4:0:3|4:0:3|4:0:3|3:3:0|3:3:2|3:3:0|3:3:0|3:3:0|2:0:1|2:0:1|3:3:1|0:0:0|4:0:3|3:3:2|4:0:3|0:1:1|0:0:0|4:0:3|4:1:3|4:1:3|2:0:1|4:0:3|3:3:0|2:0:1|4:0:3|3:3:1|1:1:0","2:0:1|1:2:0|2:0:1|3:3:2|0:0:0|1:1:0|1:1:0|4:0:3|4:0:3|3:3:0|0:0:0|3:3:0|2:0:1|3:3:0|0:0:0|4:0:3|4:0:3|0:1:1|1:1:0|3:3:0|1:1:0|1:1:0|4:0:3|4:0:3|4:0:3|3:3:0|3:3:2|3:3:0|3:3:0|3:3:0|2:0:1|2:0:1|3:3:1|0:0:0|4:0:3|3:3:2|4:0:3|0:1:1|0:0:0|4:0:3|4:1:3|4:1:3|2:0:1|4:0:3|3:3:0|2:0:1|4:0:3|3:3:1|1:1:0"
"7x7-p96","7x7-p96-uct-1000","1000","1","63","0.984375","1","1","O01","LL","93","93","94","93","1","1","3","2","0","3","0","3","0","2:0:1|1:2:0|2:0:1|3:3:2|0:0:0|1:1:0|1:1:0|4:0:3|4:0:3|3:3:0|0:0:0|3:3:0|2:0:1|3:3:0|0:0:0|4:0:3|4:0:3|0:1:1|1:1:0|3:3:0|1:1:0|1:1:0|4:0:3|4:0:3|4:0:3|3:3:0|3:3:2|3:3:0|3:3:0|3:3:0|2:0:1|2:0:1|3:3:1|0:0:0|4:0:3|3:3:2|4:0:3|0:1:1|0:0:0|4:0:3|4:1:3|4:1:3|2:0:1|4:0:3|3:3:0|2:0:1|4:0:3|3:3:1|1:1:0","2:0:1|1:3:0|2:0:1|3:3:2|0:0:0|1:1:0|1:1:0|4:0:3|4:0:3|3:3:0|0:0:0|3:3:0|2:0:1|3:3:0|0:0:0|4:0:3|4:0:3|0:1:1|1:1:0|3:3:0|1:1:0|1:1:0|4:0:3|4:0:3|4:0:3|3:3:0|3:3:2|3:3:0|3:3:0|3:3:0|2:0:1|2:0:1|3:3:1|0:0:0|4:0:3|3:3:2|4:0:3|0:1:1|0:0:0|4:0:3|4:1:3|4:1:3|2:0:1|4:0:3|3:3:0|2:0:1|4:0:3|3:3:1|1:1:0","2:0:1|3:3:0|2:0:1|3:3:2|0:0:0|1:1:0|1:1:0|4:0:3|4:0:3|3:3:0|0:0:0|3:3:0|2:0:1|3:3:0|0:0:0|4:0:3|4:0:3|0:1:1|1:2:0|3:3:0|1:1:0|1:1:0|4:0:3|4:0:3|4:0:3|3:3:0|3:3:2|3:3:0|3:3:0|3:3:0|2:0:1|2:0:1|3:3:1|0:0:0|4:0:3|3:3:2|4:0:3|0:1:1|0:0:0|4:0:3|4:1:3|4:1:3|2:0:1|4:0:3|3:3:0|2:0:1|4:0:3|3:3:1|1:1:0"
"7x7-p96","7x7-p96-uct-1000","1000","1","63","0.984375","3","1","O24","MM","95","93","96","93","1","1","1","1","0","2","0","2","0","2:0:1|1:3:0|2:0:1|3:3:2|0:0:0|1:1:0|1:1:0|4:0:3|4:0:3|3:3:0|0:0:0|3:3:0|2:0:1|3:3:0|0:0:0|4:0:3|4:0:3|0:1:1|1:1:0|3:3:0|1:1:0|1:1:0|4:0:3|4:0:3|4:0:3|3:3:0|3:3:2|3:3:0|3:3:0|3:3:0|2:0:1|2:0:1|3:3:1|0:0:0|4:0:3|3:3:2|4:0:3|0:1:1|0:0:0|4:0:3|4:1:3|4:1:3|2:0:1|4:0:3|3:3:0|2:0:1|4:0:3|3:3:1|1:1:0","2:0:1|3:3:0|2:0:1|3:3:2|0:0:0|1:1:0|1:1:0|4:0:3|4:0:3|3:3:0|0:0:0|3:3:0|2:0:1|3:3:0|0:0:0|4:0:3|4:0:3|0:1:1|1:2:0|3:3:0|1:1:0|1:1:0|4:0:3|4:0:3|4:0:3|3:3:0|3:3:2|3:3:0|3:3:0|3:3:0|2:0:1|2:0:1|3:3:1|0:0:0|4:0:3|3:3:2|4:0:3|0:1:1|0:0:0|4:0:3|4:1:3|4:1:3|2:0:1|4:0:3|3:3:0|2:0:1|4:0:3|3:3:1|1:1:0","2:0:1|3:3:0|2:0:1|3:3:2|0:0:0|1:1:0|1:1:0|4:0:3|4:0:3|3:3:0|0:0:0|3:3:0|2:0:1|3:3:0|0:0:0|4:0:3|4:0:3|0:1:1|1:2:0|3:3:0|1:1:0|1:1:0|4:0:3|4:0:3|4:0:3|3:3:0|3:3:2|3:3:0|3:3:0|3:3:0|2:0:1|2:0:1|3:3:1|0:0:0|4:0:3|3:3:2|4:0:3|0:1:1|0:0:0|4:0:3|4:1:3|4:1:3|2:0:1|4:0:3|3:3:0|2:0:1|4:0:3|3:3:1|1:1:0"
"7x7-p96","7x7-p96-uct-1000","1000","1","64","1.000000","1","2","O43","MM","96","93","96","94","2","2","4","0","1","0","2","0","3","2:0:1|3:3:0|2:0:1|3:3:2|0:0:0|1:1:0|1:1:0|4:0:3|4:0:3|3:3:0|0:0:0|3:3:0|2:0:1|3:3:0|0:0:0|4:0:3|4:0:3|0:1:1|1:2:0|3:3:0|1:1:0|1:1:0|4:0:3|4:0:3|4:0:3|3:3:0|3:3:2|3:3:0|3:3:0|3:3:0|2:0:1|2:0:1|3:3:1|0:0:0|4:0:3|3:3:2|4:0:3|0:1:1|0:0:0|4:0:3|4:1:3|4:1:3|2:0:1|4:0:3|3:3:0|2:0:1|4:0:3|3:3:1|1:1:0","2:0:1|3:3:0|2:0:1|3:3:2|0:0:0|1:1:0|1:1:0|4:0:3|4:0:3|3:3:0|0:0:0|3:3:0|2:0:1|3:3:0|0:0:0|4:0:3|4:0:3|0:1:1|1:2:0|3:3:0|1:1:0|1:1:0|4:0:3|4:0:3|4:0:3|3:3:0|3:3:2|3:3:0|3:3:0|3:3:0|2:0:1|2:0:2|3:3:1|0:0:0|4:0:3|3:3:2|4:0:3|0:1:1|0:0:0|4:0:3|4:1:3|4:1:3|2:0:1|4:0:3|3:3:0|2:0:1|4:0:3|3:3:1|1:1:0","2:0:1|3:3:0|2:0:1|3:3:2|0:0:0|1:1:0|1:1:0|4:0:3|4:0:3|3:3:0|0:0:0|3:3:0|2:0:1|3:3:0|0:0:0|4:0:3|4:0:3|0:1:1|1:2:0|3:3:0|1:1:0|1:1:0|4:0:3|4:0:3|4:0:3|3:3:0|3:3:2|3:3:0|3:3:0|3:3:0|2:0:1|4:0:3|3:3:1|0:0:0|4:0:3|3:3:2|4:0:3|0:1:1|0:0:0|4:0:3|4:1:3|4:1:3|2:0:1|4:0:3|3:3:0|2:0:1|4:0:3|3:3:1|1:1:0"
"7x7-p96","7x7-p96-uct-1000","1000","1","64","1.000000","2","2","O43","MM","96","94","96","95","2","2","4","0","2","0","3","0","3","2:0:1|3:3:0|2:0:1|3:3:2|0:0:0|1:1:0|1:1:0|4:0:3|4:0:3|3:3:0|0:0:0|3:3:0|2:0:1|3:3:0|0:0:0|4:0:3|4:0:3|0:1:1|1:2:0|3:3:0|1:1:0|1:1:0|4:0:3|4:0:3|4:0:3|3:3:0|3:3:2|3:3:0|3:3:0|3:3:0|2:0:1|2:0:2|3:3:1|0:0:0|4:0:3|3:3:2|4:0:3|0:1:1|0:0:0|4:0:3|4:1:3|4:1:3|2:0:1|4:0:3|3:3:0|2:0:1|4:0:3|3:3:1|1:1:0","2:0:1|3:3:0|2:0:1|3:3:2|0:0:0|1:1:0|1:1:0|4:0:3|4:0:3|3:3:0|0:0:0|3:3:0|2:0:1|3:3:0|0:0:0|4:0:3|4:0:3|0:1:1|1:2:0|3:3:0|1:1:0|1:1:0|4:0:3|4:0:3|4:0:3|3:3:0|3:3:2|3:3:0|3:3:0|3:3:0|2:0:1|2:0:3|3:3:1|0:0:0|4:0:3|3:3:2|4:0:3|0:1:1|0:0:0|4:0:3|4:1:3|4:1:3|2:0:1|4:0:3|3:3:0|2:0:1|4:0:3|3:3:1|1:1:0","2:0:1|3:3:0|2:0:1|3:3:2|0:0:0|1:1:0|1:1:0|4:0:3|4:0:3|3:3:0|0:0:0|3:3:0|2:0:1|3:3:0|0:0:0|4:0:3|4:0:3|0:1:1|1:2:0|3:3:0|1:1:0|1:1:0|4:0:3|4:0:3|4:0:3|3:3:0|3:3:2|3:3:0|3:3:0|3:3:0|2:0:1|4:0:3|3:3:1|0:0:0|4:0:3|3:3:2|4:0:3|0:1:1|0:0:0|4:0:3|4:1:3|4:1:3|2:0:1|4:0:3|3:3:0|2:0:1|4:0:3|3:3:1|1:1:0"
