"board","experiment_id","iteration_limit","game_index","turn_number","progress","placement_number","mover","target","region","p1_placements_before","p2_placements_before","p1_placements_after","p2_placements_after","target_state_before","target_state_after_move","target_state_turn_end","target_p1_before","target_p2_before","target_p1_after_move","target_p2_after_move","target_p1_turn_end","target_p2_turn_end","objective_snapshot_before","objective_snapshot_after_move","objective_snapshot_turn_end"
"7x7","7x7-seeded-random","-1","1","9","0.187500","1","1","O45","MH","12","12","13","12","0","0","1","0","0","1","0","1","0","0:0:0|0:0:0|0:0:0|0:0:0|0:0:0|0:0:0|0:0:0|0:0:0|0:0:0|0:0:0|0:0:0|0:0:0|0:0:0|0:0:0|0:0:0|0:0:0|0:0:0|0:0:0|0:0:0|0:0:0|0:0:0|0:0:0|0:0:0|0:0:0|0:0:0|0:0:0|0:0:0|0:0:0|0:0:0|0:0:0|0:0:0|0:0:0|0:0:0|0:0:0|0:0:0|0:0:0|0:0:0|0:0:0|0:0:0|0:0:0|0:0:0|0:0:0|0:0:0|0:0:0|0:0:0|0:0:0|0:0:0|0:0:0|0:0:0","0:0:0|0:0:0|0:0:0|0:0:0|0:0:0|0:0:0|0:0:0|0:0:0|0:0:0|0:0:0|0:0:0|0:0:0|0:0:0|0:0:0|0:0:0|0:0:0|0:0:0|0:0:0|0:0:0|0:0:0|0:0:0|0:0:0|0:0:0|0:0:0|0:0:0|0:0:0|0:0:0|0:0:0|0:0:0|0:0:0|0:0:0|0:0:0|0:0:0|0:1:0|0:0:0|0:0:0|0:0:0|0:0:0|0:0:0|0:0:0|0:0:0|0:0:0|0:0:0|0:0:0|0:0:0|0:0:0|0:0:0|0:0:0|0:0:0","0:0:0|0:0:0|0:0:0|0:0:0|0:0:0|0:0:0|0:0:0|0:0:0|0:0:0|0:0:0|0:0:0|0:0:0|0:0:0|0:0:0|0:0:0|0:0:0|0:0:0|0:0:0|0:0:0|0:0:0|0:0:0|0:0:0|0:0:0|0:0:0|0:0:0|0:0:0|0:0:0|0:0:0|0:0:0|0:0:0|0:0:0|0:0:0|0:0:0|1:1:0|0:0:0|0:0:0|0:0:0|0:0:0|0:0:0|0:0:0|0:0:0|0:0:0|0:0:0|0:0:0|0:0:0|0:0:0|0:0:0|0:0:0|0:0:0"
"7x7","7x7-seeded-random","-1","1","10","0.208333","2","2","O13","LM","15","13","15","14","0","0","2","0","0","0","1","0","1","0:0:0|0:0:0|0:0:0|0:0:0|0:0:0|0:0:0|0:0:0|0:0:0|0:0:0|0:0:0|0:0:0|0:0:0|0:0:0|0:0:0|0:0:0|0:0:0|0:0:0|0:0:0|0:0:0|0:0:0|0:0:0|0:0:0|0:0:0|0:0:0|0:0:0|0:0:0|0:0:0|0:0:0|0:0:0|0:0:0|0:0:0|0:0:0|0:0:0|1:1:0|0:0:0|0:0:0|0:0:0|0:0:0|0:0:0|0:0:0|0:0:0|0:0:0|0:0:0|0:0:0|0:0:0|0:0:0|0:0:0|0:0:0|0:0:0","0:0:0|0:0:0|0:0:0|0:0:0|0:0:0|0:0:0|0:0:0|0:0:0|0:0:0|0:0:0|0:0:1|0:0:0|0:0:0|0:0:0|0:0:0|0:0:0|0:0:0|0:0:0|0:0:0|0:0:0|0:0:0|0:0:0|0:0:0|0:0:0|0:0:0|0:0:0|0:0:0|0:0:0|0:0:0|0:0:0|0:0:0|0:0:0|0:0:0|1:1:0|0:0:0|0:0:0|0:0:0|0:0:0|0:0:0|0:0:0|0:0:0|0:0:0|0:0:0|0:0:0|0:0:0|0:0:0|0:0:0|0:0:0|0:0:0","0:0:0|0:0:0|0:0:0|0:0:0|0:0:0|0:0:0|0:0:0|0:0:0|0:0:0|0:0:0|2:0:1|0:0:0|0:0:0|0:0:0|0:0:0|0:0:0|0:0:0|0:0:0|0:0:0|0:0:0|0:0:0|0:0:0|0:0:0|0:0:0|0:0:0|0:0:0|0:0:0|0:0:0|0:0:0|0:0:0|0:0:0|0:0:0|0:0:0|1:1:0|0:0:0|0:0:0|0:0:0|0:0:0|0:0:0|0:0:0|0:0:0|0:0:0|0:0:0|0:0:0|0:0:0|0:0:0|0:0:0|0:0:0|0:0:0"
"7x7","7x7-seeded-random","-1","1","12","0.250000","3","2","O05","LH","18","17","18","18","0","2","2","0","0","0","1","0","1","0:0:0|0:0:0|0:0:0|0:0:0|0:0:0|0:0:0|0:0:0|0:0:0|0:0:0|0:0:0|2:0:1|0:0:0|0:0:0|0:0:0|0:0:0|0:0:0|0:0:0|0:0:0|0:0:0|0:0:0|0:0:0|0:0:0|0:0:0|0:0:0|0:0:0|0:0:0|0:0:0|0:0:0|0:0:0|0:0:0|0:0:0|0:0:0|0:0:0|1:1:0|0:0:0|0:0:0|0:0:0|0:0:0|0:0:0|0:0:0|0:0:0|0:0:0|0:0:0|0:0:0|0:0:0|0:0:0|0:0:0|0:0:0|0:0:0","0:0:0|0:0:0|0:0:0|0:0:0|0:0:0|2:0:1|0:0:0|0:0:0|0:0:0|0:0:0|2:0:1|0:0:0|0:0:0|0:0:0|0:0:0|0:0:0|0:0:0|0:0:0|0:0:0|0:0:0|0:0:0|0:0:0|0:0:0|0:0:0|0:0:0|0:0:0|0:0:0|0:0:0|0:0:0|0:0:0|0:0:0|0:0:0|0:0:0|1:1:0|0:0:0|0:0:0|0:0:0|0:0:0|0:0:0|0:0:0|0:0:0|0:0:0|0:0:0|0:0:0|0:0:0|0:0:0|0:0:0|0:0:0|0:0:0","0:0:0|0:0:0|0:0:0|0:0:0|0:0:0|2:0:1|0:0:0|0:0:0|0:0:0|0:0:0|2:0:1|0:0:0|0:0:0|0:0:0|0:0:0|0:0:0|0:0:0|0:0:0|0:0:0|0:0:0|0:0:0|0:0:0|0:0:0|0:0:0|0:0:0|0:0:0|0:0:0|0:0:0|0:0:0|0:0:0|0:0:0|0:0:0|0:0:0|1:1:0|0:0:0|0:0:0|0:0:0|0:0:0|0:0:0|0:0:0|0:0:0|0:0:0|0:0:0|0:0:0|0:0:0|0:0:0|0:0:0|0:0:0|0:0:0"
"7x7","7x7-seeded-random","-1","1","13","0.270833","1","1","O45","MH","18","18","19","18","1","1","1","1","0","2","0","2","0","0:0:0|0:0:0|0:0:0|0:0:0|0:0:0|2:0:1|0:0:0|0:0:0|0:0:0|0:0:0|2:0:1|0:0:0|0:0:0|0:0:0|0:0:0|0:0:0|0:0:0|0:0:0|0:0:0|0:0:0|0:0:0|0:0:0|0:0:0|0:0:0|0:0:0|0:0:0|0:0:0|0:0:0|0:0:0|0:0:0|0:0:0|0:0:0|0:0:0|1:1:0|0:0:0|0:0:0|0:0:0|0:0:0|0:0:0|0:0:0|0:0:0|0:0:0|0:0:0|0:0:0|0:0:0|0:0:0|0:0:0|0:0:0|0:0:0","0:0:0|0:0:0|0:0:0|0:0:0|0:0:0|2:0:1|0:0:0|0:0:0|0:0:0|0:0:0|2:0:1|0:0:0|0:0:0|0:0:0|0:0:0|0:0:0|0:0:0|0:0:0|0:0:0|0:0:0|0:0:0|0:0:0|0:0:0|0:0:0|0:0:0|0:0:0|0:0:0|0:0:0|0:0:0|0:0:0|0:0:0|0:0:0|0:0:0|1:2:0|0:0:0|0:0:0|0:0:0|0:0:0|0:0:0|0:0:0|0:0:0|0:0:0|0:0:0|0:0:0|0:0:0|0:0:0|0:0:0|0:0:0|0:0:0","0:0:0|0:0:0|0:0:0|0:0:0|0:0:0|0:1:1|0:0:0|0:0:0|0:0:0|0:0:0|2:0:1|0:0:0|0:0:0|0:0:0|0:0:0|0:0:0|0:0:0|0:0:0|0:0:0|0:0:0|0:0:0|0:0:0|0:0:0|0:0:0|0:0:0|0:0:0|0:0:0|0:0:0|0:0:0|0:0:0|0:0:0|0:0:0|0:0:0|1:2:0|0:0:0|1:1:0|0:0:0|0:0:0|0:0:0|0:0:0|0:0:0|0:0:0|0:0:0|0:0:0|0:0:0|0:0:0|0:0:0|0:0:0|0:0:0"
"7x7","7x7-seeded-random","-1","1","13","0.270833","2","1","O50","HL","19","18","20","18","0","0","1","0","0","1","0","1","0","0:0:0|0:0:0|0:0:0|0:0:0|0:0:0|2:0:1|0:0:0|0:0:0|0:0:0|0:0:0|2:0:1|0:0:0|0:0:0|0:0:0|0:0:0|0:0:0|0:0:0|0:0:0|0:0:0|0:0:0|0:0:0|0:0:0|0:0:0|0:0:0|0:0:0|0:0:0|0:0:0|0:0:0|0:0:0|0:0:0|0:0:0|0:0:0|0:0:0|1:2:0|0:0:0|0:0:0|0:0:0|0:0:0|0:0:0|0:0:0|0:0:0|0:0:0|0:0:0|0:0:0|0:0:0|0:0:0|0:0:0|0:0:0|0:0:0","0:0:0|0:0:0|0:0:0|0:0:0|0:0:0|2:0:1|0:0:0|0:0:0|0:0:0|0:0:0|2:0:1|0:0:0|0:0:0|0:0:0|0:0:0|0:0:0|0:0:0|0:0:0|0:0:0|0:0:0|0:0:0|0:0:0|0:0:0|0:0:0|0:0:0|0:0:0|0:0:0|0:0:0|0:0:0|0:0:0|0:0:0|0:0:0|0:0:0|1:2:0|0:0:0|0:1:0|0:0:0|0:0:0|0:0:0|0:0:0|0:0:0|0:0:0|0:0:0|0:0:0|0:0:0|0:0:0|0:0:0|0:0:0|0:0:0","0:0:0|0:0:0|0:0:0|0:0:0|0:0:0|0:1:1|0:0:0|0:0:0|0:0:0|0:0:0|2:0:1|0:0:0|0:0:0|0:0:0|0:0:0|0:0:0|0:0:0|0:0:0|0:0:0|0:0:0|0:0:0|0:0:0|0:0:0|0:0:0|0:0:0|0:0:0|0:0:0|0:0:0|0:0:0|0:0:0|0:0:0|0:0:0|0:0:0|1:2:0|0:0:0|1:1:0|0:0:0|0:0:0|0:0:0|0:0:0|0:0:0|0:0:0|0:0:0|0:0:0|0:0:0|0:0:0|0:0:0|0:0:0|0:0:0"
"7x7","7x7-seeded-random","-1","1","13","0.270833","3","1","O05","LH","20","18","21","18","2","0","0","0","1","1","1","1","1","0:0:0|0:0:0|0:0:0|0:0:0|0:0:0|2:0:1|0:0:0|0:0:0|0:0:0|0:0:0|2:0:1|0:0:0|0:0:0|0:0:0|0:0:0|0:0:0|0:0:0|0:0:0|0:0:0|0:0:0|0:0:0|0:0:0|0:0:0|0:0:0|0:0:0|0:0:0|0:0:0|0:0:0|0:0:0|0:0:0|0:0:0|0:0:0|0:0:0|1:2:0|0:0:0|0:1:0|0:0:0|0:0:0|0:0:0|0:0:0|0:0:0|0:0:0|0:0:0|0:0:0|0:0:0|0:0:0|0:0:0|0:0:0|0:0:0","0:0:0|0:0:0|0:0:0|0:0:0|0:0:0|0:1:1|0:0:0|0:0:0|0:0:0|0:0:0|2:0:1|0:0:0|0:0:0|0:0:0|0:0:0|0:0:0|0:0:0|0:0:0|0:0:0|0:0:0|0:0:0|0:0:0|0:0:0|0:0:0|0:0:0|0:0:0|0:0:0|0:0:0|0:0:0|0:0:0|0:0:0|0:0:0|0:0:0|1:2:0|0:0:0|1:1:0|0:0:0|0:0:0|0:0:0|0:0:0|0:0:0|0:0:0|0:0:0|0:0:0|0:0:0|0:0:0|0:0:0|0:0:0|0:0:0","0:0:0|0:0:0|0:0:0|0:0:0|0:0:0|0:1:1|0:0:0|0:0:0|0:0:0|0:0:0|2:0:1|0:0:0|0:0:0|0:0:0|0:0:0|0:0:0|0:0:0|0:0:0|0:0:0|0:0:0|0:0:0|0:0:0|0:0:0|0:0:0|0:0:0|0:0:0|0:0:0|0:0:0|0:0:0|0:0:0|0:0:0|0:0:0|0:0:0|1:2:0|0:0:0|1:1:0|0:0:0|0:0:0|0:0:0|0:0:0|0:0:0|0:0:0|0:0:0|0:0:0|0:0:0|0:0:0|0:0:0|0:0:0|0:0:0"
"7x7","7x7-seeded-random","-1","1","14","0.291667","1","2","O34","MM","21","18","21","19","0","0","2","0","0","0","1","0","1","0:0:0|0:0:0|0:0:0|0:0:0|0:0:0|0:1:1|0:0:0|0:0:0|0:0:0|0:0:0|2:0:1|0:0:0|0:0:0|0:0:0|0:0:0|0:0:0|0:0:0|0:0:0|0:0:0|0:0:0|0:0:0|0:0:0|0:0:0|0:0:0|0:0:0|0:0:0|0:0:0|0:0:0|0:0:0|0:0:0|0:0:0|0:0:0|0:0:0|1:2:0|0:0:0|1:1:0|0:0:0|0:0:0|0:0:0|0:0:0|0:0:0|0:0:0|0:0:0|0:0:0|0:0:0|0:0:0|0:0:0|0:0:0|0:0:0","0:0:0|0:0:0|0:0:0|0:0:0|0:0:0|0:1:1|0:0:0|0:0:0|0:0:0|0:0:0|2:0:1|0:0:0|0:0:0|0:0:0|0:0:0|0:0:0|0:0:0|0:0:0|0:0:0|0:0:0|0:0:0|0:0:0|0:0:0|0:0:0|0:0:0|0:0:1|0:0:0|0:0:0|0:0:0|0:0:0|0:0:0|0:0:0|0:0:0|1:2:0|0:0:0|1:1:0|0:0:0|0:0:0|0:0:0|0:0:0|0:0:0|0:0:0|0:0:0|0:0:0|0:0:0|0:0:0|0:0:0|0:0:0|0:0:0","0:0:0|0:0:0|0:0:0|0:0:0|0:0:0|0:1:1|0:0:0|0:0:0|0:0:0|0:0:0|2:0:1|0:0:0|0:0:0|0:0:0|0:0:0|0:0:0|0:0:0|0:0:0|0:0:0|0:0:0|0:0:0|0:0:0|0:0:0|0:0:0|0:0:0|2:0:1|0:0:0|0:0:0|0:0:0|0:0:0|0:0:0|0:0:0|0:0:0|1:2:0|0:0:0|1:1:0|0:0:0|0:0:0|0:0:0|0:0:0|0:0:0|0:0:0|0:0:0|0:0:0|0:0:0|0:0:0|0:0:0|0:0:0|0:0:0"
"7x7","7x7-seeded-random","-1","1","16","0.333333","1","2","O41","ML","24","21","24","22","0","0","2","0","0","0","1","0","1","0:0:0|0:0:0|0:0:0|0:0:0|0:0:0|0:1:1|0:0:0|0:0:0|0:0:0|0:0:0|2:0:1|0:0:0|0:0:0|0:0:0|0:0:0|0:0:0|0:0:0|0:0:0|0:0:0|0:0:0|0:0:0|0:0:0|0:0:0|0:0:0|0:0:0|2:0:1|0:0:0|0:0:0|0:0:0|0:0:0|0:0:0|0:0:0|0:0:0|1:2:0|0:0:0|1:1:0|0:0:0|0:0:0|0:0:0|0:0:0|0:0:0|0:0:0|0:0:0|0:0:0|0:0:0|0:0:0|0:0:0|0:0:0|0:0:0","0:0:0|0:0:0|0:0:0|0:0:0|0:0:0|0:1:1|0:0:0|0:0:0|0:0:0|0:0:0|2:0:1|0:0:0|0:0:0|0:0:0|0:0:0|0:0:0|0:0:0|0:0:0|0:0:0|0:0:0|0:0:0|0:0:0|0:0:0|0:0:0|0:0:0|2:0:1|0:0:0|0:0:0|0:0:0|0:0:1|0:0:0|0:0:0|0:0:0|1:2:0|0:0:0|1:1:0|0:0:0|0:0:0|0:0:0|0:0:0|0:0:0|0:0:0|0:0:0|0:0:0|0:0:0|0:0:0|0:0:0|0:0:0|0:0:0","0:0:0|0:0:0|0:0:0|0:0:0|0:0:0|0:1:1|0:0:0|0:0:0|0:0:0|0:0:0|2:0:1|0:0:0|0:0:0|0:0:0|0:0:0|0:0:0|0:0:0|0:0:0|0:0:0|0:0:0|0:0:0|0:0:0|0:0:0|0:0:0|0:0:0|2:0:1|0:0:0|0:0:0|0:0:0|2:0:1|0:0:0|0:0:0|0:0:0|1:2:0|0:0:0|1:1:0|0:0:0|0:0:0|0:0:0|0:0:0|0:0:0|0:0:0|0:0:0|0:0:0|0:0:0|0:0:0|0:0:0|0:0:0|0:0:0"
"7x7","7x7-seeded-random","-1","1","17","0.354167","3","1","O45","MH","26","24","27","24","1","3","3","2","0","3","0","3","0","0:0:0|0:0:0|0:0:0|0:0:0|0:0:0|0:1:1|0:0:0|0:0:0|0:0:0|0:0:0|2:0:1|0:0:0|0:0:0|0:0:0|0:0:0|0:0:0|0:0:0|0:0:0|0:0:0|0:0:0|0:0:0|0:0:0|0:0:0|0:0:0|0:0:0|2:0:1|0:0:0|0:0:0|0:0:0|2:0:1|0:0:0|0:0:0|0:0:0|1:2:0|0:0:0|1:1:0|0:0:0|0:0:0|0:0:0|0:0:0|0:0:0|0:0:0|0:0:0|0:0:0|0:0:0|0:0:0|0:0:0|0:0:0|0:0:0","0:0:0|0:0:0|0:0:0|0:0:0|0:0:0|0:1:1|0:0:0|0:0:0|0:0:0|0:0:0|2:0:1|0:0:0|0:0:0|0:0:0|0:0:0|0:0:0|0:0:0|0:0:0|0:0:0|0:0:0|0:0:0|0:0:0|0:0:0|0:0:0|0:0:0|2:0:1|0:0:0|0:0:0|0:0:0|2:0:1|0:0:0|0:0:0|0:0:0|3:3:0|0:0:0|1:1:0|0:0:0|0:0:0|0:0:0|0:0:0|0:0:0|0:0:0|0:0:0|0:0:0|0:0:0|0:0:0|0:0:0|0:0:0|0:0:0","0:0:0|0:0:0|0:0:0|0:0:0|0:0:0|0:1:1|0:0:0|0:0:0|0:0:0|0:0:0|2:0:1|0:0:0|0:0:0|0:0:0|0:0:0|0:0:0|0:0:0|0:0:0|0:0:0|0:0:0|0:0:0|0:0:0|0:0:0|0:0:0|0:0:0|2:0:1|0:0:0|0:0:0|0:0:0|2:0:1|0:0:0|0:0:0|0:0:0|3:3:0|0:0:0|1:1:0|0:0:0|0:0:0|0:0:0|0:0:0|0:0:0|0:0:0|0:0:0|0:0:0|0:0:0|0:0:0|0:0:0|0:0:0|0:0:0"
"7x7","7x7-seeded-random","-1","1","18","0.375000","1","2","O66","HH","27","24","27","25","0","0","2","0","0","0","1","0","1","0:0:0|0:0:0|0:0:0|0:0:0|0:0:0|0:1:1|0:0:0|0:0:0|0:0:0|0:0:0|2:0:1|0:0:0|0:0:0|0:0:0|0:0:0|0:0:0|0:0:0|0:0:0|0:0:0|0:0:0|0:0:0|0:0:0|0:0:0|0:0:0|0:0:0|2:0:1|0:0:0|0:0:0|0:0:0|2:0:1|0:0:0|0:0:0|0:0:0|3:3:0|0:0:0|1:1:0|0:0:0|0:0:0|0:0:0|0:0:0|0:0:0|0:0:0|0:0:0|0:0:0|0:0:0|0:0:0|0:0:0|0:0:0|0:0:0","0:0:0|0:0:0|0:0:0|0:0:0|0:0:0|0:1:1|0:0:0|0:0:0|0:0:0|0:0:0|2:0:1|0:0:0|0:0:0|0:0:0|0:0:0|0:0:0|0:0:0|0:0:0|0:0:0|0:0:0|0:0:0|0:0:0|0:0:0|0:0:0|0:0:0|2:0:1|0:0:0|0:0:0|0:0:0|2:0:1|0:0:0|0:0:0|0:0:0|3:3:0|0:0:0|1:1:0|0:0:0|0:0:0|0:0:0|0:0:0|0:0:0|0:0:0|0:0:0|0:0:0|0:0:0|0:0:0|0:0:0|0:0:0|0:0:1","0:0:0|0:0:0|0:0:0|0:0:0|0:0:0|0:1:1|2:0:1|0:0:0|0:0:0|0:0:0|2:0:1|0:0:0|0:0:0|0:0:0|0:0:0|0:0:0|0:0:0|0:0:0|0:0:0|0:0:0|0:0:0|0:0:0|0:0:0|0:0:0|0:0:0|2:0:1|0:0:0|0:0:0|0:0:0|2:0:1|0:0:0|0:0:0|0:0:0|3:3:0|0:0:0|1:1:0|0:0:0|0:0:0|0:0:0|0:0:0|0:0:0|0:0:0|0:0:0|0:0:0|0:0:0|0:0:0|0:0:0|0:0:0|2:0:1"
"7x7","7x7-seeded-random","-1","1","18","0.375000","3","2","O06","LH","27","26","27","27","0","2","2","0","0","0","1","0","1","0:0:0|0:0:0|0:0:0|0:0:0|0:0:0|0:1:1|0:0:0|0:0:0|0:0:0|0:0:0|2:0:1|0:0:0|0:0:0|0:0:0|0:0:0|0:0:0|0:0:0|0:0:0|0:0:0|0:0:0|0:0:0|0:0:0|0:0:0|0:0:0|0:0:0|2:0:1|0:0:0|0:0:0|0:0:0|2:0:1|0:0:0|0:0:0|0:0:0|3:3:0|0:0:0|1:1:0|0:0:0|0:0:0|0:0:0|0:0:0|0:0:0|0:0:0|0:0:0|0:0:0|0:0:0|0:0:0|0:0:0|0:0:0|0:0:1","0:0:0|0:0:0|0:0:0|0:0:0|0:0:0|0:1:1|2:0:1|0:0:0|0:0:0|0:0:0|2:0:1|0:0:0|0:0:0|0:0:0|0:0:0|0:0:0|0:0:0|0:0:0|0:0:0|0:0:0|0:0:0|0:0:0|0:0:0|0:0:0|0:0:0|2:0:1|0:0:0|0:0:0|0:0:0|2:0:1|0:0:0|0:0:0|0:0:0|3:3:0|0:0:0|1:1:0|0:0:0|0:0:0|0:0:0|0:0:0|0:0:0|0:0:0|0:0:0|0:0:0|0:0:0|0:0:0|0:0:0|0:0:0|2:0:1","0:0:0|0:0:0|0:0:0|0:0:0|0:0:0|0:1:1|2:0:1|0:0:0|0:0:0|0:0:0|2:0:1|0:0:0|0:0:0|0:0:0|0:0:0|0:0:0|0:0:0|0:0:0|0:0:0|0:0:0|0:0:0|0:0:0|0:0:0|0:0:0|0:0:0|2:0:1|0:0:0|0:0:0|0:0:0|2:0:1|0:0:0|0:0:0|0:0:0|3:3:0|0:0:0|1:1:0|0:0:0|0:0:0|0:0:0|0:0:0|0:0:0|0:0:0|0:0:0|0:0:0|0:0:0|0:0:0|0:0:0|0:0:0|2:0:1"
"7x7","7x7-seeded-random","-1","1","19","0.395833","2","1","O60","HL","28","27","29","27","0","0","1","0","0","1","0","1","0","0:0:0|0:0:0|0:0:0|0:0:0|0:0:0|0:1:1|2:0:1|0:0:0|0:0:0|0:0:0|2:0:1|0:0:0|0:0:0|0:0:0|0:0:0|0:0:0|0:0:0|0:0:0|0:0:0|0:0:0|0:0:0|0:0:0|0:0:0|0:0:0|0:0:0|2:0:1|0:0:0|0:0:0|0:0:0|2:0:1|0:0:0|0:0:0|0:0:0|3:3:0|0:0:0|1:1:0|0:0:0|0:0:0|0:0:0|0:0:0|0:0:0|0:0:0|0:0:0|0:0:0|0:0:0|0:0:0|0:0:0|0:0:0|2:0:1","0:0:0|0:0:0|0:0:0|0:0:0|0:0:0|0:1:1|2:0:1|0:0:0|0:0:0|0:0:0|2:0:1|0:0:0|0:0:0|0:0:0|0:0:0|0:0:0|0:0:0|0:0:0|0:0:0|0:0:0|0:0:0|0:0:0|0:0:0|0:0:0|0:0:0|2:0:1|0:0:0|0:0:0|0:0:0|2:0:1|0:0:0|0:0:0|0:0:0|3:3:0|0:0:0|1:1:0|0:0:0|0:0:0|0:0:0|0:0:0|0:0:0|0:0:0|0:1:0|0:0:0|0:0:0|0:0:0|0:0:0|0:0:0|2:0:1","0:0:0|0:0:0|0:0:0|0:0:0|0:0:0|0:1:1|2:0:1|0:0:0|0:0:0|0:0:0|2:0:1|0:0:0|0:0:0|0:0:0|0:0:0|0:0:0|0:0:0|0:0:0|0:0:0|0:0:0|0:0:0|0:0:0|0:0:0|0:0:0|0:0:0|2:0:1|0:0:0|0:0:0|0:0:0|2:0:1|0:0:0|0:0:0|0:0:0|3:3:0|0:0:0|1:1:0|0:0:0|0:0:0|0:0:0|0:0:0|0:0:0|1:1:0|1:1:0|0:0:0|0:0:0|0:0:0|0:0:0|0:0:0|2:0:1"
"7x7","7x7-seeded-random","-1","1","19","0.395833","3","1","O56","HH","29","27","30","27","0","1","1","0","0","1","0","1","0","0:0:0|0:0:0|0:0:0|0:0:0|0:0:0|0:1:1|2:0:1|0:0:0|0:0:0|0:0:0|2:0:1|0:0:0|0:0:0|0:0:0|0:0:0|0:0:0|0:0:0|0:0:0|0:0:0|0:0:0|0:0:0|0:0:0|0:0:0|0:0:0|0:0:0|2:0:1|0:0:0|0:0:0|0:0:0|2:0:1|0:0:0|0:0:0|0:0:0|3:3:0|0:0:0|1:1:0|0:0:0|0:0:0|0:0:0|0:0:0|0:0:0|0:0:0|0:1:0|0:0:0|0:0:0|0:0:0|0:0:0|0:0:0|2:0:1","0:0:0|0:0:0|0:0:0|0:0:0|0:0:0|0:1:1|2:0:1|0:0:0|0:0:0|0:0:0|2:0:1|0:0:0|0:0:0|0:0:0|0:0:0|0:0:0|0:0:0|0:0:0|0:0:0|0:0:0|0:0:0|0:0:0|0:0:0|0:0:0|0:0:0|2:0:1|0:0:0|0:0:0|0:0:0|2:0:1|0:0:0|0:0:0|0:0:0|3:3:0|0:0:0|1:1:0|0:0:0|0:0:0|0:0:0|0:0:0|0:0:0|1:1:0|1:1:0|0:0:0|0:0:0|0:0:0|0:0:0|0:0:0|2:0:1","0:0:0|0:0:0|0:0:0|0:0:0|0:0:0|0:1:1|2:0:1|0:0:0|0:0:0|0:0:0|2:0:1|0:0:0|0:0:0|0:0:0|0:0:0|0:0:0|0:0:0|0:0:0|0:0:0|0:0:0|0:0:0|0:0:0|0:0:0|0:0:0|0:0:0|2:0:1|0:0:0|0:0:0|0:0:0|2:0:1|0:0:0|0:0:0|0:0:0|3:3:0|0:0:0|1:1:0|0:0:0|0:0:0|0:0:0|0:0:0|0:0:0|1:1:0|1:1:0|0:0:0|0:0:0|0:0:0|0:0:0|0:0:0|2:0:1"
"7x7","7x7-seeded-random","-1","1","20","0.416667","2","2","O15","LH","30","28","30","29","0","0","2","0","0","0","1","0","2","0:0:0|0:0:0|0:0:0|0:0:0|0:0:0|0:1:1|2:0:1|0:0:0|0:0:0|0:0:0|2:0:1|0:0:0|0:0:0|0:0:0|0:0:0|0:0:0|0:0:0|0:0:0|0:0:0|0:0:0|0:0:0|0:0:0|0:0:0|0:0:0|0:0:0|2:0:1|0:0:0|0:0:0|0:0:0|2:0:1|0:0:0|0:0:0|0:0:0|3:3:0|0:0:0|1:1:0|0:0:0|0:0:0|0:0:0|0:0:0|0:0:0|1:1:0|1:1:0|0:0:0|0:0:0|0:0:0|0:0:0|0:0:0|2:0:1","0:0:0|0:0:0|0:0:0|0:0:0|0:0:0|0:1:1|2:0:1|0:0:0|0:0:0|0:0:0|2:0:1|0:0:0|0:0:1|0:0:0|0:0:0|0:0:0|0:0:0|0:0:0|0:0:0|0:0:0|0:0:0|0:0:0|0:0:0|0:0:0|0:0:0|2:0:1|0:0:0|0:0:0|0:0:0|2:0:1|0:0:0|0:0:0|0:0:0|3:3:0|0:0:0|1:1:0|0:0:0|0:0:0|0:0:0|0:0:0|0:0:0|1:1:0|1:1:0|0:0:0|0:0:0|0:0:0|0:0:0|0:0:0|2:0:1","0:0:0|0:0:0|0:0:0|0:0:0|0:0:0|0:1:1|2:0:1|0:0:0|0:0:0|0:0:0|2:0:1|0:0:0|2:0:2|0:0:0|0:0:0|0:0:0|0:0:0|0:0:0|0:0:0|0:0:0|0:0:0|0:0:0|0:0:0|0:0:0|0:0:0|2:0:1|0:0:0|0:0:0|0:0:0|2:0:1|0:0:0|0:0:0|0:0:0|3:3:0|0:0:0|1:1:0|0:0:0|0:0:0|0:0:0|0:0:0|0:0:0|1:1:0|1:1:0|0:0:0|0:0:0|0:0:0|0:0:0|0:0:0|2:0:1"
"7x7","7x7-seeded-random","-1","1","20","0.416667","3","2","O15","LH","30","29","30","30","0","2","2","0","1","0","2","0","2","0:0:0|0:0:0|0:0:0|0:0:0|0:0:0|0:1:1|2:0:1|0:0:0|0:0:0|0:0:0|2:0:1|0:0:0|0:0:1|0:0:0|0:0:0|0:0:0|0:0:0|0:0:0|0:0:0|0:0:0|0:0:0|0:0:0|0:0:0|0:0:0|0:0:0|2:0:1|0:0:0|0:0:0|0:0:0|2:0:1|0:0:0|0:0:0|0:0:0|3:3:0|0:0:0|1:1:0|0:0:0|0:0:0|0:0:0|0:0:0|0:0:0|1:1:0|1:1:0|0:0:0|0:0:0|0:0:0|0:0:0|0:0:0|2:0:1","0:0:0|0:0:0|0:0:0|0:0:0|0:0:0|0:1:1|2:0:1|0:0:0|0:0:0|0:0:0|2:0:1|0:0:0|2:0:2|0:0:0|0:0:0|0:0:0|0:0:0|0:0:0|0:0:0|0:0:0|0:0:0|0:0:0|0:0:0|0:0:0|0:0:0|2:0:1|0:0:0|0:0:0|0:0:0|2:0:1|0:0:0|0:0:0|0:0:0|3:3:0|0:0:0|1:1:0|0:0:0|0:0:0|0:0:0|0:0:0|0:0:0|1:1:0|1:1:0|0:0:0|0:0:0|0:0:0|0:0:0|0:0:0|2:0:1","0:0:0|0:0:0|0:0:0|0:0:0|0:0:0|0:1:1|2:0:1|0:0:0|0:0:0|0:0:0|2:0:1|0:0:0|2:0:2|0:0:0|0:0:0|0:0:0|0:0:0|0:0:0|0:0:0|0:0:0|0:0:0|0:0:0|0:0:0|0:0:0|0:0:0|2:0:1|0:0:0|0:0:0|0:0:0|2:0:1|0:0:0|0:0:0|0:0:0|3:3:0|0:0:0|1:1:0|0:0:0|0:0:0|0:0:0|0:0:0|0:0:0|1:1:0|1:1:0|0:0:0|0:0:0|0:0:0|0:0:0|0:0:0|2:0:1"
"7x7","7x7-seeded-random","-1","1","21","0.437500","2","1","O50","HL","31","30","32","30","1","1","1","1","0","2","0","2","0","0:0:0|0:0:0|0:0:0|0:0:0|0:0:0|0:1:1|2:0:1|0:0:0|0:0:0|0:0:0|2:0:1|0:0:0|2:0:2|0:0:0|0:0:0|0:0:0|0:0:0|0:0:0|0:0:0|0:0:0|0:0:0|0:0:0|0:0:0|0:0:0|0:0:0|2:0:1|0:0:0|0:0:0|0:0:0|2:0:1|0:0:0|0:0:0|0:0:0|3:3:0|0:0:0|1:1:0|0:0:0|0:0:0|0:0:0|0:0:0|0:0:0|1:1:0|1:1:0|0:0:0|0:0:0|0:0:0|0:0:0|0:0:0|2:0:1","0:0:0|0:0:0|0:0:0|0:0:0|0:0:0|0:1:1|2:0:1|0:0:0|0:0:0|0:0:0|2:0:1|0:0:0|2:0:2|0:0:0|0:0:0|0:0:0|0:0:0|0:0:0|0:0:0|0:0:0|0:0:0|0:0:0|0:0:0|0:0:0|0:0:0|2:0:1|0:0:0|0:0:0|0:0:0|2:0:1|0:0:0|0:0:0|0:0:0|3:3:0|0:0:0|1:2:0|0:0:0|0:0:0|0:0:0|0:0:0|0:0:0|1:1:0|1:1:0|0:0:0|0:0:0|0:0:0|0:0:0|0:0:0|2:0:1","0:0:0|0:0:0|0:0:0|0:0:0|0:0:0|0:1:1|2:0:1|0:0:0|0:0:0|0:0:0|0:1:1|0:0:0|2:0:2|0:0:0|0:0:0|0:0:0|0:0:0|0:0:0|0:0:0|0:0:0|0:0:0|0:0:0|0:0:0|0:0:0|0:0:0|2:0:1|0:0:0|0:0:0|0:0:0|2:0:1|0:0:0|0:0:0|0:0:0|3:3:0|0:0:0|1:2:0|0:0:0|0:0:0|0:0:0|0:0:0|0:0:0|1:1:0|1:1:0|0:0:0|0:0:0|0:0:0|0:0:0|0:0:0|2:0:1"
"7x7","7x7-seeded-random","-1","1","21","0.437500","3","1","O13","LM","32","30","33","30","2","0","0","0","1","1","1","1","1","0:0:0|0:0:0|0:0:0|0:0:0|0:0:0|0:1:1|2:0:1|0:0:0|0:0:0|0:0:0|2:0:1|0:0:0|2:0:2|0:0:0|0:0:0|0:0:0|0:0:0|0:0:0|0:0:0|0:0:0|0:0:0|0:0:0|0:0:0|0:0:0|0:0:0|2:0:1|0:0:0|0:0:0|0:0:0|2:0:1|0:0:0|0:0:0|0:0:0|3:3:0|0:0:0|1:2:0|0:0:0|0:0:0|0:0:0|0:0:0|0:0:0|1:1:0|1:1:0|0:0:0|0:0:0|0:0:0|0:0:0|0:0:0|2:0:1","0:0:0|0:0:0|0:0:0|0:0:0|0:0:0|0:1:1|2:0:1|0:0:0|0:0:0|0:0:0|0:1:1|0:0:0|2:0:2|0:0:0|0:0:0|0:0:0|0:0:0|0:0:0|0:0:0|0:0:0|0:0:0|0:0:0|0:0:0|0:0:0|0:0:0|2:0:1|0:0:0|0:0:0|0:0:0|2:0:1|0:0:0|0:0:0|0:0:0|3:3:0|0:0:0|1:2:0|0:0:0|0:0:0|0:0:0|0:0:0|0:0:0|1:1:0|1:1:0|0:0:0|0:0:0|0:0:0|0:0:0|0:0:0|2:0:1","0:0:0|0:0:0|0:0:0|0:0:0|0:0:0|0:1:1|2:0:1|0:0:0|0:0:0|0:0:0|0:1:1|0:0:0|2:0:2|0:0:0|0:0:0|0:0:0|0:0:0|0:0:0|0:0:0|0:0:0|0:0:0|0:0:0|0:0:0|0:0:0|0:0:0|2:0:1|0:0:0|0:0:0|0:0:0|2:0:1|0:0:0|0:0:0|0:0:0|3:3:0|0:0:0|1:2:0|0:0:0|0:0:0|0:0:0|0:0:0|0:0:0|1:1:0|1:1:0|0:0:0|0:0:0|0:0:0|0:0:0|0:0:0|2:0:1"
"7x7","7x7-seeded-random","-1","1","22","0.458333","1","2","O21","ML","33","30","33","31","0","0","2","0","0","0","1","0","1","0:0:0|0:0:0|0:0:0|0:0:0|0:0:0|0:1:1|2:0:1|0:0:0|0:0:0|0:0:0|0:1:1|0:0:0|2:0:2|0:0:0|0:0:0|0:0:0|0:0:0|0:0:0|0:0:0|0:0:0|0:0:0|0:0:0|0:0:0|0:0:0|0:0:0|2:0:1|0:0:0|0:0:0|0:0:0|2:0:1|0:0:0|0:0:0|0:0:0|3:3:0|0:0:0|1:2:0|0:0:0|0:0:0|0:0:0|0:0:0|0:0:0|1:1:0|1:1:0|0:0:0|0:0:0|0:0:0|0:0:0|0:0:0|2:0:1","0:0:0|0:0:0|0:0:0|0:0:0|0:0:0|0:1:1|2:0:1|0:0:0|0:0:0|0:0:0|0:1:1|0:0:0|2:0:2|0:0:0|0:0:0|0:0:1|0:0:0|0:0:0|0:0:0|0:0:0|0:0:0|0:0:0|0:0:0|0:0:0|0:0:0|2:0:1|0:0:0|0:0:0|0:0:0|2:0:1|0:0:0|0:0:0|0:0:0|3:3:0|0:0:0|1:2:0|0:0:0|0:0:0|0:0:0|0:0:0|0:0:0|1:1:0|1:1:0|0:0:0|0:0:0|0:0:0|0:0:0|0:0:0|2:0:1","0:0:0|0:0:0|2:0:1|0:0:0|0:0:0|0:1:1|2:0:1|0:0:0|0:0:0|0:0:0|0:1:1|0:0:0|2:0:2|0:0:0|0:0:0|2:0:1|0:0:0|0:0:0|0:0:0|0:0:0|0:0:0|2:0:1|0:0:0|0:0:0|0:0:0|2:0:1|0:0:0|0:0:0|0:0:0|2:0:1|0:0:0|0:0:0|0:0:0|3:3:0|0:0:0|1:2:0|0:0:0|0:0:0|0:0:0|0:0:0|0:0:0|1:1:0|1:1:0|0:0:0|0:0:0|0:0:0|0:0:0|0:0:0|2:0:1"
"7x7","7x7-seeded-random","-1","1","22","0.458333","2","2","O02","LM","33","31","33","32","0","0","2","0","0","0","1","0","1","0:0:0|0:0:0|0:0:0|0:0:0|0:0:0|0:1:1|2:0:1|0:0:0|0:0:0|0:0:0|0:1:1|0:0:0|2:0:2|0:0:0|0:0:0|0:0:1|0:0:0|0:0:0|0:0:0|0:0:0|0:0:0|0:0:0|0:0:0|0:0:0|0:0:0|2:0:1|0:0:0|0:0:0|0:0:0|2:0:1|0:0:0|0:0:0|0:0:0|3:3:0|0:0:0|1:2:0|0:0:0|0:0:0|0:0:0|0:0:0|0:0:0|1:1:0|1:1:0|0:0:0|0:0:0|0:0:0|0:0:0|0:0:0|2:0:1","0:0:0|0:0:0|0:0:1|0:0:0|0:0:0|0:1:1|2:0:1|0:0:0|0:0:0|0:0:0|0:1:1|0:0:0|2:0:2|0:0:0|0:0:0|0:0:1|0:0:0|0:0:0|0:0:0|0:0:0|0:0:0|0:0:0|0:0:0|0:0:0|0:0:0|2:0:1|0:0:0|0:0:0|0:0:0|2:0:1|0:0:0|0:0:0|0:0:0|3:3:0|0:0:0|1:2:0|0:0:0|0:0:0|0:0:0|0:0:0|0:0:0|1:1:0|1:1:0|0:0:0|0:0:0|0:0:0|0:0:0|0:0:0|2:0:1","0:0:0|0:0:0|2:0:1|0:0:0|0:0:0|0:1:1|2:0:1|0:0:0|0:0:0|0:0:0|0:1:1|0:0:0|2:0:2|0:0:0|0:0:0|2:0:1|0:0:0|0:0:0|0:0:0|0:0:0|0:0:0|2:0:1|0:0:0|0:0:0|0:0:0|2:0:1|0:0:0|0:0:0|0:0:0|2:0:1|0:0:0|0:0:0|0:0:0|3:3:0|0:0:0|1:2:0|0:0:0|0:0:0|0:0:0|0:0:0|0:0:0|1:1:0|1:1:0|0:0:0|0:0:0|0:0:0|0:0:0|0:0:0|2:0:1"
"7x7","7x7-seeded-random","-1","1","22","0.458333","3","2","O30","ML","33","32","33","33","0","2","2","0","0","0","1","0","1","0:0:0|0:0:0|0:0:1|0:0:0|0:0:0|0:1:1|2:0:1|0:0:0|0:0:0|0:0:0|0:1:1|0:0:0|2:0:2|0:0:0|0:0:0|0:0:1|0:0:0|0:0:0|0:0:0|0:0:0|0:0:0|0:0:0|0:0:0|0:0:0|0:0:0|2:0:1|0:0:0|0:0:0|0:0:0|2:0:1|0:0:0|0:0:0|0:0:0|3:3:0|0:0:0|1:2:0|0:0:0|0:0:0|0:0:0|0:0:0|0:0:0|1:1:0|1:1:0|0:0:0|0:0:0|0:0:0|0:0:0|0:0:0|2:0:1","0:0:0|0:0:0|2:0:1|0:0:0|0:0:0|0:1:1|2:0:1|0:0:0|0:0:0|0:0:0|0:1:1|0:0:0|2:0:2|0:0:0|0:0:0|2:0:1|0:0:0|0:0:0|0:0:0|0:0:0|0:0:0|2:0:1|0:0:0|0:0:0|0:0:0|2:0:1|0:0:0|0:0:0|0:0:0|2:0:1|0:0:0|0:0:0|0:0:0|3:3:0|0:0:0|1:2:0|0:0:0|0:0:0|0:0:0|0:0:0|0:0:0|1:1:0|1:1:0|0:0:0|0:0:0|0:0:0|0:0:0|0:0:0|2:0:1","0:0:0|0:0:0|2:0:1|0:0:0|0:0:0|0:1:1|2:0:1|0:0:0|0:0:0|0:0:0|0:1:1|0:0:0|2:0:2|0:0:0|0:0:0|2:0:1|0:0:0|0:0:0|0:0:0|0:0:0|0:0:0|2:0:1|0:0:0|0:0:0|0:0:0|2:0:1|0:0:0|0:0:0|0:0:0|2:0:1|0:0:0|0:0:0|0:0:0|3:3:0|0:0:0|1:2:0|0:0:0|0:0:0|0:0:0|0:0:0|0:0:0|1:1:0|1:1:0|0:0:0|0:0:0|0:0:0|0:0:0|0:0:0|2:0:1"
"7x7","7x7-seeded-random","-1","1","23","0.479167","3","1","O46","MH","35","33","36","33","0","1","1","0","0","1","0","1","0","0:0:0|0:0:0|2:0:1|0:0:0|0:0:0|0:1:1|2:0:1|0:0:0|0:0:0|0:0:0|0:1:1|0:0:0|2:0:2|0:0:0|0:0:0|2:0:1|0:0:0|0:0:0|0:0:0|0:0:0|0:0:0|2:0:1|0:0:0|0:0:0|0:0:0|2:0:1|0:0:0|0:0:0|0:0:0|2:0:1|0:0:0|0:0:0|0:0:0|3:3:0|0:0:0|1:2:0|0:0:0|0:0:0|0:0:0|0:0:0|0:0:0|1:1:0|1:1:0|0:0:0|0:0:0|0:0:0|0:0:0|0:0:0|2:0:1","0:0:0|0:0:0|2:0:1|0:0:0|0:0:0|0:1:1|2:0:1|0:0:0|0:0:0|0:0:0|0:1:1|0:0:0|2:0:2|0:0:0|0:0:0|2:0:1|0:0:0|0:0:0|0:0:0|0:0:0|0:0:0|2:0:1|0:0:0|0:0:0|0:0:0|2:0:1|0:0:0|0:0:0|0:0:0|2:0:1|0:0:0|0:0:0|0:0:0|3:3:0|1:1:0|1:2:0|0:0:0|0:0:0|0:0:0|0:0:0|0:0:0|1:1:0|1:1:0|0:0:0|0:0:0|0:0:0|0:0:0|0:0:0|2:0:1","0:0:0|0:0:0|2:0:1|0:0:0|0:0:0|0:1:1|2:0:1|0:0:0|0:0:0|0:0:0|0:1:1|0:0:0|2:0:2|0:0:0|0:0:0|2:0:1|0:0:0|0:0:0|0:0:0|0:0:0|0:0:0|2:0:1|0:0:0|0:0:0|0:0:0|2:0:1|0:0:0|0:0:0|0:0:0|2:0:1|0:0:0|0:0:0|0:0:0|3:3:0|1:1:0|1:2:0|0:0:0|0:0:0|0:0:0|0:0:0|0:0:0|1:1:0|1:1:0|0:0:0|0:0:0|0:0:0|0:0:0|0:0:0|2:0:1"
"7x7","7x7-seeded-random","-1","1","25","0.520833","1","1","O50","HL","36","36","37","36","1","1","3","2","0","3","0","3","0","0:0:0|0:0:0|2:0:1|0:0:0|0:0:0|0:1:1|2:0:1|0:0:0|0:0:0|0:0:0|0:1:1|0:0:0|2:0:2|0:0:0|0:0:0|2:0:1|0:0:0|0:0:0|0:0:0|0:0:0|0:0:0|2:0:1|0:0:0|0:0:0|0:0:0|2:0:1|0:0:0|0:0:0|0:0:0|2:0:1|0:0:0|0:0:0|0:0:0|3:3:0|1:1:0|1:2:0|0:0:0|0:0:0|0:0:0|0:0:0|0:0:0|1:1:0|1:1:0|0:0:0|0:0:0|0:0:0|0:0:0|0:0:0|2:0:1","0:0:0|0:0:0|2:0:1|0:0:0|0:0:0|0:1:1|2:0:1|0:0:0|0:0:0|0:0:0|0:1:1|0:0:0|2:0:2|0:0:0|0:0:0|2:0:1|0:0:0|0:0:0|0:0:0|0:0:0|0:0:0|2:0:1|0:0:0|0:0:0|0:0:0|2:0:1|0:0:0|0:0:0|0:0:0|2:0:1|0:0:0|0:0:0|0:0:0|3:3:0|1:1:0|1:3:0|0:0:0|0:0:0|0:0:0|0:0:0|0:0:0|1:1:0|1:1:0|0:0:0|0:0:0|0:0:0|0:0:0|0:0:0|2:0:1","0:0:0|0:0:0|2:0:1|0:0:0|1:1:0|0:1:1|2:0:1|1:1:0|0:0:0|0:0:0|0:1:1|0:0:0|2:0:2|0:0:0|0:0:0|2:0:1|0:0:0|0:0:0|0:0:0|0:0:0|0:0:0|2:0:1|0:0:0|0:0:0|0:0:0|2:0:1|0:0:0|0:0:0|0:0:0|2:0:1|0:0:0|0:0:0|0:0:0|3:3:0|1:1:0|3:3:0|0:0:0|0:0:0|0:0:0|0:0:0|0:0:0|1:1:0|1:1:0|0:0:0|0:0:0|0:0:0|0:0:0|0:0:0|2:0:1"
"7x7","7x7-seeded-random","-1","1","25","0.520833","2","1","O04","LM","37","36","38","36","0","0","1","0","0","1","0","1","0","0:0:0|0:0:0|2:0:1|0:0:0|0:0:0|0:1:1|2:0:1|0:0:0|0:0:0|0:0:0|0:1:1|0:0:0|2:0:2|0:0:0|0:0:0|2:0:1|0:0:0|0:0:0|0:0:0|0:0:0|0:0:0|2:0:1|0:0:0|0:0:0|0:0:0|2:0:1|0:0:0|0:0:0|0:0:0|2:0:1|0:0:0|0:0:0|0:0:0|3:3:0|1:1:0|1:3:0|0:0:0|0:0:0|0:0:0|0:0:0|0:0:0|1:1:0|1:1:0|0:0:0|0:0:0|0:0:0|0:0:0|0:0:0|2:0:1","0:0:0|0:0:0|2:0:1|0:0:0|0:1:0|0:1:1|2:0:1|0:0:0|0:0:0|0:0:0|0:1:1|0:0:0|2:0:2|0:0:0|0:0:0|2:0:1|0:0:0|0:0:0|0:0:0|0:0:0|0:0:0|2:0:1|0:0:0|0:0:0|0:0:0|2:0:1|0:0:0|0:0:0|0:0:0|2:0:1|0:0:0|0:0:0|0:0:0|3:3:0|1:1:0|1:3:0|0:0:0|0:0:0|0:0:0|0:0:0|0:0:0|1:1:0|1:1:0|0:0:0|0:0:0|0:0:0|0:0:0|0:0:0|2:0:1","0:0:0|0:0:0|2:0:1|0:0:0|1:1:0|0:1:1|2:0:1|1:1:0|0:0:0|0:0:0|0:1:1|0:0:0|2:0:2|0:0:0|0:0:0|2:0:1|0:0:0|0:0:0|0:0:0|0:0:0|0:0:0|2:0:1|0:0:0|0:0:0|0:0:0|2:0:1|0:0:0|0:0:0|0:0:0|2:0:1|0:0:0|0:0:0|0:0:0|3:3:0|1:1:0|3:3:0|0:0:0|0:0:0|0:0:0|0:0:0|0:0:0|1:1:0|1:1:0|0:0:0|0:0:0|0:0:0|0:0:0|0:0:0|2:0:1"
"7x7","7x7-seeded-random","-1","1","25","0.520833","3","1","O10","LL","38","36","39","36","0","1","1","0","0","1","0","1","0","0:0:0|0:0:0|2:0:1|0:0:0|0:1:0|0:1:1|2:0:1|0:0:0|0:0:0|0:0:0|0:1:1|0:0:0|2:0:2|0:0:0|0:0:0|2:0:1|0:0:0|0:0:0|0:0:0|0:0:0|0:0:0|2:0:1|0:0:0|0:0:0|0:0:0|2:0:1|0:0:0|0:0:0|0:0:0|2:0:1|0:0:0|0:0:0|0:0:0|3:3:0|1:1:0|1:3:0|0:0:0|0:0:0|0:0:0|0:0:0|0:0:0|1:1:0|1:1:0|0:0:0|0:0:0|0:0:0|0:0:0|0:0:0|2:0:1","0:0:0|0:0:0|2:0:1|0:0:0|1:1:0|0:1:1|2:0:1|1:1:0|0:0:0|0:0:0|0:1:1|0:0:0|2:0:2|0:0:0|0:0:0|2:0:1|0:0:0|0:0:0|0:0:0|0:0:0|0:0:0|2:0:1|0:0:0|0:0:0|0:0:0|2:0:1|0:0:0|0:0:0|0:0:0|2:0:1|0:0:0|0:0:0|0:0:0|3:3:0|1:1:0|3:3:0|0:0:0|0:0:0|0:0:0|0:0:0|0:0:0|1:1:0|1:1:0|0:0:0|0:0:0|0:0:0|0:0:0|0:0:0|2:0:1","0:0:0|0:0:0|2:0:1|0:0:0|1:1:0|0:1:1|2:0:1|1:1:0|0:0:0|0:0:0|0:1:1|0:0:0|2:0:2|0:0:0|0:0:0|2:0:1|0:0:0|0:0:0|0:0:0|0:0:0|0:0:0|2:0:1|0:0:0|0:0:0|0:0:0|2:0:1|0:0:0|0:0:0|0:0:0|2:0:1|0:0:0|0:0:0|0:0:0|3:3:0|1:1:0|3:3:0|0:0:0|0:0:0|0:0:0|0:0:0|0:0:0|1:1:0|1:1:0|0:0:0|0:0:0|0:0:0|0:0:0|0:0:0|2:0:1"
"7x7","7x7-seeded-random","-1","1","26","0.541667","2","2","O44","MM","39","37","39","38","0","0","2","0","0","0","1","0","1","0:0:0|0:0:0|2:0:1|0:0:0|1:1:0|0:1:1|2:0:1|1:1:0|0:0:0|0:0:0|0:1:1|0:0:0|2:0:2|0:0:0|0:0:0|2:0:1|0:0:0|0:0:0|0:0:0|0:0:0|0:0:0|2:0:1|0:0:0|0:0:0|0:0:0|2:0:1|0:0:0|0:0:0|0:0:0|2:0:1|0:0:0|0:0:0|0:0:0|3:3:0|1:1:0|3:3:0|0:0:0|0:0:0|0:0:0|0:0:0|0:0:0|1:1:0|1:1:0|0:0:0|0:0:0|0:0:0|0:0:0|0:0:0|2:0:1","0:0:0|0:0:0|2:0:1|0:0:0|1:1:0|0:1:1|2:0:1|1:1:0|0:0:0|0:0:0|0:1:1|0:0:0|2:0:2|0:0:0|0:0:0|2:0:1|0:0:0|0:0:0|0:0:0|0:0:0|0:0:0|2:0:1|0:0:0|0:0:0|0:0:0|2:0:1|0:0:0|0:0:0|0:0:0|2:0:1|0:0:0|0:0:0|0:0:1|3:3:0|1:1:0|3:3:0|0:0:0|0:0:0|0:0:0|0:0:0|0:0:0|1:1:0|1:1:0|0:0:0|0:0:0|0:0:0|0:0:0|0:0:0|2:0:1","0:0:0|0:0:0|2:0:1|0:0:0|1:1:0|2:1:2|2:0:1|1:1:0|0:0:0|0:0:0|0:1:1|0:0:0|2:0:2|0:0:0|0:0:0|2:0:1|0:0:0|0:0:0|0:0:0|0:0:0|0:0:0|2:0:1|0:0:0|0:0:0|0:0:0|2:0:1|0:0:0|0:0:0|0:0:0|2:0:1|0:0:0|0:0:0|2:0:1|3:3:0|1:1:0|3:3:0|0:0:0|0:0:0|0:0:0|0:0:0|0:0:0|1:1:0|1:1:0|0:0:0|0:0:0|0:0:0|0:0:0|0:0:0|2:0:1"
"7x7","7x7-seeded-random","-1","1","26","0.541667","3","2","O05","LH","39","38","39","39","0","2","2","1","1","1","2","1","2","0:0:0|0:0:0|2:0:1|0:0:0|1:1:0|0:1:1|2:0:1|1:1:0|0:0:0|0:0:0|0:1:1|0:0:0|2:0:2|0:0:0|0:0:0|2:0:1|0:0:0|0:0:0|0:0:0|0:0:0|0:0:0|2:0:1|0:0:0|0:0:0|0:0:0|2:0:1|0:0:0|0:0:0|0:0:0|2:0:1|0:0:0|0:0:0|0:0:1|3:3:0|1:1:0|3:3:0|0:0:0|0:0:0|0:0:0|0:0:0|0:0:0|1:1:0|1:1:0|0:0:0|0:0:0|0:0:0|0:0:0|0:0:0|2:0:1","0:0:0|0:0:0|2:0:1|0:0:0|1:1:0|2:1:2|2:0:1|1:1:0|0:0:0|0:0:0|0:1:1|0:0:0|2:0:2|0:0:0|0:0:0|2:0:1|0:0:0|0:0:0|0:0:0|0:0:0|0:0:0|2:0:1|0:0:0|0:0:0|0:0:0|2:0:1|0:0:0|0:0:0|0:0:0|2:0:1|0:0:0|0:0:0|2:0:1|3:3:0|1:1:0|3:3:0|0:0:0|0:0:0|0:0:0|0:0:0|0:0:0|1:1:0|1:1:0|0:0:0|0:0:0|0:0:0|0:0:0|0:0:0|2:0:1","0:0:0|0:0:0|2:0:1|0:0:0|1:1:0|2:1:2|2:0:1|1:1:0|0:0:0|0:0:0|0:1:1|0:0:0|2:0:2|0:0:0|0:0:0|2:0:1|0:0:0|0:0:0|0:0:0|0:0:0|0:0:0|2:0:1|0:0:0|0:0:0|0:0:0|2:0:1|0:0:0|0:0:0|0:0:0|2:0:1|0:0:0|0:0:0|2:0:1|3:3:0|1:1:0|3:3:0|0:0:0|0:0:0|0:0:0|0:0:0|0:0:0|1:1:0|1:1:0|0:0:0|0:0:0|0:0:0|0:0:0|0:0:0|2:0:1"
"7x7","7x7-seeded-random","-1","1","27","0.562500","2","1","O24","MM","40","39","41","39","0","0","1","0","0","1","0","1","0","0:0:0|0:0:0|2:0:1|0:0:0|1:1:0|2:1:2|2:0:1|1:1:0|0:0:0|0:0:0|0:1:1|0:0:0|2:0:2|0:0:0|0:0:0|2:0:1|0:0:0|0:0:0|0:0:0|0:0:0|0:0:0|2:0:1|0:0:0|0:0:0|0:0:0|2:0:1|0:0:0|0:0:0|0:0:0|2:0:1|0:0:0|0:0:0|2:0:1|3:3:0|1:1:0|3:3:0|0:0:0|0:0:0|0:0:0|0:0:0|0:0:0|1:1:0|1:1:0|0:0:0|0:0:0|0:0:0|0:0:0|0:0:0|2:0:1","0:0:0|0:0:0|2:0:1|0:0:0|1:1:0|2:1:2|2:0:1|1:1:0|0:0:0|0:0:0|0:1:1|0:0:0|2:0:2|0:0:0|0:0:0|2:0:1|0:0:0|0:0:0|0:1:0|0:0:0|0:0:0|2:0:1|0:0:0|0:0:0|0:0:0|2:0:1|0:0:0|0:0:0|0:0:0|2:0:1|0:0:0|0:0:0|2:0:1|3:3:0|1:1:0|3:3:0|0:0:0|0:0:0|0:0:0|0:0:0|0:0:0|1:1:0|1:1:0|0:0:0|0:0:0|0:0:0|0:0:0|0:0:0|2:0:1","0:0:0|1:1:0|2:0:1|0:0:0|1:1:0|2:1:2|2:0:1|1:1:0|0:0:0|0:0:0|0:1:1|0:0:0|2:0:2|0:0:0|0:0:0|2:0:1|0:0:0|0:0:0|1:1:0|0:0:0|0:0:0|2:0:1|0:0:0|0:0:0|0:0:0|2:0:1|0:0:0|0:0:0|0:0:0|2:0:1|0:0:0|0:0:0|2:0:1|3:3:0|1:1:0|3:3:0|0:0:0|0:0:0|0:0:0|0:0:0|0:0:0|1:1:0|1:1:0|0:0:0|0:0:0|0:0:0|0:0:0|0:0:0|2:0:1"
"7x7","7x7-seeded-random","-1","1","27","0.562500","3","1","O01","LL","41","39","42","39","0","1","1","0","0","1","0","1","0","0:0:0|0:0:0|2:0:1|0:0:0|1:1:0|2:1:2|2:0:1|1:1:0|0:0:0|0:0:0|0:1:1|0:0:0|2:0:2|0:0:0|0:0:0|2:0:1|0:0:0|0:0:0|0:1:0|0:0:0|0:0:0|2:0:1|0:0:0|0:0:0|0:0:0|2:0:1|0:0:0|0:0:0|0:0:0|2:0:1|0:0:0|0:0:0|2:0:1|3:3:0|1:1:0|3:3:0|0:0:0|0:0:0|0:0:0|0:0:0|0:0:0|1:1:0|1:1:0|0:0:0|0:0:0|0:0:0|0:0:0|0:0:0|2:0:1","0:0:0|1:1:0|2:0:1|0:0:0|1:1:0|2:1:2|2:0:1|1:1:0|0:0:0|0:0:0|0:1:1|0:0:0|2:0:2|0:0:0|0:0:0|2:0:1|0:0:0|0:0:0|1:1:0|0:0:0|0:0:0|2:0:1|0:0:0|0:0:0|0:0:0|2:0:1|0:0:0|0:0:0|0:0:0|2:0:1|0:0:0|0:0:0|2:0:1|3:3:0|1:1:0|3:3:0|0:0:0|0:0:0|0:0:0|0:0:0|0:0:0|1:1:0|1:1:0|0:0:0|0:0:0|0:0:0|0:0:0|0:0:0|2:0:1","0:0:0|1:1:0|2:0:1|0:0:0|1:1:0|2:1:2|2:0:1|1:1:0|0:0:0|0:0:0|0:1:1|0:0:0|2:0:2|0:0:0|0:0:0|2:0:1|0:0:0|0:0:0|1:1:0|0:0:0|0:0:0|2:0:1|0:0:0|0:0:0|0:0:0|2:0:1|0:0:0|0:0:0|0:0:0|2:0:1|0:0:0|0:0:0|2:0:1|3:3:0|1:1:0|3:3:0|0:0:0|0:0:0|0:0:0|0:0:0|0:0:0|1:1:0|1:1:0|0:0:0|0:0:0|0:0:0|0:0:0|0:0:0|2:0:1"
"7x7","7x7-seeded-random","-1","1","28","0.583333","1","2","O03","LM","42","39","42","40","0","0","2","0","0","0","1","0","1","0:0:0|1:1:0|2:0:1|0:0:0|1:1:0|2:1:2|2:0:1|1:1:0|0:0:0|0:0:0|0:1:1|0:0:0|2:0:2|0:0:0|0:0:0|2:0:1|0:0:0|0:0:0|1:1:0|0:0:0|0:0:0|2:0:1|0:0:0|0:0:0|0:0:0|2:0:1|0:0:0|0:0:0|0:0:0|2:0:1|0:0:0|0:0:0|2:0:1|3:3:0|1:1:0|3:3:0|0:0:0|0:0:0|0:0:0|0:0:0|0:0:0|1:1:0|1:1:0|0:0:0|0:0:0|0:0:0|0:0:0|0:0:0|2:0:1","0:0:0|1:1:0|2:0:1|0:0:1|1:1:0|2:1:2|2:0:1|1:1:0|0:0:0|0:0:0|0:1:1|0:0:0|2:0:2|0:0:0|0:0:0|2:0:1|0:0:0|0:0:0|1:1:0|0:0:0|0:0:0|2:0:1|0:0:0|0:0:0|0:0:0|2:0:1|0:0:0|0:0:0|0:0:0|2:0:1|0:0:0|0:0:0|2:0:1|3:3:0|1:1:0|3:3:0|0:0:0|0:0:0|0:0:0|0:0:0|0:0:0|1:1:0|1:1:0|0:0:0|0:0:0|0:0:0|0:0:0|0:0:0|2:0:1","0:0:0|1:1:0|2:0:1|2:0:1|1:1:0|2:1:2|2:0:1|1:1:0|0:0:0|0:0:0|0:1:1|0:0:0|2:0:2|0:0:0|0:0:0|2:0:1|0:0:0|0:0:0|1:1:0|0:0:0|0:0:0|2:0:1|0:0:0|0:0:0|0:0:0|2:0:1|0:0:0|0:0:0|0:0:0|2:0:1|0:0:0|0:0:0|2:0:1|3:3:0|1:1:0|3:3:0|0:0:0|2:0:1|0:0:0|0:0:0|0:0:0|1:1:0|1:1:0|0:0:0|0:0:0|0:0:0|0:0:0|0:0:0|2:0:1"
"7x7","7x7-seeded-random","-1","1","28","0.583333","2","2","O52","HM","42","40","42","41","0","0","2","0","0","0","1","0","1","0:0:0|1:1:0|2:0:1|0:0:1|1:1:0|2:1:2|2:0:1|1:1:0|0:0:0|0:0:0|0:1:1|0:0:0|2:0:2|0:0:0|0:0:0|2:0:1|0:0:0|0:0:0|1:1:0|0:0:0|0:0:0|2:0:1|0:0:0|0:0:0|0:0:0|2:0:1|0:0:0|0:0:0|0:0:0|2:0:1|0:0:0|0:0:0|2:0:1|3:3:0|1:1:0|3:3:0|0:0:0|0:0:0|0:0:0|0:0:0|0:0:0|1:1:0|1:1:0|0:0:0|0:0:0|0:0:0|0:0:0|0:0:0|2:0:1","0:0:0|1:1:0|2:0:1|0:0:1|1:1:0|2:1:2|2:0:1|1:1:0|0:0:0|0:0:0|0:1:1|0:0:0|2:0:2|0:0:0|0:0:0|2:0:1|0:0:0|0:0:0|1:1:0|0:0:0|0:0:0|2:0:1|0:0:0|0:0:0|0:0:0|2:0:1|0:0:0|0:0:0|0:0:0|2:0:1|0:0:0|0:0:0|2:0:1|3:3:0|1:1:0|3:3:0|0:0:0|0:0:1|0:0:0|0:0:0|0:0:0|1:1:0|1:1:0|0:0:0|0:0:0|0:0:0|0:0:0|0:0:0|2:0:1","0:0:0|1:1:0|2:0:1|2:0:1|1:1:0|2:1:2|2:0:1|1:1:0|0:0:0|0:0:0|0:1:1|0:0:0|2:0:2|0:0:0|0:0:0|2:0:1|0:0:0|0:0:0|1:1:0|0:0:0|0:0:0|2:0:1|0:0:0|0:0:0|0:0:0|2:0:1|0:0:0|0:0:0|0:0:0|2:0:1|0:0:0|0:0:0|2:0:1|3:3:0|1:1:0|3:3:0|0:0:0|2:0:1|0:0:0|0:0:0|0:0:0|1:1:0|1:1:0|0:0:0|0:0:0|0:0:0|0:0:0|0:0:0|2:0:1"
"7x7","7x7-seeded-random","-1","1","29","0.604167","2","1","O30","ML","43","42","44","42","2","2","0","0","1","1","1","1","1","0:0:0|1:1:0|2:0:1|2:0:1|1:1:0|2:1:2|2:0:1|1:1:0|0:0:0|0:0:0|0:1:1|0:0:0|2:0:2|0:0:0|0:0:0|2:0:1|0:0:0|0:0:0|1:1:0|0:0:0|0:0:0|2:0:1|0:0:0|0:0:0|0:0:0|2:0:1|0:0:0|0:0:0|0:0:0|2:0:1|0:0:0|0:0:0|2:0:1|3:3:0|1:1:0|3:3:0|0:0:0|2:0:1|0:0:0|0:0:0|0:0:0|1:1:0|1:1:0|0:0:0|0:0:0|0:0:0|0:0:0|0:0:0|2:0:1","0:0:0|1:1:0|2:0:1|2:0:1|1:1:0|2:1:2|2:0:1|1:1:0|0:0:0|0:0:0|0:1:1|0:0:0|2:0:2|0:0:0|0:0:0|2:0:1|0:0:0|0:0:0|1:1:0|0:0:0|0:0:0|2:1:1|0:0:0|0:0:0|0:0:0|2:0:1|0:0:0|0:0:0|0:0:0|2:0:1|0:0:0|0:0:0|2:0:1|3:3:0|1:1:0|3:3:0|0:0:0|2:0:1|0:0:0|0:0:0|0:0:0|1:1:0|1:1:0|0:0:0|0:0:0|0:0:0|0:0:0|0:0:0|2:0:1","0:0:0|1:1:0|2:0:1|2:0:1|1:1:0|2:1:2|2:0:1|1:1:0|0:0:0|0:0:0|0:1:1|0:0:0|2:0:2|0:0:0|0:0:0|2:0:1|0:0:0|0:0:0|1:1:0|0:0:0|0:0:0|0:1:1|0:0:0|0:0:0|0:0:0|2:0:1|0:0:0|0:0:0|0:0:0|2:0:1|0:0:0|0:0:0|2:0:1|3:3:0|1:1:0|3:3:0|0:0:0|2:0:1|0:0:0|0:0:0|0:0:0|1:1:0|1:1:0|0:0:0|0:0:0|0:0:0|0:0:0|0:0:0|2:0:1"
"7x7","7x7-seeded-random","-1","1","30","0.625000","2","2","O15","LH","45","43","45","44","2","2","4","0","2","0","3","0","3","0:0:0|1:1:0|2:0:1|2:0:1|1:1:0|2:1:2|2:0:1|1:1:0|0:0:0|0:0:0|0:1:1|0:0:0|2:0:2|0:0:0|0:0:0|2:0:1|0:0:0|0:0:0|1:1:0|0:0:0|0:0:0|0:1:1|0:0:0|0:0:0|0:0:0|2:0:1|0:0:0|0:0:0|0:0:0|2:0:1|0:0:0|0:0:0|2:0:1|3:3:0|1:1:0|3:3:0|0:0:0|2:0:1|0:0:0|0:0:0|0:0:0|1:1:0|1:1:0|0:0:0|0:0:0|0:0:0|0:0:0|0:0:0|2:0:1","0:0:0|1:1:0|2:0:1|2:0:1|1:1:0|2:1:2|2:0:1|1:1:0|0:0:0|0:0:0|0:1:1|0:0:0|2:0:3|0:0:0|0:0:0|2:0:1|0:0:0|0:0:0|1:1:0|0:0:0|0:0:0|0:1:1|0:0:0|0:0:0|0:0:0|2:0:1|0:0:0|0:0:0|0:0:0|2:0:1|0:0:0|0:0:0|2:0:1|3:3:0|1:1:0|3:3:0|0:0:0|2:0:1|0:0:0|0:0:0|0:0:0|1:1:0|1:1:0|0:0:0|0:0:0|0:0:0|0:0:0|0:0:0|2:0:1","0:0:0|1:1:0|2:0:1|2:0:1|1:1:0|2:1:2|2:0:1|1:1:0|0:0:0|0:0:0|0:1:1|0:0:0|4:0:3|0:0:0|0:0:0|2:0:1|0:0:0|0:0:0|1:1:0|0:0:0|0:0:0|0:1:1|0:0:0|0:0:0|0:0:0|2:0:1|0:0:0|0:0:0|0:0:0|2:0:1|0:0:0|0:0:0|2:0:1|3:3:0|1:1:0|3:3:0|0:0:0|2:0:1|0:0:0|0:0:0|0:0:0|1:1:0|1:1:0|0:0:0|0:0:0|0:0:0|0:0:0|0:0:0|2:0:1"
"7x7","7x7-seeded-random","-1","1","31","0.645833","3","1","O30","ML","47","45","48","45","0","1","1","1","1","2","1","2","1","0:0:0|1:1:0|2:0:1|2:0:1|1:1:0|2:1:2|2:0:1|1:1:0|0:0:0|0:0:0|0:1:1|0:0:0|4:0:3|0:0:0|0:0:0|2:0:1|0:0:0|0:0:0|1:1:0|0:0:0|0:0:0|0:1:1|0:0:0|0:0:0|0:0:0|2:0:1|0:0:0|0:0:0|0:0:0|2:0:1|0:0:0|0:0:0|2:0:1|3:3:0|1:1:0|3:3:0|0:0:0|2:0:1|0:0:0|0:0:0|0:0:0|1:1:0|1:1:0|0:0:0|0:0:0|0:0:0|0:0:0|0:0:0|2:0:1","0:0:0|1:1:0|2:0:1|2:0:1|1:1:0|2:1:2|2:0:1|1:1:0|0:0:0|0:0:0|0:1:1|0:0:0|4:0:3|0:0:0|0:0:0|2:0:1|0:0:0|0:0:0|1:1:0|0:0:0|0:0:0|1:2:1|0:0:0|0:0:0|0:0:0|2:0:1|0:0:0|0:0:0|0:0:0|2:0:1|0:0:0|0:0:0|2:0:1|3:3:0|1:1:0|3:3:0|0:0:0|2:0:1|0:0:0|0:0:0|0:0:0|1:1:0|1:1:0|0:0:0|0:0:0|0:0:0|0:0:0|0:0:0|2:0:1","0:0:0|1:1:0|2:0:1|2:0:1|1:1:0|2:1:2|2:0:1|1:1:0|0:0:0|0:0:0|0:1:1|0:0:0|4:0:3|0:0:0|0:0:0|2:0:1|0:0:0|0:0:0|1:1:0|0:0:0|0:0:0|1:2:1|0:0:0|0:0:0|0:0:0|2:0:1|0:0:0|0:0:0|0:0:0|2:0:1|0:0:0|0:0:0|2:0:1|3:3:0|1:1:0|3:3:0|0:0:0|2:0:1|0:0:0|0:0:0|0:0:0|1:1:0|1:1:0|0:0:0|0:0:0|0:0:0|0:0:0|0:0:0|2:0:1"
"7x7","7x7-seeded-random","-1","1","32","0.666667","1","2","O34","MM","48","45","48","46","2","2","2","0","1","0","2","0","2","0:0:0|1:1:0|2:0:1|2:0:1|1:1:0|2:1:2|2:0:1|1:1:0|0:0:0|0:0:0|0:1:1|0:0:0|4:0:3|0:0:0|0:0:0|2:0:1|0:0:0|0:0:0|1:1:0|0:0:0|0:0:0|1:2:1|0:0:0|0:0:0|0:0:0|2:0:1|0:0:0|0:0:0|0:0:0|2:0:1|0:0:0|0:0:0|2:0:1|3:3:0|1:1:0|3:3:0|0:0:0|2:0:1|0:0:0|0:0:0|0:0:0|1:1:0|1:1:0|0:0:0|0:0:0|0:0:0|0:0:0|0:0:0|2:0:1","0:0:0|1:1:0|2:0:1|2:0:1|1:1:0|2:1:2|2:0:1|1:1:0|0:0:0|0:0:0|0:1:1|0:0:0|4:0:3|0:0:0|0:0:0|2:0:1|0:0:0|0:0:0|1:1:0|0:0:0|0:0:0|1:2:1|0:0:0|0:0:0|0:0:0|2:0:2|0:0:0|0:0:0|0:0:0|2:0:1|0:0:0|0:0:0|2:0:1|3:3:0|1:1:0|3:3:0|0:0:0|2:0:1|0:0:0|0:0:0|0:0:0|1:1:0|1:1:0|0:0:0|0:0:0|0:0:0|0:0:0|0:0:0|2:0:1","0:0:0|1:1:0|2:0:1|2:0:1|1:1:0|2:1:2|2:0:1|1:1:0|0:0:0|0:0:0|0:1:1|0:0:0|4:0:3|0:0:0|0:0:0|2:0:1|0:0:0|0:0:0|1:1:0|0:0:0|0:0:0|1:2:1|0:0:0|0:0:0|0:0:0|2:0:2|0:0:0|0:0:0|0:0:0|2:0:1|0:0:0|0:0:0|2:0:1|3:3:0|1:1:0|3:3:0|0:0:0|2:0:1|0:0:0|0:0:0|0:0:0|1:1:0|1:1:0|0:0:0|0:0:0|0:0:0|0:0:0|0:0:0|2:0:1"
"7x7","7x7-seeded-random","-1","1","33","0.687500","1","1","O23","MM","48","48","49","48","0","0","1","0","0","1","0","1","0","0:0:0|1:1:0|2:0:1|2:0:1|1:1:0|2:1:2|2:0:1|1:1:0|0:0:0|0:0:0|0:1:1|0:0:0|4:0:3|0:0:0|0:0:0|2:0:1|0:0:0|0:0:0|1:1:0|0:0:0|0:0:0|1:2:1|0:0:0|0:0:0|0:0:0|2:0:2|0:0:0|0:0:0|0:0:0|2:0:1|0:0:0|0:0:0|2:0:1|3:3:0|1:1:0|3:3:0|0:0:0|2:0:1|0:0:0|0:0:0|0:0:0|1:1:0|1:1:0|0:0:0|0:0:0|0:0:0|0:0:0|0:0:0|2:0:1","0:0:0|1:1:0|2:0:1|2:0:1|1:1:0|2:1:2|2:0:1|1:1:0|0:0:0|0:0:0|0:1:1|0:0:0|4:0:3|0:0:0|0:0:0|2:0:1|0:0:0|0:1:0|1:1:0|0:0:0|0:0:0|1:2:1|0:0:0|0:0:0|0:0:0|2:0:2|0:0:0|0:0:0|0:0:0|2:0:1|0:0:0|0:0:0|2:0:1|3:3:0|1:1:0|3:3:0|0:0:0|2:0:1|0:0:0|0:0:0|0:0:0|1:1:0|1:1:0|0:0:0|0:0:0|0:0:0|0:0:0|0:0:0|2:0:1","0:0:0|1:1:0|2:0:1|2:0:1|1:1:0|2:1:2|2:0:1|1:1:0|0:0:0|0:0:0|0:1:1|0:0:0|4:0:3|0:0:0|0:0:0|2:0:1|0:0:0|1:1:0|1:1:0|0:0:0|0:0:0|1:2:1|0:0:0|0:0:0|0:0:0|2:0:2|0:0:0|0:0:0|0:0:0|2:0:1|0:0:0|0:0:0|2:0:1|3:3:0|1:2:0|3:3:0|0:0:0|2:0:1|0:0:0|0:0:0|0:0:0|1:1:0|1:1:0|0:0:0|0:0:0|0:0:0|0:0:0|0:0:0|2:0:1"
"7x7","7x7-seeded-random","-1","1","33","0.687500","2","1","O46","MH","49","48","50","48","1","1","1","1","0","2","0","2","0","0:0:0|1:1:0|2:0:1|2:0:1|1:1:0|2:1:2|2:0:1|1:1:0|0:0:0|0:0:0|0:1:1|0:0:0|4:0:3|0:0:0|0:0:0|2:0:1|0:0:0|0:1:0|1:1:0|0:0:0|0:0:0|1:2:1|0:0:0|0:0:0|0:0:0|2:0:2|0:0:0|0:0:0|0:0:0|2:0:1|0:0:0|0:0:0|2:0:1|3:3:0|1:1:0|3:3:0|0:0:0|2:0:1|0:0:0|0:0:0|0:0:0|1:1:0|1:1:0|0:0:0|0:0:0|0:0:0|0:0:0|0:0:0|2:0:1","0:0:0|1:1:0|2:0:1|2:0:1|1:1:0|2:1:2|2:0:1|1:1:0|0:0:0|0:0:0|0:1:1|0:0:0|4:0:3|0:0:0|0:0:0|2:0:1|0:0:0|0:1:0|1:1:0|0:0:0|0:0:0|1:2:1|0:0:0|0:0:0|0:0:0|2:0:2|0:0:0|0:0:0|0:0:0|2:0:1|0:0:0|0:0:0|2:0:1|3:3:0|1:2:0|3:3:0|0:0:0|2:0:1|0:0:0|0:0:0|0:0:0|1:1:0|1:1:0|0:0:0|0:0:0|0:0:0|0:0:0|0:0:0|2:0:1","0:0:0|1:1:0|2:0:1|2:0:1|1:1:0|2:1:2|2:0:1|1:1:0|0:0:0|0:0:0|0:1:1|0:0:0|4:0:3|0:0:0|0:0:0|2:0:1|0:0:0|1:1:0|1:1:0|0:0:0|0:0:0|1:2:1|0:0:0|0:0:0|0:0:0|2:0:2|0:0:0|0:0:0|0:0:0|2:0:1|0:0:0|0:0:0|2:0:1|3:3:0|1:2:0|3:3:0|0:0:0|2:0:1|0:0:0|0:0:0|0:0:0|1:1:0|1:1:0|0:0:0|0:0:0|0:0:0|0:0:0|0:0:0|2:0:1"
"7x7","7x7-seeded-random","-1","1","34","0.708333","3","2","O46","MH","51","50","51","51","1","1","1","2","0","2","1","2","1","0:0:0|1:1:0|2:0:1|2:0:1|1:1:0|2:1:2|2:0:1|1:1:0|0:0:0|0:0:0|0:1:1|0:0:0|4:0:3|0:0:0|0:0:0|2:0:1|0:0:0|1:1:0|1:1:0|0:0:0|0:0:0|1:2:1|0:0:0|0:0:0|0:0:0|2:0:2|0:0:0|0:0:0|0:0:0|2:0:1|0:0:0|0:0:0|2:0:1|3:3:0|1:2:0|3:3:0|0:0:0|2:0:1|0:0:0|0:0:0|0:0:0|1:1:0|1:1:0|0:0:0|0:0:0|0:0:0|0:0:0|0:0:0|2:0:1","0:0:0|1:1:0|2:0:1|2:0:1|1:1:0|2:1:2|2:0:1|1:1:0|0:0:0|0:0:0|0:1:1|0:0:0|4:0:3|0:0:0|0:0:0|2:0:1|0:0:0|1:1:0|1:1:0|0:0:0|0:0:0|1:2:1|0:0:0|0:0:0|0:0:0|2:0:2|0:0:0|0:0:0|0:0:0|2:0:1|0:0:0|0:0:0|2:0:1|3:3:0|1:2:1|3:3:0|0:0:0|2:0:1|0:0:0|0:0:0|0:0:0|1:1:0|1:1:0|0:0:0|0:0:0|0:0:0|0:0:0|0:0:0|2:0:1","0:0:0|1:1:0|2:0:1|2:0:1|1:1:0|2:1:2|2:0:1|1:1:0|0:0:0|0:0:0|0:1:1|0:0:0|4:0:3|0:0:0|0:0:0|2:0:1|0:0:0|1:1:0|1:1:0|0:0:0|0:0:0|1:2:1|0:0:0|0:0:0|0:0:0|2:0:2|0:0:0|0:0:0|0:0:0|2:0:1|0:0:0|0:0:0|2:0:1|3:3:0|1:2:1|3:3:0|0:0:0|2:0:1|0:0:0|0:0:0|0:0:0|1:1:0|1:1:0|0:0:0|0:0:0|0:0:0|0:0:0|0:0:0|2:0:1"
"7x7","7x7-seeded-random","-1","1","35","0.729167","1","1","O31","ML","51","51","52","51","0","0","1","0","0","1","0","1","0","0:0:0|1:1:0|2:0:1|2:0:1|1:1:0|2:1:2|2:0:1|1:1:0|0:0:0|0:0:0|0:1:1|0:0:0|4:0:3|0:0:0|0:0:0|2:0:1|0:0:0|1:1:0|1:1:0|0:0:0|0:0:0|1:2:1|0:0:0|0:0:0|0:0:0|2:0:2|0:0:0|0:0:0|0:0:0|2:0:1|0:0:0|0:0:0|2:0:1|3:3:0|1:2:1|3:3:0|0:0:0|2:0:1|0:0:0|0:0:0|0:0:0|1:1:0|1:1:0|0:0:0|0:0:0|0:0:0|0:0:0|0:0:0|2:0:1","0:0:0|1:1:0|2:0:1|2:0:1|1:1:0|2:1:2|2:0:1|1:1:0|0:0:0|0:0:0|0:1:1|0:0:0|4:0:3|0:0:0|0:0:0|2:0:1|0:0:0|1:1:0|1:1:0|0:0:0|0:0:0|1:2:1|0:1:0|0:0:0|0:0:0|2:0:2|0:0:0|0:0:0|0:0:0|2:0:1|0:0:0|0:0:0|2:0:1|3:3:0|1:2:1|3:3:0|0:0:0|2:0:1|0:0:0|0:0:0|0:0:0|1:1:0|1:1:0|0:0:0|0:0:0|0:0:0|0:0:0|0:0:0|2:0:1","0:0:0|1:1:0|2:0:1|2:0:1|1:1:0|2:1:2|2:0:1|1:1:0|0:0:0|0:0:0|0:1:1|0:0:0|4:0:3|0:0:0|1:1:0|2:0:1|0:0:0|1:1:0|1:1:0|0:0:0|0:0:0|1:2:1|1:1:0|0:0:0|0:0:0|2:0:2|0:0:0|0:0:0|0:0:0|2:0:1|0:0:0|0:0:0|2:0:1|3:3:0|1:2:1|3:3:0|0:0:0|2:0:1|0:0:0|0:0:0|0:0:0|1:1:0|1:1:0|0:0:0|0:0:0|0:0:0|0:0:0|0:0:0|2:0:1"
"7x7","7x7-seeded-random","-1","1","35","0.729167","3","1","O20","ML","53","51","54","51","0","1","1","0","0","1","0","1","0","0:0:0|1:1:0|2:0:1|2:0:1|1:1:0|2:1:2|2:0:1|1:1:0|0:0:0|0:0:0|0:1:1|0:0:0|4:0:3|0:0:0|0:0:0|2:0:1|0:0:0|1:1:0|1:1:0|0:0:0|0:0:0|1:2:1|0:1:0|0:0:0|0:0:0|2:0:2|0:0:0|0:0:0|0:0:0|2:0:1|0:0:0|0:0:0|2:0:1|3:3:0|1:2:1|3:3:0|0:0:0|2:0:1|0:0:0|0:0:0|0:0:0|1:1:0|1:1:0|0:0:0|0:0:0|0:0:0|0:0:0|0:0:0|2:0:1","0:0:0|1:1:0|2:0:1|2:0:1|1:1:0|2:1:2|2:0:1|1:1:0|0:0:0|0:0:0|0:1:1|0:0:0|4:0:3|0:0:0|1:1:0|2:0:1|0:0:0|1:1:0|1:1:0|0:0:0|0:0:0|1:2:1|1:1:0|0:0:0|0:0:0|2:0:2|0:0:0|0:0:0|0:0:0|2:0:1|0:0:0|0:0:0|2:0:1|3:3:0|1:2:1|3:3:0|0:0:0|2:0:1|0:0:0|0:0:0|0:0:0|1:1:0|1:1:0|0:0:0|0:0:0|0:0:0|0:0:0|0:0:0|2:0:1","0:0:0|1:1:0|2:0:1|2:0:1|1:1:0|2:1:2|2:0:1|1:1:0|0:0:0|0:0:0|0:1:1|0:0:0|4:0:3|0:0:0|1:1:0|2:0:1|0:0:0|1:1:0|1:1:0|0:0:0|0:0:0|1:2:1|1:1:0|0:0:0|0:0:0|2:0:2|0:0:0|0:0:0|0:0:0|2:0:1|0:0:0|0:0:0|2:0:1|3:3:0|1:2:1|3:3:0|0:0:0|2:0:1|0:0:0|0:0:0|0:0:0|1:1:0|1:1:0|0:0:0|0:0:0|0:0:0|0:0:0|0:0:0|2:0:1"
"7x7","7x7-seeded-random","-1","1","36","0.750000","3","2","O06","LH","54","53","54","54","2","2","2","0","1","0","2","0","2","0:0:0|1:1:0|2:0:1|2:0:1|1:1:0|2:1:2|2:0:1|1:1:0|0:0:0|0:0:0|0:1:1|0:0:0|4:0:3|0:0:0|1:1:0|2:0:1|0:0:0|1:1:0|1:1:0|0:0:0|0:0:0|1:2:1|1:1:0|0:0:0|0:0:0|2:0:2|0:0:0|0:0:0|0:0:0|2:0:1|0:0:0|0:0:0|2:0:1|3:3:0|1:2:1|3:3:0|0:0:0|2:0:1|0:0:0|0:0:0|0:0:0|1:1:0|1:1:0|0:0:0|0:0:0|0:0:0|0:0:0|0:0:0|2:0:1","0:0:0|1:1:0|2:0:1|2:0:1|1:1:0|2:1:2|2:0:2|1:1:0|0:0:0|0:0:0|0:1:1|0:0:0|4:0:3|0:0:0|1:1:0|2:0:1|0:0:0|1:1:0|1:1:0|0:0:0|0:0:0|1:2:1|1:1:0|0:0:0|0:0:0|2:0:2|0:0:0|0:0:0|0:0:0|2:0:1|0:0:0|0:0:0|2:0:1|3:3:0|1:2:1|3:3:0|0:0:0|2:0:1|0:0:0|0:0:0|0:0:0|1:1:0|1:1:0|0:0:0|0:0:0|0:0:0|0:0:0|0:0:0|2:0:1","0:0:0|1:1:0|2:0:1|2:0:1|1:1:0|2:1:2|2:0:2|1:1:0|0:0:0|0:0:0|0:1:1|0:0:0|4:0:3|0:0:0|1:1:0|2:0:1|0:0:0|1:1:0|1:1:0|0:0:0|0:0:0|1:2:1|1:1:0|0:0:0|0:0:0|2:0:2|0:0:0|0:0:0|0:0:0|2:0:1|0:0:0|0:0:0|2:0:1|3:3:0|1:2:1|3:3:0|0:0:0|2:0:1|0:0:0|0:0:0|0:0:0|1:1:0|1:1:0|0:0:0|0:0:0|0:0:0|0:0:0|0:0:0|2:0:1"
"7x7","7x7-seeded-random","-1","1","37","0.770833","3","1","O24","MM","56","54","57","54","1","1","1","1","0","2","0","2","0","0:0:0|1:1:0|2:0:1|2:0:1|1:1:0|2:1:2|2:0:2|1:1:0|0:0:0|0:0:0|0:1:1|0:0:0|4:0:3|0:0:0|1:1:0|2:0:1|0:0:0|1:1:0|1:1:0|0:0:0|0:0:0|1:2:1|1:1:0|0:0:0|0:0:0|2:0:2|0:0:0|0:0:0|0:0:0|2:0:1|0:0:0|0:0:0|2:0:1|3:3:0|1:2:1|3:3:0|0:0:0|2:0:1|0:0:0|0:0:0|0:0:0|1:1:0|1:1:0|0:0:0|0:0:0|0:0:0|0:0:0|0:0:0|2:0:1","0:0:0|1:1:0|2:0:1|2:0:1|1:1:0|2:1:2|2:0:2|1:1:0|0:0:0|0:0:0|0:1:1|0:0:0|4:0:3|0:0:0|1:1:0|2:0:1|0:0:0|1:1:0|1:2:0|0:0:0|0:0:0|1:2:1|1:1:0|0:0:0|0:0:0|2:0:2|0:0:0|0:0:0|0:0:0|2:0:1|0:0:0|0:0:0|2:0:1|3:3:0|1:2:1|3:3:0|0:0:0|2:0:1|0:0:0|0:0:0|0:0:0|1:1:0|1:1:0|0:0:0|0:0:0|0:0:0|0:0:0|0:0:0|2:0:1","0:0:0|1:1:0|2:0:1|2:0:1|1:1:0|2:1:2|2:0:2|1:1:0|0:0:0|0:0:0|0:1:1|0:0:0|4:0:3|0:0:0|1:1:0|2:0:1|0:0:0|1:1:0|1:2:0|0:0:0|0:0:0|1:2:1|1:1:0|0:0:0|0:0:0|2:0:2|0:0:0|0:0:0|0:0:0|2:0:1|0:0:0|0:0:0|2:0:1|3:3:0|1:2:1|3:3:0|0:0:0|2:0:1|0:0:0|0:0:0|0:0:0|1:1:0|1:1:0|0:0:0|0:0:0|0:0:0|0:0:0|0:0:0|2:0:1"
"7x7","7x7-seeded-random","-1","1","38","0.791667","1","2","O25","MH","57","54","57","55","0","0","2","0","0","0","1","0","1","0:0:0|1:1:0|2:0:1|2:0:1|1:1:0|2:1:2|2:0:2|1:1:0|0:0:0|0:0:0|0:1:1|0:0:0|4:0:3|0:0:0|1:1:0|2:0:1|0:0:0|1:1:0|1:2:0|0:0:0|0:0:0|1:2:1|1:1:0|0:0:0|0:0:0|2:0:2|0:0:0|0:0:0|0:0:0|2:0:1|0:0:0|0:0:0|2:0:1|3:3:0|1:2:1|3:3:0|0:0:0|2:0:1|0:0:0|0:0:0|0:0:0|1:1:0|1:1:0|0:0:0|0:0:0|0:0:0|0:0:0|0:0:0|2:0:1","0:0:0|1:1:0|2:0:1|2:0:1|1:1:0|2:1:2|2:0:2|1:1:0|0:0:0|0:0:0|0:1:1|0:0:0|4:0:3|0:0:0|1:1:0|2:0:1|0:0:0|1:1:0|1:2:0|0:0:1|0:0:0|1:2:1|1:1:0|0:0:0|0:0:0|2:0:2|0:0:0|0:0:0|0:0:0|2:0:1|0:0:0|0:0:0|2:0:1|3:3:0|1:2:1|3:3:0|0:0:0|2:0:1|0:0:0|0:0:0|0:0:0|1:1:0|1:1:0|0:0:0|0:0:0|0:0:0|0:0:0|0:0:0|2:0:1","0:0:0|1:1:0|2:0:1|2:0:1|1:1:0|2:1:2|2:0:2|1:1:0|2:0:1|0:0:0|0:1:1|0:0:0|4:0:3|0:0:0|1:1:0|2:0:1|0:0:0|1:1:0|1:2:0|2:0:1|0:0:0|1:2:1|1:1:0|0:0:0|0:0:0|2:0:2|0:0:0|0:0:0|0:0:0|2:0:1|0:0:0|0:0:0|2:0:1|3:3:0|1:2:1|3:3:0|0:0:0|2:0:2|0:0:0|0:0:0|0:0:0|1:1:0|1:1:0|0:0:0|0:0:0|0:0:0|0:0:0|0:0:0|2:0:1"
"7x7","7x7-seeded-random","-1","1","38","0.791667","2","2","O52","HM","57","55","57","56","2","2","2","0","1","0","2","0","2","0:0:0|1:1:0|2:0:1|2:0:1|1:1:0|2:1:2|2:0:2|1:1:0|0:0:0|0:0:0|0:1:1|0:0:0|4:0:3|0:0:0|1:1:0|2:0:1|0:0:0|1:1:0|1:2:0|0:0:1|0:0:0|1:2:1|1:1:0|0:0:0|0:0:0|2:0:2|0:0:0|0:0:0|0:0:0|2:0:1|0:0:0|0:0:0|2:0:1|3:3:0|1:2:1|3:3:0|0:0:0|2:0:1|0:0:0|0:0:0|0:0:0|1:1:0|1:1:0|0:0:0|0:0:0|0:0:0|0:0:0|0:0:0|2:0:1","0:0:0|1:1:0|2:0:1|2:0:1|1:1:0|2:1:2|2:0:2|1:1:0|0:0:0|0:0:0|0:1:1|0:0:0|4:0:3|0:0:0|1:1:0|2:0:1|0:0:0|1:1:0|1:2:0|0:0:1|0:0:0|1:2:1|1:1:0|0:0:0|0:0:0|2:0:2|0:0:0|0:0:0|0:0:0|2:0:1|0:0:0|0:0:0|2:0:1|3:3:0|1:2:1|3:3:0|0:0:0|2:0:2|0:0:0|0:0:0|0:0:0|1:1:0|1:1:0|0:0:0|0:0:0|0:0:0|0:0:0|0:0:0|2:0:1","0:0:0|1:1:0|2:0:1|2:0:1|1:1:0|2:1:2|2:0:2|1:1:0|2:0:1|0:0:0|0:1:1|0:0:0|4:0:3|0:0:0|1:1:0|2:0:1|0:0:0|1:1:0|1:2:0|2:0:1|0:0:0|1:2:1|1:1:0|0:0:0|0:0:0|2:0:2|0:0:0|0:0:0|0:0:0|2:0:1|0:0:0|0:0:0|2:0:1|3:3:0|1:2:1|3:3:0|0:0:0|2:0:2|0:0:0|0:0:0|0:0:0|1:1:0|1:1:0|0:0:0|0:0:0|0:0:0|0:0:0|0:0:0|2:0:1"
"7x7","7x7-seeded-random","-1","1","38","0.791667","3","2","O11","LL","57","56","57","57","0","2","2","0","0","0","1","0","1","0:0:0|1:1:0|2:0:1|2:0:1|1:1:0|2:1:2|2:0:2|1:1:0|0:0:0|0:0:0|0:1:1|0:0:0|4:0:3|0:0:0|1:1:0|2:0:1|0:0:0|1:1:0|1:2:0|0:0:1|0:0:0|1:2:1|1:1:0|0:0:0|0:0:0|2:0:2|0:0:0|0:0:0|0:0:0|2:0:1|0:0:0|0:0:0|2:0:1|3:3:0|1:2:1|3:3:0|0:0:0|2:0:2|0:0:0|0:0:0|0:0:0|1:1:0|1:1:0|0:0:0|0:0:0|0:0:0|0:0:0|0:0:0|2:0:1","0:0:0|1:1:0|2:0:1|2:0:1|1:1:0|2:1:2|2:0:2|1:1:0|2:0:1|0:0:0|0:1:1|0:0:0|4:0:3|0:0:0|1:1:0|2:0:1|0:0:0|1:1:0|1:2:0|2:0:1|0:0:0|1:2:1|1:1:0|0:0:0|0:0:0|2:0:2|0:0:0|0:0:0|0:0:0|2:0:1|0:0:0|0:0:0|2:0:1|3:3:0|1:2:1|3:3:0|0:0:0|2:0:2|0:0:0|0:0:0|0:0:0|1:1:0|1:1:0|0:0:0|0:0:0|0:0:0|0:0:0|0:0:0|2:0:1","0:0:0|1:1:0|2:0:1|2:0:1|1:1:0|2:1:2|2:0:2|1:1:0|2:0:1|0:0:0|0:1:1|0:0:0|4:0:3|0:0:0|1:1:0|2:0:1|0:0:0|1:1:0|1:2:0|2:0:1|0:0:0|1:2:1|1:1:0|0:0:0|0:0:0|2:0:2|0:0:0|0:0:0|0:0:0|2:0:1|0:0:0|0:0:0|2:0:1|3:3:0|1:2:1|3:3:0|0:0:0|2:0:2|0:0:0|0:0:0|0:0:0|1:1:0|1:1:0|0:0:0|0:0:0|0:0:0|0:0:0|0:0:0|2:0:1"
"7x7","7x7-seeded-random","-1","1","39","0.812500","1","1","O60","HL","57","57","58","57","1","1","1","1","0","2","0","2","0","0:0:0|1:1:0|2:0:1|2:0:1|1:1:0|2:1:2|2:0:2|1:1:0|2:0:1|0:0:0|0:1:1|0:0:0|4:0:3|0:0:0|1:1:0|2:0:1|0:0:0|1:1:0|1:2:0|2:0:1|0:0:0|1:2:1|1:1:0|0:0:0|0:0:0|2:0:2|0:0:0|0:0:0|0:0:0|2:0:1|0:0:0|0:0:0|2:0:1|3:3:0|1:2:1|3:3:0|0:0:0|2:0:2|0:0:0|0:0:0|0:0:0|1:1:0|1:1:0|0:0:0|0:0:0|0:0:0|0:0:0|0:0:0|2:0:1","0:0:0|1:1:0|2:0:1|2:0:1|1:1:0|2:1:2|2:0:2|1:1:0|2:0:1|0:0:0|0:1:1|0:0:0|4:0:3|0:0:0|1:1:0|2:0:1|0:0:0|1:1:0|1:2:0|2:0:1|0:0:0|1:2:1|1:1:0|0:0:0|0:0:0|2:0:2|0:0:0|0:0:0|0:0:0|2:0:1|0:0:0|0:0:0|2:0:1|3:3:0|1:2:1|3:3:0|0:0:0|2:0:2|0:0:0|0:0:0|0:0:0|1:1:0|1:2:0|0:0:0|0:0:0|0:0:0|0:0:0|0:0:0|2:0:1","0:0:0|1:1:0|2:0:1|2:0:1|1:1:0|2:1:2|2:0:2|1:1:0|2:0:1|0:0:0|0:1:1|0:0:0|4:0:3|0:0:0|1:1:0|2:0:1|0:0:0|1:1:0|1:2:0|2:0:1|0:0:0|1:2:1|1:1:0|0:0:0|0:0:0|2:0:2|0:0:0|0:0:0|0:0:0|2:0:1|0:0:0|0:0:0|0:1:1|3:3:0|1:2:1|3:3:0|0:0:0|2:0:2|0:0:0|0:0:0|0:0:0|1:1:0|1:2:0|0:0:0|0:0:0|0:0:0|0:0:0|0:0:0|2:0:1"
"7x7","7x7-seeded-random","-1","1","39","0.812500","2","1","O44","MM","58","57","59","57","2","2","0","0","1","1","1","1","1","0:0:0|1:1:0|2:0:1|2:0:1|1:1:0|2:1:2|2:0:2|1:1:0|2:0:1|0:0:0|0:1:1|0:0:0|4:0:3|0:0:0|1:1:0|2:0:1|0:0:0|1:1:0|1:2:0|2:0:1|0:0:0|1:2:1|1:1:0|0:0:0|0:0:0|2:0:2|0:0:0|0:0:0|0:0:0|2:0:1|0:0:0|0:0:0|2:0:1|3:3:0|1:2:1|3:3:0|0:0:0|2:0:2|0:0:0|0:0:0|0:0:0|1:1:0|1:2:0|0:0:0|0:0:0|0:0:0|0:0:0|0:0:0|2:0:1","0:0:0|1:1:0|2:0:1|2:0:1|1:1:0|2:1:2|2:0:2|1:1:0|2:0:1|0:0:0|0:1:1|0:0:0|4:0:3|0:0:0|1:1:0|2:0:1|0:0:0|1:1:0|1:2:0|2:0:1|0:0:0|1:2:1|1:1:0|0:0:0|0:0:0|2:0:2|0:0:0|0:0:0|0:0:0|2:0:1|0:0:0|0:0:0|2:1:1|3:3:0|1:2:1|3:3:0|0:0:0|2:0:2|0:0:0|0:0:0|0:0:0|1:1:0|1:2:0|0:0:0|0:0:0|0:0:0|0:0:0|0:0:0|2:0:1","0:0:0|1:1:0|2:0:1|2:0:1|1:1:0|2:1:2|2:0:2|1:1:0|2:0:1|0:0:0|0:1:1|0:0:0|4:0:3|0:0:0|1:1:0|2:0:1|0:0:0|1:1:0|1:2:0|2:0:1|0:0:0|1:2:1|1:1:0|0:0:0|0:0:0|2:0:2|0:0:0|0:0:0|0:0:0|2:0:1|0:0:0|0:0:0|0:1:1|3:3:0|1:2:1|3:3:0|0:0:0|2:0:2|0:0:0|0:0:0|0:0:0|1:1:0|1:2:0|0:0:0|0:0:0|0:0:0|0:0:0|0:0:0|2:0:1"
"7x7","7x7-seeded-random","-1","1","41","0.854167","2","1","O20","ML","61","60","62","60","1","1","1","1","0","2","0","2","0","0:0:0|1:1:0|2:0:1|2:0:1|1:1:0|2:1:2|2:0:2|1:1:0|2:0:1|0:0:0|0:1:1|0:0:0|4:0:3|0:0:0|1:1:0|2:0:1|0:0:0|1:1:0|1:2:0|2:0:1|0:0:0|1:2:1|1:1:0|0:0:0|0:0:0|2:0:2|0:0:0|0:0:0|0:0:0|2:0:1|0:0:0|0:0:0|0:1:1|3:3:0|1:2:1|3:3:0|0:0:0|2:0:2|0:0:0|0:0:0|0:0:0|1:1:0|1:2:0|0:0:0|0:0:0|0:0:0|0:0:0|0:0:0|2:0:1","0:0:0|1:1:0|2:0:1|2:0:1|1:1:0|2:1:2|2:0:2|1:1:0|2:0:1|0:0:0|0:1:1|0:0:0|4:0:3|0:0:0|1:2:0|2:0:1|0:0:0|1:1:0|1:2:0|2:0:1|0:0:0|1:2:1|1:1:0|0:0:0|0:0:0|2:0:2|0:0:0|0:0:0|0:0:0|2:0:1|0:0:0|0:0:0|0:1:1|3:3:0|1:2:1|3:3:0|0:0:0|2:0:2|0:0:0|0:0:0|0:0:0|1:1:0|1:2:0|0:0:0|0:0:0|0:0:0|0:0:0|0:0:0|2:0:1","0:0:0|1:1:0|2:0:1|2:0:1|1:1:0|2:1:2|2:0:2|1:1:0|2:0:1|0:0:0|0:1:1|0:0:0|4:0:3|0:0:0|1:2:0|2:0:1|0:0:0|1:1:0|1:2:0|2:0:1|0:0:0|1:2:1|1:1:0|0:0:0|0:0:0|2:0:2|0:0:0|0:0:0|0:0:0|2:0:1|0:0:0|0:0:0|0:1:1|3:3:0|1:2:1|3:3:0|0:0:0|2:0:2|0:0:0|0:0:0|0:0:0|1:1:0|1:2:0|0:0:0|0:0:0|0:0:0|0:0:0|0:0:0|2:0:1"
"7x7","7x7-seeded-random","-1","1","42","0.875000","1","2","O53","HM","63","60","63","61","0","0","2","0","0","0","1","0","1","0:0:0|1:1:0|2:0:1|2:0:1|1:1:0|2:1:2|2:0:2|1:1:0|2:0:1|0:0:0|0:1:1|0:0:0|4:0:3|0:0:0|1:2:0|2:0:1|0:0:0|1:1:0|1:2:0|2:0:1|0:0:0|1:2:1|1:1:0|0:0:0|0:0:0|2:0:2|0:0:0|0:0:0|0:0:0|2:0:1|0:0:0|0:0:0|0:1:1|3:3:0|1:2:1|3:3:0|0:0:0|2:0:2|0:0:0|0:0:0|0:0:0|1:1:0|1:2:0|0:0:0|0:0:0|0:0:0|0:0:0|0:0:0|2:0:1","0:0:0|1:1:0|2:0:1|2:0:1|1:1:0|2:1:2|2:0:2|1:1:0|2:0:1|0:0:0|0:1:1|0:0:0|4:0:3|0:0:0|1:2:0|2:0:1|0:0:0|1:1:0|1:2:0|2:0:1|0:0:0|1:2:1|1:1:0|0:0:0|0:0:0|2:0:2|0:0:0|0:0:0|0:0:0|2:0:1|0:0:0|0:0:0|0:1:1|3:3:0|1:2:1|3:3:0|0:0:0|2:0:2|0:0:1|0:0:0|0:0:0|1:1:0|1:2:0|0:0:0|0:0:0|0:0:0|0:0:0|0:0:0|2:0:1","0:0:0|1:1:0|2:0:1|2:0:1|1:1:0|2:1:2|2:0:2|1:1:0|2:0:1|0:0:0|0:1:1|0:0:0|4:0:3|0:0:0|1:2:0|2:0:1|0:0:0|1:1:0|1:2:0|2:0:1|0:0:0|0:2:2|1:1:0|0:0:0|0:0:0|2:0:2|0:0:0|0:0:0|0:0:0|2:0:1|0:0:0|0:0:0|0:1:1|3:3:0|1:2:1|3:3:0|0:0:0|2:0:2|2:0:1|0:0:0|0:0:0|1:1:0|1:2:0|0:0:0|0:0:0|0:0:0|0:0:0|0:0:0|2:0:1"
"7x7","7x7-seeded-random","-1","1","42","0.875000","2","2","O30","ML","63","61","63","62","1","1","0","2","1","2","2","2","2","0:0:0|1:1:0|2:0:1|2:0:1|1:1:0|2:1:2|2:0:2|1:1:0|2:0:1|0:0:0|0:1:1|0:0:0|4:0:3|0:0:0|1:2:0|2:0:1|0:0:0|1:1:0|1:2:0|2:0:1|0:0:0|1:2:1|1:1:0|0:0:0|0:0:0|2:0:2|0:0:0|0:0:0|0:0:0|2:0:1|0:0:0|0:0:0|0:1:1|3:3:0|1:2:1|3:3:0|0:0:0|2:0:2|0:0:1|0:0:0|0:0:0|1:1:0|1:2:0|0:0:0|0:0:0|0:0:0|0:0:0|0:0:0|2:0:1","0:0:0|1:1:0|2:0:1|2:0:1|1:1:0|2:1:2|2:0:2|1:1:0|2:0:1|0:0:0|0:1:1|0:0:0|4:0:3|0:0:0|1:2:0|2:0:1|0:0:0|1:1:0|1:2:0|2:0:1|0:0:0|1:2:2|1:1:0|0:0:0|0:0:0|2:0:2|0:0:0|0:0:0|0:0:0|2:0:1|0:0:0|0:0:0|0:1:1|3:3:0|1:2:1|3:3:0|0:0:0|2:0:2|0:0:1|0:0:0|0:0:0|1:1:0|1:2:0|0:0:0|0:0:0|0:0:0|0:0:0|0:0:0|2:0:1","0:0:0|1:1:0|2:0:1|2:0:1|1:1:0|2:1:2|2:0:2|1:1:0|2:0:1|0:0:0|0:1:1|0:0:0|4:0:3|0:0:0|1:2:0|2:0:1|0:0:0|1:1:0|1:2:0|2:0:1|0:0:0|0:2:2|1:1:0|0:0:0|0:0:0|2:0:2|0:0:0|0:0:0|0:0:0|2:0:1|0:0:0|0:0:0|0:1:1|3:3:0|1:2:1|3:3:0|0:0:0|2:0:2|2:0:1|0:0:0|0:0:0|1:1:0|1:2:0|0:0:0|0:0:0|0:0:0|0:0:0|0:0:0|2:0:1"
"7x7","7x7-seeded-random","-1","1","43","0.895833","1","1","O36","MH","63","63","64","63","0","0","1","0","0","1","0","1","0","0:0:0|1:1:0|2:0:1|2:0:1|1:1:0|2:1:2|2:0:2|1:1:0|2:0:1|0:0:0|0:1:1|0:0:0|4:0:3|0:0:0|1:2:0|2:0:1|0:0:0|1:1:0|1:2:0|2:0:1|0:0:0|0:2:2|1:1:0|0:0:0|0:0:0|2:0:2|0:0:0|0:0:0|0:0:0|2:0:1|0:0:0|0:0:0|0:1:1|3:3:0|1:2:1|3:3:0|0:0:0|2:0:2|2:0:1|0:0:0|0:0:0|1:1:0|1:2:0|0:0:0|0:0:0|0:0:0|0:0:0|0:0:0|2:0:1","0:0:0|1:1:0|2:0:1|2:0:1|1:1:0|2:1:2|2:0:2|1:1:0|2:0:1|0:0:0|0:1:1|0:0:0|4:0:3|0:0:0|1:2:0|2:0:1|0:0:0|1:1:0|1:2:0|2:0:1|0:0:0|0:2:2|1:1:0|0:0:0|0:0:0|2:0:2|0:0:0|0:1:0|0:0:0|2:0:1|0:0:0|0:0:0|0:1:1|3:3:0|1:2:1|3:3:0|0:0:0|2:0:2|2:0:1|0:0:0|0:0:0|1:1:0|1:2:0|0:0:0|0:0:0|0:0:0|0:0:0|0:0:0|2:0:1","0:0:0|1:1:0|2:0:1|2:0:1|1:1:0|2:1:2|2:0:2|1:1:0|2:0:1|0:0:0|0:1:1|0:0:0|4:0:3|0:0:0|1:2:0|2:0:1|0:0:0|1:2:0|1:2:0|2:0:1|0:0:0|0:2:2|1:1:0|0:0:0|0:0:0|2:0:2|0:0:0|1:1:0|0:0:0|2:0:1|0:0:0|0:0:0|0:1:1|3:3:0|3:3:1|3:3:0|0:0:0|2:0:2|2:0:1|0:0:0|0:0:0|1:1:0|1:2:0|0:0:0|0:0:0|0:0:0|0:0:0|0:0:0|2:0:1"
"7x7","7x7-seeded-random","-1","1","43","0.895833","2","1","O23","MM","64","63","65","63","1","1","1","1","0","2","0","2","0","0:0:0|1:1:0|2:0:1|2:0:1|1:1:0|2:1:2|2:0:2|1:1:0|2:0:1|0:0:0|0:1:1|0:0:0|4:0:3|0:0:0|1:2:0|2:0:1|0:0:0|1:1:0|1:2:0|2:0:1|0:0:0|0:2:2|1:1:0|0:0:0|0:0:0|2:0:2|0:0:0|0:1:0|0:0:0|2:0:1|0:0:0|0:0:0|0:1:1|3:3:0|1:2:1|3:3:0|0:0:0|2:0:2|2:0:1|0:0:0|0:0:0|1:1:0|1:2:0|0:0:0|0:0:0|0:0:0|0:0:0|0:0:0|2:0:1","0:0:0|1:1:0|2:0:1|2:0:1|1:1:0|2:1:2|2:0:2|1:1:0|2:0:1|0:0:0|0:1:1|0:0:0|4:0:3|0:0:0|1:2:0|2:0:1|0:0:0|1:2:0|1:2:0|2:0:1|0:0:0|0:2:2|1:1:0|0:0:0|0:0:0|2:0:2|0:0:0|0:1:0|0:0:0|2:0:1|0:0:0|0:0:0|0:1:1|3:3:0|1:2:1|3:3:0|0:0:0|2:0:2|2:0:1|0:0:0|0:0:0|1:1:0|1:2:0|0:0:0|0:0:0|0:0:0|0:0:0|0:0:0|2:0:1","0:0:0|1:1:0|2:0:1|2:0:1|1:1:0|2:1:2|2:0:2|1:1:0|2:0:1|0:0:0|0:1:1|0:0:0|4:0:3|0:0:0|1:2:0|2:0:1|0:0:0|1:2:0|1:2:0|2:0:1|0:0:0|0:2:2|1:1:0|0:0:0|0:0:0|2:0:2|0:0:0|1:1:0|0:0:0|2:0:1|0:0:0|0:0:0|0:1:1|3:3:0|3:3:1|3:3:0|0:0:0|2:0:2|2:0:1|0:0:0|0:0:0|1:1:0|1:2:0|0:0:0|0:0:0|0:0:0|0:0:0|0:0:0|2:0:1"
"7x7","7x7-seeded-random","-1","1","43","0.895833","3","1","O46","MH","65","63","66","63","1","3","3","2","1","3","1","3","1","0:0:0|1:1:0|2:0:1|2:0:1|1:1:0|2:1:2|2:0:2|1:1:0|2:0:1|0:0:0|0:1:1|0:0:0|4:0:3|0:0:0|1:2:0|2:0:1|0:0:0|1:2:0|1:2:0|2:0:1|0:0:0|0:2:2|1:1:0|0:0:0|0:0:0|2:0:2|0:0:0|0:1:0|0:0:0|2:0:1|0:0:0|0:0:0|0:1:1|3:3:0|1:2:1|3:3:0|0:0:0|2:0:2|2:0:1|0:0:0|0:0:0|1:1:0|1:2:0|0:0:0|0:0:0|0:0:0|0:0:0|0:0:0|2:0:1","0:0:0|1:1:0|2:0:1|2:0:1|1:1:0|2:1:2|2:0:2|1:1:0|2:0:1|0:0:0|0:1:1|0:0:0|4:0:3|0:0:0|1:2:0|2:0:1|0:0:0|1:2:0|1:2:0|2:0:1|0:0:0|0:2:2|1:1:0|0:0:0|0:0:0|2:0:2|0:0:0|1:1:0|0:0:0|2:0:1|0:0:0|0:0:0|0:1:1|3:3:0|3:3:1|3:3:0|0:0:0|2:0:2|2:0:1|0:0:0|0:0:0|1:1:0|1:2:0|0:0:0|0:0:0|0:0:0|0:0:0|0:0:0|2:0:1","0:0:0|1:1:0|2:0:1|2:0:1|1:1:0|2:1:2|2:0:2|1:1:0|2:0:1|0:0:0|0:1:1|0:0:0|4:0:3|0:0:0|1:2:0|2:0:1|0:0:0|1:2:0|1:2:0|2:0:1|0:0:0|0:2:2|1:1:0|0:0:0|0:0:0|2:0:2|0:0:0|1:1:0|0:0:0|2:0:1|0:0:0|0:0:0|0:1:1|3:3:0|3:3:1|3:3:0|0:0:0|2:0:2|2:0:1|0:0:0|0:0:0|1:1:0|1:2:0|0:0:0|0:0:0|0:0:0|0:0:0|0:0:0|2:0:1"
"7x7","7x7-seeded-random","-1","1","44","0.916667","1","2","O66","HH","66","63","66","64","2","2","2","0","1","0","2","0","2","0:0:0|1:1:0|2:0:1|2:0:1|1:1:0|2:1:2|2:0:2|1:1:0|2:0:1|0:0:0|0:1:1|0:0:0|4:0:3|0:0:0|1:2:0|2:0:1|0:0:0|1:2:0|1:2:0|2:0:1|0:0:0|0:2:2|1:1:0|0:0:0|0:0:0|2:0:2|0:0:0|1:1:0|0:0:0|2:0:1|0:0:0|0:0:0|0:1:1|3:3:0|3:3:1|3:3:0|0:0:0|2:0:2|2:0:1|0:0:0|0:0:0|1:1:0|1:2:0|0:0:0|0:0:0|0:0:0|0:0:0|0:0:0|2:0:1","0:0:0|1:1:0|2:0:1|2:0:1|1:1:0|2:1:2|2:0:2|1:1:0|2:0:1|0:0:0|0:1:1|0:0:0|4:0:3|0:0:0|1:2:0|2:0:1|0:0:0|1:2:0|1:2:0|2:0:1|0:0:0|0:2:2|1:1:0|0:0:0|0:0:0|2:0:2|0:0:0|1:1:0|0:0:0|2:0:1|0:0:0|0:0:0|0:1:1|3:3:0|3:3:1|3:3:0|0:0:0|2:0:2|2:0:1|0:0:0|0:0:0|1:1:0|1:2:0|0:0:0|0:0:0|0:0:0|0:0:0|0:0:0|2:0:2","0:0:0|1:1:0|2:0:1|2:0:1|1:1:0|2:1:2|2:0:2|1:1:0|2:0:1|0:0:0|0:1:1|0:0:0|4:0:3|0:0:0|1:2:1|2:0:1|0:0:0|1:2:0|1:2:0|2:0:1|0:0:0|0:2:2|1:1:0|0:0:0|0:0:0|2:0:2|0:0:0|1:1:0|0:0:0|2:0:1|0:0:0|0:0:0|0:1:1|3:3:0|3:3:1|3:3:0|0:0:0|2:0:2|2:0:1|0:0:0|0:0:0|1:1:0|1:2:0|0:0:0|0:0:0|0:0:0|0:0:0|0:0:0|2:0:2"
"7x7","7x7-seeded-random","-1","1","44","0.916667","2","2","O20","ML","66","64","66","65","1","1","1","2","0","2","1","2","1","0:0:0|1:1:0|2:0:1|2:0:1|1:1:0|2:1:2|2:0:2|1:1:0|2:0:1|0:0:0|0:1:1|0:0:0|4:0:3|0:0:0|1:2:0|2:0:1|0:0:0|1:2:0|1:2:0|2:0:1|0:0:0|0:2:2|1:1:0|0:0:0|0:0:0|2:0:2|0:0:0|1:1:0|0:0:0|2:0:1|0:0:0|0:0:0|0:1:1|3:3:0|3:3:1|3:3:0|0:0:0|2:0:2|2:0:1|0:0:0|0:0:0|1:1:0|1:2:0|0:0:0|0:0:0|0:0:0|0:0:0|0:0:0|2:0:2","0:0:0|1:1:0|2:0:1|2:0:1|1:1:0|2:1:2|2:0:2|1:1:0|2:0:1|0:0:0|0:1:1|0:0:0|4:0:3|0:0:0|1:2:1|2:0:1|0:0:0|1:2:0|1:2:0|2:0:1|0:0:0|0:2:2|1:1:0|0:0:0|0:0:0|2:0:2|0:0:0|1:1:0|0:0:0|2:0:1|0:0:0|0:0:0|0:1:1|3:3:0|3:3:1|3:3:0|0:0:0|2:0:2|2:0:1|0:0:0|0:0:0|1:1:0|1:2:0|0:0:0|0:0:0|0:0:0|0:0:0|0:0:0|2:0:2","0:0:0|1:1:0|2:0:1|2:0:1|1:1:0|2:1:2|2:0:2|1:1:0|2:0:1|0:0:0|0:1:1|0:0:0|4:0:3|0:0:0|1:2:1|2:0:1|0:0:0|1:2:0|1:2:0|2:0:1|0:0:0|0:2:2|1:1:0|0:0:0|0:0:0|2:0:2|0:0:0|1:1:0|0:0:0|2:0:1|0:0:0|0:0:0|0:1:1|3:3:0|3:3:1|3:3:0|0:0:0|2:0:2|2:0:1|0:0:0|0:0:0|1:1:0|1:2:0|0:0:0|0:0:0|0:0:0|0:0:0|0:0:0|2:0:2"
"7x7","7x7-seeded-random","-1","1","45","0.937500","2","1","O34","MM","67","66","68","66","2","2","2","0","2","1","2","1","2","0:0:0|1:1:0|2:0:1|2:0:1|1:1:0|2:1:2|2:0:2|1:1:0|2:0:1|0:0:0|0:1:1|0:0:0|4:0:3|0:0:0|1:2:1|2:0:1|0:0:0|1:2:0|1:2:0|2:0:1|0:0:0|0:2:2|1:1:0|0:0:0|0:0:0|2:0:2|0:0:0|1:1:0|0:0:0|2:0:1|0:0:0|0:0:0|0:1:1|3:3:0|3:3:1|3:3:0|0:0:0|2:0:2|2:0:1|0:0:0|0:0:0|1:1:0|1:2:0|0:0:0|0:0:0|0:0:0|0:0:0|0:0:0|2:0:2","0:0:0|1:1:0|2:0:1|2:0:1|1:1:0|2:1:2|2:0:2|1:1:0|2:0:1|0:0:0|0:1:1|0:0:0|4:0:3|0:0:0|1:2:1|2:0:1|0:0:0|1:2:0|1:2:0|2:0:1|0:0:0|0:2:2|1:1:0|0:0:0|0:0:0|2:1:2|0:0:0|1:1:0|0:0:0|2:0:1|0:0:0|0:0:0|0:1:1|3:3:0|3:3:1|3:3:0|0:0:0|2:0:2|2:0:1|0:0:0|0:0:0|1:1:0|1:2:0|0:0:0|0:0:0|0:0:0|0:0:0|0:0:0|2:0:2","0:0:0|1:1:0|2:0:1|2:0:1|1:1:0|2:1:2|2:0:2|1:1:0|2:0:1|0:0:0|0:1:1|0:0:0|4:0:3|0:0:0|1:2:1|2:0:1|0:0:0|1:2:0|1:2:0|2:0:1|0:0:0|0:2:2|1:1:0|0:0:0|0:0:0|2:1:2|0:0:0|1:1:0|0:0:0|2:0:1|0:0:0|0:0:0|0:1:1|3:3:0|3:3:1|3:3:0|0:0:0|2:0:2|2:0:1|0:0:0|0:0:0|1:1:0|1:2:0|0:0:0|0:0:0|0:0:0|0:0:0|0:0:0|2:0:2"
"7x7","7x7-seeded-random","-1","1","46","0.958333","2","2","O66","HH","69","67","69","68","2","2","4","0","2","0","3","0","3","0:0:0|1:1:0|2:0:1|2:0:1|1:1:0|2:1:2|2:0:2|1:1:0|2:0:1|0:0:0|0:1:1|0:0:0|4:0:3|0:0:0|1:2:1|2:0:1|0:0:0|1:2:0|1:2:0|2:0:1|0:0:0|0:2:2|1:1:0|0:0:0|0:0:0|2:1:2|0:0:0|1:1:0|0:0:0|2:0:1|0:0:0|0:0:0|0:1:1|3:3:0|3:3:1|3:3:0|0:0:0|2:0:2|2:0:1|0:0:0|0:0:0|1:1:0|1:2:0|0:0:0|0:0:0|0:0:0|0:0:0|0:0:0|2:0:2","0:0:0|1:1:0|2:0:1|2:0:1|1:1:0|2:1:2|2:0:2|1:1:0|2:0:1|0:0:0|0:1:1|0:0:0|4:0:3|0:0:0|1:2:1|2:0:1|0:0:0|1:2:0|1:2:0|2:0:1|0:0:0|0:2:2|1:1:0|0:0:0|0:0:0|2:1:2|0:0:0|1:1:0|0:0:0|2:0:1|0:0:0|0:0:0|0:1:1|3:3:0|3:3:1|3:3:0|0:0:0|2:0:2|2:0:1|0:0:0|0:0:0|1:1:0|1:2:0|0:0:0|0:0:0|0:0:0|0:0:0|0:0:0|2:0:3","0:0:0|1:1:0|2:0:1|2:0:1|1:1:0|2:1:2|2:0:2|1:1:0|2:0:1|0:0:0|0:1:1|0:0:0|4:0:3|2:0:1|1:2:1|2:0:1|0:0:0|1:2:0|1:2:0|2:0:1|0:0:0|0:2:2|1:1:0|0:0:0|0:0:0|2:1:2|0:0:0|1:1:0|0:0:0|2:0:1|0:0:0|0:0:0|0:1:1|3:3:0|3:3:1|3:3:0|0:0:0|2:0:2|2:0:1|0:0:0|0:0:0|1:1:0|1:2:0|0:0:0|0:0:0|0:0:0|0:0:0|0:0:0|4:0:3"
"7x7","7x7-seeded-random","-1","1","46","0.958333","3","2","O16","LH","69","68","69","69","0","2","2","0","0","0","1","0","1","0:0:0|1:1:0|2:0:1|2:0:1|1:1:0|2:1:2|2:0:2|1:1:0|2:0:1|0:0:0|0:1:1|0:0:0|4:0:3|0:0:0|1:2:1|2:0:1|0:0:0|1:2:0|1:2:0|2:0:1|0:0:0|0:2:2|1:1:0|0:0:0|0:0:0|2:1:2|0:0:0|1:1:0|0:0:0|2:0:1|0:0:0|0:0:0|0:1:1|3:3:0|3:3:1|3:3:0|0:0:0|2:0:2|2:0:1|0:0:0|0:0:0|1:1:0|1:2:0|0:0:0|0:0:0|0:0:0|0:0:0|0:0:0|2:0:3","0:0:0|1:1:0|2:0:1|2:0:1|1:1:0|2:1:2|2:0:2|1:1:0|2:0:1|0:0:0|0:1:1|0:0:0|4:0:3|2:0:1|1:2:1|2:0:1|0:0:0|1:2:0|1:2:0|2:0:1|0:0:0|0:2:2|1:1:0|0:0:0|0:0:0|2:1:2|0:0:0|1:1:0|0:0:0|2:0:1|0:0:0|0:0:0|0:1:1|3:3:0|3:3:1|3:3:0|0:0:0|2:0:2|2:0:1|0:0:0|0:0:0|1:1:0|1:2:0|0:0:0|0:0:0|0:0:0|0:0:0|0:0:0|4:0:3","0:0:0|1:1:0|2:0:1|2:0:1|1:1:0|2:1:2|2:0:2|1:1:0|2:0:1|0:0:0|0:1:1|0:0:0|4:0:3|2:0:1|1:2:1|2:0:1|0:0:0|1:2:0|1:2:0|2:0:1|0:0:0|0:2:2|1:1:0|0:0:0|0:0:0|2:1:2|0:0:0|1:1:0|0:0:0|2:0:1|0:0:0|0:0:0|0:1:1|3:3:0|3:3:1|3:3:0|0:0:0|2:0:2|2:0:1|0:0:0|0:0:0|1:1:0|1:2:0|0:0:0|0:0:0|0:0:0|0:0:0|0:0:0|4:0:3"
"7x7","7x7-seeded-random","-1","1","47","0.979167","3","1","O34","MM","71","69","72","69","2","0","0","1","2","2","2","2","2","0:0:0|1:1:0|2:0:1|2:0:1|1:1:0|2:1:2|2:0:2|1:1:0|2:0:1|0:0:0|0:1:1|0:0:0|4:0:3|2:0:1|1:2:1|2:0:1|0:0:0|1:2:0|1:2:0|2:0:1|0:0:0|0:2:2|1:1:0|0:0:0|0:0:0|2:1:2|0:0:0|1:1:0|0:0:0|2:0:1|0:0:0|0:0:0|0:1:1|3:3:0|3:3:1|3:3:0|0:0:0|2:0:2|2:0:1|0:0:0|0:0:0|1:1:0|1:2:0|0:0:0|0:0:0|0:0:0|0:0:0|0:0:0|4:0:3","0:0:0|1:1:0|2:0:1|2:0:1|1:1:0|2:1:2|2:0:2|1:1:0|2:0:1|0:0:0|0:1:1|0:0:0|4:0:3|2:0:1|1:2:1|2:0:1|0:0:0|1:2:0|1:2:0|2:0:1|0:0:0|0:2:2|1:1:0|0:0:0|0:0:0|0:2:2|0:0:0|1:1:0|0:0:0|2:0:1|0:0:0|0:0:0|0:1:1|3:3:0|3:3:1|3:3:0|0:0:0|2:0:2|2:0:1|0:0:0|0:0:0|1:1:0|1:2:0|0:0:0|0:0:0|0:0:0|0:0:0|0:0:0|4:0:3","0:0:0|1:1:0|2:0:1|2:0:1|1:1:0|2:1:2|2:0:2|1:1:0|2:0:1|0:0:0|0:1:1|0:0:0|4:0:3|2:0:1|1:2:1|2:0:1|0:0:0|1:2:0|1:2:0|2:0:1|0:0:0|0:2:2|1:1:0|0:0:0|0:0:0|0:2:2|0:0:0|1:1:0|0:0:0|2:0:1|0:0:0|0:0:0|0:1:1|3:3:0|3:3:1|3:3:0|0:0:0|2:0:2|2:0:1|0:0:0|0:0:0|1:1:0|1:2:0|0:0:0|0:0:0|0:0:0|0:0:0|0:0:0|4:0:3"
"7x7","7x7-uct-0100","100","1","3","0.062500","3","1","O32","MM","5","3","6","3","0","1","1","0","0","1","0","1","0","0:0:0|0:0:0|0:0:0|0:0:0|0:0:0|0:0:0|0:0:0|0:0:0|0:0:0|0:0:0|0:0:0|0:0:0|0:0:0|0:0:0|0:0:0|0:0:0|0:0:0|0:0:0|0:0:0|0:0:0|0:0:0|0:0:0|0:0:0|0:0:0|0:0:0|0:0:0|0:0:0|0:0:0|0:0:0|0:0:0|0:0:0|0:0:0|0:0:0|0:0:0|0:0:0|0:0:0|0:0:0|0:0:0|0:0:0|0:0:0|0:0:0|0:0:0|0:0:0|0:0:0|0:0:0|0:0:0|0:0:0|0:0:0|0:0:0","0:0:0|0:0:0|0:0:0|0:0:0|0:0:0|0:0:0|0:0:0|0:0:0|0:0:0|0:0:0|0:0:0|0:0:0|0:0:0|0:0:0|0:0:0|0:0:0|0:0:0|0:0:0|0:0:0|0:0:0|0:0:0|0:0:0|0:0:0|1:1:0|0:0:0|0:0:0|0:0:0|0:0:0|0:0:0|0:0:0|0:0:0|0:0:0|0:0:0|0:0:0|0:0:0|0:0:0|0:0:0|0:0:0|0:0:0|0:0:0|0:0:0|0:0:0|0:0:0|0:0:0|0:0:0|0:0:0|0:0:0|0:0:0|0:0:0","0:0:0|0:0:0|0:0:0|0:0:0|0:0:0|0:0:0|0:0:0|0:0:0|0:0:0|0:0:0|0:0:0|0:0:0|0:0:0|0:0:0|0:0:0|0:0:0|0:0:0|0:0:0|0:0:0|0:0:0|0:0:0|0:0:0|0:0:0|1:1:0|0:0:0|0:0:0|0:0:0|0:0:0|0:0:0|0:0:0|0:0:0|0:0:0|0:0:0|0:0:0|0:0:0|0:0:0|0:0:0|0:0:0|0:0:0|0:0:0|0:0:0|0:0:0|0:0:0|0:0:0|0:0:0|0:0:0|0:0:0|0:0:0|0:0:0"
"7x7","7x7-uct-0100","100","1","4","0.083333","1","2","O42","MM","6","3","6","4","0","0","2","0","0","0","1","0","1","0:0:0|0:0:0|0:0:0|0:0:0|0:0:0|0:0:0|0:0:0|0:0:0|0:0:0|0:0:0|0:0:0|0:0:0|0:0:0|0:0:0|0:0:0|0:0:0|0:0:0|0:0:0|0:0:0|0:0:0|0:0:0|0:0:0|0:0:0|1:1:0|0:0:0|0:0:0|0:0:0|0:0:0|0:0:0|0:0:0|0:0:0|0:0:0|0:0:0|0:0:0|0:0:0|0:0:0|0:0:0|0:0:0|0:0:0|0:0:0|0:0:0|0:0:0|0:0:0|0:0:0|0:0:0|0:0:0|0:0:0|0:0:0|0:0:0","0:0:0|0:0:0|0:0:0|0:0:0|0:0:0|0:0:0|0:0:0|0:0:0|0:0:0|0:0:0|0:0:0|0:0:0|0:0:0|0:0:0|0:0:0|0:0:0|0:0:0|0:0:0|0:0:0|0:0:0|0:0:0|0:0:0|0:0:0|1:1:0|0:0:0|0:0:0|0:0:0|0:0:0|0:0:0|0:0:0|0:0:1|0:0:0|0:0:0|0:0:0|0:0:0|0:0:0|0:0:0|0:0:0|0:0:0|0:0:0|0:0:0|0:0:0|0:0:0|0:0:0|0:0:0|0:0:0|0:0:0|0:0:0|0:0:0","0:0:0|0:0:0|0:0:0|0:0:0|0:0:0|0:0:0|0:0:0|0:0:0|0:0:0|0:0:0|0:0:0|0:0:0|0:0:0|0:0:0|0:0:0|0:0:0|0:0:0|0:0:0|0:0:0|0:0:0|0:0:0|0:0:0|0:0:0|1:1:0|0:0:0|0:0:0|0:0:0|0:0:0|0:0:0|0:0:0|2:0:1|0:0:0|0:0:0|0:0:0|0:0:0|0:0:0|0:0:0|0:0:0|0:0:0|0:0:0|0:0:0|0:0:0|0:0:0|0:0:0|0:0:0|0:0:0|0:0:0|0:0:0|0:0:0"
"7x7","7x7-uct-0100","100","1","10","0.208333","1","2","O02","LM","15","12","15","13","0","0","2","0","0","0","1","0","1","0:0:0|0:0:0|0:0:0|0:0:0|0:0:0|0:0:0|0:0:0|0:0:0|0:0:0|0:0:0|0:0:0|0:0:0|0:0:0|0:0:0|0:0:0|0:0:0|0:0:0|0:0:0|0:0:0|0:0:0|0:0:0|0:0:0|0:0:0|1:1:0|0:0:0|0:0:0|0:0:0|0:0:0|0:0:0|0:0:0|2:0:1|0:0:0|0:0:0|0:0:0|0:0:0|0:0:0|0:0:0|0:0:0|0:0:0|0:0:0|0:0:0|0:0:0|0:0:0|0:0:0|0:0:0|0:0:0|0:0:0|0:0:0|0:0:0","0:0:0|0:0:0|0:0:1|0:0:0|0:0:0|0:0:0|0:0:0|0:0:0|0:0:0|0:0:0|0:0:0|0:0:0|0:0:0|0:0:0|0:0:0|0:0:0|0:0:0|0:0:0|0:0:0|0:0:0|0:0:0|0:0:0|0:0:0|1:1:0|0:0:0|0:0:0|0:0:0|0:0:0|0:0:0|0:0:0|2:0:1|0:0:0|0:0:0|0:0:0|0:0:0|0:0:0|0:0:0|0:0:0|0:0:0|0:0:0|0:0:0|0:0:0|0:0:0|0:0:0|0:0:0|0:0:0|0:0:0|0:0:0|0:0:0","0:0:0|0:0:0|2:0:1|0:0:0|0:0:0|0:0:0|0:0:0|0:0:0|0:0:0|0:0:0|0:0:0|0:0:0|0:0:0|0:0:0|0:0:0|0:0:0|0:0:0|2:0:1|0:0:0|0:0:0|0:0:0|0:0:0|0:0:0|1:1:0|0:0:0|0:0:0|0:0:0|0:0:0|0:0:0|0:0:0|2:0:1|0:0:0|0:0:0|2:0:1|0:0:0|0:0:0|0:0:0|0:0:0|0:0:0|0:0:0|0:0:0|0:0:0|0:0:0|0:0:0|0:0:0|0:0:0|0:0:0|0:0:0|0:0:0"
"7x7","7x7-uct-0100","100","1","10","0.208333","2","2","O23","MM","15","13","15","14","0","0","2","0","0","0","1","0","1","0:0:0|0:0:0|0:0:1|0:0:0|0:0:0|0:0:0|0:0:0|0:0:0|0:0:0|0:0:0|0:0:0|0:0:0|0:0:0|0:0:0|0:0:0|0:0:0|0:0:0|0:0:0|0:0:0|0:0:0|0:0:0|0:0:0|0:0:0|1:1:0|0:0:0|0:0:0|0:0:0|0:0:0|0:0:0|0:0:0|2:0:1|0:0:0|0:0:0|0:0:0|0:0:0|0:0:0|0:0:0|0:0:0|0:0:0|0:0:0|0:0:0|0:0:0|0:0:0|0:0:0|0:0:0|0:0:0|0:0:0|0:0:0|0:0:0","0:0:0|0:0:0|0:0:1|0:0:0|0:0:0|0:0:0|0:0:0|0:0:0|0:0:0|0:0:0|0:0:0|0:0:0|0:0:0|0:0:0|0:0:0|0:0:0|0:0:0|0:0:1|0:0:0|0:0:0|0:0:0|0:0:0|0:0:0|1:1:0|0:0:0|0:0:0|0:0:0|0:0:0|0:0:0|0:0:0|2:0:1|0:0:0|0:0:0|0:0:0|0:0:0|0:0:0|0:0:0|0:0:0|0:0:0|0:0:0|0:0:0|0:0:0|0:0:0|0:0:0|0:0:0|0:0:0|0:0:0|0:0:0|0:0:0","0:0:0|0:0:0|2:0:1|0:0:0|0:0:0|0:0:0|0:0:0|0:0:0|0:0:0|0:0:0|0:0:0|0:0:0|0:0:0|0:0:0|0:0:0|0:0:0|0:0:0|2:0:1|0:0:0|0:0:0|0:0:0|0:0:0|0:0:0|1:1:0|0:0:0|0:0:0|0:0:0|0:0:0|0:0:0|0:0:0|2:0:1|0:0:0|0:0:0|2:0:1|0:0:0|0:0:0|0:0:0|0:0:0|0:0:0|0:0:0|0:0:0|0:0:0|0:0:0|0:0:0|0:0:0|0:0:0|0:0:0|0:0:0|0:0:0"
"7x7","7x7-uct-0100","100","1","10","0.208333","3","2","O45","MH","15","14","15","15","0","2","2","0","0","0","1","0","1","0:0:0|0:0:0|0:0:1|0:0:0|0:0:0|0:0:0|0:0:0|0:0:0|0:0:0|0:0:0|0:0:0|0:0:0|0:0:0|0:0:0|0:0:0|0:0:0|0:0:0|0:0:1|0:0:0|0:0:0|0:0:0|0:0:0|0:0:0|1:1:0|0:0:0|0:0:0|0:0:0|0:0:0|0:0:0|0:0:0|2:0:1|0:0:0|0:0:0|0:0:0|0:0:0|0:0:0|0:0:0|0:0:0|0:0:0|0:0:0|0:0:0|0:0:0|0:0:0|0:0:0|0:0:0|0:0:0|0:0:0|0:0:0|0:0:0","0:0:0|0:0:0|2:0:1|0:0:0|0:0:0|0:0:0|0:0:0|0:0:0|0:0:0|0:0:0|0:0:0|0:0:0|0:0:0|0:0:0|0:0:0|0:0:0|0:0:0|2:0:1|0:0:0|0:0:0|0:0:0|0:0:0|0:0:0|1:1:0|0:0:0|0:0:0|0:0:0|0:0:0|0:0:0|0:0:0|2:0:1|0:0:0|0:0:0|2:0:1|0:0:0|0:0:0|0:0:0|0:0:0|0:0:0|0:0:0|0:0:0|0:0:0|0:0:0|0:0:0|0:0:0|0:0:0|0:0:0|0:0:0|0:0:0","0:0:0|0:0:0|2:0:1|0:0:0|0:0:0|0:0:0|0:0:0|0:0:0|0:0:0|0:0:0|0:0:0|0:0:0|0:0:0|0:0:0|0:0:0|0:0:0|0:0:0|2:0:1|0:0:0|0:0:0|0:0:0|0:0:0|0:0:0|1:1:0|0:0:0|0:0:0|0:0:0|0:0:0|0:0:0|0:0:0|2:0:1|0:0:0|0:0:0|2:0:1|0:0:0|0:0:0|0:0:0|0:0:0|0:0:0|0:0:0|0:0:0|0:0:0|0:0:0|0:0:0|0:0:0|0:0:0|0:0:0|0:0:0|0:0:0"
"7x7","7x7-uct-0100","100","1","11","0.229167","3","1","O51","HL","17","15","18","15","0","1","1","0","0","1","0","1","0","0:0:0|0:0:0|2:0:1|0:0:0|0:0:0|0:0:0|0:0:0|0:0:0|0:0:0|0:0:0|0:0:0|0:0:0|0:0:0|0:0:0|0:0:0|0:0:0|0:0:0|2:0:1|0:0:0|0:0:0|0:0:0|0:0:0|0:0:0|1:1:0|0:0:0|0:0:0|0:0:0|0:0:0|0:0:0|0:0:0|2:0:1|0:0:0|0:0:0|2:0:1|0:0:0|0:0:0|0:0:0|0:0:0|0:0:0|0:0:0|0:0:0|0:0:0|0:0:0|0:0:0|0:0:0|0:0:0|0:0:0|0:0:0|0:0:0","0:0:0|0:0:0|2:0:1|0:0:0|0:0:0|0:0:0|0:0:0|0:0:0|0:0:0|0:0:0|0:0:0|0:0:0|0:0:0|0:0:0|0:0:0|0:0:0|0:0:0|2:0:1|0:0:0|0:0:0|0:0:0|0:0:0|0:0:0|1:1:0|0:0:0|0:0:0|0:0:0|0:0:0|0:0:0|0:0:0|2:0:1|0:0:0|0:0:0|2:0:1|0:0:0|0:0:0|1:1:0|0:0:0|0:0:0|0:0:0|0:0:0|0:0:0|0:0:0|0:0:0|0:0:0|0:0:0|0:0:0|0:0:0|0:0:0","0:0:0|0:0:0|2:0:1|0:0:0|0:0:0|0:0:0|0:0:0|0:0:0|0:0:0|0:0:0|0:0:0|0:0:0|0:0:0|0:0:0|0:0:0|0:0:0|0:0:0|2:0:1|0:0:0|0:0:0|0:0:0|0:0:0|0:0:0|1:1:0|0:0:0|0:0:0|0:0:0|0:0:0|0:0:0|0:0:0|2:0:1|0:0:0|0:0:0|2:0:1|0:0:0|0:0:0|1:1:0|0:0:0|0:0:0|0:0:0|0:0:0|0:0:0|0:0:0|0:0:0|0:0:0|0:0:0|0:0:0|0:0:0|0:0:0"
"7x7","7x7-uct-0100","100","1","12","0.250000","3","2","O02","LM","18","17","18","18","2","2","2","0","1","0","2","0","2","0:0:0|0:0:0|2:0:1|0:0:0|0:0:0|0:0:0|0:0:0|0:0:0|0:0:0|0:0:0|0:0:0|0:0:0|0:0:0|0:0:0|0:0:0|0:0:0|0:0:0|2:0:1|0:0:0|0:0:0|0:0:0|0:0:0|0:0:0|1:1:0|0:0:0|0:0:0|0:0:0|0:0:0|0:0:0|0:0:0|2:0:1|0:0:0|0:0:0|2:0:1|0:0:0|0:0:0|1:1:0|0:0:0|0:0:0|0:0:0|0:0:0|0:0:0|0:0:0|0:0:0|0:0:0|0:0:0|0:0:0|0:0:0|0:0:0","0:0:0|0:0:0|2:0:2|0:0:0|0:0:0|0:0:0|0:0:0|0:0:0|0:0:0|0:0:0|0:0:0|0:0:0|0:0:0|0:0:0|0:0:0|0:0:0|0:0:0|2:0:1|0:0:0|0:0:0|0:0:0|0:0:0|0:0:0|1:1:0|0:0:0|0:0:0|0:0:0|0:0:0|0:0:0|0:0:0|2:0:1|0:0:0|0:0:0|2:0:1|0:0:0|0:0:0|1:1:0|0:0:0|0:0:0|0:0:0|0:0:0|0:0:0|0:0:0|0:0:0|0:0:0|0:0:0|0:0:0|0:0:0|0:0:0","0:0:0|0:0:0|2:0:2|0:0:0|0:0:0|0:0:0|0:0:0|0:0:0|0:0:0|0:0:0|0:0:0|0:0:0|0:0:0|0:0:0|0:0:0|0:0:0|0:0:0|2:0:1|0:0:0|0:0:0|0:0:0|0:0:0|0:0:0|1:1:0|0:0:0|0:0:0|0:0:0|0:0:0|0:0:0|0:0:0|2:0:1|0:0:0|0:0:0|2:0:1|0:0:0|0:0:0|1:1:0|0:0:0|0:0:0|0:0:0|0:0:0|0:0:0|0:0:0|0:0:0|0:0:0|0:0:0|0:0:0|0:0:0|0:0:0"
"7x7","7x7-uct-0100","100","1","13","0.270833","1","1","O33","MM","18","18","19","18","0","0","1","0","0","1","0","1","0","0:0:0|0:0:0|2:0:2|0:0:0|0:0:0|0:0:0|0:0:0|0:0:0|0:0:0|0:0:0|0:0:0|0:0:0|0:0:0|0:0:0|0:0:0|0:0:0|0:0:0|2:0:1|0:0:0|0:0:0|0:0:0|0:0:0|0:0:0|1:1:0|0:0:0|0:0:0|0:0:0|0:0:0|0:0:0|0:0:0|2:0:1|0:0:0|0:0:0|2:0:1|0:0:0|0:0:0|1:1:0|0:0:0|0:0:0|0:0:0|0:0:0|0:0:0|0:0:0|0:0:0|0:0:0|0:0:0|0:0:0|0:0:0|0:0:0","0:0:0|0:0:0|2:0:2|0:0:0|0:0:0|0:0:0|0:0:0|0:0:0|0:0:0|0:0:0|0:0:0|0:0:0|0:0:0|0:0:0|0:0:0|0:0:0|0:0:0|2:0:1|0:0:0|0:0:0|0:0:0|0:0:0|0:0:0|1:1:0|0:1:0|0:0:0|0:0:0|0:0:0|0:0:0|0:0:0|2:0:1|0:0:0|0:0:0|2:0:1|0:0:0|0:0:0|1:1:0|0:0:0|0:0:0|0:0:0|0:0:0|0:0:0|0:0:0|0:0:0|0:0:0|0:0:0|0:0:0|0:0:0|0:0:0","0:0:0|0:0:0|2:0:2|0:0:0|0:0:0|0:0:0|0:0:0|0:0:0|0:0:0|0:0:0|0:0:0|0:0:0|0:0:0|0:0:0|0:0:0|0:0:0|0:0:0|2:0:1|0:0:0|0:0:0|0:0:0|0:0:0|0:0:0|1:1:0|1:1:0|0:0:0|0:0:0|0:0:0|0:0:0|0:0:0|2:0:1|0:0:0|0:0:0|2:0:1|0:0:0|0:0:0|1:1:0|0:0:0|0:0:0|1:1:0|0:0:0|0:0:0|1:1:0|0:0:0|0:0:0|0:0:0|0:0:0|0:0:0|0:0:0"
"7x7","7x7-uct-0100","100","1","13","0.270833","2","1","O60","HL","19","18","20","18","0","0","1","0","0","1","0","1","0","0:0:0|0:0:0|2:0:2|0:0:0|0:0:0|0:0:0|0:0:0|0:0:0|0:0:0|0:0:0|0:0:0|0:0:0|0:0:0|0:0:0|0:0:0|0:0:0|0:0:0|2:0:1|0:0:0|0:0:0|0:0:0|0:0:0|0:0:0|1:1:0|0:1:0|0:0:0|0:0:0|0:0:0|0:0:0|0:0:0|2:0:1|0:0:0|0:0:0|2:0:1|0:0:0|0:0:0|1:1:0|0:0:0|0:0:0|0:0:0|0:0:0|0:0:0|0:0:0|0:0:0|0:0:0|0:0:0|0:0:0|0:0:0|0:0:0","0:0:0|0:0:0|2:0:2|0:0:0|0:0:0|0:0:0|0:0:0|0:0:0|0:0:0|0:0:0|0:0:0|0:0:0|0:0:0|0:0:0|0:0:0|0:0:0|0:0:0|2:0:1|0:0:0|0:0:0|0:0:0|0:0:0|0:0:0|1:1:0|0:1:0|0:0:0|0:0:0|0:0:0|0:0:0|0:0:0|2:0:1|0:0:0|0:0:0|2:0:1|0:0:0|0:0:0|1:1:0|0:0:0|0:0:0|0:0:0|0:0:0|0:0:0|0:1:0|0:0:0|0:0:0|0:0:0|0:0:0|0:0:0|0:0:0","0:0:0|0:0:0|2:0:2|0:0:0|0:0:0|0:0:0|0:0:0|0:0:0|0:0:0|0:0:0|0:0:0|0:0:0|0:0:0|0:0:0|0:0:0|0:0:0|0:0:0|2:0:1|0:0:0|0:0:0|0:0:0|0:0:0|0:0:0|1:1:0|1:1:0|0:0:0|0:0:0|0:0:0|0:0:0|0:0:0|2:0:1|0:0:0|0:0:0|2:0:1|0:0:0|0:0:0|1:1:0|0:0:0|0:0:0|1:1:0|0:0:0|0:0:0|1:1:0|0:0:0|0:0:0|0:0:0|0:0:0|0:0:0|0:0:0"
"7x7","7x7-uct-0100","100","1","13","0.270833","3","1","O54","HM","20","18","21","18","0","1","1","0","0","1","0","1","0","0:0:0|0:0:0|2:0:2|0:0:0|0:0:0|0:0:0|0:0:0|0:0:0|0:0:0|0:0:0|0:0:0|0:0:0|0:0:0|0:0:0|0:0:0|0:0:0|0:0:0|2:0:1|0:0:0|0:0:0|0:0:0|0:0:0|0:0:0|1:1:0|0:1:0|0:0:0|0:0:0|0:0:0|0:0:0|0:0:0|2:0:1|0:0:0|0:0:0|2:0:1|0:0:0|0:0:0|1:1:0|0:0:0|0:0:0|0:0:0|0:0:0|0:0:0|0:1:0|0:0:0|0:0:0|0:0:0|0:0:0|0:0:0|0:0:0","0:0:0|0:0:0|2:0:2|0:0:0|0:0:0|0:0:0|0:0:0|0:0:0|0:0:0|0:0:0|0:0:0|0:0:0|0:0:0|0:0:0|0:0:0|0:0:0|0:0:0|2:0:1|0:0:0|0:0:0|0:0:0|0:0:0|0:0:0|1:1:0|1:1:0|0:0:0|0:0:0|0:0:0|0:0:0|0:0:0|2:0:1|0:0:0|0:0:0|2:0:1|0:0:0|0:0:0|1:1:0|0:0:0|0:0:0|1:1:0|0:0:0|0:0:0|1:1:0|0:0:0|0:0:0|0:0:0|0:0:0|0:0:0|0:0:0","0:0:0|0:0:0|2:0:2|0:0:0|0:0:0|0:0:0|0:0:0|0:0:0|0:0:0|0:0:0|0:0:0|0:0:0|0:0:0|0:0:0|0:0:0|0:0:0|0:0:0|2:0:1|0:0:0|0:0:0|0:0:0|0:0:0|0:0:0|1:1:0|1:1:0|0:0:0|0:0:0|0:0:0|0:0:0|0:0:0|2:0:1|0:0:0|0:0:0|2:0:1|0:0:0|0:0:0|1:1:0|0:0:0|0:0:0|1:1:0|0:0:0|0:0:0|1:1:0|0:0:0|0:0:0|0:0:0|0:0:0|0:0:0|0:0:0"
"7x7","7x7-uct-0100","100","1","14","0.291667","1","2","O02","LM","21","18","21","19","2","2","4","0","2","0","3","0","3","0:0:0|0:0:0|2:0:2|0:0:0|0:0:0|0:0:0|0:0:0|0:0:0|0:0:0|0:0:0|0:0:0|0:0:0|0:0:0|0:0:0|0:0:0|0:0:0|0:0:0|2:0:1|0:0:0|0:0:0|0:0:0|0:0:0|0:0:0|1:1:0|1:1:0|0:0:0|0:0:0|0:0:0|0:0:0|0:0:0|2:0:1|0:0:0|0:0:0|2:0:1|0:0:0|0:0:0|1:1:0|0:0:0|0:0:0|1:1:0|0:0:0|0:0:0|1:1:0|0:0:0|0:0:0|0:0:0|0:0:0|0:0:0|0:0:0","0:0:0|0:0:0|2:0:3|0:0:0|0:0:0|0:0:0|0:0:0|0:0:0|0:0:0|0:0:0|0:0:0|0:0:0|0:0:0|0:0:0|0:0:0|0:0:0|0:0:0|2:0:1|0:0:0|0:0:0|0:0:0|0:0:0|0:0:0|1:1:0|1:1:0|0:0:0|0:0:0|0:0:0|0:0:0|0:0:0|2:0:1|0:0:0|0:0:0|2:0:1|0:0:0|0:0:0|1:1:0|0:0:0|0:0:0|1:1:0|0:0:0|0:0:0|1:1:0|0:0:0|0:0:0|0:0:0|0:0:0|0:0:0|0:0:0","0:0:0|0:0:0|4:0:3|0:0:0|0:0:0|0:0:0|2:0:1|0:0:0|0:0:0|0:0:0|0:0:0|0:0:0|0:0:0|0:0:0|0:0:0|0:0:0|0:0:0|2:0:1|0:0:0|0:0:0|0:0:0|0:0:0|0:0:0|1:1:0|1:1:0|0:0:0|0:0:0|0:0:0|0:0:0|0:0:0|2:0:1|0:0:0|0:0:0|2:0:1|0:0:0|0:0:0|1:1:0|0:0:0|0:0:0|1:1:0|0:0:0|0:0:0|1:1:0|0:0:0|0:0:0|0:0:0|0:0:0|0:0:0|0:0:0"
"7x7","7x7-uct-0100","100","1","14","0.291667","3","2","O06","LH","21","20","21","21","0","2","2","0","0","0","1","0","1","0:0:0|0:0:0|2:0:3|0:0:0|0:0:0|0:0:0|0:0:0|0:0:0|0:0:0|0:0:0|0:0:0|0:0:0|0:0:0|0:0:0|0:0:0|0:0:0|0:0:0|2:0:1|0:0:0|0:0:0|0:0:0|0:0:0|0:0:0|1:1:0|1:1:0|0:0:0|0:0:0|0:0:0|0:0:0|0:0:0|2:0:1|0:0:0|0:0:0|2:0:1|0:0:0|0:0:0|1:1:0|0:0:0|0:0:0|1:1:0|0:0:0|0:0:0|1:1:0|0:0:0|0:0:0|0:0:0|0:0:0|0:0:0|0:0:0","0:0:0|0:0:0|4:0:3|0:0:0|0:0:0|0:0:0|2:0:1|0:0:0|0:0:0|0:0:0|0:0:0|0:0:0|0:0:0|0:0:0|0:0:0|0:0:0|0:0:0|2:0:1|0:0:0|0:0:0|0:0:0|0:0:0|0:0:0|1:1:0|1:1:0|0:0:0|0:0:0|0:0:0|0:0:0|0:0:0|2:0:1|0:0:0|0:0:0|2:0:1|0:0:0|0:0:0|1:1:0|0:0:0|0:0:0|1:1:0|0:0:0|0:0:0|1:1:0|0:0:0|0:0:0|0:0:0|0:0:0|0:0:0|0:0:0","0:0:0|0:0:0|4:0:3|0:0:0|0:0:0|0:0:0|2:0:1|0:0:0|0:0:0|0:0:0|0:0:0|0:0:0|0:0:0|0:0:0|0:0:0|0:0:0|0:0:0|2:0:1|0:0:0|0:0:0|0:0:0|0:0:0|0:0:0|1:1:0|1:1:0|0:0:0|0:0:0|0:0:0|0:0:0|0:0:0|2:0:1|0:0:0|0:0:0|2:0:1|0:0:0|0:0:0|1:1:0|0:0:0|0:0:0|1:1:0|0:0:0|0:0:0|1:1:0|0:0:0|0:0:0|0:0:0|0:0:0|0:0:0|0:0:0"
"7x7","7x7-uct-0100","100","1","15","0.312500","1","1","O33","MM","21","21","22","21","1","1","1","1","0","2","0","2","0","0:0:0|0:0:0|4:0:3|0:0:0|0:0:0|0:0:0|2:0:1|0:0:0|0:0:0|0:0:0|0:0:0|0:0:0|0:0:0|0:0:0|0:0:0|0:0:0|0:0:0|2:0:1|0:0:0|0:0:0|0:0:0|0:0:0|0:0:0|1:1:0|1:1:0|0:0:0|0:0:0|0:0:0|0:0:0|0:0:0|2:0:1|0:0:0|0:0:0|2:0:1|0:0:0|0:0:0|1:1:0|0:0:0|0:0:0|1:1:0|0:0:0|0:0:0|1:1:0|0:0:0|0:0:0|0:0:0|0:0:0|0:0:0|0:0:0","0:0:0|0:0:0|4:0:3|0:0:0|0:0:0|0:0:0|2:0:1|0:0:0|0:0:0|0:0:0|0:0:0|0:0:0|0:0:0|0:0:0|0:0:0|0:0:0|0:0:0|2:0:1|0:0:0|0:0:0|0:0:0|0:0:0|0:0:0|1:1:0|1:2:0|0:0:0|0:0:0|0:0:0|0:0:0|0:0:0|2:0:1|0:0:0|0:0:0|2:0:1|0:0:0|0:0:0|1:1:0|0:0:0|0:0:0|1:1:0|0:0:0|0:0:0|1:1:0|0:0:0|0:0:0|0:0:0|0:0:0|0:0:0|0:0:0","0:0:0|0:0:0|4:0:3|0:0:0|0:0:0|0:0:0|2:0:1|0:0:0|0:0:0|0:0:0|0:0:0|0:0:0|0:0:0|0:0:0|0:0:0|0:0:0|0:0:0|2:0:1|0:0:0|0:0:0|0:0:0|0:0:0|1:1:0|1:1:0|1:2:0|0:0:0|0:0:0|0:0:0|0:0:0|0:0:0|2:0:1|0:0:0|0:0:0|2:0:1|0:0:0|0:0:0|1:1:0|0:0:0|0:0:0|1:1:0|0:0:0|0:0:0|1:1:0|0:0:0|0:0:0|0:0:0|0:0:0|0:0:0|0:0:0"
"7x7","7x7-uct-0100","100","1","15","0.312500","3","1","O31","ML","23","21","24","21","0","1","1","0","0","1","0","1","0","0:0:0|0:0:0|4:0:3|0:0:0|0:0:0|0:0:0|2:0:1|0:0:0|0:0:0|0:0:0|0:0:0|0:0:0|0:0:0|0:0:0|0:0:0|0:0:0|0:0:0|2:0:1|0:0:0|0:0:0|0:0:0|0:0:0|0:0:0|1:1:0|1:2:0|0:0:0|0:0:0|0:0:0|0:0:0|0:0:0|2:0:1|0:0:0|0:0:0|2:0:1|0:0:0|0:0:0|1:1:0|0:0:0|0:0:0|1:1:0|0:0:0|0:0:0|1:1:0|0:0:0|0:0:0|0:0:0|0:0:0|0:0:0|0:0:0","0:0:0|0:0:0|4:0:3|0:0:0|0:0:0|0:0:0|2:0:1|0:0:0|0:0:0|0:0:0|0:0:0|0:0:0|0:0:0|0:0:0|0:0:0|0:0:0|0:0:0|2:0:1|0:0:0|0:0:0|0:0:0|0:0:0|1:1:0|1:1:0|1:2:0|0:0:0|0:0:0|0:0:0|0:0:0|0:0:0|2:0:1|0:0:0|0:0:0|2:0:1|0:0:0|0:0:0|1:1:0|0:0:0|0:0:0|1:1:0|0:0:0|0:0:0|1:1:0|0:0:0|0:0:0|0:0:0|0:0:0|0:0:0|0:0:0","0:0:0|0:0:0|4:0:3|0:0:0|0:0:0|0:0:0|2:0:1|0:0:0|0:0:0|0:0:0|0:0:0|0:0:0|0:0:0|0:0:0|0:0:0|0:0:0|0:0:0|2:0:1|0:0:0|0:0:0|0:0:0|0:0:0|1:1:0|1:1:0|1:2:0|0:0:0|0:0:0|0:0:0|0:0:0|0:0:0|2:0:1|0:0:0|0:0:0|2:0:1|0:0:0|0:0:0|1:1:0|0:0:0|0:0:0|1:1:0|0:0:0|0:0:0|1:1:0|0:0:0|0:0:0|0:0:0|0:0:0|0:0:0|0:0:0"
"7x7","7x7-uct-0100","100","1","17","0.354167","2","1","O24","MM","25","24","26","24","0","0","1","0","0","1","0","1","0","0:0:0|0:0:0|4:0:3|0:0:0|0:0:0|0:0:0|2:0:1|0:0:0|0:0:0|0:0:0|0:0:0|0:0:0|0:0:0|0:0:0|0:0:0|0:0:0|0:0:0|2:0:1|0:0:0|0:0:0|0:0:0|0:0:0|1:1:0|1:1:0|1:2:0|0:0:0|0:0:0|0:0:0|0:0:0|0:0:0|2:0:1|0:0:0|0:0:0|2:0:1|0:0:0|0:0:0|1:1:0|0:0:0|0:0:0|1:1:0|0:0:0|0:0:0|1:1:0|0:0:0|0:0:0|0:0:0|0:0:0|0:0:0|0:0:0","0:0:0|0:0:0|4:0:3|0:0:0|0:0:0|0:0:0|2:0:1|0:0:0|0:0:0|0:0:0|0:0:0|0:0:0|0:0:0|0:0:0|0:0:0|0:0:0|0:0:0|2:0:1|0:1:0|0:0:0|0:0:0|0:0:0|1:1:0|1:1:0|1:2:0|0:0:0|0:0:0|0:0:0|0:0:0|0:0:0|2:0:1|0:0:0|0:0:0|2:0:1|0:0:0|0:0:0|1:1:0|0:0:0|0:0:0|1:1:0|0:0:0|0:0:0|1:1:0|0:0:0|0:0:0|0:0:0|0:0:0|0:0:0|0:0:0","0:0:0|0:0:0|4:0:3|0:0:0|0:0:0|0:0:0|2:0:1|0:0:0|0:0:0|0:0:0|0:0:0|0:0:0|0:0:0|0:0:0|0:0:0|0:0:0|0:0:0|2:0:1|1:1:0|0:0:0|0:0:0|0:0:0|1:1:0|1:1:0|1:2:0|0:0:0|0:0:0|0:0:0|0:0:0|0:0:0|2:0:1|0:0:0|0:0:0|2:0:1|0:0:0|0:0:0|1:1:0|0:0:0|0:0:0|1:1:0|0:0:0|0:0:0|1:1:0|0:0:0|0:0:0|0:0:0|0:0:0|0:0:0|0:0:0"
"7x7","7x7-uct-0100","100","1","19","0.395833","1","1","O62","HM","27","27","28","27","0","0","1","0","0","1","0","1","0","0:0:0|0:0:0|4:0:3|0:0:0|0:0:0|0:0:0|2:0:1|0:0:0|0:0:0|0:0:0|0:0:0|0:0:0|0:0:0|0:0:0|0:0:0|0:0:0|0:0:0|2:0:1|1:1:0|0:0:0|0:0:0|0:0:0|1:1:0|1:1:0|1:2:0|0:0:0|0:0:0|0:0:0|0:0:0|0:0:0|2:0:1|0:0:0|0:0:0|2:0:1|0:0:0|0:0:0|1:1:0|0:0:0|0:0:0|1:1:0|0:0:0|0:0:0|1:1:0|0:0:0|0:0:0|0:0:0|0:0:0|0:0:0|0:0:0","0:0:0|0:0:0|4:0:3|0:0:0|0:0:0|0:0:0|2:0:1|0:0:0|0:0:0|0:0:0|0:0:0|0:0:0|0:0:0|0:0:0|0:0:0|0:0:0|0:0:0|2:0:1|1:1:0|0:0:0|0:0:0|0:0:0|1:1:0|1:1:0|1:2:0|0:0:0|0:0:0|0:0:0|0:0:0|0:0:0|2:0:1|0:0:0|0:0:0|2:0:1|0:0:0|0:0:0|1:1:0|0:0:0|0:0:0|1:1:0|0:0:0|0:0:0|1:1:0|0:0:0|0:1:0|0:0:0|0:0:0|0:0:0|0:0:0","0:0:0|0:0:0|4:0:3|0:0:0|0:0:0|0:0:0|2:0:1|0:0:0|0:0:0|0:0:0|0:0:0|0:0:0|0:0:0|0:0:0|0:0:0|0:0:0|0:0:0|2:0:1|1:1:0|0:0:0|0:0:0|1:1:0|1:1:0|1:1:0|1:2:0|0:0:0|0:0:0|0:0:0|0:0:0|0:0:0|2:0:1|0:0:0|0:0:0|2:0:1|0:0:0|0:0:0|1:1:0|0:0:0|0:0:0|1:1:0|0:0:0|0:0:0|1:1:0|0:0:0|1:1:0|0:0:0|0:0:0|0:0:0|0:0:0"
"7x7","7x7-uct-0100","100","1","19","0.395833","2","1","O30","ML","28","27","29","27","0","0","1","0","0","1","0","1","0","0:0:0|0:0:0|4:0:3|0:0:0|0:0:0|0:0:0|2:0:1|0:0:0|0:0:0|0:0:0|0:0:0|0:0:0|0:0:0|0:0:0|0:0:0|0:0:0|0:0:0|2:0:1|1:1:0|0:0:0|0:0:0|0:0:0|1:1:0|1:1:0|1:2:0|0:0:0|0:0:0|0:0:0|0:0:0|0:0:0|2:0:1|0:0:0|0:0:0|2:0:1|0:0:0|0:0:0|1:1:0|0:0:0|0:0:0|1:1:0|0:0:0|0:0:0|1:1:0|0:0:0|0:1:0|0:0:0|0:0:0|0:0:0|0:0:0","0:0:0|0:0:0|4:0:3|0:0:0|0:0:0|0:0:0|2:0:1|0:0:0|0:0:0|0:0:0|0:0:0|0:0:0|0:0:0|0:0:0|0:0:0|0:0:0|0:0:0|2:0:1|1:1:0|0:0:0|0:0:0|0:1:0|1:1:0|1:1:0|1:2:0|0:0:0|0:0:0|0:0:0|0:0:0|0:0:0|2:0:1|0:0:0|0:0:0|2:0:1|0:0:0|0:0:0|1:1:0|0:0:0|0:0:0|1:1:0|0:0:0|0:0:0|1:1:0|0:0:0|0:1:0|0:0:0|0:0:0|0:0:0|0:0:0","0:0:0|0:0:0|4:0:3|0:0:0|0:0:0|0:0:0|2:0:1|0:0:0|0:0:0|0:0:0|0:0:0|0:0:0|0:0:0|0:0:0|0:0:0|0:0:0|0:0:0|2:0:1|1:1:0|0:0:0|0:0:0|1:1:0|1:1:0|1:1:0|1:2:0|0:0:0|0:0:0|0:0:0|0:0:0|0:0:0|2:0:1|0:0:0|0:0:0|2:0:1|0:0:0|0:0:0|1:1:0|0:0:0|0:0:0|1:1:0|0:0:0|0:0:0|1:1:0|0:0:0|1:1:0|0:0:0|0:0:0|0:0:0|0:0:0"
"7x7","7x7-uct-0100","100","1","20","0.416667","1","2","O24","MM","30","27","30","28","1","1","0","1","0","1","1","1","1","0:0:0|0:0:0|4:0:3|0:0:0|0:0:0|0:0:0|2:0:1|0:0:0|0:0:0|0:0:0|0:0:0|0:0:0|0:0:0|0:0:0|0:0:0|0:0:0|0:0:0|2:0:1|1:1:0|0:0:0|0:0:0|1:1:0|1:1:0|1:1:0|1:2:0|0:0:0|0:0:0|0:0:0|0:0:0|0:0:0|2:0:1|0:0:0|0:0:0|2:0:1|0:0:0|0:0:0|1:1:0|0:0:0|0:0:0|1:1:0|0:0:0|0:0:0|1:1:0|0:0:0|1:1:0|0:0:0|0:0:0|0:0:0|0:0:0","0:0:0|0:0:0|4:0:3|0:0:0|0:0:0|0:0:0|2:0:1|0:0:0|0:0:0|0:0:0|0:0:0|0:0:0|0:0:0|0:0:0|0:0:0|0:0:0|0:0:0|2:0:1|1:1:1|0:0:0|0:0:0|1:1:0|1:1:0|1:1:0|1:2:0|0:0:0|0:0:0|0:0:0|0:0:0|0:0:0|2:0:1|0:0:0|0:0:0|2:0:1|0:0:0|0:0:0|1:1:0|0:0:0|0:0:0|1:1:0|0:0:0|0:0:0|1:1:0|0:0:0|1:1:0|0:0:0|0:0:0|0:0:0|0:0:0","0:0:0|0:0:0|4:0:3|0:0:0|0:0:0|0:0:0|2:0:1|0:0:0|0:0:0|0:0:0|0:0:0|0:0:0|0:0:0|0:0:0|0:0:0|0:0:0|0:0:0|2:0:1|0:1:1|0:0:0|0:0:0|1:1:0|1:1:0|1:1:0|1:2:0|0:0:0|0:0:0|0:0:0|0:0:0|0:0:0|2:0:1|0:0:0|0:0:0|2:0:1|0:0:0|0:0:0|1:1:0|0:0:0|0:0:0|1:1:0|0:0:0|0:0:0|1:1:0|0:0:0|1:1:0|0:0:0|0:0:0|0:0:0|0:0:0"
"7x7","7x7-uct-0100","100","1","21","0.437500","2","1","O62","HM","31","30","32","30","1","1","1","1","0","2","0","2","0","0:0:0|0:0:0|4:0:3|0:0:0|0:0:0|0:0:0|2:0:1|0:0:0|0:0:0|0:0:0|0:0:0|0:0:0|0:0:0|0:0:0|0:0:0|0:0:0|0:0:0|2:0:1|0:1:1|0:0:0|0:0:0|1:1:0|1:1:0|1:1:0|1:2:0|0:0:0|0:0:0|0:0:0|0:0:0|0:0:0|2:0:1|0:0:0|0:0:0|2:0:1|0:0:0|0:0:0|1:1:0|0:0:0|0:0:0|1:1:0|0:0:0|0:0:0|1:1:0|0:0:0|1:1:0|0:0:0|0:0:0|0:0:0|0:0:0","0:0:0|0:0:0|4:0:3|0:0:0|0:0:0|0:0:0|2:0:1|0:0:0|0:0:0|0:0:0|0:0:0|0:0:0|0:0:0|0:0:0|0:0:0|0:0:0|0:0:0|2:0:1|0:1:1|0:0:0|0:0:0|1:1:0|1:1:0|1:1:0|1:2:0|0:0:0|0:0:0|0:0:0|0:0:0|0:0:0|2:0:1|0:0:0|0:0:0|2:0:1|0:0:0|0:0:0|1:1:0|0:0:0|0:0:0|1:1:0|0:0:0|0:0:0|1:1:0|0:0:0|1:2:0|0:0:0|0:0:0|0:0:0|0:0:0","0:0:0|0:0:0|4:0:3|0:0:0|0:0:0|0:0:0|2:0:1|0:0:0|0:0:0|0:0:0|0:0:0|0:0:0|0:0:0|0:0:0|1:1:0|0:0:0|0:0:0|2:0:1|0:1:1|0:0:0|0:0:0|1:1:0|1:1:0|1:1:0|1:2:0|0:0:0|0:0:0|0:0:0|0:0:0|0:0:0|2:0:1|0:0:0|0:0:0|2:0:1|0:0:0|0:0:0|1:1:0|0:0:0|0:0:0|1:1:0|0:0:0|0:0:0|1:1:0|0:0:0|1:2:0|0:0:0|0:0:0|0:0:0|0:0:0"
"7x7","7x7-uct-0100","100","1","21","0.437500","3","1","O20","ML","32","30","33","30","0","1","1","0","0","1","0","1","0","0:0:0|0:0:0|4:0:3|0:0:0|0:0:0|0:0:0|2:0:1|0:0:0|0:0:0|0:0:0|0:0:0|0:0:0|0:0:0|0:0:0|0:0:0|0:0:0|0:0:0|2:0:1|0:1:1|0:0:0|0:0:0|1:1:0|1:1:0|1:1:0|1:2:0|0:0:0|0:0:0|0:0:0|0:0:0|0:0:0|2:0:1|0:0:0|0:0:0|2:0:1|0:0:0|0:0:0|1:1:0|0:0:0|0:0:0|1:1:0|0:0:0|0:0:0|1:1:0|0:0:0|1:2:0|0:0:0|0:0:0|0:0:0|0:0:0","0:0:0|0:0:0|4:0:3|0:0:0|0:0:0|0:0:0|2:0:1|0:0:0|0:0:0|0:0:0|0:0:0|0:0:0|0:0:0|0:0:0|1:1:0|0:0:0|0:0:0|2:0:1|0:1:1|0:0:0|0:0:0|1:1:0|1:1:0|1:1:0|1:2:0|0:0:0|0:0:0|0:0:0|0:0:0|0:0:0|2:0:1|0:0:0|0:0:0|2:0:1|0:0:0|0:0:0|1:1:0|0:0:0|0:0:0|1:1:0|0:0:0|0:0:0|1:1:0|0:0:0|1:2:0|0:0:0|0:0:0|0:0:0|0:0:0","0:0:0|0:0:0|4:0:3|0:0:0|0:0:0|0:0:0|2:0:1|0:0:0|0:0:0|0:0:0|0:0:0|0:0:0|0:0:0|0:0:0|1:1:0|0:0:0|0:0:0|2:0:1|0:1:1|0:0:0|0:0:0|1:1:0|1:1:0|1:1:0|1:2:0|0:0:0|0:0:0|0:0:0|0:0:0|0:0:0|2:0:1|0:0:0|0:0:0|2:0:1|0:0:0|0:0:0|1:1:0|0:0:0|0:0:0|1:1:0|0:0:0|0:0:0|1:1:0|0:0:0|1:2:0|0:0:0|0:0:0|0:0:0|0:0:0"
"7x7","7x7-uct-0100","100","1","22","0.458333","1","2","O65","HH","33","30","33","31","0","0","2","0","0","0","1","0","1","0:0:0|0:0:0|4:0:3|0:0:0|0:0:0|0:0:0|2:0:1|0:0:0|0:0:0|0:0:0|0:0:0|0:0:0|0:0:0|0:0:0|1:1:0|0:0:0|0:0:0|2:0:1|0:1:1|0:0:0|0:0:0|1:1:0|1:1:0|1:1:0|1:2:0|0:0:0|0:0:0|0:0:0|0:0:0|0:0:0|2:0:1|0:0:0|0:0:0|2:0:1|0:0:0|0:0:0|1:1:0|0:0:0|0:0:0|1:1:0|0:0:0|0:0:0|1:1:0|0:0:0|1:2:0|0:0:0|0:0:0|0:0:0|0:0:0","0:0:0|0:0:0|4:0:3|0:0:0|0:0:0|0:0:0|2:0:1|0:0:0|0:0:0|0:0:0|0:0:0|0:0:0|0:0:0|0:0:0|1:1:0|0:0:0|0:0:0|2:0:1|0:1:1|0:0:0|0:0:0|1:1:0|1:1:0|1:1:0|1:2:0|0:0:0|0:0:0|0:0:0|0:0:0|0:0:0|2:0:1|0:0:0|0:0:0|2:0:1|0:0:0|0:0:0|1:1:0|0:0:0|0:0:0|1:1:0|0:0:0|0:0:0|1:1:0|0:0:0|1:2:0|0:0:0|0:0:0|0:0:1|0:0:0","0:0:0|0:0:0|4:0:3|0:0:0|0:0:0|0:0:0|2:0:1|0:0:0|0:0:0|0:0:0|0:0:0|0:0:0|0:0:0|0:0:0|1:1:0|0:0:0|0:0:0|2:0:1|0:1:1|0:0:0|0:0:0|1:1:0|1:1:0|1:1:0|1:2:0|0:0:0|0:0:0|0:0:0|0:0:0|0:0:0|2:0:1|0:0:0|0:0:0|2:0:1|0:0:0|0:0:0|1:1:0|0:0:0|0:0:0|1:1:0|0:0:0|0:0:0|1:1:0|0:0:0|1:2:0|0:0:0|0:0:0|2:0:1|0:0:0"
"7x7","7x7-uct-0100","100","1","23","0.479167","3","1","O64","HM","35","33","36","33","0","1","1","0","0","1","0","1","0","0:0:0|0:0:0|4:0:3|0:0:0|0:0:0|0:0:0|2:0:1|0:0:0|0:0:0|0:0:0|0:0:0|0:0:0|0:0:0|0:0:0|1:1:0|0:0:0|0:0:0|2:0:1|0:1:1|0:0:0|0:0:0|1:1:0|1:1:0|1:1:0|1:2:0|0:0:0|0:0:0|0:0:0|0:0:0|0:0:0|2:0:1|0:0:0|0:0:0|2:0:1|0:0:0|0:0:0|1:1:0|0:0:0|0:0:0|1:1:0|0:0:0|0:0:0|1:1:0|0:0:0|1:2:0|0:0:0|0:0:0|2:0:1|0:0:0","0:0:0|0:0:0|4:0:3|0:0:0|0:0:0|0:0:0|2:0:1|0:0:0|0:0:0|0:0:0|0:0:0|0:0:0|0:0:0|0:0:0|1:1:0|0:0:0|0:0:0|2:0:1|0:1:1|0:0:0|0:0:0|1:1:0|1:1:0|1:1:0|1:2:0|0:0:0|0:0:0|0:0:0|0:0:0|0:0:0|2:0:1|0:0:0|0:0:0|2:0:1|0:0:0|0:0:0|1:1:0|0:0:0|0:0:0|1:1:0|0:0:0|0:0:0|1:1:0|0:0:0|1:2:0|0:0:0|1:1:0|2:0:1|0:0:0","0:0:0|0:0:0|4:0:3|0:0:0|0:0:0|0:0:0|2:0:1|0:0:0|0:0:0|0:0:0|0:0:0|0:0:0|0:0:0|0:0:0|1:1:0|0:0:0|0:0:0|2:0:1|0:1:1|0:0:0|0:0:0|1:1:0|1:1:0|1:1:0|1:2:0|0:0:0|0:0:0|0:0:0|0:0:0|0:0:0|2:0:1|0:0:0|0:0:0|2:0:1|0:0:0|0:0:0|1:1:0|0:0:0|0:0:0|1:1:0|0:0:0|0:0:0|1:1:0|0:0:0|1:2:0|0:0:0|1:1:0|2:0:1|0:0:0"
"7x7","7x7-uct-0100","100","1","24","0.500000","3","2","O03","LM","36","35","36","36","0","2","2","0","0","0","1","0","1","0:0:0|0:0:0|4:0:3|0:0:0|0:0:0|0:0:0|2:0:1|0:0:0|0:0:0|0:0:0|0:0:0|0:0:0|0:0:0|0:0:0|1:1:0|0:0:0|0:0:0|2:0:1|0:1:1|0:0:0|0:0:0|1:1:0|1:1:0|1:1:0|1:2:0|0:0:0|0:0:0|0:0:0|0:0:0|0:0:0|2:0:1|0:0:0|0:0:0|2:0:1|0:0:0|0:0:0|1:1:0|0:0:0|0:0:0|1:1:0|0:0:0|0:0:0|1:1:0|0:0:0|1:2:0|0:0:0|1:1:0|2:0:1|0:0:0","0:0:0|0:0:0|4:0:3|2:0:1|0:0:0|0:0:0|2:0:1|0:0:0|0:0:0|0:0:0|0:0:0|0:0:0|0:0:0|0:0:0|1:1:0|0:0:0|0:0:0|2:0:1|0:1:1|0:0:0|0:0:0|1:1:0|1:1:0|1:1:0|1:2:0|0:0:0|0:0:0|0:0:0|0:0:0|0:0:0|2:0:1|0:0:0|0:0:0|2:0:1|0:0:0|0:0:0|1:1:0|0:0:0|0:0:0|1:1:0|0:0:0|0:0:0|1:1:0|0:0:0|1:2:0|0:0:0|1:1:0|2:0:1|0:0:0","0:0:0|0:0:0|4:0:3|2:0:1|0:0:0|0:0:0|2:0:1|0:0:0|0:0:0|0:0:0|0:0:0|0:0:0|0:0:0|0:0:0|1:1:0|0:0:0|0:0:0|2:0:1|0:1:1|0:0:0|0:0:0|1:1:0|1:1:0|1:1:0|1:2:0|0:0:0|0:0:0|0:0:0|0:0:0|0:0:0|2:0:1|0:0:0|0:0:0|2:0:1|0:0:0|0:0:0|1:1:0|0:0:0|0:0:0|1:1:0|0:0:0|0:0:0|1:1:0|0:0:0|1:2:0|0:0:0|1:1:0|2:0:1|0:0:0"
"7x7","7x7-uct-0100","100","1","25","0.520833","1","1","O64","HM","36","36","37","36","1","1","1","1","0","2","0","2","0","0:0:0|0:0:0|4:0:3|2:0:1|0:0:0|0:0:0|2:0:1|0:0:0|0:0:0|0:0:0|0:0:0|0:0:0|0:0:0|0:0:0|1:1:0|0:0:0|0:0:0|2:0:1|0:1:1|0:0:0|0:0:0|1:1:0|1:1:0|1:1:0|1:2:0|0:0:0|0:0:0|0:0:0|0:0:0|0:0:0|2:0:1|0:0:0|0:0:0|2:0:1|0:0:0|0:0:0|1:1:0|0:0:0|0:0:0|1:1:0|0:0:0|0:0:0|1:1:0|0:0:0|1:2:0|0:0:0|1:1:0|2:0:1|0:0:0","0:0:0|0:0:0|4:0:3|2:0:1|0:0:0|0:0:0|2:0:1|0:0:0|0:0:0|0:0:0|0:0:0|0:0:0|0:0:0|0:0:0|1:1:0|0:0:0|0:0:0|2:0:1|0:1:1|0:0:0|0:0:0|1:1:0|1:1:0|1:1:0|1:2:0|0:0:0|0:0:0|0:0:0|0:0:0|0:0:0|2:0:1|0:0:0|0:0:0|2:0:1|0:0:0|0:0:0|1:1:0|0:0:0|0:0:0|1:1:0|0:0:0|0:0:0|1:1:0|0:0:0|1:2:0|0:0:0|1:2:0|2:0:1|0:0:0","0:0:0|0:0:0|4:0:3|2:0:1|0:0:0|0:0:0|2:0:1|0:0:0|0:0:0|0:0:0|0:0:0|0:0:0|0:0:0|0:0:0|1:2:0|0:0:0|0:0:0|2:0:1|0:1:1|0:0:0|0:0:0|1:1:0|1:1:0|1:1:0|1:2:0|0:0:0|0:0:0|0:0:0|0:0:0|0:0:0|2:0:1|0:0:0|0:0:0|2:0:1|0:0:0|0:0:0|1:1:0|0:0:0|0:0:0|1:1:0|0:0:0|0:0:0|1:1:0|0:0:0|1:2:0|0:0:0|1:2:0|2:0:1|0:0:0"
"7x7","7x7-uct-0100","100","1","25","0.520833","3","1","O20","ML","38","36","39","36","1","1","1","1","0","2","0","2","0","0:0:0|0:0:0|4:0:3|2:0:1|0:0:0|0:0:0|2:0:1|0:0:0|0:0:0|0:0:0|0:0:0|0:0:0|0:0:0|0:0:0|1:1:0|0:0:0|0:0:0|2:0:1|0:1:1|0:0:0|0:0:0|1:1:0|1:1:0|1:1:0|1:2:0|0:0:0|0:0:0|0:0:0|0:0:0|0:0:0|2:0:1|0:0:0|0:0:0|2:0:1|0:0:0|0:0:0|1:1:0|0:0:0|0:0:0|1:1:0|0:0:0|0:0:0|1:1:0|0:0:0|1:2:0|0:0:0|1:2:0|2:0:1|0:0:0","0:0:0|0:0:0|4:0:3|2:0:1|0:0:0|0:0:0|2:0:1|0:0:0|0:0:0|0:0:0|0:0:0|0:0:0|0:0:0|0:0:0|1:2:0|0:0:0|0:0:0|2:0:1|0:1:1|0:0:0|0:0:0|1:1:0|1:1:0|1:1:0|1:2:0|0:0:0|0:0:0|0:0:0|0:0:0|0:0:0|2:0:1|0:0:0|0:0:0|2:0:1|0:0:0|0:0:0|1:1:0|0:0:0|0:0:0|1:1:0|0:0:0|0:0:0|1:1:0|0:0:0|1:2:0|0:0:0|1:2:0|2:0:1|0:0:0","0:0:0|0:0:0|4:0:3|2:0:1|0:0:0|0:0:0|2:0:1|0:0:0|0:0:0|0:0:0|0:0:0|0:0:0|0:0:0|0:0:0|1:2:0|0:0:0|0:0:0|2:0:1|0:1:1|0:0:0|0:0:0|1:1:0|1:1:0|1:1:0|1:2:0|0:0:0|0:0:0|0:0:0|0:0:0|0:0:0|2:0:1|0:0:0|0:0:0|2:0:1|0:0:0|0:0:0|1:1:0|0:0:0|0:0:0|1:1:0|0:0:0|0:0:0|1:1:0|0:0:0|1:2:0|0:0:0|1:2:0|2:0:1|0:0:0"
"7x7","7x7-uct-0100","100","1","26","0.541667","2","2","O06","LH","39","37","39","38","2","2","2","0","1","0","2","0","2","0:0:0|0:0:0|4:0:3|2:0:1|0:0:0|0:0:0|2:0:1|0:0:0|0:0:0|0:0:0|0:0:0|0:0:0|0:0:0|0:0:0|1:2:0|0:0:0|0:0:0|2:0:1|0:1:1|0:0:0|0:0:0|1:1:0|1:1:0|1:1:0|1:2:0|0:0:0|0:0:0|0:0:0|0:0:0|0:0:0|2:0:1|0:0:0|0:0:0|2:0:1|0:0:0|0:0:0|1:1:0|0:0:0|0:0:0|1:1:0|0:0:0|0:0:0|1:1:0|0:0:0|1:2:0|0:0:0|1:2:0|2:0:1|0:0:0","0:0:0|0:0:0|4:0:3|2:0:1|0:0:0|0:0:0|2:0:2|0:0:0|0:0:0|0:0:0|0:0:0|0:0:0|0:0:0|0:0:0|1:2:0|0:0:0|0:0:0|2:0:1|0:1:1|0:0:0|0:0:0|1:1:0|1:1:0|1:1:0|1:2:0|0:0:0|0:0:0|0:0:0|0:0:0|0:0:0|2:0:1|0:0:0|0:0:0|2:0:1|0:0:0|0:0:0|1:1:0|0:0:0|0:0:0|1:1:0|0:0:0|0:0:0|1:1:0|0:0:0|1:2:0|0:0:0|1:2:0|2:0:1|0:0:0","0:0:0|0:0:0|4:0:3|2:0:1|0:0:0|0:0:0|2:0:2|0:0:0|0:0:0|0:0:0|0:0:0|0:0:0|0:0:0|0:0:0|1:2:0|0:0:0|0:0:0|2:0:1|0:1:1|0:0:0|0:0:0|1:1:0|1:1:0|1:1:0|1:2:0|0:0:0|0:0:0|0:0:0|0:0:0|0:0:0|2:0:2|0:0:0|0:0:0|2:0:1|0:0:0|0:0:0|1:1:0|0:0:0|0:0:0|1:1:0|0:0:0|0:0:0|1:1:0|0:0:0|1:2:0|0:0:0|1:2:0|2:0:1|0:0:0"
"7x7","7x7-uct-0100","100","1","26","0.541667","3","2","O42","MM","39","38","39","39","2","2","2","0","1","0","2","0","2","0:0:0|0:0:0|4:0:3|2:0:1|0:0:0|0:0:0|2:0:2|0:0:0|0:0:0|0:0:0|0:0:0|0:0:0|0:0:0|0:0:0|1:2:0|0:0:0|0:0:0|2:0:1|0:1:1|0:0:0|0:0:0|1:1:0|1:1:0|1:1:0|1:2:0|0:0:0|0:0:0|0:0:0|0:0:0|0:0:0|2:0:1|0:0:0|0:0:0|2:0:1|0:0:0|0:0:0|1:1:0|0:0:0|0:0:0|1:1:0|0:0:0|0:0:0|1:1:0|0:0:0|1:2:0|0:0:0|1:2:0|2:0:1|0:0:0","0:0:0|0:0:0|4:0:3|2:0:1|0:0:0|0:0:0|2:0:2|0:0:0|0:0:0|0:0:0|0:0:0|0:0:0|0:0:0|0:0:0|1:2:0|0:0:0|0:0:0|2:0:1|0:1:1|0:0:0|0:0:0|1:1:0|1:1:0|1:1:0|1:2:0|0:0:0|0:0:0|0:0:0|0:0:0|0:0:0|2:0:2|0:0:0|0:0:0|2:0:1|0:0:0|0:0:0|1:1:0|0:0:0|0:0:0|1:1:0|0:0:0|0:0:0|1:1:0|0:0:0|1:2:0|0:0:0|1:2:0|2:0:1|0:0:0","0:0:0|0:0:0|4:0:3|2:0:1|0:0:0|0:0:0|2:0:2|0:0:0|0:0:0|0:0:0|0:0:0|0:0:0|0:0:0|0:0:0|1:2:0|0:0:0|0:0:0|2:0:1|0:1:1|0:0:0|0:0:0|1:1:0|1:1:0|1:1:0|1:2:0|0:0:0|0:0:0|0:0:0|0:0:0|0:0:0|2:0:2|0:0:0|0:0:0|2:0:1|0:0:0|0:0:0|1:1:0|0:0:0|0:0:0|1:1:0|0:0:0|0:0:0|1:1:0|0:0:0|1:2:0|0:0:0|1:2:0|2:0:1|0:0:0"
"7x7","7x7-uct-0100","100","1","27","0.562500","1","1","O33","MM","39","39","40","39","1","1","3","2","0","3","0","3","0","0:0:0|0:0:0|4:0:3|2:0:1|0:0:0|0:0:0|2:0:2|0:0:0|0:0:0|0:0:0|0:0:0|0:0:0|0:0:0|0:0:0|1:2:0|0:0:0|0:0:0|2:0:1|0:1:1|0:0:0|0:0:0|1:1:0|1:1:0|1:1:0|1:2:0|0:0:0|0:0:0|0:0:0|0:0:0|0:0:0|2:0:2|0:0:0|0:0:0|2:0:1|0:0:0|0:0:0|1:1:0|0:0:0|0:0:0|1:1:0|0:0:0|0:0:0|1:1:0|0:0:0|1:2:0|0:0:0|1:2:0|2:0:1|0:0:0","0:0:0|0:0:0|4:0:3|2:0:1|0:0:0|0:0:0|2:0:2|0:0:0|0:0:0|0:0:0|0:0:0|0:0:0|0:0:0|0:0:0|1:2:0|0:0:0|0:0:0|2:0:1|0:1:1|0:0:0|0:0:0|1:1:0|1:1:0|1:1:0|1:3:0|0:0:0|0:0:0|0:0:0|0:0:0|0:0:0|2:0:2|0:0:0|0:0:0|2:0:1|0:0:0|0:0:0|1:1:0|0:0:0|0:0:0|1:1:0|0:0:0|0:0:0|1:1:0|0:0:0|1:2:0|0:0:0|1:2:0|2:0:1|0:0:0","0:0:0|0:0:0|4:0:3|2:0:1|0:0:0|0:0:0|2:0:2|0:0:0|0:0:0|0:0:0|0:0:0|0:0:0|0:0:0|0:0:0|1:2:0|0:0:0|0:0:0|2:0:1|0:1:1|0:0:0|0:0:0|1:1:0|1:1:0|1:1:0|3:3:0|0:0:0|0:0:0|0:0:0|0:0:0|0:0:0|2:0:2|0:0:0|0:0:0|2:0:1|0:0:0|0:0:0|1:1:0|0:0:0|0:0:0|1:1:0|1:1:0|0:0:0|1:1:0|0:0:0|1:2:0|0:0:0|1:2:0|2:0:1|0:0:0"
"7x7","7x7-uct-0100","100","1","27","0.562500","2","1","O55","HH","40","39","41","39","0","0","1","0","0","1","0","1","0","0:0:0|0:0:0|4:0:3|2:0:1|0:0:0|0:0:0|2:0:2|0:0:0|0:0:0|0:0:0|0:0:0|0:0:0|0:0:0|0:0:0|1:2:0|0:0:0|0:0:0|2:0:1|0:1:1|0:0:0|0:0:0|1:1:0|1:1:0|1:1:0|1:3:0|0:0:0|0:0:0|0:0:0|0:0:0|0:0:0|2:0:2|0:0:0|0:0:0|2:0:1|0:0:0|0:0:0|1:1:0|0:0:0|0:0:0|1:1:0|0:0:0|0:0:0|1:1:0|0:0:0|1:2:0|0:0:0|1:2:0|2:0:1|0:0:0","0:0:0|0:0:0|4:0:3|2:0:1|0:0:0|0:0:0|2:0:2|0:0:0|0:0:0|0:0:0|0:0:0|0:0:0|0:0:0|0:0:0|1:2:0|0:0:0|0:0:0|2:0:1|0:1:1|0:0:0|0:0:0|1:1:0|1:1:0|1:1:0|1:3:0|0:0:0|0:0:0|0:0:0|0:0:0|0:0:0|2:0:2|0:0:0|0:0:0|2:0:1|0:0:0|0:0:0|1:1:0|0:0:0|0:0:0|1:1:0|0:1:0|0:0:0|1:1:0|0:0:0|1:2:0|0:0:0|1:2:0|2:0:1|0:0:0","0:0:0|0:0:0|4:0:3|2:0:1|0:0:0|0:0:0|2:0:2|0:0:0|0:0:0|0:0:0|0:0:0|0:0:0|0:0:0|0:0:0|1:2:0|0:0:0|0:0:0|2:0:1|0:1:1|0:0:0|0:0:0|1:1:0|1:1:0|1:1:0|3:3:0|0:0:0|0:0:0|0:0:0|0:0:0|0:0:0|2:0:2|0:0:0|0:0:0|2:0:1|0:0:0|0:0:0|1:1:0|0:0:0|0:0:0|1:1:0|1:1:0|0:0:0|1:1:0|0:0:0|1:2:0|0:0:0|1:2:0|2:0:1|0:0:0"
"7x7","7x7-uct-0100","100","1","28","0.583333","1","2","O03","LM","42","39","42","40","2","2","2","0","1","0","2","0","2","0:0:0|0:0:0|4:0:3|2:0:1|0:0:0|0:0:0|2:0:2|0:0:0|0:0:0|0:0:0|0:0:0|0:0:0|0:0:0|0:0:0|1:2:0|0:0:0|0:0:0|2:0:1|0:1:1|0:0:0|0:0:0|1:1:0|1:1:0|1:1:0|3:3:0|0:0:0|0:0:0|0:0:0|0:0:0|0:0:0|2:0:2|0:0:0|0:0:0|2:0:1|0:0:0|0:0:0|1:1:0|0:0:0|0:0:0|1:1:0|1:1:0|0:0:0|1:1:0|0:0:0|1:2:0|0:0:0|1:2:0|2:0:1|0:0:0","0:0:0|0:0:0|4:0:3|2:0:2|0:0:0|0:0:0|2:0:2|0:0:0|0:0:0|0:0:0|0:0:0|0:0:0|0:0:0|0:0:0|1:2:0|0:0:0|0:0:0|2:0:1|0:1:1|0:0:0|0:0:0|1:1:0|1:1:0|1:1:0|3:3:0|0:0:0|0:0:0|0:0:0|0:0:0|0:0:0|2:0:2|0:0:0|0:0:0|2:0:1|0:0:0|0:0:0|1:1:0|0:0:0|0:0:0|1:1:0|1:1:0|0:0:0|1:1:0|0:0:0|1:2:0|0:0:0|1:2:0|2:0:1|0:0:0","0:0:0|0:0:0|4:0:3|2:0:2|0:0:0|0:0:0|2:0:2|0:0:0|0:0:0|0:0:0|0:0:0|0:0:0|0:0:0|0:0:0|1:2:0|0:0:0|0:0:0|2:0:1|0:1:1|0:0:0|0:0:0|1:1:0|1:1:0|1:1:0|3:3:0|0:0:0|0:0:0|0:0:0|0:0:0|0:0:0|2:0:2|0:0:0|0:0:0|2:0:1|0:0:0|0:0:0|1:1:0|0:0:0|0:0:0|1:1:0|1:1:0|0:0:0|1:1:0|0:0:0|1:2:0|0:0:0|1:2:0|2:0:1|0:0:0"
"7x7","7x7-uct-0100","100","1","30","0.625000","1","2","O32","MM","45","42","45","43","1","1","0","1","0","1","1","1","1","0:0:0|0:0:0|4:0:3|2:0:2|0:0:0|0:0:0|2:0:2|0:0:0|0:0:0|0:0:0|0:0:0|0:0:0|0:0:0|0:0:0|1:2:0|0:0:0|0:0:0|2:0:1|0:1:1|0:0:0|0:0:0|1:1:0|1:1:0|1:1:0|3:3:0|0:0:0|0:0:0|0:0:0|0:0:0|0:0:0|2:0:2|0:0:0|0:0:0|2:0:1|0:0:0|0:0:0|1:1:0|0:0:0|0:0:0|1:1:0|1:1:0|0:0:0|1:1:0|0:0:0|1:2:0|0:0:0|1:2:0|2:0:1|0:0:0","0:0:0|0:0:0|4:0:3|2:0:2|0:0:0|0:0:0|2:0:2|0:0:0|0:0:0|0:0:0|0:0:0|0:0:0|0:0:0|0:0:0|1:2:0|0:0:0|0:0:0|2:0:1|0:1:1|0:0:0|0:0:0|1:1:0|1:1:0|1:1:1|3:3:0|0:0:0|0:0:0|0:0:0|0:0:0|0:0:0|2:0:2|0:0:0|0:0:0|2:0:1|0:0:0|0:0:0|1:1:0|0:0:0|0:0:0|1:1:0|1:1:0|0:0:0|1:1:0|0:0:0|1:2:0|0:0:0|1:2:0|2:0:1|0:0:0","0:0:0|0:0:0|4:0:3|2:0:2|0:0:0|0:0:0|2:0:2|0:0:0|0:0:0|0:0:0|0:0:0|0:0:0|0:0:0|0:0:0|1:2:0|0:0:0|0:0:0|2:0:2|0:1:1|0:0:0|0:0:0|1:1:0|1:1:0|0:1:1|3:3:0|0:0:0|0:0:0|0:0:0|0:0:0|0:0:0|2:0:2|0:0:0|0:0:0|2:0:1|0:0:0|0:0:0|1:1:0|0:0:0|0:0:0|1:1:0|1:1:0|0:0:0|1:1:0|0:0:0|1:2:0|0:0:0|1:2:0|2:0:1|0:0:0"
"7x7","7x7-uct-0100","100","1","30","0.625000","3","2","O23","MM","45","44","45","45","2","2","2","0","1","0","2","0","2","0:0:0|0:0:0|4:0:3|2:0:2|0:0:0|0:0:0|2:0:2|0:0:0|0:0:0|0:0:0|0:0:0|0:0:0|0:0:0|0:0:0|1:2:0|0:0:0|0:0:0|2:0:1|0:1:1|0:0:0|0:0:0|1:1:0|1:1:0|1:1:1|3:3:0|0:0:0|0:0:0|0:0:0|0:0:0|0:0:0|2:0:2|0:0:0|0:0:0|2:0:1|0:0:0|0:0:0|1:1:0|0:0:0|0:0:0|1:1:0|1:1:0|0:0:0|1:1:0|0:0:0|1:2:0|0:0:0|1:2:0|2:0:1|0:0:0","0:0:0|0:0:0|4:0:3|2:0:2|0:0:0|0:0:0|2:0:2|0:0:0|0:0:0|0:0:0|0:0:0|0:0:0|0:0:0|0:0:0|1:2:0|0:0:0|0:0:0|2:0:2|0:1:1|0:0:0|0:0:0|1:1:0|1:1:0|0:1:1|3:3:0|0:0:0|0:0:0|0:0:0|0:0:0|0:0:0|2:0:2|0:0:0|0:0:0|2:0:1|0:0:0|0:0:0|1:1:0|0:0:0|0:0:0|1:1:0|1:1:0|0:0:0|1:1:0|0:0:0|1:2:0|0:0:0|1:2:0|2:0:1|0:0:0","0:0:0|0:0:0|4:0:3|2:0:2|0:0:0|0:0:0|2:0:2|0:0:0|0:0:0|0:0:0|0:0:0|0:0:0|0:0:0|0:0:0|1:2:0|0:0:0|0:0:0|2:0:2|0:1:1|0:0:0|0:0:0|1:1:0|1:1:0|0:1:1|3:3:0|0:0:0|0:0:0|0:0:0|0:0:0|0:0:0|2:0:2|0:0:0|0:0:0|2:0:1|0:0:0|0:0:0|1:1:0|0:0:0|0:0:0|1:1:0|1:1:0|0:0:0|1:1:0|0:0:0|1:2:0|0:0:0|1:2:0|2:0:1|0:0:0"
"7x7","7x7-uct-0100","100","1","32","0.666667","3","2","O35","MH","48","47","48","48","0","2","2","0","0","0","1","0","1","0:0:0|0:0:0|4:0:3|2:0:2|0:0:0|0:0:0|2:0:2|0:0:0|0:0:0|0:0:0|0:0:0|0:0:0|0:0:0|0:0:0|1:2:0|0:0:0|0:0:0|2:0:2|0:1:1|0:0:0|0:0:0|1:1:0|1:1:0|0:1:1|3:3:0|0:0:0|0:0:0|0:0:0|0:0:0|0:0:0|2:0:2|0:0:0|0:0:0|2:0:1|0:0:0|0:0:0|1:1:0|0:0:0|0:0:0|1:1:0|1:1:0|0:0:0|1:1:0|0:0:0|1:2:0|0:0:0|1:2:0|2:0:1|0:0:0","0:0:0|0:0:0|4:0:3|2:0:2|0:0:0|0:0:0|2:0:2|0:0:0|0:0:0|0:0:0|0:0:0|0:0:0|0:0:0|0:0:0|1:2:0|0:0:0|0:0:0|2:0:2|0:1:1|0:0:0|0:0:0|1:1:0|1:1:0|0:1:1|3:3:0|0:0:0|2:0:1|0:0:0|0:0:0|0:0:0|2:0:2|0:0:0|0:0:0|2:0:1|0:0:0|0:0:0|1:1:0|0:0:0|0:0:0|1:1:0|1:1:0|0:0:0|1:1:0|0:0:0|1:2:0|0:0:0|1:2:0|2:0:1|0:0:0","0:0:0|0:0:0|4:0:3|2:0:2|0:0:0|0:0:0|2:0:2|0:0:0|0:0:0|0:0:0|0:0:0|0:0:0|0:0:0|0:0:0|1:2:0|0:0:0|0:0:0|2:0:2|0:1:1|0:0:0|0:0:0|1:1:0|1:1:0|0:1:1|3:3:0|0:0:0|2:0:1|0:0:0|0:0:0|0:0:0|2:0:2|0:0:0|0:0:0|2:0:1|0:0:0|0:0:0|1:1:0|0:0:0|0:0:0|1:1:0|1:1:0|0:0:0|1:1:0|0:0:0|1:2:0|0:0:0|1:2:0|2:0:1|0:0:0"
"7x7","7x7-uct-0100","100","1","33","0.687500","1","1","O64","HM","48","48","49","48","1","1","3","2","0","3","0","3","0","0:0:0|0:0:0|4:0:3|2:0:2|0:0:0|0:0:0|2:0:2|0:0:0|0:0:0|0:0:0|0:0:0|0:0:0|0:0:0|0:0:0|1:2:0|0:0:0|0:0:0|2:0:2|0:1:1|0:0:0|0:0:0|1:1:0|1:1:0|0:1:1|3:3:0|0:0:0|2:0:1|0:0:0|0:0:0|0:0:0|2:0:2|0:0:0|0:0:0|2:0:1|0:0:0|0:0:0|1:1:0|0:0:0|0:0:0|1:1:0|1:1:0|0:0:0|1:1:0|0:0:0|1:2:0|0:0:0|1:2:0|2:0:1|0:0:0","0:0:0|0:0:0|4:0:3|2:0:2|0:0:0|0:0:0|2:0:2|0:0:0|0:0:0|0:0:0|0:0:0|0:0:0|0:0:0|0:0:0|1:2:0|0:0:0|0:0:0|2:0:2|0:1:1|0:0:0|0:0:0|1:1:0|1:1:0|0:1:1|3:3:0|0:0:0|2:0:1|0:0:0|0:0:0|0:0:0|2:0:2|0:0:0|0:0:0|2:0:1|0:0:0|0:0:0|1:1:0|0:0:0|0:0:0|1:1:0|1:1:0|0:0:0|1:1:0|0:0:0|1:2:0|0:0:0|1:3:0|2:0:1|0:0:0","0:0:0|0:0:0|4:0:3|2:0:2|0:0:0|0:0:0|2:0:2|0:0:0|0:0:0|0:0:0|0:0:0|0:0:0|0:0:0|0:0:0|1:2:0|0:0:0|0:0:0|2:0:2|0:1:1|0:0:0|0:0:0|1:2:0|1:1:0|0:1:1|3:3:0|0:0:0|2:0:1|0:0:0|0:0:0|0:0:0|2:0:2|0:0:0|0:0:0|2:0:1|0:0:0|0:0:0|1:1:0|0:0:0|0:0:0|1:1:0|1:1:0|0:0:0|1:1:0|0:0:0|1:2:0|0:0:0|3:3:0|2:0:1|0:0:0"
"7x7","7x7-uct-0100","100","1","33","0.687500","3","1","O30","ML","50","48","51","48","1","1","1","1","0","2","0","2","0","0:0:0|0:0:0|4:0:3|2:0:2|0:0:0|0:0:0|2:0:2|0:0:0|0:0:0|0:0:0|0:0:0|0:0:0|0:0:0|0:0:0|1:2:0|0:0:0|0:0:0|2:0:2|0:1:1|0:0:0|0:0:0|1:1:0|1:1:0|0:1:1|3:3:0|0:0:0|2:0:1|0:0:0|0:0:0|0:0:0|2:0:2|0:0:0|0:0:0|2:0:1|0:0:0|0:0:0|1:1:0|0:0:0|0:0:0|1:1:0|1:1:0|0:0:0|1:1:0|0:0:0|1:2:0|0:0:0|1:3:0|2:0:1|0:0:0","0:0:0|0:0:0|4:0:3|2:0:2|0:0:0|0:0:0|2:0:2|0:0:0|0:0:0|0:0:0|0:0:0|0:0:0|0:0:0|0:0:0|1:2:0|0:0:0|0:0:0|2:0:2|0:1:1|0:0:0|0:0:0|1:2:0|1:1:0|0:1:1|3:3:0|0:0:0|2:0:1|0:0:0|0:0:0|0:0:0|2:0:2|0:0:0|0:0:0|2:0:1|0:0:0|0:0:0|1:1:0|0:0:0|0:0:0|1:1:0|1:1:0|0:0:0|1:1:0|0:0:0|1:2:0|0:0:0|3:3:0|2:0:1|0:0:0","0:0:0|0:0:0|4:0:3|2:0:2|0:0:0|0:0:0|2:0:2|0:0:0|0:0:0|0:0:0|0:0:0|0:0:0|0:0:0|0:0:0|1:2:0|0:0:0|0:0:0|2:0:2|0:1:1|0:0:0|0:0:0|1:2:0|1:1:0|0:1:1|3:3:0|0:0:0|2:0:1|0:0:0|0:0:0|0:0:0|2:0:2|0:0:0|0:0:0|2:0:1|0:0:0|0:0:0|1:1:0|0:0:0|0:0:0|1:1:0|1:1:0|0:0:0|1:1:0|0:0:0|1:2:0|0:0:0|3:3:0|2:0:1|0:0:0"
"7x7","7x7-uct-0100","100","1","34","0.708333","1","2","O41","ML","51","48","51","49","0","0","2","0","0","0","1","0","1","0:0:0|0:0:0|4:0:3|2:0:2|0:0:0|0:0:0|2:0:2|0:0:0|0:0:0|0:0:0|0:0:0|0:0:0|0:0:0|0:0:0|1:2:0|0:0:0|0:0:0|2:0:2|0:1:1|0:0:0|0:0:0|1:2:0|1:1:0|0:1:1|3:3:0|0:0:0|2:0:1|0:0:0|0:0:0|0:0:0|2:0:2|0:0:0|0:0:0|2:0:1|0:0:0|0:0:0|1:1:0|0:0:0|0:0:0|1:1:0|1:1:0|0:0:0|1:1:0|0:0:0|1:2:0|0:0:0|3:3:0|2:0:1|0:0:0","0:0:0|0:0:0|4:0:3|2:0:2|0:0:0|0:0:0|2:0:2|0:0:0|0:0:0|0:0:0|0:0:0|0:0:0|0:0:0|0:0:0|1:2:0|0:0:0|0:0:0|2:0:2|0:1:1|0:0:0|0:0:0|1:2:0|1:1:0|0:1:1|3:3:0|0:0:0|2:0:1|0:0:0|0:0:0|0:0:1|2:0:2|0:0:0|0:0:0|2:0:1|0:0:0|0:0:0|1:1:0|0:0:0|0:0:0|1:1:0|1:1:0|0:0:0|1:1:0|0:0:0|1:2:0|0:0:0|3:3:0|2:0:1|0:0:0","0:0:0|0:0:0|4:0:3|4:0:3|0:0:0|0:0:0|2:0:2|0:0:0|0:0:0|0:0:0|0:0:0|0:0:0|0:0:0|0:0:0|1:2:0|0:0:0|0:0:0|2:0:2|0:1:1|0:0:0|0:0:0|1:2:0|1:1:0|0:1:1|3:3:0|0:0:0|2:0:1|0:0:0|0:0:0|2:0:1|2:0:2|0:0:0|0:0:0|2:0:1|0:0:0|0:0:0|1:1:0|0:0:0|0:0:0|1:1:0|1:1:0|0:0:0|1:1:0|0:0:0|1:2:0|0:0:0|3:3:0|2:0:1|0:0:0"
"7x7","7x7-uct-0100","100","1","34","0.708333","3","2","O03","LM","51","50","51","51","2","4","4","0","2","0","3","0","3","0:0:0|0:0:0|4:0:3|2:0:2|0:0:0|0:0:0|2:0:2|0:0:0|0:0:0|0:0:0|0:0:0|0:0:0|0:0:0|0:0:0|1:2:0|0:0:0|0:0:0|2:0:2|0:1:1|0:0:0|0:0:0|1:2:0|1:1:0|0:1:1|3:3:0|0:0:0|2:0:1|0:0:0|0:0:0|0:0:1|2:0:2|0:0:0|0:0:0|2:0:1|0:0:0|0:0:0|1:1:0|0:0:0|0:0:0|1:1:0|1:1:0|0:0:0|1:1:0|0:0:0|1:2:0|0:0:0|3:3:0|2:0:1|0:0:0","0:0:0|0:0:0|4:0:3|4:0:3|0:0:0|0:0:0|2:0:2|0:0:0|0:0:0|0:0:0|0:0:0|0:0:0|0:0:0|0:0:0|1:2:0|0:0:0|0:0:0|2:0:2|0:1:1|0:0:0|0:0:0|1:2:0|1:1:0|0:1:1|3:3:0|0:0:0|2:0:1|0:0:0|0:0:0|2:0:1|2:0:2|0:0:0|0:0:0|2:0:1|0:0:0|0:0:0|1:1:0|0:0:0|0:0:0|1:1:0|1:1:0|0:0:0|1:1:0|0:0:0|1:2:0|0:0:0|3:3:0|2:0:1|0:0:0","0:0:0|0:0:0|4:0:3|4:0:3|0:0:0|0:0:0|2:0:2|0:0:0|0:0:0|0:0:0|0:0:0|0:0:0|0:0:0|0:0:0|1:2:0|0:0:0|0:0:0|2:0:2|0:1:1|0:0:0|0:0:0|1:2:0|1:1:0|0:1:1|3:3:0|0:0:0|2:0:1|0:0:0|0:0:0|2:0:1|2:0:2|0:0:0|0:0:0|2:0:1|0:0:0|0:0:0|1:1:0|0:0:0|0:0:0|1:1:0|1:1:0|0:0:0|1:1:0|0:0:0|1:2:0|0:0:0|3:3:0|2:0:1|0:0:0"
"7x7","7x7-uct-0100","100","1","35","0.729167","1","1","O42","MM","51","51","52","51","2","2","2","0","2","1","2","1","2","0:0:0|0:0:0|4:0:3|4:0:3|0:0:0|0:0:0|2:0:2|0:0:0|0:0:0|0:0:0|0:0:0|0:0:0|0:0:0|0:0:0|1:2:0|0:0:0|0:0:0|2:0:2|0:1:1|0:0:0|0:0:0|1:2:0|1:1:0|0:1:1|3:3:0|0:0:0|2:0:1|0:0:0|0:0:0|2:0:1|2:0:2|0:0:0|0:0:0|2:0:1|0:0:0|0:0:0|1:1:0|0:0:0|0:0:0|1:1:0|1:1:0|0:0:0|1:1:0|0:0:0|1:2:0|0:0:0|3:3:0|2:0:1|0:0:0","0:0:0|0:0:0|4:0:3|4:0:3|0:0:0|0:0:0|2:0:2|0:0:0|0:0:0|0:0:0|0:0:0|0:0:0|0:0:0|0:0:0|1:2:0|0:0:0|0:0:0|2:0:2|0:1:1|0:0:0|0:0:0|1:2:0|1:1:0|0:1:1|3:3:0|0:0:0|2:0:1|0:0:0|0:0:0|2:0:1|2:1:2|0:0:0|0:0:0|2:0:1|0:0:0|0:0:0|1:1:0|0:0:0|0:0:0|1:1:0|1:1:0|0:0:0|1:1:0|0:0:0|1:2:0|0:0:0|3:3:0|2:0:1|0:0:0","0:0:0|0:0:0|4:0:3|4:0:3|0:0:0|0:0:0|2:0:2|0:0:0|0:0:0|0:0:0|0:0:0|0:0:0|0:0:0|1:1:0|1:2:0|0:0:0|0:0:0|2:0:2|0:1:1|0:0:0|0:0:0|1:2:0|1:1:0|0:1:1|3:3:0|0:0:0|2:0:1|0:0:0|0:0:0|2:0:1|2:1:2|0:0:0|0:0:0|2:0:1|0:0:0|0:0:0|1:1:0|0:0:0|0:0:0|1:1:0|1:1:0|0:0:0|1:1:0|0:0:0|1:2:0|0:0:0|3:3:0|2:0:1|0:0:0"
"7x7","7x7-uct-0100","100","1","35","0.729167","3","1","O16","LH","53","51","54","51","0","1","1","0","0","1","0","1","0","0:0:0|0:0:0|4:0:3|4:0:3|0:0:0|0:0:0|2:0:2|0:0:0|0:0:0|0:0:0|0:0:0|0:0:0|0:0:0|0:0:0|1:2:0|0:0:0|0:0:0|2:0:2|0:1:1|0:0:0|0:0:0|1:2:0|1:1:0|0:1:1|3:3:0|0:0:0|2:0:1|0:0:0|0:0:0|2:0:1|2:1:2|0:0:0|0:0:0|2:0:1|0:0:0|0:0:0|1:1:0|0:0:0|0:0:0|1:1:0|1:1:0|0:0:0|1:1:0|0:0:0|1:2:0|0:0:0|3:3:0|2:0:1|0:0:0","0:0:0|0:0:0|4:0:3|4:0:3|0:0:0|0:0:0|2:0:2|0:0:0|0:0:0|0:0:0|0:0:0|0:0:0|0:0:0|1:1:0|1:2:0|0:0:0|0:0:0|2:0:2|0:1:1|0:0:0|0:0:0|1:2:0|1:1:0|0:1:1|3:3:0|0:0:0|2:0:1|0:0:0|0:0:0|2:0:1|2:1:2|0:0:0|0:0:0|2:0:1|0:0:0|0:0:0|1:1:0|0:0:0|0:0:0|1:1:0|1:1:0|0:0:0|1:1:0|0:0:0|1:2:0|0:0:0|3:3:0|2:0:1|0:0:0","0:0:0|0:0:0|4:0:3|4:0:3|0:0:0|0:0:0|2:0:2|0:0:0|0:0:0|0:0:0|0:0:0|0:0:0|0:0:0|1:1:0|1:2:0|0:0:0|0:0:0|2:0:2|0:1:1|0:0:0|0:0:0|1:2:0|1:1:0|0:1:1|3:3:0|0:0:0|2:0:1|0:0:0|0:0:0|2:0:1|2:1:2|0:0:0|0:0:0|2:0:1|0:0:0|0:0:0|1:1:0|0:0:0|0:0:0|1:1:0|1:1:0|0:0:0|1:1:0|0:0:0|1:2:0|0:0:0|3:3:0|2:0:1|0:0:0"
"7x7","7x7-uct-0100","100","1","36","0.750000","1","2","O31","ML","54","51","54","52","1","1","0","1","0","1","1","1","1","0:0:0|0:0:0|4:0:3|4:0:3|0:0:0|0:0:0|2:0:2|0:0:0|0:0:0|0:0:0|0:0:0|0:0:0|0:0:0|1:1:0|1:2:0|0:0:0|0:0:0|2:0:2|0:1:1|0:0:0|0:0:0|1:2:0|1:1:0|0:1:1|3:3:0|0:0:0|2:0:1|0:0:0|0:0:0|2:0:1|2:1:2|0:0:0|0:0:0|2:0:1|0:0:0|0:0:0|1:1:0|0:0:0|0:0:0|1:1:0|1:1:0|0:0:0|1:1:0|0:0:0|1:2:0|0:0:0|3:3:0|2:0:1|0:0:0","0:0:0|0:0:0|4:0:3|4:0:3|0:0:0|0:0:0|2:0:2|0:0:0|0:0:0|0:0:0|0:0:0|0:0:0|0:0:0|1:1:0|1:2:0|0:0:0|0:0:0|2:0:2|0:1:1|0:0:0|0:0:0|1:2:0|1:1:1|0:1:1|3:3:0|0:0:0|2:0:1|0:0:0|0:0:0|2:0:1|2:1:2|0:0:0|0:0:0|2:0:1|0:0:0|0:0:0|1:1:0|0:0:0|0:0:0|1:1:0|1:1:0|0:0:0|1:1:0|0:0:0|1:2:0|0:0:0|3:3:0|2:0:1|0:0:0","0:0:0|0:0:0|4:0:3|4:0:3|0:0:0|0:0:0|2:0:2|0:0:0|0:0:0|0:0:0|0:0:0|0:0:0|0:0:0|1:1:0|1:2:0|0:0:0|0:0:0|2:0:2|0:1:1|0:0:0|0:0:0|1:2:0|0:1:1|0:1:1|3:3:0|0:0:0|2:0:1|0:0:0|0:0:0|2:0:1|2:1:2|0:0:0|0:0:0|2:0:1|0:0:0|0:0:0|1:1:0|0:0:0|0:0:0|1:1:0|1:1:0|0:0:0|1:1:0|0:0:0|1:2:0|0:0:0|3:3:0|2:0:1|0:0:0"
"7x7","7x7-uct-0100","100","1","38","0.791667","2","2","O52","HM","57","55","57","56","0","0","2","0","0","0","1","0","1","0:0:0|0:0:0|4:0:3|4:0:3|0:0:0|0:0:0|2:0:2|0:0:0|0:0:0|0:0:0|0:0:0|0:0:0|0:0:0|1:1:0|1:2:0|0:0:0|0:0:0|2:0:2|0:1:1|0:0:0|0:0:0|1:2:0|0:1:1|0:1:1|3:3:0|0:0:0|2:0:1|0:0:0|0:0:0|2:0:1|2:1:2|0:0:0|0:0:0|2:0:1|0:0:0|0:0:0|1:1:0|0:0:0|0:0:0|1:1:0|1:1:0|0:0:0|1:1:0|0:0:0|1:2:0|0:0:0|3:3:0|2:0:1|0:0:0","0:0:0|0:0:0|4:0:3|4:0:3|0:0:0|0:0:0|2:0:2|0:0:0|0:0:0|0:0:0|0:0:0|0:0:0|0:0:0|1:1:0|1:2:0|0:0:0|0:0:0|2:0:2|0:1:1|0:0:0|0:0:0|1:2:0|0:1:1|0:1:1|3:3:0|0:0:0|2:0:1|0:0:0|0:0:0|2:0:1|2:1:2|0:0:0|0:0:0|2:0:1|0:0:0|0:0:0|1:1:0|0:0:1|0:0:0|1:1:0|1:1:0|0:0:0|1:1:0|0:0:0|1:2:0|0:0:0|3:3:0|2:0:1|0:0:0","0:0:0|0:0:0|4:0:3|4:0:3|0:0:0|0:0:0|2:0:2|0:0:0|0:0:0|0:0:0|0:0:0|0:0:0|0:0:0|1:1:0|1:2:0|0:0:0|0:0:0|2:0:2|0:1:1|0:0:0|0:0:0|1:2:0|0:1:1|0:1:1|3:3:0|0:0:0|2:0:1|0:0:0|0:0:0|2:0:1|2:1:2|0:0:0|0:0:0|2:0:1|0:0:0|0:0:0|1:1:0|2:0:1|0:0:0|1:1:0|1:1:0|0:0:0|1:1:0|0:0:0|1:2:0|0:0:0|3:3:0|2:0:1|0:0:0"
"7x7","7x7-uct-0100","100","1","40","0.833333","2","2","O31","ML","60","58","60","59","0","0","2","1","1","1","2","1","2","0:0:0|0:0:0|4:0:3|4:0:3|0:0:0|0:0:0|2:0:2|0:0:0|0:0:0|0:0:0|0:0:0|0:0:0|0:0:0|1:1:0|1:2:0|0:0:0|0:0:0|2:0:2|0:1:1|0:0:0|0:0:0|1:2:0|0:1:1|0:1:1|3:3:0|0:0:0|2:0:1|0:0:0|0:0:0|2:0:1|2:1:2|0:0:0|0:0:0|2:0:1|0:0:0|0:0:0|1:1:0|2:0:1|0:0:0|1:1:0|1:1:0|0:0:0|1:1:0|0:0:0|1:2:0|0:0:0|3:3:0|2:0:1|0:0:0","0:0:0|0:0:0|4:0:3|4:0:3|0:0:0|0:0:0|2:0:2|0:0:0|0:0:0|0:0:0|0:0:0|0:0:0|0:0:0|1:1:0|1:2:0|0:0:0|0:0:0|2:0:2|0:1:1|0:0:0|0:0:0|1:2:0|0:1:2|0:1:1|3:3:0|0:0:0|2:0:1|0:0:0|0:0:0|2:0:1|2:1:2|0:0:0|0:0:0|2:0:1|0:0:0|0:0:0|1:1:0|2:0:1|0:0:0|1:1:0|1:1:0|0:0:0|1:1:0|0:0:0|1:2:0|0:0:0|3:3:0|2:0:1|0:0:0","0:0:0|0:0:0|4:0:3|4:0:3|0:0:0|0:0:0|2:0:2|0:0:0|0:0:0|0:0:0|0:0:0|0:0:0|0:0:0|1:1:0|1:2:0|0:0:0|0:0:0|2:0:2|0:1:1|0:0:0|0:0:0|1:2:0|2:1:2|0:1:1|3:3:0|0:0:0|2:0:1|0:0:0|0:0:0|2:0:1|4:1:3|0:0:0|0:0:0|2:0:1|0:0:0|0:0:0|1:1:0|2:0:1|0:0:0|1:1:0|1:1:0|0:0:0|1:1:0|0:0:0|1:2:0|0:0:0|3:3:0|2:0:1|0:0:0"
"7x7","7x7-uct-0100","100","1","40","0.833333","3","2","O42","MM","60","59","60","60","2","4","4","1","2","1","3","1","3","0:0:0|0:0:0|4:0:3|4:0:3|0:0:0|0:0:0|2:0:2|0:0:0|0:0:0|0:0:0|0:0:0|0:0:0|0:0:0|1:1:0|1:2:0|0:0:0|0:0:0|2:0:2|0:1:1|0:0:0|0:0:0|1:2:0|0:1:2|0:1:1|3:3:0|0:0:0|2:0:1|0:0:0|0:0:0|2:0:1|2:1:2|0:0:0|0:0:0|2:0:1|0:0:0|0:0:0|1:1:0|2:0:1|0:0:0|1:1:0|1:1:0|0:0:0|1:1:0|0:0:0|1:2:0|0:0:0|3:3:0|2:0:1|0:0:0","0:0:0|0:0:0|4:0:3|4:0:3|0:0:0|0:0:0|2:0:2|0:0:0|0:0:0|0:0:0|0:0:0|0:0:0|0:0:0|1:1:0|1:2:0|0:0:0|0:0:0|2:0:2|0:1:1|0:0:0|0:0:0|1:2:0|2:1:2|0:1:1|3:3:0|0:0:0|2:0:1|0:0:0|0:0:0|2:0:1|4:1:3|0:0:0|0:0:0|2:0:1|0:0:0|0:0:0|1:1:0|2:0:1|0:0:0|1:1:0|1:1:0|0:0:0|1:1:0|0:0:0|1:2:0|0:0:0|3:3:0|2:0:1|0:0:0","0:0:0|0:0:0|4:0:3|4:0:3|0:0:0|0:0:0|2:0:2|0:0:0|0:0:0|0:0:0|0:0:0|0:0:0|0:0:0|1:1:0|1:2:0|0:0:0|0:0:0|2:0:2|0:1:1|0:0:0|0:0:0|1:2:0|2:1:2|0:1:1|3:3:0|0:0:0|2:0:1|0:0:0|0:0:0|2:0:1|4:1:3|0:0:0|0:0:0|2:0:1|0:0:0|0:0:0|1:1:0|2:0:1|0:0:0|1:1:0|1:1:0|0:0:0|1:1:0|0:0:0|1:2:0|0:0:0|3:3:0|2:0:1|0:0:0"
"7x7","7x7-uct-0100","100","1","41","0.854167","1","1","O20","ML","60","60","61","60","1","1","3","2","0","3","0","3","0","0:0:0|0:0:0|4:0:3|4:0:3|0:0:0|0:0:0|2:0:2|0:0:0|0:0:0|0:0:0|0:0:0|0:0:0|0:0:0|1:1:0|1:2:0|0:0:0|0:0:0|2:0:2|0:1:1|0:0:0|0:0:0|1:2:0|2:1:2|0:1:1|3:3:0|0:0:0|2:0:1|0:0:0|0:0:0|2:0:1|4:1:3|0:0:0|0:0:0|2:0:1|0:0:0|0:0:0|1:1:0|2:0:1|0:0:0|1:1:0|1:1:0|0:0:0|1:1:0|0:0:0|1:2:0|0:0:0|3:3:0|2:0:1|0:0:0","0:0:0|0:0:0|4:0:3|4:0:3|0:0:0|0:0:0|2:0:2|0:0:0|0:0:0|0:0:0|0:0:0|0:0:0|0:0:0|1:1:0|1:3:0|0:0:0|0:0:0|2:0:2|0:1:1|0:0:0|0:0:0|1:2:0|2:1:2|0:1:1|3:3:0|0:0:0|2:0:1|0:0:0|0:0:0|2:0:1|4:1:3|0:0:0|0:0:0|2:0:1|0:0:0|0:0:0|1:1:0|2:0:1|0:0:0|1:1:0|1:1:0|0:0:0|1:1:0|0:0:0|1:2:0|0:0:0|3:3:0|2:0:1|0:0:0","0:0:0|0:0:0|4:0:3|4:0:3|0:0:0|0:0:0|2:0:2|0:0:0|0:0:0|0:0:0|0:0:0|0:0:0|0:0:0|1:1:0|3:3:0|0:0:0|0:0:0|2:0:2|0:1:1|0:0:0|0:0:0|1:2:0|2:1:2|0:1:1|3:3:0|0:0:0|2:0:1|0:0:0|0:0:0|2:0:1|4:1:3|0:0:0|1:1:0|0:1:1|0:0:0|0:0:0|1:1:0|2:0:1|0:0:0|1:1:0|1:1:0|0:0:0|1:1:0|0:0:0|1:2:0|0:0:0|3:3:0|2:0:1|0:0:0"
"7x7","7x7-uct-0100","100","1","41","0.854167","2","1","O45","MH","61","60","62","60","2","2","0","0","1","1","1","1","1","0:0:0|0:0:0|4:0:3|4:0:3|0:0:0|0:0:0|2:0:2|0:0:0|0:0:0|0:0:0|0:0:0|0:0:0|0:0:0|1:1:0|1:3:0|0:0:0|0:0:0|2:0:2|0:1:1|0:0:0|0:0:0|1:2:0|2:1:2|0:1:1|3:3:0|0:0:0|2:0:1|0:0:0|0:0:0|2:0:1|4:1:3|0:0:0|0:0:0|2:0:1|0:0:0|0:0:0|1:1:0|2:0:1|0:0:0|1:1:0|1:1:0|0:0:0|1:1:0|0:0:0|1:2:0|0:0:0|3:3:0|2:0:1|0:0:0","0:0:0|0:0:0|4:0:3|4:0:3|0:0:0|0:0:0|2:0:2|0:0:0|0:0:0|0:0:0|0:0:0|0:0:0|0:0:0|1:1:0|1:3:0|0:0:0|0:0:0|2:0:2|0:1:1|0:0:0|0:0:0|1:2:0|2:1:2|0:1:1|3:3:0|0:0:0|2:0:1|0:0:0|0:0:0|2:0:1|4:1:3|0:0:0|0:0:0|2:1:1|0:0:0|0:0:0|1:1:0|2:0:1|0:0:0|1:1:0|1:1:0|0:0:0|1:1:0|0:0:0|1:2:0|0:0:0|3:3:0|2:0:1|0:0:0","0:0:0|0:0:0|4:0:3|4:0:3|0:0:0|0:0:0|2:0:2|0:0:0|0:0:0|0:0:0|0:0:0|0:0:0|0:0:0|1:1:0|3:3:0|0:0:0|0:0:0|2:0:2|0:1:1|0:0:0|0:0:0|1:2:0|2:1:2|0:1:1|3:3:0|0:0:0|2:0:1|0:0:0|0:0:0|2:0:1|4:1:3|0:0:0|1:1:0|0:1:1|0:0:0|0:0:0|1:1:0|2:0:1|0:0:0|1:1:0|1:1:0|0:0:0|1:1:0|0:0:0|1:2:0|0:0:0|3:3:0|2:0:1|0:0:0"
"7x7","7x7-uct-0100","100","1","41","0.854167","3","1","O44","MM","62","60","63","60","0","1","1","0","0","1","0","1","0","0:0:0|0:0:0|4:0:3|4:0:3|0:0:0|0:0:0|2:0:2|0:0:0|0:0:0|0:0:0|0:0:0|0:0:0|0:0:0|1:1:0|1:3:0|0:0:0|0:0:0|2:0:2|0:1:1|0:0:0|0:0:0|1:2:0|2:1:2|0:1:1|3:3:0|0:0:0|2:0:1|0:0:0|0:0:0|2:0:1|4:1:3|0:0:0|0:0:0|2:1:1|0:0:0|0:0:0|1:1:0|2:0:1|0:0:0|1:1:0|1:1:0|0:0:0|1:1:0|0:0:0|1:2:0|0:0:0|3:3:0|2:0:1|0:0:0","0:0:0|0:0:0|4:0:3|4:0:3|0:0:0|0:0:0|2:0:2|0:0:0|0:0:0|0:0:0|0:0:0|0:0:0|0:0:0|1:1:0|3:3:0|0:0:0|0:0:0|2:0:2|0:1:1|0:0:0|0:0:0|1:2:0|2:1:2|0:1:1|3:3:0|0:0:0|2:0:1|0:0:0|0:0:0|2:0:1|4:1:3|0:0:0|1:1:0|0:1:1|0:0:0|0:0:0|1:1:0|2:0:1|0:0:0|1:1:0|1:1:0|0:0:0|1:1:0|0:0:0|1:2:0|0:0:0|3:3:0|2:0:1|0:0:0","0:0:0|0:0:0|4:0:3|4:0:3|0:0:0|0:0:0|2:0:2|0:0:0|0:0:0|0:0:0|0:0:0|0:0:0|0:0:0|1:1:0|3:3:0|0:0:0|0:0:0|2:0:2|0:1:1|0:0:0|0:0:0|1:2:0|2:1:2|0:1:1|3:3:0|0:0:0|2:0:1|0:0:0|0:0:0|2:0:1|4:1:3|0:0:0|1:1:0|0:1:1|0:0:0|0:0:0|1:1:0|2:0:1|0:0:0|1:1:0|1:1:0|0:0:0|1:1:0|0:0:0|1:2:0|0:0:0|3:3:0|2:0:1|0:0:0"
"7x7","7x7-uct-0100","100","1","42","0.875000","2","2","O06","LH","63","61","63","62","2","2","4","0","2","0","3","0","3","0:0:0|0:0:0|4:0:3|4:0:3|0:0:0|0:0:0|2:0:2|0:0:0|0:0:0|0:0:0|0:0:0|0:0:0|0:0:0|1:1:0|3:3:0|0:0:0|0:0:0|2:0:2|0:1:1|0:0:0|0:0:0|1:2:0|2:1:2|0:1:1|3:3:0|0:0:0|2:0:1|0:0:0|0:0:0|2:0:1|4:1:3|0:0:0|1:1:0|0:1:1|0:0:0|0:0:0|1:1:0|2:0:1|0:0:0|1:1:0|1:1:0|0:0:0|1:1:0|0:0:0|1:2:0|0:0:0|3:3:0|2:0:1|0:0:0","0:0:0|0:0:0|4:0:3|4:0:3|0:0:0|0:0:0|2:0:3|0:0:0|0:0:0|0:0:0|0:0:0|0:0:0|0:0:0|1:1:0|3:3:0|0:0:0|0:0:0|2:0:2|0:1:1|0:0:0|0:0:0|1:2:0|2:1:2|0:1:1|3:3:0|0:0:0|2:0:1|0:0:0|0:0:0|2:0:1|4:1:3|0:0:0|1:1:0|0:1:1|0:0:0|0:0:0|1:1:0|2:0:1|0:0:0|1:1:0|1:1:0|0:0:0|1:1:0|0:0:0|1:2:0|0:0:0|3:3:0|2:0:1|0:0:0","0:0:0|0:0:0|4:0:3|4:0:3|0:0:0|0:0:0|4:0:3|0:0:0|0:0:0|0:0:0|0:0:0|0:0:0|0:0:0|1:1:0|3:3:0|0:0:0|0:0:0|2:0:2|0:1:1|0:0:0|2:0:1|1:2:0|2:1:2|0:1:1|3:3:0|0:0:0|2:0:1|0:0:0|0:0:0|2:0:1|4:1:3|0:0:0|1:1:0|0:1:1|0:0:0|0:0:0|1:1:0|2:0:1|0:0:0|1:1:0|1:1:0|0:0:0|1:1:0|0:0:0|1:2:0|0:0:0|3:3:0|2:0:1|0:0:0"
"7x7","7x7-uct-0100","100","1","42","0.875000","3","2","O26","MH","63","62","63","63","0","2","2","0","0","0","1","0","1","0:0:0|0:0:0|4:0:3|4:0:3|0:0:0|0:0:0|2:0:3|0:0:0|0:0:0|0:0:0|0:0:0|0:0:0|0:0:0|1:1:0|3:3:0|0:0:0|0:0:0|2:0:2|0:1:1|0:0:0|0:0:0|1:2:0|2:1:2|0:1:1|3:3:0|0:0:0|2:0:1|0:0:0|0:0:0|2:0:1|4:1:3|0:0:0|1:1:0|0:1:1|0:0:0|0:0:0|1:1:0|2:0:1|0:0:0|1:1:0|1:1:0|0:0:0|1:1:0|0:0:0|1:2:0|0:0:0|3:3:0|2:0:1|0:0:0","0:0:0|0:0:0|4:0:3|4:0:3|0:0:0|0:0:0|4:0:3|0:0:0|0:0:0|0:0:0|0:0:0|0:0:0|0:0:0|1:1:0|3:3:0|0:0:0|0:0:0|2:0:2|0:1:1|0:0:0|2:0:1|1:2:0|2:1:2|0:1:1|3:3:0|0:0:0|2:0:1|0:0:0|0:0:0|2:0:1|4:1:3|0:0:0|1:1:0|0:1:1|0:0:0|0:0:0|1:1:0|2:0:1|0:0:0|1:1:0|1:1:0|0:0:0|1:1:0|0:0:0|1:2:0|0:0:0|3:3:0|2:0:1|0:0:0","0:0:0|0:0:0|4:0:3|4:0:3|0:0:0|0:0:0|4:0:3|0:0:0|0:0:0|0:0:0|0:0:0|0:0:0|0:0:0|1:1:0|3:3:0|0:0:0|0:0:0|2:0:2|0:1:1|0:0:0|2:0:1|1:2:0|2:1:2|0:1:1|3:3:0|0:0:0|2:0:1|0:0:0|0:0:0|2:0:1|4:1:3|0:0:0|1:1:0|0:1:1|0:0:0|0:0:0|1:1:0|2:0:1|0:0:0|1:1:0|1:1:0|0:0:0|1:1:0|0:0:0|1:2:0|0:0:0|3:3:0|2:0:1|0:0:0"
"7x7","7x7-uct-0100","100","1","43","0.895833","1","1","O30","ML","63","63","64","63","1","1","3","2","0","3","0","3","0","0:0:0|0:0:0|4:0:3|4:0:3|0:0:0|0:0:0|4:0:3|0:0:0|0:0:0|0:0:0|0:0:0|0:0:0|0:0:0|1:1:0|3:3:0|0:0:0|0:0:0|2:0:2|0:1:1|0:0:0|2:0:1|1:2:0|2:1:2|0:1:1|3:3:0|0:0:0|2:0:1|0:0:0|0:0:0|2:0:1|4:1:3|0:0:0|1:1:0|0:1:1|0:0:0|0:0:0|1:1:0|2:0:1|0:0:0|1:1:0|1:1:0|0:0:0|1:1:0|0:0:0|1:2:0|0:0:0|3:3:0|2:0:1|0:0:0","0:0:0|0:0:0|4:0:3|4:0:3|0:0:0|0:0:0|4:0:3|0:0:0|0:0:0|0:0:0|0:0:0|0:0:0|0:0:0|1:1:0|3:3:0|0:0:0|0:0:0|2:0:2|0:1:1|0:0:0|2:0:1|1:3:0|2:1:2|0:1:1|3:3:0|0:0:0|2:0:1|0:0:0|0:0:0|2:0:1|4:1:3|0:0:0|1:1:0|0:1:1|0:0:0|0:0:0|1:1:0|2:0:1|0:0:0|1:1:0|1:1:0|0:0:0|1:1:0|0:0:0|1:2:0|0:0:0|3:3:0|2:0:1|0:0:0","0:0:0|0:0:0|4:0:3|4:0:3|0:0:0|0:0:0|4:0:3|0:0:0|0:0:0|0:0:0|0:0:0|0:0:0|0:0:0|1:1:0|3:3:0|0:0:0|0:0:0|2:0:2|0:1:1|0:0:0|2:0:1|3:3:0|2:1:2|0:1:1|3:3:0|0:0:0|2:0:1|0:0:0|0:0:0|2:0:1|4:1:3|0:0:0|1:1:0|0:1:1|0:0:0|0:0:0|1:1:0|2:0:1|0:0:0|1:1:0|1:1:0|0:0:0|1:1:0|0:0:0|3:3:0|0:0:0|3:3:0|2:0:1|0:0:0"
"7x7","7x7-uct-0100","100","1","43","0.895833","3","1","O62","HM","65","63","66","63","1","3","3","2","0","3","0","3","0","0:0:0|0:0:0|4:0:3|4:0:3|0:0:0|0:0:0|4:0:3|0:0:0|0:0:0|0:0:0|0:0:0|0:0:0|0:0:0|1:1:0|3:3:0|0:0:0|0:0:0|2:0:2|0:1:1|0:0:0|2:0:1|1:3:0|2:1:2|0:1:1|3:3:0|0:0:0|2:0:1|0:0:0|0:0:0|2:0:1|4:1:3|0:0:0|1:1:0|0:1:1|0:0:0|0:0:0|1:1:0|2:0:1|0:0:0|1:1:0|1:1:0|0:0:0|1:1:0|0:0:0|1:2:0|0:0:0|3:3:0|2:0:1|0:0:0","0:0:0|0:0:0|4:0:3|4:0:3|0:0:0|0:0:0|4:0:3|0:0:0|0:0:0|0:0:0|0:0:0|0:0:0|0:0:0|1:1:0|3:3:0|0:0:0|0:0:0|2:0:2|0:1:1|0:0:0|2:0:1|3:3:0|2:1:2|0:1:1|3:3:0|0:0:0|2:0:1|0:0:0|0:0:0|2:0:1|4:1:3|0:0:0|1:1:0|0:1:1|0:0:0|0:0:0|1:1:0|2:0:1|0:0:0|1:1:0|1:1:0|0:0:0|1:1:0|0:0:0|3:3:0|0:0:0|3:3:0|2:0:1|0:0:0","0:0:0|0:0:0|4:0:3|4:0:3|0:0:0|0:0:0|4:0:3|0:0:0|0:0:0|0:0:0|0:0:0|0:0:0|0:0:0|1:1:0|3:3:0|0:0:0|0:0:0|2:0:2|0:1:1|0:0:0|2:0:1|3:3:0|2:1:2|0:1:1|3:3:0|0:0:0|2:0:1|0:0:0|0:0:0|2:0:1|4:1:3|0:0:0|1:1:0|0:1:1|0:0:0|0:0:0|1:1:0|2:0:1|0:0:0|1:1:0|1:1:0|0:0:0|1:1:0|0:0:0|3:3:0|0:0:0|3:3:0|2:0:1|0:0:0"
"7x7","7x7-uct-0100","100","1","44","0.916667","1","2","O44","MM","66","63","66","64","1","1","0","1","0","1","1","1","1","0:0:0|0:0:0|4:0:3|4:0:3|0:0:0|0:0:0|4:0:3|0:0:0|0:0:0|0:0:0|0:0:0|0:0:0|0:0:0|1:1:0|3:3:0|0:0:0|0:0:0|2:0:2|0:1:1|0:0:0|2:0:1|3:3:0|2:1:2|0:1:1|3:3:0|0:0:0|2:0:1|0:0:0|0:0:0|2:0:1|4:1:3|0:0:0|1:1:0|0:1:1|0:0:0|0:0:0|1:1:0|2:0:1|0:0:0|1:1:0|1:1:0|0:0:0|1:1:0|0:0:0|3:3:0|0:0:0|3:3:0|2:0:1|0:0:0","0:0:0|0:0:0|4:0:3|4:0:3|0:0:0|0:0:0|4:0:3|0:0:0|0:0:0|0:0:0|0:0:0|0:0:0|0:0:0|1:1:0|3:3:0|0:0:0|0:0:0|2:0:2|0:1:1|0:0:0|2:0:1|3:3:0|2:1:2|0:1:1|3:3:0|0:0:0|2:0:1|0:0:0|0:0:0|2:0:1|4:1:3|0:0:0|1:1:1|0:1:1|0:0:0|0:0:0|1:1:0|2:0:1|0:0:0|1:1:0|1:1:0|0:0:0|1:1:0|0:0:0|3:3:0|0:0:0|3:3:0|2:0:1|0:0:0","0:0:0|0:0:0|4:0:3|4:0:3|0:0:0|0:0:0|4:0:3|0:0:0|0:0:0|0:0:0|0:0:0|0:0:0|0:0:0|1:1:0|3:3:0|0:0:0|0:0:0|4:0:3|0:1:1|0:0:0|2:0:1|3:3:0|2:1:2|0:1:1|3:3:0|0:0:0|2:0:1|0:0:0|0:0:0|2:0:1|4:1:3|0:0:0|0:1:1|0:1:1|0:0:0|0:0:0|1:1:0|2:0:1|0:0:0|1:1:0|1:1:0|0:0:0|1:1:0|0:0:0|3:3:0|0:0:0|3:3:0|2:0:1|2:0:1"
"7x7","7x7-uct-0100","100","1","44","0.916667","2","2","O66","HH","66","64","66","65","0","0","2","0","0","0","1","0","1","0:0:0|0:0:0|4:0:3|4:0:3|0:0:0|0:0:0|4:0:3|0:0:0|0:0:0|0:0:0|0:0:0|0:0:0|0:0:0|1:1:0|3:3:0|0:0:0|0:0:0|2:0:2|0:1:1|0:0:0|2:0:1|3:3:0|2:1:2|0:1:1|3:3:0|0:0:0|2:0:1|0:0:0|0:0:0|2:0:1|4:1:3|0:0:0|1:1:1|0:1:1|0:0:0|0:0:0|1:1:0|2:0:1|0:0:0|1:1:0|1:1:0|0:0:0|1:1:0|0:0:0|3:3:0|0:0:0|3:3:0|2:0:1|0:0:0","0:0:0|0:0:0|4:0:3|4:0:3|0:0:0|0:0:0|4:0:3|0:0:0|0:0:0|0:0:0|0:0:0|0:0:0|0:0:0|1:1:0|3:3:0|0:0:0|0:0:0|2:0:2|0:1:1|0:0:0|2:0:1|3:3:0|2:1:2|0:1:1|3:3:0|0:0:0|2:0:1|0:0:0|0:0:0|2:0:1|4:1:3|0:0:0|1:1:1|0:1:1|0:0:0|0:0:0|1:1:0|2:0:1|0:0:0|1:1:0|1:1:0|0:0:0|1:1:0|0:0:0|3:3:0|0:0:0|3:3:0|2:0:1|0:0:1","0:0:0|0:0:0|4:0:3|4:0:3|0:0:0|0:0:0|4:0:3|0:0:0|0:0:0|0:0:0|0:0:0|0:0:0|0:0:0|1:1:0|3:3:0|0:0:0|0:0:0|4:0:3|0:1:1|0:0:0|2:0:1|3:3:0|2:1:2|0:1:1|3:3:0|0:0:0|2:0:1|0:0:0|0:0:0|2:0:1|4:1:3|0:0:0|0:1:1|0:1:1|0:0:0|0:0:0|1:1:0|2:0:1|0:0:0|1:1:0|1:1:0|0:0:0|1:1:0|0:0:0|3:3:0|0:0:0|3:3:0|2:0:1|2:0:1"
"7x7","7x7-uct-0100","100","1","44","0.916667","3","2","O23","MM","66","65","66","66","2","4","4","0","2","0","3","0","3","0:0:0|0:0:0|4:0:3|4:0:3|0:0:0|0:0:0|4:0:3|0:0:0|0:0:0|0:0:0|0:0:0|0:0:0|0:0:0|1:1:0|3:3:0|0:0:0|0:0:0|2:0:2|0:1:1|0:0:0|2:0:1|3:3:0|2:1:2|0:1:1|3:3:0|0:0:0|2:0:1|0:0:0|0:0:0|2:0:1|4:1:3|0:0:0|1:1:1|0:1:1|0:0:0|0:0:0|1:1:0|2:0:1|0:0:0|1:1:0|1:1:0|0:0:0|1:1:0|0:0:0|3:3:0|0:0:0|3:3:0|2:0:1|0:0:1","0:0:0|0:0:0|4:0:3|4:0:3|0:0:0|0:0:0|4:0:3|0:0:0|0:0:0|0:0:0|0:0:0|0:0:0|0:0:0|1:1:0|3:3:0|0:0:0|0:0:0|4:0:3|0:1:1|0:0:0|2:0:1|3:3:0|2:1:2|0:1:1|3:3:0|0:0:0|2:0:1|0:0:0|0:0:0|2:0:1|4:1:3|0:0:0|0:1:1|0:1:1|0:0:0|0:0:0|1:1:0|2:0:1|0:0:0|1:1:0|1:1:0|0:0:0|1:1:0|0:0:0|3:3:0|0:0:0|3:3:0|2:0:1|2:0:1","0:0:0|0:0:0|4:0:3|4:0:3|0:0:0|0:0:0|4:0:3|0:0:0|0:0:0|0:0:0|0:0:0|0:0:0|0:0:0|1:1:0|3:3:0|0:0:0|0:0:0|4:0:3|0:1:1|0:0:0|2:0:1|3:3:0|2:1:2|0:1:1|3:3:0|0:0:0|2:0:1|0:0:0|0:0:0|2:0:1|4:1:3|0:0:0|0:1:1|0:1:1|0:0:0|0:0:0|1:1:0|2:0:1|0:0:0|1:1:0|1:1:0|0:0:0|1:1:0|0:0:0|3:3:0|0:0:0|3:3:0|2:0:1|2:0:1"
"7x7","7x7-uct-0100","100","1","45","0.937500","1","1","O31","ML","66","66","67","66","2","2","0","1","2","2","2","2","2","0:0:0|0:0:0|4:0:3|4:0:3|0:0:0|0:0:0|4:0:3|0:0:0|0:0:0|0:0:0|0:0:0|0:0:0|0:0:0|1:1:0|3:3:0|0:0:0|0:0:0|4:0:3|0:1:1|0:0:0|2:0:1|3:3:0|2:1:2|0:1:1|3:3:0|0:0:0|2:0:1|0:0:0|0:0:0|2:0:1|4:1:3|0:0:0|0:1:1|0:1:1|0:0:0|0:0:0|1:1:0|2:0:1|0:0:0|1:1:0|1:1:0|0:0:0|1:1:0|0:0:0|3:3:0|0:0:0|3:3:0|2:0:1|2:0:1","0:0:0|0:0:0|4:0:3|4:0:3|0:0:0|0:0:0|4:0:3|0:0:0|0:0:0|0:0:0|0:0:0|0:0:0|0:0:0|1:1:0|3:3:0|0:0:0|0:0:0|4:0:3|0:1:1|0:0:0|2:0:1|3:3:0|2:2:2|0:1:1|3:3:0|0:0:0|2:0:1|0:0:0|0:0:0|2:0:1|4:1:3|0:0:0|0:1:1|0:1:1|0:0:0|0:0:0|1:1:0|2:0:1|0:0:0|1:1:0|1:1:0|0:0:0|1:1:0|0:0:0|3:3:0|0:0:0|3:3:0|2:0:1|2:0:1","0:0:0|0:0:0|4:0:3|4:0:3|0:0:0|0:0:0|4:0:3|0:0:0|0:0:0|0:0:0|0:0:0|0:0:0|0:0:0|1:1:0|3:3:0|0:0:0|0:0:0|4:0:3|0:1:1|0:0:0|2:0:1|3:3:0|0:2:2|1:2:1|3:3:0|0:0:0|2:0:1|0:0:0|0:0:0|2:0:1|4:1:3|0:0:0|0:1:1|0:1:1|0:0:0|0:0:0|1:1:0|2:0:1|0:0:0|1:1:0|1:1:0|0:0:0|1:1:0|0:0:0|3:3:0|0:0:0|3:3:0|2:0:1|2:0:1"
"7x7","7x7-uct-0100","100","1","45","0.937500","2","1","O32","MM","67","66","68","66","0","0","1","1","1","2","1","2","1","0:0:0|0:0:0|4:0:3|4:0:3|0:0:0|0:0:0|4:0:3|0:0:0|0:0:0|0:0:0|0:0:0|0:0:0|0:0:0|1:1:0|3:3:0|0:0:0|0:0:0|4:0:3|0:1:1|0:0:0|2:0:1|3:3:0|2:2:2|0:1:1|3:3:0|0:0:0|2:0:1|0:0:0|0:0:0|2:0:1|4:1:3|0:0:0|0:1:1|0:1:1|0:0:0|0:0:0|1:1:0|2:0:1|0:0:0|1:1:0|1:1:0|0:0:0|1:1:0|0:0:0|3:3:0|0:0:0|3:3:0|2:0:1|2:0:1","0:0:0|0:0:0|4:0:3|4:0:3|0:0:0|0:0:0|4:0:3|0:0:0|0:0:0|0:0:0|0:0:0|0:0:0|0:0:0|1:1:0|3:3:0|0:0:0|0:0:0|4:0:3|0:1:1|0:0:0|2:0:1|3:3:0|2:2:2|0:2:1|3:3:0|0:0:0|2:0:1|0:0:0|0:0:0|2:0:1|4:1:3|0:0:0|0:1:1|0:1:1|0:0:0|0:0:0|1:1:0|2:0:1|0:0:0|1:1:0|1:1:0|0:0:0|1:1:0|0:0:0|3:3:0|0:0:0|3:3:0|2:0:1|2:0:1","0:0:0|0:0:0|4:0:3|4:0:3|0:0:0|0:0:0|4:0:3|0:0:0|0:0:0|0:0:0|0:0:0|0:0:0|0:0:0|1:1:0|3:3:0|0:0:0|0:0:0|4:0:3|0:1:1|0:0:0|2:0:1|3:3:0|0:2:2|1:2:1|3:3:0|0:0:0|2:0:1|0:0:0|0:0:0|2:0:1|4:1:3|0:0:0|0:1:1|0:1:1|0:0:0|0:0:0|1:1:0|2:0:1|0:0:0|1:1:0|1:1:0|0:0:0|1:1:0|0:0:0|3:3:0|0:0:0|3:3:0|2:0:1|2:0:1"
"7x7","7x7-uct-0100","100","1","46","0.958333","1","2","O00","LL","69","66","69","67","0","0","2","0","0","0","1","0","1","0:0:0|0:0:0|4:0:3|4:0:3|0:0:0|0:0:0|4:0:3|0:0:0|0:0:0|0:0:0|0:0:0|0:0:0|0:0:0|1:1:0|3:3:0|0:0:0|0:0:0|4:0:3|0:1:1|0:0:0|2:0:1|3:3:0|0:2:2|1:2:1|3:3:0|0:0:0|2:0:1|0:0:0|0:0:0|2:0:1|4:1:3|0:0:0|0:1:1|0:1:1|0:0:0|0:0:0|1:1:0|2:0:1|0:0:0|1:1:0|1:1:0|0:0:0|1:1:0|0:0:0|3:3:0|0:0:0|3:3:0|2:0:1|2:0:1","0:0:1|0:0:0|4:0:3|4:0:3|0:0:0|0:0:0|4:0:3|0:0:0|0:0:0|0:0:0|0:0:0|0:0:0|0:0:0|1:1:0|3:3:0|0:0:0|0:0:0|4:0:3|0:1:1|0:0:0|2:0:1|3:3:0|0:2:2|1:2:1|3:3:0|0:0:0|2:0:1|0:0:0|0:0:0|2:0:1|4:1:3|0:0:0|0:1:1|0:1:1|0:0:0|0:0:0|1:1:0|2:0:1|0:0:0|1:1:0|1:1:0|0:0:0|1:1:0|0:0:0|3:3:0|0:0:0|3:3:0|2:0:1|2:0:1","2:0:1|0:0:0|4:0:3|4:0:3|0:0:0|0:0:0|4:0:3|0:0:0|0:0:0|0:0:0|0:0:0|0:0:0|0:0:0|1:1:0|3:3:0|0:0:0|0:0:0|4:0:3|0:1:1|0:0:0|2:0:1|3:3:0|0:2:2|1:2:1|3:3:0|0:0:0|2:0:1|0:0:0|0:0:0|2:0:1|4:1:3|0:0:0|0:1:1|0:1:1|0:0:0|0:0:0|1:1:0|2:0:1|0:0:0|1:1:0|1:1:0|0:0:0|1:1:0|0:0:0|3:3:0|0:0:0|3:3:0|2:0:1|2:0:1"
"7x7","7x7-uct-0100","100","1","47","0.979167","1","1","O61","HL","69","69","70","69","0","0","1","0","0","1","0","1","0","2:0:1|0:0:0|4:0:3|4:0:3|0:0:0|0:0:0|4:0:3|0:0:0|0:0:0|0:0:0|0:0:0|0:0:0|0:0:0|1:1:0|3:3:0|0:0:0|0:0:0|4:0:3|0:1:1|0:0:0|2:0:1|3:3:0|0:2:2|1:2:1|3:3:0|0:0:0|2:0:1|0:0:0|0:0:0|2:0:1|4:1:3|0:0:0|0:1:1|0:1:1|0:0:0|0:0:0|1:1:0|2:0:1|0:0:0|1:1:0|1:1:0|0:0:0|1:1:0|0:0:0|3:3:0|0:0:0|3:3:0|2:0:1|2:0:1","2:0:1|0:0:0|4:0:3|4:0:3|0:0:0|0:0:0|4:0:3|0:0:0|0:0:0|0:0:0|0:0:0|0:0:0|0:0:0|1:1:0|3:3:0|0:0:0|0:0:0|4:0:3|0:1:1|0:0:0|2:0:1|3:3:0|0:2:2|1:2:1|3:3:0|0:0:0|2:0:1|0:0:0|0:0:0|2:0:1|4:1:3|0:0:0|0:1:1|0:1:1|0:0:0|0:0:0|1:1:0|2:0:1|0:0:0|1:1:0|1:1:0|0:0:0|1:1:0|0:1:0|3:3:0|0:0:0|3:3:0|2:0:1|2:0:1","2:0:1|0:0:0|4:0:3|4:0:3|0:0:0|0:0:0|4:0:3|0:0:0|0:0:0|0:0:0|0:0:0|0:0:0|1:1:0|1:1:0|3:3:0|0:0:0|0:0:0|4:0:3|0:1:1|0:0:0|2:0:1|3:3:0|0:2:2|1:2:1|3:3:0|0:0:0|2:0:1|1:1:0|0:0:0|2:0:1|4:1:3|0:0:0|0:1:1|0:1:1|0:0:0|0:0:0|1:1:0|2:0:1|0:0:0|1:1:0|1:1:0|0:0:0|1:1:0|1:1:0|3:3:0|0:0:0|3:3:0|2:0:1|2:0:1"
"7x7","7x7-uct-0100","100","1","47","0.979167","2","1","O36","MH","70","69","71","69","0","0","1","0","0","1","0","1","0","2:0:1|0:0:0|4:0:3|4:0:3|0:0:0|0:0:0|4:0:3|0:0:0|0:0:0|0:0:0|0:0:0|0:0:0|0:0:0|1:1:0|3:3:0|0:0:0|0:0:0|4:0:3|0:1:1|0:0:0|2:0:1|3:3:0|0:2:2|1:2:1|3:3:0|0:0:0|2:0:1|0:0:0|0:0:0|2:0:1|4:1:3|0:0:0|0:1:1|0:1:1|0:0:0|0:0:0|1:1:0|2:0:1|0:0:0|1:1:0|1:1:0|0:0:0|1:1:0|0:1:0|3:3:0|0:0:0|3:3:0|2:0:1|2:0:1","2:0:1|0:0:0|4:0:3|4:0:3|0:0:0|0:0:0|4:0:3|0:0:0|0:0:0|0:0:0|0:0:0|0:0:0|0:0:0|1:1:0|3:3:0|0:0:0|0:0:0|4:0:3|0:1:1|0:0:0|2:0:1|3:3:0|0:2:2|1:2:1|3:3:0|0:0:0|2:0:1|0:1:0|0:0:0|2:0:1|4:1:3|0:0:0|0:1:1|0:1:1|0:0:0|0:0:0|1:1:0|2:0:1|0:0:0|1:1:0|1:1:0|0:0:0|1:1:0|0:1:0|3:3:0|0:0:0|3:3:0|2:0:1|2:0:1","2:0:1|0:0:0|4:0:3|4:0:3|0:0:0|0:0:0|4:0:3|0:0:0|0:0:0|0:0:0|0:0:0|0:0:0|1:1:0|1:1:0|3:3:0|0:0:0|0:0:0|4:0:3|0:1:1|0:0:0|2:0:1|3:3:0|0:2:2|1:2:1|3:3:0|0:0:0|2:0:1|1:1:0|0:0:0|2:0:1|4:1:3|0:0:0|0:1:1|0:1:1|0:0:0|0:0:0|1:1:0|2:0:1|0:0:0|1:1:0|1:1:0|0:0:0|1:1:0|1:1:0|3:3:0|0:0:0|3:3:0|2:0:1|2:0:1"
"7x7","7x7-uct-0100","100","1","47","0.979167","3","1","O15","LH","71","69","72","69","0","1","1","0","0","1","0","1","0","2:0:1|0:0:0|4:0:3|4:0:3|0:0:0|0:0:0|4:0:3|0:0:0|0:0:0|0:0:0|0:0:0|0:0:0|0:0:0|1:1:0|3:3:0|0:0:0|0:0:0|4:0:3|0:1:1|0:0:0|2:0:1|3:3:0|0:2:2|1:2:1|3:3:0|0:0:0|2:0:1|0:1:0|0:0:0|2:0:1|4:1:3|0:0:0|0:1:1|0:1:1|0:0:0|0:0:0|1:1:0|2:0:1|0:0:0|1:1:0|1:1:0|0:0:0|1:1:0|0:1:0|3:3:0|0:0:0|3:3:0|2:0:1|2:0:1","2:0:1|0:0:0|4:0:3|4:0:3|0:0:0|0:0:0|4:0:3|0:0:0|0:0:0|0:0:0|0:0:0|0:0:0|1:1:0|1:1:0|3:3:0|0:0:0|0:0:0|4:0:3|0:1:1|0:0:0|2:0:1|3:3:0|0:2:2|1:2:1|3:3:0|0:0:0|2:0:1|1:1:0|0:0:0|2:0:1|4:1:3|0:0:0|0:1:1|0:1:1|0:0:0|0:0:0|1:1:0|2:0:1|0:0:0|1:1:0|1:1:0|0:0:0|1:1:0|1:1:0|3:3:0|0:0:0|3:3:0|2:0:1|2:0:1","2:0:1|0:0:0|4:0:3|4:0:3|0:0:0|0:0:0|4:0:3|0:0:0|0:0:0|0:0:0|0:0:0|0:0:0|1:1:0|1:1:0|3:3:0|0:0:0|0:0:0|4:0:3|0:1:1|0:0:0|2:0:1|3:3:0|0:2:2|1:2:1|3:3:0|0:0:0|2:0:1|1:1:0|0:0:0|2:0:1|4:1:3|0:0:0|0:1:1|0:1:1|0:0:0|0:0:0|1:1:0|2:0:1|0:0:0|1:1:0|1:1:0|0:0:0|1:1:0|1:1:0|3:3:0|0:0:0|3:3:0|2:0:1|2:0:1"
"7x7","7x7-uct-0100","100","1","48","1.000000","1","2","O31","ML","72","69","72","70","0","0","4","2","2","2","3","2","3","2:0:1|0:0:0|4:0:3|4:0:3|0:0:0|0:0:0|4:0:3|0:0:0|0:0:0|0:0:0|0:0:0|0:0:0|1:1:0|1:1:0|3:3:0|0:0:0|0:0:0|4:0:3|0:1:1|0:0:0|2:0:1|3:3:0|0:2:2|1:2:1|3:3:0|0:0:0|2:0:1|1:1:0|0:0:0|2:0:1|4:1:3|0:0:0|0:1:1|0:1:1|0:0:0|0:0:0|1:1:0|2:0:1|0:0:0|1:1:0|1:1:0|0:0:0|1:1:0|1:1:0|3:3:0|0:0:0|3:3:0|2:0:1|2:0:1","2:0:1|0:0:0|4:0:3|4:0:3|0:0:0|0:0:0|4:0:3|0:0:0|0:0:0|0:0:0|0:0:0|0:0:0|1:1:0|1:1:0|3:3:0|0:0:0|0:0:0|4:0:3|0:1:1|0:0:0|2:0:1|3:3:0|0:2:3|1:2:1|3:3:0|0:0:0|2:0:1|1:1:0|0:0:0|2:0:1|4:1:3|0:0:0|0:1:1|0:1:1|0:0:0|0:0:0|1:1:0|2:0:1|0:0:0|1:1:0|1:1:0|0:0:0|1:1:0|1:1:0|3:3:0|0:0:0|3:3:0|2:0:1|2:0:1","2:0:1|0:0:0|4:0:3|4:0:3|0:0:0|0:0:0|4:0:3|0:0:0|0:0:0|0:0:0|0:0:0|0:0:0|1:1:0|1:1:0|3:3:0|0:0:0|0:0:0|4:0:3|0:1:1|0:0:0|2:0:1|3:3:0|4:2:3|1:2:1|3:3:0|0:0:0|2:0:1|1:1:0|0:0:0|2:0:1|4:1:3|0:0:0|0:1:1|0:1:1|0:0:0|0:0:0|1:1:0|2:0:1|0:0:0|1:1:0|1:1:0|0:0:0|1:1:0|1:1:0|3:3:0|0:0:0|3:3:0|2:0:1|2:0:1"
"7x7","7x7-uct-0500","500","1","4","0.083333","2","2","O06","LH","6","4","6","5","0","0","2","0","0","0","1","0","1","0:0:0|0:0:0|0:0:0|0:0:0|0:0:0|0:0:0|0:0:0|0:0:0|0:0:0|0:0:0|0:0:0|0:0:0|0:0:0|0:0:0|0:0:0|0:0:0|0:0:0|0:0:0|0:0:0|0:0:0|0:0:0|0:0:0|0:0:0|0:0:0|0:0:0|0:0:0|0:0:0|0:0:0|0:0:0|0:0:0|0:0:0|0:0:0|0:0:0|0:0:0|0:0:0|0:0:0|0:0:0|0:0:0|0:0:0|0:0:0|0:0:0|0:0:0|0:0:0|0:0:0|0:0:0|0:0:0|0:0:0|0:0:0|0:0:0","0:0:0|0:0:0|0:0:0|0:0:0|0:0:0|0:0:0|0:0:1|0:0:0|0:0:0|0:0:0|0:0:0|0:0:0|0:0:0|0:0:0|0:0:0|0:0:0|0:0:0|0:0:0|0:0:0|0:0:0|0:0:0|0:0:0|0:0:0|0:0:0|0:0:0|0:0:0|0:0:0|0:0:0|0:0:0|0:0:0|0:0:0|0:0:0|0:0:0|0:0:0|0:0:0|0:0:0|0:0:0|0:0:0|0:0:0|0:0:0|0:0:0|0:0:0|0:0:0|0:0:0|0:0:0|0:0:0|0:0:0|0:0:0|0:0:0","0:0:0|0:0:0|0:0:0|0:0:0|0:0:0|0:0:0|2:0:1|0:0:0|0:0:0|0:0:0|0:0:0|0:0:0|0:0:0|0:0:0|0:0:0|0:0:0|0:0:0|0:0:0|0:0:0|0:0:0|0:0:0|0:0:0|0:0:0|0:0:0|0:0:0|0:0:0|0:0:0|0:0:0|0:0:0|0:0:0|0:0:0|0:0:0|0:0:0|0:0:0|0:0:0|0:0:0|0:0:0|0:0:0|0:0:0|0:0:0|0:0:0|0:0:0|0:0:0|0:0:0|0:0:0|0:0:0|0:0:0|0:0:0|0:0:0"
"7x7","7x7-uct-0500","500","1","6","0.125000","2","2","O12","LM","9","7","9","8","0","0","2","0","0","0","1","0","1","0:0:0|0:0:0|0:0:0|0:0:0|0:0:0|0:0:0|2:0:1|0:0:0|0:0:0|0:0:0|0:0:0|0:0:0|0:0:0|0:0:0|0:0:0|0:0:0|0:0:0|0:0:0|0:0:0|0:0:0|0:0:0|0:0:0|0:0:0|0:0:0|0:0:0|0:0:0|0:0:0|0:0:0|0:0:0|0:0:0|0:0:0|0:0:0|0:0:0|0:0:0|0:0:0|0:0:0|0:0:0|0:0:0|0:0:0|0:0:0|0:0:0|0:0:0|0:0:0|0:0:0|0:0:0|0:0:0|0:0:0|0:0:0|0:0:0","0:0:0|0:0:0|0:0:0|0:0:0|0:0:0|0:0:0|2:0:1|0:0:0|0:0:0|0:0:1|0:0:0|0:0:0|0:0:0|0:0:0|0:0:0|0:0:0|0:0:0|0:0:0|0:0:0|0:0:0|0:0:0|0:0:0|0:0:0|0:0:0|0:0:0|0:0:0|0:0:0|0:0:0|0:0:0|0:0:0|0:0:0|0:0:0|0:0:0|0:0:0|0:0:0|0:0:0|0:0:0|0:0:0|0:0:0|0:0:0|0:0:0|0:0:0|0:0:0|0:0:0|0:0:0|0:0:0|0:0:0|0:0:0|0:0:0","0:0:0|0:0:0|0:0:0|0:0:0|0:0:0|0:0:0|2:0:1|0:0:0|0:0:0|2:0:1|0:0:0|0:0:0|0:0:0|0:0:0|0:0:0|0:0:0|0:0:0|0:0:0|0:0:0|0:0:0|0:0:0|0:0:0|0:0:0|0:0:0|0:0:0|0:0:0|0:0:0|0:0:0|0:0:0|0:0:0|0:0:0|0:0:0|0:0:0|0:0:0|0:0:0|0:0:0|0:0:0|0:0:0|0:0:0|0:0:0|0:0:0|0:0:0|0:0:0|0:0:0|0:0:0|0:0:0|0:0:0|0:0:0|0:0:0"
"7x7","7x7-uct-0500","500","1","7","0.145833","2","1","O42","MM","10","9","11","9","0","0","1","0","0","1","0","1","0","0:0:0|0:0:0|0:0:0|0:0:0|0:0:0|0:0:0|2:0:1|0:0:0|0:0:0|2:0:1|0:0:0|0:0:0|0:0:0|0:0:0|0:0:0|0:0:0|0:0:0|0:0:0|0:0:0|0:0:0|0:0:0|0:0:0|0:0:0|0:0:0|0:0:0|0:0:0|0:0:0|0:0:0|0:0:0|0:0:0|0:0:0|0:0:0|0:0:0|0:0:0|0:0:0|0:0:0|0:0:0|0:0:0|0:0:0|0:0:0|0:0:0|0:0:0|0:0:0|0:0:0|0:0:0|0:0:0|0:0:0|0:0:0|0:0:0","0:0:0|0:0:0|0:0:0|0:0:0|0:0:0|0:0:0|2:0:1|0:0:0|0:0:0|2:0:1|0:0:0|0:0:0|0:0:0|0:0:0|0:0:0|0:0:0|0:0:0|0:0:0|0:0:0|0:0:0|0:0:0|0:0:0|0:0:0|0:0:0|0:0:0|0:0:0|0:0:0|0:0:0|0:0:0|0:0:0|0:1:0|0:0:0|0:0:0|0:0:0|0:0:0|0:0:0|0:0:0|0:0:0|0:0:0|0:0:0|0:0:0|0:0:0|0:0:0|0:0:0|0:0:0|0:0:0|0:0:0|0:0:0|0:0:0","0:0:0|0:0:0|0:0:0|0:0:0|0:0:0|0:0:0|2:0:1|0:0:0|0:0:0|2:0:1|0:0:0|0:0:0|0:0:0|0:0:0|0:0:0|0:0:0|0:0:0|0:0:0|0:0:0|0:0:0|0:0:0|0:0:0|0:0:0|0:0:0|0:0:0|0:0:0|0:0:0|0:0:0|0:0:0|0:0:0|1:1:0|0:0:0|0:0:0|0:0:0|0:0:0|0:0:0|0:0:0|0:0:0|0:0:0|0:0:0|1:1:0|0:0:0|0:0:0|0:0:0|0:0:0|0:0:0|0:0:0|0:0:0|0:0:0"
"7x7","7x7-uct-0500","500","1","7","0.145833","3","1","O55","HH","11","9","12","9","0","1","1","0","0","1","0","1","0","0:0:0|0:0:0|0:0:0|0:0:0|0:0:0|0:0:0|2:0:1|0:0:0|0:0:0|2:0:1|0:0:0|0:0:0|0:0:0|0:0:0|0:0:0|0:0:0|0:0:0|0:0:0|0:0:0|0:0:0|0:0:0|0:0:0|0:0:0|0:0:0|0:0:0|0:0:0|0:0:0|0:0:0|0:0:0|0:0:0|0:1:0|0:0:0|0:0:0|0:0:0|0:0:0|0:0:0|0:0:0|0:0:0|0:0:0|0:0:0|0:0:0|0:0:0|0:0:0|0:0:0|0:0:0|0:0:0|0:0:0|0:0:0|0:0:0","0:0:0|0:0:0|0:0:0|0:0:0|0:0:0|0:0:0|2:0:1|0:0:0|0:0:0|2:0:1|0:0:0|0:0:0|0:0:0|0:0:0|0:0:0|0:0:0|0:0:0|0:0:0|0:0:0|0:0:0|0:0:0|0:0:0|0:0:0|0:0:0|0:0:0|0:0:0|0:0:0|0:0:0|0:0:0|0:0:0|1:1:0|0:0:0|0:0:0|0:0:0|0:0:0|0:0:0|0:0:0|0:0:0|0:0:0|0:0:0|1:1:0|0:0:0|0:0:0|0:0:0|0:0:0|0:0:0|0:0:0|0:0:0|0:0:0","0:0:0|0:0:0|0:0:0|0:0:0|0:0:0|0:0:0|2:0:1|0:0:0|0:0:0|2:0:1|0:0:0|0:0:0|0:0:0|0:0:0|0:0:0|0:0:0|0:0:0|0:0:0|0:0:0|0:0:0|0:0:0|0:0:0|0:0:0|0:0:0|0:0:0|0:0:0|0:0:0|0:0:0|0:0:0|0:0:0|1:1:0|0:0:0|0:0:0|0:0:0|0:0:0|0:0:0|0:0:0|0:0:0|0:0:0|0:0:0|1:1:0|0:0:0|0:0:0|0:0:0|0:0:0|0:0:0|0:0:0|0:0:0|0:0:0"
"7x7","7x7-uct-0500","500","1","8","0.166667","1","2","O21","ML","12","9","12","10","0","0","2","0","0","0","1","0","1","0:0:0|0:0:0|0:0:0|0:0:0|0:0:0|0:0:0|2:0:1|0:0:0|0:0:0|2:0:1|0:0:0|0:0:0|0:0:0|0:0:0|0:0:0|0:0:0|0:0:0|0:0:0|0:0:0|0:0:0|0:0:0|0:0:0|0:0:0|0:0:0|0:0:0|0:0:0|0:0:0|0:0:0|0:0:0|0:0:0|1:1:0|0:0:0|0:0:0|0:0:0|0:0:0|0:0:0|0:0:0|0:0:0|0:0:0|0:0:0|1:1:0|0:0:0|0:0:0|0:0:0|0:0:0|0:0:0|0:0:0|0:0:0|0:0:0","0:0:0|0:0:0|0:0:0|0:0:0|0:0:0|0:0:0|2:0:1|0:0:0|0:0:0|2:0:1|0:0:0|0:0:0|0:0:0|0:0:0|0:0:0|0:0:1|0:0:0|0:0:0|0:0:0|0:0:0|0:0:0|0:0:0|0:0:0|0:0:0|0:0:0|0:0:0|0:0:0|0:0:0|0:0:0|0:0:0|1:1:0|0:0:0|0:0:0|0:0:0|0:0:0|0:0:0|0:0:0|0:0:0|0:0:0|0:0:0|1:1:0|0:0:0|0:0:0|0:0:0|0:0:0|0:0:0|0:0:0|0:0:0|0:0:0","0:0:0|0:0:0|0:0:0|0:0:0|0:0:0|0:0:0|2:0:1|0:0:0|0:0:0|2:0:1|0:0:0|0:0:0|0:0:0|0:0:0|0:0:0|2:0:1|0:0:0|0:0:0|0:0:0|0:0:0|0:0:0|2:0:1|0:0:0|0:0:0|0:0:0|0:0:0|0:0:0|0:0:0|0:0:0|0:0:0|1:1:0|0:0:0|0:0:0|0:0:0|0:0:0|0:0:0|0:0:0|0:0:0|0:0:0|0:0:0|1:1:0|0:0:0|0:0:0|0:0:0|0:0:0|0:0:0|0:0:0|0:0:0|0:0:0"
"7x7","7x7-uct-0500","500","1","8","0.166667","2","2","O30","ML","12","10","12","11","0","0","2","0","0","0","1","0","1","0:0:0|0:0:0|0:0:0|0:0:0|0:0:0|0:0:0|2:0:1|0:0:0|0:0:0|2:0:1|0:0:0|0:0:0|0:0:0|0:0:0|0:0:0|0:0:1|0:0:0|0:0:0|0:0:0|0:0:0|0:0:0|0:0:0|0:0:0|0:0:0|0:0:0|0:0:0|0:0:0|0:0:0|0:0:0|0:0:0|1:1:0|0:0:0|0:0:0|0:0:0|0:0:0|0:0:0|0:0:0|0:0:0|0:0:0|0:0:0|1:1:0|0:0:0|0:0:0|0:0:0|0:0:0|0:0:0|0:0:0|0:0:0|0:0:0","0:0:0|0:0:0|0:0:0|0:0:0|0:0:0|0:0:0|2:0:1|0:0:0|0:0:0|2:0:1|0:0:0|0:0:0|0:0:0|0:0:0|0:0:0|0:0:1|0:0:0|0:0:0|0:0:0|0:0:0|0:0:0|0:0:1|0:0:0|0:0:0|0:0:0|0:0:0|0:0:0|0:0:0|0:0:0|0:0:0|1:1:0|0:0:0|0:0:0|0:0:0|0:0:0|0:0:0|0:0:0|0:0:0|0:0:0|0:0:0|1:1:0|0:0:0|0:0:0|0:0:0|0:0:0|0:0:0|0:0:0|0:0:0|0:0:0","0:0:0|0:0:0|0:0:0|0:0:0|0:0:0|0:0:0|2:0:1|0:0:0|0:0:0|2:0:1|0:0:0|0:0:0|0:0:0|0:0:0|0:0:0|2:0:1|0:0:0|0:0:0|0:0:0|0:0:0|0:0:0|2:0:1|0:0:0|0:0:0|0:0:0|0:0:0|0:0:0|0:0:0|0:0:0|0:0:0|1:1:0|0:0:0|0:0:0|0:0:0|0:0:0|0:0:0|0:0:0|0:0:0|0:0:0|0:0:0|1:1:0|0:0:0|0:0:0|0:0:0|0:0:0|0:0:0|0:0:0|0:0:0|0:0:0"
"7x7","7x7-uct-0500","500","1","9","0.187500","2","1","O14","LM","13","12","14","12","0","0","1","0","0","1","0","1","0","0:0:0|0:0:0|0:0:0|0:0:0|0:0:0|0:0:0|2:0:1|0:0:0|0:0:0|2:0:1|0:0:0|0:0:0|0:0:0|0:0:0|0:0:0|2:0:1|0:0:0|0:0:0|0:0:0|0:0:0|0:0:0|2:0:1|0:0:0|0:0:0|0:0:0|0:0:0|0:0:0|0:0:0|0:0:0|0:0:0|1:1:0|0:0:0|0:0:0|0:0:0|0:0:0|0:0:0|0:0:0|0:0:0|0:0:0|0:0:0|1:1:0|0:0:0|0:0:0|0:0:0|0:0:0|0:0:0|0:0:0|0:0:0|0:0:0","0:0:0|0:0:0|0:0:0|0:0:0|0:0:0|0:0:0|2:0:1|0:0:0|0:0:0|2:0:1|0:0:0|0:1:0|0:0:0|0:0:0|0:0:0|2:0:1|0:0:0|0:0:0|0:0:0|0:0:0|0:0:0|2:0:1|0:0:0|0:0:0|0:0:0|0:0:0|0:0:0|0:0:0|0:0:0|0:0:0|1:1:0|0:0:0|0:0:0|0:0:0|0:0:0|0:0:0|0:0:0|0:0:0|0:0:0|0:0:0|1:1:0|0:0:0|0:0:0|0:0:0|0:0:0|0:0:0|0:0:0|0:0:0|0:0:0","0:0:0|0:0:0|0:0:0|0:0:0|0:0:0|0:0:0|2:0:1|0:0:0|0:0:0|2:0:1|0:0:0|1:1:0|0:0:0|0:0:0|0:0:0|2:0:1|0:0:0|0:0:0|0:0:0|0:0:0|0:0:0|2:0:1|0:0:0|0:0:0|0:0:0|0:0:0|0:0:0|0:0:0|0:0:0|0:0:0|1:1:0|0:0:0|0:0:0|0:0:0|0:0:0|0:0:0|0:0:0|0:0:0|0:0:0|0:0:0|1:1:0|0:0:0|0:0:0|0:0:0|0:0:0|0:0:0|0:0:0|0:0:0|0:0:0"
"7x7","7x7-uct-0500","500","1","10","0.208333","2","2","O05","LH","15","13","15","14","0","0","2","0","0","0","1","0","1","0:0:0|0:0:0|0:0:0|0:0:0|0:0:0|0:0:0|2:0:1|0:0:0|0:0:0|2:0:1|0:0:0|1:1:0|0:0:0|0:0:0|0:0:0|2:0:1|0:0:0|0:0:0|0:0:0|0:0:0|0:0:0|2:0:1|0:0:0|0:0:0|0:0:0|0:0:0|0:0:0|0:0:0|0:0:0|0:0:0|1:1:0|0:0:0|0:0:0|0:0:0|0:0:0|0:0:0|0:0:0|0:0:0|0:0:0|0:0:0|1:1:0|0:0:0|0:0:0|0:0:0|0:0:0|0:0:0|0:0:0|0:0:0|0:0:0","0:0:0|0:0:0|0:0:0|0:0:0|0:0:0|0:0:1|2:0:1|0:0:0|0:0:0|2:0:1|0:0:0|1:1:0|0:0:0|0:0:0|0:0:0|2:0:1|0:0:0|0:0:0|0:0:0|0:0:0|0:0:0|2:0:1|0:0:0|0:0:0|0:0:0|0:0:0|0:0:0|0:0:0|0:0:0|0:0:0|1:1:0|0:0:0|0:0:0|0:0:0|0:0:0|0:0:0|0:0:0|0:0:0|0:0:0|0:0:0|1:1:0|0:0:0|0:0:0|0:0:0|0:0:0|0:0:0|0:0:0|0:0:0|0:0:0","0:0:0|0:0:0|0:0:0|0:0:0|0:0:0|2:0:1|2:0:1|0:0:0|0:0:0|2:0:1|0:0:0|1:1:0|0:0:0|0:0:0|0:0:0|2:0:1|0:0:0|0:0:0|0:0:0|0:0:0|0:0:0|2:0:1|0:0:0|0:0:0|0:0:0|0:0:0|0:0:0|0:0:0|0:0:0|0:0:0|1:1:0|0:0:0|0:0:0|0:0:0|0:0:0|0:0:0|0:0:0|0:0:0|0:0:0|0:0:0|1:1:0|0:0:0|0:0:0|0:0:0|0:0:0|0:0:0|0:0:0|0:0:0|0:0:0"
"7x7","7x7-uct-0500","500","1","11","0.229167","2","1","O20","ML","16","15","17","15","0","0","1","0","0","1","0","1","0","0:0:0|0:0:0|0:0:0|0:0:0|0:0:0|2:0:1|2:0:1|0:0:0|0:0:0|2:0:1|0:0:0|1:1:0|0:0:0|0:0:0|0:0:0|2:0:1|0:0:0|0:0:0|0:0:0|0:0:0|0:0:0|2:0:1|0:0:0|0:0:0|0:0:0|0:0:0|0:0:0|0:0:0|0:0:0|0:0:0|1:1:0|0:0:0|0:0:0|0:0:0|0:0:0|0:0:0|0:0:0|0:0:0|0:0:0|0:0:0|1:1:0|0:0:0|0:0:0|0:0:0|0:0:0|0:0:0|0:0:0|0:0:0|0:0:0","0:0:0|0:0:0|0:0:0|0:0:0|0:0:0|2:0:1|2:0:1|0:0:0|0:0:0|2:0:1|0:0:0|1:1:0|0:0:0|0:0:0|0:1:0|2:0:1|0:0:0|0:0:0|0:0:0|0:0:0|0:0:0|2:0:1|0:0:0|0:0:0|0:0:0|0:0:0|0:0:0|0:0:0|0:0:0|0:0:0|1:1:0|0:0:0|0:0:0|0:0:0|0:0:0|0:0:0|0:0:0|0:0:0|0:0:0|0:0:0|1:1:0|0:0:0|0:0:0|0:0:0|0:0:0|0:0:0|0:0:0|0:0:0|0:0:0","0:0:0|0:0:0|0:0:0|0:0:0|0:0:0|2:0:1|2:0:1|0:0:0|0:0:0|2:0:1|0:0:0|1:1:0|0:0:0|0:0:0|1:1:0|2:0:1|0:0:0|0:0:0|0:0:0|0:0:0|0:0:0|2:0:1|0:0:0|0:0:0|0:0:0|0:0:0|0:0:0|0:0:0|0:0:0|0:0:0|1:1:0|0:0:0|0:0:0|0:0:0|0:0:0|0:0:0|0:0:0|0:0:0|0:0:0|0:0:0|1:1:0|0:0:0|0:0:0|0:0:0|0:0:0|0:0:0|0:0:0|0:0:0|0:0:0"
"7x7","7x7-uct-0500","500","1","13","0.270833","3","1","O14","LM","20","18","21","18","1","1","1","1","0","2","0","2","0","0:0:0|0:0:0|0:0:0|0:0:0|0:0:0|2:0:1|2:0:1|0:0:0|0:0:0|2:0:1|0:0:0|1:1:0|0:0:0|0:0:0|1:1:0|2:0:1|0:0:0|0:0:0|0:0:0|0:0:0|0:0:0|2:0:1|0:0:0|0:0:0|0:0:0|0:0:0|0:0:0|0:0:0|0:0:0|0:0:0|1:1:0|0:0:0|0:0:0|0:0:0|0:0:0|0:0:0|0:0:0|0:0:0|0:0:0|0:0:0|1:1:0|0:0:0|0:0:0|0:0:0|0:0:0|0:0:0|0:0:0|0:0:0|0:0:0","0:0:0|0:0:0|0:0:0|0:0:0|0:0:0|2:0:1|2:0:1|0:0:0|0:0:0|2:0:1|0:0:0|1:2:0|0:0:0|0:0:0|1:1:0|2:0:1|0:0:0|0:0:0|0:0:0|0:0:0|0:0:0|2:0:1|0:0:0|0:0:0|0:0:0|0:0:0|0:0:0|0:0:0|0:0:0|0:0:0|1:1:0|0:0:0|0:0:0|0:0:0|0:0:0|0:0:0|0:0:0|0:0:0|0:0:0|0:0:0|1:1:0|0:0:0|0:0:0|0:0:0|0:0:0|0:0:0|0:0:0|0:0:0|0:0:0","0:0:0|0:0:0|0:0:0|0:0:0|0:0:0|2:0:1|2:0:1|0:0:0|0:0:0|2:0:1|0:0:0|1:2:0|0:0:0|0:0:0|1:1:0|2:0:1|0:0:0|0:0:0|0:0:0|0:0:0|0:0:0|2:0:1|0:0:0|0:0:0|0:0:0|0:0:0|0:0:0|0:0:0|0:0:0|0:0:0|1:1:0|0:0:0|0:0:0|0:0:0|0:0:0|0:0:0|0:0:0|0:0:0|0:0:0|0:0:0|1:1:0|0:0:0|0:0:0|0:0:0|0:0:0|0:0:0|0:0:0|0:0:0|0:0:0"
"7x7","7x7-uct-0500","500","1","14","0.291667","1","2","O12","LM","21","18","21","19","2","2","2","0","1","0","2","0","2","0:0:0|0:0:0|0:0:0|0:0:0|0:0:0|2:0:1|2:0:1|0:0:0|0:0:0|2:0:1|0:0:0|1:2:0|0:0:0|0:0:0|1:1:0|2:0:1|0:0:0|0:0:0|0:0:0|0:0:0|0:0:0|2:0:1|0:0:0|0:0:0|0:0:0|0:0:0|0:0:0|0:0:0|0:0:0|0:0:0|1:1:0|0:0:0|0:0:0|0:0:0|0:0:0|0:0:0|0:0:0|0:0:0|0:0:0|0:0:0|1:1:0|0:0:0|0:0:0|0:0:0|0:0:0|0:0:0|0:0:0|0:0:0|0:0:0","0:0:0|0:0:0|0:0:0|0:0:0|0:0:0|2:0:1|2:0:1|0:0:0|0:0:0|2:0:2|0:0:0|1:2:0|0:0:0|0:0:0|1:1:0|2:0:1|0:0:0|0:0:0|0:0:0|0:0:0|0:0:0|2:0:1|0:0:0|0:0:0|0:0:0|0:0:0|0:0:0|0:0:0|0:0:0|0:0:0|1:1:0|0:0:0|0:0:0|0:0:0|0:0:0|0:0:0|0:0:0|0:0:0|0:0:0|0:0:0|1:1:0|0:0:0|0:0:0|0:0:0|0:0:0|0:0:0|0:0:0|0:0:0|0:0:0","0:0:0|0:0:0|0:0:0|0:0:0|0:0:0|2:0:1|2:0:1|0:0:0|0:0:0|2:0:2|0:0:0|1:2:0|0:0:0|0:0:0|1:1:0|2:0:1|0:0:0|0:0:0|0:0:0|0:0:0|0:0:0|2:0:1|0:0:0|0:0:0|0:0:0|0:0:0|0:0:0|0:0:0|0:0:0|0:0:0|1:1:0|0:0:0|0:0:0|0:0:0|0:0:0|0:0:0|0:0:0|0:0:0|0:0:0|0:0:0|1:1:0|0:0:0|0:0:0|0:0:0|0:0:0|0:0:0|0:0:0|0:0:0|2:0:1"
"7x7","7x7-uct-0500","500","1","14","0.291667","2","2","O66","HH","21","19","21","20","0","0","2","0","0","0","1","0","1","0:0:0|0:0:0|0:0:0|0:0:0|0:0:0|2:0:1|2:0:1|0:0:0|0:0:0|2:0:2|0:0:0|1:2:0|0:0:0|0:0:0|1:1:0|2:0:1|0:0:0|0:0:0|0:0:0|0:0:0|0:0:0|2:0:1|0:0:0|0:0:0|0:0:0|0:0:0|0:0:0|0:0:0|0:0:0|0:0:0|1:1:0|0:0:0|0:0:0|0:0:0|0:0:0|0:0:0|0:0:0|0:0:0|0:0:0|0:0:0|1:1:0|0:0:0|0:0:0|0:0:0|0:0:0|0:0:0|0:0:0|0:0:0|0:0:0","0:0:0|0:0:0|0:0:0|0:0:0|0:0:0|2:0:1|2:0:1|0:0:0|0:0:0|2:0:2|0:0:0|1:2:0|0:0:0|0:0:0|1:1:0|2:0:1|0:0:0|0:0:0|0:0:0|0:0:0|0:0:0|2:0:1|0:0:0|0:0:0|0:0:0|0:0:0|0:0:0|0:0:0|0:0:0|0:0:0|1:1:0|0:0:0|0:0:0|0:0:0|0:0:0|0:0:0|0:0:0|0:0:0|0:0:0|0:0:0|1:1:0|0:0:0|0:0:0|0:0:0|0:0:0|0:0:0|0:0:0|0:0:0|0:0:1","0:0:0|0:0:0|0:0:0|0:0:0|0:0:0|2:0:1|2:0:1|0:0:0|0:0:0|2:0:2|0:0:0|1:2:0|0:0:0|0:0:0|1:1:0|2:0:1|0:0:0|0:0:0|0:0:0|0:0:0|0:0:0|2:0:1|0:0:0|0:0:0|0:0:0|0:0:0|0:0:0|0:0:0|0:0:0|0:0:0|1:1:0|0:0:0|0:0:0|0:0:0|0:0:0|0:0:0|0:0:0|0:0:0|0:0:0|0:0:0|1:1:0|0:0:0|0:0:0|0:0:0|0:0:0|0:0:0|0:0:0|0:0:0|2:0:1"
"7x7","7x7-uct-0500","500","1","15","0.312500","2","1","O25","MH","22","21","23","21","0","0","1","0","0","1","0","2","0","0:0:0|0:0:0|0:0:0|0:0:0|0:0:0|2:0:1|2:0:1|0:0:0|0:0:0|2:0:2|0:0:0|1:2:0|0:0:0|0:0:0|1:1:0|2:0:1|0:0:0|0:0:0|0:0:0|0:0:0|0:0:0|2:0:1|0:0:0|0:0:0|0:0:0|0:0:0|0:0:0|0:0:0|0:0:0|0:0:0|1:1:0|0:0:0|0:0:0|0:0:0|0:0:0|0:0:0|0:0:0|0:0:0|0:0:0|0:0:0|1:1:0|0:0:0|0:0:0|0:0:0|0:0:0|0:0:0|0:0:0|0:0:0|2:0:1","0:0:0|0:0:0|0:0:0|0:0:0|0:0:0|2:0:1|2:0:1|0:0:0|0:0:0|2:0:2|0:0:0|1:2:0|0:0:0|0:0:0|1:1:0|2:0:1|0:0:0|0:0:0|0:0:0|0:1:0|0:0:0|2:0:1|0:0:0|0:0:0|0:0:0|0:0:0|0:0:0|0:0:0|0:0:0|0:0:0|1:1:0|0:0:0|0:0:0|0:0:0|0:0:0|0:0:0|0:0:0|0:0:0|0:0:0|0:0:0|1:1:0|0:0:0|0:0:0|0:0:0|0:0:0|0:0:0|0:0:0|0:0:0|2:0:1","0:0:0|0:0:0|0:0:0|0:0:0|0:0:0|2:0:1|2:0:1|0:0:0|0:0:0|2:0:2|0:0:0|1:2:0|0:0:0|0:0:0|1:1:0|2:0:1|0:0:0|0:0:0|0:0:0|1:2:0|0:0:0|2:0:1|0:0:0|0:0:0|0:0:0|0:0:0|0:0:0|0:0:0|0:0:0|0:0:0|1:1:0|0:0:0|0:0:0|0:0:0|0:0:0|0:0:0|0:0:0|0:0:0|0:0:0|0:0:0|1:1:0|0:0:0|0:0:0|0:0:0|0:0:0|0:0:0|0:0:0|0:0:0|2:0:1"
"7x7","7x7-uct-0500","500","1","15","0.312500","3","1","O25","MH","23","21","24","21","0","1","1","1","0","2","0","2","0","0:0:0|0:0:0|0:0:0|0:0:0|0:0:0|2:0:1|2:0:1|0:0:0|0:0:0|2:0:2|0:0:0|1:2:0|0:0:0|0:0:0|1:1:0|2:0:1|0:0:0|0:0:0|0:0:0|0:1:0|0:0:0|2:0:1|0:0:0|0:0:0|0:0:0|0:0:0|0:0:0|0:0:0|0:0:0|0:0:0|1:1:0|0:0:0|0:0:0|0:0:0|0:0:0|0:0:0|0:0:0|0:0:0|0:0:0|0:0:0|1:1:0|0:0:0|0:0:0|0:0:0|0:0:0|0:0:0|0:0:0|0:0:0|2:0:1","0:0:0|0:0:0|0:0:0|0:0:0|0:0:0|2:0:1|2:0:1|0:0:0|0:0:0|2:0:2|0:0:0|1:2:0|0:0:0|0:0:0|1:1:0|2:0:1|0:0:0|0:0:0|0:0:0|1:2:0|0:0:0|2:0:1|0:0:0|0:0:0|0:0:0|0:0:0|0:0:0|0:0:0|0:0:0|0:0:0|1:1:0|0:0:0|0:0:0|0:0:0|0:0:0|0:0:0|0:0:0|0:0:0|0:0:0|0:0:0|1:1:0|0:0:0|0:0:0|0:0:0|0:0:0|0:0:0|0:0:0|0:0:0|2:0:1","0:0:0|0:0:0|0:0:0|0:0:0|0:0:0|2:0:1|2:0:1|0:0:0|0:0:0|2:0:2|0:0:0|1:2:0|0:0:0|0:0:0|1:1:0|2:0:1|0:0:0|0:0:0|0:0:0|1:2:0|0:0:0|2:0:1|0:0:0|0:0:0|0:0:0|0:0:0|0:0:0|0:0:0|0:0:0|0:0:0|1:1:0|0:0:0|0:0:0|0:0:0|0:0:0|0:0:0|0:0:0|0:0:0|0:0:0|0:0:0|1:1:0|0:0:0|0:0:0|0:0:0|0:0:0|0:0:0|0:0:0|0:0:0|2:0:1"
"7x7","7x7-uct-0500","500","1","17","0.354167","3","1","O14","LM","26","24","27","24","1","3","3","2","0","3","0","3","0","0:0:0|0:0:0|0:0:0|0:0:0|0:0:0|2:0:1|2:0:1|0:0:0|0:0:0|2:0:2|0:0:0|1:2:0|0:0:0|0:0:0|1:1:0|2:0:1|0:0:0|0:0:0|0:0:0|1:2:0|0:0:0|2:0:1|0:0:0|0:0:0|0:0:0|0:0:0|0:0:0|0:0:0|0:0:0|0:0:0|1:1:0|0:0:0|0:0:0|0:0:0|0:0:0|0:0:0|0:0:0|0:0:0|0:0:0|0:0:0|1:1:0|0:0:0|0:0:0|0:0:0|0:0:0|0:0:0|0:0:0|0:0:0|2:0:1","0:0:0|0:0:0|0:0:0|0:0:0|0:0:0|2:0:1|2:0:1|0:0:0|0:0:0|2:0:2|0:0:0|3:3:0|0:0:0|0:0:0|1:1:0|2:0:1|0:0:0|0:0:0|0:0:0|1:2:0|0:0:0|2:0:1|0:0:0|0:0:0|0:0:0|0:0:0|0:0:0|0:0:0|0:0:0|0:0:0|1:1:0|0:0:0|0:0:0|0:0:0|0:0:0|0:0:0|0:0:0|0:0:0|0:0:0|0:0:0|1:1:0|0:0:0|0:0:0|0:0:0|0:0:0|0:0:0|0:0:0|0:0:0|2:0:1","0:0:0|0:0:0|0:0:0|0:0:0|0:0:0|2:0:1|2:0:1|0:0:0|0:0:0|2:0:2|0:0:0|3:3:0|0:0:0|0:0:0|1:1:0|2:0:1|0:0:0|0:0:0|0:0:0|1:2:0|0:0:0|2:0:1|0:0:0|0:0:0|0:0:0|0:0:0|0:0:0|0:0:0|0:0:0|0:0:0|1:1:0|0:0:0|0:0:0|0:0:0|0:0:0|0:0:0|0:0:0|0:0:0|0:0:0|0:0:0|1:1:0|0:0:0|0:0:0|0:0:0|0:0:0|0:0:0|0:0:0|0:0:0|2:0:1"
"7x7","7x7-uct-0500","500","1","18","0.375000","2","2","O06","LH","27","25","27","26","2","2","2","0","1","0","2","0","2","0:0:0|0:0:0|0:0:0|0:0:0|0:0:0|2:0:1|2:0:1|0:0:0|0:0:0|2:0:2|0:0:0|3:3:0|0:0:0|0:0:0|1:1:0|2:0:1|0:0:0|0:0:0|0:0:0|1:2:0|0:0:0|2:0:1|0:0:0|0:0:0|0:0:0|0:0:0|0:0:0|0:0:0|0:0:0|0:0:0|1:1:0|0:0:0|0:0:0|0:0:0|0:0:0|0:0:0|0:0:0|0:0:0|0:0:0|0:0:0|1:1:0|0:0:0|0:0:0|0:0:0|0:0:0|0:0:0|0:0:0|0:0:0|2:0:1","0:0:0|0:0:0|0:0:0|0:0:0|0:0:0|2:0:1|2:0:2|0:0:0|0:0:0|2:0:2|0:0:0|3:3:0|0:0:0|0:0:0|1:1:0|2:0:1|0:0:0|0:0:0|0:0:0|1:2:0|0:0:0|2:0:1|0:0:0|0:0:0|0:0:0|0:0:0|0:0:0|0:0:0|0:0:0|0:0:0|1:1:0|0:0:0|0:0:0|0:0:0|0:0:0|0:0:0|0:0:0|0:0:0|0:0:0|0:0:0|1:1:0|0:0:0|0:0:0|0:0:0|0:0:0|0:0:0|0:0:0|0:0:0|2:0:1","0:0:0|0:0:0|0:0:0|0:0:0|0:0:0|2:0:1|2:0:2|0:0:0|0:0:0|2:0:2|0:0:0|3:3:0|0:0:0|0:0:0|1:1:0|2:0:1|0:0:0|0:0:0|0:0:0|1:2:0|0:0:0|2:0:1|0:0:0|0:0:0|0:0:0|0:0:0|0:0:0|0:0:0|0:0:0|0:0:0|1:1:0|0:0:0|0:0:0|0:0:0|0:0:0|0:0:0|0:0:0|0:0:0|0:0:0|0:0:0|1:1:0|0:0:0|0:0:0|0:0:0|0:0:0|0:0:0|0:0:0|0:0:0|2:0:1"
"7x7","7x7-uct-0500","500","1","19","0.395833","1","1","O25","MH","27","27","28","27","1","1","3","2","0","3","0","3","0","0:0:0|0:0:0|0:0:0|0:0:0|0:0:0|2:0:1|2:0:2|0:0:0|0:0:0|2:0:2|0:0:0|3:3:0|0:0:0|0:0:0|1:1:0|2:0:1|0:0:0|0:0:0|0:0:0|1:2:0|0:0:0|2:0:1|0:0:0|0:0:0|0:0:0|0:0:0|0:0:0|0:0:0|0:0:0|0:0:0|1:1:0|0:0:0|0:0:0|0:0:0|0:0:0|0:0:0|0:0:0|0:0:0|0:0:0|0:0:0|1:1:0|0:0:0|0:0:0|0:0:0|0:0:0|0:0:0|0:0:0|0:0:0|2:0:1","0:0:0|0:0:0|0:0:0|0:0:0|0:0:0|2:0:1|2:0:2|0:0:0|0:0:0|2:0:2|0:0:0|3:3:0|0:0:0|0:0:0|1:1:0|2:0:1|0:0:0|0:0:0|0:0:0|1:3:0|0:0:0|2:0:1|0:0:0|0:0:0|0:0:0|0:0:0|0:0:0|0:0:0|0:0:0|0:0:0|1:1:0|0:0:0|0:0:0|0:0:0|0:0:0|0:0:0|0:0:0|0:0:0|0:0:0|0:0:0|1:1:0|0:0:0|0:0:0|0:0:0|0:0:0|0:0:0|0:0:0|0:0:0|2:0:1","0:0:0|0:0:0|0:0:0|0:0:0|0:0:0|2:0:1|2:0:2|0:0:0|0:0:0|2:0:2|0:0:0|3:3:0|0:0:0|0:0:0|1:1:0|2:0:1|0:0:0|0:0:0|0:0:0|3:3:0|0:0:0|2:0:1|0:0:0|0:0:0|0:0:0|0:0:0|0:0:0|0:0:0|0:0:0|0:0:0|1:1:0|0:0:0|0:0:0|0:0:0|0:0:0|0:0:0|0:0:0|0:0:0|0:0:0|0:0:0|1:1:0|0:0:0|0:0:0|0:0:0|0:0:0|0:0:0|0:0:0|0:0:0|2:0:1"
"7x7","7x7-uct-0500","500","1","20","0.416667","1","2","O40","ML","30","27","30","28","0","0","2","0","0","0","1","0","1","0:0:0|0:0:0|0:0:0|0:0:0|0:0:0|2:0:1|2:0:2|0:0:0|0:0:0|2:0:2|0:0:0|3:3:0|0:0:0|0:0:0|1:1:0|2:0:1|0:0:0|0:0:0|0:0:0|3:3:0|0:0:0|2:0:1|0:0:0|0:0:0|0:0:0|0:0:0|0:0:0|0:0:0|0:0:0|0:0:0|1:1:0|0:0:0|0:0:0|0:0:0|0:0:0|0:0:0|0:0:0|0:0:0|0:0:0|0:0:0|1:1:0|0:0:0|0:0:0|0:0:0|0:0:0|0:0:0|0:0:0|0:0:0|2:0:1","0:0:0|0:0:0|0:0:0|0:0:0|0:0:0|2:0:1|2:0:2|0:0:0|0:0:0|2:0:2|0:0:0|3:3:0|0:0:0|0:0:0|1:1:0|2:0:1|0:0:0|0:0:0|0:0:0|3:3:0|0:0:0|2:0:1|0:0:0|0:0:0|0:0:0|0:0:0|0:0:0|0:0:0|0:0:1|0:0:0|1:1:0|0:0:0|0:0:0|0:0:0|0:0:0|0:0:0|0:0:0|0:0:0|0:0:0|0:0:0|1:1:0|0:0:0|0:0:0|0:0:0|0:0:0|0:0:0|0:0:0|0:0:0|2:0:1","0:0:0|0:0:0|0:0:0|0:0:0|0:0:0|2:0:1|2:0:2|0:0:0|0:0:0|2:0:2|2:0:1|3:3:0|0:0:0|0:0:0|1:1:0|2:0:1|0:0:0|0:0:0|0:0:0|3:3:0|0:0:0|2:0:1|0:0:0|0:0:0|0:0:0|0:0:0|0:0:0|0:0:0|2:0:1|0:0:0|1:1:0|0:0:0|0:0:0|0:0:0|0:0:0|0:0:0|0:0:0|0:0:0|0:0:0|0:0:0|1:1:0|0:0:0|0:0:0|0:0:0|0:0:0|0:0:0|0:0:0|0:0:0|2:0:1"
"7x7","7x7-uct-0500","500","1","20","0.416667","2","2","O13","LM","30","28","30","29","0","0","2","0","0","0","1","0","1","0:0:0|0:0:0|0:0:0|0:0:0|0:0:0|2:0:1|2:0:2|0:0:0|0:0:0|2:0:2|0:0:0|3:3:0|0:0:0|0:0:0|1:1:0|2:0:1|0:0:0|0:0:0|0:0:0|3:3:0|0:0:0|2:0:1|0:0:0|0:0:0|0:0:0|0:0:0|0:0:0|0:0:0|0:0:1|0:0:0|1:1:0|0:0:0|0:0:0|0:0:0|0:0:0|0:0:0|0:0:0|0:0:0|0:0:0|0:0:0|1:1:0|0:0:0|0:0:0|0:0:0|0:0:0|0:0:0|0:0:0|0:0:0|2:0:1","0:0:0|0:0:0|0:0:0|0:0:0|0:0:0|2:0:1|2:0:2|0:0:0|0:0:0|2:0:2|0:0:1|3:3:0|0:0:0|0:0:0|1:1:0|2:0:1|0:0:0|0:0:0|0:0:0|3:3:0|0:0:0|2:0:1|0:0:0|0:0:0|0:0:0|0:0:0|0:0:0|0:0:0|0:0:1|0:0:0|1:1:0|0:0:0|0:0:0|0:0:0|0:0:0|0:0:0|0:0:0|0:0:0|0:0:0|0:0:0|1:1:0|0:0:0|0:0:0|0:0:0|0:0:0|0:0:0|0:0:0|0:0:0|2:0:1","0:0:0|0:0:0|0:0:0|0:0:0|0:0:0|2:0:1|2:0:2|0:0:0|0:0:0|2:0:2|2:0:1|3:3:0|0:0:0|0:0:0|1:1:0|2:0:1|0:0:0|0:0:0|0:0:0|3:3:0|0:0:0|2:0:1|0:0:0|0:0:0|0:0:0|0:0:0|0:0:0|0:0:0|2:0:1|0:0:0|1:1:0|0:0:0|0:0:0|0:0:0|0:0:0|0:0:0|0:0:0|0:0:0|0:0:0|0:0:0|1:1:0|0:0:0|0:0:0|0:0:0|0:0:0|0:0:0|0:0:0|0:0:0|2:0:1"
"7x7","7x7-uct-0500","500","1","21","0.437500","1","1","O50","HL","30","30","31","30","0","0","1","0","0","1","0","1","0","0:0:0|0:0:0|0:0:0|0:0:0|0:0:0|2:0:1|2:0:2|0:0:0|0:0:0|2:0:2|2:0:1|3:3:0|0:0:0|0:0:0|1:1:0|2:0:1|0:0:0|0:0:0|0:0:0|3:3:0|0:0:0|2:0:1|0:0:0|0:0:0|0:0:0|0:0:0|0:0:0|0:0:0|2:0:1|0:0:0|1:1:0|0:0:0|0:0:0|0:0:0|0:0:0|0:0:0|0:0:0|0:0:0|0:0:0|0:0:0|1:1:0|0:0:0|0:0:0|0:0:0|0:0:0|0:0:0|0:0:0|0:0:0|2:0:1","0:0:0|0:0:0|0:0:0|0:0:0|0:0:0|2:0:1|2:0:2|0:0:0|0:0:0|2:0:2|2:0:1|3:3:0|0:0:0|0:0:0|1:1:0|2:0:1|0:0:0|0:0:0|0:0:0|3:3:0|0:0:0|2:0:1|0:0:0|0:0:0|0:0:0|0:0:0|0:0:0|0:0:0|2:0:1|0:0:0|1:1:0|0:0:0|0:0:0|0:0:0|0:0:0|0:1:0|0:0:0|0:0:0|0:0:0|0:0:0|1:1:0|0:0:0|0:0:0|0:0:0|0:0:0|0:0:0|0:0:0|0:0:0|2:0:1","0:0:0|0:0:0|0:0:0|0:0:0|0:0:0|2:0:1|2:0:2|0:0:0|0:0:0|2:0:2|2:0:1|3:3:0|0:0:0|0:0:0|1:1:0|2:0:1|0:0:0|0:0:0|0:0:0|3:3:0|0:0:0|2:0:1|0:0:0|0:0:0|0:0:0|0:0:0|0:0:0|0:0:0|2:0:1|0:0:0|1:1:0|0:0:0|0:0:0|0:0:0|0:0:0|1:1:0|0:0:0|0:0:0|0:0:0|0:0:0|1:1:0|0:0:0|0:0:0|0:0:0|0:0:0|0:0:0|0:0:0|0:0:0|2:0:1"
"7x7","7x7-uct-0500","500","1","22","0.458333","1","2","O06","LH","33","30","33","31","2","2","4","0","2","0","3","0","3","0:0:0|0:0:0|0:0:0|0:0:0|0:0:0|2:0:1|2:0:2|0:0:0|0:0:0|2:0:2|2:0:1|3:3:0|0:0:0|0:0:0|1:1:0|2:0:1|0:0:0|0:0:0|0:0:0|3:3:0|0:0:0|2:0:1|0:0:0|0:0:0|0:0:0|0:0:0|0:0:0|0:0:0|2:0:1|0:0:0|1:1:0|0:0:0|0:0:0|0:0:0|0:0:0|1:1:0|0:0:0|0:0:0|0:0:0|0:0:0|1:1:0|0:0:0|0:0:0|0:0:0|0:0:0|0:0:0|0:0:0|0:0:0|2:0:1","0:0:0|0:0:0|0:0:0|0:0:0|0:0:0|2:0:1|2:0:3|0:0:0|0:0:0|2:0:2|2:0:1|3:3:0|0:0:0|0:0:0|1:1:0|2:0:1|0:0:0|0:0:0|0:0:0|3:3:0|0:0:0|2:0:1|0:0:0|0:0:0|0:0:0|0:0:0|0:0:0|0:0:0|2:0:1|0:0:0|1:1:0|0:0:0|0:0:0|0:0:0|0:0:0|1:1:0|0:0:0|0:0:0|0:0:0|0:0:0|1:1:0|0:0:0|0:0:0|0:0:0|0:0:0|0:0:0|0:0:0|0:0:0|2:0:1","0:0:0|0:0:0|0:0:0|0:0:0|0:0:0|2:0:1|4:0:3|0:0:0|0:0:0|2:0:2|2:0:1|3:3:0|0:0:0|0:0:0|1:1:0|2:0:1|0:0:0|0:0:0|0:0:0|3:3:0|0:0:0|2:0:1|0:0:0|0:0:0|0:0:0|0:0:0|0:0:0|0:0:0|2:0:2|0:0:0|1:1:0|0:0:0|0:0:0|0:0:0|0:0:0|1:1:0|0:0:0|0:0:0|0:0:0|0:0:0|1:1:0|0:0:0|0:0:0|0:0:0|0:0:0|0:0:0|0:0:0|0:0:0|2:0:1"
"7x7","7x7-uct-0500","500","1","22","0.458333","3","2","O40","ML","33","32","33","33","2","2","2","0","1","0","2","0","2","0:0:0|0:0:0|0:0:0|0:0:0|0:0:0|2:0:1|2:0:3|0:0:0|0:0:0|2:0:2|2:0:1|3:3:0|0:0:0|0:0:0|1:1:0|2:0:1|0:0:0|0:0:0|0:0:0|3:3:0|0:0:0|2:0:1|0:0:0|0:0:0|0:0:0|0:0:0|0:0:0|0:0:0|2:0:1|0:0:0|1:1:0|0:0:0|0:0:0|0:0:0|0:0:0|1:1:0|0:0:0|0:0:0|0:0:0|0:0:0|1:1:0|0:0:0|0:0:0|0:0:0|0:0:0|0:0:0|0:0:0|0:0:0|2:0:1","0:0:0|0:0:0|0:0:0|0:0:0|0:0:0|2:0:1|4:0:3|0:0:0|0:0:0|2:0:2|2:0:1|3:3:0|0:0:0|0:0:0|1:1:0|2:0:1|0:0:0|0:0:0|0:0:0|3:3:0|0:0:0|2:0:1|0:0:0|0:0:0|0:0:0|0:0:0|0:0:0|0:0:0|2:0:2|0:0:0|1:1:0|0:0:0|0:0:0|0:0:0|0:0:0|1:1:0|0:0:0|0:0:0|0:0:0|0:0:0|1:1:0|0:0:0|0:0:0|0:0:0|0:0:0|0:0:0|0:0:0|0:0:0|2:0:1","0:0:0|0:0:0|0:0:0|0:0:0|0:0:0|2:0:1|4:0:3|0:0:0|0:0:0|2:0:2|2:0:1|3:3:0|0:0:0|0:0:0|1:1:0|2:0:1|0:0:0|0:0:0|0:0:0|3:3:0|0:0:0|2:0:1|0:0:0|0:0:0|0:0:0|0:0:0|0:0:0|0:0:0|2:0:2|0:0:0|1:1:0|0:0:0|0:0:0|0:0:0|0:0:0|1:1:0|0:0:0|0:0:0|0:0:0|0:0:0|1:1:0|0:0:0|0:0:0|0:0:0|0:0:0|0:0:0|0:0:0|0:0:0|2:0:1"
"7x7","7x7-uct-0500","500","1","23","0.479167","3","1","O20","ML","35","33","36","33","1","1","1","1","0","2","0","2","0","0:0:0|0:0:0|0:0:0|0:0:0|0:0:0|2:0:1|4:0:3|0:0:0|0:0:0|2:0:2|2:0:1|3:3:0|0:0:0|0:0:0|1:1:0|2:0:1|0:0:0|0:0:0|0:0:0|3:3:0|0:0:0|2:0:1|0:0:0|0:0:0|0:0:0|0:0:0|0:0:0|0:0:0|2:0:2|0:0:0|1:1:0|0:0:0|0:0:0|0:0:0|0:0:0|1:1:0|0:0:0|0:0:0|0:0:0|0:0:0|1:1:0|0:0:0|0:0:0|0:0:0|0:0:0|0:0:0|0:0:0|0:0:0|2:0:1","0:0:0|0:0:0|0:0:0|0:0:0|0:0:0|2:0:1|4:0:3|0:0:0|0:0:0|2:0:2|2:0:1|3:3:0|0:0:0|0:0:0|1:2:0|2:0:1|0:0:0|0:0:0|0:0:0|3:3:0|0:0:0|2:0:1|0:0:0|0:0:0|0:0:0|0:0:0|0:0:0|0:0:0|2:0:2|0:0:0|1:1:0|0:0:0|0:0:0|0:0:0|0:0:0|1:1:0|0:0:0|0:0:0|0:0:0|0:0:0|1:1:0|0:0:0|0:0:0|0:0:0|0:0:0|0:0:0|0:0:0|0:0:0|2:0:1","0:0:0|0:0:0|0:0:0|0:0:0|0:0:0|2:0:1|4:0:3|0:0:0|0:0:0|2:0:2|2:0:1|3:3:0|0:0:0|0:0:0|1:2:0|2:0:1|0:0:0|0:0:0|0:0:0|3:3:0|0:0:0|2:0:1|0:0:0|0:0:0|0:0:0|0:0:0|0:0:0|0:0:0|2:0:2|0:0:0|1:1:0|0:0:0|0:0:0|0:0:0|0:0:0|1:1:0|0:0:0|0:0:0|0:0:0|0:0:0|1:1:0|0:0:0|0:0:0|0:0:0|0:0:0|0:0:0|0:0:0|0:0:0|2:0:1"
"7x7","7x7-uct-0500","500","1","24","0.500000","2","2","O02","LM","36","34","36","35","0","0","2","0","0","0","1","0","1","0:0:0|0:0:0|0:0:0|0:0:0|0:0:0|2:0:1|4:0:3|0:0:0|0:0:0|2:0:2|2:0:1|3:3:0|0:0:0|0:0:0|1:2:0|2:0:1|0:0:0|0:0:0|0:0:0|3:3:0|0:0:0|2:0:1|0:0:0|0:0:0|0:0:0|0:0:0|0:0:0|0:0:0|2:0:2|0:0:0|1:1:0|0:0:0|0:0:0|0:0:0|0:0:0|1:1:0|0:0:0|0:0:0|0:0:0|0:0:0|1:1:0|0:0:0|0:0:0|0:0:0|0:0:0|0:0:0|0:0:0|0:0:0|2:0:1","0:0:0|0:0:0|0:0:1|0:0:0|0:0:0|2:0:1|4:0:3|0:0:0|0:0:0|2:0:2|2:0:1|3:3:0|0:0:0|0:0:0|1:2:0|2:0:1|0:0:0|0:0:0|0:0:0|3:3:0|0:0:0|2:0:1|0:0:0|0:0:0|0:0:0|0:0:0|0:0:0|0:0:0|2:0:2|0:0:0|1:1:0|0:0:0|0:0:0|0:0:0|0:0:0|1:1:0|0:0:0|0:0:0|0:0:0|0:0:0|1:1:0|0:0:0|0:0:0|0:0:0|0:0:0|0:0:0|0:0:0|0:0:0|2:0:1","0:0:0|0:0:0|2:0:1|0:0:0|0:0:0|2:0:1|4:0:3|0:0:0|0:0:0|2:0:2|2:0:1|3:3:0|0:0:0|0:0:0|1:2:0|2:0:1|0:0:0|0:0:0|0:0:0|3:3:0|0:0:0|2:0:1|0:0:0|0:0:0|0:0:0|0:0:0|0:0:0|0:0:0|2:0:2|0:0:0|1:1:0|0:0:0|0:0:0|0:0:0|0:0:0|0:1:1|0:0:0|0:0:0|0:0:0|0:0:0|1:1:0|0:0:0|0:0:0|0:0:0|0:0:0|0:0:0|0:0:0|0:0:0|2:0:1"
"7x7","7x7-uct-0500","500","1","24","0.500000","3","2","O50","HL","36","35","36","36","1","0","0","1","0","1","1","1","1","0:0:0|0:0:0|0:0:1|0:0:0|0:0:0|2:0:1|4:0:3|0:0:0|0:0:0|2:0:2|2:0:1|3:3:0|0:0:0|0:0:0|1:2:0|2:0:1|0:0:0|0:0:0|0:0:0|3:3:0|0:0:0|2:0:1|0:0:0|0:0:0|0:0:0|0:0:0|0:0:0|0:0:0|2:0:2|0:0:0|1:1:0|0:0:0|0:0:0|0:0:0|0:0:0|1:1:0|0:0:0|0:0:0|0:0:0|0:0:0|1:1:0|0:0:0|0:0:0|0:0:0|0:0:0|0:0:0|0:0:0|0:0:0|2:0:1","0:0:0|0:0:0|2:0:1|0:0:0|0:0:0|2:0:1|4:0:3|0:0:0|0:0:0|2:0:2|2:0:1|3:3:0|0:0:0|0:0:0|1:2:0|2:0:1|0:0:0|0:0:0|0:0:0|3:3:0|0:0:0|2:0:1|0:0:0|0:0:0|0:0:0|0:0:0|0:0:0|0:0:0|2:0:2|0:0:0|1:1:0|0:0:0|0:0:0|0:0:0|0:0:0|0:1:1|0:0:0|0:0:0|0:0:0|0:0:0|1:1:0|0:0:0|0:0:0|0:0:0|0:0:0|0:0:0|0:0:0|0:0:0|2:0:1","0:0:0|0:0:0|2:0:1|0:0:0|0:0:0|2:0:1|4:0:3|0:0:0|0:0:0|2:0:2|2:0:1|3:3:0|0:0:0|0:0:0|1:2:0|2:0:1|0:0:0|0:0:0|0:0:0|3:3:0|0:0:0|2:0:1|0:0:0|0:0:0|0:0:0|0:0:0|0:0:0|0:0:0|2:0:2|0:0:0|1:1:0|0:0:0|0:0:0|0:0:0|0:0:0|0:1:1|0:0:0|0:0:0|0:0:0|0:0:0|1:1:0|0:0:0|0:0:0|0:0:0|0:0:0|0:0:0|0:0:0|0:0:0|2:0:1"
"7x7","7x7-uct-0500","500","1","25","0.520833","1","1","O04","LM","36","36","37","36","0","0","1","0","0","1","0","1","0","0:0:0|0:0:0|2:0:1|0:0:0|0:0:0|2:0:1|4:0:3|0:0:0|0:0:0|2:0:2|2:0:1|3:3:0|0:0:0|0:0:0|1:2:0|2:0:1|0:0:0|0:0:0|0:0:0|3:3:0|0:0:0|2:0:1|0:0:0|0:0:0|0:0:0|0:0:0|0:0:0|0:0:0|2:0:2|0:0:0|1:1:0|0:0:0|0:0:0|0:0:0|0:0:0|0:1:1|0:0:0|0:0:0|0:0:0|0:0:0|1:1:0|0:0:0|0:0:0|0:0:0|0:0:0|0:0:0|0:0:0|0:0:0|2:0:1","0:0:0|0:0:0|2:0:1|0:0:0|0:1:0|2:0:1|4:0:3|0:0:0|0:0:0|2:0:2|2:0:1|3:3:0|0:0:0|0:0:0|1:2:0|2:0:1|0:0:0|0:0:0|0:0:0|3:3:0|0:0:0|2:0:1|0:0:0|0:0:0|0:0:0|0:0:0|0:0:0|0:0:0|2:0:2|0:0:0|1:1:0|0:0:0|0:0:0|0:0:0|0:0:0|0:1:1|0:0:0|0:0:0|0:0:0|0:0:0|1:1:0|0:0:0|0:0:0|0:0:0|0:0:0|0:0:0|0:0:0|0:0:0|2:0:1","0:0:0|0:0:0|2:0:1|0:0:0|1:1:0|2:0:1|4:0:3|0:0:0|0:0:0|2:0:2|2:0:1|3:3:0|0:0:0|0:0:0|1:2:0|2:0:1|0:0:0|0:0:0|0:0:0|3:3:0|0:0:0|2:0:1|0:0:0|0:0:0|0:0:0|0:0:0|0:0:0|0:0:0|2:0:2|0:0:0|1:1:0|0:0:0|0:0:0|0:0:0|0:0:0|0:1:1|0:0:0|0:0:0|0:0:0|0:0:0|1:1:0|0:0:0|0:0:0|0:0:0|0:0:0|0:0:0|0:0:0|0:0:0|2:0:1"
"7x7","7x7-uct-0500","500","1","27","0.562500","1","1","O54","HM","39","39","40","39","0","0","1","0","0","1","0","1","0","0:0:0|0:0:0|2:0:1|0:0:0|1:1:0|2:0:1|4:0:3|0:0:0|0:0:0|2:0:2|2:0:1|3:3:0|0:0:0|0:0:0|1:2:0|2:0:1|0:0:0|0:0:0|0:0:0|3:3:0|0:0:0|2:0:1|0:0:0|0:0:0|0:0:0|0:0:0|0:0:0|0:0:0|2:0:2|0:0:0|1:1:0|0:0:0|0:0:0|0:0:0|0:0:0|0:1:1|0:0:0|0:0:0|0:0:0|0:0:0|1:1:0|0:0:0|0:0:0|0:0:0|0:0:0|0:0:0|0:0:0|0:0:0|2:0:1","0:0:0|0:0:0|2:0:1|0:0:0|1:1:0|2:0:1|4:0:3|0:0:0|0:0:0|2:0:2|2:0:1|3:3:0|0:0:0|0:0:0|1:2:0|2:0:1|0:0:0|0:0:0|0:0:0|3:3:0|0:0:0|2:0:1|0:0:0|0:0:0|0:0:0|0:0:0|0:0:0|0:0:0|2:0:2|0:0:0|1:1:0|0:0:0|0:0:0|0:0:0|0:0:0|0:1:1|0:0:0|0:0:0|0:0:0|0:1:0|1:1:0|0:0:0|0:0:0|0:0:0|0:0:0|0:0:0|0:0:0|0:0:0|2:0:1","0:0:0|0:0:0|2:0:1|0:0:0|1:1:0|2:0:1|4:0:3|0:0:0|0:0:0|2:0:2|2:0:1|3:3:0|1:1:0|0:0:0|1:2:0|2:0:1|0:0:0|0:0:0|0:0:0|3:3:0|0:0:0|2:0:1|0:0:0|0:0:0|0:0:0|0:0:0|0:0:0|0:0:0|2:0:2|0:0:0|1:1:0|0:0:0|0:0:0|0:0:0|0:0:0|0:1:1|0:0:0|0:0:0|0:0:0|1:1:0|1:1:0|0:0:0|0:0:0|0:0:0|0:0:0|0:0:0|0:0:0|0:0:0|2:0:1"
"7x7","7x7-uct-0500","500","1","27","0.562500","3","1","O15","LH","41","39","42","39","0","1","1","0","0","1","0","1","0","0:0:0|0:0:0|2:0:1|0:0:0|1:1:0|2:0:1|4:0:3|0:0:0|0:0:0|2:0:2|2:0:1|3:3:0|0:0:0|0:0:0|1:2:0|2:0:1|0:0:0|0:0:0|0:0:0|3:3:0|0:0:0|2:0:1|0:0:0|0:0:0|0:0:0|0:0:0|0:0:0|0:0:0|2:0:2|0:0:0|1:1:0|0:0:0|0:0:0|0:0:0|0:0:0|0:1:1|0:0:0|0:0:0|0:0:0|0:1:0|1:1:0|0:0:0|0:0:0|0:0:0|0:0:0|0:0:0|0:0:0|0:0:0|2:0:1","0:0:0|0:0:0|2:0:1|0:0:0|1:1:0|2:0:1|4:0:3|0:0:0|0:0:0|2:0:2|2:0:1|3:3:0|1:1:0|0:0:0|1:2:0|2:0:1|0:0:0|0:0:0|0:0:0|3:3:0|0:0:0|2:0:1|0:0:0|0:0:0|0:0:0|0:0:0|0:0:0|0:0:0|2:0:2|0:0:0|1:1:0|0:0:0|0:0:0|0:0:0|0:0:0|0:1:1|0:0:0|0:0:0|0:0:0|1:1:0|1:1:0|0:0:0|0:0:0|0:0:0|0:0:0|0:0:0|0:0:0|0:0:0|2:0:1","0:0:0|0:0:0|2:0:1|0:0:0|1:1:0|2:0:1|4:0:3|0:0:0|0:0:0|2:0:2|2:0:1|3:3:0|1:1:0|0:0:0|1:2:0|2:0:1|0:0:0|0:0:0|0:0:0|3:3:0|0:0:0|2:0:1|0:0:0|0:0:0|0:0:0|0:0:0|0:0:0|0:0:0|2:0:2|0:0:0|1:1:0|0:0:0|0:0:0|0:0:0|0:0:0|0:1:1|0:0:0|0:0:0|0:0:0|1:1:0|1:1:0|0:0:0|0:0:0|0:0:0|0:0:0|0:0:0|0:0:0|0:0:0|2:0:1"
"7x7","7x7-uct-0500","500","1","28","0.583333","1","2","O00","LL","42","39","42","40","0","0","2","0","0","0","1","0","1","0:0:0|0:0:0|2:0:1|0:0:0|1:1:0|2:0:1|4:0:3|0:0:0|0:0:0|2:0:2|2:0:1|3:3:0|1:1:0|0:0:0|1:2:0|2:0:1|0:0:0|0:0:0|0:0:0|3:3:0|0:0:0|2:0:1|0:0:0|0:0:0|0:0:0|0:0:0|0:0:0|0:0:0|2:0:2|0:0:0|1:1:0|0:0:0|0:0:0|0:0:0|0:0:0|0:1:1|0:0:0|0:0:0|0:0:0|1:1:0|1:1:0|0:0:0|0:0:0|0:0:0|0:0:0|0:0:0|0:0:0|0:0:0|2:0:1","0:0:1|0:0:0|2:0:1|0:0:0|1:1:0|2:0:1|4:0:3|0:0:0|0:0:0|2:0:2|2:0:1|3:3:0|1:1:0|0:0:0|1:2:0|2:0:1|0:0:0|0:0:0|0:0:0|3:3:0|0:0:0|2:0:1|0:0:0|0:0:0|0:0:0|0:0:0|0:0:0|0:0:0|2:0:2|0:0:0|1:1:0|0:0:0|0:0:0|0:0:0|0:0:0|0:1:1|0:0:0|0:0:0|0:0:0|1:1:0|1:1:0|0:0:0|0:0:0|0:0:0|0:0:0|0:0:0|0:0:0|0:0:0|2:0:1","2:0:1|0:0:0|2:0:1|0:0:0|1:1:0|2:0:1|4:0:3|0:0:0|0:0:0|2:0:2|2:0:1|3:3:0|1:1:0|0:0:0|1:2:0|2:0:1|0:0:0|0:0:0|0:0:0|3:3:0|0:0:0|2:0:1|0:0:0|0:0:0|0:0:0|0:0:0|0:0:0|0:0:0|2:0:2|0:0:0|1:1:0|0:0:0|2:0:1|0:0:0|0:0:0|0:1:1|0:0:0|0:0:0|0:0:0|1:1:0|1:1:0|0:0:0|0:0:0|0:0:0|0:0:0|0:0:0|0:0:0|0:0:0|2:0:1"
"7x7","7x7-uct-0500","500","1","28","0.583333","3","2","O44","MM","42","41","42","42","0","2","2","0","0","0","1","0","1","0:0:1|0:0:0|2:0:1|0:0:0|1:1:0|2:0:1|4:0:3|0:0:0|0:0:0|2:0:2|2:0:1|3:3:0|1:1:0|0:0:0|1:2:0|2:0:1|0:0:0|0:0:0|0:0:0|3:3:0|0:0:0|2:0:1|0:0:0|0:0:0|0:0:0|0:0:0|0:0:0|0:0:0|2:0:2|0:0:0|1:1:0|0:0:0|0:0:0|0:0:0|0:0:0|0:1:1|0:0:0|0:0:0|0:0:0|1:1:0|1:1:0|0:0:0|0:0:0|0:0:0|0:0:0|0:0:0|0:0:0|0:0:0|2:0:1","2:0:1|0:0:0|2:0:1|0:0:0|1:1:0|2:0:1|4:0:3|0:0:0|0:0:0|2:0:2|2:0:1|3:3:0|1:1:0|0:0:0|1:2:0|2:0:1|0:0:0|0:0:0|0:0:0|3:3:0|0:0:0|2:0:1|0:0:0|0:0:0|0:0:0|0:0:0|0:0:0|0:0:0|2:0:2|0:0:0|1:1:0|0:0:0|2:0:1|0:0:0|0:0:0|0:1:1|0:0:0|0:0:0|0:0:0|1:1:0|1:1:0|0:0:0|0:0:0|0:0:0|0:0:0|0:0:0|0:0:0|0:0:0|2:0:1","2:0:1|0:0:0|2:0:1|0:0:0|1:1:0|2:0:1|4:0:3|0:0:0|0:0:0|2:0:2|2:0:1|3:3:0|1:1:0|0:0:0|1:2:0|2:0:1|0:0:0|0:0:0|0:0:0|3:3:0|0:0:0|2:0:1|0:0:0|0:0:0|0:0:0|0:0:0|0:0:0|0:0:0|2:0:2|0:0:0|1:1:0|0:0:0|2:0:1|0:0:0|0:0:0|0:1:1|0:0:0|0:0:0|0:0:0|1:1:0|1:1:0|0:0:0|0:0:0|0:0:0|0:0:0|0:0:0|0:0:0|0:0:0|2:0:1"
"7x7","7x7-uct-0500","500","1","29","0.604167","2","1","O20","ML","43","42","44","42","1","1","3","2","0","3","0","3","0","2:0:1|0:0:0|2:0:1|0:0:0|1:1:0|2:0:1|4:0:3|0:0:0|0:0:0|2:0:2|2:0:1|3:3:0|1:1:0|0:0:0|1:2:0|2:0:1|0:0:0|0:0:0|0:0:0|3:3:0|0:0:0|2:0:1|0:0:0|0:0:0|0:0:0|0:0:0|0:0:0|0:0:0|2:0:2|0:0:0|1:1:0|0:0:0|2:0:1|0:0:0|0:0:0|0:1:1|0:0:0|0:0:0|0:0:0|1:1:0|1:1:0|0:0:0|0:0:0|0:0:0|0:0:0|0:0:0|0:0:0|0:0:0|2:0:1","2:0:1|0:0:0|2:0:1|0:0:0|1:1:0|2:0:1|4:0:3|0:0:0|0:0:0|2:0:2|2:0:1|3:3:0|1:1:0|0:0:0|1:3:0|2:0:1|0:0:0|0:0:0|0:0:0|3:3:0|0:0:0|2:0:1|0:0:0|0:0:0|0:0:0|0:0:0|0:0:0|0:0:0|2:0:2|0:0:0|1:1:0|0:0:0|2:0:1|0:0:0|0:0:0|0:1:1|0:0:0|0:0:0|0:0:0|1:1:0|1:1:0|0:0:0|0:0:0|0:0:0|0:0:0|0:0:0|0:0:0|0:0:0|2:0:1","2:0:1|0:0:0|2:0:1|0:0:0|1:1:0|2:0:1|4:0:3|0:0:0|0:0:0|2:0:2|2:0:1|3:3:0|1:1:0|0:0:0|3:3:0|2:0:1|0:0:0|0:0:0|0:0:0|3:3:0|0:0:0|2:0:1|0:0:0|0:0:0|0:0:0|0:0:0|0:0:0|0:0:0|2:0:2|0:0:0|1:1:0|0:0:0|2:0:1|0:0:0|0:0:0|1:2:1|0:0:0|0:0:0|0:0:0|1:1:0|1:1:0|0:0:0|0:0:0|0:0:0|0:0:0|0:0:0|0:0:0|0:0:0|2:0:1"
"7x7","7x7-uct-0500","500","1","29","0.604167","3","1","O50","HL","44","42","45","42","0","1","1","1","1","2","1","2","1","2:0:1|0:0:0|2:0:1|0:0:0|1:1:0|2:0:1|4:0:3|0:0:0|0:0:0|2:0:2|2:0:1|3:3:0|1:1:0|0:0:0|1:3:0|2:0:1|0:0:0|0:0:0|0:0:0|3:3:0|0:0:0|2:0:1|0:0:0|0:0:0|0:0:0|0:0:0|0:0:0|0:0:0|2:0:2|0:0:0|1:1:0|0:0:0|2:0:1|0:0:0|0:0:0|0:1:1|0:0:0|0:0:0|0:0:0|1:1:0|1:1:0|0:0:0|0:0:0|0:0:0|0:0:0|0:0:0|0:0:0|0:0:0|2:0:1","2:0:1|0:0:0|2:0:1|0:0:0|1:1:0|2:0:1|4:0:3|0:0:0|0:0:0|2:0:2|2:0:1|3:3:0|1:1:0|0:0:0|3:3:0|2:0:1|0:0:0|0:0:0|0:0:0|3:3:0|0:0:0|2:0:1|0:0:0|0:0:0|0:0:0|0:0:0|0:0:0|0:0:0|2:0:2|0:0:0|1:1:0|0:0:0|2:0:1|0:0:0|0:0:0|1:2:1|0:0:0|0:0:0|0:0:0|1:1:0|1:1:0|0:0:0|0:0:0|0:0:0|0:0:0|0:0:0|0:0:0|0:0:0|2:0:1","2:0:1|0:0:0|2:0:1|0:0:0|1:1:0|2:0:1|4:0:3|0:0:0|0:0:0|2:0:2|2:0:1|3:3:0|1:1:0|0:0:0|3:3:0|2:0:1|0:0:0|0:0:0|0:0:0|3:3:0|0:0:0|2:0:1|0:0:0|0:0:0|0:0:0|0:0:0|0:0:0|0:0:0|2:0:2|0:0:0|1:1:0|0:0:0|2:0:1|0:0:0|0:0:0|1:2:1|0:0:0|0:0:0|0:0:0|1:1:0|1:1:0|0:0:0|0:0:0|0:0:0|0:0:0|0:0:0|0:0:0|0:0:0|2:0:1"
"7x7","7x7-uct-0500","500","1","30","0.625000","1","2","O62","HM","45","42","45","43","0","0","2","0","0","0","1","0","1","2:0:1|0:0:0|2:0:1|0:0:0|1:1:0|2:0:1|4:0:3|0:0:0|0:0:0|2:0:2|2:0:1|3:3:0|1:1:0|0:0:0|3:3:0|2:0:1|0:0:0|0:0:0|0:0:0|3:3:0|0:0:0|2:0:1|0:0:0|0:0:0|0:0:0|0:0:0|0:0:0|0:0:0|2:0:2|0:0:0|1:1:0|0:0:0|2:0:1|0:0:0|0:0:0|1:2:1|0:0:0|0:0:0|0:0:0|1:1:0|1:1:0|0:0:0|0:0:0|0:0:0|0:0:0|0:0:0|0:0:0|0:0:0|2:0:1","2:0:1|0:0:0|2:0:1|0:0:0|1:1:0|2:0:1|4:0:3|0:0:0|0:0:0|2:0:2|2:0:1|3:3:0|1:1:0|0:0:0|3:3:0|2:0:1|0:0:0|0:0:0|0:0:0|3:3:0|0:0:0|2:0:1|0:0:0|0:0:0|0:0:0|0:0:0|0:0:0|0:0:0|2:0:2|0:0:0|1:1:0|0:0:0|2:0:1|0:0:0|0:0:0|1:2:1|0:0:0|0:0:0|0:0:0|1:1:0|1:1:0|0:0:0|0:0:0|0:0:0|0:0:1|0:0:0|0:0:0|0:0:0|2:0:1","2:0:1|0:0:0|2:0:1|0:0:0|1:1:0|2:0:1|4:0:3|0:0:0|0:0:0|2:0:2|2:0:1|3:3:0|1:1:0|0:0:0|3:3:0|2:0:1|0:0:0|0:0:0|0:0:0|3:3:0|0:0:0|2:0:1|0:0:0|0:0:0|0:0:0|0:0:0|0:0:0|0:0:0|2:0:2|0:0:0|1:1:0|2:0:1|2:0:1|0:0:0|0:0:0|1:2:1|0:0:0|0:0:0|0:0:0|1:1:0|1:1:0|0:0:0|0:0:0|0:0:0|2:0:1|0:0:0|0:0:0|0:0:0|2:0:1"
"7x7","7x7-uct-0500","500","1","30","0.625000","2","2","O43","MM","45","43","45","44","0","0","2","0","0","0","1","0","1","2:0:1|0:0:0|2:0:1|0:0:0|1:1:0|2:0:1|4:0:3|0:0:0|0:0:0|2:0:2|2:0:1|3:3:0|1:1:0|0:0:0|3:3:0|2:0:1|0:0:0|0:0:0|0:0:0|3:3:0|0:0:0|2:0:1|0:0:0|0:0:0|0:0:0|0:0:0|0:0:0|0:0:0|2:0:2|0:0:0|1:1:0|0:0:0|2:0:1|0:0:0|0:0:0|1:2:1|0:0:0|0:0:0|0:0:0|1:1:0|1:1:0|0:0:0|0:0:0|0:0:0|0:0:1|0:0:0|0:0:0|0:0:0|2:0:1","2:0:1|0:0:0|2:0:1|0:0:0|1:1:0|2:0:1|4:0:3|0:0:0|0:0:0|2:0:2|2:0:1|3:3:0|1:1:0|0:0:0|3:3:0|2:0:1|0:0:0|0:0:0|0:0:0|3:3:0|0:0:0|2:0:1|0:0:0|0:0:0|0:0:0|0:0:0|0:0:0|0:0:0|2:0:2|0:0:0|1:1:0|0:0:1|2:0:1|0:0:0|0:0:0|1:2:1|0:0:0|0:0:0|0:0:0|1:1:0|1:1:0|0:0:0|0:0:0|0:0:0|0:0:1|0:0:0|0:0:0|0:0:0|2:0:1","2:0:1|0:0:0|2:0:1|0:0:0|1:1:0|2:0:1|4:0:3|0:0:0|0:0:0|2:0:2|2:0:1|3:3:0|1:1:0|0:0:0|3:3:0|2:0:1|0:0:0|0:0:0|0:0:0|3:3:0|0:0:0|2:0:1|0:0:0|0:0:0|0:0:0|0:0:0|0:0:0|0:0:0|2:0:2|0:0:0|1:1:0|2:0:1|2:0:1|0:0:0|0:0:0|1:2:1|0:0:0|0:0:0|0:0:0|1:1:0|1:1:0|0:0:0|0:0:0|0:0:0|2:0:1|0:0:0|0:0:0|0:0:0|2:0:1"
"7x7","7x7-uct-0500","500","1","32","0.666667","1","2","O40","ML","48","45","48","46","2","2","4","0","2","0","3","0","3","2:0:1|0:0:0|2:0:1|0:0:0|1:1:0|2:0:1|4:0:3|0:0:0|0:0:0|2:0:2|2:0:1|3:3:0|1:1:0|0:0:0|3:3:0|2:0:1|0:0:0|0:0:0|0:0:0|3:3:0|0:0:0|2:0:1|0:0:0|0:0:0|0:0:0|0:0:0|0:0:0|0:0:0|2:0:2|0:0:0|1:1:0|2:0:1|2:0:1|0:0:0|0:0:0|1:2:1|0:0:0|0:0:0|0:0:0|1:1:0|1:1:0|0:0:0|0:0:0|0:0:0|2:0:1|0:0:0|0:0:0|0:0:0|2:0:1","2:0:1|0:0:0|2:0:1|0:0:0|1:1:0|2:0:1|4:0:3|0:0:0|0:0:0|2:0:2|2:0:1|3:3:0|1:1:0|0:0:0|3:3:0|2:0:1|0:0:0|0:0:0|0:0:0|3:3:0|0:0:0|2:0:1|0:0:0|0:0:0|0:0:0|0:0:0|0:0:0|0:0:0|2:0:3|0:0:0|1:1:0|2:0:1|2:0:1|0:0:0|0:0:0|1:2:1|0:0:0|0:0:0|0:0:0|1:1:0|1:1:0|0:0:0|0:0:0|0:0:0|2:0:1|0:0:0|0:0:0|0:0:0|2:0:1","2:0:1|0:0:0|2:0:1|0:0:0|1:1:0|2:0:1|4:0:3|0:0:0|0:0:0|2:0:2|2:0:1|3:3:0|1:1:0|0:0:0|3:3:0|2:0:1|0:0:0|0:0:0|0:0:0|3:3:0|0:0:0|2:0:1|0:0:0|0:0:0|0:0:0|0:0:0|0:0:0|2:0:1|4:0:3|0:0:0|1:1:0|2:0:1|2:0:1|0:0:0|0:0:0|1:2:1|0:0:0|0:0:0|0:0:0|1:1:0|1:1:0|0:0:0|0:0:0|0:0:0|2:0:1|0:0:0|0:0:0|0:0:0|2:0:1"
"7x7","7x7-uct-0500","500","1","32","0.666667","3","2","O36","MH","48","47","48","48","0","2","2","0","0","0","1","0","1","2:0:1|0:0:0|2:0:1|0:0:0|1:1:0|2:0:1|4:0:3|0:0:0|0:0:0|2:0:2|2:0:1|3:3:0|1:1:0|0:0:0|3:3:0|2:0:1|0:0:0|0:0:0|0:0:0|3:3:0|0:0:0|2:0:1|0:0:0|0:0:0|0:0:0|0:0:0|0:0:0|0:0:0|2:0:3|0:0:0|1:1:0|2:0:1|2:0:1|0:0:0|0:0:0|1:2:1|0:0:0|0:0:0|0:0:0|1:1:0|1:1:0|0:0:0|0:0:0|0:0:0|2:0:1|0:0:0|0:0:0|0:0:0|2:0:1","2:0:1|0:0:0|2:0:1|0:0:0|1:1:0|2:0:1|4:0:3|0:0:0|0:0:0|2:0:2|2:0:1|3:3:0|1:1:0|0:0:0|3:3:0|2:0:1|0:0:0|0:0:0|0:0:0|3:3:0|0:0:0|2:0:1|0:0:0|0:0:0|0:0:0|0:0:0|0:0:0|2:0:1|4:0:3|0:0:0|1:1:0|2:0:1|2:0:1|0:0:0|0:0:0|1:2:1|0:0:0|0:0:0|0:0:0|1:1:0|1:1:0|0:0:0|0:0:0|0:0:0|2:0:1|0:0:0|0:0:0|0:0:0|2:0:1","2:0:1|0:0:0|2:0:1|0:0:0|1:1:0|2:0:1|4:0:3|0:0:0|0:0:0|2:0:2|2:0:1|3:3:0|1:1:0|0:0:0|3:3:0|2:0:1|0:0:0|0:0:0|0:0:0|3:3:0|0:0:0|2:0:1|0:0:0|0:0:0|0:0:0|0:0:0|0:0:0|2:0:1|4:0:3|0:0:0|1:1:0|2:0:1|2:0:1|0:0:0|0:0:0|1:2:1|0:0:0|0:0:0|0:0:0|1:1:0|1:1:0|0:0:0|0:0:0|0:0:0|2:0:1|0:0:0|0:0:0|0:0:0|2:0:1"
"7x7","7x7-uct-0500","500","1","33","0.687500","1","1","O15","LH","48","48","49","48","1","1","1","1","0","2","0","2","0","2:0:1|0:0:0|2:0:1|0:0:0|1:1:0|2:0:1|4:0:3|0:0:0|0:0:0|2:0:2|2:0:1|3:3:0|1:1:0|0:0:0|3:3:0|2:0:1|0:0:0|0:0:0|0:0:0|3:3:0|0:0:0|2:0:1|0:0:0|0:0:0|0:0:0|0:0:0|0:0:0|2:0:1|4:0:3|0:0:0|1:1:0|2:0:1|2:0:1|0:0:0|0:0:0|1:2:1|0:0:0|0:0:0|0:0:0|1:1:0|1:1:0|0:0:0|0:0:0|0:0:0|2:0:1|0:0:0|0:0:0|0:0:0|2:0:1","2:0:1|0:0:0|2:0:1|0:0:0|1:1:0|2:0:1|4:0:3|0:0:0|0:0:0|2:0:2|2:0:1|3:3:0|1:2:0|0:0:0|3:3:0|2:0:1|0:0:0|0:0:0|0:0:0|3:3:0|0:0:0|2:0:1|0:0:0|0:0:0|0:0:0|0:0:0|0:0:0|2:0:1|4:0:3|0:0:0|1:1:0|2:0:1|2:0:1|0:0:0|0:0:0|1:2:1|0:0:0|0:0:0|0:0:0|1:1:0|1:1:0|0:0:0|0:0:0|0:0:0|2:0:1|0:0:0|0:0:0|0:0:0|2:0:1","2:0:1|0:0:0|2:0:1|0:0:0|1:1:0|2:0:1|4:0:3|0:0:0|0:0:0|2:0:2|2:0:1|3:3:0|1:2:0|0:0:0|3:3:0|2:0:1|0:0:0|0:0:0|0:0:0|3:3:0|0:0:0|2:0:1|0:0:0|0:0:0|0:0:0|0:0:0|0:0:0|2:0:1|4:0:3|0:0:0|1:1:0|2:0:1|2:0:1|0:0:0|0:0:0|3:3:1|0:0:0|0:0:0|0:0:0|1:1:0|1:1:0|0:0:0|0:0:0|0:0:0|2:0:1|0:0:0|0:0:0|0:0:0|2:0:1"
"7x7","7x7-uct-0500","500","1","33","0.687500","3","1","O50","HL","50","48","51","48","1","3","3","2","1","3","1","3","1","2:0:1|0:0:0|2:0:1|0:0:0|1:1:0|2:0:1|4:0:3|0:0:0|0:0:0|2:0:2|2:0:1|3:3:0|1:2:0|0:0:0|3:3:0|2:0:1|0:0:0|0:0:0|0:0:0|3:3:0|0:0:0|2:0:1|0:0:0|0:0:0|0:0:0|0:0:0|0:0:0|2:0:1|4:0:3|0:0:0|1:1:0|2:0:1|2:0:1|0:0:0|0:0:0|1:2:1|0:0:0|0:0:0|0:0:0|1:1:0|1:1:0|0:0:0|0:0:0|0:0:0|2:0:1|0:0:0|0:0:0|0:0:0|2:0:1","2:0:1|0:0:0|2:0:1|0:0:0|1:1:0|2:0:1|4:0:3|0:0:0|0:0:0|2:0:2|2:0:1|3:3:0|1:2:0|0:0:0|3:3:0|2:0:1|0:0:0|0:0:0|0:0:0|3:3:0|0:0:0|2:0:1|0:0:0|0:0:0|0:0:0|0:0:0|0:0:0|2:0:1|4:0:3|0:0:0|1:1:0|2:0:1|2:0:1|0:0:0|0:0:0|3:3:1|0:0:0|0:0:0|0:0:0|1:1:0|1:1:0|0:0:0|0:0:0|0:0:0|2:0:1|0:0:0|0:0:0|0:0:0|2:0:1","2:0:1|0:0:0|2:0:1|0:0:0|1:1:0|2:0:1|4:0:3|0:0:0|0:0:0|2:0:2|2:0:1|3:3:0|1:2:0|0:0:0|3:3:0|2:0:1|0:0:0|0:0:0|0:0:0|3:3:0|0:0:0|2:0:1|0:0:0|0:0:0|0:0:0|0:0:0|0:0:0|2:0:1|4:0:3|0:0:0|1:1:0|2:0:1|2:0:1|0:0:0|0:0:0|3:3:1|0:0:0|0:0:0|0:0:0|1:1:0|1:1:0|0:0:0|0:0:0|0:0:0|2:0:1|0:0:0|0:0:0|0:0:0|2:0:1"
"7x7","7x7-uct-0500","500","1","34","0.708333","1","2","O52","HM","51","48","51","49","0","0","2","0","0","0","1","0","1","2:0:1|0:0:0|2:0:1|0:0:0|1:1:0|2:0:1|4:0:3|0:0:0|0:0:0|2:0:2|2:0:1|3:3:0|1:2:0|0:0:0|3:3:0|2:0:1|0:0:0|0:0:0|0:0:0|3:3:0|0:0:0|2:0:1|0:0:0|0:0:0|0:0:0|0:0:0|0:0:0|2:0:1|4:0:3|0:0:0|1:1:0|2:0:1|2:0:1|0:0:0|0:0:0|3:3:1|0:0:0|0:0:0|0:0:0|1:1:0|1:1:0|0:0:0|0:0:0|0:0:0|2:0:1|0:0:0|0:0:0|0:0:0|2:0:1","2:0:1|0:0:0|2:0:1|0:0:0|1:1:0|2:0:1|4:0:3|0:0:0|0:0:0|2:0:2|2:0:1|3:3:0|1:2:0|0:0:0|3:3:0|2:0:1|0:0:0|0:0:0|0:0:0|3:3:0|0:0:0|2:0:1|0:0:0|0:0:0|0:0:0|0:0:0|0:0:0|2:0:1|4:0:3|0:0:0|1:1:0|2:0:1|2:0:1|0:0:0|0:0:0|3:3:1|0:0:0|0:0:1|0:0:0|1:1:0|1:1:0|0:0:0|0:0:0|0:0:0|2:0:1|0:0:0|0:0:0|0:0:0|2:0:1","2:0:1|0:0:0|2:0:1|0:0:0|1:1:0|2:0:1|4:0:3|0:0:0|2:0:1|2:0:2|2:0:1|3:3:0|1:2:0|0:0:0|3:3:0|2:0:1|0:0:0|0:0:0|0:0:0|3:3:0|0:0:0|2:0:1|0:0:0|0:0:0|0:0:0|0:0:0|0:0:0|2:0:1|4:0:3|0:0:0|1:1:0|2:0:2|2:0:1|0:0:0|0:0:0|3:3:1|0:0:0|2:0:1|0:0:0|1:1:0|1:1:0|0:0:0|0:0:0|0:0:0|2:0:1|0:0:0|0:0:0|0:0:0|2:0:1"
"7x7","7x7-uct-0500","500","1","34","0.708333","2","2","O11","LL","51","49","51","50","0","0","2","0","0","0","1","0","1","2:0:1|0:0:0|2:0:1|0:0:0|1:1:0|2:0:1|4:0:3|0:0:0|0:0:0|2:0:2|2:0:1|3:3:0|1:2:0|0:0:0|3:3:0|2:0:1|0:0:0|0:0:0|0:0:0|3:3:0|0:0:0|2:0:1|0:0:0|0:0:0|0:0:0|0:0:0|0:0:0|2:0:1|4:0:3|0:0:0|1:1:0|2:0:1|2:0:1|0:0:0|0:0:0|3:3:1|0:0:0|0:0:1|0:0:0|1:1:0|1:1:0|0:0:0|0:0:0|0:0:0|2:0:1|0:0:0|0:0:0|0:0:0|2:0:1","2:0:1|0:0:0|2:0:1|0:0:0|1:1:0|2:0:1|4:0:3|0:0:0|0:0:1|2:0:2|2:0:1|3:3:0|1:2:0|0:0:0|3:3:0|2:0:1|0:0:0|0:0:0|0:0:0|3:3:0|0:0:0|2:0:1|0:0:0|0:0:0|0:0:0|0:0:0|0:0:0|2:0:1|4:0:3|0:0:0|1:1:0|2:0:1|2:0:1|0:0:0|0:0:0|3:3:1|0:0:0|0:0:1|0:0:0|1:1:0|1:1:0|0:0:0|0:0:0|0:0:0|2:0:1|0:0:0|0:0:0|0:0:0|2:0:1","2:0:1|0:0:0|2:0:1|0:0:0|1:1:0|2:0:1|4:0:3|0:0:0|2:0:1|2:0:2|2:0:1|3:3:0|1:2:0|0:0:0|3:3:0|2:0:1|0:0:0|0:0:0|0:0:0|3:3:0|0:0:0|2:0:1|0:0:0|0:0:0|0:0:0|0:0:0|0:0:0|2:0:1|4:0:3|0:0:0|1:1:0|2:0:2|2:0:1|0:0:0|0:0:0|3:3:1|0:0:0|2:0:1|0:0:0|1:1:0|1:1:0|0:0:0|0:0:0|0:0:0|2:0:1|0:0:0|0:0:0|0:0:0|2:0:1"
"7x7","7x7-uct-0500","500","1","34","0.708333","3","2","O43","MM","51","50","51","51","2","2","2","0","1","0","2","0","2","2:0:1|0:0:0|2:0:1|0:0:0|1:1:0|2:0:1|4:0:3|0:0:0|0:0:1|2:0:2|2:0:1|3:3:0|1:2:0|0:0:0|3:3:0|2:0:1|0:0:0|0:0:0|0:0:0|3:3:0|0:0:0|2:0:1|0:0:0|0:0:0|0:0:0|0:0:0|0:0:0|2:0:1|4:0:3|0:0:0|1:1:0|2:0:1|2:0:1|0:0:0|0:0:0|3:3:1|0:0:0|0:0:1|0:0:0|1:1:0|1:1:0|0:0:0|0:0:0|0:0:0|2:0:1|0:0:0|0:0:0|0:0:0|2:0:1","2:0:1|0:0:0|2:0:1|0:0:0|1:1:0|2:0:1|4:0:3|0:0:0|2:0:1|2:0:2|2:0:1|3:3:0|1:2:0|0:0:0|3:3:0|2:0:1|0:0:0|0:0:0|0:0:0|3:3:0|0:0:0|2:0:1|0:0:0|0:0:0|0:0:0|0:0:0|0:0:0|2:0:1|4:0:3|0:0:0|1:1:0|2:0:2|2:0:1|0:0:0|0:0:0|3:3:1|0:0:0|2:0:1|0:0:0|1:1:0|1:1:0|0:0:0|0:0:0|0:0:0|2:0:1|0:0:0|0:0:0|0:0:0|2:0:1","2:0:1|0:0:0|2:0:1|0:0:0|1:1:0|2:0:1|4:0:3|0:0:0|2:0:1|2:0:2|2:0:1|3:3:0|1:2:0|0:0:0|3:3:0|2:0:1|0:0:0|0:0:0|0:0:0|3:3:0|0:0:0|2:0:1|0:0:0|0:0:0|0:0:0|0:0:0|0:0:0|2:0:1|4:0:3|0:0:0|1:1:0|2:0:2|2:0:1|0:0:0|0:0:0|3:3:1|0:0:0|2:0:1|0:0:0|1:1:0|1:1:0|0:0:0|0:0:0|0:0:0|2:0:1|0:0:0|0:0:0|0:0:0|2:0:1"
"7x7","7x7-uct-0500","500","1","35","0.729167","2","1","O15","LH","52","51","53","51","1","1","3","2","0","3","0","3","0","2:0:1|0:0:0|2:0:1|0:0:0|1:1:0|2:0:1|4:0:3|0:0:0|2:0:1|2:0:2|2:0:1|3:3:0|1:2:0|0:0:0|3:3:0|2:0:1|0:0:0|0:0:0|0:0:0|3:3:0|0:0:0|2:0:1|0:0:0|0:0:0|0:0:0|0:0:0|0:0:0|2:0:1|4:0:3|0:0:0|1:1:0|2:0:2|2:0:1|0:0:0|0:0:0|3:3:1|0:0:0|2:0:1|0:0:0|1:1:0|1:1:0|0:0:0|0:0:0|0:0:0|2:0:1|0:0:0|0:0:0|0:0:0|2:0:1","2:0:1|0:0:0|2:0:1|0:0:0|1:1:0|2:0:1|4:0:3|0:0:0|2:0:1|2:0:2|2:0:1|3:3:0|1:3:0|0:0:0|3:3:0|2:0:1|0:0:0|0:0:0|0:0:0|3:3:0|0:0:0|2:0:1|0:0:0|0:0:0|0:0:0|0:0:0|0:0:0|2:0:1|4:0:3|0:0:0|1:1:0|2:0:2|2:0:1|0:0:0|0:0:0|3:3:1|0:0:0|2:0:1|0:0:0|1:1:0|1:1:0|0:0:0|0:0:0|0:0:0|2:0:1|0:0:0|0:0:0|0:0:0|2:0:1","2:0:1|0:0:0|2:0:1|0:0:0|1:1:0|2:0:1|4:0:3|0:0:0|2:0:1|2:0:2|2:0:1|3:3:0|3:3:0|0:0:0|3:3:0|2:0:1|0:0:0|0:0:0|0:0:0|3:3:0|0:0:0|2:0:1|0:0:0|0:0:0|0:0:0|0:0:0|0:0:0|2:0:1|4:0:3|0:0:0|1:1:0|2:0:2|2:0:1|0:0:0|0:0:0|3:3:1|0:0:0|2:0:1|0:0:0|1:1:0|1:1:0|0:0:0|0:0:0|0:0:0|2:0:1|0:0:0|0:0:0|0:0:0|2:0:1"
"7x7","7x7-uct-0500","500","1","38","0.791667","1","2","O36","MH","57","54","57","55","2","2","4","0","1","0","2","0","3","2:0:1|0:0:0|2:0:1|0:0:0|1:1:0|2:0:1|4:0:3|0:0:0|2:0:1|2:0:2|2:0:1|3:3:0|3:3:0|0:0:0|3:3:0|2:0:1|0:0:0|0:0:0|0:0:0|3:3:0|0:0:0|2:0:1|0:0:0|0:0:0|0:0:0|0:0:0|0:0:0|2:0:1|4:0:3|0:0:0|1:1:0|2:0:2|2:0:1|0:0:0|0:0:0|3:3:1|0:0:0|2:0:1|0:0:0|1:1:0|1:1:0|0:0:0|0:0:0|0:0:0|2:0:1|0:0:0|0:0:0|0:0:0|2:0:1","2:0:1|0:0:0|2:0:1|0:0:0|1:1:0|2:0:1|4:0:3|0:0:0|2:0:1|2:0:2|2:0:1|3:3:0|3:3:0|0:0:0|3:3:0|2:0:1|0:0:0|0:0:0|0:0:0|3:3:0|0:0:0|2:0:1|0:0:0|0:0:0|0:0:0|0:0:0|0:0:0|2:0:2|4:0:3|0:0:0|1:1:0|2:0:2|2:0:1|0:0:0|0:0:0|3:3:1|0:0:0|2:0:1|0:0:0|1:1:0|1:1:0|0:0:0|0:0:0|0:0:0|2:0:1|0:0:0|0:0:0|0:0:0|2:0:1","2:0:1|0:0:0|2:0:1|0:0:0|1:1:0|2:0:1|4:0:3|0:0:0|2:0:1|2:0:2|2:0:1|3:3:0|3:3:0|0:0:0|3:3:0|2:0:1|0:0:0|0:0:0|0:0:0|3:3:0|0:0:0|2:0:1|0:0:0|0:0:0|0:0:0|0:0:0|0:0:0|4:0:3|4:0:3|0:0:0|1:1:0|4:0:3|2:0:1|0:0:0|0:0:0|3:3:1|0:0:0|2:0:1|0:0:0|1:1:0|1:1:0|0:0:0|0:0:0|0:0:0|2:0:1|0:0:0|0:0:0|0:0:0|2:0:1"
"7x7","7x7-uct-0500","500","1","38","0.791667","2","2","O43","MM","57","55","57","56","2","2","4","0","2","0","3","0","3","2:0:1|0:0:0|2:0:1|0:0:0|1:1:0|2:0:1|4:0:3|0:0:0|2:0:1|2:0:2|2:0:1|3:3:0|3:3:0|0:0:0|3:3:0|2:0:1|0:0:0|0:0:0|0:0:0|3:3:0|0:0:0|2:0:1|0:0:0|0:0:0|0:0:0|0:0:0|0:0:0|2:0:2|4:0:3|0:0:0|1:1:0|2:0:2|2:0:1|0:0:0|0:0:0|3:3:1|0:0:0|2:0:1|0:0:0|1:1:0|1:1:0|0:0:0|0:0:0|0:0:0|2:0:1|0:0:0|0:0:0|0:0:0|2:0:1","2:0:1|0:0:0|2:0:1|0:0:0|1:1:0|2:0:1|4:0:3|0:0:0|2:0:1|2:0:2|2:0:1|3:3:0|3:3:0|0:0:0|3:3:0|2:0:1|0:0:0|0:0:0|0:0:0|3:3:0|0:0:0|2:0:1|0:0:0|0:0:0|0:0:0|0:0:0|0:0:0|2:0:2|4:0:3|0:0:0|1:1:0|2:0:3|2:0:1|0:0:0|0:0:0|3:3:1|0:0:0|2:0:1|0:0:0|1:1:0|1:1:0|0:0:0|0:0:0|0:0:0|2:0:1|0:0:0|0:0:0|0:0:0|2:0:1","2:0:1|0:0:0|2:0:1|0:0:0|1:1:0|2:0:1|4:0:3|0:0:0|2:0:1|2:0:2|2:0:1|3:3:0|3:3:0|0:0:0|3:3:0|2:0:1|0:0:0|0:0:0|0:0:0|3:3:0|0:0:0|2:0:1|0:0:0|0:0:0|0:0:0|0:0:0|0:0:0|4:0:3|4:0:3|0:0:0|1:1:0|4:0:3|2:0:1|0:0:0|0:0:0|3:3:1|0:0:0|2:0:1|0:0:0|1:1:0|1:1:0|0:0:0|0:0:0|0:0:0|2:0:1|0:0:0|0:0:0|0:0:0|2:0:1"
"7x7","7x7-uct-0500","500","1","38","0.791667","3","2","O36","MH","57","56","57","57","2","4","4","0","2","0","3","0","3","2:0:1|0:0:0|2:0:1|0:0:0|1:1:0|2:0:1|4:0:3|0:0:0|2:0:1|2:0:2|2:0:1|3:3:0|3:3:0|0:0:0|3:3:0|2:0:1|0:0:0|0:0:0|0:0:0|3:3:0|0:0:0|2:0:1|0:0:0|0:0:0|0:0:0|0:0:0|0:0:0|2:0:2|4:0:3|0:0:0|1:1:0|2:0:3|2:0:1|0:0:0|0:0:0|3:3:1|0:0:0|2:0:1|0:0:0|1:1:0|1:1:0|0:0:0|0:0:0|0:0:0|2:0:1|0:0:0|0:0:0|0:0:0|2:0:1","2:0:1|0:0:0|2:0:1|0:0:0|1:1:0|2:0:1|4:0:3|0:0:0|2:0:1|2:0:2|2:0:1|3:3:0|3:3:0|0:0:0|3:3:0|2:0:1|0:0:0|0:0:0|0:0:0|3:3:0|0:0:0|2:0:1|0:0:0|0:0:0|0:0:0|0:0:0|0:0:0|4:0:3|4:0:3|0:0:0|1:1:0|4:0:3|2:0:1|0:0:0|0:0:0|3:3:1|0:0:0|2:0:1|0:0:0|1:1:0|1:1:0|0:0:0|0:0:0|0:0:0|2:0:1|0:0:0|0:0:0|0:0:0|2:0:1","2:0:1|0:0:0|2:0:1|0:0:0|1:1:0|2:0:1|4:0:3|0:0:0|2:0:1|2:0:2|2:0:1|3:3:0|3:3:0|0:0:0|3:3:0|2:0:1|0:0:0|0:0:0|0:0:0|3:3:0|0:0:0|2:0:1|0:0:0|0:0:0|0:0:0|0:0:0|0:0:0|4:0:3|4:0:3|0:0:0|1:1:0|4:0:3|2:0:1|0:0:0|0:0:0|3:3:1|0:0:0|2:0:1|0:0:0|1:1:0|1:1:0|0:0:0|0:0:0|0:0:0|2:0:1|0:0:0|0:0:0|0:0:0|2:0:1"
"7x7","7x7-uct-0500","500","1","39","0.812500","2","1","O55","HH","58","57","59","57","1","1","1","1","0","2","0","2","0","2:0:1|0:0:0|2:0:1|0:0:0|1:1:0|2:0:1|4:0:3|0:0:0|2:0:1|2:0:2|2:0:1|3:3:0|3:3:0|0:0:0|3:3:0|2:0:1|0:0:0|0:0:0|0:0:0|3:3:0|0:0:0|2:0:1|0:0:0|0:0:0|0:0:0|0:0:0|0:0:0|4:0:3|4:0:3|0:0:0|1:1:0|4:0:3|2:0:1|0:0:0|0:0:0|3:3:1|0:0:0|2:0:1|0:0:0|1:1:0|1:1:0|0:0:0|0:0:0|0:0:0|2:0:1|0:0:0|0:0:0|0:0:0|2:0:1","2:0:1|0:0:0|2:0:1|0:0:0|1:1:0|2:0:1|4:0:3|0:0:0|2:0:1|2:0:2|2:0:1|3:3:0|3:3:0|0:0:0|3:3:0|2:0:1|0:0:0|0:0:0|0:0:0|3:3:0|0:0:0|2:0:1|0:0:0|0:0:0|0:0:0|0:0:0|0:0:0|4:0:3|4:0:3|0:0:0|1:1:0|4:0:3|2:0:1|0:0:0|0:0:0|3:3:1|0:0:0|2:0:1|0:0:0|1:1:0|1:2:0|0:0:0|0:0:0|0:0:0|2:0:1|0:0:0|0:0:0|0:0:0|2:0:1","2:0:1|0:0:0|2:0:1|0:0:0|1:1:0|2:0:1|4:0:3|0:0:0|2:0:1|2:0:2|2:0:1|3:3:0|3:3:0|0:0:0|3:3:0|2:0:1|0:0:0|0:0:0|0:0:0|3:3:0|0:0:0|2:0:1|0:0:0|0:0:0|0:0:0|0:0:0|0:0:0|4:0:3|4:0:3|0:0:0|1:1:0|4:0:3|0:1:1|0:0:0|0:0:0|3:3:1|0:0:0|2:0:1|0:0:0|1:1:0|1:2:0|0:0:0|0:0:0|0:0:0|2:0:1|0:0:0|0:0:0|0:0:0|2:0:1"
"7x7","7x7-uct-0500","500","1","39","0.812500","3","1","O44","MM","59","57","60","57","2","0","0","0","1","1","1","1","1","2:0:1|0:0:0|2:0:1|0:0:0|1:1:0|2:0:1|4:0:3|0:0:0|2:0:1|2:0:2|2:0:1|3:3:0|3:3:0|0:0:0|3:3:0|2:0:1|0:0:0|0:0:0|0:0:0|3:3:0|0:0:0|2:0:1|0:0:0|0:0:0|0:0:0|0:0:0|0:0:0|4:0:3|4:0:3|0:0:0|1:1:0|4:0:3|2:0:1|0:0:0|0:0:0|3:3:1|0:0:0|2:0:1|0:0:0|1:1:0|1:2:0|0:0:0|0:0:0|0:0:0|2:0:1|0:0:0|0:0:0|0:0:0|2:0:1","2:0:1|0:0:0|2:0:1|0:0:0|1:1:0|2:0:1|4:0:3|0:0:0|2:0:1|2:0:2|2:0:1|3:3:0|3:3:0|0:0:0|3:3:0|2:0:1|0:0:0|0:0:0|0:0:0|3:3:0|0:0:0|2:0:1|0:0:0|0:0:0|0:0:0|0:0:0|0:0:0|4:0:3|4:0:3|0:0:0|1:1:0|4:0:3|0:1:1|0:0:0|0:0:0|3:3:1|0:0:0|2:0:1|0:0:0|1:1:0|1:2:0|0:0:0|0:0:0|0:0:0|2:0:1|0:0:0|0:0:0|0:0:0|2:0:1","2:0:1|0:0:0|2:0:1|0:0:0|1:1:0|2:0:1|4:0:3|0:0:0|2:0:1|2:0:2|2:0:1|3:3:0|3:3:0|0:0:0|3:3:0|2:0:1|0:0:0|0:0:0|0:0:0|3:3:0|0:0:0|2:0:1|0:0:0|0:0:0|0:0:0|0:0:0|0:0:0|4:0:3|4:0:3|0:0:0|1:1:0|4:0:3|0:1:1|0:0:0|0:0:0|3:3:1|0:0:0|2:0:1|0:0:0|1:1:0|1:2:0|0:0:0|0:0:0|0:0:0|2:0:1|0:0:0|0:0:0|0:0:0|2:0:1"
"7x7","7x7-uct-0500","500","1","40","0.833333","1","2","O12","LM","60","57","60","58","2","2","4","0","2","0","3","0","3","2:0:1|0:0:0|2:0:1|0:0:0|1:1:0|2:0:1|4:0:3|0:0:0|2:0:1|2:0:2|2:0:1|3:3:0|3:3:0|0:0:0|3:3:0|2:0:1|0:0:0|0:0:0|0:0:0|3:3:0|0:0:0|2:0:1|0:0:0|0:0:0|0:0:0|0:0:0|0:0:0|4:0:3|4:0:3|0:0:0|1:1:0|4:0:3|0:1:1|0:0:0|0:0:0|3:3:1|0:0:0|2:0:1|0:0:0|1:1:0|1:2:0|0:0:0|0:0:0|0:0:0|2:0:1|0:0:0|0:0:0|0:0:0|2:0:1","2:0:1|0:0:0|2:0:1|0:0:0|1:1:0|2:0:1|4:0:3|0:0:0|2:0:1|2:0:3|2:0:1|3:3:0|3:3:0|0:0:0|3:3:0|2:0:1|0:0:0|0:0:0|0:0:0|3:3:0|0:0:0|2:0:1|0:0:0|0:0:0|0:0:0|0:0:0|0:0:0|4:0:3|4:0:3|0:0:0|1:1:0|4:0:3|0:1:1|0:0:0|0:0:0|3:3:1|0:0:0|2:0:1|0:0:0|1:1:0|1:2:0|0:0:0|0:0:0|0:0:0|2:0:1|0:0:0|0:0:0|0:0:0|2:0:1","2:0:1|0:0:0|2:0:1|0:0:0|1:1:0|2:0:1|4:0:3|0:0:0|2:0:1|4:0:3|2:0:1|3:3:0|3:3:0|0:0:0|3:3:0|2:0:1|0:0:0|0:0:0|0:0:0|3:3:0|0:0:0|2:0:2|0:0:0|0:0:0|0:0:0|0:0:0|0:0:0|4:0:3|4:0:3|0:0:0|1:1:0|4:0:3|0:1:1|0:0:0|0:0:0|3:3:1|0:0:0|2:0:1|0:0:0|1:1:0|1:2:0|2:0:1|0:0:0|0:0:0|2:0:1|0:0:0|0:0:0|0:0:0|2:0:1"
"7x7","7x7-uct-0500","500","1","40","0.833333","2","2","O56","HH","60","58","60","59","0","0","2","0","0","0","1","0","1","2:0:1|0:0:0|2:0:1|0:0:0|1:1:0|2:0:1|4:0:3|0:0:0|2:0:1|2:0:3|2:0:1|3:3:0|3:3:0|0:0:0|3:3:0|2:0:1|0:0:0|0:0:0|0:0:0|3:3:0|0:0:0|2:0:1|0:0:0|0:0:0|0:0:0|0:0:0|0:0:0|4:0:3|4:0:3|0:0:0|1:1:0|4:0:3|0:1:1|0:0:0|0:0:0|3:3:1|0:0:0|2:0:1|0:0:0|1:1:0|1:2:0|0:0:0|0:0:0|0:0:0|2:0:1|0:0:0|0:0:0|0:0:0|2:0:1","2:0:1|0:0:0|2:0:1|0:0:0|1:1:0|2:0:1|4:0:3|0:0:0|2:0:1|2:0:3|2:0:1|3:3:0|3:3:0|0:0:0|3:3:0|2:0:1|0:0:0|0:0:0|0:0:0|3:3:0|0:0:0|2:0:1|0:0:0|0:0:0|0:0:0|0:0:0|0:0:0|4:0:3|4:0:3|0:0:0|1:1:0|4:0:3|0:1:1|0:0:0|0:0:0|3:3:1|0:0:0|2:0:1|0:0:0|1:1:0|1:2:0|0:0:1|0:0:0|0:0:0|2:0:1|0:0:0|0:0:0|0:0:0|2:0:1","2:0:1|0:0:0|2:0:1|0:0:0|1:1:0|2:0:1|4:0:3|0:0:0|2:0:1|4:0:3|2:0:1|3:3:0|3:3:0|0:0:0|3:3:0|2:0:1|0:0:0|0:0:0|0:0:0|3:3:0|0:0:0|2:0:2|0:0:0|0:0:0|0:0:0|0:0:0|0:0:0|4:0:3|4:0:3|0:0:0|1:1:0|4:0:3|0:1:1|0:0:0|0:0:0|3:3:1|0:0:0|2:0:1|0:0:0|1:1:0|1:2:0|2:0:1|0:0:0|0:0:0|2:0:1|0:0:0|0:0:0|0:0:0|2:0:1"
"7x7","7x7-uct-0500","500","1","40","0.833333","3","2","O30","ML","60","59","60","60","2","2","2","0","1","0","2","0","2","2:0:1|0:0:0|2:0:1|0:0:0|1:1:0|2:0:1|4:0:3|0:0:0|2:0:1|2:0:3|2:0:1|3:3:0|3:3:0|0:0:0|3:3:0|2:0:1|0:0:0|0:0:0|0:0:0|3:3:0|0:0:0|2:0:1|0:0:0|0:0:0|0:0:0|0:0:0|0:0:0|4:0:3|4:0:3|0:0:0|1:1:0|4:0:3|0:1:1|0:0:0|0:0:0|3:3:1|0:0:0|2:0:1|0:0:0|1:1:0|1:2:0|0:0:1|0:0:0|0:0:0|2:0:1|0:0:0|0:0:0|0:0:0|2:0:1","2:0:1|0:0:0|2:0:1|0:0:0|1:1:0|2:0:1|4:0:3|0:0:0|2:0:1|4:0:3|2:0:1|3:3:0|3:3:0|0:0:0|3:3:0|2:0:1|0:0:0|0:0:0|0:0:0|3:3:0|0:0:0|2:0:2|0:0:0|0:0:0|0:0:0|0:0:0|0:0:0|4:0:3|4:0:3|0:0:0|1:1:0|4:0:3|0:1:1|0:0:0|0:0:0|3:3:1|0:0:0|2:0:1|0:0:0|1:1:0|1:2:0|2:0:1|0:0:0|0:0:0|2:0:1|0:0:0|0:0:0|0:0:0|2:0:1","2:0:1|0:0:0|2:0:1|0:0:0|1:1:0|2:0:1|4:0:3|0:0:0|2:0:1|4:0:3|2:0:1|3:3:0|3:3:0|0:0:0|3:3:0|2:0:1|0:0:0|0:0:0|0:0:0|3:3:0|0:0:0|2:0:2|0:0:0|0:0:0|0:0:0|0:0:0|0:0:0|4:0:3|4:0:3|0:0:0|1:1:0|4:0:3|0:1:1|0:0:0|0:0:0|3:3:1|0:0:0|2:0:1|0:0:0|1:1:0|1:2:0|2:0:1|0:0:0|0:0:0|2:0:1|0:0:0|0:0:0|0:0:0|2:0:1"
"7x7","7x7-uct-0500","500","1","41","0.854167","1","1","O55","HH","60","60","61","60","1","1","3","2","0","3","0","3","0","2:0:1|0:0:0|2:0:1|0:0:0|1:1:0|2:0:1|4:0:3|0:0:0|2:0:1|4:0:3|2:0:1|3:3:0|3:3:0|0:0:0|3:3:0|2:0:1|0:0:0|0:0:0|0:0:0|3:3:0|0:0:0|2:0:2|0:0:0|0:0:0|0:0:0|0:0:0|0:0:0|4:0:3|4:0:3|0:0:0|1:1:0|4:0:3|0:1:1|0:0:0|0:0:0|3:3:1|0:0:0|2:0:1|0:0:0|1:1:0|1:2:0|2:0:1|0:0:0|0:0:0|2:0:1|0:0:0|0:0:0|0:0:0|2:0:1","2:0:1|0:0:0|2:0:1|0:0:0|1:1:0|2:0:1|4:0:3|0:0:0|2:0:1|4:0:3|2:0:1|3:3:0|3:3:0|0:0:0|3:3:0|2:0:1|0:0:0|0:0:0|0:0:0|3:3:0|0:0:0|2:0:2|0:0:0|0:0:0|0:0:0|0:0:0|0:0:0|4:0:3|4:0:3|0:0:0|1:1:0|4:0:3|0:1:1|0:0:0|0:0:0|3:3:1|0:0:0|2:0:1|0:0:0|1:1:0|1:3:0|2:0:1|0:0:0|0:0:0|2:0:1|0:0:0|0:0:0|0:0:0|2:0:1","2:0:1|0:0:0|2:0:1|0:0:0|1:1:0|2:0:1|4:0:3|0:0:0|2:0:1|4:0:3|2:0:1|3:3:0|3:3:0|0:0:0|3:3:0|2:0:1|0:0:0|0:0:0|0:0:0|3:3:0|0:0:0|2:0:2|0:0:0|0:0:0|0:0:0|0:0:0|0:0:0|4:0:3|4:0:3|0:0:0|1:1:0|4:0:3|0:1:1|0:0:0|0:0:0|3:3:1|0:0:0|2:0:1|0:0:0|1:1:0|3:3:0|2:0:1|0:0:0|0:0:0|2:0:1|0:0:0|0:0:0|1:1:0|2:0:1"
"7x7","7x7-uct-0500","500","1","41","0.854167","2","1","O65","HH","61","60","62","60","0","0","1","0","0","1","0","1","0","2:0:1|0:0:0|2:0:1|0:0:0|1:1:0|2:0:1|4:0:3|0:0:0|2:0:1|4:0:3|2:0:1|3:3:0|3:3:0|0:0:0|3:3:0|2:0:1|0:0:0|0:0:0|0:0:0|3:3:0|0:0:0|2:0:2|0:0:0|0:0:0|0:0:0|0:0:0|0:0:0|4:0:3|4:0:3|0:0:0|1:1:0|4:0:3|0:1:1|0:0:0|0:0:0|3:3:1|0:0:0|2:0:1|0:0:0|1:1:0|1:3:0|2:0:1|0:0:0|0:0:0|2:0:1|0:0:0|0:0:0|0:0:0|2:0:1","2:0:1|0:0:0|2:0:1|0:0:0|1:1:0|2:0:1|4:0:3|0:0:0|2:0:1|4:0:3|2:0:1|3:3:0|3:3:0|0:0:0|3:3:0|2:0:1|0:0:0|0:0:0|0:0:0|3:3:0|0:0:0|2:0:2|0:0:0|0:0:0|0:0:0|0:0:0|0:0:0|4:0:3|4:0:3|0:0:0|1:1:0|4:0:3|0:1:1|0:0:0|0:0:0|3:3:1|0:0:0|2:0:1|0:0:0|1:1:0|1:3:0|2:0:1|0:0:0|0:0:0|2:0:1|0:0:0|0:0:0|0:1:0|2:0:1","2:0:1|0:0:0|2:0:1|0:0:0|1:1:0|2:0:1|4:0:3|0:0:0|2:0:1|4:0:3|2:0:1|3:3:0|3:3:0|0:0:0|3:3:0|2:0:1|0:0:0|0:0:0|0:0:0|3:3:0|0:0:0|2:0:2|0:0:0|0:0:0|0:0:0|0:0:0|0:0:0|4:0:3|4:0:3|0:0:0|1:1:0|4:0:3|0:1:1|0:0:0|0:0:0|3:3:1|0:0:0|2:0:1|0:0:0|1:1:0|3:3:0|2:0:1|0:0:0|0:0:0|2:0:1|0:0:0|0:0:0|1:1:0|2:0:1"
"7x7","7x7-uct-0500","500","1","42","0.875000","1","2","O30","ML","63","60","63","61","2","2","4","0","2","0","3","0","3","2:0:1|0:0:0|2:0:1|0:0:0|1:1:0|2:0:1|4:0:3|0:0:0|2:0:1|4:0:3|2:0:1|3:3:0|3:3:0|0:0:0|3:3:0|2:0:1|0:0:0|0:0:0|0:0:0|3:3:0|0:0:0|2:0:2|0:0:0|0:0:0|0:0:0|0:0:0|0:0:0|4:0:3|4:0:3|0:0:0|1:1:0|4:0:3|0:1:1|0:0:0|0:0:0|3:3:1|0:0:0|2:0:1|0:0:0|1:1:0|3:3:0|2:0:1|0:0:0|0:0:0|2:0:1|0:0:0|0:0:0|1:1:0|2:0:1","2:0:1|0:0:0|2:0:1|0:0:0|1:1:0|2:0:1|4:0:3|0:0:0|2:0:1|4:0:3|2:0:1|3:3:0|3:3:0|0:0:0|3:3:0|2:0:1|0:0:0|0:0:0|0:0:0|3:3:0|0:0:0|2:0:3|0:0:0|0:0:0|0:0:0|0:0:0|0:0:0|4:0:3|4:0:3|0:0:0|1:1:0|4:0:3|0:1:1|0:0:0|0:0:0|3:3:1|0:0:0|2:0:1|0:0:0|1:1:0|3:3:0|2:0:1|0:0:0|0:0:0|2:0:1|0:0:0|0:0:0|1:1:0|2:0:1","2:0:1|0:0:0|2:0:1|0:0:0|1:1:0|2:0:1|4:0:3|0:0:0|2:0:1|4:0:3|2:0:1|3:3:0|3:3:0|0:0:0|3:3:0|2:0:1|0:0:0|0:0:0|0:0:0|3:3:0|0:0:0|4:0:3|0:0:0|0:0:0|0:0:0|0:0:0|0:0:0|4:0:3|4:0:3|0:0:0|1:1:0|4:0:3|0:1:1|0:0:0|0:0:0|3:3:1|0:0:0|2:0:1|0:0:0|1:1:0|3:3:0|2:0:1|0:0:0|0:0:0|2:0:1|0:0:0|0:0:0|1:1:0|2:0:1"
"7x7","7x7-uct-0500","500","1","43","0.895833","1","1","O54","HM","63","63","64","63","1","1","3","1","0","2","0","3","0","2:0:1|0:0:0|2:0:1|0:0:0|1:1:0|2:0:1|4:0:3|0:0:0|2:0:1|4:0:3|2:0:1|3:3:0|3:3:0|0:0:0|3:3:0|2:0:1|0:0:0|0:0:0|0:0:0|3:3:0|0:0:0|4:0:3|0:0:0|0:0:0|0:0:0|0:0:0|0:0:0|4:0:3|4:0:3|0:0:0|1:1:0|4:0:3|0:1:1|0:0:0|0:0:0|3:3:1|0:0:0|2:0:1|0:0:0|1:1:0|3:3:0|2:0:1|0:0:0|0:0:0|2:0:1|0:0:0|0:0:0|1:1:0|2:0:1","2:0:1|0:0:0|2:0:1|0:0:0|1:1:0|2:0:1|4:0:3|0:0:0|2:0:1|4:0:3|2:0:1|3:3:0|3:3:0|0:0:0|3:3:0|2:0:1|0:0:0|0:0:0|0:0:0|3:3:0|0:0:0|4:0:3|0:0:0|0:0:0|0:0:0|0:0:0|0:0:0|4:0:3|4:0:3|0:0:0|1:1:0|4:0:3|0:1:1|0:0:0|0:0:0|3:3:1|0:0:0|2:0:1|0:0:0|1:2:0|3:3:0|2:0:1|0:0:0|0:0:0|2:0:1|0:0:0|0:0:0|1:1:0|2:0:1","2:0:1|0:0:0|2:0:1|0:0:0|1:1:0|2:0:1|4:0:3|0:0:0|2:0:1|4:0:3|2:0:1|3:3:0|3:3:0|0:0:0|3:3:0|2:0:1|0:0:0|0:0:0|0:0:0|3:3:0|0:0:0|4:0:3|0:0:0|0:0:0|0:0:0|0:0:0|1:1:0|4:0:3|4:0:3|0:0:0|1:1:0|4:0:3|0:1:1|0:0:0|0:0:0|3:3:1|0:0:0|2:0:1|0:0:0|3:3:0|3:3:0|2:0:1|0:0:0|0:0:0|2:0:1|0:0:0|0:0:0|1:1:0|2:0:1"
"7x7","7x7-uct-0500","500","1","43","0.895833","2","1","O54","HM","64","63","65","63","1","1","3","2","0","3","0","3","0","2:0:1|0:0:0|2:0:1|0:0:0|1:1:0|2:0:1|4:0:3|0:0:0|2:0:1|4:0:3|2:0:1|3:3:0|3:3:0|0:0:0|3:3:0|2:0:1|0:0:0|0:0:0|0:0:0|3:3:0|0:0:0|4:0:3|0:0:0|0:0:0|0:0:0|0:0:0|0:0:0|4:0:3|4:0:3|0:0:0|1:1:0|4:0:3|0:1:1|0:0:0|0:0:0|3:3:1|0:0:0|2:0:1|0:0:0|1:2:0|3:3:0|2:0:1|0:0:0|0:0:0|2:0:1|0:0:0|0:0:0|1:1:0|2:0:1","2:0:1|0:0:0|2:0:1|0:0:0|1:1:0|2:0:1|4:0:3|0:0:0|2:0:1|4:0:3|2:0:1|3:3:0|3:3:0|0:0:0|3:3:0|2:0:1|0:0:0|0:0:0|0:0:0|3:3:0|0:0:0|4:0:3|0:0:0|0:0:0|0:0:0|0:0:0|0:0:0|4:0:3|4:0:3|0:0:0|1:1:0|4:0:3|0:1:1|0:0:0|0:0:0|3:3:1|0:0:0|2:0:1|0:0:0|1:3:0|3:3:0|2:0:1|0:0:0|0:0:0|2:0:1|0:0:0|0:0:0|1:1:0|2:0:1","2:0:1|0:0:0|2:0:1|0:0:0|1:1:0|2:0:1|4:0:3|0:0:0|2:0:1|4:0:3|2:0:1|3:3:0|3:3:0|0:0:0|3:3:0|2:0:1|0:0:0|0:0:0|0:0:0|3:3:0|0:0:0|4:0:3|0:0:0|0:0:0|0:0:0|0:0:0|1:1:0|4:0:3|4:0:3|0:0:0|1:1:0|4:0:3|0:1:1|0:0:0|0:0:0|3:3:1|0:0:0|2:0:1|0:0:0|3:3:0|3:3:0|2:0:1|0:0:0|0:0:0|2:0:1|0:0:0|0:0:0|1:1:0|2:0:1"
"7x7","7x7-uct-0500","500","1","43","0.895833","3","1","O35","MH","65","63","66","63","0","1","1","0","0","1","0","1","0","2:0:1|0:0:0|2:0:1|0:0:0|1:1:0|2:0:1|4:0:3|0:0:0|2:0:1|4:0:3|2:0:1|3:3:0|3:3:0|0:0:0|3:3:0|2:0:1|0:0:0|0:0:0|0:0:0|3:3:0|0:0:0|4:0:3|0:0:0|0:0:0|0:0:0|0:0:0|0:0:0|4:0:3|4:0:3|0:0:0|1:1:0|4:0:3|0:1:1|0:0:0|0:0:0|3:3:1|0:0:0|2:0:1|0:0:0|1:3:0|3:3:0|2:0:1|0:0:0|0:0:0|2:0:1|0:0:0|0:0:0|1:1:0|2:0:1","2:0:1|0:0:0|2:0:1|0:0:0|1:1:0|2:0:1|4:0:3|0:0:0|2:0:1|4:0:3|2:0:1|3:3:0|3:3:0|0:0:0|3:3:0|2:0:1|0:0:0|0:0:0|0:0:0|3:3:0|0:0:0|4:0:3|0:0:0|0:0:0|0:0:0|0:0:0|1:1:0|4:0:3|4:0:3|0:0:0|1:1:0|4:0:3|0:1:1|0:0:0|0:0:0|3:3:1|0:0:0|2:0:1|0:0:0|3:3:0|3:3:0|2:0:1|0:0:0|0:0:0|2:0:1|0:0:0|0:0:0|1:1:0|2:0:1","2:0:1|0:0:0|2:0:1|0:0:0|1:1:0|2:0:1|4:0:3|0:0:0|2:0:1|4:0:3|2:0:1|3:3:0|3:3:0|0:0:0|3:3:0|2:0:1|0:0:0|0:0:0|0:0:0|3:3:0|0:0:0|4:0:3|0:0:0|0:0:0|0:0:0|0:0:0|1:1:0|4:0:3|4:0:3|0:0:0|1:1:0|4:0:3|0:1:1|0:0:0|0:0:0|3:3:1|0:0:0|2:0:1|0:0:0|3:3:0|3:3:0|2:0:1|0:0:0|0:0:0|2:0:1|0:0:0|0:0:0|1:1:0|2:0:1"
"7x7","7x7-uct-0500","500","1","44","0.916667","1","2","O02","LM","66","63","66","64","2","2","4","0","1","0","2","0","3","2:0:1|0:0:0|2:0:1|0:0:0|1:1:0|2:0:1|4:0:3|0:0:0|2:0:1|4:0:3|2:0:1|3:3:0|3:3:0|0:0:0|3:3:0|2:0:1|0:0:0|0:0:0|0:0:0|3:3:0|0:0:0|4:0:3|0:0:0|0:0:0|0:0:0|0:0:0|1:1:0|4:0:3|4:0:3|0:0:0|1:1:0|4:0:3|0:1:1|0:0:0|0:0:0|3:3:1|0:0:0|2:0:1|0:0:0|3:3:0|3:3:0|2:0:1|0:0:0|0:0:0|2:0:1|0:0:0|0:0:0|1:1:0|2:0:1","2:0:1|0:0:0|2:0:2|0:0:0|1:1:0|2:0:1|4:0:3|0:0:0|2:0:1|4:0:3|2:0:1|3:3:0|3:3:0|0:0:0|3:3:0|2:0:1|0:0:0|0:0:0|0:0:0|3:3:0|0:0:0|4:0:3|0:0:0|0:0:0|0:0:0|0:0:0|1:1:0|4:0:3|4:0:3|0:0:0|1:1:0|4:0:3|0:1:1|0:0:0|0:0:0|3:3:1|0:0:0|2:0:1|0:0:0|3:3:0|3:3:0|2:0:1|0:0:0|0:0:0|2:0:1|0:0:0|0:0:0|1:1:0|2:0:1","2:0:1|0:0:0|4:0:3|0:0:0|1:1:0|2:0:1|4:0:3|0:0:0|2:0:1|4:0:3|2:0:1|3:3:0|3:3:0|0:0:0|3:3:0|2:0:1|0:0:0|0:0:0|0:0:0|3:3:0|0:0:0|4:0:3|0:0:0|0:0:0|0:0:0|0:0:0|1:1:0|4:0:3|4:0:3|0:0:0|1:1:0|4:0:3|0:1:1|0:0:0|0:0:0|3:3:1|0:0:0|2:0:1|0:0:0|3:3:0|3:3:0|2:0:1|0:0:0|0:0:0|2:0:1|0:0:0|0:0:0|1:1:0|2:0:1"
"7x7","7x7-uct-0500","500","1","44","0.916667","2","2","O02","LM","66","64","66","65","2","2","4","0","2","0","3","0","3","2:0:1|0:0:0|2:0:2|0:0:0|1:1:0|2:0:1|4:0:3|0:0:0|2:0:1|4:0:3|2:0:1|3:3:0|3:3:0|0:0:0|3:3:0|2:0:1|0:0:0|0:0:0|0:0:0|3:3:0|0:0:0|4:0:3|0:0:0|0:0:0|0:0:0|0:0:0|1:1:0|4:0:3|4:0:3|0:0:0|1:1:0|4:0:3|0:1:1|0:0:0|0:0:0|3:3:1|0:0:0|2:0:1|0:0:0|3:3:0|3:3:0|2:0:1|0:0:0|0:0:0|2:0:1|0:0:0|0:0:0|1:1:0|2:0:1","2:0:1|0:0:0|2:0:3|0:0:0|1:1:0|2:0:1|4:0:3|0:0:0|2:0:1|4:0:3|2:0:1|3:3:0|3:3:0|0:0:0|3:3:0|2:0:1|0:0:0|0:0:0|0:0:0|3:3:0|0:0:0|4:0:3|0:0:0|0:0:0|0:0:0|0:0:0|1:1:0|4:0:3|4:0:3|0:0:0|1:1:0|4:0:3|0:1:1|0:0:0|0:0:0|3:3:1|0:0:0|2:0:1|0:0:0|3:3:0|3:3:0|2:0:1|0:0:0|0:0:0|2:0:1|0:0:0|0:0:0|1:1:0|2:0:1","2:0:1|0:0:0|4:0:3|0:0:0|1:1:0|2:0:1|4:0:3|0:0:0|2:0:1|4:0:3|2:0:1|3:3:0|3:3:0|0:0:0|3:3:0|2:0:1|0:0:0|0:0:0|0:0:0|3:3:0|0:0:0|4:0:3|0:0:0|0:0:0|0:0:0|0:0:0|1:1:0|4:0:3|4:0:3|0:0:0|1:1:0|4:0:3|0:1:1|0:0:0|0:0:0|3:3:1|0:0:0|2:0:1|0:0:0|3:3:0|3:3:0|2:0:1|0:0:0|0:0:0|2:0:1|0:0:0|0:0:0|1:1:0|2:0:1"
"7x7","7x7-uct-0500","500","1","45","0.937500","1","1","O04","LM","66","66","67","66","1","1","3","1","0","2","0","3","0","2:0:1|0:0:0|4:0:3|0:0:0|1:1:0|2:0:1|4:0:3|0:0:0|2:0:1|4:0:3|2:0:1|3:3:0|3:3:0|0:0:0|3:3:0|2:0:1|0:0:0|0:0:0|0:0:0|3:3:0|0:0:0|4:0:3|0:0:0|0:0:0|0:0:0|0:0:0|1:1:0|4:0:3|4:0:3|0:0:0|1:1:0|4:0:3|0:1:1|0:0:0|0:0:0|3:3:1|0:0:0|2:0:1|0:0:0|3:3:0|3:3:0|2:0:1|0:0:0|0:0:0|2:0:1|0:0:0|0:0:0|1:1:0|2:0:1","2:0:1|0:0:0|4:0:3|0:0:0|1:2:0|2:0:1|4:0:3|0:0:0|2:0:1|4:0:3|2:0:1|3:3:0|3:3:0|0:0:0|3:3:0|2:0:1|0:0:0|0:0:0|0:0:0|3:3:0|0:0:0|4:0:3|0:0:0|0:0:0|0:0:0|0:0:0|1:1:0|4:0:3|4:0:3|0:0:0|1:1:0|4:0:3|0:1:1|0:0:0|0:0:0|3:3:1|0:0:0|2:0:1|0:0:0|3:3:0|3:3:0|2:0:1|0:0:0|0:0:0|2:0:1|0:0:0|0:0:0|1:1:0|2:0:1","2:0:1|0:0:0|4:0:3|0:0:0|3:3:0|2:0:1|4:0:3|0:0:0|2:0:1|4:0:3|2:0:1|3:3:0|3:3:0|0:0:0|3:3:0|2:0:1|0:0:0|0:0:0|0:0:0|3:3:0|0:0:0|4:0:3|0:0:0|0:0:0|0:0:0|0:0:0|1:1:0|4:0:3|4:0:3|0:0:0|1:1:0|4:0:3|0:1:1|0:0:0|0:0:0|3:3:1|0:0:0|2:0:1|0:0:0|3:3:0|3:3:0|2:0:1|0:0:0|0:0:0|2:0:1|0:0:0|0:0:0|1:2:0|2:0:1"
"7x7","7x7-uct-0500","500","1","45","0.937500","2","1","O04","LM","67","66","68","66","1","1","3","2","0","3","0","3","0","2:0:1|0:0:0|4:0:3|0:0:0|1:2:0|2:0:1|4:0:3|0:0:0|2:0:1|4:0:3|2:0:1|3:3:0|3:3:0|0:0:0|3:3:0|2:0:1|0:0:0|0:0:0|0:0:0|3:3:0|0:0:0|4:0:3|0:0:0|0:0:0|0:0:0|0:0:0|1:1:0|4:0:3|4:0:3|0:0:0|1:1:0|4:0:3|0:1:1|0:0:0|0:0:0|3:3:1|0:0:0|2:0:1|0:0:0|3:3:0|3:3:0|2:0:1|0:0:0|0:0:0|2:0:1|0:0:0|0:0:0|1:1:0|2:0:1","2:0:1|0:0:0|4:0:3|0:0:0|1:3:0|2:0:1|4:0:3|0:0:0|2:0:1|4:0:3|2:0:1|3:3:0|3:3:0|0:0:0|3:3:0|2:0:1|0:0:0|0:0:0|0:0:0|3:3:0|0:0:0|4:0:3|0:0:0|0:0:0|0:0:0|0:0:0|1:1:0|4:0:3|4:0:3|0:0:0|1:1:0|4:0:3|0:1:1|0:0:0|0:0:0|3:3:1|0:0:0|2:0:1|0:0:0|3:3:0|3:3:0|2:0:1|0:0:0|0:0:0|2:0:1|0:0:0|0:0:0|1:1:0|2:0:1","2:0:1|0:0:0|4:0:3|0:0:0|3:3:0|2:0:1|4:0:3|0:0:0|2:0:1|4:0:3|2:0:1|3:3:0|3:3:0|0:0:0|3:3:0|2:0:1|0:0:0|0:0:0|0:0:0|3:3:0|0:0:0|4:0:3|0:0:0|0:0:0|0:0:0|0:0:0|1:1:0|4:0:3|4:0:3|0:0:0|1:1:0|4:0:3|0:1:1|0:0:0|0:0:0|3:3:1|0:0:0|2:0:1|0:0:0|3:3:0|3:3:0|2:0:1|0:0:0|0:0:0|2:0:1|0:0:0|0:0:0|1:2:0|2:0:1"
"7x7","7x7-uct-0500","500","1","45","0.937500","3","1","O65","HH","68","66","69","66","1","1","1","1","0","2","0","2","0","2:0:1|0:0:0|4:0:3|0:0:0|1:3:0|2:0:1|4:0:3|0:0:0|2:0:1|4:0:3|2:0:1|3:3:0|3:3:0|0:0:0|3:3:0|2:0:1|0:0:0|0:0:0|0:0:0|3:3:0|0:0:0|4:0:3|0:0:0|0:0:0|0:0:0|0:0:0|1:1:0|4:0:3|4:0:3|0:0:0|1:1:0|4:0:3|0:1:1|0:0:0|0:0:0|3:3:1|0:0:0|2:0:1|0:0:0|3:3:0|3:3:0|2:0:1|0:0:0|0:0:0|2:0:1|0:0:0|0:0:0|1:1:0|2:0:1","2:0:1|0:0:0|4:0:3|0:0:0|3:3:0|2:0:1|4:0:3|0:0:0|2:0:1|4:0:3|2:0:1|3:3:0|3:3:0|0:0:0|3:3:0|2:0:1|0:0:0|0:0:0|0:0:0|3:3:0|0:0:0|4:0:3|0:0:0|0:0:0|0:0:0|0:0:0|1:1:0|4:0:3|4:0:3|0:0:0|1:1:0|4:0:3|0:1:1|0:0:0|0:0:0|3:3:1|0:0:0|2:0:1|0:0:0|3:3:0|3:3:0|2:0:1|0:0:0|0:0:0|2:0:1|0:0:0|0:0:0|1:2:0|2:0:1","2:0:1|0:0:0|4:0:3|0:0:0|3:3:0|2:0:1|4:0:3|0:0:0|2:0:1|4:0:3|2:0:1|3:3:0|3:3:0|0:0:0|3:3:0|2:0:1|0:0:0|0:0:0|0:0:0|3:3:0|0:0:0|4:0:3|0:0:0|0:0:0|0:0:0|0:0:0|1:1:0|4:0:3|4:0:3|0:0:0|1:1:0|4:0:3|0:1:1|0:0:0|0:0:0|3:3:1|0:0:0|2:0:1|0:0:0|3:3:0|3:3:0|2:0:1|0:0:0|0:0:0|2:0:1|0:0:0|0:0:0|1:2:0|2:0:1"
"7x7","7x7-uct-0500","500","1","46","0.958333","1","2","O52","HM","69","66","69","67","2","2","4","0","1","0","2","0","3","2:0:1|0:0:0|4:0:3|0:0:0|3:3:0|2:0:1|4:0:3|0:0:0|2:0:1|4:0:3|2:0:1|3:3:0|3:3:0|0:0:0|3:3:0|2:0:1|0:0:0|0:0:0|0:0:0|3:3:0|0:0:0|4:0:3|0:0:0|0:0:0|0:0:0|0:0:0|1:1:0|4:0:3|4:0:3|0:0:0|1:1:0|4:0:3|0:1:1|0:0:0|0:0:0|3:3:1|0:0:0|2:0:1|0:0:0|3:3:0|3:3:0|2:0:1|0:0:0|0:0:0|2:0:1|0:0:0|0:0:0|1:2:0|2:0:1","2:0:1|0:0:0|4:0:3|0:0:0|3:3:0|2:0:1|4:0:3|0:0:0|2:0:1|4:0:3|2:0:1|3:3:0|3:3:0|0:0:0|3:3:0|2:0:1|0:0:0|0:0:0|0:0:0|3:3:0|0:0:0|4:0:3|0:0:0|0:0:0|0:0:0|0:0:0|1:1:0|4:0:3|4:0:3|0:0:0|1:1:0|4:0:3|0:1:1|0:0:0|0:0:0|3:3:1|0:0:0|2:0:2|0:0:0|3:3:0|3:3:0|2:0:1|0:0:0|0:0:0|2:0:1|0:0:0|0:0:0|1:2:0|2:0:1","2:0:1|0:0:0|4:0:3|0:0:0|3:3:0|2:0:1|4:0:3|0:0:0|2:0:1|4:0:3|2:0:1|3:3:0|3:3:0|0:0:0|3:3:0|2:0:1|0:0:0|0:0:0|0:0:0|3:3:0|0:0:0|4:0:3|0:0:0|0:0:0|0:0:0|0:0:0|1:1:0|4:0:3|4:0:3|0:0:0|1:1:0|4:0:3|0:1:1|0:0:0|0:0:0|3:3:1|0:0:0|4:0:3|0:0:0|3:3:0|3:3:0|2:0:2|0:0:0|0:0:0|2:0:1|0:0:0|0:0:0|1:2:0|2:0:1"
"7x7","7x7-uct-0500","500","1","46","0.958333","2","2","O52","HM","69","67","69","68","2","2","4","0","2","0","3","0","3","2:0:1|0:0:0|4:0:3|0:0:0|3:3:0|2:0:1|4:0:3|0:0:0|2:0:1|4:0:3|2:0:1|3:3:0|3:3:0|0:0:0|3:3:0|2:0:1|0:0:0|0:0:0|0:0:0|3:3:0|0:0:0|4:0:3|0:0:0|0:0:0|0:0:0|0:0:0|1:1:0|4:0:3|4:0:3|0:0:0|1:1:0|4:0:3|0:1:1|0:0:0|0:0:0|3:3:1|0:0:0|2:0:2|0:0:0|3:3:0|3:3:0|2:0:1|0:0:0|0:0:0|2:0:1|0:0:0|0:0:0|1:2:0|2:0:1","2:0:1|0:0:0|4:0:3|0:0:0|3:3:0|2:0:1|4:0:3|0:0:0|2:0:1|4:0:3|2:0:1|3:3:0|3:3:0|0:0:0|3:3:0|2:0:1|0:0:0|0:0:0|0:0:0|3:3:0|0:0:0|4:0:3|0:0:0|0:0:0|0:0:0|0:0:0|1:1:0|4:0:3|4:0:3|0:0:0|1:1:0|4:0:3|0:1:1|0:0:0|0:0:0|3:3:1|0:0:0|2:0:3|0:0:0|3:3:0|3:3:0|2:0:1|0:0:0|0:0:0|2:0:1|0:0:0|0:0:0|1:2:0|2:0:1","2:0:1|0:0:0|4:0:3|0:0:0|3:3:0|2:0:1|4:0:3|0:0:0|2:0:1|4:0:3|2:0:1|3:3:0|3:3:0|0:0:0|3:3:0|2:0:1|0:0:0|0:0:0|0:0:0|3:3:0|0:0:0|4:0:3|0:0:0|0:0:0|0:0:0|0:0:0|1:1:0|4:0:3|4:0:3|0:0:0|1:1:0|4:0:3|0:1:1|0:0:0|0:0:0|3:3:1|0:0:0|4:0:3|0:0:0|3:3:0|3:3:0|2:0:2|0:0:0|0:0:0|2:0:1|0:0:0|0:0:0|1:2:0|2:0:1"
"7x7","7x7-uct-0500","500","1","46","0.958333","3","2","O56","HH","69","68","69","69","2","2","2","0","1","0","2","0","2","2:0:1|0:0:0|4:0:3|0:0:0|3:3:0|2:0:1|4:0:3|0:0:0|2:0:1|4:0:3|2:0:1|3:3:0|3:3:0|0:0:0|3:3:0|2:0:1|0:0:0|0:0:0|0:0:0|3:3:0|0:0:0|4:0:3|0:0:0|0:0:0|0:0:0|0:0:0|1:1:0|4:0:3|4:0:3|0:0:0|1:1:0|4:0:3|0:1:1|0:0:0|0:0:0|3:3:1|0:0:0|2:0:3|0:0:0|3:3:0|3:3:0|2:0:1|0:0:0|0:0:0|2:0:1|0:0:0|0:0:0|1:2:0|2:0:1","2:0:1|0:0:0|4:0:3|0:0:0|3:3:0|2:0:1|4:0:3|0:0:0|2:0:1|4:0:3|2:0:1|3:3:0|3:3:0|0:0:0|3:3:0|2:0:1|0:0:0|0:0:0|0:0:0|3:3:0|0:0:0|4:0:3|0:0:0|0:0:0|0:0:0|0:0:0|1:1:0|4:0:3|4:0:3|0:0:0|1:1:0|4:0:3|0:1:1|0:0:0|0:0:0|3:3:1|0:0:0|4:0:3|0:0:0|3:3:0|3:3:0|2:0:2|0:0:0|0:0:0|2:0:1|0:0:0|0:0:0|1:2:0|2:0:1","2:0:1|0:0:0|4:0:3|0:0:0|3:3:0|2:0:1|4:0:3|0:0:0|2:0:1|4:0:3|2:0:1|3:3:0|3:3:0|0:0:0|3:3:0|2:0:1|0:0:0|0:0:0|0:0:0|3:3:0|0:0:0|4:0:3|0:0:0|0:0:0|0:0:0|0:0:0|1:1:0|4:0:3|4:0:3|0:0:0|1:1:0|4:0:3|0:1:1|0:0:0|0:0:0|3:3:1|0:0:0|4:0:3|0:0:0|3:3:0|3:3:0|2:0:2|0:0:0|0:0:0|2:0:1|0:0:0|0:0:0|1:2:0|2:0:1"
"7x7","7x7-uct-0500","500","1","47","0.979167","1","1","O65","HH","69","69","70","69","1","1","3","2","0","3","0","3","0","2:0:1|0:0:0|4:0:3|0:0:0|3:3:0|2:0:1|4:0:3|0:0:0|2:0:1|4:0:3|2:0:1|3:3:0|3:3:0|0:0:0|3:3:0|2:0:1|0:0:0|0:0:0|0:0:0|3:3:0|0:0:0|4:0:3|0:0:0|0:0:0|0:0:0|0:0:0|1:1:0|4:0:3|4:0:3|0:0:0|1:1:0|4:0:3|0:1:1|0:0:0|0:0:0|3:3:1|0:0:0|4:0:3|0:0:0|3:3:0|3:3:0|2:0:2|0:0:0|0:0:0|2:0:1|0:0:0|0:0:0|1:2:0|2:0:1","2:0:1|0:0:0|4:0:3|0:0:0|3:3:0|2:0:1|4:0:3|0:0:0|2:0:1|4:0:3|2:0:1|3:3:0|3:3:0|0:0:0|3:3:0|2:0:1|0:0:0|0:0:0|0:0:0|3:3:0|0:0:0|4:0:3|0:0:0|0:0:0|0:0:0|0:0:0|1:1:0|4:0:3|4:0:3|0:0:0|1:1:0|4:0:3|0:1:1|0:0:0|0:0:0|3:3:1|0:0:0|4:0:3|0:0:0|3:3:0|3:3:0|2:0:2|0:0:0|0:0:0|2:0:1|0:0:0|0:0:0|1:3:0|2:0:1","2:0:1|0:0:0|4:0:3|0:0:0|3:3:0|2:0:1|4:0:3|0:0:0|2:0:1|4:0:3|2:0:1|3:3:0|3:3:0|0:0:0|3:3:0|2:0:1|0:0:0|0:0:0|0:0:0|3:3:0|0:0:0|4:0:3|0:0:0|0:0:0|0:0:0|0:0:0|1:1:0|4:0:3|4:0:3|0:0:0|1:1:0|4:0:3|0:1:1|0:0:0|0:0:0|3:3:1|0:0:0|4:0:3|0:0:0|3:3:0|3:3:0|2:0:2|0:0:0|0:0:0|2:0:1|0:0:0|0:0:0|3:3:0|2:0:1"
"7x7","7x7-uct-0500","500","1","48","1.000000","1","2","O56","HH","72","69","72","70","2","2","4","0","2","0","3","0","3","2:0:1|0:0:0|4:0:3|0:0:0|3:3:0|2:0:1|4:0:3|0:0:0|2:0:1|4:0:3|2:0:1|3:3:0|3:3:0|0:0:0|3:3:0|2:0:1|0:0:0|0:0:0|0:0:0|3:3:0|0:0:0|4:0:3|0:0:0|0:0:0|0:0:0|0:0:0|1:1:0|4:0:3|4:0:3|0:0:0|1:1:0|4:0:3|0:1:1|0:0:0|0:0:0|3:3:1|0:0:0|4:0:3|0:0:0|3:3:0|3:3:0|2:0:2|0:0:0|0:0:0|2:0:1|0:0:0|0:0:0|3:3:0|2:0:1","2:0:1|0:0:0|4:0:3|0:0:0|3:3:0|2:0:1|4:0:3|0:0:0|2:0:1|4:0:3|2:0:1|3:3:0|3:3:0|0:0:0|3:3:0|2:0:1|0:0:0|0:0:0|0:0:0|3:3:0|0:0:0|4:0:3|0:0:0|0:0:0|0:0:0|0:0:0|1:1:0|4:0:3|4:0:3|0:0:0|1:1:0|4:0:3|0:1:1|0:0:0|0:0:0|3:3:1|0:0:0|4:0:3|0:0:0|3:3:0|3:3:0|2:0:3|0:0:0|0:0:0|2:0:1|0:0:0|0:0:0|3:3:0|2:0:1","2:0:1|0:0:0|4:0:3|0:0:0|3:3:0|2:0:1|4:0:3|0:0:0|2:0:1|4:0:3|2:0:1|3:3:0|3:3:0|0:0:0|3:3:0|2:0:1|0:0:0|0:0:0|0:0:0|3:3:0|2:0:1|4:0:3|0:0:0|0:0:0|0:0:0|0:0:0|1:1:0|4:0:3|4:0:3|0:0:0|1:1:0|4:0:3|0:1:1|0:0:0|0:0:0|3:3:1|0:0:0|4:0:3|0:0:0|3:3:0|3:3:0|4:0:3|0:0:0|0:0:0|2:0:1|0:0:0|0:0:0|3:3:0|2:0:1"
"7x7","7x7-uct-0500","500","1","48","1.000000","3","2","O26","MH","72","71","72","72","0","2","2","0","0","0","1","0","1","2:0:1|0:0:0|4:0:3|0:0:0|3:3:0|2:0:1|4:0:3|0:0:0|2:0:1|4:0:3|2:0:1|3:3:0|3:3:0|0:0:0|3:3:0|2:0:1|0:0:0|0:0:0|0:0:0|3:3:0|0:0:0|4:0:3|0:0:0|0:0:0|0:0:0|0:0:0|1:1:0|4:0:3|4:0:3|0:0:0|1:1:0|4:0:3|0:1:1|0:0:0|0:0:0|3:3:1|0:0:0|4:0:3|0:0:0|3:3:0|3:3:0|2:0:3|0:0:0|0:0:0|2:0:1|0:0:0|0:0:0|3:3:0|2:0:1","2:0:1|0:0:0|4:0:3|0:0:0|3:3:0|2:0:1|4:0:3|0:0:0|2:0:1|4:0:3|2:0:1|3:3:0|3:3:0|0:0:0|3:3:0|2:0:1|0:0:0|0:0:0|0:0:0|3:3:0|2:0:1|4:0:3|0:0:0|0:0:0|0:0:0|0:0:0|1:1:0|4:0:3|4:0:3|0:0:0|1:1:0|4:0:3|0:1:1|0:0:0|0:0:0|3:3:1|0:0:0|4:0:3|0:0:0|3:3:0|3:3:0|4:0:3|0:0:0|0:0:0|2:0:1|0:0:0|0:0:0|3:3:0|2:0:1","2:0:1|0:0:0|4:0:3|0:0:0|3:3:0|2:0:1|4:0:3|0:0:0|2:0:1|4:0:3|2:0:1|3:3:0|3:3:0|0:0:0|3:3:0|2:0:1|0:0:0|0:0:0|0:0:0|3:3:0|2:0:1|4:0:3|0:0:0|0:0:0|0:0:0|0:0:0|1:1:0|4:0:3|4:0:3|0:0:0|1:1:0|4:0:3|0:1:1|0:0:0|0:0:0|3:3:1|0:0:0|4:0:3|0:0:0|3:3:0|3:3:0|4:0:3|0:0:0|0:0:0|2:0:1|0:0:0|0:0:0|3:3:0|2:0:1"
"7x7","7x7-uct-1000","1000","1","3","0.062500","3","1","O12","LM","5","3","6","3","0","1","1","0","0","1","0","1","0","0:0:0|0:0:0|0:0:0|0:0:0|0:0:0|0:0:0|0:0:0|0:0:0|0:0:0|0:0:0|0:0:0|0:0:0|0:0:0|0:0:0|0:0:0|0:0:0|0:0:0|0:0:0|0:0:0|0:0:0|0:0:0|0:0:0|0:0:0|0:0:0|0:0:0|0:0:0|0:0:0|0:0:0|0:0:0|0:0:0|0:0:0|0:0:0|0:0:0|0:0:0|0:0:0|0:0:0|0:0:0|0:0:0|0:0:0|0:0:0|0:0:0|0:0:0|0:0:0|0:0:0|0:0:0|0:0:0|0:0:0|0:0:0|0:0:0","0:0:0|0:0:0|0:0:0|0:0:0|0:0:0|0:0:0|0:0:0|0:0:0|0:0:0|1:1:0|0:0:0|0:0:0|0:0:0|0:0:0|0:0:0|0:0:0|0:0:0|0:0:0|0:0:0|0:0:0|0:0:0|0:0:0|0:0:0|0:0:0|0:0:0|0:0:0|0:0:0|0:0:0|0:0:0|0:0:0|0:0:0|0:0:0|0:0:0|0:0:0|0:0:0|0:0:0|0:0:0|0:0:0|0:0:0|0:0:0|0:0:0|0:0:0|0:0:0|0:0:0|0:0:0|0:0:0|0:0:0|0:0:0|0:0:0","0:0:0|0:0:0|0:0:0|0:0:0|0:0:0|0:0:0|0:0:0|0:0:0|0:0:0|1:1:0|0:0:0|0:0:0|0:0:0|0:0:0|0:0:0|0:0:0|0:0:0|0:0:0|0:0:0|0:0:0|0:0:0|0:0:0|0:0:0|0:0:0|0:0:0|0:0:0|0:0:0|0:0:0|0:0:0|0:0:0|0:0:0|0:0:0|0:0:0|0:0:0|0:0:0|0:0:0|0:0:0|0:0:0|0:0:0|0:0:0|0:0:0|0:0:0|0:0:0|0:0:0|0:0:0|0:0:0|0:0:0|0:0:0|0:0:0"
"7x7","7x7-uct-1000","1000","1","4","0.083333","1","2","O52","HM","6","3","6","4","0","0","2","0","0","0","1","0","1","0:0:0|0:0:0|0:0:0|0:0:0|0:0:0|0:0:0|0:0:0|0:0:0|0:0:0|1:1:0|0:0:0|0:0:0|0:0:0|0:0:0|0:0:0|0:0:0|0:0:0|0:0:0|0:0:0|0:0:0|0:0:0|0:0:0|0:0:0|0:0:0|0:0:0|0:0:0|0:0:0|0:0:0|0:0:0|0:0:0|0:0:0|0:0:0|0:0:0|0:0:0|0:0:0|0:0:0|0:0:0|0:0:0|0:0:0|0:0:0|0:0:0|0:0:0|0:0:0|0:0:0|0:0:0|0:0:0|0:0:0|0:0:0|0:0:0","0:0:0|0:0:0|0:0:0|0:0:0|0:0:0|0:0:0|0:0:0|0:0:0|0:0:0|1:1:0|0:0:0|0:0:0|0:0:0|0:0:0|0:0:0|0:0:0|0:0:0|0:0:0|0:0:0|0:0:0|0:0:0|0:0:0|0:0:0|0:0:0|0:0:0|0:0:0|0:0:0|0:0:0|0:0:0|0:0:0|0:0:0|0:0:0|0:0:0|0:0:0|0:0:0|0:0:0|0:0:0|0:0:1|0:0:0|0:0:0|0:0:0|0:0:0|0:0:0|0:0:0|0:0:0|0:0:0|0:0:0|0:0:0|0:0:0","0:0:0|0:0:0|0:0:0|0:0:0|0:0:0|0:0:0|0:0:0|0:0:0|0:0:0|1:1:0|0:0:0|0:0:0|0:0:0|0:0:0|0:0:0|0:0:0|0:0:0|0:0:0|0:0:0|0:0:0|0:0:0|0:0:0|0:0:0|0:0:0|0:0:0|0:0:0|0:0:0|0:0:0|0:0:0|0:0:0|0:0:0|0:0:0|0:0:0|0:0:0|0:0:0|0:0:0|0:0:0|2:0:1|0:0:0|0:0:0|0:0:0|0:0:0|0:0:0|0:0:0|0:0:0|0:0:0|0:0:0|0:0:0|0:0:0"
"7x7","7x7-uct-1000","1000","1","5","0.104167","1","1","O02","LM","6","6","7","6","0","0","1","0","0","1","0","1","0","0:0:0|0:0:0|0:0:0|0:0:0|0:0:0|0:0:0|0:0:0|0:0:0|0:0:0|1:1:0|0:0:0|0:0:0|0:0:0|0:0:0|0:0:0|0:0:0|0:0:0|0:0:0|0:0:0|0:0:0|0:0:0|0:0:0|0:0:0|0:0:0|0:0:0|0:0:0|0:0:0|0:0:0|0:0:0|0:0:0|0:0:0|0:0:0|0:0:0|0:0:0|0:0:0|0:0:0|0:0:0|2:0:1|0:0:0|0:0:0|0:0:0|0:0:0|0:0:0|0:0:0|0:0:0|0:0:0|0:0:0|0:0:0|0:0:0","0:0:0|0:0:0|0:1:0|0:0:0|0:0:0|0:0:0|0:0:0|0:0:0|0:0:0|1:1:0|0:0:0|0:0:0|0:0:0|0:0:0|0:0:0|0:0:0|0:0:0|0:0:0|0:0:0|0:0:0|0:0:0|0:0:0|0:0:0|0:0:0|0:0:0|0:0:0|0:0:0|0:0:0|0:0:0|0:0:0|0:0:0|0:0:0|0:0:0|0:0:0|0:0:0|0:0:0|0:0:0|2:0:1|0:0:0|0:0:0|0:0:0|0:0:0|0:0:0|0:0:0|0:0:0|0:0:0|0:0:0|0:0:0|0:0:0","0:0:0|0:0:0|1:1:0|0:0:0|0:0:0|1:1:0|0:0:0|0:0:0|0:0:0|1:1:0|0:0:0|0:0:0|0:0:0|0:0:0|0:0:0|0:0:0|0:0:0|0:0:0|0:0:0|0:0:0|0:0:0|0:0:0|0:0:0|0:0:0|0:0:0|0:0:0|0:0:0|0:0:0|0:0:0|0:0:0|0:0:0|0:0:0|0:0:0|0:0:0|0:0:0|0:0:0|0:0:0|2:0:1|0:0:0|0:0:0|0:0:0|0:0:0|0:0:0|0:0:0|0:0:0|0:0:0|0:0:0|0:0:0|0:0:0"
"7x7","7x7-uct-1000","1000","1","5","0.104167","2","1","O05","LH","7","6","8","6","0","0","1","0","0","1","0","1","0","0:0:0|0:0:0|0:1:0|0:0:0|0:0:0|0:0:0|0:0:0|0:0:0|0:0:0|1:1:0|0:0:0|0:0:0|0:0:0|0:0:0|0:0:0|0:0:0|0:0:0|0:0:0|0:0:0|0:0:0|0:0:0|0:0:0|0:0:0|0:0:0|0:0:0|0:0:0|0:0:0|0:0:0|0:0:0|0:0:0|0:0:0|0:0:0|0:0:0|0:0:0|0:0:0|0:0:0|0:0:0|2:0:1|0:0:0|0:0:0|0:0:0|0:0:0|0:0:0|0:0:0|0:0:0|0:0:0|0:0:0|0:0:0|0:0:0","0:0:0|0:0:0|0:1:0|0:0:0|0:0:0|0:1:0|0:0:0|0:0:0|0:0:0|1:1:0|0:0:0|0:0:0|0:0:0|0:0:0|0:0:0|0:0:0|0:0:0|0:0:0|0:0:0|0:0:0|0:0:0|0:0:0|0:0:0|0:0:0|0:0:0|0:0:0|0:0:0|0:0:0|0:0:0|0:0:0|0:0:0|0:0:0|0:0:0|0:0:0|0:0:0|0:0:0|0:0:0|2:0:1|0:0:0|0:0:0|0:0:0|0:0:0|0:0:0|0:0:0|0:0:0|0:0:0|0:0:0|0:0:0|0:0:0","0:0:0|0:0:0|1:1:0|0:0:0|0:0:0|1:1:0|0:0:0|0:0:0|0:0:0|1:1:0|0:0:0|0:0:0|0:0:0|0:0:0|0:0:0|0:0:0|0:0:0|0:0:0|0:0:0|0:0:0|0:0:0|0:0:0|0:0:0|0:0:0|0:0:0|0:0:0|0:0:0|0:0:0|0:0:0|0:0:0|0:0:0|0:0:0|0:0:0|0:0:0|0:0:0|0:0:0|0:0:0|2:0:1|0:0:0|0:0:0|0:0:0|0:0:0|0:0:0|0:0:0|0:0:0|0:0:0|0:0:0|0:0:0|0:0:0"
"7x7","7x7-uct-1000","1000","1","6","0.125000","3","2","O52","HM","9","8","9","9","2","2","2","0","1","0","2","0","2","0:0:0|0:0:0|1:1:0|0:0:0|0:0:0|1:1:0|0:0:0|0:0:0|0:0:0|1:1:0|0:0:0|0:0:0|0:0:0|0:0:0|0:0:0|0:0:0|0:0:0|0:0:0|0:0:0|0:0:0|0:0:0|0:0:0|0:0:0|0:0:0|0:0:0|0:0:0|0:0:0|0:0:0|0:0:0|0:0:0|0:0:0|0:0:0|0:0:0|0:0:0|0:0:0|0:0:0|0:0:0|2:0:1|0:0:0|0:0:0|0:0:0|0:0:0|0:0:0|0:0:0|0:0:0|0:0:0|0:0:0|0:0:0|0:0:0","0:0:0|0:0:0|1:1:0|0:0:0|0:0:0|1:1:0|0:0:0|0:0:0|0:0:0|1:1:0|0:0:0|0:0:0|0:0:0|0:0:0|0:0:0|0:0:0|0:0:0|0:0:0|0:0:0|0:0:0|0:0:0|0:0:0|0:0:0|0:0:0|0:0:0|0:0:0|0:0:0|0:0:0|0:0:0|0:0:0|0:0:0|0:0:0|0:0:0|0:0:0|0:0:0|0:0:0|0:0:0|2:0:2|0:0:0|0:0:0|0:0:0|0:0:0|0:0:0|0:0:0|0:0:0|0:0:0|0:0:0|0:0:0|0:0:0","0:0:0|0:0:0|1:1:0|0:0:0|0:0:0|1:1:0|0:0:0|0:0:0|0:0:0|1:1:0|0:0:0|0:0:0|0:0:0|0:0:0|0:0:0|0:0:0|0:0:0|0:0:0|0:0:0|0:0:0|0:0:0|0:0:0|0:0:0|0:0:0|0:0:0|0:0:0|0:0:0|0:0:0|0:0:0|0:0:0|0:0:0|0:0:0|0:0:0|0:0:0|0:0:0|0:0:0|0:0:0|2:0:2|0:0:0|0:0:0|0:0:0|0:0:0|0:0:0|0:0:0|0:0:0|0:0:0|0:0:0|0:0:0|0:0:0"
"7x7","7x7-uct-1000","1000","1","8","0.166667","3","2","O33","MM","12","11","12","12","0","2","2","0","0","0","1","0","1","0:0:0|0:0:0|1:1:0|0:0:0|0:0:0|1:1:0|0:0:0|0:0:0|0:0:0|1:1:0|0:0:0|0:0:0|0:0:0|0:0:0|0:0:0|0:0:0|0:0:0|0:0:0|0:0:0|0:0:0|0:0:0|0:0:0|0:0:0|0:0:0|0:0:0|0:0:0|0:0:0|0:0:0|0:0:0|0:0:0|0:0:0|0:0:0|0:0:0|0:0:0|0:0:0|0:0:0|0:0:0|2:0:2|0:0:0|0:0:0|0:0:0|0:0:0|0:0:0|0:0:0|0:0:0|0:0:0|0:0:0|0:0:0|0:0:0","0:0:0|0:0:0|1:1:0|0:0:0|0:0:0|1:1:0|0:0:0|0:0:0|0:0:0|1:1:0|0:0:0|0:0:0|0:0:0|0:0:0|0:0:0|0:0:0|0:0:0|0:0:0|0:0:0|0:0:0|0:0:0|0:0:0|0:0:0|0:0:0|2:0:1|0:0:0|0:0:0|0:0:0|0:0:0|0:0:0|0:0:0|0:0:0|0:0:0|0:0:0|0:0:0|0:0:0|0:0:0|2:0:2|0:0:0|0:0:0|0:0:0|0:0:0|0:0:0|0:0:0|0:0:0|0:0:0|0:0:0|0:0:0|0:0:0","0:0:0|0:0:0|1:1:0|0:0:0|0:0:0|1:1:0|0:0:0|0:0:0|0:0:0|1:1:0|0:0:0|0:0:0|0:0:0|0:0:0|0:0:0|0:0:0|0:0:0|0:0:0|0:0:0|0:0:0|0:0:0|0:0:0|0:0:0|0:0:0|2:0:1|0:0:0|0:0:0|0:0:0|0:0:0|0:0:0|0:0:0|0:0:0|0:0:0|0:0:0|0:0:0|0:0:0|0:0:0|2:0:2|0:0:0|0:0:0|0:0:0|0:0:0|0:0:0|0:0:0|0:0:0|0:0:0|0:0:0|0:0:0|0:0:0"
"7x7","7x7-uct-1000","1000","1","9","0.187500","1","1","O45","MH","12","12","13","12","0","0","1","0","0","1","0","1","0","0:0:0|0:0:0|1:1:0|0:0:0|0:0:0|1:1:0|0:0:0|0:0:0|0:0:0|1:1:0|0:0:0|0:0:0|0:0:0|0:0:0|0:0:0|0:0:0|0:0:0|0:0:0|0:0:0|0:0:0|0:0:0|0:0:0|0:0:0|0:0:0|2:0:1|0:0:0|0:0:0|0:0:0|0:0:0|0:0:0|0:0:0|0:0:0|0:0:0|0:0:0|0:0:0|0:0:0|0:0:0|2:0:2|0:0:0|0:0:0|0:0:0|0:0:0|0:0:0|0:0:0|0:0:0|0:0:0|0:0:0|0:0:0|0:0:0","0:0:0|0:0:0|1:1:0|0:0:0|0:0:0|1:1:0|0:0:0|0:0:0|0:0:0|1:1:0|0:0:0|0:0:0|0:0:0|0:0:0|0:0:0|0:0:0|0:0:0|0:0:0|0:0:0|0:0:0|0:0:0|0:0:0|0:0:0|0:0:0|2:0:1|0:0:0|0:0:0|0:0:0|0:0:0|0:0:0|0:0:0|0:0:0|0:0:0|0:1:0|0:0:0|0:0:0|0:0:0|2:0:2|0:0:0|0:0:0|0:0:0|0:0:0|0:0:0|0:0:0|0:0:0|0:0:0|0:0:0|0:0:0|0:0:0","0:0:0|0:0:0|1:1:0|0:0:0|0:0:0|1:1:0|0:0:0|0:0:0|0:0:0|1:1:0|0:0:0|0:0:0|0:0:0|0:0:0|0:0:0|0:0:0|0:0:0|0:0:0|0:0:0|0:0:0|0:0:0|0:0:0|0:0:0|0:0:0|2:0:1|0:0:0|0:0:0|0:0:0|0:0:0|0:0:0|0:0:0|0:0:0|0:0:0|1:1:0|0:0:0|0:0:0|0:0:0|2:0:2|0:0:0|0:0:0|0:0:0|0:0:0|0:0:0|0:0:0|0:0:0|0:0:0|0:0:0|0:0:0|0:0:0"
"7x7","7x7-uct-1000","1000","1","10","0.208333","1","2","O20","ML","15","12","15","13","0","0","2","0","0","0","1","0","1","0:0:0|0:0:0|1:1:0|0:0:0|0:0:0|1:1:0|0:0:0|0:0:0|0:0:0|1:1:0|0:0:0|0:0:0|0:0:0|0:0:0|0:0:0|0:0:0|0:0:0|0:0:0|0:0:0|0:0:0|0:0:0|0:0:0|0:0:0|0:0:0|2:0:1|0:0:0|0:0:0|0:0:0|0:0:0|0:0:0|0:0:0|0:0:0|0:0:0|1:1:0|0:0:0|0:0:0|0:0:0|2:0:2|0:0:0|0:0:0|0:0:0|0:0:0|0:0:0|0:0:0|0:0:0|0:0:0|0:0:0|0:0:0|0:0:0","0:0:0|0:0:0|1:1:0|0:0:0|0:0:0|1:1:0|0:0:0|0:0:0|0:0:0|1:1:0|0:0:0|0:0:0|0:0:0|0:0:0|0:0:1|0:0:0|0:0:0|0:0:0|0:0:0|0:0:0|0:0:0|0:0:0|0:0:0|0:0:0|2:0:1|0:0:0|0:0:0|0:0:0|0:0:0|0:0:0|0:0:0|0:0:0|0:0:0|1:1:0|0:0:0|0:0:0|0:0:0|2:0:2|0:0:0|0:0:0|0:0:0|0:0:0|0:0:0|0:0:0|0:0:0|0:0:0|0:0:0|0:0:0|0:0:0","0:0:0|0:0:0|1:1:0|0:0:0|0:0:0|1:1:0|0:0:0|0:0:0|0:0:0|0:1:1|0:0:0|0:0:0|0:0:0|0:0:0|2:0:1|0:0:0|0:0:0|0:0:0|0:0:0|0:0:0|0:0:0|0:0:0|0:0:0|0:0:0|2:0:1|0:0:0|0:0:0|0:0:0|0:0:0|0:0:0|0:0:0|0:0:0|0:0:0|1:1:0|0:0:0|0:0:0|0:0:0|2:0:2|0:0:0|0:0:0|0:0:0|0:0:0|0:0:0|0:0:0|0:0:0|0:0:0|0:0:0|0:0:0|0:0:0"
"7x7","7x7-uct-1000","1000","1","10","0.208333","3","2","O12","LM","15","14","15","15","1","0","0","1","0","1","1","1","1","0:0:0|0:0:0|1:1:0|0:0:0|0:0:0|1:1:0|0:0:0|0:0:0|0:0:0|1:1:0|0:0:0|0:0:0|0:0:0|0:0:0|0:0:1|0:0:0|0:0:0|0:0:0|0:0:0|0:0:0|0:0:0|0:0:0|0:0:0|0:0:0|2:0:1|0:0:0|0:0:0|0:0:0|0:0:0|0:0:0|0:0:0|0:0:0|0:0:0|1:1:0|0:0:0|0:0:0|0:0:0|2:0:2|0:0:0|0:0:0|0:0:0|0:0:0|0:0:0|0:0:0|0:0:0|0:0:0|0:0:0|0:0:0|0:0:0","0:0:0|0:0:0|1:1:0|0:0:0|0:0:0|1:1:0|0:0:0|0:0:0|0:0:0|0:1:1|0:0:0|0:0:0|0:0:0|0:0:0|2:0:1|0:0:0|0:0:0|0:0:0|0:0:0|0:0:0|0:0:0|0:0:0|0:0:0|0:0:0|2:0:1|0:0:0|0:0:0|0:0:0|0:0:0|0:0:0|0:0:0|0:0:0|0:0:0|1:1:0|0:0:0|0:0:0|0:0:0|2:0:2|0:0:0|0:0:0|0:0:0|0:0:0|0:0:0|0:0:0|0:0:0|0:0:0|0:0:0|0:0:0|0:0:0","0:0:0|0:0:0|1:1:0|0:0:0|0:0:0|1:1:0|0:0:0|0:0:0|0:0:0|0:1:1|0:0:0|0:0:0|0:0:0|0:0:0|2:0:1|0:0:0|0:0:0|0:0:0|0:0:0|0:0:0|0:0:0|0:0:0|0:0:0|0:0:0|2:0:1|0:0:0|0:0:0|0:0:0|0:0:0|0:0:0|0:0:0|0:0:0|0:0:0|1:1:0|0:0:0|0:0:0|0:0:0|2:0:2|0:0:0|0:0:0|0:0:0|0:0:0|0:0:0|0:0:0|0:0:0|0:0:0|0:0:0|0:0:0|0:0:0"
"7x7","7x7-uct-1000","1000","1","12","0.250000","1","2","O00","LL","18","15","18","16","0","0","2","0","0","0","1","0","1","0:0:0|0:0:0|1:1:0|0:0:0|0:0:0|1:1:0|0:0:0|0:0:0|0:0:0|0:1:1|0:0:0|0:0:0|0:0:0|0:0:0|2:0:1|0:0:0|0:0:0|0:0:0|0:0:0|0:0:0|0:0:0|0:0:0|0:0:0|0:0:0|2:0:1|0:0:0|0:0:0|0:0:0|0:0:0|0:0:0|0:0:0|0:0:0|0:0:0|1:1:0|0:0:0|0:0:0|0:0:0|2:0:2|0:0:0|0:0:0|0:0:0|0:0:0|0:0:0|0:0:0|0:0:0|0:0:0|0:0:0|0:0:0|0:0:0","0:0:1|0:0:0|1:1:0|0:0:0|0:0:0|1:1:0|0:0:0|0:0:0|0:0:0|0:1:1|0:0:0|0:0:0|0:0:0|0:0:0|2:0:1|0:0:0|0:0:0|0:0:0|0:0:0|0:0:0|0:0:0|0:0:0|0:0:0|0:0:0|2:0:1|0:0:0|0:0:0|0:0:0|0:0:0|0:0:0|0:0:0|0:0:0|0:0:0|1:1:0|0:0:0|0:0:0|0:0:0|2:0:2|0:0:0|0:0:0|0:0:0|0:0:0|0:0:0|0:0:0|0:0:0|0:0:0|0:0:0|0:0:0|0:0:0","2:0:1|0:0:0|1:1:0|0:0:0|0:0:0|1:1:0|0:0:0|0:0:0|0:0:0|0:1:1|0:0:0|0:0:0|0:0:0|0:0:0|2:0:1|0:0:0|0:0:0|0:0:0|0:0:0|0:0:0|0:0:0|0:0:0|0:0:0|0:0:0|2:0:1|0:0:0|0:0:0|0:0:0|0:0:0|0:0:0|0:0:0|0:0:0|0:0:0|1:1:0|0:0:0|0:0:0|0:0:0|2:0:2|0:0:0|0:0:0|0:0:0|0:0:0|0:0:0|0:0:0|0:0:0|0:0:0|0:0:0|0:0:0|0:0:0"
"7x7","7x7-uct-1000","1000","1","13","0.270833","3","1","O64","HM","20","18","21","18","0","1","1","0","0","1","0","1","0","2:0:1|0:0:0|1:1:0|0:0:0|0:0:0|1:1:0|0:0:0|0:0:0|0:0:0|0:1:1|0:0:0|0:0:0|0:0:0|0:0:0|2:0:1|0:0:0|0:0:0|0:0:0|0:0:0|0:0:0|0:0:0|0:0:0|0:0:0|0:0:0|2:0:1|0:0:0|0:0:0|0:0:0|0:0:0|0:0:0|0:0:0|0:0:0|0:0:0|1:1:0|0:0:0|0:0:0|0:0:0|2:0:2|0:0:0|0:0:0|0:0:0|0:0:0|0:0:0|0:0:0|0:0:0|0:0:0|0:0:0|0:0:0|0:0:0","2:0:1|0:0:0|1:1:0|0:0:0|0:0:0|1:1:0|0:0:0|0:0:0|0:0:0|0:1:1|0:0:0|0:0:0|0:0:0|0:0:0|2:0:1|0:0:0|0:0:0|0:0:0|0:0:0|0:0:0|0:0:0|0:0:0|0:0:0|0:0:0|2:0:1|0:0:0|0:0:0|0:0:0|0:0:0|0:0:0|0:0:0|0:0:0|0:0:0|1:1:0|0:0:0|0:0:0|0:0:0|2:0:2|0:0:0|0:0:0|0:0:0|0:0:0|0:0:0|0:0:0|0:0:0|0:0:0|1:1:0|0:0:0|0:0:0","2:0:1|0:0:0|1:1:0|0:0:0|0:0:0|1:1:0|0:0:0|0:0:0|0:0:0|0:1:1|0:0:0|0:0:0|0:0:0|0:0:0|2:0:1|0:0:0|0:0:0|0:0:0|0:0:0|0:0:0|0:0:0|0:0:0|0:0:0|0:0:0|2:0:1|0:0:0|0:0:0|0:0:0|0:0:0|0:0:0|0:0:0|0:0:0|0:0:0|1:1:0|0:0:0|0:0:0|0:0:0|2:0:2|0:0:0|0:0:0|0:0:0|0:0:0|0:0:0|0:0:0|0:0:0|0:0:0|1:1:0|0:0:0|0:0:0"
"7x7","7x7-uct-1000","1000","1","14","0.291667","2","2","O53","HM","21","19","21","20","0","0","2","0","0","0","1","0","1","2:0:1|0:0:0|1:1:0|0:0:0|0:0:0|1:1:0|0:0:0|0:0:0|0:0:0|0:1:1|0:0:0|0:0:0|0:0:0|0:0:0|2:0:1|0:0:0|0:0:0|0:0:0|0:0:0|0:0:0|0:0:0|0:0:0|0:0:0|0:0:0|2:0:1|0:0:0|0:0:0|0:0:0|0:0:0|0:0:0|0:0:0|0:0:0|0:0:0|1:1:0|0:0:0|0:0:0|0:0:0|2:0:2|0:0:0|0:0:0|0:0:0|0:0:0|0:0:0|0:0:0|0:0:0|0:0:0|1:1:0|0:0:0|0:0:0","2:0:1|0:0:0|1:1:0|0:0:0|0:0:0|1:1:0|0:0:0|0:0:0|0:0:0|0:1:1|0:0:0|0:0:0|0:0:0|0:0:0|2:0:1|0:0:0|0:0:0|0:0:0|0:0:0|0:0:0|0:0:0|0:0:0|0:0:0|0:0:0|2:0:1|0:0:0|0:0:0|0:0:0|0:0:0|0:0:0|0:0:0|0:0:0|0:0:0|1:1:0|0:0:0|0:0:0|0:0:0|2:0:2|0:0:1|0:0:0|0:0:0|0:0:0|0:0:0|0:0:0|0:0:0|0:0:0|1:1:0|0:0:0|0:0:0","2:0:1|0:0:0|1:1:0|0:0:0|0:0:0|1:1:0|0:0:0|0:0:0|0:0:0|0:1:1|0:0:0|0:0:0|0:0:0|0:0:0|2:0:1|0:0:0|0:0:0|0:0:0|0:0:0|0:0:0|0:0:0|0:0:0|0:0:0|0:0:0|2:0:1|0:0:0|0:0:0|0:0:0|0:0:0|0:0:0|0:0:0|0:0:0|0:0:0|1:1:0|0:0:0|0:0:0|0:0:0|2:0:2|2:0:1|0:0:0|0:0:0|0:0:0|0:0:0|0:0:0|0:0:0|0:0:0|1:1:0|0:0:0|0:0:0"
"7x7","7x7-uct-1000","1000","1","15","0.312500","1","1","O14","LM","21","21","22","21","0","0","1","0","0","1","0","1","0","2:0:1|0:0:0|1:1:0|0:0:0|0:0:0|1:1:0|0:0:0|0:0:0|0:0:0|0:1:1|0:0:0|0:0:0|0:0:0|0:0:0|2:0:1|0:0:0|0:0:0|0:0:0|0:0:0|0:0:0|0:0:0|0:0:0|0:0:0|0:0:0|2:0:1|0:0:0|0:0:0|0:0:0|0:0:0|0:0:0|0:0:0|0:0:0|0:0:0|1:1:0|0:0:0|0:0:0|0:0:0|2:0:2|2:0:1|0:0:0|0:0:0|0:0:0|0:0:0|0:0:0|0:0:0|0:0:0|1:1:0|0:0:0|0:0:0","2:0:1|0:0:0|1:1:0|0:0:0|0:0:0|1:1:0|0:0:0|0:0:0|0:0:0|0:1:1|0:0:0|0:1:0|0:0:0|0:0:0|2:0:1|0:0:0|0:0:0|0:0:0|0:0:0|0:0:0|0:0:0|0:0:0|0:0:0|0:0:0|2:0:1|0:0:0|0:0:0|0:0:0|0:0:0|0:0:0|0:0:0|0:0:0|0:0:0|1:1:0|0:0:0|0:0:0|0:0:0|2:0:2|2:0:1|0:0:0|0:0:0|0:0:0|0:0:0|0:0:0|0:0:0|0:0:0|1:1:0|0:0:0|0:0:0","2:0:1|0:0:0|1:1:0|0:0:0|0:0:0|1:1:0|0:0:0|0:0:0|0:0:0|0:1:1|0:0:0|1:1:0|0:0:0|0:0:0|2:0:1|0:0:0|0:0:0|0:0:0|0:0:0|0:0:0|0:0:0|0:0:0|0:0:0|0:0:0|2:0:1|0:0:0|0:0:0|0:0:0|0:0:0|0:0:0|0:0:0|0:0:0|1:1:0|1:1:0|0:0:0|0:0:0|0:0:0|2:0:2|2:0:1|0:0:0|0:0:0|0:0:0|0:0:0|0:0:0|0:0:0|0:0:0|1:1:0|0:0:0|0:0:0"
"7x7","7x7-uct-1000","1000","1","15","0.312500","2","1","O44","MM","22","21","23","21","0","0","1","0","0","1","0","1","0","2:0:1|0:0:0|1:1:0|0:0:0|0:0:0|1:1:0|0:0:0|0:0:0|0:0:0|0:1:1|0:0:0|0:1:0|0:0:0|0:0:0|2:0:1|0:0:0|0:0:0|0:0:0|0:0:0|0:0:0|0:0:0|0:0:0|0:0:0|0:0:0|2:0:1|0:0:0|0:0:0|0:0:0|0:0:0|0:0:0|0:0:0|0:0:0|0:0:0|1:1:0|0:0:0|0:0:0|0:0:0|2:0:2|2:0:1|0:0:0|0:0:0|0:0:0|0:0:0|0:0:0|0:0:0|0:0:0|1:1:0|0:0:0|0:0:0","2:0:1|0:0:0|1:1:0|0:0:0|0:0:0|1:1:0|0:0:0|0:0:0|0:0:0|0:1:1|0:0:0|0:1:0|0:0:0|0:0:0|2:0:1|0:0:0|0:0:0|0:0:0|0:0:0|0:0:0|0:0:0|0:0:0|0:0:0|0:0:0|2:0:1|0:0:0|0:0:0|0:0:0|0:0:0|0:0:0|0:0:0|0:0:0|0:1:0|1:1:0|0:0:0|0:0:0|0:0:0|2:0:2|2:0:1|0:0:0|0:0:0|0:0:0|0:0:0|0:0:0|0:0:0|0:0:0|1:1:0|0:0:0|0:0:0","2:0:1|0:0:0|1:1:0|0:0:0|0:0:0|1:1:0|0:0:0|0:0:0|0:0:0|0:1:1|0:0:0|1:1:0|0:0:0|0:0:0|2:0:1|0:0:0|0:0:0|0:0:0|0:0:0|0:0:0|0:0:0|0:0:0|0:0:0|0:0:0|2:0:1|0:0:0|0:0:0|0:0:0|0:0:0|0:0:0|0:0:0|0:0:0|1:1:0|1:1:0|0:0:0|0:0:0|0:0:0|2:0:2|2:0:1|0:0:0|0:0:0|0:0:0|0:0:0|0:0:0|0:0:0|0:0:0|1:1:0|0:0:0|0:0:0"
"7x7","7x7-uct-1000","1000","1","16","0.333333","3","2","O36","MH","24","23","24","24","0","2","2","0","0","0","1","0","1","2:0:1|0:0:0|1:1:0|0:0:0|0:0:0|1:1:0|0:0:0|0:0:0|0:0:0|0:1:1|0:0:0|1:1:0|0:0:0|0:0:0|2:0:1|0:0:0|0:0:0|0:0:0|0:0:0|0:0:0|0:0:0|0:0:0|0:0:0|0:0:0|2:0:1|0:0:0|0:0:0|0:0:0|0:0:0|0:0:0|0:0:0|0:0:0|1:1:0|1:1:0|0:0:0|0:0:0|0:0:0|2:0:2|2:0:1|0:0:0|0:0:0|0:0:0|0:0:0|0:0:0|0:0:0|0:0:0|1:1:0|0:0:0|0:0:0","2:0:1|0:0:0|1:1:0|0:0:0|0:0:0|1:1:0|0:0:0|0:0:0|0:0:0|0:1:1|0:0:0|1:1:0|0:0:0|0:0:0|2:0:1|0:0:0|0:0:0|0:0:0|0:0:0|0:0:0|0:0:0|0:0:0|0:0:0|0:0:0|2:0:1|0:0:0|0:0:0|2:0:1|0:0:0|0:0:0|0:0:0|0:0:0|1:1:0|1:1:0|0:0:0|0:0:0|0:0:0|2:0:2|2:0:1|0:0:0|0:0:0|0:0:0|0:0:0|0:0:0|0:0:0|0:0:0|1:1:0|0:0:0|0:0:0","2:0:1|0:0:0|1:1:0|0:0:0|0:0:0|1:1:0|0:0:0|0:0:0|0:0:0|0:1:1|0:0:0|1:1:0|0:0:0|0:0:0|2:0:1|0:0:0|0:0:0|0:0:0|0:0:0|0:0:0|0:0:0|0:0:0|0:0:0|0:0:0|2:0:1|0:0:0|0:0:0|2:0:1|0:0:0|0:0:0|0:0:0|0:0:0|1:1:0|1:1:0|0:0:0|0:0:0|0:0:0|2:0:2|2:0:1|0:0:0|0:0:0|0:0:0|0:0:0|0:0:0|0:0:0|0:0:0|1:1:0|0:0:0|0:0:0"
"7x7","7x7-uct-1000","1000","1","17","0.354167","1","1","O61","HL","24","24","25","24","0","0","1","0","0","1","0","1","0","2:0:1|0:0:0|1:1:0|0:0:0|0:0:0|1:1:0|0:0:0|0:0:0|0:0:0|0:1:1|0:0:0|1:1:0|0:0:0|0:0:0|2:0:1|0:0:0|0:0:0|0:0:0|0:0:0|0:0:0|0:0:0|0:0:0|0:0:0|0:0:0|2:0:1|0:0:0|0:0:0|2:0:1|0:0:0|0:0:0|0:0:0|0:0:0|1:1:0|1:1:0|0:0:0|0:0:0|0:0:0|2:0:2|2:0:1|0:0:0|0:0:0|0:0:0|0:0:0|0:0:0|0:0:0|0:0:0|1:1:0|0:0:0|0:0:0","2:0:1|0:0:0|1:1:0|0:0:0|0:0:0|1:1:0|0:0:0|0:0:0|0:0:0|0:1:1|0:0:0|1:1:0|0:0:0|0:0:0|2:0:1|0:0:0|0:0:0|0:0:0|0:0:0|0:0:0|0:0:0|0:0:0|0:0:0|0:0:0|2:0:1|0:0:0|0:0:0|2:0:1|0:0:0|0:0:0|0:0:0|0:0:0|1:1:0|1:1:0|0:0:0|0:0:0|0:0:0|2:0:2|2:0:1|0:0:0|0:0:0|0:0:0|0:0:0|0:1:0|0:0:0|0:0:0|1:1:0|0:0:0|0:0:0","2:0:1|0:0:0|1:1:0|0:0:0|0:0:0|1:2:0|0:0:0|0:0:0|0:0:0|0:1:1|0:0:0|1:1:0|0:0:0|0:0:0|2:0:1|0:0:0|0:0:0|0:0:0|0:0:0|0:0:0|0:0:0|0:0:0|0:0:0|0:0:0|2:0:1|0:0:0|0:0:0|2:0:1|0:0:0|0:0:0|0:0:0|0:0:0|1:1:0|1:1:0|0:0:0|0:0:0|0:0:0|2:1:2|2:0:1|0:0:0|0:0:0|0:0:0|0:0:0|1:1:0|0:0:0|0:0:0|1:1:0|0:0:0|0:0:0"
"7x7","7x7-uct-1000","1000","1","17","0.354167","2","1","O52","HM","25","24","26","24","2","2","2","0","2","1","2","1","2","2:0:1|0:0:0|1:1:0|0:0:0|0:0:0|1:1:0|0:0:0|0:0:0|0:0:0|0:1:1|0:0:0|1:1:0|0:0:0|0:0:0|2:0:1|0:0:0|0:0:0|0:0:0|0:0:0|0:0:0|0:0:0|0:0:0|0:0:0|0:0:0|2:0:1|0:0:0|0:0:0|2:0:1|0:0:0|0:0:0|0:0:0|0:0:0|1:1:0|1:1:0|0:0:0|0:0:0|0:0:0|2:0:2|2:0:1|0:0:0|0:0:0|0:0:0|0:0:0|0:1:0|0:0:0|0:0:0|1:1:0|0:0:0|0:0:0","2:0:1|0:0:0|1:1:0|0:0:0|0:0:0|1:1:0|0:0:0|0:0:0|0:0:0|0:1:1|0:0:0|1:1:0|0:0:0|0:0:0|2:0:1|0:0:0|0:0:0|0:0:0|0:0:0|0:0:0|0:0:0|0:0:0|0:0:0|0:0:0|2:0:1|0:0:0|0:0:0|2:0:1|0:0:0|0:0:0|0:0:0|0:0:0|1:1:0|1:1:0|0:0:0|0:0:0|0:0:0|2:1:2|2:0:1|0:0:0|0:0:0|0:0:0|0:0:0|0:1:0|0:0:0|0:0:0|1:1:0|0:0:0|0:0:0","2:0:1|0:0:0|1:1:0|0:0:0|0:0:0|1:2:0|0:0:0|0:0:0|0:0:0|0:1:1|0:0:0|1:1:0|0:0:0|0:0:0|2:0:1|0:0:0|0:0:0|0:0:0|0:0:0|0:0:0|0:0:0|0:0:0|0:0:0|0:0:0|2:0:1|0:0:0|0:0:0|2:0:1|0:0:0|0:0:0|0:0:0|0:0:0|1:1:0|1:1:0|0:0:0|0:0:0|0:0:0|2:1:2|2:0:1|0:0:0|0:0:0|0:0:0|0:0:0|1:1:0|0:0:0|0:0:0|1:1:0|0:0:0|0:0:0"
"7x7","7x7-uct-1000","1000","1","17","0.354167","3","1","O05","LH","26","24","27","24","1","1","1","1","0","2","0","2","0","2:0:1|0:0:0|1:1:0|0:0:0|0:0:0|1:1:0|0:0:0|0:0:0|0:0:0|0:1:1|0:0:0|1:1:0|0:0:0|0:0:0|2:0:1|0:0:0|0:0:0|0:0:0|0:0:0|0:0:0|0:0:0|0:0:0|0:0:0|0:0:0|2:0:1|0:0:0|0:0:0|2:0:1|0:0:0|0:0:0|0:0:0|0:0:0|1:1:0|1:1:0|0:0:0|0:0:0|0:0:0|2:1:2|2:0:1|0:0:0|0:0:0|0:0:0|0:0:0|0:1:0|0:0:0|0:0:0|1:1:0|0:0:0|0:0:0","2:0:1|0:0:0|1:1:0|0:0:0|0:0:0|1:2:0|0:0:0|0:0:0|0:0:0|0:1:1|0:0:0|1:1:0|0:0:0|0:0:0|2:0:1|0:0:0|0:0:0|0:0:0|0:0:0|0:0:0|0:0:0|0:0:0|0:0:0|0:0:0|2:0:1|0:0:0|0:0:0|2:0:1|0:0:0|0:0:0|0:0:0|0:0:0|1:1:0|1:1:0|0:0:0|0:0:0|0:0:0|2:1:2|2:0:1|0:0:0|0:0:0|0:0:0|0:0:0|1:1:0|0:0:0|0:0:0|1:1:0|0:0:0|0:0:0","2:0:1|0:0:0|1:1:0|0:0:0|0:0:0|1:2:0|0:0:0|0:0:0|0:0:0|0:1:1|0:0:0|1:1:0|0:0:0|0:0:0|2:0:1|0:0:0|0:0:0|0:0:0|0:0:0|0:0:0|0:0:0|0:0:0|0:0:0|0:0:0|2:0:1|0:0:0|0:0:0|2:0:1|0:0:0|0:0:0|0:0:0|0:0:0|1:1:0|1:1:0|0:0:0|0:0:0|0:0:0|2:1:2|2:0:1|0:0:0|0:0:0|0:0:0|0:0:0|1:1:0|0:0:0|0:0:0|1:1:0|0:0:0|0:0:0"
"7x7","7x7-uct-1000","1000","1","18","0.375000","2","2","O45","MH","27","25","27","26","1","1","0","1","0","1","1","1","1","2:0:1|0:0:0|1:1:0|0:0:0|0:0:0|1:2:0|0:0:0|0:0:0|0:0:0|0:1:1|0:0:0|1:1:0|0:0:0|0:0:0|2:0:1|0:0:0|0:0:0|0:0:0|0:0:0|0:0:0|0:0:0|0:0:0|0:0:0|0:0:0|2:0:1|0:0:0|0:0:0|2:0:1|0:0:0|0:0:0|0:0:0|0:0:0|1:1:0|1:1:0|0:0:0|0:0:0|0:0:0|2:1:2|2:0:1|0:0:0|0:0:0|0:0:0|0:0:0|1:1:0|0:0:0|0:0:0|1:1:0|0:0:0|0:0:0","2:0:1|0:0:0|1:1:0|0:0:0|0:0:0|1:2:0|0:0:0|0:0:0|0:0:0|0:1:1|0:0:0|1:1:0|0:0:0|0:0:0|2:0:1|0:0:0|0:0:0|0:0:0|0:0:0|0:0:0|0:0:0|0:0:0|0:0:0|0:0:0|2:0:1|0:0:0|0:0:0|2:0:1|0:0:0|0:0:0|0:0:0|0:0:0|1:1:0|1:1:1|0:0:0|0:0:0|0:0:0|2:1:2|2:0:1|0:0:0|0:0:0|0:0:0|0:0:0|1:1:0|0:0:0|0:0:0|1:1:0|0:0:0|0:0:0","2:0:1|0:0:0|1:1:0|0:0:0|0:0:0|1:2:0|0:0:0|0:0:0|0:0:0|0:1:1|0:0:0|1:1:0|0:0:0|0:0:0|2:0:1|0:0:0|0:0:0|0:0:0|0:0:0|0:0:0|0:0:0|0:0:0|0:0:0|0:0:0|2:0:1|0:0:0|0:0:0|2:0:1|0:0:0|0:0:0|0:0:0|0:0:0|1:1:0|0:1:1|0:0:0|0:0:0|0:0:0|2:1:2|2:0:1|0:0:0|0:0:0|0:0:0|0:0:0|1:1:0|0:0:0|0:0:0|1:1:0|0:0:0|0:0:0"
"7x7","7x7-uct-1000","1000","1","19","0.395833","2","1","O44","MM","28","27","29","27","1","1","1","1","0","2","0","2","0","2:0:1|0:0:0|1:1:0|0:0:0|0:0:0|1:2:0|0:0:0|0:0:0|0:0:0|0:1:1|0:0:0|1:1:0|0:0:0|0:0:0|2:0:1|0:0:0|0:0:0|0:0:0|0:0:0|0:0:0|0:0:0|0:0:0|0:0:0|0:0:0|2:0:1|0:0:0|0:0:0|2:0:1|0:0:0|0:0:0|0:0:0|0:0:0|1:1:0|0:1:1|0:0:0|0:0:0|0:0:0|2:1:2|2:0:1|0:0:0|0:0:0|0:0:0|0:0:0|1:1:0|0:0:0|0:0:0|1:1:0|0:0:0|0:0:0","2:0:1|0:0:0|1:1:0|0:0:0|0:0:0|1:2:0|0:0:0|0:0:0|0:0:0|0:1:1|0:0:0|1:1:0|0:0:0|0:0:0|2:0:1|0:0:0|0:0:0|0:0:0|0:0:0|0:0:0|0:0:0|0:0:0|0:0:0|0:0:0|2:0:1|0:0:0|0:0:0|2:0:1|0:0:0|0:0:0|0:0:0|0:0:0|1:2:0|0:1:1|0:0:0|0:0:0|0:0:0|2:1:2|2:0:1|0:0:0|0:0:0|0:0:0|0:0:0|1:1:0|0:0:0|0:0:0|1:1:0|0:0:0|0:0:0","2:0:1|0:0:0|1:1:0|0:0:0|0:0:0|1:2:0|0:0:0|0:0:0|0:0:0|0:1:1|0:0:0|1:1:0|0:0:0|0:0:0|2:0:1|0:0:0|0:0:0|0:0:0|0:0:0|0:0:0|0:0:0|0:0:0|0:0:0|0:0:0|2:0:1|0:0:0|0:0:0|2:0:1|0:0:0|0:0:0|0:0:0|0:0:0|1:2:0|0:1:1|0:0:0|0:0:0|0:0:0|0:2:2|2:0:1|0:0:0|0:0:0|0:0:0|0:0:0|1:1:0|0:0:0|0:0:0|1:1:0|0:0:0|0:0:0"
"7x7","7x7-uct-1000","1000","1","19","0.395833","3","1","O52","HM","29","27","30","27","2","0","0","1","2","2","2","2","2","2:0:1|0:0:0|1:1:0|0:0:0|0:0:0|1:2:0|0:0:0|0:0:0|0:0:0|0:1:1|0:0:0|1:1:0|0:0:0|0:0:0|2:0:1|0:0:0|0:0:0|0:0:0|0:0:0|0:0:0|0:0:0|0:0:0|0:0:0|0:0:0|2:0:1|0:0:0|0:0:0|2:0:1|0:0:0|0:0:0|0:0:0|0:0:0|1:2:0|0:1:1|0:0:0|0:0:0|0:0:0|2:1:2|2:0:1|0:0:0|0:0:0|0:0:0|0:0:0|1:1:0|0:0:0|0:0:0|1:1:0|0:0:0|0:0:0","2:0:1|0:0:0|1:1:0|0:0:0|0:0:0|1:2:0|0:0:0|0:0:0|0:0:0|0:1:1|0:0:0|1:1:0|0:0:0|0:0:0|2:0:1|0:0:0|0:0:0|0:0:0|0:0:0|0:0:0|0:0:0|0:0:0|0:0:0|0:0:0|2:0:1|0:0:0|0:0:0|2:0:1|0:0:0|0:0:0|0:0:0|0:0:0|1:2:0|0:1:1|0:0:0|0:0:0|0:0:0|0:2:2|2:0:1|0:0:0|0:0:0|0:0:0|0:0:0|1:1:0|0:0:0|0:0:0|1:1:0|0:0:0|0:0:0","2:0:1|0:0:0|1:1:0|0:0:0|0:0:0|1:2:0|0:0:0|0:0:0|0:0:0|0:1:1|0:0:0|1:1:0|0:0:0|0:0:0|2:0:1|0:0:0|0:0:0|0:0:0|0:0:0|0:0:0|0:0:0|0:0:0|0:0:0|0:0:0|2:0:1|0:0:0|0:0:0|2:0:1|0:0:0|0:0:0|0:0:0|0:0:0|1:2:0|0:1:1|0:0:0|0:0:0|0:0:0|0:2:2|2:0:1|0:0:0|0:0:0|0:0:0|0:0:0|1:1:0|0:0:0|0:0:0|1:1:0|0:0:0|0:0:0"
"7x7","7x7-uct-1000","1000","1","20","0.416667","2","2","O12","LM","30","28","30","29","0","0","2","1","1","1","2","1","2","2:0:1|0:0:0|1:1:0|0:0:0|0:0:0|1:2:0|0:0:0|0:0:0|0:0:0|0:1:1|0:0:0|1:1:0|0:0:0|0:0:0|2:0:1|0:0:0|0:0:0|0:0:0|0:0:0|0:0:0|0:0:0|0:0:0|0:0:0|0:0:0|2:0:1|0:0:0|0:0:0|2:0:1|0:0:0|0:0:0|0:0:0|0:0:0|1:2:0|0:1:1|0:0:0|0:0:0|0:0:0|0:2:2|2:0:1|0:0:0|0:0:0|0:0:0|0:0:0|1:1:0|0:0:0|0:0:0|1:1:0|0:0:0|0:0:0","2:0:1|0:0:0|1:1:0|0:0:0|0:0:0|1:2:0|0:0:0|0:0:0|0:0:0|0:1:2|0:0:0|1:1:0|0:0:0|0:0:0|2:0:1|0:0:0|0:0:0|0:0:0|0:0:0|0:0:0|0:0:0|0:0:0|0:0:0|0:0:0|2:0:1|0:0:0|0:0:0|2:0:1|0:0:0|0:0:0|0:0:0|0:0:0|1:2:0|0:1:1|0:0:0|0:0:0|0:0:0|0:2:2|2:0:1|0:0:0|0:0:0|0:0:0|0:0:0|1:1:0|0:0:0|0:0:0|1:1:0|0:0:0|0:0:0","2:0:1|0:0:0|1:1:0|0:0:0|0:0:0|1:2:0|0:0:0|0:0:0|0:0:0|2:1:2|0:0:0|1:1:0|0:0:0|0:0:0|2:0:1|0:0:0|0:0:0|0:0:0|0:0:0|0:0:0|0:0:0|0:0:0|0:0:0|0:0:0|2:0:1|0:0:0|0:0:0|2:0:1|0:0:0|0:0:0|0:0:0|0:0:0|1:2:0|2:1:2|0:0:0|0:0:0|0:0:0|0:2:2|2:0:1|0:0:0|0:0:0|0:0:0|0:0:0|1:1:0|0:0:0|0:0:0|1:1:0|0:0:0|0:0:0"
"7x7","7x7-uct-1000","1000","1","20","0.416667","3","2","O45","MH","30","29","30","30","0","2","2","1","1","1","2","1","2","2:0:1|0:0:0|1:1:0|0:0:0|0:0:0|1:2:0|0:0:0|0:0:0|0:0:0|0:1:2|0:0:0|1:1:0|0:0:0|0:0:0|2:0:1|0:0:0|0:0:0|0:0:0|0:0:0|0:0:0|0:0:0|0:0:0|0:0:0|0:0:0|2:0:1|0:0:0|0:0:0|2:0:1|0:0:0|0:0:0|0:0:0|0:0:0|1:2:0|0:1:1|0:0:0|0:0:0|0:0:0|0:2:2|2:0:1|0:0:0|0:0:0|0:0:0|0:0:0|1:1:0|0:0:0|0:0:0|1:1:0|0:0:0|0:0:0","2:0:1|0:0:0|1:1:0|0:0:0|0:0:0|1:2:0|0:0:0|0:0:0|0:0:0|2:1:2|0:0:0|1:1:0|0:0:0|0:0:0|2:0:1|0:0:0|0:0:0|0:0:0|0:0:0|0:0:0|0:0:0|0:0:0|0:0:0|0:0:0|2:0:1|0:0:0|0:0:0|2:0:1|0:0:0|0:0:0|0:0:0|0:0:0|1:2:0|2:1:2|0:0:0|0:0:0|0:0:0|0:2:2|2:0:1|0:0:0|0:0:0|0:0:0|0:0:0|1:1:0|0:0:0|0:0:0|1:1:0|0:0:0|0:0:0","2:0:1|0:0:0|1:1:0|0:0:0|0:0:0|1:2:0|0:0:0|0:0:0|0:0:0|2:1:2|0:0:0|1:1:0|0:0:0|0:0:0|2:0:1|0:0:0|0:0:0|0:0:0|0:0:0|0:0:0|0:0:0|0:0:0|0:0:0|0:0:0|2:0:1|0:0:0|0:0:0|2:0:1|0:0:0|0:0:0|0:0:0|0:0:0|1:2:0|2:1:2|0:0:0|0:0:0|0:0:0|0:2:2|2:0:1|0:0:0|0:0:0|0:0:0|0:0:0|1:1:0|0:0:0|0:0:0|1:1:0|0:0:0|0:0:0"
"7x7","7x7-uct-1000","1000","1","21","0.437500","1","1","O52","HM","30","30","31","30","0","0","3","2","2","3","2","3","2","2:0:1|0:0:0|1:1:0|0:0:0|0:0:0|1:2:0|0:0:0|0:0:0|0:0:0|2:1:2|0:0:0|1:1:0|0:0:0|0:0:0|2:0:1|0:0:0|0:0:0|0:0:0|0:0:0|0:0:0|0:0:0|0:0:0|0:0:0|0:0:0|2:0:1|0:0:0|0:0:0|2:0:1|0:0:0|0:0:0|0:0:0|0:0:0|1:2:0|2:1:2|0:0:0|0:0:0|0:0:0|0:2:2|2:0:1|0:0:0|0:0:0|0:0:0|0:0:0|1:1:0|0:0:0|0:0:0|1:1:0|0:0:0|0:0:0","2:0:1|0:0:0|1:1:0|0:0:0|0:0:0|1:2:0|0:0:0|0:0:0|0:0:0|2:1:2|0:0:0|1:1:0|0:0:0|0:0:0|2:0:1|0:0:0|0:0:0|0:0:0|0:0:0|0:0:0|0:0:0|0:0:0|0:0:0|0:0:0|2:0:1|0:0:0|0:0:0|2:0:1|0:0:0|0:0:0|0:0:0|0:0:0|1:2:0|2:1:2|0:0:0|0:0:0|0:0:0|0:3:2|2:0:1|0:0:0|0:0:0|0:0:0|0:0:0|1:1:0|0:0:0|0:0:0|1:1:0|0:0:0|0:0:0","2:0:1|0:0:0|1:1:0|0:0:0|0:0:0|1:2:0|0:0:0|0:0:0|0:0:0|2:1:2|0:0:0|1:1:0|0:0:0|0:0:0|2:0:1|0:0:0|0:0:0|0:0:0|0:0:0|0:0:0|0:0:0|0:0:0|0:0:0|0:0:0|2:0:1|0:0:0|0:0:0|2:0:1|0:0:0|0:0:0|0:0:0|0:0:0|1:2:0|2:1:2|0:0:0|0:0:0|0:0:0|3:3:2|2:0:1|0:0:0|0:0:0|0:0:0|0:0:0|1:1:0|0:0:0|0:0:0|1:1:0|0:0:0|0:0:0"
"7x7","7x7-uct-1000","1000","1","22","0.458333","1","2","O62","HM","33","30","33","31","0","0","2","0","0","0","1","0","2","2:0:1|0:0:0|1:1:0|0:0:0|0:0:0|1:2:0|0:0:0|0:0:0|0:0:0|2:1:2|0:0:0|1:1:0|0:0:0|0:0:0|2:0:1|0:0:0|0:0:0|0:0:0|0:0:0|0:0:0|0:0:0|0:0:0|0:0:0|0:0:0|2:0:1|0:0:0|0:0:0|2:0:1|0:0:0|0:0:0|0:0:0|0:0:0|1:2:0|2:1:2|0:0:0|0:0:0|0:0:0|3:3:2|2:0:1|0:0:0|0:0:0|0:0:0|0:0:0|1:1:0|0:0:0|0:0:0|1:1:0|0:0:0|0:0:0","2:0:1|0:0:0|1:1:0|0:0:0|0:0:0|1:2:0|0:0:0|0:0:0|0:0:0|2:1:2|0:0:0|1:1:0|0:0:0|0:0:0|2:0:1|0:0:0|0:0:0|0:0:0|0:0:0|0:0:0|0:0:0|0:0:0|0:0:0|0:0:0|2:0:1|0:0:0|0:0:0|2:0:1|0:0:0|0:0:0|0:0:0|0:0:0|1:2:0|2:1:2|0:0:0|0:0:0|0:0:0|3:3:2|2:0:1|0:0:0|0:0:0|0:0:0|0:0:0|1:1:0|0:0:1|0:0:0|1:1:0|0:0:0|0:0:0","2:0:1|0:0:0|1:1:0|0:0:0|0:0:0|1:2:0|0:0:0|0:0:0|0:0:0|2:1:2|0:0:0|1:1:0|0:0:0|0:0:0|2:0:1|0:0:0|0:0:0|0:0:0|0:0:0|0:0:0|0:0:0|0:0:0|0:0:0|0:0:0|2:0:1|0:0:0|0:0:0|2:0:1|0:0:0|0:0:0|0:0:0|0:0:0|1:2:0|4:1:3|0:0:0|0:0:0|0:0:0|3:3:2|2:0:1|0:0:0|0:0:0|0:0:0|0:0:0|1:1:0|2:0:2|0:0:0|1:1:0|0:0:0|0:0:0"
"7x7","7x7-uct-1000","1000","1","22","0.458333","2","2","O62","HM","33","31","33","32","0","0","2","0","1","0","2","0","2","2:0:1|0:0:0|1:1:0|0:0:0|0:0:0|1:2:0|0:0:0|0:0:0|0:0:0|2:1:2|0:0:0|1:1:0|0:0:0|0:0:0|2:0:1|0:0:0|0:0:0|0:0:0|0:0:0|0:0:0|0:0:0|0:0:0|0:0:0|0:0:0|2:0:1|0:0:0|0:0:0|2:0:1|0:0:0|0:0:0|0:0:0|0:0:0|1:2:0|2:1:2|0:0:0|0:0:0|0:0:0|3:3:2|2:0:1|0:0:0|0:0:0|0:0:0|0:0:0|1:1:0|0:0:1|0:0:0|1:1:0|0:0:0|0:0:0","2:0:1|0:0:0|1:1:0|0:0:0|0:0:0|1:2:0|0:0:0|0:0:0|0:0:0|2:1:2|0:0:0|1:1:0|0:0:0|0:0:0|2:0:1|0:0:0|0:0:0|0:0:0|0:0:0|0:0:0|0:0:0|0:0:0|0:0:0|0:0:0|2:0:1|0:0:0|0:0:0|2:0:1|0:0:0|0:0:0|0:0:0|0:0:0|1:2:0|2:1:2|0:0:0|0:0:0|0:0:0|3:3:2|2:0:1|0:0:0|0:0:0|0:0:0|0:0:0|1:1:0|0:0:2|0:0:0|1:1:0|0:0:0|0:0:0","2:0:1|0:0:0|1:1:0|0:0:0|0:0:0|1:2:0|0:0:0|0:0:0|0:0:0|2:1:2|0:0:0|1:1:0|0:0:0|0:0:0|2:0:1|0:0:0|0:0:0|0:0:0|0:0:0|0:0:0|0:0:0|0:0:0|0:0:0|0:0:0|2:0:1|0:0:0|0:0:0|2:0:1|0:0:0|0:0:0|0:0:0|0:0:0|1:2:0|4:1:3|0:0:0|0:0:0|0:0:0|3:3:2|2:0:1|0:0:0|0:0:0|0:0:0|0:0:0|1:1:0|2:0:2|0:0:0|1:1:0|0:0:0|0:0:0"
"7x7","7x7-uct-1000","1000","1","22","0.458333","3","2","O45","MH","33","32","33","33","2","4","4","1","2","1","3","1","3","2:0:1|0:0:0|1:1:0|0:0:0|0:0:0|1:2:0|0:0:0|0:0:0|0:0:0|2:1:2|0:0:0|1:1:0|0:0:0|0:0:0|2:0:1|0:0:0|0:0:0|0:0:0|0:0:0|0:0:0|0:0:0|0:0:0|0:0:0|0:0:0|2:0:1|0:0:0|0:0:0|2:0:1|0:0:0|0:0:0|0:0:0|0:0:0|1:2:0|2:1:2|0:0:0|0:0:0|0:0:0|3:3:2|2:0:1|0:0:0|0:0:0|0:0:0|0:0:0|1:1:0|0:0:2|0:0:0|1:1:0|0:0:0|0:0:0","2:0:1|0:0:0|1:1:0|0:0:0|0:0:0|1:2:0|0:0:0|0:0:0|0:0:0|2:1:2|0:0:0|1:1:0|0:0:0|0:0:0|2:0:1|0:0:0|0:0:0|0:0:0|0:0:0|0:0:0|0:0:0|0:0:0|0:0:0|0:0:0|2:0:1|0:0:0|0:0:0|2:0:1|0:0:0|0:0:0|0:0:0|0:0:0|1:2:0|4:1:3|0:0:0|0:0:0|0:0:0|3:3:2|2:0:1|0:0:0|0:0:0|0:0:0|0:0:0|1:1:0|2:0:2|0:0:0|1:1:0|0:0:0|0:0:0","2:0:1|0:0:0|1:1:0|0:0:0|0:0:0|1:2:0|0:0:0|0:0:0|0:0:0|2:1:2|0:0:0|1:1:0|0:0:0|0:0:0|2:0:1|0:0:0|0:0:0|0:0:0|0:0:0|0:0:0|0:0:0|0:0:0|0:0:0|0:0:0|2:0:1|0:0:0|0:0:0|2:0:1|0:0:0|0:0:0|0:0:0|0:0:0|1:2:0|4:1:3|0:0:0|0:0:0|0:0:0|3:3:2|2:0:1|0:0:0|0:0:0|0:0:0|0:0:0|1:1:0|2:0:2|0:0:0|1:1:0|0:0:0|0:0:0"
"7x7","7x7-uct-1000","1000","1","23","0.479167","1","1","O42","MM","33","33","34","33","0","0","1","0","0","1","0","1","0","2:0:1|0:0:0|1:1:0|0:0:0|0:0:0|1:2:0|0:0:0|0:0:0|0:0:0|2:1:2|0:0:0|1:1:0|0:0:0|0:0:0|2:0:1|0:0:0|0:0:0|0:0:0|0:0:0|0:0:0|0:0:0|0:0:0|0:0:0|0:0:0|2:0:1|0:0:0|0:0:0|2:0:1|0:0:0|0:0:0|0:0:0|0:0:0|1:2:0|4:1:3|0:0:0|0:0:0|0:0:0|3:3:2|2:0:1|0:0:0|0:0:0|0:0:0|0:0:0|1:1:0|2:0:2|0:0:0|1:1:0|0:0:0|0:0:0","2:0:1|0:0:0|1:1:0|0:0:0|0:0:0|1:2:0|0:0:0|0:0:0|0:0:0|2:1:2|0:0:0|1:1:0|0:0:0|0:0:0|2:0:1|0:0:0|0:0:0|0:0:0|0:0:0|0:0:0|0:0:0|0:0:0|0:0:0|0:0:0|2:0:1|0:0:0|0:0:0|2:0:1|0:0:0|0:0:0|0:1:0|0:0:0|1:2:0|4:1:3|0:0:0|0:0:0|0:0:0|3:3:2|2:0:1|0:0:0|0:0:0|0:0:0|0:0:0|1:1:0|2:0:2|0:0:0|1:1:0|0:0:0|0:0:0","2:0:1|0:0:0|1:1:0|0:0:0|0:0:0|1:2:0|0:0:0|0:0:0|0:0:0|2:1:2|0:0:0|1:1:0|0:0:0|0:0:0|2:0:1|0:0:0|0:0:0|0:0:0|0:0:0|0:0:0|0:0:0|0:0:0|0:0:0|0:0:0|2:0:1|0:0:0|0:0:0|2:0:1|0:0:0|0:0:0|1:1:0|0:0:0|1:2:0|4:1:3|0:0:0|0:0:0|0:0:0|3:3:2|2:0:1|0:0:0|0:0:0|1:1:0|0:0:0|1:1:0|2:0:2|0:0:0|1:1:0|0:0:0|0:0:0"
"7x7","7x7-uct-1000","1000","1","23","0.479167","2","1","O56","HH","34","33","35","33","0","0","1","0","0","1","0","1","0","2:0:1|0:0:0|1:1:0|0:0:0|0:0:0|1:2:0|0:0:0|0:0:0|0:0:0|2:1:2|0:0:0|1:1:0|0:0:0|0:0:0|2:0:1|0:0:0|0:0:0|0:0:0|0:0:0|0:0:0|0:0:0|0:0:0|0:0:0|0:0:0|2:0:1|0:0:0|0:0:0|2:0:1|0:0:0|0:0:0|0:1:0|0:0:0|1:2:0|4:1:3|0:0:0|0:0:0|0:0:0|3:3:2|2:0:1|0:0:0|0:0:0|0:0:0|0:0:0|1:1:0|2:0:2|0:0:0|1:1:0|0:0:0|0:0:0","2:0:1|0:0:0|1:1:0|0:0:0|0:0:0|1:2:0|0:0:0|0:0:0|0:0:0|2:1:2|0:0:0|1:1:0|0:0:0|0:0:0|2:0:1|0:0:0|0:0:0|0:0:0|0:0:0|0:0:0|0:0:0|0:0:0|0:0:0|0:0:0|2:0:1|0:0:0|0:0:0|2:0:1|0:0:0|0:0:0|0:1:0|0:0:0|1:2:0|4:1:3|0:0:0|0:0:0|0:0:0|3:3:2|2:0:1|0:0:0|0:0:0|0:1:0|0:0:0|1:1:0|2:0:2|0:0:0|1:1:0|0:0:0|0:0:0","2:0:1|0:0:0|1:1:0|0:0:0|0:0:0|1:2:0|0:0:0|0:0:0|0:0:0|2:1:2|0:0:0|1:1:0|0:0:0|0:0:0|2:0:1|0:0:0|0:0:0|0:0:0|0:0:0|0:0:0|0:0:0|0:0:0|0:0:0|0:0:0|2:0:1|0:0:0|0:0:0|2:0:1|0:0:0|0:0:0|1:1:0|0:0:0|1:2:0|4:1:3|0:0:0|0:0:0|0:0:0|3:3:2|2:0:1|0:0:0|0:0:0|1:1:0|0:0:0|1:1:0|2:0:2|0:0:0|1:1:0|0:0:0|0:0:0"
"7x7","7x7-uct-1000","1000","1","24","0.500000","1","2","O62","HM","36","33","36","34","2","2","4","0","2","0","3","0","3","2:0:1|0:0:0|1:1:0|0:0:0|0:0:0|1:2:0|0:0:0|0:0:0|0:0:0|2:1:2|0:0:0|1:1:0|0:0:0|0:0:0|2:0:1|0:0:0|0:0:0|0:0:0|0:0:0|0:0:0|0:0:0|0:0:0|0:0:0|0:0:0|2:0:1|0:0:0|0:0:0|2:0:1|0:0:0|0:0:0|1:1:0|0:0:0|1:2:0|4:1:3|0:0:0|0:0:0|0:0:0|3:3:2|2:0:1|0:0:0|0:0:0|1:1:0|0:0:0|1:1:0|2:0:2|0:0:0|1:1:0|0:0:0|0:0:0","2:0:1|0:0:0|1:1:0|0:0:0|0:0:0|1:2:0|0:0:0|0:0:0|0:0:0|2:1:2|0:0:0|1:1:0|0:0:0|0:0:0|2:0:1|0:0:0|0:0:0|0:0:0|0:0:0|0:0:0|0:0:0|0:0:0|0:0:0|0:0:0|2:0:1|0:0:0|0:0:0|2:0:1|0:0:0|0:0:0|1:1:0|0:0:0|1:2:0|4:1:3|0:0:0|0:0:0|0:0:0|3:3:2|2:0:1|0:0:0|0:0:0|1:1:0|0:0:0|1:1:0|2:0:3|0:0:0|1:1:0|0:0:0|0:0:0","2:0:1|0:0:0|1:1:0|0:0:0|0:0:0|1:2:0|0:0:0|0:0:0|0:0:0|2:1:2|0:0:0|1:1:0|0:0:0|0:0:0|2:0:1|0:0:0|0:0:0|0:0:0|0:0:0|0:0:0|0:0:0|0:0:0|0:0:0|0:0:0|2:0:1|0:0:0|0:0:0|2:0:1|0:0:0|0:0:0|1:1:0|0:0:0|1:2:0|4:1:3|0:0:0|0:0:0|0:0:0|3:3:2|2:0:1|0:0:0|0:0:0|1:1:0|0:0:0|1:1:0|4:0:3|0:0:0|1:1:0|0:0:0|0:0:0"
"7x7","7x7-uct-1000","1000","1","25","0.520833","1","1","O05","LH","36","36","37","36","1","1","3","2","0","3","0","3","0","2:0:1|0:0:0|1:1:0|0:0:0|0:0:0|1:2:0|0:0:0|0:0:0|0:0:0|2:1:2|0:0:0|1:1:0|0:0:0|0:0:0|2:0:1|0:0:0|0:0:0|0:0:0|0:0:0|0:0:0|0:0:0|0:0:0|0:0:0|0:0:0|2:0:1|0:0:0|0:0:0|2:0:1|0:0:0|0:0:0|1:1:0|0:0:0|1:2:0|4:1:3|0:0:0|0:0:0|0:0:0|3:3:2|2:0:1|0:0:0|0:0:0|1:1:0|0:0:0|1:1:0|4:0:3|0:0:0|1:1:0|0:0:0|0:0:0","2:0:1|0:0:0|1:1:0|0:0:0|0:0:0|1:3:0|0:0:0|0:0:0|0:0:0|2:1:2|0:0:0|1:1:0|0:0:0|0:0:0|2:0:1|0:0:0|0:0:0|0:0:0|0:0:0|0:0:0|0:0:0|0:0:0|0:0:0|0:0:0|2:0:1|0:0:0|0:0:0|2:0:1|0:0:0|0:0:0|1:1:0|0:0:0|1:2:0|4:1:3|0:0:0|0:0:0|0:0:0|3:3:2|2:0:1|0:0:0|0:0:0|1:1:0|0:0:0|1:1:0|4:0:3|0:0:0|1:1:0|0:0:0|0:0:0","2:0:1|0:0:0|1:1:0|0:0:0|0:0:0|3:3:0|0:0:0|0:0:0|0:0:0|2:1:2|0:0:0|1:1:0|0:0:0|0:0:0|2:0:1|0:0:0|0:0:0|0:0:0|0:0:0|0:0:0|0:0:0|0:0:0|0:0:0|0:0:0|2:0:1|0:0:0|0:0:0|2:0:1|0:0:0|0:0:0|1:1:0|0:0:0|3:3:0|4:1:3|0:0:0|0:0:0|0:0:0|3:3:2|2:0:1|0:0:0|0:0:0|1:1:0|0:0:0|1:1:0|4:0:3|0:0:0|1:1:0|0:0:0|0:0:0"
"7x7","7x7-uct-1000","1000","1","25","0.520833","3","1","O44","MM","38","36","39","36","1","3","3","2","0","3","0","3","0","2:0:1|0:0:0|1:1:0|0:0:0|0:0:0|1:3:0|0:0:0|0:0:0|0:0:0|2:1:2|0:0:0|1:1:0|0:0:0|0:0:0|2:0:1|0:0:0|0:0:0|0:0:0|0:0:0|0:0:0|0:0:0|0:0:0|0:0:0|0:0:0|2:0:1|0:0:0|0:0:0|2:0:1|0:0:0|0:0:0|1:1:0|0:0:0|1:2:0|4:1:3|0:0:0|0:0:0|0:0:0|3:3:2|2:0:1|0:0:0|0:0:0|1:1:0|0:0:0|1:1:0|4:0:3|0:0:0|1:1:0|0:0:0|0:0:0","2:0:1|0:0:0|1:1:0|0:0:0|0:0:0|3:3:0|0:0:0|0:0:0|0:0:0|2:1:2|0:0:0|1:1:0|0:0:0|0:0:0|2:0:1|0:0:0|0:0:0|0:0:0|0:0:0|0:0:0|0:0:0|0:0:0|0:0:0|0:0:0|2:0:1|0:0:0|0:0:0|2:0:1|0:0:0|0:0:0|1:1:0|0:0:0|3:3:0|4:1:3|0:0:0|0:0:0|0:0:0|3:3:2|2:0:1|0:0:0|0:0:0|1:1:0|0:0:0|1:1:0|4:0:3|0:0:0|1:1:0|0:0:0|0:0:0","2:0:1|0:0:0|1:1:0|0:0:0|0:0:0|3:3:0|0:0:0|0:0:0|0:0:0|2:1:2|0:0:0|1:1:0|0:0:0|0:0:0|2:0:1|0:0:0|0:0:0|0:0:0|0:0:0|0:0:0|0:0:0|0:0:0|0:0:0|0:0:0|2:0:1|0:0:0|0:0:0|2:0:1|0:0:0|0:0:0|1:1:0|0:0:0|3:3:0|4:1:3|0:0:0|0:0:0|0:0:0|3:3:2|2:0:1|0:0:0|0:0:0|1:1:0|0:0:0|1:1:0|4:0:3|0:0:0|1:1:0|0:0:0|0:0:0"
"7x7","7x7-uct-1000","1000","1","26","0.541667","1","2","O12","LM","39","36","39","37","2","2","4","1","2","1","3","1","3","2:0:1|0:0:0|1:1:0|0:0:0|0:0:0|3:3:0|0:0:0|0:0:0|0:0:0|2:1:2|0:0:0|1:1:0|0:0:0|0:0:0|2:0:1|0:0:0|0:0:0|0:0:0|0:0:0|0:0:0|0:0:0|0:0:0|0:0:0|0:0:0|2:0:1|0:0:0|0:0:0|2:0:1|0:0:0|0:0:0|1:1:0|0:0:0|3:3:0|4:1:3|0:0:0|0:0:0|0:0:0|3:3:2|2:0:1|0:0:0|0:0:0|1:1:0|0:0:0|1:1:0|4:0:3|0:0:0|1:1:0|0:0:0|0:0:0","2:0:1|0:0:0|1:1:0|0:0:0|0:0:0|3:3:0|0:0:0|0:0:0|0:0:0|2:1:3|0:0:0|1:1:0|0:0:0|0:0:0|2:0:1|0:0:0|0:0:0|0:0:0|0:0:0|0:0:0|0:0:0|0:0:0|0:0:0|0:0:0|2:0:1|0:0:0|0:0:0|2:0:1|0:0:0|0:0:0|1:1:0|0:0:0|3:3:0|4:1:3|0:0:0|0:0:0|0:0:0|3:3:2|2:0:1|0:0:0|0:0:0|1:1:0|0:0:0|1:1:0|4:0:3|0:0:0|1:1:0|0:0:0|0:0:0","2:0:2|0:0:0|1:1:0|0:0:0|0:0:0|3:3:0|0:0:0|0:0:0|0:0:0|4:1:3|0:0:0|1:1:0|0:0:0|0:0:0|2:0:1|0:0:0|0:0:0|0:0:0|0:0:0|0:0:0|0:0:0|0:0:0|0:0:0|0:0:0|2:0:1|0:0:0|0:0:0|2:0:1|0:0:0|0:0:0|1:1:0|0:0:0|3:3:0|4:1:3|0:0:0|0:0:0|0:0:0|3:3:2|2:0:1|0:0:0|0:0:0|1:1:0|0:0:0|1:1:0|4:0:3|0:0:0|1:1:0|0:0:0|0:0:0"
"7x7","7x7-uct-1000","1000","1","26","0.541667","2","2","O00","LL","39","37","39","38","2","2","2","0","1","0","2","0","2","2:0:1|0:0:0|1:1:0|0:0:0|0:0:0|3:3:0|0:0:0|0:0:0|0:0:0|2:1:3|0:0:0|1:1:0|0:0:0|0:0:0|2:0:1|0:0:0|0:0:0|0:0:0|0:0:0|0:0:0|0:0:0|0:0:0|0:0:0|0:0:0|2:0:1|0:0:0|0:0:0|2:0:1|0:0:0|0:0:0|1:1:0|0:0:0|3:3:0|4:1:3|0:0:0|0:0:0|0:0:0|3:3:2|2:0:1|0:0:0|0:0:0|1:1:0|0:0:0|1:1:0|4:0:3|0:0:0|1:1:0|0:0:0|0:0:0","2:0:2|0:0:0|1:1:0|0:0:0|0:0:0|3:3:0|0:0:0|0:0:0|0:0:0|2:1:3|0:0:0|1:1:0|0:0:0|0:0:0|2:0:1|0:0:0|0:0:0|0:0:0|0:0:0|0:0:0|0:0:0|0:0:0|0:0:0|0:0:0|2:0:1|0:0:0|0:0:0|2:0:1|0:0:0|0:0:0|1:1:0|0:0:0|3:3:0|4:1:3|0:0:0|0:0:0|0:0:0|3:3:2|2:0:1|0:0:0|0:0:0|1:1:0|0:0:0|1:1:0|4:0:3|0:0:0|1:1:0|0:0:0|0:0:0","2:0:2|0:0:0|1:1:0|0:0:0|0:0:0|3:3:0|0:0:0|0:0:0|0:0:0|4:1:3|0:0:0|1:1:0|0:0:0|0:0:0|2:0:1|0:0:0|0:0:0|0:0:0|0:0:0|0:0:0|0:0:0|0:0:0|0:0:0|0:0:0|2:0:1|0:0:0|0:0:0|2:0:1|0:0:0|0:0:0|1:1:0|0:0:0|3:3:0|4:1:3|0:0:0|0:0:0|0:0:0|3:3:2|2:0:1|0:0:0|0:0:0|1:1:0|0:0:0|1:1:0|4:0:3|0:0:0|1:1:0|0:0:0|0:0:0"
"7x7","7x7-uct-1000","1000","1","27","0.562500","1","1","O42","MM","39","39","40","39","1","1","3","1","0","2","0","3","0","2:0:2|0:0:0|1:1:0|0:0:0|0:0:0|3:3:0|0:0:0|0:0:0|0:0:0|4:1:3|0:0:0|1:1:0|0:0:0|0:0:0|2:0:1|0:0:0|0:0:0|0:0:0|0:0:0|0:0:0|0:0:0|0:0:0|0:0:0|0:0:0|2:0:1|0:0:0|0:0:0|2:0:1|0:0:0|0:0:0|1:1:0|0:0:0|3:3:0|4:1:3|0:0:0|0:0:0|0:0:0|3:3:2|2:0:1|0:0:0|0:0:0|1:1:0|0:0:0|1:1:0|4:0:3|0:0:0|1:1:0|0:0:0|0:0:0","2:0:2|0:0:0|1:1:0|0:0:0|0:0:0|3:3:0|0:0:0|0:0:0|0:0:0|4:1:3|0:0:0|1:1:0|0:0:0|0:0:0|2:0:1|0:0:0|0:0:0|0:0:0|0:0:0|0:0:0|0:0:0|0:0:0|0:0:0|0:0:0|2:0:1|0:0:0|0:0:0|2:0:1|0:0:0|0:0:0|1:2:0|0:0:0|3:3:0|4:1:3|0:0:0|0:0:0|0:0:0|3:3:2|2:0:1|0:0:0|0:0:0|1:1:0|0:0:0|1:1:0|4:0:3|0:0:0|1:1:0|0:0:0|0:0:0","2:0:2|0:0:0|1:1:0|0:0:0|0:0:0|3:3:0|0:0:0|0:0:0|0:0:0|4:1:3|0:0:0|1:1:0|0:0:0|0:0:0|2:0:1|0:0:0|0:0:0|0:0:0|0:0:0|0:0:0|0:0:0|0:0:0|0:0:0|0:0:0|2:0:1|0:0:0|0:0:0|2:0:1|0:0:0|0:0:0|3:3:0|0:0:0|3:3:0|4:1:3|0:0:0|0:0:0|0:0:0|3:3:2|2:0:1|0:0:0|0:0:0|1:1:0|0:0:0|1:2:0|4:0:3|0:0:0|1:1:0|0:0:0|0:0:0"
"7x7","7x7-uct-1000","1000","1","27","0.562500","2","1","O42","MM","40","39","41","39","1","1","3","2","0","3","0","3","0","2:0:2|0:0:0|1:1:0|0:0:0|0:0:0|3:3:0|0:0:0|0:0:0|0:0:0|4:1:3|0:0:0|1:1:0|0:0:0|0:0:0|2:0:1|0:0:0|0:0:0|0:0:0|0:0:0|0:0:0|0:0:0|0:0:0|0:0:0|0:0:0|2:0:1|0:0:0|0:0:0|2:0:1|0:0:0|0:0:0|1:2:0|0:0:0|3:3:0|4:1:3|0:0:0|0:0:0|0:0:0|3:3:2|2:0:1|0:0:0|0:0:0|1:1:0|0:0:0|1:1:0|4:0:3|0:0:0|1:1:0|0:0:0|0:0:0","2:0:2|0:0:0|1:1:0|0:0:0|0:0:0|3:3:0|0:0:0|0:0:0|0:0:0|4:1:3|0:0:0|1:1:0|0:0:0|0:0:0|2:0:1|0:0:0|0:0:0|0:0:0|0:0:0|0:0:0|0:0:0|0:0:0|0:0:0|0:0:0|2:0:1|0:0:0|0:0:0|2:0:1|0:0:0|0:0:0|1:3:0|0:0:0|3:3:0|4:1:3|0:0:0|0:0:0|0:0:0|3:3:2|2:0:1|0:0:0|0:0:0|1:1:0|0:0:0|1:1:0|4:0:3|0:0:0|1:1:0|0:0:0|0:0:0","2:0:2|0:0:0|1:1:0|0:0:0|0:0:0|3:3:0|0:0:0|0:0:0|0:0:0|4:1:3|0:0:0|1:1:0|0:0:0|0:0:0|2:0:1|0:0:0|0:0:0|0:0:0|0:0:0|0:0:0|0:0:0|0:0:0|0:0:0|0:0:0|2:0:1|0:0:0|0:0:0|2:0:1|0:0:0|0:0:0|3:3:0|0:0:0|3:3:0|4:1:3|0:0:0|0:0:0|0:0:0|3:3:2|2:0:1|0:0:0|0:0:0|1:1:0|0:0:0|1:2:0|4:0:3|0:0:0|1:1:0|0:0:0|0:0:0"
"7x7","7x7-uct-1000","1000","1","27","0.562500","3","1","O61","HL","41","39","42","39","1","1","1","1","0","2","0","2","0","2:0:2|0:0:0|1:1:0|0:0:0|0:0:0|3:3:0|0:0:0|0:0:0|0:0:0|4:1:3|0:0:0|1:1:0|0:0:0|0:0:0|2:0:1|0:0:0|0:0:0|0:0:0|0:0:0|0:0:0|0:0:0|0:0:0|0:0:0|0:0:0|2:0:1|0:0:0|0:0:0|2:0:1|0:0:0|0:0:0|1:3:0|0:0:0|3:3:0|4:1:3|0:0:0|0:0:0|0:0:0|3:3:2|2:0:1|0:0:0|0:0:0|1:1:0|0:0:0|1:1:0|4:0:3|0:0:0|1:1:0|0:0:0|0:0:0","2:0:2|0:0:0|1:1:0|0:0:0|0:0:0|3:3:0|0:0:0|0:0:0|0:0:0|4:1:3|0:0:0|1:1:0|0:0:0|0:0:0|2:0:1|0:0:0|0:0:0|0:0:0|0:0:0|0:0:0|0:0:0|0:0:0|0:0:0|0:0:0|2:0:1|0:0:0|0:0:0|2:0:1|0:0:0|0:0:0|3:3:0|0:0:0|3:3:0|4:1:3|0:0:0|0:0:0|0:0:0|3:3:2|2:0:1|0:0:0|0:0:0|1:1:0|0:0:0|1:2:0|4:0:3|0:0:0|1:1:0|0:0:0|0:0:0","2:0:2|0:0:0|1:1:0|0:0:0|0:0:0|3:3:0|0:0:0|0:0:0|0:0:0|4:1:3|0:0:0|1:1:0|0:0:0|0:0:0|2:0:1|0:0:0|0:0:0|0:0:0|0:0:0|0:0:0|0:0:0|0:0:0|0:0:0|0:0:0|2:0:1|0:0:0|0:0:0|2:0:1|0:0:0|0:0:0|3:3:0|0:0:0|3:3:0|4:1:3|0:0:0|0:0:0|0:0:0|3:3:2|2:0:1|0:0:0|0:0:0|1:1:0|0:0:0|1:2:0|4:0:3|0:0:0|1:1:0|0:0:0|0:0:0"
"7x7","7x7-uct-1000","1000","1","28","0.583333","1","2","O00","LL","42","39","42","40","2","2","4","0","2","0","3","0","3","2:0:2|0:0:0|1:1:0|0:0:0|0:0:0|3:3:0|0:0:0|0:0:0|0:0:0|4:1:3|0:0:0|1:1:0|0:0:0|0:0:0|2:0:1|0:0:0|0:0:0|0:0:0|0:0:0|0:0:0|0:0:0|0:0:0|0:0:0|0:0:0|2:0:1|0:0:0|0:0:0|2:0:1|0:0:0|0:0:0|3:3:0|0:0:0|3:3:0|4:1:3|0:0:0|0:0:0|0:0:0|3:3:2|2:0:1|0:0:0|0:0:0|1:1:0|0:0:0|1:2:0|4:0:3|0:0:0|1:1:0|0:0:0|0:0:0","2:0:3|0:0:0|1:1:0|0:0:0|0:0:0|3:3:0|0:0:0|0:0:0|0:0:0|4:1:3|0:0:0|1:1:0|0:0:0|0:0:0|2:0:1|0:0:0|0:0:0|0:0:0|0:0:0|0:0:0|0:0:0|0:0:0|0:0:0|0:0:0|2:0:1|0:0:0|0:0:0|2:0:1|0:0:0|0:0:0|3:3:0|0:0:0|3:3:0|4:1:3|0:0:0|0:0:0|0:0:0|3:3:2|2:0:1|0:0:0|0:0:0|1:1:0|0:0:0|1:2:0|4:0:3|0:0:0|1:1:0|0:0:0|0:0:0","4:0:3|0:0:0|1:1:0|0:0:0|0:0:0|3:3:0|0:0:0|0:0:0|0:0:0|4:1:3|0:0:0|1:1:0|0:0:0|0:0:0|2:0:2|0:0:0|0:0:0|2:0:1|0:0:0|0:0:0|0:0:0|0:0:0|0:0:0|0:0:0|2:0:1|0:0:0|0:0:0|2:0:1|0:0:0|0:0:0|3:3:0|0:0:0|3:3:0|4:1:3|0:0:0|0:0:0|0:0:0|3:3:2|2:0:1|0:0:0|0:0:0|1:1:0|0:0:0|1:2:0|4:0:3|0:0:0|1:1:0|0:0:0|0:0:0"
"7x7","7x7-uct-1000","1000","1","28","0.583333","2","2","O20","ML","42","40","42","41","2","2","2","0","1","0","2","0","2","2:0:3|0:0:0|1:1:0|0:0:0|0:0:0|3:3:0|0:0:0|0:0:0|0:0:0|4:1:3|0:0:0|1:1:0|0:0:0|0:0:0|2:0:1|0:0:0|0:0:0|0:0:0|0:0:0|0:0:0|0:0:0|0:0:0|0:0:0|0:0:0|2:0:1|0:0:0|0:0:0|2:0:1|0:0:0|0:0:0|3:3:0|0:0:0|3:3:0|4:1:3|0:0:0|0:0:0|0:0:0|3:3:2|2:0:1|0:0:0|0:0:0|1:1:0|0:0:0|1:2:0|4:0:3|0:0:0|1:1:0|0:0:0|0:0:0","2:0:3|0:0:0|1:1:0|0:0:0|0:0:0|3:3:0|0:0:0|0:0:0|0:0:0|4:1:3|0:0:0|1:1:0|0:0:0|0:0:0|2:0:2|0:0:0|0:0:0|0:0:0|0:0:0|0:0:0|0:0:0|0:0:0|0:0:0|0:0:0|2:0:1|0:0:0|0:0:0|2:0:1|0:0:0|0:0:0|3:3:0|0:0:0|3:3:0|4:1:3|0:0:0|0:0:0|0:0:0|3:3:2|2:0:1|0:0:0|0:0:0|1:1:0|0:0:0|1:2:0|4:0:3|0:0:0|1:1:0|0:0:0|0:0:0","4:0:3|0:0:0|1:1:0|0:0:0|0:0:0|3:3:0|0:0:0|0:0:0|0:0:0|4:1:3|0:0:0|1:1:0|0:0:0|0:0:0|2:0:2|0:0:0|0:0:0|2:0:1|0:0:0|0:0:0|0:0:0|0:0:0|0:0:0|0:0:0|2:0:1|0:0:0|0:0:0|2:0:1|0:0:0|0:0:0|3:3:0|0:0:0|3:3:0|4:1:3|0:0:0|0:0:0|0:0:0|3:3:2|2:0:1|0:0:0|0:0:0|1:1:0|0:0:0|1:2:0|4:0:3|0:0:0|1:1:0|0:0:0|0:0:0"
"7x7","7x7-uct-1000","1000","1","28","0.583333","3","2","O23","MM","42","41","42","42","0","2","2","0","0","0","1","0","1","2:0:3|0:0:0|1:1:0|0:0:0|0:0:0|3:3:0|0:0:0|0:0:0|0:0:0|4:1:3|0:0:0|1:1:0|0:0:0|0:0:0|2:0:2|0:0:0|0:0:0|0:0:0|0:0:0|0:0:0|0:0:0|0:0:0|0:0:0|0:0:0|2:0:1|0:0:0|0:0:0|2:0:1|0:0:0|0:0:0|3:3:0|0:0:0|3:3:0|4:1:3|0:0:0|0:0:0|0:0:0|3:3:2|2:0:1|0:0:0|0:0:0|1:1:0|0:0:0|1:2:0|4:0:3|0:0:0|1:1:0|0:0:0|0:0:0","4:0:3|0:0:0|1:1:0|0:0:0|0:0:0|3:3:0|0:0:0|0:0:0|0:0:0|4:1:3|0:0:0|1:1:0|0:0:0|0:0:0|2:0:2|0:0:0|0:0:0|2:0:1|0:0:0|0:0:0|0:0:0|0:0:0|0:0:0|0:0:0|2:0:1|0:0:0|0:0:0|2:0:1|0:0:0|0:0:0|3:3:0|0:0:0|3:3:0|4:1:3|0:0:0|0:0:0|0:0:0|3:3:2|2:0:1|0:0:0|0:0:0|1:1:0|0:0:0|1:2:0|4:0:3|0:0:0|1:1:0|0:0:0|0:0:0","4:0:3|0:0:0|1:1:0|0:0:0|0:0:0|3:3:0|0:0:0|0:0:0|0:0:0|4:1:3|0:0:0|1:1:0|0:0:0|0:0:0|2:0:2|0:0:0|0:0:0|2:0:1|0:0:0|0:0:0|0:0:0|0:0:0|0:0:0|0:0:0|2:0:1|0:0:0|0:0:0|2:0:1|0:0:0|0:0:0|3:3:0|0:0:0|3:3:0|4:1:3|0:0:0|0:0:0|0:0:0|3:3:2|2:0:1|0:0:0|0:0:0|1:1:0|0:0:0|1:2:0|4:0:3|0:0:0|1:1:0|0:0:0|0:0:0"
"7x7","7x7-uct-1000","1000","1","29","0.604167","1","1","O61","HL","42","42","43","42","1","1","3","2","0","3","0","3","0","4:0:3|0:0:0|1:1:0|0:0:0|0:0:0|3:3:0|0:0:0|0:0:0|0:0:0|4:1:3|0:0:0|1:1:0|0:0:0|0:0:0|2:0:2|0:0:0|0:0:0|2:0:1|0:0:0|0:0:0|0:0:0|0:0:0|0:0:0|0:0:0|2:0:1|0:0:0|0:0:0|2:0:1|0:0:0|0:0:0|3:3:0|0:0:0|3:3:0|4:1:3|0:0:0|0:0:0|0:0:0|3:3:2|2:0:1|0:0:0|0:0:0|1:1:0|0:0:0|1:2:0|4:0:3|0:0:0|1:1:0|0:0:0|0:0:0","4:0:3|0:0:0|1:1:0|0:0:0|0:0:0|3:3:0|0:0:0|0:0:0|0:0:0|4:1:3|0:0:0|1:1:0|0:0:0|0:0:0|2:0:2|0:0:0|0:0:0|2:0:1|0:0:0|0:0:0|0:0:0|0:0:0|0:0:0|0:0:0|2:0:1|0:0:0|0:0:0|2:0:1|0:0:0|0:0:0|3:3:0|0:0:0|3:3:0|4:1:3|0:0:0|0:0:0|0:0:0|3:3:2|2:0:1|0:0:0|0:0:0|1:1:0|0:0:0|1:3:0|4:0:3|0:0:0|1:1:0|0:0:0|0:0:0","4:0:3|0:0:0|1:1:0|0:0:0|0:0:0|3:3:0|0:0:0|1:1:0|0:0:0|4:1:3|0:0:0|1:1:0|0:0:0|0:0:0|2:0:2|0:0:0|0:0:0|2:0:1|1:1:0|0:0:0|0:0:0|0:0:0|0:0:0|0:0:0|2:0:1|0:0:0|0:0:0|2:0:1|0:0:0|0:0:0|3:3:0|0:0:0|3:3:0|4:1:3|0:0:0|0:0:0|0:0:0|3:3:2|2:0:1|0:0:0|0:0:0|1:1:0|0:0:0|3:3:0|4:0:3|0:0:0|1:1:0|0:0:0|0:0:0"
"7x7","7x7-uct-1000","1000","1","29","0.604167","2","1","O24","MM","43","42","44","42","0","0","1","0","0","1","0","1","0","4:0:3|0:0:0|1:1:0|0:0:0|0:0:0|3:3:0|0:0:0|0:0:0|0:0:0|4:1:3|0:0:0|1:1:0|0:0:0|0:0:0|2:0:2|0:0:0|0:0:0|2:0:1|0:0:0|0:0:0|0:0:0|0:0:0|0:0:0|0:0:0|2:0:1|0:0:0|0:0:0|2:0:1|0:0:0|0:0:0|3:3:0|0:0:0|3:3:0|4:1:3|0:0:0|0:0:0|0:0:0|3:3:2|2:0:1|0:0:0|0:0:0|1:1:0|0:0:0|1:3:0|4:0:3|0:0:0|1:1:0|0:0:0|0:0:0","4:0:3|0:0:0|1:1:0|0:0:0|0:0:0|3:3:0|0:0:0|0:0:0|0:0:0|4:1:3|0:0:0|1:1:0|0:0:0|0:0:0|2:0:2|0:0:0|0:0:0|2:0:1|0:1:0|0:0:0|0:0:0|0:0:0|0:0:0|0:0:0|2:0:1|0:0:0|0:0:0|2:0:1|0:0:0|0:0:0|3:3:0|0:0:0|3:3:0|4:1:3|0:0:0|0:0:0|0:0:0|3:3:2|2:0:1|0:0:0|0:0:0|1:1:0|0:0:0|1:3:0|4:0:3|0:0:0|1:1:0|0:0:0|0:0:0","4:0:3|0:0:0|1:1:0|0:0:0|0:0:0|3:3:0|0:0:0|1:1:0|0:0:0|4:1:3|0:0:0|1:1:0|0:0:0|0:0:0|2:0:2|0:0:0|0:0:0|2:0:1|1:1:0|0:0:0|0:0:0|0:0:0|0:0:0|0:0:0|2:0:1|0:0:0|0:0:0|2:0:1|0:0:0|0:0:0|3:3:0|0:0:0|3:3:0|4:1:3|0:0:0|0:0:0|0:0:0|3:3:2|2:0:1|0:0:0|0:0:0|1:1:0|0:0:0|3:3:0|4:0:3|0:0:0|1:1:0|0:0:0|0:0:0"
"7x7","7x7-uct-1000","1000","1","29","0.604167","3","1","O10","LL","44","42","45","42","0","1","1","0","0","1","0","1","0","4:0:3|0:0:0|1:1:0|0:0:0|0:0:0|3:3:0|0:0:0|0:0:0|0:0:0|4:1:3|0:0:0|1:1:0|0:0:0|0:0:0|2:0:2|0:0:0|0:0:0|2:0:1|0:1:0|0:0:0|0:0:0|0:0:0|0:0:0|0:0:0|2:0:1|0:0:0|0:0:0|2:0:1|0:0:0|0:0:0|3:3:0|0:0:0|3:3:0|4:1:3|0:0:0|0:0:0|0:0:0|3:3:2|2:0:1|0:0:0|0:0:0|1:1:0|0:0:0|1:3:0|4:0:3|0:0:0|1:1:0|0:0:0|0:0:0","4:0:3|0:0:0|1:1:0|0:0:0|0:0:0|3:3:0|0:0:0|1:1:0|0:0:0|4:1:3|0:0:0|1:1:0|0:0:0|0:0:0|2:0:2|0:0:0|0:0:0|2:0:1|1:1:0|0:0:0|0:0:0|0:0:0|0:0:0|0:0:0|2:0:1|0:0:0|0:0:0|2:0:1|0:0:0|0:0:0|3:3:0|0:0:0|3:3:0|4:1:3|0:0:0|0:0:0|0:0:0|3:3:2|2:0:1|0:0:0|0:0:0|1:1:0|0:0:0|3:3:0|4:0:3|0:0:0|1:1:0|0:0:0|0:0:0","4:0:3|0:0:0|1:1:0|0:0:0|0:0:0|3:3:0|0:0:0|1:1:0|0:0:0|4:1:3|0:0:0|1:1:0|0:0:0|0:0:0|2:0:2|0:0:0|0:0:0|2:0:1|1:1:0|0:0:0|0:0:0|0:0:0|0:0:0|0:0:0|2:0:1|0:0:0|0:0:0|2:0:1|0:0:0|0:0:0|3:3:0|0:0:0|3:3:0|4:1:3|0:0:0|0:0:0|0:0:0|3:3:2|2:0:1|0:0:0|0:0:0|1:1:0|0:0:0|3:3:0|4:0:3|0:0:0|1:1:0|0:0:0|0:0:0"
"7x7","7x7-uct-1000","1000","1","30","0.625000","1","2","O20","ML","45","42","45","43","2","2","4","0","2","0","3","0","3","4:0:3|0:0:0|1:1:0|0:0:0|0:0:0|3:3:0|0:0:0|1:1:0|0:0:0|4:1:3|0:0:0|1:1:0|0:0:0|0:0:0|2:0:2|0:0:0|0:0:0|2:0:1|1:1:0|0:0:0|0:0:0|0:0:0|0:0:0|0:0:0|2:0:1|0:0:0|0:0:0|2:0:1|0:0:0|0:0:0|3:3:0|0:0:0|3:3:0|4:1:3|0:0:0|0:0:0|0:0:0|3:3:2|2:0:1|0:0:0|0:0:0|1:1:0|0:0:0|3:3:0|4:0:3|0:0:0|1:1:0|0:0:0|0:0:0","4:0:3|0:0:0|1:1:0|0:0:0|0:0:0|3:3:0|0:0:0|1:1:0|0:0:0|4:1:3|0:0:0|1:1:0|0:0:0|0:0:0|2:0:3|0:0:0|0:0:0|2:0:1|1:1:0|0:0:0|0:0:0|0:0:0|0:0:0|0:0:0|2:0:1|0:0:0|0:0:0|2:0:1|0:0:0|0:0:0|3:3:0|0:0:0|3:3:0|4:1:3|0:0:0|0:0:0|0:0:0|3:3:2|2:0:1|0:0:0|0:0:0|1:1:0|0:0:0|3:3:0|4:0:3|0:0:0|1:1:0|0:0:0|0:0:0","4:0:3|0:0:0|1:1:0|0:0:0|0:0:0|3:3:0|0:0:0|1:1:0|0:0:0|4:1:3|0:0:0|1:1:0|0:0:0|0:0:0|4:0:3|0:0:0|0:0:0|2:0:1|1:1:0|0:0:0|0:0:0|0:0:0|0:0:0|0:0:0|2:0:1|0:0:0|0:0:0|2:0:1|0:0:0|0:0:0|3:3:0|2:0:1|3:3:0|4:1:3|0:0:0|0:0:0|0:0:0|3:3:2|2:0:1|0:0:0|0:0:0|1:1:0|0:0:0|3:3:0|4:0:3|0:0:0|1:1:0|0:0:0|0:0:0"
"7x7","7x7-uct-1000","1000","1","30","0.625000","3","2","O43","MM","45","44","45","45","0","2","2","0","0","0","1","0","1","4:0:3|0:0:0|1:1:0|0:0:0|0:0:0|3:3:0|0:0:0|1:1:0|0:0:0|4:1:3|0:0:0|1:1:0|0:0:0|0:0:0|2:0:3|0:0:0|0:0:0|2:0:1|1:1:0|0:0:0|0:0:0|0:0:0|0:0:0|0:0:0|2:0:1|0:0:0|0:0:0|2:0:1|0:0:0|0:0:0|3:3:0|0:0:0|3:3:0|4:1:3|0:0:0|0:0:0|0:0:0|3:3:2|2:0:1|0:0:0|0:0:0|1:1:0|0:0:0|3:3:0|4:0:3|0:0:0|1:1:0|0:0:0|0:0:0","4:0:3|0:0:0|1:1:0|0:0:0|0:0:0|3:3:0|0:0:0|1:1:0|0:0:0|4:1:3|0:0:0|1:1:0|0:0:0|0:0:0|4:0:3|0:0:0|0:0:0|2:0:1|1:1:0|0:0:0|0:0:0|0:0:0|0:0:0|0:0:0|2:0:1|0:0:0|0:0:0|2:0:1|0:0:0|0:0:0|3:3:0|2:0:1|3:3:0|4:1:3|0:0:0|0:0:0|0:0:0|3:3:2|2:0:1|0:0:0|0:0:0|1:1:0|0:0:0|3:3:0|4:0:3|0:0:0|1:1:0|0:0:0|0:0:0","4:0:3|0:0:0|1:1:0|0:0:0|0:0:0|3:3:0|0:0:0|1:1:0|0:0:0|4:1:3|0:0:0|1:1:0|0:0:0|0:0:0|4:0:3|0:0:0|0:0:0|2:0:1|1:1:0|0:0:0|0:0:0|0:0:0|0:0:0|0:0:0|2:0:1|0:0:0|0:0:0|2:0:1|0:0:0|0:0:0|3:3:0|2:0:1|3:3:0|4:1:3|0:0:0|0:0:0|0:0:0|3:3:2|2:0:1|0:0:0|0:0:0|1:1:0|0:0:0|3:3:0|4:0:3|0:0:0|1:1:0|0:0:0|0:0:0"
"7x7","7x7-uct-1000","1000","1","31","0.645833","2","1","O35","MH","46","45","47","45","0","0","1","0","0","1","0","1","0","4:0:3|0:0:0|1:1:0|0:0:0|0:0:0|3:3:0|0:0:0|1:1:0|0:0:0|4:1:3|0:0:0|1:1:0|0:0:0|0:0:0|4:0:3|0:0:0|0:0:0|2:0:1|1:1:0|0:0:0|0:0:0|0:0:0|0:0:0|0:0:0|2:0:1|0:0:0|0:0:0|2:0:1|0:0:0|0:0:0|3:3:0|2:0:1|3:3:0|4:1:3|0:0:0|0:0:0|0:0:0|3:3:2|2:0:1|0:0:0|0:0:0|1:1:0|0:0:0|3:3:0|4:0:3|0:0:0|1:1:0|0:0:0|0:0:0","4:0:3|0:0:0|1:1:0|0:0:0|0:0:0|3:3:0|0:0:0|1:1:0|0:0:0|4:1:3|0:0:0|1:1:0|0:0:0|0:0:0|4:0:3|0:0:0|0:0:0|2:0:1|1:1:0|0:0:0|0:0:0|0:0:0|0:0:0|0:0:0|2:0:1|0:0:0|0:1:0|2:0:1|0:0:0|0:0:0|3:3:0|2:0:1|3:3:0|4:1:3|0:0:0|0:0:0|0:0:0|3:3:2|2:0:1|0:0:0|0:0:0|1:1:0|0:0:0|3:3:0|4:0:3|0:0:0|1:1:0|0:0:0|0:0:0","4:0:3|0:0:0|1:1:0|0:0:0|0:0:0|3:3:0|0:0:0|1:1:0|0:0:0|4:1:3|0:0:0|1:1:0|1:1:0|0:0:0|4:0:3|0:0:0|0:0:0|2:0:1|1:1:0|0:0:0|0:0:0|0:0:0|0:0:0|0:0:0|2:0:1|0:0:0|1:1:0|2:0:1|0:0:0|0:0:0|3:3:0|2:0:1|3:3:0|4:1:3|0:0:0|0:0:0|0:0:0|3:3:2|2:0:1|0:0:0|0:0:0|1:1:0|0:0:0|3:3:0|4:0:3|0:0:0|1:1:0|0:0:0|0:0:0"
"7x7","7x7-uct-1000","1000","1","31","0.645833","3","1","O15","LH","47","45","48","45","0","1","1","0","0","1","0","1","0","4:0:3|0:0:0|1:1:0|0:0:0|0:0:0|3:3:0|0:0:0|1:1:0|0:0:0|4:1:3|0:0:0|1:1:0|0:0:0|0:0:0|4:0:3|0:0:0|0:0:0|2:0:1|1:1:0|0:0:0|0:0:0|0:0:0|0:0:0|0:0:0|2:0:1|0:0:0|0:1:0|2:0:1|0:0:0|0:0:0|3:3:0|2:0:1|3:3:0|4:1:3|0:0:0|0:0:0|0:0:0|3:3:2|2:0:1|0:0:0|0:0:0|1:1:0|0:0:0|3:3:0|4:0:3|0:0:0|1:1:0|0:0:0|0:0:0","4:0:3|0:0:0|1:1:0|0:0:0|0:0:0|3:3:0|0:0:0|1:1:0|0:0:0|4:1:3|0:0:0|1:1:0|1:1:0|0:0:0|4:0:3|0:0:0|0:0:0|2:0:1|1:1:0|0:0:0|0:0:0|0:0:0|0:0:0|0:0:0|2:0:1|0:0:0|1:1:0|2:0:1|0:0:0|0:0:0|3:3:0|2:0:1|3:3:0|4:1:3|0:0:0|0:0:0|0:0:0|3:3:2|2:0:1|0:0:0|0:0:0|1:1:0|0:0:0|3:3:0|4:0:3|0:0:0|1:1:0|0:0:0|0:0:0","4:0:3|0:0:0|1:1:0|0:0:0|0:0:0|3:3:0|0:0:0|1:1:0|0:0:0|4:1:3|0:0:0|1:1:0|1:1:0|0:0:0|4:0:3|0:0:0|0:0:0|2:0:1|1:1:0|0:0:0|0:0:0|0:0:0|0:0:0|0:0:0|2:0:1|0:0:0|1:1:0|2:0:1|0:0:0|0:0:0|3:3:0|2:0:1|3:3:0|4:1:3|0:0:0|0:0:0|0:0:0|3:3:2|2:0:1|0:0:0|0:0:0|1:1:0|0:0:0|3:3:0|4:0:3|0:0:0|1:1:0|0:0:0|0:0:0"
"7x7","7x7-uct-1000","1000","1","32","0.666667","1","2","O33","MM","48","45","48","46","2","2","2","0","1","0","2","0","2","4:0:3|0:0:0|1:1:0|0:0:0|0:0:0|3:3:0|0:0:0|1:1:0|0:0:0|4:1:3|0:0:0|1:1:0|1:1:0|0:0:0|4:0:3|0:0:0|0:0:0|2:0:1|1:1:0|0:0:0|0:0:0|0:0:0|0:0:0|0:0:0|2:0:1|0:0:0|1:1:0|2:0:1|0:0:0|0:0:0|3:3:0|2:0:1|3:3:0|4:1:3|0:0:0|0:0:0|0:0:0|3:3:2|2:0:1|0:0:0|0:0:0|1:1:0|0:0:0|3:3:0|4:0:3|0:0:0|1:1:0|0:0:0|0:0:0","4:0:3|0:0:0|1:1:0|0:0:0|0:0:0|3:3:0|0:0:0|1:1:0|0:0:0|4:1:3|0:0:0|1:1:0|1:1:0|0:0:0|4:0:3|0:0:0|0:0:0|2:0:1|1:1:0|0:0:0|0:0:0|0:0:0|0:0:0|0:0:0|2:0:2|0:0:0|1:1:0|2:0:1|0:0:0|0:0:0|3:3:0|2:0:1|3:3:0|4:1:3|0:0:0|0:0:0|0:0:0|3:3:2|2:0:1|0:0:0|0:0:0|1:1:0|0:0:0|3:3:0|4:0:3|0:0:0|1:1:0|0:0:0|0:0:0","4:0:3|0:0:0|1:1:0|0:0:0|0:0:0|3:3:0|0:0:0|1:1:0|0:0:0|4:1:3|0:0:0|1:1:0|1:1:0|0:0:0|4:0:3|0:0:0|0:0:0|2:0:1|1:1:0|0:0:0|0:0:0|0:0:0|0:0:0|0:0:0|2:0:2|0:0:0|1:1:0|2:0:1|0:0:0|0:0:0|3:3:0|2:0:1|3:3:0|4:1:3|0:0:0|0:0:0|0:0:0|3:3:2|2:0:1|0:0:0|0:0:0|1:1:0|2:0:1|3:3:0|4:0:3|0:0:0|1:1:0|0:0:0|0:0:0"
"7x7","7x7-uct-1000","1000","1","32","0.666667","2","2","O60","HL","48","46","48","47","0","0","2","0","0","0","1","0","1","4:0:3|0:0:0|1:1:0|0:0:0|0:0:0|3:3:0|0:0:0|1:1:0|0:0:0|4:1:3|0:0:0|1:1:0|1:1:0|0:0:0|4:0:3|0:0:0|0:0:0|2:0:1|1:1:0|0:0:0|0:0:0|0:0:0|0:0:0|0:0:0|2:0:2|0:0:0|1:1:0|2:0:1|0:0:0|0:0:0|3:3:0|2:0:1|3:3:0|4:1:3|0:0:0|0:0:0|0:0:0|3:3:2|2:0:1|0:0:0|0:0:0|1:1:0|0:0:0|3:3:0|4:0:3|0:0:0|1:1:0|0:0:0|0:0:0","4:0:3|0:0:0|1:1:0|0:0:0|0:0:0|3:3:0|0:0:0|1:1:0|0:0:0|4:1:3|0:0:0|1:1:0|1:1:0|0:0:0|4:0:3|0:0:0|0:0:0|2:0:1|1:1:0|0:0:0|0:0:0|0:0:0|0:0:0|0:0:0|2:0:2|0:0:0|1:1:0|2:0:1|0:0:0|0:0:0|3:3:0|2:0:1|3:3:0|4:1:3|0:0:0|0:0:0|0:0:0|3:3:2|2:0:1|0:0:0|0:0:0|1:1:0|0:0:1|3:3:0|4:0:3|0:0:0|1:1:0|0:0:0|0:0:0","4:0:3|0:0:0|1:1:0|0:0:0|0:0:0|3:3:0|0:0:0|1:1:0|0:0:0|4:1:3|0:0:0|1:1:0|1:1:0|0:0:0|4:0:3|0:0:0|0:0:0|2:0:1|1:1:0|0:0:0|0:0:0|0:0:0|0:0:0|0:0:0|2:0:2|0:0:0|1:1:0|2:0:1|0:0:0|0:0:0|3:3:0|2:0:1|3:3:0|4:1:3|0:0:0|0:0:0|0:0:0|3:3:2|2:0:1|0:0:0|0:0:0|1:1:0|2:0:1|3:3:0|4:0:3|0:0:0|1:1:0|0:0:0|0:0:0"
"7x7","7x7-uct-1000","1000","1","33","0.687500","1","1","O63","HM","48","48","49","48","0","0","1","0","0","1","0","1","0","4:0:3|0:0:0|1:1:0|0:0:0|0:0:0|3:3:0|0:0:0|1:1:0|0:0:0|4:1:3|0:0:0|1:1:0|1:1:0|0:0:0|4:0:3|0:0:0|0:0:0|2:0:1|1:1:0|0:0:0|0:0:0|0:0:0|0:0:0|0:0:0|2:0:2|0:0:0|1:1:0|2:0:1|0:0:0|0:0:0|3:3:0|2:0:1|3:3:0|4:1:3|0:0:0|0:0:0|0:0:0|3:3:2|2:0:1|0:0:0|0:0:0|1:1:0|2:0:1|3:3:0|4:0:3|0:0:0|1:1:0|0:0:0|0:0:0","4:0:3|0:0:0|1:1:0|0:0:0|0:0:0|3:3:0|0:0:0|1:1:0|0:0:0|4:1:3|0:0:0|1:1:0|1:1:0|0:0:0|4:0:3|0:0:0|0:0:0|2:0:1|1:1:0|0:0:0|0:0:0|0:0:0|0:0:0|0:0:0|2:0:2|0:0:0|1:1:0|2:0:1|0:0:0|0:0:0|3:3:0|2:0:1|3:3:0|4:1:3|0:0:0|0:0:0|0:0:0|3:3:2|2:0:1|0:0:0|0:0:0|1:1:0|2:0:1|3:3:0|4:0:3|0:1:0|1:1:0|0:0:0|0:0:0","4:0:3|0:0:0|1:1:0|0:0:0|0:0:0|3:3:0|0:0:0|1:1:0|0:0:0|4:1:3|0:0:0|1:1:0|1:1:0|1:1:0|4:0:3|0:0:0|0:0:0|2:0:1|1:1:0|0:0:0|0:0:0|0:0:0|0:0:0|0:0:0|2:0:2|0:0:0|1:1:0|2:0:1|1:1:0|0:0:0|3:3:0|2:0:1|3:3:0|4:1:3|0:0:0|0:0:0|0:0:0|3:3:2|2:0:1|0:0:0|0:0:0|1:1:0|2:0:1|3:3:0|4:0:3|1:1:0|1:1:0|0:0:0|0:0:0"
"7x7","7x7-uct-1000","1000","1","33","0.687500","2","1","O40","ML","49","48","50","48","0","0","1","0","0","1","0","1","0","4:0:3|0:0:0|1:1:0|0:0:0|0:0:0|3:3:0|0:0:0|1:1:0|0:0:0|4:1:3|0:0:0|1:1:0|1:1:0|0:0:0|4:0:3|0:0:0|0:0:0|2:0:1|1:1:0|0:0:0|0:0:0|0:0:0|0:0:0|0:0:0|2:0:2|0:0:0|1:1:0|2:0:1|0:0:0|0:0:0|3:3:0|2:0:1|3:3:0|4:1:3|0:0:0|0:0:0|0:0:0|3:3:2|2:0:1|0:0:0|0:0:0|1:1:0|2:0:1|3:3:0|4:0:3|0:1:0|1:1:0|0:0:0|0:0:0","4:0:3|0:0:0|1:1:0|0:0:0|0:0:0|3:3:0|0:0:0|1:1:0|0:0:0|4:1:3|0:0:0|1:1:0|1:1:0|0:0:0|4:0:3|0:0:0|0:0:0|2:0:1|1:1:0|0:0:0|0:0:0|0:0:0|0:0:0|0:0:0|2:0:2|0:0:0|1:1:0|2:0:1|0:1:0|0:0:0|3:3:0|2:0:1|3:3:0|4:1:3|0:0:0|0:0:0|0:0:0|3:3:2|2:0:1|0:0:0|0:0:0|1:1:0|2:0:1|3:3:0|4:0:3|0:1:0|1:1:0|0:0:0|0:0:0","4:0:3|0:0:0|1:1:0|0:0:0|0:0:0|3:3:0|0:0:0|1:1:0|0:0:0|4:1:3|0:0:0|1:1:0|1:1:0|1:1:0|4:0:3|0:0:0|0:0:0|2:0:1|1:1:0|0:0:0|0:0:0|0:0:0|0:0:0|0:0:0|2:0:2|0:0:0|1:1:0|2:0:1|1:1:0|0:0:0|3:3:0|2:0:1|3:3:0|4:1:3|0:0:0|0:0:0|0:0:0|3:3:2|2:0:1|0:0:0|0:0:0|1:1:0|2:0:1|3:3:0|4:0:3|1:1:0|1:1:0|0:0:0|0:0:0"
"7x7","7x7-uct-1000","1000","1","33","0.687500","3","1","O16","LH","50","48","51","48","0","1","1","0","0","1","0","1","0","4:0:3|0:0:0|1:1:0|0:0:0|0:0:0|3:3:0|0:0:0|1:1:0|0:0:0|4:1:3|0:0:0|1:1:0|1:1:0|0:0:0|4:0:3|0:0:0|0:0:0|2:0:1|1:1:0|0:0:0|0:0:0|0:0:0|0:0:0|0:0:0|2:0:2|0:0:0|1:1:0|2:0:1|0:1:0|0:0:0|3:3:0|2:0:1|3:3:0|4:1:3|0:0:0|0:0:0|0:0:0|3:3:2|2:0:1|0:0:0|0:0:0|1:1:0|2:0:1|3:3:0|4:0:3|0:1:0|1:1:0|0:0:0|0:0:0","4:0:3|0:0:0|1:1:0|0:0:0|0:0:0|3:3:0|0:0:0|1:1:0|0:0:0|4:1:3|0:0:0|1:1:0|1:1:0|1:1:0|4:0:3|0:0:0|0:0:0|2:0:1|1:1:0|0:0:0|0:0:0|0:0:0|0:0:0|0:0:0|2:0:2|0:0:0|1:1:0|2:0:1|1:1:0|0:0:0|3:3:0|2:0:1|3:3:0|4:1:3|0:0:0|0:0:0|0:0:0|3:3:2|2:0:1|0:0:0|0:0:0|1:1:0|2:0:1|3:3:0|4:0:3|1:1:0|1:1:0|0:0:0|0:0:0","4:0:3|0:0:0|1:1:0|0:0:0|0:0:0|3:3:0|0:0:0|1:1:0|0:0:0|4:1:3|0:0:0|1:1:0|1:1:0|1:1:0|4:0:3|0:0:0|0:0:0|2:0:1|1:1:0|0:0:0|0:0:0|0:0:0|0:0:0|0:0:0|2:0:2|0:0:0|1:1:0|2:0:1|1:1:0|0:0:0|3:3:0|2:0:1|3:3:0|4:1:3|0:0:0|0:0:0|0:0:0|3:3:2|2:0:1|0:0:0|0:0:0|1:1:0|2:0:1|3:3:0|4:0:3|1:1:0|1:1:0|0:0:0|0:0:0"
"7x7","7x7-uct-1000","1000","1","34","0.708333","2","2","O33","MM","51","49","51","50","2","2","4","0","2","0","3","0","3","4:0:3|0:0:0|1:1:0|0:0:0|0:0:0|3:3:0|0:0:0|1:1:0|0:0:0|4:1:3|0:0:0|1:1:0|1:1:0|1:1:0|4:0:3|0:0:0|0:0:0|2:0:1|1:1:0|0:0:0|0:0:0|0:0:0|0:0:0|0:0:0|2:0:2|0:0:0|1:1:0|2:0:1|1:1:0|0:0:0|3:3:0|2:0:1|3:3:0|4:1:3|0:0:0|0:0:0|0:0:0|3:3:2|2:0:1|0:0:0|0:0:0|1:1:0|2:0:1|3:3:0|4:0:3|1:1:0|1:1:0|0:0:0|0:0:0","4:0:3|0:0:0|1:1:0|0:0:0|0:0:0|3:3:0|0:0:0|1:1:0|0:0:0|4:1:3|0:0:0|1:1:0|1:1:0|1:1:0|4:0:3|0:0:0|0:0:0|2:0:1|1:1:0|0:0:0|0:0:0|0:0:0|0:0:0|0:0:0|2:0:3|0:0:0|1:1:0|2:0:1|1:1:0|0:0:0|3:3:0|2:0:1|3:3:0|4:1:3|0:0:0|0:0:0|0:0:0|3:3:2|2:0:1|0:0:0|0:0:0|1:1:0|2:0:1|3:3:0|4:0:3|1:1:0|1:1:0|0:0:0|0:0:0","4:0:3|0:0:0|1:1:0|0:0:0|0:0:0|3:3:0|0:0:0|1:1:0|0:0:0|4:1:3|0:0:0|1:1:0|1:1:0|1:1:0|4:0:3|0:0:0|0:0:0|2:0:2|1:1:0|0:0:0|0:0:0|0:0:0|0:0:0|0:0:0|4:0:3|0:0:0|1:1:0|2:0:1|1:1:0|0:0:0|3:3:0|2:0:1|3:3:0|4:1:3|0:0:0|0:0:0|0:0:0|3:3:2|2:0:1|0:0:0|0:0:0|1:1:0|2:0:1|3:3:0|4:0:3|1:1:0|1:1:0|0:0:0|0:0:0"
"7x7","7x7-uct-1000","1000","1","34","0.708333","3","2","O23","MM","51","50","51","51","2","2","2","0","1","0","2","0","2","4:0:3|0:0:0|1:1:0|0:0:0|0:0:0|3:3:0|0:0:0|1:1:0|0:0:0|4:1:3|0:0:0|1:1:0|1:1:0|1:1:0|4:0:3|0:0:0|0:0:0|2:0:1|1:1:0|0:0:0|0:0:0|0:0:0|0:0:0|0:0:0|2:0:3|0:0:0|1:1:0|2:0:1|1:1:0|0:0:0|3:3:0|2:0:1|3:3:0|4:1:3|0:0:0|0:0:0|0:0:0|3:3:2|2:0:1|0:0:0|0:0:0|1:1:0|2:0:1|3:3:0|4:0:3|1:1:0|1:1:0|0:0:0|0:0:0","4:0:3|0:0:0|1:1:0|0:0:0|0:0:0|3:3:0|0:0:0|1:1:0|0:0:0|4:1:3|0:0:0|1:1:0|1:1:0|1:1:0|4:0:3|0:0:0|0:0:0|2:0:2|1:1:0|0:0:0|0:0:0|0:0:0|0:0:0|0:0:0|4:0:3|0:0:0|1:1:0|2:0:1|1:1:0|0:0:0|3:3:0|2:0:1|3:3:0|4:1:3|0:0:0|0:0:0|0:0:0|3:3:2|2:0:1|0:0:0|0:0:0|1:1:0|2:0:1|3:3:0|4:0:3|1:1:0|1:1:0|0:0:0|0:0:0","4:0:3|0:0:0|1:1:0|0:0:0|0:0:0|3:3:0|0:0:0|1:1:0|0:0:0|4:1:3|0:0:0|1:1:0|1:1:0|1:1:0|4:0:3|0:0:0|0:0:0|2:0:2|1:1:0|0:0:0|0:0:0|0:0:0|0:0:0|0:0:0|4:0:3|0:0:0|1:1:0|2:0:1|1:1:0|0:0:0|3:3:0|2:0:1|3:3:0|4:1:3|0:0:0|0:0:0|0:0:0|3:3:2|2:0:1|0:0:0|0:0:0|1:1:0|2:0:1|3:3:0|4:0:3|1:1:0|1:1:0|0:0:0|0:0:0"
"7x7","7x7-uct-1000","1000","1","35","0.729167","1","1","O63","HM","51","51","52","51","1","1","1","1","0","2","0","2","0","4:0:3|0:0:0|1:1:0|0:0:0|0:0:0|3:3:0|0:0:0|1:1:0|0:0:0|4:1:3|0:0:0|1:1:0|1:1:0|1:1:0|4:0:3|0:0:0|0:0:0|2:0:2|1:1:0|0:0:0|0:0:0|0:0:0|0:0:0|0:0:0|4:0:3|0:0:0|1:1:0|2:0:1|1:1:0|0:0:0|3:3:0|2:0:1|3:3:0|4:1:3|0:0:0|0:0:0|0:0:0|3:3:2|2:0:1|0:0:0|0:0:0|1:1:0|2:0:1|3:3:0|4:0:3|1:1:0|1:1:0|0:0:0|0:0:0","4:0:3|0:0:0|1:1:0|0:0:0|0:0:0|3:3:0|0:0:0|1:1:0|0:0:0|4:1:3|0:0:0|1:1:0|1:1:0|1:1:0|4:0:3|0:0:0|0:0:0|2:0:2|1:1:0|0:0:0|0:0:0|0:0:0|0:0:0|0:0:0|4:0:3|0:0:0|1:1:0|2:0:1|1:1:0|0:0:0|3:3:0|2:0:1|3:3:0|4:1:3|0:0:0|0:0:0|0:0:0|3:3:2|2:0:1|0:0:0|0:0:0|1:1:0|2:0:1|3:3:0|4:0:3|1:2:0|1:1:0|0:0:0|0:0:0","4:0:3|0:0:0|1:1:0|0:0:0|0:0:0|3:3:0|0:0:0|1:1:0|0:0:0|4:1:3|0:0:0|1:1:0|1:1:0|1:1:0|4:0:3|0:0:0|0:0:0|2:0:2|1:1:0|0:0:0|0:0:0|0:0:0|0:0:0|0:0:0|4:0:3|0:0:0|1:1:0|2:0:1|1:2:0|0:0:0|3:3:0|2:0:1|3:3:0|4:1:3|0:0:0|0:0:0|0:0:0|3:3:2|2:0:1|0:0:0|0:0:0|1:1:0|2:0:1|3:3:0|4:0:3|1:2:0|1:1:0|0:0:0|0:0:0"
"7x7","7x7-uct-1000","1000","1","35","0.729167","2","1","O40","ML","52","51","53","51","1","1","1","1","0","2","0","2","0","4:0:3|0:0:0|1:1:0|0:0:0|0:0:0|3:3:0|0:0:0|1:1:0|0:0:0|4:1:3|0:0:0|1:1:0|1:1:0|1:1:0|4:0:3|0:0:0|0:0:0|2:0:2|1:1:0|0:0:0|0:0:0|0:0:0|0:0:0|0:0:0|4:0:3|0:0:0|1:1:0|2:0:1|1:1:0|0:0:0|3:3:0|2:0:1|3:3:0|4:1:3|0:0:0|0:0:0|0:0:0|3:3:2|2:0:1|0:0:0|0:0:0|1:1:0|2:0:1|3:3:0|4:0:3|1:2:0|1:1:0|0:0:0|0:0:0","4:0:3|0:0:0|1:1:0|0:0:0|0:0:0|3:3:0|0:0:0|1:1:0|0:0:0|4:1:3|0:0:0|1:1:0|1:1:0|1:1:0|4:0:3|0:0:0|0:0:0|2:0:2|1:1:0|0:0:0|0:0:0|0:0:0|0:0:0|0:0:0|4:0:3|0:0:0|1:1:0|2:0:1|1:2:0|0:0:0|3:3:0|2:0:1|3:3:0|4:1:3|0:0:0|0:0:0|0:0:0|3:3:2|2:0:1|0:0:0|0:0:0|1:1:0|2:0:1|3:3:0|4:0:3|1:2:0|1:1:0|0:0:0|0:0:0","4:0:3|0:0:0|1:1:0|0:0:0|0:0:0|3:3:0|0:0:0|1:1:0|0:0:0|4:1:3|0:0:0|1:1:0|1:1:0|1:1:0|4:0:3|0:0:0|0:0:0|2:0:2|1:1:0|0:0:0|0:0:0|0:0:0|0:0:0|0:0:0|4:0:3|0:0:0|1:1:0|2:0:1|1:2:0|0:0:0|3:3:0|2:0:1|3:3:0|4:1:3|0:0:0|0:0:0|0:0:0|3:3:2|2:0:1|0:0:0|0:0:0|1:1:0|2:0:1|3:3:0|4:0:3|1:2:0|1:1:0|0:0:0|0:0:0"
"7x7","7x7-uct-1000","1000","1","36","0.750000","1","2","O23","MM","54","51","54","52","2","2","4","0","2","0","3","0","3","4:0:3|0:0:0|1:1:0|0:0:0|0:0:0|3:3:0|0:0:0|1:1:0|0:0:0|4:1:3|0:0:0|1:1:0|1:1:0|1:1:0|4:0:3|0:0:0|0:0:0|2:0:2|1:1:0|0:0:0|0:0:0|0:0:0|0:0:0|0:0:0|4:0:3|0:0:0|1:1:0|2:0:1|1:2:0|0:0:0|3:3:0|2:0:1|3:3:0|4:1:3|0:0:0|0:0:0|0:0:0|3:3:2|2:0:1|0:0:0|0:0:0|1:1:0|2:0:1|3:3:0|4:0:3|1:2:0|1:1:0|0:0:0|0:0:0","4:0:3|0:0:0|1:1:0|0:0:0|0:0:0|3:3:0|0:0:0|1:1:0|0:0:0|4:1:3|0:0:0|1:1:0|1:1:0|1:1:0|4:0:3|0:0:0|0:0:0|2:0:3|1:1:0|0:0:0|0:0:0|0:0:0|0:0:0|0:0:0|4:0:3|0:0:0|1:1:0|2:0:1|1:2:0|0:0:0|3:3:0|2:0:1|3:3:0|4:1:3|0:0:0|0:0:0|0:0:0|3:3:2|2:0:1|0:0:0|0:0:0|1:1:0|2:0:1|3:3:0|4:0:3|1:2:0|1:1:0|0:0:0|0:0:0","4:0:3|0:0:0|1:1:0|0:0:0|0:0:0|3:3:0|0:0:0|1:1:0|0:0:0|4:1:3|0:0:0|1:1:0|1:1:0|1:1:0|4:0:3|0:0:0|0:0:0|4:0:3|1:1:0|0:0:0|0:0:0|0:0:0|0:0:0|0:0:0|4:0:3|0:0:0|1:1:0|2:0:1|1:2:0|0:0:0|3:3:0|2:0:1|3:3:0|4:1:3|0:0:0|0:0:0|0:0:0|3:3:2|2:0:1|0:0:0|0:0:0|1:1:0|2:0:1|3:3:0|4:0:3|1:2:0|1:1:0|0:0:0|0:0:0"
"7x7","7x7-uct-1000","1000","1","37","0.770833","1","1","O63","HM","54","54","55","54","1","1","3","2","0","3","0","3","0","4:0:3|0:0:0|1:1:0|0:0:0|0:0:0|3:3:0|0:0:0|1:1:0|0:0:0|4:1:3|0:0:0|1:1:0|1:1:0|1:1:0|4:0:3|0:0:0|0:0:0|4:0:3|1:1:0|0:0:0|0:0:0|0:0:0|0:0:0|0:0:0|4:0:3|0:0:0|1:1:0|2:0:1|1:2:0|0:0:0|3:3:0|2:0:1|3:3:0|4:1:3|0:0:0|0:0:0|0:0:0|3:3:2|2:0:1|0:0:0|0:0:0|1:1:0|2:0:1|3:3:0|4:0:3|1:2:0|1:1:0|0:0:0|0:0:0","4:0:3|0:0:0|1:1:0|0:0:0|0:0:0|3:3:0|0:0:0|1:1:0|0:0:0|4:1:3|0:0:0|1:1:0|1:1:0|1:1:0|4:0:3|0:0:0|0:0:0|4:0:3|1:1:0|0:0:0|0:0:0|0:0:0|0:0:0|0:0:0|4:0:3|0:0:0|1:1:0|2:0:1|1:2:0|0:0:0|3:3:0|2:0:1|3:3:0|4:1:3|0:0:0|0:0:0|0:0:0|3:3:2|2:0:1|0:0:0|0:0:0|1:1:0|2:0:1|3:3:0|4:0:3|1:3:0|1:1:0|0:0:0|0:0:0","4:0:3|0:0:0|1:1:0|0:0:0|0:0:0|3:3:0|0:0:0|1:1:0|0:0:0|4:1:3|0:0:0|1:1:0|1:1:0|1:2:0|4:0:3|0:0:0|0:0:0|4:0:3|1:1:0|0:0:0|0:0:0|0:0:0|0:0:0|0:0:0|4:0:3|0:0:0|1:1:0|2:0:1|3:3:0|0:0:0|3:3:0|2:0:1|3:3:0|4:1:3|0:0:0|0:0:0|0:0:0|3:3:2|2:0:1|0:0:0|0:0:0|1:1:0|2:0:1|3:3:0|4:0:3|3:3:0|1:1:0|0:0:0|0:0:0"
"7x7","7x7-uct-1000","1000","1","37","0.770833","2","1","O40","ML","55","54","56","54","1","1","3","2","0","3","0","3","0","4:0:3|0:0:0|1:1:0|0:0:0|0:0:0|3:3:0|0:0:0|1:1:0|0:0:0|4:1:3|0:0:0|1:1:0|1:1:0|1:1:0|4:0:3|0:0:0|0:0:0|4:0:3|1:1:0|0:0:0|0:0:0|0:0:0|0:0:0|0:0:0|4:0:3|0:0:0|1:1:0|2:0:1|1:2:0|0:0:0|3:3:0|2:0:1|3:3:0|4:1:3|0:0:0|0:0:0|0:0:0|3:3:2|2:0:1|0:0:0|0:0:0|1:1:0|2:0:1|3:3:0|4:0:3|1:3:0|1:1:0|0:0:0|0:0:0","4:0:3|0:0:0|1:1:0|0:0:0|0:0:0|3:3:0|0:0:0|1:1:0|0:0:0|4:1:3|0:0:0|1:1:0|1:1:0|1:1:0|4:0:3|0:0:0|0:0:0|4:0:3|1:1:0|0:0:0|0:0:0|0:0:0|0:0:0|0:0:0|4:0:3|0:0:0|1:1:0|2:0:1|1:3:0|0:0:0|3:3:0|2:0:1|3:3:0|4:1:3|0:0:0|0:0:0|0:0:0|3:3:2|2:0:1|0:0:0|0:0:0|1:1:0|2:0:1|3:3:0|4:0:3|1:3:0|1:1:0|0:0:0|0:0:0","4:0:3|0:0:0|1:1:0|0:0:0|0:0:0|3:3:0|0:0:0|1:1:0|0:0:0|4:1:3|0:0:0|1:1:0|1:1:0|1:2:0|4:0:3|0:0:0|0:0:0|4:0:3|1:1:0|0:0:0|0:0:0|0:0:0|0:0:0|0:0:0|4:0:3|0:0:0|1:1:0|2:0:1|3:3:0|0:0:0|3:3:0|2:0:1|3:3:0|4:1:3|0:0:0|0:0:0|0:0:0|3:3:2|2:0:1|0:0:0|0:0:0|1:1:0|2:0:1|3:3:0|4:0:3|3:3:0|1:1:0|0:0:0|0:0:0"
"7x7","7x7-uct-1000","1000","1","37","0.770833","3","1","O16","LH","56","54","57","54","1","1","1","1","0","2","0","2","0","4:0:3|0:0:0|1:1:0|0:0:0|0:0:0|3:3:0|0:0:0|1:1:0|0:0:0|4:1:3|0:0:0|1:1:0|1:1:0|1:1:0|4:0:3|0:0:0|0:0:0|4:0:3|1:1:0|0:0:0|0:0:0|0:0:0|0:0:0|0:0:0|4:0:3|0:0:0|1:1:0|2:0:1|1:3:0|0:0:0|3:3:0|2:0:1|3:3:0|4:1:3|0:0:0|0:0:0|0:0:0|3:3:2|2:0:1|0:0:0|0:0:0|1:1:0|2:0:1|3:3:0|4:0:3|1:3:0|1:1:0|0:0:0|0:0:0","4:0:3|0:0:0|1:1:0|0:0:0|0:0:0|3:3:0|0:0:0|1:1:0|0:0:0|4:1:3|0:0:0|1:1:0|1:1:0|1:2:0|4:0:3|0:0:0|0:0:0|4:0:3|1:1:0|0:0:0|0:0:0|0:0:0|0:0:0|0:0:0|4:0:3|0:0:0|1:1:0|2:0:1|3:3:0|0:0:0|3:3:0|2:0:1|3:3:0|4:1:3|0:0:0|0:0:0|0:0:0|3:3:2|2:0:1|0:0:0|0:0:0|1:1:0|2:0:1|3:3:0|4:0:3|3:3:0|1:1:0|0:0:0|0:0:0","4:0:3|0:0:0|1:1:0|0:0:0|0:0:0|3:3:0|0:0:0|1:1:0|0:0:0|4:1:3|0:0:0|1:1:0|1:1:0|1:2:0|4:0:3|0:0:0|0:0:0|4:0:3|1:1:0|0:0:0|0:0:0|0:0:0|0:0:0|0:0:0|4:0:3|0:0:0|1:1:0|2:0:1|3:3:0|0:0:0|3:3:0|2:0:1|3:3:0|4:1:3|0:0:0|0:0:0|0:0:0|3:3:2|2:0:1|0:0:0|0:0:0|1:1:0|2:0:1|3:3:0|4:0:3|3:3:0|1:1:0|0:0:0|0:0:0"
"7x7","7x7-uct-1000","1000","1","38","0.791667","1","2","O43","MM","57","54","57","55","2","2","4","0","1","0","2","0","3","4:0:3|0:0:0|1:1:0|0:0:0|0:0:0|3:3:0|0:0:0|1:1:0|0:0:0|4:1:3|0:0:0|1:1:0|1:1:0|1:2:0|4:0:3|0:0:0|0:0:0|4:0:3|1:1:0|0:0:0|0:0:0|0:0:0|0:0:0|0:0:0|4:0:3|0:0:0|1:1:0|2:0:1|3:3:0|0:0:0|3:3:0|2:0:1|3:3:0|4:1:3|0:0:0|0:0:0|0:0:0|3:3:2|2:0:1|0:0:0|0:0:0|1:1:0|2:0:1|3:3:0|4:0:3|3:3:0|1:1:0|0:0:0|0:0:0","4:0:3|0:0:0|1:1:0|0:0:0|0:0:0|3:3:0|0:0:0|1:1:0|0:0:0|4:1:3|0:0:0|1:1:0|1:1:0|1:2:0|4:0:3|0:0:0|0:0:0|4:0:3|1:1:0|0:0:0|0:0:0|0:0:0|0:0:0|0:0:0|4:0:3|0:0:0|1:1:0|2:0:1|3:3:0|0:0:0|3:3:0|2:0:2|3:3:0|4:1:3|0:0:0|0:0:0|0:0:0|3:3:2|2:0:1|0:0:0|0:0:0|1:1:0|2:0:1|3:3:0|4:0:3|3:3:0|1:1:0|0:0:0|0:0:0","4:0:3|0:0:0|1:1:0|0:0:0|0:0:0|3:3:0|0:0:0|1:1:0|0:0:0|4:1:3|0:0:0|1:1:0|1:1:0|1:2:0|4:0:3|0:0:0|0:0:0|4:0:3|1:1:0|0:0:0|0:0:0|0:0:0|0:0:0|2:0:1|4:0:3|0:0:0|1:1:0|2:0:1|3:3:0|0:0:0|3:3:0|4:0:3|3:3:0|4:1:3|0:0:0|0:0:0|0:0:0|3:3:2|2:0:1|0:0:0|0:0:0|1:1:0|2:0:1|3:3:0|4:0:3|3:3:0|1:1:0|0:0:0|0:0:0"
"7x7","7x7-uct-1000","1000","1","38","0.791667","2","2","O43","MM","57","55","57","56","2","2","4","0","2","0","3","0","3","4:0:3|0:0:0|1:1:0|0:0:0|0:0:0|3:3:0|0:0:0|1:1:0|0:0:0|4:1:3|0:0:0|1:1:0|1:1:0|1:2:0|4:0:3|0:0:0|0:0:0|4:0:3|1:1:0|0:0:0|0:0:0|0:0:0|0:0:0|0:0:0|4:0:3|0:0:0|1:1:0|2:0:1|3:3:0|0:0:0|3:3:0|2:0:2|3:3:0|4:1:3|0:0:0|0:0:0|0:0:0|3:3:2|2:0:1|0:0:0|0:0:0|1:1:0|2:0:1|3:3:0|4:0:3|3:3:0|1:1:0|0:0:0|0:0:0","4:0:3|0:0:0|1:1:0|0:0:0|0:0:0|3:3:0|0:0:0|1:1:0|0:0:0|4:1:3|0:0:0|1:1:0|1:1:0|1:2:0|4:0:3|0:0:0|0:0:0|4:0:3|1:1:0|0:0:0|0:0:0|0:0:0|0:0:0|0:0:0|4:0:3|0:0:0|1:1:0|2:0:1|3:3:0|0:0:0|3:3:0|2:0:3|3:3:0|4:1:3|0:0:0|0:0:0|0:0:0|3:3:2|2:0:1|0:0:0|0:0:0|1:1:0|2:0:1|3:3:0|4:0:3|3:3:0|1:1:0|0:0:0|0:0:0","4:0:3|0:0:0|1:1:0|0:0:0|0:0:0|3:3:0|0:0:0|1:1:0|0:0:0|4:1:3|0:0:0|1:1:0|1:1:0|1:2:0|4:0:3|0:0:0|0:0:0|4:0:3|1:1:0|0:0:0|0:0:0|0:0:0|0:0:0|2:0:1|4:0:3|0:0:0|1:1:0|2:0:1|3:3:0|0:0:0|3:3:0|4:0:3|3:3:0|4:1:3|0:0:0|0:0:0|0:0:0|3:3:2|2:0:1|0:0:0|0:0:0|1:1:0|2:0:1|3:3:0|4:0:3|3:3:0|1:1:0|0:0:0|0:0:0"
"7x7","7x7-uct-1000","1000","1","38","0.791667","3","2","O32","MM","57","56","57","57","0","2","2","0","0","0","1","0","1","4:0:3|0:0:0|1:1:0|0:0:0|0:0:0|3:3:0|0:0:0|1:1:0|0:0:0|4:1:3|0:0:0|1:1:0|1:1:0|1:2:0|4:0:3|0:0:0|0:0:0|4:0:3|1:1:0|0:0:0|0:0:0|0:0:0|0:0:0|0:0:0|4:0:3|0:0:0|1:1:0|2:0:1|3:3:0|0:0:0|3:3:0|2:0:3|3:3:0|4:1:3|0:0:0|0:0:0|0:0:0|3:3:2|2:0:1|0:0:0|0:0:0|1:1:0|2:0:1|3:3:0|4:0:3|3:3:0|1:1:0|0:0:0|0:0:0","4:0:3|0:0:0|1:1:0|0:0:0|0:0:0|3:3:0|0:0:0|1:1:0|0:0:0|4:1:3|0:0:0|1:1:0|1:1:0|1:2:0|4:0:3|0:0:0|0:0:0|4:0:3|1:1:0|0:0:0|0:0:0|0:0:0|0:0:0|2:0:1|4:0:3|0:0:0|1:1:0|2:0:1|3:3:0|0:0:0|3:3:0|4:0:3|3:3:0|4:1:3|0:0:0|0:0:0|0:0:0|3:3:2|2:0:1|0:0:0|0:0:0|1:1:0|2:0:1|3:3:0|4:0:3|3:3:0|1:1:0|0:0:0|0:0:0","4:0:3|0:0:0|1:1:0|0:0:0|0:0:0|3:3:0|0:0:0|1:1:0|0:0:0|4:1:3|0:0:0|1:1:0|1:1:0|1:2:0|4:0:3|0:0:0|0:0:0|4:0:3|1:1:0|0:0:0|0:0:0|0:0:0|0:0:0|2:0:1|4:0:3|0:0:0|1:1:0|2:0:1|3:3:0|0:0:0|3:3:0|4:0:3|3:3:0|4:1:3|0:0:0|0:0:0|0:0:0|3:3:2|2:0:1|0:0:0|0:0:0|1:1:0|2:0:1|3:3:0|4:0:3|3:3:0|1:1:0|0:0:0|0:0:0"
"7x7","7x7-uct-1000","1000","1","39","0.812500","1","1","O16","LH","57","57","58","57","1","1","3","2","0","3","0","3","0","4:0:3|0:0:0|1:1:0|0:0:0|0:0:0|3:3:0|0:0:0|1:1:0|0:0:0|4:1:3|0:0:0|1:1:0|1:1:0|1:2:0|4:0:3|0:0:0|0:0:0|4:0:3|1:1:0|0:0:0|0:0:0|0:0:0|0:0:0|2:0:1|4:0:3|0:0:0|1:1:0|2:0:1|3:3:0|0:0:0|3:3:0|4:0:3|3:3:0|4:1:3|0:0:0|0:0:0|0:0:0|3:3:2|2:0:1|0:0:0|0:0:0|1:1:0|2:0:1|3:3:0|4:0:3|3:3:0|1:1:0|0:0:0|0:0:0","4:0:3|0:0:0|1:1:0|0:0:0|0:0:0|3:3:0|0:0:0|1:1:0|0:0:0|4:1:3|0:0:0|1:1:0|1:1:0|1:3:0|4:0:3|0:0:0|0:0:0|4:0:3|1:1:0|0:0:0|0:0:0|0:0:0|0:0:0|2:0:1|4:0:3|0:0:0|1:1:0|2:0:1|3:3:0|0:0:0|3:3:0|4:0:3|3:3:0|4:1:3|0:0:0|0:0:0|0:0:0|3:3:2|2:0:1|0:0:0|0:0:0|1:1:0|2:0:1|3:3:0|4:0:3|3:3:0|1:1:0|0:0:0|0:0:0","4:0:3|0:0:0|1:1:0|0:0:0|0:0:0|3:3:0|0:0:0|1:1:0|0:0:0|4:1:3|0:0:0|1:1:0|1:1:0|3:3:0|4:0:3|0:0:0|0:0:0|4:0:3|1:1:0|0:0:0|0:0:0|0:0:0|0:0:0|2:0:1|4:0:3|0:0:0|1:1:0|2:0:1|3:3:0|0:0:0|3:3:0|4:0:3|3:3:0|4:1:3|0:0:0|0:0:0|0:0:0|3:3:2|2:0:1|0:0:0|0:0:0|1:1:0|2:0:1|3:3:0|4:0:3|3:3:0|1:1:0|0:0:0|0:0:0"
"7x7","7x7-uct-1000","1000","1","40","0.833333","1","2","O53","HM","60","57","60","58","2","2","4","0","1","0","2","0","3","4:0:3|0:0:0|1:1:0|0:0:0|0:0:0|3:3:0|0:0:0|1:1:0|0:0:0|4:1:3|0:0:0|1:1:0|1:1:0|3:3:0|4:0:3|0:0:0|0:0:0|4:0:3|1:1:0|0:0:0|0:0:0|0:0:0|0:0:0|2:0:1|4:0:3|0:0:0|1:1:0|2:0:1|3:3:0|0:0:0|3:3:0|4:0:3|3:3:0|4:1:3|0:0:0|0:0:0|0:0:0|3:3:2|2:0:1|0:0:0|0:0:0|1:1:0|2:0:1|3:3:0|4:0:3|3:3:0|1:1:0|0:0:0|0:0:0","4:0:3|0:0:0|1:1:0|0:0:0|0:0:0|3:3:0|0:0:0|1:1:0|0:0:0|4:1:3|0:0:0|1:1:0|1:1:0|3:3:0|4:0:3|0:0:0|0:0:0|4:0:3|1:1:0|0:0:0|0:0:0|0:0:0|0:0:0|2:0:1|4:0:3|0:0:0|1:1:0|2:0:1|3:3:0|0:0:0|3:3:0|4:0:3|3:3:0|4:1:3|0:0:0|0:0:0|0:0:0|3:3:2|2:0:2|0:0:0|0:0:0|1:1:0|2:0:1|3:3:0|4:0:3|3:3:0|1:1:0|0:0:0|0:0:0","4:0:3|0:0:0|1:1:0|0:0:0|0:0:0|3:3:0|0:0:0|1:1:0|0:0:0|4:1:3|0:0:0|1:1:0|1:1:0|3:3:0|4:0:3|2:0:1|0:0:0|4:0:3|1:1:0|0:0:0|0:0:0|0:0:0|0:0:0|2:0:1|4:0:3|0:0:0|1:1:0|2:0:1|3:3:0|0:0:0|3:3:0|4:0:3|3:3:0|4:1:3|0:0:0|0:0:0|0:0:0|3:3:2|4:0:3|0:0:0|0:0:0|1:1:0|2:0:1|3:3:0|4:0:3|3:3:0|1:1:0|0:0:0|0:0:0"
"7x7","7x7-uct-1000","1000","1","40","0.833333","2","2","O53","HM","60","58","60","59","2","2","4","0","2","0","3","0","3","4:0:3|0:0:0|1:1:0|0:0:0|0:0:0|3:3:0|0:0:0|1:1:0|0:0:0|4:1:3|0:0:0|1:1:0|1:1:0|3:3:0|4:0:3|0:0:0|0:0:0|4:0:3|1:1:0|0:0:0|0:0:0|0:0:0|0:0:0|2:0:1|4:0:3|0:0:0|1:1:0|2:0:1|3:3:0|0:0:0|3:3:0|4:0:3|3:3:0|4:1:3|0:0:0|0:0:0|0:0:0|3:3:2|2:0:2|0:0:0|0:0:0|1:1:0|2:0:1|3:3:0|4:0:3|3:3:0|1:1:0|0:0:0|0:0:0","4:0:3|0:0:0|1:1:0|0:0:0|0:0:0|3:3:0|0:0:0|1:1:0|0:0:0|4:1:3|0:0:0|1:1:0|1:1:0|3:3:0|4:0:3|0:0:0|0:0:0|4:0:3|1:1:0|0:0:0|0:0:0|0:0:0|0:0:0|2:0:1|4:0:3|0:0:0|1:1:0|2:0:1|3:3:0|0:0:0|3:3:0|4:0:3|3:3:0|4:1:3|0:0:0|0:0:0|0:0:0|3:3:2|2:0:3|0:0:0|0:0:0|1:1:0|2:0:1|3:3:0|4:0:3|3:3:0|1:1:0|0:0:0|0:0:0","4:0:3|0:0:0|1:1:0|0:0:0|0:0:0|3:3:0|0:0:0|1:1:0|0:0:0|4:1:3|0:0:0|1:1:0|1:1:0|3:3:0|4:0:3|2:0:1|0:0:0|4:0:3|1:1:0|0:0:0|0:0:0|0:0:0|0:0:0|2:0:1|4:0:3|0:0:0|1:1:0|2:0:1|3:3:0|0:0:0|3:3:0|4:0:3|3:3:0|4:1:3|0:0:0|0:0:0|0:0:0|3:3:2|4:0:3|0:0:0|0:0:0|1:1:0|2:0:1|3:3:0|4:0:3|3:3:0|1:1:0|0:0:0|0:0:0"
"7x7","7x7-uct-1000","1000","1","40","0.833333","3","2","O21","ML","60","59","60","60","0","2","2","0","0","0","1","0","1","4:0:3|0:0:0|1:1:0|0:0:0|0:0:0|3:3:0|0:0:0|1:1:0|0:0:0|4:1:3|0:0:0|1:1:0|1:1:0|3:3:0|4:0:3|0:0:0|0:0:0|4:0:3|1:1:0|0:0:0|0:0:0|0:0:0|0:0:0|2:0:1|4:0:3|0:0:0|1:1:0|2:0:1|3:3:0|0:0:0|3:3:0|4:0:3|3:3:0|4:1:3|0:0:0|0:0:0|0:0:0|3:3:2|2:0:3|0:0:0|0:0:0|1:1:0|2:0:1|3:3:0|4:0:3|3:3:0|1:1:0|0:0:0|0:0:0","4:0:3|0:0:0|1:1:0|0:0:0|0:0:0|3:3:0|0:0:0|1:1:0|0:0:0|4:1:3|0:0:0|1:1:0|1:1:0|3:3:0|4:0:3|2:0:1|0:0:0|4:0:3|1:1:0|0:0:0|0:0:0|0:0:0|0:0:0|2:0:1|4:0:3|0:0:0|1:1:0|2:0:1|3:3:0|0:0:0|3:3:0|4:0:3|3:3:0|4:1:3|0:0:0|0:0:0|0:0:0|3:3:2|4:0:3|0:0:0|0:0:0|1:1:0|2:0:1|3:3:0|4:0:3|3:3:0|1:1:0|0:0:0|0:0:0","4:0:3|0:0:0|1:1:0|0:0:0|0:0:0|3:3:0|0:0:0|1:1:0|0:0:0|4:1:3|0:0:0|1:1:0|1:1:0|3:3:0|4:0:3|2:0:1|0:0:0|4:0:3|1:1:0|0:0:0|0:0:0|0:0:0|0:0:0|2:0:1|4:0:3|0:0:0|1:1:0|2:0:1|3:3:0|0:0:0|3:3:0|4:0:3|3:3:0|4:1:3|0:0:0|0:0:0|0:0:0|3:3:2|4:0:3|0:0:0|0:0:0|1:1:0|2:0:1|3:3:0|4:0:3|3:3:0|1:1:0|0:0:0|0:0:0"
"7x7","7x7-uct-1000","1000","1","41","0.854167","1","1","O56","HH","60","60","61","60","1","1","3","1","0","2","0","3","0","4:0:3|0:0:0|1:1:0|0:0:0|0:0:0|3:3:0|0:0:0|1:1:0|0:0:0|4:1:3|0:0:0|1:1:0|1:1:0|3:3:0|4:0:3|2:0:1|0:0:0|4:0:3|1:1:0|0:0:0|0:0:0|0:0:0|0:0:0|2:0:1|4:0:3|0:0:0|1:1:0|2:0:1|3:3:0|0:0:0|3:3:0|4:0:3|3:3:0|4:1:3|0:0:0|0:0:0|0:0:0|3:3:2|4:0:3|0:0:0|0:0:0|1:1:0|2:0:1|3:3:0|4:0:3|3:3:0|1:1:0|0:0:0|0:0:0","4:0:3|0:0:0|1:1:0|0:0:0|0:0:0|3:3:0|0:0:0|1:1:0|0:0:0|4:1:3|0:0:0|1:1:0|1:1:0|3:3:0|4:0:3|2:0:1|0:0:0|4:0:3|1:1:0|0:0:0|0:0:0|0:0:0|0:0:0|2:0:1|4:0:3|0:0:0|1:1:0|2:0:1|3:3:0|0:0:0|3:3:0|4:0:3|3:3:0|4:1:3|0:0:0|0:0:0|0:0:0|3:3:2|4:0:3|0:0:0|0:0:0|1:2:0|2:0:1|3:3:0|4:0:3|3:3:0|1:1:0|0:0:0|0:0:0","4:0:3|0:0:0|1:1:0|0:0:0|0:0:0|3:3:0|0:0:0|1:1:0|0:0:0|4:1:3|0:0:0|1:1:0|1:1:0|3:3:0|4:0:3|2:0:1|0:0:0|4:0:3|1:1:0|0:0:0|0:0:0|0:0:0|0:0:0|2:0:1|4:0:3|0:0:0|1:2:0|2:0:1|3:3:0|0:0:0|3:3:0|4:0:3|3:3:0|4:1:3|0:0:0|0:0:0|0:0:0|3:3:2|4:0:3|0:0:0|0:0:0|3:3:0|2:0:1|3:3:0|4:0:3|3:3:0|1:1:0|0:0:0|0:0:0"
"7x7","7x7-uct-1000","1000","1","41","0.854167","2","1","O56","HH","61","60","62","60","1","1","3","2","0","3","0","3","0","4:0:3|0:0:0|1:1:0|0:0:0|0:0:0|3:3:0|0:0:0|1:1:0|0:0:0|4:1:3|0:0:0|1:1:0|1:1:0|3:3:0|4:0:3|2:0:1|0:0:0|4:0:3|1:1:0|0:0:0|0:0:0|0:0:0|0:0:0|2:0:1|4:0:3|0:0:0|1:1:0|2:0:1|3:3:0|0:0:0|3:3:0|4:0:3|3:3:0|4:1:3|0:0:0|0:0:0|0:0:0|3:3:2|4:0:3|0:0:0|0:0:0|1:2:0|2:0:1|3:3:0|4:0:3|3:3:0|1:1:0|0:0:0|0:0:0","4:0:3|0:0:0|1:1:0|0:0:0|0:0:0|3:3:0|0:0:0|1:1:0|0:0:0|4:1:3|0:0:0|1:1:0|1:1:0|3:3:0|4:0:3|2:0:1|0:0:0|4:0:3|1:1:0|0:0:0|0:0:0|0:0:0|0:0:0|2:0:1|4:0:3|0:0:0|1:1:0|2:0:1|3:3:0|0:0:0|3:3:0|4:0:3|3:3:0|4:1:3|0:0:0|0:0:0|0:0:0|3:3:2|4:0:3|0:0:0|0:0:0|1:3:0|2:0:1|3:3:0|4:0:3|3:3:0|1:1:0|0:0:0|0:0:0","4:0:3|0:0:0|1:1:0|0:0:0|0:0:0|3:3:0|0:0:0|1:1:0|0:0:0|4:1:3|0:0:0|1:1:0|1:1:0|3:3:0|4:0:3|2:0:1|0:0:0|4:0:3|1:1:0|0:0:0|0:0:0|0:0:0|0:0:0|2:0:1|4:0:3|0:0:0|1:2:0|2:0:1|3:3:0|0:0:0|3:3:0|4:0:3|3:3:0|4:1:3|0:0:0|0:0:0|0:0:0|3:3:2|4:0:3|0:0:0|0:0:0|3:3:0|2:0:1|3:3:0|4:0:3|3:3:0|1:1:0|0:0:0|0:0:0"
"7x7","7x7-uct-1000","1000","1","41","0.854167","3","1","O35","MH","62","60","63","60","1","1","1","1","0","2","0","2","0","4:0:3|0:0:0|1:1:0|0:0:0|0:0:0|3:3:0|0:0:0|1:1:0|0:0:0|4:1:3|0:0:0|1:1:0|1:1:0|3:3:0|4:0:3|2:0:1|0:0:0|4:0:3|1:1:0|0:0:0|0:0:0|0:0:0|0:0:0|2:0:1|4:0:3|0:0:0|1:1:0|2:0:1|3:3:0|0:0:0|3:3:0|4:0:3|3:3:0|4:1:3|0:0:0|0:0:0|0:0:0|3:3:2|4:0:3|0:0:0|0:0:0|1:3:0|2:0:1|3:3:0|4:0:3|3:3:0|1:1:0|0:0:0|0:0:0","4:0:3|0:0:0|1:1:0|0:0:0|0:0:0|3:3:0|0:0:0|1:1:0|0:0:0|4:1:3|0:0:0|1:1:0|1:1:0|3:3:0|4:0:3|2:0:1|0:0:0|4:0:3|1:1:0|0:0:0|0:0:0|0:0:0|0:0:0|2:0:1|4:0:3|0:0:0|1:2:0|2:0:1|3:3:0|0:0:0|3:3:0|4:0:3|3:3:0|4:1:3|0:0:0|0:0:0|0:0:0|3:3:2|4:0:3|0:0:0|0:0:0|3:3:0|2:0:1|3:3:0|4:0:3|3:3:0|1:1:0|0:0:0|0:0:0","4:0:3|0:0:0|1:1:0|0:0:0|0:0:0|3:3:0|0:0:0|1:1:0|0:0:0|4:1:3|0:0:0|1:1:0|1:1:0|3:3:0|4:0:3|2:0:1|0:0:0|4:0:3|1:1:0|0:0:0|0:0:0|0:0:0|0:0:0|2:0:1|4:0:3|0:0:0|1:2:0|2:0:1|3:3:0|0:0:0|3:3:0|4:0:3|3:3:0|4:1:3|0:0:0|0:0:0|0:0:0|3:3:2|4:0:3|0:0:0|0:0:0|3:3:0|2:0:1|3:3:0|4:0:3|3:3:0|1:1:0|0:0:0|0:0:0"
"7x7","7x7-uct-1000","1000","1","42","0.875000","1","2","O32","MM","63","60","63","61","2","2","4","0","1","0","2","0","3","4:0:3|0:0:0|1:1:0|0:0:0|0:0:0|3:3:0|0:0:0|1:1:0|0:0:0|4:1:3|0:0:0|1:1:0|1:1:0|3:3:0|4:0:3|2:0:1|0:0:0|4:0:3|1:1:0|0:0:0|0:0:0|0:0:0|0:0:0|2:0:1|4:0:3|0:0:0|1:2:0|2:0:1|3:3:0|0:0:0|3:3:0|4:0:3|3:3:0|4:1:3|0:0:0|0:0:0|0:0:0|3:3:2|4:0:3|0:0:0|0:0:0|3:3:0|2:0:1|3:3:0|4:0:3|3:3:0|1:1:0|0:0:0|0:0:0","4:0:3|0:0:0|1:1:0|0:0:0|0:0:0|3:3:0|0:0:0|1:1:0|0:0:0|4:1:3|0:0:0|1:1:0|1:1:0|3:3:0|4:0:3|2:0:1|0:0:0|4:0:3|1:1:0|0:0:0|0:0:0|0:0:0|0:0:0|2:0:2|4:0:3|0:0:0|1:2:0|2:0:1|3:3:0|0:0:0|3:3:0|4:0:3|3:3:0|4:1:3|0:0:0|0:0:0|0:0:0|3:3:2|4:0:3|0:0:0|0:0:0|3:3:0|2:0:1|3:3:0|4:0:3|3:3:0|1:1:0|0:0:0|0:0:0","4:0:3|0:0:0|1:1:0|0:0:0|0:0:0|3:3:0|0:0:0|1:1:0|0:0:0|4:1:3|0:0:0|1:1:0|1:1:0|3:3:0|4:0:3|2:0:1|0:0:0|4:0:3|1:1:0|0:0:0|0:0:0|0:0:0|0:0:0|4:0:3|4:0:3|0:0:0|1:2:0|2:0:1|3:3:0|0:0:0|3:3:0|4:0:3|3:3:0|4:1:3|0:0:0|0:0:0|0:0:0|3:3:2|4:0:3|0:0:0|0:0:0|3:3:0|2:0:2|3:3:0|4:0:3|3:3:0|1:1:0|0:0:0|0:0:0"
"7x7","7x7-uct-1000","1000","1","42","0.875000","2","2","O32","MM","63","61","63","62","2","2","4","0","2","0","3","0","3","4:0:3|0:0:0|1:1:0|0:0:0|0:0:0|3:3:0|0:0:0|1:1:0|0:0:0|4:1:3|0:0:0|1:1:0|1:1:0|3:3:0|4:0:3|2:0:1|0:0:0|4:0:3|1:1:0|0:0:0|0:0:0|0:0:0|0:0:0|2:0:2|4:0:3|0:0:0|1:2:0|2:0:1|3:3:0|0:0:0|3:3:0|4:0:3|3:3:0|4:1:3|0:0:0|0:0:0|0:0:0|3:3:2|4:0:3|0:0:0|0:0:0|3:3:0|2:0:1|3:3:0|4:0:3|3:3:0|1:1:0|0:0:0|0:0:0","4:0:3|0:0:0|1:1:0|0:0:0|0:0:0|3:3:0|0:0:0|1:1:0|0:0:0|4:1:3|0:0:0|1:1:0|1:1:0|3:3:0|4:0:3|2:0:1|0:0:0|4:0:3|1:1:0|0:0:0|0:0:0|0:0:0|0:0:0|2:0:3|4:0:3|0:0:0|1:2:0|2:0:1|3:3:0|0:0:0|3:3:0|4:0:3|3:3:0|4:1:3|0:0:0|0:0:0|0:0:0|3:3:2|4:0:3|0:0:0|0:0:0|3:3:0|2:0:1|3:3:0|4:0:3|3:3:0|1:1:0|0:0:0|0:0:0","4:0:3|0:0:0|1:1:0|0:0:0|0:0:0|3:3:0|0:0:0|1:1:0|0:0:0|4:1:3|0:0:0|1:1:0|1:1:0|3:3:0|4:0:3|2:0:1|0:0:0|4:0:3|1:1:0|0:0:0|0:0:0|0:0:0|0:0:0|4:0:3|4:0:3|0:0:0|1:2:0|2:0:1|3:3:0|0:0:0|3:3:0|4:0:3|3:3:0|4:1:3|0:0:0|0:0:0|0:0:0|3:3:2|4:0:3|0:0:0|0:0:0|3:3:0|2:0:2|3:3:0|4:0:3|3:3:0|1:1:0|0:0:0|0:0:0"
"7x7","7x7-uct-1000","1000","1","42","0.875000","3","2","O60","HL","63","62","63","63","2","2","2","0","1","0","2","0","2","4:0:3|0:0:0|1:1:0|0:0:0|0:0:0|3:3:0|0:0:0|1:1:0|0:0:0|4:1:3|0:0:0|1:1:0|1:1:0|3:3:0|4:0:3|2:0:1|0:0:0|4:0:3|1:1:0|0:0:0|0:0:0|0:0:0|0:0:0|2:0:3|4:0:3|0:0:0|1:2:0|2:0:1|3:3:0|0:0:0|3:3:0|4:0:3|3:3:0|4:1:3|0:0:0|0:0:0|0:0:0|3:3:2|4:0:3|0:0:0|0:0:0|3:3:0|2:0:1|3:3:0|4:0:3|3:3:0|1:1:0|0:0:0|0:0:0","4:0:3|0:0:0|1:1:0|0:0:0|0:0:0|3:3:0|0:0:0|1:1:0|0:0:0|4:1:3|0:0:0|1:1:0|1:1:0|3:3:0|4:0:3|2:0:1|0:0:0|4:0:3|1:1:0|0:0:0|0:0:0|0:0:0|0:0:0|4:0:3|4:0:3|0:0:0|1:2:0|2:0:1|3:3:0|0:0:0|3:3:0|4:0:3|3:3:0|4:1:3|0:0:0|0:0:0|0:0:0|3:3:2|4:0:3|0:0:0|0:0:0|3:3:0|2:0:2|3:3:0|4:0:3|3:3:0|1:1:0|0:0:0|0:0:0","4:0:3|0:0:0|1:1:0|0:0:0|0:0:0|3:3:0|0:0:0|1:1:0|0:0:0|4:1:3|0:0:0|1:1:0|1:1:0|3:3:0|4:0:3|2:0:1|0:0:0|4:0:3|1:1:0|0:0:0|0:0:0|0:0:0|0:0:0|4:0:3|4:0:3|0:0:0|1:2:0|2:0:1|3:3:0|0:0:0|3:3:0|4:0:3|3:3:0|4:1:3|0:0:0|0:0:0|0:0:0|3:3:2|4:0:3|0:0:0|0:0:0|3:3:0|2:0:2|3:3:0|4:0:3|3:3:0|1:1:0|0:0:0|0:0:0"
"7x7","7x7-uct-1000","1000","1","43","0.895833","1","1","O35","MH","63","63","64","63","1","1","3","2","0","3","0","3","0","4:0:3|0:0:0|1:1:0|0:0:0|0:0:0|3:3:0|0:0:0|1:1:0|0:0:0|4:1:3|0:0:0|1:1:0|1:1:0|3:3:0|4:0:3|2:0:1|0:0:0|4:0:3|1:1:0|0:0:0|0:0:0|0:0:0|0:0:0|4:0:3|4:0:3|0:0:0|1:2:0|2:0:1|3:3:0|0:0:0|3:3:0|4:0:3|3:3:0|4:1:3|0:0:0|0:0:0|0:0:0|3:3:2|4:0:3|0:0:0|0:0:0|3:3:0|2:0:2|3:3:0|4:0:3|3:3:0|1:1:0|0:0:0|0:0:0","4:0:3|0:0:0|1:1:0|0:0:0|0:0:0|3:3:0|0:0:0|1:1:0|0:0:0|4:1:3|0:0:0|1:1:0|1:1:0|3:3:0|4:0:3|2:0:1|0:0:0|4:0:3|1:1:0|0:0:0|0:0:0|0:0:0|0:0:0|4:0:3|4:0:3|0:0:0|1:3:0|2:0:1|3:3:0|0:0:0|3:3:0|4:0:3|3:3:0|4:1:3|0:0:0|0:0:0|0:0:0|3:3:2|4:0:3|0:0:0|0:0:0|3:3:0|2:0:2|3:3:0|4:0:3|3:3:0|1:1:0|0:0:0|0:0:0","4:0:3|0:0:0|1:1:0|0:0:0|0:0:0|3:3:0|0:0:0|1:1:0|0:0:0|4:1:3|0:0:0|1:1:0|1:1:0|3:3:0|4:0:3|2:0:1|0:0:0|4:0:3|1:1:0|0:0:0|0:0:0|0:0:0|0:0:0|4:0:3|4:0:3|0:0:0|3:3:0|2:0:1|3:3:0|0:0:0|3:3:0|4:0:3|3:3:0|4:1:3|0:0:0|0:0:0|0:0:0|3:3:2|4:0:3|0:0:0|1:1:0|3:3:0|2:0:2|3:3:0|4:0:3|3:3:0|1:1:0|0:0:0|0:0:0"
"7x7","7x7-uct-1000","1000","1","43","0.895833","2","1","O55","HH","64","63","65","63","0","0","1","0","0","1","0","1","0","4:0:3|0:0:0|1:1:0|0:0:0|0:0:0|3:3:0|0:0:0|1:1:0|0:0:0|4:1:3|0:0:0|1:1:0|1:1:0|3:3:0|4:0:3|2:0:1|0:0:0|4:0:3|1:1:0|0:0:0|0:0:0|0:0:0|0:0:0|4:0:3|4:0:3|0:0:0|1:3:0|2:0:1|3:3:0|0:0:0|3:3:0|4:0:3|3:3:0|4:1:3|0:0:0|0:0:0|0:0:0|3:3:2|4:0:3|0:0:0|0:0:0|3:3:0|2:0:2|3:3:0|4:0:3|3:3:0|1:1:0|0:0:0|0:0:0","4:0:3|0:0:0|1:1:0|0:0:0|0:0:0|3:3:0|0:0:0|1:1:0|0:0:0|4:1:3|0:0:0|1:1:0|1:1:0|3:3:0|4:0:3|2:0:1|0:0:0|4:0:3|1:1:0|0:0:0|0:0:0|0:0:0|0:0:0|4:0:3|4:0:3|0:0:0|1:3:0|2:0:1|3:3:0|0:0:0|3:3:0|4:0:3|3:3:0|4:1:3|0:0:0|0:0:0|0:0:0|3:3:2|4:0:3|0:0:0|0:1:0|3:3:0|2:0:2|3:3:0|4:0:3|3:3:0|1:1:0|0:0:0|0:0:0","4:0:3|0:0:0|1:1:0|0:0:0|0:0:0|3:3:0|0:0:0|1:1:0|0:0:0|4:1:3|0:0:0|1:1:0|1:1:0|3:3:0|4:0:3|2:0:1|0:0:0|4:0:3|1:1:0|0:0:0|0:0:0|0:0:0|0:0:0|4:0:3|4:0:3|0:0:0|3:3:0|2:0:1|3:3:0|0:0:0|3:3:0|4:0:3|3:3:0|4:1:3|0:0:0|0:0:0|0:0:0|3:3:2|4:0:3|0:0:0|1:1:0|3:3:0|2:0:2|3:3:0|4:0:3|3:3:0|1:1:0|0:0:0|0:0:0"
"7x7","7x7-uct-1000","1000","1","44","0.916667","1","2","O60","HL","66","63","66","64","2","2","4","0","2","0","3","0","3","4:0:3|0:0:0|1:1:0|0:0:0|0:0:0|3:3:0|0:0:0|1:1:0|0:0:0|4:1:3|0:0:0|1:1:0|1:1:0|3:3:0|4:0:3|2:0:1|0:0:0|4:0:3|1:1:0|0:0:0|0:0:0|0:0:0|0:0:0|4:0:3|4:0:3|0:0:0|3:3:0|2:0:1|3:3:0|0:0:0|3:3:0|4:0:3|3:3:0|4:1:3|0:0:0|0:0:0|0:0:0|3:3:2|4:0:3|0:0:0|1:1:0|3:3:0|2:0:2|3:3:0|4:0:3|3:3:0|1:1:0|0:0:0|0:0:0","4:0:3|0:0:0|1:1:0|0:0:0|0:0:0|3:3:0|0:0:0|1:1:0|0:0:0|4:1:3|0:0:0|1:1:0|1:1:0|3:3:0|4:0:3|2:0:1|0:0:0|4:0:3|1:1:0|0:0:0|0:0:0|0:0:0|0:0:0|4:0:3|4:0:3|0:0:0|3:3:0|2:0:1|3:3:0|0:0:0|3:3:0|4:0:3|3:3:0|4:1:3|0:0:0|0:0:0|0:0:0|3:3:2|4:0:3|0:0:0|1:1:0|3:3:0|2:0:3|3:3:0|4:0:3|3:3:0|1:1:0|0:0:0|0:0:0","4:0:3|0:0:0|1:1:0|0:0:0|0:0:0|3:3:0|0:0:0|1:1:0|0:0:0|4:1:3|0:0:0|1:1:0|0:1:1|3:3:0|4:0:3|2:0:1|0:0:0|4:0:3|1:1:0|0:0:0|0:0:0|0:0:0|0:0:0|4:0:3|4:0:3|0:0:0|3:3:0|2:0:1|3:3:0|0:0:0|3:3:0|4:0:3|3:3:0|4:1:3|0:0:0|0:0:0|0:0:0|3:3:2|4:0:3|0:0:0|1:1:0|3:3:0|4:0:3|3:3:0|4:0:3|3:3:0|1:1:0|0:0:0|0:0:0"
"7x7","7x7-uct-1000","1000","1","44","0.916667","3","2","O15","LH","66","65","66","66","1","0","0","1","0","1","1","1","1","4:0:3|0:0:0|1:1:0|0:0:0|0:0:0|3:3:0|0:0:0|1:1:0|0:0:0|4:1:3|0:0:0|1:1:0|1:1:0|3:3:0|4:0:3|2:0:1|0:0:0|4:0:3|1:1:0|0:0:0|0:0:0|0:0:0|0:0:0|4:0:3|4:0:3|0:0:0|3:3:0|2:0:1|3:3:0|0:0:0|3:3:0|4:0:3|3:3:0|4:1:3|0:0:0|0:0:0|0:0:0|3:3:2|4:0:3|0:0:0|1:1:0|3:3:0|2:0:3|3:3:0|4:0:3|3:3:0|1:1:0|0:0:0|0:0:0","4:0:3|0:0:0|1:1:0|0:0:0|0:0:0|3:3:0|0:0:0|1:1:0|0:0:0|4:1:3|0:0:0|1:1:0|0:1:1|3:3:0|4:0:3|2:0:1|0:0:0|4:0:3|1:1:0|0:0:0|0:0:0|0:0:0|0:0:0|4:0:3|4:0:3|0:0:0|3:3:0|2:0:1|3:3:0|0:0:0|3:3:0|4:0:3|3:3:0|4:1:3|0:0:0|0:0:0|0:0:0|3:3:2|4:0:3|0:0:0|1:1:0|3:3:0|4:0:3|3:3:0|4:0:3|3:3:0|1:1:0|0:0:0|0:0:0","4:0:3|0:0:0|1:1:0|0:0:0|0:0:0|3:3:0|0:0:0|1:1:0|0:0:0|4:1:3|0:0:0|1:1:0|0:1:1|3:3:0|4:0:3|2:0:1|0:0:0|4:0:3|1:1:0|0:0:0|0:0:0|0:0:0|0:0:0|4:0:3|4:0:3|0:0:0|3:3:0|2:0:1|3:3:0|0:0:0|3:3:0|4:0:3|3:3:0|4:1:3|0:0:0|0:0:0|0:0:0|3:3:2|4:0:3|0:0:0|1:1:0|3:3:0|4:0:3|3:3:0|4:0:3|3:3:0|1:1:0|0:0:0|0:0:0"
"7x7","7x7-uct-1000","1000","1","45","0.937500","1","1","O64","HM","66","66","67","66","1","1","3","1","0","2","0","3","0","4:0:3|0:0:0|1:1:0|0:0:0|0:0:0|3:3:0|0:0:0|1:1:0|0:0:0|4:1:3|0:0:0|1:1:0|0:1:1|3:3:0|4:0:3|2:0:1|0:0:0|4:0:3|1:1:0|0:0:0|0:0:0|0:0:0|0:0:0|4:0:3|4:0:3|0:0:0|3:3:0|2:0:1|3:3:0|0:0:0|3:3:0|4:0:3|3:3:0|4:1:3|0:0:0|0:0:0|0:0:0|3:3:2|4:0:3|0:0:0|1:1:0|3:3:0|4:0:3|3:3:0|4:0:3|3:3:0|1:1:0|0:0:0|0:0:0","4:0:3|0:0:0|1:1:0|0:0:0|0:0:0|3:3:0|0:0:0|1:1:0|0:0:0|4:1:3|0:0:0|1:1:0|0:1:1|3:3:0|4:0:3|2:0:1|0:0:0|4:0:3|1:1:0|0:0:0|0:0:0|0:0:0|0:0:0|4:0:3|4:0:3|0:0:0|3:3:0|2:0:1|3:3:0|0:0:0|3:3:0|4:0:3|3:3:0|4:1:3|0:0:0|0:0:0|0:0:0|3:3:2|4:0:3|0:0:0|1:1:0|3:3:0|4:0:3|3:3:0|4:0:3|3:3:0|1:2:0|0:0:0|0:0:0","4:0:3|0:0:0|1:1:0|0:0:0|0:0:0|3:3:0|1:1:0|1:1:0|0:0:0|4:1:3|0:0:0|1:1:0|0:1:1|3:3:0|4:0:3|2:0:1|0:0:0|4:0:3|1:1:0|0:0:0|0:0:0|0:0:0|0:0:0|4:0:3|4:0:3|0:0:0|3:3:0|2:0:1|3:3:0|0:0:0|3:3:0|4:0:3|3:3:0|4:1:3|0:0:0|0:0:0|0:0:0|3:3:2|4:0:3|0:0:0|1:1:0|3:3:0|4:0:3|3:3:0|4:0:3|3:3:0|3:3:0|0:0:0|0:0:0"
"7x7","7x7-uct-1000","1000","1","45","0.937500","2","1","O64","HM","67","66","68","66","1","1","3","2","0","3","0","3","0","4:0:3|0:0:0|1:1:0|0:0:0|0:0:0|3:3:0|0:0:0|1:1:0|0:0:0|4:1:3|0:0:0|1:1:0|0:1:1|3:3:0|4:0:3|2:0:1|0:0:0|4:0:3|1:1:0|0:0:0|0:0:0|0:0:0|0:0:0|4:0:3|4:0:3|0:0:0|3:3:0|2:0:1|3:3:0|0:0:0|3:3:0|4:0:3|3:3:0|4:1:3|0:0:0|0:0:0|0:0:0|3:3:2|4:0:3|0:0:0|1:1:0|3:3:0|4:0:3|3:3:0|4:0:3|3:3:0|1:2:0|0:0:0|0:0:0","4:0:3|0:0:0|1:1:0|0:0:0|0:0:0|3:3:0|0:0:0|1:1:0|0:0:0|4:1:3|0:0:0|1:1:0|0:1:1|3:3:0|4:0:3|2:0:1|0:0:0|4:0:3|1:1:0|0:0:0|0:0:0|0:0:0|0:0:0|4:0:3|4:0:3|0:0:0|3:3:0|2:0:1|3:3:0|0:0:0|3:3:0|4:0:3|3:3:0|4:1:3|0:0:0|0:0:0|0:0:0|3:3:2|4:0:3|0:0:0|1:1:0|3:3:0|4:0:3|3:3:0|4:0:3|3:3:0|1:3:0|0:0:0|0:0:0","4:0:3|0:0:0|1:1:0|0:0:0|0:0:0|3:3:0|1:1:0|1:1:0|0:0:0|4:1:3|0:0:0|1:1:0|0:1:1|3:3:0|4:0:3|2:0:1|0:0:0|4:0:3|1:1:0|0:0:0|0:0:0|0:0:0|0:0:0|4:0:3|4:0:3|0:0:0|3:3:0|2:0:1|3:3:0|0:0:0|3:3:0|4:0:3|3:3:0|4:1:3|0:0:0|0:0:0|0:0:0|3:3:2|4:0:3|0:0:0|1:1:0|3:3:0|4:0:3|3:3:0|4:0:3|3:3:0|3:3:0|0:0:0|0:0:0"
"7x7","7x7-uct-1000","1000","1","45","0.937500","3","1","O06","LH","68","66","69","66","0","1","1","0","0","1","0","1","0","4:0:3|0:0:0|1:1:0|0:0:0|0:0:0|3:3:0|0:0:0|1:1:0|0:0:0|4:1:3|0:0:0|1:1:0|0:1:1|3:3:0|4:0:3|2:0:1|0:0:0|4:0:3|1:1:0|0:0:0|0:0:0|0:0:0|0:0:0|4:0:3|4:0:3|0:0:0|3:3:0|2:0:1|3:3:0|0:0:0|3:3:0|4:0:3|3:3:0|4:1:3|0:0:0|0:0:0|0:0:0|3:3:2|4:0:3|0:0:0|1:1:0|3:3:0|4:0:3|3:3:0|4:0:3|3:3:0|1:3:0|0:0:0|0:0:0","4:0:3|0:0:0|1:1:0|0:0:0|0:0:0|3:3:0|1:1:0|1:1:0|0:0:0|4:1:3|0:0:0|1:1:0|0:1:1|3:3:0|4:0:3|2:0:1|0:0:0|4:0:3|1:1:0|0:0:0|0:0:0|0:0:0|0:0:0|4:0:3|4:0:3|0:0:0|3:3:0|2:0:1|3:3:0|0:0:0|3:3:0|4:0:3|3:3:0|4:1:3|0:0:0|0:0:0|0:0:0|3:3:2|4:0:3|0:0:0|1:1:0|3:3:0|4:0:3|3:3:0|4:0:3|3:3:0|3:3:0|0:0:0|0:0:0","4:0:3|0:0:0|1:1:0|0:0:0|0:0:0|3:3:0|1:1:0|1:1:0|0:0:0|4:1:3|0:0:0|1:1:0|0:1:1|3:3:0|4:0:3|2:0:1|0:0:0|4:0:3|1:1:0|0:0:0|0:0:0|0:0:0|0:0:0|4:0:3|4:0:3|0:0:0|3:3:0|2:0:1|3:3:0|0:0:0|3:3:0|4:0:3|3:3:0|4:1:3|0:0:0|0:0:0|0:0:0|3:3:2|4:0:3|0:0:0|1:1:0|3:3:0|4:0:3|3:3:0|4:0:3|3:3:0|3:3:0|0:0:0|0:0:0"
"7x7","7x7-uct-1000","1000","1","46","0.958333","1","2","O22","MM","69","66","69","67","0","0","2","0","0","0","1","0","1","4:0:3|0:0:0|1:1:0|0:0:0|0:0:0|3:3:0|1:1:0|1:1:0|0:0:0|4:1:3|0:0:0|1:1:0|0:1:1|3:3:0|4:0:3|2:0:1|0:0:0|4:0:3|1:1:0|0:0:0|0:0:0|0:0:0|0:0:0|4:0:3|4:0:3|0:0:0|3:3:0|2:0:1|3:3:0|0:0:0|3:3:0|4:0:3|3:3:0|4:1:3|0:0:0|0:0:0|0:0:0|3:3:2|4:0:3|0:0:0|1:1:0|3:3:0|4:0:3|3:3:0|4:0:3|3:3:0|3:3:0|0:0:0|0:0:0","4:0:3|0:0:0|1:1:0|0:0:0|0:0:0|3:3:0|1:1:0|1:1:0|0:0:0|4:1:3|0:0:0|1:1:0|0:1:1|3:3:0|4:0:3|2:0:1|0:0:1|4:0:3|1:1:0|0:0:0|0:0:0|0:0:0|0:0:0|4:0:3|4:0:3|0:0:0|3:3:0|2:0:1|3:3:0|0:0:0|3:3:0|4:0:3|3:3:0|4:1:3|0:0:0|0:0:0|0:0:0|3:3:2|4:0:3|0:0:0|1:1:0|3:3:0|4:0:3|3:3:0|4:0:3|3:3:0|3:3:0|0:0:0|0:0:0","4:0:3|0:0:0|2:1:2|0:0:0|0:0:0|3:3:0|1:1:0|1:1:0|0:0:0|4:1:3|0:0:0|1:1:0|0:1:1|3:3:0|4:0:3|2:0:1|2:0:1|4:0:3|1:1:0|0:0:0|0:0:0|0:0:0|0:0:0|4:0:3|4:0:3|0:0:0|3:3:0|2:0:1|3:3:0|0:0:0|3:3:0|4:0:3|3:3:0|4:1:3|0:0:0|0:0:0|0:0:0|3:3:2|4:0:3|0:0:0|1:1:0|3:3:0|4:0:3|3:3:0|4:0:3|3:3:0|3:3:0|0:0:0|0:0:0"
"7x7","7x7-uct-1000","1000","1","46","0.958333","2","2","O02","LM","69","67","69","68","1","1","2","1","0","1","1","1","2","4:0:3|0:0:0|1:1:0|0:0:0|0:0:0|3:3:0|1:1:0|1:1:0|0:0:0|4:1:3|0:0:0|1:1:0|0:1:1|3:3:0|4:0:3|2:0:1|0:0:1|4:0:3|1:1:0|0:0:0|0:0:0|0:0:0|0:0:0|4:0:3|4:0:3|0:0:0|3:3:0|2:0:1|3:3:0|0:0:0|3:3:0|4:0:3|3:3:0|4:1:3|0:0:0|0:0:0|0:0:0|3:3:2|4:0:3|0:0:0|1:1:0|3:3:0|4:0:3|3:3:0|4:0:3|3:3:0|3:3:0|0:0:0|0:0:0","4:0:3|0:0:0|1:1:1|0:0:0|0:0:0|3:3:0|1:1:0|1:1:0|0:0:0|4:1:3|0:0:0|1:1:0|0:1:1|3:3:0|4:0:3|2:0:1|0:0:1|4:0:3|1:1:0|0:0:0|0:0:0|0:0:0|0:0:0|4:0:3|4:0:3|0:0:0|3:3:0|2:0:1|3:3:0|0:0:0|3:3:0|4:0:3|3:3:0|4:1:3|0:0:0|0:0:0|0:0:0|3:3:2|4:0:3|0:0:0|1:1:0|3:3:0|4:0:3|3:3:0|4:0:3|3:3:0|3:3:0|0:0:0|0:0:0","4:0:3|0:0:0|2:1:2|0:0:0|0:0:0|3:3:0|1:1:0|1:1:0|0:0:0|4:1:3|0:0:0|1:1:0|0:1:1|3:3:0|4:0:3|2:0:1|2:0:1|4:0:3|1:1:0|0:0:0|0:0:0|0:0:0|0:0:0|4:0:3|4:0:3|0:0:0|3:3:0|2:0:1|3:3:0|0:0:0|3:3:0|4:0:3|3:3:0|4:1:3|0:0:0|0:0:0|0:0:0|3:3:2|4:0:3|0:0:0|1:1:0|3:3:0|4:0:3|3:3:0|4:0:3|3:3:0|3:3:0|0:0:0|0:0:0"
"7x7","7x7-uct-1000","1000","1","46","0.958333","3","2","O02","LM","69","68","69","69","1","2","2","1","1","1","2","1","2","4:0:3|0:0:0|1:1:1|0:0:0|0:0:0|3:3:0|1:1:0|1:1:0|0:0:0|4:1:3|0:0:0|1:1:0|0:1:1|3:3:0|4:0:3|2:0:1|0:0:1|4:0:3|1:1:0|0:0:0|0:0:0|0:0:0|0:0:0|4:0:3|4:0:3|0:0:0|3:3:0|2:0:1|3:3:0|0:0:0|3:3:0|4:0:3|3:3:0|4:1:3|0:0:0|0:0:0|0:0:0|3:3:2|4:0:3|0:0:0|1:1:0|3:3:0|4:0:3|3:3:0|4:0:3|3:3:0|3:3:0|0:0:0|0:0:0","4:0:3|0:0:0|2:1:2|0:0:0|0:0:0|3:3:0|1:1:0|1:1:0|0:0:0|4:1:3|0:0:0|1:1:0|0:1:1|3:3:0|4:0:3|2:0:1|2:0:1|4:0:3|1:1:0|0:0:0|0:0:0|0:0:0|0:0:0|4:0:3|4:0:3|0:0:0|3:3:0|2:0:1|3:3:0|0:0:0|3:3:0|4:0:3|3:3:0|4:1:3|0:0:0|0:0:0|0:0:0|3:3:2|4:0:3|0:0:0|1:1:0|3:3:0|4:0:3|3:3:0|4:0:3|3:3:0|3:3:0|0:0:0|0:0:0","4:0:3|0:0:0|2:1:2|0:0:0|0:0:0|3:3:0|1:1:0|1:1:0|0:0:0|4:1:3|0:0:0|1:1:0|0:1:1|3:3:0|4:0:3|2:0:1|2:0:1|4:0:3|1:1:0|0:0:0|0:0:0|0:0:0|0:0:0|4:0:3|4:0:3|0:0:0|3:3:0|2:0:1|3:3:0|0:0:0|3:3:0|4:0:3|3:3:0|4:1:3|0:0:0|0:0:0|0:0:0|3:3:2|4:0:3|0:0:0|1:1:0|3:3:0|4:0:3|3:3:0|4:0:3|3:3:0|3:3:0|0:0:0|0:0:0"
"7x7","7x7-uct-1000","1000","1","47","0.979167","1","1","O14","LM","69","69","70","69","1","1","1","1","0","2","0","2","0","4:0:3|0:0:0|2:1:2|0:0:0|0:0:0|3:3:0|1:1:0|1:1:0|0:0:0|4:1:3|0:0:0|1:1:0|0:1:1|3:3:0|4:0:3|2:0:1|2:0:1|4:0:3|1:1:0|0:0:0|0:0:0|0:0:0|0:0:0|4:0:3|4:0:3|0:0:0|3:3:0|2:0:1|3:3:0|0:0:0|3:3:0|4:0:3|3:3:0|4:1:3|0:0:0|0:0:0|0:0:0|3:3:2|4:0:3|0:0:0|1:1:0|3:3:0|4:0:3|3:3:0|4:0:3|3:3:0|3:3:0|0:0:0|0:0:0","4:0:3|0:0:0|2:1:2|0:0:0|0:0:0|3:3:0|1:1:0|1:1:0|0:0:0|4:1:3|0:0:0|1:2:0|0:1:1|3:3:0|4:0:3|2:0:1|2:0:1|4:0:3|1:1:0|0:0:0|0:0:0|0:0:0|0:0:0|4:0:3|4:0:3|0:0:0|3:3:0|2:0:1|3:3:0|0:0:0|3:3:0|4:0:3|3:3:0|4:1:3|0:0:0|0:0:0|0:0:0|3:3:2|4:0:3|0:0:0|1:1:0|3:3:0|4:0:3|3:3:0|4:0:3|3:3:0|3:3:0|0:0:0|0:0:0","4:0:3|0:0:0|2:1:2|0:0:0|0:0:0|3:3:0|1:1:0|1:1:0|0:0:0|4:1:3|0:0:0|1:2:0|0:1:1|3:3:0|4:0:3|2:0:1|2:0:1|4:0:3|1:1:0|0:0:0|1:1:0|0:0:0|0:0:0|4:0:3|4:0:3|1:1:0|3:3:0|2:0:1|3:3:0|0:0:0|3:3:0|4:0:3|3:3:0|4:1:3|0:0:0|0:0:0|0:0:0|3:3:2|4:0:3|0:0:0|1:1:0|3:3:0|4:0:3|3:3:0|4:0:3|3:3:0|3:3:0|0:0:0|0:0:0"
"7x7","7x7-uct-1000","1000","1","47","0.979167","2","1","O26","MH","70","69","71","69","0","0","1","0","0","1","0","1","0","4:0:3|0:0:0|2:1:2|0:0:0|0:0:0|3:3:0|1:1:0|1:1:0|0:0:0|4:1:3|0:0:0|1:2:0|0:1:1|3:3:0|4:0:3|2:0:1|2:0:1|4:0:3|1:1:0|0:0:0|0:0:0|0:0:0|0:0:0|4:0:3|4:0:3|0:0:0|3:3:0|2:0:1|3:3:0|0:0:0|3:3:0|4:0:3|3:3:0|4:1:3|0:0:0|0:0:0|0:0:0|3:3:2|4:0:3|0:0:0|1:1:0|3:3:0|4:0:3|3:3:0|4:0:3|3:3:0|3:3:0|0:0:0|0:0:0","4:0:3|0:0:0|2:1:2|0:0:0|0:0:0|3:3:0|1:1:0|1:1:0|0:0:0|4:1:3|0:0:0|1:2:0|0:1:1|3:3:0|4:0:3|2:0:1|2:0:1|4:0:3|1:1:0|0:0:0|0:1:0|0:0:0|0:0:0|4:0:3|4:0:3|0:0:0|3:3:0|2:0:1|3:3:0|0:0:0|3:3:0|4:0:3|3:3:0|4:1:3|0:0:0|0:0:0|0:0:0|3:3:2|4:0:3|0:0:0|1:1:0|3:3:0|4:0:3|3:3:0|4:0:3|3:3:0|3:3:0|0:0:0|0:0:0","4:0:3|0:0:0|2:1:2|0:0:0|0:0:0|3:3:0|1:1:0|1:1:0|0:0:0|4:1:3|0:0:0|1:2:0|0:1:1|3:3:0|4:0:3|2:0:1|2:0:1|4:0:3|1:1:0|0:0:0|1:1:0|0:0:0|0:0:0|4:0:3|4:0:3|1:1:0|3:3:0|2:0:1|3:3:0|0:0:0|3:3:0|4:0:3|3:3:0|4:1:3|0:0:0|0:0:0|0:0:0|3:3:2|4:0:3|0:0:0|1:1:0|3:3:0|4:0:3|3:3:0|4:0:3|3:3:0|3:3:0|0:0:0|0:0:0"
"7x7","7x7-uct-1000","1000","1","47","0.979167","3","1","O34","MM","71","69","72","69","0","1","1","0","0","1","0","1","0","4:0:3|0:0:0|2:1:2|0:0:0|0:0:0|3:3:0|1:1:0|1:1:0|0:0:0|4:1:3|0:0:0|1:2:0|0:1:1|3:3:0|4:0:3|2:0:1|2:0:1|4:0:3|1:1:0|0:0:0|0:1:0|0:0:0|0:0:0|4:0:3|4:0:3|0:0:0|3:3:0|2:0:1|3:3:0|0:0:0|3:3:0|4:0:3|3:3:0|4:1:3|0:0:0|0:0:0|0:0:0|3:3:2|4:0:3|0:0:0|1:1:0|3:3:0|4:0:3|3:3:0|4:0:3|3:3:0|3:3:0|0:0:0|0:0:0","4:0:3|0:0:0|2:1:2|0:0:0|0:0:0|3:3:0|1:1:0|1:1:0|0:0:0|4:1:3|0:0:0|1:2:0|0:1:1|3:3:0|4:0:3|2:0:1|2:0:1|4:0:3|1:1:0|0:0:0|1:1:0|0:0:0|0:0:0|4:0:3|4:0:3|1:1:0|3:3:0|2:0:1|3:3:0|0:0:0|3:3:0|4:0:3|3:3:0|4:1:3|0:0:0|0:0:0|0:0:0|3:3:2|4:0:3|0:0:0|1:1:0|3:3:0|4:0:3|3:3:0|4:0:3|3:3:0|3:3:0|0:0:0|0:0:0","4:0:3|0:0:0|2:1:2|0:0:0|0:0:0|3:3:0|1:1:0|1:1:0|0:0:0|4:1:3|0:0:0|1:2:0|0:1:1|3:3:0|4:0:3|2:0:1|2:0:1|4:0:3|1:1:0|0:0:0|1:1:0|0:0:0|0:0:0|4:0:3|4:0:3|1:1:0|3:3:0|2:0:1|3:3:0|0:0:0|3:3:0|4:0:3|3:3:0|4:1:3|0:0:0|0:0:0|0:0:0|3:3:2|4:0:3|0:0:0|1:1:0|3:3:0|4:0:3|3:3:0|4:0:3|3:3:0|3:3:0|0:0:0|0:0:0"
"7x7","7x7-uct-1000","1000","1","48","1.000000","1","2","O02","LM","72","69","72","70","2","2","4","1","2","1","3","1","3","4:0:3|0:0:0|2:1:2|0:0:0|0:0:0|3:3:0|1:1:0|1:1:0|0:0:0|4:1:3|0:0:0|1:2:0|0:1:1|3:3:0|4:0:3|2:0:1|2:0:1|4:0:3|1:1:0|0:0:0|1:1:0|0:0:0|0:0:0|4:0:3|4:0:3|1:1:0|3:3:0|2:0:1|3:3:0|0:0:0|3:3:0|4:0:3|3:3:0|4:1:3|0:0:0|0:0:0|0:0:0|3:3:2|4:0:3|0:0:0|1:1:0|3:3:0|4:0:3|3:3:0|4:0:3|3:3:0|3:3:0|0:0:0|0:0:0","4:0:3|0:0:0|2:1:3|0:0:0|0:0:0|3:3:0|1:1:0|1:1:0|0:0:0|4:1:3|0:0:0|1:2:0|0:1:1|3:3:0|4:0:3|2:0:1|2:0:1|4:0:3|1:1:0|0:0:0|1:1:0|0:0:0|0:0:0|4:0:3|4:0:3|1:1:0|3:3:0|2:0:1|3:3:0|0:0:0|3:3:0|4:0:3|3:3:0|4:1:3|0:0:0|0:0:0|0:0:0|3:3:2|4:0:3|0:0:0|1:1:0|3:3:0|4:0:3|3:3:0|4:0:3|3:3:0|3:3:0|0:0:0|0:0:0","4:0:3|0:0:0|4:1:3|0:0:0|0:0:0|3:3:0|1:1:0|1:1:0|0:0:0|4:1:3|0:0:0|1:2:0|0:1:1|3:3:0|4:0:3|2:0:1|2:0:1|4:0:3|1:1:0|0:0:0|1:1:0|0:0:0|0:0:0|4:0:3|4:0:3|1:1:0|3:3:0|2:0:1|3:3:0|0:0:0|3:3:0|4:0:3|3:3:0|4:1:3|0:0:0|0:0:0|0:0:0|3:3:2|4:0:3|0:0:0|1:1:0|3:3:0|4:0:3|3:3:0|4:0:3|3:3:0|3:3:0|0:0:0|0:0:0"
