"board","experiment_id","search_level","game_index","threshold","turns","mean_dormant_active_fronts","dormant_ge2_turn_rate","mean_backlog_size","backlog_ge2_turn_rate","qualifying_departures","revisit_rate_observed","right_censored_rate","mean_revisit_lag","mean_normalized_revisit_lag","revisit_within_four_turns_rate"
"7x7-p72","7x7-seeded-random","seeded-random","1","2","48","1.8125","0.6458333333333334","3.3958333333333335","0.9375","49","1","0.08163265306122448","4.4222222222222225","0.09212962962962962","0.6444444444444445"
"7x7-p72","7x7-seeded-random","seeded-random","1","1","48","3.3958333333333335","0.9375","3.3958333333333335","0.9375","76","1","0.07894736842105263","3.2","0.06666666666666665","0.7714285714285715"
"7x7-p72","7x7-seeded-random","seeded-random","1","3","48","0.7916666666666666","0.1875","3.3958333333333335","0.9375","38","1","0.05263157894736842","5.027777777777778","0.10474537037037038","0.5555555555555556"
"7x7-p72","7x7-seeded-random","seeded-random","2","2","48","1.5416666666666667","0.4791666666666667","3.125","0.7916666666666666","44","1","0.11363636363636363","4.102564102564102","0.0854700854700855","0.6666666666666666"
"7x7-p72","7x7-seeded-random","seeded-random","2","1","48","3.125","0.7916666666666666","3.125","0.7916666666666666","76","1","0.09210526315789473","2.753623188405797","0.05736714975845414","0.7971014492753623"
"7x7-p72","7x7-seeded-random","seeded-random","2","3","48","0.625","0.14583333333333334","3.125","0.7916666666666666","30","1","0.13333333333333333","5.153846153846154","0.10737179487179488","0.5172413793103449"
"7x7-p72","7x7-seeded-random","seeded-random","3","2","48","1.5416666666666667","0.5416666666666666","2.8125","0.8333333333333334","42","1","0.11904761904761904","4.5675675675675675","0.09515765765765764","0.6052631578947368"
"7x7-p72","7x7-seeded-random","seeded-random","3","1","48","2.8125","0.8333333333333334","2.8125","0.8333333333333334","61","1","0.13114754098360656","3.490566037735849","0.07272012578616353","0.7169811320754716"
"7x7-p72","7x7-seeded-random","seeded-random","3","3","48","0.6666666666666666","0.14583333333333334","2.8125","0.8333333333333334","32","1","0.15625","5.518518518518518","0.11496913580246915","0.4642857142857143"
"7x7-p72","7x7-seeded-random","seeded-random","4","2","48","1.8125","0.5833333333333334","3.4583333333333335","0.8958333333333334","52","1","0.057692307692307696","4.081632653061225","0.08503401360544215","0.5918367346938775"
"7x7-p72","7x7-seeded-random","seeded-random","4","1","48","3.4583333333333335","0.8958333333333334","3.4583333333333335","0.8958333333333334","79","1","0.0759493670886076","3.0684931506849313","0.06392694063926939","0.7142857142857143"
"7x7-p72","7x7-seeded-random","seeded-random","4","3","48","0.7291666666666666","0.16666666666666666","3.4583333333333335","0.8958333333333334","35","1","0.02857142857142857","5","0.10416666666666667","0.4117647058823529"
"7x7-p72","7x7-seeded-random","seeded-random","5","2","48","1.6458333333333333","0.5","3.0625","0.8333333333333334","47","1","0.0851063829787234","4.093023255813954","0.08527131782945735","0.6521739130434783"
"7x7-p72","7x7-seeded-random","seeded-random","5","1","48","3.0625","0.8333333333333334","3.0625","0.8333333333333334","68","1","0.08823529411764706","3.1451612903225805","0.0655241935483871","0.7333333333333333"
"7x7-p72","7x7-seeded-random","seeded-random","5","3","48","0.6666666666666666","0.125","3.0625","0.8333333333333334","32","1","0.125","5.214285714285714","0.10863095238095237","0.4838709677419355"
"7x7-p72","7x7-seeded-random","seeded-random","6","2","48","1.7916666666666667","0.6041666666666666","3.3958333333333335","0.875","50","1","0.08","3.847826086956522","0.08016304347826086","0.673469387755102"
"7x7-p72","7x7-seeded-random","seeded-random","6","1","48","3.3958333333333335","0.875","3.3958333333333335","0.875","77","1","0.07792207792207792","2.8450704225352115","0.05927230046948356","0.7681159420289855"
"7x7-p72","7x7-seeded-random","seeded-random","6","3","48","0.75","0.1875","3.3958333333333335","0.875","36","1","0.08333333333333333","4.575757575757576","0.09532828282828283","0.5555555555555556"
"7x7-p72","7x7-seeded-random","seeded-random","7","2","48","1.4583333333333333","0.4791666666666667","2.875","0.9166666666666666","41","1","0.07317073170731707","4.815789473684211","0.10032894736842103","0.5128205128205128"
"7x7-p72","7x7-seeded-random","seeded-random","7","1","48","2.875","0.9166666666666666","2.875","0.9166666666666666","68","1","0.08823529411764706","3.338709677419355","0.06955645161290328","0.6935483870967742"
"7x7-p72","7x7-seeded-random","seeded-random","7","3","48","0.6041666666666666","0.10416666666666667","2.875","0.9166666666666666","29","1","0.034482758620689655","5.821428571428571","0.1212797619047619","0.3448275862068966"
"7x7-p72","7x7-seeded-random","seeded-random","8","2","48","1.8125","0.6041666666666666","3.4375","0.8541666666666666","51","0.9777777777777777","0.11764705882352941","4.2727272727272725","0.0890151515151515","0.5957446808510638"
"7x7-p72","7x7-seeded-random","seeded-random","8","1","48","3.4375","0.8541666666666666","3.4375","0.8541666666666666","78","0.9859154929577465","0.08974358974358974","3.057142857142857","0.0636904761904762","0.7361111111111112"
"7x7-p72","7x7-seeded-random","seeded-random","8","3","48","0.75","0.16666666666666666","3.4375","0.8541666666666666","36","0.96875","0.1111111111111111","5.225806451612903","0.1088709677419355","0.4411764705882353"
"7x7-p72","7x7-seeded-random","seeded-random","9","2","48","1.7291666666666667","0.5625","3.25","0.8541666666666666","47","1","0.06382978723404255","4.5","0.09375000000000001","0.6046511627906976"
"7x7-p72","7x7-seeded-random","seeded-random","9","1","48","3.25","0.8541666666666666","3.25","0.8541666666666666","73","1","0.0821917808219178","3.298507462686567","0.06871890547263683","0.7384615384615385"
"7x7-p72","7x7-seeded-random","seeded-random","9","3","48","0.75","0.1875","3.25","0.8541666666666666","36","1","0.027777777777777776","5.142857142857143","0.10714285714285715","0.5142857142857142"
"7x7-p72","7x7-seeded-random","seeded-random","10","2","48","1.75","0.6458333333333334","3.3333333333333335","0.875","49","1","0.08163265306122448","4.511111111111111","0.09398148148148147","0.5217391304347826"
"7x7-p72","7x7-seeded-random","seeded-random","10","1","48","3.3333333333333335","0.875","3.3333333333333335","0.875","76","1","0.07894736842105263","3.257142857142857","0.06785714285714284","0.6811594202898551"
"7x7-p72","7x7-seeded-random","seeded-random","10","3","48","0.7291666666666666","0.16666666666666666","3.3333333333333335","0.875","35","1","0.08571428571428572","5.53125","0.11523437499999999","0.3333333333333333"
"7x7-p72","7x7-seeded-random","seeded-random","11","2","48","1.75","0.5625","3.2291666666666665","0.8125","52","1","0.1346153846153846","3.488888888888889","0.07268518518518517","0.7446808510638298"
"7x7-p72","7x7-seeded-random","seeded-random","11","1","48","3.2291666666666665","0.8125","3.2291666666666665","0.8125","71","1","0.11267605633802817","2.7777777777777777","0.05787037037037038","0.8153846153846154"
"7x7-p72","7x7-seeded-random","seeded-random","11","3","48","0.6666666666666666","0.10416666666666667","3.2291666666666665","0.8125","32","1","0.1875","4.576923076923077","0.0953525641025641","0.5714285714285714"
"7x7-p72","7x7-seeded-random","seeded-random","12","2","48","1.8333333333333333","0.6458333333333334","3.5208333333333335","0.8958333333333334","53","1","0.07547169811320754","3.836734693877551","0.07993197278911564","0.6470588235294118"
"7x7-p72","7x7-seeded-random","seeded-random","12","1","48","3.5208333333333335","0.8958333333333334","3.5208333333333335","0.8958333333333334","81","1","0.07407407407407407","2.8533333333333335","0.05944444444444447","0.7631578947368421"
"7x7-p72","7x7-seeded-random","seeded-random","12","3","48","0.7291666666666666","0.1875","3.5208333333333335","0.8958333333333334","35","1","0.08571428571428572","4.8125","0.10026041666666664","0.4857142857142857"
"7x7-p72","7x7-seeded-random","seeded-random","13","2","48","1.5208333333333333","0.5208333333333334","2.8125","0.8125","43","1","0.09302325581395349","4.564102564102564","0.09508547008547007","0.6410256410256411"
"7x7-p72","7x7-seeded-random","seeded-random","13","1","48","2.8125","0.8125","2.8125","0.8125","62","1","0.08064516129032258","3.43859649122807","0.07163742690058479","0.75"
"7x7-p72","7x7-seeded-random","seeded-random","13","3","48","0.625","0.10416666666666667","2.8125","0.8125","30","1","0.06666666666666667","5.571428571428571","0.11607142857142858","0.5172413793103449"
"7x7-p72","7x7-seeded-random","seeded-random","14","2","48","1.75","0.6458333333333334","3.375","0.9166666666666666","54","1","0.07407407407407407","3.66","0.07624999999999997","0.78"
"7x7-p72","7x7-seeded-random","seeded-random","14","1","48","3.375","0.9166666666666666","3.375","0.9166666666666666","78","1","0.07692307692307693","2.8472222222222223","0.059317129629629615","0.8405797101449275"
"7x7-p72","7x7-seeded-random","seeded-random","14","3","48","0.625","0.125","3.375","0.9166666666666666","30","1","0.1","5.074074074074074","0.10570987654320987","0.6071428571428571"
"7x7-p72","7x7-seeded-random","seeded-random","15","2","48","1.75","0.6041666666666666","3.3958333333333335","0.8541666666666666","50","1","0.1","4.222222222222222","0.08796296296296295","0.6304347826086957"
"7x7-p72","7x7-seeded-random","seeded-random","15","1","48","3.3958333333333335","0.8541666666666666","3.3958333333333335","0.8541666666666666","79","1","0.08860759493670886","3.013888888888889","0.06278935185185183","0.7605633802816901"
"7x7-p72","7x7-seeded-random","seeded-random","15","3","48","0.7083333333333334","0.16666666666666666","3.3958333333333335","0.8541666666666666","34","1","0.11764705882352941","5.333333333333333","0.11111111111111112","0.46875"
"7x7-p72","7x7-seeded-random","seeded-random","16","2","48","1.8958333333333333","0.6041666666666666","3.5","0.9166666666666666","52","1","0.07692307692307693","4.020833333333333","0.0837673611111111","0.7446808510638298"
"7x7-p72","7x7-seeded-random","seeded-random","16","1","48","3.5","0.9166666666666666","3.5","0.9166666666666666","77","1","0.07792207792207792","3.0422535211267605","0.06338028169014086","0.8260869565217391"
"7x7-p72","7x7-seeded-random","seeded-random","16","3","48","0.8125","0.14583333333333334","3.5","0.9166666666666666","39","1","0.07692307692307693","4.694444444444445","0.09780092592592592","0.6666666666666666"
"7x7-p72","7x7-seeded-random","seeded-random","17","2","48","1.6875","0.5208333333333334","3.25","0.8958333333333334","46","1","0.08695652173913043","4.642857142857143","0.09672619047619048","0.5609756097560976"
"7x7-p72","7x7-seeded-random","seeded-random","17","1","48","3.25","0.8958333333333334","3.25","0.8958333333333334","75","1","0.08","3.217391304347826","0.06702898550724638","0.7313432835820896"
"7x7-p72","7x7-seeded-random","seeded-random","17","3","48","0.7291666666666666","0.16666666666666666","3.25","0.8958333333333334","35","1","0.05714285714285714","5.363636363636363","0.11174242424242425","0.4375"
"7x7-p72","7x7-seeded-random","seeded-random","18","2","48","1.5625","0.5416666666666666","3.1041666666666665","0.8541666666666666","43","1","0.09302325581395349","4.410256410256411","0.09188034188034185","0.6341463414634146"
"7x7-p72","7x7-seeded-random","seeded-random","18","1","48","3.1041666666666665","0.8541666666666666","3.1041666666666665","0.8541666666666666","74","1","0.08108108108108109","2.9558823529411766","0.06158088235294119","0.7794117647058824"
"7x7-p72","7x7-seeded-random","seeded-random","18","3","48","0.6666666666666666","0.125","3.1041666666666665","0.8541666666666666","32","1","0.125","5.357142857142857","0.11160714285714286","0.5161290322580645"
"7x7-p72","7x7-seeded-random","seeded-random","19","2","48","1.6458333333333333","0.625","3.1458333333333335","0.8541666666666666","42","1","0.11904761904761904","5.5675675675675675","0.11599099099099103","0.4864864864864865"
"7x7-p72","7x7-seeded-random","seeded-random","19","1","48","3.1458333333333335","0.8541666666666666","3.1458333333333335","0.8541666666666666","72","1","0.08333333333333333","3.5606060606060606","0.07417929292929294","0.7121212121212122"
"7x7-p72","7x7-seeded-random","seeded-random","19","3","48","0.7708333333333334","0.14583333333333334","3.1458333333333335","0.8541666666666666","37","1","0.10810810810810811","6","0.125","0.4411764705882353"
"7x7-p72","7x7-seeded-random","seeded-random","20","2","48","1.8541666666666667","0.6041666666666666","3.375","0.8958333333333334","53","1","0.09433962264150944","4.354166666666667","0.09071180555555552","0.6122448979591837"
"7x7-p72","7x7-seeded-random","seeded-random","20","1","48","3.375","0.8958333333333334","3.375","0.8958333333333334","73","1","0.0958904109589041","3.4393939393939394","0.0716540404040404","0.7076923076923077"
"7x7-p72","7x7-seeded-random","seeded-random","20","3","48","0.75","0.10416666666666667","3.375","0.8958333333333334","36","1","0.08333333333333333","5.424242424242424","0.11300505050505051","0.45714285714285713"
"7x7-p72","7x7-seeded-random","seeded-random","21","2","48","1.7708333333333333","0.6458333333333334","3.3333333333333335","0.8958333333333334","50","0.9777777777777777","0.1","4.136363636363637","0.08617424242424242","0.5909090909090909"
"7x7-p72","7x7-seeded-random","seeded-random","21","1","48","3.3333333333333335","0.8958333333333334","3.3333333333333335","0.8958333333333334","75","0.9855072463768116","0.08","3.0294117647058822","0.06311274509803923","0.7230769230769231"
"7x7-p72","7x7-seeded-random","seeded-random","21","3","48","0.7291666666666666","0.16666666666666666","3.3333333333333335","0.8958333333333334","35","0.9696969696969697","0.05714285714285714","4.9375","0.10286458333333334","0.4375"
"7x7-p72","7x7-seeded-random","seeded-random","22","2","48","1.7083333333333333","0.5833333333333334","3.2291666666666665","0.8333333333333334","48","1","0.0625","3.9555555555555557","0.0824074074074074","0.7045454545454546"
"7x7-p72","7x7-seeded-random","seeded-random","22","1","48","3.2291666666666665","0.8333333333333334","3.2291666666666665","0.8333333333333334","73","1","0.0821917808219178","2.985074626865672","0.062189054726368174","0.8"
"7x7-p72","7x7-seeded-random","seeded-random","22","3","48","0.7083333333333334","0.16666666666666666","3.2291666666666665","0.8333333333333334","34","1","0.058823529411764705","4.75","0.09895833333333331","0.59375"
"7x7-p72","7x7-seeded-random","seeded-random","23","2","48","2","0.7083333333333334","3.5416666666666665","0.7916666666666666","55","1","0.07272727272727272","3.7058823529411766","0.07720588235294117","0.7254901960784313"
"7x7-p72","7x7-seeded-random","seeded-random","23","1","48","3.5416666666666665","0.7916666666666666","3.5416666666666665","0.7916666666666666","74","1","0.08108108108108109","3.0294117647058822","0.06311274509803921","0.7941176470588235"
"7x7-p72","7x7-seeded-random","seeded-random","23","3","48","0.8541666666666666","0.2916666666666667","3.5416666666666665","0.7916666666666666","41","1","0.07317073170731707","4.2894736842105265","0.08936403508771928","0.631578947368421"
"7x7-p72","7x7-seeded-random","seeded-random","24","2","48","1.875","0.5833333333333334","3.4375","0.8958333333333334","52","1","0.09615384615384616","4.085106382978723","0.08510638297872339","0.6326530612244898"
"7x7-p72","7x7-seeded-random","seeded-random","24","1","48","3.4375","0.8958333333333334","3.4375","0.8958333333333334","75","1","0.09333333333333334","3.1323529411764706","0.0652573529411765","0.7391304347826086"
"7x7-p72","7x7-seeded-random","seeded-random","24","3","48","0.7916666666666666","0.16666666666666666","3.4375","0.8958333333333334","38","1","0.10526315789473684","4.882352941176471","0.10171568627450979","0.5"
"7x7-p72","7x7-seeded-random","seeded-random","25","2","48","1.9791666666666667","0.6666666666666666","3.7708333333333335","0.8958333333333334","56","1","0.07142857142857142","3.9615384615384617","0.08253205128205127","0.68"
"7x7-p72","7x7-seeded-random","seeded-random","25","1","48","3.7708333333333335","0.8958333333333334","3.7708333333333335","0.8958333333333334","86","1","0.06976744186046512","2.925","0.06093750000000001","0.7922077922077922"
"7x7-p72","7x7-seeded-random","seeded-random","25","3","48","0.8125","0.14583333333333334","3.7708333333333335","0.8958333333333334","39","1","0.02564102564102564","4.684210526315789","0.09758771929824561","0.5789473684210527"
"7x7-p72","7x7-seeded-random","seeded-random","26","2","48","1.5","0.5416666666666666","2.9166666666666665","0.8541666666666666","41","1","0.12195121951219512","5.027777777777778","0.10474537037037036","0.4864864864864865"
"7x7-p72","7x7-seeded-random","seeded-random","26","1","48","2.9166666666666665","0.8541666666666666","2.9166666666666665","0.8541666666666666","68","1","0.10294117647058823","3.377049180327869","0.07035519125683062","0.6833333333333333"
"7x7-p72","7x7-seeded-random","seeded-random","26","3","48","0.6458333333333334","0.0625","2.9166666666666665","0.8541666666666666","31","1","0.0967741935483871","5.892857142857143","0.12276785714285712","0.3448275862068966"
"7x7-p72","7x7-seeded-random","seeded-random","27","2","48","1.8125","0.6875","3.6041666666666665","0.9375","54","1","0.09259259259259259","4.285714285714286","0.0892857142857143","0.64"
"7x7-p72","7x7-seeded-random","seeded-random","27","1","48","3.6041666666666665","0.9375","3.6041666666666665","0.9375","86","1","0.06976744186046512","3.0125","0.06276041666666667","0.775"
"7x7-p72","7x7-seeded-random","seeded-random","27","3","48","0.6875","0.125","3.6041666666666665","0.9375","33","1","0.09090909090909091","5.733333333333333","0.11944444444444445","0.41935483870967744"
"7x7-p72","7x7-seeded-random","seeded-random","28","2","48","1.5416666666666667","0.4791666666666667","3","0.8333333333333334","42","1","0.11904761904761904","4.54054054054054","0.09459459459459459","0.525"
"7x7-p72","7x7-seeded-random","seeded-random","28","1","48","3","0.8333333333333334","3","0.8333333333333334","70","1","0.11428571428571428","3.1129032258064515","0.06485215053763442","0.6984126984126984"
"7x7-p72","7x7-seeded-random","seeded-random","28","3","48","0.6666666666666666","0.16666666666666666","3","0.8333333333333334","32","1","0.125","5.357142857142857","0.11160714285714284","0.40625"
"7x7-p72","7x7-seeded-random","seeded-random","29","2","48","1.4583333333333333","0.4375","2.9791666666666665","0.875","40","1","0.15","4.911764705882353","0.102328431372549","0.5294117647058824"
"7x7-p72","7x7-seeded-random","seeded-random","29","1","48","2.9791666666666665","0.875","2.9791666666666665","0.875","73","1","0.0821917808219178","2.985074626865672","0.062189054726368174","0.7611940298507462"
"7x7-p72","7x7-seeded-random","seeded-random","29","3","48","0.625","0.08333333333333333","2.9791666666666665","0.875","30","1","0.1","5.666666666666667","0.11805555555555555","0.42857142857142855"
"7x7-p72","7x7-seeded-random","seeded-random","30","2","48","1.6041666666666667","0.4791666666666667","3.0833333333333335","0.8958333333333334","44","1","0.11363636363636363","4.410256410256411","0.09188034188034185","0.625"
"7x7-p72","7x7-seeded-random","seeded-random","30","1","48","3.0833333333333335","0.8958333333333334","3.0833333333333335","0.8958333333333334","71","1","0.07042253521126761","3.015151515151515","0.06281565656565657","0.7727272727272727"
"7x7-p72","7x7-seeded-random","seeded-random","30","3","48","0.6875","0.10416666666666667","3.0833333333333335","0.8958333333333334","33","1","0.12121212121212122","5.241379310344827","0.10919540229885057","0.5"
"7x7-p72","7x7-seeded-random","seeded-random","31","2","48","1.6666666666666667","0.6041666666666666","3.2708333333333335","0.8541666666666666","47","1","0.0851063829787234","4.604651162790698","0.09593023255813954","0.5581395348837209"
"7x7-p72","7x7-seeded-random","seeded-random","31","1","48","3.2708333333333335","0.8541666666666666","3.2708333333333335","0.8541666666666666","77","1","0.09090909090909091","3.2142857142857144","0.0669642857142857","0.7164179104477612"
"7x7-p72","7x7-seeded-random","seeded-random","31","3","48","0.6875","0.16666666666666666","3.2708333333333335","0.8541666666666666","33","1","0.06060606060606061","5.612903225806452","0.11693548387096774","0.40625"
"7x7-p72","7x7-seeded-random","seeded-random","32","2","48","1.8333333333333333","0.625","3.3125","0.875","50","0.9782608695652174","0.08","4.466666666666667","0.09305555555555556","0.6888888888888889"
"7x7-p72","7x7-seeded-random","seeded-random","32","1","48","3.3125","0.875","3.3125","0.875","71","0.9846153846153847","0.08450704225352113","3.4375","0.07161458333333334","0.78125"
"7x7-p72","7x7-seeded-random","seeded-random","32","3","48","0.7916666666666666","0.20833333333333334","3.3125","0.875","38","0.9714285714285714","0.07894736842105263","5.264705882352941","0.1096813725490196","0.6"
"7x7-p72","7x7-seeded-random","seeded-random","33","2","48","2.0208333333333335","0.7083333333333334","3.6458333333333335","0.8958333333333334","58","1","0.05172413793103448","3.8545454545454545","0.0803030303030303","0.7272727272727273"
"7x7-p72","7x7-seeded-random","seeded-random","33","1","48","3.6458333333333335","0.8958333333333334","3.6458333333333335","0.8958333333333334","78","1","0.07692307692307693","3.1805555555555554","0.0662615740740741","0.7761194029850746"
"7x7-p72","7x7-seeded-random","seeded-random","33","3","48","0.8125","0.1875","3.6458333333333335","0.8958333333333334","39","1","0.05128205128205128","4.756756756756757","0.09909909909909909","0.5945945945945946"
"7x7-p72","7x7-seeded-random","seeded-random","34","2","48","1.6458333333333333","0.5625","3.125","0.875","46","1","0.10869565217391304","4.195121951219512","0.08739837398373985","0.6428571428571429"
"7x7-p72","7x7-seeded-random","seeded-random","34","1","48","3.125","0.875","3.125","0.875","71","1","0.09859154929577464","3.046875","0.06347656250000001","0.7580645161290323"
"7x7-p72","7x7-seeded-random","seeded-random","34","3","48","0.6875","0.125","3.125","0.875","33","1","0.09090909090909091","5","0.10416666666666669","0.53125"
"7x7-p72","7x7-seeded-random","seeded-random","35","2","48","1.6458333333333333","0.6041666666666666","3.1458333333333335","0.8958333333333334","50","1","0.06","4.1063829787234045","0.0855496453900709","0.5957446808510638"
"7x7-p72","7x7-seeded-random","seeded-random","35","1","48","3.1458333333333335","0.8958333333333334","3.1458333333333335","0.8958333333333334","72","1","0.08333333333333333","3.212121212121212","0.0669191919191919","0.6984126984126984"
"7x7-p72","7x7-seeded-random","seeded-random","35","3","48","0.6041666666666666","0.08333333333333333","3.1458333333333335","0.8958333333333334","29","1","0.06896551724137931","5.666666666666667","0.11805555555555557","0.3448275862068966"
"7x7-p72","7x7-seeded-random","seeded-random","36","2","48","1.7083333333333333","0.5625","3.3125","0.8333333333333334","49","0.9772727272727273","0.10204081632653061","3.86046511627907","0.08042635658914726","0.6521739130434783"
"7x7-p72","7x7-seeded-random","seeded-random","36","1","48","3.3125","0.8333333333333334","3.3125","0.8333333333333334","77","0.9859154929577465","0.07792207792207792","2.757142857142857","0.0574404761904762","0.7681159420289855"
"7x7-p72","7x7-seeded-random","seeded-random","36","3","48","0.6875","0.1875","3.3125","0.8333333333333334","33","1","0.12121212121212122","4.758620689655173","0.09913793103448276","0.5161290322580645"
"7x7-p72","7x7-seeded-random","seeded-random","37","2","48","1.7708333333333333","0.6041666666666666","3.2916666666666665","0.8541666666666666","50","0.9782608695652174","0.08","3.6","0.07499999999999998","0.7021276595744681"
"7x7-p72","7x7-seeded-random","seeded-random","37","1","48","3.2916666666666665","0.8541666666666666","3.2916666666666665","0.8541666666666666","73","0.9850746268656716","0.0821917808219178","2.772727272727273","0.05776515151515152","0.7846153846153846"
"7x7-p72","7x7-seeded-random","seeded-random","37","3","48","0.7291666666666666","0.14583333333333334","3.2916666666666665","0.8541666666666666","35","1","0.11428571428571428","4.32258064516129","0.09005376344086022","0.6060606060606061"
"7x7-p72","7x7-seeded-random","seeded-random","38","2","48","1.5","0.4791666666666667","3.0416666666666665","0.8541666666666666","44","0.9743589743589743","0.11363636363636363","3.9473684210526314","0.08223684210526314","0.6"
"7x7-p72","7x7-seeded-random","seeded-random","38","1","48","3.0416666666666665","0.8541666666666666","3.0416666666666665","0.8541666666666666","74","0.9852941176470589","0.08108108108108109","2.671641791044776","0.05565920398009952","0.7611940298507462"
"7x7-p72","7x7-seeded-random","seeded-random","38","3","48","0.5833333333333334","0.14583333333333334","3.0416666666666665","0.8541666666666666","28","1","0.07142857142857142","4.846153846153846","0.10096153846153846","0.4642857142857143"
"7x7-p72","7x7-seeded-random","seeded-random","39","2","48","1.8541666666666667","0.625","3.4583333333333335","0.9166666666666666","52","1","0.07692307692307693","4.291666666666667","0.08940972222222222","0.5833333333333334"
"7x7-p72","7x7-seeded-random","seeded-random","39","1","48","3.4583333333333335","0.9166666666666666","3.4583333333333335","0.9166666666666666","77","1","0.07792207792207792","3.2253521126760565","0.06719483568075117","0.7058823529411765"
"7x7-p72","7x7-seeded-random","seeded-random","39","3","48","0.7708333333333334","0.1875","3.4583333333333335","0.9166666666666666","37","1","0.08108108108108109","5.235294117647059","0.1090686274509804","0.42857142857142855"
"7x7-p72","7x7-seeded-random","seeded-random","40","2","48","1.6458333333333333","0.5833333333333334","3.2291666666666665","0.8958333333333334","53","1","0.07547169811320754","3.9183673469387754","0.08163265306122444","0.7959183673469388"
"7x7-p72","7x7-seeded-random","seeded-random","40","1","48","3.2291666666666665","0.8958333333333334","3.2291666666666665","0.8958333333333334","76","1","0.07894736842105263","3.0428571428571427","0.06339285714285713","0.8529411764705882"
"7x7-p72","7x7-seeded-random","seeded-random","40","3","48","0.5416666666666666","0.08333333333333333","3.2291666666666665","0.8958333333333334","26","1","0.11538461538461539","6.086956521739131","0.12681159420289856","0.5652173913043478"
"7x7-p72","7x7-seeded-random","seeded-random","41","2","48","1.8958333333333333","0.625","3.5","0.8958333333333334","52","1","0.11538461538461539","4.195652173913044","0.08740942028985504","0.6530612244897959"
"7x7-p72","7x7-seeded-random","seeded-random","41","1","48","3.5","0.8958333333333334","3.5","0.8958333333333334","77","1","0.07792207792207792","3.0704225352112675","0.06396713615023475","0.7638888888888888"
"7x7-p72","7x7-seeded-random","seeded-random","41","3","48","0.8125","0.22916666666666666","3.5","0.8958333333333334","39","1","0.1282051282051282","4.970588235294118","0.10355392156862744","0.5405405405405406"
"7x7-p72","7x7-seeded-random","seeded-random","42","2","48","2.1458333333333335","0.7708333333333334","3.7916666666666665","0.9166666666666666","60","1","0.06666666666666667","3.857142857142857","0.08035714285714284","0.7543859649122807"
"7x7-p72","7x7-seeded-random","seeded-random","42","1","48","3.7916666666666665","0.9166666666666666","3.7916666666666665","0.9166666666666666","79","1","0.08860759493670886","3.2222222222222223","0.06712962962962961","0.8055555555555556"
"7x7-p72","7x7-seeded-random","seeded-random","42","3","48","0.8958333333333334","0.16666666666666666","3.7916666666666665","0.9166666666666666","43","1","0.046511627906976744","4.536585365853658","0.09451219512195122","0.6744186046511628"
"7x7-p72","7x7-seeded-random","seeded-random","43","2","48","1.5","0.5208333333333334","3.0833333333333335","0.8333333333333334","45","1","0.06666666666666667","3.9523809523809526","0.08234126984126981","0.7073170731707317"
"7x7-p72","7x7-seeded-random","seeded-random","43","1","48","3.0833333333333335","0.8333333333333334","3.0833333333333335","0.8333333333333334","76","1","0.07894736842105263","2.7714285714285714","0.05773809523809522","0.8235294117647058"
"7x7-p72","7x7-seeded-random","seeded-random","43","3","48","0.5625","0.125","3.0833333333333335","0.8333333333333334","27","1","0.07407407407407407","5.28","0.11","0.5384615384615384"
"7x7-p72","7x7-seeded-random","seeded-random","44","2","48","1.375","0.3125","2.5416666666666665","0.6458333333333334","36","1","0.08333333333333333","4.7272727272727275","0.09848484848484848","0.59375"
"7x7-p72","7x7-seeded-random","seeded-random","44","1","48","2.5416666666666665","0.6458333333333334","2.5416666666666665","0.6458333333333334","56","1","0.10714285714285714","3.46","0.07208333333333335","0.7291666666666666"
"7x7-p72","7x7-seeded-random","seeded-random","44","3","48","0.625","0.16666666666666666","2.5416666666666665","0.6458333333333334","30","1","0.06666666666666667","5.214285714285714","0.1086309523809524","0.5357142857142857"
"7x7-p72","7x7-seeded-random","seeded-random","45","2","48","1.5","0.5208333333333334","3.0208333333333335","0.8541666666666666","41","1","0.0975609756097561","4.648648648648648","0.09684684684684683","0.5945945945945946"
"7x7-p72","7x7-seeded-random","seeded-random","45","1","48","3.0208333333333335","0.8541666666666666","3.0208333333333335","0.8541666666666666","73","1","0.0821917808219178","3.014925373134328","0.06281094527363185","0.7761194029850746"
"7x7-p72","7x7-seeded-random","seeded-random","45","3","48","0.6458333333333334","0.125","3.0208333333333335","0.8541666666666666","31","1","0.0967741935483871","5.5","0.11458333333333333","0.4642857142857143"
"7x7-p72","7x7-seeded-random","seeded-random","46","2","48","1.6666666666666667","0.625","3.4166666666666665","0.8958333333333334","48","1","0.08333333333333333","4.068181818181818","0.08475378787878786","0.6521739130434783"
"7x7-p72","7x7-seeded-random","seeded-random","46","1","48","3.4166666666666665","0.8958333333333334","3.4166666666666665","0.8958333333333334","84","1","0.07142857142857142","2.730769230769231","0.05689102564102564","0.7922077922077922"
"7x7-p72","7x7-seeded-random","seeded-random","46","3","48","0.6666666666666666","0.20833333333333334","3.4166666666666665","0.8958333333333334","32","1","0.09375","5.137931034482759","0.10704022988505747","0.4838709677419355"
"7x7-p72","7x7-seeded-random","seeded-random","47","2","48","1.6875","0.6041666666666666","3.2708333333333335","0.8125","48","1","0.08333333333333333","4.318181818181818","0.0899621212121212","0.6744186046511628"
"7x7-p72","7x7-seeded-random","seeded-random","47","1","48","3.2708333333333335","0.8125","3.2708333333333335","0.8125","76","1","0.07894736842105263","3.085714285714286","0.06428571428571428","0.7941176470588235"
"7x7-p72","7x7-seeded-random","seeded-random","47","3","48","0.6875","0.14583333333333334","3.2708333333333335","0.8125","33","1","0.06060606060606061","5.290322580645161","0.11021505376344087","0.5625"
"7x7-p72","7x7-seeded-random","seeded-random","48","2","48","1.75","0.5833333333333334","3.4375","0.8541666666666666","50","1","0.08","4.217391304347826","0.0878623188405797","0.6595744680851063"
"7x7-p72","7x7-seeded-random","seeded-random","48","1","48","3.4375","0.8541666666666666","3.4375","0.8541666666666666","81","1","0.07407407407407407","2.973333333333333","0.061944444444444476","0.7808219178082192"
"7x7-p72","7x7-seeded-random","seeded-random","48","3","48","0.7083333333333334","0.10416666666666667","3.4375","0.8541666666666666","34","1","0.058823529411764705","5.1875","0.10807291666666666","0.5151515151515151"
"7x7-p72","7x7-seeded-random","seeded-random","49","2","48","2.0208333333333335","0.6875","3.75","0.9166666666666666","55","1","0.10909090909090909","4.428571428571429","0.09226190476190477","0.5510204081632653"
"7x7-p72","7x7-seeded-random","seeded-random","49","1","48","3.75","0.9166666666666666","3.75","0.9166666666666666","83","1","0.08433734939759036","3.210526315789474","0.06688596491228065","0.7027027027027027"
"7x7-p72","7x7-seeded-random","seeded-random","49","3","48","0.875","0.22916666666666666","3.75","0.9166666666666666","42","1","0.07142857142857142","5.051282051282051","0.10523504273504272","0.45"
"7x7-p72","7x7-seeded-random","seeded-random","50","2","48","1.8333333333333333","0.625","3.5","0.8541666666666666","53","1","0.09433962264150944","3.7291666666666665","0.07769097222222221","0.75"
"7x7-p72","7x7-seeded-random","seeded-random","50","1","48","3.5","0.8541666666666666","3.5","0.8541666666666666","80","1","0.075","2.77027027027027","0.05771396396396397","0.8333333333333334"
"7x7-p72","7x7-seeded-random","seeded-random","50","3","48","0.7291666666666666","0.10416666666666667","3.5","0.8541666666666666","35","1","0.08571428571428572","4.59375","0.095703125","0.6363636363636364"
"7x7-p72","7x7-seeded-random","seeded-random","51","2","48","1.7083333333333333","0.6041666666666666","3.4166666666666665","0.875","50","0.9782608695652174","0.08","3.6","0.07499999999999998","0.6808510638297872"
"7x7-p72","7x7-seeded-random","seeded-random","51","1","48","3.4166666666666665","0.875","3.4166666666666665","0.875","82","0.9868421052631579","0.07317073170731707","2.56","0.05333333333333334","0.7945205479452054"
"7x7-p72","7x7-seeded-random","seeded-random","51","3","48","0.6666666666666666","0.16666666666666666","3.4166666666666665","0.875","32","1","0.125","4.571428571428571","0.09523809523809523","0.5333333333333333"
"7x7-p72","7x7-seeded-random","seeded-random","52","2","48","1.9791666666666667","0.7708333333333334","3.7083333333333335","0.9166666666666666","54","1","0.05555555555555555","3.803921568627451","0.07924836601307188","0.7058823529411765"
"7x7-p72","7x7-seeded-random","seeded-random","52","1","48","3.7083333333333335","0.9166666666666666","3.7083333333333335","0.9166666666666666","83","1","0.07228915662650602","2.857142857142857","0.05952380952380954","0.7972972972972973"
"7x7-p72","7x7-seeded-random","seeded-random","52","3","48","0.8541666666666666","0.20833333333333334","3.7083333333333335","0.9166666666666666","41","1","0.04878048780487805","4.358974358974359","0.09081196581196582","0.6341463414634146"
"7x7-p72","7x7-seeded-random","seeded-random","53","2","48","1.5416666666666667","0.5208333333333334","2.8541666666666665","0.8125","42","1","0.11904761904761904","4.918918918918919","0.10247747747747749","0.5641025641025641"
"7x7-p72","7x7-seeded-random","seeded-random","53","1","48","2.8541666666666665","0.8125","2.8541666666666665","0.8125","63","1","0.1111111111111111","3.5892857142857144","0.07477678571428573","0.6964285714285714"
"7x7-p72","7x7-seeded-random","seeded-random","53","3","48","0.6666666666666666","0.125","2.8541666666666665","0.8125","32","1","0.15625","6","0.12500000000000003","0.41379310344827586"
"7x7-p72","7x7-seeded-random","seeded-random","54","2","48","1.6458333333333333","0.5625","3.1875","0.8125","47","1","0.0851063829787234","3.9069767441860463","0.0813953488372093","0.6511627906976745"
"7x7-p72","7x7-seeded-random","seeded-random","54","1","48","3.1875","0.8125","3.1875","0.8125","74","1","0.0945945945945946","2.8656716417910446","0.05970149253731346","0.7692307692307693"
"7x7-p72","7x7-seeded-random","seeded-random","54","3","48","0.6666666666666666","0.16666666666666666","3.1875","0.8125","32","1","0.09375","4.827586206896552","0.10057471264367815","0.5161290322580645"
"7x7-p72","7x7-seeded-random","seeded-random","55","2","48","2.0625","0.7083333333333334","3.6875","0.9166666666666666","57","1","0.08771929824561403","3.980769230769231","0.08293269230769229","0.6792452830188679"
"7x7-p72","7x7-seeded-random","seeded-random","55","1","48","3.6875","0.9166666666666666","3.6875","0.9166666666666666","78","1","0.08974358974358974","3.183098591549296","0.06631455399061033","0.7571428571428571"
"7x7-p72","7x7-seeded-random","seeded-random","55","3","48","0.875","0.22916666666666666","3.6875","0.9166666666666666","42","1","0.07142857142857142","4.641025641025641","0.09668803418803418","0.5853658536585366"
"7x7-p72","7x7-seeded-random","seeded-random","56","2","48","1.8333333333333333","0.625","3.5833333333333335","0.8541666666666666","52","1","0.07692307692307693","4.166666666666667","0.08680555555555552","0.6875"
"7x7-p72","7x7-seeded-random","seeded-random","56","1","48","3.5833333333333335","0.8541666666666666","3.5833333333333335","0.8541666666666666","84","1","0.08333333333333333","2.9740259740259742","0.06195887445887446","0.7972972972972973"
"7x7-p72","7x7-seeded-random","seeded-random","56","3","48","0.75","0.14583333333333334","3.5833333333333335","0.8541666666666666","36","1","0.08333333333333333","5.151515151515151","0.10732323232323232","0.5454545454545454"
"7x7-p72","7x7-seeded-random","seeded-random","57","2","48","1.5208333333333333","0.5833333333333334","2.9583333333333335","0.8125","41","1","0.12195121951219512","4.222222222222222","0.08796296296296297","0.6052631578947368"
"7x7-p72","7x7-seeded-random","seeded-random","57","1","48","2.9583333333333335","0.8125","2.9583333333333335","0.8125","69","1","0.10144927536231885","2.870967741935484","0.05981182795698925","0.7619047619047619"
"7x7-p72","7x7-seeded-random","seeded-random","57","3","48","0.6666666666666666","0.08333333333333333","2.9583333333333335","0.8125","32","1","0.125","4.857142857142857","0.10119047619047619","0.5"
"7x7-p72","7x7-seeded-random","seeded-random","58","2","48","1.3958333333333333","0.5","2.8125","0.875","43","1","0.09302325581395349","3.641025641025641","0.07585470085470081","0.75"
"7x7-p72","7x7-seeded-random","seeded-random","58","1","48","2.8125","0.875","2.8125","0.875","68","1","0.10294117647058823","2.6885245901639343","0.0560109289617486","0.8333333333333334"
"7x7-p72","7x7-seeded-random","seeded-random","58","3","48","0.5","0.041666666666666664","2.8125","0.875","24","1","0.16666666666666666","5.2","0.10833333333333332","0.5454545454545454"
"7x7-p72","7x7-seeded-random","seeded-random","59","2","48","1.7291666666666667","0.5833333333333334","3.4583333333333335","0.8958333333333334","49","1","0.08163265306122448","4","0.0833333333333333","0.7659574468085106"
"7x7-p72","7x7-seeded-random","seeded-random","59","1","48","3.4583333333333335","0.8958333333333334","3.4583333333333335","0.8958333333333334","83","1","0.08433734939759036","2.776315789473684","0.057839912280701775","0.8552631578947368"
"7x7-p72","7x7-seeded-random","seeded-random","59","3","48","0.7083333333333334","0.125","3.4583333333333335","0.8958333333333334","34","1","0.11764705882352941","5","0.10416666666666669","0.6666666666666666"
"7x7-p72","7x7-seeded-random","seeded-random","60","2","48","1.7083333333333333","0.625","3.3125","0.8541666666666666","48","1","0.08333333333333333","4.25","0.08854166666666666","0.6136363636363636"
"7x7-p72","7x7-seeded-random","seeded-random","60","1","48","3.3125","0.8541666666666666","3.3125","0.8541666666666666","77","1","0.07792207792207792","3.0140845070422535","0.06279342723004694","0.75"
"7x7-p72","7x7-seeded-random","seeded-random","60","3","48","0.7083333333333334","0.14583333333333334","3.3125","0.8541666666666666","34","1","0.08823529411764706","5.193548387096774","0.10819892473118281","0.46875"
"7x7-p72","7x7-seeded-random","seeded-random","61","2","48","1.7291666666666667","0.5833333333333334","3.25","0.875","50","1","0.1","3.8444444444444446","0.08009259259259258","0.7391304347826086"
"7x7-p72","7x7-seeded-random","seeded-random","61","1","48","3.25","0.875","3.25","0.875","73","1","0.0958904109589041","2.9393939393939394","0.06123737373737374","0.8095238095238095"
"7x7-p72","7x7-seeded-random","seeded-random","61","3","48","0.6875","0.08333333333333333","3.25","0.875","33","1","0.09090909090909091","4.766666666666667","0.09930555555555555","0.625"
"7x7-p72","7x7-seeded-random","seeded-random","62","2","48","2.0208333333333335","0.7916666666666666","3.7708333333333335","0.9375","58","1","0.06896551724137931","4.203703703703703","0.08757716049382715","0.6538461538461539"
"7x7-p72","7x7-seeded-random","seeded-random","62","1","48","3.7708333333333335","0.9375","3.7708333333333335","0.9375","84","1","0.07142857142857142","3.217948717948718","0.06704059829059827","0.7567567567567568"
"7x7-p72","7x7-seeded-random","seeded-random","62","3","48","0.8125","0.125","3.7708333333333335","0.9375","39","1","0.05128205128205128","5.216216216216216","0.10867117117117119","0.5135135135135135"
"7x7-p72","7x7-seeded-random","seeded-random","63","2","48","1.7916666666666667","0.7291666666666666","3.5416666666666665","0.875","51","1","0.0784313725490196","4.127659574468085","0.08599290780141841","0.673469387755102"
"7x7-p72","7x7-seeded-random","seeded-random","63","1","48","3.5416666666666665","0.875","3.5416666666666665","0.875","84","1","0.07142857142857142","2.8846153846153846","0.060096153846153855","0.7948717948717948"
"7x7-p72","7x7-seeded-random","seeded-random","63","3","48","0.7291666666666666","0.125","3.5416666666666665","0.875","35","1","0.11428571428571428","5.225806451612903","0.10887096774193548","0.5294117647058824"
"7x7-p72","7x7-seeded-random","seeded-random","64","2","48","1.7083333333333333","0.6041666666666666","3.1041666666666665","0.875","49","1","0.061224489795918366","4.086956521739131","0.08514492753623186","0.6739130434782609"
"7x7-p72","7x7-seeded-random","seeded-random","64","1","48","3.1041666666666665","0.875","3.1041666666666665","0.875","67","1","0.08955223880597014","3.3278688524590163","0.06933060109289618","0.7413793103448276"
"7x7-p72","7x7-seeded-random","seeded-random","64","3","48","0.6875","0.125","3.1041666666666665","0.875","33","1","0.09090909090909091","5.2","0.10833333333333334","0.5161290322580645"
"7x7-p72","7x7-seeded-random","seeded-random","65","2","48","1.6875","0.625","3.4375","0.8541666666666666","48","1","0.0625","4.4","0.09166666666666665","0.5581395348837209"
"7x7-p72","7x7-seeded-random","seeded-random","65","1","48","3.4375","0.8541666666666666","3.4375","0.8541666666666666","84","1","0.07142857142857142","2.9615384615384617","0.06169871794871795","0.7397260273972602"
"7x7-p72","7x7-seeded-random","seeded-random","65","3","48","0.6875","0.1875","3.4375","0.8541666666666666","33","1","0.030303030303030304","5.375","0.11197916666666669","0.36666666666666664"
"7x7-p72","7x7-seeded-random","seeded-random","66","2","48","1.4583333333333333","0.4791666666666667","2.8333333333333335","0.8333333333333334","42","1","0.11904761904761904","4.54054054054054","0.0945945945945946","0.6486486486486487"
"7x7-p72","7x7-seeded-random","seeded-random","66","1","48","2.8333333333333335","0.8333333333333334","2.8333333333333335","0.8333333333333334","66","1","0.09090909090909091","3.183333333333333","0.06631944444444446","0.7833333333333333"
"7x7-p72","7x7-seeded-random","seeded-random","66","3","48","0.5833333333333334","0.10416666666666667","2.8333333333333335","0.8333333333333334","28","1","0.10714285714285714","5.76","0.12000000000000002","0.5185185185185185"
"7x7-p72","7x7-seeded-random","seeded-random","67","2","48","1.4791666666666667","0.4583333333333333","2.7916666666666665","0.75","44","1","0.06818181818181818","4.024390243902439","0.08384146341463414","0.6585365853658537"
"7x7-p72","7x7-seeded-random","seeded-random","67","1","48","2.7916666666666665","0.75","2.7916666666666665","0.75","63","1","0.09523809523809523","3.175438596491228","0.06615497076023392","0.75"
"7x7-p72","7x7-seeded-random","seeded-random","67","3","48","0.5625","0.14583333333333334","2.7916666666666665","0.75","27","1","0.07407407407407407","5.32","0.11083333333333335","0.48148148148148145"
"7x7-p72","7x7-seeded-random","seeded-random","68","2","48","2.0625","0.7083333333333334","3.7083333333333335","0.8958333333333334","58","1","0.10344827586206896","4.019230769230769","0.08373397435897437","0.6428571428571429"
"7x7-p72","7x7-seeded-random","seeded-random","68","1","48","3.7083333333333335","0.8958333333333334","3.7083333333333335","0.8958333333333334","79","1","0.08860759493670886","3.1805555555555554","0.06626157407407407","0.7333333333333333"
"7x7-p72","7x7-seeded-random","seeded-random","68","3","48","0.8541666666666666","0.16666666666666666","3.7083333333333335","0.8958333333333334","41","1","0.12195121951219512","4.916666666666667","0.10243055555555555","0.5"
"7x7-p72","7x7-seeded-random","seeded-random","69","2","48","1.6666666666666667","0.5625","3.1875","0.8333333333333334","48","1","0.08333333333333333","4.863636363636363","0.10132575757575757","0.627906976744186"
"7x7-p72","7x7-seeded-random","seeded-random","69","1","48","3.1875","0.8333333333333334","3.1875","0.8333333333333334","73","1","0.0958904109589041","3.5757575757575757","0.07449494949494949","0.75"
"7x7-p72","7x7-seeded-random","seeded-random","69","3","48","0.6666666666666666","0.16666666666666666","3.1875","0.8333333333333334","32","1","0.0625","6.2","0.12916666666666668","0.4482758620689655"
"7x7-p72","7x7-seeded-random","seeded-random","70","2","48","1.9166666666666667","0.625","3.5625","0.9375","53","1","0.09433962264150944","4.3125","0.08984375","0.673469387755102"
"7x7-p72","7x7-seeded-random","seeded-random","70","1","48","3.5625","0.9375","3.5625","0.9375","79","1","0.0759493670886076","3.1780821917808217","0.06621004566210048","0.7837837837837838"
"7x7-p72","7x7-seeded-random","seeded-random","70","3","48","0.8125","0.14583333333333334","3.5625","0.9375","39","1","0.10256410256410256","5.171428571428572","0.10773809523809526","0.5555555555555556"
"7x7-p72","7x7-seeded-random","seeded-random","71","2","48","1.6041666666666667","0.5833333333333334","3.1666666666666665","0.8333333333333334","50","1","0.08","3.652173913043478","0.07608695652173911","0.7021276595744681"
"7x7-p72","7x7-seeded-random","seeded-random","71","1","48","3.1666666666666665","0.8333333333333334","3.1666666666666665","0.8333333333333334","75","1","0.08","2.7681159420289854","0.05766908212560388","0.7941176470588235"
"7x7-p72","7x7-seeded-random","seeded-random","71","3","48","0.5625","0.10416666666666667","3.1666666666666665","0.8333333333333334","27","1","0.07407407407407407","5.04","0.105","0.46153846153846156"
"7x7-p72","7x7-seeded-random","seeded-random","72","2","48","1.6041666666666667","0.5","3.125","0.8541666666666666","47","1","0.10638297872340426","3.8333333333333335","0.07986111111111112","0.6363636363636364"
"7x7-p72","7x7-seeded-random","seeded-random","72","1","48","3.125","0.8541666666666666","3.125","0.8541666666666666","73","1","0.0958904109589041","2.803030303030303","0.05839646464646465","0.7611940298507462"
"7x7-p72","7x7-seeded-random","seeded-random","72","3","48","0.625","0.10416666666666667","3.125","0.8541666666666666","30","1","0.13333333333333333","4.961538461538462","0.10336538461538461","0.42857142857142855"
"7x7-p72","7x7-seeded-random","seeded-random","73","2","48","1.7291666666666667","0.6041666666666666","3.4791666666666665","0.9375","47","1","0.10638297872340426","4.238095238095238","0.08829365079365079","0.627906976744186"
"7x7-p72","7x7-seeded-random","seeded-random","73","1","48","3.4791666666666665","0.9375","3.4791666666666665","0.9375","84","1","0.08333333333333333","2.7662337662337664","0.05762987012987013","0.7894736842105263"
"7x7-p72","7x7-seeded-random","seeded-random","73","3","48","0.75","0.1875","3.4791666666666665","0.9375","36","1","0.08333333333333333","4.848484848484849","0.10101010101010101","0.5294117647058824"
"7x7-p72","7x7-seeded-random","seeded-random","74","2","48","1.8541666666666667","0.6458333333333334","3.4583333333333335","0.8958333333333334","55","1","0.07272727272727272","3.9411764705882355","0.08210784313725489","0.7346938775510204"
"7x7-p72","7x7-seeded-random","seeded-random","74","1","48","3.4583333333333335","0.8958333333333334","3.4583333333333335","0.8958333333333334","77","1","0.07792207792207792","3.112676056338028","0.06484741784037557","0.8088235294117647"
"7x7-p72","7x7-seeded-random","seeded-random","74","3","48","0.7083333333333334","0.16666666666666666","3.4583333333333335","0.8958333333333334","34","1","0.058823529411764705","5.09375","0.10611979166666667","0.5806451612903226"
"7x7-p72","7x7-seeded-random","seeded-random","75","2","48","1.6041666666666667","0.5208333333333334","3.0208333333333335","0.8541666666666666","47","1","0.10638297872340426","3.6904761904761907","0.07688492063492063","0.7619047619047619"
"7x7-p72","7x7-seeded-random","seeded-random","75","1","48","3.0208333333333335","0.8541666666666666","3.0208333333333335","0.8541666666666666","68","1","0.07352941176470588","2.7936507936507935","0.05820105820105822","0.8387096774193549"
"7x7-p72","7x7-seeded-random","seeded-random","75","3","48","0.625","0.08333333333333333","3.0208333333333335","0.8541666666666666","30","1","0.06666666666666667","4.535714285714286","0.09449404761904763","0.6666666666666666"
"7x7-p72","7x7-seeded-random","seeded-random","76","2","48","1.6666666666666667","0.5416666666666666","3.0833333333333335","0.8541666666666666","46","0.9761904761904762","0.08695652173913043","4.2682926829268295","0.08892276422764225","0.6585365853658537"
"7x7-p72","7x7-seeded-random","seeded-random","76","1","48","3.0833333333333335","0.8541666666666666","3.0833333333333335","0.8541666666666666","68","0.9836065573770492","0.10294117647058823","3.2333333333333334","0.06736111111111114","0.7627118644067796"
"7x7-p72","7x7-seeded-random","seeded-random","76","3","48","0.7083333333333334","0.16666666666666666","3.0833333333333335","0.8541666666666666","34","1","0.058823529411764705","4.90625","0.10221354166666666","0.59375"
"7x7-p72","7x7-seeded-random","seeded-random","77","2","48","1.4791666666666667","0.4583333333333333","2.9583333333333335","0.8333333333333334","41","1","0.12195121951219512","4.5","0.09374999999999999","0.6285714285714286"
"7x7-p72","7x7-seeded-random","seeded-random","77","1","48","2.9583333333333335","0.8333333333333334","2.9583333333333335","0.8333333333333334","71","1","0.08450704225352113","2.9384615384615387","0.06121794871794875","0.7936507936507936"
"7x7-p72","7x7-seeded-random","seeded-random","77","3","48","0.625","0.10416666666666667","2.9583333333333335","0.8333333333333334","30","1","0.1","5.333333333333333","0.1111111111111111","0.5"
"7x7-p72","7x7-seeded-random","seeded-random","78","2","48","1.7083333333333333","0.5416666666666666","3.25","0.8333333333333334","49","1","0.08163265306122448","3.7333333333333334","0.07777777777777775","0.7555555555555555"
"7x7-p72","7x7-seeded-random","seeded-random","78","1","48","3.25","0.8333333333333334","3.25","0.8333333333333334","74","1","0.06756756756756757","2.782608695652174","0.057971014492753624","0.8405797101449275"
"7x7-p72","7x7-seeded-random","seeded-random","78","3","48","0.6875","0.125","3.25","0.8333333333333334","33","1","0.09090909090909091","4.6","0.09583333333333334","0.6333333333333333"
"7x7-p72","7x7-seeded-random","seeded-random","79","2","48","2.0416666666666665","0.6458333333333334","3.7083333333333335","0.8958333333333334","57","1","0.07017543859649122","3.7547169811320753","0.07822327044025155","0.7115384615384616"
"7x7-p72","7x7-seeded-random","seeded-random","79","1","48","3.7083333333333335","0.8958333333333334","3.7083333333333335","0.8958333333333334","80","1","0.075","2.972972972972973","0.06193693693693694","0.7916666666666666"
"7x7-p72","7x7-seeded-random","seeded-random","79","3","48","0.8541666666666666","0.22916666666666666","3.7083333333333335","0.8958333333333334","41","1","0.07317073170731707","4.447368421052632","0.09265350877192984","0.6153846153846154"
"7x7-p72","7x7-seeded-random","seeded-random","80","2","48","1.8333333333333333","0.625","3.375","0.8333333333333334","51","1","0.0784313725490196","4.468085106382978","0.09308510638297872","0.5652173913043478"
"7x7-p72","7x7-seeded-random","seeded-random","80","1","48","3.375","0.8333333333333334","3.375","0.8333333333333334","74","1","0.08108108108108109","3.3970588235294117","0.07077205882352941","0.6923076923076923"
"7x7-p72","7x7-seeded-random","seeded-random","80","3","48","0.7708333333333334","0.1875","3.375","0.8333333333333334","37","1","0.05405405405405406","5.314285714285714","0.11071428571428572","0.42857142857142855"
"7x7-p72","7x7-seeded-random","seeded-random","81","2","48","1.75","0.5833333333333334","3.3958333333333335","0.8958333333333334","52","1","0.057692307692307696","3.795918367346939","0.0790816326530612","0.6808510638297872"
"7x7-p72","7x7-seeded-random","seeded-random","81","1","48","3.3958333333333335","0.8958333333333334","3.3958333333333335","0.8958333333333334","79","1","0.0759493670886076","2.8767123287671232","0.05993150684931509","0.7794117647058824"
"7x7-p72","7x7-seeded-random","seeded-random","81","3","48","0.6666666666666666","0.125","3.3958333333333335","0.8958333333333334","32","1","0.03125","4.838709677419355","0.10080645161290322","0.5"
"7x7-p72","7x7-seeded-random","seeded-random","82","2","48","1.8125","0.5833333333333334","3.5625","0.8958333333333334","53","1","0.07547169811320754","3.510204081632653","0.07312925170068024","0.7142857142857143"
"7x7-p72","7x7-seeded-random","seeded-random","82","1","48","3.5625","0.8958333333333334","3.5625","0.8958333333333334","84","0.9871794871794872","0.07142857142857142","2.5974025974025974","0.054112554112554105","0.8026315789473685"
"7x7-p72","7x7-seeded-random","seeded-random","82","3","48","0.7083333333333334","0.16666666666666666","3.5625","0.8958333333333334","34","1","0.08823529411764706","4.387096774193548","0.09139784946236558","0.5625"
"7x7-p72","7x7-seeded-random","seeded-random","83","2","48","1.6458333333333333","0.5833333333333334","3.1666666666666665","0.875","46","1","0.13043478260869565","4.6","0.0958333333333333","0.5581395348837209"
"7x7-p72","7x7-seeded-random","seeded-random","83","1","48","3.1666666666666665","0.875","3.1666666666666665","0.875","73","1","0.0958904109589041","3.1818181818181817","0.06628787878787877","0.7121212121212122"
"7x7-p72","7x7-seeded-random","seeded-random","83","3","48","0.6875","0.14583333333333334","3.1666666666666665","0.875","33","1","0.15151515151515152","5.714285714285714","0.11904761904761905","0.3870967741935484"
"7x7-p72","7x7-seeded-random","seeded-random","84","2","48","1.7291666666666667","0.625","3.4375","0.8958333333333334","48","1","0.10416666666666667","3.7906976744186047","0.07897286821705425","0.6818181818181818"
"7x7-p72","7x7-seeded-random","seeded-random","84","1","48","3.4375","0.8958333333333334","3.4375","0.8958333333333334","82","1","0.08536585365853659","2.6","0.0541666666666667","0.8082191780821918"
"7x7-p72","7x7-seeded-random","seeded-random","84","3","48","0.7291666666666666","0.1875","3.4375","0.8958333333333334","35","1","0.11428571428571428","4.483870967741935","0.09341397849462366","0.5625"
"7x7-p72","7x7-seeded-random","seeded-random","85","2","48","1.75","0.5625","3.2708333333333335","0.8125","51","1","0.058823529411764705","3.7708333333333335","0.07855902777777775","0.7021276595744681"
"7x7-p72","7x7-seeded-random","seeded-random","85","1","48","3.2708333333333335","0.8125","3.2708333333333335","0.8125","73","1","0.0821917808219178","2.985074626865672","0.062189054726368154","0.7846153846153846"
"7x7-p72","7x7-seeded-random","seeded-random","85","3","48","0.6875","0.16666666666666666","3.2708333333333335","0.8125","33","1","0.06060606060606061","4.741935483870968","0.09879032258064514","0.5625"
"7x7-p72","7x7-seeded-random","seeded-random","86","2","48","1.9166666666666667","0.7083333333333334","3.5208333333333335","0.9166666666666666","54","0.9795918367346939","0.09259259259259259","4.166666666666667","0.08680555555555554","0.64"
"7x7-p72","7x7-seeded-random","seeded-random","86","1","48","3.5208333333333335","0.9166666666666666","3.5208333333333335","0.9166666666666666","77","0.9857142857142858","0.09090909090909091","3.2028985507246377","0.06672705314009661","0.7391304347826086"
"7x7-p72","7x7-seeded-random","seeded-random","86","3","48","0.7916666666666666","0.16666666666666666","3.5208333333333335","0.9166666666666666","38","1","0.10526315789473684","5.0588235294117645","0.1053921568627451","0.5142857142857142"
"7x7-p72","7x7-seeded-random","seeded-random","87","2","48","1.8125","0.6875","3.4375","0.9166666666666666","51","0.9782608695652174","0.09803921568627451","3.9555555555555557","0.08240740740740739","0.5957446808510638"
"7x7-p72","7x7-seeded-random","seeded-random","87","1","48","3.4375","0.9166666666666666","3.4375","0.9166666666666666","78","0.9861111111111112","0.07692307692307693","2.8732394366197185","0.05985915492957744","0.7361111111111112"
"7x7-p72","7x7-seeded-random","seeded-random","87","3","48","0.75","0.14583333333333334","3.4375","0.9166666666666666","36","0.96875","0.1111111111111111","4.838709677419355","0.1008064516129032","0.4411764705882353"
"7x7-p72","7x7-seeded-random","seeded-random","88","2","48","1.8958333333333333","0.5833333333333334","3.5833333333333335","0.8958333333333334","52","1","0.07692307692307693","4.416666666666667","0.09201388888888891","0.6170212765957447"
"7x7-p72","7x7-seeded-random","seeded-random","88","1","48","3.5833333333333335","0.8958333333333334","3.5833333333333335","0.8958333333333334","81","1","0.07407407407407407","3.1866666666666665","0.06638888888888887","0.7534246575342466"
"7x7-p72","7x7-seeded-random","seeded-random","88","3","48","0.8125","0.1875","3.5833333333333335","0.8958333333333334","39","1","0.05128205128205128","5.135135135135135","0.10698198198198199","0.5135135135135135"
"7x7-p72","7x7-seeded-random","seeded-random","89","2","48","1.6458333333333333","0.5416666666666666","3.1666666666666665","0.875","47","1","0.0851063829787234","3.883720930232558","0.08091085271317827","0.5952380952380952"
"7x7-p72","7x7-seeded-random","seeded-random","89","1","48","3.1666666666666665","0.875","3.1666666666666665","0.875","73","1","0.0821917808219178","2.8507462686567164","0.0593905472636816","0.7384615384615385"
"7x7-p72","7x7-seeded-random","seeded-random","89","3","48","0.6666666666666666","0.125","3.1666666666666665","0.875","32","1","0.09375","4.793103448275862","0.09985632183908047","0.43333333333333335"
"7x7-p72","7x7-seeded-random","seeded-random","90","2","48","1.8333333333333333","0.6458333333333334","3.4791666666666665","0.875","52","1","0.09615384615384616","4.191489361702128","0.087322695035461","0.723404255319149"
"7x7-p72","7x7-seeded-random","seeded-random","90","1","48","3.4791666666666665","0.875","3.4791666666666665","0.875","79","1","0.0759493670886076","3.0547945205479454","0.06364155251141554","0.8169014084507042"
"7x7-p72","7x7-seeded-random","seeded-random","90","3","48","0.75","0.16666666666666666","3.4791666666666665","0.875","36","1","0.08333333333333333","5.121212121212121","0.10669191919191921","0.6176470588235294"
"7x7-p72","7x7-seeded-random","seeded-random","91","2","48","1.6875","0.6458333333333334","3.25","0.9166666666666666","45","1","0.1111111111111111","4.725","0.0984375","0.5365853658536586"
"7x7-p72","7x7-seeded-random","seeded-random","91","1","48","3.25","0.9166666666666666","3.25","0.9166666666666666","75","1","0.08","3.1594202898550723","0.06582125603864736","0.7164179104477612"
"7x7-p72","7x7-seeded-random","seeded-random","91","3","48","0.75","0.16666666666666666","3.25","0.9166666666666666","36","1","0.08333333333333333","5.303030303030303","0.11047979797979801","0.4411764705882353"
"7x7-p72","7x7-seeded-random","seeded-random","92","2","48","1.7291666666666667","0.6666666666666666","3.1458333333333335","0.9166666666666666","49","1","0.08163265306122448","4.311111111111111","0.0898148148148148","0.6222222222222222"
"7x7-p72","7x7-seeded-random","seeded-random","92","1","48","3.1458333333333335","0.9166666666666666","3.1458333333333335","0.9166666666666666","68","1","0.08823529411764706","3.403225806451613","0.0709005376344086","0.7258064516129032"
"7x7-p72","7x7-seeded-random","seeded-random","92","3","48","0.7083333333333334","0.125","3.1458333333333335","0.9166666666666666","34","1","0.08823529411764706","5.354838709677419","0.11155913978494623","0.46875"
"7x7-p72","7x7-seeded-random","seeded-random","93","2","48","1.7916666666666667","0.5833333333333334","3.4583333333333335","0.875","53","1","0.07547169811320754","3.63265306122449","0.07568027210884351","0.673469387755102"
"7x7-p72","7x7-seeded-random","seeded-random","93","1","48","3.4583333333333335","0.875","3.4583333333333335","0.875","80","1","0.075","2.7432432432432434","0.05715090090090091","0.7808219178082192"
"7x7-p72","7x7-seeded-random","seeded-random","93","3","48","0.6875","0.22916666666666666","3.4583333333333335","0.875","33","1","0.09090909090909091","4.666666666666667","0.0972222222222222","0.4838709677419355"
"7x7-p72","7x7-seeded-random","seeded-random","94","2","48","1.8333333333333333","0.6041666666666666","3.5","0.9166666666666666","53","1","0.05660377358490566","4.14","0.08624999999999997","0.6862745098039216"
"7x7-p72","7x7-seeded-random","seeded-random","94","1","48","3.5","0.9166666666666666","3.5","0.9166666666666666","80","1","0.075","3.1216216216216215","0.06503378378378377","0.7746478873239436"
"7x7-p72","7x7-seeded-random","seeded-random","94","3","48","0.7291666666666666","0.16666666666666666","3.5","0.9166666666666666","35","1","0.02857142857142857","5.147058823529412","0.10723039215686275","0.5428571428571428"
"7x7-p72","7x7-seeded-random","seeded-random","95","2","48","1.8125","0.625","3.3958333333333335","0.8958333333333334","50","1","0.1","4.066666666666666","0.08472222222222224","0.6304347826086957"
"7x7-p72","7x7-seeded-random","seeded-random","95","1","48","3.3958333333333335","0.8958333333333334","3.3958333333333335","0.8958333333333334","76","1","0.07894736842105263","2.9714285714285715","0.06190476190476193","0.7536231884057971"
"7x7-p72","7x7-seeded-random","seeded-random","95","3","48","0.7708333333333334","0.14583333333333334","3.3958333333333335","0.8958333333333334","37","1","0.08108108108108109","4.735294117647059","0.09865196078431375","0.5277777777777778"
"7x7-p72","7x7-seeded-random","seeded-random","96","2","48","1.9791666666666667","0.6875","3.5833333333333335","0.8958333333333334","53","1","0.09433962264150944","4.4375","0.09244791666666663","0.6326530612244898"
"7x7-p72","7x7-seeded-random","seeded-random","96","1","48","3.5833333333333335","0.8958333333333334","3.5833333333333335","0.8958333333333334","77","1","0.07792207792207792","3.323943661971831","0.06924882629107978","0.7428571428571429"
"7x7-p72","7x7-seeded-random","seeded-random","96","3","48","0.875","0.1875","3.5833333333333335","0.8958333333333334","42","1","0.09523809523809523","5.078947368421052","0.10581140350877193","0.55"
"7x7-p72","7x7-seeded-random","seeded-random","97","2","48","1.7916666666666667","0.5416666666666666","3.3958333333333335","0.875","52","1","0.07692307692307693","4.229166666666667","0.08810763888888885","0.625"
"7x7-p72","7x7-seeded-random","seeded-random","97","1","48","3.3958333333333335","0.875","3.3958333333333335","0.875","77","1","0.09090909090909091","3.2142857142857144","0.06696428571428568","0.7352941176470589"
"7x7-p72","7x7-seeded-random","seeded-random","97","3","48","0.7083333333333334","0.14583333333333334","3.3958333333333335","0.875","34","1","0.08823529411764706","5.451612903225806","0.11357526881720428","0.45454545454545453"
"7x7-p72","7x7-seeded-random","seeded-random","98","2","48","1.75","0.5625","3.3958333333333335","0.8541666666666666","51","1","0.09803921568627451","4.413043478260869","0.09193840579710146","0.6304347826086957"
"7x7-p72","7x7-seeded-random","seeded-random","98","1","48","3.3958333333333335","0.8541666666666666","3.3958333333333335","0.8541666666666666","79","1","0.0759493670886076","3.1506849315068495","0.0656392694063927","0.7605633802816901"
"7x7-p72","7x7-seeded-random","seeded-random","98","3","48","0.6875","0.14583333333333334","3.3958333333333335","0.8541666666666666","33","1","0.09090909090909091","5.7","0.11875000000000001","0.45161290322580644"
"7x7-p72","7x7-seeded-random","seeded-random","99","2","48","1.5416666666666667","0.5416666666666666","3.0208333333333335","0.8125","43","1","0.11627906976744186","4.605263157894737","0.0959429824561403","0.5641025641025641"
"7x7-p72","7x7-seeded-random","seeded-random","99","1","48","3.0208333333333335","0.8125","3.0208333333333335","0.8125","71","1","0.08450704225352113","3.1076923076923078","0.06474358974358976","0.734375"
"7x7-p72","7x7-seeded-random","seeded-random","99","3","48","0.6458333333333334","0.125","3.0208333333333335","0.8125","31","1","0.0967741935483871","5.535714285714286","0.11532738095238093","0.43333333333333335"
"7x7-p72","7x7-seeded-random","seeded-random","100","2","48","1.9375","0.6458333333333334","3.6666666666666665","0.875","54","1","0.07407407407407407","3.9","0.08125","0.7"
"7x7-p72","7x7-seeded-random","seeded-random","100","1","48","3.6666666666666665","0.875","3.6666666666666665","0.875","83","1","0.07228915662650602","2.883116883116883","0.06006493506493508","0.8"
"7x7-p72","7x7-seeded-random","seeded-random","100","3","48","0.8125","0.22916666666666666","3.6666666666666665","0.875","39","1","0.07692307692307693","4.638888888888889","0.09664351851851855","0.5833333333333334"
"7x7-p72","7x7-uct-0100","uct-0100","1","2","48","1.5416666666666667","0.5625","3.0833333333333335","0.875","43","1","0.11627906976744186","4.5","0.09375","0.625"
"7x7-p72","7x7-uct-0100","uct-0100","1","1","48","3.0833333333333335","0.875","3.0833333333333335","0.875","74","1","0.08108108108108109","2.9558823529411766","0.06158088235294118","0.7727272727272727"
"7x7-p72","7x7-uct-0100","uct-0100","1","3","48","0.6458333333333334","0.10416666666666667","3.0833333333333335","0.875","31","1","0.12903225806451613","5.518518518518518","0.11496913580246915","0.4827586206896552"
"7x7-p72","7x7-uct-0100","uct-0100","2","2","48","1.5","0.4375","2.7708333333333335","0.7291666666666666","40","1","0.125","4.8","0.09999999999999999","0.5428571428571428"
"7x7-p72","7x7-uct-0100","uct-0100","2","1","48","2.7708333333333335","0.7291666666666666","2.7708333333333335","0.7291666666666666","61","1","0.09836065573770492","3.418181818181818","0.0712121212121212","0.7037037037037037"
"7x7-p72","7x7-uct-0100","uct-0100","2","3","48","0.6666666666666666","0.10416666666666667","2.7708333333333335","0.7291666666666666","32","1","0.09375","5.379310344827586","0.11206896551724137","0.4482758620689655"
"7x7-p72","7x7-uct-0100","uct-0100","3","2","48","1.5625","0.5416666666666666","3.125","0.875","44","1","0.09090909090909091","3.95","0.08229166666666664","0.6190476190476191"
"7x7-p72","7x7-uct-0100","uct-0100","3","1","48","3.125","0.875","3.125","0.875","75","1","0.08","2.710144927536232","0.05646135265700484","0.7611940298507462"
"7x7-p72","7x7-uct-0100","uct-0100","3","3","48","0.6458333333333334","0.125","3.125","0.875","31","1","0.0967741935483871","4.785714285714286","0.09970238095238095","0.4838709677419355"
"7x7-p72","7x7-uct-0100","uct-0100","4","2","48","1.6041666666666667","0.5625","3","0.8541666666666666","45","1","0.1111111111111111","4.225","0.08802083333333333","0.65"
"7x7-p72","7x7-uct-0100","uct-0100","4","1","48","3","0.8541666666666666","3","0.8541666666666666","67","1","0.08955223880597014","3.1147540983606556","0.06489071038251366","0.7666666666666667"
"7x7-p72","7x7-uct-0100","uct-0100","4","3","48","0.6666666666666666","0.125","3","0.8541666666666666","32","1","0.09375","5.068965517241379","0.10560344827586207","0.5333333333333333"
"7x7-p72","7x7-uct-0100","uct-0100","5","2","48","1.8958333333333333","0.6458333333333334","3.5416666666666665","0.9166666666666666","53","1","0.05660377358490566","3.82","0.07958333333333333","0.7346938775510204"
"7x7-p72","7x7-uct-0100","uct-0100","5","1","48","3.5416666666666665","0.9166666666666666","3.5416666666666665","0.9166666666666666","79","1","0.0759493670886076","2.9315068493150687","0.061073059360730604","0.8115942028985508"
"7x7-p72","7x7-uct-0100","uct-0100","5","3","48","0.7916666666666666","0.16666666666666666","3.5416666666666665","0.9166666666666666","38","1","0.05263157894736842","4.527777777777778","0.0943287037037037","0.6388888888888888"
"7x7-p72","7x7-uct-0100","uct-0100","6","2","48","1.8333333333333333","0.625","3.5625","0.9166666666666666","52","1","0.07692307692307693","4.1875","0.08723958333333336","0.673469387755102"
"7x7-p72","7x7-uct-0100","uct-0100","6","1","48","3.5625","0.9166666666666666","3.5625","0.9166666666666666","83","1","0.07228915662650602","2.987012987012987","0.06222943722943723","0.7808219178082192"
"7x7-p72","7x7-uct-0100","uct-0100","6","3","48","0.75","0.16666666666666666","3.5625","0.9166666666666666","36","1","0.08333333333333333","5.181818181818182","0.10795454545454546","0.5428571428571428"
"7x7-p72","7x7-uct-0100","uct-0100","7","2","48","1.9375","0.6875","3.6041666666666665","0.8958333333333334","54","1","0.09259259259259259","3.8979591836734695","0.08120748299319727","0.6666666666666666"
"7x7-p72","7x7-uct-0100","uct-0100","7","1","48","3.6041666666666665","0.8958333333333334","3.6041666666666665","0.8958333333333334","80","1","0.0875","2.9452054794520546","0.0613584474885845","0.7671232876712328"
"7x7-p72","7x7-uct-0100","uct-0100","7","3","48","0.8125","0.25","3.6041666666666665","0.8958333333333334","39","1","0.10256410256410256","4.6571428571428575","0.09702380952380953","0.5405405405405406"
"7x7-p72","7x7-uct-0100","uct-0100","8","2","48","1.8333333333333333","0.6666666666666666","3.5625","0.8958333333333334","52","1","0.057692307692307696","4.122448979591836","0.0858843537414966","0.7021276595744681"
"7x7-p72","7x7-uct-0100","uct-0100","8","1","48","3.5625","0.8958333333333334","3.5625","0.8958333333333334","83","1","0.07228915662650602","2.987012987012987","0.0622294372294372","0.8055555555555556"
"7x7-p72","7x7-uct-0100","uct-0100","8","3","48","0.75","0.20833333333333334","3.5625","0.8958333333333334","36","1","0.05555555555555555","5.0588235294117645","0.10539215686274513","0.5882352941176471"
"7x7-p72","7x7-uct-0100","uct-0100","9","2","48","1.625","0.5208333333333334","3.2291666666666665","0.8958333333333334","47","0.9772727272727273","0.06382978723404255","4.093023255813954","0.08527131782945738","0.6136363636363636"
"7x7-p72","7x7-uct-0100","uct-0100","9","1","48","3.2291666666666665","0.8958333333333334","3.2291666666666665","0.8958333333333334","77","0.971830985915493","0.07792207792207792","2.927536231884058","0.060990338164251215","0.7272727272727273"
"7x7-p72","7x7-uct-0100","uct-0100","9","3","48","0.6458333333333334","0.125","3.2291666666666665","0.8958333333333334","31","0.9666666666666667","0.03225806451612903","5.103448275862069","0.10632183908045978","0.43333333333333335"
"7x7-p72","7x7-uct-0100","uct-0100","10","2","48","1.6458333333333333","0.5416666666666666","3.1875","0.9375","46","1","0.06521739130434782","4.441860465116279","0.09253875968992248","0.6046511627906976"
"7x7-p72","7x7-uct-0100","uct-0100","10","1","48","3.1875","0.9375","3.1875","0.9375","74","1","0.08108108108108109","3.176470588235294","0.06617647058823532","0.7384615384615385"
"7x7-p72","7x7-uct-0100","uct-0100","10","3","48","0.6875","0.125","3.1875","0.9375","33","1","0.06060606060606061","5.387096774193548","0.11223118279569894","0.45161290322580644"
"7x7-p72","7x7-uct-0100","uct-0100","11","2","48","1.2083333333333333","0.3333333333333333","2.4791666666666665","0.7916666666666666","35","0.96875","0.08571428571428572","4.32258064516129","0.0900537634408602","0.5882352941176471"
"7x7-p72","7x7-uct-0100","uct-0100","11","1","48","2.4791666666666665","0.7916666666666666","2.4791666666666665","0.7916666666666666","61","0.9821428571428571","0.08196721311475409","2.8727272727272726","0.05984848484848486","0.75"
"7x7-p72","7x7-uct-0100","uct-0100","11","3","48","0.4791666666666667","0.0625","2.4791666666666665","0.7916666666666666","23","0.95","0.13043478260869565","5.7894736842105265","0.12061403508771931","0.36363636363636365"
"7x7-p72","7x7-uct-0100","uct-0100","12","2","48","1.75","0.5625","3.3541666666666665","0.8541666666666666","49","1","0.08163265306122448","4.044444444444444","0.08425925925925924","0.6"
"7x7-p72","7x7-uct-0100","uct-0100","12","1","48","3.3541666666666665","0.8541666666666666","3.3541666666666665","0.8541666666666666","77","1","0.07792207792207792","2.9295774647887325","0.061032863849765265","0.7313432835820896"
"7x7-p72","7x7-uct-0100","uct-0100","12","3","48","0.7291666666666666","0.1875","3.3541666666666665","0.8541666666666666","35","1","0.05714285714285714","4.787878787878788","0.09974747474747474","0.47058823529411764"
"7x7-p72","7x7-uct-0100","uct-0100","13","2","48","1.8958333333333333","0.6875","3.5","0.8958333333333334","54","1","0.07407407407407407","4.46","0.09291666666666666","0.6458333333333334"
"7x7-p72","7x7-uct-0100","uct-0100","13","1","48","3.5","0.8958333333333334","3.5","0.8958333333333334","77","1","0.09090909090909091","3.4714285714285715","0.07232142857142858","0.75"
"7x7-p72","7x7-uct-0100","uct-0100","13","3","48","0.7708333333333334","0.14583333333333334","3.5","0.8958333333333334","37","1","0.08108108108108109","5.617647058823529","0.1170343137254902","0.5"
"7x7-p72","7x7-uct-0100","uct-0100","14","2","48","1.8333333333333333","0.5833333333333334","3.375","0.7916666666666666","49","1","0.10204081632653061","3.909090909090909","0.08143939393939394","0.7111111111111111"
"7x7-p72","7x7-uct-0100","uct-0100","14","1","48","3.375","0.7916666666666666","3.375","0.7916666666666666","74","1","0.0945945945945946","2.91044776119403","0.06063432835820897","0.8059701492537313"
"7x7-p72","7x7-uct-0100","uct-0100","14","3","48","0.8125","0.20833333333333334","3.375","0.7916666666666666","39","1","0.1282051282051282","4.470588235294118","0.09313725490196079","0.6388888888888888"
"7x7-p72","7x7-uct-0100","uct-0100","15","2","48","1.4375","0.5208333333333334","2.8958333333333335","0.7916666666666666","42","0.9736842105263158","0.09523809523809523","4.45945945945946","0.09290540540540539","0.6"
"7x7-p72","7x7-uct-0100","uct-0100","15","1","48","2.8958333333333335","0.7916666666666666","2.8958333333333335","0.7916666666666666","70","0.984375","0.08571428571428572","3.0317460317460316","0.06316137566137565","0.7538461538461538"
"7x7-p72","7x7-uct-0100","uct-0100","15","3","48","0.5625","0.10416666666666667","2.8958333333333335","0.7916666666666666","27","1","0.1111111111111111","5.791666666666667","0.12065972222222225","0.4444444444444444"
"7x7-p72","7x7-uct-0100","uct-0100","16","2","48","1.7708333333333333","0.6041666666666666","3.3541666666666665","0.8125","51","1","0.058823529411764705","3.8333333333333335","0.07986111111111108","0.6170212765957447"
"7x7-p72","7x7-uct-0100","uct-0100","16","1","48","3.3541666666666665","0.8125","3.3541666666666665","0.8125","76","1","0.07894736842105263","2.942857142857143","0.06130952380952385","0.7352941176470589"
"7x7-p72","7x7-uct-0100","uct-0100","16","3","48","0.7083333333333334","0.1875","3.3541666666666665","0.8125","34","1","0.058823529411764705","4.75","0.09895833333333334","0.47058823529411764"
"7x7-p72","7x7-uct-0100","uct-0100","17","2","48","1.7083333333333333","0.5416666666666666","3.4166666666666665","0.8541666666666666","49","1","0.08163265306122448","3.466666666666667","0.0722222222222222","0.782608695652174"
"7x7-p72","7x7-uct-0100","uct-0100","17","1","48","3.4166666666666665","0.8541666666666666","3.4166666666666665","0.8541666666666666","82","1","0.08536585365853659","2.48","0.05166666666666669","0.8666666666666667"
"7x7-p72","7x7-uct-0100","uct-0100","17","3","48","0.6875","0.14583333333333334","3.4166666666666665","0.8541666666666666","33","1","0.09090909090909091","4.2","0.0875","0.6774193548387096"
"7x7-p72","7x7-uct-0100","uct-0100","18","2","48","1.7708333333333333","0.625","3.4375","0.9166666666666666","52","1","0.11538461538461539","4.326086956521739","0.09012681159420287","0.6595744680851063"
"7x7-p72","7x7-uct-0100","uct-0100","18","1","48","3.4375","0.9166666666666666","3.4375","0.9166666666666666","80","1","0.0875","3.095890410958904","0.06449771689497714","0.7777777777777778"
"7x7-p72","7x7-uct-0100","uct-0100","18","3","48","0.6875","0.125","3.4375","0.9166666666666666","33","1","0.12121212121212122","5.689655172413793","0.1185344827586207","0.4838709677419355"
"7x7-p72","7x7-uct-0100","uct-0100","19","2","48","1.6875","0.5416666666666666","3.3333333333333335","0.8333333333333334","48","1","0.08333333333333333","3.8181818181818183","0.07954545454545453","0.7045454545454546"
"7x7-p72","7x7-uct-0100","uct-0100","19","1","48","3.3333333333333335","0.8333333333333334","3.3333333333333335","0.8333333333333334","79","1","0.0759493670886076","2.6986301369863015","0.05622146118721462","0.8194444444444444"
"7x7-p72","7x7-uct-0100","uct-0100","19","3","48","0.6875","0.14583333333333334","3.3333333333333335","0.8333333333333334","33","1","0.09090909090909091","4.666666666666667","0.09722222222222224","0.5806451612903226"
"7x7-p72","7x7-uct-0100","uct-0100","20","2","48","1.6666666666666667","0.625","3.1041666666666665","0.8541666666666666","48","1","0.10416666666666667","4.4186046511627906","0.09205426356589147","0.6818181818181818"
"7x7-p72","7x7-uct-0100","uct-0100","20","1","48","3.1041666666666665","0.8541666666666666","3.1041666666666665","0.8541666666666666","69","1","0.10144927536231885","3.370967741935484","0.07022849462365593","0.7704918032786885"
"7x7-p72","7x7-uct-0100","uct-0100","20","3","48","0.6666666666666666","0.14583333333333334","3.1041666666666665","0.8541666666666666","32","1","0.09375","5.586206896551724","0.11637931034482758","0.5483870967741935"
"7x7-p72","7x7-uct-0100","uct-0100","21","2","48","1.8125","0.6458333333333334","3.4375","0.9166666666666666","50","1","0.1","3.7555555555555555","0.07824074074074068","0.6875"
"7x7-p72","7x7-uct-0100","uct-0100","21","1","48","3.4375","0.9166666666666666","3.4375","0.9166666666666666","78","1","0.08974358974358974","2.7464788732394365","0.057218309859154916","0.7916666666666666"
"7x7-p72","7x7-uct-0100","uct-0100","21","3","48","0.7708333333333334","0.16666666666666666","3.4375","0.9166666666666666","37","1","0.13513513513513514","4.46875","0.09309895833333331","0.5714285714285714"
"7x7-p72","7x7-uct-0100","uct-0100","22","2","48","1.9375","0.6458333333333334","3.4791666666666665","0.8958333333333334","54","1","0.1111111111111111","4.375","0.0911458333333333","0.6122448979591837"
"7x7-p72","7x7-uct-0100","uct-0100","22","1","48","3.4791666666666665","0.8958333333333334","3.4791666666666665","0.8958333333333334","74","1","0.0945945945945946","3.417910447761194","0.07120646766169152","0.7164179104477612"
"7x7-p72","7x7-uct-0100","uct-0100","22","3","48","0.8125","0.2708333333333333","3.4791666666666665","0.8958333333333334","39","1","0.1282051282051282","5.352941176470588","0.11151960784313723","0.45714285714285713"
"7x7-p72","7x7-uct-0100","uct-0100","23","2","48","1.6666666666666667","0.5416666666666666","3.0625","0.8541666666666666","46","1","0.08695652173913043","4.642857142857143","0.09672619047619048","0.5333333333333333"
"7x7-p72","7x7-uct-0100","uct-0100","23","1","48","3.0625","0.8541666666666666","3.0625","0.8541666666666666","67","1","0.08955223880597014","3.5081967213114753","0.0730874316939891","0.6666666666666666"
"7x7-p72","7x7-uct-0100","uct-0100","23","3","48","0.7083333333333334","0.125","3.0625","0.8541666666666666","34","1","0.11764705882352941","5.7","0.11875000000000001","0.36363636363636365"
"7x7-p72","7x7-uct-0100","uct-0100","24","2","48","1.6458333333333333","0.5833333333333334","3.1875","0.875","49","1","0.10204081632653061","4.159090909090909","0.08664772727272727","0.7333333333333333"
"7x7-p72","7x7-uct-0100","uct-0100","24","1","48","3.1875","0.875","3.1875","0.875","74","1","0.10810810810810811","3.106060606060606","0.06470959595959597","0.8181818181818182"
"7x7-p72","7x7-uct-0100","uct-0100","24","3","48","0.625","0.125","3.1875","0.875","30","1","0.1","5.518518518518518","0.11496913580246915","0.5714285714285714"
"7x7-p72","7x7-uct-0100","uct-0100","25","2","48","1.6875","0.5625","3.2083333333333335","0.875","47","1","0.0851063829787234","4.488372093023256","0.09350775193798447","0.6136363636363636"
"7x7-p72","7x7-uct-0100","uct-0100","25","1","48","3.2083333333333335","0.875","3.2083333333333335","0.875","73","1","0.0821917808219178","3.2388059701492535","0.06747512437810943","0.7384615384615385"
"7x7-p72","7x7-uct-0100","uct-0100","25","3","48","0.7083333333333334","0.1875","3.2083333333333335","0.875","34","1","0.08823529411764706","5.451612903225806","0.11357526881720431","0.46875"
"7x7-p72","7x7-uct-0100","uct-0100","26","2","48","1.5416666666666667","0.4583333333333333","3.2291666666666665","0.9166666666666666","48","1","0.08333333333333333","3.909090909090909","0.08143939393939391","0.6888888888888889"
"7x7-p72","7x7-uct-0100","uct-0100","26","1","48","3.2291666666666665","0.9166666666666666","3.2291666666666665","0.9166666666666666","81","1","0.07407407407407407","2.7066666666666666","0.056388888888888905","0.8055555555555556"
"7x7-p72","7x7-uct-0100","uct-0100","26","3","48","0.5416666666666666","0.0625","3.2291666666666665","0.9166666666666666","26","1","0.11538461538461539","5.6521739130434785","0.11775362318840582","0.46153846153846156"
"7x7-p72","7x7-uct-0100","uct-0100","27","2","48","1.7291666666666667","0.625","3.375","0.8958333333333334","48","1","0.125","4.571428571428571","0.09523809523809523","0.627906976744186"
"7x7-p72","7x7-uct-0100","uct-0100","27","1","48","3.375","0.8958333333333334","3.375","0.8958333333333334","79","1","0.08860759493670886","3.0833333333333335","0.0642361111111111","0.7777777777777778"
"7x7-p72","7x7-uct-0100","uct-0100","27","3","48","0.7291666666666666","0.125","3.375","0.8958333333333334","35","1","0.11428571428571428","5.483870967741935","0.11424731182795698","0.5151515151515151"
"7x7-p72","7x7-uct-0100","uct-0100","28","2","48","1.7291666666666667","0.6458333333333334","3.3333333333333335","0.8958333333333334","49","1","0.12244897959183673","4.232558139534884","0.08817829457364337","0.6666666666666666"
"7x7-p72","7x7-uct-0100","uct-0100","28","1","48","3.3333333333333335","0.8958333333333334","3.3333333333333335","0.8958333333333334","77","1","0.09090909090909091","2.9857142857142858","0.062202380952380946","0.782608695652174"
"7x7-p72","7x7-uct-0100","uct-0100","28","3","48","0.7083333333333334","0.14583333333333334","3.3333333333333335","0.8958333333333334","34","1","0.14705882352941177","5.310344827586207","0.11063218390804598","0.5161290322580645"
"7x7-p72","7x7-uct-0100","uct-0100","29","2","48","1.5416666666666667","0.5208333333333334","3","0.8333333333333334","44","1","0.11363636363636363","4.051282051282051","0.08440170940170937","0.6829268292682927"
"7x7-p72","7x7-uct-0100","uct-0100","29","1","48","3","0.8333333333333334","3","0.8333333333333334","70","1","0.08571428571428572","2.859375","0.05957031249999999","0.8"
"7x7-p72","7x7-uct-0100","uct-0100","29","3","48","0.625","0.10416666666666667","3","0.8333333333333334","30","1","0.16666666666666666","5.2","0.10833333333333332","0.5357142857142857"
"7x7-p72","7x7-uct-0100","uct-0100","30","2","48","1.5416666666666667","0.5208333333333334","2.9166666666666665","0.8125","43","1","0.11627906976744186","4.578947368421052","0.09539473684210525","0.6410256410256411"
"7x7-p72","7x7-uct-0100","uct-0100","30","1","48","2.9166666666666665","0.8125","2.9166666666666665","0.8125","66","1","0.10606060606060606","3.305084745762712","0.06885593220338986","0.7627118644067796"
"7x7-p72","7x7-uct-0100","uct-0100","30","3","48","0.6458333333333334","0.125","2.9166666666666665","0.8125","31","1","0.12903225806451613","5.62962962962963","0.11728395061728397","0.5"
"7x7-p72","7x7-uct-0100","uct-0100","31","2","48","1.875","0.625","3.5416666666666665","0.8958333333333334","52","1","0.057692307692307696","4.408163265306122","0.09183673469387757","0.6666666666666666"
"7x7-p72","7x7-uct-0100","uct-0100","31","1","48","3.5416666666666665","0.8958333333333334","3.5416666666666665","0.8958333333333334","80","1","0.075","3.2567567567567566","0.06784909909909911","0.7714285714285715"
"7x7-p72","7x7-uct-0100","uct-0100","31","3","48","0.7916666666666666","0.16666666666666666","3.5416666666666665","0.8958333333333334","38","1","0.05263157894736842","5.277777777777778","0.10995370370370373","0.5675675675675675"
"7x7-p72","7x7-uct-0100","uct-0100","32","2","48","1.7291666666666667","0.6458333333333334","3.3541666666666665","0.875","49","1","0.08163265306122448","4.488888888888889","0.09351851851851849","0.6222222222222222"
"7x7-p72","7x7-uct-0100","uct-0100","32","1","48","3.3541666666666665","0.875","3.3541666666666665","0.875","78","1","0.07692307692307693","3.1805555555555554","0.06626157407407407","0.7571428571428571"
"7x7-p72","7x7-uct-0100","uct-0100","32","3","48","0.7083333333333334","0.10416666666666667","3.3541666666666665","0.875","34","1","0.058823529411764705","5.5","0.11458333333333333","0.48484848484848486"
"7x7-p72","7x7-uct-0100","uct-0100","33","2","48","1.7708333333333333","0.625","3.2291666666666665","0.875","48","1","0.10416666666666667","4","0.08333333333333334","0.6976744186046512"
"7x7-p72","7x7-uct-0100","uct-0100","33","1","48","3.2291666666666665","0.875","3.2291666666666665","0.875","70","1","0.1","3.0476190476190474","0.0634920634920635","0.7868852459016393"
"7x7-p72","7x7-uct-0100","uct-0100","33","3","48","0.7708333333333334","0.14583333333333334","3.2291666666666665","0.875","37","1","0.10810810810810811","4.606060606060606","0.09595959595959595","0.6285714285714286"
"7x7-p72","7x7-uct-0100","uct-0100","34","2","48","1.7291666666666667","0.6041666666666666","3.1666666666666665","0.8125","46","1","0.08695652173913043","4.428571428571429","0.09226190476190475","0.6585365853658537"
"7x7-p72","7x7-uct-0100","uct-0100","34","1","48","3.1666666666666665","0.8125","3.1666666666666665","0.8125","69","1","0.08695652173913043","3.2857142857142856","0.06845238095238095","0.7704918032786885"
"7x7-p72","7x7-uct-0100","uct-0100","34","3","48","0.7708333333333334","0.14583333333333334","3.1666666666666665","0.8125","37","1","0.08108108108108109","5","0.10416666666666666","0.5757575757575758"
"7x7-p72","7x7-uct-0100","uct-0100","35","2","48","1.4791666666666667","0.5416666666666666","3.25","0.8541666666666666","43","1","0.11627906976744186","4.552631578947368","0.09484649122807018","0.575"
"7x7-p72","7x7-uct-0100","uct-0100","35","1","48","3.25","0.8541666666666666","3.25","0.8541666666666666","85","1","0.07058823529411765","2.7088607594936707","0.05643459915611815","0.7848101265822784"
"7x7-p72","7x7-uct-0100","uct-0100","35","3","48","0.5833333333333334","0.125","3.25","0.8541666666666666","28","1","0.10714285714285714","5.88","0.1225","0.39285714285714285"
"7x7-p72","7x7-uct-0100","uct-0100","36","2","48","1.9583333333333333","0.7291666666666666","3.6666666666666665","0.8958333333333334","57","1","0.08771929824561403","3.9038461538461537","0.08133012820512822","0.7307692307692307"
"7x7-p72","7x7-uct-0100","uct-0100","36","1","48","3.6666666666666665","0.8958333333333334","3.6666666666666665","0.8958333333333334","82","1","0.07317073170731707","2.986842105263158","0.06222587719298247","0.8108108108108109"
"7x7-p72","7x7-uct-0100","uct-0100","36","3","48","0.7708333333333334","0.125","3.6666666666666665","0.8958333333333334","37","1","0.05405405405405406","4.828571428571428","0.10059523809523811","0.6111111111111112"
"7x7-p72","7x7-uct-0100","uct-0100","37","2","48","1.8541666666666667","0.6458333333333334","3.5","0.875","53","1","0.09433962264150944","4.041666666666667","0.08420138888888884","0.58"
"7x7-p72","7x7-uct-0100","uct-0100","37","1","48","3.5","0.875","3.5","0.875","79","1","0.0759493670886076","3","0.06250000000000003","0.7123287671232876"
"7x7-p72","7x7-uct-0100","uct-0100","37","3","48","0.75","0.14583333333333334","3.5","0.875","36","1","0.1111111111111111","5.0625","0.10546875","0.38235294117647056"
"7x7-p72","7x7-uct-0100","uct-0100","38","2","48","1.7083333333333333","0.6041666666666666","3.3541666666666665","0.8333333333333334","49","1","0.10204081632653061","4.159090909090909","0.08664772727272725","0.6666666666666666"
"7x7-p72","7x7-uct-0100","uct-0100","38","1","48","3.3541666666666665","0.8333333333333334","3.3541666666666665","0.8333333333333334","79","0.9863013698630136","0.0759493670886076","2.9305555555555554","0.06105324074074076","0.7746478873239436"
"7x7-p72","7x7-uct-0100","uct-0100","38","3","48","0.6875","0.125","3.3541666666666665","0.8333333333333334","33","1","0.09090909090909091","5.166666666666667","0.1076388888888889","0.53125"
"7x7-p72","7x7-uct-0100","uct-0100","39","2","48","1.6666666666666667","0.5416666666666666","3.1666666666666665","0.875","48","1","0.10416666666666667","4.372093023255814","0.09108527131782944","0.6511627906976745"
"7x7-p72","7x7-uct-0100","uct-0100","39","1","48","3.1666666666666665","0.875","3.1666666666666665","0.875","72","1","0.08333333333333333","3.196969696969697","0.06660353535353536","0.765625"
"7x7-p72","7x7-uct-0100","uct-0100","39","3","48","0.6666666666666666","0.08333333333333333","3.1666666666666665","0.875","32","1","0.09375","5.517241379310345","0.11494252873563218","0.4827586206896552"
"7x7-p72","7x7-uct-0100","uct-0100","40","2","48","1.75","0.6666666666666666","3.3125","0.8958333333333334","50","1","0.1","4.133333333333334","0.0861111111111111","0.6521739130434783"
"7x7-p72","7x7-uct-0100","uct-0100","40","1","48","3.3125","0.8958333333333334","3.3125","0.8958333333333334","75","1","0.09333333333333334","3.073529411764706","0.06403186274509803","0.7611940298507462"
"7x7-p72","7x7-uct-0100","uct-0100","40","3","48","0.7083333333333334","0.14583333333333334","3.3125","0.8958333333333334","34","1","0.11764705882352941","5.2","0.10833333333333336","0.5"
"7x7-p72","7x7-uct-0100","uct-0100","41","2","48","1.6875","0.5208333333333334","3.1458333333333335","0.875","46","1","0.08695652173913043","4.0476190476190474","0.08432539682539682","0.6363636363636364"
"7x7-p72","7x7-uct-0100","uct-0100","41","1","48","3.1458333333333335","0.875","3.1458333333333335","0.875","70","1","0.08571428571428572","3","0.06250000000000003","0.7575757575757576"
"7x7-p72","7x7-uct-0100","uct-0100","41","3","48","0.7291666666666666","0.16666666666666666","3.1458333333333335","0.875","35","1","0.11428571428571428","4.774193548387097","0.09946236559139786","0.5294117647058824"
"7x7-p72","7x7-uct-0100","uct-0100","42","2","48","1.8958333333333333","0.7083333333333334","3.5","0.875","53","0.9795918367346939","0.07547169811320754","3.7708333333333335","0.07855902777777776","0.7142857142857143"
"7x7-p72","7x7-uct-0100","uct-0100","42","1","48","3.5","0.875","3.5","0.875","77","0.9857142857142858","0.09090909090909091","2.927536231884058","0.060990338164251215","0.7941176470588235"
"7x7-p72","7x7-uct-0100","uct-0100","42","3","48","0.7916666666666666","0.125","3.5","0.875","38","0.9714285714285714","0.07894736842105263","4.5","0.09375000000000001","0.6111111111111112"
"7x7-p72","7x7-uct-0100","uct-0100","43","2","48","1.8333333333333333","0.6666666666666666","3.2708333333333335","0.8958333333333334","50","0.9777777777777777","0.1","4.2727272727272725","0.0890151515151515","0.5681818181818182"
"7x7-p72","7x7-uct-0100","uct-0100","43","1","48","3.2708333333333335","0.8958333333333334","3.2708333333333335","0.8958333333333334","69","0.9841269841269841","0.08695652173913043","3.3225806451612905","0.06922043010752688","0.6885245901639344"
"7x7-p72","7x7-uct-0100","uct-0100","43","3","48","0.7916666666666666","0.20833333333333334","3.2708333333333335","0.8958333333333334","38","0.9714285714285714","0.07894736842105263","4.9411764705882355","0.10294117647058822","0.4722222222222222"
"7x7-p72","7x7-uct-0100","uct-0100","44","2","48","1.8541666666666667","0.6666666666666666","3.4791666666666665","0.8333333333333334","52","1","0.09615384615384616","4.127659574468085","0.08599290780141843","0.7083333333333334"
"7x7-p72","7x7-uct-0100","uct-0100","44","1","48","3.4791666666666665","0.8333333333333334","3.4791666666666665","0.8333333333333334","78","1","0.07692307692307693","3.0416666666666665","0.06336805555555558","0.8055555555555556"
"7x7-p72","7x7-uct-0100","uct-0100","44","3","48","0.7708333333333334","0.1875","3.4791666666666665","0.8333333333333334","37","1","0.08108108108108109","4.9411764705882355","0.10294117647058823","0.6"
"7x7-p72","7x7-uct-0100","uct-0100","45","2","48","1.7291666666666667","0.5208333333333334","3.3333333333333335","0.8958333333333334","46","1","0.10869565217391304","4.780487804878049","0.09959349593495934","0.5714285714285714"
"7x7-p72","7x7-uct-0100","uct-0100","45","1","48","3.3333333333333335","0.8958333333333334","3.3333333333333335","0.8958333333333334","77","1","0.09090909090909091","3.2142857142857144","0.06696428571428571","0.7352941176470589"
"7x7-p72","7x7-uct-0100","uct-0100","45","3","48","0.7708333333333334","0.16666666666666666","3.3333333333333335","0.8958333333333334","37","1","0.10810810810810811","5.454545454545454","0.11363636363636366","0.47058823529411764"
"7x7-p72","7x7-uct-0100","uct-0100","46","2","48","1.7708333333333333","0.6041666666666666","3.3125","0.7916666666666666","51","1","0.09803921568627451","3.739130434782609","0.07789855072463765","0.723404255319149"
"7x7-p72","7x7-uct-0100","uct-0100","46","1","48","3.3125","0.7916666666666666","3.3125","0.7916666666666666","74","1","0.08108108108108109","2.8529411764705883","0.059436274509803926","0.8059701492537313"
"7x7-p72","7x7-uct-0100","uct-0100","46","3","48","0.7083333333333334","0.16666666666666666","3.3125","0.7916666666666666","34","1","0.11764705882352941","4.666666666666667","0.09722222222222224","0.5806451612903226"
"7x7-p72","7x7-uct-0100","uct-0100","47","2","48","1.5","0.5","3.0208333333333335","0.875","41","1","0.12195121951219512","4.472222222222222","0.09317129629629628","0.625"
"7x7-p72","7x7-uct-0100","uct-0100","47","1","48","3.0208333333333335","0.875","3.0208333333333335","0.875","73","1","0.0821917808219178","2.8656716417910446","0.05970149253731347","0.7794117647058824"
"7x7-p72","7x7-uct-0100","uct-0100","47","3","48","0.6458333333333334","0.125","3.0208333333333335","0.875","31","1","0.12903225806451613","5.296296296296297","0.11033950617283951","0.5161290322580645"
"7x7-p72","7x7-uct-0100","uct-0100","48","2","48","1.6458333333333333","0.5833333333333334","3.3541666666666665","0.9166666666666666","46","1","0.06521739130434782","4.465116279069767","0.09302325581395346","0.6136363636363636"
"7x7-p72","7x7-uct-0100","uct-0100","48","1","48","3.3541666666666665","0.9166666666666666","3.3541666666666665","0.9166666666666666","82","1","0.07317073170731707","2.960526315789474","0.061677631578947366","0.7733333333333333"
"7x7-p72","7x7-uct-0100","uct-0100","48","3","48","0.6875","0.14583333333333334","3.3541666666666665","0.9166666666666666","33","1","0.09090909090909091","5.533333333333333","0.11527777777777778","0.46875"
"7x7-p72","7x7-uct-0100","uct-0100","49","2","48","1.8958333333333333","0.625","3.5","0.875","55","1","0.07272727272727272","3.9607843137254903","0.08251633986928102","0.66"
"7x7-p72","7x7-uct-0100","uct-0100","49","1","48","3.5","0.875","3.5","0.875","77","1","0.07792207792207792","3.1267605633802815","0.06514084507042252","0.75"
"7x7-p72","7x7-uct-0100","uct-0100","49","3","48","0.75","0.14583333333333334","3.5","0.875","36","1","0.027777777777777776","4.857142857142857","0.10119047619047618","0.5142857142857142"
"7x7-p72","7x7-uct-0100","uct-0100","50","2","48","1.7916666666666667","0.5833333333333334","3.2708333333333335","0.8333333333333334","49","1","0.061224489795918366","4.173913043478261","0.0869565217391304","0.6304347826086957"
"7x7-p72","7x7-uct-0100","uct-0100","50","1","48","3.2708333333333335","0.8333333333333334","3.2708333333333335","0.8333333333333334","71","1","0.08450704225352113","3.246153846153846","0.06762820512820512","0.7258064516129032"
"7x7-p72","7x7-uct-0100","uct-0100","50","3","48","0.7708333333333334","0.125","3.2708333333333335","0.8333333333333334","37","1","0.08108108108108109","4.9411764705882355","0.10294117647058823","0.5"
"7x7-p72","7x7-uct-0500","uct-0500","1","2","48","1.25","0.4166666666666667","2.5416666666666665","0.8541666666666666","36","0.9666666666666667","0.16666666666666666","4.344827586206897","0.09051724137931032","0.5294117647058824"
"7x7-p72","7x7-uct-0500","uct-0500","1","1","48","2.5416666666666665","0.8541666666666666","2.5416666666666665","0.8541666666666666","62","0.9818181818181818","0.11290322580645161","2.7962962962962963","0.05825617283950616","0.7288135593220338"
"7x7-p72","7x7-uct-0500","uct-0500","1","3","48","0.5","0.0625","2.5416666666666665","0.8541666666666666","24","1","0.25","5.777777777777778","0.12037037037037039","0.3181818181818182"
"7x7-p72","7x7-uct-0500","uct-0500","2","2","48","1.7916666666666667","0.6875","3.375","0.8541666666666666","50","1","0.1","4.4","0.09166666666666665","0.7021276595744681"
"7x7-p72","7x7-uct-0500","uct-0500","2","1","48","3.375","0.8541666666666666","3.375","0.8541666666666666","76","1","0.09210526315789473","3.217391304347826","0.06702898550724638","0.8"
"7x7-p72","7x7-uct-0500","uct-0500","2","3","48","0.75","0.10416666666666667","3.375","0.8541666666666666","36","1","0.1111111111111111","5.375","0.11197916666666667","0.5882352941176471"
"7x7-p72","7x7-uct-0500","uct-0500","3","2","48","1.4791666666666667","0.4166666666666667","3.0625","0.8125","40","1","0.15","3.911764705882353","0.08149509803921567","0.7222222222222222"
"7x7-p72","7x7-uct-0500","uct-0500","3","1","48","3.0625","0.8125","3.0625","0.8125","76","1","0.10526315789473684","2.4558823529411766","0.05116421568627451","0.8507462686567164"
"7x7-p72","7x7-uct-0500","uct-0500","3","3","48","0.6458333333333334","0.125","3.0625","0.8125","31","1","0.12903225806451613","4.407407407407407","0.09182098765432098","0.6551724137931034"
"7x7-p72","7x7-uct-0500","uct-0500","4","2","48","1.75","0.5625","3.3541666666666665","0.875","49","0.9777777777777777","0.08163265306122448","4.113636363636363","0.08570075757575756","0.7111111111111111"
"7x7-p72","7x7-uct-0500","uct-0500","4","1","48","3.3541666666666665","0.875","3.3541666666666665","0.875","77","0.9859154929577465","0.07792207792207792","2.9571428571428573","0.06160714285714286","0.8088235294117647"
"7x7-p72","7x7-uct-0500","uct-0500","4","3","48","0.7291666666666666","0.16666666666666666","3.3541666666666665","0.875","35","1","0.08571428571428572","4.90625","0.10221354166666667","0.6363636363636364"
"7x7-p72","7x7-uct-0500","uct-0500","5","2","48","1.7291666666666667","0.6041666666666666","3.4583333333333335","0.8958333333333334","51","1","0.0784313725490196","3.978723404255319","0.08289007092198582","0.7391304347826086"
"7x7-p72","7x7-uct-0500","uct-0500","5","1","48","3.4583333333333335","0.8958333333333334","3.4583333333333335","0.8958333333333334","83","1","0.07228915662650602","2.8181818181818183","0.05871212121212124","0.8421052631578947"
"7x7-p72","7x7-uct-0500","uct-0500","5","3","48","0.6666666666666666","0.14583333333333334","3.4583333333333335","0.8958333333333334","32","1","0.09375","5.206896551724138","0.10847701149425287","0.5862068965517241"
"7x7-p72","7x7-uct-0500","uct-0500","6","2","48","1.2291666666666667","0.3541666666666667","2.4375","0.7708333333333334","35","1","0.17142857142857143","4.310344827586207","0.08979885057471262","0.6"
"7x7-p72","7x7-uct-0500","uct-0500","6","1","48","2.4375","0.7708333333333334","2.4375","0.7708333333333334","58","1","0.1206896551724138","2.8823529411764706","0.06004901960784311","0.7647058823529411"
"7x7-p72","7x7-uct-0500","uct-0500","6","3","48","0.5","0.0625","2.4375","0.7708333333333334","24","1","0.16666666666666666","5.35","0.11145833333333333","0.45454545454545453"
"7x7-p72","7x7-uct-0500","uct-0500","7","2","48","1.6666666666666667","0.5833333333333334","3.2083333333333335","0.7708333333333334","49","1","0.08163265306122448","4.2","0.0875","0.627906976744186"
"7x7-p72","7x7-uct-0500","uct-0500","7","1","48","3.2083333333333335","0.7708333333333334","3.2083333333333335","0.7708333333333334","74","1","0.08108108108108109","3.1176470588235294","0.06495098039215687","0.7538461538461538"
"7x7-p72","7x7-uct-0500","uct-0500","7","3","48","0.6458333333333334","0.10416666666666667","3.2083333333333335","0.7708333333333334","31","1","0.06451612903225806","5.413793103448276","0.11278735632183909","0.4666666666666667"
"7x7-p72","7x7-uct-0500","uct-0500","8","2","48","1.5833333333333333","0.4583333333333333","3.1041666666666665","0.8958333333333334","46","1","0.08695652173913043","4.333333333333333","0.09027777777777775","0.6097560975609756"
"7x7-p72","7x7-uct-0500","uct-0500","8","1","48","3.1041666666666665","0.8958333333333334","3.1041666666666665","0.8958333333333334","73","0.9850746268656716","0.0821917808219178","3.121212121212121","0.0650252525252525","0.7384615384615385"
"7x7-p72","7x7-uct-0500","uct-0500","8","3","48","0.625","0.10416666666666667","3.1041666666666665","0.8958333333333334","30","1","0.06666666666666667","5.5","0.11458333333333333","0.42857142857142855"
"7x7-p72","7x7-uct-0500","uct-0500","9","2","48","1.7708333333333333","0.6041666666666666","3.375","0.8958333333333334","51","1","0.0784313725490196","4.085106382978723","0.08510638297872336","0.6956521739130435"
"7x7-p72","7x7-uct-0500","uct-0500","9","1","48","3.375","0.8958333333333334","3.375","0.8958333333333334","77","1","0.09090909090909091","3.0714285714285716","0.06398809523809523","0.7971014492753623"
"7x7-p72","7x7-uct-0500","uct-0500","9","3","48","0.7083333333333334","0.125","3.375","0.8958333333333334","34","1","0.08823529411764706","5.161290322580645","0.1075268817204301","0.5757575757575758"
"7x7-p72","7x7-uct-0500","uct-0500","10","2","48","1.3958333333333333","0.4583333333333333","2.8958333333333335","0.875","41","1","0.0975609756097561","4.027027027027027","0.08389639639639639","0.7027027027027027"
"7x7-p72","7x7-uct-0500","uct-0500","10","1","48","2.8958333333333335","0.875","2.8958333333333335","0.875","72","0.9848484848484849","0.08333333333333333","2.723076923076923","0.05673076923076925","0.8153846153846154"
"7x7-p72","7x7-uct-0500","uct-0500","10","3","48","0.5416666666666666","0.041666666666666664","2.8958333333333335","0.875","26","1","0.11538461538461539","5.260869565217392","0.1096014492753623","0.5217391304347826"
"7x7-p72","7x7-uct-0500","uct-0500","11","2","48","1.3125","0.4375","2.8125","0.8541666666666666","38","0.9117647058823529","0.10526315789473684","4.645161290322581","0.09677419354838708","0.6176470588235294"
"7x7-p72","7x7-uct-0500","uct-0500","11","1","48","2.8125","0.8541666666666666","2.8125","0.8541666666666666","72","0.9545454545454546","0.08333333333333333","2.7936507936507935","0.058201058201058184","0.803030303030303"
"7x7-p72","7x7-uct-0500","uct-0500","11","3","48","0.5208333333333334","0.0625","2.8125","0.8541666666666666","25","0.9545454545454546","0.12","5.904761904761905","0.123015873015873","0.5"
"7x7-p72","7x7-uct-0500","uct-0500","12","2","48","1.7083333333333333","0.6041666666666666","3.1666666666666665","0.8333333333333334","45","1","0.08888888888888889","4.463414634146342","0.09298780487804878","0.6190476190476191"
"7x7-p72","7x7-uct-0500","uct-0500","12","1","48","3.1666666666666665","0.8333333333333334","3.1666666666666665","0.8333333333333334","70","1","0.08571428571428572","3.21875","0.06705729166666669","0.7419354838709677"
"7x7-p72","7x7-uct-0500","uct-0500","12","3","48","0.7708333333333334","0.10416666666666667","3.1666666666666665","0.8333333333333334","37","1","0.10810810810810811","5.0606060606060606","0.10542929292929296","0.5294117647058824"
"7x7-p72","7x7-uct-0500","uct-0500","13","2","48","1.2708333333333333","0.3958333333333333","2.6041666666666665","0.8125","37","1","0.10810810810810811","3.9393939393939394","0.08207070707070709","0.6571428571428571"
"7x7-p72","7x7-uct-0500","uct-0500","13","1","48","2.6041666666666665","0.8125","2.6041666666666665","0.8125","64","1","0.09375","2.6724137931034484","0.055675287356321865","0.7894736842105263"
"7x7-p72","7x7-uct-0500","uct-0500","13","3","48","0.5","0.0625","2.6041666666666665","0.8125","24","1","0.125","5.0476190476190474","0.10515873015873015","0.4782608695652174"
"7x7-p72","7x7-uct-0500","uct-0500","14","2","48","1.6041666666666667","0.5416666666666666","3.1666666666666665","0.8958333333333334","48","1","0.10416666666666667","3.558139534883721","0.07412790697674417","0.6590909090909091"
"7x7-p72","7x7-uct-0500","uct-0500","14","1","48","3.1666666666666665","0.8958333333333334","3.1666666666666665","0.8958333333333334","75","1","0.08","2.5942028985507246","0.05404589371980677","0.782608695652174"
"7x7-p72","7x7-uct-0500","uct-0500","14","3","48","0.6041666666666666","0.10416666666666667","3.1666666666666665","0.8958333333333334","29","1","0.1724137931034483","4.791666666666667","0.09982638888888888","0.4"
"7x7-p72","7x7-uct-0500","uct-0500","15","2","48","1.4791666666666667","0.4375","2.75","0.7708333333333334","37","1","0.08108108108108109","4.0588235294117645","0.08455882352941178","0.6857142857142857"
"7x7-p72","7x7-uct-0500","uct-0500","15","1","48","2.75","0.7708333333333334","2.75","0.7708333333333334","61","1","0.09836065573770492","2.890909090909091","0.06022727272727273","0.7924528301886793"
"7x7-p72","7x7-uct-0500","uct-0500","15","3","48","0.7083333333333334","0.10416666666666667","2.75","0.7708333333333334","34","1","0.058823529411764705","4.1875","0.08723958333333333","0.6666666666666666"
"7x7-p72","7x7-uct-0500","uct-0500","16","2","48","1.5625","0.5625","3","0.8125","45","1","0.08888888888888889","4.121951219512195","0.0858739837398374","0.6428571428571429"
"7x7-p72","7x7-uct-0500","uct-0500","16","1","48","3","0.8125","3","0.8125","69","1","0.10144927536231885","3.064516129032258","0.06384408602150539","0.75"
"7x7-p72","7x7-uct-0500","uct-0500","16","3","48","0.625","0.125","3","0.8125","30","1","0.1","5.222222222222222","0.10879629629629631","0.4827586206896552"
"7x7-p72","7x7-uct-0500","uct-0500","17","2","48","1.8125","0.625","3.5416666666666665","0.8958333333333334","50","1","0.1","4.044444444444444","0.08425925925925924","0.6875"
"7x7-p72","7x7-uct-0500","uct-0500","17","1","48","3.5416666666666665","0.8958333333333334","3.5416666666666665","0.8958333333333334","83","1","0.08433734939759036","2.8026315789473686","0.05838815789473686","0.7972972972972973"
"7x7-p72","7x7-uct-0500","uct-0500","17","3","48","0.7708333333333334","0.16666666666666666","3.5416666666666665","0.8958333333333334","37","1","0.10810810810810811","4.787878787878788","0.09974747474747474","0.5833333333333334"
"7x7-p72","7x7-uct-0500","uct-0500","18","2","48","1.1041666666666667","0.22916666666666666","2.25","0.7708333333333334","35","1","0.11428571428571428","3.4516129032258065","0.07190860215053761","0.78125"
"7x7-p72","7x7-uct-0500","uct-0500","18","1","48","2.25","0.7708333333333334","2.25","0.7708333333333334","55","0.9791666666666666","0.12727272727272726","2.617021276595745","0.05452127659574467","0.8333333333333334"
"7x7-p72","7x7-uct-0500","uct-0500","18","3","48","0.375","0.041666666666666664","2.25","0.7708333333333334","18","1","0.2222222222222222","5.214285714285714","0.1086309523809524","0.5625"
"7x7-p72","7x7-uct-0500","uct-0500","19","2","48","1.3541666666666667","0.3541666666666667","2.7083333333333335","0.7916666666666666","39","0.9714285714285714","0.10256410256410256","3.7058823529411766","0.07720588235294118","0.5263157894736842"
"7x7-p72","7x7-uct-0500","uct-0500","19","1","48","2.7083333333333335","0.7916666666666666","2.7083333333333335","0.7916666666666666","65","0.9833333333333333","0.07692307692307693","2.559322033898305","0.05331920903954803","0.7"
"7x7-p72","7x7-uct-0500","uct-0500","19","3","48","0.5416666666666666","0.0625","2.7083333333333335","0.7916666666666666","26","0.9545454545454546","0.15384615384615385","4.761904761904762","0.09920634920634921","0.3076923076923077"
"7x7-p72","7x7-uct-0500","uct-0500","20","2","48","1.5","0.5208333333333334","3.2083333333333335","0.875","43","1","0.09302325581395349","4.282051282051282","0.08920940170940171","0.5476190476190477"
"7x7-p72","7x7-uct-0500","uct-0500","20","1","48","3.2083333333333335","0.875","3.2083333333333335","0.875","82","1","0.07317073170731707","2.6842105263157894","0.05592105263157898","0.7466666666666667"
"7x7-p72","7x7-uct-0500","uct-0500","20","3","48","0.6041666666666666","0.10416666666666667","3.2083333333333335","0.875","29","1","0.13793103448275862","5.56","0.11583333333333336","0.3448275862068966"
"7x7-p72","7x7-uct-0500","uct-0500","21","2","48","1.6875","0.5833333333333334","3.3541666666666665","0.8541666666666666","51","1","0.09803921568627451","3.9782608695652173","0.08288043478260868","0.6808510638297872"
"7x7-p72","7x7-uct-0500","uct-0500","21","1","48","3.3541666666666665","0.8541666666666666","3.3541666666666665","0.8541666666666666","80","1","0.0875","2.8767123287671232","0.059931506849315065","0.7972972972972973"
"7x7-p72","7x7-uct-0500","uct-0500","21","3","48","0.625","0.125","3.3541666666666665","0.8541666666666666","30","1","0.13333333333333333","5.5","0.11458333333333333","0.4444444444444444"
"7x7-p72","7x7-uct-0500","uct-0500","22","2","48","1.75","0.6458333333333334","3.3333333333333335","0.875","44","1","0.06818181818181818","4.853658536585366","0.10111788617886178","0.575"
"7x7-p72","7x7-uct-0500","uct-0500","22","1","48","3.3333333333333335","0.875","3.3333333333333335","0.875","76","1","0.07894736842105263","3.257142857142857","0.06785714285714284","0.746268656716418"
"7x7-p72","7x7-uct-0500","uct-0500","22","3","48","0.8333333333333334","0.16666666666666666","3.3333333333333335","0.875","40","1","0.075","5.162162162162162","0.10754504504504504","0.5405405405405406"
"7x7-p72","7x7-uct-0500","uct-0500","23","2","48","1.5833333333333333","0.5416666666666666","3.1041666666666665","0.875","46","1","0.08695652173913043","4","0.08333333333333331","0.6511627906976745"
"7x7-p72","7x7-uct-0500","uct-0500","23","1","48","3.1041666666666665","0.875","3.1041666666666665","0.875","73","1","0.0821917808219178","2.8805970149253732","0.06001243781094527","0.765625"
"7x7-p72","7x7-uct-0500","uct-0500","23","3","48","0.625","0.14583333333333334","3.1041666666666665","0.875","30","1","0.1","5.111111111111111","0.10648148148148148","0.4642857142857143"
"7x7-p72","7x7-uct-0500","uct-0500","24","2","48","1.6458333333333333","0.5833333333333334","3.5","0.875","48","1","0.0625","4","0.0833333333333333","0.6170212765957447"
"7x7-p72","7x7-uct-0500","uct-0500","24","1","48","3.5","0.875","3.5","0.875","89","1","0.06741573033707865","2.6265060240963853","0.054718875502008046","0.7721518987341772"
"7x7-p72","7x7-uct-0500","uct-0500","24","3","48","0.6458333333333334","0.125","3.5","0.875","31","1","0.0967741935483871","5.214285714285714","0.10863095238095237","0.4"
"7x7-p72","7x7-uct-0500","uct-0500","25","2","48","1.2291666666666667","0.4166666666666667","2.6875","0.8125","36","1","0.1388888888888889","4.290322580645161","0.08938172043010752","0.65625"
"7x7-p72","7x7-uct-0500","uct-0500","25","1","48","2.6875","0.8125","2.6875","0.8125","70","1","0.1","2.619047619047619","0.054563492063492106","0.8253968253968254"
"7x7-p72","7x7-uct-0500","uct-0500","25","3","48","0.4791666666666667","0.08333333333333333","2.6875","0.8125","23","1","0.17391304347826086","5.7368421052631575","0.1195175438596491","0.45"
"7x7-p72","7x7-uct-0500","uct-0500","26","2","48","1.5416666666666667","0.5208333333333334","2.7708333333333335","0.7291666666666666","43","1","0.11627906976744186","4.078947368421052","0.08497807017543858","0.6153846153846154"
"7x7-p72","7x7-uct-0500","uct-0500","26","1","48","2.7708333333333335","0.7291666666666666","2.7708333333333335","0.7291666666666666","59","1","0.11864406779661017","3.25","0.06770833333333334","0.7169811320754716"
"7x7-p72","7x7-uct-0500","uct-0500","26","3","48","0.6458333333333334","0.041666666666666664","2.7708333333333335","0.7291666666666666","31","1","0.12903225806451613","4.925925925925926","0.10262345679012347","0.4642857142857143"
"7x7-p72","7x7-uct-0500","uct-0500","27","2","48","1.8125","0.625","3.4791666666666665","0.9375","51","1","0.09803921568627451","3.9130434782608696","0.08152173913043477","0.6956521739130435"
"7x7-p72","7x7-uct-0500","uct-0500","27","1","48","3.4791666666666665","0.9375","3.4791666666666665","0.9375","80","1","0.075","2.810810810810811","0.05855855855855854","0.8108108108108109"
"7x7-p72","7x7-uct-0500","uct-0500","27","3","48","0.75","0.14583333333333334","3.4791666666666665","0.9375","36","1","0.1111111111111111","4.75","0.09895833333333333","0.5625"
"7x7-p72","7x7-uct-0500","uct-0500","28","2","48","1.5625","0.5208333333333334","3.1041666666666665","0.8541666666666666","45","1","0.08888888888888889","4.146341463414634","0.08638211382113822","0.7142857142857143"
"7x7-p72","7x7-uct-0500","uct-0500","28","1","48","3.1041666666666665","0.8541666666666666","3.1041666666666665","0.8541666666666666","74","1","0.08108108108108109","2.8970588235294117","0.06035539215686276","0.8208955223880597"
"7x7-p72","7x7-uct-0500","uct-0500","28","3","48","0.625","0.10416666666666667","3.1041666666666665","0.8541666666666666","30","1","0.13333333333333333","5.384615384615385","0.1121794871794872","0.5714285714285714"
"7x7-p72","7x7-uct-0500","uct-0500","29","2","48","1.6458333333333333","0.5833333333333334","3.1041666666666665","0.8541666666666666","47","0.975609756097561","0.1276595744680851","4.775","0.09947916666666663","0.4878048780487805"
"7x7-p72","7x7-uct-0500","uct-0500","29","1","48","3.1041666666666665","0.8541666666666666","3.1041666666666665","0.8541666666666666","70","0.9841269841269841","0.1","3.435483870967742","0.07157258064516131","0.6557377049180327"
"7x7-p72","7x7-uct-0500","uct-0500","29","3","48","0.6666666666666666","0.14583333333333334","3.1041666666666665","0.8541666666666666","32","1","0.09375","5.827586206896552","0.12140804597701146","0.3333333333333333"
"7x7-p72","7x7-uct-0500","uct-0500","30","2","48","1.0833333333333333","0.3125","2.25","0.6666666666666666","32","1","0.09375","5.793103448275862","0.12068965517241381","0.5357142857142857"
"7x7-p72","7x7-uct-0500","uct-0500","30","1","48","2.25","0.6666666666666666","2.25","0.6666666666666666","56","1","0.10714285714285714","3.78","0.07875000000000001","0.717391304347826"
"7x7-p72","7x7-uct-0500","uct-0500","30","3","48","0.4166666666666667","0.020833333333333332","2.25","0.6666666666666666","20","1","0.05","7.7894736842105265","0.162280701754386","0.3157894736842105"
"7x7-p72","7x7-uct-0500","uct-0500","31","2","48","1.4166666666666667","0.4583333333333333","2.8125","0.7916666666666666","41","1","0.0975609756097561","4.45945945945946","0.09290540540540539","0.6756756756756757"
"7x7-p72","7x7-uct-0500","uct-0500","31","1","48","2.8125","0.7916666666666666","2.8125","0.7916666666666666","67","1","0.08955223880597014","3.098360655737705","0.06454918032786885","0.7966101694915254"
"7x7-p72","7x7-uct-0500","uct-0500","31","3","48","0.5625","0.08333333333333333","2.8125","0.7916666666666666","27","1","0.14814814814814814","5.956521739130435","0.12409420289855073","0.5"
"7x7-p72","7x7-uct-0500","uct-0500","32","2","48","1.7083333333333333","0.5208333333333334","3.1875","0.8541666666666666","48","1","0.10416666666666667","4.116279069767442","0.08575581395348839","0.6136363636363636"
"7x7-p72","7x7-uct-0500","uct-0500","32","1","48","3.1875","0.8541666666666666","3.1875","0.8541666666666666","71","0.984375","0.09859154929577464","3.126984126984127","0.06514550264550266","0.71875"
"7x7-p72","7x7-uct-0500","uct-0500","32","3","48","0.7083333333333334","0.125","3.1875","0.8541666666666666","34","1","0.11764705882352941","5.033333333333333","0.10486111111111114","0.46875"
"7x7-p72","7x7-uct-0500","uct-0500","33","2","48","1.4375","0.4791666666666667","2.8125","0.8333333333333334","41","1","0.12195121951219512","3.638888888888889","0.07581018518518517","0.7222222222222222"
"7x7-p72","7x7-uct-0500","uct-0500","33","1","48","2.8125","0.8333333333333334","2.8125","0.8333333333333334","66","1","0.09090909090909091","2.5833333333333335","0.05381944444444444","0.8333333333333334"
"7x7-p72","7x7-uct-0500","uct-0500","33","3","48","0.5833333333333334","0.10416666666666667","2.8125","0.8333333333333334","28","1","0.14285714285714285","4.458333333333333","0.09288194444444446","0.5833333333333334"
"7x7-p72","7x7-uct-0500","uct-0500","34","2","48","1.4583333333333333","0.4583333333333333","2.6875","0.8541666666666666","39","0.9705882352941176","0.1282051282051282","5.484848484848484","0.11426767676767677","0.4166666666666667"
"7x7-p72","7x7-uct-0500","uct-0500","34","1","48","2.6875","0.8541666666666666","2.6875","0.8541666666666666","59","0.9622641509433962","0.1016949152542373","3.9019607843137254","0.08129084967320263","0.5849056603773585"
"7x7-p72","7x7-uct-0500","uct-0500","34","3","48","0.6458333333333334","0.14583333333333334","2.6875","0.8541666666666666","31","1","0.12903225806451613","6.2592592592592595","0.13040123456790123","0.3103448275862069"
"7x7-p72","7x7-uct-0500","uct-0500","35","2","48","1.375","0.4583333333333333","2.6875","0.8125","38","1","0.10526315789473684","4.823529411764706","0.10049019607843139","0.5833333333333334"
"7x7-p72","7x7-uct-0500","uct-0500","35","1","48","2.6875","0.8125","2.6875","0.8125","63","1","0.09523809523809523","3.280701754385965","0.06834795321637431","0.7413793103448276"
"7x7-p72","7x7-uct-0500","uct-0500","35","3","48","0.5833333333333334","0.10416666666666667","2.6875","0.8125","28","1","0.10714285714285714","5.84","0.12166666666666667","0.4444444444444444"
"7x7-p72","7x7-uct-0500","uct-0500","36","2","48","1.4791666666666667","0.5416666666666666","3","0.875","42","0.9743589743589743","0.07142857142857142","4.5","0.09374999999999997","0.6052631578947368"
"7x7-p72","7x7-uct-0500","uct-0500","36","1","48","3","0.875","3","0.875","73","0.9852941176470589","0.0684931506849315","2.985074626865672","0.06218905472636816","0.7692307692307693"
"7x7-p72","7x7-uct-0500","uct-0500","36","3","48","0.6041666666666666","0.125","3","0.875","29","1","0.06896551724137931","5.518518518518518","0.11496913580246912","0.5"
"7x7-p72","7x7-uct-0500","uct-0500","37","2","48","1.5833333333333333","0.4791666666666667","3.1041666666666665","0.8958333333333334","43","1","0.09302325581395349","4.717948717948718","0.09829059829059827","0.5384615384615384"
"7x7-p72","7x7-uct-0500","uct-0500","37","1","48","3.1041666666666665","0.8958333333333334","3.1041666666666665","0.8958333333333334","73","1","0.0821917808219178","3.1641791044776117","0.06592039800995028","0.7230769230769231"
"7x7-p72","7x7-uct-0500","uct-0500","37","3","48","0.6875","0.16666666666666666","3.1041666666666665","0.8958333333333334","33","1","0.09090909090909091","5.533333333333333","0.11527777777777777","0.41935483870967744"
"7x7-p72","7x7-uct-0500","uct-0500","38","2","48","1.3541666666666667","0.4375","2.7916666666666665","0.875","40","0.9722222222222222","0.1","3.914285714285714","0.08154761904761905","0.6842105263157895"
"7x7-p72","7x7-uct-0500","uct-0500","38","1","48","2.7916666666666665","0.875","2.7916666666666665","0.875","69","0.967741935483871","0.10144927536231885","2.7","0.05625","0.7903225806451613"
"7x7-p72","7x7-uct-0500","uct-0500","38","3","48","0.5208333333333334","0.0625","2.7916666666666665","0.875","25","0.9523809523809523","0.16","5.35","0.11145833333333333","0.5"
"7x7-p72","7x7-uct-0500","uct-0500","39","2","48","1.5416666666666667","0.4791666666666667","3.0833333333333335","0.8541666666666666","46","1","0.08695652173913043","4.190476190476191","0.08730158730158728","0.6976744186046512"
"7x7-p72","7x7-uct-0500","uct-0500","39","1","48","3.0833333333333335","0.8541666666666666","3.0833333333333335","0.8541666666666666","74","1","0.0945945945945946","3","0.0625","0.796875"
"7x7-p72","7x7-uct-0500","uct-0500","39","3","48","0.5833333333333334","0.08333333333333333","3.0833333333333335","0.8541666666666666","28","1","0.07142857142857142","5.538461538461538","0.11538461538461539","0.5185185185185185"
"7x7-p72","7x7-uct-0500","uct-0500","40","2","48","1.7083333333333333","0.6041666666666666","3.375","0.875","49","1","0.10204081632653061","4.2727272727272725","0.0890151515151515","0.6136363636363636"
"7x7-p72","7x7-uct-0500","uct-0500","40","1","48","3.375","0.875","3.375","0.875","80","1","0.075","2.945945945945946","0.06137387387387388","0.7638888888888888"
"7x7-p72","7x7-uct-0500","uct-0500","40","3","48","0.6875","0.14583333333333334","3.375","0.875","33","1","0.12121212121212122","5.448275862068965","0.1135057471264368","0.43333333333333335"
"7x7-p72","7x7-uct-0500","uct-0500","41","2","48","1.6041666666666667","0.5625","3.1041666666666665","0.9166666666666666","44","1","0.06818181818181818","4.7560975609756095","0.09908536585365854","0.5853658536585366"
"7x7-p72","7x7-uct-0500","uct-0500","41","1","48","3.1041666666666665","0.9166666666666666","3.1041666666666665","0.9166666666666666","72","1","0.08333333333333333","3.3333333333333335","0.06944444444444445","0.7384615384615385"
"7x7-p72","7x7-uct-0500","uct-0500","41","3","48","0.6875","0.10416666666666667","3.1041666666666665","0.9166666666666666","33","1","0.030303030303030304","5.53125","0.115234375","0.48484848484848486"
"7x7-p72","7x7-uct-0500","uct-0500","42","2","48","1.2916666666666667","0.375","2.5833333333333335","0.7708333333333334","37","1","0.10810810810810811","4.878787878787879","0.10164141414141414","0.5882352941176471"
"7x7-p72","7x7-uct-0500","uct-0500","42","1","48","2.5833333333333335","0.7708333333333334","2.5833333333333335","0.7708333333333334","62","1","0.11290322580645161","3.327272727272727","0.06931818181818185","0.7407407407407407"
"7x7-p72","7x7-uct-0500","uct-0500","42","3","48","0.5208333333333334","0.08333333333333333","2.5833333333333335","0.7708333333333334","25","1","0.12","6.318181818181818","0.1316287878787879","0.391304347826087"
"7x7-p72","7x7-uct-0500","uct-0500","43","2","48","1.7708333333333333","0.5833333333333334","3.4791666666666665","0.8958333333333334","52","1","0.07692307692307693","3.8333333333333335","0.07986111111111109","0.68"
"7x7-p72","7x7-uct-0500","uct-0500","43","1","48","3.4791666666666665","0.8958333333333334","3.4791666666666665","0.8958333333333334","82","0.9868421052631579","0.07317073170731707","2.8133333333333335","0.05861111111111112","0.7792207792207793"
"7x7-p72","7x7-uct-0500","uct-0500","43","3","48","0.6875","0.1875","3.4791666666666665","0.8958333333333334","33","1","0.09090909090909091","4.933333333333334","0.10277777777777777","0.5151515151515151"
"7x7-p72","7x7-uct-0500","uct-0500","44","2","48","1.375","0.4375","2.7291666666666665","0.8333333333333334","34","1","0.14705882352941177","5.241379310344827","0.10919540229885058","0.48484848484848486"
"7x7-p72","7x7-uct-0500","uct-0500","44","1","48","2.7291666666666665","0.8333333333333334","2.7291666666666665","0.8333333333333334","65","1","0.1076923076923077","3.1206896551724137","0.06501436781609199","0.711864406779661"
"7x7-p72","7x7-uct-0500","uct-0500","44","3","48","0.6666666666666666","0.16666666666666666","2.7291666666666665","0.8333333333333334","32","1","0.15625","5.481481481481482","0.11419753086419752","0.45161290322580644"
"7x7-p72","7x7-uct-0500","uct-0500","45","2","48","1.1666666666666667","0.3958333333333333","2.4375","0.7916666666666666","33","1","0.12121212121212122","4.862068965517241","0.10129310344827584","0.5333333333333333"
"7x7-p72","7x7-uct-0500","uct-0500","45","1","48","2.4375","0.7916666666666666","2.4375","0.7916666666666666","61","1","0.06557377049180328","2.9649122807017543","0.06176900584795321","0.75"
"7x7-p72","7x7-uct-0500","uct-0500","45","3","48","0.4791666666666667","0.020833333333333332","2.4375","0.7916666666666666","23","1","0.13043478260869565","6.15","0.128125","0.3333333333333333"
"7x7-p72","7x7-uct-0500","uct-0500","46","2","48","1.5","0.5208333333333334","2.9166666666666665","0.875","46","0.9761904761904762","0.08695652173913043","4.097560975609756","0.08536585365853656","0.627906976744186"
"7x7-p72","7x7-uct-0500","uct-0500","46","1","48","2.9166666666666665","0.875","2.9166666666666665","0.875","68","0.9836065573770492","0.10294117647058823","3.1166666666666667","0.06493055555555553","0.7377049180327869"
"7x7-p72","7x7-uct-0500","uct-0500","46","3","48","0.5416666666666666","0.08333333333333333","2.9166666666666665","0.875","26","1","0.11538461538461539","5.739130434782608","0.11956521739130435","0.4"
"7x7-p72","7x7-uct-0500","uct-0500","47","2","48","1.9166666666666667","0.6458333333333334","3.5625","0.8541666666666666","53","1","0.09433962264150944","3.8541666666666665","0.08029513888888888","0.7142857142857143"
"7x7-p72","7x7-uct-0500","uct-0500","47","1","48","3.5625","0.8541666666666666","3.5625","0.8541666666666666","79","1","0.08860759493670886","2.9027777777777777","0.06047453703703706","0.8"
"7x7-p72","7x7-uct-0500","uct-0500","47","3","48","0.8125","0.16666666666666666","3.5625","0.8541666666666666","39","1","0.10256410256410256","4.542857142857143","0.09464285714285714","0.6216216216216216"
"7x7-p72","7x7-uct-0500","uct-0500","48","2","48","1.5208333333333333","0.5","3.1041666666666665","0.875","45","1","0.1111111111111111","4.525","0.09427083333333333","0.6097560975609756"
"7x7-p72","7x7-uct-0500","uct-0500","48","1","48","3.1041666666666665","0.875","3.1041666666666665","0.875","76","1","0.09210526315789473","3.0434782608695654","0.06340579710144931","0.7647058823529411"
"7x7-p72","7x7-uct-0500","uct-0500","48","3","48","0.5833333333333334","0.14583333333333334","3.1041666666666665","0.875","28","1","0.10714285714285714","6.04","0.12583333333333335","0.4074074074074074"
"7x7-p72","7x7-uct-0500","uct-0500","49","2","48","1.375","0.4375","2.9791666666666665","0.875","40","0.9444444444444444","0.1","4.647058823529412","0.09681372549019607","0.5833333333333334"
"7x7-p72","7x7-uct-0500","uct-0500","49","1","48","2.9791666666666665","0.875","2.9791666666666665","0.875","77","0.9722222222222222","0.06493506493506493","2.7714285714285714","0.05773809523809524","0.7916666666666666"
"7x7-p72","7x7-uct-0500","uct-0500","49","3","48","0.5416666666666666","0.0625","2.9791666666666665","0.875","26","1","0.15384615384615385","6.090909090909091","0.1268939393939394","0.4166666666666667"
"7x7-p72","7x7-uct-0500","uct-0500","50","2","48","1.2916666666666667","0.4166666666666667","2.5416666666666665","0.6875","38","1","0.07894736842105263","3.657142857142857","0.0761904761904762","0.7428571428571429"
"7x7-p72","7x7-uct-0500","uct-0500","50","1","48","2.5416666666666665","0.6875","2.5416666666666665","0.6875","60","1","0.08333333333333333","2.690909090909091","0.056060606060606075","0.8301886792452831"
"7x7-p72","7x7-uct-0500","uct-0500","50","3","48","0.5","0.10416666666666667","2.5416666666666665","0.6875","24","1","0.08333333333333333","4.636363636363637","0.09659090909090909","0.5909090909090909"
"7x7-p72","7x7-uct-1000","uct-1000","1","2","48","1.75","0.5625","3.375","0.875","46","1","0.08695652173913043","4.857142857142857","0.10119047619047619","0.5777777777777777"
"7x7-p72","7x7-uct-1000","uct-1000","1","1","48","3.375","0.875","3.375","0.875","78","1","0.07692307692307693","3.25","0.06770833333333333","0.7361111111111112"
"7x7-p72","7x7-uct-1000","uct-1000","1","3","48","0.7916666666666666","0.10416666666666667","3.375","0.875","38","1","0.10526315789473684","5.529411764705882","0.11519607843137254","0.4864864864864865"
"7x7-p72","7x7-uct-1000","uct-1000","2","2","48","1.7916666666666667","0.6041666666666666","3.3541666666666665","0.8333333333333334","49","1","0.08163265306122448","4.022222222222222","0.08379629629629629","0.6739130434782609"
"7x7-p72","7x7-uct-1000","uct-1000","2","1","48","3.3541666666666665","0.8333333333333334","3.3541666666666665","0.8333333333333334","75","1","0.09333333333333334","3","0.06250000000000001","0.7692307692307693"
"7x7-p72","7x7-uct-1000","uct-1000","2","3","48","0.7708333333333334","0.22916666666666666","3.3541666666666665","0.8333333333333334","37","1","0.05405405405405406","4.6","0.09583333333333333","0.5945945945945946"
"7x7-p72","7x7-uct-1000","uct-1000","3","2","48","1.5625","0.3958333333333333","2.9583333333333335","0.8333333333333334","44","1","0.11363636363636363","4.230769230769231","0.08814102564102565","0.631578947368421"
"7x7-p72","7x7-uct-1000","uct-1000","3","1","48","2.9583333333333335","0.8333333333333334","2.9583333333333335","0.8333333333333334","67","1","0.08955223880597014","3.0655737704918034","0.06386612021857926","0.7666666666666667"
"7x7-p72","7x7-uct-1000","uct-1000","3","3","48","0.6458333333333334","0.16666666666666666","2.9583333333333335","0.8333333333333334","31","1","0.12903225806451613","5.222222222222222","0.1087962962962963","0.48148148148148145"
"7x7-p72","7x7-uct-1000","uct-1000","4","2","48","1.3958333333333333","0.4791666666666667","2.7708333333333335","0.8125","37","1","0.13513513513513514","5.0625","0.10546875","0.5294117647058824"
"7x7-p72","7x7-uct-1000","uct-1000","4","1","48","2.7708333333333335","0.8125","2.7708333333333335","0.8125","66","1","0.09090909090909091","3.1666666666666665","0.06597222222222222","0.7377049180327869"
"7x7-p72","7x7-uct-1000","uct-1000","4","3","48","0.625","0.10416666666666667","2.7708333333333335","0.8125","30","1","0.13333333333333333","5.769230769230769","0.1201923076923077","0.42857142857142855"
"7x7-p72","7x7-uct-1000","uct-1000","5","2","48","1.7083333333333333","0.5416666666666666","3.375","0.9166666666666666","49","1","0.10204081632653061","4.204545454545454","0.08759469696969695","0.6304347826086957"
"7x7-p72","7x7-uct-1000","uct-1000","5","1","48","3.375","0.9166666666666666","3.375","0.9166666666666666","80","1","0.075","2.9054054054054053","0.06052927927927929","0.7702702702702703"
"7x7-p72","7x7-uct-1000","uct-1000","5","3","48","0.6875","0.125","3.375","0.9166666666666666","33","1","0.09090909090909091","5.233333333333333","0.10902777777777777","0.46875"
"7x7-p72","7x7-uct-1000","uct-1000","6","2","48","1.6458333333333333","0.5416666666666666","3.1041666666666665","0.8125","45","0.9523809523809523","0.06666666666666667","4.2","0.08750000000000001","0.7142857142857143"
"7x7-p72","7x7-uct-1000","uct-1000","6","1","48","3.1041666666666665","0.8125","3.1041666666666665","0.8125","70","0.96875","0.08571428571428572","3.064516129032258","0.06384408602150539","0.8064516129032258"
"7x7-p72","7x7-uct-1000","uct-1000","6","3","48","0.7083333333333334","0.125","3.1041666666666665","0.8125","34","1","0.058823529411764705","4.75","0.09895833333333334","0.696969696969697"
"7x7-p72","7x7-uct-1000","uct-1000","7","2","48","1.3541666666666667","0.4583333333333333","2.7708333333333335","0.875","40","1","0.075","4.162162162162162","0.0867117117117117","0.6410256410256411"
"7x7-p72","7x7-uct-1000","uct-1000","7","1","48","2.7708333333333335","0.875","2.7708333333333335","0.875","68","1","0.08823529411764706","2.8870967741935485","0.06014784946236559","0.7704918032786885"
"7x7-p72","7x7-uct-1000","uct-1000","7","3","48","0.5208333333333334","0.08333333333333333","2.7708333333333335","0.875","25","1","0.12","5.636363636363637","0.11742424242424239","0.4166666666666667"
"7x7-p72","7x7-uct-1000","uct-1000","8","2","48","1.2291666666666667","0.4375","2.6041666666666665","0.8125","36","0.967741935483871","0.1388888888888889","3.9","0.08125","0.6666666666666666"
"7x7-p72","7x7-uct-1000","uct-1000","8","1","48","2.6041666666666665","0.8125","2.6041666666666665","0.8125","66","0.9833333333333333","0.09090909090909091","2.4745762711864407","0.051553672316384185","0.8166666666666667"
"7x7-p72","7x7-uct-1000","uct-1000","8","3","48","0.4791666666666667","0.0625","2.6041666666666665","0.8125","23","1","0.17391304347826086","5","0.10416666666666666","0.5238095238095238"
"7x7-p72","7x7-uct-1000","uct-1000","9","2","48","1.8125","0.5833333333333334","3.375","0.9166666666666666","46","1","0.10869565217391304","4.609756097560975","0.09603658536585366","0.6046511627906976"
"7x7-p72","7x7-uct-1000","uct-1000","9","1","48","3.375","0.9166666666666666","3.375","0.9166666666666666","75","1","0.08","3.1449275362318843","0.06551932367149757","0.7536231884057971"
"7x7-p72","7x7-uct-1000","uct-1000","9","3","48","0.8541666666666666","0.16666666666666666","3.375","0.9166666666666666","41","1","0.12195121951219512","4.972222222222222","0.10358796296296297","0.5526315789473685"
"7x7-p72","7x7-uct-1000","uct-1000","10","2","48","1.3125","0.375","2.875","0.875","37","1","0.13513513513513514","4.53125","0.09440104166666666","0.6176470588235294"
"7x7-p72","7x7-uct-1000","uct-1000","10","1","48","2.875","0.875","2.875","0.875","75","1","0.09333333333333334","2.661764705882353","0.05545343137254902","0.8059701492537313"
"7x7-p72","7x7-uct-1000","uct-1000","10","3","48","0.5416666666666666","0.020833333333333332","2.875","0.875","26","1","0.11538461538461539","5.521739130434782","0.11503623188405798","0.48"
"7x7-p72","7x7-uct-1000","uct-1000","11","2","48","1.3333333333333333","0.4166666666666667","2.9166666666666665","0.8333333333333334","41","1","0.07317073170731707","4.052631578947368","0.08442982456140351","0.6052631578947368"
"7x7-p72","7x7-uct-1000","uct-1000","11","1","48","2.9166666666666665","0.8333333333333334","2.9166666666666665","0.8333333333333334","76","1","0.07894736842105263","2.657142857142857","0.055357142857142855","0.7761194029850746"
"7x7-p72","7x7-uct-1000","uct-1000","11","3","48","0.4791666666666667","0.0625","2.9166666666666665","0.8333333333333334","23","1","0.08695652173913043","5.714285714285714","0.11904761904761904","0.3181818181818182"
"7x7-p72","7x7-uct-1000","uct-1000","12","2","48","1.3958333333333333","0.4166666666666667","2.75","0.8125","38","1","0.10526315789473684","5.147058823529412","0.10723039215686275","0.5757575757575758"
"7x7-p72","7x7-uct-1000","uct-1000","12","1","48","2.75","0.8125","2.75","0.8125","65","0.9830508474576272","0.09230769230769231","3.4310344827586206","0.0714798850574713","0.7321428571428571"
"7x7-p72","7x7-uct-1000","uct-1000","12","3","48","0.6041666666666666","0.125","2.75","0.8125","29","1","0.10344827586206896","6.115384615384615","0.1274038461538462","0.46153846153846156"
"7x7-p72","7x7-uct-1000","uct-1000","13","2","48","1.5208333333333333","0.5208333333333334","2.9375","0.9166666666666666","41","0.972972972972973","0.0975609756097561","4.916666666666667","0.10243055555555554","0.47368421052631576"
"7x7-p72","7x7-uct-1000","uct-1000","13","1","48","2.9375","0.9166666666666666","2.9375","0.9166666666666666","68","0.9838709677419355","0.08823529411764706","3.3114754098360657","0.0689890710382514","0.6721311475409836"
"7x7-p72","7x7-uct-1000","uct-1000","13","3","48","0.6666666666666666","0.0625","2.9375","0.9166666666666666","32","0.9655172413793104","0.09375","5.75","0.11979166666666667","0.3333333333333333"
"7x7-p72","7x7-uct-1000","uct-1000","14","2","48","1.5","0.4791666666666667","3","0.8333333333333334","46","1","0.10869565217391304","3.4878048780487805","0.07266260162601623","0.7441860465116279"
"7x7-p72","7x7-uct-1000","uct-1000","14","1","48","3","0.8333333333333334","3","0.8333333333333334","72","1","0.09722222222222222","2.5692307692307694","0.05352564102564103","0.835820895522388"
"7x7-p72","7x7-uct-1000","uct-1000","14","3","48","0.5416666666666666","0.08333333333333333","3","0.8333333333333334","26","1","0.19230769230769232","4.904761904761905","0.10218253968253967","0.5217391304347826"
"7x7-p72","7x7-uct-1000","uct-1000","15","2","48","1.4166666666666667","0.4166666666666667","2.7916666666666665","0.8333333333333334","39","1","0.1282051282051282","4.5588235294117645","0.09497549019607843","0.6111111111111112"
"7x7-p72","7x7-uct-1000","uct-1000","15","1","48","2.7916666666666665","0.8333333333333334","2.7916666666666665","0.8333333333333334","66","1","0.09090909090909091","3.0166666666666666","0.06284722222222225","0.7741935483870968"
"7x7-p72","7x7-uct-1000","uct-1000","15","3","48","0.6041666666666666","0.14583333333333334","2.7916666666666665","0.8333333333333334","29","1","0.13793103448275862","5.48","0.11416666666666667","0.48148148148148145"
"7x7-p72","7x7-uct-1000","uct-1000","16","2","48","1.4583333333333333","0.5208333333333334","2.9583333333333335","0.8125","42","1","0.11904761904761904","3.972972972972973","0.08277027027027027","0.7105263157894737"
"7x7-p72","7x7-uct-1000","uct-1000","16","1","48","2.9583333333333335","0.8125","2.9583333333333335","0.8125","72","1","0.08333333333333333","2.6666666666666665","0.05555555555555556","0.8307692307692308"
"7x7-p72","7x7-uct-1000","uct-1000","16","3","48","0.5833333333333334","0.16666666666666666","2.9583333333333335","0.8125","28","1","0.14285714285714285","5.041666666666667","0.10503472222222221","0.56"
"7x7-p72","7x7-uct-1000","uct-1000","17","2","48","1.5","0.5208333333333334","3","0.8541666666666666","42","0.9722222222222222","0.14285714285714285","4.771428571428571","0.0994047619047619","0.5526315789473685"
"7x7-p72","7x7-uct-1000","uct-1000","17","1","48","3","0.8541666666666666","3","0.8541666666666666","72","0.9846153846153847","0.09722222222222222","3.0625","0.06380208333333336","0.734375"
"7x7-p72","7x7-uct-1000","uct-1000","17","3","48","0.625","0.1875","3","0.8541666666666666","30","1","0.13333333333333333","5.730769230769231","0.11939102564102563","0.4482758620689655"
"7x7-p72","7x7-uct-1000","uct-1000","18","2","48","1.375","0.4166666666666667","2.7916666666666665","0.8125","39","1","0.10256410256410256","5.0285714285714285","0.10476190476190478","0.6176470588235294"
"7x7-p72","7x7-uct-1000","uct-1000","18","1","48","2.7916666666666665","0.8125","2.7916666666666665","0.8125","68","1","0.08823529411764706","3.274193548387097","0.06821236559139786","0.7796610169491526"
"7x7-p72","7x7-uct-1000","uct-1000","18","3","48","0.5625","0.08333333333333333","2.7916666666666665","0.8125","27","1","0.1111111111111111","6.416666666666667","0.1336805555555556","0.48"
"7x7-p72","7x7-uct-1000","uct-1000","19","2","48","1.2708333333333333","0.375","2.5416666666666665","0.875","36","0.9375","0.1111111111111111","4.7","0.09791666666666667","0.5"
"7x7-p72","7x7-uct-1000","uct-1000","19","1","48","2.5416666666666665","0.875","2.5416666666666665","0.875","61","0.9636363636363636","0.09836065573770492","3.0943396226415096","0.06446540880503146","0.6851851851851852"
"7x7-p72","7x7-uct-1000","uct-1000","19","3","48","0.5208333333333334","0.0625","2.5416666666666665","0.875","25","0.9047619047619048","0.16","6.2631578947368425","0.1304824561403509","0.2608695652173913"
"7x7-p72","7x7-uct-1000","uct-1000","20","2","48","1.8958333333333333","0.625","3.4583333333333335","0.9166666666666666","53","1","0.09433962264150944","4.145833333333333","0.08637152777777775","0.6938775510204082"
"7x7-p72","7x7-uct-1000","uct-1000","20","1","48","3.4583333333333335","0.9166666666666666","3.4583333333333335","0.9166666666666666","75","1","0.10666666666666667","3.253731343283582","0.06778606965174129","0.7692307692307693"
"7x7-p72","7x7-uct-1000","uct-1000","20","3","48","0.7916666666666666","0.16666666666666666","3.4583333333333335","0.9166666666666666","38","1","0.10526315789473684","5.029411764705882","0.1047794117647059","0.5833333333333334"
"7x7-p72","7x7-uct-1000","uct-1000","21","2","48","1.6666666666666667","0.5416666666666666","3.2916666666666665","0.875","45","1","0.1111111111111111","4.575","0.09531250000000002","0.75"
"7x7-p72","7x7-uct-1000","uct-1000","21","1","48","3.2916666666666665","0.875","3.2916666666666665","0.875","78","1","0.08974358974358974","3.0140845070422535","0.06279342723004698","0.855072463768116"
"7x7-p72","7x7-uct-1000","uct-1000","21","3","48","0.7291666666666666","0.14583333333333334","3.2916666666666665","0.875","35","1","0.08571428571428572","5.21875","0.10872395833333336","0.6875"
"7x7-p72","7x7-uct-1000","uct-1000","22","2","48","1.6041666666666667","0.5625","3.2916666666666665","0.875","45","1","0.06666666666666667","5.285714285714286","0.11011904761904762","0.5476190476190477"
"7x7-p72","7x7-uct-1000","uct-1000","22","1","48","3.2916666666666665","0.875","3.2916666666666665","0.875","81","1","0.07407407407407407","3.4","0.07083333333333335","0.7246376811594203"
"7x7-p72","7x7-uct-1000","uct-1000","22","3","48","0.6666666666666666","0.10416666666666667","3.2916666666666665","0.875","32","1","0.03125","6.451612903225806","0.13440860215053765","0.3870967741935484"
"7x7-p72","7x7-uct-1000","uct-1000","23","2","48","1.6666666666666667","0.6041666666666666","3.2291666666666665","0.8333333333333334","45","1","0.1111111111111111","4.175","0.08697916666666666","0.7"
"7x7-p72","7x7-uct-1000","uct-1000","23","1","48","3.2291666666666665","0.8333333333333334","3.2291666666666665","0.8333333333333334","75","1","0.09333333333333334","2.8676470588235294","0.05974264705882355","0.8181818181818182"
"7x7-p72","7x7-uct-1000","uct-1000","23","3","48","0.7291666666666666","0.08333333333333333","3.2291666666666665","0.8333333333333334","35","1","0.11428571428571428","4.806451612903226","0.10013440860215055","0.6129032258064516"
"7x7-p72","7x7-uct-1000","uct-1000","24","2","48","1.6041666666666667","0.5208333333333334","3.3333333333333335","0.875","45","1","0.1111111111111111","4.725","0.09843749999999998","0.7142857142857143"
"7x7-p72","7x7-uct-1000","uct-1000","24","1","48","3.3333333333333335","0.875","3.3333333333333335","0.875","83","1","0.08433734939759036","2.960526315789474","0.061677631578947366","0.8378378378378378"
"7x7-p72","7x7-uct-1000","uct-1000","24","3","48","0.6666666666666666","0.125","3.3333333333333335","0.875","32","1","0.09375","5.758620689655173","0.1199712643678161","0.6129032258064516"
"7x7-p72","7x7-uct-1000","uct-1000","25","2","48","1.1041666666666667","0.3333333333333333","2.375","0.7916666666666666","30","1","0.16666666666666666","6.44","0.13416666666666666","0.4230769230769231"
"7x7-p72","7x7-uct-1000","uct-1000","25","1","48","2.375","0.7916666666666666","2.375","0.7916666666666666","61","1","0.08196721311475409","3.4285714285714284","0.07142857142857142","0.7272727272727273"
"7x7-p72","7x7-uct-1000","uct-1000","25","3","48","0.4791666666666667","0.08333333333333333","2.375","0.7916666666666666","23","1","0.13043478260869565","7.55","0.15729166666666666","0.2857142857142857"
"7x7-p72","7x7-uct-1000","uct-1000","26","2","48","1.6666666666666667","0.6458333333333334","3.1666666666666665","0.8333333333333334","47","1","0.0851063829787234","4.186046511627907","0.08720930232558137","0.6818181818181818"
"7x7-p72","7x7-uct-1000","uct-1000","26","1","48","3.1666666666666665","0.8333333333333334","3.1666666666666665","0.8333333333333334","72","1","0.09722222222222222","3.1076923076923078","0.06474358974358972","0.7777777777777778"
"7x7-p72","7x7-uct-1000","uct-1000","26","3","48","0.6875","0.16666666666666666","3.1666666666666665","0.8333333333333334","33","1","0.09090909090909091","5.133333333333334","0.10694444444444444","0.5625"
"7x7-p72","7x7-uct-1000","uct-1000","27","2","48","1.5","0.5","2.9791666666666665","0.8541666666666666","41","1","0.0975609756097561","4.621621621621622","0.09628378378378377","0.6052631578947368"
"7x7-p72","7x7-uct-1000","uct-1000","27","1","48","2.9791666666666665","0.8541666666666666","2.9791666666666665","0.8541666666666666","71","1","0.08450704225352113","3.0615384615384613","0.0637820512820513","0.765625"
"7x7-p72","7x7-uct-1000","uct-1000","27","3","48","0.6458333333333334","0.10416666666666667","2.9791666666666665","0.8541666666666666","31","1","0.0967741935483871","5.464285714285714","0.1138392857142857","0.5"
"7x7-p72","7x7-uct-1000","uct-1000","28","2","48","1.5416666666666667","0.5833333333333334","3.0625","0.8541666666666666","44","1","0.11363636363636363","4.743589743589744","0.09882478632478629","0.7"
"7x7-p72","7x7-uct-1000","uct-1000","28","1","48","3.0625","0.8541666666666666","3.0625","0.8541666666666666","73","1","0.0958904109589041","3.212121212121212","0.06691919191919192","0.8181818181818182"
"7x7-p72","7x7-uct-1000","uct-1000","28","3","48","0.625","0.125","3.0625","0.8541666666666666","30","1","0.1","5.962962962962963","0.1242283950617284","0.5714285714285714"
"7x7-p72","7x7-uct-1000","uct-1000","29","2","48","1.5208333333333333","0.5833333333333334","2.7708333333333335","0.8333333333333334","41","1","0.0975609756097561","4.675675675675675","0.09740990990990991","0.631578947368421"
"7x7-p72","7x7-uct-1000","uct-1000","29","1","48","2.7708333333333335","0.8333333333333334","2.7708333333333335","0.8333333333333334","60","1","0.11666666666666667","3.5660377358490565","0.0742924528301887","0.7307692307692307"
"7x7-p72","7x7-uct-1000","uct-1000","29","3","48","0.6666666666666666","0.08333333333333333","2.7708333333333335","0.8333333333333334","32","1","0.09375","5.413793103448276","0.11278735632183909","0.5333333333333333"
"7x7-p72","7x7-uct-1000","uct-1000","30","2","48","1.25","0.4166666666666667","2.7708333333333335","0.7708333333333334","36","1","0.1111111111111111","4.03125","0.08398437499999999","0.5757575757575758"
"7x7-p72","7x7-uct-1000","uct-1000","30","1","48","2.7708333333333335","0.7708333333333334","2.7708333333333335","0.7708333333333334","73","1","0.0821917808219178","2.4477611940298507","0.0509950248756219","0.7777777777777778"
"7x7-p72","7x7-uct-1000","uct-1000","30","3","48","0.5","0.08333333333333333","2.7708333333333335","0.7708333333333334","24","1","0.125","5.095238095238095","0.10615079365079365","0.391304347826087"
"7x7-p72","7x7-uct-1000","uct-1000","31","2","48","1.375","0.5","2.5833333333333335","0.7916666666666666","38","1","0.13157894736842105","4.818181818181818","0.10037878787878786","0.6"
"7x7-p72","7x7-uct-1000","uct-1000","31","1","48","2.5833333333333335","0.7916666666666666","2.5833333333333335","0.7916666666666666","58","1","0.10344827586206896","3.423076923076923","0.07131410256410256","0.7358490566037735"
"7x7-p72","7x7-uct-1000","uct-1000","31","3","48","0.5833333333333334","0.0625","2.5833333333333335","0.7916666666666666","28","1","0.14285714285714285","5.875","0.12239583333333333","0.46153846153846156"
"7x7-p72","7x7-uct-1000","uct-1000","32","2","48","1.375","0.3958333333333333","2.8541666666666665","0.8333333333333334","38","1","0.13157894736842105","4.393939393939394","0.09154040404040402","0.5"
"7x7-p72","7x7-uct-1000","uct-1000","32","1","48","2.8541666666666665","0.8333333333333334","2.8541666666666665","0.8333333333333334","71","1","0.08450704225352113","2.723076923076923","0.05673076923076925","0.7230769230769231"
"7x7-p72","7x7-uct-1000","uct-1000","32","3","48","0.5833333333333334","0.08333333333333333","2.8541666666666665","0.8333333333333334","28","1","0.17857142857142858","5.434782608695652","0.11322463768115944","0.3076923076923077"
"7x7-p72","7x7-uct-1000","uct-1000","33","2","48","1.4166666666666667","0.4791666666666667","2.625","0.8541666666666666","41","1","0.12195121951219512","4.722222222222222","0.0983796296296296","0.6216216216216216"
"7x7-p72","7x7-uct-1000","uct-1000","33","1","48","2.625","0.8541666666666666","2.625","0.8541666666666666","58","1","0.10344827586206896","3.576923076923077","0.07451923076923077","0.7254901960784313"
"7x7-p72","7x7-uct-1000","uct-1000","33","3","48","0.5625","0.125","2.625","0.8541666666666666","27","1","0.1111111111111111","6.083333333333333","0.1267361111111111","0.44"
"7x7-p72","7x7-uct-1000","uct-1000","34","2","48","1.2916666666666667","0.4166666666666667","2.5833333333333335","0.8333333333333334","39","0.9722222222222222","0.07692307692307693","4.914285714285715","0.10238095238095238","0.5428571428571428"
"7x7-p72","7x7-uct-1000","uct-1000","34","1","48","2.5833333333333335","0.8333333333333334","2.5833333333333335","0.8333333333333334","62","0.9824561403508771","0.08064516129032258","3.4464285714285716","0.07180059523809526","0.7037037037037037"
"7x7-p72","7x7-uct-1000","uct-1000","34","3","48","0.4791666666666667","0.0625","2.5833333333333335","0.8333333333333334","23","1","0.043478260869565216","6.636363636363637","0.1382575757575758","0.3181818181818182"
"7x7-p72","7x7-uct-1000","uct-1000","35","2","48","1.5625","0.5416666666666666","3.125","0.8958333333333334","43","0.975","0.06976744186046512","4.897435897435898","0.10202991452991453","0.625"
"7x7-p72","7x7-uct-1000","uct-1000","35","1","48","3.125","0.8958333333333334","3.125","0.8958333333333334","75","0.9855072463768116","0.08","3.235294117647059","0.06740196078431374","0.7727272727272727"
"7x7-p72","7x7-uct-1000","uct-1000","35","3","48","0.6666666666666666","0.20833333333333334","3.125","0.8958333333333334","32","1","0.0625","5.766666666666667","0.12013888888888889","0.5483870967741935"
"7x7-p72","7x7-uct-1000","uct-1000","36","2","48","0.9166666666666666","0.22916666666666666","2","0.6666666666666666","24","1","0.125","5.9523809523809526","0.1240079365079365","0.391304347826087"
"7x7-p72","7x7-uct-1000","uct-1000","36","1","48","2","0.6666666666666666","2","0.6666666666666666","52","0.9787234042553191","0.09615384615384616","3.260869565217391","0.06793478260869568","0.6739130434782609"
"7x7-p72","7x7-uct-1000","uct-1000","36","3","48","0.4166666666666667","0.041666666666666664","2","0.6666666666666666","20","1","0.1","6.611111111111111","0.13773148148148148","0.3"
"7x7-p72","7x7-uct-1000","uct-1000","37","2","48","1.3541666666666667","0.3541666666666667","2.875","0.7916666666666666","37","1","0.10810810810810811","4.909090909090909","0.10227272727272729","0.5"
"7x7-p72","7x7-uct-1000","uct-1000","37","1","48","2.875","0.7916666666666666","2.875","0.7916666666666666","73","1","0.0684931506849315","2.8970588235294117","0.06035539215686275","0.7391304347826086"
"7x7-p72","7x7-uct-1000","uct-1000","37","3","48","0.5833333333333334","0.08333333333333333","2.875","0.7916666666666666","28","1","0.10714285714285714","5.84","0.12166666666666667","0.35714285714285715"
"7x7-p72","7x7-uct-1000","uct-1000","38","2","48","1.7916666666666667","0.625","3.2083333333333335","0.875","49","0.9761904761904762","0.14285714285714285","4.219512195121951","0.08790650406504062","0.6136363636363636"
"7x7-p72","7x7-uct-1000","uct-1000","38","1","48","3.2083333333333335","0.875","3.2083333333333335","0.875","68","0.9836065573770492","0.10294117647058823","3.2","0.06666666666666665","0.7258064516129032"
"7x7-p72","7x7-uct-1000","uct-1000","38","3","48","0.7708333333333334","0.1875","3.2083333333333335","0.875","37","0.9696969696969697","0.10810810810810811","4.84375","0.10091145833333333","0.5142857142857142"
"7x7-p72","7x7-uct-1000","uct-1000","39","2","48","1.5833333333333333","0.4791666666666667","3.0208333333333335","0.875","44","0.9743589743589743","0.11363636363636363","4.131578947368421","0.08607456140350878","0.5853658536585366"
"7x7-p72","7x7-uct-1000","uct-1000","39","1","48","3.0208333333333335","0.875","3.0208333333333335","0.875","69","0.9682539682539683","0.08695652173913043","2.9508196721311477","0.06147540983606559","0.7230769230769231"
"7x7-p72","7x7-uct-1000","uct-1000","39","3","48","0.6666666666666666","0.14583333333333334","3.0208333333333335","0.875","32","1","0.125","4.892857142857143","0.10193452380952381","0.4838709677419355"
"7x7-p72","7x7-uct-1000","uct-1000","40","2","48","1.6666666666666667","0.5625","3.2083333333333335","0.8958333333333334","47","0.9523809523809523","0.10638297872340426","4.3","0.08958333333333332","0.5909090909090909"
"7x7-p72","7x7-uct-1000","uct-1000","40","1","48","3.2083333333333335","0.8958333333333334","3.2083333333333335","0.8958333333333334","74","0.9705882352941176","0.08108108108108109","3","0.06250000000000003","0.7313432835820896"
"7x7-p72","7x7-uct-1000","uct-1000","40","3","48","0.6875","0.1875","3.2083333333333335","0.8958333333333334","33","0.9655172413793104","0.12121212121212122","5.285714285714286","0.11011904761904764","0.46875"
"7x7-p72","7x7-uct-1000","uct-1000","41","2","48","1.5625","0.5416666666666666","3.2708333333333335","0.8541666666666666","42","1","0.09523809523809523","4.657894736842105","0.09703947368421051","0.46153846153846156"
"7x7-p72","7x7-uct-1000","uct-1000","41","1","48","3.2708333333333335","0.8541666666666666","3.2708333333333335","0.8541666666666666","82","1","0.08536585365853659","2.8533333333333335","0.05944444444444445","0.7123287671232876"
"7x7-p72","7x7-uct-1000","uct-1000","41","3","48","0.6875","0.125","3.2708333333333335","0.8541666666666666","33","1","0.12121212121212122","5.482758620689655","0.11422413793103449","0.3"
"7x7-p72","7x7-uct-1000","uct-1000","42","2","48","1.4375","0.4375","2.8958333333333335","0.875","39","0.9714285714285714","0.10256410256410256","5.029411764705882","0.10477941176470588","0.4864864864864865"
"7x7-p72","7x7-uct-1000","uct-1000","42","1","48","2.8958333333333335","0.875","2.8958333333333335","0.875","70","0.984375","0.08571428571428572","3.1746031746031744","0.06613756613756616","0.6984126984126984"
"7x7-p72","7x7-uct-1000","uct-1000","42","3","48","0.625","0.1875","2.8958333333333335","0.875","30","0.9629629629629629","0.1","5.961538461538462","0.12419871794871797","0.3448275862068966"
"7x7-p72","7x7-uct-1000","uct-1000","43","2","48","1.5208333333333333","0.5625","2.9583333333333335","0.8125","44","1","0.11363636363636363","4.923076923076923","0.10256410256410255","0.5"
"7x7-p72","7x7-uct-1000","uct-1000","43","1","48","2.9583333333333335","0.8125","2.9583333333333335","0.8125","69","1","0.08695652173913043","3.4285714285714284","0.07142857142857145","0.6774193548387096"
"7x7-p72","7x7-uct-1000","uct-1000","43","3","48","0.6041666666666666","0.10416666666666667","2.9583333333333335","0.8125","29","1","0.10344827586206896","6.384615384615385","0.1330128205128205","0.25925925925925924"
"7x7-p72","7x7-uct-1000","uct-1000","44","2","48","1.8333333333333333","0.5625","3.4583333333333335","0.8541666666666666","48","0.9545454545454546","0.08333333333333333","4.619047619047619","0.09623015873015874","0.5217391304347826"
"7x7-p72","7x7-uct-1000","uct-1000","44","1","48","3.4583333333333335","0.8541666666666666","3.4583333333333335","0.8541666666666666","78","0.9722222222222222","0.07692307692307693","3.1714285714285713","0.06607142857142856","0.6944444444444444"
"7x7-p72","7x7-uct-1000","uct-1000","44","3","48","0.8333333333333334","0.22916666666666666","3.4583333333333335","0.8541666666666666","40","0.9459459459459459","0.075","5.142857142857143","0.10714285714285715","0.4358974358974359"
"7x7-p72","7x7-uct-1000","uct-1000","45","2","48","1.7708333333333333","0.4791666666666667","3.125","0.7916666666666666","49","0.9772727272727273","0.10204081632653061","4.162790697674419","0.08672480620155038","0.6666666666666666"
"7x7-p72","7x7-uct-1000","uct-1000","45","1","48","3.125","0.7916666666666666","3.125","0.7916666666666666","65","0.9830508474576272","0.09230769230769231","3.3448275862068964","0.06968390804597702","0.75"
"7x7-p72","7x7-uct-1000","uct-1000","45","3","48","0.75","0.16666666666666666","3.125","0.7916666666666666","36","0.96875","0.1111111111111111","5","0.10416666666666666","0.5588235294117647"
"7x7-p72","7x7-uct-1000","uct-1000","46","2","48","1.3958333333333333","0.3958333333333333","2.7083333333333335","0.8333333333333334","38","1","0.13157894736842105","4.575757575757576","0.09532828282828283","0.42424242424242425"
"7x7-p72","7x7-uct-1000","uct-1000","46","1","48","2.7083333333333335","0.8333333333333334","2.7083333333333335","0.8333333333333334","63","0.9824561403508771","0.09523809523809523","3.107142857142857","0.06473214285714288","0.6491228070175439"
"7x7-p72","7x7-uct-1000","uct-1000","46","3","48","0.6041666666666666","0.0625","2.7083333333333335","0.8333333333333334","29","1","0.10344827586206896","5.269230769230769","0.10977564102564102","0.32142857142857145"
"7x7-p72","7x7-uct-1000","uct-1000","47","2","48","1.2916666666666667","0.4166666666666667","2.6666666666666665","0.7708333333333334","35","1","0.14285714285714285","4.533333333333333","0.09444444444444443","0.6363636363636364"
"7x7-p72","7x7-uct-1000","uct-1000","47","1","48","2.6666666666666665","0.7708333333333334","2.6666666666666665","0.7708333333333334","66","1","0.10606060606060606","2.7966101694915255","0.05826271186440678","0.7894736842105263"
"7x7-p72","7x7-uct-1000","uct-1000","47","3","48","0.5625","0.10416666666666667","2.6666666666666665","0.7708333333333334","27","1","0.14814814814814814","5.304347826086956","0.11050724637681159","0.5384615384615384"
"7x7-p72","7x7-uct-1000","uct-1000","48","2","48","1.6458333333333333","0.5625","3.2083333333333335","0.8958333333333334","46","1","0.08695652173913043","4.095238095238095","0.0853174603174603","0.6744186046511628"
"7x7-p72","7x7-uct-1000","uct-1000","48","1","48","3.2083333333333335","0.8958333333333334","3.2083333333333335","0.8958333333333334","75","1","0.08","2.8840579710144927","0.06008454106280193","0.7941176470588235"
"7x7-p72","7x7-uct-1000","uct-1000","48","3","48","0.6875","0.14583333333333334","3.2083333333333335","0.8958333333333334","33","1","0.09090909090909091","4.933333333333334","0.10277777777777779","0.5483870967741935"
"7x7-p72","7x7-uct-1000","uct-1000","49","2","48","1.2083333333333333","0.375","2.2916666666666665","0.7083333333333334","34","1","0.14705882352941177","3.6206896551724137","0.07543103448275862","0.65625"
"7x7-p72","7x7-uct-1000","uct-1000","49","1","48","2.2916666666666665","0.7083333333333334","2.2916666666666665","0.7083333333333334","52","1","0.1346153846153846","2.688888888888889","0.05601851851851852","0.7608695652173914"
"7x7-p72","7x7-uct-1000","uct-1000","49","3","48","0.5","0.0625","2.2916666666666665","0.7083333333333334","24","1","0.16666666666666666","4.35","0.09062499999999998","0.5217391304347826"
"7x7-p72","7x7-uct-1000","uct-1000","50","2","48","1.2291666666666667","0.375","2.7708333333333335","0.875","36","1","0.08333333333333333","4.575757575757576","0.09532828282828282","0.6363636363636364"
"7x7-p72","7x7-uct-1000","uct-1000","50","1","48","2.7708333333333335","0.875","2.7708333333333335","0.875","74","1","0.06756756756756757","2.710144927536232","0.056461352657004825","0.8235294117647058"
"7x7-p72","7x7-uct-1000","uct-1000","50","3","48","0.4791666666666667","0.020833333333333332","2.7708333333333335","0.875","23","1","0.13043478260869565","6.25","0.13020833333333331","0.4"
"7x7-p84","7x7-p84-seeded-random","seeded-random","1","2","56","2.0357142857142856","0.6785714285714286","3.8214285714285716","0.9107142857142857","64","1","0.078125","3.9491525423728815","0.07052058111380144","0.7540983606557377"
"7x7-p84","7x7-p84-seeded-random","seeded-random","1","1","56","3.8214285714285716","0.9107142857142857","3.8214285714285716","0.9107142857142857","100","1","0.06","2.851063829787234","0.050911854103343465","0.84375"
"7x7-p84","7x7-p84-seeded-random","seeded-random","1","3","56","0.8928571428571429","0.26785714285714285","3.8214285714285716","0.9107142857142857","50","1","0.08","4.5","0.08035714285714284","0.6938775510204082"
"7x7-p84","7x7-p84-seeded-random","seeded-random","2","2","56","2.0714285714285716","0.6964285714285714","3.8392857142857144","0.9464285714285714","72","1","0.05555555555555555","3.7058823529411766","0.0661764705882353","0.7101449275362319"
"7x7-p84","7x7-p84-seeded-random","seeded-random","2","1","56","3.8392857142857144","0.9464285714285714","3.8392857142857144","0.9464285714285714","99","1","0.06060606060606061","2.978494623655914","0.0531874039938556","0.7849462365591398"
"7x7-p84","7x7-p84-seeded-random","seeded-random","2","3","56","0.7857142857142857","0.10714285714285714","3.8392857142857144","0.9464285714285714","44","1","0.09090909090909091","4.9","0.0875","0.5238095238095238"
"7x7-p84","7x7-p84-seeded-random","seeded-random","3","2","56","1.9107142857142858","0.6964285714285714","3.8035714285714284","0.9285714285714286","66","1","0.07575757575757576","4.049180327868853","0.07230679156908663","0.6557377049180327"
"7x7-p84","7x7-p84-seeded-random","seeded-random","3","1","56","3.8035714285714284","0.9285714285714286","3.8035714285714284","0.9285714285714286","106","1","0.0660377358490566","2.878787878787879","0.05140692640692644","0.7835051546391752"
"7x7-p84","7x7-p84-seeded-random","seeded-random","3","3","56","0.7321428571428571","0.14285714285714285","3.8035714285714284","0.9285714285714286","41","1","0.07317073170731707","5.2894736842105265","0.09445488721804511","0.4473684210526316"
"7x7-p84","7x7-p84-seeded-random","seeded-random","4","2","56","1.6428571428571428","0.5357142857142857","3.1964285714285716","0.8928571428571429","53","1","0.09433962264150944","4.541666666666667","0.08110119047619044","0.6326530612244898"
"7x7-p84","7x7-p84-seeded-random","seeded-random","4","1","56","3.1964285714285716","0.8928571428571429","3.1964285714285716","0.8928571428571429","87","1","0.06896551724137931","3.0987654320987654","0.05533509700176365","0.7692307692307693"
"7x7-p84","7x7-p84-seeded-random","seeded-random","4","3","56","0.6964285714285714","0.10714285714285714","3.1964285714285716","0.8928571428571429","39","1","0.10256410256410256","5.485714285714286","0.09795918367346937","0.5135135135135135"
"7x7-p84","7x7-p84-seeded-random","seeded-random","5","2","56","1.6428571428571428","0.5714285714285714","3.25","0.8571428571428571","53","1","0.05660377358490566","4.34","0.07749999999999999","0.7291666666666666"
"7x7-p84","7x7-p84-seeded-random","seeded-random","5","1","56","3.25","0.8571428571428571","3.25","0.8571428571428571","90","0.9882352941176471","0.05555555555555555","2.988095238095238","0.05335884353741495","0.8395061728395061"
"7x7-p84","7x7-p84-seeded-random","seeded-random","5","3","56","0.6964285714285714","0.17857142857142858","3.25","0.8571428571428571","39","1","0.05128205128205128","5.162162162162162","0.09218146718146719","0.6388888888888888"
"7x7-p84","7x7-p84-seeded-random","seeded-random","6","2","56","2.0357142857142856","0.7142857142857143","3.8214285714285716","0.9464285714285714","66","1","0.09090909090909091","3.966666666666667","0.07083333333333332","0.6825396825396826"
"7x7-p84","7x7-p84-seeded-random","seeded-random","6","1","56","3.8214285714285716","0.9464285714285714","3.8214285714285716","0.9464285714285714","100","1","0.07","2.913978494623656","0.05203533026113669","0.7872340425531915"
"7x7-p84","7x7-p84-seeded-random","seeded-random","6","3","56","0.8571428571428571","0.23214285714285715","3.8214285714285716","0.9464285714285714","48","1","0.08333333333333333","4.681818181818182","0.08360389610389611","0.5833333333333334"
"7x7-p84","7x7-p84-seeded-random","seeded-random","7","2","56","1.6964285714285714","0.6071428571428571","3.2142857142857144","0.875","56","1","0.07142857142857142","4.3076923076923075","0.07692307692307691","0.6923076923076923"
"7x7-p84","7x7-p84-seeded-random","seeded-random","7","1","56","3.2142857142857144","0.875","3.2142857142857144","0.875","85","1","0.07058823529411765","3.1772151898734178","0.056735985533453874","0.7948717948717948"
"7x7-p84","7x7-p84-seeded-random","seeded-random","7","3","56","0.6964285714285714","0.14285714285714285","3.2142857142857144","0.875","39","1","0.10256410256410256","5.428571428571429","0.09693877551020409","0.5555555555555556"
"7x7-p84","7x7-p84-seeded-random","seeded-random","8","2","56","1.7678571428571428","0.6607142857142857","3.3035714285714284","0.8571428571428571","57","1","0.07017543859649122","4.377358490566038","0.07816711590296493","0.5849056603773585"
"7x7-p84","7x7-p84-seeded-random","seeded-random","8","1","56","3.3035714285714284","0.8571428571428571","3.3035714285714284","0.8571428571428571","86","1","0.06976744186046512","3.2375","0.057812500000000024","0.7105263157894737"
"7x7-p84","7x7-p84-seeded-random","seeded-random","8","3","56","0.75","0.16071428571428573","3.3035714285714284","0.8571428571428571","42","1","0.047619047619047616","5.15","0.0919642857142857","0.45"
"7x7-p84","7x7-p84-seeded-random","seeded-random","9","2","56","2.0892857142857144","0.7142857142857143","3.7142857142857144","0.9107142857142857","65","0.9836065573770492","0.06153846153846154","4.183333333333334","0.07470238095238096","0.6825396825396826"
"7x7-p84","7x7-p84-seeded-random","seeded-random","9","1","56","3.7142857142857144","0.9107142857142857","3.7142857142857144","0.9107142857142857","91","0.9882352941176471","0.06593406593406594","3.2738095238095237","0.05846088435374149","0.7619047619047619"
"7x7-p84","7x7-p84-seeded-random","seeded-random","9","3","56","0.9285714285714286","0.23214285714285715","3.7142857142857144","0.9107142857142857","52","1","0.07692307692307693","4.729166666666667","0.08444940476190473","0.62"
"7x7-p84","7x7-p84-seeded-random","seeded-random","10","2","56","1.7321428571428572","0.5357142857142857","3.357142857142857","0.8392857142857143","54","1","0.07407407407407407","4.54","0.08107142857142856","0.62"
"7x7-p84","7x7-p84-seeded-random","seeded-random","10","1","56","3.357142857142857","0.8392857142857143","3.357142857142857","0.8392857142857143","91","1","0.06593406593406594","3.0823529411764707","0.05504201680672268","0.7710843373493976"
"7x7-p84","7x7-p84-seeded-random","seeded-random","10","3","56","0.7678571428571429","0.19642857142857142","3.357142857142857","0.8392857142857143","43","1","0.06976744186046512","5.175","0.09241071428571428","0.5365853658536586"
"7x7-p84","7x7-p84-seeded-random","seeded-random","11","2","56","1.7857142857142858","0.625","3.375","0.9285714285714286","58","1","0.08620689655172414","4.377358490566038","0.07816711590296495","0.6111111111111112"
"7x7-p84","7x7-p84-seeded-random","seeded-random","11","1","56","3.375","0.9285714285714286","3.375","0.9285714285714286","89","1","0.06741573033707865","3.1566265060240966","0.05636833046471599","0.7407407407407407"
"7x7-p84","7x7-p84-seeded-random","seeded-random","11","3","56","0.75","0.125","3.375","0.9285714285714286","42","1","0.07142857142857142","5.230769230769231","0.09340659340659341","0.4878048780487805"
"7x7-p84","7x7-p84-seeded-random","seeded-random","12","2","56","1.7857142857142858","0.5714285714285714","3.4464285714285716","0.8928571428571429","59","1","0.06779661016949153","3.9454545454545453","0.07045454545454544","0.631578947368421"
"7x7-p84","7x7-p84-seeded-random","seeded-random","12","1","56","3.4464285714285716","0.8928571428571429","3.4464285714285716","0.8928571428571429","93","1","0.06451612903225806","2.8620689655172415","0.05110837438423644","0.7558139534883721"
"7x7-p84","7x7-p84-seeded-random","seeded-random","12","3","56","0.7321428571428571","0.125","3.4464285714285716","0.8928571428571429","41","1","0.07317073170731707","4.815789473684211","0.08599624060150374","0.4878048780487805"
"7x7-p84","7x7-p84-seeded-random","seeded-random","13","2","56","1.9107142857142858","0.6964285714285714","3.517857142857143","0.9107142857142857","65","0.9833333333333333","0.07692307692307693","3.9322033898305087","0.07021791767554475","0.6949152542372882"
"7x7-p84","7x7-p84-seeded-random","seeded-random","13","1","56","3.517857142857143","0.9107142857142857","3.517857142857143","0.9107142857142857","90","0.9879518072289156","0.07777777777777778","3.1097560975609757","0.055531358885017416","0.775"
"7x7-p84","7x7-p84-seeded-random","seeded-random","13","3","56","0.75","0.17857142857142858","3.517857142857143","0.9107142857142857","42","1","0.047619047619047616","4.85","0.08660714285714281","0.5853658536585366"
"7x7-p84","7x7-p84-seeded-random","seeded-random","14","2","56","1.8214285714285714","0.6071428571428571","3.392857142857143","0.8392857142857143","60","0.9818181818181818","0.08333333333333333","4.037037037037037","0.07208994708994708","0.6909090909090909"
"7x7-p84","7x7-p84-seeded-random","seeded-random","14","1","56","3.392857142857143","0.8392857142857143","3.392857142857143","0.8392857142857143","88","0.9876543209876543","0.07954545454545454","3.05","0.0544642857142857","0.7848101265822784"
"7x7-p84","7x7-p84-seeded-random","seeded-random","14","3","56","0.75","0.19642857142857142","3.392857142857143","0.8392857142857143","42","0.9743589743589743","0.07142857142857142","4.894736842105263","0.087406015037594","0.5641025641025641"
"7x7-p84","7x7-p84-seeded-random","seeded-random","15","2","56","1.8571428571428572","0.6428571428571429","3.5535714285714284","0.9285714285714286","61","1","0.06557377049180328","4.350877192982456","0.07769423558897243","0.6379310344827587"
"7x7-p84","7x7-p84-seeded-random","seeded-random","15","1","56","3.5535714285714284","0.9285714285714286","3.5535714285714284","0.9285714285714286","95","1","0.06315789473684211","3.146067415730337","0.056179775280898916","0.7586206896551724"
"7x7-p84","7x7-p84-seeded-random","seeded-random","15","3","56","0.7678571428571429","0.14285714285714285","3.5535714285714284","0.9285714285714286","43","1","0.09302325581395349","5.435897435897436","0.09706959706959706","0.4878048780487805"
"7x7-p84","7x7-p84-seeded-random","seeded-random","16","2","56","1.9821428571428572","0.6964285714285714","3.6964285714285716","0.8928571428571429","64","1","0.078125","4.101694915254237","0.07324455205811134","0.6557377049180327"
"7x7-p84","7x7-p84-seeded-random","seeded-random","16","1","56","3.6964285714285716","0.8928571428571429","3.6964285714285716","0.8928571428571429","96","1","0.07291666666666667","3.056179775280899","0.05457463884430176","0.7586206896551724"
"7x7-p84","7x7-p84-seeded-random","seeded-random","16","3","56","0.8392857142857143","0.16071428571428573","3.6964285714285716","0.8928571428571429","47","1","0.0851063829787234","4.883720930232558","0.0872093023255814","0.5333333333333333"
"7x7-p84","7x7-p84-seeded-random","seeded-random","17","2","56","1.9285714285714286","0.5714285714285714","3.7142857142857144","0.9107142857142857","62","0.9824561403508771","0.08064516129032258","4.178571428571429","0.0746173469387755","0.631578947368421"
"7x7-p84","7x7-p84-seeded-random","seeded-random","17","1","56","3.7142857142857144","0.9107142857142857","3.7142857142857144","0.9107142857142857","100","0.9893617021276596","0.06","2.913978494623656","0.052035330261136735","0.7741935483870968"
"7x7-p84","7x7-p84-seeded-random","seeded-random","17","3","56","0.8214285714285714","0.19642857142857142","3.7142857142857144","0.9107142857142857","46","0.975609756097561","0.10869565217391304","5.05","0.09017857142857146","0.5116279069767442"
"7x7-p84","7x7-p84-seeded-random","seeded-random","18","2","56","1.7857142857142858","0.6071428571428571","3.267857142857143","0.8571428571428571","62","1","0.08064516129032258","4.192982456140351","0.07487468671679197","0.7142857142857143"
"7x7-p84","7x7-p84-seeded-random","seeded-random","18","1","56","3.267857142857143","0.8571428571428571","3.267857142857143","0.8571428571428571","83","1","0.08433734939759036","3.3947368421052633","0.060620300751879706","0.7866666666666666"
"7x7-p84","7x7-p84-seeded-random","seeded-random","18","3","56","0.6785714285714286","0.17857142857142858","3.267857142857143","0.8571428571428571","38","1","0.07894736842105263","5.571428571428571","0.09948979591836735","0.5294117647058824"
"7x7-p84","7x7-p84-seeded-random","seeded-random","19","2","56","1.6964285714285714","0.5535714285714286","3.392857142857143","0.8392857142857143","57","1","0.08771929824561403","3.7115384615384617","0.0662774725274725","0.7169811320754716"
"7x7-p84","7x7-p84-seeded-random","seeded-random","19","1","56","3.392857142857143","0.8392857142857143","3.392857142857143","0.8392857142857143","95","1","0.07368421052631578","2.602272727272727","0.04646915584415581","0.8275862068965517"
"7x7-p84","7x7-p84-seeded-random","seeded-random","19","3","56","0.6785714285714286","0.16071428571428573","3.392857142857143","0.8392857142857143","38","1","0.10526315789473684","4.617647058823529","0.08245798319327728","0.5945945945945946"
"7x7-p84","7x7-p84-seeded-random","seeded-random","20","2","56","1.5714285714285714","0.48214285714285715","3.107142857142857","0.8392857142857143","55","1","0.10909090909090909","4.142857142857143","0.07397959183673468","0.6923076923076923"
"7x7-p84","7x7-p84-seeded-random","seeded-random","20","1","56","3.107142857142857","0.8392857142857143","3.107142857142857","0.8392857142857143","86","1","0.06976744186046512","2.925","0.052232142857142824","0.8"
"7x7-p84","7x7-p84-seeded-random","seeded-random","20","3","56","0.5892857142857143","0.125","3.107142857142857","0.8392857142857143","33","1","0.12121212121212122","5.620689655172414","0.10036945812807883","0.5"
"7x7-p84","7x7-p84-seeded-random","seeded-random","21","2","56","2.017857142857143","0.7321428571428571","3.75","0.8928571428571429","69","1","0.057971014492753624","3.876923076923077","0.06923076923076919","0.703125"
"7x7-p84","7x7-p84-seeded-random","seeded-random","21","1","56","3.75","0.8928571428571429","3.75","0.8928571428571429","97","1","0.061855670103092786","3.0549450549450547","0.054552590266875985","0.7840909090909091"
"7x7-p84","7x7-p84-seeded-random","seeded-random","21","3","56","0.7857142857142857","0.19642857142857142","3.75","0.8928571428571429","44","1","0.06818181818181818","4.975609756097561","0.08885017421602787","0.5581395348837209"
"7x7-p84","7x7-p84-seeded-random","seeded-random","22","2","56","1.9642857142857142","0.6785714285714286","3.5535714285714284","0.9285714285714286","65","0.9833333333333333","0.07692307692307693","3.76271186440678","0.06719128329297817","0.7457627118644068"
"7x7-p84","7x7-p84-seeded-random","seeded-random","22","1","56","3.5535714285714284","0.9285714285714286","3.5535714285714284","0.9285714285714286","89","0.9879518072289156","0.06741573033707865","2.9878048780487805","0.05335365853658532","0.8125"
"7x7-p84","7x7-p84-seeded-random","seeded-random","22","3","56","0.8035714285714286","0.125","3.5535714285714284","0.9285714285714286","45","0.9761904761904762","0.06666666666666667","4.536585365853658","0.08101045296167246","0.6511627906976745"
"7x7-p84","7x7-p84-seeded-random","seeded-random","23","2","56","2.0714285714285716","0.7142857142857143","3.8035714285714284","0.9464285714285714","64","1","0.0625","4.15","0.07410714285714284","0.6610169491525424"
"7x7-p84","7x7-p84-seeded-random","seeded-random","23","1","56","3.8035714285714284","0.9464285714285714","3.8035714285714284","0.9464285714285714","97","1","0.061855670103092786","3.076923076923077","0.05494505494505496","0.7727272727272727"
"7x7-p84","7x7-p84-seeded-random","seeded-random","23","3","56","0.9285714285714286","0.21428571428571427","3.8035714285714284","0.9464285714285714","52","1","0.057692307692307696","4.63265306122449","0.08272594752186588","0.5918367346938775"
"7x7-p84","7x7-p84-seeded-random","seeded-random","24","2","56","1.6428571428571428","0.5357142857142857","3.125","0.9107142857142857","54","1","0.07407407407407407","3.62","0.06464285714285714","0.7254901960784313"
"7x7-p84","7x7-p84-seeded-random","seeded-random","24","1","56","3.125","0.9107142857142857","3.125","0.9107142857142857","83","1","0.07228915662650602","2.7012987012987013","0.048237476808905354","0.8181818181818182"
"7x7-p84","7x7-p84-seeded-random","seeded-random","24","3","56","0.6785714285714286","0.08928571428571429","3.125","0.9107142857142857","38","1","0.10526315789473684","4.382352941176471","0.0782563025210084","0.6"
"7x7-p84","7x7-p84-seeded-random","seeded-random","25","2","56","1.8928571428571428","0.6428571428571429","3.5535714285714284","0.875","64","1","0.0625","4.166666666666667","0.07440476190476189","0.6833333333333333"
"7x7-p84","7x7-p84-seeded-random","seeded-random","25","1","56","3.5535714285714284","0.875","3.5535714285714284","0.875","93","1","0.07526881720430108","3.2093023255813953","0.057308970099667796","0.7764705882352941"
"7x7-p84","7x7-p84-seeded-random","seeded-random","25","3","56","0.75","0.17857142857142858","3.5535714285714284","0.875","42","1","0.07142857142857142","5.333333333333333","0.09523809523809523","0.525"
"7x7-p84","7x7-p84-seeded-random","seeded-random","26","2","56","1.75","0.6428571428571429","3.25","0.9107142857142857","55","1","0.09090909090909091","4.8","0.08571428571428572","0.5961538461538461"
"7x7-p84","7x7-p84-seeded-random","seeded-random","26","1","56","3.25","0.9107142857142857","3.25","0.9107142857142857","84","1","0.07142857142857142","3.4358974358974357","0.06135531135531137","0.7307692307692307"
"7x7-p84","7x7-p84-seeded-random","seeded-random","26","3","56","0.7678571428571429","0.16071428571428573","3.25","0.9107142857142857","43","1","0.11627906976744186","5.684210526315789","0.10150375939849623","0.475"
"7x7-p84","7x7-p84-seeded-random","seeded-random","27","2","56","1.8392857142857142","0.625","3.5535714285714284","0.875","62","1","0.06451612903225806","4.155172413793103","0.07419950738916253","0.6610169491525424"
"7x7-p84","7x7-p84-seeded-random","seeded-random","27","1","56","3.5535714285714284","0.875","3.5535714285714284","0.875","96","1","0.0625","3.033333333333333","0.054166666666666655","0.7727272727272727"
"7x7-p84","7x7-p84-seeded-random","seeded-random","27","3","56","0.7321428571428571","0.16071428571428573","3.5535714285714284","0.875","41","1","0.07317073170731707","5.2894736842105265","0.0944548872180451","0.5"
"7x7-p84","7x7-p84-seeded-random","seeded-random","28","2","56","1.7857142857142858","0.6607142857142857","3.4107142857142856","0.8392857142857143","58","1","0.06896551724137931","4.018518518518518","0.07175925925925924","0.7358490566037735"
"7x7-p84","7x7-p84-seeded-random","seeded-random","28","1","56","3.4107142857142856","0.8392857142857143","3.4107142857142856","0.8392857142857143","91","1","0.06593406593406594","2.9176470588235293","0.052100840336134435","0.8333333333333334"
"7x7-p84","7x7-p84-seeded-random","seeded-random","28","3","56","0.75","0.21428571428571427","3.4107142857142856","0.8392857142857143","42","1","0.047619047619047616","4.725","0.08437499999999999","0.6410256410256411"
"7x7-p84","7x7-p84-seeded-random","seeded-random","29","2","56","1.875","0.6964285714285714","3.517857142857143","0.9464285714285714","64","1","0.0625","4.233333333333333","0.07559523809523809","0.6557377049180327"
"7x7-p84","7x7-p84-seeded-random","seeded-random","29","1","56","3.517857142857143","0.9464285714285714","3.517857142857143","0.9464285714285714","92","1","0.06521739130434782","3.255813953488372","0.05813953488372093","0.7586206896551724"
"7x7-p84","7x7-p84-seeded-random","seeded-random","29","3","56","0.7321428571428571","0.14285714285714285","3.517857142857143","0.9464285714285714","41","1","0.07317073170731707","5.526315789473684","0.0986842105263158","0.46153846153846156"
"7x7-p84","7x7-p84-seeded-random","seeded-random","30","2","56","2.0357142857142856","0.7142857142857143","3.6964285714285716","0.9107142857142857","64","1","0.046875","4.19672131147541","0.07494145199063232","0.7049180327868853"
"7x7-p84","7x7-p84-seeded-random","seeded-random","30","1","56","3.6964285714285716","0.9107142857142857","3.6964285714285716","0.9107142857142857","93","1","0.06451612903225806","3.2413793103448274","0.0578817733990148","0.788235294117647"
"7x7-p84","7x7-p84-seeded-random","seeded-random","30","3","56","0.8928571428571429","0.23214285714285715","3.6964285714285716","0.9107142857142857","50","1","0.06","4.851063829787234","0.08662613981762918","0.625"
"7x7-p84","7x7-p84-seeded-random","seeded-random","31","2","56","1.6607142857142858","0.5357142857142857","3.232142857142857","0.875","53","1","0.05660377358490566","4.42","0.07892857142857142","0.673469387755102"
"7x7-p84","7x7-p84-seeded-random","seeded-random","31","1","56","3.232142857142857","0.875","3.232142857142857","0.875","88","1","0.06818181818181818","3.0853658536585367","0.055095818815331016","0.7974683544303798"
"7x7-p84","7x7-p84-seeded-random","seeded-random","31","3","56","0.7142857142857143","0.17857142857142858","3.232142857142857","0.875","40","1","0.05","5.184210526315789","0.09257518796992484","0.5897435897435898"
"7x7-p84","7x7-p84-seeded-random","seeded-random","32","2","56","1.875","0.5714285714285714","3.3392857142857144","0.8928571428571429","62","1","0.06451612903225806","4.120689655172414","0.0735837438423645","0.6610169491525424"
"7x7-p84","7x7-p84-seeded-random","seeded-random","32","1","56","3.3392857142857144","0.8928571428571429","3.3392857142857144","0.8928571428571429","82","1","0.07317073170731707","3.3815789473684212","0.06038533834586465","0.7368421052631579"
"7x7-p84","7x7-p84-seeded-random","seeded-random","32","3","56","0.7678571428571429","0.19642857142857142","3.3392857142857144","0.8928571428571429","43","1","0.06976744186046512","5.075","0.09062499999999997","0.5238095238095238"
"7x7-p84","7x7-p84-seeded-random","seeded-random","33","2","56","1.75","0.6428571428571429","3.267857142857143","0.8928571428571429","60","0.9821428571428571","0.06666666666666667","3.672727272727273","0.06558441558441556","0.7142857142857143"
"7x7-p84","7x7-p84-seeded-random","seeded-random","33","1","56","3.267857142857143","0.8928571428571429","3.267857142857143","0.8928571428571429","85","0.9873417721518988","0.07058823529411765","2.8846153846153846","0.05151098901098898","0.7948717948717948"
"7x7-p84","7x7-p84-seeded-random","seeded-random","33","3","56","0.6785714285714286","0.08928571428571429","3.267857142857143","0.8928571428571429","38","0.9714285714285714","0.07894736842105263","4.705882352941177","0.08403361344537813","0.5555555555555556"
"7x7-p84","7x7-p84-seeded-random","seeded-random","34","2","56","1.6964285714285714","0.5892857142857143","3.375","0.9107142857142857","57","1","0.07017543859649122","4.30188679245283","0.07681940700808625","0.5925925925925926"
"7x7-p84","7x7-p84-seeded-random","seeded-random","34","1","56","3.375","0.9107142857142857","3.375","0.9107142857142857","94","1","0.07446808510638298","3.0114942528735633","0.053776683087027925","0.7441860465116279"
"7x7-p84","7x7-p84-seeded-random","seeded-random","34","3","56","0.6785714285714286","0.125","3.375","0.9107142857142857","38","1","0.10526315789473684","5.588235294117647","0.09978991596638657","0.3888888888888889"
"7x7-p84","7x7-p84-seeded-random","seeded-random","35","2","56","1.875","0.5714285714285714","3.482142857142857","0.7857142857142857","63","1","0.047619047619047616","3.8333333333333335","0.06845238095238095","0.6333333333333333"
"7x7-p84","7x7-p84-seeded-random","seeded-random","35","1","56","3.482142857142857","0.7857142857142857","3.482142857142857","0.7857142857142857","90","0.9880952380952381","0.06666666666666667","3.0481927710843375","0.05443201376936317","0.7160493827160493"
"7x7-p84","7x7-p84-seeded-random","seeded-random","35","3","56","0.75","0.21428571428571427","3.482142857142857","0.7857142857142857","42","1","0.07142857142857142","4.82051282051282","0.08608058608058607","0.4358974358974359"
"7x7-p84","7x7-p84-seeded-random","seeded-random","36","2","56","2.0357142857142856","0.6428571428571429","3.7142857142857144","0.8928571428571429","69","1","0.057971014492753624","3.830769230769231","0.06840659340659336","0.676923076923077"
"7x7-p84","7x7-p84-seeded-random","seeded-random","36","1","56","3.7142857142857144","0.8928571428571429","3.7142857142857144","0.8928571428571429","94","1","0.06382978723404255","3.090909090909091","0.05519480519480517","0.7558139534883721"
"7x7-p84","7x7-p84-seeded-random","seeded-random","36","3","56","0.8035714285714286","0.19642857142857142","3.7142857142857144","0.8928571428571429","45","1","0.06666666666666667","4.833333333333333","0.08630952380952381","0.5333333333333333"
"7x7-p84","7x7-p84-seeded-random","seeded-random","37","2","56","1.6785714285714286","0.6071428571428571","3.2142857142857144","0.875","56","1","0.07142857142857142","4.326923076923077","0.07726648351648349","0.6415094339622641"
"7x7-p84","7x7-p84-seeded-random","seeded-random","37","1","56","3.2142857142857144","0.875","3.2142857142857144","0.875","86","1","0.06976744186046512","3.1625","0.05647321428571428","0.7625"
"7x7-p84","7x7-p84-seeded-random","seeded-random","37","3","56","0.6785714285714286","0.10714285714285714","3.2142857142857144","0.875","38","1","0.07894736842105263","5.457142857142857","0.09744897959183674","0.4722222222222222"
"7x7-p84","7x7-p84-seeded-random","seeded-random","38","2","56","1.8214285714285714","0.6428571428571429","3.4107142857142856","0.9285714285714286","60","1","0.06666666666666667","4.589285714285714","0.0819515306122449","0.46551724137931033"
"7x7-p84","7x7-p84-seeded-random","seeded-random","38","1","56","3.4107142857142856","0.9285714285714286","3.4107142857142856","0.9285714285714286","89","1","0.06741573033707865","3.4216867469879517","0.061101549053356304","0.6219512195121951"
"7x7-p84","7x7-p84-seeded-random","seeded-random","38","3","56","0.75","0.23214285714285715","3.4107142857142856","0.9285714285714286","42","1","0.09523809523809523","5.815789473684211","0.10385338345864663","0.225"
"7x7-p84","7x7-p84-seeded-random","seeded-random","39","2","56","1.6607142857142858","0.5535714285714286","3.2142857142857144","0.8928571428571429","59","0.9818181818181818","0.06779661016949153","4.092592592592593","0.07308201058201057","0.7037037037037037"
"7x7-p84","7x7-p84-seeded-random","seeded-random","39","1","56","3.2142857142857144","0.8928571428571429","3.2142857142857144","0.8928571428571429","87","0.9875","0.08045977011494253","3.1139240506329116","0.05560578661844484","0.7948717948717948"
"7x7-p84","7x7-p84-seeded-random","seeded-random","39","3","56","0.6071428571428571","0.10714285714285714","3.2142857142857144","0.8928571428571429","34","1","0.058823529411764705","5.53125","0.09877232142857141","0.53125"
"7x7-p84","7x7-p84-seeded-random","seeded-random","40","2","56","2","0.7142857142857143","3.607142857142857","0.8928571428571429","64","1","0.0625","4.316666666666666","0.07708333333333331","0.6949152542372882"
"7x7-p84","7x7-p84-seeded-random","seeded-random","40","1","56","3.607142857142857","0.8928571428571429","3.607142857142857","0.8928571428571429","90","1","0.06666666666666667","3.369047619047619","0.0601615646258503","0.7831325301204819"
"7x7-p84","7x7-p84-seeded-random","seeded-random","40","3","56","0.8571428571428571","0.16071428571428573","3.607142857142857","0.8928571428571429","48","1","0.0625","5.088888888888889","0.09087301587301584","0.6086956521739131"
"7x7-p84","7x7-p84-seeded-random","seeded-random","41","2","56","1.7678571428571428","0.625","3.375","0.9107142857142857","60","1","0.05","4.578947368421052","0.08176691729323304","0.6071428571428571"
"7x7-p84","7x7-p84-seeded-random","seeded-random","41","1","56","3.375","0.9107142857142857","3.375","0.9107142857142857","90","1","0.06666666666666667","3.4285714285714284","0.06122448979591836","0.717948717948718"
"7x7-p84","7x7-p84-seeded-random","seeded-random","41","3","56","0.6964285714285714","0.125","3.375","0.9107142857142857","39","1","0.05128205128205128","5.972972972972973","0.10666023166023164","0.3888888888888889"
"7x7-p84","7x7-p84-seeded-random","seeded-random","42","2","56","1.6607142857142858","0.5714285714285714","3.2142857142857144","0.8571428571428571","58","1","0.08620689655172414","4.2075471698113205","0.07513477088948786","0.6363636363636364"
"7x7-p84","7x7-p84-seeded-random","seeded-random","42","1","56","3.2142857142857144","0.8571428571428571","3.2142857142857144","0.8571428571428571","87","1","0.06896551724137931","3.0987654320987654","0.055335097001763645","0.7590361445783133"
"7x7-p84","7x7-p84-seeded-random","seeded-random","42","3","56","0.625","0.10714285714285714","3.2142857142857144","0.8571428571428571","35","1","0.08571428571428572","5.65625","0.10100446428571427","0.42857142857142855"
"7x7-p84","7x7-p84-seeded-random","seeded-random","43","2","56","1.7678571428571428","0.625","3.3214285714285716","0.875","60","1","0.1","4.2592592592592595","0.07605820105820103","0.6909090909090909"
"7x7-p84","7x7-p84-seeded-random","seeded-random","43","1","56","3.3214285714285716","0.875","3.3214285714285716","0.875","87","1","0.08045977011494253","3.2","0.05714285714285713","0.782051282051282"
"7x7-p84","7x7-p84-seeded-random","seeded-random","43","3","56","0.6964285714285714","0.125","3.3214285714285716","0.875","39","1","0.1282051282051282","5.588235294117647","0.09978991596638653","0.5277777777777778"
"7x7-p84","7x7-p84-seeded-random","seeded-random","44","2","56","1.8214285714285714","0.6607142857142857","3.3392857142857144","0.9107142857142857","59","1","0.0847457627118644","4.444444444444445","0.07936507936507936","0.6296296296296297"
"7x7-p84","7x7-p84-seeded-random","seeded-random","44","1","56","3.3392857142857144","0.9107142857142857","3.3392857142857144","0.9107142857142857","85","1","0.08235294117647059","3.3846153846153846","0.06043956043956043","0.7402597402597403"
"7x7-p84","7x7-p84-seeded-random","seeded-random","44","3","56","0.7678571428571429","0.19642857142857142","3.3392857142857144","0.9107142857142857","43","1","0.06976744186046512","5.3","0.09464285714285717","0.5121951219512195"
"7x7-p84","7x7-p84-seeded-random","seeded-random","45","2","56","1.7857142857142858","0.6071428571428571","3.3392857142857144","0.8928571428571429","60","1","0.05","4.157894736842105","0.07424812030075187","0.6607142857142857"
"7x7-p84","7x7-p84-seeded-random","seeded-random","45","1","56","3.3392857142857144","0.8928571428571429","3.3392857142857144","0.8928571428571429","87","1","0.06896551724137931","3.2222222222222223","0.05753968253968253","0.7564102564102564"
"7x7-p84","7x7-p84-seeded-random","seeded-random","45","3","56","0.7142857142857143","0.16071428571428573","3.3392857142857144","0.8928571428571429","40","1","0.075","5.324324324324325","0.09507722007722008","0.5"
"7x7-p84","7x7-p84-seeded-random","seeded-random","46","2","56","1.875","0.7142857142857143","3.5357142857142856","0.8928571428571429","64","1","0.078125","4.067796610169491","0.07263922518159806","0.6666666666666666"
"7x7-p84","7x7-p84-seeded-random","seeded-random","46","1","56","3.5357142857142856","0.8928571428571429","3.5357142857142856","0.8928571428571429","93","1","0.06451612903225806","3.0804597701149423","0.05500821018062398","0.7701149425287356"
"7x7-p84","7x7-p84-seeded-random","seeded-random","46","3","56","0.7321428571428571","0.125","3.5357142857142856","0.8928571428571429","41","1","0.07317073170731707","5.2105263157894735","0.09304511278195489","0.5"
"7x7-p84","7x7-p84-seeded-random","seeded-random","47","2","56","1.5178571428571428","0.5178571428571429","3.0535714285714284","0.8928571428571429","48","1","0.0625","4.4222222222222225","0.07896825396825397","0.6222222222222222"
"7x7-p84","7x7-p84-seeded-random","seeded-random","47","1","56","3.0535714285714284","0.8928571428571429","3.0535714285714284","0.8928571428571429","86","1","0.06976744186046512","2.925","0.05223214285714284","0.7848101265822784"
"7x7-p84","7x7-p84-seeded-random","seeded-random","47","3","56","0.6607142857142857","0.14285714285714285","3.0535714285714284","0.8928571428571429","37","1","0.08108108108108109","5.205882352941177","0.09296218487394958","0.5142857142857142"
"7x7-p84","7x7-p84-seeded-random","seeded-random","48","2","56","1.8214285714285714","0.625","3.5","0.9107142857142857","60","1","0.06666666666666667","4.25","0.07589285714285714","0.6491228070175439"
"7x7-p84","7x7-p84-seeded-random","seeded-random","48","1","56","3.5","0.9107142857142857","3.5","0.9107142857142857","94","1","0.07446808510638298","3.0919540229885056","0.05521346469622333","0.7647058823529411"
"7x7-p84","7x7-p84-seeded-random","seeded-random","48","3","56","0.75","0.17857142857142858","3.5","0.9107142857142857","42","1","0.047619047619047616","5.15","0.09196428571428572","0.5121951219512195"
"7x7-p84","7x7-p84-seeded-random","seeded-random","49","2","56","1.875","0.6607142857142857","3.5357142857142856","0.9107142857142857","61","1","0.04918032786885246","4.068965517241379","0.07266009852216747","0.6724137931034483"
"7x7-p84","7x7-p84-seeded-random","seeded-random","49","1","56","3.5357142857142856","0.9107142857142857","3.5357142857142856","0.9107142857142857","93","1","0.06451612903225806","3.045977011494253","0.054392446633825926","0.7764705882352941"
"7x7-p84","7x7-p84-seeded-random","seeded-random","49","3","56","0.7857142857142857","0.14285714285714285","3.5357142857142856","0.9107142857142857","44","1","0.045454545454545456","4.857142857142857","0.08673469387755102","0.5581395348837209"
"7x7-p84","7x7-p84-seeded-random","seeded-random","50","2","56","1.8214285714285714","0.625","3.4464285714285716","0.8928571428571429","63","1","0.06349206349206349","4.169491525423729","0.074455205811138","0.576271186440678"
"7x7-p84","7x7-p84-seeded-random","seeded-random","50","1","56","3.4464285714285716","0.8928571428571429","3.4464285714285716","0.8928571428571429","91","1","0.06593406593406594","3.2","0.05714285714285713","0.7023809523809523"
"7x7-p84","7x7-p84-seeded-random","seeded-random","50","3","56","0.6964285714285714","0.14285714285714285","3.4464285714285716","0.8928571428571429","39","1","0.07692307692307693","5.555555555555555","0.09920634920634923","0.358974358974359"
"7x7-p84","7x7-p84-seeded-random","seeded-random","51","2","56","1.9464285714285714","0.6785714285714286","3.6785714285714284","0.9107142857142857","68","0.9841269841269841","0.07352941176470588","3.725806451612903","0.06653225806451614","0.640625"
"7x7-p84","7x7-p84-seeded-random","seeded-random","51","1","56","3.6785714285714284","0.9107142857142857","3.6785714285714284","0.9107142857142857","97","0.9777777777777777","0.07216494845360824","2.9204545454545454","0.052150974025974024","0.7303370786516854"
"7x7-p84","7x7-p84-seeded-random","seeded-random","51","3","56","0.7321428571428571","0.14285714285714285","3.6785714285714284","0.9107142857142857","41","0.972972972972973","0.0975609756097561","4.972222222222222","0.08878968253968257","0.41025641025641024"
"7x7-p84","7x7-p84-seeded-random","seeded-random","52","2","56","1.9107142857142858","0.6607142857142857","3.5714285714285716","0.9285714285714286","62","1","0.06451612903225806","4.5","0.08035714285714282","0.5689655172413793"
"7x7-p84","7x7-p84-seeded-random","seeded-random","52","1","56","3.5714285714285716","0.9285714285714286","3.5714285714285716","0.9285714285714286","93","1","0.07526881720430108","3.36046511627907","0.06000830564784054","0.7023809523809523"
"7x7-p84","7x7-p84-seeded-random","seeded-random","52","3","56","0.8035714285714286","0.17857142857142858","3.5714285714285716","0.9285714285714286","45","1","0.06666666666666667","5.4523809523809526","0.09736394557823125","0.40476190476190477"
"7x7-p84","7x7-p84-seeded-random","seeded-random","53","2","56","1.8571428571428572","0.6428571428571429","3.4464285714285716","0.875","59","1","0.06779661016949153","4.363636363636363","0.0779220779220779","0.5818181818181818"
"7x7-p84","7x7-p84-seeded-random","seeded-random","53","1","56","3.4464285714285716","0.875","3.4464285714285716","0.875","89","1","0.07865168539325842","3.2560975609756095","0.05814459930313588","0.7125"
"7x7-p84","7x7-p84-seeded-random","seeded-random","53","3","56","0.8035714285714286","0.17857142857142858","3.4464285714285716","0.875","45","1","0.06666666666666667","5.095238095238095","0.09098639455782312","0.46511627906976744"
"7x7-p84","7x7-p84-seeded-random","seeded-random","54","2","56","1.8035714285714286","0.6428571428571429","3.4285714285714284","0.8928571428571429","60","1","0.08333333333333333","3.9272727272727272","0.07012987012987013","0.7636363636363637"
"7x7-p84","7x7-p84-seeded-random","seeded-random","54","1","56","3.4285714285714284","0.8928571428571429","3.4285714285714284","0.8928571428571429","91","1","0.06593406593406594","2.8941176470588235","0.05168067226890754","0.8470588235294118"
"7x7-p84","7x7-p84-seeded-random","seeded-random","54","3","56","0.7321428571428571","0.14285714285714285","3.4285714285714284","0.8928571428571429","41","1","0.07317073170731707","4.7894736842105265","0.0855263157894737","0.6578947368421053"
"7x7-p84","7x7-p84-seeded-random","seeded-random","55","2","56","1.9285714285714286","0.6071428571428571","3.5535714285714284","0.875","62","1","0.06451612903225806","4.517241379310345","0.08066502463054187","0.6607142857142857"
"7x7-p84","7x7-p84-seeded-random","seeded-random","55","1","56","3.5535714285714284","0.875","3.5535714285714284","0.875","91","1","0.06593406593406594","3.4","0.060714285714285714","0.7682926829268293"
"7x7-p84","7x7-p84-seeded-random","seeded-random","55","3","56","0.8214285714285714","0.21428571428571427","3.5535714285714284","0.875","46","1","0.043478260869565216","5.318181818181818","0.09496753246753248","0.5777777777777777"
"7x7-p84","7x7-p84-seeded-random","seeded-random","56","2","56","1.8035714285714286","0.625","3.482142857142857","0.8928571428571429","62","1","0.06451612903225806","4.155172413793103","0.07419950738916255","0.7068965517241379"
"7x7-p84","7x7-p84-seeded-random","seeded-random","56","1","56","3.482142857142857","0.8928571428571429","3.482142857142857","0.8928571428571429","94","1","0.06382978723404255","3.0795454545454546","0.054991883116883127","0.8"
"7x7-p84","7x7-p84-seeded-random","seeded-random","56","3","56","0.6964285714285714","0.14285714285714285","3.482142857142857","0.8928571428571429","39","1","0.07692307692307693","5.472222222222222","0.09771825396825397","0.5405405405405406"
"7x7-p84","7x7-p84-seeded-random","seeded-random","57","2","56","1.7142857142857142","0.42857142857142855","3.3035714285714284","0.9285714285714286","60","1","0.06666666666666667","3.6785714285714284","0.06568877551020404","0.7407407407407407"
"7x7-p84","7x7-p84-seeded-random","seeded-random","57","1","56","3.3035714285714284","0.9285714285714286","3.3035714285714284","0.9285714285714286","89","1","0.06741573033707865","2.8072289156626504","0.050129087779690155","0.8271604938271605"
"7x7-p84","7x7-p84-seeded-random","seeded-random","57","3","56","0.6428571428571429","0.125","3.3035714285714284","0.9285714285714286","36","1","0.05555555555555555","4.764705882352941","0.08508403361344537","0.5882352941176471"
"7x7-p84","7x7-p84-seeded-random","seeded-random","58","2","56","1.6964285714285714","0.625","3.1607142857142856","0.875","56","1","0.07142857142857142","4.5","0.08035714285714282","0.5961538461538461"
"7x7-p84","7x7-p84-seeded-random","seeded-random","58","1","56","3.1607142857142856","0.875","3.1607142857142856","0.875","82","1","0.07317073170731707","3.3947368421052633","0.06062030075187967","0.7162162162162162"
"7x7-p84","7x7-p84-seeded-random","seeded-random","58","3","56","0.6964285714285714","0.14285714285714285","3.1607142857142856","0.875","39","1","0.07692307692307693","5.611111111111111","0.1001984126984127","0.43243243243243246"
"7x7-p84","7x7-p84-seeded-random","seeded-random","59","2","56","1.7678571428571428","0.6785714285714286","3.357142857142857","0.9464285714285714","61","1","0.06557377049180328","4.192982456140351","0.07487468671679197","0.6666666666666666"
"7x7-p84","7x7-p84-seeded-random","seeded-random","59","1","56","3.357142857142857","0.9464285714285714","3.357142857142857","0.9464285714285714","89","1","0.06741573033707865","3.1927710843373496","0.05701376936316698","0.7654320987654321"
"7x7-p84","7x7-p84-seeded-random","seeded-random","59","3","56","0.6785714285714286","0.125","3.357142857142857","0.9464285714285714","38","1","0.07894736842105263","5.571428571428571","0.09948979591836736","0.45714285714285713"
"7x7-p84","7x7-p84-seeded-random","seeded-random","60","2","56","1.7678571428571428","0.625","3.3392857142857144","0.8928571428571429","58","1","0.06896551724137931","4.592592592592593","0.08201058201058202","0.6226415094339622"
"7x7-p84","7x7-p84-seeded-random","seeded-random","60","1","56","3.3392857142857144","0.8928571428571429","3.3392857142857144","0.8928571428571429","88","1","0.07954545454545454","3.3950617283950617","0.06062610229276897","0.7402597402597403"
"7x7-p84","7x7-p84-seeded-random","seeded-random","60","3","56","0.7321428571428571","0.125","3.3392857142857144","0.8928571428571429","41","1","0.04878048780487805","5.589743589743589","0.09981684981684984","0.5"
"7x7-p84","7x7-p84-seeded-random","seeded-random","61","2","56","1.8928571428571428","0.6964285714285714","3.517857142857143","0.9285714285714286","61","1","0.06557377049180328","4.333333333333333","0.07738095238095241","0.6666666666666666"
"7x7-p84","7x7-p84-seeded-random","seeded-random","61","1","56","3.517857142857143","0.9285714285714286","3.517857142857143","0.9285714285714286","91","1","0.06593406593406594","3.235294117647059","0.057773109243697496","0.7710843373493976"
"7x7-p84","7x7-p84-seeded-random","seeded-random","61","3","56","0.8035714285714286","0.14285714285714285","3.517857142857143","0.9285714285714286","45","1","0.06666666666666667","5.166666666666667","0.09226190476190477","0.5581395348837209"
"7x7-p84","7x7-p84-seeded-random","seeded-random","62","2","56","1.9464285714285714","0.6785714285714286","3.7142857142857144","0.9107142857142857","65","1","0.06153846153846154","4.229508196721311","0.0755269320843091","0.6129032258064516"
"7x7-p84","7x7-p84-seeded-random","seeded-random","62","1","56","3.7142857142857144","0.9107142857142857","3.7142857142857144","0.9107142857142857","99","1","0.0707070707070707","3.141304347826087","0.05609472049689439","0.7333333333333333"
"7x7-p84","7x7-p84-seeded-random","seeded-random","62","3","56","0.7857142857142857","0.125","3.7142857142857144","0.9107142857142857","44","1","0.06818181818181818","5.317073170731708","0.09494773519163763","0.4418604651162791"
"7x7-p84","7x7-p84-seeded-random","seeded-random","63","2","56","1.9285714285714286","0.625","3.607142857142857","0.9107142857142857","60","1","0.06666666666666667","4.375","0.07812499999999999","0.6842105263157895"
"7x7-p84","7x7-p84-seeded-random","seeded-random","63","1","56","3.607142857142857","0.9107142857142857","3.607142857142857","0.9107142857142857","94","1","0.07446808510638298","3.1724137931034484","0.05665024630541874","0.788235294117647"
"7x7-p84","7x7-p84-seeded-random","seeded-random","63","3","56","0.8571428571428571","0.16071428571428573","3.607142857142857","0.9107142857142857","48","1","0.0625","4.955555555555556","0.08849206349206347","0.6086956521739131"
"7x7-p84","7x7-p84-seeded-random","seeded-random","64","2","56","1.6607142857142858","0.5892857142857143","3.1785714285714284","0.875","54","1","0.07407407407407407","4.08","0.07285714285714281","0.6274509803921569"
"7x7-p84","7x7-p84-seeded-random","seeded-random","64","1","56","3.1785714285714284","0.875","3.1785714285714284","0.875","85","1","0.07058823529411765","2.949367088607595","0.0526672694394213","0.759493670886076"
"7x7-p84","7x7-p84-seeded-random","seeded-random","64","3","56","0.6964285714285714","0.17857142857142858","3.1785714285714284","0.875","39","1","0.10256410256410256","4.9714285714285715","0.0887755102040816","0.4722222222222222"
"7x7-p84","7x7-p84-seeded-random","seeded-random","65","2","56","1.75","0.5892857142857143","3.4464285714285716","0.875","60","1","0.08333333333333333","4.218181818181818","0.07532467532467532","0.6607142857142857"
"7x7-p84","7x7-p84-seeded-random","seeded-random","65","1","56","3.4464285714285716","0.875","3.4464285714285716","0.875","95","0.9886363636363636","0.07368421052631578","3.0344827586206895","0.05418719211822659","0.7647058823529411"
"7x7-p84","7x7-p84-seeded-random","seeded-random","65","3","56","0.6785714285714286","0.14285714285714285","3.4464285714285716","0.875","38","1","0.07894736842105263","5.485714285714286","0.09795918367346941","0.4864864864864865"
"7x7-p84","7x7-p84-seeded-random","seeded-random","66","2","56","1.8035714285714286","0.6071428571428571","3.2857142857142856","0.875","60","1","0.1","4.407407407407407","0.07870370370370366","0.6545454545454545"
"7x7-p84","7x7-p84-seeded-random","seeded-random","66","1","56","3.2857142857142856","0.875","3.2857142857142856","0.875","83","1","0.08433734939759036","3.4210526315789473","0.06109022556390976","0.75"
"7x7-p84","7x7-p84-seeded-random","seeded-random","66","3","56","0.7321428571428571","0.16071428571428573","3.2857142857142856","0.875","41","1","0.12195121951219512","5.611111111111111","0.10019841269841269","0.4864864864864865"
"7x7-p84","7x7-p84-seeded-random","seeded-random","67","2","56","1.8392857142857142","0.5714285714285714","3.4107142857142856","0.8392857142857143","63","1","0.07936507936507936","4.103448275862069","0.07327586206896548","0.6779661016949152"
"7x7-p84","7x7-p84-seeded-random","seeded-random","67","1","56","3.4107142857142856","0.8392857142857143","3.4107142857142856","0.8392857142857143","88","1","0.06818181818181818","3.1951219512195124","0.057055749128919864","0.7682926829268293"
"7x7-p84","7x7-p84-seeded-random","seeded-random","67","3","56","0.7142857142857143","0.14285714285714285","3.4107142857142856","0.8392857142857143","40","1","0.075","5.297297297297297","0.0945945945945946","0.5"
"7x7-p84","7x7-p84-seeded-random","seeded-random","68","2","56","1.7678571428571428","0.6428571428571429","3.4285714285714284","0.875","58","1","0.08620689655172414","4.2075471698113205","0.07513477088948786","0.5660377358490566"
"7x7-p84","7x7-p84-seeded-random","seeded-random","68","1","56","3.4285714285714284","0.875","3.4285714285714284","0.875","93","1","0.06451612903225806","2.954022988505747","0.0527504105090312","0.7325581395348837"
"7x7-p84","7x7-p84-seeded-random","seeded-random","68","3","56","0.7321428571428571","0.16071428571428573","3.4285714285714284","0.875","41","1","0.0975609756097561","5.162162162162162","0.09218146718146719","0.41025641025641024"
"7x7-p84","7x7-p84-seeded-random","seeded-random","69","2","56","1.75","0.6071428571428571","3.4464285714285716","0.875","57","0.9811320754716981","0.07017543859649122","3.8076923076923075","0.06799450549450549","0.7222222222222222"
"7x7-p84","7x7-p84-seeded-random","seeded-random","69","1","56","3.4464285714285716","0.875","3.4464285714285716","0.875","95","0.9887640449438202","0.06315789473684211","2.659090909090909","0.047483766233766225","0.8275862068965517"
"7x7-p84","7x7-p84-seeded-random","seeded-random","69","3","56","0.7321428571428571","0.10714285714285714","3.4464285714285716","0.875","41","0.972972972972973","0.0975609756097561","4.611111111111111","0.08234126984126984","0.6153846153846154"
"7x7-p84","7x7-p84-seeded-random","seeded-random","70","2","56","1.9642857142857142","0.6428571428571429","3.607142857142857","0.9285714285714286","64","0.9830508474576272","0.078125","3.8275862068965516","0.06834975369458127","0.7833333333333333"
"7x7-p84","7x7-p84-seeded-random","seeded-random","70","1","56","3.607142857142857","0.9285714285714286","3.607142857142857","0.9285714285714286","92","0.9764705882352941","0.07608695652173914","2.9759036144578315","0.053141135972461284","0.8333333333333334"
"7x7-p84","7x7-p84-seeded-random","seeded-random","70","3","56","0.8214285714285714","0.19642857142857142","3.607142857142857","0.9285714285714286","46","1","0.06521739130434782","4.465116279069767","0.07973421926910298","0.7272727272727273"
"7x7-p84","7x7-p84-seeded-random","seeded-random","71","2","56","1.875","0.6607142857142857","3.5535714285714284","0.8928571428571429","65","1","0.046153846153846156","3.9516129032258065","0.07056451612903221","0.6721311475409836"
"7x7-p84","7x7-p84-seeded-random","seeded-random","71","1","56","3.5535714285714284","0.8928571428571429","3.5535714285714284","0.8928571428571429","94","1","0.06382978723404255","3.0795454545454546","0.0549918831168831","0.7701149425287356"
"7x7-p84","7x7-p84-seeded-random","seeded-random","71","3","56","0.7142857142857143","0.14285714285714285","3.5535714285714284","0.8928571428571429","40","1","0.05","5.184210526315789","0.09257518796992478","0.5"
"7x7-p84","7x7-p84-seeded-random","seeded-random","72","2","56","1.9642857142857142","0.6071428571428571","3.75","0.9107142857142857","66","0.9666666666666667","0.09090909090909091","3.9827586206896552","0.07112068965517242","0.6557377049180327"
"7x7-p84","7x7-p84-seeded-random","seeded-random","72","1","56","3.75","0.9107142857142857","3.75","0.9107142857142857","100","0.978494623655914","0.07","2.901098901098901","0.05180533751962323","0.7717391304347826"
"7x7-p84","7x7-p84-seeded-random","seeded-random","72","3","56","0.7857142857142857","0.17857142857142858","3.75","0.9107142857142857","44","0.975","0.09090909090909091","4.948717948717949","0.08836996336996336","0.5121951219512195"
"7x7-p84","7x7-p84-seeded-random","seeded-random","73","2","56","1.9464285714285714","0.6964285714285714","3.625","0.8571428571428571","65","1","0.06153846153846154","4.049180327868853","0.07230679156908663","0.6612903225806451"
"7x7-p84","7x7-p84-seeded-random","seeded-random","73","1","56","3.625","0.8571428571428571","3.625","0.8571428571428571","94","1","0.06382978723404255","3.1136363636363638","0.055600649350649345","0.7529411764705882"
"7x7-p84","7x7-p84-seeded-random","seeded-random","73","3","56","0.7857142857142857","0.14285714285714285","3.625","0.8571428571428571","44","1","0.06818181818181818","5.048780487804878","0.09015679442508708","0.5"
"7x7-p84","7x7-p84-seeded-random","seeded-random","74","2","56","1.9464285714285714","0.6428571428571429","3.642857142857143","0.9642857142857143","66","1","0.07575757575757576","4.081967213114754","0.07289227166276345","0.6557377049180327"
"7x7-p84","7x7-p84-seeded-random","seeded-random","74","1","56","3.642857142857143","0.9642857142857143","3.642857142857143","0.9642857142857143","95","1","0.06315789473684211","3.1123595505617976","0.05557784911717495","0.7529411764705882"
"7x7-p84","7x7-p84-seeded-random","seeded-random","74","3","56","0.7678571428571429","0.125","3.642857142857143","0.9642857142857143","43","1","0.046511627906976744","5.097560975609756","0.0910278745644599","0.4878048780487805"
"7x7-p84","7x7-p84-seeded-random","seeded-random","75","2","56","1.8214285714285714","0.625","3.5714285714285716","0.8928571428571429","61","1","0.08196721311475409","4.375","0.07812499999999999","0.6140350877192983"
"7x7-p84","7x7-p84-seeded-random","seeded-random","75","1","56","3.5714285714285716","0.8928571428571429","3.5714285714285716","0.8928571428571429","98","1","0.07142857142857142","3.076923076923077","0.054945054945054944","0.7582417582417582"
"7x7-p84","7x7-p84-seeded-random","seeded-random","75","3","56","0.7321428571428571","0.16071428571428573","3.5714285714285716","0.8928571428571429","41","1","0.0975609756097561","5.594594594594595","0.09990347490347488","0.42105263157894735"
"7x7-p84","7x7-p84-seeded-random","seeded-random","76","2","56","1.8571428571428572","0.625","3.4642857142857144","0.875","62","1","0.06451612903225806","3.5344827586206895","0.06311576354679799","0.7192982456140351"
"7x7-p84","7x7-p84-seeded-random","seeded-random","76","1","56","3.4642857142857144","0.875","3.4642857142857144","0.875","90","1","0.06666666666666667","2.75","0.04910714285714283","0.8048780487804879"
"7x7-p84","7x7-p84-seeded-random","seeded-random","76","3","56","0.75","0.17857142857142858","3.4642857142857144","0.875","42","1","0.047619047619047616","4.225","0.07544642857142855","0.6"
"7x7-p84","7x7-p84-seeded-random","seeded-random","77","2","56","1.6964285714285714","0.6428571428571429","3.3214285714285716","0.8571428571428571","57","1","0.05263157894736842","4.296296296296297","0.07671957671957672","0.6111111111111112"
"7x7-p84","7x7-p84-seeded-random","seeded-random","77","1","56","3.3214285714285716","0.8571428571428571","3.3214285714285716","0.8571428571428571","91","1","0.06593406593406594","3.0941176470588236","0.05525210084033612","0.7439024390243902"
"7x7-p84","7x7-p84-seeded-random","seeded-random","77","3","56","0.6785714285714286","0.125","3.3214285714285716","0.8571428571428571","38","1","0.05263157894736842","5.444444444444445","0.09722222222222225","0.4166666666666667"
"7x7-p84","7x7-p84-seeded-random","seeded-random","78","2","56","1.75","0.5178571428571429","3.25","0.9464285714285714","57","1","0.08771929824561403","4.519230769230769","0.08070054945054941","0.6538461538461539"
"7x7-p84","7x7-p84-seeded-random","seeded-random","78","1","56","3.25","0.9464285714285714","3.25","0.9464285714285714","84","1","0.07142857142857142","3.3461538461538463","0.05975274725274726","0.7631578947368421"
"7x7-p84","7x7-p84-seeded-random","seeded-random","78","3","56","0.7321428571428571","0.17857142857142858","3.25","0.9464285714285714","41","1","0.07317073170731707","5.447368421052632","0.09727443609022554","0.5263157894736842"
"7x7-p84","7x7-p84-seeded-random","seeded-random","79","2","56","1.9642857142857142","0.6607142857142857","3.642857142857143","0.9464285714285714","66","1","0.10606060606060606","3.9491525423728815","0.07052058111380143","0.7333333333333333"
"7x7-p84","7x7-p84-seeded-random","seeded-random","79","1","56","3.642857142857143","0.9464285714285714","3.642857142857143","0.9464285714285714","94","1","0.07446808510638298","3","0.05357142857142858","0.8160919540229885"
"7x7-p84","7x7-p84-seeded-random","seeded-random","79","3","56","0.7857142857142857","0.17857142857142858","3.642857142857143","0.9464285714285714","44","1","0.11363636363636363","4.948717948717949","0.08836996336996335","0.6097560975609756"
"7x7-p84","7x7-p84-seeded-random","seeded-random","80","2","56","1.6071428571428572","0.5178571428571429","3.017857142857143","0.8571428571428571","57","1","0.10526315789473684","4.03921568627451","0.07212885154061623","0.6470588235294118"
"7x7-p84","7x7-p84-seeded-random","seeded-random","80","1","56","3.017857142857143","0.8571428571428571","3.017857142857143","0.8571428571428571","79","1","0.08860759493670886","3.1527777777777777","0.05629960317460314","0.7464788732394366"
"7x7-p84","7x7-p84-seeded-random","seeded-random","80","3","56","0.5892857142857143","0.10714285714285714","3.017857142857143","0.8571428571428571","33","1","0.12121212121212122","5.586206896551724","0.09975369458128078","0.4"
"7x7-p84","7x7-p84-seeded-random","seeded-random","81","2","56","1.6964285714285714","0.5357142857142857","3.357142857142857","0.875","57","1","0.08771929824561403","4.596153846153846","0.08207417582417584","0.5849056603773585"
"7x7-p84","7x7-p84-seeded-random","seeded-random","81","1","56","3.357142857142857","0.875","3.357142857142857","0.875","93","1","0.06451612903225806","3.1494252873563218","0.05623973727422005","0.75"
"7x7-p84","7x7-p84-seeded-random","seeded-random","81","3","56","0.6785714285714286","0.08928571428571429","3.357142857142857","0.875","38","1","0.07894736842105263","5.857142857142857","0.10459183673469391","0.3888888888888889"
"7x7-p84","7x7-p84-seeded-random","seeded-random","82","2","56","2.0714285714285716","0.7142857142857143","3.767857142857143","0.8928571428571429","68","1","0.07352941176470588","3.619047619047619","0.06462585034013603","0.75"
"7x7-p84","7x7-p84-seeded-random","seeded-random","82","1","56","3.767857142857143","0.8928571428571429","3.767857142857143","0.8928571428571429","95","1","0.06315789473684211","2.853932584269663","0.050963081861958255","0.8222222222222222"
"7x7-p84","7x7-p84-seeded-random","seeded-random","82","3","56","0.8571428571428571","0.21428571428571427","3.767857142857143","0.8928571428571429","48","1","0.0625","4.266666666666667","0.07619047619047618","0.6666666666666666"
"7x7-p84","7x7-p84-seeded-random","seeded-random","83","2","56","1.7321428571428572","0.625","3.5","0.8928571428571429","58","1","0.08620689655172414","4.509433962264151","0.08052560646900264","0.7037037037037037"
"7x7-p84","7x7-p84-seeded-random","seeded-random","83","1","56","3.5","0.8928571428571429","3.5","0.8928571428571429","99","1","0.06060606060606061","3","0.053571428571428555","0.8279569892473119"
"7x7-p84","7x7-p84-seeded-random","seeded-random","83","3","56","0.6964285714285714","0.10714285714285714","3.5","0.8928571428571429","39","1","0.10256410256410256","5.8","0.10357142857142858","0.5555555555555556"
"7x7-p84","7x7-p84-seeded-random","seeded-random","84","2","56","2.107142857142857","0.7142857142857143","3.9464285714285716","0.9107142857142857","71","0.9850746268656716","0.056338028169014086","3.984848484848485","0.07115800865800864","0.7164179104477612"
"7x7-p84","7x7-p84-seeded-random","seeded-random","84","1","56","3.9464285714285716","0.9107142857142857","3.9464285714285716","0.9107142857142857","103","0.9895833333333334","0.06796116504854369","3.0736842105263156","0.054887218045112776","0.7978723404255319"
"7x7-p84","7x7-p84-seeded-random","seeded-random","84","3","56","0.8392857142857143","0.19642857142857142","3.9464285714285716","0.9107142857142857","47","1","0.06382978723404255","4.9772727272727275","0.0888798701298701","0.5909090909090909"
"7x7-p84","7x7-p84-seeded-random","seeded-random","85","2","56","1.9821428571428572","0.6607142857142857","3.857142857142857","0.8928571428571429","69","1","0.07246376811594203","3.671875","0.06556919642857141","0.78125"
"7x7-p84","7x7-p84-seeded-random","seeded-random","85","1","56","3.857142857142857","0.8928571428571429","3.857142857142857","0.8928571428571429","105","1","0.06666666666666667","2.7448979591836733","0.049016034985422716","0.8556701030927835"
"7x7-p84","7x7-p84-seeded-random","seeded-random","85","3","56","0.75","0.14285714285714285","3.857142857142857","0.8928571428571429","42","1","0.07142857142857142","4.743589743589744","0.0847069597069597","0.65"
"7x7-p84","7x7-p84-seeded-random","seeded-random","86","2","56","1.875","0.7321428571428571","3.517857142857143","0.875","62","1","0.08064516129032258","4.035087719298246","0.0720551378446115","0.6379310344827587"
"7x7-p84","7x7-p84-seeded-random","seeded-random","86","1","56","3.517857142857143","0.875","3.517857142857143","0.875","92","1","0.06521739130434782","3.011627906976744","0.05377906976744185","0.7529411764705882"
"7x7-p84","7x7-p84-seeded-random","seeded-random","86","3","56","0.7678571428571429","0.08928571428571429","3.517857142857143","0.875","43","1","0.06976744186046512","4.9","0.08749999999999998","0.5"
"7x7-p84","7x7-p84-seeded-random","seeded-random","87","2","56","1.5714285714285714","0.5535714285714286","3.0357142857142856","0.8392857142857143","52","1","0.09615384615384616","4.276595744680851","0.07636778115501519","0.6382978723404256"
"7x7-p84","7x7-p84-seeded-random","seeded-random","87","1","56","3.0357142857142856","0.8392857142857143","3.0357142857142856","0.8392857142857143","82","1","0.07317073170731707","3.026315789473684","0.05404135338345864","0.7733333333333333"
"7x7-p84","7x7-p84-seeded-random","seeded-random","87","3","56","0.6428571428571429","0.10714285714285714","3.0357142857142856","0.8392857142857143","36","1","0.1111111111111111","5.34375","0.09542410714285714","0.46875"
"7x7-p84","7x7-p84-seeded-random","seeded-random","88","2","56","2","0.7142857142857143","3.5892857142857144","0.9107142857142857","62","0.9824561403508771","0.08064516129032258","4.285714285714286","0.07653061224489795","0.6290322580645161"
"7x7-p84","7x7-p84-seeded-random","seeded-random","88","1","56","3.5892857142857144","0.9107142857142857","3.5892857142857144","0.9107142857142857","89","0.9879518072289156","0.06741573033707865","3.2439024390243905","0.05792682926829267","0.735632183908046"
"7x7-p84","7x7-p84-seeded-random","seeded-random","88","3","56","0.8928571428571429","0.21428571428571427","3.5892857142857144","0.9107142857142857","50","1","0.1","4.844444444444444","0.0865079365079365","0.56"
"7x7-p84","7x7-p84-seeded-random","seeded-random","89","2","56","1.75","0.5357142857142857","3.25","0.8571428571428571","58","1","0.05172413793103448","4.109090909090909","0.07337662337662336","0.6727272727272727"
"7x7-p84","7x7-p84-seeded-random","seeded-random","89","1","56","3.25","0.8571428571428571","3.25","0.8571428571428571","84","1","0.07142857142857142","3.1923076923076925","0.05700549450549451","0.76"
"7x7-p84","7x7-p84-seeded-random","seeded-random","89","3","56","0.7142857142857143","0.16071428571428573","3.25","0.8571428571428571","40","1","0.05","5.052631578947368","0.0902255639097744","0.5263157894736842"
"7x7-p84","7x7-p84-seeded-random","seeded-random","90","2","56","1.8035714285714286","0.5892857142857143","3.25","0.875","55","1","0.07272727272727272","4.588235294117647","0.08193277310924367","0.6078431372549019"
"7x7-p84","7x7-p84-seeded-random","seeded-random","90","1","56","3.25","0.875","3.25","0.875","81","1","0.07407407407407407","3.44","0.06142857142857141","0.7333333333333333"
"7x7-p84","7x7-p84-seeded-random","seeded-random","90","3","56","0.8214285714285714","0.17857142857142858","3.25","0.875","46","1","0.06521739130434782","5.069767441860465","0.09053156146179402","0.5454545454545454"
"7x7-p84","7x7-p84-seeded-random","seeded-random","91","2","56","1.8928571428571428","0.6964285714285714","3.7142857142857144","0.9642857142857143","62","1","0.06451612903225806","4.293103448275862","0.07666256157635466","0.6551724137931034"
"7x7-p84","7x7-p84-seeded-random","seeded-random","91","1","56","3.7142857142857144","0.9642857142857143","3.7142857142857144","0.9642857142857143","102","1","0.058823529411764705","2.9895833333333335","0.05338541666666666","0.7894736842105263"
"7x7-p84","7x7-p84-seeded-random","seeded-random","91","3","56","0.7857142857142857","0.17857142857142858","3.7142857142857144","0.9642857142857143","44","1","0.06818181818181818","5.2439024390243905","0.09364111498257839","0.5121951219512195"
"7x7-p84","7x7-p84-seeded-random","seeded-random","92","2","56","1.9464285714285714","0.6785714285714286","3.607142857142857","0.9285714285714286","68","1","0.07352941176470588","4.015873015873016","0.07171201814058956","0.6885245901639344"
"7x7-p84","7x7-p84-seeded-random","seeded-random","92","1","56","3.607142857142857","0.9285714285714286","3.607142857142857","0.9285714285714286","93","1","0.07526881720430108","3.2093023255813953","0.057308970099667775","0.7738095238095238"
"7x7-p84","7x7-p84-seeded-random","seeded-random","92","3","56","0.7321428571428571","0.10714285714285714","3.607142857142857","0.9285714285714286","41","1","0.04878048780487805","5.256410256410256","0.09386446886446888","0.525"
"7x7-p84","7x7-p84-seeded-random","seeded-random","93","2","56","1.6964285714285714","0.6071428571428571","3.2857142857142856","0.9285714285714286","52","1","0.09615384615384616","5.361702127659575","0.09574468085106383","0.42857142857142855"
"7x7-p84","7x7-p84-seeded-random","seeded-random","93","1","56","3.2857142857142856","0.9285714285714286","3.2857142857142856","0.9285714285714286","89","1","0.06741573033707865","3.4698795180722892","0.06196213425129088","0.6626506024096386"
"7x7-p84","7x7-p84-seeded-random","seeded-random","93","3","56","0.7678571428571429","0.14285714285714285","3.2857142857142856","0.9285714285714286","43","1","0.09302325581395349","6.051282051282051","0.10805860805860809","0.3170731707317073"
"7x7-p84","7x7-p84-seeded-random","seeded-random","94","2","56","2.0892857142857144","0.7321428571428571","3.6785714285714284","0.8928571428571429","75","1","0.05333333333333334","3.535211267605634","0.06312877263581489","0.704225352112676"
"7x7-p84","7x7-p84-seeded-random","seeded-random","94","1","56","3.6785714285714284","0.8928571428571429","3.6785714285714284","0.8928571428571429","89","1","0.06741573033707865","3.1686746987951806","0.05658347676419964","0.7439024390243902"
"7x7-p84","7x7-p84-seeded-random","seeded-random","94","3","56","0.75","0.125","3.6785714285714284","0.8928571428571429","42","1","0.07142857142857142","4.794871794871795","0.08562271062271061","0.475"
"7x7-p84","7x7-p84-seeded-random","seeded-random","95","2","56","1.75","0.5714285714285714","3.3392857142857144","0.8214285714285714","57","1","0.08771929824561403","4.269230769230769","0.0762362637362637","0.7115384615384616"
"7x7-p84","7x7-p84-seeded-random","seeded-random","95","1","56","3.3392857142857144","0.8214285714285714","3.3392857142857144","0.8214285714285714","89","1","0.07865168539325842","3.073170731707317","0.05487804878048779","0.8148148148148148"
"7x7-p84","7x7-p84-seeded-random","seeded-random","95","3","56","0.7321428571428571","0.17857142857142858","3.3392857142857144","0.8214285714285714","41","1","0.0975609756097561","5.1891891891891895","0.09266409266409263","0.6052631578947368"
"7x7-p84","7x7-p84-seeded-random","seeded-random","96","2","56","1.9642857142857142","0.6428571428571429","3.5714285714285716","0.8571428571428571","66","1","0.07575757575757576","4.278688524590164","0.07640515222482434","0.6166666666666667"
"7x7-p84","7x7-p84-seeded-random","seeded-random","96","1","56","3.5714285714285716","0.8571428571428571","3.5714285714285716","0.8571428571428571","90","1","0.07777777777777778","3.4096385542168677","0.060886402753872644","0.7160493827160493"
"7x7-p84","7x7-p84-seeded-random","seeded-random","96","3","56","0.7857142857142857","0.16071428571428573","3.5714285714285716","0.8571428571428571","44","1","0.06818181818181818","5.390243902439025","0.09625435540069686","0.43902439024390244"
"7x7-p84","7x7-p84-seeded-random","seeded-random","97","2","56","1.75","0.5714285714285714","3.4464285714285716","0.8392857142857143","59","1","0.0847457627118644","4.2407407407407405","0.07572751322751324","0.6481481481481481"
"7x7-p84","7x7-p84-seeded-random","seeded-random","97","1","56","3.4464285714285716","0.8392857142857143","3.4464285714285716","0.8392857142857143","95","1","0.06315789473684211","2.966292134831461","0.05296950240770468","0.7816091954022989"
"7x7-p84","7x7-p84-seeded-random","seeded-random","97","3","56","0.6964285714285714","0.16071428571428573","3.4464285714285716","0.8392857142857143","39","1","0.10256410256410256","5.457142857142857","0.09744897959183674","0.4722222222222222"
"7x7-p84","7x7-p84-seeded-random","seeded-random","98","2","56","1.7321428571428572","0.6607142857142857","3.3392857142857144","0.8571428571428571","57","1","0.07017543859649122","4.150943396226415","0.07412398921832881","0.660377358490566"
"7x7-p84","7x7-p84-seeded-random","seeded-random","98","1","56","3.3392857142857144","0.8571428571428571","3.3392857142857144","0.8571428571428571","90","1","0.06666666666666667","2.988095238095238","0.05335884353741495","0.7777777777777778"
"7x7-p84","7x7-p84-seeded-random","seeded-random","98","3","56","0.7142857142857143","0.19642857142857142","3.3392857142857144","0.8571428571428571","40","1","0.05","5","0.08928571428571426","0.5263157894736842"
"7x7-p84","7x7-p84-seeded-random","seeded-random","99","2","56","2.0714285714285716","0.75","3.6785714285714284","0.9107142857142857","64","1","0.0625","4.416666666666667","0.07886904761904762","0.5483870967741935"
"7x7-p84","7x7-p84-seeded-random","seeded-random","99","1","56","3.6785714285714284","0.9107142857142857","3.6785714285714284","0.9107142857142857","90","1","0.06666666666666667","3.4404761904761907","0.06143707482993198","0.6666666666666666"
"7x7-p84","7x7-p84-seeded-random","seeded-random","99","3","56","0.9285714285714286","0.25","3.6785714285714284","0.9107142857142857","52","1","0.057692307692307696","4.959183673469388","0.08855685131195334","0.45098039215686275"
"7x7-p84","7x7-p84-seeded-random","seeded-random","100","2","56","1.9464285714285714","0.5892857142857143","3.8214285714285716","0.9107142857142857","68","1","0.058823529411764705","3.765625","0.06724330357142856","0.676923076923077"
"7x7-p84","7x7-p84-seeded-random","seeded-random","100","1","56","3.8214285714285716","0.9107142857142857","3.8214285714285716","0.9107142857142857","105","1","0.06666666666666667","2.806122448979592","0.05010932944606416","0.7789473684210526"
"7x7-p84","7x7-p84-seeded-random","seeded-random","100","3","56","0.7321428571428571","0.125","3.8214285714285716","0.9107142857142857","41","1","0.07317073170731707","4.973684210526316","0.08881578947368421","0.475"
"7x7-p84","7x7-p84-uct-0100","uct-0100","1","2","56","1.6428571428571428","0.5178571428571429","3.3214285714285716","0.9107142857142857","58","1","0.06896551724137931","4.018518518518518","0.07175925925925923","0.75"
"7x7-p84","7x7-p84-uct-0100","uct-0100","1","1","56","3.3214285714285716","0.9107142857142857","3.3214285714285716","0.9107142857142857","94","1","0.06382978723404255","2.852272727272727","0.05093344155844153","0.8470588235294118"
"7x7-p84","7x7-p84-uct-0100","uct-0100","1","3","56","0.6071428571428571","0.10714285714285714","3.3214285714285716","0.9107142857142857","34","1","0.058823529411764705","5.40625","0.09654017857142855","0.59375"
"7x7-p84","7x7-p84-uct-0100","uct-0100","2","2","56","1.8571428571428572","0.6964285714285714","3.625","0.8928571428571429","62","1","0.06451612903225806","3.9482758620689653","0.07050492610837439","0.6833333333333333"
"7x7-p84","7x7-p84-uct-0100","uct-0100","2","1","56","3.625","0.8928571428571429","3.625","0.8928571428571429","99","1","0.06060606060606061","2.838709677419355","0.050691244239631325","0.7934782608695652"
"7x7-p84","7x7-p84-uct-0100","uct-0100","2","3","56","0.75","0.14285714285714285","3.625","0.8928571428571429","42","1","0.09523809523809523","4.973684210526316","0.08881578947368422","0.525"
"7x7-p84","7x7-p84-uct-0100","uct-0100","3","2","56","1.8392857142857142","0.6071428571428571","3.4107142857142856","0.9107142857142857","62","1","0.06451612903225806","4.344827586206897","0.07758620689655171","0.6271186440677966"
"7x7-p84","7x7-p84-uct-0100","uct-0100","3","1","56","3.4107142857142856","0.9107142857142857","3.4107142857142856","0.9107142857142857","88","1","0.07954545454545454","3.3950617283950617","0.060626102292768956","0.7283950617283951"
"7x7-p84","7x7-p84-uct-0100","uct-0100","3","3","56","0.7321428571428571","0.16071428571428573","3.4107142857142856","0.9107142857142857","41","1","0.0975609756097561","5.675675675675675","0.10135135135135138","0.42105263157894735"
"7x7-p84","7x7-p84-uct-0100","uct-0100","4","2","56","1.8392857142857142","0.6071428571428571","3.4464285714285716","0.8928571428571429","65","1","0.06153846153846154","4.081967213114754","0.07289227166276345","0.639344262295082"
"7x7-p84","7x7-p84-uct-0100","uct-0100","4","1","56","3.4464285714285716","0.8928571428571429","3.4464285714285716","0.8928571428571429","90","1","0.06666666666666667","3.238095238095238","0.057823129251700675","0.7317073170731707"
"7x7-p84","7x7-p84-uct-0100","uct-0100","4","3","56","0.6785714285714286","0.14285714285714285","3.4464285714285716","0.8928571428571429","38","1","0.05263157894736842","5.527777777777778","0.0987103174603175","0.40540540540540543"
"7x7-p84","7x7-p84-uct-0100","uct-0100","5","2","56","1.7857142857142858","0.6071428571428571","3.25","0.9107142857142857","58","1","0.06896551724137931","4.611111111111111","0.08234126984126984","0.5892857142857143"
"7x7-p84","7x7-p84-uct-0100","uct-0100","5","1","56","3.25","0.9107142857142857","3.25","0.9107142857142857","82","1","0.08536585365853659","3.6","0.0642857142857143","0.6933333333333334"
"7x7-p84","7x7-p84-uct-0100","uct-0100","5","3","56","0.75","0.17857142857142858","3.25","0.9107142857142857","42","1","0.07142857142857142","5.615384615384615","0.10027472527472527","0.43902439024390244"
"7x7-p84","7x7-p84-uct-0100","uct-0100","6","2","56","2.0714285714285716","0.6785714285714286","3.8392857142857144","0.9107142857142857","69","1","0.07246376811594203","3.921875","0.07003348214285712","0.6984126984126984"
"7x7-p84","7x7-p84-uct-0100","uct-0100","6","1","56","3.8392857142857144","0.9107142857142857","3.8392857142857144","0.9107142857142857","99","1","0.06060606060606061","3.010752688172043","0.053763440860215055","0.7934782608695652"
"7x7-p84","7x7-p84-uct-0100","uct-0100","6","3","56","0.8392857142857143","0.19642857142857142","3.8392857142857144","0.9107142857142857","47","1","0.0425531914893617","4.733333333333333","0.08452380952380953","0.5869565217391305"
"7x7-p84","7x7-p84-uct-0100","uct-0100","7","2","56","1.9107142857142858","0.6785714285714286","3.6964285714285716","0.9107142857142857","64","1","0.078125","4.0508474576271185","0.07233656174334135","0.6779661016949152"
"7x7-p84","7x7-p84-uct-0100","uct-0100","7","1","56","3.6964285714285716","0.9107142857142857","3.6964285714285716","0.9107142857142857","100","1","0.06","2.9148936170212765","0.05205167173252279","0.7934782608695652"
"7x7-p84","7x7-p84-uct-0100","uct-0100","7","3","56","0.7678571428571429","0.19642857142857142","3.6964285714285716","0.9107142857142857","43","1","0.06976744186046512","5.025","0.08973214285714284","0.5365853658536586"
"7x7-p84","7x7-p84-uct-0100","uct-0100","8","2","56","1.4642857142857142","0.4642857142857143","2.9107142857142856","0.875","46","1","0.10869565217391304","5.195121951219512","0.09277003484320555","0.5"
"7x7-p84","7x7-p84-uct-0100","uct-0100","8","1","56","2.9107142857142856","0.875","2.9107142857142856","0.875","81","1","0.08641975308641975","3.324324324324324","0.05936293436293438","0.7162162162162162"
"7x7-p84","7x7-p84-uct-0100","uct-0100","8","3","56","0.6428571428571429","0.08928571428571429","2.9107142857142856","0.875","36","1","0.08333333333333333","5.96969696969697","0.10660173160173159","0.4"
"7x7-p84","7x7-p84-uct-0100","uct-0100","9","2","56","1.7857142857142858","0.5714285714285714","3.3392857142857144","0.8928571428571429","60","1","0.06666666666666667","4.428571428571429","0.0790816326530612","0.6181818181818182"
"7x7-p84","7x7-p84-uct-0100","uct-0100","9","1","56","3.3392857142857144","0.8928571428571429","3.3392857142857144","0.8928571428571429","87","1","0.06896551724137931","3.3703703703703702","0.060185185185185175","0.7307692307692307"
"7x7-p84","7x7-p84-uct-0100","uct-0100","9","3","56","0.7142857142857143","0.14285714285714285","3.3392857142857144","0.8928571428571429","40","1","0.075","5.675675675675675","0.10135135135135134","0.43243243243243246"
"7x7-p84","7x7-p84-uct-0100","uct-0100","10","2","56","1.5892857142857142","0.5","3.2857142857142856","0.8571428571428571","55","1","0.09090909090909091","3.86","0.06892857142857141","0.7450980392156863"
"7x7-p84","7x7-p84-uct-0100","uct-0100","10","1","56","3.2857142857142856","0.8571428571428571","3.2857142857142856","0.8571428571428571","95","1","0.06315789473684211","2.606741573033708","0.04654895666131618","0.8522727272727273"
"7x7-p84","7x7-p84-uct-0100","uct-0100","10","3","56","0.6071428571428571","0.125","3.2857142857142856","0.8571428571428571","34","1","0.08823529411764706","5","0.08928571428571429","0.6060606060606061"
"7x7-p84","7x7-p84-uct-0100","uct-0100","11","2","56","1.7321428571428572","0.5535714285714286","3.2857142857142856","0.9107142857142857","57","1","0.07017543859649122","4.60377358490566","0.08221024258760105","0.6415094339622641"
"7x7-p84","7x7-p84-uct-0100","uct-0100","11","1","56","3.2857142857142856","0.9107142857142857","3.2857142857142856","0.9107142857142857","87","1","0.08045977011494253","3.3875","0.06049107142857145","0.7532467532467533"
"7x7-p84","7x7-p84-uct-0100","uct-0100","11","3","56","0.7142857142857143","0.16071428571428573","3.2857142857142856","0.9107142857142857","40","1","0.05","5.631578947368421","0.10056390977443608","0.5"
"7x7-p84","7x7-p84-uct-0100","uct-0100","12","2","56","1.6428571428571428","0.5714285714285714","3.125","0.8571428571428571","52","1","0.09615384615384616","4.574468085106383","0.0816869300911854","0.5918367346938775"
"7x7-p84","7x7-p84-uct-0100","uct-0100","12","1","56","3.125","0.8571428571428571","3.125","0.8571428571428571","83","1","0.07228915662650602","3.1818181818181817","0.056818181818181795","0.7435897435897436"
"7x7-p84","7x7-p84-uct-0100","uct-0100","12","3","56","0.7142857142857143","0.125","3.125","0.8571428571428571","40","1","0.1","5.361111111111111","0.09573412698412698","0.48717948717948717"
"7x7-p84","7x7-p84-uct-0100","uct-0100","13","2","56","1.9285714285714286","0.6785714285714286","3.5535714285714284","0.9285714285714286","62","1","0.08064516129032258","4.491228070175438","0.0802005012531328","0.631578947368421"
"7x7-p84","7x7-p84-uct-0100","uct-0100","13","1","56","3.5535714285714284","0.9285714285714286","3.5535714285714284","0.9285714285714286","91","1","0.06593406593406594","3.3411764705882354","0.05966386554621852","0.75"
"7x7-p84","7x7-p84-uct-0100","uct-0100","13","3","56","0.8214285714285714","0.16071428571428573","3.5535714285714284","0.9285714285714286","46","1","0.06521739130434782","5.3023255813953485","0.09468438538205975","0.5116279069767442"
"7x7-p84","7x7-p84-uct-0100","uct-0100","14","2","56","1.6785714285714286","0.5714285714285714","3.4464285714285716","0.9107142857142857","53","1","0.09433962264150944","4.958333333333333","0.08854166666666664","0.5208333333333334"
"7x7-p84","7x7-p84-uct-0100","uct-0100","14","1","56","3.4464285714285716","0.9107142857142857","3.4464285714285716","0.9107142857142857","99","1","0.0707070707070707","3.0652173913043477","0.054736024844720545","0.7415730337078652"
"7x7-p84","7x7-p84-uct-0100","uct-0100","14","3","56","0.7321428571428571","0.19642857142857142","3.4464285714285716","0.9107142857142857","41","1","0.07317073170731707","5.7368421052631575","0.10244360902255636","0.41025641025641024"
"7x7-p84","7x7-p84-uct-0100","uct-0100","15","2","56","1.8035714285714286","0.6428571428571429","3.4642857142857144","0.8928571428571429","56","1","0.08928571428571429","4.705882352941177","0.08403361344537813","0.660377358490566"
"7x7-p84","7x7-p84-uct-0100","uct-0100","15","1","56","3.4642857142857144","0.8928571428571429","3.4642857142857144","0.8928571428571429","93","1","0.07526881720430108","3.197674418604651","0.057101328903654464","0.7906976744186046"
"7x7-p84","7x7-p84-uct-0100","uct-0100","15","3","56","0.8035714285714286","0.16071428571428573","3.4642857142857144","0.8928571428571429","45","1","0.08888888888888889","5.365853658536586","0.09581881533101044","0.5813953488372093"
"7x7-p84","7x7-p84-uct-0100","uct-0100","16","2","56","1.7857142857142858","0.5714285714285714","3.267857142857143","0.875","53","0.9791666666666666","0.09433962264150944","5.1063829787234045","0.0911854103343465","0.52"
"7x7-p84","7x7-p84-uct-0100","uct-0100","16","1","56","3.267857142857143","0.875","3.267857142857143","0.875","83","0.9868421052631579","0.08433734939759036","3.5733333333333333","0.06380952380952383","0.6923076923076923"
"7x7-p84","7x7-p84-uct-0100","uct-0100","16","3","56","0.8392857142857143","0.19642857142857142","3.267857142857143","0.875","47","1","0.10638297872340426","5.476190476190476","0.0977891156462585","0.4772727272727273"
"7x7-p84","7x7-p84-uct-0100","uct-0100","17","2","56","2.1785714285714284","0.6964285714285714","3.7142857142857144","0.9285714285714286","72","1","0.06944444444444445","3.746268656716418","0.06689765458422173","0.7424242424242424"
"7x7-p84","7x7-p84-uct-0100","uct-0100","17","1","56","3.7142857142857144","0.9285714285714286","3.7142857142857144","0.9285714285714286","86","1","0.08139534883720931","3.329113924050633","0.05944846292947557","0.782051282051282"
"7x7-p84","7x7-p84-uct-0100","uct-0100","17","3","56","0.8928571428571429","0.17857142857142858","3.7142857142857144","0.9285714285714286","50","1","0.06","4.48936170212766","0.08016717325227965","0.6382978723404256"
"7x7-p84","7x7-p84-uct-0100","uct-0100","18","2","56","1.8928571428571428","0.625","3.642857142857143","0.9285714285714286","63","1","0.06349206349206349","4.101694915254237","0.07324455205811133","0.7068965517241379"
"7x7-p84","7x7-p84-uct-0100","uct-0100","18","1","56","3.642857142857143","0.9285714285714286","3.642857142857143","0.9285714285714286","98","1","0.061224489795918366","2.989130434782609","0.05337732919254654","0.8111111111111111"
"7x7-p84","7x7-p84-uct-0100","uct-0100","18","3","56","0.7678571428571429","0.17857142857142858","3.642857142857143","0.9285714285714286","43","1","0.046511627906976744","5.024390243902439","0.08972125435540068","0.575"
"7x7-p84","7x7-p84-uct-0100","uct-0100","19","2","56","1.6428571428571428","0.5892857142857143","3.0714285714285716","0.875","58","1","0.08620689655172414","3.641509433962264","0.06502695417789754","0.6909090909090909"
"7x7-p84","7x7-p84-uct-0100","uct-0100","19","1","56","3.0714285714285716","0.875","3.0714285714285716","0.875","80","1","0.075","2.891891891891892","0.0516409266409266","0.7702702702702703"
"7x7-p84","7x7-p84-uct-0100","uct-0100","19","3","56","0.6071428571428571","0.07142857142857142","3.0714285714285716","0.875","34","1","0.08823529411764706","4.806451612903226","0.08582949308755758","0.5"
"7x7-p84","7x7-p84-uct-0100","uct-0100","20","2","56","1.8035714285714286","0.6071428571428571","3.4464285714285716","0.9107142857142857","62","1","0.04838709677419355","4.1525423728813555","0.07415254237288134","0.6551724137931034"
"7x7-p84","7x7-p84-uct-0100","uct-0100","20","1","56","3.4464285714285716","0.9107142857142857","3.4464285714285716","0.9107142857142857","92","1","0.06521739130434782","3.1627906976744184","0.056478405315614634","0.7619047619047619"
"7x7-p84","7x7-p84-uct-0100","uct-0100","20","3","56","0.6964285714285714","0.16071428571428573","3.4464285714285716","0.9107142857142857","39","1","0.05128205128205128","5.4324324324324325","0.09700772200772201","0.4594594594594595"
"7x7-p84","7x7-p84-uct-0100","uct-0100","21","2","56","1.8928571428571428","0.6428571428571429","3.857142857142857","0.8928571428571429","60","1","0.06666666666666667","3.9464285714285716","0.07047193877551022","0.6440677966101694"
"7x7-p84","7x7-p84-uct-0100","uct-0100","21","1","56","3.857142857142857","0.8928571428571429","3.857142857142857","0.8928571428571429","110","1","0.05454545454545454","2.5865384615384617","0.046188186813186816","0.7961165048543689"
"7x7-p84","7x7-p84-uct-0100","uct-0100","21","3","56","0.8214285714285714","0.17857142857142858","3.857142857142857","0.8928571428571429","46","1","0.06521739130434782","4.534883720930233","0.08098006644518277","0.5434782608695652"
"7x7-p84","7x7-p84-uct-0100","uct-0100","22","2","56","1.8035714285714286","0.6607142857142857","3.4107142857142856","0.8928571428571429","59","1","0.0847457627118644","4.074074074074074","0.07275132275132273","0.6727272727272727"
"7x7-p84","7x7-p84-uct-0100","uct-0100","22","1","56","3.4107142857142856","0.8928571428571429","3.4107142857142856","0.8928571428571429","90","0.9879518072289156","0.07777777777777778","3.024390243902439","0.05400696864111498","0.7654320987654321"
"7x7-p84","7x7-p84-uct-0100","uct-0100","22","3","56","0.75","0.10714285714285714","3.4107142857142856","0.8928571428571429","42","1","0.11904761904761904","5.027027027027027","0.08976833976833976","0.5263157894736842"
"7x7-p84","7x7-p84-uct-0100","uct-0100","23","2","56","1.9285714285714286","0.7142857142857143","3.732142857142857","0.9464285714285714","67","1","0.07462686567164178","3.7096774193548385","0.06624423963133638","0.7777777777777778"
"7x7-p84","7x7-p84-uct-0100","uct-0100","23","1","56","3.732142857142857","0.9464285714285714","3.732142857142857","0.9464285714285714","101","0.9894736842105263","0.0594059405940594","2.7872340425531914","0.04977203647416411","0.8421052631578947"
"7x7-p84","7x7-p84-uct-0100","uct-0100","23","3","56","0.7321428571428571","0.14285714285714285","3.732142857142857","0.9464285714285714","41","1","0.07317073170731707","4.7894736842105265","0.0855263157894737","0.65"
"7x7-p84","7x7-p84-uct-0100","uct-0100","24","2","56","1.75","0.625","3.125","0.8571428571428571","59","1","0.05084745762711865","3.6785714285714284","0.06568877551020408","0.75"
"7x7-p84","7x7-p84-uct-0100","uct-0100","24","1","56","3.125","0.8571428571428571","3.125","0.8571428571428571","77","1","0.06493506493506493","3.0833333333333335","0.0550595238095238","0.7941176470588235"
"7x7-p84","7x7-p84-uct-0100","uct-0100","24","3","56","0.6964285714285714","0.125","3.125","0.8571428571428571","39","1","0.05128205128205128","4.54054054054054","0.08108108108108111","0.631578947368421"
"7x7-p84","7x7-p84-uct-0100","uct-0100","25","2","56","1.8928571428571428","0.6607142857142857","3.5892857142857144","0.9285714285714286","62","1","0.06451612903225806","4.293103448275862","0.07666256157635466","0.6551724137931034"
"7x7-p84","7x7-p84-uct-0100","uct-0100","25","1","56","3.5892857142857144","0.9285714285714286","3.5892857142857144","0.9285714285714286","95","1","0.06315789473684211","3.146067415730337","0.05617977528089891","0.7727272727272727"
"7x7-p84","7x7-p84-uct-0100","uct-0100","25","3","56","0.7857142857142857","0.19642857142857142","3.5892857142857144","0.9285714285714286","44","1","0.045454545454545456","5.166666666666667","0.09226190476190471","0.5348837209302325"
"7x7-p84","7x7-p84-uct-0100","uct-0100","26","2","56","1.9642857142857142","0.6428571428571429","3.625","0.8392857142857143","65","0.9833333333333333","0.07692307692307693","3.864406779661017","0.06900726392251816","0.6551724137931034"
"7x7-p84","7x7-p84-uct-0100","uct-0100","26","1","56","3.625","0.8392857142857143","3.625","0.8392857142857143","93","0.9885057471264368","0.06451612903225806","2.9651162790697674","0.05294850498338872","0.7647058823529411"
"7x7-p84","7x7-p84-uct-0100","uct-0100","26","3","56","0.8035714285714286","0.21428571428571427","3.625","0.8392857142857143","45","1","0.06666666666666667","4.619047619047619","0.08248299319727893","0.5476190476190477"
"7x7-p84","7x7-p84-uct-0100","uct-0100","27","2","56","1.6785714285714286","0.6071428571428571","3.1785714285714284","0.8214285714285714","54","1","0.07407407407407407","4.52","0.08071428571428571","0.6041666666666666"
"7x7-p84","7x7-p84-uct-0100","uct-0100","27","1","56","3.1785714285714284","0.8214285714285714","3.1785714285714284","0.8214285714285714","84","1","0.07142857142857142","3.2564102564102564","0.05815018315018315","0.75"
"7x7-p84","7x7-p84-uct-0100","uct-0100","27","3","56","0.7142857142857143","0.14285714285714285","3.1785714285714284","0.8214285714285714","40","1","0.05","5.315789473684211","0.0949248120300752","0.4864864864864865"
"7x7-p84","7x7-p84-uct-0100","uct-0100","28","2","56","1.6071428571428572","0.5357142857142857","3.107142857142857","0.8571428571428571","50","1","0.1","4.2","0.07500000000000001","0.6382978723404256"
"7x7-p84","7x7-p84-uct-0100","uct-0100","28","1","56","3.107142857142857","0.8571428571428571","3.107142857142857","0.8571428571428571","84","1","0.08333333333333333","2.8701298701298703","0.05125231910946195","0.7733333333333333"
"7x7-p84","7x7-p84-uct-0100","uct-0100","28","3","56","0.7142857142857143","0.125","3.107142857142857","0.8571428571428571","40","1","0.075","4.675675675675675","0.08349420849420851","0.5641025641025641"
"7x7-p84","7x7-p84-uct-0100","uct-0100","29","2","56","1.875","0.6964285714285714","3.5892857142857144","0.9107142857142857","65","1","0.06153846153846154","3.8360655737704916","0.06850117096018733","0.7"
"7x7-p84","7x7-p84-uct-0100","uct-0100","29","1","56","3.5892857142857144","0.9107142857142857","3.5892857142857144","0.9107142857142857","96","1","0.07291666666666667","2.943820224719101","0.05256821829855538","0.7906976744186046"
"7x7-p84","7x7-p84-uct-0100","uct-0100","29","3","56","0.7142857142857143","0.16071428571428573","3.5892857142857144","0.9107142857142857","40","1","0.075","5.027027027027027","0.08976833976833977","0.5135135135135135"
"7x7-p84","7x7-p84-uct-0100","uct-0100","30","2","56","1.8035714285714286","0.5892857142857143","3.3214285714285716","0.8928571428571429","61","1","0.08196721311475409","4.196428571428571","0.07493622448979591","0.6363636363636364"
"7x7-p84","7x7-p84-uct-0100","uct-0100","30","1","56","3.3214285714285716","0.8928571428571429","3.3214285714285716","0.8928571428571429","85","0.9873417721518988","0.07058823529411765","3.2948717948717947","0.058836996336996336","0.7368421052631579"
"7x7-p84","7x7-p84-uct-0100","uct-0100","30","3","56","0.7142857142857143","0.16071428571428573","3.3214285714285716","0.8928571428571429","40","1","0.05","5.2368421052631575","0.09351503759398497","0.47368421052631576"
"7x7-p84","7x7-p84-uct-0100","uct-0100","31","2","56","1.6428571428571428","0.5892857142857143","3.1607142857142856","0.8571428571428571","52","1","0.09615384615384616","4.680851063829787","0.08358662613981761","0.58"
"7x7-p84","7x7-p84-uct-0100","uct-0100","31","1","56","3.1607142857142856","0.8571428571428571","3.1607142857142856","0.8571428571428571","85","1","0.07058823529411765","3.189873417721519","0.05696202531645571","0.7307692307692307"
"7x7-p84","7x7-p84-uct-0100","uct-0100","31","3","56","0.7142857142857143","0.14285714285714285","3.1607142857142856","0.8571428571428571","40","1","0.125","5.6","0.09999999999999998","0.4473684210526316"
"7x7-p84","7x7-p84-uct-0100","uct-0100","32","2","56","1.7857142857142858","0.625","3.3035714285714284","0.875","59","1","0.1016949152542373","4.6415094339622645","0.08288409703504042","0.7272727272727273"
"7x7-p84","7x7-p84-uct-0100","uct-0100","32","1","56","3.3035714285714284","0.875","3.3035714285714284","0.875","85","1","0.08235294117647059","3.4743589743589745","0.06204212454212453","0.8076923076923077"
"7x7-p84","7x7-p84-uct-0100","uct-0100","32","3","56","0.7321428571428571","0.16071428571428573","3.3035714285714284","0.875","41","1","0.0975609756097561","5.783783783783784","0.10328185328185331","0.6153846153846154"
"7x7-p84","7x7-p84-uct-0100","uct-0100","33","2","56","2.0357142857142856","0.6964285714285714","3.6607142857142856","0.875","64","1","0.0625","4.216666666666667","0.07529761904761904","0.6557377049180327"
"7x7-p84","7x7-p84-uct-0100","uct-0100","33","1","56","3.6607142857142856","0.875","3.6607142857142856","0.875","91","1","0.07692307692307693","3.2976190476190474","0.0588860544217687","0.7439024390243902"
"7x7-p84","7x7-p84-uct-0100","uct-0100","33","3","56","0.8928571428571429","0.25","3.6607142857142856","0.875","50","1","0.04","4.770833333333333","0.0851934523809524","0.5714285714285714"
"7x7-p84","7x7-p84-uct-0100","uct-0100","34","2","56","2.0357142857142856","0.625","3.6785714285714284","0.875","67","1","0.05970149253731343","3.9365079365079363","0.07029478458049888","0.6666666666666666"
"7x7-p84","7x7-p84-uct-0100","uct-0100","34","1","56","3.6785714285714284","0.875","3.6785714285714284","0.875","92","1","0.06521739130434782","3.1511627906976742","0.056270764119601344","0.75"
"7x7-p84","7x7-p84-uct-0100","uct-0100","34","3","56","0.8392857142857143","0.19642857142857142","3.6785714285714284","0.875","47","1","0.0851063829787234","4.837209302325581","0.08637873754152824","0.5227272727272727"
"7x7-p84","7x7-p84-uct-0100","uct-0100","35","2","56","1.6428571428571428","0.5714285714285714","3.1785714285714284","0.8392857142857143","55","1","0.09090909090909091","3.82","0.06821428571428574","0.660377358490566"
"7x7-p84","7x7-p84-uct-0100","uct-0100","35","1","56","3.1785714285714284","0.8392857142857143","3.1785714285714284","0.8392857142857143","86","1","0.06976744186046512","2.7625","0.04933035714285714","0.7777777777777778"
"7x7-p84","7x7-p84-uct-0100","uct-0100","35","3","56","0.6607142857142857","0.16071428571428573","3.1785714285714284","0.8392857142857143","37","1","0.10810810810810811","4.757575757575758","0.08495670995670998","0.5135135135135135"
"7x7-p84","7x7-p84-uct-0100","uct-0100","36","2","56","1.8571428571428572","0.6428571428571429","3.482142857142857","0.875","62","1","0.08064516129032258","4.333333333333333","0.07738095238095237","0.6833333333333333"
"7x7-p84","7x7-p84-uct-0100","uct-0100","36","1","56","3.482142857142857","0.875","3.482142857142857","0.875","91","1","0.06593406593406594","3.235294117647059","0.05777310924369749","0.7816091954022989"
"7x7-p84","7x7-p84-uct-0100","uct-0100","36","3","56","0.75","0.17857142857142858","3.482142857142857","0.875","42","1","0.09523809523809523","5.5","0.0982142857142857","0.5365853658536586"
"7x7-p84","7x7-p84-uct-0100","uct-0100","37","2","56","1.5","0.5","2.6964285714285716","0.8571428571428571","48","1","0.0625","4.377777777777778","0.07817460317460316","0.6590909090909091"
"7x7-p84","7x7-p84-uct-0100","uct-0100","37","1","56","2.6964285714285716","0.8571428571428571","2.6964285714285716","0.8571428571428571","67","1","0.07462686567164178","3.4516129032258065","0.061635944700460826","0.7413793103448276"
"7x7-p84","7x7-p84-uct-0100","uct-0100","37","3","56","0.6428571428571429","0.14285714285714285","2.6964285714285716","0.8571428571428571","36","1","0.027777777777777776","5.057142857142857","0.09030612244897959","0.5714285714285714"
"7x7-p84","7x7-p84-uct-0100","uct-0100","38","2","56","1.7321428571428572","0.5892857142857143","3.357142857142857","0.8571428571428571","57","1","0.08771929824561403","3.9615384615384617","0.07074175824175825","0.6981132075471698"
"7x7-p84","7x7-p84-uct-0100","uct-0100","38","1","56","3.357142857142857","0.8571428571428571","3.357142857142857","0.8571428571428571","91","1","0.07692307692307693","2.8333333333333335","0.05059523809523808","0.8072289156626506"
"7x7-p84","7x7-p84-uct-0100","uct-0100","38","3","56","0.7142857142857143","0.14285714285714285","3.357142857142857","0.8571428571428571","40","1","0.1","4.833333333333333","0.08630952380952382","0.5789473684210527"
"7x7-p84","7x7-p84-uct-0100","uct-0100","39","2","56","1.875","0.7142857142857143","3.517857142857143","0.8928571428571429","59","1","0.0847457627118644","4.518518518518518","0.08068783068783067","0.5357142857142857"
"7x7-p84","7x7-p84-uct-0100","uct-0100","39","1","56","3.517857142857143","0.8928571428571429","3.517857142857143","0.8928571428571429","92","1","0.07608695652173914","3.235294117647059","0.057773109243697475","0.6976744186046512"
"7x7-p84","7x7-p84-uct-0100","uct-0100","39","3","56","0.8214285714285714","0.21428571428571427","3.517857142857143","0.8928571428571429","46","1","0.08695652173913043","5.238095238095238","0.0935374149659864","0.4222222222222222"
"7x7-p84","7x7-p84-uct-0100","uct-0100","40","2","56","1.9642857142857142","0.6964285714285714","3.857142857142857","0.9107142857142857","64","1","0.078125","4.084745762711864","0.07294188861985469","0.7213114754098361"
"7x7-p84","7x7-p84-uct-0100","uct-0100","40","1","56","3.857142857142857","0.9107142857142857","3.857142857142857","0.9107142857142857","106","1","0.0660377358490566","2.8383838383838382","0.05068542568542568","0.8282828282828283"
"7x7-p84","7x7-p84-uct-0100","uct-0100","40","3","56","0.8214285714285714","0.16071428571428573","3.857142857142857","0.9107142857142857","46","1","0.10869565217391304","5","0.0892857142857143","0.6046511627906976"
"7x7-p84","7x7-p84-uct-0100","uct-0100","41","2","56","1.8035714285714286","0.7142857142857143","3.5","0.8928571428571429","59","1","0.0847457627118644","4.425925925925926","0.0790343915343915","0.5925925925925926"
"7x7-p84","7x7-p84-uct-0100","uct-0100","41","1","56","3.5","0.8928571428571429","3.5","0.8928571428571429","95","1","0.06315789473684211","3.0786516853932584","0.05497592295345106","0.7528089887640449"
"7x7-p84","7x7-p84-uct-0100","uct-0100","41","3","56","0.75","0.125","3.5","0.8928571428571429","42","1","0.07142857142857142","5.358974358974359","0.09569597069597069","0.45"
"7x7-p84","7x7-p84-uct-0100","uct-0100","42","2","56","1.8035714285714286","0.5714285714285714","3.375","0.8928571428571429","59","1","0.0847457627118644","4.351851851851852","0.0777116402116402","0.6"
"7x7-p84","7x7-p84-uct-0100","uct-0100","42","1","56","3.375","0.8928571428571429","3.375","0.8928571428571429","88","1","0.06818181818181818","3.207317073170732","0.05727351916376308","0.7317073170731707"
"7x7-p84","7x7-p84-uct-0100","uct-0100","42","3","56","0.75","0.14285714285714285","3.375","0.8928571428571429","42","1","0.07142857142857142","5.256410256410256","0.09386446886446888","0.45"
"7x7-p84","7x7-p84-uct-0100","uct-0100","43","2","56","1.8928571428571428","0.5892857142857143","3.732142857142857","0.9107142857142857","64","1","0.046875","3.901639344262295","0.06967213114754098","0.7"
"7x7-p84","7x7-p84-uct-0100","uct-0100","43","1","56","3.732142857142857","0.9107142857142857","3.732142857142857","0.9107142857142857","103","1","0.05825242718446602","2.8247422680412373","0.05044182621502209","0.8064516129032258"
"7x7-p84","7x7-p84-uct-0100","uct-0100","43","3","56","0.75","0.14285714285714285","3.732142857142857","0.9107142857142857","42","1","0.047619047619047616","4.9","0.0875","0.5609756097560976"
"7x7-p84","7x7-p84-uct-0100","uct-0100","44","2","56","1.8392857142857142","0.6607142857142857","3.4107142857142856","0.9107142857142857","62","0.9824561403508771","0.08064516129032258","4.464285714285714","0.07971938775510201","0.559322033898305"
"7x7-p84","7x7-p84-uct-0100","uct-0100","44","1","56","3.4107142857142856","0.9107142857142857","3.4107142857142856","0.9107142857142857","88","0.9876543209876543","0.07954545454545454","3.425","0.06116071428571427","0.6790123456790124"
"7x7-p84","7x7-p84-uct-0100","uct-0100","44","3","56","0.7321428571428571","0.125","3.4107142857142856","0.9107142857142857","41","0.972972972972973","0.0975609756097561","5.833333333333333","0.10416666666666669","0.3333333333333333"
"7x7-p84","7x7-p84-uct-0100","uct-0100","45","2","56","1.4464285714285714","0.5178571428571429","2.9107142857142856","0.8214285714285714","47","1","0.0851063829787234","4.465116279069767","0.079734219269103","0.6511627906976745"
"7x7-p84","7x7-p84-uct-0100","uct-0100","45","1","56","2.9107142857142856","0.8214285714285714","2.9107142857142856","0.8214285714285714","82","1","0.08536585365853659","2.986666666666667","0.05333333333333331","0.7945205479452054"
"7x7-p84","7x7-p84-uct-0100","uct-0100","45","3","56","0.6071428571428571","0.10714285714285714","2.9107142857142856","0.8214285714285714","34","1","0.08823529411764706","5.419354838709677","0.09677419354838711","0.5454545454545454"
"7x7-p84","7x7-p84-uct-0100","uct-0100","46","2","56","2.0892857142857144","0.7142857142857143","3.892857142857143","0.9107142857142857","72","1","0.05555555555555555","3.838235294117647","0.06853991596638653","0.7352941176470589"
"7x7-p84","7x7-p84-uct-0100","uct-0100","46","1","56","3.892857142857143","0.9107142857142857","3.892857142857143","0.9107142857142857","101","0.9893617021276596","0.06930693069306931","3.075268817204301","0.05491551459293394","0.7956989247311828"
"7x7-p84","7x7-p84-uct-0100","uct-0100","46","3","56","0.8035714285714286","0.16071428571428573","3.892857142857143","0.9107142857142857","45","1","0.044444444444444446","4.906976744186046","0.08762458471760796","0.5813953488372093"
"7x7-p84","7x7-p84-uct-0100","uct-0100","47","2","56","1.5178571428571428","0.44642857142857145","2.9464285714285716","0.8214285714285714","48","1","0.08333333333333333","4.681818181818182","0.08360389610389608","0.6222222222222222"
"7x7-p84","7x7-p84-uct-0100","uct-0100","47","1","56","2.9464285714285716","0.8214285714285714","2.9464285714285716","0.8214285714285714","80","1","0.0875","3.219178082191781","0.05748532289628178","0.7702702702702703"
"7x7-p84","7x7-p84-uct-0100","uct-0100","47","3","56","0.6607142857142857","0.125","2.9464285714285716","0.8214285714285714","37","1","0.08108108108108109","5.470588235294118","0.09768907563025209","0.5277777777777778"
"7x7-p84","7x7-p84-uct-0100","uct-0100","48","2","56","1.9642857142857142","0.7142857142857143","3.75","0.875","66","1","0.07575757575757576","3.901639344262295","0.06967213114754094","0.6833333333333333"
"7x7-p84","7x7-p84-uct-0100","uct-0100","48","1","56","3.75","0.875","3.75","0.875","100","1","0.06","2.882978723404255","0.051481762917933126","0.7934782608695652"
"7x7-p84","7x7-p84-uct-0100","uct-0100","48","3","56","0.7857142857142857","0.14285714285714285","3.75","0.875","44","1","0.06818181818181818","4.829268292682927","0.08623693379790937","0.5476190476190477"
"7x7-p84","7x7-p84-uct-0100","uct-0100","49","2","56","1.7321428571428572","0.625","3.375","0.875","59","1","0.1016949152542373","4.132075471698113","0.07378706199460913","0.7222222222222222"
"7x7-p84","7x7-p84-uct-0100","uct-0100","49","1","56","3.375","0.875","3.375","0.875","92","1","0.06521739130434782","2.9302325581395348","0.052325581395348826","0.8214285714285714"
"7x7-p84","7x7-p84-uct-0100","uct-0100","49","3","56","0.6785714285714286","0.10714285714285714","3.375","0.875","38","1","0.10526315789473684","5.323529411764706","0.09506302521008403","0.5714285714285714"
"7x7-p84","7x7-p84-uct-0100","uct-0100","50","2","56","1.7321428571428572","0.5714285714285714","3.1964285714285716","0.8928571428571429","55","1","0.09090909090909091","4.48","0.08","0.6"
"7x7-p84","7x7-p84-uct-0100","uct-0100","50","1","56","3.1964285714285716","0.8928571428571429","3.1964285714285716","0.8928571428571429","82","1","0.08536585365853659","3.32","0.05928571428571428","0.7297297297297297"
"7x7-p84","7x7-p84-uct-0100","uct-0100","50","3","56","0.75","0.17857142857142858","3.1964285714285716","0.8928571428571429","42","1","0.09523809523809523","5.2631578947368425","0.09398496240601505","0.48717948717948717"
"7x7-p84","7x7-p84-uct-0500","uct-0500","1","2","56","1.5357142857142858","0.5892857142857143","3","0.8214285714285714","51","1","0.09803921568627451","4.586956521739131","0.08190993788819875","0.5833333333333334"
"7x7-p84","7x7-p84-uct-0500","uct-0500","1","1","56","3","0.8214285714285714","3","0.8214285714285714","82","1","0.07317073170731707","3.1710526315789473","0.05662593984962405","0.7368421052631579"
"7x7-p84","7x7-p84-uct-0500","uct-0500","1","3","56","0.625","0.10714285714285714","3","0.8214285714285714","35","1","0.08571428571428572","5.71875","0.10212053571428571","0.4117647058823529"
"7x7-p84","7x7-p84-uct-0500","uct-0500","2","2","56","1.875","0.6964285714285714","3.5714285714285716","0.8928571428571429","60","1","0.08333333333333333","4.181818181818182","0.07467532467532467","0.6545454545454545"
"7x7-p84","7x7-p84-uct-0500","uct-0500","2","1","56","3.5714285714285716","0.8928571428571429","3.5714285714285716","0.8928571428571429","95","1","0.07368421052631578","2.9886363636363638","0.05336850649350649","0.7764705882352941"
"7x7-p84","7x7-p84-uct-0500","uct-0500","2","3","56","0.8035714285714286","0.17857142857142858","3.5714285714285716","0.8928571428571429","45","1","0.08888888888888889","4.926829268292683","0.08797909407665504","0.5365853658536586"
"7x7-p84","7x7-p84-uct-0500","uct-0500","3","2","56","1.6785714285714286","0.5892857142857143","3.142857142857143","0.8392857142857143","53","0.9583333333333334","0.09433962264150944","4.217391304347826","0.07531055900621117","0.6122448979591837"
"7x7-p84","7x7-p84-uct-0500","uct-0500","3","1","56","3.142857142857143","0.8392857142857143","3.142857142857143","0.8392857142857143","82","0.9733333333333334","0.08536585365853659","3.0273972602739727","0.0540606653620352","0.7397260273972602"
"7x7-p84","7x7-p84-uct-0500","uct-0500","3","3","56","0.7321428571428571","0.21428571428571427","3.142857142857143","0.8392857142857143","41","0.9736842105263158","0.07317073170731707","4.756756756756757","0.08494208494208491","0.5384615384615384"
"7x7-p84","7x7-p84-uct-0500","uct-0500","4","2","56","1.7142857142857142","0.5535714285714286","3.3214285714285716","0.8928571428571429","57","1","0.08771929824561403","4.288461538461538","0.07657967032967031","0.6415094339622641"
"7x7-p84","7x7-p84-uct-0500","uct-0500","4","1","56","3.3214285714285716","0.8928571428571429","3.3214285714285716","0.8928571428571429","90","1","0.07777777777777778","3.0602409638554215","0.05464716006884679","0.7710843373493976"
"7x7-p84","7x7-p84-uct-0500","uct-0500","4","3","56","0.6964285714285714","0.10714285714285714","3.3214285714285716","0.8928571428571429","39","1","0.10256410256410256","5.4","0.09642857142857145","0.5"
"7x7-p84","7x7-p84-uct-0500","uct-0500","5","2","56","1.5714285714285714","0.5535714285714286","3","0.8392857142857143","51","1","0.0392156862745098","3.795918367346939","0.06778425655976676","0.6875"
"7x7-p84","7x7-p84-uct-0500","uct-0500","5","1","56","3","0.8392857142857143","3","0.8392857142857143","80","1","0.0625","2.8266666666666667","0.05047619047619046","0.7916666666666666"
"7x7-p84","7x7-p84-uct-0500","uct-0500","5","3","56","0.6607142857142857","0.10714285714285714","3","0.8392857142857143","37","1","0.05405405405405406","4.514285714285714","0.0806122448979592","0.5714285714285714"
"7x7-p84","7x7-p84-uct-0500","uct-0500","6","2","56","1.6964285714285714","0.5892857142857143","3.1785714285714284","0.8214285714285714","59","1","0.1016949152542373","4.150943396226415","0.07412398921832881","0.6481481481481481"
"7x7-p84","7x7-p84-uct-0500","uct-0500","6","1","56","3.1785714285714284","0.8214285714285714","3.1785714285714284","0.8214285714285714","83","1","0.08433734939759036","3.1973684210526314","0.05709586466165412","0.7532467532467533"
"7x7-p84","7x7-p84-uct-0500","uct-0500","6","3","56","0.6428571428571429","0.08928571428571429","3.1785714285714284","0.8214285714285714","36","1","0.1388888888888889","5.67741935483871","0.10138248847926269","0.40625"
"7x7-p84","7x7-p84-uct-0500","uct-0500","7","2","56","1.8571428571428572","0.7142857142857143","3.4464285714285716","0.8928571428571429","64","1","0.0625","4.166666666666667","0.07440476190476189","0.6610169491525424"
"7x7-p84","7x7-p84-uct-0500","uct-0500","7","1","56","3.4464285714285716","0.8928571428571429","3.4464285714285716","0.8928571428571429","89","1","0.06741573033707865","3.289156626506024","0.05873493975903613","0.7560975609756098"
"7x7-p84","7x7-p84-uct-0500","uct-0500","7","3","56","0.7142857142857143","0.23214285714285715","3.4464285714285716","0.8928571428571429","40","1","0.025","5.333333333333333","0.09523809523809522","0.47368421052631576"
"7x7-p84","7x7-p84-uct-0500","uct-0500","8","2","56","1.3571428571428572","0.44642857142857145","2.7142857142857144","0.8392857142857143","44","1","0.13636363636363635","5.342105263157895","0.09539473684210527","0.6"
"7x7-p84","7x7-p84-uct-0500","uct-0500","8","1","56","2.7142857142857144","0.8392857142857143","2.7142857142857144","0.8392857142857143","76","1","0.09210526315789473","3.391304347826087","0.06055900621118013","0.7714285714285715"
"7x7-p84","7x7-p84-uct-0500","uct-0500","8","3","56","0.5714285714285714","0.10714285714285714","2.7142857142857144","0.8392857142857143","32","1","0.15625","6.703703703703703","0.11970899470899472","0.4482758620689655"
"7x7-p84","7x7-p84-uct-0500","uct-0500","9","2","56","1.875","0.6785714285714286","3.6607142857142856","0.9107142857142857","67","0.9841269841269841","0.05970149253731343","3.8225806451612905","0.06826036866359442","0.7333333333333333"
"7x7-p84","7x7-p84-uct-0500","uct-0500","9","1","56","3.6607142857142856","0.9107142857142857","3.6607142857142856","0.9107142857142857","100","0.9893617021276596","0.06","2.881720430107527","0.05145929339477726","0.8222222222222222"
"7x7-p84","7x7-p84-uct-0500","uct-0500","9","3","56","0.6785714285714286","0.17857142857142858","3.6607142857142856","0.9107142857142857","38","0.9722222222222222","0.05263157894736842","5.228571428571429","0.09336734693877546","0.5428571428571428"
"7x7-p84","7x7-p84-uct-0500","uct-0500","10","2","56","1.5714285714285714","0.5","3.0714285714285716","0.9107142857142857","51","0.9782608695652174","0.09803921568627451","4.4222222222222225","0.07896825396825395","0.625"
"7x7-p84","7x7-p84-uct-0500","uct-0500","10","1","56","3.0714285714285716","0.9107142857142857","3.0714285714285716","0.9107142857142857","84","0.9871794871794872","0.07142857142857142","3","0.05357142857142855","0.7662337662337663"
"7x7-p84","7x7-p84-uct-0500","uct-0500","10","3","56","0.6607142857142857","0.125","3.0714285714285716","0.9107142857142857","37","0.9696969696969697","0.10810810810810811","5.40625","0.09654017857142855","0.4857142857142857"
"7x7-p84","7x7-p84-uct-0500","uct-0500","11","2","56","1.3392857142857142","0.44642857142857145","2.75","0.7857142857142857","44","1","0.09090909090909091","4.3","0.07678571428571428","0.6511627906976745"
"7x7-p84","7x7-p84-uct-0500","uct-0500","11","1","56","2.75","0.7857142857142857","2.75","0.7857142857142857","79","1","0.08860759493670886","2.8333333333333335","0.05059523809523807","0.7916666666666666"
"7x7-p84","7x7-p84-uct-0500","uct-0500","11","3","56","0.5535714285714286","0.10714285714285714","2.75","0.7857142857142857","31","1","0.0967741935483871","5.285714285714286","0.09438775510204082","0.5161290322580645"
"7x7-p84","7x7-p84-uct-0500","uct-0500","12","2","56","1.7678571428571428","0.6964285714285714","3.4464285714285716","0.8928571428571429","61","1","0.09836065573770492","4.672727272727273","0.08344155844155843","0.5964912280701754"
"7x7-p84","7x7-p84-uct-0500","uct-0500","12","1","56","3.4464285714285716","0.8928571428571429","3.4464285714285716","0.8928571428571429","94","1","0.0851063829787234","3.3488372093023258","0.059800664451827246","0.735632183908046"
"7x7-p84","7x7-p84-uct-0500","uct-0500","12","3","56","0.6785714285714286","0.14285714285714285","3.4464285714285716","0.8928571428571429","38","1","0.15789473684210525","6.59375","0.11774553571428574","0.3235294117647059"
"7x7-p84","7x7-p84-uct-0500","uct-0500","13","2","56","1.7321428571428572","0.5892857142857143","3.4464285714285716","0.8928571428571429","56","1","0.07142857142857142","4.3076923076923075","0.0769230769230769","0.6415094339622641"
"7x7-p84","7x7-p84-uct-0500","uct-0500","13","1","56","3.4464285714285716","0.8928571428571429","3.4464285714285716","0.8928571428571429","96","1","0.0625","2.911111111111111","0.05198412698412699","0.7888888888888889"
"7x7-p84","7x7-p84-uct-0500","uct-0500","13","3","56","0.7321428571428571","0.17857142857142858","3.4464285714285716","0.8928571428571429","41","1","0.07317073170731707","5.157894736842105","0.09210526315789472","0.5128205128205128"
"7x7-p84","7x7-p84-uct-0500","uct-0500","14","2","56","1.7678571428571428","0.6071428571428571","3.3214285714285716","0.875","60","1","0.08333333333333333","4.290909090909091","0.0766233766233766","0.6363636363636364"
"7x7-p84","7x7-p84-uct-0500","uct-0500","14","1","56","3.3214285714285716","0.875","3.3214285714285716","0.875","87","1","0.06896551724137931","3.234567901234568","0.05776014109347441","0.7530864197530864"
"7x7-p84","7x7-p84-uct-0500","uct-0500","14","3","56","0.6964285714285714","0.125","3.3214285714285716","0.875","39","1","0.1282051282051282","5.705882352941177","0.10189075630252101","0.42857142857142855"
"7x7-p84","7x7-p84-uct-0500","uct-0500","15","2","56","1.7142857142857142","0.5714285714285714","3.267857142857143","0.875","56","1","0.08928571428571429","4.509803921568627","0.08053221288515404","0.5384615384615384"
"7x7-p84","7x7-p84-uct-0500","uct-0500","15","1","56","3.267857142857143","0.875","3.267857142857143","0.875","87","1","0.06896551724137931","3.2098765432098766","0.057319223985890635","0.7"
"7x7-p84","7x7-p84-uct-0500","uct-0500","15","3","56","0.7142857142857143","0.14285714285714285","3.267857142857143","0.875","40","1","0.05","5.368421052631579","0.09586466165413532","0.38461538461538464"
"7x7-p84","7x7-p84-uct-0500","uct-0500","16","2","56","1.625","0.5535714285714286","3.25","0.8928571428571429","55","1","0.07272727272727272","4.254901960784314","0.07598039215686272","0.62"
"7x7-p84","7x7-p84-uct-0500","uct-0500","16","1","56","3.25","0.8928571428571429","3.25","0.8928571428571429","91","1","0.06593406593406594","2.9529411764705884","0.0527310924369748","0.7654320987654321"
"7x7-p84","7x7-p84-uct-0500","uct-0500","16","3","56","0.6428571428571429","0.16071428571428573","3.25","0.8928571428571429","36","1","0.05555555555555555","5.382352941176471","0.09611344537815122","0.4411764705882353"
"7x7-p84","7x7-p84-uct-0500","uct-0500","17","2","56","1.7321428571428572","0.5714285714285714","3.25","0.875","55","1","0.09090909090909091","4.58","0.08178571428571425","0.5384615384615384"
"7x7-p84","7x7-p84-uct-0500","uct-0500","17","1","56","3.25","0.875","3.25","0.875","85","1","0.08235294117647059","3.2948717948717947","0.05883699633699633","0.6923076923076923"
"7x7-p84","7x7-p84-uct-0500","uct-0500","17","3","56","0.75","0.125","3.25","0.875","42","1","0.09523809523809523","5.394736842105263","0.09633458646616538","0.4"
"7x7-p84","7x7-p84-uct-0500","uct-0500","18","2","56","1.5178571428571428","0.44642857142857145","3","0.8214285714285714","50","1","0.08","4.304347826086956","0.07686335403726709","0.6382978723404256"
"7x7-p84","7x7-p84-uct-0500","uct-0500","18","1","56","3","0.8214285714285714","3","0.8214285714285714","83","0.9871794871794872","0.060240963855421686","2.9740259740259742","0.05310760667903524","0.7792207792207793"
"7x7-p84","7x7-p84-uct-0500","uct-0500","18","3","56","0.625","0.10714285714285714","3","0.8214285714285714","35","1","0.08571428571428572","5.3125","0.09486607142857144","0.5142857142857142"
"7x7-p84","7x7-p84-uct-0500","uct-0500","19","2","56","1.5","0.42857142857142855","2.7857142857142856","0.8571428571428571","46","0.975609756097561","0.10869565217391304","5.075","0.09062499999999997","0.5"
"7x7-p84","7x7-p84-uct-0500","uct-0500","19","1","56","2.7857142857142856","0.8571428571428571","2.7857142857142856","0.8571428571428571","72","0.9846153846153847","0.09722222222222222","3.546875","0.06333705357142853","0.6716417910447762"
"7x7-p84","7x7-p84-uct-0500","uct-0500","19","3","56","0.6785714285714286","0.125","2.7857142857142856","0.8571428571428571","38","1","0.13157894736842105","5.7272727272727275","0.10227272727272725","0.4166666666666667"
"7x7-p84","7x7-p84-uct-0500","uct-0500","20","2","56","1.8571428571428572","0.6607142857142857","3.6607142857142856","0.9107142857142857","60","0.9818181818181818","0.08333333333333333","4.203703703703703","0.07506613756613752","0.6964285714285714"
"7x7-p84","7x7-p84-uct-0500","uct-0500","20","1","56","3.6607142857142856","0.9107142857142857","3.6607142857142856","0.9107142857142857","101","0.9894736842105263","0.0594059405940594","2.8404255319148937","0.05072188449848022","0.8210526315789474"
"7x7-p84","7x7-p84-uct-0500","uct-0500","20","3","56","0.7857142857142857","0.17857142857142858","3.6607142857142856","0.9107142857142857","44","0.975609756097561","0.06818181818181818","4.975","0.08883928571428569","0.6046511627906976"
"7x7-p84","7x7-p84-uct-0500","uct-0500","21","2","56","1.5357142857142858","0.44642857142857145","2.9464285714285716","0.8571428571428571","50","1","0.1","4.466666666666667","0.07976190476190476","0.6595744680851063"
"7x7-p84","7x7-p84-uct-0500","uct-0500","21","1","56","2.9464285714285716","0.8571428571428571","2.9464285714285716","0.8571428571428571","79","1","0.08860759493670886","3.1666666666666665","0.05654761904761904","0.7714285714285715"
"7x7-p84","7x7-p84-uct-0500","uct-0500","21","3","56","0.6428571428571429","0.10714285714285714","2.9464285714285716","0.8571428571428571","36","1","0.1111111111111111","5.46875","0.09765625","0.5294117647058824"
"7x7-p84","7x7-p84-uct-0500","uct-0500","22","2","56","1.6964285714285714","0.5178571428571429","3.3035714285714284","0.9464285714285714","57","1","0.10526315789473684","4.509803921568627","0.08053221288515404","0.6153846153846154"
"7x7-p84","7x7-p84-uct-0500","uct-0500","22","1","56","3.3035714285714284","0.9464285714285714","3.3035714285714284","0.9464285714285714","90","1","0.07777777777777778","3.1566265060240966","0.05636833046471601","0.7619047619047619"
"7x7-p84","7x7-p84-uct-0500","uct-0500","22","3","56","0.6785714285714286","0.10714285714285714","3.3035714285714284","0.9464285714285714","38","1","0.10526315789473684","5.764705882352941","0.1029411764705882","0.4444444444444444"
"7x7-p84","7x7-p84-uct-0500","uct-0500","23","2","56","1.6071428571428572","0.4642857142857143","3.0892857142857144","0.8928571428571429","54","0.9607843137254902","0.05555555555555555","4.142857142857143","0.07397959183673472","0.6226415094339622"
"7x7-p84","7x7-p84-uct-0500","uct-0500","23","1","56","3.0892857142857144","0.8928571428571429","3.0892857142857144","0.8928571428571429","83","0.974025974025974","0.07228915662650602","3.0533333333333332","0.054523809523809516","0.7402597402597403"
"7x7-p84","7x7-p84-uct-0500","uct-0500","23","3","56","0.6428571428571429","0.125","3.0892857142857144","0.8928571428571429","36","0.9705882352941176","0.05555555555555555","5.181818181818182","0.09253246753246755","0.4722222222222222"
"7x7-p84","7x7-p84-uct-0500","uct-0500","24","2","56","1.3571428571428572","0.42857142857142855","2.625","0.8571428571428571","45","0.975609756097561","0.08888888888888889","4.4","0.07857142857142858","0.6341463414634146"
"7x7-p84","7x7-p84-uct-0500","uct-0500","24","1","56","2.625","0.8571428571428571","2.625","0.8571428571428571","71","0.9692307692307692","0.08450704225352113","3.1587301587301586","0.05640589569160996","0.75"
"7x7-p84","7x7-p84-uct-0500","uct-0500","24","3","56","0.5535714285714286","0.08928571428571429","2.625","0.8571428571428571","31","0.9642857142857143","0.0967741935483871","5.555555555555555","0.0992063492063492","0.4827586206896552"
"7x7-p84","7x7-p84-uct-0500","uct-0500","25","2","56","1.625","0.5357142857142857","3.142857142857143","0.8571428571428571","52","0.9787234042553191","0.09615384615384616","4.304347826086956","0.07686335403726707","0.5510204081632653"
"7x7-p84","7x7-p84-uct-0500","uct-0500","25","1","56","3.142857142857143","0.8571428571428571","3.142857142857143","0.8571428571428571","85","0.9871794871794872","0.08235294117647059","2.9740259740259742","0.05310760667903524","0.7142857142857143"
"7x7-p84","7x7-p84-uct-0500","uct-0500","25","3","56","0.6964285714285714","0.10714285714285714","3.142857142857143","0.8571428571428571","39","0.9705882352941176","0.1282051282051282","5.212121212121212","0.09307359307359309","0.40540540540540543"
"7x7-p84","7x7-p84-uct-0500","uct-0500","26","2","56","1.7857142857142858","0.6071428571428571","3.5357142857142856","0.9107142857142857","59","0.9821428571428571","0.05084745762711865","4.127272727272727","0.07370129870129867","0.6491228070175439"
"7x7-p84","7x7-p84-uct-0500","uct-0500","26","1","56","3.5357142857142856","0.9107142857142857","3.5357142857142856","0.9107142857142857","98","0.9891304347826086","0.061224489795918366","2.89010989010989","0.05160910518053376","0.7752808988764045"
"7x7-p84","7x7-p84-uct-0500","uct-0500","26","3","56","0.7321428571428571","0.125","3.5357142857142856","0.9107142857142857","41","1","0.07317073170731707","5.078947368421052","0.09069548872180451","0.5128205128205128"
"7x7-p84","7x7-p84-uct-0500","uct-0500","27","2","56","1.6428571428571428","0.5535714285714286","3.0892857142857144","0.8392857142857143","56","0.98","0.10714285714285714","4.285714285714286","0.07653061224489795","0.6981132075471698"
"7x7-p84","7x7-p84-uct-0500","uct-0500","27","1","56","3.0892857142857144","0.8392857142857143","3.0892857142857144","0.8392857142857143","81","0.9864864864864865","0.08641975308641975","3.2054794520547945","0.05724070450097844","0.7922077922077922"
"7x7-p84","7x7-p84-uct-0500","uct-0500","27","3","56","0.6428571428571429","0.10714285714285714","3.0892857142857144","0.8392857142857143","36","1","0.1388888888888889","5.612903225806452","0.10023041474654376","0.5588235294117647"
"7x7-p84","7x7-p84-uct-0500","uct-0500","28","2","56","1.4464285714285714","0.39285714285714285","2.732142857142857","0.8214285714285714","48","1","0.10416666666666667","4.116279069767442","0.07350498338870433","0.6511627906976745"
"7x7-p84","7x7-p84-uct-0500","uct-0500","28","1","56","2.732142857142857","0.8214285714285714","2.732142857142857","0.8214285714285714","72","0.9848484848484849","0.08333333333333333","3.0615384615384613","0.05467032967032967","0.7575757575757576"
"7x7-p84","7x7-p84-uct-0500","uct-0500","28","3","56","0.5892857142857143","0.125","2.732142857142857","0.8214285714285714","33","1","0.12121212121212122","5.137931034482759","0.09174876847290642","0.4827586206896552"
"7x7-p84","7x7-p84-uct-0500","uct-0500","29","2","56","1.8571428571428572","0.625","3.4642857142857144","0.8928571428571429","62","1","0.04838709677419355","4.338983050847458","0.07748184019370456","0.5964912280701754"
"7x7-p84","7x7-p84-uct-0500","uct-0500","29","1","56","3.4642857142857144","0.8928571428571429","3.4642857142857144","0.8928571428571429","90","1","0.06666666666666667","3.3452380952380953","0.05973639455782313","0.7125"
"7x7-p84","7x7-p84-uct-0500","uct-0500","29","3","56","0.75","0.16071428571428573","3.4642857142857144","0.8928571428571429","42","1","0.023809523809523808","5.365853658536586","0.09581881533101043","0.43902439024390244"
"7x7-p84","7x7-p84-uct-0500","uct-0500","30","2","56","1.8392857142857142","0.6964285714285714","3.3214285714285716","0.8571428571428571","61","1","0.08196721311475409","3.767857142857143","0.06728316326530612","0.7288135593220338"
"7x7-p84","7x7-p84-uct-0500","uct-0500","30","1","56","3.3214285714285716","0.8571428571428571","3.3214285714285716","0.8571428571428571","83","1","0.0963855421686747","3.066666666666667","0.05476190476190475","0.7922077922077922"
"7x7-p84","7x7-p84-uct-0500","uct-0500","30","3","56","0.75","0.08928571428571429","3.3214285714285716","0.8571428571428571","42","1","0.09523809523809523","4.605263157894737","0.08223684210526316","0.6097560975609756"
"7x7-p84","7x7-p84-uct-0500","uct-0500","31","2","56","1.6607142857142858","0.5535714285714286","3.25","0.8928571428571429","52","0.9574468085106383","0.09615384615384616","4.533333333333333","0.08095238095238093","0.56"
"7x7-p84","7x7-p84-uct-0500","uct-0500","31","1","56","3.25","0.8928571428571429","3.25","0.8928571428571429","89","0.975609756097561","0.07865168539325842","2.9875","0.05334821428571427","0.7317073170731707"
"7x7-p84","7x7-p84-uct-0500","uct-0500","31","3","56","0.7321428571428571","0.125","3.25","0.8928571428571429","41","0.9459459459459459","0.0975609756097561","5.257142857142857","0.09387755102040816","0.45"
"7x7-p84","7x7-p84-uct-0500","uct-0500","32","2","56","1.2857142857142858","0.4107142857142857","2.607142857142857","0.8214285714285714","43","1","0.09302325581395349","4.769230769230769","0.08516483516483515","0.5897435897435898"
"7x7-p84","7x7-p84-uct-0500","uct-0500","32","1","56","2.607142857142857","0.8214285714285714","2.607142857142857","0.8214285714285714","74","0.9855072463768116","0.06756756756756757","3.161764705882353","0.05646008403361341","0.746268656716418"
"7x7-p84","7x7-p84-uct-0500","uct-0500","32","3","56","0.5178571428571429","0.07142857142857142","2.607142857142857","0.8214285714285714","29","1","0.034482758620689655","5.857142857142857","0.1045918367346939","0.4482758620689655"
"7x7-p84","7x7-p84-uct-0500","uct-0500","33","2","56","1.4464285714285714","0.5178571428571429","3.0714285714285716","0.8928571428571429","47","1","0.10638297872340426","5.285714285714286","0.09438775510204082","0.5"
"7x7-p84","7x7-p84-uct-0500","uct-0500","33","1","56","3.0714285714285716","0.8928571428571429","3.0714285714285716","0.8928571428571429","91","1","0.07692307692307693","3.142857142857143","0.05612244897959185","0.7441860465116279"
"7x7-p84","7x7-p84-uct-0500","uct-0500","33","3","56","0.6071428571428571","0.05357142857142857","3.0714285714285716","0.8928571428571429","34","1","0.11764705882352941","6.6","0.11785714285714288","0.3125"
"7x7-p84","7x7-p84-uct-0500","uct-0500","34","2","56","1.5","0.5","3","0.8392857142857143","48","0.9772727272727273","0.08333333333333333","4.325581395348837","0.0772425249169435","0.7045454545454546"
"7x7-p84","7x7-p84-uct-0500","uct-0500","34","1","56","3","0.8392857142857143","3","0.8392857142857143","84","0.9871794871794872","0.07142857142857142","2.857142857142857","0.05102040816326528","0.8311688311688312"
"7x7-p84","7x7-p84-uct-0500","uct-0500","34","3","56","0.6428571428571429","0.16071428571428573","3","0.8392857142857143","36","0.96875","0.1111111111111111","5.225806451612903","0.0933179723502304","0.59375"
"7x7-p84","7x7-p84-uct-0500","uct-0500","35","2","56","1.6785714285714286","0.5535714285714286","3.0357142857142856","0.8571428571428571","53","1","0.09433962264150944","5.208333333333333","0.09300595238095238","0.5106382978723404"
"7x7-p84","7x7-p84-uct-0500","uct-0500","35","1","56","3.0357142857142856","0.8571428571428571","3.0357142857142856","0.8571428571428571","76","1","0.09210526315789473","3.927536231884058","0.07013457556935823","0.6567164179104478"
"7x7-p84","7x7-p84-uct-0500","uct-0500","35","3","56","0.7321428571428571","0.17857142857142858","3.0357142857142856","0.8571428571428571","41","1","0.07317073170731707","6.052631578947368","0.10808270676691728","0.39473684210526316"
"7x7-p84","7x7-p84-uct-0500","uct-0500","36","2","56","1.3214285714285714","0.4107142857142857","2.75","0.8035714285714286","46","1","0.06521739130434782","4.093023255813954","0.07308970099667773","0.6086956521739131"
"7x7-p84","7x7-p84-uct-0500","uct-0500","36","1","56","2.75","0.8035714285714286","2.75","0.8035714285714286","80","1","0.075","2.7972972972972974","0.04995173745173742","0.7567567567567568"
"7x7-p84","7x7-p84-uct-0500","uct-0500","36","3","56","0.5","0.08928571428571429","2.75","0.8035714285714286","28","1","0.10714285714285714","5.6","0.10000000000000002","0.35714285714285715"
"7x7-p84","7x7-p84-uct-0500","uct-0500","37","2","56","1.3392857142857142","0.4107142857142857","2.7857142857142856","0.7857142857142857","47","1","0.0851063829787234","3.883720930232558","0.06935215946843853","0.5909090909090909"
"7x7-p84","7x7-p84-uct-0500","uct-0500","37","1","56","2.7857142857142856","0.7857142857142857","2.7857142857142856","0.7857142857142857","81","0.9866666666666667","0.07407407407407407","2.675675675675676","0.047779922779922754","0.7432432432432432"
"7x7-p84","7x7-p84-uct-0500","uct-0500","37","3","56","0.5","0.08928571428571429","2.7857142857142856","0.7857142857142857","28","1","0.10714285714285714","5.24","0.09357142857142854","0.35714285714285715"
"7x7-p84","7x7-p84-uct-0500","uct-0500","38","2","56","1.8392857142857142","0.625","3.3214285714285716","0.8928571428571429","62","1","0.08064516129032258","4.087719298245614","0.07299498746867163","0.6379310344827587"
"7x7-p84","7x7-p84-uct-0500","uct-0500","38","1","56","3.3214285714285716","0.8928571428571429","3.3214285714285716","0.8928571428571429","83","1","0.07228915662650602","3.2857142857142856","0.058673469387755084","0.7272727272727273"
"7x7-p84","7x7-p84-uct-0500","uct-0500","38","3","56","0.7321428571428571","0.16071428571428573","3.3214285714285716","0.8928571428571429","41","1","0.0975609756097561","5.216216216216216","0.09314671814671814","0.46153846153846156"
"7x7-p84","7x7-p84-uct-0500","uct-0500","39","2","56","1.9107142857142858","0.6607142857142857","3.517857142857143","0.9107142857142857","64","1","0.0625","4.283333333333333","0.07648809523809524","0.6"
"7x7-p84","7x7-p84-uct-0500","uct-0500","39","1","56","3.517857142857143","0.9107142857142857","3.517857142857143","0.9107142857142857","90","1","0.06666666666666667","3.3452380952380953","0.05973639455782315","0.7073170731707317"
"7x7-p84","7x7-p84-uct-0500","uct-0500","39","3","56","0.7678571428571429","0.16071428571428573","3.517857142857143","0.9107142857142857","43","1","0.046511627906976744","5.341463414634147","0.09538327526132406","0.4146341463414634"
"7x7-p84","7x7-p84-uct-0500","uct-0500","40","2","56","1.7678571428571428","0.6071428571428571","3.3214285714285716","0.8392857142857143","59","1","0.0847457627118644","4.055555555555555","0.0724206349206349","0.6964285714285714"
"7x7-p84","7x7-p84-uct-0500","uct-0500","40","1","56","3.3214285714285716","0.8392857142857143","3.3214285714285716","0.8392857142857143","87","1","0.06896551724137931","3.037037037037037","0.054232804232804216","0.7901234567901234"
"7x7-p84","7x7-p84-uct-0500","uct-0500","40","3","56","0.7142857142857143","0.17857142857142858","3.3214285714285716","0.8392857142857143","40","1","0.1","5.083333333333333","0.0907738095238095","0.5641025641025641"
"7x7-p84","7x7-p84-uct-0500","uct-0500","41","2","56","1.625","0.5535714285714286","3.1964285714285716","0.8928571428571429","52","1","0.09615384615384616","4.297872340425532","0.07674772036474162","0.6458333333333334"
"7x7-p84","7x7-p84-uct-0500","uct-0500","41","1","56","3.1964285714285716","0.8928571428571429","3.1964285714285716","0.8928571428571429","88","1","0.07954545454545454","2.9135802469135803","0.05202821869488535","0.7875"
"7x7-p84","7x7-p84-uct-0500","uct-0500","41","3","56","0.6964285714285714","0.16071428571428573","3.1964285714285716","0.8928571428571429","39","1","0.10256410256410256","5.085714285714285","0.09081632653061224","0.5405405405405406"
"7x7-p84","7x7-p84-uct-0500","uct-0500","42","2","56","1.6428571428571428","0.5535714285714286","3.1785714285714284","0.8214285714285714","55","1","0.10909090909090909","4.408163265306122","0.07871720116618076","0.7115384615384616"
"7x7-p84","7x7-p84-uct-0500","uct-0500","42","1","56","3.1785714285714284","0.8214285714285714","3.1785714285714284","0.8214285714285714","86","1","0.06976744186046512","3.0875","0.055133928571428535","0.810126582278481"
"7x7-p84","7x7-p84-uct-0500","uct-0500","42","3","56","0.6607142857142857","0.10714285714285714","3.1785714285714284","0.8214285714285714","37","1","0.13513513513513514","5.6875","0.1015625","0.5714285714285714"
"7x7-p84","7x7-p84-uct-0500","uct-0500","43","2","56","1.7321428571428572","0.625","3.357142857142857","0.9107142857142857","57","0.9807692307692307","0.08771929824561403","4.078431372549019","0.07282913165266106","0.6296296296296297"
"7x7-p84","7x7-p84-uct-0500","uct-0500","43","1","56","3.357142857142857","0.9107142857142857","3.357142857142857","0.9107142857142857","91","0.9880952380952381","0.07692307692307693","2.891566265060241","0.051635111876075744","0.7590361445783133"
"7x7-p84","7x7-p84-uct-0500","uct-0500","43","3","56","0.7142857142857143","0.14285714285714285","3.357142857142857","0.9107142857142857","40","0.9722222222222222","0.1","5.0285714285714285","0.08979591836734695","0.47368421052631576"
"7x7-p84","7x7-p84-uct-0500","uct-0500","44","2","56","1.8035714285714286","0.6607142857142857","3.392857142857143","0.9285714285714286","60","1","0.1","4.333333333333333","0.07738095238095234","0.7272727272727273"
"7x7-p84","7x7-p84-uct-0500","uct-0500","44","1","56","3.392857142857143","0.9285714285714286","3.392857142857143","0.9285714285714286","89","1","0.07865168539325842","3.1951219512195124","0.05705574912891985","0.8125"
"7x7-p84","7x7-p84-uct-0500","uct-0500","44","3","56","0.7321428571428571","0.125","3.392857142857143","0.9285714285714286","41","1","0.12195121951219512","5.5","0.0982142857142857","0.5945945945945946"
"7x7-p84","7x7-p84-uct-0500","uct-0500","45","2","56","1.7321428571428572","0.6071428571428571","3.1964285714285716","0.8571428571428571","54","1","0.09259259259259259","4.8979591836734695","0.08746355685131194","0.6"
"7x7-p84","7x7-p84-uct-0500","uct-0500","45","1","56","3.1964285714285716","0.8571428571428571","3.1964285714285716","0.8571428571428571","82","1","0.07317073170731707","3.513157894736842","0.06273496240601503","0.7297297297297297"
"7x7-p84","7x7-p84-uct-0500","uct-0500","45","3","56","0.7678571428571429","0.17857142857142858","3.1964285714285716","0.8571428571428571","43","1","0.09302325581395349","5.641025641025641","0.10073260073260072","0.5121951219512195"
"7x7-p84","7x7-p84-uct-0500","uct-0500","46","2","56","1.8035714285714286","0.6428571428571429","3.6607142857142856","0.9107142857142857","61","1","0.08196721311475409","4.178571428571429","0.07461734693877549","0.5789473684210527"
"7x7-p84","7x7-p84-uct-0500","uct-0500","46","1","56","3.6607142857142856","0.9107142857142857","3.6607142857142856","0.9107142857142857","104","1","0.0673076923076923","2.8350515463917527","0.05062592047128131","0.75"
"7x7-p84","7x7-p84-uct-0500","uct-0500","46","3","56","0.7142857142857143","0.16071428571428573","3.6607142857142856","0.9107142857142857","40","1","0.075","5.297297297297297","0.09459459459459459","0.38461538461538464"
"7x7-p84","7x7-p84-uct-0500","uct-0500","47","2","56","1.3214285714285714","0.44642857142857145","2.5714285714285716","0.7857142857142857","44","1","0.09090909090909091","4.1","0.0732142857142857","0.6829268292682927"
"7x7-p84","7x7-p84-uct-0500","uct-0500","47","1","56","2.5714285714285716","0.7857142857142857","2.5714285714285716","0.7857142857142857","70","1","0.07142857142857142","2.9076923076923076","0.0519230769230769","0.7903225806451613"
"7x7-p84","7x7-p84-uct-0500","uct-0500","47","3","56","0.5357142857142857","0.08928571428571429","2.5714285714285716","0.7857142857142857","30","1","0.13333333333333333","5.230769230769231","0.09340659340659338","0.5185185185185185"
"7x7-p84","7x7-p84-uct-0500","uct-0500","48","2","56","1.7678571428571428","0.5357142857142857","3.3392857142857144","0.8035714285714286","58","1","0.10344827586206896","4.269230769230769","0.0762362637362637","0.7169811320754716"
"7x7-p84","7x7-p84-uct-0500","uct-0500","48","1","56","3.3392857142857144","0.8035714285714286","3.3392857142857144","0.8035714285714286","88","1","0.06818181818181818","3.073170731707317","0.054878048780487805","0.8148148148148148"
"7x7-p84","7x7-p84-uct-0500","uct-0500","48","3","56","0.7321428571428571","0.19642857142857142","3.3392857142857144","0.8035714285714286","41","1","0.12195121951219512","5.277777777777778","0.0942460317460317","0.5945945945945946"
"7x7-p84","7x7-p84-uct-0500","uct-0500","49","2","56","1.5714285714285714","0.5714285714285714","3.0714285714285716","0.8392857142857143","50","1","0.08","4.630434782608695","0.08268633540372673","0.6041666666666666"
"7x7-p84","7x7-p84-uct-0500","uct-0500","49","1","56","3.0714285714285716","0.8392857142857143","3.0714285714285716","0.8392857142857143","84","1","0.07142857142857142","3.141025641025641","0.05608974358974358","0.759493670886076"
"7x7-p84","7x7-p84-uct-0500","uct-0500","49","3","56","0.6785714285714286","0.125","3.0714285714285716","0.8392857142857143","38","1","0.07894736842105263","5.457142857142857","0.09744897959183674","0.4864864864864865"
"7x7-p84","7x7-p84-uct-0500","uct-0500","50","2","56","1.6607142857142858","0.5714285714285714","3.2857142857142856","0.9107142857142857","54","0.9795918367346939","0.09259259259259259","4.354166666666667","0.07775297619047615","0.62"
"7x7-p84","7x7-p84-uct-0500","uct-0500","50","1","56","3.2857142857142856","0.9107142857142857","3.2857142857142856","0.9107142857142857","91","0.9880952380952381","0.07692307692307693","2.9397590361445785","0.05249569707401031","0.7738095238095238"
"7x7-p84","7x7-p84-uct-0500","uct-0500","50","3","56","0.6964285714285714","0.10714285714285714","3.2857142857142856","0.9107142857142857","39","0.9722222222222222","0.07692307692307693","5.228571428571429","0.09336734693877546","0.5"
"7x7-p84","7x7-p84-uct-1000","uct-1000","1","2","56","1.6428571428571428","0.48214285714285715","3.107142857142857","0.875","51","1","0.09803921568627451","4.891304347826087","0.0873447204968944","0.54"
"7x7-p84","7x7-p84-uct-1000","uct-1000","1","1","56","3.107142857142857","0.875","3.107142857142857","0.875","82","1","0.08536585365853659","3.3866666666666667","0.060476190476190454","0.7012987012987013"
"7x7-p84","7x7-p84-uct-1000","uct-1000","1","3","56","0.7321428571428571","0.17857142857142858","3.107142857142857","0.875","41","1","0.12195121951219512","5.694444444444445","0.10168650793650796","0.425"
"7x7-p84","7x7-p84-uct-1000","uct-1000","2","2","56","1.3928571428571428","0.42857142857142855","2.642857142857143","0.7142857142857143","45","1","0.08888888888888889","4.634146341463414","0.0827526132404181","0.6585365853658537"
"7x7-p84","7x7-p84-uct-1000","uct-1000","2","1","56","2.642857142857143","0.7142857142857143","2.642857142857143","0.7142857142857143","70","0.984375","0.08571428571428572","3.365079365079365","0.060090702947845784","0.7540983606557377"
"7x7-p84","7x7-p84-uct-1000","uct-1000","2","3","56","0.5892857142857143","0.14285714285714285","2.642857142857143","0.7142857142857143","33","1","0.06060606060606061","5.483870967741935","0.09792626728110598","0.5483870967741935"
"7x7-p84","7x7-p84-uct-1000","uct-1000","3","2","56","1.625","0.5","3.1785714285714284","0.9107142857142857","55","1","0.09090909090909091","4.02","0.07178571428571429","0.6153846153846154"
"7x7-p84","7x7-p84-uct-1000","uct-1000","3","1","56","3.1785714285714284","0.9107142857142857","3.1785714285714284","0.9107142857142857","87","1","0.08045977011494253","2.8875","0.05156249999999999","0.7530864197530864"
"7x7-p84","7x7-p84-uct-1000","uct-1000","3","3","56","0.6428571428571429","0.16071428571428573","3.1785714285714284","0.9107142857142857","36","1","0.1111111111111111","5.15625","0.09207589285714288","0.4444444444444444"
"7x7-p84","7x7-p84-uct-1000","uct-1000","4","2","56","1.6785714285714286","0.5714285714285714","3.232142857142857","0.8392857142857143","53","1","0.09433962264150944","4.208333333333333","0.07514880952380952","0.6326530612244898"
"7x7-p84","7x7-p84-uct-1000","uct-1000","4","1","56","3.232142857142857","0.8392857142857143","3.232142857142857","0.8392857142857143","87","0.9875","0.08045977011494253","2.949367088607595","0.05266726943942133","0.7564102564102564"
"7x7-p84","7x7-p84-uct-1000","uct-1000","4","3","56","0.7321428571428571","0.16071428571428573","3.232142857142857","0.8392857142857143","41","1","0.0975609756097561","4.864864864864865","0.08687258687258687","0.55"
"7x7-p84","7x7-p84-uct-1000","uct-1000","5","2","56","1.5357142857142858","0.5178571428571429","2.9464285714285716","0.8214285714285714","48","1","0.08333333333333333","4.295454545454546","0.0767045454545454","0.6590909090909091"
"7x7-p84","7x7-p84-uct-1000","uct-1000","5","1","56","2.9464285714285716","0.8214285714285714","2.9464285714285716","0.8214285714285714","79","1","0.06329113924050633","2.9594594594594597","0.05284749034749029","0.7945205479452054"
"7x7-p84","7x7-p84-uct-1000","uct-1000","5","3","56","0.6785714285714286","0.14285714285714285","2.9464285714285716","0.8214285714285714","38","1","0.10526315789473684","4.970588235294118","0.08876050420168063","0.5714285714285714"
"7x7-p84","7x7-p84-uct-1000","uct-1000","6","2","56","1.4821428571428572","0.5357142857142857","2.875","0.7857142857142857","49","1","0.10204081632653061","3.7045454545454546","0.0661525974025974","0.7391304347826086"
"7x7-p84","7x7-p84-uct-1000","uct-1000","6","1","56","2.875","0.7857142857142857","2.875","0.7857142857142857","78","1","0.07692307692307693","2.6527777777777777","0.04737103174603171","0.8356164383561644"
"7x7-p84","7x7-p84-uct-1000","uct-1000","6","3","56","0.6071428571428571","0.16071428571428573","2.875","0.7857142857142857","34","1","0.11764705882352941","4.5","0.08035714285714286","0.625"
"7x7-p84","7x7-p84-uct-1000","uct-1000","7","2","56","1.3571428571428572","0.375","2.9107142857142856","0.8928571428571429","44","0.975609756097561","0.06818181818181818","5.375","0.09598214285714282","0.5714285714285714"
"7x7-p84","7x7-p84-uct-1000","uct-1000","7","1","56","2.9107142857142856","0.8928571428571429","2.9107142857142856","0.8928571428571429","87","0.9876543209876543","0.06896551724137931","3.1875","0.056919642857142835","0.7721518987341772"
"7x7-p84","7x7-p84-uct-1000","uct-1000","7","3","56","0.5714285714285714","0.10714285714285714","2.9107142857142856","0.8928571428571429","32","0.9666666666666667","0.0625","6.655172413793103","0.1188423645320197","0.4375"
"7x7-p84","7x7-p84-uct-1000","uct-1000","8","2","56","1.7857142857142858","0.625","3.392857142857143","0.9107142857142857","59","0.9818181818181818","0.06779661016949153","4.351851851851852","0.07771164021164018","0.6491228070175439"
"7x7-p84","7x7-p84-uct-1000","uct-1000","8","1","56","3.392857142857143","0.9107142857142857","3.392857142857143","0.9107142857142857","90","0.9880952380952381","0.06666666666666667","3.180722891566265","0.05679862306368329","0.7619047619047619"
"7x7-p84","7x7-p84-uct-1000","uct-1000","8","3","56","0.7321428571428571","0.16071428571428573","3.392857142857143","0.9107142857142857","41","1","0.0975609756097561","5.4324324324324325","0.09700772200772198","0.5128205128205128"
"7x7-p84","7x7-p84-uct-1000","uct-1000","9","2","56","1.75","0.6071428571428571","3.517857142857143","0.9107142857142857","57","1","0.07017543859649122","4.037735849056604","0.07210242587601076","0.660377358490566"
"7x7-p84","7x7-p84-uct-1000","uct-1000","9","1","56","3.517857142857143","0.9107142857142857","3.517857142857143","0.9107142857142857","99","1","0.06060606060606061","2.7311827956989245","0.048771121351766505","0.797752808988764"
"7x7-p84","7x7-p84-uct-1000","uct-1000","9","3","56","0.7321428571428571","0.19642857142857142","3.517857142857143","0.9107142857142857","41","1","0.024390243902439025","4.7","0.08392857142857144","0.55"
"7x7-p84","7x7-p84-uct-1000","uct-1000","10","2","56","1.4642857142857142","0.5","2.892857142857143","0.8571428571428571","46","0.9772727272727273","0.043478260869565216","5.4186046511627906","0.09676079734219269","0.5454545454545454"
"7x7-p84","7x7-p84-uct-1000","uct-1000","10","1","56","2.892857142857143","0.8571428571428571","2.892857142857143","0.8571428571428571","80","0.9866666666666667","0.0625","3.5675675675675675","0.0637065637065637","0.726027397260274"
"7x7-p84","7x7-p84-uct-1000","uct-1000","10","3","56","0.6428571428571429","0.08928571428571429","2.892857142857143","0.8571428571428571","36","0.9714285714285714","0.027777777777777776","6.323529411764706","0.11292016806722688","0.42857142857142855"
"7x7-p84","7x7-p84-uct-1000","uct-1000","11","2","56","1.4107142857142858","0.4642857142857143","2.9107142857142856","0.8571428571428571","45","1","0.08888888888888889","4.634146341463414","0.08275261324041812","0.6136363636363636"
"7x7-p84","7x7-p84-uct-1000","uct-1000","11","1","56","2.9107142857142856","0.8571428571428571","2.9107142857142856","0.8571428571428571","84","1","0.07142857142857142","2.91025641025641","0.05196886446886444","0.7792207792207793"
"7x7-p84","7x7-p84-uct-1000","uct-1000","11","3","56","0.6071428571428571","0.125","2.9107142857142856","0.8571428571428571","34","1","0.08823529411764706","5.483870967741935","0.09792626728110596","0.5"
"7x7-p84","7x7-p84-uct-1000","uct-1000","12","2","56","1.6607142857142858","0.5178571428571429","3.232142857142857","0.8928571428571429","49","1","0.08163265306122448","5.133333333333334","0.09166666666666665","0.5416666666666666"
"7x7-p84","7x7-p84-uct-1000","uct-1000","12","1","56","3.232142857142857","0.8928571428571429","3.232142857142857","0.8928571428571429","88","1","0.07954545454545454","3.2962962962962963","0.058862433862433824","0.7283950617283951"
"7x7-p84","7x7-p84-uct-1000","uct-1000","12","3","56","0.7857142857142857","0.23214285714285715","3.232142857142857","0.8928571428571429","44","1","0.06818181818181818","5.439024390243903","0.0971254355400697","0.5"
"7x7-p84","7x7-p84-uct-1000","uct-1000","13","2","56","1.5714285714285714","0.44642857142857145","3.1607142857142856","0.9107142857142857","51","0.9782608695652174","0.09803921568627451","4.488888888888889","0.08015873015873014","0.5714285714285714"
"7x7-p84","7x7-p84-uct-1000","uct-1000","13","1","56","3.1607142857142856","0.9107142857142857","3.1607142857142856","0.9107142857142857","89","0.9879518072289156","0.06741573033707865","2.9146341463414633","0.05204703832752611","0.7469879518072289"
"7x7-p84","7x7-p84-uct-1000","uct-1000","13","3","56","0.6607142857142857","0.10714285714285714","3.1607142857142856","0.9107142857142857","37","1","0.13513513513513514","5.5","0.09821428571428567","0.42857142857142855"
"7x7-p84","7x7-p84-uct-1000","uct-1000","14","2","56","1.3928571428571428","0.48214285714285715","2.6607142857142856","0.8928571428571429","44","0.9743589743589743","0.11363636363636363","5.105263157894737","0.09116541353383459","0.5"
"7x7-p84","7x7-p84-uct-1000","uct-1000","14","1","56","2.6607142857142856","0.8928571428571429","2.6607142857142856","0.8928571428571429","71","0.9848484848484849","0.07042253521126761","3.4","0.060714285714285686","0.696969696969697"
"7x7-p84","7x7-p84-uct-1000","uct-1000","14","3","56","0.6071428571428571","0.125","2.6607142857142856","0.8928571428571429","34","0.9655172413793104","0.14705882352941177","6.214285714285714","0.11096938775510203","0.3333333333333333"
"7x7-p84","7x7-p84-uct-1000","uct-1000","15","2","56","1.7142857142857142","0.5714285714285714","3.1607142857142856","0.875","56","0.9803921568627451","0.08928571428571429","4.08","0.07285714285714286","0.6346153846153846"
"7x7-p84","7x7-p84-uct-1000","uct-1000","15","1","56","3.1607142857142856","0.875","3.1607142857142856","0.875","81","0.9864864864864865","0.08641975308641975","3.1095890410958904","0.055528375733855176","0.7466666666666667"
"7x7-p84","7x7-p84-uct-1000","uct-1000","15","3","56","0.7142857142857143","0.125","3.1607142857142856","0.875","40","1","0.125","4.9714285714285715","0.08877551020408164","0.5"
"7x7-p84","7x7-p84-uct-1000","uct-1000","16","2","56","1.1785714285714286","0.42857142857142855","2.4464285714285716","0.7321428571428571","40","1","0.1","4.277777777777778","0.0763888888888889","0.5142857142857142"
"7x7-p84","7x7-p84-uct-1000","uct-1000","16","1","56","2.4464285714285716","0.7321428571428571","2.4464285714285716","0.7321428571428571","71","1","0.08450704225352113","2.8153846153846156","0.05027472527472526","0.7301587301587301"
"7x7-p84","7x7-p84-uct-1000","uct-1000","16","3","56","0.4642857142857143","0.03571428571428571","2.4464285714285716","0.7321428571428571","26","1","0.15384615384615385","5.7272727272727275","0.10227272727272728","0.2916666666666667"
"7x7-p84","7x7-p84-uct-1000","uct-1000","17","2","56","1.4285714285714286","0.4642857142857143","2.7142857142857144","0.8392857142857143","48","1","0.125","4.523809523809524","0.08078231292517006","0.6"
"7x7-p84","7x7-p84-uct-1000","uct-1000","17","1","56","2.7142857142857144","0.8392857142857143","2.7142857142857144","0.8392857142857143","72","1","0.08333333333333333","3.242424242424242","0.057900432900432876","0.7391304347826086"
"7x7-p84","7x7-p84-uct-1000","uct-1000","17","3","56","0.5714285714285714","0.08928571428571429","2.7142857142857144","0.8392857142857143","32","1","0.125","5.785714285714286","0.10331632653061222","0.4375"
"7x7-p84","7x7-p84-uct-1000","uct-1000","18","2","56","1.4107142857142858","0.48214285714285715","2.857142857142857","0.875","50","0.9555555555555556","0.1","4.023255813953488","0.071843853820598","0.6363636363636364"
"7x7-p84","7x7-p84-uct-1000","uct-1000","18","1","56","2.857142857142857","0.875","2.857142857142857","0.875","81","0.9726027397260274","0.09876543209876543","2.8309859154929575","0.05055331991951707","0.7777777777777778"
"7x7-p84","7x7-p84-uct-1000","uct-1000","18","3","56","0.5178571428571429","0.03571428571428571","2.857142857142857","0.875","29","1","0.10344827586206896","5.346153846153846","0.09546703296703297","0.46153846153846156"
"7x7-p84","7x7-p84-uct-1000","uct-1000","19","2","56","1.1785714285714286","0.375","2.375","0.7142857142857143","38","1","0.07894736842105263","5.257142857142857","0.09387755102040815","0.5135135135135135"
"7x7-p84","7x7-p84-uct-1000","uct-1000","19","1","56","2.375","0.7142857142857143","2.375","0.7142857142857143","67","0.9672131147540983","0.08955223880597014","3.5254237288135593","0.06295399515738496","0.6666666666666666"
"7x7-p84","7x7-p84-uct-1000","uct-1000","19","3","56","0.5","0.07142857142857142","2.375","0.7142857142857143","28","1","0.07142857142857142","6.384615384615385","0.11401098901098902","0.35714285714285715"
"7x7-p84","7x7-p84-uct-1000","uct-1000","20","2","56","1.5357142857142858","0.5357142857142857","2.9642857142857144","0.8928571428571429","51","1","0.0784313725490196","4.9361702127659575","0.08814589665653497","0.5957446808510638"
"7x7-p84","7x7-p84-uct-1000","uct-1000","20","1","56","2.9642857142857144","0.8928571428571429","2.9642857142857144","0.8928571428571429","80","1","0.075","3.5","0.06250000000000001","0.7397260273972602"
"7x7-p84","7x7-p84-uct-1000","uct-1000","20","3","56","0.625","0.08928571428571429","2.9642857142857144","0.8928571428571429","35","1","0.08571428571428572","6.3125","0.11272321428571432","0.42424242424242425"
"7x7-p84","7x7-p84-uct-1000","uct-1000","21","2","56","1.2678571428571428","0.42857142857142855","2.4642857142857144","0.7678571428571429","40","1","0.075","4.243243243243243","0.0757722007722008","0.5897435897435898"
"7x7-p84","7x7-p84-uct-1000","uct-1000","21","1","56","2.4642857142857144","0.7678571428571429","2.4642857142857144","0.7678571428571429","67","1","0.07462686567164178","2.935483870967742","0.05241935483870967","0.7419354838709677"
"7x7-p84","7x7-p84-uct-1000","uct-1000","21","3","56","0.5535714285714286","0.10714285714285714","2.4642857142857144","0.7678571428571429","31","1","0.0967741935483871","4.964285714285714","0.08864795918367348","0.4666666666666667"
"7x7-p84","7x7-p84-uct-1000","uct-1000","22","2","56","1.75","0.6071428571428571","3.375","0.9107142857142857","56","1","0.05357142857142857","4.245283018867925","0.07580862533692721","0.7222222222222222"
"7x7-p84","7x7-p84-uct-1000","uct-1000","22","1","56","3.375","0.9107142857142857","3.375","0.9107142857142857","91","1","0.06593406593406594","3.023529411764706","0.053991596638655465","0.8214285714285714"
"7x7-p84","7x7-p84-uct-1000","uct-1000","22","3","56","0.75","0.17857142857142858","3.375","0.9107142857142857","42","1","0.07142857142857142","5.051282051282051","0.09020146520146516","0.625"
"7x7-p84","7x7-p84-uct-1000","uct-1000","23","2","56","1.3035714285714286","0.35714285714285715","2.5357142857142856","0.6785714285714286","39","0.9722222222222222","0.07692307692307693","4.142857142857143","0.07397959183673468","0.5675675675675675"
"7x7-p84","7x7-p84-uct-1000","uct-1000","23","1","56","2.5357142857142856","0.6785714285714286","2.5357142857142856","0.6785714285714286","69","0.984375","0.07246376811594203","2.746031746031746","0.04903628117913829","0.746031746031746"
"7x7-p84","7x7-p84-uct-1000","uct-1000","23","3","56","0.6071428571428571","0.07142857142857142","2.5357142857142856","0.6785714285714286","34","0.967741935483871","0.08823529411764706","4.5","0.08035714285714284","0.5"
"7x7-p84","7x7-p84-uct-1000","uct-1000","24","2","56","1.7142857142857142","0.625","3.3035714285714284","0.9285714285714286","56","1","0.10714285714285714","4.9","0.0875","0.5849056603773585"
"7x7-p84","7x7-p84-uct-1000","uct-1000","24","1","56","3.3035714285714284","0.9285714285714286","3.3035714285714284","0.9285714285714286","89","1","0.07865168539325842","3.3780487804878048","0.060322299651567955","0.7380952380952381"
"7x7-p84","7x7-p84-uct-1000","uct-1000","24","3","56","0.7142857142857143","0.14285714285714285","3.3035714285714284","0.9285714285714286","40","1","0.125","6.142857142857143","0.10969387755102039","0.42105263157894735"
"7x7-p84","7x7-p84-uct-1000","uct-1000","25","2","56","1.5892857142857142","0.5","3","0.8571428571428571","50","1","0.06","4.914893617021277","0.08776595744680851","0.5555555555555556"
"7x7-p84","7x7-p84-uct-1000","uct-1000","25","1","56","3","0.8571428571428571","3","0.8571428571428571","79","1","0.06329113924050633","3.4864864864864864","0.06225868725868728","0.7222222222222222"
"7x7-p84","7x7-p84-uct-1000","uct-1000","25","3","56","0.6964285714285714","0.16071428571428573","3","0.8571428571428571","39","1","0.05128205128205128","5.702702702702703","0.10183397683397684","0.4444444444444444"
"7x7-p84","7x7-p84-uct-1000","uct-1000","26","2","56","1.5357142857142858","0.5","2.892857142857143","0.8214285714285714","50","1","0.08","4.326086956521739","0.07725155279503106","0.5777777777777777"
"7x7-p84","7x7-p84-uct-1000","uct-1000","26","1","56","2.892857142857143","0.8214285714285714","2.892857142857143","0.8214285714285714","76","1","0.09210526315789473","3.217391304347826","0.0574534161490683","0.7205882352941176"
"7x7-p84","7x7-p84-uct-1000","uct-1000","26","3","56","0.6428571428571429","0.10714285714285714","2.892857142857143","0.8214285714285714","36","1","0.08333333333333333","5.242424242424242","0.09361471861471862","0.42424242424242425"
"7x7-p84","7x7-p84-uct-1000","uct-1000","27","2","56","1.5178571428571428","0.5","2.9464285714285716","0.7857142857142857","48","1","0.08333333333333333","4.409090909090909","0.07873376623376625","0.5777777777777777"
"7x7-p84","7x7-p84-uct-1000","uct-1000","27","1","56","2.9464285714285716","0.7857142857142857","2.9464285714285716","0.7857142857142857","80","0.9863013698630136","0.0875","3.0833333333333335","0.055059523809523794","0.7183098591549296"
"7x7-p84","7x7-p84-uct-1000","uct-1000","27","3","56","0.6607142857142857","0.21428571428571427","2.9464285714285716","0.7857142857142857","37","1","0.05405405405405406","5.0285714285714285","0.08979591836734695","0.4722222222222222"
"7x7-p84","7x7-p84-uct-1000","uct-1000","28","2","56","1.5714285714285714","0.5535714285714286","3.25","0.9285714285714286","55","1","0.05454545454545454","4.3076923076923075","0.07692307692307693","0.6274509803921569"
"7x7-p84","7x7-p84-uct-1000","uct-1000","28","1","56","3.25","0.9285714285714286","3.25","0.9285714285714286","94","1","0.06382978723404255","2.9545454545454546","0.05275974025974024","0.7764705882352941"
"7x7-p84","7x7-p84-uct-1000","uct-1000","28","3","56","0.5892857142857143","0.125","3.25","0.9285714285714286","33","1","0.06060606060606061","5.870967741935484","0.10483870967741936","0.40625"
"7x7-p84","7x7-p84-uct-1000","uct-1000","29","2","56","1.3928571428571428","0.42857142857142855","2.75","0.7857142857142857","44","0.9487179487179487","0.11363636363636363","4.135135135135135","0.07384169884169886","0.675"
"7x7-p84","7x7-p84-uct-1000","uct-1000","29","1","56","2.75","0.7857142857142857","2.75","0.7857142857142857","76","0.9714285714285714","0.07894736842105263","2.7058823529411766","0.04831932773109243","0.8142857142857143"
"7x7-p84","7x7-p84-uct-1000","uct-1000","29","3","56","0.6071428571428571","0.125","2.75","0.7857142857142857","34","0.9666666666666667","0.11764705882352941","4.724137931034483","0.08435960591133004","0.6129032258064516"
"7x7-p84","7x7-p84-uct-1000","uct-1000","30","2","56","1.3928571428571428","0.5","2.7142857142857144","0.8571428571428571","49","1","0.10204081632653061","4.318181818181818","0.07711038961038963","0.6304347826086957"
"7x7-p84","7x7-p84-uct-1000","uct-1000","30","1","56","2.7142857142857144","0.8571428571428571","2.7142857142857144","0.8571428571428571","74","1","0.0945945945945946","3.1791044776119404","0.05676972281449892","0.746268656716418"
"7x7-p84","7x7-p84-uct-1000","uct-1000","30","3","56","0.5178571428571429","0.10714285714285714","2.7142857142857144","0.8571428571428571","29","1","0.1724137931034483","6.25","0.11160714285714286","0.37037037037037035"
"7x7-p84","7x7-p84-uct-1000","uct-1000","31","2","56","1.5","0.5","2.982142857142857","0.9107142857142857","48","1","0.08333333333333333","5.295454545454546","0.09456168831168829","0.4090909090909091"
"7x7-p84","7x7-p84-uct-1000","uct-1000","31","1","56","2.982142857142857","0.9107142857142857","2.982142857142857","0.9107142857142857","83","1","0.07228915662650602","3.4545454545454546","0.061688311688311674","0.6578947368421053"
"7x7-p84","7x7-p84-uct-1000","uct-1000","31","3","56","0.6428571428571429","0.125","2.982142857142857","0.9107142857142857","36","1","0.05555555555555555","6.264705882352941","0.11186974789915967","0.23529411764705882"
"7x7-p84","7x7-p84-uct-1000","uct-1000","32","2","56","1.6071428571428572","0.5714285714285714","3.1607142857142856","0.9107142857142857","50","1","0.08","4.717391304347826","0.0842391304347826","0.5625"
"7x7-p84","7x7-p84-uct-1000","uct-1000","32","1","56","3.1607142857142856","0.9107142857142857","3.1607142857142856","0.9107142857142857","87","0.9753086419753086","0.06896551724137931","3.1645569620253164","0.05650994575045207","0.7160493827160493"
"7x7-p84","7x7-p84-uct-1000","uct-1000","32","3","56","0.7142857142857143","0.19642857142857142","3.1607142857142856","0.9107142857142857","40","1","0.1","5.472222222222222","0.09771825396825395","0.46153846153846156"
"7x7-p84","7x7-p84-uct-1000","uct-1000","33","2","56","1.6607142857142858","0.5714285714285714","3.4642857142857144","0.9285714285714286","55","1","0.07272727272727272","4.784313725490196","0.08543417366946776","0.6730769230769231"
"7x7-p84","7x7-p84-uct-1000","uct-1000","33","1","56","3.4642857142857144","0.9285714285714286","3.4642857142857144","0.9285714285714286","101","1","0.0594059405940594","3.031578947368421","0.054135338345864675","0.8191489361702128"
"7x7-p84","7x7-p84-uct-1000","uct-1000","33","3","56","0.6785714285714286","0.14285714285714285","3.4642857142857144","0.9285714285714286","38","1","0.07894736842105263","6.057142857142857","0.10816326530612241","0.5277777777777778"
"7x7-p84","7x7-p84-uct-1000","uct-1000","34","2","56","1.8392857142857142","0.6071428571428571","3.3392857142857144","0.9285714285714286","60","0.9649122807017544","0.05","4.218181818181818","0.07532467532467532","0.603448275862069"
"7x7-p84","7x7-p84-uct-1000","uct-1000","34","1","56","3.3392857142857144","0.9285714285714286","3.3392857142857144","0.9285714285714286","84","0.9746835443037974","0.05952380952380952","3.2987012987012987","0.05890538033395176","0.7051282051282052"
"7x7-p84","7x7-p84-uct-1000","uct-1000","34","3","56","0.7678571428571429","0.17857142857142858","3.3392857142857144","0.9285714285714286","43","0.975609756097561","0.046511627906976744","5.05","0.09017857142857144","0.4883720930232558"
"7x7-p84","7x7-p84-uct-1000","uct-1000","35","2","56","1.6964285714285714","0.625","3.2857142857142856","0.8928571428571429","55","1","0.07272727272727272","4.490196078431373","0.08018207282913163","0.5686274509803921"
"7x7-p84","7x7-p84-uct-1000","uct-1000","35","1","56","3.2857142857142856","0.8928571428571429","3.2857142857142856","0.8928571428571429","89","1","0.06741573033707865","3.144578313253012","0.05615318416523236","0.7317073170731707"
"7x7-p84","7x7-p84-uct-1000","uct-1000","35","3","56","0.7142857142857143","0.16071428571428573","3.2857142857142856","0.8928571428571429","40","1","0.05","5.342105263157895","0.09539473684210525","0.4358974358974359"
"7x7-p84","7x7-p84-uct-1000","uct-1000","36","2","56","1.1428571428571428","0.375","2.517857142857143","0.8214285714285714","38","1","0.05263157894736842","4.305555555555555","0.07688492063492064","0.6388888888888888"
"7x7-p84","7x7-p84-uct-1000","uct-1000","36","1","56","2.517857142857143","0.8214285714285714","2.517857142857143","0.8214285714285714","77","0.9861111111111112","0.06493506493506493","2.676056338028169","0.04778672032193157","0.8"
"7x7-p84","7x7-p84-uct-1000","uct-1000","36","3","56","0.4642857142857143","0.08928571428571429","2.517857142857143","0.8214285714285714","26","1","0.07692307692307693","5.458333333333333","0.09747023809523812","0.48"
"7x7-p84","7x7-p84-uct-1000","uct-1000","37","2","56","1.4821428571428572","0.44642857142857145","2.857142857142857","0.8392857142857143","48","0.9333333333333333","0.0625","4.476190476190476","0.07993197278911561","0.5957446808510638"
"7x7-p84","7x7-p84-uct-1000","uct-1000","37","1","56","2.857142857142857","0.8392857142857143","2.857142857142857","0.8392857142857143","77","0.9577464788732394","0.07792207792207792","3.1470588235294117","0.05619747899159659","0.7323943661971831"
"7x7-p84","7x7-p84-uct-1000","uct-1000","37","3","56","0.625","0.17857142857142858","2.857142857142857","0.8392857142857143","35","0.9375","0.08571428571428572","5.466666666666667","0.09761904761904758","0.4857142857142857"
"7x7-p84","7x7-p84-uct-1000","uct-1000","38","2","56","1.8214285714285714","0.6964285714285714","3.607142857142857","0.9464285714285714","61","1","0.08196721311475409","4.107142857142857","0.07334183673469388","0.6724137931034483"
"7x7-p84","7x7-p84-uct-1000","uct-1000","38","1","56","3.607142857142857","0.9464285714285714","3.607142857142857","0.9464285714285714","100","1","0.07","2.870967741935484","0.05126728110599079","0.7978723404255319"
"7x7-p84","7x7-p84-uct-1000","uct-1000","38","3","56","0.7321428571428571","0.17857142857142858","3.607142857142857","0.9464285714285714","41","1","0.07317073170731707","5.105263157894737","0.09116541353383457","0.525"
"7x7-p84","7x7-p84-uct-1000","uct-1000","39","2","56","1.6964285714285714","0.5714285714285714","3.4285714285714284","0.9107142857142857","57","1","0.05263157894736842","4.37037037037037","0.07804232804232804","0.6296296296296297"
"7x7-p84","7x7-p84-uct-1000","uct-1000","39","1","56","3.4285714285714284","0.9107142857142857","3.4285714285714284","0.9107142857142857","97","1","0.061855670103092786","3","0.05357142857142861","0.7727272727272727"
"7x7-p84","7x7-p84-uct-1000","uct-1000","39","3","56","0.6785714285714286","0.19642857142857142","3.4285714285714284","0.9107142857142857","38","1","0.05263157894736842","5.555555555555555","0.09920634920634921","0.4594594594594595"
"7x7-p84","7x7-p84-uct-1000","uct-1000","40","2","56","1.5178571428571428","0.5178571428571429","2.982142857142857","0.875","48","1","0.10416666666666667","5.186046511627907","0.09260797342192689","0.6363636363636364"
"7x7-p84","7x7-p84-uct-1000","uct-1000","40","1","56","2.982142857142857","0.875","2.982142857142857","0.875","82","1","0.08536585365853659","3.4","0.06071428571428573","0.7837837837837838"
"7x7-p84","7x7-p84-uct-1000","uct-1000","40","3","56","0.6607142857142857","0.10714285714285714","2.982142857142857","0.875","37","1","0.08108108108108109","6.029411764705882","0.10766806722689075","0.5428571428571428"
"7x7-p84","7x7-p84-uct-1000","uct-1000","41","2","56","1.7321428571428572","0.6071428571428571","3.375","0.8571428571428571","58","1","0.08620689655172414","3.7358490566037736","0.06671159029649594","0.7719298245614035"
"7x7-p84","7x7-p84-uct-1000","uct-1000","41","1","56","3.375","0.8571428571428571","3.375","0.8571428571428571","92","1","0.07608695652173914","2.7058823529411766","0.04831932773109241","0.8505747126436781"
"7x7-p84","7x7-p84-uct-1000","uct-1000","41","3","56","0.6964285714285714","0.19642857142857142","3.375","0.8571428571428571","39","1","0.1282051282051282","4.705882352941177","0.08403361344537814","0.6578947368421053"
"7x7-p84","7x7-p84-uct-1000","uct-1000","42","2","56","1.625","0.5178571428571429","3.25","0.9107142857142857","51","1","0.0784313725490196","4.9361702127659575","0.08814589665653493","0.5625"
"7x7-p84","7x7-p84-uct-1000","uct-1000","42","1","56","3.25","0.9107142857142857","3.25","0.9107142857142857","91","1","0.06593406593406594","3.176470588235294","0.05672268907563027","0.7439024390243902"
"7x7-p84","7x7-p84-uct-1000","uct-1000","42","3","56","0.7142857142857143","0.16071428571428573","3.25","0.9107142857142857","40","1","0.075","5.72972972972973","0.1023166023166023","0.4473684210526316"
"7x7-p84","7x7-p84-uct-1000","uct-1000","43","2","56","1.2857142857142858","0.39285714285714285","2.642857142857143","0.8392857142857143","48","1","0.0625","4.488888888888889","0.08015873015873015","0.7045454545454546"
"7x7-p84","7x7-p84-uct-1000","uct-1000","43","1","56","2.642857142857143","0.8392857142857143","2.642857142857143","0.8392857142857143","76","0.9859154929577465","0.06578947368421052","3.242857142857143","0.0579081632653061","0.7941176470588235"
"7x7-p84","7x7-p84-uct-1000","uct-1000","43","3","56","0.42857142857142855","0.05357142857142857","2.642857142857143","0.8392857142857143","24","1","0.041666666666666664","6.869565217391305","0.12267080745341612","0.4090909090909091"
"7x7-p84","7x7-p84-uct-1000","uct-1000","44","2","56","1.4285714285714286","0.4642857142857143","2.7857142857142856","0.8214285714285714","46","1","0.13043478260869565","4.125","0.07366071428571429","0.6136363636363636"
"7x7-p84","7x7-p84-uct-1000","uct-1000","44","1","56","2.7857142857142856","0.8214285714285714","2.7857142857142856","0.8214285714285714","76","1","0.07894736842105263","2.7857142857142856","0.04974489795918365","0.7605633802816901"
"7x7-p84","7x7-p84-uct-1000","uct-1000","44","3","56","0.6071428571428571","0.14285714285714285","2.7857142857142856","0.8214285714285714","34","1","0.14705882352941177","4.931034482758621","0.08805418719211822","0.48484848484848486"
"7x7-p84","7x7-p84-uct-1000","uct-1000","45","2","56","1.4107142857142858","0.44642857142857145","2.8214285714285716","0.7857142857142857","46","1","0.08695652173913043","5.285714285714286","0.09438775510204081","0.6428571428571429"
"7x7-p84","7x7-p84-uct-1000","uct-1000","45","1","56","2.8214285714285716","0.7857142857142857","2.8214285714285716","0.7857142857142857","79","1","0.0759493670886076","3.4657534246575343","0.06188845401174167","0.7945205479452054"
"7x7-p84","7x7-p84-uct-1000","uct-1000","45","3","56","0.5892857142857143","0.08928571428571429","2.8214285714285716","0.7857142857142857","33","1","0.09090909090909091","6.6","0.11785714285714287","0.5"
"7x7-p84","7x7-p84-uct-1000","uct-1000","46","2","56","1.5","0.5357142857142857","3.1785714285714284","0.9107142857142857","49","0.9777777777777777","0.08163265306122448","4.636363636363637","0.0827922077922078","0.5"
"7x7-p84","7x7-p84-uct-1000","uct-1000","46","1","56","3.1785714285714284","0.9107142857142857","3.1785714285714284","0.9107142857142857","94","0.9885057471264368","0.07446808510638298","2.86046511627907","0.051079734219269084","0.7272727272727273"
"7x7-p84","7x7-p84-uct-1000","uct-1000","46","3","56","0.625","0.14285714285714285","3.1785714285714284","0.9107142857142857","35","1","0.08571428571428572","5.625","0.10044642857142859","0.34285714285714286"
"7x7-p84","7x7-p84-uct-1000","uct-1000","47","2","56","1.5","0.5357142857142857","3.017857142857143","0.8214285714285714","50","1","0.08","4.934782608695652","0.08812111801242231","0.5531914893617021"
"7x7-p84","7x7-p84-uct-1000","uct-1000","47","1","56","3.017857142857143","0.8214285714285714","3.017857142857143","0.8214285714285714","85","1","0.07058823529411765","3.2911392405063293","0.05877034358047013","0.7307692307692307"
"7x7-p84","7x7-p84-uct-1000","uct-1000","47","3","56","0.6071428571428571","0.10714285714285714","3.017857142857143","0.8214285714285714","34","1","0.11764705882352941","6.5","0.11607142857142855","0.3225806451612903"
"7x7-p84","7x7-p84-uct-1000","uct-1000","48","2","56","1.8392857142857142","0.6071428571428571","3.4642857142857144","0.875","59","1","0.1016949152542373","4.0754716981132075","0.07277628032345013","0.6785714285714286"
"7x7-p84","7x7-p84-uct-1000","uct-1000","48","1","56","3.4642857142857144","0.875","3.4642857142857144","0.875","91","0.9880952380952381","0.07692307692307693","2.963855421686747","0.05292598967297761","0.7790697674418605"
"7x7-p84","7x7-p84-uct-1000","uct-1000","48","3","56","0.7857142857142857","0.21428571428571427","3.4642857142857144","0.875","44","1","0.09090909090909091","4.75","0.08482142857142858","0.5909090909090909"
"7x7-p84","7x7-p84-uct-1000","uct-1000","49","2","56","1.3392857142857142","0.39285714285714285","2.625","0.8392857142857143","43","0.972972972972973","0.13953488372093023","5.583333333333333","0.09970238095238095","0.4473684210526316"
"7x7-p84","7x7-p84-uct-1000","uct-1000","49","1","56","2.625","0.8392857142857143","2.625","0.8392857142857143","72","0.9846153846153847","0.09722222222222222","3.578125","0.06389508928571427","0.676923076923077"
"7x7-p84","7x7-p84-uct-1000","uct-1000","49","3","56","0.5714285714285714","0.08928571428571429","2.625","0.8392857142857143","32","1","0.125","6.607142857142857","0.11798469387755103","0.3103448275862069"
"7x7-p84","7x7-p84-uct-1000","uct-1000","50","2","56","1.5714285714285714","0.5178571428571429","2.9642857142857144","0.8928571428571429","50","1","0.1","4","0.07142857142857141","0.6222222222222222"
"7x7-p84","7x7-p84-uct-1000","uct-1000","50","1","56","2.9642857142857144","0.8928571428571429","2.9642857142857144","0.8928571428571429","78","1","0.07692307692307693","2.875","0.051339285714285685","0.7638888888888888"
"7x7-p84","7x7-p84-uct-1000","uct-1000","50","3","56","0.6785714285714286","0.16071428571428573","2.9642857142857144","0.8928571428571429","38","1","0.07894736842105263","4.571428571428571","0.08163265306122447","0.5277777777777778"
"7x7-p96","7x7-p96-seeded-random","seeded-random","1","2","64","1.90625","0.671875","3.6875","0.9375","72","1","0.08333333333333333","4.378787878787879","0.06841856060606061","0.6323529411764706"
"7x7-p96","7x7-p96-seeded-random","seeded-random","1","1","64","3.6875","0.9375","3.6875","0.9375","114","1","0.06140350877192982","3.0841121495327104","0.0481892523364486","0.7663551401869159"
"7x7-p96","7x7-p96-seeded-random","seeded-random","1","3","64","0.78125","0.125","3.6875","0.9375","50","1","0.08","5.413043478260869","0.08457880434782608","0.4791666666666667"
"7x7-p96","7x7-p96-seeded-random","seeded-random","2","2","64","2.125","0.78125","3.84375","0.890625","79","1","0.05063291139240506","3.973333333333333","0.06208333333333333","0.6666666666666666"
"7x7-p96","7x7-p96-seeded-random","seeded-random","2","1","64","3.84375","0.890625","3.84375","0.890625","110","1","0.05454545454545454","3.144230769230769","0.04912860576923077","0.7524752475247525"
"7x7-p96","7x7-p96-seeded-random","seeded-random","2","3","64","0.890625","0.234375","3.84375","0.890625","57","1","0.03508771929824561","4.6909090909090905","0.07329545454545454","0.5454545454545454"
"7x7-p96","7x7-p96-seeded-random","seeded-random","3","2","64","1.625","0.546875","3.109375","0.921875","58","0.9818181818181818","0.05172413793103448","4.574074074074074","0.07146990740740741","0.6481481481481481"
"7x7-p96","7x7-p96-seeded-random","seeded-random","3","1","64","3.109375","0.921875","3.109375","0.921875","95","0.9888888888888889","0.05263157894736842","3.168539325842697","0.04950842696629214","0.7816091954022989"
"7x7-p96","7x7-p96-seeded-random","seeded-random","3","3","64","0.71875","0.140625","3.109375","0.921875","46","0.9772727272727273","0.043478260869565216","5.232558139534884","0.08175872093023256","0.5581395348837209"
"7x7-p96","7x7-p96-seeded-random","seeded-random","4","2","64","1.828125","0.609375","3.5625","0.90625","68","1","0.07352941176470588","4.285714285714286","0.06696428571428571","0.6268656716417911"
"7x7-p96","7x7-p96-seeded-random","seeded-random","4","1","64","3.5625","0.90625","3.5625","0.90625","111","1","0.05405405405405406","2.9714285714285715","0.04642857142857143","0.7641509433962265"
"7x7-p96","7x7-p96-seeded-random","seeded-random","4","3","64","0.765625","0.171875","3.5625","0.90625","49","1","0.08163265306122448","5.2","0.08125","0.4897959183673469"
"7x7-p96","7x7-p96-seeded-random","seeded-random","5","2","64","1.921875","0.671875","3.796875","0.890625","73","1","0.0410958904109589","3.9571428571428573","0.061830357142857145","0.7142857142857143"
"7x7-p96","7x7-p96-seeded-random","seeded-random","5","1","64","3.796875","0.890625","3.796875","0.890625","120","1","0.05","2.8157894736842106","0.04399671052631579","0.8198198198198198"
"7x7-p96","7x7-p96-seeded-random","seeded-random","5","3","64","0.78125","0.15625","3.796875","0.890625","50","1","0.04","4.854166666666667","0.07584635416666667","0.5918367346938775"
"7x7-p96","7x7-p96-seeded-random","seeded-random","6","2","64","1.625","0.53125","3.296875","0.875","60","1","0.06666666666666667","4.571428571428571","0.07142857142857142","0.5964912280701754"
"7x7-p96","7x7-p96-seeded-random","seeded-random","6","1","64","3.296875","0.875","3.296875","0.875","107","1","0.056074766355140186","2.98019801980198","0.04656559405940594","0.77"
"7x7-p96","7x7-p96-seeded-random","seeded-random","6","3","64","0.6875","0.125","3.296875","0.875","44","1","0.09090909090909091","5.6","0.0875","0.4523809523809524"
"7x7-p96","7x7-p96-seeded-random","seeded-random","7","2","64","1.96875","0.734375","3.65625","0.9375","71","1","0.056338028169014086","4.507462686567164","0.07042910447761194","0.6470588235294118"
"7x7-p96","7x7-p96-seeded-random","seeded-random","7","1","64","3.65625","0.9375","3.65625","0.9375","108","1","0.05555555555555555","3.303921568627451","0.05162377450980392","0.7575757575757576"
"7x7-p96","7x7-p96-seeded-random","seeded-random","7","3","64","0.859375","0.234375","3.65625","0.9375","55","1","0.05454545454545454","5.230769230769231","0.08173076923076923","0.5471698113207547"
"7x7-p96","7x7-p96-seeded-random","seeded-random","8","2","64","2","0.6875","3.75","0.90625","74","1","0.05405405405405406","3.9714285714285715","0.06205357142857143","0.7183098591549296"
"7x7-p96","7x7-p96-seeded-random","seeded-random","8","1","64","3.75","0.90625","3.75","0.90625","112","1","0.05357142857142857","2.9622641509433962","0.046285377358490566","0.8095238095238095"
"7x7-p96","7x7-p96-seeded-random","seeded-random","8","3","64","0.84375","0.203125","3.75","0.90625","54","1","0.05555555555555555","4.705882352941177","0.07352941176470588","0.6226415094339622"
"7x7-p96","7x7-p96-seeded-random","seeded-random","9","2","64","1.921875","0.671875","3.515625","0.921875","71","1","0.07042253521126761","4.4393939393939394","0.0693655303030303","0.6417910447761194"
"7x7-p96","7x7-p96-seeded-random","seeded-random","9","1","64","3.515625","0.921875","3.515625","0.921875","102","1","0.058823529411764705","3.3645833333333335","0.052571614583333336","0.7473684210526316"
"7x7-p96","7x7-p96-seeded-random","seeded-random","9","3","64","0.8125","0.203125","3.515625","0.921875","52","1","0.057692307692307696","5.285714285714286","0.08258928571428571","0.52"
"7x7-p96","7x7-p96-seeded-random","seeded-random","10","2","64","1.984375","0.6875","3.65625","0.90625","75","1","0.05333333333333334","4.295774647887324","0.06712147887323944","0.625"
"7x7-p96","7x7-p96-seeded-random","seeded-random","10","1","64","3.65625","0.90625","3.65625","0.90625","107","1","0.056074766355140186","3.3168316831683167","0.05182549504950495","0.7272727272727273"
"7x7-p96","7x7-p96-seeded-random","seeded-random","10","3","64","0.8125","0.21875","3.65625","0.90625","52","1","0.057692307692307696","5.326530612244898","0.08322704081632654","0.46"
"7x7-p96","7x7-p96-seeded-random","seeded-random","11","2","64","1.796875","0.59375","3.265625","0.875","67","1","0.08955223880597014","4.295081967213115","0.06711065573770492","0.6349206349206349"
"7x7-p96","7x7-p96-seeded-random","seeded-random","11","1","64","3.265625","0.875","3.265625","0.875","94","1","0.06382978723404255","3.284090909090909","0.051313920454545456","0.7444444444444445"
"7x7-p96","7x7-p96-seeded-random","seeded-random","11","3","64","0.75","0.171875","3.265625","0.875","48","1","0.10416666666666667","5.255813953488372","0.08212209302325581","0.4888888888888889"
"7x7-p96","7x7-p96-seeded-random","seeded-random","12","2","64","1.796875","0.609375","3.515625","0.90625","70","1","0.07142857142857142","4.153846153846154","0.06490384615384616","0.6470588235294118"
"7x7-p96","7x7-p96-seeded-random","seeded-random","12","1","64","3.515625","0.90625","3.515625","0.90625","110","1","0.05454545454545454","2.9711538461538463","0.04642427884615385","0.7647058823529411"
"7x7-p96","7x7-p96-seeded-random","seeded-random","12","3","64","0.703125","0.15625","3.515625","0.90625","45","1","0.08888888888888889","5.414634146341464","0.08460365853658537","0.45454545454545453"
"7x7-p96","7x7-p96-seeded-random","seeded-random","13","2","64","2.140625","0.671875","3.890625","0.90625","77","0.9863013698630136","0.05194805194805195","4.152777777777778","0.06488715277777778","0.6575342465753424"
"7x7-p96","7x7-p96-seeded-random","seeded-random","13","1","64","3.890625","0.90625","3.890625","0.90625","112","0.9905660377358491","0.05357142857142857","3.1619047619047618","0.0494047619047619","0.7619047619047619"
"7x7-p96","7x7-p96-seeded-random","seeded-random","13","3","64","0.9375","0.203125","3.890625","0.90625","60","1","0.03333333333333333","4.672413793103448","0.07300646551724138","0.5862068965517241"
"7x7-p96","7x7-p96-seeded-random","seeded-random","14","2","64","2.09375","0.71875","3.71875","0.890625","76","1","0.05263157894736842","4.152777777777778","0.06488715277777778","0.6438356164383562"
"7x7-p96","7x7-p96-seeded-random","seeded-random","14","1","64","3.71875","0.890625","3.71875","0.890625","104","1","0.0673076923076923","3.3402061855670104","0.05219072164948454","0.7319587628865979"
"7x7-p96","7x7-p96-seeded-random","seeded-random","14","3","64","0.90625","0.1875","3.71875","0.890625","58","1","0.05172413793103448","4.818181818181818","0.07528409090909091","0.5357142857142857"
"7x7-p96","7x7-p96-seeded-random","seeded-random","15","2","64","1.890625","0.65625","3.578125","0.921875","69","1","0.07246376811594203","4.375","0.068359375","0.609375"
"7x7-p96","7x7-p96-seeded-random","seeded-random","15","1","64","3.578125","0.921875","3.578125","0.921875","108","1","0.05555555555555555","3.1176470588235294","0.04871323529411765","0.7524752475247525"
"7x7-p96","7x7-p96-seeded-random","seeded-random","15","3","64","0.8125","0.171875","3.578125","0.921875","52","1","0.07692307692307693","5.166666666666667","0.08072916666666667","0.4897959183673469"
"7x7-p96","7x7-p96-seeded-random","seeded-random","16","2","64","1.875","0.609375","3.53125","0.90625","71","1","0.056338028169014086","3.791044776119403","0.05923507462686567","0.7058823529411765"
"7x7-p96","7x7-p96-seeded-random","seeded-random","16","1","64","3.53125","0.90625","3.53125","0.90625","106","1","0.05660377358490566","2.87","0.04484375","0.797979797979798"
"7x7-p96","7x7-p96-seeded-random","seeded-random","16","3","64","0.765625","0.125","3.53125","0.90625","49","1","0.061224489795918366","4.608695652173913","0.07201086956521739","0.5833333333333334"
"7x7-p96","7x7-p96-seeded-random","seeded-random","17","2","64","1.703125","0.59375","3.390625","0.90625","64","0.9830508474576272","0.078125","4.379310344827586","0.06842672413793104","0.7"
"7x7-p96","7x7-p96-seeded-random","seeded-random","17","1","64","3.390625","0.90625","3.390625","0.90625","108","0.9900990099009901","0.06481481481481481","2.96","0.04625","0.8217821782178217"
"7x7-p96","7x7-p96-seeded-random","seeded-random","17","3","64","0.703125","0.09375","3.390625","0.90625","45","1","0.06666666666666667","5.285714285714286","0.08258928571428571","0.6046511627906976"
"7x7-p96","7x7-p96-seeded-random","seeded-random","18","2","64","2.046875","0.703125","3.6875","0.9375","78","1","0.0641025641025641","3.904109589041096","0.061001712328767124","0.6986301369863014"
"7x7-p96","7x7-p96-seeded-random","seeded-random","18","1","64","3.6875","0.9375","3.6875","0.9375","105","1","0.05714285714285714","3.1414141414141414","0.04908459595959596","0.7708333333333334"
"7x7-p96","7x7-p96-seeded-random","seeded-random","18","3","64","0.828125","0.140625","3.6875","0.9375","53","1","0.03773584905660377","4.7254901960784315","0.07383578431372549","0.5686274509803921"
"7x7-p96","7x7-p96-seeded-random","seeded-random","19","2","64","1.8125","0.640625","3.40625","0.90625","65","1","0.07692307692307693","4.6","0.071875","0.5555555555555556"
"7x7-p96","7x7-p96-seeded-random","seeded-random","19","1","64","3.40625","0.90625","3.40625","0.90625","102","1","0.058823529411764705","3.25","0.05078125","0.7142857142857143"
"7x7-p96","7x7-p96-seeded-random","seeded-random","19","3","64","0.796875","0.140625","3.40625","0.90625","51","1","0.0784313725490196","5.319148936170213","0.08311170212765957","0.44"
"7x7-p96","7x7-p96-seeded-random","seeded-random","20","2","64","1.875","0.625","3.546875","0.9375","68","1","0.058823529411764705","4.578125","0.071533203125","0.5625"
"7x7-p96","7x7-p96-seeded-random","seeded-random","20","1","64","3.546875","0.9375","3.546875","0.9375","107","1","0.056074766355140186","3.267326732673267","0.0510519801980198","0.72"
"7x7-p96","7x7-p96-seeded-random","seeded-random","20","3","64","0.8125","0.140625","3.546875","0.9375","52","1","0.07692307692307693","5.4375","0.0849609375","0.44"
"7x7-p96","7x7-p96-seeded-random","seeded-random","21","2","64","1.84375","0.65625","3.578125","0.9375","68","1","0.058823529411764705","4.578125","0.071533203125","0.609375"
"7x7-p96","7x7-p96-seeded-random","seeded-random","21","1","64","3.578125","0.9375","3.578125","0.9375","111","1","0.05405405405405406","3.1809523809523808","0.04970238095238095","0.7572815533980582"
"7x7-p96","7x7-p96-seeded-random","seeded-random","21","3","64","0.78125","0.140625","3.578125","0.9375","50","1","0.06","5.51063829787234","0.08610372340425532","0.4791666666666667"
"7x7-p96","7x7-p96-seeded-random","seeded-random","22","2","64","2","0.734375","3.6875","0.9375","75","1","0.06666666666666667","4.442857142857143","0.06941964285714286","0.5507246376811594"
"7x7-p96","7x7-p96-seeded-random","seeded-random","22","1","64","3.6875","0.9375","3.6875","0.9375","108","1","0.05555555555555555","3.3627450980392157","0.052542892156862746","0.69"
"7x7-p96","7x7-p96-seeded-random","seeded-random","22","3","64","0.828125","0.21875","3.6875","0.9375","53","1","0.05660377358490566","5.42","0.0846875","0.39215686274509803"
"7x7-p96","7x7-p96-seeded-random","seeded-random","23","2","64","1.96875","0.671875","3.625","0.90625","74","1","0.06756756756756757","4.159420289855072","0.0649909420289855","0.676056338028169"
"7x7-p96","7x7-p96-seeded-random","seeded-random","23","1","64","3.625","0.90625","3.625","0.90625","106","1","0.05660377358490566","3.18","0.0496875","0.7722772277227723"
"7x7-p96","7x7-p96-seeded-random","seeded-random","23","3","64","0.8125","0.1875","3.625","0.90625","52","1","0.07692307692307693","5.104166666666667","0.07975260416666667","0.54"
"7x7-p96","7x7-p96-seeded-random","seeded-random","24","2","64","2","0.6875","3.640625","0.921875","74","1","0.08108108108108109","4.279411764705882","0.06686580882352941","0.6376811594202898"
"7x7-p96","7x7-p96-seeded-random","seeded-random","24","1","64","3.640625","0.921875","3.640625","0.921875","105","1","0.05714285714285714","3.2525252525252526","0.05082070707070707","0.7474747474747475"
"7x7-p96","7x7-p96-seeded-random","seeded-random","24","3","64","0.84375","0.203125","3.640625","0.921875","54","1","0.05555555555555555","5.03921568627451","0.07873774509803921","0.5283018867924528"
"7x7-p96","7x7-p96-seeded-random","seeded-random","25","2","64","1.953125","0.671875","3.609375","0.875","75","1","0.06666666666666667","3.914285714285714","0.061160714285714284","0.676056338028169"
"7x7-p96","7x7-p96-seeded-random","seeded-random","25","1","64","3.609375","0.875","3.609375","0.875","106","1","0.05660377358490566","3.04","0.0475","0.77"
"7x7-p96","7x7-p96-seeded-random","seeded-random","25","3","64","0.78125","0.171875","3.609375","0.875","50","1","0.08","4.913043478260869","0.07676630434782608","0.5208333333333334"
"7x7-p96","7x7-p96-seeded-random","seeded-random","26","2","64","1.890625","0.65625","3.46875","0.90625","71","1","0.04225352112676056","4.294117647058823","0.06709558823529412","0.6323529411764706"
"7x7-p96","7x7-p96-seeded-random","seeded-random","26","1","64","3.46875","0.90625","3.46875","0.90625","101","1","0.0594059405940594","3.357894736842105","0.05246710526315789","0.7311827956989247"
"7x7-p96","7x7-p96-seeded-random","seeded-random","26","3","64","0.78125","0.15625","3.46875","0.90625","50","1","0.02","5.183673469387755","0.08099489795918367","0.4897959183673469"
"7x7-p96","7x7-p96-seeded-random","seeded-random","27","2","64","1.96875","0.734375","3.8125","0.90625","74","1","0.05405405405405406","4.1","0.0640625","0.7352941176470589"
"7x7-p96","7x7-p96-seeded-random","seeded-random","27","1","64","3.8125","0.90625","3.8125","0.90625","118","1","0.05084745762711865","2.9375","0.0458984375","0.8363636363636363"
"7x7-p96","7x7-p96-seeded-random","seeded-random","27","3","64","0.8125","0.15625","3.8125","0.90625","52","1","0.038461538461538464","4.94","0.0771875","0.6326530612244898"
"7x7-p96","7x7-p96-seeded-random","seeded-random","28","2","64","1.625","0.53125","3.078125","0.796875","61","1","0.06557377049180328","4.4035087719298245","0.06880482456140351","0.6909090909090909"
"7x7-p96","7x7-p96-seeded-random","seeded-random","28","1","64","3.078125","0.796875","3.078125","0.796875","93","1","0.06451612903225806","3.2298850574712645","0.05046695402298851","0.7976190476190477"
"7x7-p96","7x7-p96-seeded-random","seeded-random","28","3","64","0.671875","0.140625","3.078125","0.796875","43","1","0.06976744186046512","5.425","0.084765625","0.5641025641025641"
"7x7-p96","7x7-p96-seeded-random","seeded-random","29","2","64","1.953125","0.671875","3.46875","0.890625","72","1","0.05555555555555555","4.382352941176471","0.06847426470588236","0.6818181818181818"
"7x7-p96","7x7-p96-seeded-random","seeded-random","29","1","64","3.46875","0.890625","3.46875","0.890625","97","1","0.061855670103092786","3.5274725274725274","0.05511675824175824","0.7586206896551724"
"7x7-p96","7x7-p96-seeded-random","seeded-random","29","3","64","0.828125","0.140625","3.46875","0.890625","53","1","0.03773584905660377","5.176470588235294","0.08088235294117647","0.5882352941176471"
"7x7-p96","7x7-p96-seeded-random","seeded-random","30","2","64","1.71875","0.59375","3.375","0.90625","66","1","0.09090909090909091","4.466666666666667","0.06979166666666667","0.5967741935483871"
"7x7-p96","7x7-p96-seeded-random","seeded-random","30","1","64","3.375","0.90625","3.375","0.90625","106","1","0.05660377358490566","3.08","0.048125","0.75"
"7x7-p96","7x7-p96-seeded-random","seeded-random","30","3","64","0.6875","0.125","3.375","0.90625","44","1","0.09090909090909091","5.7","0.0890625","0.40476190476190477"
"7x7-p96","7x7-p96-seeded-random","seeded-random","31","2","64","1.625","0.609375","3.125","0.859375","63","0.9830508474576272","0.06349206349206349","4.4655172413793105","0.06977370689655173","0.6333333333333333"
"7x7-p96","7x7-p96-seeded-random","seeded-random","31","1","64","3.125","0.859375","3.125","0.859375","96","0.9775280898876404","0.07291666666666667","3.310344827586207","0.05172413793103448","0.7415730337078652"
"7x7-p96","7x7-p96-seeded-random","seeded-random","31","3","64","0.640625","0.125","3.125","0.859375","41","1","0.07317073170731707","5.7631578947368425","0.09004934210526316","0.46153846153846156"
"7x7-p96","7x7-p96-seeded-random","seeded-random","32","2","64","1.9375","0.625","3.703125","0.9375","77","1","0.05194805194805195","3.9863013698630136","0.06228595890410959","0.7083333333333334"
"7x7-p96","7x7-p96-seeded-random","seeded-random","32","1","64","3.703125","0.9375","3.703125","0.9375","113","1","0.05309734513274336","3.0373831775700935","0.04745911214953271","0.8"
"7x7-p96","7x7-p96-seeded-random","seeded-random","32","3","64","0.734375","0.1875","3.703125","0.9375","47","1","0.0425531914893617","5.222222222222222","0.08159722222222222","0.5333333333333333"
"7x7-p96","7x7-p96-seeded-random","seeded-random","33","2","64","2.109375","0.75","3.84375","0.890625","78","1","0.05128205128205128","3.8783783783783785","0.060599662162162164","0.7397260273972602"
"7x7-p96","7x7-p96-seeded-random","seeded-random","33","1","64","3.84375","0.890625","3.84375","0.890625","111","1","0.05405405405405406","3.0285714285714285","0.04732142857142857","0.8173076923076923"
"7x7-p96","7x7-p96-seeded-random","seeded-random","33","3","64","0.890625","0.171875","3.84375","0.890625","57","1","0.05263157894736842","4.574074074074074","0.07146990740740741","0.6607142857142857"
"7x7-p96","7x7-p96-seeded-random","seeded-random","34","2","64","1.734375","0.609375","3.3125","0.953125","64","0.9666666666666667","0.0625","4.379310344827586","0.06842672413793104","0.6229508196721312"
"7x7-p96","7x7-p96-seeded-random","seeded-random","34","1","64","3.3125","0.953125","3.3125","0.953125","101","0.9789473684210527","0.0594059405940594","3.10752688172043","0.04855510752688172","0.7553191489361702"
"7x7-p96","7x7-p96-seeded-random","seeded-random","34","3","64","0.734375","0.109375","3.3125","0.953125","47","0.9545454545454546","0.06382978723404255","5.285714285714286","0.08258928571428571","0.4888888888888889"
"7x7-p96","7x7-p96-seeded-random","seeded-random","35","2","64","2.0625","0.65625","3.875","0.90625","78","1","0.0641025641025641","3.958904109589041","0.061857876712328765","0.7162162162162162"
"7x7-p96","7x7-p96-seeded-random","seeded-random","35","1","64","3.875","0.90625","3.875","0.90625","116","1","0.0603448275862069","2.981651376146789","0.04658830275229358","0.8055555555555556"
"7x7-p96","7x7-p96-seeded-random","seeded-random","35","3","64","0.84375","0.203125","3.875","0.90625","54","1","0.07407407407407407","4.86","0.0759375","0.5882352941176471"
"7x7-p96","7x7-p96-seeded-random","seeded-random","36","2","64","2","0.65625","3.5625","0.953125","76","1","0.05263157894736842","4.041666666666667","0.06315104166666667","0.684931506849315"
"7x7-p96","7x7-p96-seeded-random","seeded-random","36","1","64","3.5625","0.953125","3.5625","0.953125","100","1","0.06","3.3297872340425534","0.0520279255319149","0.75"
"7x7-p96","7x7-p96-seeded-random","seeded-random","36","3","64","0.8125","0.171875","3.5625","0.953125","52","1","0.07692307692307693","5.0625","0.0791015625","0.54"
"7x7-p96","7x7-p96-seeded-random","seeded-random","37","2","64","2","0.671875","3.671875","0.875","73","1","0.0547945205479452","4.043478260869565","0.06317934782608696","0.7"
"7x7-p96","7x7-p96-seeded-random","seeded-random","37","1","64","3.671875","0.875","3.671875","0.875","107","1","0.06542056074766354","3.1","0.0484375","0.79"
"7x7-p96","7x7-p96-seeded-random","seeded-random","37","3","64","0.859375","0.1875","3.671875","0.875","55","1","0.07272727272727272","4.764705882352941","0.0744485294117647","0.6037735849056604"
"7x7-p96","7x7-p96-seeded-random","seeded-random","38","2","64","1.703125","0.53125","3.484375","0.890625","67","1","0.05970149253731343","4.190476190476191","0.06547619047619048","0.7096774193548387"
"7x7-p96","7x7-p96-seeded-random","seeded-random","38","1","64","3.484375","0.890625","3.484375","0.890625","114","1","0.05263157894736842","2.861111111111111","0.04470486111111111","0.8269230769230769"
"7x7-p96","7x7-p96-seeded-random","seeded-random","38","3","64","0.65625","0.140625","3.484375","0.890625","42","1","0.047619047619047616","5.45","0.08515625","0.55"
"7x7-p96","7x7-p96-seeded-random","seeded-random","39","2","64","1.671875","0.53125","3.171875","0.84375","63","1","0.06349206349206349","3.9152542372881354","0.061175847457627115","0.6166666666666667"
"7x7-p96","7x7-p96-seeded-random","seeded-random","39","1","64","3.171875","0.84375","3.171875","0.84375","96","0.9888888888888889","0.0625","2.932584269662921","0.045821629213483143","0.7303370786516854"
"7x7-p96","7x7-p96-seeded-random","seeded-random","39","3","64","0.6875","0.203125","3.171875","0.84375","44","1","0.09090909090909091","4.825","0.075390625","0.43902439024390244"
"7x7-p96","7x7-p96-seeded-random","seeded-random","40","2","64","1.71875","0.546875","3.234375","0.796875","65","1","0.046153846153846156","4.612903225806452","0.07207661290322581","0.6833333333333333"
"7x7-p96","7x7-p96-seeded-random","seeded-random","40","1","64","3.234375","0.796875","3.234375","0.796875","97","1","0.061855670103092786","3.4615384615384617","0.054086538461538464","0.7865168539325843"
"7x7-p96","7x7-p96-seeded-random","seeded-random","40","3","64","0.703125","0.140625","3.234375","0.796875","45","1","0.044444444444444446","5.767441860465116","0.09011627906976744","0.5365853658536586"
"7x7-p96","7x7-p96-seeded-random","seeded-random","41","2","64","1.71875","0.59375","3.15625","0.90625","63","1","0.07936507936507936","4.586206896551724","0.07165948275862069","0.6065573770491803"
"7x7-p96","7x7-p96-seeded-random","seeded-random","41","1","64","3.15625","0.90625","3.15625","0.90625","92","1","0.06521739130434782","3.4186046511627906","0.0534156976744186","0.7209302325581395"
"7x7-p96","7x7-p96-seeded-random","seeded-random","41","3","64","0.734375","0.140625","3.15625","0.90625","47","1","0.06382978723404255","5.409090909090909","0.08451704545454546","0.48936170212765956"
"7x7-p96","7x7-p96-seeded-random","seeded-random","42","2","64","1.875","0.625","3.546875","0.90625","68","1","0.058823529411764705","4.640625","0.072509765625","0.578125"
"7x7-p96","7x7-p96-seeded-random","seeded-random","42","1","64","3.546875","0.90625","3.546875","0.90625","107","1","0.056074766355140186","3.3069306930693068","0.05167079207920792","0.73"
"7x7-p96","7x7-p96-seeded-random","seeded-random","42","3","64","0.8125","0.125","3.546875","0.90625","52","1","0.057692307692307696","5.448979591836735","0.08514030612244898","0.46"
"7x7-p96","7x7-p96-seeded-random","seeded-random","43","2","64","1.84375","0.640625","3.484375","0.90625","67","1","0.07462686567164178","4.354838709677419","0.06804435483870967","0.6935483870967742"
"7x7-p96","7x7-p96-seeded-random","seeded-random","43","1","64","3.484375","0.90625","3.484375","0.90625","105","1","0.06666666666666667","3.122448979591837","0.04878826530612245","0.8041237113402062"
"7x7-p96","7x7-p96-seeded-random","seeded-random","43","3","64","0.796875","0.140625","3.484375","0.90625","51","1","0.058823529411764705","5.041666666666667","0.07877604166666667","0.6122448979591837"
"7x7-p96","7x7-p96-seeded-random","seeded-random","44","2","64","1.84375","0.671875","3.4375","0.90625","67","1","0.05970149253731343","4.619047619047619","0.07217261904761904","0.5483870967741935"
"7x7-p96","7x7-p96-seeded-random","seeded-random","44","1","64","3.4375","0.90625","3.4375","0.90625","102","1","0.058823529411764705","3.375","0.052734375","0.7021276595744681"
"7x7-p96","7x7-p96-seeded-random","seeded-random","44","3","64","0.796875","0.1875","3.4375","0.90625","51","1","0.0392156862745098","5.36734693877551","0.08386479591836735","0.44"
"7x7-p96","7x7-p96-seeded-random","seeded-random","45","2","64","1.796875","0.59375","3.359375","0.921875","65","1","0.07692307692307693","4.866666666666666","0.07604166666666666","0.5166666666666667"
"7x7-p96","7x7-p96-seeded-random","seeded-random","45","1","64","3.359375","0.921875","3.359375","0.921875","100","1","0.06","3.4680851063829787","0.05418882978723404","0.6914893617021277"
"7x7-p96","7x7-p96-seeded-random","seeded-random","45","3","64","0.78125","0.15625","3.359375","0.921875","50","1","0.08","5.739130434782608","0.08967391304347826","0.3829787234042553"
"7x7-p96","7x7-p96-seeded-random","seeded-random","46","2","64","1.859375","0.640625","3.4375","0.890625","68","1","0.04411764705882353","4.4","0.06875","0.578125"
"7x7-p96","7x7-p96-seeded-random","seeded-random","46","1","64","3.4375","0.890625","3.4375","0.890625","101","0.9894736842105263","0.0594059405940594","3.351063829787234","0.05236037234042553","0.6956521739130435"
"7x7-p96","7x7-p96-seeded-random","seeded-random","46","3","64","0.796875","0.1875","3.4375","0.890625","51","1","0.0196078431372549","5.12","0.08","0.46"
"7x7-p96","7x7-p96-seeded-random","seeded-random","47","2","64","1.78125","0.609375","3.390625","0.9375","66","1","0.06060606060606061","4.306451612903226","0.0672883064516129","0.6451612903225806"
"7x7-p96","7x7-p96-seeded-random","seeded-random","47","1","64","3.390625","0.9375","3.390625","0.9375","103","1","0.05825242718446602","3.11340206185567","0.048646907216494846","0.7684210526315789"
"7x7-p96","7x7-p96-seeded-random","seeded-random","47","3","64","0.75","0.125","3.390625","0.9375","48","1","0.08333333333333333","5.25","0.08203125","0.5"
"7x7-p96","7x7-p96-seeded-random","seeded-random","48","2","64","2.015625","0.640625","3.734375","0.90625","74","1","0.05405405405405406","4.1","0.0640625","0.6666666666666666"
"7x7-p96","7x7-p96-seeded-random","seeded-random","48","1","64","3.734375","0.90625","3.734375","0.90625","110","1","0.05454545454545454","3.0865384615384617","0.048227163461538464","0.7722772277227723"
"7x7-p96","7x7-p96-seeded-random","seeded-random","48","3","64","0.859375","0.21875","3.734375","0.90625","55","1","0.07272727272727272","4.882352941176471","0.07628676470588236","0.5490196078431373"
"7x7-p96","7x7-p96-seeded-random","seeded-random","49","2","64","2.09375","0.6875","3.953125","0.90625","81","1","0.04938271604938271","3.7532467532467533","0.05864448051948052","0.7763157894736842"
"7x7-p96","7x7-p96-seeded-random","seeded-random","49","1","64","3.953125","0.90625","3.953125","0.90625","119","1","0.058823529411764705","2.892857142857143","0.045200892857142856","0.8440366972477065"
"7x7-p96","7x7-p96-seeded-random","seeded-random","49","3","64","0.828125","0.1875","3.953125","0.90625","53","1","0.03773584905660377","4.647058823529412","0.07261029411764706","0.66"
"7x7-p96","7x7-p96-seeded-random","seeded-random","50","2","64","2.046875","0.78125","3.8125","0.921875","78","1","0.05128205128205128","3.891891891891892","0.060810810810810814","0.7162162162162162"
"7x7-p96","7x7-p96-seeded-random","seeded-random","50","1","64","3.8125","0.921875","3.8125","0.921875","113","1","0.05309734513274336","3","0.046875","0.8018867924528302"
"7x7-p96","7x7-p96-seeded-random","seeded-random","50","3","64","0.828125","0.140625","3.8125","0.921875","53","1","0.03773584905660377","4.745098039215686","0.0741421568627451","0.5882352941176471"
"7x7-p96","7x7-p96-seeded-random","seeded-random","51","2","64","1.890625","0.625","3.5","0.828125","66","1","0.06060606060606061","4.806451612903226","0.0751008064516129","0.546875"
"7x7-p96","7x7-p96-seeded-random","seeded-random","51","1","64","3.5","0.828125","3.5","0.828125","103","1","0.05825242718446602","3.4329896907216493","0.05364046391752577","0.6979166666666666"
"7x7-p96","7x7-p96-seeded-random","seeded-random","51","3","64","0.859375","0.15625","3.5","0.828125","55","1","0.07272727272727272","5.411764705882353","0.08455882352941177","0.4528301886792453"
"7x7-p96","7x7-p96-seeded-random","seeded-random","52","2","64","1.59375","0.546875","3.125","0.921875","60","1","0.1","4.5","0.0703125","0.625"
"7x7-p96","7x7-p96-seeded-random","seeded-random","52","1","64","3.125","0.921875","3.125","0.921875","98","1","0.07142857142857142","3.076923076923077","0.04807692307692308","0.7717391304347826"
"7x7-p96","7x7-p96-seeded-random","seeded-random","52","3","64","0.65625","0.109375","3.125","0.921875","42","1","0.11904761904761904","5.648648648648648","0.08826013513513513","0.475"
"7x7-p96","7x7-p96-seeded-random","seeded-random","53","2","64","1.8125","0.671875","3.5","0.953125","68","1","0.058823529411764705","4.34375","0.06787109375","0.6461538461538462"
"7x7-p96","7x7-p96-seeded-random","seeded-random","53","1","64","3.5","0.953125","3.5","0.953125","108","1","0.06481481481481481","3.118811881188119","0.04873143564356436","0.7653061224489796"
"7x7-p96","7x7-p96-seeded-random","seeded-random","53","3","64","0.75","0.109375","3.5","0.953125","48","1","0.0625","5.333333333333333","0.08333333333333333","0.5106382978723404"
"7x7-p96","7x7-p96-seeded-random","seeded-random","54","2","64","2.125","0.765625","4","0.953125","80","1","0.0625","3.973333333333333","0.06208333333333333","0.6973684210526315"
"7x7-p96","7x7-p96-seeded-random","seeded-random","54","1","64","4","0.953125","4","0.953125","120","1","0.05","2.956140350877193","0.04618969298245614","0.7964601769911505"
"7x7-p96","7x7-p96-seeded-random","seeded-random","54","3","64","0.875","0.15625","4","0.953125","56","1","0.07142857142857142","4.846153846153846","0.07572115384615384","0.5660377358490566"
"7x7-p96","7x7-p96-seeded-random","seeded-random","55","2","64","2.0625","0.703125","3.6875","0.9375","79","1","0.05063291139240506","3.88","0.060625","0.72"
"7x7-p96","7x7-p96-seeded-random","seeded-random","55","1","64","3.6875","0.9375","3.6875","0.9375","104","1","0.057692307692307696","3.204081632653061","0.05006377551020408","0.7835051546391752"
"7x7-p96","7x7-p96-seeded-random","seeded-random","55","3","64","0.828125","0.265625","3.6875","0.9375","53","1","0.07547169811320754","4.877551020408164","0.07621173469387756","0.58"
"7x7-p96","7x7-p96-seeded-random","seeded-random","56","2","64","1.609375","0.578125","3.265625","0.875","64","1","0.0625","3.9","0.0609375","0.7049180327868853"
"7x7-p96","7x7-p96-seeded-random","seeded-random","56","1","64","3.265625","0.875","3.265625","0.875","106","1","0.05660377358490566","2.74","0.0428125","0.8163265306122449"
"7x7-p96","7x7-p96-seeded-random","seeded-random","56","3","64","0.609375","0.109375","3.265625","0.875","39","1","0.07692307692307693","5.166666666666667","0.08072916666666667","0.5263157894736842"
"7x7-p96","7x7-p96-seeded-random","seeded-random","57","2","64","2.125","0.75","3.765625","0.9375","81","1","0.06172839506172839","3.986842105263158","0.06229440789473684","0.68"
"7x7-p96","7x7-p96-seeded-random","seeded-random","57","1","64","3.765625","0.9375","3.765625","0.9375","105","1","0.05714285714285714","3.292929292929293","0.0514520202020202","0.7551020408163265"
"7x7-p96","7x7-p96-seeded-random","seeded-random","57","3","64","0.859375","0.15625","3.765625","0.9375","55","1","0.05454545454545454","4.903846153846154","0.07662259615384616","0.5555555555555556"
"7x7-p96","7x7-p96-seeded-random","seeded-random","58","2","64","1.984375","0.6875","3.59375","0.859375","75","1","0.05333333333333334","3.9014084507042255","0.06095950704225352","0.7183098591549296"
"7x7-p96","7x7-p96-seeded-random","seeded-random","58","1","64","3.59375","0.859375","3.59375","0.859375","103","1","0.05825242718446602","3.1237113402061856","0.04880798969072165","0.7916666666666666"
"7x7-p96","7x7-p96-seeded-random","seeded-random","58","3","64","0.8125","0.15625","3.59375","0.859375","52","1","0.038461538461538464","4.7","0.0734375","0.6078431372549019"
"7x7-p96","7x7-p96-seeded-random","seeded-random","59","2","64","1.96875","0.6875","3.609375","0.890625","76","1","0.07894736842105263","3.8142857142857145","0.05959821428571429","0.7323943661971831"
"7x7-p96","7x7-p96-seeded-random","seeded-random","59","1","64","3.609375","0.890625","3.609375","0.890625","105","1","0.05714285714285714","2.98989898989899","0.04671717171717172","0.8061224489795918"
"7x7-p96","7x7-p96-seeded-random","seeded-random","59","3","64","0.78125","0.171875","3.609375","0.890625","50","1","0.1","4.822222222222222","0.07534722222222222","0.5957446808510638"
"7x7-p96","7x7-p96-seeded-random","seeded-random","60","2","64","1.859375","0.578125","3.453125","0.859375","70","1","0.05714285714285714","4.166666666666667","0.06510416666666667","0.6567164179104478"
"7x7-p96","7x7-p96-seeded-random","seeded-random","60","1","64","3.453125","0.859375","3.453125","0.859375","102","1","0.058823529411764705","3.1770833333333335","0.049641927083333336","0.7553191489361702"
"7x7-p96","7x7-p96-seeded-random","seeded-random","60","3","64","0.765625","0.203125","3.453125","0.859375","49","1","0.061224489795918366","5.108695652173913","0.07982336956521739","0.5106382978723404"
"7x7-p96","7x7-p96-seeded-random","seeded-random","61","2","64","1.890625","0.703125","3.515625","0.890625","71","1","0.07042253521126761","4.136363636363637","0.06463068181818182","0.6764705882352942"
"7x7-p96","7x7-p96-seeded-random","seeded-random","61","1","64","3.515625","0.890625","3.515625","0.890625","104","1","0.057692307692307696","3.1122448979591835","0.04862882653061224","0.7731958762886598"
"7x7-p96","7x7-p96-seeded-random","seeded-random","61","3","64","0.78125","0.15625","3.515625","0.890625","50","1","0.08","5.065217391304348","0.07914402173913043","0.5416666666666666"
"7x7-p96","7x7-p96-seeded-random","seeded-random","62","2","64","1.859375","0.640625","3.53125","0.921875","69","0.984375","0.07246376811594203","4.396825396825397","0.06870039682539683","0.5538461538461539"
"7x7-p96","7x7-p96-seeded-random","seeded-random","62","1","64","3.53125","0.921875","3.53125","0.921875","107","0.9900990099009901","0.056074766355140186","3.14","0.0490625","0.7070707070707071"
"7x7-p96","7x7-p96-seeded-random","seeded-random","62","3","64","0.78125","0.171875","3.53125","0.921875","50","1","0.06","5.212765957446808","0.08144946808510638","0.4166666666666667"
"7x7-p96","7x7-p96-seeded-random","seeded-random","63","2","64","1.75","0.625","3.46875","0.90625","63","1","0.047619047619047616","4.65","0.07265625","0.6101694915254238"
"7x7-p96","7x7-p96-seeded-random","seeded-random","63","1","64","3.46875","0.90625","3.46875","0.90625","110","1","0.05454545454545454","3.105769230769231","0.04852764423076923","0.7745098039215687"
"7x7-p96","7x7-p96-seeded-random","seeded-random","63","3","64","0.765625","0.234375","3.46875","0.90625","49","1","0.04081632653061224","5.382978723404255","0.08410904255319149","0.5106382978723404"
"7x7-p96","7x7-p96-seeded-random","seeded-random","64","2","64","1.875","0.640625","3.484375","0.84375","70","1","0.07142857142857142","4.2615384615384615","0.06658653846153846","0.6615384615384615"
"7x7-p96","7x7-p96-seeded-random","seeded-random","64","1","64","3.484375","0.84375","3.484375","0.84375","103","1","0.05825242718446602","3.185567010309278","0.04977448453608247","0.7659574468085106"
"7x7-p96","7x7-p96-seeded-random","seeded-random","64","3","64","0.78125","0.1875","3.484375","0.84375","50","1","0.06","5.127659574468085","0.08011968085106383","0.5416666666666666"
"7x7-p96","7x7-p96-seeded-random","seeded-random","65","2","64","1.84375","0.671875","3.484375","0.9375","70","1","0.07142857142857142","4.107692307692307","0.0641826923076923","0.6212121212121212"
"7x7-p96","7x7-p96-seeded-random","seeded-random","65","1","64","3.484375","0.9375","3.484375","0.9375","105","1","0.05714285714285714","3.04040404040404","0.04750631313131313","0.7422680412371134"
"7x7-p96","7x7-p96-seeded-random","seeded-random","65","3","64","0.75","0.15625","3.484375","0.9375","48","1","0.08333333333333333","5.113636363636363","0.07990056818181818","0.46808510638297873"
"7x7-p96","7x7-p96-seeded-random","seeded-random","66","2","64","1.890625","0.59375","3.609375","0.9375","75","1","0.06666666666666667","3.757142857142857","0.05870535714285714","0.6857142857142857"
"7x7-p96","7x7-p96-seeded-random","seeded-random","66","1","64","3.609375","0.9375","3.609375","0.9375","110","1","0.06363636363636363","2.8737864077669903","0.044902912621359224","0.78"
"7x7-p96","7x7-p96-seeded-random","seeded-random","66","3","64","0.71875","0.109375","3.609375","0.9375","46","1","0.06521739130434782","4.8604651162790695","0.07594476744186046","0.5"
"7x7-p96","7x7-p96-seeded-random","seeded-random","67","2","64","1.78125","0.609375","3.375","0.90625","64","1","0.0625","4.75","0.07421875","0.576271186440678"
"7x7-p96","7x7-p96-seeded-random","seeded-random","67","1","64","3.375","0.90625","3.375","0.90625","102","1","0.058823529411764705","3.34375","0.05224609375","0.7340425531914894"
"7x7-p96","7x7-p96-seeded-random","seeded-random","67","3","64","0.78125","0.171875","3.375","0.90625","50","1","0.04","5.4375","0.0849609375","0.4897959183673469"
"7x7-p96","7x7-p96-seeded-random","seeded-random","68","2","64","2","0.625","3.75","0.859375","79","1","0.05063291139240506","3.9466666666666668","0.06166666666666667","0.6891891891891891"
"7x7-p96","7x7-p96-seeded-random","seeded-random","68","1","64","3.75","0.859375","3.75","0.859375","112","1","0.05357142857142857","3.0849056603773586","0.04820165094339623","0.7745098039215687"
"7x7-p96","7x7-p96-seeded-random","seeded-random","68","3","64","0.765625","0.1875","3.75","0.859375","49","1","0.04081632653061224","5.1063829787234045","0.0797872340425532","0.5106382978723404"
"7x7-p96","7x7-p96-seeded-random","seeded-random","69","2","64","1.75","0.609375","3.359375","0.890625","68","1","0.058823529411764705","4.453125","0.069580078125","0.6825396825396826"
"7x7-p96","7x7-p96-seeded-random","seeded-random","69","1","64","3.359375","0.890625","3.359375","0.890625","103","1","0.05825242718446602","3.2783505154639174","0.05122422680412371","0.7916666666666666"
"7x7-p96","7x7-p96-seeded-random","seeded-random","69","3","64","0.6875","0.125","3.359375","0.890625","44","1","0.045454545454545456","5.738095238095238","0.0896577380952381","0.5348837209302325"
"7x7-p96","7x7-p96-seeded-random","seeded-random","70","2","64","1.78125","0.578125","3.375","0.90625","69","0.9848484848484849","0.043478260869565216","4.292307692307692","0.06706730769230769","0.6212121212121212"
"7x7-p96","7x7-p96-seeded-random","seeded-random","70","1","64","3.375","0.90625","3.375","0.90625","102","0.9895833333333334","0.058823529411764705","3.2526315789473683","0.05082236842105263","0.7311827956989247"
"7x7-p96","7x7-p96-seeded-random","seeded-random","70","3","64","0.703125","0.1875","3.375","0.90625","45","0.9772727272727273","0.022222222222222223","5.465116279069767","0.08539244186046512","0.4318181818181818"
"7x7-p96","7x7-p96-seeded-random","seeded-random","71","2","64","1.890625","0.625","3.546875","0.921875","71","0.9848484848484849","0.07042253521126761","3.9384615384615387","0.06153846153846154","0.6363636363636364"
"7x7-p96","7x7-p96-seeded-random","seeded-random","71","1","64","3.546875","0.921875","3.546875","0.921875","106","0.99","0.05660377358490566","2.9292929292929295","0.045770202020202023","0.7575757575757576"
"7x7-p96","7x7-p96-seeded-random","seeded-random","71","3","64","0.78125","0.140625","3.546875","0.921875","50","0.9787234042553191","0.06","4.739130434782608","0.07404891304347826","0.5"
"7x7-p96","7x7-p96-seeded-random","seeded-random","72","2","64","1.796875","0.578125","3.421875","0.875","69","1","0.057971014492753624","4.3538461538461535","0.06802884615384615","0.6153846153846154"
"7x7-p96","7x7-p96-seeded-random","seeded-random","72","1","64","3.421875","0.875","3.421875","0.875","104","1","0.057692307692307696","3.2244897959183674","0.05038265306122449","0.7368421052631579"
"7x7-p96","7x7-p96-seeded-random","seeded-random","72","3","64","0.71875","0.171875","3.421875","0.875","46","1","0.06521739130434782","5.558139534883721","0.08684593023255814","0.4318181818181818"
"7x7-p96","7x7-p96-seeded-random","seeded-random","73","2","64","2.015625","0.6875","3.8125","0.90625","76","1","0.05263157894736842","4.013888888888889","0.0627170138888889","0.6388888888888888"
"7x7-p96","7x7-p96-seeded-random","seeded-random","73","1","64","3.8125","0.90625","3.8125","0.90625","115","1","0.06086956521739131","3.009259259259259","0.04701967592592592","0.7547169811320755"
"7x7-p96","7x7-p96-seeded-random","seeded-random","73","3","64","0.828125","0.21875","3.8125","0.90625","53","1","0.05660377358490566","4.9","0.0765625","0.49019607843137253"
"7x7-p96","7x7-p96-seeded-random","seeded-random","74","2","64","2.015625","0.71875","3.765625","0.90625","79","1","0.0379746835443038","4.078947368421052","0.06373355263157894","0.7162162162162162"
"7x7-p96","7x7-p96-seeded-random","seeded-random","74","1","64","3.765625","0.90625","3.765625","0.90625","112","1","0.05357142857142857","3.207547169811321","0.05011792452830189","0.7941176470588235"
"7x7-p96","7x7-p96-seeded-random","seeded-random","74","3","64","0.78125","0.15625","3.765625","0.90625","50","1","0.02","5.224489795918367","0.08163265306122448","0.5714285714285714"
"7x7-p96","7x7-p96-seeded-random","seeded-random","75","2","64","1.890625","0.609375","3.515625","0.890625","71","1","0.056338028169014086","4.029850746268656","0.06296641791044776","0.6911764705882353"
"7x7-p96","7x7-p96-seeded-random","seeded-random","75","1","64","3.515625","0.890625","3.515625","0.890625","104","1","0.057692307692307696","3.0714285714285716","0.04799107142857143","0.78125"
"7x7-p96","7x7-p96-seeded-random","seeded-random","75","3","64","0.78125","0.15625","3.515625","0.890625","50","1","0.08","4.956521739130435","0.07744565217391304","0.5531914893617021"
"7x7-p96","7x7-p96-seeded-random","seeded-random","76","2","64","1.875","0.640625","3.609375","0.953125","71","1","0.056338028169014086","4.1940298507462686","0.06553171641791045","0.6428571428571429"
"7x7-p96","7x7-p96-seeded-random","seeded-random","76","1","64","3.609375","0.953125","3.609375","0.953125","111","1","0.05405405405405406","3.038095238095238","0.04747023809523809","0.7619047619047619"
"7x7-p96","7x7-p96-seeded-random","seeded-random","76","3","64","0.765625","0.15625","3.609375","0.953125","49","1","0.08163265306122448","5.266666666666667","0.08229166666666667","0.4791666666666667"
"7x7-p96","7x7-p96-seeded-random","seeded-random","77","2","64","1.78125","0.578125","3.375","0.859375","67","1","0.05970149253731343","3.9206349206349205","0.06125992063492063","0.7142857142857143"
"7x7-p96","7x7-p96-seeded-random","seeded-random","77","1","64","3.375","0.859375","3.375","0.859375","102","1","0.058823529411764705","2.9166666666666665","0.045572916666666664","0.8064516129032258"
"7x7-p96","7x7-p96-seeded-random","seeded-random","77","3","64","0.734375","0.171875","3.375","0.859375","47","1","0.06382978723404255","4.75","0.07421875","0.6"
"7x7-p96","7x7-p96-seeded-random","seeded-random","78","2","64","1.875","0.703125","3.703125","0.953125","73","1","0.0547945205479452","4.144927536231884","0.06476449275362318","0.7"
"7x7-p96","7x7-p96-seeded-random","seeded-random","78","1","64","3.703125","0.953125","3.703125","0.953125","117","1","0.05128205128205128","2.954954954954955","0.04617117117117117","0.8073394495412844"
"7x7-p96","7x7-p96-seeded-random","seeded-random","78","3","64","0.734375","0.125","3.703125","0.953125","47","1","0.0425531914893617","5.288888888888889","0.08263888888888889","0.5531914893617021"
"7x7-p96","7x7-p96-seeded-random","seeded-random","79","2","64","1.84375","0.65625","3.40625","0.859375","68","0.9846153846153847","0.04411764705882353","4.03125","0.06298828125","0.696969696969697"
"7x7-p96","7x7-p96-seeded-random","seeded-random","79","1","64","3.40625","0.859375","3.40625","0.859375","100","0.9893617021276596","0.06","3.086021505376344","0.048219086021505375","0.7802197802197802"
"7x7-p96","7x7-p96-seeded-random","seeded-random","79","3","64","0.78125","0.1875","3.40625","0.859375","50","0.9787234042553191","0.06","4.826086956521739","0.07540760869565218","0.5833333333333334"
"7x7-p96","7x7-p96-seeded-random","seeded-random","80","2","64","1.71875","0.59375","3.21875","0.859375","67","1","0.05970149253731343","4.428571428571429","0.06919642857142858","0.640625"
"7x7-p96","7x7-p96-seeded-random","seeded-random","80","1","64","3.21875","0.859375","3.21875","0.859375","96","1","0.0625","3.4","0.053125","0.7415730337078652"
"7x7-p96","7x7-p96-seeded-random","seeded-random","80","3","64","0.671875","0.109375","3.21875","0.859375","43","1","0.09302325581395349","5.923076923076923","0.09254807692307693","0.425"
"7x7-p96","7x7-p96-seeded-random","seeded-random","81","2","64","1.78125","0.640625","3.5","0.875","70","1","0.05714285714285714","3.6666666666666665","0.057291666666666664","0.7575757575757576"
"7x7-p96","7x7-p96-seeded-random","seeded-random","81","1","64","3.5","0.875","3.5","0.875","110","1","0.05454545454545454","2.6923076923076925","0.042067307692307696","0.8431372549019608"
"7x7-p96","7x7-p96-seeded-random","seeded-random","81","3","64","0.6875","0.140625","3.5","0.875","44","1","0.09090909090909091","4.75","0.07421875","0.6190476190476191"
"7x7-p96","7x7-p96-seeded-random","seeded-random","82","2","64","1.875","0.65625","3.40625","0.875","71","1","0.07042253521126761","3.803030303030303","0.05942234848484849","0.6865671641791045"
"7x7-p96","7x7-p96-seeded-random","seeded-random","82","1","64","3.40625","0.875","3.40625","0.875","98","1","0.061224489795918366","3.010869565217391","0.047044836956521736","0.7692307692307693"
"7x7-p96","7x7-p96-seeded-random","seeded-random","82","3","64","0.765625","0.15625","3.40625","0.875","49","1","0.061224489795918366","4.586956521739131","0.07167119565217392","0.5531914893617021"
"7x7-p96","7x7-p96-seeded-random","seeded-random","83","2","64","2.015625","0.6875","3.875","0.90625","77","1","0.06493506493506493","3.75","0.05859375","0.6805555555555556"
"7x7-p96","7x7-p96-seeded-random","seeded-random","83","1","64","3.875","0.90625","3.875","0.90625","119","1","0.05042016806722689","2.752212389380531","0.0430033185840708","0.7946428571428571"
"7x7-p96","7x7-p96-seeded-random","seeded-random","83","3","64","0.8125","0.21875","3.875","0.90625","52","1","0.057692307692307696","4.571428571428571","0.07142857142857142","0.54"
"7x7-p96","7x7-p96-seeded-random","seeded-random","84","2","64","1.78125","0.609375","3.453125","0.875","66","1","0.045454545454545456","4.285714285714286","0.06696428571428571","0.6451612903225806"
"7x7-p96","7x7-p96-seeded-random","seeded-random","84","1","64","3.453125","0.875","3.453125","0.875","107","1","0.056074766355140186","3.0495049504950495","0.04764851485148515","0.78"
"7x7-p96","7x7-p96-seeded-random","seeded-random","84","3","64","0.75","0.171875","3.453125","0.875","48","1","0.0625","5.2","0.08125","0.5"
"7x7-p96","7x7-p96-seeded-random","seeded-random","85","2","64","2.046875","0.6875","3.796875","0.953125","77","1","0.05194805194805195","4.1506849315068495","0.06485445205479452","0.6133333333333333"
"7x7-p96","7x7-p96-seeded-random","seeded-random","85","1","64","3.796875","0.953125","3.796875","0.953125","112","1","0.05357142857142857","3.169811320754717","0.049528301886792456","0.7264150943396226"
"7x7-p96","7x7-p96-seeded-random","seeded-random","85","3","64","0.84375","0.203125","3.796875","0.953125","54","1","0.05555555555555555","5.078431372549019","0.07935049019607843","0.4528301886792453"
"7x7-p96","7x7-p96-seeded-random","seeded-random","86","2","64","1.875","0.640625","3.578125","0.921875","70","1","0.05714285714285714","4.424242424242424","0.06912878787878787","0.5846153846153846"
"7x7-p96","7x7-p96-seeded-random","seeded-random","86","1","64","3.578125","0.921875","3.578125","0.921875","109","1","0.05504587155963303","3.1941747572815533","0.04990898058252427","0.7326732673267327"
"7x7-p96","7x7-p96-seeded-random","seeded-random","86","3","64","0.78125","0.1875","3.578125","0.921875","50","1","0.04","5.333333333333333","0.08333333333333333","0.425531914893617"
"7x7-p96","7x7-p96-seeded-random","seeded-random","87","2","64","1.984375","0.65625","3.671875","0.90625","75","1","0.06666666666666667","3.9571428571428573","0.061830357142857145","0.7246376811594203"
"7x7-p96","7x7-p96-seeded-random","seeded-random","87","1","64","3.671875","0.90625","3.671875","0.90625","108","1","0.05555555555555555","3.0294117647058822","0.04733455882352941","0.8118811881188119"
"7x7-p96","7x7-p96-seeded-random","seeded-random","87","3","64","0.8125","0.15625","3.671875","0.90625","52","1","0.057692307692307696","4.795918367346939","0.07493622448979592","0.6041666666666666"
"7x7-p96","7x7-p96-seeded-random","seeded-random","88","2","64","2.15625","0.796875","4","0.9375","81","1","0.06172839506172839","3.8684210526315788","0.06044407894736842","0.6666666666666666"
"7x7-p96","7x7-p96-seeded-random","seeded-random","88","1","64","4","0.9375","4","0.9375","118","1","0.05084745762711865","2.9464285714285716","0.04603794642857143","0.7678571428571429"
"7x7-p96","7x7-p96-seeded-random","seeded-random","88","3","64","0.890625","0.265625","4","0.9375","57","1","0.08771929824561403","4.730769230769231","0.07391826923076923","0.5185185185185185"
"7x7-p96","7x7-p96-seeded-random","seeded-random","89","2","64","1.890625","0.65625","3.609375","0.890625","72","1","0.05555555555555555","4.073529411764706","0.06364889705882353","0.6764705882352942"
"7x7-p96","7x7-p96-seeded-random","seeded-random","89","1","64","3.609375","0.890625","3.609375","0.890625","110","1","0.05454545454545454","3.0096153846153846","0.047025240384615384","0.7884615384615384"
"7x7-p96","7x7-p96-seeded-random","seeded-random","89","3","64","0.765625","0.15625","3.609375","0.890625","49","1","0.061224489795918366","5.065217391304348","0.07914402173913043","0.5319148936170213"
"7x7-p96","7x7-p96-seeded-random","seeded-random","90","2","64","2.0625","0.703125","3.765625","0.9375","78","1","0.038461538461538464","4.16","0.065","0.7027027027027027"
"7x7-p96","7x7-p96-seeded-random","seeded-random","90","1","64","3.765625","0.9375","3.765625","0.9375","109","1","0.05504587155963303","3.3009708737864076","0.05157766990291262","0.78"
"7x7-p96","7x7-p96-seeded-random","seeded-random","90","3","64","0.84375","0.15625","3.765625","0.9375","54","1","0.018518518518518517","5.056603773584905","0.07900943396226415","0.5769230769230769"
"7x7-p96","7x7-p96-seeded-random","seeded-random","91","2","64","1.828125","0.59375","3.28125","0.828125","66","1","0.07575757575757576","4.491803278688525","0.0701844262295082","0.55"
"7x7-p96","7x7-p96-seeded-random","seeded-random","91","1","64","3.28125","0.828125","3.28125","0.828125","93","1","0.06451612903225806","3.4482758620689653","0.05387931034482758","0.686046511627907"
"7x7-p96","7x7-p96-seeded-random","seeded-random","91","3","64","0.796875","0.203125","3.28125","0.828125","51","1","0.0784313725490196","5.23404255319149","0.08178191489361702","0.4375"
"7x7-p96","7x7-p96-seeded-random","seeded-random","92","2","64","1.734375","0.625","3.421875","0.9375","66","1","0.07575757575757576","4.721311475409836","0.07377049180327869","0.5873015873015873"
"7x7-p96","7x7-p96-seeded-random","seeded-random","92","1","64","3.421875","0.9375","3.421875","0.9375","108","1","0.05555555555555555","3.2254901960784315","0.05039828431372549","0.7450980392156863"
"7x7-p96","7x7-p96-seeded-random","seeded-random","92","3","64","0.703125","0.140625","3.421875","0.9375","45","1","0.1111111111111111","6.15","0.09609375","0.3953488372093023"
"7x7-p96","7x7-p96-seeded-random","seeded-random","93","2","64","2.0625","0.703125","3.9375","0.921875","77","1","0.06493506493506493","3.986111111111111","0.06228298611111111","0.6901408450704225"
"7x7-p96","7x7-p96-seeded-random","seeded-random","93","1","64","3.9375","0.921875","3.9375","0.921875","120","1","0.05","2.8859649122807016","0.04509320175438596","0.8018018018018018"
"7x7-p96","7x7-p96-seeded-random","seeded-random","93","3","64","0.859375","0.203125","3.9375","0.921875","55","1","0.03636363636363636","4.69811320754717","0.07340801886792453","0.5925925925925926"
"7x7-p96","7x7-p96-seeded-random","seeded-random","94","2","64","1.90625","0.703125","3.5625","0.9375","72","1","0.05555555555555555","3.9558823529411766","0.061810661764705885","0.6865671641791045"
"7x7-p96","7x7-p96-seeded-random","seeded-random","94","1","64","3.5625","0.9375","3.5625","0.9375","106","1","0.05660377358490566","3.01","0.04703125","0.7857142857142857"
"7x7-p96","7x7-p96-seeded-random","seeded-random","94","3","64","0.78125","0.15625","3.5625","0.9375","50","1","0.06","4.829787234042553","0.07546542553191489","0.5625"
"7x7-p96","7x7-p96-seeded-random","seeded-random","95","2","64","2","0.75","3.734375","0.9375","75","1","0.05333333333333334","4.126760563380282","0.0644806338028169","0.7142857142857143"
"7x7-p96","7x7-p96-seeded-random","seeded-random","95","1","64","3.734375","0.9375","3.734375","0.9375","111","1","0.05405405405405406","3.1142857142857143","0.048660714285714286","0.803921568627451"
"7x7-p96","7x7-p96-seeded-random","seeded-random","95","3","64","0.828125","0.15625","3.734375","0.9375","53","1","0.05660377358490566","5.02","0.0784375","0.6"
"7x7-p96","7x7-p96-seeded-random","seeded-random","96","2","64","1.75","0.5625","3.359375","0.890625","66","1","0.06060606060606061","3.9193548387096775","0.06123991935483871","0.65625"
"7x7-p96","7x7-p96-seeded-random","seeded-random","96","1","64","3.359375","0.890625","3.359375","0.890625","103","1","0.06796116504854369","2.8854166666666665","0.045084635416666664","0.7708333333333334"
"7x7-p96","7x7-p96-seeded-random","seeded-random","96","3","64","0.71875","0.171875","3.359375","0.890625","46","1","0.06521739130434782","4.767441860465116","0.07449127906976744","0.5111111111111111"
"7x7-p96","7x7-p96-seeded-random","seeded-random","97","2","64","2.15625","0.734375","3.953125","0.90625","81","1","0.04938271604938271","3.831168831168831","0.059862012987012984","0.7215189873417721"
"7x7-p96","7x7-p96-seeded-random","seeded-random","97","1","64","3.953125","0.90625","3.953125","0.90625","115","1","0.05217391304347826","3","0.046875","0.7981651376146789"
"7x7-p96","7x7-p96-seeded-random","seeded-random","97","3","64","0.890625","0.21875","3.953125","0.90625","57","1","0.07017543859649122","4.660377358490566","0.07281839622641509","0.6"
"7x7-p96","7x7-p96-seeded-random","seeded-random","98","2","64","1.78125","0.625","3.46875","0.921875","72","1","0.06944444444444445","4.268656716417911","0.06669776119402986","0.6666666666666666"
"7x7-p96","7x7-p96-seeded-random","seeded-random","98","1","64","3.46875","0.921875","3.46875","0.921875","108","1","0.05555555555555555","3.1470588235294117","0.04917279411764706","0.78"
"7x7-p96","7x7-p96-seeded-random","seeded-random","98","3","64","0.65625","0.140625","3.46875","0.921875","42","1","0.047619047619047616","5.8","0.090625","0.45"
"7x7-p96","7x7-p96-seeded-random","seeded-random","99","2","64","1.75","0.609375","3.421875","0.890625","69","1","0.057971014492753624","4.2","0.065625","0.676923076923077"
"7x7-p96","7x7-p96-seeded-random","seeded-random","99","1","64","3.421875","0.890625","3.421875","0.890625","107","1","0.06542056074766354","3.08","0.048125","0.7857142857142857"
"7x7-p96","7x7-p96-seeded-random","seeded-random","99","3","64","0.671875","0.109375","3.421875","0.890625","43","1","0.046511627906976744","5.487804878048781","0.0857469512195122","0.5"
"7x7-p96","7x7-p96-seeded-random","seeded-random","100","2","64","1.765625","0.609375","3.484375","0.875","67","1","0.07462686567164178","4.306451612903226","0.0672883064516129","0.609375"
"7x7-p96","7x7-p96-seeded-random","seeded-random","100","1","64","3.484375","0.875","3.484375","0.875","110","1","0.05454545454545454","2.9711538461538463","0.04642427884615385","0.7549019607843137"
"7x7-p96","7x7-p96-seeded-random","seeded-random","100","3","64","0.71875","0.1875","3.484375","0.875","46","1","0.06521739130434782","5.325581395348837","0.08321220930232558","0.4444444444444444"
"7x7-p96","7x7-p96-uct-0100","uct-0100","1","2","64","1.859375","0.65625","3.59375","0.90625","69","1","0.07246376811594203","3.96875","0.06201171875","0.6307692307692307"
"7x7-p96","7x7-p96-uct-0100","uct-0100","1","1","64","3.59375","0.90625","3.59375","0.90625","111","1","0.06306306306306306","2.826923076923077","0.04417067307692308","0.7669902912621359"
"7x7-p96","7x7-p96-uct-0100","uct-0100","1","3","64","0.78125","0.1875","3.59375","0.90625","50","1","0.06","4.680851063829787","0.07313829787234043","0.52"
"7x7-p96","7x7-p96-uct-0100","uct-0100","2","2","64","2.109375","0.765625","3.875","0.921875","79","1","0.06329113924050633","3.9864864864864864","0.06228885135135135","0.6578947368421053"
"7x7-p96","7x7-p96-uct-0100","uct-0100","2","1","64","3.875","0.921875","3.875","0.921875","113","1","0.05309734513274336","3.0654205607476634","0.04789719626168224","0.7547169811320755"
"7x7-p96","7x7-p96-uct-0100","uct-0100","2","3","64","0.875","0.1875","3.875","0.921875","56","1","0.07142857142857142","4.826923076923077","0.07542067307692307","0.5185185185185185"
"7x7-p96","7x7-p96-uct-0100","uct-0100","3","2","64","1.796875","0.640625","3.53125","0.921875","73","1","0.0684931506849315","4.044117647058823","0.06318933823529412","0.7647058823529411"
"7x7-p96","7x7-p96-uct-0100","uct-0100","3","1","64","3.53125","0.921875","3.53125","0.921875","111","1","0.06306306306306306","2.9903846153846154","0.046724759615384616","0.8446601941747572"
"7x7-p96","7x7-p96-uct-0100","uct-0100","3","3","64","0.65625","0.125","3.53125","0.921875","42","1","0.09523809523809523","5.657894736842105","0.0884046052631579","0.5897435897435898"
"7x7-p96","7x7-p96-uct-0100","uct-0100","4","2","64","1.765625","0.578125","3.515625","0.921875","65","1","0.06153846153846154","4.245901639344262","0.06634221311475409","0.6935483870967742"
"7x7-p96","7x7-p96-uct-0100","uct-0100","4","1","64","3.515625","0.921875","3.515625","0.921875","112","1","0.0625","2.8857142857142857","0.045089285714285714","0.8155339805825242"
"7x7-p96","7x7-p96-uct-0100","uct-0100","4","3","64","0.75","0.203125","3.515625","0.921875","48","1","0.0625","5.044444444444444","0.07881944444444444","0.5869565217391305"
"7x7-p96","7x7-p96-uct-0100","uct-0100","5","2","64","1.609375","0.578125","3.359375","0.9375","60","1","0.08333333333333333","4.527272727272727","0.07073863636363636","0.6428571428571429"
"7x7-p96","7x7-p96-uct-0100","uct-0100","5","1","64","3.359375","0.9375","3.359375","0.9375","112","1","0.0625","2.8476190476190477","0.04449404761904762","0.8076923076923077"
"7x7-p96","7x7-p96-uct-0100","uct-0100","5","3","64","0.671875","0.09375","3.359375","0.9375","43","1","0.09302325581395349","5.564102564102564","0.08693910256410256","0.5"
"7x7-p96","7x7-p96-uct-0100","uct-0100","6","2","64","1.78125","0.59375","3.390625","0.828125","66","1","0.07575757575757576","4.147540983606557","0.06480532786885246","0.59375"
"7x7-p96","7x7-p96-uct-0100","uct-0100","6","1","64","3.390625","0.828125","3.390625","0.828125","103","1","0.05825242718446602","2.979381443298969","0.04655283505154639","0.7373737373737373"
"7x7-p96","7x7-p96-uct-0100","uct-0100","6","3","64","0.75","0.15625","3.390625","0.828125","48","1","0.08333333333333333","4.9772727272727275","0.07776988636363637","0.44680851063829785"
"7x7-p96","7x7-p96-uct-0100","uct-0100","7","2","64","1.75","0.578125","3.28125","0.875","70","1","0.08571428571428572","3.859375","0.060302734375","0.6865671641791045"
"7x7-p96","7x7-p96-uct-0100","uct-0100","7","1","64","3.28125","0.875","3.28125","0.875","98","1","0.061224489795918366","2.989130434782609","0.046705163043478264","0.7741935483870968"
"7x7-p96","7x7-p96-uct-0100","uct-0100","7","3","64","0.65625","0.09375","3.28125","0.875","42","1","0.14285714285714285","5.305555555555555","0.08289930555555555","0.46153846153846156"
"7x7-p96","7x7-p96-uct-0100","uct-0100","8","2","64","1.78125","0.578125","3.421875","0.828125","64","1","0.078125","4.47457627118644","0.06991525423728813","0.5423728813559322"
"7x7-p96","7x7-p96-uct-0100","uct-0100","8","1","64","3.421875","0.828125","3.421875","0.828125","105","1","0.05714285714285714","3.0707070707070705","0.047979797979797977","0.7244897959183674"
"7x7-p96","7x7-p96-uct-0100","uct-0100","8","3","64","0.78125","0.203125","3.421875","0.828125","50","1","0.08","5.173913043478261","0.08084239130434782","0.4375"
"7x7-p96","7x7-p96-uct-0100","uct-0100","9","2","64","1.96875","0.703125","3.609375","0.921875","69","1","0.07246376811594203","4.59375","0.07177734375","0.6153846153846154"
"7x7-p96","7x7-p96-uct-0100","uct-0100","9","1","64","3.609375","0.921875","3.609375","0.921875","105","1","0.05714285714285714","3.323232323232323","0.05192550505050505","0.7448979591836735"
"7x7-p96","7x7-p96-uct-0100","uct-0100","9","3","64","0.890625","0.21875","3.609375","0.921875","57","1","0.07017543859649122","5.132075471698113","0.08018867924528301","0.5370370370370371"
"7x7-p96","7x7-p96-uct-0100","uct-0100","10","2","64","1.953125","0.71875","3.65625","0.921875","72","1","0.06944444444444445","4.402985074626866","0.06879664179104478","0.6176470588235294"
"7x7-p96","7x7-p96-uct-0100","uct-0100","10","1","64","3.65625","0.921875","3.65625","0.921875","109","1","0.05504587155963303","3.2135922330097086","0.0502123786407767","0.7475728155339806"
"7x7-p96","7x7-p96-uct-0100","uct-0100","10","3","64","0.828125","0.171875","3.65625","0.921875","53","1","0.07547169811320754","5.285714285714286","0.08258928571428571","0.49019607843137253"
"7x7-p96","7x7-p96-uct-0100","uct-0100","11","2","64","1.859375","0.65625","3.578125","0.921875","75","1","0.06666666666666667","4.071428571428571","0.06361607142857142","0.7"
"7x7-p96","7x7-p96-uct-0100","uct-0100","11","1","64","3.578125","0.921875","3.578125","0.921875","110","1","0.05454545454545454","3.0673076923076925","0.047926682692307696","0.7961165048543689"
"7x7-p96","7x7-p96-uct-0100","uct-0100","11","3","64","0.6875","0.15625","3.578125","0.921875","44","1","0.06818181818181818","5.536585365853658","0.08650914634146341","0.5"
"7x7-p96","7x7-p96-uct-0100","uct-0100","12","2","64","1.9375","0.6875","3.515625","0.859375","71","1","0.056338028169014086","4.164179104477612","0.06506529850746269","0.6119402985074627"
"7x7-p96","7x7-p96-uct-0100","uct-0100","12","1","64","3.515625","0.859375","3.515625","0.859375","101","1","0.0594059405940594","3.231578947368421","0.050493421052631576","0.7204301075268817"
"7x7-p96","7x7-p96-uct-0100","uct-0100","12","3","64","0.828125","0.21875","3.515625","0.859375","53","1","0.03773584905660377","4.8431372549019605","0.07567401960784313","0.5094339622641509"
"7x7-p96","7x7-p96-uct-0100","uct-0100","13","2","64","1.890625","0.671875","3.515625","0.90625","73","1","0.0821917808219178","4.059701492537314","0.06343283582089553","0.6811594202898551"
"7x7-p96","7x7-p96-uct-0100","uct-0100","13","1","64","3.515625","0.90625","3.515625","0.90625","104","1","0.07692307692307693","3.1354166666666665","0.048990885416666664","0.7731958762886598"
"7x7-p96","7x7-p96-uct-0100","uct-0100","13","3","64","0.75","0.171875","3.515625","0.90625","48","1","0.10416666666666667","5.209302325581396","0.08139534883720931","0.5217391304347826"
"7x7-p96","7x7-p96-uct-0100","uct-0100","14","2","64","1.796875","0.5625","3.421875","0.875","67","1","0.07462686567164178","3.8870967741935485","0.060735887096774195","0.71875"
"7x7-p96","7x7-p96-uct-0100","uct-0100","14","1","64","3.421875","0.875","3.421875","0.875","104","1","0.0673076923076923","2.845360824742268","0.04445876288659794","0.8163265306122449"
"7x7-p96","7x7-p96-uct-0100","uct-0100","14","3","64","0.75","0.171875","3.421875","0.875","48","1","0.08333333333333333","4.659090909090909","0.07279829545454546","0.6170212765957447"
"7x7-p96","7x7-p96-uct-0100","uct-0100","15","2","64","1.90625","0.625","3.578125","0.921875","73","1","0.0684931506849315","4.117647058823529","0.06433823529411764","0.6617647058823529"
"7x7-p96","7x7-p96-uct-0100","uct-0100","15","1","64","3.578125","0.921875","3.578125","0.921875","107","1","0.056074766355140186","3.099009900990099","0.0484220297029703","0.7676767676767676"
"7x7-p96","7x7-p96-uct-0100","uct-0100","15","3","64","0.765625","0.15625","3.578125","0.921875","49","1","0.08163265306122448","5.2","0.08125","0.4888888888888889"
"7x7-p96","7x7-p96-uct-0100","uct-0100","16","2","64","1.75","0.625","3.34375","0.90625","66","1","0.06060606060606061","4.387096774193548","0.06854838709677419","0.609375"
"7x7-p96","7x7-p96-uct-0100","uct-0100","16","1","64","3.34375","0.90625","3.34375","0.90625","102","1","0.058823529411764705","3.1875","0.0498046875","0.7368421052631579"
"7x7-p96","7x7-p96-uct-0100","uct-0100","16","3","64","0.71875","0.109375","3.34375","0.90625","46","1","0.06521739130434782","5.441860465116279","0.08502906976744186","0.4444444444444444"
"7x7-p96","7x7-p96-uct-0100","uct-0100","17","2","64","1.90625","0.65625","3.59375","0.921875","74","1","0.06756756756756757","4.0144927536231885","0.06272644927536232","0.6857142857142857"
"7x7-p96","7x7-p96-uct-0100","uct-0100","17","1","64","3.59375","0.921875","3.59375","0.921875","108","1","0.05555555555555555","3.0392156862745097","0.047487745098039214","0.7821782178217822"
"7x7-p96","7x7-p96-uct-0100","uct-0100","17","3","64","0.75","0.1875","3.59375","0.921875","48","1","0.08333333333333333","5.159090909090909","0.08061079545454546","0.5111111111111111"
"7x7-p96","7x7-p96-uct-0100","uct-0100","18","2","64","1.9375","0.625","3.578125","0.90625","68","1","0.058823529411764705","4.5625","0.0712890625","0.5538461538461539"
"7x7-p96","7x7-p96-uct-0100","uct-0100","18","1","64","3.578125","0.90625","3.578125","0.90625","105","1","0.05714285714285714","3.303030303030303","0.05160984848484849","0.7010309278350515"
"7x7-p96","7x7-p96-uct-0100","uct-0100","18","3","64","0.875","0.1875","3.578125","0.90625","56","1","0.07142857142857142","5.153846153846154","0.08052884615384616","0.46296296296296297"
"7x7-p96","7x7-p96-uct-0100","uct-0100","19","2","64","2.125","0.6875","3.90625","0.953125","80","1","0.0375","3.961038961038961","0.06189123376623377","0.7142857142857143"
"7x7-p96","7x7-p96-uct-0100","uct-0100","19","1","64","3.90625","0.953125","3.90625","0.953125","114","1","0.05263157894736842","3.111111111111111","0.04861111111111111","0.7904761904761904"
"7x7-p96","7x7-p96-uct-0100","uct-0100","19","3","64","0.875","0.1875","3.90625","0.953125","56","1","0.05357142857142857","4.849056603773585","0.07576650943396226","0.5925925925925926"
"7x7-p96","7x7-p96-uct-0100","uct-0100","20","2","64","1.984375","0.6875","3.8125","0.953125","71","1","0.04225352112676056","4.1911764705882355","0.06548713235294118","0.676923076923077"
"7x7-p96","7x7-p96-uct-0100","uct-0100","20","1","64","3.8125","0.953125","3.8125","0.953125","117","1","0.05128205128205128","2.954954954954955","0.04617117117117117","0.8"
"7x7-p96","7x7-p96-uct-0100","uct-0100","20","3","64","0.875","0.171875","3.8125","0.953125","56","1","0.017857142857142856","4.709090909090909","0.07357954545454545","0.6181818181818182"
"7x7-p96","7x7-p96-uct-0100","uct-0100","21","2","64","1.859375","0.59375","3.546875","0.90625","70","1","0.04285714285714286","4.313432835820896","0.0673973880597015","0.6176470588235294"
"7x7-p96","7x7-p96-uct-0100","uct-0100","21","1","64","3.546875","0.90625","3.546875","0.90625","108","1","0.05555555555555555","3.176470588235294","0.04963235294117647","0.7346938775510204"
"7x7-p96","7x7-p96-uct-0100","uct-0100","21","3","64","0.765625","0.171875","3.546875","0.90625","49","1","0.061224489795918366","5.369565217391305","0.08389945652173914","0.44680851063829785"
"7x7-p96","7x7-p96-uct-0100","uct-0100","22","2","64","1.6875","0.515625","3.28125","0.84375","66","1","0.07575757575757576","3.737704918032787","0.0584016393442623","0.676923076923077"
"7x7-p96","7x7-p96-uct-0100","uct-0100","22","1","64","3.28125","0.84375","3.28125","0.84375","102","1","0.06862745098039216","2.7578947368421054","0.0430921052631579","0.78125"
"7x7-p96","7x7-p96-uct-0100","uct-0100","22","3","64","0.65625","0.140625","3.28125","0.84375","42","1","0.11904761904761904","4.864864864864865","0.07601351351351351","0.4878048780487805"
"7x7-p96","7x7-p96-uct-0100","uct-0100","23","2","64","1.875","0.671875","3.515625","0.890625","73","1","0.0547945205479452","4.3478260869565215","0.06793478260869565","0.6521739130434783"
"7x7-p96","7x7-p96-uct-0100","uct-0100","23","1","64","3.515625","0.890625","3.515625","0.890625","105","1","0.05714285714285714","3.3333333333333335","0.052083333333333336","0.75"
"7x7-p96","7x7-p96-uct-0100","uct-0100","23","3","64","0.734375","0.140625","3.515625","0.890625","47","1","0.0425531914893617","5.6","0.0875","0.4666666666666667"
"7x7-p96","7x7-p96-uct-0100","uct-0100","24","2","64","1.703125","0.5625","3.375","0.875","62","1","0.06451612903225806","4.224137931034483","0.0660021551724138","0.6551724137931034"
"7x7-p96","7x7-p96-uct-0100","uct-0100","24","1","64","3.375","0.875","3.375","0.875","107","1","0.056074766355140186","2.8514851485148514","0.04455445544554455","0.797979797979798"
"7x7-p96","7x7-p96-uct-0100","uct-0100","24","3","64","0.734375","0.140625","3.375","0.875","47","1","0.0425531914893617","4.866666666666666","0.07604166666666666","0.5555555555555556"
"7x7-p96","7x7-p96-uct-0100","uct-0100","25","2","64","1.828125","0.625","3.484375","0.9375","67","1","0.07462686567164178","4.564516129032258","0.07132056451612903","0.6031746031746031"
"7x7-p96","7x7-p96-uct-0100","uct-0100","25","1","64","3.484375","0.9375","3.484375","0.9375","106","1","0.05660377358490566","3.21","0.05015625","0.7448979591836735"
"7x7-p96","7x7-p96-uct-0100","uct-0100","25","3","64","0.78125","0.125","3.484375","0.9375","50","1","0.06","5.382978723404255","0.08410904255319149","0.4791666666666667"
"7x7-p96","7x7-p96-uct-0100","uct-0100","26","2","64","1.890625","0.65625","3.453125","0.890625","73","1","0.0547945205479452","4.304347826086956","0.06725543478260869","0.6376811594202898"
"7x7-p96","7x7-p96-uct-0100","uct-0100","26","1","64","3.453125","0.890625","3.453125","0.890625","100","1","0.06","3.425531914893617","0.05352393617021277","0.7282608695652174"
"7x7-p96","7x7-p96-uct-0100","uct-0100","26","3","64","0.75","0.171875","3.453125","0.890625","48","1","0.0625","5.533333333333333","0.08645833333333333","0.45652173913043476"
"7x7-p96","7x7-p96-uct-0100","uct-0100","27","2","64","1.96875","0.671875","3.65625","0.921875","73","1","0.0821917808219178","4.044776119402985","0.06319962686567164","0.6911764705882353"
"7x7-p96","7x7-p96-uct-0100","uct-0100","27","1","64","3.65625","0.921875","3.65625","0.921875","108","1","0.06481481481481481","3.01980198019802","0.04718440594059406","0.7941176470588235"
"7x7-p96","7x7-p96-uct-0100","uct-0100","27","3","64","0.828125","0.21875","3.65625","0.921875","53","1","0.05660377358490566","4.74","0.0740625","0.5882352941176471"
"7x7-p96","7x7-p96-uct-0100","uct-0100","28","2","64","1.609375","0.5625","3.109375","0.890625","61","0.9482758620689655","0.04918032786885246","4.654545454545454","0.07272727272727272","0.603448275862069"
"7x7-p96","7x7-p96-uct-0100","uct-0100","28","1","64","3.109375","0.890625","3.109375","0.890625","96","0.967032967032967","0.052083333333333336","3.284090909090909","0.051313920454545456","0.7415730337078652"
"7x7-p96","7x7-p96-uct-0100","uct-0100","28","3","64","0.65625","0.140625","3.109375","0.890625","42","0.95","0.047619047619047616","5.842105263157895","0.0912828947368421","0.43902439024390244"
"7x7-p96","7x7-p96-uct-0100","uct-0100","29","2","64","1.9375","0.65625","3.625","0.890625","76","1","0.05263157894736842","3.75","0.05859375","0.704225352112676"
"7x7-p96","7x7-p96-uct-0100","uct-0100","29","1","64","3.625","0.890625","3.625","0.890625","108","1","0.05555555555555555","2.9411764705882355","0.04595588235294118","0.7920792079207921"
"7x7-p96","7x7-p96-uct-0100","uct-0100","29","3","64","0.75","0.21875","3.625","0.890625","48","1","0.041666666666666664","4.739130434782608","0.07404891304347826","0.5531914893617021"
"7x7-p96","7x7-p96-uct-0100","uct-0100","30","2","64","1.71875","0.65625","3.390625","0.890625","68","1","0.07352941176470588","3.9365079365079363","0.061507936507936505","0.676923076923077"
"7x7-p96","7x7-p96-uct-0100","uct-0100","30","1","64","3.390625","0.890625","3.390625","0.890625","107","1","0.056074766355140186","2.8316831683168315","0.04424504950495049","0.79"
"7x7-p96","7x7-p96-uct-0100","uct-0100","30","3","64","0.65625","0.109375","3.390625","0.890625","42","1","0.09523809523809523","5.2105263157894735","0.08141447368421052","0.475"
"7x7-p96","7x7-p96-uct-0100","uct-0100","31","2","64","1.71875","0.53125","3.265625","0.859375","65","1","0.06153846153846154","4.262295081967213","0.06659836065573771","0.6065573770491803"
"7x7-p96","7x7-p96-uct-0100","uct-0100","31","1","64","3.265625","0.859375","3.265625","0.859375","99","1","0.06060606060606061","3.139784946236559","0.049059139784946235","0.7419354838709677"
"7x7-p96","7x7-p96-uct-0100","uct-0100","31","3","64","0.703125","0.109375","3.265625","0.859375","45","1","0.06666666666666667","5.285714285714286","0.08258928571428571","0.4418604651162791"
"7x7-p96","7x7-p96-uct-0100","uct-0100","32","2","64","1.609375","0.578125","3.171875","0.859375","64","1","0.078125","4.423728813559322","0.0691207627118644","0.6440677966101694"
"7x7-p96","7x7-p96-uct-0100","uct-0100","32","1","64","3.171875","0.859375","3.171875","0.859375","100","1","0.06","3.148936170212766","0.04920212765957447","0.7717391304347826"
"7x7-p96","7x7-p96-uct-0100","uct-0100","32","3","64","0.609375","0.078125","3.171875","0.859375","39","1","0.07692307692307693","5.972222222222222","0.09331597222222222","0.4473684210526316"
"7x7-p96","7x7-p96-uct-0100","uct-0100","33","2","64","1.765625","0.609375","3.375","0.875","62","1","0.06451612903225806","4.637931034482759","0.07246767241379311","0.603448275862069"
"7x7-p96","7x7-p96-uct-0100","uct-0100","33","1","64","3.375","0.875","3.375","0.875","103","1","0.05825242718446602","3.1752577319587627","0.04961340206185567","0.7578947368421053"
"7x7-p96","7x7-p96-uct-0100","uct-0100","33","3","64","0.796875","0.171875","3.375","0.875","51","1","0.0392156862745098","5.122448979591836","0.08003826530612244","0.5306122448979592"
"7x7-p96","7x7-p96-uct-0100","uct-0100","34","2","64","1.796875","0.578125","3.328125","0.90625","69","1","0.07246376811594203","4.078125","0.063720703125","0.671875"
"7x7-p96","7x7-p96-uct-0100","uct-0100","34","1","64","3.328125","0.90625","3.328125","0.90625","98","1","0.07142857142857142","3.1648351648351647","0.04945054945054945","0.7666666666666667"
"7x7-p96","7x7-p96-uct-0100","uct-0100","34","3","64","0.71875","0.125","3.328125","0.90625","46","1","0.06521739130434782","5.093023255813954","0.07957848837209303","0.5116279069767442"
"7x7-p96","7x7-p96-uct-0100","uct-0100","35","2","64","1.5625","0.515625","3.109375","0.875","62","1","0.08064516129032258","4.245614035087719","0.06633771929824561","0.6610169491525424"
"7x7-p96","7x7-p96-uct-0100","uct-0100","35","1","64","3.109375","0.875","3.109375","0.875","99","0.978494623655914","0.06060606060606061","3.032967032967033","0.04739010989010989","0.7634408602150538"
"7x7-p96","7x7-p96-uct-0100","uct-0100","35","3","64","0.59375","0.078125","3.109375","0.875","38","1","0.10526315789473684","5.764705882352941","0.0900735294117647","0.4594594594594595"
"7x7-p96","7x7-p96-uct-0100","uct-0100","36","2","64","2.046875","0.75","3.796875","0.921875","76","1","0.05263157894736842","4.263888888888889","0.0666232638888889","0.625"
"7x7-p96","7x7-p96-uct-0100","uct-0100","36","1","64","3.796875","0.921875","3.796875","0.921875","112","1","0.05357142857142857","3.2169811320754715","0.05026533018867924","0.7378640776699029"
"7x7-p96","7x7-p96-uct-0100","uct-0100","36","3","64","0.859375","0.203125","3.796875","0.921875","55","1","0.05454545454545454","5.134615384615385","0.08022836538461539","0.4807692307692308"
"7x7-p96","7x7-p96-uct-0100","uct-0100","37","2","64","1.96875","0.71875","3.6875","0.96875","72","1","0.05555555555555555","4.573529411764706","0.07146139705882353","0.7611940298507462"
"7x7-p96","7x7-p96-uct-0100","uct-0100","37","1","64","3.6875","0.96875","3.6875","0.96875","110","1","0.06363636363636363","3.3592233009708736","0.0524878640776699","0.8415841584158416"
"7x7-p96","7x7-p96-uct-0100","uct-0100","37","3","64","0.84375","0.234375","3.6875","0.96875","54","1","0.037037037037037035","5.365384615384615","0.08383413461538461","0.6923076923076923"
"7x7-p96","7x7-p96-uct-0100","uct-0100","38","2","64","1.921875","0.703125","3.640625","0.9375","74","1","0.04054054054054054","4.23943661971831","0.0662411971830986","0.6956521739130435"
"7x7-p96","7x7-p96-uct-0100","uct-0100","38","1","64","3.640625","0.9375","3.640625","0.9375","110","1","0.05454545454545454","3.2115384615384617","0.050180288461538464","0.79"
"7x7-p96","7x7-p96-uct-0100","uct-0100","38","3","64","0.765625","0.140625","3.640625","0.9375","49","1","0.04081632653061224","5.382978723404255","0.08410904255319149","0.5531914893617021"
"7x7-p96","7x7-p96-uct-0100","uct-0100","39","2","64","1.734375","0.5625","3.34375","0.890625","64","1","0.0625","4.55","0.07109375","0.6440677966101694"
"7x7-p96","7x7-p96-uct-0100","uct-0100","39","1","64","3.34375","0.890625","3.34375","0.890625","103","1","0.05825242718446602","3.195876288659794","0.04993556701030928","0.7789473684210526"
"7x7-p96","7x7-p96-uct-0100","uct-0100","39","3","64","0.734375","0.125","3.34375","0.890625","47","1","0.0425531914893617","5.4","0.084375","0.5333333333333333"
"7x7-p96","7x7-p96-uct-0100","uct-0100","40","2","64","1.953125","0.703125","3.5625","0.890625","77","1","0.06493506493506493","4.083333333333333","0.06380208333333333","0.6575342465753424"
"7x7-p96","7x7-p96-uct-0100","uct-0100","40","1","64","3.5625","0.890625","3.5625","0.890625","103","1","0.05825242718446602","3.288659793814433","0.05138530927835051","0.7448979591836735"
"7x7-p96","7x7-p96-uct-0100","uct-0100","40","3","64","0.75","0.109375","3.5625","0.890625","48","1","0.0625","5.333333333333333","0.08333333333333333","0.45652173913043476"
"7x7-p96","7x7-p96-uct-0100","uct-0100","41","2","64","2.09375","0.703125","3.765625","0.9375","75","1","0.05333333333333334","4.323943661971831","0.06756161971830986","0.6666666666666666"
"7x7-p96","7x7-p96-uct-0100","uct-0100","41","1","64","3.765625","0.9375","3.765625","0.9375","107","1","0.056074766355140186","3.3366336633663365","0.05213490099009901","0.76"
"7x7-p96","7x7-p96-uct-0100","uct-0100","41","3","64","0.921875","0.28125","3.765625","0.9375","59","1","0.05084745762711865","4.946428571428571","0.07728794642857142","0.5789473684210527"
"7x7-p96","7x7-p96-uct-0100","uct-0100","42","2","64","1.96875","0.703125","3.734375","0.90625","74","1","0.06756756756756757","4.0144927536231885","0.06272644927536232","0.6666666666666666"
"7x7-p96","7x7-p96-uct-0100","uct-0100","42","1","64","3.734375","0.90625","3.734375","0.90625","113","1","0.05309734513274336","2.94392523364486","0.04599883177570094","0.7757009345794392"
"7x7-p96","7x7-p96-uct-0100","uct-0100","42","3","64","0.8125","0.140625","3.734375","0.90625","52","1","0.09615384615384616","4.957446808510638","0.07746010638297872","0.52"
"7x7-p96","7x7-p96-uct-0100","uct-0100","43","2","64","1.75","0.578125","3.28125","0.890625","67","1","0.05970149253731343","4.603174603174603","0.07192460317460317","0.578125"
"7x7-p96","7x7-p96-uct-0100","uct-0100","43","1","64","3.28125","0.890625","3.28125","0.890625","98","1","0.061224489795918366","3.467391304347826","0.054177989130434784","0.7"
"7x7-p96","7x7-p96-uct-0100","uct-0100","43","3","64","0.703125","0.15625","3.28125","0.890625","45","1","0.06666666666666667","5.904761904761905","0.09226190476190477","0.37209302325581395"
"7x7-p96","7x7-p96-uct-0100","uct-0100","44","2","64","1.875","0.671875","3.5","0.890625","69","1","0.057971014492753624","4.415384615384616","0.06899038461538462","0.640625"
"7x7-p96","7x7-p96-uct-0100","uct-0100","44","1","64","3.5","0.890625","3.5","0.890625","104","1","0.057692307692307696","3.2653061224489797","0.05102040816326531","0.7604166666666666"
"7x7-p96","7x7-p96-uct-0100","uct-0100","44","3","64","0.796875","0.1875","3.5","0.890625","51","1","0.0392156862745098","5.204081632653061","0.08131377551020408","0.5306122448979592"
"7x7-p96","7x7-p96-uct-0100","uct-0100","45","2","64","1.765625","0.625","3.46875","0.84375","66","1","0.06060606060606061","4.564516129032258","0.07132056451612903","0.6229508196721312"
"7x7-p96","7x7-p96-uct-0100","uct-0100","45","1","64","3.46875","0.84375","3.46875","0.84375","109","1","0.06422018348623854","3.1666666666666665","0.049479166666666664","0.77"
"7x7-p96","7x7-p96-uct-0100","uct-0100","45","3","64","0.734375","0.1875","3.46875","0.84375","47","1","0.0425531914893617","5.533333333333333","0.08645833333333333","0.4888888888888889"
"7x7-p96","7x7-p96-uct-0100","uct-0100","46","2","64","1.65625","0.59375","3.3125","0.890625","60","0.9821428571428571","0.06666666666666667","4.763636363636364","0.07443181818181818","0.5517241379310345"
"7x7-p96","7x7-p96-uct-0100","uct-0100","46","1","64","3.3125","0.890625","3.3125","0.890625","106","0.99","0.05660377358490566","3.090909090909091","0.048295454545454544","0.7373737373737373"
"7x7-p96","7x7-p96-uct-0100","uct-0100","46","3","64","0.71875","0.15625","3.3125","0.890625","46","0.9761904761904762","0.08695652173913043","5.7073170731707314","0.08917682926829268","0.4222222222222222"
"7x7-p96","7x7-p96-uct-0100","uct-0100","47","2","64","1.90625","0.640625","3.578125","0.875","74","1","0.06756756756756757","4.173913043478261","0.06521739130434782","0.6617647058823529"
"7x7-p96","7x7-p96-uct-0100","uct-0100","47","1","64","3.578125","0.875","3.578125","0.875","107","1","0.06542056074766354","3.19","0.04984375","0.7653061224489796"
"7x7-p96","7x7-p96-uct-0100","uct-0100","47","3","64","0.75","0.140625","3.578125","0.875","48","1","0.0625","5.333333333333333","0.08333333333333333","0.4888888888888889"
"7x7-p96","7x7-p96-uct-0100","uct-0100","48","2","64","1.90625","0.6875","3.640625","0.9375","73","1","0.0547945205479452","4.101449275362318","0.06408514492753623","0.6911764705882353"
"7x7-p96","7x7-p96-uct-0100","uct-0100","48","1","64","3.640625","0.9375","3.640625","0.9375","111","1","0.05405405405405406","3.038095238095238","0.04747023809523809","0.7941176470588235"
"7x7-p96","7x7-p96-uct-0100","uct-0100","48","3","64","0.765625","0.15625","3.640625","0.9375","49","1","0.04081632653061224","5.085106382978723","0.07945478723404255","0.5531914893617021"
"7x7-p96","7x7-p96-uct-0100","uct-0100","49","2","64","1.71875","0.515625","3.28125","0.890625","62","1","0.06451612903225806","4.879310344827586","0.07623922413793104","0.5932203389830508"
"7x7-p96","7x7-p96-uct-0100","uct-0100","49","1","64","3.28125","0.890625","3.28125","0.890625","100","1","0.07","3.4193548387096775","0.05342741935483871","0.7446808510638298"
"7x7-p96","7x7-p96-uct-0100","uct-0100","49","3","64","0.75","0.171875","3.28125","0.890625","48","1","0.041666666666666664","5.630434782608695","0.08797554347826086","0.5"
"7x7-p96","7x7-p96-uct-0100","uct-0100","50","2","64","1.984375","0.640625","3.640625","0.90625","72","1","0.06944444444444445","4.462686567164179","0.0697294776119403","0.5882352941176471"
"7x7-p96","7x7-p96-uct-0100","uct-0100","50","1","64","3.640625","0.90625","3.640625","0.90625","106","1","0.0660377358490566","3.3434343434343434","0.052241161616161616","0.7171717171717171"
"7x7-p96","7x7-p96-uct-0100","uct-0100","50","3","64","0.859375","0.203125","3.640625","0.90625","55","1","0.07272727272727272","5.235294117647059","0.0818014705882353","0.4716981132075472"
"7x7-p96","7x7-p96-uct-0500","uct-0500","1","2","64","1.84375","0.609375","3.453125","0.9375","64","1","0.0625","5.033333333333333","0.07864583333333333","0.5166666666666667"
"7x7-p96","7x7-p96-uct-0500","uct-0500","1","1","64","3.453125","0.9375","3.453125","0.9375","103","1","0.05825242718446602","3.4948453608247423","0.0546069587628866","0.6914893617021277"
"7x7-p96","7x7-p96-uct-0500","uct-0500","1","3","64","0.84375","0.203125","3.453125","0.9375","54","1","0.037037037037037035","5.5","0.0859375","0.4528301886792453"
"7x7-p96","7x7-p96-uct-0500","uct-0500","2","2","64","1.875","0.6875","3.65625","0.9375","67","1","0.07462686567164178","4.403225806451613","0.06880040322580645","0.6190476190476191"
"7x7-p96","7x7-p96-uct-0500","uct-0500","2","1","64","3.65625","0.9375","3.65625","0.9375","114","1","0.05263157894736842","2.9537037037037037","0.04615162037037037","0.7798165137614679"
"7x7-p96","7x7-p96-uct-0500","uct-0500","2","3","64","0.828125","0.109375","3.65625","0.9375","53","1","0.05660377358490566","4.98","0.0778125","0.5294117647058824"
"7x7-p96","7x7-p96-uct-0500","uct-0500","3","2","64","1.859375","0.640625","3.46875","0.90625","67","1","0.08955223880597014","4.131147540983607","0.06454918032786885","0.6190476190476191"
"7x7-p96","7x7-p96-uct-0500","uct-0500","3","1","64","3.46875","0.90625","3.46875","0.90625","103","1","0.06796116504854369","2.9895833333333335","0.046712239583333336","0.7525773195876289"
"7x7-p96","7x7-p96-uct-0500","uct-0500","3","3","64","0.8125","0.171875","3.46875","0.90625","52","1","0.07692307692307693","4.708333333333333","0.07356770833333333","0.52"
"7x7-p96","7x7-p96-uct-0500","uct-0500","4","2","64","1.65625","0.578125","3.21875","0.875","63","1","0.07936507936507936","4.275862068965517","0.0668103448275862","0.6724137931034483"
"7x7-p96","7x7-p96-uct-0500","uct-0500","4","1","64","3.21875","0.875","3.21875","0.875","100","1","0.06","3.021276595744681","0.04720744680851064","0.7934782608695652"
"7x7-p96","7x7-p96-uct-0500","uct-0500","4","3","64","0.671875","0.125","3.21875","0.875","43","1","0.046511627906976744","5.219512195121951","0.08155487804878049","0.5476190476190477"
"7x7-p96","7x7-p96-uct-0500","uct-0500","5","2","64","1.640625","0.546875","3.03125","0.84375","59","0.9636363636363636","0.06779661016949153","4.584905660377358","0.07163915094339622","0.5636363636363636"
"7x7-p96","7x7-p96-uct-0500","uct-0500","5","1","64","3.03125","0.84375","3.03125","0.84375","89","0.9759036144578314","0.06741573033707865","3.345679012345679","0.05227623456790124","0.7073170731707317"
"7x7-p96","7x7-p96-uct-0500","uct-0500","5","3","64","0.71875","0.15625","3.03125","0.84375","46","0.9534883720930233","0.06521739130434782","5.341463414634147","0.08346036585365854","0.45454545454545453"
"7x7-p96","7x7-p96-uct-0500","uct-0500","6","2","64","1.8125","0.609375","3.34375","0.875","65","1","0.06153846153846154","4.573770491803279","0.07146516393442623","0.609375"
"7x7-p96","7x7-p96-uct-0500","uct-0500","6","1","64","3.34375","0.875","3.34375","0.875","98","1","0.061224489795918366","3.369565217391304","0.05264945652173913","0.7282608695652174"
"7x7-p96","7x7-p96-uct-0500","uct-0500","6","3","64","0.796875","0.203125","3.34375","0.875","51","1","0.058823529411764705","5.270833333333333","0.08235677083333333","0.5098039215686274"
"7x7-p96","7x7-p96-uct-0500","uct-0500","7","2","64","1.78125","0.5625","3.5","0.90625","67","1","0.07462686567164178","4.338709677419355","0.06779233870967742","0.59375"
"7x7-p96","7x7-p96-uct-0500","uct-0500","7","1","64","3.5","0.90625","3.5","0.90625","110","1","0.05454545454545454","2.9903846153846154","0.046724759615384616","0.7450980392156863"
"7x7-p96","7x7-p96-uct-0500","uct-0500","7","3","64","0.734375","0.15625","3.5","0.90625","47","1","0.06382978723404255","5.295454545454546","0.08274147727272728","0.43478260869565216"
"7x7-p96","7x7-p96-uct-0500","uct-0500","8","2","64","1.8125","0.546875","3.265625","0.890625","65","1","0.07692307692307693","4.816666666666666","0.07526041666666666","0.5666666666666667"
"7x7-p96","7x7-p96-uct-0500","uct-0500","8","1","64","3.265625","0.890625","3.265625","0.890625","93","1","0.06451612903225806","3.632183908045977","0.05675287356321839","0.7011494252873564"
"7x7-p96","7x7-p96-uct-0500","uct-0500","8","3","64","0.796875","0.171875","3.265625","0.890625","51","1","0.0784313725490196","5.595744680851064","0.08743351063829788","0.4583333333333333"
"7x7-p96","7x7-p96-uct-0500","uct-0500","9","2","64","1.53125","0.546875","2.953125","0.828125","59","1","0.0847457627118644","4.314814814814815","0.06741898148148148","0.625"
"7x7-p96","7x7-p96-uct-0500","uct-0500","9","1","64","2.953125","0.828125","2.953125","0.828125","91","0.9883720930232558","0.054945054945054944","3.1058823529411765","0.04852941176470588","0.75"
"7x7-p96","7x7-p96-uct-0500","uct-0500","9","3","64","0.609375","0.078125","2.953125","0.828125","39","1","0.10256410256410256","5.571428571428571","0.08705357142857142","0.43243243243243246"
"7x7-p96","7x7-p96-uct-0500","uct-0500","10","2","64","1.5","0.46875","2.953125","0.796875","57","1","0.07017543859649122","4.9245283018867925","0.07694575471698113","0.4444444444444444"
"7x7-p96","7x7-p96-uct-0500","uct-0500","10","1","64","2.953125","0.796875","2.953125","0.796875","93","1","0.06451612903225806","3.3908045977011496","0.05298132183908046","0.6511627906976745"
"7x7-p96","7x7-p96-uct-0500","uct-0500","10","3","64","0.609375","0.0625","2.953125","0.796875","39","1","0.07692307692307693","6.305555555555555","0.09852430555555555","0.21052631578947367"
"7x7-p96","7x7-p96-uct-0500","uct-0500","11","2","64","1.84375","0.625","3.453125","0.921875","68","1","0.07352941176470588","4.301587301587301","0.06721230158730158","0.625"
"7x7-p96","7x7-p96-uct-0500","uct-0500","11","1","64","3.453125","0.921875","3.453125","0.921875","103","1","0.05825242718446602","3.1443298969072164","0.04913015463917526","0.7473684210526316"
"7x7-p96","7x7-p96-uct-0500","uct-0500","11","3","64","0.78125","0.15625","3.453125","0.921875","50","1","0.06","5.085106382978723","0.07945478723404255","0.5"
"7x7-p96","7x7-p96-uct-0500","uct-0500","12","2","64","1.84375","0.59375","3.5","0.921875","69","1","0.07246376811594203","4.234375","0.066162109375","0.6666666666666666"
"7x7-p96","7x7-p96-uct-0500","uct-0500","12","1","64","3.5","0.921875","3.5","0.921875","106","1","0.05660377358490566","3.07","0.04796875","0.7777777777777778"
"7x7-p96","7x7-p96-uct-0500","uct-0500","12","3","64","0.765625","0.140625","3.5","0.921875","49","1","0.08163265306122448","5.177777777777778","0.08090277777777778","0.5319148936170213"
"7x7-p96","7x7-p96-uct-0500","uct-0500","13","2","64","1.75","0.640625","3.359375","0.890625","64","1","0.09375","4.241379310344827","0.06627155172413793","0.6557377049180327"
"7x7-p96","7x7-p96-uct-0500","uct-0500","13","1","64","3.359375","0.890625","3.359375","0.890625","103","1","0.06796116504854369","2.9583333333333335","0.046223958333333336","0.78125"
"7x7-p96","7x7-p96-uct-0500","uct-0500","13","3","64","0.75","0.125","3.359375","0.890625","48","1","0.08333333333333333","4.954545454545454","0.07741477272727272","0.5531914893617021"
"7x7-p96","7x7-p96-uct-0500","uct-0500","14","2","64","1.75","0.578125","3.453125","0.890625","67","1","0.08955223880597014","4.704918032786885","0.07351434426229508","0.5714285714285714"
"7x7-p96","7x7-p96-uct-0500","uct-0500","14","1","64","3.453125","0.890625","3.453125","0.890625","109","1","0.06422018348623854","3.215686274509804","0.05024509803921569","0.7326732673267327"
"7x7-p96","7x7-p96-uct-0500","uct-0500","14","3","64","0.703125","0.140625","3.453125","0.890625","45","1","0.08888888888888889","6.024390243902439","0.09413109756097561","0.38636363636363635"
"7x7-p96","7x7-p96-uct-0500","uct-0500","15","2","64","1.828125","0.625","3.625","0.9375","69","1","0.043478260869565216","4.515151515151516","0.07054924242424243","0.5692307692307692"
"7x7-p96","7x7-p96-uct-0500","uct-0500","15","1","64","3.625","0.9375","3.625","0.9375","115","1","0.05217391304347826","3.128440366972477","0.048881880733944956","0.7358490566037735"
"7x7-p96","7x7-p96-uct-0500","uct-0500","15","3","64","0.75","0.1875","3.625","0.9375","48","1","0.041666666666666664","5.608695652173913","0.08763586956521739","0.40425531914893614"
"7x7-p96","7x7-p96-uct-0500","uct-0500","16","2","64","2.09375","0.78125","3.796875","0.90625","78","1","0.05128205128205128","4.108108108108108","0.06418918918918919","0.6933333333333334"
"7x7-p96","7x7-p96-uct-0500","uct-0500","16","1","64","3.796875","0.90625","3.796875","0.90625","109","1","0.05504587155963303","3.233009708737864","0.050515776699029125","0.77"
"7x7-p96","7x7-p96-uct-0500","uct-0500","16","3","64","0.875","0.203125","3.796875","0.90625","56","1","0.05357142857142857","4.943396226415095","0.07724056603773585","0.5740740740740741"
"7x7-p96","7x7-p96-uct-0500","uct-0500","17","2","64","1.828125","0.609375","3.421875","0.90625","70","1","0.04285714285714286","4.08955223880597","0.06389925373134328","0.6212121212121212"
"7x7-p96","7x7-p96-uct-0500","uct-0500","17","1","64","3.421875","0.90625","3.421875","0.90625","102","1","0.058823529411764705","3.15625","0.04931640625","0.7282608695652174"
"7x7-p96","7x7-p96-uct-0500","uct-0500","17","3","64","0.734375","0.171875","3.421875","0.90625","47","1","0.06382978723404255","5.181818181818182","0.08096590909090909","0.4318181818181818"
"7x7-p96","7x7-p96-uct-0500","uct-0500","18","2","64","1.6875","0.5","3.25","0.84375","65","0.9833333333333333","0.07692307692307693","4.0508474576271185","0.06329449152542373","0.6129032258064516"
"7x7-p96","7x7-p96-uct-0500","uct-0500","18","1","64","3.25","0.84375","3.25","0.84375","100","0.989247311827957","0.07","2.9565217391304346","0.04619565217391304","0.7446808510638298"
"7x7-p96","7x7-p96-uct-0500","uct-0500","18","3","64","0.671875","0.15625","3.25","0.84375","43","1","0.09302325581395349","5.102564102564102","0.0797275641025641","0.46511627906976744"
"7x7-p96","7x7-p96-uct-0500","uct-0500","19","2","64","1.703125","0.640625","3.140625","0.890625","60","0.9636363636363636","0.08333333333333333","4.830188679245283","0.07547169811320754","0.5614035087719298"
"7x7-p96","7x7-p96-uct-0500","uct-0500","19","1","64","3.140625","0.890625","3.140625","0.890625","92","0.9651162790697675","0.06521739130434782","3.4457831325301207","0.053840361445783136","0.7045454545454546"
"7x7-p96","7x7-p96-uct-0500","uct-0500","19","3","64","0.765625","0.1875","3.140625","0.890625","49","0.9777777777777777","0.08163265306122448","5.409090909090909","0.08451704545454546","0.48936170212765956"
"7x7-p96","7x7-p96-uct-0500","uct-0500","20","2","64","1.703125","0.59375","3.09375","0.890625","60","1","0.06666666666666667","5.053571428571429","0.07896205357142858","0.4827586206896552"
"7x7-p96","7x7-p96-uct-0500","uct-0500","20","1","64","3.09375","0.890625","3.09375","0.890625","89","1","0.06741573033707865","3.7349397590361444","0.058358433734939756","0.6428571428571429"
"7x7-p96","7x7-p96-uct-0500","uct-0500","20","3","64","0.765625","0.140625","3.09375","0.890625","49","1","0.08163265306122448","5.8","0.090625","0.3617021276595745"
"7x7-p96","7x7-p96-uct-0500","uct-0500","21","2","64","1.296875","0.421875","2.578125","0.8125","47","0.9761904761904762","0.10638297872340426","4.317073170731708","0.06745426829268293","0.6363636363636364"
"7x7-p96","7x7-p96-uct-0500","uct-0500","21","1","64","2.578125","0.8125","2.578125","0.8125","82","0.9866666666666667","0.08536585365853659","2.8378378378378377","0.044341216216216214","0.7894736842105263"
"7x7-p96","7x7-p96-uct-0500","uct-0500","21","3","64","0.5625","0.125","2.578125","0.8125","36","0.9696969696969697","0.08333333333333333","4.96875","0.07763671875","0.5428571428571428"
"7x7-p96","7x7-p96-uct-0500","uct-0500","22","2","64","2.125","0.734375","3.875","0.921875","84","1","0.047619047619047616","3.9625","0.0619140625","0.691358024691358"
"7x7-p96","7x7-p96-uct-0500","uct-0500","22","1","64","3.875","0.921875","3.875","0.921875","112","1","0.05357142857142857","3.2358490566037736","0.05056014150943396","0.7596153846153846"
"7x7-p96","7x7-p96-uct-0500","uct-0500","22","3","64","0.8125","0.15625","3.875","0.921875","52","1","0.057692307692307696","5.204081632653061","0.08131377551020408","0.5"
"7x7-p96","7x7-p96-uct-0500","uct-0500","23","2","64","1.828125","0.65625","3.390625","0.859375","67","1","0.07462686567164178","4.32258064516129","0.06754032258064516","0.6190476190476191"
"7x7-p96","7x7-p96-uct-0500","uct-0500","23","1","64","3.390625","0.859375","3.390625","0.859375","100","1","0.06","3.1914893617021276","0.049867021276595744","0.7446808510638298"
"7x7-p96","7x7-p96-uct-0500","uct-0500","23","3","64","0.78125","0.140625","3.390625","0.859375","50","1","0.08","5.130434782608695","0.08016304347826086","0.48936170212765956"
"7x7-p96","7x7-p96-uct-0500","uct-0500","24","2","64","1.65625","0.546875","3.203125","0.875","61","0.9824561403508771","0.06557377049180328","4.892857142857143","0.07645089285714286","0.603448275862069"
"7x7-p96","7x7-p96-uct-0500","uct-0500","24","1","64","3.203125","0.875","3.203125","0.875","99","0.989247311827957","0.06060606060606061","3.369565217391304","0.05264945652173913","0.75"
"7x7-p96","7x7-p96-uct-0500","uct-0500","24","3","64","0.703125","0.15625","3.203125","0.875","45","0.975609756097561","0.08888888888888889","6.05","0.09453125","0.4523809523809524"
"7x7-p96","7x7-p96-uct-0500","uct-0500","25","2","64","1.65625","0.546875","3.203125","0.875","61","0.9821428571428571","0.08196721311475409","4.872727272727273","0.07613636363636364","0.5357142857142857"
"7x7-p96","7x7-p96-uct-0500","uct-0500","25","1","64","3.203125","0.875","3.203125","0.875","99","0.978494623655914","0.06060606060606061","3.340659340659341","0.0521978021978022","0.7096774193548387"
"7x7-p96","7x7-p96-uct-0500","uct-0500","25","3","64","0.703125","0.125","3.203125","0.875","45","1","0.08888888888888889","5.853658536585366","0.09146341463414634","0.40476190476190477"
"7x7-p96","7x7-p96-uct-0500","uct-0500","26","2","64","1.671875","0.578125","3.078125","0.84375","63","1","0.07936507936507936","4.948275862068965","0.07731681034482758","0.5689655172413793"
"7x7-p96","7x7-p96-uct-0500","uct-0500","26","1","64","3.078125","0.84375","3.078125","0.84375","90","1","0.06666666666666667","3.7261904761904763","0.05822172619047619","0.6951219512195121"
"7x7-p96","7x7-p96-uct-0500","uct-0500","26","3","64","0.6875","0.09375","3.078125","0.84375","44","1","0.06818181818181818","6.170731707317073","0.09641768292682927","0.3902439024390244"
"7x7-p96","7x7-p96-uct-0500","uct-0500","27","2","64","1.75","0.578125","3.375","0.90625","67","0.9841269841269841","0.05970149253731343","4.306451612903226","0.0672883064516129","0.6349206349206349"
"7x7-p96","7x7-p96-uct-0500","uct-0500","27","1","64","3.375","0.90625","3.375","0.90625","104","0.98989898989899","0.04807692307692308","3.0918367346938775","0.04830994897959184","0.7653061224489796"
"7x7-p96","7x7-p96-uct-0500","uct-0500","27","3","64","0.703125","0.15625","3.375","0.90625","45","0.9761904761904762","0.06666666666666667","5.487804878048781","0.0857469512195122","0.4523809523809524"
"7x7-p96","7x7-p96-uct-0500","uct-0500","28","2","64","1.625","0.578125","3.21875","0.875","62","1","0.08064516129032258","4.368421052631579","0.06825657894736842","0.5344827586206896"
"7x7-p96","7x7-p96-uct-0500","uct-0500","28","1","64","3.21875","0.875","3.21875","0.875","102","1","0.06862745098039216","3.0210526315789474","0.047203947368421054","0.7127659574468085"
"7x7-p96","7x7-p96-uct-0500","uct-0500","28","3","64","0.65625","0.109375","3.21875","0.875","42","1","0.07142857142857142","5.461538461538462","0.08533653846153846","0.34146341463414637"
"7x7-p96","7x7-p96-uct-0500","uct-0500","29","2","64","1.859375","0.65625","3.625","0.9375","71","1","0.07042253521126761","4.257575757575758","0.06652462121212122","0.5970149253731343"
"7x7-p96","7x7-p96-uct-0500","uct-0500","29","1","64","3.625","0.9375","3.625","0.9375","113","1","0.061946902654867256","3.0283018867924527","0.047317216981132074","0.7476635514018691"
"7x7-p96","7x7-p96-uct-0500","uct-0500","29","3","64","0.75","0.171875","3.625","0.9375","48","1","0.08333333333333333","5.386363636363637","0.08416193181818182","0.41304347826086957"
"7x7-p96","7x7-p96-uct-0500","uct-0500","30","2","64","1.796875","0.671875","3.359375","0.890625","65","1","0.06153846153846154","4.721311475409836","0.07377049180327869","0.6129032258064516"
"7x7-p96","7x7-p96-uct-0500","uct-0500","30","1","64","3.359375","0.890625","3.359375","0.890625","100","1","0.06","3.4148936170212765","0.053357712765957445","0.7419354838709677"
"7x7-p96","7x7-p96-uct-0500","uct-0500","30","3","64","0.78125","0.15625","3.359375","0.890625","50","1","0.06","5.531914893617022","0.08643617021276596","0.5102040816326531"
"7x7-p96","7x7-p96-uct-0500","uct-0500","31","2","64","1.671875","0.5","3.234375","0.890625","59","1","0.0847457627118644","4.944444444444445","0.07725694444444445","0.5272727272727272"
"7x7-p96","7x7-p96-uct-0500","uct-0500","31","1","64","3.234375","0.890625","3.234375","0.890625","100","0.989247311827957","0.07","3.3152173913043477","0.05180027173913043","0.7065217391304348"
"7x7-p96","7x7-p96-uct-0500","uct-0500","31","3","64","0.75","0.171875","3.234375","0.890625","48","1","0.08333333333333333","5.613636363636363","0.08771306818181818","0.43478260869565216"
"7x7-p96","7x7-p96-uct-0500","uct-0500","32","2","64","1.84375","0.640625","3.46875","0.921875","70","1","0.07142857142857142","4.276923076923077","0.06682692307692308","0.6865671641791045"
"7x7-p96","7x7-p96-uct-0500","uct-0500","32","1","64","3.46875","0.921875","3.46875","0.921875","104","1","0.057692307692307696","3.173469387755102","0.04958545918367347","0.7857142857142857"
"7x7-p96","7x7-p96-uct-0500","uct-0500","32","3","64","0.75","0.125","3.46875","0.921875","48","1","0.08333333333333333","5.363636363636363","0.08380681818181818","0.5434782608695652"
"7x7-p96","7x7-p96-uct-0500","uct-0500","33","2","64","1.90625","0.671875","3.640625","0.9375","73","1","0.0547945205479452","4.420289855072464","0.06906702898550725","0.6857142857142857"
"7x7-p96","7x7-p96-uct-0500","uct-0500","33","1","64","3.640625","0.9375","3.640625","0.9375","111","1","0.05405405405405406","3.2476190476190476","0.05074404761904762","0.7884615384615384"
"7x7-p96","7x7-p96-uct-0500","uct-0500","33","3","64","0.765625","0.1875","3.640625","0.9375","49","1","0.061224489795918366","5.630434782608695","0.08797554347826086","0.5319148936170213"
"7x7-p96","7x7-p96-uct-0500","uct-0500","34","2","64","1.8125","0.625","3.46875","0.90625","70","1","0.05714285714285714","4.242424242424242","0.06628787878787878","0.6428571428571429"
"7x7-p96","7x7-p96-uct-0500","uct-0500","34","1","64","3.46875","0.90625","3.46875","0.90625","106","1","0.0660377358490566","3.1616161616161618","0.04940025252525253","0.7448979591836735"
"7x7-p96","7x7-p96-uct-0500","uct-0500","34","3","64","0.71875","0.109375","3.46875","0.90625","46","1","0.08695652173913043","5.523809523809524","0.08630952380952381","0.45652173913043476"
"7x7-p96","7x7-p96-uct-0500","uct-0500","35","2","64","1.796875","0.671875","3.40625","0.875","64","1","0.0625","4.9","0.0765625","0.5081967213114754"
"7x7-p96","7x7-p96-uct-0500","uct-0500","35","1","64","3.40625","0.875","3.40625","0.875","103","1","0.05825242718446602","3.4123711340206184","0.05331829896907216","0.6875"
"7x7-p96","7x7-p96-uct-0500","uct-0500","35","3","64","0.796875","0.140625","3.40625","0.875","51","1","0.058823529411764705","5.625","0.087890625","0.3877551020408163"
"7x7-p96","7x7-p96-uct-0500","uct-0500","36","2","64","1.9375","0.71875","3.578125","0.9375","71","1","0.056338028169014086","4.373134328358209","0.06833022388059702","0.6470588235294118"
"7x7-p96","7x7-p96-uct-0500","uct-0500","36","1","64","3.578125","0.9375","3.578125","0.9375","105","1","0.06666666666666667","3.306122448979592","0.051658163265306124","0.7525773195876289"
"7x7-p96","7x7-p96-uct-0500","uct-0500","36","3","64","0.828125","0.1875","3.578125","0.9375","53","1","0.05660377358490566","5.18","0.0809375","0.5294117647058824"
"7x7-p96","7x7-p96-uct-0500","uct-0500","37","2","64","1.640625","0.5625","3.1875","0.90625","65","1","0.09230769230769231","4.728813559322034","0.07388771186440678","0.6190476190476191"
"7x7-p96","7x7-p96-uct-0500","uct-0500","37","1","64","3.1875","0.90625","3.1875","0.90625","99","0.9891304347826086","0.0707070707070707","3.4175824175824174","0.05339972527472527","0.7446808510638298"
"7x7-p96","7x7-p96-uct-0500","uct-0500","37","3","64","0.625","0.109375","3.1875","0.90625","40","1","0.125","6.6","0.103125","0.38461538461538464"
"7x7-p96","7x7-p96-uct-0500","uct-0500","38","2","64","1.5625","0.53125","3.078125","0.90625","62","0.9824561403508771","0.08064516129032258","4.107142857142857","0.06417410714285714","0.6779661016949152"
"7x7-p96","7x7-p96-uct-0500","uct-0500","38","1","64","3.078125","0.90625","3.078125","0.90625","97","0.9888888888888889","0.07216494845360824","2.955056179775281","0.04617275280898876","0.7888888888888889"
"7x7-p96","7x7-p96-uct-0500","uct-0500","38","3","64","0.59375","0.078125","3.078125","0.90625","38","1","0.10526315789473684","5.470588235294118","0.08547794117647059","0.5135135135135135"
"7x7-p96","7x7-p96-uct-0500","uct-0500","39","2","64","1.984375","0.671875","3.5625","0.875","70","1","0.08571428571428572","4.28125","0.06689453125","0.6666666666666666"
"7x7-p96","7x7-p96-uct-0500","uct-0500","39","1","64","3.5625","0.875","3.5625","0.875","101","1","0.06930693069306931","3.234042553191489","0.05053191489361702","0.7659574468085106"
"7x7-p96","7x7-p96-uct-0500","uct-0500","39","3","64","0.890625","0.203125","3.5625","0.875","57","1","0.08771929824561403","4.8076923076923075","0.0751201923076923","0.5925925925925926"
"7x7-p96","7x7-p96-uct-0500","uct-0500","40","2","64","1.75","0.609375","3.453125","0.890625","65","1","0.07692307692307693","4.25","0.06640625","0.65"
"7x7-p96","7x7-p96-uct-0500","uct-0500","40","1","64","3.453125","0.890625","3.453125","0.890625","109","1","0.05504587155963303","2.8932038834951457","0.04520631067961165","0.79"
"7x7-p96","7x7-p96-uct-0500","uct-0500","40","3","64","0.734375","0.171875","3.453125","0.890625","47","1","0.06382978723404255","5.068181818181818","0.07919034090909091","0.5227272727272727"
"7x7-p96","7x7-p96-uct-0500","uct-0500","41","2","64","1.53125","0.484375","3.140625","0.875","61","1","0.06557377049180328","4.368421052631579","0.06825657894736842","0.6607142857142857"
"7x7-p96","7x7-p96-uct-0500","uct-0500","41","1","64","3.140625","0.875","3.140625","0.875","103","1","0.06796116504854369","3","0.046875","0.7956989247311828"
"7x7-p96","7x7-p96-uct-0500","uct-0500","41","3","64","0.578125","0.09375","3.140625","0.875","37","1","0.05405405405405406","5.857142857142857","0.09151785714285714","0.4722222222222222"
"7x7-p96","7x7-p96-uct-0500","uct-0500","42","2","64","2","0.703125","3.609375","0.90625","74","1","0.06756756756756757","4.36231884057971","0.06816123188405797","0.6285714285714286"
"7x7-p96","7x7-p96-uct-0500","uct-0500","42","1","64","3.609375","0.90625","3.609375","0.90625","103","1","0.05825242718446602","3.3917525773195876","0.052996134020618556","0.7319587628865979"
"7x7-p96","7x7-p96-uct-0500","uct-0500","42","3","64","0.84375","0.171875","3.609375","0.90625","54","1","0.07407407407407407","5.26","0.0821875","0.5"
"7x7-p96","7x7-p96-uct-0500","uct-0500","43","2","64","1.796875","0.59375","3.296875","0.90625","68","0.9682539682539683","0.07352941176470588","4.377049180327869","0.06839139344262295","0.625"
"7x7-p96","7x7-p96-uct-0500","uct-0500","43","1","64","3.296875","0.90625","3.296875","0.90625","96","0.9775280898876404","0.07291666666666667","3.367816091954023","0.05262212643678161","0.7272727272727273"
"7x7-p96","7x7-p96-uct-0500","uct-0500","43","3","64","0.734375","0.109375","3.296875","0.90625","47","0.9767441860465116","0.0851063829787234","5.4523809523809526","0.08519345238095238","0.4772727272727273"
"7x7-p96","7x7-p96-uct-0500","uct-0500","44","2","64","1.625","0.546875","3.015625","0.828125","63","0.9824561403508771","0.09523809523809523","4.5","0.0703125","0.6551724137931034"
"7x7-p96","7x7-p96-uct-0500","uct-0500","44","1","64","3.015625","0.828125","3.015625","0.828125","89","0.9878048780487805","0.07865168539325842","3.419753086419753","0.05343364197530864","0.7590361445783133"
"7x7-p96","7x7-p96-uct-0500","uct-0500","44","3","64","0.640625","0.109375","3.015625","0.828125","41","1","0.0975609756097561","5.783783783783784","0.09037162162162163","0.5128205128205128"
"7x7-p96","7x7-p96-uct-0500","uct-0500","45","2","64","1.84375","0.640625","3.53125","0.953125","68","1","0.07352941176470588","4.412698412698413","0.0689484126984127","0.5846153846153846"
"7x7-p96","7x7-p96-uct-0500","uct-0500","45","1","64","3.53125","0.953125","3.53125","0.953125","108","1","0.06481481481481481","3.128712871287129","0.04888613861386139","0.7326732673267327"
"7x7-p96","7x7-p96-uct-0500","uct-0500","45","3","64","0.78125","0.140625","3.53125","0.953125","50","1","0.06","5.23404255319149","0.08178191489361702","0.46"
"7x7-p96","7x7-p96-uct-0500","uct-0500","46","2","64","1.734375","0.59375","3.4375","0.9375","66","0.9838709677419355","0.06060606060606061","4.409836065573771","0.06890368852459017","0.671875"
"7x7-p96","7x7-p96-uct-0500","uct-0500","46","1","64","3.4375","0.9375","3.4375","0.9375","109","0.9902912621359223","0.05504587155963303","3.0392156862745097","0.047487745098039214","0.7941176470588235"
"7x7-p96","7x7-p96-uct-0500","uct-0500","46","3","64","0.703125","0.15625","3.4375","0.9375","45","1","0.06666666666666667","5.5","0.0859375","0.5454545454545454"
"7x7-p96","7x7-p96-uct-0500","uct-0500","47","2","64","1.75","0.609375","3.390625","0.890625","66","1","0.045454545454545456","4.5396825396825395","0.07093253968253968","0.6349206349206349"
"7x7-p96","7x7-p96-uct-0500","uct-0500","47","1","64","3.390625","0.890625","3.390625","0.890625","105","1","0.05714285714285714","3.2525252525252526","0.05082070707070707","0.7653061224489796"
"7x7-p96","7x7-p96-uct-0500","uct-0500","47","3","64","0.71875","0.125","3.390625","0.890625","46","1","0.043478260869565216","5.636363636363637","0.08806818181818182","0.4888888888888889"
"7x7-p96","7x7-p96-uct-0500","uct-0500","48","2","64","1.84375","0.625","3.578125","0.9375","68","1","0.058823529411764705","4.25","0.06640625","0.6818181818181818"
"7x7-p96","7x7-p96-uct-0500","uct-0500","48","1","64","3.578125","0.9375","3.578125","0.9375","111","1","0.06306306306306306","3","0.046875","0.7961165048543689"
"7x7-p96","7x7-p96-uct-0500","uct-0500","48","3","64","0.78125","0.140625","3.578125","0.9375","50","1","0.06","5.0638297872340425","0.07912234042553191","0.5714285714285714"
"7x7-p96","7x7-p96-uct-0500","uct-0500","49","2","64","1.6875","0.5625","3.265625","0.890625","64","1","0.0625","4.15","0.06484375","0.7241379310344828"
"7x7-p96","7x7-p96-uct-0500","uct-0500","49","1","64","3.265625","0.890625","3.265625","0.890625","101","1","0.0594059405940594","2.9894736842105263","0.04671052631578947","0.8279569892473119"
"7x7-p96","7x7-p96-uct-0500","uct-0500","49","3","64","0.6875","0.15625","3.265625","0.890625","44","1","0.045454545454545456","5.071428571428571","0.07924107142857142","0.6190476190476191"
"7x7-p96","7x7-p96-uct-0500","uct-0500","50","2","64","1.765625","0.578125","3.359375","0.90625","64","1","0.0625","4.816666666666666","0.07526041666666666","0.532258064516129"
"7x7-p96","7x7-p96-uct-0500","uct-0500","50","1","64","3.359375","0.90625","3.359375","0.90625","102","1","0.058823529411764705","3.3854166666666665","0.052897135416666664","0.6979166666666666"
"7x7-p96","7x7-p96-uct-0500","uct-0500","50","3","64","0.765625","0.203125","3.359375","0.90625","49","1","0.061224489795918366","5.673913043478261","0.08865489130434782","0.3958333333333333"
"7x7-p96","7x7-p96-uct-1000","uct-1000","1","2","64","1.6875","0.59375","3.359375","0.90625","62","1","0.06451612903225806","4.948275862068965","0.07731681034482758","0.5423728813559322"
"7x7-p96","7x7-p96-uct-1000","uct-1000","1","1","64","3.359375","0.90625","3.359375","0.90625","107","1","0.06542056074766354","3.29","0.05140625","0.73"
"7x7-p96","7x7-p96-uct-1000","uct-1000","1","3","64","0.71875","0.140625","3.359375","0.90625","46","1","0.08695652173913043","6.071428571428571","0.09486607142857142","0.38636363636363635"
"7x7-p96","7x7-p96-uct-1000","uct-1000","2","2","64","1.40625","0.484375","2.65625","0.78125","51","1","0.11764705882352941","4.844444444444444","0.07569444444444444","0.5319148936170213"
"7x7-p96","7x7-p96-uct-1000","uct-1000","2","1","64","2.65625","0.78125","2.65625","0.78125","80","1","0.075","3.3378378378378377","0.052153716216216214","0.7066666666666667"
"7x7-p96","7x7-p96-uct-1000","uct-1000","2","3","64","0.609375","0.0625","2.65625","0.78125","39","1","0.10256410256410256","5.6571428571428575","0.08839285714285715","0.42105263157894735"
"7x7-p96","7x7-p96-uct-1000","uct-1000","3","2","64","1.609375","0.53125","3.1875","0.90625","62","1","0.04838709677419355","4.932203389830509","0.0770656779661017","0.5862068965517241"
"7x7-p96","7x7-p96-uct-1000","uct-1000","3","1","64","3.1875","0.90625","3.1875","0.90625","101","1","0.0594059405940594","3.442105263157895","0.053782894736842106","0.7391304347826086"
"7x7-p96","7x7-p96-uct-1000","uct-1000","3","3","64","0.640625","0.09375","3.1875","0.90625","41","1","0.07317073170731707","6.552631578947368","0.10238486842105263","0.3684210526315789"
"7x7-p96","7x7-p96-uct-1000","uct-1000","4","2","64","1.34375","0.375","2.734375","0.84375","52","0.9795918367346939","0.057692307692307696","4.479166666666667","0.06998697916666667","0.62"
"7x7-p96","7x7-p96-uct-1000","uct-1000","4","1","64","2.734375","0.84375","2.734375","0.84375","89","0.9759036144578314","0.06741573033707865","3.0617283950617282","0.047839506172839504","0.7590361445783133"
"7x7-p96","7x7-p96-uct-1000","uct-1000","4","3","64","0.53125","0.109375","2.734375","0.84375","34","1","0.058823529411764705","5.71875","0.08935546875","0.45454545454545453"
"7x7-p96","7x7-p96-uct-1000","uct-1000","5","2","64","1.703125","0.53125","3.265625","0.921875","63","0.9482758620689655","0.07936507936507936","3.8545454545454545","0.060227272727272727","0.6885245901639344"
"7x7-p96","7x7-p96-uct-1000","uct-1000","5","1","64","3.265625","0.921875","3.265625","0.921875","100","0.9574468085106383","0.06","2.7444444444444445","0.042881944444444445","0.7872340425531915"
"7x7-p96","7x7-p96-uct-1000","uct-1000","5","3","64","0.71875","0.140625","3.265625","0.921875","46","0.9523809523809523","0.08695652173913043","4.55","0.07109375","0.6"
"7x7-p96","7x7-p96-uct-1000","uct-1000","6","2","64","1.53125","0.5","3.03125","0.84375","60","0.9464285714285714","0.06666666666666667","4.490566037735849","0.07016509433962265","0.5789473684210527"
"7x7-p96","7x7-p96-uct-1000","uct-1000","6","1","64","3.03125","0.84375","3.03125","0.84375","96","0.967032967032967","0.052083333333333336","3.102272727272727","0.04847301136363636","0.7333333333333333"
"7x7-p96","7x7-p96-uct-1000","uct-1000","6","3","64","0.59375","0.15625","3.03125","0.84375","38","0.9714285714285714","0.07894736842105263","5.882352941176471","0.09191176470588236","0.3888888888888889"
"7x7-p96","7x7-p96-uct-1000","uct-1000","7","2","64","1.921875","0.609375","3.625","0.875","69","1","0.043478260869565216","4.2272727272727275","0.06605113636363637","0.7230769230769231"
"7x7-p96","7x7-p96-uct-1000","uct-1000","7","1","64","3.625","0.875","3.625","0.875","109","1","0.05504587155963303","3.0679611650485437","0.047936893203883495","0.82"
"7x7-p96","7x7-p96-uct-1000","uct-1000","7","3","64","0.84375","0.171875","3.625","0.875","54","1","0.037037037037037035","4.826923076923077","0.07542067307692307","0.6538461538461539"
"7x7-p96","7x7-p96-uct-1000","uct-1000","8","2","64","1.84375","0.65625","3.421875","0.890625","72","1","0.06944444444444445","4.537313432835821","0.0708955223880597","0.6176470588235294"
"7x7-p96","7x7-p96-uct-1000","uct-1000","8","1","64","3.421875","0.890625","3.421875","0.890625","101","1","0.0594059405940594","3.4947368421052634","0.05460526315789474","0.7263157894736842"
"7x7-p96","7x7-p96-uct-1000","uct-1000","8","3","64","0.71875","0.140625","3.421875","0.890625","46","1","0.08695652173913043","6.0476190476190474","0.09449404761904762","0.4090909090909091"
"7x7-p96","7x7-p96-uct-1000","uct-1000","9","2","64","1.296875","0.40625","2.796875","0.875","49","1","0.08163265306122448","5.066666666666666","0.07916666666666666","0.6086956521739131"
"7x7-p96","7x7-p96-uct-1000","uct-1000","9","1","64","2.796875","0.875","2.796875","0.875","96","1","0.0625","3.033333333333333","0.04739583333333333","0.7931034482758621"
"7x7-p96","7x7-p96-uct-1000","uct-1000","9","3","64","0.53125","0.0625","2.796875","0.875","34","1","0.08823529411764706","6.451612903225806","0.10080645161290322","0.4375"
"7x7-p96","7x7-p96-uct-1000","uct-1000","10","2","64","1.703125","0.546875","3.5","0.953125","63","1","0.06349206349206349","4.830508474576271","0.07547669491525423","0.5666666666666667"
"7x7-p96","7x7-p96-uct-1000","uct-1000","10","1","64","3.5","0.953125","3.5","0.953125","115","1","0.05217391304347826","3.073394495412844","0.04802178899082569","0.7592592592592593"
"7x7-p96","7x7-p96-uct-1000","uct-1000","10","3","64","0.71875","0.109375","3.5","0.953125","46","1","0.06521739130434782","5.883720930232558","0.09193313953488372","0.4090909090909091"
"7x7-p96","7x7-p96-uct-1000","uct-1000","11","2","64","1.671875","0.5","3.40625","0.921875","63","1","0.09523809523809523","4.526315789473684","0.07072368421052631","0.559322033898305"
"7x7-p96","7x7-p96-uct-1000","uct-1000","11","1","64","3.40625","0.921875","3.40625","0.921875","111","1","0.06306306306306306","2.9326923076923075","0.045823317307692304","0.75"
"7x7-p96","7x7-p96-uct-1000","uct-1000","11","3","64","0.6875","0.171875","3.40625","0.921875","44","1","0.11363636363636363","5.6923076923076925","0.0889423076923077","0.38095238095238093"
"7x7-p96","7x7-p96-uct-1000","uct-1000","12","2","64","1.828125","0.671875","3.484375","0.890625","67","1","0.07462686567164178","3.661290322580645","0.05720766129032258","0.78125"
"7x7-p96","7x7-p96-uct-1000","uct-1000","12","1","64","3.484375","0.890625","3.484375","0.890625","106","1","0.0660377358490566","2.6666666666666665","0.041666666666666664","0.86"
"7x7-p96","7x7-p96-uct-1000","uct-1000","12","3","64","0.78125","0.171875","3.484375","0.890625","50","1","0.08","4.239130434782608","0.06623641304347826","0.7083333333333334"
"7x7-p96","7x7-p96-uct-1000","uct-1000","13","2","64","1.6875","0.546875","3.171875","0.890625","62","1","0.08064516129032258","4.5964912280701755","0.07182017543859649","0.559322033898305"
"7x7-p96","7x7-p96-uct-1000","uct-1000","13","1","64","3.171875","0.890625","3.171875","0.890625","95","1","0.07368421052631578","3.3295454545454546","0.05202414772727273","0.7078651685393258"
"7x7-p96","7x7-p96-uct-1000","uct-1000","13","3","64","0.71875","0.171875","3.171875","0.890625","46","1","0.06521739130434782","5.441860465116279","0.08502906976744186","0.43478260869565216"
"7x7-p96","7x7-p96-uct-1000","uct-1000","14","2","64","1.953125","0.6875","3.640625","0.921875","73","1","0.0547945205479452","4.27536231884058","0.06680253623188406","0.6666666666666666"
"7x7-p96","7x7-p96-uct-1000","uct-1000","14","1","64","3.640625","0.921875","3.640625","0.921875","108","1","0.06481481481481481","3.237623762376238","0.050587871287128716","0.77"
"7x7-p96","7x7-p96-uct-1000","uct-1000","14","3","64","0.8125","0.15625","3.640625","0.921875","52","1","0.038461538461538464","5.14","0.0803125","0.54"
"7x7-p96","7x7-p96-uct-1000","uct-1000","15","2","64","1.578125","0.5625","3.125","0.890625","59","1","0.06779661016949153","4.509090909090909","0.07045454545454545","0.6363636363636364"
"7x7-p96","7x7-p96-uct-1000","uct-1000","15","1","64","3.125","0.890625","3.125","0.890625","99","1","0.06060606060606061","3.075268817204301","0.0480510752688172","0.782608695652174"
"7x7-p96","7x7-p96-uct-1000","uct-1000","15","3","64","0.65625","0.109375","3.125","0.890625","42","1","0.07142857142857142","5.538461538461538","0.08653846153846154","0.5121951219512195"
"7x7-p96","7x7-p96-uct-1000","uct-1000","16","2","64","1.9375","0.640625","3.546875","0.9375","74","0.9857142857142858","0.05405405405405406","4.36231884057971","0.06816123188405797","0.6901408450704225"
"7x7-p96","7x7-p96-uct-1000","uct-1000","16","1","64","3.546875","0.9375","3.546875","0.9375","103","0.9896907216494846","0.05825242718446602","3.4166666666666665","0.053385416666666664","0.7731958762886598"
"7x7-p96","7x7-p96-uct-1000","uct-1000","16","3","64","0.78125","0.21875","3.546875","0.9375","50","0.9782608695652174","0.08","5.622222222222222","0.08784722222222222","0.5319148936170213"
"7x7-p96","7x7-p96-uct-1000","uct-1000","17","2","64","1.859375","0.6875","3.40625","0.828125","72","1","0.06944444444444445","3.925373134328358","0.0613339552238806","0.7164179104477612"
"7x7-p96","7x7-p96-uct-1000","uct-1000","17","1","64","3.40625","0.828125","3.40625","0.828125","99","1","0.06060606060606061","3.10752688172043","0.04855510752688172","0.7912087912087912"
"7x7-p96","7x7-p96-uct-1000","uct-1000","17","3","64","0.734375","0.15625","3.40625","0.828125","47","1","0.0851063829787234","5","0.078125","0.5581395348837209"
"7x7-p96","7x7-p96-uct-1000","uct-1000","18","2","64","1.75","0.578125","3.546875","0.921875","63","1","0.07936507936507936","4.879310344827586","0.07623922413793104","0.5254237288135594"
"7x7-p96","7x7-p96-uct-1000","uct-1000","18","1","64","3.546875","0.921875","3.546875","0.921875","115","1","0.05217391304347826","3.0642201834862384","0.047878440366972475","0.7431192660550459"
"7x7-p96","7x7-p96-uct-1000","uct-1000","18","3","64","0.765625","0.1875","3.546875","0.921875","49","1","0.061224489795918366","5.630434782608695","0.08797554347826086","0.40425531914893614"
"7x7-p96","7x7-p96-uct-1000","uct-1000","19","2","64","1.515625","0.515625","2.84375","0.84375","58","0.9807692307692307","0.10344827586206896","4.254901960784314","0.0664828431372549","0.6792452830188679"
"7x7-p96","7x7-p96-uct-1000","uct-1000","19","1","64","2.84375","0.84375","2.84375","0.84375","85","0.9873417721518988","0.07058823529411765","3.128205128205128","0.04887820512820513","0.7848101265822784"
"7x7-p96","7x7-p96-uct-1000","uct-1000","19","3","64","0.609375","0.0625","2.84375","0.84375","39","1","0.10256410256410256","5.285714285714286","0.08258928571428571","0.5675675675675675"
"7x7-p96","7x7-p96-uct-1000","uct-1000","20","2","64","1.515625","0.515625","2.953125","0.90625","54","1","0.07407407407407407","4.96","0.0775","0.6078431372549019"
"7x7-p96","7x7-p96-uct-1000","uct-1000","20","1","64","2.953125","0.90625","2.953125","0.90625","92","1","0.06521739130434782","3.302325581395349","0.05159883720930233","0.7619047619047619"
"7x7-p96","7x7-p96-uct-1000","uct-1000","20","3","64","0.671875","0.171875","2.953125","0.90625","43","1","0.06976744186046512","5.7","0.0890625","0.5238095238095238"
"7x7-p96","7x7-p96-uct-1000","uct-1000","21","2","64","1.890625","0.671875","3.59375","0.90625","69","1","0.08695652173913043","4.555555555555555","0.07118055555555555","0.59375"
"7x7-p96","7x7-p96-uct-1000","uct-1000","21","1","64","3.59375","0.90625","3.59375","0.90625","109","0.9902912621359223","0.05504587155963303","3.196078431372549","0.04993872549019608","0.7352941176470589"
"7x7-p96","7x7-p96-uct-1000","uct-1000","21","3","64","0.8125","0.203125","3.59375","0.90625","52","1","0.09615384615384616","5.425531914893617","0.08477393617021277","0.46938775510204084"
"7x7-p96","7x7-p96-uct-1000","uct-1000","22","2","64","1.484375","0.515625","3.0625","0.875","56","1","0.08928571428571429","4.078431372549019","0.06372549019607843","0.6730769230769231"
"7x7-p96","7x7-p96-uct-1000","uct-1000","22","1","64","3.0625","0.875","3.0625","0.875","101","0.9894736842105263","0.0594059405940594","2.6702127659574466","0.0417220744680851","0.8085106382978723"
"7x7-p96","7x7-p96-uct-1000","uct-1000","22","3","64","0.609375","0.109375","3.0625","0.875","39","1","0.10256410256410256","5.0285714285714285","0.07857142857142857","0.5277777777777778"
"7x7-p96","7x7-p96-uct-1000","uct-1000","23","2","64","1.9375","0.65625","3.609375","0.953125","71","1","0.07042253521126761","4.409090909090909","0.06889204545454546","0.7121212121212122"
"7x7-p96","7x7-p96-uct-1000","uct-1000","23","1","64","3.609375","0.953125","3.609375","0.953125","107","1","0.056074766355140186","3.227722772277228","0.050433168316831686","0.8080808080808081"
"7x7-p96","7x7-p96-uct-1000","uct-1000","23","3","64","0.828125","0.1875","3.609375","0.953125","53","1","0.05660377358490566","5.18","0.0809375","0.62"
"7x7-p96","7x7-p96-uct-1000","uct-1000","24","2","64","1.875","0.625","3.625","0.953125","71","1","0.07042253521126761","4.2727272727272725","0.06676136363636363","0.6119402985074627"
"7x7-p96","7x7-p96-uct-1000","uct-1000","24","1","64","3.625","0.953125","3.625","0.953125","112","1","0.05357142857142857","3.0377358490566038","0.047464622641509434","0.7450980392156863"
"7x7-p96","7x7-p96-uct-1000","uct-1000","24","3","64","0.765625","0.15625","3.625","0.953125","49","1","0.061224489795918366","5.260869565217392","0.08220108695652174","0.4583333333333333"
"7x7-p96","7x7-p96-uct-1000","uct-1000","25","2","64","1.546875","0.5625","2.859375","0.890625","54","0.9795918367346939","0.09259259259259259","4.9375","0.0771484375","0.45098039215686275"
"7x7-p96","7x7-p96-uct-1000","uct-1000","25","1","64","2.859375","0.890625","2.859375","0.890625","84","0.9746835443037974","0.05952380952380952","3.4545454545454546","0.05397727272727273","0.6455696202531646"
"7x7-p96","7x7-p96-uct-1000","uct-1000","25","3","64","0.703125","0.140625","2.859375","0.890625","45","0.9761904761904762","0.06666666666666667","5.439024390243903","0.08498475609756098","0.36363636363636365"
"7x7-p96","7x7-p96-uct-1000","uct-1000","26","2","64","1.421875","0.46875","2.9375","0.859375","54","1","0.07407407407407407","4.9","0.0765625","0.5882352941176471"
"7x7-p96","7x7-p96-uct-1000","uct-1000","26","1","64","2.9375","0.859375","2.9375","0.859375","97","1","0.07216494845360824","3.1666666666666665","0.049479166666666664","0.7558139534883721"
"7x7-p96","7x7-p96-uct-1000","uct-1000","26","3","64","0.578125","0.09375","2.9375","0.859375","37","1","0.05405405405405406","6.142857142857143","0.09598214285714286","0.4166666666666667"
"7x7-p96","7x7-p96-uct-1000","uct-1000","27","2","64","1.640625","0.59375","3.15625","0.90625","61","0.9818181818181818","0.09836065573770492","4.574074074074074","0.07146990740740741","0.5833333333333334"
"7x7-p96","7x7-p96-uct-1000","uct-1000","27","1","64","3.15625","0.90625","3.15625","0.90625","97","0.9888888888888889","0.07216494845360824","3.168539325842697","0.04950842696629214","0.7340425531914894"
"7x7-p96","7x7-p96-uct-1000","uct-1000","27","3","64","0.6875","0.078125","3.15625","0.90625","44","1","0.13636363636363635","5.657894736842105","0.0884046052631579","0.4418604651162791"
"7x7-p96","7x7-p96-uct-1000","uct-1000","28","2","64","2","0.6875","3.625","0.90625","76","1","0.05263157894736842","4.180555555555555","0.06532118055555555","0.6338028169014085"
"7x7-p96","7x7-p96-uct-1000","uct-1000","28","1","64","3.625","0.90625","3.625","0.90625","104","1","0.0673076923076923","3.3608247422680413","0.052512886597938145","0.7263157894736842"
"7x7-p96","7x7-p96-uct-1000","uct-1000","28","3","64","0.8125","0.171875","3.625","0.90625","52","1","0.057692307692307696","5.204081632653061","0.08131377551020408","0.46938775510204084"
"7x7-p96","7x7-p96-uct-1000","uct-1000","29","2","64","1.65625","0.59375","3.15625","0.828125","61","0.9818181818181818","0.09836065573770492","4.537037037037037","0.0708912037037037","0.6140350877192983"
"7x7-p96","7x7-p96-uct-1000","uct-1000","29","1","64","3.15625","0.828125","3.15625","0.828125","96","0.9886363636363636","0.08333333333333333","3.1954022988505746","0.04992816091954023","0.75"
"7x7-p96","7x7-p96-uct-1000","uct-1000","29","3","64","0.703125","0.140625","3.15625","0.828125","45","1","0.08888888888888889","5.341463414634147","0.08346036585365854","0.5116279069767442"
"7x7-p96","7x7-p96-uct-1000","uct-1000","30","2","64","1.65625","0.546875","3.21875","0.890625","63","0.9824561403508771","0.09523809523809523","4.625","0.072265625","0.6229508196721312"
"7x7-p96","7x7-p96-uct-1000","uct-1000","30","1","64","3.21875","0.890625","3.21875","0.890625","100","0.989247311827957","0.07","3.2065217391304346","0.05010190217391304","0.7578947368421053"
"7x7-p96","7x7-p96-uct-1000","uct-1000","30","3","64","0.671875","0.125","3.21875","0.890625","43","1","0.11627906976744186","5.868421052631579","0.09169407894736842","0.47619047619047616"
"7x7-p96","7x7-p96-uct-1000","uct-1000","31","2","64","1.46875","0.5625","2.9375","0.875","54","1","0.1111111111111111","4.604166666666667","0.07194010416666667","0.5686274509803921"
"7x7-p96","7x7-p96-uct-1000","uct-1000","31","1","64","2.9375","0.875","2.9375","0.875","94","1","0.06382978723404255","2.965909090909091","0.046342329545454544","0.7555555555555555"
"7x7-p96","7x7-p96-uct-1000","uct-1000","31","3","64","0.625","0.09375","2.9375","0.875","40","1","0.1","5.472222222222222","0.08550347222222222","0.4358974358974359"
"7x7-p96","7x7-p96-uct-1000","uct-1000","32","2","64","1.46875","0.484375","3.015625","0.90625","53","1","0.07547169811320754","5.918367346938775","0.09247448979591837","0.47058823529411764"
"7x7-p96","7x7-p96-uct-1000","uct-1000","32","1","64","3.015625","0.90625","3.015625","0.90625","99","1","0.06060606060606061","3.5913978494623655","0.05611559139784946","0.7127659574468085"
"7x7-p96","7x7-p96-uct-1000","uct-1000","32","3","64","0.640625","0.078125","3.015625","0.90625","41","1","0.0975609756097561","7.1891891891891895","0.11233108108108109","0.3076923076923077"
"7x7-p96","7x7-p96-uct-1000","uct-1000","33","2","64","1.609375","0.578125","3.109375","0.890625","59","1","0.06779661016949153","5.0181818181818185","0.07840909090909091","0.5714285714285714"
"7x7-p96","7x7-p96-uct-1000","uct-1000","33","1","64","3.109375","0.890625","3.109375","0.890625","96","1","0.0625","3.4555555555555557","0.05399305555555556","0.7303370786516854"
"7x7-p96","7x7-p96-uct-1000","uct-1000","33","3","64","0.6875","0.125","3.109375","0.890625","44","1","0.06818181818181818","6.048780487804878","0.09451219512195122","0.4418604651162791"
"7x7-p96","7x7-p96-uct-1000","uct-1000","34","2","64","1.78125","0.625","3.390625","0.9375","65","0.9836065573770492","0.06153846153846154","4.383333333333334","0.06848958333333334","0.5967741935483871"
"7x7-p96","7x7-p96-uct-1000","uct-1000","34","1","64","3.390625","0.9375","3.390625","0.9375","103","0.9897959183673469","0.04854368932038835","3.0927835051546393","0.04832474226804124","0.7422680412371134"
"7x7-p96","7x7-p96-uct-1000","uct-1000","34","3","64","0.765625","0.1875","3.390625","0.9375","49","1","0.04081632653061224","5.042553191489362","0.07878989361702128","0.5"
"7x7-p96","7x7-p96-uct-1000","uct-1000","35","2","64","1.859375","0.640625","3.5625","0.9375","73","1","0.0547945205479452","3.8115942028985508","0.059556159420289856","0.7"
"7x7-p96","7x7-p96-uct-1000","uct-1000","35","1","64","3.5625","0.9375","3.5625","0.9375","109","1","0.06422018348623854","2.9019607843137254","0.04534313725490196","0.79"
"7x7-p96","7x7-p96-uct-1000","uct-1000","35","3","64","0.71875","0.171875","3.5625","0.9375","46","1","0.043478260869565216","4.840909090909091","0.07563920454545454","0.5434782608695652"
"7x7-p96","7x7-p96-uct-1000","uct-1000","36","2","64","1.71875","0.625","3.4375","0.9375","65","1","0.06153846153846154","4.540983606557377","0.07095286885245902","0.7166666666666667"
"7x7-p96","7x7-p96-uct-1000","uct-1000","36","1","64","3.4375","0.9375","3.4375","0.9375","110","1","0.05454545454545454","3.076923076923077","0.04807692307692308","0.83"
"7x7-p96","7x7-p96-uct-1000","uct-1000","36","3","64","0.703125","0.125","3.4375","0.9375","45","1","0.044444444444444446","5.604651162790698","0.08757267441860465","0.6046511627906976"
"7x7-p96","7x7-p96-uct-1000","uct-1000","37","2","64","1.3125","0.390625","2.59375","0.84375","49","1","0.08163265306122448","4.644444444444445","0.07256944444444445","0.5957446808510638"
"7x7-p96","7x7-p96-uct-1000","uct-1000","37","1","64","2.59375","0.84375","2.59375","0.84375","82","1","0.06097560975609756","3.1298701298701297","0.048904220779220776","0.7564102564102564"
"7x7-p96","7x7-p96-uct-1000","uct-1000","37","3","64","0.546875","0.0625","2.59375","0.84375","35","1","0.08571428571428572","5.71875","0.08935546875","0.4411764705882353"
"7x7-p96","7x7-p96-uct-1000","uct-1000","38","2","64","1.640625","0.578125","3.09375","0.890625","63","1","0.07936507936507936","4.396551724137931","0.06869612068965517","0.6271186440677966"
"7x7-p96","7x7-p96-uct-1000","uct-1000","38","1","64","3.09375","0.890625","3.09375","0.890625","93","1","0.06451612903225806","3.264367816091954","0.05100574712643678","0.7471264367816092"
"7x7-p96","7x7-p96-uct-1000","uct-1000","38","3","64","0.65625","0.140625","3.09375","0.890625","42","1","0.07142857142857142","5.564102564102564","0.08693910256410256","0.47619047619047616"
"7x7-p96","7x7-p96-uct-1000","uct-1000","39","2","64","1.375","0.421875","2.9375","0.859375","56","0.9807692307692307","0.07142857142857142","4.254901960784314","0.0664828431372549","0.6792452830188679"
"7x7-p96","7x7-p96-uct-1000","uct-1000","39","1","64","2.9375","0.859375","2.9375","0.859375","100","0.9789473684210527","0.05","2.78494623655914","0.04351478494623656","0.8105263157894737"
"7x7-p96","7x7-p96-uct-1000","uct-1000","39","3","64","0.5","0.03125","2.9375","0.859375","32","1","0.0625","5.833333333333333","0.09114583333333333","0.4838709677419355"
"7x7-p96","7x7-p96-uct-1000","uct-1000","40","2","64","1.640625","0.5625","3.234375","0.84375","63","1","0.07936507936507936","4.120689655172414","0.06438577586206896","0.6101694915254238"
"7x7-p96","7x7-p96-uct-1000","uct-1000","40","1","64","3.234375","0.84375","3.234375","0.84375","102","1","0.058823529411764705","2.8854166666666665","0.045084635416666664","0.7604166666666666"
"7x7-p96","7x7-p96-uct-1000","uct-1000","40","3","64","0.65625","0.046875","3.234375","0.84375","42","1","0.07142857142857142","5.153846153846154","0.08052884615384616","0.425"
"7x7-p96","7x7-p96-uct-1000","uct-1000","41","2","64","1.453125","0.46875","2.765625","0.8125","53","1","0.09433962264150944","5.166666666666667","0.08072916666666667","0.5"
"7x7-p96","7x7-p96-uct-1000","uct-1000","41","1","64","2.765625","0.8125","2.765625","0.8125","84","1","0.08333333333333333","3.5974025974025974","0.056209415584415584","0.6794871794871795"
"7x7-p96","7x7-p96-uct-1000","uct-1000","41","3","64","0.625","0.09375","2.765625","0.8125","40","1","0.125","6.3428571428571425","0.09910714285714285","0.32432432432432434"
"7x7-p96","7x7-p96-uct-1000","uct-1000","42","2","64","1.703125","0.578125","3.265625","0.875","64","1","0.046875","4.278688524590164","0.06685450819672131","0.6557377049180327"
"7x7-p96","7x7-p96-uct-1000","uct-1000","42","1","64","3.265625","0.875","3.265625","0.875","100","0.9894736842105263","0.05","3.127659574468085","0.04886968085106383","0.7608695652173914"
"7x7-p96","7x7-p96-uct-1000","uct-1000","42","3","64","0.703125","0.140625","3.265625","0.875","45","1","0.044444444444444446","5.232558139534884","0.08175872093023256","0.5116279069767442"
"7x7-p96","7x7-p96-uct-1000","uct-1000","43","2","64","1.734375","0.65625","3.296875","0.90625","68","1","0.07352941176470588","3.8095238095238093","0.05952380952380952","0.7230769230769231"
"7x7-p96","7x7-p96-uct-1000","uct-1000","43","1","64","3.296875","0.90625","3.296875","0.90625","100","1","0.06","2.882978723404255","0.04504654255319149","0.8105263157894737"
"7x7-p96","7x7-p96-uct-1000","uct-1000","43","3","64","0.671875","0.109375","3.296875","0.90625","43","1","0.09302325581395349","4.923076923076923","0.07692307692307693","0.5609756097560976"
"7x7-p96","7x7-p96-uct-1000","uct-1000","44","2","64","1.671875","0.609375","3.171875","0.890625","59","1","0.0847457627118644","4.851851851851852","0.07581018518518519","0.4827586206896552"
"7x7-p96","7x7-p96-uct-1000","uct-1000","44","1","64","3.171875","0.890625","3.171875","0.890625","96","1","0.0625","3.311111111111111","0.05173611111111111","0.6739130434782609"
"7x7-p96","7x7-p96-uct-1000","uct-1000","44","3","64","0.75","0.078125","3.171875","0.890625","48","1","0.08333333333333333","5.5","0.0859375","0.375"
"7x7-p96","7x7-p96-uct-1000","uct-1000","45","2","64","1.640625","0.53125","3.3125","0.9375","64","0.9830508474576272","0.078125","3.7758620689655173","0.05899784482758621","0.6451612903225806"
"7x7-p96","7x7-p96-uct-1000","uct-1000","45","1","64","3.3125","0.9375","3.3125","0.9375","107","0.9801980198019802","0.056074766355140186","2.6262626262626263","0.041035353535353536","0.7745098039215687"
"7x7-p96","7x7-p96-uct-1000","uct-1000","45","3","64","0.640625","0.125","3.3125","0.9375","41","0.9722222222222222","0.12195121951219512","4.942857142857143","0.07723214285714286","0.45"
"7x7-p96","7x7-p96-uct-1000","uct-1000","46","2","64","2","0.6875","3.765625","0.9375","75","1","0.06666666666666667","4.1571428571428575","0.06495535714285715","0.6338028169014085"
"7x7-p96","7x7-p96-uct-1000","uct-1000","46","1","64","3.765625","0.9375","3.765625","0.9375","113","1","0.061946902654867256","3.0849056603773586","0.04820165094339623","0.7570093457943925"
"7x7-p96","7x7-p96-uct-1000","uct-1000","46","3","64","0.828125","0.1875","3.765625","0.9375","53","1","0.07547169811320754","5.081632653061225","0.07940051020408163","0.49019607843137253"
"7x7-p96","7x7-p96-uct-1000","uct-1000","47","2","64","1.6875","0.5","3.328125","0.90625","60","1","0.06666666666666667","4.857142857142857","0.07589285714285714","0.5263157894736842"
"7x7-p96","7x7-p96-uct-1000","uct-1000","47","1","64","3.328125","0.90625","3.328125","0.90625","105","1","0.06666666666666667","3.204081632653061","0.05006377551020408","0.7216494845360825"
"7x7-p96","7x7-p96-uct-1000","uct-1000","47","3","64","0.75","0.15625","3.328125","0.90625","48","1","0.08333333333333333","5.636363636363637","0.08806818181818182","0.41304347826086957"
"7x7-p96","7x7-p96-uct-1000","uct-1000","48","2","64","1.640625","0.546875","3.28125","0.921875","65","1","0.07692307692307693","4.3","0.0671875","0.5666666666666667"
"7x7-p96","7x7-p96-uct-1000","uct-1000","48","1","64","3.28125","0.921875","3.28125","0.921875","105","1","0.06666666666666667","3.020408163265306","0.047193877551020405","0.7346938775510204"
"7x7-p96","7x7-p96-uct-1000","uct-1000","48","3","64","0.625","0.125","3.28125","0.921875","40","1","0.05","5.631578947368421","0.08799342105263158","0.3333333333333333"
"7x7-p96","7x7-p96-uct-1000","uct-1000","49","2","64","1.890625","0.625","3.5625","0.90625","70","1","0.05714285714285714","4.287878787878788","0.06699810606060606","0.696969696969697"
"7x7-p96","7x7-p96-uct-1000","uct-1000","49","1","64","3.5625","0.90625","3.5625","0.90625","107","1","0.06542056074766354","3.17","0.04953125","0.7959183673469388"
"7x7-p96","7x7-p96-uct-1000","uct-1000","49","3","64","0.796875","0.1875","3.5625","0.90625","51","1","0.0392156862745098","5.081632653061225","0.07940051020408163","0.5918367346938775"
"7x7-p96","7x7-p96-uct-1000","uct-1000","50","2","64","1.546875","0.546875","3.015625","0.890625","57","0.9807692307692307","0.08771929824561403","5.235294117647059","0.0818014705882353","0.5555555555555556"
"7x7-p96","7x7-p96-uct-1000","uct-1000","50","1","64","3.015625","0.890625","3.015625","0.890625","94","0.9886363636363636","0.06382978723404255","3.4827586206896552","0.05441810344827586","0.7272727272727273"
"7x7-p96","7x7-p96-uct-1000","uct-1000","50","3","64","0.65625","0.046875","3.015625","0.890625","42","0.9736842105263158","0.09523809523809523","6.45945945945946","0.10092905405405406","0.4"
