"board","experiment_id","search_level","game_index","late_objective_placements","late_objective_placements_per_total","target_state_changed_rate","local_lead_changed_rate","contributes_to_securing_rate","global_comparison_changed_rate","global_outcome_still_mutable_rate","region_outcome_fixed_before_rate"
"7x7-p72","7x7-seeded-random","seeded-random","1","18","0.125","0.5","0","0.16666666666666666","0.16666666666666666","0.8888888888888888","0.05555555555555555"
"7x7-p72","7x7-seeded-random","seeded-random","2","13","0.09027777777777778","0.5384615384615384","0.15384615384615385","0.07692307692307693","0.23076923076923078","1","0.07692307692307693"
"7x7-p72","7x7-seeded-random","seeded-random","3","14","0.09722222222222222","0.7857142857142857","0.07142857142857142","0","0.35714285714285715","1","0"
"7x7-p72","7x7-seeded-random","seeded-random","4","15","0.10416666666666667","0.5333333333333333","0.06666666666666667","0.13333333333333333","0","1","0.13333333333333333"
"7x7-p72","7x7-seeded-random","seeded-random","5","19","0.13194444444444445","0.8947368421052632","0","0.2631578947368421","0","0.9473684210526315","0.15789473684210525"
"7x7-p72","7x7-seeded-random","seeded-random","6","17","0.11805555555555555","0.47058823529411764","0.11764705882352941","0.11764705882352941","0.11764705882352941","0.9411764705882353","0.058823529411764705"
"7x7-p72","7x7-seeded-random","seeded-random","7","21","0.14583333333333334","0.7619047619047619","0.14285714285714285","0.047619047619047616","0.047619047619047616","1","0.047619047619047616"
"7x7-p72","7x7-seeded-random","seeded-random","8","19","0.13194444444444445","0.6842105263157895","0.10526315789473684","0.10526315789473684","0","1","0.15789473684210525"
"7x7-p72","7x7-seeded-random","seeded-random","9","18","0.125","0.7222222222222222","0","0.16666666666666666","0.16666666666666666","0.8888888888888888","0.16666666666666666"
"7x7-p72","7x7-seeded-random","seeded-random","10","20","0.1388888888888889","0.7","0.1","0.05","0","0.9","0.1"
"7x7-p72","7x7-seeded-random","seeded-random","11","15","0.10416666666666667","0.8666666666666667","0.26666666666666666","0.13333333333333333","0","1","0"
"7x7-p72","7x7-seeded-random","seeded-random","12","13","0.09027777777777778","0.6153846153846154","0.15384615384615385","0.15384615384615385","0.07692307692307693","1","0"
"7x7-p72","7x7-seeded-random","seeded-random","13","19","0.13194444444444445","0.631578947368421","0.15789473684210525","0.10526315789473684","0.10526315789473684","0.9473684210526315","0.05263157894736842"
"7x7-p72","7x7-seeded-random","seeded-random","14","19","0.13194444444444445","0.6842105263157895","0.21052631578947367","0.10526315789473684","0","1","0.05263157894736842"
"7x7-p72","7x7-seeded-random","seeded-random","15","13","0.09027777777777778","0.9230769230769231","0.15384615384615385","0.23076923076923078","0","1","0.23076923076923078"
"7x7-p72","7x7-seeded-random","seeded-random","16","19","0.13194444444444445","0.7368421052631579","0.10526315789473684","0.10526315789473684","0","1","0"
"7x7-p72","7x7-seeded-random","seeded-random","17","19","0.13194444444444445","0.7894736842105263","0.10526315789473684","0.10526315789473684","0.10526315789473684","0.9473684210526315","0.05263157894736842"
"7x7-p72","7x7-seeded-random","seeded-random","18","19","0.13194444444444445","0.631578947368421","0.2631578947368421","0.15789473684210525","0","0.7894736842105263","0.05263157894736842"
"7x7-p72","7x7-seeded-random","seeded-random","19","21","0.14583333333333334","0.7142857142857143","0.047619047619047616","0.09523809523809523","0.047619047619047616","1","0.09523809523809523"
"7x7-p72","7x7-seeded-random","seeded-random","20","13","0.09027777777777778","0.6923076923076923","0.07692307692307693","0.07692307692307693","0","0.9230769230769231","0.07692307692307693"
"7x7-p72","7x7-seeded-random","seeded-random","21","19","0.13194444444444445","0.5263157894736842","0","0.10526315789473684","0","0.9473684210526315","0.10526315789473684"
"7x7-p72","7x7-seeded-random","seeded-random","22","16","0.1111111111111111","0.6875","0.0625","0","0","1","0"
"7x7-p72","7x7-seeded-random","seeded-random","23","19","0.13194444444444445","0.7368421052631579","0.10526315789473684","0.15789473684210525","0.05263157894736842","1","0.15789473684210525"
"7x7-p72","7x7-seeded-random","seeded-random","24","13","0.09027777777777778","0.6923076923076923","0.23076923076923078","0.15384615384615385","0","0.9230769230769231","0.07692307692307693"
"7x7-p72","7x7-seeded-random","seeded-random","25","11","0.0763888888888889","1","0","0.09090909090909091","0","1","0"
"7x7-p72","7x7-seeded-random","seeded-random","26","12","0.08333333333333333","0.9166666666666666","0.16666666666666666","0.08333333333333333","0.16666666666666666","1","0.08333333333333333"
"7x7-p72","7x7-seeded-random","seeded-random","27","24","0.16666666666666666","0.7083333333333334","0.2916666666666667","0.16666666666666666","0.125","1","0.08333333333333333"
"7x7-p72","7x7-seeded-random","seeded-random","28","16","0.1111111111111111","0.6875","0.1875","0.0625","0.0625","1","0.0625"
"7x7-p72","7x7-seeded-random","seeded-random","29","18","0.125","0.6666666666666666","0.2777777777777778","0","0","1","0"
"7x7-p72","7x7-seeded-random","seeded-random","30","14","0.09722222222222222","0.8571428571428571","0.21428571428571427","0.07142857142857142","0","0.9285714285714286","0"
"7x7-p72","7x7-seeded-random","seeded-random","31","17","0.11805555555555555","0.8235294117647058","0.23529411764705882","0.17647058823529413","0","0.8823529411764706","0.11764705882352941"
"7x7-p72","7x7-seeded-random","seeded-random","32","17","0.11805555555555555","0.7647058823529411","0.29411764705882354","0.058823529411764705","0.17647058823529413","0.9411764705882353","0.058823529411764705"
"7x7-p72","7x7-seeded-random","seeded-random","33","17","0.11805555555555555","0.7647058823529411","0","0","0","1","0.17647058823529413"
"7x7-p72","7x7-seeded-random","seeded-random","34","18","0.125","0.6111111111111112","0.1111111111111111","0.16666666666666666","0","0.8888888888888888","0.16666666666666666"
"7x7-p72","7x7-seeded-random","seeded-random","35","20","0.1388888888888889","0.75","0.15","0.05","0","0.95","0.15"
"7x7-p72","7x7-seeded-random","seeded-random","36","17","0.11805555555555555","0.7058823529411765","0.29411764705882354","0.058823529411764705","0","0.9411764705882353","0.058823529411764705"
"7x7-p72","7x7-seeded-random","seeded-random","37","17","0.11805555555555555","0.8823529411764706","0.5294117647058824","0","0.47058823529411764","1","0"
"7x7-p72","7x7-seeded-random","seeded-random","38","23","0.1597222222222222","0.7391304347826086","0.13043478260869565","0.21739130434782608","0","0.8260869565217391","0.08695652173913043"
"7x7-p72","7x7-seeded-random","seeded-random","39","20","0.1388888888888889","0.9","0.15","0","0","0.9","0.15"
"7x7-p72","7x7-seeded-random","seeded-random","40","18","0.125","0.6111111111111112","0.16666666666666666","0.1111111111111111","0.2222222222222222","0.8888888888888888","0.1111111111111111"
"7x7-p72","7x7-seeded-random","seeded-random","41","17","0.11805555555555555","0.7058823529411765","0.35294117647058826","0.058823529411764705","0.058823529411764705","0.8823529411764706","0.058823529411764705"
"7x7-p72","7x7-seeded-random","seeded-random","42","16","0.1111111111111111","0.875","0.25","0.1875","0.0625","1","0"
"7x7-p72","7x7-seeded-random","seeded-random","43","17","0.11805555555555555","0.7058823529411765","0.29411764705882354","0.058823529411764705","0.11764705882352941","1","0"
"7x7-p72","7x7-seeded-random","seeded-random","44","16","0.1111111111111111","0.6875","0.3125","0.125","0","1","0.0625"
"7x7-p72","7x7-seeded-random","seeded-random","45","12","0.08333333333333333","0.75","0.25","0.16666666666666666","0.08333333333333333","0.8333333333333334","0.16666666666666666"
"7x7-p72","7x7-seeded-random","seeded-random","46","20","0.1388888888888889","0.6","0.45","0","0","0.8","0.1"
"7x7-p72","7x7-seeded-random","seeded-random","47","19","0.13194444444444445","0.8421052631578947","0.21052631578947367","0.15789473684210525","0.2631578947368421","0.9473684210526315","0.05263157894736842"
"7x7-p72","7x7-seeded-random","seeded-random","48","15","0.10416666666666667","0.8","0.26666666666666666","0.2","0.13333333333333333","1","0"
"7x7-p72","7x7-seeded-random","seeded-random","49","18","0.125","0.8333333333333334","0.16666666666666666","0.05555555555555555","0","0.9444444444444444","0.05555555555555555"
"7x7-p72","7x7-seeded-random","seeded-random","50","13","0.09027777777777778","0.6923076923076923","0.15384615384615385","0.15384615384615385","0.07692307692307693","0.9230769230769231","0"
"7x7-p72","7x7-seeded-random","seeded-random","51","9","0.0625","0.4444444444444444","0.3333333333333333","0","0","0.7777777777777778","0.2222222222222222"
"7x7-p72","7x7-seeded-random","seeded-random","52","16","0.1111111111111111","0.75","0.1875","0.1875","0.0625","1","0"
"7x7-p72","7x7-seeded-random","seeded-random","53","15","0.10416666666666667","0.8","0.06666666666666667","0.2","0.13333333333333333","1","0.13333333333333333"
"7x7-p72","7x7-seeded-random","seeded-random","54","15","0.10416666666666667","0.8","0.06666666666666667","0.2","0.06666666666666667","1","0.2"
"7x7-p72","7x7-seeded-random","seeded-random","55","9","0.0625","0.8888888888888888","0.1111111111111111","0.1111111111111111","0","1","0"
"7x7-p72","7x7-seeded-random","seeded-random","56","19","0.13194444444444445","0.8421052631578947","0.21052631578947367","0.05263157894736842","0","1","0"
"7x7-p72","7x7-seeded-random","seeded-random","57","17","0.11805555555555555","0.8823529411764706","0","0.17647058823529413","0.11764705882352941","0.8235294117647058","0.17647058823529413"
"7x7-p72","7x7-seeded-random","seeded-random","58","19","0.13194444444444445","0.7894736842105263","0.10526315789473684","0.3157894736842105","0","0.8421052631578947","0.10526315789473684"
"7x7-p72","7x7-seeded-random","seeded-random","59","12","0.08333333333333333","0.9166666666666666","0.16666666666666666","0.08333333333333333","0.08333333333333333","1","0"
"7x7-p72","7x7-seeded-random","seeded-random","60","18","0.125","0.6111111111111112","0.1111111111111111","0.1111111111111111","0","0.8333333333333334","0"
"7x7-p72","7x7-seeded-random","seeded-random","61","15","0.10416666666666667","0.6666666666666666","0","0.2","0.13333333333333333","0.9333333333333333","0.06666666666666667"
"7x7-p72","7x7-seeded-random","seeded-random","62","23","0.1597222222222222","0.7391304347826086","0.21739130434782608","0.13043478260869565","0.043478260869565216","0.9565217391304348","0.13043478260869565"
"7x7-p72","7x7-seeded-random","seeded-random","63","13","0.09027777777777778","0.6153846153846154","0.23076923076923078","0.07692307692307693","0","1","0"
"7x7-p72","7x7-seeded-random","seeded-random","64","16","0.1111111111111111","0.8125","0.25","0","0","1","0.0625"
"7x7-p72","7x7-seeded-random","seeded-random","65","15","0.10416666666666667","0.6","0.13333333333333333","0.2","0","1","0"
"7x7-p72","7x7-seeded-random","seeded-random","66","17","0.11805555555555555","0.7058823529411765","0","0.11764705882352941","0.058823529411764705","0.8823529411764706","0.11764705882352941"
"7x7-p72","7x7-seeded-random","seeded-random","67","21","0.14583333333333334","0.9047619047619048","0.047619047619047616","0.23809523809523808","0","1","0.09523809523809523"
"7x7-p72","7x7-seeded-random","seeded-random","68","17","0.11805555555555555","0.8235294117647058","0.058823529411764705","0.17647058823529413","0","0.8235294117647058","0.058823529411764705"
"7x7-p72","7x7-seeded-random","seeded-random","69","18","0.125","0.6666666666666666","0.2777777777777778","0.16666666666666666","0","0.9444444444444444","0.05555555555555555"
"7x7-p72","7x7-seeded-random","seeded-random","70","14","0.09722222222222222","0.7857142857142857","0.2857142857142857","0.14285714285714285","0.14285714285714285","1","0"
"7x7-p72","7x7-seeded-random","seeded-random","71","14","0.09722222222222222","0.6428571428571429","0.14285714285714285","0.07142857142857142","0","0.8571428571428571","0.14285714285714285"
"7x7-p72","7x7-seeded-random","seeded-random","72","18","0.125","0.8333333333333334","0.16666666666666666","0.1111111111111111","0.16666666666666666","0.9444444444444444","0.05555555555555555"
"7x7-p72","7x7-seeded-random","seeded-random","73","15","0.10416666666666667","0.7333333333333333","0.06666666666666667","0.13333333333333333","0.06666666666666667","1","0.06666666666666667"
"7x7-p72","7x7-seeded-random","seeded-random","74","20","0.1388888888888889","0.7","0.15","0.1","0","0.9","0"
"7x7-p72","7x7-seeded-random","seeded-random","75","19","0.13194444444444445","0.631578947368421","0.10526315789473684","0.05263157894736842","0.05263157894736842","1","0.10526315789473684"
"7x7-p72","7x7-seeded-random","seeded-random","76","20","0.1388888888888889","0.8","0.2","0.15","0.05","1","0"
"7x7-p72","7x7-seeded-random","seeded-random","77","17","0.11805555555555555","0.7647058823529411","0.058823529411764705","0.29411764705882354","0.11764705882352941","0.8235294117647058","0.17647058823529413"
"7x7-p72","7x7-seeded-random","seeded-random","78","15","0.10416666666666667","0.6","0.13333333333333333","0","0","1","0.06666666666666667"
"7x7-p72","7x7-seeded-random","seeded-random","79","20","0.1388888888888889","0.75","0.25","0.2","0","0.9","0.15"
"7x7-p72","7x7-seeded-random","seeded-random","80","19","0.13194444444444445","0.5263157894736842","0.05263157894736842","0.05263157894736842","0","0.8421052631578947","0.15789473684210525"
"7x7-p72","7x7-seeded-random","seeded-random","81","13","0.09027777777777778","0.6153846153846154","0.15384615384615385","0.23076923076923078","0","0.9230769230769231","0"
"7x7-p72","7x7-seeded-random","seeded-random","82","8","0.05555555555555555","0.875","0","0","0","1","0.125"
"7x7-p72","7x7-seeded-random","seeded-random","83","20","0.1388888888888889","0.75","0.2","0","0","1","0.05"
"7x7-p72","7x7-seeded-random","seeded-random","84","22","0.1527777777777778","0.8181818181818182","0.18181818181818182","0.22727272727272727","0","0.9545454545454546","0.13636363636363635"
"7x7-p72","7x7-seeded-random","seeded-random","85","23","0.1597222222222222","0.7391304347826086","0.13043478260869565","0.08695652173913043","0","1","0.08695652173913043"
"7x7-p72","7x7-seeded-random","seeded-random","86","21","0.14583333333333334","0.7619047619047619","0.23809523809523808","0.047619047619047616","0.047619047619047616","1","0"
"7x7-p72","7x7-seeded-random","seeded-random","87","11","0.0763888888888889","0.6363636363636364","0","0.2727272727272727","0.18181818181818182","0.8181818181818182","0.18181818181818182"
"7x7-p72","7x7-seeded-random","seeded-random","88","20","0.1388888888888889","0.85","0.2","0.1","0.1","1","0.05"
"7x7-p72","7x7-seeded-random","seeded-random","89","17","0.11805555555555555","0.8235294117647058","0.11764705882352941","0.058823529411764705","0","0.8235294117647058","0.11764705882352941"
"7x7-p72","7x7-seeded-random","seeded-random","90","20","0.1388888888888889","0.8","0.2","0.3","0.05","1","0.05"
"7x7-p72","7x7-seeded-random","seeded-random","91","15","0.10416666666666667","0.7333333333333333","0.06666666666666667","0.13333333333333333","0","1","0"
"7x7-p72","7x7-seeded-random","seeded-random","92","17","0.11805555555555555","0.6470588235294118","0.23529411764705882","0.11764705882352941","0","0.9411764705882353","0.058823529411764705"
"7x7-p72","7x7-seeded-random","seeded-random","93","15","0.10416666666666667","0.8666666666666667","0.2","0","0","0.9333333333333333","0.06666666666666667"
"7x7-p72","7x7-seeded-random","seeded-random","94","17","0.11805555555555555","0.7647058823529411","0.29411764705882354","0.17647058823529413","0","0.9411764705882353","0.058823529411764705"
"7x7-p72","7x7-seeded-random","seeded-random","95","18","0.125","0.7222222222222222","0.16666666666666666","0.16666666666666666","0.05555555555555555","0.9444444444444444","0.16666666666666666"
"7x7-p72","7x7-seeded-random","seeded-random","96","16","0.1111111111111111","0.75","0.1875","0.1875","0.1875","1","0"
"7x7-p72","7x7-seeded-random","seeded-random","97","12","0.08333333333333333","0.75","0","0.08333333333333333","0.4166666666666667","1","0.08333333333333333"
"7x7-p72","7x7-seeded-random","seeded-random","98","12","0.08333333333333333","0.6666666666666666","0.08333333333333333","0.08333333333333333","0","0.9166666666666666","0.08333333333333333"
"7x7-p72","7x7-seeded-random","seeded-random","99","17","0.11805555555555555","0.7058823529411765","0.29411764705882354","0.11764705882352941","0","0.8235294117647058","0"
"7x7-p72","7x7-seeded-random","seeded-random","100","15","0.10416666666666667","0.8666666666666667","0.13333333333333333","0.26666666666666666","0.06666666666666667","0.8","0.2"
"7x7-p72","7x7-uct-0100","uct-0100","1","23","0.1597222222222222","0.8260869565217391","0.08695652173913043","0.4782608695652174","0.17391304347826086","1","0.13043478260869565"
"7x7-p72","7x7-uct-0100","uct-0100","2","23","0.1597222222222222","0.9130434782608695","0.08695652173913043","0.21739130434782608","0.08695652173913043","0.9130434782608695","0.13043478260869565"
"7x7-p72","7x7-uct-0100","uct-0100","3","20","0.1388888888888889","0.9","0.1","0.4","0.35","1","0.15"
"7x7-p72","7x7-uct-0100","uct-0100","4","20","0.1388888888888889","0.85","0.1","0.45","0.1","1","0.05"
"7x7-p72","7x7-uct-0100","uct-0100","5","23","0.1597222222222222","0.8260869565217391","0.13043478260869565","0.2608695652173913","0.21739130434782608","1","0.043478260869565216"
"7x7-p72","7x7-uct-0100","uct-0100","6","23","0.1597222222222222","0.9130434782608695","0.043478260869565216","0.4782608695652174","0.30434782608695654","1","0.08695652173913043"
"7x7-p72","7x7-uct-0100","uct-0100","7","24","0.16666666666666666","0.7083333333333334","0.16666666666666666","0.2916666666666667","0.08333333333333333","1","0.08333333333333333"
"7x7-p72","7x7-uct-0100","uct-0100","8","24","0.16666666666666666","0.7083333333333334","0.08333333333333333","0.2916666666666667","0.20833333333333334","1","0.16666666666666666"
"7x7-p72","7x7-uct-0100","uct-0100","9","23","0.1597222222222222","0.8260869565217391","0.21739130434782608","0.391304347826087","0.21739130434782608","1","0.17391304347826086"
"7x7-p72","7x7-uct-0100","uct-0100","10","24","0.16666666666666666","0.75","0.16666666666666666","0.25","0.08333333333333333","0.875","0.08333333333333333"
"7x7-p72","7x7-uct-0100","uct-0100","11","19","0.13194444444444445","0.6842105263157895","0.10526315789473684","0.21052631578947367","0.15789473684210525","0.9473684210526315","0.15789473684210525"
"7x7-p72","7x7-uct-0100","uct-0100","12","17","0.11805555555555555","0.8823529411764706","0.17647058823529413","0.5294117647058824","0.11764705882352941","1","0.11764705882352941"
"7x7-p72","7x7-uct-0100","uct-0100","13","19","0.13194444444444445","0.8421052631578947","0.21052631578947367","0.3157894736842105","0.05263157894736842","0.9473684210526315","0.05263157894736842"
"7x7-p72","7x7-uct-0100","uct-0100","14","16","0.1111111111111111","0.6875","0.0625","0","0","0.8125","0.375"
"7x7-p72","7x7-uct-0100","uct-0100","15","25","0.1736111111111111","0.84","0.16","0.32","0.24","1","0.16"
"7x7-p72","7x7-uct-0100","uct-0100","16","19","0.13194444444444445","0.8947368421052632","0.05263157894736842","0.5263157894736842","0.10526315789473684","1","0.15789473684210525"
"7x7-p72","7x7-uct-0100","uct-0100","17","24","0.16666666666666666","0.7916666666666666","0.125","0.25","0.08333333333333333","1","0.125"
"7x7-p72","7x7-uct-0100","uct-0100","18","26","0.18055555555555555","0.9615384615384616","0.038461538461538464","0.34615384615384615","0.19230769230769232","1","0.15384615384615385"
"7x7-p72","7x7-uct-0100","uct-0100","19","19","0.13194444444444445","0.7368421052631579","0","0.5789473684210527","0.21052631578947367","1","0.3157894736842105"
"7x7-p72","7x7-uct-0100","uct-0100","20","15","0.10416666666666667","0.7333333333333333","0","0.3333333333333333","0.13333333333333333","1","0.06666666666666667"
"7x7-p72","7x7-uct-0100","uct-0100","21","18","0.125","0.8333333333333334","0.05555555555555555","0.3333333333333333","0.05555555555555555","1","0.1111111111111111"
"7x7-p72","7x7-uct-0100","uct-0100","22","27","0.1875","0.8518518518518519","0.07407407407407407","0.48148148148148145","0.18518518518518517","1","0.18518518518518517"
"7x7-p72","7x7-uct-0100","uct-0100","23","17","0.11805555555555555","0.8823529411764706","0.23529411764705882","0.7058823529411765","0.058823529411764705","1","0.058823529411764705"
"7x7-p72","7x7-uct-0100","uct-0100","24","17","0.11805555555555555","0.8823529411764706","0.11764705882352941","0.29411764705882354","0","1","0.058823529411764705"
"7x7-p72","7x7-uct-0100","uct-0100","25","24","0.16666666666666666","0.7916666666666666","0.16666666666666666","0.4583333333333333","0.25","1","0.16666666666666666"
"7x7-p72","7x7-uct-0100","uct-0100","26","21","0.14583333333333334","0.9047619047619048","0.3333333333333333","0.47619047619047616","0.14285714285714285","0.9047619047619048","0.047619047619047616"
"7x7-p72","7x7-uct-0100","uct-0100","27","19","0.13194444444444445","0.6842105263157895","0.21052631578947367","0.3157894736842105","0","1","0.10526315789473684"
"7x7-p72","7x7-uct-0100","uct-0100","28","22","0.1527777777777778","0.8636363636363636","0.09090909090909091","0.6363636363636364","0.3181818181818182","1","0.2727272727272727"
"7x7-p72","7x7-uct-0100","uct-0100","29","18","0.125","0.7777777777777778","0.1111111111111111","0.6111111111111112","0.16666666666666666","1","0.2777777777777778"
"7x7-p72","7x7-uct-0100","uct-0100","30","21","0.14583333333333334","0.7619047619047619","0.14285714285714285","0.2857142857142857","0.09523809523809523","1","0.09523809523809523"
"7x7-p72","7x7-uct-0100","uct-0100","31","23","0.1597222222222222","0.8260869565217391","0.17391304347826086","0.43478260869565216","0.13043478260869565","1","0.043478260869565216"
"7x7-p72","7x7-uct-0100","uct-0100","32","16","0.1111111111111111","0.8125","0.1875","0.25","0.0625","0.8125","0.125"
"7x7-p72","7x7-uct-0100","uct-0100","33","24","0.16666666666666666","0.75","0.08333333333333333","0.4583333333333333","0.3333333333333333","1","0.125"
"7x7-p72","7x7-uct-0100","uct-0100","34","25","0.1736111111111111","0.76","0.08","0.16","0.04","1","0.04"
"7x7-p72","7x7-uct-0100","uct-0100","35","22","0.1527777777777778","0.9090909090909091","0.22727272727272727","0.3181818181818182","0.22727272727272727","1","0.13636363636363635"
"7x7-p72","7x7-uct-0100","uct-0100","36","21","0.14583333333333334","0.8571428571428571","0","0.42857142857142855","0.09523809523809523","0.9047619047619048","0.23809523809523808"
"7x7-p72","7x7-uct-0100","uct-0100","37","19","0.13194444444444445","0.6842105263157895","0.15789473684210525","0.3157894736842105","0.05263157894736842","0.9473684210526315","0.05263157894736842"
"7x7-p72","7x7-uct-0100","uct-0100","38","25","0.1736111111111111","0.72","0.08","0.28","0.12","1","0.2"
"7x7-p72","7x7-uct-0100","uct-0100","39","23","0.1597222222222222","0.8695652173913043","0.13043478260869565","0.43478260869565216","0.17391304347826086","1","0.2608695652173913"
"7x7-p72","7x7-uct-0100","uct-0100","40","22","0.1527777777777778","0.9090909090909091","0.13636363636363635","0.3181818181818182","0.36363636363636365","1","0.13636363636363635"
"7x7-p72","7x7-uct-0100","uct-0100","41","22","0.1527777777777778","0.9090909090909091","0.09090909090909091","0.2727272727272727","0.18181818181818182","1","0.18181818181818182"
"7x7-p72","7x7-uct-0100","uct-0100","42","29","0.2013888888888889","0.8620689655172413","0.06896551724137931","0.3793103448275862","0.2413793103448276","1","0.06896551724137931"
"7x7-p72","7x7-uct-0100","uct-0100","43","18","0.125","0.8888888888888888","0.2777777777777778","0.2777777777777778","0.05555555555555555","1","0.2222222222222222"
"7x7-p72","7x7-uct-0100","uct-0100","44","19","0.13194444444444445","0.8421052631578947","0.15789473684210525","0.42105263157894735","0.10526315789473684","1","0"
"7x7-p72","7x7-uct-0100","uct-0100","45","23","0.1597222222222222","0.6521739130434783","0.13043478260869565","0.21739130434782608","0.043478260869565216","1","0.08695652173913043"
"7x7-p72","7x7-uct-0100","uct-0100","46","21","0.14583333333333334","0.6666666666666666","0.2857142857142857","0.47619047619047616","0.2857142857142857","1","0.09523809523809523"
"7x7-p72","7x7-uct-0100","uct-0100","47","26","0.18055555555555555","0.9230769230769231","0.15384615384615385","0.19230769230769232","0.38461538461538464","1","0.038461538461538464"
"7x7-p72","7x7-uct-0100","uct-0100","48","25","0.1736111111111111","0.8","0.08","0.44","0.28","1","0.12"
"7x7-p72","7x7-uct-0100","uct-0100","49","21","0.14583333333333334","0.8571428571428571","0.2857142857142857","0.3333333333333333","0.047619047619047616","0.9523809523809523","0.047619047619047616"
"7x7-p72","7x7-uct-0100","uct-0100","50","20","0.1388888888888889","0.95","0.2","0.6","0.2","0.95","0.05"
"7x7-p72","7x7-uct-0500","uct-0500","1","28","0.19444444444444445","0.7857142857142857","0","0.6428571428571429","0.21428571428571427","1","0.17857142857142858"
"7x7-p72","7x7-uct-0500","uct-0500","2","26","0.18055555555555555","1","0.038461538461538464","0.46153846153846156","0.2692307692307692","1","0.15384615384615385"
"7x7-p72","7x7-uct-0500","uct-0500","3","28","0.19444444444444445","0.9642857142857143","0.07142857142857142","0.5714285714285714","0.25","1","0.17857142857142858"
"7x7-p72","7x7-uct-0500","uct-0500","4","25","0.1736111111111111","1","0.08","0.28","0.28","0.96","0.16"
"7x7-p72","7x7-uct-0500","uct-0500","5","24","0.16666666666666666","0.875","0.125","0.2916666666666667","0.16666666666666666","1","0.20833333333333334"
"7x7-p72","7x7-uct-0500","uct-0500","6","16","0.1111111111111111","0.875","0.0625","0.5625","0.125","0.9375","0.25"
"7x7-p72","7x7-uct-0500","uct-0500","7","24","0.16666666666666666","0.9583333333333334","0.041666666666666664","0.25","0.041666666666666664","1","0.20833333333333334"
"7x7-p72","7x7-uct-0500","uct-0500","8","23","0.1597222222222222","0.8695652173913043","0.08695652173913043","0.5217391304347826","0.13043478260869565","1","0.17391304347826086"
"7x7-p72","7x7-uct-0500","uct-0500","9","31","0.2152777777777778","0.967741935483871","0.1935483870967742","0.3870967741935484","0.25806451612903225","1","0.0967741935483871"
"7x7-p72","7x7-uct-0500","uct-0500","10","21","0.14583333333333334","0.7619047619047619","0","0.38095238095238093","0.14285714285714285","0.9523809523809523","0.19047619047619047"
"7x7-p72","7x7-uct-0500","uct-0500","11","28","0.19444444444444445","0.9642857142857143","0.21428571428571427","0.5","0.2857142857142857","1","0.17857142857142858"
"7x7-p72","7x7-uct-0500","uct-0500","12","23","0.1597222222222222","0.8260869565217391","0.043478260869565216","0.5217391304347826","0.21739130434782608","1","0.21739130434782608"
"7x7-p72","7x7-uct-0500","uct-0500","13","19","0.13194444444444445","0.8421052631578947","0","0.5789473684210527","0.10526315789473684","1","0.2631578947368421"
"7x7-p72","7x7-uct-0500","uct-0500","14","26","0.18055555555555555","0.8846153846153846","0.038461538461538464","0.6153846153846154","0.19230769230769232","1","0.11538461538461539"
"7x7-p72","7x7-uct-0500","uct-0500","15","19","0.13194444444444445","0.7368421052631579","0.15789473684210525","0.42105263157894735","0.15789473684210525","1","0.5263157894736842"
"7x7-p72","7x7-uct-0500","uct-0500","16","23","0.1597222222222222","0.6521739130434783","0","0.391304347826087","0.17391304347826086","1","0.08695652173913043"
"7x7-p72","7x7-uct-0500","uct-0500","17","30","0.20833333333333334","0.9333333333333333","0.1","0.5","0.4","1","0.3"
"7x7-p72","7x7-uct-0500","uct-0500","18","23","0.1597222222222222","0.9130434782608695","0.13043478260869565","0.4782608695652174","0.21739130434782608","1","0.2608695652173913"
"7x7-p72","7x7-uct-0500","uct-0500","19","27","0.1875","0.9629629629629629","0","0.48148148148148145","0.25925925925925924","1","0.2222222222222222"
"7x7-p72","7x7-uct-0500","uct-0500","20","29","0.2013888888888889","0.8620689655172413","0.13793103448275862","0.4482758620689655","0.3448275862068966","1","0.10344827586206896"
"7x7-p72","7x7-uct-0500","uct-0500","21","24","0.16666666666666666","0.875","0.041666666666666664","0.5","0.16666666666666666","1","0.25"
"7x7-p72","7x7-uct-0500","uct-0500","22","25","0.1736111111111111","0.96","0.12","0.4","0.2","1","0.24"
"7x7-p72","7x7-uct-0500","uct-0500","23","23","0.1597222222222222","0.782608695652174","0.17391304347826086","0.4782608695652174","0.13043478260869565","0.9565217391304348","0.08695652173913043"
"7x7-p72","7x7-uct-0500","uct-0500","24","28","0.19444444444444445","0.9285714285714286","0.25","0.2857142857142857","0.21428571428571427","1","0.14285714285714285"
"7x7-p72","7x7-uct-0500","uct-0500","25","25","0.1736111111111111","0.92","0.08","0.6","0.2","1","0.16"
"7x7-p72","7x7-uct-0500","uct-0500","26","27","0.1875","0.9259259259259259","0","0.25925925925925924","0.4074074074074074","1","0.2222222222222222"
"7x7-p72","7x7-uct-0500","uct-0500","27","26","0.18055555555555555","0.8846153846153846","0","0.6153846153846154","0.11538461538461539","1","0.38461538461538464"
"7x7-p72","7x7-uct-0500","uct-0500","28","31","0.2152777777777778","0.9032258064516129","0.16129032258064516","0.3870967741935484","0.3548387096774194","1","0.22580645161290322"
"7x7-p72","7x7-uct-0500","uct-0500","29","26","0.18055555555555555","0.9615384615384616","0.038461538461538464","0.6153846153846154","0.19230769230769232","1","0.23076923076923078"
"7x7-p72","7x7-uct-0500","uct-0500","30","22","0.1527777777777778","0.7272727272727273","0","0.4090909090909091","0.045454545454545456","1","0.13636363636363635"
"7x7-p72","7x7-uct-0500","uct-0500","31","26","0.18055555555555555","0.8461538461538461","0.15384615384615385","0.46153846153846156","0.2692307692307692","1","0.19230769230769232"
"7x7-p72","7x7-uct-0500","uct-0500","32","24","0.16666666666666666","0.7916666666666666","0.08333333333333333","0.375","0.041666666666666664","1","0.16666666666666666"
"7x7-p72","7x7-uct-0500","uct-0500","33","27","0.1875","0.8888888888888888","0.037037037037037035","0.3333333333333333","0.1111111111111111","1","0.037037037037037035"
"7x7-p72","7x7-uct-0500","uct-0500","34","25","0.1736111111111111","0.88","0.08","0.44","0.24","1","0.12"
"7x7-p72","7x7-uct-0500","uct-0500","35","27","0.1875","0.9259259259259259","0.14814814814814814","0.48148148148148145","0.18518518518518517","1","0.14814814814814814"
"7x7-p72","7x7-uct-0500","uct-0500","36","25","0.1736111111111111","0.96","0.08","0.44","0.2","1","0.2"
"7x7-p72","7x7-uct-0500","uct-0500","37","27","0.1875","0.9629629629629629","0.07407407407407407","0.4444444444444444","0.25925925925925924","1","0.14814814814814814"
"7x7-p72","7x7-uct-0500","uct-0500","38","29","0.2013888888888889","1","0.034482758620689655","0.2413793103448276","0.27586206896551724","1","0.2413793103448276"
"7x7-p72","7x7-uct-0500","uct-0500","39","22","0.1527777777777778","0.9090909090909091","0.13636363636363635","0.5","0.09090909090909091","1","0.13636363636363635"
"7x7-p72","7x7-uct-0500","uct-0500","40","25","0.1736111111111111","0.92","0.04","0.24","0.12","1","0.24"
"7x7-p72","7x7-uct-0500","uct-0500","41","21","0.14583333333333334","0.8095238095238095","0","0.5238095238095238","0.14285714285714285","1","0.2857142857142857"
"7x7-p72","7x7-uct-0500","uct-0500","42","29","0.2013888888888889","0.9655172413793104","0.034482758620689655","0.5517241379310345","0.13793103448275862","1","0.13793103448275862"
"7x7-p72","7x7-uct-0500","uct-0500","43","28","0.19444444444444445","0.8214285714285714","0.10714285714285714","0.5357142857142857","0.25","1","0.03571428571428571"
"7x7-p72","7x7-uct-0500","uct-0500","44","21","0.14583333333333334","0.9047619047619048","0.09523809523809523","0.5238095238095238","0.14285714285714285","1","0.19047619047619047"
"7x7-p72","7x7-uct-0500","uct-0500","45","29","0.2013888888888889","0.896551724137931","0.06896551724137931","0.3103448275862069","0.20689655172413793","1","0.4482758620689655"
"7x7-p72","7x7-uct-0500","uct-0500","46","21","0.14583333333333334","0.6190476190476191","0.23809523809523808","0.3333333333333333","0.09523809523809523","1","0.14285714285714285"
"7x7-p72","7x7-uct-0500","uct-0500","47","22","0.1527777777777778","0.8636363636363636","0.09090909090909091","0.4090909090909091","0.09090909090909091","1","0.22727272727272727"
"7x7-p72","7x7-uct-0500","uct-0500","48","25","0.1736111111111111","0.8","0.08","0.36","0.08","1","0.44"
"7x7-p72","7x7-uct-0500","uct-0500","49","30","0.20833333333333334","0.9666666666666667","0.13333333333333333","0.4","0.23333333333333334","1","0.2"
"7x7-p72","7x7-uct-0500","uct-0500","50","20","0.1388888888888889","0.85","0.05","0.55","0.1","1","0.15"
"7x7-p72","7x7-uct-1000","uct-1000","1","29","0.2013888888888889","0.8620689655172413","0.10344827586206896","0.20689655172413793","0.2413793103448276","1","0.27586206896551724"
"7x7-p72","7x7-uct-1000","uct-1000","2","27","0.1875","1","0.1111111111111111","0.5185185185185185","0.2962962962962963","1","0.1111111111111111"
"7x7-p72","7x7-uct-1000","uct-1000","3","29","0.2013888888888889","0.9310344827586207","0.034482758620689655","0.3103448275862069","0.10344827586206896","1","0.3448275862068966"
"7x7-p72","7x7-uct-1000","uct-1000","4","29","0.2013888888888889","0.8620689655172413","0.13793103448275862","0.3103448275862069","0.20689655172413793","1","0.20689655172413793"
"7x7-p72","7x7-uct-1000","uct-1000","5","30","0.20833333333333334","0.8333333333333334","0.16666666666666666","0.4","0.16666666666666666","1","0.06666666666666667"
"7x7-p72","7x7-uct-1000","uct-1000","6","28","0.19444444444444445","0.9285714285714286","0.03571428571428571","0.35714285714285715","0.10714285714285714","1","0.14285714285714285"
"7x7-p72","7x7-uct-1000","uct-1000","7","25","0.1736111111111111","0.96","0.12","0.36","0.08","1","0.04"
"7x7-p72","7x7-uct-1000","uct-1000","8","26","0.18055555555555555","0.9615384615384616","0.11538461538461539","0.5","0.11538461538461539","1","0.4230769230769231"
"7x7-p72","7x7-uct-1000","uct-1000","9","24","0.16666666666666666","0.9166666666666666","0.041666666666666664","0.4166666666666667","0.20833333333333334","1","0.08333333333333333"
"7x7-p72","7x7-uct-1000","uct-1000","10","27","0.1875","0.8148148148148148","0.1111111111111111","0.4074074074074074","0.18518518518518517","1","0.07407407407407407"
"7x7-p72","7x7-uct-1000","uct-1000","11","25","0.1736111111111111","0.96","0.04","0.48","0.08","1","0.36"
"7x7-p72","7x7-uct-1000","uct-1000","12","29","0.2013888888888889","0.8620689655172413","0.034482758620689655","0.27586206896551724","0.3793103448275862","1","0.27586206896551724"
"7x7-p72","7x7-uct-1000","uct-1000","13","23","0.1597222222222222","0.9565217391304348","0.043478260869565216","0.6956521739130435","0.17391304347826086","1","0.21739130434782608"
"7x7-p72","7x7-uct-1000","uct-1000","14","30","0.20833333333333334","1","0","0.7","0.16666666666666666","1","0.3"
"7x7-p72","7x7-uct-1000","uct-1000","15","28","0.19444444444444445","1","0.07142857142857142","0.4642857142857143","0.14285714285714285","1","0.14285714285714285"
"7x7-p72","7x7-uct-1000","uct-1000","16","32","0.2222222222222222","0.90625","0.125","0.34375","0.40625","1","0.25"
"7x7-p72","7x7-uct-1000","uct-1000","17","24","0.16666666666666666","0.875","0.041666666666666664","0.2916666666666667","0.16666666666666666","1","0.375"
"7x7-p72","7x7-uct-1000","uct-1000","18","29","0.2013888888888889","1","0.034482758620689655","0.3448275862068966","0.2413793103448276","1","0.2413793103448276"
"7x7-p72","7x7-uct-1000","uct-1000","19","29","0.2013888888888889","0.9310344827586207","0.06896551724137931","0.4827586206896552","0.3103448275862069","1","0.20689655172413793"
"7x7-p72","7x7-uct-1000","uct-1000","20","28","0.19444444444444445","0.8214285714285714","0.07142857142857142","0.4642857142857143","0.14285714285714285","1","0.14285714285714285"
"7x7-p72","7x7-uct-1000","uct-1000","21","24","0.16666666666666666","0.875","0.125","0.4166666666666667","0.20833333333333334","1","0.16666666666666666"
"7x7-p72","7x7-uct-1000","uct-1000","22","27","0.1875","0.8148148148148148","0.037037037037037035","0.3333333333333333","0.18518518518518517","1","0.2222222222222222"
"7x7-p72","7x7-uct-1000","uct-1000","23","18","0.125","0.7777777777777778","0.2222222222222222","0.6666666666666666","0.1111111111111111","1","0.16666666666666666"
"7x7-p72","7x7-uct-1000","uct-1000","24","23","0.1597222222222222","0.782608695652174","0.043478260869565216","0.391304347826087","0.08695652173913043","0.9565217391304348","0.391304347826087"
"7x7-p72","7x7-uct-1000","uct-1000","25","29","0.2013888888888889","0.9310344827586207","0.2413793103448276","0.41379310344827586","0.3103448275862069","1","0.27586206896551724"
"7x7-p72","7x7-uct-1000","uct-1000","26","26","0.18055555555555555","0.9230769230769231","0.038461538461538464","0.2692307692307692","0.07692307692307693","1","0.4230769230769231"
"7x7-p72","7x7-uct-1000","uct-1000","27","26","0.18055555555555555","0.8846153846153846","0.038461538461538464","0.5","0.15384615384615385","0.9615384615384616","0.15384615384615385"
"7x7-p72","7x7-uct-1000","uct-1000","28","27","0.1875","0.8888888888888888","0.18518518518518517","0.6296296296296297","0.25925925925925924","1","0.14814814814814814"
"7x7-p72","7x7-uct-1000","uct-1000","29","30","0.20833333333333334","0.9333333333333333","0.16666666666666666","0.36666666666666664","0.13333333333333333","1","0.3333333333333333"
"7x7-p72","7x7-uct-1000","uct-1000","30","31","0.2152777777777778","0.967741935483871","0.22580645161290322","0.3870967741935484","0.3548387096774194","1","0.12903225806451613"
"7x7-p72","7x7-uct-1000","uct-1000","31","30","0.20833333333333334","1","0.1","0.5333333333333333","0.3333333333333333","1","0.23333333333333334"
"7x7-p72","7x7-uct-1000","uct-1000","32","32","0.2222222222222222","0.96875","0.15625","0.34375","0.3125","1","0.28125"
"7x7-p72","7x7-uct-1000","uct-1000","33","21","0.14583333333333334","0.9047619047619048","0","0.5714285714285714","0.09523809523809523","1","0.3333333333333333"
"7x7-p72","7x7-uct-1000","uct-1000","34","21","0.14583333333333334","0.9523809523809523","0.14285714285714285","0.5238095238095238","0.23809523809523808","1","0.09523809523809523"
"7x7-p72","7x7-uct-1000","uct-1000","35","20","0.1388888888888889","0.9","0","0.7","0.15","1","0.4"
"7x7-p72","7x7-uct-1000","uct-1000","36","26","0.18055555555555555","1","0.19230769230769232","0.3076923076923077","0.19230769230769232","1","0.19230769230769232"
"7x7-p72","7x7-uct-1000","uct-1000","37","26","0.18055555555555555","0.9230769230769231","0.07692307692307693","0.34615384615384615","0.3076923076923077","1","0.11538461538461539"
"7x7-p72","7x7-uct-1000","uct-1000","38","28","0.19444444444444445","0.8571428571428571","0","0.5714285714285714","0.25","1","0.25"
"7x7-p72","7x7-uct-1000","uct-1000","39","26","0.18055555555555555","0.9615384615384616","0.038461538461538464","0.46153846153846156","0.19230769230769232","1","0.34615384615384615"
"7x7-p72","7x7-uct-1000","uct-1000","40","29","0.2013888888888889","0.9655172413793104","0","0.3448275862068966","0.3103448275862069","1","0.10344827586206896"
"7x7-p72","7x7-uct-1000","uct-1000","41","25","0.1736111111111111","0.84","0.08","0.32","0.12","1","0.12"
"7x7-p72","7x7-uct-1000","uct-1000","42","26","0.18055555555555555","0.8846153846153846","0.11538461538461539","0.3076923076923077","0.34615384615384615","1","0.038461538461538464"
"7x7-p72","7x7-uct-1000","uct-1000","43","30","0.20833333333333334","0.9","0.06666666666666667","0.23333333333333334","0.16666666666666666","1","0.1"
"7x7-p72","7x7-uct-1000","uct-1000","44","32","0.2222222222222222","0.96875","0.09375","0.46875","0.28125","1","0.3125"
"7x7-p72","7x7-uct-1000","uct-1000","45","18","0.125","0.7222222222222222","0","0.3888888888888889","0","0.8888888888888888","0.2777777777777778"
"7x7-p72","7x7-uct-1000","uct-1000","46","32","0.2222222222222222","0.96875","0.0625","0.3125","0.28125","1","0.3125"
"7x7-p72","7x7-uct-1000","uct-1000","47","28","0.19444444444444445","0.9642857142857143","0.10714285714285714","0.17857142857142858","0.25","1","0.2857142857142857"
"7x7-p72","7x7-uct-1000","uct-1000","48","27","0.1875","0.8148148148148148","0.07407407407407407","0.2962962962962963","0.07407407407407407","1","0.2962962962962963"
"7x7-p72","7x7-uct-1000","uct-1000","49","23","0.1597222222222222","0.9130434782608695","0.043478260869565216","0.4782608695652174","0.21739130434782608","1","0.30434782608695654"
"7x7-p72","7x7-uct-1000","uct-1000","50","28","0.19444444444444445","0.75","0.07142857142857142","0.39285714285714285","0.21428571428571427","1","0.17857142857142858"
"7x7-p84","7x7-p84-seeded-random","seeded-random","1","20","0.11904761904761904","0.7","0.1","0.2","0.05","0.95","0.1"
"7x7-p84","7x7-p84-seeded-random","seeded-random","2","17","0.10119047619047619","0.6470588235294118","0.11764705882352941","0.17647058823529413","0.058823529411764705","0.8823529411764706","0.11764705882352941"
"7x7-p84","7x7-p84-seeded-random","seeded-random","3","14","0.08333333333333333","0.5","0.07142857142857142","0.21428571428571427","0.21428571428571427","1","0"
"7x7-p84","7x7-p84-seeded-random","seeded-random","4","17","0.10119047619047619","0.5882352941176471","0.058823529411764705","0","0","0.9411764705882353","0.058823529411764705"
"7x7-p84","7x7-p84-seeded-random","seeded-random","5","27","0.16071428571428573","0.7777777777777778","0.18518518518518517","0.18518518518518517","0.037037037037037035","0.9629629629629629","0.1111111111111111"
"7x7-p84","7x7-p84-seeded-random","seeded-random","6","17","0.10119047619047619","0.6470588235294118","0.17647058823529413","0.11764705882352941","0","0.9411764705882353","0.058823529411764705"
"7x7-p84","7x7-p84-seeded-random","seeded-random","7","22","0.13095238095238096","0.9090909090909091","0.13636363636363635","0.13636363636363635","0.045454545454545456","1","0.13636363636363635"
"7x7-p84","7x7-p84-seeded-random","seeded-random","8","16","0.09523809523809523","0.5","0","0.0625","0","0.6875","0.25"
"7x7-p84","7x7-p84-seeded-random","seeded-random","9","20","0.11904761904761904","0.65","0.1","0.2","0","1","0.1"
"7x7-p84","7x7-p84-seeded-random","seeded-random","10","15","0.08928571428571429","0.5333333333333333","0","0.06666666666666667","0","1","0.06666666666666667"
"7x7-p84","7x7-p84-seeded-random","seeded-random","11","20","0.11904761904761904","0.65","0.05","0.05","0.1","0.9","0.1"
"7x7-p84","7x7-p84-seeded-random","seeded-random","12","22","0.13095238095238096","0.8181818181818182","0.09090909090909091","0.18181818181818182","0","0.8636363636363636","0.045454545454545456"
"7x7-p84","7x7-p84-seeded-random","seeded-random","13","15","0.08928571428571429","0.8666666666666667","0.06666666666666667","0.26666666666666666","0","0.8666666666666667","0.06666666666666667"
"7x7-p84","7x7-p84-seeded-random","seeded-random","14","22","0.13095238095238096","0.8181818181818182","0.13636363636363635","0.22727272727272727","0.22727272727272727","1","0.09090909090909091"
"7x7-p84","7x7-p84-seeded-random","seeded-random","15","15","0.08928571428571429","0.6","0.13333333333333333","0","0","1","0"
"7x7-p84","7x7-p84-seeded-random","seeded-random","16","25","0.1488095238095238","0.72","0.16","0.16","0.04","0.92","0.2"
"7x7-p84","7x7-p84-seeded-random","seeded-random","17","22","0.13095238095238096","0.5909090909090909","0.18181818181818182","0.18181818181818182","0.36363636363636365","1","0.045454545454545456"
"7x7-p84","7x7-p84-seeded-random","seeded-random","18","20","0.11904761904761904","0.8","0.15","0.05","0","1","0.05"
"7x7-p84","7x7-p84-seeded-random","seeded-random","19","25","0.1488095238095238","0.8","0.12","0.12","0","0.88","0.08"
"7x7-p84","7x7-p84-seeded-random","seeded-random","20","15","0.08928571428571429","0.6666666666666666","0.13333333333333333","0.26666666666666666","0","0.9333333333333333","0"
"7x7-p84","7x7-p84-seeded-random","seeded-random","21","25","0.1488095238095238","0.56","0","0.2","0.08","1","0.16"
"7x7-p84","7x7-p84-seeded-random","seeded-random","22","17","0.10119047619047619","0.7058823529411765","0.4117647058823529","0.11764705882352941","0","0.9411764705882353","0"
"7x7-p84","7x7-p84-seeded-random","seeded-random","23","22","0.13095238095238096","0.5909090909090909","0.13636363636363635","0.09090909090909091","0.09090909090909091","1","0.13636363636363635"
"7x7-p84","7x7-p84-seeded-random","seeded-random","24","17","0.10119047619047619","0.8235294117647058","0.17647058823529413","0.17647058823529413","0","0.9411764705882353","0.058823529411764705"
"7x7-p84","7x7-p84-seeded-random","seeded-random","25","17","0.10119047619047619","0.7647058823529411","0.058823529411764705","0.058823529411764705","0","1","0.17647058823529413"
"7x7-p84","7x7-p84-seeded-random","seeded-random","26","23","0.13690476190476192","0.8695652173913043","0.08695652173913043","0","0","0.9565217391304348","0.043478260869565216"
"7x7-p84","7x7-p84-seeded-random","seeded-random","27","18","0.10714285714285714","0.6666666666666666","0.16666666666666666","0.2222222222222222","0.1111111111111111","0.8888888888888888","0.05555555555555555"
"7x7-p84","7x7-p84-seeded-random","seeded-random","28","24","0.14285714285714285","0.75","0.20833333333333334","0.08333333333333333","0","1","0"
"7x7-p84","7x7-p84-seeded-random","seeded-random","29","19","0.1130952380952381","0.7894736842105263","0.3684210526315789","0.15789473684210525","0","0.9473684210526315","0"
"7x7-p84","7x7-p84-seeded-random","seeded-random","30","25","0.1488095238095238","0.68","0.28","0.16","0.16","0.96","0.04"
"7x7-p84","7x7-p84-seeded-random","seeded-random","31","18","0.10714285714285714","0.7222222222222222","0.1111111111111111","0.2222222222222222","0.1111111111111111","1","0.2222222222222222"
"7x7-p84","7x7-p84-seeded-random","seeded-random","32","26","0.15476190476190477","0.7307692307692307","0","0.07692307692307693","0.038461538461538464","1","0.038461538461538464"
"7x7-p84","7x7-p84-seeded-random","seeded-random","33","22","0.13095238095238096","0.7272727272727273","0.045454545454545456","0.18181818181818182","0.045454545454545456","1","0"
"7x7-p84","7x7-p84-seeded-random","seeded-random","34","23","0.13690476190476192","0.6956521739130435","0.21739130434782608","0.17391304347826086","0","0.9565217391304348","0"
"7x7-p84","7x7-p84-seeded-random","seeded-random","35","19","0.1130952380952381","0.7894736842105263","0.10526315789473684","0.05263157894736842","0.05263157894736842","0.9473684210526315","0.05263157894736842"
"7x7-p84","7x7-p84-seeded-random","seeded-random","36","20","0.11904761904761904","0.7","0.1","0.15","0","0.95","0"
"7x7-p84","7x7-p84-seeded-random","seeded-random","37","19","0.1130952380952381","0.8421052631578947","0.15789473684210525","0.15789473684210525","0.05263157894736842","1","0.10526315789473684"
"7x7-p84","7x7-p84-seeded-random","seeded-random","38","17","0.10119047619047619","0.6470588235294118","0.11764705882352941","0.23529411764705882","0","1","0.058823529411764705"
"7x7-p84","7x7-p84-seeded-random","seeded-random","39","22","0.13095238095238096","0.5909090909090909","0.09090909090909091","0","0","0.9545454545454546","0.13636363636363635"
"7x7-p84","7x7-p84-seeded-random","seeded-random","40","16","0.09523809523809523","0.8125","0.375","0.125","0.0625","0.9375","0"
"7x7-p84","7x7-p84-seeded-random","seeded-random","41","19","0.1130952380952381","0.7894736842105263","0.21052631578947367","0.10526315789473684","0.05263157894736842","1","0.05263157894736842"
"7x7-p84","7x7-p84-seeded-random","seeded-random","42","22","0.13095238095238096","0.6363636363636364","0.22727272727272727","0.18181818181818182","0","0.9545454545454546","0.045454545454545456"
"7x7-p84","7x7-p84-seeded-random","seeded-random","43","21","0.125","0.7142857142857143","0.14285714285714285","0.047619047619047616","0.047619047619047616","0.9523809523809523","0.047619047619047616"
"7x7-p84","7x7-p84-seeded-random","seeded-random","44","22","0.13095238095238096","0.6818181818181818","0.09090909090909091","0.18181818181818182","0","1","0.09090909090909091"
"7x7-p84","7x7-p84-seeded-random","seeded-random","45","18","0.10714285714285714","0.7777777777777778","0.1111111111111111","0.1111111111111111","0","1","0"
"7x7-p84","7x7-p84-seeded-random","seeded-random","46","23","0.13690476190476192","0.5652173913043478","0.17391304347826086","0.30434782608695654","0.08695652173913043","1","0.043478260869565216"
"7x7-p84","7x7-p84-seeded-random","seeded-random","47","23","0.13690476190476192","0.7391304347826086","0.2608695652173913","0.21739130434782608","0","0.9130434782608695","0.08695652173913043"
"7x7-p84","7x7-p84-seeded-random","seeded-random","48","19","0.1130952380952381","0.6842105263157895","0.15789473684210525","0.2631578947368421","0.10526315789473684","0.8421052631578947","0.15789473684210525"
"7x7-p84","7x7-p84-seeded-random","seeded-random","49","26","0.15476190476190477","0.6538461538461539","0.07692307692307693","0.11538461538461539","0","0.9615384615384616","0.07692307692307693"
"7x7-p84","7x7-p84-seeded-random","seeded-random","50","23","0.13690476190476192","0.8260869565217391","0.043478260869565216","0.2608695652173913","0.08695652173913043","1","0.13043478260869565"
"7x7-p84","7x7-p84-seeded-random","seeded-random","51","22","0.13095238095238096","0.7272727272727273","0.18181818181818182","0","0","0.9090909090909091","0.045454545454545456"
"7x7-p84","7x7-p84-seeded-random","seeded-random","52","23","0.13690476190476192","0.6086956521739131","0.08695652173913043","0.17391304347826086","0.08695652173913043","1","0.17391304347826086"
"7x7-p84","7x7-p84-seeded-random","seeded-random","53","25","0.1488095238095238","0.88","0.16","0.2","0.08","1","0.04"
"7x7-p84","7x7-p84-seeded-random","seeded-random","54","20","0.11904761904761904","0.8","0.1","0.15","0.15","0.95","0.1"
"7x7-p84","7x7-p84-seeded-random","seeded-random","55","16","0.09523809523809523","0.75","0.0625","0.25","0","0.9375","0"
"7x7-p84","7x7-p84-seeded-random","seeded-random","56","17","0.10119047619047619","0.7647058823529411","0.11764705882352941","0.23529411764705882","0.058823529411764705","0.9411764705882353","0"
"7x7-p84","7x7-p84-seeded-random","seeded-random","57","19","0.1130952380952381","0.7368421052631579","0.15789473684210525","0","0","1","0.05263157894736842"
"7x7-p84","7x7-p84-seeded-random","seeded-random","58","25","0.1488095238095238","0.76","0.16","0.04","0","0.96","0.08"
"7x7-p84","7x7-p84-seeded-random","seeded-random","59","23","0.13690476190476192","0.782608695652174","0.34782608695652173","0.13043478260869565","0","0.9565217391304348","0.08695652173913043"
"7x7-p84","7x7-p84-seeded-random","seeded-random","60","19","0.1130952380952381","0.8947368421052632","0.05263157894736842","0.05263157894736842","0.05263157894736842","1","0"
"7x7-p84","7x7-p84-seeded-random","seeded-random","61","18","0.10714285714285714","0.6111111111111112","0.05555555555555555","0.1111111111111111","0","0.9444444444444444","0.1111111111111111"
"7x7-p84","7x7-p84-seeded-random","seeded-random","62","22","0.13095238095238096","0.7727272727272727","0.13636363636363635","0.09090909090909091","0.13636363636363635","0.8636363636363636","0.09090909090909091"
"7x7-p84","7x7-p84-seeded-random","seeded-random","63","22","0.13095238095238096","0.6818181818181818","0.13636363636363635","0.18181818181818182","0","0.9545454545454546","0"
"7x7-p84","7x7-p84-seeded-random","seeded-random","64","20","0.11904761904761904","0.7","0.05","0.15","0","0.95","0.05"
"7x7-p84","7x7-p84-seeded-random","seeded-random","65","21","0.125","0.7142857142857143","0.14285714285714285","0.14285714285714285","0","1","0.047619047619047616"
"7x7-p84","7x7-p84-seeded-random","seeded-random","66","25","0.1488095238095238","0.68","0.12","0.04","0.04","1","0.04"
"7x7-p84","7x7-p84-seeded-random","seeded-random","67","21","0.125","0.8095238095238095","0.14285714285714285","0.09523809523809523","0","0.9047619047619048","0.047619047619047616"
"7x7-p84","7x7-p84-seeded-random","seeded-random","68","20","0.11904761904761904","0.85","0.15","0.1","0","1","0.05"
"7x7-p84","7x7-p84-seeded-random","seeded-random","69","19","0.1130952380952381","0.6842105263157895","0.05263157894736842","0.15789473684210525","0.05263157894736842","1","0.21052631578947367"
"7x7-p84","7x7-p84-seeded-random","seeded-random","70","21","0.125","0.6666666666666666","0.23809523809523808","0.19047619047619047","0","0.9047619047619048","0.047619047619047616"
"7x7-p84","7x7-p84-seeded-random","seeded-random","71","16","0.09523809523809523","0.75","0.125","0.25","0","1","0"
"7x7-p84","7x7-p84-seeded-random","seeded-random","72","22","0.13095238095238096","0.7272727272727273","0.045454545454545456","0.18181818181818182","0.22727272727272727","1","0.045454545454545456"
"7x7-p84","7x7-p84-seeded-random","seeded-random","73","21","0.125","0.7142857142857143","0.14285714285714285","0.09523809523809523","0","0.8095238095238095","0.14285714285714285"
"7x7-p84","7x7-p84-seeded-random","seeded-random","74","25","0.1488095238095238","0.8","0.08","0.04","0","0.96","0.08"
"7x7-p84","7x7-p84-seeded-random","seeded-random","75","20","0.11904761904761904","0.6","0.2","0.1","0","0.95","0.05"
"7x7-p84","7x7-p84-seeded-random","seeded-random","76","21","0.125","0.6666666666666666","0.047619047619047616","0.14285714285714285","0","0.9047619047619048","0.047619047619047616"
"7x7-p84","7x7-p84-seeded-random","seeded-random","77","24","0.14285714285714285","0.7083333333333334","0.375","0.041666666666666664","0.041666666666666664","1","0.041666666666666664"
"7x7-p84","7x7-p84-seeded-random","seeded-random","78","16","0.09523809523809523","0.5","0.25","0.0625","0","0.8125","0"
"7x7-p84","7x7-p84-seeded-random","seeded-random","79","21","0.125","0.7619047619047619","0.23809523809523808","0.09523809523809523","0","1","0.047619047619047616"
"7x7-p84","7x7-p84-seeded-random","seeded-random","80","19","0.1130952380952381","0.5789473684210527","0.05263157894736842","0.05263157894736842","0","0.8421052631578947","0.21052631578947367"
"7x7-p84","7x7-p84-seeded-random","seeded-random","81","16","0.09523809523809523","0.6875","0.0625","0.125","0.0625","0.8125","0.25"
"7x7-p84","7x7-p84-seeded-random","seeded-random","82","16","0.09523809523809523","0.8125","0.1875","0.3125","0.125","0.9375","0.0625"
"7x7-p84","7x7-p84-seeded-random","seeded-random","83","21","0.125","0.7619047619047619","0.19047619047619047","0.2857142857142857","0.23809523809523808","0.9047619047619048","0"
"7x7-p84","7x7-p84-seeded-random","seeded-random","84","21","0.125","0.6666666666666666","0.09523809523809523","0","0","0.9523809523809523","0.14285714285714285"
"7x7-p84","7x7-p84-seeded-random","seeded-random","85","22","0.13095238095238096","0.8181818181818182","0.09090909090909091","0.18181818181818182","0","0.9090909090909091","0.045454545454545456"
"7x7-p84","7x7-p84-seeded-random","seeded-random","86","21","0.125","0.7142857142857143","0","0.19047619047619047","0","0.9523809523809523","0.047619047619047616"
"7x7-p84","7x7-p84-seeded-random","seeded-random","87","15","0.08928571428571429","0.5333333333333333","0.13333333333333333","0.13333333333333333","0.13333333333333333","0.8666666666666667","0.13333333333333333"
"7x7-p84","7x7-p84-seeded-random","seeded-random","88","23","0.13690476190476192","0.9130434782608695","0.17391304347826086","0.2608695652173913","0","1","0"
"7x7-p84","7x7-p84-seeded-random","seeded-random","89","18","0.10714285714285714","0.7222222222222222","0.16666666666666666","0.05555555555555555","0","0.9444444444444444","0.05555555555555555"
"7x7-p84","7x7-p84-seeded-random","seeded-random","90","24","0.14285714285714285","0.75","0.125","0.125","0","0.9583333333333334","0.20833333333333334"
"7x7-p84","7x7-p84-seeded-random","seeded-random","91","19","0.1130952380952381","0.5263157894736842","0.05263157894736842","0.21052631578947367","0","0.8947368421052632","0.05263157894736842"
"7x7-p84","7x7-p84-seeded-random","seeded-random","92","23","0.13690476190476192","0.782608695652174","0.21739130434782608","0.08695652173913043","0","0.8695652173913043","0.043478260869565216"
"7x7-p84","7x7-p84-seeded-random","seeded-random","93","20","0.11904761904761904","0.6","0.1","0.2","0","0.85","0.15"
"7x7-p84","7x7-p84-seeded-random","seeded-random","94","16","0.09523809523809523","0.5","0.125","0.125","0","1","0.125"
"7x7-p84","7x7-p84-seeded-random","seeded-random","95","24","0.14285714285714285","0.7083333333333334","0.041666666666666664","0.16666666666666666","0.041666666666666664","1","0.20833333333333334"
"7x7-p84","7x7-p84-seeded-random","seeded-random","96","25","0.1488095238095238","0.72","0.12","0.12","0","0.96","0.04"
"7x7-p84","7x7-p84-seeded-random","seeded-random","97","21","0.125","0.6666666666666666","0.047619047619047616","0.047619047619047616","0","1","0"
"7x7-p84","7x7-p84-seeded-random","seeded-random","98","22","0.13095238095238096","0.7272727272727273","0.22727272727272727","0.13636363636363635","0","0.8636363636363636","0.09090909090909091"
"7x7-p84","7x7-p84-seeded-random","seeded-random","99","22","0.13095238095238096","0.6818181818181818","0.22727272727272727","0","0","0.9545454545454546","0.045454545454545456"
"7x7-p84","7x7-p84-seeded-random","seeded-random","100","18","0.10714285714285714","0.7777777777777778","0.16666666666666666","0.2222222222222222","0","1","0.05555555555555555"
"7x7-p84","7x7-p84-uct-0100","uct-0100","1","27","0.16071428571428573","0.7777777777777778","0.07407407407407407","0.4074074074074074","0.07407407407407407","1","0.037037037037037035"
"7x7-p84","7x7-p84-uct-0100","uct-0100","2","21","0.125","0.8571428571428571","0.047619047619047616","0.47619047619047616","0.2857142857142857","1","0.09523809523809523"
"7x7-p84","7x7-p84-uct-0100","uct-0100","3","26","0.15476190476190477","0.8846153846153846","0.11538461538461539","0.3076923076923077","0.11538461538461539","1","0.038461538461538464"
"7x7-p84","7x7-p84-uct-0100","uct-0100","4","21","0.125","0.9047619047619048","0.09523809523809523","0.47619047619047616","0.2857142857142857","1","0.09523809523809523"
"7x7-p84","7x7-p84-uct-0100","uct-0100","5","27","0.16071428571428573","0.8148148148148148","0.14814814814814814","0.4444444444444444","0.2222222222222222","1","0.037037037037037035"
"7x7-p84","7x7-p84-uct-0100","uct-0100","6","26","0.15476190476190477","0.8846153846153846","0.038461538461538464","0.34615384615384615","0.15384615384615385","1","0.07692307692307693"
"7x7-p84","7x7-p84-uct-0100","uct-0100","7","25","0.1488095238095238","0.88","0.08","0.28","0.16","1","0.12"
"7x7-p84","7x7-p84-uct-0100","uct-0100","8","24","0.14285714285714285","0.6666666666666666","0.08333333333333333","0.4166666666666667","0.08333333333333333","1","0.16666666666666666"
"7x7-p84","7x7-p84-uct-0100","uct-0100","9","30","0.17857142857142858","0.8333333333333334","0.16666666666666666","0.3","0.23333333333333334","1","0.06666666666666667"
"7x7-p84","7x7-p84-uct-0100","uct-0100","10","31","0.18452380952380953","0.9354838709677419","0.22580645161290322","0.2903225806451613","0.25806451612903225","1","0.22580645161290322"
"7x7-p84","7x7-p84-uct-0100","uct-0100","11","26","0.15476190476190477","0.8076923076923077","0.038461538461538464","0.5","0.23076923076923078","1","0.23076923076923078"
"7x7-p84","7x7-p84-uct-0100","uct-0100","12","23","0.13690476190476192","0.782608695652174","0","0.34782608695652173","0.13043478260869565","1","0.21739130434782608"
"7x7-p84","7x7-p84-uct-0100","uct-0100","13","23","0.13690476190476192","0.8695652173913043","0.08695652173913043","0.43478260869565216","0.13043478260869565","1","0.17391304347826086"
"7x7-p84","7x7-p84-uct-0100","uct-0100","14","22","0.13095238095238096","0.6818181818181818","0.13636363636363635","0.3181818181818182","0.045454545454545456","0.8636363636363636","0.09090909090909091"
"7x7-p84","7x7-p84-uct-0100","uct-0100","15","27","0.16071428571428573","0.7777777777777778","0.25925925925925924","0.5185185185185185","0.25925925925925924","1","0.18518518518518517"
"7x7-p84","7x7-p84-uct-0100","uct-0100","16","28","0.16666666666666666","0.8571428571428571","0.17857142857142858","0.4642857142857143","0.17857142857142858","1","0.25"
"7x7-p84","7x7-p84-uct-0100","uct-0100","17","23","0.13690476190476192","0.8260869565217391","0.08695652173913043","0.5217391304347826","0.13043478260869565","0.9130434782608695","0.08695652173913043"
"7x7-p84","7x7-p84-uct-0100","uct-0100","18","24","0.14285714285714285","0.75","0.25","0.20833333333333334","0","0.9583333333333334","0.041666666666666664"
"7x7-p84","7x7-p84-uct-0100","uct-0100","19","27","0.16071428571428573","0.8518518518518519","0.18518518518518517","0.37037037037037035","0.25925925925925924","1","0.037037037037037035"
"7x7-p84","7x7-p84-uct-0100","uct-0100","20","30","0.17857142857142858","0.8666666666666667","0.1","0.3333333333333333","0.06666666666666667","1","0.13333333333333333"
"7x7-p84","7x7-p84-uct-0100","uct-0100","21","28","0.16666666666666666","0.7142857142857143","0.10714285714285714","0.39285714285714285","0.10714285714285714","1","0.14285714285714285"
"7x7-p84","7x7-p84-uct-0100","uct-0100","22","27","0.16071428571428573","0.7777777777777778","0.07407407407407407","0.3333333333333333","0.2962962962962963","1","0.1111111111111111"
"7x7-p84","7x7-p84-uct-0100","uct-0100","23","22","0.13095238095238096","0.9090909090909091","0.09090909090909091","0.5909090909090909","0.18181818181818182","0.9545454545454546","0.045454545454545456"
"7x7-p84","7x7-p84-uct-0100","uct-0100","24","29","0.17261904761904762","0.896551724137931","0.034482758620689655","0.3448275862068966","0.1724137931034483","1","0.13793103448275862"
"7x7-p84","7x7-p84-uct-0100","uct-0100","25","26","0.15476190476190477","0.8076923076923077","0.07692307692307693","0.3076923076923077","0.07692307692307693","0.9615384615384616","0.07692307692307693"
"7x7-p84","7x7-p84-uct-0100","uct-0100","26","20","0.11904761904761904","0.8","0.05","0.4","0.05","0.85","0.15"
"7x7-p84","7x7-p84-uct-0100","uct-0100","27","22","0.13095238095238096","0.8181818181818182","0","0.5454545454545454","0.3181818181818182","1","0.2727272727272727"
"7x7-p84","7x7-p84-uct-0100","uct-0100","28","21","0.125","0.8095238095238095","0.047619047619047616","0.3333333333333333","0.09523809523809523","1","0.047619047619047616"
"7x7-p84","7x7-p84-uct-0100","uct-0100","29","29","0.17261904761904762","0.7931034482758621","0.1724137931034483","0.3103448275862069","0.20689655172413793","1","0"
"7x7-p84","7x7-p84-uct-0100","uct-0100","30","27","0.16071428571428573","0.8518518518518519","0.07407407407407407","0.2222222222222222","0.1111111111111111","0.9629629629629629","0"
"7x7-p84","7x7-p84-uct-0100","uct-0100","31","30","0.17857142857142858","0.8","0","0.43333333333333335","0.2","1","0.23333333333333334"
"7x7-p84","7x7-p84-uct-0100","uct-0100","32","27","0.16071428571428573","0.8888888888888888","0.07407407407407407","0.4444444444444444","0.14814814814814814","0.9629629629629629","0.037037037037037035"
"7x7-p84","7x7-p84-uct-0100","uct-0100","33","27","0.16071428571428573","0.8888888888888888","0.14814814814814814","0.4074074074074074","0.1111111111111111","1","0.07407407407407407"
"7x7-p84","7x7-p84-uct-0100","uct-0100","34","30","0.17857142857142858","0.7333333333333333","0.13333333333333333","0.36666666666666664","0.3","1","0.06666666666666667"
"7x7-p84","7x7-p84-uct-0100","uct-0100","35","27","0.16071428571428573","0.8148148148148148","0.037037037037037035","0.3333333333333333","0.1111111111111111","1","0.18518518518518517"
"7x7-p84","7x7-p84-uct-0100","uct-0100","36","32","0.19047619047619047","0.8125","0","0.21875","0.3125","1","0.15625"
"7x7-p84","7x7-p84-uct-0100","uct-0100","37","24","0.14285714285714285","0.7916666666666666","0","0.3333333333333333","0.125","1","0.20833333333333334"
"7x7-p84","7x7-p84-uct-0100","uct-0100","38","26","0.15476190476190477","0.8076923076923077","0.11538461538461539","0.38461538461538464","0.07692307692307693","1","0.19230769230769232"
"7x7-p84","7x7-p84-uct-0100","uct-0100","39","23","0.13690476190476192","0.9130434782608695","0.17391304347826086","0.4782608695652174","0.13043478260869565","1","0.17391304347826086"
"7x7-p84","7x7-p84-uct-0100","uct-0100","40","19","0.1130952380952381","0.5789473684210527","0.10526315789473684","0.15789473684210525","0.05263157894736842","0.9473684210526315","0.10526315789473684"
"7x7-p84","7x7-p84-uct-0100","uct-0100","41","28","0.16666666666666666","0.8214285714285714","0.10714285714285714","0.32142857142857145","0.2857142857142857","1","0.07142857142857142"
"7x7-p84","7x7-p84-uct-0100","uct-0100","42","22","0.13095238095238096","0.8181818181818182","0.09090909090909091","0.5","0.22727272727272727","1","0.13636363636363635"
"7x7-p84","7x7-p84-uct-0100","uct-0100","43","28","0.16666666666666666","0.7142857142857143","0.07142857142857142","0.39285714285714285","0.21428571428571427","1","0.07142857142857142"
"7x7-p84","7x7-p84-uct-0100","uct-0100","44","23","0.13690476190476192","0.9565217391304348","0.08695652173913043","0.6086956521739131","0.2608695652173913","1","0.21739130434782608"
"7x7-p84","7x7-p84-uct-0100","uct-0100","45","24","0.14285714285714285","0.8333333333333334","0.08333333333333333","0.4166666666666667","0.16666666666666666","1","0.16666666666666666"
"7x7-p84","7x7-p84-uct-0100","uct-0100","46","25","0.1488095238095238","0.92","0.08","0.48","0.28","1","0.24"
"7x7-p84","7x7-p84-uct-0100","uct-0100","47","16","0.09523809523809523","0.5","0","0.1875","0","0.875","0"
"7x7-p84","7x7-p84-uct-0100","uct-0100","48","23","0.13690476190476192","0.9130434782608695","0.08695652173913043","0.391304347826087","0.17391304347826086","0.9565217391304348","0.17391304347826086"
"7x7-p84","7x7-p84-uct-0100","uct-0100","49","29","0.17261904761904762","0.8620689655172413","0.10344827586206896","0.3448275862068966","0.10344827586206896","1","0.06896551724137931"
"7x7-p84","7x7-p84-uct-0100","uct-0100","50","26","0.15476190476190477","0.7692307692307693","0.07692307692307693","0.38461538461538464","0.07692307692307693","1","0.07692307692307693"
"7x7-p84","7x7-p84-uct-0500","uct-0500","1","25","0.1488095238095238","0.8","0.04","0.64","0.16","1","0.08"
"7x7-p84","7x7-p84-uct-0500","uct-0500","2","29","0.17261904761904762","0.7931034482758621","0.034482758620689655","0.5172413793103449","0.20689655172413793","1","0.20689655172413793"
"7x7-p84","7x7-p84-uct-0500","uct-0500","3","28","0.16666666666666666","0.8928571428571429","0.03571428571428571","0.5","0.25","1","0.21428571428571427"
"7x7-p84","7x7-p84-uct-0500","uct-0500","4","31","0.18452380952380953","0.8709677419354839","0.06451612903225806","0.41935483870967744","0.2903225806451613","1","0.25806451612903225"
"7x7-p84","7x7-p84-uct-0500","uct-0500","5","30","0.17857142857142858","0.8","0.03333333333333333","0.36666666666666664","0.36666666666666664","1","0.2"
"7x7-p84","7x7-p84-uct-0500","uct-0500","6","25","0.1488095238095238","0.88","0.24","0.52","0.16","1","0"
"7x7-p84","7x7-p84-uct-0500","uct-0500","7","31","0.18452380952380953","0.8064516129032258","0.16129032258064516","0.22580645161290322","0.16129032258064516","1","0.22580645161290322"
"7x7-p84","7x7-p84-uct-0500","uct-0500","8","30","0.17857142857142858","0.8333333333333334","0.06666666666666667","0.3333333333333333","0.23333333333333334","1","0.2"
"7x7-p84","7x7-p84-uct-0500","uct-0500","9","27","0.16071428571428573","0.7777777777777778","0.037037037037037035","0.4444444444444444","0.1111111111111111","1","0.2222222222222222"
"7x7-p84","7x7-p84-uct-0500","uct-0500","10","26","0.15476190476190477","0.7692307692307693","0.07692307692307693","0.4230769230769231","0.11538461538461539","1","0.038461538461538464"
"7x7-p84","7x7-p84-uct-0500","uct-0500","11","28","0.16666666666666666","0.9285714285714286","0.07142857142857142","0.6785714285714286","0.17857142857142858","1","0.25"
"7x7-p84","7x7-p84-uct-0500","uct-0500","12","30","0.17857142857142858","0.8333333333333334","0.2","0.5333333333333333","0.2","1","0.26666666666666666"
"7x7-p84","7x7-p84-uct-0500","uct-0500","13","31","0.18452380952380953","1","0.0967741935483871","0.5161290322580645","0.2903225806451613","1","0.3225806451612903"
"7x7-p84","7x7-p84-uct-0500","uct-0500","14","25","0.1488095238095238","0.8","0.16","0.4","0.16","1","0.32"
"7x7-p84","7x7-p84-uct-0500","uct-0500","15","26","0.15476190476190477","0.9230769230769231","0.038461538461538464","0.5384615384615384","0.15384615384615385","1","0.19230769230769232"
"7x7-p84","7x7-p84-uct-0500","uct-0500","16","25","0.1488095238095238","0.8","0.12","0.4","0.16","1","0.32"
"7x7-p84","7x7-p84-uct-0500","uct-0500","17","32","0.19047619047619047","0.75","0.09375","0.4375","0.3125","1","0.125"
"7x7-p84","7x7-p84-uct-0500","uct-0500","18","34","0.20238095238095238","0.8529411764705882","0.029411764705882353","0.5882352941176471","0.3235294117647059","1","0.29411764705882354"
"7x7-p84","7x7-p84-uct-0500","uct-0500","19","29","0.17261904761904762","0.8620689655172413","0.10344827586206896","0.4482758620689655","0.20689655172413793","1","0.1724137931034483"
"7x7-p84","7x7-p84-uct-0500","uct-0500","20","25","0.1488095238095238","0.8","0.08","0.6","0.12","1","0.32"
"7x7-p84","7x7-p84-uct-0500","uct-0500","21","24","0.14285714285714285","0.9166666666666666","0.041666666666666664","0.4583333333333333","0.16666666666666666","1","0.20833333333333334"
"7x7-p84","7x7-p84-uct-0500","uct-0500","22","32","0.19047619047619047","0.96875","0.03125","0.625","0.125","0.96875","0.3125"
"7x7-p84","7x7-p84-uct-0500","uct-0500","23","32","0.19047619047619047","0.8125","0","0.4375","0.15625","1","0.1875"
"7x7-p84","7x7-p84-uct-0500","uct-0500","24","29","0.17261904761904762","0.896551724137931","0.06896551724137931","0.41379310344827586","0.20689655172413793","1","0.1724137931034483"
"7x7-p84","7x7-p84-uct-0500","uct-0500","25","34","0.20238095238095238","0.8823529411764706","0.058823529411764705","0.47058823529411764","0.14705882352941177","1","0.23529411764705882"
"7x7-p84","7x7-p84-uct-0500","uct-0500","26","29","0.17261904761904762","0.9655172413793104","0.1724137931034483","0.3448275862068966","0.3793103448275862","1","0.06896551724137931"
"7x7-p84","7x7-p84-uct-0500","uct-0500","27","31","0.18452380952380953","0.967741935483871","0.0967741935483871","0.45161290322580644","0.0967741935483871","1","0.0967741935483871"
"7x7-p84","7x7-p84-uct-0500","uct-0500","28","29","0.17261904761904762","0.7931034482758621","0.06896551724137931","0.3793103448275862","0.10344827586206896","1","0.2413793103448276"
"7x7-p84","7x7-p84-uct-0500","uct-0500","29","28","0.16666666666666666","0.8571428571428571","0.03571428571428571","0.42857142857142855","0.17857142857142858","0.9642857142857143","0.10714285714285714"
"7x7-p84","7x7-p84-uct-0500","uct-0500","30","28","0.16666666666666666","0.9285714285714286","0.07142857142857142","0.5","0.21428571428571427","1","0.25"
"7x7-p84","7x7-p84-uct-0500","uct-0500","31","32","0.19047619047619047","0.84375","0","0.53125","0.125","1","0.375"
"7x7-p84","7x7-p84-uct-0500","uct-0500","32","29","0.17261904761904762","0.896551724137931","0.034482758620689655","0.3103448275862069","0.27586206896551724","1","0.41379310344827586"
"7x7-p84","7x7-p84-uct-0500","uct-0500","33","29","0.17261904761904762","0.8620689655172413","0.034482758620689655","0.4827586206896552","0.3448275862068966","1","0.2413793103448276"
"7x7-p84","7x7-p84-uct-0500","uct-0500","34","27","0.16071428571428573","0.8518518518518519","0.1111111111111111","0.37037037037037035","0.14814814814814814","1","0.14814814814814814"
"7x7-p84","7x7-p84-uct-0500","uct-0500","35","25","0.1488095238095238","0.72","0.12","0.28","0.08","0.92","0.08"
"7x7-p84","7x7-p84-uct-0500","uct-0500","36","31","0.18452380952380953","0.8709677419354839","0","0.45161290322580644","0.3225806451612903","1","0.2903225806451613"
"7x7-p84","7x7-p84-uct-0500","uct-0500","37","27","0.16071428571428573","0.7777777777777778","0.14814814814814814","0.5555555555555556","0.07407407407407407","0.8888888888888888","0.2222222222222222"
"7x7-p84","7x7-p84-uct-0500","uct-0500","38","26","0.15476190476190477","0.8076923076923077","0","0.46153846153846156","0.19230769230769232","0.9615384615384616","0.2692307692307692"
"7x7-p84","7x7-p84-uct-0500","uct-0500","39","28","0.16666666666666666","0.7857142857142857","0.32142857142857145","0.39285714285714285","0.14285714285714285","1","0.17857142857142858"
"7x7-p84","7x7-p84-uct-0500","uct-0500","40","27","0.16071428571428573","0.9259259259259259","0.037037037037037035","0.5925925925925926","0.18518518518518517","1","0.1111111111111111"
"7x7-p84","7x7-p84-uct-0500","uct-0500","41","23","0.13690476190476192","0.6956521739130435","0","0.6521739130434783","0.2608695652173913","1","0.21739130434782608"
"7x7-p84","7x7-p84-uct-0500","uct-0500","42","31","0.18452380952380953","0.8709677419354839","0.16129032258064516","0.4838709677419355","0.2903225806451613","1","0.06451612903225806"
"7x7-p84","7x7-p84-uct-0500","uct-0500","43","33","0.19642857142857142","0.9696969696969697","0.06060606060606061","0.45454545454545453","0.2727272727272727","1","0.21212121212121213"
"7x7-p84","7x7-p84-uct-0500","uct-0500","44","31","0.18452380952380953","0.8064516129032258","0.03225806451612903","0.4838709677419355","0.12903225806451613","1","0.2903225806451613"
"7x7-p84","7x7-p84-uct-0500","uct-0500","45","30","0.17857142857142858","0.7333333333333333","0.06666666666666667","0.36666666666666664","0.13333333333333333","0.8666666666666667","0.2"
"7x7-p84","7x7-p84-uct-0500","uct-0500","46","28","0.16666666666666666","0.9285714285714286","0.03571428571428571","0.42857142857142855","0.10714285714285714","1","0.14285714285714285"
"7x7-p84","7x7-p84-uct-0500","uct-0500","47","29","0.17261904761904762","0.896551724137931","0.034482758620689655","0.4827586206896552","0.13793103448275862","1","0.27586206896551724"
"7x7-p84","7x7-p84-uct-0500","uct-0500","48","28","0.16666666666666666","0.8571428571428571","0.03571428571428571","0.42857142857142855","0.10714285714285714","0.9642857142857143","0.17857142857142858"
"7x7-p84","7x7-p84-uct-0500","uct-0500","49","35","0.20833333333333334","0.9428571428571428","0.08571428571428572","0.4","0.2571428571428571","1","0.34285714285714286"
"7x7-p84","7x7-p84-uct-0500","uct-0500","50","25","0.1488095238095238","0.84","0.04","0.56","0.24","1","0.28"
"7x7-p84","7x7-p84-uct-1000","uct-1000","1","28","0.16666666666666666","0.9642857142857143","0.07142857142857142","0.42857142857142855","0.10714285714285714","1","0.21428571428571427"
"7x7-p84","7x7-p84-uct-1000","uct-1000","2","25","0.1488095238095238","0.84","0.04","0.6","0.2","1","0.2"
"7x7-p84","7x7-p84-uct-1000","uct-1000","3","32","0.19047619047619047","0.9375","0.03125","0.59375","0.1875","1","0.15625"
"7x7-p84","7x7-p84-uct-1000","uct-1000","4","32","0.19047619047619047","0.8125","0.0625","0.34375","0.1875","1","0.28125"
"7x7-p84","7x7-p84-uct-1000","uct-1000","5","36","0.21428571428571427","0.9166666666666666","0.027777777777777776","0.3888888888888889","0.2222222222222222","1","0.25"
"7x7-p84","7x7-p84-uct-1000","uct-1000","6","30","0.17857142857142858","0.9333333333333333","0.03333333333333333","0.4","0.26666666666666666","1","0.5"
"7x7-p84","7x7-p84-uct-1000","uct-1000","7","33","0.19642857142857142","0.9696969696969697","0","0.3333333333333333","0.06060606060606061","1","0.24242424242424243"
"7x7-p84","7x7-p84-uct-1000","uct-1000","8","33","0.19642857142857142","0.9090909090909091","0.06060606060606061","0.48484848484848486","0.18181818181818182","1","0.18181818181818182"
"7x7-p84","7x7-p84-uct-1000","uct-1000","9","20","0.11904761904761904","0.65","0","0.3","0","0.9","0.25"
"7x7-p84","7x7-p84-uct-1000","uct-1000","10","25","0.1488095238095238","0.8","0.04","0.44","0.2","0.96","0.2"
"7x7-p84","7x7-p84-uct-1000","uct-1000","11","29","0.17261904761904762","0.7931034482758621","0","0.4827586206896552","0.1724137931034483","1","0.4482758620689655"
"7x7-p84","7x7-p84-uct-1000","uct-1000","12","34","0.20238095238095238","0.8529411764705882","0.029411764705882353","0.4411764705882353","0.20588235294117646","1","0.2647058823529412"
"7x7-p84","7x7-p84-uct-1000","uct-1000","13","27","0.16071428571428573","0.9259259259259259","0.1111111111111111","0.4444444444444444","0.18518518518518517","1","0.2222222222222222"
"7x7-p84","7x7-p84-uct-1000","uct-1000","14","32","0.19047619047619047","1","0.125","0.34375","0.21875","1","0.375"
"7x7-p84","7x7-p84-uct-1000","uct-1000","15","20","0.11904761904761904","0.95","0.15","0.7","0.05","1","0.15"
"7x7-p84","7x7-p84-uct-1000","uct-1000","16","24","0.14285714285714285","0.75","0","0.5416666666666666","0.125","1","0.375"
"7x7-p84","7x7-p84-uct-1000","uct-1000","17","32","0.19047619047619047","0.875","0","0.5625","0.21875","1","0.3125"
"7x7-p84","7x7-p84-uct-1000","uct-1000","18","31","0.18452380952380953","0.8387096774193549","0.06451612903225806","0.3870967741935484","0.16129032258064516","1","0.22580645161290322"
"7x7-p84","7x7-p84-uct-1000","uct-1000","19","32","0.19047619047619047","0.90625","0.03125","0.5","0.15625","1","0.3125"
"7x7-p84","7x7-p84-uct-1000","uct-1000","20","31","0.18452380952380953","0.7741935483870968","0.03225806451612903","0.5161290322580645","0.25806451612903225","1","0.06451612903225806"
"7x7-p84","7x7-p84-uct-1000","uct-1000","21","32","0.19047619047619047","0.90625","0.0625","0.5625","0.25","1","0.375"
"7x7-p84","7x7-p84-uct-1000","uct-1000","22","23","0.13690476190476192","0.8260869565217391","0.043478260869565216","0.4782608695652174","0.13043478260869565","1","0.21739130434782608"
"7x7-p84","7x7-p84-uct-1000","uct-1000","23","33","0.19642857142857142","0.9090909090909091","0.09090909090909091","0.45454545454545453","0.12121212121212122","1","0.5454545454545454"
"7x7-p84","7x7-p84-uct-1000","uct-1000","24","28","0.16666666666666666","0.9642857142857143","0.03571428571428571","0.6071428571428571","0.17857142857142858","1","0.14285714285714285"
"7x7-p84","7x7-p84-uct-1000","uct-1000","25","25","0.1488095238095238","0.92","0","0.72","0.2","1","0.2"
"7x7-p84","7x7-p84-uct-1000","uct-1000","26","28","0.16666666666666666","1","0.14285714285714285","0.2857142857142857","0.10714285714285714","1","0.07142857142857142"
"7x7-p84","7x7-p84-uct-1000","uct-1000","27","26","0.15476190476190477","0.7692307692307693","0.038461538461538464","0.5","0.11538461538461539","0.9615384615384616","0.19230769230769232"
"7x7-p84","7x7-p84-uct-1000","uct-1000","28","32","0.19047619047619047","0.9375","0.09375","0.5","0.375","1","0.1875"
"7x7-p84","7x7-p84-uct-1000","uct-1000","29","27","0.16071428571428573","0.8518518518518519","0","0.37037037037037035","0.1111111111111111","1","0.18518518518518517"
"7x7-p84","7x7-p84-uct-1000","uct-1000","30","35","0.20833333333333334","1","0.08571428571428572","0.4","0.2857142857142857","1","0.22857142857142856"
"7x7-p84","7x7-p84-uct-1000","uct-1000","31","32","0.19047619047619047","0.9375","0","0.40625","0.3125","0.96875","0.28125"
"7x7-p84","7x7-p84-uct-1000","uct-1000","32","30","0.17857142857142858","0.9","0.03333333333333333","0.4","0.16666666666666666","1","0.3333333333333333"
"7x7-p84","7x7-p84-uct-1000","uct-1000","33","36","0.21428571428571427","0.9444444444444444","0.1111111111111111","0.3611111111111111","0.25","1","0.1388888888888889"
"7x7-p84","7x7-p84-uct-1000","uct-1000","34","30","0.17857142857142858","0.9","0.1","0.4","0.16666666666666666","1","0.23333333333333334"
"7x7-p84","7x7-p84-uct-1000","uct-1000","35","28","0.16666666666666666","0.9285714285714286","0","0.5357142857142857","0.14285714285714285","1","0.2857142857142857"
"7x7-p84","7x7-p84-uct-1000","uct-1000","36","25","0.1488095238095238","0.92","0","0.44","0.2","1","0.24"
"7x7-p84","7x7-p84-uct-1000","uct-1000","37","30","0.17857142857142858","0.8333333333333334","0.13333333333333333","0.5333333333333333","0.13333333333333333","1","0.1"
"7x7-p84","7x7-p84-uct-1000","uct-1000","38","33","0.19642857142857142","0.8484848484848485","0.030303030303030304","0.45454545454545453","0.2727272727272727","0.9696969696969697","0.24242424242424243"
"7x7-p84","7x7-p84-uct-1000","uct-1000","39","35","0.20833333333333334","0.8285714285714286","0.05714285714285714","0.42857142857142855","0.05714285714285714","1","0.2571428571428571"
"7x7-p84","7x7-p84-uct-1000","uct-1000","40","30","0.17857142857142858","0.9333333333333333","0.26666666666666666","0.43333333333333335","0.16666666666666666","1","0.06666666666666667"
"7x7-p84","7x7-p84-uct-1000","uct-1000","41","35","0.20833333333333334","0.9714285714285714","0.05714285714285714","0.4","0.3142857142857143","1","0.17142857142857143"
"7x7-p84","7x7-p84-uct-1000","uct-1000","42","29","0.17261904761904762","0.9310344827586207","0.06896551724137931","0.5517241379310345","0.2413793103448276","1","0.3103448275862069"
"7x7-p84","7x7-p84-uct-1000","uct-1000","43","27","0.16071428571428573","0.8518518518518519","0.037037037037037035","0.37037037037037035","0.14814814814814814","0.9629629629629629","0.18518518518518517"
"7x7-p84","7x7-p84-uct-1000","uct-1000","44","31","0.18452380952380953","0.967741935483871","0.06451612903225806","0.41935483870967744","0.16129032258064516","1","0.3870967741935484"
"7x7-p84","7x7-p84-uct-1000","uct-1000","45","27","0.16071428571428573","0.8518518518518519","0.037037037037037035","0.2962962962962963","0.14814814814814814","1","0.2962962962962963"
"7x7-p84","7x7-p84-uct-1000","uct-1000","46","34","0.20238095238095238","0.9117647058823529","0.17647058823529413","0.38235294117647056","0.35294117647058826","1","0.14705882352941177"
"7x7-p84","7x7-p84-uct-1000","uct-1000","47","37","0.22023809523809523","0.8918918918918919","0.10810810810810811","0.2702702702702703","0.24324324324324326","1","0.10810810810810811"
"7x7-p84","7x7-p84-uct-1000","uct-1000","48","23","0.13690476190476192","0.8260869565217391","0.13043478260869565","0.43478260869565216","0.08695652173913043","1","0.13043478260869565"
"7x7-p84","7x7-p84-uct-1000","uct-1000","49","31","0.18452380952380953","0.8709677419354839","0.03225806451612903","0.3548387096774194","0.1935483870967742","1","0.25806451612903225"
"7x7-p84","7x7-p84-uct-1000","uct-1000","50","31","0.18452380952380953","0.9354838709677419","0.0967741935483871","0.5483870967741935","0.0967741935483871","1","0.3548387096774194"
"7x7-p96","7x7-p96-seeded-random","seeded-random","1","19","0.09895833333333333","0.6842105263157895","0.15789473684210525","0.3684210526315789","0","0.9473684210526315","0.05263157894736842"
"7x7-p96","7x7-p96-seeded-random","seeded-random","2","22","0.11458333333333333","0.8181818181818182","0.045454545454545456","0.22727272727272727","0","1","0.13636363636363635"
"7x7-p96","7x7-p96-seeded-random","seeded-random","3","22","0.11458333333333333","0.7272727272727273","0","0.22727272727272727","0","0.9545454545454546","0.18181818181818182"
"7x7-p96","7x7-p96-seeded-random","seeded-random","4","25","0.13020833333333334","0.8","0.12","0.28","0","0.92","0.04"
"7x7-p96","7x7-p96-seeded-random","seeded-random","5","22","0.11458333333333333","0.6363636363636364","0.13636363636363635","0.045454545454545456","0.045454545454545456","0.9545454545454546","0.09090909090909091"
"7x7-p96","7x7-p96-seeded-random","seeded-random","6","24","0.125","0.7916666666666666","0.041666666666666664","0.16666666666666666","0","0.8333333333333334","0.125"
"7x7-p96","7x7-p96-seeded-random","seeded-random","7","19","0.09895833333333333","0.6842105263157895","0.10526315789473684","0.21052631578947367","0","0.8421052631578947","0.05263157894736842"
"7x7-p96","7x7-p96-seeded-random","seeded-random","8","22","0.11458333333333333","0.8636363636363636","0.2727272727272727","0.13636363636363635","0","1","0"
"7x7-p96","7x7-p96-seeded-random","seeded-random","9","24","0.125","0.625","0.08333333333333333","0.16666666666666666","0","0.7916666666666666","0.25"
"7x7-p96","7x7-p96-seeded-random","seeded-random","10","22","0.11458333333333333","0.5909090909090909","0.09090909090909091","0.13636363636363635","0","1","0.045454545454545456"
"7x7-p96","7x7-p96-seeded-random","seeded-random","11","24","0.125","0.875","0","0.125","0","1","0.125"
"7x7-p96","7x7-p96-seeded-random","seeded-random","12","19","0.09895833333333333","0.7894736842105263","0.21052631578947367","0.10526315789473684","0.2631578947368421","1","0.05263157894736842"
"7x7-p96","7x7-p96-seeded-random","seeded-random","13","19","0.09895833333333333","0.5263157894736842","0.15789473684210525","0.10526315789473684","0","1","0.10526315789473684"
"7x7-p96","7x7-p96-seeded-random","seeded-random","14","20","0.10416666666666667","0.75","0.1","0.15","0","0.8","0.15"
"7x7-p96","7x7-p96-seeded-random","seeded-random","15","28","0.14583333333333334","0.7142857142857143","0.03571428571428571","0.2857142857142857","0","0.9642857142857143","0.21428571428571427"
"7x7-p96","7x7-p96-seeded-random","seeded-random","16","26","0.13541666666666666","0.6923076923076923","0.38461538461538464","0.15384615384615385","0.038461538461538464","0.9230769230769231","0.038461538461538464"
"7x7-p96","7x7-p96-seeded-random","seeded-random","17","21","0.109375","0.7142857142857143","0.047619047619047616","0.047619047619047616","0","0.9047619047619048","0"
"7x7-p96","7x7-p96-seeded-random","seeded-random","18","27","0.140625","0.9259259259259259","0.1111111111111111","0.14814814814814814","0.037037037037037035","0.9259259259259259","0.037037037037037035"
"7x7-p96","7x7-p96-seeded-random","seeded-random","19","17","0.08854166666666667","0.7058823529411765","0.058823529411764705","0.11764705882352941","0.11764705882352941","1","0.058823529411764705"
"7x7-p96","7x7-p96-seeded-random","seeded-random","20","24","0.125","0.875","0.125","0.08333333333333333","0","0.7083333333333334","0.041666666666666664"
"7x7-p96","7x7-p96-seeded-random","seeded-random","21","26","0.13541666666666666","0.5769230769230769","0.15384615384615385","0.15384615384615385","0","0.8846153846153846","0.038461538461538464"
"7x7-p96","7x7-p96-seeded-random","seeded-random","22","19","0.09895833333333333","0.5789473684210527","0.05263157894736842","0.15789473684210525","0.05263157894736842","0.9473684210526315","0.05263157894736842"
"7x7-p96","7x7-p96-seeded-random","seeded-random","23","21","0.109375","0.6190476190476191","0.2857142857142857","0.14285714285714285","0","0.9523809523809523","0.047619047619047616"
"7x7-p96","7x7-p96-seeded-random","seeded-random","24","21","0.109375","0.6190476190476191","0.23809523809523808","0.19047619047619047","0","0.9523809523809523","0.047619047619047616"
"7x7-p96","7x7-p96-seeded-random","seeded-random","25","16","0.08333333333333333","0.8125","0.125","0","0","0.75","0.125"
"7x7-p96","7x7-p96-seeded-random","seeded-random","26","23","0.11979166666666667","0.7391304347826086","0.13043478260869565","0.34782608695652173","0.08695652173913043","1","0.08695652173913043"
"7x7-p96","7x7-p96-seeded-random","seeded-random","27","21","0.109375","0.6666666666666666","0.047619047619047616","0.19047619047619047","0","0.9523809523809523","0.09523809523809523"
"7x7-p96","7x7-p96-seeded-random","seeded-random","28","23","0.11979166666666667","0.5652173913043478","0.08695652173913043","0.13043478260869565","0","0.8260869565217391","0.08695652173913043"
"7x7-p96","7x7-p96-seeded-random","seeded-random","29","22","0.11458333333333333","0.8181818181818182","0.09090909090909091","0.13636363636363635","0","0.9545454545454546","0.045454545454545456"
"7x7-p96","7x7-p96-seeded-random","seeded-random","30","22","0.11458333333333333","0.5","0.13636363636363635","0.22727272727272727","0","0.8636363636363636","0.13636363636363635"
"7x7-p96","7x7-p96-seeded-random","seeded-random","31","26","0.13541666666666666","0.7692307692307693","0.19230769230769232","0.11538461538461539","0","0.8461538461538461","0.07692307692307693"
"7x7-p96","7x7-p96-seeded-random","seeded-random","32","21","0.109375","0.8095238095238095","0.14285714285714285","0.19047619047619047","0","0.9047619047619048","0.14285714285714285"
"7x7-p96","7x7-p96-seeded-random","seeded-random","33","25","0.13020833333333334","0.68","0.04","0.2","0","1","0.04"
"7x7-p96","7x7-p96-seeded-random","seeded-random","34","23","0.11979166666666667","0.8260869565217391","0.043478260869565216","0.391304347826087","0.08695652173913043","1","0"
"7x7-p96","7x7-p96-seeded-random","seeded-random","35","26","0.13541666666666666","0.8076923076923077","0.038461538461538464","0.15384615384615385","0.11538461538461539","0.9615384615384616","0.15384615384615385"
"7x7-p96","7x7-p96-seeded-random","seeded-random","36","20","0.10416666666666667","0.85","0.15","0.15","0.1","1","0"
"7x7-p96","7x7-p96-seeded-random","seeded-random","37","22","0.11458333333333333","0.5454545454545454","0.13636363636363635","0.18181818181818182","0.22727272727272727","0.9545454545454546","0.045454545454545456"
"7x7-p96","7x7-p96-seeded-random","seeded-random","38","24","0.125","0.8333333333333334","0","0.3333333333333333","0","1","0.125"
"7x7-p96","7x7-p96-seeded-random","seeded-random","39","22","0.11458333333333333","0.8181818181818182","0.045454545454545456","0.36363636363636365","0.045454545454545456","0.8636363636363636","0.045454545454545456"
"7x7-p96","7x7-p96-seeded-random","seeded-random","40","17","0.08854166666666667","0.8235294117647058","0.11764705882352941","0.23529411764705882","0.17647058823529413","0.9411764705882353","0.058823529411764705"
"7x7-p96","7x7-p96-seeded-random","seeded-random","41","22","0.11458333333333333","0.7272727272727273","0.36363636363636365","0.13636363636363635","0","0.9545454545454546","0.09090909090909091"
"7x7-p96","7x7-p96-seeded-random","seeded-random","42","26","0.13541666666666666","0.8076923076923077","0.15384615384615385","0.11538461538461539","0","0.9230769230769231","0.038461538461538464"
"7x7-p96","7x7-p96-seeded-random","seeded-random","43","19","0.09895833333333333","0.631578947368421","0.05263157894736842","0","0","0.8947368421052632","0.21052631578947367"
"7x7-p96","7x7-p96-seeded-random","seeded-random","44","23","0.11979166666666667","0.7391304347826086","0.043478260869565216","0.17391304347826086","0","0.782608695652174","0.08695652173913043"
"7x7-p96","7x7-p96-seeded-random","seeded-random","45","25","0.13020833333333334","0.96","0.12","0.2","0","0.88","0.08"
"7x7-p96","7x7-p96-seeded-random","seeded-random","46","22","0.11458333333333333","0.5909090909090909","0.045454545454545456","0.22727272727272727","0.09090909090909091","1","0.045454545454545456"
"7x7-p96","7x7-p96-seeded-random","seeded-random","47","18","0.09375","0.6666666666666666","0.05555555555555555","0.1111111111111111","0","0.9444444444444444","0.05555555555555555"
"7x7-p96","7x7-p96-seeded-random","seeded-random","48","26","0.13541666666666666","0.6153846153846154","0.19230769230769232","0.19230769230769232","0","0.8846153846153846","0.15384615384615385"
"7x7-p96","7x7-p96-seeded-random","seeded-random","49","27","0.140625","0.6296296296296297","0.1111111111111111","0.14814814814814814","0","0.8888888888888888","0.07407407407407407"
"7x7-p96","7x7-p96-seeded-random","seeded-random","50","20","0.10416666666666667","1","0.2","0.1","0","0.95","0.1"
"7x7-p96","7x7-p96-seeded-random","seeded-random","51","26","0.13541666666666666","0.5","0.038461538461538464","0.15384615384615385","0.11538461538461539","1","0"
"7x7-p96","7x7-p96-seeded-random","seeded-random","52","23","0.11979166666666667","0.6521739130434783","0.2608695652173913","0.08695652173913043","0","0.9130434782608695","0.043478260869565216"
"7x7-p96","7x7-p96-seeded-random","seeded-random","53","21","0.109375","0.7142857142857143","0.19047619047619047","0.09523809523809523","0","0.9523809523809523","0.09523809523809523"
"7x7-p96","7x7-p96-seeded-random","seeded-random","54","14","0.07291666666666667","0.8571428571428571","0.21428571428571427","0.14285714285714285","0","0.9285714285714286","0.07142857142857142"
"7x7-p96","7x7-p96-seeded-random","seeded-random","55","29","0.15104166666666666","0.6206896551724138","0.06896551724137931","0.2413793103448276","0","0.8275862068965517","0.10344827586206896"
"7x7-p96","7x7-p96-seeded-random","seeded-random","56","23","0.11979166666666667","0.9130434782608695","0.21739130434782608","0.13043478260869565","0.043478260869565216","1","0.043478260869565216"
"7x7-p96","7x7-p96-seeded-random","seeded-random","57","26","0.13541666666666666","0.7692307692307693","0.11538461538461539","0.11538461538461539","0","0.9615384615384616","0"
"7x7-p96","7x7-p96-seeded-random","seeded-random","58","24","0.125","0.6666666666666666","0.041666666666666664","0.20833333333333334","0","0.9166666666666666","0.041666666666666664"
"7x7-p96","7x7-p96-seeded-random","seeded-random","59","18","0.09375","0.6666666666666666","0.16666666666666666","0.1111111111111111","0.05555555555555555","1","0.1111111111111111"
"7x7-p96","7x7-p96-seeded-random","seeded-random","60","27","0.140625","0.7407407407407407","0.14814814814814814","0.07407407407407407","0","0.8888888888888888","0"
"7x7-p96","7x7-p96-seeded-random","seeded-random","61","30","0.15625","0.6666666666666666","0.1","0.2","0","0.9666666666666667","0.06666666666666667"
"7x7-p96","7x7-p96-seeded-random","seeded-random","62","23","0.11979166666666667","0.782608695652174","0.17391304347826086","0.08695652173913043","0","1","0.13043478260869565"
"7x7-p96","7x7-p96-seeded-random","seeded-random","63","21","0.109375","0.7142857142857143","0.09523809523809523","0.047619047619047616","0","0.9047619047619048","0.09523809523809523"
"7x7-p96","7x7-p96-seeded-random","seeded-random","64","24","0.125","0.8333333333333334","0.20833333333333334","0.2916666666666667","0.041666666666666664","0.9166666666666666","0.041666666666666664"
"7x7-p96","7x7-p96-seeded-random","seeded-random","65","27","0.140625","0.8148148148148148","0.18518518518518517","0.2222222222222222","0","1","0.037037037037037035"
"7x7-p96","7x7-p96-seeded-random","seeded-random","66","21","0.109375","0.9523809523809523","0.047619047619047616","0.19047619047619047","0","1","0.09523809523809523"
"7x7-p96","7x7-p96-seeded-random","seeded-random","67","26","0.13541666666666666","0.6538461538461539","0.038461538461538464","0.11538461538461539","0","1","0"
"7x7-p96","7x7-p96-seeded-random","seeded-random","68","30","0.15625","0.6666666666666666","0","0.2","0","0.8","0.06666666666666667"
"7x7-p96","7x7-p96-seeded-random","seeded-random","69","19","0.09895833333333333","0.6842105263157895","0.05263157894736842","0.21052631578947367","0","0.9473684210526315","0.05263157894736842"
"7x7-p96","7x7-p96-seeded-random","seeded-random","70","25","0.13020833333333334","0.92","0.12","0.12","0.04","1","0"
"7x7-p96","7x7-p96-seeded-random","seeded-random","71","27","0.140625","0.7407407407407407","0.2962962962962963","0.1111111111111111","0.07407407407407407","1","0.037037037037037035"
"7x7-p96","7x7-p96-seeded-random","seeded-random","72","19","0.09895833333333333","0.7368421052631579","0","0.10526315789473684","0","0.9473684210526315","0.05263157894736842"
"7x7-p96","7x7-p96-seeded-random","seeded-random","73","18","0.09375","0.5","0.16666666666666666","0","0","0.8888888888888888","0.05555555555555555"
"7x7-p96","7x7-p96-seeded-random","seeded-random","74","24","0.125","0.625","0.125","0.20833333333333334","0","0.875","0.16666666666666666"
"7x7-p96","7x7-p96-seeded-random","seeded-random","75","27","0.140625","0.7037037037037037","0.037037037037037035","0.1111111111111111","0","1","0.037037037037037035"
"7x7-p96","7x7-p96-seeded-random","seeded-random","76","23","0.11979166666666667","0.6521739130434783","0.043478260869565216","0.08695652173913043","0","0.9130434782608695","0.08695652173913043"
"7x7-p96","7x7-p96-seeded-random","seeded-random","77","26","0.13541666666666666","0.8846153846153846","0.07692307692307693","0.2692307692307692","0","0.9230769230769231","0.07692307692307693"
"7x7-p96","7x7-p96-seeded-random","seeded-random","78","25","0.13020833333333334","0.72","0","0.24","0","1","0.28"
"7x7-p96","7x7-p96-seeded-random","seeded-random","79","23","0.11979166666666667","0.7391304347826086","0.13043478260869565","0.13043478260869565","0.043478260869565216","0.8260869565217391","0.21739130434782608"
"7x7-p96","7x7-p96-seeded-random","seeded-random","80","19","0.09895833333333333","0.6842105263157895","0","0.05263157894736842","0","1","0.05263157894736842"
"7x7-p96","7x7-p96-seeded-random","seeded-random","81","20","0.10416666666666667","0.55","0.1","0.05","0.65","1","0.05"
"7x7-p96","7x7-p96-seeded-random","seeded-random","82","21","0.109375","0.6666666666666666","0.09523809523809523","0.14285714285714285","0","1","0.047619047619047616"
"7x7-p96","7x7-p96-seeded-random","seeded-random","83","33","0.171875","0.6363636363636364","0.030303030303030304","0.24242424242424243","0.06060606060606061","1","0.12121212121212122"
"7x7-p96","7x7-p96-seeded-random","seeded-random","84","23","0.11979166666666667","0.4782608695652174","0.08695652173913043","0.2608695652173913","0.08695652173913043","0.9565217391304348","0.08695652173913043"
"7x7-p96","7x7-p96-seeded-random","seeded-random","85","26","0.13541666666666666","0.6153846153846154","0.038461538461538464","0.15384615384615385","0","0.8846153846153846","0.23076923076923078"
"7x7-p96","7x7-p96-seeded-random","seeded-random","86","25","0.13020833333333334","0.72","0.04","0.28","0","0.92","0.12"
"7x7-p96","7x7-p96-seeded-random","seeded-random","87","22","0.11458333333333333","0.5909090909090909","0.045454545454545456","0.18181818181818182","0.045454545454545456","1","0.09090909090909091"
"7x7-p96","7x7-p96-seeded-random","seeded-random","88","27","0.140625","0.7037037037037037","0.2222222222222222","0.14814814814814814","0.07407407407407407","0.9629629629629629","0.07407407407407407"
"7x7-p96","7x7-p96-seeded-random","seeded-random","89","25","0.13020833333333334","0.8","0","0.16","0","0.96","0.08"
"7x7-p96","7x7-p96-seeded-random","seeded-random","90","22","0.11458333333333333","0.5909090909090909","0.09090909090909091","0.09090909090909091","0","0.9545454545454546","0.13636363636363635"
"7x7-p96","7x7-p96-seeded-random","seeded-random","91","21","0.109375","0.7619047619047619","0.09523809523809523","0.23809523809523808","0","1","0"
"7x7-p96","7x7-p96-seeded-random","seeded-random","92","30","0.15625","0.7333333333333333","0.13333333333333333","0.26666666666666666","0.03333333333333333","0.9333333333333333","0.1"
"7x7-p96","7x7-p96-seeded-random","seeded-random","93","23","0.11979166666666667","0.7391304347826086","0.21739130434782608","0.21739130434782608","0","1","0.043478260869565216"
"7x7-p96","7x7-p96-seeded-random","seeded-random","94","21","0.109375","0.6666666666666666","0.047619047619047616","0.19047619047619047","0.047619047619047616","0.9523809523809523","0.047619047619047616"
"7x7-p96","7x7-p96-seeded-random","seeded-random","95","27","0.140625","0.6296296296296297","0.1111111111111111","0.18518518518518517","0.2222222222222222","1","0"
"7x7-p96","7x7-p96-seeded-random","seeded-random","96","23","0.11979166666666667","0.7391304347826086","0.13043478260869565","0.2608695652173913","0.08695652173913043","0.9130434782608695","0.08695652173913043"
"7x7-p96","7x7-p96-seeded-random","seeded-random","97","20","0.10416666666666667","0.65","0.3","0.15","0","0.9","0.1"
"7x7-p96","7x7-p96-seeded-random","seeded-random","98","21","0.109375","0.7619047619047619","0.3333333333333333","0.09523809523809523","0","1","0"
"7x7-p96","7x7-p96-seeded-random","seeded-random","99","27","0.140625","0.8888888888888888","0.18518518518518517","0.18518518518518517","0.2222222222222222","0.9259259259259259","0.1111111111111111"
"7x7-p96","7x7-p96-seeded-random","seeded-random","100","27","0.140625","0.8148148148148148","0.07407407407407407","0.14814814814814814","0","0.9259259259259259","0"
"7x7-p96","7x7-p96-uct-0100","uct-0100","1","30","0.15625","0.7333333333333333","0","0.23333333333333334","0","0.9","0.23333333333333334"
"7x7-p96","7x7-p96-uct-0100","uct-0100","2","30","0.15625","0.7666666666666667","0.13333333333333333","0.3","0.03333333333333333","1","0"
"7x7-p96","7x7-p96-uct-0100","uct-0100","3","27","0.140625","0.8518518518518519","0.037037037037037035","0.48148148148148145","0.037037037037037035","1","0.2222222222222222"
"7x7-p96","7x7-p96-uct-0100","uct-0100","4","29","0.15104166666666666","0.7931034482758621","0.06896551724137931","0.41379310344827586","0.2413793103448276","1","0.13793103448275862"
"7x7-p96","7x7-p96-uct-0100","uct-0100","5","29","0.15104166666666666","0.8275862068965517","0.2413793103448276","0.3448275862068966","0.10344827586206896","1","0.034482758620689655"
"7x7-p96","7x7-p96-uct-0100","uct-0100","6","29","0.15104166666666666","0.6896551724137931","0.06896551724137931","0.3793103448275862","0.20689655172413793","1","0.13793103448275862"
"7x7-p96","7x7-p96-uct-0100","uct-0100","7","33","0.171875","0.7272727272727273","0.09090909090909091","0.36363636363636365","0.3333333333333333","1","0.030303030303030304"
"7x7-p96","7x7-p96-uct-0100","uct-0100","8","34","0.17708333333333334","0.8235294117647058","0","0.35294117647058826","0.11764705882352941","1","0.29411764705882354"
"7x7-p96","7x7-p96-uct-0100","uct-0100","9","30","0.15625","0.8666666666666667","0.3","0.3","0.13333333333333333","1","0"
"7x7-p96","7x7-p96-uct-0100","uct-0100","10","32","0.16666666666666666","0.8125","0.03125","0.34375","0.1875","0.9375","0.125"
"7x7-p96","7x7-p96-uct-0100","uct-0100","11","27","0.140625","0.8518518518518519","0.037037037037037035","0.5925925925925926","0.14814814814814814","1","0.1111111111111111"
"7x7-p96","7x7-p96-uct-0100","uct-0100","12","27","0.140625","0.7407407407407407","0.037037037037037035","0.37037037037037035","0.07407407407407407","1","0.14814814814814814"
"7x7-p96","7x7-p96-uct-0100","uct-0100","13","30","0.15625","0.7333333333333333","0.03333333333333333","0.43333333333333335","0.13333333333333333","1","0.1"
"7x7-p96","7x7-p96-uct-0100","uct-0100","14","31","0.16145833333333334","0.7419354838709677","0.06451612903225806","0.2903225806451613","0.12903225806451613","1","0.1935483870967742"
"7x7-p96","7x7-p96-uct-0100","uct-0100","15","29","0.15104166666666666","0.896551724137931","0","0.41379310344827586","0.1724137931034483","1","0.13793103448275862"
"7x7-p96","7x7-p96-uct-0100","uct-0100","16","29","0.15104166666666666","0.896551724137931","0.10344827586206896","0.4827586206896552","0.034482758620689655","1","0.27586206896551724"
"7x7-p96","7x7-p96-uct-0100","uct-0100","17","25","0.13020833333333334","0.88","0","0.64","0.16","1","0.2"
"7x7-p96","7x7-p96-uct-0100","uct-0100","18","28","0.14583333333333334","0.75","0.03571428571428571","0.32142857142857145","0.03571428571428571","0.8928571428571429","0.32142857142857145"
"7x7-p96","7x7-p96-uct-0100","uct-0100","19","29","0.15104166666666666","0.896551724137931","0.13793103448275862","0.5862068965517241","0.1724137931034483","1","0"
"7x7-p96","7x7-p96-uct-0100","uct-0100","20","29","0.15104166666666666","0.7931034482758621","0","0.4482758620689655","0.13793103448275862","1","0.10344827586206896"
"7x7-p96","7x7-p96-uct-0100","uct-0100","21","30","0.15625","0.8333333333333334","0.06666666666666667","0.4","0.2","1","0.16666666666666666"
"7x7-p96","7x7-p96-uct-0100","uct-0100","22","31","0.16145833333333334","0.8064516129032258","0.0967741935483871","0.3870967741935484","0.25806451612903225","1","0.12903225806451613"
"7x7-p96","7x7-p96-uct-0100","uct-0100","23","31","0.16145833333333334","0.8387096774193549","0.06451612903225806","0.45161290322580644","0.2903225806451613","1","0.0967741935483871"
"7x7-p96","7x7-p96-uct-0100","uct-0100","24","32","0.16666666666666666","0.78125","0.1875","0.4375","0.15625","0.96875","0.21875"
"7x7-p96","7x7-p96-uct-0100","uct-0100","25","29","0.15104166666666666","0.7586206896551724","0.06896551724137931","0.4827586206896552","0.1724137931034483","1","0.13793103448275862"
"7x7-p96","7x7-p96-uct-0100","uct-0100","26","36","0.1875","0.7222222222222222","0.1388888888888889","0.3611111111111111","0.19444444444444445","1","0.08333333333333333"
"7x7-p96","7x7-p96-uct-0100","uct-0100","27","26","0.13541666666666666","0.7307692307692307","0.038461538461538464","0.3076923076923077","0.07692307692307693","1","0.07692307692307693"
"7x7-p96","7x7-p96-uct-0100","uct-0100","28","33","0.171875","0.8484848484848485","0.12121212121212122","0.42424242424242425","0.24242424242424243","1","0.15151515151515152"
"7x7-p96","7x7-p96-uct-0100","uct-0100","29","23","0.11979166666666667","0.782608695652174","0","0.21739130434782608","0","1","0.13043478260869565"
"7x7-p96","7x7-p96-uct-0100","uct-0100","30","23","0.11979166666666667","0.8695652173913043","0.34782608695652173","0.391304347826087","0.08695652173913043","0.9565217391304348","0.08695652173913043"
"7x7-p96","7x7-p96-uct-0100","uct-0100","31","26","0.13541666666666666","0.7307692307692307","0.07692307692307693","0.5","0.11538461538461539","1","0.11538461538461539"
"7x7-p96","7x7-p96-uct-0100","uct-0100","32","30","0.15625","0.8333333333333334","0.13333333333333333","0.4666666666666667","0.1","1","0.03333333333333333"
"7x7-p96","7x7-p96-uct-0100","uct-0100","33","29","0.15104166666666666","0.7931034482758621","0.1724137931034483","0.41379310344827586","0.2413793103448276","1","0.13793103448275862"
"7x7-p96","7x7-p96-uct-0100","uct-0100","34","28","0.14583333333333334","0.9285714285714286","0.14285714285714285","0.42857142857142855","0.21428571428571427","1","0.14285714285714285"
"7x7-p96","7x7-p96-uct-0100","uct-0100","35","29","0.15104166666666666","0.8275862068965517","0.13793103448275862","0.5517241379310345","0.20689655172413793","1","0.3448275862068966"
"7x7-p96","7x7-p96-uct-0100","uct-0100","36","34","0.17708333333333334","0.9411764705882353","0.17647058823529413","0.3235294117647059","0.08823529411764706","1","0.029411764705882353"
"7x7-p96","7x7-p96-uct-0100","uct-0100","37","35","0.18229166666666666","0.8","0.02857142857142857","0.4857142857142857","0.17142857142857143","1","0.08571428571428572"
"7x7-p96","7x7-p96-uct-0100","uct-0100","38","35","0.18229166666666666","0.8","0.08571428571428572","0.37142857142857144","0.14285714285714285","1","0.08571428571428572"
"7x7-p96","7x7-p96-uct-0100","uct-0100","39","28","0.14583333333333334","0.8214285714285714","0","0.42857142857142855","0.17857142857142858","0.9642857142857143","0.14285714285714285"
"7x7-p96","7x7-p96-uct-0100","uct-0100","40","29","0.15104166666666666","0.7241379310344828","0.06896551724137931","0.3793103448275862","0.13793103448275862","1","0.06896551724137931"
"7x7-p96","7x7-p96-uct-0100","uct-0100","41","29","0.15104166666666666","0.7586206896551724","0.10344827586206896","0.4482758620689655","0.13793103448275862","0.9655172413793104","0"
"7x7-p96","7x7-p96-uct-0100","uct-0100","42","29","0.15104166666666666","0.7241379310344828","0.06896551724137931","0.3103448275862069","0.13793103448275862","1","0.13793103448275862"
"7x7-p96","7x7-p96-uct-0100","uct-0100","43","33","0.171875","0.8181818181818182","0.15151515151515152","0.3333333333333333","0.21212121212121213","1","0.09090909090909091"
"7x7-p96","7x7-p96-uct-0100","uct-0100","44","32","0.16666666666666666","0.78125","0.21875","0.375","0.03125","1","0.0625"
"7x7-p96","7x7-p96-uct-0100","uct-0100","45","31","0.16145833333333334","0.9032258064516129","0.12903225806451613","0.5161290322580645","0.22580645161290322","1","0.06451612903225806"
"7x7-p96","7x7-p96-uct-0100","uct-0100","46","30","0.15625","0.9333333333333333","0.03333333333333333","0.36666666666666664","0.13333333333333333","1","0.23333333333333334"
"7x7-p96","7x7-p96-uct-0100","uct-0100","47","31","0.16145833333333334","0.8709677419354839","0.0967741935483871","0.45161290322580644","0.22580645161290322","1","0.03225806451612903"
"7x7-p96","7x7-p96-uct-0100","uct-0100","48","27","0.140625","0.7777777777777778","0.1111111111111111","0.4074074074074074","0.25925925925925924","1","0.07407407407407407"
"7x7-p96","7x7-p96-uct-0100","uct-0100","49","33","0.171875","0.8181818181818182","0.18181818181818182","0.45454545454545453","0.15151515151515152","1","0.12121212121212122"
"7x7-p96","7x7-p96-uct-0100","uct-0100","50","32","0.16666666666666666","0.8125","0.09375","0.375","0.21875","1","0.15625"
"7x7-p96","7x7-p96-uct-0500","uct-0500","1","31","0.16145833333333334","0.8387096774193549","0.0967741935483871","0.6774193548387096","0.12903225806451613","1","0.16129032258064516"
"7x7-p96","7x7-p96-uct-0500","uct-0500","2","29","0.15104166666666666","0.7931034482758621","0","0.6551724137931034","0.10344827586206896","1","0.27586206896551724"
"7x7-p96","7x7-p96-uct-0500","uct-0500","3","36","0.1875","0.8611111111111112","0","0.5833333333333334","0.25","1","0.2777777777777778"
"7x7-p96","7x7-p96-uct-0500","uct-0500","4","39","0.203125","0.8974358974358975","0.1282051282051282","0.41025641025641024","0.20512820512820512","1","0.15384615384615385"
"7x7-p96","7x7-p96-uct-0500","uct-0500","5","32","0.16666666666666666","0.90625","0","0.3125","0.1875","1","0.1875"
"7x7-p96","7x7-p96-uct-0500","uct-0500","6","38","0.19791666666666666","0.8947368421052632","0.05263157894736842","0.5","0.2631578947368421","1","0.15789473684210525"
"7x7-p96","7x7-p96-uct-0500","uct-0500","7","23","0.11979166666666667","0.8695652173913043","0.043478260869565216","0.4782608695652174","0.13043478260869565","1","0.34782608695652173"
"7x7-p96","7x7-p96-uct-0500","uct-0500","8","37","0.19270833333333334","0.918918918918919","0.08108108108108109","0.43243243243243246","0.32432432432432434","1","0.13513513513513514"
"7x7-p96","7x7-p96-uct-0500","uct-0500","9","33","0.171875","0.9393939393939394","0.030303030303030304","0.45454545454545453","0.12121212121212122","1","0.18181818181818182"
"7x7-p96","7x7-p96-uct-0500","uct-0500","10","28","0.14583333333333334","0.8928571428571429","0.07142857142857142","0.5357142857142857","0.07142857142857142","1","0.07142857142857142"
"7x7-p96","7x7-p96-uct-0500","uct-0500","11","33","0.171875","0.8484848484848485","0.030303030303030304","0.45454545454545453","0.21212121212121213","1","0.15151515151515152"
"7x7-p96","7x7-p96-uct-0500","uct-0500","12","34","0.17708333333333334","0.9117647058823529","0.058823529411764705","0.5882352941176471","0.23529411764705882","1","0.2647058823529412"
"7x7-p96","7x7-p96-uct-0500","uct-0500","13","38","0.19791666666666666","0.9210526315789473","0.05263157894736842","0.4473684210526316","0.2894736842105263","1","0.15789473684210525"
"7x7-p96","7x7-p96-uct-0500","uct-0500","14","34","0.17708333333333334","0.7647058823529411","0.029411764705882353","0.5588235294117647","0.08823529411764706","1","0.3235294117647059"
"7x7-p96","7x7-p96-uct-0500","uct-0500","15","25","0.13020833333333334","0.84","0.2","0.44","0.2","1","0.16"
"7x7-p96","7x7-p96-uct-0500","uct-0500","16","32","0.16666666666666666","0.96875","0.15625","0.59375","0.15625","0.96875","0.21875"
"7x7-p96","7x7-p96-uct-0500","uct-0500","17","35","0.18229166666666666","0.9714285714285714","0.02857142857142857","0.5142857142857142","0.2","1","0.3142857142857143"
"7x7-p96","7x7-p96-uct-0500","uct-0500","18","27","0.140625","0.8518518518518519","0.037037037037037035","0.6296296296296297","0.18518518518518517","1","0.2962962962962963"
"7x7-p96","7x7-p96-uct-0500","uct-0500","19","32","0.16666666666666666","0.9375","0.0625","0.6875","0.28125","1","0.15625"
"7x7-p96","7x7-p96-uct-0500","uct-0500","20","35","0.18229166666666666","0.9142857142857143","0.05714285714285714","0.42857142857142855","0.11428571428571428","1","0.2"
"7x7-p96","7x7-p96-uct-0500","uct-0500","21","36","0.1875","0.8888888888888888","0.027777777777777776","0.4444444444444444","0.1111111111111111","1","0.08333333333333333"
"7x7-p96","7x7-p96-uct-0500","uct-0500","22","32","0.16666666666666666","0.90625","0.03125","0.46875","0.09375","1","0.125"
"7x7-p96","7x7-p96-uct-0500","uct-0500","23","28","0.14583333333333334","0.8214285714285714","0.10714285714285714","0.5","0.21428571428571427","0.9642857142857143","0.03571428571428571"
"7x7-p96","7x7-p96-uct-0500","uct-0500","24","29","0.15104166666666666","0.8620689655172413","0","0.6206896551724138","0.13793103448275862","1","0.27586206896551724"
"7x7-p96","7x7-p96-uct-0500","uct-0500","25","35","0.18229166666666666","0.9714285714285714","0.05714285714285714","0.5142857142857142","0.2","1","0.2857142857142857"
"7x7-p96","7x7-p96-uct-0500","uct-0500","26","40","0.20833333333333334","0.875","0","0.5","0.175","1","0.175"
"7x7-p96","7x7-p96-uct-0500","uct-0500","27","32","0.16666666666666666","0.84375","0","0.53125","0.15625","1","0.21875"
"7x7-p96","7x7-p96-uct-0500","uct-0500","28","26","0.13541666666666666","0.8461538461538461","0","0.6538461538461539","0.15384615384615385","1","0.038461538461538464"
"7x7-p96","7x7-p96-uct-0500","uct-0500","29","29","0.15104166666666666","0.8275862068965517","0.034482758620689655","0.5517241379310345","0.10344827586206896","1","0.13793103448275862"
"7x7-p96","7x7-p96-uct-0500","uct-0500","30","31","0.16145833333333334","0.7741935483870968","0.12903225806451613","0.5161290322580645","0.12903225806451613","1","0.12903225806451613"
"7x7-p96","7x7-p96-uct-0500","uct-0500","31","33","0.171875","0.8181818181818182","0.09090909090909091","0.5151515151515151","0.21212121212121213","0.9696969696969697","0.21212121212121213"
"7x7-p96","7x7-p96-uct-0500","uct-0500","32","34","0.17708333333333334","0.9117647058823529","0.029411764705882353","0.4411764705882353","0.2647058823529412","1","0.08823529411764706"
"7x7-p96","7x7-p96-uct-0500","uct-0500","33","34","0.17708333333333334","0.7058823529411765","0","0.47058823529411764","0.17647058823529413","1","0.2647058823529412"
"7x7-p96","7x7-p96-uct-0500","uct-0500","34","25","0.13020833333333334","0.96","0.12","0.68","0.24","1","0.12"
"7x7-p96","7x7-p96-uct-0500","uct-0500","35","33","0.171875","0.9696969696969697","0.09090909090909091","0.3333333333333333","0.18181818181818182","1","0.06060606060606061"
"7x7-p96","7x7-p96-uct-0500","uct-0500","36","33","0.171875","0.9090909090909091","0.12121212121212122","0.3333333333333333","0.24242424242424243","1","0.15151515151515152"
"7x7-p96","7x7-p96-uct-0500","uct-0500","37","26","0.13541666666666666","0.8461538461538461","0.11538461538461539","0.5769230769230769","0.15384615384615385","1","0.038461538461538464"
"7x7-p96","7x7-p96-uct-0500","uct-0500","38","35","0.18229166666666666","0.9714285714285714","0.02857142857142857","0.4","0.11428571428571428","1","0.17142857142857143"
"7x7-p96","7x7-p96-uct-0500","uct-0500","39","28","0.14583333333333334","0.8571428571428571","0.07142857142857142","0.5357142857142857","0.14285714285714285","0.9642857142857143","0.03571428571428571"
"7x7-p96","7x7-p96-uct-0500","uct-0500","40","29","0.15104166666666666","0.9310344827586207","0.10344827586206896","0.5517241379310345","0.2413793103448276","1","0.1724137931034483"
"7x7-p96","7x7-p96-uct-0500","uct-0500","41","28","0.14583333333333334","0.8928571428571429","0.14285714285714285","0.32142857142857145","0.03571428571428571","1","0.35714285714285715"
"7x7-p96","7x7-p96-uct-0500","uct-0500","42","35","0.18229166666666666","0.8857142857142857","0.05714285714285714","0.6571428571428571","0.22857142857142856","1","0.2571428571428571"
"7x7-p96","7x7-p96-uct-0500","uct-0500","43","27","0.140625","0.8888888888888888","0.037037037037037035","0.7037037037037037","0.2222222222222222","1","0.25925925925925924"
"7x7-p96","7x7-p96-uct-0500","uct-0500","44","30","0.15625","0.9333333333333333","0","0.5666666666666667","0.03333333333333333","1","0.23333333333333334"
"7x7-p96","7x7-p96-uct-0500","uct-0500","45","29","0.15104166666666666","0.896551724137931","0","0.41379310344827586","0.13793103448275862","1","0.13793103448275862"
"7x7-p96","7x7-p96-uct-0500","uct-0500","46","34","0.17708333333333334","0.9411764705882353","0.17647058823529413","0.47058823529411764","0.29411764705882354","1","0.14705882352941177"
"7x7-p96","7x7-p96-uct-0500","uct-0500","47","29","0.15104166666666666","0.7931034482758621","0.10344827586206896","0.6206896551724138","0.13793103448275862","1","0.10344827586206896"
"7x7-p96","7x7-p96-uct-0500","uct-0500","48","33","0.171875","0.8181818181818182","0","0.42424242424242425","0.06060606060606061","1","0.24242424242424243"
"7x7-p96","7x7-p96-uct-0500","uct-0500","49","34","0.17708333333333334","0.7647058823529411","0.08823529411764706","0.47058823529411764","0.17647058823529413","1","0.20588235294117646"
"7x7-p96","7x7-p96-uct-0500","uct-0500","50","33","0.171875","0.8787878787878788","0.06060606060606061","0.5757575757575758","0.18181818181818182","1","0.12121212121212122"
"7x7-p96","7x7-p96-uct-1000","uct-1000","1","37","0.19270833333333334","0.918918918918919","0.10810810810810811","0.5135135135135135","0.13513513513513514","1","0.16216216216216217"
"7x7-p96","7x7-p96-uct-1000","uct-1000","2","37","0.19270833333333334","0.8108108108108109","0.13513513513513514","0.40540540540540543","0.13513513513513514","1","0.1891891891891892"
"7x7-p96","7x7-p96-uct-1000","uct-1000","3","36","0.1875","0.8611111111111112","0.08333333333333333","0.3611111111111111","0.19444444444444445","1","0.1388888888888889"
"7x7-p96","7x7-p96-uct-1000","uct-1000","4","37","0.19270833333333334","0.8648648648648649","0.05405405405405406","0.35135135135135137","0.1891891891891892","1","0.2972972972972973"
"7x7-p96","7x7-p96-uct-1000","uct-1000","5","30","0.15625","0.9","0.06666666666666667","0.36666666666666664","0.2","1","0.43333333333333335"
"7x7-p96","7x7-p96-uct-1000","uct-1000","6","39","0.203125","0.8205128205128205","0.10256410256410256","0.48717948717948717","0.23076923076923078","1","0.23076923076923078"
"7x7-p96","7x7-p96-uct-1000","uct-1000","7","41","0.21354166666666666","0.9512195121951219","0.0975609756097561","0.4878048780487805","0.24390243902439024","1","0.4634146341463415"
"7x7-p96","7x7-p96-uct-1000","uct-1000","8","36","0.1875","0.9444444444444444","0.027777777777777776","0.5833333333333334","0.16666666666666666","1","0.19444444444444445"
"7x7-p96","7x7-p96-uct-1000","uct-1000","9","36","0.1875","0.9722222222222222","0.027777777777777776","0.3888888888888889","0.1388888888888889","1","0.4166666666666667"
"7x7-p96","7x7-p96-uct-1000","uct-1000","10","31","0.16145833333333334","0.9354838709677419","0.06451612903225806","0.5483870967741935","0.06451612903225806","0.9354838709677419","0.16129032258064516"
"7x7-p96","7x7-p96-uct-1000","uct-1000","11","43","0.22395833333333334","0.9302325581395349","0.023255813953488372","0.5348837209302325","0.27906976744186046","1","0.20930232558139536"
"7x7-p96","7x7-p96-uct-1000","uct-1000","12","38","0.19791666666666666","0.8421052631578947","0","0.4473684210526316","0.23684210526315788","1","0.3157894736842105"
"7x7-p96","7x7-p96-uct-1000","uct-1000","13","28","0.14583333333333334","0.9642857142857143","0","0.7142857142857143","0.03571428571428571","1","0.2857142857142857"
"7x7-p96","7x7-p96-uct-1000","uct-1000","14","20","0.10416666666666667","0.75","0.15","0.45","0.05","0.95","0.25"
"7x7-p96","7x7-p96-uct-1000","uct-1000","15","29","0.15104166666666666","0.896551724137931","0.034482758620689655","0.6206896551724138","0.1724137931034483","0.9655172413793104","0.4482758620689655"
"7x7-p96","7x7-p96-uct-1000","uct-1000","16","42","0.21875","0.9285714285714286","0.19047619047619047","0.4523809523809524","0.2857142857142857","1","0.2619047619047619"
"7x7-p96","7x7-p96-uct-1000","uct-1000","17","30","0.15625","0.9666666666666667","0.06666666666666667","0.5333333333333333","0.1","1","0.3"
"7x7-p96","7x7-p96-uct-1000","uct-1000","18","36","0.1875","0.8333333333333334","0","0.3611111111111111","0.1388888888888889","1","0.3888888888888889"
"7x7-p96","7x7-p96-uct-1000","uct-1000","19","38","0.19791666666666666","0.8947368421052632","0.02631578947368421","0.5526315789473685","0.21052631578947367","1","0.34210526315789475"
"7x7-p96","7x7-p96-uct-1000","uct-1000","20","30","0.15625","0.9333333333333333","0.03333333333333333","0.43333333333333335","0.1","1","0.3"
"7x7-p96","7x7-p96-uct-1000","uct-1000","21","37","0.19270833333333334","0.8918918918918919","0.08108108108108109","0.4864864864864865","0.2702702702702703","1","0.10810810810810811"
"7x7-p96","7x7-p96-uct-1000","uct-1000","22","34","0.17708333333333334","0.8529411764705882","0.029411764705882353","0.3235294117647059","0.11764705882352941","1","0.3235294117647059"
"7x7-p96","7x7-p96-uct-1000","uct-1000","23","35","0.18229166666666666","0.8857142857142857","0.02857142857142857","0.37142857142857144","0.14285714285714285","1","0.2"
"7x7-p96","7x7-p96-uct-1000","uct-1000","24","36","0.1875","0.8611111111111112","0.027777777777777776","0.4444444444444444","0.19444444444444445","1","0.2777777777777778"
"7x7-p96","7x7-p96-uct-1000","uct-1000","25","33","0.171875","0.9393939393939394","0.09090909090909091","0.48484848484848486","0.21212121212121213","1","0.24242424242424243"
"7x7-p96","7x7-p96-uct-1000","uct-1000","26","36","0.1875","0.9166666666666666","0","0.4444444444444444","0.25","1","0.3333333333333333"
"7x7-p96","7x7-p96-uct-1000","uct-1000","27","35","0.18229166666666666","0.9428571428571428","0.08571428571428572","0.45714285714285713","0.2571428571428571","1","0.3142857142857143"
"7x7-p96","7x7-p96-uct-1000","uct-1000","28","31","0.16145833333333334","0.8709677419354839","0.0967741935483871","0.45161290322580644","0.12903225806451613","1","0.0967741935483871"
"7x7-p96","7x7-p96-uct-1000","uct-1000","29","34","0.17708333333333334","0.9117647058823529","0","0.47058823529411764","0.14705882352941177","1","0.5"
"7x7-p96","7x7-p96-uct-1000","uct-1000","30","38","0.19791666666666666","0.9210526315789473","0.13157894736842105","0.47368421052631576","0.21052631578947367","1","0.34210526315789475"
"7x7-p96","7x7-p96-uct-1000","uct-1000","31","22","0.11458333333333333","0.9090909090909091","0.045454545454545456","0.5909090909090909","0.13636363636363635","1","0.36363636363636365"
"7x7-p96","7x7-p96-uct-1000","uct-1000","32","38","0.19791666666666666","0.9210526315789473","0.07894736842105263","0.3157894736842105","0.2631578947368421","1","0.15789473684210525"
"7x7-p96","7x7-p96-uct-1000","uct-1000","33","33","0.171875","0.8787878787878788","0","0.5151515151515151","0.15151515151515152","1","0.45454545454545453"
"7x7-p96","7x7-p96-uct-1000","uct-1000","34","32","0.16666666666666666","0.90625","0.0625","0.71875","0.21875","0.96875","0.15625"
"7x7-p96","7x7-p96-uct-1000","uct-1000","35","41","0.21354166666666666","0.8780487804878049","0.07317073170731707","0.4634146341463415","0.21951219512195122","1","0.12195121951219512"
"7x7-p96","7x7-p96-uct-1000","uct-1000","36","36","0.1875","0.9166666666666666","0.1111111111111111","0.4722222222222222","0.16666666666666666","1","0.2222222222222222"
"7x7-p96","7x7-p96-uct-1000","uct-1000","37","36","0.1875","0.8888888888888888","0.05555555555555555","0.4166666666666667","0.25","1","0.3333333333333333"
"7x7-p96","7x7-p96-uct-1000","uct-1000","38","34","0.17708333333333334","0.9411764705882353","0.029411764705882353","0.5882352941176471","0.14705882352941177","1","0.14705882352941177"
"7x7-p96","7x7-p96-uct-1000","uct-1000","39","29","0.15104166666666666","0.9310344827586207","0","0.5517241379310345","0.10344827586206896","0.9655172413793104","0.3103448275862069"
"7x7-p96","7x7-p96-uct-1000","uct-1000","40","37","0.19270833333333334","0.9459459459459459","0","0.35135135135135137","0.21621621621621623","1","0.2702702702702703"
"7x7-p96","7x7-p96-uct-1000","uct-1000","41","26","0.13541666666666666","0.8076923076923077","0.07692307692307693","0.4230769230769231","0.07692307692307693","1","0.5"
"7x7-p96","7x7-p96-uct-1000","uct-1000","42","36","0.1875","0.8333333333333334","0.1388888888888889","0.5","0.1111111111111111","0.9722222222222222","0.4166666666666667"
"7x7-p96","7x7-p96-uct-1000","uct-1000","43","40","0.20833333333333334","0.9","0.15","0.6","0.175","1","0.225"
"7x7-p96","7x7-p96-uct-1000","uct-1000","44","38","0.19791666666666666","0.8947368421052632","0.05263157894736842","0.5789473684210527","0.23684210526315788","1","0.21052631578947367"
"7x7-p96","7x7-p96-uct-1000","uct-1000","45","38","0.19791666666666666","0.9473684210526315","0.10526315789473684","0.631578947368421","0.18421052631578946","1","0.3157894736842105"
"7x7-p96","7x7-p96-uct-1000","uct-1000","46","42","0.21875","0.8809523809523809","0.07142857142857142","0.5714285714285714","0.11904761904761904","1","0.2619047619047619"
"7x7-p96","7x7-p96-uct-1000","uct-1000","47","32","0.16666666666666666","0.75","0.09375","0.375","0.0625","0.9375","0.3125"
"7x7-p96","7x7-p96-uct-1000","uct-1000","48","27","0.140625","0.8148148148148148","0","0.5555555555555556","0.14814814814814814","1","0.25925925925925924"
"7x7-p96","7x7-p96-uct-1000","uct-1000","49","25","0.13020833333333334","0.88","0.04","0.6","0.2","0.96","0.08"
"7x7-p96","7x7-p96-uct-1000","uct-1000","50","38","0.19791666666666666","0.8947368421052632","0.15789473684210525","0.5263157894736842","0.34210526315789475","1","0.21052631578947367"
