"board","experiment_id","search_level","game_index","supply_share","objective_share","secured_supply","secured_objectives","secured_supply_per_placement","secured_objectives_per_placement","secured_objectives_per_available_objective","secured_supply_events","secured_supply_later_use_rate","mean_regions_used"
"7x7-p72","7x7-seeded-random","seeded-random","1","0.6041666666666666","0.3958333333333333","3","3","0.020833333333333332","0.020833333333333332","0.061224489795918366","3","0.6666666666666666","2.7083333333333335"
"7x7-p72","7x7-seeded-random","seeded-random","2","0.6388888888888888","0.3611111111111111","7","3","0.04861111111111111","0.020833333333333332","0.061224489795918366","7","0.2857142857142857","2.75"
"7x7-p72","7x7-seeded-random","seeded-random","3","0.6944444444444444","0.3055555555555556","3","2","0.020833333333333332","0.013888888888888888","0.04081632653061224","3","0","2.7291666666666665"
"7x7-p72","7x7-seeded-random","seeded-random","4","0.6527777777777778","0.3472222222222222","5","2","0.034722222222222224","0.013888888888888888","0.04081632653061224","5","0.4","2.625"
"7x7-p72","7x7-seeded-random","seeded-random","5","0.5486111111111112","0.4513888888888889","4","7","0.027777777777777776","0.04861111111111111","0.14285714285714285","4","0.25","2.6666666666666665"
"7x7-p72","7x7-seeded-random","seeded-random","6","0.5347222222222222","0.4652777777777778","3","3","0.020833333333333332","0.020833333333333332","0.061224489795918366","3","0.6666666666666666","2.75"
"7x7-p72","7x7-seeded-random","seeded-random","7","0.6388888888888888","0.3611111111111111","8","4","0.05555555555555555","0.027777777777777776","0.08163265306122448","8","0.5","2.6875"
"7x7-p72","7x7-seeded-random","seeded-random","8","0.6944444444444444","0.3055555555555556","6","3","0.041666666666666664","0.020833333333333332","0.061224489795918366","6","0.5","2.75"
"7x7-p72","7x7-seeded-random","seeded-random","9","0.5972222222222222","0.4027777777777778","4","7","0.027777777777777776","0.04861111111111111","0.14285714285714285","4","0.75","2.5833333333333335"
"7x7-p72","7x7-seeded-random","seeded-random","10","0.6597222222222222","0.3402777777777778","7","2","0.04861111111111111","0.013888888888888888","0.04081632653061224","7","0.2857142857142857","2.6875"
"7x7-p72","7x7-seeded-random","seeded-random","11","0.6388888888888888","0.3611111111111111","5","4","0.034722222222222224","0.027777777777777776","0.08163265306122448","5","0.2","2.75"
"7x7-p72","7x7-seeded-random","seeded-random","12","0.6388888888888888","0.3611111111111111","3","3","0.020833333333333332","0.020833333333333332","0.061224489795918366","3","0.6666666666666666","2.6875"
"7x7-p72","7x7-seeded-random","seeded-random","13","0.6388888888888888","0.3611111111111111","6","4","0.041666666666666664","0.027777777777777776","0.08163265306122448","6","0.3333333333333333","2.7291666666666665"
"7x7-p72","7x7-seeded-random","seeded-random","14","0.5833333333333334","0.4166666666666667","4","3","0.027777777777777776","0.020833333333333332","0.061224489795918366","4","0.25","2.8541666666666665"
"7x7-p72","7x7-seeded-random","seeded-random","15","0.625","0.375","2","3","0.013888888888888888","0.020833333333333332","0.061224489795918366","2","0","2.7083333333333335"
"7x7-p72","7x7-seeded-random","seeded-random","16","0.5763888888888888","0.4236111111111111","3","5","0.020833333333333332","0.034722222222222224","0.10204081632653061","3","0.3333333333333333","2.6666666666666665"
"7x7-p72","7x7-seeded-random","seeded-random","17","0.6319444444444444","0.3680555555555556","4","4","0.027777777777777776","0.027777777777777776","0.08163265306122448","4","0.5","2.7083333333333335"
"7x7-p72","7x7-seeded-random","seeded-random","18","0.5972222222222222","0.4027777777777778","5","6","0.034722222222222224","0.041666666666666664","0.12244897959183673","5","0.4","2.8333333333333335"
"7x7-p72","7x7-seeded-random","seeded-random","19","0.6111111111111112","0.3888888888888889","4","2","0.027777777777777776","0.013888888888888888","0.04081632653061224","4","0.25","2.6875"
"7x7-p72","7x7-seeded-random","seeded-random","20","0.6875","0.3125","5","2","0.034722222222222224","0.013888888888888888","0.04081632653061224","5","0.6","2.6458333333333335"
"7x7-p72","7x7-seeded-random","seeded-random","21","0.5902777777777778","0.4097222222222222","7","4","0.04861111111111111","0.027777777777777776","0.08163265306122448","7","0.2857142857142857","2.5625"
"7x7-p72","7x7-seeded-random","seeded-random","22","0.6388888888888888","0.3611111111111111","6","3","0.041666666666666664","0.020833333333333332","0.061224489795918366","6","0.5","2.7916666666666665"
"7x7-p72","7x7-seeded-random","seeded-random","23","0.6180555555555556","0.3819444444444444","1","3","0.006944444444444444","0.020833333333333332","0.061224489795918366","1","0","2.6666666666666665"
"7x7-p72","7x7-seeded-random","seeded-random","24","0.6805555555555556","0.3194444444444444","5","4","0.034722222222222224","0.027777777777777776","0.08163265306122448","5","0.2","2.625"
"7x7-p72","7x7-seeded-random","seeded-random","25","0.6527777777777778","0.3472222222222222","3","5","0.020833333333333332","0.034722222222222224","0.10204081632653061","3","0.6666666666666666","2.7291666666666665"
"7x7-p72","7x7-seeded-random","seeded-random","26","0.6458333333333334","0.3541666666666667","4","4","0.027777777777777776","0.027777777777777776","0.08163265306122448","4","0.25","2.6458333333333335"
"7x7-p72","7x7-seeded-random","seeded-random","27","0.5902777777777778","0.4097222222222222","5","6","0.034722222222222224","0.041666666666666664","0.12244897959183673","5","0.4","2.75"
"7x7-p72","7x7-seeded-random","seeded-random","28","0.6527777777777778","0.3472222222222222","4","1","0.027777777777777776","0.006944444444444444","0.02040816326530612","4","0.75","2.6041666666666665"
"7x7-p72","7x7-seeded-random","seeded-random","29","0.6388888888888888","0.3611111111111111","5","0","0.034722222222222224","0","0","5","0.6","2.6666666666666665"
"7x7-p72","7x7-seeded-random","seeded-random","30","0.6319444444444444","0.3680555555555556","4","1","0.027777777777777776","0.006944444444444444","0.02040816326530612","4","0","2.6666666666666665"
"7x7-p72","7x7-seeded-random","seeded-random","31","0.625","0.375","2","4","0.013888888888888888","0.027777777777777776","0.08163265306122448","2","0","2.7708333333333335"
"7x7-p72","7x7-seeded-random","seeded-random","32","0.6875","0.3125","8","1","0.05555555555555555","0.006944444444444444","0.02040816326530612","8","0.25","2.4791666666666665"
"7x7-p72","7x7-seeded-random","seeded-random","33","0.6666666666666666","0.3333333333333333","5","2","0.034722222222222224","0.013888888888888888","0.04081632653061224","5","0.4","2.6875"
"7x7-p72","7x7-seeded-random","seeded-random","34","0.6388888888888888","0.3611111111111111","4","4","0.027777777777777776","0.027777777777777776","0.08163265306122448","4","0.25","2.5625"
"7x7-p72","7x7-seeded-random","seeded-random","35","0.6041666666666666","0.3958333333333333","3","4","0.020833333333333332","0.027777777777777776","0.08163265306122448","3","0.3333333333333333","2.7708333333333335"
"7x7-p72","7x7-seeded-random","seeded-random","36","0.6388888888888888","0.3611111111111111","3","3","0.020833333333333332","0.020833333333333332","0.061224489795918366","3","0.3333333333333333","2.6875"
"7x7-p72","7x7-seeded-random","seeded-random","37","0.6527777777777778","0.3472222222222222","7","2","0.04861111111111111","0.013888888888888888","0.04081632653061224","7","0.42857142857142855","2.625"
"7x7-p72","7x7-seeded-random","seeded-random","38","0.5625","0.4375","4","7","0.027777777777777776","0.04861111111111111","0.14285714285714285","4","0.75","2.6458333333333335"
"7x7-p72","7x7-seeded-random","seeded-random","39","0.5833333333333334","0.4166666666666667","4","2","0.027777777777777776","0.013888888888888888","0.04081632653061224","4","0.5","2.75"
"7x7-p72","7x7-seeded-random","seeded-random","40","0.5972222222222222","0.4027777777777778","4","6","0.027777777777777776","0.041666666666666664","0.12244897959183673","4","0.5","2.7916666666666665"
"7x7-p72","7x7-seeded-random","seeded-random","41","0.6666666666666666","0.3333333333333333","5","3","0.034722222222222224","0.020833333333333332","0.061224489795918366","5","0.6","2.4583333333333335"
"7x7-p72","7x7-seeded-random","seeded-random","42","0.6805555555555556","0.3194444444444444","7","3","0.04861111111111111","0.020833333333333332","0.061224489795918366","7","0.2857142857142857","2.6458333333333335"
"7x7-p72","7x7-seeded-random","seeded-random","43","0.6666666666666666","0.3333333333333333","5","2","0.034722222222222224","0.013888888888888888","0.04081632653061224","5","0.8","2.6875"
"7x7-p72","7x7-seeded-random","seeded-random","44","0.5486111111111112","0.4513888888888889","4","5","0.027777777777777776","0.034722222222222224","0.10204081632653061","4","0.5","2.7083333333333335"
"7x7-p72","7x7-seeded-random","seeded-random","45","0.7013888888888888","0.2986111111111111","4","3","0.027777777777777776","0.020833333333333332","0.061224489795918366","4","0.25","2.6666666666666665"
"7x7-p72","7x7-seeded-random","seeded-random","46","0.5833333333333334","0.4166666666666667","2","2","0.013888888888888888","0.013888888888888888","0.04081632653061224","2","0","2.8333333333333335"
"7x7-p72","7x7-seeded-random","seeded-random","47","0.5902777777777778","0.4097222222222222","2","4","0.013888888888888888","0.027777777777777776","0.08163265306122448","2","1","2.625"
"7x7-p72","7x7-seeded-random","seeded-random","48","0.6041666666666666","0.3958333333333333","3","4","0.020833333333333332","0.027777777777777776","0.08163265306122448","3","0","2.7916666666666665"
"7x7-p72","7x7-seeded-random","seeded-random","49","0.6527777777777778","0.3472222222222222","3","3","0.020833333333333332","0.020833333333333332","0.061224489795918366","3","0.3333333333333333","2.5625"
"7x7-p72","7x7-seeded-random","seeded-random","50","0.6736111111111112","0.3263888888888889","6","2","0.041666666666666664","0.013888888888888888","0.04081632653061224","6","0","2.7708333333333335"
"7x7-p72","7x7-seeded-random","seeded-random","51","0.6944444444444444","0.3055555555555556","4","3","0.027777777777777776","0.020833333333333332","0.061224489795918366","4","0.5","2.7291666666666665"
"7x7-p72","7x7-seeded-random","seeded-random","52","0.625","0.375","5","6","0.034722222222222224","0.041666666666666664","0.12244897959183673","5","0.2","2.7708333333333335"
"7x7-p72","7x7-seeded-random","seeded-random","53","0.625","0.375","5","4","0.034722222222222224","0.027777777777777776","0.08163265306122448","5","0.6","2.6666666666666665"
"7x7-p72","7x7-seeded-random","seeded-random","54","0.6527777777777778","0.3472222222222222","6","4","0.041666666666666664","0.027777777777777776","0.08163265306122448","6","0.3333333333333333","2.6666666666666665"
"7x7-p72","7x7-seeded-random","seeded-random","55","0.7430555555555556","0.2569444444444444","2","2","0.013888888888888888","0.013888888888888888","0.04081632653061224","2","0","2.7291666666666665"
"7x7-p72","7x7-seeded-random","seeded-random","56","0.6388888888888888","0.3611111111111111","4","2","0.027777777777777776","0.013888888888888888","0.04081632653061224","4","0.25","2.7291666666666665"
"7x7-p72","7x7-seeded-random","seeded-random","57","0.6666666666666666","0.3333333333333333","6","5","0.041666666666666664","0.034722222222222224","0.10204081632653061","6","0.6666666666666666","2.5833333333333335"
"7x7-p72","7x7-seeded-random","seeded-random","58","0.5902777777777778","0.4097222222222222","3","7","0.020833333333333332","0.04861111111111111","0.14285714285714285","3","0.6666666666666666","2.6458333333333335"
"7x7-p72","7x7-seeded-random","seeded-random","59","0.6041666666666666","0.3958333333333333","4","4","0.027777777777777776","0.027777777777777776","0.08163265306122448","4","0.5","2.8125"
"7x7-p72","7x7-seeded-random","seeded-random","60","0.6319444444444444","0.3680555555555556","4","2","0.027777777777777776","0.013888888888888888","0.04081632653061224","4","0.5","2.6666666666666665"
"7x7-p72","7x7-seeded-random","seeded-random","61","0.6180555555555556","0.3819444444444444","5","3","0.034722222222222224","0.020833333333333332","0.061224489795918366","5","0.4","2.625"
"7x7-p72","7x7-seeded-random","seeded-random","62","0.5902777777777778","0.4097222222222222","2","5","0.013888888888888888","0.034722222222222224","0.10204081632653061","2","0.5","2.6666666666666665"
"7x7-p72","7x7-seeded-random","seeded-random","63","0.6458333333333334","0.3541666666666667","5","3","0.034722222222222224","0.020833333333333332","0.061224489795918366","5","0","2.6666666666666665"
"7x7-p72","7x7-seeded-random","seeded-random","64","0.6666666666666666","0.3333333333333333","3","2","0.020833333333333332","0.013888888888888888","0.04081632653061224","3","0.6666666666666666","2.5416666666666665"
"7x7-p72","7x7-seeded-random","seeded-random","65","0.6180555555555556","0.3819444444444444","7","4","0.04861111111111111","0.027777777777777776","0.08163265306122448","7","0.14285714285714285","2.8125"
"7x7-p72","7x7-seeded-random","seeded-random","66","0.6597222222222222","0.3402777777777778","7","3","0.04861111111111111","0.020833333333333332","0.061224489795918366","7","0.14285714285714285","2.7708333333333335"
"7x7-p72","7x7-seeded-random","seeded-random","67","0.6041666666666666","0.3958333333333333","4","7","0.027777777777777776","0.04861111111111111","0.14285714285714285","4","1","2.6458333333333335"
"7x7-p72","7x7-seeded-random","seeded-random","68","0.6736111111111112","0.3263888888888889","8","3","0.05555555555555555","0.020833333333333332","0.061224489795918366","8","0.25","2.6458333333333335"
"7x7-p72","7x7-seeded-random","seeded-random","69","0.5763888888888888","0.4236111111111111","6","5","0.041666666666666664","0.034722222222222224","0.10204081632653061","6","0.16666666666666666","2.6458333333333335"
"7x7-p72","7x7-seeded-random","seeded-random","70","0.625","0.375","5","3","0.034722222222222224","0.020833333333333332","0.061224489795918366","5","0.4","2.7708333333333335"
"7x7-p72","7x7-seeded-random","seeded-random","71","0.6527777777777778","0.3472222222222222","4","3","0.027777777777777776","0.020833333333333332","0.061224489795918366","4","0.75","2.7291666666666665"
"7x7-p72","7x7-seeded-random","seeded-random","72","0.6319444444444444","0.3680555555555556","7","4","0.04861111111111111","0.027777777777777776","0.08163265306122448","7","0.42857142857142855","2.6041666666666665"
"7x7-p72","7x7-seeded-random","seeded-random","73","0.6041666666666666","0.3958333333333333","8","5","0.05555555555555555","0.034722222222222224","0.10204081632653061","8","0","2.7083333333333335"
"7x7-p72","7x7-seeded-random","seeded-random","74","0.6041666666666666","0.3958333333333333","3","4","0.020833333333333332","0.027777777777777776","0.08163265306122448","3","0.3333333333333333","2.6041666666666665"
"7x7-p72","7x7-seeded-random","seeded-random","75","0.6388888888888888","0.3611111111111111","6","3","0.041666666666666664","0.020833333333333332","0.061224489795918366","6","0.16666666666666666","2.7291666666666665"
"7x7-p72","7x7-seeded-random","seeded-random","76","0.5833333333333334","0.4166666666666667","2","4","0.013888888888888888","0.027777777777777776","0.08163265306122448","2","1","2.7083333333333335"
"7x7-p72","7x7-seeded-random","seeded-random","77","0.6180555555555556","0.3819444444444444","8","5","0.05555555555555555","0.034722222222222224","0.10204081632653061","8","0.25","2.7291666666666665"
"7x7-p72","7x7-seeded-random","seeded-random","78","0.6944444444444444","0.3055555555555556","3","3","0.020833333333333332","0.020833333333333332","0.061224489795918366","3","0","2.8541666666666665"
"7x7-p72","7x7-seeded-random","seeded-random","79","0.5555555555555556","0.4444444444444444","3","7","0.020833333333333332","0.04861111111111111","0.14285714285714285","3","1","2.7083333333333335"
"7x7-p72","7x7-seeded-random","seeded-random","80","0.5833333333333334","0.4166666666666667","3","2","0.020833333333333332","0.013888888888888888","0.04081632653061224","3","0.3333333333333333","2.75"
"7x7-p72","7x7-seeded-random","seeded-random","81","0.7222222222222222","0.2777777777777778","4","3","0.027777777777777776","0.020833333333333332","0.061224489795918366","4","0.25","2.6666666666666665"
"7x7-p72","7x7-seeded-random","seeded-random","82","0.7013888888888888","0.2986111111111111","8","2","0.05555555555555555","0.013888888888888888","0.04081632653061224","8","0","2.7083333333333335"
"7x7-p72","7x7-seeded-random","seeded-random","83","0.6666666666666666","0.3333333333333333","6","1","0.041666666666666664","0.006944444444444444","0.02040816326530612","6","0.16666666666666666","2.5833333333333335"
"7x7-p72","7x7-seeded-random","seeded-random","84","0.5902777777777778","0.4097222222222222","4","7","0.027777777777777776","0.04861111111111111","0.14285714285714285","4","0.25","2.625"
"7x7-p72","7x7-seeded-random","seeded-random","85","0.5902777777777778","0.4097222222222222","1","3","0.006944444444444444","0.020833333333333332","0.061224489795918366","1","1","2.7083333333333335"
"7x7-p72","7x7-seeded-random","seeded-random","86","0.6180555555555556","0.3819444444444444","5","1","0.034722222222222224","0.006944444444444444","0.02040816326530612","5","0.8","2.6458333333333335"
"7x7-p72","7x7-seeded-random","seeded-random","87","0.6666666666666666","0.3333333333333333","4","4","0.027777777777777776","0.027777777777777776","0.08163265306122448","4","0.25","2.6875"
"7x7-p72","7x7-seeded-random","seeded-random","88","0.6597222222222222","0.3402777777777778","7","4","0.04861111111111111","0.027777777777777776","0.08163265306122448","7","0.42857142857142855","2.7291666666666665"
"7x7-p72","7x7-seeded-random","seeded-random","89","0.625","0.375","2","2","0.013888888888888888","0.013888888888888888","0.04081632653061224","2","0","2.7291666666666665"
"7x7-p72","7x7-seeded-random","seeded-random","90","0.6111111111111112","0.3888888888888889","6","6","0.041666666666666664","0.041666666666666664","0.12244897959183673","6","0.6666666666666666","2.7083333333333335"
"7x7-p72","7x7-seeded-random","seeded-random","91","0.6666666666666666","0.3333333333333333","6","3","0.041666666666666664","0.020833333333333332","0.061224489795918366","6","0.5","2.8125"
"7x7-p72","7x7-seeded-random","seeded-random","92","0.6319444444444444","0.3680555555555556","4","2","0.027777777777777776","0.013888888888888888","0.04081632653061224","4","0.25","2.625"
"7x7-p72","7x7-seeded-random","seeded-random","93","0.7013888888888888","0.2986111111111111","7","0","0.04861111111111111","0","0","7","0.2857142857142857","2.75"
"7x7-p72","7x7-seeded-random","seeded-random","94","0.6527777777777778","0.3472222222222222","3","5","0.020833333333333332","0.034722222222222224","0.10204081632653061","3","0.6666666666666666","2.7291666666666665"
"7x7-p72","7x7-seeded-random","seeded-random","95","0.6319444444444444","0.3680555555555556","3","4","0.020833333333333332","0.027777777777777776","0.08163265306122448","3","0","2.7083333333333335"
"7x7-p72","7x7-seeded-random","seeded-random","96","0.6597222222222222","0.3402777777777778","6","4","0.041666666666666664","0.027777777777777776","0.08163265306122448","6","0.6666666666666666","2.7708333333333335"
"7x7-p72","7x7-seeded-random","seeded-random","97","0.6944444444444444","0.3055555555555556","5","2","0.034722222222222224","0.013888888888888888","0.04081632653061224","5","0.2","2.75"
"7x7-p72","7x7-seeded-random","seeded-random","98","0.6597222222222222","0.3402777777777778","1","1","0.006944444444444444","0.006944444444444444","0.02040816326530612","1","0","2.6666666666666665"
"7x7-p72","7x7-seeded-random","seeded-random","99","0.6319444444444444","0.3680555555555556","3","4","0.020833333333333332","0.027777777777777776","0.08163265306122448","3","0.3333333333333333","2.75"
"7x7-p72","7x7-seeded-random","seeded-random","100","0.6736111111111112","0.3263888888888889","6","3","0.041666666666666664","0.020833333333333332","0.061224489795918366","6","0.16666666666666666","2.6458333333333335"
"7x7-p72","7x7-uct-0100","uct-0100","1","0.5","0.5","2","15","0.013888888888888888","0.10416666666666667","0.30612244897959184","2","0.5","2.7708333333333335"
"7x7-p72","7x7-uct-0100","uct-0100","2","0.5138888888888888","0.4861111111111111","1","8","0.006944444444444444","0.05555555555555555","0.16326530612244897","1","0","2.5833333333333335"
"7x7-p72","7x7-uct-0100","uct-0100","3","0.5833333333333334","0.4166666666666667","2","11","0.013888888888888888","0.0763888888888889","0.22448979591836735","2","0.5","2.6666666666666665"
"7x7-p72","7x7-uct-0100","uct-0100","4","0.5902777777777778","0.4097222222222222","3","12","0.020833333333333332","0.08333333333333333","0.24489795918367346","3","0.3333333333333333","2.5833333333333335"
"7x7-p72","7x7-uct-0100","uct-0100","5","0.5555555555555556","0.4444444444444444","2","10","0.013888888888888888","0.06944444444444445","0.20408163265306123","2","0","2.6875"
"7x7-p72","7x7-uct-0100","uct-0100","6","0.5555555555555556","0.4444444444444444","1","14","0.006944444444444444","0.09722222222222222","0.2857142857142857","1","1","2.5833333333333335"
"7x7-p72","7x7-uct-0100","uct-0100","7","0.5555555555555556","0.4444444444444444","1","10","0.006944444444444444","0.06944444444444445","0.20408163265306123","1","0","2.7083333333333335"
"7x7-p72","7x7-uct-0100","uct-0100","8","0.5694444444444444","0.4305555555555556","2","10","0.013888888888888888","0.06944444444444445","0.20408163265306123","2","1","2.6041666666666665"
"7x7-p72","7x7-uct-0100","uct-0100","9","0.5902777777777778","0.4097222222222222","4","12","0.027777777777777776","0.08333333333333333","0.24489795918367346","4","0.75","2.75"
"7x7-p72","7x7-uct-0100","uct-0100","10","0.5347222222222222","0.4652777777777778","0","12","0","0.08333333333333333","0.24489795918367346","0","","2.7083333333333335"
"7x7-p72","7x7-uct-0100","uct-0100","11","0.5416666666666666","0.4583333333333333","3","12","0.020833333333333332","0.08333333333333333","0.24489795918367346","3","0.3333333333333333","2.6666666666666665"
"7x7-p72","7x7-uct-0100","uct-0100","12","0.6041666666666666","0.3958333333333333","2","12","0.013888888888888888","0.08333333333333333","0.24489795918367346","2","0","2.6041666666666665"
"7x7-p72","7x7-uct-0100","uct-0100","13","0.5694444444444444","0.4305555555555556","1","9","0.006944444444444444","0.0625","0.1836734693877551","1","0","2.7083333333333335"
"7x7-p72","7x7-uct-0100","uct-0100","14","0.6111111111111112","0.3888888888888889","4","6","0.027777777777777776","0.041666666666666664","0.12244897959183673","4","0.5","2.5625"
"7x7-p72","7x7-uct-0100","uct-0100","15","0.5763888888888888","0.4236111111111111","2","10","0.013888888888888888","0.06944444444444445","0.20408163265306123","2","1","2.6458333333333335"
"7x7-p72","7x7-uct-0100","uct-0100","16","0.5486111111111112","0.4513888888888889","1","13","0.006944444444444444","0.09027777777777778","0.2653061224489796","1","1","2.7291666666666665"
"7x7-p72","7x7-uct-0100","uct-0100","17","0.5208333333333334","0.4791666666666667","3","11","0.020833333333333332","0.0763888888888889","0.22448979591836735","3","0","2.8125"
"7x7-p72","7x7-uct-0100","uct-0100","18","0.5138888888888888","0.4861111111111111","2","12","0.013888888888888888","0.08333333333333333","0.24489795918367346","2","1","2.7708333333333335"
"7x7-p72","7x7-uct-0100","uct-0100","19","0.5416666666666666","0.4583333333333333","2","16","0.013888888888888888","0.1111111111111111","0.32653061224489793","2","1","2.625"
"7x7-p72","7x7-uct-0100","uct-0100","20","0.6458333333333334","0.3541666666666667","2","8","0.013888888888888888","0.05555555555555555","0.16326530612244897","2","0","2.6875"
"7x7-p72","7x7-uct-0100","uct-0100","21","0.5277777777777778","0.4722222222222222","1","11","0.006944444444444444","0.0763888888888889","0.22448979591836735","1","1","2.7708333333333335"
"7x7-p72","7x7-uct-0100","uct-0100","22","0.5486111111111112","0.4513888888888889","3","14","0.020833333333333332","0.09722222222222222","0.2857142857142857","3","0.6666666666666666","2.6458333333333335"
"7x7-p72","7x7-uct-0100","uct-0100","23","0.5833333333333334","0.4166666666666667","7","15","0.04861111111111111","0.10416666666666667","0.30612244897959184","7","0.2857142857142857","2.6041666666666665"
"7x7-p72","7x7-uct-0100","uct-0100","24","0.6041666666666666","0.3958333333333333","2","9","0.013888888888888888","0.0625","0.1836734693877551","2","0.5","2.7083333333333335"
"7x7-p72","7x7-uct-0100","uct-0100","25","0.5972222222222222","0.4027777777777778","3","12","0.020833333333333332","0.08333333333333333","0.24489795918367346","3","0.6666666666666666","2.6875"
"7x7-p72","7x7-uct-0100","uct-0100","26","0.5694444444444444","0.4305555555555556","4","14","0.027777777777777776","0.09722222222222222","0.2857142857142857","4","0","2.75"
"7x7-p72","7x7-uct-0100","uct-0100","27","0.5902777777777778","0.4097222222222222","4","9","0.027777777777777776","0.0625","0.1836734693877551","4","0.5","2.6458333333333335"
"7x7-p72","7x7-uct-0100","uct-0100","28","0.5625","0.4375","4","15","0.027777777777777776","0.10416666666666667","0.30612244897959184","4","0.5","2.7291666666666665"
"7x7-p72","7x7-uct-0100","uct-0100","29","0.5763888888888888","0.4236111111111111","1","15","0.006944444444444444","0.10416666666666667","0.30612244897959184","1","1","2.7291666666666665"
"7x7-p72","7x7-uct-0100","uct-0100","30","0.6458333333333334","0.3541666666666667","9","9","0.0625","0.0625","0.1836734693877551","9","0.2222222222222222","2.5625"
"7x7-p72","7x7-uct-0100","uct-0100","31","0.5833333333333334","0.4166666666666667","2","13","0.013888888888888888","0.09027777777777778","0.2653061224489796","2","0.5","2.6666666666666665"
"7x7-p72","7x7-uct-0100","uct-0100","32","0.6458333333333334","0.3541666666666667","5","7","0.034722222222222224","0.04861111111111111","0.14285714285714285","5","0.6","2.6041666666666665"
"7x7-p72","7x7-uct-0100","uct-0100","33","0.5625","0.4375","6","14","0.041666666666666664","0.09722222222222222","0.2857142857142857","6","0.6666666666666666","2.6666666666666665"
"7x7-p72","7x7-uct-0100","uct-0100","34","0.5694444444444444","0.4305555555555556","2","8","0.013888888888888888","0.05555555555555555","0.16326530612244897","2","0","2.7083333333333335"
"7x7-p72","7x7-uct-0100","uct-0100","35","0.5416666666666666","0.4583333333333333","1","13","0.006944444444444444","0.09027777777777778","0.2653061224489796","1","1","2.75"
"7x7-p72","7x7-uct-0100","uct-0100","36","0.4930555555555556","0.5069444444444444","2","15","0.013888888888888888","0.10416666666666667","0.30612244897959184","2","0.5","2.75"
"7x7-p72","7x7-uct-0100","uct-0100","37","0.5833333333333334","0.4166666666666667","5","9","0.034722222222222224","0.0625","0.1836734693877551","5","0.4","2.7708333333333335"
"7x7-p72","7x7-uct-0100","uct-0100","38","0.5833333333333334","0.4166666666666667","4","11","0.027777777777777776","0.0763888888888889","0.22448979591836735","4","0.25","2.7708333333333335"
"7x7-p72","7x7-uct-0100","uct-0100","39","0.5833333333333334","0.4166666666666667","2","12","0.013888888888888888","0.08333333333333333","0.24489795918367346","2","0.5","2.7291666666666665"
"7x7-p72","7x7-uct-0100","uct-0100","40","0.5208333333333334","0.4791666666666667","2","10","0.013888888888888888","0.06944444444444445","0.20408163265306123","2","0","2.7083333333333335"
"7x7-p72","7x7-uct-0100","uct-0100","41","0.5416666666666666","0.4583333333333333","5","8","0.034722222222222224","0.05555555555555555","0.16326530612244897","5","0","2.75"
"7x7-p72","7x7-uct-0100","uct-0100","42","0.5486111111111112","0.4513888888888889","3","12","0.020833333333333332","0.08333333333333333","0.24489795918367346","3","0.3333333333333333","2.7291666666666665"
"7x7-p72","7x7-uct-0100","uct-0100","43","0.5763888888888888","0.4236111111111111","1","10","0.006944444444444444","0.06944444444444445","0.20408163265306123","1","1","2.7708333333333335"
"7x7-p72","7x7-uct-0100","uct-0100","44","0.5486111111111112","0.4513888888888889","1","13","0.006944444444444444","0.09027777777777778","0.2653061224489796","1","1","2.7916666666666665"
"7x7-p72","7x7-uct-0100","uct-0100","45","0.5277777777777778","0.4722222222222222","2","12","0.013888888888888888","0.08333333333333333","0.24489795918367346","2","0.5","2.6875"
"7x7-p72","7x7-uct-0100","uct-0100","46","0.5833333333333334","0.4166666666666667","2","12","0.013888888888888888","0.08333333333333333","0.24489795918367346","2","0","2.7083333333333335"
"7x7-p72","7x7-uct-0100","uct-0100","47","0.5277777777777778","0.4722222222222222","2","9","0.013888888888888888","0.0625","0.1836734693877551","2","0.5","2.7291666666666665"
"7x7-p72","7x7-uct-0100","uct-0100","48","0.5486111111111112","0.4513888888888889","3","13","0.020833333333333332","0.09027777777777778","0.2653061224489796","3","0","2.6666666666666665"
"7x7-p72","7x7-uct-0100","uct-0100","49","0.5138888888888888","0.4861111111111111","3","12","0.020833333333333332","0.08333333333333333","0.24489795918367346","3","0.6666666666666666","2.75"
"7x7-p72","7x7-uct-0100","uct-0100","50","0.5486111111111112","0.4513888888888889","3","13","0.020833333333333332","0.09027777777777778","0.2653061224489796","3","0.3333333333333333","2.7291666666666665"
"7x7-p72","7x7-uct-0500","uct-0500","1","0.4513888888888889","0.5486111111111112","2","22","0.013888888888888888","0.1527777777777778","0.4489795918367347","2","1","2.5416666666666665"
"7x7-p72","7x7-uct-0500","uct-0500","2","0.4722222222222222","0.5277777777777778","2","18","0.013888888888888888","0.125","0.3673469387755102","2","0.5","2.5625"
"7x7-p72","7x7-uct-0500","uct-0500","3","0.4375","0.5625","1","21","0.006944444444444444","0.14583333333333334","0.42857142857142855","1","1","2.5208333333333335"
"7x7-p72","7x7-uct-0500","uct-0500","4","0.4861111111111111","0.5138888888888888","1","15","0.006944444444444444","0.10416666666666667","0.30612244897959184","1","0","2.7291666666666665"
"7x7-p72","7x7-uct-0500","uct-0500","5","0.4583333333333333","0.5416666666666666","3","19","0.020833333333333332","0.13194444444444445","0.3877551020408163","3","0.6666666666666666","2.6875"
"7x7-p72","7x7-uct-0500","uct-0500","6","0.5277777777777778","0.4722222222222222","1","17","0.006944444444444444","0.11805555555555555","0.3469387755102041","1","0","2.5833333333333335"
"7x7-p72","7x7-uct-0500","uct-0500","7","0.5347222222222222","0.4652777777777778","4","14","0.027777777777777776","0.09722222222222222","0.2857142857142857","4","0.5","2.7083333333333335"
"7x7-p72","7x7-uct-0500","uct-0500","8","0.4861111111111111","0.5138888888888888","3","17","0.020833333333333332","0.11805555555555555","0.3469387755102041","3","0.6666666666666666","2.5833333333333335"
"7x7-p72","7x7-uct-0500","uct-0500","9","0.4375","0.5625","1","18","0.006944444444444444","0.125","0.3673469387755102","1","0","2.6666666666666665"
"7x7-p72","7x7-uct-0500","uct-0500","10","0.5069444444444444","0.4930555555555556","2","16","0.013888888888888888","0.1111111111111111","0.32653061224489793","2","0","2.625"
"7x7-p72","7x7-uct-0500","uct-0500","11","0.4513888888888889","0.5486111111111112","1","20","0.006944444444444444","0.1388888888888889","0.40816326530612246","1","1","2.7708333333333335"
"7x7-p72","7x7-uct-0500","uct-0500","12","0.4652777777777778","0.5347222222222222","1","20","0.006944444444444444","0.1388888888888889","0.40816326530612246","1","0","2.6666666666666665"
"7x7-p72","7x7-uct-0500","uct-0500","13","0.4861111111111111","0.5138888888888888","3","20","0.020833333333333332","0.1388888888888889","0.40816326530612246","3","0","2.5833333333333335"
"7x7-p72","7x7-uct-0500","uct-0500","14","0.4861111111111111","0.5138888888888888","2","19","0.013888888888888888","0.13194444444444445","0.3877551020408163","2","0.5","2.6041666666666665"
"7x7-p72","7x7-uct-0500","uct-0500","15","0.5138888888888888","0.4861111111111111","1","19","0.006944444444444444","0.13194444444444445","0.3877551020408163","1","0","2.5833333333333335"
"7x7-p72","7x7-uct-0500","uct-0500","16","0.4375","0.5625","0","20","0","0.1388888888888889","0.40816326530612246","0","","2.6458333333333335"
"7x7-p72","7x7-uct-0500","uct-0500","17","0.4375","0.5625","3","22","0.020833333333333332","0.1527777777777778","0.4489795918367347","3","0.3333333333333333","2.5416666666666665"
"7x7-p72","7x7-uct-0500","uct-0500","18","0.5","0.5","3","16","0.020833333333333332","0.1111111111111111","0.32653061224489793","3","1","2.7291666666666665"
"7x7-p72","7x7-uct-0500","uct-0500","19","0.4722222222222222","0.5277777777777778","4","20","0.027777777777777776","0.1388888888888889","0.40816326530612246","4","0","2.5625"
"7x7-p72","7x7-uct-0500","uct-0500","20","0.5069444444444444","0.4930555555555556","3","17","0.020833333333333332","0.11805555555555555","0.3469387755102041","3","0.6666666666666666","2.75"
"7x7-p72","7x7-uct-0500","uct-0500","21","0.4444444444444444","0.5555555555555556","1","19","0.006944444444444444","0.13194444444444445","0.3877551020408163","1","0","2.6666666666666665"
"7x7-p72","7x7-uct-0500","uct-0500","22","0.5208333333333334","0.4791666666666667","2","17","0.013888888888888888","0.11805555555555555","0.3469387755102041","2","1","2.625"
"7x7-p72","7x7-uct-0500","uct-0500","23","0.4583333333333333","0.5416666666666666","2","20","0.013888888888888888","0.1388888888888889","0.40816326530612246","2","0.5","2.6041666666666665"
"7x7-p72","7x7-uct-0500","uct-0500","24","0.4097222222222222","0.5902777777777778","0","20","0","0.1388888888888889","0.40816326530612246","0","","2.7083333333333335"
"7x7-p72","7x7-uct-0500","uct-0500","25","0.4861111111111111","0.5138888888888888","1","18","0.006944444444444444","0.125","0.3673469387755102","1","1","2.5"
"7x7-p72","7x7-uct-0500","uct-0500","26","0.4236111111111111","0.5763888888888888","1","19","0.006944444444444444","0.13194444444444445","0.3877551020408163","1","0","2.5833333333333335"
"7x7-p72","7x7-uct-0500","uct-0500","27","0.4652777777777778","0.5347222222222222","0","21","0","0.14583333333333334","0.42857142857142855","0","","2.7291666666666665"
"7x7-p72","7x7-uct-0500","uct-0500","28","0.4791666666666667","0.5208333333333334","1","16","0.006944444444444444","0.1111111111111111","0.32653061224489793","1","1","2.5625"
"7x7-p72","7x7-uct-0500","uct-0500","29","0.4444444444444444","0.5555555555555556","1","22","0.006944444444444444","0.1527777777777778","0.4489795918367347","1","1","2.6041666666666665"
"7x7-p72","7x7-uct-0500","uct-0500","30","0.5555555555555556","0.4444444444444444","5","16","0.034722222222222224","0.1111111111111111","0.32653061224489793","5","0.4","2.5208333333333335"
"7x7-p72","7x7-uct-0500","uct-0500","31","0.4583333333333333","0.5416666666666666","1","21","0.006944444444444444","0.14583333333333334","0.42857142857142855","1","0","2.625"
"7x7-p72","7x7-uct-0500","uct-0500","32","0.4652777777777778","0.5347222222222222","0","19","0","0.13194444444444445","0.3877551020408163","0","","2.6875"
"7x7-p72","7x7-uct-0500","uct-0500","33","0.4166666666666667","0.5833333333333334","0","20","0","0.1388888888888889","0.40816326530612246","0","","2.8125"
"7x7-p72","7x7-uct-0500","uct-0500","34","0.4375","0.5625","3","20","0.020833333333333332","0.1388888888888889","0.40816326530612246","3","0.6666666666666666","2.5416666666666665"
"7x7-p72","7x7-uct-0500","uct-0500","35","0.4652777777777778","0.5347222222222222","0","20","0","0.1388888888888889","0.40816326530612246","0","","2.625"
"7x7-p72","7x7-uct-0500","uct-0500","36","0.4583333333333333","0.5416666666666666","0","20","0","0.1388888888888889","0.40816326530612246","0","","2.7708333333333335"
"7x7-p72","7x7-uct-0500","uct-0500","37","0.4305555555555556","0.5694444444444444","0","20","0","0.1388888888888889","0.40816326530612246","0","","2.6041666666666665"
"7x7-p72","7x7-uct-0500","uct-0500","38","0.4375","0.5625","1","16","0.006944444444444444","0.1111111111111111","0.32653061224489793","1","0","2.7291666666666665"
"7x7-p72","7x7-uct-0500","uct-0500","39","0.5347222222222222","0.4652777777777778","1","15","0.006944444444444444","0.10416666666666667","0.30612244897959184","1","0","2.5833333333333335"
"7x7-p72","7x7-uct-0500","uct-0500","40","0.4861111111111111","0.5138888888888888","2","14","0.013888888888888888","0.09722222222222222","0.2857142857142857","2","0.5","2.7083333333333335"
"7x7-p72","7x7-uct-0500","uct-0500","41","0.4583333333333333","0.5416666666666666","2","21","0.013888888888888888","0.14583333333333334","0.42857142857142855","2","0.5","2.6666666666666665"
"7x7-p72","7x7-uct-0500","uct-0500","42","0.4305555555555556","0.5694444444444444","0","22","0","0.1527777777777778","0.4489795918367347","0","","2.5"
"7x7-p72","7x7-uct-0500","uct-0500","43","0.4444444444444444","0.5555555555555556","2","21","0.013888888888888888","0.14583333333333334","0.42857142857142855","2","1","2.6458333333333335"
"7x7-p72","7x7-uct-0500","uct-0500","44","0.5277777777777778","0.4722222222222222","4","19","0.027777777777777776","0.13194444444444445","0.3877551020408163","4","0.25","2.5833333333333335"
"7x7-p72","7x7-uct-0500","uct-0500","45","0.4444444444444444","0.5555555555555556","2","18","0.013888888888888888","0.125","0.3673469387755102","2","0","2.6041666666666665"
"7x7-p72","7x7-uct-0500","uct-0500","46","0.5","0.5","2","14","0.013888888888888888","0.09722222222222222","0.2857142857142857","2","0.5","2.6458333333333335"
"7x7-p72","7x7-uct-0500","uct-0500","47","0.5069444444444444","0.4930555555555556","0","17","0","0.11805555555555555","0.3469387755102041","0","","2.625"
"7x7-p72","7x7-uct-0500","uct-0500","48","0.4930555555555556","0.5069444444444444","2","16","0.013888888888888888","0.1111111111111111","0.32653061224489793","2","1","2.6875"
"7x7-p72","7x7-uct-0500","uct-0500","49","0.4513888888888889","0.5486111111111112","3","20","0.020833333333333332","0.1388888888888889","0.40816326530612246","3","1","2.6666666666666665"
"7x7-p72","7x7-uct-0500","uct-0500","50","0.5208333333333334","0.4791666666666667","1","18","0.006944444444444444","0.125","0.3673469387755102","1","0","2.5"
"7x7-p72","7x7-uct-1000","uct-1000","1","0.375","0.625","0","21","0","0.14583333333333334","0.42857142857142855","0","","2.5416666666666665"
"7x7-p72","7x7-uct-1000","uct-1000","2","0.4513888888888889","0.5486111111111112","1","21","0.006944444444444444","0.14583333333333334","0.42857142857142855","1","0","2.5625"
"7x7-p72","7x7-uct-1000","uct-1000","3","0.4027777777777778","0.5972222222222222","1","22","0.006944444444444444","0.1527777777777778","0.4489795918367347","1","1","2.5833333333333335"
"7x7-p72","7x7-uct-1000","uct-1000","4","0.3888888888888889","0.6111111111111112","0","22","0","0.1527777777777778","0.4489795918367347","0","","2.4791666666666665"
"7x7-p72","7x7-uct-1000","uct-1000","5","0.3680555555555556","0.6319444444444444","0","26","0","0.18055555555555555","0.5306122448979592","0","","2.7291666666666665"
"7x7-p72","7x7-uct-1000","uct-1000","6","0.4236111111111111","0.5763888888888888","1","20","0.006944444444444444","0.1388888888888889","0.40816326530612246","1","1","2.5625"
"7x7-p72","7x7-uct-1000","uct-1000","7","0.4861111111111111","0.5138888888888888","1","17","0.006944444444444444","0.11805555555555555","0.3469387755102041","1","1","2.75"
"7x7-p72","7x7-uct-1000","uct-1000","8","0.4097222222222222","0.5902777777777778","2","23","0.013888888888888888","0.1597222222222222","0.46938775510204084","2","1","2.4791666666666665"
"7x7-p72","7x7-uct-1000","uct-1000","9","0.4166666666666667","0.5833333333333334","1","21","0.006944444444444444","0.14583333333333334","0.42857142857142855","1","0","2.5833333333333335"
"7x7-p72","7x7-uct-1000","uct-1000","10","0.3958333333333333","0.6041666666666666","2","23","0.013888888888888888","0.1597222222222222","0.46938775510204084","2","0.5","2.5416666666666665"
"7x7-p72","7x7-uct-1000","uct-1000","11","0.4861111111111111","0.5138888888888888","1","21","0.006944444444444444","0.14583333333333334","0.42857142857142855","1","1","2.625"
"7x7-p72","7x7-uct-1000","uct-1000","12","0.3611111111111111","0.6388888888888888","0","23","0","0.1597222222222222","0.46938775510204084","0","","2.6458333333333335"
"7x7-p72","7x7-uct-1000","uct-1000","13","0.4166666666666667","0.5833333333333334","1","23","0.006944444444444444","0.1597222222222222","0.46938775510204084","1","1","2.5625"
"7x7-p72","7x7-uct-1000","uct-1000","14","0.4652777777777778","0.5347222222222222","2","23","0.013888888888888888","0.1597222222222222","0.46938775510204084","2","0.5","2.5625"
"7x7-p72","7x7-uct-1000","uct-1000","15","0.375","0.625","0","25","0","0.1736111111111111","0.5102040816326531","0","","2.5"
"7x7-p72","7x7-uct-1000","uct-1000","16","0.3472222222222222","0.6527777777777778","1","23","0.006944444444444444","0.1597222222222222","0.46938775510204084","1","1","2.5833333333333335"
"7x7-p72","7x7-uct-1000","uct-1000","17","0.4027777777777778","0.5972222222222222","1","21","0.006944444444444444","0.14583333333333334","0.42857142857142855","1","0","2.6666666666666665"
"7x7-p72","7x7-uct-1000","uct-1000","18","0.3819444444444444","0.6180555555555556","1","20","0.006944444444444444","0.1388888888888889","0.40816326530612246","1","0","2.625"
"7x7-p72","7x7-uct-1000","uct-1000","19","0.4027777777777778","0.5972222222222222","1","24","0.006944444444444444","0.16666666666666666","0.4897959183673469","1","1","2.4583333333333335"
"7x7-p72","7x7-uct-1000","uct-1000","20","0.4791666666666667","0.5208333333333334","0","19","0","0.13194444444444445","0.3877551020408163","0","","2.7291666666666665"
"7x7-p72","7x7-uct-1000","uct-1000","21","0.4930555555555556","0.5069444444444444","1","18","0.006944444444444444","0.125","0.3673469387755102","1","0","2.6666666666666665"
"7x7-p72","7x7-uct-1000","uct-1000","22","0.3888888888888889","0.6111111111111112","2","20","0.013888888888888888","0.1388888888888889","0.40816326530612246","2","0","2.7708333333333335"
"7x7-p72","7x7-uct-1000","uct-1000","23","0.4583333333333333","0.5416666666666666","0","21","0","0.14583333333333334","0.42857142857142855","0","","2.5625"
"7x7-p72","7x7-uct-1000","uct-1000","24","0.4513888888888889","0.5486111111111112","3","21","0.020833333333333332","0.14583333333333334","0.42857142857142855","3","0.3333333333333333","2.7291666666666665"
"7x7-p72","7x7-uct-1000","uct-1000","25","0.4027777777777778","0.5972222222222222","2","24","0.013888888888888888","0.16666666666666666","0.4897959183673469","2","0.5","2.5625"
"7x7-p72","7x7-uct-1000","uct-1000","26","0.4097222222222222","0.5902777777777778","0","22","0","0.1527777777777778","0.4489795918367347","0","","2.4791666666666665"
"7x7-p72","7x7-uct-1000","uct-1000","27","0.4444444444444444","0.5555555555555556","2","22","0.013888888888888888","0.1527777777777778","0.4489795918367347","2","0.5","2.6041666666666665"
"7x7-p72","7x7-uct-1000","uct-1000","28","0.4722222222222222","0.5277777777777778","2","22","0.013888888888888888","0.1527777777777778","0.4489795918367347","2","1","2.5625"
"7x7-p72","7x7-uct-1000","uct-1000","29","0.3958333333333333","0.6041666666666666","1","23","0.006944444444444444","0.1597222222222222","0.46938775510204084","1","0","2.5416666666666665"
"7x7-p72","7x7-uct-1000","uct-1000","30","0.4444444444444444","0.5555555555555556","2","21","0.013888888888888888","0.14583333333333334","0.42857142857142855","2","0.5","2.625"
"7x7-p72","7x7-uct-1000","uct-1000","31","0.4027777777777778","0.5972222222222222","0","24","0","0.16666666666666666","0.4897959183673469","0","","2.5416666666666665"
"7x7-p72","7x7-uct-1000","uct-1000","32","0.3611111111111111","0.6388888888888888","0","20","0","0.1388888888888889","0.40816326530612246","0","","2.6666666666666665"
"7x7-p72","7x7-uct-1000","uct-1000","33","0.4583333333333333","0.5416666666666666","1","22","0.006944444444444444","0.1527777777777778","0.4489795918367347","1","1","2.4375"
"7x7-p72","7x7-uct-1000","uct-1000","34","0.4513888888888889","0.5486111111111112","2","21","0.013888888888888888","0.14583333333333334","0.42857142857142855","2","0","2.6041666666666665"
"7x7-p72","7x7-uct-1000","uct-1000","35","0.4375","0.5625","1","22","0.006944444444444444","0.1527777777777778","0.4489795918367347","1","0","2.6666666666666665"
"7x7-p72","7x7-uct-1000","uct-1000","36","0.4583333333333333","0.5416666666666666","1","20","0.006944444444444444","0.1388888888888889","0.40816326530612246","1","1","2.5625"
"7x7-p72","7x7-uct-1000","uct-1000","37","0.3888888888888889","0.6111111111111112","2","24","0.013888888888888888","0.16666666666666666","0.4897959183673469","2","0.5","2.6041666666666665"
"7x7-p72","7x7-uct-1000","uct-1000","38","0.375","0.625","1","26","0.006944444444444444","0.18055555555555555","0.5306122448979592","1","0","2.625"
"7x7-p72","7x7-uct-1000","uct-1000","39","0.4375","0.5625","2","22","0.013888888888888888","0.1527777777777778","0.4489795918367347","2","0.5","2.625"
"7x7-p72","7x7-uct-1000","uct-1000","40","0.3680555555555556","0.6319444444444444","0","21","0","0.14583333333333334","0.42857142857142855","0","","2.6041666666666665"
"7x7-p72","7x7-uct-1000","uct-1000","41","0.4236111111111111","0.5763888888888888","1","19","0.006944444444444444","0.13194444444444445","0.3877551020408163","1","1","2.8333333333333335"
"7x7-p72","7x7-uct-1000","uct-1000","42","0.4097222222222222","0.5902777777777778","1","20","0.006944444444444444","0.1388888888888889","0.40816326530612246","1","0","2.7083333333333335"
"7x7-p72","7x7-uct-1000","uct-1000","43","0.3888888888888889","0.6111111111111112","1","22","0.006944444444444444","0.1527777777777778","0.4489795918367347","1","0","2.5625"
"7x7-p72","7x7-uct-1000","uct-1000","44","0.4166666666666667","0.5833333333333334","1","22","0.006944444444444444","0.1527777777777778","0.4489795918367347","1","1","2.5625"
"7x7-p72","7x7-uct-1000","uct-1000","45","0.5138888888888888","0.4861111111111111","4","17","0.027777777777777776","0.11805555555555555","0.3469387755102041","4","0.25","2.7291666666666665"
"7x7-p72","7x7-uct-1000","uct-1000","46","0.4097222222222222","0.5902777777777778","0","18","0","0.125","0.3673469387755102","0","","2.625"
"7x7-p72","7x7-uct-1000","uct-1000","47","0.3958333333333333","0.6041666666666666","1","20","0.006944444444444444","0.1388888888888889","0.40816326530612246","1","0","2.6666666666666665"
"7x7-p72","7x7-uct-1000","uct-1000","48","0.3541666666666667","0.6458333333333334","0","26","0","0.18055555555555555","0.5306122448979592","0","","2.6875"
"7x7-p72","7x7-uct-1000","uct-1000","49","0.4097222222222222","0.5902777777777778","1","22","0.006944444444444444","0.1527777777777778","0.4489795918367347","1","0","2.4791666666666665"
"7x7-p72","7x7-uct-1000","uct-1000","50","0.3958333333333333","0.6041666666666666","1","22","0.006944444444444444","0.1527777777777778","0.4489795918367347","1","1","2.6666666666666665"
"7x7-p84","7x7-p84-seeded-random","seeded-random","1","0.6071428571428571","0.39285714285714285","6","5","0.03571428571428571","0.02976190476190476","0.10204081632653061","6","0.6666666666666666","2.6964285714285716"
"7x7-p84","7x7-p84-seeded-random","seeded-random","2","0.6190476190476191","0.38095238095238093","4","6","0.023809523809523808","0.03571428571428571","0.12244897959183673","4","0.25","2.6785714285714284"
"7x7-p84","7x7-p84-seeded-random","seeded-random","3","0.6607142857142857","0.3392857142857143","4","4","0.023809523809523808","0.023809523809523808","0.08163265306122448","4","0","2.732142857142857"
"7x7-p84","7x7-p84-seeded-random","seeded-random","4","0.6488095238095238","0.35119047619047616","5","2","0.02976190476190476","0.011904761904761904","0.04081632653061224","5","0.6","2.5"
"7x7-p84","7x7-p84-seeded-random","seeded-random","5","0.5892857142857143","0.4107142857142857","10","5","0.05952380952380952","0.02976190476190476","0.10204081632653061","10","0.3","2.767857142857143"
"7x7-p84","7x7-p84-seeded-random","seeded-random","6","0.6666666666666666","0.3333333333333333","8","5","0.047619047619047616","0.02976190476190476","0.10204081632653061","8","0.25","2.7142857142857144"
"7x7-p84","7x7-p84-seeded-random","seeded-random","7","0.6130952380952381","0.3869047619047619","10","4","0.05952380952380952","0.023809523809523808","0.08163265306122448","10","0.5","2.732142857142857"
"7x7-p84","7x7-p84-seeded-random","seeded-random","8","0.6369047619047619","0.3630952380952381","8","4","0.047619047619047616","0.023809523809523808","0.08163265306122448","8","0.5","2.8035714285714284"
"7x7-p84","7x7-p84-seeded-random","seeded-random","9","0.6488095238095238","0.35119047619047616","10","7","0.05952380952380952","0.041666666666666664","0.14285714285714285","10","0.5","2.625"
"7x7-p84","7x7-p84-seeded-random","seeded-random","10","0.6607142857142857","0.3392857142857143","11","2","0.06547619047619048","0.011904761904761904","0.04081632653061224","11","0.6363636363636364","2.642857142857143"
"7x7-p84","7x7-p84-seeded-random","seeded-random","11","0.6428571428571429","0.35714285714285715","8","3","0.047619047619047616","0.017857142857142856","0.061224489795918366","8","0.375","2.6964285714285716"
"7x7-p84","7x7-p84-seeded-random","seeded-random","12","0.6190476190476191","0.38095238095238093","2","5","0.011904761904761904","0.02976190476190476","0.10204081632653061","2","0.5","2.6785714285714284"
"7x7-p84","7x7-p84-seeded-random","seeded-random","13","0.625","0.375","9","8","0.05357142857142857","0.047619047619047616","0.16326530612244897","9","0.3333333333333333","2.607142857142857"
"7x7-p84","7x7-p84-seeded-random","seeded-random","14","0.6071428571428571","0.39285714285714285","7","9","0.041666666666666664","0.05357142857142857","0.1836734693877551","7","0.42857142857142855","2.6964285714285716"
"7x7-p84","7x7-p84-seeded-random","seeded-random","15","0.6666666666666666","0.3333333333333333","9","3","0.05357142857142857","0.017857142857142856","0.061224489795918366","9","0.1111111111111111","2.7142857142857144"
"7x7-p84","7x7-p84-seeded-random","seeded-random","16","0.5654761904761905","0.43452380952380953","7","7","0.041666666666666664","0.041666666666666664","0.14285714285714285","7","0.14285714285714285","2.5892857142857144"
"7x7-p84","7x7-p84-seeded-random","seeded-random","17","0.6309523809523809","0.36904761904761907","5","6","0.02976190476190476","0.03571428571428571","0.12244897959183673","5","0.8","2.7857142857142856"
"7x7-p84","7x7-p84-seeded-random","seeded-random","18","0.6904761904761905","0.30952380952380953","7","1","0.041666666666666664","0.005952380952380952","0.02040816326530612","7","0.5714285714285714","2.607142857142857"
"7x7-p84","7x7-p84-seeded-random","seeded-random","19","0.6190476190476191","0.38095238095238093","6","5","0.03571428571428571","0.02976190476190476","0.10204081632653061","6","0.3333333333333333","2.6964285714285716"
"7x7-p84","7x7-p84-seeded-random","seeded-random","20","0.6488095238095238","0.35119047619047616","9","7","0.05357142857142857","0.041666666666666664","0.14285714285714285","9","0.1111111111111111","2.732142857142857"
"7x7-p84","7x7-p84-seeded-random","seeded-random","21","0.6011904761904762","0.39880952380952384","7","6","0.041666666666666664","0.03571428571428571","0.12244897959183673","7","0.5714285714285714","2.7142857142857144"
"7x7-p84","7x7-p84-seeded-random","seeded-random","22","0.6190476190476191","0.38095238095238093","6","5","0.03571428571428571","0.02976190476190476","0.10204081632653061","6","0.16666666666666666","2.767857142857143"
"7x7-p84","7x7-p84-seeded-random","seeded-random","23","0.6130952380952381","0.3869047619047619","5","5","0.02976190476190476","0.02976190476190476","0.10204081632653061","5","0.8","2.767857142857143"
"7x7-p84","7x7-p84-seeded-random","seeded-random","24","0.6845238095238095","0.31547619047619047","15","6","0.08928571428571429","0.03571428571428571","0.12244897959183673","15","0.2","2.6607142857142856"
"7x7-p84","7x7-p84-seeded-random","seeded-random","25","0.5892857142857143","0.4107142857142857","3","7","0.017857142857142856","0.041666666666666664","0.14285714285714285","3","0","2.642857142857143"
"7x7-p84","7x7-p84-seeded-random","seeded-random","26","0.6011904761904762","0.39880952380952384","2","4","0.011904761904761904","0.023809523809523808","0.08163265306122448","2","0.5","2.732142857142857"
"7x7-p84","7x7-p84-seeded-random","seeded-random","27","0.6130952380952381","0.3869047619047619","7","6","0.041666666666666664","0.03571428571428571","0.12244897959183673","7","0.42857142857142855","2.7857142857142856"
"7x7-p84","7x7-p84-seeded-random","seeded-random","28","0.6011904761904762","0.39880952380952384","5","2","0.02976190476190476","0.011904761904761904","0.04081632653061224","5","0.6","2.7857142857142856"
"7x7-p84","7x7-p84-seeded-random","seeded-random","29","0.6369047619047619","0.3630952380952381","5","3","0.02976190476190476","0.017857142857142856","0.061224489795918366","5","0.4","2.732142857142857"
"7x7-p84","7x7-p84-seeded-random","seeded-random","30","0.625","0.375","5","4","0.02976190476190476","0.023809523809523808","0.08163265306122448","5","0.2","2.642857142857143"
"7x7-p84","7x7-p84-seeded-random","seeded-random","31","0.6369047619047619","0.3630952380952381","4","7","0.023809523809523808","0.041666666666666664","0.14285714285714285","4","0.5","2.7142857142857144"
"7x7-p84","7x7-p84-seeded-random","seeded-random","32","0.5654761904761905","0.43452380952380953","5","4","0.02976190476190476","0.023809523809523808","0.08163265306122448","5","0.6","2.6964285714285716"
"7x7-p84","7x7-p84-seeded-random","seeded-random","33","0.5714285714285714","0.42857142857142855","3","6","0.017857142857142856","0.03571428571428571","0.12244897959183673","3","1","2.6785714285714284"
"7x7-p84","7x7-p84-seeded-random","seeded-random","34","0.6130952380952381","0.3869047619047619","5","6","0.02976190476190476","0.03571428571428571","0.12244897959183673","5","0.6","2.767857142857143"
"7x7-p84","7x7-p84-seeded-random","seeded-random","35","0.6666666666666666","0.3333333333333333","10","2","0.05952380952380952","0.011904761904761904","0.04081632653061224","10","0.4","2.6785714285714284"
"7x7-p84","7x7-p84-seeded-random","seeded-random","36","0.6488095238095238","0.35119047619047616","5","4","0.02976190476190476","0.023809523809523808","0.08163265306122448","5","0.2","2.75"
"7x7-p84","7x7-p84-seeded-random","seeded-random","37","0.6547619047619048","0.34523809523809523","8","6","0.047619047619047616","0.03571428571428571","0.12244897959183673","8","0.375","2.6607142857142856"
"7x7-p84","7x7-p84-seeded-random","seeded-random","38","0.6190476190476191","0.38095238095238093","9","6","0.05357142857142857","0.03571428571428571","0.12244897959183673","9","0.1111111111111111","2.607142857142857"
"7x7-p84","7x7-p84-seeded-random","seeded-random","39","0.6071428571428571","0.39285714285714285","6","1","0.03571428571428571","0.005952380952380952","0.02040816326530612","6","0.3333333333333333","2.75"
"7x7-p84","7x7-p84-seeded-random","seeded-random","40","0.6428571428571429","0.35714285714285715","8","5","0.047619047619047616","0.02976190476190476","0.10204081632653061","8","0.125","2.607142857142857"
"7x7-p84","7x7-p84-seeded-random","seeded-random","41","0.6130952380952381","0.3869047619047619","10","3","0.05952380952380952","0.017857142857142856","0.061224489795918366","10","0.4","2.6785714285714284"
"7x7-p84","7x7-p84-seeded-random","seeded-random","42","0.5535714285714286","0.44642857142857145","6","7","0.03571428571428571","0.041666666666666664","0.14285714285714285","6","0.16666666666666666","2.642857142857143"
"7x7-p84","7x7-p84-seeded-random","seeded-random","43","0.6071428571428571","0.39285714285714285","6","3","0.03571428571428571","0.017857142857142856","0.061224489795918366","6","0.5","2.607142857142857"
"7x7-p84","7x7-p84-seeded-random","seeded-random","44","0.5833333333333334","0.4166666666666667","8","7","0.047619047619047616","0.041666666666666664","0.14285714285714285","8","0.375","2.625"
"7x7-p84","7x7-p84-seeded-random","seeded-random","45","0.6666666666666666","0.3333333333333333","6","3","0.03571428571428571","0.017857142857142856","0.061224489795918366","6","0.16666666666666666","2.6607142857142856"
"7x7-p84","7x7-p84-seeded-random","seeded-random","46","0.6428571428571429","0.35714285714285715","10","7","0.05952380952380952","0.041666666666666664","0.14285714285714285","10","0.4","2.732142857142857"
"7x7-p84","7x7-p84-seeded-random","seeded-random","47","0.6011904761904762","0.39880952380952384","8","6","0.047619047619047616","0.03571428571428571","0.12244897959183673","8","0.125","2.875"
"7x7-p84","7x7-p84-seeded-random","seeded-random","48","0.6488095238095238","0.35119047619047616","9","5","0.05357142857142857","0.02976190476190476","0.10204081632653061","9","0.5555555555555556","2.6607142857142856"
"7x7-p84","7x7-p84-seeded-random","seeded-random","49","0.5952380952380952","0.40476190476190477","10","6","0.05952380952380952","0.03571428571428571","0.12244897959183673","10","0.6","2.6785714285714284"
"7x7-p84","7x7-p84-seeded-random","seeded-random","50","0.5833333333333334","0.4166666666666667","5","8","0.02976190476190476","0.047619047619047616","0.16326530612244897","5","0.6","2.6607142857142856"
"7x7-p84","7x7-p84-seeded-random","seeded-random","51","0.6488095238095238","0.35119047619047616","6","1","0.03571428571428571","0.005952380952380952","0.02040816326530612","6","0.6666666666666666","2.767857142857143"
"7x7-p84","7x7-p84-seeded-random","seeded-random","52","0.6011904761904762","0.39880952380952384","1","6","0.005952380952380952","0.03571428571428571","0.12244897959183673","1","0","2.6785714285714284"
"7x7-p84","7x7-p84-seeded-random","seeded-random","53","0.6130952380952381","0.3869047619047619","7","6","0.041666666666666664","0.03571428571428571","0.12244897959183673","7","0.5714285714285714","2.767857142857143"
"7x7-p84","7x7-p84-seeded-random","seeded-random","54","0.6071428571428571","0.39285714285714285","8","7","0.047619047619047616","0.041666666666666664","0.14285714285714285","8","0.5","2.607142857142857"
"7x7-p84","7x7-p84-seeded-random","seeded-random","55","0.6190476190476191","0.38095238095238093","8","6","0.047619047619047616","0.03571428571428571","0.12244897959183673","8","0.375","2.7142857142857144"
"7x7-p84","7x7-p84-seeded-random","seeded-random","56","0.6071428571428571","0.39285714285714285","6","6","0.03571428571428571","0.03571428571428571","0.12244897959183673","6","0.5","2.7857142857142856"
"7x7-p84","7x7-p84-seeded-random","seeded-random","57","0.6547619047619048","0.34523809523809523","12","3","0.07142857142857142","0.017857142857142856","0.061224489795918366","12","0.3333333333333333","2.5535714285714284"
"7x7-p84","7x7-p84-seeded-random","seeded-random","58","0.5952380952380952","0.40476190476190477","6","6","0.03571428571428571","0.03571428571428571","0.12244897959183673","6","0.3333333333333333","2.6607142857142856"
"7x7-p84","7x7-p84-seeded-random","seeded-random","59","0.6071428571428571","0.39285714285714285","4","6","0.023809523809523808","0.03571428571428571","0.12244897959183673","4","0.75","2.6964285714285716"
"7x7-p84","7x7-p84-seeded-random","seeded-random","60","0.6190476190476191","0.38095238095238093","4","1","0.023809523809523808","0.005952380952380952","0.02040816326530612","4","0","2.642857142857143"
"7x7-p84","7x7-p84-seeded-random","seeded-random","61","0.6309523809523809","0.36904761904761907","7","4","0.041666666666666664","0.023809523809523808","0.08163265306122448","7","0.5714285714285714","2.732142857142857"
"7x7-p84","7x7-p84-seeded-random","seeded-random","62","0.6190476190476191","0.38095238095238093","6","4","0.03571428571428571","0.023809523809523808","0.08163265306122448","6","0","2.6607142857142856"
"7x7-p84","7x7-p84-seeded-random","seeded-random","63","0.6190476190476191","0.38095238095238093","5","6","0.02976190476190476","0.03571428571428571","0.12244897959183673","5","0","2.75"
"7x7-p84","7x7-p84-seeded-random","seeded-random","64","0.6428571428571429","0.35714285714285715","10","4","0.05952380952380952","0.023809523809523808","0.08163265306122448","10","0.5","2.7142857142857144"
"7x7-p84","7x7-p84-seeded-random","seeded-random","65","0.625","0.375","8","7","0.047619047619047616","0.041666666666666664","0.14285714285714285","8","0.25","2.7142857142857144"
"7x7-p84","7x7-p84-seeded-random","seeded-random","66","0.6309523809523809","0.36904761904761907","7","4","0.041666666666666664","0.023809523809523808","0.08163265306122448","7","0.42857142857142855","2.6785714285714284"
"7x7-p84","7x7-p84-seeded-random","seeded-random","67","0.6130952380952381","0.3869047619047619","9","2","0.05357142857142857","0.011904761904761904","0.04081632653061224","9","0.3333333333333333","2.75"
"7x7-p84","7x7-p84-seeded-random","seeded-random","68","0.6130952380952381","0.3869047619047619","5","3","0.02976190476190476","0.017857142857142856","0.061224489795918366","5","0.6","2.7857142857142856"
"7x7-p84","7x7-p84-seeded-random","seeded-random","69","0.6488095238095238","0.35119047619047616","11","6","0.06547619047619048","0.03571428571428571","0.12244897959183673","11","0.36363636363636365","2.8035714285714284"
"7x7-p84","7x7-p84-seeded-random","seeded-random","70","0.5833333333333334","0.4166666666666667","8","5","0.047619047619047616","0.02976190476190476","0.10204081632653061","8","0.375","2.642857142857143"
"7x7-p84","7x7-p84-seeded-random","seeded-random","71","0.6428571428571429","0.35714285714285715","6","5","0.03571428571428571","0.02976190476190476","0.10204081632653061","6","0.5","2.7142857142857144"
"7x7-p84","7x7-p84-seeded-random","seeded-random","72","0.5833333333333334","0.4166666666666667","5","6","0.02976190476190476","0.03571428571428571","0.12244897959183673","5","0.6","2.8035714285714284"
"7x7-p84","7x7-p84-seeded-random","seeded-random","73","0.6071428571428571","0.39285714285714285","6","4","0.03571428571428571","0.023809523809523808","0.08163265306122448","6","1","2.6785714285714284"
"7x7-p84","7x7-p84-seeded-random","seeded-random","74","0.6607142857142857","0.3392857142857143","7","1","0.041666666666666664","0.005952380952380952","0.02040816326530612","7","0.42857142857142855","2.6607142857142856"
"7x7-p84","7x7-p84-seeded-random","seeded-random","75","0.6785714285714286","0.32142857142857145","6","4","0.03571428571428571","0.023809523809523808","0.08163265306122448","6","0.5","2.7142857142857144"
"7x7-p84","7x7-p84-seeded-random","seeded-random","76","0.625","0.375","4","5","0.023809523809523808","0.02976190476190476","0.10204081632653061","4","0.5","2.6964285714285716"
"7x7-p84","7x7-p84-seeded-random","seeded-random","77","0.6369047619047619","0.3630952380952381","2","4","0.011904761904761904","0.023809523809523808","0.08163265306122448","2","0.5","2.625"
"7x7-p84","7x7-p84-seeded-random","seeded-random","78","0.6726190476190477","0.3273809523809524","6","2","0.03571428571428571","0.011904761904761904","0.04081632653061224","6","0.3333333333333333","2.6964285714285716"
"7x7-p84","7x7-p84-seeded-random","seeded-random","79","0.6309523809523809","0.36904761904761907","7","5","0.041666666666666664","0.02976190476190476","0.10204081632653061","7","0.2857142857142857","2.732142857142857"
"7x7-p84","7x7-p84-seeded-random","seeded-random","80","0.6071428571428571","0.39285714285714285","11","5","0.06547619047619048","0.02976190476190476","0.10204081632653061","11","0.36363636363636365","2.7142857142857144"
"7x7-p84","7x7-p84-seeded-random","seeded-random","81","0.6130952380952381","0.3869047619047619","8","5","0.047619047619047616","0.02976190476190476","0.10204081632653061","8","0.25","2.642857142857143"
"7x7-p84","7x7-p84-seeded-random","seeded-random","82","0.6666666666666666","0.3333333333333333","10","6","0.05952380952380952","0.03571428571428571","0.12244897959183673","10","0.3","2.607142857142857"
"7x7-p84","7x7-p84-seeded-random","seeded-random","83","0.6190476190476191","0.38095238095238093","6","8","0.03571428571428571","0.047619047619047616","0.16326530612244897","6","0.3333333333333333","2.8035714285714284"
"7x7-p84","7x7-p84-seeded-random","seeded-random","84","0.6071428571428571","0.39285714285714285","8","3","0.047619047619047616","0.017857142857142856","0.061224489795918366","8","0.25","2.8035714285714284"
"7x7-p84","7x7-p84-seeded-random","seeded-random","85","0.6309523809523809","0.36904761904761907","6","5","0.03571428571428571","0.02976190476190476","0.10204081632653061","6","0.3333333333333333","2.6607142857142856"
"7x7-p84","7x7-p84-seeded-random","seeded-random","86","0.5654761904761905","0.43452380952380953","6","5","0.03571428571428571","0.02976190476190476","0.10204081632653061","6","0.8333333333333334","2.7142857142857144"
"7x7-p84","7x7-p84-seeded-random","seeded-random","87","0.6488095238095238","0.35119047619047616","9","4","0.05357142857142857","0.023809523809523808","0.08163265306122448","9","0.5555555555555556","2.75"
"7x7-p84","7x7-p84-seeded-random","seeded-random","88","0.6130952380952381","0.3869047619047619","9","5","0.05357142857142857","0.02976190476190476","0.10204081632653061","9","0.5555555555555556","2.732142857142857"
"7x7-p84","7x7-p84-seeded-random","seeded-random","89","0.6785714285714286","0.32142857142857145","9","4","0.05357142857142857","0.023809523809523808","0.08163265306122448","9","0.7777777777777778","2.6785714285714284"
"7x7-p84","7x7-p84-seeded-random","seeded-random","90","0.5654761904761905","0.43452380952380953","4","6","0.023809523809523808","0.03571428571428571","0.12244897959183673","4","0.5","2.6785714285714284"
"7x7-p84","7x7-p84-seeded-random","seeded-random","91","0.6369047619047619","0.3630952380952381","6","5","0.03571428571428571","0.02976190476190476","0.10204081632653061","6","0.3333333333333333","2.7142857142857144"
"7x7-p84","7x7-p84-seeded-random","seeded-random","92","0.6190476190476191","0.38095238095238093","7","3","0.041666666666666664","0.017857142857142856","0.061224489795918366","7","0.42857142857142855","2.5892857142857144"
"7x7-p84","7x7-p84-seeded-random","seeded-random","93","0.6071428571428571","0.39285714285714285","10","6","0.05952380952380952","0.03571428571428571","0.12244897959183673","10","0.3","2.607142857142857"
"7x7-p84","7x7-p84-seeded-random","seeded-random","94","0.6071428571428571","0.39285714285714285","5","4","0.02976190476190476","0.023809523809523808","0.08163265306122448","5","0.2","2.6785714285714284"
"7x7-p84","7x7-p84-seeded-random","seeded-random","95","0.5416666666666666","0.4583333333333333","4","8","0.023809523809523808","0.047619047619047616","0.16326530612244897","4","0.25","2.625"
"7x7-p84","7x7-p84-seeded-random","seeded-random","96","0.6011904761904762","0.39880952380952384","5","3","0.02976190476190476","0.017857142857142856","0.061224489795918366","5","0.6","2.7142857142857144"
"7x7-p84","7x7-p84-seeded-random","seeded-random","97","0.6071428571428571","0.39285714285714285","6","3","0.03571428571428571","0.017857142857142856","0.061224489795918366","6","0.3333333333333333","2.642857142857143"
"7x7-p84","7x7-p84-seeded-random","seeded-random","98","0.6130952380952381","0.3869047619047619","6","3","0.03571428571428571","0.017857142857142856","0.061224489795918366","6","0.6666666666666666","2.75"
"7x7-p84","7x7-p84-seeded-random","seeded-random","99","0.6428571428571429","0.35714285714285715","9","2","0.05357142857142857","0.011904761904761904","0.04081632653061224","9","0.6666666666666666","2.6964285714285716"
"7x7-p84","7x7-p84-seeded-random","seeded-random","100","0.6428571428571429","0.35714285714285715","7","6","0.041666666666666664","0.03571428571428571","0.12244897959183673","7","0.5714285714285714","2.8214285714285716"
"7x7-p84","7x7-p84-uct-0100","uct-0100","1","0.5654761904761905","0.43452380952380953","7","15","0.041666666666666664","0.08928571428571429","0.30612244897959184","7","0.2857142857142857","2.732142857142857"
"7x7-p84","7x7-p84-uct-0100","uct-0100","2","0.5416666666666666","0.4583333333333333","4","14","0.023809523809523808","0.08333333333333333","0.2857142857142857","4","0.5","2.642857142857143"
"7x7-p84","7x7-p84-uct-0100","uct-0100","3","0.5952380952380952","0.40476190476190477","6","12","0.03571428571428571","0.07142857142857142","0.24489795918367346","6","0.3333333333333333","2.6607142857142856"
"7x7-p84","7x7-p84-uct-0100","uct-0100","4","0.6011904761904762","0.39880952380952384","7","15","0.041666666666666664","0.08928571428571429","0.30612244897959184","7","0.14285714285714285","2.7142857142857144"
"7x7-p84","7x7-p84-uct-0100","uct-0100","5","0.5416666666666666","0.4583333333333333","2","17","0.011904761904761904","0.10119047619047619","0.3469387755102041","2","0.5","2.732142857142857"
"7x7-p84","7x7-p84-uct-0100","uct-0100","6","0.5595238095238095","0.44047619047619047","4","14","0.023809523809523808","0.08333333333333333","0.2857142857142857","4","0.5","2.892857142857143"
"7x7-p84","7x7-p84-uct-0100","uct-0100","7","0.5892857142857143","0.4107142857142857","4","11","0.023809523809523808","0.06547619047619048","0.22448979591836735","4","0.75","2.6964285714285716"
"7x7-p84","7x7-p84-uct-0100","uct-0100","8","0.5178571428571429","0.48214285714285715","3","15","0.017857142857142856","0.08928571428571429","0.30612244897959184","3","0.3333333333333333","2.625"
"7x7-p84","7x7-p84-uct-0100","uct-0100","9","0.5297619047619048","0.47023809523809523","4","12","0.023809523809523808","0.07142857142857142","0.24489795918367346","4","0","2.607142857142857"
"7x7-p84","7x7-p84-uct-0100","uct-0100","10","0.5178571428571429","0.48214285714285715","7","15","0.041666666666666664","0.08928571428571429","0.30612244897959184","7","0.5714285714285714","2.6964285714285716"
"7x7-p84","7x7-p84-uct-0100","uct-0100","11","0.5297619047619048","0.47023809523809523","4","17","0.023809523809523808","0.10119047619047619","0.3469387755102041","4","0.5","2.625"
"7x7-p84","7x7-p84-uct-0100","uct-0100","12","0.5654761904761905","0.43452380952380953","4","14","0.023809523809523808","0.08333333333333333","0.2857142857142857","4","0.5","2.7142857142857144"
"7x7-p84","7x7-p84-uct-0100","uct-0100","13","0.5892857142857143","0.4107142857142857","3","15","0.017857142857142856","0.08928571428571429","0.30612244897959184","3","0.6666666666666666","2.5714285714285716"
"7x7-p84","7x7-p84-uct-0100","uct-0100","14","0.6190476190476191","0.38095238095238093","7","9","0.041666666666666664","0.05357142857142857","0.1836734693877551","7","0.7142857142857143","2.6785714285714284"
"7x7-p84","7x7-p84-uct-0100","uct-0100","15","0.5178571428571429","0.48214285714285715","4","19","0.023809523809523808","0.1130952380952381","0.3877551020408163","4","0","2.642857142857143"
"7x7-p84","7x7-p84-uct-0100","uct-0100","16","0.5297619047619048","0.47023809523809523","5","17","0.02976190476190476","0.10119047619047619","0.3469387755102041","5","0.6","2.607142857142857"
"7x7-p84","7x7-p84-uct-0100","uct-0100","17","0.5654761904761905","0.43452380952380953","6","16","0.03571428571428571","0.09523809523809523","0.32653061224489793","6","0.3333333333333333","2.767857142857143"
"7x7-p84","7x7-p84-uct-0100","uct-0100","18","0.625","0.375","7","9","0.041666666666666664","0.05357142857142857","0.1836734693877551","7","0","2.6785714285714284"
"7x7-p84","7x7-p84-uct-0100","uct-0100","19","0.5119047619047619","0.4880952380952381","3","17","0.017857142857142856","0.10119047619047619","0.3469387755102041","3","0.6666666666666666","2.5714285714285716"
"7x7-p84","7x7-p84-uct-0100","uct-0100","20","0.5416666666666666","0.4583333333333333","2","15","0.011904761904761904","0.08928571428571429","0.30612244897959184","2","0.5","2.6964285714285716"
"7x7-p84","7x7-p84-uct-0100","uct-0100","21","0.5416666666666666","0.4583333333333333","3","13","0.017857142857142856","0.07738095238095238","0.2653061224489796","3","1","2.75"
"7x7-p84","7x7-p84-uct-0100","uct-0100","22","0.5476190476190477","0.4523809523809524","5","12","0.02976190476190476","0.07142857142857142","0.24489795918367346","5","0.6","2.517857142857143"
"7x7-p84","7x7-p84-uct-0100","uct-0100","23","0.5892857142857143","0.4107142857142857","3","15","0.017857142857142856","0.08928571428571429","0.30612244897959184","3","0.3333333333333333","2.75"
"7x7-p84","7x7-p84-uct-0100","uct-0100","24","0.49404761904761907","0.5059523809523809","3","18","0.017857142857142856","0.10714285714285714","0.3673469387755102","3","1","2.642857142857143"
"7x7-p84","7x7-p84-uct-0100","uct-0100","25","0.5416666666666666","0.4583333333333333","5","14","0.02976190476190476","0.08333333333333333","0.2857142857142857","5","0.6","2.75"
"7x7-p84","7x7-p84-uct-0100","uct-0100","26","0.5416666666666666","0.4583333333333333","3","14","0.017857142857142856","0.08333333333333333","0.2857142857142857","3","0","2.607142857142857"
"7x7-p84","7x7-p84-uct-0100","uct-0100","27","0.5476190476190477","0.4523809523809524","2","16","0.011904761904761904","0.09523809523809523","0.32653061224489793","2","0","2.5892857142857144"
"7x7-p84","7x7-p84-uct-0100","uct-0100","28","0.5773809523809523","0.4226190476190476","5","14","0.02976190476190476","0.08333333333333333","0.2857142857142857","5","0.4","2.75"
"7x7-p84","7x7-p84-uct-0100","uct-0100","29","0.5297619047619048","0.47023809523809523","6","12","0.03571428571428571","0.07142857142857142","0.24489795918367346","6","0.3333333333333333","2.7142857142857144"
"7x7-p84","7x7-p84-uct-0100","uct-0100","30","0.5595238095238095","0.44047619047619047","4","14","0.023809523809523808","0.08333333333333333","0.2857142857142857","4","0","2.75"
"7x7-p84","7x7-p84-uct-0100","uct-0100","31","0.5238095238095238","0.47619047619047616","5","16","0.02976190476190476","0.09523809523809523","0.32653061224489793","5","0.4","2.642857142857143"
"7x7-p84","7x7-p84-uct-0100","uct-0100","32","0.5238095238095238","0.47619047619047616","4","17","0.023809523809523808","0.10119047619047619","0.3469387755102041","4","0.75","2.5892857142857144"
"7x7-p84","7x7-p84-uct-0100","uct-0100","33","0.5297619047619048","0.47023809523809523","4","15","0.023809523809523808","0.08928571428571429","0.30612244897959184","4","0","2.6607142857142856"
"7x7-p84","7x7-p84-uct-0100","uct-0100","34","0.49404761904761907","0.5059523809523809","3","19","0.017857142857142856","0.1130952380952381","0.3877551020408163","3","0.3333333333333333","2.7142857142857144"
"7x7-p84","7x7-p84-uct-0100","uct-0100","35","0.5","0.5","9","14","0.05357142857142857","0.08333333333333333","0.2857142857142857","9","0.4444444444444444","2.857142857142857"
"7x7-p84","7x7-p84-uct-0100","uct-0100","36","0.5119047619047619","0.4880952380952381","4","9","0.023809523809523808","0.05357142857142857","0.1836734693877551","4","0.75","2.607142857142857"
"7x7-p84","7x7-p84-uct-0100","uct-0100","37","0.5535714285714286","0.44642857142857145","6","14","0.03571428571428571","0.08333333333333333","0.2857142857142857","6","0.6666666666666666","2.5892857142857144"
"7x7-p84","7x7-p84-uct-0100","uct-0100","38","0.5535714285714286","0.44642857142857145","7","12","0.041666666666666664","0.07142857142857142","0.24489795918367346","7","0.14285714285714285","2.6607142857142856"
"7x7-p84","7x7-p84-uct-0100","uct-0100","39","0.6011904761904762","0.39880952380952384","7","15","0.041666666666666664","0.08928571428571429","0.30612244897959184","7","0.42857142857142855","2.5892857142857144"
"7x7-p84","7x7-p84-uct-0100","uct-0100","40","0.5833333333333334","0.4166666666666667","7","7","0.041666666666666664","0.041666666666666664","0.14285714285714285","7","0.42857142857142855","2.6607142857142856"
"7x7-p84","7x7-p84-uct-0100","uct-0100","41","0.5178571428571429","0.48214285714285715","5","14","0.02976190476190476","0.08333333333333333","0.2857142857142857","5","0.6","2.732142857142857"
"7x7-p84","7x7-p84-uct-0100","uct-0100","42","0.6011904761904762","0.39880952380952384","2","14","0.011904761904761904","0.08333333333333333","0.2857142857142857","2","0.5","2.75"
"7x7-p84","7x7-p84-uct-0100","uct-0100","43","0.5595238095238095","0.44047619047619047","5","15","0.02976190476190476","0.08928571428571429","0.30612244897959184","5","0.8","2.75"
"7x7-p84","7x7-p84-uct-0100","uct-0100","44","0.5357142857142857","0.4642857142857143","7","18","0.041666666666666664","0.10714285714285714","0.3673469387755102","7","0.5714285714285714","2.625"
"7x7-p84","7x7-p84-uct-0100","uct-0100","45","0.5297619047619048","0.47023809523809523","2","15","0.011904761904761904","0.08928571428571429","0.30612244897959184","2","0.5","2.7142857142857144"
"7x7-p84","7x7-p84-uct-0100","uct-0100","46","0.5535714285714286","0.44642857142857145","2","16","0.011904761904761904","0.09523809523809523","0.32653061224489793","2","0.5","2.607142857142857"
"7x7-p84","7x7-p84-uct-0100","uct-0100","47","0.6369047619047619","0.3630952380952381","10","9","0.05952380952380952","0.05357142857142857","0.1836734693877551","10","0.2","2.5714285714285716"
"7x7-p84","7x7-p84-uct-0100","uct-0100","48","0.5","0.5","3","18","0.017857142857142856","0.10714285714285714","0.3673469387755102","3","0.3333333333333333","2.75"
"7x7-p84","7x7-p84-uct-0100","uct-0100","49","0.5178571428571429","0.48214285714285715","6","14","0.03571428571428571","0.08333333333333333","0.2857142857142857","6","0.5","2.732142857142857"
"7x7-p84","7x7-p84-uct-0100","uct-0100","50","0.5357142857142857","0.4642857142857143","4","15","0.023809523809523808","0.08928571428571429","0.30612244897959184","4","0.5","2.7142857142857144"
"7x7-p84","7x7-p84-uct-0500","uct-0500","1","0.5059523809523809","0.49404761904761907","6","24","0.03571428571428571","0.14285714285714285","0.4897959183673469","6","0.3333333333333333","2.5535714285714284"
"7x7-p84","7x7-p84-uct-0500","uct-0500","2","0.5297619047619048","0.47023809523809523","2","22","0.011904761904761904","0.13095238095238096","0.4489795918367347","2","1","2.642857142857143"
"7x7-p84","7x7-p84-uct-0500","uct-0500","3","0.4583333333333333","0.5416666666666666","2","23","0.011904761904761904","0.13690476190476192","0.46938775510204084","2","0.5","2.5357142857142856"
"7x7-p84","7x7-p84-uct-0500","uct-0500","4","0.43452380952380953","0.5654761904761905","2","24","0.011904761904761904","0.14285714285714285","0.4897959183673469","2","1","2.6607142857142856"
"7x7-p84","7x7-p84-uct-0500","uct-0500","5","0.43452380952380953","0.5654761904761905","3","24","0.017857142857142856","0.14285714285714285","0.4897959183673469","3","0.3333333333333333","2.732142857142857"
"7x7-p84","7x7-p84-uct-0500","uct-0500","6","0.48214285714285715","0.5178571428571429","2","22","0.011904761904761904","0.13095238095238096","0.4489795918367347","2","0","2.6964285714285716"
"7x7-p84","7x7-p84-uct-0500","uct-0500","7","0.44642857142857145","0.5535714285714286","3","20","0.017857142857142856","0.11904761904761904","0.40816326530612246","3","0.3333333333333333","2.6785714285714284"
"7x7-p84","7x7-p84-uct-0500","uct-0500","8","0.4107142857142857","0.5892857142857143","4","27","0.023809523809523808","0.16071428571428573","0.5510204081632653","4","0.25","2.5714285714285716"
"7x7-p84","7x7-p84-uct-0500","uct-0500","9","0.5","0.5","4","18","0.023809523809523808","0.10714285714285714","0.3673469387755102","4","1","2.625"
"7x7-p84","7x7-p84-uct-0500","uct-0500","10","0.4880952380952381","0.5119047619047619","5","24","0.02976190476190476","0.14285714285714285","0.4897959183673469","5","0.6","2.8035714285714284"
"7x7-p84","7x7-p84-uct-0500","uct-0500","11","0.4642857142857143","0.5357142857142857","3","26","0.017857142857142856","0.15476190476190477","0.5306122448979592","3","0.3333333333333333","2.6964285714285716"
"7x7-p84","7x7-p84-uct-0500","uct-0500","12","0.47619047619047616","0.5238095238095238","4","24","0.023809523809523808","0.14285714285714285","0.4897959183673469","4","0.75","2.625"
"7x7-p84","7x7-p84-uct-0500","uct-0500","13","0.48214285714285715","0.5178571428571429","3","24","0.017857142857142856","0.14285714285714285","0.4897959183673469","3","0.3333333333333333","2.642857142857143"
"7x7-p84","7x7-p84-uct-0500","uct-0500","14","0.5059523809523809","0.49404761904761907","3","19","0.017857142857142856","0.1130952380952381","0.3877551020408163","3","0.6666666666666666","2.5535714285714284"
"7x7-p84","7x7-p84-uct-0500","uct-0500","15","0.47619047619047616","0.5238095238095238","6","22","0.03571428571428571","0.13095238095238096","0.4489795918367347","6","0.3333333333333333","2.4642857142857144"
"7x7-p84","7x7-p84-uct-0500","uct-0500","16","0.47023809523809523","0.5297619047619048","1","22","0.005952380952380952","0.13095238095238096","0.4489795918367347","1","0","2.5714285714285716"
"7x7-p84","7x7-p84-uct-0500","uct-0500","17","0.5238095238095238","0.47619047619047616","4","21","0.023809523809523808","0.125","0.42857142857142855","4","0.75","2.5357142857142856"
"7x7-p84","7x7-p84-uct-0500","uct-0500","18","0.4166666666666667","0.5833333333333334","2","26","0.011904761904761904","0.15476190476190477","0.5306122448979592","2","0.5","2.6785714285714284"
"7x7-p84","7x7-p84-uct-0500","uct-0500","19","0.47023809523809523","0.5297619047619048","0","22","0","0.13095238095238096","0.4489795918367347","0","","2.5535714285714284"
"7x7-p84","7x7-p84-uct-0500","uct-0500","20","0.5238095238095238","0.47619047619047616","3","24","0.017857142857142856","0.14285714285714285","0.4897959183673469","3","0.3333333333333333","2.625"
"7x7-p84","7x7-p84-uct-0500","uct-0500","21","0.5535714285714286","0.44642857142857145","3","18","0.017857142857142856","0.10714285714285714","0.3673469387755102","3","0.6666666666666666","2.5714285714285716"
"7x7-p84","7x7-p84-uct-0500","uct-0500","22","0.4880952380952381","0.5119047619047619","2","24","0.011904761904761904","0.14285714285714285","0.4897959183673469","2","0.5","2.625"
"7x7-p84","7x7-p84-uct-0500","uct-0500","23","0.44642857142857145","0.5535714285714286","4","24","0.023809523809523808","0.14285714285714285","0.4897959183673469","4","0.25","2.5892857142857144"
"7x7-p84","7x7-p84-uct-0500","uct-0500","24","0.4107142857142857","0.5892857142857143","3","25","0.017857142857142856","0.1488095238095238","0.5102040816326531","3","0.3333333333333333","2.5714285714285716"
"7x7-p84","7x7-p84-uct-0500","uct-0500","25","0.40476190476190477","0.5952380952380952","0","24","0","0.14285714285714285","0.4897959183673469","0","","2.767857142857143"
"7x7-p84","7x7-p84-uct-0500","uct-0500","26","0.42857142857142855","0.5714285714285714","3","26","0.017857142857142856","0.15476190476190477","0.5306122448979592","3","0","2.75"
"7x7-p84","7x7-p84-uct-0500","uct-0500","27","0.48214285714285715","0.5178571428571429","4","22","0.023809523809523808","0.13095238095238096","0.4489795918367347","4","0.75","2.5714285714285716"
"7x7-p84","7x7-p84-uct-0500","uct-0500","28","0.4642857142857143","0.5357142857142857","1","22","0.005952380952380952","0.13095238095238096","0.4489795918367347","1","0","2.607142857142857"
"7x7-p84","7x7-p84-uct-0500","uct-0500","29","0.5238095238095238","0.47619047619047616","4","18","0.023809523809523808","0.10714285714285714","0.3673469387755102","4","0.5","2.75"
"7x7-p84","7x7-p84-uct-0500","uct-0500","30","0.44642857142857145","0.5535714285714286","3","24","0.017857142857142856","0.14285714285714285","0.4897959183673469","3","0.3333333333333333","2.6964285714285716"
"7x7-p84","7x7-p84-uct-0500","uct-0500","31","0.4583333333333333","0.5416666666666666","4","24","0.023809523809523808","0.14285714285714285","0.4897959183673469","4","0.75","2.4642857142857144"
"7x7-p84","7x7-p84-uct-0500","uct-0500","32","0.49404761904761907","0.5059523809523809","2","20","0.011904761904761904","0.11904761904761904","0.40816326530612246","2","1","2.482142857142857"
"7x7-p84","7x7-p84-uct-0500","uct-0500","33","0.47023809523809523","0.5297619047619048","3","24","0.017857142857142856","0.14285714285714285","0.4897959183673469","3","0.3333333333333333","2.6607142857142856"
"7x7-p84","7x7-p84-uct-0500","uct-0500","34","0.5","0.5","5","21","0.02976190476190476","0.125","0.42857142857142855","5","0.4","2.625"
"7x7-p84","7x7-p84-uct-0500","uct-0500","35","0.4880952380952381","0.5119047619047619","2","19","0.011904761904761904","0.1130952380952381","0.3877551020408163","2","0.5","2.5357142857142856"
"7x7-p84","7x7-p84-uct-0500","uct-0500","36","0.48214285714285715","0.5178571428571429","3","25","0.017857142857142856","0.1488095238095238","0.5102040816326531","3","0.6666666666666666","2.5892857142857144"
"7x7-p84","7x7-p84-uct-0500","uct-0500","37","0.5178571428571429","0.48214285714285715","4","22","0.023809523809523808","0.13095238095238096","0.4489795918367347","4","0.75","2.607142857142857"
"7x7-p84","7x7-p84-uct-0500","uct-0500","38","0.5119047619047619","0.4880952380952381","3","18","0.017857142857142856","0.10714285714285714","0.3673469387755102","3","0.6666666666666666","2.5892857142857144"
"7x7-p84","7x7-p84-uct-0500","uct-0500","39","0.49404761904761907","0.5059523809523809","5","22","0.02976190476190476","0.13095238095238096","0.4489795918367347","5","0.8","2.642857142857143"
"7x7-p84","7x7-p84-uct-0500","uct-0500","40","0.5119047619047619","0.4880952380952381","3","21","0.017857142857142856","0.125","0.42857142857142855","3","0.6666666666666666","2.5535714285714284"
"7x7-p84","7x7-p84-uct-0500","uct-0500","41","0.5297619047619048","0.47023809523809523","4","22","0.023809523809523808","0.13095238095238096","0.4489795918367347","4","0.5","2.517857142857143"
"7x7-p84","7x7-p84-uct-0500","uct-0500","42","0.4880952380952381","0.5119047619047619","1","20","0.005952380952380952","0.11904761904761904","0.40816326530612246","1","0","2.7142857142857144"
"7x7-p84","7x7-p84-uct-0500","uct-0500","43","0.47619047619047616","0.5238095238095238","4","22","0.023809523809523808","0.13095238095238096","0.4489795918367347","4","0.75","2.625"
"7x7-p84","7x7-p84-uct-0500","uct-0500","44","0.44642857142857145","0.5535714285714286","3","25","0.017857142857142856","0.1488095238095238","0.5102040816326531","3","0.6666666666666666","2.5714285714285716"
"7x7-p84","7x7-p84-uct-0500","uct-0500","45","0.4880952380952381","0.5119047619047619","2","21","0.011904761904761904","0.125","0.42857142857142855","2","0.5","2.5892857142857144"
"7x7-p84","7x7-p84-uct-0500","uct-0500","46","0.5059523809523809","0.49404761904761907","4","19","0.023809523809523808","0.1130952380952381","0.3877551020408163","4","0.5","2.7142857142857144"
"7x7-p84","7x7-p84-uct-0500","uct-0500","47","0.4642857142857143","0.5357142857142857","1","22","0.005952380952380952","0.13095238095238096","0.4489795918367347","1","0","2.5892857142857144"
"7x7-p84","7x7-p84-uct-0500","uct-0500","48","0.42857142857142855","0.5714285714285714","0","25","0","0.1488095238095238","0.5102040816326531","0","","2.6607142857142856"
"7x7-p84","7x7-p84-uct-0500","uct-0500","49","0.4107142857142857","0.5892857142857143","0","22","0","0.13095238095238096","0.4489795918367347","0","","2.6964285714285716"
"7x7-p84","7x7-p84-uct-0500","uct-0500","50","0.4226190476190476","0.5773809523809523","1","26","0.005952380952380952","0.15476190476190477","0.5306122448979592","1","1","2.7142857142857144"
"7x7-p84","7x7-p84-uct-1000","uct-1000","1","0.44047619047619047","0.5595238095238095","1","23","0.005952380952380952","0.13690476190476192","0.46938775510204084","1","1","2.607142857142857"
"7x7-p84","7x7-p84-uct-1000","uct-1000","2","0.4583333333333333","0.5416666666666666","1","27","0.005952380952380952","0.16071428571428573","0.5510204081632653","1","0","2.4285714285714284"
"7x7-p84","7x7-p84-uct-1000","uct-1000","3","0.39285714285714285","0.6071428571428571","1","27","0.005952380952380952","0.16071428571428573","0.5510204081632653","1","0","2.607142857142857"
"7x7-p84","7x7-p84-uct-1000","uct-1000","4","0.38095238095238093","0.6190476190476191","2","27","0.011904761904761904","0.16071428571428573","0.5510204081632653","2","0.5","2.5535714285714284"
"7x7-p84","7x7-p84-uct-1000","uct-1000","5","0.4642857142857143","0.5357142857142857","4","22","0.023809523809523808","0.13095238095238096","0.4489795918367347","4","1","2.607142857142857"
"7x7-p84","7x7-p84-uct-1000","uct-1000","6","0.3630952380952381","0.6369047619047619","1","28","0.005952380952380952","0.16666666666666666","0.5714285714285714","1","0","2.5"
"7x7-p84","7x7-p84-uct-1000","uct-1000","7","0.4880952380952381","0.5119047619047619","6","22","0.03571428571428571","0.13095238095238096","0.4489795918367347","6","0.8333333333333334","2.607142857142857"
"7x7-p84","7x7-p84-uct-1000","uct-1000","8","0.5178571428571429","0.48214285714285715","8","19","0.047619047619047616","0.1130952380952381","0.3877551020408163","8","0.625","2.6964285714285716"
"7x7-p84","7x7-p84-uct-1000","uct-1000","9","0.4583333333333333","0.5416666666666666","2","22","0.011904761904761904","0.13095238095238096","0.4489795918367347","2","0","2.732142857142857"
"7x7-p84","7x7-p84-uct-1000","uct-1000","10","0.42857142857142855","0.5714285714285714","1","28","0.005952380952380952","0.16666666666666666","0.5714285714285714","1","0","2.517857142857143"
"7x7-p84","7x7-p84-uct-1000","uct-1000","11","0.4166666666666667","0.5833333333333334","0","28","0","0.16666666666666666","0.5714285714285714","0","","2.5357142857142856"
"7x7-p84","7x7-p84-uct-1000","uct-1000","12","0.39880952380952384","0.6011904761904762","0","28","0","0.16666666666666666","0.5714285714285714","0","","2.5714285714285716"
"7x7-p84","7x7-p84-uct-1000","uct-1000","13","0.43452380952380953","0.5654761904761905","3","24","0.017857142857142856","0.14285714285714285","0.4897959183673469","3","0.6666666666666666","2.6607142857142856"
"7x7-p84","7x7-p84-uct-1000","uct-1000","14","0.40476190476190477","0.5952380952380952","1","25","0.005952380952380952","0.1488095238095238","0.5102040816326531","1","1","2.482142857142857"
"7x7-p84","7x7-p84-uct-1000","uct-1000","15","0.5","0.5","2","22","0.011904761904761904","0.13095238095238096","0.4489795918367347","2","0.5","2.5892857142857144"
"7x7-p84","7x7-p84-uct-1000","uct-1000","16","0.4523809523809524","0.5476190476190477","3","26","0.017857142857142856","0.15476190476190477","0.5306122448979592","3","0.3333333333333333","2.5357142857142856"
"7x7-p84","7x7-p84-uct-1000","uct-1000","17","0.44047619047619047","0.5595238095238095","0","26","0","0.15476190476190477","0.5306122448979592","0","","2.4464285714285716"
"7x7-p84","7x7-p84-uct-1000","uct-1000","18","0.38095238095238093","0.6190476190476191","2","29","0.011904761904761904","0.17261904761904762","0.5918367346938775","2","0.5","2.6607142857142856"
"7x7-p84","7x7-p84-uct-1000","uct-1000","19","0.38095238095238093","0.6190476190476191","3","28","0.017857142857142856","0.16666666666666666","0.5714285714285714","3","1","2.4642857142857144"
"7x7-p84","7x7-p84-uct-1000","uct-1000","20","0.42857142857142855","0.5714285714285714","2","28","0.011904761904761904","0.16666666666666666","0.5714285714285714","2","0","2.517857142857143"
"7x7-p84","7x7-p84-uct-1000","uct-1000","21","0.4226190476190476","0.5773809523809523","2","27","0.011904761904761904","0.16071428571428573","0.5510204081632653","2","0.5","2.5357142857142856"
"7x7-p84","7x7-p84-uct-1000","uct-1000","22","0.49404761904761907","0.5059523809523809","3","23","0.017857142857142856","0.13690476190476192","0.46938775510204084","3","0.6666666666666666","2.7857142857142856"
"7x7-p84","7x7-p84-uct-1000","uct-1000","23","0.3869047619047619","0.6130952380952381","1","28","0.005952380952380952","0.16666666666666666","0.5714285714285714","1","1","2.5357142857142856"
"7x7-p84","7x7-p84-uct-1000","uct-1000","24","0.42857142857142855","0.5714285714285714","3","28","0.017857142857142856","0.16666666666666666","0.5714285714285714","3","0.6666666666666666","2.5535714285714284"
"7x7-p84","7x7-p84-uct-1000","uct-1000","25","0.4642857142857143","0.5357142857142857","1","26","0.005952380952380952","0.15476190476190477","0.5306122448979592","1","1","2.5357142857142856"
"7x7-p84","7x7-p84-uct-1000","uct-1000","26","0.4107142857142857","0.5892857142857143","2","26","0.011904761904761904","0.15476190476190477","0.5306122448979592","2","0.5","2.6964285714285716"
"7x7-p84","7x7-p84-uct-1000","uct-1000","27","0.4583333333333333","0.5416666666666666","3","26","0.017857142857142856","0.15476190476190477","0.5306122448979592","3","0.3333333333333333","2.5"
"7x7-p84","7x7-p84-uct-1000","uct-1000","28","0.4226190476190476","0.5773809523809523","0","26","0","0.15476190476190477","0.5306122448979592","0","","2.6964285714285716"
"7x7-p84","7x7-p84-uct-1000","uct-1000","29","0.44642857142857145","0.5535714285714286","4","26","0.023809523809523808","0.15476190476190477","0.5306122448979592","4","0.75","2.5714285714285716"
"7x7-p84","7x7-p84-uct-1000","uct-1000","30","0.35714285714285715","0.6428571428571429","3","29","0.017857142857142856","0.17261904761904762","0.5918367346938775","3","0.6666666666666666","2.607142857142857"
"7x7-p84","7x7-p84-uct-1000","uct-1000","31","0.375","0.625","0","29","0","0.17261904761904762","0.5918367346938775","0","","2.7142857142857144"
"7x7-p84","7x7-p84-uct-1000","uct-1000","32","0.4226190476190476","0.5773809523809523","3","25","0.017857142857142856","0.1488095238095238","0.5102040816326531","3","1","2.5357142857142856"
"7x7-p84","7x7-p84-uct-1000","uct-1000","33","0.43452380952380953","0.5654761904761905","4","22","0.023809523809523808","0.13095238095238096","0.4489795918367347","4","0.75","2.732142857142857"
"7x7-p84","7x7-p84-uct-1000","uct-1000","34","0.44642857142857145","0.5535714285714286","1","24","0.005952380952380952","0.14285714285714285","0.4897959183673469","1","1","2.6785714285714284"
"7x7-p84","7x7-p84-uct-1000","uct-1000","35","0.47023809523809523","0.5297619047619048","3","23","0.017857142857142856","0.13690476190476192","0.46938775510204084","3","0.6666666666666666","2.5357142857142856"
"7x7-p84","7x7-p84-uct-1000","uct-1000","36","0.4583333333333333","0.5416666666666666","4","26","0.023809523809523808","0.15476190476190477","0.5306122448979592","4","0.5","2.625"
"7x7-p84","7x7-p84-uct-1000","uct-1000","37","0.4226190476190476","0.5773809523809523","3","26","0.017857142857142856","0.15476190476190477","0.5306122448979592","3","1","2.7142857142857144"
"7x7-p84","7x7-p84-uct-1000","uct-1000","38","0.42857142857142855","0.5714285714285714","3","26","0.017857142857142856","0.15476190476190477","0.5306122448979592","3","1","2.625"
"7x7-p84","7x7-p84-uct-1000","uct-1000","39","0.4226190476190476","0.5773809523809523","2","26","0.011904761904761904","0.15476190476190477","0.5306122448979592","2","0.5","2.6964285714285716"
"7x7-p84","7x7-p84-uct-1000","uct-1000","40","0.4226190476190476","0.5773809523809523","3","27","0.017857142857142856","0.16071428571428573","0.5510204081632653","3","1","2.357142857142857"
"7x7-p84","7x7-p84-uct-1000","uct-1000","41","0.39285714285714285","0.6071428571428571","0","25","0","0.1488095238095238","0.5102040816326531","0","","2.6785714285714284"
"7x7-p84","7x7-p84-uct-1000","uct-1000","42","0.4166666666666667","0.5833333333333334","2","27","0.011904761904761904","0.16071428571428573","0.5510204081632653","2","0","2.6607142857142856"
"7x7-p84","7x7-p84-uct-1000","uct-1000","43","0.42857142857142855","0.5714285714285714","4","26","0.023809523809523808","0.15476190476190477","0.5306122448979592","4","0.75","2.6607142857142856"
"7x7-p84","7x7-p84-uct-1000","uct-1000","44","0.3869047619047619","0.6130952380952381","1","26","0.005952380952380952","0.15476190476190477","0.5306122448979592","1","0","2.5357142857142856"
"7x7-p84","7x7-p84-uct-1000","uct-1000","45","0.4107142857142857","0.5892857142857143","1","26","0.005952380952380952","0.15476190476190477","0.5306122448979592","1","1","2.625"
"7x7-p84","7x7-p84-uct-1000","uct-1000","46","0.4166666666666667","0.5833333333333334","1","26","0.005952380952380952","0.15476190476190477","0.5306122448979592","1","0","2.75"
"7x7-p84","7x7-p84-uct-1000","uct-1000","47","0.44047619047619047","0.5595238095238095","1","23","0.005952380952380952","0.13690476190476192","0.46938775510204084","1","1","2.642857142857143"
"7x7-p84","7x7-p84-uct-1000","uct-1000","48","0.48214285714285715","0.5178571428571429","2","23","0.011904761904761904","0.13690476190476192","0.46938775510204084","2","0","2.625"
"7x7-p84","7x7-p84-uct-1000","uct-1000","49","0.375","0.625","1","27","0.005952380952380952","0.16071428571428573","0.5510204081632653","1","1","2.6964285714285716"
"7x7-p84","7x7-p84-uct-1000","uct-1000","50","0.4107142857142857","0.5892857142857143","3","27","0.017857142857142856","0.16071428571428573","0.5510204081632653","3","0.6666666666666666","2.5"
"7x7-p96","7x7-p96-seeded-random","seeded-random","1","0.6614583333333334","0.3385416666666667","11","9","0.057291666666666664","0.046875","0.1836734693877551","11","0.5454545454545454","2.6875"
"7x7-p96","7x7-p96-seeded-random","seeded-random","2","0.5677083333333334","0.4322916666666667","4","11","0.020833333333333332","0.057291666666666664","0.22448979591836735","4","0.5","2.703125"
"7x7-p96","7x7-p96-seeded-random","seeded-random","3","0.59375","0.40625","14","10","0.07291666666666667","0.052083333333333336","0.20408163265306123","14","0.42857142857142855","2.59375"
"7x7-p96","7x7-p96-seeded-random","seeded-random","4","0.6041666666666666","0.3958333333333333","7","10","0.036458333333333336","0.052083333333333336","0.20408163265306123","7","0.5714285714285714","2.796875"
"7x7-p96","7x7-p96-seeded-random","seeded-random","5","0.6354166666666666","0.3645833333333333","7","2","0.036458333333333336","0.010416666666666666","0.04081632653061224","7","0.42857142857142855","2.671875"
"7x7-p96","7x7-p96-seeded-random","seeded-random","6","0.5885416666666666","0.4114583333333333","5","7","0.026041666666666668","0.036458333333333336","0.14285714285714285","5","0.2","2.65625"
"7x7-p96","7x7-p96-seeded-random","seeded-random","7","0.625","0.375","6","8","0.03125","0.041666666666666664","0.16326530612244897","6","0.3333333333333333","2.6875"
"7x7-p96","7x7-p96-seeded-random","seeded-random","8","0.6197916666666666","0.3802083333333333","10","6","0.052083333333333336","0.03125","0.12244897959183673","10","0.3","2.734375"
"7x7-p96","7x7-p96-seeded-random","seeded-random","9","0.609375","0.390625","9","9","0.046875","0.046875","0.1836734693877551","9","0.6666666666666666","2.65625"
"7x7-p96","7x7-p96-seeded-random","seeded-random","10","0.609375","0.390625","9","8","0.046875","0.041666666666666664","0.16326530612244897","9","0.5555555555555556","2.59375"
"7x7-p96","7x7-p96-seeded-random","seeded-random","11","0.5729166666666666","0.4270833333333333","9","6","0.046875","0.03125","0.12244897959183673","9","0.1111111111111111","2.703125"
"7x7-p96","7x7-p96-seeded-random","seeded-random","12","0.6145833333333334","0.3854166666666667","10","7","0.052083333333333336","0.036458333333333336","0.14285714285714285","10","0.4","2.734375"
"7x7-p96","7x7-p96-seeded-random","seeded-random","13","0.6197916666666666","0.3802083333333333","7","5","0.036458333333333336","0.026041666666666668","0.10204081632653061","7","0.5714285714285714","2.703125"
"7x7-p96","7x7-p96-seeded-random","seeded-random","14","0.578125","0.421875","8","7","0.041666666666666664","0.036458333333333336","0.14285714285714285","8","0.25","2.59375"
"7x7-p96","7x7-p96-seeded-random","seeded-random","15","0.578125","0.421875","12","10","0.0625","0.052083333333333336","0.20408163265306123","12","0.5","2.6875"
"7x7-p96","7x7-p96-seeded-random","seeded-random","16","0.5989583333333334","0.4010416666666667","7","5","0.036458333333333336","0.026041666666666668","0.10204081632653061","7","0.14285714285714285","2.703125"
"7x7-p96","7x7-p96-seeded-random","seeded-random","17","0.609375","0.390625","13","3","0.06770833333333333","0.015625","0.061224489795918366","13","0.5384615384615384","2.625"
"7x7-p96","7x7-p96-seeded-random","seeded-random","18","0.5833333333333334","0.4166666666666667","11","7","0.057291666666666664","0.036458333333333336","0.14285714285714285","11","0.5454545454545454","2.625"
"7x7-p96","7x7-p96-seeded-random","seeded-random","19","0.5989583333333334","0.4010416666666667","3","6","0.015625","0.03125","0.12244897959183673","3","0.6666666666666666","2.75"
"7x7-p96","7x7-p96-seeded-random","seeded-random","20","0.640625","0.359375","7","5","0.036458333333333336","0.026041666666666668","0.10204081632653061","7","0.2857142857142857","2.609375"
"7x7-p96","7x7-p96-seeded-random","seeded-random","21","0.6041666666666666","0.3958333333333333","8","5","0.041666666666666664","0.026041666666666668","0.10204081632653061","8","0.375","2.734375"
"7x7-p96","7x7-p96-seeded-random","seeded-random","22","0.6354166666666666","0.3645833333333333","12","4","0.0625","0.020833333333333332","0.08163265306122448","12","0.5","2.75"
"7x7-p96","7x7-p96-seeded-random","seeded-random","23","0.6510416666666666","0.3489583333333333","11","4","0.057291666666666664","0.020833333333333332","0.08163265306122448","11","0.45454545454545453","2.71875"
"7x7-p96","7x7-p96-seeded-random","seeded-random","24","0.640625","0.359375","8","6","0.041666666666666664","0.03125","0.12244897959183673","8","0.125","2.6875"
"7x7-p96","7x7-p96-seeded-random","seeded-random","25","0.6666666666666666","0.3333333333333333","12","3","0.0625","0.015625","0.061224489795918366","12","0.25","2.671875"
"7x7-p96","7x7-p96-seeded-random","seeded-random","26","0.5989583333333334","0.4010416666666667","8","11","0.041666666666666664","0.057291666666666664","0.22448979591836735","8","0.375","2.609375"
"7x7-p96","7x7-p96-seeded-random","seeded-random","27","0.6197916666666666","0.3802083333333333","12","7","0.0625","0.036458333333333336","0.14285714285714285","12","0.5","2.75"
"7x7-p96","7x7-p96-seeded-random","seeded-random","28","0.609375","0.390625","8","6","0.041666666666666664","0.03125","0.12244897959183673","8","0.5","2.65625"
"7x7-p96","7x7-p96-seeded-random","seeded-random","29","0.625","0.375","5","7","0.026041666666666668","0.036458333333333336","0.14285714285714285","5","0.4","2.59375"
"7x7-p96","7x7-p96-seeded-random","seeded-random","30","0.5625","0.4375","6","11","0.03125","0.057291666666666664","0.22448979591836735","6","0.6666666666666666","2.71875"
"7x7-p96","7x7-p96-seeded-random","seeded-random","31","0.5729166666666666","0.4270833333333333","9","7","0.046875","0.036458333333333336","0.14285714285714285","9","0.5555555555555556","2.765625"
"7x7-p96","7x7-p96-seeded-random","seeded-random","32","0.6510416666666666","0.3489583333333333","12","7","0.0625","0.036458333333333336","0.14285714285714285","12","0.25","2.640625"
"7x7-p96","7x7-p96-seeded-random","seeded-random","33","0.578125","0.421875","2","8","0.010416666666666666","0.041666666666666664","0.16326530612244897","2","0","2.625"
"7x7-p96","7x7-p96-seeded-random","seeded-random","34","0.5833333333333334","0.4166666666666667","9","11","0.046875","0.057291666666666664","0.22448979591836735","9","0.3333333333333333","2.671875"
"7x7-p96","7x7-p96-seeded-random","seeded-random","35","0.6041666666666666","0.3958333333333333","5","7","0.026041666666666668","0.036458333333333336","0.14285714285714285","5","0.4","2.609375"
"7x7-p96","7x7-p96-seeded-random","seeded-random","36","0.6197916666666666","0.3802083333333333","11","4","0.057291666666666664","0.020833333333333332","0.08163265306122448","11","0.36363636363636365","2.625"
"7x7-p96","7x7-p96-seeded-random","seeded-random","37","0.6041666666666666","0.3958333333333333","9","9","0.046875","0.046875","0.1836734693877551","9","0.3333333333333333","2.671875"
"7x7-p96","7x7-p96-seeded-random","seeded-random","38","0.59375","0.40625","8","11","0.041666666666666664","0.057291666666666664","0.22448979591836735","8","0.375","2.734375"
"7x7-p96","7x7-p96-seeded-random","seeded-random","39","0.6145833333333334","0.3854166666666667","13","12","0.06770833333333333","0.0625","0.24489795918367346","13","0.38461538461538464","2.5"
"7x7-p96","7x7-p96-seeded-random","seeded-random","40","0.6614583333333334","0.3385416666666667","8","9","0.041666666666666664","0.046875","0.1836734693877551","8","0.5","2.65625"
"7x7-p96","7x7-p96-seeded-random","seeded-random","41","0.6145833333333334","0.3854166666666667","7","5","0.036458333333333336","0.026041666666666668","0.10204081632653061","7","0.5714285714285714","2.546875"
"7x7-p96","7x7-p96-seeded-random","seeded-random","42","0.6197916666666666","0.3802083333333333","6","5","0.03125","0.026041666666666668","0.10204081632653061","6","1","2.53125"
"7x7-p96","7x7-p96-seeded-random","seeded-random","43","0.671875","0.328125","10","6","0.052083333333333336","0.03125","0.12244897959183673","10","0.4","2.671875"
"7x7-p96","7x7-p96-seeded-random","seeded-random","44","0.6041666666666666","0.3958333333333333","5","8","0.026041666666666668","0.041666666666666664","0.16326530612244897","5","0.2","2.703125"
"7x7-p96","7x7-p96-seeded-random","seeded-random","45","0.5989583333333334","0.4010416666666667","6","7","0.03125","0.036458333333333336","0.14285714285714285","6","0.3333333333333333","2.65625"
"7x7-p96","7x7-p96-seeded-random","seeded-random","46","0.6197916666666666","0.3802083333333333","6","9","0.03125","0.046875","0.1836734693877551","6","0.16666666666666666","2.609375"
"7x7-p96","7x7-p96-seeded-random","seeded-random","47","0.609375","0.390625","8","6","0.041666666666666664","0.03125","0.12244897959183673","8","0.375","2.6875"
"7x7-p96","7x7-p96-seeded-random","seeded-random","48","0.6041666666666666","0.3958333333333333","12","8","0.0625","0.041666666666666664","0.16326530612244897","12","0.5833333333333334","2.640625"
"7x7-p96","7x7-p96-seeded-random","seeded-random","49","0.609375","0.390625","3","9","0.015625","0.046875","0.1836734693877551","3","0","2.6875"
"7x7-p96","7x7-p96-seeded-random","seeded-random","50","0.609375","0.390625","11","4","0.057291666666666664","0.020833333333333332","0.08163265306122448","11","0.2727272727272727","2.65625"
"7x7-p96","7x7-p96-seeded-random","seeded-random","51","0.609375","0.390625","9","6","0.046875","0.03125","0.12244897959183673","9","0.3333333333333333","2.578125"
"7x7-p96","7x7-p96-seeded-random","seeded-random","52","0.625","0.375","10","4","0.052083333333333336","0.020833333333333332","0.08163265306122448","10","0.4","2.65625"
"7x7-p96","7x7-p96-seeded-random","seeded-random","53","0.625","0.375","7","5","0.036458333333333336","0.026041666666666668","0.10204081632653061","7","0.2857142857142857","2.640625"
"7x7-p96","7x7-p96-seeded-random","seeded-random","54","0.6510416666666666","0.3489583333333333","9","7","0.046875","0.036458333333333336","0.14285714285714285","9","0.3333333333333333","2.75"
"7x7-p96","7x7-p96-seeded-random","seeded-random","55","0.546875","0.453125","4","11","0.020833333333333332","0.057291666666666664","0.22448979591836735","4","0.5","2.703125"
"7x7-p96","7x7-p96-seeded-random","seeded-random","56","0.5989583333333334","0.4010416666666667","8","8","0.041666666666666664","0.041666666666666664","0.16326530612244897","8","0.375","2.703125"
"7x7-p96","7x7-p96-seeded-random","seeded-random","57","0.5833333333333334","0.4166666666666667","6","7","0.03125","0.036458333333333336","0.14285714285714285","6","0.5","2.71875"
"7x7-p96","7x7-p96-seeded-random","seeded-random","58","0.59375","0.40625","7","7","0.036458333333333336","0.036458333333333336","0.14285714285714285","7","0.5714285714285714","2.703125"
"7x7-p96","7x7-p96-seeded-random","seeded-random","59","0.6822916666666666","0.3177083333333333","8","5","0.041666666666666664","0.026041666666666668","0.10204081632653061","8","0.25","2.71875"
"7x7-p96","7x7-p96-seeded-random","seeded-random","60","0.59375","0.40625","8","6","0.041666666666666664","0.03125","0.12244897959183673","8","0.5","2.640625"
"7x7-p96","7x7-p96-seeded-random","seeded-random","61","0.5416666666666666","0.4583333333333333","7","13","0.036458333333333336","0.06770833333333333","0.2653061224489796","7","0.5714285714285714","2.671875"
"7x7-p96","7x7-p96-seeded-random","seeded-random","62","0.6302083333333334","0.3697916666666667","11","6","0.057291666666666664","0.03125","0.12244897959183673","11","0.36363636363636365","2.65625"
"7x7-p96","7x7-p96-seeded-random","seeded-random","63","0.6458333333333334","0.3541666666666667","14","4","0.07291666666666667","0.020833333333333332","0.08163265306122448","14","0.35714285714285715","2.71875"
"7x7-p96","7x7-p96-seeded-random","seeded-random","64","0.59375","0.40625","7","8","0.036458333333333336","0.041666666666666664","0.16326530612244897","7","0.42857142857142855","2.6875"
"7x7-p96","7x7-p96-seeded-random","seeded-random","65","0.5833333333333334","0.4166666666666667","6","9","0.03125","0.046875","0.1836734693877551","6","0.5","2.71875"
"7x7-p96","7x7-p96-seeded-random","seeded-random","66","0.6458333333333334","0.3541666666666667","12","4","0.0625","0.020833333333333332","0.08163265306122448","12","0.4166666666666667","2.78125"
"7x7-p96","7x7-p96-seeded-random","seeded-random","67","0.6302083333333334","0.3697916666666667","9","4","0.046875","0.020833333333333332","0.08163265306122448","9","0.3333333333333333","2.703125"
"7x7-p96","7x7-p96-seeded-random","seeded-random","68","0.5416666666666666","0.4583333333333333","10","12","0.052083333333333336","0.0625","0.24489795918367346","10","0.6","2.6875"
"7x7-p96","7x7-p96-seeded-random","seeded-random","69","0.625","0.375","7","6","0.036458333333333336","0.03125","0.12244897959183673","7","0.2857142857142857","2.71875"
"7x7-p96","7x7-p96-seeded-random","seeded-random","70","0.6510416666666666","0.3489583333333333","10","7","0.052083333333333336","0.036458333333333336","0.14285714285714285","10","0.5","2.765625"
"7x7-p96","7x7-p96-seeded-random","seeded-random","71","0.5989583333333334","0.4010416666666667","11","4","0.057291666666666664","0.020833333333333332","0.08163265306122448","11","0.8181818181818182","2.671875"
"7x7-p96","7x7-p96-seeded-random","seeded-random","72","0.6041666666666666","0.3958333333333333","6","5","0.03125","0.026041666666666668","0.10204081632653061","6","0.5","2.6875"
"7x7-p96","7x7-p96-seeded-random","seeded-random","73","0.6458333333333334","0.3541666666666667","9","3","0.046875","0.015625","0.061224489795918366","9","0.1111111111111111","2.734375"
"7x7-p96","7x7-p96-seeded-random","seeded-random","74","0.6197916666666666","0.3802083333333333","11","9","0.057291666666666664","0.046875","0.1836734693877551","11","0.36363636363636365","2.640625"
"7x7-p96","7x7-p96-seeded-random","seeded-random","75","0.5833333333333334","0.4166666666666667","10","6","0.052083333333333336","0.03125","0.12244897959183673","10","0.4","2.828125"
"7x7-p96","7x7-p96-seeded-random","seeded-random","76","0.609375","0.390625","9","6","0.046875","0.03125","0.12244897959183673","9","0.5555555555555556","2.671875"
"7x7-p96","7x7-p96-seeded-random","seeded-random","77","0.5833333333333334","0.4166666666666667","10","12","0.052083333333333336","0.0625","0.24489795918367346","10","0.4","2.703125"
"7x7-p96","7x7-p96-seeded-random","seeded-random","78","0.625","0.375","8","10","0.041666666666666664","0.052083333333333336","0.20408163265306123","8","0.375","2.6875"
"7x7-p96","7x7-p96-seeded-random","seeded-random","79","0.625","0.375","12","6","0.0625","0.03125","0.12244897959183673","12","0.4166666666666667","2.765625"
"7x7-p96","7x7-p96-seeded-random","seeded-random","80","0.5885416666666666","0.4114583333333333","9","3","0.046875","0.015625","0.061224489795918366","9","0.6666666666666666","2.734375"
"7x7-p96","7x7-p96-seeded-random","seeded-random","81","0.609375","0.390625","9","4","0.046875","0.020833333333333332","0.08163265306122448","9","0.4444444444444444","2.609375"
"7x7-p96","7x7-p96-seeded-random","seeded-random","82","0.6510416666666666","0.3489583333333333","11","5","0.057291666666666664","0.026041666666666668","0.10204081632653061","11","0.18181818181818182","2.71875"
"7x7-p96","7x7-p96-seeded-random","seeded-random","83","0.5885416666666666","0.4114583333333333","6","10","0.03125","0.052083333333333336","0.20408163265306123","6","0.6666666666666666","2.734375"
"7x7-p96","7x7-p96-seeded-random","seeded-random","84","0.6145833333333334","0.3854166666666667","10","9","0.052083333333333336","0.046875","0.1836734693877551","10","0.5","2.765625"
"7x7-p96","7x7-p96-seeded-random","seeded-random","85","0.5833333333333334","0.4166666666666667","6","8","0.03125","0.041666666666666664","0.16326530612244897","6","0.5","2.703125"
"7x7-p96","7x7-p96-seeded-random","seeded-random","86","0.6041666666666666","0.3958333333333333","6","9","0.03125","0.046875","0.1836734693877551","6","0.5","2.71875"
"7x7-p96","7x7-p96-seeded-random","seeded-random","87","0.578125","0.421875","8","7","0.041666666666666664","0.036458333333333336","0.14285714285714285","8","0.5","2.71875"
"7x7-p96","7x7-p96-seeded-random","seeded-random","88","0.609375","0.390625","8","5","0.041666666666666664","0.026041666666666668","0.10204081632653061","8","0.5","2.71875"
"7x7-p96","7x7-p96-seeded-random","seeded-random","89","0.625","0.375","12","6","0.0625","0.03125","0.12244897959183673","12","0.5","2.671875"
"7x7-p96","7x7-p96-seeded-random","seeded-random","90","0.6666666666666666","0.3333333333333333","12","4","0.0625","0.020833333333333332","0.08163265306122448","12","0.4166666666666667","2.75"
"7x7-p96","7x7-p96-seeded-random","seeded-random","91","0.640625","0.359375","12","10","0.0625","0.052083333333333336","0.20408163265306123","12","0.4166666666666667","2.515625"
"7x7-p96","7x7-p96-seeded-random","seeded-random","92","0.5677083333333334","0.4322916666666667","9","11","0.046875","0.057291666666666664","0.22448979591836735","9","0.4444444444444444","2.609375"
"7x7-p96","7x7-p96-seeded-random","seeded-random","93","0.6354166666666666","0.3645833333333333","13","6","0.06770833333333333","0.03125","0.12244897959183673","13","0.23076923076923078","2.671875"
"7x7-p96","7x7-p96-seeded-random","seeded-random","94","0.5989583333333334","0.4010416666666667","11","9","0.057291666666666664","0.046875","0.1836734693877551","11","0.45454545454545453","2.71875"
"7x7-p96","7x7-p96-seeded-random","seeded-random","95","0.6041666666666666","0.3958333333333333","12","8","0.0625","0.041666666666666664","0.16326530612244897","12","0.5","2.671875"
"7x7-p96","7x7-p96-seeded-random","seeded-random","96","0.5625","0.4375","10","9","0.052083333333333336","0.046875","0.1836734693877551","10","0.5","2.78125"
"7x7-p96","7x7-p96-seeded-random","seeded-random","97","0.6041666666666666","0.3958333333333333","10","5","0.052083333333333336","0.026041666666666668","0.10204081632653061","10","0.3","2.640625"
"7x7-p96","7x7-p96-seeded-random","seeded-random","98","0.5729166666666666","0.4270833333333333","4","4","0.020833333333333332","0.020833333333333332","0.08163265306122448","4","0.75","2.8125"
"7x7-p96","7x7-p96-seeded-random","seeded-random","99","0.5833333333333334","0.4166666666666667","4","6","0.020833333333333332","0.03125","0.12244897959183673","4","0.5","2.6875"
"7x7-p96","7x7-p96-seeded-random","seeded-random","100","0.5625","0.4375","6","8","0.03125","0.041666666666666664","0.16326530612244897","6","0.3333333333333333","2.671875"
"7x7-p96","7x7-p96-uct-0100","uct-0100","1","0.5520833333333334","0.4479166666666667","2","12","0.010416666666666666","0.0625","0.24489795918367346","2","0.5","2.765625"
"7x7-p96","7x7-p96-uct-0100","uct-0100","2","0.578125","0.421875","5","12","0.026041666666666668","0.0625","0.24489795918367346","5","0.4","2.671875"
"7x7-p96","7x7-p96-uct-0100","uct-0100","3","0.5520833333333334","0.4479166666666667","7","21","0.036458333333333336","0.109375","0.42857142857142855","7","0.2857142857142857","2.765625"
"7x7-p96","7x7-p96-uct-0100","uct-0100","4","0.5","0.5","2","21","0.010416666666666666","0.109375","0.42857142857142855","2","0.5","2.578125"
"7x7-p96","7x7-p96-uct-0100","uct-0100","5","0.5625","0.4375","6","16","0.03125","0.08333333333333333","0.32653061224489793","6","0.3333333333333333","2.671875"
"7x7-p96","7x7-p96-uct-0100","uct-0100","6","0.5364583333333334","0.4635416666666667","4","18","0.020833333333333332","0.09375","0.3673469387755102","4","0.75","2.765625"
"7x7-p96","7x7-p96-uct-0100","uct-0100","7","0.515625","0.484375","9","18","0.046875","0.09375","0.3673469387755102","9","0.6666666666666666","2.609375"
"7x7-p96","7x7-p96-uct-0100","uct-0100","8","0.53125","0.46875","5","20","0.026041666666666668","0.10416666666666667","0.40816326530612246","5","0.4","2.671875"
"7x7-p96","7x7-p96-uct-0100","uct-0100","9","0.5416666666666666","0.4583333333333333","8","18","0.041666666666666664","0.09375","0.3673469387755102","8","0.625","2.734375"
"7x7-p96","7x7-p96-uct-0100","uct-0100","10","0.5364583333333334","0.4635416666666667","8","17","0.041666666666666664","0.08854166666666667","0.3469387755102041","8","0.375","2.703125"
"7x7-p96","7x7-p96-uct-0100","uct-0100","11","0.546875","0.453125","4","21","0.020833333333333332","0.109375","0.42857142857142855","4","0.25","2.625"
"7x7-p96","7x7-p96-uct-0100","uct-0100","12","0.5729166666666666","0.4270833333333333","7","13","0.036458333333333336","0.06770833333333333","0.2653061224489796","7","0.7142857142857143","2.703125"
"7x7-p96","7x7-p96-uct-0100","uct-0100","13","0.5416666666666666","0.4583333333333333","5","19","0.026041666666666668","0.09895833333333333","0.3877551020408163","5","0.2","2.578125"
"7x7-p96","7x7-p96-uct-0100","uct-0100","14","0.53125","0.46875","4","18","0.020833333333333332","0.09375","0.3673469387755102","4","0.25","2.609375"
"7x7-p96","7x7-p96-uct-0100","uct-0100","15","0.5833333333333334","0.4166666666666667","9","14","0.046875","0.07291666666666667","0.2857142857142857","9","0.6666666666666666","2.609375"
"7x7-p96","7x7-p96-uct-0100","uct-0100","16","0.4791666666666667","0.5208333333333334","1","23","0.005208333333333333","0.11979166666666667","0.46938775510204084","1","1","2.75"
"7x7-p96","7x7-p96-uct-0100","uct-0100","17","0.578125","0.421875","6","20","0.03125","0.10416666666666667","0.40816326530612246","6","0.3333333333333333","2.796875"
"7x7-p96","7x7-p96-uct-0100","uct-0100","18","0.5364583333333334","0.4635416666666667","8","15","0.041666666666666664","0.078125","0.30612244897959184","8","0.75","2.625"
"7x7-p96","7x7-p96-uct-0100","uct-0100","19","0.53125","0.46875","4","20","0.020833333333333332","0.10416666666666667","0.40816326530612246","4","0.75","2.671875"
"7x7-p96","7x7-p96-uct-0100","uct-0100","20","0.5260416666666666","0.4739583333333333","6","17","0.03125","0.08854166666666667","0.3469387755102041","6","0.5","2.75"
"7x7-p96","7x7-p96-uct-0100","uct-0100","21","0.578125","0.421875","8","18","0.041666666666666664","0.09375","0.3673469387755102","8","0.25","2.796875"
"7x7-p96","7x7-p96-uct-0100","uct-0100","22","0.515625","0.484375","4","21","0.020833333333333332","0.109375","0.42857142857142855","4","0.25","2.75"
"7x7-p96","7x7-p96-uct-0100","uct-0100","23","0.5677083333333334","0.4322916666666667","3","18","0.015625","0.09375","0.3673469387755102","3","0.3333333333333333","2.59375"
"7x7-p96","7x7-p96-uct-0100","uct-0100","24","0.546875","0.453125","9","20","0.046875","0.10416666666666667","0.40816326530612246","9","0.5555555555555556","2.6875"
"7x7-p96","7x7-p96-uct-0100","uct-0100","25","0.5416666666666666","0.4583333333333333","6","17","0.03125","0.08854166666666667","0.3469387755102041","6","0.5","2.65625"
"7x7-p96","7x7-p96-uct-0100","uct-0100","26","0.5104166666666666","0.4895833333333333","8","18","0.041666666666666664","0.09375","0.3673469387755102","8","0.75","2.65625"
"7x7-p96","7x7-p96-uct-0100","uct-0100","27","0.53125","0.46875","6","14","0.03125","0.07291666666666667","0.2857142857142857","6","0.16666666666666666","2.6875"
"7x7-p96","7x7-p96-uct-0100","uct-0100","28","0.5572916666666666","0.4427083333333333","2","18","0.010416666666666666","0.09375","0.3673469387755102","2","0.5","2.671875"
"7x7-p96","7x7-p96-uct-0100","uct-0100","29","0.5833333333333334","0.4166666666666667","6","12","0.03125","0.0625","0.24489795918367346","6","0.16666666666666666","2.71875"
"7x7-p96","7x7-p96-uct-0100","uct-0100","30","0.578125","0.421875","6","15","0.03125","0.078125","0.30612244897959184","6","0.5","2.6875"
"7x7-p96","7x7-p96-uct-0100","uct-0100","31","0.5364583333333334","0.4635416666666667","6","23","0.03125","0.11979166666666667","0.46938775510204084","6","0.5","2.671875"
"7x7-p96","7x7-p96-uct-0100","uct-0100","32","0.5625","0.4375","9","19","0.046875","0.09895833333333333","0.3877551020408163","9","0.5555555555555556","2.59375"
"7x7-p96","7x7-p96-uct-0100","uct-0100","33","0.578125","0.421875","5","18","0.026041666666666668","0.09375","0.3673469387755102","5","0.6","2.6875"
"7x7-p96","7x7-p96-uct-0100","uct-0100","34","0.5572916666666666","0.4427083333333333","10","16","0.052083333333333336","0.08333333333333333","0.32653061224489793","10","0.5","2.75"
"7x7-p96","7x7-p96-uct-0100","uct-0100","35","0.4895833333333333","0.5104166666666666","7","22","0.036458333333333336","0.11458333333333333","0.4489795918367347","7","0.5714285714285714","2.734375"
"7x7-p96","7x7-p96-uct-0100","uct-0100","36","0.53125","0.46875","9","17","0.046875","0.08854166666666667","0.3469387755102041","9","0.7777777777777778","2.59375"
"7x7-p96","7x7-p96-uct-0100","uct-0100","37","0.5364583333333334","0.4635416666666667","3","19","0.015625","0.09895833333333333","0.3877551020408163","3","0.3333333333333333","2.765625"
"7x7-p96","7x7-p96-uct-0100","uct-0100","38","0.5052083333333334","0.4947916666666667","4","15","0.020833333333333332","0.078125","0.30612244897959184","4","0.5","2.6875"
"7x7-p96","7x7-p96-uct-0100","uct-0100","39","0.5572916666666666","0.4427083333333333","5","18","0.026041666666666668","0.09375","0.3673469387755102","5","0.4","2.71875"
"7x7-p96","7x7-p96-uct-0100","uct-0100","40","0.5364583333333334","0.4635416666666667","5","17","0.026041666666666668","0.08854166666666667","0.3469387755102041","5","0.6","2.765625"
"7x7-p96","7x7-p96-uct-0100","uct-0100","41","0.5416666666666666","0.4583333333333333","2","23","0.010416666666666666","0.11979166666666667","0.46938775510204084","2","0.5","2.671875"
"7x7-p96","7x7-p96-uct-0100","uct-0100","42","0.5729166666666666","0.4270833333333333","7","14","0.036458333333333336","0.07291666666666667","0.2857142857142857","7","0.7142857142857143","2.734375"
"7x7-p96","7x7-p96-uct-0100","uct-0100","43","0.5364583333333334","0.4635416666666667","6","15","0.03125","0.078125","0.30612244897959184","6","0.5","2.71875"
"7x7-p96","7x7-p96-uct-0100","uct-0100","44","0.5364583333333334","0.4635416666666667","4","15","0.020833333333333332","0.078125","0.30612244897959184","4","0.75","2.75"
"7x7-p96","7x7-p96-uct-0100","uct-0100","45","0.5104166666666666","0.4895833333333333","3","20","0.015625","0.10416666666666667","0.40816326530612246","3","0.3333333333333333","2.6875"
"7x7-p96","7x7-p96-uct-0100","uct-0100","46","0.5520833333333334","0.4479166666666667","6","17","0.03125","0.08854166666666667","0.3469387755102041","6","0.5","2.75"
"7x7-p96","7x7-p96-uct-0100","uct-0100","47","0.53125","0.46875","6","18","0.03125","0.09375","0.3673469387755102","6","0.5","2.78125"
"7x7-p96","7x7-p96-uct-0100","uct-0100","48","0.5885416666666666","0.4114583333333333","6","14","0.03125","0.07291666666666667","0.2857142857142857","6","0.8333333333333334","2.703125"
"7x7-p96","7x7-p96-uct-0100","uct-0100","49","0.5572916666666666","0.4427083333333333","3","17","0.015625","0.08854166666666667","0.3469387755102041","3","0.3333333333333333","2.703125"
"7x7-p96","7x7-p96-uct-0100","uct-0100","50","0.578125","0.421875","8","15","0.041666666666666664","0.078125","0.30612244897959184","8","0.375","2.640625"
"7x7-p96","7x7-p96-uct-0500","uct-0500","1","0.4479166666666667","0.5520833333333334","2","30","0.010416666666666666","0.15625","0.6122448979591837","2","0","2.5625"
"7x7-p96","7x7-p96-uct-0500","uct-0500","2","0.4479166666666667","0.5520833333333334","2","30","0.010416666666666666","0.15625","0.6122448979591837","2","0","2.65625"
"7x7-p96","7x7-p96-uct-0500","uct-0500","3","0.4375","0.5625","5","30","0.026041666666666668","0.15625","0.6122448979591837","5","0.6","2.59375"
"7x7-p96","7x7-p96-uct-0500","uct-0500","4","0.4635416666666667","0.5364583333333334","4","26","0.020833333333333332","0.13541666666666666","0.5306122448979592","4","0.25","2.78125"
"7x7-p96","7x7-p96-uct-0500","uct-0500","5","0.453125","0.546875","5","26","0.026041666666666668","0.13541666666666666","0.5306122448979592","5","0.2","2.578125"
"7x7-p96","7x7-p96-uct-0500","uct-0500","6","0.4270833333333333","0.5729166666666666","3","28","0.015625","0.14583333333333334","0.5714285714285714","3","0.3333333333333333","2.625"
"7x7-p96","7x7-p96-uct-0500","uct-0500","7","0.4947916666666667","0.5052083333333334","3","26","0.015625","0.13541666666666666","0.5306122448979592","3","0.6666666666666666","2.65625"
"7x7-p96","7x7-p96-uct-0500","uct-0500","8","0.46875","0.53125","3","24","0.015625","0.125","0.4897959183673469","3","1","2.609375"
"7x7-p96","7x7-p96-uct-0500","uct-0500","9","0.453125","0.546875","7","26","0.036458333333333336","0.13541666666666666","0.5306122448979592","7","0.5714285714285714","2.546875"
"7x7-p96","7x7-p96-uct-0500","uct-0500","10","0.484375","0.515625","6","27","0.03125","0.140625","0.5510204081632653","6","0.5","2.625"
"7x7-p96","7x7-p96-uct-0500","uct-0500","11","0.4947916666666667","0.5052083333333334","2","24","0.010416666666666666","0.125","0.4897959183673469","2","1","2.65625"
"7x7-p96","7x7-p96-uct-0500","uct-0500","12","0.4322916666666667","0.5677083333333334","5","28","0.026041666666666668","0.14583333333333334","0.5714285714285714","5","0.4","2.65625"
"7x7-p96","7x7-p96-uct-0500","uct-0500","13","0.421875","0.578125","2","27","0.010416666666666666","0.140625","0.5510204081632653","2","1","2.578125"
"7x7-p96","7x7-p96-uct-0500","uct-0500","14","0.4375","0.5625","7","30","0.036458333333333336","0.15625","0.6122448979591837","7","0.42857142857142855","2.6875"
"7x7-p96","7x7-p96-uct-0500","uct-0500","15","0.5677083333333334","0.4322916666666667","6","20","0.03125","0.10416666666666667","0.40816326530612246","6","0.3333333333333333","2.75"
"7x7-p96","7x7-p96-uct-0500","uct-0500","16","0.4739583333333333","0.5260416666666666","7","28","0.036458333333333336","0.14583333333333334","0.5714285714285714","7","0.42857142857142855","2.65625"
"7x7-p96","7x7-p96-uct-0500","uct-0500","17","0.4427083333333333","0.5572916666666666","3","28","0.015625","0.14583333333333334","0.5714285714285714","3","1","2.6875"
"7x7-p96","7x7-p96-uct-0500","uct-0500","18","0.484375","0.515625","2","27","0.010416666666666666","0.140625","0.5510204081632653","2","0.5","2.671875"
"7x7-p96","7x7-p96-uct-0500","uct-0500","19","0.4947916666666667","0.5052083333333334","5","26","0.026041666666666668","0.13541666666666666","0.5306122448979592","5","0.6","2.609375"
"7x7-p96","7x7-p96-uct-0500","uct-0500","20","0.4739583333333333","0.5260416666666666","4","24","0.020833333333333332","0.125","0.4897959183673469","4","0.25","2.5625"
"7x7-p96","7x7-p96-uct-0500","uct-0500","21","0.4583333333333333","0.5416666666666666","5","24","0.026041666666666668","0.125","0.4897959183673469","5","0.6","2.671875"
"7x7-p96","7x7-p96-uct-0500","uct-0500","22","0.4635416666666667","0.5364583333333334","2","27","0.010416666666666666","0.140625","0.5510204081632653","2","1","2.71875"
"7x7-p96","7x7-p96-uct-0500","uct-0500","23","0.5416666666666666","0.4583333333333333","8","23","0.041666666666666664","0.11979166666666667","0.46938775510204084","8","0.75","2.65625"
"7x7-p96","7x7-p96-uct-0500","uct-0500","24","0.453125","0.546875","4","26","0.020833333333333332","0.13541666666666666","0.5306122448979592","4","0.5","2.59375"
"7x7-p96","7x7-p96-uct-0500","uct-0500","25","0.46875","0.53125","4","26","0.020833333333333332","0.13541666666666666","0.5306122448979592","4","0.5","2.578125"
"7x7-p96","7x7-p96-uct-0500","uct-0500","26","0.453125","0.546875","4","24","0.020833333333333332","0.125","0.4897959183673469","4","0.75","2.640625"
"7x7-p96","7x7-p96-uct-0500","uct-0500","27","0.4375","0.5625","3","30","0.015625","0.15625","0.6122448979591837","3","0.6666666666666666","2.5625"
"7x7-p96","7x7-p96-uct-0500","uct-0500","28","0.5572916666666666","0.4427083333333333","3","24","0.015625","0.125","0.4897959183673469","3","0.6666666666666666","2.5625"
"7x7-p96","7x7-p96-uct-0500","uct-0500","29","0.4947916666666667","0.5052083333333334","5","27","0.026041666666666668","0.140625","0.5510204081632653","5","0.6","2.75"
"7x7-p96","7x7-p96-uct-0500","uct-0500","30","0.4947916666666667","0.5052083333333334","7","26","0.036458333333333336","0.13541666666666666","0.5306122448979592","7","0.42857142857142855","2.65625"
"7x7-p96","7x7-p96-uct-0500","uct-0500","31","0.4947916666666667","0.5052083333333334","5","26","0.026041666666666668","0.13541666666666666","0.5306122448979592","5","0.6","2.46875"
"7x7-p96","7x7-p96-uct-0500","uct-0500","32","0.4270833333333333","0.5729166666666666","1","28","0.005208333333333333","0.14583333333333334","0.5714285714285714","1","0","2.671875"
"7x7-p96","7x7-p96-uct-0500","uct-0500","33","0.5052083333333334","0.4947916666666667","5","25","0.026041666666666668","0.13020833333333334","0.5102040816326531","5","0.4","2.703125"
"7x7-p96","7x7-p96-uct-0500","uct-0500","34","0.5052083333333334","0.4947916666666667","4","26","0.020833333333333332","0.13541666666666666","0.5306122448979592","4","0.75","2.578125"
"7x7-p96","7x7-p96-uct-0500","uct-0500","35","0.4739583333333333","0.5260416666666666","2","22","0.010416666666666666","0.11458333333333333","0.4489795918367347","2","1","2.671875"
"7x7-p96","7x7-p96-uct-0500","uct-0500","36","0.515625","0.484375","4","20","0.020833333333333332","0.10416666666666667","0.40816326530612246","4","0.5","2.625"
"7x7-p96","7x7-p96-uct-0500","uct-0500","37","0.515625","0.484375","2","25","0.010416666666666666","0.13020833333333334","0.5102040816326531","2","0.5","2.578125"
"7x7-p96","7x7-p96-uct-0500","uct-0500","38","0.4375","0.5625","3","28","0.015625","0.14583333333333334","0.5714285714285714","3","1","2.640625"
"7x7-p96","7x7-p96-uct-0500","uct-0500","39","0.5208333333333334","0.4791666666666667","9","23","0.046875","0.11979166666666667","0.46938775510204084","9","0.7777777777777778","2.640625"
"7x7-p96","7x7-p96-uct-0500","uct-0500","40","0.4895833333333333","0.5104166666666666","3","26","0.015625","0.13541666666666666","0.5306122448979592","3","0.3333333333333333","2.71875"
"7x7-p96","7x7-p96-uct-0500","uct-0500","41","0.5208333333333334","0.4791666666666667","3","21","0.015625","0.109375","0.42857142857142855","3","0.3333333333333333","2.640625"
"7x7-p96","7x7-p96-uct-0500","uct-0500","42","0.4427083333333333","0.5572916666666666","2","30","0.010416666666666666","0.15625","0.6122448979591837","2","0.5","2.734375"
"7x7-p96","7x7-p96-uct-0500","uct-0500","43","0.4947916666666667","0.5052083333333334","3","28","0.015625","0.14583333333333334","0.5714285714285714","3","0.3333333333333333","2.5"
"7x7-p96","7x7-p96-uct-0500","uct-0500","44","0.5208333333333334","0.4791666666666667","3","24","0.015625","0.125","0.4897959183673469","3","0.3333333333333333","2.625"
"7x7-p96","7x7-p96-uct-0500","uct-0500","45","0.4791666666666667","0.5208333333333334","5","26","0.026041666666666668","0.13541666666666666","0.5306122448979592","5","0","2.6875"
"7x7-p96","7x7-p96-uct-0500","uct-0500","46","0.4895833333333333","0.5104166666666666","5","24","0.026041666666666668","0.125","0.4897959183673469","5","0.8","2.625"
"7x7-p96","7x7-p96-uct-0500","uct-0500","47","0.4947916666666667","0.5052083333333334","3","27","0.015625","0.140625","0.5510204081632653","3","0.3333333333333333","2.796875"
"7x7-p96","7x7-p96-uct-0500","uct-0500","48","0.484375","0.515625","4","24","0.020833333333333332","0.125","0.4897959183673469","4","0.5","2.640625"
"7x7-p96","7x7-p96-uct-0500","uct-0500","49","0.4635416666666667","0.5364583333333334","2","26","0.010416666666666666","0.13541666666666666","0.5306122448979592","2","0","2.703125"
"7x7-p96","7x7-p96-uct-0500","uct-0500","50","0.515625","0.484375","6","22","0.03125","0.11458333333333333","0.4489795918367347","6","0.5","2.578125"
"7x7-p96","7x7-p96-uct-1000","uct-1000","1","0.4166666666666667","0.5833333333333334","3","30","0.015625","0.15625","0.6122448979591837","3","0.3333333333333333","2.59375"
"7x7-p96","7x7-p96-uct-1000","uct-1000","2","0.4010416666666667","0.5989583333333334","3","30","0.015625","0.15625","0.6122448979591837","3","0.3333333333333333","2.625"
"7x7-p96","7x7-p96-uct-1000","uct-1000","3","0.4166666666666667","0.5833333333333334","2","30","0.010416666666666666","0.15625","0.6122448979591837","2","1","2.640625"
"7x7-p96","7x7-p96-uct-1000","uct-1000","4","0.3958333333333333","0.6041666666666666","1","30","0.005208333333333333","0.15625","0.6122448979591837","1","1","2.453125"
"7x7-p96","7x7-p96-uct-1000","uct-1000","5","0.4479166666666667","0.5520833333333334","5","28","0.026041666666666668","0.14583333333333334","0.5714285714285714","5","0.6","2.671875"
"7x7-p96","7x7-p96-uct-1000","uct-1000","6","0.40625","0.59375","3","32","0.015625","0.16666666666666666","0.6530612244897959","3","0.6666666666666666","2.65625"
"7x7-p96","7x7-p96-uct-1000","uct-1000","7","0.40625","0.59375","1","32","0.005208333333333333","0.16666666666666666","0.6530612244897959","1","1","2.546875"
"7x7-p96","7x7-p96-uct-1000","uct-1000","8","0.4583333333333333","0.5416666666666666","1","26","0.005208333333333333","0.13541666666666666","0.5306122448979592","1","1","2.5625"
"7x7-p96","7x7-p96-uct-1000","uct-1000","9","0.4166666666666667","0.5833333333333334","3","28","0.015625","0.14583333333333334","0.5714285714285714","3","1","2.578125"
"7x7-p96","7x7-p96-uct-1000","uct-1000","10","0.4270833333333333","0.5729166666666666","3","32","0.015625","0.16666666666666666","0.6530612244897959","3","0","2.65625"
"7x7-p96","7x7-p96-uct-1000","uct-1000","11","0.3489583333333333","0.6510416666666666","1","32","0.005208333333333333","0.16666666666666666","0.6530612244897959","1","1","2.609375"
"7x7-p96","7x7-p96-uct-1000","uct-1000","12","0.3802083333333333","0.6197916666666666","0","31","0","0.16145833333333334","0.6326530612244898","0","","2.6875"
"7x7-p96","7x7-p96-uct-1000","uct-1000","13","0.5052083333333334","0.4947916666666667","6","28","0.03125","0.14583333333333334","0.5714285714285714","6","0.3333333333333333","2.53125"
"7x7-p96","7x7-p96-uct-1000","uct-1000","14","0.546875","0.453125","4","22","0.020833333333333332","0.11458333333333333","0.4489795918367347","4","0.75","2.625"
"7x7-p96","7x7-p96-uct-1000","uct-1000","15","0.4895833333333333","0.5104166666666666","3","29","0.015625","0.15104166666666666","0.5918367346938775","3","0.3333333333333333","2.609375"
"7x7-p96","7x7-p96-uct-1000","uct-1000","16","0.421875","0.578125","3","28","0.015625","0.14583333333333334","0.5714285714285714","3","1","2.515625"
"7x7-p96","7x7-p96-uct-1000","uct-1000","17","0.4166666666666667","0.5833333333333334","2","32","0.010416666666666666","0.16666666666666666","0.6530612244897959","2","0.5","2.640625"
"7x7-p96","7x7-p96-uct-1000","uct-1000","18","0.4479166666666667","0.5520833333333334","1","28","0.005208333333333333","0.14583333333333334","0.5714285714285714","1","1","2.59375"
"7x7-p96","7x7-p96-uct-1000","uct-1000","19","0.4010416666666667","0.5989583333333334","3","33","0.015625","0.171875","0.673469387755102","3","0.3333333333333333","2.53125"
"7x7-p96","7x7-p96-uct-1000","uct-1000","20","0.4270833333333333","0.5729166666666666","3","32","0.015625","0.16666666666666666","0.6530612244897959","3","0.3333333333333333","2.65625"
"7x7-p96","7x7-p96-uct-1000","uct-1000","21","0.4166666666666667","0.5833333333333334","1","30","0.005208333333333333","0.15625","0.6122448979591837","1","1","2.71875"
"7x7-p96","7x7-p96-uct-1000","uct-1000","22","0.4270833333333333","0.5729166666666666","4","30","0.020833333333333332","0.15625","0.6122448979591837","4","0.5","2.609375"
"7x7-p96","7x7-p96-uct-1000","uct-1000","23","0.4583333333333333","0.5416666666666666","3","22","0.015625","0.11458333333333333","0.4489795918367347","3","0.6666666666666666","2.78125"
"7x7-p96","7x7-p96-uct-1000","uct-1000","24","0.4375","0.5625","4","28","0.020833333333333332","0.14583333333333334","0.5714285714285714","4","1","2.609375"
"7x7-p96","7x7-p96-uct-1000","uct-1000","25","0.3958333333333333","0.6041666666666666","2","34","0.010416666666666666","0.17708333333333334","0.6938775510204082","2","0","2.578125"
"7x7-p96","7x7-p96-uct-1000","uct-1000","26","0.3958333333333333","0.6041666666666666","3","33","0.015625","0.171875","0.673469387755102","3","1","2.671875"
"7x7-p96","7x7-p96-uct-1000","uct-1000","27","0.4375","0.5625","4","30","0.020833333333333332","0.15625","0.6122448979591837","4","0.5","2.640625"
"7x7-p96","7x7-p96-uct-1000","uct-1000","28","0.453125","0.546875","2","27","0.010416666666666666","0.140625","0.5510204081632653","2","0.5","2.640625"
"7x7-p96","7x7-p96-uct-1000","uct-1000","29","0.4010416666666667","0.5989583333333334","2","32","0.010416666666666666","0.16666666666666666","0.6530612244897959","2","0","2.40625"
"7x7-p96","7x7-p96-uct-1000","uct-1000","30","0.3802083333333333","0.6197916666666666","1","32","0.005208333333333333","0.16666666666666666","0.6530612244897959","1","1","2.5625"
"7x7-p96","7x7-p96-uct-1000","uct-1000","31","0.453125","0.546875","2","31","0.010416666666666666","0.16145833333333334","0.6326530612244898","2","0","2.5625"
"7x7-p96","7x7-p96-uct-1000","uct-1000","32","0.4166666666666667","0.5833333333333334","4","30","0.020833333333333332","0.15625","0.6122448979591837","4","0.5","2.515625"
"7x7-p96","7x7-p96-uct-1000","uct-1000","33","0.4479166666666667","0.5520833333333334","4","30","0.020833333333333332","0.15625","0.6122448979591837","4","1","2.421875"
"7x7-p96","7x7-p96-uct-1000","uct-1000","34","0.4270833333333333","0.5729166666666666","1","30","0.005208333333333333","0.15625","0.6122448979591837","1","1","2.6875"
"7x7-p96","7x7-p96-uct-1000","uct-1000","35","0.4427083333333333","0.5572916666666666","2","30","0.010416666666666666","0.15625","0.6122448979591837","2","0.5","2.609375"
"7x7-p96","7x7-p96-uct-1000","uct-1000","36","0.3958333333333333","0.6041666666666666","3","31","0.015625","0.16145833333333334","0.6326530612244898","3","0.3333333333333333","2.671875"
"7x7-p96","7x7-p96-uct-1000","uct-1000","37","0.4166666666666667","0.5833333333333334","1","29","0.005208333333333333","0.15104166666666666","0.5918367346938775","1","1","2.546875"
"7x7-p96","7x7-p96-uct-1000","uct-1000","38","0.4270833333333333","0.5729166666666666","5","30","0.026041666666666668","0.15625","0.6122448979591837","5","0.6","2.625"
"7x7-p96","7x7-p96-uct-1000","uct-1000","39","0.453125","0.546875","6","31","0.03125","0.16145833333333334","0.6326530612244898","6","0.5","2.6875"
"7x7-p96","7x7-p96-uct-1000","uct-1000","40","0.4270833333333333","0.5729166666666666","2","28","0.010416666666666666","0.14583333333333334","0.5714285714285714","2","0.5","2.578125"
"7x7-p96","7x7-p96-uct-1000","uct-1000","41","0.4375","0.5625","3","31","0.015625","0.16145833333333334","0.6326530612244898","3","0.6666666666666666","2.625"
"7x7-p96","7x7-p96-uct-1000","uct-1000","42","0.4322916666666667","0.5677083333333334","4","32","0.020833333333333332","0.16666666666666666","0.6530612244897959","4","0.25","2.5625"
"7x7-p96","7x7-p96-uct-1000","uct-1000","43","0.4375","0.5625","2","30","0.010416666666666666","0.15625","0.6122448979591837","2","1","2.578125"
"7x7-p96","7x7-p96-uct-1000","uct-1000","44","0.3802083333333333","0.6197916666666666","2","35","0.010416666666666666","0.18229166666666666","0.7142857142857143","2","0","2.546875"
"7x7-p96","7x7-p96-uct-1000","uct-1000","45","0.390625","0.609375","5","35","0.026041666666666668","0.18229166666666666","0.7142857142857143","5","0.8","2.59375"
"7x7-p96","7x7-p96-uct-1000","uct-1000","46","0.4583333333333333","0.5416666666666666","4","29","0.020833333333333332","0.15104166666666666","0.5918367346938775","4","0.25","2.65625"
"7x7-p96","7x7-p96-uct-1000","uct-1000","47","0.4791666666666667","0.5208333333333334","3","28","0.015625","0.14583333333333334","0.5714285714285714","3","1","2.546875"
"7x7-p96","7x7-p96-uct-1000","uct-1000","48","0.484375","0.515625","7","29","0.036458333333333336","0.15104166666666666","0.5918367346938775","7","0.42857142857142855","2.578125"
"7x7-p96","7x7-p96-uct-1000","uct-1000","49","0.4947916666666667","0.5052083333333334","4","28","0.020833333333333332","0.14583333333333334","0.5714285714285714","4","0.25","2.59375"
"7x7-p96","7x7-p96-uct-1000","uct-1000","50","0.40625","0.59375","2","32","0.010416666666666666","0.16666666666666666","0.6530612244897959","2","0","2.453125"
