"board","experiment_id","search_level","game_index","checkpoint","turn_number","supply_share","secured_supply","secured_objectives","recent_normalized_entropy","recent_largest_region_share","recent_hhi","recent_region_coverage"
"7x7-p72","7x7-seeded-random","seeded-random","1","0.25","12","0.8055555555555556","0","0","0.920619835714305","0.16666666666666666","0.1388888888888889","0.8888888888888888"
"7x7-p72","7x7-seeded-random","seeded-random","1","0.5","24","0.75","0","0","0.6577324383928642","0.3333333333333333","0.26388888888888884","0.5555555555555556"
"7x7-p72","7x7-seeded-random","seeded-random","1","0.75","36","0.6388888888888888","1","0","0.8481973151785929","0.25","0.16666666666666669","0.7777777777777778"
"7x7-p72","7x7-seeded-random","seeded-random","1","0.9","44","0.6136363636363636","3","3","0.6481494572909344","0.4166666666666667","0.27777777777777773","0.5555555555555556"
"7x7-p72","7x7-seeded-random","seeded-random","2","0.25","12","0.7777777777777778","1","0","0.7007269367552227","0.4166666666666667","0.26388888888888884","0.6666666666666666"
"7x7-p72","7x7-seeded-random","seeded-random","2","0.5","24","0.6944444444444444","2","1","0.8283522741071695","0.25","0.18055555555555558","0.7777777777777778"
"7x7-p72","7x7-seeded-random","seeded-random","2","0.75","36","0.6388888888888888","3","2","0.7430423562500169","0.3333333333333333","0.22222222222222224","0.6666666666666666"
"7x7-p72","7x7-seeded-random","seeded-random","2","0.9","44","0.6439393939393939","6","3","0.8154648767857287","0.3333333333333333","0.19444444444444445","0.7777777777777778"
"7x7-p72","7x7-seeded-random","seeded-random","3","0.25","12","0.75","0","1","0.920619835714305","0.16666666666666666","0.1388888888888889","0.8888888888888888"
"7x7-p72","7x7-seeded-random","seeded-random","3","0.5","24","0.7361111111111112","0","1","0.8154648767857287","0.3333333333333333","0.19444444444444445","0.7777777777777778"
"7x7-p72","7x7-seeded-random","seeded-random","3","0.75","36","0.7222222222222222","1","2","0.8257269367552226","0.4166666666666667","0.22222222222222227","0.8888888888888888"
"7x7-p72","7x7-seeded-random","seeded-random","3","0.9","44","0.6893939393939394","2","2","0.562839539433782","0.4166666666666667","0.3194444444444444","0.4444444444444444"
"7x7-p72","7x7-seeded-random","seeded-random","4","0.25","12","0.8055555555555556","1","0","0.775774794642881","0.25","0.19444444444444442","0.6666666666666666"
"7x7-p72","7x7-seeded-random","seeded-random","4","0.5","24","0.7083333333333334","1","0","0.7956198357143048","0.25","0.18055555555555555","0.6666666666666666"
"7x7-p72","7x7-seeded-random","seeded-random","4","0.75","36","0.6759259259259259","2","0","0.9533522741071694","0.25","0.1388888888888889","1"
"7x7-p72","7x7-seeded-random","seeded-random","4","0.9","44","0.6590909090909091","4","2","0.8154648767857287","0.3333333333333333","0.19444444444444445","0.7777777777777778"
"7x7-p72","7x7-seeded-random","seeded-random","5","0.25","12","0.7777777777777778","0","0","0.8481973151785931","0.25","0.16666666666666666","0.7777777777777778"
"7x7-p72","7x7-seeded-random","seeded-random","5","0.5","24","0.625","1","0","0.8154648767857289","0.3333333333333333","0.19444444444444448","0.7777777777777778"
"7x7-p72","7x7-seeded-random","seeded-random","5","0.75","36","0.5740740740740741","2","2","0.7956198357143051","0.3333333333333333","0.20833333333333334","0.7777777777777778"
"7x7-p72","7x7-seeded-random","seeded-random","5","0.9","44","0.5757575757575758","4","6","0.9533522741071694","0.25","0.1388888888888889","1"
"7x7-p72","7x7-seeded-random","seeded-random","6","0.25","12","0.6944444444444444","0","0","0.8481973151785931","0.25","0.16666666666666666","0.7777777777777778"
"7x7-p72","7x7-seeded-random","seeded-random","6","0.5","24","0.625","0","0","0.8481973151785929","0.25","0.16666666666666666","0.7777777777777778"
"7x7-p72","7x7-seeded-random","seeded-random","6","0.75","36","0.5370370370370371","1","1","0.7033522741071694","0.25","0.22222222222222224","0.5555555555555556"
"7x7-p72","7x7-seeded-random","seeded-random","6","0.9","44","0.5454545454545454","3","3","0.7430423562500168","0.3333333333333333","0.2222222222222222","0.6666666666666666"
"7x7-p72","7x7-seeded-random","seeded-random","7","0.25","12","0.8888888888888888","1","0","0.7430423562500168","0.3333333333333333","0.2222222222222222","0.6666666666666666"
"7x7-p72","7x7-seeded-random","seeded-random","7","0.5","24","0.7777777777777778","1","1","0.920619835714305","0.16666666666666666","0.1388888888888889","0.8888888888888888"
"7x7-p72","7x7-seeded-random","seeded-random","7","0.75","36","0.7129629629629629","5","3","0.8154648767857287","0.3333333333333333","0.19444444444444448","0.7777777777777778"
"7x7-p72","7x7-seeded-random","seeded-random","7","0.9","44","0.6515151515151515","7","3","0.7430423562500168","0.3333333333333333","0.22222222222222224","0.6666666666666666"
"7x7-p72","7x7-seeded-random","seeded-random","8","0.25","12","0.8611111111111112","0","0","0.8283522741071693","0.25","0.18055555555555558","0.7777777777777778"
"7x7-p72","7x7-seeded-random","seeded-random","8","0.5","24","0.7916666666666666","2","1","0.8481973151785931","0.25","0.16666666666666669","0.7777777777777778"
"7x7-p72","7x7-seeded-random","seeded-random","8","0.75","36","0.7685185185185185","5","1","0.670619835714305","0.5","0.3055555555555555","0.6666666666666666"
"7x7-p72","7x7-seeded-random","seeded-random","8","0.9","44","0.7196969696969697","6","2","0.8680423562500167","0.16666666666666666","0.1527777777777778","0.7777777777777778"
"7x7-p72","7x7-seeded-random","seeded-random","9","0.25","12","0.75","1","0","0.8154648767857289","0.3333333333333333","0.19444444444444445","0.7777777777777778"
"7x7-p72","7x7-seeded-random","seeded-random","9","0.5","24","0.6527777777777778","2","1","0.775774794642881","0.25","0.19444444444444448","0.6666666666666666"
"7x7-p72","7x7-seeded-random","seeded-random","9","0.75","36","0.6296296296296297","3","4","0.7731494572909345","0.4166666666666667","0.23611111111111113","0.7777777777777778"
"7x7-p72","7x7-seeded-random","seeded-random","9","0.9","44","0.6212121212121212","3","6","0.8481973151785931","0.25","0.16666666666666669","0.7777777777777778"
"7x7-p72","7x7-seeded-random","seeded-random","10","0.25","12","0.8888888888888888","0","0","0.9007747946428813","0.25","0.1527777777777778","0.8888888888888888"
"7x7-p72","7x7-seeded-random","seeded-random","10","0.5","24","0.7916666666666666","0","0","0.8283522741071695","0.25","0.18055555555555558","0.7777777777777778"
"7x7-p72","7x7-seeded-random","seeded-random","10","0.75","36","0.7314814814814815","3","1","0.9007747946428811","0.25","0.1527777777777778","0.8888888888888888"
"7x7-p72","7x7-seeded-random","seeded-random","10","0.9","44","0.6818181818181818","7","1","0.8481973151785931","0.25","0.16666666666666666","0.7777777777777778"
"7x7-p72","7x7-seeded-random","seeded-random","11","0.25","12","0.8333333333333334","0","0","0.8809297535714575","0.25","0.16666666666666669","0.8888888888888888"
"7x7-p72","7x7-seeded-random","seeded-random","11","0.5","24","0.75","0","0","0.7757747946428812","0.25","0.19444444444444448","0.6666666666666666"
"7x7-p72","7x7-seeded-random","seeded-random","11","0.75","36","0.6574074074074074","2","2","0.9731973151785932","0.16666666666666666","0.125","1"
"7x7-p72","7x7-seeded-random","seeded-random","11","0.9","44","0.6590909090909091","4","4","0.7956198357143048","0.25","0.18055555555555558","0.6666666666666666"
"7x7-p72","7x7-seeded-random","seeded-random","12","0.25","12","0.7777777777777778","0","0","0.7628873973214406","0.3333333333333333","0.20833333333333334","0.6666666666666666"
"7x7-p72","7x7-seeded-random","seeded-random","12","0.5","24","0.6527777777777778","1","1","0.8481973151785929","0.25","0.16666666666666666","0.7777777777777778"
"7x7-p72","7x7-seeded-random","seeded-random","12","0.75","36","0.6388888888888888","2","1","0.8481973151785929","0.25","0.16666666666666669","0.7777777777777778"
"7x7-p72","7x7-seeded-random","seeded-random","12","0.9","44","0.6363636363636364","3","3","0.7628873973214406","0.3333333333333333","0.20833333333333331","0.6666666666666666"
"7x7-p72","7x7-seeded-random","seeded-random","13","0.25","12","0.8055555555555556","1","0","0.7956198357143048","0.25","0.18055555555555555","0.6666666666666666"
"7x7-p72","7x7-seeded-random","seeded-random","13","0.5","24","0.75","3","0","0.8481973151785931","0.25","0.16666666666666666","0.7777777777777778"
"7x7-p72","7x7-seeded-random","seeded-random","13","0.75","36","0.6944444444444444","4","2","0.7956198357143048","0.25","0.18055555555555558","0.6666666666666666"
"7x7-p72","7x7-seeded-random","seeded-random","13","0.9","44","0.6439393939393939","5","4","0.8283522741071693","0.25","0.18055555555555555","0.7777777777777778"
"7x7-p72","7x7-seeded-random","seeded-random","14","0.25","12","0.7222222222222222","0","0","0.7033522741071693","0.25","0.2222222222222222","0.5555555555555556"
"7x7-p72","7x7-seeded-random","seeded-random","14","0.5","24","0.6666666666666666","0","1","0.8154648767857287","0.3333333333333333","0.19444444444444445","0.7777777777777778"
"7x7-p72","7x7-seeded-random","seeded-random","14","0.75","36","0.6203703703703703","1","1","0.8680423562500167","0.16666666666666666","0.15277777777777776","0.7777777777777778"
"7x7-p72","7x7-seeded-random","seeded-random","14","0.9","44","0.6060606060606061","2","2","0.8283522741071695","0.25","0.18055555555555558","0.7777777777777778"
"7x7-p72","7x7-seeded-random","seeded-random","15","0.25","12","0.6388888888888888","0","0","0.8680423562500167","0.16666666666666666","0.1527777777777778","0.7777777777777778"
"7x7-p72","7x7-seeded-random","seeded-random","15","0.5","24","0.6805555555555556","0","0","0.8154648767857287","0.3333333333333333","0.19444444444444448","0.7777777777777778"
"7x7-p72","7x7-seeded-random","seeded-random","15","0.75","36","0.6203703703703703","0","0","0.7757747946428812","0.25","0.19444444444444448","0.6666666666666666"
"7x7-p72","7x7-seeded-random","seeded-random","15","0.9","44","0.6439393939393939","2","1","0.8680423562500167","0.16666666666666666","0.1527777777777778","0.7777777777777778"
"7x7-p72","7x7-seeded-random","seeded-random","16","0.25","12","0.7777777777777778","1","1","0.7628873973214406","0.3333333333333333","0.20833333333333337","0.6666666666666666"
"7x7-p72","7x7-seeded-random","seeded-random","16","0.5","24","0.6388888888888888","1","2","0.8481973151785931","0.25","0.16666666666666669","0.7777777777777778"
"7x7-p72","7x7-seeded-random","seeded-random","16","0.75","36","0.6111111111111112","1","3","0.9533522741071696","0.25","0.1388888888888889","1"
"7x7-p72","7x7-seeded-random","seeded-random","16","0.9","44","0.5833333333333334","3","5","0.7430423562500168","0.3333333333333333","0.22222222222222224","0.6666666666666666"
"7x7-p72","7x7-seeded-random","seeded-random","17","0.25","12","0.7777777777777778","1","0","0.7430423562500168","0.3333333333333333","0.2222222222222222","0.6666666666666666"
"7x7-p72","7x7-seeded-random","seeded-random","17","0.5","24","0.7361111111111112","1","1","0.775774794642881","0.25","0.19444444444444445","0.6666666666666666"
"7x7-p72","7x7-seeded-random","seeded-random","17","0.75","36","0.6851851851851852","1","2","0.8283522741071693","0.25","0.18055555555555555","0.7777777777777778"
"7x7-p72","7x7-seeded-random","seeded-random","17","0.9","44","0.6439393939393939","3","3","0.8154648767857289","0.3333333333333333","0.19444444444444445","0.7777777777777778"
"7x7-p72","7x7-seeded-random","seeded-random","18","0.25","12","0.8055555555555556","0","0","0.920619835714305","0.16666666666666666","0.1388888888888889","0.8888888888888888"
"7x7-p72","7x7-seeded-random","seeded-random","18","0.5","24","0.6944444444444444","0","1","0.973197315178593","0.16666666666666666","0.125","1"
"7x7-p72","7x7-seeded-random","seeded-random","18","0.75","36","0.6388888888888888","2","3","0.8481973151785931","0.25","0.16666666666666669","0.7777777777777778"
"7x7-p72","7x7-seeded-random","seeded-random","18","0.9","44","0.6136363636363636","3","6","0.8680423562500167","0.16666666666666666","0.1527777777777778","0.7777777777777778"
"7x7-p72","7x7-seeded-random","seeded-random","19","0.25","12","0.7777777777777778","0","0","0.8154648767857287","0.3333333333333333","0.19444444444444445","0.7777777777777778"
"7x7-p72","7x7-seeded-random","seeded-random","19","0.5","24","0.7638888888888888","1","0","0.7757747946428812","0.25","0.19444444444444448","0.6666666666666666"
"7x7-p72","7x7-seeded-random","seeded-random","19","0.75","36","0.6759259259259259","4","0","0.8283522741071693","0.25","0.18055555555555555","0.7777777777777778"
"7x7-p72","7x7-seeded-random","seeded-random","19","0.9","44","0.6439393939393939","4","1","0.7757747946428812","0.25","0.19444444444444448","0.6666666666666666"
"7x7-p72","7x7-seeded-random","seeded-random","20","0.25","12","0.8333333333333334","0","0","0.7956198357143048","0.25","0.18055555555555555","0.6666666666666666"
"7x7-p72","7x7-seeded-random","seeded-random","20","0.5","24","0.75","3","1","0.920619835714305","0.16666666666666666","0.1388888888888889","0.8888888888888888"
"7x7-p72","7x7-seeded-random","seeded-random","20","0.75","36","0.7037037037037037","3","1","0.8481973151785929","0.25","0.16666666666666666","0.7777777777777778"
"7x7-p72","7x7-seeded-random","seeded-random","20","0.9","44","0.696969696969697","5","2","0.7103099178571525","0.3333333333333333","0.25","0.6666666666666666"
"7x7-p72","7x7-seeded-random","seeded-random","21","0.25","12","0.8055555555555556","0","0","0.8154648767857289","0.3333333333333333","0.19444444444444448","0.7777777777777778"
"7x7-p72","7x7-seeded-random","seeded-random","21","0.5","24","0.6944444444444444","2","0","0.8481973151785931","0.25","0.16666666666666666","0.7777777777777778"
"7x7-p72","7x7-seeded-random","seeded-random","21","0.75","36","0.6296296296296297","5","2","0.6904648767857285","0.3333333333333333","0.23611111111111113","0.5555555555555556"
"7x7-p72","7x7-seeded-random","seeded-random","21","0.9","44","0.5984848484848485","7","3","0.9007747946428811","0.25","0.1527777777777778","0.8888888888888888"
"7x7-p72","7x7-seeded-random","seeded-random","22","0.25","12","0.7777777777777778","0","0","0.920619835714305","0.16666666666666666","0.1388888888888889","0.8888888888888888"
"7x7-p72","7x7-seeded-random","seeded-random","22","0.5","24","0.75","1","0","0.9206198357143047","0.16666666666666666","0.13888888888888887","0.8888888888888888"
"7x7-p72","7x7-seeded-random","seeded-random","22","0.75","36","0.6666666666666666","3","3","0.7559297535714574","0.25","0.20833333333333334","0.6666666666666666"
"7x7-p72","7x7-seeded-random","seeded-random","22","0.9","44","0.6515151515151515","5","3","0.7757747946428812","0.25","0.19444444444444448","0.6666666666666666"
"7x7-p72","7x7-seeded-random","seeded-random","23","0.25","12","0.8055555555555556","0","0","0.7205719778266463","0.4166666666666667","0.25000000000000006","0.6666666666666666"
"7x7-p72","7x7-seeded-random","seeded-random","23","0.5","24","0.7361111111111112","0","0","0.8680423562500167","0.16666666666666666","0.15277777777777776","0.7777777777777778"
"7x7-p72","7x7-seeded-random","seeded-random","23","0.75","36","0.6666666666666666","0","0","0.9007747946428813","0.25","0.1527777777777778","0.8888888888888888"
"7x7-p72","7x7-seeded-random","seeded-random","23","0.9","44","0.6212121212121212","1","1","0.920619835714305","0.16666666666666666","0.1388888888888889","0.8888888888888888"
"7x7-p72","7x7-seeded-random","seeded-random","24","0.25","12","0.8055555555555556","0","0","0.7757747946428812","0.25","0.19444444444444445","0.6666666666666666"
"7x7-p72","7x7-seeded-random","seeded-random","24","0.5","24","0.7638888888888888","1","1","0.8680423562500167","0.16666666666666666","0.15277777777777776","0.7777777777777778"
"7x7-p72","7x7-seeded-random","seeded-random","24","0.75","36","0.6944444444444444","3","2","0.9007747946428811","0.25","0.1527777777777778","0.8888888888888888"
"7x7-p72","7x7-seeded-random","seeded-random","24","0.9","44","0.6893939393939394","5","3","0.8680423562500167","0.16666666666666666","0.15277777777777776","0.7777777777777778"
"7x7-p72","7x7-seeded-random","seeded-random","25","0.25","12","0.8055555555555556","1","0","0.8481973151785929","0.25","0.16666666666666666","0.7777777777777778"
"7x7-p72","7x7-seeded-random","seeded-random","25","0.5","24","0.6666666666666666","2","0","0.7956198357143048","0.25","0.18055555555555555","0.6666666666666666"
"7x7-p72","7x7-seeded-random","seeded-random","25","0.75","36","0.6388888888888888","2","4","0.8481973151785931","0.25","0.16666666666666669","0.7777777777777778"
"7x7-p72","7x7-seeded-random","seeded-random","25","0.9","44","0.6363636363636364","3","4","0.920619835714305","0.16666666666666666","0.1388888888888889","0.8888888888888888"
"7x7-p72","7x7-seeded-random","seeded-random","26","0.25","12","0.6388888888888888","0","0","0.775774794642881","0.25","0.19444444444444445","0.6666666666666666"
"7x7-p72","7x7-seeded-random","seeded-random","26","0.5","24","0.6527777777777778","0","0","0.9007747946428813","0.25","0.1527777777777778","0.8888888888888888"
"7x7-p72","7x7-seeded-random","seeded-random","26","0.75","36","0.6388888888888888","2","3","0.7956198357143051","0.3333333333333333","0.20833333333333334","0.7777777777777778"
"7x7-p72","7x7-seeded-random","seeded-random","26","0.9","44","0.6666666666666666","4","4","0.8154648767857287","0.3333333333333333","0.19444444444444445","0.7777777777777778"
"7x7-p72","7x7-seeded-random","seeded-random","27","0.25","12","0.75","0","0","0.7757747946428812","0.25","0.19444444444444445","0.6666666666666666"
"7x7-p72","7x7-seeded-random","seeded-random","27","0.5","24","0.7222222222222222","0","0","0.8481973151785931","0.25","0.16666666666666669","0.7777777777777778"
"7x7-p72","7x7-seeded-random","seeded-random","27","0.75","36","0.6759259259259259","3","2","0.7757747946428812","0.25","0.19444444444444445","0.6666666666666666"
"7x7-p72","7x7-seeded-random","seeded-random","27","0.9","44","0.6287878787878788","5","4","0.8283522741071695","0.25","0.18055555555555555","0.7777777777777778"
"7x7-p72","7x7-seeded-random","seeded-random","28","0.25","12","0.75","0","0","0.670619835714305","0.5","0.30555555555555547","0.6666666666666666"
"7x7-p72","7x7-seeded-random","seeded-random","28","0.5","24","0.75","3","0","0.8283522741071693","0.25","0.18055555555555558","0.7777777777777778"
"7x7-p72","7x7-seeded-random","seeded-random","28","0.75","36","0.6851851851851852","3","0","0.920619835714305","0.16666666666666666","0.1388888888888889","0.8888888888888888"
"7x7-p72","7x7-seeded-random","seeded-random","28","0.9","44","0.6666666666666666","4","1","0.9007747946428811","0.25","0.15277777777777776","0.8888888888888888"
"7x7-p72","7x7-seeded-random","seeded-random","29","0.25","12","0.8055555555555556","0","0","0.8481973151785931","0.25","0.16666666666666669","0.7777777777777778"
"7x7-p72","7x7-seeded-random","seeded-random","29","0.5","24","0.7361111111111112","0","0","0.8154648767857287","0.3333333333333333","0.19444444444444442","0.7777777777777778"
"7x7-p72","7x7-seeded-random","seeded-random","29","0.75","36","0.6851851851851852","3","0","0.7033522741071694","0.25","0.22222222222222224","0.5555555555555556"
"7x7-p72","7x7-seeded-random","seeded-random","29","0.9","44","0.6363636363636364","4","0","0.8481973151785931","0.25","0.16666666666666669","0.7777777777777778"
"7x7-p72","7x7-seeded-random","seeded-random","30","0.25","12","0.8333333333333334","0","0","0.8481973151785931","0.25","0.16666666666666666","0.7777777777777778"
"7x7-p72","7x7-seeded-random","seeded-random","30","0.5","24","0.7083333333333334","0","0","0.920619835714305","0.16666666666666666","0.1388888888888889","0.8888888888888888"
"7x7-p72","7x7-seeded-random","seeded-random","30","0.75","36","0.6388888888888888","1","0","0.8481973151785931","0.25","0.16666666666666666","0.7777777777777778"
"7x7-p72","7x7-seeded-random","seeded-random","30","0.9","44","0.6287878787878788","3","1","0.670619835714305","0.3333333333333333","0.25","0.5555555555555556"
"7x7-p72","7x7-seeded-random","seeded-random","31","0.25","12","0.8611111111111112","0","0","0.8680423562500167","0.16666666666666666","0.1527777777777778","0.7777777777777778"
"7x7-p72","7x7-seeded-random","seeded-random","31","0.5","24","0.7222222222222222","2","0","0.7757747946428812","0.25","0.19444444444444448","0.6666666666666666"
"7x7-p72","7x7-seeded-random","seeded-random","31","0.75","36","0.6574074074074074","2","1","0.7628873973214406","0.3333333333333333","0.20833333333333334","0.6666666666666666"
"7x7-p72","7x7-seeded-random","seeded-random","31","0.9","44","0.6363636363636364","2","2","0.920619835714305","0.16666666666666666","0.1388888888888889","0.8888888888888888"
"7x7-p72","7x7-seeded-random","seeded-random","32","0.25","12","0.8888888888888888","0","0","0.7430423562500168","0.3333333333333333","0.22222222222222224","0.6666666666666666"
"7x7-p72","7x7-seeded-random","seeded-random","32","0.5","24","0.7638888888888888","1","0","0.6904648767857287","0.3333333333333333","0.2361111111111111","0.5555555555555556"
"7x7-p72","7x7-seeded-random","seeded-random","32","0.75","36","0.7407407407407407","3","0","0.8481973151785929","0.25","0.16666666666666666","0.7777777777777778"
"7x7-p72","7x7-seeded-random","seeded-random","32","0.9","44","0.6893939393939394","7","1","0.723197315178593","0.25","0.20833333333333331","0.5555555555555556"
"7x7-p72","7x7-seeded-random","seeded-random","33","0.25","12","0.7222222222222222","0","0","0.7757747946428812","0.25","0.19444444444444445","0.6666666666666666"
"7x7-p72","7x7-seeded-random","seeded-random","33","0.5","24","0.6944444444444444","1","1","0.8283522741071695","0.25","0.18055555555555558","0.7777777777777778"
"7x7-p72","7x7-seeded-random","seeded-random","33","0.75","36","0.7129629629629629","4","2","0.9007747946428811","0.25","0.1527777777777778","0.8888888888888888"
"7x7-p72","7x7-seeded-random","seeded-random","33","0.9","44","0.7045454545454546","5","2","0.9007747946428811","0.25","0.1527777777777778","0.8888888888888888"
"7x7-p72","7x7-seeded-random","seeded-random","34","0.25","12","0.7777777777777778","0","0","0.6904648767857287","0.3333333333333333","0.2361111111111111","0.5555555555555556"
"7x7-p72","7x7-seeded-random","seeded-random","34","0.5","24","0.75","0","0","0.7430423562500169","0.3333333333333333","0.22222222222222224","0.6666666666666666"
"7x7-p72","7x7-seeded-random","seeded-random","34","0.75","36","0.6851851851851852","2","1","0.7757747946428812","0.25","0.19444444444444445","0.6666666666666666"
"7x7-p72","7x7-seeded-random","seeded-random","34","0.9","44","0.6590909090909091","3","3","0.670619835714305","0.3333333333333333","0.25","0.5555555555555556"
"7x7-p72","7x7-seeded-random","seeded-random","35","0.25","12","0.8055555555555556","0","0","0.8283522741071693","0.25","0.18055555555555558","0.7777777777777778"
"7x7-p72","7x7-seeded-random","seeded-random","35","0.5","24","0.7638888888888888","2","0","0.7757747946428812","0.25","0.19444444444444448","0.6666666666666666"
"7x7-p72","7x7-seeded-random","seeded-random","35","0.75","36","0.6574074074074074","3","3","0.7757747946428812","0.25","0.19444444444444445","0.6666666666666666"
"7x7-p72","7x7-seeded-random","seeded-random","35","0.9","44","0.6060606060606061","3","4","0.8481973151785931","0.25","0.16666666666666669","0.7777777777777778"
"7x7-p72","7x7-seeded-random","seeded-random","36","0.25","12","0.7777777777777778","0","1","0.775774794642881","0.25","0.19444444444444445","0.6666666666666666"
"7x7-p72","7x7-seeded-random","seeded-random","36","0.5","24","0.7638888888888888","0","1","0.8283522741071693","0.25","0.18055555555555558","0.7777777777777778"
"7x7-p72","7x7-seeded-random","seeded-random","36","0.75","36","0.6759259259259259","1","2","0.973197315178593","0.16666666666666666","0.125","1"
"7x7-p72","7x7-seeded-random","seeded-random","36","0.9","44","0.6287878787878788","1","3","0.8481973151785931","0.25","0.16666666666666669","0.7777777777777778"
"7x7-p72","7x7-seeded-random","seeded-random","37","0.25","12","0.8333333333333334","2","0","0.6180423562500168","0.5","0.3194444444444444","0.5555555555555556"
"7x7-p72","7x7-seeded-random","seeded-random","37","0.5","24","0.7777777777777778","3","0","0.7103099178571525","0.3333333333333333","0.25","0.6666666666666666"
"7x7-p72","7x7-seeded-random","seeded-random","37","0.75","36","0.6944444444444444","4","2","0.9007747946428811","0.25","0.1527777777777778","0.8888888888888888"
"7x7-p72","7x7-seeded-random","seeded-random","37","0.9","44","0.6742424242424242","7","2","0.670619835714305","0.5","0.30555555555555547","0.6666666666666666"
"7x7-p72","7x7-seeded-random","seeded-random","38","0.25","12","0.7777777777777778","1","0","0.7628873973214406","0.3333333333333333","0.20833333333333331","0.6666666666666666"
"7x7-p72","7x7-seeded-random","seeded-random","38","0.5","24","0.6111111111111112","1","1","0.8680423562500169","0.3333333333333333","0.18055555555555555","0.8888888888888888"
"7x7-p72","7x7-seeded-random","seeded-random","38","0.75","36","0.6296296296296297","3","2","0.7757747946428812","0.25","0.19444444444444445","0.6666666666666666"
"7x7-p72","7x7-seeded-random","seeded-random","38","0.9","44","0.5757575757575758","3","5","0.6577324383928642","0.3333333333333333","0.26388888888888884","0.5555555555555556"
"7x7-p72","7x7-seeded-random","seeded-random","39","0.25","12","0.8333333333333334","0","0","0.8481973151785931","0.25","0.16666666666666666","0.7777777777777778"
"7x7-p72","7x7-seeded-random","seeded-random","39","0.5","24","0.75","0","0","0.9007747946428813","0.25","0.1527777777777778","0.8888888888888888"
"7x7-p72","7x7-seeded-random","seeded-random","39","0.75","36","0.6296296296296297","1","2","0.8154648767857287","0.3333333333333333","0.19444444444444442","0.7777777777777778"
"7x7-p72","7x7-seeded-random","seeded-random","39","0.9","44","0.5909090909090909","3","2","0.8481973151785931","0.25","0.16666666666666666","0.7777777777777778"
"7x7-p72","7x7-seeded-random","seeded-random","40","0.25","12","0.7222222222222222","1","0","0.7757747946428812","0.25","0.19444444444444445","0.6666666666666666"
"7x7-p72","7x7-seeded-random","seeded-random","40","0.5","24","0.6666666666666666","3","1","0.7956198357143051","0.3333333333333333","0.20833333333333334","0.7777777777777778"
"7x7-p72","7x7-seeded-random","seeded-random","40","0.75","36","0.6296296296296297","3","4","0.775774794642881","0.25","0.19444444444444445","0.6666666666666666"
"7x7-p72","7x7-seeded-random","seeded-random","40","0.9","44","0.6136363636363636","3","5","0.7956198357143051","0.3333333333333333","0.20833333333333334","0.7777777777777778"
"7x7-p72","7x7-seeded-random","seeded-random","41","0.25","12","0.8333333333333334","0","0","0.8481973151785929","0.25","0.16666666666666669","0.7777777777777778"
"7x7-p72","7x7-seeded-random","seeded-random","41","0.5","24","0.7777777777777778","1","1","0.8154648767857289","0.3333333333333333","0.19444444444444445","0.7777777777777778"
"7x7-p72","7x7-seeded-random","seeded-random","41","0.75","36","0.7129629629629629","2","2","0.8680423562500169","0.3333333333333333","0.18055555555555555","0.8888888888888888"
"7x7-p72","7x7-seeded-random","seeded-random","41","0.9","44","0.6893939393939394","4","3","0.7103099178571525","0.3333333333333333","0.25","0.6666666666666666"
"7x7-p72","7x7-seeded-random","seeded-random","42","0.25","12","0.8888888888888888","0","0","0.7956198357143047","0.25","0.18055555555555558","0.6666666666666666"
"7x7-p72","7x7-seeded-random","seeded-random","42","0.5","24","0.75","0","0","0.8680423562500167","0.16666666666666666","0.1527777777777778","0.7777777777777778"
"7x7-p72","7x7-seeded-random","seeded-random","42","0.75","36","0.7222222222222222","5","0","0.9007747946428811","0.25","0.1527777777777778","0.8888888888888888"
"7x7-p72","7x7-seeded-random","seeded-random","42","0.9","44","0.696969696969697","6","0","0.8481973151785931","0.25","0.16666666666666666","0.7777777777777778"
"7x7-p72","7x7-seeded-random","seeded-random","43","0.25","12","0.8611111111111112","0","0","0.8481973151785931","0.25","0.16666666666666669","0.7777777777777778"
"7x7-p72","7x7-seeded-random","seeded-random","43","0.5","24","0.7638888888888888","1","0","0.7956198357143048","0.25","0.18055555555555552","0.6666666666666666"
"7x7-p72","7x7-seeded-random","seeded-random","43","0.75","36","0.7129629629629629","4","1","0.920619835714305","0.16666666666666666","0.1388888888888889","0.8888888888888888"
"7x7-p72","7x7-seeded-random","seeded-random","43","0.9","44","0.6742424242424242","4","2","0.7430423562500168","0.3333333333333333","0.22222222222222224","0.6666666666666666"
"7x7-p72","7x7-seeded-random","seeded-random","44","0.25","12","0.5833333333333334","0","0","0.8283522741071693","0.25","0.18055555555555558","0.7777777777777778"
"7x7-p72","7x7-seeded-random","seeded-random","44","0.5","24","0.5694444444444444","1","2","0.7956198357143048","0.25","0.18055555555555555","0.6666666666666666"
"7x7-p72","7x7-seeded-random","seeded-random","44","0.75","36","0.5462962962962963","1","3","0.598197315178593","0.5","0.33333333333333326","0.5555555555555556"
"7x7-p72","7x7-seeded-random","seeded-random","44","0.9","44","0.5454545454545454","3","4","0.8481973151785929","0.25","0.16666666666666669","0.7777777777777778"
"7x7-p72","7x7-seeded-random","seeded-random","45","0.25","12","0.7777777777777778","0","0","0.598197315178593","0.5","0.33333333333333326","0.5555555555555556"
"7x7-p72","7x7-seeded-random","seeded-random","45","0.5","24","0.7777777777777778","2","0","0.8481973151785931","0.25","0.16666666666666666","0.7777777777777778"
"7x7-p72","7x7-seeded-random","seeded-random","45","0.75","36","0.7129629629629629","3","1","0.9007747946428811","0.25","0.1527777777777778","0.8888888888888888"
"7x7-p72","7x7-seeded-random","seeded-random","45","0.9","44","0.7045454545454546","4","2","0.8481973151785929","0.25","0.16666666666666669","0.7777777777777778"
"7x7-p72","7x7-seeded-random","seeded-random","46","0.25","12","0.7222222222222222","0","0","0.7757747946428812","0.25","0.19444444444444448","0.6666666666666666"
"7x7-p72","7x7-seeded-random","seeded-random","46","0.5","24","0.6805555555555556","0","1","0.8154648767857289","0.3333333333333333","0.19444444444444448","0.7777777777777778"
"7x7-p72","7x7-seeded-random","seeded-random","46","0.75","36","0.6296296296296297","0","2","0.8481973151785931","0.25","0.16666666666666666","0.7777777777777778"
"7x7-p72","7x7-seeded-random","seeded-random","46","0.9","44","0.5984848484848485","2","2","0.6904648767857287","0.3333333333333333","0.23611111111111113","0.5555555555555556"
"7x7-p72","7x7-seeded-random","seeded-random","47","0.25","12","0.8611111111111112","0","0","0.8809297535714575","0.25","0.16666666666666669","0.8888888888888888"
"7x7-p72","7x7-seeded-random","seeded-random","47","0.5","24","0.6111111111111112","0","1","0.775774794642881","0.25","0.19444444444444445","0.6666666666666666"
"7x7-p72","7x7-seeded-random","seeded-random","47","0.75","36","0.6296296296296297","1","1","0.9007747946428811","0.25","0.1527777777777778","0.8888888888888888"
"7x7-p72","7x7-seeded-random","seeded-random","47","0.9","44","0.6060606060606061","2","2","0.8283522741071693","0.25","0.18055555555555558","0.7777777777777778"
"7x7-p72","7x7-seeded-random","seeded-random","48","0.25","12","0.75","0","0","0.8680423562500169","0.3333333333333333","0.18055555555555558","0.8888888888888888"
"7x7-p72","7x7-seeded-random","seeded-random","48","0.5","24","0.6666666666666666","0","0","0.7205719778266463","0.4166666666666667","0.25","0.6666666666666666"
"7x7-p72","7x7-seeded-random","seeded-random","48","0.75","36","0.6111111111111112","0","1","0.9206198357143047","0.16666666666666666","0.1388888888888889","0.8888888888888888"
"7x7-p72","7x7-seeded-random","seeded-random","48","0.9","44","0.5833333333333334","0","4","0.7956198357143051","0.3333333333333333","0.20833333333333334","0.7777777777777778"
"7x7-p72","7x7-seeded-random","seeded-random","49","0.25","12","0.8611111111111112","0","0","0.6481494572909344","0.4166666666666667","0.2777777777777778","0.5555555555555556"
"7x7-p72","7x7-seeded-random","seeded-random","49","0.5","24","0.7361111111111112","0","1","0.8481973151785931","0.25","0.16666666666666666","0.7777777777777778"
"7x7-p72","7x7-seeded-random","seeded-random","49","0.75","36","0.7037037037037037","1","2","0.8680423562500167","0.16666666666666666","0.1527777777777778","0.7777777777777778"
"7x7-p72","7x7-seeded-random","seeded-random","49","0.9","44","0.6666666666666666","1","2","0.8283522741071693","0.25","0.18055555555555555","0.7777777777777778"
"7x7-p72","7x7-seeded-random","seeded-random","50","0.25","12","0.8611111111111112","0","0","0.7757747946428812","0.25","0.19444444444444448","0.6666666666666666"
"7x7-p72","7x7-seeded-random","seeded-random","50","0.5","24","0.6944444444444444","1","0","0.7757747946428812","0.25","0.19444444444444448","0.6666666666666666"
"7x7-p72","7x7-seeded-random","seeded-random","50","0.75","36","0.6851851851851852","5","0","0.8481973151785931","0.25","0.16666666666666669","0.7777777777777778"
"7x7-p72","7x7-seeded-random","seeded-random","50","0.9","44","0.6742424242424242","6","1","0.7559297535714574","0.25","0.20833333333333334","0.6666666666666666"
"7x7-p72","7x7-seeded-random","seeded-random","51","0.25","12","0.8055555555555556","1","0","0.7430423562500168","0.3333333333333333","0.22222222222222224","0.6666666666666666"
"7x7-p72","7x7-seeded-random","seeded-random","51","0.5","24","0.75","1","1","0.7757747946428812","0.25","0.19444444444444445","0.6666666666666666"
"7x7-p72","7x7-seeded-random","seeded-random","51","0.75","36","0.6759259259259259","3","3","0.8154648767857287","0.3333333333333333","0.19444444444444442","0.7777777777777778"
"7x7-p72","7x7-seeded-random","seeded-random","51","0.9","44","0.6893939393939394","4","3","0.775774794642881","0.25","0.19444444444444448","0.6666666666666666"
"7x7-p72","7x7-seeded-random","seeded-random","52","0.25","12","0.6944444444444444","0","0","0.920619835714305","0.16666666666666666","0.1388888888888889","0.8888888888888888"
"7x7-p72","7x7-seeded-random","seeded-random","52","0.5","24","0.6805555555555556","0","1","0.9007747946428811","0.25","0.1527777777777778","0.8888888888888888"
"7x7-p72","7x7-seeded-random","seeded-random","52","0.75","36","0.6481481481481481","1","3","0.9007747946428813","0.25","0.1527777777777778","0.8888888888888888"
"7x7-p72","7x7-seeded-random","seeded-random","52","0.9","44","0.6287878787878788","2","4","0.8481973151785929","0.25","0.16666666666666669","0.7777777777777778"
"7x7-p72","7x7-seeded-random","seeded-random","53","0.25","12","0.7222222222222222","0","0","0.848197315178593","0.25","0.16666666666666666","0.7777777777777778"
"7x7-p72","7x7-seeded-random","seeded-random","53","0.5","24","0.6388888888888888","0","0","0.8283522741071693","0.25","0.18055555555555555","0.7777777777777778"
"7x7-p72","7x7-seeded-random","seeded-random","53","0.75","36","0.6388888888888888","2","1","0.6904648767857285","0.3333333333333333","0.2361111111111111","0.5555555555555556"
"7x7-p72","7x7-seeded-random","seeded-random","53","0.9","44","0.6363636363636364","4","1","0.6180423562500168","0.3333333333333333","0.2638888888888889","0.4444444444444444"
"7x7-p72","7x7-seeded-random","seeded-random","54","0.25","12","0.8611111111111112","0","0","0.8154648767857287","0.3333333333333333","0.19444444444444442","0.7777777777777778"
"7x7-p72","7x7-seeded-random","seeded-random","54","0.5","24","0.7222222222222222","1","0","0.8283522741071693","0.25","0.18055555555555555","0.7777777777777778"
"7x7-p72","7x7-seeded-random","seeded-random","54","0.75","36","0.6759259259259259","1","1","0.8154648767857287","0.3333333333333333","0.19444444444444442","0.7777777777777778"
"7x7-p72","7x7-seeded-random","seeded-random","54","0.9","44","0.6666666666666666","5","2","0.6904648767857287","0.3333333333333333","0.23611111111111113","0.5555555555555556"
"7x7-p72","7x7-seeded-random","seeded-random","55","0.25","12","0.8611111111111112","0","0","0.8481973151785931","0.25","0.16666666666666666","0.7777777777777778"
"7x7-p72","7x7-seeded-random","seeded-random","55","0.5","24","0.8055555555555556","0","0","0.7430423562500168","0.3333333333333333","0.2222222222222222","0.6666666666666666"
"7x7-p72","7x7-seeded-random","seeded-random","55","0.75","36","0.7407407407407407","0","1","0.8481973151785931","0.25","0.16666666666666669","0.7777777777777778"
"7x7-p72","7x7-seeded-random","seeded-random","55","0.9","44","0.7348484848484849","1","2","0.8481973151785929","0.25","0.16666666666666666","0.7777777777777778"
"7x7-p72","7x7-seeded-random","seeded-random","56","0.25","12","0.8055555555555556","0","0","0.6180423562500167","0.5","0.3194444444444444","0.5555555555555556"
"7x7-p72","7x7-seeded-random","seeded-random","56","0.5","24","0.7083333333333334","0","0","0.8481973151785929","0.25","0.16666666666666669","0.7777777777777778"
"7x7-p72","7x7-seeded-random","seeded-random","56","0.75","36","0.6944444444444444","3","1","0.9007747946428811","0.25","0.1527777777777778","0.8888888888888888"
"7x7-p72","7x7-seeded-random","seeded-random","56","0.9","44","0.6515151515151515","3","2","0.8481973151785929","0.25","0.16666666666666666","0.7777777777777778"
"7x7-p72","7x7-seeded-random","seeded-random","57","0.25","12","0.75","0","0","0.7757747946428812","0.25","0.19444444444444445","0.6666666666666666"
"7x7-p72","7x7-seeded-random","seeded-random","57","0.5","24","0.7361111111111112","2","0","0.920619835714305","0.16666666666666666","0.1388888888888889","0.8888888888888888"
"7x7-p72","7x7-seeded-random","seeded-random","57","0.75","36","0.7129629629629629","3","2","0.7956198357143048","0.25","0.18055555555555555","0.6666666666666666"
"7x7-p72","7x7-seeded-random","seeded-random","57","0.9","44","0.6742424242424242","5","5","0.8481973151785929","0.25","0.16666666666666669","0.7777777777777778"
"7x7-p72","7x7-seeded-random","seeded-random","58","0.25","12","0.7777777777777778","1","0","0.7757747946428812","0.25","0.19444444444444445","0.6666666666666666"
"7x7-p72","7x7-seeded-random","seeded-random","58","0.5","24","0.6527777777777778","1","0","0.9007747946428811","0.25","0.1527777777777778","0.8888888888888888"
"7x7-p72","7x7-seeded-random","seeded-random","58","0.75","36","0.6296296296296297","1","1","0.7628873973214406","0.3333333333333333","0.20833333333333334","0.6666666666666666"
"7x7-p72","7x7-seeded-random","seeded-random","58","0.9","44","0.5984848484848485","3","4","0.8680423562500167","0.16666666666666666","0.15277777777777776","0.7777777777777778"
"7x7-p72","7x7-seeded-random","seeded-random","59","0.25","12","0.8055555555555556","0","0","0.9206198357143047","0.16666666666666666","0.1388888888888889","0.8888888888888888"
"7x7-p72","7x7-seeded-random","seeded-random","59","0.5","24","0.6527777777777778","0","0","0.670619835714305","0.3333333333333333","0.25","0.5555555555555556"
"7x7-p72","7x7-seeded-random","seeded-random","59","0.75","36","0.5833333333333334","1","3","0.920619835714305","0.16666666666666666","0.1388888888888889","0.8888888888888888"
"7x7-p72","7x7-seeded-random","seeded-random","59","0.9","44","0.6136363636363636","3","4","0.9007747946428813","0.25","0.1527777777777778","0.8888888888888888"
"7x7-p72","7x7-seeded-random","seeded-random","60","0.25","12","0.8055555555555556","0","0","0.8481973151785929","0.25","0.16666666666666666","0.7777777777777778"
"7x7-p72","7x7-seeded-random","seeded-random","60","0.5","24","0.7222222222222222","1","0","0.8680423562500167","0.16666666666666666","0.1527777777777778","0.7777777777777778"
"7x7-p72","7x7-seeded-random","seeded-random","60","0.75","36","0.6759259259259259","3","0","0.8283522741071693","0.25","0.18055555555555558","0.7777777777777778"
"7x7-p72","7x7-seeded-random","seeded-random","60","0.9","44","0.6515151515151515","3","1","0.8481973151785931","0.25","0.16666666666666669","0.7777777777777778"
"7x7-p72","7x7-seeded-random","seeded-random","61","0.25","12","0.75","0","0","0.7757747946428812","0.25","0.19444444444444445","0.6666666666666666"
"7x7-p72","7x7-seeded-random","seeded-random","61","0.5","24","0.625","1","0","0.7731494572909345","0.4166666666666667","0.23611111111111113","0.7777777777777778"
"7x7-p72","7x7-seeded-random","seeded-random","61","0.75","36","0.6296296296296297","2","0","0.8154648767857287","0.3333333333333333","0.19444444444444442","0.7777777777777778"
"7x7-p72","7x7-seeded-random","seeded-random","61","0.9","44","0.5909090909090909","3","3","0.8154648767857289","0.3333333333333333","0.19444444444444445","0.7777777777777778"
"7x7-p72","7x7-seeded-random","seeded-random","62","0.25","12","0.6666666666666666","0","0","0.9007747946428811","0.25","0.1527777777777778","0.8888888888888888"
"7x7-p72","7x7-seeded-random","seeded-random","62","0.5","24","0.6666666666666666","1","0","0.920619835714305","0.16666666666666666","0.1388888888888889","0.8888888888888888"
"7x7-p72","7x7-seeded-random","seeded-random","62","0.75","36","0.6666666666666666","1","2","0.7757747946428812","0.25","0.19444444444444448","0.6666666666666666"
"7x7-p72","7x7-seeded-random","seeded-random","62","0.9","44","0.5984848484848485","2","3","0.8809297535714575","0.25","0.16666666666666669","0.8888888888888888"
"7x7-p72","7x7-seeded-random","seeded-random","63","0.25","12","0.8333333333333334","0","0","0.7757747946428812","0.25","0.19444444444444445","0.6666666666666666"
"7x7-p72","7x7-seeded-random","seeded-random","63","0.5","24","0.6666666666666666","1","1","0.7956198357143051","0.3333333333333333","0.20833333333333334","0.7777777777777778"
"7x7-p72","7x7-seeded-random","seeded-random","63","0.75","36","0.6481481481481481","1","2","0.9007747946428811","0.25","0.1527777777777778","0.8888888888888888"
"7x7-p72","7x7-seeded-random","seeded-random","63","0.9","44","0.6363636363636364","4","2","0.8481973151785931","0.25","0.16666666666666666","0.7777777777777778"
"7x7-p72","7x7-seeded-random","seeded-random","64","0.25","12","0.7777777777777778","1","0","0.6904648767857287","0.3333333333333333","0.2361111111111111","0.5555555555555556"
"7x7-p72","7x7-seeded-random","seeded-random","64","0.5","24","0.7222222222222222","1","0","0.8283522741071695","0.25","0.18055555555555558","0.7777777777777778"
"7x7-p72","7x7-seeded-random","seeded-random","64","0.75","36","0.7037037037037037","3","2","0.8283522741071693","0.25","0.18055555555555558","0.7777777777777778"
"7x7-p72","7x7-seeded-random","seeded-random","64","0.9","44","0.6515151515151515","3","2","0.8154648767857287","0.3333333333333333","0.19444444444444445","0.7777777777777778"
"7x7-p72","7x7-seeded-random","seeded-random","65","0.25","12","0.7777777777777778","0","0","0.7956198357143051","0.3333333333333333","0.20833333333333334","0.7777777777777778"
"7x7-p72","7x7-seeded-random","seeded-random","65","0.5","24","0.6388888888888888","1","0","0.7956198357143048","0.25","0.18055555555555552","0.6666666666666666"
"7x7-p72","7x7-seeded-random","seeded-random","65","0.75","36","0.6296296296296297","4","1","0.775774794642881","0.25","0.19444444444444445","0.6666666666666666"
"7x7-p72","7x7-seeded-random","seeded-random","65","0.9","44","0.6287878787878788","6","2","0.8154648767857287","0.3333333333333333","0.19444444444444448","0.7777777777777778"
"7x7-p72","7x7-seeded-random","seeded-random","66","0.25","12","0.75","0","0","0.8154648767857289","0.3333333333333333","0.19444444444444448","0.7777777777777778"
"7x7-p72","7x7-seeded-random","seeded-random","66","0.5","24","0.7083333333333334","2","1","0.7628873973214406","0.3333333333333333","0.20833333333333334","0.6666666666666666"
"7x7-p72","7x7-seeded-random","seeded-random","66","0.75","36","0.7037037037037037","4","1","0.7628873973214406","0.3333333333333333","0.20833333333333334","0.6666666666666666"
"7x7-p72","7x7-seeded-random","seeded-random","66","0.9","44","0.6666666666666666","7","3","0.8481973151785931","0.25","0.16666666666666666","0.7777777777777778"
"7x7-p72","7x7-seeded-random","seeded-random","67","0.25","12","0.8055555555555556","0","0","0.8481973151785931","0.25","0.16666666666666666","0.7777777777777778"
"7x7-p72","7x7-seeded-random","seeded-random","67","0.5","24","0.7083333333333334","2","0","0.8481973151785931","0.25","0.16666666666666666","0.7777777777777778"
"7x7-p72","7x7-seeded-random","seeded-random","67","0.75","36","0.6666666666666666","4","3","0.8481973151785931","0.25","0.16666666666666669","0.7777777777777778"
"7x7-p72","7x7-seeded-random","seeded-random","67","0.9","44","0.6060606060606061","4","5","0.973197315178593","0.16666666666666666","0.125","1"
"7x7-p72","7x7-seeded-random","seeded-random","68","0.25","12","0.9166666666666666","0","0","0.9007747946428813","0.25","0.1527777777777778","0.8888888888888888"
"7x7-p72","7x7-seeded-random","seeded-random","68","0.5","24","0.75","2","0","0.9007747946428813","0.25","0.1527777777777778","0.8888888888888888"
"7x7-p72","7x7-seeded-random","seeded-random","68","0.75","36","0.7222222222222222","5","0","0.8481973151785931","0.25","0.16666666666666669","0.7777777777777778"
"7x7-p72","7x7-seeded-random","seeded-random","68","0.9","44","0.6893939393939394","7","3","0.8481973151785931","0.25","0.16666666666666666","0.7777777777777778"
"7x7-p72","7x7-seeded-random","seeded-random","69","0.25","12","0.8611111111111112","0","0","0.5456198357143048","0.5","0.3472222222222222","0.4444444444444444"
"7x7-p72","7x7-seeded-random","seeded-random","69","0.5","24","0.7638888888888888","3","0","0.7103099178571525","0.3333333333333333","0.25","0.6666666666666666"
"7x7-p72","7x7-seeded-random","seeded-random","69","0.75","36","0.6018518518518519","4","2","0.7430423562500169","0.3333333333333333","0.22222222222222224","0.6666666666666666"
"7x7-p72","7x7-seeded-random","seeded-random","69","0.9","44","0.5984848484848485","6","3","0.8809297535714575","0.25","0.16666666666666669","0.8888888888888888"
"7x7-p72","7x7-seeded-random","seeded-random","70","0.25","12","0.7222222222222222","0","0","0.8154648767857287","0.3333333333333333","0.19444444444444442","0.7777777777777778"
"7x7-p72","7x7-seeded-random","seeded-random","70","0.5","24","0.6666666666666666","0","0","0.7956198357143048","0.25","0.18055555555555558","0.6666666666666666"
"7x7-p72","7x7-seeded-random","seeded-random","70","0.75","36","0.6296296296296297","0","1","0.7430423562500168","0.3333333333333333","0.2222222222222222","0.6666666666666666"
"7x7-p72","7x7-seeded-random","seeded-random","70","0.9","44","0.6363636363636364","2","3","0.8481973151785931","0.25","0.16666666666666669","0.7777777777777778"
"7x7-p72","7x7-seeded-random","seeded-random","71","0.25","12","0.8611111111111112","0","0","0.7628873973214406","0.3333333333333333","0.20833333333333331","0.6666666666666666"
"7x7-p72","7x7-seeded-random","seeded-random","71","0.5","24","0.6944444444444444","3","1","0.6679944983623582","0.4166666666666667","0.2638888888888889","0.5555555555555556"
"7x7-p72","7x7-seeded-random","seeded-random","71","0.75","36","0.6666666666666666","4","2","0.8481973151785931","0.25","0.16666666666666666","0.7777777777777778"
"7x7-p72","7x7-seeded-random","seeded-random","71","0.9","44","0.6590909090909091","4","2","0.9007747946428813","0.25","0.1527777777777778","0.8888888888888888"
"7x7-p72","7x7-seeded-random","seeded-random","72","0.25","12","0.8055555555555556","0","0","0.7430423562500168","0.3333333333333333","0.2222222222222222","0.6666666666666666"
"7x7-p72","7x7-seeded-random","seeded-random","72","0.5","24","0.6944444444444444","1","0","0.9533522741071694","0.25","0.1388888888888889","1"
"7x7-p72","7x7-seeded-random","seeded-random","72","0.75","36","0.6759259259259259","3","2","0.8283522741071693","0.25","0.18055555555555555","0.7777777777777778"
"7x7-p72","7x7-seeded-random","seeded-random","72","0.9","44","0.6439393939393939","4","3","0.6904648767857287","0.3333333333333333","0.2361111111111111","0.5555555555555556"
"7x7-p72","7x7-seeded-random","seeded-random","73","0.25","12","0.8055555555555556","0","0","0.7956198357143048","0.25","0.18055555555555555","0.6666666666666666"
"7x7-p72","7x7-seeded-random","seeded-random","73","0.5","24","0.75","2","0","0.8283522741071693","0.25","0.18055555555555558","0.7777777777777778"
"7x7-p72","7x7-seeded-random","seeded-random","73","0.75","36","0.6111111111111112","2","3","0.6904648767857287","0.3333333333333333","0.2361111111111111","0.5555555555555556"
"7x7-p72","7x7-seeded-random","seeded-random","73","0.9","44","0.5984848484848485","4","5","0.7430423562500168","0.3333333333333333","0.22222222222222224","0.6666666666666666"
"7x7-p72","7x7-seeded-random","seeded-random","74","0.25","12","0.8611111111111112","0","0","0.920619835714305","0.16666666666666666","0.1388888888888889","0.8888888888888888"
"7x7-p72","7x7-seeded-random","seeded-random","74","0.5","24","0.7083333333333334","0","1","0.8481973151785931","0.25","0.16666666666666666","0.7777777777777778"
"7x7-p72","7x7-seeded-random","seeded-random","74","0.75","36","0.6574074074074074","1","2","0.8481973151785931","0.25","0.16666666666666669","0.7777777777777778"
"7x7-p72","7x7-seeded-random","seeded-random","74","0.9","44","0.6363636363636364","2","3","0.8283522741071695","0.25","0.18055555555555555","0.7777777777777778"
"7x7-p72","7x7-seeded-random","seeded-random","75","0.25","12","0.8888888888888888","0","0","0.7956198357143051","0.3333333333333333","0.20833333333333334","0.7777777777777778"
"7x7-p72","7x7-seeded-random","seeded-random","75","0.5","24","0.7638888888888888","1","0","0.6577324383928642","0.3333333333333333","0.2638888888888889","0.5555555555555556"
"7x7-p72","7x7-seeded-random","seeded-random","75","0.75","36","0.6944444444444444","3","2","0.920619835714305","0.16666666666666666","0.1388888888888889","0.8888888888888888"
"7x7-p72","7x7-seeded-random","seeded-random","75","0.9","44","0.6590909090909091","5","2","0.920619835714305","0.16666666666666666","0.1388888888888889","0.8888888888888888"
"7x7-p72","7x7-seeded-random","seeded-random","76","0.25","12","0.8055555555555556","0","0","0.9007747946428811","0.25","0.1527777777777778","0.8888888888888888"
"7x7-p72","7x7-seeded-random","seeded-random","76","0.5","24","0.6805555555555556","1","0","0.7205719778266463","0.4166666666666667","0.25000000000000006","0.6666666666666666"
"7x7-p72","7x7-seeded-random","seeded-random","76","0.75","36","0.6296296296296297","2","1","0.7033522741071694","0.25","0.22222222222222224","0.5555555555555556"
"7x7-p72","7x7-seeded-random","seeded-random","76","0.9","44","0.5909090909090909","2","2","0.775774794642881","0.25","0.19444444444444448","0.6666666666666666"
"7x7-p72","7x7-seeded-random","seeded-random","77","0.25","12","0.7777777777777778","0","0","0.6577324383928642","0.3333333333333333","0.2638888888888889","0.5555555555555556"
"7x7-p72","7x7-seeded-random","seeded-random","77","0.5","24","0.7361111111111112","2","0","0.7007269367552227","0.4166666666666667","0.26388888888888884","0.6666666666666666"
"7x7-p72","7x7-seeded-random","seeded-random","77","0.75","36","0.6481481481481481","6","0","0.8680423562500167","0.16666666666666666","0.1527777777777778","0.7777777777777778"
"7x7-p72","7x7-seeded-random","seeded-random","77","0.9","44","0.6287878787878788","6","4","0.8481973151785929","0.25","0.16666666666666666","0.7777777777777778"
"7x7-p72","7x7-seeded-random","seeded-random","78","0.25","12","0.8055555555555556","0","0","0.920619835714305","0.16666666666666666","0.1388888888888889","0.8888888888888888"
"7x7-p72","7x7-seeded-random","seeded-random","78","0.5","24","0.7916666666666666","0","0","0.8481973151785929","0.25","0.16666666666666669","0.7777777777777778"
"7x7-p72","7x7-seeded-random","seeded-random","78","0.75","36","0.7314814814814815","0","3","0.9007747946428813","0.25","0.1527777777777778","0.8888888888888888"
"7x7-p72","7x7-seeded-random","seeded-random","78","0.9","44","0.7121212121212122","2","3","0.8481973151785931","0.25","0.16666666666666666","0.7777777777777778"
"7x7-p72","7x7-seeded-random","seeded-random","79","0.25","12","0.8055555555555556","0","0","0.920619835714305","0.16666666666666666","0.1388888888888889","0.8888888888888888"
"7x7-p72","7x7-seeded-random","seeded-random","79","0.5","24","0.6666666666666666","1","0","0.920619835714305","0.16666666666666666","0.1388888888888889","0.8888888888888888"
"7x7-p72","7x7-seeded-random","seeded-random","79","0.75","36","0.5925925925925926","3","3","0.9533522741071694","0.25","0.1388888888888889","1"
"7x7-p72","7x7-seeded-random","seeded-random","79","0.9","44","0.5909090909090909","3","5","0.8481973151785931","0.25","0.16666666666666669","0.7777777777777778"
"7x7-p72","7x7-seeded-random","seeded-random","80","0.25","12","0.75","1","0","0.8481973151785929","0.25","0.16666666666666666","0.7777777777777778"
"7x7-p72","7x7-seeded-random","seeded-random","80","0.5","24","0.6666666666666666","2","0","0.8283522741071695","0.25","0.18055555555555558","0.7777777777777778"
"7x7-p72","7x7-seeded-random","seeded-random","80","0.75","36","0.6203703703703703","2","1","0.8481973151785931","0.25","0.16666666666666666","0.7777777777777778"
"7x7-p72","7x7-seeded-random","seeded-random","80","0.9","44","0.6060606060606061","3","1","0.7757747946428812","0.25","0.19444444444444448","0.6666666666666666"
"7x7-p72","7x7-seeded-random","seeded-random","81","0.25","12","0.8333333333333334","0","0","0.8481973151785931","0.25","0.16666666666666669","0.7777777777777778"
"7x7-p72","7x7-seeded-random","seeded-random","81","0.5","24","0.7777777777777778","1","0","0.8154648767857287","0.3333333333333333","0.19444444444444445","0.7777777777777778"
"7x7-p72","7x7-seeded-random","seeded-random","81","0.75","36","0.75","2","0","0.8481973151785931","0.25","0.16666666666666666","0.7777777777777778"
"7x7-p72","7x7-seeded-random","seeded-random","81","0.9","44","0.7348484848484849","2","2","0.8680423562500167","0.16666666666666666","0.15277777777777776","0.7777777777777778"
"7x7-p72","7x7-seeded-random","seeded-random","82","0.25","12","0.8055555555555556","0","0","0.6904648767857285","0.3333333333333333","0.2361111111111111","0.5555555555555556"
"7x7-p72","7x7-seeded-random","seeded-random","82","0.5","24","0.7083333333333334","0","1","0.723197315178593","0.25","0.20833333333333331","0.5555555555555556"
"7x7-p72","7x7-seeded-random","seeded-random","82","0.75","36","0.6759259259259259","2","2","0.9206198357143047","0.16666666666666666","0.1388888888888889","0.8888888888888888"
"7x7-p72","7x7-seeded-random","seeded-random","82","0.9","44","0.6893939393939394","5","2","0.8481973151785929","0.25","0.16666666666666669","0.7777777777777778"
"7x7-p72","7x7-seeded-random","seeded-random","83","0.25","12","0.8611111111111112","0","0","0.7757747946428812","0.25","0.19444444444444448","0.6666666666666666"
"7x7-p72","7x7-seeded-random","seeded-random","83","0.5","24","0.8194444444444444","0","1","0.8481973151785931","0.25","0.16666666666666666","0.7777777777777778"
"7x7-p72","7x7-seeded-random","seeded-random","83","0.75","36","0.7407407407407407","2","1","0.7430423562500168","0.3333333333333333","0.2222222222222222","0.6666666666666666"
"7x7-p72","7x7-seeded-random","seeded-random","83","0.9","44","0.6893939393939394","4","1","0.920619835714305","0.16666666666666666","0.1388888888888889","0.8888888888888888"
"7x7-p72","7x7-seeded-random","seeded-random","84","0.25","12","0.75","0","1","0.8154648767857289","0.3333333333333333","0.19444444444444448","0.7777777777777778"
"7x7-p72","7x7-seeded-random","seeded-random","84","0.5","24","0.75","0","1","0.9007747946428811","0.25","0.1527777777777778","0.8888888888888888"
"7x7-p72","7x7-seeded-random","seeded-random","84","0.75","36","0.6574074074074074","1","2","0.8481973151785931","0.25","0.16666666666666669","0.7777777777777778"
"7x7-p72","7x7-seeded-random","seeded-random","84","0.9","44","0.5984848484848485","2","4","0.9007747946428811","0.25","0.1527777777777778","0.8888888888888888"
"7x7-p72","7x7-seeded-random","seeded-random","85","0.25","12","0.8888888888888888","0","0","0.7956198357143048","0.25","0.18055555555555558","0.6666666666666666"
"7x7-p72","7x7-seeded-random","seeded-random","85","0.5","24","0.7083333333333334","0","0","0.9007747946428811","0.25","0.1527777777777778","0.8888888888888888"
"7x7-p72","7x7-seeded-random","seeded-random","85","0.75","36","0.6666666666666666","0","1","0.9007747946428811","0.25","0.1527777777777778","0.8888888888888888"
"7x7-p72","7x7-seeded-random","seeded-random","85","0.9","44","0.6136363636363636","1","2","0.8154648767857287","0.3333333333333333","0.19444444444444442","0.7777777777777778"
"7x7-p72","7x7-seeded-random","seeded-random","86","0.25","12","0.8333333333333334","0","0","0.8680423562500167","0.16666666666666666","0.15277777777777776","0.7777777777777778"
"7x7-p72","7x7-seeded-random","seeded-random","86","0.5","24","0.7777777777777778","3","0","0.8481973151785931","0.25","0.16666666666666666","0.7777777777777778"
"7x7-p72","7x7-seeded-random","seeded-random","86","0.75","36","0.6851851851851852","5","0","0.7628873973214406","0.3333333333333333","0.20833333333333334","0.6666666666666666"
"7x7-p72","7x7-seeded-random","seeded-random","86","0.9","44","0.6287878787878788","5","0","0.9007747946428811","0.25","0.1527777777777778","0.8888888888888888"
"7x7-p72","7x7-seeded-random","seeded-random","87","0.25","12","0.7777777777777778","0","0","0.7757747946428812","0.25","0.19444444444444445","0.6666666666666666"
"7x7-p72","7x7-seeded-random","seeded-random","87","0.5","24","0.7361111111111112","0","0","0.8481973151785931","0.25","0.16666666666666669","0.7777777777777778"
"7x7-p72","7x7-seeded-random","seeded-random","87","0.75","36","0.6574074074074074","1","1","0.8481973151785931","0.25","0.16666666666666669","0.7777777777777778"
"7x7-p72","7x7-seeded-random","seeded-random","87","0.9","44","0.6893939393939394","4","1","0.7956198357143048","0.25","0.18055555555555552","0.6666666666666666"
"7x7-p72","7x7-seeded-random","seeded-random","88","0.25","12","0.8333333333333334","0","0","0.7628873973214406","0.3333333333333333","0.20833333333333337","0.6666666666666666"
"7x7-p72","7x7-seeded-random","seeded-random","88","0.5","24","0.7222222222222222","1","1","0.7956198357143048","0.25","0.18055555555555552","0.6666666666666666"
"7x7-p72","7x7-seeded-random","seeded-random","88","0.75","36","0.7314814814814815","3","2","0.9007747946428811","0.25","0.1527777777777778","0.8888888888888888"
"7x7-p72","7x7-seeded-random","seeded-random","88","0.9","44","0.6590909090909091","4","3","0.7430423562500168","0.3333333333333333","0.22222222222222224","0.6666666666666666"
"7x7-p72","7x7-seeded-random","seeded-random","89","0.25","12","0.8333333333333334","0","0","0.8481973151785929","0.25","0.16666666666666669","0.7777777777777778"
"7x7-p72","7x7-seeded-random","seeded-random","89","0.5","24","0.7083333333333334","0","0","0.9007747946428813","0.25","0.1527777777777778","0.8888888888888888"
"7x7-p72","7x7-seeded-random","seeded-random","89","0.75","36","0.6574074074074074","2","1","0.8481973151785931","0.25","0.16666666666666666","0.7777777777777778"
"7x7-p72","7x7-seeded-random","seeded-random","89","0.9","44","0.6439393939393939","2","1","0.920619835714305","0.16666666666666666","0.1388888888888889","0.8888888888888888"
"7x7-p72","7x7-seeded-random","seeded-random","90","0.25","12","0.8611111111111112","0","0","0.9007747946428811","0.25","0.1527777777777778","0.8888888888888888"
"7x7-p72","7x7-seeded-random","seeded-random","90","0.5","24","0.75","1","0","0.8481973151785931","0.25","0.16666666666666666","0.7777777777777778"
"7x7-p72","7x7-seeded-random","seeded-random","90","0.75","36","0.6666666666666666","2","0","0.6904648767857287","0.3333333333333333","0.2361111111111111","0.5555555555555556"
"7x7-p72","7x7-seeded-random","seeded-random","90","0.9","44","0.6212121212121212","4","5","0.8481973151785929","0.25","0.16666666666666669","0.7777777777777778"
"7x7-p72","7x7-seeded-random","seeded-random","91","0.25","12","0.8333333333333334","0","0","0.7628873973214406","0.3333333333333333","0.20833333333333334","0.6666666666666666"
"7x7-p72","7x7-seeded-random","seeded-random","91","0.5","24","0.7361111111111112","1","0","0.7956198357143048","0.25","0.18055555555555552","0.6666666666666666"
"7x7-p72","7x7-seeded-random","seeded-random","91","0.75","36","0.6944444444444444","2","1","0.8481973151785931","0.25","0.16666666666666669","0.7777777777777778"
"7x7-p72","7x7-seeded-random","seeded-random","91","0.9","44","0.6742424242424242","6","2","0.7430423562500168","0.3333333333333333","0.2222222222222222","0.6666666666666666"
"7x7-p72","7x7-seeded-random","seeded-random","92","0.25","12","0.9166666666666666","0","0","0.8154648767857287","0.3333333333333333","0.19444444444444448","0.7777777777777778"
"7x7-p72","7x7-seeded-random","seeded-random","92","0.5","24","0.7638888888888888","1","0","0.7430423562500169","0.3333333333333333","0.22222222222222224","0.6666666666666666"
"7x7-p72","7x7-seeded-random","seeded-random","92","0.75","36","0.6666666666666666","3","0","0.7628873973214406","0.3333333333333333","0.20833333333333331","0.6666666666666666"
"7x7-p72","7x7-seeded-random","seeded-random","92","0.9","44","0.6363636363636364","3","0","0.7430423562500168","0.3333333333333333","0.22222222222222224","0.6666666666666666"
"7x7-p72","7x7-seeded-random","seeded-random","93","0.25","12","0.8055555555555556","0","0","0.8481973151785931","0.25","0.16666666666666666","0.7777777777777778"
"7x7-p72","7x7-seeded-random","seeded-random","93","0.5","24","0.8055555555555556","1","0","0.8481973151785931","0.25","0.16666666666666669","0.7777777777777778"
"7x7-p72","7x7-seeded-random","seeded-random","93","0.75","36","0.7407407407407407","4","0","0.7628873973214406","0.3333333333333333","0.20833333333333337","0.6666666666666666"
"7x7-p72","7x7-seeded-random","seeded-random","93","0.9","44","0.7045454545454546","4","0","0.7628873973214406","0.3333333333333333","0.20833333333333334","0.6666666666666666"
"7x7-p72","7x7-seeded-random","seeded-random","94","0.25","12","0.9444444444444444","1","0","0.9007747946428811","0.25","0.1527777777777778","0.8888888888888888"
"7x7-p72","7x7-seeded-random","seeded-random","94","0.5","24","0.7638888888888888","2","1","0.775774794642881","0.25","0.19444444444444445","0.6666666666666666"
"7x7-p72","7x7-seeded-random","seeded-random","94","0.75","36","0.6944444444444444","2","2","0.8680423562500169","0.3333333333333333","0.18055555555555555","0.8888888888888888"
"7x7-p72","7x7-seeded-random","seeded-random","94","0.9","44","0.6742424242424242","3","3","0.8154648767857289","0.3333333333333333","0.19444444444444445","0.7777777777777778"
"7x7-p72","7x7-seeded-random","seeded-random","95","0.25","12","0.8888888888888888","0","0","0.8481973151785931","0.25","0.16666666666666666","0.7777777777777778"
"7x7-p72","7x7-seeded-random","seeded-random","95","0.5","24","0.6944444444444444","0","1","0.9206198357143047","0.16666666666666666","0.1388888888888889","0.8888888888888888"
"7x7-p72","7x7-seeded-random","seeded-random","95","0.75","36","0.6759259259259259","0","1","0.9007747946428811","0.25","0.1527777777777778","0.8888888888888888"
"7x7-p72","7x7-seeded-random","seeded-random","95","0.9","44","0.6439393939393939","0","4","0.8283522741071693","0.25","0.18055555555555558","0.7777777777777778"
"7x7-p72","7x7-seeded-random","seeded-random","96","0.25","12","0.8888888888888888","0","0","0.7956198357143051","0.3333333333333333","0.20833333333333334","0.7777777777777778"
"7x7-p72","7x7-seeded-random","seeded-random","96","0.5","24","0.75","1","0","0.7559297535714574","0.25","0.20833333333333334","0.6666666666666666"
"7x7-p72","7x7-seeded-random","seeded-random","96","0.75","36","0.6944444444444444","3","1","0.8680423562500167","0.16666666666666666","0.1527777777777778","0.7777777777777778"
"7x7-p72","7x7-seeded-random","seeded-random","96","0.9","44","0.6666666666666666","4","2","0.8154648767857287","0.3333333333333333","0.19444444444444448","0.7777777777777778"
"7x7-p72","7x7-seeded-random","seeded-random","97","0.25","12","0.8611111111111112","0","0","0.7628873973214406","0.3333333333333333","0.20833333333333331","0.6666666666666666"
"7x7-p72","7x7-seeded-random","seeded-random","97","0.5","24","0.7361111111111112","1","1","0.7757747946428812","0.25","0.19444444444444445","0.6666666666666666"
"7x7-p72","7x7-seeded-random","seeded-random","97","0.75","36","0.7037037037037037","2","1","0.8680423562500167","0.16666666666666666","0.1527777777777778","0.7777777777777778"
"7x7-p72","7x7-seeded-random","seeded-random","97","0.9","44","0.696969696969697","4","2","0.9206198357143047","0.16666666666666666","0.1388888888888889","0.8888888888888888"
"7x7-p72","7x7-seeded-random","seeded-random","98","0.25","12","0.8055555555555556","0","0","0.775774794642881","0.25","0.19444444444444442","0.6666666666666666"
"7x7-p72","7x7-seeded-random","seeded-random","98","0.5","24","0.7222222222222222","0","0","0.7757747946428812","0.25","0.19444444444444445","0.6666666666666666"
"7x7-p72","7x7-seeded-random","seeded-random","98","0.75","36","0.6574074074074074","1","0","0.920619835714305","0.16666666666666666","0.1388888888888889","0.8888888888888888"
"7x7-p72","7x7-seeded-random","seeded-random","98","0.9","44","0.6666666666666666","1","1","0.7956198357143051","0.3333333333333333","0.20833333333333334","0.7777777777777778"
"7x7-p72","7x7-seeded-random","seeded-random","99","0.25","12","0.8055555555555556","0","0","0.7956198357143048","0.25","0.18055555555555558","0.6666666666666666"
"7x7-p72","7x7-seeded-random","seeded-random","99","0.5","24","0.7361111111111112","1","0","0.775774794642881","0.25","0.19444444444444445","0.6666666666666666"
"7x7-p72","7x7-seeded-random","seeded-random","99","0.75","36","0.6666666666666666","1","2","0.7956198357143048","0.25","0.18055555555555555","0.6666666666666666"
"7x7-p72","7x7-seeded-random","seeded-random","99","0.9","44","0.6515151515151515","3","3","0.920619835714305","0.16666666666666666","0.1388888888888889","0.8888888888888888"
"7x7-p72","7x7-seeded-random","seeded-random","100","0.25","12","0.8611111111111112","0","0","0.9007747946428811","0.25","0.1527777777777778","0.8888888888888888"
"7x7-p72","7x7-seeded-random","seeded-random","100","0.5","24","0.7638888888888888","0","0","0.9007747946428811","0.25","0.1527777777777778","0.8888888888888888"
"7x7-p72","7x7-seeded-random","seeded-random","100","0.75","36","0.7037037037037037","2","0","0.8481973151785931","0.25","0.16666666666666666","0.7777777777777778"
"7x7-p72","7x7-seeded-random","seeded-random","100","0.9","44","0.6742424242424242","4","3","0.8283522741071693","0.25","0.18055555555555558","0.7777777777777778"
"7x7-p72","7x7-uct-0100","uct-0100","1","0.25","12","0.75","0","1","0.7757747946428812","0.25","0.19444444444444445","0.6666666666666666"
"7x7-p72","7x7-uct-0100","uct-0100","1","0.5","24","0.6111111111111112","1","1","0.7757747946428812","0.25","0.19444444444444448","0.6666666666666666"
"7x7-p72","7x7-uct-0100","uct-0100","1","0.75","36","0.5462962962962963","2","4","0.7757747946428812","0.25","0.19444444444444448","0.6666666666666666"
"7x7-p72","7x7-uct-0100","uct-0100","1","0.9","44","0.5227272727272727","2","12","0.9007747946428813","0.25","0.1527777777777778","0.8888888888888888"
"7x7-p72","7x7-uct-0100","uct-0100","2","0.25","12","0.6666666666666666","0","0","0.8283522741071693","0.25","0.18055555555555555","0.7777777777777778"
"7x7-p72","7x7-uct-0100","uct-0100","2","0.5","24","0.5694444444444444","1","1","0.6481494572909344","0.4166666666666667","0.2777777777777778","0.5555555555555556"
"7x7-p72","7x7-uct-0100","uct-0100","2","0.75","36","0.5648148148148148","1","3","0.7757747946428811","0.25","0.19444444444444448","0.6666666666666666"
"7x7-p72","7x7-uct-0100","uct-0100","2","0.9","44","0.5303030303030303","1","8","0.7956198357143048","0.25","0.18055555555555555","0.6666666666666666"
"7x7-p72","7x7-uct-0100","uct-0100","3","0.25","12","0.7777777777777778","1","0","0.8283522741071693","0.25","0.18055555555555558","0.7777777777777778"
"7x7-p72","7x7-uct-0100","uct-0100","3","0.5","24","0.6666666666666666","1","0","0.9007747946428811","0.25","0.1527777777777778","0.8888888888888888"
"7x7-p72","7x7-uct-0100","uct-0100","3","0.75","36","0.6296296296296297","2","3","0.775774794642881","0.25","0.19444444444444445","0.6666666666666666"
"7x7-p72","7x7-uct-0100","uct-0100","3","0.9","44","0.6212121212121212","2","8","0.6904648767857287","0.3333333333333333","0.2361111111111111","0.5555555555555556"
"7x7-p72","7x7-uct-0100","uct-0100","4","0.25","12","0.7777777777777778","0","0","0.7430423562500168","0.3333333333333333","0.2222222222222222","0.6666666666666666"
"7x7-p72","7x7-uct-0100","uct-0100","4","0.5","24","0.7222222222222222","0","1","0.775774794642881","0.25","0.19444444444444442","0.6666666666666666"
"7x7-p72","7x7-uct-0100","uct-0100","4","0.75","36","0.6388888888888888","1","4","0.9007747946428813","0.25","0.1527777777777778","0.8888888888888888"
"7x7-p72","7x7-uct-0100","uct-0100","4","0.9","44","0.6212121212121212","3","9","0.920619835714305","0.16666666666666666","0.1388888888888889","0.8888888888888888"
"7x7-p72","7x7-uct-0100","uct-0100","5","0.25","12","0.75","0","0","0.6904648767857285","0.3333333333333333","0.23611111111111113","0.5555555555555556"
"7x7-p72","7x7-uct-0100","uct-0100","5","0.5","24","0.6666666666666666","0","1","0.8481973151785931","0.25","0.16666666666666666","0.7777777777777778"
"7x7-p72","7x7-uct-0100","uct-0100","5","0.75","36","0.6203703703703703","0","4","0.8680423562500169","0.3333333333333333","0.18055555555555558","0.8888888888888888"
"7x7-p72","7x7-uct-0100","uct-0100","5","0.9","44","0.5909090909090909","1","6","0.775774794642881","0.25","0.19444444444444445","0.6666666666666666"
"7x7-p72","7x7-uct-0100","uct-0100","6","0.25","12","0.8055555555555556","0","0","0.8154648767857287","0.3333333333333333","0.19444444444444445","0.7777777777777778"
"7x7-p72","7x7-uct-0100","uct-0100","6","0.5","24","0.6666666666666666","0","1","0.7757747946428812","0.25","0.19444444444444445","0.6666666666666666"
"7x7-p72","7x7-uct-0100","uct-0100","6","0.75","36","0.6203703703703703","1","4","0.7205719778266465","0.4166666666666667","0.25","0.6666666666666666"
"7x7-p72","7x7-uct-0100","uct-0100","6","0.9","44","0.5681818181818182","1","10","0.775774794642881","0.25","0.19444444444444445","0.6666666666666666"
"7x7-p72","7x7-uct-0100","uct-0100","7","0.25","12","0.8055555555555556","0","0","0.9007747946428811","0.25","0.15277777777777776","0.8888888888888888"
"7x7-p72","7x7-uct-0100","uct-0100","7","0.5","24","0.7083333333333334","0","0","0.8481973151785931","0.25","0.16666666666666666","0.7777777777777778"
"7x7-p72","7x7-uct-0100","uct-0100","7","0.75","36","0.6296296296296297","1","3","0.7731494572909345","0.4166666666666667","0.23611111111111113","0.7777777777777778"
"7x7-p72","7x7-uct-0100","uct-0100","7","0.9","44","0.5757575757575758","1","6","0.9007747946428811","0.25","0.1527777777777778","0.8888888888888888"
"7x7-p72","7x7-uct-0100","uct-0100","8","0.25","12","0.8611111111111112","0","1","0.8283522741071695","0.25","0.18055555555555558","0.7777777777777778"
"7x7-p72","7x7-uct-0100","uct-0100","8","0.5","24","0.7222222222222222","0","3","0.7757747946428812","0.25","0.19444444444444448","0.6666666666666666"
"7x7-p72","7x7-uct-0100","uct-0100","8","0.75","36","0.6481481481481481","1","3","0.7757747946428812","0.25","0.19444444444444445","0.6666666666666666"
"7x7-p72","7x7-uct-0100","uct-0100","8","0.9","44","0.6060606060606061","2","6","0.7757747946428812","0.25","0.19444444444444445","0.6666666666666666"
"7x7-p72","7x7-uct-0100","uct-0100","9","0.25","12","0.8055555555555556","0","0","0.670619835714305","0.5","0.30555555555555547","0.6666666666666666"
"7x7-p72","7x7-uct-0100","uct-0100","9","0.5","24","0.6944444444444444","1","1","0.9007747946428811","0.25","0.1527777777777778","0.8888888888888888"
"7x7-p72","7x7-uct-0100","uct-0100","9","0.75","36","0.6666666666666666","1","4","0.7757747946428812","0.25","0.19444444444444445","0.6666666666666666"
"7x7-p72","7x7-uct-0100","uct-0100","9","0.9","44","0.6212121212121212","3","8","0.7205719778266463","0.4166666666666667","0.25000000000000006","0.6666666666666666"
"7x7-p72","7x7-uct-0100","uct-0100","10","0.25","12","0.8611111111111112","0","0","0.6679944983623582","0.4166666666666667","0.2638888888888889","0.5555555555555556"
"7x7-p72","7x7-uct-0100","uct-0100","10","0.5","24","0.6805555555555556","0","1","0.7628873973214406","0.3333333333333333","0.20833333333333331","0.6666666666666666"
"7x7-p72","7x7-uct-0100","uct-0100","10","0.75","36","0.6018518518518519","0","6","0.8481973151785929","0.25","0.16666666666666666","0.7777777777777778"
"7x7-p72","7x7-uct-0100","uct-0100","10","0.9","44","0.5454545454545454","0","12","0.7430423562500168","0.3333333333333333","0.2222222222222222","0.6666666666666666"
"7x7-p72","7x7-uct-0100","uct-0100","11","0.25","12","0.8055555555555556","0","0","0.7757747946428812","0.25","0.19444444444444442","0.6666666666666666"
"7x7-p72","7x7-uct-0100","uct-0100","11","0.5","24","0.6527777777777778","1","2","0.8283522741071693","0.25","0.18055555555555558","0.7777777777777778"
"7x7-p72","7x7-uct-0100","uct-0100","11","0.75","36","0.5648148148148148","2","8","0.8481973151785931","0.25","0.16666666666666669","0.7777777777777778"
"7x7-p72","7x7-uct-0100","uct-0100","11","0.9","44","0.5606060606060606","3","12","0.9007747946428813","0.25","0.1527777777777778","0.8888888888888888"
"7x7-p72","7x7-uct-0100","uct-0100","12","0.25","12","0.7777777777777778","0","0","0.8481973151785931","0.25","0.16666666666666669","0.7777777777777778"
"7x7-p72","7x7-uct-0100","uct-0100","12","0.5","24","0.7222222222222222","0","2","0.8154648767857287","0.3333333333333333","0.19444444444444442","0.7777777777777778"
"7x7-p72","7x7-uct-0100","uct-0100","12","0.75","36","0.6296296296296297","0","4","0.8154648767857287","0.3333333333333333","0.19444444444444448","0.7777777777777778"
"7x7-p72","7x7-uct-0100","uct-0100","12","0.9","44","0.6136363636363636","1","9","0.8680423562500169","0.3333333333333333","0.18055555555555558","0.8888888888888888"
"7x7-p72","7x7-uct-0100","uct-0100","13","0.25","12","0.8333333333333334","0","0","0.9007747946428813","0.25","0.1527777777777778","0.8888888888888888"
"7x7-p72","7x7-uct-0100","uct-0100","13","0.5","24","0.6805555555555556","0","2","0.7007269367552227","0.4166666666666667","0.26388888888888884","0.6666666666666666"
"7x7-p72","7x7-uct-0100","uct-0100","13","0.75","36","0.6018518518518519","1","3","0.8154648767857289","0.3333333333333333","0.19444444444444445","0.7777777777777778"
"7x7-p72","7x7-uct-0100","uct-0100","13","0.9","44","0.5833333333333334","1","8","0.9007747946428811","0.25","0.1527777777777778","0.8888888888888888"
"7x7-p72","7x7-uct-0100","uct-0100","14","0.25","12","0.6944444444444444","0","0","0.9007747946428813","0.25","0.1527777777777778","0.8888888888888888"
"7x7-p72","7x7-uct-0100","uct-0100","14","0.5","24","0.6666666666666666","0","2","0.8154648767857287","0.3333333333333333","0.19444444444444445","0.7777777777777778"
"7x7-p72","7x7-uct-0100","uct-0100","14","0.75","36","0.6296296296296297","3","6","0.920619835714305","0.16666666666666666","0.1388888888888889","0.8888888888888888"
"7x7-p72","7x7-uct-0100","uct-0100","14","0.9","44","0.6136363636363636","3","6","0.8680423562500167","0.16666666666666666","0.15277777777777776","0.7777777777777778"
"7x7-p72","7x7-uct-0100","uct-0100","15","0.25","12","0.7222222222222222","0","0","0.7757747946428812","0.25","0.19444444444444448","0.6666666666666666"
"7x7-p72","7x7-uct-0100","uct-0100","15","0.5","24","0.6666666666666666","1","0","0.8283522741071693","0.25","0.18055555555555552","0.7777777777777778"
"7x7-p72","7x7-uct-0100","uct-0100","15","0.75","36","0.6666666666666666","2","2","0.6904648767857287","0.3333333333333333","0.23611111111111113","0.5555555555555556"
"7x7-p72","7x7-uct-0100","uct-0100","15","0.9","44","0.6060606060606061","2","6","0.8481973151785931","0.25","0.16666666666666666","0.7777777777777778"
"7x7-p72","7x7-uct-0100","uct-0100","16","0.25","12","0.8055555555555556","0","0","0.7956198357143048","0.25","0.18055555555555555","0.6666666666666666"
"7x7-p72","7x7-uct-0100","uct-0100","16","0.5","24","0.6805555555555556","0","1","0.8809297535714575","0.25","0.16666666666666669","0.8888888888888888"
"7x7-p72","7x7-uct-0100","uct-0100","16","0.75","36","0.5740740740740741","1","3","0.8481973151785931","0.25","0.16666666666666669","0.7777777777777778"
"7x7-p72","7x7-uct-0100","uct-0100","16","0.9","44","0.5681818181818182","1","8","0.8481973151785931","0.25","0.16666666666666669","0.7777777777777778"
"7x7-p72","7x7-uct-0100","uct-0100","17","0.25","12","0.7777777777777778","0","0","0.7956198357143048","0.25","0.18055555555555555","0.6666666666666666"
"7x7-p72","7x7-uct-0100","uct-0100","17","0.5","24","0.6111111111111112","0","3","0.7628873973214406","0.3333333333333333","0.20833333333333334","0.6666666666666666"
"7x7-p72","7x7-uct-0100","uct-0100","17","0.75","36","0.5833333333333334","1","5","0.9533522741071694","0.25","0.1388888888888889","1"
"7x7-p72","7x7-uct-0100","uct-0100","17","0.9","44","0.5378787878787878","2","8","0.9007747946428811","0.25","0.1527777777777778","0.8888888888888888"
"7x7-p72","7x7-uct-0100","uct-0100","18","0.25","12","0.75","0","0","0.920619835714305","0.16666666666666666","0.1388888888888889","0.8888888888888888"
"7x7-p72","7x7-uct-0100","uct-0100","18","0.5","24","0.7222222222222222","0","0","0.9007747946428811","0.25","0.1527777777777778","0.8888888888888888"
"7x7-p72","7x7-uct-0100","uct-0100","18","0.75","36","0.5925925925925926","0","4","0.9206198357143047","0.16666666666666666","0.1388888888888889","0.8888888888888888"
"7x7-p72","7x7-uct-0100","uct-0100","18","0.9","44","0.5378787878787878","2","8","0.775774794642881","0.25","0.19444444444444448","0.6666666666666666"
"7x7-p72","7x7-uct-0100","uct-0100","19","0.25","12","0.75","0","1","0.7430423562500168","0.3333333333333333","0.22222222222222224","0.6666666666666666"
"7x7-p72","7x7-uct-0100","uct-0100","19","0.5","24","0.625","2","2","0.6679944983623582","0.4166666666666667","0.2638888888888889","0.5555555555555556"
"7x7-p72","7x7-uct-0100","uct-0100","19","0.75","36","0.5648148148148148","2","7","0.8481973151785931","0.25","0.16666666666666669","0.7777777777777778"
"7x7-p72","7x7-uct-0100","uct-0100","19","0.9","44","0.5378787878787878","2","13","0.8481973151785929","0.25","0.16666666666666669","0.7777777777777778"
"7x7-p72","7x7-uct-0100","uct-0100","20","0.25","12","0.75","0","0","0.8283522741071695","0.25","0.18055555555555558","0.7777777777777778"
"7x7-p72","7x7-uct-0100","uct-0100","20","0.5","24","0.7222222222222222","0","0","0.7956198357143051","0.3333333333333333","0.20833333333333334","0.7777777777777778"
"7x7-p72","7x7-uct-0100","uct-0100","20","0.75","36","0.6666666666666666","1","3","0.6679944983623581","0.4166666666666667","0.26388888888888895","0.5555555555555556"
"7x7-p72","7x7-uct-0100","uct-0100","20","0.9","44","0.6515151515151515","2","6","0.7956198357143048","0.25","0.18055555555555555","0.6666666666666666"
"7x7-p72","7x7-uct-0100","uct-0100","21","0.25","12","0.75","0","0","0.8481973151785931","0.25","0.16666666666666666","0.7777777777777778"
"7x7-p72","7x7-uct-0100","uct-0100","21","0.5","24","0.5972222222222222","1","2","0.7628873973214406","0.3333333333333333","0.20833333333333334","0.6666666666666666"
"7x7-p72","7x7-uct-0100","uct-0100","21","0.75","36","0.5370370370370371","1","5","0.7757747946428812","0.25","0.19444444444444445","0.6666666666666666"
"7x7-p72","7x7-uct-0100","uct-0100","21","0.9","44","0.5227272727272727","1","9","0.7430423562500168","0.3333333333333333","0.22222222222222224","0.6666666666666666"
"7x7-p72","7x7-uct-0100","uct-0100","22","0.25","12","0.8611111111111112","0","0","0.7757747946428812","0.25","0.19444444444444448","0.6666666666666666"
"7x7-p72","7x7-uct-0100","uct-0100","22","0.5","24","0.6805555555555556","1","1","0.7628873973214406","0.3333333333333333","0.20833333333333337","0.6666666666666666"
"7x7-p72","7x7-uct-0100","uct-0100","22","0.75","36","0.6481481481481481","2","3","0.670619835714305","0.3333333333333333","0.25","0.5555555555555556"
"7x7-p72","7x7-uct-0100","uct-0100","22","0.9","44","0.5681818181818182","2","10","0.8154648767857287","0.3333333333333333","0.19444444444444448","0.7777777777777778"
"7x7-p72","7x7-uct-0100","uct-0100","23","0.25","12","0.6944444444444444","0","0","0.8481973151785931","0.25","0.16666666666666669","0.7777777777777778"
"7x7-p72","7x7-uct-0100","uct-0100","23","0.5","24","0.6388888888888888","0","1","0.9007747946428811","0.25","0.1527777777777778","0.8888888888888888"
"7x7-p72","7x7-uct-0100","uct-0100","23","0.75","36","0.6018518518518519","2","6","0.8680423562500167","0.16666666666666666","0.15277777777777776","0.7777777777777778"
"7x7-p72","7x7-uct-0100","uct-0100","23","0.9","44","0.5984848484848485","5","12","0.8481973151785931","0.25","0.16666666666666666","0.7777777777777778"
"7x7-p72","7x7-uct-0100","uct-0100","24","0.25","12","0.8055555555555556","0","0","0.920619835714305","0.16666666666666666","0.1388888888888889","0.8888888888888888"
"7x7-p72","7x7-uct-0100","uct-0100","24","0.5","24","0.6944444444444444","0","2","0.7103099178571525","0.3333333333333333","0.25","0.6666666666666666"
"7x7-p72","7x7-uct-0100","uct-0100","24","0.75","36","0.6296296296296297","1","5","0.7430423562500168","0.3333333333333333","0.2222222222222222","0.6666666666666666"
"7x7-p72","7x7-uct-0100","uct-0100","24","0.9","44","0.6136363636363636","2","7","0.8283522741071693","0.25","0.18055555555555555","0.7777777777777778"
"7x7-p72","7x7-uct-0100","uct-0100","25","0.25","12","0.8611111111111112","0","0","0.7757747946428812","0.25","0.19444444444444445","0.6666666666666666"
"7x7-p72","7x7-uct-0100","uct-0100","25","0.5","24","0.8194444444444444","0","0","0.7430423562500168","0.3333333333333333","0.22222222222222224","0.6666666666666666"
"7x7-p72","7x7-uct-0100","uct-0100","25","0.75","36","0.6851851851851852","2","2","0.8481973151785931","0.25","0.16666666666666669","0.7777777777777778"
"7x7-p72","7x7-uct-0100","uct-0100","25","0.9","44","0.6287878787878788","3","8","0.775774794642881","0.25","0.19444444444444442","0.6666666666666666"
"7x7-p72","7x7-uct-0100","uct-0100","26","0.25","12","0.75","0","0","0.8481973151785929","0.25","0.16666666666666669","0.7777777777777778"
"7x7-p72","7x7-uct-0100","uct-0100","26","0.5","24","0.6666666666666666","0","0","0.8481973151785931","0.25","0.16666666666666666","0.7777777777777778"
"7x7-p72","7x7-uct-0100","uct-0100","26","0.75","36","0.6203703703703703","1","6","0.8481973151785931","0.25","0.16666666666666669","0.7777777777777778"
"7x7-p72","7x7-uct-0100","uct-0100","26","0.9","44","0.5909090909090909","3","12","0.7956198357143051","0.3333333333333333","0.20833333333333334","0.7777777777777778"
"7x7-p72","7x7-uct-0100","uct-0100","27","0.25","12","0.8333333333333334","0","0","0.8481973151785931","0.25","0.16666666666666666","0.7777777777777778"
"7x7-p72","7x7-uct-0100","uct-0100","27","0.5","24","0.7083333333333334","1","1","0.8481973151785929","0.25","0.16666666666666669","0.7777777777777778"
"7x7-p72","7x7-uct-0100","uct-0100","27","0.75","36","0.6296296296296297","1","3","0.7628873973214406","0.3333333333333333","0.20833333333333337","0.6666666666666666"
"7x7-p72","7x7-uct-0100","uct-0100","27","0.9","44","0.5909090909090909","3","6","0.7430423562500168","0.3333333333333333","0.2222222222222222","0.6666666666666666"
"7x7-p72","7x7-uct-0100","uct-0100","28","0.25","12","0.8055555555555556","1","0","0.8283522741071695","0.25","0.18055555555555555","0.7777777777777778"
"7x7-p72","7x7-uct-0100","uct-0100","28","0.5","24","0.625","1","2","0.6904648767857287","0.3333333333333333","0.2361111111111111","0.5555555555555556"
"7x7-p72","7x7-uct-0100","uct-0100","28","0.75","36","0.6203703703703703","3","3","0.7757747946428812","0.25","0.19444444444444448","0.6666666666666666"
"7x7-p72","7x7-uct-0100","uct-0100","28","0.9","44","0.5909090909090909","4","11","0.8680423562500167","0.16666666666666666","0.1527777777777778","0.7777777777777778"
"7x7-p72","7x7-uct-0100","uct-0100","29","0.25","12","0.75","0","0","0.8809297535714575","0.25","0.16666666666666669","0.8888888888888888"
"7x7-p72","7x7-uct-0100","uct-0100","29","0.5","24","0.6666666666666666","0","1","0.9007747946428813","0.25","0.1527777777777778","0.8888888888888888"
"7x7-p72","7x7-uct-0100","uct-0100","29","0.75","36","0.6018518518518519","0","4","0.8481973151785931","0.25","0.16666666666666669","0.7777777777777778"
"7x7-p72","7x7-uct-0100","uct-0100","29","0.9","44","0.5909090909090909","1","11","0.723197315178593","0.25","0.20833333333333331","0.5555555555555556"
"7x7-p72","7x7-uct-0100","uct-0100","30","0.25","12","0.8611111111111112","0","0","0.7956198357143051","0.3333333333333333","0.20833333333333334","0.7777777777777778"
"7x7-p72","7x7-uct-0100","uct-0100","30","0.5","24","0.7361111111111112","1","0","0.670619835714305","0.3333333333333333","0.25","0.5555555555555556"
"7x7-p72","7x7-uct-0100","uct-0100","30","0.75","36","0.7222222222222222","2","3","0.7430423562500168","0.3333333333333333","0.2222222222222222","0.6666666666666666"
"7x7-p72","7x7-uct-0100","uct-0100","30","0.9","44","0.6590909090909091","6","7","0.8680423562500167","0.16666666666666666","0.1527777777777778","0.7777777777777778"
"7x7-p72","7x7-uct-0100","uct-0100","31","0.25","12","0.7777777777777778","0","0","0.7956198357143048","0.25","0.18055555555555558","0.6666666666666666"
"7x7-p72","7x7-uct-0100","uct-0100","31","0.5","24","0.7083333333333334","1","0","0.7956198357143048","0.25","0.18055555555555552","0.6666666666666666"
"7x7-p72","7x7-uct-0100","uct-0100","31","0.75","36","0.6574074074074074","1","3","0.7430423562500168","0.3333333333333333","0.2222222222222222","0.6666666666666666"
"7x7-p72","7x7-uct-0100","uct-0100","31","0.9","44","0.5909090909090909","2","9","0.9007747946428813","0.25","0.1527777777777778","0.8888888888888888"
"7x7-p72","7x7-uct-0100","uct-0100","32","0.25","12","0.8333333333333334","0","0","0.9007747946428813","0.25","0.1527777777777778","0.8888888888888888"
"7x7-p72","7x7-uct-0100","uct-0100","32","0.5","24","0.75","1","1","0.920619835714305","0.16666666666666666","0.1388888888888889","0.8888888888888888"
"7x7-p72","7x7-uct-0100","uct-0100","32","0.75","36","0.6759259259259259","4","3","0.670619835714305","0.3333333333333333","0.25","0.5555555555555556"
"7x7-p72","7x7-uct-0100","uct-0100","32","0.9","44","0.6515151515151515","5","7","0.8283522741071693","0.25","0.18055555555555555","0.7777777777777778"
"7x7-p72","7x7-uct-0100","uct-0100","33","0.25","12","0.8333333333333334","1","0","0.8154648767857289","0.3333333333333333","0.19444444444444448","0.7777777777777778"
"7x7-p72","7x7-uct-0100","uct-0100","33","0.5","24","0.6666666666666666","1","1","0.8283522741071693","0.25","0.18055555555555555","0.7777777777777778"
"7x7-p72","7x7-uct-0100","uct-0100","33","0.75","36","0.6388888888888888","4","3","0.8283522741071695","0.25","0.18055555555555558","0.7777777777777778"
"7x7-p72","7x7-uct-0100","uct-0100","33","0.9","44","0.5833333333333334","5","11","0.9007747946428813","0.25","0.1527777777777778","0.8888888888888888"
"7x7-p72","7x7-uct-0100","uct-0100","34","0.25","12","0.8888888888888888","0","0","0.7628873973214405","0.3333333333333333","0.20833333333333331","0.6666666666666666"
"7x7-p72","7x7-uct-0100","uct-0100","34","0.5","24","0.7361111111111112","0","0","0.7757747946428812","0.25","0.19444444444444445","0.6666666666666666"
"7x7-p72","7x7-uct-0100","uct-0100","34","0.75","36","0.6574074074074074","1","4","0.9206198357143047","0.16666666666666666","0.13888888888888887","0.8888888888888888"
"7x7-p72","7x7-uct-0100","uct-0100","34","0.9","44","0.5833333333333334","2","5","0.7430423562500168","0.3333333333333333","0.22222222222222224","0.6666666666666666"
"7x7-p72","7x7-uct-0100","uct-0100","35","0.25","12","0.8055555555555556","0","0","0.8154648767857285","0.16666666666666666","0.16666666666666669","0.6666666666666666"
"7x7-p72","7x7-uct-0100","uct-0100","35","0.5","24","0.6944444444444444","1","2","0.8481973151785931","0.25","0.16666666666666669","0.7777777777777778"
"7x7-p72","7x7-uct-0100","uct-0100","35","0.75","36","0.5925925925925926","1","6","0.8481973151785931","0.25","0.16666666666666666","0.7777777777777778"
"7x7-p72","7x7-uct-0100","uct-0100","35","0.9","44","0.5606060606060606","1","9","0.7956198357143048","0.25","0.18055555555555558","0.6666666666666666"
"7x7-p72","7x7-uct-0100","uct-0100","36","0.25","12","0.7777777777777778","0","0","0.7430423562500169","0.3333333333333333","0.2222222222222222","0.6666666666666666"
"7x7-p72","7x7-uct-0100","uct-0100","36","0.5","24","0.5833333333333334","0","0","0.8481973151785931","0.25","0.16666666666666669","0.7777777777777778"
"7x7-p72","7x7-uct-0100","uct-0100","36","0.75","36","0.5185185185185185","0","6","0.9533522741071694","0.25","0.1388888888888889","1"
"7x7-p72","7x7-uct-0100","uct-0100","36","0.9","44","0.5","1","12","0.9007747946428811","0.25","0.1527777777777778","0.8888888888888888"
"7x7-p72","7x7-uct-0100","uct-0100","37","0.25","12","0.8611111111111112","0","0","0.7956198357143051","0.3333333333333333","0.20833333333333334","0.7777777777777778"
"7x7-p72","7x7-uct-0100","uct-0100","37","0.5","24","0.7083333333333334","2","0","0.7628873973214406","0.3333333333333333","0.20833333333333334","0.6666666666666666"
"7x7-p72","7x7-uct-0100","uct-0100","37","0.75","36","0.6203703703703703","3","3","0.8481973151785931","0.25","0.16666666666666666","0.7777777777777778"
"7x7-p72","7x7-uct-0100","uct-0100","37","0.9","44","0.5909090909090909","3","6","0.8481973151785931","0.25","0.16666666666666669","0.7777777777777778"
"7x7-p72","7x7-uct-0100","uct-0100","38","0.25","12","0.75","0","0","0.8154648767857287","0.3333333333333333","0.19444444444444442","0.7777777777777778"
"7x7-p72","7x7-uct-0100","uct-0100","38","0.5","24","0.7222222222222222","2","1","0.8680423562500169","0.3333333333333333","0.18055555555555555","0.8888888888888888"
"7x7-p72","7x7-uct-0100","uct-0100","38","0.75","36","0.6759259259259259","3","4","0.8481973151785931","0.25","0.16666666666666666","0.7777777777777778"
"7x7-p72","7x7-uct-0100","uct-0100","38","0.9","44","0.6136363636363636","4","7","0.9533522741071694","0.25","0.1388888888888889","1"
"7x7-p72","7x7-uct-0100","uct-0100","39","0.25","12","0.8055555555555556","0","0","0.8283522741071695","0.25","0.18055555555555558","0.7777777777777778"
"7x7-p72","7x7-uct-0100","uct-0100","39","0.5","24","0.7083333333333334","0","1","0.6481494572909344","0.4166666666666667","0.27777777777777773","0.5555555555555556"
"7x7-p72","7x7-uct-0100","uct-0100","39","0.75","36","0.6574074074074074","0","3","0.8680423562500167","0.16666666666666666","0.15277777777777776","0.7777777777777778"
"7x7-p72","7x7-uct-0100","uct-0100","39","0.9","44","0.6212121212121212","1","8","0.7430423562500169","0.3333333333333333","0.22222222222222224","0.6666666666666666"
"7x7-p72","7x7-uct-0100","uct-0100","40","0.25","12","0.75","0","0","0.8680423562500169","0.3333333333333333","0.18055555555555555","0.8888888888888888"
"7x7-p72","7x7-uct-0100","uct-0100","40","0.5","24","0.6388888888888888","0","1","0.7956198357143048","0.25","0.18055555555555555","0.6666666666666666"
"7x7-p72","7x7-uct-0100","uct-0100","40","0.75","36","0.5648148148148148","0","3","0.8283522741071695","0.25","0.18055555555555558","0.7777777777777778"
"7x7-p72","7x7-uct-0100","uct-0100","40","0.9","44","0.5378787878787878","1","8","0.8283522741071693","0.25","0.18055555555555555","0.7777777777777778"
"7x7-p72","7x7-uct-0100","uct-0100","41","0.25","12","0.7222222222222222","0","0","0.7757747946428812","0.25","0.19444444444444445","0.6666666666666666"
"7x7-p72","7x7-uct-0100","uct-0100","41","0.5","24","0.6388888888888888","0","0","0.9007747946428813","0.25","0.1527777777777778","0.8888888888888888"
"7x7-p72","7x7-uct-0100","uct-0100","41","0.75","36","0.5925925925925926","1","2","0.8481973151785931","0.25","0.16666666666666666","0.7777777777777778"
"7x7-p72","7x7-uct-0100","uct-0100","41","0.9","44","0.5757575757575758","5","4","0.7430423562500168","0.3333333333333333","0.2222222222222222","0.6666666666666666"
"7x7-p72","7x7-uct-0100","uct-0100","42","0.25","12","0.8611111111111112","1","0","0.7430423562500168","0.3333333333333333","0.22222222222222224","0.6666666666666666"
"7x7-p72","7x7-uct-0100","uct-0100","42","0.5","24","0.7777777777777778","1","1","0.920619835714305","0.16666666666666666","0.1388888888888889","0.8888888888888888"
"7x7-p72","7x7-uct-0100","uct-0100","42","0.75","36","0.6666666666666666","1","2","0.8154648767857287","0.3333333333333333","0.19444444444444442","0.7777777777777778"
"7x7-p72","7x7-uct-0100","uct-0100","42","0.9","44","0.5833333333333334","2","7","0.9007747946428811","0.25","0.1527777777777778","0.8888888888888888"
"7x7-p72","7x7-uct-0100","uct-0100","43","0.25","12","0.7777777777777778","0","0","0.8481973151785931","0.25","0.16666666666666666","0.7777777777777778"
"7x7-p72","7x7-uct-0100","uct-0100","43","0.5","24","0.6666666666666666","0","2","0.8283522741071693","0.25","0.18055555555555555","0.7777777777777778"
"7x7-p72","7x7-uct-0100","uct-0100","43","0.75","36","0.6018518518518519","1","5","0.7628873973214404","0.3333333333333333","0.20833333333333334","0.6666666666666666"
"7x7-p72","7x7-uct-0100","uct-0100","43","0.9","44","0.5909090909090909","1","8","0.7559297535714574","0.25","0.20833333333333334","0.6666666666666666"
"7x7-p72","7x7-uct-0100","uct-0100","44","0.25","12","0.8055555555555556","0","0","0.8680423562500169","0.3333333333333333","0.18055555555555558","0.8888888888888888"
"7x7-p72","7x7-uct-0100","uct-0100","44","0.5","24","0.6805555555555556","0","1","0.8481973151785929","0.25","0.16666666666666666","0.7777777777777778"
"7x7-p72","7x7-uct-0100","uct-0100","44","0.75","36","0.5740740740740741","0","5","0.9007747946428813","0.25","0.1527777777777778","0.8888888888888888"
"7x7-p72","7x7-uct-0100","uct-0100","44","0.9","44","0.5378787878787878","1","11","0.7430423562500168","0.3333333333333333","0.2222222222222222","0.6666666666666666"
"7x7-p72","7x7-uct-0100","uct-0100","45","0.25","12","0.7777777777777778","0","0","0.8680423562500167","0.16666666666666666","0.15277777777777776","0.7777777777777778"
"7x7-p72","7x7-uct-0100","uct-0100","45","0.5","24","0.6388888888888888","1","1","0.7430423562500169","0.3333333333333333","0.2222222222222222","0.6666666666666666"
"7x7-p72","7x7-uct-0100","uct-0100","45","0.75","36","0.5833333333333334","1","7","0.7205719778266465","0.4166666666666667","0.25","0.6666666666666666"
"7x7-p72","7x7-uct-0100","uct-0100","45","0.9","44","0.5378787878787878","2","10","0.920619835714305","0.16666666666666666","0.1388888888888889","0.8888888888888888"
"7x7-p72","7x7-uct-0100","uct-0100","46","0.25","12","0.6944444444444444","0","1","0.8481973151785931","0.25","0.16666666666666666","0.7777777777777778"
"7x7-p72","7x7-uct-0100","uct-0100","46","0.5","24","0.6388888888888888","0","1","0.920619835714305","0.16666666666666666","0.1388888888888889","0.8888888888888888"
"7x7-p72","7x7-uct-0100","uct-0100","46","0.75","36","0.6388888888888888","1","2","0.9007747946428811","0.25","0.1527777777777778","0.8888888888888888"
"7x7-p72","7x7-uct-0100","uct-0100","46","0.9","44","0.5833333333333334","1","8","0.9731973151785932","0.16666666666666666","0.125","1"
"7x7-p72","7x7-uct-0100","uct-0100","47","0.25","12","0.8055555555555556","0","0","0.8481973151785931","0.25","0.16666666666666669","0.7777777777777778"
"7x7-p72","7x7-uct-0100","uct-0100","47","0.5","24","0.6944444444444444","0","1","0.8481973151785931","0.25","0.16666666666666669","0.7777777777777778"
"7x7-p72","7x7-uct-0100","uct-0100","47","0.75","36","0.6111111111111112","2","4","0.8283522741071693","0.25","0.18055555555555555","0.7777777777777778"
"7x7-p72","7x7-uct-0100","uct-0100","47","0.9","44","0.553030303030303","2","8","0.8680423562500167","0.16666666666666666","0.15277777777777776","0.7777777777777778"
"7x7-p72","7x7-uct-0100","uct-0100","48","0.25","12","0.8333333333333334","0","0","0.8680423562500167","0.16666666666666666","0.1527777777777778","0.7777777777777778"
"7x7-p72","7x7-uct-0100","uct-0100","48","0.5","24","0.6944444444444444","0","1","0.8154648767857287","0.3333333333333333","0.19444444444444448","0.7777777777777778"
"7x7-p72","7x7-uct-0100","uct-0100","48","0.75","36","0.6296296296296297","1","4","0.9007747946428811","0.25","0.1527777777777778","0.8888888888888888"
"7x7-p72","7x7-uct-0100","uct-0100","48","0.9","44","0.5681818181818182","1","10","0.7628873973214406","0.3333333333333333","0.20833333333333334","0.6666666666666666"
"7x7-p72","7x7-uct-0100","uct-0100","49","0.25","12","0.75","0","0","0.8680423562500169","0.3333333333333333","0.18055555555555558","0.8888888888888888"
"7x7-p72","7x7-uct-0100","uct-0100","49","0.5","24","0.6111111111111112","0","2","0.9731973151785932","0.16666666666666666","0.125","1"
"7x7-p72","7x7-uct-0100","uct-0100","49","0.75","36","0.5462962962962963","2","6","0.7956198357143051","0.3333333333333333","0.20833333333333334","0.7777777777777778"
"7x7-p72","7x7-uct-0100","uct-0100","49","0.9","44","0.5151515151515151","3","10","0.7956198357143048","0.25","0.18055555555555555","0.6666666666666666"
"7x7-p72","7x7-uct-0100","uct-0100","50","0.25","12","0.7222222222222222","1","0","0.8680423562500167","0.16666666666666666","0.15277777777777776","0.7777777777777778"
"7x7-p72","7x7-uct-0100","uct-0100","50","0.5","24","0.5833333333333334","2","3","0.8283522741071695","0.25","0.18055555555555555","0.7777777777777778"
"7x7-p72","7x7-uct-0100","uct-0100","50","0.75","36","0.5833333333333334","2","3","0.9007747946428811","0.25","0.1527777777777778","0.8888888888888888"
"7x7-p72","7x7-uct-0100","uct-0100","50","0.9","44","0.553030303030303","3","11","0.8481973151785929","0.25","0.16666666666666666","0.7777777777777778"
"7x7-p72","7x7-uct-0500","uct-0500","1","0.25","12","0.7777777777777778","0","0","0.775774794642881","0.25","0.19444444444444445","0.6666666666666666"
"7x7-p72","7x7-uct-0500","uct-0500","1","0.5","24","0.625","0","2","0.8154648767857287","0.3333333333333333","0.19444444444444445","0.7777777777777778"
"7x7-p72","7x7-uct-0500","uct-0500","1","0.75","36","0.5277777777777778","2","7","0.670619835714305","0.3333333333333333","0.25","0.5555555555555556"
"7x7-p72","7x7-uct-0500","uct-0500","1","0.9","44","0.45454545454545453","2","18","0.7205719778266463","0.4166666666666667","0.25","0.6666666666666666"
"7x7-p72","7x7-uct-0500","uct-0500","2","0.25","12","0.8611111111111112","0","0","0.8154648767857289","0.3333333333333333","0.19444444444444445","0.7777777777777778"
"7x7-p72","7x7-uct-0500","uct-0500","2","0.5","24","0.6111111111111112","0","2","0.7007269367552227","0.4166666666666667","0.26388888888888895","0.6666666666666666"
"7x7-p72","7x7-uct-0500","uct-0500","2","0.75","36","0.5370370370370371","1","9","0.8680423562500169","0.3333333333333333","0.18055555555555558","0.8888888888888888"
"7x7-p72","7x7-uct-0500","uct-0500","2","0.9","44","0.49242424242424243","1","16","0.7956198357143048","0.25","0.18055555555555555","0.6666666666666666"
"7x7-p72","7x7-uct-0500","uct-0500","3","0.25","12","0.75","0","0","0.7628873973214406","0.3333333333333333","0.20833333333333337","0.6666666666666666"
"7x7-p72","7x7-uct-0500","uct-0500","3","0.5","24","0.5833333333333334","0","5","0.7956198357143051","0.3333333333333333","0.20833333333333334","0.7777777777777778"
"7x7-p72","7x7-uct-0500","uct-0500","3","0.75","36","0.5092592592592593","1","12","0.8283522741071693","0.25","0.18055555555555555","0.7777777777777778"
"7x7-p72","7x7-uct-0500","uct-0500","3","0.9","44","0.45454545454545453","1","18","0.7956198357143048","0.25","0.18055555555555558","0.6666666666666666"
"7x7-p72","7x7-uct-0500","uct-0500","4","0.25","12","0.8055555555555556","0","0","0.920619835714305","0.16666666666666666","0.1388888888888889","0.8888888888888888"
"7x7-p72","7x7-uct-0500","uct-0500","4","0.5","24","0.625","0","4","0.9533522741071694","0.25","0.1388888888888889","1"
"7x7-p72","7x7-uct-0500","uct-0500","4","0.75","36","0.5462962962962963","0","10","0.7430423562500168","0.3333333333333333","0.22222222222222224","0.6666666666666666"
"7x7-p72","7x7-uct-0500","uct-0500","4","0.9","44","0.48484848484848486","0","14","0.9007747946428811","0.25","0.1527777777777778","0.8888888888888888"
"7x7-p72","7x7-uct-0500","uct-0500","5","0.25","12","0.6944444444444444","0","0","0.8680423562500167","0.16666666666666666","0.15277777777777776","0.7777777777777778"
"7x7-p72","7x7-uct-0500","uct-0500","5","0.5","24","0.5555555555555556","1","4","0.8481973151785931","0.25","0.16666666666666669","0.7777777777777778"
"7x7-p72","7x7-uct-0500","uct-0500","5","0.75","36","0.5","2","13","0.920619835714305","0.16666666666666666","0.1388888888888889","0.8888888888888888"
"7x7-p72","7x7-uct-0500","uct-0500","5","0.9","44","0.48484848484848486","3","17","0.8680423562500169","0.3333333333333333","0.18055555555555558","0.8888888888888888"
"7x7-p72","7x7-uct-0500","uct-0500","6","0.25","12","0.6944444444444444","0","1","0.8154648767857287","0.3333333333333333","0.19444444444444445","0.7777777777777778"
"7x7-p72","7x7-uct-0500","uct-0500","6","0.5","24","0.5555555555555556","0","4","0.6904648767857287","0.3333333333333333","0.2361111111111111","0.5555555555555556"
"7x7-p72","7x7-uct-0500","uct-0500","6","0.75","36","0.5185185185185185","0","8","0.7731494572909345","0.4166666666666667","0.23611111111111113","0.7777777777777778"
"7x7-p72","7x7-uct-0500","uct-0500","6","0.9","44","0.5227272727272727","0","16","0.6679944983623582","0.4166666666666667","0.2638888888888889","0.5555555555555556"
"7x7-p72","7x7-uct-0500","uct-0500","7","0.25","12","0.8055555555555556","0","0","0.7033522741071694","0.25","0.22222222222222224","0.5555555555555556"
"7x7-p72","7x7-uct-0500","uct-0500","7","0.5","24","0.7222222222222222","2","2","0.7956198357143047","0.25","0.18055555555555558","0.6666666666666666"
"7x7-p72","7x7-uct-0500","uct-0500","7","0.75","36","0.6018518518518519","2","9","0.8283522741071693","0.25","0.18055555555555558","0.7777777777777778"
"7x7-p72","7x7-uct-0500","uct-0500","7","0.9","44","0.5681818181818182","3","13","0.7559297535714574","0.25","0.20833333333333334","0.6666666666666666"
"7x7-p72","7x7-uct-0500","uct-0500","8","0.25","12","0.7222222222222222","1","0","0.920619835714305","0.16666666666666666","0.1388888888888889","0.8888888888888888"
"7x7-p72","7x7-uct-0500","uct-0500","8","0.5","24","0.5833333333333334","2","3","0.920619835714305","0.16666666666666666","0.1388888888888889","0.8888888888888888"
"7x7-p72","7x7-uct-0500","uct-0500","8","0.75","36","0.5277777777777778","2","8","0.7757747946428812","0.25","0.19444444444444445","0.6666666666666666"
"7x7-p72","7x7-uct-0500","uct-0500","8","0.9","44","0.49242424242424243","3","13","0.7731494572909345","0.4166666666666667","0.23611111111111113","0.7777777777777778"
"7x7-p72","7x7-uct-0500","uct-0500","9","0.25","12","0.75","0","0","0.7430423562500168","0.3333333333333333","0.22222222222222224","0.6666666666666666"
"7x7-p72","7x7-uct-0500","uct-0500","9","0.5","24","0.5833333333333334","0","2","0.9007747946428811","0.25","0.1527777777777778","0.8888888888888888"
"7x7-p72","7x7-uct-0500","uct-0500","9","0.75","36","0.5370370370370371","1","10","0.6481494572909344","0.4166666666666667","0.2777777777777778","0.5555555555555556"
"7x7-p72","7x7-uct-0500","uct-0500","9","0.9","44","0.4696969696969697","1","18","0.8481973151785931","0.25","0.16666666666666669","0.7777777777777778"
"7x7-p72","7x7-uct-0500","uct-0500","10","0.25","12","0.7777777777777778","0","1","0.8481973151785931","0.25","0.16666666666666669","0.7777777777777778"
"7x7-p72","7x7-uct-0500","uct-0500","10","0.5","24","0.6666666666666666","0","4","0.8481973151785931","0.25","0.16666666666666666","0.7777777777777778"
"7x7-p72","7x7-uct-0500","uct-0500","10","0.75","36","0.5370370370370371","0","9","0.920619835714305","0.16666666666666666","0.1388888888888889","0.8888888888888888"
"7x7-p72","7x7-uct-0500","uct-0500","10","0.9","44","0.5075757575757576","2","14","0.775774794642881","0.25","0.19444444444444445","0.6666666666666666"
"7x7-p72","7x7-uct-0500","uct-0500","11","0.25","12","0.6944444444444444","0","0","0.7757747946428812","0.25","0.19444444444444445","0.6666666666666666"
"7x7-p72","7x7-uct-0500","uct-0500","11","0.5","24","0.6111111111111112","0","2","0.7430423562500168","0.3333333333333333","0.22222222222222224","0.6666666666666666"
"7x7-p72","7x7-uct-0500","uct-0500","11","0.75","36","0.5277777777777778","0","10","0.8283522741071693","0.25","0.18055555555555555","0.7777777777777778"
"7x7-p72","7x7-uct-0500","uct-0500","11","0.9","44","0.4696969696969697","1","16","0.7731494572909345","0.4166666666666667","0.23611111111111113","0.7777777777777778"
"7x7-p72","7x7-uct-0500","uct-0500","12","0.25","12","0.6388888888888888","0","1","0.8283522741071693","0.25","0.18055555555555555","0.7777777777777778"
"7x7-p72","7x7-uct-0500","uct-0500","12","0.5","24","0.5694444444444444","0","3","0.8154648767857287","0.3333333333333333","0.19444444444444442","0.7777777777777778"
"7x7-p72","7x7-uct-0500","uct-0500","12","0.75","36","0.5","0","12","0.7033522741071693","0.25","0.2222222222222222","0.5555555555555556"
"7x7-p72","7x7-uct-0500","uct-0500","12","0.9","44","0.49242424242424243","1","16","0.7103099178571525","0.3333333333333333","0.25","0.6666666666666666"
"7x7-p72","7x7-uct-0500","uct-0500","13","0.25","12","0.6388888888888888","0","0","0.6679944983623582","0.4166666666666667","0.2638888888888889","0.5555555555555556"
"7x7-p72","7x7-uct-0500","uct-0500","13","0.5","24","0.5833333333333334","0","2","0.8283522741071693","0.25","0.18055555555555558","0.7777777777777778"
"7x7-p72","7x7-uct-0500","uct-0500","13","0.75","36","0.49074074074074076","1","12","0.8809297535714575","0.25","0.16666666666666669","0.8888888888888888"
"7x7-p72","7x7-uct-0500","uct-0500","13","0.9","44","0.4696969696969697","1","18","0.7757747946428812","0.25","0.19444444444444448","0.6666666666666666"
"7x7-p72","7x7-uct-0500","uct-0500","14","0.25","12","0.6111111111111112","0","0","0.7430423562500168","0.3333333333333333","0.22222222222222224","0.6666666666666666"
"7x7-p72","7x7-uct-0500","uct-0500","14","0.5","24","0.5694444444444444","1","4","0.7956198357143048","0.25","0.18055555555555555","0.6666666666666666"
"7x7-p72","7x7-uct-0500","uct-0500","14","0.75","36","0.5555555555555556","1","7","0.7430423562500168","0.3333333333333333","0.2222222222222222","0.6666666666666666"
"7x7-p72","7x7-uct-0500","uct-0500","14","0.9","44","0.5075757575757576","2","15","0.8481973151785931","0.25","0.16666666666666666","0.7777777777777778"
"7x7-p72","7x7-uct-0500","uct-0500","15","0.25","12","0.6388888888888888","0","0","0.670619835714305","0.3333333333333333","0.25","0.5555555555555556"
"7x7-p72","7x7-uct-0500","uct-0500","15","0.5","24","0.5555555555555556","0","4","0.8481973151785929","0.25","0.16666666666666666","0.7777777777777778"
"7x7-p72","7x7-uct-0500","uct-0500","15","0.75","36","0.5277777777777778","1","12","0.8481973151785931","0.25","0.16666666666666669","0.7777777777777778"
"7x7-p72","7x7-uct-0500","uct-0500","15","0.9","44","0.5075757575757576","1","17","0.8283522741071693","0.25","0.18055555555555558","0.7777777777777778"
"7x7-p72","7x7-uct-0500","uct-0500","16","0.25","12","0.6944444444444444","0","0","0.614316993399376","0.5833333333333334","0.375","0.6666666666666666"
"7x7-p72","7x7-uct-0500","uct-0500","16","0.5","24","0.5138888888888888","0","5","0.670619835714305","0.5","0.30555555555555547","0.6666666666666666"
"7x7-p72","7x7-uct-0500","uct-0500","16","0.75","36","0.46296296296296297","0","12","0.9007747946428811","0.25","0.1527777777777778","0.8888888888888888"
"7x7-p72","7x7-uct-0500","uct-0500","16","0.9","44","0.44696969696969696","0","16","0.6154170188980701","0.4166666666666667","0.3055555555555555","0.5555555555555556"
"7x7-p72","7x7-uct-0500","uct-0500","17","0.25","12","0.7222222222222222","0","0","0.848197315178593","0.25","0.16666666666666669","0.7777777777777778"
"7x7-p72","7x7-uct-0500","uct-0500","17","0.5","24","0.5972222222222222","0","3","0.8481973151785929","0.25","0.16666666666666669","0.7777777777777778"
"7x7-p72","7x7-uct-0500","uct-0500","17","0.75","36","0.5277777777777778","1","12","0.8809297535714575","0.25","0.16666666666666669","0.8888888888888888"
"7x7-p72","7x7-uct-0500","uct-0500","17","0.9","44","0.4696969696969697","2","20","0.8481973151785931","0.25","0.16666666666666669","0.7777777777777778"
"7x7-p72","7x7-uct-0500","uct-0500","18","0.25","12","0.6111111111111112","0","1","0.8481973151785929","0.25","0.16666666666666666","0.7777777777777778"
"7x7-p72","7x7-uct-0500","uct-0500","18","0.5","24","0.5277777777777778","0","3","0.8154648767857289","0.3333333333333333","0.19444444444444445","0.7777777777777778"
"7x7-p72","7x7-uct-0500","uct-0500","18","0.75","36","0.5462962962962963","1","6","0.7430423562500168","0.3333333333333333","0.22222222222222224","0.6666666666666666"
"7x7-p72","7x7-uct-0500","uct-0500","18","0.9","44","0.5227272727272727","3","13","0.7757747946428812","0.25","0.19444444444444445","0.6666666666666666"
"7x7-p72","7x7-uct-0500","uct-0500","19","0.25","12","0.7777777777777778","0","0","0.7430423562500168","0.3333333333333333","0.22222222222222224","0.6666666666666666"
"7x7-p72","7x7-uct-0500","uct-0500","19","0.5","24","0.6111111111111112","1","6","0.8154648767857289","0.3333333333333333","0.19444444444444445","0.7777777777777778"
"7x7-p72","7x7-uct-0500","uct-0500","19","0.75","36","0.5462962962962963","1","11","0.5853099178571524","0.3333333333333333","0.29166666666666663","0.4444444444444444"
"7x7-p72","7x7-uct-0500","uct-0500","19","0.9","44","0.4772727272727273","2","17","0.6904648767857285","0.3333333333333333","0.23611111111111113","0.5555555555555556"
"7x7-p72","7x7-uct-0500","uct-0500","20","0.25","12","0.8055555555555556","0","0","0.7956198357143048","0.25","0.18055555555555558","0.6666666666666666"
"7x7-p72","7x7-uct-0500","uct-0500","20","0.5","24","0.6944444444444444","2","2","0.7956198357143048","0.25","0.18055555555555555","0.6666666666666666"
"7x7-p72","7x7-uct-0500","uct-0500","20","0.75","36","0.6111111111111112","3","7","0.7033522741071692","0.25","0.22222222222222224","0.5555555555555556"
"7x7-p72","7x7-uct-0500","uct-0500","20","0.9","44","0.5378787878787878","3","14","0.6679944983623582","0.4166666666666667","0.2638888888888889","0.5555555555555556"
"7x7-p72","7x7-uct-0500","uct-0500","21","0.25","12","0.75","0","0","0.8154648767857289","0.3333333333333333","0.19444444444444448","0.7777777777777778"
"7x7-p72","7x7-uct-0500","uct-0500","21","0.5","24","0.5416666666666666","0","4","0.8481973151785931","0.25","0.16666666666666669","0.7777777777777778"
"7x7-p72","7x7-uct-0500","uct-0500","21","0.75","36","0.48148148148148145","0","10","0.8154648767857289","0.3333333333333333","0.19444444444444448","0.7777777777777778"
"7x7-p72","7x7-uct-0500","uct-0500","21","0.9","44","0.4696969696969697","1","17","0.8154648767857287","0.3333333333333333","0.19444444444444442","0.7777777777777778"
"7x7-p72","7x7-uct-0500","uct-0500","22","0.25","12","0.8611111111111112","0","0","0.7628873973214406","0.3333333333333333","0.20833333333333331","0.6666666666666666"
"7x7-p72","7x7-uct-0500","uct-0500","22","0.5","24","0.7083333333333334","2","1","0.9007747946428811","0.25","0.1527777777777778","0.8888888888888888"
"7x7-p72","7x7-uct-0500","uct-0500","22","0.75","36","0.5925925925925926","2","11","0.6051549589285761","0.3333333333333333","0.2777777777777778","0.4444444444444444"
"7x7-p72","7x7-uct-0500","uct-0500","22","0.9","44","0.553030303030303","2","16","0.8481973151785931","0.25","0.16666666666666669","0.7777777777777778"
"7x7-p72","7x7-uct-0500","uct-0500","23","0.25","12","0.7222222222222222","0","1","0.9007747946428811","0.25","0.1527777777777778","0.8888888888888888"
"7x7-p72","7x7-uct-0500","uct-0500","23","0.5","24","0.5833333333333334","1","5","0.920619835714305","0.16666666666666666","0.1388888888888889","0.8888888888888888"
"7x7-p72","7x7-uct-0500","uct-0500","23","0.75","36","0.49074074074074076","1","12","0.7628873973214406","0.3333333333333333","0.20833333333333331","0.6666666666666666"
"7x7-p72","7x7-uct-0500","uct-0500","23","0.9","44","0.4393939393939394","1","19","0.7757747946428812","0.25","0.19444444444444445","0.6666666666666666"
"7x7-p72","7x7-uct-0500","uct-0500","24","0.25","12","0.75","0","0","0.8283522741071693","0.25","0.18055555555555558","0.7777777777777778"
"7x7-p72","7x7-uct-0500","uct-0500","24","0.5","24","0.5416666666666666","0","3","0.9007747946428813","0.25","0.1527777777777778","0.8888888888888888"
"7x7-p72","7x7-uct-0500","uct-0500","24","0.75","36","0.4722222222222222","0","13","0.7628873973214406","0.3333333333333333","0.20833333333333331","0.6666666666666666"
"7x7-p72","7x7-uct-0500","uct-0500","24","0.9","44","0.42424242424242425","0","18","0.6904648767857287","0.3333333333333333","0.23611111111111113","0.5555555555555556"
"7x7-p72","7x7-uct-0500","uct-0500","25","0.25","12","0.75","0","0","0.8154648767857289","0.3333333333333333","0.19444444444444445","0.7777777777777778"
"7x7-p72","7x7-uct-0500","uct-0500","25","0.5","24","0.5277777777777778","0","4","0.7007269367552227","0.4166666666666667","0.26388888888888884","0.6666666666666666"
"7x7-p72","7x7-uct-0500","uct-0500","25","0.75","36","0.5462962962962963","1","7","0.7956198357143048","0.25","0.18055555555555555","0.6666666666666666"
"7x7-p72","7x7-uct-0500","uct-0500","25","0.9","44","0.5","1","15","0.6481494572909344","0.4166666666666667","0.27777777777777773","0.5555555555555556"
"7x7-p72","7x7-uct-0500","uct-0500","26","0.25","12","0.6666666666666666","0","1","0.9007747946428813","0.25","0.1527777777777778","0.8888888888888888"
"7x7-p72","7x7-uct-0500","uct-0500","26","0.5","24","0.5694444444444444","0","3","0.7956198357143048","0.25","0.18055555555555555","0.6666666666666666"
"7x7-p72","7x7-uct-0500","uct-0500","26","0.75","36","0.48148148148148145","1","13","0.8154648767857289","0.3333333333333333","0.19444444444444445","0.7777777777777778"
"7x7-p72","7x7-uct-0500","uct-0500","26","0.9","44","0.4393939393939394","1","18","0.7628873973214404","0.3333333333333333","0.20833333333333331","0.6666666666666666"
"7x7-p72","7x7-uct-0500","uct-0500","27","0.25","12","0.7777777777777778","0","0","0.9206198357143052","0.3333333333333333","0.16666666666666669","1"
"7x7-p72","7x7-uct-0500","uct-0500","27","0.5","24","0.6111111111111112","0","3","0.8680423562500167","0.16666666666666666","0.15277777777777776","0.7777777777777778"
"7x7-p72","7x7-uct-0500","uct-0500","27","0.75","36","0.5277777777777778","0","11","0.8283522741071693","0.25","0.18055555555555558","0.7777777777777778"
"7x7-p72","7x7-uct-0500","uct-0500","27","0.9","44","0.4772727272727273","0","17","0.8481973151785931","0.25","0.16666666666666666","0.7777777777777778"
"7x7-p72","7x7-uct-0500","uct-0500","28","0.25","12","0.8055555555555556","0","0","0.7205719778266463","0.4166666666666667","0.25","0.6666666666666666"
"7x7-p72","7x7-uct-0500","uct-0500","28","0.5","24","0.6666666666666666","1","1","0.8680423562500167","0.16666666666666666","0.1527777777777778","0.7777777777777778"
"7x7-p72","7x7-uct-0500","uct-0500","28","0.75","36","0.5925925925925926","1","8","0.8283522741071695","0.25","0.18055555555555558","0.7777777777777778"
"7x7-p72","7x7-uct-0500","uct-0500","28","0.9","44","0.5","1","15","0.7956198357143051","0.3333333333333333","0.20833333333333334","0.7777777777777778"
"7x7-p72","7x7-uct-0500","uct-0500","29","0.25","12","0.6388888888888888","0","0","0.7628873973214406","0.3333333333333333","0.20833333333333334","0.6666666666666666"
"7x7-p72","7x7-uct-0500","uct-0500","29","0.5","24","0.5555555555555556","1","5","0.6904648767857287","0.3333333333333333","0.2361111111111111","0.5555555555555556"
"7x7-p72","7x7-uct-0500","uct-0500","29","0.75","36","0.5","1","11","0.7956198357143048","0.25","0.18055555555555558","0.6666666666666666"
"7x7-p72","7x7-uct-0500","uct-0500","29","0.9","44","0.45454545454545453","1","18","0.7559297535714574","0.25","0.20833333333333334","0.6666666666666666"
"7x7-p72","7x7-uct-0500","uct-0500","30","0.25","12","0.7222222222222222","0","2","0.8283522741071693","0.25","0.18055555555555555","0.7777777777777778"
"7x7-p72","7x7-uct-0500","uct-0500","30","0.5","24","0.6805555555555556","0","3","0.7956198357143048","0.25","0.18055555555555558","0.6666666666666666"
"7x7-p72","7x7-uct-0500","uct-0500","30","0.75","36","0.6111111111111112","2","9","0.723197315178593","0.25","0.20833333333333337","0.5555555555555556"
"7x7-p72","7x7-uct-0500","uct-0500","30","0.9","44","0.5681818181818182","5","15","0.8154648767857287","0.3333333333333333","0.19444444444444448","0.7777777777777778"
"7x7-p72","7x7-uct-0500","uct-0500","31","0.25","12","0.75","0","0","0.775774794642881","0.25","0.19444444444444445","0.6666666666666666"
"7x7-p72","7x7-uct-0500","uct-0500","31","0.5","24","0.6111111111111112","0","5","0.7628873973214405","0.3333333333333333","0.20833333333333337","0.6666666666666666"
"7x7-p72","7x7-uct-0500","uct-0500","31","0.75","36","0.5185185185185185","0","12","0.8154648767857287","0.3333333333333333","0.19444444444444442","0.7777777777777778"
"7x7-p72","7x7-uct-0500","uct-0500","31","0.9","44","0.4696969696969697","0","19","0.6904648767857287","0.3333333333333333","0.23611111111111113","0.5555555555555556"
"7x7-p72","7x7-uct-0500","uct-0500","32","0.25","12","0.7222222222222222","0","0","0.7103099178571524","0.3333333333333333","0.22222222222222227","0.5555555555555556"
"7x7-p72","7x7-uct-0500","uct-0500","32","0.5","24","0.5694444444444444","0","2","0.920619835714305","0.16666666666666666","0.1388888888888889","0.8888888888888888"
"7x7-p72","7x7-uct-0500","uct-0500","32","0.75","36","0.5092592592592593","0","11","0.920619835714305","0.16666666666666666","0.1388888888888889","0.8888888888888888"
"7x7-p72","7x7-uct-0500","uct-0500","32","0.9","44","0.48484848484848486","0","15","0.7430423562500168","0.3333333333333333","0.22222222222222224","0.6666666666666666"
"7x7-p72","7x7-uct-0500","uct-0500","33","0.25","12","0.6944444444444444","0","1","0.7628873973214405","0.3333333333333333","0.20833333333333337","0.6666666666666666"
"7x7-p72","7x7-uct-0500","uct-0500","33","0.5","24","0.6111111111111112","0","3","0.8680423562500167","0.16666666666666666","0.1527777777777778","0.7777777777777778"
"7x7-p72","7x7-uct-0500","uct-0500","33","0.75","36","0.4722222222222222","0","12","0.8481973151785931","0.25","0.16666666666666666","0.7777777777777778"
"7x7-p72","7x7-uct-0500","uct-0500","33","0.9","44","0.4318181818181818","0","18","0.7956198357143048","0.25","0.18055555555555552","0.6666666666666666"
"7x7-p72","7x7-uct-0500","uct-0500","34","0.25","12","0.7777777777777778","0","0","0.8283522741071693","0.25","0.18055555555555555","0.7777777777777778"
"7x7-p72","7x7-uct-0500","uct-0500","34","0.5","24","0.5833333333333334","1","4","0.8283522741071693","0.25","0.18055555555555558","0.7777777777777778"
"7x7-p72","7x7-uct-0500","uct-0500","34","0.75","36","0.48148148148148145","2","13","0.7205719778266463","0.4166666666666667","0.25","0.6666666666666666"
"7x7-p72","7x7-uct-0500","uct-0500","34","0.9","44","0.4393939393939394","3","18","0.7430423562500168","0.3333333333333333","0.2222222222222222","0.6666666666666666"
"7x7-p72","7x7-uct-0500","uct-0500","35","0.25","12","0.6388888888888888","0","0","0.9007747946428813","0.25","0.1527777777777778","0.8888888888888888"
"7x7-p72","7x7-uct-0500","uct-0500","35","0.5","24","0.6388888888888888","0","1","0.6679944983623581","0.4166666666666667","0.2638888888888889","0.5555555555555556"
"7x7-p72","7x7-uct-0500","uct-0500","35","0.75","36","0.5370370370370371","0","10","0.920619835714305","0.16666666666666666","0.1388888888888889","0.8888888888888888"
"7x7-p72","7x7-uct-0500","uct-0500","35","0.9","44","0.4772727272727273","0","17","0.775774794642881","0.25","0.19444444444444442","0.6666666666666666"
"7x7-p72","7x7-uct-0500","uct-0500","36","0.25","12","0.6388888888888888","0","0","0.8481973151785929","0.25","0.16666666666666669","0.7777777777777778"
"7x7-p72","7x7-uct-0500","uct-0500","36","0.5","24","0.5972222222222222","0","5","0.920619835714305","0.16666666666666666","0.1388888888888889","0.8888888888888888"
"7x7-p72","7x7-uct-0500","uct-0500","36","0.75","36","0.5092592592592593","0","12","0.8481973151785929","0.25","0.16666666666666666","0.7777777777777778"
"7x7-p72","7x7-uct-0500","uct-0500","36","0.9","44","0.4696969696969697","0","17","0.7956198357143051","0.3333333333333333","0.20833333333333334","0.7777777777777778"
"7x7-p72","7x7-uct-0500","uct-0500","37","0.25","12","0.6944444444444444","0","0","0.8481973151785931","0.25","0.16666666666666666","0.7777777777777778"
"7x7-p72","7x7-uct-0500","uct-0500","37","0.5","24","0.5277777777777778","0","6","0.7103099178571525","0.3333333333333333","0.25","0.6666666666666666"
"7x7-p72","7x7-uct-0500","uct-0500","37","0.75","36","0.49074074074074076","0","12","0.8283522741071693","0.25","0.18055555555555555","0.7777777777777778"
"7x7-p72","7x7-uct-0500","uct-0500","37","0.9","44","0.4090909090909091","0","18","0.7430423562500168","0.3333333333333333","0.2222222222222222","0.6666666666666666"
"7x7-p72","7x7-uct-0500","uct-0500","38","0.25","12","0.7777777777777778","0","0","0.8680423562500167","0.16666666666666666","0.1527777777777778","0.7777777777777778"
"7x7-p72","7x7-uct-0500","uct-0500","38","0.5","24","0.5694444444444444","0","3","0.7628873973214406","0.3333333333333333","0.20833333333333334","0.6666666666666666"
"7x7-p72","7x7-uct-0500","uct-0500","38","0.75","36","0.5185185185185185","1","11","0.8481973151785929","0.25","0.16666666666666666","0.7777777777777778"
"7x7-p72","7x7-uct-0500","uct-0500","38","0.9","44","0.4621212121212121","1","16","0.7757747946428812","0.25","0.19444444444444448","0.6666666666666666"
"7x7-p72","7x7-uct-0500","uct-0500","39","0.25","12","0.7777777777777778","0","0","0.9731973151785932","0.16666666666666666","0.125","1"
"7x7-p72","7x7-uct-0500","uct-0500","39","0.5","24","0.625","0","2","0.6904648767857287","0.3333333333333333","0.2361111111111111","0.5555555555555556"
"7x7-p72","7x7-uct-0500","uct-0500","39","0.75","36","0.5833333333333334","0","7","0.670619835714305","0.5","0.30555555555555547","0.6666666666666666"
"7x7-p72","7x7-uct-0500","uct-0500","39","0.9","44","0.553030303030303","0","13","0.7430423562500168","0.3333333333333333","0.22222222222222224","0.6666666666666666"
"7x7-p72","7x7-uct-0500","uct-0500","40","0.25","12","0.75","0","0","0.7628873973214406","0.3333333333333333","0.20833333333333334","0.6666666666666666"
"7x7-p72","7x7-uct-0500","uct-0500","40","0.5","24","0.5972222222222222","0","3","0.8481973151785931","0.25","0.16666666666666666","0.7777777777777778"
"7x7-p72","7x7-uct-0500","uct-0500","40","0.75","36","0.5462962962962963","1","9","0.7757747946428812","0.25","0.19444444444444445","0.6666666666666666"
"7x7-p72","7x7-uct-0500","uct-0500","40","0.9","44","0.5227272727272727","2","12","0.6679944983623582","0.4166666666666667","0.2638888888888889","0.5555555555555556"
"7x7-p72","7x7-uct-0500","uct-0500","41","0.25","12","0.8055555555555556","0","0","0.8154648767857289","0.3333333333333333","0.19444444444444445","0.7777777777777778"
"7x7-p72","7x7-uct-0500","uct-0500","41","0.5","24","0.6527777777777778","0","2","0.7956198357143048","0.25","0.18055555555555558","0.6666666666666666"
"7x7-p72","7x7-uct-0500","uct-0500","41","0.75","36","0.4722222222222222","1","12","0.7628873973214404","0.3333333333333333","0.20833333333333334","0.6666666666666666"
"7x7-p72","7x7-uct-0500","uct-0500","41","0.9","44","0.44696969696969696","2","19","0.8283522741071693","0.25","0.18055555555555555","0.7777777777777778"
"7x7-p72","7x7-uct-0500","uct-0500","42","0.25","12","0.75","0","0","0.8481973151785931","0.25","0.16666666666666669","0.7777777777777778"
"7x7-p72","7x7-uct-0500","uct-0500","42","0.5","24","0.5694444444444444","0","3","0.5617395139350879","0.5833333333333334","0.3888888888888889","0.5555555555555556"
"7x7-p72","7x7-uct-0500","uct-0500","42","0.75","36","0.5092592592592593","0","10","0.7430423562500168","0.3333333333333333","0.2222222222222222","0.6666666666666666"
"7x7-p72","7x7-uct-0500","uct-0500","42","0.9","44","0.4393939393939394","0","20","0.7628873973214406","0.3333333333333333","0.20833333333333331","0.6666666666666666"
"7x7-p72","7x7-uct-0500","uct-0500","43","0.25","12","0.6111111111111112","0","1","0.775774794642881","0.25","0.19444444444444445","0.6666666666666666"
"7x7-p72","7x7-uct-0500","uct-0500","43","0.5","24","0.5972222222222222","1","4","0.8680423562500167","0.16666666666666666","0.15277777777777776","0.7777777777777778"
"7x7-p72","7x7-uct-0500","uct-0500","43","0.75","36","0.5185185185185185","2","11","0.8481973151785929","0.25","0.16666666666666666","0.7777777777777778"
"7x7-p72","7x7-uct-0500","uct-0500","43","0.9","44","0.44696969696969696","2","18","0.8481973151785929","0.25","0.16666666666666666","0.7777777777777778"
"7x7-p72","7x7-uct-0500","uct-0500","44","0.25","12","0.7777777777777778","1","0","0.8283522741071693","0.25","0.18055555555555555","0.7777777777777778"
"7x7-p72","7x7-uct-0500","uct-0500","44","0.5","24","0.6388888888888888","2","2","0.7757747946428812","0.25","0.19444444444444442","0.6666666666666666"
"7x7-p72","7x7-uct-0500","uct-0500","44","0.75","36","0.5648148148148148","2","11","0.8680423562500169","0.3333333333333333","0.18055555555555558","0.8888888888888888"
"7x7-p72","7x7-uct-0500","uct-0500","44","0.9","44","0.5454545454545454","3","16","0.7205719778266463","0.4166666666666667","0.25","0.6666666666666666"
"7x7-p72","7x7-uct-0500","uct-0500","45","0.25","12","0.75","0","0","0.7757747946428812","0.25","0.19444444444444445","0.6666666666666666"
"7x7-p72","7x7-uct-0500","uct-0500","45","0.5","24","0.5833333333333334","0","4","0.6904648767857287","0.3333333333333333","0.2361111111111111","0.5555555555555556"
"7x7-p72","7x7-uct-0500","uct-0500","45","0.75","36","0.5277777777777778","2","11","0.775774794642881","0.25","0.19444444444444442","0.6666666666666666"
"7x7-p72","7x7-uct-0500","uct-0500","45","0.9","44","0.4772727272727273","2","16","0.8154648767857289","0.3333333333333333","0.19444444444444445","0.7777777777777778"
"7x7-p72","7x7-uct-0500","uct-0500","46","0.25","12","0.7222222222222222","0","0","0.6904648767857285","0.3333333333333333","0.23611111111111113","0.5555555555555556"
"7x7-p72","7x7-uct-0500","uct-0500","46","0.5","24","0.5833333333333334","0","3","0.7430423562500168","0.3333333333333333","0.2222222222222222","0.6666666666666666"
"7x7-p72","7x7-uct-0500","uct-0500","46","0.75","36","0.5277777777777778","1","7","0.7628873973214405","0.3333333333333333","0.20833333333333331","0.6666666666666666"
"7x7-p72","7x7-uct-0500","uct-0500","46","0.9","44","0.5151515151515151","1","10","0.8481973151785931","0.25","0.16666666666666666","0.7777777777777778"
"7x7-p72","7x7-uct-0500","uct-0500","47","0.25","12","0.6666666666666666","0","0","0.7559297535714574","0.25","0.20833333333333334","0.6666666666666666"
"7x7-p72","7x7-uct-0500","uct-0500","47","0.5","24","0.5833333333333334","0","3","0.9533522741071696","0.25","0.1388888888888889","1"
"7x7-p72","7x7-uct-0500","uct-0500","47","0.75","36","0.5462962962962963","0","11","0.775774794642881","0.25","0.19444444444444445","0.6666666666666666"
"7x7-p72","7x7-uct-0500","uct-0500","47","0.9","44","0.5227272727272727","0","16","0.9007747946428813","0.25","0.1527777777777778","0.8888888888888888"
"7x7-p72","7x7-uct-0500","uct-0500","48","0.25","12","0.8333333333333334","1","0","0.8283522741071695","0.25","0.18055555555555558","0.7777777777777778"
"7x7-p72","7x7-uct-0500","uct-0500","48","0.5","24","0.6805555555555556","1","1","0.8481973151785931","0.25","0.16666666666666669","0.7777777777777778"
"7x7-p72","7x7-uct-0500","uct-0500","48","0.75","36","0.5555555555555556","1","8","0.8154648767857289","0.3333333333333333","0.19444444444444445","0.7777777777777778"
"7x7-p72","7x7-uct-0500","uct-0500","48","0.9","44","0.5151515151515151","2","14","0.5955719778266463","0.4166666666666667","0.2916666666666667","0.4444444444444444"
"7x7-p72","7x7-uct-0500","uct-0500","49","0.25","12","0.7777777777777778","1","0","0.920619835714305","0.16666666666666666","0.1388888888888889","0.8888888888888888"
"7x7-p72","7x7-uct-0500","uct-0500","49","0.5","24","0.6111111111111112","1","4","0.9007747946428811","0.25","0.1527777777777778","0.8888888888888888"
"7x7-p72","7x7-uct-0500","uct-0500","49","0.75","36","0.5462962962962963","3","11","0.8481973151785931","0.25","0.16666666666666669","0.7777777777777778"
"7x7-p72","7x7-uct-0500","uct-0500","49","0.9","44","0.4772727272727273","3","19","0.6180423562500167","0.5","0.3194444444444444","0.5555555555555556"
"7x7-p72","7x7-uct-0500","uct-0500","50","0.25","12","0.6666666666666666","0","0","0.8283522741071693","0.25","0.18055555555555555","0.7777777777777778"
"7x7-p72","7x7-uct-0500","uct-0500","50","0.5","24","0.6666666666666666","0","3","0.8283522741071693","0.25","0.18055555555555558","0.7777777777777778"
"7x7-p72","7x7-uct-0500","uct-0500","50","0.75","36","0.5462962962962963","0","10","0.6481494572909344","0.4166666666666667","0.2777777777777778","0.5555555555555556"
"7x7-p72","7x7-uct-0500","uct-0500","50","0.9","44","0.5303030303030303","1","16","0.8283522741071693","0.25","0.18055555555555555","0.7777777777777778"
"7x7-p72","7x7-uct-1000","uct-1000","1","0.25","12","0.7777777777777778","0","0","0.7103099178571525","0.3333333333333333","0.25","0.6666666666666666"
"7x7-p72","7x7-uct-1000","uct-1000","1","0.5","24","0.5555555555555556","0","4","0.7731494572909345","0.4166666666666667","0.23611111111111116","0.7777777777777778"
"7x7-p72","7x7-uct-1000","uct-1000","1","0.75","36","0.4351851851851852","0","16","0.7956198357143048","0.25","0.18055555555555558","0.6666666666666666"
"7x7-p72","7x7-uct-1000","uct-1000","1","0.9","44","0.4015151515151515","0","20","0.9007747946428811","0.25","0.1527777777777778","0.8888888888888888"
"7x7-p72","7x7-uct-1000","uct-1000","2","0.25","12","0.75","0","0","0.8283522741071693","0.25","0.18055555555555558","0.7777777777777778"
"7x7-p72","7x7-uct-1000","uct-1000","2","0.5","24","0.625","0","3","0.8257269367552228","0.4166666666666667","0.22222222222222227","0.8888888888888888"
"7x7-p72","7x7-uct-1000","uct-1000","2","0.75","36","0.5185185185185185","0","11","0.7757747946428812","0.25","0.19444444444444448","0.6666666666666666"
"7x7-p72","7x7-uct-1000","uct-1000","2","0.9","44","0.4621212121212121","0","18","0.614316993399376","0.5833333333333334","0.37499999999999994","0.6666666666666666"
"7x7-p72","7x7-uct-1000","uct-1000","3","0.25","12","0.6944444444444444","1","0","0.7731494572909345","0.4166666666666667","0.23611111111111116","0.7777777777777778"
"7x7-p72","7x7-uct-1000","uct-1000","3","0.5","24","0.5555555555555556","1","4","0.8481973151785931","0.25","0.16666666666666666","0.7777777777777778"
"7x7-p72","7x7-uct-1000","uct-1000","3","0.75","36","0.4722222222222222","1","16","0.7628873973214406","0.3333333333333333","0.20833333333333334","0.6666666666666666"
"7x7-p72","7x7-uct-1000","uct-1000","3","0.9","44","0.42424242424242425","1","20","0.7007269367552227","0.4166666666666667","0.26388888888888884","0.6666666666666666"
"7x7-p72","7x7-uct-1000","uct-1000","4","0.25","12","0.5833333333333334","0","2","0.7731494572909345","0.4166666666666667","0.23611111111111113","0.7777777777777778"
"7x7-p72","7x7-uct-1000","uct-1000","4","0.5","24","0.4861111111111111","0","8","0.7231973151785932","0.5","0.2916666666666666","0.7777777777777778"
"7x7-p72","7x7-uct-1000","uct-1000","4","0.75","36","0.4537037037037037","0","16","0.8481973151785929","0.25","0.16666666666666666","0.7777777777777778"
"7x7-p72","7x7-uct-1000","uct-1000","4","0.9","44","0.4090909090909091","0","21","0.7033522741071693","0.25","0.2222222222222222","0.5555555555555556"
"7x7-p72","7x7-uct-1000","uct-1000","5","0.25","12","0.6666666666666666","0","1","0.8154648767857287","0.3333333333333333","0.19444444444444442","0.7777777777777778"
"7x7-p72","7x7-uct-1000","uct-1000","5","0.5","24","0.5138888888888888","0","7","0.7628873973214406","0.3333333333333333","0.20833333333333337","0.6666666666666666"
"7x7-p72","7x7-uct-1000","uct-1000","5","0.75","36","0.4351851851851852","0","16","0.9007747946428811","0.25","0.1527777777777778","0.8888888888888888"
"7x7-p72","7x7-uct-1000","uct-1000","5","0.9","44","0.38636363636363635","0","23","0.8283522741071695","0.25","0.18055555555555558","0.7777777777777778"
"7x7-p72","7x7-uct-1000","uct-1000","6","0.25","12","0.6388888888888888","0","1","0.8481973151785929","0.25","0.16666666666666669","0.7777777777777778"
"7x7-p72","7x7-uct-1000","uct-1000","6","0.5","24","0.5138888888888888","0","6","0.9731973151785932","0.16666666666666666","0.125","1"
"7x7-p72","7x7-uct-1000","uct-1000","6","0.75","36","0.49074074074074076","0","13","0.7628873973214406","0.3333333333333333","0.20833333333333334","0.6666666666666666"
"7x7-p72","7x7-uct-1000","uct-1000","6","0.9","44","0.4393939393939394","1","18","0.8283522741071693","0.25","0.18055555555555555","0.7777777777777778"
"7x7-p72","7x7-uct-1000","uct-1000","7","0.25","12","0.8055555555555556","0","0","0.7757747946428812","0.25","0.19444444444444445","0.6666666666666666"
"7x7-p72","7x7-uct-1000","uct-1000","7","0.5","24","0.6111111111111112","0","4","0.8481973151785929","0.25","0.16666666666666669","0.7777777777777778"
"7x7-p72","7x7-uct-1000","uct-1000","7","0.75","36","0.5462962962962963","1","9","0.7757747946428812","0.25","0.19444444444444448","0.6666666666666666"
"7x7-p72","7x7-uct-1000","uct-1000","7","0.9","44","0.5","1","16","0.7430423562500168","0.3333333333333333","0.22222222222222224","0.6666666666666666"
"7x7-p72","7x7-uct-1000","uct-1000","8","0.25","12","0.5833333333333334","0","2","0.7956198357143051","0.3333333333333333","0.20833333333333334","0.7777777777777778"
"7x7-p72","7x7-uct-1000","uct-1000","8","0.5","24","0.5138888888888888","0","9","0.6904648767857285","0.3333333333333333","0.2361111111111111","0.5555555555555556"
"7x7-p72","7x7-uct-1000","uct-1000","8","0.75","36","0.4537037037037037","0","15","0.8481973151785929","0.25","0.16666666666666669","0.7777777777777778"
"7x7-p72","7x7-uct-1000","uct-1000","8","0.9","44","0.42424242424242425","2","19","0.8680423562500167","0.16666666666666666","0.1527777777777778","0.7777777777777778"
"7x7-p72","7x7-uct-1000","uct-1000","9","0.25","12","0.6944444444444444","0","0","0.8481973151785931","0.25","0.16666666666666666","0.7777777777777778"
"7x7-p72","7x7-uct-1000","uct-1000","9","0.5","24","0.5277777777777778","0","5","0.9007747946428813","0.25","0.1527777777777778","0.8888888888888888"
"7x7-p72","7x7-uct-1000","uct-1000","9","0.75","36","0.4444444444444444","0","14","0.8481973151785931","0.25","0.16666666666666666","0.7777777777777778"
"7x7-p72","7x7-uct-1000","uct-1000","9","0.9","44","0.4015151515151515","0","19","0.6180423562500167","0.5","0.3194444444444444","0.5555555555555556"
"7x7-p72","7x7-uct-1000","uct-1000","10","0.25","12","0.6388888888888888","0","2","0.7559297535714574","0.25","0.20833333333333334","0.6666666666666666"
"7x7-p72","7x7-uct-1000","uct-1000","10","0.5","24","0.5138888888888888","1","6","0.7757747946428812","0.25","0.19444444444444445","0.6666666666666666"
"7x7-p72","7x7-uct-1000","uct-1000","10","0.75","36","0.4444444444444444","1","14","0.7033522741071693","0.25","0.2222222222222222","0.5555555555555556"
"7x7-p72","7x7-uct-1000","uct-1000","10","0.9","44","0.4166666666666667","2","19","0.7956198357143048","0.25","0.18055555555555558","0.6666666666666666"
"7x7-p72","7x7-uct-1000","uct-1000","11","0.25","12","0.6111111111111112","0","1","0.775774794642881","0.25","0.19444444444444445","0.6666666666666666"
"7x7-p72","7x7-uct-1000","uct-1000","11","0.5","24","0.5555555555555556","1","6","0.8283522741071695","0.25","0.18055555555555558","0.7777777777777778"
"7x7-p72","7x7-uct-1000","uct-1000","11","0.75","36","0.5462962962962963","1","13","0.7956198357143048","0.25","0.18055555555555558","0.6666666666666666"
"7x7-p72","7x7-uct-1000","uct-1000","11","0.9","44","0.4772727272727273","1","19","0.8481973151785929","0.25","0.16666666666666666","0.7777777777777778"
"7x7-p72","7x7-uct-1000","uct-1000","12","0.25","12","0.6111111111111112","0","0","0.6679944983623582","0.4166666666666667","0.2638888888888889","0.5555555555555556"
"7x7-p72","7x7-uct-1000","uct-1000","12","0.5","24","0.4861111111111111","0","6","0.7007269367552227","0.4166666666666667","0.26388888888888884","0.6666666666666666"
"7x7-p72","7x7-uct-1000","uct-1000","12","0.75","36","0.4166666666666667","0","16","0.7956198357143048","0.25","0.18055555555555555","0.6666666666666666"
"7x7-p72","7x7-uct-1000","uct-1000","12","0.9","44","0.3787878787878788","0","21","0.7205719778266463","0.4166666666666667","0.25000000000000006","0.6666666666666666"
"7x7-p72","7x7-uct-1000","uct-1000","13","0.25","12","0.6388888888888888","0","1","0.8680423562500167","0.16666666666666666","0.1527777777777778","0.7777777777777778"
"7x7-p72","7x7-uct-1000","uct-1000","13","0.5","24","0.5694444444444444","1","5","0.7628873973214406","0.3333333333333333","0.20833333333333331","0.6666666666666666"
"7x7-p72","7x7-uct-1000","uct-1000","13","0.75","36","0.4351851851851852","1","14","0.9007747946428811","0.25","0.1527777777777778","0.8888888888888888"
"7x7-p72","7x7-uct-1000","uct-1000","13","0.9","44","0.4166666666666667","1","21","0.7103099178571524","0.3333333333333333","0.2222222222222222","0.5555555555555556"
"7x7-p72","7x7-uct-1000","uct-1000","14","0.25","12","0.6944444444444444","0","1","0.775774794642881","0.25","0.19444444444444448","0.6666666666666666"
"7x7-p72","7x7-uct-1000","uct-1000","14","0.5","24","0.6111111111111112","0","4","0.8154648767857289","0.3333333333333333","0.19444444444444445","0.7777777777777778"
"7x7-p72","7x7-uct-1000","uct-1000","14","0.75","36","0.5648148148148148","2","11","0.8680423562500167","0.16666666666666666","0.15277777777777776","0.7777777777777778"
"7x7-p72","7x7-uct-1000","uct-1000","14","0.9","44","0.4772727272727273","2","19","0.775774794642881","0.25","0.19444444444444442","0.6666666666666666"
"7x7-p72","7x7-uct-1000","uct-1000","15","0.25","12","0.8333333333333334","0","0","0.8481973151785931","0.25","0.16666666666666666","0.7777777777777778"
"7x7-p72","7x7-uct-1000","uct-1000","15","0.5","24","0.5277777777777778","0","6","0.7757747946428812","0.25","0.19444444444444448","0.6666666666666666"
"7x7-p72","7x7-uct-1000","uct-1000","15","0.75","36","0.42592592592592593","0","17","0.7628873973214406","0.3333333333333333","0.20833333333333331","0.6666666666666666"
"7x7-p72","7x7-uct-1000","uct-1000","15","0.9","44","0.3787878787878788","0","22","0.7205719778266463","0.4166666666666667","0.25","0.6666666666666666"
"7x7-p72","7x7-uct-1000","uct-1000","16","0.25","12","0.6388888888888888","0","1","0.6154170188980701","0.4166666666666667","0.30555555555555547","0.5555555555555556"
"7x7-p72","7x7-uct-1000","uct-1000","16","0.5","24","0.4861111111111111","0","8","0.8154648767857287","0.3333333333333333","0.19444444444444442","0.7777777777777778"
"7x7-p72","7x7-uct-1000","uct-1000","16","0.75","36","0.42592592592592593","1","15","0.7628873973214406","0.3333333333333333","0.20833333333333337","0.6666666666666666"
"7x7-p72","7x7-uct-1000","uct-1000","16","0.9","44","0.3712121212121212","1","22","0.7559297535714574","0.25","0.20833333333333334","0.6666666666666666"
"7x7-p72","7x7-uct-1000","uct-1000","17","0.25","12","0.6944444444444444","0","0","0.8481973151785931","0.25","0.16666666666666666","0.7777777777777778"
"7x7-p72","7x7-uct-1000","uct-1000","17","0.5","24","0.5277777777777778","0","6","0.9007747946428811","0.25","0.1527777777777778","0.8888888888888888"
"7x7-p72","7x7-uct-1000","uct-1000","17","0.75","36","0.42592592592592593","0","15","0.920619835714305","0.16666666666666666","0.1388888888888889","0.8888888888888888"
"7x7-p72","7x7-uct-1000","uct-1000","17","0.9","44","0.42424242424242425","1","20","0.920619835714305","0.16666666666666666","0.1388888888888889","0.8888888888888888"
"7x7-p72","7x7-uct-1000","uct-1000","18","0.25","12","0.6388888888888888","0","3","0.8154648767857287","0.3333333333333333","0.19444444444444445","0.7777777777777778"
"7x7-p72","7x7-uct-1000","uct-1000","18","0.5","24","0.5277777777777778","0","5","0.7430423562500169","0.3333333333333333","0.22222222222222224","0.6666666666666666"
"7x7-p72","7x7-uct-1000","uct-1000","18","0.75","36","0.4444444444444444","0","13","0.6154170188980701","0.4166666666666667","0.30555555555555547","0.5555555555555556"
"7x7-p72","7x7-uct-1000","uct-1000","18","0.9","44","0.4090909090909091","1","19","0.8481973151785929","0.25","0.16666666666666669","0.7777777777777778"
"7x7-p72","7x7-uct-1000","uct-1000","19","0.25","12","0.6388888888888888","0","1","0.598197315178593","0.5","0.33333333333333326","0.5555555555555556"
"7x7-p72","7x7-uct-1000","uct-1000","19","0.5","24","0.5416666666666666","1","7","0.7757747946428812","0.25","0.19444444444444448","0.6666666666666666"
"7x7-p72","7x7-uct-1000","uct-1000","19","0.75","36","0.4722222222222222","1","15","0.775774794642881","0.25","0.19444444444444445","0.6666666666666666"
"7x7-p72","7x7-uct-1000","uct-1000","19","0.9","44","0.4090909090909091","1","21","0.7731494572909345","0.4166666666666667","0.23611111111111113","0.7777777777777778"
"7x7-p72","7x7-uct-1000","uct-1000","20","0.25","12","0.7777777777777778","0","0","0.8283522741071693","0.25","0.18055555555555558","0.7777777777777778"
"7x7-p72","7x7-uct-1000","uct-1000","20","0.5","24","0.6388888888888888","0","3","0.7033522741071692","0.25","0.22222222222222224","0.5555555555555556"
"7x7-p72","7x7-uct-1000","uct-1000","20","0.75","36","0.5648148148148148","0","7","0.9007747946428811","0.25","0.1527777777777778","0.8888888888888888"
"7x7-p72","7x7-uct-1000","uct-1000","20","0.9","44","0.49242424242424243","0","15","0.8680423562500169","0.3333333333333333","0.18055555555555555","0.8888888888888888"
"7x7-p72","7x7-uct-1000","uct-1000","21","0.25","12","0.75","0","0","0.8283522741071693","0.25","0.18055555555555558","0.7777777777777778"
"7x7-p72","7x7-uct-1000","uct-1000","21","0.5","24","0.6805555555555556","0","5","0.7956198357143047","0.25","0.18055555555555558","0.6666666666666666"
"7x7-p72","7x7-uct-1000","uct-1000","21","0.75","36","0.5462962962962963","0","11","0.8481973151785931","0.25","0.16666666666666666","0.7777777777777778"
"7x7-p72","7x7-uct-1000","uct-1000","21","0.9","44","0.5075757575757576","1","14","0.7430423562500168","0.3333333333333333","0.2222222222222222","0.6666666666666666"
"7x7-p72","7x7-uct-1000","uct-1000","22","0.25","12","0.6944444444444444","0","0","0.8680423562500167","0.16666666666666666","0.1527777777777778","0.7777777777777778"
"7x7-p72","7x7-uct-1000","uct-1000","22","0.5","24","0.5138888888888888","0","1","0.920619835714305","0.16666666666666666","0.1388888888888889","0.8888888888888888"
"7x7-p72","7x7-uct-1000","uct-1000","22","0.75","36","0.4351851851851852","2","11","0.7430423562500168","0.3333333333333333","0.22222222222222224","0.6666666666666666"
"7x7-p72","7x7-uct-1000","uct-1000","22","0.9","44","0.4090909090909091","2","18","0.8283522741071695","0.25","0.18055555555555558","0.7777777777777778"
"7x7-p72","7x7-uct-1000","uct-1000","23","0.25","12","0.6944444444444444","0","0","0.775774794642881","0.25","0.19444444444444448","0.6666666666666666"
"7x7-p72","7x7-uct-1000","uct-1000","23","0.5","24","0.5138888888888888","0","2","0.7430423562500168","0.3333333333333333","0.2222222222222222","0.6666666666666666"
"7x7-p72","7x7-uct-1000","uct-1000","23","0.75","36","0.4444444444444444","0","11","0.8154648767857287","0.3333333333333333","0.19444444444444445","0.7777777777777778"
"7x7-p72","7x7-uct-1000","uct-1000","23","0.9","44","0.44696969696969696","0","18","0.6481494572909344","0.4166666666666667","0.27777777777777773","0.5555555555555556"
"7x7-p72","7x7-uct-1000","uct-1000","24","0.25","12","0.8055555555555556","0","0","0.920619835714305","0.16666666666666666","0.1388888888888889","0.8888888888888888"
"7x7-p72","7x7-uct-1000","uct-1000","24","0.5","24","0.5694444444444444","0","5","0.8154648767857289","0.3333333333333333","0.19444444444444445","0.7777777777777778"
"7x7-p72","7x7-uct-1000","uct-1000","24","0.75","36","0.48148148148148145","0","13","0.8154648767857287","0.3333333333333333","0.19444444444444445","0.7777777777777778"
"7x7-p72","7x7-uct-1000","uct-1000","24","0.9","44","0.44696969696969696","2","20","0.8154648767857287","0.3333333333333333","0.19444444444444445","0.7777777777777778"
"7x7-p72","7x7-uct-1000","uct-1000","25","0.25","12","0.7222222222222222","0","0","0.5853099178571524","0.3333333333333333","0.29166666666666663","0.4444444444444444"
"7x7-p72","7x7-uct-1000","uct-1000","25","0.5","24","0.5694444444444444","1","5","0.7430423562500168","0.3333333333333333","0.22222222222222224","0.6666666666666666"
"7x7-p72","7x7-uct-1000","uct-1000","25","0.75","36","0.4722222222222222","2","17","0.4893169933993759","0.5833333333333334","0.4166666666666667","0.4444444444444444"
"7x7-p72","7x7-uct-1000","uct-1000","25","0.9","44","0.4090909090909091","2","22","0.7559297535714574","0.25","0.20833333333333334","0.6666666666666666"
"7x7-p72","7x7-uct-1000","uct-1000","26","0.25","12","0.6388888888888888","0","2","0.7628873973214406","0.3333333333333333","0.20833333333333334","0.6666666666666666"
"7x7-p72","7x7-uct-1000","uct-1000","26","0.5","24","0.5694444444444444","0","6","0.9533522741071694","0.25","0.1388888888888889","1"
"7x7-p72","7x7-uct-1000","uct-1000","26","0.75","36","0.4537037037037037","0","17","0.7956198357143048","0.25","0.18055555555555558","0.6666666666666666"
"7x7-p72","7x7-uct-1000","uct-1000","26","0.9","44","0.42424242424242425","0","22","0.7103099178571525","0.3333333333333333","0.25","0.6666666666666666"
"7x7-p72","7x7-uct-1000","uct-1000","27","0.25","12","0.5555555555555556","0","1","0.6481494572909344","0.4166666666666667","0.27777777777777773","0.5555555555555556"
"7x7-p72","7x7-uct-1000","uct-1000","27","0.5","24","0.5694444444444444","0","4","0.973197315178593","0.16666666666666666","0.125","1"
"7x7-p72","7x7-uct-1000","uct-1000","27","0.75","36","0.5","1","13","0.6904648767857285","0.3333333333333333","0.2361111111111111","0.5555555555555556"
"7x7-p72","7x7-uct-1000","uct-1000","27","0.9","44","0.44696969696969696","2","19","0.5617395139350877","0.5833333333333334","0.3888888888888889","0.5555555555555556"
"7x7-p72","7x7-uct-1000","uct-1000","28","0.25","12","0.7222222222222222","1","1","0.8481973151785931","0.25","0.16666666666666666","0.7777777777777778"
"7x7-p72","7x7-uct-1000","uct-1000","28","0.5","24","0.6111111111111112","1","3","0.775774794642881","0.25","0.19444444444444445","0.6666666666666666"
"7x7-p72","7x7-uct-1000","uct-1000","28","0.75","36","0.5462962962962963","2","11","0.7757747946428812","0.25","0.19444444444444448","0.6666666666666666"
"7x7-p72","7x7-uct-1000","uct-1000","28","0.9","44","0.48484848484848486","2","19","0.8154648767857287","0.3333333333333333","0.19444444444444445","0.7777777777777778"
"7x7-p72","7x7-uct-1000","uct-1000","29","0.25","12","0.7222222222222222","0","0","0.9007747946428811","0.25","0.1527777777777778","0.8888888888888888"
"7x7-p72","7x7-uct-1000","uct-1000","29","0.5","24","0.5694444444444444","0","4","0.8481973151785931","0.25","0.16666666666666669","0.7777777777777778"
"7x7-p72","7x7-uct-1000","uct-1000","29","0.75","36","0.4722222222222222","0","15","0.7430423562500168","0.3333333333333333","0.2222222222222222","0.6666666666666666"
"7x7-p72","7x7-uct-1000","uct-1000","29","0.9","44","0.4166666666666667","1","21","0.7430423562500169","0.3333333333333333","0.2222222222222222","0.6666666666666666"
"7x7-p72","7x7-uct-1000","uct-1000","30","0.25","12","0.7222222222222222","0","0","0.8481973151785929","0.25","0.16666666666666666","0.7777777777777778"
"7x7-p72","7x7-uct-1000","uct-1000","30","0.5","24","0.5416666666666666","0","7","0.8154648767857287","0.3333333333333333","0.19444444444444442","0.7777777777777778"
"7x7-p72","7x7-uct-1000","uct-1000","30","0.75","36","0.5462962962962963","1","13","0.8481973151785929","0.25","0.16666666666666666","0.7777777777777778"
"7x7-p72","7x7-uct-1000","uct-1000","30","0.9","44","0.4621212121212121","2","18","0.8481973151785931","0.25","0.16666666666666666","0.7777777777777778"
"7x7-p72","7x7-uct-1000","uct-1000","31","0.25","12","0.7222222222222222","0","1","0.8283522741071693","0.25","0.18055555555555558","0.7777777777777778"
"7x7-p72","7x7-uct-1000","uct-1000","31","0.5","24","0.5694444444444444","0","5","0.8283522741071693","0.25","0.18055555555555555","0.7777777777777778"
"7x7-p72","7x7-uct-1000","uct-1000","31","0.75","36","0.48148148148148145","0","14","0.8154648767857287","0.3333333333333333","0.19444444444444445","0.7777777777777778"
"7x7-p72","7x7-uct-1000","uct-1000","31","0.9","44","0.42424242424242425","0","21","0.7956198357143048","0.25","0.18055555555555558","0.6666666666666666"
"7x7-p72","7x7-uct-1000","uct-1000","32","0.25","12","0.6666666666666666","0","0","0.8481973151785931","0.25","0.16666666666666669","0.7777777777777778"
"7x7-p72","7x7-uct-1000","uct-1000","32","0.5","24","0.5","0","3","0.7628873973214406","0.3333333333333333","0.20833333333333331","0.6666666666666666"
"7x7-p72","7x7-uct-1000","uct-1000","32","0.75","36","0.4444444444444444","0","12","0.8283522741071695","0.25","0.18055555555555555","0.7777777777777778"
"7x7-p72","7x7-uct-1000","uct-1000","32","0.9","44","0.3787878787878788","0","18","0.6577324383928642","0.3333333333333333","0.2638888888888889","0.5555555555555556"
"7x7-p72","7x7-uct-1000","uct-1000","33","0.25","12","0.75","0","0","0.8154648767857289","0.3333333333333333","0.19444444444444448","0.7777777777777778"
"7x7-p72","7x7-uct-1000","uct-1000","33","0.5","24","0.5416666666666666","0","4","0.8154648767857287","0.3333333333333333","0.19444444444444442","0.7777777777777778"
"7x7-p72","7x7-uct-1000","uct-1000","33","0.75","36","0.4722222222222222","1","15","0.670619835714305","0.5","0.30555555555555547","0.6666666666666666"
"7x7-p72","7x7-uct-1000","uct-1000","33","0.9","44","0.4621212121212121","1","20","0.6180423562500168","0.5","0.3194444444444444","0.5555555555555556"
"7x7-p72","7x7-uct-1000","uct-1000","34","0.25","12","0.7222222222222222","0","0","0.6904648767857285","0.3333333333333333","0.2361111111111111","0.5555555555555556"
"7x7-p72","7x7-uct-1000","uct-1000","34","0.5","24","0.5833333333333334","0","2","0.8481973151785931","0.25","0.16666666666666666","0.7777777777777778"
"7x7-p72","7x7-uct-1000","uct-1000","34","0.75","36","0.46296296296296297","0","13","0.6481494572909344","0.4166666666666667","0.27777777777777773","0.5555555555555556"
"7x7-p72","7x7-uct-1000","uct-1000","34","0.9","44","0.44696969696969696","1","18","0.8680423562500167","0.16666666666666666","0.1527777777777778","0.7777777777777778"
"7x7-p72","7x7-uct-1000","uct-1000","35","0.25","12","0.6111111111111112","0","1","0.8283522741071695","0.25","0.18055555555555558","0.7777777777777778"
"7x7-p72","7x7-uct-1000","uct-1000","35","0.5","24","0.5138888888888888","0","5","0.7430423562500168","0.3333333333333333","0.2222222222222222","0.6666666666666666"
"7x7-p72","7x7-uct-1000","uct-1000","35","0.75","36","0.4351851851851852","0","12","0.7628873973214406","0.3333333333333333","0.20833333333333334","0.6666666666666666"
"7x7-p72","7x7-uct-1000","uct-1000","35","0.9","44","0.4090909090909091","0","21","0.670619835714305","0.3333333333333333","0.25","0.5555555555555556"
"7x7-p72","7x7-uct-1000","uct-1000","36","0.25","12","0.6944444444444444","1","1","0.7628873973214406","0.3333333333333333","0.20833333333333331","0.6666666666666666"
"7x7-p72","7x7-uct-1000","uct-1000","36","0.5","24","0.5555555555555556","1","6","0.7628873973214406","0.3333333333333333","0.20833333333333334","0.6666666666666666"
"7x7-p72","7x7-uct-1000","uct-1000","36","0.75","36","0.5185185185185185","1","15","0.775774794642881","0.25","0.19444444444444445","0.6666666666666666"
"7x7-p72","7x7-uct-1000","uct-1000","36","0.9","44","0.4772727272727273","1","18","0.8154648767857287","0.3333333333333333","0.19444444444444442","0.7777777777777778"
"7x7-p72","7x7-uct-1000","uct-1000","37","0.25","12","0.6944444444444444","0","1","0.7956198357143048","0.25","0.18055555555555555","0.6666666666666666"
"7x7-p72","7x7-uct-1000","uct-1000","37","0.5","24","0.4722222222222222","0","8","0.8481973151785931","0.25","0.16666666666666669","0.7777777777777778"
"7x7-p72","7x7-uct-1000","uct-1000","37","0.75","36","0.42592592592592593","1","17","0.8154648767857287","0.3333333333333333","0.19444444444444448","0.7777777777777778"
"7x7-p72","7x7-uct-1000","uct-1000","37","0.9","44","0.3787878787878788","1","20","0.5456198357143048","0.5","0.3472222222222222","0.4444444444444444"
"7x7-p72","7x7-uct-1000","uct-1000","38","0.25","12","0.8055555555555556","0","0","0.8809297535714575","0.25","0.16666666666666669","0.8888888888888888"
"7x7-p72","7x7-uct-1000","uct-1000","38","0.5","24","0.5555555555555556","0","5","0.7430423562500169","0.3333333333333333","0.22222222222222224","0.6666666666666666"
"7x7-p72","7x7-uct-1000","uct-1000","38","0.75","36","0.42592592592592593","0","15","0.9007747946428811","0.25","0.1527777777777778","0.8888888888888888"
"7x7-p72","7x7-uct-1000","uct-1000","38","0.9","44","0.38636363636363635","0","22","0.7205719778266463","0.4166666666666667","0.25","0.6666666666666666"
"7x7-p72","7x7-uct-1000","uct-1000","39","0.25","12","0.8055555555555556","0","1","0.8283522741071693","0.25","0.18055555555555555","0.7777777777777778"
"7x7-p72","7x7-uct-1000","uct-1000","39","0.5","24","0.625","1","5","0.8481973151785931","0.25","0.16666666666666669","0.7777777777777778"
"7x7-p72","7x7-uct-1000","uct-1000","39","0.75","36","0.49074074074074076","1","14","0.7430423562500168","0.3333333333333333","0.2222222222222222","0.6666666666666666"
"7x7-p72","7x7-uct-1000","uct-1000","39","0.9","44","0.44696969696969696","1","20","0.920619835714305","0.16666666666666666","0.1388888888888889","0.8888888888888888"
"7x7-p72","7x7-uct-1000","uct-1000","40","0.25","12","0.6388888888888888","0","1","0.8481973151785931","0.25","0.16666666666666666","0.7777777777777778"
"7x7-p72","7x7-uct-1000","uct-1000","40","0.5","24","0.5277777777777778","0","6","0.6051549589285761","0.3333333333333333","0.2777777777777778","0.4444444444444444"
"7x7-p72","7x7-uct-1000","uct-1000","40","0.75","36","0.42592592592592593","0","14","0.7205719778266465","0.4166666666666667","0.25","0.6666666666666666"
"7x7-p72","7x7-uct-1000","uct-1000","40","0.9","44","0.3787878787878788","0","18","0.8680423562500169","0.3333333333333333","0.18055555555555555","0.8888888888888888"
"7x7-p72","7x7-uct-1000","uct-1000","41","0.25","12","0.6666666666666666","0","0","0.8481973151785931","0.25","0.16666666666666669","0.7777777777777778"
"7x7-p72","7x7-uct-1000","uct-1000","41","0.5","24","0.5416666666666666","1","4","0.775774794642881","0.25","0.19444444444444445","0.6666666666666666"
"7x7-p72","7x7-uct-1000","uct-1000","41","0.75","36","0.46296296296296297","1","12","0.8481973151785931","0.25","0.16666666666666666","0.7777777777777778"
"7x7-p72","7x7-uct-1000","uct-1000","41","0.9","44","0.4318181818181818","1","18","0.8481973151785931","0.25","0.16666666666666669","0.7777777777777778"
"7x7-p72","7x7-uct-1000","uct-1000","42","0.25","12","0.5555555555555556","0","1","0.8481973151785931","0.25","0.16666666666666669","0.7777777777777778"
"7x7-p72","7x7-uct-1000","uct-1000","42","0.5","24","0.5","0","5","0.9007747946428811","0.25","0.1527777777777778","0.8888888888888888"
"7x7-p72","7x7-uct-1000","uct-1000","42","0.75","36","0.4537037037037037","1","14","0.7628873973214406","0.3333333333333333","0.20833333333333334","0.6666666666666666"
"7x7-p72","7x7-uct-1000","uct-1000","42","0.9","44","0.4015151515151515","1","18","0.7430423562500168","0.3333333333333333","0.2222222222222222","0.6666666666666666"
"7x7-p72","7x7-uct-1000","uct-1000","43","0.25","12","0.6666666666666666","0","1","0.9007747946428811","0.25","0.1527777777777778","0.8888888888888888"
"7x7-p72","7x7-uct-1000","uct-1000","43","0.5","24","0.5","1","8","0.8481973151785931","0.25","0.16666666666666666","0.7777777777777778"
"7x7-p72","7x7-uct-1000","uct-1000","43","0.75","36","0.46296296296296297","1","17","0.5456198357143048","0.5","0.3472222222222222","0.4444444444444444"
"7x7-p72","7x7-uct-1000","uct-1000","43","0.9","44","0.4090909090909091","1","21","0.8283522741071693","0.25","0.18055555555555555","0.7777777777777778"
"7x7-p72","7x7-uct-1000","uct-1000","44","0.25","12","0.6944444444444444","0","2","0.8283522741071693","0.25","0.18055555555555558","0.7777777777777778"
"7x7-p72","7x7-uct-1000","uct-1000","44","0.5","24","0.5972222222222222","1","4","0.9007747946428811","0.25","0.1527777777777778","0.8888888888888888"
"7x7-p72","7x7-uct-1000","uct-1000","44","0.75","36","0.5185185185185185","1","12","0.8481973151785931","0.25","0.16666666666666669","0.7777777777777778"
"7x7-p72","7x7-uct-1000","uct-1000","44","0.9","44","0.4393939393939394","1","20","0.8481973151785931","0.25","0.16666666666666666","0.7777777777777778"
"7x7-p72","7x7-uct-1000","uct-1000","45","0.25","12","0.6111111111111112","0","0","0.8283522741071695","0.25","0.18055555555555558","0.7777777777777778"
"7x7-p72","7x7-uct-1000","uct-1000","45","0.5","24","0.6111111111111112","2","3","0.9533522741071694","0.25","0.1388888888888889","1"
"7x7-p72","7x7-uct-1000","uct-1000","45","0.75","36","0.5185185185185185","2","10","0.7430423562500168","0.3333333333333333","0.2222222222222222","0.6666666666666666"
"7x7-p72","7x7-uct-1000","uct-1000","45","0.9","44","0.5151515151515151","3","15","0.9007747946428813","0.25","0.1527777777777778","0.8888888888888888"
"7x7-p72","7x7-uct-1000","uct-1000","46","0.25","12","0.8055555555555556","0","0","0.5091620344707997","0.5833333333333334","0.40277777777777785","0.4444444444444444"
"7x7-p72","7x7-uct-1000","uct-1000","46","0.5","24","0.5972222222222222","0","4","0.9007747946428811","0.25","0.1527777777777778","0.8888888888888888"
"7x7-p72","7x7-uct-1000","uct-1000","46","0.75","36","0.5092592592592593","0","11","0.7757747946428812","0.25","0.19444444444444445","0.6666666666666666"
"7x7-p72","7x7-uct-1000","uct-1000","46","0.9","44","0.4393939393939394","0","18","0.6577324383928642","0.3333333333333333","0.26388888888888884","0.5555555555555556"
"7x7-p72","7x7-uct-1000","uct-1000","47","0.25","12","0.6388888888888888","0","1","0.8680423562500167","0.16666666666666666","0.1527777777777778","0.7777777777777778"
"7x7-p72","7x7-uct-1000","uct-1000","47","0.5","24","0.5138888888888888","0","8","0.7757747946428812","0.25","0.19444444444444445","0.6666666666666666"
"7x7-p72","7x7-uct-1000","uct-1000","47","0.75","36","0.4537037037037037","0","16","0.6481494572909344","0.4166666666666667","0.2777777777777778","0.5555555555555556"
"7x7-p72","7x7-uct-1000","uct-1000","47","0.9","44","0.42424242424242425","0","19","0.9007747946428811","0.25","0.15277777777777776","0.8888888888888888"
"7x7-p72","7x7-uct-1000","uct-1000","48","0.25","12","0.6944444444444444","0","2","0.8680423562500169","0.3333333333333333","0.18055555555555558","0.8888888888888888"
"7x7-p72","7x7-uct-1000","uct-1000","48","0.5","24","0.4722222222222222","0","8","0.8154648767857287","0.3333333333333333","0.19444444444444445","0.7777777777777778"
"7x7-p72","7x7-uct-1000","uct-1000","48","0.75","36","0.3888888888888889","0","19","0.670619835714305","0.3333333333333333","0.25","0.5555555555555556"
"7x7-p72","7x7-uct-1000","uct-1000","48","0.9","44","0.3409090909090909","0","25","0.7430423562500168","0.3333333333333333","0.22222222222222224","0.6666666666666666"
"7x7-p72","7x7-uct-1000","uct-1000","49","0.25","12","0.5555555555555556","0","0","0.7956198357143048","0.25","0.18055555555555555","0.6666666666666666"
"7x7-p72","7x7-uct-1000","uct-1000","49","0.5","24","0.5138888888888888","0","6","0.6904648767857287","0.3333333333333333","0.2361111111111111","0.5555555555555556"
"7x7-p72","7x7-uct-1000","uct-1000","49","0.75","36","0.42592592592592593","0","15","0.9007747946428811","0.25","0.1527777777777778","0.8888888888888888"
"7x7-p72","7x7-uct-1000","uct-1000","49","0.9","44","0.3939393939393939","0","20","0.7430423562500168","0.3333333333333333","0.2222222222222222","0.6666666666666666"
"7x7-p72","7x7-uct-1000","uct-1000","50","0.25","12","0.6944444444444444","0","0","0.920619835714305","0.16666666666666666","0.1388888888888889","0.8888888888888888"
"7x7-p72","7x7-uct-1000","uct-1000","50","0.5","24","0.5416666666666666","0","7","0.7430423562500169","0.3333333333333333","0.2222222222222222","0.6666666666666666"
"7x7-p72","7x7-uct-1000","uct-1000","50","0.75","36","0.4537037037037037","1","13","0.6904648767857287","0.3333333333333333","0.2361111111111111","0.5555555555555556"
"7x7-p72","7x7-uct-1000","uct-1000","50","0.9","44","0.42424242424242425","1","19","0.7757747946428812","0.25","0.19444444444444448","0.6666666666666666"
"7x7-p84","7x7-p84-seeded-random","seeded-random","1","0.25","14","0.7619047619047619","0","0","0.8481973151785931","0.25","0.16666666666666669","0.7777777777777778"
"7x7-p84","7x7-p84-seeded-random","seeded-random","1","0.5","28","0.7023809523809523","1","0","0.7205719778266463","0.4166666666666667","0.25000000000000006","0.6666666666666666"
"7x7-p84","7x7-p84-seeded-random","seeded-random","1","0.75","42","0.6349206349206349","3","1","0.9007747946428811","0.25","0.1527777777777778","0.8888888888888888"
"7x7-p84","7x7-p84-seeded-random","seeded-random","1","0.9","51","0.6209150326797386","6","4","0.8481973151785931","0.25","0.16666666666666669","0.7777777777777778"
"7x7-p84","7x7-p84-seeded-random","seeded-random","2","0.25","14","0.8095238095238095","0","0","0.920619835714305","0.16666666666666666","0.1388888888888889","0.8888888888888888"
"7x7-p84","7x7-p84-seeded-random","seeded-random","2","0.5","28","0.6904761904761905","0","1","0.9007747946428813","0.25","0.1527777777777778","0.8888888888888888"
"7x7-p84","7x7-p84-seeded-random","seeded-random","2","0.75","42","0.626984126984127","3","3","0.920619835714305","0.16666666666666666","0.1388888888888889","0.8888888888888888"
"7x7-p84","7x7-p84-seeded-random","seeded-random","2","0.9","51","0.6143790849673203","3","6","0.8283522741071693","0.25","0.18055555555555555","0.7777777777777778"
"7x7-p84","7x7-p84-seeded-random","seeded-random","3","0.25","14","0.7619047619047619","0","0","0.7628873973214406","0.3333333333333333","0.20833333333333334","0.6666666666666666"
"7x7-p84","7x7-p84-seeded-random","seeded-random","3","0.5","28","0.7142857142857143","0","0","0.8481973151785931","0.25","0.16666666666666666","0.7777777777777778"
"7x7-p84","7x7-p84-seeded-random","seeded-random","3","0.75","42","0.6587301587301587","0","1","0.8481973151785931","0.25","0.16666666666666669","0.7777777777777778"
"7x7-p84","7x7-p84-seeded-random","seeded-random","3","0.9","51","0.6470588235294118","2","3","0.7956198357143048","0.25","0.18055555555555552","0.6666666666666666"
"7x7-p84","7x7-p84-seeded-random","seeded-random","4","0.25","14","0.8333333333333334","0","0","0.920619835714305","0.16666666666666666","0.1388888888888889","0.8888888888888888"
"7x7-p84","7x7-p84-seeded-random","seeded-random","4","0.5","28","0.6785714285714286","1","1","0.8154648767857287","0.3333333333333333","0.19444444444444445","0.7777777777777778"
"7x7-p84","7x7-p84-seeded-random","seeded-random","4","0.75","42","0.6666666666666666","3","2","0.7757747946428812","0.25","0.19444444444444445","0.6666666666666666"
"7x7-p84","7x7-p84-seeded-random","seeded-random","4","0.9","51","0.6601307189542484","4","2","0.8680423562500167","0.16666666666666666","0.15277777777777776","0.7777777777777778"
"7x7-p84","7x7-p84-seeded-random","seeded-random","5","0.25","14","0.8333333333333334","0","0","0.8680423562500169","0.3333333333333333","0.18055555555555558","0.8888888888888888"
"7x7-p84","7x7-p84-seeded-random","seeded-random","5","0.5","28","0.7380952380952381","2","0","0.7033522741071693","0.25","0.2222222222222222","0.5555555555555556"
"7x7-p84","7x7-p84-seeded-random","seeded-random","5","0.75","42","0.6666666666666666","6","0","0.6309297535714574","0.25","0.25","0.4444444444444444"
"7x7-p84","7x7-p84-seeded-random","seeded-random","5","0.9","51","0.6143790849673203","8","3","0.8283522741071693","0.25","0.18055555555555555","0.7777777777777778"
"7x7-p84","7x7-p84-seeded-random","seeded-random","6","0.25","14","0.7857142857142857","0","0","0.7430423562500168","0.3333333333333333","0.2222222222222222","0.6666666666666666"
"7x7-p84","7x7-p84-seeded-random","seeded-random","6","0.5","28","0.7142857142857143","1","2","0.8680423562500167","0.16666666666666666","0.1527777777777778","0.7777777777777778"
"7x7-p84","7x7-p84-seeded-random","seeded-random","6","0.75","42","0.6904761904761905","4","3","0.9007747946428811","0.25","0.1527777777777778","0.8888888888888888"
"7x7-p84","7x7-p84-seeded-random","seeded-random","6","0.9","51","0.6535947712418301","6","5","0.8481973151785931","0.25","0.16666666666666669","0.7777777777777778"
"7x7-p84","7x7-p84-seeded-random","seeded-random","7","0.25","14","0.7619047619047619","0","0","0.8809297535714575","0.25","0.16666666666666669","0.8888888888888888"
"7x7-p84","7x7-p84-seeded-random","seeded-random","7","0.5","28","0.6904761904761905","1","0","0.8283522741071693","0.25","0.18055555555555558","0.7777777777777778"
"7x7-p84","7x7-p84-seeded-random","seeded-random","7","0.75","42","0.6587301587301587","6","1","0.8481973151785931","0.25","0.16666666666666669","0.7777777777777778"
"7x7-p84","7x7-p84-seeded-random","seeded-random","7","0.9","51","0.6405228758169934","8","2","0.8481973151785931","0.25","0.16666666666666666","0.7777777777777778"
"7x7-p84","7x7-p84-seeded-random","seeded-random","8","0.25","14","0.7142857142857143","1","0","0.8680423562500167","0.16666666666666666","0.1527777777777778","0.7777777777777778"
"7x7-p84","7x7-p84-seeded-random","seeded-random","8","0.5","28","0.6666666666666666","3","1","0.7956198357143048","0.25","0.18055555555555555","0.6666666666666666"
"7x7-p84","7x7-p84-seeded-random","seeded-random","8","0.75","42","0.6428571428571429","6","3","0.7731494572909345","0.4166666666666667","0.23611111111111113","0.7777777777777778"
"7x7-p84","7x7-p84-seeded-random","seeded-random","8","0.9","51","0.6470588235294118","6","4","0.7757747946428812","0.25","0.19444444444444445","0.6666666666666666"
"7x7-p84","7x7-p84-seeded-random","seeded-random","9","0.25","14","0.7619047619047619","0","0","0.8481973151785931","0.25","0.16666666666666669","0.7777777777777778"
"7x7-p84","7x7-p84-seeded-random","seeded-random","9","0.5","28","0.7261904761904762","4","1","0.8154648767857287","0.3333333333333333","0.19444444444444448","0.7777777777777778"
"7x7-p84","7x7-p84-seeded-random","seeded-random","9","0.75","42","0.6904761904761905","5","3","0.7757747946428812","0.25","0.19444444444444448","0.6666666666666666"
"7x7-p84","7x7-p84-seeded-random","seeded-random","9","0.9","51","0.6601307189542484","8","6","0.8680423562500167","0.16666666666666666","0.15277777777777776","0.7777777777777778"
"7x7-p84","7x7-p84-seeded-random","seeded-random","10","0.25","14","0.7857142857142857","0","0","0.9007747946428813","0.25","0.1527777777777778","0.8888888888888888"
"7x7-p84","7x7-p84-seeded-random","seeded-random","10","0.5","28","0.7619047619047619","3","0","0.6904648767857287","0.3333333333333333","0.2361111111111111","0.5555555555555556"
"7x7-p84","7x7-p84-seeded-random","seeded-random","10","0.75","42","0.6666666666666666","7","1","0.7430423562500168","0.3333333333333333","0.2222222222222222","0.6666666666666666"
"7x7-p84","7x7-p84-seeded-random","seeded-random","10","0.9","51","0.673202614379085","10","2","0.775774794642881","0.25","0.19444444444444448","0.6666666666666666"
"7x7-p84","7x7-p84-seeded-random","seeded-random","11","0.25","14","0.8095238095238095","1","0","0.8283522741071693","0.25","0.18055555555555555","0.7777777777777778"
"7x7-p84","7x7-p84-seeded-random","seeded-random","11","0.5","28","0.7261904761904762","2","0","0.8481973151785931","0.25","0.16666666666666666","0.7777777777777778"
"7x7-p84","7x7-p84-seeded-random","seeded-random","11","0.75","42","0.6825396825396826","5","2","0.8481973151785931","0.25","0.16666666666666669","0.7777777777777778"
"7x7-p84","7x7-p84-seeded-random","seeded-random","11","0.9","51","0.673202614379085","6","2","0.7956198357143048","0.25","0.18055555555555558","0.6666666666666666"
"7x7-p84","7x7-p84-seeded-random","seeded-random","12","0.25","14","0.7857142857142857","0","0","0.848197315178593","0.25","0.16666666666666669","0.7777777777777778"
"7x7-p84","7x7-p84-seeded-random","seeded-random","12","0.5","28","0.6190476190476191","0","0","0.8481973151785931","0.25","0.16666666666666666","0.7777777777777778"
"7x7-p84","7x7-p84-seeded-random","seeded-random","12","0.75","42","0.6666666666666666","1","1","0.8680423562500169","0.3333333333333333","0.18055555555555555","0.8888888888888888"
"7x7-p84","7x7-p84-seeded-random","seeded-random","12","0.9","51","0.6470588235294118","2","5","0.9007747946428813","0.25","0.1527777777777778","0.8888888888888888"
"7x7-p84","7x7-p84-seeded-random","seeded-random","13","0.25","14","0.7380952380952381","1","0","0.8680423562500167","0.16666666666666666","0.15277777777777776","0.7777777777777778"
"7x7-p84","7x7-p84-seeded-random","seeded-random","13","0.5","28","0.6547619047619048","1","0","0.7007269367552227","0.4166666666666667","0.26388888888888884","0.6666666666666666"
"7x7-p84","7x7-p84-seeded-random","seeded-random","13","0.75","42","0.6190476190476191","4","4","0.7628873973214404","0.3333333333333333","0.20833333333333331","0.6666666666666666"
"7x7-p84","7x7-p84-seeded-random","seeded-random","13","0.9","51","0.6209150326797386","8","6","0.9007747946428811","0.25","0.1527777777777778","0.8888888888888888"
"7x7-p84","7x7-p84-seeded-random","seeded-random","14","0.25","14","0.8333333333333334","0","0","0.7628873973214406","0.3333333333333333","0.20833333333333337","0.6666666666666666"
"7x7-p84","7x7-p84-seeded-random","seeded-random","14","0.5","28","0.6785714285714286","0","3","0.8481973151785931","0.25","0.16666666666666669","0.7777777777777778"
"7x7-p84","7x7-p84-seeded-random","seeded-random","14","0.75","42","0.6507936507936508","4","4","0.9007747946428811","0.25","0.1527777777777778","0.8888888888888888"
"7x7-p84","7x7-p84-seeded-random","seeded-random","14","0.9","51","0.6209150326797386","6","6","0.8481973151785931","0.25","0.16666666666666666","0.7777777777777778"
"7x7-p84","7x7-p84-seeded-random","seeded-random","15","0.25","14","0.8571428571428571","2","0","0.7757747946428812","0.25","0.19444444444444445","0.6666666666666666"
"7x7-p84","7x7-p84-seeded-random","seeded-random","15","0.5","28","0.7261904761904762","2","1","0.9007747946428811","0.25","0.1527777777777778","0.8888888888888888"
"7x7-p84","7x7-p84-seeded-random","seeded-random","15","0.75","42","0.6746031746031746","5","3","0.7731494572909345","0.4166666666666667","0.23611111111111116","0.7777777777777778"
"7x7-p84","7x7-p84-seeded-random","seeded-random","15","0.9","51","0.6601307189542484","7","3","0.8283522741071693","0.25","0.18055555555555558","0.7777777777777778"
"7x7-p84","7x7-p84-seeded-random","seeded-random","16","0.25","14","0.7380952380952381","0","0","0.8283522741071693","0.25","0.18055555555555555","0.7777777777777778"
"7x7-p84","7x7-p84-seeded-random","seeded-random","16","0.5","28","0.7261904761904762","0","1","0.8283522741071695","0.25","0.18055555555555558","0.7777777777777778"
"7x7-p84","7x7-p84-seeded-random","seeded-random","16","0.75","42","0.6190476190476191","2","3","0.8154648767857289","0.3333333333333333","0.19444444444444445","0.7777777777777778"
"7x7-p84","7x7-p84-seeded-random","seeded-random","16","0.9","51","0.5816993464052288","4","5","0.8283522741071695","0.25","0.18055555555555555","0.7777777777777778"
"7x7-p84","7x7-p84-seeded-random","seeded-random","17","0.25","14","0.8809523809523809","1","0","0.8154648767857287","0.3333333333333333","0.19444444444444442","0.7777777777777778"
"7x7-p84","7x7-p84-seeded-random","seeded-random","17","0.5","28","0.7857142857142857","1","0","0.920619835714305","0.16666666666666666","0.1388888888888889","0.8888888888888888"
"7x7-p84","7x7-p84-seeded-random","seeded-random","17","0.75","42","0.6825396825396826","3","2","0.9007747946428811","0.25","0.1527777777777778","0.8888888888888888"
"7x7-p84","7x7-p84-seeded-random","seeded-random","17","0.9","51","0.6535947712418301","4","3","0.9206198357143047","0.16666666666666666","0.1388888888888889","0.8888888888888888"
"7x7-p84","7x7-p84-seeded-random","seeded-random","18","0.25","14","0.8809523809523809","0","0","0.7757747946428812","0.25","0.19444444444444448","0.6666666666666666"
"7x7-p84","7x7-p84-seeded-random","seeded-random","18","0.5","28","0.8571428571428571","1","0","0.9007747946428811","0.25","0.1527777777777778","0.8888888888888888"
"7x7-p84","7x7-p84-seeded-random","seeded-random","18","0.75","42","0.746031746031746","2","0","0.8809297535714575","0.25","0.16666666666666669","0.8888888888888888"
"7x7-p84","7x7-p84-seeded-random","seeded-random","18","0.9","51","0.7124183006535948","4","1","0.6904648767857287","0.3333333333333333","0.2361111111111111","0.5555555555555556"
"7x7-p84","7x7-p84-seeded-random","seeded-random","19","0.25","14","0.8095238095238095","0","0","0.920619835714305","0.16666666666666666","0.1388888888888889","0.8888888888888888"
"7x7-p84","7x7-p84-seeded-random","seeded-random","19","0.5","28","0.7261904761904762","0","0","0.8680423562500167","0.16666666666666666","0.1527777777777778","0.7777777777777778"
"7x7-p84","7x7-p84-seeded-random","seeded-random","19","0.75","42","0.6904761904761905","4","2","0.9007747946428811","0.25","0.1527777777777778","0.8888888888888888"
"7x7-p84","7x7-p84-seeded-random","seeded-random","19","0.9","51","0.6339869281045751","6","3","0.7757747946428812","0.25","0.19444444444444445","0.6666666666666666"
"7x7-p84","7x7-p84-seeded-random","seeded-random","20","0.25","14","0.6904761904761905","1","0","0.8481973151785931","0.25","0.16666666666666666","0.7777777777777778"
"7x7-p84","7x7-p84-seeded-random","seeded-random","20","0.5","28","0.6904761904761905","2","0","0.6904648767857287","0.3333333333333333","0.2361111111111111","0.5555555555555556"
"7x7-p84","7x7-p84-seeded-random","seeded-random","20","0.75","42","0.6507936507936508","3","3","0.7628873973214406","0.3333333333333333","0.20833333333333337","0.6666666666666666"
"7x7-p84","7x7-p84-seeded-random","seeded-random","20","0.9","51","0.6405228758169934","7","4","0.920619835714305","0.16666666666666666","0.1388888888888889","0.8888888888888888"
"7x7-p84","7x7-p84-seeded-random","seeded-random","21","0.25","14","0.7619047619047619","0","0","0.7628873973214406","0.3333333333333333","0.20833333333333331","0.6666666666666666"
"7x7-p84","7x7-p84-seeded-random","seeded-random","21","0.5","28","0.6785714285714286","1","0","0.8481973151785931","0.25","0.16666666666666666","0.7777777777777778"
"7x7-p84","7x7-p84-seeded-random","seeded-random","21","0.75","42","0.6666666666666666","3","1","0.8481973151785931","0.25","0.16666666666666666","0.7777777777777778"
"7x7-p84","7x7-p84-seeded-random","seeded-random","21","0.9","51","0.6078431372549019","4","4","0.8481973151785931","0.25","0.16666666666666669","0.7777777777777778"
"7x7-p84","7x7-p84-seeded-random","seeded-random","22","0.25","14","0.8095238095238095","1","0","0.8481973151785931","0.25","0.16666666666666669","0.7777777777777778"
"7x7-p84","7x7-p84-seeded-random","seeded-random","22","0.5","28","0.7142857142857143","2","0","0.8154648767857289","0.3333333333333333","0.19444444444444448","0.7777777777777778"
"7x7-p84","7x7-p84-seeded-random","seeded-random","22","0.75","42","0.626984126984127","3","3","0.7205719778266463","0.4166666666666667","0.25000000000000006","0.6666666666666666"
"7x7-p84","7x7-p84-seeded-random","seeded-random","22","0.9","51","0.6013071895424836","4","5","0.8481973151785929","0.25","0.16666666666666669","0.7777777777777778"
"7x7-p84","7x7-p84-seeded-random","seeded-random","23","0.25","14","0.7619047619047619","0","0","0.9007747946428811","0.25","0.1527777777777778","0.8888888888888888"
"7x7-p84","7x7-p84-seeded-random","seeded-random","23","0.5","28","0.6904761904761905","1","1","0.9007747946428811","0.25","0.1527777777777778","0.8888888888888888"
"7x7-p84","7x7-p84-seeded-random","seeded-random","23","0.75","42","0.6587301587301587","2","3","0.8481973151785929","0.25","0.16666666666666666","0.7777777777777778"
"7x7-p84","7x7-p84-seeded-random","seeded-random","23","0.9","51","0.6405228758169934","3","4","0.8154648767857287","0.3333333333333333","0.19444444444444445","0.7777777777777778"
"7x7-p84","7x7-p84-seeded-random","seeded-random","24","0.25","14","0.8333333333333334","0","0","0.7757747946428812","0.25","0.19444444444444445","0.6666666666666666"
"7x7-p84","7x7-p84-seeded-random","seeded-random","24","0.5","28","0.7380952380952381","2","0","0.8481973151785931","0.25","0.16666666666666669","0.7777777777777778"
"7x7-p84","7x7-p84-seeded-random","seeded-random","24","0.75","42","0.7142857142857143","7","3","0.7007269367552227","0.4166666666666667","0.26388888888888884","0.6666666666666666"
"7x7-p84","7x7-p84-seeded-random","seeded-random","24","0.9","51","0.673202614379085","12","6","0.8481973151785931","0.25","0.16666666666666666","0.7777777777777778"
"7x7-p84","7x7-p84-seeded-random","seeded-random","25","0.25","14","0.6904761904761905","0","0","0.8481973151785931","0.25","0.16666666666666666","0.7777777777777778"
"7x7-p84","7x7-p84-seeded-random","seeded-random","25","0.5","28","0.6190476190476191","0","1","0.9007747946428811","0.25","0.1527777777777778","0.8888888888888888"
"7x7-p84","7x7-p84-seeded-random","seeded-random","25","0.75","42","0.5873015873015873","1","6","0.8283522741071693","0.25","0.18055555555555558","0.7777777777777778"
"7x7-p84","7x7-p84-seeded-random","seeded-random","25","0.9","51","0.5947712418300654","3","6","0.7231973151785932","0.5","0.2916666666666665","0.7777777777777778"
"7x7-p84","7x7-p84-seeded-random","seeded-random","26","0.25","14","0.8095238095238095","0","0","0.6904648767857287","0.3333333333333333","0.2361111111111111","0.5555555555555556"
"7x7-p84","7x7-p84-seeded-random","seeded-random","26","0.5","28","0.6785714285714286","1","1","0.670619835714305","0.3333333333333333","0.25","0.5555555555555556"
"7x7-p84","7x7-p84-seeded-random","seeded-random","26","0.75","42","0.6507936507936508","1","4","0.7757747946428812","0.25","0.19444444444444448","0.6666666666666666"
"7x7-p84","7x7-p84-seeded-random","seeded-random","26","0.9","51","0.5947712418300654","1","4","0.7007269367552227","0.4166666666666667","0.26388888888888884","0.6666666666666666"
"7x7-p84","7x7-p84-seeded-random","seeded-random","27","0.25","14","0.7857142857142857","0","0","0.920619835714305","0.16666666666666666","0.1388888888888889","0.8888888888888888"
"7x7-p84","7x7-p84-seeded-random","seeded-random","27","0.5","28","0.6785714285714286","1","0","0.7430423562500168","0.3333333333333333","0.2222222222222222","0.6666666666666666"
"7x7-p84","7x7-p84-seeded-random","seeded-random","27","0.75","42","0.626984126984127","1","2","0.6904648767857287","0.3333333333333333","0.2361111111111111","0.5555555555555556"
"7x7-p84","7x7-p84-seeded-random","seeded-random","27","0.9","51","0.6209150326797386","5","4","0.8481973151785929","0.25","0.16666666666666666","0.7777777777777778"
"7x7-p84","7x7-p84-seeded-random","seeded-random","28","0.25","14","0.8095238095238095","1","0","0.9007747946428813","0.25","0.1527777777777778","0.8888888888888888"
"7x7-p84","7x7-p84-seeded-random","seeded-random","28","0.5","28","0.7261904761904762","1","0","0.8481973151785929","0.25","0.16666666666666669","0.7777777777777778"
"7x7-p84","7x7-p84-seeded-random","seeded-random","28","0.75","42","0.6587301587301587","3","0","0.8481973151785929","0.25","0.16666666666666669","0.7777777777777778"
"7x7-p84","7x7-p84-seeded-random","seeded-random","28","0.9","51","0.6143790849673203","3","1","0.8680423562500169","0.3333333333333333","0.18055555555555555","0.8888888888888888"
"7x7-p84","7x7-p84-seeded-random","seeded-random","29","0.25","14","0.8095238095238095","0","0","0.8283522741071693","0.25","0.18055555555555558","0.7777777777777778"
"7x7-p84","7x7-p84-seeded-random","seeded-random","29","0.5","28","0.75","1","0","0.7757747946428812","0.25","0.19444444444444445","0.6666666666666666"
"7x7-p84","7x7-p84-seeded-random","seeded-random","29","0.75","42","0.6666666666666666","2","0","0.8283522741071693","0.25","0.18055555555555558","0.7777777777777778"
"7x7-p84","7x7-p84-seeded-random","seeded-random","29","0.9","51","0.6143790849673203","3","3","0.8481973151785929","0.25","0.16666666666666666","0.7777777777777778"
"7x7-p84","7x7-p84-seeded-random","seeded-random","30","0.25","14","0.8333333333333334","0","0","0.7628873973214406","0.3333333333333333","0.20833333333333331","0.6666666666666666"
"7x7-p84","7x7-p84-seeded-random","seeded-random","30","0.5","28","0.7619047619047619","1","0","0.7430423562500168","0.3333333333333333","0.2222222222222222","0.6666666666666666"
"7x7-p84","7x7-p84-seeded-random","seeded-random","30","0.75","42","0.6984126984126984","2","0","0.8283522741071693","0.25","0.18055555555555558","0.7777777777777778"
"7x7-p84","7x7-p84-seeded-random","seeded-random","30","0.9","51","0.6470588235294118","5","3","0.7628873973214404","0.3333333333333333","0.20833333333333334","0.6666666666666666"
"7x7-p84","7x7-p84-seeded-random","seeded-random","31","0.25","14","0.7619047619047619","0","0","0.7559297535714574","0.25","0.20833333333333334","0.6666666666666666"
"7x7-p84","7x7-p84-seeded-random","seeded-random","31","0.5","28","0.6666666666666666","1","2","0.7628873973214406","0.3333333333333333","0.20833333333333331","0.6666666666666666"
"7x7-p84","7x7-p84-seeded-random","seeded-random","31","0.75","42","0.6587301587301587","3","3","0.7430423562500168","0.3333333333333333","0.22222222222222224","0.6666666666666666"
"7x7-p84","7x7-p84-seeded-random","seeded-random","31","0.9","51","0.6405228758169934","4","6","0.8154648767857287","0.3333333333333333","0.19444444444444445","0.7777777777777778"
"7x7-p84","7x7-p84-seeded-random","seeded-random","32","0.25","14","0.7142857142857143","1","0","0.8154648767857287","0.3333333333333333","0.19444444444444445","0.7777777777777778"
"7x7-p84","7x7-p84-seeded-random","seeded-random","32","0.5","28","0.6428571428571429","1","0","0.9007747946428811","0.25","0.1527777777777778","0.8888888888888888"
"7x7-p84","7x7-p84-seeded-random","seeded-random","32","0.75","42","0.626984126984127","4","2","0.9206198357143052","0.3333333333333333","0.16666666666666669","1"
"7x7-p84","7x7-p84-seeded-random","seeded-random","32","0.9","51","0.5751633986928104","4","4","0.7628873973214405","0.3333333333333333","0.20833333333333337","0.6666666666666666"
"7x7-p84","7x7-p84-seeded-random","seeded-random","33","0.25","14","0.8571428571428571","3","0","0.7731494572909345","0.4166666666666667","0.23611111111111113","0.7777777777777778"
"7x7-p84","7x7-p84-seeded-random","seeded-random","33","0.5","28","0.6785714285714286","3","2","0.7430423562500168","0.3333333333333333","0.2222222222222222","0.6666666666666666"
"7x7-p84","7x7-p84-seeded-random","seeded-random","33","0.75","42","0.6031746031746031","3","2","0.8481973151785931","0.25","0.16666666666666669","0.7777777777777778"
"7x7-p84","7x7-p84-seeded-random","seeded-random","33","0.9","51","0.5686274509803921","3","5","0.8680423562500167","0.16666666666666666","0.1527777777777778","0.7777777777777778"
"7x7-p84","7x7-p84-seeded-random","seeded-random","34","0.25","14","0.7619047619047619","0","0","0.8680423562500167","0.16666666666666666","0.15277777777777776","0.7777777777777778"
"7x7-p84","7x7-p84-seeded-random","seeded-random","34","0.5","28","0.7023809523809523","2","0","0.6180423562500167","0.5","0.3194444444444444","0.5555555555555556"
"7x7-p84","7x7-p84-seeded-random","seeded-random","34","0.75","42","0.6666666666666666","5","2","0.8154648767857287","0.3333333333333333","0.19444444444444442","0.7777777777777778"
"7x7-p84","7x7-p84-seeded-random","seeded-random","34","0.9","51","0.6274509803921569","5","4","0.8680423562500167","0.16666666666666666","0.1527777777777778","0.7777777777777778"
"7x7-p84","7x7-p84-seeded-random","seeded-random","35","0.25","14","0.8571428571428571","1","0","0.7103099178571525","0.3333333333333333","0.25","0.6666666666666666"
"7x7-p84","7x7-p84-seeded-random","seeded-random","35","0.5","28","0.75","3","0","0.7628873973214406","0.3333333333333333","0.20833333333333334","0.6666666666666666"
"7x7-p84","7x7-p84-seeded-random","seeded-random","35","0.75","42","0.7063492063492064","4","1","0.9007747946428811","0.25","0.1527777777777778","0.8888888888888888"
"7x7-p84","7x7-p84-seeded-random","seeded-random","35","0.9","51","0.673202614379085","8","2","0.7956198357143051","0.3333333333333333","0.20833333333333334","0.7777777777777778"
"7x7-p84","7x7-p84-seeded-random","seeded-random","36","0.25","14","0.7380952380952381","0","0","0.8154648767857287","0.3333333333333333","0.19444444444444445","0.7777777777777778"
"7x7-p84","7x7-p84-seeded-random","seeded-random","36","0.5","28","0.7142857142857143","0","0","0.9007747946428813","0.25","0.1527777777777778","0.8888888888888888"
"7x7-p84","7x7-p84-seeded-random","seeded-random","36","0.75","42","0.6904761904761905","3","1","0.7628873973214406","0.3333333333333333","0.20833333333333337","0.6666666666666666"
"7x7-p84","7x7-p84-seeded-random","seeded-random","36","0.9","51","0.6535947712418301","3","3","0.7430423562500168","0.3333333333333333","0.2222222222222222","0.6666666666666666"
"7x7-p84","7x7-p84-seeded-random","seeded-random","37","0.25","14","0.7619047619047619","0","0","0.7430423562500168","0.3333333333333333","0.2222222222222222","0.6666666666666666"
"7x7-p84","7x7-p84-seeded-random","seeded-random","37","0.5","28","0.6547619047619048","1","1","0.6481494572909344","0.4166666666666667","0.2777777777777778","0.5555555555555556"
"7x7-p84","7x7-p84-seeded-random","seeded-random","37","0.75","42","0.6904761904761905","3","3","0.920619835714305","0.16666666666666666","0.1388888888888889","0.8888888888888888"
"7x7-p84","7x7-p84-seeded-random","seeded-random","37","0.9","51","0.6797385620915033","7","6","0.8481973151785929","0.25","0.16666666666666669","0.7777777777777778"
"7x7-p84","7x7-p84-seeded-random","seeded-random","38","0.25","14","0.8809523809523809","0","0","0.7757747946428812","0.25","0.19444444444444445","0.6666666666666666"
"7x7-p84","7x7-p84-seeded-random","seeded-random","38","0.5","28","0.6547619047619048","2","1","0.7559297535714574","0.25","0.20833333333333334","0.6666666666666666"
"7x7-p84","7x7-p84-seeded-random","seeded-random","38","0.75","42","0.626984126984127","7","2","0.6904648767857287","0.3333333333333333","0.2361111111111111","0.5555555555555556"
"7x7-p84","7x7-p84-seeded-random","seeded-random","38","0.9","51","0.6209150326797386","8","3","0.7628873973214406","0.3333333333333333","0.20833333333333337","0.6666666666666666"
"7x7-p84","7x7-p84-seeded-random","seeded-random","39","0.25","14","0.8095238095238095","1","0","0.7757747946428812","0.25","0.19444444444444445","0.6666666666666666"
"7x7-p84","7x7-p84-seeded-random","seeded-random","39","0.5","28","0.7261904761904762","2","1","0.8680423562500167","0.16666666666666666","0.1527777777777778","0.7777777777777778"
"7x7-p84","7x7-p84-seeded-random","seeded-random","39","0.75","42","0.6507936507936508","3","1","0.6577324383928642","0.3333333333333333","0.2638888888888889","0.5555555555555556"
"7x7-p84","7x7-p84-seeded-random","seeded-random","39","0.9","51","0.6274509803921569","6","1","0.7205719778266465","0.4166666666666667","0.25","0.6666666666666666"
"7x7-p84","7x7-p84-seeded-random","seeded-random","40","0.25","14","0.7142857142857143","0","0","0.8481973151785929","0.25","0.16666666666666669","0.7777777777777778"
"7x7-p84","7x7-p84-seeded-random","seeded-random","40","0.5","28","0.6666666666666666","1","0","0.9007747946428811","0.25","0.1527777777777778","0.8888888888888888"
"7x7-p84","7x7-p84-seeded-random","seeded-random","40","0.75","42","0.6507936507936508","2","3","0.8154648767857289","0.3333333333333333","0.19444444444444445","0.7777777777777778"
"7x7-p84","7x7-p84-seeded-random","seeded-random","40","0.9","51","0.6470588235294118","5","5","0.9731973151785932","0.16666666666666666","0.125","1"
"7x7-p84","7x7-p84-seeded-random","seeded-random","41","0.25","14","0.8333333333333334","0","0","0.7956198357143048","0.25","0.18055555555555558","0.6666666666666666"
"7x7-p84","7x7-p84-seeded-random","seeded-random","41","0.5","28","0.7023809523809523","1","0","0.8283522741071693","0.25","0.18055555555555558","0.7777777777777778"
"7x7-p84","7x7-p84-seeded-random","seeded-random","41","0.75","42","0.6349206349206349","5","1","0.8680423562500167","0.16666666666666666","0.15277777777777776","0.7777777777777778"
"7x7-p84","7x7-p84-seeded-random","seeded-random","41","0.9","51","0.6274509803921569","9","2","0.9007747946428813","0.25","0.1527777777777778","0.8888888888888888"
"7x7-p84","7x7-p84-seeded-random","seeded-random","42","0.25","14","0.6666666666666666","0","0","0.8283522741071693","0.25","0.18055555555555555","0.7777777777777778"
"7x7-p84","7x7-p84-seeded-random","seeded-random","42","0.5","28","0.6190476190476191","0","1","0.8481973151785931","0.25","0.16666666666666666","0.7777777777777778"
"7x7-p84","7x7-p84-seeded-random","seeded-random","42","0.75","42","0.5793650793650794","2","3","0.9007747946428813","0.25","0.1527777777777778","0.8888888888888888"
"7x7-p84","7x7-p84-seeded-random","seeded-random","42","0.9","51","0.5620915032679739","6","6","0.8481973151785929","0.25","0.16666666666666669","0.7777777777777778"
"7x7-p84","7x7-p84-seeded-random","seeded-random","43","0.25","14","0.7857142857142857","0","0","0.8481973151785931","0.25","0.16666666666666669","0.7777777777777778"
"7x7-p84","7x7-p84-seeded-random","seeded-random","43","0.5","28","0.6904761904761905","2","1","0.8283522741071693","0.25","0.18055555555555558","0.7777777777777778"
"7x7-p84","7x7-p84-seeded-random","seeded-random","43","0.75","42","0.6428571428571429","2","2","0.7628873973214406","0.3333333333333333","0.20833333333333337","0.6666666666666666"
"7x7-p84","7x7-p84-seeded-random","seeded-random","43","0.9","51","0.6013071895424836","3","3","0.9007747946428813","0.25","0.1527777777777778","0.8888888888888888"
"7x7-p84","7x7-p84-seeded-random","seeded-random","44","0.25","14","0.7380952380952381","0","0","0.7430423562500169","0.3333333333333333","0.22222222222222224","0.6666666666666666"
"7x7-p84","7x7-p84-seeded-random","seeded-random","44","0.5","28","0.6547619047619048","1","1","0.7007269367552227","0.4166666666666667","0.26388888888888884","0.6666666666666666"
"7x7-p84","7x7-p84-seeded-random","seeded-random","44","0.75","42","0.6190476190476191","4","3","0.6481494572909344","0.4166666666666667","0.2777777777777778","0.5555555555555556"
"7x7-p84","7x7-p84-seeded-random","seeded-random","44","0.9","51","0.5882352941176471","7","7","0.8809297535714575","0.25","0.16666666666666666","0.8888888888888888"
"7x7-p84","7x7-p84-seeded-random","seeded-random","45","0.25","14","0.8333333333333334","0","0","0.9007747946428811","0.25","0.1527777777777778","0.8888888888888888"
"7x7-p84","7x7-p84-seeded-random","seeded-random","45","0.5","28","0.7261904761904762","0","0","0.8154648767857289","0.3333333333333333","0.19444444444444445","0.7777777777777778"
"7x7-p84","7x7-p84-seeded-random","seeded-random","45","0.75","42","0.6984126984126984","2","1","0.9007747946428811","0.25","0.1527777777777778","0.8888888888888888"
"7x7-p84","7x7-p84-seeded-random","seeded-random","45","0.9","51","0.6666666666666666","5","2","0.723197315178593","0.25","0.20833333333333337","0.5555555555555556"
"7x7-p84","7x7-p84-seeded-random","seeded-random","46","0.25","14","0.8333333333333334","1","0","0.9007747946428813","0.25","0.1527777777777778","0.8888888888888888"
"7x7-p84","7x7-p84-seeded-random","seeded-random","46","0.5","28","0.75","2","0","0.8481973151785931","0.25","0.16666666666666666","0.7777777777777778"
"7x7-p84","7x7-p84-seeded-random","seeded-random","46","0.75","42","0.7063492063492064","5","1","0.8481973151785929","0.25","0.16666666666666666","0.7777777777777778"
"7x7-p84","7x7-p84-seeded-random","seeded-random","46","0.9","51","0.673202614379085","7","4","0.775774794642881","0.25","0.19444444444444445","0.6666666666666666"
"7x7-p84","7x7-p84-seeded-random","seeded-random","47","0.25","14","0.7857142857142857","0","0","0.723197315178593","0.25","0.20833333333333331","0.5555555555555556"
"7x7-p84","7x7-p84-seeded-random","seeded-random","47","0.5","28","0.7023809523809523","1","0","0.9007747946428811","0.25","0.1527777777777778","0.8888888888888888"
"7x7-p84","7x7-p84-seeded-random","seeded-random","47","0.75","42","0.6507936507936508","2","1","0.8283522741071693","0.25","0.18055555555555555","0.7777777777777778"
"7x7-p84","7x7-p84-seeded-random","seeded-random","47","0.9","51","0.5882352941176471","5","5","0.7628873973214406","0.3333333333333333","0.20833333333333331","0.6666666666666666"
"7x7-p84","7x7-p84-seeded-random","seeded-random","48","0.25","14","0.9047619047619048","1","0","0.8680423562500169","0.3333333333333333","0.18055555555555555","0.8888888888888888"
"7x7-p84","7x7-p84-seeded-random","seeded-random","48","0.5","28","0.7023809523809523","2","0","0.8481973151785929","0.25","0.16666666666666666","0.7777777777777778"
"7x7-p84","7x7-p84-seeded-random","seeded-random","48","0.75","42","0.6825396825396826","5","0","0.8154648767857287","0.3333333333333333","0.19444444444444445","0.7777777777777778"
"7x7-p84","7x7-p84-seeded-random","seeded-random","48","0.9","51","0.6666666666666666","8","3","0.7430423562500168","0.3333333333333333","0.2222222222222222","0.6666666666666666"
"7x7-p84","7x7-p84-seeded-random","seeded-random","49","0.25","14","0.7619047619047619","0","0","0.7731494572909345","0.4166666666666667","0.23611111111111116","0.7777777777777778"
"7x7-p84","7x7-p84-seeded-random","seeded-random","49","0.5","28","0.6785714285714286","1","2","0.7430423562500168","0.3333333333333333","0.22222222222222224","0.6666666666666666"
"7x7-p84","7x7-p84-seeded-random","seeded-random","49","0.75","42","0.6666666666666666","6","3","0.8283522741071693","0.25","0.18055555555555555","0.7777777777777778"
"7x7-p84","7x7-p84-seeded-random","seeded-random","49","0.9","51","0.6274509803921569","8","5","0.920619835714305","0.16666666666666666","0.1388888888888889","0.8888888888888888"
"7x7-p84","7x7-p84-seeded-random","seeded-random","50","0.25","14","0.7619047619047619","0","0","0.7956198357143048","0.25","0.18055555555555558","0.6666666666666666"
"7x7-p84","7x7-p84-seeded-random","seeded-random","50","0.5","28","0.7023809523809523","1","1","0.8154648767857289","0.3333333333333333","0.19444444444444448","0.7777777777777778"
"7x7-p84","7x7-p84-seeded-random","seeded-random","50","0.75","42","0.626984126984127","4","2","0.8481973151785931","0.25","0.16666666666666669","0.7777777777777778"
"7x7-p84","7x7-p84-seeded-random","seeded-random","50","0.9","51","0.6013071895424836","5","4","0.8283522741071693","0.25","0.18055555555555558","0.7777777777777778"
"7x7-p84","7x7-p84-seeded-random","seeded-random","51","0.25","14","0.8333333333333334","1","0","0.8481973151785931","0.25","0.16666666666666666","0.7777777777777778"
"7x7-p84","7x7-p84-seeded-random","seeded-random","51","0.5","28","0.7380952380952381","3","1","0.9007747946428813","0.25","0.1527777777777778","0.8888888888888888"
"7x7-p84","7x7-p84-seeded-random","seeded-random","51","0.75","42","0.7063492063492064","4","1","0.7757747946428812","0.25","0.19444444444444445","0.6666666666666666"
"7x7-p84","7x7-p84-seeded-random","seeded-random","51","0.9","51","0.6405228758169934","4","1","0.8680423562500167","0.16666666666666666","0.15277777777777776","0.7777777777777778"
"7x7-p84","7x7-p84-seeded-random","seeded-random","52","0.25","14","0.7857142857142857","0","0","0.8481973151785931","0.25","0.16666666666666666","0.7777777777777778"
"7x7-p84","7x7-p84-seeded-random","seeded-random","52","0.5","28","0.6785714285714286","0","0","0.8481973151785929","0.25","0.16666666666666669","0.7777777777777778"
"7x7-p84","7x7-p84-seeded-random","seeded-random","52","0.75","42","0.6507936507936508","1","2","0.8481973151785929","0.25","0.16666666666666663","0.7777777777777778"
"7x7-p84","7x7-p84-seeded-random","seeded-random","52","0.9","51","0.6274509803921569","1","3","0.7628873973214406","0.3333333333333333","0.20833333333333334","0.6666666666666666"
"7x7-p84","7x7-p84-seeded-random","seeded-random","53","0.25","14","0.7857142857142857","0","0","0.8481973151785931","0.25","0.16666666666666666","0.7777777777777778"
"7x7-p84","7x7-p84-seeded-random","seeded-random","53","0.5","28","0.7619047619047619","4","0","0.670619835714305","0.3333333333333333","0.25","0.5555555555555556"
"7x7-p84","7x7-p84-seeded-random","seeded-random","53","0.75","42","0.6825396825396826","4","1","0.8481973151785931","0.25","0.16666666666666666","0.7777777777777778"
"7x7-p84","7x7-p84-seeded-random","seeded-random","53","0.9","51","0.6535947712418301","6","3","0.9007747946428811","0.25","0.1527777777777778","0.8888888888888888"
"7x7-p84","7x7-p84-seeded-random","seeded-random","54","0.25","14","0.8095238095238095","2","0","0.8481973151785931","0.25","0.16666666666666666","0.7777777777777778"
"7x7-p84","7x7-p84-seeded-random","seeded-random","54","0.5","28","0.7023809523809523","3","1","0.920619835714305","0.16666666666666666","0.1388888888888889","0.8888888888888888"
"7x7-p84","7x7-p84-seeded-random","seeded-random","54","0.75","42","0.6349206349206349","5","4","0.9007747946428813","0.25","0.1527777777777778","0.8888888888888888"
"7x7-p84","7x7-p84-seeded-random","seeded-random","54","0.9","51","0.6013071895424836","6","5","0.8283522741071695","0.25","0.18055555555555558","0.7777777777777778"
"7x7-p84","7x7-p84-seeded-random","seeded-random","55","0.25","14","0.7142857142857143","0","0","0.9007747946428811","0.25","0.1527777777777778","0.8888888888888888"
"7x7-p84","7x7-p84-seeded-random","seeded-random","55","0.5","28","0.6190476190476191","2","0","0.7757747946428812","0.25","0.19444444444444448","0.6666666666666666"
"7x7-p84","7x7-p84-seeded-random","seeded-random","55","0.75","42","0.6190476190476191","5","2","0.7103099178571525","0.3333333333333333","0.25","0.6666666666666666"
"7x7-p84","7x7-p84-seeded-random","seeded-random","55","0.9","51","0.6405228758169934","7","3","0.9007747946428813","0.25","0.1527777777777778","0.8888888888888888"
"7x7-p84","7x7-p84-seeded-random","seeded-random","56","0.25","14","0.7857142857142857","0","0","0.8481973151785931","0.25","0.16666666666666669","0.7777777777777778"
"7x7-p84","7x7-p84-seeded-random","seeded-random","56","0.5","28","0.7261904761904762","1","1","0.6904648767857287","0.3333333333333333","0.23611111111111113","0.5555555555555556"
"7x7-p84","7x7-p84-seeded-random","seeded-random","56","0.75","42","0.6111111111111112","4","2","0.7757747946428812","0.25","0.19444444444444445","0.6666666666666666"
"7x7-p84","7x7-p84-seeded-random","seeded-random","56","0.9","51","0.6274509803921569","5","4","0.9007747946428811","0.25","0.1527777777777778","0.8888888888888888"
"7x7-p84","7x7-p84-seeded-random","seeded-random","57","0.25","14","0.7619047619047619","1","0","0.9007747946428811","0.25","0.1527777777777778","0.8888888888888888"
"7x7-p84","7x7-p84-seeded-random","seeded-random","57","0.5","28","0.7023809523809523","2","2","0.8154648767857289","0.3333333333333333","0.19444444444444448","0.7777777777777778"
"7x7-p84","7x7-p84-seeded-random","seeded-random","57","0.75","42","0.6904761904761905","6","3","0.6577324383928642","0.3333333333333333","0.26388888888888884","0.5555555555555556"
"7x7-p84","7x7-p84-seeded-random","seeded-random","57","0.9","51","0.6601307189542484","8","3","0.7956198357143048","0.25","0.18055555555555558","0.6666666666666666"
"7x7-p84","7x7-p84-seeded-random","seeded-random","58","0.25","14","0.7380952380952381","0","0","0.8154648767857287","0.3333333333333333","0.19444444444444442","0.7777777777777778"
"7x7-p84","7x7-p84-seeded-random","seeded-random","58","0.5","28","0.6904761904761905","2","1","0.6904648767857287","0.3333333333333333","0.2361111111111111","0.5555555555555556"
"7x7-p84","7x7-p84-seeded-random","seeded-random","58","0.75","42","0.6587301587301587","2","5","0.7628873973214406","0.3333333333333333","0.20833333333333331","0.6666666666666666"
"7x7-p84","7x7-p84-seeded-random","seeded-random","58","0.9","51","0.6013071895424836","4","5","0.6904648767857287","0.3333333333333333","0.2361111111111111","0.5555555555555556"
"7x7-p84","7x7-p84-seeded-random","seeded-random","59","0.25","14","0.8333333333333334","0","0","0.8481973151785931","0.25","0.16666666666666669","0.7777777777777778"
"7x7-p84","7x7-p84-seeded-random","seeded-random","59","0.5","28","0.7380952380952381","1","1","0.8283522741071693","0.25","0.18055555555555558","0.7777777777777778"
"7x7-p84","7x7-p84-seeded-random","seeded-random","59","0.75","42","0.6587301587301587","4","3","0.7956198357143048","0.25","0.18055555555555558","0.6666666666666666"
"7x7-p84","7x7-p84-seeded-random","seeded-random","59","0.9","51","0.6209150326797386","4","5","0.7628873973214406","0.3333333333333333","0.20833333333333334","0.6666666666666666"
"7x7-p84","7x7-p84-seeded-random","seeded-random","60","0.25","14","0.7857142857142857","0","0","0.8283522741071693","0.25","0.18055555555555555","0.7777777777777778"
"7x7-p84","7x7-p84-seeded-random","seeded-random","60","0.5","28","0.7023809523809523","0","0","0.775774794642881","0.25","0.19444444444444445","0.6666666666666666"
"7x7-p84","7x7-p84-seeded-random","seeded-random","60","0.75","42","0.6428571428571429","1","0","0.7033522741071692","0.25","0.2222222222222222","0.5555555555555556"
"7x7-p84","7x7-p84-seeded-random","seeded-random","60","0.9","51","0.6209150326797386","3","1","0.920619835714305","0.16666666666666666","0.1388888888888889","0.8888888888888888"
"7x7-p84","7x7-p84-seeded-random","seeded-random","61","0.25","14","0.8333333333333334","0","0","0.8481973151785931","0.25","0.16666666666666666","0.7777777777777778"
"7x7-p84","7x7-p84-seeded-random","seeded-random","61","0.5","28","0.6428571428571429","2","0","0.7956198357143051","0.3333333333333333","0.20833333333333334","0.7777777777777778"
"7x7-p84","7x7-p84-seeded-random","seeded-random","61","0.75","42","0.6507936507936508","5","2","0.7956198357143051","0.3333333333333333","0.20833333333333334","0.7777777777777778"
"7x7-p84","7x7-p84-seeded-random","seeded-random","61","0.9","51","0.6339869281045751","6","4","0.9007747946428811","0.25","0.1527777777777778","0.8888888888888888"
"7x7-p84","7x7-p84-seeded-random","seeded-random","62","0.25","14","0.9285714285714286","0","0","0.7628873973214406","0.3333333333333333","0.20833333333333337","0.6666666666666666"
"7x7-p84","7x7-p84-seeded-random","seeded-random","62","0.5","28","0.7142857142857143","0","0","0.8680423562500167","0.16666666666666666","0.1527777777777778","0.7777777777777778"
"7x7-p84","7x7-p84-seeded-random","seeded-random","62","0.75","42","0.6666666666666666","2","2","0.7956198357143051","0.3333333333333333","0.20833333333333334","0.7777777777777778"
"7x7-p84","7x7-p84-seeded-random","seeded-random","62","0.9","51","0.6339869281045751","4","3","0.7757747946428812","0.25","0.19444444444444445","0.6666666666666666"
"7x7-p84","7x7-p84-seeded-random","seeded-random","63","0.25","14","0.8095238095238095","0","0","0.7430423562500168","0.3333333333333333","0.22222222222222224","0.6666666666666666"
"7x7-p84","7x7-p84-seeded-random","seeded-random","63","0.5","28","0.7261904761904762","0","0","0.8809297535714575","0.25","0.16666666666666669","0.8888888888888888"
"7x7-p84","7x7-p84-seeded-random","seeded-random","63","0.75","42","0.6666666666666666","2","2","0.7430423562500168","0.3333333333333333","0.2222222222222222","0.6666666666666666"
"7x7-p84","7x7-p84-seeded-random","seeded-random","63","0.9","51","0.6339869281045751","3","5","0.7430423562500168","0.3333333333333333","0.22222222222222224","0.6666666666666666"
"7x7-p84","7x7-p84-seeded-random","seeded-random","64","0.25","14","0.8333333333333334","0","0","0.8283522741071695","0.25","0.18055555555555558","0.7777777777777778"
"7x7-p84","7x7-p84-seeded-random","seeded-random","64","0.5","28","0.7976190476190477","1","0","0.6904648767857287","0.3333333333333333","0.23611111111111113","0.5555555555555556"
"7x7-p84","7x7-p84-seeded-random","seeded-random","64","0.75","42","0.6825396825396826","5","1","0.920619835714305","0.16666666666666666","0.1388888888888889","0.8888888888888888"
"7x7-p84","7x7-p84-seeded-random","seeded-random","64","0.9","51","0.6535947712418301","8","3","0.8680423562500167","0.16666666666666666","0.1527777777777778","0.7777777777777778"
"7x7-p84","7x7-p84-seeded-random","seeded-random","65","0.25","14","0.7619047619047619","0","0","0.8481973151785931","0.25","0.16666666666666669","0.7777777777777778"
"7x7-p84","7x7-p84-seeded-random","seeded-random","65","0.5","28","0.7142857142857143","2","1","0.7956198357143051","0.3333333333333333","0.20833333333333334","0.7777777777777778"
"7x7-p84","7x7-p84-seeded-random","seeded-random","65","0.75","42","0.6666666666666666","4","4","0.9007747946428811","0.25","0.1527777777777778","0.8888888888888888"
"7x7-p84","7x7-p84-seeded-random","seeded-random","65","0.9","51","0.6209150326797386","6","7","0.6904648767857285","0.3333333333333333","0.23611111111111113","0.5555555555555556"
"7x7-p84","7x7-p84-seeded-random","seeded-random","66","0.25","14","0.8809523809523809","0","0","0.6481494572909344","0.4166666666666667","0.2777777777777778","0.5555555555555556"
"7x7-p84","7x7-p84-seeded-random","seeded-random","66","0.5","28","0.7619047619047619","3","1","0.8154648767857287","0.3333333333333333","0.19444444444444448","0.7777777777777778"
"7x7-p84","7x7-p84-seeded-random","seeded-random","66","0.75","42","0.7063492063492064","5","3","0.6180423562500168","0.3333333333333333","0.2638888888888889","0.4444444444444444"
"7x7-p84","7x7-p84-seeded-random","seeded-random","66","0.9","51","0.6339869281045751","7","4","0.7205719778266463","0.4166666666666667","0.25","0.6666666666666666"
"7x7-p84","7x7-p84-seeded-random","seeded-random","67","0.25","14","0.7857142857142857","0","0","0.9007747946428811","0.25","0.1527777777777778","0.8888888888888888"
"7x7-p84","7x7-p84-seeded-random","seeded-random","67","0.5","28","0.7261904761904762","2","0","0.7956198357143051","0.3333333333333333","0.20833333333333331","0.7777777777777778"
"7x7-p84","7x7-p84-seeded-random","seeded-random","67","0.75","42","0.6507936507936508","3","0","0.7033522741071693","0.25","0.2222222222222222","0.5555555555555556"
"7x7-p84","7x7-p84-seeded-random","seeded-random","67","0.9","51","0.6339869281045751","7","1","0.9206198357143047","0.16666666666666666","0.13888888888888887","0.8888888888888888"
"7x7-p84","7x7-p84-seeded-random","seeded-random","68","0.25","14","0.7619047619047619","0","0","0.8481973151785931","0.25","0.16666666666666666","0.7777777777777778"
"7x7-p84","7x7-p84-seeded-random","seeded-random","68","0.5","28","0.7261904761904762","1","0","0.920619835714305","0.16666666666666666","0.1388888888888889","0.8888888888888888"
"7x7-p84","7x7-p84-seeded-random","seeded-random","68","0.75","42","0.6428571428571429","3","1","0.8481973151785931","0.25","0.16666666666666666","0.7777777777777778"
"7x7-p84","7x7-p84-seeded-random","seeded-random","68","0.9","51","0.6209150326797386","5","3","0.7956198357143047","0.25","0.18055555555555558","0.6666666666666666"
"7x7-p84","7x7-p84-seeded-random","seeded-random","69","0.25","14","0.7857142857142857","0","0","0.670619835714305","0.3333333333333333","0.25","0.5555555555555556"
"7x7-p84","7x7-p84-seeded-random","seeded-random","69","0.5","28","0.7142857142857143","2","0","0.8283522741071693","0.25","0.18055555555555555","0.7777777777777778"
"7x7-p84","7x7-p84-seeded-random","seeded-random","69","0.75","42","0.6825396825396826","5","3","0.9007747946428811","0.25","0.1527777777777778","0.8888888888888888"
"7x7-p84","7x7-p84-seeded-random","seeded-random","69","0.9","51","0.6797385620915033","10","5","0.920619835714305","0.16666666666666666","0.1388888888888889","0.8888888888888888"
"7x7-p84","7x7-p84-seeded-random","seeded-random","70","0.25","14","0.8095238095238095","0","0","0.8154648767857287","0.3333333333333333","0.19444444444444442","0.7777777777777778"
"7x7-p84","7x7-p84-seeded-random","seeded-random","70","0.5","28","0.6547619047619048","4","0","0.7430423562500169","0.3333333333333333","0.22222222222222224","0.6666666666666666"
"7x7-p84","7x7-p84-seeded-random","seeded-random","70","0.75","42","0.6111111111111112","6","1","0.920619835714305","0.16666666666666666","0.1388888888888889","0.8888888888888888"
"7x7-p84","7x7-p84-seeded-random","seeded-random","70","0.9","51","0.6013071895424836","7","3","0.920619835714305","0.16666666666666666","0.1388888888888889","0.8888888888888888"
"7x7-p84","7x7-p84-seeded-random","seeded-random","71","0.25","14","0.7857142857142857","1","0","0.7757747946428812","0.25","0.19444444444444448","0.6666666666666666"
"7x7-p84","7x7-p84-seeded-random","seeded-random","71","0.5","28","0.7261904761904762","2","0","0.8680423562500167","0.16666666666666666","0.1527777777777778","0.7777777777777778"
"7x7-p84","7x7-p84-seeded-random","seeded-random","71","0.75","42","0.6507936507936508","2","1","0.7757747946428812","0.25","0.19444444444444445","0.6666666666666666"
"7x7-p84","7x7-p84-seeded-random","seeded-random","71","0.9","51","0.6274509803921569","4","4","0.9731973151785932","0.16666666666666666","0.125","1"
"7x7-p84","7x7-p84-seeded-random","seeded-random","72","0.25","14","0.7857142857142857","0","0","0.8283522741071693","0.25","0.18055555555555555","0.7777777777777778"
"7x7-p84","7x7-p84-seeded-random","seeded-random","72","0.5","28","0.6547619047619048","2","1","0.8680423562500167","0.16666666666666666","0.1527777777777778","0.7777777777777778"
"7x7-p84","7x7-p84-seeded-random","seeded-random","72","0.75","42","0.6190476190476191","3","2","0.9007747946428811","0.25","0.1527777777777778","0.8888888888888888"
"7x7-p84","7x7-p84-seeded-random","seeded-random","72","0.9","51","0.5882352941176471","4","3","0.8481973151785931","0.25","0.16666666666666666","0.7777777777777778"
"7x7-p84","7x7-p84-seeded-random","seeded-random","73","0.25","14","0.8809523809523809","0","0","0.723197315178593","0.25","0.20833333333333331","0.5555555555555556"
"7x7-p84","7x7-p84-seeded-random","seeded-random","73","0.5","28","0.7261904761904762","3","1","0.7628873973214406","0.3333333333333333","0.20833333333333334","0.6666666666666666"
"7x7-p84","7x7-p84-seeded-random","seeded-random","73","0.75","42","0.6428571428571429","5","2","0.8481973151785931","0.25","0.16666666666666669","0.7777777777777778"
"7x7-p84","7x7-p84-seeded-random","seeded-random","73","0.9","51","0.6274509803921569","6","3","0.9731973151785932","0.16666666666666666","0.125","1"
"7x7-p84","7x7-p84-seeded-random","seeded-random","74","0.25","14","0.8571428571428571","0","0","0.670619835714305","0.5","0.3055555555555555","0.6666666666666666"
"7x7-p84","7x7-p84-seeded-random","seeded-random","74","0.5","28","0.7738095238095238","2","0","0.7956198357143048","0.25","0.18055555555555555","0.6666666666666666"
"7x7-p84","7x7-p84-seeded-random","seeded-random","74","0.75","42","0.746031746031746","5","0","0.7559297535714574","0.25","0.20833333333333334","0.6666666666666666"
"7x7-p84","7x7-p84-seeded-random","seeded-random","74","0.9","51","0.6862745098039216","6","1","0.7430423562500168","0.3333333333333333","0.2222222222222222","0.6666666666666666"
"7x7-p84","7x7-p84-seeded-random","seeded-random","75","0.25","14","0.9047619047619048","0","0","0.7757747946428812","0.25","0.19444444444444445","0.6666666666666666"
"7x7-p84","7x7-p84-seeded-random","seeded-random","75","0.5","28","0.8214285714285714","2","0","0.9007747946428811","0.25","0.1527777777777778","0.8888888888888888"
"7x7-p84","7x7-p84-seeded-random","seeded-random","75","0.75","42","0.7301587301587301","4","2","0.8154648767857287","0.3333333333333333","0.19444444444444445","0.7777777777777778"
"7x7-p84","7x7-p84-seeded-random","seeded-random","75","0.9","51","0.6797385620915033","6","3","0.7956198357143048","0.25","0.18055555555555552","0.6666666666666666"
"7x7-p84","7x7-p84-seeded-random","seeded-random","76","0.25","14","0.7619047619047619","0","0","0.7430423562500168","0.3333333333333333","0.2222222222222222","0.6666666666666666"
"7x7-p84","7x7-p84-seeded-random","seeded-random","76","0.5","28","0.6785714285714286","1","1","0.7559297535714574","0.25","0.20833333333333334","0.6666666666666666"
"7x7-p84","7x7-p84-seeded-random","seeded-random","76","0.75","42","0.6666666666666666","3","2","0.9007747946428813","0.25","0.1527777777777778","0.8888888888888888"
"7x7-p84","7x7-p84-seeded-random","seeded-random","76","0.9","51","0.6470588235294118","4","3","0.9007747946428811","0.25","0.1527777777777778","0.8888888888888888"
"7x7-p84","7x7-p84-seeded-random","seeded-random","77","0.25","14","0.8095238095238095","0","0","0.7430423562500168","0.3333333333333333","0.22222222222222224","0.6666666666666666"
"7x7-p84","7x7-p84-seeded-random","seeded-random","77","0.5","28","0.7261904761904762","2","1","0.7956198357143048","0.25","0.18055555555555555","0.6666666666666666"
"7x7-p84","7x7-p84-seeded-random","seeded-random","77","0.75","42","0.7063492063492064","2","3","0.7430423562500168","0.3333333333333333","0.2222222222222222","0.6666666666666666"
"7x7-p84","7x7-p84-seeded-random","seeded-random","77","0.9","51","0.673202614379085","2","4","0.7757747946428812","0.25","0.19444444444444445","0.6666666666666666"
"7x7-p84","7x7-p84-seeded-random","seeded-random","78","0.25","14","0.8333333333333334","1","0","0.7956198357143048","0.25","0.18055555555555555","0.6666666666666666"
"7x7-p84","7x7-p84-seeded-random","seeded-random","78","0.5","28","0.7619047619047619","2","0","0.7757747946428811","0.25","0.19444444444444445","0.6666666666666666"
"7x7-p84","7x7-p84-seeded-random","seeded-random","78","0.75","42","0.6904761904761905","2","1","0.8481973151785931","0.25","0.16666666666666666","0.7777777777777778"
"7x7-p84","7x7-p84-seeded-random","seeded-random","78","0.9","51","0.6862745098039216","5","1","0.8809297535714575","0.25","0.16666666666666669","0.8888888888888888"
"7x7-p84","7x7-p84-seeded-random","seeded-random","79","0.25","14","0.8095238095238095","0","0","0.920619835714305","0.16666666666666666","0.1388888888888889","0.8888888888888888"
"7x7-p84","7x7-p84-seeded-random","seeded-random","79","0.5","28","0.7142857142857143","1","0","0.848197315178593","0.25","0.16666666666666669","0.7777777777777778"
"7x7-p84","7x7-p84-seeded-random","seeded-random","79","0.75","42","0.6746031746031746","2","3","0.775774794642881","0.25","0.19444444444444445","0.6666666666666666"
"7x7-p84","7x7-p84-seeded-random","seeded-random","79","0.9","51","0.6274509803921569","4","5","0.7757747946428812","0.25","0.19444444444444445","0.6666666666666666"
"7x7-p84","7x7-p84-seeded-random","seeded-random","80","0.25","14","0.7619047619047619","0","0","0.9007747946428813","0.25","0.1527777777777778","0.8888888888888888"
"7x7-p84","7x7-p84-seeded-random","seeded-random","80","0.5","28","0.6785714285714286","1","1","0.775774794642881","0.25","0.19444444444444445","0.6666666666666666"
"7x7-p84","7x7-p84-seeded-random","seeded-random","80","0.75","42","0.626984126984127","3","4","0.7559297535714574","0.25","0.20833333333333334","0.6666666666666666"
"7x7-p84","7x7-p84-seeded-random","seeded-random","80","0.9","51","0.6143790849673203","10","5","0.6904648767857287","0.3333333333333333","0.23611111111111113","0.5555555555555556"
"7x7-p84","7x7-p84-seeded-random","seeded-random","81","0.25","14","0.7857142857142857","0","0","0.8283522741071693","0.25","0.18055555555555558","0.7777777777777778"
"7x7-p84","7x7-p84-seeded-random","seeded-random","81","0.5","28","0.6785714285714286","0","1","0.8680423562500167","0.16666666666666666","0.1527777777777778","0.7777777777777778"
"7x7-p84","7x7-p84-seeded-random","seeded-random","81","0.75","42","0.6111111111111112","2","3","0.8680423562500169","0.3333333333333333","0.18055555555555558","0.8888888888888888"
"7x7-p84","7x7-p84-seeded-random","seeded-random","81","0.9","51","0.6209150326797386","6","4","0.8283522741071693","0.25","0.18055555555555558","0.7777777777777778"
"7x7-p84","7x7-p84-seeded-random","seeded-random","82","0.25","14","0.8333333333333334","1","0","0.7205719778266463","0.4166666666666667","0.25","0.6666666666666666"
"7x7-p84","7x7-p84-seeded-random","seeded-random","82","0.5","28","0.6904761904761905","2","1","0.8481973151785931","0.25","0.16666666666666669","0.7777777777777778"
"7x7-p84","7x7-p84-seeded-random","seeded-random","82","0.75","42","0.6825396825396826","4","2","0.8481973151785929","0.25","0.16666666666666669","0.7777777777777778"
"7x7-p84","7x7-p84-seeded-random","seeded-random","82","0.9","51","0.6666666666666666","8","5","0.8481973151785931","0.25","0.16666666666666669","0.7777777777777778"
"7x7-p84","7x7-p84-seeded-random","seeded-random","83","0.25","14","0.8095238095238095","1","0","0.7430423562500168","0.3333333333333333","0.22222222222222224","0.6666666666666666"
"7x7-p84","7x7-p84-seeded-random","seeded-random","83","0.5","28","0.7380952380952381","4","0","0.7956198357143048","0.25","0.18055555555555555","0.6666666666666666"
"7x7-p84","7x7-p84-seeded-random","seeded-random","83","0.75","42","0.6587301587301587","4","2","0.775774794642881","0.25","0.19444444444444445","0.6666666666666666"
"7x7-p84","7x7-p84-seeded-random","seeded-random","83","0.9","51","0.6339869281045751","6","6","0.7956198357143048","0.25","0.18055555555555558","0.6666666666666666"
"7x7-p84","7x7-p84-seeded-random","seeded-random","84","0.25","14","0.7857142857142857","2","0","0.9007747946428811","0.25","0.1527777777777778","0.8888888888888888"
"7x7-p84","7x7-p84-seeded-random","seeded-random","84","0.5","28","0.6904761904761905","2","0","0.848197315178593","0.25","0.16666666666666669","0.7777777777777778"
"7x7-p84","7x7-p84-seeded-random","seeded-random","84","0.75","42","0.6428571428571429","5","3","0.7007269367552227","0.4166666666666667","0.26388888888888884","0.6666666666666666"
"7x7-p84","7x7-p84-seeded-random","seeded-random","84","0.9","51","0.6274509803921569","7","3","0.920619835714305","0.16666666666666666","0.1388888888888889","0.8888888888888888"
"7x7-p84","7x7-p84-seeded-random","seeded-random","85","0.25","14","0.8333333333333334","0","0","0.8283522741071693","0.25","0.18055555555555555","0.7777777777777778"
"7x7-p84","7x7-p84-seeded-random","seeded-random","85","0.5","28","0.7380952380952381","0","0","0.920619835714305","0.16666666666666666","0.1388888888888889","0.8888888888888888"
"7x7-p84","7x7-p84-seeded-random","seeded-random","85","0.75","42","0.6825396825396826","3","1","0.973197315178593","0.16666666666666666","0.125","1"
"7x7-p84","7x7-p84-seeded-random","seeded-random","85","0.9","51","0.6470588235294118","5","2","0.7559297535714574","0.25","0.20833333333333334","0.6666666666666666"
"7x7-p84","7x7-p84-seeded-random","seeded-random","86","0.25","14","0.7380952380952381","0","0","0.8283522741071693","0.25","0.18055555555555558","0.7777777777777778"
"7x7-p84","7x7-p84-seeded-random","seeded-random","86","0.5","28","0.5952380952380952","1","1","0.8283522741071693","0.25","0.18055555555555555","0.7777777777777778"
"7x7-p84","7x7-p84-seeded-random","seeded-random","86","0.75","42","0.5873015873015873","3","1","0.8283522741071693","0.25","0.18055555555555555","0.7777777777777778"
"7x7-p84","7x7-p84-seeded-random","seeded-random","86","0.9","51","0.5882352941176471","5","3","0.920619835714305","0.16666666666666666","0.1388888888888889","0.8888888888888888"
"7x7-p84","7x7-p84-seeded-random","seeded-random","87","0.25","14","0.7619047619047619","0","0","0.775774794642881","0.25","0.19444444444444445","0.6666666666666666"
"7x7-p84","7x7-p84-seeded-random","seeded-random","87","0.5","28","0.7261904761904762","1","1","0.8680423562500169","0.3333333333333333","0.18055555555555555","0.8888888888888888"
"7x7-p84","7x7-p84-seeded-random","seeded-random","87","0.75","42","0.6507936507936508","3","2","0.7033522741071693","0.25","0.2222222222222222","0.5555555555555556"
"7x7-p84","7x7-p84-seeded-random","seeded-random","87","0.9","51","0.6601307189542484","8","3","0.9007747946428811","0.25","0.1527777777777778","0.8888888888888888"
"7x7-p84","7x7-p84-seeded-random","seeded-random","88","0.25","14","0.8333333333333334","1","0","0.9007747946428811","0.25","0.1527777777777778","0.8888888888888888"
"7x7-p84","7x7-p84-seeded-random","seeded-random","88","0.5","28","0.6785714285714286","1","0","0.7731494572909345","0.4166666666666667","0.23611111111111113","0.7777777777777778"
"7x7-p84","7x7-p84-seeded-random","seeded-random","88","0.75","42","0.6666666666666666","5","0","0.9007747946428813","0.25","0.1527777777777778","0.8888888888888888"
"7x7-p84","7x7-p84-seeded-random","seeded-random","88","0.9","51","0.6405228758169934","7","4","0.8481973151785929","0.25","0.16666666666666669","0.7777777777777778"
"7x7-p84","7x7-p84-seeded-random","seeded-random","89","0.25","14","0.8809523809523809","0","0","0.8481973151785931","0.25","0.16666666666666666","0.7777777777777778"
"7x7-p84","7x7-p84-seeded-random","seeded-random","89","0.5","28","0.8095238095238095","4","0","0.8481973151785931","0.25","0.16666666666666669","0.7777777777777778"
"7x7-p84","7x7-p84-seeded-random","seeded-random","89","0.75","42","0.7142857142857143","6","3","0.8154648767857287","0.3333333333333333","0.19444444444444445","0.7777777777777778"
"7x7-p84","7x7-p84-seeded-random","seeded-random","89","0.9","51","0.6928104575163399","7","4","0.8283522741071693","0.25","0.18055555555555558","0.7777777777777778"
"7x7-p84","7x7-p84-seeded-random","seeded-random","90","0.25","14","0.8095238095238095","0","0","0.8680423562500167","0.16666666666666666","0.1527777777777778","0.7777777777777778"
"7x7-p84","7x7-p84-seeded-random","seeded-random","90","0.5","28","0.6190476190476191","1","0","0.8481973151785931","0.25","0.16666666666666669","0.7777777777777778"
"7x7-p84","7x7-p84-seeded-random","seeded-random","90","0.75","42","0.6111111111111112","1","4","0.8154648767857287","0.3333333333333333","0.19444444444444442","0.7777777777777778"
"7x7-p84","7x7-p84-seeded-random","seeded-random","90","0.9","51","0.5947712418300654","3","6","0.7430423562500168","0.3333333333333333","0.22222222222222224","0.6666666666666666"
"7x7-p84","7x7-p84-seeded-random","seeded-random","91","0.25","14","0.8809523809523809","0","0","0.8680423562500169","0.3333333333333333","0.18055555555555558","0.8888888888888888"
"7x7-p84","7x7-p84-seeded-random","seeded-random","91","0.5","28","0.7619047619047619","1","0","0.8154648767857287","0.3333333333333333","0.19444444444444445","0.7777777777777778"
"7x7-p84","7x7-p84-seeded-random","seeded-random","91","0.75","42","0.6666666666666666","4","1","0.5628395394337818","0.4166666666666667","0.3194444444444444","0.4444444444444444"
"7x7-p84","7x7-p84-seeded-random","seeded-random","91","0.9","51","0.6405228758169934","5","4","0.9731973151785932","0.16666666666666666","0.125","1"
"7x7-p84","7x7-p84-seeded-random","seeded-random","92","0.25","14","0.8095238095238095","0","0","0.7033522741071694","0.25","0.22222222222222224","0.5555555555555556"
"7x7-p84","7x7-p84-seeded-random","seeded-random","92","0.5","28","0.7023809523809523","2","0","0.8680423562500167","0.16666666666666666","0.1527777777777778","0.7777777777777778"
"7x7-p84","7x7-p84-seeded-random","seeded-random","92","0.75","42","0.6746031746031746","5","1","0.7757747946428812","0.25","0.19444444444444448","0.6666666666666666"
"7x7-p84","7x7-p84-seeded-random","seeded-random","92","0.9","51","0.6601307189542484","6","2","0.7757747946428812","0.25","0.19444444444444442","0.6666666666666666"
"7x7-p84","7x7-p84-seeded-random","seeded-random","93","0.25","14","0.8809523809523809","1","0","0.6577324383928644","0.3333333333333333","0.26388888888888884","0.5555555555555556"
"7x7-p84","7x7-p84-seeded-random","seeded-random","93","0.5","28","0.7023809523809523","2","0","0.7628873973214406","0.3333333333333333","0.20833333333333334","0.6666666666666666"
"7x7-p84","7x7-p84-seeded-random","seeded-random","93","0.75","42","0.6349206349206349","4","2","0.8283522741071693","0.25","0.18055555555555555","0.7777777777777778"
"7x7-p84","7x7-p84-seeded-random","seeded-random","93","0.9","51","0.6209150326797386","7","3","0.920619835714305","0.16666666666666666","0.1388888888888889","0.8888888888888888"
"7x7-p84","7x7-p84-seeded-random","seeded-random","94","0.25","14","0.6904761904761905","0","0","0.7757747946428812","0.25","0.19444444444444445","0.6666666666666666"
"7x7-p84","7x7-p84-seeded-random","seeded-random","94","0.5","28","0.6547619047619048","1","0","0.9731973151785932","0.16666666666666666","0.125","1"
"7x7-p84","7x7-p84-seeded-random","seeded-random","94","0.75","42","0.6031746031746031","1","2","0.7731494572909345","0.4166666666666667","0.23611111111111113","0.7777777777777778"
"7x7-p84","7x7-p84-seeded-random","seeded-random","94","0.9","51","0.6013071895424836","4","3","0.920619835714305","0.16666666666666666","0.1388888888888889","0.8888888888888888"
"7x7-p84","7x7-p84-seeded-random","seeded-random","95","0.25","14","0.7380952380952381","0","0","0.7628873973214406","0.3333333333333333","0.20833333333333331","0.6666666666666666"
"7x7-p84","7x7-p84-seeded-random","seeded-random","95","0.5","28","0.6428571428571429","2","1","0.9007747946428813","0.25","0.1527777777777778","0.8888888888888888"
"7x7-p84","7x7-p84-seeded-random","seeded-random","95","0.75","42","0.5793650793650794","2","4","0.8283522741071693","0.25","0.18055555555555555","0.7777777777777778"
"7x7-p84","7x7-p84-seeded-random","seeded-random","95","0.9","51","0.5620915032679739","3","6","0.7956198357143048","0.25","0.18055555555555555","0.6666666666666666"
"7x7-p84","7x7-p84-seeded-random","seeded-random","96","0.25","14","0.8095238095238095","0","0","0.7731494572909345","0.4166666666666667","0.23611111111111113","0.7777777777777778"
"7x7-p84","7x7-p84-seeded-random","seeded-random","96","0.5","28","0.7142857142857143","2","0","0.8481973151785929","0.25","0.16666666666666666","0.7777777777777778"
"7x7-p84","7x7-p84-seeded-random","seeded-random","96","0.75","42","0.6666666666666666","3","0","0.8481973151785931","0.25","0.16666666666666666","0.7777777777777778"
"7x7-p84","7x7-p84-seeded-random","seeded-random","96","0.9","51","0.6339869281045751","4","2","0.920619835714305","0.16666666666666666","0.1388888888888889","0.8888888888888888"
"7x7-p84","7x7-p84-seeded-random","seeded-random","97","0.25","14","0.8809523809523809","1","0","0.9007747946428811","0.25","0.15277777777777776","0.8888888888888888"
"7x7-p84","7x7-p84-seeded-random","seeded-random","97","0.5","28","0.6904761904761905","1","0","0.7559297535714574","0.25","0.20833333333333334","0.6666666666666666"
"7x7-p84","7x7-p84-seeded-random","seeded-random","97","0.75","42","0.6428571428571429","4","2","0.7628873973214406","0.3333333333333333","0.20833333333333334","0.6666666666666666"
"7x7-p84","7x7-p84-seeded-random","seeded-random","97","0.9","51","0.6078431372549019","5","2","0.9007747946428811","0.25","0.1527777777777778","0.8888888888888888"
"7x7-p84","7x7-p84-seeded-random","seeded-random","98","0.25","14","0.8333333333333334","1","0","0.7956198357143051","0.3333333333333333","0.20833333333333334","0.7777777777777778"
"7x7-p84","7x7-p84-seeded-random","seeded-random","98","0.5","28","0.7738095238095238","3","0","0.8481973151785929","0.25","0.16666666666666669","0.7777777777777778"
"7x7-p84","7x7-p84-seeded-random","seeded-random","98","0.75","42","0.6587301587301587","3","0","0.8154648767857287","0.3333333333333333","0.19444444444444448","0.7777777777777778"
"7x7-p84","7x7-p84-seeded-random","seeded-random","98","0.9","51","0.6405228758169934","6","1","0.8283522741071693","0.25","0.18055555555555555","0.7777777777777778"
"7x7-p84","7x7-p84-seeded-random","seeded-random","99","0.25","14","0.8809523809523809","1","0","0.8809297535714575","0.25","0.16666666666666669","0.8888888888888888"
"7x7-p84","7x7-p84-seeded-random","seeded-random","99","0.5","28","0.7738095238095238","1","0","0.9731973151785932","0.16666666666666666","0.125","1"
"7x7-p84","7x7-p84-seeded-random","seeded-random","99","0.75","42","0.6984126984126984","6","2","0.7007269367552227","0.4166666666666667","0.26388888888888884","0.6666666666666666"
"7x7-p84","7x7-p84-seeded-random","seeded-random","99","0.9","51","0.6470588235294118","8","2","0.7956198357143051","0.3333333333333333","0.20833333333333334","0.7777777777777778"
"7x7-p84","7x7-p84-seeded-random","seeded-random","100","0.25","14","0.8571428571428571","0","0","0.920619835714305","0.16666666666666666","0.1388888888888889","0.8888888888888888"
"7x7-p84","7x7-p84-seeded-random","seeded-random","100","0.5","28","0.7619047619047619","1","0","0.8481973151785929","0.25","0.16666666666666669","0.7777777777777778"
"7x7-p84","7x7-p84-seeded-random","seeded-random","100","0.75","42","0.6666666666666666","2","2","0.7956198357143048","0.25","0.18055555555555555","0.6666666666666666"
"7x7-p84","7x7-p84-seeded-random","seeded-random","100","0.9","51","0.6535947712418301","7","3","0.9007747946428813","0.25","0.1527777777777778","0.8888888888888888"
"7x7-p84","7x7-p84-uct-0100","uct-0100","1","0.25","14","0.6666666666666666","0","0","0.7956198357143051","0.3333333333333333","0.20833333333333334","0.7777777777777778"
"7x7-p84","7x7-p84-uct-0100","uct-0100","1","0.5","28","0.6547619047619048","2","2","0.9007747946428811","0.25","0.1527777777777778","0.8888888888888888"
"7x7-p84","7x7-p84-uct-0100","uct-0100","1","0.75","42","0.6349206349206349","4","4","0.8154648767857289","0.3333333333333333","0.19444444444444445","0.7777777777777778"
"7x7-p84","7x7-p84-uct-0100","uct-0100","1","0.9","51","0.5751633986928104","4","9","0.8481973151785929","0.25","0.16666666666666669","0.7777777777777778"
"7x7-p84","7x7-p84-uct-0100","uct-0100","2","0.25","14","0.7857142857142857","0","0","0.7757747946428812","0.25","0.19444444444444445","0.6666666666666666"
"7x7-p84","7x7-p84-uct-0100","uct-0100","2","0.5","28","0.6428571428571429","1","0","0.7956198357143048","0.25","0.18055555555555558","0.6666666666666666"
"7x7-p84","7x7-p84-uct-0100","uct-0100","2","0.75","42","0.5555555555555556","3","4","0.920619835714305","0.16666666666666666","0.1388888888888889","0.8888888888888888"
"7x7-p84","7x7-p84-uct-0100","uct-0100","2","0.9","51","0.5490196078431373","3","11","0.8809297535714575","0.25","0.16666666666666669","0.8888888888888888"
"7x7-p84","7x7-p84-uct-0100","uct-0100","3","0.25","14","0.8095238095238095","0","0","0.8481973151785931","0.25","0.16666666666666669","0.7777777777777778"
"7x7-p84","7x7-p84-uct-0100","uct-0100","3","0.5","28","0.7738095238095238","0","0","0.8481973151785931","0.25","0.16666666666666669","0.7777777777777778"
"7x7-p84","7x7-p84-uct-0100","uct-0100","3","0.75","42","0.6666666666666666","1","4","0.9533522741071694","0.25","0.1388888888888889","1"
"7x7-p84","7x7-p84-uct-0100","uct-0100","3","0.9","51","0.6143790849673203","6","10","0.9007747946428811","0.25","0.1527777777777778","0.8888888888888888"
"7x7-p84","7x7-p84-uct-0100","uct-0100","4","0.25","14","0.7619047619047619","0","0","0.8283522741071693","0.25","0.18055555555555555","0.7777777777777778"
"7x7-p84","7x7-p84-uct-0100","uct-0100","4","0.5","28","0.7023809523809523","1","0","0.7628873973214406","0.3333333333333333","0.20833333333333337","0.6666666666666666"
"7x7-p84","7x7-p84-uct-0100","uct-0100","4","0.75","42","0.6349206349206349","2","5","0.8154648767857287","0.3333333333333333","0.19444444444444448","0.7777777777777778"
"7x7-p84","7x7-p84-uct-0100","uct-0100","4","0.9","51","0.6078431372549019","4","12","0.920619835714305","0.16666666666666666","0.1388888888888889","0.8888888888888888"
"7x7-p84","7x7-p84-uct-0100","uct-0100","5","0.25","14","0.8333333333333334","0","0","0.8481973151785931","0.25","0.16666666666666669","0.7777777777777778"
"7x7-p84","7x7-p84-uct-0100","uct-0100","5","0.5","28","0.6666666666666666","0","0","0.775774794642881","0.25","0.19444444444444445","0.6666666666666666"
"7x7-p84","7x7-p84-uct-0100","uct-0100","5","0.75","42","0.6031746031746031","2","5","0.545619835714305","0.5","0.3472222222222222","0.4444444444444444"
"7x7-p84","7x7-p84-uct-0100","uct-0100","5","0.9","51","0.5620915032679739","2","11","0.8481973151785931","0.25","0.16666666666666666","0.7777777777777778"
"7x7-p84","7x7-p84-uct-0100","uct-0100","6","0.25","14","0.6666666666666666","0","0","0.8481973151785929","0.25","0.16666666666666666","0.7777777777777778"
"7x7-p84","7x7-p84-uct-0100","uct-0100","6","0.5","28","0.6666666666666666","0","0","0.7757747946428812","0.25","0.19444444444444448","0.6666666666666666"
"7x7-p84","7x7-p84-uct-0100","uct-0100","6","0.75","42","0.6190476190476191","3","5","0.9007747946428811","0.25","0.1527777777777778","0.8888888888888888"
"7x7-p84","7x7-p84-uct-0100","uct-0100","6","0.9","51","0.5816993464052288","4","8","0.7205719778266463","0.4166666666666667","0.25","0.6666666666666666"
"7x7-p84","7x7-p84-uct-0100","uct-0100","7","0.25","14","0.7857142857142857","0","0","0.8481973151785929","0.25","0.16666666666666666","0.7777777777777778"
"7x7-p84","7x7-p84-uct-0100","uct-0100","7","0.5","28","0.7023809523809523","0","1","0.9731973151785932","0.16666666666666666","0.125","1"
"7x7-p84","7x7-p84-uct-0100","uct-0100","7","0.75","42","0.6507936507936508","2","4","0.775774794642881","0.25","0.19444444444444442","0.6666666666666666"
"7x7-p84","7x7-p84-uct-0100","uct-0100","7","0.9","51","0.6274509803921569","4","8","0.7430423562500168","0.3333333333333333","0.22222222222222224","0.6666666666666666"
"7x7-p84","7x7-p84-uct-0100","uct-0100","8","0.25","14","0.7619047619047619","0","0","0.8154648767857287","0.3333333333333333","0.19444444444444445","0.7777777777777778"
"7x7-p84","7x7-p84-uct-0100","uct-0100","8","0.5","28","0.6190476190476191","1","0","0.920619835714305","0.16666666666666666","0.1388888888888889","0.8888888888888888"
"7x7-p84","7x7-p84-uct-0100","uct-0100","8","0.75","42","0.5476190476190477","2","5","0.8154648767857287","0.3333333333333333","0.19444444444444445","0.7777777777777778"
"7x7-p84","7x7-p84-uct-0100","uct-0100","8","0.9","51","0.5294117647058824","3","9","0.6481494572909344","0.4166666666666667","0.2777777777777778","0.5555555555555556"
"7x7-p84","7x7-p84-uct-0100","uct-0100","9","0.25","14","0.7380952380952381","0","0","0.8283522741071695","0.25","0.18055555555555558","0.7777777777777778"
"7x7-p84","7x7-p84-uct-0100","uct-0100","9","0.5","28","0.7380952380952381","0","0","0.8680423562500169","0.3333333333333333","0.18055555555555558","0.8888888888888888"
"7x7-p84","7x7-p84-uct-0100","uct-0100","9","0.75","42","0.6111111111111112","1","3","0.8481973151785931","0.25","0.16666666666666669","0.7777777777777778"
"7x7-p84","7x7-p84-uct-0100","uct-0100","9","0.9","51","0.5620915032679739","3","9","0.8481973151785931","0.25","0.16666666666666666","0.7777777777777778"
"7x7-p84","7x7-p84-uct-0100","uct-0100","10","0.25","14","0.8095238095238095","0","0","0.8481973151785931","0.25","0.16666666666666666","0.7777777777777778"
"7x7-p84","7x7-p84-uct-0100","uct-0100","10","0.5","28","0.6428571428571429","3","2","0.9007747946428813","0.25","0.1527777777777778","0.8888888888888888"
"7x7-p84","7x7-p84-uct-0100","uct-0100","10","0.75","42","0.6031746031746031","6","6","0.8481973151785931","0.25","0.16666666666666669","0.7777777777777778"
"7x7-p84","7x7-p84-uct-0100","uct-0100","10","0.9","51","0.5490196078431373","7","12","0.8481973151785931","0.25","0.16666666666666669","0.7777777777777778"
"7x7-p84","7x7-p84-uct-0100","uct-0100","11","0.25","14","0.7142857142857143","0","1","0.8481973151785931","0.25","0.16666666666666666","0.7777777777777778"
"7x7-p84","7x7-p84-uct-0100","uct-0100","11","0.5","28","0.6190476190476191","2","2","0.7430423562500169","0.3333333333333333","0.2222222222222222","0.6666666666666666"
"7x7-p84","7x7-p84-uct-0100","uct-0100","11","0.75","42","0.5793650793650794","2","5","0.8680423562500167","0.16666666666666666","0.15277777777777776","0.7777777777777778"
"7x7-p84","7x7-p84-uct-0100","uct-0100","11","0.9","51","0.5490196078431373","2","10","0.7205719778266463","0.4166666666666667","0.25000000000000006","0.6666666666666666"
"7x7-p84","7x7-p84-uct-0100","uct-0100","12","0.25","14","0.7380952380952381","0","0","0.6577324383928642","0.3333333333333333","0.26388888888888884","0.5555555555555556"
"7x7-p84","7x7-p84-uct-0100","uct-0100","12","0.5","28","0.6904761904761905","1","1","0.8481973151785931","0.25","0.16666666666666669","0.7777777777777778"
"7x7-p84","7x7-p84-uct-0100","uct-0100","12","0.75","42","0.6031746031746031","3","6","0.8481973151785931","0.25","0.16666666666666669","0.7777777777777778"
"7x7-p84","7x7-p84-uct-0100","uct-0100","12","0.9","51","0.6013071895424836","4","10","0.8283522741071693","0.25","0.18055555555555558","0.7777777777777778"
"7x7-p84","7x7-p84-uct-0100","uct-0100","13","0.25","14","0.8571428571428571","0","0","0.7628873973214406","0.3333333333333333","0.20833333333333337","0.6666666666666666"
"7x7-p84","7x7-p84-uct-0100","uct-0100","13","0.5","28","0.7261904761904762","0","1","0.7628873973214406","0.3333333333333333","0.20833333333333334","0.6666666666666666"
"7x7-p84","7x7-p84-uct-0100","uct-0100","13","0.75","42","0.6349206349206349","3","6","0.8283522741071693","0.25","0.18055555555555558","0.7777777777777778"
"7x7-p84","7x7-p84-uct-0100","uct-0100","13","0.9","51","0.6143790849673203","3","11","0.598197315178593","0.5","0.33333333333333326","0.5555555555555556"
"7x7-p84","7x7-p84-uct-0100","uct-0100","14","0.25","14","0.7857142857142857","1","0","0.6904648767857287","0.3333333333333333","0.2361111111111111","0.5555555555555556"
"7x7-p84","7x7-p84-uct-0100","uct-0100","14","0.5","28","0.7142857142857143","3","1","0.7956198357143048","0.25","0.18055555555555558","0.6666666666666666"
"7x7-p84","7x7-p84-uct-0100","uct-0100","14","0.75","42","0.6666666666666666","4","3","0.8283522741071693","0.25","0.18055555555555555","0.7777777777777778"
"7x7-p84","7x7-p84-uct-0100","uct-0100","14","0.9","51","0.6143790849673203","7","8","0.7430423562500168","0.3333333333333333","0.2222222222222222","0.6666666666666666"
"7x7-p84","7x7-p84-uct-0100","uct-0100","15","0.25","14","0.7619047619047619","0","0","0.8481973151785929","0.25","0.16666666666666666","0.7777777777777778"
"7x7-p84","7x7-p84-uct-0100","uct-0100","15","0.5","28","0.6547619047619048","1","1","0.7430423562500168","0.3333333333333333","0.2222222222222222","0.6666666666666666"
"7x7-p84","7x7-p84-uct-0100","uct-0100","15","0.75","42","0.5714285714285714","2","7","0.8154648767857285","0.16666666666666666","0.16666666666666669","0.6666666666666666"
"7x7-p84","7x7-p84-uct-0100","uct-0100","15","0.9","51","0.5424836601307189","3","14","0.920619835714305","0.16666666666666666","0.1388888888888889","0.8888888888888888"
"7x7-p84","7x7-p84-uct-0100","uct-0100","16","0.25","14","0.8333333333333334","1","0","0.8809297535714575","0.25","0.16666666666666669","0.8888888888888888"
"7x7-p84","7x7-p84-uct-0100","uct-0100","16","0.5","28","0.7142857142857143","2","2","0.6904648767857287","0.3333333333333333","0.2361111111111111","0.5555555555555556"
"7x7-p84","7x7-p84-uct-0100","uct-0100","16","0.75","42","0.5952380952380952","5","7","0.8680423562500167","0.16666666666666666","0.15277777777777776","0.7777777777777778"
"7x7-p84","7x7-p84-uct-0100","uct-0100","16","0.9","51","0.5490196078431373","5","14","0.670619835714305","0.3333333333333333","0.25","0.5555555555555556"
"7x7-p84","7x7-p84-uct-0100","uct-0100","17","0.25","14","0.8095238095238095","0","0","0.6904648767857287","0.3333333333333333","0.23611111111111113","0.5555555555555556"
"7x7-p84","7x7-p84-uct-0100","uct-0100","17","0.5","28","0.6666666666666666","1","1","0.9007747946428811","0.25","0.1527777777777778","0.8888888888888888"
"7x7-p84","7x7-p84-uct-0100","uct-0100","17","0.75","42","0.6031746031746031","4","6","0.8154648767857287","0.3333333333333333","0.19444444444444445","0.7777777777777778"
"7x7-p84","7x7-p84-uct-0100","uct-0100","17","0.9","51","0.5686274509803921","4","12","0.7956198357143051","0.3333333333333333","0.20833333333333334","0.7777777777777778"
"7x7-p84","7x7-p84-uct-0100","uct-0100","18","0.25","14","0.8333333333333334","0","0","0.9007747946428811","0.25","0.1527777777777778","0.8888888888888888"
"7x7-p84","7x7-p84-uct-0100","uct-0100","18","0.5","28","0.7261904761904762","0","1","0.8283522741071695","0.25","0.18055555555555558","0.7777777777777778"
"7x7-p84","7x7-p84-uct-0100","uct-0100","18","0.75","42","0.6904761904761905","4","5","0.9007747946428811","0.25","0.1527777777777778","0.8888888888888888"
"7x7-p84","7x7-p84-uct-0100","uct-0100","18","0.9","51","0.6274509803921569","4","9","0.8481973151785931","0.25","0.16666666666666666","0.7777777777777778"
"7x7-p84","7x7-p84-uct-0100","uct-0100","19","0.25","14","0.7380952380952381","0","0","0.7430423562500168","0.3333333333333333","0.2222222222222222","0.6666666666666666"
"7x7-p84","7x7-p84-uct-0100","uct-0100","19","0.5","28","0.6428571428571429","0","2","0.7430423562500168","0.3333333333333333","0.22222222222222224","0.6666666666666666"
"7x7-p84","7x7-p84-uct-0100","uct-0100","19","0.75","42","0.5634920634920635","1","7","0.8481973151785931","0.25","0.16666666666666669","0.7777777777777778"
"7x7-p84","7x7-p84-uct-0100","uct-0100","19","0.9","51","0.5228758169934641","3","14","0.9007747946428813","0.25","0.1527777777777778","0.8888888888888888"
"7x7-p84","7x7-p84-uct-0100","uct-0100","20","0.25","14","0.7857142857142857","0","0","0.8481973151785931","0.25","0.16666666666666666","0.7777777777777778"
"7x7-p84","7x7-p84-uct-0100","uct-0100","20","0.5","28","0.6904761904761905","0","2","0.8283522741071693","0.25","0.18055555555555555","0.7777777777777778"
"7x7-p84","7x7-p84-uct-0100","uct-0100","20","0.75","42","0.626984126984127","2","6","0.8481973151785931","0.25","0.16666666666666666","0.7777777777777778"
"7x7-p84","7x7-p84-uct-0100","uct-0100","20","0.9","51","0.5620915032679739","2","10","0.8481973151785931","0.25","0.16666666666666669","0.7777777777777778"
"7x7-p84","7x7-p84-uct-0100","uct-0100","21","0.25","14","0.7619047619047619","0","0","0.775774794642881","0.25","0.19444444444444442","0.6666666666666666"
"7x7-p84","7x7-p84-uct-0100","uct-0100","21","0.5","28","0.6666666666666666","0","0","0.8809297535714575","0.25","0.16666666666666669","0.8888888888888888"
"7x7-p84","7x7-p84-uct-0100","uct-0100","21","0.75","42","0.6111111111111112","3","2","0.8809297535714575","0.25","0.16666666666666666","0.8888888888888888"
"7x7-p84","7x7-p84-uct-0100","uct-0100","21","0.9","51","0.5620915032679739","3","7","0.920619835714305","0.16666666666666666","0.1388888888888889","0.8888888888888888"
"7x7-p84","7x7-p84-uct-0100","uct-0100","22","0.25","14","0.8333333333333334","0","0","0.7757747946428812","0.25","0.19444444444444448","0.6666666666666666"
"7x7-p84","7x7-p84-uct-0100","uct-0100","22","0.5","28","0.7261904761904762","2","0","0.7430423562500168","0.3333333333333333","0.22222222222222224","0.6666666666666666"
"7x7-p84","7x7-p84-uct-0100","uct-0100","22","0.75","42","0.6111111111111112","2","3","0.8154648767857287","0.3333333333333333","0.19444444444444448","0.7777777777777778"
"7x7-p84","7x7-p84-uct-0100","uct-0100","22","0.9","51","0.5751633986928104","4","10","0.9007747946428813","0.25","0.1527777777777778","0.8888888888888888"
"7x7-p84","7x7-p84-uct-0100","uct-0100","23","0.25","14","0.8809523809523809","0","0","0.920619835714305","0.16666666666666666","0.1388888888888889","0.8888888888888888"
"7x7-p84","7x7-p84-uct-0100","uct-0100","23","0.5","28","0.7619047619047619","1","0","0.8154648767857289","0.3333333333333333","0.19444444444444445","0.7777777777777778"
"7x7-p84","7x7-p84-uct-0100","uct-0100","23","0.75","42","0.626984126984127","2","4","0.8680423562500169","0.3333333333333333","0.18055555555555558","0.8888888888888888"
"7x7-p84","7x7-p84-uct-0100","uct-0100","23","0.9","51","0.5816993464052288","2","13","0.9007747946428813","0.25","0.1527777777777778","0.8888888888888888"
"7x7-p84","7x7-p84-uct-0100","uct-0100","24","0.25","14","0.5952380952380952","0","0","0.670619835714305","0.3333333333333333","0.25","0.5555555555555556"
"7x7-p84","7x7-p84-uct-0100","uct-0100","24","0.5","28","0.5714285714285714","2","1","0.9007747946428811","0.25","0.1527777777777778","0.8888888888888888"
"7x7-p84","7x7-p84-uct-0100","uct-0100","24","0.75","42","0.5555555555555556","3","9","0.9007747946428811","0.25","0.1527777777777778","0.8888888888888888"
"7x7-p84","7x7-p84-uct-0100","uct-0100","24","0.9","51","0.5294117647058824","3","16","0.7430423562500168","0.3333333333333333","0.22222222222222224","0.6666666666666666"
"7x7-p84","7x7-p84-uct-0100","uct-0100","25","0.25","14","0.7380952380952381","0","0","0.9533522741071694","0.25","0.1388888888888889","1"
"7x7-p84","7x7-p84-uct-0100","uct-0100","25","0.5","28","0.6309523809523809","1","4","0.848197315178593","0.25","0.16666666666666669","0.7777777777777778"
"7x7-p84","7x7-p84-uct-0100","uct-0100","25","0.75","42","0.5952380952380952","4","6","0.8481973151785931","0.25","0.16666666666666669","0.7777777777777778"
"7x7-p84","7x7-p84-uct-0100","uct-0100","25","0.9","51","0.5555555555555556","4","10","0.7628873973214405","0.3333333333333333","0.20833333333333337","0.6666666666666666"
"7x7-p84","7x7-p84-uct-0100","uct-0100","26","0.25","14","0.7619047619047619","0","0","0.7205719778266463","0.4166666666666667","0.25","0.6666666666666666"
"7x7-p84","7x7-p84-uct-0100","uct-0100","26","0.5","28","0.6190476190476191","0","1","0.920619835714305","0.16666666666666666","0.1388888888888889","0.8888888888888888"
"7x7-p84","7x7-p84-uct-0100","uct-0100","26","0.75","42","0.5476190476190477","0","6","0.8283522741071693","0.25","0.18055555555555555","0.7777777777777778"
"7x7-p84","7x7-p84-uct-0100","uct-0100","26","0.9","51","0.5424836601307189","0","11","0.9206198357143047","0.16666666666666666","0.1388888888888889","0.8888888888888888"
"7x7-p84","7x7-p84-uct-0100","uct-0100","27","0.25","14","0.7380952380952381","0","0","0.8283522741071693","0.25","0.18055555555555555","0.7777777777777778"
"7x7-p84","7x7-p84-uct-0100","uct-0100","27","0.5","28","0.6428571428571429","1","1","0.7430423562500168","0.3333333333333333","0.2222222222222222","0.6666666666666666"
"7x7-p84","7x7-p84-uct-0100","uct-0100","27","0.75","42","0.5714285714285714","1","6","0.775774794642881","0.25","0.19444444444444442","0.6666666666666666"
"7x7-p84","7x7-p84-uct-0100","uct-0100","27","0.9","51","0.5555555555555556","2","11","0.8283522741071693","0.25","0.18055555555555558","0.7777777777777778"
"7x7-p84","7x7-p84-uct-0100","uct-0100","28","0.25","14","0.7857142857142857","1","1","0.775774794642881","0.25","0.19444444444444442","0.6666666666666666"
"7x7-p84","7x7-p84-uct-0100","uct-0100","28","0.5","28","0.7261904761904762","2","1","0.7956198357143051","0.3333333333333333","0.20833333333333334","0.7777777777777778"
"7x7-p84","7x7-p84-uct-0100","uct-0100","28","0.75","42","0.6031746031746031","2","8","0.9007747946428813","0.25","0.1527777777777778","0.8888888888888888"
"7x7-p84","7x7-p84-uct-0100","uct-0100","28","0.9","51","0.5947712418300654","3","11","0.670619835714305","0.3333333333333333","0.25","0.5555555555555556"
"7x7-p84","7x7-p84-uct-0100","uct-0100","29","0.25","14","0.8809523809523809","0","0","0.7628873973214406","0.3333333333333333","0.20833333333333334","0.6666666666666666"
"7x7-p84","7x7-p84-uct-0100","uct-0100","29","0.5","28","0.7261904761904762","2","0","0.8680423562500169","0.3333333333333333","0.18055555555555555","0.8888888888888888"
"7x7-p84","7x7-p84-uct-0100","uct-0100","29","0.75","42","0.6031746031746031","4","3","0.7430423562500168","0.3333333333333333","0.22222222222222224","0.6666666666666666"
"7x7-p84","7x7-p84-uct-0100","uct-0100","29","0.9","51","0.5490196078431373","6","7","0.920619835714305","0.16666666666666666","0.1388888888888889","0.8888888888888888"
"7x7-p84","7x7-p84-uct-0100","uct-0100","30","0.25","14","0.8095238095238095","0","0","0.8481973151785931","0.25","0.16666666666666669","0.7777777777777778"
"7x7-p84","7x7-p84-uct-0100","uct-0100","30","0.5","28","0.6904761904761905","0","0","0.8481973151785931","0.25","0.16666666666666669","0.7777777777777778"
"7x7-p84","7x7-p84-uct-0100","uct-0100","30","0.75","42","0.626984126984127","1","8","0.8481973151785931","0.25","0.16666666666666666","0.7777777777777778"
"7x7-p84","7x7-p84-uct-0100","uct-0100","30","0.9","51","0.5620915032679739","2","11","0.9007747946428811","0.25","0.15277777777777776","0.8888888888888888"
"7x7-p84","7x7-p84-uct-0100","uct-0100","31","0.25","14","0.8095238095238095","0","0","0.7757747946428812","0.25","0.19444444444444448","0.6666666666666666"
"7x7-p84","7x7-p84-uct-0100","uct-0100","31","0.5","28","0.6904761904761905","2","1","0.7956198357143048","0.25","0.18055555555555555","0.6666666666666666"
"7x7-p84","7x7-p84-uct-0100","uct-0100","31","0.75","42","0.6031746031746031","3","5","0.920619835714305","0.16666666666666666","0.1388888888888889","0.8888888888888888"
"7x7-p84","7x7-p84-uct-0100","uct-0100","31","0.9","51","0.5490196078431373","4","12","0.8154648767857287","0.3333333333333333","0.19444444444444445","0.7777777777777778"
"7x7-p84","7x7-p84-uct-0100","uct-0100","32","0.25","14","0.7380952380952381","1","0","0.8283522741071693","0.25","0.18055555555555558","0.7777777777777778"
"7x7-p84","7x7-p84-uct-0100","uct-0100","32","0.5","28","0.6190476190476191","2","0","0.9007747946428811","0.25","0.1527777777777778","0.8888888888888888"
"7x7-p84","7x7-p84-uct-0100","uct-0100","32","0.75","42","0.5793650793650794","3","5","0.723197315178593","0.25","0.20833333333333337","0.5555555555555556"
"7x7-p84","7x7-p84-uct-0100","uct-0100","32","0.9","51","0.5359477124183006","4","12","0.920619835714305","0.16666666666666666","0.1388888888888889","0.8888888888888888"
"7x7-p84","7x7-p84-uct-0100","uct-0100","33","0.25","14","0.6904761904761905","0","0","0.8481973151785931","0.25","0.16666666666666669","0.7777777777777778"
"7x7-p84","7x7-p84-uct-0100","uct-0100","33","0.5","28","0.6547619047619048","1","0","0.775774794642881","0.25","0.19444444444444445","0.6666666666666666"
"7x7-p84","7x7-p84-uct-0100","uct-0100","33","0.75","42","0.5873015873015873","2","4","0.7757747946428812","0.25","0.19444444444444445","0.6666666666666666"
"7x7-p84","7x7-p84-uct-0100","uct-0100","33","0.9","51","0.5555555555555556","4","10","0.8283522741071693","0.25","0.18055555555555555","0.7777777777777778"
"7x7-p84","7x7-p84-uct-0100","uct-0100","34","0.25","14","0.6904761904761905","0","0","0.7430423562500168","0.3333333333333333","0.2222222222222222","0.6666666666666666"
"7x7-p84","7x7-p84-uct-0100","uct-0100","34","0.5","28","0.6190476190476191","0","2","0.7033522741071694","0.25","0.22222222222222224","0.5555555555555556"
"7x7-p84","7x7-p84-uct-0100","uct-0100","34","0.75","42","0.5634920634920635","2","8","0.8154648767857287","0.3333333333333333","0.19444444444444442","0.7777777777777778"
"7x7-p84","7x7-p84-uct-0100","uct-0100","34","0.9","51","0.5032679738562091","3","17","0.920619835714305","0.16666666666666666","0.1388888888888889","0.8888888888888888"
"7x7-p84","7x7-p84-uct-0100","uct-0100","35","0.25","14","0.6904761904761905","0","0","0.9007747946428813","0.25","0.1527777777777778","0.8888888888888888"
"7x7-p84","7x7-p84-uct-0100","uct-0100","35","0.5","28","0.6190476190476191","1","1","0.8481973151785931","0.25","0.16666666666666666","0.7777777777777778"
"7x7-p84","7x7-p84-uct-0100","uct-0100","35","0.75","42","0.5476190476190477","3","5","0.7559297535714574","0.25","0.20833333333333334","0.6666666666666666"
"7x7-p84","7x7-p84-uct-0100","uct-0100","35","0.9","51","0.5294117647058824","8","9","0.8481973151785931","0.25","0.16666666666666666","0.7777777777777778"
"7x7-p84","7x7-p84-uct-0100","uct-0100","36","0.25","14","0.8571428571428571","0","0","0.8680423562500167","0.16666666666666666","0.15277777777777776","0.7777777777777778"
"7x7-p84","7x7-p84-uct-0100","uct-0100","36","0.5","28","0.7023809523809523","2","0","0.8283522741071695","0.25","0.18055555555555558","0.7777777777777778"
"7x7-p84","7x7-p84-uct-0100","uct-0100","36","0.75","42","0.6031746031746031","3","2","0.8283522741071695","0.25","0.18055555555555558","0.7777777777777778"
"7x7-p84","7x7-p84-uct-0100","uct-0100","36","0.9","51","0.5424836601307189","4","7","0.7033522741071692","0.25","0.2222222222222222","0.5555555555555556"
"7x7-p84","7x7-p84-uct-0100","uct-0100","37","0.25","14","0.7380952380952381","0","0","0.7628873973214404","0.3333333333333333","0.20833333333333331","0.6666666666666666"
"7x7-p84","7x7-p84-uct-0100","uct-0100","37","0.5","28","0.6547619047619048","2","1","0.8283522741071693","0.25","0.18055555555555555","0.7777777777777778"
"7x7-p84","7x7-p84-uct-0100","uct-0100","37","0.75","42","0.5952380952380952","5","6","0.7430423562500168","0.3333333333333333","0.2222222222222222","0.6666666666666666"
"7x7-p84","7x7-p84-uct-0100","uct-0100","37","0.9","51","0.5751633986928104","5","11","0.8283522741071695","0.25","0.18055555555555555","0.7777777777777778"
"7x7-p84","7x7-p84-uct-0100","uct-0100","38","0.25","14","0.8571428571428571","2","0","0.9007747946428811","0.25","0.1527777777777778","0.8888888888888888"
"7x7-p84","7x7-p84-uct-0100","uct-0100","38","0.5","28","0.6785714285714286","2","1","0.9007747946428811","0.25","0.15277777777777776","0.8888888888888888"
"7x7-p84","7x7-p84-uct-0100","uct-0100","38","0.75","42","0.6111111111111112","4","3","0.7430423562500169","0.3333333333333333","0.22222222222222224","0.6666666666666666"
"7x7-p84","7x7-p84-uct-0100","uct-0100","38","0.9","51","0.5816993464052288","7","8","0.775774794642881","0.25","0.19444444444444442","0.6666666666666666"
"7x7-p84","7x7-p84-uct-0100","uct-0100","39","0.25","14","0.8095238095238095","0","0","0.8481973151785929","0.25","0.16666666666666666","0.7777777777777778"
"7x7-p84","7x7-p84-uct-0100","uct-0100","39","0.5","28","0.6785714285714286","0","2","0.8680423562500169","0.3333333333333333","0.18055555555555558","0.8888888888888888"
"7x7-p84","7x7-p84-uct-0100","uct-0100","39","0.75","42","0.6507936507936508","5","5","0.7628873973214406","0.3333333333333333","0.20833333333333337","0.6666666666666666"
"7x7-p84","7x7-p84-uct-0100","uct-0100","39","0.9","51","0.6143790849673203","6","12","0.9007747946428811","0.25","0.1527777777777778","0.8888888888888888"
"7x7-p84","7x7-p84-uct-0100","uct-0100","40","0.25","14","0.6666666666666666","0","0","0.9731973151785932","0.16666666666666666","0.125","1"
"7x7-p84","7x7-p84-uct-0100","uct-0100","40","0.5","28","0.6309523809523809","1","0","0.920619835714305","0.16666666666666666","0.1388888888888889","0.8888888888888888"
"7x7-p84","7x7-p84-uct-0100","uct-0100","40","0.75","42","0.5952380952380952","4","4","0.8154648767857289","0.3333333333333333","0.19444444444444445","0.7777777777777778"
"7x7-p84","7x7-p84-uct-0100","uct-0100","40","0.9","51","0.5816993464052288","6","6","0.9007747946428811","0.25","0.1527777777777778","0.8888888888888888"
"7x7-p84","7x7-p84-uct-0100","uct-0100","41","0.25","14","0.7142857142857143","0","0","0.8481973151785929","0.25","0.16666666666666666","0.7777777777777778"
"7x7-p84","7x7-p84-uct-0100","uct-0100","41","0.5","28","0.6547619047619048","0","0","0.8680423562500167","0.16666666666666666","0.15277777777777776","0.7777777777777778"
"7x7-p84","7x7-p84-uct-0100","uct-0100","41","0.75","42","0.5793650793650794","2","5","0.7956198357143051","0.3333333333333333","0.20833333333333334","0.7777777777777778"
"7x7-p84","7x7-p84-uct-0100","uct-0100","41","0.9","51","0.5359477124183006","5","11","0.545619835714305","0.5","0.3472222222222222","0.4444444444444444"
"7x7-p84","7x7-p84-uct-0100","uct-0100","42","0.25","14","0.7619047619047619","0","0","0.7628873973214406","0.3333333333333333","0.20833333333333331","0.6666666666666666"
"7x7-p84","7x7-p84-uct-0100","uct-0100","42","0.5","28","0.6904761904761905","0","3","0.9007747946428811","0.25","0.1527777777777778","0.8888888888888888"
"7x7-p84","7x7-p84-uct-0100","uct-0100","42","0.75","42","0.6428571428571429","1","4","0.723197315178593","0.25","0.20833333333333331","0.5555555555555556"
"7x7-p84","7x7-p84-uct-0100","uct-0100","42","0.9","51","0.6209150326797386","1","9","0.8481973151785931","0.25","0.16666666666666669","0.7777777777777778"
"7x7-p84","7x7-p84-uct-0100","uct-0100","43","0.25","14","0.8333333333333334","0","0","0.7956198357143048","0.25","0.18055555555555555","0.6666666666666666"
"7x7-p84","7x7-p84-uct-0100","uct-0100","43","0.5","28","0.7380952380952381","1","0","0.7731494572909345","0.4166666666666667","0.23611111111111116","0.7777777777777778"
"7x7-p84","7x7-p84-uct-0100","uct-0100","43","0.75","42","0.6349206349206349","3","4","0.7757747946428812","0.25","0.19444444444444445","0.6666666666666666"
"7x7-p84","7x7-p84-uct-0100","uct-0100","43","0.9","51","0.5947712418300654","5","7","0.8154648767857287","0.3333333333333333","0.19444444444444445","0.7777777777777778"
"7x7-p84","7x7-p84-uct-0100","uct-0100","44","0.25","14","0.8333333333333334","1","1","0.6180423562500168","0.3333333333333333","0.2638888888888889","0.4444444444444444"
"7x7-p84","7x7-p84-uct-0100","uct-0100","44","0.5","28","0.6190476190476191","2","2","0.7757747946428812","0.25","0.19444444444444442","0.6666666666666666"
"7x7-p84","7x7-p84-uct-0100","uct-0100","44","0.75","42","0.5634920634920635","4","4","0.920619835714305","0.16666666666666666","0.1388888888888889","0.8888888888888888"
"7x7-p84","7x7-p84-uct-0100","uct-0100","44","0.9","51","0.5490196078431373","6","13","0.8481973151785931","0.25","0.16666666666666669","0.7777777777777778"
"7x7-p84","7x7-p84-uct-0100","uct-0100","45","0.25","14","0.6666666666666666","0","0","0.8283522741071693","0.25","0.18055555555555558","0.7777777777777778"
"7x7-p84","7x7-p84-uct-0100","uct-0100","45","0.5","28","0.5952380952380952","0","1","0.8481973151785931","0.25","0.16666666666666666","0.7777777777777778"
"7x7-p84","7x7-p84-uct-0100","uct-0100","45","0.75","42","0.5634920634920635","0","6","0.9007747946428811","0.25","0.1527777777777778","0.8888888888888888"
"7x7-p84","7x7-p84-uct-0100","uct-0100","45","0.9","51","0.5424836601307189","2","11","0.8154648767857287","0.3333333333333333","0.19444444444444445","0.7777777777777778"
"7x7-p84","7x7-p84-uct-0100","uct-0100","46","0.25","14","0.8095238095238095","0","0","0.9007747946428811","0.25","0.1527777777777778","0.8888888888888888"
"7x7-p84","7x7-p84-uct-0100","uct-0100","46","0.5","28","0.6547619047619048","1","1","0.920619835714305","0.16666666666666666","0.1388888888888889","0.8888888888888888"
"7x7-p84","7x7-p84-uct-0100","uct-0100","46","0.75","42","0.6031746031746031","2","5","0.9007747946428813","0.25","0.1527777777777778","0.8888888888888888"
"7x7-p84","7x7-p84-uct-0100","uct-0100","46","0.9","51","0.5751633986928104","2","12","0.8809297535714575","0.25","0.16666666666666669","0.8888888888888888"
"7x7-p84","7x7-p84-uct-0100","uct-0100","47","0.25","14","0.8095238095238095","0","0","0.7956198357143048","0.25","0.18055555555555555","0.6666666666666666"
"7x7-p84","7x7-p84-uct-0100","uct-0100","47","0.5","28","0.7023809523809523","1","3","0.7757747946428811","0.25","0.19444444444444445","0.6666666666666666"
"7x7-p84","7x7-p84-uct-0100","uct-0100","47","0.75","42","0.6428571428571429","5","6","0.7430423562500169","0.3333333333333333","0.22222222222222224","0.6666666666666666"
"7x7-p84","7x7-p84-uct-0100","uct-0100","47","0.9","51","0.6209150326797386","9","8","0.7205719778266463","0.4166666666666667","0.25000000000000006","0.6666666666666666"
"7x7-p84","7x7-p84-uct-0100","uct-0100","48","0.25","14","0.7619047619047619","0","0","0.9007747946428811","0.25","0.1527777777777778","0.8888888888888888"
"7x7-p84","7x7-p84-uct-0100","uct-0100","48","0.5","28","0.5595238095238095","0","3","0.7757747946428812","0.25","0.19444444444444445","0.6666666666666666"
"7x7-p84","7x7-p84-uct-0100","uct-0100","48","0.75","42","0.5158730158730159","1","10","0.7956198357143048","0.25","0.18055555555555555","0.6666666666666666"
"7x7-p84","7x7-p84-uct-0100","uct-0100","48","0.9","51","0.5098039215686274","2","14","0.9007747946428811","0.25","0.1527777777777778","0.8888888888888888"
"7x7-p84","7x7-p84-uct-0100","uct-0100","49","0.25","14","0.6428571428571429","0","0","0.8283522741071693","0.25","0.18055555555555558","0.7777777777777778"
"7x7-p84","7x7-p84-uct-0100","uct-0100","49","0.5","28","0.6428571428571429","2","2","0.7757747946428812","0.25","0.19444444444444448","0.6666666666666666"
"7x7-p84","7x7-p84-uct-0100","uct-0100","49","0.75","42","0.5873015873015873","3","4","0.7757747946428812","0.25","0.19444444444444445","0.6666666666666666"
"7x7-p84","7x7-p84-uct-0100","uct-0100","49","0.9","51","0.5490196078431373","5","7","0.8283522741071693","0.25","0.18055555555555558","0.7777777777777778"
"7x7-p84","7x7-p84-uct-0100","uct-0100","50","0.25","14","0.6904761904761905","0","0","0.7956198357143051","0.3333333333333333","0.20833333333333334","0.7777777777777778"
"7x7-p84","7x7-p84-uct-0100","uct-0100","50","0.5","28","0.5952380952380952","1","1","0.8283522741071693","0.25","0.18055555555555555","0.7777777777777778"
"7x7-p84","7x7-p84-uct-0100","uct-0100","50","0.75","42","0.5873015873015873","2","5","0.6679944983623581","0.4166666666666667","0.26388888888888895","0.5555555555555556"
"7x7-p84","7x7-p84-uct-0100","uct-0100","50","0.9","51","0.5555555555555556","4","9","0.775774794642881","0.25","0.19444444444444445","0.6666666666666666"
"7x7-p84","7x7-p84-uct-0500","uct-0500","1","0.25","14","0.6904761904761905","0","0","0.6904648767857287","0.3333333333333333","0.2361111111111111","0.5555555555555556"
"7x7-p84","7x7-p84-uct-0500","uct-0500","1","0.5","28","0.5833333333333334","1","3","0.8283522741071693","0.25","0.18055555555555555","0.7777777777777778"
"7x7-p84","7x7-p84-uct-0500","uct-0500","1","0.75","42","0.5396825396825397","2","11","0.7430423562500169","0.3333333333333333","0.2222222222222222","0.6666666666666666"
"7x7-p84","7x7-p84-uct-0500","uct-0500","1","0.9","51","0.48366013071895425","4","21","0.7757747946428812","0.25","0.19444444444444445","0.6666666666666666"
"7x7-p84","7x7-p84-uct-0500","uct-0500","2","0.25","14","0.7857142857142857","0","0","0.6481494572909344","0.4166666666666667","0.2777777777777778","0.5555555555555556"
"7x7-p84","7x7-p84-uct-0500","uct-0500","2","0.5","28","0.7023809523809523","1","2","0.6481494572909344","0.4166666666666667","0.2777777777777778","0.5555555555555556"
"7x7-p84","7x7-p84-uct-0500","uct-0500","2","0.75","42","0.6031746031746031","1","8","0.9007747946428811","0.25","0.1527777777777778","0.8888888888888888"
"7x7-p84","7x7-p84-uct-0500","uct-0500","2","0.9","51","0.5424836601307189","2","19","0.8481973151785931","0.25","0.16666666666666666","0.7777777777777778"
"7x7-p84","7x7-p84-uct-0500","uct-0500","3","0.25","14","0.7619047619047619","1","1","0.7628873973214406","0.3333333333333333","0.20833333333333337","0.6666666666666666"
"7x7-p84","7x7-p84-uct-0500","uct-0500","3","0.5","28","0.5833333333333334","1","3","0.7956198357143048","0.25","0.18055555555555555","0.6666666666666666"
"7x7-p84","7x7-p84-uct-0500","uct-0500","3","0.75","42","0.5","1","11","0.7956198357143051","0.3333333333333333","0.20833333333333334","0.7777777777777778"
"7x7-p84","7x7-p84-uct-0500","uct-0500","3","0.9","51","0.43137254901960786","1","21","0.7430423562500168","0.3333333333333333","0.2222222222222222","0.6666666666666666"
"7x7-p84","7x7-p84-uct-0500","uct-0500","4","0.25","14","0.7380952380952381","1","0","0.7956198357143048","0.25","0.18055555555555558","0.6666666666666666"
"7x7-p84","7x7-p84-uct-0500","uct-0500","4","0.5","28","0.5476190476190477","1","4","0.7430423562500168","0.3333333333333333","0.2222222222222222","0.6666666666666666"
"7x7-p84","7x7-p84-uct-0500","uct-0500","4","0.75","42","0.49206349206349204","2","12","0.8154648767857287","0.3333333333333333","0.19444444444444448","0.7777777777777778"
"7x7-p84","7x7-p84-uct-0500","uct-0500","4","0.9","51","0.46405228758169936","2","22","0.5853099178571524","0.3333333333333333","0.29166666666666663","0.4444444444444444"
"7x7-p84","7x7-p84-uct-0500","uct-0500","5","0.25","14","0.7142857142857143","0","0","0.7430423562500168","0.3333333333333333","0.22222222222222224","0.6666666666666666"
"7x7-p84","7x7-p84-uct-0500","uct-0500","5","0.5","28","0.5595238095238095","2","4","0.8154648767857289","0.3333333333333333","0.19444444444444445","0.7777777777777778"
"7x7-p84","7x7-p84-uct-0500","uct-0500","5","0.75","42","0.48412698412698413","2","14","0.9533522741071694","0.25","0.1388888888888889","1"
"7x7-p84","7x7-p84-uct-0500","uct-0500","5","0.9","51","0.45751633986928103","2","21","0.8481973151785929","0.25","0.16666666666666669","0.7777777777777778"
"7x7-p84","7x7-p84-uct-0500","uct-0500","6","0.25","14","0.8571428571428571","0","0","0.8680423562500167","0.16666666666666666","0.1527777777777778","0.7777777777777778"
"7x7-p84","7x7-p84-uct-0500","uct-0500","6","0.5","28","0.6071428571428571","0","2","0.7430423562500168","0.3333333333333333","0.2222222222222222","0.6666666666666666"
"7x7-p84","7x7-p84-uct-0500","uct-0500","6","0.75","42","0.5079365079365079","0","11","0.8680423562500167","0.16666666666666666","0.1527777777777778","0.7777777777777778"
"7x7-p84","7x7-p84-uct-0500","uct-0500","6","0.9","51","0.5032679738562091","1","17","0.7205719778266463","0.4166666666666667","0.25","0.6666666666666666"
"7x7-p84","7x7-p84-uct-0500","uct-0500","7","0.25","14","0.7142857142857143","0","0","0.7956198357143048","0.25","0.18055555555555555","0.6666666666666666"
"7x7-p84","7x7-p84-uct-0500","uct-0500","7","0.5","28","0.5476190476190477","0","6","0.8154648767857287","0.3333333333333333","0.19444444444444442","0.7777777777777778"
"7x7-p84","7x7-p84-uct-0500","uct-0500","7","0.75","42","0.5079365079365079","1","13","0.8283522741071695","0.25","0.18055555555555558","0.7777777777777778"
"7x7-p84","7x7-p84-uct-0500","uct-0500","7","0.9","51","0.47058823529411764","3","17","0.8481973151785931","0.25","0.16666666666666669","0.7777777777777778"
"7x7-p84","7x7-p84-uct-0500","uct-0500","8","0.25","14","0.6428571428571429","0","1","0.8680423562500169","0.3333333333333333","0.18055555555555555","0.8888888888888888"
"7x7-p84","7x7-p84-uct-0500","uct-0500","8","0.5","28","0.5357142857142857","1","8","0.8481973151785931","0.25","0.16666666666666666","0.7777777777777778"
"7x7-p84","7x7-p84-uct-0500","uct-0500","8","0.75","42","0.4523809523809524","1","19","0.8481973151785929","0.25","0.16666666666666669","0.7777777777777778"
"7x7-p84","7x7-p84-uct-0500","uct-0500","8","0.9","51","0.41830065359477125","2","24","0.7956198357143048","0.25","0.18055555555555558","0.6666666666666666"
"7x7-p84","7x7-p84-uct-0500","uct-0500","9","0.25","14","0.6666666666666666","0","0","0.8481973151785931","0.25","0.16666666666666666","0.7777777777777778"
"7x7-p84","7x7-p84-uct-0500","uct-0500","9","0.5","28","0.5595238095238095","3","2","0.7757747946428812","0.25","0.19444444444444448","0.6666666666666666"
"7x7-p84","7x7-p84-uct-0500","uct-0500","9","0.75","42","0.5476190476190477","3","7","0.920619835714305","0.16666666666666666","0.1388888888888889","0.8888888888888888"
"7x7-p84","7x7-p84-uct-0500","uct-0500","9","0.9","51","0.5228758169934641","4","13","0.7757747946428812","0.25","0.19444444444444448","0.6666666666666666"
"7x7-p84","7x7-p84-uct-0500","uct-0500","10","0.25","14","0.7380952380952381","0","0","0.8154648767857287","0.3333333333333333","0.19444444444444442","0.7777777777777778"
"7x7-p84","7x7-p84-uct-0500","uct-0500","10","0.5","28","0.5714285714285714","1","3","0.8481973151785931","0.25","0.16666666666666666","0.7777777777777778"
"7x7-p84","7x7-p84-uct-0500","uct-0500","10","0.75","42","0.5238095238095238","2","14","0.8283522741071693","0.25","0.18055555555555555","0.7777777777777778"
"7x7-p84","7x7-p84-uct-0500","uct-0500","10","0.9","51","0.49019607843137253","3","21","0.775774794642881","0.25","0.19444444444444448","0.6666666666666666"
"7x7-p84","7x7-p84-uct-0500","uct-0500","11","0.25","14","0.7380952380952381","1","1","0.9007747946428811","0.25","0.1527777777777778","0.8888888888888888"
"7x7-p84","7x7-p84-uct-0500","uct-0500","11","0.5","28","0.5952380952380952","1","4","0.7430423562500168","0.3333333333333333","0.2222222222222222","0.6666666666666666"
"7x7-p84","7x7-p84-uct-0500","uct-0500","11","0.75","42","0.5079365079365079","2","13","0.8481973151785929","0.25","0.16666666666666669","0.7777777777777778"
"7x7-p84","7x7-p84-uct-0500","uct-0500","11","0.9","51","0.477124183006536","2","23","0.7430423562500168","0.3333333333333333","0.22222222222222224","0.6666666666666666"
"7x7-p84","7x7-p84-uct-0500","uct-0500","12","0.25","14","0.8095238095238095","0","0","0.8481973151785931","0.25","0.16666666666666669","0.7777777777777778"
"7x7-p84","7x7-p84-uct-0500","uct-0500","12","0.5","28","0.6428571428571429","2","4","0.8481973151785931","0.25","0.16666666666666669","0.7777777777777778"
"7x7-p84","7x7-p84-uct-0500","uct-0500","12","0.75","42","0.5396825396825397","2","12","0.7628873973214406","0.3333333333333333","0.20833333333333331","0.6666666666666666"
"7x7-p84","7x7-p84-uct-0500","uct-0500","12","0.9","51","0.49673202614379086","3","19","0.7430423562500168","0.3333333333333333","0.2222222222222222","0.6666666666666666"
"7x7-p84","7x7-p84-uct-0500","uct-0500","13","0.25","14","0.8571428571428571","1","0","0.7559297535714574","0.25","0.20833333333333334","0.6666666666666666"
"7x7-p84","7x7-p84-uct-0500","uct-0500","13","0.5","28","0.6785714285714286","2","3","0.8481973151785931","0.25","0.16666666666666666","0.7777777777777778"
"7x7-p84","7x7-p84-uct-0500","uct-0500","13","0.75","42","0.5555555555555556","2","14","0.7559297535714574","0.25","0.20833333333333334","0.6666666666666666"
"7x7-p84","7x7-p84-uct-0500","uct-0500","13","0.9","51","0.5098039215686274","3","19","0.6904648767857287","0.3333333333333333","0.2361111111111111","0.5555555555555556"
"7x7-p84","7x7-p84-uct-0500","uct-0500","14","0.25","14","0.6666666666666666","0","1","0.8680423562500169","0.3333333333333333","0.18055555555555555","0.8888888888888888"
"7x7-p84","7x7-p84-uct-0500","uct-0500","14","0.5","28","0.5714285714285714","1","2","0.7731494572909345","0.4166666666666667","0.23611111111111116","0.7777777777777778"
"7x7-p84","7x7-p84-uct-0500","uct-0500","14","0.75","42","0.5396825396825397","1","11","0.7205719778266463","0.4166666666666667","0.25","0.6666666666666666"
"7x7-p84","7x7-p84-uct-0500","uct-0500","14","0.9","51","0.5163398692810458","2","16","0.7559297535714574","0.25","0.20833333333333334","0.6666666666666666"
"7x7-p84","7x7-p84-uct-0500","uct-0500","15","0.25","14","0.6428571428571429","1","0","0.8283522741071693","0.25","0.18055555555555558","0.7777777777777778"
"7x7-p84","7x7-p84-uct-0500","uct-0500","15","0.5","28","0.5357142857142857","1","5","0.7757747946428812","0.25","0.19444444444444445","0.6666666666666666"
"7x7-p84","7x7-p84-uct-0500","uct-0500","15","0.75","42","0.5079365079365079","2","11","0.7430423562500168","0.3333333333333333","0.2222222222222222","0.6666666666666666"
"7x7-p84","7x7-p84-uct-0500","uct-0500","15","0.9","51","0.48366013071895425","5","18","0.670619835714305","0.5","0.30555555555555547","0.6666666666666666"
"7x7-p84","7x7-p84-uct-0500","uct-0500","16","0.25","14","0.6904761904761905","0","1","0.8481973151785931","0.25","0.16666666666666666","0.7777777777777778"
"7x7-p84","7x7-p84-uct-0500","uct-0500","16","0.5","28","0.5476190476190477","0","5","0.8481973151785931","0.25","0.16666666666666669","0.7777777777777778"
"7x7-p84","7x7-p84-uct-0500","uct-0500","16","0.75","42","0.49206349206349204","0","13","0.9007747946428813","0.25","0.1527777777777778","0.8888888888888888"
"7x7-p84","7x7-p84-uct-0500","uct-0500","16","0.9","51","0.47058823529411764","0","21","0.6679944983623581","0.4166666666666667","0.2638888888888889","0.5555555555555556"
"7x7-p84","7x7-p84-uct-0500","uct-0500","17","0.25","14","0.7380952380952381","0","0","0.7757747946428812","0.25","0.19444444444444445","0.6666666666666666"
"7x7-p84","7x7-p84-uct-0500","uct-0500","17","0.5","28","0.6666666666666666","2","2","0.5456198357143048","0.5","0.3472222222222222","0.4444444444444444"
"7x7-p84","7x7-p84-uct-0500","uct-0500","17","0.75","42","0.6190476190476191","3","9","0.8154648767857287","0.3333333333333333","0.19444444444444445","0.7777777777777778"
"7x7-p84","7x7-p84-uct-0500","uct-0500","17","0.9","51","0.5424836601307189","3","16","0.8154648767857287","0.3333333333333333","0.19444444444444445","0.7777777777777778"
"7x7-p84","7x7-p84-uct-0500","uct-0500","18","0.25","14","0.6666666666666666","0","0","0.9533522741071696","0.25","0.1388888888888889","1"
"7x7-p84","7x7-p84-uct-0500","uct-0500","18","0.5","28","0.5476190476190477","0","2","0.8481973151785931","0.25","0.16666666666666666","0.7777777777777778"
"7x7-p84","7x7-p84-uct-0500","uct-0500","18","0.75","42","0.49206349206349204","1","8","0.8680423562500167","0.16666666666666666","0.15277777777777776","0.7777777777777778"
"7x7-p84","7x7-p84-uct-0500","uct-0500","18","0.9","51","0.43790849673202614","2","20","0.6904648767857285","0.3333333333333333","0.2361111111111111","0.5555555555555556"
"7x7-p84","7x7-p84-uct-0500","uct-0500","19","0.25","14","0.7380952380952381","0","0","0.7628873973214406","0.3333333333333333","0.20833333333333331","0.6666666666666666"
"7x7-p84","7x7-p84-uct-0500","uct-0500","19","0.5","28","0.6071428571428571","0","2","0.8481973151785931","0.25","0.16666666666666666","0.7777777777777778"
"7x7-p84","7x7-p84-uct-0500","uct-0500","19","0.75","42","0.5238095238095238","0","12","0.7757747946428812","0.25","0.19444444444444445","0.6666666666666666"
"7x7-p84","7x7-p84-uct-0500","uct-0500","19","0.9","51","0.49019607843137253","0","19","0.7103099178571525","0.3333333333333333","0.25","0.6666666666666666"
"7x7-p84","7x7-p84-uct-0500","uct-0500","20","0.25","14","0.7857142857142857","0","0","0.8481973151785931","0.25","0.16666666666666669","0.7777777777777778"
"7x7-p84","7x7-p84-uct-0500","uct-0500","20","0.5","28","0.6428571428571429","1","3","0.8680423562500167","0.16666666666666666","0.15277777777777776","0.7777777777777778"
"7x7-p84","7x7-p84-uct-0500","uct-0500","20","0.75","42","0.5634920634920635","2","11","0.775774794642881","0.25","0.19444444444444445","0.6666666666666666"
"7x7-p84","7x7-p84-uct-0500","uct-0500","20","0.9","51","0.5294117647058824","2","20","0.7757747946428812","0.25","0.19444444444444448","0.6666666666666666"
"7x7-p84","7x7-p84-uct-0500","uct-0500","21","0.25","14","0.7619047619047619","0","1","0.7007269367552227","0.4166666666666667","0.26388888888888884","0.6666666666666666"
"7x7-p84","7x7-p84-uct-0500","uct-0500","21","0.5","28","0.6190476190476191","0","3","0.670619835714305","0.5","0.30555555555555547","0.6666666666666666"
"7x7-p84","7x7-p84-uct-0500","uct-0500","21","0.75","42","0.5952380952380952","2","9","0.775774794642881","0.25","0.19444444444444445","0.6666666666666666"
"7x7-p84","7x7-p84-uct-0500","uct-0500","21","0.9","51","0.5686274509803921","3","14","0.7559297535714574","0.25","0.20833333333333334","0.6666666666666666"
"7x7-p84","7x7-p84-uct-0500","uct-0500","22","0.25","14","0.8095238095238095","0","0","0.8283522741071693","0.25","0.18055555555555555","0.7777777777777778"
"7x7-p84","7x7-p84-uct-0500","uct-0500","22","0.5","28","0.6309523809523809","1","4","0.8680423562500167","0.16666666666666666","0.15277777777777776","0.7777777777777778"
"7x7-p84","7x7-p84-uct-0500","uct-0500","22","0.75","42","0.5714285714285714","2","12","0.9007747946428813","0.25","0.1527777777777778","0.8888888888888888"
"7x7-p84","7x7-p84-uct-0500","uct-0500","22","0.9","51","0.5163398692810458","2","20","0.6679944983623581","0.4166666666666667","0.26388888888888895","0.5555555555555556"
"7x7-p84","7x7-p84-uct-0500","uct-0500","23","0.25","14","0.7619047619047619","0","0","0.7956198357143048","0.25","0.18055555555555552","0.6666666666666666"
"7x7-p84","7x7-p84-uct-0500","uct-0500","23","0.5","28","0.6309523809523809","1","2","0.7628873973214406","0.3333333333333333","0.20833333333333337","0.6666666666666666"
"7x7-p84","7x7-p84-uct-0500","uct-0500","23","0.75","42","0.5158730158730159","3","12","0.920619835714305","0.16666666666666666","0.1388888888888889","0.8888888888888888"
"7x7-p84","7x7-p84-uct-0500","uct-0500","23","0.9","51","0.46405228758169936","3","21","0.8481973151785931","0.25","0.16666666666666669","0.7777777777777778"
"7x7-p84","7x7-p84-uct-0500","uct-0500","24","0.25","14","0.6666666666666666","0","0","0.8154648767857287","0.3333333333333333","0.19444444444444442","0.7777777777777778"
"7x7-p84","7x7-p84-uct-0500","uct-0500","24","0.5","28","0.5357142857142857","1","6","0.8481973151785931","0.25","0.16666666666666666","0.7777777777777778"
"7x7-p84","7x7-p84-uct-0500","uct-0500","24","0.75","42","0.4444444444444444","2","16","0.7628873973214406","0.3333333333333333","0.20833333333333331","0.6666666666666666"
"7x7-p84","7x7-p84-uct-0500","uct-0500","24","0.9","51","0.41830065359477125","2","23","0.7430423562500168","0.3333333333333333","0.2222222222222222","0.6666666666666666"
"7x7-p84","7x7-p84-uct-0500","uct-0500","25","0.25","14","0.7142857142857143","0","0","0.8481973151785931","0.25","0.16666666666666669","0.7777777777777778"
"7x7-p84","7x7-p84-uct-0500","uct-0500","25","0.5","28","0.5476190476190477","0","2","0.920619835714305","0.16666666666666666","0.1388888888888889","0.8888888888888888"
"7x7-p84","7x7-p84-uct-0500","uct-0500","25","0.75","42","0.47619047619047616","0","10","0.7559297535714574","0.25","0.20833333333333334","0.6666666666666666"
"7x7-p84","7x7-p84-uct-0500","uct-0500","25","0.9","51","0.43137254901960786","0","21","0.775774794642881","0.25","0.19444444444444445","0.6666666666666666"
"7x7-p84","7x7-p84-uct-0500","uct-0500","26","0.25","14","0.5476190476190477","0","2","0.8481973151785931","0.25","0.16666666666666669","0.7777777777777778"
"7x7-p84","7x7-p84-uct-0500","uct-0500","26","0.5","28","0.5357142857142857","0","7","0.7628873973214406","0.3333333333333333","0.20833333333333334","0.6666666666666666"
"7x7-p84","7x7-p84-uct-0500","uct-0500","26","0.75","42","0.46825396825396826","0","18","0.7757747946428812","0.25","0.19444444444444448","0.6666666666666666"
"7x7-p84","7x7-p84-uct-0500","uct-0500","26","0.9","51","0.43790849673202614","0","24","0.7757747946428812","0.25","0.19444444444444445","0.6666666666666666"
"7x7-p84","7x7-p84-uct-0500","uct-0500","27","0.25","14","0.7380952380952381","0","0","0.8154648767857287","0.3333333333333333","0.19444444444444448","0.7777777777777778"
"7x7-p84","7x7-p84-uct-0500","uct-0500","27","0.5","28","0.6190476190476191","2","3","0.7956198357143048","0.25","0.18055555555555558","0.6666666666666666"
"7x7-p84","7x7-p84-uct-0500","uct-0500","27","0.75","42","0.5555555555555556","3","13","0.7628873973214406","0.3333333333333333","0.20833333333333337","0.6666666666666666"
"7x7-p84","7x7-p84-uct-0500","uct-0500","27","0.9","51","0.5098039215686274","4","19","0.7956198357143051","0.3333333333333333","0.20833333333333334","0.7777777777777778"
"7x7-p84","7x7-p84-uct-0500","uct-0500","28","0.25","14","0.6428571428571429","0","0","0.7628873973214404","0.3333333333333333","0.20833333333333331","0.6666666666666666"
"7x7-p84","7x7-p84-uct-0500","uct-0500","28","0.5","28","0.5357142857142857","0","4","0.7628873973214406","0.3333333333333333","0.20833333333333334","0.6666666666666666"
"7x7-p84","7x7-p84-uct-0500","uct-0500","28","0.75","42","0.5158730158730159","0","12","0.6904648767857287","0.3333333333333333","0.2361111111111111","0.5555555555555556"
"7x7-p84","7x7-p84-uct-0500","uct-0500","28","0.9","51","0.477124183006536","0","17","0.8481973151785931","0.25","0.16666666666666666","0.7777777777777778"
"7x7-p84","7x7-p84-uct-0500","uct-0500","29","0.25","14","0.7857142857142857","0","0","0.7430423562500168","0.3333333333333333","0.2222222222222222","0.6666666666666666"
"7x7-p84","7x7-p84-uct-0500","uct-0500","29","0.5","28","0.6785714285714286","1","1","0.920619835714305","0.16666666666666666","0.1388888888888889","0.8888888888888888"
"7x7-p84","7x7-p84-uct-0500","uct-0500","29","0.75","42","0.5873015873015873","2","7","0.6904648767857287","0.3333333333333333","0.23611111111111113","0.5555555555555556"
"7x7-p84","7x7-p84-uct-0500","uct-0500","29","0.9","51","0.5359477124183006","4","15","0.8283522741071693","0.25","0.18055555555555555","0.7777777777777778"
"7x7-p84","7x7-p84-uct-0500","uct-0500","30","0.25","14","0.7380952380952381","0","1","0.8481973151785931","0.25","0.16666666666666669","0.7777777777777778"
"7x7-p84","7x7-p84-uct-0500","uct-0500","30","0.5","28","0.5714285714285714","1","4","0.8154648767857289","0.3333333333333333","0.19444444444444445","0.7777777777777778"
"7x7-p84","7x7-p84-uct-0500","uct-0500","30","0.75","42","0.48412698412698413","3","12","0.8283522741071693","0.25","0.18055555555555555","0.7777777777777778"
"7x7-p84","7x7-p84-uct-0500","uct-0500","30","0.9","51","0.477124183006536","3","20","0.848197315178593","0.25","0.16666666666666666","0.7777777777777778"
"7x7-p84","7x7-p84-uct-0500","uct-0500","31","0.25","14","0.7619047619047619","1","0","0.7956198357143048","0.25","0.18055555555555555","0.6666666666666666"
"7x7-p84","7x7-p84-uct-0500","uct-0500","31","0.5","28","0.6071428571428571","3","2","0.8283522741071693","0.25","0.18055555555555555","0.7777777777777778"
"7x7-p84","7x7-p84-uct-0500","uct-0500","31","0.75","42","0.5317460317460317","3","11","0.7033522741071693","0.25","0.2222222222222222","0.5555555555555556"
"7x7-p84","7x7-p84-uct-0500","uct-0500","31","0.9","51","0.49019607843137253","4","19","0.7757747946428811","0.25","0.19444444444444448","0.6666666666666666"
"7x7-p84","7x7-p84-uct-0500","uct-0500","32","0.25","14","0.6904761904761905","0","0","0.8283522741071693","0.25","0.18055555555555558","0.7777777777777778"
"7x7-p84","7x7-p84-uct-0500","uct-0500","32","0.5","28","0.6071428571428571","1","4","0.723197315178593","0.25","0.20833333333333331","0.5555555555555556"
"7x7-p84","7x7-p84-uct-0500","uct-0500","32","0.75","42","0.5555555555555556","2","12","0.8283522741071693","0.25","0.18055555555555558","0.7777777777777778"
"7x7-p84","7x7-p84-uct-0500","uct-0500","32","0.9","51","0.5228758169934641","2","18","0.7956198357143051","0.3333333333333333","0.20833333333333334","0.7777777777777778"
"7x7-p84","7x7-p84-uct-0500","uct-0500","33","0.25","14","0.6666666666666666","0","1","0.8680423562500169","0.3333333333333333","0.18055555555555558","0.8888888888888888"
"7x7-p84","7x7-p84-uct-0500","uct-0500","33","0.5","28","0.6190476190476191","0","3","0.9007747946428811","0.25","0.1527777777777778","0.8888888888888888"
"7x7-p84","7x7-p84-uct-0500","uct-0500","33","0.75","42","0.5238095238095238","2","13","0.7103099178571525","0.3333333333333333","0.25","0.6666666666666666"
"7x7-p84","7x7-p84-uct-0500","uct-0500","33","0.9","51","0.48366013071895425","3","20","0.7033522741071693","0.25","0.2222222222222222","0.5555555555555556"
"7x7-p84","7x7-p84-uct-0500","uct-0500","34","0.25","14","0.5714285714285714","0","2","0.8481973151785931","0.25","0.16666666666666666","0.7777777777777778"
"7x7-p84","7x7-p84-uct-0500","uct-0500","34","0.5","28","0.5595238095238095","1","4","0.7231973151785932","0.5","0.2916666666666665","0.7777777777777778"
"7x7-p84","7x7-p84-uct-0500","uct-0500","34","0.75","42","0.5476190476190477","3","11","0.8481973151785931","0.25","0.16666666666666669","0.7777777777777778"
"7x7-p84","7x7-p84-uct-0500","uct-0500","34","0.9","51","0.5032679738562091","4","19","0.775774794642881","0.25","0.19444444444444445","0.6666666666666666"
"7x7-p84","7x7-p84-uct-0500","uct-0500","35","0.25","14","0.7857142857142857","0","0","0.6904648767857287","0.3333333333333333","0.2361111111111111","0.5555555555555556"
"7x7-p84","7x7-p84-uct-0500","uct-0500","35","0.5","28","0.6071428571428571","1","2","0.8283522741071695","0.25","0.18055555555555558","0.7777777777777778"
"7x7-p84","7x7-p84-uct-0500","uct-0500","35","0.75","42","0.5158730158730159","2","13","0.9007747946428811","0.25","0.1527777777777778","0.8888888888888888"
"7x7-p84","7x7-p84-uct-0500","uct-0500","35","0.9","51","0.49673202614379086","2","16","0.7205719778266465","0.4166666666666667","0.25","0.6666666666666666"
"7x7-p84","7x7-p84-uct-0500","uct-0500","36","0.25","14","0.7619047619047619","0","0","0.8481973151785931","0.25","0.16666666666666669","0.7777777777777778"
"7x7-p84","7x7-p84-uct-0500","uct-0500","36","0.5","28","0.6071428571428571","1","5","0.8481973151785931","0.25","0.16666666666666666","0.7777777777777778"
"7x7-p84","7x7-p84-uct-0500","uct-0500","36","0.75","42","0.5555555555555556","2","14","0.8283522741071695","0.25","0.18055555555555558","0.7777777777777778"
"7x7-p84","7x7-p84-uct-0500","uct-0500","36","0.9","51","0.5163398692810458","3","21","0.8680423562500169","0.3333333333333333","0.18055555555555558","0.8888888888888888"
"7x7-p84","7x7-p84-uct-0500","uct-0500","37","0.25","14","0.7380952380952381","0","0","0.8154648767857287","0.3333333333333333","0.19444444444444442","0.7777777777777778"
"7x7-p84","7x7-p84-uct-0500","uct-0500","37","0.5","28","0.5833333333333334","0","6","0.9007747946428813","0.25","0.1527777777777778","0.8888888888888888"
"7x7-p84","7x7-p84-uct-0500","uct-0500","37","0.75","42","0.5714285714285714","3","9","0.8680423562500167","0.16666666666666666","0.1527777777777778","0.7777777777777778"
"7x7-p84","7x7-p84-uct-0500","uct-0500","37","0.9","51","0.5294117647058824","3","19","0.9007747946428811","0.25","0.1527777777777778","0.8888888888888888"
"7x7-p84","7x7-p84-uct-0500","uct-0500","38","0.25","14","0.6666666666666666","0","0","0.7430423562500168","0.3333333333333333","0.2222222222222222","0.6666666666666666"
"7x7-p84","7x7-p84-uct-0500","uct-0500","38","0.5","28","0.6190476190476191","0","3","0.8481973151785931","0.25","0.16666666666666669","0.7777777777777778"
"7x7-p84","7x7-p84-uct-0500","uct-0500","38","0.75","42","0.5555555555555556","3","9","0.8154648767857289","0.3333333333333333","0.19444444444444445","0.7777777777777778"
"7x7-p84","7x7-p84-uct-0500","uct-0500","38","0.9","51","0.5294117647058824","3","15","0.920619835714305","0.16666666666666666","0.1388888888888889","0.8888888888888888"
"7x7-p84","7x7-p84-uct-0500","uct-0500","39","0.25","14","0.7380952380952381","0","0","0.7757747946428812","0.25","0.19444444444444445","0.6666666666666666"
"7x7-p84","7x7-p84-uct-0500","uct-0500","39","0.5","28","0.6547619047619048","2","2","0.7757747946428812","0.25","0.19444444444444448","0.6666666666666666"
"7x7-p84","7x7-p84-uct-0500","uct-0500","39","0.75","42","0.5476190476190477","4","14","0.8481973151785929","0.25","0.16666666666666666","0.7777777777777778"
"7x7-p84","7x7-p84-uct-0500","uct-0500","39","0.9","51","0.5163398692810458","5","17","0.7757747946428812","0.25","0.19444444444444445","0.6666666666666666"
"7x7-p84","7x7-p84-uct-0500","uct-0500","40","0.25","14","0.6666666666666666","0","1","0.8481973151785929","0.25","0.16666666666666666","0.7777777777777778"
"7x7-p84","7x7-p84-uct-0500","uct-0500","40","0.5","28","0.6309523809523809","2","2","0.8283522741071693","0.25","0.18055555555555558","0.7777777777777778"
"7x7-p84","7x7-p84-uct-0500","uct-0500","40","0.75","42","0.5634920634920635","2","10","0.9533522741071694","0.25","0.1388888888888889","1"
"7x7-p84","7x7-p84-uct-0500","uct-0500","40","0.9","51","0.5163398692810458","3","18","0.7628873973214405","0.3333333333333333","0.20833333333333337","0.6666666666666666"
"7x7-p84","7x7-p84-uct-0500","uct-0500","41","0.25","14","0.6904761904761905","0","0","0.775774794642881","0.25","0.19444444444444445","0.6666666666666666"
"7x7-p84","7x7-p84-uct-0500","uct-0500","41","0.5","28","0.6309523809523809","1","3","0.775774794642881","0.25","0.19444444444444442","0.6666666666666666"
"7x7-p84","7x7-p84-uct-0500","uct-0500","41","0.75","42","0.5555555555555556","2","11","0.8481973151785931","0.25","0.16666666666666666","0.7777777777777778"
"7x7-p84","7x7-p84-uct-0500","uct-0500","41","0.9","51","0.5228758169934641","3","20","0.7956198357143048","0.25","0.18055555555555558","0.6666666666666666"
"7x7-p84","7x7-p84-uct-0500","uct-0500","42","0.25","14","0.6904761904761905","0","0","0.8481973151785929","0.25","0.16666666666666669","0.7777777777777778"
"7x7-p84","7x7-p84-uct-0500","uct-0500","42","0.5","28","0.6071428571428571","1","3","0.7731494572909345","0.4166666666666667","0.23611111111111113","0.7777777777777778"
"7x7-p84","7x7-p84-uct-0500","uct-0500","42","0.75","42","0.5634920634920635","1","9","0.775774794642881","0.25","0.19444444444444445","0.6666666666666666"
"7x7-p84","7x7-p84-uct-0500","uct-0500","42","0.9","51","0.5098039215686274","1","16","0.562839539433782","0.4166666666666667","0.3194444444444444","0.4444444444444444"
"7x7-p84","7x7-p84-uct-0500","uct-0500","43","0.25","14","0.6190476190476191","0","1","0.9007747946428811","0.25","0.1527777777777778","0.8888888888888888"
"7x7-p84","7x7-p84-uct-0500","uct-0500","43","0.5","28","0.6190476190476191","2","3","0.8154648767857287","0.3333333333333333","0.19444444444444445","0.7777777777777778"
"7x7-p84","7x7-p84-uct-0500","uct-0500","43","0.75","42","0.5634920634920635","3","12","0.920619835714305","0.16666666666666666","0.1388888888888889","0.8888888888888888"
"7x7-p84","7x7-p84-uct-0500","uct-0500","43","0.9","51","0.49019607843137253","3","18","0.7205719778266463","0.4166666666666667","0.25","0.6666666666666666"
"7x7-p84","7x7-p84-uct-0500","uct-0500","44","0.25","14","0.7380952380952381","0","0","0.9731973151785932","0.16666666666666666","0.125","1"
"7x7-p84","7x7-p84-uct-0500","uct-0500","44","0.5","28","0.6190476190476191","1","4","0.6904648767857287","0.3333333333333333","0.2361111111111111","0.5555555555555556"
"7x7-p84","7x7-p84-uct-0500","uct-0500","44","0.75","42","0.5079365079365079","2","12","0.7205719778266463","0.4166666666666667","0.25","0.6666666666666666"
"7x7-p84","7x7-p84-uct-0500","uct-0500","44","0.9","51","0.47058823529411764","2","20","0.7628873973214405","0.3333333333333333","0.20833333333333337","0.6666666666666666"
"7x7-p84","7x7-p84-uct-0500","uct-0500","45","0.25","14","0.7619047619047619","0","0","0.8809297535714575","0.25","0.16666666666666669","0.8888888888888888"
"7x7-p84","7x7-p84-uct-0500","uct-0500","45","0.5","28","0.6309523809523809","0","2","0.8283522741071693","0.25","0.18055555555555555","0.7777777777777778"
"7x7-p84","7x7-p84-uct-0500","uct-0500","45","0.75","42","0.5555555555555556","1","11","0.7757747946428812","0.25","0.19444444444444445","0.6666666666666666"
"7x7-p84","7x7-p84-uct-0500","uct-0500","45","0.9","51","0.5032679738562091","2","17","0.8481973151785931","0.25","0.16666666666666666","0.7777777777777778"
"7x7-p84","7x7-p84-uct-0500","uct-0500","46","0.25","14","0.8095238095238095","0","0","0.8283522741071693","0.25","0.18055555555555558","0.7777777777777778"
"7x7-p84","7x7-p84-uct-0500","uct-0500","46","0.5","28","0.6666666666666666","2","0","0.8481973151785931","0.25","0.16666666666666666","0.7777777777777778"
"7x7-p84","7x7-p84-uct-0500","uct-0500","46","0.75","42","0.5634920634920635","2","9","0.8680423562500169","0.3333333333333333","0.18055555555555558","0.8888888888888888"
"7x7-p84","7x7-p84-uct-0500","uct-0500","46","0.9","51","0.5163398692810458","2","14","0.8481973151785929","0.25","0.16666666666666669","0.7777777777777778"
"7x7-p84","7x7-p84-uct-0500","uct-0500","47","0.25","14","0.6666666666666666","0","0","0.8680423562500167","0.16666666666666666","0.1527777777777778","0.7777777777777778"
"7x7-p84","7x7-p84-uct-0500","uct-0500","47","0.5","28","0.5357142857142857","0","5","0.7956198357143051","0.3333333333333333","0.20833333333333334","0.7777777777777778"
"7x7-p84","7x7-p84-uct-0500","uct-0500","47","0.75","42","0.5158730158730159","0","11","0.7956198357143048","0.25","0.18055555555555558","0.6666666666666666"
"7x7-p84","7x7-p84-uct-0500","uct-0500","47","0.9","51","0.47058823529411764","0","20","0.5628395394337818","0.4166666666666667","0.3194444444444444","0.4444444444444444"
"7x7-p84","7x7-p84-uct-0500","uct-0500","48","0.25","14","0.6666666666666666","0","0","0.920619835714305","0.16666666666666666","0.1388888888888889","0.8888888888888888"
"7x7-p84","7x7-p84-uct-0500","uct-0500","48","0.5","28","0.5238095238095238","0","4","0.7033522741071694","0.25","0.22222222222222224","0.5555555555555556"
"7x7-p84","7x7-p84-uct-0500","uct-0500","48","0.75","42","0.4603174603174603","0","13","0.9007747946428811","0.25","0.1527777777777778","0.8888888888888888"
"7x7-p84","7x7-p84-uct-0500","uct-0500","48","0.9","51","0.43137254901960786","0","22","0.7430423562500168","0.3333333333333333","0.2222222222222222","0.6666666666666666"
"7x7-p84","7x7-p84-uct-0500","uct-0500","49","0.25","14","0.6666666666666666","0","1","0.7956198357143048","0.25","0.18055555555555558","0.6666666666666666"
"7x7-p84","7x7-p84-uct-0500","uct-0500","49","0.5","28","0.5714285714285714","0","3","0.8154648767857287","0.3333333333333333","0.19444444444444442","0.7777777777777778"
"7x7-p84","7x7-p84-uct-0500","uct-0500","49","0.75","42","0.49206349206349204","0","11","0.8154648767857289","0.3333333333333333","0.19444444444444445","0.7777777777777778"
"7x7-p84","7x7-p84-uct-0500","uct-0500","49","0.9","51","0.4444444444444444","0","20","0.8680423562500169","0.3333333333333333","0.18055555555555558","0.8888888888888888"
"7x7-p84","7x7-p84-uct-0500","uct-0500","50","0.25","14","0.5952380952380952","0","0","0.8257269367552226","0.4166666666666667","0.22222222222222227","0.8888888888888888"
"7x7-p84","7x7-p84-uct-0500","uct-0500","50","0.5","28","0.5238095238095238","0","5","0.8680423562500167","0.16666666666666666","0.15277777777777776","0.7777777777777778"
"7x7-p84","7x7-p84-uct-0500","uct-0500","50","0.75","42","0.42857142857142855","0","14","0.7205719778266463","0.4166666666666667","0.25","0.6666666666666666"
"7x7-p84","7x7-p84-uct-0500","uct-0500","50","0.9","51","0.43790849673202614","1","22","0.7757747946428812","0.25","0.19444444444444445","0.6666666666666666"
"7x7-p84","7x7-p84-uct-1000","uct-1000","1","0.25","14","0.7142857142857143","0","1","0.7628873973214406","0.3333333333333333","0.20833333333333334","0.6666666666666666"
"7x7-p84","7x7-p84-uct-1000","uct-1000","1","0.5","28","0.5476190476190477","0","6","0.7757747946428811","0.25","0.19444444444444445","0.6666666666666666"
"7x7-p84","7x7-p84-uct-1000","uct-1000","1","0.75","42","0.47619047619047616","1","15","0.6904648767857287","0.3333333333333333","0.2361111111111111","0.5555555555555556"
"7x7-p84","7x7-p84-uct-1000","uct-1000","1","0.9","51","0.46405228758169936","1","19","0.9007747946428813","0.25","0.1527777777777778","0.8888888888888888"
"7x7-p84","7x7-p84-uct-1000","uct-1000","2","0.25","14","0.6190476190476191","0","0","0.920619835714305","0.16666666666666666","0.1388888888888889","0.8888888888888888"
"7x7-p84","7x7-p84-uct-1000","uct-1000","2","0.5","28","0.5119047619047619","0","8","0.8283522741071695","0.25","0.18055555555555558","0.7777777777777778"
"7x7-p84","7x7-p84-uct-1000","uct-1000","2","0.75","42","0.47619047619047616","0","15","0.8257269367552226","0.4166666666666667","0.22222222222222227","0.8888888888888888"
"7x7-p84","7x7-p84-uct-1000","uct-1000","2","0.9","51","0.45751633986928103","1","24","0.7205719778266463","0.4166666666666667","0.25","0.6666666666666666"
"7x7-p84","7x7-p84-uct-1000","uct-1000","3","0.25","14","0.6904761904761905","0","0","0.7628873973214404","0.3333333333333333","0.20833333333333334","0.6666666666666666"
"7x7-p84","7x7-p84-uct-1000","uct-1000","3","0.5","28","0.5357142857142857","0","3","0.9731973151785932","0.16666666666666666","0.125","1"
"7x7-p84","7x7-p84-uct-1000","uct-1000","3","0.75","42","0.4444444444444444","1","15","0.6481494572909344","0.4166666666666667","0.2777777777777778","0.5555555555555556"
"7x7-p84","7x7-p84-uct-1000","uct-1000","3","0.9","51","0.40522875816993464","1","22","0.7033522741071692","0.25","0.22222222222222224","0.5555555555555556"
"7x7-p84","7x7-p84-uct-1000","uct-1000","4","0.25","14","0.6666666666666666","0","0","0.7757747946428812","0.25","0.19444444444444445","0.6666666666666666"
"7x7-p84","7x7-p84-uct-1000","uct-1000","4","0.5","28","0.5476190476190477","0","4","0.7956198357143051","0.3333333333333333","0.20833333333333331","0.7777777777777778"
"7x7-p84","7x7-p84-uct-1000","uct-1000","4","0.75","42","0.42857142857142855","1","18","0.723197315178593","0.25","0.20833333333333331","0.5555555555555556"
"7x7-p84","7x7-p84-uct-1000","uct-1000","4","0.9","51","0.40522875816993464","2","24","0.8283522741071693","0.25","0.18055555555555558","0.7777777777777778"
"7x7-p84","7x7-p84-uct-1000","uct-1000","5","0.25","14","0.7142857142857143","0","0","0.8481973151785931","0.25","0.16666666666666669","0.7777777777777778"
"7x7-p84","7x7-p84-uct-1000","uct-1000","5","0.5","28","0.5952380952380952","1","2","0.6904648767857287","0.3333333333333333","0.2361111111111111","0.5555555555555556"
"7x7-p84","7x7-p84-uct-1000","uct-1000","5","0.75","42","0.5714285714285714","3","12","0.8154648767857287","0.3333333333333333","0.19444444444444448","0.7777777777777778"
"7x7-p84","7x7-p84-uct-1000","uct-1000","5","0.9","51","0.49673202614379086","4","18","0.6481494572909344","0.4166666666666667","0.27777777777777773","0.5555555555555556"
"7x7-p84","7x7-p84-uct-1000","uct-1000","6","0.25","14","0.5714285714285714","0","1","0.8283522741071695","0.25","0.18055555555555555","0.7777777777777778"
"7x7-p84","7x7-p84-uct-1000","uct-1000","6","0.5","28","0.47619047619047616","0","4","0.7628873973214406","0.3333333333333333","0.20833333333333331","0.6666666666666666"
"7x7-p84","7x7-p84-uct-1000","uct-1000","6","0.75","42","0.3888888888888889","0","20","0.7205719778266463","0.4166666666666667","0.25","0.6666666666666666"
"7x7-p84","7x7-p84-uct-1000","uct-1000","6","0.9","51","0.38562091503267976","0","26","0.9007747946428813","0.25","0.1527777777777778","0.8888888888888888"
"7x7-p84","7x7-p84-uct-1000","uct-1000","7","0.25","14","0.6428571428571429","0","0","0.6904648767857287","0.3333333333333333","0.2361111111111111","0.5555555555555556"
"7x7-p84","7x7-p84-uct-1000","uct-1000","7","0.5","28","0.6071428571428571","1","7","0.8680423562500169","0.3333333333333333","0.18055555555555555","0.8888888888888888"
"7x7-p84","7x7-p84-uct-1000","uct-1000","7","0.75","42","0.5793650793650794","6","13","0.670619835714305","0.3333333333333333","0.25","0.5555555555555556"
"7x7-p84","7x7-p84-uct-1000","uct-1000","7","0.9","51","0.5163398692810458","6","20","0.7430423562500168","0.3333333333333333","0.22222222222222224","0.6666666666666666"
"7x7-p84","7x7-p84-uct-1000","uct-1000","8","0.25","14","0.7857142857142857","0","0","0.9007747946428813","0.25","0.1527777777777778","0.8888888888888888"
"7x7-p84","7x7-p84-uct-1000","uct-1000","8","0.5","28","0.6785714285714286","2","2","0.8283522741071693","0.25","0.18055555555555555","0.7777777777777778"
"7x7-p84","7x7-p84-uct-1000","uct-1000","8","0.75","42","0.6190476190476191","4","6","0.8481973151785931","0.25","0.16666666666666669","0.7777777777777778"
"7x7-p84","7x7-p84-uct-1000","uct-1000","8","0.9","51","0.5686274509803921","8","16","0.6481494572909344","0.4166666666666667","0.2777777777777778","0.5555555555555556"
"7x7-p84","7x7-p84-uct-1000","uct-1000","9","0.25","14","0.5952380952380952","0","1","0.9007747946428813","0.25","0.1527777777777778","0.8888888888888888"
"7x7-p84","7x7-p84-uct-1000","uct-1000","9","0.5","28","0.5476190476190477","0","6","0.7731494572909345","0.4166666666666667","0.23611111111111116","0.7777777777777778"
"7x7-p84","7x7-p84-uct-1000","uct-1000","9","0.75","42","0.4365079365079365","0","16","0.9007747946428811","0.25","0.1527777777777778","0.8888888888888888"
"7x7-p84","7x7-p84-uct-1000","uct-1000","9","0.9","51","0.43790849673202614","2","22","0.8481973151785931","0.25","0.16666666666666669","0.7777777777777778"
"7x7-p84","7x7-p84-uct-1000","uct-1000","10","0.25","14","0.6904761904761905","0","0","0.7956198357143048","0.25","0.18055555555555552","0.6666666666666666"
"7x7-p84","7x7-p84-uct-1000","uct-1000","10","0.5","28","0.47619047619047616","0","10","0.7956198357143048","0.25","0.18055555555555558","0.6666666666666666"
"7x7-p84","7x7-p84-uct-1000","uct-1000","10","0.75","42","0.4365079365079365","1","19","0.7033522741071693","0.25","0.2222222222222222","0.5555555555555556"
"7x7-p84","7x7-p84-uct-1000","uct-1000","10","0.9","51","0.4444444444444444","1","25","0.6679944983623582","0.4166666666666667","0.2638888888888889","0.5555555555555556"
"7x7-p84","7x7-p84-uct-1000","uct-1000","11","0.25","14","0.7380952380952381","0","0","0.8481973151785929","0.25","0.16666666666666669","0.7777777777777778"
"7x7-p84","7x7-p84-uct-1000","uct-1000","11","0.5","28","0.5119047619047619","0","7","0.7731494572909345","0.4166666666666667","0.23611111111111116","0.7777777777777778"
"7x7-p84","7x7-p84-uct-1000","uct-1000","11","0.75","42","0.4523809523809524","0","18","0.8481973151785931","0.25","0.16666666666666669","0.7777777777777778"
"7x7-p84","7x7-p84-uct-1000","uct-1000","11","0.9","51","0.43137254901960786","0","25","0.7628873973214406","0.3333333333333333","0.20833333333333334","0.6666666666666666"
"7x7-p84","7x7-p84-uct-1000","uct-1000","12","0.25","14","0.5952380952380952","0","2","0.7757747946428812","0.25","0.19444444444444448","0.6666666666666666"
"7x7-p84","7x7-p84-uct-1000","uct-1000","12","0.5","28","0.5119047619047619","0","9","0.8283522741071693","0.25","0.18055555555555558","0.7777777777777778"
"7x7-p84","7x7-p84-uct-1000","uct-1000","12","0.75","42","0.46825396825396826","0","17","0.8283522741071693","0.25","0.18055555555555558","0.7777777777777778"
"7x7-p84","7x7-p84-uct-1000","uct-1000","12","0.9","51","0.43137254901960786","0","25","0.6904648767857287","0.3333333333333333","0.2361111111111111","0.5555555555555556"
"7x7-p84","7x7-p84-uct-1000","uct-1000","13","0.25","14","0.6428571428571429","0","0","0.7007269367552227","0.4166666666666667","0.26388888888888884","0.6666666666666666"
"7x7-p84","7x7-p84-uct-1000","uct-1000","13","0.5","28","0.4880952380952381","1","7","0.7956198357143048","0.25","0.18055555555555555","0.6666666666666666"
"7x7-p84","7x7-p84-uct-1000","uct-1000","13","0.75","42","0.4603174603174603","2","15","0.670619835714305","0.5","0.3055555555555555","0.6666666666666666"
"7x7-p84","7x7-p84-uct-1000","uct-1000","13","0.9","51","0.42483660130718953","3","22","0.8283522741071693","0.25","0.18055555555555558","0.7777777777777778"
"7x7-p84","7x7-p84-uct-1000","uct-1000","14","0.25","14","0.6904761904761905","0","0","0.6577324383928644","0.3333333333333333","0.26388888888888884","0.5555555555555556"
"7x7-p84","7x7-p84-uct-1000","uct-1000","14","0.5","28","0.5952380952380952","0","6","0.614316993399376","0.5833333333333334","0.37499999999999994","0.6666666666666666"
"7x7-p84","7x7-p84-uct-1000","uct-1000","14","0.75","42","0.4603174603174603","1","18","0.8481973151785931","0.25","0.16666666666666669","0.7777777777777778"
"7x7-p84","7x7-p84-uct-1000","uct-1000","14","0.9","51","0.42483660130718953","1","24","0.7757747946428812","0.25","0.19444444444444445","0.6666666666666666"
"7x7-p84","7x7-p84-uct-1000","uct-1000","15","0.25","14","0.6190476190476191","0","0","0.9007747946428811","0.25","0.1527777777777778","0.8888888888888888"
"7x7-p84","7x7-p84-uct-1000","uct-1000","15","0.5","28","0.5238095238095238","0","5","0.7757747946428812","0.25","0.19444444444444445","0.6666666666666666"
"7x7-p84","7x7-p84-uct-1000","uct-1000","15","0.75","42","0.49206349206349204","1","12","0.775774794642881","0.25","0.19444444444444445","0.6666666666666666"
"7x7-p84","7x7-p84-uct-1000","uct-1000","15","0.9","51","0.5098039215686274","2","18","0.9007747946428811","0.25","0.1527777777777778","0.8888888888888888"
"7x7-p84","7x7-p84-uct-1000","uct-1000","16","0.25","14","0.6904761904761905","1","0","0.6904648767857287","0.3333333333333333","0.2361111111111111","0.5555555555555556"
"7x7-p84","7x7-p84-uct-1000","uct-1000","16","0.5","28","0.5476190476190477","1","5","0.7007269367552227","0.4166666666666667","0.26388888888888884","0.6666666666666666"
"7x7-p84","7x7-p84-uct-1000","uct-1000","16","0.75","42","0.4603174603174603","2","16","0.920619835714305","0.16666666666666666","0.1388888888888889","0.8888888888888888"
"7x7-p84","7x7-p84-uct-1000","uct-1000","16","0.9","51","0.43790849673202614","3","23","0.8283522741071695","0.25","0.18055555555555558","0.7777777777777778"
"7x7-p84","7x7-p84-uct-1000","uct-1000","17","0.25","14","0.6904761904761905","0","0","0.7956198357143051","0.3333333333333333","0.20833333333333334","0.7777777777777778"
"7x7-p84","7x7-p84-uct-1000","uct-1000","17","0.5","28","0.5476190476190477","0","5","0.9007747946428813","0.25","0.1527777777777778","0.8888888888888888"
"7x7-p84","7x7-p84-uct-1000","uct-1000","17","0.75","42","0.5079365079365079","0","14","0.6180423562500167","0.5","0.3194444444444444","0.5555555555555556"
"7x7-p84","7x7-p84-uct-1000","uct-1000","17","0.9","51","0.46405228758169936","0","21","0.775774794642881","0.25","0.19444444444444445","0.6666666666666666"
"7x7-p84","7x7-p84-uct-1000","uct-1000","18","0.25","14","0.5952380952380952","1","2","0.9007747946428813","0.25","0.1527777777777778","0.8888888888888888"
"7x7-p84","7x7-p84-uct-1000","uct-1000","18","0.5","28","0.5119047619047619","1","6","0.7430423562500168","0.3333333333333333","0.22222222222222224","0.6666666666666666"
"7x7-p84","7x7-p84-uct-1000","uct-1000","18","0.75","42","0.42063492063492064","1","18","0.7956198357143048","0.25","0.18055555555555555","0.6666666666666666"
"7x7-p84","7x7-p84-uct-1000","uct-1000","18","0.9","51","0.40522875816993464","1","23","0.8481973151785931","0.25","0.16666666666666669","0.7777777777777778"
"7x7-p84","7x7-p84-uct-1000","uct-1000","19","0.25","14","0.6428571428571429","0","2","0.7430423562500168","0.3333333333333333","0.22222222222222224","0.6666666666666666"
"7x7-p84","7x7-p84-uct-1000","uct-1000","19","0.5","28","0.5357142857142857","2","8","0.8154648767857287","0.3333333333333333","0.19444444444444448","0.7777777777777778"
"7x7-p84","7x7-p84-uct-1000","uct-1000","19","0.75","42","0.42857142857142855","2","17","0.7430423562500168","0.3333333333333333","0.2222222222222222","0.6666666666666666"
"7x7-p84","7x7-p84-uct-1000","uct-1000","19","0.9","51","0.39215686274509803","3","24","0.7430423562500168","0.3333333333333333","0.2222222222222222","0.6666666666666666"
"7x7-p84","7x7-p84-uct-1000","uct-1000","20","0.25","14","0.7142857142857143","0","0","0.7430423562500168","0.3333333333333333","0.2222222222222222","0.6666666666666666"
"7x7-p84","7x7-p84-uct-1000","uct-1000","20","0.5","28","0.5476190476190477","0","6","0.8154648767857287","0.3333333333333333","0.19444444444444445","0.7777777777777778"
"7x7-p84","7x7-p84-uct-1000","uct-1000","20","0.75","42","0.48412698412698413","1","15","0.7205719778266463","0.4166666666666667","0.25000000000000006","0.6666666666666666"
"7x7-p84","7x7-p84-uct-1000","uct-1000","20","0.9","51","0.43137254901960786","1","23","0.6679944983623582","0.4166666666666667","0.2638888888888889","0.5555555555555556"
"7x7-p84","7x7-p84-uct-1000","uct-1000","21","0.25","14","0.6428571428571429","0","1","0.6577324383928644","0.3333333333333333","0.26388888888888884","0.5555555555555556"
"7x7-p84","7x7-p84-uct-1000","uct-1000","21","0.5","28","0.5357142857142857","0","7","0.7757747946428812","0.25","0.19444444444444445","0.6666666666666666"
"7x7-p84","7x7-p84-uct-1000","uct-1000","21","0.75","42","0.48412698412698413","1","15","0.7757747946428812","0.25","0.19444444444444448","0.6666666666666666"
"7x7-p84","7x7-p84-uct-1000","uct-1000","21","0.9","51","0.42483660130718953","2","24","0.7205719778266463","0.4166666666666667","0.25","0.6666666666666666"
"7x7-p84","7x7-p84-uct-1000","uct-1000","22","0.25","14","0.6666666666666666","0","2","0.8680423562500167","0.16666666666666666","0.15277777777777776","0.7777777777777778"
"7x7-p84","7x7-p84-uct-1000","uct-1000","22","0.5","28","0.5833333333333334","1","6","0.8481973151785931","0.25","0.16666666666666669","0.7777777777777778"
"7x7-p84","7x7-p84-uct-1000","uct-1000","22","0.75","42","0.5079365079365079","1","14","0.6481494572909344","0.4166666666666667","0.27777777777777773","0.5555555555555556"
"7x7-p84","7x7-p84-uct-1000","uct-1000","22","0.9","51","0.5032679738562091","3","20","0.8481973151785931","0.25","0.16666666666666669","0.7777777777777778"
"7x7-p84","7x7-p84-uct-1000","uct-1000","23","0.25","14","0.6428571428571429","1","0","0.6481494572909344","0.4166666666666667","0.2777777777777778","0.5555555555555556"
"7x7-p84","7x7-p84-uct-1000","uct-1000","23","0.5","28","0.5238095238095238","1","8","0.920619835714305","0.16666666666666666","0.1388888888888889","0.8888888888888888"
"7x7-p84","7x7-p84-uct-1000","uct-1000","23","0.75","42","0.4444444444444444","1","16","0.8481973151785929","0.25","0.16666666666666669","0.7777777777777778"
"7x7-p84","7x7-p84-uct-1000","uct-1000","23","0.9","51","0.40522875816993464","1","25","0.8481973151785931","0.25","0.16666666666666666","0.7777777777777778"
"7x7-p84","7x7-p84-uct-1000","uct-1000","24","0.25","14","0.5952380952380952","1","0","0.9533522741071694","0.25","0.1388888888888889","1"
"7x7-p84","7x7-p84-uct-1000","uct-1000","24","0.5","28","0.5238095238095238","1","7","0.8481973151785931","0.25","0.16666666666666666","0.7777777777777778"
"7x7-p84","7x7-p84-uct-1000","uct-1000","24","0.75","42","0.4603174603174603","2","17","0.7007269367552227","0.4166666666666667","0.2638888888888889","0.6666666666666666"
"7x7-p84","7x7-p84-uct-1000","uct-1000","24","0.9","51","0.43790849673202614","3","24","0.7007269367552227","0.4166666666666667","0.26388888888888895","0.6666666666666666"
"7x7-p84","7x7-p84-uct-1000","uct-1000","25","0.25","14","0.7142857142857143","0","0","0.7757747946428812","0.25","0.19444444444444445","0.6666666666666666"
"7x7-p84","7x7-p84-uct-1000","uct-1000","25","0.5","28","0.6071428571428571","1","2","0.7628873973214406","0.3333333333333333","0.20833333333333337","0.6666666666666666"
"7x7-p84","7x7-p84-uct-1000","uct-1000","25","0.75","42","0.48412698412698413","1","16","0.8680423562500169","0.3333333333333333","0.18055555555555555","0.8888888888888888"
"7x7-p84","7x7-p84-uct-1000","uct-1000","25","0.9","51","0.43790849673202614","1","25","0.6481494572909344","0.4166666666666667","0.2777777777777778","0.5555555555555556"
"7x7-p84","7x7-p84-uct-1000","uct-1000","26","0.25","14","0.7142857142857143","0","0","0.8283522741071693","0.25","0.18055555555555555","0.7777777777777778"
"7x7-p84","7x7-p84-uct-1000","uct-1000","26","0.5","28","0.5595238095238095","1","6","0.9007747946428811","0.25","0.1527777777777778","0.8888888888888888"
"7x7-p84","7x7-p84-uct-1000","uct-1000","26","0.75","42","0.4365079365079365","1","20","0.775774794642881","0.25","0.19444444444444445","0.6666666666666666"
"7x7-p84","7x7-p84-uct-1000","uct-1000","26","0.9","51","0.41830065359477125","2","25","0.7430423562500168","0.3333333333333333","0.2222222222222222","0.6666666666666666"
"7x7-p84","7x7-p84-uct-1000","uct-1000","27","0.25","14","0.6904761904761905","0","1","0.7956198357143051","0.3333333333333333","0.20833333333333334","0.7777777777777778"
"7x7-p84","7x7-p84-uct-1000","uct-1000","27","0.5","28","0.5357142857142857","0","8","0.9533522741071694","0.25","0.1388888888888889","1"
"7x7-p84","7x7-p84-uct-1000","uct-1000","27","0.75","42","0.48412698412698413","1","16","0.920619835714305","0.16666666666666666","0.1388888888888889","0.8888888888888888"
"7x7-p84","7x7-p84-uct-1000","uct-1000","27","0.9","51","0.45751633986928103","3","22","0.8154648767857289","0.3333333333333333","0.19444444444444445","0.7777777777777778"
"7x7-p84","7x7-p84-uct-1000","uct-1000","28","0.25","14","0.7142857142857143","0","0","0.8481973151785931","0.25","0.16666666666666666","0.7777777777777778"
"7x7-p84","7x7-p84-uct-1000","uct-1000","28","0.5","28","0.5595238095238095","0","5","0.8481973151785931","0.25","0.16666666666666669","0.7777777777777778"
"7x7-p84","7x7-p84-uct-1000","uct-1000","28","0.75","42","0.48412698412698413","0","16","0.8154648767857287","0.3333333333333333","0.19444444444444442","0.7777777777777778"
"7x7-p84","7x7-p84-uct-1000","uct-1000","28","0.9","51","0.43137254901960786","0","23","0.6904648767857287","0.3333333333333333","0.23611111111111113","0.5555555555555556"
"7x7-p84","7x7-p84-uct-1000","uct-1000","29","0.25","14","0.6190476190476191","0","0","0.8283522741071693","0.25","0.18055555555555558","0.7777777777777778"
"7x7-p84","7x7-p84-uct-1000","uct-1000","29","0.5","28","0.5714285714285714","1","6","0.8481973151785931","0.25","0.16666666666666669","0.7777777777777778"
"7x7-p84","7x7-p84-uct-1000","uct-1000","29","0.75","42","0.47619047619047616","3","17","0.7956198357143051","0.3333333333333333","0.20833333333333334","0.7777777777777778"
"7x7-p84","7x7-p84-uct-1000","uct-1000","29","0.9","51","0.45751633986928103","4","23","0.7757747946428812","0.25","0.19444444444444448","0.6666666666666666"
"7x7-p84","7x7-p84-uct-1000","uct-1000","30","0.25","14","0.5714285714285714","1","2","0.7205719778266463","0.4166666666666667","0.25","0.6666666666666666"
"7x7-p84","7x7-p84-uct-1000","uct-1000","30","0.5","28","0.4880952380952381","1","6","0.7430423562500168","0.3333333333333333","0.22222222222222224","0.6666666666666666"
"7x7-p84","7x7-p84-uct-1000","uct-1000","30","0.75","42","0.42063492063492064","2","21","0.7430423562500168","0.3333333333333333","0.2222222222222222","0.6666666666666666"
"7x7-p84","7x7-p84-uct-1000","uct-1000","30","0.9","51","0.37254901960784315","2","26","0.6904648767857285","0.3333333333333333","0.23611111111111113","0.5555555555555556"
"7x7-p84","7x7-p84-uct-1000","uct-1000","31","0.25","14","0.6666666666666666","0","1","0.6904648767857287","0.3333333333333333","0.2361111111111111","0.5555555555555556"
"7x7-p84","7x7-p84-uct-1000","uct-1000","31","0.5","28","0.5119047619047619","0","9","0.8154648767857287","0.3333333333333333","0.19444444444444448","0.7777777777777778"
"7x7-p84","7x7-p84-uct-1000","uct-1000","31","0.75","42","0.42063492063492064","0","19","0.775774794642881","0.25","0.19444444444444445","0.6666666666666666"
"7x7-p84","7x7-p84-uct-1000","uct-1000","31","0.9","51","0.3790849673202614","0","27","0.8680423562500169","0.3333333333333333","0.18055555555555558","0.8888888888888888"
"7x7-p84","7x7-p84-uct-1000","uct-1000","32","0.25","14","0.6666666666666666","1","0","0.8481973151785931","0.25","0.16666666666666669","0.7777777777777778"
"7x7-p84","7x7-p84-uct-1000","uct-1000","32","0.5","28","0.5357142857142857","1","7","0.6481494572909344","0.4166666666666667","0.27777777777777773","0.5555555555555556"
"7x7-p84","7x7-p84-uct-1000","uct-1000","32","0.75","42","0.46825396825396826","3","18","0.775774794642881","0.25","0.19444444444444442","0.6666666666666666"
"7x7-p84","7x7-p84-uct-1000","uct-1000","32","0.9","51","0.43137254901960786","3","22","0.7731494572909345","0.4166666666666667","0.23611111111111116","0.7777777777777778"
"7x7-p84","7x7-p84-uct-1000","uct-1000","33","0.25","14","0.7619047619047619","1","1","0.7628873973214406","0.3333333333333333","0.20833333333333334","0.6666666666666666"
"7x7-p84","7x7-p84-uct-1000","uct-1000","33","0.5","28","0.6428571428571429","2","4","0.775774794642881","0.25","0.19444444444444445","0.6666666666666666"
"7x7-p84","7x7-p84-uct-1000","uct-1000","33","0.75","42","0.5317460317460317","2","13","0.8154648767857287","0.3333333333333333","0.19444444444444445","0.7777777777777778"
"7x7-p84","7x7-p84-uct-1000","uct-1000","33","0.9","51","0.47058823529411764","4","21","0.7628873973214406","0.3333333333333333","0.20833333333333334","0.6666666666666666"
"7x7-p84","7x7-p84-uct-1000","uct-1000","34","0.25","14","0.7619047619047619","0","0","0.9007747946428811","0.25","0.15277777777777776","0.8888888888888888"
"7x7-p84","7x7-p84-uct-1000","uct-1000","34","0.5","28","0.5952380952380952","1","4","0.7757747946428812","0.25","0.19444444444444445","0.6666666666666666"
"7x7-p84","7x7-p84-uct-1000","uct-1000","34","0.75","42","0.5","1","15","0.8283522741071693","0.25","0.18055555555555558","0.7777777777777778"
"7x7-p84","7x7-p84-uct-1000","uct-1000","34","0.9","51","0.47058823529411764","1","21","0.8154648767857287","0.3333333333333333","0.19444444444444442","0.7777777777777778"
"7x7-p84","7x7-p84-uct-1000","uct-1000","35","0.25","14","0.7142857142857143","0","0","0.7205719778266463","0.4166666666666667","0.25","0.6666666666666666"
"7x7-p84","7x7-p84-uct-1000","uct-1000","35","0.5","28","0.5595238095238095","1","4","0.6481494572909344","0.4166666666666667","0.27777777777777773","0.5555555555555556"
"7x7-p84","7x7-p84-uct-1000","uct-1000","35","0.75","42","0.5158730158730159","2","12","0.9007747946428811","0.25","0.1527777777777778","0.8888888888888888"
"7x7-p84","7x7-p84-uct-1000","uct-1000","35","0.9","51","0.48366013071895425","2","19","0.9007747946428813","0.25","0.1527777777777778","0.8888888888888888"
"7x7-p84","7x7-p84-uct-1000","uct-1000","36","0.25","14","0.6904761904761905","0","0","0.8154648767857287","0.3333333333333333","0.19444444444444442","0.7777777777777778"
"7x7-p84","7x7-p84-uct-1000","uct-1000","36","0.5","28","0.5714285714285714","1","7","0.8283522741071693","0.25","0.18055555555555558","0.7777777777777778"
"7x7-p84","7x7-p84-uct-1000","uct-1000","36","0.75","42","0.47619047619047616","2","18","0.7205719778266463","0.4166666666666667","0.25","0.6666666666666666"
"7x7-p84","7x7-p84-uct-1000","uct-1000","36","0.9","51","0.43790849673202614","2","23","0.7757747946428812","0.25","0.19444444444444445","0.6666666666666666"
"7x7-p84","7x7-p84-uct-1000","uct-1000","37","0.25","14","0.7142857142857143","1","1","0.9007747946428813","0.25","0.1527777777777778","0.8888888888888888"
"7x7-p84","7x7-p84-uct-1000","uct-1000","37","0.5","28","0.5357142857142857","2","5","0.7628873973214406","0.3333333333333333","0.20833333333333331","0.6666666666666666"
"7x7-p84","7x7-p84-uct-1000","uct-1000","37","0.75","42","0.46825396825396826","3","13","0.8481973151785931","0.25","0.16666666666666666","0.7777777777777778"
"7x7-p84","7x7-p84-uct-1000","uct-1000","37","0.9","51","0.43790849673202614","3","22","0.6481494572909344","0.4166666666666667","0.2777777777777778","0.5555555555555556"
"7x7-p84","7x7-p84-uct-1000","uct-1000","38","0.25","14","0.7142857142857143","0","0","0.9007747946428811","0.25","0.1527777777777778","0.8888888888888888"
"7x7-p84","7x7-p84-uct-1000","uct-1000","38","0.5","28","0.5357142857142857","1","5","0.8481973151785931","0.25","0.16666666666666669","0.7777777777777778"
"7x7-p84","7x7-p84-uct-1000","uct-1000","38","0.75","42","0.5","3","15","0.8680423562500167","0.16666666666666666","0.1527777777777778","0.7777777777777778"
"7x7-p84","7x7-p84-uct-1000","uct-1000","38","0.9","51","0.45098039215686275","3","23","0.7757747946428812","0.25","0.19444444444444445","0.6666666666666666"
"7x7-p84","7x7-p84-uct-1000","uct-1000","39","0.25","14","0.7857142857142857","0","0","0.8283522741071695","0.25","0.18055555555555555","0.7777777777777778"
"7x7-p84","7x7-p84-uct-1000","uct-1000","39","0.5","28","0.6428571428571429","0","2","0.8481973151785929","0.25","0.16666666666666666","0.7777777777777778"
"7x7-p84","7x7-p84-uct-1000","uct-1000","39","0.75","42","0.5079365079365079","0","13","0.7430423562500168","0.3333333333333333","0.22222222222222224","0.6666666666666666"
"7x7-p84","7x7-p84-uct-1000","uct-1000","39","0.9","51","0.43137254901960786","1","21","0.614316993399376","0.5833333333333334","0.37499999999999994","0.6666666666666666"
"7x7-p84","7x7-p84-uct-1000","uct-1000","40","0.25","14","0.6428571428571429","0","1","0.7628873973214406","0.3333333333333333","0.20833333333333334","0.6666666666666666"
"7x7-p84","7x7-p84-uct-1000","uct-1000","40","0.5","28","0.5595238095238095","2","7","0.7956198357143048","0.25","0.18055555555555555","0.6666666666666666"
"7x7-p84","7x7-p84-uct-1000","uct-1000","40","0.75","42","0.46825396825396826","3","17","0.775774794642881","0.25","0.19444444444444442","0.6666666666666666"
"7x7-p84","7x7-p84-uct-1000","uct-1000","40","0.9","51","0.43790849673202614","3","24","0.7205719778266463","0.4166666666666667","0.25","0.6666666666666666"
"7x7-p84","7x7-p84-uct-1000","uct-1000","41","0.25","14","0.6428571428571429","0","1","0.9007747946428813","0.25","0.1527777777777778","0.8888888888888888"
"7x7-p84","7x7-p84-uct-1000","uct-1000","41","0.5","28","0.47619047619047616","0","7","0.8481973151785931","0.25","0.16666666666666666","0.7777777777777778"
"7x7-p84","7x7-p84-uct-1000","uct-1000","41","0.75","42","0.46825396825396826","0","17","0.8154648767857289","0.3333333333333333","0.19444444444444445","0.7777777777777778"
"7x7-p84","7x7-p84-uct-1000","uct-1000","41","0.9","51","0.41830065359477125","0","22","0.7033522741071692","0.25","0.2222222222222222","0.5555555555555556"
"7x7-p84","7x7-p84-uct-1000","uct-1000","42","0.25","14","0.6904761904761905","0","0","0.920619835714305","0.16666666666666666","0.1388888888888889","0.8888888888888888"
"7x7-p84","7x7-p84-uct-1000","uct-1000","42","0.5","28","0.5238095238095238","0","6","0.8154648767857287","0.3333333333333333","0.19444444444444448","0.7777777777777778"
"7x7-p84","7x7-p84-uct-1000","uct-1000","42","0.75","42","0.4523809523809524","1","16","0.8481973151785931","0.25","0.16666666666666669","0.7777777777777778"
"7x7-p84","7x7-p84-uct-1000","uct-1000","42","0.9","51","0.40522875816993464","2","24","0.7033522741071692","0.25","0.2222222222222222","0.5555555555555556"
"7x7-p84","7x7-p84-uct-1000","uct-1000","43","0.25","14","0.5952380952380952","0","0","0.7430423562500168","0.3333333333333333","0.22222222222222224","0.6666666666666666"
"7x7-p84","7x7-p84-uct-1000","uct-1000","43","0.5","28","0.5119047619047619","1","6","0.8154648767857287","0.3333333333333333","0.19444444444444448","0.7777777777777778"
"7x7-p84","7x7-p84-uct-1000","uct-1000","43","0.75","42","0.4523809523809524","3","18","0.9007747946428813","0.25","0.1527777777777778","0.8888888888888888"
"7x7-p84","7x7-p84-uct-1000","uct-1000","43","0.9","51","0.41830065359477125","3","23","0.6904648767857287","0.3333333333333333","0.2361111111111111","0.5555555555555556"
"7x7-p84","7x7-p84-uct-1000","uct-1000","44","0.25","14","0.5952380952380952","0","0","0.6679944983623582","0.4166666666666667","0.2638888888888889","0.5555555555555556"
"7x7-p84","7x7-p84-uct-1000","uct-1000","44","0.5","28","0.5357142857142857","0","7","0.8283522741071693","0.25","0.18055555555555555","0.7777777777777778"
"7x7-p84","7x7-p84-uct-1000","uct-1000","44","0.75","42","0.42857142857142855","1","17","0.7430423562500168","0.3333333333333333","0.2222222222222222","0.6666666666666666"
"7x7-p84","7x7-p84-uct-1000","uct-1000","44","0.9","51","0.40522875816993464","1","24","0.7628873973214406","0.3333333333333333","0.20833333333333334","0.6666666666666666"
"7x7-p84","7x7-p84-uct-1000","uct-1000","45","0.25","14","0.6666666666666666","0","1","0.8283522741071693","0.25","0.18055555555555558","0.7777777777777778"
"7x7-p84","7x7-p84-uct-1000","uct-1000","45","0.5","28","0.5238095238095238","1","7","0.8154648767857289","0.3333333333333333","0.19444444444444448","0.7777777777777778"
"7x7-p84","7x7-p84-uct-1000","uct-1000","45","0.75","42","0.42857142857142855","1","20","0.9007747946428811","0.25","0.1527777777777778","0.8888888888888888"
"7x7-p84","7x7-p84-uct-1000","uct-1000","45","0.9","51","0.43137254901960786","1","23","0.545619835714305","0.5","0.3472222222222222","0.4444444444444444"
"7x7-p84","7x7-p84-uct-1000","uct-1000","46","0.25","14","0.7619047619047619","0","0","0.8481973151785931","0.25","0.16666666666666666","0.7777777777777778"
"7x7-p84","7x7-p84-uct-1000","uct-1000","46","0.5","28","0.5952380952380952","0","5","0.7628873973214406","0.3333333333333333","0.20833333333333334","0.6666666666666666"
"7x7-p84","7x7-p84-uct-1000","uct-1000","46","0.75","42","0.49206349206349204","0","16","0.8680423562500167","0.16666666666666666","0.15277777777777776","0.7777777777777778"
"7x7-p84","7x7-p84-uct-1000","uct-1000","46","0.9","51","0.43790849673202614","1","24","0.8481973151785931","0.25","0.16666666666666669","0.7777777777777778"
"7x7-p84","7x7-p84-uct-1000","uct-1000","47","0.25","14","0.7142857142857143","0","0","0.7103099178571524","0.3333333333333333","0.22222222222222227","0.5555555555555556"
"7x7-p84","7x7-p84-uct-1000","uct-1000","47","0.5","28","0.5833333333333334","0","6","0.8680423562500167","0.16666666666666666","0.15277777777777776","0.7777777777777778"
"7x7-p84","7x7-p84-uct-1000","uct-1000","47","0.75","42","0.5476190476190477","0","14","0.8154648767857287","0.3333333333333333","0.19444444444444448","0.7777777777777778"
"7x7-p84","7x7-p84-uct-1000","uct-1000","47","0.9","51","0.47058823529411764","1","22","0.6481494572909344","0.4166666666666667","0.27777777777777773","0.5555555555555556"
"7x7-p84","7x7-p84-uct-1000","uct-1000","48","0.25","14","0.7619047619047619","0","0","0.7430423562500168","0.3333333333333333","0.2222222222222222","0.6666666666666666"
"7x7-p84","7x7-p84-uct-1000","uct-1000","48","0.5","28","0.6071428571428571","0","3","0.9007747946428813","0.25","0.1527777777777778","0.8888888888888888"
"7x7-p84","7x7-p84-uct-1000","uct-1000","48","0.75","42","0.49206349206349204","0","15","0.8481973151785931","0.25","0.16666666666666669","0.7777777777777778"
"7x7-p84","7x7-p84-uct-1000","uct-1000","48","0.9","51","0.47058823529411764","0","20","0.7430423562500168","0.3333333333333333","0.2222222222222222","0.6666666666666666"
"7x7-p84","7x7-p84-uct-1000","uct-1000","49","0.25","14","0.6428571428571429","0","0","0.8481973151785931","0.25","0.16666666666666669","0.7777777777777778"
"7x7-p84","7x7-p84-uct-1000","uct-1000","49","0.5","28","0.4642857142857143","1","8","0.7956198357143048","0.25","0.18055555555555555","0.6666666666666666"
"7x7-p84","7x7-p84-uct-1000","uct-1000","49","0.75","42","0.4126984126984127","1","19","0.7757747946428812","0.25","0.19444444444444445","0.6666666666666666"
"7x7-p84","7x7-p84-uct-1000","uct-1000","49","0.9","51","0.38562091503267976","1","22","0.7205719778266463","0.4166666666666667","0.25","0.6666666666666666"
"7x7-p84","7x7-p84-uct-1000","uct-1000","50","0.25","14","0.6190476190476191","0","1","0.920619835714305","0.16666666666666666","0.1388888888888889","0.8888888888888888"
"7x7-p84","7x7-p84-uct-1000","uct-1000","50","0.5","28","0.5476190476190477","2","6","0.6679944983623582","0.4166666666666667","0.2638888888888889","0.5555555555555556"
"7x7-p84","7x7-p84-uct-1000","uct-1000","50","0.75","42","0.4603174603174603","2","14","0.8283522741071693","0.25","0.18055555555555555","0.7777777777777778"
"7x7-p84","7x7-p84-uct-1000","uct-1000","50","0.9","51","0.42483660130718953","3","24","0.7731494572909343","0.4166666666666667","0.23611111111111113","0.7777777777777778"
"7x7-p96","7x7-p96-seeded-random","seeded-random","1","0.25","16","0.9375","0","0","0.7430423562500169","0.3333333333333333","0.22222222222222224","0.6666666666666666"
"7x7-p96","7x7-p96-seeded-random","seeded-random","1","0.5","32","0.7395833333333334","2","1","0.8680423562500167","0.16666666666666666","0.1527777777777778","0.7777777777777778"
"7x7-p96","7x7-p96-seeded-random","seeded-random","1","0.75","48","0.6805555555555556","8","2","0.9007747946428813","0.25","0.1527777777777778","0.8888888888888888"
"7x7-p96","7x7-p96-seeded-random","seeded-random","1","0.9","58","0.6724137931034483","9","6","0.9533522741071694","0.25","0.1388888888888889","1"
"7x7-p96","7x7-p96-seeded-random","seeded-random","2","0.25","16","0.7916666666666666","0","0","0.8154648767857287","0.3333333333333333","0.19444444444444445","0.7777777777777778"
"7x7-p96","7x7-p96-seeded-random","seeded-random","2","0.5","32","0.6770833333333334","0","0","0.7559297535714574","0.25","0.20833333333333334","0.6666666666666666"
"7x7-p96","7x7-p96-seeded-random","seeded-random","2","0.75","48","0.5763888888888888","2","6","0.8154648767857287","0.3333333333333333","0.19444444444444445","0.7777777777777778"
"7x7-p96","7x7-p96-seeded-random","seeded-random","2","0.9","58","0.5862068965517241","4","9","0.9007747946428811","0.25","0.1527777777777778","0.8888888888888888"
"7x7-p96","7x7-p96-seeded-random","seeded-random","3","0.25","16","0.7916666666666666","2","0","0.7956198357143048","0.25","0.18055555555555558","0.6666666666666666"
"7x7-p96","7x7-p96-seeded-random","seeded-random","3","0.5","32","0.6770833333333334","4","0","0.7559297535714574","0.25","0.20833333333333334","0.6666666666666666"
"7x7-p96","7x7-p96-seeded-random","seeded-random","3","0.75","48","0.6111111111111112","9","5","0.7430423562500168","0.3333333333333333","0.22222222222222224","0.6666666666666666"
"7x7-p96","7x7-p96-seeded-random","seeded-random","3","0.9","58","0.6149425287356322","11","7","0.7205719778266463","0.4166666666666667","0.25","0.6666666666666666"
"7x7-p96","7x7-p96-seeded-random","seeded-random","4","0.25","16","0.8541666666666666","1","0","0.7956198357143047","0.25","0.18055555555555558","0.6666666666666666"
"7x7-p96","7x7-p96-seeded-random","seeded-random","4","0.5","32","0.71875","4","0","0.9007747946428811","0.25","0.1527777777777778","0.8888888888888888"
"7x7-p96","7x7-p96-seeded-random","seeded-random","4","0.75","48","0.6458333333333334","5","3","0.8283522741071695","0.25","0.18055555555555558","0.7777777777777778"
"7x7-p96","7x7-p96-seeded-random","seeded-random","4","0.9","58","0.6206896551724138","6","9","0.7205719778266465","0.4166666666666667","0.25","0.6666666666666666"
"7x7-p96","7x7-p96-seeded-random","seeded-random","5","0.25","16","0.7916666666666666","0","0","0.7430423562500169","0.3333333333333333","0.22222222222222224","0.6666666666666666"
"7x7-p96","7x7-p96-seeded-random","seeded-random","5","0.5","32","0.7395833333333334","5","1","0.9007747946428811","0.25","0.1527777777777778","0.8888888888888888"
"7x7-p96","7x7-p96-seeded-random","seeded-random","5","0.75","48","0.6666666666666666","6","1","0.7956198357143048","0.25","0.18055555555555552","0.6666666666666666"
"7x7-p96","7x7-p96-seeded-random","seeded-random","5","0.9","58","0.6379310344827587","6","2","0.775774794642881","0.25","0.19444444444444445","0.6666666666666666"
"7x7-p96","7x7-p96-seeded-random","seeded-random","6","0.25","16","0.8125","0","0","0.7033522741071692","0.25","0.22222222222222224","0.5555555555555556"
"7x7-p96","7x7-p96-seeded-random","seeded-random","6","0.5","32","0.7083333333333334","2","0","0.7430423562500168","0.3333333333333333","0.22222222222222224","0.6666666666666666"
"7x7-p96","7x7-p96-seeded-random","seeded-random","6","0.75","48","0.6180555555555556","4","3","0.8481973151785929","0.25","0.16666666666666666","0.7777777777777778"
"7x7-p96","7x7-p96-seeded-random","seeded-random","6","0.9","58","0.6091954022988506","5","6","0.9007747946428811","0.25","0.1527777777777778","0.8888888888888888"
"7x7-p96","7x7-p96-seeded-random","seeded-random","7","0.25","16","0.7291666666666666","0","0","0.8283522741071693","0.25","0.18055555555555555","0.7777777777777778"
"7x7-p96","7x7-p96-seeded-random","seeded-random","7","0.5","32","0.65625","1","1","0.8481973151785931","0.25","0.16666666666666669","0.7777777777777778"
"7x7-p96","7x7-p96-seeded-random","seeded-random","7","0.75","48","0.6319444444444444","4","4","0.8154648767857287","0.3333333333333333","0.19444444444444445","0.7777777777777778"
"7x7-p96","7x7-p96-seeded-random","seeded-random","7","0.9","58","0.6264367816091954","6","6","0.7430423562500168","0.3333333333333333","0.22222222222222224","0.6666666666666666"
"7x7-p96","7x7-p96-seeded-random","seeded-random","8","0.25","16","0.8333333333333334","1","0","0.775774794642881","0.25","0.19444444444444442","0.6666666666666666"
"7x7-p96","7x7-p96-seeded-random","seeded-random","8","0.5","32","0.6666666666666666","2","0","0.8481973151785931","0.25","0.16666666666666666","0.7777777777777778"
"7x7-p96","7x7-p96-seeded-random","seeded-random","8","0.75","48","0.6458333333333334","3","3","0.7430423562500168","0.3333333333333333","0.2222222222222222","0.6666666666666666"
"7x7-p96","7x7-p96-seeded-random","seeded-random","8","0.9","58","0.603448275862069","6","5","0.8481973151785929","0.25","0.16666666666666669","0.7777777777777778"
"7x7-p96","7x7-p96-seeded-random","seeded-random","9","0.25","16","0.8125","0","0","0.7628873973214406","0.3333333333333333","0.20833333333333331","0.6666666666666666"
"7x7-p96","7x7-p96-seeded-random","seeded-random","9","0.5","32","0.7083333333333334","2","2","0.9533522741071694","0.25","0.1388888888888889","1"
"7x7-p96","7x7-p96-seeded-random","seeded-random","9","0.75","48","0.6458333333333334","7","5","0.8283522741071693","0.25","0.18055555555555555","0.7777777777777778"
"7x7-p96","7x7-p96-seeded-random","seeded-random","9","0.9","58","0.6264367816091954","8","7","0.7757747946428812","0.25","0.19444444444444448","0.6666666666666666"
"7x7-p96","7x7-p96-seeded-random","seeded-random","10","0.25","16","0.7708333333333334","0","0","0.8283522741071695","0.25","0.18055555555555558","0.7777777777777778"
"7x7-p96","7x7-p96-seeded-random","seeded-random","10","0.5","32","0.6458333333333334","3","2","0.8283522741071693","0.25","0.18055555555555555","0.7777777777777778"
"7x7-p96","7x7-p96-seeded-random","seeded-random","10","0.75","48","0.6319444444444444","7","5","0.8481973151785931","0.25","0.16666666666666669","0.7777777777777778"
"7x7-p96","7x7-p96-seeded-random","seeded-random","10","0.9","58","0.6149425287356322","8","8","0.8809297535714575","0.25","0.16666666666666669","0.8888888888888888"
"7x7-p96","7x7-p96-seeded-random","seeded-random","11","0.25","16","0.7916666666666666","0","0","0.8680423562500167","0.16666666666666666","0.15277777777777776","0.7777777777777778"
"7x7-p96","7x7-p96-seeded-random","seeded-random","11","0.5","32","0.6666666666666666","0","1","0.7956198357143048","0.25","0.18055555555555555","0.6666666666666666"
"7x7-p96","7x7-p96-seeded-random","seeded-random","11","0.75","48","0.5972222222222222","1","3","0.7430423562500168","0.3333333333333333","0.22222222222222224","0.6666666666666666"
"7x7-p96","7x7-p96-seeded-random","seeded-random","11","0.9","58","0.5804597701149425","5","5","0.7430423562500168","0.3333333333333333","0.22222222222222224","0.6666666666666666"
"7x7-p96","7x7-p96-seeded-random","seeded-random","12","0.25","16","0.6875","1","0","0.920619835714305","0.16666666666666666","0.1388888888888889","0.8888888888888888"
"7x7-p96","7x7-p96-seeded-random","seeded-random","12","0.5","32","0.6875","2","0","0.8481973151785929","0.25","0.16666666666666666","0.7777777777777778"
"7x7-p96","7x7-p96-seeded-random","seeded-random","12","0.75","48","0.6180555555555556","4","5","0.9007747946428813","0.25","0.1527777777777778","0.8888888888888888"
"7x7-p96","7x7-p96-seeded-random","seeded-random","12","0.9","58","0.603448275862069","7","6","0.7430423562500168","0.3333333333333333","0.22222222222222224","0.6666666666666666"
"7x7-p96","7x7-p96-seeded-random","seeded-random","13","0.25","16","0.8541666666666666","1","0","0.8283522741071693","0.25","0.18055555555555558","0.7777777777777778"
"7x7-p96","7x7-p96-seeded-random","seeded-random","13","0.5","32","0.6041666666666666","2","0","0.670619835714305","0.3333333333333333","0.25","0.5555555555555556"
"7x7-p96","7x7-p96-seeded-random","seeded-random","13","0.75","48","0.625","3","3","0.8481973151785931","0.25","0.16666666666666666","0.7777777777777778"
"7x7-p96","7x7-p96-seeded-random","seeded-random","13","0.9","58","0.6206896551724138","6","4","0.8680423562500167","0.16666666666666666","0.15277777777777776","0.7777777777777778"
"7x7-p96","7x7-p96-seeded-random","seeded-random","14","0.25","16","0.8125","0","0","0.7559297535714574","0.25","0.20833333333333334","0.6666666666666666"
"7x7-p96","7x7-p96-seeded-random","seeded-random","14","0.5","32","0.65625","2","2","0.6904648767857287","0.3333333333333333","0.2361111111111111","0.5555555555555556"
"7x7-p96","7x7-p96-seeded-random","seeded-random","14","0.75","48","0.5763888888888888","4","4","0.7628873973214406","0.3333333333333333","0.20833333333333331","0.6666666666666666"
"7x7-p96","7x7-p96-seeded-random","seeded-random","14","0.9","58","0.5862068965517241","7","7","0.9007747946428811","0.25","0.1527777777777778","0.8888888888888888"
"7x7-p96","7x7-p96-seeded-random","seeded-random","15","0.25","16","0.875","1","0","0.8481973151785929","0.25","0.16666666666666666","0.7777777777777778"
"7x7-p96","7x7-p96-seeded-random","seeded-random","15","0.5","32","0.6979166666666666","4","1","0.8154648767857287","0.3333333333333333","0.19444444444444448","0.7777777777777778"
"7x7-p96","7x7-p96-seeded-random","seeded-random","15","0.75","48","0.6319444444444444","9","2","0.8481973151785931","0.25","0.16666666666666669","0.7777777777777778"
"7x7-p96","7x7-p96-seeded-random","seeded-random","15","0.9","58","0.5977011494252874","11","7","0.8154648767857287","0.3333333333333333","0.19444444444444445","0.7777777777777778"
"7x7-p96","7x7-p96-seeded-random","seeded-random","16","0.25","16","0.7291666666666666","0","0","0.8481973151785931","0.25","0.16666666666666666","0.7777777777777778"
"7x7-p96","7x7-p96-seeded-random","seeded-random","16","0.5","32","0.6875","1","0","0.9731973151785932","0.16666666666666666","0.125","1"
"7x7-p96","7x7-p96-seeded-random","seeded-random","16","0.75","48","0.6458333333333334","2","1","0.7757747946428812","0.25","0.19444444444444445","0.6666666666666666"
"7x7-p96","7x7-p96-seeded-random","seeded-random","16","0.9","58","0.6149425287356322","4","1","0.9007747946428811","0.25","0.1527777777777778","0.8888888888888888"
"7x7-p96","7x7-p96-seeded-random","seeded-random","17","0.25","16","0.8333333333333334","1","0","0.7628873973214406","0.3333333333333333","0.20833333333333334","0.6666666666666666"
"7x7-p96","7x7-p96-seeded-random","seeded-random","17","0.5","32","0.6666666666666666","4","1","0.9007747946428811","0.25","0.1527777777777778","0.8888888888888888"
"7x7-p96","7x7-p96-seeded-random","seeded-random","17","0.75","48","0.625","8","2","0.8809297535714575","0.25","0.16666666666666669","0.8888888888888888"
"7x7-p96","7x7-p96-seeded-random","seeded-random","17","0.9","58","0.603448275862069","11","3","0.7757747946428812","0.25","0.19444444444444445","0.6666666666666666"
"7x7-p96","7x7-p96-seeded-random","seeded-random","18","0.25","16","0.8541666666666666","1","0","0.7757747946428812","0.25","0.19444444444444445","0.6666666666666666"
"7x7-p96","7x7-p96-seeded-random","seeded-random","18","0.5","32","0.7083333333333334","3","0","0.7956198357143051","0.3333333333333333","0.20833333333333334","0.7777777777777778"
"7x7-p96","7x7-p96-seeded-random","seeded-random","18","0.75","48","0.6319444444444444","7","3","0.8481973151785931","0.25","0.16666666666666669","0.7777777777777778"
"7x7-p96","7x7-p96-seeded-random","seeded-random","18","0.9","58","0.5919540229885057","9","6","0.7956198357143051","0.3333333333333333","0.20833333333333334","0.7777777777777778"
"7x7-p96","7x7-p96-seeded-random","seeded-random","19","0.25","16","0.7083333333333334","0","1","0.9007747946428811","0.25","0.15277777777777776","0.8888888888888888"
"7x7-p96","7x7-p96-seeded-random","seeded-random","19","0.5","32","0.6458333333333334","1","1","0.8283522741071695","0.25","0.18055555555555558","0.7777777777777778"
"7x7-p96","7x7-p96-seeded-random","seeded-random","19","0.75","48","0.5833333333333334","3","4","0.7430423562500168","0.3333333333333333","0.2222222222222222","0.6666666666666666"
"7x7-p96","7x7-p96-seeded-random","seeded-random","19","0.9","58","0.5804597701149425","3","6","0.7430423562500169","0.3333333333333333","0.22222222222222224","0.6666666666666666"
"7x7-p96","7x7-p96-seeded-random","seeded-random","20","0.25","16","0.8541666666666666","0","0","0.8283522741071695","0.25","0.18055555555555558","0.7777777777777778"
"7x7-p96","7x7-p96-seeded-random","seeded-random","20","0.5","32","0.7291666666666666","2","2","0.7103099178571525","0.3333333333333333","0.25","0.6666666666666666"
"7x7-p96","7x7-p96-seeded-random","seeded-random","20","0.75","48","0.6875","2","3","0.9533522741071694","0.25","0.1388888888888889","1"
"7x7-p96","7x7-p96-seeded-random","seeded-random","20","0.9","58","0.6666666666666666","7","4","0.775774794642881","0.25","0.19444444444444445","0.6666666666666666"
"7x7-p96","7x7-p96-seeded-random","seeded-random","21","0.25","16","0.8125","0","0","0.8680423562500167","0.16666666666666666","0.15277777777777776","0.7777777777777778"
"7x7-p96","7x7-p96-seeded-random","seeded-random","21","0.5","32","0.7083333333333334","5","0","0.6180423562500168","0.5","0.3194444444444444","0.5555555555555556"
"7x7-p96","7x7-p96-seeded-random","seeded-random","21","0.75","48","0.6527777777777778","5","1","0.7628873973214406","0.3333333333333333","0.20833333333333334","0.6666666666666666"
"7x7-p96","7x7-p96-seeded-random","seeded-random","21","0.9","58","0.6091954022988506","7","5","0.7033522741071693","0.25","0.2222222222222222","0.5555555555555556"
"7x7-p96","7x7-p96-seeded-random","seeded-random","22","0.25","16","0.75","0","0","0.775774794642881","0.25","0.19444444444444445","0.6666666666666666"
"7x7-p96","7x7-p96-seeded-random","seeded-random","22","0.5","32","0.65625","5","1","0.8680423562500167","0.16666666666666666","0.1527777777777778","0.7777777777777778"
"7x7-p96","7x7-p96-seeded-random","seeded-random","22","0.75","48","0.6458333333333334","6","1","0.8680423562500167","0.16666666666666666","0.15277777777777776","0.7777777777777778"
"7x7-p96","7x7-p96-seeded-random","seeded-random","22","0.9","58","0.6551724137931034","8","4","0.8481973151785931","0.25","0.16666666666666666","0.7777777777777778"
"7x7-p96","7x7-p96-seeded-random","seeded-random","23","0.25","16","0.8541666666666666","1","0","0.9007747946428811","0.25","0.1527777777777778","0.8888888888888888"
"7x7-p96","7x7-p96-seeded-random","seeded-random","23","0.5","32","0.7395833333333334","4","1","0.8680423562500169","0.3333333333333333","0.18055555555555555","0.8888888888888888"
"7x7-p96","7x7-p96-seeded-random","seeded-random","23","0.75","48","0.6805555555555556","7","1","0.8481973151785931","0.25","0.16666666666666669","0.7777777777777778"
"7x7-p96","7x7-p96-seeded-random","seeded-random","23","0.9","58","0.6494252873563219","10","3","0.9007747946428811","0.25","0.1527777777777778","0.8888888888888888"
"7x7-p96","7x7-p96-seeded-random","seeded-random","24","0.25","16","0.6875","0","0","0.7430423562500168","0.3333333333333333","0.2222222222222222","0.6666666666666666"
"7x7-p96","7x7-p96-seeded-random","seeded-random","24","0.5","32","0.6666666666666666","0","1","0.7430423562500168","0.3333333333333333","0.22222222222222224","0.6666666666666666"
"7x7-p96","7x7-p96-seeded-random","seeded-random","24","0.75","48","0.6666666666666666","2","3","0.848197315178593","0.25","0.16666666666666669","0.7777777777777778"
"7x7-p96","7x7-p96-seeded-random","seeded-random","24","0.9","58","0.6264367816091954","4","5","0.9007747946428811","0.25","0.1527777777777778","0.8888888888888888"
"7x7-p96","7x7-p96-seeded-random","seeded-random","25","0.25","16","0.7083333333333334","0","0","0.598197315178593","0.5","0.33333333333333326","0.5555555555555556"
"7x7-p96","7x7-p96-seeded-random","seeded-random","25","0.5","32","0.6666666666666666","0","1","0.9007747946428811","0.25","0.1527777777777778","0.8888888888888888"
"7x7-p96","7x7-p96-seeded-random","seeded-random","25","0.75","48","0.6666666666666666","5","3","0.9206198357143047","0.16666666666666666","0.1388888888888889","0.8888888888888888"
"7x7-p96","7x7-p96-seeded-random","seeded-random","25","0.9","58","0.6609195402298851","8","3","0.920619835714305","0.16666666666666666","0.1388888888888889","0.8888888888888888"
"7x7-p96","7x7-p96-seeded-random","seeded-random","26","0.25","16","0.75","0","0","0.8481973151785931","0.25","0.16666666666666669","0.7777777777777778"
"7x7-p96","7x7-p96-seeded-random","seeded-random","26","0.5","32","0.6354166666666666","1","1","0.7956198357143048","0.25","0.18055555555555552","0.6666666666666666"
"7x7-p96","7x7-p96-seeded-random","seeded-random","26","0.75","48","0.625","2","3","0.8680423562500167","0.16666666666666666","0.1527777777777778","0.7777777777777778"
"7x7-p96","7x7-p96-seeded-random","seeded-random","26","0.9","58","0.6149425287356322","4","6","0.8481973151785929","0.25","0.16666666666666669","0.7777777777777778"
"7x7-p96","7x7-p96-seeded-random","seeded-random","27","0.25","16","0.7708333333333334","0","0","0.8283522741071693","0.25","0.18055555555555555","0.7777777777777778"
"7x7-p96","7x7-p96-seeded-random","seeded-random","27","0.5","32","0.6458333333333334","2","2","0.8283522741071693","0.25","0.18055555555555558","0.7777777777777778"
"7x7-p96","7x7-p96-seeded-random","seeded-random","27","0.75","48","0.6388888888888888","4","3","0.7956198357143048","0.25","0.18055555555555555","0.6666666666666666"
"7x7-p96","7x7-p96-seeded-random","seeded-random","27","0.9","58","0.6091954022988506","8","6","0.8154648767857287","0.3333333333333333","0.19444444444444448","0.7777777777777778"
"7x7-p96","7x7-p96-seeded-random","seeded-random","28","0.25","16","0.7083333333333334","0","0","0.8283522741071693","0.25","0.18055555555555555","0.7777777777777778"
"7x7-p96","7x7-p96-seeded-random","seeded-random","28","0.5","32","0.6979166666666666","1","1","0.6904648767857287","0.3333333333333333","0.2361111111111111","0.5555555555555556"
"7x7-p96","7x7-p96-seeded-random","seeded-random","28","0.75","48","0.6388888888888888","3","3","0.6051549589285762","0.3333333333333333","0.2777777777777778","0.4444444444444444"
"7x7-p96","7x7-p96-seeded-random","seeded-random","28","0.9","58","0.6206896551724138","6","4","0.6904648767857287","0.3333333333333333","0.2361111111111111","0.5555555555555556"
"7x7-p96","7x7-p96-seeded-random","seeded-random","29","0.25","16","0.8125","0","0","0.8154648767857287","0.3333333333333333","0.19444444444444445","0.7777777777777778"
"7x7-p96","7x7-p96-seeded-random","seeded-random","29","0.5","32","0.6979166666666666","1","1","0.8481973151785931","0.25","0.16666666666666669","0.7777777777777778"
"7x7-p96","7x7-p96-seeded-random","seeded-random","29","0.75","48","0.6527777777777778","3","4","0.7430423562500169","0.3333333333333333","0.22222222222222224","0.6666666666666666"
"7x7-p96","7x7-p96-seeded-random","seeded-random","29","0.9","58","0.6206896551724138","3","6","0.8680423562500169","0.3333333333333333","0.18055555555555558","0.8888888888888888"
"7x7-p96","7x7-p96-seeded-random","seeded-random","30","0.25","16","0.625","0","1","0.7628873973214406","0.3333333333333333","0.20833333333333337","0.6666666666666666"
"7x7-p96","7x7-p96-seeded-random","seeded-random","30","0.5","32","0.6145833333333334","2","1","0.7757747946428812","0.25","0.19444444444444445","0.6666666666666666"
"7x7-p96","7x7-p96-seeded-random","seeded-random","30","0.75","48","0.5694444444444444","3","6","0.7628873973214406","0.3333333333333333","0.20833333333333334","0.6666666666666666"
"7x7-p96","7x7-p96-seeded-random","seeded-random","30","0.9","58","0.5689655172413793","4","8","0.8680423562500167","0.16666666666666666","0.1527777777777778","0.7777777777777778"
"7x7-p96","7x7-p96-seeded-random","seeded-random","31","0.25","16","0.6666666666666666","2","0","0.7628873973214406","0.3333333333333333","0.20833333333333337","0.6666666666666666"
"7x7-p96","7x7-p96-seeded-random","seeded-random","31","0.5","32","0.6145833333333334","4","0","0.8283522741071693","0.25","0.18055555555555558","0.7777777777777778"
"7x7-p96","7x7-p96-seeded-random","seeded-random","31","0.75","48","0.6111111111111112","7","4","0.8154648767857289","0.3333333333333333","0.19444444444444445","0.7777777777777778"
"7x7-p96","7x7-p96-seeded-random","seeded-random","31","0.9","58","0.5919540229885057","9","6","0.7757747946428812","0.25","0.19444444444444445","0.6666666666666666"
"7x7-p96","7x7-p96-seeded-random","seeded-random","32","0.25","16","0.8125","0","0","0.670619835714305","0.3333333333333333","0.25","0.5555555555555556"
"7x7-p96","7x7-p96-seeded-random","seeded-random","32","0.5","32","0.7291666666666666","2","1","0.9007747946428811","0.25","0.1527777777777778","0.8888888888888888"
"7x7-p96","7x7-p96-seeded-random","seeded-random","32","0.75","48","0.6805555555555556","6","3","0.8154648767857289","0.3333333333333333","0.19444444444444448","0.7777777777777778"
"7x7-p96","7x7-p96-seeded-random","seeded-random","32","0.9","58","0.6666666666666666","10","5","0.8283522741071693","0.25","0.18055555555555558","0.7777777777777778"
"7x7-p96","7x7-p96-seeded-random","seeded-random","33","0.25","16","0.7916666666666666","0","0","0.7205719778266463","0.4166666666666667","0.25","0.6666666666666666"
"7x7-p96","7x7-p96-seeded-random","seeded-random","33","0.5","32","0.6770833333333334","0","0","0.8154648767857287","0.3333333333333333","0.19444444444444445","0.7777777777777778"
"7x7-p96","7x7-p96-seeded-random","seeded-random","33","0.75","48","0.6111111111111112","0","3","0.6679944983623582","0.4166666666666667","0.2638888888888889","0.5555555555555556"
"7x7-p96","7x7-p96-seeded-random","seeded-random","33","0.9","58","0.5747126436781609","2","5","0.920619835714305","0.16666666666666666","0.1388888888888889","0.8888888888888888"
"7x7-p96","7x7-p96-seeded-random","seeded-random","34","0.25","16","0.7916666666666666","1","0","0.7628873973214406","0.3333333333333333","0.20833333333333334","0.6666666666666666"
"7x7-p96","7x7-p96-seeded-random","seeded-random","34","0.5","32","0.6770833333333334","4","0","0.775774794642881","0.25","0.19444444444444442","0.6666666666666666"
"7x7-p96","7x7-p96-seeded-random","seeded-random","34","0.75","48","0.6041666666666666","5","2","0.7757747946428812","0.25","0.19444444444444445","0.6666666666666666"
"7x7-p96","7x7-p96-seeded-random","seeded-random","34","0.9","58","0.5862068965517241","9","9","0.7757747946428812","0.25","0.19444444444444445","0.6666666666666666"
"7x7-p96","7x7-p96-seeded-random","seeded-random","35","0.25","16","0.7916666666666666","0","0","0.8481973151785929","0.25","0.16666666666666669","0.7777777777777778"
"7x7-p96","7x7-p96-seeded-random","seeded-random","35","0.5","32","0.7291666666666666","2","0","0.8154648767857287","0.3333333333333333","0.19444444444444442","0.7777777777777778"
"7x7-p96","7x7-p96-seeded-random","seeded-random","35","0.75","48","0.6527777777777778","3","3","0.8481973151785929","0.25","0.16666666666666669","0.7777777777777778"
"7x7-p96","7x7-p96-seeded-random","seeded-random","35","0.9","58","0.632183908045977","4","4","0.6904648767857287","0.3333333333333333","0.2361111111111111","0.5555555555555556"
"7x7-p96","7x7-p96-seeded-random","seeded-random","36","0.25","16","0.75","0","0","0.9007747946428811","0.25","0.1527777777777778","0.8888888888888888"
"7x7-p96","7x7-p96-seeded-random","seeded-random","36","0.5","32","0.6979166666666666","1","0","0.8481973151785931","0.25","0.16666666666666666","0.7777777777777778"
"7x7-p96","7x7-p96-seeded-random","seeded-random","36","0.75","48","0.6319444444444444","4","2","0.7430423562500168","0.3333333333333333","0.2222222222222222","0.6666666666666666"
"7x7-p96","7x7-p96-seeded-random","seeded-random","36","0.9","58","0.6206896551724138","5","3","0.8154648767857287","0.3333333333333333","0.19444444444444445","0.7777777777777778"
"7x7-p96","7x7-p96-seeded-random","seeded-random","37","0.25","16","0.75","0","0","0.8680423562500167","0.16666666666666666","0.1527777777777778","0.7777777777777778"
"7x7-p96","7x7-p96-seeded-random","seeded-random","37","0.5","32","0.6666666666666666","0","1","0.7956198357143048","0.25","0.18055555555555555","0.6666666666666666"
"7x7-p96","7x7-p96-seeded-random","seeded-random","37","0.75","48","0.625","5","5","0.920619835714305","0.16666666666666666","0.1388888888888889","0.8888888888888888"
"7x7-p96","7x7-p96-seeded-random","seeded-random","37","0.9","58","0.5919540229885057","7","8","0.8481973151785929","0.25","0.16666666666666669","0.7777777777777778"
"7x7-p96","7x7-p96-seeded-random","seeded-random","38","0.25","16","0.7083333333333334","0","0","0.7956198357143048","0.25","0.18055555555555552","0.6666666666666666"
"7x7-p96","7x7-p96-seeded-random","seeded-random","38","0.5","32","0.6666666666666666","1","1","0.8680423562500167","0.16666666666666666","0.1527777777777778","0.7777777777777778"
"7x7-p96","7x7-p96-seeded-random","seeded-random","38","0.75","48","0.625","3","4","0.920619835714305","0.16666666666666666","0.1388888888888889","0.8888888888888888"
"7x7-p96","7x7-p96-seeded-random","seeded-random","38","0.9","58","0.5977011494252874","6","10","0.7628873973214404","0.3333333333333333","0.20833333333333331","0.6666666666666666"
"7x7-p96","7x7-p96-seeded-random","seeded-random","39","0.25","16","0.75","1","1","0.8680423562500169","0.3333333333333333","0.18055555555555555","0.8888888888888888"
"7x7-p96","7x7-p96-seeded-random","seeded-random","39","0.5","32","0.7395833333333334","2","1","0.8481973151785931","0.25","0.16666666666666669","0.7777777777777778"
"7x7-p96","7x7-p96-seeded-random","seeded-random","39","0.75","48","0.6388888888888888","7","4","0.920619835714305","0.16666666666666666","0.1388888888888889","0.8888888888888888"
"7x7-p96","7x7-p96-seeded-random","seeded-random","39","0.9","58","0.6149425287356322","11","10","0.8154648767857287","0.3333333333333333","0.19444444444444445","0.7777777777777778"
"7x7-p96","7x7-p96-seeded-random","seeded-random","40","0.25","16","0.7291666666666666","0","1","0.8283522741071693","0.25","0.18055555555555555","0.7777777777777778"
"7x7-p96","7x7-p96-seeded-random","seeded-random","40","0.5","32","0.6979166666666666","2","2","0.6679944983623581","0.4166666666666667","0.2638888888888889","0.5555555555555556"
"7x7-p96","7x7-p96-seeded-random","seeded-random","40","0.75","48","0.6666666666666666","5","5","0.598197315178593","0.5","0.33333333333333326","0.5555555555555556"
"7x7-p96","7x7-p96-seeded-random","seeded-random","40","0.9","58","0.6609195402298851","7","8","0.8283522741071693","0.25","0.18055555555555558","0.7777777777777778"
"7x7-p96","7x7-p96-seeded-random","seeded-random","41","0.25","16","0.8541666666666666","0","0","0.8283522741071693","0.25","0.18055555555555555","0.7777777777777778"
"7x7-p96","7x7-p96-seeded-random","seeded-random","41","0.5","32","0.6875","1","2","0.920619835714305","0.16666666666666666","0.1388888888888889","0.8888888888888888"
"7x7-p96","7x7-p96-seeded-random","seeded-random","41","0.75","48","0.6388888888888888","4","2","0.8481973151785931","0.25","0.16666666666666669","0.7777777777777778"
"7x7-p96","7x7-p96-seeded-random","seeded-random","41","0.9","58","0.6264367816091954","5","4","0.8283522741071695","0.25","0.18055555555555558","0.7777777777777778"
"7x7-p96","7x7-p96-seeded-random","seeded-random","42","0.25","16","0.7916666666666666","0","0","0.7430423562500168","0.3333333333333333","0.2222222222222222","0.6666666666666666"
"7x7-p96","7x7-p96-seeded-random","seeded-random","42","0.5","32","0.7291666666666666","0","0","0.8680423562500169","0.3333333333333333","0.18055555555555555","0.8888888888888888"
"7x7-p96","7x7-p96-seeded-random","seeded-random","42","0.75","48","0.6736111111111112","6","2","0.8283522741071693","0.25","0.18055555555555555","0.7777777777777778"
"7x7-p96","7x7-p96-seeded-random","seeded-random","42","0.9","58","0.6551724137931034","6","2","0.6904648767857287","0.3333333333333333","0.2361111111111111","0.5555555555555556"
"7x7-p96","7x7-p96-seeded-random","seeded-random","43","0.25","16","0.7916666666666666","0","0","0.7757747946428812","0.25","0.19444444444444448","0.6666666666666666"
"7x7-p96","7x7-p96-seeded-random","seeded-random","43","0.5","32","0.71875","2","1","0.8481973151785931","0.25","0.16666666666666669","0.7777777777777778"
"7x7-p96","7x7-p96-seeded-random","seeded-random","43","0.75","48","0.6944444444444444","4","6","0.8283522741071693","0.25","0.18055555555555558","0.7777777777777778"
"7x7-p96","7x7-p96-seeded-random","seeded-random","43","0.9","58","0.6724137931034483","8","6","0.8154648767857289","0.3333333333333333","0.19444444444444445","0.7777777777777778"
"7x7-p96","7x7-p96-seeded-random","seeded-random","44","0.25","16","0.8125","0","0","0.7205719778266463","0.4166666666666667","0.25000000000000006","0.6666666666666666"
"7x7-p96","7x7-p96-seeded-random","seeded-random","44","0.5","32","0.6770833333333334","1","1","0.7757747946428812","0.25","0.19444444444444445","0.6666666666666666"
"7x7-p96","7x7-p96-seeded-random","seeded-random","44","0.75","48","0.6319444444444444","2","4","0.9007747946428811","0.25","0.1527777777777778","0.8888888888888888"
"7x7-p96","7x7-p96-seeded-random","seeded-random","44","0.9","58","0.603448275862069","2","6","0.8283522741071693","0.25","0.18055555555555558","0.7777777777777778"
"7x7-p96","7x7-p96-seeded-random","seeded-random","45","0.25","16","0.7708333333333334","0","1","0.775774794642881","0.25","0.19444444444444448","0.6666666666666666"
"7x7-p96","7x7-p96-seeded-random","seeded-random","45","0.5","32","0.6979166666666666","0","1","0.723197315178593","0.25","0.20833333333333331","0.5555555555555556"
"7x7-p96","7x7-p96-seeded-random","seeded-random","45","0.75","48","0.6388888888888888","4","2","0.8481973151785931","0.25","0.16666666666666669","0.7777777777777778"
"7x7-p96","7x7-p96-seeded-random","seeded-random","45","0.9","58","0.6149425287356322","6","6","0.8481973151785931","0.25","0.16666666666666666","0.7777777777777778"
"7x7-p96","7x7-p96-seeded-random","seeded-random","46","0.25","16","0.75","0","0","0.7757747946428811","0.25","0.19444444444444442","0.6666666666666666"
"7x7-p96","7x7-p96-seeded-random","seeded-random","46","0.5","32","0.6354166666666666","2","1","0.775774794642881","0.25","0.19444444444444448","0.6666666666666666"
"7x7-p96","7x7-p96-seeded-random","seeded-random","46","0.75","48","0.6458333333333334","4","4","0.9007747946428813","0.25","0.1527777777777778","0.8888888888888888"
"7x7-p96","7x7-p96-seeded-random","seeded-random","46","0.9","58","0.6149425287356322","5","6","0.8283522741071693","0.25","0.18055555555555558","0.7777777777777778"
"7x7-p96","7x7-p96-seeded-random","seeded-random","47","0.25","16","0.7708333333333334","2","0","0.7956198357143048","0.25","0.18055555555555555","0.6666666666666666"
"7x7-p96","7x7-p96-seeded-random","seeded-random","47","0.5","32","0.6354166666666666","3","1","0.9007747946428811","0.25","0.1527777777777778","0.8888888888888888"
"7x7-p96","7x7-p96-seeded-random","seeded-random","47","0.75","48","0.6041666666666666","5","4","0.8481973151785931","0.25","0.16666666666666666","0.7777777777777778"
"7x7-p96","7x7-p96-seeded-random","seeded-random","47","0.9","58","0.6091954022988506","8","4","0.9007747946428813","0.25","0.1527777777777778","0.8888888888888888"
"7x7-p96","7x7-p96-seeded-random","seeded-random","48","0.25","16","0.75","0","0","0.8283522741071695","0.25","0.18055555555555558","0.7777777777777778"
"7x7-p96","7x7-p96-seeded-random","seeded-random","48","0.5","32","0.7083333333333334","2","0","0.973197315178593","0.16666666666666666","0.125","1"
"7x7-p96","7x7-p96-seeded-random","seeded-random","48","0.75","48","0.6527777777777778","7","3","0.8283522741071693","0.25","0.18055555555555555","0.7777777777777778"
"7x7-p96","7x7-p96-seeded-random","seeded-random","48","0.9","58","0.6264367816091954","10","5","0.9007747946428811","0.25","0.1527777777777778","0.8888888888888888"
"7x7-p96","7x7-p96-seeded-random","seeded-random","49","0.25","16","0.75","0","1","0.8680423562500167","0.16666666666666666","0.15277777777777776","0.7777777777777778"
"7x7-p96","7x7-p96-seeded-random","seeded-random","49","0.5","32","0.6979166666666666","0","2","0.9206198357143047","0.16666666666666666","0.1388888888888889","0.8888888888888888"
"7x7-p96","7x7-p96-seeded-random","seeded-random","49","0.75","48","0.6666666666666666","1","5","0.920619835714305","0.16666666666666666","0.1388888888888889","0.8888888888888888"
"7x7-p96","7x7-p96-seeded-random","seeded-random","49","0.9","58","0.6264367816091954","2","8","0.920619835714305","0.16666666666666666","0.1388888888888889","0.8888888888888888"
"7x7-p96","7x7-p96-seeded-random","seeded-random","50","0.25","16","0.7708333333333334","0","0","0.7956198357143051","0.3333333333333333","0.20833333333333334","0.7777777777777778"
"7x7-p96","7x7-p96-seeded-random","seeded-random","50","0.5","32","0.6770833333333334","2","1","0.8481973151785931","0.25","0.16666666666666666","0.7777777777777778"
"7x7-p96","7x7-p96-seeded-random","seeded-random","50","0.75","48","0.6180555555555556","6","2","0.9007747946428813","0.25","0.1527777777777778","0.8888888888888888"
"7x7-p96","7x7-p96-seeded-random","seeded-random","50","0.9","58","0.632183908045977","8","4","0.6904648767857287","0.3333333333333333","0.2361111111111111","0.5555555555555556"
"7x7-p96","7x7-p96-seeded-random","seeded-random","51","0.25","16","0.8333333333333334","0","0","0.7430423562500168","0.3333333333333333","0.22222222222222224","0.6666666666666666"
"7x7-p96","7x7-p96-seeded-random","seeded-random","51","0.5","32","0.71875","2","0","0.6904648767857287","0.3333333333333333","0.2361111111111111","0.5555555555555556"
"7x7-p96","7x7-p96-seeded-random","seeded-random","51","0.75","48","0.6597222222222222","6","2","0.920619835714305","0.16666666666666666","0.1388888888888889","0.8888888888888888"
"7x7-p96","7x7-p96-seeded-random","seeded-random","51","0.9","58","0.6379310344827587","9","4","0.8481973151785931","0.25","0.16666666666666666","0.7777777777777778"
"7x7-p96","7x7-p96-seeded-random","seeded-random","52","0.25","16","0.7916666666666666","0","0","0.7430423562500168","0.3333333333333333","0.2222222222222222","0.6666666666666666"
"7x7-p96","7x7-p96-seeded-random","seeded-random","52","0.5","32","0.6770833333333334","2","0","0.8481973151785929","0.25","0.16666666666666666","0.7777777777777778"
"7x7-p96","7x7-p96-seeded-random","seeded-random","52","0.75","48","0.6597222222222222","5","2","0.8481973151785931","0.25","0.16666666666666669","0.7777777777777778"
"7x7-p96","7x7-p96-seeded-random","seeded-random","52","0.9","58","0.6264367816091954","7","4","0.7430423562500168","0.3333333333333333","0.22222222222222224","0.6666666666666666"
"7x7-p96","7x7-p96-seeded-random","seeded-random","53","0.25","16","0.7291666666666666","1","1","0.7430423562500168","0.3333333333333333","0.22222222222222224","0.6666666666666666"
"7x7-p96","7x7-p96-seeded-random","seeded-random","53","0.5","32","0.6666666666666666","1","2","0.7628873973214406","0.3333333333333333","0.20833333333333334","0.6666666666666666"
"7x7-p96","7x7-p96-seeded-random","seeded-random","53","0.75","48","0.6458333333333334","2","3","0.8481973151785931","0.25","0.16666666666666666","0.7777777777777778"
"7x7-p96","7x7-p96-seeded-random","seeded-random","53","0.9","58","0.6436781609195402","5","4","0.6577324383928642","0.3333333333333333","0.2638888888888889","0.5555555555555556"
"7x7-p96","7x7-p96-seeded-random","seeded-random","54","0.25","16","0.7916666666666666","1","0","0.8481973151785929","0.25","0.16666666666666666","0.7777777777777778"
"7x7-p96","7x7-p96-seeded-random","seeded-random","54","0.5","32","0.6875","1","0","0.920619835714305","0.16666666666666666","0.1388888888888889","0.8888888888888888"
"7x7-p96","7x7-p96-seeded-random","seeded-random","54","0.75","48","0.6319444444444444","4","5","0.7007269367552227","0.4166666666666667","0.26388888888888884","0.6666666666666666"
"7x7-p96","7x7-p96-seeded-random","seeded-random","54","0.9","58","0.6379310344827587","8","6","0.8680423562500169","0.3333333333333333","0.18055555555555555","0.8888888888888888"
"7x7-p96","7x7-p96-seeded-random","seeded-random","55","0.25","16","0.8333333333333334","0","0","0.7731494572909345","0.4166666666666667","0.23611111111111116","0.7777777777777778"
"7x7-p96","7x7-p96-seeded-random","seeded-random","55","0.5","32","0.6875","1","0","0.7757747946428812","0.25","0.19444444444444445","0.6666666666666666"
"7x7-p96","7x7-p96-seeded-random","seeded-random","55","0.75","48","0.5972222222222222","4","4","0.8481973151785931","0.25","0.16666666666666666","0.7777777777777778"
"7x7-p96","7x7-p96-seeded-random","seeded-random","55","0.9","58","0.5689655172413793","4","8","0.8283522741071695","0.25","0.18055555555555558","0.7777777777777778"
"7x7-p96","7x7-p96-seeded-random","seeded-random","56","0.25","16","0.7916666666666666","0","0","0.8481973151785931","0.25","0.16666666666666669","0.7777777777777778"
"7x7-p96","7x7-p96-seeded-random","seeded-random","56","0.5","32","0.6666666666666666","2","0","0.8481973151785931","0.25","0.16666666666666666","0.7777777777777778"
"7x7-p96","7x7-p96-seeded-random","seeded-random","56","0.75","48","0.625","5","5","0.7628873973214406","0.3333333333333333","0.20833333333333334","0.6666666666666666"
"7x7-p96","7x7-p96-seeded-random","seeded-random","56","0.9","58","0.5977011494252874","5","8","0.9007747946428813","0.25","0.1527777777777778","0.8888888888888888"
"7x7-p96","7x7-p96-seeded-random","seeded-random","57","0.25","16","0.7083333333333334","0","0","0.8154648767857289","0.3333333333333333","0.19444444444444445","0.7777777777777778"
"7x7-p96","7x7-p96-seeded-random","seeded-random","57","0.5","32","0.6666666666666666","0","0","0.920619835714305","0.16666666666666666","0.1388888888888889","0.8888888888888888"
"7x7-p96","7x7-p96-seeded-random","seeded-random","57","0.75","48","0.625","2","4","0.920619835714305","0.16666666666666666","0.1388888888888889","0.8888888888888888"
"7x7-p96","7x7-p96-seeded-random","seeded-random","57","0.9","58","0.5977011494252874","5","6","0.848197315178593","0.25","0.16666666666666669","0.7777777777777778"
"7x7-p96","7x7-p96-seeded-random","seeded-random","58","0.25","16","0.8333333333333334","1","0","0.7430423562500168","0.3333333333333333","0.2222222222222222","0.6666666666666666"
"7x7-p96","7x7-p96-seeded-random","seeded-random","58","0.5","32","0.6770833333333334","3","0","0.7033522741071692","0.25","0.22222222222222224","0.5555555555555556"
"7x7-p96","7x7-p96-seeded-random","seeded-random","58","0.75","48","0.625","4","2","0.8481973151785929","0.25","0.16666666666666669","0.7777777777777778"
"7x7-p96","7x7-p96-seeded-random","seeded-random","58","0.9","58","0.5919540229885057","6","6","0.8283522741071693","0.25","0.18055555555555555","0.7777777777777778"
"7x7-p96","7x7-p96-seeded-random","seeded-random","59","0.25","16","0.8541666666666666","0","0","0.6577324383928642","0.3333333333333333","0.26388888888888884","0.5555555555555556"
"7x7-p96","7x7-p96-seeded-random","seeded-random","59","0.5","32","0.75","4","0","0.9007747946428813","0.25","0.1527777777777778","0.8888888888888888"
"7x7-p96","7x7-p96-seeded-random","seeded-random","59","0.75","48","0.7013888888888888","6","3","0.973197315178593","0.16666666666666666","0.125","1"
"7x7-p96","7x7-p96-seeded-random","seeded-random","59","0.9","58","0.6954022988505747","8","3","0.8481973151785929","0.25","0.16666666666666669","0.7777777777777778"
"7x7-p96","7x7-p96-seeded-random","seeded-random","60","0.25","16","0.7916666666666666","0","0","0.8154648767857289","0.3333333333333333","0.19444444444444445","0.7777777777777778"
"7x7-p96","7x7-p96-seeded-random","seeded-random","60","0.5","32","0.71875","4","1","0.8283522741071695","0.25","0.18055555555555555","0.7777777777777778"
"7x7-p96","7x7-p96-seeded-random","seeded-random","60","0.75","48","0.6458333333333334","5","4","0.973197315178593","0.16666666666666666","0.125","1"
"7x7-p96","7x7-p96-seeded-random","seeded-random","60","0.9","58","0.5919540229885057","6","5","0.7430423562500169","0.3333333333333333","0.22222222222222224","0.6666666666666666"
"7x7-p96","7x7-p96-seeded-random","seeded-random","61","0.25","16","0.7083333333333334","1","0","0.9007747946428811","0.25","0.1527777777777778","0.8888888888888888"
"7x7-p96","7x7-p96-seeded-random","seeded-random","61","0.5","32","0.625","3","3","0.8283522741071695","0.25","0.18055555555555558","0.7777777777777778"
"7x7-p96","7x7-p96-seeded-random","seeded-random","61","0.75","48","0.5972222222222222","4","7","0.7231973151785932","0.5","0.2916666666666665","0.7777777777777778"
"7x7-p96","7x7-p96-seeded-random","seeded-random","61","0.9","58","0.5689655172413793","6","7","0.7430423562500168","0.3333333333333333","0.22222222222222224","0.6666666666666666"
"7x7-p96","7x7-p96-seeded-random","seeded-random","62","0.25","16","0.7916666666666666","1","0","0.7956198357143048","0.25","0.18055555555555555","0.6666666666666666"
"7x7-p96","7x7-p96-seeded-random","seeded-random","62","0.5","32","0.7395833333333334","2","1","0.7757747946428812","0.25","0.19444444444444445","0.6666666666666666"
"7x7-p96","7x7-p96-seeded-random","seeded-random","62","0.75","48","0.6666666666666666","5","4","0.8481973151785931","0.25","0.16666666666666669","0.7777777777777778"
"7x7-p96","7x7-p96-seeded-random","seeded-random","62","0.9","58","0.6436781609195402","7","4","0.8481973151785929","0.25","0.16666666666666666","0.7777777777777778"
"7x7-p96","7x7-p96-seeded-random","seeded-random","63","0.25","16","0.8333333333333334","0","0","0.9007747946428811","0.25","0.1527777777777778","0.8888888888888888"
"7x7-p96","7x7-p96-seeded-random","seeded-random","63","0.5","32","0.7083333333333334","4","1","0.9007747946428811","0.25","0.1527777777777778","0.8888888888888888"
"7x7-p96","7x7-p96-seeded-random","seeded-random","63","0.75","48","0.6736111111111112","7","3","0.8481973151785931","0.25","0.16666666666666669","0.7777777777777778"
"7x7-p96","7x7-p96-seeded-random","seeded-random","63","0.9","58","0.6609195402298851","9","4","0.7757747946428812","0.25","0.19444444444444448","0.6666666666666666"
"7x7-p96","7x7-p96-seeded-random","seeded-random","64","0.25","16","0.7083333333333334","0","0","0.7757747946428812","0.25","0.19444444444444445","0.6666666666666666"
"7x7-p96","7x7-p96-seeded-random","seeded-random","64","0.5","32","0.65625","1","0","0.7956198357143048","0.25","0.18055555555555552","0.6666666666666666"
"7x7-p96","7x7-p96-seeded-random","seeded-random","64","0.75","48","0.625","2","1","0.8481973151785931","0.25","0.16666666666666666","0.7777777777777778"
"7x7-p96","7x7-p96-seeded-random","seeded-random","64","0.9","58","0.6149425287356322","5","4","0.8481973151785929","0.25","0.16666666666666669","0.7777777777777778"
"7x7-p96","7x7-p96-seeded-random","seeded-random","65","0.25","16","0.7083333333333334","0","0","0.7757747946428812","0.25","0.19444444444444445","0.6666666666666666"
"7x7-p96","7x7-p96-seeded-random","seeded-random","65","0.5","32","0.6875","2","2","0.8481973151785929","0.25","0.16666666666666669","0.7777777777777778"
"7x7-p96","7x7-p96-seeded-random","seeded-random","65","0.75","48","0.6319444444444444","5","3","0.9206198357143047","0.16666666666666666","0.1388888888888889","0.8888888888888888"
"7x7-p96","7x7-p96-seeded-random","seeded-random","65","0.9","58","0.5977011494252874","6","7","0.8154648767857287","0.3333333333333333","0.19444444444444442","0.7777777777777778"
"7x7-p96","7x7-p96-seeded-random","seeded-random","66","0.25","16","0.75","1","0","0.8154648767857287","0.3333333333333333","0.19444444444444448","0.7777777777777778"
"7x7-p96","7x7-p96-seeded-random","seeded-random","66","0.5","32","0.7291666666666666","4","0","0.920619835714305","0.16666666666666666","0.1388888888888889","0.8888888888888888"
"7x7-p96","7x7-p96-seeded-random","seeded-random","66","0.75","48","0.6736111111111112","7","1","0.9007747946428813","0.25","0.1527777777777778","0.8888888888888888"
"7x7-p96","7x7-p96-seeded-random","seeded-random","66","0.9","58","0.6436781609195402","9","2","0.5853099178571524","0.3333333333333333","0.29166666666666663","0.4444444444444444"
"7x7-p96","7x7-p96-seeded-random","seeded-random","67","0.25","16","0.875","0","0","0.8283522741071693","0.25","0.18055555555555555","0.7777777777777778"
"7x7-p96","7x7-p96-seeded-random","seeded-random","67","0.5","32","0.7395833333333334","1","0","0.7430423562500168","0.3333333333333333","0.22222222222222224","0.6666666666666666"
"7x7-p96","7x7-p96-seeded-random","seeded-random","67","0.75","48","0.6875","4","1","0.7430423562500168","0.3333333333333333","0.2222222222222222","0.6666666666666666"
"7x7-p96","7x7-p96-seeded-random","seeded-random","67","0.9","58","0.6379310344827587","6","3","0.6904648767857285","0.3333333333333333","0.2361111111111111","0.5555555555555556"
"7x7-p96","7x7-p96-seeded-random","seeded-random","68","0.25","16","0.6875","0","0","0.8154648767857287","0.3333333333333333","0.19444444444444445","0.7777777777777778"
"7x7-p96","7x7-p96-seeded-random","seeded-random","68","0.5","32","0.6875","1","2","0.8481973151785931","0.25","0.16666666666666669","0.7777777777777778"
"7x7-p96","7x7-p96-seeded-random","seeded-random","68","0.75","48","0.5972222222222222","5","6","0.8481973151785931","0.25","0.16666666666666666","0.7777777777777778"
"7x7-p96","7x7-p96-seeded-random","seeded-random","68","0.9","58","0.5632183908045977","7","7","0.973197315178593","0.16666666666666666","0.125","1"
"7x7-p96","7x7-p96-seeded-random","seeded-random","69","0.25","16","0.75","1","0","0.7205719778266463","0.4166666666666667","0.25","0.6666666666666666"
"7x7-p96","7x7-p96-seeded-random","seeded-random","69","0.5","32","0.6770833333333334","1","1","0.9206198357143047","0.16666666666666666","0.1388888888888889","0.8888888888888888"
"7x7-p96","7x7-p96-seeded-random","seeded-random","69","0.75","48","0.6319444444444444","3","2","0.6481494572909344","0.4166666666666667","0.2777777777777778","0.5555555555555556"
"7x7-p96","7x7-p96-seeded-random","seeded-random","69","0.9","58","0.6091954022988506","5","4","0.8283522741071695","0.25","0.18055555555555558","0.7777777777777778"
"7x7-p96","7x7-p96-seeded-random","seeded-random","70","0.25","16","0.75","0","0","0.8283522741071693","0.25","0.18055555555555555","0.7777777777777778"
"7x7-p96","7x7-p96-seeded-random","seeded-random","70","0.5","32","0.6979166666666666","2","2","0.7956198357143048","0.25","0.18055555555555555","0.6666666666666666"
"7x7-p96","7x7-p96-seeded-random","seeded-random","70","0.75","48","0.7083333333333334","4","4","0.8481973151785931","0.25","0.16666666666666669","0.7777777777777778"
"7x7-p96","7x7-p96-seeded-random","seeded-random","70","0.9","58","0.6724137931034483","8","7","0.7757747946428812","0.25","0.19444444444444445","0.6666666666666666"
"7x7-p96","7x7-p96-seeded-random","seeded-random","71","0.25","16","0.8125","0","0","0.8481973151785931","0.25","0.16666666666666669","0.7777777777777778"
"7x7-p96","7x7-p96-seeded-random","seeded-random","71","0.5","32","0.7083333333333334","6","1","0.8680423562500169","0.3333333333333333","0.18055555555555558","0.8888888888888888"
"7x7-p96","7x7-p96-seeded-random","seeded-random","71","0.75","48","0.6527777777777778","10","1","0.9007747946428813","0.25","0.1527777777777778","0.8888888888888888"
"7x7-p96","7x7-p96-seeded-random","seeded-random","71","0.9","58","0.6206896551724138","11","3","0.8680423562500167","0.16666666666666666","0.1527777777777778","0.7777777777777778"
"7x7-p96","7x7-p96-seeded-random","seeded-random","72","0.25","16","0.7916666666666666","0","0","0.775774794642881","0.25","0.19444444444444442","0.6666666666666666"
"7x7-p96","7x7-p96-seeded-random","seeded-random","72","0.5","32","0.625","1","1","0.9007747946428811","0.25","0.1527777777777778","0.8888888888888888"
"7x7-p96","7x7-p96-seeded-random","seeded-random","72","0.75","48","0.6041666666666666","2","3","0.7628873973214406","0.3333333333333333","0.20833333333333334","0.6666666666666666"
"7x7-p96","7x7-p96-seeded-random","seeded-random","72","0.9","58","0.5977011494252874","4","5","0.8481973151785929","0.25","0.16666666666666666","0.7777777777777778"
"7x7-p96","7x7-p96-seeded-random","seeded-random","73","0.25","16","0.8541666666666666","0","0","0.7956198357143048","0.25","0.18055555555555558","0.6666666666666666"
"7x7-p96","7x7-p96-seeded-random","seeded-random","73","0.5","32","0.7291666666666666","0","1","0.9731973151785932","0.16666666666666666","0.125","1"
"7x7-p96","7x7-p96-seeded-random","seeded-random","73","0.75","48","0.6527777777777778","2","3","0.8680423562500169","0.3333333333333333","0.18055555555555558","0.8888888888888888"
"7x7-p96","7x7-p96-seeded-random","seeded-random","73","0.9","58","0.6379310344827587","4","3","0.9007747946428813","0.25","0.1527777777777778","0.8888888888888888"
"7x7-p96","7x7-p96-seeded-random","seeded-random","74","0.25","16","0.8125","2","0","0.7628873973214405","0.3333333333333333","0.20833333333333331","0.6666666666666666"
"7x7-p96","7x7-p96-seeded-random","seeded-random","74","0.5","32","0.6875","3","3","0.9206198357143047","0.16666666666666666","0.1388888888888889","0.8888888888888888"
"7x7-p96","7x7-p96-seeded-random","seeded-random","74","0.75","48","0.6597222222222222","6","4","0.670619835714305","0.3333333333333333","0.25","0.5555555555555556"
"7x7-p96","7x7-p96-seeded-random","seeded-random","74","0.9","58","0.6264367816091954","8","6","0.920619835714305","0.16666666666666666","0.1388888888888889","0.8888888888888888"
"7x7-p96","7x7-p96-seeded-random","seeded-random","75","0.25","16","0.75","0","0","0.920619835714305","0.16666666666666666","0.1388888888888889","0.8888888888888888"
"7x7-p96","7x7-p96-seeded-random","seeded-random","75","0.5","32","0.6458333333333334","2","0","0.8809297535714575","0.25","0.16666666666666669","0.8888888888888888"
"7x7-p96","7x7-p96-seeded-random","seeded-random","75","0.75","48","0.6319444444444444","5","3","0.7956198357143048","0.25","0.18055555555555558","0.6666666666666666"
"7x7-p96","7x7-p96-seeded-random","seeded-random","75","0.9","58","0.603448275862069","9","6","0.9007747946428813","0.25","0.1527777777777778","0.8888888888888888"
"7x7-p96","7x7-p96-seeded-random","seeded-random","76","0.25","16","0.6875","0","1","0.8680423562500169","0.3333333333333333","0.18055555555555558","0.8888888888888888"
"7x7-p96","7x7-p96-seeded-random","seeded-random","76","0.5","32","0.6666666666666666","1","2","0.8481973151785931","0.25","0.16666666666666666","0.7777777777777778"
"7x7-p96","7x7-p96-seeded-random","seeded-random","76","0.75","48","0.6388888888888888","3","4","0.8283522741071693","0.25","0.18055555555555555","0.7777777777777778"
"7x7-p96","7x7-p96-seeded-random","seeded-random","76","0.9","58","0.6264367816091954","7","4","0.7956198357143051","0.3333333333333333","0.20833333333333334","0.7777777777777778"
"7x7-p96","7x7-p96-seeded-random","seeded-random","77","0.25","16","0.7083333333333334","0","0","0.8481973151785929","0.25","0.16666666666666666","0.7777777777777778"
"7x7-p96","7x7-p96-seeded-random","seeded-random","77","0.5","32","0.6354166666666666","5","1","0.8481973151785931","0.25","0.16666666666666669","0.7777777777777778"
"7x7-p96","7x7-p96-seeded-random","seeded-random","77","0.75","48","0.625","8","5","0.8154648767857287","0.3333333333333333","0.19444444444444442","0.7777777777777778"
"7x7-p96","7x7-p96-seeded-random","seeded-random","77","0.9","58","0.6149425287356322","8","8","0.8481973151785931","0.25","0.16666666666666669","0.7777777777777778"
"7x7-p96","7x7-p96-seeded-random","seeded-random","78","0.25","16","0.8958333333333334","0","0","0.7430423562500168","0.3333333333333333","0.2222222222222222","0.6666666666666666"
"7x7-p96","7x7-p96-seeded-random","seeded-random","78","0.5","32","0.7395833333333334","3","1","0.8481973151785931","0.25","0.16666666666666669","0.7777777777777778"
"7x7-p96","7x7-p96-seeded-random","seeded-random","78","0.75","48","0.6736111111111112","5","4","0.8283522741071693","0.25","0.18055555555555558","0.7777777777777778"
"7x7-p96","7x7-p96-seeded-random","seeded-random","78","0.9","58","0.6494252873563219","6","9","0.8680423562500167","0.16666666666666666","0.15277777777777776","0.7777777777777778"
"7x7-p96","7x7-p96-seeded-random","seeded-random","79","0.25","16","0.7708333333333334","1","0","0.7757747946428812","0.25","0.19444444444444448","0.6666666666666666"
"7x7-p96","7x7-p96-seeded-random","seeded-random","79","0.5","32","0.6770833333333334","1","0","0.9007747946428811","0.25","0.1527777777777778","0.8888888888888888"
"7x7-p96","7x7-p96-seeded-random","seeded-random","79","0.75","48","0.6597222222222222","4","3","0.9007747946428811","0.25","0.1527777777777778","0.8888888888888888"
"7x7-p96","7x7-p96-seeded-random","seeded-random","79","0.9","58","0.6436781609195402","10","4","0.8481973151785931","0.25","0.16666666666666669","0.7777777777777778"
"7x7-p96","7x7-p96-seeded-random","seeded-random","80","0.25","16","0.8125","1","0","0.7205719778266463","0.4166666666666667","0.25","0.6666666666666666"
"7x7-p96","7x7-p96-seeded-random","seeded-random","80","0.5","32","0.6145833333333334","3","1","0.9007747946428813","0.25","0.1527777777777778","0.8888888888888888"
"7x7-p96","7x7-p96-seeded-random","seeded-random","80","0.75","48","0.5833333333333334","4","2","0.8481973151785931","0.25","0.16666666666666669","0.7777777777777778"
"7x7-p96","7x7-p96-seeded-random","seeded-random","80","0.9","58","0.5919540229885057","7","2","0.8680423562500169","0.3333333333333333","0.18055555555555555","0.8888888888888888"
"7x7-p96","7x7-p96-seeded-random","seeded-random","81","0.25","16","0.7083333333333334","0","0","0.7103099178571524","0.3333333333333333","0.2222222222222222","0.5555555555555556"
"7x7-p96","7x7-p96-seeded-random","seeded-random","81","0.5","32","0.6770833333333334","3","1","0.8283522741071693","0.25","0.18055555555555555","0.7777777777777778"
"7x7-p96","7x7-p96-seeded-random","seeded-random","81","0.75","48","0.6180555555555556","5","3","0.920619835714305","0.16666666666666666","0.1388888888888889","0.8888888888888888"
"7x7-p96","7x7-p96-seeded-random","seeded-random","81","0.9","58","0.5919540229885057","7","4","0.6904648767857287","0.3333333333333333","0.23611111111111113","0.5555555555555556"
"7x7-p96","7x7-p96-seeded-random","seeded-random","82","0.25","16","0.7291666666666666","0","0","0.7956198357143051","0.3333333333333333","0.20833333333333334","0.7777777777777778"
"7x7-p96","7x7-p96-seeded-random","seeded-random","82","0.5","32","0.71875","3","0","0.7956198357143047","0.25","0.18055555555555558","0.6666666666666666"
"7x7-p96","7x7-p96-seeded-random","seeded-random","82","0.75","48","0.6805555555555556","5","2","0.920619835714305","0.16666666666666666","0.1388888888888889","0.8888888888888888"
"7x7-p96","7x7-p96-seeded-random","seeded-random","82","0.9","58","0.6609195402298851","7","3","0.8680423562500167","0.16666666666666666","0.15277777777777776","0.7777777777777778"
"7x7-p96","7x7-p96-seeded-random","seeded-random","83","0.25","16","0.875","1","0","0.9533522741071694","0.25","0.1388888888888889","1"
"7x7-p96","7x7-p96-seeded-random","seeded-random","83","0.5","32","0.7291666666666666","2","1","0.8481973151785931","0.25","0.16666666666666669","0.7777777777777778"
"7x7-p96","7x7-p96-seeded-random","seeded-random","83","0.75","48","0.6805555555555556","3","3","0.8154648767857287","0.3333333333333333","0.19444444444444445","0.7777777777777778"
"7x7-p96","7x7-p96-seeded-random","seeded-random","83","0.9","58","0.6149425287356322","6","6","0.7731494572909345","0.4166666666666667","0.23611111111111113","0.7777777777777778"
"7x7-p96","7x7-p96-seeded-random","seeded-random","84","0.25","16","0.7916666666666666","0","0","0.9007747946428811","0.25","0.1527777777777778","0.8888888888888888"
"7x7-p96","7x7-p96-seeded-random","seeded-random","84","0.5","32","0.6666666666666666","1","0","0.7757747946428812","0.25","0.19444444444444448","0.6666666666666666"
"7x7-p96","7x7-p96-seeded-random","seeded-random","84","0.75","48","0.6458333333333334","6","3","0.7033522741071694","0.25","0.22222222222222224","0.5555555555555556"
"7x7-p96","7x7-p96-seeded-random","seeded-random","84","0.9","58","0.6264367816091954","7","6","0.7205719778266463","0.4166666666666667","0.25","0.6666666666666666"
"7x7-p96","7x7-p96-seeded-random","seeded-random","85","0.25","16","0.6875","1","0","0.7559297535714574","0.25","0.20833333333333334","0.6666666666666666"
"7x7-p96","7x7-p96-seeded-random","seeded-random","85","0.5","32","0.6666666666666666","2","3","0.7757747946428811","0.25","0.19444444444444445","0.6666666666666666"
"7x7-p96","7x7-p96-seeded-random","seeded-random","85","0.75","48","0.625","4","4","0.775774794642881","0.25","0.19444444444444448","0.6666666666666666"
"7x7-p96","7x7-p96-seeded-random","seeded-random","85","0.9","58","0.6091954022988506","6","6","0.8283522741071693","0.25","0.18055555555555558","0.7777777777777778"
"7x7-p96","7x7-p96-seeded-random","seeded-random","86","0.25","16","0.7708333333333334","2","0","0.7430423562500168","0.3333333333333333","0.2222222222222222","0.6666666666666666"
"7x7-p96","7x7-p96-seeded-random","seeded-random","86","0.5","32","0.6770833333333334","2","1","0.7956198357143048","0.25","0.18055555555555558","0.6666666666666666"
"7x7-p96","7x7-p96-seeded-random","seeded-random","86","0.75","48","0.6458333333333334","3","2","0.7956198357143048","0.25","0.18055555555555555","0.6666666666666666"
"7x7-p96","7x7-p96-seeded-random","seeded-random","86","0.9","58","0.6149425287356322","4","4","0.9007747946428813","0.25","0.1527777777777778","0.8888888888888888"
"7x7-p96","7x7-p96-seeded-random","seeded-random","87","0.25","16","0.7291666666666666","1","0","0.8481973151785931","0.25","0.16666666666666669","0.7777777777777778"
"7x7-p96","7x7-p96-seeded-random","seeded-random","87","0.5","32","0.6979166666666666","1","0","0.7956198357143048","0.25","0.18055555555555558","0.6666666666666666"
"7x7-p96","7x7-p96-seeded-random","seeded-random","87","0.75","48","0.5902777777777778","4","3","0.9007747946428813","0.25","0.1527777777777778","0.8888888888888888"
"7x7-p96","7x7-p96-seeded-random","seeded-random","87","0.9","58","0.5804597701149425","7","5","0.9007747946428813","0.25","0.1527777777777778","0.8888888888888888"
"7x7-p96","7x7-p96-seeded-random","seeded-random","88","0.25","16","0.8125","0","0","0.7731494572909345","0.4166666666666667","0.23611111111111113","0.7777777777777778"
"7x7-p96","7x7-p96-seeded-random","seeded-random","88","0.5","32","0.6979166666666666","1","0","0.7956198357143048","0.25","0.18055555555555558","0.6666666666666666"
"7x7-p96","7x7-p96-seeded-random","seeded-random","88","0.75","48","0.6666666666666666","4","1","0.8680423562500169","0.3333333333333333","0.18055555555555558","0.8888888888888888"
"7x7-p96","7x7-p96-seeded-random","seeded-random","88","0.9","58","0.632183908045977","7","4","0.920619835714305","0.16666666666666666","0.1388888888888889","0.8888888888888888"
"7x7-p96","7x7-p96-seeded-random","seeded-random","89","0.25","16","0.7916666666666666","0","0","0.7430423562500168","0.3333333333333333","0.2222222222222222","0.6666666666666666"
"7x7-p96","7x7-p96-seeded-random","seeded-random","89","0.5","32","0.7604166666666666","1","2","0.8481973151785931","0.25","0.16666666666666666","0.7777777777777778"
"7x7-p96","7x7-p96-seeded-random","seeded-random","89","0.75","48","0.6736111111111112","5","2","0.7956198357143051","0.3333333333333333","0.20833333333333334","0.7777777777777778"
"7x7-p96","7x7-p96-seeded-random","seeded-random","89","0.9","58","0.6494252873563219","10","4","0.7757747946428812","0.25","0.19444444444444445","0.6666666666666666"
"7x7-p96","7x7-p96-seeded-random","seeded-random","90","0.25","16","0.7916666666666666","2","0","0.6904648767857287","0.3333333333333333","0.2361111111111111","0.5555555555555556"
"7x7-p96","7x7-p96-seeded-random","seeded-random","90","0.5","32","0.7708333333333334","4","2","0.920619835714305","0.16666666666666666","0.1388888888888889","0.8888888888888888"
"7x7-p96","7x7-p96-seeded-random","seeded-random","90","0.75","48","0.7083333333333334","7","2","0.7757747946428812","0.25","0.19444444444444445","0.6666666666666666"
"7x7-p96","7x7-p96-seeded-random","seeded-random","90","0.9","58","0.6839080459770115","9","4","0.9007747946428811","0.25","0.1527777777777778","0.8888888888888888"
"7x7-p96","7x7-p96-seeded-random","seeded-random","91","0.25","16","0.7708333333333334","0","0","0.7757747946428812","0.25","0.19444444444444445","0.6666666666666666"
"7x7-p96","7x7-p96-seeded-random","seeded-random","91","0.5","32","0.65625","1","2","0.7430423562500168","0.3333333333333333","0.2222222222222222","0.6666666666666666"
"7x7-p96","7x7-p96-seeded-random","seeded-random","91","0.75","48","0.6666666666666666","6","5","0.9206198357143047","0.16666666666666666","0.1388888888888889","0.8888888888888888"
"7x7-p96","7x7-p96-seeded-random","seeded-random","91","0.9","58","0.6494252873563219","9","7","0.920619835714305","0.16666666666666666","0.1388888888888889","0.8888888888888888"
"7x7-p96","7x7-p96-seeded-random","seeded-random","92","0.25","16","0.7708333333333334","0","0","0.7956198357143048","0.25","0.18055555555555558","0.6666666666666666"
"7x7-p96","7x7-p96-seeded-random","seeded-random","92","0.5","32","0.71875","2","2","0.8680423562500167","0.16666666666666666","0.15277777777777776","0.7777777777777778"
"7x7-p96","7x7-p96-seeded-random","seeded-random","92","0.75","48","0.6319444444444444","4","4","0.8481973151785931","0.25","0.16666666666666666","0.7777777777777778"
"7x7-p96","7x7-p96-seeded-random","seeded-random","92","0.9","58","0.5804597701149425","7","9","0.5955719778266463","0.4166666666666667","0.2916666666666667","0.4444444444444444"
"7x7-p96","7x7-p96-seeded-random","seeded-random","93","0.25","16","0.7916666666666666","0","0","0.8154648767857289","0.3333333333333333","0.19444444444444445","0.7777777777777778"
"7x7-p96","7x7-p96-seeded-random","seeded-random","93","0.5","32","0.71875","2","0","0.8481973151785931","0.25","0.16666666666666669","0.7777777777777778"
"7x7-p96","7x7-p96-seeded-random","seeded-random","93","0.75","48","0.6736111111111112","9","2","0.9007747946428813","0.25","0.1527777777777778","0.8888888888888888"
"7x7-p96","7x7-p96-seeded-random","seeded-random","93","0.9","58","0.6436781609195402","12","6","0.9007747946428811","0.25","0.1527777777777778","0.8888888888888888"
"7x7-p96","7x7-p96-seeded-random","seeded-random","94","0.25","16","0.75","1","0","0.8680423562500169","0.3333333333333333","0.18055555555555558","0.8888888888888888"
"7x7-p96","7x7-p96-seeded-random","seeded-random","94","0.5","32","0.6354166666666666","2","2","0.8481973151785931","0.25","0.16666666666666669","0.7777777777777778"
"7x7-p96","7x7-p96-seeded-random","seeded-random","94","0.75","48","0.6111111111111112","4","5","0.8680423562500167","0.16666666666666666","0.1527777777777778","0.7777777777777778"
"7x7-p96","7x7-p96-seeded-random","seeded-random","94","0.9","58","0.5977011494252874","7","5","0.973197315178593","0.16666666666666666","0.125","1"
"7x7-p96","7x7-p96-seeded-random","seeded-random","95","0.25","16","0.8125","0","0","0.9007747946428813","0.25","0.1527777777777778","0.8888888888888888"
"7x7-p96","7x7-p96-seeded-random","seeded-random","95","0.5","32","0.7708333333333334","2","1","0.8481973151785931","0.25","0.16666666666666669","0.7777777777777778"
"7x7-p96","7x7-p96-seeded-random","seeded-random","95","0.75","48","0.6597222222222222","5","3","0.9007747946428813","0.25","0.1527777777777778","0.8888888888888888"
"7x7-p96","7x7-p96-seeded-random","seeded-random","95","0.9","58","0.6264367816091954","10","6","0.8481973151785931","0.25","0.16666666666666669","0.7777777777777778"
"7x7-p96","7x7-p96-seeded-random","seeded-random","96","0.25","16","0.7291666666666666","1","0","0.7430423562500168","0.3333333333333333","0.2222222222222222","0.6666666666666666"
"7x7-p96","7x7-p96-seeded-random","seeded-random","96","0.5","32","0.6458333333333334","1","3","0.920619835714305","0.16666666666666666","0.1388888888888889","0.8888888888888888"
"7x7-p96","7x7-p96-seeded-random","seeded-random","96","0.75","48","0.5763888888888888","4","3","0.7956198357143048","0.25","0.18055555555555552","0.6666666666666666"
"7x7-p96","7x7-p96-seeded-random","seeded-random","96","0.9","58","0.5747126436781609","7","5","0.920619835714305","0.16666666666666666","0.1388888888888889","0.8888888888888888"
"7x7-p96","7x7-p96-seeded-random","seeded-random","97","0.25","16","0.75","0","1","0.973197315178593","0.16666666666666666","0.125","1"
"7x7-p96","7x7-p96-seeded-random","seeded-random","97","0.5","32","0.7083333333333334","3","1","0.920619835714305","0.16666666666666666","0.1388888888888889","0.8888888888888888"
"7x7-p96","7x7-p96-seeded-random","seeded-random","97","0.75","48","0.6111111111111112","4","2","0.973197315178593","0.16666666666666666","0.125","1"
"7x7-p96","7x7-p96-seeded-random","seeded-random","97","0.9","58","0.603448275862069","7","3","0.7430423562500168","0.3333333333333333","0.22222222222222224","0.6666666666666666"
"7x7-p96","7x7-p96-seeded-random","seeded-random","98","0.25","16","0.7291666666666666","0","0","0.9206198357143047","0.16666666666666666","0.1388888888888889","0.8888888888888888"
"7x7-p96","7x7-p96-seeded-random","seeded-random","98","0.5","32","0.6041666666666666","2","1","0.8481973151785931","0.25","0.16666666666666666","0.7777777777777778"
"7x7-p96","7x7-p96-seeded-random","seeded-random","98","0.75","48","0.5763888888888888","3","2","0.7033522741071694","0.25","0.22222222222222224","0.5555555555555556"
"7x7-p96","7x7-p96-seeded-random","seeded-random","98","0.9","58","0.5689655172413793","3","4","0.8154648767857289","0.3333333333333333","0.19444444444444445","0.7777777777777778"
"7x7-p96","7x7-p96-seeded-random","seeded-random","99","0.25","16","0.8125","0","0","0.9533522741071694","0.25","0.1388888888888889","1"
"7x7-p96","7x7-p96-seeded-random","seeded-random","99","0.5","32","0.7291666666666666","0","0","0.7956198357143048","0.25","0.18055555555555552","0.6666666666666666"
"7x7-p96","7x7-p96-seeded-random","seeded-random","99","0.75","48","0.6319444444444444","2","1","0.7956198357143047","0.25","0.18055555555555558","0.6666666666666666"
"7x7-p96","7x7-p96-seeded-random","seeded-random","99","0.9","58","0.5977011494252874","4","5","0.8481973151785929","0.25","0.16666666666666666","0.7777777777777778"
"7x7-p96","7x7-p96-seeded-random","seeded-random","100","0.25","16","0.6875","1","0","0.9007747946428811","0.25","0.1527777777777778","0.8888888888888888"
"7x7-p96","7x7-p96-seeded-random","seeded-random","100","0.5","32","0.6145833333333334","1","1","0.9007747946428811","0.25","0.1527777777777778","0.8888888888888888"
"7x7-p96","7x7-p96-seeded-random","seeded-random","100","0.75","48","0.6041666666666666","2","4","0.7956198357143048","0.25","0.18055555555555558","0.6666666666666666"
"7x7-p96","7x7-p96-seeded-random","seeded-random","100","0.9","58","0.5632183908045977","4","6","0.7430423562500168","0.3333333333333333","0.22222222222222224","0.6666666666666666"
"7x7-p96","7x7-p96-uct-0100","uct-0100","1","0.25","16","0.75","0","0","0.8154648767857287","0.3333333333333333","0.19444444444444445","0.7777777777777778"
"7x7-p96","7x7-p96-uct-0100","uct-0100","1","0.5","32","0.625","0","1","0.775774794642881","0.25","0.19444444444444442","0.6666666666666666"
"7x7-p96","7x7-p96-uct-0100","uct-0100","1","0.75","48","0.6111111111111112","1","5","0.8154648767857287","0.3333333333333333","0.19444444444444445","0.7777777777777778"
"7x7-p96","7x7-p96-uct-0100","uct-0100","1","0.9","58","0.5632183908045977","1","8","0.9007747946428813","0.25","0.1527777777777778","0.8888888888888888"
"7x7-p96","7x7-p96-uct-0100","uct-0100","2","0.25","16","0.8333333333333334","0","0","0.7956198357143051","0.3333333333333333","0.20833333333333334","0.7777777777777778"
"7x7-p96","7x7-p96-uct-0100","uct-0100","2","0.5","32","0.6979166666666666","0","1","0.7956198357143051","0.3333333333333333","0.20833333333333334","0.7777777777777778"
"7x7-p96","7x7-p96-uct-0100","uct-0100","2","0.75","48","0.6458333333333334","1","3","0.8283522741071693","0.25","0.18055555555555558","0.7777777777777778"
"7x7-p96","7x7-p96-uct-0100","uct-0100","2","0.9","58","0.6091954022988506","4","7","0.9007747946428813","0.25","0.1527777777777778","0.8888888888888888"
"7x7-p96","7x7-p96-uct-0100","uct-0100","3","0.25","16","0.75","1","0","0.7757747946428812","0.25","0.19444444444444445","0.6666666666666666"
"7x7-p96","7x7-p96-uct-0100","uct-0100","3","0.5","32","0.5729166666666666","1","3","0.8481973151785931","0.25","0.16666666666666666","0.7777777777777778"
"7x7-p96","7x7-p96-uct-0100","uct-0100","3","0.75","48","0.5902777777777778","4","8","0.8481973151785929","0.25","0.16666666666666666","0.7777777777777778"
"7x7-p96","7x7-p96-uct-0100","uct-0100","3","0.9","58","0.5632183908045977","5","14","0.9731973151785932","0.16666666666666666","0.125","1"
"7x7-p96","7x7-p96-uct-0100","uct-0100","4","0.25","16","0.7083333333333334","2","0","0.670619835714305","0.3333333333333333","0.25","0.5555555555555556"
"7x7-p96","7x7-p96-uct-0100","uct-0100","4","0.5","32","0.5729166666666666","2","2","0.8154648767857287","0.3333333333333333","0.19444444444444445","0.7777777777777778"
"7x7-p96","7x7-p96-uct-0100","uct-0100","4","0.75","48","0.5347222222222222","2","9","0.7757747946428812","0.25","0.19444444444444445","0.6666666666666666"
"7x7-p96","7x7-p96-uct-0100","uct-0100","4","0.9","58","0.5287356321839081","2","14","0.920619835714305","0.16666666666666666","0.1388888888888889","0.8888888888888888"
"7x7-p96","7x7-p96-uct-0100","uct-0100","5","0.25","16","0.7708333333333334","1","0","0.8283522741071693","0.25","0.18055555555555555","0.7777777777777778"
"7x7-p96","7x7-p96-uct-0100","uct-0100","5","0.5","32","0.6666666666666666","2","1","0.7007269367552227","0.4166666666666667","0.26388888888888884","0.6666666666666666"
"7x7-p96","7x7-p96-uct-0100","uct-0100","5","0.75","48","0.6180555555555556","3","7","0.920619835714305","0.16666666666666666","0.1388888888888889","0.8888888888888888"
"7x7-p96","7x7-p96-uct-0100","uct-0100","5","0.9","58","0.5747126436781609","4","10","0.7731494572909345","0.4166666666666667","0.23611111111111116","0.7777777777777778"
"7x7-p96","7x7-p96-uct-0100","uct-0100","6","0.25","16","0.75","0","1","0.8481973151785931","0.25","0.16666666666666669","0.7777777777777778"
"7x7-p96","7x7-p96-uct-0100","uct-0100","6","0.5","32","0.6354166666666666","0","2","0.8481973151785931","0.25","0.16666666666666669","0.7777777777777778"
"7x7-p96","7x7-p96-uct-0100","uct-0100","6","0.75","48","0.5833333333333334","2","7","0.8680423562500167","0.16666666666666666","0.15277777777777776","0.7777777777777778"
"7x7-p96","7x7-p96-uct-0100","uct-0100","6","0.9","58","0.5689655172413793","4","13","0.7731494572909345","0.4166666666666667","0.23611111111111116","0.7777777777777778"
"7x7-p96","7x7-p96-uct-0100","uct-0100","7","0.25","16","0.75","1","0","0.8283522741071695","0.25","0.18055555555555558","0.7777777777777778"
"7x7-p96","7x7-p96-uct-0100","uct-0100","7","0.5","32","0.625","2","1","0.6481494572909344","0.4166666666666667","0.27777777777777773","0.5555555555555556"
"7x7-p96","7x7-p96-uct-0100","uct-0100","7","0.75","48","0.5833333333333334","6","6","0.920619835714305","0.16666666666666666","0.1388888888888889","0.8888888888888888"
"7x7-p96","7x7-p96-uct-0100","uct-0100","7","0.9","58","0.5459770114942529","8","10","0.7956198357143048","0.25","0.18055555555555555","0.6666666666666666"
"7x7-p96","7x7-p96-uct-0100","uct-0100","8","0.25","16","0.6041666666666666","0","1","0.8154648767857287","0.3333333333333333","0.19444444444444442","0.7777777777777778"
"7x7-p96","7x7-p96-uct-0100","uct-0100","8","0.5","32","0.6145833333333334","0","2","0.8481973151785931","0.25","0.16666666666666669","0.7777777777777778"
"7x7-p96","7x7-p96-uct-0100","uct-0100","8","0.75","48","0.6111111111111112","4","8","0.9007747946428811","0.25","0.1527777777777778","0.8888888888888888"
"7x7-p96","7x7-p96-uct-0100","uct-0100","8","0.9","58","0.5459770114942529","5","14","0.7430423562500168","0.3333333333333333","0.2222222222222222","0.6666666666666666"
"7x7-p96","7x7-p96-uct-0100","uct-0100","9","0.25","16","0.7916666666666666","1","0","0.7430423562500169","0.3333333333333333","0.22222222222222224","0.6666666666666666"
"7x7-p96","7x7-p96-uct-0100","uct-0100","9","0.5","32","0.6875","2","1","0.920619835714305","0.16666666666666666","0.1388888888888889","0.8888888888888888"
"7x7-p96","7x7-p96-uct-0100","uct-0100","9","0.75","48","0.5972222222222222","4","9","0.7628873973214406","0.3333333333333333","0.20833333333333334","0.6666666666666666"
"7x7-p96","7x7-p96-uct-0100","uct-0100","9","0.9","58","0.5517241379310345","6","15","0.7430423562500168","0.3333333333333333","0.2222222222222222","0.6666666666666666"
"7x7-p96","7x7-p96-uct-0100","uct-0100","10","0.25","16","0.75","0","0","0.775774794642881","0.25","0.19444444444444445","0.6666666666666666"
"7x7-p96","7x7-p96-uct-0100","uct-0100","10","0.5","32","0.59375","0","2","0.6481494572909344","0.4166666666666667","0.27777777777777773","0.5555555555555556"
"7x7-p96","7x7-p96-uct-0100","uct-0100","10","0.75","48","0.6041666666666666","4","6","0.920619835714305","0.16666666666666666","0.1388888888888889","0.8888888888888888"
"7x7-p96","7x7-p96-uct-0100","uct-0100","10","0.9","58","0.5517241379310345","6","14","0.7430423562500168","0.3333333333333333","0.2222222222222222","0.6666666666666666"
"7x7-p96","7x7-p96-uct-0100","uct-0100","11","0.25","16","0.7291666666666666","0","1","0.9007747946428811","0.25","0.1527777777777778","0.8888888888888888"
"7x7-p96","7x7-p96-uct-0100","uct-0100","11","0.5","32","0.6666666666666666","1","2","0.8481973151785931","0.25","0.16666666666666669","0.7777777777777778"
"7x7-p96","7x7-p96-uct-0100","uct-0100","11","0.75","48","0.5833333333333334","1","6","0.7628873973214404","0.3333333333333333","0.20833333333333331","0.6666666666666666"
"7x7-p96","7x7-p96-uct-0100","uct-0100","11","0.9","58","0.5632183908045977","2","14","0.6679944983623582","0.4166666666666667","0.2638888888888889","0.5555555555555556"
"7x7-p96","7x7-p96-uct-0100","uct-0100","12","0.25","16","0.7708333333333334","0","1","0.9007747946428813","0.25","0.1527777777777778","0.8888888888888888"
"7x7-p96","7x7-p96-uct-0100","uct-0100","12","0.5","32","0.65625","1","1","0.670619835714305","0.3333333333333333","0.25","0.5555555555555556"
"7x7-p96","7x7-p96-uct-0100","uct-0100","12","0.75","48","0.6180555555555556","3","3","0.8283522741071693","0.25","0.18055555555555555","0.7777777777777778"
"7x7-p96","7x7-p96-uct-0100","uct-0100","12","0.9","58","0.5919540229885057","7","8","0.8283522741071693","0.25","0.18055555555555558","0.7777777777777778"
"7x7-p96","7x7-p96-uct-0100","uct-0100","13","0.25","16","0.8125","0","0","0.8481973151785929","0.25","0.16666666666666669","0.7777777777777778"
"7x7-p96","7x7-p96-uct-0100","uct-0100","13","0.5","32","0.65625","1","1","0.9007747946428811","0.25","0.1527777777777778","0.8888888888888888"
"7x7-p96","7x7-p96-uct-0100","uct-0100","13","0.75","48","0.5972222222222222","3","6","0.920619835714305","0.16666666666666666","0.1388888888888889","0.8888888888888888"
"7x7-p96","7x7-p96-uct-0100","uct-0100","13","0.9","58","0.5459770114942529","5","12","0.9007747946428813","0.25","0.1527777777777778","0.8888888888888888"
"7x7-p96","7x7-p96-uct-0100","uct-0100","14","0.25","16","0.7916666666666666","0","0","0.8680423562500167","0.16666666666666666","0.1527777777777778","0.7777777777777778"
"7x7-p96","7x7-p96-uct-0100","uct-0100","14","0.5","32","0.6458333333333334","2","4","0.8283522741071693","0.25","0.18055555555555555","0.7777777777777778"
"7x7-p96","7x7-p96-uct-0100","uct-0100","14","0.75","48","0.5902777777777778","2","9","0.8283522741071693","0.25","0.18055555555555558","0.7777777777777778"
"7x7-p96","7x7-p96-uct-0100","uct-0100","14","0.9","58","0.5402298850574713","2","12","0.7559297535714574","0.25","0.20833333333333334","0.6666666666666666"
"7x7-p96","7x7-p96-uct-0100","uct-0100","15","0.25","16","0.75","1","0","0.8283522741071693","0.25","0.18055555555555558","0.7777777777777778"
"7x7-p96","7x7-p96-uct-0100","uct-0100","15","0.5","32","0.6875","1","2","0.8481973151785931","0.25","0.16666666666666669","0.7777777777777778"
"7x7-p96","7x7-p96-uct-0100","uct-0100","15","0.75","48","0.6458333333333334","7","3","0.6904648767857287","0.3333333333333333","0.2361111111111111","0.5555555555555556"
"7x7-p96","7x7-p96-uct-0100","uct-0100","15","0.9","58","0.6149425287356322","7","9","0.9731973151785932","0.16666666666666666","0.125","1"
"7x7-p96","7x7-p96-uct-0100","uct-0100","16","0.25","16","0.6041666666666666","0","1","0.6904648767857287","0.3333333333333333","0.2361111111111111","0.5555555555555556"
"7x7-p96","7x7-p96-uct-0100","uct-0100","16","0.5","32","0.5104166666666666","1","3","0.8680423562500167","0.16666666666666666","0.1527777777777778","0.7777777777777778"
"7x7-p96","7x7-p96-uct-0100","uct-0100","16","0.75","48","0.5069444444444444","1","9","0.8680423562500167","0.16666666666666666","0.15277777777777776","0.7777777777777778"
"7x7-p96","7x7-p96-uct-0100","uct-0100","16","0.9","58","0.4827586206896552","1","18","0.9206198357143047","0.16666666666666666","0.1388888888888889","0.8888888888888888"
"7x7-p96","7x7-p96-uct-0100","uct-0100","17","0.25","16","0.7708333333333334","0","0","0.8154648767857287","0.3333333333333333","0.19444444444444448","0.7777777777777778"
"7x7-p96","7x7-p96-uct-0100","uct-0100","17","0.5","32","0.6666666666666666","1","2","0.7956198357143051","0.3333333333333333","0.20833333333333334","0.7777777777777778"
"7x7-p96","7x7-p96-uct-0100","uct-0100","17","0.75","48","0.6111111111111112","4","5","0.920619835714305","0.16666666666666666","0.1388888888888889","0.8888888888888888"
"7x7-p96","7x7-p96-uct-0100","uct-0100","17","0.9","58","0.5862068965517241","5","14","0.920619835714305","0.16666666666666666","0.1388888888888889","0.8888888888888888"
"7x7-p96","7x7-p96-uct-0100","uct-0100","18","0.25","16","0.7083333333333334","0","0","0.8154648767857289","0.3333333333333333","0.19444444444444445","0.7777777777777778"
"7x7-p96","7x7-p96-uct-0100","uct-0100","18","0.5","32","0.625","4","2","0.8481973151785931","0.25","0.16666666666666669","0.7777777777777778"
"7x7-p96","7x7-p96-uct-0100","uct-0100","18","0.75","48","0.5763888888888888","5","6","0.9007747946428813","0.25","0.1527777777777778","0.8888888888888888"
"7x7-p96","7x7-p96-uct-0100","uct-0100","18","0.9","58","0.5459770114942529","7","12","0.8283522741071693","0.25","0.18055555555555558","0.7777777777777778"
"7x7-p96","7x7-p96-uct-0100","uct-0100","19","0.25","16","0.7083333333333334","0","0","0.9731973151785932","0.16666666666666666","0.125","1"
"7x7-p96","7x7-p96-uct-0100","uct-0100","19","0.5","32","0.625","0","1","0.8154648767857289","0.3333333333333333","0.19444444444444445","0.7777777777777778"
"7x7-p96","7x7-p96-uct-0100","uct-0100","19","0.75","48","0.5763888888888888","2","5","0.8481973151785929","0.25","0.16666666666666666","0.7777777777777778"
"7x7-p96","7x7-p96-uct-0100","uct-0100","19","0.9","58","0.5459770114942529","4","16","0.8481973151785931","0.25","0.16666666666666669","0.7777777777777778"
"7x7-p96","7x7-p96-uct-0100","uct-0100","20","0.25","16","0.6458333333333334","0","0","0.9007747946428811","0.25","0.1527777777777778","0.8888888888888888"
"7x7-p96","7x7-p96-uct-0100","uct-0100","20","0.5","32","0.6041666666666666","1","0","0.8481973151785931","0.25","0.16666666666666669","0.7777777777777778"
"7x7-p96","7x7-p96-uct-0100","uct-0100","20","0.75","48","0.5694444444444444","3","4","0.9007747946428811","0.25","0.1527777777777778","0.8888888888888888"
"7x7-p96","7x7-p96-uct-0100","uct-0100","20","0.9","58","0.5402298850574713","4","8","0.6904648767857285","0.3333333333333333","0.23611111111111113","0.5555555555555556"
"7x7-p96","7x7-p96-uct-0100","uct-0100","21","0.25","16","0.8541666666666666","1","0","0.8481973151785931","0.25","0.16666666666666666","0.7777777777777778"
"7x7-p96","7x7-p96-uct-0100","uct-0100","21","0.5","32","0.6666666666666666","1","2","0.6577324383928642","0.3333333333333333","0.26388888888888884","0.5555555555555556"
"7x7-p96","7x7-p96-uct-0100","uct-0100","21","0.75","48","0.6458333333333334","2","6","0.8481973151785929","0.25","0.16666666666666666","0.7777777777777778"
"7x7-p96","7x7-p96-uct-0100","uct-0100","21","0.9","58","0.5977011494252874","5","12","0.8154648767857287","0.3333333333333333","0.19444444444444445","0.7777777777777778"
"7x7-p96","7x7-p96-uct-0100","uct-0100","22","0.25","16","0.6458333333333334","0","2","0.7628873973214406","0.3333333333333333","0.20833333333333334","0.6666666666666666"
"7x7-p96","7x7-p96-uct-0100","uct-0100","22","0.5","32","0.625","0","4","0.8809297535714575","0.25","0.16666666666666669","0.8888888888888888"
"7x7-p96","7x7-p96-uct-0100","uct-0100","22","0.75","48","0.5694444444444444","0","10","0.9731973151785932","0.16666666666666666","0.125","1"
"7x7-p96","7x7-p96-uct-0100","uct-0100","22","0.9","58","0.5402298850574713","3","18","0.8283522741071693","0.25","0.18055555555555555","0.7777777777777778"
"7x7-p96","7x7-p96-uct-0100","uct-0100","23","0.25","16","0.8333333333333334","0","0","0.6481494572909344","0.4166666666666667","0.27777777777777773","0.5555555555555556"
"7x7-p96","7x7-p96-uct-0100","uct-0100","23","0.5","32","0.6875","0","1","0.8154648767857289","0.3333333333333333","0.19444444444444445","0.7777777777777778"
"7x7-p96","7x7-p96-uct-0100","uct-0100","23","0.75","48","0.6388888888888888","1","5","0.8680423562500169","0.3333333333333333","0.18055555555555558","0.8888888888888888"
"7x7-p96","7x7-p96-uct-0100","uct-0100","23","0.9","58","0.5977011494252874","2","13","0.8481973151785929","0.25","0.16666666666666666","0.7777777777777778"
"7x7-p96","7x7-p96-uct-0100","uct-0100","24","0.25","16","0.7708333333333334","1","0","0.8283522741071693","0.25","0.18055555555555558","0.7777777777777778"
"7x7-p96","7x7-p96-uct-0100","uct-0100","24","0.5","32","0.65625","1","1","0.8481973151785929","0.25","0.16666666666666666","0.7777777777777778"
"7x7-p96","7x7-p96-uct-0100","uct-0100","24","0.75","48","0.6180555555555556","5","7","0.8680423562500169","0.3333333333333333","0.18055555555555555","0.8888888888888888"
"7x7-p96","7x7-p96-uct-0100","uct-0100","24","0.9","58","0.5804597701149425","8","13","0.920619835714305","0.16666666666666666","0.1388888888888889","0.8888888888888888"
"7x7-p96","7x7-p96-uct-0100","uct-0100","25","0.25","16","0.7291666666666666","0","0","0.8481973151785931","0.25","0.16666666666666666","0.7777777777777778"
"7x7-p96","7x7-p96-uct-0100","uct-0100","25","0.5","32","0.625","1","1","0.8680423562500169","0.3333333333333333","0.18055555555555558","0.8888888888888888"
"7x7-p96","7x7-p96-uct-0100","uct-0100","25","0.75","48","0.5902777777777778","3","3","0.8154648767857287","0.3333333333333333","0.19444444444444445","0.7777777777777778"
"7x7-p96","7x7-p96-uct-0100","uct-0100","25","0.9","58","0.5632183908045977","5","11","0.8481973151785931","0.25","0.16666666666666669","0.7777777777777778"
"7x7-p96","7x7-p96-uct-0100","uct-0100","26","0.25","16","0.7708333333333334","0","0","0.8680423562500167","0.16666666666666666","0.15277777777777776","0.7777777777777778"
"7x7-p96","7x7-p96-uct-0100","uct-0100","26","0.5","32","0.6666666666666666","3","0","0.9206198357143047","0.16666666666666666","0.1388888888888889","0.8888888888888888"
"7x7-p96","7x7-p96-uct-0100","uct-0100","26","0.75","48","0.5972222222222222","5","5","0.8481973151785931","0.25","0.16666666666666669","0.7777777777777778"
"7x7-p96","7x7-p96-uct-0100","uct-0100","26","0.9","58","0.5402298850574713","6","13","0.7033522741071694","0.25","0.22222222222222224","0.5555555555555556"
"7x7-p96","7x7-p96-uct-0100","uct-0100","27","0.25","16","0.7291666666666666","0","0","0.8680423562500169","0.3333333333333333","0.18055555555555555","0.8888888888888888"
"7x7-p96","7x7-p96-uct-0100","uct-0100","27","0.5","32","0.6666666666666666","0","0","0.8680423562500167","0.16666666666666666","0.15277777777777776","0.7777777777777778"
"7x7-p96","7x7-p96-uct-0100","uct-0100","27","0.75","48","0.5555555555555556","0","6","0.7757747946428812","0.25","0.19444444444444445","0.6666666666666666"
"7x7-p96","7x7-p96-uct-0100","uct-0100","27","0.9","58","0.5402298850574713","2","8","0.973197315178593","0.16666666666666666","0.125","1"
"7x7-p96","7x7-p96-uct-0100","uct-0100","28","0.25","16","0.7916666666666666","0","0","0.7430423562500168","0.3333333333333333","0.2222222222222222","0.6666666666666666"
"7x7-p96","7x7-p96-uct-0100","uct-0100","28","0.5","32","0.6875","1","2","0.8283522741071695","0.25","0.18055555555555558","0.7777777777777778"
"7x7-p96","7x7-p96-uct-0100","uct-0100","28","0.75","48","0.6388888888888888","1","4","0.6481494572909344","0.4166666666666667","0.2777777777777778","0.5555555555555556"
"7x7-p96","7x7-p96-uct-0100","uct-0100","28","0.9","58","0.5977011494252874","1","12","0.7956198357143048","0.25","0.18055555555555555","0.6666666666666666"
"7x7-p96","7x7-p96-uct-0100","uct-0100","29","0.25","16","0.7083333333333334","0","0","0.9007747946428811","0.25","0.1527777777777778","0.8888888888888888"
"7x7-p96","7x7-p96-uct-0100","uct-0100","29","0.5","32","0.6666666666666666","1","1","0.8680423562500167","0.16666666666666666","0.1527777777777778","0.7777777777777778"
"7x7-p96","7x7-p96-uct-0100","uct-0100","29","0.75","48","0.6041666666666666","3","7","0.8809297535714575","0.25","0.16666666666666669","0.8888888888888888"
"7x7-p96","7x7-p96-uct-0100","uct-0100","29","0.9","58","0.5862068965517241","5","11","0.8154648767857285","0.16666666666666666","0.16666666666666669","0.6666666666666666"
"7x7-p96","7x7-p96-uct-0100","uct-0100","30","0.25","16","0.8125","1","0","0.7757747946428812","0.25","0.19444444444444448","0.6666666666666666"
"7x7-p96","7x7-p96-uct-0100","uct-0100","30","0.5","32","0.6875","2","2","0.8283522741071695","0.25","0.18055555555555558","0.7777777777777778"
"7x7-p96","7x7-p96-uct-0100","uct-0100","30","0.75","48","0.5972222222222222","3","6","0.7430423562500168","0.3333333333333333","0.22222222222222224","0.6666666666666666"
"7x7-p96","7x7-p96-uct-0100","uct-0100","30","0.9","58","0.5862068965517241","4","9","0.9007747946428811","0.25","0.1527777777777778","0.8888888888888888"
"7x7-p96","7x7-p96-uct-0100","uct-0100","31","0.25","16","0.7916666666666666","0","0","0.723197315178593","0.25","0.20833333333333331","0.5555555555555556"
"7x7-p96","7x7-p96-uct-0100","uct-0100","31","0.5","32","0.6770833333333334","0","1","0.9007747946428811","0.25","0.1527777777777778","0.8888888888888888"
"7x7-p96","7x7-p96-uct-0100","uct-0100","31","0.75","48","0.5625","3","10","0.775774794642881","0.25","0.19444444444444445","0.6666666666666666"
"7x7-p96","7x7-p96-uct-0100","uct-0100","31","0.9","58","0.5517241379310345","5","15","0.7205719778266463","0.4166666666666667","0.25","0.6666666666666666"
"7x7-p96","7x7-p96-uct-0100","uct-0100","32","0.25","16","0.7916666666666666","2","0","0.8283522741071693","0.25","0.18055555555555555","0.7777777777777778"
"7x7-p96","7x7-p96-uct-0100","uct-0100","32","0.5","32","0.6979166666666666","4","2","0.8481973151785931","0.25","0.16666666666666666","0.7777777777777778"
"7x7-p96","7x7-p96-uct-0100","uct-0100","32","0.75","48","0.625","6","6","0.7430423562500169","0.3333333333333333","0.22222222222222224","0.6666666666666666"
"7x7-p96","7x7-p96-uct-0100","uct-0100","32","0.9","58","0.5632183908045977","8","13","0.8680423562500169","0.3333333333333333","0.18055555555555558","0.8888888888888888"
"7x7-p96","7x7-p96-uct-0100","uct-0100","33","0.25","16","0.8125","0","0","0.7731494572909345","0.4166666666666667","0.23611111111111116","0.7777777777777778"
"7x7-p96","7x7-p96-uct-0100","uct-0100","33","0.5","32","0.6666666666666666","0","0","0.7033522741071694","0.25","0.22222222222222224","0.5555555555555556"
"7x7-p96","7x7-p96-uct-0100","uct-0100","33","0.75","48","0.6388888888888888","3","6","0.920619835714305","0.16666666666666666","0.1388888888888889","0.8888888888888888"
"7x7-p96","7x7-p96-uct-0100","uct-0100","33","0.9","58","0.603448275862069","5","12","0.9007747946428813","0.25","0.1527777777777778","0.8888888888888888"
"7x7-p96","7x7-p96-uct-0100","uct-0100","34","0.25","16","0.8125","1","0","0.7956198357143051","0.3333333333333333","0.20833333333333334","0.7777777777777778"
"7x7-p96","7x7-p96-uct-0100","uct-0100","34","0.5","32","0.6666666666666666","1","1","0.9007747946428811","0.25","0.1527777777777778","0.8888888888888888"
"7x7-p96","7x7-p96-uct-0100","uct-0100","34","0.75","48","0.6041666666666666","4","4","0.9206198357143047","0.16666666666666666","0.1388888888888889","0.8888888888888888"
"7x7-p96","7x7-p96-uct-0100","uct-0100","34","0.9","58","0.5862068965517241","10","10","0.7430423562500168","0.3333333333333333","0.22222222222222224","0.6666666666666666"
"7x7-p96","7x7-p96-uct-0100","uct-0100","35","0.25","16","0.7291666666666666","0","1","0.7757747946428812","0.25","0.19444444444444445","0.6666666666666666"
"7x7-p96","7x7-p96-uct-0100","uct-0100","35","0.5","32","0.59375","2","2","0.775774794642881","0.25","0.19444444444444448","0.6666666666666666"
"7x7-p96","7x7-p96-uct-0100","uct-0100","35","0.75","48","0.5208333333333334","5","7","0.8283522741071693","0.25","0.18055555555555558","0.7777777777777778"
"7x7-p96","7x7-p96-uct-0100","uct-0100","35","0.9","58","0.5","6","13","0.920619835714305","0.16666666666666666","0.1388888888888889","0.8888888888888888"
"7x7-p96","7x7-p96-uct-0100","uct-0100","36","0.25","16","0.7083333333333334","0","1","0.7205719778266463","0.4166666666666667","0.25","0.6666666666666666"
"7x7-p96","7x7-p96-uct-0100","uct-0100","36","0.5","32","0.6666666666666666","1","2","0.7205719778266463","0.4166666666666667","0.25","0.6666666666666666"
"7x7-p96","7x7-p96-uct-0100","uct-0100","36","0.75","48","0.6111111111111112","5","6","0.8283522741071693","0.25","0.18055555555555558","0.7777777777777778"
"7x7-p96","7x7-p96-uct-0100","uct-0100","36","0.9","58","0.5517241379310345","7","11","0.8481973151785929","0.25","0.16666666666666666","0.7777777777777778"
"7x7-p96","7x7-p96-uct-0100","uct-0100","37","0.25","16","0.7916666666666666","0","0","0.7757747946428812","0.25","0.19444444444444445","0.6666666666666666"
"7x7-p96","7x7-p96-uct-0100","uct-0100","37","0.5","32","0.65625","0","2","0.7956198357143048","0.25","0.18055555555555555","0.6666666666666666"
"7x7-p96","7x7-p96-uct-0100","uct-0100","37","0.75","48","0.625","1","4","0.8481973151785931","0.25","0.16666666666666669","0.7777777777777778"
"7x7-p96","7x7-p96-uct-0100","uct-0100","37","0.9","58","0.5459770114942529","2","13","0.8481973151785931","0.25","0.16666666666666669","0.7777777777777778"
"7x7-p96","7x7-p96-uct-0100","uct-0100","38","0.25","16","0.8125","0","0","0.7559297535714574","0.25","0.20833333333333334","0.6666666666666666"
"7x7-p96","7x7-p96-uct-0100","uct-0100","38","0.5","32","0.71875","1","1","0.8481973151785929","0.25","0.16666666666666669","0.7777777777777778"
"7x7-p96","7x7-p96-uct-0100","uct-0100","38","0.75","48","0.5833333333333334","2","2","0.9007747946428813","0.25","0.1527777777777778","0.8888888888888888"
"7x7-p96","7x7-p96-uct-0100","uct-0100","38","0.9","58","0.5229885057471264","3","11","0.8283522741071693","0.25","0.18055555555555555","0.7777777777777778"
"7x7-p96","7x7-p96-uct-0100","uct-0100","39","0.25","16","0.8333333333333334","0","0","0.8481973151785931","0.25","0.16666666666666666","0.7777777777777778"
"7x7-p96","7x7-p96-uct-0100","uct-0100","39","0.5","32","0.6770833333333334","1","0","0.8680423562500167","0.16666666666666666","0.1527777777777778","0.7777777777777778"
"7x7-p96","7x7-p96-uct-0100","uct-0100","39","0.75","48","0.6041666666666666","3","7","0.9007747946428811","0.25","0.1527777777777778","0.8888888888888888"
"7x7-p96","7x7-p96-uct-0100","uct-0100","39","0.9","58","0.5862068965517241","4","10","0.8680423562500167","0.16666666666666666","0.1527777777777778","0.7777777777777778"
"7x7-p96","7x7-p96-uct-0100","uct-0100","40","0.25","16","0.6875","0","1","0.8680423562500167","0.16666666666666666","0.15277777777777776","0.7777777777777778"
"7x7-p96","7x7-p96-uct-0100","uct-0100","40","0.5","32","0.59375","0","3","0.8481973151785931","0.25","0.16666666666666669","0.7777777777777778"
"7x7-p96","7x7-p96-uct-0100","uct-0100","40","0.75","48","0.5833333333333334","2","6","0.8481973151785929","0.25","0.16666666666666666","0.7777777777777778"
"7x7-p96","7x7-p96-uct-0100","uct-0100","40","0.9","58","0.5517241379310345","4","11","0.8154648767857285","0.16666666666666666","0.16666666666666669","0.6666666666666666"
"7x7-p96","7x7-p96-uct-0100","uct-0100","41","0.25","16","0.8125","0","0","0.8481973151785931","0.25","0.16666666666666666","0.7777777777777778"
"7x7-p96","7x7-p96-uct-0100","uct-0100","41","0.5","32","0.6666666666666666","0","2","0.8283522741071693","0.25","0.18055555555555558","0.7777777777777778"
"7x7-p96","7x7-p96-uct-0100","uct-0100","41","0.75","48","0.5902777777777778","1","11","0.920619835714305","0.16666666666666666","0.1388888888888889","0.8888888888888888"
"7x7-p96","7x7-p96-uct-0100","uct-0100","41","0.9","58","0.5517241379310345","2","17","0.973197315178593","0.16666666666666666","0.125","1"
"7x7-p96","7x7-p96-uct-0100","uct-0100","42","0.25","16","0.8541666666666666","0","0","0.8154648767857289","0.3333333333333333","0.19444444444444445","0.7777777777777778"
"7x7-p96","7x7-p96-uct-0100","uct-0100","42","0.5","32","0.6979166666666666","3","3","0.8481973151785931","0.25","0.16666666666666666","0.7777777777777778"
"7x7-p96","7x7-p96-uct-0100","uct-0100","42","0.75","48","0.6319444444444444","6","5","0.7430423562500168","0.3333333333333333","0.22222222222222224","0.6666666666666666"
"7x7-p96","7x7-p96-uct-0100","uct-0100","42","0.9","58","0.6149425287356322","6","7","0.8481973151785931","0.25","0.16666666666666666","0.7777777777777778"
"7x7-p96","7x7-p96-uct-0100","uct-0100","43","0.25","16","0.8125","1","0","0.8154648767857289","0.3333333333333333","0.19444444444444445","0.7777777777777778"
"7x7-p96","7x7-p96-uct-0100","uct-0100","43","0.5","32","0.625","1","2","0.7430423562500168","0.3333333333333333","0.2222222222222222","0.6666666666666666"
"7x7-p96","7x7-p96-uct-0100","uct-0100","43","0.75","48","0.6111111111111112","4","5","0.6154170188980701","0.4166666666666667","0.3055555555555555","0.5555555555555556"
"7x7-p96","7x7-p96-uct-0100","uct-0100","43","0.9","58","0.5689655172413793","4","10","0.7956198357143048","0.25","0.18055555555555555","0.6666666666666666"
"7x7-p96","7x7-p96-uct-0100","uct-0100","44","0.25","16","0.6875","0","0","0.7956198357143048","0.25","0.18055555555555552","0.6666666666666666"
"7x7-p96","7x7-p96-uct-0100","uct-0100","44","0.5","32","0.65625","2","2","0.8481973151785931","0.25","0.16666666666666666","0.7777777777777778"
"7x7-p96","7x7-p96-uct-0100","uct-0100","44","0.75","48","0.6041666666666666","3","4","0.9731973151785932","0.16666666666666666","0.125","1"
"7x7-p96","7x7-p96-uct-0100","uct-0100","44","0.9","58","0.5517241379310345","4","8","0.8481973151785931","0.25","0.16666666666666666","0.7777777777777778"
"7x7-p96","7x7-p96-uct-0100","uct-0100","45","0.25","16","0.7916666666666666","0","0","0.7956198357143051","0.3333333333333333","0.20833333333333334","0.7777777777777778"
"7x7-p96","7x7-p96-uct-0100","uct-0100","45","0.5","32","0.6354166666666666","0","1","0.9007747946428811","0.25","0.1527777777777778","0.8888888888888888"
"7x7-p96","7x7-p96-uct-0100","uct-0100","45","0.75","48","0.5625","1","6","0.8481973151785931","0.25","0.16666666666666669","0.7777777777777778"
"7x7-p96","7x7-p96-uct-0100","uct-0100","45","0.9","58","0.5344827586206896","3","12","0.6679944983623582","0.4166666666666667","0.2638888888888889","0.5555555555555556"
"7x7-p96","7x7-p96-uct-0100","uct-0100","46","0.25","16","0.7916666666666666","1","0","0.7033522741071694","0.25","0.22222222222222224","0.5555555555555556"
"7x7-p96","7x7-p96-uct-0100","uct-0100","46","0.5","32","0.6979166666666666","2","1","0.8481973151785931","0.25","0.16666666666666669","0.7777777777777778"
"7x7-p96","7x7-p96-uct-0100","uct-0100","46","0.75","48","0.6111111111111112","2","7","0.7430423562500168","0.3333333333333333","0.22222222222222224","0.6666666666666666"
"7x7-p96","7x7-p96-uct-0100","uct-0100","46","0.9","58","0.5862068965517241","6","12","0.8481973151785931","0.25","0.16666666666666669","0.7777777777777778"
"7x7-p96","7x7-p96-uct-0100","uct-0100","47","0.25","16","0.7916666666666666","0","0","0.8283522741071695","0.25","0.18055555555555558","0.7777777777777778"
"7x7-p96","7x7-p96-uct-0100","uct-0100","47","0.5","32","0.6770833333333334","2","0","0.6904648767857287","0.3333333333333333","0.2361111111111111","0.5555555555555556"
"7x7-p96","7x7-p96-uct-0100","uct-0100","47","0.75","48","0.5902777777777778","5","5","0.920619835714305","0.16666666666666666","0.1388888888888889","0.8888888888888888"
"7x7-p96","7x7-p96-uct-0100","uct-0100","47","0.9","58","0.5574712643678161","6","12","0.7757747946428812","0.25","0.19444444444444445","0.6666666666666666"
"7x7-p96","7x7-p96-uct-0100","uct-0100","48","0.25","16","0.7916666666666666","1","0","0.7430423562500168","0.3333333333333333","0.2222222222222222","0.6666666666666666"
"7x7-p96","7x7-p96-uct-0100","uct-0100","48","0.5","32","0.6979166666666666","3","1","0.8154648767857287","0.3333333333333333","0.19444444444444448","0.7777777777777778"
"7x7-p96","7x7-p96-uct-0100","uct-0100","48","0.75","48","0.6388888888888888","6","3","0.7430423562500168","0.3333333333333333","0.2222222222222222","0.6666666666666666"
"7x7-p96","7x7-p96-uct-0100","uct-0100","48","0.9","58","0.6149425287356322","6","8","0.8481973151785931","0.25","0.16666666666666669","0.7777777777777778"
"7x7-p96","7x7-p96-uct-0100","uct-0100","49","0.25","16","0.875","1","0","0.7628873973214406","0.3333333333333333","0.20833333333333337","0.6666666666666666"
"7x7-p96","7x7-p96-uct-0100","uct-0100","49","0.5","32","0.7291666666666666","1","1","0.7430423562500168","0.3333333333333333","0.22222222222222224","0.6666666666666666"
"7x7-p96","7x7-p96-uct-0100","uct-0100","49","0.75","48","0.6388888888888888","2","5","0.7033522741071692","0.25","0.2222222222222222","0.5555555555555556"
"7x7-p96","7x7-p96-uct-0100","uct-0100","49","0.9","58","0.5804597701149425","2","10","0.723197315178593","0.25","0.20833333333333337","0.5555555555555556"
"7x7-p96","7x7-p96-uct-0100","uct-0100","50","0.25","16","0.8125","0","0","0.8809297535714575","0.25","0.16666666666666669","0.8888888888888888"
"7x7-p96","7x7-p96-uct-0100","uct-0100","50","0.5","32","0.7604166666666666","3","1","0.920619835714305","0.16666666666666666","0.1388888888888889","0.8888888888888888"
"7x7-p96","7x7-p96-uct-0100","uct-0100","50","0.75","48","0.6597222222222222","4","3","0.7956198357143048","0.25","0.18055555555555552","0.6666666666666666"
"7x7-p96","7x7-p96-uct-0100","uct-0100","50","0.9","58","0.6091954022988506","7","10","0.9731973151785932","0.16666666666666666","0.125","1"
"7x7-p96","7x7-p96-uct-0500","uct-0500","1","0.25","16","0.6458333333333334","0","1","0.6904648767857287","0.3333333333333333","0.2361111111111111","0.5555555555555556"
"7x7-p96","7x7-p96-uct-0500","uct-0500","1","0.5","32","0.5625","0","3","0.7430423562500168","0.3333333333333333","0.22222222222222224","0.6666666666666666"
"7x7-p96","7x7-p96-uct-0500","uct-0500","1","0.75","48","0.4791666666666667","0","16","0.9533522741071694","0.25","0.1388888888888889","1"
"7x7-p96","7x7-p96-uct-0500","uct-0500","1","0.9","58","0.4482758620689655","0","26","0.5955719778266463","0.4166666666666667","0.2916666666666667","0.4444444444444444"
"7x7-p96","7x7-p96-uct-0500","uct-0500","2","0.25","16","0.5833333333333334","0","1","0.7956198357143048","0.25","0.18055555555555558","0.6666666666666666"
"7x7-p96","7x7-p96-uct-0500","uct-0500","2","0.5","32","0.4895833333333333","0","2","0.7559297535714574","0.25","0.20833333333333334","0.6666666666666666"
"7x7-p96","7x7-p96-uct-0500","uct-0500","2","0.75","48","0.4652777777777778","0","13","0.9007747946428811","0.25","0.1527777777777778","0.8888888888888888"
"7x7-p96","7x7-p96-uct-0500","uct-0500","2","0.9","58","0.43103448275862066","1","27","0.8283522741071693","0.25","0.18055555555555558","0.7777777777777778"
"7x7-p96","7x7-p96-uct-0500","uct-0500","3","0.25","16","0.8125","0","0","0.8481973151785931","0.25","0.16666666666666669","0.7777777777777778"
"7x7-p96","7x7-p96-uct-0500","uct-0500","3","0.5","32","0.625","1","3","0.8481973151785931","0.25","0.16666666666666669","0.7777777777777778"
"7x7-p96","7x7-p96-uct-0500","uct-0500","3","0.75","48","0.5","4","14","0.8154648767857289","0.3333333333333333","0.19444444444444445","0.7777777777777778"
"7x7-p96","7x7-p96-uct-0500","uct-0500","3","0.9","58","0.46551724137931033","4","24","0.8481973151785931","0.25","0.16666666666666669","0.7777777777777778"
"7x7-p96","7x7-p96-uct-0500","uct-0500","4","0.25","16","0.6666666666666666","0","2","0.8154648767857289","0.3333333333333333","0.19444444444444448","0.7777777777777778"
"7x7-p96","7x7-p96-uct-0500","uct-0500","4","0.5","32","0.59375","0","4","0.7757747946428811","0.25","0.19444444444444448","0.6666666666666666"
"7x7-p96","7x7-p96-uct-0500","uct-0500","4","0.75","48","0.5555555555555556","1","12","0.7956198357143048","0.25","0.18055555555555558","0.6666666666666666"
"7x7-p96","7x7-p96-uct-0500","uct-0500","4","0.9","58","0.4942528735632184","3","21","0.9007747946428813","0.25","0.1527777777777778","0.8888888888888888"
"7x7-p96","7x7-p96-uct-0500","uct-0500","5","0.25","16","0.6458333333333334","0","1","0.7628873973214406","0.3333333333333333","0.20833333333333334","0.6666666666666666"
"7x7-p96","7x7-p96-uct-0500","uct-0500","5","0.5","32","0.5833333333333334","0","4","0.6481494572909344","0.4166666666666667","0.2777777777777778","0.5555555555555556"
"7x7-p96","7x7-p96-uct-0500","uct-0500","5","0.75","48","0.4930555555555556","2","16","0.775774794642881","0.25","0.19444444444444445","0.6666666666666666"
"7x7-p96","7x7-p96-uct-0500","uct-0500","5","0.9","58","0.46551724137931033","3","25","0.7757747946428812","0.25","0.19444444444444445","0.6666666666666666"
"7x7-p96","7x7-p96-uct-0500","uct-0500","6","0.25","16","0.7083333333333334","1","0","0.8481973151785929","0.25","0.16666666666666666","0.7777777777777778"
"7x7-p96","7x7-p96-uct-0500","uct-0500","6","0.5","32","0.5833333333333334","1","1","0.8481973151785931","0.25","0.16666666666666666","0.7777777777777778"
"7x7-p96","7x7-p96-uct-0500","uct-0500","6","0.75","48","0.5","1","13","0.7559297535714574","0.25","0.20833333333333334","0.6666666666666666"
"7x7-p96","7x7-p96-uct-0500","uct-0500","6","0.9","58","0.4482758620689655","2","24","0.6577324383928642","0.3333333333333333","0.26388888888888884","0.5555555555555556"
"7x7-p96","7x7-p96-uct-0500","uct-0500","7","0.25","16","0.6875","0","0","0.7205719778266465","0.4166666666666667","0.25","0.6666666666666666"
"7x7-p96","7x7-p96-uct-0500","uct-0500","7","0.5","32","0.5416666666666666","0","4","0.8154648767857289","0.3333333333333333","0.19444444444444445","0.7777777777777778"
"7x7-p96","7x7-p96-uct-0500","uct-0500","7","0.75","48","0.4861111111111111","0","17","0.9007747946428811","0.25","0.15277777777777776","0.8888888888888888"
"7x7-p96","7x7-p96-uct-0500","uct-0500","7","0.9","58","0.4885057471264368","2","22","0.7731494572909345","0.4166666666666667","0.23611111111111116","0.7777777777777778"
"7x7-p96","7x7-p96-uct-0500","uct-0500","8","0.25","16","0.75","0","0","0.7205719778266463","0.4166666666666667","0.25","0.6666666666666666"
"7x7-p96","7x7-p96-uct-0500","uct-0500","8","0.5","32","0.6145833333333334","1","3","0.6904648767857287","0.3333333333333333","0.2361111111111111","0.5555555555555556"
"7x7-p96","7x7-p96-uct-0500","uct-0500","8","0.75","48","0.5486111111111112","2","10","0.8283522741071693","0.25","0.18055555555555558","0.7777777777777778"
"7x7-p96","7x7-p96-uct-0500","uct-0500","8","0.9","58","0.4827586206896552","3","21","0.6481494572909344","0.4166666666666667","0.2777777777777778","0.5555555555555556"
"7x7-p96","7x7-p96-uct-0500","uct-0500","9","0.25","16","0.6666666666666666","0","1","0.7007269367552227","0.4166666666666667","0.26388888888888884","0.6666666666666666"
"7x7-p96","7x7-p96-uct-0500","uct-0500","9","0.5","32","0.53125","1","6","0.7628873973214406","0.3333333333333333","0.20833333333333334","0.6666666666666666"
"7x7-p96","7x7-p96-uct-0500","uct-0500","9","0.75","48","0.5","3","15","0.7033522741071694","0.25","0.22222222222222224","0.5555555555555556"
"7x7-p96","7x7-p96-uct-0500","uct-0500","9","0.9","58","0.46551724137931033","5","22","0.9007747946428811","0.25","0.1527777777777778","0.8888888888888888"
"7x7-p96","7x7-p96-uct-0500","uct-0500","10","0.25","16","0.6041666666666666","0","2","0.7956198357143047","0.25","0.18055555555555558","0.6666666666666666"
"7x7-p96","7x7-p96-uct-0500","uct-0500","10","0.5","32","0.5625","2","4","0.8283522741071693","0.25","0.18055555555555555","0.7777777777777778"
"7x7-p96","7x7-p96-uct-0500","uct-0500","10","0.75","48","0.5069444444444444","3","16","0.7757747946428812","0.25","0.19444444444444445","0.6666666666666666"
"7x7-p96","7x7-p96-uct-0500","uct-0500","10","0.9","58","0.4827586206896552","4","23","0.8481973151785929","0.25","0.16666666666666669","0.7777777777777778"
"7x7-p96","7x7-p96-uct-0500","uct-0500","11","0.25","16","0.6458333333333334","0","0","0.7757747946428812","0.25","0.19444444444444445","0.6666666666666666"
"7x7-p96","7x7-p96-uct-0500","uct-0500","11","0.5","32","0.6354166666666666","0","2","0.8481973151785931","0.25","0.16666666666666666","0.7777777777777778"
"7x7-p96","7x7-p96-uct-0500","uct-0500","11","0.75","48","0.5555555555555556","1","10","0.920619835714305","0.16666666666666666","0.1388888888888889","0.8888888888888888"
"7x7-p96","7x7-p96-uct-0500","uct-0500","11","0.9","58","0.5057471264367817","2","20","0.9731973151785932","0.16666666666666666","0.125","1"
"7x7-p96","7x7-p96-uct-0500","uct-0500","12","0.25","16","0.6875","0","0","0.7033522741071694","0.25","0.22222222222222224","0.5555555555555556"
"7x7-p96","7x7-p96-uct-0500","uct-0500","12","0.5","32","0.5520833333333334","0","3","0.920619835714305","0.16666666666666666","0.1388888888888889","0.8888888888888888"
"7x7-p96","7x7-p96-uct-0500","uct-0500","12","0.75","48","0.4791666666666667","3","12","0.7007269367552227","0.4166666666666667","0.2638888888888889","0.6666666666666666"
"7x7-p96","7x7-p96-uct-0500","uct-0500","12","0.9","58","0.4482758620689655","4","24","0.8481973151785931","0.25","0.16666666666666669","0.7777777777777778"
"7x7-p96","7x7-p96-uct-0500","uct-0500","13","0.25","16","0.75","0","0","0.8680423562500167","0.16666666666666666","0.15277777777777776","0.7777777777777778"
"7x7-p96","7x7-p96-uct-0500","uct-0500","13","0.5","32","0.6041666666666666","1","4","0.7757747946428812","0.25","0.19444444444444448","0.6666666666666666"
"7x7-p96","7x7-p96-uct-0500","uct-0500","13","0.75","48","0.4930555555555556","2","13","0.9007747946428813","0.25","0.1527777777777778","0.8888888888888888"
"7x7-p96","7x7-p96-uct-0500","uct-0500","13","0.9","58","0.43103448275862066","2","23","0.7956198357143051","0.3333333333333333","0.20833333333333334","0.7777777777777778"
"7x7-p96","7x7-p96-uct-0500","uct-0500","14","0.25","16","0.6875","1","0","0.8283522741071693","0.25","0.18055555555555555","0.7777777777777778"
"7x7-p96","7x7-p96-uct-0500","uct-0500","14","0.5","32","0.59375","2","3","0.920619835714305","0.16666666666666666","0.1388888888888889","0.8888888888888888"
"7x7-p96","7x7-p96-uct-0500","uct-0500","14","0.75","48","0.4861111111111111","5","14","0.723197315178593","0.25","0.20833333333333337","0.5555555555555556"
"7x7-p96","7x7-p96-uct-0500","uct-0500","14","0.9","58","0.4425287356321839","6","23","0.8283522741071695","0.25","0.18055555555555558","0.7777777777777778"
"7x7-p96","7x7-p96-uct-0500","uct-0500","15","0.25","16","0.8125","0","0","0.7956198357143048","0.25","0.18055555555555558","0.6666666666666666"
"7x7-p96","7x7-p96-uct-0500","uct-0500","15","0.5","32","0.6666666666666666","0","4","0.7430423562500169","0.3333333333333333","0.22222222222222224","0.6666666666666666"
"7x7-p96","7x7-p96-uct-0500","uct-0500","15","0.75","48","0.5972222222222222","4","10","0.8154648767857287","0.3333333333333333","0.19444444444444448","0.7777777777777778"
"7x7-p96","7x7-p96-uct-0500","uct-0500","15","0.9","58","0.5747126436781609","4","17","0.7628873973214406","0.3333333333333333","0.20833333333333337","0.6666666666666666"
"7x7-p96","7x7-p96-uct-0500","uct-0500","16","0.25","16","0.7083333333333334","0","0","0.920619835714305","0.16666666666666666","0.1388888888888889","0.8888888888888888"
"7x7-p96","7x7-p96-uct-0500","uct-0500","16","0.5","32","0.6041666666666666","0","4","0.9731973151785932","0.16666666666666666","0.125","1"
"7x7-p96","7x7-p96-uct-0500","uct-0500","16","0.75","48","0.5208333333333334","2","13","0.8481973151785931","0.25","0.16666666666666669","0.7777777777777778"
"7x7-p96","7x7-p96-uct-0500","uct-0500","16","0.9","58","0.47701149425287354","3","25","0.7430423562500168","0.3333333333333333","0.2222222222222222","0.6666666666666666"
"7x7-p96","7x7-p96-uct-0500","uct-0500","17","0.25","16","0.7083333333333334","0","0","0.8481973151785931","0.25","0.16666666666666666","0.7777777777777778"
"7x7-p96","7x7-p96-uct-0500","uct-0500","17","0.5","32","0.6041666666666666","1","3","0.8481973151785929","0.25","0.16666666666666666","0.7777777777777778"
"7x7-p96","7x7-p96-uct-0500","uct-0500","17","0.75","48","0.5","2","15","0.7757747946428812","0.25","0.19444444444444445","0.6666666666666666"
"7x7-p96","7x7-p96-uct-0500","uct-0500","17","0.9","58","0.47126436781609193","3","24","0.8481973151785929","0.25","0.16666666666666669","0.7777777777777778"
"7x7-p96","7x7-p96-uct-0500","uct-0500","18","0.25","16","0.6041666666666666","1","3","0.8283522741071693","0.25","0.18055555555555558","0.7777777777777778"
"7x7-p96","7x7-p96-uct-0500","uct-0500","18","0.5","32","0.5520833333333334","1","5","0.8154648767857289","0.3333333333333333","0.19444444444444445","0.7777777777777778"
"7x7-p96","7x7-p96-uct-0500","uct-0500","18","0.75","48","0.5","1","14","0.7559297535714574","0.25","0.20833333333333334","0.6666666666666666"
"7x7-p96","7x7-p96-uct-0500","uct-0500","18","0.9","58","0.4827586206896552","1","23","0.7007269367552227","0.4166666666666667","0.26388888888888884","0.6666666666666666"
"7x7-p96","7x7-p96-uct-0500","uct-0500","19","0.25","16","0.6666666666666666","1","1","0.8809297535714575","0.25","0.16666666666666669","0.8888888888888888"
"7x7-p96","7x7-p96-uct-0500","uct-0500","19","0.5","32","0.5833333333333334","2","2","0.6154170188980701","0.4166666666666667","0.3055555555555556","0.5555555555555556"
"7x7-p96","7x7-p96-uct-0500","uct-0500","19","0.75","48","0.5486111111111112","4","9","0.8481973151785931","0.25","0.16666666666666666","0.7777777777777778"
"7x7-p96","7x7-p96-uct-0500","uct-0500","19","0.9","58","0.5172413793103449","4","21","0.7430423562500169","0.3333333333333333","0.22222222222222224","0.6666666666666666"
"7x7-p96","7x7-p96-uct-0500","uct-0500","20","0.25","16","0.6875","0","1","0.8154648767857287","0.3333333333333333","0.19444444444444442","0.7777777777777778"
"7x7-p96","7x7-p96-uct-0500","uct-0500","20","0.5","32","0.6041666666666666","0","3","0.8481973151785931","0.25","0.16666666666666669","0.7777777777777778"
"7x7-p96","7x7-p96-uct-0500","uct-0500","20","0.75","48","0.5416666666666666","2","11","0.6904648767857285","0.3333333333333333","0.2361111111111111","0.5555555555555556"
"7x7-p96","7x7-p96-uct-0500","uct-0500","20","0.9","58","0.5057471264367817","4","20","0.8481973151785931","0.25","0.16666666666666666","0.7777777777777778"
"7x7-p96","7x7-p96-uct-0500","uct-0500","21","0.25","16","0.6666666666666666","0","0","0.7430423562500168","0.3333333333333333","0.22222222222222224","0.6666666666666666"
"7x7-p96","7x7-p96-uct-0500","uct-0500","21","0.5","32","0.53125","1","2","0.8154648767857287","0.3333333333333333","0.19444444444444448","0.7777777777777778"
"7x7-p96","7x7-p96-uct-0500","uct-0500","21","0.75","48","0.5277777777777778","4","11","0.7559297535714574","0.25","0.20833333333333334","0.6666666666666666"
"7x7-p96","7x7-p96-uct-0500","uct-0500","21","0.9","58","0.45977011494252873","4","19","0.8154648767857287","0.3333333333333333","0.19444444444444445","0.7777777777777778"
"7x7-p96","7x7-p96-uct-0500","uct-0500","22","0.25","16","0.7916666666666666","0","0","0.7430423562500169","0.3333333333333333","0.2222222222222222","0.6666666666666666"
"7x7-p96","7x7-p96-uct-0500","uct-0500","22","0.5","32","0.6458333333333334","1","2","0.9533522741071694","0.25","0.1388888888888889","1"
"7x7-p96","7x7-p96-uct-0500","uct-0500","22","0.75","48","0.5069444444444444","2","13","0.7757747946428812","0.25","0.19444444444444445","0.6666666666666666"
"7x7-p96","7x7-p96-uct-0500","uct-0500","22","0.9","58","0.47126436781609193","2","24","0.7956198357143051","0.3333333333333333","0.20833333333333334","0.7777777777777778"
"7x7-p96","7x7-p96-uct-0500","uct-0500","23","0.25","16","0.7291666666666666","0","0","0.8481973151785929","0.25","0.16666666666666666","0.7777777777777778"
"7x7-p96","7x7-p96-uct-0500","uct-0500","23","0.5","32","0.625","1","3","0.7757747946428811","0.25","0.19444444444444445","0.6666666666666666"
"7x7-p96","7x7-p96-uct-0500","uct-0500","23","0.75","48","0.5833333333333334","5","12","0.8481973151785929","0.25","0.16666666666666666","0.7777777777777778"
"7x7-p96","7x7-p96-uct-0500","uct-0500","23","0.9","58","0.5574712643678161","7","19","0.8283522741071693","0.25","0.18055555555555558","0.7777777777777778"
"7x7-p96","7x7-p96-uct-0500","uct-0500","24","0.25","16","0.6458333333333334","0","0","0.8481973151785931","0.25","0.16666666666666666","0.7777777777777778"
"7x7-p96","7x7-p96-uct-0500","uct-0500","24","0.5","32","0.53125","1","3","0.6051549589285761","0.3333333333333333","0.2777777777777778","0.4444444444444444"
"7x7-p96","7x7-p96-uct-0500","uct-0500","24","0.75","48","0.4722222222222222","2","12","0.7430423562500168","0.3333333333333333","0.2222222222222222","0.6666666666666666"
"7x7-p96","7x7-p96-uct-0500","uct-0500","24","0.9","58","0.45977011494252873","3","21","0.7628873973214405","0.3333333333333333","0.20833333333333337","0.6666666666666666"
"7x7-p96","7x7-p96-uct-0500","uct-0500","25","0.25","16","0.7291666666666666","0","0","0.775774794642881","0.25","0.19444444444444445","0.6666666666666666"
"7x7-p96","7x7-p96-uct-0500","uct-0500","25","0.5","32","0.625","1","4","0.9007747946428811","0.25","0.1527777777777778","0.8888888888888888"
"7x7-p96","7x7-p96-uct-0500","uct-0500","25","0.75","48","0.5347222222222222","3","12","0.7628873973214404","0.3333333333333333","0.20833333333333331","0.6666666666666666"
"7x7-p96","7x7-p96-uct-0500","uct-0500","25","0.9","58","0.4942528735632184","4","24","0.6904648767857287","0.3333333333333333","0.2361111111111111","0.5555555555555556"
"7x7-p96","7x7-p96-uct-0500","uct-0500","26","0.25","16","0.625","0","1","0.7757747946428812","0.25","0.19444444444444448","0.6666666666666666"
"7x7-p96","7x7-p96-uct-0500","uct-0500","26","0.5","32","0.5520833333333334","0","4","0.6904648767857287","0.3333333333333333","0.2361111111111111","0.5555555555555556"
"7x7-p96","7x7-p96-uct-0500","uct-0500","26","0.75","48","0.5486111111111112","3","6","0.7430423562500168","0.3333333333333333","0.2222222222222222","0.6666666666666666"
"7x7-p96","7x7-p96-uct-0500","uct-0500","26","0.9","58","0.4885057471264368","4","15","0.7430423562500168","0.3333333333333333","0.2222222222222222","0.6666666666666666"
"7x7-p96","7x7-p96-uct-0500","uct-0500","27","0.25","16","0.6458333333333334","0","0","0.7757747946428811","0.25","0.19444444444444448","0.6666666666666666"
"7x7-p96","7x7-p96-uct-0500","uct-0500","27","0.5","32","0.5208333333333334","1","4","0.9007747946428811","0.25","0.1527777777777778","0.8888888888888888"
"7x7-p96","7x7-p96-uct-0500","uct-0500","27","0.75","48","0.4722222222222222","3","17","0.8481973151785931","0.25","0.16666666666666666","0.7777777777777778"
"7x7-p96","7x7-p96-uct-0500","uct-0500","27","0.9","58","0.45977011494252873","3","25","0.8283522741071695","0.25","0.18055555555555558","0.7777777777777778"
"7x7-p96","7x7-p96-uct-0500","uct-0500","28","0.25","16","0.75","0","0","0.7956198357143048","0.25","0.18055555555555558","0.6666666666666666"
"7x7-p96","7x7-p96-uct-0500","uct-0500","28","0.5","32","0.6458333333333334","0","4","0.7628873973214406","0.3333333333333333","0.20833333333333334","0.6666666666666666"
"7x7-p96","7x7-p96-uct-0500","uct-0500","28","0.75","48","0.5902777777777778","2","9","0.8680423562500167","0.16666666666666666","0.1527777777777778","0.7777777777777778"
"7x7-p96","7x7-p96-uct-0500","uct-0500","28","0.9","58","0.5402298850574713","2","21","0.8481973151785931","0.25","0.16666666666666669","0.7777777777777778"
"7x7-p96","7x7-p96-uct-0500","uct-0500","29","0.25","16","0.7083333333333334","0","0","0.8680423562500167","0.16666666666666666","0.1527777777777778","0.7777777777777778"
"7x7-p96","7x7-p96-uct-0500","uct-0500","29","0.5","32","0.6145833333333334","2","2","0.7956198357143051","0.3333333333333333","0.20833333333333334","0.7777777777777778"
"7x7-p96","7x7-p96-uct-0500","uct-0500","29","0.75","48","0.5277777777777778","2","11","0.7731494572909345","0.4166666666666667","0.23611111111111113","0.7777777777777778"
"7x7-p96","7x7-p96-uct-0500","uct-0500","29","0.9","58","0.5","4","21","0.9007747946428811","0.25","0.1527777777777778","0.8888888888888888"
"7x7-p96","7x7-p96-uct-0500","uct-0500","30","0.25","16","0.6458333333333334","1","1","0.8283522741071693","0.25","0.18055555555555555","0.7777777777777778"
"7x7-p96","7x7-p96-uct-0500","uct-0500","30","0.5","32","0.59375","1","5","0.775774794642881","0.25","0.19444444444444445","0.6666666666666666"
"7x7-p96","7x7-p96-uct-0500","uct-0500","30","0.75","48","0.5416666666666666","3","10","0.8283522741071693","0.25","0.18055555555555555","0.7777777777777778"
"7x7-p96","7x7-p96-uct-0500","uct-0500","30","0.9","58","0.5","5","20","0.7430423562500168","0.3333333333333333","0.2222222222222222","0.6666666666666666"
"7x7-p96","7x7-p96-uct-0500","uct-0500","31","0.25","16","0.6041666666666666","0","1","0.7956198357143051","0.3333333333333333","0.20833333333333334","0.7777777777777778"
"7x7-p96","7x7-p96-uct-0500","uct-0500","31","0.5","32","0.59375","2","4","0.6577324383928644","0.3333333333333333","0.26388888888888884","0.5555555555555556"
"7x7-p96","7x7-p96-uct-0500","uct-0500","31","0.75","48","0.5555555555555556","4","13","0.6904648767857287","0.3333333333333333","0.2361111111111111","0.5555555555555556"
"7x7-p96","7x7-p96-uct-0500","uct-0500","31","0.9","58","0.4942528735632184","4","22","0.6904648767857285","0.3333333333333333","0.23611111111111113","0.5555555555555556"
"7x7-p96","7x7-p96-uct-0500","uct-0500","32","0.25","16","0.6458333333333334","0","0","0.8809297535714575","0.25","0.16666666666666669","0.8888888888888888"
"7x7-p96","7x7-p96-uct-0500","uct-0500","32","0.5","32","0.5208333333333334","0","4","0.8154648767857287","0.3333333333333333","0.19444444444444448","0.7777777777777778"
"7x7-p96","7x7-p96-uct-0500","uct-0500","32","0.75","48","0.4722222222222222","0","15","0.8680423562500169","0.3333333333333333","0.18055555555555555","0.8888888888888888"
"7x7-p96","7x7-p96-uct-0500","uct-0500","32","0.9","58","0.4367816091954023","0","25","0.6577324383928642","0.3333333333333333","0.26388888888888884","0.5555555555555556"
"7x7-p96","7x7-p96-uct-0500","uct-0500","33","0.25","16","0.625","1","2","0.8283522741071693","0.25","0.18055555555555555","0.7777777777777778"
"7x7-p96","7x7-p96-uct-0500","uct-0500","33","0.5","32","0.6041666666666666","1","5","0.7033522741071694","0.25","0.22222222222222224","0.5555555555555556"
"7x7-p96","7x7-p96-uct-0500","uct-0500","33","0.75","48","0.5763888888888888","2","10","0.7731494572909345","0.4166666666666667","0.23611111111111113","0.7777777777777778"
"7x7-p96","7x7-p96-uct-0500","uct-0500","33","0.9","58","0.5287356321839081","3","20","0.920619835714305","0.16666666666666666","0.1388888888888889","0.8888888888888888"
"7x7-p96","7x7-p96-uct-0500","uct-0500","34","0.25","16","0.6458333333333334","1","1","0.920619835714305","0.16666666666666666","0.1388888888888889","0.8888888888888888"
"7x7-p96","7x7-p96-uct-0500","uct-0500","34","0.5","32","0.5208333333333334","2","5","0.8283522741071695","0.25","0.18055555555555558","0.7777777777777778"
"7x7-p96","7x7-p96-uct-0500","uct-0500","34","0.75","48","0.5138888888888888","2","13","0.8283522741071693","0.25","0.18055555555555558","0.7777777777777778"
"7x7-p96","7x7-p96-uct-0500","uct-0500","34","0.9","58","0.5057471264367817","3","22","0.7628873973214406","0.3333333333333333","0.20833333333333331","0.6666666666666666"
"7x7-p96","7x7-p96-uct-0500","uct-0500","35","0.25","16","0.6875","0","0","0.8481973151785931","0.25","0.16666666666666666","0.7777777777777778"
"7x7-p96","7x7-p96-uct-0500","uct-0500","35","0.5","32","0.6145833333333334","0","3","0.775774794642881","0.25","0.19444444444444442","0.6666666666666666"
"7x7-p96","7x7-p96-uct-0500","uct-0500","35","0.75","48","0.5277777777777778","2","15","0.473197315178593","0.5","0.375","0.3333333333333333"
"7x7-p96","7x7-p96-uct-0500","uct-0500","35","0.9","58","0.4942528735632184","2","20","0.7559297535714574","0.25","0.20833333333333334","0.6666666666666666"
"7x7-p96","7x7-p96-uct-0500","uct-0500","36","0.25","16","0.6666666666666666","0","0","0.7007269367552227","0.4166666666666667","0.26388888888888884","0.6666666666666666"
"7x7-p96","7x7-p96-uct-0500","uct-0500","36","0.5","32","0.6145833333333334","1","7","0.8481973151785931","0.25","0.16666666666666669","0.7777777777777778"
"7x7-p96","7x7-p96-uct-0500","uct-0500","36","0.75","48","0.5833333333333334","2","11","0.9007747946428813","0.25","0.1527777777777778","0.8888888888888888"
"7x7-p96","7x7-p96-uct-0500","uct-0500","36","0.9","58","0.5459770114942529","3","16","0.7430423562500169","0.3333333333333333","0.22222222222222224","0.6666666666666666"
"7x7-p96","7x7-p96-uct-0500","uct-0500","37","0.25","16","0.7291666666666666","0","0","0.7757747946428812","0.25","0.19444444444444448","0.6666666666666666"
"7x7-p96","7x7-p96-uct-0500","uct-0500","37","0.5","32","0.625","1","1","0.7033522741071694","0.25","0.22222222222222224","0.5555555555555556"
"7x7-p96","7x7-p96-uct-0500","uct-0500","37","0.75","48","0.5347222222222222","1","15","0.7757747946428812","0.25","0.19444444444444445","0.6666666666666666"
"7x7-p96","7x7-p96-uct-0500","uct-0500","37","0.9","58","0.5114942528735632","1","21","0.6904648767857285","0.3333333333333333","0.2361111111111111","0.5555555555555556"
"7x7-p96","7x7-p96-uct-0500","uct-0500","38","0.25","16","0.6666666666666666","1","0","0.6904648767857287","0.3333333333333333","0.23611111111111113","0.5555555555555556"
"7x7-p96","7x7-p96-uct-0500","uct-0500","38","0.5","32","0.5729166666666666","1","4","0.920619835714305","0.16666666666666666","0.1388888888888889","0.8888888888888888"
"7x7-p96","7x7-p96-uct-0500","uct-0500","38","0.75","48","0.4930555555555556","3","16","0.8680423562500169","0.3333333333333333","0.18055555555555558","0.8888888888888888"
"7x7-p96","7x7-p96-uct-0500","uct-0500","38","0.9","58","0.47126436781609193","3","21","0.7956198357143047","0.25","0.18055555555555558","0.6666666666666666"
"7x7-p96","7x7-p96-uct-0500","uct-0500","39","0.25","16","0.7291666666666666","1","0","0.8481973151785929","0.25","0.16666666666666669","0.7777777777777778"
"7x7-p96","7x7-p96-uct-0500","uct-0500","39","0.5","32","0.625","5","0","0.7956198357143048","0.25","0.18055555555555555","0.6666666666666666"
"7x7-p96","7x7-p96-uct-0500","uct-0500","39","0.75","48","0.5555555555555556","6","11","0.7956198357143048","0.25","0.18055555555555555","0.6666666666666666"
"7x7-p96","7x7-p96-uct-0500","uct-0500","39","0.9","58","0.5344827586206896","9","19","0.7731494572909345","0.4166666666666667","0.23611111111111113","0.7777777777777778"
"7x7-p96","7x7-p96-uct-0500","uct-0500","40","0.25","16","0.7083333333333334","0","0","0.7628873973214405","0.3333333333333333","0.20833333333333337","0.6666666666666666"
"7x7-p96","7x7-p96-uct-0500","uct-0500","40","0.5","32","0.59375","0","3","0.9731973151785932","0.16666666666666666","0.125","1"
"7x7-p96","7x7-p96-uct-0500","uct-0500","40","0.75","48","0.5208333333333334","1","12","0.9007747946428813","0.25","0.1527777777777778","0.8888888888888888"
"7x7-p96","7x7-p96-uct-0500","uct-0500","40","0.9","58","0.4942528735632184","2","22","0.8481973151785931","0.25","0.16666666666666669","0.7777777777777778"
"7x7-p96","7x7-p96-uct-0500","uct-0500","41","0.25","16","0.75","0","0","0.7628873973214406","0.3333333333333333","0.20833333333333331","0.6666666666666666"
"7x7-p96","7x7-p96-uct-0500","uct-0500","41","0.5","32","0.6145833333333334","1","5","0.7757747946428812","0.25","0.19444444444444445","0.6666666666666666"
"7x7-p96","7x7-p96-uct-0500","uct-0500","41","0.75","48","0.5555555555555556","1","13","0.7757747946428812","0.25","0.19444444444444445","0.6666666666666666"
"7x7-p96","7x7-p96-uct-0500","uct-0500","41","0.9","58","0.5459770114942529","3","16","0.9007747946428813","0.25","0.1527777777777778","0.8888888888888888"
"7x7-p96","7x7-p96-uct-0500","uct-0500","42","0.25","16","0.75","0","0","0.8680423562500169","0.3333333333333333","0.18055555555555555","0.8888888888888888"
"7x7-p96","7x7-p96-uct-0500","uct-0500","42","0.5","32","0.5833333333333334","0","2","0.775774794642881","0.25","0.19444444444444442","0.6666666666666666"
"7x7-p96","7x7-p96-uct-0500","uct-0500","42","0.75","48","0.5","1","12","0.8481973151785931","0.25","0.16666666666666666","0.7777777777777778"
"7x7-p96","7x7-p96-uct-0500","uct-0500","42","0.9","58","0.45977011494252873","2","24","0.7757747946428812","0.25","0.19444444444444445","0.6666666666666666"
"7x7-p96","7x7-p96-uct-0500","uct-0500","43","0.25","16","0.7083333333333334","0","1","0.7628873973214406","0.3333333333333333","0.20833333333333331","0.6666666666666666"
"7x7-p96","7x7-p96-uct-0500","uct-0500","43","0.5","32","0.5729166666666666","1","7","0.6904648767857285","0.3333333333333333","0.23611111111111113","0.5555555555555556"
"7x7-p96","7x7-p96-uct-0500","uct-0500","43","0.75","48","0.5138888888888888","1","15","0.7757747946428812","0.25","0.19444444444444445","0.6666666666666666"
"7x7-p96","7x7-p96-uct-0500","uct-0500","43","0.9","58","0.4885057471264368","3","24","0.7628873973214406","0.3333333333333333","0.20833333333333331","0.6666666666666666"
"7x7-p96","7x7-p96-uct-0500","uct-0500","44","0.25","16","0.6666666666666666","1","1","0.7628873973214406","0.3333333333333333","0.20833333333333331","0.6666666666666666"
"7x7-p96","7x7-p96-uct-0500","uct-0500","44","0.5","32","0.6145833333333334","1","2","0.8481973151785929","0.25","0.16666666666666666","0.7777777777777778"
"7x7-p96","7x7-p96-uct-0500","uct-0500","44","0.75","48","0.5694444444444444","2","12","0.8154648767857287","0.3333333333333333","0.19444444444444448","0.7777777777777778"
"7x7-p96","7x7-p96-uct-0500","uct-0500","44","0.9","58","0.5402298850574713","3","18","0.8481973151785929","0.25","0.16666666666666666","0.7777777777777778"
"7x7-p96","7x7-p96-uct-0500","uct-0500","45","0.25","16","0.625","0","0","0.7559297535714574","0.25","0.20833333333333334","0.6666666666666666"
"7x7-p96","7x7-p96-uct-0500","uct-0500","45","0.5","32","0.53125","0","3","0.7559297535714574","0.25","0.20833333333333334","0.6666666666666666"
"7x7-p96","7x7-p96-uct-0500","uct-0500","45","0.75","48","0.5069444444444444","0","15","0.8283522741071693","0.25","0.18055555555555558","0.7777777777777778"
"7x7-p96","7x7-p96-uct-0500","uct-0500","45","0.9","58","0.47701149425287354","2","22","0.7956198357143048","0.25","0.18055555555555555","0.6666666666666666"
"7x7-p96","7x7-p96-uct-0500","uct-0500","46","0.25","16","0.5833333333333334","0","0","0.7430423562500168","0.3333333333333333","0.2222222222222222","0.6666666666666666"
"7x7-p96","7x7-p96-uct-0500","uct-0500","46","0.5","32","0.5625","1","5","0.8283522741071693","0.25","0.18055555555555558","0.7777777777777778"
"7x7-p96","7x7-p96-uct-0500","uct-0500","46","0.75","48","0.5555555555555556","2","12","0.8283522741071693","0.25","0.18055555555555555","0.7777777777777778"
"7x7-p96","7x7-p96-uct-0500","uct-0500","46","0.9","58","0.5172413793103449","4","21","0.7628873973214406","0.3333333333333333","0.20833333333333337","0.6666666666666666"
"7x7-p96","7x7-p96-uct-0500","uct-0500","47","0.25","16","0.6666666666666666","0","1","0.8481973151785931","0.25","0.16666666666666666","0.7777777777777778"
"7x7-p96","7x7-p96-uct-0500","uct-0500","47","0.5","32","0.6458333333333334","0","2","0.920619835714305","0.16666666666666666","0.1388888888888889","0.8888888888888888"
"7x7-p96","7x7-p96-uct-0500","uct-0500","47","0.75","48","0.5277777777777778","1","12","0.9007747946428813","0.25","0.1527777777777778","0.8888888888888888"
"7x7-p96","7x7-p96-uct-0500","uct-0500","47","0.9","58","0.4942528735632184","1","23","0.9007747946428813","0.25","0.1527777777777778","0.8888888888888888"
"7x7-p96","7x7-p96-uct-0500","uct-0500","48","0.25","16","0.7083333333333334","0","0","0.8481973151785931","0.25","0.16666666666666669","0.7777777777777778"
"7x7-p96","7x7-p96-uct-0500","uct-0500","48","0.5","32","0.5416666666666666","0","6","0.7628873973214406","0.3333333333333333","0.20833333333333331","0.6666666666666666"
"7x7-p96","7x7-p96-uct-0500","uct-0500","48","0.75","48","0.5416666666666666","2","12","0.8283522741071693","0.25","0.18055555555555555","0.7777777777777778"
"7x7-p96","7x7-p96-uct-0500","uct-0500","48","0.9","58","0.5","3","20","0.7757747946428812","0.25","0.19444444444444445","0.6666666666666666"
"7x7-p96","7x7-p96-uct-0500","uct-0500","49","0.25","16","0.7708333333333334","0","0","0.9007747946428811","0.25","0.1527777777777778","0.8888888888888888"
"7x7-p96","7x7-p96-uct-0500","uct-0500","49","0.5","32","0.59375","0","5","0.8809297535714575","0.25","0.16666666666666669","0.8888888888888888"
"7x7-p96","7x7-p96-uct-0500","uct-0500","49","0.75","48","0.5208333333333334","0","13","0.8154648767857287","0.3333333333333333","0.19444444444444445","0.7777777777777778"
"7x7-p96","7x7-p96-uct-0500","uct-0500","49","0.9","58","0.46551724137931033","0","22","0.8283522741071693","0.25","0.18055555555555555","0.7777777777777778"
"7x7-p96","7x7-p96-uct-0500","uct-0500","50","0.25","16","0.7708333333333334","0","0","0.7956198357143048","0.25","0.18055555555555555","0.6666666666666666"
"7x7-p96","7x7-p96-uct-0500","uct-0500","50","0.5","32","0.65625","2","3","0.8481973151785931","0.25","0.16666666666666666","0.7777777777777778"
"7x7-p96","7x7-p96-uct-0500","uct-0500","50","0.75","48","0.5833333333333334","3","7","0.7956198357143051","0.3333333333333333","0.20833333333333334","0.7777777777777778"
"7x7-p96","7x7-p96-uct-0500","uct-0500","50","0.9","58","0.5287356321839081","4","17","0.6904648767857285","0.3333333333333333","0.23611111111111113","0.5555555555555556"
"7x7-p96","7x7-p96-uct-1000","uct-1000","1","0.25","16","0.6875","0","0","0.8481973151785931","0.25","0.16666666666666669","0.7777777777777778"
"7x7-p96","7x7-p96-uct-1000","uct-1000","1","0.5","32","0.5625","0","4","0.7628873973214405","0.3333333333333333","0.20833333333333337","0.6666666666666666"
"7x7-p96","7x7-p96-uct-1000","uct-1000","1","0.75","48","0.4791666666666667","0","16","0.8283522741071693","0.25","0.18055555555555558","0.7777777777777778"
"7x7-p96","7x7-p96-uct-1000","uct-1000","1","0.9","58","0.42528735632183906","1","26","0.7757747946428811","0.25","0.19444444444444445","0.6666666666666666"
"7x7-p96","7x7-p96-uct-1000","uct-1000","2","0.25","16","0.6666666666666666","0","0","0.8809297535714575","0.25","0.16666666666666669","0.8888888888888888"
"7x7-p96","7x7-p96-uct-1000","uct-1000","2","0.5","32","0.5625","0","6","0.8283522741071693","0.25","0.18055555555555555","0.7777777777777778"
"7x7-p96","7x7-p96-uct-1000","uct-1000","2","0.75","48","0.4583333333333333","1","19","0.6904648767857287","0.3333333333333333","0.23611111111111113","0.5555555555555556"
"7x7-p96","7x7-p96-uct-1000","uct-1000","2","0.9","58","0.39655172413793105","1","27","0.9007747946428813","0.25","0.1527777777777778","0.8888888888888888"
"7x7-p96","7x7-p96-uct-1000","uct-1000","3","0.25","16","0.6458333333333334","0","1","0.7430423562500168","0.3333333333333333","0.2222222222222222","0.6666666666666666"
"7x7-p96","7x7-p96-uct-1000","uct-1000","3","0.5","32","0.5833333333333334","2","5","0.7430423562500168","0.3333333333333333","0.2222222222222222","0.6666666666666666"
"7x7-p96","7x7-p96-uct-1000","uct-1000","3","0.75","48","0.4722222222222222","2","20","0.6904648767857285","0.3333333333333333","0.2361111111111111","0.5555555555555556"
"7x7-p96","7x7-p96-uct-1000","uct-1000","3","0.9","58","0.43103448275862066","2","27","0.6904648767857287","0.3333333333333333","0.23611111111111113","0.5555555555555556"
"7x7-p96","7x7-p96-uct-1000","uct-1000","4","0.25","16","0.6458333333333334","0","0","0.8154648767857285","0.16666666666666666","0.16666666666666669","0.6666666666666666"
"7x7-p96","7x7-p96-uct-1000","uct-1000","4","0.5","32","0.5","0","5","0.920619835714305","0.16666666666666666","0.1388888888888889","0.8888888888888888"
"7x7-p96","7x7-p96-uct-1000","uct-1000","4","0.75","48","0.4513888888888889","0","20","0.6577324383928642","0.3333333333333333","0.26388888888888884","0.5555555555555556"
"7x7-p96","7x7-p96-uct-1000","uct-1000","4","0.9","58","0.41379310344827586","1","26","0.6481494572909344","0.4166666666666667","0.27777777777777773","0.5555555555555556"
"7x7-p96","7x7-p96-uct-1000","uct-1000","5","0.25","16","0.5833333333333334","0","0","0.8283522741071693","0.25","0.18055555555555558","0.7777777777777778"
"7x7-p96","7x7-p96-uct-1000","uct-1000","5","0.5","32","0.5208333333333334","2","5","0.920619835714305","0.16666666666666666","0.1388888888888889","0.8888888888888888"
"7x7-p96","7x7-p96-uct-1000","uct-1000","5","0.75","48","0.4722222222222222","3","18","0.8481973151785931","0.25","0.16666666666666666","0.7777777777777778"
"7x7-p96","7x7-p96-uct-1000","uct-1000","5","0.9","58","0.45977011494252873","3","25","0.9007747946428811","0.25","0.1527777777777778","0.8888888888888888"
"7x7-p96","7x7-p96-uct-1000","uct-1000","6","0.25","16","0.7083333333333334","0","0","0.8481973151785931","0.25","0.16666666666666669","0.7777777777777778"
"7x7-p96","7x7-p96-uct-1000","uct-1000","6","0.5","32","0.5729166666666666","1","6","0.9007747946428811","0.25","0.1527777777777778","0.8888888888888888"
"7x7-p96","7x7-p96-uct-1000","uct-1000","6","0.75","48","0.4791666666666667","3","18","0.920619835714305","0.16666666666666666","0.1388888888888889","0.8888888888888888"
"7x7-p96","7x7-p96-uct-1000","uct-1000","6","0.9","58","0.41954022988505746","3","28","0.7757747946428812","0.25","0.19444444444444445","0.6666666666666666"
"7x7-p96","7x7-p96-uct-1000","uct-1000","7","0.25","16","0.6458333333333334","0","1","0.8481973151785931","0.25","0.16666666666666669","0.7777777777777778"
"7x7-p96","7x7-p96-uct-1000","uct-1000","7","0.5","32","0.5729166666666666","0","8","0.9007747946428811","0.25","0.1527777777777778","0.8888888888888888"
"7x7-p96","7x7-p96-uct-1000","uct-1000","7","0.75","48","0.4930555555555556","1","19","0.9007747946428811","0.25","0.1527777777777778","0.8888888888888888"
"7x7-p96","7x7-p96-uct-1000","uct-1000","7","0.9","58","0.43103448275862066","1","30","0.7033522741071694","0.25","0.22222222222222224","0.5555555555555556"
"7x7-p96","7x7-p96-uct-1000","uct-1000","8","0.25","16","0.7291666666666666","0","0","0.670619835714305","0.5","0.30555555555555547","0.6666666666666666"
"7x7-p96","7x7-p96-uct-1000","uct-1000","8","0.5","32","0.5416666666666666","0","3","0.8283522741071693","0.25","0.18055555555555558","0.7777777777777778"
"7x7-p96","7x7-p96-uct-1000","uct-1000","8","0.75","48","0.5277777777777778","1","11","0.9007747946428811","0.25","0.1527777777777778","0.8888888888888888"
"7x7-p96","7x7-p96-uct-1000","uct-1000","8","0.9","58","0.4827586206896552","1","23","0.6904648767857285","0.3333333333333333","0.2361111111111111","0.5555555555555556"
"7x7-p96","7x7-p96-uct-1000","uct-1000","9","0.25","16","0.6041666666666666","0","1","0.670619835714305","0.5","0.30555555555555547","0.6666666666666666"
"7x7-p96","7x7-p96-uct-1000","uct-1000","9","0.5","32","0.53125","0","6","0.7731494572909345","0.4166666666666667","0.23611111111111116","0.7777777777777778"
"7x7-p96","7x7-p96-uct-1000","uct-1000","9","0.75","48","0.4722222222222222","2","18","0.8283522741071693","0.25","0.18055555555555558","0.7777777777777778"
"7x7-p96","7x7-p96-uct-1000","uct-1000","9","0.9","58","0.4367816091954023","3","26","0.7430423562500169","0.3333333333333333","0.22222222222222224","0.6666666666666666"
"7x7-p96","7x7-p96-uct-1000","uct-1000","10","0.25","16","0.6666666666666666","0","0","0.8283522741071695","0.25","0.18055555555555558","0.7777777777777778"
"7x7-p96","7x7-p96-uct-1000","uct-1000","10","0.5","32","0.5416666666666666","0","6","0.9007747946428811","0.25","0.1527777777777778","0.8888888888888888"
"7x7-p96","7x7-p96-uct-1000","uct-1000","10","0.75","48","0.4513888888888889","1","21","0.8283522741071693","0.25","0.18055555555555555","0.7777777777777778"
"7x7-p96","7x7-p96-uct-1000","uct-1000","10","0.9","58","0.42528735632183906","1","30","0.7033522741071692","0.25","0.22222222222222224","0.5555555555555556"
"7x7-p96","7x7-p96-uct-1000","uct-1000","11","0.25","16","0.6041666666666666","0","1","0.7956198357143048","0.25","0.18055555555555555","0.6666666666666666"
"7x7-p96","7x7-p96-uct-1000","uct-1000","11","0.5","32","0.53125","0","4","0.7033522741071692","0.25","0.22222222222222224","0.5555555555555556"
"7x7-p96","7x7-p96-uct-1000","uct-1000","11","0.75","48","0.4305555555555556","1","16","0.8283522741071693","0.25","0.18055555555555555","0.7777777777777778"
"7x7-p96","7x7-p96-uct-1000","uct-1000","11","0.9","58","0.3793103448275862","1","29","0.6904648767857287","0.3333333333333333","0.2361111111111111","0.5555555555555556"
"7x7-p96","7x7-p96-uct-1000","uct-1000","12","0.25","16","0.625","0","1","0.7956198357143051","0.3333333333333333","0.20833333333333334","0.7777777777777778"
"7x7-p96","7x7-p96-uct-1000","uct-1000","12","0.5","32","0.53125","0","3","0.9007747946428811","0.25","0.1527777777777778","0.8888888888888888"
"7x7-p96","7x7-p96-uct-1000","uct-1000","12","0.75","48","0.4375","0","16","0.920619835714305","0.16666666666666666","0.1388888888888889","0.8888888888888888"
"7x7-p96","7x7-p96-uct-1000","uct-1000","12","0.9","58","0.40229885057471265","0","27","0.8481973151785931","0.25","0.16666666666666666","0.7777777777777778"
"7x7-p96","7x7-p96-uct-1000","uct-1000","13","0.25","16","0.6666666666666666","1","1","0.9731973151785932","0.16666666666666666","0.125","1"
"7x7-p96","7x7-p96-uct-1000","uct-1000","13","0.5","32","0.59375","1","5","0.8481973151785929","0.25","0.16666666666666666","0.7777777777777778"
"7x7-p96","7x7-p96-uct-1000","uct-1000","13","0.75","48","0.5347222222222222","2","15","0.7956198357143048","0.25","0.18055555555555555","0.6666666666666666"
"7x7-p96","7x7-p96-uct-1000","uct-1000","13","0.9","58","0.5057471264367817","4","25","0.7956198357143048","0.25","0.18055555555555558","0.6666666666666666"
"7x7-p96","7x7-p96-uct-1000","uct-1000","14","0.25","16","0.75","0","0","0.8680423562500167","0.16666666666666666","0.15277777777777776","0.7777777777777778"
"7x7-p96","7x7-p96-uct-1000","uct-1000","14","0.5","32","0.6145833333333334","2","4","0.7628873973214406","0.3333333333333333","0.20833333333333337","0.6666666666666666"
"7x7-p96","7x7-p96-uct-1000","uct-1000","14","0.75","48","0.5347222222222222","2","14","0.670619835714305","0.3333333333333333","0.25","0.5555555555555556"
"7x7-p96","7x7-p96-uct-1000","uct-1000","14","0.9","58","0.5459770114942529","3","17","0.8809297535714575","0.25","0.16666666666666669","0.8888888888888888"
"7x7-p96","7x7-p96-uct-1000","uct-1000","15","0.25","16","0.6666666666666666","0","1","0.8154648767857289","0.3333333333333333","0.19444444444444445","0.7777777777777778"
"7x7-p96","7x7-p96-uct-1000","uct-1000","15","0.5","32","0.5625","0","8","0.8154648767857289","0.3333333333333333","0.19444444444444445","0.7777777777777778"
"7x7-p96","7x7-p96-uct-1000","uct-1000","15","0.75","48","0.5208333333333334","0","18","0.7007269367552227","0.4166666666666667","0.26388888888888884","0.6666666666666666"
"7x7-p96","7x7-p96-uct-1000","uct-1000","15","0.9","58","0.5","1","25","0.7205719778266463","0.4166666666666667","0.25000000000000006","0.6666666666666666"
"7x7-p96","7x7-p96-uct-1000","uct-1000","16","0.25","16","0.75","0","0","0.7628873973214406","0.3333333333333333","0.20833333333333334","0.6666666666666666"
"7x7-p96","7x7-p96-uct-1000","uct-1000","16","0.5","32","0.5520833333333334","2","8","0.920619835714305","0.16666666666666666","0.1388888888888889","0.8888888888888888"
"7x7-p96","7x7-p96-uct-1000","uct-1000","16","0.75","48","0.5208333333333334","3","14","0.9007747946428813","0.25","0.1527777777777778","0.8888888888888888"
"7x7-p96","7x7-p96-uct-1000","uct-1000","16","0.9","58","0.46551724137931033","3","25","0.8481973151785931","0.25","0.16666666666666669","0.7777777777777778"
"7x7-p96","7x7-p96-uct-1000","uct-1000","17","0.25","16","0.5625","0","0","0.9007747946428811","0.25","0.1527777777777778","0.8888888888888888"
"7x7-p96","7x7-p96-uct-1000","uct-1000","17","0.5","32","0.5104166666666666","1","9","0.7956198357143051","0.3333333333333333","0.20833333333333334","0.7777777777777778"
"7x7-p96","7x7-p96-uct-1000","uct-1000","17","0.75","48","0.4305555555555556","1","22","0.9007747946428813","0.25","0.1527777777777778","0.8888888888888888"
"7x7-p96","7x7-p96-uct-1000","uct-1000","17","0.9","58","0.43103448275862066","1","28","0.7430423562500168","0.3333333333333333","0.2222222222222222","0.6666666666666666"
"7x7-p96","7x7-p96-uct-1000","uct-1000","18","0.25","16","0.8125","0","0","0.7430423562500168","0.3333333333333333","0.2222222222222222","0.6666666666666666"
"7x7-p96","7x7-p96-uct-1000","uct-1000","18","0.5","32","0.6041666666666666","1","6","0.8481973151785931","0.25","0.16666666666666666","0.7777777777777778"
"7x7-p96","7x7-p96-uct-1000","uct-1000","18","0.75","48","0.5138888888888888","1","18","0.8283522741071693","0.25","0.18055555555555555","0.7777777777777778"
"7x7-p96","7x7-p96-uct-1000","uct-1000","18","0.9","58","0.46551724137931033","1","26","0.7007269367552227","0.4166666666666667","0.26388888888888884","0.6666666666666666"
"7x7-p96","7x7-p96-uct-1000","uct-1000","19","0.25","16","0.7083333333333334","0","1","0.8154648767857289","0.3333333333333333","0.19444444444444445","0.7777777777777778"
"7x7-p96","7x7-p96-uct-1000","uct-1000","19","0.5","32","0.53125","1","6","0.6481494572909344","0.4166666666666667","0.2777777777777778","0.5555555555555556"
"7x7-p96","7x7-p96-uct-1000","uct-1000","19","0.75","48","0.4652777777777778","3","19","0.973197315178593","0.16666666666666666","0.125","1"
"7x7-p96","7x7-p96-uct-1000","uct-1000","19","0.9","58","0.40804597701149425","3","29","0.7430423562500168","0.3333333333333333","0.2222222222222222","0.6666666666666666"
"7x7-p96","7x7-p96-uct-1000","uct-1000","20","0.25","16","0.5416666666666666","0","0","0.775774794642881","0.25","0.19444444444444445","0.6666666666666666"
"7x7-p96","7x7-p96-uct-1000","uct-1000","20","0.5","32","0.4791666666666667","1","9","0.7628873973214406","0.3333333333333333","0.20833333333333337","0.6666666666666666"
"7x7-p96","7x7-p96-uct-1000","uct-1000","20","0.75","48","0.4444444444444444","2","24","0.6904648767857287","0.3333333333333333","0.2361111111111111","0.5555555555555556"
"7x7-p96","7x7-p96-uct-1000","uct-1000","20","0.9","58","0.42528735632183906","3","30","0.7033522741071693","0.25","0.2222222222222222","0.5555555555555556"
"7x7-p96","7x7-p96-uct-1000","uct-1000","21","0.25","16","0.7083333333333334","1","0","0.8481973151785929","0.25","0.16666666666666666","0.7777777777777778"
"7x7-p96","7x7-p96-uct-1000","uct-1000","21","0.5","32","0.5416666666666666","1","5","0.8481973151785929","0.25","0.16666666666666666","0.7777777777777778"
"7x7-p96","7x7-p96-uct-1000","uct-1000","21","0.75","48","0.4791666666666667","1","16","0.7007269367552227","0.4166666666666667","0.26388888888888884","0.6666666666666666"
"7x7-p96","7x7-p96-uct-1000","uct-1000","21","0.9","58","0.43103448275862066","1","25","0.7205719778266463","0.4166666666666667","0.25000000000000006","0.6666666666666666"
"7x7-p96","7x7-p96-uct-1000","uct-1000","22","0.25","16","0.625","1","0","0.7956198357143048","0.25","0.18055555555555555","0.6666666666666666"
"7x7-p96","7x7-p96-uct-1000","uct-1000","22","0.5","32","0.5416666666666666","1","6","0.7956198357143048","0.25","0.18055555555555555","0.6666666666666666"
"7x7-p96","7x7-p96-uct-1000","uct-1000","22","0.75","48","0.4722222222222222","1","20","0.8481973151785931","0.25","0.16666666666666666","0.7777777777777778"
"7x7-p96","7x7-p96-uct-1000","uct-1000","22","0.9","58","0.42528735632183906","2","27","0.7033522741071694","0.25","0.22222222222222224","0.5555555555555556"
"7x7-p96","7x7-p96-uct-1000","uct-1000","23","0.25","16","0.6666666666666666","0","2","0.7430423562500168","0.3333333333333333","0.22222222222222224","0.6666666666666666"
"7x7-p96","7x7-p96-uct-1000","uct-1000","23","0.5","32","0.6041666666666666","0","4","0.8283522741071693","0.25","0.18055555555555558","0.7777777777777778"
"7x7-p96","7x7-p96-uct-1000","uct-1000","23","0.75","48","0.5208333333333334","3","13","0.8154648767857287","0.3333333333333333","0.19444444444444445","0.7777777777777778"
"7x7-p96","7x7-p96-uct-1000","uct-1000","23","0.9","58","0.47701149425287354","3","20","0.8680423562500169","0.3333333333333333","0.18055555555555555","0.8888888888888888"
"7x7-p96","7x7-p96-uct-1000","uct-1000","24","0.25","16","0.625","0","1","0.920619835714305","0.16666666666666666","0.1388888888888889","0.8888888888888888"
"7x7-p96","7x7-p96-uct-1000","uct-1000","24","0.5","32","0.59375","0","3","0.9007747946428811","0.25","0.1527777777777778","0.8888888888888888"
"7x7-p96","7x7-p96-uct-1000","uct-1000","24","0.75","48","0.5","2","14","0.7205719778266463","0.4166666666666667","0.25000000000000006","0.6666666666666666"
"7x7-p96","7x7-p96-uct-1000","uct-1000","24","0.9","58","0.4540229885057471","4","23","0.7430423562500168","0.3333333333333333","0.2222222222222222","0.6666666666666666"
"7x7-p96","7x7-p96-uct-1000","uct-1000","25","0.25","16","0.625","0","1","0.7956198357143048","0.25","0.18055555555555558","0.6666666666666666"
"7x7-p96","7x7-p96-uct-1000","uct-1000","25","0.5","32","0.5104166666666666","1","9","0.7559297535714574","0.25","0.20833333333333334","0.6666666666666666"
"7x7-p96","7x7-p96-uct-1000","uct-1000","25","0.75","48","0.4236111111111111","1","22","0.8680423562500169","0.3333333333333333","0.18055555555555558","0.8888888888888888"
"7x7-p96","7x7-p96-uct-1000","uct-1000","25","0.9","58","0.39080459770114945","1","30","0.8154648767857287","0.3333333333333333","0.19444444444444448","0.7777777777777778"
"7x7-p96","7x7-p96-uct-1000","uct-1000","26","0.25","16","0.6666666666666666","0","0","0.8481973151785931","0.25","0.16666666666666669","0.7777777777777778"
"7x7-p96","7x7-p96-uct-1000","uct-1000","26","0.5","32","0.5","1","6","0.8680423562500169","0.3333333333333333","0.18055555555555555","0.8888888888888888"
"7x7-p96","7x7-p96-uct-1000","uct-1000","26","0.75","48","0.4444444444444444","2","19","0.8481973151785929","0.25","0.16666666666666669","0.7777777777777778"
"7x7-p96","7x7-p96-uct-1000","uct-1000","26","0.9","58","0.40229885057471265","3","30","0.7430423562500168","0.3333333333333333","0.2222222222222222","0.6666666666666666"
"7x7-p96","7x7-p96-uct-1000","uct-1000","27","0.25","16","0.625","1","1","0.9007747946428813","0.25","0.1527777777777778","0.8888888888888888"
"7x7-p96","7x7-p96-uct-1000","uct-1000","27","0.5","32","0.53125","1","8","0.8283522741071695","0.25","0.18055555555555558","0.7777777777777778"
"7x7-p96","7x7-p96-uct-1000","uct-1000","27","0.75","48","0.4930555555555556","2","20","0.7033522741071692","0.25","0.22222222222222224","0.5555555555555556"
"7x7-p96","7x7-p96-uct-1000","uct-1000","27","0.9","58","0.4540229885057471","3","28","0.7430423562500168","0.3333333333333333","0.2222222222222222","0.6666666666666666"
"7x7-p96","7x7-p96-uct-1000","uct-1000","28","0.25","16","0.6458333333333334","0","0","0.6481494572909344","0.4166666666666667","0.2777777777777778","0.5555555555555556"
"7x7-p96","7x7-p96-uct-1000","uct-1000","28","0.5","32","0.5104166666666666","1","4","0.9007747946428811","0.25","0.1527777777777778","0.8888888888888888"
"7x7-p96","7x7-p96-uct-1000","uct-1000","28","0.75","48","0.4861111111111111","2","18","0.6481494572909344","0.4166666666666667","0.2777777777777778","0.5555555555555556"
"7x7-p96","7x7-p96-uct-1000","uct-1000","28","0.9","58","0.4482758620689655","2","24","0.7205719778266463","0.4166666666666667","0.25","0.6666666666666666"
"7x7-p96","7x7-p96-uct-1000","uct-1000","29","0.25","16","0.5416666666666666","0","2","0.7559297535714574","0.25","0.20833333333333334","0.6666666666666666"
"7x7-p96","7x7-p96-uct-1000","uct-1000","29","0.5","32","0.5104166666666666","0","8","0.9007747946428811","0.25","0.15277777777777776","0.8888888888888888"
"7x7-p96","7x7-p96-uct-1000","uct-1000","29","0.75","48","0.4375","0","22","0.4893169933993759","0.5833333333333334","0.4166666666666667","0.4444444444444444"
"7x7-p96","7x7-p96-uct-1000","uct-1000","29","0.9","58","0.41954022988505746","1","29","0.8481973151785931","0.25","0.16666666666666666","0.7777777777777778"
"7x7-p96","7x7-p96-uct-1000","uct-1000","30","0.25","16","0.6458333333333334","0","0","0.8481973151785931","0.25","0.16666666666666669","0.7777777777777778"
"7x7-p96","7x7-p96-uct-1000","uct-1000","30","0.5","32","0.53125","0","9","0.9007747946428811","0.25","0.1527777777777778","0.8888888888888888"
"7x7-p96","7x7-p96-uct-1000","uct-1000","30","0.75","48","0.4375","0","18","0.6154170188980701","0.4166666666666667","0.3055555555555555","0.5555555555555556"
"7x7-p96","7x7-p96-uct-1000","uct-1000","30","0.9","58","0.41379310344827586","1","29","0.7956198357143048","0.25","0.18055555555555552","0.6666666666666666"
"7x7-p96","7x7-p96-uct-1000","uct-1000","31","0.25","16","0.6041666666666666","0","0","0.920619835714305","0.16666666666666666","0.1388888888888889","0.8888888888888888"
"7x7-p96","7x7-p96-uct-1000","uct-1000","31","0.5","32","0.4895833333333333","0","9","0.723197315178593","0.25","0.20833333333333337","0.5555555555555556"
"7x7-p96","7x7-p96-uct-1000","uct-1000","31","0.75","48","0.4236111111111111","0","22","0.7956198357143048","0.25","0.18055555555555555","0.6666666666666666"
"7x7-p96","7x7-p96-uct-1000","uct-1000","31","0.9","58","0.43103448275862066","1","29","0.7033522741071693","0.25","0.2222222222222222","0.5555555555555556"
"7x7-p96","7x7-p96-uct-1000","uct-1000","32","0.25","16","0.7083333333333334","0","0","0.9007747946428813","0.25","0.1527777777777778","0.8888888888888888"
"7x7-p96","7x7-p96-uct-1000","uct-1000","32","0.5","32","0.5520833333333334","0","7","0.6904648767857287","0.3333333333333333","0.2361111111111111","0.5555555555555556"
"7x7-p96","7x7-p96-uct-1000","uct-1000","32","0.75","48","0.4861111111111111","3","21","0.7103099178571524","0.3333333333333333","0.22222222222222227","0.5555555555555556"
"7x7-p96","7x7-p96-uct-1000","uct-1000","32","0.9","58","0.4367816091954023","3","26","0.7430423562500168","0.3333333333333333","0.22222222222222224","0.6666666666666666"
"7x7-p96","7x7-p96-uct-1000","uct-1000","33","0.25","16","0.6666666666666666","0","1","0.7430423562500168","0.3333333333333333","0.22222222222222224","0.6666666666666666"
"7x7-p96","7x7-p96-uct-1000","uct-1000","33","0.5","32","0.5104166666666666","1","7","0.6904648767857287","0.3333333333333333","0.2361111111111111","0.5555555555555556"
"7x7-p96","7x7-p96-uct-1000","uct-1000","33","0.75","48","0.4930555555555556","4","19","0.7430423562500168","0.3333333333333333","0.22222222222222224","0.6666666666666666"
"7x7-p96","7x7-p96-uct-1000","uct-1000","33","0.9","58","0.46551724137931033","4","26","0.6679944983623582","0.4166666666666667","0.2638888888888889","0.5555555555555556"
"7x7-p96","7x7-p96-uct-1000","uct-1000","34","0.25","16","0.6875","0","1","0.8154648767857287","0.3333333333333333","0.19444444444444448","0.7777777777777778"
"7x7-p96","7x7-p96-uct-1000","uct-1000","34","0.5","32","0.5625","0","6","0.9731973151785932","0.16666666666666666","0.125","1"
"7x7-p96","7x7-p96-uct-1000","uct-1000","34","0.75","48","0.4583333333333333","1","16","0.8481973151785931","0.25","0.16666666666666669","0.7777777777777778"
"7x7-p96","7x7-p96-uct-1000","uct-1000","34","0.9","58","0.4367816091954023","1","25","0.7205719778266463","0.4166666666666667","0.25000000000000006","0.6666666666666666"
"7x7-p96","7x7-p96-uct-1000","uct-1000","35","0.25","16","0.6875","0","3","0.7430423562500169","0.3333333333333333","0.22222222222222224","0.6666666666666666"
"7x7-p96","7x7-p96-uct-1000","uct-1000","35","0.5","32","0.5833333333333334","1","6","0.920619835714305","0.16666666666666666","0.1388888888888889","0.8888888888888888"
"7x7-p96","7x7-p96-uct-1000","uct-1000","35","0.75","48","0.5416666666666666","2","16","0.9007747946428813","0.25","0.1527777777777778","0.8888888888888888"
"7x7-p96","7x7-p96-uct-1000","uct-1000","35","0.9","58","0.47701149425287354","2","26","0.9533522741071694","0.25","0.1388888888888889","1"
"7x7-p96","7x7-p96-uct-1000","uct-1000","36","0.25","16","0.6666666666666666","0","0","0.920619835714305","0.16666666666666666","0.1388888888888889","0.8888888888888888"
"7x7-p96","7x7-p96-uct-1000","uct-1000","36","0.5","32","0.5625","0","2","0.7430423562500168","0.3333333333333333","0.2222222222222222","0.6666666666666666"
"7x7-p96","7x7-p96-uct-1000","uct-1000","36","0.75","48","0.4444444444444444","1","17","0.8283522741071693","0.25","0.18055555555555558","0.7777777777777778"
"7x7-p96","7x7-p96-uct-1000","uct-1000","36","0.9","58","0.41379310344827586","2","25","0.8283522741071695","0.25","0.18055555555555558","0.7777777777777778"
"7x7-p96","7x7-p96-uct-1000","uct-1000","37","0.25","16","0.6666666666666666","0","0","0.8283522741071695","0.25","0.18055555555555558","0.7777777777777778"
"7x7-p96","7x7-p96-uct-1000","uct-1000","37","0.5","32","0.5625","0","5","0.7430423562500168","0.3333333333333333","0.2222222222222222","0.6666666666666666"
"7x7-p96","7x7-p96-uct-1000","uct-1000","37","0.75","48","0.4722222222222222","1","18","0.7007269367552227","0.4166666666666667","0.2638888888888889","0.6666666666666666"
"7x7-p96","7x7-p96-uct-1000","uct-1000","37","0.9","58","0.4425287356321839","1","26","0.8283522741071693","0.25","0.18055555555555558","0.7777777777777778"
"7x7-p96","7x7-p96-uct-1000","uct-1000","38","0.25","16","0.7916666666666666","0","1","0.8154648767857289","0.3333333333333333","0.19444444444444448","0.7777777777777778"
"7x7-p96","7x7-p96-uct-1000","uct-1000","38","0.5","32","0.5833333333333334","1","4","0.7103099178571525","0.3333333333333333","0.25","0.6666666666666666"
"7x7-p96","7x7-p96-uct-1000","uct-1000","38","0.75","48","0.4722222222222222","4","17","0.6904648767857287","0.3333333333333333","0.2361111111111111","0.5555555555555556"
"7x7-p96","7x7-p96-uct-1000","uct-1000","38","0.9","58","0.4482758620689655","4","25","0.6904648767857287","0.3333333333333333","0.2361111111111111","0.5555555555555556"
"7x7-p96","7x7-p96-uct-1000","uct-1000","39","0.25","16","0.625","0","0","0.9007747946428811","0.25","0.1527777777777778","0.8888888888888888"
"7x7-p96","7x7-p96-uct-1000","uct-1000","39","0.5","32","0.5","0","5","0.7956198357143048","0.25","0.18055555555555555","0.6666666666666666"
"7x7-p96","7x7-p96-uct-1000","uct-1000","39","0.75","48","0.4722222222222222","1","21","0.7757747946428812","0.25","0.19444444444444445","0.6666666666666666"
"7x7-p96","7x7-p96-uct-1000","uct-1000","39","0.9","58","0.4367816091954023","5","29","0.6577324383928642","0.3333333333333333","0.26388888888888884","0.5555555555555556"
"7x7-p96","7x7-p96-uct-1000","uct-1000","40","0.25","16","0.7291666666666666","0","0","0.973197315178593","0.16666666666666666","0.125","1"
"7x7-p96","7x7-p96-uct-1000","uct-1000","40","0.5","32","0.5729166666666666","1","3","0.723197315178593","0.25","0.20833333333333331","0.5555555555555556"
"7x7-p96","7x7-p96-uct-1000","uct-1000","40","0.75","48","0.4930555555555556","1","19","0.8481973151785929","0.25","0.16666666666666666","0.7777777777777778"
"7x7-p96","7x7-p96-uct-1000","uct-1000","40","0.9","58","0.4482758620689655","2","26","0.6904648767857285","0.3333333333333333","0.2361111111111111","0.5555555555555556"
"7x7-p96","7x7-p96-uct-1000","uct-1000","41","0.25","16","0.5416666666666666","0","2","0.8481973151785931","0.25","0.16666666666666669","0.7777777777777778"
"7x7-p96","7x7-p96-uct-1000","uct-1000","41","0.5","32","0.5","1","7","0.6904648767857287","0.3333333333333333","0.23611111111111113","0.5555555555555556"
"7x7-p96","7x7-p96-uct-1000","uct-1000","41","0.75","48","0.4305555555555556","2","22","0.7033522741071694","0.25","0.22222222222222224","0.5555555555555556"
"7x7-p96","7x7-p96-uct-1000","uct-1000","41","0.9","58","0.41379310344827586","2","28","0.775774794642881","0.25","0.19444444444444445","0.6666666666666666"
"7x7-p96","7x7-p96-uct-1000","uct-1000","42","0.25","16","0.6458333333333334","0","0","0.920619835714305","0.16666666666666666","0.1388888888888889","0.8888888888888888"
"7x7-p96","7x7-p96-uct-1000","uct-1000","42","0.5","32","0.5520833333333334","0","2","0.7628873973214406","0.3333333333333333","0.20833333333333334","0.6666666666666666"
"7x7-p96","7x7-p96-uct-1000","uct-1000","42","0.75","48","0.4930555555555556","2","15","0.8680423562500169","0.3333333333333333","0.18055555555555555","0.8888888888888888"
"7x7-p96","7x7-p96-uct-1000","uct-1000","42","0.9","58","0.43103448275862066","2","29","0.6904648767857287","0.3333333333333333","0.2361111111111111","0.5555555555555556"
"7x7-p96","7x7-p96-uct-1000","uct-1000","43","0.25","16","0.7291666666666666","0","1","0.7559297535714574","0.25","0.20833333333333334","0.6666666666666666"
"7x7-p96","7x7-p96-uct-1000","uct-1000","43","0.5","32","0.6354166666666666","1","5","0.7757747946428812","0.25","0.19444444444444445","0.6666666666666666"
"7x7-p96","7x7-p96-uct-1000","uct-1000","43","0.75","48","0.5277777777777778","2","11","0.7757747946428812","0.25","0.19444444444444445","0.6666666666666666"
"7x7-p96","7x7-p96-uct-1000","uct-1000","43","0.9","58","0.45977011494252873","2","25","0.5628395394337818","0.4166666666666667","0.3194444444444444","0.4444444444444444"
"7x7-p96","7x7-p96-uct-1000","uct-1000","44","0.25","16","0.6875","0","0","0.7757747946428812","0.25","0.19444444444444445","0.6666666666666666"
"7x7-p96","7x7-p96-uct-1000","uct-1000","44","0.5","32","0.5104166666666666","0","4","0.7956198357143048","0.25","0.18055555555555558","0.6666666666666666"
"7x7-p96","7x7-p96-uct-1000","uct-1000","44","0.75","48","0.4375","0","20","0.8481973151785931","0.25","0.16666666666666669","0.7777777777777778"
"7x7-p96","7x7-p96-uct-1000","uct-1000","44","0.9","58","0.39655172413793105","2","32","0.5091620344707997","0.5833333333333334","0.40277777777777785","0.4444444444444444"
"7x7-p96","7x7-p96-uct-1000","uct-1000","45","0.25","16","0.6458333333333334","0","0","0.8481973151785931","0.25","0.16666666666666669","0.7777777777777778"
"7x7-p96","7x7-p96-uct-1000","uct-1000","45","0.5","32","0.5520833333333334","3","5","0.9007747946428813","0.25","0.1527777777777778","0.8888888888888888"
"7x7-p96","7x7-p96-uct-1000","uct-1000","45","0.75","48","0.4513888888888889","4","20","0.7559297535714574","0.25","0.20833333333333334","0.6666666666666666"
"7x7-p96","7x7-p96-uct-1000","uct-1000","45","0.9","58","0.40804597701149425","4","30","0.7956198357143048","0.25","0.18055555555555558","0.6666666666666666"
"7x7-p96","7x7-p96-uct-1000","uct-1000","46","0.25","16","0.7083333333333334","0","0","0.7757747946428812","0.25","0.19444444444444445","0.6666666666666666"
"7x7-p96","7x7-p96-uct-1000","uct-1000","46","0.5","32","0.6458333333333334","0","3","0.8680423562500167","0.16666666666666666","0.15277777777777776","0.7777777777777778"
"7x7-p96","7x7-p96-uct-1000","uct-1000","46","0.75","48","0.5694444444444444","3","14","0.7956198357143051","0.3333333333333333","0.20833333333333334","0.7777777777777778"
"7x7-p96","7x7-p96-uct-1000","uct-1000","46","0.9","58","0.4942528735632184","4","25","0.7628873973214404","0.3333333333333333","0.20833333333333334","0.6666666666666666"
"7x7-p96","7x7-p96-uct-1000","uct-1000","47","0.25","16","0.6875","1","0","0.7430423562500168","0.3333333333333333","0.2222222222222222","0.6666666666666666"
"7x7-p96","7x7-p96-uct-1000","uct-1000","47","0.5","32","0.5625","1","6","0.8481973151785931","0.25","0.16666666666666666","0.7777777777777778"
"7x7-p96","7x7-p96-uct-1000","uct-1000","47","0.75","48","0.5277777777777778","3","17","0.8283522741071693","0.25","0.18055555555555558","0.7777777777777778"
"7x7-p96","7x7-p96-uct-1000","uct-1000","47","0.9","58","0.4885057471264368","3","25","0.8283522741071693","0.25","0.18055555555555558","0.7777777777777778"
"7x7-p96","7x7-p96-uct-1000","uct-1000","48","0.25","16","0.7708333333333334","1","0","0.8680423562500167","0.16666666666666666","0.15277777777777776","0.7777777777777778"
"7x7-p96","7x7-p96-uct-1000","uct-1000","48","0.5","32","0.5833333333333334","2","3","0.8481973151785931","0.25","0.16666666666666666","0.7777777777777778"
"7x7-p96","7x7-p96-uct-1000","uct-1000","48","0.75","48","0.5","5","16","0.7628873973214406","0.3333333333333333","0.20833333333333334","0.6666666666666666"
"7x7-p96","7x7-p96-uct-1000","uct-1000","48","0.9","58","0.5114942528735632","7","24","0.7430423562500168","0.3333333333333333","0.22222222222222224","0.6666666666666666"
"7x7-p96","7x7-p96-uct-1000","uct-1000","49","0.25","16","0.6666666666666666","0","0","0.6904648767857285","0.3333333333333333","0.23611111111111113","0.5555555555555556"
"7x7-p96","7x7-p96-uct-1000","uct-1000","49","0.5","32","0.5520833333333334","0","8","0.8809297535714575","0.25","0.16666666666666669","0.8888888888888888"
"7x7-p96","7x7-p96-uct-1000","uct-1000","49","0.75","48","0.5","2","18","0.7757747946428812","0.25","0.19444444444444445","0.6666666666666666"
"7x7-p96","7x7-p96-uct-1000","uct-1000","49","0.9","58","0.4885057471264368","2","25","0.6904648767857287","0.3333333333333333","0.2361111111111111","0.5555555555555556"
"7x7-p96","7x7-p96-uct-1000","uct-1000","50","0.25","16","0.6666666666666666","0","0","0.7430423562500168","0.3333333333333333","0.2222222222222222","0.6666666666666666"
"7x7-p96","7x7-p96-uct-1000","uct-1000","50","0.5","32","0.5729166666666666","0","3","0.6904648767857287","0.3333333333333333","0.2361111111111111","0.5555555555555556"
"7x7-p96","7x7-p96-uct-1000","uct-1000","50","0.75","48","0.4722222222222222","1","18","0.7628873973214404","0.3333333333333333","0.20833333333333334","0.6666666666666666"
"7x7-p96","7x7-p96-uct-1000","uct-1000","50","0.9","58","0.42528735632183906","1","29","0.670619835714305","0.5","0.30555555555555547","0.6666666666666666"
