experiment_id,checkpoint_turn,model_name,cv_fold,feature,training_mean,training_population_std,active,zero_variance_policy
uct-10000-self-play,8,decisive_margin_only,1,decisive_margin,1.01724137931,0.130169559229,1,exclude_feature_when_training_fold_standard_deviation_is_zero
uct-10000-self-play,8,decisive_margin_only,2,decisive_margin,1.016949152542,0.129080900099,1,exclude_feature_when_training_fold_standard_deviation_is_zero
uct-10000-self-play,8,decisive_margin_only,3,decisive_margin,1.0,0.0,0,exclude_feature_when_training_fold_standard_deviation_is_zero
uct-10000-self-play,8,decisive_margin_only,4,decisive_margin,1.016666666667,0.128019095798,1,exclude_feature_when_training_fold_standard_deviation_is_zero
uct-10000-self-play,8,decisive_margin_only,5,decisive_margin,1.016666666667,0.128019095798,1,exclude_feature_when_training_fold_standard_deviation_is_zero
uct-10000-self-play,8,current_objective_state,1,leader_secured_objective_margin,0.586206896552,0.492512305417,1,exclude_feature_when_training_fold_standard_deviation_is_zero
uct-10000-self-play,8,current_objective_state,1,leader_advantage_objective_margin,-0.586206896552,1.189530228321,1,exclude_feature_when_training_fold_standard_deviation_is_zero
uct-10000-self-play,8,current_objective_state,1,leader_objective_piece_margin,0.568965517241,0.768161014136,1,exclude_feature_when_training_fold_standard_deviation_is_zero
uct-10000-self-play,8,current_objective_state,2,leader_secured_objective_margin,0.559322033898,0.496468424267,1,exclude_feature_when_training_fold_standard_deviation_is_zero
uct-10000-self-play,8,current_objective_state,2,leader_advantage_objective_margin,-0.542372881356,1.239491884663,1,exclude_feature_when_training_fold_standard_deviation_is_zero
uct-10000-self-play,8,current_objective_state,2,leader_objective_piece_margin,0.559322033898,0.786995712966,1,exclude_feature_when_training_fold_standard_deviation_is_zero
uct-10000-self-play,8,current_objective_state,3,leader_secured_objective_margin,0.593220338983,0.49123311004,1,exclude_feature_when_training_fold_standard_deviation_is_zero
uct-10000-self-play,8,current_objective_state,3,leader_advantage_objective_margin,-0.593220338983,1.091083182334,1,exclude_feature_when_training_fold_standard_deviation_is_zero
uct-10000-self-play,8,current_objective_state,3,leader_objective_piece_margin,0.627118644068,0.607810883967,1,exclude_feature_when_training_fold_standard_deviation_is_zero
uct-10000-self-play,8,current_objective_state,4,leader_secured_objective_margin,0.616666666667,0.48619840486,1,exclude_feature_when_training_fold_standard_deviation_is_zero
uct-10000-self-play,8,current_objective_state,4,leader_advantage_objective_margin,-0.616666666667,1.156022875591,1,exclude_feature_when_training_fold_standard_deviation_is_zero
uct-10000-self-play,8,current_objective_state,4,leader_objective_piece_margin,0.55,0.804673846972,1,exclude_feature_when_training_fold_standard_deviation_is_zero
uct-10000-self-play,8,current_objective_state,5,leader_secured_objective_margin,0.616666666667,0.48619840486,1,exclude_feature_when_training_fold_standard_deviation_is_zero
uct-10000-self-play,8,current_objective_state,5,leader_advantage_objective_margin,-0.633333333333,1.182746333281,1,exclude_feature_when_training_fold_standard_deviation_is_zero
uct-10000-self-play,8,current_objective_state,5,leader_objective_piece_margin,0.533333333333,0.784573486396,1,exclude_feature_when_training_fold_standard_deviation_is_zero
uct-10000-self-play,8,objective_only,1,leader_secured_objective_margin,0.586206896552,0.492512305417,1,exclude_feature_when_training_fold_standard_deviation_is_zero
uct-10000-self-play,8,objective_only,1,leader_advantage_objective_margin,-0.586206896552,1.189530228321,1,exclude_feature_when_training_fold_standard_deviation_is_zero
uct-10000-self-play,8,objective_only,1,leader_objective_piece_margin,0.568965517241,0.768161014136,1,exclude_feature_when_training_fold_standard_deviation_is_zero
uct-10000-self-play,8,objective_only,1,live_objectives,14.931034482759,0.868253676691,1,exclude_feature_when_training_fold_standard_deviation_is_zero
uct-10000-self-play,8,objective_only,2,leader_secured_objective_margin,0.559322033898,0.496468424267,1,exclude_feature_when_training_fold_standard_deviation_is_zero
uct-10000-self-play,8,objective_only,2,leader_advantage_objective_margin,-0.542372881356,1.239491884663,1,exclude_feature_when_training_fold_standard_deviation_is_zero
uct-10000-self-play,8,objective_only,2,leader_objective_piece_margin,0.559322033898,0.786995712966,1,exclude_feature_when_training_fold_standard_deviation_is_zero
uct-10000-self-play,8,objective_only,2,live_objectives,14.864406779661,0.947031528454,1,exclude_feature_when_training_fold_standard_deviation_is_zero
uct-10000-self-play,8,objective_only,3,leader_secured_objective_margin,0.593220338983,0.49123311004,1,exclude_feature_when_training_fold_standard_deviation_is_zero
uct-10000-self-play,8,objective_only,3,leader_advantage_objective_margin,-0.593220338983,1.091083182334,1,exclude_feature_when_training_fold_standard_deviation_is_zero
uct-10000-self-play,8,objective_only,3,leader_objective_piece_margin,0.627118644068,0.607810883967,1,exclude_feature_when_training_fold_standard_deviation_is_zero
uct-10000-self-play,8,objective_only,3,live_objectives,14.898305084746,0.896224004502,1,exclude_feature_when_training_fold_standard_deviation_is_zero
uct-10000-self-play,8,objective_only,4,leader_secured_objective_margin,0.616666666667,0.48619840486,1,exclude_feature_when_training_fold_standard_deviation_is_zero
uct-10000-self-play,8,objective_only,4,leader_advantage_objective_margin,-0.616666666667,1.156022875591,1,exclude_feature_when_training_fold_standard_deviation_is_zero
uct-10000-self-play,8,objective_only,4,leader_objective_piece_margin,0.55,0.804673846972,1,exclude_feature_when_training_fold_standard_deviation_is_zero
uct-10000-self-play,8,objective_only,4,live_objectives,14.916666666667,0.881129325859,1,exclude_feature_when_training_fold_standard_deviation_is_zero
uct-10000-self-play,8,objective_only,5,leader_secured_objective_margin,0.616666666667,0.48619840486,1,exclude_feature_when_training_fold_standard_deviation_is_zero
uct-10000-self-play,8,objective_only,5,leader_advantage_objective_margin,-0.633333333333,1.182746333281,1,exclude_feature_when_training_fold_standard_deviation_is_zero
uct-10000-self-play,8,objective_only,5,leader_objective_piece_margin,0.533333333333,0.784573486396,1,exclude_feature_when_training_fold_standard_deviation_is_zero
uct-10000-self-play,8,objective_only,5,live_objectives,14.85,0.9456038635,1,exclude_feature_when_training_fold_standard_deviation_is_zero
uct-10000-self-play,8,supply_only,1,leader_secured_supply_margin,-0.155172413793,0.979122128586,1,exclude_feature_when_training_fold_standard_deviation_is_zero
uct-10000-self-play,8,supply_only,1,leader_unsecured_controlled_supply_margin,-0.413793103448,1.203937258627,1,exclude_feature_when_training_fold_standard_deviation_is_zero
uct-10000-self-play,8,supply_only,1,leader_usable_supply_support_edge_margin,-2.706896551724,3.073853140153,1,exclude_feature_when_training_fold_standard_deviation_is_zero
uct-10000-self-play,8,supply_only,1,leader_primary_important_control_margin,-0.293103448276,1.351992408284,1,exclude_feature_when_training_fold_standard_deviation_is_zero
uct-10000-self-play,8,supply_only,1,leader_recent_4_supply_source_usage_margin,0.379310344828,0.761749035668,1,exclude_feature_when_training_fold_standard_deviation_is_zero
uct-10000-self-play,8,supply_only,2,leader_secured_supply_margin,-0.067796610169,1.022864153872,1,exclude_feature_when_training_fold_standard_deviation_is_zero
uct-10000-self-play,8,supply_only,2,leader_unsecured_controlled_supply_margin,-0.491525423729,1.226444238314,1,exclude_feature_when_training_fold_standard_deviation_is_zero
uct-10000-self-play,8,supply_only,2,leader_usable_supply_support_edge_margin,-2.677966101695,3.137745482144,1,exclude_feature_when_training_fold_standard_deviation_is_zero
uct-10000-self-play,8,supply_only,2,leader_primary_important_control_margin,-0.406779661017,1.379248678648,1,exclude_feature_when_training_fold_standard_deviation_is_zero
uct-10000-self-play,8,supply_only,2,leader_recent_4_supply_source_usage_margin,0.389830508475,0.781501144637,1,exclude_feature_when_training_fold_standard_deviation_is_zero
uct-10000-self-play,8,supply_only,3,leader_secured_supply_margin,-0.016949152542,0.982758577242,1,exclude_feature_when_training_fold_standard_deviation_is_zero
uct-10000-self-play,8,supply_only,3,leader_unsecured_controlled_supply_margin,-0.610169491525,1.120183840126,1,exclude_feature_when_training_fold_standard_deviation_is_zero
uct-10000-self-play,8,supply_only,3,leader_usable_supply_support_edge_margin,-3.084745762712,2.423669550064,1,exclude_feature_when_training_fold_standard_deviation_is_zero
uct-10000-self-play,8,supply_only,3,leader_primary_important_control_margin,-0.338983050847,1.409533755003,1,exclude_feature_when_training_fold_standard_deviation_is_zero
uct-10000-self-play,8,supply_only,3,leader_recent_4_supply_source_usage_margin,0.305084745763,0.828603834683,1,exclude_feature_when_training_fold_standard_deviation_is_zero
uct-10000-self-play,8,supply_only,4,leader_secured_supply_margin,-0.083333333333,0.971110475464,1,exclude_feature_when_training_fold_standard_deviation_is_zero
uct-10000-self-play,8,supply_only,4,leader_unsecured_controlled_supply_margin,-0.466666666667,1.161416759346,1,exclude_feature_when_training_fold_standard_deviation_is_zero
uct-10000-self-play,8,supply_only,4,leader_usable_supply_support_edge_margin,-2.666666666667,3.197221015542,1,exclude_feature_when_training_fold_standard_deviation_is_zero
uct-10000-self-play,8,supply_only,4,leader_primary_important_control_margin,-0.266666666667,1.376791761871,1,exclude_feature_when_training_fold_standard_deviation_is_zero
uct-10000-self-play,8,supply_only,4,leader_recent_4_supply_source_usage_margin,0.4,0.8,1,exclude_feature_when_training_fold_standard_deviation_is_zero
uct-10000-self-play,8,supply_only,5,leader_secured_supply_margin,-0.016666666667,1.056593057373,1,exclude_feature_when_training_fold_standard_deviation_is_zero
uct-10000-self-play,8,supply_only,5,leader_unsecured_controlled_supply_margin,-0.516666666667,1.217807684142,1,exclude_feature_when_training_fold_standard_deviation_is_zero
uct-10000-self-play,8,supply_only,5,leader_usable_supply_support_edge_margin,-2.65,3.198046278589,1,exclude_feature_when_training_fold_standard_deviation_is_zero
uct-10000-self-play,8,supply_only,5,leader_primary_important_control_margin,-0.183333333333,1.431685098834,1,exclude_feature_when_training_fold_standard_deviation_is_zero
uct-10000-self-play,8,supply_only,5,leader_recent_4_supply_source_usage_margin,0.283333333333,0.797739862918,1,exclude_feature_when_training_fold_standard_deviation_is_zero
uct-10000-self-play,8,allocation_recent_trend,1,leader_cumulative_objective_share_margin,0.047413793103,0.064013417845,1,exclude_feature_when_training_fold_standard_deviation_is_zero
uct-10000-self-play,8,allocation_recent_trend,1,leader_recent_4_objective_placement_margin,0.379310344828,0.761749035668,1,exclude_feature_when_training_fold_standard_deviation_is_zero
uct-10000-self-play,8,allocation_recent_trend,1,leader_trend_4_secured_objective_margin,0.586206896552,0.492512305417,1,exclude_feature_when_training_fold_standard_deviation_is_zero
uct-10000-self-play,8,allocation_recent_trend,1,leader_trend_4_advantage_objective_margin,-0.689655172414,1.132694324528,1,exclude_feature_when_training_fold_standard_deviation_is_zero
uct-10000-self-play,8,allocation_recent_trend,1,leader_trend_4_support_edge_margin,-1.98275862069,3.065331052101,1,exclude_feature_when_training_fold_standard_deviation_is_zero
uct-10000-self-play,8,allocation_recent_trend,1,leader_recent_4_objective_allocation_change_margin,-0.045977011494,0.393667673323,1,exclude_feature_when_training_fold_standard_deviation_is_zero
uct-10000-self-play,8,allocation_recent_trend,2,leader_cumulative_objective_share_margin,0.046610169492,0.06558297608,1,exclude_feature_when_training_fold_standard_deviation_is_zero
uct-10000-self-play,8,allocation_recent_trend,2,leader_recent_4_objective_placement_margin,0.389830508475,0.781501144637,1,exclude_feature_when_training_fold_standard_deviation_is_zero
uct-10000-self-play,8,allocation_recent_trend,2,leader_trend_4_secured_objective_margin,0.559322033898,0.496468424267,1,exclude_feature_when_training_fold_standard_deviation_is_zero
uct-10000-self-play,8,allocation_recent_trend,2,leader_trend_4_advantage_objective_margin,-0.64406779661,1.16098601963,1,exclude_feature_when_training_fold_standard_deviation_is_zero
uct-10000-self-play,8,allocation_recent_trend,2,leader_trend_4_support_edge_margin,-1.830508474576,3.205675805282,1,exclude_feature_when_training_fold_standard_deviation_is_zero
uct-10000-self-play,8,allocation_recent_trend,2,leader_recent_4_objective_allocation_change_margin,-0.073446327684,0.373650977713,1,exclude_feature_when_training_fold_standard_deviation_is_zero
uct-10000-self-play,8,allocation_recent_trend,3,leader_cumulative_objective_share_margin,0.052259887006,0.050650906997,1,exclude_feature_when_training_fold_standard_deviation_is_zero
uct-10000-self-play,8,allocation_recent_trend,3,leader_recent_4_objective_placement_margin,0.305084745763,0.828603834683,1,exclude_feature_when_training_fold_standard_deviation_is_zero
uct-10000-self-play,8,allocation_recent_trend,3,leader_trend_4_secured_objective_margin,0.593220338983,0.49123311004,1,exclude_feature_when_training_fold_standard_deviation_is_zero
uct-10000-self-play,8,allocation_recent_trend,3,leader_trend_4_advantage_objective_margin,-0.779661016949,1.074635083671,1,exclude_feature_when_training_fold_standard_deviation_is_zero
uct-10000-self-play,8,allocation_recent_trend,3,leader_trend_4_support_edge_margin,-1.661016949153,3.387965588701,1,exclude_feature_when_training_fold_standard_deviation_is_zero
uct-10000-self-play,8,allocation_recent_trend,3,leader_recent_4_objective_allocation_change_margin,-0.067796610169,0.387077810914,1,exclude_feature_when_training_fold_standard_deviation_is_zero
uct-10000-self-play,8,allocation_recent_trend,4,leader_cumulative_objective_share_margin,0.045833333333,0.067056153914,1,exclude_feature_when_training_fold_standard_deviation_is_zero
uct-10000-self-play,8,allocation_recent_trend,4,leader_recent_4_objective_placement_margin,0.4,0.8,1,exclude_feature_when_training_fold_standard_deviation_is_zero
uct-10000-self-play,8,allocation_recent_trend,4,leader_trend_4_secured_objective_margin,0.616666666667,0.48619840486,1,exclude_feature_when_training_fold_standard_deviation_is_zero
uct-10000-self-play,8,allocation_recent_trend,4,leader_trend_4_advantage_objective_margin,-0.716666666667,1.126819516259,1,exclude_feature_when_training_fold_standard_deviation_is_zero
uct-10000-self-play,8,allocation_recent_trend,4,leader_trend_4_support_edge_margin,-2.0,3.172801075811,1,exclude_feature_when_training_fold_standard_deviation_is_zero
uct-10000-self-play,8,allocation_recent_trend,4,leader_recent_4_objective_allocation_change_margin,-0.033333333333,0.342647643225,1,exclude_feature_when_training_fold_standard_deviation_is_zero
uct-10000-self-play,8,allocation_recent_trend,5,leader_cumulative_objective_share_margin,0.044444444444,0.065381123866,1,exclude_feature_when_training_fold_standard_deviation_is_zero
uct-10000-self-play,8,allocation_recent_trend,5,leader_recent_4_objective_placement_margin,0.283333333333,0.797739862918,1,exclude_feature_when_training_fold_standard_deviation_is_zero
uct-10000-self-play,8,allocation_recent_trend,5,leader_trend_4_secured_objective_margin,0.616666666667,0.48619840486,1,exclude_feature_when_training_fold_standard_deviation_is_zero
uct-10000-self-play,8,allocation_recent_trend,5,leader_trend_4_advantage_objective_margin,-0.75,1.104913269598,1,exclude_feature_when_training_fold_standard_deviation_is_zero
uct-10000-self-play,8,allocation_recent_trend,5,leader_trend_4_support_edge_margin,-1.583333333333,3.417073146552,1,exclude_feature_when_training_fold_standard_deviation_is_zero
uct-10000-self-play,8,allocation_recent_trend,5,leader_recent_4_objective_allocation_change_margin,-0.05,0.379204821035,1,exclude_feature_when_training_fold_standard_deviation_is_zero
uct-10000-self-play,8,combined,1,leader_secured_objective_margin,0.586206896552,0.492512305417,1,exclude_feature_when_training_fold_standard_deviation_is_zero
uct-10000-self-play,8,combined,1,leader_advantage_objective_margin,-0.586206896552,1.189530228321,1,exclude_feature_when_training_fold_standard_deviation_is_zero
uct-10000-self-play,8,combined,1,leader_objective_piece_margin,0.568965517241,0.768161014136,1,exclude_feature_when_training_fold_standard_deviation_is_zero
uct-10000-self-play,8,combined,1,live_objectives,14.931034482759,0.868253676691,1,exclude_feature_when_training_fold_standard_deviation_is_zero
uct-10000-self-play,8,combined,1,leader_secured_supply_margin,-0.155172413793,0.979122128586,1,exclude_feature_when_training_fold_standard_deviation_is_zero
uct-10000-self-play,8,combined,1,leader_unsecured_controlled_supply_margin,-0.413793103448,1.203937258627,1,exclude_feature_when_training_fold_standard_deviation_is_zero
uct-10000-self-play,8,combined,1,leader_usable_supply_support_edge_margin,-2.706896551724,3.073853140153,1,exclude_feature_when_training_fold_standard_deviation_is_zero
uct-10000-self-play,8,combined,1,leader_primary_important_control_margin,-0.293103448276,1.351992408284,1,exclude_feature_when_training_fold_standard_deviation_is_zero
uct-10000-self-play,8,combined,1,leader_recent_4_supply_source_usage_margin,0.379310344828,0.761749035668,1,exclude_feature_when_training_fold_standard_deviation_is_zero
uct-10000-self-play,8,combined,1,leader_cumulative_objective_share_margin,0.047413793103,0.064013417845,1,exclude_feature_when_training_fold_standard_deviation_is_zero
uct-10000-self-play,8,combined,1,leader_recent_4_objective_placement_margin,0.379310344828,0.761749035668,1,exclude_feature_when_training_fold_standard_deviation_is_zero
uct-10000-self-play,8,combined,1,leader_trend_4_secured_objective_margin,0.586206896552,0.492512305417,1,exclude_feature_when_training_fold_standard_deviation_is_zero
uct-10000-self-play,8,combined,1,leader_trend_4_advantage_objective_margin,-0.689655172414,1.132694324528,1,exclude_feature_when_training_fold_standard_deviation_is_zero
uct-10000-self-play,8,combined,1,leader_trend_4_support_edge_margin,-1.98275862069,3.065331052101,1,exclude_feature_when_training_fold_standard_deviation_is_zero
uct-10000-self-play,8,combined,1,leader_recent_4_objective_allocation_change_margin,-0.045977011494,0.393667673323,1,exclude_feature_when_training_fold_standard_deviation_is_zero
uct-10000-self-play,8,combined,2,leader_secured_objective_margin,0.559322033898,0.496468424267,1,exclude_feature_when_training_fold_standard_deviation_is_zero
uct-10000-self-play,8,combined,2,leader_advantage_objective_margin,-0.542372881356,1.239491884663,1,exclude_feature_when_training_fold_standard_deviation_is_zero
uct-10000-self-play,8,combined,2,leader_objective_piece_margin,0.559322033898,0.786995712966,1,exclude_feature_when_training_fold_standard_deviation_is_zero
uct-10000-self-play,8,combined,2,live_objectives,14.864406779661,0.947031528454,1,exclude_feature_when_training_fold_standard_deviation_is_zero
uct-10000-self-play,8,combined,2,leader_secured_supply_margin,-0.067796610169,1.022864153872,1,exclude_feature_when_training_fold_standard_deviation_is_zero
uct-10000-self-play,8,combined,2,leader_unsecured_controlled_supply_margin,-0.491525423729,1.226444238314,1,exclude_feature_when_training_fold_standard_deviation_is_zero
uct-10000-self-play,8,combined,2,leader_usable_supply_support_edge_margin,-2.677966101695,3.137745482144,1,exclude_feature_when_training_fold_standard_deviation_is_zero
uct-10000-self-play,8,combined,2,leader_primary_important_control_margin,-0.406779661017,1.379248678648,1,exclude_feature_when_training_fold_standard_deviation_is_zero
uct-10000-self-play,8,combined,2,leader_recent_4_supply_source_usage_margin,0.389830508475,0.781501144637,1,exclude_feature_when_training_fold_standard_deviation_is_zero
uct-10000-self-play,8,combined,2,leader_cumulative_objective_share_margin,0.046610169492,0.06558297608,1,exclude_feature_when_training_fold_standard_deviation_is_zero
uct-10000-self-play,8,combined,2,leader_recent_4_objective_placement_margin,0.389830508475,0.781501144637,1,exclude_feature_when_training_fold_standard_deviation_is_zero
uct-10000-self-play,8,combined,2,leader_trend_4_secured_objective_margin,0.559322033898,0.496468424267,1,exclude_feature_when_training_fold_standard_deviation_is_zero
uct-10000-self-play,8,combined,2,leader_trend_4_advantage_objective_margin,-0.64406779661,1.16098601963,1,exclude_feature_when_training_fold_standard_deviation_is_zero
uct-10000-self-play,8,combined,2,leader_trend_4_support_edge_margin,-1.830508474576,3.205675805282,1,exclude_feature_when_training_fold_standard_deviation_is_zero
uct-10000-self-play,8,combined,2,leader_recent_4_objective_allocation_change_margin,-0.073446327684,0.373650977713,1,exclude_feature_when_training_fold_standard_deviation_is_zero
uct-10000-self-play,8,combined,3,leader_secured_objective_margin,0.593220338983,0.49123311004,1,exclude_feature_when_training_fold_standard_deviation_is_zero
uct-10000-self-play,8,combined,3,leader_advantage_objective_margin,-0.593220338983,1.091083182334,1,exclude_feature_when_training_fold_standard_deviation_is_zero
uct-10000-self-play,8,combined,3,leader_objective_piece_margin,0.627118644068,0.607810883967,1,exclude_feature_when_training_fold_standard_deviation_is_zero
uct-10000-self-play,8,combined,3,live_objectives,14.898305084746,0.896224004502,1,exclude_feature_when_training_fold_standard_deviation_is_zero
uct-10000-self-play,8,combined,3,leader_secured_supply_margin,-0.016949152542,0.982758577242,1,exclude_feature_when_training_fold_standard_deviation_is_zero
uct-10000-self-play,8,combined,3,leader_unsecured_controlled_supply_margin,-0.610169491525,1.120183840126,1,exclude_feature_when_training_fold_standard_deviation_is_zero
uct-10000-self-play,8,combined,3,leader_usable_supply_support_edge_margin,-3.084745762712,2.423669550064,1,exclude_feature_when_training_fold_standard_deviation_is_zero
uct-10000-self-play,8,combined,3,leader_primary_important_control_margin,-0.338983050847,1.409533755003,1,exclude_feature_when_training_fold_standard_deviation_is_zero
uct-10000-self-play,8,combined,3,leader_recent_4_supply_source_usage_margin,0.305084745763,0.828603834683,1,exclude_feature_when_training_fold_standard_deviation_is_zero
uct-10000-self-play,8,combined,3,leader_cumulative_objective_share_margin,0.052259887006,0.050650906997,1,exclude_feature_when_training_fold_standard_deviation_is_zero
uct-10000-self-play,8,combined,3,leader_recent_4_objective_placement_margin,0.305084745763,0.828603834683,1,exclude_feature_when_training_fold_standard_deviation_is_zero
uct-10000-self-play,8,combined,3,leader_trend_4_secured_objective_margin,0.593220338983,0.49123311004,1,exclude_feature_when_training_fold_standard_deviation_is_zero
uct-10000-self-play,8,combined,3,leader_trend_4_advantage_objective_margin,-0.779661016949,1.074635083671,1,exclude_feature_when_training_fold_standard_deviation_is_zero
uct-10000-self-play,8,combined,3,leader_trend_4_support_edge_margin,-1.661016949153,3.387965588701,1,exclude_feature_when_training_fold_standard_deviation_is_zero
uct-10000-self-play,8,combined,3,leader_recent_4_objective_allocation_change_margin,-0.067796610169,0.387077810914,1,exclude_feature_when_training_fold_standard_deviation_is_zero
uct-10000-self-play,8,combined,4,leader_secured_objective_margin,0.616666666667,0.48619840486,1,exclude_feature_when_training_fold_standard_deviation_is_zero
uct-10000-self-play,8,combined,4,leader_advantage_objective_margin,-0.616666666667,1.156022875591,1,exclude_feature_when_training_fold_standard_deviation_is_zero
uct-10000-self-play,8,combined,4,leader_objective_piece_margin,0.55,0.804673846972,1,exclude_feature_when_training_fold_standard_deviation_is_zero
uct-10000-self-play,8,combined,4,live_objectives,14.916666666667,0.881129325859,1,exclude_feature_when_training_fold_standard_deviation_is_zero
uct-10000-self-play,8,combined,4,leader_secured_supply_margin,-0.083333333333,0.971110475464,1,exclude_feature_when_training_fold_standard_deviation_is_zero
uct-10000-self-play,8,combined,4,leader_unsecured_controlled_supply_margin,-0.466666666667,1.161416759346,1,exclude_feature_when_training_fold_standard_deviation_is_zero
uct-10000-self-play,8,combined,4,leader_usable_supply_support_edge_margin,-2.666666666667,3.197221015542,1,exclude_feature_when_training_fold_standard_deviation_is_zero
uct-10000-self-play,8,combined,4,leader_primary_important_control_margin,-0.266666666667,1.376791761871,1,exclude_feature_when_training_fold_standard_deviation_is_zero
uct-10000-self-play,8,combined,4,leader_recent_4_supply_source_usage_margin,0.4,0.8,1,exclude_feature_when_training_fold_standard_deviation_is_zero
uct-10000-self-play,8,combined,4,leader_cumulative_objective_share_margin,0.045833333333,0.067056153914,1,exclude_feature_when_training_fold_standard_deviation_is_zero
uct-10000-self-play,8,combined,4,leader_recent_4_objective_placement_margin,0.4,0.8,1,exclude_feature_when_training_fold_standard_deviation_is_zero
uct-10000-self-play,8,combined,4,leader_trend_4_secured_objective_margin,0.616666666667,0.48619840486,1,exclude_feature_when_training_fold_standard_deviation_is_zero
uct-10000-self-play,8,combined,4,leader_trend_4_advantage_objective_margin,-0.716666666667,1.126819516259,1,exclude_feature_when_training_fold_standard_deviation_is_zero
uct-10000-self-play,8,combined,4,leader_trend_4_support_edge_margin,-2.0,3.172801075811,1,exclude_feature_when_training_fold_standard_deviation_is_zero
uct-10000-self-play,8,combined,4,leader_recent_4_objective_allocation_change_margin,-0.033333333333,0.342647643225,1,exclude_feature_when_training_fold_standard_deviation_is_zero
uct-10000-self-play,8,combined,5,leader_secured_objective_margin,0.616666666667,0.48619840486,1,exclude_feature_when_training_fold_standard_deviation_is_zero
uct-10000-self-play,8,combined,5,leader_advantage_objective_margin,-0.633333333333,1.182746333281,1,exclude_feature_when_training_fold_standard_deviation_is_zero
uct-10000-self-play,8,combined,5,leader_objective_piece_margin,0.533333333333,0.784573486396,1,exclude_feature_when_training_fold_standard_deviation_is_zero
uct-10000-self-play,8,combined,5,live_objectives,14.85,0.9456038635,1,exclude_feature_when_training_fold_standard_deviation_is_zero
uct-10000-self-play,8,combined,5,leader_secured_supply_margin,-0.016666666667,1.056593057373,1,exclude_feature_when_training_fold_standard_deviation_is_zero
uct-10000-self-play,8,combined,5,leader_unsecured_controlled_supply_margin,-0.516666666667,1.217807684142,1,exclude_feature_when_training_fold_standard_deviation_is_zero
uct-10000-self-play,8,combined,5,leader_usable_supply_support_edge_margin,-2.65,3.198046278589,1,exclude_feature_when_training_fold_standard_deviation_is_zero
uct-10000-self-play,8,combined,5,leader_primary_important_control_margin,-0.183333333333,1.431685098834,1,exclude_feature_when_training_fold_standard_deviation_is_zero
uct-10000-self-play,8,combined,5,leader_recent_4_supply_source_usage_margin,0.283333333333,0.797739862918,1,exclude_feature_when_training_fold_standard_deviation_is_zero
uct-10000-self-play,8,combined,5,leader_cumulative_objective_share_margin,0.044444444444,0.065381123866,1,exclude_feature_when_training_fold_standard_deviation_is_zero
uct-10000-self-play,8,combined,5,leader_recent_4_objective_placement_margin,0.283333333333,0.797739862918,1,exclude_feature_when_training_fold_standard_deviation_is_zero
uct-10000-self-play,8,combined,5,leader_trend_4_secured_objective_margin,0.616666666667,0.48619840486,1,exclude_feature_when_training_fold_standard_deviation_is_zero
uct-10000-self-play,8,combined,5,leader_trend_4_advantage_objective_margin,-0.75,1.104913269598,1,exclude_feature_when_training_fold_standard_deviation_is_zero
uct-10000-self-play,8,combined,5,leader_trend_4_support_edge_margin,-1.583333333333,3.417073146552,1,exclude_feature_when_training_fold_standard_deviation_is_zero
uct-10000-self-play,8,combined,5,leader_recent_4_objective_allocation_change_margin,-0.05,0.379204821035,1,exclude_feature_when_training_fold_standard_deviation_is_zero
uct-10000-self-play,12,decisive_margin_only,1,decisive_margin,1.122807017544,0.328215560243,1,exclude_feature_when_training_fold_standard_deviation_is_zero
uct-10000-self-play,12,decisive_margin_only,2,decisive_margin,1.122807017544,0.328215560243,1,exclude_feature_when_training_fold_standard_deviation_is_zero
uct-10000-self-play,12,decisive_margin_only,3,decisive_margin,1.103448275862,0.304543478149,1,exclude_feature_when_training_fold_standard_deviation_is_zero
uct-10000-self-play,12,decisive_margin_only,4,decisive_margin,1.068965517241,0.253395490633,1,exclude_feature_when_training_fold_standard_deviation_is_zero
uct-10000-self-play,12,decisive_margin_only,5,decisive_margin,1.068965517241,0.253395490633,1,exclude_feature_when_training_fold_standard_deviation_is_zero
uct-10000-self-play,12,current_objective_state,1,leader_secured_objective_margin,0.754385964912,0.656431120487,1,exclude_feature_when_training_fold_standard_deviation_is_zero
uct-10000-self-play,12,current_objective_state,1,leader_advantage_objective_margin,-0.561403508772,1.270689049981,1,exclude_feature_when_training_fold_standard_deviation_is_zero
uct-10000-self-play,12,current_objective_state,1,leader_objective_piece_margin,0.40350877193,0.745975144753,1,exclude_feature_when_training_fold_standard_deviation_is_zero
uct-10000-self-play,12,current_objective_state,2,leader_secured_objective_margin,0.701754385965,0.674469571465,1,exclude_feature_when_training_fold_standard_deviation_is_zero
uct-10000-self-play,12,current_objective_state,2,leader_advantage_objective_margin,-0.543859649123,1.351674405913,1,exclude_feature_when_training_fold_standard_deviation_is_zero
uct-10000-self-play,12,current_objective_state,2,leader_objective_piece_margin,0.385964912281,0.74349544212,1,exclude_feature_when_training_fold_standard_deviation_is_zero
uct-10000-self-play,12,current_objective_state,3,leader_secured_objective_margin,0.741379310345,0.631373566331,1,exclude_feature_when_training_fold_standard_deviation_is_zero
uct-10000-self-play,12,current_objective_state,3,leader_advantage_objective_margin,-0.603448275862,1.216831033696,1,exclude_feature_when_training_fold_standard_deviation_is_zero
uct-10000-self-play,12,current_objective_state,3,leader_objective_piece_margin,0.379310344828,0.761749035668,1,exclude_feature_when_training_fold_standard_deviation_is_zero
uct-10000-self-play,12,current_objective_state,4,leader_secured_objective_margin,0.689655172414,0.59326381152,1,exclude_feature_when_training_fold_standard_deviation_is_zero
uct-10000-self-play,12,current_objective_state,4,leader_advantage_objective_margin,-0.637931034483,1.282485139553,1,exclude_feature_when_training_fold_standard_deviation_is_zero
uct-10000-self-play,12,current_objective_state,4,leader_objective_piece_margin,0.362068965517,0.711924924899,1,exclude_feature_when_training_fold_standard_deviation_is_zero
uct-10000-self-play,12,current_objective_state,5,leader_secured_objective_margin,0.724137931034,0.58111377746,1,exclude_feature_when_training_fold_standard_deviation_is_zero
uct-10000-self-play,12,current_objective_state,5,leader_advantage_objective_margin,-0.568965517241,1.205047845173,1,exclude_feature_when_training_fold_standard_deviation_is_zero
uct-10000-self-play,12,current_objective_state,5,leader_objective_piece_margin,0.344827586207,0.70836684773,1,exclude_feature_when_training_fold_standard_deviation_is_zero
uct-10000-self-play,12,objective_only,1,leader_secured_objective_margin,0.754385964912,0.656431120487,1,exclude_feature_when_training_fold_standard_deviation_is_zero
uct-10000-self-play,12,objective_only,1,leader_advantage_objective_margin,-0.561403508772,1.270689049981,1,exclude_feature_when_training_fold_standard_deviation_is_zero
uct-10000-self-play,12,objective_only,1,leader_objective_piece_margin,0.40350877193,0.745975144753,1,exclude_feature_when_training_fold_standard_deviation_is_zero
uct-10000-self-play,12,objective_only,1,live_objectives,12.754385964912,1.301560490596,1,exclude_feature_when_training_fold_standard_deviation_is_zero
uct-10000-self-play,12,objective_only,2,leader_secured_objective_margin,0.701754385965,0.674469571465,1,exclude_feature_when_training_fold_standard_deviation_is_zero
uct-10000-self-play,12,objective_only,2,leader_advantage_objective_margin,-0.543859649123,1.351674405913,1,exclude_feature_when_training_fold_standard_deviation_is_zero
uct-10000-self-play,12,objective_only,2,leader_objective_piece_margin,0.385964912281,0.74349544212,1,exclude_feature_when_training_fold_standard_deviation_is_zero
uct-10000-self-play,12,objective_only,2,live_objectives,12.631578947368,1.292781293119,1,exclude_feature_when_training_fold_standard_deviation_is_zero
uct-10000-self-play,12,objective_only,3,leader_secured_objective_margin,0.741379310345,0.631373566331,1,exclude_feature_when_training_fold_standard_deviation_is_zero
uct-10000-self-play,12,objective_only,3,leader_advantage_objective_margin,-0.603448275862,1.216831033696,1,exclude_feature_when_training_fold_standard_deviation_is_zero
uct-10000-self-play,12,objective_only,3,leader_objective_piece_margin,0.379310344828,0.761749035668,1,exclude_feature_when_training_fold_standard_deviation_is_zero
uct-10000-self-play,12,objective_only,3,live_objectives,12.844827586207,1.270374966882,1,exclude_feature_when_training_fold_standard_deviation_is_zero
uct-10000-self-play,12,objective_only,4,leader_secured_objective_margin,0.689655172414,0.59326381152,1,exclude_feature_when_training_fold_standard_deviation_is_zero
uct-10000-self-play,12,objective_only,4,leader_advantage_objective_margin,-0.637931034483,1.282485139553,1,exclude_feature_when_training_fold_standard_deviation_is_zero
uct-10000-self-play,12,objective_only,4,leader_objective_piece_margin,0.362068965517,0.711924924899,1,exclude_feature_when_training_fold_standard_deviation_is_zero
uct-10000-self-play,12,objective_only,4,live_objectives,12.51724137931,1.235137564729,1,exclude_feature_when_training_fold_standard_deviation_is_zero
uct-10000-self-play,12,objective_only,5,leader_secured_objective_margin,0.724137931034,0.58111377746,1,exclude_feature_when_training_fold_standard_deviation_is_zero
uct-10000-self-play,12,objective_only,5,leader_advantage_objective_margin,-0.568965517241,1.205047845173,1,exclude_feature_when_training_fold_standard_deviation_is_zero
uct-10000-self-play,12,objective_only,5,leader_objective_piece_margin,0.344827586207,0.70836684773,1,exclude_feature_when_training_fold_standard_deviation_is_zero
uct-10000-self-play,12,objective_only,5,live_objectives,12.724137931034,1.310344827586,1,exclude_feature_when_training_fold_standard_deviation_is_zero
uct-10000-self-play,12,supply_only,1,leader_secured_supply_margin,-0.017543859649,1.03434406828,1,exclude_feature_when_training_fold_standard_deviation_is_zero
uct-10000-self-play,12,supply_only,1,leader_unsecured_controlled_supply_margin,-0.385964912281,1.195817065821,1,exclude_feature_when_training_fold_standard_deviation_is_zero
uct-10000-self-play,12,supply_only,1,leader_usable_supply_support_edge_margin,-2.122807017544,2.871946435987,1,exclude_feature_when_training_fold_standard_deviation_is_zero
uct-10000-self-play,12,supply_only,1,leader_primary_important_control_margin,-0.263157894737,1.277694137265,1,exclude_feature_when_training_fold_standard_deviation_is_zero
uct-10000-self-play,12,supply_only,1,leader_recent_4_supply_source_usage_margin,-0.052631578947,0.906527065457,1,exclude_feature_when_training_fold_standard_deviation_is_zero
uct-10000-self-play,12,supply_only,2,leader_secured_supply_margin,-0.035087719298,1.025378189207,1,exclude_feature_when_training_fold_standard_deviation_is_zero
uct-10000-self-play,12,supply_only,2,leader_unsecured_controlled_supply_margin,-0.350877192982,1.290875237835,1,exclude_feature_when_training_fold_standard_deviation_is_zero
uct-10000-self-play,12,supply_only,2,leader_usable_supply_support_edge_margin,-2.350877192982,2.639053711786,1,exclude_feature_when_training_fold_standard_deviation_is_zero
uct-10000-self-play,12,supply_only,2,leader_primary_important_control_margin,-0.245614035088,1.203513886747,1,exclude_feature_when_training_fold_standard_deviation_is_zero
uct-10000-self-play,12,supply_only,2,leader_recent_4_supply_source_usage_margin,0.035087719298,0.877894456365,1,exclude_feature_when_training_fold_standard_deviation_is_zero
uct-10000-self-play,12,supply_only,3,leader_secured_supply_margin,0.051724137931,1.073544143176,1,exclude_feature_when_training_fold_standard_deviation_is_zero
uct-10000-self-play,12,supply_only,3,leader_unsecured_controlled_supply_margin,-0.431034482759,1.219271531603,1,exclude_feature_when_training_fold_standard_deviation_is_zero
uct-10000-self-play,12,supply_only,3,leader_usable_supply_support_edge_margin,-2.206896551724,2.85728723943,1,exclude_feature_when_training_fold_standard_deviation_is_zero
uct-10000-self-play,12,supply_only,3,leader_primary_important_control_margin,-0.241379310345,1.290687398084,1,exclude_feature_when_training_fold_standard_deviation_is_zero
uct-10000-self-play,12,supply_only,3,leader_recent_4_supply_source_usage_margin,0.086206896552,0.896054238634,1,exclude_feature_when_training_fold_standard_deviation_is_zero
uct-10000-self-play,12,supply_only,4,leader_secured_supply_margin,-0.034482758621,0.999405292841,1,exclude_feature_when_training_fold_standard_deviation_is_zero
uct-10000-self-play,12,supply_only,4,leader_unsecured_controlled_supply_margin,-0.327586206897,1.135446608692,1,exclude_feature_when_training_fold_standard_deviation_is_zero
uct-10000-self-play,12,supply_only,4,leader_usable_supply_support_edge_margin,-2.103448275862,2.850829614113,1,exclude_feature_when_training_fold_standard_deviation_is_zero
uct-10000-self-play,12,supply_only,4,leader_primary_important_control_margin,-0.224137931034,1.246278646104,1,exclude_feature_when_training_fold_standard_deviation_is_zero
uct-10000-self-play,12,supply_only,4,leader_recent_4_supply_source_usage_margin,-0.034482758621,0.808692372383,1,exclude_feature_when_training_fold_standard_deviation_is_zero
uct-10000-self-play,12,supply_only,5,leader_secured_supply_margin,0.034482758621,1.066181023017,1,exclude_feature_when_training_fold_standard_deviation_is_zero
uct-10000-self-play,12,supply_only,5,leader_unsecured_controlled_supply_margin,-0.379310344828,1.18652762304,1,exclude_feature_when_training_fold_standard_deviation_is_zero
uct-10000-self-play,12,supply_only,5,leader_usable_supply_support_edge_margin,-2.120689655172,2.767281662614,1,exclude_feature_when_training_fold_standard_deviation_is_zero
uct-10000-self-play,12,supply_only,5,leader_primary_important_control_margin,-0.137931034483,1.224016506848,1,exclude_feature_when_training_fold_standard_deviation_is_zero
uct-10000-self-play,12,supply_only,5,leader_recent_4_supply_source_usage_margin,-0.034482758621,0.82973858038,1,exclude_feature_when_training_fold_standard_deviation_is_zero
uct-10000-self-play,12,allocation_recent_trend,1,leader_cumulative_objective_share_margin,0.022417153996,0.041443063597,1,exclude_feature_when_training_fold_standard_deviation_is_zero
uct-10000-self-play,12,allocation_recent_trend,1,leader_recent_4_objective_placement_margin,-0.052631578947,0.906527065457,1,exclude_feature_when_training_fold_standard_deviation_is_zero
uct-10000-self-play,12,allocation_recent_trend,1,leader_trend_4_secured_objective_margin,0.614035087719,0.832548106506,1,exclude_feature_when_training_fold_standard_deviation_is_zero
uct-10000-self-play,12,allocation_recent_trend,1,leader_trend_4_advantage_objective_margin,-0.543859649123,1.556764249227,1,exclude_feature_when_training_fold_standard_deviation_is_zero
uct-10000-self-play,12,allocation_recent_trend,1,leader_trend_4_support_edge_margin,-0.421052631579,3.915544229257,1,exclude_feature_when_training_fold_standard_deviation_is_zero
uct-10000-self-play,12,allocation_recent_trend,1,leader_recent_4_objective_allocation_change_margin,0.052631578947,0.357539096319,1,exclude_feature_when_training_fold_standard_deviation_is_zero
uct-10000-self-play,12,allocation_recent_trend,2,leader_cumulative_objective_share_margin,0.021442495127,0.04130530234,1,exclude_feature_when_training_fold_standard_deviation_is_zero
uct-10000-self-play,12,allocation_recent_trend,2,leader_recent_4_objective_placement_margin,0.035087719298,0.877894456365,1,exclude_feature_when_training_fold_standard_deviation_is_zero
uct-10000-self-play,12,allocation_recent_trend,2,leader_trend_4_secured_objective_margin,0.614035087719,0.912955216229,1,exclude_feature_when_training_fold_standard_deviation_is_zero
uct-10000-self-play,12,allocation_recent_trend,2,leader_trend_4_advantage_objective_margin,-0.543859649123,1.747882683431,1,exclude_feature_when_training_fold_standard_deviation_is_zero
uct-10000-self-play,12,allocation_recent_trend,2,leader_trend_4_support_edge_margin,-0.982456140351,3.576194331576,1,exclude_feature_when_training_fold_standard_deviation_is_zero
uct-10000-self-play,12,allocation_recent_trend,2,leader_recent_4_objective_allocation_change_margin,0.081871345029,0.332048410914,1,exclude_feature_when_training_fold_standard_deviation_is_zero
uct-10000-self-play,12,allocation_recent_trend,3,leader_cumulative_objective_share_margin,0.021072796935,0.04231939087,1,exclude_feature_when_training_fold_standard_deviation_is_zero
uct-10000-self-play,12,allocation_recent_trend,3,leader_recent_4_objective_placement_margin,0.086206896552,0.896054238634,1,exclude_feature_when_training_fold_standard_deviation_is_zero
uct-10000-self-play,12,allocation_recent_trend,3,leader_trend_4_secured_objective_margin,0.655172413793,0.881842196727,1,exclude_feature_when_training_fold_standard_deviation_is_zero
uct-10000-self-play,12,allocation_recent_trend,3,leader_trend_4_advantage_objective_margin,-0.586206896552,1.640379295485,1,exclude_feature_when_training_fold_standard_deviation_is_zero
uct-10000-self-play,12,allocation_recent_trend,3,leader_trend_4_support_edge_margin,-1.137931034483,3.771253682805,1,exclude_feature_when_training_fold_standard_deviation_is_zero
uct-10000-self-play,12,allocation_recent_trend,3,leader_recent_4_objective_allocation_change_margin,0.086206896552,0.347736770285,1,exclude_feature_when_training_fold_standard_deviation_is_zero
uct-10000-self-play,12,allocation_recent_trend,4,leader_cumulative_objective_share_margin,0.020114942529,0.039551384717,1,exclude_feature_when_training_fold_standard_deviation_is_zero
uct-10000-self-play,12,allocation_recent_trend,4,leader_recent_4_objective_placement_margin,-0.034482758621,0.808692372383,1,exclude_feature_when_training_fold_standard_deviation_is_zero
uct-10000-self-play,12,allocation_recent_trend,4,leader_trend_4_secured_objective_margin,0.637931034483,0.884702869701,1,exclude_feature_when_training_fold_standard_deviation_is_zero
uct-10000-self-play,12,allocation_recent_trend,4,leader_trend_4_advantage_objective_margin,-0.706896551724,1.671346975776,1,exclude_feature_when_training_fold_standard_deviation_is_zero
uct-10000-self-play,12,allocation_recent_trend,4,leader_trend_4_support_edge_margin,-0.5,3.625817387037,1,exclude_feature_when_training_fold_standard_deviation_is_zero
uct-10000-self-play,12,allocation_recent_trend,4,leader_recent_4_objective_allocation_change_margin,0.126436781609,0.320605188069,1,exclude_feature_when_training_fold_standard_deviation_is_zero
uct-10000-self-play,12,allocation_recent_trend,5,leader_cumulative_objective_share_margin,0.019157088123,0.039353713763,1,exclude_feature_when_training_fold_standard_deviation_is_zero
uct-10000-self-play,12,allocation_recent_trend,5,leader_recent_4_objective_placement_margin,-0.034482758621,0.82973858038,1,exclude_feature_when_training_fold_standard_deviation_is_zero
uct-10000-self-play,12,allocation_recent_trend,5,leader_trend_4_secured_objective_margin,0.603448275862,0.849739415886,1,exclude_feature_when_training_fold_standard_deviation_is_zero
uct-10000-self-play,12,allocation_recent_trend,5,leader_trend_4_advantage_objective_margin,-0.534482758621,1.610477732092,1,exclude_feature_when_training_fold_standard_deviation_is_zero
uct-10000-self-play,12,allocation_recent_trend,5,leader_trend_4_support_edge_margin,-0.706896551724,3.718586219527,1,exclude_feature_when_training_fold_standard_deviation_is_zero
uct-10000-self-play,12,allocation_recent_trend,5,leader_recent_4_objective_allocation_change_margin,0.068965517241,0.320192833958,1,exclude_feature_when_training_fold_standard_deviation_is_zero
uct-10000-self-play,12,combined,1,leader_secured_objective_margin,0.754385964912,0.656431120487,1,exclude_feature_when_training_fold_standard_deviation_is_zero
uct-10000-self-play,12,combined,1,leader_advantage_objective_margin,-0.561403508772,1.270689049981,1,exclude_feature_when_training_fold_standard_deviation_is_zero
uct-10000-self-play,12,combined,1,leader_objective_piece_margin,0.40350877193,0.745975144753,1,exclude_feature_when_training_fold_standard_deviation_is_zero
uct-10000-self-play,12,combined,1,live_objectives,12.754385964912,1.301560490596,1,exclude_feature_when_training_fold_standard_deviation_is_zero
uct-10000-self-play,12,combined,1,leader_secured_supply_margin,-0.017543859649,1.03434406828,1,exclude_feature_when_training_fold_standard_deviation_is_zero
uct-10000-self-play,12,combined,1,leader_unsecured_controlled_supply_margin,-0.385964912281,1.195817065821,1,exclude_feature_when_training_fold_standard_deviation_is_zero
uct-10000-self-play,12,combined,1,leader_usable_supply_support_edge_margin,-2.122807017544,2.871946435987,1,exclude_feature_when_training_fold_standard_deviation_is_zero
uct-10000-self-play,12,combined,1,leader_primary_important_control_margin,-0.263157894737,1.277694137265,1,exclude_feature_when_training_fold_standard_deviation_is_zero
uct-10000-self-play,12,combined,1,leader_recent_4_supply_source_usage_margin,-0.052631578947,0.906527065457,1,exclude_feature_when_training_fold_standard_deviation_is_zero
uct-10000-self-play,12,combined,1,leader_cumulative_objective_share_margin,0.022417153996,0.041443063597,1,exclude_feature_when_training_fold_standard_deviation_is_zero
uct-10000-self-play,12,combined,1,leader_recent_4_objective_placement_margin,-0.052631578947,0.906527065457,1,exclude_feature_when_training_fold_standard_deviation_is_zero
uct-10000-self-play,12,combined,1,leader_trend_4_secured_objective_margin,0.614035087719,0.832548106506,1,exclude_feature_when_training_fold_standard_deviation_is_zero
uct-10000-self-play,12,combined,1,leader_trend_4_advantage_objective_margin,-0.543859649123,1.556764249227,1,exclude_feature_when_training_fold_standard_deviation_is_zero
uct-10000-self-play,12,combined,1,leader_trend_4_support_edge_margin,-0.421052631579,3.915544229257,1,exclude_feature_when_training_fold_standard_deviation_is_zero
uct-10000-self-play,12,combined,1,leader_recent_4_objective_allocation_change_margin,0.052631578947,0.357539096319,1,exclude_feature_when_training_fold_standard_deviation_is_zero
uct-10000-self-play,12,combined,2,leader_secured_objective_margin,0.701754385965,0.674469571465,1,exclude_feature_when_training_fold_standard_deviation_is_zero
uct-10000-self-play,12,combined,2,leader_advantage_objective_margin,-0.543859649123,1.351674405913,1,exclude_feature_when_training_fold_standard_deviation_is_zero
uct-10000-self-play,12,combined,2,leader_objective_piece_margin,0.385964912281,0.74349544212,1,exclude_feature_when_training_fold_standard_deviation_is_zero
uct-10000-self-play,12,combined,2,live_objectives,12.631578947368,1.292781293119,1,exclude_feature_when_training_fold_standard_deviation_is_zero
uct-10000-self-play,12,combined,2,leader_secured_supply_margin,-0.035087719298,1.025378189207,1,exclude_feature_when_training_fold_standard_deviation_is_zero
uct-10000-self-play,12,combined,2,leader_unsecured_controlled_supply_margin,-0.350877192982,1.290875237835,1,exclude_feature_when_training_fold_standard_deviation_is_zero
uct-10000-self-play,12,combined,2,leader_usable_supply_support_edge_margin,-2.350877192982,2.639053711786,1,exclude_feature_when_training_fold_standard_deviation_is_zero
uct-10000-self-play,12,combined,2,leader_primary_important_control_margin,-0.245614035088,1.203513886747,1,exclude_feature_when_training_fold_standard_deviation_is_zero
uct-10000-self-play,12,combined,2,leader_recent_4_supply_source_usage_margin,0.035087719298,0.877894456365,1,exclude_feature_when_training_fold_standard_deviation_is_zero
uct-10000-self-play,12,combined,2,leader_cumulative_objective_share_margin,0.021442495127,0.04130530234,1,exclude_feature_when_training_fold_standard_deviation_is_zero
uct-10000-self-play,12,combined,2,leader_recent_4_objective_placement_margin,0.035087719298,0.877894456365,1,exclude_feature_when_training_fold_standard_deviation_is_zero
uct-10000-self-play,12,combined,2,leader_trend_4_secured_objective_margin,0.614035087719,0.912955216229,1,exclude_feature_when_training_fold_standard_deviation_is_zero
uct-10000-self-play,12,combined,2,leader_trend_4_advantage_objective_margin,-0.543859649123,1.747882683431,1,exclude_feature_when_training_fold_standard_deviation_is_zero
uct-10000-self-play,12,combined,2,leader_trend_4_support_edge_margin,-0.982456140351,3.576194331576,1,exclude_feature_when_training_fold_standard_deviation_is_zero
uct-10000-self-play,12,combined,2,leader_recent_4_objective_allocation_change_margin,0.081871345029,0.332048410914,1,exclude_feature_when_training_fold_standard_deviation_is_zero
uct-10000-self-play,12,combined,3,leader_secured_objective_margin,0.741379310345,0.631373566331,1,exclude_feature_when_training_fold_standard_deviation_is_zero
uct-10000-self-play,12,combined,3,leader_advantage_objective_margin,-0.603448275862,1.216831033696,1,exclude_feature_when_training_fold_standard_deviation_is_zero
uct-10000-self-play,12,combined,3,leader_objective_piece_margin,0.379310344828,0.761749035668,1,exclude_feature_when_training_fold_standard_deviation_is_zero
uct-10000-self-play,12,combined,3,live_objectives,12.844827586207,1.270374966882,1,exclude_feature_when_training_fold_standard_deviation_is_zero
uct-10000-self-play,12,combined,3,leader_secured_supply_margin,0.051724137931,1.073544143176,1,exclude_feature_when_training_fold_standard_deviation_is_zero
uct-10000-self-play,12,combined,3,leader_unsecured_controlled_supply_margin,-0.431034482759,1.219271531603,1,exclude_feature_when_training_fold_standard_deviation_is_zero
uct-10000-self-play,12,combined,3,leader_usable_supply_support_edge_margin,-2.206896551724,2.85728723943,1,exclude_feature_when_training_fold_standard_deviation_is_zero
uct-10000-self-play,12,combined,3,leader_primary_important_control_margin,-0.241379310345,1.290687398084,1,exclude_feature_when_training_fold_standard_deviation_is_zero
uct-10000-self-play,12,combined,3,leader_recent_4_supply_source_usage_margin,0.086206896552,0.896054238634,1,exclude_feature_when_training_fold_standard_deviation_is_zero
uct-10000-self-play,12,combined,3,leader_cumulative_objective_share_margin,0.021072796935,0.04231939087,1,exclude_feature_when_training_fold_standard_deviation_is_zero
uct-10000-self-play,12,combined,3,leader_recent_4_objective_placement_margin,0.086206896552,0.896054238634,1,exclude_feature_when_training_fold_standard_deviation_is_zero
uct-10000-self-play,12,combined,3,leader_trend_4_secured_objective_margin,0.655172413793,0.881842196727,1,exclude_feature_when_training_fold_standard_deviation_is_zero
uct-10000-self-play,12,combined,3,leader_trend_4_advantage_objective_margin,-0.586206896552,1.640379295485,1,exclude_feature_when_training_fold_standard_deviation_is_zero
uct-10000-self-play,12,combined,3,leader_trend_4_support_edge_margin,-1.137931034483,3.771253682805,1,exclude_feature_when_training_fold_standard_deviation_is_zero
uct-10000-self-play,12,combined,3,leader_recent_4_objective_allocation_change_margin,0.086206896552,0.347736770285,1,exclude_feature_when_training_fold_standard_deviation_is_zero
uct-10000-self-play,12,combined,4,leader_secured_objective_margin,0.689655172414,0.59326381152,1,exclude_feature_when_training_fold_standard_deviation_is_zero
uct-10000-self-play,12,combined,4,leader_advantage_objective_margin,-0.637931034483,1.282485139553,1,exclude_feature_when_training_fold_standard_deviation_is_zero
uct-10000-self-play,12,combined,4,leader_objective_piece_margin,0.362068965517,0.711924924899,1,exclude_feature_when_training_fold_standard_deviation_is_zero
uct-10000-self-play,12,combined,4,live_objectives,12.51724137931,1.235137564729,1,exclude_feature_when_training_fold_standard_deviation_is_zero
uct-10000-self-play,12,combined,4,leader_secured_supply_margin,-0.034482758621,0.999405292841,1,exclude_feature_when_training_fold_standard_deviation_is_zero
uct-10000-self-play,12,combined,4,leader_unsecured_controlled_supply_margin,-0.327586206897,1.135446608692,1,exclude_feature_when_training_fold_standard_deviation_is_zero
uct-10000-self-play,12,combined,4,leader_usable_supply_support_edge_margin,-2.103448275862,2.850829614113,1,exclude_feature_when_training_fold_standard_deviation_is_zero
uct-10000-self-play,12,combined,4,leader_primary_important_control_margin,-0.224137931034,1.246278646104,1,exclude_feature_when_training_fold_standard_deviation_is_zero
uct-10000-self-play,12,combined,4,leader_recent_4_supply_source_usage_margin,-0.034482758621,0.808692372383,1,exclude_feature_when_training_fold_standard_deviation_is_zero
uct-10000-self-play,12,combined,4,leader_cumulative_objective_share_margin,0.020114942529,0.039551384717,1,exclude_feature_when_training_fold_standard_deviation_is_zero
uct-10000-self-play,12,combined,4,leader_recent_4_objective_placement_margin,-0.034482758621,0.808692372383,1,exclude_feature_when_training_fold_standard_deviation_is_zero
uct-10000-self-play,12,combined,4,leader_trend_4_secured_objective_margin,0.637931034483,0.884702869701,1,exclude_feature_when_training_fold_standard_deviation_is_zero
uct-10000-self-play,12,combined,4,leader_trend_4_advantage_objective_margin,-0.706896551724,1.671346975776,1,exclude_feature_when_training_fold_standard_deviation_is_zero
uct-10000-self-play,12,combined,4,leader_trend_4_support_edge_margin,-0.5,3.625817387037,1,exclude_feature_when_training_fold_standard_deviation_is_zero
uct-10000-self-play,12,combined,4,leader_recent_4_objective_allocation_change_margin,0.126436781609,0.320605188069,1,exclude_feature_when_training_fold_standard_deviation_is_zero
uct-10000-self-play,12,combined,5,leader_secured_objective_margin,0.724137931034,0.58111377746,1,exclude_feature_when_training_fold_standard_deviation_is_zero
uct-10000-self-play,12,combined,5,leader_advantage_objective_margin,-0.568965517241,1.205047845173,1,exclude_feature_when_training_fold_standard_deviation_is_zero
uct-10000-self-play,12,combined,5,leader_objective_piece_margin,0.344827586207,0.70836684773,1,exclude_feature_when_training_fold_standard_deviation_is_zero
uct-10000-self-play,12,combined,5,live_objectives,12.724137931034,1.310344827586,1,exclude_feature_when_training_fold_standard_deviation_is_zero
uct-10000-self-play,12,combined,5,leader_secured_supply_margin,0.034482758621,1.066181023017,1,exclude_feature_when_training_fold_standard_deviation_is_zero
uct-10000-self-play,12,combined,5,leader_unsecured_controlled_supply_margin,-0.379310344828,1.18652762304,1,exclude_feature_when_training_fold_standard_deviation_is_zero
uct-10000-self-play,12,combined,5,leader_usable_supply_support_edge_margin,-2.120689655172,2.767281662614,1,exclude_feature_when_training_fold_standard_deviation_is_zero
uct-10000-self-play,12,combined,5,leader_primary_important_control_margin,-0.137931034483,1.224016506848,1,exclude_feature_when_training_fold_standard_deviation_is_zero
uct-10000-self-play,12,combined,5,leader_recent_4_supply_source_usage_margin,-0.034482758621,0.82973858038,1,exclude_feature_when_training_fold_standard_deviation_is_zero
uct-10000-self-play,12,combined,5,leader_cumulative_objective_share_margin,0.019157088123,0.039353713763,1,exclude_feature_when_training_fold_standard_deviation_is_zero
uct-10000-self-play,12,combined,5,leader_recent_4_objective_placement_margin,-0.034482758621,0.82973858038,1,exclude_feature_when_training_fold_standard_deviation_is_zero
uct-10000-self-play,12,combined,5,leader_trend_4_secured_objective_margin,0.603448275862,0.849739415886,1,exclude_feature_when_training_fold_standard_deviation_is_zero
uct-10000-self-play,12,combined,5,leader_trend_4_advantage_objective_margin,-0.534482758621,1.610477732092,1,exclude_feature_when_training_fold_standard_deviation_is_zero
uct-10000-self-play,12,combined,5,leader_trend_4_support_edge_margin,-0.706896551724,3.718586219527,1,exclude_feature_when_training_fold_standard_deviation_is_zero
uct-10000-self-play,12,combined,5,leader_recent_4_objective_allocation_change_margin,0.068965517241,0.320192833958,1,exclude_feature_when_training_fold_standard_deviation_is_zero
uct-10000-self-play,16,decisive_margin_only,1,decisive_margin,1.111111111111,0.314269680527,1,exclude_feature_when_training_fold_standard_deviation_is_zero
uct-10000-self-play,16,decisive_margin_only,2,decisive_margin,1.140625,0.347634304083,1,exclude_feature_when_training_fold_standard_deviation_is_zero
uct-10000-self-play,16,decisive_margin_only,3,decisive_margin,1.140625,0.347634304083,1,exclude_feature_when_training_fold_standard_deviation_is_zero
uct-10000-self-play,16,decisive_margin_only,4,decisive_margin,1.125,0.330718913883,1,exclude_feature_when_training_fold_standard_deviation_is_zero
uct-10000-self-play,16,decisive_margin_only,5,decisive_margin,1.107692307692,0.309991410456,1,exclude_feature_when_training_fold_standard_deviation_is_zero
uct-10000-self-play,16,current_objective_state,1,leader_secured_objective_margin,0.730158730159,0.596453785018,1,exclude_feature_when_training_fold_standard_deviation_is_zero
uct-10000-self-play,16,current_objective_state,1,leader_advantage_objective_margin,-0.587301587302,1.398808116627,1,exclude_feature_when_training_fold_standard_deviation_is_zero
uct-10000-self-play,16,current_objective_state,1,leader_objective_piece_margin,0.238095238095,0.987449588254,1,exclude_feature_when_training_fold_standard_deviation_is_zero
uct-10000-self-play,16,current_objective_state,2,leader_secured_objective_margin,0.75,0.612372435696,1,exclude_feature_when_training_fold_standard_deviation_is_zero
uct-10000-self-play,16,current_objective_state,2,leader_advantage_objective_margin,-0.640625,1.461668433461,1,exclude_feature_when_training_fold_standard_deviation_is_zero
uct-10000-self-play,16,current_objective_state,2,leader_objective_piece_margin,0.1875,0.982264602844,1,exclude_feature_when_training_fold_standard_deviation_is_zero
uct-10000-self-play,16,current_objective_state,3,leader_secured_objective_margin,0.796875,0.591071259981,1,exclude_feature_when_training_fold_standard_deviation_is_zero
uct-10000-self-play,16,current_objective_state,3,leader_advantage_objective_margin,-0.640625,1.440130066826,1,exclude_feature_when_training_fold_standard_deviation_is_zero
uct-10000-self-play,16,current_objective_state,3,leader_objective_piece_margin,0.140625,0.99792264699,1,exclude_feature_when_training_fold_standard_deviation_is_zero
uct-10000-self-play,16,current_objective_state,4,leader_secured_objective_margin,0.796875,0.591071259981,1,exclude_feature_when_training_fold_standard_deviation_is_zero
uct-10000-self-play,16,current_objective_state,4,leader_advantage_objective_margin,-0.71875,1.351720547118,1,exclude_feature_when_training_fold_standard_deviation_is_zero
uct-10000-self-play,16,current_objective_state,4,leader_objective_piece_margin,0.125,0.992156741649,1,exclude_feature_when_training_fold_standard_deviation_is_zero
uct-10000-self-play,16,current_objective_state,5,leader_secured_objective_margin,0.738461538462,0.589051991356,1,exclude_feature_when_training_fold_standard_deviation_is_zero
uct-10000-self-play,16,current_objective_state,5,leader_advantage_objective_margin,-0.723076923077,1.364468815301,1,exclude_feature_when_training_fold_standard_deviation_is_zero
uct-10000-self-play,16,current_objective_state,5,leader_objective_piece_margin,0.061538461538,1.03592282274,1,exclude_feature_when_training_fold_standard_deviation_is_zero
uct-10000-self-play,16,objective_only,1,leader_secured_objective_margin,0.730158730159,0.596453785018,1,exclude_feature_when_training_fold_standard_deviation_is_zero
uct-10000-self-play,16,objective_only,1,leader_advantage_objective_margin,-0.587301587302,1.398808116627,1,exclude_feature_when_training_fold_standard_deviation_is_zero
uct-10000-self-play,16,objective_only,1,leader_objective_piece_margin,0.238095238095,0.987449588254,1,exclude_feature_when_training_fold_standard_deviation_is_zero
uct-10000-self-play,16,objective_only,1,live_objectives,10.444444444444,1.123737779075,1,exclude_feature_when_training_fold_standard_deviation_is_zero
uct-10000-self-play,16,objective_only,2,leader_secured_objective_margin,0.75,0.612372435696,1,exclude_feature_when_training_fold_standard_deviation_is_zero
uct-10000-self-play,16,objective_only,2,leader_advantage_objective_margin,-0.640625,1.461668433461,1,exclude_feature_when_training_fold_standard_deviation_is_zero
uct-10000-self-play,16,objective_only,2,leader_objective_piece_margin,0.1875,0.982264602844,1,exclude_feature_when_training_fold_standard_deviation_is_zero
uct-10000-self-play,16,objective_only,2,live_objectives,10.5,1.274754878398,1,exclude_feature_when_training_fold_standard_deviation_is_zero
uct-10000-self-play,16,objective_only,3,leader_secured_objective_margin,0.796875,0.591071259981,1,exclude_feature_when_training_fold_standard_deviation_is_zero
uct-10000-self-play,16,objective_only,3,leader_advantage_objective_margin,-0.640625,1.440130066826,1,exclude_feature_when_training_fold_standard_deviation_is_zero
uct-10000-self-play,16,objective_only,3,leader_objective_piece_margin,0.140625,0.99792264699,1,exclude_feature_when_training_fold_standard_deviation_is_zero
uct-10000-self-play,16,objective_only,3,live_objectives,10.421875,1.247556204896,1,exclude_feature_when_training_fold_standard_deviation_is_zero
uct-10000-self-play,16,objective_only,4,leader_secured_objective_margin,0.796875,0.591071259981,1,exclude_feature_when_training_fold_standard_deviation_is_zero
uct-10000-self-play,16,objective_only,4,leader_advantage_objective_margin,-0.71875,1.351720547118,1,exclude_feature_when_training_fold_standard_deviation_is_zero
uct-10000-self-play,16,objective_only,4,leader_objective_piece_margin,0.125,0.992156741649,1,exclude_feature_when_training_fold_standard_deviation_is_zero
uct-10000-self-play,16,objective_only,4,live_objectives,10.484375,1.172499833422,1,exclude_feature_when_training_fold_standard_deviation_is_zero
uct-10000-self-play,16,objective_only,5,leader_secured_objective_margin,0.738461538462,0.589051991356,1,exclude_feature_when_training_fold_standard_deviation_is_zero
uct-10000-self-play,16,objective_only,5,leader_advantage_objective_margin,-0.723076923077,1.364468815301,1,exclude_feature_when_training_fold_standard_deviation_is_zero
uct-10000-self-play,16,objective_only,5,leader_objective_piece_margin,0.061538461538,1.03592282274,1,exclude_feature_when_training_fold_standard_deviation_is_zero
uct-10000-self-play,16,objective_only,5,live_objectives,10.461538461538,1.24130109255,1,exclude_feature_when_training_fold_standard_deviation_is_zero
uct-10000-self-play,16,supply_only,1,leader_secured_supply_margin,-0.063492063492,1.052178629789,1,exclude_feature_when_training_fold_standard_deviation_is_zero
uct-10000-self-play,16,supply_only,1,leader_unsecured_controlled_supply_margin,-0.190476190476,1.096272803164,1,exclude_feature_when_training_fold_standard_deviation_is_zero
uct-10000-self-play,16,supply_only,1,leader_usable_supply_support_edge_margin,-1.222222222222,2.84211213905,1,exclude_feature_when_training_fold_standard_deviation_is_zero
uct-10000-self-play,16,supply_only,1,leader_primary_important_control_margin,0.253968253968,1.208018894631,1,exclude_feature_when_training_fold_standard_deviation_is_zero
uct-10000-self-play,16,supply_only,1,leader_recent_4_supply_source_usage_margin,0.142857142857,1.051939144494,1,exclude_feature_when_training_fold_standard_deviation_is_zero
uct-10000-self-play,16,supply_only,2,leader_secured_supply_margin,-0.03125,1.103527723938,1,exclude_feature_when_training_fold_standard_deviation_is_zero
uct-10000-self-play,16,supply_only,2,leader_unsecured_controlled_supply_margin,-0.171875,1.153184280319,1,exclude_feature_when_training_fold_standard_deviation_is_zero
uct-10000-self-play,16,supply_only,2,leader_usable_supply_support_edge_margin,-1.015625,2.907383851399,1,exclude_feature_when_training_fold_standard_deviation_is_zero
uct-10000-self-play,16,supply_only,2,leader_primary_important_control_margin,0.234375,1.234177199342,1,exclude_feature_when_training_fold_standard_deviation_is_zero
uct-10000-self-play,16,supply_only,2,leader_recent_4_supply_source_usage_margin,0.0625,0.966226552109,1,exclude_feature_when_training_fold_standard_deviation_is_zero
uct-10000-self-play,16,supply_only,3,leader_secured_supply_margin,0.109375,1.105627473146,1,exclude_feature_when_training_fold_standard_deviation_is_zero
uct-10000-self-play,16,supply_only,3,leader_unsecured_controlled_supply_margin,-0.25,1.06066017178,1,exclude_feature_when_training_fold_standard_deviation_is_zero
uct-10000-self-play,16,supply_only,3,leader_usable_supply_support_edge_margin,-1.09375,2.998534798447,1,exclude_feature_when_training_fold_standard_deviation_is_zero
uct-10000-self-play,16,supply_only,3,leader_primary_important_control_margin,0.234375,1.169163529783,1,exclude_feature_when_training_fold_standard_deviation_is_zero
uct-10000-self-play,16,supply_only,3,leader_recent_4_supply_source_usage_margin,0.0,1.045825033168,1,exclude_feature_when_training_fold_standard_deviation_is_zero
uct-10000-self-play,16,supply_only,4,leader_secured_supply_margin,-0.03125,1.103527723938,1,exclude_feature_when_training_fold_standard_deviation_is_zero
uct-10000-self-play,16,supply_only,4,leader_unsecured_controlled_supply_margin,-0.109375,1.062385104082,1,exclude_feature_when_training_fold_standard_deviation_is_zero
uct-10000-self-play,16,supply_only,4,leader_usable_supply_support_edge_margin,-1.140625,2.726416991103,1,exclude_feature_when_training_fold_standard_deviation_is_zero
uct-10000-self-play,16,supply_only,4,leader_primary_important_control_margin,0.421875,1.247556204896,1,exclude_feature_when_training_fold_standard_deviation_is_zero
uct-10000-self-play,16,supply_only,4,leader_recent_4_supply_source_usage_margin,0.046875,1.081516405042,1,exclude_feature_when_training_fold_standard_deviation_is_zero
uct-10000-self-play,16,supply_only,5,leader_secured_supply_margin,0.076923076923,1.127388982188,1,exclude_feature_when_training_fold_standard_deviation_is_zero
uct-10000-self-play,16,supply_only,5,leader_unsecured_controlled_supply_margin,-0.153846153846,1.139915910944,1,exclude_feature_when_training_fold_standard_deviation_is_zero
uct-10000-self-play,16,supply_only,5,leader_usable_supply_support_edge_margin,-0.784615384615,2.748383064177,1,exclude_feature_when_training_fold_standard_deviation_is_zero
uct-10000-self-play,16,supply_only,5,leader_primary_important_control_margin,0.292307692308,1.309410635751,1,exclude_feature_when_training_fold_standard_deviation_is_zero
uct-10000-self-play,16,supply_only,5,leader_recent_4_supply_source_usage_margin,-0.061538461538,1.050668989475,1,exclude_feature_when_training_fold_standard_deviation_is_zero
uct-10000-self-play,16,allocation_recent_trend,1,leader_cumulative_objective_share_margin,0.009920634921,0.041143732844,1,exclude_feature_when_training_fold_standard_deviation_is_zero
uct-10000-self-play,16,allocation_recent_trend,1,leader_recent_4_objective_placement_margin,0.142857142857,1.051939144494,1,exclude_feature_when_training_fold_standard_deviation_is_zero
uct-10000-self-play,16,allocation_recent_trend,1,leader_trend_4_secured_objective_margin,0.555555555556,0.86882109101,1,exclude_feature_when_training_fold_standard_deviation_is_zero
uct-10000-self-play,16,allocation_recent_trend,1,leader_trend_4_advantage_objective_margin,-0.555555555556,1.706921277304,1,exclude_feature_when_training_fold_standard_deviation_is_zero
uct-10000-self-play,16,allocation_recent_trend,1,leader_trend_4_support_edge_margin,-0.730158730159,3.376888533144,1,exclude_feature_when_training_fold_standard_deviation_is_zero
uct-10000-self-play,16,allocation_recent_trend,1,leader_recent_4_objective_allocation_change_margin,0.121693121693,0.425391560682,1,exclude_feature_when_training_fold_standard_deviation_is_zero
uct-10000-self-play,16,allocation_recent_trend,2,leader_cumulative_objective_share_margin,0.0078125,0.040927691785,1,exclude_feature_when_training_fold_standard_deviation_is_zero
uct-10000-self-play,16,allocation_recent_trend,2,leader_recent_4_objective_placement_margin,0.0625,0.966226552109,1,exclude_feature_when_training_fold_standard_deviation_is_zero
uct-10000-self-play,16,allocation_recent_trend,2,leader_trend_4_secured_objective_margin,0.4375,0.807677998958,1,exclude_feature_when_training_fold_standard_deviation_is_zero
uct-10000-self-play,16,allocation_recent_trend,2,leader_trend_4_advantage_objective_margin,-0.4375,1.618979230874,1,exclude_feature_when_training_fold_standard_deviation_is_zero
uct-10000-self-play,16,allocation_recent_trend,2,leader_trend_4_support_edge_margin,-0.171875,3.412086456169,1,exclude_feature_when_training_fold_standard_deviation_is_zero
uct-10000-self-play,16,allocation_recent_trend,2,leader_recent_4_objective_allocation_change_margin,0.104166666667,0.367399835178,1,exclude_feature_when_training_fold_standard_deviation_is_zero
uct-10000-self-play,16,allocation_recent_trend,3,leader_cumulative_objective_share_margin,0.005859375,0.041580110291,1,exclude_feature_when_training_fold_standard_deviation_is_zero
uct-10000-self-play,16,allocation_recent_trend,3,leader_recent_4_objective_placement_margin,0.0,1.045825033168,1,exclude_feature_when_training_fold_standard_deviation_is_zero
uct-10000-self-play,16,allocation_recent_trend,3,leader_trend_4_secured_objective_margin,0.546875,0.864755881376,1,exclude_feature_when_training_fold_standard_deviation_is_zero
uct-10000-self-play,16,allocation_recent_trend,3,leader_trend_4_advantage_objective_margin,-0.5,1.82002747232,1,exclude_feature_when_training_fold_standard_deviation_is_zero
uct-10000-self-play,16,allocation_recent_trend,3,leader_trend_4_support_edge_margin,-0.46875,3.445870490529,1,exclude_feature_when_training_fold_standard_deviation_is_zero
uct-10000-self-play,16,allocation_recent_trend,3,leader_recent_4_objective_allocation_change_margin,0.114583333333,0.429868964208,1,exclude_feature_when_training_fold_standard_deviation_is_zero
uct-10000-self-play,16,allocation_recent_trend,4,leader_cumulative_objective_share_margin,0.005208333333,0.041339864235,1,exclude_feature_when_training_fold_standard_deviation_is_zero
uct-10000-self-play,16,allocation_recent_trend,4,leader_recent_4_objective_placement_margin,0.046875,1.081516405042,1,exclude_feature_when_training_fold_standard_deviation_is_zero
uct-10000-self-play,16,allocation_recent_trend,4,leader_trend_4_secured_objective_margin,0.5625,0.916429893663,1,exclude_feature_when_training_fold_standard_deviation_is_zero
uct-10000-self-play,16,allocation_recent_trend,4,leader_trend_4_advantage_objective_margin,-0.53125,1.740768059651,1,exclude_feature_when_training_fold_standard_deviation_is_zero
uct-10000-self-play,16,allocation_recent_trend,4,leader_trend_4_support_edge_margin,-0.515625,3.561917441404,1,exclude_feature_when_training_fold_standard_deviation_is_zero
uct-10000-self-play,16,allocation_recent_trend,4,leader_recent_4_objective_allocation_change_margin,0.119791666667,0.454022100462,1,exclude_feature_when_training_fold_standard_deviation_is_zero
uct-10000-self-play,16,allocation_recent_trend,5,leader_cumulative_objective_share_margin,0.002564102564,0.043163450948,1,exclude_feature_when_training_fold_standard_deviation_is_zero
uct-10000-self-play,16,allocation_recent_trend,5,leader_recent_4_objective_placement_margin,-0.061538461538,1.050668989475,1,exclude_feature_when_training_fold_standard_deviation_is_zero
uct-10000-self-play,16,allocation_recent_trend,5,leader_trend_4_secured_objective_margin,0.523076923077,0.861263692448,1,exclude_feature_when_training_fold_standard_deviation_is_zero
uct-10000-self-play,16,allocation_recent_trend,5,leader_trend_4_advantage_objective_margin,-0.661538461538,1.685019270165,1,exclude_feature_when_training_fold_standard_deviation_is_zero
uct-10000-self-play,16,allocation_recent_trend,5,leader_trend_4_support_edge_margin,-0.307692307692,3.628617354493,1,exclude_feature_when_training_fold_standard_deviation_is_zero
uct-10000-self-play,16,allocation_recent_trend,5,leader_recent_4_objective_allocation_change_margin,0.102564102564,0.408972349485,1,exclude_feature_when_training_fold_standard_deviation_is_zero
uct-10000-self-play,16,combined,1,leader_secured_objective_margin,0.730158730159,0.596453785018,1,exclude_feature_when_training_fold_standard_deviation_is_zero
uct-10000-self-play,16,combined,1,leader_advantage_objective_margin,-0.587301587302,1.398808116627,1,exclude_feature_when_training_fold_standard_deviation_is_zero
uct-10000-self-play,16,combined,1,leader_objective_piece_margin,0.238095238095,0.987449588254,1,exclude_feature_when_training_fold_standard_deviation_is_zero
uct-10000-self-play,16,combined,1,live_objectives,10.444444444444,1.123737779075,1,exclude_feature_when_training_fold_standard_deviation_is_zero
uct-10000-self-play,16,combined,1,leader_secured_supply_margin,-0.063492063492,1.052178629789,1,exclude_feature_when_training_fold_standard_deviation_is_zero
uct-10000-self-play,16,combined,1,leader_unsecured_controlled_supply_margin,-0.190476190476,1.096272803164,1,exclude_feature_when_training_fold_standard_deviation_is_zero
uct-10000-self-play,16,combined,1,leader_usable_supply_support_edge_margin,-1.222222222222,2.84211213905,1,exclude_feature_when_training_fold_standard_deviation_is_zero
uct-10000-self-play,16,combined,1,leader_primary_important_control_margin,0.253968253968,1.208018894631,1,exclude_feature_when_training_fold_standard_deviation_is_zero
uct-10000-self-play,16,combined,1,leader_recent_4_supply_source_usage_margin,0.142857142857,1.051939144494,1,exclude_feature_when_training_fold_standard_deviation_is_zero
uct-10000-self-play,16,combined,1,leader_cumulative_objective_share_margin,0.009920634921,0.041143732844,1,exclude_feature_when_training_fold_standard_deviation_is_zero
uct-10000-self-play,16,combined,1,leader_recent_4_objective_placement_margin,0.142857142857,1.051939144494,1,exclude_feature_when_training_fold_standard_deviation_is_zero
uct-10000-self-play,16,combined,1,leader_trend_4_secured_objective_margin,0.555555555556,0.86882109101,1,exclude_feature_when_training_fold_standard_deviation_is_zero
uct-10000-self-play,16,combined,1,leader_trend_4_advantage_objective_margin,-0.555555555556,1.706921277304,1,exclude_feature_when_training_fold_standard_deviation_is_zero
uct-10000-self-play,16,combined,1,leader_trend_4_support_edge_margin,-0.730158730159,3.376888533144,1,exclude_feature_when_training_fold_standard_deviation_is_zero
uct-10000-self-play,16,combined,1,leader_recent_4_objective_allocation_change_margin,0.121693121693,0.425391560682,1,exclude_feature_when_training_fold_standard_deviation_is_zero
uct-10000-self-play,16,combined,2,leader_secured_objective_margin,0.75,0.612372435696,1,exclude_feature_when_training_fold_standard_deviation_is_zero
uct-10000-self-play,16,combined,2,leader_advantage_objective_margin,-0.640625,1.461668433461,1,exclude_feature_when_training_fold_standard_deviation_is_zero
uct-10000-self-play,16,combined,2,leader_objective_piece_margin,0.1875,0.982264602844,1,exclude_feature_when_training_fold_standard_deviation_is_zero
uct-10000-self-play,16,combined,2,live_objectives,10.5,1.274754878398,1,exclude_feature_when_training_fold_standard_deviation_is_zero
uct-10000-self-play,16,combined,2,leader_secured_supply_margin,-0.03125,1.103527723938,1,exclude_feature_when_training_fold_standard_deviation_is_zero
uct-10000-self-play,16,combined,2,leader_unsecured_controlled_supply_margin,-0.171875,1.153184280319,1,exclude_feature_when_training_fold_standard_deviation_is_zero
uct-10000-self-play,16,combined,2,leader_usable_supply_support_edge_margin,-1.015625,2.907383851399,1,exclude_feature_when_training_fold_standard_deviation_is_zero
uct-10000-self-play,16,combined,2,leader_primary_important_control_margin,0.234375,1.234177199342,1,exclude_feature_when_training_fold_standard_deviation_is_zero
uct-10000-self-play,16,combined,2,leader_recent_4_supply_source_usage_margin,0.0625,0.966226552109,1,exclude_feature_when_training_fold_standard_deviation_is_zero
uct-10000-self-play,16,combined,2,leader_cumulative_objective_share_margin,0.0078125,0.040927691785,1,exclude_feature_when_training_fold_standard_deviation_is_zero
uct-10000-self-play,16,combined,2,leader_recent_4_objective_placement_margin,0.0625,0.966226552109,1,exclude_feature_when_training_fold_standard_deviation_is_zero
uct-10000-self-play,16,combined,2,leader_trend_4_secured_objective_margin,0.4375,0.807677998958,1,exclude_feature_when_training_fold_standard_deviation_is_zero
uct-10000-self-play,16,combined,2,leader_trend_4_advantage_objective_margin,-0.4375,1.618979230874,1,exclude_feature_when_training_fold_standard_deviation_is_zero
uct-10000-self-play,16,combined,2,leader_trend_4_support_edge_margin,-0.171875,3.412086456169,1,exclude_feature_when_training_fold_standard_deviation_is_zero
uct-10000-self-play,16,combined,2,leader_recent_4_objective_allocation_change_margin,0.104166666667,0.367399835178,1,exclude_feature_when_training_fold_standard_deviation_is_zero
uct-10000-self-play,16,combined,3,leader_secured_objective_margin,0.796875,0.591071259981,1,exclude_feature_when_training_fold_standard_deviation_is_zero
uct-10000-self-play,16,combined,3,leader_advantage_objective_margin,-0.640625,1.440130066826,1,exclude_feature_when_training_fold_standard_deviation_is_zero
uct-10000-self-play,16,combined,3,leader_objective_piece_margin,0.140625,0.99792264699,1,exclude_feature_when_training_fold_standard_deviation_is_zero
uct-10000-self-play,16,combined,3,live_objectives,10.421875,1.247556204896,1,exclude_feature_when_training_fold_standard_deviation_is_zero
uct-10000-self-play,16,combined,3,leader_secured_supply_margin,0.109375,1.105627473146,1,exclude_feature_when_training_fold_standard_deviation_is_zero
uct-10000-self-play,16,combined,3,leader_unsecured_controlled_supply_margin,-0.25,1.06066017178,1,exclude_feature_when_training_fold_standard_deviation_is_zero
uct-10000-self-play,16,combined,3,leader_usable_supply_support_edge_margin,-1.09375,2.998534798447,1,exclude_feature_when_training_fold_standard_deviation_is_zero
uct-10000-self-play,16,combined,3,leader_primary_important_control_margin,0.234375,1.169163529783,1,exclude_feature_when_training_fold_standard_deviation_is_zero
uct-10000-self-play,16,combined,3,leader_recent_4_supply_source_usage_margin,0.0,1.045825033168,1,exclude_feature_when_training_fold_standard_deviation_is_zero
uct-10000-self-play,16,combined,3,leader_cumulative_objective_share_margin,0.005859375,0.041580110291,1,exclude_feature_when_training_fold_standard_deviation_is_zero
uct-10000-self-play,16,combined,3,leader_recent_4_objective_placement_margin,0.0,1.045825033168,1,exclude_feature_when_training_fold_standard_deviation_is_zero
uct-10000-self-play,16,combined,3,leader_trend_4_secured_objective_margin,0.546875,0.864755881376,1,exclude_feature_when_training_fold_standard_deviation_is_zero
uct-10000-self-play,16,combined,3,leader_trend_4_advantage_objective_margin,-0.5,1.82002747232,1,exclude_feature_when_training_fold_standard_deviation_is_zero
uct-10000-self-play,16,combined,3,leader_trend_4_support_edge_margin,-0.46875,3.445870490529,1,exclude_feature_when_training_fold_standard_deviation_is_zero
uct-10000-self-play,16,combined,3,leader_recent_4_objective_allocation_change_margin,0.114583333333,0.429868964208,1,exclude_feature_when_training_fold_standard_deviation_is_zero
uct-10000-self-play,16,combined,4,leader_secured_objective_margin,0.796875,0.591071259981,1,exclude_feature_when_training_fold_standard_deviation_is_zero
uct-10000-self-play,16,combined,4,leader_advantage_objective_margin,-0.71875,1.351720547118,1,exclude_feature_when_training_fold_standard_deviation_is_zero
uct-10000-self-play,16,combined,4,leader_objective_piece_margin,0.125,0.992156741649,1,exclude_feature_when_training_fold_standard_deviation_is_zero
uct-10000-self-play,16,combined,4,live_objectives,10.484375,1.172499833422,1,exclude_feature_when_training_fold_standard_deviation_is_zero
uct-10000-self-play,16,combined,4,leader_secured_supply_margin,-0.03125,1.103527723938,1,exclude_feature_when_training_fold_standard_deviation_is_zero
uct-10000-self-play,16,combined,4,leader_unsecured_controlled_supply_margin,-0.109375,1.062385104082,1,exclude_feature_when_training_fold_standard_deviation_is_zero
uct-10000-self-play,16,combined,4,leader_usable_supply_support_edge_margin,-1.140625,2.726416991103,1,exclude_feature_when_training_fold_standard_deviation_is_zero
uct-10000-self-play,16,combined,4,leader_primary_important_control_margin,0.421875,1.247556204896,1,exclude_feature_when_training_fold_standard_deviation_is_zero
uct-10000-self-play,16,combined,4,leader_recent_4_supply_source_usage_margin,0.046875,1.081516405042,1,exclude_feature_when_training_fold_standard_deviation_is_zero
uct-10000-self-play,16,combined,4,leader_cumulative_objective_share_margin,0.005208333333,0.041339864235,1,exclude_feature_when_training_fold_standard_deviation_is_zero
uct-10000-self-play,16,combined,4,leader_recent_4_objective_placement_margin,0.046875,1.081516405042,1,exclude_feature_when_training_fold_standard_deviation_is_zero
uct-10000-self-play,16,combined,4,leader_trend_4_secured_objective_margin,0.5625,0.916429893663,1,exclude_feature_when_training_fold_standard_deviation_is_zero
uct-10000-self-play,16,combined,4,leader_trend_4_advantage_objective_margin,-0.53125,1.740768059651,1,exclude_feature_when_training_fold_standard_deviation_is_zero
uct-10000-self-play,16,combined,4,leader_trend_4_support_edge_margin,-0.515625,3.561917441404,1,exclude_feature_when_training_fold_standard_deviation_is_zero
uct-10000-self-play,16,combined,4,leader_recent_4_objective_allocation_change_margin,0.119791666667,0.454022100462,1,exclude_feature_when_training_fold_standard_deviation_is_zero
uct-10000-self-play,16,combined,5,leader_secured_objective_margin,0.738461538462,0.589051991356,1,exclude_feature_when_training_fold_standard_deviation_is_zero
uct-10000-self-play,16,combined,5,leader_advantage_objective_margin,-0.723076923077,1.364468815301,1,exclude_feature_when_training_fold_standard_deviation_is_zero
uct-10000-self-play,16,combined,5,leader_objective_piece_margin,0.061538461538,1.03592282274,1,exclude_feature_when_training_fold_standard_deviation_is_zero
uct-10000-self-play,16,combined,5,live_objectives,10.461538461538,1.24130109255,1,exclude_feature_when_training_fold_standard_deviation_is_zero
uct-10000-self-play,16,combined,5,leader_secured_supply_margin,0.076923076923,1.127388982188,1,exclude_feature_when_training_fold_standard_deviation_is_zero
uct-10000-self-play,16,combined,5,leader_unsecured_controlled_supply_margin,-0.153846153846,1.139915910944,1,exclude_feature_when_training_fold_standard_deviation_is_zero
uct-10000-self-play,16,combined,5,leader_usable_supply_support_edge_margin,-0.784615384615,2.748383064177,1,exclude_feature_when_training_fold_standard_deviation_is_zero
uct-10000-self-play,16,combined,5,leader_primary_important_control_margin,0.292307692308,1.309410635751,1,exclude_feature_when_training_fold_standard_deviation_is_zero
uct-10000-self-play,16,combined,5,leader_recent_4_supply_source_usage_margin,-0.061538461538,1.050668989475,1,exclude_feature_when_training_fold_standard_deviation_is_zero
uct-10000-self-play,16,combined,5,leader_cumulative_objective_share_margin,0.002564102564,0.043163450948,1,exclude_feature_when_training_fold_standard_deviation_is_zero
uct-10000-self-play,16,combined,5,leader_recent_4_objective_placement_margin,-0.061538461538,1.050668989475,1,exclude_feature_when_training_fold_standard_deviation_is_zero
uct-10000-self-play,16,combined,5,leader_trend_4_secured_objective_margin,0.523076923077,0.861263692448,1,exclude_feature_when_training_fold_standard_deviation_is_zero
uct-10000-self-play,16,combined,5,leader_trend_4_advantage_objective_margin,-0.661538461538,1.685019270165,1,exclude_feature_when_training_fold_standard_deviation_is_zero
uct-10000-self-play,16,combined,5,leader_trend_4_support_edge_margin,-0.307692307692,3.628617354493,1,exclude_feature_when_training_fold_standard_deviation_is_zero
uct-10000-self-play,16,combined,5,leader_recent_4_objective_allocation_change_margin,0.102564102564,0.408972349485,1,exclude_feature_when_training_fold_standard_deviation_is_zero
uct-10000-self-play,20,decisive_margin_only,1,decisive_margin,1.234375,0.522679021365,1,exclude_feature_when_training_fold_standard_deviation_is_zero
uct-10000-self-play,20,decisive_margin_only,2,decisive_margin,1.230769230769,0.519444400496,1,exclude_feature_when_training_fold_standard_deviation_is_zero
uct-10000-self-play,20,decisive_margin_only,3,decisive_margin,1.246153846154,0.527133590739,1,exclude_feature_when_training_fold_standard_deviation_is_zero
uct-10000-self-play,20,decisive_margin_only,4,decisive_margin,1.230769230769,0.488930725602,1,exclude_feature_when_training_fold_standard_deviation_is_zero
uct-10000-self-play,20,decisive_margin_only,5,decisive_margin,1.169230769231,0.413957662987,1,exclude_feature_when_training_fold_standard_deviation_is_zero
uct-10000-self-play,20,current_objective_state,1,leader_secured_objective_margin,0.6875,0.526634360824,1,exclude_feature_when_training_fold_standard_deviation_is_zero
uct-10000-self-play,20,current_objective_state,1,leader_advantage_objective_margin,-0.484375,1.64878921011,1,exclude_feature_when_training_fold_standard_deviation_is_zero
uct-10000-self-play,20,current_objective_state,1,leader_objective_piece_margin,0.3125,1.157516198591,1,exclude_feature_when_training_fold_standard_deviation_is_zero
uct-10000-self-play,20,current_objective_state,2,leader_secured_objective_margin,0.615384615385,0.517161117353,1,exclude_feature_when_training_fold_standard_deviation_is_zero
uct-10000-self-play,20,current_objective_state,2,leader_advantage_objective_margin,-0.323076923077,1.701652520868,1,exclude_feature_when_training_fold_standard_deviation_is_zero
uct-10000-self-play,20,current_objective_state,2,leader_objective_piece_margin,0.323076923077,1.138253619267,1,exclude_feature_when_training_fold_standard_deviation_is_zero
uct-10000-self-play,20,current_objective_state,3,leader_secured_objective_margin,0.584615384615,0.551705263909,1,exclude_feature_when_training_fold_standard_deviation_is_zero
uct-10000-self-play,20,current_objective_state,3,leader_advantage_objective_margin,-0.307692307692,1.663389282557,1,exclude_feature_when_training_fold_standard_deviation_is_zero
uct-10000-self-play,20,current_objective_state,3,leader_objective_piece_margin,0.307692307692,1.201576873216,1,exclude_feature_when_training_fold_standard_deviation_is_zero
uct-10000-self-play,20,current_objective_state,4,leader_secured_objective_margin,0.584615384615,0.551705263909,1,exclude_feature_when_training_fold_standard_deviation_is_zero
uct-10000-self-play,20,current_objective_state,4,leader_advantage_objective_margin,-0.153846153846,1.571190330054,1,exclude_feature_when_training_fold_standard_deviation_is_zero
uct-10000-self-play,20,current_objective_state,4,leader_objective_piece_margin,0.292307692308,1.119382754682,1,exclude_feature_when_training_fold_standard_deviation_is_zero
uct-10000-self-play,20,current_objective_state,5,leader_secured_objective_margin,0.615384615385,0.517161117353,1,exclude_feature_when_training_fold_standard_deviation_is_zero
uct-10000-self-play,20,current_objective_state,5,leader_advantage_objective_margin,-0.276923076923,1.462428878562,1,exclude_feature_when_training_fold_standard_deviation_is_zero
uct-10000-self-play,20,current_objective_state,5,leader_objective_piece_margin,0.246153846154,1.067430692843,1,exclude_feature_when_training_fold_standard_deviation_is_zero
uct-10000-self-play,20,objective_only,1,leader_secured_objective_margin,0.6875,0.526634360824,1,exclude_feature_when_training_fold_standard_deviation_is_zero
uct-10000-self-play,20,objective_only,1,leader_advantage_objective_margin,-0.484375,1.64878921011,1,exclude_feature_when_training_fold_standard_deviation_is_zero
uct-10000-self-play,20,objective_only,1,leader_objective_piece_margin,0.3125,1.157516198591,1,exclude_feature_when_training_fold_standard_deviation_is_zero
uct-10000-self-play,20,objective_only,1,live_objectives,8.21875,1.545848775754,1,exclude_feature_when_training_fold_standard_deviation_is_zero
uct-10000-self-play,20,objective_only,2,leader_secured_objective_margin,0.615384615385,0.517161117353,1,exclude_feature_when_training_fold_standard_deviation_is_zero
uct-10000-self-play,20,objective_only,2,leader_advantage_objective_margin,-0.323076923077,1.701652520868,1,exclude_feature_when_training_fold_standard_deviation_is_zero
uct-10000-self-play,20,objective_only,2,leader_objective_piece_margin,0.323076923077,1.138253619267,1,exclude_feature_when_training_fold_standard_deviation_is_zero
uct-10000-self-play,20,objective_only,2,live_objectives,8.092307692308,1.432835563308,1,exclude_feature_when_training_fold_standard_deviation_is_zero
uct-10000-self-play,20,objective_only,3,leader_secured_objective_margin,0.584615384615,0.551705263909,1,exclude_feature_when_training_fold_standard_deviation_is_zero
uct-10000-self-play,20,objective_only,3,leader_advantage_objective_margin,-0.307692307692,1.663389282557,1,exclude_feature_when_training_fold_standard_deviation_is_zero
uct-10000-self-play,20,objective_only,3,leader_objective_piece_margin,0.307692307692,1.201576873216,1,exclude_feature_when_training_fold_standard_deviation_is_zero
uct-10000-self-play,20,objective_only,3,live_objectives,8.184615384615,1.528119082072,1,exclude_feature_when_training_fold_standard_deviation_is_zero
uct-10000-self-play,20,objective_only,4,leader_secured_objective_margin,0.584615384615,0.551705263909,1,exclude_feature_when_training_fold_standard_deviation_is_zero
uct-10000-self-play,20,objective_only,4,leader_advantage_objective_margin,-0.153846153846,1.571190330054,1,exclude_feature_when_training_fold_standard_deviation_is_zero
uct-10000-self-play,20,objective_only,4,leader_objective_piece_margin,0.292307692308,1.119382754682,1,exclude_feature_when_training_fold_standard_deviation_is_zero
uct-10000-self-play,20,objective_only,4,live_objectives,8.184615384615,1.402111678777,1,exclude_feature_when_training_fold_standard_deviation_is_zero
uct-10000-self-play,20,objective_only,5,leader_secured_objective_margin,0.615384615385,0.517161117353,1,exclude_feature_when_training_fold_standard_deviation_is_zero
uct-10000-self-play,20,objective_only,5,leader_advantage_objective_margin,-0.276923076923,1.462428878562,1,exclude_feature_when_training_fold_standard_deviation_is_zero
uct-10000-self-play,20,objective_only,5,leader_objective_piece_margin,0.246153846154,1.067430692843,1,exclude_feature_when_training_fold_standard_deviation_is_zero
uct-10000-self-play,20,objective_only,5,live_objectives,8.184615384615,1.445335283884,1,exclude_feature_when_training_fold_standard_deviation_is_zero
uct-10000-self-play,20,supply_only,1,leader_secured_supply_margin,0.046875,1.137839063477,1,exclude_feature_when_training_fold_standard_deviation_is_zero
uct-10000-self-play,20,supply_only,1,leader_unsecured_controlled_supply_margin,-0.375,1.375,1,exclude_feature_when_training_fold_standard_deviation_is_zero
uct-10000-self-play,20,supply_only,1,leader_usable_supply_support_edge_margin,-1.078125,2.259042160823,1,exclude_feature_when_training_fold_standard_deviation_is_zero
uct-10000-self-play,20,supply_only,1,leader_primary_important_control_margin,0.21875,1.340111352649,1,exclude_feature_when_training_fold_standard_deviation_is_zero
uct-10000-self-play,20,supply_only,1,leader_recent_4_supply_source_usage_margin,0.234375,1.128358701555,1,exclude_feature_when_training_fold_standard_deviation_is_zero
uct-10000-self-play,20,supply_only,2,leader_secured_supply_margin,0.092307692308,1.159881650767,1,exclude_feature_when_training_fold_standard_deviation_is_zero
uct-10000-self-play,20,supply_only,2,leader_unsecured_controlled_supply_margin,-0.430769230769,1.335540579336,1,exclude_feature_when_training_fold_standard_deviation_is_zero
uct-10000-self-play,20,supply_only,2,leader_usable_supply_support_edge_margin,-0.923076923077,2.227849548212,1,exclude_feature_when_training_fold_standard_deviation_is_zero
uct-10000-self-play,20,supply_only,2,leader_primary_important_control_margin,0.153846153846,1.4908001902,1,exclude_feature_when_training_fold_standard_deviation_is_zero
uct-10000-self-play,20,supply_only,2,leader_recent_4_supply_source_usage_margin,0.184615384615,1.162124151878,1,exclude_feature_when_training_fold_standard_deviation_is_zero
uct-10000-self-play,20,supply_only,3,leader_secured_supply_margin,-0.030769230769,1.202167667421,1,exclude_feature_when_training_fold_standard_deviation_is_zero
uct-10000-self-play,20,supply_only,3,leader_unsecured_controlled_supply_margin,-0.292307692308,1.378104349327,1,exclude_feature_when_training_fold_standard_deviation_is_zero
uct-10000-self-play,20,supply_only,3,leader_usable_supply_support_edge_margin,-0.6,2.066583952025,1,exclude_feature_when_training_fold_standard_deviation_is_zero
uct-10000-self-play,20,supply_only,3,leader_primary_important_control_margin,-0.030769230769,1.488098743304,1,exclude_feature_when_training_fold_standard_deviation_is_zero
uct-10000-self-play,20,supply_only,3,leader_recent_4_supply_source_usage_margin,0.092307692308,1.119382754682,1,exclude_feature_when_training_fold_standard_deviation_is_zero
uct-10000-self-play,20,supply_only,4,leader_secured_supply_margin,0.076923076923,1.140953613399,1,exclude_feature_when_training_fold_standard_deviation_is_zero
uct-10000-self-play,20,supply_only,4,leader_unsecured_controlled_supply_margin,-0.369230769231,1.247387803115,1,exclude_feature_when_training_fold_standard_deviation_is_zero
uct-10000-self-play,20,supply_only,4,leader_usable_supply_support_edge_margin,-0.753846153846,2.314042544857,1,exclude_feature_when_training_fold_standard_deviation_is_zero
uct-10000-self-play,20,supply_only,4,leader_primary_important_control_margin,0.061538461538,1.455778122115,1,exclude_feature_when_training_fold_standard_deviation_is_zero
uct-10000-self-play,20,supply_only,4,leader_recent_4_supply_source_usage_margin,0.153846153846,0.948371385072,1,exclude_feature_when_training_fold_standard_deviation_is_zero
uct-10000-self-play,20,supply_only,5,leader_secured_supply_margin,-0.061538461538,1.121495198068,1,exclude_feature_when_training_fold_standard_deviation_is_zero
uct-10000-self-play,20,supply_only,5,leader_unsecured_controlled_supply_margin,-0.2,1.315002193622,1,exclude_feature_when_training_fold_standard_deviation_is_zero
uct-10000-self-play,20,supply_only,5,leader_usable_supply_support_edge_margin,-0.846153846154,2.135637316016,1,exclude_feature_when_training_fold_standard_deviation_is_zero
uct-10000-self-play,20,supply_only,5,leader_primary_important_control_margin,0.092307692308,1.389223102458,1,exclude_feature_when_training_fold_standard_deviation_is_zero
uct-10000-self-play,20,supply_only,5,leader_recent_4_supply_source_usage_margin,0.2,1.055389100686,1,exclude_feature_when_training_fold_standard_deviation_is_zero
uct-10000-self-play,20,allocation_recent_trend,1,leader_cumulative_objective_share_margin,0.010416666667,0.038583873286,1,exclude_feature_when_training_fold_standard_deviation_is_zero
uct-10000-self-play,20,allocation_recent_trend,1,leader_recent_4_objective_placement_margin,0.234375,1.128358701555,1,exclude_feature_when_training_fold_standard_deviation_is_zero
uct-10000-self-play,20,allocation_recent_trend,1,leader_trend_4_secured_objective_margin,0.4375,1.102199505534,1,exclude_feature_when_training_fold_standard_deviation_is_zero
uct-10000-self-play,20,allocation_recent_trend,1,leader_trend_4_advantage_objective_margin,-0.375,2.287875652215,1,exclude_feature_when_training_fold_standard_deviation_is_zero
uct-10000-self-play,20,allocation_recent_trend,1,leader_trend_4_support_edge_margin,-0.703125,3.28195676912,1,exclude_feature_when_training_fold_standard_deviation_is_zero
uct-10000-self-play,20,allocation_recent_trend,1,leader_recent_4_objective_allocation_change_margin,0.151041666667,0.407949170904,1,exclude_feature_when_training_fold_standard_deviation_is_zero
uct-10000-self-play,20,allocation_recent_trend,2,leader_cumulative_objective_share_margin,0.010769230769,0.037941787309,1,exclude_feature_when_training_fold_standard_deviation_is_zero
uct-10000-self-play,20,allocation_recent_trend,2,leader_recent_4_objective_placement_margin,0.184615384615,1.162124151878,1,exclude_feature_when_training_fold_standard_deviation_is_zero
uct-10000-self-play,20,allocation_recent_trend,2,leader_trend_4_secured_objective_margin,0.492307692308,1.009540290248,1,exclude_feature_when_training_fold_standard_deviation_is_zero
uct-10000-self-play,20,allocation_recent_trend,2,leader_trend_4_advantage_objective_margin,-0.4,2.238131088482,1,exclude_feature_when_training_fold_standard_deviation_is_zero
uct-10000-self-play,20,allocation_recent_trend,2,leader_trend_4_support_edge_margin,-0.846153846154,3.109443527909,1,exclude_feature_when_training_fold_standard_deviation_is_zero
uct-10000-self-play,20,allocation_recent_trend,2,leader_recent_4_objective_allocation_change_margin,0.133333333333,0.420825399773,1,exclude_feature_when_training_fold_standard_deviation_is_zero
uct-10000-self-play,20,allocation_recent_trend,3,leader_cumulative_objective_share_margin,0.010256410256,0.040052562441,1,exclude_feature_when_training_fold_standard_deviation_is_zero
uct-10000-self-play,20,allocation_recent_trend,3,leader_recent_4_objective_placement_margin,0.092307692308,1.119382754682,1,exclude_feature_when_training_fold_standard_deviation_is_zero
uct-10000-self-play,20,allocation_recent_trend,3,leader_trend_4_secured_objective_margin,0.415384615385,1.050894237412,1,exclude_feature_when_training_fold_standard_deviation_is_zero
uct-10000-self-play,20,allocation_recent_trend,3,leader_trend_4_advantage_objective_margin,-0.307692307692,2.197362593398,1,exclude_feature_when_training_fold_standard_deviation_is_zero
uct-10000-self-play,20,allocation_recent_trend,3,leader_trend_4_support_edge_margin,-0.4,3.087443552894,1,exclude_feature_when_training_fold_standard_deviation_is_zero
uct-10000-self-play,20,allocation_recent_trend,3,leader_recent_4_objective_allocation_change_margin,0.184615384615,0.392366343864,1,exclude_feature_when_training_fold_standard_deviation_is_zero
uct-10000-self-play,20,allocation_recent_trend,4,leader_cumulative_objective_share_margin,0.009743589744,0.037312758489,1,exclude_feature_when_training_fold_standard_deviation_is_zero
uct-10000-self-play,20,allocation_recent_trend,4,leader_recent_4_objective_placement_margin,0.153846153846,0.948371385072,1,exclude_feature_when_training_fold_standard_deviation_is_zero
uct-10000-self-play,20,allocation_recent_trend,4,leader_trend_4_secured_objective_margin,0.323076923077,1.009305813345,1,exclude_feature_when_training_fold_standard_deviation_is_zero
uct-10000-self-play,20,allocation_recent_trend,4,leader_trend_4_advantage_objective_margin,-0.123076923077,2.137631272138,1,exclude_feature_when_training_fold_standard_deviation_is_zero
uct-10000-self-play,20,allocation_recent_trend,4,leader_trend_4_support_edge_margin,-0.476923076923,2.735002136451,1,exclude_feature_when_training_fold_standard_deviation_is_zero
uct-10000-self-play,20,allocation_recent_trend,4,leader_recent_4_objective_allocation_change_margin,0.164102564103,0.405614767862,1,exclude_feature_when_training_fold_standard_deviation_is_zero
uct-10000-self-play,20,allocation_recent_trend,5,leader_cumulative_objective_share_margin,0.008205128205,0.035581023095,1,exclude_feature_when_training_fold_standard_deviation_is_zero
uct-10000-self-play,20,allocation_recent_trend,5,leader_recent_4_objective_placement_margin,0.2,1.055389100686,1,exclude_feature_when_training_fold_standard_deviation_is_zero
uct-10000-self-play,20,allocation_recent_trend,5,leader_trend_4_secured_objective_margin,0.492307692308,1.024666203406,1,exclude_feature_when_training_fold_standard_deviation_is_zero
uct-10000-self-play,20,allocation_recent_trend,5,leader_trend_4_advantage_objective_margin,-0.276923076923,2.019197801929,1,exclude_feature_when_training_fold_standard_deviation_is_zero
uct-10000-self-play,20,allocation_recent_trend,5,leader_trend_4_support_edge_margin,-0.907692307692,3.026666492888,1,exclude_feature_when_training_fold_standard_deviation_is_zero
uct-10000-self-play,20,allocation_recent_trend,5,leader_recent_4_objective_allocation_change_margin,0.148717948718,0.400984980561,1,exclude_feature_when_training_fold_standard_deviation_is_zero
uct-10000-self-play,20,combined,1,leader_secured_objective_margin,0.6875,0.526634360824,1,exclude_feature_when_training_fold_standard_deviation_is_zero
uct-10000-self-play,20,combined,1,leader_advantage_objective_margin,-0.484375,1.64878921011,1,exclude_feature_when_training_fold_standard_deviation_is_zero
uct-10000-self-play,20,combined,1,leader_objective_piece_margin,0.3125,1.157516198591,1,exclude_feature_when_training_fold_standard_deviation_is_zero
uct-10000-self-play,20,combined,1,live_objectives,8.21875,1.545848775754,1,exclude_feature_when_training_fold_standard_deviation_is_zero
uct-10000-self-play,20,combined,1,leader_secured_supply_margin,0.046875,1.137839063477,1,exclude_feature_when_training_fold_standard_deviation_is_zero
uct-10000-self-play,20,combined,1,leader_unsecured_controlled_supply_margin,-0.375,1.375,1,exclude_feature_when_training_fold_standard_deviation_is_zero
uct-10000-self-play,20,combined,1,leader_usable_supply_support_edge_margin,-1.078125,2.259042160823,1,exclude_feature_when_training_fold_standard_deviation_is_zero
uct-10000-self-play,20,combined,1,leader_primary_important_control_margin,0.21875,1.340111352649,1,exclude_feature_when_training_fold_standard_deviation_is_zero
uct-10000-self-play,20,combined,1,leader_recent_4_supply_source_usage_margin,0.234375,1.128358701555,1,exclude_feature_when_training_fold_standard_deviation_is_zero
uct-10000-self-play,20,combined,1,leader_cumulative_objective_share_margin,0.010416666667,0.038583873286,1,exclude_feature_when_training_fold_standard_deviation_is_zero
uct-10000-self-play,20,combined,1,leader_recent_4_objective_placement_margin,0.234375,1.128358701555,1,exclude_feature_when_training_fold_standard_deviation_is_zero
uct-10000-self-play,20,combined,1,leader_trend_4_secured_objective_margin,0.4375,1.102199505534,1,exclude_feature_when_training_fold_standard_deviation_is_zero
uct-10000-self-play,20,combined,1,leader_trend_4_advantage_objective_margin,-0.375,2.287875652215,1,exclude_feature_when_training_fold_standard_deviation_is_zero
uct-10000-self-play,20,combined,1,leader_trend_4_support_edge_margin,-0.703125,3.28195676912,1,exclude_feature_when_training_fold_standard_deviation_is_zero
uct-10000-self-play,20,combined,1,leader_recent_4_objective_allocation_change_margin,0.151041666667,0.407949170904,1,exclude_feature_when_training_fold_standard_deviation_is_zero
uct-10000-self-play,20,combined,2,leader_secured_objective_margin,0.615384615385,0.517161117353,1,exclude_feature_when_training_fold_standard_deviation_is_zero
uct-10000-self-play,20,combined,2,leader_advantage_objective_margin,-0.323076923077,1.701652520868,1,exclude_feature_when_training_fold_standard_deviation_is_zero
uct-10000-self-play,20,combined,2,leader_objective_piece_margin,0.323076923077,1.138253619267,1,exclude_feature_when_training_fold_standard_deviation_is_zero
uct-10000-self-play,20,combined,2,live_objectives,8.092307692308,1.432835563308,1,exclude_feature_when_training_fold_standard_deviation_is_zero
uct-10000-self-play,20,combined,2,leader_secured_supply_margin,0.092307692308,1.159881650767,1,exclude_feature_when_training_fold_standard_deviation_is_zero
uct-10000-self-play,20,combined,2,leader_unsecured_controlled_supply_margin,-0.430769230769,1.335540579336,1,exclude_feature_when_training_fold_standard_deviation_is_zero
uct-10000-self-play,20,combined,2,leader_usable_supply_support_edge_margin,-0.923076923077,2.227849548212,1,exclude_feature_when_training_fold_standard_deviation_is_zero
uct-10000-self-play,20,combined,2,leader_primary_important_control_margin,0.153846153846,1.4908001902,1,exclude_feature_when_training_fold_standard_deviation_is_zero
uct-10000-self-play,20,combined,2,leader_recent_4_supply_source_usage_margin,0.184615384615,1.162124151878,1,exclude_feature_when_training_fold_standard_deviation_is_zero
uct-10000-self-play,20,combined,2,leader_cumulative_objective_share_margin,0.010769230769,0.037941787309,1,exclude_feature_when_training_fold_standard_deviation_is_zero
uct-10000-self-play,20,combined,2,leader_recent_4_objective_placement_margin,0.184615384615,1.162124151878,1,exclude_feature_when_training_fold_standard_deviation_is_zero
uct-10000-self-play,20,combined,2,leader_trend_4_secured_objective_margin,0.492307692308,1.009540290248,1,exclude_feature_when_training_fold_standard_deviation_is_zero
uct-10000-self-play,20,combined,2,leader_trend_4_advantage_objective_margin,-0.4,2.238131088482,1,exclude_feature_when_training_fold_standard_deviation_is_zero
uct-10000-self-play,20,combined,2,leader_trend_4_support_edge_margin,-0.846153846154,3.109443527909,1,exclude_feature_when_training_fold_standard_deviation_is_zero
uct-10000-self-play,20,combined,2,leader_recent_4_objective_allocation_change_margin,0.133333333333,0.420825399773,1,exclude_feature_when_training_fold_standard_deviation_is_zero
uct-10000-self-play,20,combined,3,leader_secured_objective_margin,0.584615384615,0.551705263909,1,exclude_feature_when_training_fold_standard_deviation_is_zero
uct-10000-self-play,20,combined,3,leader_advantage_objective_margin,-0.307692307692,1.663389282557,1,exclude_feature_when_training_fold_standard_deviation_is_zero
uct-10000-self-play,20,combined,3,leader_objective_piece_margin,0.307692307692,1.201576873216,1,exclude_feature_when_training_fold_standard_deviation_is_zero
uct-10000-self-play,20,combined,3,live_objectives,8.184615384615,1.528119082072,1,exclude_feature_when_training_fold_standard_deviation_is_zero
uct-10000-self-play,20,combined,3,leader_secured_supply_margin,-0.030769230769,1.202167667421,1,exclude_feature_when_training_fold_standard_deviation_is_zero
uct-10000-self-play,20,combined,3,leader_unsecured_controlled_supply_margin,-0.292307692308,1.378104349327,1,exclude_feature_when_training_fold_standard_deviation_is_zero
uct-10000-self-play,20,combined,3,leader_usable_supply_support_edge_margin,-0.6,2.066583952025,1,exclude_feature_when_training_fold_standard_deviation_is_zero
uct-10000-self-play,20,combined,3,leader_primary_important_control_margin,-0.030769230769,1.488098743304,1,exclude_feature_when_training_fold_standard_deviation_is_zero
uct-10000-self-play,20,combined,3,leader_recent_4_supply_source_usage_margin,0.092307692308,1.119382754682,1,exclude_feature_when_training_fold_standard_deviation_is_zero
uct-10000-self-play,20,combined,3,leader_cumulative_objective_share_margin,0.010256410256,0.040052562441,1,exclude_feature_when_training_fold_standard_deviation_is_zero
uct-10000-self-play,20,combined,3,leader_recent_4_objective_placement_margin,0.092307692308,1.119382754682,1,exclude_feature_when_training_fold_standard_deviation_is_zero
uct-10000-self-play,20,combined,3,leader_trend_4_secured_objective_margin,0.415384615385,1.050894237412,1,exclude_feature_when_training_fold_standard_deviation_is_zero
uct-10000-self-play,20,combined,3,leader_trend_4_advantage_objective_margin,-0.307692307692,2.197362593398,1,exclude_feature_when_training_fold_standard_deviation_is_zero
uct-10000-self-play,20,combined,3,leader_trend_4_support_edge_margin,-0.4,3.087443552894,1,exclude_feature_when_training_fold_standard_deviation_is_zero
uct-10000-self-play,20,combined,3,leader_recent_4_objective_allocation_change_margin,0.184615384615,0.392366343864,1,exclude_feature_when_training_fold_standard_deviation_is_zero
uct-10000-self-play,20,combined,4,leader_secured_objective_margin,0.584615384615,0.551705263909,1,exclude_feature_when_training_fold_standard_deviation_is_zero
uct-10000-self-play,20,combined,4,leader_advantage_objective_margin,-0.153846153846,1.571190330054,1,exclude_feature_when_training_fold_standard_deviation_is_zero
uct-10000-self-play,20,combined,4,leader_objective_piece_margin,0.292307692308,1.119382754682,1,exclude_feature_when_training_fold_standard_deviation_is_zero
uct-10000-self-play,20,combined,4,live_objectives,8.184615384615,1.402111678777,1,exclude_feature_when_training_fold_standard_deviation_is_zero
uct-10000-self-play,20,combined,4,leader_secured_supply_margin,0.076923076923,1.140953613399,1,exclude_feature_when_training_fold_standard_deviation_is_zero
uct-10000-self-play,20,combined,4,leader_unsecured_controlled_supply_margin,-0.369230769231,1.247387803115,1,exclude_feature_when_training_fold_standard_deviation_is_zero
uct-10000-self-play,20,combined,4,leader_usable_supply_support_edge_margin,-0.753846153846,2.314042544857,1,exclude_feature_when_training_fold_standard_deviation_is_zero
uct-10000-self-play,20,combined,4,leader_primary_important_control_margin,0.061538461538,1.455778122115,1,exclude_feature_when_training_fold_standard_deviation_is_zero
uct-10000-self-play,20,combined,4,leader_recent_4_supply_source_usage_margin,0.153846153846,0.948371385072,1,exclude_feature_when_training_fold_standard_deviation_is_zero
uct-10000-self-play,20,combined,4,leader_cumulative_objective_share_margin,0.009743589744,0.037312758489,1,exclude_feature_when_training_fold_standard_deviation_is_zero
uct-10000-self-play,20,combined,4,leader_recent_4_objective_placement_margin,0.153846153846,0.948371385072,1,exclude_feature_when_training_fold_standard_deviation_is_zero
uct-10000-self-play,20,combined,4,leader_trend_4_secured_objective_margin,0.323076923077,1.009305813345,1,exclude_feature_when_training_fold_standard_deviation_is_zero
uct-10000-self-play,20,combined,4,leader_trend_4_advantage_objective_margin,-0.123076923077,2.137631272138,1,exclude_feature_when_training_fold_standard_deviation_is_zero
uct-10000-self-play,20,combined,4,leader_trend_4_support_edge_margin,-0.476923076923,2.735002136451,1,exclude_feature_when_training_fold_standard_deviation_is_zero
uct-10000-self-play,20,combined,4,leader_recent_4_objective_allocation_change_margin,0.164102564103,0.405614767862,1,exclude_feature_when_training_fold_standard_deviation_is_zero
uct-10000-self-play,20,combined,5,leader_secured_objective_margin,0.615384615385,0.517161117353,1,exclude_feature_when_training_fold_standard_deviation_is_zero
uct-10000-self-play,20,combined,5,leader_advantage_objective_margin,-0.276923076923,1.462428878562,1,exclude_feature_when_training_fold_standard_deviation_is_zero
uct-10000-self-play,20,combined,5,leader_objective_piece_margin,0.246153846154,1.067430692843,1,exclude_feature_when_training_fold_standard_deviation_is_zero
uct-10000-self-play,20,combined,5,live_objectives,8.184615384615,1.445335283884,1,exclude_feature_when_training_fold_standard_deviation_is_zero
uct-10000-self-play,20,combined,5,leader_secured_supply_margin,-0.061538461538,1.121495198068,1,exclude_feature_when_training_fold_standard_deviation_is_zero
uct-10000-self-play,20,combined,5,leader_unsecured_controlled_supply_margin,-0.2,1.315002193622,1,exclude_feature_when_training_fold_standard_deviation_is_zero
uct-10000-self-play,20,combined,5,leader_usable_supply_support_edge_margin,-0.846153846154,2.135637316016,1,exclude_feature_when_training_fold_standard_deviation_is_zero
uct-10000-self-play,20,combined,5,leader_primary_important_control_margin,0.092307692308,1.389223102458,1,exclude_feature_when_training_fold_standard_deviation_is_zero
uct-10000-self-play,20,combined,5,leader_recent_4_supply_source_usage_margin,0.2,1.055389100686,1,exclude_feature_when_training_fold_standard_deviation_is_zero
uct-10000-self-play,20,combined,5,leader_cumulative_objective_share_margin,0.008205128205,0.035581023095,1,exclude_feature_when_training_fold_standard_deviation_is_zero
uct-10000-self-play,20,combined,5,leader_recent_4_objective_placement_margin,0.2,1.055389100686,1,exclude_feature_when_training_fold_standard_deviation_is_zero
uct-10000-self-play,20,combined,5,leader_trend_4_secured_objective_margin,0.492307692308,1.024666203406,1,exclude_feature_when_training_fold_standard_deviation_is_zero
uct-10000-self-play,20,combined,5,leader_trend_4_advantage_objective_margin,-0.276923076923,2.019197801929,1,exclude_feature_when_training_fold_standard_deviation_is_zero
uct-10000-self-play,20,combined,5,leader_trend_4_support_edge_margin,-0.907692307692,3.026666492888,1,exclude_feature_when_training_fold_standard_deviation_is_zero
uct-10000-self-play,20,combined,5,leader_recent_4_objective_allocation_change_margin,0.148717948718,0.400984980561,1,exclude_feature_when_training_fold_standard_deviation_is_zero
uct-3000-self-play,8,decisive_margin_only,1,decisive_margin,1.159420289855,0.366067563487,1,exclude_feature_when_training_fold_standard_deviation_is_zero
uct-3000-self-play,8,decisive_margin_only,2,decisive_margin,1.130434782609,0.33678116054,1,exclude_feature_when_training_fold_standard_deviation_is_zero
uct-3000-self-play,8,decisive_margin_only,3,decisive_margin,1.115942028986,0.320155391803,1,exclude_feature_when_training_fold_standard_deviation_is_zero
uct-3000-self-play,8,decisive_margin_only,4,decisive_margin,1.1,0.3,1,exclude_feature_when_training_fold_standard_deviation_is_zero
uct-3000-self-play,8,decisive_margin_only,5,decisive_margin,1.12676056338,0.332704558057,1,exclude_feature_when_training_fold_standard_deviation_is_zero
uct-3000-self-play,8,current_objective_state,1,leader_secured_objective_margin,0.68115942029,0.601754767885,1,exclude_feature_when_training_fold_standard_deviation_is_zero
uct-3000-self-play,8,current_objective_state,1,leader_advantage_objective_margin,-0.463768115942,1.518768667398,1,exclude_feature_when_training_fold_standard_deviation_is_zero
uct-3000-self-play,8,current_objective_state,1,leader_objective_piece_margin,0.855072463768,0.98209126644,1,exclude_feature_when_training_fold_standard_deviation_is_zero
uct-3000-self-play,8,current_objective_state,2,leader_secured_objective_margin,0.579710144928,0.599656836683,1,exclude_feature_when_training_fold_standard_deviation_is_zero
uct-3000-self-play,8,current_objective_state,2,leader_advantage_objective_margin,-0.391304347826,1.515307318563,1,exclude_feature_when_training_fold_standard_deviation_is_zero
uct-3000-self-play,8,current_objective_state,2,leader_objective_piece_margin,0.710144927536,1.037017033043,1,exclude_feature_when_training_fold_standard_deviation_is_zero
uct-3000-self-play,8,current_objective_state,3,leader_secured_objective_margin,0.623188405797,0.592255557731,1,exclude_feature_when_training_fold_standard_deviation_is_zero
uct-3000-self-play,8,current_objective_state,3,leader_advantage_objective_margin,-0.478260869565,1.538008270197,1,exclude_feature_when_training_fold_standard_deviation_is_zero
uct-3000-self-play,8,current_objective_state,3,leader_objective_piece_margin,0.666666666667,1.044886328561,1,exclude_feature_when_training_fold_standard_deviation_is_zero
uct-3000-self-play,8,current_objective_state,4,leader_secured_objective_margin,0.614285714286,0.568025581488,1,exclude_feature_when_training_fold_standard_deviation_is_zero
uct-3000-self-play,8,current_objective_state,4,leader_advantage_objective_margin,-0.442857142857,1.420620732393,1,exclude_feature_when_training_fold_standard_deviation_is_zero
uct-3000-self-play,8,current_objective_state,4,leader_objective_piece_margin,0.7,0.976144017478,1,exclude_feature_when_training_fold_standard_deviation_is_zero
uct-3000-self-play,8,current_objective_state,5,leader_secured_objective_margin,0.605633802817,0.592889159996,1,exclude_feature_when_training_fold_standard_deviation_is_zero
uct-3000-self-play,8,current_objective_state,5,leader_advantage_objective_margin,-0.352112676056,1.454459790809,1,exclude_feature_when_training_fold_standard_deviation_is_zero
uct-3000-self-play,8,current_objective_state,5,leader_objective_piece_margin,0.859154929577,0.96845709508,1,exclude_feature_when_training_fold_standard_deviation_is_zero
uct-3000-self-play,8,objective_only,1,leader_secured_objective_margin,0.68115942029,0.601754767885,1,exclude_feature_when_training_fold_standard_deviation_is_zero
uct-3000-self-play,8,objective_only,1,leader_advantage_objective_margin,-0.463768115942,1.518768667398,1,exclude_feature_when_training_fold_standard_deviation_is_zero
uct-3000-self-play,8,objective_only,1,leader_objective_piece_margin,0.855072463768,0.98209126644,1,exclude_feature_when_training_fold_standard_deviation_is_zero
uct-3000-self-play,8,objective_only,1,live_objectives,14.710144927536,0.979521463694,1,exclude_feature_when_training_fold_standard_deviation_is_zero
uct-3000-self-play,8,objective_only,2,leader_secured_objective_margin,0.579710144928,0.599656836683,1,exclude_feature_when_training_fold_standard_deviation_is_zero
uct-3000-self-play,8,objective_only,2,leader_advantage_objective_margin,-0.391304347826,1.515307318563,1,exclude_feature_when_training_fold_standard_deviation_is_zero
uct-3000-self-play,8,objective_only,2,leader_objective_piece_margin,0.710144927536,1.037017033043,1,exclude_feature_when_training_fold_standard_deviation_is_zero
uct-3000-self-play,8,objective_only,2,live_objectives,14.579710144928,1.02724899401,1,exclude_feature_when_training_fold_standard_deviation_is_zero
uct-3000-self-play,8,objective_only,3,leader_secured_objective_margin,0.623188405797,0.592255557731,1,exclude_feature_when_training_fold_standard_deviation_is_zero
uct-3000-self-play,8,objective_only,3,leader_advantage_objective_margin,-0.478260869565,1.538008270197,1,exclude_feature_when_training_fold_standard_deviation_is_zero
uct-3000-self-play,8,objective_only,3,leader_objective_piece_margin,0.666666666667,1.044886328561,1,exclude_feature_when_training_fold_standard_deviation_is_zero
uct-3000-self-play,8,objective_only,3,live_objectives,14.536231884058,0.956741301107,1,exclude_feature_when_training_fold_standard_deviation_is_zero
uct-3000-self-play,8,objective_only,4,leader_secured_objective_margin,0.614285714286,0.568025581488,1,exclude_feature_when_training_fold_standard_deviation_is_zero
uct-3000-self-play,8,objective_only,4,leader_advantage_objective_margin,-0.442857142857,1.420620732393,1,exclude_feature_when_training_fold_standard_deviation_is_zero
uct-3000-self-play,8,objective_only,4,leader_objective_piece_margin,0.7,0.976144017478,1,exclude_feature_when_training_fold_standard_deviation_is_zero
uct-3000-self-play,8,objective_only,4,live_objectives,14.585714285714,0.963518213081,1,exclude_feature_when_training_fold_standard_deviation_is_zero
uct-3000-self-play,8,objective_only,5,leader_secured_objective_margin,0.605633802817,0.592889159996,1,exclude_feature_when_training_fold_standard_deviation_is_zero
uct-3000-self-play,8,objective_only,5,leader_advantage_objective_margin,-0.352112676056,1.454459790809,1,exclude_feature_when_training_fold_standard_deviation_is_zero
uct-3000-self-play,8,objective_only,5,leader_objective_piece_margin,0.859154929577,0.96845709508,1,exclude_feature_when_training_fold_standard_deviation_is_zero
uct-3000-self-play,8,objective_only,5,live_objectives,14.577464788732,1.002278697164,1,exclude_feature_when_training_fold_standard_deviation_is_zero
uct-3000-self-play,8,supply_only,1,leader_secured_supply_margin,0.0,0.564659702573,1,exclude_feature_when_training_fold_standard_deviation_is_zero
uct-3000-self-play,8,supply_only,1,leader_unsecured_controlled_supply_margin,-0.782608695652,1.005341750494,1,exclude_feature_when_training_fold_standard_deviation_is_zero
uct-3000-self-play,8,supply_only,1,leader_usable_supply_support_edge_margin,-3.217391304348,3.985006556165,1,exclude_feature_when_training_fold_standard_deviation_is_zero
uct-3000-self-play,8,supply_only,1,leader_primary_important_control_margin,0.115942028986,1.388735551292,1,exclude_feature_when_training_fold_standard_deviation_is_zero
uct-3000-self-play,8,supply_only,1,leader_recent_4_supply_source_usage_margin,0.463768115942,1.110943066477,1,exclude_feature_when_training_fold_standard_deviation_is_zero
uct-3000-self-play,8,supply_only,2,leader_secured_supply_margin,-0.028985507246,0.589055113997,1,exclude_feature_when_training_fold_standard_deviation_is_zero
uct-3000-self-play,8,supply_only,2,leader_unsecured_controlled_supply_margin,-0.623188405797,1.008678993699,1,exclude_feature_when_training_fold_standard_deviation_is_zero
uct-3000-self-play,8,supply_only,2,leader_usable_supply_support_edge_margin,-2.942028985507,4.218262771658,1,exclude_feature_when_training_fold_standard_deviation_is_zero
uct-3000-self-play,8,supply_only,2,leader_primary_important_control_margin,-0.04347826087,1.448985478255,1,exclude_feature_when_training_fold_standard_deviation_is_zero
uct-3000-self-play,8,supply_only,2,leader_recent_4_supply_source_usage_margin,0.376811594203,1.117728665777,1,exclude_feature_when_training_fold_standard_deviation_is_zero
uct-3000-self-play,8,supply_only,3,leader_secured_supply_margin,-0.014492753623,0.496151964308,1,exclude_feature_when_training_fold_standard_deviation_is_zero
uct-3000-self-play,8,supply_only,3,leader_unsecured_controlled_supply_margin,-0.594202898551,1.01179766236,1,exclude_feature_when_training_fold_standard_deviation_is_zero
uct-3000-self-play,8,supply_only,3,leader_usable_supply_support_edge_margin,-2.652173913043,4.173158144294,1,exclude_feature_when_training_fold_standard_deviation_is_zero
uct-3000-self-play,8,supply_only,3,leader_primary_important_control_margin,-0.072463768116,1.417477250588,1,exclude_feature_when_training_fold_standard_deviation_is_zero
uct-3000-self-play,8,supply_only,3,leader_recent_4_supply_source_usage_margin,0.333333333333,1.072267902208,1,exclude_feature_when_training_fold_standard_deviation_is_zero
uct-3000-self-play,8,supply_only,4,leader_secured_supply_margin,-0.028571428571,0.533758334065,1,exclude_feature_when_training_fold_standard_deviation_is_zero
uct-3000-self-play,8,supply_only,4,leader_unsecured_controlled_supply_margin,-0.628571428571,0.988092369474,1,exclude_feature_when_training_fold_standard_deviation_is_zero
uct-3000-self-play,8,supply_only,4,leader_usable_supply_support_edge_margin,-2.742857142857,3.944926992936,1,exclude_feature_when_training_fold_standard_deviation_is_zero
uct-3000-self-play,8,supply_only,4,leader_primary_important_control_margin,0.1,1.494274788269,1,exclude_feature_when_training_fold_standard_deviation_is_zero
uct-3000-self-play,8,supply_only,4,leader_recent_4_supply_source_usage_margin,0.428571428571,1.076653924652,1,exclude_feature_when_training_fold_standard_deviation_is_zero
uct-3000-self-play,8,supply_only,5,leader_secured_supply_margin,-0.042253521127,0.542207790279,1,exclude_feature_when_training_fold_standard_deviation_is_zero
uct-3000-self-play,8,supply_only,5,leader_unsecured_controlled_supply_margin,-0.760563380282,0.970911996598,1,exclude_feature_when_training_fold_standard_deviation_is_zero
uct-3000-self-play,8,supply_only,5,leader_usable_supply_support_edge_margin,-3.211267605634,3.688258847038,1,exclude_feature_when_training_fold_standard_deviation_is_zero
uct-3000-self-play,8,supply_only,5,leader_primary_important_control_margin,0.014084507042,1.429004950232,1,exclude_feature_when_training_fold_standard_deviation_is_zero
uct-3000-self-play,8,supply_only,5,leader_recent_4_supply_source_usage_margin,0.464788732394,0.946914721914,1,exclude_feature_when_training_fold_standard_deviation_is_zero
uct-3000-self-play,8,allocation_recent_trend,1,leader_cumulative_objective_share_margin,0.071256038647,0.08184093887,1,exclude_feature_when_training_fold_standard_deviation_is_zero
uct-3000-self-play,8,allocation_recent_trend,1,leader_recent_4_objective_placement_margin,0.463768115942,1.110943066477,1,exclude_feature_when_training_fold_standard_deviation_is_zero
uct-3000-self-play,8,allocation_recent_trend,1,leader_trend_4_secured_objective_margin,0.68115942029,0.601754767885,1,exclude_feature_when_training_fold_standard_deviation_is_zero
uct-3000-self-play,8,allocation_recent_trend,1,leader_trend_4_advantage_objective_margin,-0.797101449275,1.537735113589,1,exclude_feature_when_training_fold_standard_deviation_is_zero
uct-3000-self-play,8,allocation_recent_trend,1,leader_trend_4_support_edge_margin,-2.202898550725,4.271848224197,1,exclude_feature_when_training_fold_standard_deviation_is_zero
uct-3000-self-play,8,allocation_recent_trend,1,leader_recent_4_objective_allocation_change_margin,-0.106280193237,0.545786830628,1,exclude_feature_when_training_fold_standard_deviation_is_zero
uct-3000-self-play,8,allocation_recent_trend,2,leader_cumulative_objective_share_margin,0.059178743961,0.086418086087,1,exclude_feature_when_training_fold_standard_deviation_is_zero
uct-3000-self-play,8,allocation_recent_trend,2,leader_recent_4_objective_placement_margin,0.376811594203,1.117728665777,1,exclude_feature_when_training_fold_standard_deviation_is_zero
uct-3000-self-play,8,allocation_recent_trend,2,leader_trend_4_secured_objective_margin,0.594202898551,0.597551539945,1,exclude_feature_when_training_fold_standard_deviation_is_zero
uct-3000-self-play,8,allocation_recent_trend,2,leader_trend_4_advantage_objective_margin,-0.710144927536,1.455638206318,1,exclude_feature_when_training_fold_standard_deviation_is_zero
uct-3000-self-play,8,allocation_recent_trend,2,leader_trend_4_support_edge_margin,-2.086956521739,4.379594086263,1,exclude_feature_when_training_fold_standard_deviation_is_zero
uct-3000-self-play,8,allocation_recent_trend,2,leader_recent_4_objective_allocation_change_margin,0.009661835749,0.439480789007,1,exclude_feature_when_training_fold_standard_deviation_is_zero
uct-3000-self-play,8,allocation_recent_trend,3,leader_cumulative_objective_share_margin,0.055555555556,0.087073860713,1,exclude_feature_when_training_fold_standard_deviation_is_zero
uct-3000-self-play,8,allocation_recent_trend,3,leader_recent_4_objective_placement_margin,0.333333333333,1.072267902208,1,exclude_feature_when_training_fold_standard_deviation_is_zero
uct-3000-self-play,8,allocation_recent_trend,3,leader_trend_4_secured_objective_margin,0.63768115942,0.589055113997,1,exclude_feature_when_training_fold_standard_deviation_is_zero
uct-3000-self-play,8,allocation_recent_trend,3,leader_trend_4_advantage_objective_margin,-0.768115942029,1.543052945415,1,exclude_feature_when_training_fold_standard_deviation_is_zero
uct-3000-self-play,8,allocation_recent_trend,3,leader_trend_4_support_edge_margin,-1.884057971014,4.034403613718,1,exclude_feature_when_training_fold_standard_deviation_is_zero
uct-3000-self-play,8,allocation_recent_trend,3,leader_recent_4_objective_allocation_change_margin,-0.053140096618,0.503204508599,1,exclude_feature_when_training_fold_standard_deviation_is_zero
uct-3000-self-play,8,allocation_recent_trend,4,leader_cumulative_objective_share_margin,0.058333333333,0.08134533479,1,exclude_feature_when_training_fold_standard_deviation_is_zero
uct-3000-self-play,8,allocation_recent_trend,4,leader_recent_4_objective_placement_margin,0.428571428571,1.076653924652,1,exclude_feature_when_training_fold_standard_deviation_is_zero
uct-3000-self-play,8,allocation_recent_trend,4,leader_trend_4_secured_objective_margin,0.628571428571,0.564963426665,1,exclude_feature_when_training_fold_standard_deviation_is_zero
uct-3000-self-play,8,allocation_recent_trend,4,leader_trend_4_advantage_objective_margin,-0.728571428571,1.443422802839,1,exclude_feature_when_training_fold_standard_deviation_is_zero
uct-3000-self-play,8,allocation_recent_trend,4,leader_trend_4_support_edge_margin,-2.114285714286,4.347553851282,1,exclude_feature_when_training_fold_standard_deviation_is_zero
uct-3000-self-play,8,allocation_recent_trend,4,leader_recent_4_objective_allocation_change_margin,-0.095238095238,0.540848413886,1,exclude_feature_when_training_fold_standard_deviation_is_zero
uct-3000-self-play,8,allocation_recent_trend,5,leader_cumulative_objective_share_margin,0.071596244131,0.080704757923,1,exclude_feature_when_training_fold_standard_deviation_is_zero
uct-3000-self-play,8,allocation_recent_trend,5,leader_recent_4_objective_placement_margin,0.464788732394,0.946914721914,1,exclude_feature_when_training_fold_standard_deviation_is_zero
uct-3000-self-play,8,allocation_recent_trend,5,leader_trend_4_secured_objective_margin,0.619718309859,0.590206389852,1,exclude_feature_when_training_fold_standard_deviation_is_zero
uct-3000-self-play,8,allocation_recent_trend,5,leader_trend_4_advantage_objective_margin,-0.732394366197,1.453095253693,1,exclude_feature_when_training_fold_standard_deviation_is_zero
uct-3000-self-play,8,allocation_recent_trend,5,leader_trend_4_support_edge_margin,-2.338028169014,3.680721232033,1,exclude_feature_when_training_fold_standard_deviation_is_zero
uct-3000-self-play,8,allocation_recent_trend,5,leader_recent_4_objective_allocation_change_margin,-0.098591549296,0.543547629612,1,exclude_feature_when_training_fold_standard_deviation_is_zero
uct-3000-self-play,8,combined,1,leader_secured_objective_margin,0.68115942029,0.601754767885,1,exclude_feature_when_training_fold_standard_deviation_is_zero
uct-3000-self-play,8,combined,1,leader_advantage_objective_margin,-0.463768115942,1.518768667398,1,exclude_feature_when_training_fold_standard_deviation_is_zero
uct-3000-self-play,8,combined,1,leader_objective_piece_margin,0.855072463768,0.98209126644,1,exclude_feature_when_training_fold_standard_deviation_is_zero
uct-3000-self-play,8,combined,1,live_objectives,14.710144927536,0.979521463694,1,exclude_feature_when_training_fold_standard_deviation_is_zero
uct-3000-self-play,8,combined,1,leader_secured_supply_margin,0.0,0.564659702573,1,exclude_feature_when_training_fold_standard_deviation_is_zero
uct-3000-self-play,8,combined,1,leader_unsecured_controlled_supply_margin,-0.782608695652,1.005341750494,1,exclude_feature_when_training_fold_standard_deviation_is_zero
uct-3000-self-play,8,combined,1,leader_usable_supply_support_edge_margin,-3.217391304348,3.985006556165,1,exclude_feature_when_training_fold_standard_deviation_is_zero
uct-3000-self-play,8,combined,1,leader_primary_important_control_margin,0.115942028986,1.388735551292,1,exclude_feature_when_training_fold_standard_deviation_is_zero
uct-3000-self-play,8,combined,1,leader_recent_4_supply_source_usage_margin,0.463768115942,1.110943066477,1,exclude_feature_when_training_fold_standard_deviation_is_zero
uct-3000-self-play,8,combined,1,leader_cumulative_objective_share_margin,0.071256038647,0.08184093887,1,exclude_feature_when_training_fold_standard_deviation_is_zero
uct-3000-self-play,8,combined,1,leader_recent_4_objective_placement_margin,0.463768115942,1.110943066477,1,exclude_feature_when_training_fold_standard_deviation_is_zero
uct-3000-self-play,8,combined,1,leader_trend_4_secured_objective_margin,0.68115942029,0.601754767885,1,exclude_feature_when_training_fold_standard_deviation_is_zero
uct-3000-self-play,8,combined,1,leader_trend_4_advantage_objective_margin,-0.797101449275,1.537735113589,1,exclude_feature_when_training_fold_standard_deviation_is_zero
uct-3000-self-play,8,combined,1,leader_trend_4_support_edge_margin,-2.202898550725,4.271848224197,1,exclude_feature_when_training_fold_standard_deviation_is_zero
uct-3000-self-play,8,combined,1,leader_recent_4_objective_allocation_change_margin,-0.106280193237,0.545786830628,1,exclude_feature_when_training_fold_standard_deviation_is_zero
uct-3000-self-play,8,combined,2,leader_secured_objective_margin,0.579710144928,0.599656836683,1,exclude_feature_when_training_fold_standard_deviation_is_zero
uct-3000-self-play,8,combined,2,leader_advantage_objective_margin,-0.391304347826,1.515307318563,1,exclude_feature_when_training_fold_standard_deviation_is_zero
uct-3000-self-play,8,combined,2,leader_objective_piece_margin,0.710144927536,1.037017033043,1,exclude_feature_when_training_fold_standard_deviation_is_zero
uct-3000-self-play,8,combined,2,live_objectives,14.579710144928,1.02724899401,1,exclude_feature_when_training_fold_standard_deviation_is_zero
uct-3000-self-play,8,combined,2,leader_secured_supply_margin,-0.028985507246,0.589055113997,1,exclude_feature_when_training_fold_standard_deviation_is_zero
uct-3000-self-play,8,combined,2,leader_unsecured_controlled_supply_margin,-0.623188405797,1.008678993699,1,exclude_feature_when_training_fold_standard_deviation_is_zero
uct-3000-self-play,8,combined,2,leader_usable_supply_support_edge_margin,-2.942028985507,4.218262771658,1,exclude_feature_when_training_fold_standard_deviation_is_zero
uct-3000-self-play,8,combined,2,leader_primary_important_control_margin,-0.04347826087,1.448985478255,1,exclude_feature_when_training_fold_standard_deviation_is_zero
uct-3000-self-play,8,combined,2,leader_recent_4_supply_source_usage_margin,0.376811594203,1.117728665777,1,exclude_feature_when_training_fold_standard_deviation_is_zero
uct-3000-self-play,8,combined,2,leader_cumulative_objective_share_margin,0.059178743961,0.086418086087,1,exclude_feature_when_training_fold_standard_deviation_is_zero
uct-3000-self-play,8,combined,2,leader_recent_4_objective_placement_margin,0.376811594203,1.117728665777,1,exclude_feature_when_training_fold_standard_deviation_is_zero
uct-3000-self-play,8,combined,2,leader_trend_4_secured_objective_margin,0.594202898551,0.597551539945,1,exclude_feature_when_training_fold_standard_deviation_is_zero
uct-3000-self-play,8,combined,2,leader_trend_4_advantage_objective_margin,-0.710144927536,1.455638206318,1,exclude_feature_when_training_fold_standard_deviation_is_zero
uct-3000-self-play,8,combined,2,leader_trend_4_support_edge_margin,-2.086956521739,4.379594086263,1,exclude_feature_when_training_fold_standard_deviation_is_zero
uct-3000-self-play,8,combined,2,leader_recent_4_objective_allocation_change_margin,0.009661835749,0.439480789007,1,exclude_feature_when_training_fold_standard_deviation_is_zero
uct-3000-self-play,8,combined,3,leader_secured_objective_margin,0.623188405797,0.592255557731,1,exclude_feature_when_training_fold_standard_deviation_is_zero
uct-3000-self-play,8,combined,3,leader_advantage_objective_margin,-0.478260869565,1.538008270197,1,exclude_feature_when_training_fold_standard_deviation_is_zero
uct-3000-self-play,8,combined,3,leader_objective_piece_margin,0.666666666667,1.044886328561,1,exclude_feature_when_training_fold_standard_deviation_is_zero
uct-3000-self-play,8,combined,3,live_objectives,14.536231884058,0.956741301107,1,exclude_feature_when_training_fold_standard_deviation_is_zero
uct-3000-self-play,8,combined,3,leader_secured_supply_margin,-0.014492753623,0.496151964308,1,exclude_feature_when_training_fold_standard_deviation_is_zero
uct-3000-self-play,8,combined,3,leader_unsecured_controlled_supply_margin,-0.594202898551,1.01179766236,1,exclude_feature_when_training_fold_standard_deviation_is_zero
uct-3000-self-play,8,combined,3,leader_usable_supply_support_edge_margin,-2.652173913043,4.173158144294,1,exclude_feature_when_training_fold_standard_deviation_is_zero
uct-3000-self-play,8,combined,3,leader_primary_important_control_margin,-0.072463768116,1.417477250588,1,exclude_feature_when_training_fold_standard_deviation_is_zero
uct-3000-self-play,8,combined,3,leader_recent_4_supply_source_usage_margin,0.333333333333,1.072267902208,1,exclude_feature_when_training_fold_standard_deviation_is_zero
uct-3000-self-play,8,combined,3,leader_cumulative_objective_share_margin,0.055555555556,0.087073860713,1,exclude_feature_when_training_fold_standard_deviation_is_zero
uct-3000-self-play,8,combined,3,leader_recent_4_objective_placement_margin,0.333333333333,1.072267902208,1,exclude_feature_when_training_fold_standard_deviation_is_zero
uct-3000-self-play,8,combined,3,leader_trend_4_secured_objective_margin,0.63768115942,0.589055113997,1,exclude_feature_when_training_fold_standard_deviation_is_zero
uct-3000-self-play,8,combined,3,leader_trend_4_advantage_objective_margin,-0.768115942029,1.543052945415,1,exclude_feature_when_training_fold_standard_deviation_is_zero
uct-3000-self-play,8,combined,3,leader_trend_4_support_edge_margin,-1.884057971014,4.034403613718,1,exclude_feature_when_training_fold_standard_deviation_is_zero
uct-3000-self-play,8,combined,3,leader_recent_4_objective_allocation_change_margin,-0.053140096618,0.503204508599,1,exclude_feature_when_training_fold_standard_deviation_is_zero
uct-3000-self-play,8,combined,4,leader_secured_objective_margin,0.614285714286,0.568025581488,1,exclude_feature_when_training_fold_standard_deviation_is_zero
uct-3000-self-play,8,combined,4,leader_advantage_objective_margin,-0.442857142857,1.420620732393,1,exclude_feature_when_training_fold_standard_deviation_is_zero
uct-3000-self-play,8,combined,4,leader_objective_piece_margin,0.7,0.976144017478,1,exclude_feature_when_training_fold_standard_deviation_is_zero
uct-3000-self-play,8,combined,4,live_objectives,14.585714285714,0.963518213081,1,exclude_feature_when_training_fold_standard_deviation_is_zero
uct-3000-self-play,8,combined,4,leader_secured_supply_margin,-0.028571428571,0.533758334065,1,exclude_feature_when_training_fold_standard_deviation_is_zero
uct-3000-self-play,8,combined,4,leader_unsecured_controlled_supply_margin,-0.628571428571,0.988092369474,1,exclude_feature_when_training_fold_standard_deviation_is_zero
uct-3000-self-play,8,combined,4,leader_usable_supply_support_edge_margin,-2.742857142857,3.944926992936,1,exclude_feature_when_training_fold_standard_deviation_is_zero
uct-3000-self-play,8,combined,4,leader_primary_important_control_margin,0.1,1.494274788269,1,exclude_feature_when_training_fold_standard_deviation_is_zero
uct-3000-self-play,8,combined,4,leader_recent_4_supply_source_usage_margin,0.428571428571,1.076653924652,1,exclude_feature_when_training_fold_standard_deviation_is_zero
uct-3000-self-play,8,combined,4,leader_cumulative_objective_share_margin,0.058333333333,0.08134533479,1,exclude_feature_when_training_fold_standard_deviation_is_zero
uct-3000-self-play,8,combined,4,leader_recent_4_objective_placement_margin,0.428571428571,1.076653924652,1,exclude_feature_when_training_fold_standard_deviation_is_zero
uct-3000-self-play,8,combined,4,leader_trend_4_secured_objective_margin,0.628571428571,0.564963426665,1,exclude_feature_when_training_fold_standard_deviation_is_zero
uct-3000-self-play,8,combined,4,leader_trend_4_advantage_objective_margin,-0.728571428571,1.443422802839,1,exclude_feature_when_training_fold_standard_deviation_is_zero
uct-3000-self-play,8,combined,4,leader_trend_4_support_edge_margin,-2.114285714286,4.347553851282,1,exclude_feature_when_training_fold_standard_deviation_is_zero
uct-3000-self-play,8,combined,4,leader_recent_4_objective_allocation_change_margin,-0.095238095238,0.540848413886,1,exclude_feature_when_training_fold_standard_deviation_is_zero
uct-3000-self-play,8,combined,5,leader_secured_objective_margin,0.605633802817,0.592889159996,1,exclude_feature_when_training_fold_standard_deviation_is_zero
uct-3000-self-play,8,combined,5,leader_advantage_objective_margin,-0.352112676056,1.454459790809,1,exclude_feature_when_training_fold_standard_deviation_is_zero
uct-3000-self-play,8,combined,5,leader_objective_piece_margin,0.859154929577,0.96845709508,1,exclude_feature_when_training_fold_standard_deviation_is_zero
uct-3000-self-play,8,combined,5,live_objectives,14.577464788732,1.002278697164,1,exclude_feature_when_training_fold_standard_deviation_is_zero
uct-3000-self-play,8,combined,5,leader_secured_supply_margin,-0.042253521127,0.542207790279,1,exclude_feature_when_training_fold_standard_deviation_is_zero
uct-3000-self-play,8,combined,5,leader_unsecured_controlled_supply_margin,-0.760563380282,0.970911996598,1,exclude_feature_when_training_fold_standard_deviation_is_zero
uct-3000-self-play,8,combined,5,leader_usable_supply_support_edge_margin,-3.211267605634,3.688258847038,1,exclude_feature_when_training_fold_standard_deviation_is_zero
uct-3000-self-play,8,combined,5,leader_primary_important_control_margin,0.014084507042,1.429004950232,1,exclude_feature_when_training_fold_standard_deviation_is_zero
uct-3000-self-play,8,combined,5,leader_recent_4_supply_source_usage_margin,0.464788732394,0.946914721914,1,exclude_feature_when_training_fold_standard_deviation_is_zero
uct-3000-self-play,8,combined,5,leader_cumulative_objective_share_margin,0.071596244131,0.080704757923,1,exclude_feature_when_training_fold_standard_deviation_is_zero
uct-3000-self-play,8,combined,5,leader_recent_4_objective_placement_margin,0.464788732394,0.946914721914,1,exclude_feature_when_training_fold_standard_deviation_is_zero
uct-3000-self-play,8,combined,5,leader_trend_4_secured_objective_margin,0.619718309859,0.590206389852,1,exclude_feature_when_training_fold_standard_deviation_is_zero
uct-3000-self-play,8,combined,5,leader_trend_4_advantage_objective_margin,-0.732394366197,1.453095253693,1,exclude_feature_when_training_fold_standard_deviation_is_zero
uct-3000-self-play,8,combined,5,leader_trend_4_support_edge_margin,-2.338028169014,3.680721232033,1,exclude_feature_when_training_fold_standard_deviation_is_zero
uct-3000-self-play,8,combined,5,leader_recent_4_objective_allocation_change_margin,-0.098591549296,0.543547629612,1,exclude_feature_when_training_fold_standard_deviation_is_zero
uct-3000-self-play,12,decisive_margin_only,1,decisive_margin,1.181818181818,0.423158789205,1,exclude_feature_when_training_fold_standard_deviation_is_zero
uct-3000-self-play,12,decisive_margin_only,2,decisive_margin,1.212121212121,0.444329645413,1,exclude_feature_when_training_fold_standard_deviation_is_zero
uct-3000-self-play,12,decisive_margin_only,3,decisive_margin,1.212121212121,0.444329645413,1,exclude_feature_when_training_fold_standard_deviation_is_zero
uct-3000-self-play,12,decisive_margin_only,4,decisive_margin,1.134328358209,0.341004765934,1,exclude_feature_when_training_fold_standard_deviation_is_zero
uct-3000-self-play,12,decisive_margin_only,5,decisive_margin,1.164179104478,0.408748177243,1,exclude_feature_when_training_fold_standard_deviation_is_zero
uct-3000-self-play,12,current_objective_state,1,leader_secured_objective_margin,0.712121212121,0.712765665839,1,exclude_feature_when_training_fold_standard_deviation_is_zero
uct-3000-self-play,12,current_objective_state,1,leader_advantage_objective_margin,-0.575757575758,1.547829428985,1,exclude_feature_when_training_fold_standard_deviation_is_zero
uct-3000-self-play,12,current_objective_state,1,leader_objective_piece_margin,0.560606060606,1.046332525492,1,exclude_feature_when_training_fold_standard_deviation_is_zero
uct-3000-self-play,12,current_objective_state,2,leader_secured_objective_margin,0.772727272727,0.734340655518,1,exclude_feature_when_training_fold_standard_deviation_is_zero
uct-3000-self-play,12,current_objective_state,2,leader_advantage_objective_margin,-0.666666666667,1.579540912718,1,exclude_feature_when_training_fold_standard_deviation_is_zero
uct-3000-self-play,12,current_objective_state,2,leader_objective_piece_margin,0.712121212121,1.083836501076,1,exclude_feature_when_training_fold_standard_deviation_is_zero
uct-3000-self-play,12,current_objective_state,3,leader_secured_objective_margin,0.772727272727,0.754691479116,1,exclude_feature_when_training_fold_standard_deviation_is_zero
uct-3000-self-play,12,current_objective_state,3,leader_advantage_objective_margin,-0.69696969697,1.576048924115,1,exclude_feature_when_training_fold_standard_deviation_is_zero
uct-3000-self-play,12,current_objective_state,3,leader_objective_piece_margin,0.636363636364,1.053656887922,1,exclude_feature_when_training_fold_standard_deviation_is_zero
uct-3000-self-play,12,current_objective_state,4,leader_secured_objective_margin,0.671641791045,0.655358161197,1,exclude_feature_when_training_fold_standard_deviation_is_zero
uct-3000-self-play,12,current_objective_state,4,leader_advantage_objective_margin,-0.567164179104,1.566666587671,1,exclude_feature_when_training_fold_standard_deviation_is_zero
uct-3000-self-play,12,current_objective_state,4,leader_objective_piece_margin,0.626865671642,1.034275590392,1,exclude_feature_when_training_fold_standard_deviation_is_zero
uct-3000-self-play,12,current_objective_state,5,leader_secured_objective_margin,0.686567164179,0.716728788271,1,exclude_feature_when_training_fold_standard_deviation_is_zero
uct-3000-self-play,12,current_objective_state,5,leader_advantage_objective_margin,-0.507462686567,1.479946896268,1,exclude_feature_when_training_fold_standard_deviation_is_zero
uct-3000-self-play,12,current_objective_state,5,leader_objective_piece_margin,0.716417910448,1.06232594921,1,exclude_feature_when_training_fold_standard_deviation_is_zero
uct-3000-self-play,12,objective_only,1,leader_secured_objective_margin,0.712121212121,0.712765665839,1,exclude_feature_when_training_fold_standard_deviation_is_zero
uct-3000-self-play,12,objective_only,1,leader_advantage_objective_margin,-0.575757575758,1.547829428985,1,exclude_feature_when_training_fold_standard_deviation_is_zero
uct-3000-self-play,12,objective_only,1,leader_objective_piece_margin,0.560606060606,1.046332525492,1,exclude_feature_when_training_fold_standard_deviation_is_zero
uct-3000-self-play,12,objective_only,1,live_objectives,11.924242424242,1.58888760459,1,exclude_feature_when_training_fold_standard_deviation_is_zero
uct-3000-self-play,12,objective_only,2,leader_secured_objective_margin,0.772727272727,0.734340655518,1,exclude_feature_when_training_fold_standard_deviation_is_zero
uct-3000-self-play,12,objective_only,2,leader_advantage_objective_margin,-0.666666666667,1.579540912718,1,exclude_feature_when_training_fold_standard_deviation_is_zero
uct-3000-self-play,12,objective_only,2,leader_objective_piece_margin,0.712121212121,1.083836501076,1,exclude_feature_when_training_fold_standard_deviation_is_zero
uct-3000-self-play,12,objective_only,2,live_objectives,11.833333333333,1.523386710821,1,exclude_feature_when_training_fold_standard_deviation_is_zero
uct-3000-self-play,12,objective_only,3,leader_secured_objective_margin,0.772727272727,0.754691479116,1,exclude_feature_when_training_fold_standard_deviation_is_zero
uct-3000-self-play,12,objective_only,3,leader_advantage_objective_margin,-0.69696969697,1.576048924115,1,exclude_feature_when_training_fold_standard_deviation_is_zero
uct-3000-self-play,12,objective_only,3,leader_objective_piece_margin,0.636363636364,1.053656887922,1,exclude_feature_when_training_fold_standard_deviation_is_zero
uct-3000-self-play,12,objective_only,3,live_objectives,11.80303030303,1.427221256229,1,exclude_feature_when_training_fold_standard_deviation_is_zero
uct-3000-self-play,12,objective_only,4,leader_secured_objective_margin,0.671641791045,0.655358161197,1,exclude_feature_when_training_fold_standard_deviation_is_zero
uct-3000-self-play,12,objective_only,4,leader_advantage_objective_margin,-0.567164179104,1.566666587671,1,exclude_feature_when_training_fold_standard_deviation_is_zero
uct-3000-self-play,12,objective_only,4,leader_objective_piece_margin,0.626865671642,1.034275590392,1,exclude_feature_when_training_fold_standard_deviation_is_zero
uct-3000-self-play,12,objective_only,4,live_objectives,11.89552238806,1.55625198779,1,exclude_feature_when_training_fold_standard_deviation_is_zero
uct-3000-self-play,12,objective_only,5,leader_secured_objective_margin,0.686567164179,0.716728788271,1,exclude_feature_when_training_fold_standard_deviation_is_zero
uct-3000-self-play,12,objective_only,5,leader_advantage_objective_margin,-0.507462686567,1.479946896268,1,exclude_feature_when_training_fold_standard_deviation_is_zero
uct-3000-self-play,12,objective_only,5,leader_objective_piece_margin,0.716417910448,1.06232594921,1,exclude_feature_when_training_fold_standard_deviation_is_zero
uct-3000-self-play,12,objective_only,5,live_objectives,11.820895522388,1.423946304689,1,exclude_feature_when_training_fold_standard_deviation_is_zero
uct-3000-self-play,12,supply_only,1,leader_secured_supply_margin,-0.045454545455,0.726799088195,1,exclude_feature_when_training_fold_standard_deviation_is_zero
uct-3000-self-play,12,supply_only,1,leader_unsecured_controlled_supply_margin,-0.5,1.339945724817,1,exclude_feature_when_training_fold_standard_deviation_is_zero
uct-3000-self-play,12,supply_only,1,leader_usable_supply_support_edge_margin,-2.030303030303,3.511753843835,1,exclude_feature_when_training_fold_standard_deviation_is_zero
uct-3000-self-play,12,supply_only,1,leader_primary_important_control_margin,0.015151515152,1.552050688824,1,exclude_feature_when_training_fold_standard_deviation_is_zero
uct-3000-self-play,12,supply_only,1,leader_recent_4_supply_source_usage_margin,0.181818181818,1.192261549873,1,exclude_feature_when_training_fold_standard_deviation_is_zero
uct-3000-self-play,12,supply_only,2,leader_secured_supply_margin,-0.060606060606,0.599969390098,1,exclude_feature_when_training_fold_standard_deviation_is_zero
uct-3000-self-play,12,supply_only,2,leader_unsecured_controlled_supply_margin,-0.666666666667,1.247219128925,1,exclude_feature_when_training_fold_standard_deviation_is_zero
uct-3000-self-play,12,supply_only,2,leader_usable_supply_support_edge_margin,-2.454545454545,3.529880323243,1,exclude_feature_when_training_fold_standard_deviation_is_zero
uct-3000-self-play,12,supply_only,2,leader_primary_important_control_margin,-0.257575757576,1.374117965698,1,exclude_feature_when_training_fold_standard_deviation_is_zero
uct-3000-self-play,12,supply_only,2,leader_recent_4_supply_source_usage_margin,0.257575757576,1.19735321819,1,exclude_feature_when_training_fold_standard_deviation_is_zero
uct-3000-self-play,12,supply_only,3,leader_secured_supply_margin,-0.045454545455,0.705644304375,1,exclude_feature_when_training_fold_standard_deviation_is_zero
uct-3000-self-play,12,supply_only,3,leader_unsecured_controlled_supply_margin,-0.560606060606,1.268843279942,1,exclude_feature_when_training_fold_standard_deviation_is_zero
uct-3000-self-play,12,supply_only,3,leader_usable_supply_support_edge_margin,-2.257575757576,3.201848926369,1,exclude_feature_when_training_fold_standard_deviation_is_zero
uct-3000-self-play,12,supply_only,3,leader_primary_important_control_margin,-0.166666666667,1.377121870593,1,exclude_feature_when_training_fold_standard_deviation_is_zero
uct-3000-self-play,12,supply_only,3,leader_recent_4_supply_source_usage_margin,0.212121212121,1.187244728737,1,exclude_feature_when_training_fold_standard_deviation_is_zero
uct-3000-self-play,12,supply_only,4,leader_secured_supply_margin,0.0,0.733016666138,1,exclude_feature_when_training_fold_standard_deviation_is_zero
uct-3000-self-play,12,supply_only,4,leader_unsecured_controlled_supply_margin,-0.611940298507,1.359930023228,1,exclude_feature_when_training_fold_standard_deviation_is_zero
uct-3000-self-play,12,supply_only,4,leader_usable_supply_support_edge_margin,-2.298507462687,3.591095643614,1,exclude_feature_when_training_fold_standard_deviation_is_zero
uct-3000-self-play,12,supply_only,4,leader_primary_important_control_margin,0.014925373134,1.559683639118,1,exclude_feature_when_training_fold_standard_deviation_is_zero
uct-3000-self-play,12,supply_only,4,leader_recent_4_supply_source_usage_margin,0.253731343284,1.150512975558,1,exclude_feature_when_training_fold_standard_deviation_is_zero
uct-3000-self-play,12,supply_only,5,leader_secured_supply_margin,0.029850746269,0.690449761565,1,exclude_feature_when_training_fold_standard_deviation_is_zero
uct-3000-self-play,12,supply_only,5,leader_unsecured_controlled_supply_margin,-0.731343283582,1.299622098371,1,exclude_feature_when_training_fold_standard_deviation_is_zero
uct-3000-self-play,12,supply_only,5,leader_usable_supply_support_edge_margin,-2.283582089552,3.561007614192,1,exclude_feature_when_training_fold_standard_deviation_is_zero
uct-3000-self-play,12,supply_only,5,leader_primary_important_control_margin,-0.089552238806,1.609035525369,1,exclude_feature_when_training_fold_standard_deviation_is_zero
uct-3000-self-play,12,supply_only,5,leader_recent_4_supply_source_usage_margin,0.358208955224,1.060857053368,1,exclude_feature_when_training_fold_standard_deviation_is_zero
uct-3000-self-play,12,allocation_recent_trend,1,leader_cumulative_objective_share_margin,0.031144781145,0.05812958475,1,exclude_feature_when_training_fold_standard_deviation_is_zero
uct-3000-self-play,12,allocation_recent_trend,1,leader_recent_4_objective_placement_margin,0.181818181818,1.192261549873,1,exclude_feature_when_training_fold_standard_deviation_is_zero
uct-3000-self-play,12,allocation_recent_trend,1,leader_trend_4_secured_objective_margin,0.530303030303,0.908206640645,1,exclude_feature_when_training_fold_standard_deviation_is_zero
uct-3000-self-play,12,allocation_recent_trend,1,leader_trend_4_advantage_objective_margin,-0.621212121212,1.85672529842,1,exclude_feature_when_training_fold_standard_deviation_is_zero
uct-3000-self-play,12,allocation_recent_trend,1,leader_trend_4_support_edge_margin,-0.984848484848,4.656349279576,1,exclude_feature_when_training_fold_standard_deviation_is_zero
uct-3000-self-play,12,allocation_recent_trend,1,leader_recent_4_objective_allocation_change_margin,-0.030303030303,0.440871774602,1,exclude_feature_when_training_fold_standard_deviation_is_zero
uct-3000-self-play,12,allocation_recent_trend,2,leader_cumulative_objective_share_margin,0.039562289562,0.060213138949,1,exclude_feature_when_training_fold_standard_deviation_is_zero
uct-3000-self-play,12,allocation_recent_trend,2,leader_recent_4_objective_placement_margin,0.257575757576,1.19735321819,1,exclude_feature_when_training_fold_standard_deviation_is_zero
uct-3000-self-play,12,allocation_recent_trend,2,leader_trend_4_secured_objective_margin,0.757575757576,0.817620458378,1,exclude_feature_when_training_fold_standard_deviation_is_zero
uct-3000-self-play,12,allocation_recent_trend,2,leader_trend_4_advantage_objective_margin,-1.075757575758,1.569699894697,1,exclude_feature_when_training_fold_standard_deviation_is_zero
uct-3000-self-play,12,allocation_recent_trend,2,leader_trend_4_support_edge_margin,-1.30303030303,4.792575371974,1,exclude_feature_when_training_fold_standard_deviation_is_zero
uct-3000-self-play,12,allocation_recent_trend,2,leader_recent_4_objective_allocation_change_margin,-0.065656565657,0.394489385559,1,exclude_feature_when_training_fold_standard_deviation_is_zero
uct-3000-self-play,12,allocation_recent_trend,3,leader_cumulative_objective_share_margin,0.035353535354,0.058536493773,1,exclude_feature_when_training_fold_standard_deviation_is_zero
uct-3000-self-play,12,allocation_recent_trend,3,leader_recent_4_objective_placement_margin,0.212121212121,1.187244728737,1,exclude_feature_when_training_fold_standard_deviation_is_zero
uct-3000-self-play,12,allocation_recent_trend,3,leader_trend_4_secured_objective_margin,0.590909090909,0.968868016894,1,exclude_feature_when_training_fold_standard_deviation_is_zero
uct-3000-self-play,12,allocation_recent_trend,3,leader_trend_4_advantage_objective_margin,-0.787878787879,1.895090559243,1,exclude_feature_when_training_fold_standard_deviation_is_zero
uct-3000-self-play,12,allocation_recent_trend,3,leader_trend_4_support_edge_margin,-1.287878787879,4.823443858072,1,exclude_feature_when_training_fold_standard_deviation_is_zero
uct-3000-self-play,12,allocation_recent_trend,3,leader_recent_4_objective_allocation_change_margin,0.020202020202,0.456449435462,1,exclude_feature_when_training_fold_standard_deviation_is_zero
uct-3000-self-play,12,allocation_recent_trend,4,leader_cumulative_objective_share_margin,0.034825870647,0.057459755022,1,exclude_feature_when_training_fold_standard_deviation_is_zero
uct-3000-self-play,12,allocation_recent_trend,4,leader_recent_4_objective_placement_margin,0.253731343284,1.150512975558,1,exclude_feature_when_training_fold_standard_deviation_is_zero
uct-3000-self-play,12,allocation_recent_trend,4,leader_trend_4_secured_objective_margin,0.55223880597,0.90246068405,1,exclude_feature_when_training_fold_standard_deviation_is_zero
uct-3000-self-play,12,allocation_recent_trend,4,leader_trend_4_advantage_objective_margin,-0.701492537313,1.892758591518,1,exclude_feature_when_training_fold_standard_deviation_is_zero
uct-3000-self-play,12,allocation_recent_trend,4,leader_trend_4_support_edge_margin,-1.358208955224,4.705352596864,1,exclude_feature_when_training_fold_standard_deviation_is_zero
uct-3000-self-play,12,allocation_recent_trend,4,leader_recent_4_objective_allocation_change_margin,0.044776119403,0.430571075093,1,exclude_feature_when_training_fold_standard_deviation_is_zero
uct-3000-self-play,12,allocation_recent_trend,5,leader_cumulative_objective_share_margin,0.039800995025,0.059018108289,1,exclude_feature_when_training_fold_standard_deviation_is_zero
uct-3000-self-play,12,allocation_recent_trend,5,leader_recent_4_objective_placement_margin,0.358208955224,1.060857053368,1,exclude_feature_when_training_fold_standard_deviation_is_zero
uct-3000-self-play,12,allocation_recent_trend,5,leader_trend_4_secured_objective_margin,0.522388059701,0.903694059894,1,exclude_feature_when_training_fold_standard_deviation_is_zero
uct-3000-self-play,12,allocation_recent_trend,5,leader_trend_4_advantage_objective_margin,-0.55223880597,1.764353351498,1,exclude_feature_when_training_fold_standard_deviation_is_zero
uct-3000-self-play,12,allocation_recent_trend,5,leader_trend_4_support_edge_margin,-1.567164179104,4.225805162517,1,exclude_feature_when_training_fold_standard_deviation_is_zero
uct-3000-self-play,12,allocation_recent_trend,5,leader_recent_4_objective_allocation_change_margin,0.009950248756,0.438488846498,1,exclude_feature_when_training_fold_standard_deviation_is_zero
uct-3000-self-play,12,combined,1,leader_secured_objective_margin,0.712121212121,0.712765665839,1,exclude_feature_when_training_fold_standard_deviation_is_zero
uct-3000-self-play,12,combined,1,leader_advantage_objective_margin,-0.575757575758,1.547829428985,1,exclude_feature_when_training_fold_standard_deviation_is_zero
uct-3000-self-play,12,combined,1,leader_objective_piece_margin,0.560606060606,1.046332525492,1,exclude_feature_when_training_fold_standard_deviation_is_zero
uct-3000-self-play,12,combined,1,live_objectives,11.924242424242,1.58888760459,1,exclude_feature_when_training_fold_standard_deviation_is_zero
uct-3000-self-play,12,combined,1,leader_secured_supply_margin,-0.045454545455,0.726799088195,1,exclude_feature_when_training_fold_standard_deviation_is_zero
uct-3000-self-play,12,combined,1,leader_unsecured_controlled_supply_margin,-0.5,1.339945724817,1,exclude_feature_when_training_fold_standard_deviation_is_zero
uct-3000-self-play,12,combined,1,leader_usable_supply_support_edge_margin,-2.030303030303,3.511753843835,1,exclude_feature_when_training_fold_standard_deviation_is_zero
uct-3000-self-play,12,combined,1,leader_primary_important_control_margin,0.015151515152,1.552050688824,1,exclude_feature_when_training_fold_standard_deviation_is_zero
uct-3000-self-play,12,combined,1,leader_recent_4_supply_source_usage_margin,0.181818181818,1.192261549873,1,exclude_feature_when_training_fold_standard_deviation_is_zero
uct-3000-self-play,12,combined,1,leader_cumulative_objective_share_margin,0.031144781145,0.05812958475,1,exclude_feature_when_training_fold_standard_deviation_is_zero
uct-3000-self-play,12,combined,1,leader_recent_4_objective_placement_margin,0.181818181818,1.192261549873,1,exclude_feature_when_training_fold_standard_deviation_is_zero
uct-3000-self-play,12,combined,1,leader_trend_4_secured_objective_margin,0.530303030303,0.908206640645,1,exclude_feature_when_training_fold_standard_deviation_is_zero
uct-3000-self-play,12,combined,1,leader_trend_4_advantage_objective_margin,-0.621212121212,1.85672529842,1,exclude_feature_when_training_fold_standard_deviation_is_zero
uct-3000-self-play,12,combined,1,leader_trend_4_support_edge_margin,-0.984848484848,4.656349279576,1,exclude_feature_when_training_fold_standard_deviation_is_zero
uct-3000-self-play,12,combined,1,leader_recent_4_objective_allocation_change_margin,-0.030303030303,0.440871774602,1,exclude_feature_when_training_fold_standard_deviation_is_zero
uct-3000-self-play,12,combined,2,leader_secured_objective_margin,0.772727272727,0.734340655518,1,exclude_feature_when_training_fold_standard_deviation_is_zero
uct-3000-self-play,12,combined,2,leader_advantage_objective_margin,-0.666666666667,1.579540912718,1,exclude_feature_when_training_fold_standard_deviation_is_zero
uct-3000-self-play,12,combined,2,leader_objective_piece_margin,0.712121212121,1.083836501076,1,exclude_feature_when_training_fold_standard_deviation_is_zero
uct-3000-self-play,12,combined,2,live_objectives,11.833333333333,1.523386710821,1,exclude_feature_when_training_fold_standard_deviation_is_zero
uct-3000-self-play,12,combined,2,leader_secured_supply_margin,-0.060606060606,0.599969390098,1,exclude_feature_when_training_fold_standard_deviation_is_zero
uct-3000-self-play,12,combined,2,leader_unsecured_controlled_supply_margin,-0.666666666667,1.247219128925,1,exclude_feature_when_training_fold_standard_deviation_is_zero
uct-3000-self-play,12,combined,2,leader_usable_supply_support_edge_margin,-2.454545454545,3.529880323243,1,exclude_feature_when_training_fold_standard_deviation_is_zero
uct-3000-self-play,12,combined,2,leader_primary_important_control_margin,-0.257575757576,1.374117965698,1,exclude_feature_when_training_fold_standard_deviation_is_zero
uct-3000-self-play,12,combined,2,leader_recent_4_supply_source_usage_margin,0.257575757576,1.19735321819,1,exclude_feature_when_training_fold_standard_deviation_is_zero
uct-3000-self-play,12,combined,2,leader_cumulative_objective_share_margin,0.039562289562,0.060213138949,1,exclude_feature_when_training_fold_standard_deviation_is_zero
uct-3000-self-play,12,combined,2,leader_recent_4_objective_placement_margin,0.257575757576,1.19735321819,1,exclude_feature_when_training_fold_standard_deviation_is_zero
uct-3000-self-play,12,combined,2,leader_trend_4_secured_objective_margin,0.757575757576,0.817620458378,1,exclude_feature_when_training_fold_standard_deviation_is_zero
uct-3000-self-play,12,combined,2,leader_trend_4_advantage_objective_margin,-1.075757575758,1.569699894697,1,exclude_feature_when_training_fold_standard_deviation_is_zero
uct-3000-self-play,12,combined,2,leader_trend_4_support_edge_margin,-1.30303030303,4.792575371974,1,exclude_feature_when_training_fold_standard_deviation_is_zero
uct-3000-self-play,12,combined,2,leader_recent_4_objective_allocation_change_margin,-0.065656565657,0.394489385559,1,exclude_feature_when_training_fold_standard_deviation_is_zero
uct-3000-self-play,12,combined,3,leader_secured_objective_margin,0.772727272727,0.754691479116,1,exclude_feature_when_training_fold_standard_deviation_is_zero
uct-3000-self-play,12,combined,3,leader_advantage_objective_margin,-0.69696969697,1.576048924115,1,exclude_feature_when_training_fold_standard_deviation_is_zero
uct-3000-self-play,12,combined,3,leader_objective_piece_margin,0.636363636364,1.053656887922,1,exclude_feature_when_training_fold_standard_deviation_is_zero
uct-3000-self-play,12,combined,3,live_objectives,11.80303030303,1.427221256229,1,exclude_feature_when_training_fold_standard_deviation_is_zero
uct-3000-self-play,12,combined,3,leader_secured_supply_margin,-0.045454545455,0.705644304375,1,exclude_feature_when_training_fold_standard_deviation_is_zero
uct-3000-self-play,12,combined,3,leader_unsecured_controlled_supply_margin,-0.560606060606,1.268843279942,1,exclude_feature_when_training_fold_standard_deviation_is_zero
uct-3000-self-play,12,combined,3,leader_usable_supply_support_edge_margin,-2.257575757576,3.201848926369,1,exclude_feature_when_training_fold_standard_deviation_is_zero
uct-3000-self-play,12,combined,3,leader_primary_important_control_margin,-0.166666666667,1.377121870593,1,exclude_feature_when_training_fold_standard_deviation_is_zero
uct-3000-self-play,12,combined,3,leader_recent_4_supply_source_usage_margin,0.212121212121,1.187244728737,1,exclude_feature_when_training_fold_standard_deviation_is_zero
uct-3000-self-play,12,combined,3,leader_cumulative_objective_share_margin,0.035353535354,0.058536493773,1,exclude_feature_when_training_fold_standard_deviation_is_zero
uct-3000-self-play,12,combined,3,leader_recent_4_objective_placement_margin,0.212121212121,1.187244728737,1,exclude_feature_when_training_fold_standard_deviation_is_zero
uct-3000-self-play,12,combined,3,leader_trend_4_secured_objective_margin,0.590909090909,0.968868016894,1,exclude_feature_when_training_fold_standard_deviation_is_zero
uct-3000-self-play,12,combined,3,leader_trend_4_advantage_objective_margin,-0.787878787879,1.895090559243,1,exclude_feature_when_training_fold_standard_deviation_is_zero
uct-3000-self-play,12,combined,3,leader_trend_4_support_edge_margin,-1.287878787879,4.823443858072,1,exclude_feature_when_training_fold_standard_deviation_is_zero
uct-3000-self-play,12,combined,3,leader_recent_4_objective_allocation_change_margin,0.020202020202,0.456449435462,1,exclude_feature_when_training_fold_standard_deviation_is_zero
uct-3000-self-play,12,combined,4,leader_secured_objective_margin,0.671641791045,0.655358161197,1,exclude_feature_when_training_fold_standard_deviation_is_zero
uct-3000-self-play,12,combined,4,leader_advantage_objective_margin,-0.567164179104,1.566666587671,1,exclude_feature_when_training_fold_standard_deviation_is_zero
uct-3000-self-play,12,combined,4,leader_objective_piece_margin,0.626865671642,1.034275590392,1,exclude_feature_when_training_fold_standard_deviation_is_zero
uct-3000-self-play,12,combined,4,live_objectives,11.89552238806,1.55625198779,1,exclude_feature_when_training_fold_standard_deviation_is_zero
uct-3000-self-play,12,combined,4,leader_secured_supply_margin,0.0,0.733016666138,1,exclude_feature_when_training_fold_standard_deviation_is_zero
uct-3000-self-play,12,combined,4,leader_unsecured_controlled_supply_margin,-0.611940298507,1.359930023228,1,exclude_feature_when_training_fold_standard_deviation_is_zero
uct-3000-self-play,12,combined,4,leader_usable_supply_support_edge_margin,-2.298507462687,3.591095643614,1,exclude_feature_when_training_fold_standard_deviation_is_zero
uct-3000-self-play,12,combined,4,leader_primary_important_control_margin,0.014925373134,1.559683639118,1,exclude_feature_when_training_fold_standard_deviation_is_zero
uct-3000-self-play,12,combined,4,leader_recent_4_supply_source_usage_margin,0.253731343284,1.150512975558,1,exclude_feature_when_training_fold_standard_deviation_is_zero
uct-3000-self-play,12,combined,4,leader_cumulative_objective_share_margin,0.034825870647,0.057459755022,1,exclude_feature_when_training_fold_standard_deviation_is_zero
uct-3000-self-play,12,combined,4,leader_recent_4_objective_placement_margin,0.253731343284,1.150512975558,1,exclude_feature_when_training_fold_standard_deviation_is_zero
uct-3000-self-play,12,combined,4,leader_trend_4_secured_objective_margin,0.55223880597,0.90246068405,1,exclude_feature_when_training_fold_standard_deviation_is_zero
uct-3000-self-play,12,combined,4,leader_trend_4_advantage_objective_margin,-0.701492537313,1.892758591518,1,exclude_feature_when_training_fold_standard_deviation_is_zero
uct-3000-self-play,12,combined,4,leader_trend_4_support_edge_margin,-1.358208955224,4.705352596864,1,exclude_feature_when_training_fold_standard_deviation_is_zero
uct-3000-self-play,12,combined,4,leader_recent_4_objective_allocation_change_margin,0.044776119403,0.430571075093,1,exclude_feature_when_training_fold_standard_deviation_is_zero
uct-3000-self-play,12,combined,5,leader_secured_objective_margin,0.686567164179,0.716728788271,1,exclude_feature_when_training_fold_standard_deviation_is_zero
uct-3000-self-play,12,combined,5,leader_advantage_objective_margin,-0.507462686567,1.479946896268,1,exclude_feature_when_training_fold_standard_deviation_is_zero
uct-3000-self-play,12,combined,5,leader_objective_piece_margin,0.716417910448,1.06232594921,1,exclude_feature_when_training_fold_standard_deviation_is_zero
uct-3000-self-play,12,combined,5,live_objectives,11.820895522388,1.423946304689,1,exclude_feature_when_training_fold_standard_deviation_is_zero
uct-3000-self-play,12,combined,5,leader_secured_supply_margin,0.029850746269,0.690449761565,1,exclude_feature_when_training_fold_standard_deviation_is_zero
uct-3000-self-play,12,combined,5,leader_unsecured_controlled_supply_margin,-0.731343283582,1.299622098371,1,exclude_feature_when_training_fold_standard_deviation_is_zero
uct-3000-self-play,12,combined,5,leader_usable_supply_support_edge_margin,-2.283582089552,3.561007614192,1,exclude_feature_when_training_fold_standard_deviation_is_zero
uct-3000-self-play,12,combined,5,leader_primary_important_control_margin,-0.089552238806,1.609035525369,1,exclude_feature_when_training_fold_standard_deviation_is_zero
uct-3000-self-play,12,combined,5,leader_recent_4_supply_source_usage_margin,0.358208955224,1.060857053368,1,exclude_feature_when_training_fold_standard_deviation_is_zero
uct-3000-self-play,12,combined,5,leader_cumulative_objective_share_margin,0.039800995025,0.059018108289,1,exclude_feature_when_training_fold_standard_deviation_is_zero
uct-3000-self-play,12,combined,5,leader_recent_4_objective_placement_margin,0.358208955224,1.060857053368,1,exclude_feature_when_training_fold_standard_deviation_is_zero
uct-3000-self-play,12,combined,5,leader_trend_4_secured_objective_margin,0.522388059701,0.903694059894,1,exclude_feature_when_training_fold_standard_deviation_is_zero
uct-3000-self-play,12,combined,5,leader_trend_4_advantage_objective_margin,-0.55223880597,1.764353351498,1,exclude_feature_when_training_fold_standard_deviation_is_zero
uct-3000-self-play,12,combined,5,leader_trend_4_support_edge_margin,-1.567164179104,4.225805162517,1,exclude_feature_when_training_fold_standard_deviation_is_zero
uct-3000-self-play,12,combined,5,leader_recent_4_objective_allocation_change_margin,0.009950248756,0.438488846498,1,exclude_feature_when_training_fold_standard_deviation_is_zero
uct-3000-self-play,16,decisive_margin_only,1,decisive_margin,1.228571428571,0.419912527334,1,exclude_feature_when_training_fold_standard_deviation_is_zero
uct-3000-self-play,16,decisive_margin_only,2,decisive_margin,1.183098591549,0.386747330077,1,exclude_feature_when_training_fold_standard_deviation_is_zero
uct-3000-self-play,16,decisive_margin_only,3,decisive_margin,1.225352112676,0.417813999273,1,exclude_feature_when_training_fold_standard_deviation_is_zero
uct-3000-self-play,16,decisive_margin_only,4,decisive_margin,1.166666666667,0.37267799625,1,exclude_feature_when_training_fold_standard_deviation_is_zero
uct-3000-self-play,16,decisive_margin_only,5,decisive_margin,1.208333333333,0.406116431034,1,exclude_feature_when_training_fold_standard_deviation_is_zero
uct-3000-self-play,16,current_objective_state,1,leader_secured_objective_margin,0.7,0.662247256371,1,exclude_feature_when_training_fold_standard_deviation_is_zero
uct-3000-self-play,16,current_objective_state,1,leader_advantage_objective_margin,-0.571428571429,1.617506269111,1,exclude_feature_when_training_fold_standard_deviation_is_zero
uct-3000-self-play,16,current_objective_state,1,leader_objective_piece_margin,0.285714285714,1.17282147153,1,exclude_feature_when_training_fold_standard_deviation_is_zero
uct-3000-self-play,16,current_objective_state,2,leader_secured_objective_margin,0.647887323944,0.652159825509,1,exclude_feature_when_training_fold_standard_deviation_is_zero
uct-3000-self-play,16,current_objective_state,2,leader_advantage_objective_margin,-0.492957746479,1.643366858622,1,exclude_feature_when_training_fold_standard_deviation_is_zero
uct-3000-self-play,16,current_objective_state,2,leader_objective_piece_margin,0.267605633803,1.16229188934,1,exclude_feature_when_training_fold_standard_deviation_is_zero
uct-3000-self-play,16,current_objective_state,3,leader_secured_objective_margin,0.69014084507,0.683642878846,1,exclude_feature_when_training_fold_standard_deviation_is_zero
uct-3000-self-play,16,current_objective_state,3,leader_advantage_objective_margin,-0.521126760563,1.573183324557,1,exclude_feature_when_training_fold_standard_deviation_is_zero
uct-3000-self-play,16,current_objective_state,3,leader_objective_piece_margin,0.43661971831,1.017209582269,1,exclude_feature_when_training_fold_standard_deviation_is_zero
uct-3000-self-play,16,current_objective_state,4,leader_secured_objective_margin,0.625,0.610953262442,1,exclude_feature_when_training_fold_standard_deviation_is_zero
uct-3000-self-play,16,current_objective_state,4,leader_advantage_objective_margin,-0.402777777778,1.459258965501,1,exclude_feature_when_training_fold_standard_deviation_is_zero
uct-3000-self-play,16,current_objective_state,4,leader_objective_piece_margin,0.333333333333,1.166666666667,1,exclude_feature_when_training_fold_standard_deviation_is_zero
uct-3000-self-play,16,current_objective_state,5,leader_secured_objective_margin,0.652777777778,0.648924799235,1,exclude_feature_when_training_fold_standard_deviation_is_zero
uct-3000-self-play,16,current_objective_state,5,leader_advantage_objective_margin,-0.486111111111,1.632934097088,1,exclude_feature_when_training_fold_standard_deviation_is_zero
uct-3000-self-play,16,current_objective_state,5,leader_objective_piece_margin,0.25,1.198957880828,1,exclude_feature_when_training_fold_standard_deviation_is_zero
uct-3000-self-play,16,objective_only,1,leader_secured_objective_margin,0.7,0.662247256371,1,exclude_feature_when_training_fold_standard_deviation_is_zero
uct-3000-self-play,16,objective_only,1,leader_advantage_objective_margin,-0.571428571429,1.617506269111,1,exclude_feature_when_training_fold_standard_deviation_is_zero
uct-3000-self-play,16,objective_only,1,leader_objective_piece_margin,0.285714285714,1.17282147153,1,exclude_feature_when_training_fold_standard_deviation_is_zero
uct-3000-self-play,16,objective_only,1,live_objectives,9.328571428571,1.317155252498,1,exclude_feature_when_training_fold_standard_deviation_is_zero
uct-3000-self-play,16,objective_only,2,leader_secured_objective_margin,0.647887323944,0.652159825509,1,exclude_feature_when_training_fold_standard_deviation_is_zero
uct-3000-self-play,16,objective_only,2,leader_advantage_objective_margin,-0.492957746479,1.643366858622,1,exclude_feature_when_training_fold_standard_deviation_is_zero
uct-3000-self-play,16,objective_only,2,leader_objective_piece_margin,0.267605633803,1.16229188934,1,exclude_feature_when_training_fold_standard_deviation_is_zero
uct-3000-self-play,16,objective_only,2,live_objectives,9.239436619718,1.418834958813,1,exclude_feature_when_training_fold_standard_deviation_is_zero
uct-3000-self-play,16,objective_only,3,leader_secured_objective_margin,0.69014084507,0.683642878846,1,exclude_feature_when_training_fold_standard_deviation_is_zero
uct-3000-self-play,16,objective_only,3,leader_advantage_objective_margin,-0.521126760563,1.573183324557,1,exclude_feature_when_training_fold_standard_deviation_is_zero
uct-3000-self-play,16,objective_only,3,leader_objective_piece_margin,0.43661971831,1.017209582269,1,exclude_feature_when_training_fold_standard_deviation_is_zero
uct-3000-self-play,16,objective_only,3,live_objectives,9.30985915493,1.369605158439,1,exclude_feature_when_training_fold_standard_deviation_is_zero
uct-3000-self-play,16,objective_only,4,leader_secured_objective_margin,0.625,0.610953262442,1,exclude_feature_when_training_fold_standard_deviation_is_zero
uct-3000-self-play,16,objective_only,4,leader_advantage_objective_margin,-0.402777777778,1.459258965501,1,exclude_feature_when_training_fold_standard_deviation_is_zero
uct-3000-self-play,16,objective_only,4,leader_objective_piece_margin,0.333333333333,1.166666666667,1,exclude_feature_when_training_fold_standard_deviation_is_zero
uct-3000-self-play,16,objective_only,4,live_objectives,9.291666666667,1.44757939717,1,exclude_feature_when_training_fold_standard_deviation_is_zero
uct-3000-self-play,16,objective_only,5,leader_secured_objective_margin,0.652777777778,0.648924799235,1,exclude_feature_when_training_fold_standard_deviation_is_zero
uct-3000-self-play,16,objective_only,5,leader_advantage_objective_margin,-0.486111111111,1.632934097088,1,exclude_feature_when_training_fold_standard_deviation_is_zero
uct-3000-self-play,16,objective_only,5,leader_objective_piece_margin,0.25,1.198957880828,1,exclude_feature_when_training_fold_standard_deviation_is_zero
uct-3000-self-play,16,objective_only,5,live_objectives,9.291666666667,1.476082465327,1,exclude_feature_when_training_fold_standard_deviation_is_zero
uct-3000-self-play,16,supply_only,1,leader_secured_supply_margin,-0.157142857143,1.036969682512,1,exclude_feature_when_training_fold_standard_deviation_is_zero
uct-3000-self-play,16,supply_only,1,leader_unsecured_controlled_supply_margin,-0.085714285714,1.441654378462,1,exclude_feature_when_training_fold_standard_deviation_is_zero
uct-3000-self-play,16,supply_only,1,leader_usable_supply_support_edge_margin,-0.885714285714,2.846265006951,1,exclude_feature_when_training_fold_standard_deviation_is_zero
uct-3000-self-play,16,supply_only,1,leader_primary_important_control_margin,0.342857142857,1.297092510036,1,exclude_feature_when_training_fold_standard_deviation_is_zero
uct-3000-self-play,16,supply_only,1,leader_recent_4_supply_source_usage_margin,-0.014285714286,1.468652026693,1,exclude_feature_when_training_fold_standard_deviation_is_zero
uct-3000-self-play,16,supply_only,2,leader_secured_supply_margin,-0.070422535211,0.968866677291,1,exclude_feature_when_training_fold_standard_deviation_is_zero
uct-3000-self-play,16,supply_only,2,leader_unsecured_controlled_supply_margin,-0.112676056338,1.337954037976,1,exclude_feature_when_training_fold_standard_deviation_is_zero
uct-3000-self-play,16,supply_only,2,leader_usable_supply_support_edge_margin,-0.464788732394,3.048116416373,1,exclude_feature_when_training_fold_standard_deviation_is_zero
uct-3000-self-play,16,supply_only,2,leader_primary_important_control_margin,0.253521126761,1.479610815399,1,exclude_feature_when_training_fold_standard_deviation_is_zero
uct-3000-self-play,16,supply_only,2,leader_recent_4_supply_source_usage_margin,-0.112676056338,1.409717739949,1,exclude_feature_when_training_fold_standard_deviation_is_zero
uct-3000-self-play,16,supply_only,3,leader_secured_supply_margin,-0.154929577465,1.0831343059,1,exclude_feature_when_training_fold_standard_deviation_is_zero
uct-3000-self-play,16,supply_only,3,leader_unsecured_controlled_supply_margin,-0.183098591549,1.345936598918,1,exclude_feature_when_training_fold_standard_deviation_is_zero
uct-3000-self-play,16,supply_only,3,leader_usable_supply_support_edge_margin,-0.957746478873,3.177547197013,1,exclude_feature_when_training_fold_standard_deviation_is_zero
uct-3000-self-play,16,supply_only,3,leader_primary_important_control_margin,0.352112676056,1.483226323031,1,exclude_feature_when_training_fold_standard_deviation_is_zero
uct-3000-self-play,16,supply_only,3,leader_recent_4_supply_source_usage_margin,0.056338028169,1.29883288827,1,exclude_feature_when_training_fold_standard_deviation_is_zero
uct-3000-self-play,16,supply_only,4,leader_secured_supply_margin,-0.055555555556,1.052627517861,1,exclude_feature_when_training_fold_standard_deviation_is_zero
uct-3000-self-play,16,supply_only,4,leader_unsecured_controlled_supply_margin,-0.236111111111,1.428801513658,1,exclude_feature_when_training_fold_standard_deviation_is_zero
uct-3000-self-play,16,supply_only,4,leader_usable_supply_support_edge_margin,-0.75,3.217789096051,1,exclude_feature_when_training_fold_standard_deviation_is_zero
uct-3000-self-play,16,supply_only,4,leader_primary_important_control_margin,0.277777777778,1.492780982505,1,exclude_feature_when_training_fold_standard_deviation_is_zero
uct-3000-self-play,16,supply_only,4,leader_recent_4_supply_source_usage_margin,-0.041666666667,1.418503710879,1,exclude_feature_when_training_fold_standard_deviation_is_zero
uct-3000-self-play,16,supply_only,5,leader_secured_supply_margin,-0.291666666667,1.059841445165,1,exclude_feature_when_training_fold_standard_deviation_is_zero
uct-3000-self-play,16,supply_only,5,leader_unsecured_controlled_supply_margin,0.055555555556,1.508207995611,1,exclude_feature_when_training_fold_standard_deviation_is_zero
uct-3000-self-play,16,supply_only,5,leader_usable_supply_support_edge_margin,-0.763888888889,3.102387322493,1,exclude_feature_when_training_fold_standard_deviation_is_zero
uct-3000-self-play,16,supply_only,5,leader_primary_important_control_margin,0.291666666667,1.476082465327,1,exclude_feature_when_training_fold_standard_deviation_is_zero
uct-3000-self-play,16,supply_only,5,leader_recent_4_supply_source_usage_margin,0.0,1.384437310486,1,exclude_feature_when_training_fold_standard_deviation_is_zero
uct-3000-self-play,16,allocation_recent_trend,1,leader_cumulative_objective_share_margin,0.011904761905,0.048867561314,1,exclude_feature_when_training_fold_standard_deviation_is_zero
uct-3000-self-play,16,allocation_recent_trend,1,leader_recent_4_objective_placement_margin,-0.014285714286,1.468652026693,1,exclude_feature_when_training_fold_standard_deviation_is_zero
uct-3000-self-play,16,allocation_recent_trend,1,leader_trend_4_secured_objective_margin,0.371428571429,0.91294544621,1,exclude_feature_when_training_fold_standard_deviation_is_zero
uct-3000-self-play,16,allocation_recent_trend,1,leader_trend_4_advantage_objective_margin,-0.471428571429,1.998009213274,1,exclude_feature_when_training_fold_standard_deviation_is_zero
uct-3000-self-play,16,allocation_recent_trend,1,leader_trend_4_support_edge_margin,-0.514285714286,4.187542262961,1,exclude_feature_when_training_fold_standard_deviation_is_zero
uct-3000-self-play,16,allocation_recent_trend,1,leader_recent_4_objective_allocation_change_margin,-0.061904761905,0.430182158326,1,exclude_feature_when_training_fold_standard_deviation_is_zero
uct-3000-self-play,16,allocation_recent_trend,2,leader_cumulative_objective_share_margin,0.011150234742,0.048428828722,1,exclude_feature_when_training_fold_standard_deviation_is_zero
uct-3000-self-play,16,allocation_recent_trend,2,leader_recent_4_objective_placement_margin,-0.112676056338,1.409717739949,1,exclude_feature_when_training_fold_standard_deviation_is_zero
uct-3000-self-play,16,allocation_recent_trend,2,leader_trend_4_secured_objective_margin,0.295774647887,0.925299589051,1,exclude_feature_when_training_fold_standard_deviation_is_zero
uct-3000-self-play,16,allocation_recent_trend,2,leader_trend_4_advantage_objective_margin,-0.323943661972,1.998412383159,1,exclude_feature_when_training_fold_standard_deviation_is_zero
uct-3000-self-play,16,allocation_recent_trend,2,leader_trend_4_support_edge_margin,0.0,4.292148088227,1,exclude_feature_when_training_fold_standard_deviation_is_zero
uct-3000-self-play,16,allocation_recent_trend,2,leader_recent_4_objective_allocation_change_margin,-0.046948356808,0.448596401337,1,exclude_feature_when_training_fold_standard_deviation_is_zero
uct-3000-self-play,16,allocation_recent_trend,3,leader_cumulative_objective_share_margin,0.018192488263,0.042383732595,1,exclude_feature_when_training_fold_standard_deviation_is_zero
uct-3000-self-play,16,allocation_recent_trend,3,leader_recent_4_objective_placement_margin,0.056338028169,1.29883288827,1,exclude_feature_when_training_fold_standard_deviation_is_zero
uct-3000-self-play,16,allocation_recent_trend,3,leader_trend_4_secured_objective_margin,0.408450704225,0.912780380057,1,exclude_feature_when_training_fold_standard_deviation_is_zero
uct-3000-self-play,16,allocation_recent_trend,3,leader_trend_4_advantage_objective_margin,-0.507042253521,1.91269472496,1,exclude_feature_when_training_fold_standard_deviation_is_zero
uct-3000-self-play,16,allocation_recent_trend,3,leader_trend_4_support_edge_margin,-0.788732394366,4.121108468955,1,exclude_feature_when_training_fold_standard_deviation_is_zero
uct-3000-self-play,16,allocation_recent_trend,3,leader_recent_4_objective_allocation_change_margin,-0.046948356808,0.438005776139,1,exclude_feature_when_training_fold_standard_deviation_is_zero
uct-3000-self-play,16,allocation_recent_trend,4,leader_cumulative_objective_share_margin,0.013888888889,0.048611111111,1,exclude_feature_when_training_fold_standard_deviation_is_zero
uct-3000-self-play,16,allocation_recent_trend,4,leader_recent_4_objective_placement_margin,-0.041666666667,1.418503710879,1,exclude_feature_when_training_fold_standard_deviation_is_zero
uct-3000-self-play,16,allocation_recent_trend,4,leader_trend_4_secured_objective_margin,0.333333333333,0.942809041582,1,exclude_feature_when_training_fold_standard_deviation_is_zero
uct-3000-self-play,16,allocation_recent_trend,4,leader_trend_4_advantage_objective_margin,-0.416666666667,1.941863366289,1,exclude_feature_when_training_fold_standard_deviation_is_zero
uct-3000-self-play,16,allocation_recent_trend,4,leader_trend_4_support_edge_margin,-0.333333333333,4.472135955,1,exclude_feature_when_training_fold_standard_deviation_is_zero
uct-3000-self-play,16,allocation_recent_trend,4,leader_recent_4_objective_allocation_change_margin,-0.078703703704,0.459780729931,1,exclude_feature_when_training_fold_standard_deviation_is_zero
uct-3000-self-play,16,allocation_recent_trend,5,leader_cumulative_objective_share_margin,0.010416666667,0.049956578368,1,exclude_feature_when_training_fold_standard_deviation_is_zero
uct-3000-self-play,16,allocation_recent_trend,5,leader_recent_4_objective_placement_margin,0.0,1.384437310486,1,exclude_feature_when_training_fold_standard_deviation_is_zero
uct-3000-self-play,16,allocation_recent_trend,5,leader_trend_4_secured_objective_margin,0.277777777778,0.853460638652,1,exclude_feature_when_training_fold_standard_deviation_is_zero
uct-3000-self-play,16,allocation_recent_trend,5,leader_trend_4_advantage_objective_margin,-0.25,1.898464291649,1,exclude_feature_when_training_fold_standard_deviation_is_zero
uct-3000-self-play,16,allocation_recent_trend,5,leader_trend_4_support_edge_margin,-0.277777777778,4.093430448842,1,exclude_feature_when_training_fold_standard_deviation_is_zero
uct-3000-self-play,16,allocation_recent_trend,5,leader_recent_4_objective_allocation_change_margin,-0.064814814815,0.450099059361,1,exclude_feature_when_training_fold_standard_deviation_is_zero
uct-3000-self-play,16,combined,1,leader_secured_objective_margin,0.7,0.662247256371,1,exclude_feature_when_training_fold_standard_deviation_is_zero
uct-3000-self-play,16,combined,1,leader_advantage_objective_margin,-0.571428571429,1.617506269111,1,exclude_feature_when_training_fold_standard_deviation_is_zero
uct-3000-self-play,16,combined,1,leader_objective_piece_margin,0.285714285714,1.17282147153,1,exclude_feature_when_training_fold_standard_deviation_is_zero
uct-3000-self-play,16,combined,1,live_objectives,9.328571428571,1.317155252498,1,exclude_feature_when_training_fold_standard_deviation_is_zero
uct-3000-self-play,16,combined,1,leader_secured_supply_margin,-0.157142857143,1.036969682512,1,exclude_feature_when_training_fold_standard_deviation_is_zero
uct-3000-self-play,16,combined,1,leader_unsecured_controlled_supply_margin,-0.085714285714,1.441654378462,1,exclude_feature_when_training_fold_standard_deviation_is_zero
uct-3000-self-play,16,combined,1,leader_usable_supply_support_edge_margin,-0.885714285714,2.846265006951,1,exclude_feature_when_training_fold_standard_deviation_is_zero
uct-3000-self-play,16,combined,1,leader_primary_important_control_margin,0.342857142857,1.297092510036,1,exclude_feature_when_training_fold_standard_deviation_is_zero
uct-3000-self-play,16,combined,1,leader_recent_4_supply_source_usage_margin,-0.014285714286,1.468652026693,1,exclude_feature_when_training_fold_standard_deviation_is_zero
uct-3000-self-play,16,combined,1,leader_cumulative_objective_share_margin,0.011904761905,0.048867561314,1,exclude_feature_when_training_fold_standard_deviation_is_zero
uct-3000-self-play,16,combined,1,leader_recent_4_objective_placement_margin,-0.014285714286,1.468652026693,1,exclude_feature_when_training_fold_standard_deviation_is_zero
uct-3000-self-play,16,combined,1,leader_trend_4_secured_objective_margin,0.371428571429,0.91294544621,1,exclude_feature_when_training_fold_standard_deviation_is_zero
uct-3000-self-play,16,combined,1,leader_trend_4_advantage_objective_margin,-0.471428571429,1.998009213274,1,exclude_feature_when_training_fold_standard_deviation_is_zero
uct-3000-self-play,16,combined,1,leader_trend_4_support_edge_margin,-0.514285714286,4.187542262961,1,exclude_feature_when_training_fold_standard_deviation_is_zero
uct-3000-self-play,16,combined,1,leader_recent_4_objective_allocation_change_margin,-0.061904761905,0.430182158326,1,exclude_feature_when_training_fold_standard_deviation_is_zero
uct-3000-self-play,16,combined,2,leader_secured_objective_margin,0.647887323944,0.652159825509,1,exclude_feature_when_training_fold_standard_deviation_is_zero
uct-3000-self-play,16,combined,2,leader_advantage_objective_margin,-0.492957746479,1.643366858622,1,exclude_feature_when_training_fold_standard_deviation_is_zero
uct-3000-self-play,16,combined,2,leader_objective_piece_margin,0.267605633803,1.16229188934,1,exclude_feature_when_training_fold_standard_deviation_is_zero
uct-3000-self-play,16,combined,2,live_objectives,9.239436619718,1.418834958813,1,exclude_feature_when_training_fold_standard_deviation_is_zero
uct-3000-self-play,16,combined,2,leader_secured_supply_margin,-0.070422535211,0.968866677291,1,exclude_feature_when_training_fold_standard_deviation_is_zero
uct-3000-self-play,16,combined,2,leader_unsecured_controlled_supply_margin,-0.112676056338,1.337954037976,1,exclude_feature_when_training_fold_standard_deviation_is_zero
uct-3000-self-play,16,combined,2,leader_usable_supply_support_edge_margin,-0.464788732394,3.048116416373,1,exclude_feature_when_training_fold_standard_deviation_is_zero
uct-3000-self-play,16,combined,2,leader_primary_important_control_margin,0.253521126761,1.479610815399,1,exclude_feature_when_training_fold_standard_deviation_is_zero
uct-3000-self-play,16,combined,2,leader_recent_4_supply_source_usage_margin,-0.112676056338,1.409717739949,1,exclude_feature_when_training_fold_standard_deviation_is_zero
uct-3000-self-play,16,combined,2,leader_cumulative_objective_share_margin,0.011150234742,0.048428828722,1,exclude_feature_when_training_fold_standard_deviation_is_zero
uct-3000-self-play,16,combined,2,leader_recent_4_objective_placement_margin,-0.112676056338,1.409717739949,1,exclude_feature_when_training_fold_standard_deviation_is_zero
uct-3000-self-play,16,combined,2,leader_trend_4_secured_objective_margin,0.295774647887,0.925299589051,1,exclude_feature_when_training_fold_standard_deviation_is_zero
uct-3000-self-play,16,combined,2,leader_trend_4_advantage_objective_margin,-0.323943661972,1.998412383159,1,exclude_feature_when_training_fold_standard_deviation_is_zero
uct-3000-self-play,16,combined,2,leader_trend_4_support_edge_margin,0.0,4.292148088227,1,exclude_feature_when_training_fold_standard_deviation_is_zero
uct-3000-self-play,16,combined,2,leader_recent_4_objective_allocation_change_margin,-0.046948356808,0.448596401337,1,exclude_feature_when_training_fold_standard_deviation_is_zero
uct-3000-self-play,16,combined,3,leader_secured_objective_margin,0.69014084507,0.683642878846,1,exclude_feature_when_training_fold_standard_deviation_is_zero
uct-3000-self-play,16,combined,3,leader_advantage_objective_margin,-0.521126760563,1.573183324557,1,exclude_feature_when_training_fold_standard_deviation_is_zero
uct-3000-self-play,16,combined,3,leader_objective_piece_margin,0.43661971831,1.017209582269,1,exclude_feature_when_training_fold_standard_deviation_is_zero
uct-3000-self-play,16,combined,3,live_objectives,9.30985915493,1.369605158439,1,exclude_feature_when_training_fold_standard_deviation_is_zero
uct-3000-self-play,16,combined,3,leader_secured_supply_margin,-0.154929577465,1.0831343059,1,exclude_feature_when_training_fold_standard_deviation_is_zero
uct-3000-self-play,16,combined,3,leader_unsecured_controlled_supply_margin,-0.183098591549,1.345936598918,1,exclude_feature_when_training_fold_standard_deviation_is_zero
uct-3000-self-play,16,combined,3,leader_usable_supply_support_edge_margin,-0.957746478873,3.177547197013,1,exclude_feature_when_training_fold_standard_deviation_is_zero
uct-3000-self-play,16,combined,3,leader_primary_important_control_margin,0.352112676056,1.483226323031,1,exclude_feature_when_training_fold_standard_deviation_is_zero
uct-3000-self-play,16,combined,3,leader_recent_4_supply_source_usage_margin,0.056338028169,1.29883288827,1,exclude_feature_when_training_fold_standard_deviation_is_zero
uct-3000-self-play,16,combined,3,leader_cumulative_objective_share_margin,0.018192488263,0.042383732595,1,exclude_feature_when_training_fold_standard_deviation_is_zero
uct-3000-self-play,16,combined,3,leader_recent_4_objective_placement_margin,0.056338028169,1.29883288827,1,exclude_feature_when_training_fold_standard_deviation_is_zero
uct-3000-self-play,16,combined,3,leader_trend_4_secured_objective_margin,0.408450704225,0.912780380057,1,exclude_feature_when_training_fold_standard_deviation_is_zero
uct-3000-self-play,16,combined,3,leader_trend_4_advantage_objective_margin,-0.507042253521,1.91269472496,1,exclude_feature_when_training_fold_standard_deviation_is_zero
uct-3000-self-play,16,combined,3,leader_trend_4_support_edge_margin,-0.788732394366,4.121108468955,1,exclude_feature_when_training_fold_standard_deviation_is_zero
uct-3000-self-play,16,combined,3,leader_recent_4_objective_allocation_change_margin,-0.046948356808,0.438005776139,1,exclude_feature_when_training_fold_standard_deviation_is_zero
uct-3000-self-play,16,combined,4,leader_secured_objective_margin,0.625,0.610953262442,1,exclude_feature_when_training_fold_standard_deviation_is_zero
uct-3000-self-play,16,combined,4,leader_advantage_objective_margin,-0.402777777778,1.459258965501,1,exclude_feature_when_training_fold_standard_deviation_is_zero
uct-3000-self-play,16,combined,4,leader_objective_piece_margin,0.333333333333,1.166666666667,1,exclude_feature_when_training_fold_standard_deviation_is_zero
uct-3000-self-play,16,combined,4,live_objectives,9.291666666667,1.44757939717,1,exclude_feature_when_training_fold_standard_deviation_is_zero
uct-3000-self-play,16,combined,4,leader_secured_supply_margin,-0.055555555556,1.052627517861,1,exclude_feature_when_training_fold_standard_deviation_is_zero
uct-3000-self-play,16,combined,4,leader_unsecured_controlled_supply_margin,-0.236111111111,1.428801513658,1,exclude_feature_when_training_fold_standard_deviation_is_zero
uct-3000-self-play,16,combined,4,leader_usable_supply_support_edge_margin,-0.75,3.217789096051,1,exclude_feature_when_training_fold_standard_deviation_is_zero
uct-3000-self-play,16,combined,4,leader_primary_important_control_margin,0.277777777778,1.492780982505,1,exclude_feature_when_training_fold_standard_deviation_is_zero
uct-3000-self-play,16,combined,4,leader_recent_4_supply_source_usage_margin,-0.041666666667,1.418503710879,1,exclude_feature_when_training_fold_standard_deviation_is_zero
uct-3000-self-play,16,combined,4,leader_cumulative_objective_share_margin,0.013888888889,0.048611111111,1,exclude_feature_when_training_fold_standard_deviation_is_zero
uct-3000-self-play,16,combined,4,leader_recent_4_objective_placement_margin,-0.041666666667,1.418503710879,1,exclude_feature_when_training_fold_standard_deviation_is_zero
uct-3000-self-play,16,combined,4,leader_trend_4_secured_objective_margin,0.333333333333,0.942809041582,1,exclude_feature_when_training_fold_standard_deviation_is_zero
uct-3000-self-play,16,combined,4,leader_trend_4_advantage_objective_margin,-0.416666666667,1.941863366289,1,exclude_feature_when_training_fold_standard_deviation_is_zero
uct-3000-self-play,16,combined,4,leader_trend_4_support_edge_margin,-0.333333333333,4.472135955,1,exclude_feature_when_training_fold_standard_deviation_is_zero
uct-3000-self-play,16,combined,4,leader_recent_4_objective_allocation_change_margin,-0.078703703704,0.459780729931,1,exclude_feature_when_training_fold_standard_deviation_is_zero
uct-3000-self-play,16,combined,5,leader_secured_objective_margin,0.652777777778,0.648924799235,1,exclude_feature_when_training_fold_standard_deviation_is_zero
uct-3000-self-play,16,combined,5,leader_advantage_objective_margin,-0.486111111111,1.632934097088,1,exclude_feature_when_training_fold_standard_deviation_is_zero
uct-3000-self-play,16,combined,5,leader_objective_piece_margin,0.25,1.198957880828,1,exclude_feature_when_training_fold_standard_deviation_is_zero
uct-3000-self-play,16,combined,5,live_objectives,9.291666666667,1.476082465327,1,exclude_feature_when_training_fold_standard_deviation_is_zero
uct-3000-self-play,16,combined,5,leader_secured_supply_margin,-0.291666666667,1.059841445165,1,exclude_feature_when_training_fold_standard_deviation_is_zero
uct-3000-self-play,16,combined,5,leader_unsecured_controlled_supply_margin,0.055555555556,1.508207995611,1,exclude_feature_when_training_fold_standard_deviation_is_zero
uct-3000-self-play,16,combined,5,leader_usable_supply_support_edge_margin,-0.763888888889,3.102387322493,1,exclude_feature_when_training_fold_standard_deviation_is_zero
uct-3000-self-play,16,combined,5,leader_primary_important_control_margin,0.291666666667,1.476082465327,1,exclude_feature_when_training_fold_standard_deviation_is_zero
uct-3000-self-play,16,combined,5,leader_recent_4_supply_source_usage_margin,0.0,1.384437310486,1,exclude_feature_when_training_fold_standard_deviation_is_zero
uct-3000-self-play,16,combined,5,leader_cumulative_objective_share_margin,0.010416666667,0.049956578368,1,exclude_feature_when_training_fold_standard_deviation_is_zero
uct-3000-self-play,16,combined,5,leader_recent_4_objective_placement_margin,0.0,1.384437310486,1,exclude_feature_when_training_fold_standard_deviation_is_zero
uct-3000-self-play,16,combined,5,leader_trend_4_secured_objective_margin,0.277777777778,0.853460638652,1,exclude_feature_when_training_fold_standard_deviation_is_zero
uct-3000-self-play,16,combined,5,leader_trend_4_advantage_objective_margin,-0.25,1.898464291649,1,exclude_feature_when_training_fold_standard_deviation_is_zero
uct-3000-self-play,16,combined,5,leader_trend_4_support_edge_margin,-0.277777777778,4.093430448842,1,exclude_feature_when_training_fold_standard_deviation_is_zero
uct-3000-self-play,16,combined,5,leader_recent_4_objective_allocation_change_margin,-0.064814814815,0.450099059361,1,exclude_feature_when_training_fold_standard_deviation_is_zero
uct-3000-self-play,20,decisive_margin_only,1,decisive_margin,1.246575342466,0.490479829862,1,exclude_feature_when_training_fold_standard_deviation_is_zero
uct-3000-self-play,20,decisive_margin_only,2,decisive_margin,1.246575342466,0.461706836886,1,exclude_feature_when_training_fold_standard_deviation_is_zero
uct-3000-self-play,20,decisive_margin_only,3,decisive_margin,1.256756756757,0.4948603628,1,exclude_feature_when_training_fold_standard_deviation_is_zero
uct-3000-self-play,20,decisive_margin_only,4,decisive_margin,1.310810810811,0.517939672885,1,exclude_feature_when_training_fold_standard_deviation_is_zero
uct-3000-self-play,20,decisive_margin_only,5,decisive_margin,1.243243243243,0.459459459459,1,exclude_feature_when_training_fold_standard_deviation_is_zero
uct-3000-self-play,20,current_objective_state,1,leader_secured_objective_margin,0.479452054795,0.575994412099,1,exclude_feature_when_training_fold_standard_deviation_is_zero
uct-3000-self-play,20,current_objective_state,1,leader_advantage_objective_margin,0.0,1.596228431484,1,exclude_feature_when_training_fold_standard_deviation_is_zero
uct-3000-self-play,20,current_objective_state,1,leader_objective_piece_margin,0.397260273973,1.567999563421,1,exclude_feature_when_training_fold_standard_deviation_is_zero
uct-3000-self-play,20,current_objective_state,2,leader_secured_objective_margin,0.465753424658,0.551018777017,1,exclude_feature_when_training_fold_standard_deviation_is_zero
uct-3000-self-play,20,current_objective_state,2,leader_advantage_objective_margin,-0.041095890411,1.633873925523,1,exclude_feature_when_training_fold_standard_deviation_is_zero
uct-3000-self-play,20,current_objective_state,2,leader_objective_piece_margin,0.506849315068,1.588686781472,1,exclude_feature_when_training_fold_standard_deviation_is_zero
uct-3000-self-play,20,current_objective_state,3,leader_secured_objective_margin,0.5,0.575396455569,1,exclude_feature_when_training_fold_standard_deviation_is_zero
uct-3000-self-play,20,current_objective_state,3,leader_advantage_objective_margin,-0.148648648649,1.69803091393,1,exclude_feature_when_training_fold_standard_deviation_is_zero
uct-3000-self-play,20,current_objective_state,3,leader_objective_piece_margin,0.351351351351,1.57198817505,1,exclude_feature_when_training_fold_standard_deviation_is_zero
uct-3000-self-play,20,current_objective_state,4,leader_secured_objective_margin,0.378378378378,0.537831047085,1,exclude_feature_when_training_fold_standard_deviation_is_zero
uct-3000-self-play,20,current_objective_state,4,leader_advantage_objective_margin,0.22972972973,1.56436065256,1,exclude_feature_when_training_fold_standard_deviation_is_zero
uct-3000-self-play,20,current_objective_state,4,leader_objective_piece_margin,0.5,1.454257496066,1,exclude_feature_when_training_fold_standard_deviation_is_zero
uct-3000-self-play,20,current_objective_state,5,leader_secured_objective_margin,0.459459459459,0.54991864728,1,exclude_feature_when_training_fold_standard_deviation_is_zero
uct-3000-self-play,20,current_objective_state,5,leader_advantage_objective_margin,-0.040540540541,1.688107761941,1,exclude_feature_when_training_fold_standard_deviation_is_zero
uct-3000-self-play,20,current_objective_state,5,leader_objective_piece_margin,0.364864864865,1.43860221503,1,exclude_feature_when_training_fold_standard_deviation_is_zero
uct-3000-self-play,20,objective_only,1,leader_secured_objective_margin,0.479452054795,0.575994412099,1,exclude_feature_when_training_fold_standard_deviation_is_zero
uct-3000-self-play,20,objective_only,1,leader_advantage_objective_margin,0.0,1.596228431484,1,exclude_feature_when_training_fold_standard_deviation_is_zero
uct-3000-self-play,20,objective_only,1,leader_objective_piece_margin,0.397260273973,1.567999563421,1,exclude_feature_when_training_fold_standard_deviation_is_zero
uct-3000-self-play,20,objective_only,1,live_objectives,7.383561643836,1.429916531584,1,exclude_feature_when_training_fold_standard_deviation_is_zero
uct-3000-self-play,20,objective_only,2,leader_secured_objective_margin,0.465753424658,0.551018777017,1,exclude_feature_when_training_fold_standard_deviation_is_zero
uct-3000-self-play,20,objective_only,2,leader_advantage_objective_margin,-0.041095890411,1.633873925523,1,exclude_feature_when_training_fold_standard_deviation_is_zero
uct-3000-self-play,20,objective_only,2,leader_objective_piece_margin,0.506849315068,1.588686781472,1,exclude_feature_when_training_fold_standard_deviation_is_zero
uct-3000-self-play,20,objective_only,2,live_objectives,7.287671232877,1.409162308771,1,exclude_feature_when_training_fold_standard_deviation_is_zero
uct-3000-self-play,20,objective_only,3,leader_secured_objective_margin,0.5,0.575396455569,1,exclude_feature_when_training_fold_standard_deviation_is_zero
uct-3000-self-play,20,objective_only,3,leader_advantage_objective_margin,-0.148648648649,1.69803091393,1,exclude_feature_when_training_fold_standard_deviation_is_zero
uct-3000-self-play,20,objective_only,3,leader_objective_piece_margin,0.351351351351,1.57198817505,1,exclude_feature_when_training_fold_standard_deviation_is_zero
uct-3000-self-play,20,objective_only,3,live_objectives,7.256756756757,1.585924666856,1,exclude_feature_when_training_fold_standard_deviation_is_zero
uct-3000-self-play,20,objective_only,4,leader_secured_objective_margin,0.378378378378,0.537831047085,1,exclude_feature_when_training_fold_standard_deviation_is_zero
uct-3000-self-play,20,objective_only,4,leader_advantage_objective_margin,0.22972972973,1.56436065256,1,exclude_feature_when_training_fold_standard_deviation_is_zero
uct-3000-self-play,20,objective_only,4,leader_objective_piece_margin,0.5,1.454257496066,1,exclude_feature_when_training_fold_standard_deviation_is_zero
uct-3000-self-play,20,objective_only,4,live_objectives,7.27027027027,1.491392395819,1,exclude_feature_when_training_fold_standard_deviation_is_zero
uct-3000-self-play,20,objective_only,5,leader_secured_objective_margin,0.459459459459,0.54991864728,1,exclude_feature_when_training_fold_standard_deviation_is_zero
uct-3000-self-play,20,objective_only,5,leader_advantage_objective_margin,-0.040540540541,1.688107761941,1,exclude_feature_when_training_fold_standard_deviation_is_zero
uct-3000-self-play,20,objective_only,5,leader_objective_piece_margin,0.364864864865,1.43860221503,1,exclude_feature_when_training_fold_standard_deviation_is_zero
uct-3000-self-play,20,objective_only,5,live_objectives,7.216216216216,1.378113382052,1,exclude_feature_when_training_fold_standard_deviation_is_zero
uct-3000-self-play,20,supply_only,1,leader_secured_supply_margin,0.041095890411,1.338966644744,1,exclude_feature_when_training_fold_standard_deviation_is_zero
uct-3000-self-play,20,supply_only,1,leader_unsecured_controlled_supply_margin,-0.342465753425,1.697856651114,1,exclude_feature_when_training_fold_standard_deviation_is_zero
uct-3000-self-play,20,supply_only,1,leader_usable_supply_support_edge_margin,-0.630136986301,3.013698630137,1,exclude_feature_when_training_fold_standard_deviation_is_zero
uct-3000-self-play,20,supply_only,1,leader_primary_important_control_margin,-0.068493150685,1.714792747757,1,exclude_feature_when_training_fold_standard_deviation_is_zero
uct-3000-self-play,20,supply_only,1,leader_recent_4_supply_source_usage_margin,0.219178082192,1.30590414113,1,exclude_feature_when_training_fold_standard_deviation_is_zero
uct-3000-self-play,20,supply_only,2,leader_secured_supply_margin,-0.13698630137,1.347906225074,1,exclude_feature_when_training_fold_standard_deviation_is_zero
uct-3000-self-play,20,supply_only,2,leader_unsecured_controlled_supply_margin,-0.328767123288,1.696529854883,1,exclude_feature_when_training_fold_standard_deviation_is_zero
uct-3000-self-play,20,supply_only,2,leader_usable_supply_support_edge_margin,-0.821917808219,3.128930255086,1,exclude_feature_when_training_fold_standard_deviation_is_zero
uct-3000-self-play,20,supply_only,2,leader_primary_important_control_margin,-0.13698630137,1.682423793736,1,exclude_feature_when_training_fold_standard_deviation_is_zero
uct-3000-self-play,20,supply_only,2,leader_recent_4_supply_source_usage_margin,0.246575342466,1.33222259358,1,exclude_feature_when_training_fold_standard_deviation_is_zero
uct-3000-self-play,20,supply_only,3,leader_secured_supply_margin,0.081081081081,1.343218771869,1,exclude_feature_when_training_fold_standard_deviation_is_zero
uct-3000-self-play,20,supply_only,3,leader_unsecured_controlled_supply_margin,-0.378378378378,1.633291343755,1,exclude_feature_when_training_fold_standard_deviation_is_zero
uct-3000-self-play,20,supply_only,3,leader_usable_supply_support_edge_margin,-0.432432432432,3.132571178981,1,exclude_feature_when_training_fold_standard_deviation_is_zero
uct-3000-self-play,20,supply_only,3,leader_primary_important_control_margin,0.162162162162,1.660568341547,1,exclude_feature_when_training_fold_standard_deviation_is_zero
uct-3000-self-play,20,supply_only,3,leader_recent_4_supply_source_usage_margin,0.108108108108,1.361314622645,1,exclude_feature_when_training_fold_standard_deviation_is_zero
uct-3000-self-play,20,supply_only,4,leader_secured_supply_margin,-0.081081081081,1.249397225008,1,exclude_feature_when_training_fold_standard_deviation_is_zero
uct-3000-self-play,20,supply_only,4,leader_unsecured_controlled_supply_margin,-0.391891891892,1.738417792346,1,exclude_feature_when_training_fold_standard_deviation_is_zero
uct-3000-self-play,20,supply_only,4,leader_usable_supply_support_edge_margin,-0.810810810811,3.043272046333,1,exclude_feature_when_training_fold_standard_deviation_is_zero
uct-3000-self-play,20,supply_only,4,leader_primary_important_control_margin,0.067567567568,1.695232433087,1,exclude_feature_when_training_fold_standard_deviation_is_zero
uct-3000-self-play,20,supply_only,4,leader_recent_4_supply_source_usage_margin,0.256756756757,1.174743339545,1,exclude_feature_when_training_fold_standard_deviation_is_zero
uct-3000-self-play,20,supply_only,5,leader_secured_supply_margin,-0.013513513514,1.380298080256,1,exclude_feature_when_training_fold_standard_deviation_is_zero
uct-3000-self-play,20,supply_only,5,leader_unsecured_controlled_supply_margin,-0.297297297297,1.548580254138,1,exclude_feature_when_training_fold_standard_deviation_is_zero
uct-3000-self-play,20,supply_only,5,leader_usable_supply_support_edge_margin,-0.297297297297,3.126736186806,1,exclude_feature_when_training_fold_standard_deviation_is_zero
uct-3000-self-play,20,supply_only,5,leader_primary_important_control_margin,-0.027027027027,1.700341563246,1,exclude_feature_when_training_fold_standard_deviation_is_zero
uct-3000-self-play,20,supply_only,5,leader_recent_4_supply_source_usage_margin,0.148648648649,1.291159466698,1,exclude_feature_when_training_fold_standard_deviation_is_zero
uct-3000-self-play,20,allocation_recent_trend,1,leader_cumulative_objective_share_margin,0.013242009132,0.052266652114,1,exclude_feature_when_training_fold_standard_deviation_is_zero
uct-3000-self-play,20,allocation_recent_trend,1,leader_recent_4_objective_placement_margin,0.219178082192,1.30590414113,1,exclude_feature_when_training_fold_standard_deviation_is_zero
uct-3000-self-play,20,allocation_recent_trend,1,leader_trend_4_secured_objective_margin,0.438356164384,1.059675594839,1,exclude_feature_when_training_fold_standard_deviation_is_zero
uct-3000-self-play,20,allocation_recent_trend,1,leader_trend_4_advantage_objective_margin,-0.260273972603,1.993327205854,1,exclude_feature_when_training_fold_standard_deviation_is_zero
uct-3000-self-play,20,allocation_recent_trend,1,leader_trend_4_support_edge_margin,-1.219178082192,3.421313435776,1,exclude_feature_when_training_fold_standard_deviation_is_zero
uct-3000-self-play,20,allocation_recent_trend,1,leader_recent_4_objective_allocation_change_margin,0.045662100457,0.452677031284,1,exclude_feature_when_training_fold_standard_deviation_is_zero
uct-3000-self-play,20,allocation_recent_trend,2,leader_cumulative_objective_share_margin,0.016894977169,0.052956226049,1,exclude_feature_when_training_fold_standard_deviation_is_zero
uct-3000-self-play,20,allocation_recent_trend,2,leader_recent_4_objective_placement_margin,0.246575342466,1.33222259358,1,exclude_feature_when_training_fold_standard_deviation_is_zero
uct-3000-self-play,20,allocation_recent_trend,2,leader_trend_4_secured_objective_margin,0.424657534247,1.05878980049,1,exclude_feature_when_training_fold_standard_deviation_is_zero
uct-3000-self-play,20,allocation_recent_trend,2,leader_trend_4_advantage_objective_margin,-0.356164383562,1.86804317082,1,exclude_feature_when_training_fold_standard_deviation_is_zero
uct-3000-self-play,20,allocation_recent_trend,2,leader_trend_4_support_edge_margin,-1.164383561644,3.420380891351,1,exclude_feature_when_training_fold_standard_deviation_is_zero
uct-3000-self-play,20,allocation_recent_trend,2,leader_recent_4_objective_allocation_change_margin,0.073059360731,0.431790634136,1,exclude_feature_when_training_fold_standard_deviation_is_zero
uct-3000-self-play,20,allocation_recent_trend,3,leader_cumulative_objective_share_margin,0.011711711712,0.052399605835,1,exclude_feature_when_training_fold_standard_deviation_is_zero
uct-3000-self-play,20,allocation_recent_trend,3,leader_recent_4_objective_placement_margin,0.108108108108,1.361314622645,1,exclude_feature_when_training_fold_standard_deviation_is_zero
uct-3000-self-play,20,allocation_recent_trend,3,leader_trend_4_secured_objective_margin,0.486486486486,1.042907101707,1,exclude_feature_when_training_fold_standard_deviation_is_zero
uct-3000-self-play,20,allocation_recent_trend,3,leader_trend_4_advantage_objective_margin,-0.445945945946,2.027792648203,1,exclude_feature_when_training_fold_standard_deviation_is_zero
uct-3000-self-play,20,allocation_recent_trend,3,leader_trend_4_support_edge_margin,-1.027027027027,3.456185105829,1,exclude_feature_when_training_fold_standard_deviation_is_zero
uct-3000-self-play,20,allocation_recent_trend,3,leader_recent_4_objective_allocation_change_margin,0.036036036036,0.46681969038,1,exclude_feature_when_training_fold_standard_deviation_is_zero
uct-3000-self-play,20,allocation_recent_trend,4,leader_cumulative_objective_share_margin,0.016666666667,0.048475249869,1,exclude_feature_when_training_fold_standard_deviation_is_zero
uct-3000-self-play,20,allocation_recent_trend,4,leader_recent_4_objective_placement_margin,0.256756756757,1.174743339545,1,exclude_feature_when_training_fold_standard_deviation_is_zero
uct-3000-self-play,20,allocation_recent_trend,4,leader_trend_4_secured_objective_margin,0.310810810811,0.957554256111,1,exclude_feature_when_training_fold_standard_deviation_is_zero
uct-3000-self-play,20,allocation_recent_trend,4,leader_trend_4_advantage_objective_margin,-0.175675675676,1.926754084002,1,exclude_feature_when_training_fold_standard_deviation_is_zero
uct-3000-self-play,20,allocation_recent_trend,4,leader_trend_4_support_edge_margin,-1.256756756757,3.217607012483,1,exclude_feature_when_training_fold_standard_deviation_is_zero
uct-3000-self-play,20,allocation_recent_trend,4,leader_recent_4_objective_allocation_change_margin,0.031531531532,0.475113133102,1,exclude_feature_when_training_fold_standard_deviation_is_zero
uct-3000-self-play,20,allocation_recent_trend,5,leader_cumulative_objective_share_margin,0.012162162162,0.047953407168,1,exclude_feature_when_training_fold_standard_deviation_is_zero
uct-3000-self-play,20,allocation_recent_trend,5,leader_recent_4_objective_placement_margin,0.148648648649,1.291159466698,1,exclude_feature_when_training_fold_standard_deviation_is_zero
uct-3000-self-play,20,allocation_recent_trend,5,leader_trend_4_secured_objective_margin,0.405405405405,1.089494290311,1,exclude_feature_when_training_fold_standard_deviation_is_zero
uct-3000-self-play,20,allocation_recent_trend,5,leader_trend_4_advantage_objective_margin,-0.22972972973,2.043759765973,1,exclude_feature_when_training_fold_standard_deviation_is_zero
uct-3000-self-play,20,allocation_recent_trend,5,leader_trend_4_support_edge_margin,-1.148648648649,3.156642213768,1,exclude_feature_when_training_fold_standard_deviation_is_zero
uct-3000-self-play,20,allocation_recent_trend,5,leader_recent_4_objective_allocation_change_margin,0.103603603604,0.441556337318,1,exclude_feature_when_training_fold_standard_deviation_is_zero
uct-3000-self-play,20,combined,1,leader_secured_objective_margin,0.479452054795,0.575994412099,1,exclude_feature_when_training_fold_standard_deviation_is_zero
uct-3000-self-play,20,combined,1,leader_advantage_objective_margin,0.0,1.596228431484,1,exclude_feature_when_training_fold_standard_deviation_is_zero
uct-3000-self-play,20,combined,1,leader_objective_piece_margin,0.397260273973,1.567999563421,1,exclude_feature_when_training_fold_standard_deviation_is_zero
uct-3000-self-play,20,combined,1,live_objectives,7.383561643836,1.429916531584,1,exclude_feature_when_training_fold_standard_deviation_is_zero
uct-3000-self-play,20,combined,1,leader_secured_supply_margin,0.041095890411,1.338966644744,1,exclude_feature_when_training_fold_standard_deviation_is_zero
uct-3000-self-play,20,combined,1,leader_unsecured_controlled_supply_margin,-0.342465753425,1.697856651114,1,exclude_feature_when_training_fold_standard_deviation_is_zero
uct-3000-self-play,20,combined,1,leader_usable_supply_support_edge_margin,-0.630136986301,3.013698630137,1,exclude_feature_when_training_fold_standard_deviation_is_zero
uct-3000-self-play,20,combined,1,leader_primary_important_control_margin,-0.068493150685,1.714792747757,1,exclude_feature_when_training_fold_standard_deviation_is_zero
uct-3000-self-play,20,combined,1,leader_recent_4_supply_source_usage_margin,0.219178082192,1.30590414113,1,exclude_feature_when_training_fold_standard_deviation_is_zero
uct-3000-self-play,20,combined,1,leader_cumulative_objective_share_margin,0.013242009132,0.052266652114,1,exclude_feature_when_training_fold_standard_deviation_is_zero
uct-3000-self-play,20,combined,1,leader_recent_4_objective_placement_margin,0.219178082192,1.30590414113,1,exclude_feature_when_training_fold_standard_deviation_is_zero
uct-3000-self-play,20,combined,1,leader_trend_4_secured_objective_margin,0.438356164384,1.059675594839,1,exclude_feature_when_training_fold_standard_deviation_is_zero
uct-3000-self-play,20,combined,1,leader_trend_4_advantage_objective_margin,-0.260273972603,1.993327205854,1,exclude_feature_when_training_fold_standard_deviation_is_zero
uct-3000-self-play,20,combined,1,leader_trend_4_support_edge_margin,-1.219178082192,3.421313435776,1,exclude_feature_when_training_fold_standard_deviation_is_zero
uct-3000-self-play,20,combined,1,leader_recent_4_objective_allocation_change_margin,0.045662100457,0.452677031284,1,exclude_feature_when_training_fold_standard_deviation_is_zero
uct-3000-self-play,20,combined,2,leader_secured_objective_margin,0.465753424658,0.551018777017,1,exclude_feature_when_training_fold_standard_deviation_is_zero
uct-3000-self-play,20,combined,2,leader_advantage_objective_margin,-0.041095890411,1.633873925523,1,exclude_feature_when_training_fold_standard_deviation_is_zero
uct-3000-self-play,20,combined,2,leader_objective_piece_margin,0.506849315068,1.588686781472,1,exclude_feature_when_training_fold_standard_deviation_is_zero
uct-3000-self-play,20,combined,2,live_objectives,7.287671232877,1.409162308771,1,exclude_feature_when_training_fold_standard_deviation_is_zero
uct-3000-self-play,20,combined,2,leader_secured_supply_margin,-0.13698630137,1.347906225074,1,exclude_feature_when_training_fold_standard_deviation_is_zero
uct-3000-self-play,20,combined,2,leader_unsecured_controlled_supply_margin,-0.328767123288,1.696529854883,1,exclude_feature_when_training_fold_standard_deviation_is_zero
uct-3000-self-play,20,combined,2,leader_usable_supply_support_edge_margin,-0.821917808219,3.128930255086,1,exclude_feature_when_training_fold_standard_deviation_is_zero
uct-3000-self-play,20,combined,2,leader_primary_important_control_margin,-0.13698630137,1.682423793736,1,exclude_feature_when_training_fold_standard_deviation_is_zero
uct-3000-self-play,20,combined,2,leader_recent_4_supply_source_usage_margin,0.246575342466,1.33222259358,1,exclude_feature_when_training_fold_standard_deviation_is_zero
uct-3000-self-play,20,combined,2,leader_cumulative_objective_share_margin,0.016894977169,0.052956226049,1,exclude_feature_when_training_fold_standard_deviation_is_zero
uct-3000-self-play,20,combined,2,leader_recent_4_objective_placement_margin,0.246575342466,1.33222259358,1,exclude_feature_when_training_fold_standard_deviation_is_zero
uct-3000-self-play,20,combined,2,leader_trend_4_secured_objective_margin,0.424657534247,1.05878980049,1,exclude_feature_when_training_fold_standard_deviation_is_zero
uct-3000-self-play,20,combined,2,leader_trend_4_advantage_objective_margin,-0.356164383562,1.86804317082,1,exclude_feature_when_training_fold_standard_deviation_is_zero
uct-3000-self-play,20,combined,2,leader_trend_4_support_edge_margin,-1.164383561644,3.420380891351,1,exclude_feature_when_training_fold_standard_deviation_is_zero
uct-3000-self-play,20,combined,2,leader_recent_4_objective_allocation_change_margin,0.073059360731,0.431790634136,1,exclude_feature_when_training_fold_standard_deviation_is_zero
uct-3000-self-play,20,combined,3,leader_secured_objective_margin,0.5,0.575396455569,1,exclude_feature_when_training_fold_standard_deviation_is_zero
uct-3000-self-play,20,combined,3,leader_advantage_objective_margin,-0.148648648649,1.69803091393,1,exclude_feature_when_training_fold_standard_deviation_is_zero
uct-3000-self-play,20,combined,3,leader_objective_piece_margin,0.351351351351,1.57198817505,1,exclude_feature_when_training_fold_standard_deviation_is_zero
uct-3000-self-play,20,combined,3,live_objectives,7.256756756757,1.585924666856,1,exclude_feature_when_training_fold_standard_deviation_is_zero
uct-3000-self-play,20,combined,3,leader_secured_supply_margin,0.081081081081,1.343218771869,1,exclude_feature_when_training_fold_standard_deviation_is_zero
uct-3000-self-play,20,combined,3,leader_unsecured_controlled_supply_margin,-0.378378378378,1.633291343755,1,exclude_feature_when_training_fold_standard_deviation_is_zero
uct-3000-self-play,20,combined,3,leader_usable_supply_support_edge_margin,-0.432432432432,3.132571178981,1,exclude_feature_when_training_fold_standard_deviation_is_zero
uct-3000-self-play,20,combined,3,leader_primary_important_control_margin,0.162162162162,1.660568341547,1,exclude_feature_when_training_fold_standard_deviation_is_zero
uct-3000-self-play,20,combined,3,leader_recent_4_supply_source_usage_margin,0.108108108108,1.361314622645,1,exclude_feature_when_training_fold_standard_deviation_is_zero
uct-3000-self-play,20,combined,3,leader_cumulative_objective_share_margin,0.011711711712,0.052399605835,1,exclude_feature_when_training_fold_standard_deviation_is_zero
uct-3000-self-play,20,combined,3,leader_recent_4_objective_placement_margin,0.108108108108,1.361314622645,1,exclude_feature_when_training_fold_standard_deviation_is_zero
uct-3000-self-play,20,combined,3,leader_trend_4_secured_objective_margin,0.486486486486,1.042907101707,1,exclude_feature_when_training_fold_standard_deviation_is_zero
uct-3000-self-play,20,combined,3,leader_trend_4_advantage_objective_margin,-0.445945945946,2.027792648203,1,exclude_feature_when_training_fold_standard_deviation_is_zero
uct-3000-self-play,20,combined,3,leader_trend_4_support_edge_margin,-1.027027027027,3.456185105829,1,exclude_feature_when_training_fold_standard_deviation_is_zero
uct-3000-self-play,20,combined,3,leader_recent_4_objective_allocation_change_margin,0.036036036036,0.46681969038,1,exclude_feature_when_training_fold_standard_deviation_is_zero
uct-3000-self-play,20,combined,4,leader_secured_objective_margin,0.378378378378,0.537831047085,1,exclude_feature_when_training_fold_standard_deviation_is_zero
uct-3000-self-play,20,combined,4,leader_advantage_objective_margin,0.22972972973,1.56436065256,1,exclude_feature_when_training_fold_standard_deviation_is_zero
uct-3000-self-play,20,combined,4,leader_objective_piece_margin,0.5,1.454257496066,1,exclude_feature_when_training_fold_standard_deviation_is_zero
uct-3000-self-play,20,combined,4,live_objectives,7.27027027027,1.491392395819,1,exclude_feature_when_training_fold_standard_deviation_is_zero
uct-3000-self-play,20,combined,4,leader_secured_supply_margin,-0.081081081081,1.249397225008,1,exclude_feature_when_training_fold_standard_deviation_is_zero
uct-3000-self-play,20,combined,4,leader_unsecured_controlled_supply_margin,-0.391891891892,1.738417792346,1,exclude_feature_when_training_fold_standard_deviation_is_zero
uct-3000-self-play,20,combined,4,leader_usable_supply_support_edge_margin,-0.810810810811,3.043272046333,1,exclude_feature_when_training_fold_standard_deviation_is_zero
uct-3000-self-play,20,combined,4,leader_primary_important_control_margin,0.067567567568,1.695232433087,1,exclude_feature_when_training_fold_standard_deviation_is_zero
uct-3000-self-play,20,combined,4,leader_recent_4_supply_source_usage_margin,0.256756756757,1.174743339545,1,exclude_feature_when_training_fold_standard_deviation_is_zero
uct-3000-self-play,20,combined,4,leader_cumulative_objective_share_margin,0.016666666667,0.048475249869,1,exclude_feature_when_training_fold_standard_deviation_is_zero
uct-3000-self-play,20,combined,4,leader_recent_4_objective_placement_margin,0.256756756757,1.174743339545,1,exclude_feature_when_training_fold_standard_deviation_is_zero
uct-3000-self-play,20,combined,4,leader_trend_4_secured_objective_margin,0.310810810811,0.957554256111,1,exclude_feature_when_training_fold_standard_deviation_is_zero
uct-3000-self-play,20,combined,4,leader_trend_4_advantage_objective_margin,-0.175675675676,1.926754084002,1,exclude_feature_when_training_fold_standard_deviation_is_zero
uct-3000-self-play,20,combined,4,leader_trend_4_support_edge_margin,-1.256756756757,3.217607012483,1,exclude_feature_when_training_fold_standard_deviation_is_zero
uct-3000-self-play,20,combined,4,leader_recent_4_objective_allocation_change_margin,0.031531531532,0.475113133102,1,exclude_feature_when_training_fold_standard_deviation_is_zero
uct-3000-self-play,20,combined,5,leader_secured_objective_margin,0.459459459459,0.54991864728,1,exclude_feature_when_training_fold_standard_deviation_is_zero
uct-3000-self-play,20,combined,5,leader_advantage_objective_margin,-0.040540540541,1.688107761941,1,exclude_feature_when_training_fold_standard_deviation_is_zero
uct-3000-self-play,20,combined,5,leader_objective_piece_margin,0.364864864865,1.43860221503,1,exclude_feature_when_training_fold_standard_deviation_is_zero
uct-3000-self-play,20,combined,5,live_objectives,7.216216216216,1.378113382052,1,exclude_feature_when_training_fold_standard_deviation_is_zero
uct-3000-self-play,20,combined,5,leader_secured_supply_margin,-0.013513513514,1.380298080256,1,exclude_feature_when_training_fold_standard_deviation_is_zero
uct-3000-self-play,20,combined,5,leader_unsecured_controlled_supply_margin,-0.297297297297,1.548580254138,1,exclude_feature_when_training_fold_standard_deviation_is_zero
uct-3000-self-play,20,combined,5,leader_usable_supply_support_edge_margin,-0.297297297297,3.126736186806,1,exclude_feature_when_training_fold_standard_deviation_is_zero
uct-3000-self-play,20,combined,5,leader_primary_important_control_margin,-0.027027027027,1.700341563246,1,exclude_feature_when_training_fold_standard_deviation_is_zero
uct-3000-self-play,20,combined,5,leader_recent_4_supply_source_usage_margin,0.148648648649,1.291159466698,1,exclude_feature_when_training_fold_standard_deviation_is_zero
uct-3000-self-play,20,combined,5,leader_cumulative_objective_share_margin,0.012162162162,0.047953407168,1,exclude_feature_when_training_fold_standard_deviation_is_zero
uct-3000-self-play,20,combined,5,leader_recent_4_objective_placement_margin,0.148648648649,1.291159466698,1,exclude_feature_when_training_fold_standard_deviation_is_zero
uct-3000-self-play,20,combined,5,leader_trend_4_secured_objective_margin,0.405405405405,1.089494290311,1,exclude_feature_when_training_fold_standard_deviation_is_zero
uct-3000-self-play,20,combined,5,leader_trend_4_advantage_objective_margin,-0.22972972973,2.043759765973,1,exclude_feature_when_training_fold_standard_deviation_is_zero
uct-3000-self-play,20,combined,5,leader_trend_4_support_edge_margin,-1.148648648649,3.156642213768,1,exclude_feature_when_training_fold_standard_deviation_is_zero
uct-3000-self-play,20,combined,5,leader_recent_4_objective_allocation_change_margin,0.103603603604,0.441556337318,1,exclude_feature_when_training_fold_standard_deviation_is_zero
