experiment_id,game_index,seed,black_agent,white_agent,iteration_limit,max_seconds_per_move,completed,end_type,winner,moves,turns,p1_score,p2_score,p1_total_pieces,p2_total_pieces,p1_supply_pieces,p2_supply_pieces,p1_objective_pieces,p2_objective_pieces,p1_secured_supply,p2_secured_supply,p1_secured_objectives,p2_secured_objectives,p1_advantage_objectives,p2_advantage_objectives,deciding_criterion,final_board,trial_file
uct-10000-self-play,1,320100,UCT,UCT,10000,-1.0,true,NaturalEnd,1,72,24,3201,2569,36,36,17,20,19,16,3,2,5,4,1,1,secured_objectives,S00:0:0:0|S01:2:0:1|S02:0:0:0|S03:0:0:0|S04:0:0:0|S10:0:0:0|S11:4:2:3|S12:2:1:2|S13:3:3:2|S14:0:1:1|S20:0:0:0|S21:0:2:2|S22:3:3:2|S23:4:2:3|S24:0:0:0|S30:2:0:2|S31:3:3:2|S32:0:0:0|S33:0:0:0|S34:0:0:0|S40:0:0:0|S41:0:0:0|S42:0:0:0|S43:0:0:0|S44:0:0:0|O00:0:0:0|O01:4:0:3|O02:3:3:0|O03:1:1:0|O10:0:0:0|O11:4:0:3|O12:3:3:0|O13:3:3:0|O20:0:2:2|O21:4:0:3|O22:2:1:2|O23:4:0:3|O30:3:3:0|O31:3:3:0|O32:0:0:0|O33:0:0:0,experiments/issue-32/results/trials/uct-10000-self-play/uct-10000-self-play-0001.trl
uct-10000-self-play,2,320101,UCT,UCT,10000,-1.0,true,NaturalEnd,1,72,24,3275,2645,36,36,17,18,19,18,3,3,5,4,3,3,secured_objectives,S00:0:0:0|S01:0:0:0|S02:0:0:0|S03:0:0:0|S04:0:0:0|S10:0:0:0|S11:1:1:0|S12:4:2:3|S13:2:1:2|S14:0:0:0|S20:0:0:0|S21:4:2:3|S22:3:3:2|S23:3:3:2|S24:0:0:0|S30:0:0:0|S31:4:2:3|S32:2:0:1|S33:3:3:2|S34:0:0:0|S40:0:0:0|S41:0:0:0|S42:0:0:0|S43:0:0:0|S44:0:0:0|O00:1:1:0|O01:2:0:2|O02:4:0:3|O03:0:0:0|O10:2:0:2|O11:4:0:3|O12:3:3:0|O13:3:3:0|O20:4:0:3|O21:3:3:0|O22:3:3:0|O23:3:3:0|O30:4:0:3|O31:2:0:1|O32:1:1:0|O33:1:2:1,experiments/issue-32/results/trials/uct-10000-self-play/uct-10000-self-play-0002.trl
uct-10000-self-play,3,320102,UCT,UCT,10000,-1.0,true,NaturalEnd,0,72,24,3830,3830,36,36,17,17,19,19,0,2,6,6,1,1,draw,S00:0:0:0|S01:0:0:0|S02:1:1:0|S03:1:1:0|S04:0:0:0|S10:0:0:0|S11:0:1:1|S12:0:1:1|S13:0:2:2|S14:0:0:0|S20:0:0:0|S21:1:2:1|S22:1:1:0|S23:0:0:0|S24:0:1:1|S30:2:0:1|S31:0:2:2|S32:4:2:3|S33:4:2:3|S34:0:0:0|S40:0:0:0|S41:0:0:0|S42:0:1:1|S43:2:0:1|S44:0:0:0|O00:0:0:0|O01:3:3:0|O02:3:3:0|O03:1:1:0|O10:3:3:0|O11:3:3:0|O12:3:3:0|O13:2:0:1|O20:4:0:3|O21:4:0:3|O22:3:3:0|O23:4:0:3|O30:4:0:3|O31:4:0:3|O32:4:0:3|O33:0:0:0,experiments/issue-32/results/trials/uct-10000-self-play/uct-10000-self-play-0003.trl
uct-10000-self-play,4,320103,UCT,UCT,10000,-1.0,true,NaturalEnd,1,72,24,3275,3164,36,36,17,17,19,19,1,2,5,5,3,0,advantage_objectives,S00:0:0:0|S01:0:0:0|S02:1:1:0|S03:0:0:0|S04:0:0:0|S10:0:0:0|S11:3:3:2|S12:1:1:0|S13:1:1:0|S14:0:1:1|S20:2:0:1|S21:4:2:3|S22:4:2:3|S23:2:1:2|S24:0:0:0|S30:1:1:0|S31:0:2:2|S32:2:0:1|S33:1:1:0|S34:2:0:1|S40:0:0:0|S41:0:0:0|S42:0:0:0|S43:0:0:0|S44:0:1:1|O00:1:1:0|O01:3:3:1|O02:3:3:0|O03:1:1:0|O10:3:3:0|O11:3:3:2|O12:4:0:3|O13:4:0:3|O20:4:0:3|O21:4:0:3|O22:4:0:3|O23:0:1:1|O30:1:1:0|O31:0:0:0|O32:0:0:0|O33:3:3:0,experiments/issue-32/results/trials/uct-10000-self-play/uct-10000-self-play-0004.trl
uct-10000-self-play,5,320104,UCT,UCT,10000,-1.0,true,NaturalEnd,1,72,24,3160,2642,36,36,21,21,15,15,3,2,5,4,0,3,secured_objectives,S00:0:0:0|S01:0:0:0|S02:0:0:0|S03:2:0:1|S04:0:0:0|S10:0:0:0|S11:3:3:2|S12:1:2:1|S13:3:3:2|S14:0:0:0|S20:0:0:0|S21:0:2:2|S22:0:1:1|S23:3:3:2|S24:0:0:0|S30:0:1:1|S31:4:2:3|S32:4:2:3|S33:0:2:2|S34:0:0:0|S40:0:0:0|S41:0:0:0|S42:0:0:0|S43:0:0:0|S44:2:0:1|O00:3:3:0|O01:3:3:0|O02:3:3:0|O03:0:0:0|O10:3:3:0|O11:3:3:0|O12:0:0:0|O13:0:0:0|O20:2:0:1|O21:4:0:3|O22:4:0:3|O23:2:0:1|O30:2:0:1|O31:4:0:3|O32:4:0:3|O33:0:0:0,experiments/issue-32/results/trials/uct-10000-self-play/uct-10000-self-play-0005.trl
uct-10000-self-play,6,320105,UCT,UCT,10000,-1.0,true,NaturalEnd,0,72,24,3237,3237,36,36,18,18,18,18,3,2,5,5,2,2,draw,S00:2:0:1|S01:0:1:1|S02:0:0:0|S03:0:0:0|S04:0:0:0|S10:0:0:0|S11:0:2:2|S12:1:1:0|S13:3:3:2|S14:0:0:0|S20:0:0:0|S21:2:0:1|S22:3:3:2|S23:0:0:0|S24:0:0:0|S30:0:0:0|S31:3:3:2|S32:4:2:3|S33:0:1:1|S34:0:0:0|S40:0:0:0|S41:0:0:0|S42:4:2:3|S43:0:0:0|S44:0:0:0|O00:2:0:2|O01:4:1:3|O02:3:3:0|O03:1:1:0|O10:4:0:3|O11:4:0:3|O12:3:3:0|O13:3:3:0|O20:2:0:1|O21:3:3:0|O22:4:0:3|O23:0:0:0|O30:1:1:0|O31:3:3:0|O32:4:0:3|O33:0:0:0,experiments/issue-32/results/trials/uct-10000-self-play/uct-10000-self-play-0006.trl
uct-10000-self-play,7,320106,UCT,UCT,10000,-1.0,true,NaturalEnd,0,72,24,2607,2607,36,36,19,19,17,17,2,2,4,4,2,2,draw,S00:0:0:0|S01:1:1:0|S02:2:0:1|S03:0:0:0|S04:0:0:0|S10:0:0:0|S11:4:2:3|S12:0:1:1|S13:0:1:1|S14:0:1:1|S20:1:1:0|S21:0:2:2|S22:0:0:0|S23:4:2:3|S24:0:0:0|S30:0:0:0|S31:3:3:2|S32:0:1:1|S33:3:3:2|S34:0:1:1|S40:2:0:1|S41:0:0:0|S42:0:0:0|S43:0:0:0|S44:0:0:0|O00:4:0:3|O01:4:0:3|O02:4:0:3|O03:1:2:0|O10:4:0:3|O11:2:0:2|O12:3:3:0|O13:2:0:1|O20:3:3:0|O21:3:3:0|O22:0:1:1|O23:0:0:0|O30:0:1:1|O31:3:3:0|O32:1:1:0|O33:0:0:0,experiments/issue-32/results/trials/uct-10000-self-play/uct-10000-self-play-0007.trl
uct-10000-self-play,8,320107,UCT,UCT,10000,-1.0,true,NaturalEnd,2,72,24,3199,3236,36,36,19,19,17,17,2,2,5,5,1,2,advantage_objectives,S00:0:0:0|S01:2:0:1|S02:0:0:0|S03:0:0:0|S04:0:0:0|S10:0:0:0|S11:4:2:3|S12:0:1:1|S13:4:2:3|S14:0:0:0|S20:0:0:0|S21:0:2:2|S22:3:3:2|S23:0:2:2|S24:0:0:0|S30:0:0:0|S31:0:1:1|S32:0:1:1|S33:3:3:2|S34:1:2:1|S40:0:0:0|S41:0:0:0|S42:0:0:0|S43:0:0:0|S44:0:0:0|O00:4:0:3|O01:4:0:3|O02:2:0:1|O03:2:0:1|O10:4:0:3|O11:4:0:3|O12:4:0:3|O13:1:2:0|O20:0:0:0|O21:3:3:0|O22:3:3:0|O23:3:3:0|O30:0:0:0|O31:0:0:0|O32:3:3:0|O33:3:3:0,experiments/issue-32/results/trials/uct-10000-self-play/uct-10000-self-play-0008.trl
uct-10000-self-play,9,320108,UCT,UCT,10000,-1.0,true,NaturalEnd,1,72,24,3868,3237,36,36,16,18,20,18,1,1,6,5,2,2,secured_objectives,S00:2:0:1|S01:1:1:0|S02:0:0:0|S03:0:0:0|S04:0:0:0|S10:2:0:2|S11:0:1:1|S12:0:2:2|S13:1:2:1|S14:1:1:0|S20:2:0:1|S21:3:3:2|S22:0:1:1|S23:0:0:0|S24:0:0:0|S30:1:1:0|S31:4:2:3|S32:2:1:2|S33:0:1:1|S34:0:0:0|S40:0:0:0|S41:0:0:0|S42:2:0:1|S43:0:0:0|S44:0:0:0|O00:2:0:2|O01:3:3:0|O02:3:3:0|O03:1:1:0|O10:1:1:0|O11:3:3:0|O12:3:3:0|O13:3:3:0|O20:4:0:3|O21:4:0:3|O22:4:0:3|O23:0:0:0|O30:3:3:0|O31:4:0:3|O32:4:0:3|O33:2:0:1,experiments/issue-32/results/trials/uct-10000-self-play/uct-10000-self-play-0009.trl
uct-10000-self-play,10,320109,UCT,UCT,10000,-1.0,true,NaturalEnd,1,72,24,2606,2566,36,36,20,23,16,13,1,3,4,4,2,1,advantage_objectives,S00:0:0:0|S01:0:0:0|S02:0:0:0|S03:2:1:2|S04:0:0:0|S10:0:0:0|S11:0:1:1|S12:0:0:0|S13:4:2:3|S14:0:1:1|S20:1:1:0|S21:0:0:0|S22:0:2:2|S23:4:2:3|S24:1:2:1|S30:4:1:3|S31:3:3:2|S32:2:0:1|S33:0:2:2|S34:0:0:0|S40:0:0:0|S41:0:2:2|S42:0:0:0|S43:0:0:0|S44:0:0:0|O00:0:0:0|O01:0:0:0|O02:4:0:3|O03:4:2:3|O10:1:1:0|O11:0:0:0|O12:4:0:3|O13:3:3:0|O20:3:3:0|O21:0:0:0|O22:4:0:3|O23:3:3:0|O30:3:3:0|O31:1:1:0|O32:2:0:1|O33:0:0:0,experiments/issue-32/results/trials/uct-10000-self-play/uct-10000-self-play-0010.trl
uct-10000-self-play,11,320110,UCT,UCT,10000,-1.0,true,NaturalEnd,1,72,24,3276,3163,36,36,16,18,20,18,1,1,5,5,3,0,advantage_objectives,S00:0:0:0|S01:0:0:0|S02:2:0:1|S03:0:0:0|S04:0:0:0|S10:1:1:0|S11:0:1:1|S12:2:1:2|S13:2:0:1|S14:0:0:0|S20:0:1:1|S21:3:3:2|S22:2:1:2|S23:0:1:1|S24:0:0:0|S30:1:1:0|S31:0:1:1|S32:0:1:1|S33:4:2:3|S34:0:0:0|S40:0:0:0|S41:1:2:1|S42:0:0:0|S43:2:0:1|S44:0:0:0|O00:1:1:0|O01:4:0:3|O02:4:0:3|O03:0:0:0|O10:3:3:0|O11:4:0:3|O12:3:3:0|O13:1:1:0|O20:3:3:0|O21:3:3:0|O22:4:1:3|O23:1:2:1|O30:3:3:2|O31:0:0:0|O32:4:0:3|O33:0:0:0,experiments/issue-32/results/trials/uct-10000-self-play/uct-10000-self-play-0011.trl
uct-10000-self-play,12,320111,UCT,UCT,10000,-1.0,true,NaturalEnd,1,72,24,2529,2010,36,36,23,24,13,12,3,1,4,3,0,3,secured_objectives,S00:2:0:1|S01:0:0:0|S02:2:1:2|S03:3:3:2|S04:0:0:0|S10:0:0:0|S11:1:2:1|S12:3:3:2|S13:0:2:2|S14:0:0:0|S20:0:0:0|S21:2:1:2|S22:4:2:3|S23:3:3:2|S24:0:0:0|S30:2:0:1|S31:0:2:2|S32:1:2:1|S33:0:0:0|S34:0:0:0|S40:0:1:1|S41:0:1:1|S42:0:0:0|S43:2:0:1|S44:0:0:0|O00:2:0:1|O01:3:3:0|O02:2:0:1|O03:0:0:0|O10:0:0:0|O11:4:0:3|O12:3:3:0|O13:3:3:0|O20:4:0:3|O21:4:1:3|O22:3:3:0|O23:0:0:0|O30:2:0:1|O31:0:0:0|O32:0:0:0|O33:0:0:0,experiments/issue-32/results/trials/uct-10000-self-play/uct-10000-self-play-0012.trl
uct-10000-self-play,13,320112,UCT,UCT,10000,-1.0,true,NaturalEnd,2,72,24,1974,2011,36,36,23,23,13,13,2,2,3,3,2,3,advantage_objectives,S00:0:1:1|S01:0:0:0|S02:0:0:0|S03:0:0:0|S04:0:0:0|S10:0:1:1|S11:0:2:2|S12:0:1:1|S13:0:1:1|S14:0:0:0|S20:0:2:2|S21:4:2:3|S22:3:3:2|S23:3:3:2|S24:0:2:2|S30:0:0:0|S31:0:1:1|S32:0:1:1|S33:4:2:3|S34:0:0:0|S40:0:0:0|S41:0:0:0|S42:0:0:0|S43:0:1:1|S44:0:0:0|O00:1:1:0|O01:0:0:0|O02:2:0:1|O03:0:0:0|O10:4:0:3|O11:3:3:0|O12:3:3:0|O13:4:0:3|O20:2:1:2|O21:1:2:0|O22:3:3:0|O23:4:0:3|O30:0:0:0|O31:0:0:0|O32:0:0:0|O33:2:0:1,experiments/issue-32/results/trials/uct-10000-self-play/uct-10000-self-play-0013.trl
uct-10000-self-play,14,320113,UCT,UCT,10000,-1.0,true,NaturalEnd,1,72,24,2642,2569,36,36,21,20,15,16,2,2,4,4,3,1,advantage_objectives,S00:0:0:0|S01:2:0:1|S02:2:1:2|S03:0:1:1|S04:0:0:0|S10:0:0:0|S11:2:1:2|S12:3:3:2|S13:3:3:2|S14:0:0:0|S20:0:1:1|S21:4:2:3|S22:4:2:3|S23:0:1:1|S24:0:0:0|S30:1:1:0|S31:0:1:1|S32:1:1:0|S33:1:2:1|S34:0:0:0|S40:0:0:0|S41:1:1:0|S42:0:0:0|S43:0:0:0|S44:0:0:0|O00:0:0:0|O01:4:0:3|O02:3:3:2|O03:1:1:0|O10:4:0:3|O11:4:0:3|O12:3:3:0|O13:0:0:0|O20:2:0:2|O21:4:0:3|O22:3:3:0|O23:1:1:0|O30:1:1:0|O31:3:3:0|O32:0:0:0|O33:0:0:0,experiments/issue-32/results/trials/uct-10000-self-play/uct-10000-self-play-0014.trl
uct-10000-self-play,15,320114,UCT,UCT,10000,-1.0,true,NaturalEnd,1,72,24,2049,1977,36,36,22,20,14,16,2,3,3,3,4,2,advantage_objectives,S00:0:0:0|S01:0:0:0|S02:1:1:0|S03:1:2:1|S04:0:0:0|S10:0:0:0|S11:4:2:3|S12:3:3:2|S13:3:3:2|S14:2:0:1|S20:0:0:0|S21:0:2:2|S22:4:2:3|S23:4:2:3|S24:0:0:0|S30:0:0:0|S31:0:1:1|S32:0:1:1|S33:1:1:0|S34:1:1:0|S40:0:0:0|S41:2:0:1|S42:0:0:0|S43:1:1:0|S44:0:0:0|O00:0:0:0|O01:1:1:0|O02:3:3:2|O03:1:1:0|O10:0:0:0|O11:3:3:2|O12:4:0:3|O13:1:2:1|O20:0:0:0|O21:4:0:3|O22:4:0:3|O23:2:0:1|O30:0:0:0|O31:2:0:1|O32:1:1:0|O33:3:3:0,experiments/issue-32/results/trials/uct-10000-self-play/uct-10000-self-play-0015.trl
uct-10000-self-play,16,320115,UCT,UCT,10000,-1.0,true,NaturalEnd,1,72,24,3199,2567,36,36,19,22,17,14,1,2,5,4,1,1,secured_objectives,S00:0:0:0|S01:0:0:0|S02:0:0:0|S03:2:0:1|S04:0:0:0|S10:0:0:0|S11:0:1:1|S12:4:2:3|S13:4:2:3|S14:2:0:1|S20:0:0:0|S21:0:0:0|S22:2:1:2|S23:0:1:1|S24:1:2:1|S30:0:0:0|S31:0:1:1|S32:3:3:2|S33:0:2:2|S34:0:1:1|S40:0:1:1|S41:0:1:1|S42:0:0:0|S43:2:0:1|S44:1:1:0|O00:0:0:0|O01:4:0:3|O02:4:0:3|O03:2:0:2|O10:0:0:0|O11:4:0:3|O12:4:0:3|O13:0:0:0|O20:0:0:0|O21:3:3:0|O22:3:3:0|O23:3:3:0|O30:1:2:0|O31:3:3:0|O32:0:0:0|O33:3:3:0,experiments/issue-32/results/trials/uct-10000-self-play/uct-10000-self-play-0016.trl
uct-10000-self-play,17,320116,UCT,UCT,10000,-1.0,true,NaturalEnd,1,72,24,3275,2644,36,36,17,19,19,17,1,2,5,4,3,3,secured_objectives,S00:0:0:0|S01:2:0:1|S02:0:0:0|S03:0:0:0|S04:2:0:1|S10:1:1:0|S11:4:2:3|S12:0:1:1|S13:3:3:2|S14:0:0:0|S20:0:1:1|S21:0:1:1|S22:0:1:1|S23:0:1:1|S24:0:0:0|S30:0:0:0|S31:0:1:1|S32:0:1:1|S33:0:1:1|S34:0:0:0|S40:0:0:0|S41:0:0:0|S42:4:2:3|S43:0:1:1|S44:0:0:0|O00:2:0:2|O01:4:0:3|O02:1:1:0|O03:0:0:0|O10:3:3:0|O11:4:0:3|O12:2:0:2|O13:3:3:0|O20:3:3:0|O21:3:3:0|O22:4:0:3|O23:3:3:0|O30:1:1:0|O31:2:0:1|O32:4:0:3|O33:1:2:0,experiments/issue-32/results/trials/uct-10000-self-play/uct-10000-self-play-0017.trl
uct-10000-self-play,18,320117,UCT,UCT,10000,-1.0,true,NaturalEnd,1,72,24,3199,2568,36,36,19,21,17,15,3,2,5,4,1,1,secured_objectives,S00:2:0:1|S01:0:0:0|S02:0:0:0|S03:2:0:1|S04:0:0:0|S10:2:1:2|S11:3:3:2|S12:0:1:1|S13:0:0:0|S14:0:0:0|S20:0:0:0|S21:4:2:3|S22:4:2:3|S23:2:1:2|S24:0:0:0|S30:0:0:0|S31:3:3:2|S32:0:2:2|S33:3:3:2|S34:0:0:0|S40:1:1:0|S41:0:0:0|S42:0:0:0|S43:0:0:0|S44:0:0:0|O00:3:3:2|O01:3:3:0|O02:0:0:0|O03:0:0:0|O10:4:0:3|O11:3:3:0|O12:2:0:1|O13:0:0:0|O20:4:0:3|O21:4:0:3|O22:4:1:3|O23:1:1:0|O30:3:3:0|O31:3:3:0|O32:0:0:0|O33:0:0:0,experiments/issue-32/results/trials/uct-10000-self-play/uct-10000-self-play-0018.trl
uct-10000-self-play,19,320118,UCT,UCT,10000,-1.0,true,NaturalEnd,2,72,24,2608,2681,36,36,18,19,18,17,1,2,4,4,2,4,advantage_objectives,S00:2:0:1|S01:1:2:0|S02:0:0:0|S03:0:0:0|S04:0:0:0|S10:1:1:0|S11:3:3:2|S12:1:2:1|S13:4:2:3|S14:0:0:0|S20:0:0:0|S21:1:1:0|S22:2:1:2|S23:4:2:3|S24:2:0:1|S30:0:0:0|S31:0:2:2|S32:0:1:1|S33:2:1:2|S34:0:0:0|S40:0:0:0|S41:0:0:0|S42:0:0:0|S43:2:0:1|S44:0:0:0|O00:3:3:0|O01:3:3:0|O02:4:0:3|O03:2:1:2|O10:3:3:0|O11:3:3:0|O12:4:2:3|O13:4:0:3|O20:0:0:0|O21:1:1:0|O22:4:0:3|O23:2:0:1|O30:0:0:0|O31:1:2:0|O32:2:0:1|O33:2:0:1,experiments/issue-32/results/trials/uct-10000-self-play/uct-10000-self-play-0019.trl
uct-10000-self-play,20,320119,UCT,UCT,10000,-1.0,true,NaturalEnd,1,72,24,3275,3199,36,36,17,19,19,17,1,1,5,5,3,1,advantage_objectives,S00:0:0:0|S01:0:0:0|S02:2:0:1|S03:0:0:0|S04:0:0:0|S10:2:1:2|S11:1:1:0|S12:2:1:2|S13:4:2:3|S14:0:0:0|S20:0:0:0|S21:0:2:2|S22:0:1:1|S23:2:0:2|S24:0:0:0|S30:0:0:0|S31:1:2:1|S32:3:3:2|S33:0:2:2|S34:0:1:1|S40:0:0:0|S41:0:0:0|S42:0:0:0|S43:1:1:0|S44:0:0:0|O00:1:1:0|O01:1:1:0|O02:4:0:3|O03:4:0:3|O10:2:1:2|O11:0:0:0|O12:4:0:3|O13:4:0:3|O20:0:0:0|O21:3:3:0|O22:3:3:0|O23:4:0:3|O30:1:1:0|O31:3:3:0|O32:3:3:0|O33:3:3:0,experiments/issue-32/results/trials/uct-10000-self-play/uct-10000-self-play-0020.trl
uct-10000-self-play,21,320120,UCT,UCT,10000,-1.0,true,NaturalEnd,1,72,24,3871,3202,36,36,13,16,23,20,1,0,6,5,2,1,secured_objectives,S00:0:0:0|S01:2:0:1|S02:0:0:0|S03:2:0:1|S04:0:0:0|S10:0:0:0|S11:3:3:2|S12:0:0:0|S13:0:0:0|S14:2:0:1|S20:2:1:2|S21:0:1:1|S22:1:1:0|S23:0:1:1|S24:0:1:1|S30:2:0:1|S31:2:1:2|S32:0:1:1|S33:0:1:1|S34:1:1:0|S40:0:0:0|S41:0:0:0|S42:1:1:0|S43:2:0:1|S44:0:0:0|O00:3:3:0|O01:1:1:0|O02:4:0:3|O03:4:0:3|O10:0:2:2|O11:3:3:0|O12:3:3:0|O13:1:2:0|O20:2:0:2|O21:3:3:0|O22:3:3:0|O23:3:3:1|O30:4:0:3|O31:0:0:0|O32:4:0:3|O33:4:0:3,experiments/issue-32/results/trials/uct-10000-self-play/uct-10000-self-play-0021.trl
uct-10000-self-play,22,320121,UCT,UCT,10000,-1.0,true,NaturalEnd,1,72,24,3274,3199,36,36,18,19,18,17,2,1,5,5,3,1,advantage_objectives,S00:0:0:0|S01:0:0:0|S02:2:0:1|S03:0:1:1|S04:0:0:0|S10:0:0:0|S11:4:2:3|S12:0:1:1|S13:0:2:2|S14:2:0:1|S20:2:0:1|S21:2:0:1|S22:3:3:2|S23:3:3:2|S24:1:1:0|S30:0:0:0|S31:0:1:1|S32:1:2:1|S33:2:1:2|S34:0:0:0|S40:0:0:0|S41:1:1:0|S42:0:0:0|S43:0:0:0|S44:0:0:0|O00:4:0:3|O01:4:0:3|O02:2:0:2|O03:0:0:0|O10:4:0:3|O11:4:0:3|O12:3:3:0|O13:3:3:0|O20:4:0:3|O21:3:3:0|O22:3:3:0|O23:3:3:0|O30:1:1:0|O31:1:1:0|O32:1:1:0|O33:0:0:0,experiments/issue-32/results/trials/uct-10000-self-play/uct-10000-self-play-0022.trl
uct-10000-self-play,23,320122,UCT,UCT,10000,-1.0,true,NaturalEnd,1,72,24,3274,2606,36,36,18,20,18,16,2,1,5,4,3,2,secured_objectives,S00:0:0:0|S01:0:0:0|S02:0:0:0|S03:0:1:1|S04:0:0:0|S10:0:0:0|S11:3:3:2|S12:0:2:2|S13:4:2:3|S14:0:0:0|S20:0:0:0|S21:0:1:1|S22:1:1:0|S23:2:1:2|S24:2:0:1|S30:2:0:1|S31:0:2:2|S32:0:1:1|S33:3:3:2|S34:0:0:0|S40:0:0:0|S41:2:1:2|S42:0:0:0|S43:0:0:0|S44:0:0:0|O00:1:1:0|O01:3:3:0|O02:4:0:3|O03:4:0:3|O10:3:3:0|O11:3:3:0|O12:4:0:3|O13:4:0:3|O20:0:0:0|O21:1:1:0|O22:3:3:0|O23:2:0:2|O30:0:0:0|O31:2:0:2|O32:3:3:0|O33:1:1:0,experiments/issue-32/results/trials/uct-10000-self-play/uct-10000-self-play-0023.trl
uct-10000-self-play,24,320123,UCT,UCT,10000,-1.0,true,NaturalEnd,1,72,24,3792,3237,36,36,18,18,18,18,0,3,6,5,0,2,secured_objectives,S00:1:1:0|S01:0:0:0|S02:1:2:1|S03:0:0:0|S04:0:0:0|S10:0:0:0|S11:0:1:1|S12:4:2:3|S13:0:1:1|S14:0:0:0|S20:0:0:0|S21:4:2:3|S22:1:1:0|S23:0:1:1|S24:0:0:0|S30:1:1:0|S31:4:2:3|S32:1:2:1|S33:0:1:1|S34:0:0:0|S40:0:0:0|S41:0:0:0|S42:2:1:2|S43:2:0:1|S44:0:0:0|O00:3:3:0|O01:4:0:3|O02:2:0:1|O03:0:0:0|O10:4:0:3|O11:3:3:0|O12:3:3:0|O13:0:0:0|O20:4:0:3|O21:4:0:3|O22:3:3:0|O23:3:3:0|O30:4:0:3|O31:2:0:2|O32:3:3:0|O33:0:0:0,experiments/issue-32/results/trials/uct-10000-self-play/uct-10000-self-play-0024.trl
uct-10000-self-play,25,320124,UCT,UCT,10000,-1.0,true,NaturalEnd,1,72,24,3275,2608,36,36,17,18,19,18,0,2,5,4,3,2,secured_objectives,S00:0:0:0|S01:0:0:0|S02:0:1:1|S03:1:1:0|S04:0:0:0|S10:0:0:0|S11:1:1:0|S12:0:1:1|S13:4:2:3|S14:0:0:0|S20:0:0:0|S21:0:2:2|S22:1:1:0|S23:2:1:2|S24:0:0:0|S30:0:0:0|S31:0:1:1|S32:4:2:3|S33:1:1:0|S34:2:0:1|S40:0:0:0|S41:2:0:1|S42:0:2:2|S43:0:1:1|S44:0:0:0|O00:1:1:0|O01:3:3:0|O02:4:0:3|O03:0:0:0|O10:1:1:0|O11:3:3:0|O12:4:0:3|O13:4:0:3|O20:1:1:0|O21:3:3:0|O22:3:3:2|O23:4:1:3|O30:0:0:0|O31:2:0:2|O32:2:0:2|O33:3:3:0,experiments/issue-32/results/trials/uct-10000-self-play/uct-10000-self-play-0025.trl
uct-10000-self-play,26,320125,UCT,UCT,10000,-1.0,true,NaturalEnd,2,72,24,1974,2528,36,36,23,24,13,12,2,1,3,4,2,0,secured_objectives,S00:0:0:0|S01:0:0:0|S02:0:0:0|S03:0:1:1|S04:0:2:2|S10:0:0:0|S11:2:1:2|S12:0:2:2|S13:4:2:3|S14:0:1:1|S20:2:0:1|S21:3:3:2|S22:0:2:2|S23:0:2:2|S24:2:0:1|S30:0:0:0|S31:3:3:2|S32:0:2:2|S33:0:1:1|S34:0:0:0|S40:0:0:0|S41:0:0:0|S42:1:1:0|S43:0:0:0|S44:0:0:0|O00:1:1:0|O01:0:0:0|O02:3:3:0|O03:4:2:3|O10:0:0:0|O11:3:3:0|O12:4:0:3|O13:4:0:3|O20:0:0:0|O21:3:3:0|O22:4:0:3|O23:0:0:0|O30:1:1:0|O31:0:0:0|O32:0:0:0|O33:0:0:0,experiments/issue-32/results/trials/uct-10000-self-play/uct-10000-self-play-0026.trl
uct-10000-self-play,27,320126,UCT,UCT,10000,-1.0,true,NaturalEnd,0,72,24,3832,3832,36,36,15,15,21,21,1,2,6,6,1,1,draw,S00:1:1:0|S01:1:1:0|S02:0:0:0|S03:0:0:0|S04:0:0:0|S10:0:0:0|S11:1:1:0|S12:2:0:1|S13:1:1:0|S14:0:0:0|S20:0:0:0|S21:4:2:3|S22:1:2:1|S23:3:3:2|S24:0:0:0|S30:2:0:1|S31:4:2:3|S32:0:0:0|S33:2:0:1|S34:2:0:1|S40:0:0:0|S41:0:0:0|S42:0:1:1|S43:0:1:1|S44:0:0:0|O00:3:3:0|O01:0:1:1|O02:1:2:0|O03:0:0:0|O10:4:0:3|O11:3:3:0|O12:3:3:0|O13:3:3:0|O20:4:0:3|O21:4:0:3|O22:3:3:0|O23:3:3:0|O30:4:0:3|O31:4:0:3|O32:2:0:2|O33:4:0:3,experiments/issue-32/results/trials/uct-10000-self-play/uct-10000-self-play-0027.trl
uct-10000-self-play,28,320127,UCT,UCT,10000,-1.0,true,NaturalEnd,2,72,24,3199,3236,36,36,19,19,17,17,2,2,5,5,1,2,advantage_objectives,S00:0:0:0|S01:0:0:0|S02:0:0:0|S03:2:0:1|S04:0:0:0|S10:0:0:0|S11:0:2:2|S12:0:1:1|S13:0:1:1|S14:0:0:0|S20:0:1:1|S21:4:2:3|S22:4:2:3|S23:3:3:2|S24:0:0:0|S30:2:0:1|S31:0:1:1|S32:3:3:2|S33:0:1:1|S34:1:1:0|S40:0:0:0|S41:0:0:0|S42:1:1:0|S43:0:0:0|S44:0:0:0|O00:0:0:0|O01:0:0:0|O02:0:0:0|O03:2:0:1|O10:4:0:3|O11:4:0:3|O12:4:0:3|O13:3:3:0|O20:4:0:3|O21:4:0:3|O22:3:3:0|O23:3:3:0|O30:2:0:1|O31:3:3:0|O32:3:3:0|O33:1:2:0,experiments/issue-32/results/trials/uct-10000-self-play/uct-10000-self-play-0028.trl
uct-10000-self-play,29,320128,UCT,UCT,10000,-1.0,true,NaturalEnd,1,72,24,3274,2569,36,36,18,20,18,16,2,2,5,4,3,1,secured_objectives,S00:0:0:0|S01:1:1:0|S02:0:0:0|S03:0:1:1|S04:0:0:0|S10:0:0:0|S11:4:2:3|S12:0:2:2|S13:1:1:0|S14:0:0:0|S20:2:0:1|S21:0:1:1|S22:3:3:2|S23:4:2:3|S24:0:0:0|S30:0:0:0|S31:2:0:1|S32:3:3:2|S33:2:1:2|S34:0:0:0|S40:0:0:0|S41:0:0:0|S42:2:0:1|S43:0:1:1|S44:0:0:0|O00:1:1:0|O01:2:0:2|O02:3:3:0|O03:3:3:0|O10:4:0:3|O11:4:0:3|O12:3:3:1|O13:3:3:0|O20:0:0:0|O21:1:1:0|O22:3:3:1|O23:4:0:3|O30:0:0:0|O31:1:1:0|O32:4:0:3|O33:0:0:0,experiments/issue-32/results/trials/uct-10000-self-play/uct-10000-self-play-0029.trl
uct-10000-self-play,30,320129,UCT,UCT,10000,-1.0,true,NaturalEnd,1,72,24,3831,3200,36,36,16,18,20,18,2,3,6,5,1,1,secured_objectives,S00:2:0:1|S01:0:0:0|S02:0:0:0|S03:0:0:0|S04:1:1:0|S10:0:0:0|S11:3:3:2|S12:1:1:0|S13:0:0:0|S14:0:0:0|S20:2:0:1|S21:4:2:3|S22:0:0:0|S23:2:1:2|S24:0:0:0|S30:0:0:0|S31:4:2:3|S32:3:3:2|S33:4:2:3|S34:2:0:1|S40:1:1:0|S41:0:0:0|S42:0:0:0|S43:0:0:0|S44:0:0:0|O00:3:3:0|O01:3:3:0|O02:0:0:0|O03:0:0:0|O10:3:3:0|O11:3:3:2|O12:0:0:0|O13:2:0:1|O20:4:0:3|O21:4:0:3|O22:1:2:0|O23:4:0:3|O30:4:0:3|O31:3:3:0|O32:3:3:0|O33:4:0:3,experiments/issue-32/results/trials/uct-10000-self-play/uct-10000-self-play-0030.trl
uct-10000-self-play,31,320130,UCT,UCT,10000,-1.0,true,NaturalEnd,1,72,24,5056,3831,36,36,12,16,24,20,0,1,8,6,0,1,secured_objectives,S00:0:1:1|S01:2:0:2|S02:0:0:0|S03:2:0:1|S04:2:0:1|S10:1:1:0|S11:1:2:1|S12:1:1:0|S13:2:1:2|S14:2:0:1|S20:1:1:0|S21:0:1:1|S22:0:1:1|S23:2:0:1|S24:2:0:1|S30:0:0:0|S31:1:1:0|S32:0:0:0|S33:4:2:3|S34:0:0:0|S40:0:0:0|S41:0:0:0|S42:0:0:0|S43:0:0:0|S44:0:0:0|O00:3:3:0|O01:3:3:0|O02:3:3:0|O03:4:0:3|O10:3:3:0|O11:3:3:0|O12:4:0:3|O13:4:0:3|O20:3:3:0|O21:3:3:0|O22:4:0:3|O23:4:0:3|O30:0:0:0|O31:3:3:0|O32:4:0:3|O33:2:0:2,experiments/issue-32/results/trials/uct-10000-self-play/uct-10000-self-play-0031.trl
uct-10000-self-play,32,320131,UCT,UCT,10000,-1.0,true,NaturalEnd,2,72,24,2014,2568,36,36,20,21,16,15,2,2,3,4,3,1,secured_objectives,S00:0:0:0|S01:0:0:0|S02:0:0:0|S03:0:0:0|S04:1:1:0|S10:0:0:0|S11:0:1:1|S12:4:2:3|S13:4:2:3|S14:0:1:1|S20:0:1:1|S21:0:1:1|S22:3:3:2|S23:3:3:2|S24:0:0:0|S30:0:1:1|S31:0:1:1|S32:2:1:2|S33:0:0:0|S34:0:0:0|S40:0:0:0|S41:1:2:1|S42:0:0:0|S43:0:0:0|S44:2:0:2|O00:1:1:0|O01:4:0:3|O02:4:0:3|O03:0:0:0|O10:1:2:0|O11:3:3:0|O12:4:0:3|O13:4:2:3|O20:3:3:0|O21:3:3:2|O22:0:0:0|O23:0:0:0|O30:1:2:0|O31:0:0:0|O32:2:0:1|O33:0:0:0,experiments/issue-32/results/trials/uct-10000-self-play/uct-10000-self-play-0032.trl
uct-10000-self-play,33,320132,UCT,UCT,10000,-1.0,true,NaturalEnd,0,72,24,3236,3236,36,36,19,19,17,17,2,2,5,5,2,2,draw,S00:0:0:0|S01:0:0:0|S02:0:0:0|S03:0:0:0|S04:0:0:0|S10:0:0:0|S11:3:3:2|S12:3:3:2|S13:0:2:2|S14:0:0:0|S20:0:0:0|S21:2:1:2|S22:0:1:1|S23:4:2:3|S24:0:1:1|S30:0:0:0|S31:4:2:3|S32:0:2:2|S33:0:0:0|S34:0:0:0|S40:0:0:0|S41:1:2:1|S42:0:0:0|S43:0:0:0|S44:0:0:0|O00:1:1:0|O01:3:3:0|O02:1:1:0|O03:0:0:0|O10:3:3:0|O11:3:3:0|O12:3:3:0|O13:2:0:1|O20:4:0:3|O21:4:0:3|O22:4:0:3|O23:4:0:3|O30:3:3:0|O31:4:0:3|O32:2:0:1|O33:0:0:0,experiments/issue-32/results/trials/uct-10000-self-play/uct-10000-self-play-0033.trl
uct-10000-self-play,34,320133,UCT,UCT,10000,-1.0,true,NaturalEnd,2,72,24,2643,3160,36,36,20,21,16,15,3,1,4,5,3,0,secured_objectives,S00:0:0:0|S01:0:0:0|S02:0:1:1|S03:0:0:0|S04:0:0:0|S10:2:0:2|S11:0:1:1|S12:4:2:3|S13:3:3:2|S14:0:0:0|S20:2:0:1|S21:0:1:1|S22:0:0:0|S23:0:2:2|S24:0:0:0|S30:0:0:0|S31:3:3:2|S32:0:1:1|S33:3:3:2|S34:0:1:1|S40:0:0:0|S41:0:0:0|S42:0:1:1|S43:2:0:1|S44:1:1:0|O00:0:0:0|O01:0:0:0|O02:4:0:3|O03:3:3:0|O10:4:0:3|O11:4:0:3|O12:4:0:3|O13:3:3:0|O20:1:1:0|O21:3:3:0|O22:0:0:0|O23:0:0:0|O30:1:2:0|O31:3:3:0|O32:4:0:3|O33:1:1:0,experiments/issue-32/results/trials/uct-10000-self-play/uct-10000-self-play-0034.trl
uct-10000-self-play,35,320134,UCT,UCT,10000,-1.0,true,NaturalEnd,2,72,24,2532,3162,36,36,20,19,16,17,3,3,4,5,0,0,secured_objectives,S00:0:0:0|S01:0:0:0|S02:0:0:0|S03:1:1:0|S04:0:0:0|S10:1:1:0|S11:0:0:0|S12:0:0:0|S13:0:0:0|S14:1:1:0|S20:0:0:0|S21:3:3:2|S22:3:3:2|S23:4:2:3|S24:0:0:0|S30:2:0:1|S31:4:2:3|S32:3:3:2|S33:4:2:3|S34:1:1:0|S40:0:0:0|S41:0:1:1|S42:2:0:1|S43:0:0:0|S44:2:0:1|O00:0:0:0|O01:0:0:0|O02:0:0:0|O03:0:0:0|O10:3:3:0|O11:3:3:0|O12:3:3:0|O13:4:0:3|O20:0:1:1|O21:3:3:0|O22:4:2:3|O23:4:0:3|O30:0:0:0|O31:4:0:3|O32:0:1:1|O33:4:0:3,experiments/issue-32/results/trials/uct-10000-self-play/uct-10000-self-play-0035.trl
uct-10000-self-play,36,320135,UCT,UCT,10000,-1.0,true,NaturalEnd,1,72,24,2646,2605,36,36,17,21,19,15,1,3,4,4,3,2,advantage_objectives,S00:2:0:1|S01:0:0:0|S02:0:0:0|S03:1:1:0|S04:0:0:0|S10:0:0:0|S11:2:0:1|S12:3:3:2|S13:4:2:3|S14:0:0:0|S20:0:0:0|S21:0:2:2|S22:4:2:3|S23:2:1:2|S24:0:1:1|S30:0:0:0|S31:0:1:1|S32:4:2:3|S33:1:2:1|S34:0:0:0|S40:0:0:0|S41:2:0:1|S42:0:0:0|S43:0:0:0|S44:0:0:0|O00:0:0:0|O01:1:1:0|O02:3:3:0|O03:2:0:2|O10:0:0:0|O11:3:3:0|O12:3:3:0|O13:4:0:3|O20:1:2:0|O21:4:0:3|O22:4:2:3|O23:2:0:1|O30:0:0:0|O31:4:0:3|O32:1:2:0|O33:3:3:0,experiments/issue-32/results/trials/uct-10000-self-play/uct-10000-self-play-0036.trl
uct-10000-self-play,37,320136,UCT,UCT,10000,-1.0,true,NaturalEnd,2,72,24,3200,3237,36,36,18,18,18,18,0,2,5,5,1,2,advantage_objectives,S00:0:0:0|S01:1:1:0|S02:0:0:0|S03:2:1:2|S04:0:0:0|S10:0:0:0|S11:1:2:1|S12:1:2:1|S13:4:2:3|S14:0:0:0|S20:0:0:0|S21:0:1:1|S22:1:1:0|S23:4:2:3|S24:0:0:0|S30:0:0:0|S31:2:1:2|S32:0:1:1|S33:0:2:2|S34:0:0:0|S40:0:0:0|S41:0:1:1|S42:0:1:1|S43:0:0:0|S44:0:0:0|O00:3:3:0|O01:3:3:0|O02:4:2:3|O03:2:0:1|O10:1:1:0|O11:3:3:0|O12:3:3:0|O13:4:0:3|O20:0:0:0|O21:3:3:0|O22:4:0:3|O23:4:0:3|O30:0:0:0|O31:2:0:2|O32:4:0:3|O33:0:0:0,experiments/issue-32/results/trials/uct-10000-self-play/uct-10000-self-play-0037.trl
uct-10000-self-play,38,320137,UCT,UCT,10000,-1.0,true,NaturalEnd,2,72,24,2016,2050,36,36,18,21,18,15,1,2,3,3,3,4,advantage_objectives,S00:0:0:0|S01:0:2:2|S02:2:0:1|S03:0:1:1|S04:0:0:0|S10:1:1:0|S11:3:3:2|S12:0:1:1|S13:0:1:1|S14:0:0:0|S20:0:0:0|S21:0:1:1|S22:4:2:3|S23:0:2:2|S24:0:0:0|S30:0:1:1|S31:2:0:1|S32:0:1:1|S33:4:2:3|S34:2:0:1|S40:0:0:0|S41:0:0:0|S42:0:0:0|S43:0:0:0|S44:0:0:0|O00:0:2:2|O01:1:1:0|O02:1:2:0|O03:0:0:0|O10:3:3:0|O11:3:3:0|O12:4:0:3|O13:2:0:1|O20:3:3:0|O21:4:0:3|O22:4:2:3|O23:2:0:1|O30:1:2:0|O31:2:0:1|O32:2:0:1|O33:0:0:0,experiments/issue-32/results/trials/uct-10000-self-play/uct-10000-self-play-0038.trl
uct-10000-self-play,39,320138,UCT,UCT,10000,-1.0,true,NaturalEnd,2,72,24,3830,3831,36,36,17,16,19,20,2,3,6,6,1,1,objective_pieces,S00:0:0:0|S01:0:0:0|S02:1:1:0|S03:0:0:0|S04:0:0:0|S10:0:0:0|S11:4:2:3|S12:3:3:2|S13:3:3:2|S14:0:0:0|S20:0:0:0|S21:4:2:3|S22:0:1:1|S23:1:2:1|S24:0:0:0|S30:0:0:0|S31:0:0:0|S32:0:0:0|S33:4:2:3|S34:0:0:0|S40:0:0:0|S41:0:0:0|S42:0:1:1|S43:0:0:0|S44:0:0:0|O00:4:0:3|O01:3:3:0|O02:3:3:0|O03:3:3:0|O10:4:0:3|O11:4:0:3|O12:3:3:0|O13:3:3:0|O20:2:0:2|O21:4:0:3|O22:1:1:0|O23:3:3:0|O30:0:0:0|O31:0:0:0|O32:4:0:3|O33:4:0:3,experiments/issue-32/results/trials/uct-10000-self-play/uct-10000-self-play-0039.trl
uct-10000-self-play,40,320139,UCT,UCT,10000,-1.0,true,NaturalEnd,1,72,24,3870,3832,36,36,14,15,22,21,0,1,6,6,2,1,advantage_objectives,S00:0:0:0|S01:0:0:0|S02:0:0:0|S03:0:1:1|S04:2:1:2|S10:1:1:0|S11:4:2:3|S12:0:0:0|S13:0:2:2|S14:0:0:0|S20:0:0:0|S21:1:2:0|S22:1:1:0|S23:2:0:1|S24:0:0:0|S30:0:0:0|S31:0:1:1|S32:0:1:1|S33:2:0:1|S34:0:0:0|S40:0:0:0|S41:2:0:1|S42:0:1:1|S43:0:1:1|S44:0:0:0|O00:4:0:3|O01:4:0:3|O02:4:0:3|O03:2:0:2|O10:3:3:0|O11:3:3:0|O12:4:0:3|O13:4:0:3|O20:3:3:0|O21:3:3:0|O22:3:3:0|O23:4:0:3|O30:1:2:0|O31:3:3:0|O32:1:2:1|O33:0:0:0,experiments/issue-32/results/trials/uct-10000-self-play/uct-10000-self-play-0040.trl
uct-10000-self-play,41,320140,UCT,UCT,10000,-1.0,true,NaturalEnd,1,72,24,3238,3160,36,36,17,21,19,15,1,2,5,5,2,0,advantage_objectives,S00:0:0:0|S01:0:0:0|S02:0:0:0|S03:1:1:0|S04:2:0:1|S10:0:0:0|S11:2:1:2|S12:1:2:0|S13:4:2:3|S14:2:0:1|S20:0:0:0|S21:2:0:1|S22:2:0:1|S23:4:2:3|S24:0:0:0|S30:2:0:1|S31:0:2:2|S32:0:1:1|S33:3:3:2|S34:0:1:1|S40:0:0:0|S41:0:0:0|S42:0:1:1|S43:0:1:1|S44:0:0:0|O00:0:0:0|O01:3:3:0|O02:1:1:0|O03:4:1:3|O10:1:2:0|O11:3:3:0|O12:4:0:3|O13:4:0:3|O20:4:0:3|O21:4:0:3|O22:3:3:0|O23:3:3:0|O30:0:0:0|O31:0:0:0|O32:3:3:0|O33:0:0:0,experiments/issue-32/results/trials/uct-10000-self-play/uct-10000-self-play-0041.trl
uct-10000-self-play,42,320141,UCT,UCT,10000,-1.0,true,NaturalEnd,2,72,24,2643,3161,36,36,20,20,16,16,1,3,4,5,3,0,secured_objectives,S00:0:0:0|S01:0:0:0|S02:0:0:0|S03:1:1:0|S04:2:0:1|S10:0:0:0|S11:0:1:1|S12:1:2:1|S13:4:2:3|S14:4:2:3|S20:2:0:1|S21:4:2:3|S22:0:2:2|S23:1:1:0|S24:0:0:0|S30:0:0:0|S31:3:3:2|S32:0:2:2|S33:0:1:1|S34:0:0:0|S40:0:0:0|S41:0:0:0|S42:0:0:0|S43:1:1:0|S44:0:0:0|O00:0:0:0|O01:0:0:0|O02:1:2:1|O03:4:0:3|O10:4:0:3|O11:4:0:3|O12:3:3:0|O13:4:0:3|O20:4:0:3|O21:3:3:0|O22:3:3:0|O23:3:3:0|O30:0:0:0|O31:1:1:0|O32:0:0:0|O33:1:1:0,experiments/issue-32/results/trials/uct-10000-self-play/uct-10000-self-play-0042.trl
uct-10000-self-play,43,320142,UCT,UCT,10000,-1.0,true,NaturalEnd,2,72,24,3237,3239,36,36,18,16,18,20,2,1,5,5,2,2,objective_pieces,S00:0:0:0|S01:0:0:0|S02:0:0:0|S03:0:0:0|S04:0:0:0|S10:0:0:0|S11:1:2:0|S12:0:1:1|S13:0:2:2|S14:2:0:1|S20:1:1:0|S21:3:3:2|S22:3:3:2|S23:2:1:2|S24:0:0:0|S30:2:0:1|S31:4:2:3|S32:1:1:0|S33:0:1:1|S34:0:0:0|S40:0:0:0|S41:0:0:0|S42:0:1:1|S43:0:0:0|S44:0:0:0|O00:1:1:0|O01:1:1:0|O02:2:0:1|O03:4:0:3|O10:3:3:0|O11:3:3:0|O12:3:3:2|O13:4:0:3|O20:4:1:3|O21:4:0:3|O22:3:3:0|O23:4:0:3|O30:0:0:0|O31:2:0:1|O32:3:3:1|O33:0:0:0,experiments/issue-32/results/trials/uct-10000-self-play/uct-10000-self-play-0043.trl
uct-10000-self-play,44,320143,UCT,UCT,10000,-1.0,true,NaturalEnd,0,72,24,3831,3831,36,36,16,16,20,20,1,3,6,6,1,1,draw,S00:0:0:0|S01:0:1:1|S02:0:0:0|S03:0:1:1|S04:0:0:0|S10:0:0:0|S11:0:1:1|S12:0:0:0|S13:0:1:1|S14:0:0:0|S20:2:0:1|S21:4:2:3|S22:1:1:0|S23:3:3:1|S24:0:0:0|S30:0:0:0|S31:4:2:3|S32:4:1:3|S33:0:1:1|S34:0:0:0|S40:0:0:0|S41:0:0:0|S42:1:1:0|S43:1:1:0|S44:0:0:0|O00:2:0:2|O01:0:0:0|O02:1:1:0|O03:0:0:0|O10:4:0:3|O11:4:1:3|O12:3:3:0|O13:3:3:0|O20:4:0:3|O21:4:0:3|O22:3:3:0|O23:3:3:0|O30:4:0:3|O31:4:0:3|O32:3:3:0|O33:3:3:0,experiments/issue-32/results/trials/uct-10000-self-play/uct-10000-self-play-0044.trl
uct-10000-self-play,45,320144,UCT,UCT,10000,-1.0,true,NaturalEnd,1,72,24,3792,2050,36,36,18,21,18,15,2,3,6,3,0,4,secured_objectives,S00:2:0:1|S01:2:0:1|S02:2:0:1|S03:0:0:0|S04:0:0:0|S10:0:0:0|S11:4:2:3|S12:3:3:2|S13:3:3:2|S14:1:1:0|S20:1:2:0|S21:2:1:2|S22:4:2:3|S23:1:1:0|S24:0:0:0|S30:0:0:0|S31:4:2:3|S32:2:1:2|S33:0:0:0|S34:0:0:0|S40:0:0:0|S41:0:0:0|S42:0:0:0|S43:2:0:1|S44:0:0:0|O00:2:0:1|O01:3:3:2|O02:3:3:0|O03:3:3:0|O10:0:0:0|O11:3:3:0|O12:3:3:0|O13:3:3:0|O20:2:0:1|O21:4:0:3|O22:4:0:3|O23:0:0:0|O30:2:0:1|O31:4:0:3|O32:2:0:1|O33:0:0:0,experiments/issue-32/results/trials/uct-10000-self-play/uct-10000-self-play-0045.trl
uct-10000-self-play,46,320145,UCT,UCT,10000,-1.0,true,NaturalEnd,2,72,24,2608,2643,36,36,18,20,18,16,2,3,4,4,2,3,advantage_objectives,S00:0:0:0|S01:0:1:1|S02:0:0:0|S03:1:1:0|S04:0:0:0|S10:0:0:0|S11:2:0:1|S12:4:2:3|S13:1:1:0|S14:2:0:1|S20:0:0:0|S21:3:3:2|S22:3:3:2|S23:0:0:0|S24:0:0:0|S30:0:0:0|S31:2:1:2|S32:4:2:3|S33:4:2:3|S34:0:0:0|S40:0:0:0|S41:0:2:2|S42:0:0:0|S43:0:0:0|S44:0:0:0|O00:2:0:1|O01:4:0:3|O02:2:0:1|O03:1:1:0|O10:0:1:1|O11:3:3:0|O12:3:3:0|O13:0:0:0|O20:3:3:0|O21:4:0:3|O22:4:2:3|O23:0:0:0|O30:3:3:0|O31:1:2:0|O32:4:0:3|O33:2:0:1,experiments/issue-32/results/trials/uct-10000-self-play/uct-10000-self-play-0046.trl
uct-10000-self-play,47,320146,UCT,UCT,10000,-1.0,true,NaturalEnd,2,72,24,3199,3792,36,36,19,18,17,18,1,3,5,6,1,0,secured_objectives,S00:2:0:1|S01:0:0:0|S02:0:0:0|S03:0:0:0|S04:0:0:0|S10:2:0:1|S11:3:3:2|S12:4:2:3|S13:4:2:3|S14:1:1:0|S20:1:2:0|S21:1:2:1|S22:0:0:0|S23:0:1:1|S24:0:0:0|S30:0:0:0|S31:1:2:1|S32:1:1:0|S33:4:2:3|S34:2:0:1|S40:1:1:0|S41:0:0:0|S42:2:0:1|S43:0:0:0|S44:0:0:0|O00:3:3:0|O01:4:0:3|O02:4:0:3|O03:4:1:3|O10:3:3:0|O11:3:3:0|O12:4:0:3|O13:3:3:0|O20:3:3:0|O21:0:0:0|O22:4:0:3|O23:0:0:0|O30:1:1:0|O31:0:0:0|O32:0:0:0|O33:4:0:3,experiments/issue-32/results/trials/uct-10000-self-play/uct-10000-self-play-0047.trl
uct-10000-self-play,48,320147,UCT,UCT,10000,-1.0,true,NaturalEnd,2,72,24,3202,3237,36,36,16,18,20,18,3,2,5,5,1,2,advantage_objectives,S00:2:0:1|S01:0:0:0|S02:2:0:1|S03:0:0:0|S04:0:0:0|S10:0:0:0|S11:0:0:0|S12:0:0:0|S13:2:1:2|S14:0:0:0|S20:1:1:0|S21:3:3:2|S22:2:0:1|S23:3:3:2|S24:0:0:0|S30:0:0:0|S31:4:2:3|S32:3:3:2|S33:4:2:3|S34:0:0:0|S40:0:0:0|S41:0:0:0|S42:0:1:1|S43:0:0:0|S44:0:0:0|O00:0:0:0|O01:0:0:0|O02:0:0:0|O03:2:0:1|O10:3:3:0|O11:4:0:3|O12:3:3:0|O13:3:3:0|O20:4:0:3|O21:4:2:3|O22:3:3:0|O23:1:2:1|O30:4:0:3|O31:3:3:0|O32:2:0:1|O33:4:1:3,experiments/issue-32/results/trials/uct-10000-self-play/uct-10000-self-play-0048.trl
uct-10000-self-play,49,320148,UCT,UCT,10000,-1.0,true,NaturalEnd,1,72,24,3792,3198,36,36,18,20,18,16,1,3,6,5,0,1,secured_objectives,S00:0:0:0|S01:0:0:0|S02:0:0:0|S03:2:0:1|S04:0:0:0|S10:2:0:1|S11:0:1:1|S12:4:2:3|S13:2:1:2|S14:0:0:0|S20:0:0:0|S21:4:2:3|S22:0:1:1|S23:0:1:1|S24:0:0:0|S30:2:0:1|S31:4:2:3|S32:3:3:2|S33:1:2:1|S34:1:1:0|S40:0:0:0|S41:1:1:0|S42:0:0:0|S43:0:0:0|S44:1:1:0|O00:0:0:0|O01:2:0:1|O02:4:0:3|O03:0:0:0|O10:4:0:3|O11:4:0:3|O12:0:0:0|O13:0:0:0|O20:4:0:3|O21:4:0:3|O22:3:3:0|O23:3:3:0|O30:3:3:0|O31:3:3:0|O32:3:3:0|O33:3:3:0,experiments/issue-32/results/trials/uct-10000-self-play/uct-10000-self-play-0049.trl
uct-10000-self-play,50,320149,UCT,UCT,10000,-1.0,true,NaturalEnd,1,72,24,2643,2605,36,36,20,21,16,15,2,2,4,4,3,2,advantage_objectives,S00:2:0:1|S01:0:0:0|S02:0:0:0|S03:0:0:0|S04:0:0:0|S10:0:0:0|S11:1:2:1|S12:3:3:2|S13:0:2:2|S14:0:1:1|S20:0:0:0|S21:1:2:1|S22:3:3:2|S23:0:2:2|S24:0:0:0|S30:2:0:1|S31:0:1:1|S32:4:2:3|S33:4:2:3|S34:0:0:0|S40:0:0:0|S41:0:0:0|S42:0:0:0|S43:2:0:1|S44:0:0:0|O00:1:1:0|O01:1:2:0|O02:0:0:0|O03:0:0:0|O10:3:3:0|O11:3:3:0|O12:3:3:0|O13:2:0:2|O20:1:1:0|O21:3:3:0|O22:4:0:3|O23:4:0:3|O30:0:0:0|O31:4:0:3|O32:4:0:3|O33:2:0:1,experiments/issue-32/results/trials/uct-10000-self-play/uct-10000-self-play-0050.trl
uct-10000-self-play,51,320150,UCT,UCT,10000,-1.0,true,NaturalEnd,2,72,24,2681,3160,36,36,19,21,17,15,1,3,4,5,4,0,secured_objectives,S00:0:0:0|S01:0:0:0|S02:0:0:0|S03:0:0:0|S04:0:0:0|S10:1:2:0|S11:2:1:2|S12:0:2:2|S13:3:3:2|S14:2:0:1|S20:0:0:0|S21:1:1:0|S22:0:1:1|S23:4:2:3|S24:0:0:0|S30:0:0:0|S31:2:1:2|S32:0:1:1|S33:4:2:3|S34:0:0:0|S40:0:0:0|S41:4:2:3|S42:0:1:1|S43:0:0:0|S44:0:0:0|O00:0:0:0|O01:1:1:0|O02:0:0:0|O03:3:3:0|O10:1:1:0|O11:1:1:0|O12:4:0:3|O13:3:3:0|O20:0:0:0|O21:3:3:0|O22:3:3:0|O23:4:0:3|O30:4:0:3|O31:1:2:0|O32:4:0:3|O33:4:0:3,experiments/issue-32/results/trials/uct-10000-self-play/uct-10000-self-play-0051.trl
uct-10000-self-play,52,320151,UCT,UCT,10000,-1.0,true,NaturalEnd,1,72,24,3199,2606,36,36,19,20,17,16,1,2,5,4,1,2,secured_objectives,S00:0:0:0|S01:1:1:0|S02:1:1:0|S03:0:0:0|S04:0:0:0|S10:0:1:1|S11:0:2:2|S12:2:1:2|S13:0:2:2|S14:0:0:0|S20:0:0:0|S21:0:1:1|S22:0:0:0|S23:4:2:3|S24:4:2:3|S30:2:0:1|S31:0:2:2|S32:2:0:1|S33:3:3:2|S34:0:0:0|S40:0:0:0|S41:0:0:0|S42:0:0:0|S43:1:1:0|S44:0:0:0|O00:2:0:2|O01:3:3:0|O02:3:3:0|O03:1:1:0|O10:0:0:0|O11:0:0:0|O12:0:1:1|O13:4:0:3|O20:0:0:0|O21:4:0:3|O22:3:3:0|O23:4:0:3|O30:2:0:1|O31:4:0:3|O32:3:3:0|O33:3:3:0,experiments/issue-32/results/trials/uct-10000-self-play/uct-10000-self-play-0052.trl
uct-10000-self-play,53,320152,UCT,UCT,10000,-1.0,true,NaturalEnd,1,72,24,3792,3199,36,36,18,19,18,17,2,2,6,5,0,1,secured_objectives,S00:1:1:0|S01:0:0:0|S02:0:0:0|S03:0:0:0|S04:0:0:0|S10:0:0:0|S11:0:1:1|S12:0:0:0|S13:0:1:1|S14:0:0:0|S20:2:0:1|S21:0:2:2|S22:3:3:2|S23:2:1:2|S24:0:1:1|S30:0:0:0|S31:4:2:3|S32:4:2:3|S33:3:3:2|S34:0:0:0|S40:0:0:0|S41:2:0:1|S42:1:1:0|S43:0:0:0|S44:0:0:0|O00:3:3:0|O01:0:0:0|O02:0:0:0|O03:0:0:0|O10:2:0:2|O11:3:3:0|O12:3:3:0|O13:0:0:0|O20:4:0:3|O21:4:0:3|O22:3:3:0|O23:3:3:0|O30:4:0:3|O31:4:0:3|O32:4:0:3|O33:3:3:0,experiments/issue-32/results/trials/uct-10000-self-play/uct-10000-self-play-0053.trl
uct-10000-self-play,54,320153,UCT,UCT,10000,-1.0,true,NaturalEnd,1,72,24,3276,3199,36,36,16,19,20,17,1,2,5,5,3,1,advantage_objectives,S00:0:0:0|S01:2:0:1|S02:0:0:0|S03:0:0:0|S04:2:0:1|S10:0:0:0|S11:2:1:2|S12:3:3:2|S13:4:2:3|S14:0:0:0|S20:0:0:0|S21:0:0:0|S22:1:1:0|S23:0:1:1|S24:0:0:0|S30:2:0:1|S31:2:0:1|S32:1:2:1|S33:4:2:3|S34:2:0:1|S40:0:0:0|S41:1:1:0|S42:0:1:1|S43:1:2:1|S44:0:0:0|O00:4:0:3|O01:4:0:3|O02:3:3:0|O03:4:0:3|O10:0:0:0|O11:3:3:0|O12:4:0:3|O13:4:0:3|O20:0:0:0|O21:3:3:0|O22:3:3:0|O23:2:0:1|O30:1:1:0|O31:1:2:0|O32:3:3:0|O33:1:2:1,experiments/issue-32/results/trials/uct-10000-self-play/uct-10000-self-play-0054.trl
uct-10000-self-play,55,320154,UCT,UCT,10000,-1.0,true,NaturalEnd,1,72,24,3239,2720,36,36,16,17,20,19,2,2,5,4,2,5,secured_objectives,S00:0:0:0|S01:0:0:0|S02:0:0:0|S03:0:1:1|S04:2:0:1|S10:0:0:0|S11:3:3:2|S12:3:3:2|S13:2:0:1|S14:0:0:0|S20:1:1:0|S21:4:2:3|S22:4:2:3|S23:0:0:0|S24:0:0:0|S30:0:0:0|S31:1:2:1|S32:0:0:0|S33:0:1:1|S34:0:1:1|S40:0:0:0|S41:0:0:0|S42:0:0:0|S43:2:0:1|S44:0:0:0|O00:3:3:0|O01:3:3:1|O02:3:3:0|O03:2:0:1|O10:4:2:3|O11:3:3:0|O12:4:0:3|O13:2:0:1|O20:3:3:0|O21:4:1:3|O22:4:0:3|O23:2:0:2|O30:1:1:0|O31:1:1:0|O32:2:0:1|O33:2:0:1,experiments/issue-32/results/trials/uct-10000-self-play/uct-10000-self-play-0055.trl
uct-10000-self-play,56,320155,UCT,UCT,10000,-1.0,true,NaturalEnd,2,72,24,2646,2683,36,36,17,17,19,19,1,2,4,4,3,4,advantage_objectives,S00:0:0:0|S01:1:1:0|S02:0:0:0|S03:2:0:1|S04:0:0:0|S10:0:0:0|S11:0:1:1|S12:0:1:1|S13:4:2:3|S14:0:0:0|S20:0:0:0|S21:1:2:1|S22:0:1:1|S23:0:1:1|S24:0:0:0|S30:0:0:0|S31:3:3:2|S32:0:2:2|S33:4:2:3|S34:0:0:0|S40:2:0:1|S41:1:1:0|S42:0:0:0|S43:0:0:0|S44:0:0:0|O00:1:1:0|O01:1:2:0|O02:0:0:0|O03:2:0:1|O10:3:3:0|O11:2:0:2|O12:4:0:3|O13:2:0:2|O20:3:3:0|O21:3:3:0|O22:4:0:3|O23:4:0:3|O30:1:2:0|O31:3:3:0|O32:4:2:3|O33:2:0:2,experiments/issue-32/results/trials/uct-10000-self-play/uct-10000-self-play-0056.trl
uct-10000-self-play,57,320156,UCT,UCT,10000,-1.0,true,NaturalEnd,2,72,24,2012,3160,36,36,22,21,14,15,3,2,3,5,3,0,secured_objectives,S00:0:0:0|S01:0:0:0|S02:0:0:0|S03:3:3:2|S04:0:1:1|S10:0:0:0|S11:4:2:3|S12:4:2:3|S13:0:2:2|S14:0:1:1|S20:0:0:0|S21:3:3:2|S22:2:1:2|S23:1:2:1|S24:0:0:0|S30:1:1:0|S31:3:3:2|S32:0:0:0|S33:0:0:0|S34:0:0:0|S40:2:0:1|S41:0:0:0|S42:0:1:1|S43:0:0:0|S44:0:0:0|O00:4:0:3|O01:4:0:3|O02:4:0:3|O03:1:2:0|O10:4:0:3|O11:3:3:0|O12:4:0:3|O13:0:0:0|O20:3:3:0|O21:3:3:0|O22:0:0:0|O23:1:1:0|O30:1:2:0|O31:0:0:0|O32:0:0:0|O33:0:0:0,experiments/issue-32/results/trials/uct-10000-self-play/uct-10000-self-play-0057.trl
uct-10000-self-play,58,320157,UCT,UCT,10000,-1.0,true,NaturalEnd,2,72,24,3199,3236,36,36,19,19,17,17,2,3,5,5,1,2,advantage_objectives,S00:0:0:0|S01:0:0:0|S02:0:0:0|S03:0:0:0|S04:0:0:0|S10:0:0:0|S11:0:1:1|S12:4:2:3|S13:3:3:2|S14:0:0:0|S20:0:0:0|S21:4:2:3|S22:0:1:1|S23:3:3:2|S24:1:1:0|S30:0:0:0|S31:4:2:3|S32:2:1:2|S33:0:2:2|S34:0:0:0|S40:0:0:0|S41:1:1:0|S42:0:0:0|S43:0:0:0|S44:0:0:0|O00:0:0:0|O01:4:0:3|O02:4:0:3|O03:3:3:0|O10:2:0:1|O11:4:0:3|O12:4:0:3|O13:3:3:0|O20:2:0:1|O21:3:3:0|O22:3:3:0|O23:1:2:0|O30:0:0:0|O31:4:0:3|O32:3:3:0|O33:0:0:0,experiments/issue-32/results/trials/uct-10000-self-play/uct-10000-self-play-0058.trl
uct-10000-self-play,59,320158,UCT,UCT,10000,-1.0,true,NaturalEnd,2,72,24,3312,3832,36,36,17,15,19,21,1,2,5,6,4,1,secured_objectives,S00:0:0:0|S01:0:0:0|S02:0:0:0|S03:0:1:1|S04:0:0:0|S10:0:0:0|S11:1:1:0|S12:3:3:2|S13:4:2:3|S14:0:1:1|S20:0:0:0|S21:1:1:0|S22:0:1:1|S23:4:2:3|S24:0:0:0|S30:0:0:0|S31:1:2:1|S32:0:0:0|S33:0:1:1|S34:0:0:0|S40:0:0:0|S41:1:2:1|S42:0:0:0|S43:2:0:1|S44:0:0:0|O00:1:1:0|O01:3:3:0|O02:3:3:2|O03:4:0:3|O10:3:3:0|O11:3:3:0|O12:4:0:3|O13:4:0:3|O20:3:3:0|O21:1:1:0|O22:4:0:3|O23:4:0:3|O30:1:1:0|O31:1:1:0|O32:4:0:3|O33:2:0:1,experiments/issue-32/results/trials/uct-10000-self-play/uct-10000-self-play-0059.trl
uct-10000-self-play,60,320159,UCT,UCT,10000,-1.0,true,NaturalEnd,0,72,24,3199,3199,36,36,19,19,17,17,2,3,5,5,1,1,draw,S00:1:1:0|S01:0:0:0|S02:0:0:0|S03:0:0:0|S04:0:0:0|S10:0:0:0|S11:3:3:2|S12:0:1:1|S13:0:1:1|S14:2:1:2|S20:0:0:0|S21:3:3:2|S22:4:2:3|S23:4:2:3|S24:0:0:0|S30:0:0:0|S31:0:0:0|S32:4:2:3|S33:0:1:1|S34:0:0:0|S40:1:1:0|S41:1:1:0|S42:2:0:1|S43:0:0:0|S44:0:0:0|O00:3:3:0|O01:3:3:0|O02:1:1:0|O03:2:0:2|O10:3:3:0|O11:3:3:0|O12:4:0:3|O13:4:0:3|O20:3:3:0|O21:4:1:3|O22:4:0:3|O23:4:0:3|O30:0:0:0|O31:0:0:0|O32:0:0:0|O33:0:0:0,experiments/issue-32/results/trials/uct-10000-self-play/uct-10000-self-play-0060.trl
uct-10000-self-play,61,320160,UCT,UCT,10000,-1.0,true,NaturalEnd,1,72,24,3237,3198,36,36,18,20,18,16,1,2,5,5,2,1,advantage_objectives,S00:0:0:0|S01:2:0:1|S02:0:0:0|S03:0:0:0|S04:0:0:0|S10:0:0:0|S11:0:2:2|S12:2:1:2|S13:3:3:2|S14:0:0:0|S20:0:0:0|S21:0:1:1|S22:0:2:2|S23:1:1:0|S24:0:0:0|S30:4:2:3|S31:4:2:3|S32:0:1:1|S33:0:1:1|S34:2:0:1|S40:0:0:0|S41:0:1:1|S42:1:1:0|S43:0:0:0|S44:0:0:0|O00:0:0:0|O01:4:0:3|O02:3:3:0|O03:3:3:0|O10:2:0:1|O11:4:0:3|O12:4:0:3|O13:3:3:0|O20:4:0:3|O21:1:1:0|O22:3:3:0|O23:3:3:0|O30:4:0:3|O31:1:2:0|O32:0:0:0|O33:0:0:0,experiments/issue-32/results/trials/uct-10000-self-play/uct-10000-self-play-0061.trl
uct-10000-self-play,62,320161,UCT,UCT,10000,-1.0,true,NaturalEnd,2,72,24,3274,3792,36,36,18,18,18,18,1,3,5,6,3,0,secured_objectives,S00:0:0:0|S01:0:0:0|S02:0:0:0|S03:2:0:1|S04:0:0:0|S10:0:0:0|S11:4:2:3|S12:4:2:3|S13:1:1:0|S14:2:0:1|S20:0:0:0|S21:4:2:3|S22:0:1:1|S23:1:1:0|S24:1:1:0|S30:0:0:0|S31:0:2:2|S32:3:3:2|S33:0:2:2|S34:0:0:0|S40:0:0:0|S41:0:0:0|S42:1:1:0|S43:0:0:0|S44:0:0:0|O00:4:0:3|O01:4:0:3|O02:1:1:0|O03:1:1:0|O10:4:0:3|O11:4:0:3|O12:3:3:0|O13:3:3:0|O20:4:0:3|O21:4:0:3|O22:3:3:0|O23:3:3:0|O30:0:0:0|O31:1:1:0|O32:3:3:0|O33:0:0:0,experiments/issue-32/results/trials/uct-10000-self-play/uct-10000-self-play-0062.trl
uct-10000-self-play,63,320162,UCT,UCT,10000,-1.0,true,NaturalEnd,2,72,24,3275,3792,36,36,17,18,19,18,0,2,5,6,3,0,secured_objectives,S00:0:0:0|S01:0:0:0|S02:0:1:1|S03:0:1:1|S04:0:0:0|S10:2:0:1|S11:2:1:2|S12:0:0:0|S13:2:1:2|S14:0:0:0|S20:0:0:0|S21:1:2:1|S22:1:1:0|S23:1:1:0|S24:0:0:0|S30:0:2:2|S31:4:2:3|S32:4:2:3|S33:1:2:1|S34:0:0:0|S40:1:1:0|S41:0:0:0|S42:2:0:1|S43:0:0:0|S44:0:0:0|O00:0:0:0|O01:1:1:0|O02:1:1:0|O03:1:2:0|O10:4:0:3|O11:3:3:0|O12:3:3:0|O13:3:3:0|O20:4:0:3|O21:4:0:3|O22:3:3:0|O23:3:3:0|O30:4:0:3|O31:4:0:3|O32:4:0:3|O33:0:0:0,experiments/issue-32/results/trials/uct-10000-self-play/uct-10000-self-play-0063.trl
uct-10000-self-play,64,320163,UCT,UCT,10000,-1.0,true,NaturalEnd,2,72,24,3869,4424,36,36,15,15,21,21,1,2,6,7,2,0,secured_objectives,S00:0:0:0|S01:0:0:0|S02:1:1:0|S03:0:1:1|S04:0:0:0|S10:0:0:0|S11:1:2:1|S12:0:1:1|S13:2:0:1|S14:0:0:0|S20:1:1:0|S21:3:3:2|S22:4:2:3|S23:0:0:0|S24:2:0:1|S30:0:0:0|S31:0:1:1|S32:4:2:3|S33:2:0:1|S34:1:1:0|S40:0:0:0|S41:0:0:0|S42:0:0:0|S43:0:0:0|S44:0:0:0|O00:1:2:0|O01:3:3:0|O02:3:3:0|O03:4:0:3|O10:3:3:0|O11:3:3:0|O12:4:0:3|O13:4:0:3|O20:3:3:0|O21:3:3:0|O22:4:0:3|O23:4:0:3|O30:0:0:0|O31:4:0:3|O32:4:0:3|O33:1:1:0,experiments/issue-32/results/trials/uct-10000-self-play/uct-10000-self-play-0064.trl
uct-10000-self-play,65,320164,UCT,UCT,10000,-1.0,true,NaturalEnd,1,72,24,3274,2568,36,36,18,21,18,15,2,2,5,4,3,1,secured_objectives,S00:2:0:1|S01:0:0:0|S02:0:0:0|S03:0:0:0|S04:0:0:0|S10:2:0:1|S11:2:0:1|S12:0:1:1|S13:0:1:1|S14:0:0:0|S20:0:0:0|S21:4:2:3|S22:2:1:2|S23:3:3:2|S24:0:0:0|S30:0:0:0|S31:4:2:3|S32:3:3:2|S33:0:2:2|S34:0:0:0|S40:0:1:1|S41:2:0:1|S42:0:0:0|S43:1:2:0|S44:0:0:0|O00:0:0:0|O01:0:0:0|O02:1:1:0|O03:1:1:0|O10:4:0:3|O11:4:0:3|O12:3:3:1|O13:3:3:0|O20:4:0:3|O21:4:0:3|O22:3:3:0|O23:3:3:0|O30:2:0:2|O31:3:3:0|O32:0:0:0|O33:1:1:0,experiments/issue-32/results/trials/uct-10000-self-play/uct-10000-self-play-0065.trl
uct-10000-self-play,66,320165,UCT,UCT,10000,-1.0,true,NaturalEnd,1,72,24,3237,3199,36,36,18,19,18,17,1,4,5,5,2,1,advantage_objectives,S00:0:0:0|S01:0:0:0|S02:0:0:0|S03:0:0:0|S04:0:0:0|S10:0:0:0|S11:4:2:3|S12:4:1:3|S13:2:0:1|S14:0:0:0|S20:1:1:0|S21:4:2:3|S22:0:2:2|S23:4:2:3|S24:1:1:0|S30:0:0:0|S31:3:3:2|S32:1:1:0|S33:1:2:1|S34:0:1:1|S40:0:0:0|S41:0:0:0|S42:0:0:0|S43:0:0:0|S44:0:0:0|O00:4:0:3|O01:2:0:1|O02:0:0:0|O03:0:0:0|O10:4:0:3|O11:3:3:0|O12:3:3:0|O13:4:0:3|O20:3:3:0|O21:4:0:3|O22:3:3:0|O23:4:0:3|O30:3:3:0|O31:1:1:0|O32:1:1:0|O33:0:1:1,experiments/issue-32/results/trials/uct-10000-self-play/uct-10000-self-play-0066.trl
uct-10000-self-play,67,320166,UCT,UCT,10000,-1.0,true,NaturalEnd,1,72,24,3238,3237,36,36,17,18,19,18,1,2,5,5,2,2,objective_pieces,S00:2:0:2|S01:0:0:0|S02:0:0:0|S03:0:0:0|S04:0:0:0|S10:0:0:0|S11:0:1:1|S12:1:2:1|S13:0:1:1|S14:2:0:1|S20:0:1:1|S21:0:0:0|S22:4:2:3|S23:4:2:3|S24:2:0:1|S30:1:1:0|S31:3:3:2|S32:0:1:1|S33:0:1:1|S34:1:1:0|S40:1:1:0|S41:0:0:0|S42:0:0:0|S43:0:0:0|S44:0:0:0|O00:2:0:1|O01:3:3:0|O02:3:3:0|O03:0:0:0|O10:2:0:2|O11:4:0:3|O12:4:0:3|O13:4:0:3|O20:1:1:0|O21:4:0:3|O22:4:2:3|O23:3:3:0|O30:0:0:0|O31:3:3:0|O32:3:3:0|O33:1:1:0,experiments/issue-32/results/trials/uct-10000-self-play/uct-10000-self-play-0067.trl
uct-10000-self-play,68,320167,UCT,UCT,10000,-1.0,true,NaturalEnd,1,72,24,3237,3161,36,36,18,20,18,16,2,2,5,5,2,0,advantage_objectives,S00:0:0:0|S01:0:0:0|S02:2:0:2|S03:0:0:0|S04:0:0:0|S10:0:0:0|S11:4:2:3|S12:0:2:2|S13:4:2:3|S14:0:1:1|S20:0:0:0|S21:3:3:2|S22:0:0:0|S23:0:1:1|S24:0:1:1|S30:0:0:0|S31:0:2:2|S32:3:3:2|S33:0:1:1|S34:0:0:0|S40:0:0:0|S41:0:0:0|S42:0:0:0|S43:0:0:0|S44:0:0:0|O00:4:0:3|O01:4:0:3|O02:4:0:3|O03:0:0:0|O10:3:3:1|O11:4:0:3|O12:4:0:3|O13:0:0:0|O20:1:1:0|O21:3:3:0|O22:3:3:0|O23:1:2:0|O30:0:0:0|O31:3:3:0|O32:3:3:0|O33:0:0:0,experiments/issue-32/results/trials/uct-10000-self-play/uct-10000-self-play-0068.trl
uct-10000-self-play,69,320168,UCT,UCT,10000,-1.0,true,NaturalEnd,1,72,24,4424,3869,36,36,15,15,21,21,1,2,7,6,0,2,secured_objectives,S00:0:0:0|S01:0:0:0|S02:0:0:0|S03:1:1:0|S04:0:0:0|S10:0:0:0|S11:0:0:0|S12:1:2:0|S13:0:1:1|S14:0:0:0|S20:0:0:0|S21:2:0:1|S22:4:2:3|S23:4:2:3|S24:0:0:0|S30:0:0:0|S31:3:3:2|S32:1:1:0|S33:0:2:2|S34:0:0:0|S40:0:0:0|S41:2:0:1|S42:2:0:1|S43:0:0:0|S44:0:1:1|O00:0:0:0|O01:3:3:0|O02:3:3:0|O03:3:3:0|O10:4:0:3|O11:4:0:3|O12:4:0:3|O13:2:0:1|O20:4:0:3|O21:3:3:0|O22:4:0:3|O23:4:0:3|O30:3:3:0|O31:3:3:0|O32:3:3:0|O33:2:0:2,experiments/issue-32/results/trials/uct-10000-self-play/uct-10000-self-play-0069.trl
uct-10000-self-play,70,320169,UCT,UCT,10000,-1.0,true,NaturalEnd,1,72,24,3236,3199,36,36,19,19,17,17,2,1,5,5,2,1,advantage_objectives,S00:0:0:0|S01:0:1:1|S02:0:0:0|S03:0:0:0|S04:0:0:0|S10:0:0:0|S11:0:2:2|S12:0:2:2|S13:3:3:2|S14:0:0:0|S20:2:0:1|S21:4:2:3|S22:0:2:2|S23:3:3:2|S24:0:0:0|S30:0:0:0|S31:0:1:1|S32:0:0:0|S33:0:2:2|S34:0:0:0|S40:0:0:0|S41:2:0:1|S42:1:1:0|S43:0:0:0|S44:0:0:0|O00:0:0:0|O01:4:0:3|O02:3:3:0|O03:3:3:0|O10:4:0:3|O11:4:0:3|O12:4:0:3|O13:1:1:0|O20:2:0:2|O21:4:0:3|O22:1:1:0|O23:3:3:0|O30:0:0:0|O31:3:3:0|O32:3:3:0|O33:0:0:0,experiments/issue-32/results/trials/uct-10000-self-play/uct-10000-self-play-0070.trl
uct-10000-self-play,71,320170,UCT,UCT,10000,-1.0,true,NaturalEnd,2,72,24,3275,3792,36,36,17,18,19,18,1,4,5,6,3,0,secured_objectives,S00:0:0:0|S01:0:0:0|S02:0:0:0|S03:0:0:0|S04:0:0:0|S10:1:1:0|S11:0:1:1|S12:0:1:1|S13:1:2:1|S14:1:1:0|S20:0:0:0|S21:4:2:3|S22:4:2:3|S23:0:0:0|S24:0:0:0|S30:0:0:0|S31:4:2:3|S32:4:2:3|S33:3:3:2|S34:0:0:0|S40:2:0:1|S41:0:0:0|S42:0:0:0|S43:0:0:0|S44:0:0:0|O00:0:0:0|O01:3:3:0|O02:3:3:0|O03:3:3:0|O10:4:0:3|O11:4:0:3|O12:3:3:0|O13:1:2:0|O20:4:0:3|O21:4:0:3|O22:4:0:3|O23:1:1:0|O30:0:0:0|O31:4:0:3|O32:3:3:0|O33:1:1:0,experiments/issue-32/results/trials/uct-10000-self-play/uct-10000-self-play-0071.trl
uct-10000-self-play,72,320171,UCT,UCT,10000,-1.0,true,NaturalEnd,1,72,24,3238,3161,36,36,17,20,19,16,1,1,5,5,2,0,advantage_objectives,S00:0:0:0|S01:1:1:0|S02:0:0:0|S03:0:2:2|S04:3:3:2|S10:0:0:0|S11:4:2:3|S12:2:0:1|S13:2:1:2|S14:0:1:1|S20:0:0:0|S21:2:1:2|S22:1:1:0|S23:0:2:2|S24:1:1:0|S30:0:0:0|S31:0:1:1|S32:2:1:2|S33:0:0:0|S34:2:0:1|S40:0:0:0|S41:2:0:1|S42:0:0:0|S43:0:0:0|S44:0:0:0|O00:4:0:3|O01:4:0:3|O02:4:0:3|O03:3:3:1|O10:4:0:3|O11:4:0:3|O12:3:3:0|O13:3:3:0|O20:0:0:0|O21:3:3:0|O22:3:3:0|O23:1:2:0|O30:0:0:0|O31:1:2:0|O32:0:0:0|O33:0:0:0,experiments/issue-32/results/trials/uct-10000-self-play/uct-10000-self-play-0072.trl
uct-10000-self-play,73,320172,UCT,UCT,10000,-1.0,true,NaturalEnd,2,72,24,1421,2566,36,36,21,23,15,13,3,3,2,4,4,1,secured_objectives,S00:0:0:0|S01:0:1:1|S02:1:1:0|S03:0:0:0|S04:0:0:0|S10:0:0:0|S11:0:2:2|S12:3:3:2|S13:3:3:1|S14:0:0:0|S20:2:0:2|S21:3:3:2|S22:4:2:3|S23:0:1:1|S24:0:0:0|S30:0:0:0|S31:4:2:3|S32:0:2:2|S33:4:1:3|S34:0:0:0|S40:0:0:0|S41:0:0:0|S42:2:0:1|S43:0:0:0|S44:0:0:0|O00:0:0:0|O01:3:3:0|O02:1:2:0|O03:1:1:0|O10:1:1:0|O11:3:3:0|O12:4:0:3|O13:1:1:0|O20:4:2:3|O21:4:2:3|O22:4:0:3|O23:0:0:0|O30:0:0:0|O31:2:0:1|O32:0:0:0|O33:0:0:0,experiments/issue-32/results/trials/uct-10000-self-play/uct-10000-self-play-0073.trl
uct-10000-self-play,74,320173,UCT,UCT,10000,-1.0,true,NaturalEnd,1,72,24,2644,1939,36,36,19,21,17,15,2,2,4,3,3,1,secured_objectives,S00:2:0:1|S01:0:0:0|S02:0:1:1|S03:0:0:0|S04:0:0:0|S10:1:1:0|S11:0:1:1|S12:4:2:3|S13:3:3:2|S14:0:0:0|S20:2:0:1|S21:0:2:2|S22:0:2:2|S23:3:3:2|S24:0:0:0|S30:2:0:1|S31:4:2:3|S32:0:1:1|S33:0:0:0|S34:1:1:0|S40:0:0:0|S41:2:0:1|S42:0:0:0|S43:0:0:0|S44:0:0:0|O00:0:0:0|O01:4:0:3|O02:3:3:2|O03:1:1:0|O10:0:0:0|O11:4:0:3|O12:3:3:2|O13:3:3:0|O20:2:0:2|O21:4:0:3|O22:3:3:0|O23:1:2:0|O30:0:0:0|O31:0:0:0|O32:0:0:0|O33:1:2:0,experiments/issue-32/results/trials/uct-10000-self-play/uct-10000-self-play-0074.trl
uct-10000-self-play,75,320174,UCT,UCT,10000,-1.0,true,NaturalEnd,2,72,24,3198,3199,36,36,20,19,16,17,2,3,5,5,1,1,objective_pieces,S00:0:0:0|S01:0:0:0|S02:2:0:1|S03:0:0:0|S04:0:0:0|S10:0:0:0|S11:4:2:3|S12:0:0:0|S13:0:1:1|S14:0:0:0|S20:1:1:0|S21:1:2:1|S22:3:3:2|S23:3:3:2|S24:0:0:0|S30:0:0:0|S31:1:2:1|S32:4:2:3|S33:0:1:1|S34:0:1:1|S40:0:0:0|S41:0:0:0|S42:0:0:0|S43:4:2:3|S44:0:0:0|O00:4:0:3|O01:0:0:0|O02:0:0:0|O03:0:0:0|O10:3:3:0|O11:4:0:3|O12:3:3:0|O13:3:3:0|O20:3:3:0|O21:4:0:3|O22:3:3:0|O23:1:1:0|O30:0:0:0|O31:2:0:2|O32:4:0:3|O33:4:0:3,experiments/issue-32/results/trials/uct-10000-self-play/uct-10000-self-play-0075.trl
uct-10000-self-play,76,320175,UCT,UCT,10000,-1.0,true,NaturalEnd,2,72,24,2682,3237,36,36,18,18,18,18,2,3,4,5,4,2,secured_objectives,S00:0:0:0|S01:0:0:0|S02:0:0:0|S03:0:1:1|S04:0:0:0|S10:0:0:0|S11:1:2:1|S12:0:0:0|S13:1:2:1|S14:0:0:0|S20:0:0:0|S21:4:2:3|S22:3:3:2|S23:4:2:3|S24:0:0:0|S30:0:0:0|S31:2:1:2|S32:4:2:3|S33:3:3:2|S34:0:0:0|S40:0:0:0|S41:0:0:0|S42:0:0:0|S43:0:0:0|S44:0:0:0|O00:1:1:0|O01:1:1:0|O02:1:1:0|O03:1:1:0|O10:2:0:1|O11:3:3:0|O12:4:2:3|O13:4:0:3|O20:4:0:3|O21:3:3:0|O22:4:0:3|O23:3:3:0|O30:0:0:0|O31:2:0:2|O32:4:0:3|O33:3:3:0,experiments/issue-32/results/trials/uct-10000-self-play/uct-10000-self-play-0076.trl
uct-10000-self-play,77,320176,UCT,UCT,10000,-1.0,true,NaturalEnd,1,72,24,3831,3199,36,36,16,19,20,17,1,3,6,5,1,1,secured_objectives,S00:2:0:1|S01:2:0:1|S02:0:0:0|S03:0:1:1|S04:0:0:0|S10:0:0:0|S11:4:2:3|S12:4:2:3|S13:0:1:1|S14:0:0:0|S20:0:1:1|S21:1:2:1|S22:4:2:3|S23:2:1:2|S24:0:0:0|S30:0:0:0|S31:0:0:0|S32:1:1:0|S33:3:3:2|S34:0:0:0|S40:0:0:0|S41:0:0:0|S42:0:0:0|S43:0:0:0|S44:0:0:0|O00:4:0:3|O01:4:0:3|O02:2:0:2|O03:0:0:0|O10:3:3:0|O11:4:0:3|O12:4:0:3|O13:0:0:0|O20:3:3:0|O21:4:0:3|O22:3:3:0|O23:3:3:0|O30:0:0:0|O31:1:2:0|O32:3:3:0|O33:3:3:0,experiments/issue-32/results/trials/uct-10000-self-play/uct-10000-self-play-0077.trl
uct-10000-self-play,78,320177,UCT,UCT,10000,-1.0,true,NaturalEnd,1,72,24,3276,2609,36,36,16,17,20,19,1,1,5,4,3,2,secured_objectives,S00:0:0:0|S01:0:0:0|S02:2:1:2|S03:1:1:0|S04:0:0:0|S10:0:0:0|S11:0:2:2|S12:0:1:1|S13:2:0:1|S14:0:0:0|S20:0:1:1|S21:3:3:2|S22:2:1:2|S23:4:2:3|S24:2:0:1|S30:0:1:1|S31:0:1:1|S32:1:1:0|S33:1:1:0|S34:0:0:0|S40:0:0:0|S41:0:0:0|S42:0:0:0|S43:0:0:0|S44:0:0:0|O00:0:0:0|O01:2:0:2|O02:1:1:0|O03:0:0:0|O10:2:1:2|O11:4:0:3|O12:4:0:3|O13:4:0:3|O20:3:3:2|O21:3:3:0|O22:4:0:3|O23:1:2:1|O30:1:1:0|O31:3:3:0|O32:3:3:0|O33:3:3:0,experiments/issue-32/results/trials/uct-10000-self-play/uct-10000-self-play-0078.trl
uct-10000-self-play,79,320178,UCT,UCT,10000,-1.0,true,NaturalEnd,2,72,24,2642,3160,36,36,21,21,15,15,2,2,4,5,3,0,secured_objectives,S00:0:0:0|S01:0:0:0|S02:0:0:0|S03:1:1:0|S04:0:0:0|S10:0:0:0|S11:0:1:1|S12:3:3:2|S13:0:1:1|S14:0:0:0|S20:0:0:0|S21:0:2:2|S22:4:2:3|S23:0:2:2|S24:2:0:1|S30:0:0:0|S31:3:3:2|S32:0:2:2|S33:4:2:3|S34:1:1:0|S40:0:0:0|S41:0:1:1|S42:0:0:0|S43:2:0:1|S44:0:0:0|O00:0:0:0|O01:3:3:0|O02:3:3:0|O03:1:1:0|O10:1:1:0|O11:0:0:0|O12:0:0:0|O13:0:0:0|O20:1:1:0|O21:4:0:3|O22:4:0:3|O23:4:0:3|O30:3:3:0|O31:3:3:0|O32:4:0:3|O33:4:0:3,experiments/issue-32/results/trials/uct-10000-self-play/uct-10000-self-play-0079.trl
uct-10000-self-play,80,320179,UCT,UCT,10000,-1.0,true,NaturalEnd,1,72,24,3832,3201,36,36,15,17,21,19,2,2,6,5,1,1,secured_objectives,S00:0:0:0|S01:0:0:0|S02:0:0:0|S03:2:0:1|S04:0:0:0|S10:0:0:0|S11:0:1:1|S12:2:0:2|S13:4:2:3|S14:0:0:0|S20:0:0:0|S21:0:1:1|S22:4:2:3|S23:0:1:1|S24:0:0:0|S30:0:0:0|S31:0:1:1|S32:3:3:2|S33:3:3:2|S34:1:1:0|S40:0:0:0|S41:0:0:0|S42:0:0:0|S43:0:0:0|S44:0:0:0|O00:0:0:0|O01:4:0:3|O02:4:0:3|O03:0:0:0|O10:0:2:2|O11:4:0:3|O12:4:0:3|O13:2:0:2|O20:3:3:0|O21:3:3:0|O22:4:0:3|O23:3:3:0|O30:1:1:0|O31:3:3:0|O32:3:3:0|O33:3:3:0,experiments/issue-32/results/trials/uct-10000-self-play/uct-10000-self-play-0080.trl
uct-10000-self-play,81,320180,UCT,UCT,10000,-1.0,true,NaturalEnd,1,72,24,2644,2567,36,36,19,22,17,14,2,2,4,4,3,1,advantage_objectives,S00:0:0:0|S01:0:0:0|S02:2:0:1|S03:0:1:1|S04:0:1:1|S10:0:0:0|S11:1:1:0|S12:2:0:1|S13:0:2:2|S14:0:1:1|S20:0:0:0|S21:3:3:2|S22:3:3:2|S23:2:1:2|S24:0:0:0|S30:2:0:1|S31:0:2:2|S32:4:2:3|S33:4:2:3|S34:0:0:0|S40:0:0:0|S41:0:0:0|S42:0:0:0|S43:0:0:0|S44:0:0:0|O00:0:0:0|O01:1:1:0|O02:0:0:0|O03:1:2:0|O10:3:3:0|O11:3:3:0|O12:3:3:0|O13:1:1:0|O20:0:1:1|O21:3:3:0|O22:4:0:3|O23:2:0:1|O30:0:0:0|O31:4:0:3|O32:4:0:3|O33:4:0:3,experiments/issue-32/results/trials/uct-10000-self-play/uct-10000-self-play-0081.trl
uct-10000-self-play,82,320181,UCT,UCT,10000,-1.0,true,NaturalEnd,0,72,24,3198,3198,36,36,20,20,16,16,2,3,5,5,1,1,draw,S00:0:0:0|S01:1:1:0|S02:0:0:0|S03:0:0:0|S04:0:0:0|S10:0:1:1|S11:3:3:2|S12:0:0:0|S13:4:2:3|S14:0:0:0|S20:0:0:0|S21:0:1:1|S22:0:2:2|S23:4:2:3|S24:0:0:0|S30:0:0:0|S31:3:3:2|S32:4:2:3|S33:0:1:1|S34:0:0:0|S40:0:0:0|S41:0:1:1|S42:0:1:1|S43:0:0:0|S44:0:0:0|O00:3:3:0|O01:3:3:0|O02:2:0:1|O03:0:0:0|O10:3:3:0|O11:3:3:0|O12:4:0:3|O13:4:0:3|O20:1:1:0|O21:3:3:0|O22:4:0:3|O23:4:0:3|O30:0:0:0|O31:4:0:3|O32:0:0:0|O33:0:0:0,experiments/issue-32/results/trials/uct-10000-self-play/uct-10000-self-play-0082.trl
uct-10000-self-play,83,320182,UCT,UCT,10000,-1.0,true,NaturalEnd,2,72,24,2569,2642,36,36,20,21,16,15,2,2,4,4,1,3,advantage_objectives,S00:0:1:1|S01:0:0:0|S02:0:0:0|S03:0:0:0|S04:0:0:0|S10:2:0:1|S11:0:0:0|S12:0:0:0|S13:0:2:2|S14:0:1:1|S20:2:0:1|S21:3:3:2|S22:0:0:0|S23:4:2:3|S24:2:1:2|S30:0:0:0|S31:1:2:1|S32:3:3:2|S33:4:2:3|S34:0:0:0|S40:0:0:0|S41:0:0:0|S42:0:1:1|S43:0:1:1|S44:1:1:0|O00:0:0:0|O01:0:0:0|O02:0:0:0|O03:3:3:0|O10:2:0:1|O11:0:0:0|O12:4:0:3|O13:4:2:3|O20:2:0:1|O21:3:3:0|O22:4:1:3|O23:4:0:3|O30:1:1:0|O31:3:3:0|O32:3:3:0|O33:2:0:1,experiments/issue-32/results/trials/uct-10000-self-play/uct-10000-self-play-0083.trl
uct-10000-self-play,84,320183,UCT,UCT,10000,-1.0,true,NaturalEnd,1,72,24,3238,3160,36,36,17,21,19,15,2,3,5,5,2,0,advantage_objectives,S00:0:0:0|S01:1:1:0|S02:2:0:1|S03:0:0:0|S04:0:0:0|S10:2:0:2|S11:4:2:3|S12:3:3:2|S13:2:1:2|S14:0:0:0|S20:0:0:0|S21:2:1:2|S22:0:1:1|S23:4:2:3|S24:1:1:0|S30:0:0:0|S31:3:3:2|S32:0:0:0|S33:4:2:3|S34:0:0:0|S40:0:0:0|S41:0:0:0|S42:0:0:0|S43:0:0:0|S44:0:0:0|O00:4:0:3|O01:4:0:3|O02:3:3:0|O03:1:2:0|O10:4:0:3|O11:3:3:0|O12:3:3:0|O13:0:0:0|O20:1:2:0|O21:3:3:0|O22:4:0:3|O23:4:0:3|O30:0:0:0|O31:3:3:0|O32:0:0:0|O33:0:0:0,experiments/issue-32/results/trials/uct-10000-self-play/uct-10000-self-play-0084.trl
uct-10000-self-play,85,320184,UCT,UCT,10000,-1.0,true,NaturalEnd,2,72,24,2645,3198,36,36,18,20,18,16,0,3,4,5,3,1,secured_objectives,S00:0:0:0|S01:0:0:0|S02:0:2:2|S03:0:0:0|S04:0:0:0|S10:0:0:0|S11:4:2:3|S12:0:0:0|S13:4:2:3|S14:2:0:1|S20:0:0:0|S21:4:2:3|S22:0:2:2|S23:0:1:1|S24:0:0:0|S30:1:1:0|S31:0:1:1|S32:0:1:1|S33:0:1:1|S34:1:1:0|S40:0:0:0|S41:1:1:0|S42:0:0:0|S43:0:1:1|S44:2:0:1|O00:4:0:3|O01:2:0:1|O02:1:2:0|O03:0:0:0|O10:4:0:3|O11:4:0:3|O12:4:0:3|O13:0:0:0|O20:3:3:0|O21:4:0:3|O22:3:3:0|O23:0:0:0|O30:3:3:0|O31:1:2:0|O32:3:3:0|O33:1:2:0,experiments/issue-32/results/trials/uct-10000-self-play/uct-10000-self-play-0085.trl
uct-10000-self-play,86,320185,UCT,UCT,10000,-1.0,true,NaturalEnd,2,72,24,3831,3832,36,36,16,15,20,21,2,1,6,6,1,1,objective_pieces,S00:0:0:0|S01:1:2:1|S02:0:0:0|S03:2:0:1|S04:1:1:0|S10:0:0:0|S11:1:1:0|S12:4:2:3|S13:2:1:2|S14:0:0:0|S20:0:0:0|S21:2:1:2|S22:2:0:1|S23:3:3:2|S24:0:0:0|S30:0:0:0|S31:3:3:2|S32:2:0:1|S33:1:1:0|S34:0:0:0|S40:0:0:0|S41:0:0:0|S42:1:1:0|S43:0:0:0|S44:0:0:0|O00:2:0:1|O01:4:0:3|O02:4:0:3|O03:4:0:3|O10:3:3:0|O11:3:3:0|O12:4:0:3|O13:4:0:3|O20:0:1:1|O21:4:0:3|O22:3:3:0|O23:3:3:0|O30:1:1:0|O31:3:3:0|O32:3:3:1|O33:0:0:0,experiments/issue-32/results/trials/uct-10000-self-play/uct-10000-self-play-0086.trl
uct-10000-self-play,87,320186,UCT,UCT,10000,-1.0,true,NaturalEnd,0,72,24,3199,3199,36,36,19,19,17,17,1,3,5,5,1,1,draw,S00:0:0:0|S01:0:0:0|S02:0:0:0|S03:0:0:0|S04:0:0:0|S10:0:0:0|S11:0:0:0|S12:4:2:3|S13:4:2:3|S14:0:0:0|S20:0:0:0|S21:4:2:3|S22:1:2:1|S23:0:1:1|S24:1:2:1|S30:0:1:1|S31:3:3:2|S32:2:1:2|S33:0:2:2|S34:0:0:0|S40:1:1:0|S41:0:0:0|S42:0:0:0|S43:0:0:0|S44:0:0:0|O00:0:0:0|O01:4:0:3|O02:4:0:3|O03:0:0:0|O10:2:0:1|O11:3:3:0|O12:4:0:3|O13:4:0:3|O20:4:0:3|O21:3:3:0|O22:3:3:0|O23:1:2:1|O30:3:3:0|O31:3:3:0|O32:0:0:0|O33:0:0:0,experiments/issue-32/results/trials/uct-10000-self-play/uct-10000-self-play-0087.trl
uct-10000-self-play,88,320187,UCT,UCT,10000,-1.0,true,NaturalEnd,2,72,24,2648,3277,36,36,15,15,21,21,1,2,4,5,3,3,secured_objectives,S00:1:1:0|S01:0:0:0|S02:0:0:0|S03:0:0:0|S04:0:0:0|S10:0:0:0|S11:2:1:2|S12:3:3:2|S13:4:2:3|S14:0:0:0|S20:1:1:0|S21:0:0:0|S22:0:0:0|S23:4:2:3|S24:0:0:0|S30:0:0:0|S31:0:1:1|S32:0:1:1|S33:0:1:1|S34:2:0:1|S40:0:0:0|S41:0:0:0|S42:1:2:1|S43:0:0:0|S44:0:0:0|O00:0:0:0|O01:3:3:0|O02:3:3:0|O03:2:0:2|O10:1:1:0|O11:1:2:0|O12:4:2:3|O13:4:2:3|O20:3:3:0|O21:2:0:2|O22:4:0:3|O23:4:0:3|O30:3:3:0|O31:1:2:0|O32:4:0:3|O33:2:0:2,experiments/issue-32/results/trials/uct-10000-self-play/uct-10000-self-play-0088.trl
uct-10000-self-play,89,320188,UCT,UCT,10000,-1.0,true,NaturalEnd,1,72,24,3793,3160,36,36,17,21,19,15,2,3,6,5,0,0,secured_objectives,S00:0:0:0|S01:2:0:2|S02:2:1:2|S03:0:0:0|S04:0:0:0|S10:0:0:0|S11:0:0:0|S12:3:3:2|S13:0:1:1|S14:0:0:0|S20:0:0:0|S21:0:1:1|S22:4:2:3|S23:4:2:3|S24:0:0:0|S30:0:0:0|S31:0:0:0|S32:4:2:3|S33:3:3:2|S34:0:1:1|S40:0:0:0|S41:0:0:0|S42:0:0:0|S43:0:1:1|S44:0:0:0|O00:0:0:0|O01:3:3:0|O02:3:3:0|O03:0:0:0|O10:0:0:0|O11:4:1:3|O12:3:3:0|O13:4:0:3|O20:0:0:0|O21:4:0:3|O22:4:0:3|O23:3:3:0|O30:0:0:0|O31:4:0:3|O32:3:3:0|O33:3:3:0,experiments/issue-32/results/trials/uct-10000-self-play/uct-10000-self-play-0089.trl
uct-10000-self-play,90,320189,UCT,UCT,10000,-1.0,true,NaturalEnd,2,72,24,2643,3160,36,36,20,21,16,15,0,2,4,5,3,0,secured_objectives,S00:2:0:1|S01:2:0:1|S02:2:0:1|S03:1:1:0|S04:0:1:1|S10:0:0:0|S11:0:1:1|S12:4:2:3|S13:4:2:3|S14:0:1:1|S20:0:0:0|S21:0:2:2|S22:0:2:2|S23:2:1:2|S24:0:0:0|S30:0:0:0|S31:0:2:2|S32:1:1:0|S33:1:2:1|S34:0:0:0|S40:0:0:0|S41:0:0:0|S42:0:0:0|S43:1:2:0|S44:0:0:0|O00:0:0:0|O01:4:0:3|O02:4:0:3|O03:4:0:3|O10:0:0:0|O11:1:2:0|O12:4:0:3|O13:4:0:3|O20:1:1:0|O21:3:3:0|O22:3:3:0|O23:1:1:0|O30:0:0:0|O31:3:3:0|O32:3:3:0|O33:0:0:0,experiments/issue-32/results/trials/uct-10000-self-play/uct-10000-self-play-0090.trl
uct-10000-self-play,91,320190,UCT,UCT,10000,-1.0,true,NaturalEnd,1,72,24,2646,2608,36,36,17,18,19,18,1,1,4,4,3,2,advantage_objectives,S00:0:0:0|S01:0:1:1|S02:0:0:0|S03:0:1:1|S04:0:0:0|S10:0:0:0|S11:1:1:0|S12:2:1:2|S13:0:0:0|S14:0:0:0|S20:0:0:0|S21:0:1:1|S22:1:1:0|S23:4:2:3|S24:0:0:0|S30:0:1:1|S31:0:1:1|S32:0:2:2|S33:3:3:2|S34:0:2:2|S40:0:0:0|S41:2:0:1|S42:0:0:0|S43:0:0:0|S44:2:0:1|O00:1:1:0|O01:2:0:2|O02:4:0:3|O03:2:0:2|O10:3:3:0|O11:3:3:0|O12:4:0:3|O13:4:0:3|O20:0:2:2|O21:3:3:0|O22:3:3:0|O23:4:2:3|O30:0:0:0|O31:0:0:0|O32:1:1:0|O33:1:1:0,experiments/issue-32/results/trials/uct-10000-self-play/uct-10000-self-play-0091.trl
uct-10000-self-play,92,320191,UCT,UCT,10000,-1.0,true,NaturalEnd,2,72,24,1976,2604,36,36,21,22,15,14,2,2,3,4,2,2,secured_objectives,S00:2:0:2|S01:0:0:0|S02:0:0:0|S03:0:0:0|S04:2:0:1|S10:0:0:0|S11:1:1:0|S12:1:2:1|S13:0:2:2|S14:0:0:0|S20:3:3:2|S21:4:2:3|S22:0:2:2|S23:3:3:2|S24:0:0:0|S30:0:1:1|S31:4:2:3|S32:0:2:2|S33:0:0:0|S34:0:0:0|S40:1:1:0|S41:0:0:0|S42:0:0:0|S43:0:0:0|S44:2:0:1|O00:1:1:0|O01:0:0:0|O02:0:0:0|O03:0:0:0|O10:4:0:3|O11:4:2:3|O12:3:3:0|O13:3:3:0|O20:4:2:3|O21:2:0:1|O22:3:3:0|O23:1:1:0|O30:4:0:3|O31:2:0:1|O32:0:0:0|O33:0:0:0,experiments/issue-32/results/trials/uct-10000-self-play/uct-10000-self-play-0092.trl
uct-10000-self-play,93,320192,UCT,UCT,10000,-1.0,true,NaturalEnd,2,72,24,3240,3831,36,36,15,16,21,20,0,2,5,6,2,1,secured_objectives,S00:1:1:0|S01:0:0:0|S02:0:0:0|S03:0:0:0|S04:0:0:0|S10:2:0:1|S11:0:1:1|S12:0:0:0|S13:0:1:1|S14:0:0:0|S20:0:0:0|S21:4:2:3|S22:1:2:1|S23:0:2:2|S24:0:0:0|S30:2:0:1|S31:4:2:3|S32:0:0:0|S33:0:2:2|S34:0:1:1|S40:0:0:0|S41:1:1:0|S42:0:0:0|S43:0:0:0|S44:0:0:0|O00:2:0:1|O01:0:0:0|O02:0:0:0|O03:1:2:0|O10:4:0:3|O11:4:1:3|O12:3:3:0|O13:3:3:1|O20:4:0:3|O21:4:0:3|O22:3:3:0|O23:3:3:0|O30:4:0:3|O31:4:1:3|O32:3:3:0|O33:1:2:0,experiments/issue-32/results/trials/uct-10000-self-play/uct-10000-self-play-0093.trl
uct-10000-self-play,94,320193,UCT,UCT,10000,-1.0,true,NaturalEnd,2,72,24,3869,4424,36,36,15,15,21,21,1,2,6,7,2,0,secured_objectives,S00:2:0:1|S01:2:0:1|S02:0:0:0|S03:0:0:0|S04:0:0:0|S10:0:0:0|S11:1:2:1|S12:4:2:3|S13:4:2:3|S14:0:0:0|S20:1:1:0|S21:0:0:0|S22:1:1:0|S23:0:1:1|S24:0:0:0|S30:0:0:0|S31:2:1:2|S32:3:3:2|S33:1:2:1|S34:0:0:0|S40:0:0:0|S41:0:0:0|S42:0:0:0|S43:0:0:0|S44:0:0:0|O00:4:0:3|O01:4:0:3|O02:4:0:3|O03:4:0:3|O10:3:3:0|O11:4:1:3|O12:4:0:3|O13:4:0:3|O20:1:1:0|O21:3:3:0|O22:3:3:0|O23:3:3:0|O30:0:0:0|O31:3:3:0|O32:3:3:0|O33:1:1:0,experiments/issue-32/results/trials/uct-10000-self-play/uct-10000-self-play-0094.trl
uct-10000-self-play,95,320194,UCT,UCT,10000,-1.0,true,NaturalEnd,0,72,24,2607,2607,36,36,19,19,17,17,3,2,4,4,2,2,draw,S00:0:0:0|S01:0:0:0|S02:0:1:1|S03:0:2:2|S04:0:0:0|S10:2:0:1|S11:0:1:1|S12:3:3:2|S13:4:2:3|S14:0:0:0|S20:0:0:0|S21:0:0:0|S22:2:0:1|S23:3:3:2|S24:0:0:0|S30:4:2:3|S31:3:3:2|S32:0:0:0|S33:0:1:1|S34:0:0:0|S40:0:0:0|S41:1:1:0|S42:0:0:0|S43:0:0:0|S44:0:0:0|O00:2:0:1|O01:0:0:0|O02:3:3:2|O03:2:0:1|O10:0:0:0|O11:3:3:0|O12:4:0:3|O13:4:1:3|O20:1:2:1|O21:4:1:3|O22:3:3:0|O23:3:3:0|O30:4:0:3|O31:1:1:0|O32:0:0:0|O33:0:0:0,experiments/issue-32/results/trials/uct-10000-self-play/uct-10000-self-play-0095.trl
uct-10000-self-play,96,320195,UCT,UCT,10000,-1.0,true,NaturalEnd,2,72,24,3239,3793,36,36,16,17,20,19,1,2,5,6,2,0,secured_objectives,S00:0:0:0|S01:1:1:0|S02:0:0:0|S03:2:0:1|S04:2:0:1|S10:0:0:0|S11:0:1:1|S12:0:1:1|S13:4:2:3|S14:0:0:0|S20:0:0:0|S21:0:1:1|S22:3:3:2|S23:4:2:3|S24:0:0:0|S30:1:1:0|S31:2:0:1|S32:1:2:1|S33:0:0:0|S34:0:0:0|S40:0:0:0|S41:0:0:0|S42:0:0:0|S43:1:2:1|S44:2:0:1|O00:0:0:0|O01:0:0:0|O02:4:0:3|O03:4:0:3|O10:1:2:0|O11:3:3:0|O12:4:0:3|O13:4:0:3|O20:0:1:1|O21:3:3:0|O22:3:3:0|O23:4:0:3|O30:4:0:3|O31:3:3:0|O32:3:3:0|O33:1:2:0,experiments/issue-32/results/trials/uct-10000-self-play/uct-10000-self-play-0096.trl
uct-10000-self-play,97,320196,UCT,UCT,10000,-1.0,true,NaturalEnd,2,72,24,2607,3199,36,36,19,19,17,17,2,2,4,5,2,1,secured_objectives,S00:0:0:0|S01:0:0:0|S02:2:0:1|S03:1:1:0|S04:0:0:0|S10:0:0:0|S11:0:1:1|S12:0:1:1|S13:1:1:0|S14:2:0:1|S20:0:1:1|S21:3:3:2|S22:0:1:1|S23:4:2:3|S24:0:0:0|S30:1:1:0|S31:4:2:3|S32:0:2:2|S33:3:3:2|S34:2:0:1|S40:0:0:0|S41:0:0:0|S42:0:0:0|S43:0:0:0|S44:0:0:0|O00:0:0:0|O01:0:0:0|O02:1:1:0|O03:4:1:3|O10:3:3:0|O11:3:3:0|O12:3:3:0|O13:4:1:3|O20:3:3:0|O21:4:0:3|O22:0:1:1|O23:2:0:1|O30:4:0:3|O31:4:0:3|O32:1:1:0|O33:0:0:0,experiments/issue-32/results/trials/uct-10000-self-play/uct-10000-self-play-0097.trl
uct-10000-self-play,98,320197,UCT,UCT,10000,-1.0,true,NaturalEnd,2,72,24,3831,3833,36,36,16,14,20,22,1,3,6,6,1,1,objective_pieces,S00:0:0:0|S01:0:0:0|S02:0:0:0|S03:0:0:0|S04:0:0:0|S10:1:1:0|S11:0:2:2|S12:1:1:0|S13:4:2:3|S14:1:1:0|S20:0:0:0|S21:1:1:0|S22:0:0:0|S23:4:2:3|S24:0:0:0|S30:0:0:0|S31:4:2:3|S32:3:3:2|S33:0:0:0|S34:0:0:0|S40:0:0:0|S41:1:1:0|S42:2:0:1|S43:0:0:0|S44:0:0:0|O00:3:3:0|O01:1:1:0|O02:0:1:1|O03:2:0:1|O10:3:3:0|O11:3:3:0|O12:3:3:0|O13:4:0:3|O20:4:0:3|O21:3:3:2|O22:3:3:0|O23:4:0:3|O30:4:0:3|O31:4:0:3|O32:4:0:3|O33:0:0:0,experiments/issue-32/results/trials/uct-10000-self-play/uct-10000-self-play-0098.trl
uct-10000-self-play,99,320198,UCT,UCT,10000,-1.0,true,NaturalEnd,1,72,24,3198,2569,36,36,20,20,16,16,3,1,5,4,1,1,secured_objectives,S00:0:0:0|S01:0:0:0|S02:0:0:0|S03:0:0:0|S04:0:0:0|S10:2:0:1|S11:3:3:2|S12:1:2:0|S13:2:1:2|S14:0:0:0|S20:2:0:1|S21:0:2:2|S22:3:3:2|S23:0:1:1|S24:0:0:0|S30:1:1:0|S31:3:3:2|S32:4:2:3|S33:2:1:2|S34:0:0:0|S40:2:0:1|S41:0:0:0|S42:0:1:1|S43:0:0:0|S44:0:0:0|O00:3:3:1|O01:3:3:0|O02:1:1:0|O03:0:0:0|O10:0:0:0|O11:3:3:0|O12:3:3:0|O13:2:0:1|O20:4:0:3|O21:4:0:3|O22:3:3:2|O23:0:0:0|O30:0:0:0|O31:4:0:3|O32:4:0:3|O33:0:0:0,experiments/issue-32/results/trials/uct-10000-self-play/uct-10000-self-play-0099.trl
uct-10000-self-play,100,320199,UCT,UCT,10000,-1.0,true,NaturalEnd,2,72,24,3239,3241,36,36,16,14,20,22,2,1,5,5,2,2,objective_pieces,S00:0:0:0|S01:0:0:0|S02:2:0:1|S03:0:0:0|S04:0:0:0|S10:0:0:0|S11:1:1:0|S12:0:1:1|S13:1:2:1|S14:1:1:0|S20:0:0:0|S21:3:3:2|S22:1:1:0|S23:2:0:1|S24:0:0:0|S30:0:0:0|S31:0:2:2|S32:3:3:2|S33:4:2:3|S34:0:0:0|S40:0:0:0|S41:0:0:0|S42:2:0:1|S43:0:0:0|S44:0:0:0|O00:1:1:0|O01:2:0:1|O02:2:1:2|O03:1:1:0|O10:3:3:0|O11:3:3:0|O12:3:3:0|O13:4:0:3|O20:3:3:0|O21:3:3:2|O22:4:0:3|O23:4:0:3|O30:0:0:0|O31:0:2:2|O32:4:0:3|O33:4:0:3,experiments/issue-32/results/trials/uct-10000-self-play/uct-10000-self-play-0100.trl
uct-30000-self-play,1,501000000,UCT,UCT,30000,-1.0,true,NaturalEnd,1,72,24,3831,3201,36,36,16,17,20,19,0,3,6,5,1,1,secured_objectives,S00:0:0:0|S01:0:0:0|S02:0:0:0|S03:0:0:0|S04:0:0:0|S10:0:0:0|S11:4:2:3|S12:0:1:1|S13:1:1:0|S14:0:0:0|S20:0:0:0|S21:1:2:1|S22:2:0:1|S23:1:2:1|S24:0:0:0|S30:0:1:1|S31:4:2:3|S32:4:2:3|S33:1:1:0|S34:0:0:0|S40:0:1:1|S41:2:1:2|S42:0:0:0|S43:0:0:0|S44:0:0:0|O00:0:0:0|O01:1:1:0|O02:3:3:0|O03:0:0:0|O10:0:1:1|O11:3:3:1|O12:3:3:0|O13:3:3:0|O20:4:0:3|O21:4:0:3|O22:4:0:3|O23:3:3:0|O30:2:0:2|O31:4:0:3|O32:4:0:3|O33:3:3:0,experiments/issue-47/results/production/tasks/issue-47-v1-production-uct-030000-g0001/uct-30000-self-play-0001.trl
uct-30000-self-play,2,501000001,UCT,UCT,30000,-1.0,true,NaturalEnd,1,72,24,3236,2607,36,36,19,19,17,17,3,1,5,4,2,2,secured_objectives,S00:0:0:0|S01:0:0:0|S02:2:0:1|S03:0:0:0|S04:2:0:1|S10:0:0:0|S11:2:0:1|S12:1:1:0|S13:2:1:2|S14:0:0:0|S20:0:0:0|S21:2:1:2|S22:3:3:2|S23:2:1:2|S24:0:0:0|S30:1:1:0|S31:3:3:2|S32:4:2:3|S33:3:3:2|S34:1:1:0|S40:0:0:0|S41:0:0:0|S42:0:1:1|S43:1:1:0|S44:0:0:0|O00:0:0:0|O01:1:1:0|O02:0:0:0|O03:0:0:0|O10:4:0:3|O11:3:3:0|O12:3:3:0|O13:2:0:1|O20:4:0:3|O21:4:0:3|O22:3:3:0|O23:1:1:0|O30:2:0:2|O31:4:0:3|O32:3:3:2|O33:3:3:0,experiments/issue-47/results/production/tasks/issue-47-v1-production-uct-030000-g0002/uct-30000-self-play-0002.trl
uct-30000-self-play,3,501000002,UCT,UCT,30000,-1.0,true,NaturalEnd,0,72,24,3201,3201,36,36,17,17,19,19,1,2,5,5,1,1,draw,S00:0:0:0|S01:0:0:0|S02:0:0:0|S03:0:0:0|S04:0:0:0|S10:0:0:0|S11:4:2:3|S12:0:2:2|S13:1:1:0|S14:0:0:0|S20:0:0:0|S21:0:2:2|S22:3:3:2|S23:1:2:1|S24:0:0:0|S30:2:0:1|S31:0:2:2|S32:0:1:1|S33:4:2:3|S34:0:0:0|S40:0:0:0|S41:0:0:0|S42:0:0:0|S43:0:0:0|S44:0:0:0|O00:4:0:3|O01:4:0:3|O02:2:0:2|O03:0:0:0|O10:4:2:3|O11:4:0:3|O12:4:0:3|O13:1:1:0|O20:3:3:0|O21:3:3:0|O22:3:3:1|O23:0:1:1|O30:3:3:0|O31:3:3:0|O32:0:0:0|O33:0:0:0,experiments/issue-47/results/production/tasks/issue-47-v1-production-uct-030000-g0003/uct-30000-self-play-0003.trl
uct-30000-self-play,4,501000003,UCT,UCT,30000,-1.0,true,NaturalEnd,2,72,24,3238,3792,36,36,17,18,19,18,1,2,5,6,2,0,secured_objectives,S00:0:0:0|S01:4:2:3|S02:0:0:0|S03:0:0:0|S04:0:0:0|S10:0:0:0|S11:0:2:2|S12:4:2:3|S13:0:1:1|S14:0:0:0|S20:0:0:0|S21:1:2:1|S22:0:1:1|S23:0:1:1|S24:0:1:1|S30:0:0:0|S31:0:1:1|S32:3:3:2|S33:0:1:1|S34:0:0:0|S40:2:0:1|S41:0:0:0|S42:0:0:0|S43:0:0:0|S44:0:0:0|O00:0:0:0|O01:4:0:3|O02:4:0:3|O03:0:0:0|O10:3:3:0|O11:4:0:3|O12:4:0:3|O13:4:0:3|O20:3:3:0|O21:3:3:0|O22:4:0:3|O23:0:0:0|O30:3:3:0|O31:1:2:0|O32:3:3:0|O33:1:2:0,experiments/issue-47/results/production/tasks/issue-47-v1-production-uct-030000-g0004/uct-30000-self-play-0004.trl
uct-30000-self-play,5,501000004,UCT,UCT,30000,-1.0,true,NaturalEnd,1,72,24,3199,3198,36,36,19,20,17,16,2,2,5,5,1,1,objective_pieces,S00:0:0:0|S01:0:0:0|S02:2:0:1|S03:0:0:0|S04:0:0:0|S10:0:0:0|S11:2:1:2|S12:0:1:1|S13:3:3:2|S14:0:0:0|S20:0:0:0|S21:0:1:1|S22:4:2:3|S23:4:2:3|S24:1:1:0|S30:0:0:0|S31:0:2:2|S32:0:1:1|S33:3:3:2|S34:0:0:0|S40:0:0:0|S41:0:1:1|S42:0:1:1|S43:0:0:0|S44:0:0:0|O00:2:0:1|O01:0:0:0|O02:3:3:0|O03:3:3:0|O10:0:0:0|O11:4:0:3|O12:4:0:3|O13:3:3:0|O20:0:0:0|O21:4:0:3|O22:4:0:3|O23:3:3:0|O30:0:0:0|O31:4:0:3|O32:1:2:0|O33:3:3:0,experiments/issue-47/results/production/tasks/issue-47-v1-production-uct-030000-g0005/uct-30000-self-play-0005.trl
uct-30000-self-play,6,501000005,UCT,UCT,30000,-1.0,true,NaturalEnd,1,72,24,3236,2605,36,36,19,21,17,15,3,2,5,4,2,2,secured_objectives,S00:0:0:0|S01:0:0:0|S02:0:0:0|S03:2:0:1|S04:0:0:0|S10:0:0:0|S11:2:1:2|S12:3:3:2|S13:3:3:2|S14:0:0:0|S20:0:0:0|S21:3:3:2|S22:2:0:1|S23:4:2:3|S24:0:1:1|S30:0:0:0|S31:4:2:3|S32:0:1:1|S33:0:1:1|S34:0:1:1|S40:0:0:0|S41:0:0:0|S42:0:0:0|S43:2:0:1|S44:1:1:0|O00:0:0:0|O01:1:1:0|O02:3:3:0|O03:1:1:0|O10:3:3:0|O11:3:3:0|O12:3:3:0|O13:2:0:1|O20:3:3:0|O21:4:0:3|O22:4:0:3|O23:2:0:2|O30:4:0:3|O31:4:0:3|O32:0:0:0|O33:0:0:0,experiments/issue-47/results/production/tasks/issue-47-v1-production-uct-030000-g0006/uct-30000-self-play-0006.trl
uct-30000-self-play,7,501000006,UCT,UCT,30000,-1.0,true,NaturalEnd,0,72,24,3237,3237,36,36,18,18,18,18,1,3,5,5,2,2,draw,S00:0:0:0|S01:0:0:0|S02:0:0:0|S03:0:0:0|S04:0:0:0|S10:0:0:0|S11:0:1:1|S12:1:1:0|S13:4:2:3|S14:2:0:1|S20:0:0:0|S21:0:1:1|S22:1:2:1|S23:0:2:2|S24:0:1:1|S30:1:1:0|S31:3:3:2|S32:4:2:3|S33:4:2:3|S34:0:0:0|S40:0:0:0|S41:0:0:0|S42:0:0:0|S43:0:0:0|S44:0:0:0|O00:0:0:0|O01:1:1:0|O02:1:2:0|O03:2:0:1|O10:0:0:0|O11:3:3:0|O12:3:3:0|O13:4:0:3|O20:3:3:0|O21:3:3:0|O22:4:0:3|O23:4:0:3|O30:3:3:0|O31:4:0:3|O32:4:0:3|O33:2:0:2,experiments/issue-47/results/production/tasks/issue-47-v1-production-uct-030000-g0007/uct-30000-self-play-0007.trl
uct-30000-self-play,8,501000007,UCT,UCT,30000,-1.0,true,NaturalEnd,1,72,24,3275,3162,36,36,17,19,19,17,1,2,5,5,3,0,advantage_objectives,S00:0:0:0|S01:2:0:1|S02:2:0:1|S03:0:0:0|S04:0:0:0|S10:2:0:1|S11:1:1:0|S12:1:1:0|S13:4:2:3|S14:2:0:1|S20:0:0:0|S21:0:0:0|S22:0:1:1|S23:1:1:0|S24:2:0:1|S30:0:1:1|S31:4:2:3|S32:0:1:1|S33:3:3:2|S34:1:2:1|S40:2:0:1|S41:1:1:0|S42:0:1:1|S43:0:0:0|S44:0:0:0|O00:1:1:0|O01:3:3:0|O02:4:0:3|O03:4:0:3|O10:1:1:0|O11:3:3:0|O12:3:3:0|O13:4:0:3|O20:0:0:0|O21:0:0:0|O22:3:3:0|O23:4:0:3|O30:4:0:3|O31:0:1:1|O32:1:1:0|O33:3:3:1,experiments/issue-47/results/production/tasks/issue-47-v1-production-uct-030000-g0008/uct-30000-self-play-0008.trl
uct-30000-self-play,9,501000008,UCT,UCT,30000,-1.0,true,NaturalEnd,2,72,24,3161,3198,36,36,20,20,16,16,1,2,5,5,0,1,advantage_objectives,S00:0:0:0|S01:1:1:0|S02:2:1:2|S03:0:0:0|S04:1:1:0|S10:0:0:0|S11:1:2:1|S12:4:2:3|S13:0:1:1|S14:0:0:0|S20:0:1:1|S21:4:2:3|S22:0:1:1|S23:0:0:0|S24:0:1:1|S30:0:0:0|S31:3:3:2|S32:0:1:1|S33:0:1:1|S34:0:0:0|S40:0:1:1|S41:2:0:1|S42:0:1:1|S43:0:0:0|S44:0:0:0|O00:3:3:0|O01:4:0:3|O02:2:0:1|O03:0:0:0|O10:4:1:3|O11:3:3:0|O12:4:0:3|O13:0:0:0|O20:4:0:3|O21:4:0:3|O22:3:3:0|O23:0:0:0|O30:3:3:0|O31:3:3:0|O32:0:0:0|O33:0:0:0,experiments/issue-47/results/production/tasks/issue-47-v1-production-uct-030000-g0009/uct-30000-self-play-0009.trl
uct-30000-self-play,10,501000009,UCT,UCT,30000,-1.0,true,NaturalEnd,1,72,24,3830,2643,36,36,17,20,19,16,2,2,6,4,1,3,secured_objectives,S00:0:0:0|S01:0:0:0|S02:0:0:0|S03:2:0:1|S04:0:0:0|S10:0:0:0|S11:0:1:1|S12:3:3:2|S13:2:1:2|S14:0:0:0|S20:0:1:1|S21:3:3:2|S22:2:1:2|S23:0:1:1|S24:0:0:0|S30:0:0:0|S31:1:2:1|S32:4:2:3|S33:4:2:3|S34:0:0:0|S40:0:0:0|S41:0:0:0|S42:0:0:0|S43:0:0:0|S44:2:0:1|O00:0:0:0|O01:3:3:0|O02:4:0:3|O03:2:0:1|O10:3:3:0|O11:3:3:0|O12:3:3:0|O13:0:0:0|O20:3:3:0|O21:4:0:3|O22:4:0:3|O23:2:0:2|O30:1:1:0|O31:3:3:0|O32:4:0:3|O33:2:0:1,experiments/issue-47/results/production/tasks/issue-47-v1-production-uct-030000-g0010/uct-30000-self-play-0010.trl
uct-30000-self-play,11,501000010,UCT,UCT,30000,-1.0,true,NaturalEnd,1,72,24,2643,2567,36,36,20,22,16,14,3,2,4,4,3,1,advantage_objectives,S00:0:0:0|S01:0:1:1|S02:0:0:0|S03:0:0:0|S04:2:0:2|S10:0:0:0|S11:4:2:3|S12:0:1:1|S13:2:1:2|S14:0:0:0|S20:0:0:0|S21:3:3:2|S22:4:2:3|S23:3:3:2|S24:2:0:1|S30:0:1:1|S31:0:1:1|S32:3:3:2|S33:0:1:1|S34:0:0:0|S40:0:0:0|S41:1:1:0|S42:0:0:0|S43:0:0:0|S44:0:0:0|O00:4:0:3|O01:2:0:1|O02:0:0:0|O03:0:0:0|O10:3:3:0|O11:4:0:3|O12:4:0:3|O13:1:1:0|O20:1:2:1|O21:4:0:3|O22:3:3:0|O23:3:3:0|O30:0:0:0|O31:3:3:0|O32:1:1:0|O33:0:0:0,experiments/issue-47/results/production/tasks/issue-47-v1-production-uct-030000-g0011/uct-30000-self-play-0011.trl
uct-30000-self-play,12,501000011,UCT,UCT,30000,-1.0,true,NaturalEnd,1,72,24,2680,2568,36,36,20,21,16,15,2,3,4,4,4,1,advantage_objectives,S00:0:0:0|S01:2:0:1|S02:0:0:0|S03:0:0:0|S04:0:0:0|S10:0:2:2|S11:4:2:3|S12:0:2:2|S13:1:1:0|S14:0:0:0|S20:0:0:0|S21:3:3:2|S22:4:2:3|S23:4:2:3|S24:0:0:0|S30:0:0:0|S31:3:3:2|S32:2:1:2|S33:0:0:0|S34:0:0:0|S40:1:1:0|S41:0:0:0|S42:0:1:1|S43:0:0:0|S44:0:0:0|O00:0:0:0|O01:4:0:3|O02:1:1:0|O03:1:1:0|O10:3:3:2|O11:4:0:3|O12:4:0:3|O13:1:1:0|O20:3:3:0|O21:3:3:0|O22:4:0:3|O23:0:0:0|O30:1:1:0|O31:3:3:0|O32:2:0:1|O33:0:0:0,experiments/issue-47/results/production/tasks/issue-47-v1-production-uct-030000-g0012/uct-30000-self-play-0012.trl
uct-30000-self-play,13,501000012,UCT,UCT,30000,-1.0,true,NaturalEnd,1,72,24,3869,3793,36,36,15,17,21,19,2,3,6,6,2,0,advantage_objectives,S00:0:0:0|S01:2:0:1|S02:0:0:0|S03:1:1:0|S04:0:0:0|S10:0:0:0|S11:2:0:1|S12:1:1:0|S13:0:0:0|S14:3:3:2|S20:0:0:0|S21:0:0:0|S22:1:1:0|S23:4:2:3|S24:0:0:0|S30:0:0:0|S31:3:3:2|S32:4:2:3|S33:4:2:3|S34:0:0:0|S40:2:0:1|S41:0:0:0|S42:2:0:1|S43:0:0:0|S44:0:0:0|O00:0:0:0|O01:1:2:1|O02:3:3:0|O03:3:3:0|O10:0:0:0|O11:3:3:0|O12:3:3:0|O13:4:0:3|O20:1:1:0|O21:3:3:0|O22:4:0:3|O23:4:0:3|O30:3:3:0|O31:4:0:3|O32:4:0:3|O33:4:0:3,experiments/issue-47/results/production/tasks/issue-47-v1-production-uct-030000-g0013/uct-30000-self-play-0013.trl
uct-30000-self-play,14,501000013,UCT,UCT,30000,-1.0,true,NaturalEnd,1,72,24,2014,1937,36,36,20,23,16,13,2,2,3,3,3,1,advantage_objectives,S00:0:0:0|S01:0:0:0|S02:0:1:1|S03:0:0:0|S04:0:0:0|S10:0:0:0|S11:2:0:2|S12:0:2:2|S13:0:0:0|S14:0:0:0|S20:2:0:1|S21:3:3:2|S22:0:1:1|S23:3:3:2|S24:0:0:0|S30:0:0:0|S31:4:2:3|S32:0:2:2|S33:4:2:3|S34:1:1:0|S40:0:1:1|S41:0:0:0|S42:0:0:0|S43:0:1:1|S44:2:1:2|O00:0:0:0|O01:2:0:1|O02:0:0:0|O03:0:0:0|O10:0:0:0|O11:3:3:2|O12:3:3:0|O13:1:2:0|O20:1:1:0|O21:1:1:0|O22:4:0:3|O23:3:3:0|O30:0:0:0|O31:0:1:1|O32:4:0:3|O33:4:2:3,experiments/issue-47/results/production/tasks/issue-47-v1-production-uct-030000-g0014/uct-30000-self-play-0014.trl
uct-30000-self-play,15,501000014,UCT,UCT,30000,-1.0,true,NaturalEnd,2,72,24,2606,3237,36,36,20,18,16,18,3,2,4,5,2,2,secured_objectives,S00:2:0:1|S01:0:0:0|S02:0:0:0|S03:0:0:0|S04:0:0:0|S10:0:0:0|S11:4:2:3|S12:4:2:3|S13:3:3:2|S14:2:0:1|S20:0:0:0|S21:3:3:2|S22:3:3:2|S23:0:1:1|S24:0:0:0|S30:0:0:0|S31:1:2:1|S32:0:1:1|S33:1:1:0|S34:0:0:0|S40:0:0:0|S41:1:1:0|S42:0:0:0|S43:1:1:0|S44:2:0:1|O00:2:0:2|O01:4:1:3|O02:4:0:3|O03:2:0:1|O10:4:0:3|O11:3:3:0|O12:4:0:3|O13:4:0:3|O20:3:3:0|O21:3:3:0|O22:3:3:0|O23:0:0:0|O30:1:1:0|O31:1:2:0|O32:0:0:0|O33:0:0:0,experiments/issue-47/results/production/tasks/issue-47-v1-production-uct-030000-g0015/uct-30000-self-play-0015.trl
uct-30000-self-play,16,501000015,UCT,UCT,30000,-1.0,true,NaturalEnd,2,72,24,2608,2643,36,36,18,20,18,16,1,3,4,4,2,3,advantage_objectives,S00:0:0:0|S01:0:0:0|S02:0:0:0|S03:0:0:0|S04:0:0:0|S10:0:0:0|S11:0:0:0|S12:4:2:3|S13:4:2:3|S14:1:1:0|S20:0:0:0|S21:2:0:1|S22:4:2:3|S23:3:3:2|S24:0:0:0|S30:1:1:0|S31:0:1:1|S32:0:2:2|S33:0:2:2|S34:0:0:0|S40:0:0:0|S41:0:0:0|S42:0:0:0|S43:0:2:2|S44:2:0:1|O00:0:0:0|O01:2:0:1|O02:4:1:3|O03:0:0:0|O10:2:0:1|O11:4:0:3|O12:4:2:3|O13:4:0:3|O20:2:0:2|O21:3:3:0|O22:3:3:0|O23:3:3:0|O30:0:0:0|O31:1:1:0|O32:3:3:0|O33:1:2:0,experiments/issue-47/results/production/tasks/issue-47-v1-production-uct-030000-g0016/uct-30000-self-play-0016.trl
uct-30000-self-play,17,501000016,UCT,UCT,30000,-1.0,true,NaturalEnd,2,72,24,2571,3237,36,36,18,18,18,18,4,3,4,5,1,2,secured_objectives,S00:0:0:0|S01:3:3:2|S02:0:0:0|S03:0:0:0|S04:0:0:0|S10:0:0:0|S11:4:1:3|S12:3:3:2|S13:0:0:0|S14:0:0:0|S20:0:0:0|S21:4:2:3|S22:3:3:2|S23:0:1:1|S24:0:0:0|S30:0:0:0|S31:3:3:2|S32:4:2:3|S33:0:0:0|S34:0:0:0|S40:0:0:0|S41:0:0:0|S42:0:0:0|S43:0:0:0|S44:0:0:0|O00:4:2:3|O01:3:3:0|O02:1:1:0|O03:0:0:0|O10:4:0:3|O11:4:0:3|O12:3:3:0|O13:0:0:0|O20:4:0:3|O21:4:2:3|O22:3:3:0|O23:0:0:0|O30:3:3:0|O31:2:1:2|O32:2:0:1|O33:0:0:0,experiments/issue-47/results/production/tasks/issue-47-v1-production-uct-030000-g0017/uct-30000-self-play-0017.trl
uct-30000-self-play,18,501000017,UCT,UCT,30000,-1.0,true,NaturalEnd,2,72,24,3162,3198,36,36,19,20,17,16,1,3,5,5,0,1,advantage_objectives,S00:0:0:0|S01:1:2:1|S02:0:0:0|S03:0:0:0|S04:0:0:0|S10:1:1:0|S11:0:1:1|S12:4:2:3|S13:4:2:3|S14:0:0:0|S20:0:0:0|S21:0:1:1|S22:1:1:0|S23:3:3:2|S24:1:1:0|S30:4:1:3|S31:2:1:2|S32:2:0:1|S33:0:1:1|S34:0:0:0|S40:2:0:1|S41:1:1:0|S42:0:0:0|S43:0:1:1|S44:0:0:0|O00:0:0:0|O01:4:2:3|O02:4:0:3|O03:4:0:3|O10:0:0:0|O11:3:3:0|O12:4:0:3|O13:3:3:0|O20:0:0:0|O21:3:3:0|O22:3:3:0|O23:3:3:0|O30:0:0:0|O31:4:0:3|O32:2:0:1|O33:0:0:0,experiments/issue-47/results/production/tasks/issue-47-v1-production-uct-030000-g0018/uct-30000-self-play-0018.trl
uct-30000-self-play,19,501000018,UCT,UCT,30000,-1.0,true,NaturalEnd,2,72,24,2606,3198,36,36,20,20,16,16,3,3,4,5,2,1,secured_objectives,S00:0:0:0|S01:0:0:0|S02:0:0:0|S03:0:0:0|S04:0:0:0|S10:0:0:0|S11:0:1:1|S12:3:3:2|S13:0:1:1|S14:0:0:0|S20:0:0:0|S21:4:2:3|S22:3:3:2|S23:3:3:2|S24:0:0:0|S30:0:0:0|S31:4:2:3|S32:4:2:3|S33:0:1:1|S34:2:0:1|S40:2:0:1|S41:1:1:0|S42:0:0:0|S43:1:1:0|S44:0:0:0|O00:0:0:0|O01:1:1:0|O02:1:1:0|O03:0:0:0|O10:4:0:3|O11:3:3:0|O12:3:3:0|O13:3:3:0|O20:4:0:3|O21:3:3:0|O22:4:2:3|O23:0:0:0|O30:2:0:1|O31:4:0:3|O32:4:0:3|O33:0:0:0,experiments/issue-47/results/production/tasks/issue-47-v1-production-uct-030000-g0019/uct-30000-self-play-0019.trl
uct-30000-self-play,20,501000019,UCT,UCT,30000,-1.0,true,NaturalEnd,2,72,24,2569,2604,36,36,20,22,16,14,1,3,4,4,1,2,advantage_objectives,S00:0:0:0|S01:0:0:0|S02:2:0:1|S03:2:1:2|S04:1:1:0|S10:0:0:0|S11:4:2:3|S12:1:1:0|S13:0:1:1|S14:0:0:0|S20:0:0:0|S21:4:2:3|S22:3:3:2|S23:0:2:2|S24:0:0:0|S30:0:0:0|S31:1:2:1|S32:0:1:1|S33:4:2:3|S34:0:0:0|S40:0:0:0|S41:0:0:0|S42:2:0:1|S43:0:2:2|S44:0:0:0|O00:0:0:0|O01:2:0:1|O02:0:0:0|O03:3:3:0|O10:4:0:3|O11:4:2:3|O12:3:3:0|O13:0:0:0|O20:0:0:0|O21:3:3:0|O22:3:3:0|O23:2:0:1|O30:0:0:0|O31:1:2:0|O32:4:0:3|O33:4:0:3,experiments/issue-47/results/production/tasks/issue-47-v1-production-uct-030000-g0020/uct-30000-self-play-0020.trl
uct-30000-self-play,21,501000020,UCT,UCT,30000,-1.0,true,NaturalEnd,1,72,24,2645,2569,36,36,18,20,18,16,1,4,4,4,3,1,advantage_objectives,S00:0:0:0|S01:0:0:0|S02:0:0:0|S03:0:0:0|S04:0:0:0|S10:0:0:0|S11:0:0:0|S12:1:2:1|S13:0:1:1|S14:0:0:0|S20:0:0:0|S21:0:2:2|S22:4:2:3|S23:4:2:3|S24:2:0:1|S30:1:1:0|S31:4:2:3|S32:4:2:3|S33:3:3:2|S34:0:0:0|S40:0:0:0|S41:0:1:1|S42:0:0:0|S43:0:0:0|S44:0:0:0|O00:0:0:0|O01:1:1:0|O02:1:1:0|O03:2:0:1|O10:0:0:0|O11:1:1:0|O12:4:1:3|O13:0:0:0|O20:4:1:3|O21:3:3:0|O22:3:3:2|O23:0:1:1|O30:3:3:0|O31:4:0:3|O32:4:0:3|O33:3:3:0,experiments/issue-47/results/production/tasks/issue-47-v1-production-uct-030000-g0021/uct-30000-self-play-0021.trl
uct-30000-self-play,22,501000021,UCT,UCT,30000,-1.0,true,NaturalEnd,1,72,24,3236,3160,36,36,19,21,17,15,2,2,5,5,2,0,advantage_objectives,S00:0:0:0|S01:0:0:0|S02:0:0:0|S03:1:1:0|S04:0:0:0|S10:0:0:0|S11:0:1:1|S12:1:2:1|S13:4:2:3|S14:0:0:0|S20:0:0:0|S21:0:1:1|S22:3:3:2|S23:0:2:2|S24:2:0:1|S30:0:0:0|S31:2:1:2|S32:3:3:2|S33:4:2:3|S34:0:0:0|S40:0:0:0|S41:2:0:1|S42:0:0:0|S43:2:1:2|S44:0:0:0|O00:0:0:0|O01:1:1:0|O02:3:3:0|O03:1:1:0|O10:0:0:0|O11:3:3:0|O12:4:0:3|O13:4:0:3|O20:0:0:0|O21:3:3:0|O22:3:3:0|O23:4:0:3|O30:0:0:0|O31:3:3:0|O32:4:0:3|O33:4:0:3,experiments/issue-47/results/production/tasks/issue-47-v1-production-uct-030000-g0022/uct-30000-self-play-0022.trl
uct-30000-self-play,23,501000022,UCT,UCT,30000,-1.0,true,NaturalEnd,1,72,24,3831,3792,36,36,16,18,20,18,1,3,6,6,1,0,advantage_objectives,S00:0:0:0|S01:0:0:0|S02:1:1:0|S03:0:0:0|S04:0:0:0|S10:0:0:0|S11:3:3:2|S12:1:2:1|S13:2:1:2|S14:2:0:1|S20:0:0:0|S21:4:2:3|S22:1:1:0|S23:0:1:1|S24:0:0:0|S30:0:0:0|S31:4:2:3|S32:0:1:1|S33:4:2:3|S34:2:0:1|S40:0:0:0|S41:0:0:0|S42:0:0:0|S43:0:0:0|S44:0:0:0|O00:3:3:0|O01:3:3:0|O02:3:3:0|O03:0:0:0|O10:4:0:3|O11:3:3:0|O12:3:3:0|O13:0:0:0|O20:4:0:3|O21:4:0:3|O22:3:3:0|O23:1:2:0|O30:4:0:3|O31:4:0:3|O32:4:0:3|O33:0:0:0,experiments/issue-47/results/production/tasks/issue-47-v1-production-uct-030000-g0023/uct-30000-self-play-0023.trl
uct-30000-self-play,24,501000023,UCT,UCT,30000,-1.0,true,NaturalEnd,2,72,24,2605,3160,36,36,21,21,15,15,2,3,4,5,2,0,secured_objectives,S00:0:0:0|S01:0:0:0|S02:0:1:1|S03:3:3:2|S04:0:0:0|S10:0:0:0|S11:1:2:0|S12:0:0:0|S13:4:2:3|S14:0:0:0|S20:0:0:0|S21:0:1:1|S22:0:2:2|S23:4:1:3|S24:0:0:0|S30:0:0:0|S31:4:2:3|S32:3:3:2|S33:2:1:2|S34:0:0:0|S40:0:0:0|S41:1:2:1|S42:0:0:0|S43:0:1:1|S44:0:0:0|O00:0:0:0|O01:0:0:0|O02:0:0:0|O03:3:3:0|O10:0:0:0|O11:0:0:0|O12:4:0:3|O13:4:0:3|O20:4:0:3|O21:4:0:3|O22:3:3:0|O23:1:1:0|O30:4:0:3|O31:3:3:0|O32:3:3:0|O33:1:2:0,experiments/issue-47/results/production/tasks/issue-47-v1-production-uct-030000-g0024/uct-30000-self-play-0024.trl
uct-30000-self-play,25,501000024,UCT,UCT,30000,-1.0,true,NaturalEnd,1,72,24,3238,2015,36,36,17,19,19,17,3,2,5,3,2,3,secured_objectives,S00:0:0:0|S01:0:0:0|S02:0:0:0|S03:0:0:0|S04:0:0:0|S10:0:0:0|S11:2:1:2|S12:2:0:1|S13:2:1:2|S14:0:0:0|S20:0:0:0|S21:1:1:0|S22:3:3:2|S23:4:2:3|S24:2:0:1|S30:0:0:0|S31:3:3:2|S32:3:3:2|S33:4:2:3|S34:1:1:0|S40:0:0:0|S41:0:0:0|S42:0:0:0|S43:2:0:1|S44:0:0:0|O00:0:0:0|O01:0:0:0|O02:2:0:1|O03:2:0:2|O10:1:1:0|O11:0:1:1|O12:4:0:3|O13:2:0:2|O20:3:3:0|O21:3:3:0|O22:3:3:0|O23:4:0:3|O30:1:2:0|O31:3:3:0|O32:3:3:2|O33:4:0:3,experiments/issue-47/results/production/tasks/issue-47-v1-production-uct-030000-g0025/uct-30000-self-play-0025.trl
uct-30000-self-play,26,501000025,UCT,UCT,30000,-1.0,true,NaturalEnd,1,72,24,3199,3198,36,36,19,20,17,16,3,2,5,5,1,1,objective_pieces,S00:0:0:0|S01:0:0:0|S02:1:1:0|S03:0:0:0|S04:0:0:0|S10:2:0:1|S11:3:3:2|S12:3:3:2|S13:2:1:2|S14:1:1:0|S20:0:0:0|S21:4:2:3|S22:4:2:3|S23:0:1:1|S24:0:1:1|S30:2:0:1|S31:0:1:1|S32:3:3:2|S33:2:0:1|S34:0:0:0|S40:0:0:0|S41:0:0:0|S42:0:0:0|S43:0:0:0|S44:0:0:0|O00:3:3:0|O01:3:3:0|O02:3:3:0|O03:0:0:0|O10:4:0:3|O11:3:3:0|O12:4:0:3|O13:0:0:0|O20:4:0:3|O21:4:0:3|O22:4:0:3|O23:0:0:0|O30:0:0:0|O31:3:3:0|O32:1:2:0|O33:2:0:1,experiments/issue-47/results/production/tasks/issue-47-v1-production-uct-030000-g0026/uct-30000-self-play-0026.trl
uct-30000-self-play,27,501000026,UCT,UCT,30000,-1.0,true,NaturalEnd,2,72,24,3199,3792,36,36,19,18,17,18,2,3,5,6,1,0,secured_objectives,S00:0:0:0|S01:0:0:0|S02:0:1:1|S03:1:1:0|S04:0:0:0|S10:0:0:0|S11:1:1:0|S12:3:3:2|S13:4:2:3|S14:0:0:0|S20:2:0:1|S21:3:3:2|S22:4:2:3|S23:4:2:3|S24:1:1:0|S30:0:1:1|S31:1:2:1|S32:0:0:0|S33:0:0:0|S34:0:0:0|S40:0:0:0|S41:2:0:1|S42:0:0:0|S43:0:0:0|S44:0:0:0|O00:0:0:0|O01:3:3:0|O02:3:3:0|O03:4:0:3|O10:3:3:0|O11:3:3:0|O12:4:0:3|O13:4:0:3|O20:3:3:0|O21:4:0:3|O22:4:0:3|O23:4:0:3|O30:1:2:0|O31:0:0:0|O32:0:0:0|O33:0:0:0,experiments/issue-47/results/production/tasks/issue-47-v1-production-uct-030000-g0027/uct-30000-self-play-0027.trl
uct-30000-self-play,28,501000027,UCT,UCT,30000,-1.0,true,NaturalEnd,1,72,24,3199,2568,36,36,19,21,17,15,3,2,5,4,1,1,secured_objectives,S00:0:0:0|S01:0:0:0|S02:2:0:1|S03:0:0:0|S04:0:0:0|S10:0:1:1|S11:4:2:3|S12:0:1:1|S13:0:0:0|S14:0:0:0|S20:2:0:2|S21:3:3:2|S22:3:3:2|S23:3:3:2|S24:0:0:0|S30:0:0:0|S31:4:2:3|S32:0:1:1|S33:0:2:2|S34:0:0:0|S40:0:0:0|S41:0:1:1|S42:0:0:0|S43:0:0:0|S44:0:0:0|O00:4:0:3|O01:4:0:3|O02:0:0:0|O03:0:0:0|O10:4:0:3|O11:4:0:3|O12:3:3:0|O13:3:3:0|O20:2:0:1|O21:3:3:0|O22:3:3:0|O23:3:3:1|O30:0:1:1|O31:1:1:0|O32:0:0:0|O33:0:0:0,experiments/issue-47/results/production/tasks/issue-47-v1-production-uct-030000-g0028/uct-30000-self-play-0028.trl
uct-30000-self-play,29,501000028,UCT,UCT,30000,-1.0,true,NaturalEnd,2,72,24,1978,2643,36,36,19,20,17,16,1,2,3,4,2,3,secured_objectives,S00:0:0:0|S01:0:0:0|S02:0:0:0|S03:0:0:0|S04:0:0:0|S10:1:1:0|S11:2:1:2|S12:0:1:1|S13:4:2:3|S14:1:1:0|S20:2:0:1|S21:0:1:1|S22:3:3:0|S23:4:2:3|S24:2:1:2|S30:0:0:0|S31:0:2:2|S32:0:0:0|S33:0:2:2|S34:0:0:0|S40:0:0:0|S41:0:2:2|S42:0:0:0|S43:0:0:0|S44:2:0:1|O00:0:1:1|O01:0:0:0|O02:2:0:1|O03:4:0:3|O10:1:2:0|O11:3:3:0|O12:4:0:3|O13:4:2:3|O20:3:3:0|O21:3:3:0|O22:4:2:3|O23:2:0:1|O30:1:1:0|O31:0:0:0|O32:0:0:0|O33:2:0:1,experiments/issue-47/results/production/tasks/issue-47-v1-production-uct-030000-g0029/uct-30000-self-play-0029.trl
uct-30000-self-play,30,501000029,UCT,UCT,30000,-1.0,true,NaturalEnd,2,72,24,3162,3237,36,36,19,18,17,18,2,3,5,5,0,2,advantage_objectives,S00:1:2:0|S01:0:0:0|S02:0:0:0|S03:0:1:1|S04:2:0:1|S10:2:0:1|S11:1:1:0|S12:4:2:3|S13:3:3:2|S14:0:0:0|S20:0:0:0|S21:3:3:2|S22:4:2:3|S23:0:0:0|S24:0:0:0|S30:0:0:0|S31:4:2:3|S32:0:1:1|S33:0:1:1|S34:0:0:0|S40:0:0:0|S41:0:0:0|S42:0:0:0|S43:0:0:0|S44:1:1:0|O00:3:3:0|O01:4:0:3|O02:2:1:2|O03:0:0:0|O10:3:3:0|O11:3:3:0|O12:4:0:3|O13:3:3:0|O20:4:1:3|O21:3:3:0|O22:4:0:3|O23:0:0:0|O30:2:0:1|O31:4:0:3|O32:0:0:0|O33:0:0:0,experiments/issue-47/results/production/tasks/issue-47-v1-production-uct-030000-g0030/uct-30000-self-play-0030.trl
uct-30000-self-play,31,501000030,UCT,UCT,30000,-1.0,true,NaturalEnd,2,72,24,2607,3236,36,36,19,19,17,17,2,2,4,5,2,2,secured_objectives,S00:0:0:0|S01:0:0:0|S02:1:2:0|S03:0:0:0|S04:0:0:0|S10:0:1:1|S11:4:2:3|S12:0:2:2|S13:0:0:0|S14:2:0:1|S20:0:0:0|S21:3:3:2|S22:3:3:2|S23:0:0:0|S24:2:0:1|S30:0:1:1|S31:4:2:3|S32:0:1:1|S33:0:0:0|S34:0:0:0|S40:0:1:1|S41:0:0:0|S42:0:1:1|S43:0:0:0|S44:0:0:0|O00:4:1:3|O01:4:0:3|O02:1:2:0|O03:0:0:0|O10:4:0:3|O11:3:3:0|O12:3:3:0|O13:2:0:1|O20:3:3:0|O21:3:3:0|O22:1:1:0|O23:2:0:1|O30:4:1:3|O31:4:0:3|O32:0:0:0|O33:0:0:0,experiments/issue-47/results/production/tasks/issue-47-v1-production-uct-030000-g0031/uct-30000-self-play-0031.trl
uct-30000-self-play,32,501000031,UCT,UCT,30000,-1.0,true,NaturalEnd,2,72,24,2531,2605,36,36,21,21,15,15,2,3,4,4,0,2,advantage_objectives,S00:1:1:0|S01:2:0:1|S02:0:1:1|S03:0:0:0|S04:0:0:0|S10:0:0:0|S11:3:3:2|S12:0:1:1|S13:1:2:1|S14:0:0:0|S20:0:1:1|S21:4:2:3|S22:0:1:1|S23:0:0:0|S24:2:0:1|S30:2:0:1|S31:3:3:2|S32:4:2:3|S33:4:2:3|S34:0:0:0|S40:1:1:0|S41:1:1:0|S42:0:0:0|S43:0:0:0|S44:0:0:0|O00:0:0:0|O01:3:3:0|O02:0:0:0|O03:0:0:0|O10:4:2:3|O11:0:1:1|O12:0:0:0|O13:0:0:0|O20:3:3:0|O21:4:0:3|O22:4:0:3|O23:2:0:1|O30:3:3:0|O31:3:3:0|O32:4:0:3|O33:2:0:1,experiments/issue-47/results/production/tasks/issue-47-v1-production-uct-030000-g0032/uct-30000-self-play-0032.trl
uct-30000-self-play,33,501000032,UCT,UCT,30000,-1.0,true,NaturalEnd,1,72,24,3200,3160,36,36,18,21,18,15,2,3,5,5,1,0,advantage_objectives,S00:0:0:0|S01:0:0:0|S02:2:0:1|S03:0:0:0|S04:2:0:1|S10:0:0:0|S11:1:1:0|S12:4:2:3|S13:4:2:3|S14:2:0:1|S20:0:0:0|S21:3:3:2|S22:4:2:3|S23:3:3:2|S24:1:1:0|S30:0:0:0|S31:0:1:1|S32:2:1:2|S33:0:2:2|S34:0:0:0|S40:0:0:0|S41:0:0:0|S42:0:0:0|S43:0:0:0|S44:0:0:0|O00:1:1:0|O01:4:1:3|O02:4:0:3|O03:0:0:0|O10:3:3:0|O11:3:3:0|O12:4:0:3|O13:4:1:3|O20:3:3:0|O21:3:3:0|O22:4:0:3|O23:3:3:0|O30:0:0:0|O31:0:0:0|O32:0:0:0|O33:0:0:0,experiments/issue-47/results/production/tasks/issue-47-v1-production-uct-030000-g0033/uct-30000-self-play-0033.trl
uct-30000-self-play,34,501000033,UCT,UCT,30000,-1.0,true,NaturalEnd,1,72,24,3162,2605,36,36,19,21,17,15,3,3,5,4,0,2,secured_objectives,S00:0:0:0|S01:0:0:0|S02:2:0:1|S03:1:1:0|S04:2:0:1|S10:0:0:0|S11:2:0:1|S12:3:3:2|S13:4:2:3|S14:0:0:0|S20:0:0:0|S21:0:1:1|S22:4:2:3|S23:4:2:3|S24:0:0:0|S30:0:0:0|S31:0:0:0|S32:3:3:2|S33:3:3:2|S34:0:1:1|S40:0:0:0|S41:0:1:1|S42:0:0:0|S43:0:0:0|S44:0:0:0|O00:0:0:0|O01:3:3:0|O02:3:3:0|O03:2:0:1|O10:0:0:0|O11:2:0:2|O12:4:2:3|O13:4:0:3|O20:0:0:0|O21:4:0:3|O22:4:0:3|O23:3:3:0|O30:0:0:0|O31:3:3:0|O32:3:3:0|O33:0:0:0,experiments/issue-47/results/production/tasks/issue-47-v1-production-uct-030000-g0034/uct-30000-self-play-0034.trl
uct-30000-self-play,35,501000034,UCT,UCT,30000,-1.0,true,NaturalEnd,2,72,24,2570,3198,36,36,19,20,17,16,2,3,4,5,1,1,secured_objectives,S00:2:0:2|S01:1:1:0|S02:0:1:1|S03:0:0:0|S04:1:1:0|S10:0:0:0|S11:0:2:2|S12:4:2:3|S13:3:3:2|S14:0:0:0|S20:0:0:0|S21:3:3:2|S22:4:2:3|S23:0:0:0|S24:0:0:0|S30:0:0:0|S31:1:1:0|S32:0:0:0|S33:4:2:3|S34:0:0:0|S40:2:0:1|S41:1:1:0|S42:2:0:1|S43:0:0:0|S44:0:0:0|O00:0:0:0|O01:4:2:3|O02:3:3:0|O03:0:0:0|O10:3:3:0|O11:3:3:0|O12:4:1:3|O13:1:2:0|O20:3:3:0|O21:4:0:3|O22:4:0:3|O23:2:0:1|O30:0:0:0|O31:0:0:0|O32:0:0:0|O33:4:0:3,experiments/issue-47/results/production/tasks/issue-47-v1-production-uct-030000-g0035/uct-30000-self-play-0035.trl
uct-30000-self-play,36,501000035,UCT,UCT,30000,-1.0,true,NaturalEnd,1,72,24,3200,3161,36,36,18,20,18,16,2,2,5,5,1,0,advantage_objectives,S00:0:0:0|S01:0:0:0|S02:0:0:0|S03:0:0:0|S04:0:0:0|S10:0:0:0|S11:1:1:0|S12:3:3:2|S13:2:0:1|S14:0:0:0|S20:2:0:1|S21:0:1:1|S22:1:2:1|S23:1:2:1|S24:0:0:0|S30:2:0:1|S31:4:2:3|S32:4:2:3|S33:3:3:2|S34:0:2:2|S40:0:0:0|S41:0:0:0|S42:2:0:2|S43:0:0:0|S44:0:0:0|O00:0:0:0|O01:3:3:0|O02:0:0:0|O03:0:0:0|O10:0:1:1|O11:3:3:0|O12:3:3:0|O13:0:0:0|O20:4:0:3|O21:4:0:3|O22:3:3:0|O23:3:3:0|O30:4:0:3|O31:4:1:3|O32:4:0:3|O33:1:1:0,experiments/issue-47/results/production/tasks/issue-47-v1-production-uct-030000-g0036/uct-30000-self-play-0036.trl
uct-30000-self-play,37,501000036,UCT,UCT,30000,-1.0,true,NaturalEnd,1,72,24,3200,3162,36,36,18,19,18,17,2,2,5,5,1,0,advantage_objectives,S00:0:0:0|S01:0:0:0|S02:0:0:0|S03:2:0:1|S04:0:0:0|S10:0:0:0|S11:1:1:0|S12:3:3:2|S13:4:2:3|S14:2:0:1|S20:0:0:0|S21:0:1:1|S22:4:2:3|S23:1:2:1|S24:0:1:1|S30:2:0:1|S31:3:3:2|S32:0:1:1|S33:0:1:1|S34:2:0:1|S40:0:0:0|S41:1:1:0|S42:0:0:0|S43:0:0:0|S44:0:0:0|O00:1:1:0|O01:3:3:0|O02:4:0:3|O03:4:0:3|O10:0:0:0|O11:4:0:3|O12:3:3:0|O13:4:0:3|O20:3:3:0|O21:3:3:0|O22:4:0:3|O23:0:2:2|O30:0:0:0|O31:3:3:0|O32:0:0:0|O33:0:0:0,experiments/issue-47/results/production/tasks/issue-47-v1-production-uct-030000-g0037/uct-30000-self-play-0037.trl
uct-30000-self-play,38,501000037,UCT,UCT,30000,-1.0,true,NaturalEnd,2,72,24,3160,3199,36,36,21,19,15,17,2,2,5,5,0,1,advantage_objectives,S00:0:0:0|S01:0:0:0|S02:2:0:1|S03:2:0:1|S04:0:0:0|S10:0:1:1|S11:4:2:3|S12:4:2:3|S13:1:1:0|S14:0:0:0|S20:0:2:2|S21:0:1:1|S22:0:2:2|S23:0:0:0|S24:0:0:0|S30:1:1:0|S31:3:3:2|S32:3:3:2|S33:0:1:1|S34:0:0:0|S40:1:1:0|S41:0:0:0|S42:1:1:0|S43:0:0:0|S44:0:0:0|O00:4:0:3|O01:4:0:3|O02:0:0:0|O03:0:0:0|O10:4:0:3|O11:4:0:3|O12:4:0:3|O13:0:0:0|O20:2:0:2|O21:3:3:0|O22:3:3:0|O23:0:0:0|O30:3:3:0|O31:3:3:0|O32:3:3:0|O33:0:0:0,experiments/issue-47/results/production/tasks/issue-47-v1-production-uct-030000-g0038/uct-30000-self-play-0038.trl
uct-30000-self-play,39,501000038,UCT,UCT,30000,-1.0,true,NaturalEnd,2,72,24,2644,3198,36,36,19,20,17,16,2,4,4,5,3,1,secured_objectives,S00:0:0:0|S01:0:0:0|S02:0:0:0|S03:0:0:0|S04:0:0:0|S10:0:0:0|S11:4:2:3|S12:3:3:2|S13:1:1:0|S14:0:0:0|S20:0:0:0|S21:0:2:2|S22:4:2:3|S23:3:3:2|S24:0:0:0|S30:1:1:0|S31:4:2:3|S32:4:2:3|S33:0:1:1|S34:2:0:1|S40:0:0:0|S41:0:0:0|S42:0:0:0|S43:0:0:0|S44:0:0:0|O00:0:0:0|O01:1:1:0|O02:3:3:0|O03:0:0:0|O10:4:0:3|O11:1:1:0|O12:3:3:0|O13:1:1:0|O20:2:0:1|O21:4:2:3|O22:3:3:0|O23:3:3:0|O30:4:0:3|O31:4:0:3|O32:4:0:3|O33:0:0:0,experiments/issue-47/results/production/tasks/issue-47-v1-production-uct-030000-g0039/uct-30000-self-play-0039.trl
uct-30000-self-play,40,501000039,UCT,UCT,30000,-1.0,true,NaturalEnd,1,72,24,3238,2607,36,36,17,19,19,17,2,2,5,4,2,2,secured_objectives,S00:0:0:0|S01:0:0:0|S02:0:0:0|S03:0:0:0|S04:0:0:0|S10:0:0:0|S11:1:1:0|S12:3:3:2|S13:0:1:1|S14:0:0:0|S20:2:1:2|S21:0:1:1|S22:0:1:1|S23:4:2:3|S24:0:1:1|S30:0:0:0|S31:3:3:2|S32:4:2:3|S33:0:1:1|S34:0:0:0|S40:0:0:0|S41:0:0:0|S42:2:0:1|S43:0:0:0|S44:2:0:1|O00:1:1:0|O01:3:3:0|O02:1:1:0|O03:0:0:0|O10:0:1:1|O11:3:3:0|O12:2:1:2|O13:2:0:2|O20:3:3:0|O21:3:3:0|O22:4:0:3|O23:4:0:3|O30:3:3:0|O31:4:0:3|O32:4:0:3|O33:0:0:0,experiments/issue-47/results/production/tasks/issue-47-v1-production-uct-030000-g0040/uct-30000-self-play-0040.trl
uct-30000-self-play,41,501000040,UCT,UCT,30000,-1.0,true,NaturalEnd,1,72,24,3238,3199,36,36,17,19,19,17,2,3,5,5,2,1,advantage_objectives,S00:0:0:0|S01:0:0:0|S02:0:0:0|S03:2:0:1|S04:0:0:0|S10:2:0:1|S11:4:2:3|S12:1:1:0|S13:3:3:2|S14:0:0:0|S20:0:0:0|S21:3:3:2|S22:4:2:3|S23:0:0:0|S24:0:0:0|S30:0:0:0|S31:1:1:0|S32:2:1:2|S33:4:2:3|S34:0:1:1|S40:2:0:1|S41:1:1:0|S42:0:0:0|S43:0:0:0|S44:0:0:0|O00:4:0:3|O01:4:1:3|O02:3:3:0|O03:1:1:0|O10:4:0:3|O11:3:3:0|O12:3:3:0|O13:3:3:0|O20:3:3:0|O21:4:0:3|O22:4:0:3|O23:2:0:1|O30:1:1:0|O31:0:1:1|O32:0:0:0|O33:0:0:0,experiments/issue-47/results/production/tasks/issue-47-v1-production-uct-030000-g0041/uct-30000-self-play-0041.trl
uct-30000-self-play,42,501000041,UCT,UCT,30000,-1.0,true,NaturalEnd,2,72,24,3161,3238,36,36,20,17,16,19,2,3,5,5,0,2,advantage_objectives,S00:0:0:0|S01:0:0:0|S02:1:2:1|S03:0:0:0|S04:0:0:0|S10:0:0:0|S11:0:1:1|S12:4:2:3|S13:1:1:0|S14:0:0:0|S20:0:0:0|S21:4:2:3|S22:2:0:1|S23:4:2:3|S24:0:0:0|S30:1:2:0|S31:2:0:1|S32:3:3:2|S33:3:3:2|S34:1:2:0|S40:0:0:0|S41:0:0:0|S42:0:0:0|S43:0:0:0|S44:0:0:0|O00:0:0:0|O01:2:0:1|O02:4:0:3|O03:0:0:0|O10:4:1:3|O11:4:0:3|O12:4:0:3|O13:2:0:1|O20:0:0:0|O21:4:0:3|O22:3:3:0|O23:3:3:2|O30:0:0:0|O31:3:3:0|O32:3:3:0|O33:3:3:0,experiments/issue-47/results/production/tasks/issue-47-v1-production-uct-030000-g0042/uct-30000-self-play-0042.trl
uct-30000-self-play,43,501000042,UCT,UCT,30000,-1.0,true,NaturalEnd,1,72,24,3831,3199,36,36,16,19,20,17,2,2,6,5,1,1,secured_objectives,S00:0:0:0|S01:0:0:0|S02:0:0:0|S03:0:0:0|S04:2:0:1|S10:0:0:0|S11:3:3:2|S12:1:2:1|S13:0:1:1|S14:2:0:2|S20:1:1:0|S21:4:2:3|S22:3:3:2|S23:2:1:2|S24:0:0:0|S30:1:1:0|S31:4:2:3|S32:2:0:1|S33:0:0:0|S34:0:0:0|S40:0:0:0|S41:0:0:0|S42:2:0:1|S43:0:0:0|S44:0:0:0|O00:3:3:0|O01:3:3:0|O02:1:2:0|O03:0:0:0|O10:3:3:0|O11:3:3:0|O12:3:3:0|O13:2:0:2|O20:4:0:3|O21:4:0:3|O22:3:3:0|O23:0:0:0|O30:4:0:3|O31:4:0:3|O32:4:0:3|O33:0:0:0,experiments/issue-47/results/production/tasks/issue-47-v1-production-uct-030000-g0043/uct-30000-self-play-0043.trl
uct-30000-self-play,44,501000043,UCT,UCT,30000,-1.0,true,NaturalEnd,1,72,24,3238,3199,36,36,17,19,19,17,1,2,5,5,2,1,advantage_objectives,S00:2:0:1|S01:0:0:0|S02:0:0:0|S03:0:0:0|S04:0:0:0|S10:0:0:0|S11:0:1:1|S12:1:2:1|S13:1:2:1|S14:0:0:0|S20:2:0:1|S21:0:0:0|S22:0:1:1|S23:4:2:3|S24:0:0:0|S30:0:0:0|S31:0:2:2|S32:3:3:2|S33:4:2:3|S34:2:0:1|S40:0:0:0|S41:0:1:1|S42:0:1:1|S43:0:0:0|S44:0:0:0|O00:1:2:0|O01:3:3:0|O02:3:3:0|O03:1:1:0|O10:0:0:0|O11:3:3:0|O12:3:3:0|O13:4:0:3|O20:0:0:0|O21:3:3:0|O22:4:0:3|O23:4:1:3|O30:0:0:0|O31:2:0:2|O32:4:0:3|O33:4:0:3,experiments/issue-47/results/production/tasks/issue-47-v1-production-uct-030000-g0044/uct-30000-self-play-0044.trl
uct-30000-self-play,45,501000044,UCT,UCT,30000,-1.0,true,NaturalEnd,1,72,24,3830,3199,36,36,17,19,19,17,2,3,6,5,1,1,secured_objectives,S00:0:0:0|S01:1:1:0|S02:0:0:0|S03:2:1:2|S04:0:0:0|S10:2:0:1|S11:3:3:2|S12:0:1:1|S13:4:2:3|S14:0:0:0|S20:0:0:0|S21:3:3:2|S22:4:2:3|S23:4:2:3|S24:0:0:0|S30:2:0:1|S31:1:1:0|S32:0:1:1|S33:0:0:0|S34:0:0:0|S40:0:0:0|S41:0:0:0|S42:0:0:0|S43:0:0:0|S44:0:0:0|O00:3:3:0|O01:3:3:0|O02:4:0:3|O03:2:0:2|O10:3:3:0|O11:3:3:0|O12:4:0:3|O13:4:0:3|O20:3:3:0|O21:3:3:0|O22:4:0:3|O23:4:0:3|O30:0:0:0|O31:1:1:0|O32:0:0:0|O33:0:0:0,experiments/issue-47/results/production/tasks/issue-47-v1-production-uct-030000-g0045/uct-30000-self-play-0045.trl
uct-30000-self-play,46,501000045,UCT,UCT,30000,-1.0,true,NaturalEnd,1,72,24,3832,3237,36,36,15,18,21,18,1,3,6,5,1,2,secured_objectives,S00:0:0:0|S01:2:0:1|S02:0:1:1|S03:0:1:1|S04:0:0:0|S10:0:0:0|S11:4:2:3|S12:0:0:0|S13:1:1:0|S14:0:0:0|S20:0:0:0|S21:1:1:0|S22:0:1:1|S23:4:2:3|S24:0:0:0|S30:2:0:1|S31:2:0:1|S32:4:2:3|S33:3:3:2|S34:0:0:0|S40:2:0:1|S41:0:0:0|S42:1:1:0|S43:0:0:0|S44:0:0:0|O00:2:0:1|O01:2:0:2|O02:0:0:0|O03:1:1:0|O10:4:0:3|O11:3:3:0|O12:4:2:3|O13:4:0:3|O20:3:3:0|O21:3:3:0|O22:4:0:3|O23:3:3:0|O30:0:0:0|O31:4:0:3|O32:3:3:0|O33:3:3:0,experiments/issue-47/results/production/tasks/issue-47-v1-production-uct-030000-g0046/uct-30000-self-play-0046.trl
uct-30000-self-play,47,501000046,UCT,UCT,30000,-1.0,true,NaturalEnd,1,72,24,3313,2568,36,36,16,21,20,15,1,2,5,4,4,1,secured_objectives,S00:0:0:0|S01:0:0:0|S02:0:0:0|S03:0:0:0|S04:0:0:0|S10:2:0:1|S11:0:2:2|S12:2:1:2|S13:1:2:1|S14:2:0:1|S20:0:0:0|S21:4:2:3|S22:0:1:1|S23:1:2:1|S24:0:0:0|S30:0:0:0|S31:4:2:3|S32:3:3:2|S33:0:0:0|S34:2:1:2|S40:0:0:0|S41:0:0:0|S42:2:0:2|S43:0:0:0|S44:0:0:0|O00:2:0:1|O01:0:0:0|O02:1:1:0|O03:1:2:0|O10:4:0:3|O11:4:0:3|O12:1:1:0|O13:3:3:0|O20:4:0:3|O21:3:3:0|O22:3:3:0|O23:1:1:0|O30:4:0:3|O31:3:3:2|O32:3:3:0|O33:0:0:0,experiments/issue-47/results/production/tasks/issue-47-v1-production-uct-030000-g0047/uct-30000-self-play-0047.trl
uct-30000-self-play,48,501000047,UCT,UCT,30000,-1.0,true,NaturalEnd,1,72,24,2680,2567,36,36,20,22,16,14,2,3,4,4,4,1,advantage_objectives,S00:2:0:1|S01:0:0:0|S02:0:0:0|S03:0:0:0|S04:0:0:0|S10:0:1:1|S11:4:2:3|S12:4:2:3|S13:3:3:2|S14:0:0:0|S20:0:0:0|S21:0:2:2|S22:3:3:2|S23:4:2:3|S24:0:0:0|S30:0:0:0|S31:1:2:1|S32:0:1:1|S33:1:2:1|S34:0:0:0|S40:0:0:0|S41:0:0:0|S42:0:0:0|S43:0:0:0|S44:2:0:2|O00:4:0:3|O01:4:0:3|O02:3:3:1|O03:3:3:0|O10:2:0:1|O11:4:0:3|O12:4:0:3|O13:1:1:0|O20:0:0:0|O21:3:3:0|O22:3:3:0|O23:1:1:0|O30:1:1:0|O31:0:0:0|O32:0:0:0|O33:1:1:0,experiments/issue-47/results/production/tasks/issue-47-v1-production-uct-030000-g0048/uct-30000-self-play-0048.trl
uct-30000-self-play,49,501000048,UCT,UCT,30000,-1.0,true,NaturalEnd,2,72,24,3199,3830,36,36,19,17,17,19,2,3,5,6,1,1,secured_objectives,S00:0:0:0|S01:1:1:0|S02:2:0:1|S03:0:0:0|S04:0:0:0|S10:0:0:0|S11:0:0:0|S12:4:2:3|S13:3:3:2|S14:0:0:0|S20:0:0:0|S21:1:1:0|S22:4:2:3|S23:4:2:3|S24:0:0:0|S30:0:0:0|S31:1:2:0|S32:0:1:1|S33:3:3:2|S34:0:0:0|S40:0:1:1|S41:0:0:0|S42:1:1:0|S43:0:0:0|S44:2:0:1|O00:0:0:0|O01:2:0:1|O02:4:1:3|O03:3:3:0|O10:1:1:0|O11:4:0:3|O12:4:0:3|O13:3:3:0|O20:3:3:0|O21:4:0:3|O22:4:0:3|O23:4:0:3|O30:0:0:0|O31:0:0:0|O32:3:3:0|O33:3:3:0,experiments/issue-47/results/production/tasks/issue-47-v1-production-uct-030000-g0049/uct-30000-self-play-0049.trl
uct-30000-self-play,50,501000049,UCT,UCT,30000,-1.0,true,NaturalEnd,2,72,24,3199,3792,36,36,19,18,17,18,2,3,5,6,1,0,secured_objectives,S00:1:1:0|S01:0:0:0|S02:0:0:0|S03:0:1:1|S04:0:0:0|S10:0:0:0|S11:3:3:2|S12:0:1:1|S13:0:0:0|S14:0:0:0|S20:0:0:0|S21:4:2:3|S22:4:2:3|S23:0:1:1|S24:0:0:0|S30:0:0:0|S31:0:2:2|S32:4:2:3|S33:3:3:2|S34:1:1:0|S40:0:0:0|S41:0:0:0|S42:0:0:0|S43:0:0:0|S44:0:0:0|O00:3:3:0|O01:3:3:0|O02:0:0:0|O03:0:0:0|O10:4:0:3|O11:3:3:0|O12:4:0:3|O13:0:0:0|O20:4:0:3|O21:4:1:3|O22:4:0:3|O23:3:3:0|O30:0:0:0|O31:4:0:3|O32:1:1:0|O33:3:3:0,experiments/issue-47/results/production/tasks/issue-47-v1-production-uct-030000-g0050/uct-30000-self-play-0050.trl
uct-30000-self-play,51,501000050,UCT,UCT,30000,-1.0,true,NaturalEnd,2,72,24,3161,3793,36,36,20,17,16,19,2,3,5,6,0,0,secured_objectives,S00:0:0:0|S01:0:0:0|S02:0:0:0|S03:0:0:0|S04:1:1:0|S10:1:1:0|S11:1:2:1|S12:1:1:0|S13:1:1:0|S14:2:0:1|S20:0:0:0|S21:4:2:3|S22:3:3:2|S23:2:0:1|S24:0:0:0|S30:0:0:0|S31:4:2:3|S32:4:2:3|S33:3:3:2|S34:0:0:0|S40:2:0:1|S41:1:1:0|S42:1:1:0|S43:0:0:0|S44:0:0:0|O00:0:0:0|O01:3:3:0|O02:3:3:0|O03:0:0:0|O10:4:0:3|O11:3:3:0|O12:3:3:0|O13:0:1:1|O20:4:0:3|O21:4:0:3|O22:3:3:0|O23:0:0:0|O30:4:0:3|O31:4:0:3|O32:4:0:3|O33:0:0:0,experiments/issue-47/results/production/tasks/issue-47-v1-production-uct-030000-g0051/uct-30000-self-play-0051.trl
uct-30000-self-play,52,501000051,UCT,UCT,30000,-1.0,true,NaturalEnd,1,72,24,3275,2606,36,36,17,20,19,16,3,1,5,4,3,2,secured_objectives,S00:0:0:0|S01:0:0:0|S02:0:0:0|S03:2:0:1|S04:0:0:0|S10:0:0:0|S11:3:3:2|S12:4:2:3|S13:2:1:2|S14:0:0:0|S20:0:0:0|S21:0:1:1|S22:0:1:1|S23:2:0:1|S24:2:0:1|S30:0:0:0|S31:3:3:2|S32:3:3:2|S33:1:2:1|S34:2:1:2|S40:0:0:0|S41:0:0:0|S42:2:0:1|S43:0:0:0|S44:0:0:0|O00:3:3:0|O01:4:0:3|O02:4:0:3|O03:2:0:1|O10:1:2:0|O11:3:3:0|O12:4:0:3|O13:4:0:3|O20:1:1:0|O21:3:3:1|O22:3:3:0|O23:2:0:2|O30:1:1:0|O31:3:3:0|O32:0:0:0|O33:0:0:0,experiments/issue-47/results/production/tasks/issue-47-v1-production-uct-030000-g0052/uct-30000-self-play-0052.trl
uct-30000-self-play,53,501000052,UCT,UCT,30000,-1.0,true,NaturalEnd,1,72,24,3831,3236,36,36,16,19,20,17,0,3,6,5,1,2,secured_objectives,S00:0:0:0|S01:0:0:0|S02:0:0:0|S03:0:0:0|S04:0:0:0|S10:0:1:1|S11:4:2:3|S12:2:1:2|S13:0:2:2|S14:0:0:0|S20:1:1:0|S21:4:2:3|S22:4:2:3|S23:0:1:1|S24:2:0:1|S30:0:0:0|S31:1:1:0|S32:2:1:2|S33:1:1:0|S34:0:0:0|S40:0:0:0|S41:2:0:1|S42:0:0:0|S43:0:0:0|S44:1:1:0|O00:2:0:1|O01:4:0:3|O02:0:0:0|O03:0:0:0|O10:3:3:0|O11:4:0:3|O12:4:0:3|O13:2:0:1|O20:3:3:0|O21:4:0:3|O22:4:0:3|O23:1:2:0|O30:3:3:0|O31:3:3:0|O32:3:3:0|O33:3:3:0,experiments/issue-47/results/production/tasks/issue-47-v1-production-uct-030000-g0053/uct-30000-self-play-0053.trl
uct-30000-self-play,54,501000053,UCT,UCT,30000,-1.0,true,NaturalEnd,2,72,24,3871,4424,36,36,13,15,23,21,0,2,6,7,2,0,secured_objectives,S00:0:0:0|S01:0:0:0|S02:0:0:0|S03:1:1:0|S04:0:0:0|S10:2:0:1|S11:4:2:3|S12:0:1:1|S13:0:1:1|S14:1:1:0|S20:0:0:0|S21:2:1:2|S22:1:1:0|S23:2:0:1|S24:1:1:0|S30:0:0:0|S31:4:2:3|S32:0:0:0|S33:0:1:1|S34:0:0:0|S40:2:0:1|S41:0:0:0|S42:0:1:1|S43:0:0:0|S44:0:0:0|O00:4:0:3|O01:4:2:3|O02:3:3:0|O03:3:3:0|O10:4:0:3|O11:3:3:0|O12:3:3:0|O13:3:3:0|O20:4:0:3|O21:4:0:3|O22:3:3:0|O23:1:1:0|O30:4:0:3|O31:4:0:3|O32:0:0:0|O33:1:2:0,experiments/issue-47/results/production/tasks/issue-47-v1-production-uct-030000-g0054/uct-30000-self-play-0054.trl
uct-30000-self-play,55,501000054,UCT,UCT,30000,-1.0,true,NaturalEnd,2,72,24,2053,2643,36,36,18,20,18,16,1,3,3,4,4,3,secured_objectives,S00:0:0:0|S01:0:1:1|S02:0:0:0|S03:0:0:0|S04:0:0:0|S10:0:0:0|S11:0:1:1|S12:4:2:3|S13:0:2:2|S14:1:1:0|S20:2:0:1|S21:0:1:1|S22:3:3:2|S23:1:2:1|S24:0:0:0|S30:0:0:0|S31:2:0:1|S32:4:2:3|S33:4:2:3|S34:0:0:0|S40:0:0:0|S41:1:1:0|S42:0:0:0|S43:0:0:0|S44:2:0:1|O00:1:2:0|O01:1:1:0|O02:0:0:0|O03:1:1:0|O10:0:0:0|O11:3:3:0|O12:3:3:0|O13:1:2:0|O20:2:0:1|O21:3:3:0|O22:4:2:3|O23:4:0:3|O30:2:0:1|O31:4:0:3|O32:4:1:3|O33:2:0:2,experiments/issue-47/results/production/tasks/issue-47-v1-production-uct-030000-g0055/uct-30000-self-play-0055.trl
uct-30000-self-play,56,501000055,UCT,UCT,30000,-1.0,true,NaturalEnd,0,72,24,3237,3237,36,36,18,18,18,18,3,3,5,5,2,2,draw,S00:0:0:0|S01:0:0:0|S02:0:0:0|S03:1:1:0|S04:0:0:0|S10:0:0:0|S11:0:0:0|S12:3:3:2|S13:4:2:3|S14:0:0:0|S20:0:0:0|S21:3:3:2|S22:3:3:2|S23:0:2:2|S24:0:0:0|S30:0:0:0|S31:2:0:1|S32:4:2:3|S33:4:2:3|S34:0:0:0|S40:0:0:0|S41:0:0:0|S42:0:0:0|S43:0:0:0|S44:0:0:0|O00:0:0:0|O01:1:1:0|O02:3:3:0|O03:1:2:1|O10:0:0:0|O11:3:3:0|O12:3:3:0|O13:4:0:3|O20:3:3:0|O21:3:3:0|O22:4:0:3|O23:4:0:3|O30:2:0:1|O31:4:0:3|O32:4:0:3|O33:2:0:1,experiments/issue-47/results/production/tasks/issue-47-v1-production-uct-030000-g0056/uct-30000-self-play-0056.trl
uct-30000-self-play,57,501000056,UCT,UCT,30000,-1.0,true,NaturalEnd,2,72,24,3162,3198,36,36,19,20,17,16,3,3,5,5,0,1,advantage_objectives,S00:0:0:0|S01:0:0:0|S02:0:0:0|S03:0:0:0|S04:0:0:0|S10:0:0:0|S11:0:0:0|S12:1:2:1|S13:2:1:2|S14:0:0:0|S20:0:0:0|S21:3:3:2|S22:4:2:3|S23:4:2:3|S24:0:0:0|S30:0:0:0|S31:3:3:2|S32:4:2:3|S33:3:3:2|S34:0:0:0|S40:0:0:0|S41:0:0:0|S42:0:0:0|S43:0:1:1|S44:2:0:1|O00:0:0:0|O01:0:0:0|O02:0:0:0|O03:0:0:0|O10:3:3:0|O11:4:0:3|O12:4:0:3|O13:2:0:1|O20:3:3:0|O21:4:2:3|O22:4:0:3|O23:4:0:3|O30:0:0:0|O31:3:3:0|O32:3:3:0|O33:3:3:0,experiments/issue-47/results/production/tasks/issue-47-v1-production-uct-030000-g0057/uct-30000-self-play-0057.trl
uct-30000-self-play,58,501000057,UCT,UCT,30000,-1.0,true,NaturalEnd,1,72,24,3160,2605,36,36,21,21,15,15,4,3,5,4,0,2,secured_objectives,S00:0:1:1|S01:2:0:1|S02:0:0:0|S03:0:0:0|S04:0:0:0|S10:0:0:0|S11:4:2:3|S12:3:3:2|S13:0:0:0|S14:0:0:0|S20:2:0:1|S21:3:3:2|S22:4:2:3|S23:4:2:3|S24:0:0:0|S30:0:0:0|S31:3:3:2|S32:0:1:1|S33:3:3:2|S34:0:0:0|S40:0:0:0|S41:1:1:0|S42:0:0:0|S43:0:0:0|S44:0:0:0|O00:2:0:2|O01:4:0:3|O02:3:3:0|O03:0:0:0|O10:3:3:0|O11:4:0:3|O12:4:0:3|O13:2:0:1|O20:3:3:0|O21:3:3:0|O22:4:0:3|O23:0:0:0|O30:3:3:0|O31:0:0:0|O32:0:0:0|O33:0:0:0,experiments/issue-47/results/production/tasks/issue-47-v1-production-uct-030000-g0058/uct-30000-self-play-0058.trl
uct-30000-self-play,59,501000058,UCT,UCT,30000,-1.0,true,NaturalEnd,1,72,24,4424,3237,36,36,15,18,21,18,2,1,7,5,0,2,secured_objectives,S00:0:0:0|S01:0:0:0|S02:2:0:1|S03:2:0:1|S04:0:0:0|S10:2:0:1|S11:2:1:2|S12:0:1:1|S13:3:3:2|S14:0:0:0|S20:0:0:0|S21:0:1:1|S22:0:0:0|S23:0:1:1|S24:0:0:0|S30:1:1:0|S31:4:2:3|S32:1:2:1|S33:3:3:2|S34:0:0:0|S40:0:0:0|S41:0:0:0|S42:2:0:1|S43:2:0:1|S44:0:0:0|O00:4:0:3|O01:4:0:3|O02:2:0:2|O03:3:3:0|O10:4:0:3|O11:4:0:3|O12:3:3:0|O13:3:3:0|O20:0:0:0|O21:4:0:3|O22:3:3:0|O23:3:3:0|O30:2:0:1|O31:0:0:0|O32:3:3:0|O33:3:3:0,experiments/issue-47/results/production/tasks/issue-47-v1-production-uct-030000-g0059/uct-30000-self-play-0059.trl
uct-30000-self-play,60,501000059,UCT,UCT,30000,-1.0,true,NaturalEnd,2,72,24,2644,3200,36,36,19,18,17,18,1,2,4,5,3,1,secured_objectives,S00:0:0:0|S01:0:0:0|S02:1:1:0|S03:0:0:0|S04:1:1:0|S10:0:0:0|S11:0:1:1|S12:1:2:1|S13:0:1:1|S14:0:0:0|S20:0:0:0|S21:0:2:2|S22:4:2:3|S23:3:3:2|S24:2:0:1|S30:0:0:0|S31:0:2:2|S32:1:2:1|S33:4:2:3|S34:0:0:0|S40:2:0:1|S41:0:0:0|S42:0:0:0|S43:0:0:0|S44:0:0:0|O00:1:1:0|O01:3:3:0|O02:1:1:0|O03:0:0:0|O10:1:2:1|O11:4:0:3|O12:3:3:0|O13:3:3:0|O20:2:0:1|O21:4:0:3|O22:3:3:0|O23:4:0:3|O30:0:0:0|O31:0:1:1|O32:4:0:3|O33:4:0:3,experiments/issue-47/results/production/tasks/issue-47-v1-production-uct-030000-g0060/uct-30000-self-play-0060.trl
uct-30000-self-play,61,501000060,UCT,UCT,30000,-1.0,true,NaturalEnd,1,72,24,2606,2567,36,36,20,22,16,14,2,3,4,4,2,1,advantage_objectives,S00:0:0:0|S01:0:0:0|S02:0:0:0|S03:2:0:1|S04:2:0:1|S10:0:0:0|S11:3:3:2|S12:4:2:3|S13:0:1:1|S14:0:0:0|S20:0:0:0|S21:0:1:1|S22:4:2:3|S23:4:2:3|S24:0:0:0|S30:0:0:0|S31:0:2:2|S32:1:2:1|S33:3:3:2|S34:0:0:0|S40:0:0:0|S41:0:1:1|S42:0:1:1|S43:0:0:0|S44:0:0:0|O00:0:0:0|O01:0:0:0|O02:3:3:0|O03:1:1:0|O10:0:0:0|O11:3:3:0|O12:4:1:3|O13:1:2:0|O20:0:0:0|O21:4:0:3|O22:4:0:3|O23:4:0:3|O30:0:0:0|O31:2:0:2|O32:3:3:0|O33:3:3:0,experiments/issue-47/results/production/tasks/issue-47-v1-production-uct-030000-g0061/uct-30000-self-play-0061.trl
uct-30000-self-play,62,501000061,UCT,UCT,30000,-1.0,true,NaturalEnd,1,72,24,3831,3793,36,36,16,17,20,19,1,3,6,6,1,0,advantage_objectives,S00:0:0:0|S01:0:0:0|S02:0:0:0|S03:0:0:0|S04:0:0:0|S10:0:0:0|S11:1:1:0|S12:1:2:1|S13:0:1:1|S14:1:1:0|S20:0:0:0|S21:4:1:3|S22:1:2:1|S23:0:0:0|S24:0:0:0|S30:0:0:0|S31:4:2:3|S32:4:2:3|S33:3:3:2|S34:0:0:0|S40:0:0:0|S41:0:0:0|S42:0:1:1|S43:2:0:2|S44:0:0:0|O00:1:1:0|O01:3:3:0|O02:0:1:1|O03:0:0:0|O10:4:0:3|O11:3:3:0|O12:3:3:0|O13:0:0:0|O20:4:0:3|O21:4:0:3|O22:3:3:0|O23:3:3:0|O30:4:0:3|O31:4:0:3|O32:4:0:3|O33:3:3:0,experiments/issue-47/results/production/tasks/issue-47-v1-production-uct-030000-g0062/uct-30000-self-play-0062.trl
uct-30000-self-play,63,501000062,UCT,UCT,30000,-1.0,true,NaturalEnd,1,72,24,3793,2644,36,36,17,19,19,17,2,1,6,4,0,3,secured_objectives,S00:2:0:1|S01:0:1:1|S02:0:0:0|S03:0:0:0|S04:2:0:1|S10:0:0:0|S11:3:3:2|S12:2:1:2|S13:0:0:0|S14:0:0:0|S20:0:0:0|S21:0:1:1|S22:2:1:2|S23:0:1:1|S24:0:0:0|S30:0:0:0|S31:4:2:3|S32:0:1:1|S33:3:3:2|S34:0:0:0|S40:0:0:0|S41:0:0:0|S42:2:1:2|S43:1:1:0|S44:1:1:0|O00:0:1:1|O01:4:0:3|O02:2:0:1|O03:0:0:0|O10:3:3:0|O11:4:0:3|O12:4:0:3|O13:0:0:0|O20:2:0:2|O21:3:3:0|O22:3:3:0|O23:3:3:0|O30:2:0:1|O31:4:0:3|O32:3:3:0|O33:3:3:0,experiments/issue-47/results/production/tasks/issue-47-v1-production-uct-030000-g0063/uct-30000-self-play-0063.trl
uct-30000-self-play,64,501000063,UCT,UCT,30000,-1.0,true,NaturalEnd,2,72,24,2567,3198,36,36,22,20,14,16,2,2,4,5,1,1,secured_objectives,S00:0:0:0|S01:0:0:0|S02:1:1:0|S03:0:0:0|S04:0:0:0|S10:0:0:0|S11:3:3:2|S12:0:1:1|S13:0:1:1|S14:0:0:0|S20:0:0:0|S21:2:1:2|S22:4:2:3|S23:0:2:2|S24:0:0:0|S30:1:1:0|S31:4:2:3|S32:3:3:2|S33:1:2:1|S34:1:2:1|S40:0:0:0|S41:0:0:0|S42:0:0:0|S43:2:0:2|S44:1:1:0|O00:0:0:0|O01:0:0:0|O02:2:0:1|O03:0:0:0|O10:0:0:0|O11:4:0:3|O12:4:0:3|O13:1:1:0|O20:4:0:3|O21:4:0:3|O22:3:3:0|O23:3:3:0|O30:4:1:3|O31:3:3:0|O32:3:3:0|O33:0:0:0,experiments/issue-47/results/production/tasks/issue-47-v1-production-uct-030000-g0064/uct-30000-self-play-0064.trl
uct-30000-self-play,65,501000064,UCT,UCT,30000,-1.0,true,NaturalEnd,2,72,24,2642,3198,36,36,21,20,15,16,1,3,4,5,3,1,secured_objectives,S00:0:0:0|S01:0:0:0|S02:0:0:0|S03:0:0:0|S04:0:0:0|S10:0:0:0|S11:0:1:1|S12:0:2:2|S13:1:2:1|S14:0:0:0|S20:0:1:1|S21:1:2:1|S22:4:2:3|S23:0:1:1|S24:0:0:0|S30:0:1:1|S31:4:2:3|S32:4:2:3|S33:3:3:2|S34:0:0:0|S40:0:0:0|S41:0:0:0|S42:1:2:1|S43:0:0:0|S44:0:0:0|O00:0:0:0|O01:1:1:0|O02:1:1:0|O03:2:0:1|O10:3:3:0|O11:3:3:0|O12:4:0:3|O13:0:0:0|O20:4:0:3|O21:3:3:0|O22:4:0:3|O23:1:1:0|O30:4:0:3|O31:4:0:3|O32:3:3:0|O33:0:0:0,experiments/issue-47/results/production/tasks/issue-47-v1-production-uct-030000-g0065/uct-30000-self-play-0065.trl
uct-30000-self-play,66,501000065,UCT,UCT,30000,-1.0,true,NaturalEnd,2,72,24,2605,2680,36,36,21,20,15,16,2,3,4,4,2,4,advantage_objectives,S00:0:0:0|S01:0:0:0|S02:0:0:0|S03:0:0:0|S04:0:0:0|S10:0:0:0|S11:4:2:3|S12:4:2:3|S13:0:1:1|S14:0:0:0|S20:2:0:1|S21:0:1:1|S22:3:3:1|S23:4:2:3|S24:0:0:0|S30:3:3:2|S31:0:2:2|S32:1:2:1|S33:2:1:2|S34:0:0:0|S40:0:0:0|S41:0:0:0|S42:1:1:0|S43:1:1:0|S44:0:0:0|O00:2:0:1|O01:4:0:3|O02:2:0:1|O03:0:0:0|O10:2:0:1|O11:3:3:0|O12:4:0:3|O13:2:0:1|O20:0:0:0|O21:3:3:0|O22:4:0:3|O23:4:0:3|O30:1:2:0|O31:3:3:0|O32:3:3:0|O33:1:1:0,experiments/issue-47/results/production/tasks/issue-47-v1-production-uct-030000-g0066/uct-30000-self-play-0066.trl
uct-30000-self-play,67,501000066,UCT,UCT,30000,-1.0,true,NaturalEnd,1,72,24,3830,3238,36,36,17,17,19,19,2,2,6,5,1,2,secured_objectives,S00:2:0:1|S01:1:1:0|S02:2:0:1|S03:0:0:0|S04:0:0:0|S10:0:0:0|S11:1:1:0|S12:4:2:3|S13:3:3:2|S14:0:0:0|S20:0:0:0|S21:0:1:1|S22:0:0:0|S23:3:3:2|S24:0:1:1|S30:0:0:0|S31:0:1:1|S32:2:0:1|S33:4:2:3|S34:0:0:0|S40:2:0:1|S41:0:0:0|S42:0:0:0|S43:1:1:0|S44:1:1:0|O00:0:0:0|O01:3:3:0|O02:3:3:0|O03:3:3:0|O10:2:0:1|O11:1:1:0|O12:3:3:0|O13:3:3:0|O20:4:0:3|O21:4:0:3|O22:3:3:2|O23:2:0:1|O30:4:0:3|O31:4:0:3|O32:4:0:3|O33:0:0:0,experiments/issue-47/results/production/tasks/issue-47-v1-production-uct-030000-g0067/uct-30000-self-play-0067.trl
uct-30000-self-play,68,501000067,UCT,UCT,30000,-1.0,true,NaturalEnd,1,72,24,3236,2567,36,36,19,22,17,14,2,3,5,4,2,1,secured_objectives,S00:0:0:0|S01:0:0:0|S02:0:0:0|S03:0:0:0|S04:2:0:1|S10:2:0:1|S11:4:2:3|S12:0:1:1|S13:1:2:1|S14:0:0:0|S20:0:0:0|S21:3:3:2|S22:4:2:3|S23:0:1:1|S24:1:1:0|S30:0:0:0|S31:0:2:2|S32:3:3:2|S33:4:2:3|S34:0:0:0|S40:0:0:0|S41:2:0:1|S42:2:0:1|S43:0:0:0|S44:0:0:0|O00:2:0:2|O01:4:0:3|O02:0:0:0|O03:0:0:0|O10:3:3:0|O11:4:0:3|O12:4:0:3|O13:1:1:0|O20:3:3:0|O21:3:3:0|O22:4:0:3|O23:1:1:0|O30:0:0:0|O31:3:3:0|O32:3:3:0|O33:0:0:0,experiments/issue-47/results/production/tasks/issue-47-v1-production-uct-030000-g0068/uct-30000-self-play-0068.trl
uct-30000-self-play,69,501000068,UCT,UCT,30000,-1.0,true,NaturalEnd,2,72,24,2607,3164,36,36,19,17,17,19,1,3,4,5,2,0,secured_objectives,S00:0:0:0|S01:0:0:0|S02:0:0:0|S03:1:2:0|S04:0:0:0|S10:1:1:0|S11:0:2:2|S12:4:2:3|S13:1:2:1|S14:1:1:0|S20:0:0:0|S21:0:0:0|S22:3:3:2|S23:4:2:3|S24:0:0:0|S30:0:0:0|S31:0:0:0|S32:0:2:2|S33:4:2:3|S34:2:0:1|S40:0:0:0|S41:0:0:0|S42:0:0:0|S43:0:0:0|S44:0:0:0|O00:0:0:0|O01:0:0:0|O02:3:3:2|O03:1:1:0|O10:0:0:0|O11:4:2:3|O12:3:3:2|O13:4:1:3|O20:0:0:0|O21:3:3:0|O22:3:3:0|O23:4:0:3|O30:0:0:0|O31:1:1:0|O32:4:0:3|O33:4:0:3,experiments/issue-47/results/production/tasks/issue-47-v1-production-uct-030000-g0069/uct-30000-self-play-0069.trl
uct-30000-self-play,70,501000069,UCT,UCT,30000,-1.0,true,NaturalEnd,1,72,24,3792,3199,36,36,18,19,18,17,2,2,6,5,0,1,secured_objectives,S00:0:0:0|S01:0:0:0|S02:0:0:0|S03:0:0:0|S04:0:0:0|S10:0:0:0|S11:2:1:2|S12:4:2:3|S13:3:3:2|S14:0:0:0|S20:1:2:0|S21:0:0:0|S22:0:2:2|S23:4:2:3|S24:0:0:0|S30:0:0:0|S31:2:1:2|S32:1:1:0|S33:3:3:2|S34:0:1:1|S40:2:0:1|S41:0:0:0|S42:2:0:1|S43:0:0:0|S44:0:0:0|O00:0:0:0|O01:4:0:3|O02:4:0:3|O03:3:3:0|O10:0:0:0|O11:4:0:3|O12:4:0:3|O13:3:3:0|O20:0:0:0|O21:3:3:0|O22:4:0:3|O23:3:3:0|O30:2:0:1|O31:3:3:1|O32:3:3:0|O33:0:0:0,experiments/issue-47/results/production/tasks/issue-47-v1-production-uct-030000-g0070/uct-30000-self-play-0070.trl
uct-30000-self-play,71,501000070,UCT,UCT,30000,-1.0,true,NaturalEnd,1,72,24,4425,3831,36,36,14,16,22,20,1,2,7,6,0,1,secured_objectives,S00:0:0:0|S01:0:0:0|S02:0:0:0|S03:0:0:0|S04:0:0:0|S10:0:0:0|S11:3:3:2|S12:0:1:1|S13:0:1:1|S14:0:0:0|S20:0:0:0|S21:0:1:1|S22:0:1:1|S23:4:2:3|S24:0:0:0|S30:2:0:1|S31:1:1:0|S32:0:1:1|S33:4:2:3|S34:0:0:0|S40:0:0:0|S41:0:0:0|S42:2:1:2|S43:0:0:0|S44:0:0:0|O00:3:3:0|O01:3:3:0|O02:0:0:0|O03:0:0:0|O10:3:3:0|O11:3:3:0|O12:2:0:2|O13:4:0:3|O20:3:3:0|O21:3:3:0|O22:4:0:3|O23:4:1:3|O30:3:3:0|O31:4:0:3|O32:4:0:3|O33:4:0:3,experiments/issue-47/results/production/tasks/issue-47-v1-production-uct-030000-g0071/uct-30000-self-play-0071.trl
uct-30000-self-play,72,501000071,UCT,UCT,30000,-1.0,true,NaturalEnd,1,72,24,3238,3198,36,36,17,20,19,16,1,2,5,5,2,1,advantage_objectives,S00:0:1:1|S01:0:0:0|S02:0:1:1|S03:2:1:2|S04:0:0:0|S10:0:0:0|S11:0:1:1|S12:2:1:2|S13:4:2:3|S14:0:0:0|S20:0:0:0|S21:1:1:0|S22:4:2:3|S23:0:0:0|S24:0:0:0|S30:0:0:0|S31:3:3:2|S32:2:1:2|S33:0:0:0|S34:0:0:0|S40:0:0:0|S41:2:0:2|S42:0:1:1|S43:1:1:0|S44:1:1:0|O00:1:2:0|O01:3:3:0|O02:1:2:0|O03:4:0:3|O10:3:3:0|O11:3:3:0|O12:4:0:3|O13:2:0:1|O20:3:3:0|O21:4:0:3|O22:4:0:3|O23:0:0:0|O30:3:3:0|O31:4:0:3|O32:0:0:0|O33:0:0:0,experiments/issue-47/results/production/tasks/issue-47-v1-production-uct-030000-g0072/uct-30000-self-play-0072.trl
uct-30000-self-play,73,501000072,UCT,UCT,30000,-1.0,true,NaturalEnd,2,72,24,3238,3792,36,36,17,18,19,18,1,2,5,6,2,0,secured_objectives,S00:1:1:0|S01:0:0:0|S02:0:1:1|S03:2:0:1|S04:0:0:0|S10:0:0:0|S11:4:2:3|S12:3:3:2|S13:4:2:3|S14:0:0:0|S20:2:0:1|S21:1:2:1|S22:0:1:1|S23:0:1:1|S24:2:0:1|S30:1:1:0|S31:0:1:1|S32:0:0:0|S33:0:1:1|S34:0:0:0|S40:0:0:0|S41:1:1:0|S42:0:0:0|S43:2:0:1|S44:0:0:0|O00:4:0:3|O01:4:0:3|O02:4:0:3|O03:4:0:3|O10:4:0:3|O11:3:3:0|O12:3:3:0|O13:4:0:3|O20:3:3:0|O21:1:2:0|O22:3:3:0|O23:0:0:0|O30:3:3:0|O31:1:2:0|O32:0:0:0|O33:0:0:0,experiments/issue-47/results/production/tasks/issue-47-v1-production-uct-030000-g0073/uct-30000-self-play-0073.trl
uct-30000-self-play,74,501000073,UCT,UCT,30000,-1.0,true,NaturalEnd,1,72,24,3869,3830,36,36,15,17,21,19,1,2,6,6,2,1,advantage_objectives,S00:0:0:0|S01:0:0:0|S02:0:0:0|S03:0:0:0|S04:0:0:0|S10:0:0:0|S11:4:2:3|S12:1:2:1|S13:3:3:2|S14:0:0:0|S20:1:1:0|S21:0:1:1|S22:0:1:1|S23:2:1:2|S24:2:0:1|S30:1:1:0|S31:0:0:0|S32:0:1:1|S33:4:2:3|S34:2:0:1|S40:0:0:0|S41:0:0:0|S42:0:0:0|S43:2:0:1|S44:0:0:0|O00:4:0:3|O01:2:0:1|O02:1:1:0|O03:3:3:0|O10:4:1:3|O11:3:3:0|O12:3:3:0|O13:4:0:3|O20:3:3:0|O21:3:3:0|O22:3:3:0|O23:4:0:3|O30:1:1:0|O31:0:0:0|O32:4:0:3|O33:4:0:3,experiments/issue-47/results/production/tasks/issue-47-v1-production-uct-030000-g0074/uct-30000-self-play-0074.trl
uct-30000-self-play,75,501000074,UCT,UCT,30000,-1.0,true,NaturalEnd,1,72,24,3237,2567,36,36,18,22,18,14,3,3,5,4,2,1,secured_objectives,S00:0:0:0|S01:0:0:0|S02:0:0:0|S03:2:1:2|S04:0:0:0|S10:0:0:0|S11:2:0:1|S12:4:2:3|S13:3:3:2|S14:2:0:1|S20:0:0:0|S21:0:0:0|S22:2:1:2|S23:4:2:3|S24:4:0:3|S30:0:0:0|S31:0:1:1|S32:3:3:2|S33:3:3:2|S34:0:0:0|S40:1:2:0|S41:0:0:0|S42:0:0:0|S43:0:0:0|S44:0:0:0|O00:0:0:0|O01:4:0:3|O02:4:0:3|O03:1:1:0|O10:0:0:0|O11:4:0:3|O12:4:0:3|O13:3:3:0|O20:0:0:0|O21:3:3:0|O22:3:3:0|O23:2:0:2|O30:0:0:0|O31:3:3:0|O32:3:3:0|O33:1:2:0,experiments/issue-47/results/production/tasks/issue-47-v1-production-uct-030000-g0075/uct-30000-self-play-0075.trl
uct-30000-self-play,76,501000075,UCT,UCT,30000,-1.0,true,NaturalEnd,2,72,24,3236,3792,36,36,19,18,17,18,2,3,5,6,2,0,secured_objectives,S00:0:0:0|S01:0:0:0|S02:0:0:0|S03:0:0:0|S04:0:0:0|S10:0:0:0|S11:0:2:2|S12:0:1:1|S13:4:2:3|S14:0:0:0|S20:0:0:0|S21:0:1:1|S22:4:2:3|S23:4:2:3|S24:0:0:0|S30:0:0:0|S31:0:1:1|S32:3:3:2|S33:3:3:2|S34:1:1:0|S40:0:0:0|S41:1:1:0|S42:0:0:0|S43:0:0:0|S44:0:0:0|O00:0:0:0|O01:0:0:0|O02:4:0:3|O03:4:0:3|O10:0:0:0|O11:4:0:3|O12:4:0:3|O13:4:0:3|O20:1:1:0|O21:3:3:0|O22:4:0:3|O23:3:3:0|O30:1:1:0|O31:3:3:0|O32:3:3:0|O33:3:3:0,experiments/issue-47/results/production/tasks/issue-47-v1-production-uct-030000-g0076/uct-30000-self-play-0076.trl
uct-30000-self-play,77,501000076,UCT,UCT,30000,-1.0,true,NaturalEnd,2,72,24,2606,2644,36,36,20,19,16,17,3,3,4,4,2,3,advantage_objectives,S00:2:0:1|S01:0:0:0|S02:0:0:0|S03:4:2:3|S04:0:0:0|S10:0:0:0|S11:3:3:2|S12:3:3:2|S13:3:3:2|S14:0:0:0|S20:0:0:0|S21:4:2:3|S22:4:2:3|S23:1:1:0|S24:0:0:0|S30:0:0:0|S31:0:1:1|S32:2:0:1|S33:1:1:0|S34:2:0:1|S40:0:0:0|S41:1:1:0|S42:0:0:0|S43:0:0:0|S44:1:1:0|O00:3:3:0|O01:3:3:0|O02:4:0:3|O03:3:3:0|O10:4:0:3|O11:4:0:3|O12:4:1:3|O13:3:3:0|O20:1:2:1|O21:2:0:1|O22:2:0:2|O23:1:1:0|O30:0:0:0|O31:2:0:1|O32:0:0:0|O33:0:0:0,experiments/issue-47/results/production/tasks/issue-47-v1-production-uct-030000-g0077/uct-30000-self-play-0077.trl
uct-30000-self-play,78,501000077,UCT,UCT,30000,-1.0,true,NaturalEnd,1,72,24,3162,2606,36,36,19,20,17,16,3,2,5,4,0,2,secured_objectives,S00:0:0:0|S01:0:0:0|S02:2:0:1|S03:0:1:1|S04:0:0:0|S10:0:0:0|S11:4:2:3|S12:4:2:3|S13:3:3:2|S14:0:0:0|S20:0:0:0|S21:0:1:1|S22:3:3:2|S23:0:1:1|S24:0:0:0|S30:0:0:0|S31:3:3:2|S32:0:2:2|S33:0:0:0|S34:2:0:1|S40:0:0:0|S41:0:1:1|S42:0:0:0|S43:0:0:0|S44:0:0:0|O00:2:0:2|O01:4:0:3|O02:4:2:3|O03:0:0:0|O10:4:0:3|O11:3:3:0|O12:4:0:3|O13:3:3:0|O20:0:0:0|O21:3:3:0|O22:3:3:0|O23:2:0:2|O30:0:0:0|O31:3:3:0|O32:0:0:0|O33:0:0:0,experiments/issue-47/results/production/tasks/issue-47-v1-production-uct-030000-g0078/uct-30000-self-play-0078.trl
uct-30000-self-play,79,501000078,UCT,UCT,30000,-1.0,true,NaturalEnd,0,72,24,3198,3198,36,36,20,20,16,16,2,2,5,5,1,1,draw,S00:0:0:0|S01:0:0:0|S02:0:1:1|S03:0:0:0|S04:0:0:0|S10:0:0:0|S11:0:2:2|S12:4:2:3|S13:3:3:2|S14:0:1:1|S20:0:0:0|S21:3:3:2|S22:4:2:3|S23:0:2:2|S24:0:0:0|S30:1:1:0|S31:0:2:2|S32:2:0:1|S33:2:0:1|S34:1:1:0|S40:0:0:0|S41:0:0:0|S42:0:0:0|S43:0:0:0|S44:0:0:0|O00:0:0:0|O01:4:0:3|O02:4:0:3|O03:3:3:0|O10:3:3:0|O11:4:0:3|O12:3:3:0|O13:3:3:0|O20:3:3:0|O21:4:0:3|O22:4:0:3|O23:2:0:1|O30:1:1:0|O31:0:0:0|O32:0:0:0|O33:0:0:0,experiments/issue-47/results/production/tasks/issue-47-v1-production-uct-030000-g0079/uct-30000-self-play-0079.trl
uct-30000-self-play,80,501000079,UCT,UCT,30000,-1.0,true,NaturalEnd,2,72,24,3275,3793,36,36,17,17,19,19,1,2,5,6,3,0,secured_objectives,S00:0:0:0|S01:0:0:0|S02:2:0:1|S03:0:0:0|S04:0:0:0|S10:0:0:0|S11:3:3:2|S12:4:2:3|S13:0:1:1|S14:0:0:0|S20:0:0:0|S21:0:2:2|S22:0:1:1|S23:1:2:1|S24:0:0:0|S30:1:2:1|S31:4:2:3|S32:0:0:0|S33:0:0:0|S34:0:0:0|S40:0:0:0|S41:0:1:1|S42:0:0:0|S43:0:1:1|S44:0:0:0|O00:3:3:0|O01:4:0:3|O02:4:0:3|O03:1:2:0|O10:3:3:1|O11:3:3:0|O12:3:3:0|O13:3:3:0|O20:4:0:3|O21:4:0:3|O22:1:1:0|O23:1:1:0|O30:4:0:3|O31:4:0:3|O32:0:0:0|O33:0:0:0,experiments/issue-47/results/production/tasks/issue-47-v1-production-uct-030000-g0080/uct-30000-self-play-0080.trl
uct-30000-self-play,81,501000080,UCT,UCT,30000,-1.0,true,NaturalEnd,1,72,24,3276,3199,36,36,16,19,20,17,1,4,5,5,3,1,advantage_objectives,S00:2:0:1|S01:0:0:0|S02:0:0:0|S03:0:0:0|S04:0:0:0|S10:0:0:0|S11:4:2:3|S12:4:2:3|S13:3:3:2|S14:1:1:0|S20:0:0:0|S21:1:1:0|S22:4:2:3|S23:4:2:3|S24:0:0:0|S30:0:0:0|S31:1:2:1|S32:2:0:1|S33:1:1:0|S34:0:0:0|S40:0:0:0|S41:2:0:1|S42:0:0:0|S43:2:0:1|S44:0:0:0|O00:0:0:0|O01:4:0:3|O02:3:3:0|O03:3:3:0|O10:0:1:1|O11:4:0:3|O12:4:0:3|O13:3:3:0|O20:3:3:0|O21:3:3:0|O22:4:0:3|O23:4:0:3|O30:1:1:0|O31:1:2:0|O32:2:0:1|O33:1:1:0,experiments/issue-47/results/production/tasks/issue-47-v1-production-uct-030000-g0081/uct-30000-self-play-0081.trl
uct-30000-self-play,82,501000081,UCT,UCT,30000,-1.0,true,NaturalEnd,1,72,24,3236,2606,36,36,19,20,17,16,2,2,5,4,2,2,secured_objectives,S00:0:1:1|S01:0:0:0|S02:3:3:2|S03:0:0:0|S04:0:0:0|S10:0:0:0|S11:0:2:2|S12:0:2:2|S13:3:3:2|S14:1:1:0|S20:2:0:1|S21:1:1:0|S22:4:2:3|S23:2:1:2|S24:0:0:0|S30:0:0:0|S31:0:0:0|S32:0:1:1|S33:4:2:3|S34:0:0:0|S40:0:0:0|S41:2:0:1|S42:0:0:0|S43:0:0:0|S44:0:0:0|O00:0:0:0|O01:3:3:0|O02:3:3:0|O03:3:3:0|O10:1:1:0|O11:3:3:0|O12:4:0:3|O13:3:3:2|O20:1:1:0|O21:2:0:1|O22:4:0:3|O23:2:0:1|O30:0:0:0|O31:0:0:0|O32:4:0:3|O33:4:0:3,experiments/issue-47/results/production/tasks/issue-47-v1-production-uct-030000-g0082/uct-30000-self-play-0082.trl
uct-30000-self-play,83,501000082,UCT,UCT,30000,-1.0,true,NaturalEnd,2,72,24,2606,3198,36,36,20,20,16,16,1,2,4,5,2,1,secured_objectives,S00:0:1:1|S01:0:0:0|S02:0:0:0|S03:0:1:1|S04:0:0:0|S10:0:0:0|S11:1:2:1|S12:4:2:3|S13:0:2:2|S14:0:0:0|S20:0:1:1|S21:2:0:1|S22:4:2:3|S23:3:3:2|S24:0:0:0|S30:0:0:0|S31:0:1:1|S32:0:1:1|S33:0:1:1|S34:0:0:0|S40:0:0:0|S41:0:2:2|S42:0:0:0|S43:1:1:0|S44:0:0:0|O00:0:0:0|O01:4:0:3|O02:3:3:0|O03:1:2:0|O10:0:0:0|O11:4:0:3|O12:4:0:3|O13:3:3:0|O20:0:0:0|O21:4:0:3|O22:4:0:3|O23:3:3:0|O30:2:0:1|O31:1:2:0|O32:3:3:0|O33:0:0:0,experiments/issue-47/results/production/tasks/issue-47-v1-production-uct-030000-g0083/uct-30000-self-play-0083.trl
uct-30000-self-play,84,501000083,UCT,UCT,30000,-1.0,true,NaturalEnd,2,72,24,3238,3793,36,36,17,17,19,19,1,3,5,6,2,0,secured_objectives,S00:0:0:0|S01:0:0:0|S02:0:0:0|S03:0:0:0|S04:2:0:1|S10:0:1:1|S11:0:0:0|S12:0:1:1|S13:3:3:2|S14:0:0:0|S20:0:0:0|S21:1:2:1|S22:4:2:3|S23:4:2:3|S24:0:0:0|S30:0:0:0|S31:0:2:2|S32:4:2:3|S33:0:0:0|S34:0:0:0|S40:0:0:0|S41:0:0:0|S42:0:0:0|S43:1:2:0|S44:0:0:0|O00:0:0:0|O01:0:0:0|O02:3:3:0|O03:3:3:0|O10:3:3:0|O11:0:1:1|O12:3:3:0|O13:4:0:3|O20:3:3:0|O21:4:0:3|O22:4:0:3|O23:4:0:3|O30:1:2:0|O31:4:0:3|O32:4:0:3|O33:1:1:0,experiments/issue-47/results/production/tasks/issue-47-v1-production-uct-030000-g0084/uct-30000-self-play-0084.trl
uct-30000-self-play,85,501000084,UCT,UCT,30000,-1.0,true,NaturalEnd,1,72,24,3830,3237,36,36,17,18,19,18,1,3,6,5,1,2,secured_objectives,S00:0:0:0|S01:0:0:0|S02:0:0:0|S03:1:1:0|S04:0:0:0|S10:1:1:0|S11:1:2:1|S12:1:1:0|S13:2:0:1|S14:0:0:0|S20:2:1:2|S21:4:2:3|S22:4:2:3|S23:0:1:1|S24:0:0:0|S30:0:0:0|S31:3:3:2|S32:4:2:3|S33:2:0:1|S34:1:1:0|S40:0:0:0|S41:0:0:0|S42:0:0:0|S43:2:0:1|S44:0:0:0|O00:1:1:0|O01:3:3:0|O02:3:3:0|O03:0:0:0|O10:3:3:0|O11:4:0:3|O12:3:3:0|O13:2:0:1|O20:4:0:3|O21:4:0:3|O22:4:0:3|O23:2:0:1|O30:3:3:0|O31:3:3:1|O32:4:0:3|O33:0:0:0,experiments/issue-47/results/production/tasks/issue-47-v1-production-uct-030000-g0085/uct-30000-self-play-0085.trl
uct-30000-self-play,86,501000085,UCT,UCT,30000,-1.0,true,NaturalEnd,1,72,24,3792,2568,36,36,18,21,18,15,3,2,6,4,0,1,secured_objectives,S00:0:0:0|S01:1:1:0|S02:2:0:1|S03:0:0:0|S04:0:0:0|S10:2:0:2|S11:4:2:3|S12:4:2:3|S13:2:1:2|S14:0:1:1|S20:0:0:0|S21:3:3:2|S22:3:3:2|S23:0:0:0|S24:0:0:0|S30:0:0:0|S31:3:3:2|S32:1:1:0|S33:0:1:1|S34:2:0:1|S40:0:0:0|S41:0:0:0|S42:0:0:0|S43:2:0:1|S44:0:0:0|O00:4:0:3|O01:4:0:3|O02:4:0:3|O03:0:0:0|O10:3:3:1|O11:3:3:0|O12:4:0:3|O13:2:0:2|O20:3:3:0|O21:3:3:0|O22:3:3:0|O23:0:0:0|O30:3:3:0|O31:0:0:0|O32:0:0:0|O33:0:0:0,experiments/issue-47/results/production/tasks/issue-47-v1-production-uct-030000-g0086/uct-30000-self-play-0086.trl
uct-30000-self-play,87,501000086,UCT,UCT,30000,-1.0,true,NaturalEnd,1,72,24,3160,2606,36,36,21,20,15,16,2,2,5,4,0,2,secured_objectives,S00:0:0:0|S01:0:0:0|S02:0:0:0|S03:1:1:0|S04:0:0:0|S10:0:0:0|S11:0:1:1|S12:0:1:1|S13:0:1:1|S14:1:1:0|S20:0:0:0|S21:3:3:2|S22:1:2:1|S23:4:2:3|S24:0:0:0|S30:2:0:1|S31:0:1:1|S32:4:2:3|S33:3:3:2|S34:2:0:1|S40:0:0:0|S41:1:1:0|S42:0:1:1|S43:0:1:1|S44:2:0:1|O00:0:0:0|O01:0:0:0|O02:0:0:0|O03:0:0:0|O10:4:0:3|O11:3:3:0|O12:4:0:3|O13:4:0:3|O20:3:3:0|O21:2:0:1|O22:3:3:0|O23:3:3:0|O30:0:0:0|O31:4:0:3|O32:3:3:2|O33:2:0:1,experiments/issue-47/results/production/tasks/issue-47-v1-production-uct-030000-g0087/uct-30000-self-play-0087.trl
uct-30000-self-play,88,501000087,UCT,UCT,30000,-1.0,true,NaturalEnd,1,72,24,2642,1937,36,36,21,23,15,13,3,3,4,3,3,1,secured_objectives,S00:2:0:1|S01:0:0:0|S02:0:0:0|S03:0:0:0|S04:1:1:0|S10:0:0:0|S11:0:0:0|S12:4:2:3|S13:3:3:2|S14:1:1:0|S20:0:0:0|S21:3:3:2|S22:3:3:2|S23:4:2:3|S24:0:0:0|S30:1:2:1|S31:2:1:2|S32:2:0:1|S33:4:2:3|S34:0:1:1|S40:0:0:0|S41:0:0:0|S42:2:0:1|S43:2:0:1|S44:0:0:0|O00:0:0:0|O01:0:0:0|O02:4:0:3|O03:1:1:0|O10:1:1:0|O11:3:3:1|O12:3:3:2|O13:3:3:0|O20:1:1:0|O21:3:3:0|O22:4:0:3|O23:4:0:3|O30:0:0:0|O31:0:0:0|O32:0:0:0|O33:2:0:1,experiments/issue-47/results/production/tasks/issue-47-v1-production-uct-030000-g0088/uct-30000-self-play-0088.trl
uct-30000-self-play,89,501000088,UCT,UCT,30000,-1.0,true,NaturalEnd,0,72,24,3830,3830,36,36,17,17,19,19,0,4,6,6,1,1,draw,S00:0:0:0|S01:0:0:0|S02:0:0:0|S03:0:0:0|S04:0:0:0|S10:0:1:1|S11:4:2:3|S12:4:2:3|S13:4:2:3|S14:1:1:0|S20:0:0:0|S21:2:0:1|S22:1:1:0|S23:0:1:1|S24:2:0:1|S30:0:0:0|S31:1:2:1|S32:1:1:0|S33:4:2:3|S34:0:0:0|S40:0:0:0|S41:0:0:0|S42:1:1:0|S43:1:1:0|S44:0:0:0|O00:0:0:0|O01:4:0:3|O02:4:0:3|O03:1:1:0|O10:4:0:3|O11:3:3:0|O12:4:0:3|O13:4:0:3|O20:2:0:1|O21:3:3:0|O22:3:3:0|O23:4:0:3|O30:3:3:0|O31:3:3:0|O32:3:3:0|O33:0:0:0,experiments/issue-47/results/production/tasks/issue-47-v1-production-uct-030000-g0089/uct-30000-self-play-0089.trl
uct-30000-self-play,90,501000089,UCT,UCT,30000,-1.0,true,NaturalEnd,2,72,24,2606,3198,36,36,20,20,16,16,2,3,4,5,2,1,secured_objectives,S00:1:1:0|S01:0:0:0|S02:0:0:0|S03:2:0:1|S04:2:0:1|S10:0:1:1|S11:0:0:0|S12:0:0:0|S13:0:1:1|S14:0:0:0|S20:0:0:0|S21:4:2:3|S22:4:2:3|S23:3:3:2|S24:0:0:0|S30:0:0:0|S31:4:2:3|S32:3:3:2|S33:1:2:1|S34:1:1:0|S40:1:1:0|S41:0:0:0|S42:2:0:1|S43:0:0:0|S44:0:1:1|O00:0:0:0|O01:0:0:0|O02:0:0:0|O03:0:0:0|O10:4:0:3|O11:4:0:3|O12:4:0:3|O13:1:1:0|O20:4:0:3|O21:4:2:3|O22:3:3:0|O23:3:3:0|O30:2:0:1|O31:3:3:0|O32:3:3:0|O33:1:1:0,experiments/issue-47/results/production/tasks/issue-47-v1-production-uct-030000-g0090/uct-30000-self-play-0090.trl
uct-30000-self-play,91,501000090,UCT,UCT,30000,-1.0,true,NaturalEnd,1,72,24,3199,2569,36,36,19,20,17,16,3,3,5,4,1,1,secured_objectives,S00:0:0:0|S01:0:0:0|S02:0:0:0|S03:2:0:1|S04:0:0:0|S10:0:0:0|S11:3:3:2|S12:4:2:3|S13:0:1:1|S14:0:0:0|S20:2:0:1|S21:3:3:2|S22:4:2:3|S23:0:0:0|S24:0:0:0|S30:1:1:0|S31:0:1:1|S32:3:3:2|S33:4:2:3|S34:1:1:0|S40:0:0:0|S41:0:0:0|S42:2:0:1|S43:0:0:0|S44:0:0:0|O00:0:0:0|O01:3:3:2|O02:0:0:0|O03:0:0:0|O10:3:3:0|O11:4:0:3|O12:4:0:3|O13:0:0:0|O20:3:3:0|O21:3:3:0|O22:4:0:3|O23:4:0:3|O30:0:0:0|O31:3:3:0|O32:1:2:0|O33:2:0:2,experiments/issue-47/results/production/tasks/issue-47-v1-production-uct-030000-g0091/uct-30000-self-play-0091.trl
uct-30000-self-play,92,501000091,UCT,UCT,30000,-1.0,true,NaturalEnd,1,72,24,3237,2605,36,36,18,21,18,15,1,3,5,4,2,2,secured_objectives,S00:0:0:0|S01:2:0:1|S02:0:0:0|S03:0:0:0|S04:2:0:1|S10:0:0:0|S11:3:3:2|S12:4:2:3|S13:1:2:1|S14:0:0:0|S20:0:0:0|S21:4:2:3|S22:0:1:1|S23:0:1:1|S24:0:0:0|S30:0:1:1|S31:0:2:2|S32:0:0:0|S33:4:2:3|S34:2:0:1|S40:0:0:0|S41:1:1:0|S42:0:0:0|S43:0:1:1|S44:0:0:0|O00:3:3:0|O01:3:3:0|O02:2:1:2|O03:1:1:0|O10:3:3:0|O11:4:0:3|O12:4:0:3|O13:3:3:0|O20:4:0:3|O21:4:0:3|O22:3:3:0|O23:0:0:0|O30:1:1:0|O31:0:0:0|O32:2:0:1|O33:0:0:0,experiments/issue-47/results/production/tasks/issue-47-v1-production-uct-030000-g0092/uct-30000-self-play-0092.trl
uct-30000-self-play,93,501000092,UCT,UCT,30000,-1.0,true,NaturalEnd,2,72,24,3238,3275,36,36,17,17,19,19,3,2,5,5,2,3,advantage_objectives,S00:0:0:0|S01:0:0:0|S02:0:0:0|S03:0:0:0|S04:0:0:0|S10:0:0:0|S11:3:3:2|S12:3:3:2|S13:3:3:2|S14:0:0:0|S20:0:0:0|S21:0:2:2|S22:0:1:1|S23:0:0:0|S24:0:0:0|S30:0:0:0|S31:4:2:3|S32:4:2:3|S33:2:1:2|S34:0:0:0|S40:0:0:0|S41:0:0:0|S42:0:0:0|S43:0:0:0|S44:0:0:0|O00:3:3:0|O01:3:3:0|O02:3:3:0|O03:3:3:1|O10:1:2:0|O11:3:3:0|O12:1:2:0|O13:0:0:0|O20:4:0:3|O21:4:0:3|O22:2:0:1|O23:2:0:1|O30:4:0:3|O31:4:0:3|O32:4:0:3|O33:2:0:1,experiments/issue-47/results/production/tasks/issue-47-v1-production-uct-030000-g0093/uct-30000-self-play-0093.trl
uct-30000-self-play,94,501000093,UCT,UCT,30000,-1.0,true,NaturalEnd,1,72,24,3236,2567,36,36,19,22,17,14,3,2,5,4,2,1,secured_objectives,S00:0:0:0|S01:0:0:0|S02:2:0:1|S03:2:0:1|S04:2:0:1|S10:0:0:0|S11:3:3:2|S12:1:2:1|S13:4:2:3|S14:2:0:1|S20:0:0:0|S21:4:2:3|S22:3:3:2|S23:0:1:1|S24:0:0:0|S30:0:0:0|S31:2:1:2|S32:3:3:2|S33:0:1:1|S34:0:0:0|S40:0:0:0|S41:0:0:0|S42:2:0:1|S43:0:0:0|S44:1:1:0|O00:1:1:0|O01:1:1:0|O02:0:0:0|O03:2:0:2|O10:4:0:3|O11:3:3:0|O12:3:3:0|O13:0:0:0|O20:4:0:3|O21:3:3:0|O22:3:3:0|O23:0:0:0|O30:4:0:3|O31:4:0:3|O32:3:3:0|O33:0:0:0,experiments/issue-47/results/production/tasks/issue-47-v1-production-uct-030000-g0094/uct-30000-self-play-0094.trl
uct-30000-self-play,95,501000094,UCT,UCT,30000,-1.0,true,NaturalEnd,1,72,24,3237,3161,36,36,18,20,18,16,2,4,5,5,2,0,advantage_objectives,S00:0:0:0|S01:0:0:0|S02:0:0:0|S03:0:0:0|S04:0:1:1|S10:0:0:0|S11:4:2:3|S12:3:3:2|S13:4:2:3|S14:0:0:0|S20:0:0:0|S21:3:3:2|S22:4:2:3|S23:4:2:3|S24:0:1:1|S30:0:0:0|S31:0:0:0|S32:0:1:1|S33:1:1:0|S34:0:0:0|S40:0:0:0|S41:2:0:1|S42:0:0:0|S43:0:0:0|S44:0:0:0|O00:0:0:0|O01:3:3:1|O02:3:3:0|O03:4:0:3|O10:1:2:0|O11:3:3:0|O12:4:0:3|O13:4:0:3|O20:0:0:0|O21:3:3:0|O22:4:0:3|O23:4:0:3|O30:0:0:0|O31:0:0:0|O32:3:3:0|O33:1:1:0,experiments/issue-47/results/production/tasks/issue-47-v1-production-uct-030000-g0095/uct-30000-self-play-0095.trl
uct-30000-self-play,96,501000095,UCT,UCT,30000,-1.0,true,NaturalEnd,1,72,24,2605,2529,36,36,21,23,15,13,3,3,4,4,2,0,advantage_objectives,S00:2:0:1|S01:0:0:0|S02:0:0:0|S03:0:0:0|S04:2:0:1|S10:0:0:0|S11:4:2:3|S12:0:1:1|S13:1:2:1|S14:0:0:0|S20:0:0:0|S21:0:0:0|S22:0:2:2|S23:4:2:3|S24:0:0:0|S30:0:0:0|S31:3:3:2|S32:3:3:2|S33:4:2:3|S34:3:3:2|S40:0:0:0|S41:0:0:0|S42:2:0:1|S43:0:0:0|S44:0:1:1|O00:0:0:0|O01:0:0:0|O02:0:0:0|O03:1:1:0|O10:0:0:0|O11:0:0:0|O12:3:3:0|O13:0:1:1|O20:3:3:0|O21:3:3:0|O22:3:3:0|O23:4:0:3|O30:1:1:0|O31:4:0:3|O32:4:0:3|O33:4:0:3,experiments/issue-47/results/production/tasks/issue-47-v1-production-uct-030000-g0096/uct-30000-self-play-0096.trl
uct-30000-self-play,97,501000096,UCT,UCT,30000,-1.0,true,NaturalEnd,1,72,24,3162,2530,36,36,19,22,17,14,3,2,5,4,0,0,secured_objectives,S00:2:0:1|S01:0:0:0|S02:0:0:0|S03:0:0:0|S04:2:0:1|S10:0:0:0|S11:2:1:2|S12:0:1:1|S13:0:0:0|S14:0:0:0|S20:0:0:0|S21:3:3:2|S22:4:2:3|S23:0:1:1|S24:2:0:1|S30:2:0:1|S31:4:2:3|S32:3:3:2|S33:3:3:2|S34:0:1:1|S40:1:1:0|S41:0:0:0|S42:0:0:0|S43:0:0:0|S44:0:1:1|O00:0:0:0|O01:0:0:0|O02:0:0:0|O03:0:0:0|O10:3:3:2|O11:4:2:3|O12:3:3:0|O13:0:0:0|O20:4:0:3|O21:3:3:0|O22:4:0:3|O23:3:3:0|O30:4:0:3|O31:3:3:0|O32:0:0:0|O33:0:0:0,experiments/issue-47/results/production/tasks/issue-47-v1-production-uct-030000-g0097/uct-30000-self-play-0097.trl
uct-30000-self-play,98,501000097,UCT,UCT,30000,-1.0,true,NaturalEnd,0,72,24,3238,3238,36,36,17,17,19,19,3,3,5,5,2,2,draw,S00:0:0:0|S01:0:0:0|S02:0:0:0|S03:0:0:0|S04:0:0:0|S10:0:0:0|S11:3:3:2|S12:3:3:1|S13:1:2:1|S14:0:0:0|S20:0:0:0|S21:0:0:0|S22:3:3:2|S23:4:2:3|S24:0:0:0|S30:0:0:0|S31:2:0:1|S32:4:2:3|S33:4:2:3|S34:2:0:1|S40:0:0:0|S41:0:0:0|S42:0:0:0|S43:0:0:0|S44:0:0:0|O00:1:2:0|O01:3:3:1|O02:3:3:0|O03:1:2:0|O10:0:0:0|O11:3:3:0|O12:3:3:0|O13:4:0:3|O20:2:0:1|O21:3:3:0|O22:4:0:3|O23:4:0:3|O30:0:0:0|O31:4:0:3|O32:4:0:3|O33:2:0:2,experiments/issue-47/results/production/tasks/issue-47-v1-production-uct-030000-g0098/uct-30000-self-play-0098.trl
uct-30000-self-play,99,501000098,UCT,UCT,30000,-1.0,true,NaturalEnd,1,72,24,3274,2647,36,36,18,16,18,20,2,2,5,4,3,3,secured_objectives,S00:1:1:0|S01:0:1:1|S02:2:0:1|S03:0:0:0|S04:0:0:0|S10:0:0:0|S11:0:0:0|S12:3:3:1|S13:1:1:0|S14:1:1:0|S20:2:0:1|S21:4:2:3|S22:1:1:0|S23:0:0:0|S24:0:0:0|S30:1:1:0|S31:0:2:2|S32:3:3:2|S33:4:2:3|S34:0:0:0|S40:0:0:0|S41:2:0:1|S42:2:0:1|S43:0:0:0|S44:0:0:0|O00:0:0:0|O01:1:1:0|O02:3:3:0|O03:1:1:0|O10:4:0:3|O11:2:0:2|O12:3:3:0|O13:1:1:0|O20:4:0:3|O21:3:3:1|O22:3:3:0|O23:4:0:3|O30:2:0:2|O31:3:3:2|O32:4:0:3|O33:2:0:1,experiments/issue-47/results/production/tasks/issue-47-v1-production-uct-030000-g0099/uct-30000-self-play-0099.trl
uct-30000-self-play,100,501000099,UCT,UCT,30000,-1.0,true,NaturalEnd,2,72,24,3274,3793,36,36,18,17,18,19,2,2,5,6,3,0,secured_objectives,S00:0:0:0|S01:0:1:1|S02:0:0:0|S03:0:0:0|S04:0:0:0|S10:1:1:0|S11:0:1:1|S12:4:2:3|S13:4:2:3|S14:0:0:0|S20:0:0:0|S21:1:1:0|S22:2:1:2|S23:3:3:2|S24:0:0:0|S30:0:0:0|S31:0:2:2|S32:1:1:0|S33:3:3:2|S34:2:0:1|S40:0:0:0|S41:0:0:0|S42:0:0:0|S43:0:0:0|S44:0:0:0|O00:0:0:0|O01:4:0:3|O02:4:0:3|O03:4:0:3|O10:1:1:0|O11:4:0:3|O12:4:0:3|O13:4:0:3|O20:1:1:0|O21:3:3:1|O22:3:3:0|O23:3:3:0|O30:0:0:0|O31:1:1:0|O32:3:3:0|O33:3:3:0,experiments/issue-47/results/production/tasks/issue-47-v1-production-uct-030000-g0100/uct-30000-self-play-0100.trl
uct-100000-self-play,1,571000000,UCT,UCT,100000,-1.0,true,NaturalEnd,1,72,24,3237,3161,36,36,18,20,18,16,2,2,5,5,2,0,advantage_objectives,S00:0:0:0|S01:0:0:0|S02:2:0:1|S03:0:0:0|S04:0:0:0|S10:0:0:0|S11:0:0:0|S12:0:1:1|S13:1:2:1|S14:0:0:0|S20:1:1:0|S21:4:2:3|S22:0:2:2|S23:3:3:2|S24:2:0:1|S30:0:1:1|S31:3:3:2|S32:0:1:1|S33:4:2:3|S34:2:0:1|S40:0:0:0|S41:0:0:0|S42:2:0:1|S43:0:0:0|S44:0:0:0|O00:0:0:0|O01:0:0:0|O02:1:1:0|O03:1:1:0|O10:0:0:0|O11:4:0:3|O12:3:3:0|O13:3:3:0|O20:4:0:3|O21:0:1:1|O22:3:3:0|O23:4:0:3|O30:3:3:0|O31:3:3:0|O32:4:0:3|O33:4:0:3,experiments/issue-47/results/production/tasks/issue-47-v1-production-uct-100000-g0001/uct-100000-self-play-0001.trl
uct-100000-self-play,2,571000001,UCT,UCT,100000,-1.0,true,NaturalEnd,1,72,24,3237,3198,36,36,18,20,18,16,1,3,5,5,2,1,advantage_objectives,S00:0:0:0|S01:3:3:2|S02:0:1:1|S03:0:0:0|S04:0:0:0|S10:2:0:1|S11:0:1:1|S12:1:2:1|S13:1:1:0|S14:0:0:0|S20:0:0:0|S21:0:0:0|S22:4:2:3|S23:4:2:3|S24:2:0:1|S30:0:0:0|S31:1:2:1|S32:0:0:0|S33:4:2:3|S34:0:0:0|S40:0:0:0|S41:2:0:1|S42:0:1:1|S43:0:1:1|S44:0:0:0|O00:0:0:0|O01:3:3:0|O02:3:3:0|O03:1:1:0|O10:0:0:0|O11:3:3:0|O12:3:3:0|O13:4:0:3|O20:1:1:0|O21:3:3:0|O22:4:0:3|O23:4:1:3|O30:2:0:1|O31:0:0:0|O32:4:0:3|O33:4:0:3,experiments/issue-47/results/production/tasks/issue-47-v1-production-uct-100000-g0002/uct-100000-self-play-0002.trl
uct-100000-self-play,3,571000002,UCT,UCT,100000,-1.0,true,NaturalEnd,1,72,24,3198,2604,36,36,20,22,16,14,2,2,5,4,1,2,secured_objectives,S00:2:0:1|S01:0:1:1|S02:0:0:0|S03:2:0:1|S04:0:0:0|S10:2:1:2|S11:3:3:1|S12:1:1:0|S13:0:1:1|S14:0:0:0|S20:0:0:0|S21:2:1:2|S22:0:2:2|S23:3:3:2|S24:0:1:1|S30:0:0:0|S31:0:1:1|S32:0:1:1|S33:4:2:3|S34:4:2:3|S40:0:0:0|S41:0:0:0|S42:0:0:0|S43:0:0:0|S44:0:0:0|O00:2:0:1|O01:1:1:0|O02:3:3:0|O03:0:0:0|O10:4:0:3|O11:3:3:0|O12:3:3:0|O13:3:3:0|O20:4:0:3|O21:4:0:3|O22:3:3:0|O23:4:0:3|O30:2:0:1|O31:0:0:0|O32:0:0:0|O33:0:0:0,experiments/issue-47/results/production/tasks/issue-47-v1-production-uct-100000-g0003/uct-100000-self-play-0003.trl
uct-100000-self-play,4,571000003,UCT,UCT,100000,-1.0,true,NaturalEnd,2,72,24,2644,3198,36,36,19,20,17,16,2,3,4,5,3,1,secured_objectives,S00:0:0:0|S01:2:0:1|S02:0:0:0|S03:0:0:0|S04:0:0:0|S10:0:0:0|S11:1:1:0|S12:4:1:3|S13:4:2:3|S14:0:0:0|S20:0:0:0|S21:2:1:2|S22:3:3:2|S23:3:3:2|S24:1:1:0|S30:0:0:0|S31:4:2:3|S32:1:2:1|S33:0:1:1|S34:0:1:1|S40:0:0:0|S41:0:0:0|S42:0:0:0|S43:0:1:1|S44:0:0:0|O00:0:0:0|O01:1:1:0|O02:0:0:0|O03:4:0:3|O10:2:0:1|O11:1:2:0|O12:3:3:0|O13:4:0:3|O20:4:0:3|O21:4:0:3|O22:3:3:0|O23:3:3:0|O30:0:0:0|O31:4:0:3|O32:3:3:0|O33:1:2:0,experiments/issue-47/results/production/tasks/issue-47-v1-production-uct-100000-g0004/uct-100000-self-play-0004.trl
uct-100000-self-play,5,571000004,UCT,UCT,100000,-1.0,true,NaturalEnd,1,72,24,2606,2531,36,36,20,21,16,15,4,2,4,4,2,0,advantage_objectives,S00:0:0:0|S01:0:1:1|S02:0:0:0|S03:0:0:0|S04:0:0:0|S10:0:0:0|S11:3:3:2|S12:3:3:2|S13:2:0:1|S14:0:0:0|S20:0:0:0|S21:3:3:2|S22:4:2:3|S23:0:1:1|S24:0:0:0|S30:0:0:0|S31:4:2:3|S32:3:3:2|S33:2:1:2|S34:0:0:0|S40:2:0:1|S41:2:0:1|S42:1:1:0|S43:0:0:0|S44:0:0:0|O00:1:2:0|O01:0:1:1|O02:0:0:0|O03:0:0:0|O10:3:3:0|O11:3:3:0|O12:4:0:3|O13:0:0:0|O20:4:0:3|O21:3:3:2|O22:4:0:3|O23:0:0:0|O30:4:0:3|O31:3:3:0|O32:1:1:0|O33:0:0:0,experiments/issue-47/results/production/tasks/issue-47-v1-production-uct-100000-g0005/uct-100000-self-play-0005.trl
uct-100000-self-play,6,571000005,UCT,UCT,100000,-1.0,true,NaturalEnd,2,72,24,2607,3200,36,36,19,18,17,18,2,3,4,5,2,1,secured_objectives,S00:0:0:0|S01:0:0:0|S02:0:0:0|S03:0:0:0|S04:0:0:0|S10:0:0:0|S11:4:2:3|S12:4:2:3|S13:1:2:1|S14:2:0:1|S20:0:0:0|S21:3:3:2|S22:0:1:1|S23:0:1:1|S24:0:0:0|S30:0:0:0|S31:3:3:2|S32:1:2:1|S33:4:2:3|S34:0:0:0|S40:0:0:0|S41:0:0:0|S42:1:1:0|S43:0:0:0|S44:0:0:0|O00:2:0:2|O01:4:0:3|O02:0:1:1|O03:0:0:0|O10:3:3:0|O11:4:0:3|O12:4:0:3|O13:0:0:0|O20:3:3:0|O21:3:3:0|O22:1:1:0|O23:4:0:3|O30:1:1:0|O31:3:3:0|O32:4:2:3|O33:0:0:0,experiments/issue-47/results/production/tasks/issue-47-v1-production-uct-100000-g0006/uct-100000-self-play-0006.trl
uct-100000-self-play,7,571000006,UCT,UCT,100000,-1.0,true,NaturalEnd,2,72,24,2569,3198,36,36,20,20,16,16,1,3,4,5,1,1,secured_objectives,S00:0:0:0|S01:0:0:0|S02:1:1:0|S03:0:0:0|S04:0:0:0|S10:0:0:0|S11:1:1:0|S12:1:1:0|S13:0:1:1|S14:2:0:1|S20:0:1:1|S21:0:2:2|S22:4:2:3|S23:4:2:3|S24:2:0:1|S30:1:2:1|S31:0:1:1|S32:4:2:3|S33:3:3:2|S34:0:0:0|S40:1:1:0|S41:0:0:0|S42:2:0:1|S43:0:0:0|S44:0:0:0|O00:0:0:0|O01:3:3:0|O02:0:0:0|O03:0:0:0|O10:3:3:0|O11:3:3:0|O12:4:0:3|O13:2:0:1|O20:1:1:0|O21:4:0:3|O22:4:2:3|O23:4:1:3|O30:0:0:0|O31:4:0:3|O32:3:3:0|O33:0:0:0,experiments/issue-47/results/production/tasks/issue-47-v1-production-uct-100000-g0007/uct-100000-self-play-0007.trl
uct-100000-self-play,8,571000007,UCT,UCT,100000,-1.0,true,NaturalEnd,1,72,24,3199,2568,36,36,19,21,17,15,2,2,5,4,1,1,secured_objectives,S00:0:0:0|S01:0:0:0|S02:0:0:0|S03:2:0:1|S04:0:0:0|S10:0:0:0|S11:3:3:2|S12:0:2:2|S13:3:3:2|S14:1:1:0|S20:0:0:0|S21:4:2:3|S22:4:2:3|S23:0:1:1|S24:0:0:0|S30:0:1:1|S31:0:2:2|S32:0:1:1|S33:0:1:1|S34:0:0:0|S40:2:0:1|S41:0:0:0|S42:0:0:0|S43:2:0:1|S44:0:0:0|O00:3:3:0|O01:3:3:0|O02:1:2:1|O03:3:3:0|O10:3:3:0|O11:4:0:3|O12:4:0:3|O13:3:3:0|O20:2:0:2|O21:4:0:3|O22:4:0:3|O23:0:0:0|O30:0:0:0|O31:0:0:0|O32:0:0:0|O33:0:0:0,experiments/issue-47/results/production/tasks/issue-47-v1-production-uct-100000-g0008/uct-100000-self-play-0008.trl
uct-100000-self-play,9,571000008,UCT,UCT,100000,-1.0,true,NaturalEnd,1,72,24,3312,3160,36,36,17,21,19,15,2,2,5,5,4,0,advantage_objectives,S00:0:0:0|S01:2:0:1|S02:0:0:0|S03:0:0:0|S04:0:0:0|S10:0:0:0|S11:3:3:2|S12:4:2:3|S13:4:2:3|S14:2:0:1|S20:0:0:0|S21:1:2:1|S22:0:2:2|S23:3:3:2|S24:0:0:0|S30:0:0:0|S31:2:1:2|S32:1:1:0|S33:0:1:1|S34:0:0:0|S40:0:0:0|S41:0:0:0|S42:2:0:1|S43:2:0:2|S44:0:0:0|O00:3:3:0|O01:4:0:3|O02:4:0:3|O03:4:0:3|O10:3:3:0|O11:3:3:0|O12:4:0:3|O13:4:0:3|O20:3:3:0|O21:3:3:0|O22:1:1:0|O23:1:1:0|O30:0:0:0|O31:1:1:0|O32:0:0:0|O33:1:1:0,experiments/issue-47/results/production/tasks/issue-47-v1-production-uct-100000-g0009/uct-100000-self-play-0009.trl
uct-100000-self-play,10,571000009,UCT,UCT,100000,-1.0,true,NaturalEnd,1,72,24,2606,2605,36,36,20,21,16,15,2,2,4,4,2,2,objective_pieces,S00:0:0:0|S01:0:0:0|S02:0:0:0|S03:0:0:0|S04:0:0:0|S10:0:0:0|S11:1:2:1|S12:0:2:2|S13:2:1:2|S14:0:1:1|S20:0:1:1|S21:2:0:1|S22:3:3:2|S23:4:2:3|S24:0:0:0|S30:0:0:0|S31:0:1:1|S32:3:3:2|S33:0:1:1|S34:0:0:0|S40:0:0:0|S41:0:0:0|S42:0:1:1|S43:4:2:3|S44:0:0:0|O00:1:1:0|O01:2:0:1|O02:0:0:0|O03:1:2:0|O10:0:0:0|O11:3:3:0|O12:4:0:3|O13:4:0:3|O20:0:0:0|O21:3:3:0|O22:3:3:0|O23:4:0:3|O30:0:0:0|O31:3:3:0|O32:2:1:2|O33:4:0:3,experiments/issue-47/results/production/tasks/issue-47-v1-production-uct-100000-g0010/uct-100000-self-play-0010.trl
uct-100000-self-play,11,571000010,UCT,UCT,100000,-1.0,true,NaturalEnd,1,72,24,2605,2530,36,36,21,22,15,14,1,3,4,4,2,0,advantage_objectives,S00:0:0:0|S01:0:0:0|S02:0:0:0|S03:0:0:0|S04:0:0:0|S10:0:0:0|S11:3:3:2|S12:4:2:3|S13:4:2:3|S14:0:1:1|S20:0:0:0|S21:0:1:1|S22:0:2:2|S23:1:2:1|S24:2:0:1|S30:2:0:1|S31:0:2:2|S32:0:2:2|S33:4:2:3|S34:1:1:0|S40:0:0:0|S41:0:0:0|S42:1:1:0|S43:0:0:0|S44:0:0:0|O00:0:0:0|O01:4:0:3|O02:4:0:3|O03:4:0:3|O10:1:1:0|O11:3:3:1|O12:3:3:0|O13:4:0:3|O20:0:0:0|O21:0:0:0|O22:3:3:0|O23:3:3:0|O30:0:0:0|O31:0:0:0|O32:0:0:0|O33:1:2:1,experiments/issue-47/results/production/tasks/issue-47-v1-production-uct-100000-g0011/uct-100000-self-play-0011.trl
uct-100000-self-play,12,571000011,UCT,UCT,100000,-1.0,true,NaturalEnd,2,72,24,3199,3236,36,36,19,19,17,17,3,3,5,5,1,2,advantage_objectives,S00:0:0:0|S01:0:0:0|S02:0:0:0|S03:2:0:2|S04:1:1:0|S10:0:0:0|S11:4:2:3|S12:3:3:2|S13:3:3:2|S14:0:0:0|S20:0:0:0|S21:4:2:3|S22:3:3:2|S23:0:1:1|S24:0:0:0|S30:0:0:0|S31:4:2:3|S32:1:1:0|S33:0:1:1|S34:0:0:0|S40:0:0:0|S41:0:0:0|S42:0:0:0|S43:0:0:0|S44:0:0:0|O00:4:0:3|O01:4:0:3|O02:3:3:0|O03:3:3:0|O10:4:1:3|O11:3:3:0|O12:3:3:0|O13:1:1:0|O20:4:0:3|O21:4:0:3|O22:3:3:0|O23:0:0:0|O30:2:0:1|O31:2:0:1|O32:0:0:0|O33:0:0:0,experiments/issue-47/results/production/tasks/issue-47-v1-production-uct-100000-g0012/uct-100000-self-play-0012.trl
uct-100000-self-play,13,571000012,UCT,UCT,100000,-1.0,true,NaturalEnd,1,72,24,3831,3792,36,36,16,18,20,18,2,2,6,6,1,0,advantage_objectives,S00:0:0:0|S01:1:1:0|S02:0:0:0|S03:0:0:0|S04:0:0:0|S10:0:0:0|S11:4:2:3|S12:1:2:1|S13:1:1:0|S14:2:0:1|S20:2:0:1|S21:3:3:2|S22:3:3:2|S23:0:0:0|S24:0:1:1|S30:2:0:1|S31:4:1:3|S32:0:1:1|S33:2:0:1|S34:0:0:0|S40:0:0:0|S41:2:0:1|S42:1:1:0|S43:0:0:0|S44:0:0:0|O00:4:0:3|O01:4:0:3|O02:3:3:0|O03:0:0:0|O10:3:3:0|O11:3:3:0|O12:3:3:0|O13:1:2:0|O20:4:0:3|O21:4:0:3|O22:3:3:0|O23:0:0:0|O30:4:0:3|O31:4:0:3|O32:3:3:0|O33:0:0:0,experiments/issue-47/results/production/tasks/issue-47-v1-production-uct-100000-g0013/uct-100000-self-play-0013.trl
uct-100000-self-play,14,571000013,UCT,UCT,100000,-1.0,true,NaturalEnd,1,72,24,3793,3792,36,36,17,18,19,18,4,1,6,6,0,0,objective_pieces,S00:0:0:0|S01:0:0:0|S02:0:0:0|S03:0:0:0|S04:0:0:0|S10:0:0:0|S11:0:0:0|S12:0:0:0|S13:0:1:1|S14:2:0:1|S20:1:1:0|S21:3:3:2|S22:3:3:2|S23:2:0:1|S24:2:0:1|S30:0:0:0|S31:3:3:2|S32:4:2:3|S33:3:3:2|S34:2:0:1|S40:0:0:0|S41:0:0:0|S42:0:0:0|S43:2:1:2|S44:0:0:0|O00:0:0:0|O01:0:0:0|O02:0:0:0|O03:0:0:0|O10:3:3:0|O11:3:3:0|O12:3:3:0|O13:4:0:3|O20:3:3:0|O21:3:3:0|O22:4:0:3|O23:4:0:3|O30:3:3:0|O31:4:0:3|O32:4:0:3|O33:4:1:3,experiments/issue-47/results/production/tasks/issue-47-v1-production-uct-100000-g0014/uct-100000-self-play-0014.trl
uct-100000-self-play,15,571000014,UCT,UCT,100000,-1.0,true,NaturalEnd,0,72,24,3792,3792,36,36,18,18,18,18,3,3,6,6,0,0,draw,S00:0:0:0|S01:0:0:0|S02:0:0:0|S03:0:0:0|S04:1:1:0|S10:2:0:1|S11:4:2:3|S12:0:0:0|S13:2:0:1|S14:0:0:0|S20:2:0:1|S21:4:2:3|S22:4:2:3|S23:3:3:2|S24:1:1:0|S30:0:0:0|S31:1:1:0|S32:3:3:2|S33:3:3:2|S34:0:0:0|S40:0:0:0|S41:0:0:0|S42:0:0:0|S43:0:0:0|S44:0:0:0|O00:4:0:3|O01:0:0:0|O02:0:0:0|O03:0:0:0|O10:4:0:3|O11:4:0:3|O12:4:0:3|O13:3:3:0|O20:4:0:3|O21:4:0:3|O22:3:3:0|O23:3:3:0|O30:0:0:0|O31:3:3:0|O32:3:3:0|O33:3:3:0,experiments/issue-47/results/production/tasks/issue-47-v1-production-uct-100000-g0015/uct-100000-self-play-0015.trl
uct-100000-self-play,16,571000015,UCT,UCT,100000,-1.0,true,NaturalEnd,1,72,24,2644,2606,36,36,19,20,17,16,4,2,4,4,3,2,advantage_objectives,S00:0:0:0|S01:0:0:0|S02:0:1:1|S03:0:0:0|S04:1:1:0|S10:0:0:0|S11:4:2:3|S12:4:1:3|S13:2:0:1|S14:0:0:0|S20:0:0:0|S21:3:3:2|S22:2:1:2|S23:0:1:1|S24:0:0:0|S30:0:0:0|S31:3:3:2|S32:3:3:2|S33:3:3:2|S34:0:0:0|S40:0:0:0|S41:0:0:0|S42:0:0:0|S43:0:0:0|S44:2:0:1|O00:2:0:1|O01:4:0:3|O02:4:0:3|O03:0:0:0|O10:2:0:1|O11:4:0:3|O12:4:0:3|O13:0:0:0|O20:1:2:0|O21:3:3:1|O22:3:3:0|O23:1:1:0|O30:1:1:0|O31:3:3:0|O32:3:3:0|O33:0:1:1,experiments/issue-47/results/production/tasks/issue-47-v1-production-uct-100000-g0016/uct-100000-self-play-0016.trl
uct-100000-self-play,17,571000016,UCT,UCT,100000,-1.0,true,NaturalEnd,2,72,24,1974,2528,36,36,23,24,13,12,2,2,3,4,2,0,secured_objectives,S00:0:0:0|S01:0:0:0|S02:0:0:0|S03:0:0:0|S04:0:0:0|S10:0:0:0|S11:0:1:1|S12:0:1:1|S13:0:2:2|S14:2:0:2|S20:0:0:0|S21:2:1:2|S22:0:2:2|S23:1:1:0|S24:1:1:0|S30:0:0:0|S31:4:2:3|S32:3:3:2|S33:3:3:2|S34:0:0:0|S40:0:0:0|S41:0:2:2|S42:1:2:1|S43:4:2:3|S44:2:0:1|O00:0:0:0|O01:0:0:0|O02:0:0:0|O03:0:0:0|O10:0:0:0|O11:1:1:0|O12:1:2:0|O13:0:0:0|O20:0:0:0|O21:3:3:0|O22:3:3:0|O23:3:3:0|O30:4:0:3|O31:4:0:3|O32:4:0:3|O33:4:1:3,experiments/issue-47/results/production/tasks/issue-47-v1-production-uct-100000-g0017/uct-100000-self-play-0017.trl
uct-100000-self-play,18,571000017,UCT,UCT,100000,-1.0,true,NaturalEnd,2,72,24,2532,3161,36,36,20,20,16,16,2,3,4,5,0,0,secured_objectives,S00:1:1:0|S01:0:0:0|S02:0:0:0|S03:0:0:0|S04:0:0:0|S10:0:0:0|S11:4:2:3|S12:0:2:2|S13:0:1:1|S14:1:1:0|S20:1:1:0|S21:4:2:3|S22:3:3:2|S23:2:0:1|S24:2:0:1|S30:2:0:1|S31:4:2:3|S32:0:0:0|S33:3:3:2|S34:1:1:0|S40:2:0:1|S41:0:0:0|S42:0:0:0|S43:1:1:0|S44:0:0:0|O00:4:0:3|O01:4:0:3|O02:3:3:0|O03:0:0:0|O10:4:1:3|O11:4:2:3|O12:3:3:0|O13:0:0:0|O20:4:0:3|O21:3:3:0|O22:3:3:0|O23:0:1:1|O30:0:0:0|O31:0:0:0|O32:0:0:0|O33:0:0:0,experiments/issue-47/results/production/tasks/issue-47-v1-production-uct-100000-g0018/uct-100000-self-play-0018.trl
uct-100000-self-play,19,571000018,UCT,UCT,100000,-1.0,true,NaturalEnd,2,72,24,2607,3198,36,36,19,20,17,16,2,3,4,5,2,1,secured_objectives,S00:0:0:0|S01:0:0:0|S02:0:1:1|S03:2:0:1|S04:0:0:0|S10:0:0:0|S11:0:1:1|S12:3:3:2|S13:4:2:3|S14:0:0:0|S20:0:0:0|S21:1:2:1|S22:4:2:3|S23:4:2:3|S24:0:0:0|S30:0:0:0|S31:3:3:2|S32:0:1:1|S33:0:2:2|S34:0:0:0|S40:0:0:0|S41:0:0:0|S42:0:0:0|S43:0:0:0|S44:0:0:0|O00:0:0:0|O01:3:3:0|O02:4:0:3|O03:4:0:3|O10:1:1:0|O11:3:3:0|O12:3:3:0|O13:4:0:3|O20:3:3:0|O21:4:0:3|O22:4:2:3|O23:0:0:0|O30:1:2:0|O31:2:0:1|O32:0:0:0|O33:0:0:0,experiments/issue-47/results/production/tasks/issue-47-v1-production-uct-100000-g0019/uct-100000-self-play-0019.trl
uct-100000-self-play,20,571000019,UCT,UCT,100000,-1.0,true,NaturalEnd,1,72,24,3199,2567,36,36,19,22,17,14,2,3,5,4,1,1,secured_objectives,S00:0:0:0|S01:2:0:1|S02:0:0:0|S03:0:0:0|S04:0:1:1|S10:0:0:0|S11:3:3:2|S12:3:3:2|S13:4:2:3|S14:0:1:1|S20:0:0:0|S21:4:2:3|S22:4:2:3|S23:2:0:2|S24:0:0:0|S30:0:0:0|S31:0:2:2|S32:0:1:1|S33:0:1:1|S34:0:0:0|S40:0:0:0|S41:1:1:0|S42:0:0:0|S43:0:0:0|S44:0:0:0|O00:3:3:0|O01:3:3:0|O02:3:3:0|O03:2:0:2|O10:3:3:0|O11:3:3:0|O12:4:0:3|O13:0:0:0|O20:4:0:3|O21:4:0:3|O22:4:0:3|O23:0:0:0|O30:1:2:0|O31:0:0:0|O32:0:0:0|O33:0:0:0,experiments/issue-47/results/production/tasks/issue-47-v1-production-uct-100000-g0020/uct-100000-self-play-0020.trl
uct-100000-self-play,21,571000020,UCT,UCT,100000,-1.0,true,NaturalEnd,1,72,24,3236,2605,36,36,19,21,17,15,1,2,5,4,2,2,secured_objectives,S00:0:0:0|S01:0:0:0|S02:0:0:0|S03:0:2:2|S04:0:1:1|S10:0:1:1|S11:0:1:1|S12:4:2:3|S13:0:1:1|S14:0:0:0|S20:0:0:0|S21:0:1:1|S22:4:2:3|S23:1:1:0|S24:0:0:0|S30:2:0:1|S31:0:2:2|S32:3:3:2|S33:1:2:1|S34:0:0:0|S40:2:0:2|S41:0:0:0|S42:0:0:0|S43:0:0:0|S44:0:0:0|O00:0:0:0|O01:4:0:3|O02:4:0:3|O03:2:0:2|O10:2:0:1|O11:4:0:3|O12:4:0:3|O13:3:3:0|O20:0:0:0|O21:3:3:0|O22:3:3:0|O23:3:3:0|O30:0:0:0|O31:1:1:0|O32:3:3:0|O33:1:1:0,experiments/issue-47/results/production/tasks/issue-47-v1-production-uct-100000-g0021/uct-100000-self-play-0021.trl
uct-100000-self-play,22,571000021,UCT,UCT,100000,-1.0,true,NaturalEnd,1,72,24,3832,3200,36,36,15,18,21,18,2,2,6,5,1,1,secured_objectives,S00:2:0:1|S01:2:0:1|S02:0:0:0|S03:2:0:1|S04:0:0:0|S10:0:0:0|S11:4:2:3|S12:0:1:1|S13:0:1:1|S14:0:0:0|S20:0:0:0|S21:0:1:1|S22:0:0:0|S23:3:3:2|S24:0:0:0|S30:0:1:1|S31:3:3:2|S32:4:2:3|S33:0:1:1|S34:0:0:0|S40:0:0:0|S41:0:0:0|S42:0:0:0|S43:0:0:0|S44:0:0:0|O00:4:0:3|O01:4:0:3|O02:1:1:0|O03:0:0:0|O10:2:0:1|O11:4:0:3|O12:3:3:0|O13:3:3:0|O20:3:3:0|O21:3:3:0|O22:4:0:3|O23:3:3:0|O30:3:3:0|O31:0:2:2|O32:4:0:3|O33:0:0:0,experiments/issue-47/results/production/tasks/issue-47-v1-production-uct-100000-g0022/uct-100000-self-play-0022.trl
uct-100000-self-play,23,571000022,UCT,UCT,100000,-1.0,true,NaturalEnd,1,72,24,3831,3792,36,36,16,18,20,18,1,2,6,6,1,0,advantage_objectives,S00:0:0:0|S01:2:0:1|S02:0:0:0|S03:2:0:1|S04:0:0:0|S10:0:0:0|S11:4:2:3|S12:2:1:2|S13:0:1:1|S14:0:0:0|S20:0:0:0|S21:4:2:3|S22:0:1:1|S23:3:3:2|S24:0:0:0|S30:0:1:1|S31:0:1:1|S32:1:1:0|S33:1:1:0|S34:0:1:1|S40:0:1:1|S41:0:0:0|S42:0:0:0|S43:0:0:0|S44:0:0:0|O00:4:0:3|O01:4:0:3|O02:4:0:3|O03:0:0:0|O10:4:0:3|O11:4:0:3|O12:3:3:0|O13:1:2:0|O20:4:0:3|O21:3:3:0|O22:3:3:0|O23:3:3:0|O30:0:0:0|O31:3:3:0|O32:3:3:0|O33:0:0:0,experiments/issue-47/results/production/tasks/issue-47-v1-production-uct-100000-g0023/uct-100000-self-play-0023.trl
uct-100000-self-play,24,571000023,UCT,UCT,100000,-1.0,true,NaturalEnd,2,72,24,3830,3868,36,36,17,16,19,20,2,3,6,6,1,2,advantage_objectives,S00:0:0:0|S01:0:0:0|S02:0:0:0|S03:0:0:0|S04:0:0:0|S10:1:1:0|S11:0:0:0|S12:4:2:3|S13:4:2:3|S14:0:0:0|S20:0:0:0|S21:1:2:1|S22:0:1:1|S23:4:2:3|S24:0:0:0|S30:0:0:0|S31:3:3:2|S32:0:0:0|S33:3:3:2|S34:0:0:0|S40:0:0:0|S41:1:1:0|S42:0:0:0|S43:0:0:0|S44:2:0:1|O00:0:0:0|O01:4:0:3|O02:4:0:3|O03:4:0:3|O10:3:3:0|O11:2:0:1|O12:4:0:3|O13:4:0:3|O20:3:3:0|O21:3:3:0|O22:2:0:1|O23:4:0:3|O30:3:3:0|O31:3:3:0|O32:1:1:0|O33:3:3:0,experiments/issue-47/results/production/tasks/issue-47-v1-production-uct-100000-g0024/uct-100000-self-play-0024.trl
uct-100000-self-play,25,571000024,UCT,UCT,100000,-1.0,true,NaturalEnd,2,72,24,2608,2643,36,36,18,20,18,16,1,4,4,4,2,3,advantage_objectives,S00:1:1:0|S01:2:0:1|S02:0:0:0|S03:0:0:0|S04:0:0:0|S10:0:0:0|S11:0:2:2|S12:3:3:1|S13:4:2:3|S14:0:0:0|S20:0:0:0|S21:1:1:0|S22:4:2:3|S23:4:2:3|S24:2:0:1|S30:1:1:0|S31:0:0:0|S32:0:2:2|S33:4:1:3|S34:0:0:0|S40:0:0:0|S41:0:1:1|S42:0:0:0|S43:0:0:0|S44:0:0:0|O00:1:2:0|O01:3:3:0|O02:3:3:0|O03:2:0:1|O10:3:3:0|O11:3:3:0|O12:4:2:3|O13:4:0:3|O20:1:2:0|O21:4:0:3|O22:4:0:3|O23:2:0:1|O30:2:0:2|O31:0:0:0|O32:0:0:0|O33:0:0:0,experiments/issue-47/results/production/tasks/issue-47-v1-production-uct-100000-g0025/uct-100000-self-play-0025.trl
uct-100000-self-play,26,571000025,UCT,UCT,100000,-1.0,true,NaturalEnd,2,72,24,3199,3236,36,36,19,19,17,17,3,3,5,5,1,2,advantage_objectives,S00:0:0:0|S01:0:0:0|S02:0:0:0|S03:0:0:0|S04:0:0:0|S10:0:0:0|S11:0:1:1|S12:4:2:3|S13:4:2:3|S14:0:0:0|S20:0:0:0|S21:3:3:2|S22:4:2:3|S23:3:3:2|S24:0:0:0|S30:2:0:1|S31:0:0:0|S32:0:1:1|S33:3:3:2|S34:0:0:0|S40:0:0:0|S41:0:0:0|S42:0:0:0|S43:1:2:1|S44:0:0:0|O00:0:0:0|O01:2:0:1|O02:4:0:3|O03:0:0:0|O10:3:3:0|O11:4:0:3|O12:4:0:3|O13:4:1:3|O20:3:3:0|O21:3:3:0|O22:4:0:3|O23:3:3:0|O30:2:0:1|O31:0:0:0|O32:1:1:0|O33:3:3:0,experiments/issue-47/results/production/tasks/issue-47-v1-production-uct-100000-g0026/uct-100000-self-play-0026.trl
uct-100000-self-play,27,571000026,UCT,UCT,100000,-1.0,true,NaturalEnd,1,72,24,3200,2530,36,36,18,22,18,14,3,2,5,4,1,0,secured_objectives,S00:0:0:0|S01:0:0:0|S02:0:0:0|S03:0:0:0|S04:0:0:0|S10:0:0:0|S11:3:3:2|S12:4:2:3|S13:2:1:2|S14:0:0:0|S20:0:0:0|S21:3:3:2|S22:4:2:3|S23:3:3:2|S24:0:0:0|S30:0:0:0|S31:2:0:1|S32:2:1:2|S33:0:2:2|S34:0:0:0|S40:0:0:0|S41:2:0:2|S42:1:1:0|S43:2:0:1|S44:0:0:0|O00:3:3:0|O01:4:0:3|O02:4:0:3|O03:0:0:0|O10:3:3:0|O11:4:0:3|O12:4:0:3|O13:1:1:0|O20:0:1:1|O21:3:3:0|O22:3:3:0|O23:3:3:0|O30:0:0:0|O31:0:1:1|O32:0:0:0|O33:0:0:0,experiments/issue-47/results/production/tasks/issue-47-v1-production-uct-100000-g0027/uct-100000-self-play-0027.trl
uct-100000-self-play,28,571000027,UCT,UCT,100000,-1.0,true,NaturalEnd,1,72,24,3236,2568,36,36,19,21,17,15,3,2,5,4,2,1,secured_objectives,S00:0:0:0|S01:2:0:2|S02:1:1:0|S03:0:0:0|S04:0:0:0|S10:0:0:0|S11:1:2:1|S12:0:1:1|S13:3:3:2|S14:0:0:0|S20:0:0:0|S21:4:2:3|S22:4:2:3|S23:3:3:2|S24:0:0:0|S30:2:0:1|S31:0:2:2|S32:0:0:0|S33:3:3:2|S34:0:0:0|S40:0:0:0|S41:2:0:1|S42:0:0:0|S43:2:0:1|S44:0:0:0|O00:0:0:0|O01:2:0:2|O02:3:3:0|O03:0:0:0|O10:4:0:3|O11:4:0:3|O12:3:3:0|O13:3:3:1|O20:4:0:3|O21:4:0:3|O22:3:3:0|O23:3:3:0|O30:0:0:0|O31:0:0:0|O32:1:1:0|O33:1:1:0,experiments/issue-47/results/production/tasks/issue-47-v1-production-uct-100000-g0028/uct-100000-self-play-0028.trl
uct-100000-self-play,29,571000028,UCT,UCT,100000,-1.0,true,NaturalEnd,1,72,24,3198,1975,36,36,20,22,16,14,2,3,5,3,1,2,secured_objectives,S00:0:0:0|S01:0:0:0|S02:1:1:0|S03:2:0:1|S04:1:1:0|S10:0:0:0|S11:3:3:2|S12:4:2:3|S13:0:2:2|S14:0:0:0|S20:0:0:0|S21:3:3:2|S22:4:2:3|S23:0:0:0|S24:0:0:0|S30:0:0:0|S31:4:2:3|S32:2:1:2|S33:2:1:2|S34:0:0:0|S40:1:1:0|S41:0:1:1|S42:0:0:0|S43:0:0:0|S44:2:0:1|O00:1:1:0|O01:3:3:1|O02:4:0:3|O03:0:0:0|O10:3:3:0|O11:3:3:0|O12:4:0:3|O13:0:0:0|O20:3:3:0|O21:3:3:0|O22:4:0:3|O23:0:0:0|O30:2:0:2|O31:2:0:2|O32:0:0:0|O33:0:0:0,experiments/issue-47/results/production/tasks/issue-47-v1-production-uct-100000-g0029/uct-100000-self-play-0029.trl
uct-100000-self-play,30,571000029,UCT,UCT,100000,-1.0,true,NaturalEnd,2,72,24,2644,3792,36,36,19,18,17,18,2,3,4,6,3,0,secured_objectives,S00:0:0:0|S01:0:0:0|S02:0:0:0|S03:0:0:0|S04:0:0:0|S10:2:0:1|S11:1:1:0|S12:3:3:2|S13:4:2:3|S14:0:0:0|S20:1:1:0|S21:0:0:0|S22:3:3:2|S23:4:2:3|S24:1:1:0|S30:0:0:0|S31:1:2:1|S32:0:0:0|S33:4:2:3|S34:2:0:1|S40:0:0:0|S41:0:1:1|S42:0:0:0|S43:0:1:1|S44:0:0:0|O00:1:1:0|O01:3:3:0|O02:4:0:3|O03:4:0:3|O10:1:2:0|O11:3:3:0|O12:3:3:0|O13:4:0:3|O20:1:2:0|O21:3:3:0|O22:4:0:3|O23:4:0:3|O30:0:0:0|O31:0:0:0|O32:0:0:0|O33:4:0:3,experiments/issue-47/results/production/tasks/issue-47-v1-production-uct-100000-g0030/uct-100000-self-play-0030.trl
uct-100000-self-play,31,571000030,UCT,UCT,100000,-1.0,true,NaturalEnd,2,72,24,2570,3201,36,36,19,17,17,19,2,3,4,5,1,1,secured_objectives,S00:0:0:0|S01:0:0:0|S02:0:0:0|S03:0:0:0|S04:0:0:0|S10:0:0:0|S11:4:2:3|S12:0:2:2|S13:4:2:3|S14:0:0:0|S20:0:0:0|S21:4:2:3|S22:3:3:2|S23:3:3:2|S24:1:2:0|S30:1:1:0|S31:0:1:1|S32:2:0:1|S33:0:0:0|S34:0:0:0|S40:1:1:0|S41:0:0:0|S42:0:0:0|S43:0:0:0|S44:0:0:0|O00:2:0:2|O01:4:0:3|O02:4:0:3|O03:1:2:0|O10:4:0:3|O11:4:1:3|O12:3:3:0|O13:3:3:0|O20:0:2:2|O21:4:0:3|O22:3:3:0|O23:3:3:0|O30:0:0:0|O31:0:0:0|O32:0:0:0|O33:0:0:0,experiments/issue-47/results/production/tasks/issue-47-v1-production-uct-100000-g0031/uct-100000-self-play-0031.trl
uct-100000-self-play,32,571000031,UCT,UCT,100000,-1.0,true,NaturalEnd,1,72,24,3238,3236,36,36,17,19,19,17,1,2,5,5,2,2,objective_pieces,S00:2:0:1|S01:0:0:0|S02:1:1:0|S03:0:0:0|S04:0:0:0|S10:0:0:0|S11:0:2:2|S12:1:2:1|S13:2:0:1|S14:0:0:0|S20:0:0:0|S21:3:3:2|S22:0:1:1|S23:0:1:1|S24:0:1:1|S30:0:0:0|S31:4:2:3|S32:4:2:3|S33:0:2:2|S34:0:0:0|S40:2:0:1|S41:0:0:0|S42:0:0:0|S43:0:0:0|S44:0:0:0|O00:1:2:0|O01:3:3:0|O02:3:3:0|O03:0:0:0|O10:3:3:0|O11:3:3:0|O12:1:2:0|O13:2:0:1|O20:4:0:3|O21:3:3:0|O22:4:0:3|O23:2:0:1|O30:4:0:3|O31:4:0:3|O32:4:0:3|O33:0:0:0,experiments/issue-47/results/production/tasks/issue-47-v1-production-uct-100000-g0032/uct-100000-self-play-0032.trl
uct-100000-self-play,33,571000032,UCT,UCT,100000,-1.0,true,NaturalEnd,2,72,24,3274,3792,36,36,18,18,18,18,2,3,5,6,3,0,secured_objectives,S00:0:0:0|S01:0:0:0|S02:1:1:0|S03:0:0:0|S04:0:0:0|S10:4:2:3|S11:1:1:0|S12:0:1:1|S13:0:0:0|S14:0:0:0|S20:0:0:0|S21:2:1:2|S22:3:3:2|S23:3:3:2|S24:0:0:0|S30:2:0:1|S31:4:2:3|S32:4:2:3|S33:1:2:1|S34:0:0:0|S40:0:0:0|S41:0:0:0|S42:0:0:0|S43:0:0:0|S44:0:0:0|O00:1:1:0|O01:3:3:0|O02:1:1:0|O03:0:0:0|O10:4:0:3|O11:3:3:0|O12:3:3:0|O13:1:1:0|O20:4:0:3|O21:4:0:3|O22:3:3:0|O23:3:3:0|O30:4:0:3|O31:4:0:3|O32:4:0:3|O33:0:0:0,experiments/issue-47/results/production/tasks/issue-47-v1-production-uct-100000-g0033/uct-100000-self-play-0033.trl
uct-100000-self-play,34,571000033,UCT,UCT,100000,-1.0,true,NaturalEnd,1,72,24,2049,1937,36,36,22,23,14,13,2,3,3,3,4,1,advantage_objectives,S00:0:0:0|S01:0:2:2|S02:0:0:0|S03:1:1:0|S04:4:2:3|S10:2:0:1|S11:4:2:3|S12:0:0:0|S13:4:2:3|S14:0:1:1|S20:0:0:0|S21:3:3:2|S22:3:3:2|S23:2:1:2|S24:0:0:0|S30:1:1:0|S31:0:2:2|S32:0:2:2|S33:0:0:0|S34:0:0:0|S40:0:0:0|S41:0:0:0|S42:0:0:0|S43:0:0:0|S44:0:0:0|O00:4:0:3|O01:0:0:0|O02:1:1:0|O03:4:0:3|O10:1:2:1|O11:3:3:0|O12:3:3:0|O13:0:0:0|O20:1:1:0|O21:3:3:2|O22:1:1:0|O23:0:0:0|O30:0:0:0|O31:4:0:3|O32:2:0:1|O33:0:0:0,experiments/issue-47/results/production/tasks/issue-47-v1-production-uct-100000-g0034/uct-100000-self-play-0034.trl
uct-100000-self-play,35,571000034,UCT,UCT,100000,-1.0,true,NaturalEnd,2,72,24,3238,3792,36,36,17,18,19,18,2,3,5,6,2,0,secured_objectives,S00:0:0:0|S01:0:0:0|S02:0:0:0|S03:0:0:0|S04:0:0:0|S10:0:0:0|S11:1:2:0|S12:1:1:0|S13:4:2:3|S14:0:0:0|S20:2:0:1|S21:0:0:0|S22:3:3:2|S23:4:2:3|S24:0:0:0|S30:0:0:0|S31:3:3:2|S32:2:1:2|S33:4:2:3|S34:0:1:1|S40:2:0:1|S41:0:0:0|S42:0:0:0|S43:0:0:0|S44:0:0:0|O00:1:1:0|O01:1:1:0|O02:0:0:0|O03:0:0:0|O10:0:0:0|O11:3:3:0|O12:4:2:3|O13:4:0:3|O20:3:3:0|O21:3:3:0|O22:4:0:3|O23:4:0:3|O30:3:3:0|O31:3:3:0|O32:4:0:3|O33:4:0:3,experiments/issue-47/results/production/tasks/issue-47-v1-production-uct-100000-g0035/uct-100000-self-play-0035.trl
uct-100000-self-play,36,571000035,UCT,UCT,100000,-1.0,true,NaturalEnd,1,72,24,3830,3199,36,36,17,19,19,17,2,3,6,5,1,1,secured_objectives,S00:0:0:0|S01:0:0:0|S02:0:0:0|S03:1:1:0|S04:2:0:1|S10:0:0:0|S11:4:2:3|S12:0:0:0|S13:0:1:1|S14:0:0:0|S20:2:0:1|S21:4:2:3|S22:3:3:2|S23:0:1:1|S24:2:0:1|S30:1:1:0|S31:4:2:3|S32:0:0:0|S33:3:3:2|S34:0:1:1|S40:0:0:0|S41:0:0:0|S42:0:0:0|S43:0:0:0|S44:0:0:0|O00:4:0:3|O01:2:0:1|O02:3:3:0|O03:0:0:0|O10:4:0:3|O11:3:3:0|O12:3:3:0|O13:1:1:0|O20:4:0:3|O21:4:0:3|O22:3:3:0|O23:3:3:0|O30:4:0:3|O31:0:0:0|O32:0:0:0|O33:3:3:1,experiments/issue-47/results/production/tasks/issue-47-v1-production-uct-100000-g0036/uct-100000-self-play-0036.trl
uct-100000-self-play,37,571000036,UCT,UCT,100000,-1.0,true,NaturalEnd,1,72,24,3199,2642,36,36,19,21,17,15,2,3,5,4,1,3,secured_objectives,S00:0:0:0|S01:0:0:0|S02:0:1:1|S03:0:0:0|S04:2:0:1|S10:0:0:0|S11:4:2:3|S12:0:2:2|S13:0:1:1|S14:0:0:0|S20:0:1:1|S21:4:2:3|S22:3:3:2|S23:3:3:2|S24:0:0:0|S30:0:0:0|S31:4:2:3|S32:1:1:0|S33:0:0:0|S34:0:0:0|S40:0:1:1|S41:0:0:0|S42:2:0:1|S43:0:0:0|S44:0:0:0|O00:0:0:0|O01:4:0:3|O02:0:0:0|O03:2:0:1|O10:4:0:3|O11:4:0:3|O12:3:3:0|O13:3:3:0|O20:4:0:3|O21:3:3:0|O22:3:3:0|O23:3:3:0|O30:2:0:1|O31:2:0:1|O32:1:2:0|O33:0:0:0,experiments/issue-47/results/production/tasks/issue-47-v1-production-uct-100000-g0037/uct-100000-self-play-0037.trl
uct-100000-self-play,38,571000037,UCT,UCT,100000,-1.0,true,NaturalEnd,2,72,24,2606,3161,36,36,20,20,16,16,2,3,4,5,2,0,secured_objectives,S00:1:1:0|S01:0:0:0|S02:0:0:0|S03:0:0:0|S04:0:0:0|S10:0:0:0|S11:3:3:2|S12:0:1:1|S13:0:2:2|S14:0:0:0|S20:0:0:0|S21:3:3:2|S22:4:2:3|S23:0:0:0|S24:0:0:0|S30:0:0:0|S31:0:1:1|S32:4:2:3|S33:0:1:1|S34:0:1:1|S40:0:0:0|S41:0:1:1|S42:4:2:3|S43:0:0:0|S44:0:0:0|O00:3:3:1|O01:1:1:0|O02:0:0:0|O03:0:0:0|O10:3:3:0|O11:3:3:0|O12:4:0:3|O13:0:0:0|O20:3:3:0|O21:4:0:3|O22:4:0:3|O23:0:0:0|O30:1:1:0|O31:4:2:3|O32:4:0:3|O33:0:0:0,experiments/issue-47/results/production/tasks/issue-47-v1-production-uct-100000-g0038/uct-100000-self-play-0038.trl
uct-100000-self-play,39,571000038,UCT,UCT,100000,-1.0,true,NaturalEnd,2,72,24,3199,3237,36,36,19,18,17,18,3,2,5,5,1,2,advantage_objectives,S00:0:0:0|S01:0:0:0|S02:1:1:0|S03:1:1:0|S04:0:0:0|S10:0:1:1|S11:0:1:1|S12:0:1:1|S13:3:3:2|S14:0:0:0|S20:0:0:0|S21:0:0:0|S22:3:3:2|S23:3:3:2|S24:0:0:0|S30:0:0:0|S31:4:2:3|S32:2:1:2|S33:4:2:3|S34:0:0:0|S40:0:0:0|S41:0:0:0|S42:0:0:0|S43:2:0:1|S44:0:0:0|O00:0:0:0|O01:4:0:3|O02:3:3:1|O03:1:2:0|O10:2:0:1|O11:4:0:3|O12:3:3:0|O13:3:3:0|O20:0:0:0|O21:3:3:0|O22:3:3:0|O23:4:0:3|O30:0:0:0|O31:2:0:1|O32:4:0:3|O33:4:0:3,experiments/issue-47/results/production/tasks/issue-47-v1-production-uct-100000-g0039/uct-100000-self-play-0039.trl
uct-100000-self-play,40,571000039,UCT,UCT,100000,-1.0,true,NaturalEnd,0,72,24,3792,3792,36,36,18,18,18,18,2,2,6,6,0,0,draw,S00:0:0:0|S01:0:0:0|S02:0:0:0|S03:0:0:0|S04:0:1:1|S10:0:0:0|S11:0:0:0|S12:3:3:2|S13:1:2:1|S14:0:0:0|S20:2:0:1|S21:0:1:1|S22:4:2:3|S23:3:3:2|S24:0:0:0|S30:1:1:0|S31:4:2:3|S32:0:2:2|S33:0:1:1|S34:0:0:0|S40:0:0:0|S41:2:0:1|S42:0:0:0|S43:0:0:0|S44:0:0:0|O00:0:0:0|O01:3:3:0|O02:3:3:0|O03:3:3:0|O10:0:0:0|O11:4:0:3|O12:3:3:0|O13:3:3:0|O20:4:0:3|O21:4:0:3|O22:4:0:3|O23:3:3:0|O30:4:0:3|O31:4:0:3|O32:0:0:0|O33:0:0:0,experiments/issue-47/results/production/tasks/issue-47-v1-production-uct-100000-g0040/uct-100000-self-play-0040.trl
uct-100000-self-play,41,571000040,UCT,UCT,100000,-1.0,true,NaturalEnd,1,72,24,3198,2566,36,36,20,23,16,13,3,3,5,4,1,1,secured_objectives,S00:0:0:0|S01:0:0:0|S02:2:1:2|S03:2:0:1|S04:0:0:0|S10:0:0:0|S11:0:1:1|S12:3:3:2|S13:4:2:3|S14:0:0:0|S20:0:0:0|S21:3:3:2|S22:4:2:3|S23:0:0:0|S24:0:0:0|S30:0:0:0|S31:3:3:2|S32:4:2:3|S33:0:1:1|S34:2:0:1|S40:0:0:0|S41:0:0:0|S42:0:2:2|S43:0:0:0|S44:0:0:0|O00:0:0:0|O01:1:1:0|O02:2:0:1|O03:0:0:0|O10:3:3:0|O11:3:3:0|O12:4:0:3|O13:0:0:0|O20:3:3:0|O21:3:3:0|O22:4:0:3|O23:0:0:0|O30:3:3:0|O31:4:0:3|O32:4:0:3|O33:0:0:0,experiments/issue-47/results/production/tasks/issue-47-v1-production-uct-100000-g0041/uct-100000-self-play-0041.trl
uct-100000-self-play,42,571000041,UCT,UCT,100000,-1.0,true,NaturalEnd,1,72,24,3237,2531,36,36,18,21,18,15,2,3,5,4,2,0,secured_objectives,S00:1:1:0|S01:0:0:0|S02:0:0:0|S03:2:1:2|S04:0:0:0|S10:0:0:0|S11:0:0:0|S12:4:2:3|S13:4:2:3|S14:0:0:0|S20:0:0:0|S21:0:0:0|S22:2:0:2|S23:3:3:2|S24:1:1:0|S30:0:0:0|S31:0:2:2|S32:3:3:2|S33:4:2:3|S34:0:0:0|S40:0:0:0|S41:2:0:1|S42:0:0:0|S43:0:1:1|S44:0:0:0|O00:0:0:0|O01:0:0:0|O02:4:0:3|O03:4:0:3|O10:0:0:0|O11:0:0:0|O12:0:0:0|O13:3:3:2|O20:1:1:0|O21:3:3:0|O22:3:3:0|O23:3:3:0|O30:1:2:1|O31:3:3:0|O32:4:0:3|O33:4:0:3,experiments/issue-47/results/production/tasks/issue-47-v1-production-uct-100000-g0042/uct-100000-self-play-0042.trl
uct-100000-self-play,43,571000042,UCT,UCT,100000,-1.0,true,NaturalEnd,2,72,24,2569,3160,36,36,20,21,16,15,2,4,4,5,1,0,secured_objectives,S00:0:0:0|S01:0:0:0|S02:0:0:0|S03:0:0:0|S04:0:0:0|S10:0:0:0|S11:4:2:3|S12:4:2:3|S13:1:1:0|S14:0:0:0|S20:0:2:2|S21:4:2:3|S22:3:3:2|S23:0:1:1|S24:0:0:0|S30:0:0:0|S31:3:3:2|S32:4:2:3|S33:0:1:1|S34:1:1:0|S40:0:0:0|S41:0:0:0|S42:2:0:1|S43:0:0:0|S44:0:0:0|O00:0:0:0|O01:0:0:0|O02:0:0:0|O03:0:0:0|O10:4:0:3|O11:4:2:3|O12:3:3:0|O13:0:0:0|O20:4:1:3|O21:3:3:0|O22:3:3:0|O23:0:0:0|O30:3:3:0|O31:4:0:3|O32:4:0:3|O33:1:1:0,experiments/issue-47/results/production/tasks/issue-47-v1-production-uct-100000-g0043/uct-100000-self-play-0043.trl
uct-100000-self-play,44,571000043,UCT,UCT,100000,-1.0,true,NaturalEnd,1,72,24,3275,2568,36,36,17,21,19,15,3,4,5,4,3,1,secured_objectives,S00:0:0:0|S01:0:0:0|S02:0:0:0|S03:2:0:1|S04:0:0:0|S10:0:0:0|S11:3:3:2|S12:2:1:2|S13:4:1:3|S14:0:0:0|S20:0:0:0|S21:3:3:2|S22:4:2:3|S23:3:3:2|S24:0:0:0|S30:0:0:0|S31:4:2:3|S32:4:2:3|S33:0:0:0|S34:0:0:0|S40:0:0:0|S41:0:0:0|S42:0:0:0|S43:0:0:0|S44:0:0:0|O00:1:2:1|O01:0:0:0|O02:2:0:2|O03:0:0:0|O10:3:3:0|O11:3:3:0|O12:3:3:0|O13:1:1:0|O20:4:0:3|O21:3:3:0|O22:3:3:0|O23:1:1:0|O30:4:0:3|O31:4:0:3|O32:4:0:3|O33:0:0:0,experiments/issue-47/results/production/tasks/issue-47-v1-production-uct-100000-g0044/uct-100000-self-play-0044.trl
uct-100000-self-play,45,571000044,UCT,UCT,100000,-1.0,true,NaturalEnd,1,72,24,3792,3198,36,36,18,20,18,16,3,2,6,5,0,1,secured_objectives,S00:0:0:0|S01:2:0:1|S02:0:0:0|S03:2:0:1|S04:0:0:0|S10:2:0:1|S11:4:2:3|S12:0:2:2|S13:0:0:0|S14:2:0:1|S20:0:0:0|S21:4:2:3|S22:3:3:2|S23:3:3:2|S24:1:1:0|S30:0:0:0|S31:3:3:2|S32:0:0:0|S33:2:1:2|S34:0:0:0|S40:0:0:0|S41:1:1:0|S42:0:0:0|S43:0:0:0|S44:0:0:0|O00:4:0:3|O01:4:0:3|O02:0:0:0|O03:2:0:1|O10:4:0:3|O11:4:0:3|O12:3:3:0|O13:3:3:0|O20:4:0:3|O21:3:3:0|O22:3:3:0|O23:3:3:0|O30:3:3:0|O31:0:0:0|O32:0:0:0|O33:0:0:0,experiments/issue-47/results/production/tasks/issue-47-v1-production-uct-100000-g0045/uct-100000-self-play-0045.trl
uct-100000-self-play,46,571000045,UCT,UCT,100000,-1.0,true,NaturalEnd,2,72,24,2644,3199,36,36,19,19,17,17,2,3,4,5,3,1,secured_objectives,S00:0:0:0|S01:0:0:0|S02:2:0:1|S03:1:1:0|S04:0:0:0|S10:0:0:0|S11:1:2:1|S12:4:2:3|S13:3:3:2|S14:0:0:0|S20:0:0:0|S21:2:1:2|S22:1:1:0|S23:4:2:3|S24:0:0:0|S30:0:0:0|S31:1:2:1|S32:4:2:3|S33:3:3:2|S34:2:0:1|S40:0:0:0|S41:0:0:0|S42:0:0:0|S43:0:0:0|S44:0:0:0|O00:1:1:0|O01:4:0:3|O02:3:3:0|O03:3:3:0|O10:1:2:0|O11:3:3:0|O12:4:0:3|O13:4:0:3|O20:0:0:0|O21:4:0:3|O22:3:3:0|O23:4:0:3|O30:0:0:0|O31:0:0:0|O32:2:1:2|O33:1:1:0,experiments/issue-47/results/production/tasks/issue-47-v1-production-uct-100000-g0046/uct-100000-self-play-0046.trl
uct-100000-self-play,47,571000046,UCT,UCT,100000,-1.0,true,NaturalEnd,2,72,24,3199,3238,36,36,19,17,17,19,2,2,5,5,1,2,advantage_objectives,S00:0:0:0|S01:0:0:0|S02:0:0:0|S03:0:1:1|S04:2:0:1|S10:0:0:0|S11:4:2:3|S12:3:3:2|S13:0:2:2|S14:2:0:1|S20:0:0:0|S21:3:3:2|S22:0:0:0|S23:0:1:1|S24:0:0:0|S30:0:0:0|S31:1:2:1|S32:0:0:0|S33:4:2:3|S34:1:1:0|S40:1:1:0|S41:0:0:0|S42:1:1:0|S43:0:0:0|S44:0:0:0|O00:2:0:2|O01:4:0:3|O02:3:3:0|O03:1:2:0|O10:4:0:3|O11:3:3:0|O12:3:3:0|O13:2:0:2|O20:3:3:0|O21:3:3:0|O22:4:0:3|O23:4:0:3|O30:0:0:0|O31:0:0:0|O32:0:0:0|O33:4:0:3,experiments/issue-47/results/production/tasks/issue-47-v1-production-uct-100000-g0047/uct-100000-self-play-0047.trl
uct-100000-self-play,48,571000047,UCT,UCT,100000,-1.0,true,NaturalEnd,1,72,24,2643,2049,36,36,20,22,16,14,3,3,4,3,3,4,secured_objectives,S00:0:0:0|S01:0:0:0|S02:2:0:1|S03:1:1:0|S04:0:0:0|S10:1:1:0|S11:0:1:1|S12:3:3:2|S13:0:1:1|S14:0:0:0|S20:0:0:0|S21:4:2:3|S22:3:3:2|S23:4:2:3|S24:0:0:0|S30:2:0:2|S31:3:3:2|S32:0:1:1|S33:4:2:3|S34:0:0:0|S40:2:0:1|S41:0:0:0|S42:0:0:0|S43:0:0:0|S44:0:0:0|O00:2:0:1|O01:1:1:0|O02:1:1:0|O03:1:1:0|O10:4:0:3|O11:3:3:0|O12:3:3:0|O13:0:0:0|O20:4:0:3|O21:3:3:0|O22:2:1:2|O23:0:0:0|O30:4:0:3|O31:3:3:0|O32:2:0:1|O33:2:0:1,experiments/issue-47/results/production/tasks/issue-47-v1-production-uct-100000-g0048/uct-100000-self-play-0048.trl
uct-100000-self-play,49,571000048,UCT,UCT,100000,-1.0,true,NaturalEnd,1,72,24,3276,2570,36,36,16,19,20,17,1,2,5,4,3,1,secured_objectives,S00:0:0:0|S01:2:0:1|S02:0:0:0|S03:0:0:0|S04:2:0:1|S10:0:0:0|S11:0:1:1|S12:0:0:0|S13:1:2:1|S14:2:1:2|S20:0:0:0|S21:4:2:3|S22:0:2:2|S23:1:1:0|S24:2:1:2|S30:0:0:0|S31:4:2:3|S32:3:3:2|S33:0:1:1|S34:0:0:0|S40:0:0:0|S41:0:0:0|S42:0:0:0|S43:0:0:0|S44:0:0:0|O00:0:1:1|O01:0:0:0|O02:1:1:0|O03:1:1:0|O10:4:0:3|O11:3:3:0|O12:3:3:0|O13:2:0:2|O20:4:0:3|O21:4:0:3|O22:3:3:0|O23:0:1:1|O30:4:0:3|O31:3:3:1|O32:3:3:0|O33:1:1:0,experiments/issue-47/results/production/tasks/issue-47-v1-production-uct-100000-g0049/uct-100000-self-play-0049.trl
uct-100000-self-play,50,571000049,UCT,UCT,100000,-1.0,true,NaturalEnd,2,72,24,2606,3236,36,36,20,19,16,17,3,2,4,5,2,2,secured_objectives,S00:0:0:0|S01:2:0:1|S02:0:0:0|S03:0:1:1|S04:0:0:0|S10:0:0:0|S11:0:1:1|S12:2:1:2|S13:0:0:0|S14:0:1:1|S20:0:0:0|S21:1:2:1|S22:4:2:3|S23:3:3:2|S24:0:0:0|S30:0:0:0|S31:3:3:2|S32:4:2:3|S33:3:3:2|S34:0:0:0|S40:0:0:0|S41:0:0:0|S42:0:0:0|S43:0:0:0|S44:1:1:0|O00:0:0:0|O01:2:0:1|O02:2:0:1|O03:0:0:0|O10:0:0:0|O11:4:0:3|O12:4:0:3|O13:3:3:0|O20:1:1:0|O21:4:1:3|O22:4:0:3|O23:3:3:0|O30:3:3:0|O31:4:0:3|O32:3:3:0|O33:1:2:0,experiments/issue-47/results/production/tasks/issue-47-v1-production-uct-100000-g0050/uct-100000-self-play-0050.trl
uct-100000-self-play,51,571000050,UCT,UCT,100000,-1.0,true,NaturalEnd,1,72,24,2644,2566,36,36,19,23,17,13,1,3,4,4,3,1,advantage_objectives,S00:2:0:1|S01:0:0:0|S02:0:0:0|S03:0:0:0|S04:0:0:0|S10:2:0:1|S11:0:1:1|S12:0:1:1|S13:2:1:2|S14:1:1:0|S20:0:0:0|S21:4:2:3|S22:4:2:3|S23:4:2:3|S24:0:0:0|S30:2:0:1|S31:0:2:2|S32:3:3:2|S33:0:2:2|S34:0:1:1|S40:0:0:0|S41:0:0:0|S42:1:1:0|S43:0:0:0|S44:0:0:0|O00:0:0:0|O01:0:0:0|O02:0:0:0|O03:0:0:0|O10:1:1:0|O11:4:0:3|O12:4:0:3|O13:4:0:3|O20:1:2:0|O21:3:3:0|O22:3:3:0|O23:4:0:3|O30:2:0:1|O31:3:3:0|O32:3:3:0|O33:1:2:0,experiments/issue-47/results/production/tasks/issue-47-v1-production-uct-100000-g0051/uct-100000-self-play-0051.trl
uct-100000-self-play,52,571000051,UCT,UCT,100000,-1.0,true,NaturalEnd,1,72,24,3792,3275,36,36,18,17,18,19,2,2,6,5,0,3,secured_objectives,S00:0:0:0|S01:0:0:0|S02:1:1:0|S03:0:0:0|S04:0:0:0|S10:1:1:0|S11:3:3:2|S12:0:1:1|S13:0:0:0|S14:2:0:1|S20:0:0:0|S21:4:2:3|S22:0:2:2|S23:0:0:0|S24:1:2:1|S30:0:0:0|S31:4:2:3|S32:3:3:2|S33:2:0:1|S34:0:0:0|S40:0:0:0|S41:0:0:0|S42:0:0:0|S43:0:1:1|S44:0:0:0|O00:0:0:0|O01:3:3:0|O02:3:3:0|O03:2:0:1|O10:3:3:0|O11:3:3:0|O12:3:3:0|O13:2:0:1|O20:4:0:3|O21:4:0:3|O22:3:3:0|O23:0:0:0|O30:4:0:3|O31:4:0:3|O32:4:0:3|O33:2:0:2,experiments/issue-47/results/production/tasks/issue-47-v1-production-uct-100000-g0052/uct-100000-self-play-0052.trl
uct-100000-self-play,53,571000052,UCT,UCT,100000,-1.0,true,NaturalEnd,1,72,24,3199,2643,36,36,19,20,17,16,3,2,5,4,1,3,secured_objectives,S00:0:0:0|S01:0:0:0|S02:0:0:0|S03:0:1:1|S04:0:0:0|S10:0:0:0|S11:1:2:1|S12:0:1:1|S13:0:1:1|S14:0:0:0|S20:2:0:2|S21:4:2:3|S22:3:3:2|S23:4:2:3|S24:0:0:0|S30:0:0:0|S31:3:3:2|S32:3:3:2|S33:0:1:1|S34:0:0:0|S40:0:0:0|S41:0:0:0|S42:2:0:1|S43:0:0:0|S44:0:0:0|O00:0:0:0|O01:0:0:0|O02:2:0:1|O03:2:0:2|O10:2:0:1|O11:3:3:0|O12:3:3:0|O13:4:0:3|O20:4:1:3|O21:4:0:3|O22:3:3:0|O23:4:0:3|O30:3:3:0|O31:3:3:0|O32:1:1:0|O33:0:0:0,experiments/issue-47/results/production/tasks/issue-47-v1-production-uct-100000-g0053/uct-100000-self-play-0053.trl
uct-100000-self-play,54,571000053,UCT,UCT,100000,-1.0,true,NaturalEnd,2,72,24,3201,3792,36,36,17,18,19,18,2,3,5,6,1,0,secured_objectives,S00:0:0:0|S01:0:0:0|S02:0:0:0|S03:0:0:0|S04:0:0:0|S10:0:0:0|S11:0:1:1|S12:0:0:0|S13:0:0:0|S14:0:1:1|S20:0:0:0|S21:3:3:2|S22:0:1:1|S23:4:2:3|S24:1:1:0|S30:0:0:0|S31:4:2:3|S32:4:2:3|S33:3:3:2|S34:0:0:0|S40:2:0:1|S41:2:0:1|S42:0:0:0|S43:1:1:0|S44:0:0:0|O00:0:0:0|O01:0:0:0|O02:0:0:0|O03:0:0:0|O10:3:3:0|O11:3:3:0|O12:1:2:0|O13:4:0:3|O20:4:0:3|O21:3:3:0|O22:3:3:0|O23:4:2:3|O30:4:0:3|O31:4:0:3|O32:4:0:3|O33:3:3:0,experiments/issue-47/results/production/tasks/issue-47-v1-production-uct-100000-g0054/uct-100000-self-play-0054.trl
uct-100000-self-play,55,571000054,UCT,UCT,100000,-1.0,true,NaturalEnd,2,72,24,1977,2567,36,36,20,22,16,14,1,4,3,4,2,1,secured_objectives,S00:0:0:0|S01:0:0:0|S02:0:2:2|S03:0:0:0|S04:1:2:1|S10:2:0:1|S11:0:0:0|S12:4:2:3|S13:3:3:2|S14:0:0:0|S20:0:0:0|S21:0:0:0|S22:4:2:3|S23:4:2:3|S24:1:1:0|S30:0:0:0|S31:4:2:3|S32:0:2:2|S33:1:1:0|S34:2:0:2|S40:0:0:0|S41:1:1:0|S42:0:0:0|S43:0:0:0|S44:0:0:0|O00:0:0:0|O01:2:0:1|O02:0:1:1|O03:3:3:0|O10:0:0:0|O11:4:0:3|O12:4:2:3|O13:3:3:0|O20:0:0:0|O21:4:2:3|O22:4:0:3|O23:3:3:0|O30:0:0:0|O31:0:0:0|O32:1:1:0|O33:1:1:0,experiments/issue-47/results/production/tasks/issue-47-v1-production-uct-100000-g0055/uct-100000-self-play-0055.trl
uct-100000-self-play,56,571000055,UCT,UCT,100000,-1.0,true,NaturalEnd,1,72,24,3830,2608,36,36,17,18,19,18,3,2,6,4,1,2,secured_objectives,S00:0:0:0|S01:0:0:0|S02:0:0:0|S03:0:0:0|S04:0:0:0|S10:0:0:0|S11:0:0:0|S12:2:1:2|S13:4:2:3|S14:0:0:0|S20:2:0:1|S21:4:2:3|S22:3:3:2|S23:3:3:2|S24:0:0:0|S30:2:0:1|S31:3:3:2|S32:1:1:0|S33:0:1:1|S34:0:0:0|S40:0:0:0|S41:0:0:0|S42:0:1:1|S43:0:0:0|S44:0:0:0|O00:0:0:0|O01:0:0:0|O02:4:0:3|O03:4:0:3|O10:2:0:2|O11:4:0:3|O12:3:3:0|O13:3:3:2|O20:4:0:3|O21:3:3:0|O22:3:3:0|O23:3:3:0|O30:2:0:2|O31:3:3:0|O32:1:1:0|O33:0:0:0,experiments/issue-47/results/production/tasks/issue-47-v1-production-uct-100000-g0056/uct-100000-self-play-0056.trl
uct-100000-self-play,57,571000056,UCT,UCT,100000,-1.0,true,NaturalEnd,1,72,24,3199,2643,36,36,19,20,17,16,2,3,5,4,1,3,secured_objectives,S00:0:0:0|S01:0:0:0|S02:0:0:0|S03:0:0:0|S04:0:0:0|S10:1:1:0|S11:1:2:1|S12:4:2:3|S13:4:2:3|S14:0:0:0|S20:0:1:1|S21:3:3:2|S22:4:2:3|S23:0:0:0|S24:2:0:1|S30:1:1:0|S31:0:1:1|S32:3:3:2|S33:2:1:2|S34:0:0:0|S40:0:0:0|S41:2:0:1|S42:0:0:0|S43:0:0:0|S44:0:0:0|O00:2:0:2|O01:2:0:1|O02:4:0:3|O03:2:0:1|O10:1:2:0|O11:4:0:3|O12:4:0:3|O13:0:0:0|O20:3:3:0|O21:4:0:3|O22:3:3:0|O23:0:0:0|O30:3:3:0|O31:3:3:0|O32:3:3:0|O33:0:0:0,experiments/issue-47/results/production/tasks/issue-47-v1-production-uct-100000-g0057/uct-100000-self-play-0057.trl
uct-100000-self-play,58,571000057,UCT,UCT,100000,-1.0,true,NaturalEnd,2,72,24,3199,3236,36,36,19,19,17,17,3,3,5,5,1,2,advantage_objectives,S00:0:0:0|S01:0:0:0|S02:0:0:0|S03:0:1:1|S04:0:0:0|S10:0:0:0|S11:4:2:3|S12:4:2:3|S13:0:0:0|S14:0:0:0|S20:0:1:1|S21:0:2:2|S22:4:2:3|S23:3:3:2|S24:0:0:0|S30:0:0:0|S31:0:0:0|S32:3:3:2|S33:3:3:2|S34:0:0:0|S40:0:0:0|S41:0:0:0|S42:0:0:0|S43:0:0:0|S44:0:0:0|O00:2:0:1|O01:4:0:3|O02:2:0:1|O03:0:0:0|O10:4:0:3|O11:4:0:3|O12:4:0:3|O13:3:3:0|O20:0:0:0|O21:4:0:3|O22:3:3:0|O23:3:3:0|O30:0:0:0|O31:1:2:0|O32:3:3:0|O33:3:3:0,experiments/issue-47/results/production/tasks/issue-47-v1-production-uct-100000-g0058/uct-100000-self-play-0058.trl
uct-100000-self-play,59,571000058,UCT,UCT,100000,-1.0,true,NaturalEnd,1,72,24,3237,3236,36,36,18,19,18,17,3,2,5,5,2,2,objective_pieces,S00:2:0:2|S01:1:1:0|S02:0:0:0|S03:0:1:1|S04:0:0:0|S10:0:0:0|S11:0:1:1|S12:0:0:0|S13:2:0:1|S14:0:0:0|S20:0:0:0|S21:3:3:2|S22:3:3:2|S23:0:0:0|S24:0:0:0|S30:0:2:2|S31:4:2:3|S32:4:2:3|S33:3:3:2|S34:0:0:0|S40:0:0:0|S41:0:0:0|S42:0:0:0|S43:0:0:0|S44:0:0:0|O00:0:0:0|O01:0:0:0|O02:4:0:3|O03:2:0:1|O10:3:3:0|O11:3:3:0|O12:3:3:0|O13:2:0:1|O20:4:0:3|O21:3:3:0|O22:3:3:0|O23:1:1:0|O30:4:0:3|O31:4:0:3|O32:4:0:3|O33:1:2:0,experiments/issue-47/results/production/tasks/issue-47-v1-production-uct-100000-g0059/uct-100000-self-play-0059.trl
uct-100000-self-play,60,571000059,UCT,UCT,100000,-1.0,true,NaturalEnd,1,72,24,3830,3199,36,36,17,19,19,17,1,3,6,5,1,1,secured_objectives,S00:0:0:0|S01:0:0:0|S02:0:0:0|S03:0:0:0|S04:0:0:0|S10:0:0:0|S11:0:0:0|S12:0:1:1|S13:0:2:2|S14:0:1:1|S20:0:0:0|S21:1:2:1|S22:4:2:3|S23:4:1:3|S24:0:0:0|S30:0:0:0|S31:3:3:2|S32:4:2:3|S33:0:2:2|S34:0:1:1|S40:0:0:0|S41:0:0:0|S42:0:0:0|S43:0:0:0|S44:0:0:0|O00:0:0:0|O01:1:1:0|O02:3:3:0|O03:0:0:0|O10:3:3:0|O11:3:3:0|O12:4:0:3|O13:2:0:2|O20:3:3:0|O21:3:3:0|O22:4:0:3|O23:4:0:3|O30:3:3:0|O31:4:0:3|O32:4:0:3|O33:0:0:0,experiments/issue-47/results/production/tasks/issue-47-v1-production-uct-100000-g0060/uct-100000-self-play-0060.trl
uct-100000-self-play,62,571000061,UCT,UCT,100000,-1.0,true,NaturalEnd,1,72,24,3237,3198,36,36,18,20,18,16,3,2,5,5,2,1,advantage_objectives,S00:0:0:0|S01:0:0:0|S02:0:1:1|S03:0:0:0|S04:0:0:0|S10:0:0:0|S11:0:0:0|S12:2:0:1|S13:2:1:2|S14:0:0:0|S20:0:0:0|S21:3:3:2|S22:3:3:2|S23:3:3:2|S24:0:0:0|S30:0:0:0|S31:4:2:3|S32:4:2:3|S33:0:2:2|S34:1:1:0|S40:0:0:0|S41:0:0:0|S42:0:0:0|S43:2:0:1|S44:2:0:1|O00:0:0:0|O01:2:0:1|O02:0:0:0|O03:0:0:0|O10:3:3:0|O11:3:3:0|O12:3:3:0|O13:1:1:0|O20:3:3:0|O21:3:3:0|O22:4:0:3|O23:1:2:0|O30:4:0:3|O31:4:0:3|O32:4:0:3|O33:4:0:3,experiments/issue-47/results/production/tasks/issue-47-v1-production-uct-100000-g0062/uct-100000-self-play-0062.trl
uct-100000-self-play,63,571000062,UCT,UCT,100000,-1.0,true,NaturalEnd,1,72,24,3160,2604,36,36,21,22,15,14,2,3,5,4,0,2,secured_objectives,S00:0:0:0|S01:0:0:0|S02:0:1:1|S03:2:0:1|S04:2:0:1|S10:0:0:0|S11:1:2:1|S12:4:2:3|S13:1:1:0|S14:0:0:0|S20:0:0:0|S21:3:3:2|S22:0:1:1|S23:0:1:1|S24:0:0:0|S30:0:1:1|S31:3:3:2|S32:2:1:2|S33:4:2:3|S34:0:0:0|S40:1:1:0|S41:0:0:0|S42:4:1:3|S43:0:0:0|S44:1:1:0|O00:0:0:0|O01:2:0:1|O02:0:0:0|O03:0:0:0|O10:3:3:0|O11:3:3:0|O12:0:0:0|O13:0:0:0|O20:3:3:0|O21:3:3:0|O22:4:0:3|O23:2:0:1|O30:3:3:0|O31:4:0:3|O32:4:0:3|O33:4:0:3,experiments/issue-47/results/production/tasks/issue-47-v1-production-uct-100000-g0063/uct-100000-self-play-0063.trl
uct-100000-self-play,64,571000063,UCT,UCT,100000,-1.0,true,NaturalEnd,2,72,24,3237,3792,36,36,18,18,18,18,2,3,5,6,2,0,secured_objectives,S00:0:0:0|S01:0:0:0|S02:0:0:0|S03:0:0:0|S04:2:0:1|S10:0:0:0|S11:4:2:3|S12:3:3:2|S13:1:1:0|S14:0:0:0|S20:0:0:0|S21:4:2:3|S22:1:1:0|S23:3:3:2|S24:1:1:0|S30:1:1:0|S31:0:1:1|S32:4:2:3|S33:2:1:2|S34:0:0:0|S40:2:0:1|S41:0:0:0|S42:0:0:0|S43:0:0:0|S44:0:0:0|O00:4:0:3|O01:4:0:3|O02:3:3:0|O03:1:2:0|O10:4:0:3|O11:3:3:0|O12:3:3:0|O13:3:3:0|O20:4:0:3|O21:4:0:3|O22:3:3:0|O23:1:1:0|O30:0:0:0|O31:0:0:0|O32:4:0:3|O33:0:0:0,experiments/issue-47/results/production/tasks/issue-47-v1-production-uct-100000-g0064/uct-100000-self-play-0064.trl
uct-100000-self-play,65,571000064,UCT,UCT,100000,-1.0,true,NaturalEnd,2,72,24,3236,3237,36,36,19,18,17,18,2,3,5,5,2,2,objective_pieces,S00:0:0:0|S01:0:0:0|S02:0:0:0|S03:0:0:0|S04:0:0:0|S10:0:0:0|S11:4:2:3|S12:0:1:1|S13:1:2:1|S14:1:1:0|S20:0:0:0|S21:0:2:2|S22:3:3:2|S23:3:3:2|S24:0:0:0|S30:0:0:0|S31:0:1:1|S32:4:2:3|S33:0:0:0|S34:0:0:0|S40:0:0:0|S41:4:2:3|S42:0:0:0|S43:0:0:0|S44:0:0:0|O00:4:0:3|O01:4:0:3|O02:1:1:0|O03:1:1:0|O10:4:0:3|O11:4:0:3|O12:3:3:0|O13:3:3:0|O20:0:0:0|O21:3:3:0|O22:3:3:0|O23:3:3:0|O30:2:0:1|O31:4:0:3|O32:2:0:2|O33:0:0:0,experiments/issue-47/results/production/tasks/issue-47-v1-production-uct-100000-g0065/uct-100000-self-play-0065.trl
uct-100000-self-play,66,571000065,UCT,UCT,100000,-1.0,true,NaturalEnd,1,72,24,2644,2567,36,36,19,22,17,14,1,3,4,4,3,1,advantage_objectives,S00:0:0:0|S01:0:0:0|S02:0:0:0|S03:0:0:0|S04:2:0:1|S10:0:0:0|S11:4:2:3|S12:4:2:3|S13:2:1:2|S14:0:0:0|S20:0:0:0|S21:0:1:1|S22:3:3:2|S23:1:2:1|S24:2:0:1|S30:0:0:0|S31:4:2:3|S32:0:1:1|S33:1:2:1|S34:0:1:1|S40:1:1:0|S41:2:0:1|S42:0:0:0|S43:0:1:1|S44:0:0:0|O00:4:0:3|O01:4:0:3|O02:4:0:3|O03:0:0:0|O10:4:0:3|O11:3:3:0|O12:3:3:0|O13:1:1:0|O20:1:2:0|O21:3:3:0|O22:3:3:0|O23:1:1:0|O30:0:0:0|O31:2:0:1|O32:0:1:1|O33:0:0:0,experiments/issue-47/results/production/tasks/issue-47-v1-production-uct-100000-g0066/uct-100000-self-play-0066.trl
uct-100000-self-play,67,571000066,UCT,UCT,100000,-1.0,true,NaturalEnd,1,72,24,3831,3237,36,36,16,18,20,18,3,2,6,5,1,2,secured_objectives,S00:0:0:0|S01:0:0:0|S02:0:0:0|S03:0:0:0|S04:1:1:0|S10:2:0:1|S11:3:3:2|S12:3:3:2|S13:3:3:2|S14:0:0:0|S20:0:0:0|S21:2:1:2|S22:0:0:0|S23:4:2:3|S24:2:0:1|S30:0:0:0|S31:2:0:1|S32:0:0:0|S33:4:2:3|S34:0:0:0|S40:0:0:0|S41:0:0:0|S42:0:1:1|S43:0:0:0|S44:0:0:0|O00:1:1:0|O01:3:3:0|O02:3:3:0|O03:3:3:0|O10:3:3:0|O11:3:3:0|O12:3:3:0|O13:4:0:3|O20:0:0:0|O21:2:0:1|O22:4:0:3|O23:4:1:3|O30:0:0:0|O31:2:0:2|O32:4:0:3|O33:4:0:3,experiments/issue-47/results/production/tasks/issue-47-v1-production-uct-100000-g0067/uct-100000-self-play-0067.trl
uct-100000-self-play,68,571000067,UCT,UCT,100000,-1.0,true,NaturalEnd,2,72,24,2642,3160,36,36,21,21,15,15,3,2,4,5,3,0,secured_objectives,S00:0:0:0|S01:0:0:0|S02:2:0:1|S03:0:1:1|S04:0:0:0|S10:2:0:1|S11:3:3:2|S12:3:3:2|S13:1:1:0|S14:0:0:0|S20:0:0:0|S21:0:1:1|S22:2:1:2|S23:3:3:2|S24:0:2:2|S30:0:0:0|S31:0:0:0|S32:0:1:1|S33:4:2:3|S34:4:2:3|S40:0:0:0|S41:0:0:0|S42:0:0:0|S43:1:1:0|S44:0:0:0|O00:1:1:0|O01:3:3:0|O02:1:1:0|O03:0:0:0|O10:3:3:0|O11:3:3:0|O12:3:3:0|O13:1:1:0|O20:4:0:3|O21:4:0:3|O22:4:0:3|O23:4:0:3|O30:0:0:0|O31:0:0:0|O32:0:0:0|O33:4:0:3,experiments/issue-47/results/production/tasks/issue-47-v1-production-uct-100000-g0068/uct-100000-self-play-0068.trl
uct-100000-self-play,69,571000068,UCT,UCT,100000,-1.0,true,NaturalEnd,2,72,24,2644,3163,36,36,19,18,17,18,2,2,4,5,3,0,secured_objectives,S00:0:0:0|S01:2:0:2|S02:0:0:0|S03:0:0:0|S04:0:0:0|S10:1:1:0|S11:1:2:0|S12:4:2:3|S13:3:3:2|S14:0:0:0|S20:0:0:0|S21:0:1:1|S22:0:2:2|S23:3:3:2|S24:0:0:0|S30:0:0:0|S31:2:1:2|S32:4:2:3|S33:0:1:1|S34:0:0:0|S40:0:0:0|S41:0:0:0|S42:1:1:0|S43:0:0:0|S44:0:0:0|O00:1:1:0|O01:4:0:3|O02:4:0:3|O03:3:3:0|O10:0:0:0|O11:4:0:3|O12:3:3:2|O13:3:3:0|O20:0:0:0|O21:4:0:3|O22:4:1:3|O23:3:3:0|O30:1:1:0|O31:0:1:1|O32:1:1:0|O33:0:0:0,experiments/issue-47/results/production/tasks/issue-47-v1-production-uct-100000-g0069/uct-100000-self-play-0069.trl
uct-100000-self-play,70,571000069,UCT,UCT,100000,-1.0,true,NaturalEnd,0,72,24,3199,3199,36,36,19,19,17,17,2,2,5,5,1,1,draw,S00:0:0:0|S01:0:1:1|S02:0:0:0|S03:0:1:1|S04:0:0:0|S10:0:0:0|S11:2:1:2|S12:0:1:1|S13:0:2:2|S14:1:2:1|S20:0:0:0|S21:0:0:0|S22:3:3:0|S23:0:1:1|S24:2:0:1|S30:0:0:0|S31:3:3:2|S32:4:2:3|S33:4:2:3|S34:2:0:1|S40:0:0:0|S41:0:0:0|S42:0:0:0|S43:0:0:0|S44:0:0:0|O00:0:0:0|O01:0:0:0|O02:1:2:0|O03:0:0:0|O10:0:0:0|O11:3:3:0|O12:3:3:0|O13:2:0:2|O20:3:3:0|O21:3:3:0|O22:4:0:3|O23:4:0:3|O30:3:3:0|O31:4:0:3|O32:4:0:3|O33:4:0:3,experiments/issue-47/results/production/tasks/issue-47-v1-production-uct-100000-g0070/uct-100000-self-play-0070.trl
uct-100000-self-play,71,571000070,UCT,UCT,100000,-1.0,true,NaturalEnd,1,72,24,3198,2566,36,36,20,23,16,13,2,3,5,4,1,1,secured_objectives,S00:1:1:0|S01:0:0:0|S02:0:0:0|S03:0:0:0|S04:2:1:2|S10:0:0:0|S11:0:2:2|S12:0:0:0|S13:4:2:3|S14:2:0:1|S20:0:0:0|S21:3:3:2|S22:3:3:2|S23:0:2:2|S24:0:0:0|S30:0:0:0|S31:4:2:3|S32:4:2:3|S33:0:0:0|S34:1:1:0|S40:0:0:0|S41:2:1:2|S42:2:0:1|S43:0:0:0|S44:0:0:0|O00:1:1:0|O01:0:0:0|O02:0:0:0|O03:2:0:1|O10:3:3:0|O11:3:3:0|O12:3:3:0|O13:0:0:0|O20:4:0:3|O21:3:3:0|O22:3:3:0|O23:0:0:0|O30:4:0:3|O31:4:0:3|O32:4:0:3|O33:0:0:0,experiments/issue-47/results/production/tasks/issue-47-v1-production-uct-100000-g0071/uct-100000-self-play-0071.trl
uct-100000-self-play,72,571000071,UCT,UCT,100000,-1.0,true,NaturalEnd,1,72,24,3274,3236,36,36,18,19,18,17,1,3,5,5,3,2,advantage_objectives,S00:0:0:0|S01:0:0:0|S02:1:1:0|S03:0:0:0|S04:0:0:0|S10:0:0:0|S11:3:3:2|S12:0:0:0|S13:4:2:3|S14:0:0:0|S20:0:0:0|S21:1:2:1|S22:2:1:2|S23:4:2:3|S24:0:0:0|S30:0:0:0|S31:0:2:2|S32:0:1:1|S33:4:2:3|S34:0:0:0|S40:2:0:1|S41:0:1:1|S42:0:0:0|S43:1:1:0|S44:0:0:0|O00:3:3:0|O01:1:1:0|O02:4:0:3|O03:2:0:1|O10:3:3:0|O11:3:3:0|O12:4:0:3|O13:4:0:3|O20:3:3:0|O21:3:3:0|O22:4:0:3|O23:4:0:3|O30:1:1:0|O31:1:1:0|O32:2:0:1|O33:0:0:0,experiments/issue-47/results/production/tasks/issue-47-v1-production-uct-100000-g0072/uct-100000-self-play-0072.trl
uct-100000-self-play,73,571000072,UCT,UCT,100000,-1.0,true,NaturalEnd,1,72,24,2643,2015,36,36,20,19,16,17,2,2,4,3,3,3,secured_objectives,S00:0:0:0|S01:0:0:0|S02:2:0:1|S03:0:1:1|S04:1:1:0|S10:0:0:0|S11:0:1:1|S12:3:3:2|S13:1:1:0|S14:2:0:1|S20:1:1:0|S21:0:1:1|S22:3:3:2|S23:1:2:1|S24:1:1:0|S30:0:0:0|S31:4:2:3|S32:4:2:3|S33:2:1:2|S34:0:0:0|S40:0:0:0|S41:2:0:1|S42:0:0:0|S43:0:0:0|S44:0:0:0|O00:0:0:0|O01:1:1:0|O02:0:1:1|O03:1:1:0|O10:2:0:1|O11:3:3:0|O12:3:3:0|O13:1:1:0|O20:4:0:3|O21:3:3:2|O22:3:3:2|O23:2:0:1|O30:4:0:3|O31:4:0:3|O32:2:0:1|O33:0:0:0,experiments/issue-47/results/production/tasks/issue-47-v1-production-uct-100000-g0073/uct-100000-self-play-0073.trl
uct-100000-self-play,74,571000073,UCT,UCT,100000,-1.0,true,NaturalEnd,1,72,24,3792,3199,36,36,18,19,18,17,2,3,6,5,0,1,secured_objectives,S00:2:0:1|S01:0:0:0|S02:0:0:0|S03:0:0:0|S04:2:0:1|S10:3:3:2|S11:0:1:1|S12:0:0:0|S13:0:0:0|S14:0:0:0|S20:0:0:0|S21:4:2:3|S22:3:3:2|S23:4:2:3|S24:0:0:0|S30:0:0:0|S31:4:2:3|S32:1:2:1|S33:1:2:1|S34:1:1:0|S40:0:0:0|S41:0:0:0|S42:2:0:1|S43:0:0:0|S44:0:0:0|O00:0:0:0|O01:0:0:0|O02:0:0:0|O03:0:0:0|O10:3:3:0|O11:2:0:2|O12:3:3:0|O13:4:0:3|O20:4:0:3|O21:3:3:0|O22:3:3:0|O23:4:0:3|O30:4:0:3|O31:4:0:3|O32:3:3:0|O33:3:3:0,experiments/issue-47/results/production/tasks/issue-47-v1-production-uct-100000-g0074/uct-100000-self-play-0074.trl
uct-100000-self-play,75,571000074,UCT,UCT,100000,-1.0,true,NaturalEnd,2,72,24,3238,3830,36,36,17,17,19,19,2,3,5,6,2,1,secured_objectives,S00:0:0:0|S01:0:0:0|S02:2:0:1|S03:1:1:0|S04:0:0:0|S10:2:0:1|S11:4:2:3|S12:0:0:0|S13:1:2:1|S14:0:0:0|S20:0:0:0|S21:4:2:3|S22:0:0:0|S23:3:3:2|S24:0:0:0|S30:0:0:0|S31:3:3:2|S32:4:2:3|S33:0:1:1|S34:0:0:0|S40:0:0:0|S41:0:0:0|S42:0:0:0|S43:0:0:0|S44:1:1:0|O00:4:0:3|O01:4:0:3|O02:0:0:0|O03:1:1:0|O10:4:0:3|O11:4:0:3|O12:3:3:0|O13:3:3:0|O20:2:0:1|O21:4:0:3|O22:3:3:0|O23:3:3:0|O30:1:1:0|O31:3:3:0|O32:4:2:3|O33:0:0:0,experiments/issue-47/results/production/tasks/issue-47-v1-production-uct-100000-g0075/uct-100000-self-play-0075.trl
uct-100000-self-play,76,571000075,UCT,UCT,100000,-1.0,true,NaturalEnd,0,72,24,3794,3794,36,36,16,16,20,20,1,3,6,6,0,0,draw,S00:0:0:0|S01:0:0:0|S02:0:0:0|S03:0:0:0|S04:0:0:0|S10:0:0:0|S11:4:2:3|S12:3:3:2|S13:4:2:3|S14:0:0:0|S20:1:1:0|S21:0:2:2|S22:1:1:0|S23:4:2:3|S24:0:0:0|S30:0:0:0|S31:1:2:1|S32:0:0:0|S33:1:1:0|S34:2:0:1|S40:0:0:0|S41:0:0:0|S42:2:0:1|S43:0:0:0|S44:0:0:0|O00:4:0:3|O01:4:0:3|O02:3:3:0|O03:4:0:3|O10:3:3:0|O11:3:3:0|O12:3:3:0|O13:4:0:3|O20:3:3:0|O21:3:3:0|O22:4:0:3|O23:4:0:3|O30:0:0:0|O31:0:1:1|O32:0:0:0|O33:0:1:1,experiments/issue-47/results/production/tasks/issue-47-v1-production-uct-100000-g0076/uct-100000-self-play-0076.trl
uct-100000-self-play,77,571000076,UCT,UCT,100000,-1.0,true,NaturalEnd,1,72,24,3275,3200,36,36,17,18,19,18,2,3,5,5,3,1,advantage_objectives,S00:0:0:0|S01:1:1:0|S02:0:0:0|S03:0:0:0|S04:0:0:0|S10:0:0:0|S11:4:2:3|S12:0:1:1|S13:0:1:1|S14:0:0:0|S20:0:0:0|S21:4:2:3|S22:2:0:2|S23:1:1:0|S24:0:0:0|S30:0:0:0|S31:4:2:3|S32:3:3:2|S33:3:3:2|S34:0:0:0|S40:0:0:0|S41:0:0:0|S42:0:0:0|S43:0:1:1|S44:0:0:0|O00:4:0:3|O01:2:0:1|O02:0:0:0|O03:1:1:0|O10:4:0:3|O11:4:0:3|O12:1:2:1|O13:1:1:0|O20:4:0:3|O21:3:3:0|O22:3:3:0|O23:3:3:0|O30:0:0:0|O31:4:0:3|O32:3:3:0|O33:3:3:1,experiments/issue-47/results/production/tasks/issue-47-v1-production-uct-100000-g0077/uct-100000-self-play-0077.trl
uct-100000-self-play,79,571000078,UCT,UCT,100000,-1.0,true,NaturalEnd,1,72,24,3831,3792,36,36,16,18,20,18,2,2,6,6,1,0,advantage_objectives,S00:2:0:1|S01:2:0:1|S02:0:0:0|S03:0:0:0|S04:0:0:0|S10:1:1:0|S11:0:0:0|S12:0:0:0|S13:0:1:1|S14:0:0:0|S20:0:1:1|S21:0:2:2|S22:3:3:1|S23:4:2:3|S24:0:0:0|S30:2:0:1|S31:3:3:2|S32:4:2:3|S33:2:0:1|S34:2:0:1|S40:0:0:0|S41:0:0:0|S42:0:0:0|S43:0:0:0|S44:1:1:0|O00:1:2:0|O01:0:0:0|O02:0:0:0|O03:0:0:0|O10:3:3:0|O11:3:3:0|O12:3:3:0|O13:4:0:3|O20:3:3:0|O21:3:3:0|O22:4:0:3|O23:4:0:3|O30:3:3:0|O31:4:0:3|O32:4:0:3|O33:4:0:3,experiments/issue-47/results/production/tasks/issue-47-v1-production-uct-100000-g0079/uct-100000-self-play-0079.trl
uct-100000-self-play,80,571000079,UCT,UCT,100000,-1.0,true,NaturalEnd,2,72,24,2645,3237,36,36,18,18,18,18,1,3,4,5,3,2,secured_objectives,S00:2:0:1|S01:0:0:0|S02:1:1:0|S03:0:0:0|S04:1:1:0|S10:0:0:0|S11:0:0:0|S12:1:1:0|S13:4:2:3|S14:0:0:0|S20:0:0:0|S21:0:2:2|S22:1:2:1|S23:4:2:3|S24:0:0:0|S30:0:0:0|S31:0:2:2|S32:4:2:3|S33:3:3:2|S34:0:0:0|S40:0:0:0|S41:0:0:0|S42:0:0:0|S43:0:0:0|S44:2:0:1|O00:0:0:0|O01:0:0:0|O02:2:0:2|O03:2:0:1|O10:1:1:0|O11:3:3:0|O12:4:0:3|O13:4:0:3|O20:1:2:0|O21:3:3:0|O22:3:3:0|O23:4:2:3|O30:1:1:0|O31:4:0:3|O32:4:0:3|O33:3:3:0,experiments/issue-47/results/production/tasks/issue-47-v1-production-uct-100000-g0080/uct-100000-self-play-0080.trl
uct-100000-self-play,81,571000080,UCT,UCT,100000,-1.0,true,NaturalEnd,1,72,24,3830,3237,36,36,17,18,19,18,3,2,6,5,1,2,secured_objectives,S00:0:0:0|S01:1:1:0|S02:0:0:0|S03:0:0:0|S04:0:0:0|S10:0:0:0|S11:0:0:0|S12:2:1:2|S13:3:3:2|S14:0:0:0|S20:0:0:0|S21:0:1:1|S22:3:3:2|S23:4:2:3|S24:0:0:0|S30:0:1:1|S31:2:0:2|S32:3:3:2|S33:4:2:3|S34:0:0:0|S40:0:0:0|S41:0:0:0|S42:0:0:0|S43:0:0:0|S44:0:0:0|O00:0:0:0|O01:0:0:0|O02:3:3:0|O03:1:1:0|O10:2:0:1|O11:3:3:0|O12:3:3:0|O13:4:0:3|O20:4:0:3|O21:3:3:0|O22:4:0:3|O23:4:0:3|O30:2:0:2|O31:3:3:0|O32:3:3:0|O33:4:0:3,experiments/issue-47/results/production/tasks/issue-47-v1-production-uct-100000-g0081/uct-100000-self-play-0081.trl
uct-100000-self-play,82,571000081,UCT,UCT,100000,-1.0,true,NaturalEnd,1,72,24,3275,3199,36,36,17,19,19,17,1,4,5,5,3,1,advantage_objectives,S00:0:0:0|S01:2:0:1|S02:1:1:0|S03:2:0:1|S04:0:0:0|S10:0:0:0|S11:3:3:2|S12:4:2:3|S13:4:2:3|S14:0:0:0|S20:0:0:0|S21:1:2:1|S22:0:0:0|S23:4:1:3|S24:0:0:0|S30:0:0:0|S31:1:2:1|S32:4:2:3|S33:0:1:1|S34:0:0:0|S40:0:0:0|S41:0:0:0|S42:0:0:0|S43:0:0:0|S44:1:1:0|O00:1:1:0|O01:3:3:0|O02:4:0:3|O03:4:0:3|O10:3:3:0|O11:3:3:0|O12:4:0:3|O13:4:0:3|O20:3:3:0|O21:3:3:0|O22:4:0:3|O23:2:0:1|O30:1:1:0|O31:1:2:1|O32:0:0:0|O33:0:0:0,experiments/issue-47/results/production/tasks/issue-47-v1-production-uct-100000-g0082/uct-100000-self-play-0082.trl
uct-100000-self-play,83,571000082,UCT,UCT,100000,-1.0,true,NaturalEnd,2,72,24,2607,3792,36,36,19,18,17,18,2,3,4,6,2,0,secured_objectives,S00:0:0:0|S01:0:0:0|S02:1:1:0|S03:0:0:0|S04:0:0:0|S10:0:0:0|S11:0:0:0|S12:2:1:2|S13:3:3:2|S14:1:1:0|S20:0:0:0|S21:0:0:0|S22:4:2:3|S23:4:2:3|S24:0:0:0|S30:1:1:0|S31:2:1:2|S32:4:2:3|S33:3:3:2|S34:0:0:0|S40:0:0:0|S41:2:0:1|S42:0:0:0|S43:1:1:0|S44:1:1:0|O00:0:0:0|O01:1:2:0|O02:3:3:0|O03:1:1:0|O10:0:0:0|O11:4:0:3|O12:4:0:3|O13:4:0:3|O20:0:0:0|O21:4:0:3|O22:4:2:3|O23:3:3:0|O30:0:0:0|O31:4:0:3|O32:3:3:0|O33:3:3:0,experiments/issue-47/results/production/tasks/issue-47-v1-production-uct-100000-g0083/uct-100000-self-play-0083.trl
uct-100000-self-play,84,571000083,UCT,UCT,100000,-1.0,true,NaturalEnd,1,72,24,3199,2604,36,36,19,22,17,14,3,3,5,4,1,2,secured_objectives,S00:0:0:0|S01:0:0:0|S02:0:0:0|S03:0:0:0|S04:0:0:0|S10:2:0:1|S11:3:3:2|S12:0:0:0|S13:2:1:2|S14:0:0:0|S20:0:0:0|S21:3:3:2|S22:4:2:3|S23:3:3:2|S24:0:0:0|S30:2:0:2|S31:4:2:3|S32:4:2:3|S33:2:0:1|S34:0:0:0|S40:1:1:0|S41:1:2:1|S42:0:0:0|S43:0:0:0|S44:0:0:0|O00:3:3:0|O01:1:2:0|O02:2:0:1|O03:0:0:0|O10:3:3:0|O11:3:3:0|O12:2:0:1|O13:3:3:0|O20:4:0:3|O21:4:0:3|O22:4:0:3|O23:0:0:0|O30:3:3:0|O31:4:0:3|O32:0:0:0|O33:0:0:0,experiments/issue-47/results/production/tasks/issue-47-v1-production-uct-100000-g0084/uct-100000-self-play-0084.trl
uct-100000-self-play,85,571000084,UCT,UCT,100000,-1.0,true,NaturalEnd,1,72,24,3200,3199,36,36,18,19,18,17,2,2,5,5,1,1,objective_pieces,S00:0:0:0|S01:0:1:1|S02:0:0:0|S03:0:0:0|S04:0:0:0|S10:0:0:0|S11:3:3:2|S12:0:1:1|S13:0:1:1|S14:2:0:1|S20:0:0:0|S21:1:1:0|S22:3:3:2|S23:4:2:3|S24:0:0:0|S30:0:0:0|S31:1:1:0|S32:0:1:1|S33:4:2:3|S34:0:0:0|S40:0:0:0|S41:2:1:2|S42:2:1:2|S43:0:0:0|S44:0:0:0|O00:0:0:0|O01:3:3:0|O02:0:0:0|O03:0:0:0|O10:0:0:0|O11:3:3:0|O12:3:3:0|O13:4:0:3|O20:3:3:0|O21:3:3:0|O22:4:0:3|O23:4:0:3|O30:1:2:0|O31:2:1:2|O32:4:0:3|O33:4:0:3,experiments/issue-47/results/production/tasks/issue-47-v1-production-uct-100000-g0085/uct-100000-self-play-0085.trl
uct-100000-self-play,86,571000085,UCT,UCT,100000,-1.0,true,NaturalEnd,2,72,24,3198,3199,36,36,20,19,16,17,2,4,5,5,1,1,objective_pieces,S00:1:1:0|S01:1:1:0|S02:2:0:1|S03:0:0:0|S04:0:0:0|S10:0:0:0|S11:1:2:1|S12:3:3:2|S13:4:2:3|S14:0:0:0|S20:0:0:0|S21:0:0:0|S22:3:3:2|S23:4:2:3|S24:0:0:0|S30:0:0:0|S31:4:2:3|S32:0:1:1|S33:4:2:3|S34:1:1:0|S40:0:0:0|S41:0:0:0|S42:0:0:0|S43:0:0:0|S44:0:0:0|O00:3:3:0|O01:3:3:0|O02:4:0:3|O03:4:0:3|O10:1:1:0|O11:3:3:0|O12:3:3:0|O13:4:0:3|O20:0:0:0|O21:3:3:0|O22:4:0:3|O23:4:0:3|O30:0:0:0|O31:0:0:0|O32:0:0:0|O33:2:0:2,experiments/issue-47/results/production/tasks/issue-47-v1-production-uct-100000-g0086/uct-100000-self-play-0086.trl
uct-100000-self-play,87,571000086,UCT,UCT,100000,-1.0,true,NaturalEnd,1,72,24,3870,3238,36,36,14,17,22,19,2,2,6,5,2,2,secured_objectives,S00:2:0:2|S01:0:0:0|S02:1:1:0|S03:0:0:0|S04:0:0:0|S10:0:0:0|S11:4:2:3|S12:0:1:1|S13:2:0:1|S14:0:0:0|S20:0:0:0|S21:4:2:3|S22:2:1:2|S23:3:3:2|S24:0:0:0|S30:0:0:0|S31:1:1:0|S32:0:0:0|S33:3:3:2|S34:0:0:0|S40:0:0:0|S41:0:0:0|S42:0:0:0|S43:2:0:1|S44:0:0:0|O00:4:0:3|O01:2:0:2|O02:0:1:1|O03:2:0:1|O10:4:0:3|O11:4:0:3|O12:3:3:0|O13:3:3:0|O20:4:0:3|O21:4:0:3|O22:3:3:0|O23:3:3:0|O30:3:3:0|O31:1:2:0|O32:1:1:0|O33:3:3:0,experiments/issue-47/results/production/tasks/issue-47-v1-production-uct-100000-g0087/uct-100000-self-play-0087.trl
uct-100000-self-play,88,571000087,UCT,UCT,100000,-1.0,true,NaturalEnd,1,72,24,2643,2568,36,36,20,21,16,15,2,3,4,4,3,1,advantage_objectives,S00:0:0:0|S01:0:0:0|S02:0:0:0|S03:0:0:0|S04:0:0:0|S10:0:0:0|S11:0:2:2|S12:3:3:2|S13:0:1:1|S14:0:0:0|S20:0:0:0|S21:0:2:2|S22:4:2:3|S23:1:2:1|S24:1:1:0|S30:0:0:0|S31:4:2:3|S32:4:2:3|S33:3:3:2|S34:0:0:0|S40:0:0:0|S41:0:0:0|S42:2:0:1|S43:2:0:1|S44:0:0:0|O00:0:0:0|O01:1:1:0|O02:1:1:0|O03:0:0:0|O10:0:0:0|O11:2:0:1|O12:3:3:2|O13:3:3:0|O20:0:0:0|O21:4:0:3|O22:3:3:0|O23:3:3:0|O30:4:0:3|O31:4:1:3|O32:4:0:3|O33:1:1:0,experiments/issue-47/results/production/tasks/issue-47-v1-production-uct-100000-g0088/uct-100000-self-play-0088.trl
uct-100000-self-play,89,571000088,UCT,UCT,100000,-1.0,true,NaturalEnd,2,72,24,3162,3200,36,36,19,18,17,18,3,2,5,5,0,1,advantage_objectives,S00:0:0:0|S01:0:0:0|S02:0:0:0|S03:0:0:0|S04:0:0:0|S10:0:0:0|S11:2:1:2|S12:0:1:1|S13:0:0:0|S14:2:0:1|S20:0:1:1|S21:0:1:1|S22:3:3:2|S23:0:0:0|S24:0:0:0|S30:1:1:0|S31:4:2:3|S32:3:3:2|S33:3:3:2|S34:4:2:3|S40:0:0:0|S41:0:0:0|S42:1:1:0|S43:0:0:0|S44:0:0:0|O00:4:0:3|O01:2:0:1|O02:0:0:0|O03:0:0:0|O10:4:0:3|O11:4:0:3|O12:3:3:0|O13:0:0:0|O20:4:0:3|O21:3:3:0|O22:3:3:0|O23:0:2:2|O30:0:0:0|O31:3:3:0|O32:3:3:0|O33:4:0:3,experiments/issue-47/results/production/tasks/issue-47-v1-production-uct-100000-g0089/uct-100000-self-play-0089.trl
uct-100000-self-play,90,571000089,UCT,UCT,100000,-1.0,true,NaturalEnd,2,72,24,2644,3160,36,36,19,21,17,15,1,3,4,5,3,0,secured_objectives,S00:1:1:0|S01:0:0:0|S02:0:0:0|S03:0:0:0|S04:0:0:0|S10:0:0:0|S11:1:2:1|S12:1:2:0|S13:2:1:2|S14:0:1:1|S20:0:0:0|S21:0:0:0|S22:0:2:2|S23:3:3:2|S24:0:0:0|S30:0:0:0|S31:4:2:3|S32:4:2:3|S33:4:2:3|S34:0:0:0|S40:2:0:1|S41:0:1:1|S42:2:0:1|S43:0:0:0|S44:2:0:1|O00:0:0:0|O01:1:1:0|O02:3:3:0|O03:1:2:0|O10:0:0:0|O11:1:1:0|O12:3:3:0|O13:3:3:0|O20:0:0:0|O21:4:0:3|O22:3:3:0|O23:4:0:3|O30:4:0:3|O31:4:0:3|O32:4:1:3|O33:0:0:0,experiments/issue-47/results/production/tasks/issue-47-v1-production-uct-100000-g0090/uct-100000-self-play-0090.trl
uct-100000-self-play,91,571000090,UCT,UCT,100000,-1.0,true,NaturalEnd,1,72,24,3793,3199,36,36,17,19,19,17,2,2,6,5,0,1,secured_objectives,S00:0:0:0|S01:0:0:0|S02:0:0:0|S03:0:0:0|S04:0:0:0|S10:0:0:0|S11:0:1:1|S12:2:1:2|S13:4:2:3|S14:2:0:1|S20:2:0:1|S21:3:3:1|S22:1:2:0|S23:4:2:3|S24:0:0:0|S30:0:0:0|S31:2:1:2|S32:0:1:1|S33:3:3:2|S34:0:0:0|S40:0:0:0|S41:2:0:1|S42:0:1:1|S43:0:0:0|S44:0:0:0|O00:0:0:0|O01:2:0:2|O02:4:0:3|O03:4:0:3|O10:3:3:0|O11:3:3:0|O12:4:0:3|O13:4:1:3|O20:0:0:0|O21:3:3:0|O22:3:3:0|O23:4:0:3|O30:0:0:0|O31:0:0:0|O32:3:3:0|O33:3:3:0,experiments/issue-47/results/production/tasks/issue-47-v1-production-uct-100000-g0091/uct-100000-self-play-0091.trl
uct-100000-self-play,92,571000091,UCT,UCT,100000,-1.0,true,NaturalEnd,2,72,24,2605,2642,36,36,21,21,15,15,3,3,4,4,2,3,advantage_objectives,S00:0:0:0|S01:0:0:0|S02:0:0:0|S03:1:1:0|S04:1:1:0|S10:2:0:1|S11:0:1:1|S12:0:1:1|S13:4:2:3|S14:0:0:0|S20:0:0:0|S21:3:3:2|S22:3:3:2|S23:4:2:3|S24:0:0:0|S30:0:0:0|S31:0:1:1|S32:4:2:3|S33:3:3:2|S34:2:1:2|S40:0:0:0|S41:0:0:0|S42:0:0:0|S43:0:0:0|S44:0:0:0|O00:0:0:0|O01:0:0:0|O02:2:0:1|O03:2:0:1|O10:3:3:0|O11:3:3:0|O12:4:1:3|O13:4:0:3|O20:1:1:0|O21:3:3:0|O22:4:0:3|O23:3:3:0|O30:0:0:0|O31:2:0:1|O32:4:0:3|O33:1:1:0,experiments/issue-47/results/production/tasks/issue-47-v1-production-uct-100000-g0092/uct-100000-self-play-0092.trl
uct-100000-self-play,94,571000093,UCT,UCT,100000,-1.0,true,NaturalEnd,1,72,24,3200,2567,36,36,18,22,18,14,2,4,5,4,1,1,secured_objectives,S00:0:0:0|S01:0:0:0|S02:0:0:0|S03:1:1:0|S04:0:0:0|S10:0:0:0|S11:0:2:2|S12:3:3:2|S13:4:2:3|S14:0:0:0|S20:0:0:0|S21:4:2:3|S22:4:2:3|S23:0:1:1|S24:2:0:1|S30:2:0:1|S31:4:2:3|S32:3:3:2|S33:0:0:0|S34:0:0:0|S40:0:0:0|S41:0:0:0|S42:2:0:1|S43:0:0:0|S44:0:0:0|O00:0:0:0|O01:1:1:0|O02:3:3:0|O03:0:0:0|O10:2:0:2|O11:4:0:3|O12:3:3:0|O13:0:0:0|O20:4:0:3|O21:4:2:3|O22:3:3:0|O23:0:0:0|O30:4:0:3|O31:3:3:0|O32:3:3:0|O33:0:0:0,experiments/issue-47/results/production/tasks/issue-47-v1-production-uct-100000-g0094/uct-100000-self-play-0094.trl
uct-100000-self-play,95,571000094,UCT,UCT,100000,-1.0,true,NaturalEnd,1,72,24,3792,3199,36,36,18,19,18,17,1,3,6,5,0,1,secured_objectives,S00:0:0:0|S01:0:0:0|S02:1:1:0|S03:0:0:0|S04:0:0:0|S10:0:0:0|S11:2:1:2|S12:1:2:1|S13:0:2:2|S14:0:0:0|S20:0:0:0|S21:3:3:2|S22:4:2:3|S23:0:0:0|S24:1:1:0|S30:0:0:0|S31:4:2:3|S32:4:2:3|S33:0:1:1|S34:0:0:0|S40:2:0:1|S41:0:0:0|S42:0:1:1|S43:0:0:0|S44:0:0:0|O00:0:0:0|O01:3:3:0|O02:3:3:0|O03:0:0:0|O10:3:3:0|O11:3:3:0|O12:4:0:3|O13:3:3:0|O20:3:3:0|O21:4:0:3|O22:4:0:3|O23:0:0:0|O30:4:0:3|O31:4:0:3|O32:2:0:2|O33:0:0:0,experiments/issue-47/results/production/tasks/issue-47-v1-production-uct-100000-g0095/uct-100000-self-play-0095.trl
uct-100000-self-play,96,571000095,UCT,UCT,100000,-1.0,true,NaturalEnd,1,72,24,3160,2529,36,36,21,23,15,13,3,2,5,4,0,0,secured_objectives,S00:1:1:0|S01:0:0:0|S02:2:0:1|S03:1:1:0|S04:2:0:1|S10:2:0:1|S11:4:2:3|S12:3:3:2|S13:0:1:1|S14:2:0:1|S20:2:0:1|S21:4:2:3|S22:3:3:2|S23:1:2:1|S24:0:0:0|S30:0:0:0|S31:3:3:2|S32:0:0:0|S33:0:1:1|S34:2:0:2|S40:0:0:0|S41:0:0:0|S42:0:0:0|S43:1:2:1|S44:0:0:0|O00:4:0:3|O01:4:0:3|O02:3:3:0|O03:0:0:0|O10:4:0:3|O11:3:3:0|O12:3:3:0|O13:0:0:0|O20:4:0:3|O21:3:3:1|O22:0:0:0|O23:0:0:0|O30:0:0:0|O31:3:3:0|O32:0:0:0|O33:0:0:0,experiments/issue-47/results/production/tasks/issue-47-v1-production-uct-100000-g0096/uct-100000-self-play-0096.trl
uct-100000-self-play,97,571000096,UCT,UCT,100000,-1.0,true,NaturalEnd,2,72,24,2569,2605,36,36,20,21,16,15,2,3,4,4,1,2,advantage_objectives,S00:0:0:0|S01:0:0:0|S02:0:0:0|S03:0:0:0|S04:0:0:0|S10:3:3:2|S11:0:1:1|S12:0:0:0|S13:0:1:1|S14:1:1:0|S20:0:0:0|S21:0:1:1|S22:4:2:3|S23:4:2:3|S24:0:0:0|S30:0:0:0|S31:0:2:2|S32:4:2:3|S33:3:3:2|S34:0:0:0|S40:0:0:0|S41:0:2:2|S42:0:0:0|S43:0:0:0|S44:2:0:1|O00:0:0:0|O01:0:0:0|O02:0:0:0|O03:0:0:0|O10:3:3:0|O11:4:0:3|O12:4:0:3|O13:2:0:1|O20:3:3:0|O21:4:0:3|O22:4:2:3|O23:2:0:1|O30:0:0:0|O31:1:2:1|O32:3:3:0|O33:3:3:0,experiments/issue-47/results/production/tasks/issue-47-v1-production-uct-100000-g0097/uct-100000-self-play-0097.trl
uct-100000-self-play,98,571000097,UCT,UCT,100000,-1.0,true,NaturalEnd,1,72,24,2604,2530,36,36,22,22,14,14,3,2,4,4,2,0,advantage_objectives,S00:1:1:0|S01:0:0:0|S02:0:0:0|S03:0:0:0|S04:2:0:1|S10:1:1:0|S11:0:1:1|S12:0:1:1|S13:0:1:1|S14:0:1:1|S20:0:0:0|S21:0:1:1|S22:3:3:2|S23:4:2:3|S24:0:1:1|S30:0:0:0|S31:2:1:2|S32:4:2:3|S33:3:3:2|S34:0:0:0|S40:0:0:0|S41:2:0:1|S42:3:3:2|S43:0:0:0|S44:0:0:0|O00:1:1:0|O01:0:0:0|O02:0:0:0|O03:0:0:0|O10:0:0:0|O11:3:3:0|O12:3:3:0|O13:4:0:3|O20:0:0:0|O21:3:3:0|O22:4:0:3|O23:4:0:3|O30:0:0:0|O31:4:0:3|O32:3:3:2|O33:1:1:0,experiments/issue-47/results/production/tasks/issue-47-v1-production-uct-100000-g0098/uct-100000-self-play-0098.trl
uct-100000-self-play,99,571000098,UCT,UCT,100000,-1.0,true,NaturalEnd,1,72,24,3236,2608,36,36,19,18,17,18,2,2,5,4,2,2,secured_objectives,S00:0:0:0|S01:0:0:0|S02:0:1:1|S03:4:2:3|S04:0:0:0|S10:0:0:0|S11:0:2:2|S12:3:3:2|S13:3:3:2|S14:0:0:0|S20:0:0:0|S21:0:2:2|S22:1:2:1|S23:0:1:1|S24:0:0:0|S30:0:0:0|S31:4:2:3|S32:0:0:0|S33:2:0:1|S34:1:1:0|S40:0:0:0|S41:0:0:0|S42:0:0:0|S43:0:0:0|S44:0:0:0|O00:0:0:0|O01:1:1:0|O02:3:3:2|O03:4:0:3|O10:2:0:2|O11:3:3:0|O12:3:3:0|O13:3:3:0|O20:4:0:3|O21:4:0:3|O22:3:3:0|O23:1:1:0|O30:4:0:3|O31:2:0:2|O32:0:0:0|O33:0:0:0,experiments/issue-47/results/production/tasks/issue-47-v1-production-uct-100000-g0099/uct-100000-self-play-0099.trl
uct-100000-self-play,100,571000099,UCT,UCT,100000,-1.0,true,NaturalEnd,1,72,24,2645,2606,36,36,18,20,18,16,2,3,4,4,3,2,advantage_objectives,S00:0:0:0|S01:0:0:0|S02:0:0:0|S03:0:1:1|S04:0:0:0|S10:0:0:0|S11:0:0:0|S12:0:1:1|S13:0:1:1|S14:0:0:0|S20:0:0:0|S21:1:1:0|S22:3:3:2|S23:3:3:2|S24:4:2:3|S30:0:0:0|S31:4:2:3|S32:4:2:3|S33:0:2:2|S34:0:0:0|S40:0:0:0|S41:0:0:0|S42:0:0:0|S43:2:0:1|S44:2:0:1|O00:0:0:0|O01:0:0:0|O02:2:0:2|O03:2:0:1|O10:1:2:0|O11:3:3:0|O12:3:3:0|O13:1:2:1|O20:3:3:0|O21:3:3:0|O22:4:0:3|O23:4:0:3|O30:1:2:0|O31:4:0:3|O32:4:0:3|O33:0:0:0,experiments/issue-47/results/production/tasks/issue-47-v1-production-uct-100000-g0100/uct-100000-self-play-0100.trl
