[2026-09-07T10:42:48.692+0900][0.003s][info][gc,init] CardTable entry size: 512
[2026-09-07T10:42:48.692+0900][0.003s][info][gc     ] Using G1
[2026-09-07T10:42:48.693+0900][0.003s][info][gc,init] Version: 21.0.12+8-LTS (release)
[2026-09-07T10:42:48.693+0900][0.003s][info][gc,init] CPUs: 10 total, 10 available
[2026-09-07T10:42:48.693+0900][0.003s][info][gc,init] Memory: 16384M
[2026-09-07T10:42:48.693+0900][0.003s][info][gc,init] Large Page Support: Disabled
[2026-09-07T10:42:48.693+0900][0.003s][info][gc,init] NUMA Support: Disabled
[2026-09-07T10:42:48.693+0900][0.003s][info][gc,init] Compressed Oops: Enabled (Zero based)
[2026-09-07T10:42:48.693+0900][0.003s][info][gc,init] Heap Region Size: 2M
[2026-09-07T10:42:48.693+0900][0.003s][info][gc,init] Heap Min Capacity: 8M
[2026-09-07T10:42:48.693+0900][0.003s][info][gc,init] Heap Initial Capacity: 256M
[2026-09-07T10:42:48.693+0900][0.003s][info][gc,init] Heap Max Capacity: 4G
[2026-09-07T10:42:48.693+0900][0.003s][info][gc,init] Pre-touch: Disabled
[2026-09-07T10:42:48.693+0900][0.003s][info][gc,init] Parallel Workers: 9
[2026-09-07T10:42:48.693+0900][0.003s][info][gc,init] Concurrent Workers: 2
[2026-09-07T10:42:48.693+0900][0.003s][info][gc,init] Concurrent Refinement Workers: 9
[2026-09-07T10:42:48.693+0900][0.003s][info][gc,init] Periodic GC: Disabled
[2026-09-07T10:42:48.695+0900][0.005s][info][gc,metaspace] CDS archive(s) mapped at: [0x0000007000000000-0x0000007000c94000-0x0000007000c94000), size 13189120, SharedBaseAddress: 0x0000007000000000, ArchiveRelocationMode: 1.
[2026-09-07T10:42:48.695+0900][0.005s][info][gc,metaspace] Compressed class space mapped at: 0x0000007001000000-0x0000007041000000, reserved size: 1073741824
[2026-09-07T10:42:48.695+0900][0.005s][info][gc,metaspace] Narrow klass base: 0x0000007000000000, Narrow klass shift: 0, Narrow klass range: 0x100000000
[2026-09-07T10:42:48.755+0900][0.066s][info][safepoint   ] Safepoint "ICBufferFull", Time since last: 59087625 ns, Reaching safepoint: 1042 ns, Cleanup: 33458 ns, At safepoint: 250 ns, Leaving safepoint: 5000 ns, Total: 39750 ns
[2026-09-07T10:42:48.826+0900][0.137s][info][safepoint   ] Safepoint "ICBufferFull", Time since last: 70823125 ns, Reaching safepoint: 20125 ns, Cleanup: 43917 ns, At safepoint: 125 ns, Leaving safepoint: 1000 ns, Total: 65167 ns
[2026-09-07T10:42:48.856+0900][0.166s][info][gc,start    ] GC(0) Pause Young (Normal) (G1 Evacuation Pause)
[2026-09-07T10:42:48.856+0900][0.166s][info][gc,task     ] GC(0) Using 6 workers of 9 for evacuation
[2026-09-07T10:42:48.858+0900][0.168s][info][gc,phases   ] GC(0)   Pre Evacuate Collection Set: 0.04ms
[2026-09-07T10:42:48.858+0900][0.168s][info][gc,phases   ] GC(0)   Merge Heap Roots: 0.03ms
[2026-09-07T10:42:48.858+0900][0.168s][info][gc,phases   ] GC(0)   Evacuate Collection Set: 1.29ms
[2026-09-07T10:42:48.858+0900][0.168s][info][gc,phases   ] GC(0)   Post Evacuate Collection Set: 0.18ms
[2026-09-07T10:42:48.858+0900][0.168s][info][gc,phases   ] GC(0)   Other: 0.14ms
[2026-09-07T10:42:48.858+0900][0.168s][info][gc,heap     ] GC(0) Eden regions: 11->0(17)
[2026-09-07T10:42:48.858+0900][0.168s][info][gc,heap     ] GC(0) Survivor regions: 0->2(2)
[2026-09-07T10:42:48.858+0900][0.168s][info][gc,heap     ] GC(0) Old regions: 1->2
[2026-09-07T10:42:48.858+0900][0.168s][info][gc,heap     ] GC(0) Humongous regions: 2->2
[2026-09-07T10:42:48.858+0900][0.168s][info][gc,metaspace] GC(0) Metaspace: 9239K(9472K)->9239K(9472K) NonClass: 8186K(8320K)->8186K(8320K) Class: 1053K(1152K)->1053K(1152K)
[2026-09-07T10:42:48.858+0900][0.168s][info][gc          ] GC(0) Pause Young (Normal) (G1 Evacuation Pause) 27M->10M(258M) 1.820ms
[2026-09-07T10:42:48.858+0900][0.168s][info][gc,cpu      ] GC(0) User=0.02s Sys=0.00s Real=0.00s
[2026-09-07T10:42:48.858+0900][0.168s][info][safepoint   ] Safepoint "G1CollectForAllocation", Time since last: 29506958 ns, Reaching safepoint: 1333 ns, Cleanup: 27459 ns, At safepoint: 1835125 ns, Leaving safepoint: 2625 ns, Total: 1866542 ns
[2026-09-07T10:42:48.879+0900][0.189s][info][safepoint   ] Safepoint "ICBufferFull", Time since last: 21362500 ns, Reaching safepoint: 1375 ns, Cleanup: 32791 ns, At safepoint: 500 ns, Leaving safepoint: 1375 ns, Total: 36041 ns
[2026-09-07T10:42:48.895+0900][0.205s][info][safepoint   ] Safepoint "ICBufferFull", Time since last: 15719417 ns, Reaching safepoint: 1083 ns, Cleanup: 38459 ns, At safepoint: 333 ns, Leaving safepoint: 167 ns, Total: 40042 ns
[2026-09-07T10:42:48.910+0900][0.220s][info][safepoint   ] Safepoint "ICBufferFull", Time since last: 15236208 ns, Reaching safepoint: 1333 ns, Cleanup: 38000 ns, At safepoint: 334 ns, Leaving safepoint: 125 ns, Total: 39792 ns
[2026-09-07T10:42:48.920+0900][0.230s][info][safepoint   ] Safepoint "ICBufferFull", Time since last: 9581375 ns, Reaching safepoint: 875 ns, Cleanup: 32125 ns, At safepoint: 208 ns, Leaving safepoint: 1875 ns, Total: 35083 ns
[2026-09-07T10:42:48.926+0900][0.237s][info][safepoint   ] Safepoint "ICBufferFull", Time since last: 6506417 ns, Reaching safepoint: 1208 ns, Cleanup: 40250 ns, At safepoint: 333 ns, Leaving safepoint: 1584 ns, Total: 43375 ns
[2026-09-07T10:42:48.942+0900][0.252s][info][safepoint   ] Safepoint "ICBufferFull", Time since last: 15580333 ns, Reaching safepoint: 20125 ns, Cleanup: 52458 ns, At safepoint: 417 ns, Leaving safepoint: 958 ns, Total: 73958 ns
[2026-09-07T10:42:48.976+0900][0.286s][info][safepoint   ] Safepoint "ICBufferFull", Time since last: 33693625 ns, Reaching safepoint: 20917 ns, Cleanup: 45167 ns, At safepoint: 458 ns, Leaving safepoint: 1833 ns, Total: 68375 ns
[2026-09-07T10:42:48.979+0900][0.290s][info][gc,start    ] GC(1) Pause Young (Normal) (G1 Evacuation Pause)
[2026-09-07T10:42:48.979+0900][0.290s][info][gc,task     ] GC(1) Using 6 workers of 9 for evacuation
[2026-09-07T10:42:48.982+0900][0.292s][info][gc,phases   ] GC(1)   Pre Evacuate Collection Set: 0.05ms
[2026-09-07T10:42:48.982+0900][0.292s][info][gc,phases   ] GC(1)   Merge Heap Roots: 0.02ms
[2026-09-07T10:42:48.982+0900][0.292s][info][gc,phases   ] GC(1)   Evacuate Collection Set: 1.84ms
[2026-09-07T10:42:48.982+0900][0.292s][info][gc,phases   ] GC(1)   Post Evacuate Collection Set: 0.15ms
[2026-09-07T10:42:48.982+0900][0.292s][info][gc,phases   ] GC(1)   Other: 0.02ms
[2026-09-07T10:42:48.982+0900][0.292s][info][gc,heap     ] GC(1) Eden regions: 17->0(37)
[2026-09-07T10:42:48.982+0900][0.292s][info][gc,heap     ] GC(1) Survivor regions: 2->3(3)
[2026-09-07T10:42:48.982+0900][0.292s][info][gc,heap     ] GC(1) Old regions: 2->4
[2026-09-07T10:42:48.982+0900][0.292s][info][gc,heap     ] GC(1) Humongous regions: 2->2
[2026-09-07T10:42:48.982+0900][0.292s][info][gc,metaspace] GC(1) Metaspace: 11397K(11712K)->11397K(11712K) NonClass: 10086K(10240K)->10086K(10240K) Class: 1311K(1472K)->1311K(1472K)
[2026-09-07T10:42:48.982+0900][0.292s][info][gc          ] GC(1) Pause Young (Normal) (G1 Evacuation Pause) 44M->14M(258M) 2.200ms
[2026-09-07T10:42:48.982+0900][0.292s][info][gc,cpu      ] GC(1) User=0.01s Sys=0.00s Real=0.01s
[2026-09-07T10:42:48.982+0900][0.292s][info][safepoint   ] Safepoint "G1CollectForAllocation", Time since last: 3740250 ns, Reaching safepoint: 584 ns, Cleanup: 3125 ns, At safepoint: 2218416 ns, Leaving safepoint: 5125 ns, Total: 2227250 ns
[2026-09-07T10:42:49.109+0900][0.420s][info][safepoint   ] Safepoint "ICBufferFull", Time since last: 127573875 ns, Reaching safepoint: 22750 ns, Cleanup: 39250 ns, At safepoint: 209 ns, Leaving safepoint: 958 ns, Total: 63167 ns
[2026-09-07T10:42:49.126+0900][0.437s][info][gc,start    ] GC(2) Pause Young (Normal) (G1 Evacuation Pause)
[2026-09-07T10:42:49.127+0900][0.437s][info][gc,task     ] GC(2) Using 6 workers of 9 for evacuation
[2026-09-07T10:42:49.128+0900][0.438s][info][gc,phases   ] GC(2)   Pre Evacuate Collection Set: 0.04ms
[2026-09-07T10:42:49.128+0900][0.438s][info][gc,phases   ] GC(2)   Merge Heap Roots: 0.02ms
[2026-09-07T10:42:49.128+0900][0.438s][info][gc,phases   ] GC(2)   Evacuate Collection Set: 1.38ms
[2026-09-07T10:42:49.128+0900][0.438s][info][gc,phases   ] GC(2)   Post Evacuate Collection Set: 0.21ms
[2026-09-07T10:42:49.128+0900][0.438s][info][gc,phases   ] GC(2)   Other: 0.03ms
[2026-09-07T10:42:49.128+0900][0.438s][info][gc,heap     ] GC(2) Eden regions: 38->0(72)
[2026-09-07T10:42:49.128+0900][0.438s][info][gc,heap     ] GC(2) Survivor regions: 3->4(6)
[2026-09-07T10:42:49.128+0900][0.438s][info][gc,heap     ] GC(2) Old regions: 4->4
[2026-09-07T10:42:49.128+0900][0.438s][info][gc,heap     ] GC(2) Humongous regions: 2->2
[2026-09-07T10:42:49.128+0900][0.439s][info][gc,metaspace] GC(2) Metaspace: 19709K(19904K)->19709K(19904K) NonClass: 17278K(17408K)->17278K(17408K) Class: 2431K(2496K)->2431K(2496K)
[2026-09-07T10:42:49.128+0900][0.439s][info][gc          ] GC(2) Pause Young (Normal) (G1 Evacuation Pause) 90M->17M(258M) 1.793ms
[2026-09-07T10:42:49.128+0900][0.439s][info][gc,cpu      ] GC(2) User=0.00s Sys=0.00s Real=0.00s
[2026-09-07T10:42:49.128+0900][0.439s][info][safepoint   ] Safepoint "G1CollectForAllocation", Time since last: 17127375 ns, Reaching safepoint: 1208 ns, Cleanup: 14167 ns, At safepoint: 1807875 ns, Leaving safepoint: 2208 ns, Total: 1825458 ns
[2026-09-07T10:42:49.286+0900][0.597s][info][safepoint   ] Safepoint "ICBufferFull", Time since last: 158030667 ns, Reaching safepoint: 1167 ns, Cleanup: 54958 ns, At safepoint: 333 ns, Leaving safepoint: 209 ns, Total: 56667 ns
[2026-09-07T10:42:49.342+0900][0.652s][info][gc,start    ] GC(3) Pause Young (Concurrent Start) (Metadata GC Threshold)
[2026-09-07T10:42:49.342+0900][0.652s][info][gc,task     ] GC(3) Using 6 workers of 9 for evacuation
[2026-09-07T10:42:49.344+0900][0.655s][info][gc,phases   ] GC(3)   Pre Evacuate Collection Set: 0.07ms
[2026-09-07T10:42:49.345+0900][0.655s][info][gc,phases   ] GC(3)   Merge Heap Roots: 0.03ms
[2026-09-07T10:42:49.345+0900][0.655s][info][gc,phases   ] GC(3)   Evacuate Collection Set: 2.50ms
[2026-09-07T10:42:49.345+0900][0.655s][info][gc,phases   ] GC(3)   Post Evacuate Collection Set: 0.17ms
[2026-09-07T10:42:49.345+0900][0.655s][info][gc,phases   ] GC(3)   Other: 0.04ms
[2026-09-07T10:42:49.345+0900][0.655s][info][gc,heap     ] GC(3) Eden regions: 27->0(69)
[2026-09-07T10:42:49.345+0900][0.655s][info][gc,heap     ] GC(3) Survivor regions: 4->7(10)
[2026-09-07T10:42:49.345+0900][0.655s][info][gc,heap     ] GC(3) Old regions: 4->4
[2026-09-07T10:42:49.345+0900][0.655s][info][gc,heap     ] GC(3) Humongous regions: 2->2
[2026-09-07T10:42:49.345+0900][0.655s][info][gc,metaspace] GC(3) Metaspace: 21201K(21504K)->21201K(21504K) NonClass: 18609K(18752K)->18609K(18752K) Class: 2592K(2752K)->2592K(2752K)
[2026-09-07T10:42:49.345+0900][0.655s][info][gc          ] GC(3) Pause Young (Concurrent Start) (Metadata GC Threshold) 71M->23M(258M) 2.914ms
[2026-09-07T10:42:49.345+0900][0.655s][info][gc,cpu      ] GC(3) User=0.02s Sys=0.00s Real=0.00s
[2026-09-07T10:42:49.345+0900][0.655s][info][gc          ] GC(4) Concurrent Mark Cycle
[2026-09-07T10:42:49.345+0900][0.655s][info][safepoint   ] Safepoint "CollectForMetadataAllocation", Time since last: 55215375 ns, Reaching safepoint: 1500 ns, Cleanup: 61291 ns, At safepoint: 2942584 ns, Leaving safepoint: 3208 ns, Total: 3008583 ns
[2026-09-07T10:42:49.345+0900][0.655s][info][gc,marking  ] GC(4) Concurrent Scan Root Regions
[2026-09-07T10:42:49.347+0900][0.657s][info][gc,marking  ] GC(4) Concurrent Scan Root Regions 2.256ms
[2026-09-07T10:42:49.347+0900][0.657s][info][gc,marking  ] GC(4) Concurrent Mark
[2026-09-07T10:42:49.347+0900][0.657s][info][gc,marking  ] GC(4) Concurrent Mark From Roots
[2026-09-07T10:42:49.347+0900][0.657s][info][gc,task     ] GC(4) Using 2 workers of 2 for marking
[2026-09-07T10:42:49.350+0900][0.660s][info][gc,marking  ] GC(4) Concurrent Mark From Roots 2.968ms
[2026-09-07T10:42:49.350+0900][0.660s][info][gc,marking  ] GC(4) Concurrent Preclean
[2026-09-07T10:42:49.350+0900][0.660s][info][gc,marking  ] GC(4) Concurrent Preclean 0.025ms
[2026-09-07T10:42:49.350+0900][0.660s][info][gc,start    ] GC(4) Pause Remark
[2026-09-07T10:42:49.351+0900][0.661s][info][gc          ] GC(4) Pause Remark 24M->24M(88M) 0.967ms
[2026-09-07T10:42:49.351+0900][0.661s][info][gc,cpu      ] GC(4) User=0.00s Sys=0.00s Real=0.00s
[2026-09-07T10:42:49.351+0900][0.661s][info][safepoint   ] Safepoint "G1PauseRemark", Time since last: 5342000 ns, Reaching safepoint: 24792 ns, Cleanup: 1833 ns, At safepoint: 1005208 ns, Leaving safepoint: 3584 ns, Total: 1035417 ns
[2026-09-07T10:42:49.351+0900][0.661s][info][gc,marking  ] GC(4) Concurrent Mark 4.109ms
[2026-09-07T10:42:49.351+0900][0.661s][info][gc,marking  ] GC(4) Concurrent Rebuild Remembered Sets and Scrub Regions
[2026-09-07T10:42:49.352+0900][0.663s][info][gc,marking  ] GC(4) Concurrent Rebuild Remembered Sets and Scrub Regions 1.522ms
[2026-09-07T10:42:49.353+0900][0.663s][info][gc,start    ] GC(4) Pause Cleanup
[2026-09-07T10:42:49.353+0900][0.663s][info][gc          ] GC(4) Pause Cleanup 25M->25M(88M) 0.059ms
[2026-09-07T10:42:49.353+0900][0.663s][info][gc,cpu      ] GC(4) User=0.00s Sys=0.00s Real=0.00s
[2026-09-07T10:42:49.353+0900][0.663s][info][safepoint   ] Safepoint "G1PauseCleanup", Time since last: 1591916 ns, Reaching safepoint: 22167 ns, Cleanup: 1542 ns, At safepoint: 101625 ns, Leaving safepoint: 2916 ns, Total: 128250 ns
[2026-09-07T10:42:49.353+0900][0.663s][info][gc,marking  ] GC(4) Concurrent Clear Claimed Marks
[2026-09-07T10:42:49.353+0900][0.663s][info][gc,marking  ] GC(4) Concurrent Clear Claimed Marks 0.010ms
[2026-09-07T10:42:49.353+0900][0.663s][info][gc,marking  ] GC(4) Concurrent Cleanup for Next Mark
[2026-09-07T10:42:49.353+0900][0.663s][info][gc,marking  ] GC(4) Concurrent Cleanup for Next Mark 0.118ms
[2026-09-07T10:42:49.353+0900][0.663s][info][gc          ] GC(4) Concurrent Mark Cycle 8.263ms
[2026-09-07T10:42:49.413+0900][0.723s][info][gc,start    ] GC(5) Pause Young (Prepare Mixed) (G1 Evacuation Pause)
[2026-09-07T10:42:49.413+0900][0.723s][info][gc,task     ] GC(5) Using 4 workers of 9 for evacuation
[2026-09-07T10:42:49.415+0900][0.726s][info][gc,phases   ] GC(5)   Pre Evacuate Collection Set: 0.05ms
[2026-09-07T10:42:49.415+0900][0.726s][info][gc,phases   ] GC(5)   Merge Heap Roots: 0.02ms
[2026-09-07T10:42:49.415+0900][0.726s][info][gc,phases   ] GC(5)   Evacuate Collection Set: 2.53ms
[2026-09-07T10:42:49.415+0900][0.726s][info][gc,phases   ] GC(5)   Post Evacuate Collection Set: 0.12ms
[2026-09-07T10:42:49.415+0900][0.726s][info][gc,phases   ] GC(5)   Other: 0.03ms
[2026-09-07T10:42:49.415+0900][0.726s][info][gc,heap     ] GC(5) Eden regions: 31->0(26)
[2026-09-07T10:42:49.415+0900][0.726s][info][gc,heap     ] GC(5) Survivor regions: 7->5(10)
[2026-09-07T10:42:49.415+0900][0.726s][info][gc,heap     ] GC(5) Old regions: 4->7
[2026-09-07T10:42:49.415+0900][0.726s][info][gc,heap     ] GC(5) Humongous regions: 2->2
[2026-09-07T10:42:49.415+0900][0.726s][info][gc,metaspace] GC(5) Metaspace: 21481K(21952K)->21481K(21952K) NonClass: 18832K(19072K)->18832K(19072K) Class: 2648K(2880K)->2648K(2880K)
[2026-09-07T10:42:49.415+0900][0.726s][info][gc          ] GC(5) Pause Young (Prepare Mixed) (G1 Evacuation Pause) 85M->24M(104M) 2.868ms
[2026-09-07T10:42:49.415+0900][0.726s][info][gc,cpu      ] GC(5) User=0.01s Sys=0.00s Real=0.00s
[2026-09-07T10:42:49.415+0900][0.726s][info][safepoint   ] Safepoint "G1CollectForAllocation", Time since last: 59790917 ns, Reaching safepoint: 2083 ns, Cleanup: 108709 ns, At safepoint: 2885333 ns, Leaving safepoint: 3542 ns, Total: 2999667 ns
[2026-09-07T10:42:49.471+0900][0.781s][info][gc,start    ] GC(6) Pause Young (Mixed) (G1 Evacuation Pause)
[2026-09-07T10:42:49.471+0900][0.781s][info][gc,task     ] GC(6) Using 3 workers of 9 for evacuation
[2026-09-07T10:42:49.475+0900][0.785s][info][gc,phases   ] GC(6)   Pre Evacuate Collection Set: 0.03ms
[2026-09-07T10:42:49.475+0900][0.785s][info][gc,phases   ] GC(6)   Merge Heap Roots: 0.02ms
[2026-09-07T10:42:49.475+0900][0.785s][info][gc,phases   ] GC(6)   Evacuate Collection Set: 3.84ms
[2026-09-07T10:42:49.475+0900][0.785s][info][gc,phases   ] GC(6)   Post Evacuate Collection Set: 0.21ms
[2026-09-07T10:42:49.475+0900][0.785s][info][gc,phases   ] GC(6)   Other: 0.03ms
[2026-09-07T10:42:49.475+0900][0.785s][info][gc,heap     ] GC(6) Eden regions: 26->0(34)
[2026-09-07T10:42:49.475+0900][0.785s][info][gc,heap     ] GC(6) Survivor regions: 5->3(4)
[2026-09-07T10:42:49.475+0900][0.785s][info][gc,heap     ] GC(6) Old regions: 7->10
[2026-09-07T10:42:49.475+0900][0.785s][info][gc,heap     ] GC(6) Humongous regions: 2->2
[2026-09-07T10:42:49.475+0900][0.785s][info][gc,metaspace] GC(6) Metaspace: 21583K(22080K)->21583K(22080K) NonClass: 18921K(19200K)->18921K(19200K) Class: 2661K(2880K)->2661K(2880K)
[2026-09-07T10:42:49.475+0900][0.785s][info][gc          ] GC(6) Pause Young (Mixed) (G1 Evacuation Pause) 76M->27M(126M) 4.270ms
[2026-09-07T10:42:49.475+0900][0.785s][info][gc,cpu      ] GC(6) User=0.01s Sys=0.00s Real=0.00s
[2026-09-07T10:42:49.475+0900][0.785s][info][safepoint   ] Safepoint "G1CollectForAllocation", Time since last: 55079041 ns, Reaching safepoint: 23875 ns, Cleanup: 25667 ns, At safepoint: 4288292 ns, Leaving safepoint: 8583 ns, Total: 4346417 ns
[2026-09-07T10:42:49.504+0900][0.814s][info][gc,start    ] GC(7) Pause Young (Normal) (G1 Evacuation Pause)
[2026-09-07T10:42:49.504+0900][0.814s][info][gc,task     ] GC(7) Using 3 workers of 9 for evacuation
[2026-09-07T10:42:49.508+0900][0.818s][info][gc,phases   ] GC(7)   Pre Evacuate Collection Set: 0.04ms
[2026-09-07T10:42:49.508+0900][0.818s][info][gc,phases   ] GC(7)   Merge Heap Roots: 0.02ms
[2026-09-07T10:42:49.508+0900][0.818s][info][gc,phases   ] GC(7)   Evacuate Collection Set: 3.96ms
[2026-09-07T10:42:49.508+0900][0.818s][info][gc,phases   ] GC(7)   Post Evacuate Collection Set: 0.09ms
[2026-09-07T10:42:49.508+0900][0.818s][info][gc,phases   ] GC(7)   Other: 0.02ms
[2026-09-07T10:42:49.508+0900][0.818s][info][gc,heap     ] GC(7) Eden regions: 34->0(15)
[2026-09-07T10:42:49.508+0900][0.818s][info][gc,heap     ] GC(7) Survivor regions: 3->5(5)
[2026-09-07T10:42:49.508+0900][0.818s][info][gc,heap     ] GC(7) Old regions: 10->35
[2026-09-07T10:42:49.508+0900][0.818s][info][gc,heap     ] GC(7) Humongous regions: 2->2
[2026-09-07T10:42:49.508+0900][0.818s][info][gc,metaspace] GC(7) Metaspace: 21889K(22336K)->21889K(22336K) NonClass: 19198K(19392K)->19198K(19392K) Class: 2691K(2944K)->2691K(2944K)
[2026-09-07T10:42:49.508+0900][0.818s][info][gc          ] GC(7) Pause Young (Normal) (G1 Evacuation Pause) 95M->83M(158M) 4.261ms
[2026-09-07T10:42:49.508+0900][0.818s][info][gc,cpu      ] GC(7) User=0.03s Sys=0.01s Real=0.00s
[2026-09-07T10:42:49.508+0900][0.818s][info][safepoint   ] Safepoint "G1CollectForAllocation", Time since last: 28998458 ns, Reaching safepoint: 1125 ns, Cleanup: 7000 ns, At safepoint: 4281292 ns, Leaving safepoint: 3542 ns, Total: 4292959 ns
[2026-09-07T10:42:49.548+0900][0.859s][info][safepoint   ] Safepoint "ICBufferFull", Time since last: 40178291 ns, Reaching safepoint: 1375 ns, Cleanup: 45417 ns, At safepoint: 292 ns, Leaving safepoint: 2625 ns, Total: 49709 ns
[2026-09-07T10:42:49.555+0900][0.866s][info][gc,start    ] GC(8) Pause Young (Concurrent Start) (G1 Evacuation Pause)
[2026-09-07T10:42:49.555+0900][0.866s][info][gc,task     ] GC(8) Using 3 workers of 9 for evacuation
[2026-09-07T10:42:49.557+0900][0.867s][info][gc,phases   ] GC(8)   Pre Evacuate Collection Set: 0.04ms
[2026-09-07T10:42:49.557+0900][0.867s][info][gc,phases   ] GC(8)   Merge Heap Roots: 0.02ms
[2026-09-07T10:42:49.557+0900][0.867s][info][gc,phases   ] GC(8)   Evacuate Collection Set: 1.49ms
[2026-09-07T10:42:49.557+0900][0.867s][info][gc,phases   ] GC(8)   Post Evacuate Collection Set: 0.11ms
[2026-09-07T10:42:49.557+0900][0.867s][info][gc,phases   ] GC(8)   Other: 0.03ms
[2026-09-07T10:42:49.557+0900][0.867s][info][gc,heap     ] GC(8) Eden regions: 15->0(9)
[2026-09-07T10:42:49.557+0900][0.867s][info][gc,heap     ] GC(8) Survivor regions: 5->3(3)
[2026-09-07T10:42:49.557+0900][0.867s][info][gc,heap     ] GC(8) Old regions: 35->49
[2026-09-07T10:42:49.557+0900][0.867s][info][gc,heap     ] GC(8) Humongous regions: 2->2
[2026-09-07T10:42:49.557+0900][0.867s][info][gc,metaspace] GC(8) Metaspace: 23029K(23552K)->23029K(23552K) NonClass: 20217K(20480K)->20217K(20480K) Class: 2811K(3072K)->2811K(3072K)
[2026-09-07T10:42:49.557+0900][0.867s][info][gc          ] GC(8) Pause Young (Concurrent Start) (G1 Evacuation Pause) 113M->106M(158M) 1.811ms
[2026-09-07T10:42:49.557+0900][0.867s][info][gc,cpu      ] GC(8) User=0.00s Sys=0.00s Real=0.00s
[2026-09-07T10:42:49.557+0900][0.867s][info][gc          ] GC(9) Concurrent Mark Cycle
[2026-09-07T10:42:49.557+0900][0.867s][info][safepoint   ] Safepoint "G1CollectForAllocation", Time since last: 6940750 ns, Reaching safepoint: 833 ns, Cleanup: 11042 ns, At safepoint: 1841000 ns, Leaving safepoint: 3208 ns, Total: 1856083 ns
[2026-09-07T10:42:49.557+0900][0.867s][info][gc,marking  ] GC(9) Concurrent Scan Root Regions
[2026-09-07T10:42:49.558+0900][0.868s][info][gc,marking  ] GC(9) Concurrent Scan Root Regions 0.745ms
[2026-09-07T10:42:49.558+0900][0.868s][info][gc,marking  ] GC(9) Concurrent Mark
[2026-09-07T10:42:49.558+0900][0.868s][info][gc,marking  ] GC(9) Concurrent Mark From Roots
[2026-09-07T10:42:49.558+0900][0.868s][info][gc,task     ] GC(9) Using 2 workers of 2 for marking
[2026-09-07T10:42:49.566+0900][0.876s][info][gc,marking  ] GC(9) Concurrent Mark From Roots 8.056ms
[2026-09-07T10:42:49.566+0900][0.876s][info][gc,marking  ] GC(9) Concurrent Preclean
[2026-09-07T10:42:49.566+0900][0.876s][info][gc,marking  ] GC(9) Concurrent Preclean 0.038ms
[2026-09-07T10:42:49.566+0900][0.876s][info][gc,start    ] GC(9) Pause Remark
[2026-09-07T10:42:49.568+0900][0.878s][info][gc          ] GC(9) Pause Remark 108M->108M(180M) 1.991ms
[2026-09-07T10:42:49.568+0900][0.878s][info][gc,cpu      ] GC(9) User=0.02s Sys=0.00s Real=0.00s
[2026-09-07T10:42:49.568+0900][0.878s][info][safepoint   ] Safepoint "G1PauseRemark", Time since last: 8893542 ns, Reaching safepoint: 27000 ns, Cleanup: 17958 ns, At safepoint: 2026292 ns, Leaving safepoint: 3166 ns, Total: 2074416 ns
[2026-09-07T10:42:49.568+0900][0.878s][info][gc,marking  ] GC(9) Concurrent Mark 10.231ms
[2026-09-07T10:42:49.568+0900][0.878s][info][gc,marking  ] GC(9) Concurrent Rebuild Remembered Sets and Scrub Regions
[2026-09-07T10:42:49.573+0900][0.883s][info][gc,marking  ] GC(9) Concurrent Rebuild Remembered Sets and Scrub Regions 4.569ms
[2026-09-07T10:42:49.573+0900][0.883s][info][gc,start    ] GC(9) Pause Cleanup
[2026-09-07T10:42:49.573+0900][0.883s][info][gc          ] GC(9) Pause Cleanup 110M->110M(180M) 0.059ms
[2026-09-07T10:42:49.573+0900][0.883s][info][gc,cpu      ] GC(9) User=0.00s Sys=0.00s Real=0.00s
[2026-09-07T10:42:49.573+0900][0.883s][info][safepoint   ] Safepoint "G1PauseCleanup", Time since last: 4659500 ns, Reaching safepoint: 25500 ns, Cleanup: 30459 ns, At safepoint: 91125 ns, Leaving safepoint: 2375 ns, Total: 149459 ns
[2026-09-07T10:42:49.573+0900][0.883s][info][gc,marking  ] GC(9) Concurrent Clear Claimed Marks
[2026-09-07T10:42:49.573+0900][0.883s][info][gc,marking  ] GC(9) Concurrent Clear Claimed Marks 0.012ms
[2026-09-07T10:42:49.573+0900][0.883s][info][gc,marking  ] GC(9) Concurrent Cleanup for Next Mark
[2026-09-07T10:42:49.573+0900][0.883s][info][gc,marking  ] GC(9) Concurrent Cleanup for Next Mark 0.140ms
[2026-09-07T10:42:49.573+0900][0.883s][info][gc          ] GC(9) Concurrent Mark Cycle 15.958ms
[2026-09-07T10:42:49.592+0900][0.902s][info][gc,start    ] GC(10) Pause Young (Prepare Mixed) (G1 Evacuation Pause)
[2026-09-07T10:42:49.592+0900][0.902s][info][gc,task     ] GC(10) Using 4 workers of 9 for evacuation
[2026-09-07T10:42:49.592+0900][0.903s][info][gc,phases   ] GC(10)   Pre Evacuate Collection Set: 0.03ms
[2026-09-07T10:42:49.592+0900][0.903s][info][gc,phases   ] GC(10)   Merge Heap Roots: 0.02ms
[2026-09-07T10:42:49.592+0900][0.903s][info][gc,phases   ] GC(10)   Evacuate Collection Set: 0.38ms
[2026-09-07T10:42:49.592+0900][0.903s][info][gc,phases   ] GC(10)   Post Evacuate Collection Set: 0.09ms
[2026-09-07T10:42:49.592+0900][0.903s][info][gc,phases   ] GC(10)   Other: 0.02ms
[2026-09-07T10:42:49.592+0900][0.903s][info][gc,heap     ] GC(10) Eden regions: 9->0(14)
[2026-09-07T10:42:49.592+0900][0.903s][info][gc,heap     ] GC(10) Survivor regions: 3->1(2)
[2026-09-07T10:42:49.592+0900][0.903s][info][gc,heap     ] GC(10) Old regions: 49->53
[2026-09-07T10:42:49.592+0900][0.903s][info][gc,heap     ] GC(10) Humongous regions: 2->2
[2026-09-07T10:42:49.592+0900][0.903s][info][gc,metaspace] GC(10) Metaspace: 23119K(23680K)->23119K(23680K) NonClass: 20304K(20608K)->20304K(20608K) Class: 2814K(3072K)->2814K(3072K)
[2026-09-07T10:42:49.592+0900][0.903s][info][gc          ] GC(10) Pause Young (Prepare Mixed) (G1 Evacuation Pause) 124M->111M(180M) 0.654ms
[2026-09-07T10:42:49.593+0900][0.903s][info][gc,cpu      ] GC(10) User=0.00s Sys=0.00s Real=0.00s
[2026-09-07T10:42:49.593+0900][0.903s][info][safepoint   ] Safepoint "G1CollectForAllocation", Time since last: 18811750 ns, Reaching safepoint: 23000 ns, Cleanup: 9791 ns, At safepoint: 671875 ns, Leaving safepoint: 3167 ns, Total: 707833 ns
[2026-09-07T10:42:49.621+0900][0.931s][info][gc,start    ] GC(11) Pause Young (Mixed) (G1 Evacuation Pause)
[2026-09-07T10:42:49.621+0900][0.931s][info][gc,task     ] GC(11) Using 4 workers of 9 for evacuation
[2026-09-07T10:42:49.621+0900][0.932s][info][gc,phases   ] GC(11)   Pre Evacuate Collection Set: 0.05ms
[2026-09-07T10:42:49.621+0900][0.932s][info][gc,phases   ] GC(11)   Merge Heap Roots: 0.02ms
[2026-09-07T10:42:49.621+0900][0.932s][info][gc,phases   ] GC(11)   Evacuate Collection Set: 0.31ms
[2026-09-07T10:42:49.621+0900][0.932s][info][gc,phases   ] GC(11)   Post Evacuate Collection Set: 0.09ms
[2026-09-07T10:42:49.621+0900][0.932s][info][gc,phases   ] GC(11)   Other: 0.02ms
[2026-09-07T10:42:49.621+0900][0.932s][info][gc,heap     ] GC(11) Eden regions: 14->0(16)
[2026-09-07T10:42:49.621+0900][0.932s][info][gc,heap     ] GC(11) Survivor regions: 1->1(2)
[2026-09-07T10:42:49.621+0900][0.932s][info][gc,heap     ] GC(11) Old regions: 53->53
[2026-09-07T10:42:49.621+0900][0.932s][info][gc,heap     ] GC(11) Humongous regions: 2->2
[2026-09-07T10:42:49.621+0900][0.932s][info][gc,metaspace] GC(11) Metaspace: 23234K(23744K)->23234K(23744K) NonClass: 20419K(20672K)->20419K(20672K) Class: 2814K(3072K)->2814K(3072K)
[2026-09-07T10:42:49.621+0900][0.932s][info][gc          ] GC(11) Pause Young (Mixed) (G1 Evacuation Pause) 139M->110M(180M) 0.596ms
[2026-09-07T10:42:49.621+0900][0.932s][info][gc,cpu      ] GC(11) User=0.00s Sys=0.00s Real=0.00s
[2026-09-07T10:42:49.621+0900][0.932s][info][safepoint   ] Safepoint "G1CollectForAllocation", Time since last: 28174750 ns, Reaching safepoint: 1292 ns, Cleanup: 30708 ns, At safepoint: 611333 ns, Leaving safepoint: 3292 ns, Total: 646625 ns
[2026-09-07T10:42:49.642+0900][0.953s][info][gc,start    ] GC(12) Pause Young (Concurrent Start) (G1 Evacuation Pause)
[2026-09-07T10:42:49.643+0900][0.953s][info][gc,task     ] GC(12) Using 4 workers of 9 for evacuation
[2026-09-07T10:42:49.643+0900][0.953s][info][gc,phases   ] GC(12)   Pre Evacuate Collection Set: 0.05ms
[2026-09-07T10:42:49.643+0900][0.953s][info][gc,phases   ] GC(12)   Merge Heap Roots: 0.02ms
[2026-09-07T10:42:49.643+0900][0.953s][info][gc,phases   ] GC(12)   Evacuate Collection Set: 0.27ms
[2026-09-07T10:42:49.643+0900][0.953s][info][gc,phases   ] GC(12)   Post Evacuate Collection Set: 0.15ms
[2026-09-07T10:42:49.643+0900][0.953s][info][gc,phases   ] GC(12)   Other: 0.04ms
[2026-09-07T10:42:49.643+0900][0.953s][info][gc,heap     ] GC(12) Eden regions: 16->0(49)
[2026-09-07T10:42:49.643+0900][0.953s][info][gc,heap     ] GC(12) Survivor regions: 1->1(3)
[2026-09-07T10:42:49.643+0900][0.953s][info][gc,heap     ] GC(12) Old regions: 53->53
[2026-09-07T10:42:49.643+0900][0.953s][info][gc,heap     ] GC(12) Humongous regions: 2->2
[2026-09-07T10:42:49.643+0900][0.953s][info][gc,metaspace] GC(12) Metaspace: 23259K(23808K)->23259K(23808K) NonClass: 20444K(20736K)->20444K(20736K) Class: 2815K(3072K)->2815K(3072K)
[2026-09-07T10:42:49.643+0900][0.953s][info][gc          ] GC(12) Pause Young (Concurrent Start) (G1 Evacuation Pause) 142M->110M(296M) 0.631ms
[2026-09-07T10:42:49.643+0900][0.953s][info][gc,cpu      ] GC(12) User=0.01s Sys=0.00s Real=0.00s
[2026-09-07T10:42:49.643+0900][0.953s][info][gc          ] GC(13) Concurrent Mark Cycle
[2026-09-07T10:42:49.643+0900][0.953s][info][safepoint   ] Safepoint "G1CollectForAllocation", Time since last: 21137542 ns, Reaching safepoint: 1333 ns, Cleanup: 19417 ns, At safepoint: 651583 ns, Leaving safepoint: 2417 ns, Total: 674750 ns
[2026-09-07T10:42:49.643+0900][0.953s][info][gc,marking  ] GC(13) Concurrent Scan Root Regions
[2026-09-07T10:42:49.644+0900][0.954s][info][gc,marking  ] GC(13) Concurrent Scan Root Regions 0.604ms
[2026-09-07T10:42:49.644+0900][0.954s][info][gc,marking  ] GC(13) Concurrent Mark
[2026-09-07T10:42:49.644+0900][0.954s][info][gc,marking  ] GC(13) Concurrent Mark From Roots
[2026-09-07T10:42:49.644+0900][0.954s][info][gc,task     ] GC(13) Using 2 workers of 2 for marking
[2026-09-07T10:42:49.655+0900][0.965s][info][gc,marking  ] GC(13) Concurrent Mark From Roots 11.259ms
[2026-09-07T10:42:49.655+0900][0.965s][info][gc,marking  ] GC(13) Concurrent Preclean
[2026-09-07T10:42:49.655+0900][0.965s][info][gc,marking  ] GC(13) Concurrent Preclean 0.025ms
[2026-09-07T10:42:49.655+0900][0.965s][info][gc,start    ] GC(13) Pause Remark
[2026-09-07T10:42:49.656+0900][0.967s][info][gc          ] GC(13) Pause Remark 130M->128M(296M) 1.200ms
[2026-09-07T10:42:49.656+0900][0.967s][info][gc,cpu      ] GC(13) User=0.01s Sys=0.00s Real=0.00s
[2026-09-07T10:42:49.656+0900][0.967s][info][safepoint   ] Safepoint "G1PauseRemark", Time since last: 11997166 ns, Reaching safepoint: 20875 ns, Cleanup: 7709 ns, At safepoint: 1225583 ns, Leaving safepoint: 2083 ns, Total: 1256250 ns
[2026-09-07T10:42:49.656+0900][0.967s][info][gc,marking  ] GC(13) Concurrent Mark 12.626ms
[2026-09-07T10:42:49.656+0900][0.967s][info][gc,marking  ] GC(13) Concurrent Rebuild Remembered Sets and Scrub Regions
[2026-09-07T10:42:49.662+0900][0.973s][info][gc,marking  ] GC(13) Concurrent Rebuild Remembered Sets and Scrub Regions 6.058ms
[2026-09-07T10:42:49.663+0900][0.973s][info][gc,start    ] GC(13) Pause Cleanup
[2026-09-07T10:42:49.663+0900][0.973s][info][gc          ] GC(13) Pause Cleanup 139M->139M(296M) 0.044ms
[2026-09-07T10:42:49.663+0900][0.973s][info][gc,cpu      ] GC(13) User=0.00s Sys=0.00s Real=0.00s
[2026-09-07T10:42:49.663+0900][0.973s][info][safepoint   ] Safepoint "G1PauseCleanup", Time since last: 6101125 ns, Reaching safepoint: 21167 ns, Cleanup: 1083 ns, At safepoint: 59959 ns, Leaving safepoint: 1833 ns, Total: 84042 ns
[2026-09-07T10:42:49.663+0900][0.973s][info][gc,marking  ] GC(13) Concurrent Clear Claimed Marks
[2026-09-07T10:42:49.663+0900][0.973s][info][gc,marking  ] GC(13) Concurrent Clear Claimed Marks 0.015ms
[2026-09-07T10:42:49.663+0900][0.973s][info][gc,marking  ] GC(13) Concurrent Cleanup for Next Mark
[2026-09-07T10:42:49.663+0900][0.973s][info][gc,marking  ] GC(13) Concurrent Cleanup for Next Mark 0.237ms
[2026-09-07T10:42:49.663+0900][0.973s][info][gc          ] GC(13) Concurrent Mark Cycle 19.714ms
[2026-09-07T10:42:49.700+0900][1.010s][info][gc,start    ] GC(14) Pause Young (Prepare Mixed) (G1 Evacuation Pause)
[2026-09-07T10:42:49.700+0900][1.010s][info][gc,task     ] GC(14) Using 7 workers of 9 for evacuation
[2026-09-07T10:42:49.701+0900][1.011s][info][gc,phases   ] GC(14)   Pre Evacuate Collection Set: 0.05ms
[2026-09-07T10:42:49.701+0900][1.011s][info][gc,phases   ] GC(14)   Merge Heap Roots: 0.02ms
[2026-09-07T10:42:49.701+0900][1.011s][info][gc,phases   ] GC(14)   Evacuate Collection Set: 0.27ms
[2026-09-07T10:42:49.701+0900][1.011s][info][gc,phases   ] GC(14)   Post Evacuate Collection Set: 0.11ms
[2026-09-07T10:42:49.701+0900][1.011s][info][gc,phases   ] GC(14)   Other: 0.02ms
[2026-09-07T10:42:49.701+0900][1.011s][info][gc,heap     ] GC(14) Eden regions: 49->0(66)
[2026-09-07T10:42:49.701+0900][1.011s][info][gc,heap     ] GC(14) Survivor regions: 1->1(7)
[2026-09-07T10:42:49.701+0900][1.011s][info][gc,heap     ] GC(14) Old regions: 53->53
[2026-09-07T10:42:49.701+0900][1.011s][info][gc,heap     ] GC(14) Humongous regions: 1->1
[2026-09-07T10:42:49.701+0900][1.011s][info][gc,metaspace] GC(14) Metaspace: 23260K(23808K)->23260K(23808K) NonClass: 20444K(20736K)->20444K(20736K) Class: 2815K(3072K)->2815K(3072K)
[2026-09-07T10:42:49.701+0900][1.011s][info][gc          ] GC(14) Pause Young (Prepare Mixed) (G1 Evacuation Pause) 206M->108M(296M) 0.566ms
[2026-09-07T10:42:49.701+0900][1.011s][info][gc,cpu      ] GC(14) User=0.00s Sys=0.00s Real=0.00s
[2026-09-07T10:42:49.701+0900][1.011s][info][safepoint   ] Safepoint "G1CollectForAllocation", Time since last: 37427583 ns, Reaching safepoint: 31209 ns, Cleanup: 19208 ns, At safepoint: 594708 ns, Leaving safepoint: 3167 ns, Total: 648292 ns
[2026-09-07T10:42:49.760+0900][1.070s][info][gc,start    ] GC(15) Pause Young (Mixed) (G1 Evacuation Pause)
[2026-09-07T10:42:49.760+0900][1.070s][info][gc,task     ] GC(15) Using 7 workers of 9 for evacuation
[2026-09-07T10:42:49.760+0900][1.070s][info][gc,phases   ] GC(15)   Pre Evacuate Collection Set: 0.06ms
[2026-09-07T10:42:49.760+0900][1.070s][info][gc,phases   ] GC(15)   Merge Heap Roots: 0.02ms
[2026-09-07T10:42:49.760+0900][1.070s][info][gc,phases   ] GC(15)   Evacuate Collection Set: 0.39ms
[2026-09-07T10:42:49.760+0900][1.070s][info][gc,phases   ] GC(15)   Post Evacuate Collection Set: 0.11ms
[2026-09-07T10:42:49.760+0900][1.070s][info][gc,phases   ] GC(15)   Other: 0.03ms
[2026-09-07T10:42:49.760+0900][1.070s][info][gc,heap     ] GC(15) Eden regions: 66->0(73)
[2026-09-07T10:42:49.760+0900][1.070s][info][gc,heap     ] GC(15) Survivor regions: 1->1(9)
[2026-09-07T10:42:49.760+0900][1.071s][info][gc,heap     ] GC(15) Old regions: 53->52
[2026-09-07T10:42:49.760+0900][1.071s][info][gc,heap     ] GC(15) Humongous regions: 1->1
[2026-09-07T10:42:49.760+0900][1.071s][info][gc,metaspace] GC(15) Metaspace: 23262K(23808K)->23262K(23808K) NonClass: 20446K(20736K)->20446K(20736K) Class: 2815K(3072K)->2815K(3072K)
[2026-09-07T10:42:49.760+0900][1.071s][info][gc          ] GC(15) Pause Young (Mixed) (G1 Evacuation Pause) 240M->105M(296M) 0.707ms
[2026-09-07T10:42:49.760+0900][1.071s][info][gc,cpu      ] GC(15) User=0.00s Sys=0.01s Real=0.00s
[2026-09-07T10:42:49.760+0900][1.071s][info][safepoint   ] Safepoint "G1CollectForAllocation", Time since last: 58873292 ns, Reaching safepoint: 1333 ns, Cleanup: 17875 ns, At safepoint: 722625 ns, Leaving safepoint: 1458 ns, Total: 743291 ns
[2026-09-07T10:42:49.824+0900][1.135s][info][gc,start    ] GC(16) Pause Young (Normal) (G1 Evacuation Pause)
[2026-09-07T10:42:49.824+0900][1.135s][info][gc,task     ] GC(16) Using 7 workers of 9 for evacuation
[2026-09-07T10:42:49.825+0900][1.135s][info][gc,phases   ] GC(16)   Pre Evacuate Collection Set: 0.06ms
[2026-09-07T10:42:49.825+0900][1.135s][info][gc,phases   ] GC(16)   Merge Heap Roots: 0.03ms
[2026-09-07T10:42:49.825+0900][1.135s][info][gc,phases   ] GC(16)   Evacuate Collection Set: 0.41ms
[2026-09-07T10:42:49.825+0900][1.135s][info][gc,phases   ] GC(16)   Post Evacuate Collection Set: 0.16ms
[2026-09-07T10:42:49.825+0900][1.135s][info][gc,phases   ] GC(16)   Other: 0.05ms
[2026-09-07T10:42:49.825+0900][1.135s][info][gc,heap     ] GC(16) Eden regions: 73->0(77)
[2026-09-07T10:42:49.825+0900][1.135s][info][gc,heap     ] GC(16) Survivor regions: 1->1(10)
[2026-09-07T10:42:49.825+0900][1.135s][info][gc,heap     ] GC(16) Old regions: 52->52
[2026-09-07T10:42:49.825+0900][1.135s][info][gc,heap     ] GC(16) Humongous regions: 1->1
[2026-09-07T10:42:49.825+0900][1.135s][info][gc,metaspace] GC(16) Metaspace: 23262K(23808K)->23262K(23808K) NonClass: 20446K(20736K)->20446K(20736K) Class: 2815K(3072K)->2815K(3072K)
[2026-09-07T10:42:49.825+0900][1.135s][info][gc          ] GC(16) Pause Young (Normal) (G1 Evacuation Pause) 251M->106M(296M) 0.828ms
[2026-09-07T10:42:49.825+0900][1.135s][info][gc,cpu      ] GC(16) User=0.00s Sys=0.00s Real=0.00s
[2026-09-07T10:42:49.825+0900][1.135s][info][safepoint   ] Safepoint "G1CollectForAllocation", Time since last: 63987959 ns, Reaching safepoint: 3583 ns, Cleanup: 29875 ns, At safepoint: 848500 ns, Leaving safepoint: 5417 ns, Total: 887375 ns
[2026-09-07T10:42:49.895+0900][1.205s][info][gc,start    ] GC(17) Pause Young (Concurrent Start) (G1 Evacuation Pause)
[2026-09-07T10:42:49.895+0900][1.205s][info][gc,task     ] GC(17) Using 7 workers of 9 for evacuation
[2026-09-07T10:42:49.895+0900][1.205s][info][gc,phases   ] GC(17)   Pre Evacuate Collection Set: 0.06ms
[2026-09-07T10:42:49.895+0900][1.205s][info][gc,phases   ] GC(17)   Merge Heap Roots: 0.03ms
[2026-09-07T10:42:49.895+0900][1.205s][info][gc,phases   ] GC(17)   Evacuate Collection Set: 0.35ms
[2026-09-07T10:42:49.895+0900][1.205s][info][gc,phases   ] GC(17)   Post Evacuate Collection Set: 0.10ms
[2026-09-07T10:42:49.895+0900][1.205s][info][gc,phases   ] GC(17)   Other: 0.03ms
[2026-09-07T10:42:49.895+0900][1.206s][info][gc,heap     ] GC(17) Eden regions: 77->0(80)
[2026-09-07T10:42:49.895+0900][1.206s][info][gc,heap     ] GC(17) Survivor regions: 1->1(10)
[2026-09-07T10:42:49.895+0900][1.206s][info][gc,heap     ] GC(17) Old regions: 52->52
[2026-09-07T10:42:49.895+0900][1.206s][info][gc,heap     ] GC(17) Humongous regions: 1->1
[2026-09-07T10:42:49.895+0900][1.206s][info][gc,metaspace] GC(17) Metaspace: 23294K(23808K)->23294K(23808K) NonClass: 20476K(20736K)->20476K(20736K) Class: 2818K(3072K)->2818K(3072K)
[2026-09-07T10:42:49.895+0900][1.206s][info][gc          ] GC(17) Pause Young (Concurrent Start) (G1 Evacuation Pause) 260M->106M(296M) 0.668ms
[2026-09-07T10:42:49.895+0900][1.206s][info][gc,cpu      ] GC(17) User=0.00s Sys=0.00s Real=0.00s
[2026-09-07T10:42:49.895+0900][1.206s][info][gc          ] GC(18) Concurrent Mark Cycle
[2026-09-07T10:42:49.895+0900][1.206s][info][safepoint   ] Safepoint "G1CollectForAllocation", Time since last: 69422166 ns, Reaching safepoint: 21959 ns, Cleanup: 4250 ns, At safepoint: 686000 ns, Leaving safepoint: 2250 ns, Total: 714459 ns
[2026-09-07T10:42:49.895+0900][1.206s][info][gc,marking  ] GC(18) Concurrent Scan Root Regions
[2026-09-07T10:42:49.896+0900][1.206s][info][gc,marking  ] GC(18) Concurrent Scan Root Regions 0.439ms
[2026-09-07T10:42:49.896+0900][1.206s][info][gc,marking  ] GC(18) Concurrent Mark
[2026-09-07T10:42:49.896+0900][1.206s][info][gc,marking  ] GC(18) Concurrent Mark From Roots
[2026-09-07T10:42:49.896+0900][1.206s][info][gc,task     ] GC(18) Using 2 workers of 2 for marking
[2026-09-07T10:42:49.903+0900][1.213s][info][gc,marking  ] GC(18) Concurrent Mark From Roots 7.332ms
[2026-09-07T10:42:49.903+0900][1.213s][info][gc,marking  ] GC(18) Concurrent Preclean
[2026-09-07T10:42:49.903+0900][1.213s][info][gc,marking  ] GC(18) Concurrent Preclean 0.016ms
[2026-09-07T10:42:49.903+0900][1.213s][info][gc,start    ] GC(18) Pause Remark
[2026-09-07T10:42:49.904+0900][1.214s][info][gc          ] GC(18) Pause Remark 124M->124M(296M) 0.982ms
[2026-09-07T10:42:49.904+0900][1.214s][info][gc,cpu      ] GC(18) User=0.01s Sys=0.00s Real=0.00s
[2026-09-07T10:42:49.904+0900][1.214s][info][safepoint   ] Safepoint "G1PauseRemark", Time since last: 7863416 ns, Reaching safepoint: 21250 ns, Cleanup: 1917 ns, At safepoint: 1010750 ns, Leaving safepoint: 1125 ns, Total: 1035042 ns
[2026-09-07T10:42:49.904+0900][1.214s][info][gc,marking  ] GC(18) Concurrent Mark 8.452ms
[2026-09-07T10:42:49.904+0900][1.214s][info][gc,marking  ] GC(18) Concurrent Rebuild Remembered Sets and Scrub Regions
[2026-09-07T10:42:49.910+0900][1.220s][info][gc,marking  ] GC(18) Concurrent Rebuild Remembered Sets and Scrub Regions 5.806ms
[2026-09-07T10:42:49.910+0900][1.220s][info][gc,start    ] GC(18) Pause Cleanup
[2026-09-07T10:42:49.910+0900][1.220s][info][gc          ] GC(18) Pause Cleanup 137M->137M(296M) 0.059ms
[2026-09-07T10:42:49.910+0900][1.220s][info][gc,cpu      ] GC(18) User=0.00s Sys=0.00s Real=0.00s
[2026-09-07T10:42:49.910+0900][1.220s][info][safepoint   ] Safepoint "G1PauseCleanup", Time since last: 5851042 ns, Reaching safepoint: 38375 ns, Cleanup: 3291 ns, At safepoint: 76667 ns, Leaving safepoint: 1125 ns, Total: 119458 ns
[2026-09-07T10:42:49.910+0900][1.220s][info][gc,marking  ] GC(18) Concurrent Clear Claimed Marks
[2026-09-07T10:42:49.910+0900][1.220s][info][gc,marking  ] GC(18) Concurrent Clear Claimed Marks 0.014ms
[2026-09-07T10:42:49.910+0900][1.220s][info][gc,marking  ] GC(18) Concurrent Cleanup for Next Mark
[2026-09-07T10:42:49.910+0900][1.221s][info][gc,marking  ] GC(18) Concurrent Cleanup for Next Mark 0.135ms
[2026-09-07T10:42:49.910+0900][1.221s][info][gc          ] GC(18) Concurrent Mark Cycle 15.049ms
[2026-09-07T10:42:49.962+0900][1.272s][info][gc,start    ] GC(19) Pause Young (Prepare Mixed) (G1 Evacuation Pause)
[2026-09-07T10:42:49.962+0900][1.272s][info][gc,task     ] GC(19) Using 7 workers of 9 for evacuation
[2026-09-07T10:42:49.962+0900][1.273s][info][gc,phases   ] GC(19)   Pre Evacuate Collection Set: 0.06ms
[2026-09-07T10:42:49.962+0900][1.273s][info][gc,phases   ] GC(19)   Merge Heap Roots: 0.02ms
[2026-09-07T10:42:49.962+0900][1.273s][info][gc,phases   ] GC(19)   Evacuate Collection Set: 0.33ms
[2026-09-07T10:42:49.962+0900][1.273s][info][gc,phases   ] GC(19)   Post Evacuate Collection Set: 0.12ms
[2026-09-07T10:42:49.962+0900][1.273s][info][gc,phases   ] GC(19)   Other: 0.02ms
[2026-09-07T10:42:49.962+0900][1.273s][info][gc,heap     ] GC(19) Eden regions: 80->0(82)
[2026-09-07T10:42:49.962+0900][1.273s][info][gc,heap     ] GC(19) Survivor regions: 1->2(11)
[2026-09-07T10:42:49.962+0900][1.273s][info][gc,heap     ] GC(19) Old regions: 52->52
[2026-09-07T10:42:49.962+0900][1.273s][info][gc,heap     ] GC(19) Humongous regions: 1->1
[2026-09-07T10:42:49.962+0900][1.273s][info][gc,metaspace] GC(19) Metaspace: 23295K(23808K)->23295K(23808K) NonClass: 20476K(20736K)->20476K(20736K) Class: 2818K(3072K)->2818K(3072K)
[2026-09-07T10:42:49.962+0900][1.273s][info][gc          ] GC(19) Pause Young (Prepare Mixed) (G1 Evacuation Pause) 266M->107M(296M) 0.638ms
[2026-09-07T10:42:49.962+0900][1.273s][info][gc,cpu      ] GC(19) User=0.00s Sys=0.00s Real=0.00s
[2026-09-07T10:42:49.962+0900][1.273s][info][safepoint   ] Safepoint "G1CollectForAllocation", Time since last: 51645542 ns, Reaching safepoint: 1583 ns, Cleanup: 2958 ns, At safepoint: 653334 ns, Leaving safepoint: 1500 ns, Total: 659375 ns
[2026-09-07T10:42:50.025+0900][1.335s][info][gc,start    ] GC(20) Pause Young (Mixed) (G1 Evacuation Pause)
[2026-09-07T10:42:50.025+0900][1.335s][info][gc,task     ] GC(20) Using 7 workers of 9 for evacuation
[2026-09-07T10:42:50.026+0900][1.336s][info][gc,phases   ] GC(20)   Pre Evacuate Collection Set: 0.06ms
[2026-09-07T10:42:50.026+0900][1.336s][info][gc,phases   ] GC(20)   Merge Heap Roots: 0.02ms
[2026-09-07T10:42:50.026+0900][1.336s][info][gc,phases   ] GC(20)   Evacuate Collection Set: 0.41ms
[2026-09-07T10:42:50.026+0900][1.336s][info][gc,phases   ] GC(20)   Post Evacuate Collection Set: 0.12ms
[2026-09-07T10:42:50.026+0900][1.336s][info][gc,phases   ] GC(20)   Other: 0.02ms
[2026-09-07T10:42:50.026+0900][1.336s][info][gc,heap     ] GC(20) Eden regions: 82->0(85)
[2026-09-07T10:42:50.026+0900][1.336s][info][gc,heap     ] GC(20) Survivor regions: 2->2(11)
[2026-09-07T10:42:50.026+0900][1.336s][info][gc,heap     ] GC(20) Old regions: 52->51
[2026-09-07T10:42:50.026+0900][1.336s][info][gc,heap     ] GC(20) Humongous regions: 1->1
[2026-09-07T10:42:50.026+0900][1.336s][info][gc,metaspace] GC(20) Metaspace: 23316K(23872K)->23316K(23872K) NonClass: 20497K(20800K)->20497K(20800K) Class: 2819K(3072K)->2819K(3072K)
[2026-09-07T10:42:50.026+0900][1.336s][info][gc          ] GC(20) Pause Young (Mixed) (G1 Evacuation Pause) 271M->106M(296M) 0.714ms
[2026-09-07T10:42:50.026+0900][1.336s][info][gc,cpu      ] GC(20) User=0.00s Sys=0.00s Real=0.00s
[2026-09-07T10:42:50.026+0900][1.336s][info][safepoint   ] Safepoint "G1CollectForAllocation", Time since last: 62431125 ns, Reaching safepoint: 1083 ns, Cleanup: 3000 ns, At safepoint: 726958 ns, Leaving safepoint: 1084 ns, Total: 732125 ns
[2026-09-07T10:42:50.090+0900][1.401s][info][gc,start    ] GC(21) Pause Young (Concurrent Start) (G1 Evacuation Pause)
[2026-09-07T10:42:50.090+0900][1.401s][info][gc,task     ] GC(21) Using 7 workers of 9 for evacuation
[2026-09-07T10:42:50.091+0900][1.401s][info][gc,phases   ] GC(21)   Pre Evacuate Collection Set: 0.07ms
[2026-09-07T10:42:50.091+0900][1.401s][info][gc,phases   ] GC(21)   Merge Heap Roots: 0.02ms
[2026-09-07T10:42:50.091+0900][1.401s][info][gc,phases   ] GC(21)   Evacuate Collection Set: 0.38ms
[2026-09-07T10:42:50.091+0900][1.401s][info][gc,phases   ] GC(21)   Post Evacuate Collection Set: 0.12ms
[2026-09-07T10:42:50.091+0900][1.401s][info][gc,phases   ] GC(21)   Other: 0.02ms
[2026-09-07T10:42:50.091+0900][1.401s][info][gc,heap     ] GC(21) Eden regions: 85->0(86)
[2026-09-07T10:42:50.091+0900][1.401s][info][gc,heap     ] GC(21) Survivor regions: 2->2(11)
[2026-09-07T10:42:50.091+0900][1.401s][info][gc,heap     ] GC(21) Old regions: 51->51
[2026-09-07T10:42:50.091+0900][1.401s][info][gc,heap     ] GC(21) Humongous regions: 1->1
[2026-09-07T10:42:50.091+0900][1.401s][info][gc,metaspace] GC(21) Metaspace: 23321K(23872K)->23321K(23872K) NonClass: 20502K(20800K)->20502K(20800K) Class: 2819K(3072K)->2819K(3072K)
[2026-09-07T10:42:50.091+0900][1.401s][info][gc          ] GC(21) Pause Young (Concurrent Start) (G1 Evacuation Pause) 276M->107M(296M) 0.704ms
[2026-09-07T10:42:50.091+0900][1.401s][info][gc,cpu      ] GC(21) User=0.01s Sys=0.00s Real=0.00s
[2026-09-07T10:42:50.091+0900][1.401s][info][gc          ] GC(22) Concurrent Mark Cycle
[2026-09-07T10:42:50.091+0900][1.401s][info][safepoint   ] Safepoint "G1CollectForAllocation", Time since last: 64671583 ns, Reaching safepoint: 1500 ns, Cleanup: 917 ns, At safepoint: 722208 ns, Leaving safepoint: 1250 ns, Total: 725875 ns
[2026-09-07T10:42:50.091+0900][1.401s][info][gc,marking  ] GC(22) Concurrent Scan Root Regions
[2026-09-07T10:42:50.091+0900][1.402s][info][gc,marking  ] GC(22) Concurrent Scan Root Regions 0.396ms
[2026-09-07T10:42:50.091+0900][1.402s][info][gc,marking  ] GC(22) Concurrent Mark
[2026-09-07T10:42:50.091+0900][1.402s][info][gc,marking  ] GC(22) Concurrent Mark From Roots
[2026-09-07T10:42:50.091+0900][1.402s][info][gc,task     ] GC(22) Using 2 workers of 2 for marking
[2026-09-07T10:42:50.098+0900][1.408s][info][gc,marking  ] GC(22) Concurrent Mark From Roots 6.164ms
[2026-09-07T10:42:50.098+0900][1.408s][info][gc,marking  ] GC(22) Concurrent Preclean
[2026-09-07T10:42:50.098+0900][1.408s][info][gc,marking  ] GC(22) Concurrent Preclean 0.010ms
[2026-09-07T10:42:50.098+0900][1.408s][info][gc,start    ] GC(22) Pause Remark
[2026-09-07T10:42:50.099+0900][1.409s][info][gc          ] GC(22) Pause Remark 123M->123M(296M) 0.940ms
[2026-09-07T10:42:50.099+0900][1.409s][info][gc,cpu      ] GC(22) User=0.00s Sys=0.00s Real=0.00s
[2026-09-07T10:42:50.099+0900][1.409s][info][safepoint   ] Safepoint "G1PauseRemark", Time since last: 6626125 ns, Reaching safepoint: 40167 ns, Cleanup: 1375 ns, At safepoint: 961833 ns, Leaving safepoint: 708 ns, Total: 1004083 ns
[2026-09-07T10:42:50.099+0900][1.409s][info][gc,marking  ] GC(22) Concurrent Mark 7.225ms
[2026-09-07T10:42:50.099+0900][1.409s][info][gc,marking  ] GC(22) Concurrent Rebuild Remembered Sets and Scrub Regions
[2026-09-07T10:42:50.102+0900][1.412s][info][gc,marking  ] GC(22) Concurrent Rebuild Remembered Sets and Scrub Regions 3.455ms
[2026-09-07T10:42:50.102+0900][1.412s][info][gc,start    ] GC(22) Pause Cleanup
[2026-09-07T10:42:50.102+0900][1.412s][info][gc          ] GC(22) Pause Cleanup 131M->131M(296M) 0.064ms
[2026-09-07T10:42:50.102+0900][1.412s][info][gc,cpu      ] GC(22) User=0.00s Sys=0.00s Real=0.00s
[2026-09-07T10:42:50.102+0900][1.412s][info][safepoint   ] Safepoint "G1PauseCleanup", Time since last: 3486250 ns, Reaching safepoint: 21459 ns, Cleanup: 1291 ns, At safepoint: 78667 ns, Leaving safepoint: 708 ns, Total: 102125 ns
[2026-09-07T10:42:50.102+0900][1.412s][info][gc,marking  ] GC(22) Concurrent Clear Claimed Marks
[2026-09-07T10:42:50.102+0900][1.413s][info][gc,marking  ] GC(22) Concurrent Clear Claimed Marks 0.009ms
[2026-09-07T10:42:50.102+0900][1.413s][info][gc,marking  ] GC(22) Concurrent Cleanup for Next Mark
[2026-09-07T10:42:50.102+0900][1.413s][info][gc,marking  ] GC(22) Concurrent Cleanup for Next Mark 0.091ms
[2026-09-07T10:42:50.102+0900][1.413s][info][gc          ] GC(22) Concurrent Mark Cycle 11.340ms
[2026-09-07T10:42:50.159+0900][1.470s][info][gc,start    ] GC(23) Pause Young (Prepare Mixed) (G1 Evacuation Pause)
[2026-09-07T10:42:50.159+0900][1.470s][info][gc,task     ] GC(23) Using 7 workers of 9 for evacuation
[2026-09-07T10:42:50.160+0900][1.470s][info][gc,phases   ] GC(23)   Pre Evacuate Collection Set: 0.06ms
[2026-09-07T10:42:50.160+0900][1.470s][info][gc,phases   ] GC(23)   Merge Heap Roots: 0.02ms
[2026-09-07T10:42:50.160+0900][1.470s][info][gc,phases   ] GC(23)   Evacuate Collection Set: 0.40ms
[2026-09-07T10:42:50.160+0900][1.470s][info][gc,phases   ] GC(23)   Post Evacuate Collection Set: 0.13ms
[2026-09-07T10:42:50.160+0900][1.470s][info][gc,phases   ] GC(23)   Other: 0.03ms
[2026-09-07T10:42:50.160+0900][1.470s][info][gc,heap     ] GC(23) Eden regions: 86->0(85)
[2026-09-07T10:42:50.160+0900][1.470s][info][gc,heap     ] GC(23) Survivor regions: 2->3(11)
[2026-09-07T10:42:50.160+0900][1.470s][info][gc,heap     ] GC(23) Old regions: 51->51
[2026-09-07T10:42:50.160+0900][1.470s][info][gc,heap     ] GC(23) Humongous regions: 1->1
[2026-09-07T10:42:50.160+0900][1.470s][info][gc,metaspace] GC(23) Metaspace: 23328K(23872K)->23328K(23872K) NonClass: 20509K(20800K)->20509K(20800K) Class: 2819K(3072K)->2819K(3072K)
[2026-09-07T10:42:50.160+0900][1.470s][info][gc          ] GC(23) Pause Young (Prepare Mixed) (G1 Evacuation Pause) 279M->107M(296M) 0.725ms
[2026-09-07T10:42:50.160+0900][1.470s][info][gc,cpu      ] GC(23) User=0.00s Sys=0.00s Real=0.01s
[2026-09-07T10:42:50.160+0900][1.470s][info][safepoint   ] Safepoint "G1CollectForAllocation", Time since last: 57184000 ns, Reaching safepoint: 1084 ns, Cleanup: 1500 ns, At safepoint: 740583 ns, Leaving safepoint: 1375 ns, Total: 744542 ns
[2026-09-07T10:42:50.225+0900][1.536s][info][gc,start    ] GC(24) Pause Young (Mixed) (G1 Evacuation Pause)
[2026-09-07T10:42:50.226+0900][1.536s][info][gc,task     ] GC(24) Using 7 workers of 9 for evacuation
[2026-09-07T10:42:50.226+0900][1.536s][info][gc,phases   ] GC(24)   Pre Evacuate Collection Set: 0.06ms
[2026-09-07T10:42:50.226+0900][1.536s][info][gc,phases   ] GC(24)   Merge Heap Roots: 0.02ms
[2026-09-07T10:42:50.226+0900][1.536s][info][gc,phases   ] GC(24)   Evacuate Collection Set: 0.44ms
[2026-09-07T10:42:50.226+0900][1.536s][info][gc,phases   ] GC(24)   Post Evacuate Collection Set: 0.14ms
[2026-09-07T10:42:50.226+0900][1.536s][info][gc,phases   ] GC(24)   Other: 0.02ms
[2026-09-07T10:42:50.226+0900][1.536s][info][gc,heap     ] GC(24) Eden regions: 85->0(85)
[2026-09-07T10:42:50.226+0900][1.536s][info][gc,heap     ] GC(24) Survivor regions: 3->3(11)
[2026-09-07T10:42:50.226+0900][1.536s][info][gc,heap     ] GC(24) Old regions: 51->51
[2026-09-07T10:42:50.226+0900][1.536s][info][gc,heap     ] GC(24) Humongous regions: 1->1
[2026-09-07T10:42:50.226+0900][1.536s][info][gc,metaspace] GC(24) Metaspace: 23329K(23872K)->23329K(23872K) NonClass: 20510K(20800K)->20510K(20800K) Class: 2819K(3072K)->2819K(3072K)
[2026-09-07T10:42:50.226+0900][1.536s][info][gc          ] GC(24) Pause Young (Mixed) (G1 Evacuation Pause) 277M->106M(296M) 0.765ms
[2026-09-07T10:42:50.226+0900][1.536s][info][gc,cpu      ] GC(24) User=0.00s Sys=0.00s Real=0.00s
[2026-09-07T10:42:50.226+0900][1.537s][info][safepoint   ] Safepoint "G1CollectForAllocation", Time since last: 65303542 ns, Reaching safepoint: 1166 ns, Cleanup: 3000 ns, At safepoint: 777084 ns, Leaving safepoint: 1208 ns, Total: 782458 ns
[2026-09-07T10:42:50.291+0900][1.601s][info][gc,start    ] GC(25) Pause Young (Concurrent Start) (G1 Evacuation Pause)
[2026-09-07T10:42:50.291+0900][1.601s][info][gc,task     ] GC(25) Using 7 workers of 9 for evacuation
[2026-09-07T10:42:50.292+0900][1.602s][info][gc,phases   ] GC(25)   Pre Evacuate Collection Set: 0.07ms
[2026-09-07T10:42:50.292+0900][1.602s][info][gc,phases   ] GC(25)   Merge Heap Roots: 0.02ms
[2026-09-07T10:42:50.292+0900][1.602s][info][gc,phases   ] GC(25)   Evacuate Collection Set: 0.49ms
[2026-09-07T10:42:50.292+0900][1.602s][info][gc,phases   ] GC(25)   Post Evacuate Collection Set: 0.10ms
[2026-09-07T10:42:50.292+0900][1.602s][info][gc,phases   ] GC(25)   Other: 0.02ms
[2026-09-07T10:42:50.292+0900][1.602s][info][gc,heap     ] GC(25) Eden regions: 85->0(85)
[2026-09-07T10:42:50.292+0900][1.602s][info][gc,heap     ] GC(25) Survivor regions: 3->3(11)
[2026-09-07T10:42:50.292+0900][1.602s][info][gc,heap     ] GC(25) Old regions: 51->51
[2026-09-07T10:42:50.292+0900][1.602s][info][gc,heap     ] GC(25) Humongous regions: 1->1
[2026-09-07T10:42:50.292+0900][1.602s][info][gc,metaspace] GC(25) Metaspace: 23329K(23872K)->23329K(23872K) NonClass: 20510K(20800K)->20510K(20800K) Class: 2819K(3072K)->2819K(3072K)
[2026-09-07T10:42:50.292+0900][1.602s][info][gc          ] GC(25) Pause Young (Concurrent Start) (G1 Evacuation Pause) 276M->107M(296M) 0.793ms
[2026-09-07T10:42:50.292+0900][1.602s][info][gc,cpu      ] GC(25) User=0.00s Sys=0.00s Real=0.00s
[2026-09-07T10:42:50.292+0900][1.602s][info][gc          ] GC(26) Concurrent Mark Cycle
[2026-09-07T10:42:50.292+0900][1.602s][info][safepoint   ] Safepoint "G1CollectForAllocation", Time since last: 64821917 ns, Reaching safepoint: 1333 ns, Cleanup: 750 ns, At safepoint: 809083 ns, Leaving safepoint: 1334 ns, Total: 812500 ns
[2026-09-07T10:42:50.292+0900][1.602s][info][gc,marking  ] GC(26) Concurrent Scan Root Regions
[2026-09-07T10:42:50.292+0900][1.603s][info][gc,marking  ] GC(26) Concurrent Scan Root Regions 0.517ms
[2026-09-07T10:42:50.292+0900][1.603s][info][gc,marking  ] GC(26) Concurrent Mark
[2026-09-07T10:42:50.292+0900][1.603s][info][gc,marking  ] GC(26) Concurrent Mark From Roots
[2026-09-07T10:42:50.292+0900][1.603s][info][gc,task     ] GC(26) Using 2 workers of 2 for marking
[2026-09-07T10:42:50.299+0900][1.609s][info][gc,marking  ] GC(26) Concurrent Mark From Roots 6.128ms
[2026-09-07T10:42:50.299+0900][1.609s][info][gc,marking  ] GC(26) Concurrent Preclean
[2026-09-07T10:42:50.299+0900][1.609s][info][gc,marking  ] GC(26) Concurrent Preclean 0.010ms
[2026-09-07T10:42:50.299+0900][1.609s][info][gc,start    ] GC(26) Pause Remark
[2026-09-07T10:42:50.299+0900][1.610s][info][gc          ] GC(26) Pause Remark 123M->123M(296M) 0.776ms
[2026-09-07T10:42:50.299+0900][1.610s][info][gc,cpu      ] GC(26) User=0.01s Sys=0.00s Real=0.00s
[2026-09-07T10:42:50.299+0900][1.610s][info][safepoint   ] Safepoint "G1PauseRemark", Time since last: 6693583 ns, Reaching safepoint: 22583 ns, Cleanup: 917 ns, At safepoint: 797625 ns, Leaving safepoint: 792 ns, Total: 821917 ns
[2026-09-07T10:42:50.299+0900][1.610s][info][gc,marking  ] GC(26) Concurrent Mark 6.997ms
[2026-09-07T10:42:50.299+0900][1.610s][info][gc,marking  ] GC(26) Concurrent Rebuild Remembered Sets and Scrub Regions
[2026-09-07T10:42:50.303+0900][1.613s][info][gc,marking  ] GC(26) Concurrent Rebuild Remembered Sets and Scrub Regions 3.406ms
[2026-09-07T10:42:50.303+0900][1.613s][info][gc,start    ] GC(26) Pause Cleanup
[2026-09-07T10:42:50.303+0900][1.613s][info][gc          ] GC(26) Pause Cleanup 131M->131M(296M) 0.061ms
[2026-09-07T10:42:50.303+0900][1.613s][info][gc,cpu      ] GC(26) User=0.00s Sys=0.00s Real=0.00s
[2026-09-07T10:42:50.303+0900][1.613s][info][safepoint   ] Safepoint "G1PauseCleanup", Time since last: 3438541 ns, Reaching safepoint: 20375 ns, Cleanup: 709 ns, At safepoint: 72208 ns, Leaving safepoint: 583 ns, Total: 93875 ns
[2026-09-07T10:42:50.303+0900][1.613s][info][gc,marking  ] GC(26) Concurrent Clear Claimed Marks
[2026-09-07T10:42:50.303+0900][1.613s][info][gc,marking  ] GC(26) Concurrent Clear Claimed Marks 0.008ms
[2026-09-07T10:42:50.303+0900][1.613s][info][gc,marking  ] GC(26) Concurrent Cleanup for Next Mark
[2026-09-07T10:42:50.303+0900][1.613s][info][gc,marking  ] GC(26) Concurrent Cleanup for Next Mark 0.097ms
[2026-09-07T10:42:50.303+0900][1.613s][info][gc          ] GC(26) Concurrent Mark Cycle 11.172ms
[2026-09-07T10:42:50.359+0900][1.669s][info][gc,start    ] GC(27) Pause Young (Prepare Mixed) (G1 Evacuation Pause)
[2026-09-07T10:42:50.359+0900][1.669s][info][gc,task     ] GC(27) Using 7 workers of 9 for evacuation
[2026-09-07T10:42:50.360+0900][1.670s][info][gc,phases   ] GC(27)   Pre Evacuate Collection Set: 0.06ms
[2026-09-07T10:42:50.360+0900][1.670s][info][gc,phases   ] GC(27)   Merge Heap Roots: 0.02ms
[2026-09-07T10:42:50.360+0900][1.670s][info][gc,phases   ] GC(27)   Evacuate Collection Set: 0.49ms
[2026-09-07T10:42:50.360+0900][1.670s][info][gc,phases   ] GC(27)   Post Evacuate Collection Set: 0.11ms
[2026-09-07T10:42:50.360+0900][1.670s][info][gc,phases   ] GC(27)   Other: 0.02ms
[2026-09-07T10:42:50.360+0900][1.670s][info][gc,heap     ] GC(27) Eden regions: 85->0(85)
[2026-09-07T10:42:50.360+0900][1.670s][info][gc,heap     ] GC(27) Survivor regions: 3->3(11)
[2026-09-07T10:42:50.360+0900][1.670s][info][gc,heap     ] GC(27) Old regions: 51->51
[2026-09-07T10:42:50.360+0900][1.670s][info][gc,heap     ] GC(27) Humongous regions: 1->1
[2026-09-07T10:42:50.360+0900][1.670s][info][gc,metaspace] GC(27) Metaspace: 23336K(23872K)->23336K(23872K) NonClass: 20517K(20800K)->20517K(20800K) Class: 2819K(3072K)->2819K(3072K)
[2026-09-07T10:42:50.360+0900][1.670s][info][gc          ] GC(27) Pause Young (Prepare Mixed) (G1 Evacuation Pause) 277M->107M(296M) 0.789ms
[2026-09-07T10:42:50.360+0900][1.670s][info][gc,cpu      ] GC(27) User=0.00s Sys=0.00s Real=0.01s
[2026-09-07T10:42:50.360+0900][1.670s][info][safepoint   ] Safepoint "G1CollectForAllocation", Time since last: 55859542 ns, Reaching safepoint: 750 ns, Cleanup: 3208 ns, At safepoint: 801875 ns, Leaving safepoint: 1042 ns, Total: 806875 ns
[2026-09-07T10:42:50.425+0900][1.735s][info][gc,start    ] GC(28) Pause Young (Mixed) (G1 Evacuation Pause)
[2026-09-07T10:42:50.425+0900][1.735s][info][gc,task     ] GC(28) Using 7 workers of 9 for evacuation
[2026-09-07T10:42:50.426+0900][1.736s][info][gc,phases   ] GC(28)   Pre Evacuate Collection Set: 0.06ms
[2026-09-07T10:42:50.426+0900][1.736s][info][gc,phases   ] GC(28)   Merge Heap Roots: 0.04ms
[2026-09-07T10:42:50.426+0900][1.736s][info][gc,phases   ] GC(28)   Evacuate Collection Set: 0.62ms
[2026-09-07T10:42:50.426+0900][1.736s][info][gc,phases   ] GC(28)   Post Evacuate Collection Set: 0.19ms
[2026-09-07T10:42:50.426+0900][1.736s][info][gc,phases   ] GC(28)   Other: 0.02ms
[2026-09-07T10:42:50.426+0900][1.736s][info][gc,heap     ] GC(28) Eden regions: 85->0(102)
[2026-09-07T10:42:50.426+0900][1.736s][info][gc,heap     ] GC(28) Survivor regions: 3->4(11)
[2026-09-07T10:42:50.426+0900][1.736s][info][gc,heap     ] GC(28) Old regions: 51->50
[2026-09-07T10:42:50.426+0900][1.736s][info][gc,heap     ] GC(28) Humongous regions: 1->1
[2026-09-07T10:42:50.426+0900][1.736s][info][gc,metaspace] GC(28) Metaspace: 23336K(23872K)->23336K(23872K) NonClass: 20517K(20800K)->20517K(20800K) Class: 2819K(3072K)->2819K(3072K)
[2026-09-07T10:42:50.426+0900][1.736s][info][gc          ] GC(28) Pause Young (Mixed) (G1 Evacuation Pause) 277M->107M(356M) 1.010ms
[2026-09-07T10:42:50.426+0900][1.736s][info][gc,cpu      ] GC(28) User=0.00s Sys=0.00s Real=0.00s
[2026-09-07T10:42:50.426+0900][1.736s][info][safepoint   ] Safepoint "G1CollectForAllocation", Time since last: 65146125 ns, Reaching safepoint: 1042 ns, Cleanup: 1083 ns, At safepoint: 1024458 ns, Leaving safepoint: 1250 ns, Total: 1027833 ns
[2026-09-07T10:42:50.504+0900][1.814s][info][gc,start    ] GC(29) Pause Young (Normal) (G1 Evacuation Pause)
[2026-09-07T10:42:50.504+0900][1.814s][info][gc,task     ] GC(29) Using 8 workers of 9 for evacuation
[2026-09-07T10:42:50.505+0900][1.815s][info][gc,phases   ] GC(29)   Pre Evacuate Collection Set: 0.06ms
[2026-09-07T10:42:50.505+0900][1.815s][info][gc,phases   ] GC(29)   Merge Heap Roots: 0.02ms
[2026-09-07T10:42:50.505+0900][1.815s][info][gc,phases   ] GC(29)   Evacuate Collection Set: 0.52ms
[2026-09-07T10:42:50.505+0900][1.815s][info][gc,phases   ] GC(29)   Post Evacuate Collection Set: 0.12ms
[2026-09-07T10:42:50.505+0900][1.815s][info][gc,phases   ] GC(29)   Other: 0.02ms
[2026-09-07T10:42:50.505+0900][1.815s][info][gc,heap     ] GC(29) Eden regions: 102->0(102)
[2026-09-07T10:42:50.505+0900][1.815s][info][gc,heap     ] GC(29) Survivor regions: 4->4(14)
[2026-09-07T10:42:50.505+0900][1.815s][info][gc,heap     ] GC(29) Old regions: 50->50
[2026-09-07T10:42:50.505+0900][1.815s][info][gc,heap     ] GC(29) Humongous regions: 1->1
[2026-09-07T10:42:50.505+0900][1.815s][info][gc,metaspace] GC(29) Metaspace: 23336K(23872K)->23336K(23872K) NonClass: 20517K(20800K)->20517K(20800K) Class: 2819K(3072K)->2819K(3072K)
[2026-09-07T10:42:50.505+0900][1.815s][info][gc          ] GC(29) Pause Young (Normal) (G1 Evacuation Pause) 311M->108M(356M) 0.851ms
[2026-09-07T10:42:50.505+0900][1.815s][info][gc,cpu      ] GC(29) User=0.00s Sys=0.00s Real=0.00s
[2026-09-07T10:42:50.505+0900][1.815s][info][safepoint   ] Safepoint "G1CollectForAllocation", Time since last: 78197792 ns, Reaching safepoint: 1750 ns, Cleanup: 1458 ns, At safepoint: 868709 ns, Leaving safepoint: 1416 ns, Total: 873333 ns
[2026-09-07T10:42:50.585+0900][1.895s][info][gc,start    ] GC(30) Pause Young (Normal) (G1 Evacuation Pause)
[2026-09-07T10:42:50.585+0900][1.895s][info][gc,task     ] GC(30) Using 8 workers of 9 for evacuation
[2026-09-07T10:42:50.585+0900][1.896s][info][gc,phases   ] GC(30)   Pre Evacuate Collection Set: 0.07ms
[2026-09-07T10:42:50.585+0900][1.896s][info][gc,phases   ] GC(30)   Merge Heap Roots: 0.02ms
[2026-09-07T10:42:50.585+0900][1.896s][info][gc,phases   ] GC(30)   Evacuate Collection Set: 0.57ms
[2026-09-07T10:42:50.585+0900][1.896s][info][gc,phases   ] GC(30)   Post Evacuate Collection Set: 0.11ms
[2026-09-07T10:42:50.585+0900][1.896s][info][gc,phases   ] GC(30)   Other: 0.02ms
[2026-09-07T10:42:50.585+0900][1.896s][info][gc,heap     ] GC(30) Eden regions: 102->0(102)
[2026-09-07T10:42:50.585+0900][1.896s][info][gc,heap     ] GC(30) Survivor regions: 4->4(14)
[2026-09-07T10:42:50.585+0900][1.896s][info][gc,heap     ] GC(30) Old regions: 50->50
[2026-09-07T10:42:50.585+0900][1.896s][info][gc,heap     ] GC(30) Humongous regions: 1->1
[2026-09-07T10:42:50.585+0900][1.896s][info][gc,metaspace] GC(30) Metaspace: 23340K(23872K)->23340K(23872K) NonClass: 20521K(20800K)->20521K(20800K) Class: 2819K(3072K)->2819K(3072K)
[2026-09-07T10:42:50.585+0900][1.896s][info][gc          ] GC(30) Pause Young (Normal) (G1 Evacuation Pause) 312M->108M(356M) 0.865ms
[2026-09-07T10:42:50.585+0900][1.896s][info][gc,cpu      ] GC(30) User=0.01s Sys=0.00s Real=0.00s
[2026-09-07T10:42:50.585+0900][1.896s][info][safepoint   ] Safepoint "G1CollectForAllocation", Time since last: 79665375 ns, Reaching safepoint: 1209 ns, Cleanup: 5333 ns, At safepoint: 879292 ns, Leaving safepoint: 1625 ns, Total: 887459 ns
[2026-09-07T10:42:50.663+0900][1.973s][info][gc,start    ] GC(31) Pause Young (Concurrent Start) (G1 Evacuation Pause)
[2026-09-07T10:42:50.663+0900][1.973s][info][gc,task     ] GC(31) Using 8 workers of 9 for evacuation
[2026-09-07T10:42:50.664+0900][1.974s][info][gc,phases   ] GC(31)   Pre Evacuate Collection Set: 0.07ms
[2026-09-07T10:42:50.664+0900][1.974s][info][gc,phases   ] GC(31)   Merge Heap Roots: 0.04ms
[2026-09-07T10:42:50.664+0900][1.974s][info][gc,phases   ] GC(31)   Evacuate Collection Set: 0.63ms
[2026-09-07T10:42:50.664+0900][1.974s][info][gc,phases   ] GC(31)   Post Evacuate Collection Set: 0.13ms
[2026-09-07T10:42:50.664+0900][1.974s][info][gc,phases   ] GC(31)   Other: 0.02ms
[2026-09-07T10:42:50.664+0900][1.974s][info][gc,heap     ] GC(31) Eden regions: 102->0(101)
[2026-09-07T10:42:50.664+0900][1.974s][info][gc,heap     ] GC(31) Survivor regions: 4->5(14)
[2026-09-07T10:42:50.664+0900][1.974s][info][gc,heap     ] GC(31) Old regions: 50->50
[2026-09-07T10:42:50.664+0900][1.974s][info][gc,heap     ] GC(31) Humongous regions: 1->1
[2026-09-07T10:42:50.664+0900][1.974s][info][gc,metaspace] GC(31) Metaspace: 23340K(23872K)->23340K(23872K) NonClass: 20521K(20800K)->20521K(20800K) Class: 2819K(3072K)->2819K(3072K)
[2026-09-07T10:42:50.664+0900][1.974s][info][gc          ] GC(31) Pause Young (Concurrent Start) (G1 Evacuation Pause) 312M->109M(356M) 0.960ms
[2026-09-07T10:42:50.664+0900][1.974s][info][gc,cpu      ] GC(31) User=0.00s Sys=0.00s Real=0.00s
[2026-09-07T10:42:50.664+0900][1.974s][info][gc          ] GC(32) Concurrent Mark Cycle
[2026-09-07T10:42:50.664+0900][1.974s][info][safepoint   ] Safepoint "G1CollectForAllocation", Time since last: 77228083 ns, Reaching safepoint: 792 ns, Cleanup: 1041 ns, At safepoint: 974500 ns, Leaving safepoint: 1334 ns, Total: 977667 ns
[2026-09-07T10:42:50.664+0900][1.974s][info][gc,marking  ] GC(32) Concurrent Scan Root Regions
[2026-09-07T10:42:50.664+0900][1.975s][info][gc,marking  ] GC(32) Concurrent Scan Root Regions 0.731ms
[2026-09-07T10:42:50.664+0900][1.975s][info][gc,marking  ] GC(32) Concurrent Mark
[2026-09-07T10:42:50.664+0900][1.975s][info][gc,marking  ] GC(32) Concurrent Mark From Roots
[2026-09-07T10:42:50.664+0900][1.975s][info][gc,task     ] GC(32) Using 2 workers of 2 for marking
[2026-09-07T10:42:50.671+0900][1.981s][info][gc,marking  ] GC(32) Concurrent Mark From Roots 6.331ms
[2026-09-07T10:42:50.671+0900][1.981s][info][gc,marking  ] GC(32) Concurrent Preclean
[2026-09-07T10:42:50.671+0900][1.981s][info][gc,marking  ] GC(32) Concurrent Preclean 0.010ms
[2026-09-07T10:42:50.671+0900][1.981s][info][gc,start    ] GC(32) Pause Remark
[2026-09-07T10:42:50.671+0900][1.982s][info][gc          ] GC(32) Pause Remark 126M->126M(356M) 0.688ms
[2026-09-07T10:42:50.671+0900][1.982s][info][gc,cpu      ] GC(32) User=0.01s Sys=0.01s Real=0.00s
[2026-09-07T10:42:50.671+0900][1.982s][info][safepoint   ] Safepoint "G1PauseRemark", Time since last: 7124208 ns, Reaching safepoint: 21542 ns, Cleanup: 1291 ns, At safepoint: 707834 ns, Leaving safepoint: 833 ns, Total: 731500 ns
[2026-09-07T10:42:50.671+0900][1.982s][info][gc,marking  ] GC(32) Concurrent Mark 7.118ms
[2026-09-07T10:42:50.671+0900][1.982s][info][gc,marking  ] GC(32) Concurrent Rebuild Remembered Sets and Scrub Regions
[2026-09-07T10:42:50.675+0900][1.985s][info][gc,marking  ] GC(32) Concurrent Rebuild Remembered Sets and Scrub Regions 3.488ms
[2026-09-07T10:42:50.675+0900][1.985s][info][gc,start    ] GC(32) Pause Cleanup
[2026-09-07T10:42:50.675+0900][1.985s][info][gc          ] GC(32) Pause Cleanup 134M->134M(356M) 0.066ms
[2026-09-07T10:42:50.675+0900][1.985s][info][gc,cpu      ] GC(32) User=0.00s Sys=0.00s Real=0.00s
[2026-09-07T10:42:50.675+0900][1.985s][info][safepoint   ] Safepoint "G1PauseCleanup", Time since last: 3523083 ns, Reaching safepoint: 21084 ns, Cleanup: 500 ns, At safepoint: 79041 ns, Leaving safepoint: 584 ns, Total: 101209 ns
[2026-09-07T10:42:50.675+0900][1.985s][info][gc,marking  ] GC(32) Concurrent Clear Claimed Marks
[2026-09-07T10:42:50.675+0900][1.985s][info][gc,marking  ] GC(32) Concurrent Clear Claimed Marks 0.008ms
[2026-09-07T10:42:50.675+0900][1.985s][info][gc,marking  ] GC(32) Concurrent Cleanup for Next Mark
[2026-09-07T10:42:50.675+0900][1.986s][info][gc,marking  ] GC(32) Concurrent Cleanup for Next Mark 0.153ms
[2026-09-07T10:42:50.675+0900][1.986s][info][gc          ] GC(32) Concurrent Mark Cycle 11.660ms
[2026-09-07T10:42:50.742+0900][2.052s][info][gc,start    ] GC(33) Pause Young (Prepare Mixed) (G1 Evacuation Pause)
[2026-09-07T10:42:50.742+0900][2.052s][info][gc,task     ] GC(33) Using 8 workers of 9 for evacuation
[2026-09-07T10:42:50.743+0900][2.053s][info][gc,phases   ] GC(33)   Pre Evacuate Collection Set: 0.06ms
[2026-09-07T10:42:50.743+0900][2.053s][info][gc,phases   ] GC(33)   Merge Heap Roots: 0.04ms
[2026-09-07T10:42:50.743+0900][2.053s][info][gc,phases   ] GC(33)   Evacuate Collection Set: 0.65ms
[2026-09-07T10:42:50.743+0900][2.053s][info][gc,phases   ] GC(33)   Post Evacuate Collection Set: 0.14ms
[2026-09-07T10:42:50.743+0900][2.053s][info][gc,phases   ] GC(33)   Other: 0.02ms
[2026-09-07T10:42:50.743+0900][2.053s][info][gc,heap     ] GC(33) Eden regions: 101->0(101)
[2026-09-07T10:42:50.743+0900][2.053s][info][gc,heap     ] GC(33) Survivor regions: 5->5(14)
[2026-09-07T10:42:50.743+0900][2.053s][info][gc,heap     ] GC(33) Old regions: 50->51
[2026-09-07T10:42:50.743+0900][2.053s][info][gc,heap     ] GC(33) Humongous regions: 1->1
[2026-09-07T10:42:50.743+0900][2.053s][info][gc,metaspace] GC(33) Metaspace: 23340K(23872K)->23340K(23872K) NonClass: 20521K(20800K)->20521K(20800K) Class: 2819K(3072K)->2819K(3072K)
[2026-09-07T10:42:50.743+0900][2.053s][info][gc          ] GC(33) Pause Young (Prepare Mixed) (G1 Evacuation Pause) 311M->110M(356M) 0.998ms
[2026-09-07T10:42:50.743+0900][2.053s][info][gc,cpu      ] GC(33) User=0.00s Sys=0.00s Real=0.00s
[2026-09-07T10:42:50.743+0900][2.053s][info][safepoint   ] Safepoint "G1CollectForAllocation", Time since last: 66883500 ns, Reaching safepoint: 1791 ns, Cleanup: 1375 ns, At safepoint: 1014750 ns, Leaving safepoint: 1584 ns, Total: 1019500 ns
[2026-09-07T10:42:50.821+0900][2.132s][info][gc,start    ] GC(34) Pause Young (Mixed) (G1 Evacuation Pause)
[2026-09-07T10:42:50.821+0900][2.132s][info][gc,task     ] GC(34) Using 8 workers of 9 for evacuation
[2026-09-07T10:42:50.822+0900][2.133s][info][gc,phases   ] GC(34)   Pre Evacuate Collection Set: 0.07ms
[2026-09-07T10:42:50.822+0900][2.133s][info][gc,phases   ] GC(34)   Merge Heap Roots: 0.03ms
[2026-09-07T10:42:50.822+0900][2.133s][info][gc,phases   ] GC(34)   Evacuate Collection Set: 0.79ms
[2026-09-07T10:42:50.822+0900][2.133s][info][gc,phases   ] GC(34)   Post Evacuate Collection Set: 0.12ms
[2026-09-07T10:42:50.822+0900][2.133s][info][gc,phases   ] GC(34)   Other: 0.02ms
[2026-09-07T10:42:50.822+0900][2.133s][info][gc,heap     ] GC(34) Eden regions: 101->0(101)
[2026-09-07T10:42:50.822+0900][2.133s][info][gc,heap     ] GC(34) Survivor regions: 5->5(14)
[2026-09-07T10:42:50.822+0900][2.133s][info][gc,heap     ] GC(34) Old regions: 51->50
[2026-09-07T10:42:50.822+0900][2.133s][info][gc,heap     ] GC(34) Humongous regions: 1->1
[2026-09-07T10:42:50.822+0900][2.133s][info][gc,metaspace] GC(34) Metaspace: 23340K(23872K)->23340K(23872K) NonClass: 20521K(20800K)->20521K(20800K) Class: 2819K(3072K)->2819K(3072K)
[2026-09-07T10:42:50.822+0900][2.133s][info][gc          ] GC(34) Pause Young (Mixed) (G1 Evacuation Pause) 312M->110M(356M) 1.112ms
[2026-09-07T10:42:50.822+0900][2.133s][info][gc,cpu      ] GC(34) User=0.01s Sys=0.00s Real=0.00s
[2026-09-07T10:42:50.822+0900][2.133s][info][safepoint   ] Safepoint "G1CollectForAllocation", Time since last: 78272416 ns, Reaching safepoint: 959 ns, Cleanup: 1041 ns, At safepoint: 1125750 ns, Leaving safepoint: 1292 ns, Total: 1129042 ns
[2026-09-07T10:42:50.899+0900][2.209s][info][gc,start    ] GC(35) Pause Young (Concurrent Start) (G1 Evacuation Pause)
[2026-09-07T10:42:50.899+0900][2.210s][info][gc,task     ] GC(35) Using 8 workers of 9 for evacuation
[2026-09-07T10:42:50.900+0900][2.210s][info][gc,phases   ] GC(35)   Pre Evacuate Collection Set: 0.08ms
[2026-09-07T10:42:50.900+0900][2.210s][info][gc,phases   ] GC(35)   Merge Heap Roots: 0.03ms
[2026-09-07T10:42:50.900+0900][2.210s][info][gc,phases   ] GC(35)   Evacuate Collection Set: 0.67ms
[2026-09-07T10:42:50.900+0900][2.210s][info][gc,phases   ] GC(35)   Post Evacuate Collection Set: 0.12ms
[2026-09-07T10:42:50.900+0900][2.210s][info][gc,phases   ] GC(35)   Other: 0.02ms
[2026-09-07T10:42:50.900+0900][2.210s][info][gc,heap     ] GC(35) Eden regions: 101->0(101)
[2026-09-07T10:42:50.900+0900][2.210s][info][gc,heap     ] GC(35) Survivor regions: 5->5(14)
[2026-09-07T10:42:50.900+0900][2.210s][info][gc,heap     ] GC(35) Old regions: 50->50
[2026-09-07T10:42:50.900+0900][2.210s][info][gc,heap     ] GC(35) Humongous regions: 1->1
[2026-09-07T10:42:50.900+0900][2.210s][info][gc,metaspace] GC(35) Metaspace: 23340K(23872K)->23340K(23872K) NonClass: 20521K(20800K)->20521K(20800K) Class: 2819K(3072K)->2819K(3072K)
[2026-09-07T10:42:50.900+0900][2.210s][info][gc          ] GC(35) Pause Young (Concurrent Start) (G1 Evacuation Pause) 312M->111M(356M) 0.995ms
[2026-09-07T10:42:50.900+0900][2.210s][info][gc,cpu      ] GC(35) User=0.01s Sys=0.00s Real=0.01s
[2026-09-07T10:42:50.900+0900][2.210s][info][gc          ] GC(36) Concurrent Mark Cycle
[2026-09-07T10:42:50.900+0900][2.210s][info][safepoint   ] Safepoint "G1CollectForAllocation", Time since last: 76826750 ns, Reaching safepoint: 1542 ns, Cleanup: 500 ns, At safepoint: 1012541 ns, Leaving safepoint: 1500 ns, Total: 1016083 ns
[2026-09-07T10:42:50.900+0900][2.210s][info][gc,marking  ] GC(36) Concurrent Scan Root Regions
[2026-09-07T10:42:50.901+0900][2.211s][info][gc,marking  ] GC(36) Concurrent Scan Root Regions 0.752ms
[2026-09-07T10:42:50.901+0900][2.211s][info][gc,marking  ] GC(36) Concurrent Mark
[2026-09-07T10:42:50.901+0900][2.211s][info][gc,marking  ] GC(36) Concurrent Mark From Roots
[2026-09-07T10:42:50.901+0900][2.211s][info][gc,task     ] GC(36) Using 2 workers of 2 for marking
[2026-09-07T10:42:50.907+0900][2.217s][info][gc,marking  ] GC(36) Concurrent Mark From Roots 6.021ms
[2026-09-07T10:42:50.907+0900][2.217s][info][gc,marking  ] GC(36) Concurrent Preclean
[2026-09-07T10:42:50.907+0900][2.217s][info][gc,marking  ] GC(36) Concurrent Preclean 0.009ms
[2026-09-07T10:42:50.907+0900][2.217s][info][gc,start    ] GC(36) Pause Remark
[2026-09-07T10:42:50.908+0900][2.218s][info][gc          ] GC(36) Pause Remark 127M->127M(356M) 0.691ms
[2026-09-07T10:42:50.908+0900][2.218s][info][gc,cpu      ] GC(36) User=0.00s Sys=0.00s Real=0.00s
[2026-09-07T10:42:50.908+0900][2.218s][info][safepoint   ] Safepoint "G1PauseRemark", Time since last: 6832959 ns, Reaching safepoint: 40500 ns, Cleanup: 1250 ns, At safepoint: 708583 ns, Leaving safepoint: 708 ns, Total: 751041 ns
[2026-09-07T10:42:50.908+0900][2.218s][info][gc,marking  ] GC(36) Concurrent Mark 6.823ms
[2026-09-07T10:42:50.908+0900][2.218s][info][gc,marking  ] GC(36) Concurrent Rebuild Remembered Sets and Scrub Regions
[2026-09-07T10:42:50.911+0900][2.222s][info][gc,marking  ] GC(36) Concurrent Rebuild Remembered Sets and Scrub Regions 3.455ms
[2026-09-07T10:42:50.911+0900][2.222s][info][gc,start    ] GC(36) Pause Cleanup
[2026-09-07T10:42:50.911+0900][2.222s][info][gc          ] GC(36) Pause Cleanup 135M->135M(356M) 0.065ms
[2026-09-07T10:42:50.911+0900][2.222s][info][gc,cpu      ] GC(36) User=0.00s Sys=0.00s Real=0.00s
[2026-09-07T10:42:50.911+0900][2.222s][info][safepoint   ] Safepoint "G1PauseCleanup", Time since last: 3489834 ns, Reaching safepoint: 20625 ns, Cleanup: 541 ns, At safepoint: 76625 ns, Leaving safepoint: 625 ns, Total: 98416 ns
[2026-09-07T10:42:50.911+0900][2.222s][info][gc,marking  ] GC(36) Concurrent Clear Claimed Marks
[2026-09-07T10:42:50.911+0900][2.222s][info][gc,marking  ] GC(36) Concurrent Clear Claimed Marks 0.009ms
[2026-09-07T10:42:50.911+0900][2.222s][info][gc,marking  ] GC(36) Concurrent Cleanup for Next Mark
[2026-09-07T10:42:50.912+0900][2.222s][info][gc,marking  ] GC(36) Concurrent Cleanup for Next Mark 0.116ms
[2026-09-07T10:42:50.912+0900][2.222s][info][gc          ] GC(36) Concurrent Mark Cycle 11.315ms
[2026-09-07T10:42:50.979+0900][2.289s][info][gc,start    ] GC(37) Pause Young (Prepare Mixed) (G1 Evacuation Pause)
[2026-09-07T10:42:50.979+0900][2.289s][info][gc,task     ] GC(37) Using 8 workers of 9 for evacuation
[2026-09-07T10:42:50.980+0900][2.290s][info][gc,phases   ] GC(37)   Pre Evacuate Collection Set: 0.07ms
[2026-09-07T10:42:50.980+0900][2.290s][info][gc,phases   ] GC(37)   Merge Heap Roots: 0.02ms
[2026-09-07T10:42:50.980+0900][2.290s][info][gc,phases   ] GC(37)   Evacuate Collection Set: 0.68ms
[2026-09-07T10:42:50.980+0900][2.290s][info][gc,phases   ] GC(37)   Post Evacuate Collection Set: 0.12ms
[2026-09-07T10:42:50.980+0900][2.290s][info][gc,phases   ] GC(37)   Other: 0.02ms
[2026-09-07T10:42:50.980+0900][2.290s][info][gc,heap     ] GC(37) Eden regions: 101->0(101)
[2026-09-07T10:42:50.980+0900][2.290s][info][gc,heap     ] GC(37) Survivor regions: 5->5(14)
[2026-09-07T10:42:50.980+0900][2.290s][info][gc,heap     ] GC(37) Old regions: 50->51
[2026-09-07T10:42:50.980+0900][2.290s][info][gc,heap     ] GC(37) Humongous regions: 1->1
[2026-09-07T10:42:50.980+0900][2.290s][info][gc,metaspace] GC(37) Metaspace: 23349K(23872K)->23349K(23872K) NonClass: 20530K(20800K)->20530K(20800K) Class: 2819K(3072K)->2819K(3072K)
[2026-09-07T10:42:50.980+0900][2.290s][info][gc          ] GC(37) Pause Young (Prepare Mixed) (G1 Evacuation Pause) 313M->111M(356M) 0.993ms
[2026-09-07T10:42:50.980+0900][2.290s][info][gc,cpu      ] GC(37) User=0.01s Sys=0.00s Real=0.01s
[2026-09-07T10:42:50.980+0900][2.290s][info][safepoint   ] Safepoint "G1CollectForAllocation", Time since last: 67695209 ns, Reaching safepoint: 1125 ns, Cleanup: 3791 ns, At safepoint: 1007417 ns, Leaving safepoint: 1042 ns, Total: 1013375 ns
[2026-09-07T10:42:51.056+0900][2.367s][info][gc,start    ] GC(38) Pause Young (Mixed) (G1 Evacuation Pause)
[2026-09-07T10:42:51.056+0900][2.367s][info][gc,task     ] GC(38) Using 8 workers of 9 for evacuation
[2026-09-07T10:42:51.057+0900][2.367s][info][gc,phases   ] GC(38)   Pre Evacuate Collection Set: 0.06ms
[2026-09-07T10:42:51.057+0900][2.367s][info][gc,phases   ] GC(38)   Merge Heap Roots: 0.02ms
[2026-09-07T10:42:51.057+0900][2.367s][info][gc,phases   ] GC(38)   Evacuate Collection Set: 0.64ms
[2026-09-07T10:42:51.057+0900][2.367s][info][gc,phases   ] GC(38)   Post Evacuate Collection Set: 0.12ms
[2026-09-07T10:42:51.057+0900][2.367s][info][gc,phases   ] GC(38)   Other: 0.02ms
[2026-09-07T10:42:51.057+0900][2.368s][info][gc,heap     ] GC(38) Eden regions: 101->0(102)
[2026-09-07T10:42:51.057+0900][2.368s][info][gc,heap     ] GC(38) Survivor regions: 5->4(14)
[2026-09-07T10:42:51.057+0900][2.368s][info][gc,heap     ] GC(38) Old regions: 51->50
[2026-09-07T10:42:51.057+0900][2.368s][info][gc,heap     ] GC(38) Humongous regions: 1->1
[2026-09-07T10:42:51.057+0900][2.368s][info][gc,metaspace] GC(38) Metaspace: 23349K(23872K)->23349K(23872K) NonClass: 20530K(20800K)->20530K(20800K) Class: 2819K(3072K)->2819K(3072K)
[2026-09-07T10:42:51.057+0900][2.368s][info][gc          ] GC(38) Pause Young (Mixed) (G1 Evacuation Pause) 313M->109M(356M) 0.956ms
[2026-09-07T10:42:51.057+0900][2.368s][info][gc,cpu      ] GC(38) User=0.00s Sys=0.00s Real=0.00s
[2026-09-07T10:42:51.057+0900][2.368s][info][safepoint   ] Safepoint "G1CollectForAllocation", Time since last: 76194375 ns, Reaching safepoint: 1041 ns, Cleanup: 1042 ns, At safepoint: 972083 ns, Leaving safepoint: 959 ns, Total: 975125 ns
[2026-09-07T10:42:51.135+0900][2.445s][info][gc,start    ] GC(39) Pause Young (Concurrent Start) (G1 Evacuation Pause)
[2026-09-07T10:42:51.135+0900][2.445s][info][gc,task     ] GC(39) Using 8 workers of 9 for evacuation
[2026-09-07T10:42:51.135+0900][2.446s][info][gc,phases   ] GC(39)   Pre Evacuate Collection Set: 0.08ms
[2026-09-07T10:42:51.135+0900][2.446s][info][gc,phases   ] GC(39)   Merge Heap Roots: 0.03ms
[2026-09-07T10:42:51.135+0900][2.446s][info][gc,phases   ] GC(39)   Evacuate Collection Set: 0.55ms
[2026-09-07T10:42:51.136+0900][2.446s][info][gc,phases   ] GC(39)   Post Evacuate Collection Set: 0.12ms
[2026-09-07T10:42:51.136+0900][2.446s][info][gc,phases   ] GC(39)   Other: 0.02ms
[2026-09-07T10:42:51.136+0900][2.446s][info][gc,heap     ] GC(39) Eden regions: 102->0(102)
[2026-09-07T10:42:51.136+0900][2.446s][info][gc,heap     ] GC(39) Survivor regions: 4->4(14)
[2026-09-07T10:42:51.136+0900][2.446s][info][gc,heap     ] GC(39) Old regions: 50->51
[2026-09-07T10:42:51.136+0900][2.446s][info][gc,heap     ] GC(39) Humongous regions: 1->1
[2026-09-07T10:42:51.136+0900][2.446s][info][gc,metaspace] GC(39) Metaspace: 23349K(23872K)->23349K(23872K) NonClass: 20530K(20800K)->20530K(20800K) Class: 2819K(3072K)->2819K(3072K)
[2026-09-07T10:42:51.136+0900][2.446s][info][gc          ] GC(39) Pause Young (Concurrent Start) (G1 Evacuation Pause) 313M->109M(356M) 0.904ms
[2026-09-07T10:42:51.136+0900][2.446s][info][gc,cpu      ] GC(39) User=0.00s Sys=0.00s Real=0.00s
[2026-09-07T10:42:51.136+0900][2.446s][info][gc          ] GC(40) Concurrent Mark Cycle
[2026-09-07T10:42:51.136+0900][2.446s][info][safepoint   ] Safepoint "G1CollectForAllocation", Time since last: 77338625 ns, Reaching safepoint: 958 ns, Cleanup: 2208 ns, At safepoint: 923542 ns, Leaving safepoint: 2208 ns, Total: 928916 ns
[2026-09-07T10:42:51.136+0900][2.446s][info][gc,marking  ] GC(40) Concurrent Scan Root Regions
[2026-09-07T10:42:51.136+0900][2.446s][info][gc,marking  ] GC(40) Concurrent Scan Root Regions 0.660ms
[2026-09-07T10:42:51.136+0900][2.446s][info][gc,marking  ] GC(40) Concurrent Mark
[2026-09-07T10:42:51.136+0900][2.446s][info][gc,marking  ] GC(40) Concurrent Mark From Roots
[2026-09-07T10:42:51.136+0900][2.446s][info][gc,task     ] GC(40) Using 2 workers of 2 for marking
[2026-09-07T10:42:51.143+0900][2.453s][info][gc,marking  ] GC(40) Concurrent Mark From Roots 6.721ms
[2026-09-07T10:42:51.143+0900][2.453s][info][gc,marking  ] GC(40) Concurrent Preclean
[2026-09-07T10:42:51.143+0900][2.453s][info][gc,marking  ] GC(40) Concurrent Preclean 0.012ms
[2026-09-07T10:42:51.143+0900][2.453s][info][gc,start    ] GC(40) Pause Remark
[2026-09-07T10:42:51.144+0900][2.454s][info][gc          ] GC(40) Pause Remark 127M->127M(356M) 0.686ms
[2026-09-07T10:42:51.144+0900][2.454s][info][gc,cpu      ] GC(40) User=0.00s Sys=0.00s Real=0.00s
[2026-09-07T10:42:51.144+0900][2.454s][info][safepoint   ] Safepoint "G1PauseRemark", Time since last: 7442042 ns, Reaching safepoint: 22667 ns, Cleanup: 833 ns, At safepoint: 705333 ns, Leaving safepoint: 750 ns, Total: 729583 ns
[2026-09-07T10:42:51.144+0900][2.454s][info][gc,marking  ] GC(40) Concurrent Mark 7.506ms
[2026-09-07T10:42:51.144+0900][2.454s][info][gc,marking  ] GC(40) Concurrent Rebuild Remembered Sets and Scrub Regions
[2026-09-07T10:42:51.147+0900][2.458s][info][gc,marking  ] GC(40) Concurrent Rebuild Remembered Sets and Scrub Regions 3.677ms
[2026-09-07T10:42:51.147+0900][2.458s][info][gc,start    ] GC(40) Pause Cleanup
[2026-09-07T10:42:51.148+0900][2.458s][info][gc          ] GC(40) Pause Cleanup 136M->136M(356M) 0.062ms
[2026-09-07T10:42:51.148+0900][2.458s][info][gc,cpu      ] GC(40) User=0.00s Sys=0.00s Real=0.00s
[2026-09-07T10:42:51.148+0900][2.458s][info][safepoint   ] Safepoint "G1PauseCleanup", Time since last: 3712875 ns, Reaching safepoint: 21417 ns, Cleanup: 500 ns, At safepoint: 78708 ns, Leaving safepoint: 667 ns, Total: 101292 ns
[2026-09-07T10:42:51.148+0900][2.458s][info][gc,marking  ] GC(40) Concurrent Clear Claimed Marks
[2026-09-07T10:42:51.148+0900][2.458s][info][gc,marking  ] GC(40) Concurrent Clear Claimed Marks 0.009ms
[2026-09-07T10:42:51.148+0900][2.458s][info][gc,marking  ] GC(40) Concurrent Cleanup for Next Mark
[2026-09-07T10:42:51.148+0900][2.458s][info][gc,marking  ] GC(40) Concurrent Cleanup for Next Mark 0.114ms
[2026-09-07T10:42:51.148+0900][2.458s][info][gc          ] GC(40) Concurrent Mark Cycle 12.133ms
[2026-09-07T10:42:51.216+0900][2.526s][info][gc,start    ] GC(41) Pause Young (Prepare Mixed) (G1 Evacuation Pause)
[2026-09-07T10:42:51.216+0900][2.526s][info][gc,task     ] GC(41) Using 8 workers of 9 for evacuation
[2026-09-07T10:42:51.217+0900][2.527s][info][gc,phases   ] GC(41)   Pre Evacuate Collection Set: 0.05ms
[2026-09-07T10:42:51.217+0900][2.527s][info][gc,phases   ] GC(41)   Merge Heap Roots: 0.03ms
[2026-09-07T10:42:51.217+0900][2.527s][info][gc,phases   ] GC(41)   Evacuate Collection Set: 0.58ms
[2026-09-07T10:42:51.217+0900][2.527s][info][gc,phases   ] GC(41)   Post Evacuate Collection Set: 0.19ms
[2026-09-07T10:42:51.217+0900][2.527s][info][gc,phases   ] GC(41)   Other: 0.02ms
[2026-09-07T10:42:51.217+0900][2.527s][info][gc,heap     ] GC(41) Eden regions: 102->0(124)
[2026-09-07T10:42:51.217+0900][2.527s][info][gc,heap     ] GC(41) Survivor regions: 4->4(14)
[2026-09-07T10:42:51.217+0900][2.527s][info][gc,heap     ] GC(41) Old regions: 51->51
[2026-09-07T10:42:51.217+0900][2.527s][info][gc,heap     ] GC(41) Humongous regions: 1->1
[2026-09-07T10:42:51.217+0900][2.527s][info][gc,metaspace] GC(41) Metaspace: 23349K(23872K)->23349K(23872K) NonClass: 20530K(20800K)->20530K(20800K) Class: 2819K(3072K)->2819K(3072K)
[2026-09-07T10:42:51.217+0900][2.527s][info][gc          ] GC(41) Pause Young (Prepare Mixed) (G1 Evacuation Pause) 313M->110M(428M) 0.957ms
[2026-09-07T10:42:51.217+0900][2.527s][info][gc,cpu      ] GC(41) User=0.01s Sys=0.00s Real=0.00s
[2026-09-07T10:42:51.217+0900][2.527s][info][safepoint   ] Safepoint "G1CollectForAllocation", Time since last: 68521583 ns, Reaching safepoint: 792 ns, Cleanup: 1083 ns, At safepoint: 970792 ns, Leaving safepoint: 1208 ns, Total: 973875 ns
[2026-09-07T10:42:51.313+0900][2.623s][info][gc,start    ] GC(42) Pause Young (Mixed) (G1 Evacuation Pause)
[2026-09-07T10:42:51.313+0900][2.623s][info][gc,task     ] GC(42) Using 9 workers of 9 for evacuation
[2026-09-07T10:42:51.314+0900][2.624s][info][gc,phases   ] GC(42)   Pre Evacuate Collection Set: 0.07ms
[2026-09-07T10:42:51.314+0900][2.624s][info][gc,phases   ] GC(42)   Merge Heap Roots: 0.04ms
[2026-09-07T10:42:51.314+0900][2.624s][info][gc,phases   ] GC(42)   Evacuate Collection Set: 0.77ms
[2026-09-07T10:42:51.314+0900][2.624s][info][gc,phases   ] GC(42)   Post Evacuate Collection Set: 0.12ms
[2026-09-07T10:42:51.314+0900][2.624s][info][gc,phases   ] GC(42)   Other: 0.02ms
[2026-09-07T10:42:51.314+0900][2.624s][info][gc,heap     ] GC(42) Eden regions: 124->0(124)
[2026-09-07T10:42:51.314+0900][2.624s][info][gc,heap     ] GC(42) Survivor regions: 4->4(16)
[2026-09-07T10:42:51.314+0900][2.624s][info][gc,heap     ] GC(42) Old regions: 51->51
[2026-09-07T10:42:51.314+0900][2.624s][info][gc,heap     ] GC(42) Humongous regions: 1->1
[2026-09-07T10:42:51.314+0900][2.624s][info][gc,metaspace] GC(42) Metaspace: 23349K(23872K)->23349K(23872K) NonClass: 20530K(20800K)->20530K(20800K) Class: 2819K(3072K)->2819K(3072K)
[2026-09-07T10:42:51.314+0900][2.624s][info][gc          ] GC(42) Pause Young (Mixed) (G1 Evacuation Pause) 358M->109M(428M) 1.114ms
[2026-09-07T10:42:51.314+0900][2.624s][info][gc,cpu      ] GC(42) User=0.01s Sys=0.00s Real=0.00s
[2026-09-07T10:42:51.314+0900][2.624s][info][safepoint   ] Safepoint "G1CollectForAllocation", Time since last: 95837750 ns, Reaching safepoint: 1834 ns, Cleanup: 1291 ns, At safepoint: 1129917 ns, Leaving safepoint: 1083 ns, Total: 1134125 ns
[2026-09-07T10:42:51.408+0900][2.718s][info][gc,start    ] GC(43) Pause Young (Normal) (G1 Evacuation Pause)
[2026-09-07T10:42:51.408+0900][2.718s][info][gc,task     ] GC(43) Using 9 workers of 9 for evacuation
[2026-09-07T10:42:51.409+0900][2.719s][info][gc,phases   ] GC(43)   Pre Evacuate Collection Set: 0.06ms
[2026-09-07T10:42:51.409+0900][2.719s][info][gc,phases   ] GC(43)   Merge Heap Roots: 0.04ms
[2026-09-07T10:42:51.409+0900][2.719s][info][gc,phases   ] GC(43)   Evacuate Collection Set: 0.43ms
[2026-09-07T10:42:51.409+0900][2.719s][info][gc,phases   ] GC(43)   Post Evacuate Collection Set: 0.12ms
[2026-09-07T10:42:51.409+0900][2.719s][info][gc,phases   ] GC(43)   Other: 0.02ms
[2026-09-07T10:42:51.409+0900][2.719s][info][gc,heap     ] GC(43) Eden regions: 124->0(125)
[2026-09-07T10:42:51.409+0900][2.719s][info][gc,heap     ] GC(43) Survivor regions: 4->3(16)
[2026-09-07T10:42:51.409+0900][2.719s][info][gc,heap     ] GC(43) Old regions: 51->51
[2026-09-07T10:42:51.409+0900][2.719s][info][gc,heap     ] GC(43) Humongous regions: 1->1
[2026-09-07T10:42:51.409+0900][2.719s][info][gc,metaspace] GC(43) Metaspace: 23349K(23872K)->23349K(23872K) NonClass: 20530K(20800K)->20530K(20800K) Class: 2819K(3072K)->2819K(3072K)
[2026-09-07T10:42:51.409+0900][2.719s][info][gc          ] GC(43) Pause Young (Normal) (G1 Evacuation Pause) 357M->107M(428M) 0.764ms
[2026-09-07T10:42:51.409+0900][2.719s][info][gc,cpu      ] GC(43) User=0.01s Sys=0.00s Real=0.00s
[2026-09-07T10:42:51.409+0900][2.719s][info][safepoint   ] Safepoint "G1CollectForAllocation", Time since last: 94072875 ns, Reaching safepoint: 1500 ns, Cleanup: 1084 ns, At safepoint: 780041 ns, Leaving safepoint: 1500 ns, Total: 784125 ns
[2026-09-07T10:42:51.503+0900][2.814s][info][gc,start    ] GC(44) Pause Young (Normal) (G1 Evacuation Pause)
[2026-09-07T10:42:51.503+0900][2.814s][info][gc,task     ] GC(44) Using 9 workers of 9 for evacuation
[2026-09-07T10:42:51.504+0900][2.814s][info][gc,phases   ] GC(44)   Pre Evacuate Collection Set: 0.08ms
[2026-09-07T10:42:51.504+0900][2.814s][info][gc,phases   ] GC(44)   Merge Heap Roots: 0.04ms
[2026-09-07T10:42:51.504+0900][2.814s][info][gc,phases   ] GC(44)   Evacuate Collection Set: 0.42ms
[2026-09-07T10:42:51.504+0900][2.814s][info][gc,phases   ] GC(44)   Post Evacuate Collection Set: 0.13ms
[2026-09-07T10:42:51.504+0900][2.814s][info][gc,phases   ] GC(44)   Other: 0.02ms
[2026-09-07T10:42:51.504+0900][2.814s][info][gc,heap     ] GC(44) Eden regions: 125->0(125)
[2026-09-07T10:42:51.504+0900][2.814s][info][gc,heap     ] GC(44) Survivor regions: 3->3(16)
[2026-09-07T10:42:51.504+0900][2.814s][info][gc,heap     ] GC(44) Old regions: 51->51
[2026-09-07T10:42:51.504+0900][2.814s][info][gc,heap     ] GC(44) Humongous regions: 1->1
[2026-09-07T10:42:51.504+0900][2.814s][info][gc,metaspace] GC(44) Metaspace: 23349K(23872K)->23349K(23872K) NonClass: 20530K(20800K)->20530K(20800K) Class: 2819K(3072K)->2819K(3072K)
[2026-09-07T10:42:51.504+0900][2.814s][info][gc          ] GC(44) Pause Young (Normal) (G1 Evacuation Pause) 357M->108M(428M) 0.760ms
[2026-09-07T10:42:51.504+0900][2.814s][info][gc,cpu      ] GC(44) User=0.00s Sys=0.00s Real=0.00s
[2026-09-07T10:42:51.504+0900][2.814s][info][safepoint   ] Safepoint "G1CollectForAllocation", Time since last: 94543292 ns, Reaching safepoint: 1292 ns, Cleanup: 1041 ns, At safepoint: 775584 ns, Leaving safepoint: 1250 ns, Total: 779167 ns
[2026-09-07T10:42:51.599+0900][2.909s][info][gc,start    ] GC(45) Pause Young (Normal) (G1 Evacuation Pause)
[2026-09-07T10:42:51.599+0900][2.909s][info][gc,task     ] GC(45) Using 9 workers of 9 for evacuation
[2026-09-07T10:42:51.600+0900][2.910s][info][gc,phases   ] GC(45)   Pre Evacuate Collection Set: 0.06ms
[2026-09-07T10:42:51.600+0900][2.910s][info][gc,phases   ] GC(45)   Merge Heap Roots: 0.04ms
[2026-09-07T10:42:51.600+0900][2.910s][info][gc,phases   ] GC(45)   Evacuate Collection Set: 0.47ms
[2026-09-07T10:42:51.600+0900][2.910s][info][gc,phases   ] GC(45)   Post Evacuate Collection Set: 0.13ms
[2026-09-07T10:42:51.600+0900][2.910s][info][gc,phases   ] GC(45)   Other: 0.02ms
[2026-09-07T10:42:51.600+0900][2.910s][info][gc,heap     ] GC(45) Eden regions: 125->0(125)
[2026-09-07T10:42:51.600+0900][2.910s][info][gc,heap     ] GC(45) Survivor regions: 3->3(16)
[2026-09-07T10:42:51.600+0900][2.910s][info][gc,heap     ] GC(45) Old regions: 51->51
[2026-09-07T10:42:51.600+0900][2.910s][info][gc,heap     ] GC(45) Humongous regions: 1->1
[2026-09-07T10:42:51.600+0900][2.910s][info][gc,metaspace] GC(45) Metaspace: 23349K(23872K)->23349K(23872K) NonClass: 20530K(20800K)->20530K(20800K) Class: 2819K(3072K)->2819K(3072K)
[2026-09-07T10:42:51.600+0900][2.910s][info][gc          ] GC(45) Pause Young (Normal) (G1 Evacuation Pause) 358M->109M(428M) 0.817ms
[2026-09-07T10:42:51.600+0900][2.910s][info][gc,cpu      ] GC(45) User=0.00s Sys=0.00s Real=0.01s
[2026-09-07T10:42:51.600+0900][2.910s][info][safepoint   ] Safepoint "G1CollectForAllocation", Time since last: 94996750 ns, Reaching safepoint: 1291 ns, Cleanup: 1334 ns, At safepoint: 834291 ns, Leaving safepoint: 1334 ns, Total: 838250 ns
[2026-09-07T10:42:51.696+0900][3.006s][info][gc,start    ] GC(46) Pause Young (Normal) (G1 Evacuation Pause)
[2026-09-07T10:42:51.696+0900][3.006s][info][gc,task     ] GC(46) Using 9 workers of 9 for evacuation
[2026-09-07T10:42:51.696+0900][3.007s][info][gc,phases   ] GC(46)   Pre Evacuate Collection Set: 0.06ms
[2026-09-07T10:42:51.696+0900][3.007s][info][gc,phases   ] GC(46)   Merge Heap Roots: 0.03ms
[2026-09-07T10:42:51.696+0900][3.007s][info][gc,phases   ] GC(46)   Evacuate Collection Set: 0.32ms
[2026-09-07T10:42:51.696+0900][3.007s][info][gc,phases   ] GC(46)   Post Evacuate Collection Set: 0.13ms
[2026-09-07T10:42:51.696+0900][3.007s][info][gc,phases   ] GC(46)   Other: 0.02ms
[2026-09-07T10:42:51.696+0900][3.007s][info][gc,heap     ] GC(46) Eden regions: 125->0(126)
[2026-09-07T10:42:51.696+0900][3.007s][info][gc,heap     ] GC(46) Survivor regions: 3->2(16)
[2026-09-07T10:42:51.696+0900][3.007s][info][gc,heap     ] GC(46) Old regions: 51->52
[2026-09-07T10:42:51.696+0900][3.007s][info][gc,heap     ] GC(46) Humongous regions: 1->1
[2026-09-07T10:42:51.697+0900][3.007s][info][gc,metaspace] GC(46) Metaspace: 23350K(23872K)->23350K(23872K) NonClass: 20530K(20800K)->20530K(20800K) Class: 2819K(3072K)->2819K(3072K)
[2026-09-07T10:42:51.697+0900][3.007s][info][gc          ] GC(46) Pause Young (Normal) (G1 Evacuation Pause) 359M->107M(428M) 0.650ms
[2026-09-07T10:42:51.697+0900][3.007s][info][gc,cpu      ] GC(46) User=0.00s Sys=0.00s Real=0.00s
[2026-09-07T10:42:51.697+0900][3.007s][info][safepoint   ] Safepoint "G1CollectForAllocation", Time since last: 95816000 ns, Reaching safepoint: 1291 ns, Cleanup: 2834 ns, At safepoint: 666666 ns, Leaving safepoint: 1750 ns, Total: 672541 ns
[2026-09-07T10:42:51.792+0900][3.102s][info][gc,start    ] GC(47) Pause Young (Normal) (G1 Evacuation Pause)
[2026-09-07T10:42:51.792+0900][3.102s][info][gc,task     ] GC(47) Using 9 workers of 9 for evacuation
[2026-09-07T10:42:51.793+0900][3.103s][info][gc,phases   ] GC(47)   Pre Evacuate Collection Set: 0.07ms
[2026-09-07T10:42:51.793+0900][3.103s][info][gc,phases   ] GC(47)   Merge Heap Roots: 0.04ms
[2026-09-07T10:42:51.793+0900][3.103s][info][gc,phases   ] GC(47)   Evacuate Collection Set: 0.36ms
[2026-09-07T10:42:51.793+0900][3.103s][info][gc,phases   ] GC(47)   Post Evacuate Collection Set: 0.13ms
[2026-09-07T10:42:51.793+0900][3.103s][info][gc,phases   ] GC(47)   Other: 0.02ms
[2026-09-07T10:42:51.793+0900][3.103s][info][gc,heap     ] GC(47) Eden regions: 126->0(126)
[2026-09-07T10:42:51.793+0900][3.103s][info][gc,heap     ] GC(47) Survivor regions: 2->2(16)
[2026-09-07T10:42:51.793+0900][3.103s][info][gc,heap     ] GC(47) Old regions: 52->52
[2026-09-07T10:42:51.793+0900][3.103s][info][gc,heap     ] GC(47) Humongous regions: 1->1
[2026-09-07T10:42:51.793+0900][3.103s][info][gc,metaspace] GC(47) Metaspace: 23350K(23872K)->23350K(23872K) NonClass: 20530K(20800K)->20530K(20800K) Class: 2819K(3072K)->2819K(3072K)
[2026-09-07T10:42:51.793+0900][3.103s][info][gc          ] GC(47) Pause Young (Normal) (G1 Evacuation Pause) 359M->108M(428M) 0.719ms
[2026-09-07T10:42:51.793+0900][3.103s][info][gc,cpu      ] GC(47) User=0.00s Sys=0.00s Real=0.00s
[2026-09-07T10:42:51.793+0900][3.103s][info][safepoint   ] Safepoint "G1CollectForAllocation", Time since last: 95658167 ns, Reaching safepoint: 1167 ns, Cleanup: 1458 ns, At safepoint: 735833 ns, Leaving safepoint: 1209 ns, Total: 739667 ns
[2026-09-07T10:42:51.890+0900][3.200s][info][gc,start    ] GC(48) Pause Young (Normal) (G1 Evacuation Pause)
[2026-09-07T10:42:51.890+0900][3.200s][info][gc,task     ] GC(48) Using 9 workers of 9 for evacuation
[2026-09-07T10:42:51.891+0900][3.201s][info][gc,phases   ] GC(48)   Pre Evacuate Collection Set: 0.07ms
[2026-09-07T10:42:51.891+0900][3.201s][info][gc,phases   ] GC(48)   Merge Heap Roots: 0.04ms
[2026-09-07T10:42:51.891+0900][3.201s][info][gc,phases   ] GC(48)   Evacuate Collection Set: 0.36ms
[2026-09-07T10:42:51.891+0900][3.201s][info][gc,phases   ] GC(48)   Post Evacuate Collection Set: 0.13ms
[2026-09-07T10:42:51.891+0900][3.201s][info][gc,phases   ] GC(48)   Other: 0.02ms
[2026-09-07T10:42:51.891+0900][3.201s][info][gc,heap     ] GC(48) Eden regions: 126->0(126)
[2026-09-07T10:42:51.891+0900][3.201s][info][gc,heap     ] GC(48) Survivor regions: 2->2(16)
[2026-09-07T10:42:51.891+0900][3.201s][info][gc,heap     ] GC(48) Old regions: 52->52
[2026-09-07T10:42:51.891+0900][3.201s][info][gc,heap     ] GC(48) Humongous regions: 1->1
[2026-09-07T10:42:51.891+0900][3.201s][info][gc,metaspace] GC(48) Metaspace: 23350K(23872K)->23350K(23872K) NonClass: 20530K(20800K)->20530K(20800K) Class: 2819K(3072K)->2819K(3072K)
[2026-09-07T10:42:51.891+0900][3.201s][info][gc          ] GC(48) Pause Young (Normal) (G1 Evacuation Pause) 360M->109M(428M) 0.690ms
[2026-09-07T10:42:51.891+0900][3.201s][info][gc,cpu      ] GC(48) User=0.00s Sys=0.00s Real=0.00s
[2026-09-07T10:42:51.891+0900][3.201s][info][safepoint   ] Safepoint "G1CollectForAllocation", Time since last: 96968125 ns, Reaching safepoint: 1208 ns, Cleanup: 1333 ns, At safepoint: 702959 ns, Leaving safepoint: 1166 ns, Total: 706666 ns
[2026-09-07T10:42:51.986+0900][3.296s][info][gc,start    ] GC(49) Pause Young (Normal) (G1 Evacuation Pause)
[2026-09-07T10:42:51.986+0900][3.297s][info][gc,task     ] GC(49) Using 9 workers of 9 for evacuation
[2026-09-07T10:42:51.987+0900][3.297s][info][gc,phases   ] GC(49)   Pre Evacuate Collection Set: 0.08ms
[2026-09-07T10:42:51.987+0900][3.297s][info][gc,phases   ] GC(49)   Merge Heap Roots: 0.03ms
[2026-09-07T10:42:51.987+0900][3.297s][info][gc,phases   ] GC(49)   Evacuate Collection Set: 0.37ms
[2026-09-07T10:42:51.987+0900][3.297s][info][gc,phases   ] GC(49)   Post Evacuate Collection Set: 0.12ms
[2026-09-07T10:42:51.987+0900][3.297s][info][gc,phases   ] GC(49)   Other: 0.02ms
[2026-09-07T10:42:51.987+0900][3.297s][info][gc,heap     ] GC(49) Eden regions: 126->0(126)
[2026-09-07T10:42:51.987+0900][3.297s][info][gc,heap     ] GC(49) Survivor regions: 2->2(16)
[2026-09-07T10:42:51.987+0900][3.297s][info][gc,heap     ] GC(49) Old regions: 52->53
[2026-09-07T10:42:51.987+0900][3.297s][info][gc,heap     ] GC(49) Humongous regions: 1->1
[2026-09-07T10:42:51.987+0900][3.297s][info][gc,metaspace] GC(49) Metaspace: 23350K(23872K)->23350K(23872K) NonClass: 20530K(20800K)->20530K(20800K) Class: 2819K(3072K)->2819K(3072K)
[2026-09-07T10:42:51.987+0900][3.297s][info][gc          ] GC(49) Pause Young (Normal) (G1 Evacuation Pause) 361M->110M(428M) 0.702ms
[2026-09-07T10:42:51.987+0900][3.297s][info][gc,cpu      ] GC(49) User=0.00s Sys=0.00s Real=0.00s
[2026-09-07T10:42:51.987+0900][3.297s][info][safepoint   ] Safepoint "G1CollectForAllocation", Time since last: 95644584 ns, Reaching safepoint: 1208 ns, Cleanup: 1208 ns, At safepoint: 716459 ns, Leaving safepoint: 1250 ns, Total: 720125 ns
[2026-09-07T10:42:52.082+0900][3.393s][info][gc,start    ] GC(50) Pause Young (Normal) (G1 Evacuation Pause)
[2026-09-07T10:42:52.082+0900][3.393s][info][gc,task     ] GC(50) Using 9 workers of 9 for evacuation
[2026-09-07T10:42:52.083+0900][3.393s][info][gc,phases   ] GC(50)   Pre Evacuate Collection Set: 0.06ms
[2026-09-07T10:42:52.083+0900][3.393s][info][gc,phases   ] GC(50)   Merge Heap Roots: 0.04ms
[2026-09-07T10:42:52.083+0900][3.393s][info][gc,phases   ] GC(50)   Evacuate Collection Set: 0.22ms
[2026-09-07T10:42:52.083+0900][3.393s][info][gc,phases   ] GC(50)   Post Evacuate Collection Set: 0.12ms
[2026-09-07T10:42:52.083+0900][3.393s][info][gc,phases   ] GC(50)   Other: 0.02ms
[2026-09-07T10:42:52.083+0900][3.393s][info][gc,heap     ] GC(50) Eden regions: 126->0(127)
[2026-09-07T10:42:52.083+0900][3.393s][info][gc,heap     ] GC(50) Survivor regions: 2->1(16)
[2026-09-07T10:42:52.083+0900][3.393s][info][gc,heap     ] GC(50) Old regions: 53->53
[2026-09-07T10:42:52.083+0900][3.393s][info][gc,heap     ] GC(50) Humongous regions: 1->1
[2026-09-07T10:42:52.083+0900][3.393s][info][gc,metaspace] GC(50) Metaspace: 23350K(23872K)->23350K(23872K) NonClass: 20530K(20800K)->20530K(20800K) Class: 2819K(3072K)->2819K(3072K)
[2026-09-07T10:42:52.083+0900][3.393s][info][gc          ] GC(50) Pause Young (Normal) (G1 Evacuation Pause) 362M->108M(428M) 0.546ms
[2026-09-07T10:42:52.083+0900][3.393s][info][gc,cpu      ] GC(50) User=0.00s Sys=0.00s Real=0.00s
[2026-09-07T10:42:52.083+0900][3.393s][info][safepoint   ] Safepoint "G1CollectForAllocation", Time since last: 95359833 ns, Reaching safepoint: 1083 ns, Cleanup: 1000 ns, At safepoint: 558167 ns, Leaving safepoint: 1292 ns, Total: 561542 ns
[2026-09-07T10:42:52.180+0900][3.491s][info][gc,start    ] GC(51) Pause Young (Normal) (G1 Evacuation Pause)
[2026-09-07T10:42:52.180+0900][3.491s][info][gc,task     ] GC(51) Using 9 workers of 9 for evacuation
[2026-09-07T10:42:52.181+0900][3.491s][info][gc,phases   ] GC(51)   Pre Evacuate Collection Set: 0.07ms
[2026-09-07T10:42:52.181+0900][3.491s][info][gc,phases   ] GC(51)   Merge Heap Roots: 0.02ms
[2026-09-07T10:42:52.181+0900][3.491s][info][gc,phases   ] GC(51)   Evacuate Collection Set: 0.28ms
[2026-09-07T10:42:52.181+0900][3.491s][info][gc,phases   ] GC(51)   Post Evacuate Collection Set: 0.12ms
[2026-09-07T10:42:52.181+0900][3.491s][info][gc,phases   ] GC(51)   Other: 0.02ms
[2026-09-07T10:42:52.181+0900][3.491s][info][gc,heap     ] GC(51) Eden regions: 127->0(126)
[2026-09-07T10:42:52.181+0900][3.491s][info][gc,heap     ] GC(51) Survivor regions: 1->2(16)
[2026-09-07T10:42:52.181+0900][3.491s][info][gc,heap     ] GC(51) Old regions: 53->53
[2026-09-07T10:42:52.181+0900][3.491s][info][gc,heap     ] GC(51) Humongous regions: 1->1
[2026-09-07T10:42:52.181+0900][3.491s][info][gc,metaspace] GC(51) Metaspace: 23350K(23872K)->23350K(23872K) NonClass: 20530K(20800K)->20530K(20800K) Class: 2819K(3072K)->2819K(3072K)
[2026-09-07T10:42:52.181+0900][3.491s][info][gc          ] GC(51) Pause Young (Normal) (G1 Evacuation Pause) 362M->109M(428M) 0.590ms
[2026-09-07T10:42:52.181+0900][3.491s][info][gc,cpu      ] GC(51) User=0.00s Sys=0.01s Real=0.00s
[2026-09-07T10:42:52.181+0900][3.491s][info][safepoint   ] Safepoint "G1CollectForAllocation", Time since last: 97494333 ns, Reaching safepoint: 1125 ns, Cleanup: 1375 ns, At safepoint: 603708 ns, Leaving safepoint: 1084 ns, Total: 607292 ns
[2026-09-07T10:42:52.278+0900][3.589s][info][gc,start    ] GC(52) Pause Young (Normal) (G1 Evacuation Pause)
[2026-09-07T10:42:52.278+0900][3.589s][info][gc,task     ] GC(52) Using 9 workers of 9 for evacuation
[2026-09-07T10:42:52.279+0900][3.589s][info][gc,phases   ] GC(52)   Pre Evacuate Collection Set: 0.07ms
[2026-09-07T10:42:52.279+0900][3.589s][info][gc,phases   ] GC(52)   Merge Heap Roots: 0.03ms
[2026-09-07T10:42:52.279+0900][3.589s][info][gc,phases   ] GC(52)   Evacuate Collection Set: 0.32ms
[2026-09-07T10:42:52.279+0900][3.589s][info][gc,phases   ] GC(52)   Post Evacuate Collection Set: 0.13ms
[2026-09-07T10:42:52.279+0900][3.589s][info][gc,phases   ] GC(52)   Other: 0.02ms
[2026-09-07T10:42:52.279+0900][3.589s][info][gc,heap     ] GC(52) Eden regions: 126->0(126)
[2026-09-07T10:42:52.279+0900][3.589s][info][gc,heap     ] GC(52) Survivor regions: 2->2(16)
[2026-09-07T10:42:52.279+0900][3.589s][info][gc,heap     ] GC(52) Old regions: 53->53
[2026-09-07T10:42:52.279+0900][3.589s][info][gc,heap     ] GC(52) Humongous regions: 1->1
[2026-09-07T10:42:52.279+0900][3.589s][info][gc,metaspace] GC(52) Metaspace: 23350K(23872K)->23350K(23872K) NonClass: 20530K(20800K)->20530K(20800K) Class: 2819K(3072K)->2819K(3072K)
[2026-09-07T10:42:52.279+0900][3.589s][info][gc          ] GC(52) Pause Young (Normal) (G1 Evacuation Pause) 361M->110M(428M) 0.658ms
[2026-09-07T10:42:52.279+0900][3.589s][info][gc,cpu      ] GC(52) User=0.00s Sys=0.00s Real=0.00s
[2026-09-07T10:42:52.279+0900][3.589s][info][safepoint   ] Safepoint "G1CollectForAllocation", Time since last: 97460500 ns, Reaching safepoint: 1416 ns, Cleanup: 2125 ns, At safepoint: 672584 ns, Leaving safepoint: 1750 ns, Total: 677875 ns
[2026-09-07T10:42:52.375+0900][3.685s][info][gc,start    ] GC(53) Pause Young (Normal) (G1 Evacuation Pause)
[2026-09-07T10:42:52.375+0900][3.685s][info][gc,task     ] GC(53) Using 9 workers of 9 for evacuation
[2026-09-07T10:42:52.376+0900][3.686s][info][gc,phases   ] GC(53)   Pre Evacuate Collection Set: 0.08ms
[2026-09-07T10:42:52.376+0900][3.686s][info][gc,phases   ] GC(53)   Merge Heap Roots: 0.03ms
[2026-09-07T10:42:52.376+0900][3.686s][info][gc,phases   ] GC(53)   Evacuate Collection Set: 0.18ms
[2026-09-07T10:42:52.376+0900][3.686s][info][gc,phases   ] GC(53)   Post Evacuate Collection Set: 0.12ms
[2026-09-07T10:42:52.376+0900][3.686s][info][gc,phases   ] GC(53)   Other: 0.02ms
[2026-09-07T10:42:52.376+0900][3.686s][info][gc,heap     ] GC(53) Eden regions: 126->0(127)
[2026-09-07T10:42:52.376+0900][3.686s][info][gc,heap     ] GC(53) Survivor regions: 2->1(16)
[2026-09-07T10:42:52.376+0900][3.686s][info][gc,heap     ] GC(53) Old regions: 53->53
[2026-09-07T10:42:52.376+0900][3.686s][info][gc,heap     ] GC(53) Humongous regions: 1->1
[2026-09-07T10:42:52.376+0900][3.686s][info][gc,metaspace] GC(53) Metaspace: 23350K(23872K)->23350K(23872K) NonClass: 20530K(20800K)->20530K(20800K) Class: 2819K(3072K)->2819K(3072K)
[2026-09-07T10:42:52.376+0900][3.686s][info][gc          ] GC(53) Pause Young (Normal) (G1 Evacuation Pause) 362M->108M(428M) 0.513ms
[2026-09-07T10:42:52.376+0900][3.686s][info][gc,cpu      ] GC(53) User=0.00s Sys=0.00s Real=0.00s
[2026-09-07T10:42:52.376+0900][3.686s][info][safepoint   ] Safepoint "G1CollectForAllocation", Time since last: 96029958 ns, Reaching safepoint: 1083 ns, Cleanup: 584 ns, At safepoint: 527791 ns, Leaving safepoint: 1209 ns, Total: 530667 ns
[2026-09-07T10:42:52.472+0900][3.782s][info][gc,start    ] GC(54) Pause Young (Normal) (G1 Evacuation Pause)
[2026-09-07T10:42:52.472+0900][3.782s][info][gc,task     ] GC(54) Using 9 workers of 9 for evacuation
[2026-09-07T10:42:52.472+0900][3.782s][info][gc,phases   ] GC(54)   Pre Evacuate Collection Set: 0.08ms
[2026-09-07T10:42:52.472+0900][3.782s][info][gc,phases   ] GC(54)   Merge Heap Roots: 0.04ms
[2026-09-07T10:42:52.472+0900][3.782s][info][gc,phases   ] GC(54)   Evacuate Collection Set: 0.23ms
[2026-09-07T10:42:52.472+0900][3.782s][info][gc,phases   ] GC(54)   Post Evacuate Collection Set: 0.12ms
[2026-09-07T10:42:52.472+0900][3.782s][info][gc,phases   ] GC(54)   Other: 0.02ms
[2026-09-07T10:42:52.472+0900][3.782s][info][gc,heap     ] GC(54) Eden regions: 127->0(126)
[2026-09-07T10:42:52.472+0900][3.782s][info][gc,heap     ] GC(54) Survivor regions: 1->2(16)
[2026-09-07T10:42:52.472+0900][3.782s][info][gc,heap     ] GC(54) Old regions: 53->53
[2026-09-07T10:42:52.472+0900][3.782s][info][gc,heap     ] GC(54) Humongous regions: 1->1
[2026-09-07T10:42:52.472+0900][3.782s][info][gc,metaspace] GC(54) Metaspace: 23350K(23872K)->23350K(23872K) NonClass: 20530K(20800K)->20530K(20800K) Class: 2819K(3072K)->2819K(3072K)
[2026-09-07T10:42:52.472+0900][3.782s][info][gc          ] GC(54) Pause Young (Normal) (G1 Evacuation Pause) 362M->108M(428M) 0.568ms
[2026-09-07T10:42:52.472+0900][3.782s][info][gc,cpu      ] GC(54) User=0.01s Sys=0.00s Real=0.00s
[2026-09-07T10:42:52.472+0900][3.782s][info][safepoint   ] Safepoint "G1CollectForAllocation", Time since last: 95817875 ns, Reaching safepoint: 1125 ns, Cleanup: 1541 ns, At safepoint: 582209 ns, Leaving safepoint: 1250 ns, Total: 586125 ns
[2026-09-07T10:42:52.570+0900][3.880s][info][gc,start    ] GC(55) Pause Young (Normal) (G1 Evacuation Pause)
[2026-09-07T10:42:52.570+0900][3.880s][info][gc,task     ] GC(55) Using 9 workers of 9 for evacuation
[2026-09-07T10:42:52.571+0900][3.881s][info][gc,phases   ] GC(55)   Pre Evacuate Collection Set: 0.09ms
[2026-09-07T10:42:52.571+0900][3.881s][info][gc,phases   ] GC(55)   Merge Heap Roots: 0.03ms
[2026-09-07T10:42:52.571+0900][3.881s][info][gc,phases   ] GC(55)   Evacuate Collection Set: 0.38ms
[2026-09-07T10:42:52.571+0900][3.881s][info][gc,phases   ] GC(55)   Post Evacuate Collection Set: 0.12ms
[2026-09-07T10:42:52.571+0900][3.881s][info][gc,phases   ] GC(55)   Other: 0.02ms
[2026-09-07T10:42:52.571+0900][3.881s][info][gc,heap     ] GC(55) Eden regions: 126->0(126)
[2026-09-07T10:42:52.571+0900][3.881s][info][gc,heap     ] GC(55) Survivor regions: 2->2(16)
[2026-09-07T10:42:52.571+0900][3.881s][info][gc,heap     ] GC(55) Old regions: 53->53
[2026-09-07T10:42:52.571+0900][3.881s][info][gc,heap     ] GC(55) Humongous regions: 1->1
[2026-09-07T10:42:52.571+0900][3.881s][info][gc,metaspace] GC(55) Metaspace: 23350K(23872K)->23350K(23872K) NonClass: 20530K(20800K)->20530K(20800K) Class: 2819K(3072K)->2819K(3072K)
[2026-09-07T10:42:52.571+0900][3.881s][info][gc          ] GC(55) Pause Young (Normal) (G1 Evacuation Pause) 360M->109M(428M) 0.730ms
[2026-09-07T10:42:52.571+0900][3.881s][info][gc,cpu      ] GC(55) User=0.01s Sys=0.00s Real=0.00s
[2026-09-07T10:42:52.571+0900][3.881s][info][safepoint   ] Safepoint "G1CollectForAllocation", Time since last: 97822000 ns, Reaching safepoint: 1833 ns, Cleanup: 1125 ns, At safepoint: 747083 ns, Leaving safepoint: 1209 ns, Total: 751250 ns
[2026-09-07T10:42:52.667+0900][3.978s][info][gc,start    ] GC(56) Pause Young (Normal) (G1 Evacuation Pause)
[2026-09-07T10:42:52.667+0900][3.978s][info][gc,task     ] GC(56) Using 9 workers of 9 for evacuation
[2026-09-07T10:42:52.668+0900][3.978s][info][gc,phases   ] GC(56)   Pre Evacuate Collection Set: 0.08ms
[2026-09-07T10:42:52.668+0900][3.978s][info][gc,phases   ] GC(56)   Merge Heap Roots: 0.03ms
[2026-09-07T10:42:52.668+0900][3.978s][info][gc,phases   ] GC(56)   Evacuate Collection Set: 0.17ms
[2026-09-07T10:42:52.668+0900][3.978s][info][gc,phases   ] GC(56)   Post Evacuate Collection Set: 0.12ms
[2026-09-07T10:42:52.668+0900][3.978s][info][gc,phases   ] GC(56)   Other: 0.02ms
[2026-09-07T10:42:52.668+0900][3.978s][info][gc,heap     ] GC(56) Eden regions: 126->0(127)
[2026-09-07T10:42:52.668+0900][3.978s][info][gc,heap     ] GC(56) Survivor regions: 2->1(16)
[2026-09-07T10:42:52.668+0900][3.978s][info][gc,heap     ] GC(56) Old regions: 53->53
[2026-09-07T10:42:52.668+0900][3.978s][info][gc,heap     ] GC(56) Humongous regions: 1->1
[2026-09-07T10:42:52.668+0900][3.978s][info][gc,metaspace] GC(56) Metaspace: 23350K(23872K)->23350K(23872K) NonClass: 20530K(20800K)->20530K(20800K) Class: 2819K(3072K)->2819K(3072K)
[2026-09-07T10:42:52.668+0900][3.978s][info][gc          ] GC(56) Pause Young (Normal) (G1 Evacuation Pause) 361M->107M(428M) 0.518ms
[2026-09-07T10:42:52.668+0900][3.978s][info][gc,cpu      ] GC(56) User=0.01s Sys=0.00s Real=0.00s
[2026-09-07T10:42:52.668+0900][3.978s][info][safepoint   ] Safepoint "G1CollectForAllocation", Time since last: 96693041 ns, Reaching safepoint: 1334 ns, Cleanup: 1583 ns, At safepoint: 534625 ns, Leaving safepoint: 1292 ns, Total: 538834 ns
[2026-09-07T10:42:52.765+0900][4.075s][info][gc,start    ] GC(57) Pause Young (Normal) (G1 Evacuation Pause)
[2026-09-07T10:42:52.765+0900][4.075s][info][gc,task     ] GC(57) Using 9 workers of 9 for evacuation
[2026-09-07T10:42:52.765+0900][4.075s][info][gc,phases   ] GC(57)   Pre Evacuate Collection Set: 0.10ms
[2026-09-07T10:42:52.765+0900][4.075s][info][gc,phases   ] GC(57)   Merge Heap Roots: 0.03ms
[2026-09-07T10:42:52.765+0900][4.075s][info][gc,phases   ] GC(57)   Evacuate Collection Set: 0.23ms
[2026-09-07T10:42:52.765+0900][4.075s][info][gc,phases   ] GC(57)   Post Evacuate Collection Set: 0.14ms
[2026-09-07T10:42:52.765+0900][4.075s][info][gc,phases   ] GC(57)   Other: 0.02ms
[2026-09-07T10:42:52.765+0900][4.075s][info][gc,heap     ] GC(57) Eden regions: 127->0(127)
[2026-09-07T10:42:52.765+0900][4.075s][info][gc,heap     ] GC(57) Survivor regions: 1->1(16)
[2026-09-07T10:42:52.765+0900][4.075s][info][gc,heap     ] GC(57) Old regions: 53->53
[2026-09-07T10:42:52.765+0900][4.075s][info][gc,heap     ] GC(57) Humongous regions: 1->1
[2026-09-07T10:42:52.765+0900][4.075s][info][gc,metaspace] GC(57) Metaspace: 23350K(23872K)->23350K(23872K) NonClass: 20530K(20800K)->20530K(20800K) Class: 2819K(3072K)->2819K(3072K)
[2026-09-07T10:42:52.765+0900][4.075s][info][gc          ] GC(57) Pause Young (Normal) (G1 Evacuation Pause) 361M->108M(428M) 0.597ms
[2026-09-07T10:42:52.765+0900][4.075s][info][gc,cpu      ] GC(57) User=0.00s Sys=0.00s Real=0.00s
[2026-09-07T10:42:52.765+0900][4.075s][info][safepoint   ] Safepoint "G1CollectForAllocation", Time since last: 96676500 ns, Reaching safepoint: 1791 ns, Cleanup: 1125 ns, At safepoint: 613667 ns, Leaving safepoint: 1292 ns, Total: 617875 ns
[2026-09-07T10:42:52.863+0900][4.174s][info][gc,start    ] GC(58) Pause Young (Normal) (G1 Evacuation Pause)
[2026-09-07T10:42:52.864+0900][4.174s][info][gc,task     ] GC(58) Using 9 workers of 9 for evacuation
[2026-09-07T10:42:52.864+0900][4.174s][info][gc,phases   ] GC(58)   Pre Evacuate Collection Set: 0.07ms
[2026-09-07T10:42:52.864+0900][4.174s][info][gc,phases   ] GC(58)   Merge Heap Roots: 0.03ms
[2026-09-07T10:42:52.864+0900][4.174s][info][gc,phases   ] GC(58)   Evacuate Collection Set: 0.28ms
[2026-09-07T10:42:52.864+0900][4.174s][info][gc,phases   ] GC(58)   Post Evacuate Collection Set: 0.11ms
[2026-09-07T10:42:52.864+0900][4.174s][info][gc,phases   ] GC(58)   Other: 0.02ms
[2026-09-07T10:42:52.864+0900][4.174s][info][gc,heap     ] GC(58) Eden regions: 127->0(126)
[2026-09-07T10:42:52.864+0900][4.174s][info][gc,heap     ] GC(58) Survivor regions: 1->2(16)
[2026-09-07T10:42:52.864+0900][4.174s][info][gc,heap     ] GC(58) Old regions: 53->53
[2026-09-07T10:42:52.864+0900][4.174s][info][gc,heap     ] GC(58) Humongous regions: 1->1
[2026-09-07T10:42:52.864+0900][4.174s][info][gc,metaspace] GC(58) Metaspace: 23350K(23872K)->23350K(23872K) NonClass: 20530K(20800K)->20530K(20800K) Class: 2819K(3072K)->2819K(3072K)
[2026-09-07T10:42:52.864+0900][4.174s][info][gc          ] GC(58) Pause Young (Normal) (G1 Evacuation Pause) 362M->109M(428M) 0.600ms
[2026-09-07T10:42:52.864+0900][4.174s][info][gc,cpu      ] GC(58) User=0.00s Sys=0.00s Real=0.00s
[2026-09-07T10:42:52.864+0900][4.174s][info][safepoint   ] Safepoint "G1CollectForAllocation", Time since last: 98300791 ns, Reaching safepoint: 1084 ns, Cleanup: 2208 ns, At safepoint: 615333 ns, Leaving safepoint: 1584 ns, Total: 620209 ns
[2026-09-07T10:42:52.960+0900][4.270s][info][gc,start    ] GC(59) Pause Young (Normal) (G1 Evacuation Pause)
[2026-09-07T10:42:52.960+0900][4.270s][info][gc,task     ] GC(59) Using 9 workers of 9 for evacuation
[2026-09-07T10:42:52.961+0900][4.271s][info][gc,phases   ] GC(59)   Pre Evacuate Collection Set: 0.08ms
[2026-09-07T10:42:52.961+0900][4.271s][info][gc,phases   ] GC(59)   Merge Heap Roots: 0.02ms
[2026-09-07T10:42:52.961+0900][4.271s][info][gc,phases   ] GC(59)   Evacuate Collection Set: 0.34ms
[2026-09-07T10:42:52.961+0900][4.271s][info][gc,phases   ] GC(59)   Post Evacuate Collection Set: 0.12ms
[2026-09-07T10:42:52.961+0900][4.271s][info][gc,phases   ] GC(59)   Other: 0.02ms
[2026-09-07T10:42:52.961+0900][4.271s][info][gc,heap     ] GC(59) Eden regions: 126->0(126)
[2026-09-07T10:42:52.961+0900][4.271s][info][gc,heap     ] GC(59) Survivor regions: 2->2(16)
[2026-09-07T10:42:52.961+0900][4.271s][info][gc,heap     ] GC(59) Old regions: 53->53
[2026-09-07T10:42:52.961+0900][4.271s][info][gc,heap     ] GC(59) Humongous regions: 1->1
[2026-09-07T10:42:52.961+0900][4.271s][info][gc,metaspace] GC(59) Metaspace: 23350K(23872K)->23350K(23872K) NonClass: 20530K(20800K)->20530K(20800K) Class: 2819K(3072K)->2819K(3072K)
[2026-09-07T10:42:52.961+0900][4.271s][info][gc          ] GC(59) Pause Young (Normal) (G1 Evacuation Pause) 361M->110M(428M) 0.661ms
[2026-09-07T10:42:52.961+0900][4.271s][info][gc,cpu      ] GC(59) User=0.00s Sys=0.00s Real=0.00s
[2026-09-07T10:42:52.961+0900][4.271s][info][safepoint   ] Safepoint "G1CollectForAllocation", Time since last: 95899625 ns, Reaching safepoint: 1333 ns, Cleanup: 1250 ns, At safepoint: 677208 ns, Leaving safepoint: 1042 ns, Total: 680833 ns
[2026-09-07T10:42:53.056+0900][4.367s][info][gc,start    ] GC(60) Pause Young (Normal) (G1 Evacuation Pause)
[2026-09-07T10:42:53.056+0900][4.367s][info][gc,task     ] GC(60) Using 9 workers of 9 for evacuation
[2026-09-07T10:42:53.057+0900][4.367s][info][gc,phases   ] GC(60)   Pre Evacuate Collection Set: 0.07ms
[2026-09-07T10:42:53.057+0900][4.367s][info][gc,phases   ] GC(60)   Merge Heap Roots: 0.02ms
[2026-09-07T10:42:53.057+0900][4.367s][info][gc,phases   ] GC(60)   Evacuate Collection Set: 0.21ms
[2026-09-07T10:42:53.057+0900][4.367s][info][gc,phases   ] GC(60)   Post Evacuate Collection Set: 0.12ms
[2026-09-07T10:42:53.057+0900][4.367s][info][gc,phases   ] GC(60)   Other: 0.02ms
[2026-09-07T10:42:53.057+0900][4.367s][info][gc,heap     ] GC(60) Eden regions: 126->0(127)
[2026-09-07T10:42:53.057+0900][4.367s][info][gc,heap     ] GC(60) Survivor regions: 2->1(16)
[2026-09-07T10:42:53.057+0900][4.367s][info][gc,heap     ] GC(60) Old regions: 53->53
[2026-09-07T10:42:53.057+0900][4.367s][info][gc,heap     ] GC(60) Humongous regions: 1->1
[2026-09-07T10:42:53.057+0900][4.367s][info][gc,metaspace] GC(60) Metaspace: 23350K(23872K)->23350K(23872K) NonClass: 20530K(20800K)->20530K(20800K) Class: 2819K(3072K)->2819K(3072K)
[2026-09-07T10:42:53.057+0900][4.367s][info][gc          ] GC(60) Pause Young (Normal) (G1 Evacuation Pause) 362M->108M(428M) 0.513ms
[2026-09-07T10:42:53.057+0900][4.367s][info][gc,cpu      ] GC(60) User=0.00s Sys=0.00s Real=0.00s
[2026-09-07T10:42:53.057+0900][4.367s][info][safepoint   ] Safepoint "G1CollectForAllocation", Time since last: 95618500 ns, Reaching safepoint: 1208 ns, Cleanup: 2625 ns, At safepoint: 525542 ns, Leaving safepoint: 1125 ns, Total: 530500 ns
[2026-09-07T10:42:53.154+0900][4.464s][info][gc,start    ] GC(61) Pause Young (Normal) (G1 Evacuation Pause)
[2026-09-07T10:42:53.154+0900][4.464s][info][gc,task     ] GC(61) Using 9 workers of 9 for evacuation
[2026-09-07T10:42:53.154+0900][4.465s][info][gc,phases   ] GC(61)   Pre Evacuate Collection Set: 0.05ms
[2026-09-07T10:42:53.154+0900][4.465s][info][gc,phases   ] GC(61)   Merge Heap Roots: 0.04ms
[2026-09-07T10:42:53.154+0900][4.465s][info][gc,phases   ] GC(61)   Evacuate Collection Set: 0.29ms
[2026-09-07T10:42:53.154+0900][4.465s][info][gc,phases   ] GC(61)   Post Evacuate Collection Set: 0.13ms
[2026-09-07T10:42:53.154+0900][4.465s][info][gc,phases   ] GC(61)   Other: 0.02ms
[2026-09-07T10:42:53.154+0900][4.465s][info][gc,heap     ] GC(61) Eden regions: 127->0(126)
[2026-09-07T10:42:53.154+0900][4.465s][info][gc,heap     ] GC(61) Survivor regions: 1->2(16)
[2026-09-07T10:42:53.154+0900][4.465s][info][gc,heap     ] GC(61) Old regions: 53->53
[2026-09-07T10:42:53.154+0900][4.465s][info][gc,heap     ] GC(61) Humongous regions: 1->1
[2026-09-07T10:42:53.154+0900][4.465s][info][gc,metaspace] GC(61) Metaspace: 23350K(23872K)->23350K(23872K) NonClass: 20530K(20800K)->20530K(20800K) Class: 2819K(3072K)->2819K(3072K)
[2026-09-07T10:42:53.154+0900][4.465s][info][gc          ] GC(61) Pause Young (Normal) (G1 Evacuation Pause) 362M->109M(428M) 0.593ms
[2026-09-07T10:42:53.154+0900][4.465s][info][gc,cpu      ] GC(61) User=0.00s Sys=0.00s Real=0.00s
[2026-09-07T10:42:53.154+0900][4.465s][info][safepoint   ] Safepoint "G1CollectForAllocation", Time since last: 96994792 ns, Reaching safepoint: 1083 ns, Cleanup: 917 ns, At safepoint: 606750 ns, Leaving safepoint: 1125 ns, Total: 609875 ns
[2026-09-07T10:42:53.251+0900][4.562s][info][gc,start    ] GC(62) Pause Young (Normal) (G1 Evacuation Pause)
[2026-09-07T10:42:53.251+0900][4.562s][info][gc,task     ] GC(62) Using 9 workers of 9 for evacuation
[2026-09-07T10:42:53.252+0900][4.562s][info][gc,phases   ] GC(62)   Pre Evacuate Collection Set: 0.07ms
[2026-09-07T10:42:53.252+0900][4.562s][info][gc,phases   ] GC(62)   Merge Heap Roots: 0.04ms
[2026-09-07T10:42:53.252+0900][4.562s][info][gc,phases   ] GC(62)   Evacuate Collection Set: 0.31ms
[2026-09-07T10:42:53.252+0900][4.562s][info][gc,phases   ] GC(62)   Post Evacuate Collection Set: 0.12ms
[2026-09-07T10:42:53.252+0900][4.562s][info][gc,phases   ] GC(62)   Other: 0.02ms
[2026-09-07T10:42:53.252+0900][4.562s][info][gc,heap     ] GC(62) Eden regions: 126->0(126)
[2026-09-07T10:42:53.252+0900][4.562s][info][gc,heap     ] GC(62) Survivor regions: 2->2(16)
[2026-09-07T10:42:53.252+0900][4.562s][info][gc,heap     ] GC(62) Old regions: 53->53
[2026-09-07T10:42:53.252+0900][4.562s][info][gc,heap     ] GC(62) Humongous regions: 1->1
[2026-09-07T10:42:53.252+0900][4.562s][info][gc,metaspace] GC(62) Metaspace: 23350K(23872K)->23350K(23872K) NonClass: 20530K(20800K)->20530K(20800K) Class: 2819K(3072K)->2819K(3072K)
[2026-09-07T10:42:53.252+0900][4.562s][info][gc          ] GC(62) Pause Young (Normal) (G1 Evacuation Pause) 361M->110M(428M) 0.625ms
[2026-09-07T10:42:53.252+0900][4.562s][info][gc,cpu      ] GC(62) User=0.01s Sys=0.01s Real=0.00s
[2026-09-07T10:42:53.252+0900][4.562s][info][safepoint   ] Safepoint "G1CollectForAllocation", Time since last: 96925083 ns, Reaching safepoint: 917 ns, Cleanup: 1250 ns, At safepoint: 639666 ns, Leaving safepoint: 1042 ns, Total: 642875 ns
[2026-09-07T10:42:53.348+0900][4.658s][info][gc,start    ] GC(63) Pause Young (Normal) (G1 Evacuation Pause)
[2026-09-07T10:42:53.348+0900][4.658s][info][gc,task     ] GC(63) Using 9 workers of 9 for evacuation
[2026-09-07T10:42:53.349+0900][4.659s][info][gc,phases   ] GC(63)   Pre Evacuate Collection Set: 0.08ms
[2026-09-07T10:42:53.349+0900][4.659s][info][gc,phases   ] GC(63)   Merge Heap Roots: 0.03ms
[2026-09-07T10:42:53.349+0900][4.659s][info][gc,phases   ] GC(63)   Evacuate Collection Set: 0.23ms
[2026-09-07T10:42:53.349+0900][4.659s][info][gc,phases   ] GC(63)   Post Evacuate Collection Set: 0.11ms
[2026-09-07T10:42:53.349+0900][4.659s][info][gc,phases   ] GC(63)   Other: 0.02ms
[2026-09-07T10:42:53.349+0900][4.659s][info][gc,heap     ] GC(63) Eden regions: 126->0(127)
[2026-09-07T10:42:53.349+0900][4.659s][info][gc,heap     ] GC(63) Survivor regions: 2->1(16)
[2026-09-07T10:42:53.349+0900][4.659s][info][gc,heap     ] GC(63) Old regions: 53->53
[2026-09-07T10:42:53.349+0900][4.659s][info][gc,heap     ] GC(63) Humongous regions: 1->1
[2026-09-07T10:42:53.349+0900][4.659s][info][gc,metaspace] GC(63) Metaspace: 23350K(23872K)->23350K(23872K) NonClass: 20530K(20800K)->20530K(20800K) Class: 2819K(3072K)->2819K(3072K)
[2026-09-07T10:42:53.349+0900][4.659s][info][gc          ] GC(63) Pause Young (Normal) (G1 Evacuation Pause) 362M->108M(428M) 0.549ms
[2026-09-07T10:42:53.349+0900][4.659s][info][gc,cpu      ] GC(63) User=0.01s Sys=0.00s Real=0.00s
[2026-09-07T10:42:53.349+0900][4.659s][info][safepoint   ] Safepoint "G1CollectForAllocation", Time since last: 96091000 ns, Reaching safepoint: 1292 ns, Cleanup: 1208 ns, At safepoint: 562583 ns, Leaving safepoint: 1000 ns, Total: 566083 ns
[2026-09-07T10:42:53.445+0900][4.755s][info][gc,start    ] GC(64) Pause Young (Normal) (G1 Evacuation Pause)
[2026-09-07T10:42:53.445+0900][4.755s][info][gc,task     ] GC(64) Using 9 workers of 9 for evacuation
[2026-09-07T10:42:53.446+0900][4.756s][info][gc,phases   ] GC(64)   Pre Evacuate Collection Set: 0.07ms
[2026-09-07T10:42:53.446+0900][4.756s][info][gc,phases   ] GC(64)   Merge Heap Roots: 0.04ms
[2026-09-07T10:42:53.446+0900][4.756s][info][gc,phases   ] GC(64)   Evacuate Collection Set: 0.28ms
[2026-09-07T10:42:53.446+0900][4.756s][info][gc,phases   ] GC(64)   Post Evacuate Collection Set: 0.13ms
[2026-09-07T10:42:53.446+0900][4.756s][info][gc,phases   ] GC(64)   Other: 0.02ms
[2026-09-07T10:42:53.446+0900][4.756s][info][gc,heap     ] GC(64) Eden regions: 127->0(126)
[2026-09-07T10:42:53.446+0900][4.756s][info][gc,heap     ] GC(64) Survivor regions: 1->2(16)
[2026-09-07T10:42:53.446+0900][4.756s][info][gc,heap     ] GC(64) Old regions: 53->53
[2026-09-07T10:42:53.446+0900][4.756s][info][gc,heap     ] GC(64) Humongous regions: 1->1
[2026-09-07T10:42:53.446+0900][4.756s][info][gc,metaspace] GC(64) Metaspace: 23350K(23872K)->23350K(23872K) NonClass: 20530K(20800K)->20530K(20800K) Class: 2819K(3072K)->2819K(3072K)
[2026-09-07T10:42:53.446+0900][4.756s][info][gc          ] GC(64) Pause Young (Normal) (G1 Evacuation Pause) 362M->109M(428M) 0.607ms
[2026-09-07T10:42:53.446+0900][4.756s][info][gc,cpu      ] GC(64) User=0.00s Sys=0.00s Real=0.00s
[2026-09-07T10:42:53.446+0900][4.756s][info][safepoint   ] Safepoint "G1CollectForAllocation", Time since last: 96395542 ns, Reaching safepoint: 833 ns, Cleanup: 1875 ns, At safepoint: 619834 ns, Leaving safepoint: 1583 ns, Total: 624125 ns
[2026-09-07T10:42:53.541+0900][4.852s][info][gc,start    ] GC(65) Pause Young (Normal) (G1 Evacuation Pause)
[2026-09-07T10:42:53.541+0900][4.852s][info][gc,task     ] GC(65) Using 9 workers of 9 for evacuation
[2026-09-07T10:42:53.542+0900][4.852s][info][gc,phases   ] GC(65)   Pre Evacuate Collection Set: 0.07ms
[2026-09-07T10:42:53.542+0900][4.852s][info][gc,phases   ] GC(65)   Merge Heap Roots: 0.04ms
[2026-09-07T10:42:53.542+0900][4.852s][info][gc,phases   ] GC(65)   Evacuate Collection Set: 0.34ms
[2026-09-07T10:42:53.542+0900][4.852s][info][gc,phases   ] GC(65)   Post Evacuate Collection Set: 0.12ms
[2026-09-07T10:42:53.542+0900][4.852s][info][gc,phases   ] GC(65)   Other: 0.02ms
[2026-09-07T10:42:53.542+0900][4.852s][info][gc,heap     ] GC(65) Eden regions: 126->0(126)
[2026-09-07T10:42:53.542+0900][4.852s][info][gc,heap     ] GC(65) Survivor regions: 2->2(16)
[2026-09-07T10:42:53.542+0900][4.852s][info][gc,heap     ] GC(65) Old regions: 53->53
[2026-09-07T10:42:53.542+0900][4.852s][info][gc,heap     ] GC(65) Humongous regions: 1->1
[2026-09-07T10:42:53.542+0900][4.852s][info][gc,metaspace] GC(65) Metaspace: 23350K(23872K)->23350K(23872K) NonClass: 20530K(20800K)->20530K(20800K) Class: 2819K(3072K)->2819K(3072K)
[2026-09-07T10:42:53.542+0900][4.852s][info][gc          ] GC(65) Pause Young (Normal) (G1 Evacuation Pause) 361M->110M(428M) 0.683ms
[2026-09-07T10:42:53.542+0900][4.852s][info][gc,cpu      ] GC(65) User=0.00s Sys=0.00s Real=0.00s
[2026-09-07T10:42:53.542+0900][4.852s][info][safepoint   ] Safepoint "G1CollectForAllocation", Time since last: 95641417 ns, Reaching safepoint: 1208 ns, Cleanup: 1500 ns, At safepoint: 697333 ns, Leaving safepoint: 1125 ns, Total: 701166 ns
[2026-09-07T10:42:53.637+0900][4.948s][info][gc,start    ] GC(66) Pause Young (Normal) (G1 Evacuation Pause)
[2026-09-07T10:42:53.637+0900][4.948s][info][gc,task     ] GC(66) Using 9 workers of 9 for evacuation
[2026-09-07T10:42:53.638+0900][4.948s][info][gc,phases   ] GC(66)   Pre Evacuate Collection Set: 0.08ms
[2026-09-07T10:42:53.638+0900][4.948s][info][gc,phases   ] GC(66)   Merge Heap Roots: 0.04ms
[2026-09-07T10:42:53.638+0900][4.948s][info][gc,phases   ] GC(66)   Evacuate Collection Set: 0.18ms
[2026-09-07T10:42:53.638+0900][4.948s][info][gc,phases   ] GC(66)   Post Evacuate Collection Set: 0.12ms
[2026-09-07T10:42:53.638+0900][4.948s][info][gc,phases   ] GC(66)   Other: 0.02ms
[2026-09-07T10:42:53.638+0900][4.948s][info][gc,heap     ] GC(66) Eden regions: 126->0(127)
[2026-09-07T10:42:53.638+0900][4.948s][info][gc,heap     ] GC(66) Survivor regions: 2->1(16)
[2026-09-07T10:42:53.638+0900][4.948s][info][gc,heap     ] GC(66) Old regions: 53->53
[2026-09-07T10:42:53.638+0900][4.948s][info][gc,heap     ] GC(66) Humongous regions: 1->1
[2026-09-07T10:42:53.638+0900][4.948s][info][gc,metaspace] GC(66) Metaspace: 23353K(23872K)->23353K(23872K) NonClass: 20534K(20800K)->20534K(20800K) Class: 2819K(3072K)->2819K(3072K)
[2026-09-07T10:42:53.638+0900][4.948s][info][gc          ] GC(66) Pause Young (Normal) (G1 Evacuation Pause) 362M->107M(428M) 0.503ms
[2026-09-07T10:42:53.638+0900][4.948s][info][gc,cpu      ] GC(66) User=0.00s Sys=0.00s Real=0.00s
[2026-09-07T10:42:53.638+0900][4.948s][info][safepoint   ] Safepoint "G1CollectForAllocation", Time since last: 95295542 ns, Reaching safepoint: 1250 ns, Cleanup: 958 ns, At safepoint: 517250 ns, Leaving safepoint: 1084 ns, Total: 520542 ns
[2026-09-07T10:42:53.734+0900][5.044s][info][gc,start    ] GC(67) Pause Young (Normal) (G1 Evacuation Pause)
[2026-09-07T10:42:53.734+0900][5.044s][info][gc,task     ] GC(67) Using 9 workers of 9 for evacuation
[2026-09-07T10:42:53.734+0900][5.045s][info][gc,phases   ] GC(67)   Pre Evacuate Collection Set: 0.08ms
[2026-09-07T10:42:53.734+0900][5.045s][info][gc,phases   ] GC(67)   Merge Heap Roots: 0.04ms
[2026-09-07T10:42:53.734+0900][5.045s][info][gc,phases   ] GC(67)   Evacuate Collection Set: 0.26ms
[2026-09-07T10:42:53.734+0900][5.045s][info][gc,phases   ] GC(67)   Post Evacuate Collection Set: 0.11ms
[2026-09-07T10:42:53.734+0900][5.045s][info][gc,phases   ] GC(67)   Other: 0.02ms
[2026-09-07T10:42:53.734+0900][5.045s][info][gc,heap     ] GC(67) Eden regions: 127->0(126)
[2026-09-07T10:42:53.734+0900][5.045s][info][gc,heap     ] GC(67) Survivor regions: 1->2(16)
[2026-09-07T10:42:53.734+0900][5.045s][info][gc,heap     ] GC(67) Old regions: 53->53
[2026-09-07T10:42:53.734+0900][5.045s][info][gc,heap     ] GC(67) Humongous regions: 1->1
[2026-09-07T10:42:53.734+0900][5.045s][info][gc,metaspace] GC(67) Metaspace: 23353K(23872K)->23353K(23872K) NonClass: 20534K(20800K)->20534K(20800K) Class: 2819K(3072K)->2819K(3072K)
[2026-09-07T10:42:53.734+0900][5.045s][info][gc          ] GC(67) Pause Young (Normal) (G1 Evacuation Pause) 361M->108M(428M) 0.579ms
[2026-09-07T10:42:53.734+0900][5.045s][info][gc,cpu      ] GC(67) User=0.00s Sys=0.00s Real=0.00s
[2026-09-07T10:42:53.734+0900][5.045s][info][safepoint   ] Safepoint "G1CollectForAllocation", Time since last: 95978375 ns, Reaching safepoint: 1375 ns, Cleanup: 625 ns, At safepoint: 594541 ns, Leaving safepoint: 1209 ns, Total: 597750 ns
[2026-09-07T10:42:53.830+0900][5.140s][info][gc,start    ] GC(68) Pause Young (Normal) (G1 Evacuation Pause)
[2026-09-07T10:42:53.830+0900][5.140s][info][gc,task     ] GC(68) Using 9 workers of 9 for evacuation
[2026-09-07T10:42:53.831+0900][5.141s][info][gc,phases   ] GC(68)   Pre Evacuate Collection Set: 0.08ms
[2026-09-07T10:42:53.831+0900][5.141s][info][gc,phases   ] GC(68)   Merge Heap Roots: 0.04ms
[2026-09-07T10:42:53.831+0900][5.141s][info][gc,phases   ] GC(68)   Evacuate Collection Set: 0.34ms
[2026-09-07T10:42:53.831+0900][5.141s][info][gc,phases   ] GC(68)   Post Evacuate Collection Set: 0.12ms
[2026-09-07T10:42:53.831+0900][5.141s][info][gc,phases   ] GC(68)   Other: 0.02ms
[2026-09-07T10:42:53.831+0900][5.141s][info][gc,heap     ] GC(68) Eden regions: 126->0(126)
[2026-09-07T10:42:53.831+0900][5.141s][info][gc,heap     ] GC(68) Survivor regions: 2->2(16)
[2026-09-07T10:42:53.831+0900][5.141s][info][gc,heap     ] GC(68) Old regions: 53->53
[2026-09-07T10:42:53.831+0900][5.141s][info][gc,heap     ] GC(68) Humongous regions: 1->1
[2026-09-07T10:42:53.831+0900][5.141s][info][gc,metaspace] GC(68) Metaspace: 23353K(23872K)->23353K(23872K) NonClass: 20534K(20800K)->20534K(20800K) Class: 2819K(3072K)->2819K(3072K)
[2026-09-07T10:42:53.831+0900][5.141s][info][gc          ] GC(68) Pause Young (Normal) (G1 Evacuation Pause) 360M->110M(428M) 0.676ms
[2026-09-07T10:42:53.831+0900][5.141s][info][gc,cpu      ] GC(68) User=0.00s Sys=0.00s Real=0.00s
[2026-09-07T10:42:53.831+0900][5.141s][info][safepoint   ] Safepoint "G1CollectForAllocation", Time since last: 95573541 ns, Reaching safepoint: 1042 ns, Cleanup: 1042 ns, At safepoint: 689750 ns, Leaving safepoint: 1125 ns, Total: 692959 ns
[2026-09-07T10:42:53.927+0900][5.238s][info][gc,start    ] GC(69) Pause Young (Normal) (G1 Evacuation Pause)
[2026-09-07T10:42:53.928+0900][5.238s][info][gc,task     ] GC(69) Using 9 workers of 9 for evacuation
[2026-09-07T10:42:53.928+0900][5.238s][info][gc,phases   ] GC(69)   Pre Evacuate Collection Set: 0.07ms
[2026-09-07T10:42:53.928+0900][5.238s][info][gc,phases   ] GC(69)   Merge Heap Roots: 0.02ms
[2026-09-07T10:42:53.928+0900][5.238s][info][gc,phases   ] GC(69)   Evacuate Collection Set: 0.16ms
[2026-09-07T10:42:53.928+0900][5.238s][info][gc,phases   ] GC(69)   Post Evacuate Collection Set: 0.12ms
[2026-09-07T10:42:53.928+0900][5.238s][info][gc,phases   ] GC(69)   Other: 0.02ms
[2026-09-07T10:42:53.928+0900][5.238s][info][gc,heap     ] GC(69) Eden regions: 126->0(127)
[2026-09-07T10:42:53.928+0900][5.238s][info][gc,heap     ] GC(69) Survivor regions: 2->1(16)
[2026-09-07T10:42:53.928+0900][5.238s][info][gc,heap     ] GC(69) Old regions: 53->53
[2026-09-07T10:42:53.928+0900][5.238s][info][gc,heap     ] GC(69) Humongous regions: 1->1
[2026-09-07T10:42:53.928+0900][5.238s][info][gc,metaspace] GC(69) Metaspace: 23353K(23872K)->23353K(23872K) NonClass: 20534K(20800K)->20534K(20800K) Class: 2819K(3072K)->2819K(3072K)
[2026-09-07T10:42:53.928+0900][5.238s][info][gc          ] GC(69) Pause Young (Normal) (G1 Evacuation Pause) 362M->107M(428M) 0.468ms
[2026-09-07T10:42:53.928+0900][5.238s][info][gc,cpu      ] GC(69) User=0.00s Sys=0.00s Real=0.00s
[2026-09-07T10:42:53.928+0900][5.238s][info][safepoint   ] Safepoint "G1CollectForAllocation", Time since last: 96793791 ns, Reaching safepoint: 1084 ns, Cleanup: 4833 ns, At safepoint: 481792 ns, Leaving safepoint: 875 ns, Total: 488584 ns
[2026-09-07T10:42:54.024+0900][5.334s][info][gc,start    ] GC(70) Pause Young (Normal) (G1 Evacuation Pause)
[2026-09-07T10:42:54.024+0900][5.334s][info][gc,task     ] GC(70) Using 9 workers of 9 for evacuation
[2026-09-07T10:42:54.024+0900][5.335s][info][gc,phases   ] GC(70)   Pre Evacuate Collection Set: 0.05ms
[2026-09-07T10:42:54.024+0900][5.335s][info][gc,phases   ] GC(70)   Merge Heap Roots: 0.04ms
[2026-09-07T10:42:54.024+0900][5.335s][info][gc,phases   ] GC(70)   Evacuate Collection Set: 0.27ms
[2026-09-07T10:42:54.024+0900][5.335s][info][gc,phases   ] GC(70)   Post Evacuate Collection Set: 0.12ms
[2026-09-07T10:42:54.024+0900][5.335s][info][gc,phases   ] GC(70)   Other: 0.02ms
[2026-09-07T10:42:54.024+0900][5.335s][info][gc,heap     ] GC(70) Eden regions: 127->0(126)
[2026-09-07T10:42:54.024+0900][5.335s][info][gc,heap     ] GC(70) Survivor regions: 1->2(16)
[2026-09-07T10:42:54.024+0900][5.335s][info][gc,heap     ] GC(70) Old regions: 53->53
[2026-09-07T10:42:54.024+0900][5.335s][info][gc,heap     ] GC(70) Humongous regions: 1->1
[2026-09-07T10:42:54.024+0900][5.335s][info][gc,metaspace] GC(70) Metaspace: 23353K(23872K)->23353K(23872K) NonClass: 20534K(20800K)->20534K(20800K) Class: 2819K(3072K)->2819K(3072K)
[2026-09-07T10:42:54.024+0900][5.335s][info][gc          ] GC(70) Pause Young (Normal) (G1 Evacuation Pause) 361M->108M(428M) 0.593ms
[2026-09-07T10:42:54.024+0900][5.335s][info][gc,cpu      ] GC(70) User=0.01s Sys=0.00s Real=0.00s
[2026-09-07T10:42:54.024+0900][5.335s][info][safepoint   ] Safepoint "G1CollectForAllocation", Time since last: 95802291 ns, Reaching safepoint: 1292 ns, Cleanup: 1667 ns, At safepoint: 606833 ns, Leaving safepoint: 2167 ns, Total: 611959 ns
[2026-09-07T10:42:54.120+0900][5.431s][info][gc,start    ] GC(71) Pause Young (Normal) (G1 Evacuation Pause)
[2026-09-07T10:42:54.120+0900][5.431s][info][gc,task     ] GC(71) Using 9 workers of 9 for evacuation
[2026-09-07T10:42:54.121+0900][5.431s][info][gc,phases   ] GC(71)   Pre Evacuate Collection Set: 0.08ms
[2026-09-07T10:42:54.121+0900][5.431s][info][gc,phases   ] GC(71)   Merge Heap Roots: 0.04ms
[2026-09-07T10:42:54.121+0900][5.431s][info][gc,phases   ] GC(71)   Evacuate Collection Set: 0.32ms
[2026-09-07T10:42:54.121+0900][5.431s][info][gc,phases   ] GC(71)   Post Evacuate Collection Set: 0.12ms
[2026-09-07T10:42:54.121+0900][5.431s][info][gc,phases   ] GC(71)   Other: 0.02ms
[2026-09-07T10:42:54.121+0900][5.431s][info][gc,heap     ] GC(71) Eden regions: 126->0(126)
[2026-09-07T10:42:54.121+0900][5.431s][info][gc,heap     ] GC(71) Survivor regions: 2->2(16)
[2026-09-07T10:42:54.121+0900][5.431s][info][gc,heap     ] GC(71) Old regions: 53->53
[2026-09-07T10:42:54.121+0900][5.431s][info][gc,heap     ] GC(71) Humongous regions: 1->1
[2026-09-07T10:42:54.121+0900][5.431s][info][gc,metaspace] GC(71) Metaspace: 23353K(23872K)->23353K(23872K) NonClass: 20534K(20800K)->20534K(20800K) Class: 2819K(3072K)->2819K(3072K)
[2026-09-07T10:42:54.121+0900][5.431s][info][gc          ] GC(71) Pause Young (Normal) (G1 Evacuation Pause) 360M->109M(428M) 0.662ms
[2026-09-07T10:42:54.121+0900][5.431s][info][gc,cpu      ] GC(71) User=0.01s Sys=0.00s Real=0.00s
[2026-09-07T10:42:54.121+0900][5.431s][info][safepoint   ] Safepoint "G1CollectForAllocation", Time since last: 95951208 ns, Reaching safepoint: 1458 ns, Cleanup: 4209 ns, At safepoint: 676916 ns, Leaving safepoint: 1250 ns, Total: 683833 ns
[2026-09-07T10:42:54.216+0900][5.526s][info][gc,start    ] GC(72) Pause Young (Normal) (G1 Evacuation Pause)
[2026-09-07T10:42:54.216+0900][5.526s][info][gc,task     ] GC(72) Using 9 workers of 9 for evacuation
[2026-09-07T10:42:54.216+0900][5.526s][info][gc,phases   ] GC(72)   Pre Evacuate Collection Set: 0.07ms
[2026-09-07T10:42:54.216+0900][5.526s][info][gc,phases   ] GC(72)   Merge Heap Roots: 0.04ms
[2026-09-07T10:42:54.216+0900][5.526s][info][gc,phases   ] GC(72)   Evacuate Collection Set: 0.12ms
[2026-09-07T10:42:54.216+0900][5.526s][info][gc,phases   ] GC(72)   Post Evacuate Collection Set: 0.11ms
[2026-09-07T10:42:54.216+0900][5.526s][info][gc,phases   ] GC(72)   Other: 0.02ms
[2026-09-07T10:42:54.216+0900][5.526s][info][gc,heap     ] GC(72) Eden regions: 126->0(127)
[2026-09-07T10:42:54.216+0900][5.526s][info][gc,heap     ] GC(72) Survivor regions: 2->1(16)
[2026-09-07T10:42:54.216+0900][5.526s][info][gc,heap     ] GC(72) Old regions: 53->53
[2026-09-07T10:42:54.216+0900][5.526s][info][gc,heap     ] GC(72) Humongous regions: 1->1
[2026-09-07T10:42:54.216+0900][5.526s][info][gc,metaspace] GC(72) Metaspace: 23353K(23872K)->23353K(23872K) NonClass: 20534K(20800K)->20534K(20800K) Class: 2819K(3072K)->2819K(3072K)
[2026-09-07T10:42:54.216+0900][5.526s][info][gc          ] GC(72) Pause Young (Normal) (G1 Evacuation Pause) 361M->107M(428M) 0.426ms
[2026-09-07T10:42:54.216+0900][5.526s][info][gc,cpu      ] GC(72) User=0.00s Sys=0.00s Real=0.00s
[2026-09-07T10:42:54.216+0900][5.526s][info][safepoint   ] Safepoint "G1CollectForAllocation", Time since last: 94659250 ns, Reaching safepoint: 792 ns, Cleanup: 1500 ns, At safepoint: 438042 ns, Leaving safepoint: 1000 ns, Total: 441334 ns
[2026-09-07T10:42:54.313+0900][5.623s][info][gc,start    ] GC(73) Pause Young (Normal) (G1 Evacuation Pause)
[2026-09-07T10:42:54.313+0900][5.623s][info][gc,task     ] GC(73) Using 9 workers of 9 for evacuation
[2026-09-07T10:42:54.313+0900][5.623s][info][gc,phases   ] GC(73)   Pre Evacuate Collection Set: 0.07ms
[2026-09-07T10:42:54.313+0900][5.623s][info][gc,phases   ] GC(73)   Merge Heap Roots: 0.04ms
[2026-09-07T10:42:54.313+0900][5.623s][info][gc,phases   ] GC(73)   Evacuate Collection Set: 0.25ms
[2026-09-07T10:42:54.313+0900][5.623s][info][gc,phases   ] GC(73)   Post Evacuate Collection Set: 0.13ms
[2026-09-07T10:42:54.313+0900][5.623s][info][gc,phases   ] GC(73)   Other: 0.02ms
[2026-09-07T10:42:54.313+0900][5.623s][info][gc,heap     ] GC(73) Eden regions: 127->0(126)
[2026-09-07T10:42:54.313+0900][5.623s][info][gc,heap     ] GC(73) Survivor regions: 1->2(16)
[2026-09-07T10:42:54.313+0900][5.623s][info][gc,heap     ] GC(73) Old regions: 53->53
[2026-09-07T10:42:54.313+0900][5.623s][info][gc,heap     ] GC(73) Humongous regions: 1->1
[2026-09-07T10:42:54.313+0900][5.623s][info][gc,metaspace] GC(73) Metaspace: 23353K(23872K)->23353K(23872K) NonClass: 20534K(20800K)->20534K(20800K) Class: 2819K(3072K)->2819K(3072K)
[2026-09-07T10:42:54.313+0900][5.623s][info][gc          ] GC(73) Pause Young (Normal) (G1 Evacuation Pause) 361M->108M(428M) 0.572ms
[2026-09-07T10:42:54.313+0900][5.623s][info][gc,cpu      ] GC(73) User=0.00s Sys=0.01s Real=0.00s
[2026-09-07T10:42:54.313+0900][5.623s][info][safepoint   ] Safepoint "G1CollectForAllocation", Time since last: 96559791 ns, Reaching safepoint: 1334 ns, Cleanup: 875 ns, At safepoint: 582333 ns, Leaving safepoint: 1042 ns, Total: 585584 ns
[2026-09-07T10:42:54.410+0900][5.721s][info][gc,start    ] GC(74) Pause Young (Normal) (G1 Evacuation Pause)
[2026-09-07T10:42:54.410+0900][5.721s][info][gc,task     ] GC(74) Using 9 workers of 9 for evacuation
[2026-09-07T10:42:54.411+0900][5.721s][info][gc,phases   ] GC(74)   Pre Evacuate Collection Set: 0.07ms
[2026-09-07T10:42:54.411+0900][5.721s][info][gc,phases   ] GC(74)   Merge Heap Roots: 0.04ms
[2026-09-07T10:42:54.411+0900][5.721s][info][gc,phases   ] GC(74)   Evacuate Collection Set: 0.32ms
[2026-09-07T10:42:54.411+0900][5.721s][info][gc,phases   ] GC(74)   Post Evacuate Collection Set: 0.14ms
[2026-09-07T10:42:54.411+0900][5.721s][info][gc,phases   ] GC(74)   Other: 0.02ms
[2026-09-07T10:42:54.411+0900][5.721s][info][gc,heap     ] GC(74) Eden regions: 126->0(126)
[2026-09-07T10:42:54.411+0900][5.721s][info][gc,heap     ] GC(74) Survivor regions: 2->2(16)
[2026-09-07T10:42:54.411+0900][5.721s][info][gc,heap     ] GC(74) Old regions: 53->53
[2026-09-07T10:42:54.411+0900][5.721s][info][gc,heap     ] GC(74) Humongous regions: 1->1
[2026-09-07T10:42:54.411+0900][5.721s][info][gc,metaspace] GC(74) Metaspace: 23353K(23872K)->23353K(23872K) NonClass: 20534K(20800K)->20534K(20800K) Class: 2819K(3072K)->2819K(3072K)
[2026-09-07T10:42:54.411+0900][5.721s][info][gc          ] GC(74) Pause Young (Normal) (G1 Evacuation Pause) 360M->109M(428M) 0.670ms
[2026-09-07T10:42:54.411+0900][5.721s][info][gc,cpu      ] GC(74) User=0.00s Sys=0.00s Real=0.00s
[2026-09-07T10:42:54.411+0900][5.721s][info][safepoint   ] Safepoint "G1CollectForAllocation", Time since last: 97087625 ns, Reaching safepoint: 1625 ns, Cleanup: 916 ns, At safepoint: 684125 ns, Leaving safepoint: 1334 ns, Total: 688000 ns
[2026-09-07T10:42:54.509+0900][5.819s][info][gc,start    ] GC(75) Pause Young (Normal) (G1 Evacuation Pause)
[2026-09-07T10:42:54.509+0900][5.819s][info][gc,task     ] GC(75) Using 9 workers of 9 for evacuation
[2026-09-07T10:42:54.509+0900][5.820s][info][gc,phases   ] GC(75)   Pre Evacuate Collection Set: 0.08ms
[2026-09-07T10:42:54.509+0900][5.820s][info][gc,phases   ] GC(75)   Merge Heap Roots: 0.04ms
[2026-09-07T10:42:54.509+0900][5.820s][info][gc,phases   ] GC(75)   Evacuate Collection Set: 0.39ms
[2026-09-07T10:42:54.509+0900][5.820s][info][gc,phases   ] GC(75)   Post Evacuate Collection Set: 0.12ms
[2026-09-07T10:42:54.509+0900][5.820s][info][gc,phases   ] GC(75)   Other: 0.02ms
[2026-09-07T10:42:54.509+0900][5.820s][info][gc,heap     ] GC(75) Eden regions: 126->0(125)
[2026-09-07T10:42:54.509+0900][5.820s][info][gc,heap     ] GC(75) Survivor regions: 2->3(16)
[2026-09-07T10:42:54.509+0900][5.820s][info][gc,heap     ] GC(75) Old regions: 53->53
[2026-09-07T10:42:54.509+0900][5.820s][info][gc,heap     ] GC(75) Humongous regions: 1->1
[2026-09-07T10:42:54.509+0900][5.820s][info][gc,metaspace] GC(75) Metaspace: 23353K(23872K)->23353K(23872K) NonClass: 20534K(20800K)->20534K(20800K) Class: 2819K(3072K)->2819K(3072K)
[2026-09-07T10:42:54.509+0900][5.820s][info][gc          ] GC(75) Pause Young (Normal) (G1 Evacuation Pause) 361M->111M(428M) 0.733ms
[2026-09-07T10:42:54.509+0900][5.820s][info][gc,cpu      ] GC(75) User=0.00s Sys=0.00s Real=0.00s
[2026-09-07T10:42:54.510+0900][5.820s][info][safepoint   ] Safepoint "G1CollectForAllocation", Time since last: 97700625 ns, Reaching safepoint: 1208 ns, Cleanup: 917 ns, At safepoint: 749416 ns, Leaving safepoint: 1250 ns, Total: 752791 ns
[2026-09-07T10:42:54.603+0900][5.914s][info][gc,start    ] GC(76) Pause Young (Normal) (G1 Evacuation Pause)
[2026-09-07T10:42:54.603+0900][5.914s][info][gc,task     ] GC(76) Using 9 workers of 9 for evacuation
[2026-09-07T10:42:54.604+0900][5.914s][info][gc,phases   ] GC(76)   Pre Evacuate Collection Set: 0.08ms
[2026-09-07T10:42:54.604+0900][5.914s][info][gc,phases   ] GC(76)   Merge Heap Roots: 0.04ms
[2026-09-07T10:42:54.604+0900][5.914s][info][gc,phases   ] GC(76)   Evacuate Collection Set: 0.22ms
[2026-09-07T10:42:54.604+0900][5.914s][info][gc,phases   ] GC(76)   Post Evacuate Collection Set: 0.12ms
[2026-09-07T10:42:54.604+0900][5.914s][info][gc,phases   ] GC(76)   Other: 0.02ms
[2026-09-07T10:42:54.604+0900][5.914s][info][gc,heap     ] GC(76) Eden regions: 125->0(127)
[2026-09-07T10:42:54.604+0900][5.914s][info][gc,heap     ] GC(76) Survivor regions: 3->1(16)
[2026-09-07T10:42:54.604+0900][5.914s][info][gc,heap     ] GC(76) Old regions: 53->53
[2026-09-07T10:42:54.604+0900][5.914s][info][gc,heap     ] GC(76) Humongous regions: 1->1
[2026-09-07T10:42:54.604+0900][5.914s][info][gc,metaspace] GC(76) Metaspace: 23353K(23872K)->23353K(23872K) NonClass: 20534K(20800K)->20534K(20800K) Class: 2819K(3072K)->2819K(3072K)
[2026-09-07T10:42:54.604+0900][5.914s][info][gc          ] GC(76) Pause Young (Normal) (G1 Evacuation Pause) 361M->108M(428M) 0.556ms
[2026-09-07T10:42:54.604+0900][5.914s][info][gc,cpu      ] GC(76) User=0.00s Sys=0.00s Real=0.00s
[2026-09-07T10:42:54.604+0900][5.914s][info][safepoint   ] Safepoint "G1CollectForAllocation", Time since last: 93927084 ns, Reaching safepoint: 1000 ns, Cleanup: 2333 ns, At safepoint: 570750 ns, Leaving safepoint: 1625 ns, Total: 575708 ns
[2026-09-07T10:42:54.702+0900][6.012s][info][gc,start    ] GC(77) Pause Young (Normal) (G1 Evacuation Pause)
[2026-09-07T10:42:54.702+0900][6.012s][info][gc,task     ] GC(77) Using 9 workers of 9 for evacuation
[2026-09-07T10:42:54.702+0900][6.012s][info][gc,phases   ] GC(77)   Pre Evacuate Collection Set: 0.08ms
[2026-09-07T10:42:54.702+0900][6.012s][info][gc,phases   ] GC(77)   Merge Heap Roots: 0.02ms
[2026-09-07T10:42:54.702+0900][6.012s][info][gc,phases   ] GC(77)   Evacuate Collection Set: 0.28ms
[2026-09-07T10:42:54.702+0900][6.012s][info][gc,phases   ] GC(77)   Post Evacuate Collection Set: 0.11ms
[2026-09-07T10:42:54.702+0900][6.012s][info][gc,phases   ] GC(77)   Other: 0.02ms
[2026-09-07T10:42:54.702+0900][6.012s][info][gc,heap     ] GC(77) Eden regions: 127->0(126)
[2026-09-07T10:42:54.702+0900][6.012s][info][gc,heap     ] GC(77) Survivor regions: 1->2(16)
[2026-09-07T10:42:54.702+0900][6.012s][info][gc,heap     ] GC(77) Old regions: 53->53
[2026-09-07T10:42:54.702+0900][6.012s][info][gc,heap     ] GC(77) Humongous regions: 1->1
[2026-09-07T10:42:54.702+0900][6.012s][info][gc,metaspace] GC(77) Metaspace: 23353K(23872K)->23353K(23872K) NonClass: 20534K(20800K)->20534K(20800K) Class: 2819K(3072K)->2819K(3072K)
[2026-09-07T10:42:54.702+0900][6.012s][info][gc          ] GC(77) Pause Young (Normal) (G1 Evacuation Pause) 362M->109M(428M) 0.584ms
[2026-09-07T10:42:54.702+0900][6.012s][info][gc,cpu      ] GC(77) User=0.00s Sys=0.00s Real=0.00s
[2026-09-07T10:42:54.702+0900][6.012s][info][safepoint   ] Safepoint "G1CollectForAllocation", Time since last: 97534250 ns, Reaching safepoint: 833 ns, Cleanup: 667 ns, At safepoint: 600000 ns, Leaving safepoint: 1042 ns, Total: 602542 ns
[2026-09-07T10:42:54.798+0900][6.109s][info][gc,start    ] GC(78) Pause Young (Normal) (G1 Evacuation Pause)
[2026-09-07T10:42:54.798+0900][6.109s][info][gc,task     ] GC(78) Using 9 workers of 9 for evacuation
[2026-09-07T10:42:54.799+0900][6.109s][info][gc,phases   ] GC(78)   Pre Evacuate Collection Set: 0.08ms
[2026-09-07T10:42:54.799+0900][6.109s][info][gc,phases   ] GC(78)   Merge Heap Roots: 0.03ms
[2026-09-07T10:42:54.799+0900][6.109s][info][gc,phases   ] GC(78)   Evacuate Collection Set: 0.36ms
[2026-09-07T10:42:54.799+0900][6.109s][info][gc,phases   ] GC(78)   Post Evacuate Collection Set: 0.12ms
[2026-09-07T10:42:54.799+0900][6.109s][info][gc,phases   ] GC(78)   Other: 0.02ms
[2026-09-07T10:42:54.799+0900][6.109s][info][gc,heap     ] GC(78) Eden regions: 126->0(126)
[2026-09-07T10:42:54.799+0900][6.109s][info][gc,heap     ] GC(78) Survivor regions: 2->2(16)
[2026-09-07T10:42:54.799+0900][6.109s][info][gc,heap     ] GC(78) Old regions: 53->53
[2026-09-07T10:42:54.799+0900][6.109s][info][gc,heap     ] GC(78) Humongous regions: 1->1
[2026-09-07T10:42:54.799+0900][6.109s][info][gc,metaspace] GC(78) Metaspace: 23353K(23872K)->23353K(23872K) NonClass: 20534K(20800K)->20534K(20800K) Class: 2819K(3072K)->2819K(3072K)
[2026-09-07T10:42:54.799+0900][6.109s][info][gc          ] GC(78) Pause Young (Normal) (G1 Evacuation Pause) 361M->110M(428M) 0.686ms
[2026-09-07T10:42:54.799+0900][6.109s][info][gc,cpu      ] GC(78) User=0.00s Sys=0.00s Real=0.00s
[2026-09-07T10:42:54.799+0900][6.109s][info][safepoint   ] Safepoint "G1CollectForAllocation", Time since last: 96294333 ns, Reaching safepoint: 1625 ns, Cleanup: 1750 ns, At safepoint: 699542 ns, Leaving safepoint: 1125 ns, Total: 704042 ns
[2026-09-07T10:42:54.896+0900][6.206s][info][gc,start    ] GC(79) Pause Young (Normal) (G1 Evacuation Pause)
[2026-09-07T10:42:54.896+0900][6.206s][info][gc,task     ] GC(79) Using 9 workers of 9 for evacuation
[2026-09-07T10:42:54.896+0900][6.206s][info][gc,phases   ] GC(79)   Pre Evacuate Collection Set: 0.06ms
[2026-09-07T10:42:54.896+0900][6.206s][info][gc,phases   ] GC(79)   Merge Heap Roots: 0.04ms
[2026-09-07T10:42:54.896+0900][6.206s][info][gc,phases   ] GC(79)   Evacuate Collection Set: 0.23ms
[2026-09-07T10:42:54.896+0900][6.206s][info][gc,phases   ] GC(79)   Post Evacuate Collection Set: 0.11ms
[2026-09-07T10:42:54.896+0900][6.206s][info][gc,phases   ] GC(79)   Other: 0.02ms
[2026-09-07T10:42:54.896+0900][6.206s][info][gc,heap     ] GC(79) Eden regions: 126->0(127)
[2026-09-07T10:42:54.896+0900][6.206s][info][gc,heap     ] GC(79) Survivor regions: 2->1(16)
[2026-09-07T10:42:54.896+0900][6.206s][info][gc,heap     ] GC(79) Old regions: 53->53
[2026-09-07T10:42:54.896+0900][6.206s][info][gc,heap     ] GC(79) Humongous regions: 1->1
[2026-09-07T10:42:54.896+0900][6.206s][info][gc,metaspace] GC(79) Metaspace: 23353K(23872K)->23353K(23872K) NonClass: 20534K(20800K)->20534K(20800K) Class: 2819K(3072K)->2819K(3072K)
[2026-09-07T10:42:54.896+0900][6.206s][info][gc          ] GC(79) Pause Young (Normal) (G1 Evacuation Pause) 362M->108M(428M) 0.529ms
[2026-09-07T10:42:54.896+0900][6.206s][info][gc,cpu      ] GC(79) User=0.01s Sys=0.00s Real=0.00s
[2026-09-07T10:42:54.896+0900][6.206s][info][safepoint   ] Safepoint "G1CollectForAllocation", Time since last: 96506041 ns, Reaching safepoint: 1709 ns, Cleanup: 1541 ns, At safepoint: 544417 ns, Leaving safepoint: 958 ns, Total: 548625 ns
[2026-09-07T10:42:54.994+0900][6.304s][info][gc,start    ] GC(80) Pause Young (Normal) (G1 Evacuation Pause)
[2026-09-07T10:42:54.994+0900][6.304s][info][gc,task     ] GC(80) Using 9 workers of 9 for evacuation
[2026-09-07T10:42:54.994+0900][6.304s][info][gc,phases   ] GC(80)   Pre Evacuate Collection Set: 0.08ms
[2026-09-07T10:42:54.994+0900][6.304s][info][gc,phases   ] GC(80)   Merge Heap Roots: 0.03ms
[2026-09-07T10:42:54.994+0900][6.304s][info][gc,phases   ] GC(80)   Evacuate Collection Set: 0.30ms
[2026-09-07T10:42:54.994+0900][6.304s][info][gc,phases   ] GC(80)   Post Evacuate Collection Set: 0.12ms
[2026-09-07T10:42:54.994+0900][6.304s][info][gc,phases   ] GC(80)   Other: 0.02ms
[2026-09-07T10:42:54.994+0900][6.304s][info][gc,heap     ] GC(80) Eden regions: 127->0(126)
[2026-09-07T10:42:54.994+0900][6.304s][info][gc,heap     ] GC(80) Survivor regions: 1->2(16)
[2026-09-07T10:42:54.994+0900][6.304s][info][gc,heap     ] GC(80) Old regions: 53->53
[2026-09-07T10:42:54.994+0900][6.304s][info][gc,heap     ] GC(80) Humongous regions: 1->1
[2026-09-07T10:42:54.994+0900][6.304s][info][gc,metaspace] GC(80) Metaspace: 23353K(23872K)->23353K(23872K) NonClass: 20534K(20800K)->20534K(20800K) Class: 2819K(3072K)->2819K(3072K)
[2026-09-07T10:42:54.994+0900][6.304s][info][gc          ] GC(80) Pause Young (Normal) (G1 Evacuation Pause) 362M->109M(428M) 0.621ms
[2026-09-07T10:42:54.994+0900][6.304s][info][gc,cpu      ] GC(80) User=0.01s Sys=0.00s Real=0.00s
[2026-09-07T10:42:54.994+0900][6.304s][info][safepoint   ] Safepoint "G1CollectForAllocation", Time since last: 97328250 ns, Reaching safepoint: 1209 ns, Cleanup: 1083 ns, At safepoint: 634625 ns, Leaving safepoint: 1292 ns, Total: 638209 ns
[2026-09-07T10:42:55.089+0900][6.399s][info][gc,start    ] GC(81) Pause Young (Normal) (G1 Evacuation Pause)
[2026-09-07T10:42:55.089+0900][6.399s][info][gc,task     ] GC(81) Using 9 workers of 9 for evacuation
[2026-09-07T10:42:55.089+0900][6.400s][info][gc,phases   ] GC(81)   Pre Evacuate Collection Set: 0.07ms
[2026-09-07T10:42:55.090+0900][6.400s][info][gc,phases   ] GC(81)   Merge Heap Roots: 0.02ms
[2026-09-07T10:42:55.090+0900][6.400s][info][gc,phases   ] GC(81)   Evacuate Collection Set: 0.37ms
[2026-09-07T10:42:55.090+0900][6.400s][info][gc,phases   ] GC(81)   Post Evacuate Collection Set: 0.12ms
[2026-09-07T10:42:55.090+0900][6.400s][info][gc,phases   ] GC(81)   Other: 0.02ms
[2026-09-07T10:42:55.090+0900][6.400s][info][gc,heap     ] GC(81) Eden regions: 126->0(125)
[2026-09-07T10:42:55.090+0900][6.400s][info][gc,heap     ] GC(81) Survivor regions: 2->3(16)
[2026-09-07T10:42:55.090+0900][6.400s][info][gc,heap     ] GC(81) Old regions: 53->53
[2026-09-07T10:42:55.090+0900][6.400s][info][gc,heap     ] GC(81) Humongous regions: 1->1
[2026-09-07T10:42:55.090+0900][6.400s][info][gc,metaspace] GC(81) Metaspace: 23353K(23872K)->23353K(23872K) NonClass: 20534K(20800K)->20534K(20800K) Class: 2819K(3072K)->2819K(3072K)
[2026-09-07T10:42:55.090+0900][6.400s][info][gc          ] GC(81) Pause Young (Normal) (G1 Evacuation Pause) 361M->110M(428M) 0.662ms
[2026-09-07T10:42:55.090+0900][6.400s][info][gc,cpu      ] GC(81) User=0.00s Sys=0.00s Real=0.01s
[2026-09-07T10:42:55.090+0900][6.400s][info][safepoint   ] Safepoint "G1CollectForAllocation", Time since last: 94706416 ns, Reaching safepoint: 1584 ns, Cleanup: 1375 ns, At safepoint: 676000 ns, Leaving safepoint: 1208 ns, Total: 680167 ns
[2026-09-07T10:42:55.184+0900][6.494s][info][gc,start    ] GC(82) Pause Young (Normal) (G1 Evacuation Pause)
[2026-09-07T10:42:55.184+0900][6.494s][info][gc,task     ] GC(82) Using 9 workers of 9 for evacuation
[2026-09-07T10:42:55.185+0900][6.495s][info][gc,phases   ] GC(82)   Pre Evacuate Collection Set: 0.07ms
[2026-09-07T10:42:55.185+0900][6.495s][info][gc,phases   ] GC(82)   Merge Heap Roots: 0.04ms
[2026-09-07T10:42:55.185+0900][6.495s][info][gc,phases   ] GC(82)   Evacuate Collection Set: 0.18ms
[2026-09-07T10:42:55.185+0900][6.495s][info][gc,phases   ] GC(82)   Post Evacuate Collection Set: 0.13ms
[2026-09-07T10:42:55.185+0900][6.495s][info][gc,phases   ] GC(82)   Other: 0.02ms
[2026-09-07T10:42:55.185+0900][6.495s][info][gc,heap     ] GC(82) Eden regions: 125->0(127)
[2026-09-07T10:42:55.185+0900][6.495s][info][gc,heap     ] GC(82) Survivor regions: 3->1(16)
[2026-09-07T10:42:55.185+0900][6.495s][info][gc,heap     ] GC(82) Old regions: 53->53
[2026-09-07T10:42:55.185+0900][6.495s][info][gc,heap     ] GC(82) Humongous regions: 1->1
[2026-09-07T10:42:55.185+0900][6.495s][info][gc,metaspace] GC(82) Metaspace: 23354K(23872K)->23354K(23872K) NonClass: 20535K(20800K)->20535K(20800K) Class: 2819K(3072K)->2819K(3072K)
[2026-09-07T10:42:55.185+0900][6.495s][info][gc          ] GC(82) Pause Young (Normal) (G1 Evacuation Pause) 360M->108M(428M) 0.517ms
[2026-09-07T10:42:55.185+0900][6.495s][info][gc,cpu      ] GC(82) User=0.00s Sys=0.00s Real=0.00s
[2026-09-07T10:42:55.185+0900][6.495s][info][safepoint   ] Safepoint "G1CollectForAllocation", Time since last: 94487875 ns, Reaching safepoint: 958 ns, Cleanup: 1709 ns, At safepoint: 530791 ns, Leaving safepoint: 1417 ns, Total: 534875 ns
[2026-09-07T10:42:55.281+0900][6.592s][info][gc,start    ] GC(83) Pause Young (Normal) (G1 Evacuation Pause)
[2026-09-07T10:42:55.281+0900][6.592s][info][gc,task     ] GC(83) Using 9 workers of 9 for evacuation
[2026-09-07T10:42:55.282+0900][6.592s][info][gc,phases   ] GC(83)   Pre Evacuate Collection Set: 0.07ms
[2026-09-07T10:42:55.282+0900][6.592s][info][gc,phases   ] GC(83)   Merge Heap Roots: 0.02ms
[2026-09-07T10:42:55.282+0900][6.592s][info][gc,phases   ] GC(83)   Evacuate Collection Set: 0.30ms
[2026-09-07T10:42:55.282+0900][6.592s][info][gc,phases   ] GC(83)   Post Evacuate Collection Set: 0.12ms
[2026-09-07T10:42:55.282+0900][6.592s][info][gc,phases   ] GC(83)   Other: 0.02ms
[2026-09-07T10:42:55.282+0900][6.592s][info][gc,heap     ] GC(83) Eden regions: 127->0(126)
[2026-09-07T10:42:55.282+0900][6.592s][info][gc,heap     ] GC(83) Survivor regions: 1->2(16)
[2026-09-07T10:42:55.282+0900][6.592s][info][gc,heap     ] GC(83) Old regions: 53->53
[2026-09-07T10:42:55.282+0900][6.592s][info][gc,heap     ] GC(83) Humongous regions: 1->1
[2026-09-07T10:42:55.282+0900][6.592s][info][gc,metaspace] GC(83) Metaspace: 23354K(23872K)->23354K(23872K) NonClass: 20535K(20800K)->20535K(20800K) Class: 2819K(3072K)->2819K(3072K)
[2026-09-07T10:42:55.282+0900][6.592s][info][gc          ] GC(83) Pause Young (Normal) (G1 Evacuation Pause) 362M->109M(428M) 0.603ms
[2026-09-07T10:42:55.282+0900][6.592s][info][gc,cpu      ] GC(83) User=0.00s Sys=0.00s Real=0.00s
[2026-09-07T10:42:55.282+0900][6.592s][info][safepoint   ] Safepoint "G1CollectForAllocation", Time since last: 96766958 ns, Reaching safepoint: 1000 ns, Cleanup: 625 ns, At safepoint: 616709 ns, Leaving safepoint: 1250 ns, Total: 619584 ns
[2026-09-07T10:42:55.379+0900][6.689s][info][gc,start    ] GC(84) Pause Young (Normal) (G1 Evacuation Pause)
[2026-09-07T10:42:55.379+0900][6.689s][info][gc,task     ] GC(84) Using 9 workers of 9 for evacuation
[2026-09-07T10:42:55.379+0900][6.690s][info][gc,phases   ] GC(84)   Pre Evacuate Collection Set: 0.07ms
[2026-09-07T10:42:55.379+0900][6.690s][info][gc,phases   ] GC(84)   Merge Heap Roots: 0.03ms
[2026-09-07T10:42:55.379+0900][6.690s][info][gc,phases   ] GC(84)   Evacuate Collection Set: 0.36ms
[2026-09-07T10:42:55.379+0900][6.690s][info][gc,phases   ] GC(84)   Post Evacuate Collection Set: 0.12ms
[2026-09-07T10:42:55.379+0900][6.690s][info][gc,phases   ] GC(84)   Other: 0.02ms
[2026-09-07T10:42:55.379+0900][6.690s][info][gc,heap     ] GC(84) Eden regions: 126->0(126)
[2026-09-07T10:42:55.379+0900][6.690s][info][gc,heap     ] GC(84) Survivor regions: 2->2(16)
[2026-09-07T10:42:55.379+0900][6.690s][info][gc,heap     ] GC(84) Old regions: 53->53
[2026-09-07T10:42:55.379+0900][6.690s][info][gc,heap     ] GC(84) Humongous regions: 1->1
[2026-09-07T10:42:55.379+0900][6.690s][info][gc,metaspace] GC(84) Metaspace: 23354K(23872K)->23354K(23872K) NonClass: 20535K(20800K)->20535K(20800K) Class: 2819K(3072K)->2819K(3072K)
[2026-09-07T10:42:55.379+0900][6.690s][info][gc          ] GC(84) Pause Young (Normal) (G1 Evacuation Pause) 361M->110M(428M) 0.667ms
[2026-09-07T10:42:55.379+0900][6.690s][info][gc,cpu      ] GC(84) User=0.00s Sys=0.00s Real=0.00s
[2026-09-07T10:42:55.379+0900][6.690s][info][safepoint   ] Safepoint "G1CollectForAllocation", Time since last: 96745375 ns, Reaching safepoint: 1375 ns, Cleanup: 625 ns, At safepoint: 680250 ns, Leaving safepoint: 958 ns, Total: 683208 ns
[2026-09-07T10:42:55.475+0900][6.786s][info][gc,start    ] GC(85) Pause Young (Normal) (G1 Evacuation Pause)
[2026-09-07T10:42:55.476+0900][6.786s][info][gc,task     ] GC(85) Using 9 workers of 9 for evacuation
[2026-09-07T10:42:55.476+0900][6.786s][info][gc,phases   ] GC(85)   Pre Evacuate Collection Set: 0.06ms
[2026-09-07T10:42:55.476+0900][6.786s][info][gc,phases   ] GC(85)   Merge Heap Roots: 0.04ms
[2026-09-07T10:42:55.476+0900][6.786s][info][gc,phases   ] GC(85)   Evacuate Collection Set: 0.18ms
[2026-09-07T10:42:55.476+0900][6.786s][info][gc,phases   ] GC(85)   Post Evacuate Collection Set: 0.13ms
[2026-09-07T10:42:55.476+0900][6.786s][info][gc,phases   ] GC(85)   Other: 0.02ms
[2026-09-07T10:42:55.476+0900][6.786s][info][gc,heap     ] GC(85) Eden regions: 126->0(127)
[2026-09-07T10:42:55.476+0900][6.786s][info][gc,heap     ] GC(85) Survivor regions: 2->1(16)
[2026-09-07T10:42:55.476+0900][6.786s][info][gc,heap     ] GC(85) Old regions: 53->53
[2026-09-07T10:42:55.476+0900][6.786s][info][gc,heap     ] GC(85) Humongous regions: 1->1
[2026-09-07T10:42:55.476+0900][6.786s][info][gc,metaspace] GC(85) Metaspace: 23354K(23872K)->23354K(23872K) NonClass: 20535K(20800K)->20535K(20800K) Class: 2819K(3072K)->2819K(3072K)
[2026-09-07T10:42:55.476+0900][6.786s][info][gc          ] GC(85) Pause Young (Normal) (G1 Evacuation Pause) 362M->108M(428M) 0.509ms
[2026-09-07T10:42:55.476+0900][6.786s][info][gc,cpu      ] GC(85) User=0.00s Sys=0.01s Real=0.00s
[2026-09-07T10:42:55.476+0900][6.786s][info][safepoint   ] Safepoint "G1CollectForAllocation", Time since last: 96093000 ns, Reaching safepoint: 1083 ns, Cleanup: 875 ns, At safepoint: 524292 ns, Leaving safepoint: 1208 ns, Total: 527458 ns
[2026-09-07T10:42:55.574+0900][6.885s][info][gc,start    ] GC(86) Pause Young (Normal) (G1 Evacuation Pause)
[2026-09-07T10:42:55.574+0900][6.885s][info][gc,task     ] GC(86) Using 9 workers of 9 for evacuation
[2026-09-07T10:42:55.575+0900][6.885s][info][gc,phases   ] GC(86)   Pre Evacuate Collection Set: 0.07ms
[2026-09-07T10:42:55.575+0900][6.885s][info][gc,phases   ] GC(86)   Merge Heap Roots: 0.02ms
[2026-09-07T10:42:55.575+0900][6.885s][info][gc,phases   ] GC(86)   Evacuate Collection Set: 0.28ms
[2026-09-07T10:42:55.575+0900][6.885s][info][gc,phases   ] GC(86)   Post Evacuate Collection Set: 0.12ms
[2026-09-07T10:42:55.575+0900][6.885s][info][gc,phases   ] GC(86)   Other: 0.02ms
[2026-09-07T10:42:55.575+0900][6.885s][info][gc,heap     ] GC(86) Eden regions: 127->0(126)
[2026-09-07T10:42:55.575+0900][6.885s][info][gc,heap     ] GC(86) Survivor regions: 1->2(16)
[2026-09-07T10:42:55.575+0900][6.885s][info][gc,heap     ] GC(86) Old regions: 53->53
[2026-09-07T10:42:55.575+0900][6.885s][info][gc,heap     ] GC(86) Humongous regions: 1->1
[2026-09-07T10:42:55.575+0900][6.885s][info][gc,metaspace] GC(86) Metaspace: 23354K(23872K)->23354K(23872K) NonClass: 20535K(20800K)->20535K(20800K) Class: 2819K(3072K)->2819K(3072K)
[2026-09-07T10:42:55.575+0900][6.885s][info][gc          ] GC(86) Pause Young (Normal) (G1 Evacuation Pause) 362M->109M(428M) 0.581ms
[2026-09-07T10:42:55.575+0900][6.885s][info][gc,cpu      ] GC(86) User=0.00s Sys=0.00s Real=0.00s
[2026-09-07T10:42:55.575+0900][6.885s][info][safepoint   ] Safepoint "G1CollectForAllocation", Time since last: 98339000 ns, Reaching safepoint: 1209 ns, Cleanup: 1083 ns, At safepoint: 594417 ns, Leaving safepoint: 1250 ns, Total: 597959 ns
[2026-09-07T10:42:55.673+0900][6.983s][info][gc,start    ] GC(87) Pause Young (Normal) (G1 Evacuation Pause)
[2026-09-07T10:42:55.673+0900][6.983s][info][gc,task     ] GC(87) Using 9 workers of 9 for evacuation
[2026-09-07T10:42:55.673+0900][6.984s][info][gc,phases   ] GC(87)   Pre Evacuate Collection Set: 0.08ms
[2026-09-07T10:42:55.673+0900][6.984s][info][gc,phases   ] GC(87)   Merge Heap Roots: 0.03ms
[2026-09-07T10:42:55.673+0900][6.984s][info][gc,phases   ] GC(87)   Evacuate Collection Set: 0.34ms
[2026-09-07T10:42:55.673+0900][6.984s][info][gc,phases   ] GC(87)   Post Evacuate Collection Set: 0.11ms
[2026-09-07T10:42:55.673+0900][6.984s][info][gc,phases   ] GC(87)   Other: 0.02ms
[2026-09-07T10:42:55.673+0900][6.984s][info][gc,heap     ] GC(87) Eden regions: 126->0(126)
[2026-09-07T10:42:55.673+0900][6.984s][info][gc,heap     ] GC(87) Survivor regions: 2->2(16)
[2026-09-07T10:42:55.673+0900][6.984s][info][gc,heap     ] GC(87) Old regions: 53->53
[2026-09-07T10:42:55.673+0900][6.984s][info][gc,heap     ] GC(87) Humongous regions: 1->1
[2026-09-07T10:42:55.673+0900][6.984s][info][gc,metaspace] GC(87) Metaspace: 23354K(23872K)->23354K(23872K) NonClass: 20535K(20800K)->20535K(20800K) Class: 2819K(3072K)->2819K(3072K)
[2026-09-07T10:42:55.673+0900][6.984s][info][gc          ] GC(87) Pause Young (Normal) (G1 Evacuation Pause) 361M->110M(428M) 0.663ms
[2026-09-07T10:42:55.673+0900][6.984s][info][gc,cpu      ] GC(87) User=0.00s Sys=0.00s Real=0.00s
[2026-09-07T10:42:55.673+0900][6.984s][info][safepoint   ] Safepoint "G1CollectForAllocation", Time since last: 97844708 ns, Reaching safepoint: 1250 ns, Cleanup: 1167 ns, At safepoint: 675458 ns, Leaving safepoint: 1000 ns, Total: 678875 ns
[2026-09-07T10:42:55.770+0900][7.080s][info][gc,start    ] GC(88) Pause Young (Normal) (G1 Evacuation Pause)
[2026-09-07T10:42:55.770+0900][7.080s][info][gc,task     ] GC(88) Using 9 workers of 9 for evacuation
[2026-09-07T10:42:55.770+0900][7.080s][info][gc,phases   ] GC(88)   Pre Evacuate Collection Set: 0.06ms
[2026-09-07T10:42:55.770+0900][7.080s][info][gc,phases   ] GC(88)   Merge Heap Roots: 0.06ms
[2026-09-07T10:42:55.770+0900][7.080s][info][gc,phases   ] GC(88)   Evacuate Collection Set: 0.18ms
[2026-09-07T10:42:55.770+0900][7.080s][info][gc,phases   ] GC(88)   Post Evacuate Collection Set: 0.13ms
[2026-09-07T10:42:55.770+0900][7.080s][info][gc,phases   ] GC(88)   Other: 0.02ms
[2026-09-07T10:42:55.770+0900][7.080s][info][gc,heap     ] GC(88) Eden regions: 126->0(127)
[2026-09-07T10:42:55.770+0900][7.080s][info][gc,heap     ] GC(88) Survivor regions: 2->1(16)
[2026-09-07T10:42:55.770+0900][7.080s][info][gc,heap     ] GC(88) Old regions: 53->53
[2026-09-07T10:42:55.770+0900][7.080s][info][gc,heap     ] GC(88) Humongous regions: 1->1
[2026-09-07T10:42:55.770+0900][7.080s][info][gc,metaspace] GC(88) Metaspace: 23354K(23872K)->23354K(23872K) NonClass: 20535K(20800K)->20535K(20800K) Class: 2819K(3072K)->2819K(3072K)
[2026-09-07T10:42:55.770+0900][7.081s][info][gc          ] GC(88) Pause Young (Normal) (G1 Evacuation Pause) 362M->108M(428M) 0.519ms
[2026-09-07T10:42:55.770+0900][7.081s][info][gc,cpu      ] GC(88) User=0.00s Sys=0.00s Real=0.00s
[2026-09-07T10:42:55.770+0900][7.081s][info][safepoint   ] Safepoint "G1CollectForAllocation", Time since last: 96284333 ns, Reaching safepoint: 917 ns, Cleanup: 958 ns, At safepoint: 534417 ns, Leaving safepoint: 1042 ns, Total: 537334 ns
[2026-09-07T10:42:55.867+0900][7.177s][info][gc,start    ] GC(89) Pause Young (Normal) (G1 Evacuation Pause)
[2026-09-07T10:42:55.867+0900][7.177s][info][gc,task     ] GC(89) Using 9 workers of 9 for evacuation
[2026-09-07T10:42:55.867+0900][7.177s][info][gc,phases   ] GC(89)   Pre Evacuate Collection Set: 0.08ms
[2026-09-07T10:42:55.867+0900][7.177s][info][gc,phases   ] GC(89)   Merge Heap Roots: 0.03ms
[2026-09-07T10:42:55.867+0900][7.177s][info][gc,phases   ] GC(89)   Evacuate Collection Set: 0.29ms
[2026-09-07T10:42:55.867+0900][7.177s][info][gc,phases   ] GC(89)   Post Evacuate Collection Set: 0.12ms
[2026-09-07T10:42:55.867+0900][7.177s][info][gc,phases   ] GC(89)   Other: 0.02ms
[2026-09-07T10:42:55.867+0900][7.177s][info][gc,heap     ] GC(89) Eden regions: 127->0(126)
[2026-09-07T10:42:55.867+0900][7.177s][info][gc,heap     ] GC(89) Survivor regions: 1->2(16)
[2026-09-07T10:42:55.867+0900][7.177s][info][gc,heap     ] GC(89) Old regions: 53->53
[2026-09-07T10:42:55.867+0900][7.177s][info][gc,heap     ] GC(89) Humongous regions: 1->1
[2026-09-07T10:42:55.867+0900][7.177s][info][gc,metaspace] GC(89) Metaspace: 23354K(23872K)->23354K(23872K) NonClass: 20535K(20800K)->20535K(20800K) Class: 2819K(3072K)->2819K(3072K)
[2026-09-07T10:42:55.867+0900][7.177s][info][gc          ] GC(89) Pause Young (Normal) (G1 Evacuation Pause) 362M->109M(428M) 0.615ms
[2026-09-07T10:42:55.867+0900][7.177s][info][gc,cpu      ] GC(89) User=0.01s Sys=0.00s Real=0.00s
[2026-09-07T10:42:55.867+0900][7.177s][info][safepoint   ] Safepoint "G1CollectForAllocation", Time since last: 96238958 ns, Reaching safepoint: 1208 ns, Cleanup: 1042 ns, At safepoint: 629250 ns, Leaving safepoint: 1167 ns, Total: 632667 ns
[2026-09-07T10:42:55.965+0900][7.275s][info][gc,start    ] GC(90) Pause Young (Normal) (G1 Evacuation Pause)
[2026-09-07T10:42:55.965+0900][7.275s][info][gc,task     ] GC(90) Using 9 workers of 9 for evacuation
[2026-09-07T10:42:55.965+0900][7.276s][info][gc,phases   ] GC(90)   Pre Evacuate Collection Set: 0.06ms
[2026-09-07T10:42:55.965+0900][7.276s][info][gc,phases   ] GC(90)   Merge Heap Roots: 0.03ms
[2026-09-07T10:42:55.965+0900][7.276s][info][gc,phases   ] GC(90)   Evacuate Collection Set: 0.37ms
[2026-09-07T10:42:55.965+0900][7.276s][info][gc,phases   ] GC(90)   Post Evacuate Collection Set: 0.12ms
[2026-09-07T10:42:55.965+0900][7.276s][info][gc,phases   ] GC(90)   Other: 0.02ms
[2026-09-07T10:42:55.965+0900][7.276s][info][gc,heap     ] GC(90) Eden regions: 126->0(126)
[2026-09-07T10:42:55.965+0900][7.276s][info][gc,heap     ] GC(90) Survivor regions: 2->2(16)
[2026-09-07T10:42:55.965+0900][7.276s][info][gc,heap     ] GC(90) Old regions: 53->53
[2026-09-07T10:42:55.965+0900][7.276s][info][gc,heap     ] GC(90) Humongous regions: 1->1
[2026-09-07T10:42:55.965+0900][7.276s][info][gc,metaspace] GC(90) Metaspace: 23354K(23872K)->23354K(23872K) NonClass: 20535K(20800K)->20535K(20800K) Class: 2819K(3072K)->2819K(3072K)
[2026-09-07T10:42:55.965+0900][7.276s][info][gc          ] GC(90) Pause Young (Normal) (G1 Evacuation Pause) 361M->110M(428M) 0.674ms
[2026-09-07T10:42:55.965+0900][7.276s][info][gc,cpu      ] GC(90) User=0.01s Sys=0.00s Real=0.00s
[2026-09-07T10:42:55.965+0900][7.276s][info][safepoint   ] Safepoint "G1CollectForAllocation", Time since last: 97514250 ns, Reaching safepoint: 1250 ns, Cleanup: 666 ns, At safepoint: 689000 ns, Leaving safepoint: 1209 ns, Total: 692125 ns
[2026-09-07T10:42:56.062+0900][7.372s][info][gc,start    ] GC(91) Pause Young (Normal) (G1 Evacuation Pause)
[2026-09-07T10:42:56.062+0900][7.372s][info][gc,task     ] GC(91) Using 9 workers of 9 for evacuation
[2026-09-07T10:42:56.063+0900][7.373s][info][gc,phases   ] GC(91)   Pre Evacuate Collection Set: 0.10ms
[2026-09-07T10:42:56.063+0900][7.373s][info][gc,phases   ] GC(91)   Merge Heap Roots: 0.03ms
[2026-09-07T10:42:56.063+0900][7.373s][info][gc,phases   ] GC(91)   Evacuate Collection Set: 0.18ms
[2026-09-07T10:42:56.063+0900][7.373s][info][gc,phases   ] GC(91)   Post Evacuate Collection Set: 0.11ms
[2026-09-07T10:42:56.063+0900][7.373s][info][gc,phases   ] GC(91)   Other: 0.02ms
[2026-09-07T10:42:56.063+0900][7.373s][info][gc,heap     ] GC(91) Eden regions: 126->0(127)
[2026-09-07T10:42:56.063+0900][7.373s][info][gc,heap     ] GC(91) Survivor regions: 2->1(16)
[2026-09-07T10:42:56.063+0900][7.373s][info][gc,heap     ] GC(91) Old regions: 53->53
[2026-09-07T10:42:56.063+0900][7.373s][info][gc,heap     ] GC(91) Humongous regions: 1->1
[2026-09-07T10:42:56.063+0900][7.373s][info][gc,metaspace] GC(91) Metaspace: 23354K(23872K)->23354K(23872K) NonClass: 20535K(20800K)->20535K(20800K) Class: 2819K(3072K)->2819K(3072K)
[2026-09-07T10:42:56.063+0900][7.373s][info][gc          ] GC(91) Pause Young (Normal) (G1 Evacuation Pause) 362M->107M(428M) 0.504ms
[2026-09-07T10:42:56.063+0900][7.373s][info][gc,cpu      ] GC(91) User=0.00s Sys=0.00s Real=0.00s
[2026-09-07T10:42:56.063+0900][7.373s][info][safepoint   ] Safepoint "G1CollectForAllocation", Time since last: 96760875 ns, Reaching safepoint: 1083 ns, Cleanup: 1083 ns, At safepoint: 519834 ns, Leaving safepoint: 1000 ns, Total: 523000 ns
[2026-09-07T10:42:56.158+0900][7.469s][info][gc,start    ] GC(92) Pause Young (Normal) (G1 Evacuation Pause)
[2026-09-07T10:42:56.158+0900][7.469s][info][gc,task     ] GC(92) Using 9 workers of 9 for evacuation
[2026-09-07T10:42:56.159+0900][7.469s][info][gc,phases   ] GC(92)   Pre Evacuate Collection Set: 0.07ms
[2026-09-07T10:42:56.159+0900][7.469s][info][gc,phases   ] GC(92)   Merge Heap Roots: 0.04ms
[2026-09-07T10:42:56.159+0900][7.469s][info][gc,phases   ] GC(92)   Evacuate Collection Set: 0.26ms
[2026-09-07T10:42:56.159+0900][7.469s][info][gc,phases   ] GC(92)   Post Evacuate Collection Set: 0.12ms
[2026-09-07T10:42:56.159+0900][7.469s][info][gc,phases   ] GC(92)   Other: 0.02ms
[2026-09-07T10:42:56.159+0900][7.469s][info][gc,heap     ] GC(92) Eden regions: 127->0(126)
[2026-09-07T10:42:56.159+0900][7.469s][info][gc,heap     ] GC(92) Survivor regions: 1->2(16)
[2026-09-07T10:42:56.159+0900][7.469s][info][gc,heap     ] GC(92) Old regions: 53->53
[2026-09-07T10:42:56.159+0900][7.469s][info][gc,heap     ] GC(92) Humongous regions: 1->1
[2026-09-07T10:42:56.159+0900][7.469s][info][gc,metaspace] GC(92) Metaspace: 23354K(23872K)->23354K(23872K) NonClass: 20535K(20800K)->20535K(20800K) Class: 2819K(3072K)->2819K(3072K)
[2026-09-07T10:42:56.159+0900][7.469s][info][gc          ] GC(92) Pause Young (Normal) (G1 Evacuation Pause) 361M->109M(428M) 0.583ms
[2026-09-07T10:42:56.159+0900][7.469s][info][gc,cpu      ] GC(92) User=0.00s Sys=0.00s Real=0.00s
[2026-09-07T10:42:56.159+0900][7.469s][info][safepoint   ] Safepoint "G1CollectForAllocation", Time since last: 95760041 ns, Reaching safepoint: 1125 ns, Cleanup: 1209 ns, At safepoint: 596291 ns, Leaving safepoint: 1417 ns, Total: 600042 ns
[2026-09-07T10:42:56.255+0900][7.566s][info][gc,start    ] GC(93) Pause Young (Normal) (G1 Evacuation Pause)
[2026-09-07T10:42:56.255+0900][7.566s][info][gc,task     ] GC(93) Using 9 workers of 9 for evacuation
[2026-09-07T10:42:56.256+0900][7.566s][info][gc,phases   ] GC(93)   Pre Evacuate Collection Set: 0.08ms
[2026-09-07T10:42:56.256+0900][7.566s][info][gc,phases   ] GC(93)   Merge Heap Roots: 0.03ms
[2026-09-07T10:42:56.256+0900][7.566s][info][gc,phases   ] GC(93)   Evacuate Collection Set: 0.35ms
[2026-09-07T10:42:56.256+0900][7.566s][info][gc,phases   ] GC(93)   Post Evacuate Collection Set: 0.12ms
[2026-09-07T10:42:56.256+0900][7.566s][info][gc,phases   ] GC(93)   Other: 0.02ms
[2026-09-07T10:42:56.256+0900][7.566s][info][gc,heap     ] GC(93) Eden regions: 126->0(126)
[2026-09-07T10:42:56.256+0900][7.566s][info][gc,heap     ] GC(93) Survivor regions: 2->2(16)
[2026-09-07T10:42:56.256+0900][7.566s][info][gc,heap     ] GC(93) Old regions: 53->53
[2026-09-07T10:42:56.256+0900][7.566s][info][gc,heap     ] GC(93) Humongous regions: 1->1
[2026-09-07T10:42:56.256+0900][7.566s][info][gc,metaspace] GC(93) Metaspace: 23354K(23872K)->23354K(23872K) NonClass: 20535K(20800K)->20535K(20800K) Class: 2819K(3072K)->2819K(3072K)
[2026-09-07T10:42:56.256+0900][7.566s][info][gc          ] GC(93) Pause Young (Normal) (G1 Evacuation Pause) 361M->110M(428M) 0.668ms
[2026-09-07T10:42:56.256+0900][7.566s][info][gc,cpu      ] GC(93) User=0.00s Sys=0.00s Real=0.00s
[2026-09-07T10:42:56.256+0900][7.566s][info][safepoint   ] Safepoint "G1CollectForAllocation", Time since last: 96304625 ns, Reaching safepoint: 1083 ns, Cleanup: 1042 ns, At safepoint: 680917 ns, Leaving safepoint: 1250 ns, Total: 684292 ns
[2026-09-07T10:42:56.352+0900][7.662s][info][gc,start    ] GC(94) Pause Young (Normal) (G1 Evacuation Pause)
[2026-09-07T10:42:56.352+0900][7.662s][info][gc,task     ] GC(94) Using 9 workers of 9 for evacuation
[2026-09-07T10:42:56.353+0900][7.663s][info][gc,phases   ] GC(94)   Pre Evacuate Collection Set: 0.05ms
[2026-09-07T10:42:56.353+0900][7.663s][info][gc,phases   ] GC(94)   Merge Heap Roots: 0.04ms
[2026-09-07T10:42:56.353+0900][7.663s][info][gc,phases   ] GC(94)   Evacuate Collection Set: 0.19ms
[2026-09-07T10:42:56.353+0900][7.663s][info][gc,phases   ] GC(94)   Post Evacuate Collection Set: 0.12ms
[2026-09-07T10:42:56.353+0900][7.663s][info][gc,phases   ] GC(94)   Other: 0.02ms
[2026-09-07T10:42:56.353+0900][7.663s][info][gc,heap     ] GC(94) Eden regions: 126->0(127)
[2026-09-07T10:42:56.353+0900][7.663s][info][gc,heap     ] GC(94) Survivor regions: 2->1(16)
[2026-09-07T10:42:56.353+0900][7.663s][info][gc,heap     ] GC(94) Old regions: 53->53
[2026-09-07T10:42:56.353+0900][7.663s][info][gc,heap     ] GC(94) Humongous regions: 1->1
[2026-09-07T10:42:56.353+0900][7.663s][info][gc,metaspace] GC(94) Metaspace: 23354K(23872K)->23354K(23872K) NonClass: 20535K(20800K)->20535K(20800K) Class: 2819K(3072K)->2819K(3072K)
[2026-09-07T10:42:56.353+0900][7.663s][info][gc          ] GC(94) Pause Young (Normal) (G1 Evacuation Pause) 362M->108M(428M) 0.476ms
[2026-09-07T10:42:56.353+0900][7.663s][info][gc,cpu      ] GC(94) User=0.00s Sys=0.00s Real=0.00s
[2026-09-07T10:42:56.353+0900][7.663s][info][safepoint   ] Safepoint "G1CollectForAllocation", Time since last: 96072375 ns, Reaching safepoint: 1166 ns, Cleanup: 1292 ns, At safepoint: 487250 ns, Leaving safepoint: 1333 ns, Total: 491041 ns
[2026-09-07T10:42:56.451+0900][7.761s][info][gc,start    ] GC(95) Pause Young (Normal) (G1 Evacuation Pause)
[2026-09-07T10:42:56.451+0900][7.761s][info][gc,task     ] GC(95) Using 9 workers of 9 for evacuation
[2026-09-07T10:42:56.452+0900][7.762s][info][gc,phases   ] GC(95)   Pre Evacuate Collection Set: 0.07ms
[2026-09-07T10:42:56.452+0900][7.762s][info][gc,phases   ] GC(95)   Merge Heap Roots: 0.02ms
[2026-09-07T10:42:56.452+0900][7.762s][info][gc,phases   ] GC(95)   Evacuate Collection Set: 0.25ms
[2026-09-07T10:42:56.452+0900][7.762s][info][gc,phases   ] GC(95)   Post Evacuate Collection Set: 0.13ms
[2026-09-07T10:42:56.452+0900][7.762s][info][gc,phases   ] GC(95)   Other: 0.02ms
[2026-09-07T10:42:56.452+0900][7.762s][info][gc,heap     ] GC(95) Eden regions: 127->0(126)
[2026-09-07T10:42:56.452+0900][7.762s][info][gc,heap     ] GC(95) Survivor regions: 1->2(16)
[2026-09-07T10:42:56.452+0900][7.762s][info][gc,heap     ] GC(95) Old regions: 53->53
[2026-09-07T10:42:56.452+0900][7.762s][info][gc,heap     ] GC(95) Humongous regions: 1->1
[2026-09-07T10:42:56.452+0900][7.762s][info][gc,metaspace] GC(95) Metaspace: 23354K(23872K)->23354K(23872K) NonClass: 20535K(20800K)->20535K(20800K) Class: 2819K(3072K)->2819K(3072K)
[2026-09-07T10:42:56.452+0900][7.762s][info][gc          ] GC(95) Pause Young (Normal) (G1 Evacuation Pause) 362M->109M(428M) 0.571ms
[2026-09-07T10:42:56.452+0900][7.762s][info][gc,cpu      ] GC(95) User=0.00s Sys=0.00s Real=0.00s
[2026-09-07T10:42:56.452+0900][7.762s][info][safepoint   ] Safepoint "G1CollectForAllocation", Time since last: 98467250 ns, Reaching safepoint: 1209 ns, Cleanup: 833 ns, At safepoint: 587042 ns, Leaving safepoint: 1208 ns, Total: 590292 ns
[2026-09-07T10:42:56.547+0900][7.857s][info][gc,start    ] GC(96) Pause Young (Normal) (G1 Evacuation Pause)
[2026-09-07T10:42:56.547+0900][7.857s][info][gc,task     ] GC(96) Using 9 workers of 9 for evacuation
[2026-09-07T10:42:56.548+0900][7.858s][info][gc,phases   ] GC(96)   Pre Evacuate Collection Set: 0.07ms
[2026-09-07T10:42:56.548+0900][7.858s][info][gc,phases   ] GC(96)   Merge Heap Roots: 0.03ms
[2026-09-07T10:42:56.548+0900][7.858s][info][gc,phases   ] GC(96)   Evacuate Collection Set: 0.34ms
[2026-09-07T10:42:56.548+0900][7.858s][info][gc,phases   ] GC(96)   Post Evacuate Collection Set: 0.11ms
[2026-09-07T10:42:56.548+0900][7.858s][info][gc,phases   ] GC(96)   Other: 0.02ms
[2026-09-07T10:42:56.548+0900][7.858s][info][gc,heap     ] GC(96) Eden regions: 126->0(126)
[2026-09-07T10:42:56.548+0900][7.858s][info][gc,heap     ] GC(96) Survivor regions: 2->2(16)
[2026-09-07T10:42:56.548+0900][7.858s][info][gc,heap     ] GC(96) Old regions: 53->53
[2026-09-07T10:42:56.548+0900][7.858s][info][gc,heap     ] GC(96) Humongous regions: 1->1
[2026-09-07T10:42:56.548+0900][7.858s][info][gc,metaspace] GC(96) Metaspace: 23354K(23872K)->23354K(23872K) NonClass: 20535K(20800K)->20535K(20800K) Class: 2819K(3072K)->2819K(3072K)
[2026-09-07T10:42:56.548+0900][7.858s][info][gc          ] GC(96) Pause Young (Normal) (G1 Evacuation Pause) 361M->110M(428M) 0.641ms
[2026-09-07T10:42:56.548+0900][7.858s][info][gc,cpu      ] GC(96) User=0.00s Sys=0.01s Real=0.00s
[2026-09-07T10:42:56.548+0900][7.858s][info][safepoint   ] Safepoint "G1CollectForAllocation", Time since last: 95358292 ns, Reaching safepoint: 1250 ns, Cleanup: 625 ns, At safepoint: 655333 ns, Leaving safepoint: 1000 ns, Total: 658208 ns
[2026-09-07T10:42:56.644+0900][7.954s][info][gc,start    ] GC(97) Pause Young (Normal) (G1 Evacuation Pause)
[2026-09-07T10:42:56.644+0900][7.954s][info][gc,task     ] GC(97) Using 9 workers of 9 for evacuation
[2026-09-07T10:42:56.645+0900][7.955s][info][gc,phases   ] GC(97)   Pre Evacuate Collection Set: 0.07ms
[2026-09-07T10:42:56.645+0900][7.955s][info][gc,phases   ] GC(97)   Merge Heap Roots: 0.02ms
[2026-09-07T10:42:56.645+0900][7.955s][info][gc,phases   ] GC(97)   Evacuate Collection Set: 0.18ms
[2026-09-07T10:42:56.645+0900][7.955s][info][gc,phases   ] GC(97)   Post Evacuate Collection Set: 0.12ms
[2026-09-07T10:42:56.645+0900][7.955s][info][gc,phases   ] GC(97)   Other: 0.02ms
[2026-09-07T10:42:56.645+0900][7.955s][info][gc,heap     ] GC(97) Eden regions: 126->0(127)
[2026-09-07T10:42:56.645+0900][7.955s][info][gc,heap     ] GC(97) Survivor regions: 2->1(16)
[2026-09-07T10:42:56.645+0900][7.955s][info][gc,heap     ] GC(97) Old regions: 53->53
[2026-09-07T10:42:56.645+0900][7.955s][info][gc,heap     ] GC(97) Humongous regions: 1->1
[2026-09-07T10:42:56.645+0900][7.955s][info][gc,metaspace] GC(97) Metaspace: 23354K(23872K)->23354K(23872K) NonClass: 20535K(20800K)->20535K(20800K) Class: 2819K(3072K)->2819K(3072K)
[2026-09-07T10:42:56.645+0900][7.955s][info][gc          ] GC(97) Pause Young (Normal) (G1 Evacuation Pause) 362M->107M(428M) 0.497ms
[2026-09-07T10:42:56.645+0900][7.955s][info][gc,cpu      ] GC(97) User=0.00s Sys=0.00s Real=0.00s
[2026-09-07T10:42:56.645+0900][7.955s][info][safepoint   ] Safepoint "G1CollectForAllocation", Time since last: 96474792 ns, Reaching safepoint: 1333 ns, Cleanup: 458 ns, At safepoint: 510792 ns, Leaving safepoint: 1375 ns, Total: 513958 ns
[2026-09-07T10:42:56.743+0900][8.053s][info][gc,start    ] GC(98) Pause Young (Normal) (G1 Evacuation Pause)
[2026-09-07T10:42:56.743+0900][8.053s][info][gc,task     ] GC(98) Using 9 workers of 9 for evacuation
[2026-09-07T10:42:56.743+0900][8.053s][info][gc,phases   ] GC(98)   Pre Evacuate Collection Set: 0.07ms
[2026-09-07T10:42:56.743+0900][8.053s][info][gc,phases   ] GC(98)   Merge Heap Roots: 0.04ms
[2026-09-07T10:42:56.743+0900][8.053s][info][gc,phases   ] GC(98)   Evacuate Collection Set: 0.26ms
[2026-09-07T10:42:56.743+0900][8.053s][info][gc,phases   ] GC(98)   Post Evacuate Collection Set: 0.13ms
[2026-09-07T10:42:56.743+0900][8.053s][info][gc,phases   ] GC(98)   Other: 0.02ms
[2026-09-07T10:42:56.743+0900][8.053s][info][gc,heap     ] GC(98) Eden regions: 127->0(126)
[2026-09-07T10:42:56.743+0900][8.053s][info][gc,heap     ] GC(98) Survivor regions: 1->2(16)
[2026-09-07T10:42:56.743+0900][8.053s][info][gc,heap     ] GC(98) Old regions: 53->53
[2026-09-07T10:42:56.743+0900][8.053s][info][gc,heap     ] GC(98) Humongous regions: 1->1
[2026-09-07T10:42:56.743+0900][8.053s][info][gc,metaspace] GC(98) Metaspace: 23354K(23872K)->23354K(23872K) NonClass: 20535K(20800K)->20535K(20800K) Class: 2819K(3072K)->2819K(3072K)
[2026-09-07T10:42:56.743+0900][8.053s][info][gc          ] GC(98) Pause Young (Normal) (G1 Evacuation Pause) 361M->109M(428M) 0.598ms
[2026-09-07T10:42:56.743+0900][8.053s][info][gc,cpu      ] GC(98) User=0.00s Sys=0.00s Real=0.00s
[2026-09-07T10:42:56.743+0900][8.053s][info][safepoint   ] Safepoint "G1CollectForAllocation", Time since last: 97869375 ns, Reaching safepoint: 1125 ns, Cleanup: 1042 ns, At safepoint: 611750 ns, Leaving safepoint: 1041 ns, Total: 614958 ns
[2026-09-07T10:42:56.840+0900][8.150s][info][gc,start    ] GC(99) Pause Young (Normal) (G1 Evacuation Pause)
[2026-09-07T10:42:56.840+0900][8.150s][info][gc,task     ] GC(99) Using 9 workers of 9 for evacuation
[2026-09-07T10:42:56.841+0900][8.151s][info][gc,phases   ] GC(99)   Pre Evacuate Collection Set: 0.06ms
[2026-09-07T10:42:56.841+0900][8.151s][info][gc,phases   ] GC(99)   Merge Heap Roots: 0.02ms
[2026-09-07T10:42:56.841+0900][8.151s][info][gc,phases   ] GC(99)   Evacuate Collection Set: 0.35ms
[2026-09-07T10:42:56.841+0900][8.151s][info][gc,phases   ] GC(99)   Post Evacuate Collection Set: 0.13ms
[2026-09-07T10:42:56.841+0900][8.151s][info][gc,phases   ] GC(99)   Other: 0.02ms
[2026-09-07T10:42:56.841+0900][8.151s][info][gc,heap     ] GC(99) Eden regions: 126->0(126)
[2026-09-07T10:42:56.841+0900][8.151s][info][gc,heap     ] GC(99) Survivor regions: 2->2(16)
[2026-09-07T10:42:56.841+0900][8.151s][info][gc,heap     ] GC(99) Old regions: 53->53
[2026-09-07T10:42:56.841+0900][8.151s][info][gc,heap     ] GC(99) Humongous regions: 1->1
[2026-09-07T10:42:56.841+0900][8.151s][info][gc,metaspace] GC(99) Metaspace: 23354K(23872K)->23354K(23872K) NonClass: 20535K(20800K)->20535K(20800K) Class: 2819K(3072K)->2819K(3072K)
[2026-09-07T10:42:56.841+0900][8.151s][info][gc          ] GC(99) Pause Young (Normal) (G1 Evacuation Pause) 361M->110M(428M) 0.650ms
[2026-09-07T10:42:56.841+0900][8.151s][info][gc,cpu      ] GC(99) User=0.00s Sys=0.00s Real=0.00s
[2026-09-07T10:42:56.841+0900][8.151s][info][safepoint   ] Safepoint "G1CollectForAllocation", Time since last: 97055459 ns, Reaching safepoint: 1125 ns, Cleanup: 541 ns, At safepoint: 664167 ns, Leaving safepoint: 1250 ns, Total: 667083 ns
[2026-09-07T10:42:56.937+0900][8.248s][info][gc,start    ] GC(100) Pause Young (Normal) (G1 Evacuation Pause)
[2026-09-07T10:42:56.938+0900][8.248s][info][gc,task     ] GC(100) Using 9 workers of 9 for evacuation
[2026-09-07T10:42:56.938+0900][8.248s][info][gc,phases   ] GC(100)   Pre Evacuate Collection Set: 0.06ms
[2026-09-07T10:42:56.938+0900][8.248s][info][gc,phases   ] GC(100)   Merge Heap Roots: 0.04ms
[2026-09-07T10:42:56.938+0900][8.248s][info][gc,phases   ] GC(100)   Evacuate Collection Set: 0.20ms
[2026-09-07T10:42:56.938+0900][8.248s][info][gc,phases   ] GC(100)   Post Evacuate Collection Set: 0.13ms
[2026-09-07T10:42:56.938+0900][8.248s][info][gc,phases   ] GC(100)   Other: 0.02ms
[2026-09-07T10:42:56.938+0900][8.248s][info][gc,heap     ] GC(100) Eden regions: 126->0(127)
[2026-09-07T10:42:56.938+0900][8.248s][info][gc,heap     ] GC(100) Survivor regions: 2->1(16)
[2026-09-07T10:42:56.938+0900][8.248s][info][gc,heap     ] GC(100) Old regions: 53->53
[2026-09-07T10:42:56.938+0900][8.248s][info][gc,heap     ] GC(100) Humongous regions: 1->1
[2026-09-07T10:42:56.938+0900][8.248s][info][gc,metaspace] GC(100) Metaspace: 23354K(23872K)->23354K(23872K) NonClass: 20535K(20800K)->20535K(20800K) Class: 2819K(3072K)->2819K(3072K)
[2026-09-07T10:42:56.938+0900][8.248s][info][gc          ] GC(100) Pause Young (Normal) (G1 Evacuation Pause) 362M->107M(428M) 0.532ms
[2026-09-07T10:42:56.938+0900][8.248s][info][gc,cpu      ] GC(100) User=0.00s Sys=0.00s Real=0.00s
[2026-09-07T10:42:56.938+0900][8.248s][info][safepoint   ] Safepoint "G1CollectForAllocation", Time since last: 96610708 ns, Reaching safepoint: 1209 ns, Cleanup: 6958 ns, At safepoint: 546833 ns, Leaving safepoint: 1917 ns, Total: 556917 ns
[2026-09-07T10:42:57.037+0900][8.347s][info][gc,start    ] GC(101) Pause Young (Normal) (G1 Evacuation Pause)
[2026-09-07T10:42:57.037+0900][8.347s][info][gc,task     ] GC(101) Using 9 workers of 9 for evacuation
[2026-09-07T10:42:57.037+0900][8.347s][info][gc,phases   ] GC(101)   Pre Evacuate Collection Set: 0.07ms
[2026-09-07T10:42:57.037+0900][8.347s][info][gc,phases   ] GC(101)   Merge Heap Roots: 0.02ms
[2026-09-07T10:42:57.037+0900][8.347s][info][gc,phases   ] GC(101)   Evacuate Collection Set: 0.26ms
[2026-09-07T10:42:57.037+0900][8.347s][info][gc,phases   ] GC(101)   Post Evacuate Collection Set: 0.12ms
[2026-09-07T10:42:57.037+0900][8.347s][info][gc,phases   ] GC(101)   Other: 0.02ms
[2026-09-07T10:42:57.037+0900][8.347s][info][gc,heap     ] GC(101) Eden regions: 127->0(126)
[2026-09-07T10:42:57.037+0900][8.347s][info][gc,heap     ] GC(101) Survivor regions: 1->2(16)
[2026-09-07T10:42:57.037+0900][8.347s][info][gc,heap     ] GC(101) Old regions: 53->53
[2026-09-07T10:42:57.037+0900][8.347s][info][gc,heap     ] GC(101) Humongous regions: 1->1
[2026-09-07T10:42:57.037+0900][8.347s][info][gc,metaspace] GC(101) Metaspace: 23354K(23872K)->23354K(23872K) NonClass: 20535K(20800K)->20535K(20800K) Class: 2819K(3072K)->2819K(3072K)
[2026-09-07T10:42:57.037+0900][8.347s][info][gc          ] GC(101) Pause Young (Normal) (G1 Evacuation Pause) 361M->109M(428M) 0.573ms
[2026-09-07T10:42:57.037+0900][8.347s][info][gc,cpu      ] GC(101) User=0.00s Sys=0.00s Real=0.00s
[2026-09-07T10:42:57.037+0900][8.347s][info][safepoint   ] Safepoint "G1CollectForAllocation", Time since last: 98658167 ns, Reaching safepoint: 1083 ns, Cleanup: 833 ns, At safepoint: 587750 ns, Leaving safepoint: 1167 ns, Total: 590833 ns
[2026-09-07T10:42:57.134+0900][8.444s][info][gc,start    ] GC(102) Pause Young (Normal) (G1 Evacuation Pause)
[2026-09-07T10:42:57.134+0900][8.444s][info][gc,task     ] GC(102) Using 9 workers of 9 for evacuation
[2026-09-07T10:42:57.134+0900][8.445s][info][gc,phases   ] GC(102)   Pre Evacuate Collection Set: 0.07ms
[2026-09-07T10:42:57.134+0900][8.445s][info][gc,phases   ] GC(102)   Merge Heap Roots: 0.02ms
[2026-09-07T10:42:57.134+0900][8.445s][info][gc,phases   ] GC(102)   Evacuate Collection Set: 0.34ms
[2026-09-07T10:42:57.134+0900][8.445s][info][gc,phases   ] GC(102)   Post Evacuate Collection Set: 0.13ms
[2026-09-07T10:42:57.134+0900][8.445s][info][gc,phases   ] GC(102)   Other: 0.02ms
[2026-09-07T10:42:57.134+0900][8.445s][info][gc,heap     ] GC(102) Eden regions: 126->0(126)
[2026-09-07T10:42:57.134+0900][8.445s][info][gc,heap     ] GC(102) Survivor regions: 2->2(16)
[2026-09-07T10:42:57.134+0900][8.445s][info][gc,heap     ] GC(102) Old regions: 53->53
[2026-09-07T10:42:57.134+0900][8.445s][info][gc,heap     ] GC(102) Humongous regions: 1->1
[2026-09-07T10:42:57.134+0900][8.445s][info][gc,metaspace] GC(102) Metaspace: 23354K(23872K)->23354K(23872K) NonClass: 20535K(20800K)->20535K(20800K) Class: 2819K(3072K)->2819K(3072K)
[2026-09-07T10:42:57.134+0900][8.445s][info][gc          ] GC(102) Pause Young (Normal) (G1 Evacuation Pause) 361M->110M(428M) 0.663ms
[2026-09-07T10:42:57.134+0900][8.445s][info][gc,cpu      ] GC(102) User=0.00s Sys=0.00s Real=0.00s
[2026-09-07T10:42:57.134+0900][8.445s][info][safepoint   ] Safepoint "G1CollectForAllocation", Time since last: 96534542 ns, Reaching safepoint: 1166 ns, Cleanup: 542 ns, At safepoint: 677417 ns, Leaving safepoint: 1291 ns, Total: 680416 ns
[2026-09-07T10:42:57.230+0900][8.541s][info][gc,start    ] GC(103) Pause Young (Normal) (G1 Evacuation Pause)
[2026-09-07T10:42:57.230+0900][8.541s][info][gc,task     ] GC(103) Using 9 workers of 9 for evacuation
[2026-09-07T10:42:57.231+0900][8.541s][info][gc,phases   ] GC(103)   Pre Evacuate Collection Set: 0.07ms
[2026-09-07T10:42:57.231+0900][8.541s][info][gc,phases   ] GC(103)   Merge Heap Roots: 0.02ms
[2026-09-07T10:42:57.231+0900][8.541s][info][gc,phases   ] GC(103)   Evacuate Collection Set: 0.16ms
[2026-09-07T10:42:57.231+0900][8.541s][info][gc,phases   ] GC(103)   Post Evacuate Collection Set: 0.12ms
[2026-09-07T10:42:57.231+0900][8.541s][info][gc,phases   ] GC(103)   Other: 0.02ms
[2026-09-07T10:42:57.231+0900][8.541s][info][gc,heap     ] GC(103) Eden regions: 126->0(127)
[2026-09-07T10:42:57.231+0900][8.541s][info][gc,heap     ] GC(103) Survivor regions: 2->1(16)
[2026-09-07T10:42:57.231+0900][8.541s][info][gc,heap     ] GC(103) Old regions: 53->53
[2026-09-07T10:42:57.231+0900][8.541s][info][gc,heap     ] GC(103) Humongous regions: 1->1
[2026-09-07T10:42:57.231+0900][8.541s][info][gc,metaspace] GC(103) Metaspace: 23354K(23872K)->23354K(23872K) NonClass: 20535K(20800K)->20535K(20800K) Class: 2819K(3072K)->2819K(3072K)
[2026-09-07T10:42:57.231+0900][8.541s][info][gc          ] GC(103) Pause Young (Normal) (G1 Evacuation Pause) 362M->107M(428M) 0.460ms
[2026-09-07T10:42:57.231+0900][8.541s][info][gc,cpu      ] GC(103) User=0.00s Sys=0.00s Real=0.00s
[2026-09-07T10:42:57.231+0900][8.541s][info][safepoint   ] Safepoint "G1CollectForAllocation", Time since last: 95884334 ns, Reaching safepoint: 1291 ns, Cleanup: 875 ns, At safepoint: 473875 ns, Leaving safepoint: 1000 ns, Total: 477041 ns
[2026-09-07T10:42:57.328+0900][8.638s][info][gc,start    ] GC(104) Pause Young (Normal) (G1 Evacuation Pause)
[2026-09-07T10:42:57.328+0900][8.638s][info][gc,task     ] GC(104) Using 9 workers of 9 for evacuation
[2026-09-07T10:42:57.329+0900][8.639s][info][gc,phases   ] GC(104)   Pre Evacuate Collection Set: 0.07ms
[2026-09-07T10:42:57.329+0900][8.639s][info][gc,phases   ] GC(104)   Merge Heap Roots: 0.04ms
[2026-09-07T10:42:57.329+0900][8.639s][info][gc,phases   ] GC(104)   Evacuate Collection Set: 0.27ms
[2026-09-07T10:42:57.329+0900][8.639s][info][gc,phases   ] GC(104)   Post Evacuate Collection Set: 0.13ms
[2026-09-07T10:42:57.329+0900][8.639s][info][gc,phases   ] GC(104)   Other: 0.02ms
[2026-09-07T10:42:57.329+0900][8.639s][info][gc,heap     ] GC(104) Eden regions: 127->0(126)
[2026-09-07T10:42:57.329+0900][8.639s][info][gc,heap     ] GC(104) Survivor regions: 1->2(16)
[2026-09-07T10:42:57.329+0900][8.639s][info][gc,heap     ] GC(104) Old regions: 53->53
[2026-09-07T10:42:57.329+0900][8.639s][info][gc,heap     ] GC(104) Humongous regions: 1->1
[2026-09-07T10:42:57.329+0900][8.639s][info][gc,metaspace] GC(104) Metaspace: 23354K(23872K)->23354K(23872K) NonClass: 20535K(20800K)->20535K(20800K) Class: 2819K(3072K)->2819K(3072K)
[2026-09-07T10:42:57.329+0900][8.639s][info][gc          ] GC(104) Pause Young (Normal) (G1 Evacuation Pause) 361M->109M(428M) 0.606ms
[2026-09-07T10:42:57.329+0900][8.639s][info][gc,cpu      ] GC(104) User=0.00s Sys=0.00s Real=0.00s
[2026-09-07T10:42:57.329+0900][8.639s][info][safepoint   ] Safepoint "G1CollectForAllocation", Time since last: 97209709 ns, Reaching safepoint: 1375 ns, Cleanup: 1083 ns, At safepoint: 620125 ns, Leaving safepoint: 1000 ns, Total: 623583 ns
[2026-09-07T10:42:57.425+0900][8.735s][info][gc,start    ] GC(105) Pause Young (Normal) (G1 Evacuation Pause)
[2026-09-07T10:42:57.425+0900][8.735s][info][gc,task     ] GC(105) Using 9 workers of 9 for evacuation
[2026-09-07T10:42:57.425+0900][8.736s][info][gc,phases   ] GC(105)   Pre Evacuate Collection Set: 0.07ms
[2026-09-07T10:42:57.425+0900][8.736s][info][gc,phases   ] GC(105)   Merge Heap Roots: 0.02ms
[2026-09-07T10:42:57.425+0900][8.736s][info][gc,phases   ] GC(105)   Evacuate Collection Set: 0.37ms
[2026-09-07T10:42:57.425+0900][8.736s][info][gc,phases   ] GC(105)   Post Evacuate Collection Set: 0.13ms
[2026-09-07T10:42:57.425+0900][8.736s][info][gc,phases   ] GC(105)   Other: 0.02ms
[2026-09-07T10:42:57.425+0900][8.736s][info][gc,heap     ] GC(105) Eden regions: 126->0(126)
[2026-09-07T10:42:57.425+0900][8.736s][info][gc,heap     ] GC(105) Survivor regions: 2->2(16)
[2026-09-07T10:42:57.425+0900][8.736s][info][gc,heap     ] GC(105) Old regions: 53->53
[2026-09-07T10:42:57.425+0900][8.736s][info][gc,heap     ] GC(105) Humongous regions: 1->1
[2026-09-07T10:42:57.425+0900][8.736s][info][gc,metaspace] GC(105) Metaspace: 23354K(23872K)->23354K(23872K) NonClass: 20535K(20800K)->20535K(20800K) Class: 2819K(3072K)->2819K(3072K)
[2026-09-07T10:42:57.425+0900][8.736s][info][gc          ] GC(105) Pause Young (Normal) (G1 Evacuation Pause) 361M->110M(428M) 0.681ms
[2026-09-07T10:42:57.425+0900][8.736s][info][gc,cpu      ] GC(105) User=0.00s Sys=0.00s Real=0.00s
[2026-09-07T10:42:57.425+0900][8.736s][info][safepoint   ] Safepoint "G1CollectForAllocation", Time since last: 96113000 ns, Reaching safepoint: 1375 ns, Cleanup: 6667 ns, At safepoint: 697541 ns, Leaving safepoint: 1167 ns, Total: 706750 ns
[2026-09-07T10:42:57.522+0900][8.832s][info][gc,start    ] GC(106) Pause Young (Normal) (G1 Evacuation Pause)
[2026-09-07T10:42:57.522+0900][8.832s][info][gc,task     ] GC(106) Using 9 workers of 9 for evacuation
[2026-09-07T10:42:57.522+0900][8.832s][info][gc,phases   ] GC(106)   Pre Evacuate Collection Set: 0.07ms
[2026-09-07T10:42:57.522+0900][8.832s][info][gc,phases   ] GC(106)   Merge Heap Roots: 0.04ms
[2026-09-07T10:42:57.522+0900][8.832s][info][gc,phases   ] GC(106)   Evacuate Collection Set: 0.21ms
[2026-09-07T10:42:57.522+0900][8.832s][info][gc,phases   ] GC(106)   Post Evacuate Collection Set: 0.13ms
[2026-09-07T10:42:57.522+0900][8.832s][info][gc,phases   ] GC(106)   Other: 0.02ms
[2026-09-07T10:42:57.522+0900][8.832s][info][gc,heap     ] GC(106) Eden regions: 126->0(127)
[2026-09-07T10:42:57.522+0900][8.832s][info][gc,heap     ] GC(106) Survivor regions: 2->1(16)
[2026-09-07T10:42:57.522+0900][8.832s][info][gc,heap     ] GC(106) Old regions: 53->53
[2026-09-07T10:42:57.522+0900][8.832s][info][gc,heap     ] GC(106) Humongous regions: 1->1
[2026-09-07T10:42:57.522+0900][8.832s][info][gc,metaspace] GC(106) Metaspace: 23354K(23872K)->23354K(23872K) NonClass: 20535K(20800K)->20535K(20800K) Class: 2819K(3072K)->2819K(3072K)
[2026-09-07T10:42:57.522+0900][8.832s][info][gc          ] GC(106) Pause Young (Normal) (G1 Evacuation Pause) 362M->107M(428M) 0.551ms
[2026-09-07T10:42:57.522+0900][8.832s][info][gc,cpu      ] GC(106) User=0.00s Sys=0.00s Real=0.00s
[2026-09-07T10:42:57.522+0900][8.832s][info][safepoint   ] Safepoint "G1CollectForAllocation", Time since last: 96210250 ns, Reaching safepoint: 1375 ns, Cleanup: 833 ns, At safepoint: 569167 ns, Leaving safepoint: 1167 ns, Total: 572542 ns
[2026-09-07T10:42:57.621+0900][8.931s][info][gc,start    ] GC(107) Pause Young (Normal) (G1 Evacuation Pause)
[2026-09-07T10:42:57.621+0900][8.931s][info][gc,task     ] GC(107) Using 9 workers of 9 for evacuation
[2026-09-07T10:42:57.621+0900][8.931s][info][gc,phases   ] GC(107)   Pre Evacuate Collection Set: 0.05ms
[2026-09-07T10:42:57.621+0900][8.931s][info][gc,phases   ] GC(107)   Merge Heap Roots: 0.03ms
[2026-09-07T10:42:57.621+0900][8.931s][info][gc,phases   ] GC(107)   Evacuate Collection Set: 0.28ms
[2026-09-07T10:42:57.621+0900][8.931s][info][gc,phases   ] GC(107)   Post Evacuate Collection Set: 0.12ms
[2026-09-07T10:42:57.621+0900][8.931s][info][gc,phases   ] GC(107)   Other: 0.02ms
[2026-09-07T10:42:57.621+0900][8.932s][info][gc,heap     ] GC(107) Eden regions: 127->0(126)
[2026-09-07T10:42:57.621+0900][8.932s][info][gc,heap     ] GC(107) Survivor regions: 1->2(16)
[2026-09-07T10:42:57.621+0900][8.932s][info][gc,heap     ] GC(107) Old regions: 53->53
[2026-09-07T10:42:57.621+0900][8.932s][info][gc,heap     ] GC(107) Humongous regions: 1->1
[2026-09-07T10:42:57.621+0900][8.932s][info][gc,metaspace] GC(107) Metaspace: 23354K(23872K)->23354K(23872K) NonClass: 20535K(20800K)->20535K(20800K) Class: 2819K(3072K)->2819K(3072K)
[2026-09-07T10:42:57.621+0900][8.932s][info][gc          ] GC(107) Pause Young (Normal) (G1 Evacuation Pause) 361M->109M(428M) 0.585ms
[2026-09-07T10:42:57.621+0900][8.932s][info][gc,cpu      ] GC(107) User=0.00s Sys=0.00s Real=0.00s
[2026-09-07T10:42:57.621+0900][8.932s][info][safepoint   ] Safepoint "G1CollectForAllocation", Time since last: 98437958 ns, Reaching safepoint: 1042 ns, Cleanup: 1666 ns, At safepoint: 598125 ns, Leaving safepoint: 1500 ns, Total: 602333 ns
[2026-09-07T10:42:57.717+0900][9.027s][info][gc,start    ] GC(108) Pause Young (Normal) (G1 Evacuation Pause)
[2026-09-07T10:42:57.717+0900][9.027s][info][gc,task     ] GC(108) Using 9 workers of 9 for evacuation
[2026-09-07T10:42:57.718+0900][9.028s][info][gc,phases   ] GC(108)   Pre Evacuate Collection Set: 0.09ms
[2026-09-07T10:42:57.718+0900][9.028s][info][gc,phases   ] GC(108)   Merge Heap Roots: 0.03ms
[2026-09-07T10:42:57.718+0900][9.028s][info][gc,phases   ] GC(108)   Evacuate Collection Set: 0.39ms
[2026-09-07T10:42:57.718+0900][9.028s][info][gc,phases   ] GC(108)   Post Evacuate Collection Set: 0.12ms
[2026-09-07T10:42:57.718+0900][9.028s][info][gc,phases   ] GC(108)   Other: 0.02ms
[2026-09-07T10:42:57.718+0900][9.028s][info][gc,heap     ] GC(108) Eden regions: 126->0(125)
[2026-09-07T10:42:57.718+0900][9.028s][info][gc,heap     ] GC(108) Survivor regions: 2->3(16)
[2026-09-07T10:42:57.718+0900][9.028s][info][gc,heap     ] GC(108) Old regions: 53->53
[2026-09-07T10:42:57.718+0900][9.028s][info][gc,heap     ] GC(108) Humongous regions: 1->1
[2026-09-07T10:42:57.718+0900][9.028s][info][gc,metaspace] GC(108) Metaspace: 23354K(23872K)->23354K(23872K) NonClass: 20535K(20800K)->20535K(20800K) Class: 2819K(3072K)->2819K(3072K)
[2026-09-07T10:42:57.718+0900][9.028s][info][gc          ] GC(108) Pause Young (Normal) (G1 Evacuation Pause) 361M->111M(428M) 0.730ms
[2026-09-07T10:42:57.718+0900][9.028s][info][gc,cpu      ] GC(108) User=0.00s Sys=0.00s Real=0.00s
[2026-09-07T10:42:57.718+0900][9.028s][info][safepoint   ] Safepoint "G1CollectForAllocation", Time since last: 95575750 ns, Reaching safepoint: 959 ns, Cleanup: 791 ns, At safepoint: 744125 ns, Leaving safepoint: 1084 ns, Total: 746959 ns
[2026-09-07T10:42:57.815+0900][9.125s][info][gc,start    ] GC(109) Pause Young (Normal) (G1 Evacuation Pause)
[2026-09-07T10:42:57.815+0900][9.125s][info][gc,task     ] GC(109) Using 9 workers of 9 for evacuation
[2026-09-07T10:42:57.815+0900][9.125s][info][gc,phases   ] GC(109)   Pre Evacuate Collection Set: 0.07ms
[2026-09-07T10:42:57.815+0900][9.125s][info][gc,phases   ] GC(109)   Merge Heap Roots: 0.04ms
[2026-09-07T10:42:57.815+0900][9.125s][info][gc,phases   ] GC(109)   Evacuate Collection Set: 0.20ms
[2026-09-07T10:42:57.815+0900][9.125s][info][gc,phases   ] GC(109)   Post Evacuate Collection Set: 0.11ms
[2026-09-07T10:42:57.815+0900][9.125s][info][gc,phases   ] GC(109)   Other: 0.02ms
[2026-09-07T10:42:57.815+0900][9.125s][info][gc,heap     ] GC(109) Eden regions: 125->0(127)
[2026-09-07T10:42:57.815+0900][9.125s][info][gc,heap     ] GC(109) Survivor regions: 3->1(16)
[2026-09-07T10:42:57.815+0900][9.125s][info][gc,heap     ] GC(109) Old regions: 53->53
[2026-09-07T10:42:57.815+0900][9.125s][info][gc,heap     ] GC(109) Humongous regions: 1->1
[2026-09-07T10:42:57.815+0900][9.125s][info][gc,metaspace] GC(109) Metaspace: 23354K(23872K)->23354K(23872K) NonClass: 20535K(20800K)->20535K(20800K) Class: 2819K(3072K)->2819K(3072K)
[2026-09-07T10:42:57.815+0900][9.125s][info][gc          ] GC(109) Pause Young (Normal) (G1 Evacuation Pause) 361M->108M(428M) 0.521ms
[2026-09-07T10:42:57.815+0900][9.125s][info][gc,cpu      ] GC(109) User=0.00s Sys=0.00s Real=0.00s
[2026-09-07T10:42:57.815+0900][9.125s][info][safepoint   ] Safepoint "G1CollectForAllocation", Time since last: 96959750 ns, Reaching safepoint: 958 ns, Cleanup: 542 ns, At safepoint: 535208 ns, Leaving safepoint: 1083 ns, Total: 537791 ns
[2026-09-07T10:42:57.912+0900][9.222s][info][gc,start    ] GC(110) Pause Young (Normal) (G1 Evacuation Pause)
[2026-09-07T10:42:57.912+0900][9.222s][info][gc,task     ] GC(110) Using 9 workers of 9 for evacuation
[2026-09-07T10:42:57.913+0900][9.223s][info][gc,phases   ] GC(110)   Pre Evacuate Collection Set: 0.07ms
[2026-09-07T10:42:57.913+0900][9.223s][info][gc,phases   ] GC(110)   Merge Heap Roots: 0.04ms
[2026-09-07T10:42:57.913+0900][9.223s][info][gc,phases   ] GC(110)   Evacuate Collection Set: 0.29ms
[2026-09-07T10:42:57.913+0900][9.223s][info][gc,phases   ] GC(110)   Post Evacuate Collection Set: 0.13ms
[2026-09-07T10:42:57.913+0900][9.223s][info][gc,phases   ] GC(110)   Other: 0.02ms
[2026-09-07T10:42:57.913+0900][9.223s][info][gc,heap     ] GC(110) Eden regions: 127->0(126)
[2026-09-07T10:42:57.913+0900][9.223s][info][gc,heap     ] GC(110) Survivor regions: 1->2(16)
[2026-09-07T10:42:57.913+0900][9.223s][info][gc,heap     ] GC(110) Old regions: 53->53
[2026-09-07T10:42:57.913+0900][9.223s][info][gc,heap     ] GC(110) Humongous regions: 1->1
[2026-09-07T10:42:57.913+0900][9.223s][info][gc,metaspace] GC(110) Metaspace: 23354K(23872K)->23354K(23872K) NonClass: 20535K(20800K)->20535K(20800K) Class: 2819K(3072K)->2819K(3072K)
[2026-09-07T10:42:57.913+0900][9.223s][info][gc          ] GC(110) Pause Young (Normal) (G1 Evacuation Pause) 362M->109M(428M) 0.631ms
[2026-09-07T10:42:57.913+0900][9.223s][info][gc,cpu      ] GC(110) User=0.00s Sys=0.00s Real=0.00s
[2026-09-07T10:42:57.913+0900][9.223s][info][safepoint   ] Safepoint "G1CollectForAllocation", Time since last: 97058917 ns, Reaching safepoint: 1750 ns, Cleanup: 4125 ns, At safepoint: 646458 ns, Leaving safepoint: 1209 ns, Total: 653542 ns
[2026-09-07T10:42:58.010+0900][9.320s][info][gc,start    ] GC(111) Pause Young (Normal) (G1 Evacuation Pause)
[2026-09-07T10:42:58.010+0900][9.320s][info][gc,task     ] GC(111) Using 9 workers of 9 for evacuation
[2026-09-07T10:42:58.010+0900][9.321s][info][gc,phases   ] GC(111)   Pre Evacuate Collection Set: 0.09ms
[2026-09-07T10:42:58.010+0900][9.321s][info][gc,phases   ] GC(111)   Merge Heap Roots: 0.03ms
[2026-09-07T10:42:58.010+0900][9.321s][info][gc,phases   ] GC(111)   Evacuate Collection Set: 0.43ms
[2026-09-07T10:42:58.010+0900][9.321s][info][gc,phases   ] GC(111)   Post Evacuate Collection Set: 0.12ms
[2026-09-07T10:42:58.010+0900][9.321s][info][gc,phases   ] GC(111)   Other: 0.02ms
[2026-09-07T10:42:58.010+0900][9.321s][info][gc,heap     ] GC(111) Eden regions: 126->0(125)
[2026-09-07T10:42:58.010+0900][9.321s][info][gc,heap     ] GC(111) Survivor regions: 2->3(16)
[2026-09-07T10:42:58.010+0900][9.321s][info][gc,heap     ] GC(111) Old regions: 53->53
[2026-09-07T10:42:58.010+0900][9.321s][info][gc,heap     ] GC(111) Humongous regions: 1->1
[2026-09-07T10:42:58.010+0900][9.321s][info][gc,metaspace] GC(111) Metaspace: 23354K(23872K)->23354K(23872K) NonClass: 20535K(20800K)->20535K(20800K) Class: 2819K(3072K)->2819K(3072K)
[2026-09-07T10:42:58.010+0900][9.321s][info][gc          ] GC(111) Pause Young (Normal) (G1 Evacuation Pause) 361M->111M(428M) 0.758ms
[2026-09-07T10:42:58.010+0900][9.321s][info][gc,cpu      ] GC(111) User=0.01s Sys=0.00s Real=0.00s
[2026-09-07T10:42:58.010+0900][9.321s][info][safepoint   ] Safepoint "G1CollectForAllocation", Time since last: 96759625 ns, Reaching safepoint: 1125 ns, Cleanup: 1291 ns, At safepoint: 772875 ns, Leaving safepoint: 1459 ns, Total: 776750 ns
[2026-09-07T10:42:58.107+0900][9.417s][info][gc,start    ] GC(112) Pause Young (Normal) (G1 Evacuation Pause)
[2026-09-07T10:42:58.107+0900][9.417s][info][gc,task     ] GC(112) Using 9 workers of 9 for evacuation
[2026-09-07T10:42:58.107+0900][9.418s][info][gc,phases   ] GC(112)   Pre Evacuate Collection Set: 0.07ms
[2026-09-07T10:42:58.107+0900][9.418s][info][gc,phases   ] GC(112)   Merge Heap Roots: 0.02ms
[2026-09-07T10:42:58.107+0900][9.418s][info][gc,phases   ] GC(112)   Evacuate Collection Set: 0.21ms
[2026-09-07T10:42:58.107+0900][9.418s][info][gc,phases   ] GC(112)   Post Evacuate Collection Set: 0.12ms
[2026-09-07T10:42:58.107+0900][9.418s][info][gc,phases   ] GC(112)   Other: 0.02ms
[2026-09-07T10:42:58.107+0900][9.418s][info][gc,heap     ] GC(112) Eden regions: 125->0(127)
[2026-09-07T10:42:58.107+0900][9.418s][info][gc,heap     ] GC(112) Survivor regions: 3->1(16)
[2026-09-07T10:42:58.107+0900][9.418s][info][gc,heap     ] GC(112) Old regions: 53->53
[2026-09-07T10:42:58.107+0900][9.418s][info][gc,heap     ] GC(112) Humongous regions: 1->1
[2026-09-07T10:42:58.107+0900][9.418s][info][gc,metaspace] GC(112) Metaspace: 23354K(23872K)->23354K(23872K) NonClass: 20535K(20800K)->20535K(20800K) Class: 2819K(3072K)->2819K(3072K)
[2026-09-07T10:42:58.107+0900][9.418s][info][gc          ] GC(112) Pause Young (Normal) (G1 Evacuation Pause) 361M->108M(428M) 0.515ms
[2026-09-07T10:42:58.107+0900][9.418s][info][gc,cpu      ] GC(112) User=0.01s Sys=0.00s Real=0.00s
[2026-09-07T10:42:58.107+0900][9.418s][info][safepoint   ] Safepoint "G1CollectForAllocation", Time since last: 96534458 ns, Reaching safepoint: 1250 ns, Cleanup: 1583 ns, At safepoint: 531167 ns, Leaving safepoint: 1167 ns, Total: 535167 ns
[2026-09-07T10:42:58.205+0900][9.515s][info][gc,start    ] GC(113) Pause Young (Normal) (G1 Evacuation Pause)
[2026-09-07T10:42:58.205+0900][9.515s][info][gc,task     ] GC(113) Using 9 workers of 9 for evacuation
[2026-09-07T10:42:58.206+0900][9.516s][info][gc,phases   ] GC(113)   Pre Evacuate Collection Set: 0.06ms
[2026-09-07T10:42:58.206+0900][9.516s][info][gc,phases   ] GC(113)   Merge Heap Roots: 0.02ms
[2026-09-07T10:42:58.206+0900][9.516s][info][gc,phases   ] GC(113)   Evacuate Collection Set: 0.31ms
[2026-09-07T10:42:58.206+0900][9.516s][info][gc,phases   ] GC(113)   Post Evacuate Collection Set: 0.12ms
[2026-09-07T10:42:58.206+0900][9.516s][info][gc,phases   ] GC(113)   Other: 0.02ms
[2026-09-07T10:42:58.206+0900][9.516s][info][gc,heap     ] GC(113) Eden regions: 127->0(126)
[2026-09-07T10:42:58.206+0900][9.516s][info][gc,heap     ] GC(113) Survivor regions: 1->2(16)
[2026-09-07T10:42:58.206+0900][9.516s][info][gc,heap     ] GC(113) Old regions: 53->53
[2026-09-07T10:42:58.206+0900][9.516s][info][gc,heap     ] GC(113) Humongous regions: 1->1
[2026-09-07T10:42:58.206+0900][9.516s][info][gc,metaspace] GC(113) Metaspace: 23354K(23872K)->23354K(23872K) NonClass: 20535K(20800K)->20535K(20800K) Class: 2819K(3072K)->2819K(3072K)
[2026-09-07T10:42:58.206+0900][9.516s][info][gc          ] GC(113) Pause Young (Normal) (G1 Evacuation Pause) 362M->109M(428M) 0.604ms
[2026-09-07T10:42:58.206+0900][9.516s][info][gc,cpu      ] GC(113) User=0.00s Sys=0.00s Real=0.00s
[2026-09-07T10:42:58.206+0900][9.516s][info][safepoint   ] Safepoint "G1CollectForAllocation", Time since last: 97659750 ns, Reaching safepoint: 1208 ns, Cleanup: 4875 ns, At safepoint: 617042 ns, Leaving safepoint: 1750 ns, Total: 624875 ns
[2026-09-07T10:42:58.301+0900][9.612s][info][gc,start    ] GC(114) Pause Young (Normal) (G1 Evacuation Pause)
[2026-09-07T10:42:58.301+0900][9.612s][info][gc,task     ] GC(114) Using 9 workers of 9 for evacuation
[2026-09-07T10:42:58.302+0900][9.612s][info][gc,phases   ] GC(114)   Pre Evacuate Collection Set: 0.07ms
[2026-09-07T10:42:58.302+0900][9.612s][info][gc,phases   ] GC(114)   Merge Heap Roots: 0.04ms
[2026-09-07T10:42:58.302+0900][9.612s][info][gc,phases   ] GC(114)   Evacuate Collection Set: 0.37ms
[2026-09-07T10:42:58.302+0900][9.612s][info][gc,phases   ] GC(114)   Post Evacuate Collection Set: 0.12ms
[2026-09-07T10:42:58.302+0900][9.612s][info][gc,phases   ] GC(114)   Other: 0.02ms
[2026-09-07T10:42:58.302+0900][9.612s][info][gc,heap     ] GC(114) Eden regions: 126->0(125)
[2026-09-07T10:42:58.302+0900][9.612s][info][gc,heap     ] GC(114) Survivor regions: 2->3(16)
[2026-09-07T10:42:58.302+0900][9.612s][info][gc,heap     ] GC(114) Old regions: 53->53
[2026-09-07T10:42:58.302+0900][9.612s][info][gc,heap     ] GC(114) Humongous regions: 1->1
[2026-09-07T10:42:58.302+0900][9.612s][info][gc,metaspace] GC(114) Metaspace: 23354K(23872K)->23354K(23872K) NonClass: 20535K(20800K)->20535K(20800K) Class: 2819K(3072K)->2819K(3072K)
[2026-09-07T10:42:58.302+0900][9.612s][info][gc          ] GC(114) Pause Young (Normal) (G1 Evacuation Pause) 361M->111M(428M) 0.690ms
[2026-09-07T10:42:58.302+0900][9.612s][info][gc,cpu      ] GC(114) User=0.00s Sys=0.00s Real=0.00s
[2026-09-07T10:42:58.302+0900][9.612s][info][safepoint   ] Safepoint "G1CollectForAllocation", Time since last: 95554625 ns, Reaching safepoint: 1125 ns, Cleanup: 958 ns, At safepoint: 704375 ns, Leaving safepoint: 1208 ns, Total: 707666 ns
[2026-09-07T10:42:58.399+0900][9.709s][info][gc,start    ] GC(115) Pause Young (Normal) (G1 Evacuation Pause)
[2026-09-07T10:42:58.399+0900][9.709s][info][gc,task     ] GC(115) Using 9 workers of 9 for evacuation
[2026-09-07T10:42:58.399+0900][9.710s][info][gc,phases   ] GC(115)   Pre Evacuate Collection Set: 0.08ms
[2026-09-07T10:42:58.399+0900][9.710s][info][gc,phases   ] GC(115)   Merge Heap Roots: 0.02ms
[2026-09-07T10:42:58.399+0900][9.710s][info][gc,phases   ] GC(115)   Evacuate Collection Set: 0.20ms
[2026-09-07T10:42:58.399+0900][9.710s][info][gc,phases   ] GC(115)   Post Evacuate Collection Set: 0.12ms
[2026-09-07T10:42:58.399+0900][9.710s][info][gc,phases   ] GC(115)   Other: 0.02ms
[2026-09-07T10:42:58.399+0900][9.710s][info][gc,heap     ] GC(115) Eden regions: 125->0(127)
[2026-09-07T10:42:58.399+0900][9.710s][info][gc,heap     ] GC(115) Survivor regions: 3->1(16)
[2026-09-07T10:42:58.399+0900][9.710s][info][gc,heap     ] GC(115) Old regions: 53->53
[2026-09-07T10:42:58.399+0900][9.710s][info][gc,heap     ] GC(115) Humongous regions: 1->1
[2026-09-07T10:42:58.399+0900][9.710s][info][gc,metaspace] GC(115) Metaspace: 23354K(23872K)->23354K(23872K) NonClass: 20535K(20800K)->20535K(20800K) Class: 2819K(3072K)->2819K(3072K)
[2026-09-07T10:42:58.399+0900][9.710s][info][gc          ] GC(115) Pause Young (Normal) (G1 Evacuation Pause) 361M->108M(428M) 0.520ms
[2026-09-07T10:42:58.399+0900][9.710s][info][gc,cpu      ] GC(115) User=0.00s Sys=0.00s Real=0.00s
[2026-09-07T10:42:58.399+0900][9.710s][info][safepoint   ] Safepoint "G1CollectForAllocation", Time since last: 96917792 ns, Reaching safepoint: 875 ns, Cleanup: 3583 ns, At safepoint: 535125 ns, Leaving safepoint: 1125 ns, Total: 540708 ns
[2026-09-07T10:42:58.497+0900][9.807s][info][gc,start    ] GC(116) Pause Young (Normal) (G1 Evacuation Pause)
[2026-09-07T10:42:58.497+0900][9.807s][info][gc,task     ] GC(116) Using 9 workers of 9 for evacuation
[2026-09-07T10:42:58.497+0900][9.808s][info][gc,phases   ] GC(116)   Pre Evacuate Collection Set: 0.05ms
[2026-09-07T10:42:58.497+0900][9.808s][info][gc,phases   ] GC(116)   Merge Heap Roots: 0.05ms
[2026-09-07T10:42:58.498+0900][9.808s][info][gc,phases   ] GC(116)   Evacuate Collection Set: 0.31ms
[2026-09-07T10:42:58.498+0900][9.808s][info][gc,phases   ] GC(116)   Post Evacuate Collection Set: 0.13ms
[2026-09-07T10:42:58.498+0900][9.808s][info][gc,phases   ] GC(116)   Other: 0.02ms
[2026-09-07T10:42:58.498+0900][9.808s][info][gc,heap     ] GC(116) Eden regions: 127->0(126)
[2026-09-07T10:42:58.498+0900][9.808s][info][gc,heap     ] GC(116) Survivor regions: 1->2(16)
[2026-09-07T10:42:58.498+0900][9.808s][info][gc,heap     ] GC(116) Old regions: 53->53
[2026-09-07T10:42:58.498+0900][9.808s][info][gc,heap     ] GC(116) Humongous regions: 1->1
[2026-09-07T10:42:58.498+0900][9.808s][info][gc,metaspace] GC(116) Metaspace: 23354K(23872K)->23354K(23872K) NonClass: 20535K(20800K)->20535K(20800K) Class: 2819K(3072K)->2819K(3072K)
[2026-09-07T10:42:58.498+0900][9.808s][info][gc          ] GC(116) Pause Young (Normal) (G1 Evacuation Pause) 362M->109M(428M) 0.641ms
[2026-09-07T10:42:58.498+0900][9.808s][info][gc,cpu      ] GC(116) User=0.00s Sys=0.00s Real=0.00s
[2026-09-07T10:42:58.498+0900][9.808s][info][safepoint   ] Safepoint "G1CollectForAllocation", Time since last: 97417125 ns, Reaching safepoint: 1709 ns, Cleanup: 1250 ns, At safepoint: 655583 ns, Leaving safepoint: 1292 ns, Total: 659834 ns
[2026-09-07T10:42:58.593+0900][9.904s][info][gc,start    ] GC(117) Pause Young (Normal) (G1 Evacuation Pause)
[2026-09-07T10:42:58.594+0900][9.904s][info][gc,task     ] GC(117) Using 9 workers of 9 for evacuation
[2026-09-07T10:42:58.594+0900][9.904s][info][gc,phases   ] GC(117)   Pre Evacuate Collection Set: 0.10ms
[2026-09-07T10:42:58.594+0900][9.904s][info][gc,phases   ] GC(117)   Merge Heap Roots: 0.03ms
[2026-09-07T10:42:58.594+0900][9.904s][info][gc,phases   ] GC(117)   Evacuate Collection Set: 0.41ms
[2026-09-07T10:42:58.594+0900][9.904s][info][gc,phases   ] GC(117)   Post Evacuate Collection Set: 0.12ms
[2026-09-07T10:42:58.594+0900][9.904s][info][gc,phases   ] GC(117)   Other: 0.02ms
[2026-09-07T10:42:58.594+0900][9.904s][info][gc,heap     ] GC(117) Eden regions: 126->0(125)
[2026-09-07T10:42:58.594+0900][9.904s][info][gc,heap     ] GC(117) Survivor regions: 2->3(16)
[2026-09-07T10:42:58.594+0900][9.904s][info][gc,heap     ] GC(117) Old regions: 53->53
[2026-09-07T10:42:58.594+0900][9.904s][info][gc,heap     ] GC(117) Humongous regions: 1->1
[2026-09-07T10:42:58.594+0900][9.904s][info][gc,metaspace] GC(117) Metaspace: 23354K(23872K)->23354K(23872K) NonClass: 20535K(20800K)->20535K(20800K) Class: 2819K(3072K)->2819K(3072K)
[2026-09-07T10:42:58.594+0900][9.904s][info][gc          ] GC(117) Pause Young (Normal) (G1 Evacuation Pause) 361M->111M(428M) 0.760ms
[2026-09-07T10:42:58.594+0900][9.904s][info][gc,cpu      ] GC(117) User=0.00s Sys=0.00s Real=0.00s
[2026-09-07T10:42:58.594+0900][9.904s][info][safepoint   ] Safepoint "G1CollectForAllocation", Time since last: 95929041 ns, Reaching safepoint: 1167 ns, Cleanup: 958 ns, At safepoint: 773250 ns, Leaving safepoint: 1042 ns, Total: 776417 ns
[2026-09-07T10:42:58.691+0900][10.001s][info][gc,start    ] GC(118) Pause Young (Normal) (G1 Evacuation Pause)
[2026-09-07T10:42:58.691+0900][10.001s][info][gc,task     ] GC(118) Using 9 workers of 9 for evacuation
[2026-09-07T10:42:58.691+0900][10.002s][info][gc,phases   ] GC(118)   Pre Evacuate Collection Set: 0.07ms
[2026-09-07T10:42:58.691+0900][10.002s][info][gc,phases   ] GC(118)   Merge Heap Roots: 0.05ms
[2026-09-07T10:42:58.691+0900][10.002s][info][gc,phases   ] GC(118)   Evacuate Collection Set: 0.23ms
[2026-09-07T10:42:58.691+0900][10.002s][info][gc,phases   ] GC(118)   Post Evacuate Collection Set: 0.12ms
[2026-09-07T10:42:58.691+0900][10.002s][info][gc,phases   ] GC(118)   Other: 0.02ms
[2026-09-07T10:42:58.691+0900][10.002s][info][gc,heap     ] GC(118) Eden regions: 125->0(127)
[2026-09-07T10:42:58.691+0900][10.002s][info][gc,heap     ] GC(118) Survivor regions: 3->1(16)
[2026-09-07T10:42:58.691+0900][10.002s][info][gc,heap     ] GC(118) Old regions: 53->53
[2026-09-07T10:42:58.691+0900][10.002s][info][gc,heap     ] GC(118) Humongous regions: 1->1
[2026-09-07T10:42:58.691+0900][10.002s][info][gc,metaspace] GC(118) Metaspace: 23354K(23872K)->23354K(23872K) NonClass: 20535K(20800K)->20535K(20800K) Class: 2819K(3072K)->2819K(3072K)
[2026-09-07T10:42:58.691+0900][10.002s][info][gc          ] GC(118) Pause Young (Normal) (G1 Evacuation Pause) 361M->108M(428M) 0.570ms
[2026-09-07T10:42:58.692+0900][10.002s][info][gc,cpu      ] GC(118) User=0.00s Sys=0.00s Real=0.00s
[2026-09-07T10:42:58.692+0900][10.002s][info][safepoint   ] Safepoint "G1CollectForAllocation", Time since last: 96666917 ns, Reaching safepoint: 1375 ns, Cleanup: 1000 ns, At safepoint: 586333 ns, Leaving safepoint: 1167 ns, Total: 589875 ns
[2026-09-07T10:42:58.788+0900][10.098s][info][gc,start    ] GC(119) Pause Young (Normal) (G1 Evacuation Pause)
[2026-09-07T10:42:58.788+0900][10.098s][info][gc,task     ] GC(119) Using 9 workers of 9 for evacuation
[2026-09-07T10:42:58.789+0900][10.099s][info][gc,phases   ] GC(119)   Pre Evacuate Collection Set: 0.07ms
[2026-09-07T10:42:58.789+0900][10.099s][info][gc,phases   ] GC(119)   Merge Heap Roots: 0.02ms
[2026-09-07T10:42:58.789+0900][10.099s][info][gc,phases   ] GC(119)   Evacuate Collection Set: 0.31ms
[2026-09-07T10:42:58.789+0900][10.099s][info][gc,phases   ] GC(119)   Post Evacuate Collection Set: 0.12ms
[2026-09-07T10:42:58.789+0900][10.099s][info][gc,phases   ] GC(119)   Other: 0.02ms
[2026-09-07T10:42:58.789+0900][10.099s][info][gc,heap     ] GC(119) Eden regions: 127->0(126)
[2026-09-07T10:42:58.789+0900][10.099s][info][gc,heap     ] GC(119) Survivor regions: 1->2(16)
[2026-09-07T10:42:58.789+0900][10.099s][info][gc,heap     ] GC(119) Old regions: 53->53
[2026-09-07T10:42:58.789+0900][10.099s][info][gc,heap     ] GC(119) Humongous regions: 1->1
[2026-09-07T10:42:58.789+0900][10.099s][info][gc,metaspace] GC(119) Metaspace: 23354K(23872K)->23354K(23872K) NonClass: 20535K(20800K)->20535K(20800K) Class: 2819K(3072K)->2819K(3072K)
[2026-09-07T10:42:58.789+0900][10.099s][info][gc          ] GC(119) Pause Young (Normal) (G1 Evacuation Pause) 362M->110M(428M) 0.594ms
[2026-09-07T10:42:58.789+0900][10.099s][info][gc,cpu      ] GC(119) User=0.00s Sys=0.01s Real=0.00s
[2026-09-07T10:42:58.789+0900][10.099s][info][safepoint   ] Safepoint "G1CollectForAllocation", Time since last: 96482000 ns, Reaching safepoint: 1458 ns, Cleanup: 2708 ns, At safepoint: 606084 ns, Leaving safepoint: 1208 ns, Total: 611458 ns
[2026-09-07T10:42:58.884+0900][10.194s][info][gc,start    ] GC(120) Pause Young (Normal) (G1 Evacuation Pause)
[2026-09-07T10:42:58.884+0900][10.194s][info][gc,task     ] GC(120) Using 9 workers of 9 for evacuation
[2026-09-07T10:42:58.885+0900][10.195s][info][gc,phases   ] GC(120)   Pre Evacuate Collection Set: 0.10ms
[2026-09-07T10:42:58.885+0900][10.195s][info][gc,phases   ] GC(120)   Merge Heap Roots: 0.05ms
[2026-09-07T10:42:58.885+0900][10.195s][info][gc,phases   ] GC(120)   Evacuate Collection Set: 0.41ms
[2026-09-07T10:42:58.885+0900][10.195s][info][gc,phases   ] GC(120)   Post Evacuate Collection Set: 0.11ms
[2026-09-07T10:42:58.885+0900][10.195s][info][gc,phases   ] GC(120)   Other: 0.02ms
[2026-09-07T10:42:58.885+0900][10.195s][info][gc,heap     ] GC(120) Eden regions: 126->0(125)
[2026-09-07T10:42:58.885+0900][10.195s][info][gc,heap     ] GC(120) Survivor regions: 2->3(16)
[2026-09-07T10:42:58.885+0900][10.195s][info][gc,heap     ] GC(120) Old regions: 53->53
[2026-09-07T10:42:58.885+0900][10.195s][info][gc,heap     ] GC(120) Humongous regions: 1->1
[2026-09-07T10:42:58.885+0900][10.195s][info][gc,metaspace] GC(120) Metaspace: 23354K(23872K)->23354K(23872K) NonClass: 20535K(20800K)->20535K(20800K) Class: 2819K(3072K)->2819K(3072K)
[2026-09-07T10:42:58.885+0900][10.195s][info][gc          ] GC(120) Pause Young (Normal) (G1 Evacuation Pause) 362M->111M(428M) 0.765ms
[2026-09-07T10:42:58.885+0900][10.195s][info][gc,cpu      ] GC(120) User=0.01s Sys=0.00s Real=0.00s
[2026-09-07T10:42:58.885+0900][10.195s][info][safepoint   ] Safepoint "G1CollectForAllocation", Time since last: 95584292 ns, Reaching safepoint: 1666 ns, Cleanup: 917 ns, At safepoint: 778667 ns, Leaving safepoint: 1416 ns, Total: 782666 ns
[2026-09-07T10:42:58.981+0900][10.291s][info][gc,start    ] GC(121) Pause Young (Normal) (G1 Evacuation Pause)
[2026-09-07T10:42:58.981+0900][10.291s][info][gc,task     ] GC(121) Using 9 workers of 9 for evacuation
[2026-09-07T10:42:58.981+0900][10.292s][info][gc,phases   ] GC(121)   Pre Evacuate Collection Set: 0.08ms
[2026-09-07T10:42:58.982+0900][10.292s][info][gc,phases   ] GC(121)   Merge Heap Roots: 0.03ms
[2026-09-07T10:42:58.982+0900][10.292s][info][gc,phases   ] GC(121)   Evacuate Collection Set: 0.26ms
[2026-09-07T10:42:58.982+0900][10.292s][info][gc,phases   ] GC(121)   Post Evacuate Collection Set: 0.12ms
[2026-09-07T10:42:58.982+0900][10.292s][info][gc,phases   ] GC(121)   Other: 0.02ms
[2026-09-07T10:42:58.982+0900][10.292s][info][gc,heap     ] GC(121) Eden regions: 125->0(126)
[2026-09-07T10:42:58.982+0900][10.292s][info][gc,heap     ] GC(121) Survivor regions: 3->2(16)
[2026-09-07T10:42:58.982+0900][10.292s][info][gc,heap     ] GC(121) Old regions: 53->53
[2026-09-07T10:42:58.982+0900][10.292s][info][gc,heap     ] GC(121) Humongous regions: 1->1
[2026-09-07T10:42:58.982+0900][10.292s][info][gc,metaspace] GC(121) Metaspace: 23354K(23872K)->23354K(23872K) NonClass: 20535K(20800K)->20535K(20800K) Class: 2819K(3072K)->2819K(3072K)
[2026-09-07T10:42:58.982+0900][10.292s][info][gc          ] GC(121) Pause Young (Normal) (G1 Evacuation Pause) 361M->109M(428M) 0.609ms
[2026-09-07T10:42:58.982+0900][10.292s][info][gc,cpu      ] GC(121) User=0.01s Sys=0.00s Real=0.00s
[2026-09-07T10:42:58.982+0900][10.292s][info][safepoint   ] Safepoint "G1CollectForAllocation", Time since last: 95961834 ns, Reaching safepoint: 1750 ns, Cleanup: 1458 ns, At safepoint: 625917 ns, Leaving safepoint: 1166 ns, Total: 630291 ns
[2026-09-07T10:42:59.079+0900][10.389s][info][gc,start    ] GC(122) Pause Young (Normal) (G1 Evacuation Pause)
[2026-09-07T10:42:59.079+0900][10.389s][info][gc,task     ] GC(122) Using 9 workers of 9 for evacuation
[2026-09-07T10:42:59.079+0900][10.389s][info][gc,phases   ] GC(122)   Pre Evacuate Collection Set: 0.08ms
[2026-09-07T10:42:59.079+0900][10.389s][info][gc,phases   ] GC(122)   Merge Heap Roots: 0.04ms
[2026-09-07T10:42:59.079+0900][10.389s][info][gc,phases   ] GC(122)   Evacuate Collection Set: 0.33ms
[2026-09-07T10:42:59.079+0900][10.389s][info][gc,phases   ] GC(122)   Post Evacuate Collection Set: 0.11ms
[2026-09-07T10:42:59.079+0900][10.389s][info][gc,phases   ] GC(122)   Other: 0.02ms
[2026-09-07T10:42:59.079+0900][10.389s][info][gc,heap     ] GC(122) Eden regions: 126->0(126)
[2026-09-07T10:42:59.079+0900][10.389s][info][gc,heap     ] GC(122) Survivor regions: 2->2(16)
[2026-09-07T10:42:59.079+0900][10.389s][info][gc,heap     ] GC(122) Old regions: 53->53
[2026-09-07T10:42:59.079+0900][10.389s][info][gc,heap     ] GC(122) Humongous regions: 1->1
[2026-09-07T10:42:59.079+0900][10.389s][info][gc,metaspace] GC(122) Metaspace: 23354K(23872K)->23354K(23872K) NonClass: 20535K(20800K)->20535K(20800K) Class: 2819K(3072K)->2819K(3072K)
[2026-09-07T10:42:59.079+0900][10.389s][info][gc          ] GC(122) Pause Young (Normal) (G1 Evacuation Pause) 361M->110M(428M) 0.651ms
[2026-09-07T10:42:59.079+0900][10.389s][info][gc,cpu      ] GC(122) User=0.01s Sys=0.00s Real=0.00s
[2026-09-07T10:42:59.079+0900][10.389s][info][safepoint   ] Safepoint "G1CollectForAllocation", Time since last: 97066250 ns, Reaching safepoint: 1292 ns, Cleanup: 667 ns, At safepoint: 665375 ns, Leaving safepoint: 1000 ns, Total: 668334 ns
[2026-09-07T10:42:59.176+0900][10.486s][info][gc,start    ] GC(123) Pause Young (Normal) (G1 Evacuation Pause)
[2026-09-07T10:42:59.176+0900][10.486s][info][gc,task     ] GC(123) Using 9 workers of 9 for evacuation
[2026-09-07T10:42:59.176+0900][10.487s][info][gc,phases   ] GC(123)   Pre Evacuate Collection Set: 0.07ms
[2026-09-07T10:42:59.176+0900][10.487s][info][gc,phases   ] GC(123)   Merge Heap Roots: 0.04ms
[2026-09-07T10:42:59.176+0900][10.487s][info][gc,phases   ] GC(123)   Evacuate Collection Set: 0.42ms
[2026-09-07T10:42:59.176+0900][10.487s][info][gc,phases   ] GC(123)   Post Evacuate Collection Set: 0.12ms
[2026-09-07T10:42:59.176+0900][10.487s][info][gc,phases   ] GC(123)   Other: 0.02ms
[2026-09-07T10:42:59.176+0900][10.487s][info][gc,heap     ] GC(123) Eden regions: 126->0(125)
[2026-09-07T10:42:59.176+0900][10.487s][info][gc,heap     ] GC(123) Survivor regions: 2->3(16)
[2026-09-07T10:42:59.176+0900][10.487s][info][gc,heap     ] GC(123) Old regions: 53->53
[2026-09-07T10:42:59.176+0900][10.487s][info][gc,heap     ] GC(123) Humongous regions: 1->1
[2026-09-07T10:42:59.176+0900][10.487s][info][gc,metaspace] GC(123) Metaspace: 23354K(23872K)->23354K(23872K) NonClass: 20535K(20800K)->20535K(20800K) Class: 2819K(3072K)->2819K(3072K)
[2026-09-07T10:42:59.176+0900][10.487s][info][gc          ] GC(123) Pause Young (Normal) (G1 Evacuation Pause) 362M->112M(428M) 0.748ms
[2026-09-07T10:42:59.176+0900][10.487s][info][gc,cpu      ] GC(123) User=0.01s Sys=0.00s Real=0.00s
[2026-09-07T10:42:59.176+0900][10.487s][info][safepoint   ] Safepoint "G1CollectForAllocation", Time since last: 96306833 ns, Reaching safepoint: 750 ns, Cleanup: 708 ns, At safepoint: 761000 ns, Leaving safepoint: 1334 ns, Total: 763792 ns
[2026-09-07T10:42:59.272+0900][10.582s][info][gc,start    ] GC(124) Pause Young (Normal) (G1 Evacuation Pause)
[2026-09-07T10:42:59.272+0900][10.582s][info][gc,task     ] GC(124) Using 9 workers of 9 for evacuation
[2026-09-07T10:42:59.272+0900][10.582s][info][gc,phases   ] GC(124)   Pre Evacuate Collection Set: 0.07ms
[2026-09-07T10:42:59.272+0900][10.582s][info][gc,phases   ] GC(124)   Merge Heap Roots: 0.02ms
[2026-09-07T10:42:59.272+0900][10.582s][info][gc,phases   ] GC(124)   Evacuate Collection Set: 0.28ms
[2026-09-07T10:42:59.272+0900][10.582s][info][gc,phases   ] GC(124)   Post Evacuate Collection Set: 0.11ms
[2026-09-07T10:42:59.272+0900][10.582s][info][gc,phases   ] GC(124)   Other: 0.02ms
[2026-09-07T10:42:59.272+0900][10.582s][info][gc,heap     ] GC(124) Eden regions: 125->0(126)
[2026-09-07T10:42:59.272+0900][10.582s][info][gc,heap     ] GC(124) Survivor regions: 3->2(16)
[2026-09-07T10:42:59.272+0900][10.582s][info][gc,heap     ] GC(124) Old regions: 53->53
[2026-09-07T10:42:59.272+0900][10.582s][info][gc,heap     ] GC(124) Humongous regions: 1->1
[2026-09-07T10:42:59.272+0900][10.582s][info][gc,metaspace] GC(124) Metaspace: 23354K(23872K)->23354K(23872K) NonClass: 20535K(20800K)->20535K(20800K) Class: 2819K(3072K)->2819K(3072K)
[2026-09-07T10:42:59.272+0900][10.582s][info][gc          ] GC(124) Pause Young (Normal) (G1 Evacuation Pause) 362M->109M(428M) 0.564ms
[2026-09-07T10:42:59.272+0900][10.582s][info][gc,cpu      ] GC(124) User=0.00s Sys=0.00s Real=0.00s
[2026-09-07T10:42:59.272+0900][10.582s][info][safepoint   ] Safepoint "G1CollectForAllocation", Time since last: 95202083 ns, Reaching safepoint: 875 ns, Cleanup: 583 ns, At safepoint: 577000 ns, Leaving safepoint: 1042 ns, Total: 579500 ns
[2026-09-07T10:42:59.368+0900][10.679s][info][gc,start    ] GC(125) Pause Young (Normal) (G1 Evacuation Pause)
[2026-09-07T10:42:59.368+0900][10.679s][info][gc,task     ] GC(125) Using 9 workers of 9 for evacuation
[2026-09-07T10:42:59.369+0900][10.679s][info][gc,phases   ] GC(125)   Pre Evacuate Collection Set: 0.05ms
[2026-09-07T10:42:59.369+0900][10.679s][info][gc,phases   ] GC(125)   Merge Heap Roots: 0.04ms
[2026-09-07T10:42:59.369+0900][10.679s][info][gc,phases   ] GC(125)   Evacuate Collection Set: 0.36ms
[2026-09-07T10:42:59.369+0900][10.679s][info][gc,phases   ] GC(125)   Post Evacuate Collection Set: 0.12ms
[2026-09-07T10:42:59.369+0900][10.679s][info][gc,phases   ] GC(125)   Other: 0.02ms
[2026-09-07T10:42:59.369+0900][10.679s][info][gc,heap     ] GC(125) Eden regions: 126->0(126)
[2026-09-07T10:42:59.369+0900][10.679s][info][gc,heap     ] GC(125) Survivor regions: 2->2(16)
[2026-09-07T10:42:59.369+0900][10.679s][info][gc,heap     ] GC(125) Old regions: 53->53
[2026-09-07T10:42:59.369+0900][10.679s][info][gc,heap     ] GC(125) Humongous regions: 1->1
[2026-09-07T10:42:59.369+0900][10.679s][info][gc,metaspace] GC(125) Metaspace: 23354K(23872K)->23354K(23872K) NonClass: 20535K(20800K)->20535K(20800K) Class: 2819K(3072K)->2819K(3072K)
[2026-09-07T10:42:59.369+0900][10.679s][info][gc          ] GC(125) Pause Young (Normal) (G1 Evacuation Pause) 361M->110M(428M) 0.655ms
[2026-09-07T10:42:59.369+0900][10.679s][info][gc,cpu      ] GC(125) User=0.00s Sys=0.00s Real=0.00s
[2026-09-07T10:42:59.369+0900][10.679s][info][safepoint   ] Safepoint "G1CollectForAllocation", Time since last: 96269167 ns, Reaching safepoint: 1125 ns, Cleanup: 1041 ns, At safepoint: 667125 ns, Leaving safepoint: 1167 ns, Total: 670458 ns
[2026-09-07T10:42:59.467+0900][10.778s][info][gc,start    ] GC(126) Pause Young (Normal) (G1 Evacuation Pause)
[2026-09-07T10:42:59.467+0900][10.778s][info][gc,task     ] GC(126) Using 9 workers of 9 for evacuation
[2026-09-07T10:42:59.468+0900][10.778s][info][gc,phases   ] GC(126)   Pre Evacuate Collection Set: 0.08ms
[2026-09-07T10:42:59.468+0900][10.778s][info][gc,phases   ] GC(126)   Merge Heap Roots: 0.03ms
[2026-09-07T10:42:59.468+0900][10.778s][info][gc,phases   ] GC(126)   Evacuate Collection Set: 0.15ms
[2026-09-07T10:42:59.468+0900][10.778s][info][gc,phases   ] GC(126)   Post Evacuate Collection Set: 0.12ms
[2026-09-07T10:42:59.468+0900][10.778s][info][gc,phases   ] GC(126)   Other: 0.02ms
[2026-09-07T10:42:59.468+0900][10.778s][info][gc,heap     ] GC(126) Eden regions: 126->0(127)
[2026-09-07T10:42:59.468+0900][10.778s][info][gc,heap     ] GC(126) Survivor regions: 2->1(16)
[2026-09-07T10:42:59.468+0900][10.778s][info][gc,heap     ] GC(126) Old regions: 53->53
[2026-09-07T10:42:59.468+0900][10.778s][info][gc,heap     ] GC(126) Humongous regions: 1->1
[2026-09-07T10:42:59.468+0900][10.778s][info][gc,metaspace] GC(126) Metaspace: 23354K(23872K)->23354K(23872K) NonClass: 20535K(20800K)->20535K(20800K) Class: 2819K(3072K)->2819K(3072K)
[2026-09-07T10:42:59.468+0900][10.778s][info][gc          ] GC(126) Pause Young (Normal) (G1 Evacuation Pause) 362M->108M(428M) 0.468ms
[2026-09-07T10:42:59.468+0900][10.778s][info][gc,cpu      ] GC(126) User=0.00s Sys=0.00s Real=0.00s
[2026-09-07T10:42:59.468+0900][10.778s][info][safepoint   ] Safepoint "G1CollectForAllocation", Time since last: 98314542 ns, Reaching safepoint: 1166 ns, Cleanup: 1750 ns, At safepoint: 480542 ns, Leaving safepoint: 1458 ns, Total: 484916 ns
[2026-09-07T10:42:59.564+0900][10.875s][info][gc,start    ] GC(127) Pause Young (Normal) (G1 Evacuation Pause)
[2026-09-07T10:42:59.564+0900][10.875s][info][gc,task     ] GC(127) Using 9 workers of 9 for evacuation
[2026-09-07T10:42:59.565+0900][10.875s][info][gc,phases   ] GC(127)   Pre Evacuate Collection Set: 0.07ms
[2026-09-07T10:42:59.565+0900][10.875s][info][gc,phases   ] GC(127)   Merge Heap Roots: 0.02ms
[2026-09-07T10:42:59.565+0900][10.875s][info][gc,phases   ] GC(127)   Evacuate Collection Set: 0.28ms
[2026-09-07T10:42:59.565+0900][10.875s][info][gc,phases   ] GC(127)   Post Evacuate Collection Set: 0.12ms
[2026-09-07T10:42:59.565+0900][10.875s][info][gc,phases   ] GC(127)   Other: 0.02ms
[2026-09-07T10:42:59.565+0900][10.875s][info][gc,heap     ] GC(127) Eden regions: 127->0(126)
[2026-09-07T10:42:59.565+0900][10.875s][info][gc,heap     ] GC(127) Survivor regions: 1->2(16)
[2026-09-07T10:42:59.565+0900][10.875s][info][gc,heap     ] GC(127) Old regions: 53->53
[2026-09-07T10:42:59.565+0900][10.875s][info][gc,heap     ] GC(127) Humongous regions: 1->1
[2026-09-07T10:42:59.565+0900][10.875s][info][gc,metaspace] GC(127) Metaspace: 23354K(23872K)->23354K(23872K) NonClass: 20535K(20800K)->20535K(20800K) Class: 2819K(3072K)->2819K(3072K)
[2026-09-07T10:42:59.565+0900][10.875s][info][gc          ] GC(127) Pause Young (Normal) (G1 Evacuation Pause) 362M->109M(428M) 0.573ms
[2026-09-07T10:42:59.565+0900][10.875s][info][gc,cpu      ] GC(127) User=0.00s Sys=0.00s Real=0.00s
[2026-09-07T10:42:59.565+0900][10.875s][info][safepoint   ] Safepoint "G1CollectForAllocation", Time since last: 96425417 ns, Reaching safepoint: 1125 ns, Cleanup: 1000 ns, At safepoint: 586208 ns, Leaving safepoint: 1084 ns, Total: 589417 ns
[2026-09-07T10:42:59.661+0900][10.972s][info][gc,start    ] GC(128) Pause Young (Normal) (G1 Evacuation Pause)
[2026-09-07T10:42:59.662+0900][10.972s][info][gc,task     ] GC(128) Using 9 workers of 9 for evacuation
[2026-09-07T10:42:59.662+0900][10.972s][info][gc,phases   ] GC(128)   Pre Evacuate Collection Set: 0.08ms
[2026-09-07T10:42:59.662+0900][10.972s][info][gc,phases   ] GC(128)   Merge Heap Roots: 0.02ms
[2026-09-07T10:42:59.662+0900][10.972s][info][gc,phases   ] GC(128)   Evacuate Collection Set: 0.42ms
[2026-09-07T10:42:59.662+0900][10.972s][info][gc,phases   ] GC(128)   Post Evacuate Collection Set: 0.13ms
[2026-09-07T10:42:59.662+0900][10.972s][info][gc,phases   ] GC(128)   Other: 0.02ms
[2026-09-07T10:42:59.662+0900][10.972s][info][gc,heap     ] GC(128) Eden regions: 126->0(125)
[2026-09-07T10:42:59.662+0900][10.972s][info][gc,heap     ] GC(128) Survivor regions: 2->3(16)
[2026-09-07T10:42:59.662+0900][10.972s][info][gc,heap     ] GC(128) Old regions: 53->53
[2026-09-07T10:42:59.662+0900][10.972s][info][gc,heap     ] GC(128) Humongous regions: 1->1
[2026-09-07T10:42:59.662+0900][10.972s][info][gc,metaspace] GC(128) Metaspace: 23354K(23872K)->23354K(23872K) NonClass: 20535K(20800K)->20535K(20800K) Class: 2819K(3072K)->2819K(3072K)
[2026-09-07T10:42:59.662+0900][10.972s][info][gc          ] GC(128) Pause Young (Normal) (G1 Evacuation Pause) 361M->111M(428M) 0.739ms
[2026-09-07T10:42:59.662+0900][10.972s][info][gc,cpu      ] GC(128) User=0.00s Sys=0.00s Real=0.00s
[2026-09-07T10:42:59.662+0900][10.972s][info][safepoint   ] Safepoint "G1CollectForAllocation", Time since last: 96573416 ns, Reaching safepoint: 1167 ns, Cleanup: 625 ns, At safepoint: 753292 ns, Leaving safepoint: 1041 ns, Total: 756125 ns
[2026-09-07T10:42:59.759+0900][11.070s][info][gc,start    ] GC(129) Pause Young (Normal) (G1 Evacuation Pause)
[2026-09-07T10:42:59.759+0900][11.070s][info][gc,task     ] GC(129) Using 9 workers of 9 for evacuation
[2026-09-07T10:42:59.760+0900][11.070s][info][gc,phases   ] GC(129)   Pre Evacuate Collection Set: 0.06ms
[2026-09-07T10:42:59.760+0900][11.070s][info][gc,phases   ] GC(129)   Merge Heap Roots: 0.03ms
[2026-09-07T10:42:59.760+0900][11.070s][info][gc,phases   ] GC(129)   Evacuate Collection Set: 0.21ms
[2026-09-07T10:42:59.760+0900][11.070s][info][gc,phases   ] GC(129)   Post Evacuate Collection Set: 0.12ms
[2026-09-07T10:42:59.760+0900][11.070s][info][gc,phases   ] GC(129)   Other: 0.02ms
[2026-09-07T10:42:59.760+0900][11.070s][info][gc,heap     ] GC(129) Eden regions: 125->0(127)
[2026-09-07T10:42:59.760+0900][11.070s][info][gc,heap     ] GC(129) Survivor regions: 3->1(16)
[2026-09-07T10:42:59.760+0900][11.070s][info][gc,heap     ] GC(129) Old regions: 53->53
[2026-09-07T10:42:59.760+0900][11.070s][info][gc,heap     ] GC(129) Humongous regions: 1->1
[2026-09-07T10:42:59.760+0900][11.070s][info][gc,metaspace] GC(129) Metaspace: 23354K(23872K)->23354K(23872K) NonClass: 20535K(20800K)->20535K(20800K) Class: 2819K(3072K)->2819K(3072K)
[2026-09-07T10:42:59.760+0900][11.070s][info][gc          ] GC(129) Pause Young (Normal) (G1 Evacuation Pause) 361M->108M(428M) 0.509ms
[2026-09-07T10:42:59.760+0900][11.070s][info][gc,cpu      ] GC(129) User=0.00s Sys=0.00s Real=0.01s
[2026-09-07T10:42:59.760+0900][11.070s][info][safepoint   ] Safepoint "G1CollectForAllocation", Time since last: 97081042 ns, Reaching safepoint: 875 ns, Cleanup: 917 ns, At safepoint: 524333 ns, Leaving safepoint: 1083 ns, Total: 527208 ns
[2026-09-07T10:42:59.857+0900][11.168s][info][gc,start    ] GC(130) Pause Young (Normal) (G1 Evacuation Pause)
[2026-09-07T10:42:59.858+0900][11.168s][info][gc,task     ] GC(130) Using 9 workers of 9 for evacuation
[2026-09-07T10:42:59.858+0900][11.168s][info][gc,phases   ] GC(130)   Pre Evacuate Collection Set: 0.07ms
[2026-09-07T10:42:59.858+0900][11.168s][info][gc,phases   ] GC(130)   Merge Heap Roots: 0.03ms
[2026-09-07T10:42:59.858+0900][11.168s][info][gc,phases   ] GC(130)   Evacuate Collection Set: 0.30ms
[2026-09-07T10:42:59.858+0900][11.168s][info][gc,phases   ] GC(130)   Post Evacuate Collection Set: 0.13ms
[2026-09-07T10:42:59.858+0900][11.168s][info][gc,phases   ] GC(130)   Other: 0.02ms
[2026-09-07T10:42:59.858+0900][11.168s][info][gc,heap     ] GC(130) Eden regions: 127->0(126)
[2026-09-07T10:42:59.858+0900][11.168s][info][gc,heap     ] GC(130) Survivor regions: 1->2(16)
[2026-09-07T10:42:59.858+0900][11.168s][info][gc,heap     ] GC(130) Old regions: 53->53
[2026-09-07T10:42:59.858+0900][11.168s][info][gc,heap     ] GC(130) Humongous regions: 1->1
[2026-09-07T10:42:59.858+0900][11.168s][info][gc,metaspace] GC(130) Metaspace: 23354K(23872K)->23354K(23872K) NonClass: 20535K(20800K)->20535K(20800K) Class: 2819K(3072K)->2819K(3072K)
[2026-09-07T10:42:59.858+0900][11.168s][info][gc          ] GC(130) Pause Young (Normal) (G1 Evacuation Pause) 362M->109M(428M) 0.636ms
[2026-09-07T10:42:59.858+0900][11.168s][info][gc,cpu      ] GC(130) User=0.00s Sys=0.00s Real=0.00s
[2026-09-07T10:42:59.858+0900][11.168s][info][safepoint   ] Safepoint "G1CollectForAllocation", Time since last: 97643459 ns, Reaching safepoint: 1083 ns, Cleanup: 1208 ns, At safepoint: 650834 ns, Leaving safepoint: 1125 ns, Total: 654250 ns
[2026-09-07T10:42:59.955+0900][11.266s][info][gc,start    ] GC(131) Pause Young (Normal) (G1 Evacuation Pause)
[2026-09-07T10:42:59.955+0900][11.266s][info][gc,task     ] GC(131) Using 9 workers of 9 for evacuation
[2026-09-07T10:42:59.956+0900][11.266s][info][gc,phases   ] GC(131)   Pre Evacuate Collection Set: 0.07ms
[2026-09-07T10:42:59.956+0900][11.266s][info][gc,phases   ] GC(131)   Merge Heap Roots: 0.04ms
[2026-09-07T10:42:59.956+0900][11.266s][info][gc,phases   ] GC(131)   Evacuate Collection Set: 0.43ms
[2026-09-07T10:42:59.956+0900][11.266s][info][gc,phases   ] GC(131)   Post Evacuate Collection Set: 0.13ms
[2026-09-07T10:42:59.956+0900][11.266s][info][gc,phases   ] GC(131)   Other: 0.02ms
[2026-09-07T10:42:59.956+0900][11.266s][info][gc,heap     ] GC(131) Eden regions: 126->0(125)
[2026-09-07T10:42:59.956+0900][11.266s][info][gc,heap     ] GC(131) Survivor regions: 2->3(16)
[2026-09-07T10:42:59.956+0900][11.266s][info][gc,heap     ] GC(131) Old regions: 53->53
[2026-09-07T10:42:59.956+0900][11.266s][info][gc,heap     ] GC(131) Humongous regions: 1->1
[2026-09-07T10:42:59.956+0900][11.266s][info][gc,metaspace] GC(131) Metaspace: 23354K(23872K)->23354K(23872K) NonClass: 20535K(20800K)->20535K(20800K) Class: 2819K(3072K)->2819K(3072K)
[2026-09-07T10:42:59.956+0900][11.266s][info][gc          ] GC(131) Pause Young (Normal) (G1 Evacuation Pause) 361M->111M(428M) 0.766ms
[2026-09-07T10:42:59.956+0900][11.266s][info][gc,cpu      ] GC(131) User=0.01s Sys=0.01s Real=0.00s
[2026-09-07T10:42:59.956+0900][11.266s][info][safepoint   ] Safepoint "G1CollectForAllocation", Time since last: 97152958 ns, Reaching safepoint: 1458 ns, Cleanup: 1084 ns, At safepoint: 780083 ns, Leaving safepoint: 1042 ns, Total: 783667 ns
[2026-09-07T10:43:00.052+0900][11.363s][info][gc,start    ] GC(132) Pause Young (Normal) (G1 Evacuation Pause)
[2026-09-07T10:43:00.052+0900][11.363s][info][gc,task     ] GC(132) Using 9 workers of 9 for evacuation
[2026-09-07T10:43:00.053+0900][11.363s][info][gc,phases   ] GC(132)   Pre Evacuate Collection Set: 0.07ms
[2026-09-07T10:43:00.053+0900][11.363s][info][gc,phases   ] GC(132)   Merge Heap Roots: 0.02ms
[2026-09-07T10:43:00.053+0900][11.363s][info][gc,phases   ] GC(132)   Evacuate Collection Set: 0.22ms
[2026-09-07T10:43:00.053+0900][11.363s][info][gc,phases   ] GC(132)   Post Evacuate Collection Set: 0.12ms
[2026-09-07T10:43:00.053+0900][11.363s][info][gc,phases   ] GC(132)   Other: 0.02ms
[2026-09-07T10:43:00.053+0900][11.363s][info][gc,heap     ] GC(132) Eden regions: 125->0(127)
[2026-09-07T10:43:00.053+0900][11.363s][info][gc,heap     ] GC(132) Survivor regions: 3->1(16)
[2026-09-07T10:43:00.053+0900][11.363s][info][gc,heap     ] GC(132) Old regions: 53->53
[2026-09-07T10:43:00.053+0900][11.363s][info][gc,heap     ] GC(132) Humongous regions: 1->1
[2026-09-07T10:43:00.053+0900][11.363s][info][gc,metaspace] GC(132) Metaspace: 23354K(23872K)->23354K(23872K) NonClass: 20535K(20800K)->20535K(20800K) Class: 2819K(3072K)->2819K(3072K)
[2026-09-07T10:43:00.053+0900][11.363s][info][gc          ] GC(132) Pause Young (Normal) (G1 Evacuation Pause) 361M->109M(428M) 0.533ms
[2026-09-07T10:43:00.053+0900][11.363s][info][gc,cpu      ] GC(132) User=0.00s Sys=0.00s Real=0.00s
[2026-09-07T10:43:00.053+0900][11.363s][info][safepoint   ] Safepoint "G1CollectForAllocation", Time since last: 96254958 ns, Reaching safepoint: 1417 ns, Cleanup: 2041 ns, At safepoint: 547667 ns, Leaving safepoint: 1583 ns, Total: 552708 ns
[2026-09-07T10:43:00.150+0900][11.460s][info][gc,start    ] GC(133) Pause Young (Normal) (G1 Evacuation Pause)
[2026-09-07T10:43:00.150+0900][11.460s][info][gc,task     ] GC(133) Using 9 workers of 9 for evacuation
[2026-09-07T10:43:00.150+0900][11.460s][info][gc,phases   ] GC(133)   Pre Evacuate Collection Set: 0.05ms
[2026-09-07T10:43:00.150+0900][11.460s][info][gc,phases   ] GC(133)   Merge Heap Roots: 0.02ms
[2026-09-07T10:43:00.150+0900][11.460s][info][gc,phases   ] GC(133)   Evacuate Collection Set: 0.35ms
[2026-09-07T10:43:00.150+0900][11.460s][info][gc,phases   ] GC(133)   Post Evacuate Collection Set: 0.11ms
[2026-09-07T10:43:00.150+0900][11.460s][info][gc,phases   ] GC(133)   Other: 0.02ms
[2026-09-07T10:43:00.150+0900][11.460s][info][gc,heap     ] GC(133) Eden regions: 127->0(126)
[2026-09-07T10:43:00.150+0900][11.460s][info][gc,heap     ] GC(133) Survivor regions: 1->2(16)
[2026-09-07T10:43:00.150+0900][11.460s][info][gc,heap     ] GC(133) Old regions: 53->53
[2026-09-07T10:43:00.150+0900][11.460s][info][gc,heap     ] GC(133) Humongous regions: 1->1
[2026-09-07T10:43:00.150+0900][11.460s][info][gc,metaspace] GC(133) Metaspace: 23354K(23872K)->23354K(23872K) NonClass: 20535K(20800K)->20535K(20800K) Class: 2819K(3072K)->2819K(3072K)
[2026-09-07T10:43:00.150+0900][11.460s][info][gc          ] GC(133) Pause Young (Normal) (G1 Evacuation Pause) 363M->110M(428M) 0.638ms
[2026-09-07T10:43:00.150+0900][11.460s][info][gc,cpu      ] GC(133) User=0.00s Sys=0.00s Real=0.00s
[2026-09-07T10:43:00.150+0900][11.460s][info][safepoint   ] Safepoint "G1CollectForAllocation", Time since last: 96685959 ns, Reaching safepoint: 1416 ns, Cleanup: 875 ns, At safepoint: 654667 ns, Leaving safepoint: 1167 ns, Total: 658125 ns
[2026-09-07T10:43:00.246+0900][11.557s][info][gc,start    ] GC(134) Pause Young (Normal) (G1 Evacuation Pause)
[2026-09-07T10:43:00.246+0900][11.557s][info][gc,task     ] GC(134) Using 9 workers of 9 for evacuation
[2026-09-07T10:43:00.247+0900][11.557s][info][gc,phases   ] GC(134)   Pre Evacuate Collection Set: 0.10ms
[2026-09-07T10:43:00.247+0900][11.557s][info][gc,phases   ] GC(134)   Merge Heap Roots: 0.03ms
[2026-09-07T10:43:00.247+0900][11.557s][info][gc,phases   ] GC(134)   Evacuate Collection Set: 0.44ms
[2026-09-07T10:43:00.247+0900][11.557s][info][gc,phases   ] GC(134)   Post Evacuate Collection Set: 0.12ms
[2026-09-07T10:43:00.247+0900][11.557s][info][gc,phases   ] GC(134)   Other: 0.02ms
[2026-09-07T10:43:00.247+0900][11.557s][info][gc,heap     ] GC(134) Eden regions: 126->0(125)
[2026-09-07T10:43:00.247+0900][11.557s][info][gc,heap     ] GC(134) Survivor regions: 2->3(16)
[2026-09-07T10:43:00.247+0900][11.557s][info][gc,heap     ] GC(134) Old regions: 53->53
[2026-09-07T10:43:00.247+0900][11.557s][info][gc,heap     ] GC(134) Humongous regions: 1->1
[2026-09-07T10:43:00.247+0900][11.557s][info][gc,metaspace] GC(134) Metaspace: 23354K(23872K)->23354K(23872K) NonClass: 20535K(20800K)->20535K(20800K) Class: 2819K(3072K)->2819K(3072K)
[2026-09-07T10:43:00.247+0900][11.557s][info][gc          ] GC(134) Pause Young (Normal) (G1 Evacuation Pause) 362M->112M(428M) 0.787ms
[2026-09-07T10:43:00.247+0900][11.557s][info][gc,cpu      ] GC(134) User=0.00s Sys=0.00s Real=0.00s
[2026-09-07T10:43:00.247+0900][11.557s][info][safepoint   ] Safepoint "G1CollectForAllocation", Time since last: 96188333 ns, Reaching safepoint: 958 ns, Cleanup: 875 ns, At safepoint: 801417 ns, Leaving safepoint: 1000 ns, Total: 804250 ns
[2026-09-07T10:43:00.345+0900][11.655s][info][gc,start    ] GC(135) Pause Young (Normal) (G1 Evacuation Pause)
[2026-09-07T10:43:00.345+0900][11.655s][info][gc,task     ] GC(135) Using 9 workers of 9 for evacuation
[2026-09-07T10:43:00.345+0900][11.655s][info][gc,phases   ] GC(135)   Pre Evacuate Collection Set: 0.08ms
[2026-09-07T10:43:00.345+0900][11.655s][info][gc,phases   ] GC(135)   Merge Heap Roots: 0.04ms
[2026-09-07T10:43:00.345+0900][11.655s][info][gc,phases   ] GC(135)   Evacuate Collection Set: 0.25ms
[2026-09-07T10:43:00.345+0900][11.655s][info][gc,phases   ] GC(135)   Post Evacuate Collection Set: 0.12ms
[2026-09-07T10:43:00.345+0900][11.655s][info][gc,phases   ] GC(135)   Other: 0.02ms
[2026-09-07T10:43:00.345+0900][11.655s][info][gc,heap     ] GC(135) Eden regions: 125->0(126)
[2026-09-07T10:43:00.345+0900][11.655s][info][gc,heap     ] GC(135) Survivor regions: 3->2(16)
[2026-09-07T10:43:00.345+0900][11.655s][info][gc,heap     ] GC(135) Old regions: 53->53
[2026-09-07T10:43:00.345+0900][11.655s][info][gc,heap     ] GC(135) Humongous regions: 1->1
[2026-09-07T10:43:00.345+0900][11.655s][info][gc,metaspace] GC(135) Metaspace: 23354K(23872K)->23354K(23872K) NonClass: 20535K(20800K)->20535K(20800K) Class: 2819K(3072K)->2819K(3072K)
[2026-09-07T10:43:00.345+0900][11.655s][info][gc          ] GC(135) Pause Young (Normal) (G1 Evacuation Pause) 362M->109M(428M) 0.591ms
[2026-09-07T10:43:00.345+0900][11.655s][info][gc,cpu      ] GC(135) User=0.00s Sys=0.00s Real=0.00s
[2026-09-07T10:43:00.345+0900][11.655s][info][safepoint   ] Safepoint "G1CollectForAllocation", Time since last: 97365042 ns, Reaching safepoint: 1333 ns, Cleanup: 750 ns, At safepoint: 606458 ns, Leaving safepoint: 834 ns, Total: 609375 ns
[2026-09-07T10:43:00.444+0900][11.754s][info][gc,start    ] GC(136) Pause Young (Normal) (G1 Evacuation Pause)
[2026-09-07T10:43:00.444+0900][11.754s][info][gc,task     ] GC(136) Using 9 workers of 9 for evacuation
[2026-09-07T10:43:00.444+0900][11.754s][info][gc,phases   ] GC(136)   Pre Evacuate Collection Set: 0.08ms
[2026-09-07T10:43:00.444+0900][11.755s][info][gc,phases   ] GC(136)   Merge Heap Roots: 0.04ms
[2026-09-07T10:43:00.444+0900][11.755s][info][gc,phases   ] GC(136)   Evacuate Collection Set: 0.38ms
[2026-09-07T10:43:00.444+0900][11.755s][info][gc,phases   ] GC(136)   Post Evacuate Collection Set: 0.13ms
[2026-09-07T10:43:00.444+0900][11.755s][info][gc,phases   ] GC(136)   Other: 0.02ms
[2026-09-07T10:43:00.444+0900][11.755s][info][gc,heap     ] GC(136) Eden regions: 126->0(126)
[2026-09-07T10:43:00.444+0900][11.755s][info][gc,heap     ] GC(136) Survivor regions: 2->2(16)
[2026-09-07T10:43:00.444+0900][11.755s][info][gc,heap     ] GC(136) Old regions: 53->53
[2026-09-07T10:43:00.444+0900][11.755s][info][gc,heap     ] GC(136) Humongous regions: 1->1
[2026-09-07T10:43:00.444+0900][11.755s][info][gc,metaspace] GC(136) Metaspace: 23354K(23872K)->23354K(23872K) NonClass: 20535K(20800K)->20535K(20800K) Class: 2819K(3072K)->2819K(3072K)
[2026-09-07T10:43:00.444+0900][11.755s][info][gc          ] GC(136) Pause Young (Normal) (G1 Evacuation Pause) 361M->111M(428M) 0.720ms
[2026-09-07T10:43:00.444+0900][11.755s][info][gc,cpu      ] GC(136) User=0.01s Sys=0.00s Real=0.00s
[2026-09-07T10:43:00.444+0900][11.755s][info][safepoint   ] Safepoint "G1CollectForAllocation", Time since last: 98410833 ns, Reaching safepoint: 1625 ns, Cleanup: 1042 ns, At safepoint: 736000 ns, Leaving safepoint: 958 ns, Total: 739625 ns
[2026-09-07T10:43:00.540+0900][11.850s][info][gc,start    ] GC(137) Pause Young (Normal) (G1 Evacuation Pause)
[2026-09-07T10:43:00.540+0900][11.850s][info][gc,task     ] GC(137) Using 9 workers of 9 for evacuation
[2026-09-07T10:43:00.541+0900][11.851s][info][gc,phases   ] GC(137)   Pre Evacuate Collection Set: 0.10ms
[2026-09-07T10:43:00.541+0900][11.851s][info][gc,phases   ] GC(137)   Merge Heap Roots: 0.04ms
[2026-09-07T10:43:00.541+0900][11.851s][info][gc,phases   ] GC(137)   Evacuate Collection Set: 0.11ms
[2026-09-07T10:43:00.541+0900][11.851s][info][gc,phases   ] GC(137)   Post Evacuate Collection Set: 0.13ms
[2026-09-07T10:43:00.541+0900][11.851s][info][gc,phases   ] GC(137)   Other: 0.02ms
[2026-09-07T10:43:00.541+0900][11.851s][info][gc,heap     ] GC(137) Eden regions: 126->0(127)
[2026-09-07T10:43:00.541+0900][11.851s][info][gc,heap     ] GC(137) Survivor regions: 2->1(16)
[2026-09-07T10:43:00.541+0900][11.851s][info][gc,heap     ] GC(137) Old regions: 53->53
[2026-09-07T10:43:00.541+0900][11.851s][info][gc,heap     ] GC(137) Humongous regions: 1->1
[2026-09-07T10:43:00.541+0900][11.851s][info][gc,metaspace] GC(137) Metaspace: 23355K(23872K)->23355K(23872K) NonClass: 20536K(20800K)->20536K(20800K) Class: 2819K(3072K)->2819K(3072K)
[2026-09-07T10:43:00.541+0900][11.851s][info][gc          ] GC(137) Pause Young (Normal) (G1 Evacuation Pause) 363M->107M(428M) 0.478ms
[2026-09-07T10:43:00.541+0900][11.851s][info][gc,cpu      ] GC(137) User=0.00s Sys=0.00s Real=0.00s
[2026-09-07T10:43:00.541+0900][11.851s][info][safepoint   ] Safepoint "G1CollectForAllocation", Time since last: 95821583 ns, Reaching safepoint: 1042 ns, Cleanup: 833 ns, At safepoint: 490625 ns, Leaving safepoint: 1209 ns, Total: 493709 ns
[2026-09-07T10:43:00.637+0900][11.947s][info][gc,start    ] GC(138) Pause Young (Normal) (G1 Evacuation Pause)
[2026-09-07T10:43:00.637+0900][11.948s][info][gc,task     ] GC(138) Using 9 workers of 9 for evacuation
[2026-09-07T10:43:00.638+0900][11.948s][info][gc,phases   ] GC(138)   Pre Evacuate Collection Set: 0.08ms
[2026-09-07T10:43:00.638+0900][11.948s][info][gc,phases   ] GC(138)   Merge Heap Roots: 0.03ms
[2026-09-07T10:43:00.638+0900][11.948s][info][gc,phases   ] GC(138)   Evacuate Collection Set: 0.28ms
[2026-09-07T10:43:00.638+0900][11.948s][info][gc,phases   ] GC(138)   Post Evacuate Collection Set: 0.12ms
[2026-09-07T10:43:00.638+0900][11.948s][info][gc,phases   ] GC(138)   Other: 0.02ms
[2026-09-07T10:43:00.638+0900][11.948s][info][gc,heap     ] GC(138) Eden regions: 127->0(126)
[2026-09-07T10:43:00.638+0900][11.948s][info][gc,heap     ] GC(138) Survivor regions: 1->2(16)
[2026-09-07T10:43:00.638+0900][11.948s][info][gc,heap     ] GC(138) Old regions: 53->53
[2026-09-07T10:43:00.638+0900][11.948s][info][gc,heap     ] GC(138) Humongous regions: 1->1
[2026-09-07T10:43:00.638+0900][11.948s][info][gc,metaspace] GC(138) Metaspace: 23355K(23872K)->23355K(23872K) NonClass: 20536K(20800K)->20536K(20800K) Class: 2819K(3072K)->2819K(3072K)
[2026-09-07T10:43:00.638+0900][11.948s][info][gc          ] GC(138) Pause Young (Normal) (G1 Evacuation Pause) 361M->109M(428M) 0.610ms
[2026-09-07T10:43:00.638+0900][11.948s][info][gc,cpu      ] GC(138) User=0.00s Sys=0.00s Real=0.00s
[2026-09-07T10:43:00.638+0900][11.948s][info][safepoint   ] Safepoint "G1CollectForAllocation", Time since last: 96619166 ns, Reaching safepoint: 2084 ns, Cleanup: 2208 ns, At safepoint: 624667 ns, Leaving safepoint: 1541 ns, Total: 630500 ns
[2026-09-07T10:43:00.734+0900][12.044s][info][gc,start    ] GC(139) Pause Young (Normal) (G1 Evacuation Pause)
[2026-09-07T10:43:00.734+0900][12.044s][info][gc,task     ] GC(139) Using 9 workers of 9 for evacuation
[2026-09-07T10:43:00.734+0900][12.044s][info][gc,phases   ] GC(139)   Pre Evacuate Collection Set: 0.10ms
[2026-09-07T10:43:00.734+0900][12.044s][info][gc,phases   ] GC(139)   Merge Heap Roots: 0.03ms
[2026-09-07T10:43:00.734+0900][12.044s][info][gc,phases   ] GC(139)   Evacuate Collection Set: 0.40ms
[2026-09-07T10:43:00.734+0900][12.044s][info][gc,phases   ] GC(139)   Post Evacuate Collection Set: 0.12ms
[2026-09-07T10:43:00.734+0900][12.044s][info][gc,phases   ] GC(139)   Other: 0.02ms
[2026-09-07T10:43:00.734+0900][12.044s][info][gc,heap     ] GC(139) Eden regions: 126->0(125)
[2026-09-07T10:43:00.734+0900][12.044s][info][gc,heap     ] GC(139) Survivor regions: 2->3(16)
[2026-09-07T10:43:00.734+0900][12.044s][info][gc,heap     ] GC(139) Old regions: 53->53
[2026-09-07T10:43:00.734+0900][12.044s][info][gc,heap     ] GC(139) Humongous regions: 1->1
[2026-09-07T10:43:00.734+0900][12.044s][info][gc,metaspace] GC(139) Metaspace: 23355K(23872K)->23355K(23872K) NonClass: 20536K(20800K)->20536K(20800K) Class: 2819K(3072K)->2819K(3072K)
[2026-09-07T10:43:00.734+0900][12.044s][info][gc          ] GC(139) Pause Young (Normal) (G1 Evacuation Pause) 361M->111M(428M) 0.747ms
[2026-09-07T10:43:00.734+0900][12.044s][info][gc,cpu      ] GC(139) User=0.00s Sys=0.00s Real=0.00s
[2026-09-07T10:43:00.734+0900][12.044s][info][safepoint   ] Safepoint "G1CollectForAllocation", Time since last: 95574542 ns, Reaching safepoint: 1500 ns, Cleanup: 1667 ns, At safepoint: 763125 ns, Leaving safepoint: 1208 ns, Total: 767500 ns
[2026-09-07T10:43:00.831+0900][12.141s][info][gc,start    ] GC(140) Pause Young (Normal) (G1 Evacuation Pause)
[2026-09-07T10:43:00.831+0900][12.141s][info][gc,task     ] GC(140) Using 9 workers of 9 for evacuation
[2026-09-07T10:43:00.832+0900][12.142s][info][gc,phases   ] GC(140)   Pre Evacuate Collection Set: 0.05ms
[2026-09-07T10:43:00.832+0900][12.142s][info][gc,phases   ] GC(140)   Merge Heap Roots: 0.04ms
[2026-09-07T10:43:00.832+0900][12.142s][info][gc,phases   ] GC(140)   Evacuate Collection Set: 0.19ms
[2026-09-07T10:43:00.832+0900][12.142s][info][gc,phases   ] GC(140)   Post Evacuate Collection Set: 0.12ms
[2026-09-07T10:43:00.832+0900][12.142s][info][gc,phases   ] GC(140)   Other: 0.02ms
[2026-09-07T10:43:00.832+0900][12.142s][info][gc,heap     ] GC(140) Eden regions: 125->0(127)
[2026-09-07T10:43:00.832+0900][12.142s][info][gc,heap     ] GC(140) Survivor regions: 3->1(16)
[2026-09-07T10:43:00.832+0900][12.142s][info][gc,heap     ] GC(140) Old regions: 53->53
[2026-09-07T10:43:00.832+0900][12.142s][info][gc,heap     ] GC(140) Humongous regions: 1->1
[2026-09-07T10:43:00.832+0900][12.142s][info][gc,metaspace] GC(140) Metaspace: 23355K(23872K)->23355K(23872K) NonClass: 20536K(20800K)->20536K(20800K) Class: 2819K(3072K)->2819K(3072K)
[2026-09-07T10:43:00.832+0900][12.142s][info][gc          ] GC(140) Pause Young (Normal) (G1 Evacuation Pause) 361M->108M(428M) 0.494ms
[2026-09-07T10:43:00.832+0900][12.142s][info][gc,cpu      ] GC(140) User=0.00s Sys=0.00s Real=0.00s
[2026-09-07T10:43:00.832+0900][12.142s][info][safepoint   ] Safepoint "G1CollectForAllocation", Time since last: 96980417 ns, Reaching safepoint: 1375 ns, Cleanup: 916 ns, At safepoint: 508042 ns, Leaving safepoint: 1125 ns, Total: 511458 ns
[2026-09-07T10:43:00.929+0900][12.239s][info][gc,start    ] GC(141) Pause Young (Normal) (G1 Evacuation Pause)
[2026-09-07T10:43:00.929+0900][12.239s][info][gc,task     ] GC(141) Using 9 workers of 9 for evacuation
[2026-09-07T10:43:00.930+0900][12.240s][info][gc,phases   ] GC(141)   Pre Evacuate Collection Set: 0.08ms
[2026-09-07T10:43:00.930+0900][12.240s][info][gc,phases   ] GC(141)   Merge Heap Roots: 0.03ms
[2026-09-07T10:43:00.930+0900][12.240s][info][gc,phases   ] GC(141)   Evacuate Collection Set: 0.36ms
[2026-09-07T10:43:00.930+0900][12.240s][info][gc,phases   ] GC(141)   Post Evacuate Collection Set: 0.11ms
[2026-09-07T10:43:00.930+0900][12.240s][info][gc,phases   ] GC(141)   Other: 0.02ms
[2026-09-07T10:43:00.930+0900][12.240s][info][gc,heap     ] GC(141) Eden regions: 127->0(126)
[2026-09-07T10:43:00.930+0900][12.240s][info][gc,heap     ] GC(141) Survivor regions: 1->2(16)
[2026-09-07T10:43:00.930+0900][12.240s][info][gc,heap     ] GC(141) Old regions: 53->53
[2026-09-07T10:43:00.930+0900][12.240s][info][gc,heap     ] GC(141) Humongous regions: 1->1
[2026-09-07T10:43:00.930+0900][12.240s][info][gc,metaspace] GC(141) Metaspace: 23355K(23872K)->23355K(23872K) NonClass: 20536K(20800K)->20536K(20800K) Class: 2819K(3072K)->2819K(3072K)
[2026-09-07T10:43:00.930+0900][12.240s][info][gc          ] GC(141) Pause Young (Normal) (G1 Evacuation Pause) 362M->110M(428M) 0.686ms
[2026-09-07T10:43:00.930+0900][12.240s][info][gc,cpu      ] GC(141) User=0.00s Sys=0.00s Real=0.01s
[2026-09-07T10:43:00.930+0900][12.240s][info][safepoint   ] Safepoint "G1CollectForAllocation", Time since last: 97509292 ns, Reaching safepoint: 1166 ns, Cleanup: 792 ns, At safepoint: 703500 ns, Leaving safepoint: 1250 ns, Total: 706708 ns
[2026-09-07T10:43:01.025+0900][12.336s][info][gc,start    ] GC(142) Pause Young (Normal) (G1 Evacuation Pause)
[2026-09-07T10:43:01.025+0900][12.336s][info][gc,task     ] GC(142) Using 9 workers of 9 for evacuation
[2026-09-07T10:43:01.026+0900][12.336s][info][gc,phases   ] GC(142)   Pre Evacuate Collection Set: 0.07ms
[2026-09-07T10:43:01.026+0900][12.336s][info][gc,phases   ] GC(142)   Merge Heap Roots: 0.04ms
[2026-09-07T10:43:01.026+0900][12.336s][info][gc,phases   ] GC(142)   Evacuate Collection Set: 0.43ms
[2026-09-07T10:43:01.026+0900][12.336s][info][gc,phases   ] GC(142)   Post Evacuate Collection Set: 0.12ms
[2026-09-07T10:43:01.026+0900][12.336s][info][gc,phases   ] GC(142)   Other: 0.02ms
[2026-09-07T10:43:01.026+0900][12.336s][info][gc,heap     ] GC(142) Eden regions: 126->0(125)
[2026-09-07T10:43:01.026+0900][12.336s][info][gc,heap     ] GC(142) Survivor regions: 2->3(16)
[2026-09-07T10:43:01.026+0900][12.336s][info][gc,heap     ] GC(142) Old regions: 53->53
[2026-09-07T10:43:01.026+0900][12.336s][info][gc,heap     ] GC(142) Humongous regions: 1->1
[2026-09-07T10:43:01.026+0900][12.336s][info][gc,metaspace] GC(142) Metaspace: 23355K(23872K)->23355K(23872K) NonClass: 20536K(20800K)->20536K(20800K) Class: 2819K(3072K)->2819K(3072K)
[2026-09-07T10:43:01.026+0900][12.336s][info][gc          ] GC(142) Pause Young (Normal) (G1 Evacuation Pause) 362M->112M(428M) 0.752ms
[2026-09-07T10:43:01.026+0900][12.336s][info][gc,cpu      ] GC(142) User=0.01s Sys=0.00s Real=0.00s
[2026-09-07T10:43:01.026+0900][12.336s][info][safepoint   ] Safepoint "G1CollectForAllocation", Time since last: 95442333 ns, Reaching safepoint: 1417 ns, Cleanup: 1625 ns, At safepoint: 766333 ns, Leaving safepoint: 1084 ns, Total: 770459 ns
[2026-09-07T10:43:01.122+0900][12.433s][info][gc,start    ] GC(143) Pause Young (Normal) (G1 Evacuation Pause)
[2026-09-07T10:43:01.122+0900][12.433s][info][gc,task     ] GC(143) Using 9 workers of 9 for evacuation
[2026-09-07T10:43:01.123+0900][12.433s][info][gc,phases   ] GC(143)   Pre Evacuate Collection Set: 0.07ms
[2026-09-07T10:43:01.123+0900][12.433s][info][gc,phases   ] GC(143)   Merge Heap Roots: 0.04ms
[2026-09-07T10:43:01.123+0900][12.433s][info][gc,phases   ] GC(143)   Evacuate Collection Set: 0.28ms
[2026-09-07T10:43:01.123+0900][12.433s][info][gc,phases   ] GC(143)   Post Evacuate Collection Set: 0.13ms
[2026-09-07T10:43:01.123+0900][12.433s][info][gc,phases   ] GC(143)   Other: 0.02ms
[2026-09-07T10:43:01.123+0900][12.433s][info][gc,heap     ] GC(143) Eden regions: 125->0(126)
[2026-09-07T10:43:01.123+0900][12.433s][info][gc,heap     ] GC(143) Survivor regions: 3->2(16)
[2026-09-07T10:43:01.123+0900][12.433s][info][gc,heap     ] GC(143) Old regions: 53->53
[2026-09-07T10:43:01.123+0900][12.433s][info][gc,heap     ] GC(143) Humongous regions: 1->1
[2026-09-07T10:43:01.123+0900][12.433s][info][gc,metaspace] GC(143) Metaspace: 23355K(23872K)->23355K(23872K) NonClass: 20536K(20800K)->20536K(20800K) Class: 2819K(3072K)->2819K(3072K)
[2026-09-07T10:43:01.123+0900][12.433s][info][gc          ] GC(143) Pause Young (Normal) (G1 Evacuation Pause) 362M->109M(428M) 0.617ms
[2026-09-07T10:43:01.123+0900][12.433s][info][gc,cpu      ] GC(143) User=0.01s Sys=0.01s Real=0.00s
[2026-09-07T10:43:01.123+0900][12.433s][info][safepoint   ] Safepoint "G1CollectForAllocation", Time since last: 96193458 ns, Reaching safepoint: 1667 ns, Cleanup: 1166 ns, At safepoint: 633167 ns, Leaving safepoint: 1000 ns, Total: 637000 ns
[2026-09-07T10:43:01.219+0900][12.529s][info][gc,start    ] GC(144) Pause Young (Normal) (G1 Evacuation Pause)
[2026-09-07T10:43:01.219+0900][12.529s][info][gc,task     ] GC(144) Using 9 workers of 9 for evacuation
[2026-09-07T10:43:01.219+0900][12.530s][info][gc,phases   ] GC(144)   Pre Evacuate Collection Set: 0.07ms
[2026-09-07T10:43:01.220+0900][12.530s][info][gc,phases   ] GC(144)   Merge Heap Roots: 0.02ms
[2026-09-07T10:43:01.220+0900][12.530s][info][gc,phases   ] GC(144)   Evacuate Collection Set: 0.36ms
[2026-09-07T10:43:01.220+0900][12.530s][info][gc,phases   ] GC(144)   Post Evacuate Collection Set: 0.11ms
[2026-09-07T10:43:01.220+0900][12.530s][info][gc,phases   ] GC(144)   Other: 0.02ms
[2026-09-07T10:43:01.220+0900][12.530s][info][gc,heap     ] GC(144) Eden regions: 126->0(126)
[2026-09-07T10:43:01.220+0900][12.530s][info][gc,heap     ] GC(144) Survivor regions: 2->2(16)
[2026-09-07T10:43:01.220+0900][12.530s][info][gc,heap     ] GC(144) Old regions: 53->53
[2026-09-07T10:43:01.220+0900][12.530s][info][gc,heap     ] GC(144) Humongous regions: 1->1
[2026-09-07T10:43:01.220+0900][12.530s][info][gc,metaspace] GC(144) Metaspace: 23355K(23872K)->23355K(23872K) NonClass: 20536K(20800K)->20536K(20800K) Class: 2819K(3072K)->2819K(3072K)
[2026-09-07T10:43:01.220+0900][12.530s][info][gc          ] GC(144) Pause Young (Normal) (G1 Evacuation Pause) 361M->111M(428M) 0.657ms
[2026-09-07T10:43:01.220+0900][12.530s][info][gc,cpu      ] GC(144) User=0.01s Sys=0.00s Real=0.01s
[2026-09-07T10:43:01.220+0900][12.530s][info][safepoint   ] Safepoint "G1CollectForAllocation", Time since last: 95862958 ns, Reaching safepoint: 1084 ns, Cleanup: 1041 ns, At safepoint: 670959 ns, Leaving safepoint: 1041 ns, Total: 674125 ns
[2026-09-07T10:43:01.317+0900][12.627s][info][gc,start    ] GC(145) Pause Young (Normal) (G1 Evacuation Pause)
[2026-09-07T10:43:01.317+0900][12.627s][info][gc,task     ] GC(145) Using 9 workers of 9 for evacuation
[2026-09-07T10:43:01.318+0900][12.628s][info][gc,phases   ] GC(145)   Pre Evacuate Collection Set: 0.08ms
[2026-09-07T10:43:01.318+0900][12.628s][info][gc,phases   ] GC(145)   Merge Heap Roots: 0.04ms
[2026-09-07T10:43:01.318+0900][12.628s][info][gc,phases   ] GC(145)   Evacuate Collection Set: 0.51ms
[2026-09-07T10:43:01.318+0900][12.628s][info][gc,phases   ] GC(145)   Post Evacuate Collection Set: 0.12ms
[2026-09-07T10:43:01.318+0900][12.628s][info][gc,phases   ] GC(145)   Other: 0.02ms
[2026-09-07T10:43:01.318+0900][12.628s][info][gc,heap     ] GC(145) Eden regions: 126->0(125)
[2026-09-07T10:43:01.318+0900][12.628s][info][gc,heap     ] GC(145) Survivor regions: 2->3(16)
[2026-09-07T10:43:01.318+0900][12.628s][info][gc,heap     ] GC(145) Old regions: 53->53
[2026-09-07T10:43:01.318+0900][12.628s][info][gc,heap     ] GC(145) Humongous regions: 1->1
[2026-09-07T10:43:01.318+0900][12.628s][info][gc,metaspace] GC(145) Metaspace: 23355K(23872K)->23355K(23872K) NonClass: 20536K(20800K)->20536K(20800K) Class: 2819K(3072K)->2819K(3072K)
[2026-09-07T10:43:01.318+0900][12.628s][info][gc          ] GC(145) Pause Young (Normal) (G1 Evacuation Pause) 363M->113M(428M) 0.838ms
[2026-09-07T10:43:01.318+0900][12.628s][info][gc,cpu      ] GC(145) User=0.01s Sys=0.00s Real=0.00s
[2026-09-07T10:43:01.318+0900][12.628s][info][safepoint   ] Safepoint "G1CollectForAllocation", Time since last: 97536250 ns, Reaching safepoint: 1459 ns, Cleanup: 750 ns, At safepoint: 852750 ns, Leaving safepoint: 1583 ns, Total: 856542 ns
[2026-09-07T10:43:01.412+0900][12.722s][info][gc,start    ] GC(146) Pause Young (Normal) (G1 Evacuation Pause)
[2026-09-07T10:43:01.412+0900][12.722s][info][gc,task     ] GC(146) Using 9 workers of 9 for evacuation
[2026-09-07T10:43:01.413+0900][12.723s][info][gc,phases   ] GC(146)   Pre Evacuate Collection Set: 0.08ms
[2026-09-07T10:43:01.413+0900][12.723s][info][gc,phases   ] GC(146)   Merge Heap Roots: 0.05ms
[2026-09-07T10:43:01.413+0900][12.723s][info][gc,phases   ] GC(146)   Evacuate Collection Set: 0.29ms
[2026-09-07T10:43:01.413+0900][12.723s][info][gc,phases   ] GC(146)   Post Evacuate Collection Set: 0.12ms
[2026-09-07T10:43:01.413+0900][12.723s][info][gc,phases   ] GC(146)   Other: 0.02ms
[2026-09-07T10:43:01.413+0900][12.723s][info][gc,heap     ] GC(146) Eden regions: 125->0(126)
[2026-09-07T10:43:01.413+0900][12.723s][info][gc,heap     ] GC(146) Survivor regions: 3->2(16)
[2026-09-07T10:43:01.413+0900][12.723s][info][gc,heap     ] GC(146) Old regions: 53->53
[2026-09-07T10:43:01.413+0900][12.723s][info][gc,heap     ] GC(146) Humongous regions: 1->1
[2026-09-07T10:43:01.413+0900][12.723s][info][gc,metaspace] GC(146) Metaspace: 23355K(23872K)->23355K(23872K) NonClass: 20536K(20800K)->20536K(20800K) Class: 2819K(3072K)->2819K(3072K)
[2026-09-07T10:43:01.413+0900][12.723s][info][gc          ] GC(146) Pause Young (Normal) (G1 Evacuation Pause) 363M->110M(428M) 0.636ms
[2026-09-07T10:43:01.413+0900][12.723s][info][gc,cpu      ] GC(146) User=0.00s Sys=0.00s Real=0.00s
[2026-09-07T10:43:01.413+0900][12.723s][info][safepoint   ] Safepoint "G1CollectForAllocation", Time since last: 94046333 ns, Reaching safepoint: 1084 ns, Cleanup: 1041 ns, At safepoint: 657750 ns, Leaving safepoint: 1042 ns, Total: 660917 ns
[2026-09-07T10:43:01.509+0900][12.819s][info][gc,start    ] GC(147) Pause Young (Normal) (G1 Evacuation Pause)
[2026-09-07T10:43:01.509+0900][12.819s][info][gc,task     ] GC(147) Using 9 workers of 9 for evacuation
[2026-09-07T10:43:01.509+0900][12.820s][info][gc,phases   ] GC(147)   Pre Evacuate Collection Set: 0.07ms
[2026-09-07T10:43:01.509+0900][12.820s][info][gc,phases   ] GC(147)   Merge Heap Roots: 0.04ms
[2026-09-07T10:43:01.509+0900][12.820s][info][gc,phases   ] GC(147)   Evacuate Collection Set: 0.40ms
[2026-09-07T10:43:01.509+0900][12.820s][info][gc,phases   ] GC(147)   Post Evacuate Collection Set: 0.11ms
[2026-09-07T10:43:01.509+0900][12.820s][info][gc,phases   ] GC(147)   Other: 0.02ms
[2026-09-07T10:43:01.509+0900][12.820s][info][gc,heap     ] GC(147) Eden regions: 126->0(125)
[2026-09-07T10:43:01.509+0900][12.820s][info][gc,heap     ] GC(147) Survivor regions: 2->3(16)
[2026-09-07T10:43:01.509+0900][12.820s][info][gc,heap     ] GC(147) Old regions: 53->53
[2026-09-07T10:43:01.509+0900][12.820s][info][gc,heap     ] GC(147) Humongous regions: 1->1
[2026-09-07T10:43:01.509+0900][12.820s][info][gc,metaspace] GC(147) Metaspace: 23355K(23872K)->23355K(23872K) NonClass: 20536K(20800K)->20536K(20800K) Class: 2819K(3072K)->2819K(3072K)
[2026-09-07T10:43:01.509+0900][12.820s][info][gc          ] GC(147) Pause Young (Normal) (G1 Evacuation Pause) 362M->111M(428M) 0.722ms
[2026-09-07T10:43:01.510+0900][12.820s][info][gc,cpu      ] GC(147) User=0.00s Sys=0.00s Real=0.01s
[2026-09-07T10:43:01.510+0900][12.820s][info][safepoint   ] Safepoint "G1CollectForAllocation", Time since last: 96115625 ns, Reaching safepoint: 1417 ns, Cleanup: 1375 ns, At safepoint: 737916 ns, Leaving safepoint: 1250 ns, Total: 741958 ns
[2026-09-07T10:43:01.605+0900][12.915s][info][gc,start    ] GC(148) Pause Young (Normal) (G1 Evacuation Pause)
[2026-09-07T10:43:01.605+0900][12.915s][info][gc,task     ] GC(148) Using 9 workers of 9 for evacuation
[2026-09-07T10:43:01.605+0900][12.915s][info][gc,phases   ] GC(148)   Pre Evacuate Collection Set: 0.07ms
[2026-09-07T10:43:01.605+0900][12.916s][info][gc,phases   ] GC(148)   Merge Heap Roots: 0.02ms
[2026-09-07T10:43:01.605+0900][12.916s][info][gc,phases   ] GC(148)   Evacuate Collection Set: 0.22ms
[2026-09-07T10:43:01.605+0900][12.916s][info][gc,phases   ] GC(148)   Post Evacuate Collection Set: 0.12ms
[2026-09-07T10:43:01.605+0900][12.916s][info][gc,phases   ] GC(148)   Other: 0.02ms
[2026-09-07T10:43:01.605+0900][12.916s][info][gc,heap     ] GC(148) Eden regions: 125->0(127)
[2026-09-07T10:43:01.605+0900][12.916s][info][gc,heap     ] GC(148) Survivor regions: 3->1(16)
[2026-09-07T10:43:01.605+0900][12.916s][info][gc,heap     ] GC(148) Old regions: 53->53
[2026-09-07T10:43:01.605+0900][12.916s][info][gc,heap     ] GC(148) Humongous regions: 1->1
[2026-09-07T10:43:01.605+0900][12.916s][info][gc,metaspace] GC(148) Metaspace: 23355K(23872K)->23355K(23872K) NonClass: 20536K(20800K)->20536K(20800K) Class: 2819K(3072K)->2819K(3072K)
[2026-09-07T10:43:01.605+0900][12.916s][info][gc          ] GC(148) Pause Young (Normal) (G1 Evacuation Pause) 361M->108M(428M) 0.518ms
[2026-09-07T10:43:01.605+0900][12.916s][info][gc,cpu      ] GC(148) User=0.00s Sys=0.00s Real=0.00s
[2026-09-07T10:43:01.605+0900][12.916s][info][safepoint   ] Safepoint "G1CollectForAllocation", Time since last: 95307417 ns, Reaching safepoint: 1208 ns, Cleanup: 1084 ns, At safepoint: 533875 ns, Leaving safepoint: 1083 ns, Total: 537250 ns
[2026-09-07T10:43:01.703+0900][13.013s][info][gc,start    ] GC(149) Pause Young (Normal) (G1 Evacuation Pause)
[2026-09-07T10:43:01.703+0900][13.013s][info][gc,task     ] GC(149) Using 9 workers of 9 for evacuation
[2026-09-07T10:43:01.703+0900][13.013s][info][gc,phases   ] GC(149)   Pre Evacuate Collection Set: 0.07ms
[2026-09-07T10:43:01.703+0900][13.013s][info][gc,phases   ] GC(149)   Merge Heap Roots: 0.02ms
[2026-09-07T10:43:01.703+0900][13.013s][info][gc,phases   ] GC(149)   Evacuate Collection Set: 0.33ms
[2026-09-07T10:43:01.703+0900][13.013s][info][gc,phases   ] GC(149)   Post Evacuate Collection Set: 0.12ms
[2026-09-07T10:43:01.703+0900][13.013s][info][gc,phases   ] GC(149)   Other: 0.02ms
[2026-09-07T10:43:01.703+0900][13.013s][info][gc,heap     ] GC(149) Eden regions: 127->0(126)
[2026-09-07T10:43:01.703+0900][13.013s][info][gc,heap     ] GC(149) Survivor regions: 1->2(16)
[2026-09-07T10:43:01.703+0900][13.013s][info][gc,heap     ] GC(149) Old regions: 53->53
[2026-09-07T10:43:01.703+0900][13.013s][info][gc,heap     ] GC(149) Humongous regions: 1->1
[2026-09-07T10:43:01.703+0900][13.013s][info][gc,metaspace] GC(149) Metaspace: 23355K(23872K)->23355K(23872K) NonClass: 20536K(20800K)->20536K(20800K) Class: 2819K(3072K)->2819K(3072K)
[2026-09-07T10:43:01.703+0900][13.013s][info][gc          ] GC(149) Pause Young (Normal) (G1 Evacuation Pause) 362M->110M(428M) 0.628ms
[2026-09-07T10:43:01.703+0900][13.013s][info][gc,cpu      ] GC(149) User=0.00s Sys=0.00s Real=0.00s
[2026-09-07T10:43:01.703+0900][13.013s][info][safepoint   ] Safepoint "G1CollectForAllocation", Time since last: 97159000 ns, Reaching safepoint: 1250 ns, Cleanup: 1125 ns, At safepoint: 642958 ns, Leaving safepoint: 1084 ns, Total: 646417 ns
[2026-09-07T10:43:01.801+0900][13.111s][info][gc,start    ] GC(150) Pause Young (Normal) (G1 Evacuation Pause)
[2026-09-07T10:43:01.801+0900][13.111s][info][gc,task     ] GC(150) Using 9 workers of 9 for evacuation
[2026-09-07T10:43:01.802+0900][13.112s][info][gc,phases   ] GC(150)   Pre Evacuate Collection Set: 0.07ms
[2026-09-07T10:43:01.802+0900][13.112s][info][gc,phases   ] GC(150)   Merge Heap Roots: 0.04ms
[2026-09-07T10:43:01.802+0900][13.112s][info][gc,phases   ] GC(150)   Evacuate Collection Set: 0.49ms
[2026-09-07T10:43:01.802+0900][13.112s][info][gc,phases   ] GC(150)   Post Evacuate Collection Set: 0.11ms
[2026-09-07T10:43:01.802+0900][13.112s][info][gc,phases   ] GC(150)   Other: 0.02ms
[2026-09-07T10:43:01.802+0900][13.112s][info][gc,heap     ] GC(150) Eden regions: 126->0(125)
[2026-09-07T10:43:01.802+0900][13.112s][info][gc,heap     ] GC(150) Survivor regions: 2->3(16)
[2026-09-07T10:43:01.802+0900][13.112s][info][gc,heap     ] GC(150) Old regions: 53->53
[2026-09-07T10:43:01.802+0900][13.112s][info][gc,heap     ] GC(150) Humongous regions: 1->1
[2026-09-07T10:43:01.802+0900][13.112s][info][gc,metaspace] GC(150) Metaspace: 23355K(23872K)->23355K(23872K) NonClass: 20536K(20800K)->20536K(20800K) Class: 2819K(3072K)->2819K(3072K)
[2026-09-07T10:43:01.802+0900][13.112s][info][gc          ] GC(150) Pause Young (Normal) (G1 Evacuation Pause) 362M->112M(428M) 0.808ms
[2026-09-07T10:43:01.802+0900][13.112s][info][gc,cpu      ] GC(150) User=0.00s Sys=0.00s Real=0.00s
[2026-09-07T10:43:01.802+0900][13.112s][info][safepoint   ] Safepoint "G1CollectForAllocation", Time since last: 97764541 ns, Reaching safepoint: 1375 ns, Cleanup: 792 ns, At safepoint: 823375 ns, Leaving safepoint: 1167 ns, Total: 826709 ns
[2026-09-07T10:43:01.897+0900][13.207s][info][gc,start    ] GC(151) Pause Young (Normal) (G1 Evacuation Pause)
[2026-09-07T10:43:01.897+0900][13.207s][info][gc,task     ] GC(151) Using 9 workers of 9 for evacuation
[2026-09-07T10:43:01.897+0900][13.207s][info][gc,phases   ] GC(151)   Pre Evacuate Collection Set: 0.06ms
[2026-09-07T10:43:01.897+0900][13.208s][info][gc,phases   ] GC(151)   Merge Heap Roots: 0.02ms
[2026-09-07T10:43:01.897+0900][13.208s][info][gc,phases   ] GC(151)   Evacuate Collection Set: 0.26ms
[2026-09-07T10:43:01.897+0900][13.208s][info][gc,phases   ] GC(151)   Post Evacuate Collection Set: 0.11ms
[2026-09-07T10:43:01.897+0900][13.208s][info][gc,phases   ] GC(151)   Other: 0.02ms
[2026-09-07T10:43:01.897+0900][13.208s][info][gc,heap     ] GC(151) Eden regions: 125->0(126)
[2026-09-07T10:43:01.897+0900][13.208s][info][gc,heap     ] GC(151) Survivor regions: 3->2(16)
[2026-09-07T10:43:01.897+0900][13.208s][info][gc,heap     ] GC(151) Old regions: 53->53
[2026-09-07T10:43:01.897+0900][13.208s][info][gc,heap     ] GC(151) Humongous regions: 1->1
[2026-09-07T10:43:01.897+0900][13.208s][info][gc,metaspace] GC(151) Metaspace: 23355K(23872K)->23355K(23872K) NonClass: 20536K(20800K)->20536K(20800K) Class: 2819K(3072K)->2819K(3072K)
[2026-09-07T10:43:01.897+0900][13.208s][info][gc          ] GC(151) Pause Young (Normal) (G1 Evacuation Pause) 362M->109M(428M) 0.553ms
[2026-09-07T10:43:01.897+0900][13.208s][info][gc,cpu      ] GC(151) User=0.00s Sys=0.00s Real=0.00s
[2026-09-07T10:43:01.897+0900][13.208s][info][safepoint   ] Safepoint "G1CollectForAllocation", Time since last: 95035875 ns, Reaching safepoint: 1625 ns, Cleanup: 1041 ns, At safepoint: 569667 ns, Leaving safepoint: 1208 ns, Total: 573541 ns
[2026-09-07T10:43:01.993+0900][13.304s][info][gc,start    ] GC(152) Pause Young (Normal) (G1 Evacuation Pause)
[2026-09-07T10:43:01.993+0900][13.304s][info][gc,task     ] GC(152) Using 9 workers of 9 for evacuation
[2026-09-07T10:43:01.994+0900][13.304s][info][gc,phases   ] GC(152)   Pre Evacuate Collection Set: 0.07ms
[2026-09-07T10:43:01.994+0900][13.304s][info][gc,phases   ] GC(152)   Merge Heap Roots: 0.03ms
[2026-09-07T10:43:01.994+0900][13.304s][info][gc,phases   ] GC(152)   Evacuate Collection Set: 0.40ms
[2026-09-07T10:43:01.994+0900][13.304s][info][gc,phases   ] GC(152)   Post Evacuate Collection Set: 0.13ms
[2026-09-07T10:43:01.994+0900][13.304s][info][gc,phases   ] GC(152)   Other: 0.02ms
[2026-09-07T10:43:01.994+0900][13.304s][info][gc,heap     ] GC(152) Eden regions: 126->0(125)
[2026-09-07T10:43:01.994+0900][13.304s][info][gc,heap     ] GC(152) Survivor regions: 2->3(16)
[2026-09-07T10:43:01.994+0900][13.304s][info][gc,heap     ] GC(152) Old regions: 53->53
[2026-09-07T10:43:01.994+0900][13.304s][info][gc,heap     ] GC(152) Humongous regions: 1->1
[2026-09-07T10:43:01.994+0900][13.304s][info][gc,metaspace] GC(152) Metaspace: 23355K(23872K)->23355K(23872K) NonClass: 20536K(20800K)->20536K(20800K) Class: 2819K(3072K)->2819K(3072K)
[2026-09-07T10:43:01.994+0900][13.304s][info][gc          ] GC(152) Pause Young (Normal) (G1 Evacuation Pause) 361M->111M(428M) 0.711ms
[2026-09-07T10:43:01.994+0900][13.304s][info][gc,cpu      ] GC(152) User=0.00s Sys=0.00s Real=0.00s
[2026-09-07T10:43:01.994+0900][13.304s][info][safepoint   ] Safepoint "G1CollectForAllocation", Time since last: 96003167 ns, Reaching safepoint: 1042 ns, Cleanup: 1416 ns, At safepoint: 723125 ns, Leaving safepoint: 1750 ns, Total: 727333 ns
[2026-09-07T10:43:02.089+0900][13.400s][info][gc,start    ] GC(153) Pause Young (Normal) (G1 Evacuation Pause)
[2026-09-07T10:43:02.089+0900][13.400s][info][gc,task     ] GC(153) Using 9 workers of 9 for evacuation
[2026-09-07T10:43:02.090+0900][13.400s][info][gc,phases   ] GC(153)   Pre Evacuate Collection Set: 0.07ms
[2026-09-07T10:43:02.090+0900][13.400s][info][gc,phases   ] GC(153)   Merge Heap Roots: 0.04ms
[2026-09-07T10:43:02.090+0900][13.400s][info][gc,phases   ] GC(153)   Evacuate Collection Set: 0.17ms
[2026-09-07T10:43:02.090+0900][13.400s][info][gc,phases   ] GC(153)   Post Evacuate Collection Set: 0.12ms
[2026-09-07T10:43:02.090+0900][13.400s][info][gc,phases   ] GC(153)   Other: 0.02ms
[2026-09-07T10:43:02.090+0900][13.400s][info][gc,heap     ] GC(153) Eden regions: 125->0(127)
[2026-09-07T10:43:02.090+0900][13.400s][info][gc,heap     ] GC(153) Survivor regions: 3->1(16)
[2026-09-07T10:43:02.090+0900][13.400s][info][gc,heap     ] GC(153) Old regions: 53->53
[2026-09-07T10:43:02.090+0900][13.400s][info][gc,heap     ] GC(153) Humongous regions: 1->1
[2026-09-07T10:43:02.090+0900][13.400s][info][gc,metaspace] GC(153) Metaspace: 23355K(23872K)->23355K(23872K) NonClass: 20536K(20800K)->20536K(20800K) Class: 2819K(3072K)->2819K(3072K)
[2026-09-07T10:43:02.090+0900][13.400s][info][gc          ] GC(153) Pause Young (Normal) (G1 Evacuation Pause) 361M->108M(428M) 0.481ms
[2026-09-07T10:43:02.090+0900][13.400s][info][gc,cpu      ] GC(153) User=0.01s Sys=0.00s Real=0.01s
[2026-09-07T10:43:02.090+0900][13.400s][info][safepoint   ] Safepoint "G1CollectForAllocation", Time since last: 95304792 ns, Reaching safepoint: 1167 ns, Cleanup: 1541 ns, At safepoint: 495625 ns, Leaving safepoint: 1334 ns, Total: 499667 ns
[2026-09-07T10:43:02.186+0900][13.497s][info][gc,start    ] GC(154) Pause Young (Normal) (G1 Evacuation Pause)
[2026-09-07T10:43:02.186+0900][13.497s][info][gc,task     ] GC(154) Using 9 workers of 9 for evacuation
[2026-09-07T10:43:02.187+0900][13.497s][info][gc,phases   ] GC(154)   Pre Evacuate Collection Set: 0.08ms
[2026-09-07T10:43:02.187+0900][13.497s][info][gc,phases   ] GC(154)   Merge Heap Roots: 0.04ms
[2026-09-07T10:43:02.187+0900][13.497s][info][gc,phases   ] GC(154)   Evacuate Collection Set: 0.29ms
[2026-09-07T10:43:02.187+0900][13.497s][info][gc,phases   ] GC(154)   Post Evacuate Collection Set: 0.13ms
[2026-09-07T10:43:02.187+0900][13.497s][info][gc,phases   ] GC(154)   Other: 0.02ms
[2026-09-07T10:43:02.187+0900][13.497s][info][gc,heap     ] GC(154) Eden regions: 127->0(126)
[2026-09-07T10:43:02.187+0900][13.497s][info][gc,heap     ] GC(154) Survivor regions: 1->2(16)
[2026-09-07T10:43:02.187+0900][13.497s][info][gc,heap     ] GC(154) Old regions: 53->53
[2026-09-07T10:43:02.187+0900][13.497s][info][gc,heap     ] GC(154) Humongous regions: 1->1
[2026-09-07T10:43:02.187+0900][13.497s][info][gc,metaspace] GC(154) Metaspace: 23355K(23872K)->23355K(23872K) NonClass: 20536K(20800K)->20536K(20800K) Class: 2819K(3072K)->2819K(3072K)
[2026-09-07T10:43:02.187+0900][13.497s][info][gc          ] GC(154) Pause Young (Normal) (G1 Evacuation Pause) 362M->110M(428M) 0.621ms
[2026-09-07T10:43:02.187+0900][13.497s][info][gc,cpu      ] GC(154) User=0.00s Sys=0.00s Real=0.00s
[2026-09-07T10:43:02.187+0900][13.497s][info][safepoint   ] Safepoint "G1CollectForAllocation", Time since last: 96486208 ns, Reaching safepoint: 917 ns, Cleanup: 1041 ns, At safepoint: 634792 ns, Leaving safepoint: 1125 ns, Total: 637875 ns
[2026-09-07T10:43:02.283+0900][13.594s][info][gc,start    ] GC(155) Pause Young (Normal) (G1 Evacuation Pause)
[2026-09-07T10:43:02.283+0900][13.594s][info][gc,task     ] GC(155) Using 9 workers of 9 for evacuation
[2026-09-07T10:43:02.284+0900][13.594s][info][gc,phases   ] GC(155)   Pre Evacuate Collection Set: 0.06ms
[2026-09-07T10:43:02.284+0900][13.594s][info][gc,phases   ] GC(155)   Merge Heap Roots: 0.04ms
[2026-09-07T10:43:02.284+0900][13.594s][info][gc,phases   ] GC(155)   Evacuate Collection Set: 0.43ms
[2026-09-07T10:43:02.284+0900][13.594s][info][gc,phases   ] GC(155)   Post Evacuate Collection Set: 0.14ms
[2026-09-07T10:43:02.284+0900][13.594s][info][gc,phases   ] GC(155)   Other: 0.02ms
[2026-09-07T10:43:02.284+0900][13.594s][info][gc,heap     ] GC(155) Eden regions: 126->0(125)
[2026-09-07T10:43:02.284+0900][13.594s][info][gc,heap     ] GC(155) Survivor regions: 2->3(16)
[2026-09-07T10:43:02.284+0900][13.594s][info][gc,heap     ] GC(155) Old regions: 53->53
[2026-09-07T10:43:02.284+0900][13.594s][info][gc,heap     ] GC(155) Humongous regions: 1->1
[2026-09-07T10:43:02.284+0900][13.594s][info][gc,metaspace] GC(155) Metaspace: 23355K(23872K)->23355K(23872K) NonClass: 20536K(20800K)->20536K(20800K) Class: 2819K(3072K)->2819K(3072K)
[2026-09-07T10:43:02.284+0900][13.594s][info][gc          ] GC(155) Pause Young (Normal) (G1 Evacuation Pause) 362M->112M(428M) 0.762ms
[2026-09-07T10:43:02.284+0900][13.594s][info][gc,cpu      ] GC(155) User=0.00s Sys=0.01s Real=0.00s
[2026-09-07T10:43:02.284+0900][13.594s][info][safepoint   ] Safepoint "G1CollectForAllocation", Time since last: 96351542 ns, Reaching safepoint: 1166 ns, Cleanup: 709 ns, At safepoint: 775500 ns, Leaving safepoint: 1458 ns, Total: 778833 ns
[2026-09-07T10:43:02.383+0900][13.693s][info][gc,start    ] GC(156) Pause Young (Normal) (G1 Evacuation Pause)
[2026-09-07T10:43:02.383+0900][13.693s][info][gc,task     ] GC(156) Using 9 workers of 9 for evacuation
[2026-09-07T10:43:02.383+0900][13.694s][info][gc,phases   ] GC(156)   Pre Evacuate Collection Set: 0.07ms
[2026-09-07T10:43:02.383+0900][13.694s][info][gc,phases   ] GC(156)   Merge Heap Roots: 0.04ms
[2026-09-07T10:43:02.383+0900][13.694s][info][gc,phases   ] GC(156)   Evacuate Collection Set: 0.23ms
[2026-09-07T10:43:02.383+0900][13.694s][info][gc,phases   ] GC(156)   Post Evacuate Collection Set: 0.12ms
[2026-09-07T10:43:02.383+0900][13.694s][info][gc,phases   ] GC(156)   Other: 0.02ms
[2026-09-07T10:43:02.383+0900][13.694s][info][gc,heap     ] GC(156) Eden regions: 125->0(126)
[2026-09-07T10:43:02.383+0900][13.694s][info][gc,heap     ] GC(156) Survivor regions: 3->2(16)
[2026-09-07T10:43:02.383+0900][13.694s][info][gc,heap     ] GC(156) Old regions: 53->53
[2026-09-07T10:43:02.383+0900][13.694s][info][gc,heap     ] GC(156) Humongous regions: 1->1
[2026-09-07T10:43:02.383+0900][13.694s][info][gc,metaspace] GC(156) Metaspace: 23355K(23872K)->23355K(23872K) NonClass: 20536K(20800K)->20536K(20800K) Class: 2819K(3072K)->2819K(3072K)
[2026-09-07T10:43:02.383+0900][13.694s][info][gc          ] GC(156) Pause Young (Normal) (G1 Evacuation Pause) 362M->109M(428M) 0.553ms
[2026-09-07T10:43:02.383+0900][13.694s][info][gc,cpu      ] GC(156) User=0.00s Sys=0.00s Real=0.00s
[2026-09-07T10:43:02.383+0900][13.694s][info][safepoint   ] Safepoint "G1CollectForAllocation", Time since last: 98662083 ns, Reaching safepoint: 1125 ns, Cleanup: 792 ns, At safepoint: 566250 ns, Leaving safepoint: 1042 ns, Total: 569209 ns
[2026-09-07T10:43:02.479+0900][13.790s][info][gc,start    ] GC(157) Pause Young (Normal) (G1 Evacuation Pause)
[2026-09-07T10:43:02.479+0900][13.790s][info][gc,task     ] GC(157) Using 9 workers of 9 for evacuation
[2026-09-07T10:43:02.480+0900][13.790s][info][gc,phases   ] GC(157)   Pre Evacuate Collection Set: 0.07ms
[2026-09-07T10:43:02.480+0900][13.790s][info][gc,phases   ] GC(157)   Merge Heap Roots: 0.04ms
[2026-09-07T10:43:02.480+0900][13.790s][info][gc,phases   ] GC(157)   Evacuate Collection Set: 0.37ms
[2026-09-07T10:43:02.480+0900][13.790s][info][gc,phases   ] GC(157)   Post Evacuate Collection Set: 0.12ms
[2026-09-07T10:43:02.480+0900][13.790s][info][gc,phases   ] GC(157)   Other: 0.02ms
[2026-09-07T10:43:02.480+0900][13.790s][info][gc,heap     ] GC(157) Eden regions: 126->0(125)
[2026-09-07T10:43:02.480+0900][13.790s][info][gc,heap     ] GC(157) Survivor regions: 2->3(16)
[2026-09-07T10:43:02.480+0900][13.790s][info][gc,heap     ] GC(157) Old regions: 53->53
[2026-09-07T10:43:02.480+0900][13.790s][info][gc,heap     ] GC(157) Humongous regions: 1->1
[2026-09-07T10:43:02.480+0900][13.790s][info][gc,metaspace] GC(157) Metaspace: 23355K(23872K)->23355K(23872K) NonClass: 20536K(20800K)->20536K(20800K) Class: 2819K(3072K)->2819K(3072K)
[2026-09-07T10:43:02.480+0900][13.790s][info][gc          ] GC(157) Pause Young (Normal) (G1 Evacuation Pause) 361M->111M(428M) 0.689ms
[2026-09-07T10:43:02.480+0900][13.790s][info][gc,cpu      ] GC(157) User=0.00s Sys=0.00s Real=0.01s
[2026-09-07T10:43:02.480+0900][13.790s][info][safepoint   ] Safepoint "G1CollectForAllocation", Time since last: 96000875 ns, Reaching safepoint: 1333 ns, Cleanup: 583 ns, At safepoint: 702667 ns, Leaving safepoint: 1208 ns, Total: 705791 ns
[2026-09-07T10:43:02.576+0900][13.886s][info][gc,start    ] GC(158) Pause Young (Normal) (G1 Evacuation Pause)
[2026-09-07T10:43:02.576+0900][13.886s][info][gc,task     ] GC(158) Using 9 workers of 9 for evacuation
[2026-09-07T10:43:02.576+0900][13.886s][info][gc,phases   ] GC(158)   Pre Evacuate Collection Set: 0.06ms
[2026-09-07T10:43:02.576+0900][13.886s][info][gc,phases   ] GC(158)   Merge Heap Roots: 0.04ms
[2026-09-07T10:43:02.576+0900][13.886s][info][gc,phases   ] GC(158)   Evacuate Collection Set: 0.16ms
[2026-09-07T10:43:02.576+0900][13.886s][info][gc,phases   ] GC(158)   Post Evacuate Collection Set: 0.13ms
[2026-09-07T10:43:02.576+0900][13.886s][info][gc,phases   ] GC(158)   Other: 0.02ms
[2026-09-07T10:43:02.576+0900][13.886s][info][gc,heap     ] GC(158) Eden regions: 125->0(127)
[2026-09-07T10:43:02.576+0900][13.886s][info][gc,heap     ] GC(158) Survivor regions: 3->1(16)
[2026-09-07T10:43:02.576+0900][13.886s][info][gc,heap     ] GC(158) Old regions: 53->53
[2026-09-07T10:43:02.576+0900][13.886s][info][gc,heap     ] GC(158) Humongous regions: 1->1
[2026-09-07T10:43:02.576+0900][13.886s][info][gc,metaspace] GC(158) Metaspace: 23355K(23872K)->23355K(23872K) NonClass: 20536K(20800K)->20536K(20800K) Class: 2819K(3072K)->2819K(3072K)
[2026-09-07T10:43:02.576+0900][13.886s][info][gc          ] GC(158) Pause Young (Normal) (G1 Evacuation Pause) 361M->108M(428M) 0.467ms
[2026-09-07T10:43:02.576+0900][13.886s][info][gc,cpu      ] GC(158) User=0.00s Sys=0.00s Real=0.00s
[2026-09-07T10:43:02.576+0900][13.886s][info][safepoint   ] Safepoint "G1CollectForAllocation", Time since last: 95491250 ns, Reaching safepoint: 1334 ns, Cleanup: 708 ns, At safepoint: 482000 ns, Leaving safepoint: 1208 ns, Total: 485250 ns
[2026-09-07T10:43:02.675+0900][13.985s][info][gc,start    ] GC(159) Pause Young (Normal) (G1 Evacuation Pause)
[2026-09-07T10:43:02.675+0900][13.985s][info][gc,task     ] GC(159) Using 9 workers of 9 for evacuation
[2026-09-07T10:43:02.676+0900][13.986s][info][gc,phases   ] GC(159)   Pre Evacuate Collection Set: 0.08ms
[2026-09-07T10:43:02.676+0900][13.986s][info][gc,phases   ] GC(159)   Merge Heap Roots: 0.04ms
[2026-09-07T10:43:02.676+0900][13.986s][info][gc,phases   ] GC(159)   Evacuate Collection Set: 0.32ms
[2026-09-07T10:43:02.676+0900][13.986s][info][gc,phases   ] GC(159)   Post Evacuate Collection Set: 0.12ms
[2026-09-07T10:43:02.676+0900][13.986s][info][gc,phases   ] GC(159)   Other: 0.02ms
[2026-09-07T10:43:02.676+0900][13.986s][info][gc,heap     ] GC(159) Eden regions: 127->0(126)
[2026-09-07T10:43:02.676+0900][13.986s][info][gc,heap     ] GC(159) Survivor regions: 1->2(16)
[2026-09-07T10:43:02.676+0900][13.986s][info][gc,heap     ] GC(159) Old regions: 53->53
[2026-09-07T10:43:02.676+0900][13.986s][info][gc,heap     ] GC(159) Humongous regions: 1->1
[2026-09-07T10:43:02.676+0900][13.986s][info][gc,metaspace] GC(159) Metaspace: 23355K(23872K)->23355K(23872K) NonClass: 20536K(20800K)->20536K(20800K) Class: 2819K(3072K)->2819K(3072K)
[2026-09-07T10:43:02.676+0900][13.986s][info][gc          ] GC(159) Pause Young (Normal) (G1 Evacuation Pause) 362M->110M(428M) 0.637ms
[2026-09-07T10:43:02.676+0900][13.986s][info][gc,cpu      ] GC(159) User=0.00s Sys=0.00s Real=0.00s
[2026-09-07T10:43:02.676+0900][13.986s][info][safepoint   ] Safepoint "G1CollectForAllocation", Time since last: 98911084 ns, Reaching safepoint: 1166 ns, Cleanup: 667 ns, At safepoint: 651417 ns, Leaving safepoint: 1125 ns, Total: 654375 ns
[2026-09-07T10:43:02.775+0900][14.085s][info][gc,start    ] GC(160) Pause Young (Normal) (G1 Evacuation Pause)
[2026-09-07T10:43:02.775+0900][14.085s][info][gc,task     ] GC(160) Using 9 workers of 9 for evacuation
[2026-09-07T10:43:02.775+0900][14.085s][info][gc,phases   ] GC(160)   Pre Evacuate Collection Set: 0.09ms
[2026-09-07T10:43:02.775+0900][14.085s][info][gc,phases   ] GC(160)   Merge Heap Roots: 0.03ms
[2026-09-07T10:43:02.775+0900][14.085s][info][gc,phases   ] GC(160)   Evacuate Collection Set: 0.43ms
[2026-09-07T10:43:02.775+0900][14.085s][info][gc,phases   ] GC(160)   Post Evacuate Collection Set: 0.12ms
[2026-09-07T10:43:02.775+0900][14.085s][info][gc,phases   ] GC(160)   Other: 0.02ms
[2026-09-07T10:43:02.775+0900][14.085s][info][gc,heap     ] GC(160) Eden regions: 126->0(125)
[2026-09-07T10:43:02.775+0900][14.085s][info][gc,heap     ] GC(160) Survivor regions: 2->3(16)
[2026-09-07T10:43:02.775+0900][14.085s][info][gc,heap     ] GC(160) Old regions: 53->53
[2026-09-07T10:43:02.775+0900][14.085s][info][gc,heap     ] GC(160) Humongous regions: 1->1
[2026-09-07T10:43:02.775+0900][14.086s][info][gc,metaspace] GC(160) Metaspace: 23355K(23872K)->23355K(23872K) NonClass: 20536K(20800K)->20536K(20800K) Class: 2819K(3072K)->2819K(3072K)
[2026-09-07T10:43:02.775+0900][14.086s][info][gc          ] GC(160) Pause Young (Normal) (G1 Evacuation Pause) 362M->112M(428M) 0.757ms
[2026-09-07T10:43:02.775+0900][14.086s][info][gc,cpu      ] GC(160) User=0.00s Sys=0.00s Real=0.00s
[2026-09-07T10:43:02.775+0900][14.086s][info][safepoint   ] Safepoint "G1CollectForAllocation", Time since last: 98922541 ns, Reaching safepoint: 917 ns, Cleanup: 708 ns, At safepoint: 771875 ns, Leaving safepoint: 1084 ns, Total: 774584 ns
[2026-09-07T10:43:02.872+0900][14.182s][info][gc,start    ] GC(161) Pause Young (Normal) (G1 Evacuation Pause)
[2026-09-07T10:43:02.872+0900][14.182s][info][gc,task     ] GC(161) Using 9 workers of 9 for evacuation
[2026-09-07T10:43:02.872+0900][14.182s][info][gc,phases   ] GC(161)   Pre Evacuate Collection Set: 0.07ms
[2026-09-07T10:43:02.872+0900][14.182s][info][gc,phases   ] GC(161)   Merge Heap Roots: 0.02ms
[2026-09-07T10:43:02.872+0900][14.182s][info][gc,phases   ] GC(161)   Evacuate Collection Set: 0.21ms
[2026-09-07T10:43:02.872+0900][14.182s][info][gc,phases   ] GC(161)   Post Evacuate Collection Set: 0.13ms
[2026-09-07T10:43:02.872+0900][14.182s][info][gc,phases   ] GC(161)   Other: 0.02ms
[2026-09-07T10:43:02.872+0900][14.182s][info][gc,heap     ] GC(161) Eden regions: 125->0(127)
[2026-09-07T10:43:02.872+0900][14.182s][info][gc,heap     ] GC(161) Survivor regions: 3->1(16)
[2026-09-07T10:43:02.872+0900][14.182s][info][gc,heap     ] GC(161) Old regions: 53->53
[2026-09-07T10:43:02.872+0900][14.182s][info][gc,heap     ] GC(161) Humongous regions: 1->1
[2026-09-07T10:43:02.872+0900][14.182s][info][gc,metaspace] GC(161) Metaspace: 23355K(23872K)->23355K(23872K) NonClass: 20536K(20800K)->20536K(20800K) Class: 2819K(3072K)->2819K(3072K)
[2026-09-07T10:43:02.872+0900][14.182s][info][gc          ] GC(161) Pause Young (Normal) (G1 Evacuation Pause) 362M->109M(428M) 0.520ms
[2026-09-07T10:43:02.872+0900][14.182s][info][gc,cpu      ] GC(161) User=0.00s Sys=0.00s Real=0.00s
[2026-09-07T10:43:02.872+0900][14.182s][info][safepoint   ] Safepoint "G1CollectForAllocation", Time since last: 96207666 ns, Reaching safepoint: 1000 ns, Cleanup: 1167 ns, At safepoint: 533542 ns, Leaving safepoint: 1333 ns, Total: 537042 ns
[2026-09-07T10:43:02.969+0900][14.279s][info][gc,start    ] GC(162) Pause Young (Normal) (G1 Evacuation Pause)
[2026-09-07T10:43:02.969+0900][14.279s][info][gc,task     ] GC(162) Using 9 workers of 9 for evacuation
[2026-09-07T10:43:02.970+0900][14.280s][info][gc,phases   ] GC(162)   Pre Evacuate Collection Set: 0.07ms
[2026-09-07T10:43:02.970+0900][14.280s][info][gc,phases   ] GC(162)   Merge Heap Roots: 0.02ms
[2026-09-07T10:43:02.970+0900][14.280s][info][gc,phases   ] GC(162)   Evacuate Collection Set: 0.37ms
[2026-09-07T10:43:02.970+0900][14.280s][info][gc,phases   ] GC(162)   Post Evacuate Collection Set: 0.12ms
[2026-09-07T10:43:02.970+0900][14.280s][info][gc,phases   ] GC(162)   Other: 0.02ms
[2026-09-07T10:43:02.970+0900][14.280s][info][gc,heap     ] GC(162) Eden regions: 127->0(126)
[2026-09-07T10:43:02.970+0900][14.280s][info][gc,heap     ] GC(162) Survivor regions: 1->2(16)
[2026-09-07T10:43:02.970+0900][14.280s][info][gc,heap     ] GC(162) Old regions: 53->53
[2026-09-07T10:43:02.970+0900][14.280s][info][gc,heap     ] GC(162) Humongous regions: 1->1
[2026-09-07T10:43:02.970+0900][14.280s][info][gc,metaspace] GC(162) Metaspace: 23355K(23872K)->23355K(23872K) NonClass: 20536K(20800K)->20536K(20800K) Class: 2819K(3072K)->2819K(3072K)
[2026-09-07T10:43:02.970+0900][14.280s][info][gc          ] GC(162) Pause Young (Normal) (G1 Evacuation Pause) 363M->111M(428M) 0.668ms
[2026-09-07T10:43:02.970+0900][14.280s][info][gc,cpu      ] GC(162) User=0.00s Sys=0.00s Real=0.01s
[2026-09-07T10:43:02.970+0900][14.280s][info][safepoint   ] Safepoint "G1CollectForAllocation", Time since last: 96837292 ns, Reaching safepoint: 1208 ns, Cleanup: 708 ns, At safepoint: 682792 ns, Leaving safepoint: 1167 ns, Total: 685875 ns
[2026-09-07T10:43:03.066+0900][14.376s][info][gc,start    ] GC(163) Pause Young (Normal) (G1 Evacuation Pause)
[2026-09-07T10:43:03.066+0900][14.376s][info][gc,task     ] GC(163) Using 9 workers of 9 for evacuation
[2026-09-07T10:43:03.067+0900][14.377s][info][gc,phases   ] GC(163)   Pre Evacuate Collection Set: 0.07ms
[2026-09-07T10:43:03.067+0900][14.377s][info][gc,phases   ] GC(163)   Merge Heap Roots: 0.02ms
[2026-09-07T10:43:03.067+0900][14.377s][info][gc,phases   ] GC(163)   Evacuate Collection Set: 0.16ms
[2026-09-07T10:43:03.067+0900][14.377s][info][gc,phases   ] GC(163)   Post Evacuate Collection Set: 0.13ms
[2026-09-07T10:43:03.067+0900][14.377s][info][gc,phases   ] GC(163)   Other: 0.02ms
[2026-09-07T10:43:03.067+0900][14.377s][info][gc,heap     ] GC(163) Eden regions: 126->0(127)
[2026-09-07T10:43:03.067+0900][14.377s][info][gc,heap     ] GC(163) Survivor regions: 2->1(16)
[2026-09-07T10:43:03.067+0900][14.377s][info][gc,heap     ] GC(163) Old regions: 53->53
[2026-09-07T10:43:03.067+0900][14.377s][info][gc,heap     ] GC(163) Humongous regions: 1->1
[2026-09-07T10:43:03.067+0900][14.377s][info][gc,metaspace] GC(163) Metaspace: 23355K(23872K)->23355K(23872K) NonClass: 20536K(20800K)->20536K(20800K) Class: 2819K(3072K)->2819K(3072K)
[2026-09-07T10:43:03.067+0900][14.377s][info][gc          ] GC(163) Pause Young (Normal) (G1 Evacuation Pause) 363M->108M(428M) 0.479ms
[2026-09-07T10:43:03.067+0900][14.377s][info][gc,cpu      ] GC(163) User=0.00s Sys=0.00s Real=0.00s
[2026-09-07T10:43:03.067+0900][14.377s][info][safepoint   ] Safepoint "G1CollectForAllocation", Time since last: 96576666 ns, Reaching safepoint: 834 ns, Cleanup: 1166 ns, At safepoint: 492667 ns, Leaving safepoint: 1083 ns, Total: 495750 ns
[2026-09-07T10:43:03.165+0900][14.475s][info][gc,start    ] GC(164) Pause Young (Normal) (G1 Evacuation Pause)
[2026-09-07T10:43:03.165+0900][14.475s][info][gc,task     ] GC(164) Using 9 workers of 9 for evacuation
[2026-09-07T10:43:03.165+0900][14.475s][info][gc,phases   ] GC(164)   Pre Evacuate Collection Set: 0.07ms
[2026-09-07T10:43:03.165+0900][14.475s][info][gc,phases   ] GC(164)   Merge Heap Roots: 0.04ms
[2026-09-07T10:43:03.165+0900][14.475s][info][gc,phases   ] GC(164)   Evacuate Collection Set: 0.35ms
[2026-09-07T10:43:03.165+0900][14.475s][info][gc,phases   ] GC(164)   Post Evacuate Collection Set: 0.12ms
[2026-09-07T10:43:03.165+0900][14.475s][info][gc,phases   ] GC(164)   Other: 0.02ms
[2026-09-07T10:43:03.165+0900][14.475s][info][gc,heap     ] GC(164) Eden regions: 127->0(126)
[2026-09-07T10:43:03.165+0900][14.475s][info][gc,heap     ] GC(164) Survivor regions: 1->2(16)
[2026-09-07T10:43:03.165+0900][14.475s][info][gc,heap     ] GC(164) Old regions: 53->53
[2026-09-07T10:43:03.165+0900][14.475s][info][gc,heap     ] GC(164) Humongous regions: 1->1
[2026-09-07T10:43:03.165+0900][14.475s][info][gc,metaspace] GC(164) Metaspace: 23355K(23872K)->23355K(23872K) NonClass: 20536K(20800K)->20536K(20800K) Class: 2819K(3072K)->2819K(3072K)
[2026-09-07T10:43:03.165+0900][14.475s][info][gc          ] GC(164) Pause Young (Normal) (G1 Evacuation Pause) 362M->110M(428M) 0.671ms
[2026-09-07T10:43:03.165+0900][14.475s][info][gc,cpu      ] GC(164) User=0.00s Sys=0.00s Real=0.00s
[2026-09-07T10:43:03.165+0900][14.475s][info][safepoint   ] Safepoint "G1CollectForAllocation", Time since last: 97824209 ns, Reaching safepoint: 958 ns, Cleanup: 1000 ns, At safepoint: 685083 ns, Leaving safepoint: 959 ns, Total: 688000 ns
[2026-09-07T10:43:03.262+0900][14.573s][info][gc,start    ] GC(165) Pause Young (Normal) (G1 Evacuation Pause)
[2026-09-07T10:43:03.263+0900][14.573s][info][gc,task     ] GC(165) Using 9 workers of 9 for evacuation
[2026-09-07T10:43:03.263+0900][14.573s][info][gc,phases   ] GC(165)   Pre Evacuate Collection Set: 0.10ms
[2026-09-07T10:43:03.263+0900][14.573s][info][gc,phases   ] GC(165)   Merge Heap Roots: 0.03ms
[2026-09-07T10:43:03.263+0900][14.573s][info][gc,phases   ] GC(165)   Evacuate Collection Set: 0.46ms
[2026-09-07T10:43:03.263+0900][14.573s][info][gc,phases   ] GC(165)   Post Evacuate Collection Set: 0.12ms
[2026-09-07T10:43:03.263+0900][14.573s][info][gc,phases   ] GC(165)   Other: 0.02ms
[2026-09-07T10:43:03.263+0900][14.573s][info][gc,heap     ] GC(165) Eden regions: 126->0(125)
[2026-09-07T10:43:03.263+0900][14.573s][info][gc,heap     ] GC(165) Survivor regions: 2->3(16)
[2026-09-07T10:43:03.263+0900][14.573s][info][gc,heap     ] GC(165) Old regions: 53->53
[2026-09-07T10:43:03.263+0900][14.573s][info][gc,heap     ] GC(165) Humongous regions: 1->1
[2026-09-07T10:43:03.263+0900][14.573s][info][gc,metaspace] GC(165) Metaspace: 23355K(23872K)->23355K(23872K) NonClass: 20536K(20800K)->20536K(20800K) Class: 2819K(3072K)->2819K(3072K)
[2026-09-07T10:43:03.263+0900][14.573s][info][gc          ] GC(165) Pause Young (Normal) (G1 Evacuation Pause) 362M->112M(428M) 0.795ms
[2026-09-07T10:43:03.263+0900][14.573s][info][gc,cpu      ] GC(165) User=0.00s Sys=0.00s Real=0.00s
[2026-09-07T10:43:03.263+0900][14.573s][info][safepoint   ] Safepoint "G1CollectForAllocation", Time since last: 97280625 ns, Reaching safepoint: 958 ns, Cleanup: 1292 ns, At safepoint: 808791 ns, Leaving safepoint: 959 ns, Total: 812000 ns
[2026-09-07T10:43:03.361+0900][14.671s][info][gc,start    ] GC(166) Pause Young (Normal) (G1 Evacuation Pause)
[2026-09-07T10:43:03.361+0900][14.671s][info][gc,task     ] GC(166) Using 9 workers of 9 for evacuation
[2026-09-07T10:43:03.361+0900][14.672s][info][gc,phases   ] GC(166)   Pre Evacuate Collection Set: 0.05ms
[2026-09-07T10:43:03.362+0900][14.672s][info][gc,phases   ] GC(166)   Merge Heap Roots: 0.04ms
[2026-09-07T10:43:03.362+0900][14.672s][info][gc,phases   ] GC(166)   Evacuate Collection Set: 0.26ms
[2026-09-07T10:43:03.362+0900][14.672s][info][gc,phases   ] GC(166)   Post Evacuate Collection Set: 0.11ms
[2026-09-07T10:43:03.362+0900][14.672s][info][gc,phases   ] GC(166)   Other: 0.02ms
[2026-09-07T10:43:03.362+0900][14.672s][info][gc,heap     ] GC(166) Eden regions: 125->0(126)
[2026-09-07T10:43:03.362+0900][14.672s][info][gc,heap     ] GC(166) Survivor regions: 3->2(16)
[2026-09-07T10:43:03.362+0900][14.672s][info][gc,heap     ] GC(166) Old regions: 53->53
[2026-09-07T10:43:03.362+0900][14.672s][info][gc,heap     ] GC(166) Humongous regions: 1->1
[2026-09-07T10:43:03.362+0900][14.672s][info][gc,metaspace] GC(166) Metaspace: 23355K(23872K)->23355K(23872K) NonClass: 20536K(20800K)->20536K(20800K) Class: 2819K(3072K)->2819K(3072K)
[2026-09-07T10:43:03.362+0900][14.672s][info][gc          ] GC(166) Pause Young (Normal) (G1 Evacuation Pause) 362M->109M(428M) 0.538ms
[2026-09-07T10:43:03.362+0900][14.672s][info][gc,cpu      ] GC(166) User=0.00s Sys=0.01s Real=0.00s
[2026-09-07T10:43:03.362+0900][14.672s][info][safepoint   ] Safepoint "G1CollectForAllocation", Time since last: 97711500 ns, Reaching safepoint: 791 ns, Cleanup: 792 ns, At safepoint: 551125 ns, Leaving safepoint: 1000 ns, Total: 553708 ns
[2026-09-07T10:43:03.457+0900][14.768s][info][gc,start    ] GC(167) Pause Young (Normal) (G1 Evacuation Pause)
[2026-09-07T10:43:03.458+0900][14.768s][info][gc,task     ] GC(167) Using 9 workers of 9 for evacuation
[2026-09-07T10:43:03.458+0900][14.768s][info][gc,phases   ] GC(167)   Pre Evacuate Collection Set: 0.07ms
[2026-09-07T10:43:03.458+0900][14.768s][info][gc,phases   ] GC(167)   Merge Heap Roots: 0.02ms
[2026-09-07T10:43:03.458+0900][14.768s][info][gc,phases   ] GC(167)   Evacuate Collection Set: 0.39ms
[2026-09-07T10:43:03.458+0900][14.768s][info][gc,phases   ] GC(167)   Post Evacuate Collection Set: 0.13ms
[2026-09-07T10:43:03.458+0900][14.768s][info][gc,phases   ] GC(167)   Other: 0.02ms
[2026-09-07T10:43:03.458+0900][14.768s][info][gc,heap     ] GC(167) Eden regions: 126->0(125)
[2026-09-07T10:43:03.458+0900][14.768s][info][gc,heap     ] GC(167) Survivor regions: 2->3(16)
[2026-09-07T10:43:03.458+0900][14.768s][info][gc,heap     ] GC(167) Old regions: 53->53
[2026-09-07T10:43:03.458+0900][14.768s][info][gc,heap     ] GC(167) Humongous regions: 1->1
[2026-09-07T10:43:03.458+0900][14.768s][info][gc,metaspace] GC(167) Metaspace: 23355K(23872K)->23355K(23872K) NonClass: 20536K(20800K)->20536K(20800K) Class: 2819K(3072K)->2819K(3072K)
[2026-09-07T10:43:03.458+0900][14.768s][info][gc          ] GC(167) Pause Young (Normal) (G1 Evacuation Pause) 361M->111M(428M) 0.688ms
[2026-09-07T10:43:03.458+0900][14.768s][info][gc,cpu      ] GC(167) User=0.00s Sys=0.00s Real=0.00s
[2026-09-07T10:43:03.458+0900][14.768s][info][safepoint   ] Safepoint "G1CollectForAllocation", Time since last: 95924042 ns, Reaching safepoint: 708 ns, Cleanup: 458 ns, At safepoint: 700250 ns, Leaving safepoint: 1042 ns, Total: 702458 ns
[2026-09-07T10:43:03.555+0900][14.865s][info][gc,start    ] GC(168) Pause Young (Normal) (G1 Evacuation Pause)
[2026-09-07T10:43:03.555+0900][14.865s][info][gc,task     ] GC(168) Using 9 workers of 9 for evacuation
[2026-09-07T10:43:03.555+0900][14.865s][info][gc,phases   ] GC(168)   Pre Evacuate Collection Set: 0.08ms
[2026-09-07T10:43:03.555+0900][14.865s][info][gc,phases   ] GC(168)   Merge Heap Roots: 0.04ms
[2026-09-07T10:43:03.555+0900][14.865s][info][gc,phases   ] GC(168)   Evacuate Collection Set: 0.14ms
[2026-09-07T10:43:03.555+0900][14.865s][info][gc,phases   ] GC(168)   Post Evacuate Collection Set: 0.11ms
[2026-09-07T10:43:03.555+0900][14.865s][info][gc,phases   ] GC(168)   Other: 0.02ms
[2026-09-07T10:43:03.555+0900][14.865s][info][gc,heap     ] GC(168) Eden regions: 125->0(127)
[2026-09-07T10:43:03.555+0900][14.865s][info][gc,heap     ] GC(168) Survivor regions: 3->1(16)
[2026-09-07T10:43:03.555+0900][14.865s][info][gc,heap     ] GC(168) Old regions: 53->53
[2026-09-07T10:43:03.555+0900][14.865s][info][gc,heap     ] GC(168) Humongous regions: 1->1
[2026-09-07T10:43:03.555+0900][14.865s][info][gc,metaspace] GC(168) Metaspace: 23355K(23872K)->23355K(23872K) NonClass: 20536K(20800K)->20536K(20800K) Class: 2819K(3072K)->2819K(3072K)
[2026-09-07T10:43:03.555+0900][14.865s][info][gc          ] GC(168) Pause Young (Normal) (G1 Evacuation Pause) 361M->108M(428M) 0.463ms
[2026-09-07T10:43:03.555+0900][14.865s][info][gc,cpu      ] GC(168) User=0.00s Sys=0.00s Real=0.00s
[2026-09-07T10:43:03.555+0900][14.865s][info][safepoint   ] Safepoint "G1CollectForAllocation", Time since last: 96489125 ns, Reaching safepoint: 875 ns, Cleanup: 1250 ns, At safepoint: 476792 ns, Leaving safepoint: 1000 ns, Total: 479917 ns
[2026-09-07T10:43:03.653+0900][14.964s][info][gc,start    ] GC(169) Pause Young (Normal) (G1 Evacuation Pause)
[2026-09-07T10:43:03.653+0900][14.964s][info][gc,task     ] GC(169) Using 9 workers of 9 for evacuation
[2026-09-07T10:43:03.654+0900][14.964s][info][gc,phases   ] GC(169)   Pre Evacuate Collection Set: 0.10ms
[2026-09-07T10:43:03.654+0900][14.964s][info][gc,phases   ] GC(169)   Merge Heap Roots: 0.04ms
[2026-09-07T10:43:03.654+0900][14.964s][info][gc,phases   ] GC(169)   Evacuate Collection Set: 0.32ms
[2026-09-07T10:43:03.654+0900][14.964s][info][gc,phases   ] GC(169)   Post Evacuate Collection Set: 0.11ms
[2026-09-07T10:43:03.654+0900][14.964s][info][gc,phases   ] GC(169)   Other: 0.02ms
[2026-09-07T10:43:03.654+0900][14.964s][info][gc,heap     ] GC(169) Eden regions: 127->0(126)
[2026-09-07T10:43:03.654+0900][14.964s][info][gc,heap     ] GC(169) Survivor regions: 1->2(16)
[2026-09-07T10:43:03.654+0900][14.964s][info][gc,heap     ] GC(169) Old regions: 53->53
[2026-09-07T10:43:03.654+0900][14.964s][info][gc,heap     ] GC(169) Humongous regions: 1->1
[2026-09-07T10:43:03.654+0900][14.964s][info][gc,metaspace] GC(169) Metaspace: 23355K(23872K)->23355K(23872K) NonClass: 20536K(20800K)->20536K(20800K) Class: 2819K(3072K)->2819K(3072K)
[2026-09-07T10:43:03.654+0900][14.964s][info][gc          ] GC(169) Pause Young (Normal) (G1 Evacuation Pause) 362M->110M(428M) 0.663ms
[2026-09-07T10:43:03.654+0900][14.964s][info][gc,cpu      ] GC(169) User=0.00s Sys=0.00s Real=0.00s
[2026-09-07T10:43:03.654+0900][14.964s][info][safepoint   ] Safepoint "G1CollectForAllocation", Time since last: 98212291 ns, Reaching safepoint: 1334 ns, Cleanup: 750 ns, At safepoint: 675500 ns, Leaving safepoint: 1125 ns, Total: 678709 ns
[2026-09-07T10:43:03.750+0900][15.060s][info][gc,start    ] GC(170) Pause Young (Normal) (G1 Evacuation Pause)
[2026-09-07T10:43:03.750+0900][15.060s][info][gc,task     ] GC(170) Using 9 workers of 9 for evacuation
[2026-09-07T10:43:03.751+0900][15.061s][info][gc,phases   ] GC(170)   Pre Evacuate Collection Set: 0.05ms
[2026-09-07T10:43:03.751+0900][15.061s][info][gc,phases   ] GC(170)   Merge Heap Roots: 0.03ms
[2026-09-07T10:43:03.751+0900][15.061s][info][gc,phases   ] GC(170)   Evacuate Collection Set: 0.45ms
[2026-09-07T10:43:03.751+0900][15.061s][info][gc,phases   ] GC(170)   Post Evacuate Collection Set: 0.13ms
[2026-09-07T10:43:03.751+0900][15.061s][info][gc,phases   ] GC(170)   Other: 0.02ms
[2026-09-07T10:43:03.751+0900][15.061s][info][gc,heap     ] GC(170) Eden regions: 126->0(125)
[2026-09-07T10:43:03.751+0900][15.061s][info][gc,heap     ] GC(170) Survivor regions: 2->3(16)
[2026-09-07T10:43:03.751+0900][15.061s][info][gc,heap     ] GC(170) Old regions: 53->53
[2026-09-07T10:43:03.751+0900][15.061s][info][gc,heap     ] GC(170) Humongous regions: 1->1
[2026-09-07T10:43:03.751+0900][15.061s][info][gc,metaspace] GC(170) Metaspace: 23355K(23872K)->23355K(23872K) NonClass: 20536K(20800K)->20536K(20800K) Class: 2819K(3072K)->2819K(3072K)
[2026-09-07T10:43:03.751+0900][15.061s][info][gc          ] GC(170) Pause Young (Normal) (G1 Evacuation Pause) 362M->112M(428M) 0.753ms
[2026-09-07T10:43:03.751+0900][15.061s][info][gc,cpu      ] GC(170) User=0.00s Sys=0.00s Real=0.00s
[2026-09-07T10:43:03.751+0900][15.061s][info][safepoint   ] Safepoint "G1CollectForAllocation", Time since last: 95821250 ns, Reaching safepoint: 1125 ns, Cleanup: 1333 ns, At safepoint: 765417 ns, Leaving safepoint: 1125 ns, Total: 769000 ns
[2026-09-07T10:43:03.846+0900][15.156s][info][gc,start    ] GC(171) Pause Young (Normal) (G1 Evacuation Pause)
[2026-09-07T10:43:03.846+0900][15.156s][info][gc,task     ] GC(171) Using 9 workers of 9 for evacuation
[2026-09-07T10:43:03.847+0900][15.157s][info][gc,phases   ] GC(171)   Pre Evacuate Collection Set: 0.07ms
[2026-09-07T10:43:03.847+0900][15.157s][info][gc,phases   ] GC(171)   Merge Heap Roots: 0.04ms
[2026-09-07T10:43:03.847+0900][15.157s][info][gc,phases   ] GC(171)   Evacuate Collection Set: 0.26ms
[2026-09-07T10:43:03.847+0900][15.157s][info][gc,phases   ] GC(171)   Post Evacuate Collection Set: 0.13ms
[2026-09-07T10:43:03.847+0900][15.157s][info][gc,phases   ] GC(171)   Other: 0.01ms
[2026-09-07T10:43:03.847+0900][15.157s][info][gc,heap     ] GC(171) Eden regions: 125->0(126)
[2026-09-07T10:43:03.847+0900][15.157s][info][gc,heap     ] GC(171) Survivor regions: 3->2(16)
[2026-09-07T10:43:03.847+0900][15.157s][info][gc,heap     ] GC(171) Old regions: 53->53
[2026-09-07T10:43:03.847+0900][15.157s][info][gc,heap     ] GC(171) Humongous regions: 1->1
[2026-09-07T10:43:03.847+0900][15.157s][info][gc,metaspace] GC(171) Metaspace: 23355K(23872K)->23355K(23872K) NonClass: 20536K(20800K)->20536K(20800K) Class: 2819K(3072K)->2819K(3072K)
[2026-09-07T10:43:03.847+0900][15.157s][info][gc          ] GC(171) Pause Young (Normal) (G1 Evacuation Pause) 362M->109M(428M) 0.594ms
[2026-09-07T10:43:03.847+0900][15.157s][info][gc,cpu      ] GC(171) User=0.00s Sys=0.00s Real=0.00s
[2026-09-07T10:43:03.847+0900][15.157s][info][safepoint   ] Safepoint "G1CollectForAllocation", Time since last: 95615541 ns, Reaching safepoint: 917 ns, Cleanup: 792 ns, At safepoint: 608333 ns, Leaving safepoint: 1083 ns, Total: 611125 ns
[2026-09-07T10:43:03.943+0900][15.253s][info][gc,start    ] GC(172) Pause Young (Normal) (G1 Evacuation Pause)
[2026-09-07T10:43:03.943+0900][15.253s][info][gc,task     ] GC(172) Using 9 workers of 9 for evacuation
[2026-09-07T10:43:03.944+0900][15.254s][info][gc,phases   ] GC(172)   Pre Evacuate Collection Set: 0.07ms
[2026-09-07T10:43:03.944+0900][15.254s][info][gc,phases   ] GC(172)   Merge Heap Roots: 0.04ms
[2026-09-07T10:43:03.944+0900][15.254s][info][gc,phases   ] GC(172)   Evacuate Collection Set: 0.43ms
[2026-09-07T10:43:03.944+0900][15.254s][info][gc,phases   ] GC(172)   Post Evacuate Collection Set: 0.12ms
[2026-09-07T10:43:03.944+0900][15.254s][info][gc,phases   ] GC(172)   Other: 0.02ms
[2026-09-07T10:43:03.944+0900][15.254s][info][gc,heap     ] GC(172) Eden regions: 126->0(125)
[2026-09-07T10:43:03.944+0900][15.254s][info][gc,heap     ] GC(172) Survivor regions: 2->3(16)
[2026-09-07T10:43:03.944+0900][15.254s][info][gc,heap     ] GC(172) Old regions: 53->53
[2026-09-07T10:43:03.944+0900][15.254s][info][gc,heap     ] GC(172) Humongous regions: 1->1
[2026-09-07T10:43:03.944+0900][15.254s][info][gc,metaspace] GC(172) Metaspace: 23355K(23872K)->23355K(23872K) NonClass: 20536K(20800K)->20536K(20800K) Class: 2819K(3072K)->2819K(3072K)
[2026-09-07T10:43:03.944+0900][15.254s][info][gc          ] GC(172) Pause Young (Normal) (G1 Evacuation Pause) 361M->112M(428M) 0.751ms
[2026-09-07T10:43:03.944+0900][15.254s][info][gc,cpu      ] GC(172) User=0.01s Sys=0.00s Real=0.00s
[2026-09-07T10:43:03.944+0900][15.254s][info][safepoint   ] Safepoint "G1CollectForAllocation", Time since last: 96274459 ns, Reaching safepoint: 1041 ns, Cleanup: 792 ns, At safepoint: 766042 ns, Leaving safepoint: 1166 ns, Total: 769041 ns
[2026-09-07T10:43:04.042+0900][15.352s][info][gc,start    ] GC(173) Pause Young (Normal) (G1 Evacuation Pause)
[2026-09-07T10:43:04.042+0900][15.352s][info][gc,task     ] GC(173) Using 9 workers of 9 for evacuation
[2026-09-07T10:43:04.042+0900][15.352s][info][gc,phases   ] GC(173)   Pre Evacuate Collection Set: 0.08ms
[2026-09-07T10:43:04.042+0900][15.352s][info][gc,phases   ] GC(173)   Merge Heap Roots: 0.03ms
[2026-09-07T10:43:04.042+0900][15.352s][info][gc,phases   ] GC(173)   Evacuate Collection Set: 0.22ms
[2026-09-07T10:43:04.042+0900][15.352s][info][gc,phases   ] GC(173)   Post Evacuate Collection Set: 0.12ms
[2026-09-07T10:43:04.042+0900][15.352s][info][gc,phases   ] GC(173)   Other: 0.02ms
[2026-09-07T10:43:04.042+0900][15.352s][info][gc,heap     ] GC(173) Eden regions: 125->0(126)
[2026-09-07T10:43:04.042+0900][15.352s][info][gc,heap     ] GC(173) Survivor regions: 3->2(16)
[2026-09-07T10:43:04.042+0900][15.352s][info][gc,heap     ] GC(173) Old regions: 53->53
[2026-09-07T10:43:04.042+0900][15.352s][info][gc,heap     ] GC(173) Humongous regions: 1->1
[2026-09-07T10:43:04.042+0900][15.352s][info][gc,metaspace] GC(173) Metaspace: 23355K(23872K)->23355K(23872K) NonClass: 20536K(20800K)->20536K(20800K) Class: 2819K(3072K)->2819K(3072K)
[2026-09-07T10:43:04.042+0900][15.352s][info][gc          ] GC(173) Pause Young (Normal) (G1 Evacuation Pause) 362M->109M(428M) 0.535ms
[2026-09-07T10:43:04.042+0900][15.352s][info][gc,cpu      ] GC(173) User=0.00s Sys=0.00s Real=0.00s
[2026-09-07T10:43:04.042+0900][15.352s][info][safepoint   ] Safepoint "G1CollectForAllocation", Time since last: 97638959 ns, Reaching safepoint: 916 ns, Cleanup: 625 ns, At safepoint: 546750 ns, Leaving safepoint: 1334 ns, Total: 549625 ns
[2026-09-07T10:43:04.139+0900][15.449s][info][gc,start    ] GC(174) Pause Young (Normal) (G1 Evacuation Pause)
[2026-09-07T10:43:04.139+0900][15.449s][info][gc,task     ] GC(174) Using 9 workers of 9 for evacuation
[2026-09-07T10:43:04.140+0900][15.450s][info][gc,phases   ] GC(174)   Pre Evacuate Collection Set: 0.07ms
[2026-09-07T10:43:04.140+0900][15.450s][info][gc,phases   ] GC(174)   Merge Heap Roots: 0.02ms
[2026-09-07T10:43:04.140+0900][15.450s][info][gc,phases   ] GC(174)   Evacuate Collection Set: 0.39ms
[2026-09-07T10:43:04.140+0900][15.450s][info][gc,phases   ] GC(174)   Post Evacuate Collection Set: 0.13ms
[2026-09-07T10:43:04.140+0900][15.450s][info][gc,phases   ] GC(174)   Other: 0.02ms
[2026-09-07T10:43:04.140+0900][15.450s][info][gc,heap     ] GC(174) Eden regions: 126->0(125)
[2026-09-07T10:43:04.140+0900][15.450s][info][gc,heap     ] GC(174) Survivor regions: 2->3(16)
[2026-09-07T10:43:04.140+0900][15.450s][info][gc,heap     ] GC(174) Old regions: 53->53
[2026-09-07T10:43:04.140+0900][15.450s][info][gc,heap     ] GC(174) Humongous regions: 1->1
[2026-09-07T10:43:04.140+0900][15.450s][info][gc,metaspace] GC(174) Metaspace: 23355K(23872K)->23355K(23872K) NonClass: 20536K(20800K)->20536K(20800K) Class: 2819K(3072K)->2819K(3072K)
[2026-09-07T10:43:04.140+0900][15.450s][info][gc          ] GC(174) Pause Young (Normal) (G1 Evacuation Pause) 361M->111M(428M) 0.697ms
[2026-09-07T10:43:04.140+0900][15.450s][info][gc,cpu      ] GC(174) User=0.01s Sys=0.00s Real=0.01s
[2026-09-07T10:43:04.140+0900][15.450s][info][safepoint   ] Safepoint "G1CollectForAllocation", Time since last: 96865958 ns, Reaching safepoint: 1125 ns, Cleanup: 667 ns, At safepoint: 712041 ns, Leaving safepoint: 1042 ns, Total: 714875 ns
[2026-09-07T10:43:04.235+0900][15.545s][info][gc,start    ] GC(175) Pause Young (Normal) (G1 Evacuation Pause)
[2026-09-07T10:43:04.235+0900][15.545s][info][gc,task     ] GC(175) Using 9 workers of 9 for evacuation
[2026-09-07T10:43:04.235+0900][15.545s][info][gc,phases   ] GC(175)   Pre Evacuate Collection Set: 0.08ms
[2026-09-07T10:43:04.235+0900][15.545s][info][gc,phases   ] GC(175)   Merge Heap Roots: 0.04ms
[2026-09-07T10:43:04.235+0900][15.545s][info][gc,phases   ] GC(175)   Evacuate Collection Set: 0.16ms
[2026-09-07T10:43:04.235+0900][15.545s][info][gc,phases   ] GC(175)   Post Evacuate Collection Set: 0.12ms
[2026-09-07T10:43:04.235+0900][15.545s][info][gc,phases   ] GC(175)   Other: 0.02ms
[2026-09-07T10:43:04.235+0900][15.545s][info][gc,heap     ] GC(175) Eden regions: 125->0(127)
[2026-09-07T10:43:04.235+0900][15.545s][info][gc,heap     ] GC(175) Survivor regions: 3->1(16)
[2026-09-07T10:43:04.235+0900][15.545s][info][gc,heap     ] GC(175) Old regions: 53->53
[2026-09-07T10:43:04.235+0900][15.545s][info][gc,heap     ] GC(175) Humongous regions: 1->1
[2026-09-07T10:43:04.235+0900][15.545s][info][gc,metaspace] GC(175) Metaspace: 23355K(23872K)->23355K(23872K) NonClass: 20536K(20800K)->20536K(20800K) Class: 2819K(3072K)->2819K(3072K)
[2026-09-07T10:43:04.235+0900][15.545s][info][gc          ] GC(175) Pause Young (Normal) (G1 Evacuation Pause) 361M->108M(428M) 0.477ms
[2026-09-07T10:43:04.235+0900][15.545s][info][gc,cpu      ] GC(175) User=0.00s Sys=0.00s Real=0.00s
[2026-09-07T10:43:04.235+0900][15.545s][info][safepoint   ] Safepoint "G1CollectForAllocation", Time since last: 94941958 ns, Reaching safepoint: 959 ns, Cleanup: 500 ns, At safepoint: 491125 ns, Leaving safepoint: 1041 ns, Total: 493625 ns
[2026-09-07T10:43:04.332+0900][15.642s][info][gc,start    ] GC(176) Pause Young (Normal) (G1 Evacuation Pause)
[2026-09-07T10:43:04.332+0900][15.642s][info][gc,task     ] GC(176) Using 9 workers of 9 for evacuation
[2026-09-07T10:43:04.333+0900][15.643s][info][gc,phases   ] GC(176)   Pre Evacuate Collection Set: 0.08ms
[2026-09-07T10:43:04.333+0900][15.643s][info][gc,phases   ] GC(176)   Merge Heap Roots: 0.04ms
[2026-09-07T10:43:04.333+0900][15.643s][info][gc,phases   ] GC(176)   Evacuate Collection Set: 0.33ms
[2026-09-07T10:43:04.333+0900][15.643s][info][gc,phases   ] GC(176)   Post Evacuate Collection Set: 0.12ms
[2026-09-07T10:43:04.333+0900][15.643s][info][gc,phases   ] GC(176)   Other: 0.02ms
[2026-09-07T10:43:04.333+0900][15.643s][info][gc,heap     ] GC(176) Eden regions: 127->0(126)
[2026-09-07T10:43:04.333+0900][15.643s][info][gc,heap     ] GC(176) Survivor regions: 1->2(16)
[2026-09-07T10:43:04.333+0900][15.643s][info][gc,heap     ] GC(176) Old regions: 53->53
[2026-09-07T10:43:04.333+0900][15.643s][info][gc,heap     ] GC(176) Humongous regions: 1->1
[2026-09-07T10:43:04.333+0900][15.643s][info][gc,metaspace] GC(176) Metaspace: 23355K(23872K)->23355K(23872K) NonClass: 20536K(20800K)->20536K(20800K) Class: 2819K(3072K)->2819K(3072K)
[2026-09-07T10:43:04.333+0900][15.643s][info][gc          ] GC(176) Pause Young (Normal) (G1 Evacuation Pause) 362M->110M(428M) 0.652ms
[2026-09-07T10:43:04.333+0900][15.643s][info][gc,cpu      ] GC(176) User=0.00s Sys=0.00s Real=0.00s
[2026-09-07T10:43:04.333+0900][15.643s][info][safepoint   ] Safepoint "G1CollectForAllocation", Time since last: 97033292 ns, Reaching safepoint: 1208 ns, Cleanup: 917 ns, At safepoint: 666042 ns, Leaving safepoint: 958 ns, Total: 669125 ns
[2026-09-07T10:43:04.429+0900][15.739s][info][gc,start    ] GC(177) Pause Young (Normal) (G1 Evacuation Pause)
[2026-09-07T10:43:04.429+0900][15.739s][info][gc,task     ] GC(177) Using 9 workers of 9 for evacuation
[2026-09-07T10:43:04.429+0900][15.740s][info][gc,phases   ] GC(177)   Pre Evacuate Collection Set: 0.06ms
[2026-09-07T10:43:04.429+0900][15.740s][info][gc,phases   ] GC(177)   Merge Heap Roots: 0.03ms
[2026-09-07T10:43:04.429+0900][15.740s][info][gc,phases   ] GC(177)   Evacuate Collection Set: 0.49ms
[2026-09-07T10:43:04.429+0900][15.740s][info][gc,phases   ] GC(177)   Post Evacuate Collection Set: 0.12ms
[2026-09-07T10:43:04.429+0900][15.740s][info][gc,phases   ] GC(177)   Other: 0.02ms
[2026-09-07T10:43:04.429+0900][15.740s][info][gc,heap     ] GC(177) Eden regions: 126->0(125)
[2026-09-07T10:43:04.429+0900][15.740s][info][gc,heap     ] GC(177) Survivor regions: 2->3(16)
[2026-09-07T10:43:04.429+0900][15.740s][info][gc,heap     ] GC(177) Old regions: 53->53
[2026-09-07T10:43:04.429+0900][15.740s][info][gc,heap     ] GC(177) Humongous regions: 1->1
[2026-09-07T10:43:04.429+0900][15.740s][info][gc,metaspace] GC(177) Metaspace: 23355K(23872K)->23355K(23872K) NonClass: 20536K(20800K)->20536K(20800K) Class: 2819K(3072K)->2819K(3072K)
[2026-09-07T10:43:04.429+0900][15.740s][info][gc          ] GC(177) Pause Young (Normal) (G1 Evacuation Pause) 362M->113M(428M) 0.788ms
[2026-09-07T10:43:04.429+0900][15.740s][info][gc,cpu      ] GC(177) User=0.00s Sys=0.00s Real=0.00s
[2026-09-07T10:43:04.429+0900][15.740s][info][safepoint   ] Safepoint "G1CollectForAllocation", Time since last: 95766375 ns, Reaching safepoint: 833 ns, Cleanup: 1209 ns, At safepoint: 801083 ns, Leaving safepoint: 1167 ns, Total: 804292 ns
[2026-09-07T10:43:04.525+0900][15.835s][info][gc,start    ] GC(178) Pause Young (Normal) (G1 Evacuation Pause)
[2026-09-07T10:43:04.525+0900][15.835s][info][gc,task     ] GC(178) Using 9 workers of 9 for evacuation
[2026-09-07T10:43:04.526+0900][15.836s][info][gc,phases   ] GC(178)   Pre Evacuate Collection Set: 0.08ms
[2026-09-07T10:43:04.526+0900][15.836s][info][gc,phases   ] GC(178)   Merge Heap Roots: 0.02ms
[2026-09-07T10:43:04.526+0900][15.836s][info][gc,phases   ] GC(178)   Evacuate Collection Set: 0.28ms
[2026-09-07T10:43:04.526+0900][15.836s][info][gc,phases   ] GC(178)   Post Evacuate Collection Set: 0.11ms
[2026-09-07T10:43:04.526+0900][15.836s][info][gc,phases   ] GC(178)   Other: 0.02ms
[2026-09-07T10:43:04.526+0900][15.836s][info][gc,heap     ] GC(178) Eden regions: 125->0(126)
[2026-09-07T10:43:04.526+0900][15.836s][info][gc,heap     ] GC(178) Survivor regions: 3->2(16)
[2026-09-07T10:43:04.526+0900][15.836s][info][gc,heap     ] GC(178) Old regions: 53->53
[2026-09-07T10:43:04.526+0900][15.836s][info][gc,heap     ] GC(178) Humongous regions: 1->1
[2026-09-07T10:43:04.526+0900][15.836s][info][gc,metaspace] GC(178) Metaspace: 23355K(23872K)->23355K(23872K) NonClass: 20536K(20800K)->20536K(20800K) Class: 2819K(3072K)->2819K(3072K)
[2026-09-07T10:43:04.526+0900][15.836s][info][gc          ] GC(178) Pause Young (Normal) (G1 Evacuation Pause) 363M->109M(428M) 0.573ms
[2026-09-07T10:43:04.526+0900][15.836s][info][gc,cpu      ] GC(178) User=0.00s Sys=0.00s Real=0.00s
[2026-09-07T10:43:04.526+0900][15.836s][info][safepoint   ] Safepoint "G1CollectForAllocation", Time since last: 95788916 ns, Reaching safepoint: 667 ns, Cleanup: 750 ns, At safepoint: 585792 ns, Leaving safepoint: 1000 ns, Total: 588209 ns
[2026-09-07T10:43:04.622+0900][15.932s][info][gc,start    ] GC(179) Pause Young (Normal) (G1 Evacuation Pause)
[2026-09-07T10:43:04.622+0900][15.932s][info][gc,task     ] GC(179) Using 9 workers of 9 for evacuation
[2026-09-07T10:43:04.623+0900][15.933s][info][gc,phases   ] GC(179)   Pre Evacuate Collection Set: 0.07ms
[2026-09-07T10:43:04.623+0900][15.933s][info][gc,phases   ] GC(179)   Merge Heap Roots: 0.03ms
[2026-09-07T10:43:04.623+0900][15.933s][info][gc,phases   ] GC(179)   Evacuate Collection Set: 0.43ms
[2026-09-07T10:43:04.623+0900][15.933s][info][gc,phases   ] GC(179)   Post Evacuate Collection Set: 0.12ms
[2026-09-07T10:43:04.623+0900][15.933s][info][gc,phases   ] GC(179)   Other: 0.02ms
[2026-09-07T10:43:04.623+0900][15.933s][info][gc,heap     ] GC(179) Eden regions: 126->0(125)
[2026-09-07T10:43:04.623+0900][15.933s][info][gc,heap     ] GC(179) Survivor regions: 2->3(16)
[2026-09-07T10:43:04.623+0900][15.933s][info][gc,heap     ] GC(179) Old regions: 53->53
[2026-09-07T10:43:04.623+0900][15.933s][info][gc,heap     ] GC(179) Humongous regions: 1->1
[2026-09-07T10:43:04.623+0900][15.933s][info][gc,metaspace] GC(179) Metaspace: 23355K(23872K)->23355K(23872K) NonClass: 20536K(20800K)->20536K(20800K) Class: 2819K(3072K)->2819K(3072K)
[2026-09-07T10:43:04.623+0900][15.933s][info][gc          ] GC(179) Pause Young (Normal) (G1 Evacuation Pause) 361M->112M(428M) 0.736ms
[2026-09-07T10:43:04.623+0900][15.933s][info][gc,cpu      ] GC(179) User=0.00s Sys=0.00s Real=0.00s
[2026-09-07T10:43:04.623+0900][15.933s][info][safepoint   ] Safepoint "G1CollectForAllocation", Time since last: 96469625 ns, Reaching safepoint: 1291 ns, Cleanup: 875 ns, At safepoint: 750125 ns, Leaving safepoint: 1084 ns, Total: 753375 ns
[2026-09-07T10:43:04.720+0900][16.030s][info][gc,start    ] GC(180) Pause Young (Normal) (G1 Evacuation Pause)
[2026-09-07T10:43:04.720+0900][16.030s][info][gc,task     ] GC(180) Using 9 workers of 9 for evacuation
[2026-09-07T10:43:04.721+0900][16.031s][info][gc,phases   ] GC(180)   Pre Evacuate Collection Set: 0.08ms
[2026-09-07T10:43:04.721+0900][16.031s][info][gc,phases   ] GC(180)   Merge Heap Roots: 0.03ms
[2026-09-07T10:43:04.721+0900][16.031s][info][gc,phases   ] GC(180)   Evacuate Collection Set: 0.21ms
[2026-09-07T10:43:04.721+0900][16.031s][info][gc,phases   ] GC(180)   Post Evacuate Collection Set: 0.12ms
[2026-09-07T10:43:04.721+0900][16.031s][info][gc,phases   ] GC(180)   Other: 0.02ms
[2026-09-07T10:43:04.721+0900][16.031s][info][gc,heap     ] GC(180) Eden regions: 125->0(126)
[2026-09-07T10:43:04.721+0900][16.031s][info][gc,heap     ] GC(180) Survivor regions: 3->2(16)
[2026-09-07T10:43:04.721+0900][16.031s][info][gc,heap     ] GC(180) Old regions: 53->53
[2026-09-07T10:43:04.721+0900][16.031s][info][gc,heap     ] GC(180) Humongous regions: 1->1
[2026-09-07T10:43:04.721+0900][16.031s][info][gc,metaspace] GC(180) Metaspace: 23355K(23872K)->23355K(23872K) NonClass: 20536K(20800K)->20536K(20800K) Class: 2819K(3072K)->2819K(3072K)
[2026-09-07T10:43:04.721+0900][16.031s][info][gc          ] GC(180) Pause Young (Normal) (G1 Evacuation Pause) 362M->109M(428M) 0.541ms
[2026-09-07T10:43:04.721+0900][16.031s][info][gc,cpu      ] GC(180) User=0.00s Sys=0.00s Real=0.00s
[2026-09-07T10:43:04.721+0900][16.031s][info][safepoint   ] Safepoint "G1CollectForAllocation", Time since last: 97245125 ns, Reaching safepoint: 1125 ns, Cleanup: 875 ns, At safepoint: 554750 ns, Leaving safepoint: 1125 ns, Total: 557875 ns
[2026-09-07T10:43:04.818+0900][16.128s][info][gc,start    ] GC(181) Pause Young (Normal) (G1 Evacuation Pause)
[2026-09-07T10:43:04.818+0900][16.128s][info][gc,task     ] GC(181) Using 9 workers of 9 for evacuation
[2026-09-07T10:43:04.818+0900][16.128s][info][gc,phases   ] GC(181)   Pre Evacuate Collection Set: 0.08ms
[2026-09-07T10:43:04.818+0900][16.128s][info][gc,phases   ] GC(181)   Merge Heap Roots: 0.03ms
[2026-09-07T10:43:04.818+0900][16.128s][info][gc,phases   ] GC(181)   Evacuate Collection Set: 0.39ms
[2026-09-07T10:43:04.818+0900][16.128s][info][gc,phases   ] GC(181)   Post Evacuate Collection Set: 0.12ms
[2026-09-07T10:43:04.818+0900][16.128s][info][gc,phases   ] GC(181)   Other: 0.02ms
[2026-09-07T10:43:04.818+0900][16.128s][info][gc,heap     ] GC(181) Eden regions: 126->0(125)
[2026-09-07T10:43:04.818+0900][16.128s][info][gc,heap     ] GC(181) Survivor regions: 2->3(16)
[2026-09-07T10:43:04.818+0900][16.128s][info][gc,heap     ] GC(181) Old regions: 53->53
[2026-09-07T10:43:04.818+0900][16.129s][info][gc,heap     ] GC(181) Humongous regions: 1->1
[2026-09-07T10:43:04.818+0900][16.129s][info][gc,metaspace] GC(181) Metaspace: 23355K(23872K)->23355K(23872K) NonClass: 20536K(20800K)->20536K(20800K) Class: 2819K(3072K)->2819K(3072K)
[2026-09-07T10:43:04.818+0900][16.129s][info][gc          ] GC(181) Pause Young (Normal) (G1 Evacuation Pause) 361M->111M(428M) 0.713ms
[2026-09-07T10:43:04.818+0900][16.129s][info][gc,cpu      ] GC(181) User=0.00s Sys=0.00s Real=0.00s
[2026-09-07T10:43:04.818+0900][16.129s][info][safepoint   ] Safepoint "G1CollectForAllocation", Time since last: 96833208 ns, Reaching safepoint: 958 ns, Cleanup: 1750 ns, At safepoint: 726334 ns, Leaving safepoint: 1541 ns, Total: 730583 ns
[2026-09-07T10:43:04.913+0900][16.223s][info][gc,start    ] GC(182) Pause Young (Normal) (G1 Evacuation Pause)
[2026-09-07T10:43:04.913+0900][16.223s][info][gc,task     ] GC(182) Using 9 workers of 9 for evacuation
[2026-09-07T10:43:04.914+0900][16.224s][info][gc,phases   ] GC(182)   Pre Evacuate Collection Set: 0.07ms
[2026-09-07T10:43:04.914+0900][16.224s][info][gc,phases   ] GC(182)   Merge Heap Roots: 0.03ms
[2026-09-07T10:43:04.914+0900][16.224s][info][gc,phases   ] GC(182)   Evacuate Collection Set: 0.18ms
[2026-09-07T10:43:04.914+0900][16.224s][info][gc,phases   ] GC(182)   Post Evacuate Collection Set: 0.12ms
[2026-09-07T10:43:04.914+0900][16.224s][info][gc,phases   ] GC(182)   Other: 0.02ms
[2026-09-07T10:43:04.914+0900][16.224s][info][gc,heap     ] GC(182) Eden regions: 125->0(127)
[2026-09-07T10:43:04.914+0900][16.224s][info][gc,heap     ] GC(182) Survivor regions: 3->1(16)
[2026-09-07T10:43:04.914+0900][16.224s][info][gc,heap     ] GC(182) Old regions: 53->53
[2026-09-07T10:43:04.914+0900][16.224s][info][gc,heap     ] GC(182) Humongous regions: 1->1
[2026-09-07T10:43:04.914+0900][16.224s][info][gc,metaspace] GC(182) Metaspace: 23355K(23872K)->23355K(23872K) NonClass: 20536K(20800K)->20536K(20800K) Class: 2819K(3072K)->2819K(3072K)
[2026-09-07T10:43:04.914+0900][16.224s][info][gc          ] GC(182) Pause Young (Normal) (G1 Evacuation Pause) 361M->108M(428M) 0.497ms
[2026-09-07T10:43:04.914+0900][16.224s][info][gc,cpu      ] GC(182) User=0.00s Sys=0.00s Real=0.00s
[2026-09-07T10:43:04.914+0900][16.224s][info][safepoint   ] Safepoint "G1CollectForAllocation", Time since last: 94838875 ns, Reaching safepoint: 917 ns, Cleanup: 500 ns, At safepoint: 510458 ns, Leaving safepoint: 1167 ns, Total: 513042 ns
[2026-09-07T10:43:05.013+0900][16.323s][info][gc,start    ] GC(183) Pause Young (Normal) (G1 Evacuation Pause)
[2026-09-07T10:43:05.013+0900][16.323s][info][gc,task     ] GC(183) Using 9 workers of 9 for evacuation
[2026-09-07T10:43:05.013+0900][16.323s][info][gc,phases   ] GC(183)   Pre Evacuate Collection Set: 0.07ms
[2026-09-07T10:43:05.013+0900][16.323s][info][gc,phases   ] GC(183)   Merge Heap Roots: 0.02ms
[2026-09-07T10:43:05.013+0900][16.323s][info][gc,phases   ] GC(183)   Evacuate Collection Set: 0.35ms
[2026-09-07T10:43:05.013+0900][16.323s][info][gc,phases   ] GC(183)   Post Evacuate Collection Set: 0.13ms
[2026-09-07T10:43:05.013+0900][16.323s][info][gc,phases   ] GC(183)   Other: 0.02ms
[2026-09-07T10:43:05.013+0900][16.323s][info][gc,heap     ] GC(183) Eden regions: 127->0(126)
[2026-09-07T10:43:05.013+0900][16.323s][info][gc,heap     ] GC(183) Survivor regions: 1->2(16)
[2026-09-07T10:43:05.013+0900][16.323s][info][gc,heap     ] GC(183) Old regions: 53->53
[2026-09-07T10:43:05.013+0900][16.323s][info][gc,heap     ] GC(183) Humongous regions: 1->1
[2026-09-07T10:43:05.013+0900][16.323s][info][gc,metaspace] GC(183) Metaspace: 23355K(23872K)->23355K(23872K) NonClass: 20536K(20800K)->20536K(20800K) Class: 2819K(3072K)->2819K(3072K)
[2026-09-07T10:43:05.013+0900][16.323s][info][gc          ] GC(183) Pause Young (Normal) (G1 Evacuation Pause) 362M->110M(428M) 0.659ms
[2026-09-07T10:43:05.013+0900][16.323s][info][gc,cpu      ] GC(183) User=0.00s Sys=0.00s Real=0.00s
[2026-09-07T10:43:05.013+0900][16.323s][info][safepoint   ] Safepoint "G1CollectForAllocation", Time since last: 98922500 ns, Reaching safepoint: 958 ns, Cleanup: 1042 ns, At safepoint: 671792 ns, Leaving safepoint: 1166 ns, Total: 674958 ns
[2026-09-07T10:43:05.111+0900][16.421s][info][gc,start    ] GC(184) Pause Young (Normal) (G1 Evacuation Pause)
[2026-09-07T10:43:05.111+0900][16.421s][info][gc,task     ] GC(184) Using 9 workers of 9 for evacuation
[2026-09-07T10:43:05.112+0900][16.422s][info][gc,phases   ] GC(184)   Pre Evacuate Collection Set: 0.07ms
[2026-09-07T10:43:05.112+0900][16.422s][info][gc,phases   ] GC(184)   Merge Heap Roots: 0.02ms
[2026-09-07T10:43:05.112+0900][16.422s][info][gc,phases   ] GC(184)   Evacuate Collection Set: 0.50ms
[2026-09-07T10:43:05.112+0900][16.422s][info][gc,phases   ] GC(184)   Post Evacuate Collection Set: 0.11ms
[2026-09-07T10:43:05.112+0900][16.422s][info][gc,phases   ] GC(184)   Other: 0.02ms
[2026-09-07T10:43:05.112+0900][16.422s][info][gc,heap     ] GC(184) Eden regions: 126->0(124)
[2026-09-07T10:43:05.112+0900][16.422s][info][gc,heap     ] GC(184) Survivor regions: 2->4(16)
[2026-09-07T10:43:05.112+0900][16.422s][info][gc,heap     ] GC(184) Old regions: 53->53
[2026-09-07T10:43:05.112+0900][16.422s][info][gc,heap     ] GC(184) Humongous regions: 1->1
[2026-09-07T10:43:05.112+0900][16.422s][info][gc,metaspace] GC(184) Metaspace: 23355K(23872K)->23355K(23872K) NonClass: 20536K(20800K)->20536K(20800K) Class: 2819K(3072K)->2819K(3072K)
[2026-09-07T10:43:05.112+0900][16.422s][info][gc          ] GC(184) Pause Young (Normal) (G1 Evacuation Pause) 362M->113M(428M) 0.801ms
[2026-09-07T10:43:05.112+0900][16.422s][info][gc,cpu      ] GC(184) User=0.01s Sys=0.00s Real=0.00s
[2026-09-07T10:43:05.112+0900][16.422s][info][safepoint   ] Safepoint "G1CollectForAllocation", Time since last: 97599834 ns, Reaching safepoint: 1041 ns, Cleanup: 1292 ns, At safepoint: 814917 ns, Leaving safepoint: 958 ns, Total: 818208 ns
[2026-09-07T10:43:05.208+0900][16.518s][info][gc,start    ] GC(185) Pause Young (Normal) (G1 Evacuation Pause)
[2026-09-07T10:43:05.208+0900][16.519s][info][gc,task     ] GC(185) Using 9 workers of 9 for evacuation
[2026-09-07T10:43:05.209+0900][16.519s][info][gc,phases   ] GC(185)   Pre Evacuate Collection Set: 0.07ms
[2026-09-07T10:43:05.209+0900][16.519s][info][gc,phases   ] GC(185)   Merge Heap Roots: 0.02ms
[2026-09-07T10:43:05.209+0900][16.519s][info][gc,phases   ] GC(185)   Evacuate Collection Set: 0.35ms
[2026-09-07T10:43:05.209+0900][16.519s][info][gc,phases   ] GC(185)   Post Evacuate Collection Set: 0.12ms
[2026-09-07T10:43:05.209+0900][16.519s][info][gc,phases   ] GC(185)   Other: 0.02ms
[2026-09-07T10:43:05.209+0900][16.519s][info][gc,heap     ] GC(185) Eden regions: 124->0(126)
[2026-09-07T10:43:05.209+0900][16.519s][info][gc,heap     ] GC(185) Survivor regions: 4->2(16)
[2026-09-07T10:43:05.209+0900][16.519s][info][gc,heap     ] GC(185) Old regions: 53->53
[2026-09-07T10:43:05.209+0900][16.519s][info][gc,heap     ] GC(185) Humongous regions: 1->1
[2026-09-07T10:43:05.209+0900][16.519s][info][gc,metaspace] GC(185) Metaspace: 23355K(23872K)->23355K(23872K) NonClass: 20536K(20800K)->20536K(20800K) Class: 2819K(3072K)->2819K(3072K)
[2026-09-07T10:43:05.209+0900][16.519s][info][gc          ] GC(185) Pause Young (Normal) (G1 Evacuation Pause) 361M->110M(428M) 0.649ms
[2026-09-07T10:43:05.209+0900][16.519s][info][gc,cpu      ] GC(185) User=0.00s Sys=0.00s Real=0.00s
[2026-09-07T10:43:05.209+0900][16.519s][info][safepoint   ] Safepoint "G1CollectForAllocation", Time since last: 96579250 ns, Reaching safepoint: 1042 ns, Cleanup: 4208 ns, At safepoint: 662667 ns, Leaving safepoint: 1041 ns, Total: 668958 ns
[2026-09-07T10:43:05.305+0900][16.615s][info][gc,start    ] GC(186) Pause Young (Normal) (G1 Evacuation Pause)
[2026-09-07T10:43:05.305+0900][16.615s][info][gc,task     ] GC(186) Using 9 workers of 9 for evacuation
[2026-09-07T10:43:05.306+0900][16.616s][info][gc,phases   ] GC(186)   Pre Evacuate Collection Set: 0.07ms
[2026-09-07T10:43:05.306+0900][16.616s][info][gc,phases   ] GC(186)   Merge Heap Roots: 0.02ms
[2026-09-07T10:43:05.306+0900][16.616s][info][gc,phases   ] GC(186)   Evacuate Collection Set: 0.49ms
[2026-09-07T10:43:05.306+0900][16.616s][info][gc,phases   ] GC(186)   Post Evacuate Collection Set: 0.12ms
[2026-09-07T10:43:05.306+0900][16.616s][info][gc,phases   ] GC(186)   Other: 0.02ms
[2026-09-07T10:43:05.306+0900][16.616s][info][gc,heap     ] GC(186) Eden regions: 126->0(125)
[2026-09-07T10:43:05.306+0900][16.616s][info][gc,heap     ] GC(186) Survivor regions: 2->3(16)
[2026-09-07T10:43:05.306+0900][16.616s][info][gc,heap     ] GC(186) Old regions: 53->53
[2026-09-07T10:43:05.306+0900][16.616s][info][gc,heap     ] GC(186) Humongous regions: 1->1
[2026-09-07T10:43:05.306+0900][16.616s][info][gc,metaspace] GC(186) Metaspace: 23355K(23872K)->23355K(23872K) NonClass: 20536K(20800K)->20536K(20800K) Class: 2819K(3072K)->2819K(3072K)
[2026-09-07T10:43:05.306+0900][16.616s][info][gc          ] GC(186) Pause Young (Normal) (G1 Evacuation Pause) 362M->113M(428M) 0.793ms
[2026-09-07T10:43:05.306+0900][16.616s][info][gc,cpu      ] GC(186) User=0.00s Sys=0.00s Real=0.00s
[2026-09-07T10:43:05.306+0900][16.616s][info][safepoint   ] Safepoint "G1CollectForAllocation", Time since last: 96050042 ns, Reaching safepoint: 1750 ns, Cleanup: 292 ns, At safepoint: 806666 ns, Leaving safepoint: 1167 ns, Total: 809875 ns
[2026-09-07T10:43:05.401+0900][16.712s][info][gc,start    ] GC(187) Pause Young (Normal) (G1 Evacuation Pause)
[2026-09-07T10:43:05.401+0900][16.712s][info][gc,task     ] GC(187) Using 9 workers of 9 for evacuation
[2026-09-07T10:43:05.402+0900][16.712s][info][gc,phases   ] GC(187)   Pre Evacuate Collection Set: 0.08ms
[2026-09-07T10:43:05.402+0900][16.712s][info][gc,phases   ] GC(187)   Merge Heap Roots: 0.03ms
[2026-09-07T10:43:05.402+0900][16.712s][info][gc,phases   ] GC(187)   Evacuate Collection Set: 0.30ms
[2026-09-07T10:43:05.402+0900][16.712s][info][gc,phases   ] GC(187)   Post Evacuate Collection Set: 0.11ms
[2026-09-07T10:43:05.402+0900][16.712s][info][gc,phases   ] GC(187)   Other: 0.02ms
[2026-09-07T10:43:05.402+0900][16.712s][info][gc,heap     ] GC(187) Eden regions: 125->0(126)
[2026-09-07T10:43:05.402+0900][16.712s][info][gc,heap     ] GC(187) Survivor regions: 3->2(16)
[2026-09-07T10:43:05.402+0900][16.712s][info][gc,heap     ] GC(187) Old regions: 53->53
[2026-09-07T10:43:05.402+0900][16.712s][info][gc,heap     ] GC(187) Humongous regions: 1->1
[2026-09-07T10:43:05.402+0900][16.712s][info][gc,metaspace] GC(187) Metaspace: 23355K(23872K)->23355K(23872K) NonClass: 20536K(20800K)->20536K(20800K) Class: 2819K(3072K)->2819K(3072K)
[2026-09-07T10:43:05.402+0900][16.712s][info][gc          ] GC(187) Pause Young (Normal) (G1 Evacuation Pause) 363M->110M(428M) 0.606ms
[2026-09-07T10:43:05.402+0900][16.712s][info][gc,cpu      ] GC(187) User=0.00s Sys=0.00s Real=0.00s
[2026-09-07T10:43:05.402+0900][16.712s][info][safepoint   ] Safepoint "G1CollectForAllocation", Time since last: 95536042 ns, Reaching safepoint: 708 ns, Cleanup: 1792 ns, At safepoint: 619208 ns, Leaving safepoint: 1750 ns, Total: 623458 ns
[2026-09-07T10:43:05.498+0900][16.809s][info][gc,start    ] GC(188) Pause Young (Normal) (G1 Evacuation Pause)
[2026-09-07T10:43:05.498+0900][16.809s][info][gc,task     ] GC(188) Using 9 workers of 9 for evacuation
[2026-09-07T10:43:05.499+0900][16.809s][info][gc,phases   ] GC(188)   Pre Evacuate Collection Set: 0.05ms
[2026-09-07T10:43:05.499+0900][16.809s][info][gc,phases   ] GC(188)   Merge Heap Roots: 0.04ms
[2026-09-07T10:43:05.499+0900][16.809s][info][gc,phases   ] GC(188)   Evacuate Collection Set: 0.46ms
[2026-09-07T10:43:05.499+0900][16.809s][info][gc,phases   ] GC(188)   Post Evacuate Collection Set: 0.12ms
[2026-09-07T10:43:05.499+0900][16.809s][info][gc,phases   ] GC(188)   Other: 0.02ms
[2026-09-07T10:43:05.499+0900][16.809s][info][gc,heap     ] GC(188) Eden regions: 126->0(125)
[2026-09-07T10:43:05.499+0900][16.809s][info][gc,heap     ] GC(188) Survivor regions: 2->3(16)
[2026-09-07T10:43:05.499+0900][16.809s][info][gc,heap     ] GC(188) Old regions: 53->53
[2026-09-07T10:43:05.499+0900][16.809s][info][gc,heap     ] GC(188) Humongous regions: 1->1
[2026-09-07T10:43:05.499+0900][16.809s][info][gc,metaspace] GC(188) Metaspace: 23355K(23872K)->23355K(23872K) NonClass: 20536K(20800K)->20536K(20800K) Class: 2819K(3072K)->2819K(3072K)
[2026-09-07T10:43:05.499+0900][16.809s][info][gc          ] GC(188) Pause Young (Normal) (G1 Evacuation Pause) 362M->112M(428M) 0.748ms
[2026-09-07T10:43:05.499+0900][16.809s][info][gc,cpu      ] GC(188) User=0.00s Sys=0.00s Real=0.00s
[2026-09-07T10:43:05.499+0900][16.809s][info][safepoint   ] Safepoint "G1CollectForAllocation", Time since last: 96395083 ns, Reaching safepoint: 917 ns, Cleanup: 917 ns, At safepoint: 761375 ns, Leaving safepoint: 1000 ns, Total: 764209 ns
[2026-09-07T10:43:05.594+0900][16.905s][info][gc,start    ] GC(189) Pause Young (Normal) (G1 Evacuation Pause)
[2026-09-07T10:43:05.594+0900][16.905s][info][gc,task     ] GC(189) Using 9 workers of 9 for evacuation
[2026-09-07T10:43:05.595+0900][16.905s][info][gc,phases   ] GC(189)   Pre Evacuate Collection Set: 0.07ms
[2026-09-07T10:43:05.595+0900][16.905s][info][gc,phases   ] GC(189)   Merge Heap Roots: 0.04ms
[2026-09-07T10:43:05.595+0900][16.905s][info][gc,phases   ] GC(189)   Evacuate Collection Set: 0.26ms
[2026-09-07T10:43:05.595+0900][16.905s][info][gc,phases   ] GC(189)   Post Evacuate Collection Set: 0.12ms
[2026-09-07T10:43:05.595+0900][16.905s][info][gc,phases   ] GC(189)   Other: 0.02ms
[2026-09-07T10:43:05.595+0900][16.905s][info][gc,heap     ] GC(189) Eden regions: 125->0(126)
[2026-09-07T10:43:05.595+0900][16.905s][info][gc,heap     ] GC(189) Survivor regions: 3->2(16)
[2026-09-07T10:43:05.595+0900][16.905s][info][gc,heap     ] GC(189) Old regions: 53->53
[2026-09-07T10:43:05.595+0900][16.905s][info][gc,heap     ] GC(189) Humongous regions: 1->1
[2026-09-07T10:43:05.595+0900][16.905s][info][gc,metaspace] GC(189) Metaspace: 23355K(23872K)->23355K(23872K) NonClass: 20536K(20800K)->20536K(20800K) Class: 2819K(3072K)->2819K(3072K)
[2026-09-07T10:43:05.595+0900][16.905s][info][gc          ] GC(189) Pause Young (Normal) (G1 Evacuation Pause) 362M->109M(428M) 0.588ms
[2026-09-07T10:43:05.595+0900][16.905s][info][gc,cpu      ] GC(189) User=0.00s Sys=0.00s Real=0.00s
[2026-09-07T10:43:05.595+0900][16.905s][info][safepoint   ] Safepoint "G1CollectForAllocation", Time since last: 95286750 ns, Reaching safepoint: 1333 ns, Cleanup: 917 ns, At safepoint: 602583 ns, Leaving safepoint: 1000 ns, Total: 605833 ns
[2026-09-07T10:43:05.691+0900][17.001s][info][gc,start    ] GC(190) Pause Young (Normal) (G1 Evacuation Pause)
[2026-09-07T10:43:05.691+0900][17.001s][info][gc,task     ] GC(190) Using 9 workers of 9 for evacuation
[2026-09-07T10:43:05.692+0900][17.002s][info][gc,phases   ] GC(190)   Pre Evacuate Collection Set: 0.08ms
[2026-09-07T10:43:05.692+0900][17.002s][info][gc,phases   ] GC(190)   Merge Heap Roots: 0.03ms
[2026-09-07T10:43:05.692+0900][17.002s][info][gc,phases   ] GC(190)   Evacuate Collection Set: 0.43ms
[2026-09-07T10:43:05.692+0900][17.002s][info][gc,phases   ] GC(190)   Post Evacuate Collection Set: 0.11ms
[2026-09-07T10:43:05.692+0900][17.002s][info][gc,phases   ] GC(190)   Other: 0.02ms
[2026-09-07T10:43:05.692+0900][17.002s][info][gc,heap     ] GC(190) Eden regions: 126->0(125)
[2026-09-07T10:43:05.692+0900][17.002s][info][gc,heap     ] GC(190) Survivor regions: 2->3(16)
[2026-09-07T10:43:05.692+0900][17.002s][info][gc,heap     ] GC(190) Old regions: 53->53
[2026-09-07T10:43:05.692+0900][17.002s][info][gc,heap     ] GC(190) Humongous regions: 1->1
[2026-09-07T10:43:05.692+0900][17.002s][info][gc,metaspace] GC(190) Metaspace: 23355K(23872K)->23355K(23872K) NonClass: 20536K(20800K)->20536K(20800K) Class: 2819K(3072K)->2819K(3072K)
[2026-09-07T10:43:05.692+0900][17.002s][info][gc          ] GC(190) Pause Young (Normal) (G1 Evacuation Pause) 361M->112M(428M) 0.756ms
[2026-09-07T10:43:05.692+0900][17.002s][info][gc,cpu      ] GC(190) User=0.00s Sys=0.00s Real=0.00s
[2026-09-07T10:43:05.692+0900][17.002s][info][safepoint   ] Safepoint "G1CollectForAllocation", Time since last: 96025458 ns, Reaching safepoint: 834 ns, Cleanup: 875 ns, At safepoint: 771291 ns, Leaving safepoint: 1417 ns, Total: 774417 ns
[2026-09-07T10:43:05.789+0900][17.099s][info][gc,start    ] GC(191) Pause Young (Normal) (G1 Evacuation Pause)
[2026-09-07T10:43:05.789+0900][17.099s][info][gc,task     ] GC(191) Using 9 workers of 9 for evacuation
[2026-09-07T10:43:05.790+0900][17.100s][info][gc,phases   ] GC(191)   Pre Evacuate Collection Set: 0.09ms
[2026-09-07T10:43:05.790+0900][17.100s][info][gc,phases   ] GC(191)   Merge Heap Roots: 0.03ms
[2026-09-07T10:43:05.790+0900][17.100s][info][gc,phases   ] GC(191)   Evacuate Collection Set: 0.22ms
[2026-09-07T10:43:05.790+0900][17.100s][info][gc,phases   ] GC(191)   Post Evacuate Collection Set: 0.11ms
[2026-09-07T10:43:05.790+0900][17.100s][info][gc,phases   ] GC(191)   Other: 0.02ms
[2026-09-07T10:43:05.790+0900][17.100s][info][gc,heap     ] GC(191) Eden regions: 125->0(127)
[2026-09-07T10:43:05.790+0900][17.100s][info][gc,heap     ] GC(191) Survivor regions: 3->1(16)
[2026-09-07T10:43:05.790+0900][17.100s][info][gc,heap     ] GC(191) Old regions: 53->53
[2026-09-07T10:43:05.790+0900][17.100s][info][gc,heap     ] GC(191) Humongous regions: 1->1
[2026-09-07T10:43:05.790+0900][17.100s][info][gc,metaspace] GC(191) Metaspace: 23355K(23872K)->23355K(23872K) NonClass: 20536K(20800K)->20536K(20800K) Class: 2819K(3072K)->2819K(3072K)
[2026-09-07T10:43:05.790+0900][17.100s][info][gc          ] GC(191) Pause Young (Normal) (G1 Evacuation Pause) 362M->109M(428M) 0.546ms
[2026-09-07T10:43:05.790+0900][17.100s][info][gc,cpu      ] GC(191) User=0.00s Sys=0.01s Real=0.01s
[2026-09-07T10:43:05.790+0900][17.100s][info][safepoint   ] Safepoint "G1CollectForAllocation", Time since last: 97185750 ns, Reaching safepoint: 875 ns, Cleanup: 792 ns, At safepoint: 560666 ns, Leaving safepoint: 1209 ns, Total: 563542 ns
[2026-09-07T10:43:05.887+0900][17.197s][info][gc,start    ] GC(192) Pause Young (Normal) (G1 Evacuation Pause)
[2026-09-07T10:43:05.887+0900][17.197s][info][gc,task     ] GC(192) Using 9 workers of 9 for evacuation
[2026-09-07T10:43:05.887+0900][17.197s][info][gc,phases   ] GC(192)   Pre Evacuate Collection Set: 0.06ms
[2026-09-07T10:43:05.887+0900][17.197s][info][gc,phases   ] GC(192)   Merge Heap Roots: 0.04ms
[2026-09-07T10:43:05.887+0900][17.197s][info][gc,phases   ] GC(192)   Evacuate Collection Set: 0.40ms
[2026-09-07T10:43:05.887+0900][17.197s][info][gc,phases   ] GC(192)   Post Evacuate Collection Set: 0.10ms
[2026-09-07T10:43:05.887+0900][17.197s][info][gc,phases   ] GC(192)   Other: 0.02ms
[2026-09-07T10:43:05.887+0900][17.197s][info][gc,heap     ] GC(192) Eden regions: 127->0(125)
[2026-09-07T10:43:05.887+0900][17.197s][info][gc,heap     ] GC(192) Survivor regions: 1->3(16)
[2026-09-07T10:43:05.887+0900][17.197s][info][gc,heap     ] GC(192) Old regions: 53->53
[2026-09-07T10:43:05.887+0900][17.197s][info][gc,heap     ] GC(192) Humongous regions: 1->1
[2026-09-07T10:43:05.887+0900][17.197s][info][gc,metaspace] GC(192) Metaspace: 23355K(23872K)->23355K(23872K) NonClass: 20536K(20800K)->20536K(20800K) Class: 2819K(3072K)->2819K(3072K)
[2026-09-07T10:43:05.887+0900][17.197s][info][gc          ] GC(192) Pause Young (Normal) (G1 Evacuation Pause) 363M->111M(428M) 0.700ms
[2026-09-07T10:43:05.887+0900][17.197s][info][gc,cpu      ] GC(192) User=0.00s Sys=0.00s Real=0.00s
[2026-09-07T10:43:05.887+0900][17.197s][info][safepoint   ] Safepoint "G1CollectForAllocation", Time since last: 96973083 ns, Reaching safepoint: 708 ns, Cleanup: 959 ns, At safepoint: 713583 ns, Leaving safepoint: 1292 ns, Total: 716542 ns
[2026-09-07T10:43:05.985+0900][17.295s][info][gc,start    ] GC(193) Pause Young (Normal) (G1 Evacuation Pause)
[2026-09-07T10:43:05.985+0900][17.295s][info][gc,task     ] GC(193) Using 9 workers of 9 for evacuation
[2026-09-07T10:43:05.985+0900][17.295s][info][gc,phases   ] GC(193)   Pre Evacuate Collection Set: 0.07ms
[2026-09-07T10:43:05.985+0900][17.295s][info][gc,phases   ] GC(193)   Merge Heap Roots: 0.02ms
[2026-09-07T10:43:05.985+0900][17.295s][info][gc,phases   ] GC(193)   Evacuate Collection Set: 0.18ms
[2026-09-07T10:43:05.985+0900][17.295s][info][gc,phases   ] GC(193)   Post Evacuate Collection Set: 0.12ms
[2026-09-07T10:43:05.985+0900][17.295s][info][gc,phases   ] GC(193)   Other: 0.02ms
[2026-09-07T10:43:05.985+0900][17.295s][info][gc,heap     ] GC(193) Eden regions: 125->0(127)
[2026-09-07T10:43:05.985+0900][17.295s][info][gc,heap     ] GC(193) Survivor regions: 3->1(16)
[2026-09-07T10:43:05.985+0900][17.295s][info][gc,heap     ] GC(193) Old regions: 53->53
[2026-09-07T10:43:05.985+0900][17.295s][info][gc,heap     ] GC(193) Humongous regions: 1->1
[2026-09-07T10:43:05.985+0900][17.295s][info][gc,metaspace] GC(193) Metaspace: 23355K(23872K)->23355K(23872K) NonClass: 20536K(20800K)->20536K(20800K) Class: 2819K(3072K)->2819K(3072K)
[2026-09-07T10:43:05.985+0900][17.295s][info][gc          ] GC(193) Pause Young (Normal) (G1 Evacuation Pause) 361M->108M(428M) 0.477ms
[2026-09-07T10:43:05.985+0900][17.295s][info][gc,cpu      ] GC(193) User=0.00s Sys=0.00s Real=0.00s
[2026-09-07T10:43:05.985+0900][17.295s][info][safepoint   ] Safepoint "G1CollectForAllocation", Time since last: 97507625 ns, Reaching safepoint: 1541 ns, Cleanup: 542 ns, At safepoint: 490917 ns, Leaving safepoint: 1166 ns, Total: 494166 ns
[2026-09-07T10:43:06.083+0900][17.393s][info][gc,start    ] GC(194) Pause Young (Normal) (G1 Evacuation Pause)
[2026-09-07T10:43:06.083+0900][17.393s][info][gc,task     ] GC(194) Using 9 workers of 9 for evacuation
[2026-09-07T10:43:06.084+0900][17.394s][info][gc,phases   ] GC(194)   Pre Evacuate Collection Set: 0.09ms
[2026-09-07T10:43:06.084+0900][17.394s][info][gc,phases   ] GC(194)   Merge Heap Roots: 0.04ms
[2026-09-07T10:43:06.084+0900][17.394s][info][gc,phases   ] GC(194)   Evacuate Collection Set: 0.40ms
[2026-09-07T10:43:06.084+0900][17.394s][info][gc,phases   ] GC(194)   Post Evacuate Collection Set: 0.12ms
[2026-09-07T10:43:06.084+0900][17.394s][info][gc,phases   ] GC(194)   Other: 0.02ms
[2026-09-07T10:43:06.084+0900][17.394s][info][gc,heap     ] GC(194) Eden regions: 127->0(126)
[2026-09-07T10:43:06.084+0900][17.394s][info][gc,heap     ] GC(194) Survivor regions: 1->2(16)
[2026-09-07T10:43:06.084+0900][17.394s][info][gc,heap     ] GC(194) Old regions: 53->53
[2026-09-07T10:43:06.084+0900][17.394s][info][gc,heap     ] GC(194) Humongous regions: 1->1
[2026-09-07T10:43:06.084+0900][17.394s][info][gc,metaspace] GC(194) Metaspace: 23355K(23872K)->23355K(23872K) NonClass: 20536K(20800K)->20536K(20800K) Class: 2819K(3072K)->2819K(3072K)
[2026-09-07T10:43:06.084+0900][17.394s][info][gc          ] GC(194) Pause Young (Normal) (G1 Evacuation Pause) 362M->111M(428M) 0.738ms
[2026-09-07T10:43:06.084+0900][17.394s][info][gc,cpu      ] GC(194) User=0.00s Sys=0.00s Real=0.00s
[2026-09-07T10:43:06.084+0900][17.394s][info][safepoint   ] Safepoint "G1CollectForAllocation", Time since last: 97882750 ns, Reaching safepoint: 1125 ns, Cleanup: 1084 ns, At safepoint: 751375 ns, Leaving safepoint: 1333 ns, Total: 754917 ns
[2026-09-07T10:43:06.182+0900][17.492s][info][gc,start    ] GC(195) Pause Young (Normal) (G1 Evacuation Pause)
[2026-09-07T10:43:06.182+0900][17.492s][info][gc,task     ] GC(195) Using 9 workers of 9 for evacuation
[2026-09-07T10:43:06.183+0900][17.493s][info][gc,phases   ] GC(195)   Pre Evacuate Collection Set: 0.07ms
[2026-09-07T10:43:06.183+0900][17.493s][info][gc,phases   ] GC(195)   Merge Heap Roots: 0.02ms
[2026-09-07T10:43:06.183+0900][17.493s][info][gc,phases   ] GC(195)   Evacuate Collection Set: 0.15ms
[2026-09-07T10:43:06.183+0900][17.493s][info][gc,phases   ] GC(195)   Post Evacuate Collection Set: 0.12ms
[2026-09-07T10:43:06.183+0900][17.493s][info][gc,phases   ] GC(195)   Other: 0.02ms
[2026-09-07T10:43:06.183+0900][17.493s][info][gc,heap     ] GC(195) Eden regions: 126->0(127)
[2026-09-07T10:43:06.183+0900][17.493s][info][gc,heap     ] GC(195) Survivor regions: 2->1(16)
[2026-09-07T10:43:06.183+0900][17.493s][info][gc,heap     ] GC(195) Old regions: 53->53
[2026-09-07T10:43:06.183+0900][17.493s][info][gc,heap     ] GC(195) Humongous regions: 1->1
[2026-09-07T10:43:06.183+0900][17.493s][info][gc,metaspace] GC(195) Metaspace: 23355K(23872K)->23355K(23872K) NonClass: 20536K(20800K)->20536K(20800K) Class: 2819K(3072K)->2819K(3072K)
[2026-09-07T10:43:06.183+0900][17.493s][info][gc          ] GC(195) Pause Young (Normal) (G1 Evacuation Pause) 363M->108M(428M) 0.443ms
[2026-09-07T10:43:06.183+0900][17.493s][info][gc,cpu      ] GC(195) User=0.00s Sys=0.00s Real=0.00s
[2026-09-07T10:43:06.183+0900][17.493s][info][safepoint   ] Safepoint "G1CollectForAllocation", Time since last: 98333708 ns, Reaching safepoint: 584 ns, Cleanup: 625 ns, At safepoint: 456583 ns, Leaving safepoint: 1458 ns, Total: 459250 ns
[2026-09-07T10:43:06.283+0900][17.593s][info][gc,start    ] GC(196) Pause Young (Normal) (G1 Evacuation Pause)
[2026-09-07T10:43:06.283+0900][17.593s][info][gc,task     ] GC(196) Using 9 workers of 9 for evacuation
[2026-09-07T10:43:06.283+0900][17.593s][info][gc,phases   ] GC(196)   Pre Evacuate Collection Set: 0.06ms
[2026-09-07T10:43:06.283+0900][17.593s][info][gc,phases   ] GC(196)   Merge Heap Roots: 0.03ms
[2026-09-07T10:43:06.283+0900][17.593s][info][gc,phases   ] GC(196)   Evacuate Collection Set: 0.38ms
[2026-09-07T10:43:06.283+0900][17.593s][info][gc,phases   ] GC(196)   Post Evacuate Collection Set: 0.12ms
[2026-09-07T10:43:06.283+0900][17.593s][info][gc,phases   ] GC(196)   Other: 0.02ms
[2026-09-07T10:43:06.283+0900][17.593s][info][gc,heap     ] GC(196) Eden regions: 127->0(126)
[2026-09-07T10:43:06.283+0900][17.593s][info][gc,heap     ] GC(196) Survivor regions: 1->2(16)
[2026-09-07T10:43:06.283+0900][17.593s][info][gc,heap     ] GC(196) Old regions: 53->53
[2026-09-07T10:43:06.283+0900][17.593s][info][gc,heap     ] GC(196) Humongous regions: 1->1
[2026-09-07T10:43:06.283+0900][17.593s][info][gc,metaspace] GC(196) Metaspace: 23355K(23872K)->23355K(23872K) NonClass: 20536K(20800K)->20536K(20800K) Class: 2819K(3072K)->2819K(3072K)
[2026-09-07T10:43:06.283+0900][17.593s][info][gc          ] GC(196) Pause Young (Normal) (G1 Evacuation Pause) 362M->110M(428M) 0.669ms
[2026-09-07T10:43:06.283+0900][17.593s][info][gc,cpu      ] GC(196) User=0.00s Sys=0.00s Real=0.00s
[2026-09-07T10:43:06.283+0900][17.593s][info][safepoint   ] Safepoint "G1CollectForAllocation", Time since last: 99794209 ns, Reaching safepoint: 1375 ns, Cleanup: 375 ns, At safepoint: 682875 ns, Leaving safepoint: 1125 ns, Total: 685750 ns
[2026-09-07T10:43:06.379+0900][17.689s][info][gc,start    ] GC(197) Pause Young (Normal) (G1 Evacuation Pause)
[2026-09-07T10:43:06.379+0900][17.689s][info][gc,task     ] GC(197) Using 9 workers of 9 for evacuation
[2026-09-07T10:43:06.380+0900][17.690s][info][gc,phases   ] GC(197)   Pre Evacuate Collection Set: 0.08ms
[2026-09-07T10:43:06.380+0900][17.690s][info][gc,phases   ] GC(197)   Merge Heap Roots: 0.02ms
[2026-09-07T10:43:06.380+0900][17.690s][info][gc,phases   ] GC(197)   Evacuate Collection Set: 0.54ms
[2026-09-07T10:43:06.380+0900][17.690s][info][gc,phases   ] GC(197)   Post Evacuate Collection Set: 0.12ms
[2026-09-07T10:43:06.380+0900][17.690s][info][gc,phases   ] GC(197)   Other: 0.02ms
[2026-09-07T10:43:06.380+0900][17.690s][info][gc,heap     ] GC(197) Eden regions: 126->0(124)
[2026-09-07T10:43:06.380+0900][17.690s][info][gc,heap     ] GC(197) Survivor regions: 2->4(16)
[2026-09-07T10:43:06.380+0900][17.690s][info][gc,heap     ] GC(197) Old regions: 53->53
[2026-09-07T10:43:06.380+0900][17.690s][info][gc,heap     ] GC(197) Humongous regions: 1->1
[2026-09-07T10:43:06.380+0900][17.690s][info][gc,metaspace] GC(197) Metaspace: 23355K(23872K)->23355K(23872K) NonClass: 20536K(20800K)->20536K(20800K) Class: 2819K(3072K)->2819K(3072K)
[2026-09-07T10:43:06.380+0900][17.690s][info][gc          ] GC(197) Pause Young (Normal) (G1 Evacuation Pause) 362M->113M(428M) 0.853ms
[2026-09-07T10:43:06.380+0900][17.690s][info][gc,cpu      ] GC(197) User=0.00s Sys=0.00s Real=0.01s
[2026-09-07T10:43:06.380+0900][17.690s][info][safepoint   ] Safepoint "G1CollectForAllocation", Time since last: 95818500 ns, Reaching safepoint: 1458 ns, Cleanup: 792 ns, At safepoint: 866250 ns, Leaving safepoint: 1083 ns, Total: 869583 ns
[2026-09-07T10:43:06.475+0900][17.785s][info][gc,start    ] GC(198) Pause Young (Normal) (G1 Evacuation Pause)
[2026-09-07T10:43:06.475+0900][17.785s][info][gc,task     ] GC(198) Using 9 workers of 9 for evacuation
[2026-09-07T10:43:06.476+0900][17.786s][info][gc,phases   ] GC(198)   Pre Evacuate Collection Set: 0.08ms
[2026-09-07T10:43:06.476+0900][17.786s][info][gc,phases   ] GC(198)   Merge Heap Roots: 0.02ms
[2026-09-07T10:43:06.476+0900][17.786s][info][gc,phases   ] GC(198)   Evacuate Collection Set: 0.36ms
[2026-09-07T10:43:06.476+0900][17.786s][info][gc,phases   ] GC(198)   Post Evacuate Collection Set: 0.12ms
[2026-09-07T10:43:06.476+0900][17.786s][info][gc,phases   ] GC(198)   Other: 0.02ms
[2026-09-07T10:43:06.476+0900][17.786s][info][gc,heap     ] GC(198) Eden regions: 124->0(126)
[2026-09-07T10:43:06.476+0900][17.786s][info][gc,heap     ] GC(198) Survivor regions: 4->2(16)
[2026-09-07T10:43:06.476+0900][17.786s][info][gc,heap     ] GC(198) Old regions: 53->53
[2026-09-07T10:43:06.476+0900][17.786s][info][gc,heap     ] GC(198) Humongous regions: 1->1
[2026-09-07T10:43:06.476+0900][17.786s][info][gc,metaspace] GC(198) Metaspace: 23355K(23872K)->23355K(23872K) NonClass: 20536K(20800K)->20536K(20800K) Class: 2819K(3072K)->2819K(3072K)
[2026-09-07T10:43:06.476+0900][17.786s][info][gc          ] GC(198) Pause Young (Normal) (G1 Evacuation Pause) 361M->111M(428M) 0.677ms
[2026-09-07T10:43:06.476+0900][17.786s][info][gc,cpu      ] GC(198) User=0.00s Sys=0.00s Real=0.00s
[2026-09-07T10:43:06.476+0900][17.786s][info][safepoint   ] Safepoint "G1CollectForAllocation", Time since last: 95140333 ns, Reaching safepoint: 1167 ns, Cleanup: 1000 ns, At safepoint: 692917 ns, Leaving safepoint: 1500 ns, Total: 696584 ns
[2026-09-07T10:43:06.573+0900][17.883s][info][gc,start    ] GC(199) Pause Young (Normal) (G1 Evacuation Pause)
[2026-09-07T10:43:06.573+0900][17.883s][info][gc,task     ] GC(199) Using 9 workers of 9 for evacuation
[2026-09-07T10:43:06.574+0900][17.884s][info][gc,phases   ] GC(199)   Pre Evacuate Collection Set: 0.06ms
[2026-09-07T10:43:06.574+0900][17.884s][info][gc,phases   ] GC(199)   Merge Heap Roots: 0.04ms
[2026-09-07T10:43:06.574+0900][17.884s][info][gc,phases   ] GC(199)   Evacuate Collection Set: 0.52ms
[2026-09-07T10:43:06.574+0900][17.884s][info][gc,phases   ] GC(199)   Post Evacuate Collection Set: 0.13ms
[2026-09-07T10:43:06.574+0900][17.884s][info][gc,phases   ] GC(199)   Other: 0.02ms
[2026-09-07T10:43:06.574+0900][17.884s][info][gc,heap     ] GC(199) Eden regions: 126->0(124)
[2026-09-07T10:43:06.574+0900][17.884s][info][gc,heap     ] GC(199) Survivor regions: 2->4(16)
[2026-09-07T10:43:06.574+0900][17.884s][info][gc,heap     ] GC(199) Old regions: 53->53
[2026-09-07T10:43:06.574+0900][17.884s][info][gc,heap     ] GC(199) Humongous regions: 1->1
[2026-09-07T10:43:06.574+0900][17.884s][info][gc,metaspace] GC(199) Metaspace: 23355K(23872K)->23355K(23872K) NonClass: 20536K(20800K)->20536K(20800K) Class: 2819K(3072K)->2819K(3072K)
[2026-09-07T10:43:06.574+0900][17.884s][info][gc          ] GC(199) Pause Young (Normal) (G1 Evacuation Pause) 363M->114M(428M) 0.843ms
[2026-09-07T10:43:06.574+0900][17.884s][info][gc,cpu      ] GC(199) User=0.00s Sys=0.00s Real=0.00s
[2026-09-07T10:43:06.574+0900][17.884s][info][safepoint   ] Safepoint "G1CollectForAllocation", Time since last: 97119041 ns, Reaching safepoint: 1500 ns, Cleanup: 1459 ns, At safepoint: 857666 ns, Leaving safepoint: 1084 ns, Total: 861709 ns
[2026-09-07T10:43:06.671+0900][17.981s][info][gc,start    ] GC(200) Pause Young (Normal) (G1 Evacuation Pause)
[2026-09-07T10:43:06.671+0900][17.981s][info][gc,task     ] GC(200) Using 9 workers of 9 for evacuation
[2026-09-07T10:43:06.672+0900][17.982s][info][gc,phases   ] GC(200)   Pre Evacuate Collection Set: 0.08ms
[2026-09-07T10:43:06.672+0900][17.982s][info][gc,phases   ] GC(200)   Merge Heap Roots: 0.04ms
[2026-09-07T10:43:06.672+0900][17.982s][info][gc,phases   ] GC(200)   Evacuate Collection Set: 0.36ms
[2026-09-07T10:43:06.672+0900][17.982s][info][gc,phases   ] GC(200)   Post Evacuate Collection Set: 0.12ms
[2026-09-07T10:43:06.672+0900][17.982s][info][gc,phases   ] GC(200)   Other: 0.02ms
[2026-09-07T10:43:06.672+0900][17.982s][info][gc,heap     ] GC(200) Eden regions: 124->0(126)
[2026-09-07T10:43:06.672+0900][17.982s][info][gc,heap     ] GC(200) Survivor regions: 4->2(16)
[2026-09-07T10:43:06.672+0900][17.982s][info][gc,heap     ] GC(200) Old regions: 53->53
[2026-09-07T10:43:06.672+0900][17.982s][info][gc,heap     ] GC(200) Humongous regions: 1->1
[2026-09-07T10:43:06.672+0900][17.982s][info][gc,metaspace] GC(200) Metaspace: 23355K(23872K)->23355K(23872K) NonClass: 20536K(20800K)->20536K(20800K) Class: 2819K(3072K)->2819K(3072K)
[2026-09-07T10:43:06.672+0900][17.982s][info][gc          ] GC(200) Pause Young (Normal) (G1 Evacuation Pause) 362M->111M(428M) 0.693ms
[2026-09-07T10:43:06.672+0900][17.982s][info][gc,cpu      ] GC(200) User=0.00s Sys=0.00s Real=0.00s
[2026-09-07T10:43:06.672+0900][17.982s][info][safepoint   ] Safepoint "G1CollectForAllocation", Time since last: 97203375 ns, Reaching safepoint: 1208 ns, Cleanup: 667 ns, At safepoint: 708583 ns, Leaving safepoint: 958 ns, Total: 711416 ns
[2026-09-07T10:43:06.767+0900][18.078s][info][gc,start    ] GC(201) Pause Young (Normal) (G1 Evacuation Pause)
[2026-09-07T10:43:06.767+0900][18.078s][info][gc,task     ] GC(201) Using 9 workers of 9 for evacuation
[2026-09-07T10:43:06.768+0900][18.078s][info][gc,phases   ] GC(201)   Pre Evacuate Collection Set: 0.08ms
[2026-09-07T10:43:06.768+0900][18.078s][info][gc,phases   ] GC(201)   Merge Heap Roots: 0.04ms
[2026-09-07T10:43:06.768+0900][18.078s][info][gc,phases   ] GC(201)   Evacuate Collection Set: 0.51ms
[2026-09-07T10:43:06.768+0900][18.078s][info][gc,phases   ] GC(201)   Post Evacuate Collection Set: 0.11ms
[2026-09-07T10:43:06.768+0900][18.078s][info][gc,phases   ] GC(201)   Other: 0.02ms
[2026-09-07T10:43:06.768+0900][18.078s][info][gc,heap     ] GC(201) Eden regions: 126->0(124)
[2026-09-07T10:43:06.768+0900][18.078s][info][gc,heap     ] GC(201) Survivor regions: 2->4(16)
[2026-09-07T10:43:06.768+0900][18.078s][info][gc,heap     ] GC(201) Old regions: 53->53
[2026-09-07T10:43:06.768+0900][18.078s][info][gc,heap     ] GC(201) Humongous regions: 1->1
[2026-09-07T10:43:06.768+0900][18.078s][info][gc,metaspace] GC(201) Metaspace: 23355K(23872K)->23355K(23872K) NonClass: 20536K(20800K)->20536K(20800K) Class: 2819K(3072K)->2819K(3072K)
[2026-09-07T10:43:06.768+0900][18.078s][info][gc          ] GC(201) Pause Young (Normal) (G1 Evacuation Pause) 363M->113M(428M) 0.822ms
[2026-09-07T10:43:06.768+0900][18.078s][info][gc,cpu      ] GC(201) User=0.00s Sys=0.00s Real=0.00s
[2026-09-07T10:43:06.768+0900][18.078s][info][safepoint   ] Safepoint "G1CollectForAllocation", Time since last: 95828875 ns, Reaching safepoint: 1375 ns, Cleanup: 459 ns, At safepoint: 836166 ns, Leaving safepoint: 959 ns, Total: 838959 ns
[2026-09-07T10:43:06.865+0900][18.175s][info][gc,start    ] GC(202) Pause Young (Normal) (G1 Evacuation Pause)
[2026-09-07T10:43:06.865+0900][18.175s][info][gc,task     ] GC(202) Using 9 workers of 9 for evacuation
[2026-09-07T10:43:06.865+0900][18.175s][info][gc,phases   ] GC(202)   Pre Evacuate Collection Set: 0.07ms
[2026-09-07T10:43:06.865+0900][18.175s][info][gc,phases   ] GC(202)   Merge Heap Roots: 0.04ms
[2026-09-07T10:43:06.865+0900][18.175s][info][gc,phases   ] GC(202)   Evacuate Collection Set: 0.31ms
[2026-09-07T10:43:06.865+0900][18.175s][info][gc,phases   ] GC(202)   Post Evacuate Collection Set: 0.12ms
[2026-09-07T10:43:06.865+0900][18.175s][info][gc,phases   ] GC(202)   Other: 0.02ms
[2026-09-07T10:43:06.865+0900][18.175s][info][gc,heap     ] GC(202) Eden regions: 124->0(126)
[2026-09-07T10:43:06.865+0900][18.175s][info][gc,heap     ] GC(202) Survivor regions: 4->2(16)
[2026-09-07T10:43:06.865+0900][18.175s][info][gc,heap     ] GC(202) Old regions: 53->53
[2026-09-07T10:43:06.865+0900][18.175s][info][gc,heap     ] GC(202) Humongous regions: 1->1
[2026-09-07T10:43:06.865+0900][18.175s][info][gc,metaspace] GC(202) Metaspace: 23355K(23872K)->23355K(23872K) NonClass: 20536K(20800K)->20536K(20800K) Class: 2819K(3072K)->2819K(3072K)
[2026-09-07T10:43:06.865+0900][18.175s][info][gc          ] GC(202) Pause Young (Normal) (G1 Evacuation Pause) 361M->110M(428M) 0.620ms
[2026-09-07T10:43:06.865+0900][18.175s][info][gc,cpu      ] GC(202) User=0.00s Sys=0.00s Real=0.00s
[2026-09-07T10:43:06.865+0900][18.175s][info][safepoint   ] Safepoint "G1CollectForAllocation", Time since last: 96317833 ns, Reaching safepoint: 958 ns, Cleanup: 709 ns, At safepoint: 633458 ns, Leaving safepoint: 1667 ns, Total: 636792 ns
[2026-09-07T10:43:06.962+0900][18.272s][info][gc,start    ] GC(203) Pause Young (Normal) (G1 Evacuation Pause)
[2026-09-07T10:43:06.962+0900][18.273s][info][gc,task     ] GC(203) Using 9 workers of 9 for evacuation
[2026-09-07T10:43:06.963+0900][18.273s][info][gc,phases   ] GC(203)   Pre Evacuate Collection Set: 0.06ms
[2026-09-07T10:43:06.963+0900][18.273s][info][gc,phases   ] GC(203)   Merge Heap Roots: 0.02ms
[2026-09-07T10:43:06.963+0900][18.273s][info][gc,phases   ] GC(203)   Evacuate Collection Set: 0.49ms
[2026-09-07T10:43:06.963+0900][18.273s][info][gc,phases   ] GC(203)   Post Evacuate Collection Set: 0.12ms
[2026-09-07T10:43:06.963+0900][18.273s][info][gc,phases   ] GC(203)   Other: 0.02ms
[2026-09-07T10:43:06.963+0900][18.273s][info][gc,heap     ] GC(203) Eden regions: 126->0(125)
[2026-09-07T10:43:06.963+0900][18.273s][info][gc,heap     ] GC(203) Survivor regions: 2->3(16)
[2026-09-07T10:43:06.963+0900][18.273s][info][gc,heap     ] GC(203) Old regions: 53->53
[2026-09-07T10:43:06.963+0900][18.273s][info][gc,heap     ] GC(203) Humongous regions: 1->1
[2026-09-07T10:43:06.963+0900][18.273s][info][gc,metaspace] GC(203) Metaspace: 23355K(23872K)->23355K(23872K) NonClass: 20536K(20800K)->20536K(20800K) Class: 2819K(3072K)->2819K(3072K)
[2026-09-07T10:43:06.963+0900][18.273s][info][gc          ] GC(203) Pause Young (Normal) (G1 Evacuation Pause) 362M->113M(428M) 0.775ms
[2026-09-07T10:43:06.963+0900][18.273s][info][gc,cpu      ] GC(203) User=0.00s Sys=0.01s Real=0.00s
[2026-09-07T10:43:06.963+0900][18.273s][info][safepoint   ] Safepoint "G1CollectForAllocation", Time since last: 97073375 ns, Reaching safepoint: 1208 ns, Cleanup: 792 ns, At safepoint: 789291 ns, Leaving safepoint: 1084 ns, Total: 792375 ns
[2026-09-07T10:43:07.058+0900][18.368s][info][gc,start    ] GC(204) Pause Young (Normal) (G1 Evacuation Pause)
[2026-09-07T10:43:07.058+0900][18.368s][info][gc,task     ] GC(204) Using 9 workers of 9 for evacuation
[2026-09-07T10:43:07.059+0900][18.369s][info][gc,phases   ] GC(204)   Pre Evacuate Collection Set: 0.07ms
[2026-09-07T10:43:07.059+0900][18.369s][info][gc,phases   ] GC(204)   Merge Heap Roots: 0.04ms
[2026-09-07T10:43:07.059+0900][18.369s][info][gc,phases   ] GC(204)   Evacuate Collection Set: 0.30ms
[2026-09-07T10:43:07.059+0900][18.369s][info][gc,phases   ] GC(204)   Post Evacuate Collection Set: 0.13ms
[2026-09-07T10:43:07.059+0900][18.369s][info][gc,phases   ] GC(204)   Other: 0.02ms
[2026-09-07T10:43:07.059+0900][18.369s][info][gc,heap     ] GC(204) Eden regions: 125->0(126)
[2026-09-07T10:43:07.059+0900][18.369s][info][gc,heap     ] GC(204) Survivor regions: 3->2(16)
[2026-09-07T10:43:07.059+0900][18.369s][info][gc,heap     ] GC(204) Old regions: 53->53
[2026-09-07T10:43:07.059+0900][18.369s][info][gc,heap     ] GC(204) Humongous regions: 1->1
[2026-09-07T10:43:07.059+0900][18.369s][info][gc,metaspace] GC(204) Metaspace: 23355K(23872K)->23355K(23872K) NonClass: 20536K(20800K)->20536K(20800K) Class: 2819K(3072K)->2819K(3072K)
[2026-09-07T10:43:07.059+0900][18.369s][info][gc          ] GC(204) Pause Young (Normal) (G1 Evacuation Pause) 363M->110M(428M) 0.629ms
[2026-09-07T10:43:07.059+0900][18.369s][info][gc,cpu      ] GC(204) User=0.00s Sys=0.00s Real=0.00s
[2026-09-07T10:43:07.059+0900][18.369s][info][safepoint   ] Safepoint "G1CollectForAllocation", Time since last: 94854583 ns, Reaching safepoint: 958 ns, Cleanup: 2125 ns, At safepoint: 641542 ns, Leaving safepoint: 1375 ns, Total: 646000 ns
[2026-09-07T10:43:07.155+0900][18.465s][info][gc,start    ] GC(205) Pause Young (Normal) (G1 Evacuation Pause)
[2026-09-07T10:43:07.155+0900][18.465s][info][gc,task     ] GC(205) Using 9 workers of 9 for evacuation
[2026-09-07T10:43:07.156+0900][18.466s][info][gc,phases   ] GC(205)   Pre Evacuate Collection Set: 0.07ms
[2026-09-07T10:43:07.156+0900][18.466s][info][gc,phases   ] GC(205)   Merge Heap Roots: 0.02ms
[2026-09-07T10:43:07.156+0900][18.466s][info][gc,phases   ] GC(205)   Evacuate Collection Set: 0.52ms
[2026-09-07T10:43:07.156+0900][18.466s][info][gc,phases   ] GC(205)   Post Evacuate Collection Set: 0.12ms
[2026-09-07T10:43:07.156+0900][18.466s][info][gc,phases   ] GC(205)   Other: 0.02ms
[2026-09-07T10:43:07.156+0900][18.466s][info][gc,heap     ] GC(205) Eden regions: 126->0(124)
[2026-09-07T10:43:07.156+0900][18.466s][info][gc,heap     ] GC(205) Survivor regions: 2->4(16)
[2026-09-07T10:43:07.156+0900][18.466s][info][gc,heap     ] GC(205) Old regions: 53->53
[2026-09-07T10:43:07.156+0900][18.466s][info][gc,heap     ] GC(205) Humongous regions: 1->1
[2026-09-07T10:43:07.156+0900][18.466s][info][gc,metaspace] GC(205) Metaspace: 23355K(23872K)->23355K(23872K) NonClass: 20536K(20800K)->20536K(20800K) Class: 2819K(3072K)->2819K(3072K)
[2026-09-07T10:43:07.156+0900][18.466s][info][gc          ] GC(205) Pause Young (Normal) (G1 Evacuation Pause) 362M->113M(428M) 0.832ms
[2026-09-07T10:43:07.156+0900][18.466s][info][gc,cpu      ] GC(205) User=0.00s Sys=0.00s Real=0.00s
[2026-09-07T10:43:07.156+0900][18.466s][info][safepoint   ] Safepoint "G1CollectForAllocation", Time since last: 96617000 ns, Reaching safepoint: 1375 ns, Cleanup: 750 ns, At safepoint: 846750 ns, Leaving safepoint: 1000 ns, Total: 849875 ns
[2026-09-07T10:43:07.251+0900][18.561s][info][gc,start    ] GC(206) Pause Young (Normal) (G1 Evacuation Pause)
[2026-09-07T10:43:07.251+0900][18.561s][info][gc,task     ] GC(206) Using 9 workers of 9 for evacuation
[2026-09-07T10:43:07.252+0900][18.562s][info][gc,phases   ] GC(206)   Pre Evacuate Collection Set: 0.07ms
[2026-09-07T10:43:07.252+0900][18.562s][info][gc,phases   ] GC(206)   Merge Heap Roots: 0.03ms
[2026-09-07T10:43:07.252+0900][18.562s][info][gc,phases   ] GC(206)   Evacuate Collection Set: 0.31ms
[2026-09-07T10:43:07.252+0900][18.562s][info][gc,phases   ] GC(206)   Post Evacuate Collection Set: 0.12ms
[2026-09-07T10:43:07.252+0900][18.562s][info][gc,phases   ] GC(206)   Other: 0.02ms
[2026-09-07T10:43:07.252+0900][18.562s][info][gc,heap     ] GC(206) Eden regions: 124->0(126)
[2026-09-07T10:43:07.252+0900][18.562s][info][gc,heap     ] GC(206) Survivor regions: 4->2(16)
[2026-09-07T10:43:07.252+0900][18.562s][info][gc,heap     ] GC(206) Old regions: 53->53
[2026-09-07T10:43:07.252+0900][18.562s][info][gc,heap     ] GC(206) Humongous regions: 1->1
[2026-09-07T10:43:07.252+0900][18.562s][info][gc,metaspace] GC(206) Metaspace: 23356K(23872K)->23356K(23872K) NonClass: 20537K(20800K)->20537K(20800K) Class: 2819K(3072K)->2819K(3072K)
[2026-09-07T10:43:07.252+0900][18.562s][info][gc          ] GC(206) Pause Young (Normal) (G1 Evacuation Pause) 361M->110M(428M) 0.629ms
[2026-09-07T10:43:07.252+0900][18.562s][info][gc,cpu      ] GC(206) User=0.00s Sys=0.00s Real=0.00s
[2026-09-07T10:43:07.252+0900][18.562s][info][safepoint   ] Safepoint "G1CollectForAllocation", Time since last: 94947708 ns, Reaching safepoint: 1042 ns, Cleanup: 1167 ns, At safepoint: 642000 ns, Leaving safepoint: 958 ns, Total: 645167 ns
[2026-09-07T10:43:07.348+0900][18.658s][info][gc,start    ] GC(207) Pause Young (Normal) (G1 Evacuation Pause)
[2026-09-07T10:43:07.348+0900][18.658s][info][gc,task     ] GC(207) Using 9 workers of 9 for evacuation
[2026-09-07T10:43:07.349+0900][18.659s][info][gc,phases   ] GC(207)   Pre Evacuate Collection Set: 0.07ms
[2026-09-07T10:43:07.349+0900][18.659s][info][gc,phases   ] GC(207)   Merge Heap Roots: 0.04ms
[2026-09-07T10:43:07.349+0900][18.659s][info][gc,phases   ] GC(207)   Evacuate Collection Set: 0.50ms
[2026-09-07T10:43:07.349+0900][18.659s][info][gc,phases   ] GC(207)   Post Evacuate Collection Set: 0.12ms
[2026-09-07T10:43:07.349+0900][18.659s][info][gc,phases   ] GC(207)   Other: 0.02ms
[2026-09-07T10:43:07.349+0900][18.659s][info][gc,heap     ] GC(207) Eden regions: 126->0(124)
[2026-09-07T10:43:07.349+0900][18.659s][info][gc,heap     ] GC(207) Survivor regions: 2->4(16)
[2026-09-07T10:43:07.349+0900][18.659s][info][gc,heap     ] GC(207) Old regions: 53->53
[2026-09-07T10:43:07.349+0900][18.659s][info][gc,heap     ] GC(207) Humongous regions: 1->1
[2026-09-07T10:43:07.349+0900][18.659s][info][gc,metaspace] GC(207) Metaspace: 23356K(23872K)->23356K(23872K) NonClass: 20537K(20800K)->20537K(20800K) Class: 2819K(3072K)->2819K(3072K)
[2026-09-07T10:43:07.349+0900][18.659s][info][gc          ] GC(207) Pause Young (Normal) (G1 Evacuation Pause) 362M->113M(428M) 0.812ms
[2026-09-07T10:43:07.349+0900][18.659s][info][gc,cpu      ] GC(207) User=0.00s Sys=0.00s Real=0.00s
[2026-09-07T10:43:07.349+0900][18.659s][info][safepoint   ] Safepoint "G1CollectForAllocation", Time since last: 96132417 ns, Reaching safepoint: 958 ns, Cleanup: 917 ns, At safepoint: 823875 ns, Leaving safepoint: 1208 ns, Total: 826958 ns
[2026-09-07T10:43:07.444+0900][18.754s][info][gc,start    ] GC(208) Pause Young (Normal) (G1 Evacuation Pause)
[2026-09-07T10:43:07.444+0900][18.754s][info][gc,task     ] GC(208) Using 9 workers of 9 for evacuation
[2026-09-07T10:43:07.444+0900][18.754s][info][gc,phases   ] GC(208)   Pre Evacuate Collection Set: 0.07ms
[2026-09-07T10:43:07.444+0900][18.754s][info][gc,phases   ] GC(208)   Merge Heap Roots: 0.05ms
[2026-09-07T10:43:07.444+0900][18.754s][info][gc,phases   ] GC(208)   Evacuate Collection Set: 0.33ms
[2026-09-07T10:43:07.444+0900][18.754s][info][gc,phases   ] GC(208)   Post Evacuate Collection Set: 0.12ms
[2026-09-07T10:43:07.444+0900][18.754s][info][gc,phases   ] GC(208)   Other: 0.02ms
[2026-09-07T10:43:07.444+0900][18.754s][info][gc,heap     ] GC(208) Eden regions: 124->0(126)
[2026-09-07T10:43:07.444+0900][18.754s][info][gc,heap     ] GC(208) Survivor regions: 4->2(16)
[2026-09-07T10:43:07.444+0900][18.754s][info][gc,heap     ] GC(208) Old regions: 53->53
[2026-09-07T10:43:07.444+0900][18.754s][info][gc,heap     ] GC(208) Humongous regions: 1->1
[2026-09-07T10:43:07.444+0900][18.754s][info][gc,metaspace] GC(208) Metaspace: 23356K(23872K)->23356K(23872K) NonClass: 20537K(20800K)->20537K(20800K) Class: 2819K(3072K)->2819K(3072K)
[2026-09-07T10:43:07.444+0900][18.755s][info][gc          ] GC(208) Pause Young (Normal) (G1 Evacuation Pause) 361M->110M(428M) 0.657ms
[2026-09-07T10:43:07.444+0900][18.755s][info][gc,cpu      ] GC(208) User=0.00s Sys=0.00s Real=0.00s
[2026-09-07T10:43:07.444+0900][18.755s][info][safepoint   ] Safepoint "G1CollectForAllocation", Time since last: 95057042 ns, Reaching safepoint: 1208 ns, Cleanup: 792 ns, At safepoint: 671166 ns, Leaving safepoint: 1125 ns, Total: 674291 ns
[2026-09-07T10:43:07.541+0900][18.852s][info][gc,start    ] GC(209) Pause Young (Normal) (G1 Evacuation Pause)
[2026-09-07T10:43:07.542+0900][18.852s][info][gc,task     ] GC(209) Using 9 workers of 9 for evacuation
[2026-09-07T10:43:07.542+0900][18.852s][info][gc,phases   ] GC(209)   Pre Evacuate Collection Set: 0.10ms
[2026-09-07T10:43:07.542+0900][18.853s][info][gc,phases   ] GC(209)   Merge Heap Roots: 0.03ms
[2026-09-07T10:43:07.542+0900][18.853s][info][gc,phases   ] GC(209)   Evacuate Collection Set: 0.53ms
[2026-09-07T10:43:07.542+0900][18.853s][info][gc,phases   ] GC(209)   Post Evacuate Collection Set: 0.12ms
[2026-09-07T10:43:07.542+0900][18.853s][info][gc,phases   ] GC(209)   Other: 0.02ms
[2026-09-07T10:43:07.542+0900][18.853s][info][gc,heap     ] GC(209) Eden regions: 126->0(124)
[2026-09-07T10:43:07.542+0900][18.853s][info][gc,heap     ] GC(209) Survivor regions: 2->4(16)
[2026-09-07T10:43:07.542+0900][18.853s][info][gc,heap     ] GC(209) Old regions: 53->53
[2026-09-07T10:43:07.542+0900][18.853s][info][gc,heap     ] GC(209) Humongous regions: 1->1
[2026-09-07T10:43:07.542+0900][18.853s][info][gc,metaspace] GC(209) Metaspace: 23356K(23872K)->23356K(23872K) NonClass: 20537K(20800K)->20537K(20800K) Class: 2819K(3072K)->2819K(3072K)
[2026-09-07T10:43:07.542+0900][18.853s][info][gc          ] GC(209) Pause Young (Normal) (G1 Evacuation Pause) 362M->113M(428M) 0.884ms
[2026-09-07T10:43:07.542+0900][18.853s][info][gc,cpu      ] GC(209) User=0.00s Sys=0.00s Real=0.00s
[2026-09-07T10:43:07.542+0900][18.853s][info][safepoint   ] Safepoint "G1CollectForAllocation", Time since last: 97135000 ns, Reaching safepoint: 1584 ns, Cleanup: 1125 ns, At safepoint: 898416 ns, Leaving safepoint: 1250 ns, Total: 902375 ns
[2026-09-07T10:43:07.640+0900][18.950s][info][gc,start    ] GC(210) Pause Young (Normal) (G1 Evacuation Pause)
[2026-09-07T10:43:07.640+0900][18.950s][info][gc,task     ] GC(210) Using 9 workers of 9 for evacuation
[2026-09-07T10:43:07.641+0900][18.951s][info][gc,phases   ] GC(210)   Pre Evacuate Collection Set: 0.07ms
[2026-09-07T10:43:07.641+0900][18.951s][info][gc,phases   ] GC(210)   Merge Heap Roots: 0.05ms
[2026-09-07T10:43:07.641+0900][18.951s][info][gc,phases   ] GC(210)   Evacuate Collection Set: 0.36ms
[2026-09-07T10:43:07.641+0900][18.951s][info][gc,phases   ] GC(210)   Post Evacuate Collection Set: 0.13ms
[2026-09-07T10:43:07.641+0900][18.951s][info][gc,phases   ] GC(210)   Other: 0.02ms
[2026-09-07T10:43:07.641+0900][18.951s][info][gc,heap     ] GC(210) Eden regions: 124->0(126)
[2026-09-07T10:43:07.641+0900][18.951s][info][gc,heap     ] GC(210) Survivor regions: 4->2(16)
[2026-09-07T10:43:07.641+0900][18.951s][info][gc,heap     ] GC(210) Old regions: 53->53
[2026-09-07T10:43:07.641+0900][18.951s][info][gc,heap     ] GC(210) Humongous regions: 1->1
[2026-09-07T10:43:07.641+0900][18.951s][info][gc,metaspace] GC(210) Metaspace: 23356K(23872K)->23356K(23872K) NonClass: 20537K(20800K)->20537K(20800K) Class: 2819K(3072K)->2819K(3072K)
[2026-09-07T10:43:07.641+0900][18.951s][info][gc          ] GC(210) Pause Young (Normal) (G1 Evacuation Pause) 361M->111M(428M) 0.708ms
[2026-09-07T10:43:07.641+0900][18.951s][info][gc,cpu      ] GC(210) User=0.00s Sys=0.00s Real=0.00s
[2026-09-07T10:43:07.641+0900][18.951s][info][safepoint   ] Safepoint "G1CollectForAllocation", Time since last: 97502042 ns, Reaching safepoint: 1125 ns, Cleanup: 2000 ns, At safepoint: 723500 ns, Leaving safepoint: 1542 ns, Total: 728167 ns
[2026-09-07T10:43:07.738+0900][19.048s][info][gc,start    ] GC(211) Pause Young (Normal) (G1 Evacuation Pause)
[2026-09-07T10:43:07.738+0900][19.048s][info][gc,task     ] GC(211) Using 9 workers of 9 for evacuation
[2026-09-07T10:43:07.739+0900][19.049s][info][gc,phases   ] GC(211)   Pre Evacuate Collection Set: 0.07ms
[2026-09-07T10:43:07.739+0900][19.049s][info][gc,phases   ] GC(211)   Merge Heap Roots: 0.02ms
[2026-09-07T10:43:07.739+0900][19.049s][info][gc,phases   ] GC(211)   Evacuate Collection Set: 0.54ms
[2026-09-07T10:43:07.739+0900][19.049s][info][gc,phases   ] GC(211)   Post Evacuate Collection Set: 0.12ms
[2026-09-07T10:43:07.739+0900][19.049s][info][gc,phases   ] GC(211)   Other: 0.02ms
[2026-09-07T10:43:07.739+0900][19.049s][info][gc,heap     ] GC(211) Eden regions: 126->0(124)
[2026-09-07T10:43:07.739+0900][19.049s][info][gc,heap     ] GC(211) Survivor regions: 2->4(16)
[2026-09-07T10:43:07.739+0900][19.049s][info][gc,heap     ] GC(211) Old regions: 53->53
[2026-09-07T10:43:07.739+0900][19.049s][info][gc,heap     ] GC(211) Humongous regions: 1->1
[2026-09-07T10:43:07.739+0900][19.049s][info][gc,metaspace] GC(211) Metaspace: 23356K(23872K)->23356K(23872K) NonClass: 20537K(20800K)->20537K(20800K) Class: 2819K(3072K)->2819K(3072K)
[2026-09-07T10:43:07.739+0900][19.049s][info][gc          ] GC(211) Pause Young (Normal) (G1 Evacuation Pause) 363M->113M(428M) 0.843ms
[2026-09-07T10:43:07.739+0900][19.049s][info][gc,cpu      ] GC(211) User=0.00s Sys=0.00s Real=0.00s
[2026-09-07T10:43:07.739+0900][19.049s][info][safepoint   ] Safepoint "G1CollectForAllocation", Time since last: 97191333 ns, Reaching safepoint: 1667 ns, Cleanup: 750 ns, At safepoint: 857166 ns, Leaving safepoint: 1167 ns, Total: 860750 ns
[2026-09-07T10:43:07.836+0900][19.146s][info][gc,start    ] GC(212) Pause Young (Normal) (G1 Evacuation Pause)
[2026-09-07T10:43:07.836+0900][19.146s][info][gc,task     ] GC(212) Using 9 workers of 9 for evacuation
[2026-09-07T10:43:07.836+0900][19.146s][info][gc,phases   ] GC(212)   Pre Evacuate Collection Set: 0.08ms
[2026-09-07T10:43:07.836+0900][19.146s][info][gc,phases   ] GC(212)   Merge Heap Roots: 0.04ms
[2026-09-07T10:43:07.836+0900][19.146s][info][gc,phases   ] GC(212)   Evacuate Collection Set: 0.36ms
[2026-09-07T10:43:07.836+0900][19.146s][info][gc,phases   ] GC(212)   Post Evacuate Collection Set: 0.12ms
[2026-09-07T10:43:07.836+0900][19.146s][info][gc,phases   ] GC(212)   Other: 0.01ms
[2026-09-07T10:43:07.836+0900][19.146s][info][gc,heap     ] GC(212) Eden regions: 124->0(125)
[2026-09-07T10:43:07.836+0900][19.146s][info][gc,heap     ] GC(212) Survivor regions: 4->3(16)
[2026-09-07T10:43:07.836+0900][19.146s][info][gc,heap     ] GC(212) Old regions: 53->53
[2026-09-07T10:43:07.836+0900][19.146s][info][gc,heap     ] GC(212) Humongous regions: 1->1
[2026-09-07T10:43:07.836+0900][19.146s][info][gc,metaspace] GC(212) Metaspace: 23356K(23872K)->23356K(23872K) NonClass: 20537K(20800K)->20537K(20800K) Class: 2819K(3072K)->2819K(3072K)
[2026-09-07T10:43:07.836+0900][19.146s][info][gc          ] GC(212) Pause Young (Normal) (G1 Evacuation Pause) 361M->111M(428M) 0.681ms
[2026-09-07T10:43:07.836+0900][19.146s][info][gc,cpu      ] GC(212) User=0.00s Sys=0.00s Real=0.00s
[2026-09-07T10:43:07.836+0900][19.146s][info][safepoint   ] Safepoint "G1CollectForAllocation", Time since last: 96936417 ns, Reaching safepoint: 1208 ns, Cleanup: 667 ns, At safepoint: 696041 ns, Leaving safepoint: 1125 ns, Total: 699041 ns
[2026-09-07T10:43:07.932+0900][19.242s][info][gc,start    ] GC(213) Pause Young (Normal) (G1 Evacuation Pause)
[2026-09-07T10:43:07.932+0900][19.242s][info][gc,task     ] GC(213) Using 9 workers of 9 for evacuation
[2026-09-07T10:43:07.933+0900][19.243s][info][gc,phases   ] GC(213)   Pre Evacuate Collection Set: 0.08ms
[2026-09-07T10:43:07.933+0900][19.243s][info][gc,phases   ] GC(213)   Merge Heap Roots: 0.04ms
[2026-09-07T10:43:07.933+0900][19.243s][info][gc,phases   ] GC(213)   Evacuate Collection Set: 0.57ms
[2026-09-07T10:43:07.933+0900][19.243s][info][gc,phases   ] GC(213)   Post Evacuate Collection Set: 0.12ms
[2026-09-07T10:43:07.933+0900][19.243s][info][gc,phases   ] GC(213)   Other: 0.02ms
[2026-09-07T10:43:07.933+0900][19.243s][info][gc,heap     ] GC(213) Eden regions: 125->0(124)
[2026-09-07T10:43:07.933+0900][19.243s][info][gc,heap     ] GC(213) Survivor regions: 3->4(16)
[2026-09-07T10:43:07.933+0900][19.243s][info][gc,heap     ] GC(213) Old regions: 53->53
[2026-09-07T10:43:07.933+0900][19.243s][info][gc,heap     ] GC(213) Humongous regions: 1->1
[2026-09-07T10:43:07.933+0900][19.243s][info][gc,metaspace] GC(213) Metaspace: 23356K(23872K)->23356K(23872K) NonClass: 20537K(20800K)->20537K(20800K) Class: 2819K(3072K)->2819K(3072K)
[2026-09-07T10:43:07.933+0900][19.243s][info][gc          ] GC(213) Pause Young (Normal) (G1 Evacuation Pause) 361M->114M(428M) 0.882ms
[2026-09-07T10:43:07.933+0900][19.243s][info][gc,cpu      ] GC(213) User=0.00s Sys=0.00s Real=0.00s
[2026-09-07T10:43:07.933+0900][19.243s][info][safepoint   ] Safepoint "G1CollectForAllocation", Time since last: 95394542 ns, Reaching safepoint: 1167 ns, Cleanup: 916 ns, At safepoint: 895792 ns, Leaving safepoint: 1208 ns, Total: 899083 ns
[2026-09-07T10:43:08.027+0900][19.337s][info][gc,start    ] GC(214) Pause Young (Normal) (G1 Evacuation Pause)
[2026-09-07T10:43:08.027+0900][19.337s][info][gc,task     ] GC(214) Using 9 workers of 9 for evacuation
[2026-09-07T10:43:08.028+0900][19.338s][info][gc,phases   ] GC(214)   Pre Evacuate Collection Set: 0.07ms
[2026-09-07T10:43:08.028+0900][19.338s][info][gc,phases   ] GC(214)   Merge Heap Roots: 0.04ms
[2026-09-07T10:43:08.028+0900][19.338s][info][gc,phases   ] GC(214)   Evacuate Collection Set: 0.37ms
[2026-09-07T10:43:08.028+0900][19.338s][info][gc,phases   ] GC(214)   Post Evacuate Collection Set: 0.13ms
[2026-09-07T10:43:08.028+0900][19.338s][info][gc,phases   ] GC(214)   Other: 0.02ms
[2026-09-07T10:43:08.028+0900][19.338s][info][gc,heap     ] GC(214) Eden regions: 124->0(126)
[2026-09-07T10:43:08.028+0900][19.338s][info][gc,heap     ] GC(214) Survivor regions: 4->2(16)
[2026-09-07T10:43:08.028+0900][19.338s][info][gc,heap     ] GC(214) Old regions: 53->53
[2026-09-07T10:43:08.028+0900][19.338s][info][gc,heap     ] GC(214) Humongous regions: 1->1
[2026-09-07T10:43:08.028+0900][19.338s][info][gc,metaspace] GC(214) Metaspace: 23356K(23872K)->23356K(23872K) NonClass: 20537K(20800K)->20537K(20800K) Class: 2819K(3072K)->2819K(3072K)
[2026-09-07T10:43:08.028+0900][19.338s][info][gc          ] GC(214) Pause Young (Normal) (G1 Evacuation Pause) 362M->111M(428M) 0.736ms
[2026-09-07T10:43:08.028+0900][19.338s][info][gc,cpu      ] GC(214) User=0.00s Sys=0.00s Real=0.00s
[2026-09-07T10:43:08.028+0900][19.338s][info][safepoint   ] Safepoint "G1CollectForAllocation", Time since last: 94607917 ns, Reaching safepoint: 1125 ns, Cleanup: 542 ns, At safepoint: 753416 ns, Leaving safepoint: 1292 ns, Total: 756375 ns
[2026-09-07T10:43:08.126+0900][19.436s][info][gc,start    ] GC(215) Pause Young (Normal) (G1 Evacuation Pause)
[2026-09-07T10:43:08.126+0900][19.436s][info][gc,task     ] GC(215) Using 9 workers of 9 for evacuation
[2026-09-07T10:43:08.127+0900][19.437s][info][gc,phases   ] GC(215)   Pre Evacuate Collection Set: 0.07ms
[2026-09-07T10:43:08.127+0900][19.437s][info][gc,phases   ] GC(215)   Merge Heap Roots: 0.03ms
[2026-09-07T10:43:08.127+0900][19.437s][info][gc,phases   ] GC(215)   Evacuate Collection Set: 0.26ms
[2026-09-07T10:43:08.127+0900][19.437s][info][gc,phases   ] GC(215)   Post Evacuate Collection Set: 0.15ms
[2026-09-07T10:43:08.127+0900][19.437s][info][gc,phases   ] GC(215)   Other: 0.04ms
[2026-09-07T10:43:08.127+0900][19.437s][info][gc,heap     ] GC(215) Eden regions: 126->0(127)
[2026-09-07T10:43:08.127+0900][19.437s][info][gc,heap     ] GC(215) Survivor regions: 2->1(16)
[2026-09-07T10:43:08.127+0900][19.437s][info][gc,heap     ] GC(215) Old regions: 53->53
[2026-09-07T10:43:08.127+0900][19.437s][info][gc,heap     ] GC(215) Humongous regions: 1->1
[2026-09-07T10:43:08.127+0900][19.437s][info][gc,metaspace] GC(215) Metaspace: 23356K(23872K)->23356K(23872K) NonClass: 20537K(20800K)->20537K(20800K) Class: 2819K(3072K)->2819K(3072K)
[2026-09-07T10:43:08.127+0900][19.437s][info][gc          ] GC(215) Pause Young (Normal) (G1 Evacuation Pause) 363M->108M(428M) 0.716ms
[2026-09-07T10:43:08.127+0900][19.437s][info][gc,cpu      ] GC(215) User=0.00s Sys=0.01s Real=0.00s
[2026-09-07T10:43:08.127+0900][19.437s][info][safepoint   ] Safepoint "G1CollectForAllocation", Time since last: 98212208 ns, Reaching safepoint: 1375 ns, Cleanup: 500 ns, At safepoint: 746500 ns, Leaving safepoint: 3334 ns, Total: 751709 ns
[2026-09-07T10:43:08.225+0900][19.535s][info][gc,start    ] GC(216) Pause Young (Normal) (G1 Evacuation Pause)
[2026-09-07T10:43:08.225+0900][19.535s][info][gc,task     ] GC(216) Using 9 workers of 9 for evacuation
[2026-09-07T10:43:08.226+0900][19.536s][info][gc,phases   ] GC(216)   Pre Evacuate Collection Set: 0.07ms
[2026-09-07T10:43:08.226+0900][19.536s][info][gc,phases   ] GC(216)   Merge Heap Roots: 0.02ms
[2026-09-07T10:43:08.226+0900][19.536s][info][gc,phases   ] GC(216)   Evacuate Collection Set: 0.42ms
[2026-09-07T10:43:08.226+0900][19.536s][info][gc,phases   ] GC(216)   Post Evacuate Collection Set: 0.12ms
[2026-09-07T10:43:08.226+0900][19.536s][info][gc,phases   ] GC(216)   Other: 0.02ms
[2026-09-07T10:43:08.226+0900][19.536s][info][gc,heap     ] GC(216) Eden regions: 127->0(125)
[2026-09-07T10:43:08.226+0900][19.536s][info][gc,heap     ] GC(216) Survivor regions: 1->3(16)
[2026-09-07T10:43:08.226+0900][19.536s][info][gc,heap     ] GC(216) Old regions: 53->53
[2026-09-07T10:43:08.226+0900][19.536s][info][gc,heap     ] GC(216) Humongous regions: 1->1
[2026-09-07T10:43:08.226+0900][19.536s][info][gc,metaspace] GC(216) Metaspace: 23356K(23872K)->23356K(23872K) NonClass: 20537K(20800K)->20537K(20800K) Class: 2819K(3072K)->2819K(3072K)
[2026-09-07T10:43:08.226+0900][19.536s][info][gc          ] GC(216) Pause Young (Normal) (G1 Evacuation Pause) 362M->111M(428M) 0.747ms
[2026-09-07T10:43:08.226+0900][19.536s][info][gc,cpu      ] GC(216) User=0.00s Sys=0.00s Real=0.00s
[2026-09-07T10:43:08.226+0900][19.536s][info][safepoint   ] Safepoint "G1CollectForAllocation", Time since last: 97987375 ns, Reaching safepoint: 1250 ns, Cleanup: 1083 ns, At safepoint: 764542 ns, Leaving safepoint: 1000 ns, Total: 767875 ns
[2026-09-07T10:43:08.321+0900][19.632s][info][gc,start    ] GC(217) Pause Young (Normal) (G1 Evacuation Pause)
[2026-09-07T10:43:08.322+0900][19.632s][info][gc,task     ] GC(217) Using 9 workers of 9 for evacuation
[2026-09-07T10:43:08.322+0900][19.632s][info][gc,phases   ] GC(217)   Pre Evacuate Collection Set: 0.08ms
[2026-09-07T10:43:08.322+0900][19.632s][info][gc,phases   ] GC(217)   Merge Heap Roots: 0.04ms
[2026-09-07T10:43:08.322+0900][19.632s][info][gc,phases   ] GC(217)   Evacuate Collection Set: 0.22ms
[2026-09-07T10:43:08.322+0900][19.632s][info][gc,phases   ] GC(217)   Post Evacuate Collection Set: 0.11ms
[2026-09-07T10:43:08.322+0900][19.632s][info][gc,phases   ] GC(217)   Other: 0.02ms
[2026-09-07T10:43:08.322+0900][19.632s][info][gc,heap     ] GC(217) Eden regions: 125->0(127)
[2026-09-07T10:43:08.322+0900][19.632s][info][gc,heap     ] GC(217) Survivor regions: 3->1(16)
[2026-09-07T10:43:08.322+0900][19.632s][info][gc,heap     ] GC(217) Old regions: 53->53
[2026-09-07T10:43:08.322+0900][19.632s][info][gc,heap     ] GC(217) Humongous regions: 1->1
[2026-09-07T10:43:08.322+0900][19.632s][info][gc,metaspace] GC(217) Metaspace: 23356K(23872K)->23356K(23872K) NonClass: 20537K(20800K)->20537K(20800K) Class: 2819K(3072K)->2819K(3072K)
[2026-09-07T10:43:08.322+0900][19.632s][info][gc          ] GC(217) Pause Young (Normal) (G1 Evacuation Pause) 361M->109M(428M) 0.553ms
[2026-09-07T10:43:08.322+0900][19.632s][info][gc,cpu      ] GC(217) User=0.00s Sys=0.00s Real=0.00s
[2026-09-07T10:43:08.322+0900][19.632s][info][safepoint   ] Safepoint "G1CollectForAllocation", Time since last: 95788625 ns, Reaching safepoint: 1041 ns, Cleanup: 834 ns, At safepoint: 568791 ns, Leaving safepoint: 1167 ns, Total: 571833 ns
[2026-09-07T10:43:08.420+0900][19.731s][info][gc,start    ] GC(218) Pause Young (Normal) (G1 Evacuation Pause)
[2026-09-07T10:43:08.420+0900][19.731s][info][gc,task     ] GC(218) Using 9 workers of 9 for evacuation
[2026-09-07T10:43:08.421+0900][19.731s][info][gc,phases   ] GC(218)   Pre Evacuate Collection Set: 0.07ms
[2026-09-07T10:43:08.421+0900][19.731s][info][gc,phases   ] GC(218)   Merge Heap Roots: 0.03ms
[2026-09-07T10:43:08.421+0900][19.731s][info][gc,phases   ] GC(218)   Evacuate Collection Set: 0.43ms
[2026-09-07T10:43:08.421+0900][19.731s][info][gc,phases   ] GC(218)   Post Evacuate Collection Set: 0.13ms
[2026-09-07T10:43:08.421+0900][19.731s][info][gc,phases   ] GC(218)   Other: 0.02ms
[2026-09-07T10:43:08.421+0900][19.731s][info][gc,heap     ] GC(218) Eden regions: 127->0(125)
[2026-09-07T10:43:08.421+0900][19.731s][info][gc,heap     ] GC(218) Survivor regions: 1->3(16)
[2026-09-07T10:43:08.421+0900][19.731s][info][gc,heap     ] GC(218) Old regions: 53->53
[2026-09-07T10:43:08.421+0900][19.731s][info][gc,heap     ] GC(218) Humongous regions: 1->1
[2026-09-07T10:43:08.421+0900][19.731s][info][gc,metaspace] GC(218) Metaspace: 23356K(23872K)->23356K(23872K) NonClass: 20537K(20800K)->20537K(20800K) Class: 2819K(3072K)->2819K(3072K)
[2026-09-07T10:43:08.421+0900][19.731s][info][gc          ] GC(218) Pause Young (Normal) (G1 Evacuation Pause) 363M->112M(428M) 0.771ms
[2026-09-07T10:43:08.421+0900][19.731s][info][gc,cpu      ] GC(218) User=0.00s Sys=0.00s Real=0.00s
[2026-09-07T10:43:08.421+0900][19.731s][info][safepoint   ] Safepoint "G1CollectForAllocation", Time since last: 98338250 ns, Reaching safepoint: 1375 ns, Cleanup: 1167 ns, At safepoint: 785083 ns, Leaving safepoint: 1042 ns, Total: 788667 ns
[2026-09-07T10:43:08.516+0900][19.826s][info][gc,start    ] GC(219) Pause Young (Normal) (G1 Evacuation Pause)
[2026-09-07T10:43:08.516+0900][19.826s][info][gc,task     ] GC(219) Using 9 workers of 9 for evacuation
[2026-09-07T10:43:08.517+0900][19.827s][info][gc,phases   ] GC(219)   Pre Evacuate Collection Set: 0.06ms
[2026-09-07T10:43:08.517+0900][19.827s][info][gc,phases   ] GC(219)   Merge Heap Roots: 0.04ms
[2026-09-07T10:43:08.517+0900][19.827s][info][gc,phases   ] GC(219)   Evacuate Collection Set: 0.23ms
[2026-09-07T10:43:08.517+0900][19.827s][info][gc,phases   ] GC(219)   Post Evacuate Collection Set: 0.12ms
[2026-09-07T10:43:08.517+0900][19.827s][info][gc,phases   ] GC(219)   Other: 0.02ms
[2026-09-07T10:43:08.517+0900][19.827s][info][gc,heap     ] GC(219) Eden regions: 125->0(127)
[2026-09-07T10:43:08.517+0900][19.827s][info][gc,heap     ] GC(219) Survivor regions: 3->1(16)
[2026-09-07T10:43:08.517+0900][19.827s][info][gc,heap     ] GC(219) Old regions: 53->53
[2026-09-07T10:43:08.517+0900][19.827s][info][gc,heap     ] GC(219) Humongous regions: 1->1
[2026-09-07T10:43:08.517+0900][19.827s][info][gc,metaspace] GC(219) Metaspace: 23356K(23872K)->23356K(23872K) NonClass: 20537K(20800K)->20537K(20800K) Class: 2819K(3072K)->2819K(3072K)
[2026-09-07T10:43:08.517+0900][19.827s][info][gc          ] GC(219) Pause Young (Normal) (G1 Evacuation Pause) 362M->109M(428M) 0.552ms
[2026-09-07T10:43:08.517+0900][19.827s][info][gc,cpu      ] GC(219) User=0.00s Sys=0.00s Real=0.00s
[2026-09-07T10:43:08.517+0900][19.827s][info][safepoint   ] Safepoint "G1CollectForAllocation", Time since last: 95108916 ns, Reaching safepoint: 1500 ns, Cleanup: 709 ns, At safepoint: 569041 ns, Leaving safepoint: 1125 ns, Total: 572375 ns
[2026-09-07T10:43:08.613+0900][19.923s][info][gc,start    ] GC(220) Pause Young (Normal) (G1 Evacuation Pause)
[2026-09-07T10:43:08.613+0900][19.923s][info][gc,task     ] GC(220) Using 9 workers of 9 for evacuation
[2026-09-07T10:43:08.614+0900][19.924s][info][gc,phases   ] GC(220)   Pre Evacuate Collection Set: 0.07ms
[2026-09-07T10:43:08.614+0900][19.924s][info][gc,phases   ] GC(220)   Merge Heap Roots: 0.04ms
[2026-09-07T10:43:08.614+0900][19.924s][info][gc,phases   ] GC(220)   Evacuate Collection Set: 0.47ms
[2026-09-07T10:43:08.614+0900][19.924s][info][gc,phases   ] GC(220)   Post Evacuate Collection Set: 0.13ms
[2026-09-07T10:43:08.614+0900][19.924s][info][gc,phases   ] GC(220)   Other: 0.02ms
[2026-09-07T10:43:08.614+0900][19.924s][info][gc,heap     ] GC(220) Eden regions: 127->0(125)
[2026-09-07T10:43:08.614+0900][19.924s][info][gc,heap     ] GC(220) Survivor regions: 1->3(16)
[2026-09-07T10:43:08.614+0900][19.924s][info][gc,heap     ] GC(220) Old regions: 53->53
[2026-09-07T10:43:08.614+0900][19.924s][info][gc,heap     ] GC(220) Humongous regions: 1->1
[2026-09-07T10:43:08.614+0900][19.924s][info][gc,metaspace] GC(220) Metaspace: 23356K(23872K)->23356K(23872K) NonClass: 20537K(20800K)->20537K(20800K) Class: 2819K(3072K)->2819K(3072K)
[2026-09-07T10:43:08.614+0900][19.924s][info][gc          ] GC(220) Pause Young (Normal) (G1 Evacuation Pause) 363M->112M(428M) 0.802ms
[2026-09-07T10:43:08.614+0900][19.924s][info][gc,cpu      ] GC(220) User=0.00s Sys=0.00s Real=0.00s
[2026-09-07T10:43:08.614+0900][19.924s][info][safepoint   ] Safepoint "G1CollectForAllocation", Time since last: 96444375 ns, Reaching safepoint: 1000 ns, Cleanup: 750 ns, At safepoint: 817750 ns, Leaving safepoint: 1125 ns, Total: 820625 ns
[2026-09-07T10:43:08.711+0900][20.021s][info][gc,start    ] GC(221) Pause Young (Normal) (G1 Evacuation Pause)
[2026-09-07T10:43:08.711+0900][20.021s][info][gc,task     ] GC(221) Using 9 workers of 9 for evacuation
[2026-09-07T10:43:08.711+0900][20.022s][info][gc,phases   ] GC(221)   Pre Evacuate Collection Set: 0.07ms
[2026-09-07T10:43:08.711+0900][20.022s][info][gc,phases   ] GC(221)   Merge Heap Roots: 0.02ms
[2026-09-07T10:43:08.711+0900][20.022s][info][gc,phases   ] GC(221)   Evacuate Collection Set: 0.29ms
[2026-09-07T10:43:08.711+0900][20.022s][info][gc,phases   ] GC(221)   Post Evacuate Collection Set: 0.11ms
[2026-09-07T10:43:08.711+0900][20.022s][info][gc,phases   ] GC(221)   Other: 0.02ms
[2026-09-07T10:43:08.711+0900][20.022s][info][gc,heap     ] GC(221) Eden regions: 125->0(126)
[2026-09-07T10:43:08.711+0900][20.022s][info][gc,heap     ] GC(221) Survivor regions: 3->2(16)
[2026-09-07T10:43:08.711+0900][20.022s][info][gc,heap     ] GC(221) Old regions: 53->53
[2026-09-07T10:43:08.711+0900][20.022s][info][gc,heap     ] GC(221) Humongous regions: 1->1
[2026-09-07T10:43:08.711+0900][20.022s][info][gc,metaspace] GC(221) Metaspace: 23356K(23872K)->23356K(23872K) NonClass: 20537K(20800K)->20537K(20800K) Class: 2819K(3072K)->2819K(3072K)
[2026-09-07T10:43:08.712+0900][20.022s][info][gc          ] GC(221) Pause Young (Normal) (G1 Evacuation Pause) 362M->110M(428M) 0.595ms
[2026-09-07T10:43:08.712+0900][20.022s][info][gc,cpu      ] GC(221) User=0.00s Sys=0.00s Real=0.00s
[2026-09-07T10:43:08.712+0900][20.022s][info][safepoint   ] Safepoint "G1CollectForAllocation", Time since last: 96773167 ns, Reaching safepoint: 1708 ns, Cleanup: 1209 ns, At safepoint: 610125 ns, Leaving safepoint: 1416 ns, Total: 614458 ns
[2026-09-07T10:43:08.807+0900][20.117s][info][gc,start    ] GC(222) Pause Young (Normal) (G1 Evacuation Pause)
[2026-09-07T10:43:08.807+0900][20.117s][info][gc,task     ] GC(222) Using 9 workers of 9 for evacuation
[2026-09-07T10:43:08.808+0900][20.118s][info][gc,phases   ] GC(222)   Pre Evacuate Collection Set: 0.09ms
[2026-09-07T10:43:08.808+0900][20.118s][info][gc,phases   ] GC(222)   Merge Heap Roots: 0.03ms
[2026-09-07T10:43:08.808+0900][20.118s][info][gc,phases   ] GC(222)   Evacuate Collection Set: 0.56ms
[2026-09-07T10:43:08.808+0900][20.118s][info][gc,phases   ] GC(222)   Post Evacuate Collection Set: 0.12ms
[2026-09-07T10:43:08.808+0900][20.118s][info][gc,phases   ] GC(222)   Other: 0.02ms
[2026-09-07T10:43:08.808+0900][20.118s][info][gc,heap     ] GC(222) Eden regions: 126->0(124)
[2026-09-07T10:43:08.808+0900][20.118s][info][gc,heap     ] GC(222) Survivor regions: 2->4(16)
[2026-09-07T10:43:08.808+0900][20.118s][info][gc,heap     ] GC(222) Old regions: 53->53
[2026-09-07T10:43:08.808+0900][20.118s][info][gc,heap     ] GC(222) Humongous regions: 1->1
[2026-09-07T10:43:08.808+0900][20.118s][info][gc,metaspace] GC(222) Metaspace: 23356K(23872K)->23356K(23872K) NonClass: 20537K(20800K)->20537K(20800K) Class: 2819K(3072K)->2819K(3072K)
[2026-09-07T10:43:08.808+0900][20.118s][info][gc          ] GC(222) Pause Young (Normal) (G1 Evacuation Pause) 362M->113M(428M) 0.906ms
[2026-09-07T10:43:08.808+0900][20.118s][info][gc,cpu      ] GC(222) User=0.01s Sys=0.00s Real=0.00s
[2026-09-07T10:43:08.808+0900][20.118s][info][safepoint   ] Safepoint "G1CollectForAllocation", Time since last: 95446834 ns, Reaching safepoint: 1250 ns, Cleanup: 833 ns, At safepoint: 920667 ns, Leaving safepoint: 1000 ns, Total: 923750 ns
[2026-09-07T10:43:08.903+0900][20.213s][info][gc,start    ] GC(223) Pause Young (Normal) (G1 Evacuation Pause)
[2026-09-07T10:43:08.903+0900][20.213s][info][gc,task     ] GC(223) Using 9 workers of 9 for evacuation
[2026-09-07T10:43:08.903+0900][20.213s][info][gc,phases   ] GC(223)   Pre Evacuate Collection Set: 0.05ms
[2026-09-07T10:43:08.903+0900][20.213s][info][gc,phases   ] GC(223)   Merge Heap Roots: 0.03ms
[2026-09-07T10:43:08.903+0900][20.213s][info][gc,phases   ] GC(223)   Evacuate Collection Set: 0.36ms
[2026-09-07T10:43:08.903+0900][20.213s][info][gc,phases   ] GC(223)   Post Evacuate Collection Set: 0.13ms
[2026-09-07T10:43:08.903+0900][20.213s][info][gc,phases   ] GC(223)   Other: 0.02ms
[2026-09-07T10:43:08.903+0900][20.213s][info][gc,heap     ] GC(223) Eden regions: 124->0(126)
[2026-09-07T10:43:08.903+0900][20.213s][info][gc,heap     ] GC(223) Survivor regions: 4->2(16)
[2026-09-07T10:43:08.903+0900][20.213s][info][gc,heap     ] GC(223) Old regions: 53->53
[2026-09-07T10:43:08.903+0900][20.213s][info][gc,heap     ] GC(223) Humongous regions: 1->1
[2026-09-07T10:43:08.903+0900][20.213s][info][gc,metaspace] GC(223) Metaspace: 23356K(23872K)->23356K(23872K) NonClass: 20537K(20800K)->20537K(20800K) Class: 2819K(3072K)->2819K(3072K)
[2026-09-07T10:43:08.903+0900][20.213s][info][gc          ] GC(223) Pause Young (Normal) (G1 Evacuation Pause) 361M->111M(428M) 0.662ms
[2026-09-07T10:43:08.903+0900][20.213s][info][gc,cpu      ] GC(223) User=0.01s Sys=0.00s Real=0.00s
[2026-09-07T10:43:08.903+0900][20.213s][info][safepoint   ] Safepoint "G1CollectForAllocation", Time since last: 94764833 ns, Reaching safepoint: 1042 ns, Cleanup: 750 ns, At safepoint: 675875 ns, Leaving safepoint: 1250 ns, Total: 678917 ns
[2026-09-07T10:43:09.000+0900][20.310s][info][gc,start    ] GC(224) Pause Young (Normal) (G1 Evacuation Pause)
[2026-09-07T10:43:09.000+0900][20.310s][info][gc,task     ] GC(224) Using 9 workers of 9 for evacuation
[2026-09-07T10:43:09.001+0900][20.311s][info][gc,phases   ] GC(224)   Pre Evacuate Collection Set: 0.07ms
[2026-09-07T10:43:09.001+0900][20.311s][info][gc,phases   ] GC(224)   Merge Heap Roots: 0.04ms
[2026-09-07T10:43:09.001+0900][20.311s][info][gc,phases   ] GC(224)   Evacuate Collection Set: 0.61ms
[2026-09-07T10:43:09.001+0900][20.311s][info][gc,phases   ] GC(224)   Post Evacuate Collection Set: 0.13ms
[2026-09-07T10:43:09.001+0900][20.311s][info][gc,phases   ] GC(224)   Other: 0.02ms
[2026-09-07T10:43:09.001+0900][20.311s][info][gc,heap     ] GC(224) Eden regions: 126->0(124)
[2026-09-07T10:43:09.001+0900][20.311s][info][gc,heap     ] GC(224) Survivor regions: 2->4(16)
[2026-09-07T10:43:09.001+0900][20.311s][info][gc,heap     ] GC(224) Old regions: 53->53
[2026-09-07T10:43:09.001+0900][20.311s][info][gc,heap     ] GC(224) Humongous regions: 1->1
[2026-09-07T10:43:09.001+0900][20.311s][info][gc,metaspace] GC(224) Metaspace: 23356K(23872K)->23356K(23872K) NonClass: 20537K(20800K)->20537K(20800K) Class: 2819K(3072K)->2819K(3072K)
[2026-09-07T10:43:09.001+0900][20.311s][info][gc          ] GC(224) Pause Young (Normal) (G1 Evacuation Pause) 363M->114M(428M) 0.939ms
[2026-09-07T10:43:09.001+0900][20.311s][info][gc,cpu      ] GC(224) User=0.01s Sys=0.00s Real=0.00s
[2026-09-07T10:43:09.001+0900][20.311s][info][safepoint   ] Safepoint "G1CollectForAllocation", Time since last: 96908916 ns, Reaching safepoint: 1209 ns, Cleanup: 791 ns, At safepoint: 953542 ns, Leaving safepoint: 1417 ns, Total: 956959 ns
[2026-09-07T10:43:09.096+0900][20.407s][info][gc,start    ] GC(225) Pause Young (Normal) (G1 Evacuation Pause)
[2026-09-07T10:43:09.096+0900][20.407s][info][gc,task     ] GC(225) Using 9 workers of 9 for evacuation
[2026-09-07T10:43:09.097+0900][20.407s][info][gc,phases   ] GC(225)   Pre Evacuate Collection Set: 0.08ms
[2026-09-07T10:43:09.097+0900][20.407s][info][gc,phases   ] GC(225)   Merge Heap Roots: 0.04ms
[2026-09-07T10:43:09.097+0900][20.407s][info][gc,phases   ] GC(225)   Evacuate Collection Set: 0.39ms
[2026-09-07T10:43:09.097+0900][20.407s][info][gc,phases   ] GC(225)   Post Evacuate Collection Set: 0.13ms
[2026-09-07T10:43:09.097+0900][20.407s][info][gc,phases   ] GC(225)   Other: 0.02ms
[2026-09-07T10:43:09.097+0900][20.407s][info][gc,heap     ] GC(225) Eden regions: 124->0(125)
[2026-09-07T10:43:09.097+0900][20.407s][info][gc,heap     ] GC(225) Survivor regions: 4->3(16)
[2026-09-07T10:43:09.097+0900][20.407s][info][gc,heap     ] GC(225) Old regions: 53->53
[2026-09-07T10:43:09.097+0900][20.407s][info][gc,heap     ] GC(225) Humongous regions: 1->1
[2026-09-07T10:43:09.097+0900][20.407s][info][gc,metaspace] GC(225) Metaspace: 23356K(23872K)->23356K(23872K) NonClass: 20537K(20800K)->20537K(20800K) Class: 2819K(3072K)->2819K(3072K)
[2026-09-07T10:43:09.097+0900][20.407s][info][gc          ] GC(225) Pause Young (Normal) (G1 Evacuation Pause) 362M->112M(428M) 0.740ms
[2026-09-07T10:43:09.097+0900][20.407s][info][gc,cpu      ] GC(225) User=0.01s Sys=0.00s Real=0.00s
[2026-09-07T10:43:09.097+0900][20.407s][info][safepoint   ] Safepoint "G1CollectForAllocation", Time since last: 95212958 ns, Reaching safepoint: 1875 ns, Cleanup: 833 ns, At safepoint: 754709 ns, Leaving safepoint: 1166 ns, Total: 758583 ns
[2026-09-07T10:43:09.192+0900][20.502s][info][gc,start    ] GC(226) Pause Young (Normal) (G1 Evacuation Pause)
[2026-09-07T10:43:09.192+0900][20.502s][info][gc,task     ] GC(226) Using 9 workers of 9 for evacuation
[2026-09-07T10:43:09.193+0900][20.503s][info][gc,phases   ] GC(226)   Pre Evacuate Collection Set: 0.08ms
[2026-09-07T10:43:09.193+0900][20.503s][info][gc,phases   ] GC(226)   Merge Heap Roots: 0.04ms
[2026-09-07T10:43:09.193+0900][20.503s][info][gc,phases   ] GC(226)   Evacuate Collection Set: 0.22ms
[2026-09-07T10:43:09.193+0900][20.503s][info][gc,phases   ] GC(226)   Post Evacuate Collection Set: 0.12ms
[2026-09-07T10:43:09.193+0900][20.503s][info][gc,phases   ] GC(226)   Other: 0.02ms
[2026-09-07T10:43:09.193+0900][20.503s][info][gc,heap     ] GC(226) Eden regions: 125->0(126)
[2026-09-07T10:43:09.193+0900][20.503s][info][gc,heap     ] GC(226) Survivor regions: 3->2(16)
[2026-09-07T10:43:09.193+0900][20.503s][info][gc,heap     ] GC(226) Old regions: 53->53
[2026-09-07T10:43:09.193+0900][20.503s][info][gc,heap     ] GC(226) Humongous regions: 1->1
[2026-09-07T10:43:09.193+0900][20.503s][info][gc,metaspace] GC(226) Metaspace: 23356K(23872K)->23356K(23872K) NonClass: 20537K(20800K)->20537K(20800K) Class: 2819K(3072K)->2819K(3072K)
[2026-09-07T10:43:09.193+0900][20.503s][info][gc          ] GC(226) Pause Young (Normal) (G1 Evacuation Pause) 362M->109M(428M) 0.557ms
[2026-09-07T10:43:09.193+0900][20.503s][info][gc,cpu      ] GC(226) User=0.00s Sys=0.00s Real=0.00s
[2026-09-07T10:43:09.193+0900][20.503s][info][safepoint   ] Safepoint "G1CollectForAllocation", Time since last: 95087084 ns, Reaching safepoint: 875 ns, Cleanup: 708 ns, At safepoint: 572167 ns, Leaving safepoint: 1250 ns, Total: 575000 ns
[2026-09-07T10:43:09.289+0900][20.599s][info][gc,start    ] GC(227) Pause Young (Normal) (G1 Evacuation Pause)
[2026-09-07T10:43:09.289+0900][20.599s][info][gc,task     ] GC(227) Using 9 workers of 9 for evacuation
[2026-09-07T10:43:09.290+0900][20.600s][info][gc,phases   ] GC(227)   Pre Evacuate Collection Set: 0.07ms
[2026-09-07T10:43:09.290+0900][20.600s][info][gc,phases   ] GC(227)   Merge Heap Roots: 0.04ms
[2026-09-07T10:43:09.290+0900][20.600s][info][gc,phases   ] GC(227)   Evacuate Collection Set: 0.48ms
[2026-09-07T10:43:09.290+0900][20.600s][info][gc,phases   ] GC(227)   Post Evacuate Collection Set: 0.13ms
[2026-09-07T10:43:09.290+0900][20.600s][info][gc,phases   ] GC(227)   Other: 0.02ms
[2026-09-07T10:43:09.290+0900][20.600s][info][gc,heap     ] GC(227) Eden regions: 126->0(125)
[2026-09-07T10:43:09.290+0900][20.600s][info][gc,heap     ] GC(227) Survivor regions: 2->3(16)
[2026-09-07T10:43:09.290+0900][20.600s][info][gc,heap     ] GC(227) Old regions: 53->53
[2026-09-07T10:43:09.290+0900][20.600s][info][gc,heap     ] GC(227) Humongous regions: 1->1
[2026-09-07T10:43:09.290+0900][20.600s][info][gc,metaspace] GC(227) Metaspace: 23356K(23872K)->23356K(23872K) NonClass: 20537K(20800K)->20537K(20800K) Class: 2819K(3072K)->2819K(3072K)
[2026-09-07T10:43:09.290+0900][20.600s][info][gc          ] GC(227) Pause Young (Normal) (G1 Evacuation Pause) 361M->113M(428M) 0.803ms
[2026-09-07T10:43:09.290+0900][20.600s][info][gc,cpu      ] GC(227) User=0.01s Sys=0.01s Real=0.01s
[2026-09-07T10:43:09.290+0900][20.600s][info][safepoint   ] Safepoint "G1CollectForAllocation", Time since last: 96187583 ns, Reaching safepoint: 1208 ns, Cleanup: 667 ns, At safepoint: 817958 ns, Leaving safepoint: 1334 ns, Total: 821167 ns
[2026-09-07T10:43:09.386+0900][20.696s][info][gc,start    ] GC(228) Pause Young (Normal) (G1 Evacuation Pause)
[2026-09-07T10:43:09.386+0900][20.696s][info][gc,task     ] GC(228) Using 9 workers of 9 for evacuation
[2026-09-07T10:43:09.387+0900][20.697s][info][gc,phases   ] GC(228)   Pre Evacuate Collection Set: 0.07ms
[2026-09-07T10:43:09.387+0900][20.697s][info][gc,phases   ] GC(228)   Merge Heap Roots: 0.04ms
[2026-09-07T10:43:09.387+0900][20.697s][info][gc,phases   ] GC(228)   Evacuate Collection Set: 0.30ms
[2026-09-07T10:43:09.387+0900][20.697s][info][gc,phases   ] GC(228)   Post Evacuate Collection Set: 0.14ms
[2026-09-07T10:43:09.387+0900][20.697s][info][gc,phases   ] GC(228)   Other: 0.02ms
[2026-09-07T10:43:09.387+0900][20.697s][info][gc,heap     ] GC(228) Eden regions: 125->0(126)
[2026-09-07T10:43:09.387+0900][20.697s][info][gc,heap     ] GC(228) Survivor regions: 3->2(16)
[2026-09-07T10:43:09.387+0900][20.697s][info][gc,heap     ] GC(228) Old regions: 53->53
[2026-09-07T10:43:09.387+0900][20.697s][info][gc,heap     ] GC(228) Humongous regions: 1->1
[2026-09-07T10:43:09.387+0900][20.697s][info][gc,metaspace] GC(228) Metaspace: 23356K(23872K)->23356K(23872K) NonClass: 20537K(20800K)->20537K(20800K) Class: 2819K(3072K)->2819K(3072K)
[2026-09-07T10:43:09.387+0900][20.697s][info][gc          ] GC(228) Pause Young (Normal) (G1 Evacuation Pause) 363M->110M(428M) 0.643ms
[2026-09-07T10:43:09.387+0900][20.697s][info][gc,cpu      ] GC(228) User=0.00s Sys=0.00s Real=0.00s
[2026-09-07T10:43:09.387+0900][20.697s][info][safepoint   ] Safepoint "G1CollectForAllocation", Time since last: 96123250 ns, Reaching safepoint: 1208 ns, Cleanup: 2542 ns, At safepoint: 657208 ns, Leaving safepoint: 1417 ns, Total: 662375 ns
[2026-09-07T10:43:09.482+0900][20.792s][info][gc,start    ] GC(229) Pause Young (Normal) (G1 Evacuation Pause)
[2026-09-07T10:43:09.482+0900][20.792s][info][gc,task     ] GC(229) Using 9 workers of 9 for evacuation
[2026-09-07T10:43:09.483+0900][20.793s][info][gc,phases   ] GC(229)   Pre Evacuate Collection Set: 0.07ms
[2026-09-07T10:43:09.483+0900][20.793s][info][gc,phases   ] GC(229)   Merge Heap Roots: 0.03ms
[2026-09-07T10:43:09.483+0900][20.793s][info][gc,phases   ] GC(229)   Evacuate Collection Set: 0.58ms
[2026-09-07T10:43:09.483+0900][20.793s][info][gc,phases   ] GC(229)   Post Evacuate Collection Set: 0.12ms
[2026-09-07T10:43:09.483+0900][20.793s][info][gc,phases   ] GC(229)   Other: 0.02ms
[2026-09-07T10:43:09.483+0900][20.793s][info][gc,heap     ] GC(229) Eden regions: 126->0(124)
[2026-09-07T10:43:09.483+0900][20.793s][info][gc,heap     ] GC(229) Survivor regions: 2->4(16)
[2026-09-07T10:43:09.483+0900][20.793s][info][gc,heap     ] GC(229) Old regions: 53->53
[2026-09-07T10:43:09.483+0900][20.793s][info][gc,heap     ] GC(229) Humongous regions: 1->1
[2026-09-07T10:43:09.483+0900][20.793s][info][gc,metaspace] GC(229) Metaspace: 23356K(23872K)->23356K(23872K) NonClass: 20537K(20800K)->20537K(20800K) Class: 2819K(3072K)->2819K(3072K)
[2026-09-07T10:43:09.483+0900][20.793s][info][gc          ] GC(229) Pause Young (Normal) (G1 Evacuation Pause) 362M->114M(428M) 0.889ms
[2026-09-07T10:43:09.483+0900][20.793s][info][gc,cpu      ] GC(229) User=0.00s Sys=0.00s Real=0.00s
[2026-09-07T10:43:09.483+0900][20.793s][info][safepoint   ] Safepoint "G1CollectForAllocation", Time since last: 95610750 ns, Reaching safepoint: 1416 ns, Cleanup: 1167 ns, At safepoint: 904000 ns, Leaving safepoint: 1250 ns, Total: 907833 ns
[2026-09-07T10:43:09.578+0900][20.888s][info][gc,start    ] GC(230) Pause Young (Normal) (G1 Evacuation Pause)
[2026-09-07T10:43:09.578+0900][20.888s][info][gc,task     ] GC(230) Using 9 workers of 9 for evacuation
[2026-09-07T10:43:09.578+0900][20.888s][info][gc,phases   ] GC(230)   Pre Evacuate Collection Set: 0.07ms
[2026-09-07T10:43:09.578+0900][20.888s][info][gc,phases   ] GC(230)   Merge Heap Roots: 0.04ms
[2026-09-07T10:43:09.578+0900][20.888s][info][gc,phases   ] GC(230)   Evacuate Collection Set: 0.38ms
[2026-09-07T10:43:09.578+0900][20.888s][info][gc,phases   ] GC(230)   Post Evacuate Collection Set: 0.11ms
[2026-09-07T10:43:09.578+0900][20.888s][info][gc,phases   ] GC(230)   Other: 0.02ms
[2026-09-07T10:43:09.578+0900][20.888s][info][gc,heap     ] GC(230) Eden regions: 124->0(126)
[2026-09-07T10:43:09.578+0900][20.888s][info][gc,heap     ] GC(230) Survivor regions: 4->2(16)
[2026-09-07T10:43:09.578+0900][20.888s][info][gc,heap     ] GC(230) Old regions: 53->53
[2026-09-07T10:43:09.578+0900][20.888s][info][gc,heap     ] GC(230) Humongous regions: 1->1
[2026-09-07T10:43:09.578+0900][20.888s][info][gc,metaspace] GC(230) Metaspace: 23356K(23872K)->23356K(23872K) NonClass: 20537K(20800K)->20537K(20800K) Class: 2819K(3072K)->2819K(3072K)
[2026-09-07T10:43:09.578+0900][20.888s][info][gc          ] GC(230) Pause Young (Normal) (G1 Evacuation Pause) 362M->111M(428M) 0.690ms
[2026-09-07T10:43:09.578+0900][20.888s][info][gc,cpu      ] GC(230) User=0.00s Sys=0.00s Real=0.00s
[2026-09-07T10:43:09.578+0900][20.888s][info][safepoint   ] Safepoint "G1CollectForAllocation", Time since last: 94480500 ns, Reaching safepoint: 1583 ns, Cleanup: 417 ns, At safepoint: 706083 ns, Leaving safepoint: 1042 ns, Total: 709125 ns
[2026-09-07T10:43:09.674+0900][20.984s][info][gc,start    ] GC(231) Pause Young (Normal) (G1 Evacuation Pause)
[2026-09-07T10:43:09.674+0900][20.984s][info][gc,task     ] GC(231) Using 9 workers of 9 for evacuation
[2026-09-07T10:43:09.675+0900][20.985s][info][gc,phases   ] GC(231)   Pre Evacuate Collection Set: 0.07ms
[2026-09-07T10:43:09.675+0900][20.985s][info][gc,phases   ] GC(231)   Merge Heap Roots: 0.04ms
[2026-09-07T10:43:09.675+0900][20.985s][info][gc,phases   ] GC(231)   Evacuate Collection Set: 0.21ms
[2026-09-07T10:43:09.675+0900][20.985s][info][gc,phases   ] GC(231)   Post Evacuate Collection Set: 0.11ms
[2026-09-07T10:43:09.675+0900][20.985s][info][gc,phases   ] GC(231)   Other: 0.02ms
[2026-09-07T10:43:09.675+0900][20.985s][info][gc,heap     ] GC(231) Eden regions: 126->0(127)
[2026-09-07T10:43:09.675+0900][20.985s][info][gc,heap     ] GC(231) Survivor regions: 2->1(16)
[2026-09-07T10:43:09.675+0900][20.985s][info][gc,heap     ] GC(231) Old regions: 53->53
[2026-09-07T10:43:09.675+0900][20.985s][info][gc,heap     ] GC(231) Humongous regions: 1->1
[2026-09-07T10:43:09.675+0900][20.985s][info][gc,metaspace] GC(231) Metaspace: 23356K(23872K)->23356K(23872K) NonClass: 20537K(20800K)->20537K(20800K) Class: 2819K(3072K)->2819K(3072K)
[2026-09-07T10:43:09.675+0900][20.985s][info][gc          ] GC(231) Pause Young (Normal) (G1 Evacuation Pause) 363M->109M(428M) 0.532ms
[2026-09-07T10:43:09.675+0900][20.985s][info][gc,cpu      ] GC(231) User=0.00s Sys=0.00s Real=0.00s
[2026-09-07T10:43:09.675+0900][20.985s][info][safepoint   ] Safepoint "G1CollectForAllocation", Time since last: 95808750 ns, Reaching safepoint: 1042 ns, Cleanup: 1000 ns, At safepoint: 546333 ns, Leaving safepoint: 1042 ns, Total: 549417 ns
[2026-09-07T10:43:09.772+0900][21.082s][info][gc,start    ] GC(232) Pause Young (Normal) (G1 Evacuation Pause)
[2026-09-07T10:43:09.772+0900][21.082s][info][gc,task     ] GC(232) Using 9 workers of 9 for evacuation
[2026-09-07T10:43:09.773+0900][21.083s][info][gc,phases   ] GC(232)   Pre Evacuate Collection Set: 0.06ms
[2026-09-07T10:43:09.773+0900][21.083s][info][gc,phases   ] GC(232)   Merge Heap Roots: 0.04ms
[2026-09-07T10:43:09.773+0900][21.083s][info][gc,phases   ] GC(232)   Evacuate Collection Set: 0.53ms
[2026-09-07T10:43:09.773+0900][21.083s][info][gc,phases   ] GC(232)   Post Evacuate Collection Set: 0.11ms
[2026-09-07T10:43:09.773+0900][21.083s][info][gc,phases   ] GC(232)   Other: 0.02ms
[2026-09-07T10:43:09.773+0900][21.083s][info][gc,heap     ] GC(232) Eden regions: 127->0(125)
[2026-09-07T10:43:09.773+0900][21.083s][info][gc,heap     ] GC(232) Survivor regions: 1->3(16)
[2026-09-07T10:43:09.773+0900][21.083s][info][gc,heap     ] GC(232) Old regions: 53->53
[2026-09-07T10:43:09.773+0900][21.083s][info][gc,heap     ] GC(232) Humongous regions: 1->1
[2026-09-07T10:43:09.773+0900][21.083s][info][gc,metaspace] GC(232) Metaspace: 23356K(23872K)->23356K(23872K) NonClass: 20537K(20800K)->20537K(20800K) Class: 2819K(3072K)->2819K(3072K)
[2026-09-07T10:43:09.773+0900][21.083s][info][gc          ] GC(232) Pause Young (Normal) (G1 Evacuation Pause) 363M->113M(428M) 0.834ms
[2026-09-07T10:43:09.773+0900][21.083s][info][gc,cpu      ] GC(232) User=0.00s Sys=0.00s Real=0.00s
[2026-09-07T10:43:09.773+0900][21.083s][info][safepoint   ] Safepoint "G1CollectForAllocation", Time since last: 97126000 ns, Reaching safepoint: 1166 ns, Cleanup: 459 ns, At safepoint: 847833 ns, Leaving safepoint: 917 ns, Total: 850375 ns
[2026-09-07T10:43:09.868+0900][21.178s][info][gc,start    ] GC(233) Pause Young (Normal) (G1 Evacuation Pause)
[2026-09-07T10:43:09.868+0900][21.178s][info][gc,task     ] GC(233) Using 9 workers of 9 for evacuation
[2026-09-07T10:43:09.868+0900][21.178s][info][gc,phases   ] GC(233)   Pre Evacuate Collection Set: 0.06ms
[2026-09-07T10:43:09.868+0900][21.178s][info][gc,phases   ] GC(233)   Merge Heap Roots: 0.04ms
[2026-09-07T10:43:09.868+0900][21.178s][info][gc,phases   ] GC(233)   Evacuate Collection Set: 0.36ms
[2026-09-07T10:43:09.868+0900][21.178s][info][gc,phases   ] GC(233)   Post Evacuate Collection Set: 0.12ms
[2026-09-07T10:43:09.868+0900][21.178s][info][gc,phases   ] GC(233)   Other: 0.02ms
[2026-09-07T10:43:09.868+0900][21.178s][info][gc,heap     ] GC(233) Eden regions: 125->0(126)
[2026-09-07T10:43:09.868+0900][21.178s][info][gc,heap     ] GC(233) Survivor regions: 3->2(16)
[2026-09-07T10:43:09.868+0900][21.178s][info][gc,heap     ] GC(233) Old regions: 53->53
[2026-09-07T10:43:09.868+0900][21.178s][info][gc,heap     ] GC(233) Humongous regions: 1->1
[2026-09-07T10:43:09.868+0900][21.178s][info][gc,metaspace] GC(233) Metaspace: 23356K(23872K)->23356K(23872K) NonClass: 20537K(20800K)->20537K(20800K) Class: 2819K(3072K)->2819K(3072K)
[2026-09-07T10:43:09.868+0900][21.179s][info][gc          ] GC(233) Pause Young (Normal) (G1 Evacuation Pause) 363M->110M(428M) 0.672ms
[2026-09-07T10:43:09.868+0900][21.179s][info][gc,cpu      ] GC(233) User=0.00s Sys=0.00s Real=0.00s
[2026-09-07T10:43:09.868+0900][21.179s][info][safepoint   ] Safepoint "G1CollectForAllocation", Time since last: 95000875 ns, Reaching safepoint: 1333 ns, Cleanup: 542 ns, At safepoint: 686250 ns, Leaving safepoint: 1083 ns, Total: 689208 ns
[2026-09-07T10:43:09.964+0900][21.274s][info][gc,start    ] GC(234) Pause Young (Normal) (G1 Evacuation Pause)
[2026-09-07T10:43:09.964+0900][21.274s][info][gc,task     ] GC(234) Using 9 workers of 9 for evacuation
[2026-09-07T10:43:09.965+0900][21.275s][info][gc,phases   ] GC(234)   Pre Evacuate Collection Set: 0.07ms
[2026-09-07T10:43:09.965+0900][21.275s][info][gc,phases   ] GC(234)   Merge Heap Roots: 0.02ms
[2026-09-07T10:43:09.965+0900][21.275s][info][gc,phases   ] GC(234)   Evacuate Collection Set: 0.61ms
[2026-09-07T10:43:09.965+0900][21.275s][info][gc,phases   ] GC(234)   Post Evacuate Collection Set: 0.12ms
[2026-09-07T10:43:09.965+0900][21.275s][info][gc,phases   ] GC(234)   Other: 0.02ms
[2026-09-07T10:43:09.965+0900][21.275s][info][gc,heap     ] GC(234) Eden regions: 126->0(124)
[2026-09-07T10:43:09.965+0900][21.275s][info][gc,heap     ] GC(234) Survivor regions: 2->4(16)
[2026-09-07T10:43:09.965+0900][21.275s][info][gc,heap     ] GC(234) Old regions: 53->53
[2026-09-07T10:43:09.965+0900][21.275s][info][gc,heap     ] GC(234) Humongous regions: 1->1
[2026-09-07T10:43:09.965+0900][21.275s][info][gc,metaspace] GC(234) Metaspace: 23356K(23872K)->23356K(23872K) NonClass: 20537K(20800K)->20537K(20800K) Class: 2819K(3072K)->2819K(3072K)
[2026-09-07T10:43:09.965+0900][21.275s][info][gc          ] GC(234) Pause Young (Normal) (G1 Evacuation Pause) 362M->115M(428M) 0.917ms
[2026-09-07T10:43:09.965+0900][21.275s][info][gc,cpu      ] GC(234) User=0.01s Sys=0.00s Real=0.00s
[2026-09-07T10:43:09.965+0900][21.275s][info][safepoint   ] Safepoint "G1CollectForAllocation", Time since last: 95838417 ns, Reaching safepoint: 1291 ns, Cleanup: 542 ns, At safepoint: 932292 ns, Leaving safepoint: 1000 ns, Total: 935125 ns
[2026-09-07T10:43:10.067+0900][21.377s][info][gc,start    ] GC(235) Pause Young (Normal) (G1 Evacuation Pause)
[2026-09-07T10:43:10.067+0900][21.377s][info][gc,task     ] GC(235) Using 9 workers of 9 for evacuation
[2026-09-07T10:43:10.068+0900][21.378s][info][gc,phases   ] GC(235)   Pre Evacuate Collection Set: 0.07ms
[2026-09-07T10:43:10.068+0900][21.378s][info][gc,phases   ] GC(235)   Merge Heap Roots: 0.04ms
[2026-09-07T10:43:10.068+0900][21.378s][info][gc,phases   ] GC(235)   Evacuate Collection Set: 0.44ms
[2026-09-07T10:43:10.068+0900][21.378s][info][gc,phases   ] GC(235)   Post Evacuate Collection Set: 0.13ms
[2026-09-07T10:43:10.068+0900][21.378s][info][gc,phases   ] GC(235)   Other: 0.02ms
[2026-09-07T10:43:10.068+0900][21.378s][info][gc,heap     ] GC(235) Eden regions: 124->0(125)
[2026-09-07T10:43:10.068+0900][21.378s][info][gc,heap     ] GC(235) Survivor regions: 4->3(16)
[2026-09-07T10:43:10.068+0900][21.378s][info][gc,heap     ] GC(235) Old regions: 53->53
[2026-09-07T10:43:10.068+0900][21.378s][info][gc,heap     ] GC(235) Humongous regions: 1->1
[2026-09-07T10:43:10.068+0900][21.378s][info][gc,metaspace] GC(235) Metaspace: 23356K(23872K)->23356K(23872K) NonClass: 20537K(20800K)->20537K(20800K) Class: 2819K(3072K)->2819K(3072K)
[2026-09-07T10:43:10.068+0900][21.378s][info][gc          ] GC(235) Pause Young (Normal) (G1 Evacuation Pause) 363M->112M(428M) 0.782ms
[2026-09-07T10:43:10.068+0900][21.378s][info][gc,cpu      ] GC(235) User=0.00s Sys=0.00s Real=0.00s
[2026-09-07T10:43:10.068+0900][21.378s][info][safepoint   ] Safepoint "G1CollectForAllocation", Time since last: 101681416 ns, Reaching safepoint: 1667 ns, Cleanup: 958 ns, At safepoint: 797250 ns, Leaving safepoint: 1084 ns, Total: 800959 ns
[2026-09-07T10:43:10.164+0900][21.474s][info][gc,start    ] GC(236) Pause Young (Normal) (G1 Evacuation Pause)
[2026-09-07T10:43:10.164+0900][21.474s][info][gc,task     ] GC(236) Using 9 workers of 9 for evacuation
[2026-09-07T10:43:10.164+0900][21.474s][info][gc,phases   ] GC(236)   Pre Evacuate Collection Set: 0.07ms
[2026-09-07T10:43:10.164+0900][21.475s][info][gc,phases   ] GC(236)   Merge Heap Roots: 0.03ms
[2026-09-07T10:43:10.164+0900][21.475s][info][gc,phases   ] GC(236)   Evacuate Collection Set: 0.34ms
[2026-09-07T10:43:10.164+0900][21.475s][info][gc,phases   ] GC(236)   Post Evacuate Collection Set: 0.13ms
[2026-09-07T10:43:10.164+0900][21.475s][info][gc,phases   ] GC(236)   Other: 0.02ms
[2026-09-07T10:43:10.164+0900][21.475s][info][gc,heap     ] GC(236) Eden regions: 125->0(126)
[2026-09-07T10:43:10.164+0900][21.475s][info][gc,heap     ] GC(236) Survivor regions: 3->2(16)
[2026-09-07T10:43:10.164+0900][21.475s][info][gc,heap     ] GC(236) Old regions: 53->53
[2026-09-07T10:43:10.164+0900][21.475s][info][gc,heap     ] GC(236) Humongous regions: 1->1
[2026-09-07T10:43:10.164+0900][21.475s][info][gc,metaspace] GC(236) Metaspace: 23356K(23872K)->23356K(23872K) NonClass: 20537K(20800K)->20537K(20800K) Class: 2819K(3072K)->2819K(3072K)
[2026-09-07T10:43:10.164+0900][21.475s][info][gc          ] GC(236) Pause Young (Normal) (G1 Evacuation Pause) 362M->109M(428M) 0.681ms
[2026-09-07T10:43:10.164+0900][21.475s][info][gc,cpu      ] GC(236) User=0.00s Sys=0.00s Real=0.00s
[2026-09-07T10:43:10.164+0900][21.475s][info][safepoint   ] Safepoint "G1CollectForAllocation", Time since last: 96087500 ns, Reaching safepoint: 1250 ns, Cleanup: 708 ns, At safepoint: 699167 ns, Leaving safepoint: 1375 ns, Total: 702500 ns
[2026-09-07T10:43:10.260+0900][21.570s][info][gc,start    ] GC(237) Pause Young (Normal) (G1 Evacuation Pause)
[2026-09-07T10:43:10.260+0900][21.570s][info][gc,task     ] GC(237) Using 9 workers of 9 for evacuation
[2026-09-07T10:43:10.261+0900][21.571s][info][gc,phases   ] GC(237)   Pre Evacuate Collection Set: 0.08ms
[2026-09-07T10:43:10.261+0900][21.571s][info][gc,phases   ] GC(237)   Merge Heap Roots: 0.04ms
[2026-09-07T10:43:10.261+0900][21.571s][info][gc,phases   ] GC(237)   Evacuate Collection Set: 0.57ms
[2026-09-07T10:43:10.261+0900][21.571s][info][gc,phases   ] GC(237)   Post Evacuate Collection Set: 0.13ms
[2026-09-07T10:43:10.261+0900][21.571s][info][gc,phases   ] GC(237)   Other: 0.02ms
[2026-09-07T10:43:10.261+0900][21.571s][info][gc,heap     ] GC(237) Eden regions: 126->0(124)
[2026-09-07T10:43:10.261+0900][21.571s][info][gc,heap     ] GC(237) Survivor regions: 2->4(16)
[2026-09-07T10:43:10.261+0900][21.571s][info][gc,heap     ] GC(237) Old regions: 53->53
[2026-09-07T10:43:10.261+0900][21.571s][info][gc,heap     ] GC(237) Humongous regions: 1->1
[2026-09-07T10:43:10.261+0900][21.571s][info][gc,metaspace] GC(237) Metaspace: 23356K(23872K)->23356K(23872K) NonClass: 20537K(20800K)->20537K(20800K) Class: 2819K(3072K)->2819K(3072K)
[2026-09-07T10:43:10.261+0900][21.571s][info][gc          ] GC(237) Pause Young (Normal) (G1 Evacuation Pause) 361M->114M(428M) 0.902ms
[2026-09-07T10:43:10.261+0900][21.571s][info][gc,cpu      ] GC(237) User=0.00s Sys=0.00s Real=0.00s
[2026-09-07T10:43:10.261+0900][21.571s][info][safepoint   ] Safepoint "G1CollectForAllocation", Time since last: 95327916 ns, Reaching safepoint: 1125 ns, Cleanup: 792 ns, At safepoint: 916292 ns, Leaving safepoint: 1125 ns, Total: 919334 ns
[2026-09-07T10:43:10.356+0900][21.666s][info][gc,start    ] GC(238) Pause Young (Normal) (G1 Evacuation Pause)
[2026-09-07T10:43:10.356+0900][21.666s][info][gc,task     ] GC(238) Using 9 workers of 9 for evacuation
[2026-09-07T10:43:10.357+0900][21.667s][info][gc,phases   ] GC(238)   Pre Evacuate Collection Set: 0.07ms
[2026-09-07T10:43:10.357+0900][21.667s][info][gc,phases   ] GC(238)   Merge Heap Roots: 0.02ms
[2026-09-07T10:43:10.357+0900][21.667s][info][gc,phases   ] GC(238)   Evacuate Collection Set: 0.41ms
[2026-09-07T10:43:10.357+0900][21.667s][info][gc,phases   ] GC(238)   Post Evacuate Collection Set: 0.12ms
[2026-09-07T10:43:10.357+0900][21.667s][info][gc,phases   ] GC(238)   Other: 0.02ms
[2026-09-07T10:43:10.357+0900][21.667s][info][gc,heap     ] GC(238) Eden regions: 124->0(125)
[2026-09-07T10:43:10.357+0900][21.667s][info][gc,heap     ] GC(238) Survivor regions: 4->3(16)
[2026-09-07T10:43:10.357+0900][21.667s][info][gc,heap     ] GC(238) Old regions: 53->53
[2026-09-07T10:43:10.357+0900][21.667s][info][gc,heap     ] GC(238) Humongous regions: 1->1
[2026-09-07T10:43:10.357+0900][21.667s][info][gc,metaspace] GC(238) Metaspace: 23356K(23872K)->23356K(23872K) NonClass: 20537K(20800K)->20537K(20800K) Class: 2819K(3072K)->2819K(3072K)
[2026-09-07T10:43:10.357+0900][21.667s][info][gc          ] GC(238) Pause Young (Normal) (G1 Evacuation Pause) 362M->112M(428M) 0.724ms
[2026-09-07T10:43:10.357+0900][21.667s][info][gc,cpu      ] GC(238) User=0.00s Sys=0.00s Real=0.00s
[2026-09-07T10:43:10.357+0900][21.667s][info][safepoint   ] Safepoint "G1CollectForAllocation", Time since last: 95537375 ns, Reaching safepoint: 1416 ns, Cleanup: 1417 ns, At safepoint: 738625 ns, Leaving safepoint: 1292 ns, Total: 742750 ns
[2026-09-07T10:43:10.452+0900][21.762s][info][gc,start    ] GC(239) Pause Young (Normal) (G1 Evacuation Pause)
[2026-09-07T10:43:10.452+0900][21.762s][info][gc,task     ] GC(239) Using 9 workers of 9 for evacuation
[2026-09-07T10:43:10.452+0900][21.762s][info][gc,phases   ] GC(239)   Pre Evacuate Collection Set: 0.07ms
[2026-09-07T10:43:10.452+0900][21.762s][info][gc,phases   ] GC(239)   Merge Heap Roots: 0.04ms
[2026-09-07T10:43:10.452+0900][21.762s][info][gc,phases   ] GC(239)   Evacuate Collection Set: 0.21ms
[2026-09-07T10:43:10.452+0900][21.762s][info][gc,phases   ] GC(239)   Post Evacuate Collection Set: 0.12ms
[2026-09-07T10:43:10.452+0900][21.762s][info][gc,phases   ] GC(239)   Other: 0.02ms
[2026-09-07T10:43:10.452+0900][21.762s][info][gc,heap     ] GC(239) Eden regions: 125->0(127)
[2026-09-07T10:43:10.452+0900][21.762s][info][gc,heap     ] GC(239) Survivor regions: 3->1(16)
[2026-09-07T10:43:10.452+0900][21.762s][info][gc,heap     ] GC(239) Old regions: 53->53
[2026-09-07T10:43:10.452+0900][21.762s][info][gc,heap     ] GC(239) Humongous regions: 1->1
[2026-09-07T10:43:10.452+0900][21.762s][info][gc,metaspace] GC(239) Metaspace: 23356K(23872K)->23356K(23872K) NonClass: 20537K(20800K)->20537K(20800K) Class: 2819K(3072K)->2819K(3072K)
[2026-09-07T10:43:10.452+0900][21.762s][info][gc          ] GC(239) Pause Young (Normal) (G1 Evacuation Pause) 362M->109M(428M) 0.532ms
[2026-09-07T10:43:10.452+0900][21.762s][info][gc,cpu      ] GC(239) User=0.00s Sys=0.01s Real=0.00s
[2026-09-07T10:43:10.452+0900][21.762s][info][safepoint   ] Safepoint "G1CollectForAllocation", Time since last: 94797708 ns, Reaching safepoint: 1292 ns, Cleanup: 708 ns, At safepoint: 547500 ns, Leaving safepoint: 1042 ns, Total: 550542 ns
[2026-09-07T10:43:10.549+0900][21.859s][info][gc,start    ] GC(240) Pause Young (Normal) (G1 Evacuation Pause)
[2026-09-07T10:43:10.549+0900][21.859s][info][gc,task     ] GC(240) Using 9 workers of 9 for evacuation
[2026-09-07T10:43:10.550+0900][21.860s][info][gc,phases   ] GC(240)   Pre Evacuate Collection Set: 0.07ms
[2026-09-07T10:43:10.550+0900][21.860s][info][gc,phases   ] GC(240)   Merge Heap Roots: 0.04ms
[2026-09-07T10:43:10.550+0900][21.860s][info][gc,phases   ] GC(240)   Evacuate Collection Set: 0.55ms
[2026-09-07T10:43:10.550+0900][21.860s][info][gc,phases   ] GC(240)   Post Evacuate Collection Set: 0.11ms
[2026-09-07T10:43:10.550+0900][21.860s][info][gc,phases   ] GC(240)   Other: 0.02ms
[2026-09-07T10:43:10.550+0900][21.860s][info][gc,heap     ] GC(240) Eden regions: 127->0(124)
[2026-09-07T10:43:10.550+0900][21.860s][info][gc,heap     ] GC(240) Survivor regions: 1->4(16)
[2026-09-07T10:43:10.550+0900][21.860s][info][gc,heap     ] GC(240) Old regions: 53->53
[2026-09-07T10:43:10.550+0900][21.860s][info][gc,heap     ] GC(240) Humongous regions: 1->1
[2026-09-07T10:43:10.550+0900][21.860s][info][gc,metaspace] GC(240) Metaspace: 23356K(23872K)->23356K(23872K) NonClass: 20537K(20800K)->20537K(20800K) Class: 2819K(3072K)->2819K(3072K)
[2026-09-07T10:43:10.550+0900][21.860s][info][gc          ] GC(240) Pause Young (Normal) (G1 Evacuation Pause) 363M->113M(428M) 0.870ms
[2026-09-07T10:43:10.550+0900][21.860s][info][gc,cpu      ] GC(240) User=0.00s Sys=0.00s Real=0.01s
[2026-09-07T10:43:10.550+0900][21.860s][info][safepoint   ] Safepoint "G1CollectForAllocation", Time since last: 96740750 ns, Reaching safepoint: 1041 ns, Cleanup: 1000 ns, At safepoint: 884417 ns, Leaving safepoint: 1167 ns, Total: 887625 ns
[2026-09-07T10:43:10.645+0900][21.955s][info][gc,start    ] GC(241) Pause Young (Normal) (G1 Evacuation Pause)
[2026-09-07T10:43:10.645+0900][21.955s][info][gc,task     ] GC(241) Using 9 workers of 9 for evacuation
[2026-09-07T10:43:10.645+0900][21.955s][info][gc,phases   ] GC(241)   Pre Evacuate Collection Set: 0.06ms
[2026-09-07T10:43:10.645+0900][21.955s][info][gc,phases   ] GC(241)   Merge Heap Roots: 0.04ms
[2026-09-07T10:43:10.645+0900][21.955s][info][gc,phases   ] GC(241)   Evacuate Collection Set: 0.38ms
[2026-09-07T10:43:10.645+0900][21.955s][info][gc,phases   ] GC(241)   Post Evacuate Collection Set: 0.12ms
[2026-09-07T10:43:10.645+0900][21.955s][info][gc,phases   ] GC(241)   Other: 0.02ms
[2026-09-07T10:43:10.645+0900][21.955s][info][gc,heap     ] GC(241) Eden regions: 124->0(125)
[2026-09-07T10:43:10.645+0900][21.955s][info][gc,heap     ] GC(241) Survivor regions: 4->3(16)
[2026-09-07T10:43:10.645+0900][21.955s][info][gc,heap     ] GC(241) Old regions: 53->53
[2026-09-07T10:43:10.645+0900][21.955s][info][gc,heap     ] GC(241) Humongous regions: 1->1
[2026-09-07T10:43:10.645+0900][21.955s][info][gc,metaspace] GC(241) Metaspace: 23357K(23872K)->23357K(23872K) NonClass: 20538K(20800K)->20538K(20800K) Class: 2819K(3072K)->2819K(3072K)
[2026-09-07T10:43:10.645+0900][21.955s][info][gc          ] GC(241) Pause Young (Normal) (G1 Evacuation Pause) 361M->112M(428M) 0.683ms
[2026-09-07T10:43:10.645+0900][21.955s][info][gc,cpu      ] GC(241) User=0.00s Sys=0.00s Real=0.00s
[2026-09-07T10:43:10.645+0900][21.955s][info][safepoint   ] Safepoint "G1CollectForAllocation", Time since last: 94729458 ns, Reaching safepoint: 833 ns, Cleanup: 500 ns, At safepoint: 696167 ns, Leaving safepoint: 1042 ns, Total: 698542 ns
[2026-09-07T10:43:10.741+0900][22.052s][info][gc,start    ] GC(242) Pause Young (Normal) (G1 Evacuation Pause)
[2026-09-07T10:43:10.741+0900][22.052s][info][gc,task     ] GC(242) Using 9 workers of 9 for evacuation
[2026-09-07T10:43:10.742+0900][22.052s][info][gc,phases   ] GC(242)   Pre Evacuate Collection Set: 0.08ms
[2026-09-07T10:43:10.742+0900][22.052s][info][gc,phases   ] GC(242)   Merge Heap Roots: 0.04ms
[2026-09-07T10:43:10.742+0900][22.052s][info][gc,phases   ] GC(242)   Evacuate Collection Set: 0.26ms
[2026-09-07T10:43:10.742+0900][22.052s][info][gc,phases   ] GC(242)   Post Evacuate Collection Set: 0.11ms
[2026-09-07T10:43:10.742+0900][22.052s][info][gc,phases   ] GC(242)   Other: 0.02ms
[2026-09-07T10:43:10.742+0900][22.052s][info][gc,heap     ] GC(242) Eden regions: 125->0(126)
[2026-09-07T10:43:10.742+0900][22.052s][info][gc,heap     ] GC(242) Survivor regions: 3->2(16)
[2026-09-07T10:43:10.742+0900][22.052s][info][gc,heap     ] GC(242) Old regions: 53->53
[2026-09-07T10:43:10.742+0900][22.052s][info][gc,heap     ] GC(242) Humongous regions: 1->1
[2026-09-07T10:43:10.742+0900][22.052s][info][gc,metaspace] GC(242) Metaspace: 23358K(23872K)->23358K(23872K) NonClass: 20538K(20800K)->20538K(20800K) Class: 2819K(3072K)->2819K(3072K)
[2026-09-07T10:43:10.742+0900][22.052s][info][gc          ] GC(242) Pause Young (Normal) (G1 Evacuation Pause) 362M->109M(428M) 0.584ms
[2026-09-07T10:43:10.742+0900][22.052s][info][gc,cpu      ] GC(242) User=0.00s Sys=0.00s Real=0.00s
[2026-09-07T10:43:10.742+0900][22.052s][info][safepoint   ] Safepoint "G1CollectForAllocation", Time since last: 96110583 ns, Reaching safepoint: 1125 ns, Cleanup: 875 ns, At safepoint: 597708 ns, Leaving safepoint: 959 ns, Total: 600667 ns
[2026-09-07T10:43:10.837+0900][22.147s][info][gc,start    ] GC(243) Pause Young (Normal) (G1 Evacuation Pause)
[2026-09-07T10:43:10.837+0900][22.147s][info][gc,task     ] GC(243) Using 9 workers of 9 for evacuation
[2026-09-07T10:43:10.838+0900][22.148s][info][gc,phases   ] GC(243)   Pre Evacuate Collection Set: 0.07ms
[2026-09-07T10:43:10.838+0900][22.148s][info][gc,phases   ] GC(243)   Merge Heap Roots: 0.04ms
[2026-09-07T10:43:10.838+0900][22.148s][info][gc,phases   ] GC(243)   Evacuate Collection Set: 0.58ms
[2026-09-07T10:43:10.838+0900][22.148s][info][gc,phases   ] GC(243)   Post Evacuate Collection Set: 0.11ms
[2026-09-07T10:43:10.838+0900][22.148s][info][gc,phases   ] GC(243)   Other: 0.02ms
[2026-09-07T10:43:10.838+0900][22.148s][info][gc,heap     ] GC(243) Eden regions: 126->0(124)
[2026-09-07T10:43:10.838+0900][22.148s][info][gc,heap     ] GC(243) Survivor regions: 2->4(16)
[2026-09-07T10:43:10.838+0900][22.148s][info][gc,heap     ] GC(243) Old regions: 53->53
[2026-09-07T10:43:10.838+0900][22.148s][info][gc,heap     ] GC(243) Humongous regions: 1->1
[2026-09-07T10:43:10.838+0900][22.148s][info][gc,metaspace] GC(243) Metaspace: 23358K(23872K)->23358K(23872K) NonClass: 20538K(20800K)->20538K(20800K) Class: 2819K(3072K)->2819K(3072K)
[2026-09-07T10:43:10.838+0900][22.148s][info][gc          ] GC(243) Pause Young (Normal) (G1 Evacuation Pause) 361M->114M(428M) 0.901ms
[2026-09-07T10:43:10.838+0900][22.148s][info][gc,cpu      ] GC(243) User=0.01s Sys=0.00s Real=0.00s
[2026-09-07T10:43:10.838+0900][22.148s][info][safepoint   ] Safepoint "G1CollectForAllocation", Time since last: 95192041 ns, Reaching safepoint: 917 ns, Cleanup: 750 ns, At safepoint: 915042 ns, Leaving safepoint: 1250 ns, Total: 917959 ns
[2026-09-07T10:43:10.932+0900][22.242s][info][gc,start    ] GC(244) Pause Young (Normal) (G1 Evacuation Pause)
[2026-09-07T10:43:10.932+0900][22.242s][info][gc,task     ] GC(244) Using 9 workers of 9 for evacuation
[2026-09-07T10:43:10.933+0900][22.243s][info][gc,phases   ] GC(244)   Pre Evacuate Collection Set: 0.09ms
[2026-09-07T10:43:10.933+0900][22.243s][info][gc,phases   ] GC(244)   Merge Heap Roots: 0.03ms
[2026-09-07T10:43:10.933+0900][22.243s][info][gc,phases   ] GC(244)   Evacuate Collection Set: 0.43ms
[2026-09-07T10:43:10.933+0900][22.243s][info][gc,phases   ] GC(244)   Post Evacuate Collection Set: 0.12ms
[2026-09-07T10:43:10.933+0900][22.243s][info][gc,phases   ] GC(244)   Other: 0.02ms
[2026-09-07T10:43:10.933+0900][22.243s][info][gc,heap     ] GC(244) Eden regions: 124->0(125)
[2026-09-07T10:43:10.933+0900][22.243s][info][gc,heap     ] GC(244) Survivor regions: 4->3(16)
[2026-09-07T10:43:10.933+0900][22.243s][info][gc,heap     ] GC(244) Old regions: 53->53
[2026-09-07T10:43:10.933+0900][22.243s][info][gc,heap     ] GC(244) Humongous regions: 1->1
[2026-09-07T10:43:10.933+0900][22.243s][info][gc,metaspace] GC(244) Metaspace: 23358K(23872K)->23358K(23872K) NonClass: 20538K(20800K)->20538K(20800K) Class: 2819K(3072K)->2819K(3072K)
[2026-09-07T10:43:10.933+0900][22.243s][info][gc          ] GC(244) Pause Young (Normal) (G1 Evacuation Pause) 362M->112M(428M) 0.753ms
[2026-09-07T10:43:10.933+0900][22.243s][info][gc,cpu      ] GC(244) User=0.01s Sys=0.00s Real=0.00s
[2026-09-07T10:43:10.933+0900][22.243s][info][safepoint   ] Safepoint "G1CollectForAllocation", Time since last: 93816333 ns, Reaching safepoint: 1625 ns, Cleanup: 458 ns, At safepoint: 767042 ns, Leaving safepoint: 1125 ns, Total: 770250 ns
[2026-09-07T10:43:11.028+0900][22.338s][info][gc,start    ] GC(245) Pause Young (Normal) (G1 Evacuation Pause)
[2026-09-07T10:43:11.028+0900][22.338s][info][gc,task     ] GC(245) Using 9 workers of 9 for evacuation
[2026-09-07T10:43:11.029+0900][22.339s][info][gc,phases   ] GC(245)   Pre Evacuate Collection Set: 0.08ms
[2026-09-07T10:43:11.029+0900][22.339s][info][gc,phases   ] GC(245)   Merge Heap Roots: 0.03ms
[2026-09-07T10:43:11.029+0900][22.339s][info][gc,phases   ] GC(245)   Evacuate Collection Set: 0.31ms
[2026-09-07T10:43:11.029+0900][22.339s][info][gc,phases   ] GC(245)   Post Evacuate Collection Set: 0.12ms
[2026-09-07T10:43:11.029+0900][22.339s][info][gc,phases   ] GC(245)   Other: 0.02ms
[2026-09-07T10:43:11.029+0900][22.339s][info][gc,heap     ] GC(245) Eden regions: 125->0(126)
[2026-09-07T10:43:11.029+0900][22.339s][info][gc,heap     ] GC(245) Survivor regions: 3->2(16)
[2026-09-07T10:43:11.029+0900][22.339s][info][gc,heap     ] GC(245) Old regions: 53->53
[2026-09-07T10:43:11.029+0900][22.339s][info][gc,heap     ] GC(245) Humongous regions: 1->1
[2026-09-07T10:43:11.029+0900][22.339s][info][gc,metaspace] GC(245) Metaspace: 23358K(23872K)->23358K(23872K) NonClass: 20538K(20800K)->20538K(20800K) Class: 2819K(3072K)->2819K(3072K)
[2026-09-07T10:43:11.029+0900][22.339s][info][gc          ] GC(245) Pause Young (Normal) (G1 Evacuation Pause) 362M->110M(428M) 0.625ms
[2026-09-07T10:43:11.029+0900][22.339s][info][gc,cpu      ] GC(245) User=0.00s Sys=0.00s Real=0.00s
[2026-09-07T10:43:11.029+0900][22.339s][info][safepoint   ] Safepoint "G1CollectForAllocation", Time since last: 95341750 ns, Reaching safepoint: 1167 ns, Cleanup: 916 ns, At safepoint: 637792 ns, Leaving safepoint: 1167 ns, Total: 641042 ns
[2026-09-07T10:43:11.124+0900][22.434s][info][gc,start    ] GC(246) Pause Young (Normal) (G1 Evacuation Pause)
[2026-09-07T10:43:11.124+0900][22.434s][info][gc,task     ] GC(246) Using 9 workers of 9 for evacuation
[2026-09-07T10:43:11.125+0900][22.435s][info][gc,phases   ] GC(246)   Pre Evacuate Collection Set: 0.07ms
[2026-09-07T10:43:11.125+0900][22.435s][info][gc,phases   ] GC(246)   Merge Heap Roots: 0.02ms
[2026-09-07T10:43:11.125+0900][22.435s][info][gc,phases   ] GC(246)   Evacuate Collection Set: 0.64ms
[2026-09-07T10:43:11.125+0900][22.435s][info][gc,phases   ] GC(246)   Post Evacuate Collection Set: 0.13ms
[2026-09-07T10:43:11.125+0900][22.435s][info][gc,phases   ] GC(246)   Other: 0.02ms
[2026-09-07T10:43:11.125+0900][22.435s][info][gc,heap     ] GC(246) Eden regions: 126->0(124)
[2026-09-07T10:43:11.125+0900][22.435s][info][gc,heap     ] GC(246) Survivor regions: 2->4(16)
[2026-09-07T10:43:11.125+0900][22.435s][info][gc,heap     ] GC(246) Old regions: 53->53
[2026-09-07T10:43:11.125+0900][22.435s][info][gc,heap     ] GC(246) Humongous regions: 1->1
[2026-09-07T10:43:11.125+0900][22.435s][info][gc,metaspace] GC(246) Metaspace: 23358K(23872K)->23358K(23872K) NonClass: 20538K(20800K)->20538K(20800K) Class: 2819K(3072K)->2819K(3072K)
[2026-09-07T10:43:11.125+0900][22.435s][info][gc          ] GC(246) Pause Young (Normal) (G1 Evacuation Pause) 362M->115M(428M) 0.948ms
[2026-09-07T10:43:11.125+0900][22.435s][info][gc,cpu      ] GC(246) User=0.00s Sys=0.00s Real=0.00s
[2026-09-07T10:43:11.125+0900][22.435s][info][safepoint   ] Safepoint "G1CollectForAllocation", Time since last: 95113541 ns, Reaching safepoint: 709 ns, Cleanup: 541 ns, At safepoint: 960250 ns, Leaving safepoint: 1084 ns, Total: 962584 ns
[2026-09-07T10:43:11.219+0900][22.529s][info][gc,start    ] GC(247) Pause Young (Normal) (G1 Evacuation Pause)
[2026-09-07T10:43:11.219+0900][22.529s][info][gc,task     ] GC(247) Using 9 workers of 9 for evacuation
[2026-09-07T10:43:11.220+0900][22.530s][info][gc,phases   ] GC(247)   Pre Evacuate Collection Set: 0.08ms
[2026-09-07T10:43:11.220+0900][22.530s][info][gc,phases   ] GC(247)   Merge Heap Roots: 0.04ms
[2026-09-07T10:43:11.220+0900][22.530s][info][gc,phases   ] GC(247)   Evacuate Collection Set: 0.51ms
[2026-09-07T10:43:11.220+0900][22.530s][info][gc,phases   ] GC(247)   Post Evacuate Collection Set: 0.12ms
[2026-09-07T10:43:11.220+0900][22.530s][info][gc,phases   ] GC(247)   Other: 0.02ms
[2026-09-07T10:43:11.220+0900][22.530s][info][gc,heap     ] GC(247) Eden regions: 124->0(125)
[2026-09-07T10:43:11.220+0900][22.530s][info][gc,heap     ] GC(247) Survivor regions: 4->3(16)
[2026-09-07T10:43:11.220+0900][22.530s][info][gc,heap     ] GC(247) Old regions: 53->53
[2026-09-07T10:43:11.220+0900][22.530s][info][gc,heap     ] GC(247) Humongous regions: 1->1
[2026-09-07T10:43:11.220+0900][22.530s][info][gc,metaspace] GC(247) Metaspace: 23358K(23872K)->23358K(23872K) NonClass: 20538K(20800K)->20538K(20800K) Class: 2819K(3072K)->2819K(3072K)
[2026-09-07T10:43:11.220+0900][22.530s][info][gc          ] GC(247) Pause Young (Normal) (G1 Evacuation Pause) 363M->113M(428M) 0.842ms
[2026-09-07T10:43:11.220+0900][22.530s][info][gc,cpu      ] GC(247) User=0.00s Sys=0.00s Real=0.01s
[2026-09-07T10:43:11.220+0900][22.530s][info][safepoint   ] Safepoint "G1CollectForAllocation", Time since last: 94268375 ns, Reaching safepoint: 1333 ns, Cleanup: 1250 ns, At safepoint: 857083 ns, Leaving safepoint: 1125 ns, Total: 860791 ns
[2026-09-07T10:43:11.315+0900][22.625s][info][gc,start    ] GC(248) Pause Young (Normal) (G1 Evacuation Pause)
[2026-09-07T10:43:11.315+0900][22.625s][info][gc,task     ] GC(248) Using 9 workers of 9 for evacuation
[2026-09-07T10:43:11.315+0900][22.626s][info][gc,phases   ] GC(248)   Pre Evacuate Collection Set: 0.05ms
[2026-09-07T10:43:11.315+0900][22.626s][info][gc,phases   ] GC(248)   Merge Heap Roots: 0.04ms
[2026-09-07T10:43:11.315+0900][22.626s][info][gc,phases   ] GC(248)   Evacuate Collection Set: 0.37ms
[2026-09-07T10:43:11.315+0900][22.626s][info][gc,phases   ] GC(248)   Post Evacuate Collection Set: 0.12ms
[2026-09-07T10:43:11.315+0900][22.626s][info][gc,phases   ] GC(248)   Other: 0.02ms
[2026-09-07T10:43:11.315+0900][22.626s][info][gc,heap     ] GC(248) Eden regions: 125->0(126)
[2026-09-07T10:43:11.315+0900][22.626s][info][gc,heap     ] GC(248) Survivor regions: 3->2(16)
[2026-09-07T10:43:11.315+0900][22.626s][info][gc,heap     ] GC(248) Old regions: 53->53
[2026-09-07T10:43:11.315+0900][22.626s][info][gc,heap     ] GC(248) Humongous regions: 1->1
[2026-09-07T10:43:11.315+0900][22.626s][info][gc,metaspace] GC(248) Metaspace: 23358K(23872K)->23358K(23872K) NonClass: 20538K(20800K)->20538K(20800K) Class: 2819K(3072K)->2819K(3072K)
[2026-09-07T10:43:11.316+0900][22.626s][info][gc          ] GC(248) Pause Young (Normal) (G1 Evacuation Pause) 363M->111M(428M) 0.676ms
[2026-09-07T10:43:11.316+0900][22.626s][info][gc,cpu      ] GC(248) User=0.00s Sys=0.00s Real=0.00s
[2026-09-07T10:43:11.316+0900][22.626s][info][safepoint   ] Safepoint "G1CollectForAllocation", Time since last: 94880250 ns, Reaching safepoint: 875 ns, Cleanup: 1209 ns, At safepoint: 691166 ns, Leaving safepoint: 1167 ns, Total: 694417 ns
[2026-09-07T10:43:11.412+0900][22.722s][info][gc,start    ] GC(249) Pause Young (Normal) (G1 Evacuation Pause)
[2026-09-07T10:43:11.412+0900][22.722s][info][gc,task     ] GC(249) Using 9 workers of 9 for evacuation
[2026-09-07T10:43:11.413+0900][22.723s][info][gc,phases   ] GC(249)   Pre Evacuate Collection Set: 0.07ms
[2026-09-07T10:43:11.413+0900][22.723s][info][gc,phases   ] GC(249)   Merge Heap Roots: 0.04ms
[2026-09-07T10:43:11.413+0900][22.723s][info][gc,phases   ] GC(249)   Evacuate Collection Set: 0.28ms
[2026-09-07T10:43:11.413+0900][22.723s][info][gc,phases   ] GC(249)   Post Evacuate Collection Set: 0.12ms
[2026-09-07T10:43:11.413+0900][22.723s][info][gc,phases   ] GC(249)   Other: 0.02ms
[2026-09-07T10:43:11.413+0900][22.723s][info][gc,heap     ] GC(249) Eden regions: 126->0(126)
[2026-09-07T10:43:11.413+0900][22.723s][info][gc,heap     ] GC(249) Survivor regions: 2->2(16)
[2026-09-07T10:43:11.413+0900][22.723s][info][gc,heap     ] GC(249) Old regions: 53->53
[2026-09-07T10:43:11.413+0900][22.723s][info][gc,heap     ] GC(249) Humongous regions: 1->1
[2026-09-07T10:43:11.413+0900][22.723s][info][gc,metaspace] GC(249) Metaspace: 23358K(23872K)->23358K(23872K) NonClass: 20538K(20800K)->20538K(20800K) Class: 2819K(3072K)->2819K(3072K)
[2026-09-07T10:43:11.413+0900][22.723s][info][gc          ] GC(249) Pause Young (Normal) (G1 Evacuation Pause) 363M->110M(428M) 0.603ms
[2026-09-07T10:43:11.413+0900][22.723s][info][gc,cpu      ] GC(249) User=0.00s Sys=0.00s Real=0.00s
[2026-09-07T10:43:11.413+0900][22.723s][info][safepoint   ] Safepoint "G1CollectForAllocation", Time since last: 96627708 ns, Reaching safepoint: 917 ns, Cleanup: 1083 ns, At safepoint: 618000 ns, Leaving safepoint: 1000 ns, Total: 621000 ns
[2026-09-07T10:43:11.510+0900][22.821s][info][gc,start    ] GC(250) Pause Young (Normal) (G1 Evacuation Pause)
[2026-09-07T10:43:11.510+0900][22.821s][info][gc,task     ] GC(250) Using 9 workers of 9 for evacuation
[2026-09-07T10:43:11.511+0900][22.821s][info][gc,phases   ] GC(250)   Pre Evacuate Collection Set: 0.08ms
[2026-09-07T10:43:11.511+0900][22.821s][info][gc,phases   ] GC(250)   Merge Heap Roots: 0.04ms
[2026-09-07T10:43:11.511+0900][22.821s][info][gc,phases   ] GC(250)   Evacuate Collection Set: 0.66ms
[2026-09-07T10:43:11.511+0900][22.821s][info][gc,phases   ] GC(250)   Post Evacuate Collection Set: 0.12ms
[2026-09-07T10:43:11.511+0900][22.821s][info][gc,phases   ] GC(250)   Other: 0.02ms
[2026-09-07T10:43:11.511+0900][22.821s][info][gc,heap     ] GC(250) Eden regions: 126->0(124)
[2026-09-07T10:43:11.511+0900][22.821s][info][gc,heap     ] GC(250) Survivor regions: 2->4(16)
[2026-09-07T10:43:11.511+0900][22.821s][info][gc,heap     ] GC(250) Old regions: 53->53
[2026-09-07T10:43:11.511+0900][22.821s][info][gc,heap     ] GC(250) Humongous regions: 1->1
[2026-09-07T10:43:11.511+0900][22.822s][info][gc,metaspace] GC(250) Metaspace: 23358K(23872K)->23358K(23872K) NonClass: 20538K(20800K)->20538K(20800K) Class: 2819K(3072K)->2819K(3072K)
[2026-09-07T10:43:11.511+0900][22.822s][info][gc          ] GC(250) Pause Young (Normal) (G1 Evacuation Pause) 362M->115M(428M) 0.987ms
[2026-09-07T10:43:11.511+0900][22.822s][info][gc,cpu      ] GC(250) User=0.00s Sys=0.00s Real=0.00s
[2026-09-07T10:43:11.511+0900][22.822s][info][safepoint   ] Safepoint "G1CollectForAllocation", Time since last: 97603125 ns, Reaching safepoint: 1917 ns, Cleanup: 375 ns, At safepoint: 1000583 ns, Leaving safepoint: 1209 ns, Total: 1004084 ns
[2026-09-07T10:43:11.607+0900][22.917s][info][gc,start    ] GC(251) Pause Young (Normal) (G1 Evacuation Pause)
[2026-09-07T10:43:11.607+0900][22.917s][info][gc,task     ] GC(251) Using 9 workers of 9 for evacuation
[2026-09-07T10:43:11.608+0900][22.918s][info][gc,phases   ] GC(251)   Pre Evacuate Collection Set: 0.09ms
[2026-09-07T10:43:11.608+0900][22.918s][info][gc,phases   ] GC(251)   Merge Heap Roots: 0.04ms
[2026-09-07T10:43:11.608+0900][22.918s][info][gc,phases   ] GC(251)   Evacuate Collection Set: 0.55ms
[2026-09-07T10:43:11.608+0900][22.918s][info][gc,phases   ] GC(251)   Post Evacuate Collection Set: 0.12ms
[2026-09-07T10:43:11.608+0900][22.918s][info][gc,phases   ] GC(251)   Other: 0.02ms
[2026-09-07T10:43:11.608+0900][22.918s][info][gc,heap     ] GC(251) Eden regions: 124->0(124)
[2026-09-07T10:43:11.608+0900][22.918s][info][gc,heap     ] GC(251) Survivor regions: 4->4(16)
[2026-09-07T10:43:11.608+0900][22.918s][info][gc,heap     ] GC(251) Old regions: 53->53
[2026-09-07T10:43:11.608+0900][22.918s][info][gc,heap     ] GC(251) Humongous regions: 1->1
[2026-09-07T10:43:11.608+0900][22.918s][info][gc,metaspace] GC(251) Metaspace: 23358K(23872K)->23358K(23872K) NonClass: 20538K(20800K)->20538K(20800K) Class: 2819K(3072K)->2819K(3072K)
[2026-09-07T10:43:11.608+0900][22.918s][info][gc          ] GC(251) Pause Young (Normal) (G1 Evacuation Pause) 363M->114M(428M) 0.881ms
[2026-09-07T10:43:11.608+0900][22.918s][info][gc,cpu      ] GC(251) User=0.00s Sys=0.01s Real=0.00s
[2026-09-07T10:43:11.608+0900][22.918s][info][safepoint   ] Safepoint "G1CollectForAllocation", Time since last: 95640166 ns, Reaching safepoint: 959 ns, Cleanup: 1125 ns, At safepoint: 895958 ns, Leaving safepoint: 1083 ns, Total: 899125 ns
[2026-09-07T10:43:11.701+0900][23.011s][info][gc,start    ] GC(252) Pause Young (Normal) (G1 Evacuation Pause)
[2026-09-07T10:43:11.701+0900][23.011s][info][gc,task     ] GC(252) Using 9 workers of 9 for evacuation
[2026-09-07T10:43:11.701+0900][23.012s][info][gc,phases   ] GC(252)   Pre Evacuate Collection Set: 0.05ms
[2026-09-07T10:43:11.701+0900][23.012s][info][gc,phases   ] GC(252)   Merge Heap Roots: 0.03ms
[2026-09-07T10:43:11.701+0900][23.012s][info][gc,phases   ] GC(252)   Evacuate Collection Set: 0.44ms
[2026-09-07T10:43:11.701+0900][23.012s][info][gc,phases   ] GC(252)   Post Evacuate Collection Set: 0.11ms
[2026-09-07T10:43:11.701+0900][23.012s][info][gc,phases   ] GC(252)   Other: 0.02ms
[2026-09-07T10:43:11.702+0900][23.012s][info][gc,heap     ] GC(252) Eden regions: 124->0(125)
[2026-09-07T10:43:11.702+0900][23.012s][info][gc,heap     ] GC(252) Survivor regions: 4->3(16)
[2026-09-07T10:43:11.702+0900][23.012s][info][gc,heap     ] GC(252) Old regions: 53->53
[2026-09-07T10:43:11.702+0900][23.012s][info][gc,heap     ] GC(252) Humongous regions: 1->1
[2026-09-07T10:43:11.702+0900][23.012s][info][gc,metaspace] GC(252) Metaspace: 23358K(23872K)->23358K(23872K) NonClass: 20538K(20800K)->20538K(20800K) Class: 2819K(3072K)->2819K(3072K)
[2026-09-07T10:43:11.702+0900][23.012s][info][gc          ] GC(252) Pause Young (Normal) (G1 Evacuation Pause) 362M->112M(428M) 0.728ms
[2026-09-07T10:43:11.702+0900][23.012s][info][gc,cpu      ] GC(252) User=0.00s Sys=0.00s Real=0.00s
[2026-09-07T10:43:11.702+0900][23.012s][info][safepoint   ] Safepoint "G1CollectForAllocation", Time since last: 92869542 ns, Reaching safepoint: 833 ns, Cleanup: 750 ns, At safepoint: 741542 ns, Leaving safepoint: 1333 ns, Total: 744458 ns
[2026-09-07T10:43:11.797+0900][23.107s][info][gc,start    ] GC(253) Pause Young (Normal) (G1 Evacuation Pause)
[2026-09-07T10:43:11.797+0900][23.107s][info][gc,task     ] GC(253) Using 9 workers of 9 for evacuation
[2026-09-07T10:43:11.797+0900][23.107s][info][gc,phases   ] GC(253)   Pre Evacuate Collection Set: 0.08ms
[2026-09-07T10:43:11.797+0900][23.107s][info][gc,phases   ] GC(253)   Merge Heap Roots: 0.04ms
[2026-09-07T10:43:11.797+0900][23.107s][info][gc,phases   ] GC(253)   Evacuate Collection Set: 0.35ms
[2026-09-07T10:43:11.797+0900][23.107s][info][gc,phases   ] GC(253)   Post Evacuate Collection Set: 0.12ms
[2026-09-07T10:43:11.797+0900][23.107s][info][gc,phases   ] GC(253)   Other: 0.02ms
[2026-09-07T10:43:11.797+0900][23.107s][info][gc,heap     ] GC(253) Eden regions: 125->0(126)
[2026-09-07T10:43:11.797+0900][23.107s][info][gc,heap     ] GC(253) Survivor regions: 3->2(16)
[2026-09-07T10:43:11.797+0900][23.107s][info][gc,heap     ] GC(253) Old regions: 53->53
[2026-09-07T10:43:11.797+0900][23.107s][info][gc,heap     ] GC(253) Humongous regions: 1->1
[2026-09-07T10:43:11.797+0900][23.107s][info][gc,metaspace] GC(253) Metaspace: 23358K(23872K)->23358K(23872K) NonClass: 20538K(20800K)->20538K(20800K) Class: 2819K(3072K)->2819K(3072K)
[2026-09-07T10:43:11.797+0900][23.108s][info][gc          ] GC(253) Pause Young (Normal) (G1 Evacuation Pause) 362M->111M(428M) 0.675ms
[2026-09-07T10:43:11.797+0900][23.108s][info][gc,cpu      ] GC(253) User=0.01s Sys=0.00s Real=0.00s
[2026-09-07T10:43:11.797+0900][23.108s][info][safepoint   ] Safepoint "G1CollectForAllocation", Time since last: 95150584 ns, Reaching safepoint: 1041 ns, Cleanup: 542 ns, At safepoint: 690750 ns, Leaving safepoint: 1250 ns, Total: 693583 ns
[2026-09-07T10:43:11.892+0900][23.203s][info][gc,start    ] GC(254) Pause Young (Normal) (G1 Evacuation Pause)
[2026-09-07T10:43:11.892+0900][23.203s][info][gc,task     ] GC(254) Using 9 workers of 9 for evacuation
[2026-09-07T10:43:11.893+0900][23.203s][info][gc,phases   ] GC(254)   Pre Evacuate Collection Set: 0.07ms
[2026-09-07T10:43:11.893+0900][23.203s][info][gc,phases   ] GC(254)   Merge Heap Roots: 0.04ms
[2026-09-07T10:43:11.893+0900][23.203s][info][gc,phases   ] GC(254)   Evacuate Collection Set: 0.26ms
[2026-09-07T10:43:11.893+0900][23.203s][info][gc,phases   ] GC(254)   Post Evacuate Collection Set: 0.12ms
[2026-09-07T10:43:11.893+0900][23.203s][info][gc,phases   ] GC(254)   Other: 0.01ms
[2026-09-07T10:43:11.893+0900][23.203s][info][gc,heap     ] GC(254) Eden regions: 126->0(126)
[2026-09-07T10:43:11.893+0900][23.203s][info][gc,heap     ] GC(254) Survivor regions: 2->2(16)
[2026-09-07T10:43:11.893+0900][23.203s][info][gc,heap     ] GC(254) Old regions: 53->53
[2026-09-07T10:43:11.893+0900][23.203s][info][gc,heap     ] GC(254) Humongous regions: 1->1
[2026-09-07T10:43:11.893+0900][23.203s][info][gc,metaspace] GC(254) Metaspace: 23358K(23872K)->23358K(23872K) NonClass: 20538K(20800K)->20538K(20800K) Class: 2819K(3072K)->2819K(3072K)
[2026-09-07T10:43:11.893+0900][23.203s][info][gc          ] GC(254) Pause Young (Normal) (G1 Evacuation Pause) 363M->110M(428M) 0.582ms
[2026-09-07T10:43:11.893+0900][23.203s][info][gc,cpu      ] GC(254) User=0.00s Sys=0.00s Real=0.00s
[2026-09-07T10:43:11.893+0900][23.203s][info][safepoint   ] Safepoint "G1CollectForAllocation", Time since last: 94985875 ns, Reaching safepoint: 1458 ns, Cleanup: 1084 ns, At safepoint: 595875 ns, Leaving safepoint: 1125 ns, Total: 599542 ns
[2026-09-07T10:43:11.988+0900][23.298s][info][gc,start    ] GC(255) Pause Young (Normal) (G1 Evacuation Pause)
[2026-09-07T10:43:11.988+0900][23.298s][info][gc,task     ] GC(255) Using 9 workers of 9 for evacuation
[2026-09-07T10:43:11.988+0900][23.298s][info][gc,phases   ] GC(255)   Pre Evacuate Collection Set: 0.08ms
[2026-09-07T10:43:11.988+0900][23.298s][info][gc,phases   ] GC(255)   Merge Heap Roots: 0.02ms
[2026-09-07T10:43:11.988+0900][23.298s][info][gc,phases   ] GC(255)   Evacuate Collection Set: 0.16ms
[2026-09-07T10:43:11.988+0900][23.298s][info][gc,phases   ] GC(255)   Post Evacuate Collection Set: 0.12ms
[2026-09-07T10:43:11.988+0900][23.298s][info][gc,phases   ] GC(255)   Other: 0.02ms
[2026-09-07T10:43:11.988+0900][23.298s][info][gc,heap     ] GC(255) Eden regions: 126->0(127)
[2026-09-07T10:43:11.988+0900][23.298s][info][gc,heap     ] GC(255) Survivor regions: 2->1(16)
[2026-09-07T10:43:11.988+0900][23.298s][info][gc,heap     ] GC(255) Old regions: 53->53
[2026-09-07T10:43:11.988+0900][23.298s][info][gc,heap     ] GC(255) Humongous regions: 1->1
[2026-09-07T10:43:11.988+0900][23.298s][info][gc,metaspace] GC(255) Metaspace: 23358K(23872K)->23358K(23872K) NonClass: 20538K(20800K)->20538K(20800K) Class: 2819K(3072K)->2819K(3072K)
[2026-09-07T10:43:11.988+0900][23.298s][info][gc          ] GC(255) Pause Young (Normal) (G1 Evacuation Pause) 362M->108M(428M) 0.468ms
[2026-09-07T10:43:11.988+0900][23.298s][info][gc,cpu      ] GC(255) User=0.00s Sys=0.00s Real=0.00s
[2026-09-07T10:43:11.988+0900][23.298s][info][safepoint   ] Safepoint "G1CollectForAllocation", Time since last: 94619875 ns, Reaching safepoint: 1083 ns, Cleanup: 708 ns, At safepoint: 482084 ns, Leaving safepoint: 1083 ns, Total: 484958 ns
[2026-09-07T10:43:12.085+0900][23.395s][info][gc,start    ] GC(256) Pause Young (Normal) (G1 Evacuation Pause)
[2026-09-07T10:43:12.085+0900][23.395s][info][gc,task     ] GC(256) Using 9 workers of 9 for evacuation
[2026-09-07T10:43:12.086+0900][23.396s][info][gc,phases   ] GC(256)   Pre Evacuate Collection Set: 0.06ms
[2026-09-07T10:43:12.086+0900][23.396s][info][gc,phases   ] GC(256)   Merge Heap Roots: 0.04ms
[2026-09-07T10:43:12.086+0900][23.396s][info][gc,phases   ] GC(256)   Evacuate Collection Set: 0.62ms
[2026-09-07T10:43:12.086+0900][23.396s][info][gc,phases   ] GC(256)   Post Evacuate Collection Set: 0.11ms
[2026-09-07T10:43:12.086+0900][23.396s][info][gc,phases   ] GC(256)   Other: 0.02ms
[2026-09-07T10:43:12.086+0900][23.396s][info][gc,heap     ] GC(256) Eden regions: 127->0(124)
[2026-09-07T10:43:12.086+0900][23.396s][info][gc,heap     ] GC(256) Survivor regions: 1->4(16)
[2026-09-07T10:43:12.086+0900][23.396s][info][gc,heap     ] GC(256) Old regions: 53->53
[2026-09-07T10:43:12.086+0900][23.396s][info][gc,heap     ] GC(256) Humongous regions: 1->1
[2026-09-07T10:43:12.086+0900][23.396s][info][gc,metaspace] GC(256) Metaspace: 23358K(23872K)->23358K(23872K) NonClass: 20538K(20800K)->20538K(20800K) Class: 2819K(3072K)->2819K(3072K)
[2026-09-07T10:43:12.086+0900][23.396s][info][gc          ] GC(256) Pause Young (Normal) (G1 Evacuation Pause) 362M->114M(428M) 0.918ms
[2026-09-07T10:43:12.086+0900][23.396s][info][gc,cpu      ] GC(256) User=0.00s Sys=0.00s Real=0.00s
[2026-09-07T10:43:12.086+0900][23.396s][info][safepoint   ] Safepoint "G1CollectForAllocation", Time since last: 96653333 ns, Reaching safepoint: 834 ns, Cleanup: 1291 ns, At safepoint: 930875 ns, Leaving safepoint: 1250 ns, Total: 934250 ns
[2026-09-07T10:43:12.179+0900][23.489s][info][gc,start    ] GC(257) Pause Young (Normal) (G1 Evacuation Pause)
[2026-09-07T10:43:12.179+0900][23.489s][info][gc,task     ] GC(257) Using 9 workers of 9 for evacuation
[2026-09-07T10:43:12.179+0900][23.489s][info][gc,phases   ] GC(257)   Pre Evacuate Collection Set: 0.08ms
[2026-09-07T10:43:12.179+0900][23.490s][info][gc,phases   ] GC(257)   Merge Heap Roots: 0.02ms
[2026-09-07T10:43:12.179+0900][23.490s][info][gc,phases   ] GC(257)   Evacuate Collection Set: 0.53ms
[2026-09-07T10:43:12.179+0900][23.490s][info][gc,phases   ] GC(257)   Post Evacuate Collection Set: 0.12ms
[2026-09-07T10:43:12.179+0900][23.490s][info][gc,phases   ] GC(257)   Other: 0.02ms
[2026-09-07T10:43:12.179+0900][23.490s][info][gc,heap     ] GC(257) Eden regions: 124->0(124)
[2026-09-07T10:43:12.179+0900][23.490s][info][gc,heap     ] GC(257) Survivor regions: 4->4(16)
[2026-09-07T10:43:12.179+0900][23.490s][info][gc,heap     ] GC(257) Old regions: 53->53
[2026-09-07T10:43:12.179+0900][23.490s][info][gc,heap     ] GC(257) Humongous regions: 1->1
[2026-09-07T10:43:12.179+0900][23.490s][info][gc,metaspace] GC(257) Metaspace: 23358K(23872K)->23358K(23872K) NonClass: 20538K(20800K)->20538K(20800K) Class: 2819K(3072K)->2819K(3072K)
[2026-09-07T10:43:12.179+0900][23.490s][info][gc          ] GC(257) Pause Young (Normal) (G1 Evacuation Pause) 362M->114M(428M) 0.851ms
[2026-09-07T10:43:12.179+0900][23.490s][info][gc,cpu      ] GC(257) User=0.00s Sys=0.00s Real=0.00s
[2026-09-07T10:43:12.179+0900][23.490s][info][safepoint   ] Safepoint "G1CollectForAllocation", Time since last: 92894709 ns, Reaching safepoint: 1041 ns, Cleanup: 750 ns, At safepoint: 865250 ns, Leaving safepoint: 1125 ns, Total: 868166 ns
[2026-09-07T10:43:12.272+0900][23.582s][info][gc,start    ] GC(258) Pause Young (Normal) (G1 Evacuation Pause)
[2026-09-07T10:43:12.272+0900][23.582s][info][gc,task     ] GC(258) Using 9 workers of 9 for evacuation
[2026-09-07T10:43:12.273+0900][23.583s][info][gc,phases   ] GC(258)   Pre Evacuate Collection Set: 0.07ms
[2026-09-07T10:43:12.273+0900][23.583s][info][gc,phases   ] GC(258)   Merge Heap Roots: 0.03ms
[2026-09-07T10:43:12.273+0900][23.583s][info][gc,phases   ] GC(258)   Evacuate Collection Set: 0.51ms
[2026-09-07T10:43:12.273+0900][23.583s][info][gc,phases   ] GC(258)   Post Evacuate Collection Set: 0.12ms
[2026-09-07T10:43:12.273+0900][23.583s][info][gc,phases   ] GC(258)   Other: 0.02ms
[2026-09-07T10:43:12.273+0900][23.583s][info][gc,heap     ] GC(258) Eden regions: 124->0(125)
[2026-09-07T10:43:12.273+0900][23.583s][info][gc,heap     ] GC(258) Survivor regions: 4->3(16)
[2026-09-07T10:43:12.273+0900][23.583s][info][gc,heap     ] GC(258) Old regions: 53->53
[2026-09-07T10:43:12.273+0900][23.583s][info][gc,heap     ] GC(258) Humongous regions: 1->1
[2026-09-07T10:43:12.273+0900][23.583s][info][gc,metaspace] GC(258) Metaspace: 23358K(23872K)->23358K(23872K) NonClass: 20538K(20800K)->20538K(20800K) Class: 2819K(3072K)->2819K(3072K)
[2026-09-07T10:43:12.273+0900][23.583s][info][gc          ] GC(258) Pause Young (Normal) (G1 Evacuation Pause) 362M->113M(428M) 0.817ms
[2026-09-07T10:43:12.273+0900][23.583s][info][gc,cpu      ] GC(258) User=0.01s Sys=0.00s Real=0.00s
[2026-09-07T10:43:12.273+0900][23.583s][info][safepoint   ] Safepoint "G1CollectForAllocation", Time since last: 92661500 ns, Reaching safepoint: 1667 ns, Cleanup: 1042 ns, At safepoint: 831791 ns, Leaving safepoint: 1084 ns, Total: 835584 ns
[2026-09-07T10:43:12.366+0900][23.676s][info][gc,start    ] GC(259) Pause Young (Normal) (G1 Evacuation Pause)
[2026-09-07T10:43:12.366+0900][23.676s][info][gc,task     ] GC(259) Using 9 workers of 9 for evacuation
[2026-09-07T10:43:12.367+0900][23.677s][info][gc,phases   ] GC(259)   Pre Evacuate Collection Set: 0.07ms
[2026-09-07T10:43:12.367+0900][23.677s][info][gc,phases   ] GC(259)   Merge Heap Roots: 0.04ms
[2026-09-07T10:43:12.367+0900][23.677s][info][gc,phases   ] GC(259)   Evacuate Collection Set: 0.45ms
[2026-09-07T10:43:12.367+0900][23.677s][info][gc,phases   ] GC(259)   Post Evacuate Collection Set: 0.13ms
[2026-09-07T10:43:12.367+0900][23.677s][info][gc,phases   ] GC(259)   Other: 0.02ms
[2026-09-07T10:43:12.367+0900][23.677s][info][gc,heap     ] GC(259) Eden regions: 125->0(125)
[2026-09-07T10:43:12.367+0900][23.677s][info][gc,heap     ] GC(259) Survivor regions: 3->3(16)
[2026-09-07T10:43:12.367+0900][23.677s][info][gc,heap     ] GC(259) Old regions: 53->53
[2026-09-07T10:43:12.367+0900][23.677s][info][gc,heap     ] GC(259) Humongous regions: 1->1
[2026-09-07T10:43:12.367+0900][23.677s][info][gc,metaspace] GC(259) Metaspace: 23358K(23872K)->23358K(23872K) NonClass: 20538K(20800K)->20538K(20800K) Class: 2819K(3072K)->2819K(3072K)
[2026-09-07T10:43:12.367+0900][23.677s][info][gc          ] GC(259) Pause Young (Normal) (G1 Evacuation Pause) 363M->112M(428M) 0.769ms
[2026-09-07T10:43:12.367+0900][23.677s][info][gc,cpu      ] GC(259) User=0.00s Sys=0.00s Real=0.00s
[2026-09-07T10:43:12.367+0900][23.677s][info][safepoint   ] Safepoint "G1CollectForAllocation", Time since last: 93403958 ns, Reaching safepoint: 875 ns, Cleanup: 750 ns, At safepoint: 790792 ns, Leaving safepoint: 958 ns, Total: 793375 ns
[2026-09-07T10:43:12.461+0900][23.771s][info][gc,start    ] GC(260) Pause Young (Normal) (G1 Evacuation Pause)
[2026-09-07T10:43:12.461+0900][23.771s][info][gc,task     ] GC(260) Using 9 workers of 9 for evacuation
[2026-09-07T10:43:12.462+0900][23.772s][info][gc,phases   ] GC(260)   Pre Evacuate Collection Set: 0.08ms
[2026-09-07T10:43:12.462+0900][23.772s][info][gc,phases   ] GC(260)   Merge Heap Roots: 0.04ms
[2026-09-07T10:43:12.462+0900][23.772s][info][gc,phases   ] GC(260)   Evacuate Collection Set: 0.39ms
[2026-09-07T10:43:12.462+0900][23.772s][info][gc,phases   ] GC(260)   Post Evacuate Collection Set: 0.12ms
[2026-09-07T10:43:12.462+0900][23.772s][info][gc,phases   ] GC(260)   Other: 0.02ms
[2026-09-07T10:43:12.462+0900][23.772s][info][gc,heap     ] GC(260) Eden regions: 125->0(125)
[2026-09-07T10:43:12.462+0900][23.772s][info][gc,heap     ] GC(260) Survivor regions: 3->3(16)
[2026-09-07T10:43:12.462+0900][23.772s][info][gc,heap     ] GC(260) Old regions: 53->53
[2026-09-07T10:43:12.462+0900][23.772s][info][gc,heap     ] GC(260) Humongous regions: 1->1
[2026-09-07T10:43:12.462+0900][23.772s][info][gc,metaspace] GC(260) Metaspace: 23367K(23872K)->23367K(23872K) NonClass: 20548K(20800K)->20548K(20800K) Class: 2819K(3072K)->2819K(3072K)
[2026-09-07T10:43:12.462+0900][23.772s][info][gc          ] GC(260) Pause Young (Normal) (G1 Evacuation Pause) 362M->112M(428M) 0.713ms
[2026-09-07T10:43:12.462+0900][23.772s][info][gc,cpu      ] GC(260) User=0.00s Sys=0.00s Real=0.00s
[2026-09-07T10:43:12.462+0900][23.772s][info][safepoint   ] Safepoint "G1CollectForAllocation", Time since last: 94171417 ns, Reaching safepoint: 1041 ns, Cleanup: 1375 ns, At safepoint: 726792 ns, Leaving safepoint: 1583 ns, Total: 730791 ns
[2026-09-07T10:43:12.556+0900][23.866s][info][gc,start    ] GC(261) Pause Young (Normal) (G1 Evacuation Pause)
[2026-09-07T10:43:12.556+0900][23.866s][info][gc,task     ] GC(261) Using 9 workers of 9 for evacuation
[2026-09-07T10:43:12.556+0900][23.866s][info][gc,phases   ] GC(261)   Pre Evacuate Collection Set: 0.08ms
[2026-09-07T10:43:12.556+0900][23.866s][info][gc,phases   ] GC(261)   Merge Heap Roots: 0.04ms
[2026-09-07T10:43:12.556+0900][23.866s][info][gc,phases   ] GC(261)   Evacuate Collection Set: 0.36ms
[2026-09-07T10:43:12.556+0900][23.866s][info][gc,phases   ] GC(261)   Post Evacuate Collection Set: 0.12ms
[2026-09-07T10:43:12.556+0900][23.866s][info][gc,phases   ] GC(261)   Other: 0.02ms
[2026-09-07T10:43:12.556+0900][23.867s][info][gc,heap     ] GC(261) Eden regions: 125->0(126)
[2026-09-07T10:43:12.556+0900][23.867s][info][gc,heap     ] GC(261) Survivor regions: 3->2(16)
[2026-09-07T10:43:12.556+0900][23.867s][info][gc,heap     ] GC(261) Old regions: 53->53
[2026-09-07T10:43:12.556+0900][23.867s][info][gc,heap     ] GC(261) Humongous regions: 1->1
[2026-09-07T10:43:12.556+0900][23.867s][info][gc,metaspace] GC(261) Metaspace: 23376K(23872K)->23376K(23872K) NonClass: 20557K(20800K)->20557K(20800K) Class: 2819K(3072K)->2819K(3072K)
[2026-09-07T10:43:12.556+0900][23.867s][info][gc          ] GC(261) Pause Young (Normal) (G1 Evacuation Pause) 362M->111M(428M) 0.705ms
[2026-09-07T10:43:12.556+0900][23.867s][info][gc,cpu      ] GC(261) User=0.00s Sys=0.00s Real=0.00s
[2026-09-07T10:43:12.556+0900][23.867s][info][safepoint   ] Safepoint "G1CollectForAllocation", Time since last: 93654209 ns, Reaching safepoint: 1458 ns, Cleanup: 6083 ns, At safepoint: 718042 ns, Leaving safepoint: 1042 ns, Total: 726625 ns
[2026-09-07T10:43:12.651+0900][23.961s][info][gc,start    ] GC(262) Pause Young (Normal) (G1 Evacuation Pause)
[2026-09-07T10:43:12.651+0900][23.961s][info][gc,task     ] GC(262) Using 9 workers of 9 for evacuation
[2026-09-07T10:43:12.652+0900][23.962s][info][gc,phases   ] GC(262)   Pre Evacuate Collection Set: 0.06ms
[2026-09-07T10:43:12.652+0900][23.962s][info][gc,phases   ] GC(262)   Merge Heap Roots: 0.03ms
[2026-09-07T10:43:12.652+0900][23.962s][info][gc,phases   ] GC(262)   Evacuate Collection Set: 0.34ms
[2026-09-07T10:43:12.652+0900][23.962s][info][gc,phases   ] GC(262)   Post Evacuate Collection Set: 0.12ms
[2026-09-07T10:43:12.652+0900][23.962s][info][gc,phases   ] GC(262)   Other: 0.02ms
[2026-09-07T10:43:12.652+0900][23.962s][info][gc,heap     ] GC(262) Eden regions: 126->0(126)
[2026-09-07T10:43:12.652+0900][23.962s][info][gc,heap     ] GC(262) Survivor regions: 2->2(16)
[2026-09-07T10:43:12.652+0900][23.962s][info][gc,heap     ] GC(262) Old regions: 53->53
[2026-09-07T10:43:12.652+0900][23.962s][info][gc,heap     ] GC(262) Humongous regions: 1->1
[2026-09-07T10:43:12.652+0900][23.962s][info][gc,metaspace] GC(262) Metaspace: 23376K(23872K)->23376K(23872K) NonClass: 20557K(20800K)->20557K(20800K) Class: 2819K(3072K)->2819K(3072K)
[2026-09-07T10:43:12.652+0900][23.962s][info][gc          ] GC(262) Pause Young (Normal) (G1 Evacuation Pause) 363M->111M(428M) 0.643ms
[2026-09-07T10:43:12.652+0900][23.962s][info][gc,cpu      ] GC(262) User=0.00s Sys=0.00s Real=0.00s
[2026-09-07T10:43:12.652+0900][23.962s][info][safepoint   ] Safepoint "G1CollectForAllocation", Time since last: 94695375 ns, Reaching safepoint: 833 ns, Cleanup: 375 ns, At safepoint: 654875 ns, Leaving safepoint: 1625 ns, Total: 657708 ns
[2026-09-07T10:43:12.748+0900][24.058s][info][gc,start    ] GC(263) Pause Young (Normal) (G1 Evacuation Pause)
[2026-09-07T10:43:12.748+0900][24.058s][info][gc,task     ] GC(263) Using 9 workers of 9 for evacuation
[2026-09-07T10:43:12.748+0900][24.058s][info][gc,phases   ] GC(263)   Pre Evacuate Collection Set: 0.07ms
[2026-09-07T10:43:12.748+0900][24.058s][info][gc,phases   ] GC(263)   Merge Heap Roots: 0.03ms
[2026-09-07T10:43:12.748+0900][24.058s][info][gc,phases   ] GC(263)   Evacuate Collection Set: 0.38ms
[2026-09-07T10:43:12.748+0900][24.058s][info][gc,phases   ] GC(263)   Post Evacuate Collection Set: 0.13ms
[2026-09-07T10:43:12.748+0900][24.058s][info][gc,phases   ] GC(263)   Other: 0.02ms
[2026-09-07T10:43:12.748+0900][24.058s][info][gc,heap     ] GC(263) Eden regions: 126->0(126)
[2026-09-07T10:43:12.748+0900][24.058s][info][gc,heap     ] GC(263) Survivor regions: 2->2(16)
[2026-09-07T10:43:12.748+0900][24.058s][info][gc,heap     ] GC(263) Old regions: 53->53
[2026-09-07T10:43:12.748+0900][24.058s][info][gc,heap     ] GC(263) Humongous regions: 1->1
[2026-09-07T10:43:12.748+0900][24.058s][info][gc,metaspace] GC(263) Metaspace: 23376K(23872K)->23376K(23872K) NonClass: 20557K(20800K)->20557K(20800K) Class: 2819K(3072K)->2819K(3072K)
[2026-09-07T10:43:12.748+0900][24.058s][info][gc          ] GC(263) Pause Young (Normal) (G1 Evacuation Pause) 363M->111M(428M) 0.698ms
[2026-09-07T10:43:12.748+0900][24.058s][info][gc,cpu      ] GC(263) User=0.00s Sys=0.01s Real=0.00s
[2026-09-07T10:43:12.748+0900][24.058s][info][safepoint   ] Safepoint "G1CollectForAllocation", Time since last: 95887625 ns, Reaching safepoint: 1375 ns, Cleanup: 917 ns, At safepoint: 713166 ns, Leaving safepoint: 1417 ns, Total: 716875 ns
[2026-09-07T10:43:12.846+0900][24.156s][info][gc,start    ] GC(264) Pause Young (Normal) (G1 Evacuation Pause)
[2026-09-07T10:43:12.846+0900][24.156s][info][gc,task     ] GC(264) Using 9 workers of 9 for evacuation
[2026-09-07T10:43:12.846+0900][24.156s][info][gc,phases   ] GC(264)   Pre Evacuate Collection Set: 0.07ms
[2026-09-07T10:43:12.846+0900][24.156s][info][gc,phases   ] GC(264)   Merge Heap Roots: 0.02ms
[2026-09-07T10:43:12.846+0900][24.156s][info][gc,phases   ] GC(264)   Evacuate Collection Set: 0.37ms
[2026-09-07T10:43:12.846+0900][24.156s][info][gc,phases   ] GC(264)   Post Evacuate Collection Set: 0.12ms
[2026-09-07T10:43:12.846+0900][24.156s][info][gc,phases   ] GC(264)   Other: 0.02ms
[2026-09-07T10:43:12.846+0900][24.156s][info][gc,heap     ] GC(264) Eden regions: 126->0(125)
[2026-09-07T10:43:12.846+0900][24.156s][info][gc,heap     ] GC(264) Survivor regions: 2->3(16)
[2026-09-07T10:43:12.846+0900][24.156s][info][gc,heap     ] GC(264) Old regions: 53->53
[2026-09-07T10:43:12.846+0900][24.156s][info][gc,heap     ] GC(264) Humongous regions: 1->1
[2026-09-07T10:43:12.846+0900][24.156s][info][gc,metaspace] GC(264) Metaspace: 23376K(23872K)->23376K(23872K) NonClass: 20557K(20800K)->20557K(20800K) Class: 2819K(3072K)->2819K(3072K)
[2026-09-07T10:43:12.846+0900][24.156s][info][gc          ] GC(264) Pause Young (Normal) (G1 Evacuation Pause) 363M->112M(428M) 0.674ms
[2026-09-07T10:43:12.846+0900][24.156s][info][gc,cpu      ] GC(264) User=0.01s Sys=0.00s Real=0.00s
[2026-09-07T10:43:12.846+0900][24.156s][info][safepoint   ] Safepoint "G1CollectForAllocation", Time since last: 97230958 ns, Reaching safepoint: 1084 ns, Cleanup: 1416 ns, At safepoint: 689959 ns, Leaving safepoint: 958 ns, Total: 693417 ns
[2026-09-07T10:43:12.941+0900][24.251s][info][gc,start    ] GC(265) Pause Young (Normal) (G1 Evacuation Pause)
[2026-09-07T10:43:12.941+0900][24.251s][info][gc,task     ] GC(265) Using 9 workers of 9 for evacuation
[2026-09-07T10:43:12.941+0900][24.251s][info][gc,phases   ] GC(265)   Pre Evacuate Collection Set: 0.07ms
[2026-09-07T10:43:12.941+0900][24.251s][info][gc,phases   ] GC(265)   Merge Heap Roots: 0.04ms
[2026-09-07T10:43:12.941+0900][24.251s][info][gc,phases   ] GC(265)   Evacuate Collection Set: 0.40ms
[2026-09-07T10:43:12.941+0900][24.251s][info][gc,phases   ] GC(265)   Post Evacuate Collection Set: 0.12ms
[2026-09-07T10:43:12.941+0900][24.251s][info][gc,phases   ] GC(265)   Other: 0.02ms
[2026-09-07T10:43:12.941+0900][24.251s][info][gc,heap     ] GC(265) Eden regions: 125->0(125)
[2026-09-07T10:43:12.941+0900][24.251s][info][gc,heap     ] GC(265) Survivor regions: 3->3(16)
[2026-09-07T10:43:12.941+0900][24.251s][info][gc,heap     ] GC(265) Old regions: 53->53
[2026-09-07T10:43:12.941+0900][24.251s][info][gc,heap     ] GC(265) Humongous regions: 1->1
[2026-09-07T10:43:12.941+0900][24.251s][info][gc,metaspace] GC(265) Metaspace: 23376K(23872K)->23376K(23872K) NonClass: 20557K(20800K)->20557K(20800K) Class: 2819K(3072K)->2819K(3072K)
[2026-09-07T10:43:12.941+0900][24.251s][info][gc          ] GC(265) Pause Young (Normal) (G1 Evacuation Pause) 362M->112M(428M) 0.729ms
[2026-09-07T10:43:12.941+0900][24.251s][info][gc,cpu      ] GC(265) User=0.00s Sys=0.00s Real=0.00s
[2026-09-07T10:43:12.941+0900][24.251s][info][safepoint   ] Safepoint "G1CollectForAllocation", Time since last: 94235000 ns, Reaching safepoint: 1000 ns, Cleanup: 917 ns, At safepoint: 742583 ns, Leaving safepoint: 1083 ns, Total: 745583 ns
[2026-09-07T10:43:13.038+0900][24.348s][info][gc,start    ] GC(266) Pause Young (Normal) (G1 Evacuation Pause)
[2026-09-07T10:43:13.038+0900][24.348s][info][gc,task     ] GC(266) Using 9 workers of 9 for evacuation
[2026-09-07T10:43:13.038+0900][24.348s][info][gc,phases   ] GC(266)   Pre Evacuate Collection Set: 0.05ms
[2026-09-07T10:43:13.038+0900][24.348s][info][gc,phases   ] GC(266)   Merge Heap Roots: 0.03ms
[2026-09-07T10:43:13.038+0900][24.348s][info][gc,phases   ] GC(266)   Evacuate Collection Set: 0.46ms
[2026-09-07T10:43:13.038+0900][24.348s][info][gc,phases   ] GC(266)   Post Evacuate Collection Set: 0.12ms
[2026-09-07T10:43:13.038+0900][24.349s][info][gc,phases   ] GC(266)   Other: 0.02ms
[2026-09-07T10:43:13.038+0900][24.349s][info][gc,heap     ] GC(266) Eden regions: 125->0(125)
[2026-09-07T10:43:13.038+0900][24.349s][info][gc,heap     ] GC(266) Survivor regions: 3->3(16)
[2026-09-07T10:43:13.038+0900][24.349s][info][gc,heap     ] GC(266) Old regions: 53->53
[2026-09-07T10:43:13.038+0900][24.349s][info][gc,heap     ] GC(266) Humongous regions: 1->1
[2026-09-07T10:43:13.038+0900][24.349s][info][gc,metaspace] GC(266) Metaspace: 23376K(23872K)->23376K(23872K) NonClass: 20557K(20800K)->20557K(20800K) Class: 2819K(3072K)->2819K(3072K)
[2026-09-07T10:43:13.038+0900][24.349s][info][gc          ] GC(266) Pause Young (Normal) (G1 Evacuation Pause) 362M->113M(428M) 0.750ms
[2026-09-07T10:43:13.038+0900][24.349s][info][gc,cpu      ] GC(266) User=0.00s Sys=0.00s Real=0.00s
[2026-09-07T10:43:13.038+0900][24.349s][info][safepoint   ] Safepoint "G1CollectForAllocation", Time since last: 96371334 ns, Reaching safepoint: 1416 ns, Cleanup: 1959 ns, At safepoint: 766666 ns, Leaving safepoint: 1459 ns, Total: 771500 ns
[2026-09-07T10:43:13.133+0900][24.443s][info][gc,start    ] GC(267) Pause Young (Normal) (G1 Evacuation Pause)
[2026-09-07T10:43:13.133+0900][24.443s][info][gc,task     ] GC(267) Using 9 workers of 9 for evacuation
[2026-09-07T10:43:13.133+0900][24.444s][info][gc,phases   ] GC(267)   Pre Evacuate Collection Set: 0.08ms
[2026-09-07T10:43:13.133+0900][24.444s][info][gc,phases   ] GC(267)   Merge Heap Roots: 0.02ms
[2026-09-07T10:43:13.133+0900][24.444s][info][gc,phases   ] GC(267)   Evacuate Collection Set: 0.52ms
[2026-09-07T10:43:13.133+0900][24.444s][info][gc,phases   ] GC(267)   Post Evacuate Collection Set: 0.11ms
[2026-09-07T10:43:13.133+0900][24.444s][info][gc,phases   ] GC(267)   Other: 0.02ms
[2026-09-07T10:43:13.133+0900][24.444s][info][gc,heap     ] GC(267) Eden regions: 125->0(124)
[2026-09-07T10:43:13.133+0900][24.444s][info][gc,heap     ] GC(267) Survivor regions: 3->4(16)
[2026-09-07T10:43:13.133+0900][24.444s][info][gc,heap     ] GC(267) Old regions: 53->53
[2026-09-07T10:43:13.133+0900][24.444s][info][gc,heap     ] GC(267) Humongous regions: 1->1
[2026-09-07T10:43:13.133+0900][24.444s][info][gc,metaspace] GC(267) Metaspace: 23376K(23872K)->23376K(23872K) NonClass: 20557K(20800K)->20557K(20800K) Class: 2819K(3072K)->2819K(3072K)
[2026-09-07T10:43:13.133+0900][24.444s][info][gc          ] GC(267) Pause Young (Normal) (G1 Evacuation Pause) 363M->114M(428M) 0.813ms
[2026-09-07T10:43:13.133+0900][24.444s][info][gc,cpu      ] GC(267) User=0.00s Sys=0.00s Real=0.00s
[2026-09-07T10:43:13.133+0900][24.444s][info][safepoint   ] Safepoint "G1CollectForAllocation", Time since last: 94214166 ns, Reaching safepoint: 875 ns, Cleanup: 1959 ns, At safepoint: 825458 ns, Leaving safepoint: 958 ns, Total: 829250 ns
[2026-09-07T10:43:13.227+0900][24.537s][info][gc,start    ] GC(268) Pause Young (Normal) (G1 Evacuation Pause)
[2026-09-07T10:43:13.227+0900][24.537s][info][gc,task     ] GC(268) Using 9 workers of 9 for evacuation
[2026-09-07T10:43:13.228+0900][24.538s][info][gc,phases   ] GC(268)   Pre Evacuate Collection Set: 0.07ms
[2026-09-07T10:43:13.228+0900][24.538s][info][gc,phases   ] GC(268)   Merge Heap Roots: 0.04ms
[2026-09-07T10:43:13.228+0900][24.538s][info][gc,phases   ] GC(268)   Evacuate Collection Set: 0.57ms
[2026-09-07T10:43:13.228+0900][24.538s][info][gc,phases   ] GC(268)   Post Evacuate Collection Set: 0.12ms
[2026-09-07T10:43:13.228+0900][24.538s][info][gc,phases   ] GC(268)   Other: 0.02ms
[2026-09-07T10:43:13.228+0900][24.538s][info][gc,heap     ] GC(268) Eden regions: 124->0(124)
[2026-09-07T10:43:13.228+0900][24.538s][info][gc,heap     ] GC(268) Survivor regions: 4->4(16)
[2026-09-07T10:43:13.228+0900][24.538s][info][gc,heap     ] GC(268) Old regions: 53->53
[2026-09-07T10:43:13.228+0900][24.538s][info][gc,heap     ] GC(268) Humongous regions: 1->1
[2026-09-07T10:43:13.228+0900][24.538s][info][gc,metaspace] GC(268) Metaspace: 23376K(23872K)->23376K(23872K) NonClass: 20557K(20800K)->20557K(20800K) Class: 2819K(3072K)->2819K(3072K)
[2026-09-07T10:43:13.228+0900][24.538s][info][gc          ] GC(268) Pause Young (Normal) (G1 Evacuation Pause) 362M->114M(428M) 0.892ms
[2026-09-07T10:43:13.228+0900][24.538s][info][gc,cpu      ] GC(268) User=0.00s Sys=0.00s Real=0.00s
[2026-09-07T10:43:13.228+0900][24.538s][info][safepoint   ] Safepoint "G1CollectForAllocation", Time since last: 93268417 ns, Reaching safepoint: 917 ns, Cleanup: 1458 ns, At safepoint: 905125 ns, Leaving safepoint: 1000 ns, Total: 908500 ns
[2026-09-07T10:43:13.321+0900][24.631s][info][gc,start    ] GC(269) Pause Young (Normal) (G1 Evacuation Pause)
[2026-09-07T10:43:13.321+0900][24.631s][info][gc,task     ] GC(269) Using 9 workers of 9 for evacuation
[2026-09-07T10:43:13.322+0900][24.632s][info][gc,phases   ] GC(269)   Pre Evacuate Collection Set: 0.07ms
[2026-09-07T10:43:13.322+0900][24.632s][info][gc,phases   ] GC(269)   Merge Heap Roots: 0.03ms
[2026-09-07T10:43:13.322+0900][24.632s][info][gc,phases   ] GC(269)   Evacuate Collection Set: 0.18ms
[2026-09-07T10:43:13.322+0900][24.632s][info][gc,phases   ] GC(269)   Post Evacuate Collection Set: 0.13ms
[2026-09-07T10:43:13.322+0900][24.632s][info][gc,phases   ] GC(269)   Other: 0.02ms
[2026-09-07T10:43:13.322+0900][24.632s][info][gc,heap     ] GC(269) Eden regions: 124->0(127)
[2026-09-07T10:43:13.322+0900][24.632s][info][gc,heap     ] GC(269) Survivor regions: 4->1(16)
[2026-09-07T10:43:13.322+0900][24.632s][info][gc,heap     ] GC(269) Old regions: 53->53
[2026-09-07T10:43:13.322+0900][24.632s][info][gc,heap     ] GC(269) Humongous regions: 1->1
[2026-09-07T10:43:13.322+0900][24.632s][info][gc,metaspace] GC(269) Metaspace: 23376K(23872K)->23376K(23872K) NonClass: 20557K(20800K)->20557K(20800K) Class: 2819K(3072K)->2819K(3072K)
[2026-09-07T10:43:13.322+0900][24.632s][info][gc          ] GC(269) Pause Young (Normal) (G1 Evacuation Pause) 362M->109M(428M) 0.506ms
[2026-09-07T10:43:13.322+0900][24.632s][info][gc,cpu      ] GC(269) User=0.01s Sys=0.00s Real=0.00s
[2026-09-07T10:43:13.322+0900][24.632s][info][safepoint   ] Safepoint "G1CollectForAllocation", Time since last: 93552292 ns, Reaching safepoint: 1041 ns, Cleanup: 375 ns, At safepoint: 520334 ns, Leaving safepoint: 1083 ns, Total: 522833 ns
[2026-09-07T10:43:13.418+0900][24.728s][info][gc,start    ] GC(270) Pause Young (Normal) (G1 Evacuation Pause)
[2026-09-07T10:43:13.418+0900][24.728s][info][gc,task     ] GC(270) Using 9 workers of 9 for evacuation
[2026-09-07T10:43:13.418+0900][24.728s][info][gc,phases   ] GC(270)   Pre Evacuate Collection Set: 0.07ms
[2026-09-07T10:43:13.418+0900][24.728s][info][gc,phases   ] GC(270)   Merge Heap Roots: 0.02ms
[2026-09-07T10:43:13.418+0900][24.728s][info][gc,phases   ] GC(270)   Evacuate Collection Set: 0.32ms
[2026-09-07T10:43:13.418+0900][24.728s][info][gc,phases   ] GC(270)   Post Evacuate Collection Set: 0.11ms
[2026-09-07T10:43:13.418+0900][24.728s][info][gc,phases   ] GC(270)   Other: 0.02ms
[2026-09-07T10:43:13.418+0900][24.728s][info][gc,heap     ] GC(270) Eden regions: 127->0(126)
[2026-09-07T10:43:13.418+0900][24.728s][info][gc,heap     ] GC(270) Survivor regions: 1->2(16)
[2026-09-07T10:43:13.418+0900][24.728s][info][gc,heap     ] GC(270) Old regions: 53->53
[2026-09-07T10:43:13.418+0900][24.728s][info][gc,heap     ] GC(270) Humongous regions: 1->1
[2026-09-07T10:43:13.418+0900][24.728s][info][gc,metaspace] GC(270) Metaspace: 23376K(23872K)->23376K(23872K) NonClass: 20557K(20800K)->20557K(20800K) Class: 2819K(3072K)->2819K(3072K)
[2026-09-07T10:43:13.418+0900][24.728s][info][gc          ] GC(270) Pause Young (Normal) (G1 Evacuation Pause) 363M->110M(428M) 0.612ms
[2026-09-07T10:43:13.418+0900][24.728s][info][gc,cpu      ] GC(270) User=0.00s Sys=0.00s Real=0.00s
[2026-09-07T10:43:13.418+0900][24.728s][info][safepoint   ] Safepoint "G1CollectForAllocation", Time since last: 95990875 ns, Reaching safepoint: 875 ns, Cleanup: 667 ns, At safepoint: 626833 ns, Leaving safepoint: 1042 ns, Total: 629417 ns
[2026-09-07T10:43:13.514+0900][24.824s][info][gc,start    ] GC(271) Pause Young (Normal) (G1 Evacuation Pause)
[2026-09-07T10:43:13.514+0900][24.824s][info][gc,task     ] GC(271) Using 9 workers of 9 for evacuation
[2026-09-07T10:43:13.514+0900][24.825s][info][gc,phases   ] GC(271)   Pre Evacuate Collection Set: 0.06ms
[2026-09-07T10:43:13.514+0900][24.825s][info][gc,phases   ] GC(271)   Merge Heap Roots: 0.03ms
[2026-09-07T10:43:13.514+0900][24.825s][info][gc,phases   ] GC(271)   Evacuate Collection Set: 0.49ms
[2026-09-07T10:43:13.514+0900][24.825s][info][gc,phases   ] GC(271)   Post Evacuate Collection Set: 0.12ms
[2026-09-07T10:43:13.514+0900][24.825s][info][gc,phases   ] GC(271)   Other: 0.02ms
[2026-09-07T10:43:13.514+0900][24.825s][info][gc,heap     ] GC(271) Eden regions: 126->0(125)
[2026-09-07T10:43:13.514+0900][24.825s][info][gc,heap     ] GC(271) Survivor regions: 2->3(16)
[2026-09-07T10:43:13.514+0900][24.825s][info][gc,heap     ] GC(271) Old regions: 53->53
[2026-09-07T10:43:13.514+0900][24.825s][info][gc,heap     ] GC(271) Humongous regions: 1->1
[2026-09-07T10:43:13.514+0900][24.825s][info][gc,metaspace] GC(271) Metaspace: 23376K(23872K)->23376K(23872K) NonClass: 20557K(20800K)->20557K(20800K) Class: 2819K(3072K)->2819K(3072K)
[2026-09-07T10:43:13.514+0900][24.825s][info][gc          ] GC(271) Pause Young (Normal) (G1 Evacuation Pause) 362M->113M(428M) 0.805ms
[2026-09-07T10:43:13.514+0900][24.825s][info][gc,cpu      ] GC(271) User=0.00s Sys=0.00s Real=0.00s
[2026-09-07T10:43:13.514+0900][24.825s][info][safepoint   ] Safepoint "G1CollectForAllocation", Time since last: 95352333 ns, Reaching safepoint: 1000 ns, Cleanup: 625 ns, At safepoint: 818375 ns, Leaving safepoint: 1167 ns, Total: 821167 ns
[2026-09-07T10:43:13.609+0900][24.920s][info][gc,start    ] GC(272) Pause Young (Normal) (G1 Evacuation Pause)
[2026-09-07T10:43:13.609+0900][24.920s][info][gc,task     ] GC(272) Using 9 workers of 9 for evacuation
[2026-09-07T10:43:13.610+0900][24.920s][info][gc,phases   ] GC(272)   Pre Evacuate Collection Set: 0.07ms
[2026-09-07T10:43:13.610+0900][24.920s][info][gc,phases   ] GC(272)   Merge Heap Roots: 0.04ms
[2026-09-07T10:43:13.610+0900][24.920s][info][gc,phases   ] GC(272)   Evacuate Collection Set: 0.63ms
[2026-09-07T10:43:13.610+0900][24.920s][info][gc,phases   ] GC(272)   Post Evacuate Collection Set: 0.11ms
[2026-09-07T10:43:13.610+0900][24.920s][info][gc,phases   ] GC(272)   Other: 0.02ms
[2026-09-07T10:43:13.610+0900][24.920s][info][gc,heap     ] GC(272) Eden regions: 125->0(124)
[2026-09-07T10:43:13.610+0900][24.920s][info][gc,heap     ] GC(272) Survivor regions: 3->4(16)
[2026-09-07T10:43:13.610+0900][24.920s][info][gc,heap     ] GC(272) Old regions: 53->53
[2026-09-07T10:43:13.610+0900][24.921s][info][gc,heap     ] GC(272) Humongous regions: 1->1
[2026-09-07T10:43:13.610+0900][24.921s][info][gc,metaspace] GC(272) Metaspace: 23376K(23872K)->23376K(23872K) NonClass: 20557K(20800K)->20557K(20800K) Class: 2819K(3072K)->2819K(3072K)
[2026-09-07T10:43:13.610+0900][24.921s][info][gc          ] GC(272) Pause Young (Normal) (G1 Evacuation Pause) 363M->115M(428M) 0.954ms
[2026-09-07T10:43:13.610+0900][24.921s][info][gc,cpu      ] GC(272) User=0.01s Sys=0.00s Real=0.01s
[2026-09-07T10:43:13.610+0900][24.921s][info][safepoint   ] Safepoint "G1CollectForAllocation", Time since last: 94920250 ns, Reaching safepoint: 1291 ns, Cleanup: 2625 ns, At safepoint: 968209 ns, Leaving safepoint: 1666 ns, Total: 973791 ns
[2026-09-07T10:43:13.705+0900][25.015s][info][gc,start    ] GC(273) Pause Young (Normal) (G1 Evacuation Pause)
[2026-09-07T10:43:13.705+0900][25.015s][info][gc,task     ] GC(273) Using 9 workers of 9 for evacuation
[2026-09-07T10:43:13.706+0900][25.016s][info][gc,phases   ] GC(273)   Pre Evacuate Collection Set: 0.05ms
[2026-09-07T10:43:13.706+0900][25.016s][info][gc,phases   ] GC(273)   Merge Heap Roots: 0.04ms
[2026-09-07T10:43:13.706+0900][25.016s][info][gc,phases   ] GC(273)   Evacuate Collection Set: 0.31ms
[2026-09-07T10:43:13.706+0900][25.016s][info][gc,phases   ] GC(273)   Post Evacuate Collection Set: 0.11ms
[2026-09-07T10:43:13.706+0900][25.016s][info][gc,phases   ] GC(273)   Other: 0.02ms
[2026-09-07T10:43:13.706+0900][25.016s][info][gc,heap     ] GC(273) Eden regions: 124->0(126)
[2026-09-07T10:43:13.706+0900][25.016s][info][gc,heap     ] GC(273) Survivor regions: 4->2(16)
[2026-09-07T10:43:13.706+0900][25.016s][info][gc,heap     ] GC(273) Old regions: 53->53
[2026-09-07T10:43:13.706+0900][25.016s][info][gc,heap     ] GC(273) Humongous regions: 1->1
[2026-09-07T10:43:13.706+0900][25.016s][info][gc,metaspace] GC(273) Metaspace: 23376K(23872K)->23376K(23872K) NonClass: 20557K(20800K)->20557K(20800K) Class: 2819K(3072K)->2819K(3072K)
[2026-09-07T10:43:13.706+0900][25.016s][info][gc          ] GC(273) Pause Young (Normal) (G1 Evacuation Pause) 363M->111M(428M) 0.599ms
[2026-09-07T10:43:13.706+0900][25.016s][info][gc,cpu      ] GC(273) User=0.00s Sys=0.00s Real=0.00s
[2026-09-07T10:43:13.706+0900][25.016s][info][safepoint   ] Safepoint "G1CollectForAllocation", Time since last: 94726542 ns, Reaching safepoint: 1167 ns, Cleanup: 875 ns, At safepoint: 612500 ns, Leaving safepoint: 1000 ns, Total: 615542 ns
[2026-09-07T10:43:13.802+0900][25.112s][info][gc,start    ] GC(274) Pause Young (Normal) (G1 Evacuation Pause)
[2026-09-07T10:43:13.802+0900][25.112s][info][gc,task     ] GC(274) Using 9 workers of 9 for evacuation
[2026-09-07T10:43:13.803+0900][25.113s][info][gc,phases   ] GC(274)   Pre Evacuate Collection Set: 0.08ms
[2026-09-07T10:43:13.803+0900][25.113s][info][gc,phases   ] GC(274)   Merge Heap Roots: 0.03ms
[2026-09-07T10:43:13.803+0900][25.113s][info][gc,phases   ] GC(274)   Evacuate Collection Set: 0.60ms
[2026-09-07T10:43:13.803+0900][25.113s][info][gc,phases   ] GC(274)   Post Evacuate Collection Set: 0.11ms
[2026-09-07T10:43:13.803+0900][25.113s][info][gc,phases   ] GC(274)   Other: 0.02ms
[2026-09-07T10:43:13.803+0900][25.113s][info][gc,heap     ] GC(274) Eden regions: 126->0(124)
[2026-09-07T10:43:13.803+0900][25.113s][info][gc,heap     ] GC(274) Survivor regions: 2->4(16)
[2026-09-07T10:43:13.803+0900][25.113s][info][gc,heap     ] GC(274) Old regions: 53->53
[2026-09-07T10:43:13.803+0900][25.113s][info][gc,heap     ] GC(274) Humongous regions: 1->1
[2026-09-07T10:43:13.803+0900][25.113s][info][gc,metaspace] GC(274) Metaspace: 23377K(23872K)->23377K(23872K) NonClass: 20558K(20800K)->20558K(20800K) Class: 2819K(3072K)->2819K(3072K)
[2026-09-07T10:43:13.803+0900][25.113s][info][gc          ] GC(274) Pause Young (Normal) (G1 Evacuation Pause) 363M->115M(428M) 0.918ms
[2026-09-07T10:43:13.803+0900][25.113s][info][gc,cpu      ] GC(274) User=0.00s Sys=0.00s Real=0.00s
[2026-09-07T10:43:13.803+0900][25.113s][info][safepoint   ] Safepoint "G1CollectForAllocation", Time since last: 95913041 ns, Reaching safepoint: 1542 ns, Cleanup: 1417 ns, At safepoint: 932791 ns, Leaving safepoint: 1084 ns, Total: 936834 ns
[2026-09-07T10:43:13.896+0900][25.207s][info][gc,start    ] GC(275) Pause Young (Normal) (G1 Evacuation Pause)
[2026-09-07T10:43:13.896+0900][25.207s][info][gc,task     ] GC(275) Using 9 workers of 9 for evacuation
[2026-09-07T10:43:13.897+0900][25.207s][info][gc,phases   ] GC(275)   Pre Evacuate Collection Set: 0.07ms
[2026-09-07T10:43:13.897+0900][25.207s][info][gc,phases   ] GC(275)   Merge Heap Roots: 0.02ms
[2026-09-07T10:43:13.897+0900][25.207s][info][gc,phases   ] GC(275)   Evacuate Collection Set: 0.36ms
[2026-09-07T10:43:13.897+0900][25.207s][info][gc,phases   ] GC(275)   Post Evacuate Collection Set: 0.12ms
[2026-09-07T10:43:13.897+0900][25.207s][info][gc,phases   ] GC(275)   Other: 0.02ms
[2026-09-07T10:43:13.897+0900][25.207s][info][gc,heap     ] GC(275) Eden regions: 124->0(126)
[2026-09-07T10:43:13.897+0900][25.207s][info][gc,heap     ] GC(275) Survivor regions: 4->2(16)
[2026-09-07T10:43:13.897+0900][25.207s][info][gc,heap     ] GC(275) Old regions: 53->53
[2026-09-07T10:43:13.897+0900][25.207s][info][gc,heap     ] GC(275) Humongous regions: 1->1
[2026-09-07T10:43:13.897+0900][25.207s][info][gc,metaspace] GC(275) Metaspace: 23377K(23872K)->23377K(23872K) NonClass: 20558K(20800K)->20558K(20800K) Class: 2819K(3072K)->2819K(3072K)
[2026-09-07T10:43:13.897+0900][25.207s][info][gc          ] GC(275) Pause Young (Normal) (G1 Evacuation Pause) 363M->111M(428M) 0.656ms
[2026-09-07T10:43:13.897+0900][25.207s][info][gc,cpu      ] GC(275) User=0.00s Sys=0.01s Real=0.00s
[2026-09-07T10:43:13.897+0900][25.207s][info][safepoint   ] Safepoint "G1CollectForAllocation", Time since last: 93873291 ns, Reaching safepoint: 834 ns, Cleanup: 666 ns, At safepoint: 671584 ns, Leaving safepoint: 1416 ns, Total: 674500 ns
[2026-09-07T10:43:13.991+0900][25.302s][info][gc,start    ] GC(276) Pause Young (Normal) (G1 Evacuation Pause)
[2026-09-07T10:43:13.992+0900][25.302s][info][gc,task     ] GC(276) Using 9 workers of 9 for evacuation
[2026-09-07T10:43:13.992+0900][25.302s][info][gc,phases   ] GC(276)   Pre Evacuate Collection Set: 0.07ms
[2026-09-07T10:43:13.992+0900][25.302s][info][gc,phases   ] GC(276)   Merge Heap Roots: 0.04ms
[2026-09-07T10:43:13.992+0900][25.302s][info][gc,phases   ] GC(276)   Evacuate Collection Set: 0.19ms
[2026-09-07T10:43:13.992+0900][25.302s][info][gc,phases   ] GC(276)   Post Evacuate Collection Set: 0.12ms
[2026-09-07T10:43:13.992+0900][25.302s][info][gc,phases   ] GC(276)   Other: 0.02ms
[2026-09-07T10:43:13.992+0900][25.302s][info][gc,heap     ] GC(276) Eden regions: 126->0(127)
[2026-09-07T10:43:13.992+0900][25.302s][info][gc,heap     ] GC(276) Survivor regions: 2->1(16)
[2026-09-07T10:43:13.992+0900][25.302s][info][gc,heap     ] GC(276) Old regions: 53->53
[2026-09-07T10:43:13.992+0900][25.302s][info][gc,heap     ] GC(276) Humongous regions: 1->1
[2026-09-07T10:43:13.992+0900][25.302s][info][gc,metaspace] GC(276) Metaspace: 23377K(23872K)->23377K(23872K) NonClass: 20558K(20800K)->20558K(20800K) Class: 2819K(3072K)->2819K(3072K)
[2026-09-07T10:43:13.992+0900][25.302s][info][gc          ] GC(276) Pause Young (Normal) (G1 Evacuation Pause) 363M->109M(428M) 0.505ms
[2026-09-07T10:43:13.992+0900][25.302s][info][gc,cpu      ] GC(276) User=0.00s Sys=0.00s Real=0.00s
[2026-09-07T10:43:13.992+0900][25.302s][info][safepoint   ] Safepoint "G1CollectForAllocation", Time since last: 94350959 ns, Reaching safepoint: 916 ns, Cleanup: 709 ns, At safepoint: 517458 ns, Leaving safepoint: 1000 ns, Total: 520083 ns
[2026-09-07T10:43:14.088+0900][25.399s][info][gc,start    ] GC(277) Pause Young (Normal) (G1 Evacuation Pause)
[2026-09-07T10:43:14.088+0900][25.399s][info][gc,task     ] GC(277) Using 9 workers of 9 for evacuation
[2026-09-07T10:43:14.089+0900][25.399s][info][gc,phases   ] GC(277)   Pre Evacuate Collection Set: 0.08ms
[2026-09-07T10:43:14.089+0900][25.399s][info][gc,phases   ] GC(277)   Merge Heap Roots: 0.04ms
[2026-09-07T10:43:14.089+0900][25.399s][info][gc,phases   ] GC(277)   Evacuate Collection Set: 0.62ms
[2026-09-07T10:43:14.089+0900][25.399s][info][gc,phases   ] GC(277)   Post Evacuate Collection Set: 0.13ms
[2026-09-07T10:43:14.089+0900][25.399s][info][gc,phases   ] GC(277)   Other: 0.02ms
[2026-09-07T10:43:14.089+0900][25.399s][info][gc,heap     ] GC(277) Eden regions: 127->0(124)
[2026-09-07T10:43:14.089+0900][25.399s][info][gc,heap     ] GC(277) Survivor regions: 1->4(16)
[2026-09-07T10:43:14.089+0900][25.399s][info][gc,heap     ] GC(277) Old regions: 53->53
[2026-09-07T10:43:14.089+0900][25.399s][info][gc,heap     ] GC(277) Humongous regions: 1->1
[2026-09-07T10:43:14.089+0900][25.399s][info][gc,metaspace] GC(277) Metaspace: 23377K(23872K)->23377K(23872K) NonClass: 20558K(20800K)->20558K(20800K) Class: 2819K(3072K)->2819K(3072K)
[2026-09-07T10:43:14.089+0900][25.399s][info][gc          ] GC(277) Pause Young (Normal) (G1 Evacuation Pause) 363M->115M(428M) 0.946ms
[2026-09-07T10:43:14.089+0900][25.399s][info][gc,cpu      ] GC(277) User=0.01s Sys=0.00s Real=0.00s
[2026-09-07T10:43:14.089+0900][25.399s][info][safepoint   ] Safepoint "G1CollectForAllocation", Time since last: 96398000 ns, Reaching safepoint: 833 ns, Cleanup: 625 ns, At safepoint: 961375 ns, Leaving safepoint: 1209 ns, Total: 964042 ns
[2026-09-07T10:43:14.181+0900][25.491s][info][gc,start    ] GC(278) Pause Young (Normal) (G1 Evacuation Pause)
[2026-09-07T10:43:14.181+0900][25.491s][info][gc,task     ] GC(278) Using 9 workers of 9 for evacuation
[2026-09-07T10:43:14.182+0900][25.492s][info][gc,phases   ] GC(278)   Pre Evacuate Collection Set: 0.07ms
[2026-09-07T10:43:14.182+0900][25.492s][info][gc,phases   ] GC(278)   Merge Heap Roots: 0.05ms
[2026-09-07T10:43:14.182+0900][25.492s][info][gc,phases   ] GC(278)   Evacuate Collection Set: 0.61ms
[2026-09-07T10:43:14.182+0900][25.492s][info][gc,phases   ] GC(278)   Post Evacuate Collection Set: 0.12ms
[2026-09-07T10:43:14.182+0900][25.492s][info][gc,phases   ] GC(278)   Other: 0.02ms
[2026-09-07T10:43:14.182+0900][25.492s][info][gc,heap     ] GC(278) Eden regions: 124->0(124)
[2026-09-07T10:43:14.182+0900][25.492s][info][gc,heap     ] GC(278) Survivor regions: 4->4(16)
[2026-09-07T10:43:14.182+0900][25.492s][info][gc,heap     ] GC(278) Old regions: 53->53
[2026-09-07T10:43:14.182+0900][25.492s][info][gc,heap     ] GC(278) Humongous regions: 1->1
[2026-09-07T10:43:14.182+0900][25.492s][info][gc,metaspace] GC(278) Metaspace: 23377K(23872K)->23377K(23872K) NonClass: 20558K(20800K)->20558K(20800K) Class: 2819K(3072K)->2819K(3072K)
[2026-09-07T10:43:14.182+0900][25.492s][info][gc          ] GC(278) Pause Young (Normal) (G1 Evacuation Pause) 363M->115M(428M) 0.947ms
[2026-09-07T10:43:14.182+0900][25.492s][info][gc,cpu      ] GC(278) User=0.01s Sys=0.00s Real=0.00s
[2026-09-07T10:43:14.182+0900][25.492s][info][safepoint   ] Safepoint "G1CollectForAllocation", Time since last: 91335041 ns, Reaching safepoint: 959 ns, Cleanup: 833 ns, At safepoint: 961708 ns, Leaving safepoint: 1042 ns, Total: 964542 ns
[2026-09-07T10:43:14.274+0900][25.584s][info][gc,start    ] GC(279) Pause Young (Normal) (G1 Evacuation Pause)
[2026-09-07T10:43:14.274+0900][25.584s][info][gc,task     ] GC(279) Using 9 workers of 9 for evacuation
[2026-09-07T10:43:14.275+0900][25.585s][info][gc,phases   ] GC(279)   Pre Evacuate Collection Set: 0.08ms
[2026-09-07T10:43:14.275+0900][25.585s][info][gc,phases   ] GC(279)   Merge Heap Roots: 0.02ms
[2026-09-07T10:43:14.275+0900][25.585s][info][gc,phases   ] GC(279)   Evacuate Collection Set: 0.65ms
[2026-09-07T10:43:14.275+0900][25.585s][info][gc,phases   ] GC(279)   Post Evacuate Collection Set: 0.12ms
[2026-09-07T10:43:14.275+0900][25.585s][info][gc,phases   ] GC(279)   Other: 0.02ms
[2026-09-07T10:43:14.275+0900][25.585s][info][gc,heap     ] GC(279) Eden regions: 124->0(123)
[2026-09-07T10:43:14.275+0900][25.585s][info][gc,heap     ] GC(279) Survivor regions: 4->5(16)
[2026-09-07T10:43:14.275+0900][25.585s][info][gc,heap     ] GC(279) Old regions: 53->53
[2026-09-07T10:43:14.275+0900][25.585s][info][gc,heap     ] GC(279) Humongous regions: 1->1
[2026-09-07T10:43:14.275+0900][25.585s][info][gc,metaspace] GC(279) Metaspace: 23377K(23872K)->23377K(23872K) NonClass: 20558K(20800K)->20558K(20800K) Class: 2819K(3072K)->2819K(3072K)
[2026-09-07T10:43:14.275+0900][25.585s][info][gc          ] GC(279) Pause Young (Normal) (G1 Evacuation Pause) 363M->116M(428M) 0.951ms
[2026-09-07T10:43:14.275+0900][25.585s][info][gc,cpu      ] GC(279) User=0.00s Sys=0.00s Real=0.00s
[2026-09-07T10:43:14.275+0900][25.585s][info][safepoint   ] Safepoint "G1CollectForAllocation", Time since last: 92632208 ns, Reaching safepoint: 1000 ns, Cleanup: 917 ns, At safepoint: 962167 ns, Leaving safepoint: 1541 ns, Total: 965625 ns
[2026-09-07T10:43:14.367+0900][25.677s][info][gc,start    ] GC(280) Pause Young (Normal) (G1 Evacuation Pause)
[2026-09-07T10:43:14.367+0900][25.677s][info][gc,task     ] GC(280) Using 9 workers of 9 for evacuation
[2026-09-07T10:43:14.368+0900][25.678s][info][gc,phases   ] GC(280)   Pre Evacuate Collection Set: 0.05ms
[2026-09-07T10:43:14.368+0900][25.678s][info][gc,phases   ] GC(280)   Merge Heap Roots: 0.03ms
[2026-09-07T10:43:14.368+0900][25.678s][info][gc,phases   ] GC(280)   Evacuate Collection Set: 0.38ms
[2026-09-07T10:43:14.368+0900][25.678s][info][gc,phases   ] GC(280)   Post Evacuate Collection Set: 0.13ms
[2026-09-07T10:43:14.368+0900][25.678s][info][gc,phases   ] GC(280)   Other: 0.02ms
[2026-09-07T10:43:14.368+0900][25.678s][info][gc,heap     ] GC(280) Eden regions: 123->0(125)
[2026-09-07T10:43:14.368+0900][25.678s][info][gc,heap     ] GC(280) Survivor regions: 5->3(16)
[2026-09-07T10:43:14.368+0900][25.678s][info][gc,heap     ] GC(280) Old regions: 53->53
[2026-09-07T10:43:14.368+0900][25.678s][info][gc,heap     ] GC(280) Humongous regions: 1->1
[2026-09-07T10:43:14.368+0900][25.678s][info][gc,metaspace] GC(280) Metaspace: 23380K(23872K)->23380K(23872K) NonClass: 20560K(20800K)->20560K(20800K) Class: 2819K(3072K)->2819K(3072K)
[2026-09-07T10:43:14.368+0900][25.678s][info][gc          ] GC(280) Pause Young (Normal) (G1 Evacuation Pause) 362M->112M(428M) 0.677ms
[2026-09-07T10:43:14.368+0900][25.678s][info][gc,cpu      ] GC(280) User=0.00s Sys=0.00s Real=0.00s
[2026-09-07T10:43:14.368+0900][25.678s][info][safepoint   ] Safepoint "G1CollectForAllocation", Time since last: 91718375 ns, Reaching safepoint: 1042 ns, Cleanup: 2292 ns, At safepoint: 690375 ns, Leaving safepoint: 1458 ns, Total: 695167 ns
[2026-09-07T10:43:14.459+0900][25.769s][info][gc,start    ] GC(281) Pause Young (Normal) (G1 Evacuation Pause)
[2026-09-07T10:43:14.459+0900][25.769s][info][gc,task     ] GC(281) Using 9 workers of 9 for evacuation
[2026-09-07T10:43:14.460+0900][25.770s][info][gc,phases   ] GC(281)   Pre Evacuate Collection Set: 0.06ms
[2026-09-07T10:43:14.460+0900][25.770s][info][gc,phases   ] GC(281)   Merge Heap Roots: 0.02ms
[2026-09-07T10:43:14.460+0900][25.770s][info][gc,phases   ] GC(281)   Evacuate Collection Set: 0.28ms
[2026-09-07T10:43:14.460+0900][25.770s][info][gc,phases   ] GC(281)   Post Evacuate Collection Set: 0.12ms
[2026-09-07T10:43:14.460+0900][25.770s][info][gc,phases   ] GC(281)   Other: 0.01ms
[2026-09-07T10:43:14.460+0900][25.770s][info][gc,heap     ] GC(281) Eden regions: 125->0(126)
[2026-09-07T10:43:14.460+0900][25.770s][info][gc,heap     ] GC(281) Survivor regions: 3->2(16)
[2026-09-07T10:43:14.460+0900][25.770s][info][gc,heap     ] GC(281) Old regions: 53->53
[2026-09-07T10:43:14.460+0900][25.770s][info][gc,heap     ] GC(281) Humongous regions: 1->1
[2026-09-07T10:43:14.460+0900][25.770s][info][gc,metaspace] GC(281) Metaspace: 23381K(23872K)->23381K(23872K) NonClass: 20562K(20800K)->20562K(20800K) Class: 2819K(3072K)->2819K(3072K)
[2026-09-07T10:43:14.460+0900][25.770s][info][gc          ] GC(281) Pause Young (Normal) (G1 Evacuation Pause) 362M->110M(428M) 0.563ms
[2026-09-07T10:43:14.460+0900][25.770s][info][gc,cpu      ] GC(281) User=0.00s Sys=0.00s Real=0.01s
[2026-09-07T10:43:14.460+0900][25.770s][info][safepoint   ] Safepoint "G1CollectForAllocation", Time since last: 91398417 ns, Reaching safepoint: 833 ns, Cleanup: 500 ns, At safepoint: 576667 ns, Leaving safepoint: 958 ns, Total: 578958 ns
[2026-09-07T10:43:14.551+0900][25.861s][info][gc,start    ] GC(282) Pause Young (Normal) (G1 Evacuation Pause)
[2026-09-07T10:43:14.551+0900][25.861s][info][gc,task     ] GC(282) Using 9 workers of 9 for evacuation
[2026-09-07T10:43:14.551+0900][25.862s][info][gc,phases   ] GC(282)   Pre Evacuate Collection Set: 0.07ms
[2026-09-07T10:43:14.551+0900][25.862s][info][gc,phases   ] GC(282)   Merge Heap Roots: 0.04ms
[2026-09-07T10:43:14.551+0900][25.862s][info][gc,phases   ] GC(282)   Evacuate Collection Set: 0.66ms
[2026-09-07T10:43:14.551+0900][25.862s][info][gc,phases   ] GC(282)   Post Evacuate Collection Set: 0.12ms
[2026-09-07T10:43:14.551+0900][25.862s][info][gc,phases   ] GC(282)   Other: 0.02ms
[2026-09-07T10:43:14.551+0900][25.862s][info][gc,heap     ] GC(282) Eden regions: 126->0(123)
[2026-09-07T10:43:14.551+0900][25.862s][info][gc,heap     ] GC(282) Survivor regions: 2->5(16)
[2026-09-07T10:43:14.551+0900][25.862s][info][gc,heap     ] GC(282) Old regions: 53->53
[2026-09-07T10:43:14.551+0900][25.862s][info][gc,heap     ] GC(282) Humongous regions: 1->1
[2026-09-07T10:43:14.551+0900][25.862s][info][gc,metaspace] GC(282) Metaspace: 23381K(23872K)->23381K(23872K) NonClass: 20562K(20800K)->20562K(20800K) Class: 2819K(3072K)->2819K(3072K)
[2026-09-07T10:43:14.552+0900][25.862s][info][gc          ] GC(282) Pause Young (Normal) (G1 Evacuation Pause) 362M->116M(428M) 0.986ms
[2026-09-07T10:43:14.552+0900][25.862s][info][gc,cpu      ] GC(282) User=0.01s Sys=0.00s Real=0.00s
[2026-09-07T10:43:14.552+0900][25.862s][info][safepoint   ] Safepoint "G1CollectForAllocation", Time since last: 90858167 ns, Reaching safepoint: 1000 ns, Cleanup: 791 ns, At safepoint: 999584 ns, Leaving safepoint: 1041 ns, Total: 1002416 ns
[2026-09-07T10:43:14.634+0900][25.944s][info][gc,start    ] GC(283) Pause Young (Normal) (G1 Evacuation Pause)
[2026-09-07T10:43:14.634+0900][25.944s][info][gc,task     ] GC(283) Using 9 workers of 9 for evacuation
[2026-09-07T10:43:14.635+0900][25.945s][info][gc,phases   ] GC(283)   Pre Evacuate Collection Set: 0.08ms
[2026-09-07T10:43:14.635+0900][25.945s][info][gc,phases   ] GC(283)   Merge Heap Roots: 0.03ms
[2026-09-07T10:43:14.635+0900][25.945s][info][gc,phases   ] GC(283)   Evacuate Collection Set: 0.45ms
[2026-09-07T10:43:14.635+0900][25.945s][info][gc,phases   ] GC(283)   Post Evacuate Collection Set: 0.13ms
[2026-09-07T10:43:14.635+0900][25.945s][info][gc,phases   ] GC(283)   Other: 0.02ms
[2026-09-07T10:43:14.635+0900][25.945s][info][gc,heap     ] GC(283) Eden regions: 123->0(125)
[2026-09-07T10:43:14.635+0900][25.945s][info][gc,heap     ] GC(283) Survivor regions: 5->3(16)
[2026-09-07T10:43:14.635+0900][25.945s][info][gc,heap     ] GC(283) Old regions: 53->53
[2026-09-07T10:43:14.635+0900][25.945s][info][gc,heap     ] GC(283) Humongous regions: 1->1
[2026-09-07T10:43:14.635+0900][25.945s][info][gc,metaspace] GC(283) Metaspace: 23381K(23872K)->23381K(23872K) NonClass: 20562K(20800K)->20562K(20800K) Class: 2819K(3072K)->2819K(3072K)
[2026-09-07T10:43:14.635+0900][25.945s][info][gc          ] GC(283) Pause Young (Normal) (G1 Evacuation Pause) 362M->113M(428M) 0.778ms
[2026-09-07T10:43:14.635+0900][25.945s][info][gc,cpu      ] GC(283) User=0.01s Sys=0.00s Real=0.00s
[2026-09-07T10:43:14.635+0900][25.945s][info][safepoint   ] Safepoint "G1CollectForAllocation", Time since last: 82337334 ns, Reaching safepoint: 916 ns, Cleanup: 542 ns, At safepoint: 790542 ns, Leaving safepoint: 958 ns, Total: 792958 ns
[2026-09-07T10:43:14.644+0900][25.954s][info][gc,heap,exit] Heap
[2026-09-07T10:43:14.644+0900][25.954s][info][gc,heap,exit]  garbage-first heap   total 438272K, used 145004K [0x0000000300800000, 0x0000000400800000)
[2026-09-07T10:43:14.644+0900][25.954s][info][gc,heap,exit]   region size 2048K, 17 young (34816K), 3 survivors (6144K)
[2026-09-07T10:43:14.644+0900][25.954s][info][gc,heap,exit]  Metaspace       used 23418K, committed 23936K, reserved 1114112K
[2026-09-07T10:43:14.644+0900][25.954s][info][gc,heap,exit]   class space    used 2821K, committed 3072K, reserved 1048576K
