"board","experiment_id","iteration_limit","game_index","winner","moves","turns","end_type","final_p1_score","final_p2_score","trial_file"
"3x3","3x3-seeded-random","-1","1","0","54","18","NaturalEnd","89","89","../issue-62/results/trials/3x3-seeded-random/3x3-seeded-random-0001.trl"
"3x3","3x3-seeded-random","-1","2","1","54","18","NaturalEnd","567","119","../issue-62/results/trials/3x3-seeded-random/3x3-seeded-random-0002.trl"
"3x3","3x3-seeded-random","-1","3","1","54","18","NaturalEnd","911","320","../issue-62/results/trials/3x3-seeded-random/3x3-seeded-random-0003.trl"
"3x3","3x3-seeded-random","-1","4","2","54","18","NaturalEnd","371","567","../issue-62/results/trials/3x3-seeded-random/3x3-seeded-random-0004.trl"
"3x3","3x3-seeded-random","-1","5","1","54","18","NaturalEnd","685","286","../issue-62/results/trials/3x3-seeded-random/3x3-seeded-random-0005.trl"
"3x3","3x3-seeded-random","-1","6","2","54","18","NaturalEnd","429","849","../issue-62/results/trials/3x3-seeded-random/3x3-seeded-random-0006.trl"
"3x3","3x3-seeded-random","-1","7","1","54","18","NaturalEnd","375","317","../issue-62/results/trials/3x3-seeded-random/3x3-seeded-random-0007.trl"
"3x3","3x3-seeded-random","-1","8","2","54","18","NaturalEnd","94","655","../issue-62/results/trials/3x3-seeded-random/3x3-seeded-random-0008.trl"
"3x3","3x3-seeded-random","-1","9","2","54","18","NaturalEnd","118","400","../issue-62/results/trials/3x3-seeded-random/3x3-seeded-random-0009.trl"
"3x3","3x3-seeded-random","-1","10","2","54","18","NaturalEnd","596","599","../issue-62/results/trials/3x3-seeded-random/3x3-seeded-random-0010.trl"
"3x3","3x3-seeded-random","-1","11","1","54","18","NaturalEnd","374","317","../issue-62/results/trials/3x3-seeded-random/3x3-seeded-random-0011.trl"
"3x3","3x3-seeded-random","-1","12","1","54","18","NaturalEnd","345","93","../issue-62/results/trials/3x3-seeded-random/3x3-seeded-random-0012.trl"
"3x3","3x3-seeded-random","-1","13","2","54","18","NaturalEnd","91","149","../issue-62/results/trials/3x3-seeded-random/3x3-seeded-random-0013.trl"
"3x3","3x3-seeded-random","-1","14","2","54","18","NaturalEnd","373","628","../issue-62/results/trials/3x3-seeded-random/3x3-seeded-random-0014.trl"
"3x3","3x3-seeded-random","-1","15","2","54","18","NaturalEnd","343","371","../issue-62/results/trials/3x3-seeded-random/3x3-seeded-random-0015.trl"
"3x3","3x3-seeded-random","-1","16","2","54","18","NaturalEnd","371","373","../issue-62/results/trials/3x3-seeded-random/3x3-seeded-random-0016.trl"
"3x3","3x3-seeded-random","-1","17","2","54","18","NaturalEnd","91","373","../issue-62/results/trials/3x3-seeded-random/3x3-seeded-random-0017.trl"
"3x3","3x3-seeded-random","-1","18","2","54","18","NaturalEnd","147","342","../issue-62/results/trials/3x3-seeded-random/3x3-seeded-random-0018.trl"
"3x3","3x3-seeded-random","-1","19","1","54","18","NaturalEnd","315","63","../issue-62/results/trials/3x3-seeded-random/3x3-seeded-random-0019.trl"
"3x3","3x3-seeded-random","-1","20","2","54","18","NaturalEnd","374","375","../issue-62/results/trials/3x3-seeded-random/3x3-seeded-random-0020.trl"
"3x3","3x3-seeded-random","-1","21","2","54","18","NaturalEnd","375","655","../issue-62/results/trials/3x3-seeded-random/3x3-seeded-random-0021.trl"
"3x3","3x3-seeded-random","-1","22","2","54","18","NaturalEnd","94","655","../issue-62/results/trials/3x3-seeded-random/3x3-seeded-random-0022.trl"
"3x3","3x3-seeded-random","-1","23","1","54","18","NaturalEnd","597","91","../issue-62/results/trials/3x3-seeded-random/3x3-seeded-random-0023.trl"
"3x3","3x3-seeded-random","-1","24","1","54","18","NaturalEnd","317","123","../issue-62/results/trials/3x3-seeded-random/3x3-seeded-random-0024.trl"
"3x3","3x3-seeded-random","-1","25","2","54","18","NaturalEnd","314","429","../issue-62/results/trials/3x3-seeded-random/3x3-seeded-random-0025.trl"
"3x3","3x3-seeded-random","-1","26","2","54","18","NaturalEnd","61","90","../issue-62/results/trials/3x3-seeded-random/3x3-seeded-random-0026.trl"
"3x3","3x3-seeded-random","-1","27","2","54","18","NaturalEnd","149","286","../issue-62/results/trials/3x3-seeded-random/3x3-seeded-random-0027.trl"
"3x3","3x3-seeded-random","-1","28","2","54","18","NaturalEnd","94","319","../issue-62/results/trials/3x3-seeded-random/3x3-seeded-random-0028.trl"
"3x3","3x3-seeded-random","-1","29","2","54","18","NaturalEnd","66","601","../issue-62/results/trials/3x3-seeded-random/3x3-seeded-random-0029.trl"
"3x3","3x3-seeded-random","-1","30","1","54","18","NaturalEnd","373","147","../issue-62/results/trials/3x3-seeded-random/3x3-seeded-random-0030.trl"
"3x3","3x3-seeded-random","-1","31","1","54","18","NaturalEnd","345","121","../issue-62/results/trials/3x3-seeded-random/3x3-seeded-random-0031.trl"
"3x3","3x3-seeded-random","-1","32","1","54","18","NaturalEnd","373","32","../issue-62/results/trials/3x3-seeded-random/3x3-seeded-random-0032.trl"
"3x3","3x3-seeded-random","-1","33","1","54","18","NaturalEnd","655","61","../issue-62/results/trials/3x3-seeded-random/3x3-seeded-random-0033.trl"
"3x3","3x3-seeded-random","-1","34","2","54","18","NaturalEnd","342","372","../issue-62/results/trials/3x3-seeded-random/3x3-seeded-random-0034.trl"
"3x3","3x3-seeded-random","-1","35","0","54","18","NaturalEnd","63","63","../issue-62/results/trials/3x3-seeded-random/3x3-seeded-random-0035.trl"
"3x3","3x3-seeded-random","-1","36","2","54","18","NaturalEnd","147","370","../issue-62/results/trials/3x3-seeded-random/3x3-seeded-random-0036.trl"
"3x3","3x3-seeded-random","-1","37","2","54","18","NaturalEnd","120","286","../issue-62/results/trials/3x3-seeded-random/3x3-seeded-random-0037.trl"
"3x3","3x3-seeded-random","-1","38","2","54","18","NaturalEnd","345","372","../issue-62/results/trials/3x3-seeded-random/3x3-seeded-random-0038.trl"
"3x3","3x3-seeded-random","-1","39","1","54","18","NaturalEnd","880","850","../issue-62/results/trials/3x3-seeded-random/3x3-seeded-random-0039.trl"
"3x3","3x3-seeded-random","-1","40","2","54","18","NaturalEnd","289","346","../issue-62/results/trials/3x3-seeded-random/3x3-seeded-random-0040.trl"
"3x3","3x3-seeded-random","-1","41","1","54","18","NaturalEnd","314","93","../issue-62/results/trials/3x3-seeded-random/3x3-seeded-random-0041.trl"
"3x3","3x3-seeded-random","-1","42","2","54","18","NaturalEnd","63","373","../issue-62/results/trials/3x3-seeded-random/3x3-seeded-random-0042.trl"
"3x3","3x3-seeded-random","-1","43","2","54","18","NaturalEnd","91","626","../issue-62/results/trials/3x3-seeded-random/3x3-seeded-random-0043.trl"
"3x3","3x3-seeded-random","-1","44","1","54","18","NaturalEnd","402","344","../issue-62/results/trials/3x3-seeded-random/3x3-seeded-random-0044.trl"
"3x3","3x3-seeded-random","-1","45","2","54","18","NaturalEnd","62","344","../issue-62/results/trials/3x3-seeded-random/3x3-seeded-random-0045.trl"
"3x3","3x3-seeded-random","-1","46","1","54","18","NaturalEnd","400","59","../issue-62/results/trials/3x3-seeded-random/3x3-seeded-random-0046.trl"
"3x3","3x3-seeded-random","-1","47","1","54","18","NaturalEnd","570","124","../issue-62/results/trials/3x3-seeded-random/3x3-seeded-random-0047.trl"
"3x3","3x3-seeded-random","-1","48","2","54","18","NaturalEnd","345","374","../issue-62/results/trials/3x3-seeded-random/3x3-seeded-random-0048.trl"
"3x3","3x3-seeded-random","-1","49","1","54","18","NaturalEnd","346","345","../issue-62/results/trials/3x3-seeded-random/3x3-seeded-random-0049.trl"
"3x3","3x3-seeded-random","-1","50","1","54","18","NaturalEnd","626","61","../issue-62/results/trials/3x3-seeded-random/3x3-seeded-random-0050.trl"
"3x3","3x3-seeded-random","-1","51","1","54","18","NaturalEnd","345","92","../issue-62/results/trials/3x3-seeded-random/3x3-seeded-random-0051.trl"
"3x3","3x3-seeded-random","-1","52","2","54","18","NaturalEnd","344","626","../issue-62/results/trials/3x3-seeded-random/3x3-seeded-random-0052.trl"
"3x3","3x3-seeded-random","-1","53","1","54","18","NaturalEnd","345","90","../issue-62/results/trials/3x3-seeded-random/3x3-seeded-random-0053.trl"
"3x3","3x3-seeded-random","-1","54","1","54","18","NaturalEnd","373","345","../issue-62/results/trials/3x3-seeded-random/3x3-seeded-random-0054.trl"
"3x3","3x3-seeded-random","-1","55","2","54","18","NaturalEnd","62","374","../issue-62/results/trials/3x3-seeded-random/3x3-seeded-random-0055.trl"
"3x3","3x3-seeded-random","-1","56","2","54","18","NaturalEnd","343","402","../issue-62/results/trials/3x3-seeded-random/3x3-seeded-random-0056.trl"
"3x3","3x3-seeded-random","-1","57","2","54","18","NaturalEnd","92","879","../issue-62/results/trials/3x3-seeded-random/3x3-seeded-random-0057.trl"
"3x3","3x3-seeded-random","-1","58","2","54","18","NaturalEnd","316","599","../issue-62/results/trials/3x3-seeded-random/3x3-seeded-random-0058.trl"
"3x3","3x3-seeded-random","-1","59","2","54","18","NaturalEnd","6","375","../issue-62/results/trials/3x3-seeded-random/3x3-seeded-random-0059.trl"
"3x3","3x3-seeded-random","-1","60","2","54","18","NaturalEnd","65","345","../issue-62/results/trials/3x3-seeded-random/3x3-seeded-random-0060.trl"
"3x3","3x3-seeded-random","-1","61","2","54","18","NaturalEnd","343","597","../issue-62/results/trials/3x3-seeded-random/3x3-seeded-random-0061.trl"
"3x3","3x3-seeded-random","-1","62","2","54","18","NaturalEnd","118","343","../issue-62/results/trials/3x3-seeded-random/3x3-seeded-random-0062.trl"
"3x3","3x3-seeded-random","-1","63","2","54","18","NaturalEnd","5","375","../issue-62/results/trials/3x3-seeded-random/3x3-seeded-random-0063.trl"
"3x3","3x3-seeded-random","-1","64","2","54","18","NaturalEnd","92","149","../issue-62/results/trials/3x3-seeded-random/3x3-seeded-random-0064.trl"
"3x3","3x3-seeded-random","-1","65","2","54","18","NaturalEnd","347","628","../issue-62/results/trials/3x3-seeded-random/3x3-seeded-random-0065.trl"
"3x3","3x3-seeded-random","-1","66","2","54","18","NaturalEnd","149","625","../issue-62/results/trials/3x3-seeded-random/3x3-seeded-random-0066.trl"
"3x3","3x3-seeded-random","-1","67","1","54","18","NaturalEnd","345","3","../issue-62/results/trials/3x3-seeded-random/3x3-seeded-random-0067.trl"
"3x3","3x3-seeded-random","-1","68","2","54","18","NaturalEnd","150","315","../issue-62/results/trials/3x3-seeded-random/3x3-seeded-random-0068.trl"
"3x3","3x3-seeded-random","-1","69","2","54","18","NaturalEnd","149","344","../issue-62/results/trials/3x3-seeded-random/3x3-seeded-random-0069.trl"
"3x3","3x3-seeded-random","-1","70","1","54","18","NaturalEnd","64","35","../issue-62/results/trials/3x3-seeded-random/3x3-seeded-random-0070.trl"
"3x3","3x3-seeded-random","-1","71","1","54","18","NaturalEnd","655","314","../issue-62/results/trials/3x3-seeded-random/3x3-seeded-random-0071.trl"
"3x3","3x3-seeded-random","-1","72","1","54","18","NaturalEnd","315","92","../issue-62/results/trials/3x3-seeded-random/3x3-seeded-random-0072.trl"
"3x3","3x3-seeded-random","-1","73","1","54","18","NaturalEnd","403","343","../issue-62/results/trials/3x3-seeded-random/3x3-seeded-random-0073.trl"
"3x3","3x3-seeded-random","-1","74","2","54","18","NaturalEnd","119","370","../issue-62/results/trials/3x3-seeded-random/3x3-seeded-random-0074.trl"
"3x3","3x3-seeded-random","-1","75","2","54","18","NaturalEnd","63","122","../issue-62/results/trials/3x3-seeded-random/3x3-seeded-random-0075.trl"
"3x3","3x3-seeded-random","-1","76","2","54","18","NaturalEnd","63","121","../issue-62/results/trials/3x3-seeded-random/3x3-seeded-random-0076.trl"
"3x3","3x3-seeded-random","-1","77","2","54","18","NaturalEnd","90","312","../issue-62/results/trials/3x3-seeded-random/3x3-seeded-random-0077.trl"
"3x3","3x3-seeded-random","-1","78","2","54","18","NaturalEnd","315","1191","../issue-62/results/trials/3x3-seeded-random/3x3-seeded-random-0078.trl"
"3x3","3x3-seeded-random","-1","79","2","54","18","NaturalEnd","148","373","../issue-62/results/trials/3x3-seeded-random/3x3-seeded-random-0079.trl"
"3x3","3x3-seeded-random","-1","80","2","54","18","NaturalEnd","314","400","../issue-62/results/trials/3x3-seeded-random/3x3-seeded-random-0080.trl"
"3x3","3x3-seeded-random","-1","81","1","54","18","NaturalEnd","120","91","../issue-62/results/trials/3x3-seeded-random/3x3-seeded-random-0081.trl"
"3x3","3x3-seeded-random","-1","82","1","54","18","NaturalEnd","345","120","../issue-62/results/trials/3x3-seeded-random/3x3-seeded-random-0082.trl"
"3x3","3x3-seeded-random","-1","83","2","54","18","NaturalEnd","595","878","../issue-62/results/trials/3x3-seeded-random/3x3-seeded-random-0083.trl"
"3x3","3x3-seeded-random","-1","84","1","54","18","NaturalEnd","344","61","../issue-62/results/trials/3x3-seeded-random/3x3-seeded-random-0084.trl"
"3x3","3x3-seeded-random","-1","85","2","54","18","NaturalEnd","93","316","../issue-62/results/trials/3x3-seeded-random/3x3-seeded-random-0085.trl"
"3x3","3x3-seeded-random","-1","86","1","54","18","NaturalEnd","318","36","../issue-62/results/trials/3x3-seeded-random/3x3-seeded-random-0086.trl"
"3x3","3x3-seeded-random","-1","87","1","54","18","NaturalEnd","62","61","../issue-62/results/trials/3x3-seeded-random/3x3-seeded-random-0087.trl"
"3x3","3x3-seeded-random","-1","88","1","54","18","NaturalEnd","344","93","../issue-62/results/trials/3x3-seeded-random/3x3-seeded-random-0088.trl"
"3x3","3x3-seeded-random","-1","89","1","54","18","NaturalEnd","286","120","../issue-62/results/trials/3x3-seeded-random/3x3-seeded-random-0089.trl"
"3x3","3x3-seeded-random","-1","90","1","54","18","NaturalEnd","568","119","../issue-62/results/trials/3x3-seeded-random/3x3-seeded-random-0090.trl"
"3x3","3x3-seeded-random","-1","91","1","54","18","NaturalEnd","626","316","../issue-62/results/trials/3x3-seeded-random/3x3-seeded-random-0091.trl"
"3x3","3x3-seeded-random","-1","92","1","54","18","NaturalEnd","123","35","../issue-62/results/trials/3x3-seeded-random/3x3-seeded-random-0092.trl"
"3x3","3x3-seeded-random","-1","93","0","54","18","NaturalEnd","371","371","../issue-62/results/trials/3x3-seeded-random/3x3-seeded-random-0093.trl"
"3x3","3x3-seeded-random","-1","94","1","54","18","NaturalEnd","344","120","../issue-62/results/trials/3x3-seeded-random/3x3-seeded-random-0094.trl"
"3x3","3x3-seeded-random","-1","95","1","54","18","NaturalEnd","566","373","../issue-62/results/trials/3x3-seeded-random/3x3-seeded-random-0095.trl"
"3x3","3x3-seeded-random","-1","96","1","54","18","NaturalEnd","149","90","../issue-62/results/trials/3x3-seeded-random/3x3-seeded-random-0096.trl"
"3x3","3x3-seeded-random","-1","97","1","54","18","NaturalEnd","372","343","../issue-62/results/trials/3x3-seeded-random/3x3-seeded-random-0097.trl"
"3x3","3x3-seeded-random","-1","98","1","54","18","NaturalEnd","373","118","../issue-62/results/trials/3x3-seeded-random/3x3-seeded-random-0098.trl"
"3x3","3x3-seeded-random","-1","99","2","54","18","NaturalEnd","61","344","../issue-62/results/trials/3x3-seeded-random/3x3-seeded-random-0099.trl"
"3x3","3x3-seeded-random","-1","100","1","54","18","NaturalEnd","344","316","../issue-62/results/trials/3x3-seeded-random/3x3-seeded-random-0100.trl"
"3x3","3x3-uct-0100","100","1","1","54","18","NaturalEnd","909","626","../issue-62/results/trials/3x3-uct-0100/3x3-uct-0100-0001.trl"
"3x3","3x3-uct-0100","100","2","2","54","18","NaturalEnd","851","852","../issue-62/results/trials/3x3-uct-0100/3x3-uct-0100-0002.trl"
"3x3","3x3-uct-0100","100","3","2","54","18","NaturalEnd","624","653","../issue-62/results/trials/3x3-uct-0100/3x3-uct-0100-0003.trl"
"3x3","3x3-uct-0100","100","4","1","54","18","NaturalEnd","880","572","../issue-62/results/trials/3x3-uct-0100/3x3-uct-0100-0004.trl"
"3x3","3x3-uct-0100","100","5","1","54","18","NaturalEnd","907","596","../issue-62/results/trials/3x3-uct-0100/3x3-uct-0100-0005.trl"
"3x3","3x3-uct-0100","100","6","2","54","18","NaturalEnd","881","910","../issue-62/results/trials/3x3-uct-0100/3x3-uct-0100-0006.trl"
"3x3","3x3-uct-0100","100","7","2","54","18","NaturalEnd","627","882","../issue-62/results/trials/3x3-uct-0100/3x3-uct-0100-0007.trl"
"3x3","3x3-uct-0100","100","8","2","54","18","NaturalEnd","567","626","../issue-62/results/trials/3x3-uct-0100/3x3-uct-0100-0008.trl"
"3x3","3x3-uct-0100","100","9","1","54","18","NaturalEnd","1161","1136","../issue-62/results/trials/3x3-uct-0100/3x3-uct-0100-0009.trl"
"3x3","3x3-uct-0100","100","10","2","54","18","NaturalEnd","856","882","../issue-62/results/trials/3x3-uct-0100/3x3-uct-0100-0010.trl"
"3x3","3x3-uct-0100","100","11","1","54","18","NaturalEnd","1444","569","../issue-62/results/trials/3x3-uct-0100/3x3-uct-0100-0011.trl"
"3x3","3x3-uct-0100","100","12","1","54","18","NaturalEnd","627","569","../issue-62/results/trials/3x3-uct-0100/3x3-uct-0100-0012.trl"
"3x3","3x3-uct-0100","100","13","2","54","18","NaturalEnd","849","909","../issue-62/results/trials/3x3-uct-0100/3x3-uct-0100-0013.trl"
"3x3","3x3-uct-0100","100","14","2","54","18","NaturalEnd","598","1162","../issue-62/results/trials/3x3-uct-0100/3x3-uct-0100-0014.trl"
"3x3","3x3-uct-0100","100","15","2","54","18","NaturalEnd","911","1135","../issue-62/results/trials/3x3-uct-0100/3x3-uct-0100-0015.trl"
"3x3","3x3-uct-0100","100","16","2","54","18","NaturalEnd","881","1132","../issue-62/results/trials/3x3-uct-0100/3x3-uct-0100-0016.trl"
"3x3","3x3-uct-0100","100","17","1","54","18","NaturalEnd","910","849","../issue-62/results/trials/3x3-uct-0100/3x3-uct-0100-0017.trl"
"3x3","3x3-uct-0100","100","18","2","54","18","NaturalEnd","654","878","../issue-62/results/trials/3x3-uct-0100/3x3-uct-0100-0018.trl"
"3x3","3x3-uct-0100","100","19","1","54","18","NaturalEnd","853","598","../issue-62/results/trials/3x3-uct-0100/3x3-uct-0100-0019.trl"
"3x3","3x3-uct-0100","100","20","2","54","18","NaturalEnd","569","598","../issue-62/results/trials/3x3-uct-0100/3x3-uct-0100-0020.trl"
"3x3","3x3-uct-0100","100","21","2","54","18","NaturalEnd","852","881","../issue-62/results/trials/3x3-uct-0100/3x3-uct-0100-0021.trl"
"3x3","3x3-uct-0100","100","22","2","54","18","NaturalEnd","601","852","../issue-62/results/trials/3x3-uct-0100/3x3-uct-0100-0022.trl"
"3x3","3x3-uct-0100","100","23","2","54","18","NaturalEnd","879","882","../issue-62/results/trials/3x3-uct-0100/3x3-uct-0100-0023.trl"
"3x3","3x3-uct-0100","100","24","2","54","18","NaturalEnd","656","851","../issue-62/results/trials/3x3-uct-0100/3x3-uct-0100-0024.trl"
"3x3","3x3-uct-0100","100","25","2","54","18","NaturalEnd","625","626","../issue-62/results/trials/3x3-uct-0100/3x3-uct-0100-0025.trl"
"3x3","3x3-uct-0100","100","26","2","54","18","NaturalEnd","881","910","../issue-62/results/trials/3x3-uct-0100/3x3-uct-0100-0026.trl"
"3x3","3x3-uct-0100","100","27","2","54","18","NaturalEnd","880","908","../issue-62/results/trials/3x3-uct-0100/3x3-uct-0100-0027.trl"
"3x3","3x3-uct-0100","100","28","2","54","18","NaturalEnd","1136","1163","../issue-62/results/trials/3x3-uct-0100/3x3-uct-0100-0028.trl"
"3x3","3x3-uct-0100","100","29","2","54","18","NaturalEnd","628","851","../issue-62/results/trials/3x3-uct-0100/3x3-uct-0100-0029.trl"
"3x3","3x3-uct-0100","100","30","1","54","18","NaturalEnd","909","598","../issue-62/results/trials/3x3-uct-0100/3x3-uct-0100-0030.trl"
"3x3","3x3-uct-0100","100","31","1","54","18","NaturalEnd","910","347","../issue-62/results/trials/3x3-uct-0100/3x3-uct-0100-0031.trl"
"3x3","3x3-uct-0100","100","32","2","54","18","NaturalEnd","1133","1163","../issue-62/results/trials/3x3-uct-0100/3x3-uct-0100-0032.trl"
"3x3","3x3-uct-0100","100","33","2","54","18","NaturalEnd","909","1133","../issue-62/results/trials/3x3-uct-0100/3x3-uct-0100-0033.trl"
"3x3","3x3-uct-0100","100","34","2","54","18","NaturalEnd","850","851","../issue-62/results/trials/3x3-uct-0100/3x3-uct-0100-0034.trl"
"3x3","3x3-uct-0100","100","35","1","54","18","NaturalEnd","879","598","../issue-62/results/trials/3x3-uct-0100/3x3-uct-0100-0035.trl"
"3x3","3x3-uct-0100","100","36","2","54","18","NaturalEnd","882","909","../issue-62/results/trials/3x3-uct-0100/3x3-uct-0100-0036.trl"
"3x3","3x3-uct-0100","100","37","2","54","18","NaturalEnd","879","880","../issue-62/results/trials/3x3-uct-0100/3x3-uct-0100-0037.trl"
"3x3","3x3-uct-0100","100","38","2","54","18","NaturalEnd","601","628","../issue-62/results/trials/3x3-uct-0100/3x3-uct-0100-0038.trl"
"3x3","3x3-uct-0100","100","39","1","54","18","NaturalEnd","626","566","../issue-62/results/trials/3x3-uct-0100/3x3-uct-0100-0039.trl"
"3x3","3x3-uct-0100","100","40","1","54","18","NaturalEnd","880","319","../issue-62/results/trials/3x3-uct-0100/3x3-uct-0100-0040.trl"
"3x3","3x3-uct-0100","100","41","2","54","18","NaturalEnd","627","879","../issue-62/results/trials/3x3-uct-0100/3x3-uct-0100-0041.trl"
"3x3","3x3-uct-0100","100","42","2","54","18","NaturalEnd","1135","1136","../issue-62/results/trials/3x3-uct-0100/3x3-uct-0100-0042.trl"
"3x3","3x3-uct-0100","100","43","2","54","18","NaturalEnd","1134","1164","../issue-62/results/trials/3x3-uct-0100/3x3-uct-0100-0043.trl"
"3x3","3x3-uct-0100","100","44","2","54","18","NaturalEnd","344","400","../issue-62/results/trials/3x3-uct-0100/3x3-uct-0100-0044.trl"
"3x3","3x3-uct-0100","100","45","2","54","18","NaturalEnd","881","1161","../issue-62/results/trials/3x3-uct-0100/3x3-uct-0100-0045.trl"
"3x3","3x3-uct-0100","100","46","1","54","18","NaturalEnd","1134","910","../issue-62/results/trials/3x3-uct-0100/3x3-uct-0100-0046.trl"
"3x3","3x3-uct-0100","100","47","2","54","18","NaturalEnd","850","880","../issue-62/results/trials/3x3-uct-0100/3x3-uct-0100-0047.trl"
"3x3","3x3-uct-0100","100","48","2","54","18","NaturalEnd","854","881","../issue-62/results/trials/3x3-uct-0100/3x3-uct-0100-0048.trl"
"3x3","3x3-uct-0100","100","49","2","54","18","NaturalEnd","849","908","../issue-62/results/trials/3x3-uct-0100/3x3-uct-0100-0049.trl"
"3x3","3x3-uct-0100","100","50","1","54","18","NaturalEnd","908","849","../issue-62/results/trials/3x3-uct-0100/3x3-uct-0100-0050.trl"
"3x3","3x3-uct-0100","100","51","2","54","18","NaturalEnd","850","907","../issue-62/results/trials/3x3-uct-0100/3x3-uct-0100-0051.trl"
"3x3","3x3-uct-0100","100","52","2","54","18","NaturalEnd","881","882","../issue-62/results/trials/3x3-uct-0100/3x3-uct-0100-0052.trl"
"3x3","3x3-uct-0100","100","53","2","54","18","NaturalEnd","626","627","../issue-62/results/trials/3x3-uct-0100/3x3-uct-0100-0053.trl"
"3x3","3x3-uct-0100","100","54","2","54","18","NaturalEnd","881","882","../issue-62/results/trials/3x3-uct-0100/3x3-uct-0100-0054.trl"
"3x3","3x3-uct-0100","100","55","2","54","18","NaturalEnd","1135","1162","../issue-62/results/trials/3x3-uct-0100/3x3-uct-0100-0055.trl"
"3x3","3x3-uct-0100","100","56","2","54","18","NaturalEnd","852","879","../issue-62/results/trials/3x3-uct-0100/3x3-uct-0100-0056.trl"
"3x3","3x3-uct-0100","100","57","2","54","18","NaturalEnd","849","879","../issue-62/results/trials/3x3-uct-0100/3x3-uct-0100-0057.trl"
"3x3","3x3-uct-0100","100","58","2","54","18","NaturalEnd","317","319","../issue-62/results/trials/3x3-uct-0100/3x3-uct-0100-0058.trl"
"3x3","3x3-uct-0100","100","59","0","54","18","NaturalEnd","880","880","../issue-62/results/trials/3x3-uct-0100/3x3-uct-0100-0059.trl"
"3x3","3x3-uct-0100","100","60","2","54","18","NaturalEnd","880","907","../issue-62/results/trials/3x3-uct-0100/3x3-uct-0100-0060.trl"
"3x3","3x3-uct-0100","100","61","1","54","18","NaturalEnd","908","879","../issue-62/results/trials/3x3-uct-0100/3x3-uct-0100-0061.trl"
"3x3","3x3-uct-0100","100","62","1","54","18","NaturalEnd","910","343","../issue-62/results/trials/3x3-uct-0100/3x3-uct-0100-0062.trl"
"3x3","3x3-uct-0100","100","63","2","54","18","NaturalEnd","881","909","../issue-62/results/trials/3x3-uct-0100/3x3-uct-0100-0063.trl"
"3x3","3x3-uct-0100","100","64","0","54","18","NaturalEnd","1134","1134","../issue-62/results/trials/3x3-uct-0100/3x3-uct-0100-0064.trl"
"3x3","3x3-uct-0100","100","65","2","54","18","NaturalEnd","851","1132","../issue-62/results/trials/3x3-uct-0100/3x3-uct-0100-0065.trl"
"3x3","3x3-uct-0100","100","66","1","54","18","NaturalEnd","908","626","../issue-62/results/trials/3x3-uct-0100/3x3-uct-0100-0066.trl"
"3x3","3x3-uct-0100","100","67","2","54","18","NaturalEnd","1134","1162","../issue-62/results/trials/3x3-uct-0100/3x3-uct-0100-0067.trl"
"3x3","3x3-uct-0100","100","68","1","54","18","NaturalEnd","881","597","../issue-62/results/trials/3x3-uct-0100/3x3-uct-0100-0068.trl"
"3x3","3x3-uct-0100","100","69","1","54","18","NaturalEnd","626","596","../issue-62/results/trials/3x3-uct-0100/3x3-uct-0100-0069.trl"
"3x3","3x3-uct-0100","100","70","2","54","18","NaturalEnd","882","1134","../issue-62/results/trials/3x3-uct-0100/3x3-uct-0100-0070.trl"
"3x3","3x3-uct-0100","100","71","1","54","18","NaturalEnd","909","627","../issue-62/results/trials/3x3-uct-0100/3x3-uct-0100-0071.trl"
"3x3","3x3-uct-0100","100","72","2","54","18","NaturalEnd","94","880","../issue-62/results/trials/3x3-uct-0100/3x3-uct-0100-0072.trl"
"3x3","3x3-uct-0100","100","73","2","54","18","NaturalEnd","572","882","../issue-62/results/trials/3x3-uct-0100/3x3-uct-0100-0073.trl"
"3x3","3x3-uct-0100","100","74","1","54","18","NaturalEnd","1133","910","../issue-62/results/trials/3x3-uct-0100/3x3-uct-0100-0074.trl"
"3x3","3x3-uct-0100","100","75","2","54","18","NaturalEnd","373","654","../issue-62/results/trials/3x3-uct-0100/3x3-uct-0100-0075.trl"
"3x3","3x3-uct-0100","100","76","1","54","18","NaturalEnd","852","628","../issue-62/results/trials/3x3-uct-0100/3x3-uct-0100-0076.trl"
"3x3","3x3-uct-0100","100","77","2","54","18","NaturalEnd","850","879","../issue-62/results/trials/3x3-uct-0100/3x3-uct-0100-0077.trl"
"3x3","3x3-uct-0100","100","78","2","54","18","NaturalEnd","627","654","../issue-62/results/trials/3x3-uct-0100/3x3-uct-0100-0078.trl"
"3x3","3x3-uct-0100","100","79","1","54","18","NaturalEnd","597","65","../issue-62/results/trials/3x3-uct-0100/3x3-uct-0100-0079.trl"
"3x3","3x3-uct-0100","100","80","2","54","18","NaturalEnd","850","880","../issue-62/results/trials/3x3-uct-0100/3x3-uct-0100-0080.trl"
"3x3","3x3-uct-0100","100","81","1","54","18","NaturalEnd","911","854","../issue-62/results/trials/3x3-uct-0100/3x3-uct-0100-0081.trl"
"3x3","3x3-uct-0100","100","82","2","54","18","NaturalEnd","880","909","../issue-62/results/trials/3x3-uct-0100/3x3-uct-0100-0082.trl"
"3x3","3x3-uct-0100","100","83","1","54","18","NaturalEnd","1135","908","../issue-62/results/trials/3x3-uct-0100/3x3-uct-0100-0083.trl"
"3x3","3x3-uct-0100","100","84","2","54","18","NaturalEnd","882","1134","../issue-62/results/trials/3x3-uct-0100/3x3-uct-0100-0084.trl"
"3x3","3x3-uct-0100","100","85","2","54","18","NaturalEnd","878","1132","../issue-62/results/trials/3x3-uct-0100/3x3-uct-0100-0085.trl"
"3x3","3x3-uct-0100","100","86","2","54","18","NaturalEnd","880","908","../issue-62/results/trials/3x3-uct-0100/3x3-uct-0100-0086.trl"
"3x3","3x3-uct-0100","100","87","2","54","18","NaturalEnd","853","881","../issue-62/results/trials/3x3-uct-0100/3x3-uct-0100-0087.trl"
"3x3","3x3-uct-0100","100","88","2","54","18","NaturalEnd","599","628","../issue-62/results/trials/3x3-uct-0100/3x3-uct-0100-0088.trl"
"3x3","3x3-uct-0100","100","89","2","54","18","NaturalEnd","598","625","../issue-62/results/trials/3x3-uct-0100/3x3-uct-0100-0089.trl"
"3x3","3x3-uct-0100","100","90","2","54","18","NaturalEnd","882","883","../issue-62/results/trials/3x3-uct-0100/3x3-uct-0100-0090.trl"
"3x3","3x3-uct-0100","100","91","1","54","18","NaturalEnd","625","405","../issue-62/results/trials/3x3-uct-0100/3x3-uct-0100-0091.trl"
"3x3","3x3-uct-0100","100","92","2","54","18","NaturalEnd","852","881","../issue-62/results/trials/3x3-uct-0100/3x3-uct-0100-0092.trl"
"3x3","3x3-uct-0100","100","93","2","54","18","NaturalEnd","628","850","../issue-62/results/trials/3x3-uct-0100/3x3-uct-0100-0093.trl"
"3x3","3x3-uct-0100","100","94","2","54","18","NaturalEnd","881","910","../issue-62/results/trials/3x3-uct-0100/3x3-uct-0100-0094.trl"
"3x3","3x3-uct-0100","100","95","1","54","18","NaturalEnd","1161","598","../issue-62/results/trials/3x3-uct-0100/3x3-uct-0100-0095.trl"
"3x3","3x3-uct-0100","100","96","2","54","18","NaturalEnd","881","907","../issue-62/results/trials/3x3-uct-0100/3x3-uct-0100-0096.trl"
"3x3","3x3-uct-0100","100","97","2","54","18","NaturalEnd","599","626","../issue-62/results/trials/3x3-uct-0100/3x3-uct-0100-0097.trl"
"3x3","3x3-uct-0100","100","98","2","54","18","NaturalEnd","852","908","../issue-62/results/trials/3x3-uct-0100/3x3-uct-0100-0098.trl"
"3x3","3x3-uct-0100","100","99","2","54","18","NaturalEnd","853","880","../issue-62/results/trials/3x3-uct-0100/3x3-uct-0100-0099.trl"
"3x3","3x3-uct-0100","100","100","1","54","18","NaturalEnd","879","598","../issue-62/results/trials/3x3-uct-0100/3x3-uct-0100-0100.trl"
"3x3","3x3-uct-0500","500","1","1","54","18","NaturalEnd","628","317","../issue-62/results/trials/3x3-uct-0500/3x3-uct-0500-0001.trl"
"3x3","3x3-uct-0500","500","2","2","54","18","NaturalEnd","1135","1162","../issue-62/results/trials/3x3-uct-0500/3x3-uct-0500-0002.trl"
"3x3","3x3-uct-0500","500","3","1","54","18","NaturalEnd","882","880","../issue-62/results/trials/3x3-uct-0500/3x3-uct-0500-0003.trl"
"3x3","3x3-uct-0500","500","4","1","54","18","NaturalEnd","1133","878","../issue-62/results/trials/3x3-uct-0500/3x3-uct-0500-0004.trl"
"3x3","3x3-uct-0500","500","5","2","54","18","NaturalEnd","345","568","../issue-62/results/trials/3x3-uct-0500/3x3-uct-0500-0005.trl"
"3x3","3x3-uct-0500","500","6","1","54","18","NaturalEnd","1416","1134","../issue-62/results/trials/3x3-uct-0500/3x3-uct-0500-0006.trl"
"3x3","3x3-uct-0500","500","7","1","54","18","NaturalEnd","1132","880","../issue-62/results/trials/3x3-uct-0500/3x3-uct-0500-0007.trl"
"3x3","3x3-uct-0500","500","8","1","54","18","NaturalEnd","909","628","../issue-62/results/trials/3x3-uct-0500/3x3-uct-0500-0008.trl"
"3x3","3x3-uct-0500","500","9","2","54","18","NaturalEnd","881","908","../issue-62/results/trials/3x3-uct-0500/3x3-uct-0500-0009.trl"
"3x3","3x3-uct-0500","500","10","1","54","18","NaturalEnd","850","626","../issue-62/results/trials/3x3-uct-0500/3x3-uct-0500-0010.trl"
"3x3","3x3-uct-0500","500","11","2","54","18","NaturalEnd","882","1135","../issue-62/results/trials/3x3-uct-0500/3x3-uct-0500-0011.trl"
"3x3","3x3-uct-0500","500","12","1","54","18","NaturalEnd","1162","1132","../issue-62/results/trials/3x3-uct-0500/3x3-uct-0500-0012.trl"
"3x3","3x3-uct-0500","500","13","0","54","18","NaturalEnd","627","627","../issue-62/results/trials/3x3-uct-0500/3x3-uct-0500-0013.trl"
"3x3","3x3-uct-0500","500","14","2","54","18","NaturalEnd","880","1133","../issue-62/results/trials/3x3-uct-0500/3x3-uct-0500-0014.trl"
"3x3","3x3-uct-0500","500","15","2","54","18","NaturalEnd","908","1133","../issue-62/results/trials/3x3-uct-0500/3x3-uct-0500-0015.trl"
"3x3","3x3-uct-0500","500","16","1","54","18","NaturalEnd","1132","599","../issue-62/results/trials/3x3-uct-0500/3x3-uct-0500-0016.trl"
"3x3","3x3-uct-0500","500","17","1","54","18","NaturalEnd","909","629","../issue-62/results/trials/3x3-uct-0500/3x3-uct-0500-0017.trl"
"3x3","3x3-uct-0500","500","18","1","54","18","NaturalEnd","1134","881","../issue-62/results/trials/3x3-uct-0500/3x3-uct-0500-0018.trl"
"3x3","3x3-uct-0500","500","19","2","54","18","NaturalEnd","881","1163","../issue-62/results/trials/3x3-uct-0500/3x3-uct-0500-0019.trl"
"3x3","3x3-uct-0500","500","20","2","54","18","NaturalEnd","881","908","../issue-62/results/trials/3x3-uct-0500/3x3-uct-0500-0020.trl"
"3x3","3x3-uct-0500","500","21","2","54","18","NaturalEnd","657","849","../issue-62/results/trials/3x3-uct-0500/3x3-uct-0500-0021.trl"
"3x3","3x3-uct-0500","500","22","2","54","18","NaturalEnd","882","1133","../issue-62/results/trials/3x3-uct-0500/3x3-uct-0500-0022.trl"
"3x3","3x3-uct-0500","500","23","1","54","18","NaturalEnd","909","850","../issue-62/results/trials/3x3-uct-0500/3x3-uct-0500-0023.trl"
"3x3","3x3-uct-0500","500","24","1","54","18","NaturalEnd","909","599","../issue-62/results/trials/3x3-uct-0500/3x3-uct-0500-0024.trl"
"3x3","3x3-uct-0500","500","25","2","54","18","NaturalEnd","600","852","../issue-62/results/trials/3x3-uct-0500/3x3-uct-0500-0025.trl"
"3x3","3x3-uct-0500","500","26","2","54","18","NaturalEnd","1134","1162","../issue-62/results/trials/3x3-uct-0500/3x3-uct-0500-0026.trl"
"3x3","3x3-uct-0500","500","27","2","54","18","NaturalEnd","881","909","../issue-62/results/trials/3x3-uct-0500/3x3-uct-0500-0027.trl"
"3x3","3x3-uct-0500","500","28","2","54","18","NaturalEnd","909","1132","../issue-62/results/trials/3x3-uct-0500/3x3-uct-0500-0028.trl"
"3x3","3x3-uct-0500","500","29","0","54","18","NaturalEnd","881","881","../issue-62/results/trials/3x3-uct-0500/3x3-uct-0500-0029.trl"
"3x3","3x3-uct-0500","500","30","1","54","18","NaturalEnd","909","570","../issue-62/results/trials/3x3-uct-0500/3x3-uct-0500-0030.trl"
"3x3","3x3-uct-0500","500","31","1","54","18","NaturalEnd","910","627","../issue-62/results/trials/3x3-uct-0500/3x3-uct-0500-0031.trl"
"3x3","3x3-uct-0500","500","32","1","54","18","NaturalEnd","908","880","../issue-62/results/trials/3x3-uct-0500/3x3-uct-0500-0032.trl"
"3x3","3x3-uct-0500","500","33","2","54","18","NaturalEnd","909","1133","../issue-62/results/trials/3x3-uct-0500/3x3-uct-0500-0033.trl"
"3x3","3x3-uct-0500","500","34","2","54","18","NaturalEnd","377","851","../issue-62/results/trials/3x3-uct-0500/3x3-uct-0500-0034.trl"
"3x3","3x3-uct-0500","500","35","2","54","18","NaturalEnd","683","851","../issue-62/results/trials/3x3-uct-0500/3x3-uct-0500-0035.trl"
"3x3","3x3-uct-0500","500","36","1","54","18","NaturalEnd","910","853","../issue-62/results/trials/3x3-uct-0500/3x3-uct-0500-0036.trl"
"3x3","3x3-uct-0500","500","37","1","54","18","NaturalEnd","880","850","../issue-62/results/trials/3x3-uct-0500/3x3-uct-0500-0037.trl"
"3x3","3x3-uct-0500","500","38","1","54","18","NaturalEnd","1134","881","../issue-62/results/trials/3x3-uct-0500/3x3-uct-0500-0038.trl"
"3x3","3x3-uct-0500","500","39","1","54","18","NaturalEnd","880","345","../issue-62/results/trials/3x3-uct-0500/3x3-uct-0500-0039.trl"
"3x3","3x3-uct-0500","500","40","1","54","18","NaturalEnd","883","882","../issue-62/results/trials/3x3-uct-0500/3x3-uct-0500-0040.trl"
"3x3","3x3-uct-0500","500","41","1","54","18","NaturalEnd","1134","1133","../issue-62/results/trials/3x3-uct-0500/3x3-uct-0500-0041.trl"
"3x3","3x3-uct-0500","500","42","2","54","18","NaturalEnd","1133","1162","../issue-62/results/trials/3x3-uct-0500/3x3-uct-0500-0042.trl"
"3x3","3x3-uct-0500","500","43","2","54","18","NaturalEnd","1132","1163","../issue-62/results/trials/3x3-uct-0500/3x3-uct-0500-0043.trl"
"3x3","3x3-uct-0500","500","44","2","54","18","NaturalEnd","882","1161","../issue-62/results/trials/3x3-uct-0500/3x3-uct-0500-0044.trl"
"3x3","3x3-uct-0500","500","45","2","54","18","NaturalEnd","600","1134","../issue-62/results/trials/3x3-uct-0500/3x3-uct-0500-0045.trl"
"3x3","3x3-uct-0500","500","46","1","54","18","NaturalEnd","1415","1134","../issue-62/results/trials/3x3-uct-0500/3x3-uct-0500-0046.trl"
"3x3","3x3-uct-0500","500","47","2","54","18","NaturalEnd","1134","1163","../issue-62/results/trials/3x3-uct-0500/3x3-uct-0500-0047.trl"
"3x3","3x3-uct-0500","500","48","1","54","18","NaturalEnd","1134","880","../issue-62/results/trials/3x3-uct-0500/3x3-uct-0500-0048.trl"
"3x3","3x3-uct-0500","500","49","2","54","18","NaturalEnd","880","909","../issue-62/results/trials/3x3-uct-0500/3x3-uct-0500-0049.trl"
"3x3","3x3-uct-0500","500","50","1","54","18","NaturalEnd","910","880","../issue-62/results/trials/3x3-uct-0500/3x3-uct-0500-0050.trl"
"3x3","3x3-uct-0500","500","51","1","54","18","NaturalEnd","883","601","../issue-62/results/trials/3x3-uct-0500/3x3-uct-0500-0051.trl"
"3x3","3x3-uct-0500","500","52","2","54","18","NaturalEnd","881","1133","../issue-62/results/trials/3x3-uct-0500/3x3-uct-0500-0052.trl"
"3x3","3x3-uct-0500","500","53","2","54","18","NaturalEnd","879","1163","../issue-62/results/trials/3x3-uct-0500/3x3-uct-0500-0053.trl"
"3x3","3x3-uct-0500","500","54","1","54","18","NaturalEnd","880","599","../issue-62/results/trials/3x3-uct-0500/3x3-uct-0500-0054.trl"
"3x3","3x3-uct-0500","500","55","2","54","18","NaturalEnd","881","1132","../issue-62/results/trials/3x3-uct-0500/3x3-uct-0500-0055.trl"
"3x3","3x3-uct-0500","500","56","1","54","18","NaturalEnd","880","879","../issue-62/results/trials/3x3-uct-0500/3x3-uct-0500-0056.trl"
"3x3","3x3-uct-0500","500","57","1","54","18","NaturalEnd","908","880","../issue-62/results/trials/3x3-uct-0500/3x3-uct-0500-0057.trl"
"3x3","3x3-uct-0500","500","58","2","54","18","NaturalEnd","1135","1163","../issue-62/results/trials/3x3-uct-0500/3x3-uct-0500-0058.trl"
"3x3","3x3-uct-0500","500","59","1","54","18","NaturalEnd","1134","880","../issue-62/results/trials/3x3-uct-0500/3x3-uct-0500-0059.trl"
"3x3","3x3-uct-0500","500","60","2","54","18","NaturalEnd","881","909","../issue-62/results/trials/3x3-uct-0500/3x3-uct-0500-0060.trl"
"3x3","3x3-uct-0500","500","61","2","54","18","NaturalEnd","909","1132","../issue-62/results/trials/3x3-uct-0500/3x3-uct-0500-0061.trl"
"3x3","3x3-uct-0500","500","62","1","54","18","NaturalEnd","908","849","../issue-62/results/trials/3x3-uct-0500/3x3-uct-0500-0062.trl"
"3x3","3x3-uct-0500","500","63","1","54","18","NaturalEnd","1415","883","../issue-62/results/trials/3x3-uct-0500/3x3-uct-0500-0063.trl"
"3x3","3x3-uct-0500","500","64","2","54","18","NaturalEnd","1133","1162","../issue-62/results/trials/3x3-uct-0500/3x3-uct-0500-0064.trl"
"3x3","3x3-uct-0500","500","65","2","54","18","NaturalEnd","881","882","../issue-62/results/trials/3x3-uct-0500/3x3-uct-0500-0065.trl"
"3x3","3x3-uct-0500","500","66","1","54","18","NaturalEnd","1162","1134","../issue-62/results/trials/3x3-uct-0500/3x3-uct-0500-0066.trl"
"3x3","3x3-uct-0500","500","67","2","54","18","NaturalEnd","1134","1415","../issue-62/results/trials/3x3-uct-0500/3x3-uct-0500-0067.trl"
"3x3","3x3-uct-0500","500","68","1","54","18","NaturalEnd","1132","880","../issue-62/results/trials/3x3-uct-0500/3x3-uct-0500-0068.trl"
"3x3","3x3-uct-0500","500","69","2","54","18","NaturalEnd","908","1132","../issue-62/results/trials/3x3-uct-0500/3x3-uct-0500-0069.trl"
"3x3","3x3-uct-0500","500","70","1","54","18","NaturalEnd","1190","851","../issue-62/results/trials/3x3-uct-0500/3x3-uct-0500-0070.trl"
"3x3","3x3-uct-0500","500","71","2","54","18","NaturalEnd","880","1161","../issue-62/results/trials/3x3-uct-0500/3x3-uct-0500-0071.trl"
"3x3","3x3-uct-0500","500","72","1","54","18","NaturalEnd","1135","1133","../issue-62/results/trials/3x3-uct-0500/3x3-uct-0500-0072.trl"
"3x3","3x3-uct-0500","500","73","1","54","18","NaturalEnd","1135","1133","../issue-62/results/trials/3x3-uct-0500/3x3-uct-0500-0073.trl"
"3x3","3x3-uct-0500","500","74","1","54","18","NaturalEnd","1162","882","../issue-62/results/trials/3x3-uct-0500/3x3-uct-0500-0074.trl"
"3x3","3x3-uct-0500","500","75","2","54","18","NaturalEnd","1138","1163","../issue-62/results/trials/3x3-uct-0500/3x3-uct-0500-0075.trl"
"3x3","3x3-uct-0500","500","76","1","54","18","NaturalEnd","400","316","../issue-62/results/trials/3x3-uct-0500/3x3-uct-0500-0076.trl"
"3x3","3x3-uct-0500","500","77","1","54","18","NaturalEnd","909","628","../issue-62/results/trials/3x3-uct-0500/3x3-uct-0500-0077.trl"
"3x3","3x3-uct-0500","500","78","1","54","18","NaturalEnd","1415","1132","../issue-62/results/trials/3x3-uct-0500/3x3-uct-0500-0078.trl"
"3x3","3x3-uct-0500","500","79","2","54","18","NaturalEnd","598","909","../issue-62/results/trials/3x3-uct-0500/3x3-uct-0500-0079.trl"
"3x3","3x3-uct-0500","500","80","2","54","18","NaturalEnd","881","885","../issue-62/results/trials/3x3-uct-0500/3x3-uct-0500-0080.trl"
"3x3","3x3-uct-0500","500","81","2","54","18","NaturalEnd","626","849","../issue-62/results/trials/3x3-uct-0500/3x3-uct-0500-0081.trl"
"3x3","3x3-uct-0500","500","82","2","54","18","NaturalEnd","1134","1162","../issue-62/results/trials/3x3-uct-0500/3x3-uct-0500-0082.trl"
"3x3","3x3-uct-0500","500","83","1","54","18","NaturalEnd","1163","881","../issue-62/results/trials/3x3-uct-0500/3x3-uct-0500-0083.trl"
"3x3","3x3-uct-0500","500","84","2","54","18","NaturalEnd","1133","1415","../issue-62/results/trials/3x3-uct-0500/3x3-uct-0500-0084.trl"
"3x3","3x3-uct-0500","500","85","2","54","18","NaturalEnd","882","1132","../issue-62/results/trials/3x3-uct-0500/3x3-uct-0500-0085.trl"
"3x3","3x3-uct-0500","500","86","1","54","18","NaturalEnd","1161","880","../issue-62/results/trials/3x3-uct-0500/3x3-uct-0500-0086.trl"
"3x3","3x3-uct-0500","500","87","1","54","18","NaturalEnd","1162","1132","../issue-62/results/trials/3x3-uct-0500/3x3-uct-0500-0087.trl"
"3x3","3x3-uct-0500","500","88","1","54","18","NaturalEnd","881","599","../issue-62/results/trials/3x3-uct-0500/3x3-uct-0500-0088.trl"
"3x3","3x3-uct-0500","500","89","1","54","18","NaturalEnd","1133","910","../issue-62/results/trials/3x3-uct-0500/3x3-uct-0500-0089.trl"
"3x3","3x3-uct-0500","500","90","2","54","18","NaturalEnd","880","881","../issue-62/results/trials/3x3-uct-0500/3x3-uct-0500-0090.trl"
"3x3","3x3-uct-0500","500","91","2","54","18","NaturalEnd","600","879","../issue-62/results/trials/3x3-uct-0500/3x3-uct-0500-0091.trl"
"3x3","3x3-uct-0500","500","92","1","54","18","NaturalEnd","882","879","../issue-62/results/trials/3x3-uct-0500/3x3-uct-0500-0092.trl"
"3x3","3x3-uct-0500","500","93","2","54","18","NaturalEnd","626","629","../issue-62/results/trials/3x3-uct-0500/3x3-uct-0500-0093.trl"
"3x3","3x3-uct-0500","500","94","1","54","18","NaturalEnd","1163","1134","../issue-62/results/trials/3x3-uct-0500/3x3-uct-0500-0094.trl"
"3x3","3x3-uct-0500","500","95","1","54","18","NaturalEnd","1133","598","../issue-62/results/trials/3x3-uct-0500/3x3-uct-0500-0095.trl"
"3x3","3x3-uct-0500","500","96","1","54","18","NaturalEnd","1161","851","../issue-62/results/trials/3x3-uct-0500/3x3-uct-0500-0096.trl"
"3x3","3x3-uct-0500","500","97","1","54","18","NaturalEnd","1135","1134","../issue-62/results/trials/3x3-uct-0500/3x3-uct-0500-0097.trl"
"3x3","3x3-uct-0500","500","98","1","54","18","NaturalEnd","908","851","../issue-62/results/trials/3x3-uct-0500/3x3-uct-0500-0098.trl"
"3x3","3x3-uct-0500","500","99","2","54","18","NaturalEnd","852","1190","../issue-62/results/trials/3x3-uct-0500/3x3-uct-0500-0099.trl"
"3x3","3x3-uct-0500","500","100","2","54","18","NaturalEnd","908","1132","../issue-62/results/trials/3x3-uct-0500/3x3-uct-0500-0100.trl"
"3x3","3x3-uct-1000","1000","1","1","54","18","NaturalEnd","1133","629","../issue-62/results/trials/3x3-uct-1000/3x3-uct-1000-0001.trl"
"3x3","3x3-uct-1000","1000","2","1","54","18","NaturalEnd","909","599","../issue-62/results/trials/3x3-uct-1000/3x3-uct-1000-0002.trl"
"3x3","3x3-uct-1000","1000","3","2","54","18","NaturalEnd","1132","1161","../issue-62/results/trials/3x3-uct-1000/3x3-uct-1000-0003.trl"
"3x3","3x3-uct-1000","1000","4","1","54","18","NaturalEnd","1133","598","../issue-62/results/trials/3x3-uct-1000/3x3-uct-1000-0004.trl"
"3x3","3x3-uct-1000","1000","5","2","54","18","NaturalEnd","1132","1134","../issue-62/results/trials/3x3-uct-1000/3x3-uct-1000-0005.trl"
"3x3","3x3-uct-1000","1000","6","1","54","18","NaturalEnd","1161","881","../issue-62/results/trials/3x3-uct-1000/3x3-uct-1000-0006.trl"
"3x3","3x3-uct-1000","1000","7","1","54","18","NaturalEnd","595","374","../issue-62/results/trials/3x3-uct-1000/3x3-uct-1000-0007.trl"
"3x3","3x3-uct-1000","1000","8","2","54","18","NaturalEnd","909","1132","../issue-62/results/trials/3x3-uct-1000/3x3-uct-1000-0008.trl"
"3x3","3x3-uct-1000","1000","9","2","54","18","NaturalEnd","1134","1135","../issue-62/results/trials/3x3-uct-1000/3x3-uct-1000-0009.trl"
"3x3","3x3-uct-1000","1000","10","2","54","18","NaturalEnd","850","908","../issue-62/results/trials/3x3-uct-1000/3x3-uct-1000-0010.trl"
"3x3","3x3-uct-1000","1000","11","1","54","18","NaturalEnd","1163","880","../issue-62/results/trials/3x3-uct-1000/3x3-uct-1000-0011.trl"
"3x3","3x3-uct-1000","1000","12","2","54","18","NaturalEnd","1133","1163","../issue-62/results/trials/3x3-uct-1000/3x3-uct-1000-0012.trl"
"3x3","3x3-uct-1000","1000","13","1","54","18","NaturalEnd","1132","907","../issue-62/results/trials/3x3-uct-1000/3x3-uct-1000-0013.trl"
"3x3","3x3-uct-1000","1000","14","2","54","18","NaturalEnd","628","1161","../issue-62/results/trials/3x3-uct-1000/3x3-uct-1000-0014.trl"
"3x3","3x3-uct-1000","1000","15","1","54","18","NaturalEnd","908","627","../issue-62/results/trials/3x3-uct-1000/3x3-uct-1000-0015.trl"
"3x3","3x3-uct-1000","1000","16","1","54","18","NaturalEnd","936","849","../issue-62/results/trials/3x3-uct-1000/3x3-uct-1000-0016.trl"
"3x3","3x3-uct-1000","1000","17","0","54","18","NaturalEnd","881","881","../issue-62/results/trials/3x3-uct-1000/3x3-uct-1000-0017.trl"
"3x3","3x3-uct-1000","1000","18","2","54","18","NaturalEnd","881","1132","../issue-62/results/trials/3x3-uct-1000/3x3-uct-1000-0018.trl"
"3x3","3x3-uct-1000","1000","19","1","54","18","NaturalEnd","1134","879","../issue-62/results/trials/3x3-uct-1000/3x3-uct-1000-0019.trl"
"3x3","3x3-uct-1000","1000","20","1","54","18","NaturalEnd","908","850","../issue-62/results/trials/3x3-uct-1000/3x3-uct-1000-0020.trl"
"3x3","3x3-uct-1000","1000","21","1","54","18","NaturalEnd","1132","849","../issue-62/results/trials/3x3-uct-1000/3x3-uct-1000-0021.trl"
"3x3","3x3-uct-1000","1000","22","2","54","18","NaturalEnd","853","909","../issue-62/results/trials/3x3-uct-1000/3x3-uct-1000-0022.trl"
"3x3","3x3-uct-1000","1000","23","1","54","18","NaturalEnd","1134","882","../issue-62/results/trials/3x3-uct-1000/3x3-uct-1000-0023.trl"
"3x3","3x3-uct-1000","1000","24","2","54","18","NaturalEnd","654","849","../issue-62/results/trials/3x3-uct-1000/3x3-uct-1000-0024.trl"
"3x3","3x3-uct-1000","1000","25","2","54","18","NaturalEnd","881","1132","../issue-62/results/trials/3x3-uct-1000/3x3-uct-1000-0025.trl"
"3x3","3x3-uct-1000","1000","26","1","54","18","NaturalEnd","1134","880","../issue-62/results/trials/3x3-uct-1000/3x3-uct-1000-0026.trl"
"3x3","3x3-uct-1000","1000","27","1","54","18","NaturalEnd","1161","851","../issue-62/results/trials/3x3-uct-1000/3x3-uct-1000-0027.trl"
"3x3","3x3-uct-1000","1000","28","2","54","18","NaturalEnd","852","909","../issue-62/results/trials/3x3-uct-1000/3x3-uct-1000-0028.trl"
"3x3","3x3-uct-1000","1000","29","1","54","18","NaturalEnd","1133","879","../issue-62/results/trials/3x3-uct-1000/3x3-uct-1000-0029.trl"
"3x3","3x3-uct-1000","1000","30","2","54","18","NaturalEnd","882","1135","../issue-62/results/trials/3x3-uct-1000/3x3-uct-1000-0030.trl"
"3x3","3x3-uct-1000","1000","31","2","54","18","NaturalEnd","878","909","../issue-62/results/trials/3x3-uct-1000/3x3-uct-1000-0031.trl"
"3x3","3x3-uct-1000","1000","32","2","54","18","NaturalEnd","599","908","../issue-62/results/trials/3x3-uct-1000/3x3-uct-1000-0032.trl"
"3x3","3x3-uct-1000","1000","33","1","54","18","NaturalEnd","881","628","../issue-62/results/trials/3x3-uct-1000/3x3-uct-1000-0033.trl"
"3x3","3x3-uct-1000","1000","34","2","54","18","NaturalEnd","854","1135","../issue-62/results/trials/3x3-uct-1000/3x3-uct-1000-0034.trl"
"3x3","3x3-uct-1000","1000","35","1","54","18","NaturalEnd","1415","882","../issue-62/results/trials/3x3-uct-1000/3x3-uct-1000-0035.trl"
"3x3","3x3-uct-1000","1000","36","2","54","18","NaturalEnd","880","881","../issue-62/results/trials/3x3-uct-1000/3x3-uct-1000-0036.trl"
"3x3","3x3-uct-1000","1000","37","1","54","18","NaturalEnd","1132","655","../issue-62/results/trials/3x3-uct-1000/3x3-uct-1000-0037.trl"
"3x3","3x3-uct-1000","1000","38","1","54","18","NaturalEnd","909","850","../issue-62/results/trials/3x3-uct-1000/3x3-uct-1000-0038.trl"
"3x3","3x3-uct-1000","1000","39","1","54","18","NaturalEnd","1134","881","../issue-62/results/trials/3x3-uct-1000/3x3-uct-1000-0039.trl"
"3x3","3x3-uct-1000","1000","40","1","54","18","NaturalEnd","1132","850","../issue-62/results/trials/3x3-uct-1000/3x3-uct-1000-0040.trl"
"3x3","3x3-uct-1000","1000","41","1","54","18","NaturalEnd","1133","881","../issue-62/results/trials/3x3-uct-1000/3x3-uct-1000-0041.trl"
"3x3","3x3-uct-1000","1000","42","2","54","18","NaturalEnd","880","909","../issue-62/results/trials/3x3-uct-1000/3x3-uct-1000-0042.trl"
"3x3","3x3-uct-1000","1000","43","2","54","18","NaturalEnd","854","881","../issue-62/results/trials/3x3-uct-1000/3x3-uct-1000-0043.trl"
"3x3","3x3-uct-1000","1000","44","1","54","18","NaturalEnd","908","878","../issue-62/results/trials/3x3-uct-1000/3x3-uct-1000-0044.trl"
"3x3","3x3-uct-1000","1000","45","2","54","18","NaturalEnd","880","1161","../issue-62/results/trials/3x3-uct-1000/3x3-uct-1000-0045.trl"
"3x3","3x3-uct-1000","1000","46","2","54","18","NaturalEnd","598","654","../issue-62/results/trials/3x3-uct-1000/3x3-uct-1000-0046.trl"
"3x3","3x3-uct-1000","1000","47","0","54","18","NaturalEnd","1132","1132","../issue-62/results/trials/3x3-uct-1000/3x3-uct-1000-0047.trl"
"3x3","3x3-uct-1000","1000","48","2","54","18","NaturalEnd","852","908","../issue-62/results/trials/3x3-uct-1000/3x3-uct-1000-0048.trl"
"3x3","3x3-uct-1000","1000","49","0","54","18","NaturalEnd","881","881","../issue-62/results/trials/3x3-uct-1000/3x3-uct-1000-0049.trl"
"3x3","3x3-uct-1000","1000","50","2","54","18","NaturalEnd","911","1133","../issue-62/results/trials/3x3-uct-1000/3x3-uct-1000-0050.trl"
"3x3","3x3-uct-1000","1000","51","2","54","18","NaturalEnd","1134","1163","../issue-62/results/trials/3x3-uct-1000/3x3-uct-1000-0051.trl"
"3x3","3x3-uct-1000","1000","52","0","54","18","NaturalEnd","881","881","../issue-62/results/trials/3x3-uct-1000/3x3-uct-1000-0052.trl"
"3x3","3x3-uct-1000","1000","53","2","54","18","NaturalEnd","1132","1162","../issue-62/results/trials/3x3-uct-1000/3x3-uct-1000-0053.trl"
"3x3","3x3-uct-1000","1000","54","2","54","18","NaturalEnd","854","1133","../issue-62/results/trials/3x3-uct-1000/3x3-uct-1000-0054.trl"
"3x3","3x3-uct-1000","1000","55","2","54","18","NaturalEnd","910","1132","../issue-62/results/trials/3x3-uct-1000/3x3-uct-1000-0055.trl"
"3x3","3x3-uct-1000","1000","56","0","54","18","NaturalEnd","1133","1133","../issue-62/results/trials/3x3-uct-1000/3x3-uct-1000-0056.trl"
"3x3","3x3-uct-1000","1000","57","0","54","18","NaturalEnd","1134","1134","../issue-62/results/trials/3x3-uct-1000/3x3-uct-1000-0057.trl"
"3x3","3x3-uct-1000","1000","58","1","54","18","NaturalEnd","1162","879","../issue-62/results/trials/3x3-uct-1000/3x3-uct-1000-0058.trl"
"3x3","3x3-uct-1000","1000","59","2","54","18","NaturalEnd","600","880","../issue-62/results/trials/3x3-uct-1000/3x3-uct-1000-0059.trl"
"3x3","3x3-uct-1000","1000","60","1","54","18","NaturalEnd","1161","853","../issue-62/results/trials/3x3-uct-1000/3x3-uct-1000-0060.trl"
"3x3","3x3-uct-1000","1000","61","2","54","18","NaturalEnd","1134","1162","../issue-62/results/trials/3x3-uct-1000/3x3-uct-1000-0061.trl"
"3x3","3x3-uct-1000","1000","62","1","54","18","NaturalEnd","656","374","../issue-62/results/trials/3x3-uct-1000/3x3-uct-1000-0062.trl"
"3x3","3x3-uct-1000","1000","63","2","54","18","NaturalEnd","599","627","../issue-62/results/trials/3x3-uct-1000/3x3-uct-1000-0063.trl"
"3x3","3x3-uct-1000","1000","64","2","54","18","NaturalEnd","881","908","../issue-62/results/trials/3x3-uct-1000/3x3-uct-1000-0064.trl"
"3x3","3x3-uct-1000","1000","65","1","54","18","NaturalEnd","1161","852","../issue-62/results/trials/3x3-uct-1000/3x3-uct-1000-0065.trl"
"3x3","3x3-uct-1000","1000","66","1","54","18","NaturalEnd","909","600","../issue-62/results/trials/3x3-uct-1000/3x3-uct-1000-0066.trl"
"3x3","3x3-uct-1000","1000","67","2","54","18","NaturalEnd","880","908","../issue-62/results/trials/3x3-uct-1000/3x3-uct-1000-0067.trl"
"3x3","3x3-uct-1000","1000","68","2","54","18","NaturalEnd","852","881","../issue-62/results/trials/3x3-uct-1000/3x3-uct-1000-0068.trl"
"3x3","3x3-uct-1000","1000","69","2","54","18","NaturalEnd","880","908","../issue-62/results/trials/3x3-uct-1000/3x3-uct-1000-0069.trl"
"3x3","3x3-uct-1000","1000","70","1","54","18","NaturalEnd","879","850","../issue-62/results/trials/3x3-uct-1000/3x3-uct-1000-0070.trl"
"3x3","3x3-uct-1000","1000","71","1","54","18","NaturalEnd","1134","880","../issue-62/results/trials/3x3-uct-1000/3x3-uct-1000-0071.trl"
"3x3","3x3-uct-1000","1000","72","1","54","18","NaturalEnd","1132","880","../issue-62/results/trials/3x3-uct-1000/3x3-uct-1000-0072.trl"
"3x3","3x3-uct-1000","1000","73","1","54","18","NaturalEnd","1162","1133","../issue-62/results/trials/3x3-uct-1000/3x3-uct-1000-0073.trl"
"3x3","3x3-uct-1000","1000","74","1","54","18","NaturalEnd","908","880","../issue-62/results/trials/3x3-uct-1000/3x3-uct-1000-0074.trl"
"3x3","3x3-uct-1000","1000","75","2","54","18","NaturalEnd","655","849","../issue-62/results/trials/3x3-uct-1000/3x3-uct-1000-0075.trl"
"3x3","3x3-uct-1000","1000","76","2","54","18","NaturalEnd","1132","1161","../issue-62/results/trials/3x3-uct-1000/3x3-uct-1000-0076.trl"
"3x3","3x3-uct-1000","1000","77","1","54","18","NaturalEnd","1163","1134","../issue-62/results/trials/3x3-uct-1000/3x3-uct-1000-0077.trl"
"3x3","3x3-uct-1000","1000","78","1","54","18","NaturalEnd","938","570","../issue-62/results/trials/3x3-uct-1000/3x3-uct-1000-0078.trl"
"3x3","3x3-uct-1000","1000","79","2","54","18","NaturalEnd","851","908","../issue-62/results/trials/3x3-uct-1000/3x3-uct-1000-0079.trl"
"3x3","3x3-uct-1000","1000","80","2","54","18","NaturalEnd","629","851","../issue-62/results/trials/3x3-uct-1000/3x3-uct-1000-0080.trl"
"3x3","3x3-uct-1000","1000","81","1","54","18","NaturalEnd","1134","881","../issue-62/results/trials/3x3-uct-1000/3x3-uct-1000-0081.trl"
"3x3","3x3-uct-1000","1000","82","1","54","18","NaturalEnd","1161","880","../issue-62/results/trials/3x3-uct-1000/3x3-uct-1000-0082.trl"
"3x3","3x3-uct-1000","1000","83","2","54","18","NaturalEnd","881","1134","../issue-62/results/trials/3x3-uct-1000/3x3-uct-1000-0083.trl"
"3x3","3x3-uct-1000","1000","84","1","54","18","NaturalEnd","1132","850","../issue-62/results/trials/3x3-uct-1000/3x3-uct-1000-0084.trl"
"3x3","3x3-uct-1000","1000","85","1","54","18","NaturalEnd","1134","1133","../issue-62/results/trials/3x3-uct-1000/3x3-uct-1000-0085.trl"
"3x3","3x3-uct-1000","1000","86","1","54","18","NaturalEnd","1162","1132","../issue-62/results/trials/3x3-uct-1000/3x3-uct-1000-0086.trl"
"3x3","3x3-uct-1000","1000","87","2","54","18","NaturalEnd","909","1132","../issue-62/results/trials/3x3-uct-1000/3x3-uct-1000-0087.trl"
"3x3","3x3-uct-1000","1000","88","1","54","18","NaturalEnd","908","851","../issue-62/results/trials/3x3-uct-1000/3x3-uct-1000-0088.trl"
"3x3","3x3-uct-1000","1000","89","1","54","18","NaturalEnd","880","850","../issue-62/results/trials/3x3-uct-1000/3x3-uct-1000-0089.trl"
"3x3","3x3-uct-1000","1000","90","1","54","18","NaturalEnd","1162","880","../issue-62/results/trials/3x3-uct-1000/3x3-uct-1000-0090.trl"
"3x3","3x3-uct-1000","1000","91","1","54","18","NaturalEnd","880","597","../issue-62/results/trials/3x3-uct-1000/3x3-uct-1000-0091.trl"
"3x3","3x3-uct-1000","1000","92","2","54","18","NaturalEnd","879","881","../issue-62/results/trials/3x3-uct-1000/3x3-uct-1000-0092.trl"
"3x3","3x3-uct-1000","1000","93","1","54","18","NaturalEnd","881","853","../issue-62/results/trials/3x3-uct-1000/3x3-uct-1000-0093.trl"
"3x3","3x3-uct-1000","1000","94","1","54","18","NaturalEnd","1132","849","../issue-62/results/trials/3x3-uct-1000/3x3-uct-1000-0094.trl"
"3x3","3x3-uct-1000","1000","95","2","54","18","NaturalEnd","880","909","../issue-62/results/trials/3x3-uct-1000/3x3-uct-1000-0095.trl"
"3x3","3x3-uct-1000","1000","96","2","54","18","NaturalEnd","1134","1161","../issue-62/results/trials/3x3-uct-1000/3x3-uct-1000-0096.trl"
"3x3","3x3-uct-1000","1000","97","1","54","18","NaturalEnd","908","880","../issue-62/results/trials/3x3-uct-1000/3x3-uct-1000-0097.trl"
"3x3","3x3-uct-1000","1000","98","0","54","18","NaturalEnd","1133","1133","../issue-62/results/trials/3x3-uct-1000/3x3-uct-1000-0098.trl"
"3x3","3x3-uct-1000","1000","99","2","54","18","NaturalEnd","881","1161","../issue-62/results/trials/3x3-uct-1000/3x3-uct-1000-0099.trl"
"3x3","3x3-uct-1000","1000","100","2","54","18","NaturalEnd","850","908","../issue-62/results/trials/3x3-uct-1000/3x3-uct-1000-0100.trl"
"4x4","seeded-random-self-play","-1","1","2","72","24","NaturalEnd","195","1457","../issue-11/results/trials/seeded-random-self-play/seeded-random-self-play-0001.trl"
"4x4","seeded-random-self-play","-1","2","1","72","24","NaturalEnd","677","275","../issue-11/results/trials/seeded-random-self-play/seeded-random-self-play-0002.trl"
"4x4","seeded-random-self-play","-1","3","2","72","24","NaturalEnd","158","1419","../issue-11/results/trials/seeded-random-self-play/seeded-random-self-play-0003.trl"
"4x4","seeded-random-self-play","-1","4","1","72","24","NaturalEnd","2013","829","../issue-11/results/trials/seeded-random-self-play/seeded-random-self-play-0004.trl"
"4x4","seeded-random-self-play","-1","5","2","72","24","NaturalEnd","712","904","../issue-11/results/trials/seeded-random-self-play/seeded-random-self-play-0005.trl"
"4x4","seeded-random-self-play","-1","6","1","72","24","NaturalEnd","1421","158","../issue-11/results/trials/seeded-random-self-play/seeded-random-self-play-0006.trl"
"4x4","seeded-random-self-play","-1","7","1","72","24","NaturalEnd","864","712","../issue-11/results/trials/seeded-random-self-play/seeded-random-self-play-0007.trl"
"4x4","seeded-random-self-play","-1","8","1","72","24","NaturalEnd","157","121","../issue-11/results/trials/seeded-random-self-play/seeded-random-self-play-0008.trl"
"4x4","seeded-random-self-play","-1","9","2","72","24","NaturalEnd","234","826","../issue-11/results/trials/seeded-random-self-play/seeded-random-self-play-0009.trl"
"4x4","seeded-random-self-play","-1","10","2","72","24","NaturalEnd","310","824","../issue-11/results/trials/seeded-random-self-play/seeded-random-self-play-0010.trl"
"4x4","seeded-random-self-play","-1","11","1","72","24","NaturalEnd","1495","788","../issue-11/results/trials/seeded-random-self-play/seeded-random-self-play-0011.trl"
"4x4","seeded-random-self-play","-1","12","1","72","24","NaturalEnd","1939","793","../issue-11/results/trials/seeded-random-self-play/seeded-random-self-play-0012.trl"
"4x4","seeded-random-self-play","-1","13","1","72","24","NaturalEnd","751","157","../issue-11/results/trials/seeded-random-self-play/seeded-random-self-play-0013.trl"
"4x4","seeded-random-self-play","-1","14","1","72","24","NaturalEnd","158","157","../issue-11/results/trials/seeded-random-self-play/seeded-random-self-play-0014.trl"
"4x4","seeded-random-self-play","-1","15","2","72","24","NaturalEnd","232","788","../issue-11/results/trials/seeded-random-self-play/seeded-random-self-play-0015.trl"
"4x4","seeded-random-self-play","-1","16","1","72","24","NaturalEnd","826","269","../issue-11/results/trials/seeded-random-self-play/seeded-random-self-play-0016.trl"
"4x4","seeded-random-self-play","-1","17","2","72","24","NaturalEnd","195","1383","../issue-11/results/trials/seeded-random-self-play/seeded-random-self-play-0017.trl"
"4x4","seeded-random-self-play","-1","18","1","72","24","NaturalEnd","786","195","../issue-11/results/trials/seeded-random-self-play/seeded-random-self-play-0018.trl"
"4x4","seeded-random-self-play","-1","19","2","72","24","NaturalEnd","863","1495","../issue-11/results/trials/seeded-random-self-play/seeded-random-self-play-0019.trl"
"4x4","seeded-random-self-play","-1","20","2","72","24","NaturalEnd","753","830","../issue-11/results/trials/seeded-random-self-play/seeded-random-self-play-0020.trl"
"4x4","seeded-random-self-play","-1","21","2","72","24","NaturalEnd","118","235","../issue-11/results/trials/seeded-random-self-play/seeded-random-self-play-0021.trl"
"4x4","seeded-random-self-play","-1","22","1","72","24","NaturalEnd","826","156","../issue-11/results/trials/seeded-random-self-play/seeded-random-self-play-0022.trl"
"4x4","seeded-random-self-play","-1","23","1","72","24","NaturalEnd","197","82","../issue-11/results/trials/seeded-random-self-play/seeded-random-self-play-0023.trl"
"4x4","seeded-random-self-play","-1","24","1","72","24","NaturalEnd","1381","824","../issue-11/results/trials/seeded-random-self-play/seeded-random-self-play-0024.trl"
"4x4","seeded-random-self-play","-1","25","1","72","24","NaturalEnd","1386","160","../issue-11/results/trials/seeded-random-self-play/seeded-random-self-play-0025.trl"
"4x4","seeded-random-self-play","-1","26","1","72","24","NaturalEnd","2050","789","../issue-11/results/trials/seeded-random-self-play/seeded-random-self-play-0026.trl"
"4x4","seeded-random-self-play","-1","27","1","72","24","NaturalEnd","1383","272","../issue-11/results/trials/seeded-random-self-play/seeded-random-self-play-0027.trl"
"4x4","seeded-random-self-play","-1","28","2","72","24","NaturalEnd","234","1495","../issue-11/results/trials/seeded-random-self-play/seeded-random-self-play-0028.trl"
"4x4","seeded-random-self-play","-1","29","2","72","24","NaturalEnd","269","786","../issue-11/results/trials/seeded-random-self-play/seeded-random-self-play-0029.trl"
"4x4","seeded-random-self-play","-1","30","2","72","24","NaturalEnd","713","750","../issue-11/results/trials/seeded-random-self-play/seeded-random-self-play-0030.trl"
"4x4","seeded-random-self-play","-1","31","1","72","24","NaturalEnd","1384","751","../issue-11/results/trials/seeded-random-self-play/seeded-random-self-play-0031.trl"
"4x4","seeded-random-self-play","-1","32","1","72","24","NaturalEnd","1308","790","../issue-11/results/trials/seeded-random-self-play/seeded-random-self-play-0032.trl"
"4x4","seeded-random-self-play","-1","33","1","72","24","NaturalEnd","750","195","../issue-11/results/trials/seeded-random-self-play/seeded-random-self-play-0033.trl"
"4x4","seeded-random-self-play","-1","34","1","72","24","NaturalEnd","790","273","../issue-11/results/trials/seeded-random-self-play/seeded-random-self-play-0034.trl"
"4x4","seeded-random-self-play","-1","35","1","72","24","NaturalEnd","787","750","../issue-11/results/trials/seeded-random-self-play/seeded-random-self-play-0035.trl"
"4x4","seeded-random-self-play","-1","36","1","72","24","NaturalEnd","789","752","../issue-11/results/trials/seeded-random-self-play/seeded-random-self-play-0036.trl"
"4x4","seeded-random-self-play","-1","37","1","72","24","NaturalEnd","1458","787","../issue-11/results/trials/seeded-random-self-play/seeded-random-self-play-0037.trl"
"4x4","seeded-random-self-play","-1","38","2","72","24","NaturalEnd","192","307","../issue-11/results/trials/seeded-random-self-play/seeded-random-self-play-0038.trl"
"4x4","seeded-random-self-play","-1","39","1","72","24","NaturalEnd","1382","827","../issue-11/results/trials/seeded-random-self-play/seeded-random-self-play-0039.trl"
"4x4","seeded-random-self-play","-1","40","2","72","24","NaturalEnd","750","828","../issue-11/results/trials/seeded-random-self-play/seeded-random-self-play-0040.trl"
"4x4","seeded-random-self-play","-1","41","2","72","24","NaturalEnd","790","903","../issue-11/results/trials/seeded-random-self-play/seeded-random-self-play-0041.trl"
"4x4","seeded-random-self-play","-1","42","1","72","24","NaturalEnd","1977","274","../issue-11/results/trials/seeded-random-self-play/seeded-random-self-play-0042.trl"
"4x4","seeded-random-self-play","-1","43","2","72","24","NaturalEnd","156","750","../issue-11/results/trials/seeded-random-self-play/seeded-random-self-play-0043.trl"
"4x4","seeded-random-self-play","-1","44","1","72","24","NaturalEnd","1383","790","../issue-11/results/trials/seeded-random-self-play/seeded-random-self-play-0044.trl"
"4x4","seeded-random-self-play","-1","45","1","72","24","NaturalEnd","709","154","../issue-11/results/trials/seeded-random-self-play/seeded-random-self-play-0045.trl"
"4x4","seeded-random-self-play","-1","46","2","72","24","NaturalEnd","195","196","../issue-11/results/trials/seeded-random-self-play/seeded-random-self-play-0046.trl"
"4x4","seeded-random-self-play","-1","47","1","72","24","NaturalEnd","1380","192","../issue-11/results/trials/seeded-random-self-play/seeded-random-self-play-0047.trl"
"4x4","seeded-random-self-play","-1","48","1","72","24","NaturalEnd","1460","273","../issue-11/results/trials/seeded-random-self-play/seeded-random-self-play-0048.trl"
"4x4","seeded-random-self-play","-1","49","1","72","24","NaturalEnd","1454","826","../issue-11/results/trials/seeded-random-self-play/seeded-random-self-play-0049.trl"
"4x4","seeded-random-self-play","-1","50","2","72","24","NaturalEnd","827","2050","../issue-11/results/trials/seeded-random-self-play/seeded-random-self-play-0050.trl"
"4x4","seeded-random-self-play","-1","51","2","72","24","NaturalEnd","273","1420","../issue-11/results/trials/seeded-random-self-play/seeded-random-self-play-0051.trl"
"4x4","seeded-random-self-play","-1","52","1","72","24","NaturalEnd","827","197","../issue-11/results/trials/seeded-random-self-play/seeded-random-self-play-0052.trl"
"4x4","seeded-random-self-play","-1","53","2","72","24","NaturalEnd","196","1419","../issue-11/results/trials/seeded-random-self-play/seeded-random-self-play-0053.trl"
"4x4","seeded-random-self-play","-1","54","2","72","24","NaturalEnd","826","827","../issue-11/results/trials/seeded-random-self-play/seeded-random-self-play-0054.trl"
"4x4","seeded-random-self-play","-1","55","2","72","24","NaturalEnd","788","827","../issue-11/results/trials/seeded-random-self-play/seeded-random-self-play-0055.trl"
"4x4","seeded-random-self-play","-1","56","1","72","24","NaturalEnd","866","711","../issue-11/results/trials/seeded-random-self-play/seeded-random-self-play-0056.trl"
"4x4","seeded-random-self-play","-1","57","1","72","24","NaturalEnd","232","156","../issue-11/results/trials/seeded-random-self-play/seeded-random-self-play-0057.trl"
"4x4","seeded-random-self-play","-1","58","2","72","24","NaturalEnd","157","900","../issue-11/results/trials/seeded-random-self-play/seeded-random-self-play-0058.trl"
"4x4","seeded-random-self-play","-1","59","1","72","24","NaturalEnd","941","826","../issue-11/results/trials/seeded-random-self-play/seeded-random-self-play-0059.trl"
"4x4","seeded-random-self-play","-1","60","1","72","24","NaturalEnd","865","789","../issue-11/results/trials/seeded-random-self-play/seeded-random-self-play-0060.trl"
"4x4","seeded-random-self-play","-1","61","2","72","24","NaturalEnd","825","826","../issue-11/results/trials/seeded-random-self-play/seeded-random-self-play-0061.trl"
"4x4","seeded-random-self-play","-1","62","1","72","24","NaturalEnd","1456","308","../issue-11/results/trials/seeded-random-self-play/seeded-random-self-play-0062.trl"
"4x4","seeded-random-self-play","-1","63","1","72","24","NaturalEnd","195","119","../issue-11/results/trials/seeded-random-self-play/seeded-random-self-play-0063.trl"
"4x4","seeded-random-self-play","-1","64","1","72","24","NaturalEnd","1308","198","../issue-11/results/trials/seeded-random-self-play/seeded-random-self-play-0064.trl"
"4x4","seeded-random-self-play","-1","65","1","72","24","NaturalEnd","864","714","../issue-11/results/trials/seeded-random-self-play/seeded-random-self-play-0065.trl"
"4x4","seeded-random-self-play","-1","66","1","72","24","NaturalEnd","2088","1305","../issue-11/results/trials/seeded-random-self-play/seeded-random-self-play-0066.trl"
"4x4","seeded-random-self-play","-1","67","1","72","24","NaturalEnd","753","714","../issue-11/results/trials/seeded-random-self-play/seeded-random-self-play-0067.trl"
"4x4","seeded-random-self-play","-1","68","1","72","24","NaturalEnd","863","193","../issue-11/results/trials/seeded-random-self-play/seeded-random-self-play-0068.trl"
"4x4","seeded-random-self-play","-1","69","2","72","24","NaturalEnd","902","1382","../issue-11/results/trials/seeded-random-self-play/seeded-random-self-play-0069.trl"
"4x4","seeded-random-self-play","-1","70","1","72","24","NaturalEnd","790","752","../issue-11/results/trials/seeded-random-self-play/seeded-random-self-play-0070.trl"
"4x4","seeded-random-self-play","-1","71","0","72","24","NaturalEnd","748","748","../issue-11/results/trials/seeded-random-self-play/seeded-random-self-play-0071.trl"
"4x4","seeded-random-self-play","-1","72","2","72","24","NaturalEnd","750","827","../issue-11/results/trials/seeded-random-self-play/seeded-random-self-play-0072.trl"
"4x4","seeded-random-self-play","-1","73","1","72","24","NaturalEnd","1495","826","../issue-11/results/trials/seeded-random-self-play/seeded-random-self-play-0073.trl"
"4x4","seeded-random-self-play","-1","74","1","72","24","NaturalEnd","754","122","../issue-11/results/trials/seeded-random-self-play/seeded-random-self-play-0074.trl"
"4x4","seeded-random-self-play","-1","75","1","72","24","NaturalEnd","866","82","../issue-11/results/trials/seeded-random-self-play/seeded-random-self-play-0075.trl"
"4x4","seeded-random-self-play","-1","76","2","72","24","NaturalEnd","788","866","../issue-11/results/trials/seeded-random-self-play/seeded-random-self-play-0076.trl"
"4x4","seeded-random-self-play","-1","77","2","72","24","NaturalEnd","900","1381","../issue-11/results/trials/seeded-random-self-play/seeded-random-self-play-0077.trl"
"4x4","seeded-random-self-play","-1","78","2","72","24","NaturalEnd","156","864","../issue-11/results/trials/seeded-random-self-play/seeded-random-self-play-0078.trl"
"4x4","seeded-random-self-play","-1","79","1","72","24","NaturalEnd","1343","865","../issue-11/results/trials/seeded-random-self-play/seeded-random-self-play-0079.trl"
"4x4","seeded-random-self-play","-1","80","1","72","24","NaturalEnd","1344","234","../issue-11/results/trials/seeded-random-self-play/seeded-random-self-play-0080.trl"
"4x4","seeded-random-self-play","-1","81","1","72","24","NaturalEnd","2050","826","../issue-11/results/trials/seeded-random-self-play/seeded-random-self-play-0081.trl"
"4x4","seeded-random-self-play","-1","82","1","72","24","NaturalEnd","1346","272","../issue-11/results/trials/seeded-random-self-play/seeded-random-self-play-0082.trl"
"4x4","seeded-random-self-play","-1","83","2","72","24","NaturalEnd","826","1381","../issue-11/results/trials/seeded-random-self-play/seeded-random-self-play-0083.trl"
"4x4","seeded-random-self-play","-1","84","1","72","24","NaturalEnd","790","385","../issue-11/results/trials/seeded-random-self-play/seeded-random-self-play-0084.trl"
"4x4","seeded-random-self-play","-1","85","1","72","24","NaturalEnd","713","196","../issue-11/results/trials/seeded-random-self-play/seeded-random-self-play-0085.trl"
"4x4","seeded-random-self-play","-1","86","1","72","24","NaturalEnd","1344","197","../issue-11/results/trials/seeded-random-self-play/seeded-random-self-play-0086.trl"
"4x4","seeded-random-self-play","-1","87","2","72","24","NaturalEnd","235","866","../issue-11/results/trials/seeded-random-self-play/seeded-random-self-play-0087.trl"
"4x4","seeded-random-self-play","-1","88","2","72","24","NaturalEnd","1380","1382","../issue-11/results/trials/seeded-random-self-play/seeded-random-self-play-0088.trl"
"4x4","seeded-random-self-play","-1","89","1","72","24","NaturalEnd","1939","161","../issue-11/results/trials/seeded-random-self-play/seeded-random-self-play-0089.trl"
"4x4","seeded-random-self-play","-1","90","2","72","24","NaturalEnd","236","790","../issue-11/results/trials/seeded-random-self-play/seeded-random-self-play-0090.trl"
"4x4","seeded-random-self-play","-1","91","1","72","24","NaturalEnd","862","827","../issue-11/results/trials/seeded-random-self-play/seeded-random-self-play-0091.trl"
"4x4","seeded-random-self-play","-1","92","1","72","24","NaturalEnd","826","118","../issue-11/results/trials/seeded-random-self-play/seeded-random-self-play-0092.trl"
"4x4","seeded-random-self-play","-1","93","1","72","24","NaturalEnd","1343","195","../issue-11/results/trials/seeded-random-self-play/seeded-random-self-play-0093.trl"
"4x4","seeded-random-self-play","-1","94","2","72","24","NaturalEnd","198","789","../issue-11/results/trials/seeded-random-self-play/seeded-random-self-play-0094.trl"
"4x4","seeded-random-self-play","-1","95","2","72","24","NaturalEnd","158","789","../issue-11/results/trials/seeded-random-self-play/seeded-random-self-play-0095.trl"
"4x4","seeded-random-self-play","-1","96","1","72","24","NaturalEnd","863","230","../issue-11/results/trials/seeded-random-self-play/seeded-random-self-play-0096.trl"
"4x4","seeded-random-self-play","-1","97","2","72","24","NaturalEnd","197","1421","../issue-11/results/trials/seeded-random-self-play/seeded-random-self-play-0097.trl"
"4x4","seeded-random-self-play","-1","98","2","72","24","NaturalEnd","155","938","../issue-11/results/trials/seeded-random-self-play/seeded-random-self-play-0098.trl"
"4x4","seeded-random-self-play","-1","99","2","72","24","NaturalEnd","272","750","../issue-11/results/trials/seeded-random-self-play/seeded-random-self-play-0099.trl"
"4x4","seeded-random-self-play","-1","100","1","72","24","NaturalEnd","1973","1419","../issue-11/results/trials/seeded-random-self-play/seeded-random-self-play-0100.trl"
"4x4","uct-0100-self-play","100","1","1","72","24","NaturalEnd","3198","2089","../issue-30/results/trials/uct-0100-self-play/uct-0100-self-play-0001.trl"
"4x4","uct-0100-self-play","100","2","2","72","24","NaturalEnd","2569","2643","../issue-30/results/trials/uct-0100-self-play/uct-0100-self-play-0002.trl"
"4x4","uct-0100-self-play","100","3","2","72","24","NaturalEnd","2644","2647","../issue-30/results/trials/uct-0100-self-play/uct-0100-self-play-0003.trl"
"4x4","uct-0100-self-play","100","4","2","72","24","NaturalEnd","3162","3276","../issue-30/results/trials/uct-0100-self-play/uct-0100-self-play-0004.trl"
"4x4","uct-0100-self-play","100","5","1","72","24","NaturalEnd","2645","2567","../issue-30/results/trials/uct-0100-self-play/uct-0100-self-play-0005.trl"
"4x4","uct-0100-self-play","100","6","2","72","24","NaturalEnd","2052","3239","../issue-30/results/trials/uct-0100-self-play/uct-0100-self-play-0006.trl"
"4x4","uct-0100-self-play","100","7","2","72","24","NaturalEnd","2606","2644","../issue-30/results/trials/uct-0100-self-play/uct-0100-self-play-0007.trl"
"4x4","uct-0100-self-play","100","8","2","72","24","NaturalEnd","2607","3161","../issue-30/results/trials/uct-0100-self-play/uct-0100-self-play-0008.trl"
"4x4","uct-0100-self-play","100","9","2","72","24","NaturalEnd","3238","3239","../issue-30/results/trials/uct-0100-self-play/uct-0100-self-play-0009.trl"
"4x4","uct-0100-self-play","100","10","2","72","24","NaturalEnd","1974","2012","../issue-30/results/trials/uct-0100-self-play/uct-0100-self-play-0010.trl"
"4x4","uct-0100-self-play","100","11","1","72","24","NaturalEnd","2644","2529","../issue-30/results/trials/uct-0100-self-play/uct-0100-self-play-0011.trl"
"4x4","uct-0100-self-play","100","12","2","72","24","NaturalEnd","2608","3162","../issue-30/results/trials/uct-0100-self-play/uct-0100-self-play-0012.trl"
"4x4","uct-0100-self-play","100","13","2","72","24","NaturalEnd","2644","2647","../issue-30/results/trials/uct-0100-self-play/uct-0100-self-play-0013.trl"
"4x4","uct-0100-self-play","100","14","1","72","24","NaturalEnd","2050","1382","../issue-30/results/trials/uct-0100-self-play/uct-0100-self-play-0014.trl"
"4x4","uct-0100-self-play","100","15","2","72","24","NaturalEnd","2016","2529","../issue-30/results/trials/uct-0100-self-play/uct-0100-self-play-0015.trl"
"4x4","uct-0100-self-play","100","16","1","72","24","NaturalEnd","3162","2682","../issue-30/results/trials/uct-0100-self-play/uct-0100-self-play-0016.trl"
"4x4","uct-0100-self-play","100","17","2","72","24","NaturalEnd","2608","2609","../issue-30/results/trials/uct-0100-self-play/uct-0100-self-play-0017.trl"
"4x4","uct-0100-self-play","100","18","1","72","24","NaturalEnd","2606","2567","../issue-30/results/trials/uct-0100-self-play/uct-0100-self-play-0018.trl"
"4x4","uct-0100-self-play","100","19","2","72","24","NaturalEnd","2644","2646","../issue-30/results/trials/uct-0100-self-play/uct-0100-self-play-0019.trl"
"4x4","uct-0100-self-play","100","20","2","72","24","NaturalEnd","2014","2570","../issue-30/results/trials/uct-0100-self-play/uct-0100-self-play-0020.trl"
"4x4","uct-0100-self-play","100","21","2","72","24","NaturalEnd","2605","2606","../issue-30/results/trials/uct-0100-self-play/uct-0100-self-play-0021.trl"
"4x4","uct-0100-self-play","100","22","2","72","24","NaturalEnd","2050","2605","../issue-30/results/trials/uct-0100-self-play/uct-0100-self-play-0022.trl"
"4x4","uct-0100-self-play","100","23","2","72","24","NaturalEnd","2647","2682","../issue-30/results/trials/uct-0100-self-play/uct-0100-self-play-0023.trl"
"4x4","uct-0100-self-play","100","24","2","72","24","NaturalEnd","2680","3162","../issue-30/results/trials/uct-0100-self-play/uct-0100-self-play-0024.trl"
"4x4","uct-0100-self-play","100","25","2","72","24","NaturalEnd","1455","1974","../issue-30/results/trials/uct-0100-self-play/uct-0100-self-play-0025.trl"
"4x4","uct-0100-self-play","100","26","2","72","24","NaturalEnd","2682","3200","../issue-30/results/trials/uct-0100-self-play/uct-0100-self-play-0026.trl"
"4x4","uct-0100-self-play","100","27","2","72","24","NaturalEnd","2013","2088","../issue-30/results/trials/uct-0100-self-play/uct-0100-self-play-0027.trl"
"4x4","uct-0100-self-play","100","28","2","72","24","NaturalEnd","2569","2570","../issue-30/results/trials/uct-0100-self-play/uct-0100-self-play-0028.trl"
"4x4","uct-0100-self-play","100","29","2","72","24","NaturalEnd","2604","2605","../issue-30/results/trials/uct-0100-self-play/uct-0100-self-play-0029.trl"
"4x4","uct-0100-self-play","100","30","1","72","24","NaturalEnd","2681","2054","../issue-30/results/trials/uct-0100-self-play/uct-0100-self-play-0030.trl"
"4x4","uct-0100-self-play","100","31","2","72","24","NaturalEnd","2609","2645","../issue-30/results/trials/uct-0100-self-play/uct-0100-self-play-0031.trl"
"4x4","uct-0100-self-play","100","32","2","72","24","NaturalEnd","3200","3201","../issue-30/results/trials/uct-0100-self-play/uct-0100-self-play-0032.trl"
"4x4","uct-0100-self-play","100","33","1","72","24","NaturalEnd","2089","1420","../issue-30/results/trials/uct-0100-self-play/uct-0100-self-play-0033.trl"
"4x4","uct-0100-self-play","100","34","2","72","24","NaturalEnd","2645","3162","../issue-30/results/trials/uct-0100-self-play/uct-0100-self-play-0034.trl"
"4x4","uct-0100-self-play","100","35","2","72","24","NaturalEnd","2607","2645","../issue-30/results/trials/uct-0100-self-play/uct-0100-self-play-0035.trl"
"4x4","uct-0100-self-play","100","36","2","72","24","NaturalEnd","2606","2609","../issue-30/results/trials/uct-0100-self-play/uct-0100-self-play-0036.trl"
"4x4","uct-0100-self-play","100","37","2","72","24","NaturalEnd","2681","3161","../issue-30/results/trials/uct-0100-self-play/uct-0100-self-play-0037.trl"
"4x4","uct-0100-self-play","100","38","1","72","24","NaturalEnd","3237","2605","../issue-30/results/trials/uct-0100-self-play/uct-0100-self-play-0038.trl"
"4x4","uct-0100-self-play","100","39","2","72","24","NaturalEnd","2014","2051","../issue-30/results/trials/uct-0100-self-play/uct-0100-self-play-0039.trl"
"4x4","uct-0100-self-play","100","40","2","72","24","NaturalEnd","2049","2050","../issue-30/results/trials/uct-0100-self-play/uct-0100-self-play-0040.trl"
"4x4","uct-0100-self-play","100","41","2","72","24","NaturalEnd","3199","3236","../issue-30/results/trials/uct-0100-self-play/uct-0100-self-play-0041.trl"
"4x4","uct-0100-self-play","100","42","2","72","24","NaturalEnd","2571","2644","../issue-30/results/trials/uct-0100-self-play/uct-0100-self-play-0042.trl"
"4x4","uct-0100-self-play","100","43","2","72","24","NaturalEnd","2609","2684","../issue-30/results/trials/uct-0100-self-play/uct-0100-self-play-0043.trl"
"4x4","uct-0100-self-play","100","44","1","72","24","NaturalEnd","2088","1383","../issue-30/results/trials/uct-0100-self-play/uct-0100-self-play-0044.trl"
"4x4","uct-0100-self-play","100","45","2","72","24","NaturalEnd","2569","2681","../issue-30/results/trials/uct-0100-self-play/uct-0100-self-play-0045.trl"
"4x4","uct-0100-self-play","100","46","2","72","24","NaturalEnd","2163","2529","../issue-30/results/trials/uct-0100-self-play/uct-0100-self-play-0046.trl"
"4x4","uct-0100-self-play","100","47","2","72","24","NaturalEnd","2645","2681","../issue-30/results/trials/uct-0100-self-play/uct-0100-self-play-0047.trl"
"4x4","uct-0100-self-play","100","48","2","72","24","NaturalEnd","1420","1422","../issue-30/results/trials/uct-0100-self-play/uct-0100-self-play-0048.trl"
"4x4","uct-0100-self-play","100","49","2","72","24","NaturalEnd","2013","2014","../issue-30/results/trials/uct-0100-self-play/uct-0100-self-play-0049.trl"
"4x4","uct-0100-self-play","100","50","1","72","24","NaturalEnd","2089","1975","../issue-30/results/trials/uct-0100-self-play/uct-0100-self-play-0050.trl"
"4x4","uct-0100-self-play","100","51","2","72","24","NaturalEnd","2606","2645","../issue-30/results/trials/uct-0100-self-play/uct-0100-self-play-0051.trl"
"4x4","uct-0100-self-play","100","52","1","72","24","NaturalEnd","2645","1382","../issue-30/results/trials/uct-0100-self-play/uct-0100-self-play-0052.trl"
"4x4","uct-0100-self-play","100","53","1","72","24","NaturalEnd","2608","1460","../issue-30/results/trials/uct-0100-self-play/uct-0100-self-play-0053.trl"
"4x4","uct-0100-self-play","100","54","2","72","24","NaturalEnd","1383","2166","../issue-30/results/trials/uct-0100-self-play/uct-0100-self-play-0054.trl"
"4x4","uct-0100-self-play","100","55","2","72","24","NaturalEnd","2646","3202","../issue-30/results/trials/uct-0100-self-play/uct-0100-self-play-0055.trl"
"4x4","uct-0100-self-play","100","56","2","72","24","NaturalEnd","2645","3162","../issue-30/results/trials/uct-0100-self-play/uct-0100-self-play-0056.trl"
"4x4","uct-0100-self-play","100","57","2","72","24","NaturalEnd","2013","2014","../issue-30/results/trials/uct-0100-self-play/uct-0100-self-play-0057.trl"
"4x4","uct-0100-self-play","100","58","2","72","24","NaturalEnd","2049","2050","../issue-30/results/trials/uct-0100-self-play/uct-0100-self-play-0058.trl"
"4x4","uct-0100-self-play","100","59","2","72","24","NaturalEnd","2569","2645","../issue-30/results/trials/uct-0100-self-play/uct-0100-self-play-0059.trl"
"4x4","uct-0100-self-play","100","60","2","72","24","NaturalEnd","1345","2012","../issue-30/results/trials/uct-0100-self-play/uct-0100-self-play-0060.trl"
"4x4","uct-0100-self-play","100","61","2","72","24","NaturalEnd","2608","2642","../issue-30/results/trials/uct-0100-self-play/uct-0100-self-play-0061.trl"
"4x4","uct-0100-self-play","100","62","1","72","24","NaturalEnd","2606","2566","../issue-30/results/trials/uct-0100-self-play/uct-0100-self-play-0062.trl"
"4x4","uct-0100-self-play","100","63","1","72","24","NaturalEnd","2606","1381","../issue-30/results/trials/uct-0100-self-play/uct-0100-self-play-0063.trl"
"4x4","uct-0100-self-play","100","64","2","72","24","NaturalEnd","1975","2051","../issue-30/results/trials/uct-0100-self-play/uct-0100-self-play-0064.trl"
"4x4","uct-0100-self-play","100","65","2","72","24","NaturalEnd","1941","2013","../issue-30/results/trials/uct-0100-self-play/uct-0100-self-play-0065.trl"
"4x4","uct-0100-self-play","100","66","2","72","24","NaturalEnd","2012","2529","../issue-30/results/trials/uct-0100-self-play/uct-0100-self-play-0066.trl"
"4x4","uct-0100-self-play","100","67","2","72","24","NaturalEnd","2607","2644","../issue-30/results/trials/uct-0100-self-play/uct-0100-self-play-0067.trl"
"4x4","uct-0100-self-play","100","68","2","72","24","NaturalEnd","2644","2681","../issue-30/results/trials/uct-0100-self-play/uct-0100-self-play-0068.trl"
"4x4","uct-0100-self-play","100","69","2","72","24","NaturalEnd","3274","3792","../issue-30/results/trials/uct-0100-self-play/uct-0100-self-play-0069.trl"
"4x4","uct-0100-self-play","100","70","2","72","24","NaturalEnd","2011","2049","../issue-30/results/trials/uct-0100-self-play/uct-0100-self-play-0070.trl"
"4x4","uct-0100-self-play","100","71","2","72","24","NaturalEnd","1938","1975","../issue-30/results/trials/uct-0100-self-play/uct-0100-self-play-0071.trl"
"4x4","uct-0100-self-play","100","72","1","72","24","NaturalEnd","3238","3163","../issue-30/results/trials/uct-0100-self-play/uct-0100-self-play-0072.trl"
"4x4","uct-0100-self-play","100","73","2","72","24","NaturalEnd","2607","2643","../issue-30/results/trials/uct-0100-self-play/uct-0100-self-play-0073.trl"
"4x4","uct-0100-self-play","100","74","1","72","24","NaturalEnd","3199","2644","../issue-30/results/trials/uct-0100-self-play/uct-0100-self-play-0074.trl"
"4x4","uct-0100-self-play","100","75","2","72","24","NaturalEnd","1901","2015","../issue-30/results/trials/uct-0100-self-play/uct-0100-self-play-0075.trl"
"4x4","uct-0100-self-play","100","76","2","72","24","NaturalEnd","2568","2606","../issue-30/results/trials/uct-0100-self-play/uct-0100-self-play-0076.trl"
"4x4","uct-0100-self-play","100","77","2","72","24","NaturalEnd","2016","2645","../issue-30/results/trials/uct-0100-self-play/uct-0100-self-play-0077.trl"
"4x4","uct-0100-self-play","100","78","1","72","24","NaturalEnd","2607","2049","../issue-30/results/trials/uct-0100-self-play/uct-0100-self-play-0078.trl"
"4x4","uct-0100-self-play","100","79","2","72","24","NaturalEnd","2718","3165","../issue-30/results/trials/uct-0100-self-play/uct-0100-self-play-0079.trl"
"4x4","uct-0100-self-play","100","80","2","72","24","NaturalEnd","2015","2645","../issue-30/results/trials/uct-0100-self-play/uct-0100-self-play-0080.trl"
"4x4","uct-0100-self-play","100","81","1","72","24","NaturalEnd","2605","2089","../issue-30/results/trials/uct-0100-self-play/uct-0100-self-play-0081.trl"
"4x4","uct-0100-self-play","100","82","1","72","24","NaturalEnd","2052","1898","../issue-30/results/trials/uct-0100-self-play/uct-0100-self-play-0082.trl"
"4x4","uct-0100-self-play","100","83","2","72","24","NaturalEnd","2016","2532","../issue-30/results/trials/uct-0100-self-play/uct-0100-self-play-0083.trl"
"4x4","uct-0100-self-play","100","84","2","72","24","NaturalEnd","2531","2645","../issue-30/results/trials/uct-0100-self-play/uct-0100-self-play-0084.trl"
"4x4","uct-0100-self-play","100","85","2","72","24","NaturalEnd","2013","2531","../issue-30/results/trials/uct-0100-self-play/uct-0100-self-play-0085.trl"
"4x4","uct-0100-self-play","100","86","2","72","24","NaturalEnd","2530","2645","../issue-30/results/trials/uct-0100-self-play/uct-0100-self-play-0086.trl"
"4x4","uct-0100-self-play","100","87","2","72","24","NaturalEnd","2052","2607","../issue-30/results/trials/uct-0100-self-play/uct-0100-self-play-0087.trl"
"4x4","uct-0100-self-play","100","88","2","72","24","NaturalEnd","3202","3277","../issue-30/results/trials/uct-0100-self-play/uct-0100-self-play-0088.trl"
"4x4","uct-0100-self-play","100","89","2","72","24","NaturalEnd","2606","2608","../issue-30/results/trials/uct-0100-self-play/uct-0100-self-play-0089.trl"
"4x4","uct-0100-self-play","100","90","2","72","24","NaturalEnd","2607","3238","../issue-30/results/trials/uct-0100-self-play/uct-0100-self-play-0090.trl"
"4x4","uct-0100-self-play","100","91","2","72","24","NaturalEnd","2530","2606","../issue-30/results/trials/uct-0100-self-play/uct-0100-self-play-0091.trl"
"4x4","uct-0100-self-play","100","92","2","72","24","NaturalEnd","1978","1979","../issue-30/results/trials/uct-0100-self-play/uct-0100-self-play-0092.trl"
"4x4","uct-0100-self-play","100","93","1","72","24","NaturalEnd","2529","2011","../issue-30/results/trials/uct-0100-self-play/uct-0100-self-play-0093.trl"
"4x4","uct-0100-self-play","100","94","2","72","24","NaturalEnd","1974","2048","../issue-30/results/trials/uct-0100-self-play/uct-0100-self-play-0094.trl"
"4x4","uct-0100-self-play","100","95","2","72","24","NaturalEnd","2050","2568","../issue-30/results/trials/uct-0100-self-play/uct-0100-self-play-0095.trl"
"4x4","uct-0100-self-play","100","96","2","72","24","NaturalEnd","867","1937","../issue-30/results/trials/uct-0100-self-play/uct-0100-self-play-0096.trl"
"4x4","uct-0100-self-play","100","97","2","72","24","NaturalEnd","2606","2607","../issue-30/results/trials/uct-0100-self-play/uct-0100-self-play-0097.trl"
"4x4","uct-0100-self-play","100","98","2","72","24","NaturalEnd","2606","2682","../issue-30/results/trials/uct-0100-self-play/uct-0100-self-play-0098.trl"
"4x4","uct-0100-self-play","100","99","1","72","24","NaturalEnd","3276","3160","../issue-30/results/trials/uct-0100-self-play/uct-0100-self-play-0099.trl"
"4x4","uct-0100-self-play","100","100","2","72","24","NaturalEnd","3199","3276","../issue-30/results/trials/uct-0100-self-play/uct-0100-self-play-0100.trl"
"4x4","uct-0500-self-play","500","1","0","72","24","NaturalEnd","2644","2644","../issue-30/results/trials/uct-0500-self-play/uct-0500-self-play-0001.trl"
"4x4","uct-0500-self-play","500","2","1","72","24","NaturalEnd","3240","2611","../issue-30/results/trials/uct-0500-self-play/uct-0500-self-play-0002.trl"
"4x4","uct-0500-self-play","500","3","2","72","24","NaturalEnd","3242","3834","../issue-30/results/trials/uct-0500-self-play/uct-0500-self-play-0003.trl"
"4x4","uct-0500-self-play","500","4","2","72","24","NaturalEnd","3277","3832","../issue-30/results/trials/uct-0500-self-play/uct-0500-self-play-0004.trl"
"4x4","uct-0500-self-play","500","5","2","72","24","NaturalEnd","3276","3832","../issue-30/results/trials/uct-0500-self-play/uct-0500-self-play-0005.trl"
"4x4","uct-0500-self-play","500","6","2","72","24","NaturalEnd","3164","3201","../issue-30/results/trials/uct-0500-self-play/uct-0500-self-play-0006.trl"
"4x4","uct-0500-self-play","500","7","2","72","24","NaturalEnd","3203","3240","../issue-30/results/trials/uct-0500-self-play/uct-0500-self-play-0007.trl"
"4x4","uct-0500-self-play","500","8","1","72","24","NaturalEnd","3870","3241","../issue-30/results/trials/uct-0500-self-play/uct-0500-self-play-0008.trl"
"4x4","uct-0500-self-play","500","9","2","72","24","NaturalEnd","2645","3160","../issue-30/results/trials/uct-0500-self-play/uct-0500-self-play-0009.trl"
"4x4","uct-0500-self-play","500","10","1","72","24","NaturalEnd","3871","3870","../issue-30/results/trials/uct-0500-self-play/uct-0500-self-play-0010.trl"
"4x4","uct-0500-self-play","500","11","1","72","24","NaturalEnd","3831","2647","../issue-30/results/trials/uct-0500-self-play/uct-0500-self-play-0011.trl"
"4x4","uct-0500-self-play","500","12","2","72","24","NaturalEnd","3163","3276","../issue-30/results/trials/uct-0500-self-play/uct-0500-self-play-0012.trl"
"4x4","uct-0500-self-play","500","13","2","72","24","NaturalEnd","2607","2646","../issue-30/results/trials/uct-0500-self-play/uct-0500-self-play-0013.trl"
"4x4","uct-0500-self-play","500","14","2","72","24","NaturalEnd","2648","3202","../issue-30/results/trials/uct-0500-self-play/uct-0500-self-play-0014.trl"
"4x4","uct-0500-self-play","500","15","0","72","24","NaturalEnd","3239","3239","../issue-30/results/trials/uct-0500-self-play/uct-0500-self-play-0015.trl"
"4x4","uct-0500-self-play","500","16","2","72","24","NaturalEnd","3833","3870","../issue-30/results/trials/uct-0500-self-play/uct-0500-self-play-0016.trl"
"4x4","uct-0500-self-play","500","17","2","72","24","NaturalEnd","3238","3275","../issue-30/results/trials/uct-0500-self-play/uct-0500-self-play-0017.trl"
"4x4","uct-0500-self-play","500","18","2","72","24","NaturalEnd","3795","3832","../issue-30/results/trials/uct-0500-self-play/uct-0500-self-play-0018.trl"
"4x4","uct-0500-self-play","500","19","2","72","24","NaturalEnd","3240","3794","../issue-30/results/trials/uct-0500-self-play/uct-0500-self-play-0019.trl"
"4x4","uct-0500-self-play","500","20","2","72","24","NaturalEnd","3160","3237","../issue-30/results/trials/uct-0500-self-play/uct-0500-self-play-0020.trl"
"4x4","uct-0500-self-play","500","21","2","72","24","NaturalEnd","3833","3870","../issue-30/results/trials/uct-0500-self-play/uct-0500-self-play-0021.trl"
"4x4","uct-0500-self-play","500","22","2","72","24","NaturalEnd","3832","3835","../issue-30/results/trials/uct-0500-self-play/uct-0500-self-play-0022.trl"
"4x4","uct-0500-self-play","500","23","1","72","24","NaturalEnd","3792","3239","../issue-30/results/trials/uct-0500-self-play/uct-0500-self-play-0023.trl"
"4x4","uct-0500-self-play","500","24","1","72","24","NaturalEnd","3832","3278","../issue-30/results/trials/uct-0500-self-play/uct-0500-self-play-0024.trl"
"4x4","uct-0500-self-play","500","25","1","72","24","NaturalEnd","3160","2089","../issue-30/results/trials/uct-0500-self-play/uct-0500-self-play-0025.trl"
"4x4","uct-0500-self-play","500","26","2","72","24","NaturalEnd","2049","2050","../issue-30/results/trials/uct-0500-self-play/uct-0500-self-play-0026.trl"
"4x4","uct-0500-self-play","500","27","1","72","24","NaturalEnd","3834","3833","../issue-30/results/trials/uct-0500-self-play/uct-0500-self-play-0027.trl"
"4x4","uct-0500-self-play","500","28","2","72","24","NaturalEnd","3276","3831","../issue-30/results/trials/uct-0500-self-play/uct-0500-self-play-0028.trl"
"4x4","uct-0500-self-play","500","29","2","72","24","NaturalEnd","2643","3161","../issue-30/results/trials/uct-0500-self-play/uct-0500-self-play-0029.trl"
"4x4","uct-0500-self-play","500","30","1","72","24","NaturalEnd","3831","3277","../issue-30/results/trials/uct-0500-self-play/uct-0500-self-play-0030.trl"
"4x4","uct-0500-self-play","500","31","1","72","24","NaturalEnd","3831","3239","../issue-30/results/trials/uct-0500-self-play/uct-0500-self-play-0031.trl"
"4x4","uct-0500-self-play","500","32","1","72","24","NaturalEnd","2682","1938","../issue-30/results/trials/uct-0500-self-play/uct-0500-self-play-0032.trl"
"4x4","uct-0500-self-play","500","33","2","72","24","NaturalEnd","3868","3869","../issue-30/results/trials/uct-0500-self-play/uct-0500-self-play-0033.trl"
"4x4","uct-0500-self-play","500","34","2","72","24","NaturalEnd","3276","3868","../issue-30/results/trials/uct-0500-self-play/uct-0500-self-play-0034.trl"
"4x4","uct-0500-self-play","500","35","2","72","24","NaturalEnd","2648","3830","../issue-30/results/trials/uct-0500-self-play/uct-0500-self-play-0035.trl"
"4x4","uct-0500-self-play","500","36","1","72","24","NaturalEnd","3871","3832","../issue-30/results/trials/uct-0500-self-play/uct-0500-self-play-0036.trl"
"4x4","uct-0500-self-play","500","37","2","72","24","NaturalEnd","3870","3872","../issue-30/results/trials/uct-0500-self-play/uct-0500-self-play-0037.trl"
"4x4","uct-0500-self-play","500","38","2","72","24","NaturalEnd","3870","4424","../issue-30/results/trials/uct-0500-self-play/uct-0500-self-play-0038.trl"
"4x4","uct-0500-self-play","500","39","2","72","24","NaturalEnd","3240","3275","../issue-30/results/trials/uct-0500-self-play/uct-0500-self-play-0039.trl"
"4x4","uct-0500-self-play","500","40","2","72","24","NaturalEnd","3797","3834","../issue-30/results/trials/uct-0500-self-play/uct-0500-self-play-0040.trl"
"4x4","uct-0500-self-play","500","41","2","72","24","NaturalEnd","3239","3868","../issue-30/results/trials/uct-0500-self-play/uct-0500-self-play-0041.trl"
"4x4","uct-0500-self-play","500","42","2","72","24","NaturalEnd","1939","1976","../issue-30/results/trials/uct-0500-self-play/uct-0500-self-play-0042.trl"
"4x4","uct-0500-self-play","500","43","1","72","24","NaturalEnd","3242","3200","../issue-30/results/trials/uct-0500-self-play/uct-0500-self-play-0043.trl"
"4x4","uct-0500-self-play","500","44","2","72","24","NaturalEnd","3201","3203","../issue-30/results/trials/uct-0500-self-play/uct-0500-self-play-0044.trl"
"4x4","uct-0500-self-play","500","45","2","72","24","NaturalEnd","2571","2608","../issue-30/results/trials/uct-0500-self-play/uct-0500-self-play-0045.trl"
"4x4","uct-0500-self-play","500","46","1","72","24","NaturalEnd","3201","2683","../issue-30/results/trials/uct-0500-self-play/uct-0500-self-play-0046.trl"
"4x4","uct-0500-self-play","500","47","1","72","24","NaturalEnd","3239","3160","../issue-30/results/trials/uct-0500-self-play/uct-0500-self-play-0047.trl"
"4x4","uct-0500-self-play","500","48","2","72","24","NaturalEnd","3160","3275","../issue-30/results/trials/uct-0500-self-play/uct-0500-self-play-0048.trl"
"4x4","uct-0500-self-play","500","49","2","72","24","NaturalEnd","3830","3831","../issue-30/results/trials/uct-0500-self-play/uct-0500-self-play-0049.trl"
"4x4","uct-0500-self-play","500","50","2","72","24","NaturalEnd","3796","3834","../issue-30/results/trials/uct-0500-self-play/uct-0500-self-play-0050.trl"
"4x4","uct-0500-self-play","500","51","2","72","24","NaturalEnd","3870","4462","../issue-30/results/trials/uct-0500-self-play/uct-0500-self-play-0051.trl"
"4x4","uct-0500-self-play","500","52","2","72","24","NaturalEnd","3203","3240","../issue-30/results/trials/uct-0500-self-play/uct-0500-self-play-0052.trl"
"4x4","uct-0500-self-play","500","53","2","72","24","NaturalEnd","2569","2682","../issue-30/results/trials/uct-0500-self-play/uct-0500-self-play-0053.trl"
"4x4","uct-0500-self-play","500","54","2","72","24","NaturalEnd","2607","2609","../issue-30/results/trials/uct-0500-self-play/uct-0500-self-play-0054.trl"
"4x4","uct-0500-self-play","500","55","2","72","24","NaturalEnd","3201","3202","../issue-30/results/trials/uct-0500-self-play/uct-0500-self-play-0055.trl"
"4x4","uct-0500-self-play","500","56","2","72","24","NaturalEnd","3201","3237","../issue-30/results/trials/uct-0500-self-play/uct-0500-self-play-0056.trl"
"4x4","uct-0500-self-play","500","57","2","72","24","NaturalEnd","3275","3276","../issue-30/results/trials/uct-0500-self-play/uct-0500-self-play-0057.trl"
"4x4","uct-0500-self-play","500","58","1","72","24","NaturalEnd","3277","3237","../issue-30/results/trials/uct-0500-self-play/uct-0500-self-play-0058.trl"
"4x4","uct-0500-self-play","500","59","2","72","24","NaturalEnd","3240","3276","../issue-30/results/trials/uct-0500-self-play/uct-0500-self-play-0059.trl"
"4x4","uct-0500-self-play","500","60","2","72","24","NaturalEnd","3238","3239","../issue-30/results/trials/uct-0500-self-play/uct-0500-self-play-0060.trl"
"4x4","uct-0500-self-play","500","61","2","72","24","NaturalEnd","2531","3201","../issue-30/results/trials/uct-0500-self-play/uct-0500-self-play-0061.trl"
"4x4","uct-0500-self-play","500","62","2","72","24","NaturalEnd","1973","2089","../issue-30/results/trials/uct-0500-self-play/uct-0500-self-play-0062.trl"
"4x4","uct-0500-self-play","500","63","1","72","24","NaturalEnd","3240","2566","../issue-30/results/trials/uct-0500-self-play/uct-0500-self-play-0063.trl"
"4x4","uct-0500-self-play","500","64","2","72","24","NaturalEnd","3238","3276","../issue-30/results/trials/uct-0500-self-play/uct-0500-self-play-0064.trl"
"4x4","uct-0500-self-play","500","65","2","72","24","NaturalEnd","2610","3241","../issue-30/results/trials/uct-0500-self-play/uct-0500-self-play-0065.trl"
"4x4","uct-0500-self-play","500","66","2","72","24","NaturalEnd","3200","3237","../issue-30/results/trials/uct-0500-self-play/uct-0500-self-play-0066.trl"
"4x4","uct-0500-self-play","500","67","2","72","24","NaturalEnd","2055","2606","../issue-30/results/trials/uct-0500-self-play/uct-0500-self-play-0067.trl"
"4x4","uct-0500-self-play","500","68","2","72","24","NaturalEnd","3832","4424","../issue-30/results/trials/uct-0500-self-play/uct-0500-self-play-0068.trl"
"4x4","uct-0500-self-play","500","69","1","72","24","NaturalEnd","3238","2606","../issue-30/results/trials/uct-0500-self-play/uct-0500-self-play-0069.trl"
"4x4","uct-0500-self-play","500","70","1","72","24","NaturalEnd","3869","3831","../issue-30/results/trials/uct-0500-self-play/uct-0500-self-play-0070.trl"
"4x4","uct-0500-self-play","500","71","2","72","24","NaturalEnd","3241","3277","../issue-30/results/trials/uct-0500-self-play/uct-0500-self-play-0071.trl"
"4x4","uct-0500-self-play","500","72","2","72","24","NaturalEnd","2643","2644","../issue-30/results/trials/uct-0500-self-play/uct-0500-self-play-0072.trl"
"4x4","uct-0500-self-play","500","73","2","72","24","NaturalEnd","2681","3200","../issue-30/results/trials/uct-0500-self-play/uct-0500-self-play-0073.trl"
"4x4","uct-0500-self-play","500","74","2","72","24","NaturalEnd","3237","3239","../issue-30/results/trials/uct-0500-self-play/uct-0500-self-play-0074.trl"
"4x4","uct-0500-self-play","500","75","2","72","24","NaturalEnd","3275","3795","../issue-30/results/trials/uct-0500-self-play/uct-0500-self-play-0075.trl"
"4x4","uct-0500-self-play","500","76","2","72","24","NaturalEnd","2570","2644","../issue-30/results/trials/uct-0500-self-play/uct-0500-self-play-0076.trl"
"4x4","uct-0500-self-play","500","77","1","72","24","NaturalEnd","3239","3200","../issue-30/results/trials/uct-0500-self-play/uct-0500-self-play-0077.trl"
"4x4","uct-0500-self-play","500","78","1","72","24","NaturalEnd","3831","3202","../issue-30/results/trials/uct-0500-self-play/uct-0500-self-play-0078.trl"
"4x4","uct-0500-self-play","500","79","1","72","24","NaturalEnd","3276","2649","../issue-30/results/trials/uct-0500-self-play/uct-0500-self-play-0079.trl"
"4x4","uct-0500-self-play","500","80","2","72","24","NaturalEnd","2645","3161","../issue-30/results/trials/uct-0500-self-play/uct-0500-self-play-0080.trl"
"4x4","uct-0500-self-play","500","81","2","72","24","NaturalEnd","2719","3238","../issue-30/results/trials/uct-0500-self-play/uct-0500-self-play-0081.trl"
"4x4","uct-0500-self-play","500","82","1","72","24","NaturalEnd","1935","789","../issue-30/results/trials/uct-0500-self-play/uct-0500-self-play-0082.trl"
"4x4","uct-0500-self-play","500","83","1","72","24","NaturalEnd","3274","2568","../issue-30/results/trials/uct-0500-self-play/uct-0500-self-play-0083.trl"
"4x4","uct-0500-self-play","500","84","2","72","24","NaturalEnd","2610","3201","../issue-30/results/trials/uct-0500-self-play/uct-0500-self-play-0084.trl"
"4x4","uct-0500-self-play","500","85","2","72","24","NaturalEnd","3239","3832","../issue-30/results/trials/uct-0500-self-play/uct-0500-self-play-0085.trl"
"4x4","uct-0500-self-play","500","86","2","72","24","NaturalEnd","3160","3237","../issue-30/results/trials/uct-0500-self-play/uct-0500-self-play-0086.trl"
"4x4","uct-0500-self-play","500","87","2","72","24","NaturalEnd","3201","3830","../issue-30/results/trials/uct-0500-self-play/uct-0500-self-play-0087.trl"
"4x4","uct-0500-self-play","500","88","1","72","24","NaturalEnd","3236","2681","../issue-30/results/trials/uct-0500-self-play/uct-0500-self-play-0088.trl"
"4x4","uct-0500-self-play","500","89","2","72","24","NaturalEnd","3202","3793","../issue-30/results/trials/uct-0500-self-play/uct-0500-self-play-0089.trl"
"4x4","uct-0500-self-play","500","90","2","72","24","NaturalEnd","3277","3278","../issue-30/results/trials/uct-0500-self-play/uct-0500-self-play-0090.trl"
"4x4","uct-0500-self-play","500","91","2","72","24","NaturalEnd","2645","2680","../issue-30/results/trials/uct-0500-self-play/uct-0500-self-play-0091.trl"
"4x4","uct-0500-self-play","500","92","2","72","24","NaturalEnd","3237","3238","../issue-30/results/trials/uct-0500-self-play/uct-0500-self-play-0092.trl"
"4x4","uct-0500-self-play","500","93","1","72","24","NaturalEnd","3830","2645","../issue-30/results/trials/uct-0500-self-play/uct-0500-self-play-0093.trl"
"4x4","uct-0500-self-play","500","94","2","72","24","NaturalEnd","2011","2012","../issue-30/results/trials/uct-0500-self-play/uct-0500-self-play-0094.trl"
"4x4","uct-0500-self-play","500","95","2","72","24","NaturalEnd","3868","3869","../issue-30/results/trials/uct-0500-self-play/uct-0500-self-play-0095.trl"
"4x4","uct-0500-self-play","500","96","2","72","24","NaturalEnd","2570","2609","../issue-30/results/trials/uct-0500-self-play/uct-0500-self-play-0096.trl"
"4x4","uct-0500-self-play","500","97","2","72","24","NaturalEnd","3795","3833","../issue-30/results/trials/uct-0500-self-play/uct-0500-self-play-0097.trl"
"4x4","uct-0500-self-play","500","98","2","72","24","NaturalEnd","3236","3237","../issue-30/results/trials/uct-0500-self-play/uct-0500-self-play-0098.trl"
"4x4","uct-0500-self-play","500","99","2","72","24","NaturalEnd","3831","3870","../issue-30/results/trials/uct-0500-self-play/uct-0500-self-play-0099.trl"
"4x4","uct-0500-self-play","500","100","2","72","24","NaturalEnd","2645","3274","../issue-30/results/trials/uct-0500-self-play/uct-0500-self-play-0100.trl"
"4x4","uct-1000-self-play","1000","1","1","72","24","NaturalEnd","3869","3238","../issue-30/results/trials/uct-1000-self-play/uct-1000-self-play-0001.trl"
"4x4","uct-1000-self-play","1000","2","1","72","24","NaturalEnd","3868","3793","../issue-30/results/trials/uct-1000-self-play/uct-1000-self-play-0002.trl"
"4x4","uct-1000-self-play","1000","3","2","72","24","NaturalEnd","3238","3794","../issue-30/results/trials/uct-1000-self-play/uct-1000-self-play-0003.trl"
"4x4","uct-1000-self-play","1000","4","2","72","24","NaturalEnd","3240","3278","../issue-30/results/trials/uct-1000-self-play/uct-1000-self-play-0004.trl"
"4x4","uct-1000-self-play","1000","5","1","72","24","NaturalEnd","3834","3202","../issue-30/results/trials/uct-1000-self-play/uct-1000-self-play-0005.trl"
"4x4","uct-1000-self-play","1000","6","1","72","24","NaturalEnd","4463","3833","../issue-30/results/trials/uct-1000-self-play/uct-1000-self-play-0006.trl"
"4x4","uct-1000-self-play","1000","7","2","72","24","NaturalEnd","4424","4462","../issue-30/results/trials/uct-1000-self-play/uct-1000-self-play-0007.trl"
"4x4","uct-1000-self-play","1000","8","2","72","24","NaturalEnd","2607","3162","../issue-30/results/trials/uct-1000-self-play/uct-1000-self-play-0008.trl"
"4x4","uct-1000-self-play","1000","9","2","72","24","NaturalEnd","3238","3277","../issue-30/results/trials/uct-1000-self-play/uct-1000-self-play-0009.trl"
"4x4","uct-1000-self-play","1000","10","1","72","24","NaturalEnd","3794","3240","../issue-30/results/trials/uct-1000-self-play/uct-1000-self-play-0010.trl"
"4x4","uct-1000-self-play","1000","11","2","72","24","NaturalEnd","2685","3277","../issue-30/results/trials/uct-1000-self-play/uct-1000-self-play-0011.trl"
"4x4","uct-1000-self-play","1000","12","0","72","24","NaturalEnd","2049","2049","../issue-30/results/trials/uct-1000-self-play/uct-1000-self-play-0012.trl"
"4x4","uct-1000-self-play","1000","13","2","72","24","NaturalEnd","2648","3198","../issue-30/results/trials/uct-1000-self-play/uct-1000-self-play-0013.trl"
"4x4","uct-1000-self-play","1000","14","2","72","24","NaturalEnd","2644","3160","../issue-30/results/trials/uct-1000-self-play/uct-1000-self-play-0014.trl"
"4x4","uct-1000-self-play","1000","15","2","72","24","NaturalEnd","4426","4501","../issue-30/results/trials/uct-1000-self-play/uct-1000-self-play-0015.trl"
"4x4","uct-1000-self-play","1000","16","1","72","24","NaturalEnd","3793","3275","../issue-30/results/trials/uct-1000-self-play/uct-1000-self-play-0016.trl"
"4x4","uct-1000-self-play","1000","17","2","72","24","NaturalEnd","2645","3792","../issue-30/results/trials/uct-1000-self-play/uct-1000-self-play-0017.trl"
"4x4","uct-1000-self-play","1000","18","1","72","24","NaturalEnd","2607","2013","../issue-30/results/trials/uct-1000-self-play/uct-1000-self-play-0018.trl"
"4x4","uct-1000-self-play","1000","19","2","72","24","NaturalEnd","3869","3871","../issue-30/results/trials/uct-1000-self-play/uct-1000-self-play-0019.trl"
"4x4","uct-1000-self-play","1000","20","1","72","24","NaturalEnd","3239","2607","../issue-30/results/trials/uct-1000-self-play/uct-1000-self-play-0020.trl"
"4x4","uct-1000-self-play","1000","21","0","72","24","NaturalEnd","3238","3238","../issue-30/results/trials/uct-1000-self-play/uct-1000-self-play-0021.trl"
"4x4","uct-1000-self-play","1000","22","1","72","24","NaturalEnd","3274","3238","../issue-30/results/trials/uct-1000-self-play/uct-1000-self-play-0022.trl"
"4x4","uct-1000-self-play","1000","23","2","72","24","NaturalEnd","2642","3198","../issue-30/results/trials/uct-1000-self-play/uct-1000-self-play-0023.trl"
"4x4","uct-1000-self-play","1000","24","2","72","24","NaturalEnd","3277","3793","../issue-30/results/trials/uct-1000-self-play/uct-1000-self-play-0024.trl"
"4x4","uct-1000-self-play","1000","25","1","72","24","NaturalEnd","3831","3165","../issue-30/results/trials/uct-1000-self-play/uct-1000-self-play-0025.trl"
"4x4","uct-1000-self-play","1000","26","2","72","24","NaturalEnd","2643","2646","../issue-30/results/trials/uct-1000-self-play/uct-1000-self-play-0026.trl"
"4x4","uct-1000-self-play","1000","27","2","72","24","NaturalEnd","3906","4425","../issue-30/results/trials/uct-1000-self-play/uct-1000-self-play-0027.trl"
"4x4","uct-1000-self-play","1000","28","2","72","24","NaturalEnd","3794","3797","../issue-30/results/trials/uct-1000-self-play/uct-1000-self-play-0028.trl"
"4x4","uct-1000-self-play","1000","29","2","72","24","NaturalEnd","3239","3240","../issue-30/results/trials/uct-1000-self-play/uct-1000-self-play-0029.trl"
"4x4","uct-1000-self-play","1000","30","2","72","24","NaturalEnd","2683","3239","../issue-30/results/trials/uct-1000-self-play/uct-1000-self-play-0030.trl"
"4x4","uct-1000-self-play","1000","31","1","72","24","NaturalEnd","3868","3199","../issue-30/results/trials/uct-1000-self-play/uct-1000-self-play-0031.trl"
"4x4","uct-1000-self-play","1000","32","0","72","24","NaturalEnd","3200","3200","../issue-30/results/trials/uct-1000-self-play/uct-1000-self-play-0032.trl"
"4x4","uct-1000-self-play","1000","33","1","72","24","NaturalEnd","3236","2681","../issue-30/results/trials/uct-1000-self-play/uct-1000-self-play-0033.trl"
"4x4","uct-1000-self-play","1000","34","1","72","24","NaturalEnd","3201","3199","../issue-30/results/trials/uct-1000-self-play/uct-1000-self-play-0034.trl"
"4x4","uct-1000-self-play","1000","35","1","72","24","NaturalEnd","3872","3832","../issue-30/results/trials/uct-1000-self-play/uct-1000-self-play-0035.trl"
"4x4","uct-1000-self-play","1000","36","2","72","24","NaturalEnd","3276","3833","../issue-30/results/trials/uct-1000-self-play/uct-1000-self-play-0036.trl"
"4x4","uct-1000-self-play","1000","37","1","72","24","NaturalEnd","4462","3833","../issue-30/results/trials/uct-1000-self-play/uct-1000-self-play-0037.trl"
"4x4","uct-1000-self-play","1000","38","2","72","24","NaturalEnd","3795","4463","../issue-30/results/trials/uct-1000-self-play/uct-1000-self-play-0038.trl"
"4x4","uct-1000-self-play","1000","39","2","72","24","NaturalEnd","2644","3161","../issue-30/results/trials/uct-1000-self-play/uct-1000-self-play-0039.trl"
"4x4","uct-1000-self-play","1000","40","2","72","24","NaturalEnd","3240","3795","../issue-30/results/trials/uct-1000-self-play/uct-1000-self-play-0040.trl"
"4x4","uct-1000-self-play","1000","41","2","72","24","NaturalEnd","3832","4424","../issue-30/results/trials/uct-1000-self-play/uct-1000-self-play-0041.trl"
"4x4","uct-1000-self-play","1000","42","2","72","24","NaturalEnd","3830","3869","../issue-30/results/trials/uct-1000-self-play/uct-1000-self-play-0042.trl"
"4x4","uct-1000-self-play","1000","43","2","72","24","NaturalEnd","3795","3832","../issue-30/results/trials/uct-1000-self-play/uct-1000-self-play-0043.trl"
"4x4","uct-1000-self-play","1000","44","1","72","24","NaturalEnd","3869","3793","../issue-30/results/trials/uct-1000-self-play/uct-1000-self-play-0044.trl"
"4x4","uct-1000-self-play","1000","45","2","72","24","NaturalEnd","3160","3199","../issue-30/results/trials/uct-1000-self-play/uct-1000-self-play-0045.trl"
"4x4","uct-1000-self-play","1000","46","1","72","24","NaturalEnd","3160","2644","../issue-30/results/trials/uct-1000-self-play/uct-1000-self-play-0046.trl"
"4x4","uct-1000-self-play","1000","47","1","72","24","NaturalEnd","4425","3870","../issue-30/results/trials/uct-1000-self-play/uct-1000-self-play-0047.trl"
"4x4","uct-1000-self-play","1000","48","2","72","24","NaturalEnd","3870","4425","../issue-30/results/trials/uct-1000-self-play/uct-1000-self-play-0048.trl"
"4x4","uct-1000-self-play","1000","49","2","72","24","NaturalEnd","3832","3835","../issue-30/results/trials/uct-1000-self-play/uct-1000-self-play-0049.trl"
"4x4","uct-1000-self-play","1000","50","2","72","24","NaturalEnd","3833","4426","../issue-30/results/trials/uct-1000-self-play/uct-1000-self-play-0050.trl"
"4x4","uct-1000-self-play","1000","51","2","72","24","NaturalEnd","3238","3275","../issue-30/results/trials/uct-1000-self-play/uct-1000-self-play-0051.trl"
"4x4","uct-1000-self-play","1000","52","1","72","24","NaturalEnd","4426","3796","../issue-30/results/trials/uct-1000-self-play/uct-1000-self-play-0052.trl"
"4x4","uct-1000-self-play","1000","53","1","72","24","NaturalEnd","3274","2645","../issue-30/results/trials/uct-1000-self-play/uct-1000-self-play-0053.trl"
"4x4","uct-1000-self-play","1000","54","1","72","24","NaturalEnd","3831","3237","../issue-30/results/trials/uct-1000-self-play/uct-1000-self-play-0054.trl"
"4x4","uct-1000-self-play","1000","55","1","72","24","NaturalEnd","3830","2608","../issue-30/results/trials/uct-1000-self-play/uct-1000-self-play-0055.trl"
"4x4","uct-1000-self-play","1000","56","2","72","24","NaturalEnd","2680","2683","../issue-30/results/trials/uct-1000-self-play/uct-1000-self-play-0056.trl"
"4x4","uct-1000-self-play","1000","57","2","72","24","NaturalEnd","3201","3239","../issue-30/results/trials/uct-1000-self-play/uct-1000-self-play-0057.trl"
"4x4","uct-1000-self-play","1000","58","1","72","24","NaturalEnd","3830","3237","../issue-30/results/trials/uct-1000-self-play/uct-1000-self-play-0058.trl"
"4x4","uct-1000-self-play","1000","59","2","72","24","NaturalEnd","1975","2567","../issue-30/results/trials/uct-1000-self-play/uct-1000-self-play-0059.trl"
"4x4","uct-1000-self-play","1000","60","1","72","24","NaturalEnd","3869","3239","../issue-30/results/trials/uct-1000-self-play/uct-1000-self-play-0060.trl"
"4x4","uct-1000-self-play","1000","61","2","72","24","NaturalEnd","3793","3831","../issue-30/results/trials/uct-1000-self-play/uct-1000-self-play-0061.trl"
"4x4","uct-1000-self-play","1000","62","2","72","24","NaturalEnd","3794","3869","../issue-30/results/trials/uct-1000-self-play/uct-1000-self-play-0062.trl"
"4x4","uct-1000-self-play","1000","63","2","72","24","NaturalEnd","3240","3275","../issue-30/results/trials/uct-1000-self-play/uct-1000-self-play-0063.trl"
"4x4","uct-1000-self-play","1000","64","2","72","24","NaturalEnd","3794","3831","../issue-30/results/trials/uct-1000-self-play/uct-1000-self-play-0064.trl"
"4x4","uct-1000-self-play","1000","65","2","72","24","NaturalEnd","3276","3794","../issue-30/results/trials/uct-1000-self-play/uct-1000-self-play-0065.trl"
"4x4","uct-1000-self-play","1000","66","2","72","24","NaturalEnd","3203","3833","../issue-30/results/trials/uct-1000-self-play/uct-1000-self-play-0066.trl"
"4x4","uct-1000-self-play","1000","67","2","72","24","NaturalEnd","2644","2645","../issue-30/results/trials/uct-1000-self-play/uct-1000-self-play-0067.trl"
"4x4","uct-1000-self-play","1000","68","0","72","24","NaturalEnd","3239","3239","../issue-30/results/trials/uct-1000-self-play/uct-1000-self-play-0068.trl"
"4x4","uct-1000-self-play","1000","69","2","72","24","NaturalEnd","3203","3830","../issue-30/results/trials/uct-1000-self-play/uct-1000-self-play-0069.trl"
"4x4","uct-1000-self-play","1000","70","2","72","24","NaturalEnd","3794","3833","../issue-30/results/trials/uct-1000-self-play/uct-1000-self-play-0070.trl"
"4x4","uct-1000-self-play","1000","71","1","72","24","NaturalEnd","2681","2570","../issue-30/results/trials/uct-1000-self-play/uct-1000-self-play-0071.trl"
"4x4","uct-1000-self-play","1000","72","2","72","24","NaturalEnd","3869","4427","../issue-30/results/trials/uct-1000-self-play/uct-1000-self-play-0072.trl"
"4x4","uct-1000-self-play","1000","73","2","72","24","NaturalEnd","2644","3199","../issue-30/results/trials/uct-1000-self-play/uct-1000-self-play-0073.trl"
"4x4","uct-1000-self-play","1000","74","1","72","24","NaturalEnd","3239","2608","../issue-30/results/trials/uct-1000-self-play/uct-1000-self-play-0074.trl"
"4x4","uct-1000-self-play","1000","75","1","72","24","NaturalEnd","3313","3240","../issue-30/results/trials/uct-1000-self-play/uct-1000-self-play-0075.trl"
"4x4","uct-1000-self-play","1000","76","1","72","24","NaturalEnd","2646","2606","../issue-30/results/trials/uct-1000-self-play/uct-1000-self-play-0076.trl"
"4x4","uct-1000-self-play","1000","77","1","72","24","NaturalEnd","3276","3240","../issue-30/results/trials/uct-1000-self-play/uct-1000-self-play-0077.trl"
"4x4","uct-1000-self-play","1000","78","2","72","24","NaturalEnd","3237","3274","../issue-30/results/trials/uct-1000-self-play/uct-1000-self-play-0078.trl"
"4x4","uct-1000-self-play","1000","79","1","72","24","NaturalEnd","3870","3831","../issue-30/results/trials/uct-1000-self-play/uct-1000-self-play-0079.trl"
"4x4","uct-1000-self-play","1000","80","1","72","24","NaturalEnd","3794","3243","../issue-30/results/trials/uct-1000-self-play/uct-1000-self-play-0080.trl"
"4x4","uct-1000-self-play","1000","81","0","72","24","NaturalEnd","3237","3237","../issue-30/results/trials/uct-1000-self-play/uct-1000-self-play-0081.trl"
"4x4","uct-1000-self-play","1000","82","2","72","24","NaturalEnd","2051","2644","../issue-30/results/trials/uct-1000-self-play/uct-1000-self-play-0082.trl"
"4x4","uct-1000-self-play","1000","83","2","72","24","NaturalEnd","3274","3830","../issue-30/results/trials/uct-1000-self-play/uct-1000-self-play-0083.trl"
"4x4","uct-1000-self-play","1000","84","0","72","24","NaturalEnd","3870","3870","../issue-30/results/trials/uct-1000-self-play/uct-1000-self-play-0084.trl"
"4x4","uct-1000-self-play","1000","85","1","72","24","NaturalEnd","3869","3794","../issue-30/results/trials/uct-1000-self-play/uct-1000-self-play-0085.trl"
"4x4","uct-1000-self-play","1000","86","0","72","24","NaturalEnd","3794","3794","../issue-30/results/trials/uct-1000-self-play/uct-1000-self-play-0086.trl"
"4x4","uct-1000-self-play","1000","87","2","72","24","NaturalEnd","3275","3792","../issue-30/results/trials/uct-1000-self-play/uct-1000-self-play-0087.trl"
"4x4","uct-1000-self-play","1000","88","1","72","24","NaturalEnd","4426","3869","../issue-30/results/trials/uct-1000-self-play/uct-1000-self-play-0088.trl"
"4x4","uct-1000-self-play","1000","89","1","72","24","NaturalEnd","3276","2567","../issue-30/results/trials/uct-1000-self-play/uct-1000-self-play-0089.trl"
"4x4","uct-1000-self-play","1000","90","1","72","24","NaturalEnd","4424","3869","../issue-30/results/trials/uct-1000-self-play/uct-1000-self-play-0090.trl"
"4x4","uct-1000-self-play","1000","91","1","72","24","NaturalEnd","4424","3869","../issue-30/results/trials/uct-1000-self-play/uct-1000-self-play-0091.trl"
"4x4","uct-1000-self-play","1000","92","2","72","24","NaturalEnd","2683","2686","../issue-30/results/trials/uct-1000-self-play/uct-1000-self-play-0092.trl"
"4x4","uct-1000-self-play","1000","93","1","72","24","NaturalEnd","4463","3869","../issue-30/results/trials/uct-1000-self-play/uct-1000-self-play-0093.trl"
"4x4","uct-1000-self-play","1000","94","2","72","24","NaturalEnd","3792","3833","../issue-30/results/trials/uct-1000-self-play/uct-1000-self-play-0094.trl"
"4x4","uct-1000-self-play","1000","95","2","72","24","NaturalEnd","2606","2644","../issue-30/results/trials/uct-1000-self-play/uct-1000-self-play-0095.trl"
"4x4","uct-1000-self-play","1000","96","2","72","24","NaturalEnd","4462","4464","../issue-30/results/trials/uct-1000-self-play/uct-1000-self-play-0096.trl"
"4x4","uct-1000-self-play","1000","97","1","72","24","NaturalEnd","3276","3201","../issue-30/results/trials/uct-1000-self-play/uct-1000-self-play-0097.trl"
"4x4","uct-1000-self-play","1000","98","2","72","24","NaturalEnd","3239","3240","../issue-30/results/trials/uct-1000-self-play/uct-1000-self-play-0098.trl"
"4x4","uct-1000-self-play","1000","99","0","72","24","NaturalEnd","3199","3199","../issue-30/results/trials/uct-1000-self-play/uct-1000-self-play-0099.trl"
"4x4","uct-1000-self-play","1000","100","1","72","24","NaturalEnd","3276","3164","../issue-30/results/trials/uct-1000-self-play/uct-1000-self-play-0100.trl"
"6x6","6x6-seeded-random","-1","1","2","144","48","NaturalEnd","3384","6012","../issue-56/results/trials/6x6-seeded-random/6x6-seeded-random-0001.trl"
"6x6","6x6-seeded-random","-1","2","1","144","48","NaturalEnd","11489","6084","../issue-56/results/trials/6x6-seeded-random/6x6-seeded-random-0002.trl"
"6x6","6x6-seeded-random","-1","3","1","144","48","NaturalEnd","11414","8933","../issue-56/results/trials/6x6-seeded-random/6x6-seeded-random-0003.trl"
"6x6","6x6-seeded-random","-1","4","1","144","48","NaturalEnd","9080","8786","../issue-56/results/trials/6x6-seeded-random/6x6-seeded-random-0004.trl"
"6x6","6x6-seeded-random","-1","5","1","144","48","NaturalEnd","13970","8859","../issue-56/results/trials/6x6-seeded-random/6x6-seeded-random-0005.trl"
"6x6","6x6-seeded-random","-1","6","2","144","48","NaturalEnd","6081","14263","../issue-56/results/trials/6x6-seeded-random/6x6-seeded-random-0006.trl"
"6x6","6x6-seeded-random","-1","7","1","144","48","NaturalEnd","11564","8863","../issue-56/results/trials/6x6-seeded-random/6x6-seeded-random-0007.trl"
"6x6","6x6-seeded-random","-1","8","1","144","48","NaturalEnd","11636","8787","../issue-56/results/trials/6x6-seeded-random/6x6-seeded-random-0008.trl"
"6x6","6x6-seeded-random","-1","9","1","144","48","NaturalEnd","11345","3160","../issue-56/results/trials/6x6-seeded-random/6x6-seeded-random-0009.trl"
"6x6","6x6-seeded-random","-1","10","1","144","48","NaturalEnd","11786","6012","../issue-56/results/trials/6x6-seeded-random/6x6-seeded-random-0010.trl"
"6x6","6x6-seeded-random","-1","11","1","144","48","NaturalEnd","8862","6159","../issue-56/results/trials/6x6-seeded-random/6x6-seeded-random-0011.trl"
"6x6","6x6-seeded-random","-1","12","1","144","48","NaturalEnd","11417","3826","../issue-56/results/trials/6x6-seeded-random/6x6-seeded-random-0012.trl"
"6x6","6x6-seeded-random","-1","13","1","144","48","NaturalEnd","14191","6309","../issue-56/results/trials/6x6-seeded-random/6x6-seeded-random-0013.trl"
"6x6","6x6-seeded-random","-1","14","2","144","48","NaturalEnd","6086","11493","../issue-56/results/trials/6x6-seeded-random/6x6-seeded-random-0014.trl"
"6x6","6x6-seeded-random","-1","15","1","144","48","NaturalEnd","11565","6382","../issue-56/results/trials/6x6-seeded-random/6x6-seeded-random-0015.trl"
"6x6","6x6-seeded-random","-1","16","2","144","48","NaturalEnd","3601","8565","../issue-56/results/trials/6x6-seeded-random/6x6-seeded-random-0016.trl"
"6x6","6x6-seeded-random","-1","17","2","144","48","NaturalEnd","6306","11342","../issue-56/results/trials/6x6-seeded-random/6x6-seeded-random-0017.trl"
"6x6","6x6-seeded-random","-1","18","2","144","48","NaturalEnd","5863","6308","../issue-56/results/trials/6x6-seeded-random/6x6-seeded-random-0018.trl"
"6x6","6x6-seeded-random","-1","19","1","144","48","NaturalEnd","14344","11416","../issue-56/results/trials/6x6-seeded-random/6x6-seeded-random-0019.trl"
"6x6","6x6-seeded-random","-1","20","2","144","48","NaturalEnd","6160","8641","../issue-56/results/trials/6x6-seeded-random/6x6-seeded-random-0020.trl"
"6x6","6x6-seeded-random","-1","21","1","144","48","NaturalEnd","8789","3384","../issue-56/results/trials/6x6-seeded-random/6x6-seeded-random-0021.trl"
"6x6","6x6-seeded-random","-1","22","2","144","48","NaturalEnd","8861","11417","../issue-56/results/trials/6x6-seeded-random/6x6-seeded-random-0022.trl"
"6x6","6x6-seeded-random","-1","23","2","144","48","NaturalEnd","3455","11346","../issue-56/results/trials/6x6-seeded-random/6x6-seeded-random-0023.trl"
"6x6","6x6-seeded-random","-1","24","2","144","48","NaturalEnd","3680","3827","../issue-56/results/trials/6x6-seeded-random/6x6-seeded-random-0024.trl"
"6x6","6x6-seeded-random","-1","25","1","144","48","NaturalEnd","8640","3677","../issue-56/results/trials/6x6-seeded-random/6x6-seeded-random-0025.trl"
"6x6","6x6-seeded-random","-1","26","2","144","48","NaturalEnd","6085","6159","../issue-56/results/trials/6x6-seeded-random/6x6-seeded-random-0026.trl"
"6x6","6x6-seeded-random","-1","27","1","144","48","NaturalEnd","3678","3676","../issue-56/results/trials/6x6-seeded-random/6x6-seeded-random-0027.trl"
"6x6","6x6-seeded-random","-1","28","1","144","48","NaturalEnd","3680","530","../issue-56/results/trials/6x6-seeded-random/6x6-seeded-random-0028.trl"
"6x6","6x6-seeded-random","-1","29","2","144","48","NaturalEnd","9084","11564","../issue-56/results/trials/6x6-seeded-random/6x6-seeded-random-0029.trl"
"6x6","6x6-seeded-random","-1","30","1","144","48","NaturalEnd","9228","8710","../issue-56/results/trials/6x6-seeded-random/6x6-seeded-random-0030.trl"
"6x6","6x6-seeded-random","-1","31","1","144","48","NaturalEnd","6161","3383","../issue-56/results/trials/6x6-seeded-random/6x6-seeded-random-0031.trl"
"6x6","6x6-seeded-random","-1","32","1","144","48","NaturalEnd","6234","456","../issue-56/results/trials/6x6-seeded-random/6x6-seeded-random-0032.trl"
"6x6","6x6-seeded-random","-1","33","2","144","48","NaturalEnd","3457","14047","../issue-56/results/trials/6x6-seeded-random/6x6-seeded-random-0033.trl"
"6x6","6x6-seeded-random","-1","34","2","144","48","NaturalEnd","9011","11414","../issue-56/results/trials/6x6-seeded-random/6x6-seeded-random-0034.trl"
"6x6","6x6-seeded-random","-1","35","2","144","48","NaturalEnd","3751","6378","../issue-56/results/trials/6x6-seeded-random/6x6-seeded-random-0035.trl"
"6x6","6x6-seeded-random","-1","36","2","144","48","NaturalEnd","8858","11560","../issue-56/results/trials/6x6-seeded-random/6x6-seeded-random-0036.trl"
"6x6","6x6-seeded-random","-1","37","1","144","48","NaturalEnd","6015","3387","../issue-56/results/trials/6x6-seeded-random/6x6-seeded-random-0037.trl"
"6x6","6x6-seeded-random","-1","38","2","144","48","NaturalEnd","6087","14122","../issue-56/results/trials/6x6-seeded-random/6x6-seeded-random-0038.trl"
"6x6","6x6-seeded-random","-1","39","2","144","48","NaturalEnd","3823","8790","../issue-56/results/trials/6x6-seeded-random/6x6-seeded-random-0039.trl"
"6x6","6x6-seeded-random","-1","40","1","144","48","NaturalEnd","14046","6229","../issue-56/results/trials/6x6-seeded-random/6x6-seeded-random-0040.trl"
"6x6","6x6-seeded-random","-1","41","2","144","48","NaturalEnd","8933","11411","../issue-56/results/trials/6x6-seeded-random/6x6-seeded-random-0041.trl"
"6x6","6x6-seeded-random","-1","42","1","144","48","NaturalEnd","9011","6014","../issue-56/results/trials/6x6-seeded-random/6x6-seeded-random-0042.trl"
"6x6","6x6-seeded-random","-1","43","1","144","48","NaturalEnd","6085","3604","../issue-56/results/trials/6x6-seeded-random/6x6-seeded-random-0043.trl"
"6x6","6x6-seeded-random","-1","44","2","144","48","NaturalEnd","3458","8862","../issue-56/results/trials/6x6-seeded-random/6x6-seeded-random-0044.trl"
"6x6","6x6-seeded-random","-1","45","2","144","48","NaturalEnd","3681","6015","../issue-56/results/trials/6x6-seeded-random/6x6-seeded-random-0045.trl"
"6x6","6x6-seeded-random","-1","46","2","144","48","NaturalEnd","6163","6238","../issue-56/results/trials/6x6-seeded-random/6x6-seeded-random-0046.trl"
"6x6","6x6-seeded-random","-1","47","2","144","48","NaturalEnd","3823","8936","../issue-56/results/trials/6x6-seeded-random/6x6-seeded-random-0047.trl"
"6x6","6x6-seeded-random","-1","48","1","144","48","NaturalEnd","6232","6231","../issue-56/results/trials/6x6-seeded-random/6x6-seeded-random-0048.trl"
"6x6","6x6-seeded-random","-1","49","2","144","48","NaturalEnd","6009","6455","../issue-56/results/trials/6x6-seeded-random/6x6-seeded-random-0049.trl"
"6x6","6x6-seeded-random","-1","50","1","144","48","NaturalEnd","8865","3385","../issue-56/results/trials/6x6-seeded-random/6x6-seeded-random-0050.trl"
"6x6","6x6-seeded-random","-1","51","1","144","48","NaturalEnd","6156","6010","../issue-56/results/trials/6x6-seeded-random/6x6-seeded-random-0051.trl"
"6x6","6x6-seeded-random","-1","52","1","144","48","NaturalEnd","3675","3158","../issue-56/results/trials/6x6-seeded-random/6x6-seeded-random-0052.trl"
"6x6","6x6-seeded-random","-1","53","1","144","48","NaturalEnd","8936","6160","../issue-56/results/trials/6x6-seeded-random/6x6-seeded-random-0053.trl"
"6x6","6x6-seeded-random","-1","54","2","144","48","NaturalEnd","3605","8713","../issue-56/results/trials/6x6-seeded-random/6x6-seeded-random-0054.trl"
"6x6","6x6-seeded-random","-1","55","1","144","48","NaturalEnd","6454","5936","../issue-56/results/trials/6x6-seeded-random/6x6-seeded-random-0055.trl"
"6x6","6x6-seeded-random","-1","56","2","144","48","NaturalEnd","8937","19453","../issue-56/results/trials/6x6-seeded-random/6x6-seeded-random-0056.trl"
"6x6","6x6-seeded-random","-1","57","1","144","48","NaturalEnd","11492","3603","../issue-56/results/trials/6x6-seeded-random/6x6-seeded-random-0057.trl"
"6x6","6x6-seeded-random","-1","58","1","144","48","NaturalEnd","11568","6089","../issue-56/results/trials/6x6-seeded-random/6x6-seeded-random-0058.trl"
"6x6","6x6-seeded-random","-1","59","2","144","48","NaturalEnd","3675","6160","../issue-56/results/trials/6x6-seeded-random/6x6-seeded-random-0059.trl"
"6x6","6x6-seeded-random","-1","60","1","144","48","NaturalEnd","11264","6152","../issue-56/results/trials/6x6-seeded-random/6x6-seeded-random-0060.trl"
"6x6","6x6-seeded-random","-1","61","2","144","48","NaturalEnd","3452","14122","../issue-56/results/trials/6x6-seeded-random/6x6-seeded-random-0061.trl"
"6x6","6x6-seeded-random","-1","62","2","144","48","NaturalEnd","3454","8490","../issue-56/results/trials/6x6-seeded-random/6x6-seeded-random-0062.trl"
"6x6","6x6-seeded-random","-1","63","2","144","48","NaturalEnd","8641","14266","../issue-56/results/trials/6x6-seeded-random/6x6-seeded-random-0063.trl"
"6x6","6x6-seeded-random","-1","64","2","144","48","NaturalEnd","11413","22006","../issue-56/results/trials/6x6-seeded-random/6x6-seeded-random-0064.trl"
"6x6","6x6-seeded-random","-1","65","2","144","48","NaturalEnd","8566","11418","../issue-56/results/trials/6x6-seeded-random/6x6-seeded-random-0065.trl"
"6x6","6x6-seeded-random","-1","66","2","144","48","NaturalEnd","6010","6231","../issue-56/results/trials/6x6-seeded-random/6x6-seeded-random-0066.trl"
"6x6","6x6-seeded-random","-1","67","1","144","48","NaturalEnd","6458","3380","../issue-56/results/trials/6x6-seeded-random/6x6-seeded-random-0067.trl"
"6x6","6x6-seeded-random","-1","68","1","144","48","NaturalEnd","11559","8861","../issue-56/results/trials/6x6-seeded-random/6x6-seeded-random-0068.trl"
"6x6","6x6-seeded-random","-1","69","2","144","48","NaturalEnd","3461","14198","../issue-56/results/trials/6x6-seeded-random/6x6-seeded-random-0069.trl"
"6x6","6x6-seeded-random","-1","70","2","144","48","NaturalEnd","6159","11564","../issue-56/results/trials/6x6-seeded-random/6x6-seeded-random-0070.trl"
"6x6","6x6-seeded-random","-1","71","2","144","48","NaturalEnd","3458","6085","../issue-56/results/trials/6x6-seeded-random/6x6-seeded-random-0071.trl"
"6x6","6x6-seeded-random","-1","72","1","144","48","NaturalEnd","9228","6155","../issue-56/results/trials/6x6-seeded-random/6x6-seeded-random-0072.trl"
"6x6","6x6-seeded-random","-1","73","1","144","48","NaturalEnd","6233","974","../issue-56/results/trials/6x6-seeded-random/6x6-seeded-random-0073.trl"
"6x6","6x6-seeded-random","-1","74","1","144","48","NaturalEnd","11419","5938","../issue-56/results/trials/6x6-seeded-random/6x6-seeded-random-0074.trl"
"6x6","6x6-seeded-random","-1","75","2","144","48","NaturalEnd","8639","11639","../issue-56/results/trials/6x6-seeded-random/6x6-seeded-random-0075.trl"
"6x6","6x6-seeded-random","-1","76","2","144","48","NaturalEnd","6086","6162","../issue-56/results/trials/6x6-seeded-random/6x6-seeded-random-0076.trl"
"6x6","6x6-seeded-random","-1","77","2","144","48","NaturalEnd","3678","14046","../issue-56/results/trials/6x6-seeded-random/6x6-seeded-random-0077.trl"
"6x6","6x6-seeded-random","-1","78","1","144","48","NaturalEnd","14120","8717","../issue-56/results/trials/6x6-seeded-random/6x6-seeded-random-0078.trl"
"6x6","6x6-seeded-random","-1","79","1","144","48","NaturalEnd","8495","6234","../issue-56/results/trials/6x6-seeded-random/6x6-seeded-random-0079.trl"
"6x6","6x6-seeded-random","-1","80","1","144","48","NaturalEnd","6231","3306","../issue-56/results/trials/6x6-seeded-random/6x6-seeded-random-0080.trl"
"6x6","6x6-seeded-random","-1","81","1","144","48","NaturalEnd","9014","3310","../issue-56/results/trials/6x6-seeded-random/6x6-seeded-random-0081.trl"
"6x6","6x6-seeded-random","-1","82","1","144","48","NaturalEnd","13969","8857","../issue-56/results/trials/6x6-seeded-random/6x6-seeded-random-0082.trl"
"6x6","6x6-seeded-random","-1","83","2","144","48","NaturalEnd","6234","13898","../issue-56/results/trials/6x6-seeded-random/6x6-seeded-random-0083.trl"
"6x6","6x6-seeded-random","-1","84","1","144","48","NaturalEnd","11567","8641","../issue-56/results/trials/6x6-seeded-random/6x6-seeded-random-0084.trl"
"6x6","6x6-seeded-random","-1","85","1","144","48","NaturalEnd","8792","8642","../issue-56/results/trials/6x6-seeded-random/6x6-seeded-random-0085.trl"
"6x6","6x6-seeded-random","-1","86","1","144","48","NaturalEnd","11343","3970","../issue-56/results/trials/6x6-seeded-random/6x6-seeded-random-0086.trl"
"6x6","6x6-seeded-random","-1","87","2","144","48","NaturalEnd","6234","8568","../issue-56/results/trials/6x6-seeded-random/6x6-seeded-random-0087.trl"
"6x6","6x6-seeded-random","-1","88","1","144","48","NaturalEnd","6159","6088","../issue-56/results/trials/6x6-seeded-random/6x6-seeded-random-0088.trl"
"6x6","6x6-seeded-random","-1","89","2","144","48","NaturalEnd","5863","11566","../issue-56/results/trials/6x6-seeded-random/6x6-seeded-random-0089.trl"
"6x6","6x6-seeded-random","-1","90","1","144","48","NaturalEnd","3604","3460","../issue-56/results/trials/6x6-seeded-random/6x6-seeded-random-0090.trl"
"6x6","6x6-seeded-random","-1","91","1","144","48","NaturalEnd","14341","11341","../issue-56/results/trials/6x6-seeded-random/6x6-seeded-random-0091.trl"
"6x6","6x6-seeded-random","-1","92","2","144","48","NaturalEnd","6085","6234","../issue-56/results/trials/6x6-seeded-random/6x6-seeded-random-0092.trl"
"6x6","6x6-seeded-random","-1","93","1","144","48","NaturalEnd","8790","6307","../issue-56/results/trials/6x6-seeded-random/6x6-seeded-random-0093.trl"
"6x6","6x6-seeded-random","-1","94","1","144","48","NaturalEnd","6377","3459","../issue-56/results/trials/6x6-seeded-random/6x6-seeded-random-0094.trl"
"6x6","6x6-seeded-random","-1","95","1","144","48","NaturalEnd","11270","8790","../issue-56/results/trials/6x6-seeded-random/6x6-seeded-random-0095.trl"
"6x6","6x6-seeded-random","-1","96","1","144","48","NaturalEnd","8932","8931","../issue-56/results/trials/6x6-seeded-random/6x6-seeded-random-0096.trl"
"6x6","6x6-seeded-random","-1","97","1","144","48","NaturalEnd","11343","9008","../issue-56/results/trials/6x6-seeded-random/6x6-seeded-random-0097.trl"
"6x6","6x6-seeded-random","-1","98","2","144","48","NaturalEnd","8783","11489","../issue-56/results/trials/6x6-seeded-random/6x6-seeded-random-0098.trl"
"6x6","6x6-seeded-random","-1","99","1","144","48","NaturalEnd","8864","8863","../issue-56/results/trials/6x6-seeded-random/6x6-seeded-random-0099.trl"
"6x6","6x6-seeded-random","-1","100","1","144","48","NaturalEnd","8635","6157","../issue-56/results/trials/6x6-seeded-random/6x6-seeded-random-0100.trl"
"6x6","6x6-uct-0100","100","1","2","144","48","NaturalEnd","11415","11486","../issue-56/results/trials/6x6-uct-0100/6x6-uct-0100-0001.trl"
"6x6","6x6-uct-0100","100","2","2","144","48","NaturalEnd","22007","22085","../issue-56/results/trials/6x6-uct-0100/6x6-uct-0100-0002.trl"
"6x6","6x6-uct-0100","100","3","2","144","48","NaturalEnd","973","13897","../issue-56/results/trials/6x6-uct-0100/6x6-uct-0100-0003.trl"
"6x6","6x6-uct-0100","100","4","2","144","48","NaturalEnd","21860","22008","../issue-56/results/trials/6x6-uct-0100/6x6-uct-0100-0004.trl"
"6x6","6x6-uct-0100","100","5","2","144","48","NaturalEnd","14267","16673","../issue-56/results/trials/6x6-uct-0100/6x6-uct-0100-0005.trl"
"6x6","6x6-uct-0100","100","6","2","144","48","NaturalEnd","14051","16606","../issue-56/results/trials/6x6-uct-0100/6x6-uct-0100-0006.trl"
"6x6","6x6-uct-0100","100","7","2","144","48","NaturalEnd","16893","19379","../issue-56/results/trials/6x6-uct-0100/6x6-uct-0100-0007.trl"
"6x6","6x6-uct-0100","100","8","1","144","48","NaturalEnd","19527","11122","../issue-56/results/trials/6x6-uct-0100/6x6-uct-0100-0008.trl"
"6x6","6x6-uct-0100","100","9","2","144","48","NaturalEnd","24565","24637","../issue-56/results/trials/6x6-uct-0100/6x6-uct-0100-0009.trl"
"6x6","6x6-uct-0100","100","10","2","144","48","NaturalEnd","22234","24564","../issue-56/results/trials/6x6-uct-0100/6x6-uct-0100-0010.trl"
"6x6","6x6-uct-0100","100","11","2","144","48","NaturalEnd","16899","19159","../issue-56/results/trials/6x6-uct-0100/6x6-uct-0100-0011.trl"
"6x6","6x6-uct-0100","100","12","2","144","48","NaturalEnd","19307","19454","../issue-56/results/trials/6x6-uct-0100/6x6-uct-0100-0012.trl"
"6x6","6x6-uct-0100","100","13","2","144","48","NaturalEnd","13970","14192","../issue-56/results/trials/6x6-uct-0100/6x6-uct-0100-0013.trl"
"6x6","6x6-uct-0100","100","14","1","144","48","NaturalEnd","14119","13895","../issue-56/results/trials/6x6-uct-0100/6x6-uct-0100-0014.trl"
"6x6","6x6-uct-0100","100","15","2","144","48","NaturalEnd","19375","22153","../issue-56/results/trials/6x6-uct-0100/6x6-uct-0100-0015.trl"
"6x6","6x6-uct-0100","100","16","1","144","48","NaturalEnd","22301","16527","../issue-56/results/trials/6x6-uct-0100/6x6-uct-0100-0016.trl"
"6x6","6x6-uct-0100","100","17","1","144","48","NaturalEnd","19299","16818","../issue-56/results/trials/6x6-uct-0100/6x6-uct-0100-0017.trl"
"6x6","6x6-uct-0100","100","18","2","144","48","NaturalEnd","19301","19598","../issue-56/results/trials/6x6-uct-0100/6x6-uct-0100-0018.trl"
"6x6","6x6-uct-0100","100","19","1","144","48","NaturalEnd","16675","14120","../issue-56/results/trials/6x6-uct-0100/6x6-uct-0100-0019.trl"
"6x6","6x6-uct-0100","100","20","2","144","48","NaturalEnd","16901","19231","../issue-56/results/trials/6x6-uct-0100/6x6-uct-0100-0020.trl"
"6x6","6x6-uct-0100","100","21","1","144","48","NaturalEnd","16972","16376","../issue-56/results/trials/6x6-uct-0100/6x6-uct-0100-0021.trl"
"6x6","6x6-uct-0100","100","22","2","144","48","NaturalEnd","9007","11488","../issue-56/results/trials/6x6-uct-0100/6x6-uct-0100-0022.trl"
"6x6","6x6-uct-0100","100","23","2","144","48","NaturalEnd","19450","19526","../issue-56/results/trials/6x6-uct-0100/6x6-uct-0100-0023.trl"
"6x6","6x6-uct-0100","100","24","2","144","48","NaturalEnd","19154","19303","../issue-56/results/trials/6x6-uct-0100/6x6-uct-0100-0024.trl"
"6x6","6x6-uct-0100","100","25","1","144","48","NaturalEnd","19529","16824","../issue-56/results/trials/6x6-uct-0100/6x6-uct-0100-0025.trl"
"6x6","6x6-uct-0100","100","26","2","144","48","NaturalEnd","13968","14342","../issue-56/results/trials/6x6-uct-0100/6x6-uct-0100-0026.trl"
"6x6","6x6-uct-0100","100","27","2","144","48","NaturalEnd","13969","14192","../issue-56/results/trials/6x6-uct-0100/6x6-uct-0100-0027.trl"
"6x6","6x6-uct-0100","100","28","2","144","48","NaturalEnd","21857","22006","../issue-56/results/trials/6x6-uct-0100/6x6-uct-0100-0028.trl"
"6x6","6x6-uct-0100","100","29","2","144","48","NaturalEnd","19375","19448","../issue-56/results/trials/6x6-uct-0100/6x6-uct-0100-0029.trl"
"6x6","6x6-uct-0100","100","30","1","144","48","NaturalEnd","19452","19007","../issue-56/results/trials/6x6-uct-0100/6x6-uct-0100-0030.trl"
"6x6","6x6-uct-0100","100","31","2","144","48","NaturalEnd","19452","21856","../issue-56/results/trials/6x6-uct-0100/6x6-uct-0100-0031.trl"
"6x6","6x6-uct-0100","100","32","2","144","48","NaturalEnd","16821","16892","../issue-56/results/trials/6x6-uct-0100/6x6-uct-0100-0032.trl"
"6x6","6x6-uct-0100","100","33","2","144","48","NaturalEnd","22156","24635","../issue-56/results/trials/6x6-uct-0100/6x6-uct-0100-0033.trl"
"6x6","6x6-uct-0100","100","34","2","144","48","NaturalEnd","16377","16748","../issue-56/results/trials/6x6-uct-0100/6x6-uct-0100-0034.trl"
"6x6","6x6-uct-0100","100","35","2","144","48","NaturalEnd","19304","19602","../issue-56/results/trials/6x6-uct-0100/6x6-uct-0100-0035.trl"
"6x6","6x6-uct-0100","100","36","2","144","48","NaturalEnd","19378","21711","../issue-56/results/trials/6x6-uct-0100/6x6-uct-0100-0036.trl"
"6x6","6x6-uct-0100","100","37","2","144","48","NaturalEnd","16899","19231","../issue-56/results/trials/6x6-uct-0100/6x6-uct-0100-0037.trl"
"6x6","6x6-uct-0100","100","38","2","144","48","NaturalEnd","16823","19303","../issue-56/results/trials/6x6-uct-0100/6x6-uct-0100-0038.trl"
"6x6","6x6-uct-0100","100","39","2","144","48","NaturalEnd","21932","22005","../issue-56/results/trials/6x6-uct-0100/6x6-uct-0100-0039.trl"
"6x6","6x6-uct-0100","100","40","2","144","48","NaturalEnd","19525","21784","../issue-56/results/trials/6x6-uct-0100/6x6-uct-0100-0040.trl"
"6x6","6x6-uct-0100","100","41","2","144","48","NaturalEnd","16896","19228","../issue-56/results/trials/6x6-uct-0100/6x6-uct-0100-0041.trl"
"6x6","6x6-uct-0100","100","42","2","144","48","NaturalEnd","19304","19376","../issue-56/results/trials/6x6-uct-0100/6x6-uct-0100-0042.trl"
"6x6","6x6-uct-0100","100","43","2","144","48","NaturalEnd","14043","14265","../issue-56/results/trials/6x6-uct-0100/6x6-uct-0100-0043.trl"
"6x6","6x6-uct-0100","100","44","2","144","48","NaturalEnd","16895","19382","../issue-56/results/trials/6x6-uct-0100/6x6-uct-0100-0044.trl"
"6x6","6x6-uct-0100","100","45","1","144","48","NaturalEnd","22007","16674","../issue-56/results/trials/6x6-uct-0100/6x6-uct-0100-0045.trl"
"6x6","6x6-uct-0100","100","46","2","144","48","NaturalEnd","16676","16752","../issue-56/results/trials/6x6-uct-0100/6x6-uct-0100-0046.trl"
"6x6","6x6-uct-0100","100","47","2","144","48","NaturalEnd","16750","16823","../issue-56/results/trials/6x6-uct-0100/6x6-uct-0100-0047.trl"
"6x6","6x6-uct-0100","100","48","2","144","48","NaturalEnd","19380","22006","../issue-56/results/trials/6x6-uct-0100/6x6-uct-0100-0048.trl"
"6x6","6x6-uct-0100","100","49","2","144","48","NaturalEnd","19451","24563","../issue-56/results/trials/6x6-uct-0100/6x6-uct-0100-0049.trl"
"6x6","6x6-uct-0100","100","50","2","144","48","NaturalEnd","19450","21860","../issue-56/results/trials/6x6-uct-0100/6x6-uct-0100-0050.trl"
"6x6","6x6-uct-0500","500","1","2","144","48","NaturalEnd","27192","27485","../issue-56/results/trials/6x6-uct-0500/6x6-uct-0500-0001.trl"
"6x6","6x6-uct-0500","500","2","2","144","48","NaturalEnd","29894","29898","../issue-56/results/trials/6x6-uct-0500/6x6-uct-0500-0002.trl"
"6x6","6x6-uct-0500","500","3","1","144","48","NaturalEnd","27414","27118","../issue-56/results/trials/6x6-uct-0500/6x6-uct-0500-0003.trl"
"6x6","6x6-uct-0500","500","4","2","144","48","NaturalEnd","29973","30045","../issue-56/results/trials/6x6-uct-0500/6x6-uct-0500-0004.trl"
"6x6","6x6-uct-0500","500","5","2","144","48","NaturalEnd","32524","32821","../issue-56/results/trials/6x6-uct-0500/6x6-uct-0500-0005.trl"
"6x6","6x6-uct-0500","500","6","2","144","48","NaturalEnd","27343","29896","../issue-56/results/trials/6x6-uct-0500/6x6-uct-0500-0006.trl"
"6x6","6x6-uct-0500","500","7","2","144","48","NaturalEnd","29897","29971","../issue-56/results/trials/6x6-uct-0500/6x6-uct-0500-0007.trl"
"6x6","6x6-uct-0500","500","8","2","144","48","NaturalEnd","30193","32747","../issue-56/results/trials/6x6-uct-0500/6x6-uct-0500-0008.trl"
"6x6","6x6-uct-0500","500","9","2","144","48","NaturalEnd","24782","27264","../issue-56/results/trials/6x6-uct-0500/6x6-uct-0500-0009.trl"
"6x6","6x6-uct-0500","500","10","1","144","48","NaturalEnd","24710","21932","../issue-56/results/trials/6x6-uct-0500/6x6-uct-0500-0010.trl"
"6x6","6x6-uct-0500","500","11","2","144","48","NaturalEnd","27418","29972","../issue-56/results/trials/6x6-uct-0500/6x6-uct-0500-0011.trl"
"6x6","6x6-uct-0500","500","12","2","144","48","NaturalEnd","27265","27414","../issue-56/results/trials/6x6-uct-0500/6x6-uct-0500-0012.trl"
"6x6","6x6-uct-0500","500","13","1","144","48","NaturalEnd","30041","29747","../issue-56/results/trials/6x6-uct-0500/6x6-uct-0500-0013.trl"
"6x6","6x6-uct-0500","500","14","2","144","48","NaturalEnd","27264","27338","../issue-56/results/trials/6x6-uct-0500/6x6-uct-0500-0014.trl"
"6x6","6x6-uct-0500","500","15","2","144","48","NaturalEnd","27342","27414","../issue-56/results/trials/6x6-uct-0500/6x6-uct-0500-0015.trl"
"6x6","6x6-uct-0500","500","16","2","144","48","NaturalEnd","30043","32598","../issue-56/results/trials/6x6-uct-0500/6x6-uct-0500-0016.trl"
"6x6","6x6-uct-0500","500","17","1","144","48","NaturalEnd","24639","24637","../issue-56/results/trials/6x6-uct-0500/6x6-uct-0500-0017.trl"
"6x6","6x6-uct-0500","500","18","2","144","48","NaturalEnd","24711","27116","../issue-56/results/trials/6x6-uct-0500/6x6-uct-0500-0018.trl"
"6x6","6x6-uct-0500","500","19","2","144","48","NaturalEnd","27490","27562","../issue-56/results/trials/6x6-uct-0500/6x6-uct-0500-0019.trl"
"6x6","6x6-uct-0500","500","20","2","144","48","NaturalEnd","30118","32601","../issue-56/results/trials/6x6-uct-0500/6x6-uct-0500-0020.trl"
"6x6","6x6-uct-0500","500","21","2","144","48","NaturalEnd","32895","35227","../issue-58/results/trials/6x6-uct-0500/6x6-uct-0500-0021.trl"
"6x6","6x6-uct-0500","500","22","2","144","48","NaturalEnd","27415","29968","../issue-58/results/trials/6x6-uct-0500/6x6-uct-0500-0022.trl"
"6x6","6x6-uct-0500","500","23","2","144","48","NaturalEnd","24785","27343","../issue-58/results/trials/6x6-uct-0500/6x6-uct-0500-0023.trl"
"6x6","6x6-uct-0500","500","24","2","144","48","NaturalEnd","29971","30043","../issue-58/results/trials/6x6-uct-0500/6x6-uct-0500-0024.trl"
"6x6","6x6-uct-0500","500","25","2","144","48","NaturalEnd","30046","30049","../issue-58/results/trials/6x6-uct-0500/6x6-uct-0500-0025.trl"
"6x6","6x6-uct-0500","500","26","2","144","48","NaturalEnd","29823","29895","../issue-58/results/trials/6x6-uct-0500/6x6-uct-0500-0026.trl"
"6x6","6x6-uct-0500","500","27","2","144","48","NaturalEnd","24712","24713","../issue-58/results/trials/6x6-uct-0500/6x6-uct-0500-0027.trl"
"6x6","6x6-uct-0500","500","28","2","144","48","NaturalEnd","29971","29972","../issue-58/results/trials/6x6-uct-0500/6x6-uct-0500-0028.trl"
"6x6","6x6-uct-0500","500","29","2","144","48","NaturalEnd","30116","30118","../issue-58/results/trials/6x6-uct-0500/6x6-uct-0500-0029.trl"
"6x6","6x6-uct-0500","500","30","2","144","48","NaturalEnd","24712","27340","../issue-58/results/trials/6x6-uct-0500/6x6-uct-0500-0030.trl"
"6x6","6x6-uct-0500","500","31","1","144","48","NaturalEnd","22079","21928","../issue-58/results/trials/6x6-uct-0500/6x6-uct-0500-0031.trl"
"6x6","6x6-uct-0500","500","32","2","144","48","NaturalEnd","30116","30117","../issue-58/results/trials/6x6-uct-0500/6x6-uct-0500-0032.trl"
"6x6","6x6-uct-0500","500","33","1","144","48","NaturalEnd","30116","29825","../issue-58/results/trials/6x6-uct-0500/6x6-uct-0500-0033.trl"
"6x6","6x6-uct-0500","500","34","2","144","48","NaturalEnd","30047","30119","../issue-58/results/trials/6x6-uct-0500/6x6-uct-0500-0034.trl"
"6x6","6x6-uct-0500","500","35","2","144","48","NaturalEnd","24933","27117","../issue-58/results/trials/6x6-uct-0500/6x6-uct-0500-0035.trl"
"6x6","6x6-uct-0500","500","36","2","144","48","NaturalEnd","24860","27191","../issue-58/results/trials/6x6-uct-0500/6x6-uct-0500-0036.trl"
"6x6","6x6-uct-0500","500","37","2","144","48","NaturalEnd","24782","27265","../issue-58/results/trials/6x6-uct-0500/6x6-uct-0500-0037.trl"
"6x6","6x6-uct-0500","500","38","2","144","48","NaturalEnd","24784","27265","../issue-58/results/trials/6x6-uct-0500/6x6-uct-0500-0038.trl"
"6x6","6x6-uct-0500","500","39","2","144","48","NaturalEnd","32599","32820","../issue-58/results/trials/6x6-uct-0500/6x6-uct-0500-0039.trl"
"6x6","6x6-uct-0500","500","40","1","144","48","NaturalEnd","27343","22082","../issue-58/results/trials/6x6-uct-0500/6x6-uct-0500-0040.trl"
"6x6","6x6-uct-0500","500","41","2","144","48","NaturalEnd","27414","29749","../issue-58/results/trials/6x6-uct-0500/6x6-uct-0500-0041.trl"
"6x6","6x6-uct-0500","500","42","2","144","48","NaturalEnd","27339","29748","../issue-58/results/trials/6x6-uct-0500/6x6-uct-0500-0042.trl"
"6x6","6x6-uct-0500","500","43","2","144","48","NaturalEnd","27342","27345","../issue-58/results/trials/6x6-uct-0500/6x6-uct-0500-0043.trl"
"6x6","6x6-uct-0500","500","44","2","144","48","NaturalEnd","29893","30042","../issue-58/results/trials/6x6-uct-0500/6x6-uct-0500-0044.trl"
"6x6","6x6-uct-0500","500","45","2","144","48","NaturalEnd","24712","24783","../issue-58/results/trials/6x6-uct-0500/6x6-uct-0500-0045.trl"
"6x6","6x6-uct-0500","500","46","2","144","48","NaturalEnd","27343","29822","../issue-58/results/trials/6x6-uct-0500/6x6-uct-0500-0046.trl"
"6x6","6x6-uct-0500","500","47","2","144","48","NaturalEnd","27191","27342","../issue-58/results/trials/6x6-uct-0500/6x6-uct-0500-0047.trl"
"6x6","6x6-uct-0500","500","48","2","144","48","NaturalEnd","29973","30046","../issue-58/results/trials/6x6-uct-0500/6x6-uct-0500-0048.trl"
"6x6","6x6-uct-0500","500","49","2","144","48","NaturalEnd","32452","32821","../issue-58/results/trials/6x6-uct-0500/6x6-uct-0500-0049.trl"
"6x6","6x6-uct-0500","500","50","2","144","48","NaturalEnd","32598","32600","../issue-58/results/trials/6x6-uct-0500/6x6-uct-0500-0050.trl"
"6x6","6x6-uct-1000","1000","1","2","144","48","NaturalEnd","30115","32598","../issue-58/results/trials/6x6-uct-1000/6x6-uct-1000-0001.trl"
"6x6","6x6-uct-1000","1000","2","2","144","48","NaturalEnd","30120","30193","../issue-58/results/trials/6x6-uct-1000/6x6-uct-1000-0002.trl"
"6x6","6x6-uct-1000","1000","3","2","144","48","NaturalEnd","32819","35227","../issue-58/results/trials/6x6-uct-1000/6x6-uct-1000-0003.trl"
"6x6","6x6-uct-1000","1000","4","1","144","48","NaturalEnd","32820","32675","../issue-58/results/trials/6x6-uct-1000/6x6-uct-1000-0004.trl"
"6x6","6x6-uct-1000","1000","5","2","144","48","NaturalEnd","32673","32680","../issue-58/results/trials/6x6-uct-1000/6x6-uct-1000-0005.trl"
"6x6","6x6-uct-1000","1000","6","2","144","48","NaturalEnd","27266","27413","../issue-58/results/trials/6x6-uct-1000/6x6-uct-1000-0006.trl"
"6x6","6x6-uct-1000","1000","7","2","144","48","NaturalEnd","35379","35381","../issue-58/results/trials/6x6-uct-1000/6x6-uct-1000-0007.trl"
"6x6","6x6-uct-1000","1000","8","2","144","48","NaturalEnd","27491","27492","../issue-58/results/trials/6x6-uct-1000/6x6-uct-1000-0008.trl"
"6x6","6x6-uct-1000","1000","9","2","144","48","NaturalEnd","32450","32674","../issue-58/results/trials/6x6-uct-1000/6x6-uct-1000-0009.trl"
"6x6","6x6-uct-1000","1000","10","2","144","48","NaturalEnd","32675","32749","../issue-58/results/trials/6x6-uct-1000/6x6-uct-1000-0010.trl"
"6x6","6x6-uct-1000","1000","11","2","144","48","NaturalEnd","32820","35378","../issue-58/results/trials/6x6-uct-1000/6x6-uct-1000-0011.trl"
"6x6","6x6-uct-1000","1000","12","1","144","48","NaturalEnd","35302","32674","../issue-58/results/trials/6x6-uct-1000/6x6-uct-1000-0012.trl"
"6x6","6x6-uct-1000","1000","13","2","144","48","NaturalEnd","30045","32599","../issue-58/results/trials/6x6-uct-1000/6x6-uct-1000-0013.trl"
"6x6","6x6-uct-1000","1000","14","1","144","48","NaturalEnd","35230","32673","../issue-58/results/trials/6x6-uct-1000/6x6-uct-1000-0014.trl"
"6x6","6x6-uct-1000","1000","15","2","144","48","NaturalEnd","27339","27341","../issue-58/results/trials/6x6-uct-1000/6x6-uct-1000-0015.trl"
"6x6","6x6-uct-1000","1000","16","2","144","48","NaturalEnd","30047","32672","../issue-58/results/trials/6x6-uct-1000/6x6-uct-1000-0016.trl"
"6x6","6x6-uct-1000","1000","17","2","144","48","NaturalEnd","32449","32744","../issue-58/results/trials/6x6-uct-1000/6x6-uct-1000-0017.trl"
"6x6","6x6-uct-1000","1000","18","1","144","48","NaturalEnd","38006","35379","../issue-58/results/trials/6x6-uct-1000/6x6-uct-1000-0018.trl"
"6x6","6x6-uct-1000","1000","19","2","144","48","NaturalEnd","27265","27340","../issue-58/results/trials/6x6-uct-1000/6x6-uct-1000-0019.trl"
"6x6","6x6-uct-1000","1000","20","2","144","48","NaturalEnd","30046","30047","../issue-58/results/trials/6x6-uct-1000/6x6-uct-1000-0020.trl"
"6x6","6x6-uct-1000","1000","21","2","144","48","NaturalEnd","35153","35378","../issue-60/results/trials/6x6-uct-1000/6x6-uct-1000-0021.trl"
"6x6","6x6-uct-1000","1000","22","1","144","48","NaturalEnd","32674","30119","../issue-60/results/trials/6x6-uct-1000/6x6-uct-1000-0022.trl"
"6x6","6x6-uct-1000","1000","23","2","144","48","NaturalEnd","32746","32748","../issue-60/results/trials/6x6-uct-1000/6x6-uct-1000-0023.trl"
"6x6","6x6-uct-1000","1000","24","2","144","48","NaturalEnd","35451","38006","../issue-60/results/trials/6x6-uct-1000/6x6-uct-1000-0024.trl"
"6x6","6x6-uct-1000","1000","25","2","144","48","NaturalEnd","35524","35525","../issue-60/results/trials/6x6-uct-1000/6x6-uct-1000-0025.trl"
"6x6","6x6-uct-1000","1000","26","2","144","48","NaturalEnd","35525","35527","../issue-60/results/trials/6x6-uct-1000/6x6-uct-1000-0026.trl"
"6x6","6x6-uct-1000","1000","27","2","144","48","NaturalEnd","27345","27415","../issue-60/results/trials/6x6-uct-1000/6x6-uct-1000-0027.trl"
"6x6","6x6-uct-1000","1000","28","1","144","48","NaturalEnd","32451","30042","../issue-60/results/trials/6x6-uct-1000/6x6-uct-1000-0028.trl"
"6x6","6x6-uct-1000","1000","29","1","144","48","NaturalEnd","32598","32449","../issue-60/results/trials/6x6-uct-1000/6x6-uct-1000-0029.trl"
"6x6","6x6-uct-1000","1000","30","2","144","48","NaturalEnd","32525","32600","../issue-60/results/trials/6x6-uct-1000/6x6-uct-1000-0030.trl"
"6x6","6x6-uct-1000","1000","31","2","144","48","NaturalEnd","37935","38007","../issue-60/results/trials/6x6-uct-1000/6x6-uct-1000-0031.trl"
"6x6","6x6-uct-1000","1000","32","2","144","48","NaturalEnd","38004","38080","../issue-60/results/trials/6x6-uct-1000/6x6-uct-1000-0032.trl"
"6x6","6x6-uct-1000","1000","33","2","144","48","NaturalEnd","32675","32677","../issue-60/results/trials/6x6-uct-1000/6x6-uct-1000-0033.trl"
"6x6","6x6-uct-1000","1000","34","2","144","48","NaturalEnd","30118","32452","../issue-60/results/trials/6x6-uct-1000/6x6-uct-1000-0034.trl"
"6x6","6x6-uct-1000","1000","35","2","144","48","NaturalEnd","32821","32822","../issue-60/results/trials/6x6-uct-1000/6x6-uct-1000-0035.trl"
"6x6","6x6-uct-1000","1000","36","2","144","48","NaturalEnd","32525","32674","../issue-60/results/trials/6x6-uct-1000/6x6-uct-1000-0036.trl"
"6x6","6x6-uct-1000","1000","37","2","144","48","NaturalEnd","29750","30117","../issue-60/results/trials/6x6-uct-1000/6x6-uct-1000-0037.trl"
"6x6","6x6-uct-1000","1000","38","2","144","48","NaturalEnd","27561","30117","../issue-60/results/trials/6x6-uct-1000/6x6-uct-1000-0038.trl"
"6x6","6x6-uct-1000","1000","39","2","144","48","NaturalEnd","27415","29895","../issue-60/results/trials/6x6-uct-1000/6x6-uct-1000-0039.trl"
"6x6","6x6-uct-1000","1000","40","1","144","48","NaturalEnd","30045","29899","../issue-60/results/trials/6x6-uct-1000/6x6-uct-1000-0040.trl"
"6x6","6x6-uct-1000","1000","41","2","144","48","NaturalEnd","30195","32821","../issue-60/results/trials/6x6-uct-1000/6x6-uct-1000-0041.trl"
"6x6","6x6-uct-1000","1000","42","2","144","48","NaturalEnd","24712","27487","../issue-60/results/trials/6x6-uct-1000/6x6-uct-1000-0042.trl"
"6x6","6x6-uct-1000","1000","43","2","144","48","NaturalEnd","32749","32823","../issue-60/results/trials/6x6-uct-1000/6x6-uct-1000-0043.trl"
"6x6","6x6-uct-1000","1000","44","2","144","48","NaturalEnd","30196","32752","../issue-60/results/trials/6x6-uct-1000/6x6-uct-1000-0044.trl"
"6x6","6x6-uct-1000","1000","45","2","144","48","NaturalEnd","27269","29819","../issue-60/results/trials/6x6-uct-1000/6x6-uct-1000-0045.trl"
"6x6","6x6-uct-1000","1000","46","2","144","48","NaturalEnd","30049","32673","../issue-60/results/trials/6x6-uct-1000/6x6-uct-1000-0046.trl"
"6x6","6x6-uct-1000","1000","47","2","144","48","NaturalEnd","35449","35450","../issue-60/results/trials/6x6-uct-1000/6x6-uct-1000-0047.trl"
"6x6","6x6-uct-1000","1000","48","2","144","48","NaturalEnd","27563","27564","../issue-60/results/trials/6x6-uct-1000/6x6-uct-1000-0048.trl"
"6x6","6x6-uct-1000","1000","49","2","144","48","NaturalEnd","30043","30045","../issue-60/results/trials/6x6-uct-1000/6x6-uct-1000-0049.trl"
"6x6","6x6-uct-1000","1000","50","1","144","48","NaturalEnd","35226","32746","../issue-60/results/trials/6x6-uct-1000/6x6-uct-1000-0050.trl"
